datum,p1_ifs,p1_aifs,p1_gfs,p1_icon,p1_gem,p2_ifs,p2_aifs,p2_gfs,p2_icon,p2_gem,mm_gem,mm_spreiding,run2run,rh_gem,bewolking_gem,wind_max,instraling_som,neerslag_som,doy_sin,doy_cos,era5_max,station_max,doel,doelbron
2023-11-01,,,12.3,,,,,13.2,,,,,,85,69,13.9,3.51,2.4,-0.8606,0.5093,13.5,13.0,13.0,station
2023-11-02,,,11.2,,,,,11.1,,,,,,93,100,13.7,0.66,39.3,-0.8517,0.524,11.7,12.0,12.0,station
2023-11-03,,,13.6,,,,,13.6,,,,,,82,82,18.9,6.92,14.9,-0.8426,0.5386,13.7,15.0,15.0,station
2023-11-04,,,11.9,,,,,11.5,,,,,,80,70,14.6,4.44,9.6,-0.8332,0.553,11.1,10.0,10.0,station
2023-11-05,,,13.0,,,,,12.6,,,,,,80,41,20.8,9.22,5.6,-0.8235,0.5672,14.2,15.0,15.0,station
2023-11-06,,,13.8,,,,,13.4,,,,,,81,13,13.9,9.39,0.1,-0.8137,0.5813,14.4,15.0,15.0,station
2023-11-07,,,13.3,,,,,12.5,,,,,,85,33,10.9,7.68,0.5,-0.8035,0.5952,13.3,15.0,15.0,station
2023-11-08,,,12.8,,,,,13.0,,,,,,75,6,16.1,9.43,0.0,-0.7932,0.609,13.8,14.0,14.0,station
2023-11-09,,,9.6,,,,,8.6,,,,,,85,98,14.1,2.61,9.8,-0.7826,0.6225,9.6,9.0,9.0,station
2023-11-10,,,11.4,,,,,11.0,,,,,,83,52,11.7,7.14,0.0,-0.7718,0.6359,11.7,12.0,12.0,station
2023-11-11,,,13.5,,,,,13.0,,,,,,73,37,14.7,9.06,0.0,-0.7607,0.6491,14.2,16.0,16.0,station
2023-11-12,,,11.5,,,,,11.6,,,,,,61,67,15.5,7.45,0.0,-0.7494,0.6621,11.7,13.0,13.0,station
2023-11-13,,,12.4,,,,,12.6,,,,,,80,81,10.7,7.44,0.2,-0.7379,0.6749,14.4,15.0,15.0,station
2023-11-14,,,14.0,,,,,13.2,,,,,,91,78,8.3,7.15,0.3,-0.7262,0.6875,15.2,13.0,13.0,station
2023-11-15,,,17.5,,,,,17.6,,,,,,73,42,17.6,7.92,0.0,-0.7143,0.6998,18.1,18.0,18.0,station
2023-11-16,,,12.6,,,,,13.2,,,,,,68,49,17.4,6.08,0.0,-0.7021,0.712,12.9,14.0,14.0,station
2023-11-17,,,15.8,,,,,15.2,,,,,,64,12,23.4,8.4,0.0,-0.6898,0.724,15.1,17.0,17.0,station
2023-11-18,,,12.4,,,,,12.5,,,,,,56,44,24.1,6.9,0.0,-0.6772,0.7358,13.9,16.0,16.0,station
2023-11-19,,,12.5,,,,,12.0,,,,,,79,64,9.2,7.59,0.0,-0.6645,0.7473,13.4,15.0,15.0,station
2023-11-20,,,12.4,,,,,12.1,,,,,,89,83,10.5,7.01,0.0,-0.6515,0.7586,11.8,12.0,12.0,station
2023-11-21,,,12.7,,,,,13.3,,,,,,89,41,9.7,7.64,0.0,-0.6384,0.7697,13.2,13.0,13.0,station
2023-11-22,,,12.5,,,,,12.3,,,,,,70,15,26.0,7.69,0.0,-0.625,0.7806,14.6,14.0,14.0,station
2023-11-23,,,11.6,,,,,11.6,,,,,,79,34,13.1,7.57,0.0,-0.6115,0.7912,12.1,13.0,13.0,station
2023-11-24,,,12.4,,,,,11.8,,,,,,75,28,34.9,7.6,0.0,-0.5978,0.8016,14.8,14.0,14.0,station
2023-11-25,,,10.4,,,,,10.4,,,,,,36,10,38.3,7.78,0.0,-0.584,0.8118,9.5,12.0,12.0,station
2023-11-26,,,9.8,,,,,9.5,,,,,,52,13,15.3,7.55,0.0,-0.5699,0.8217,11.4,14.0,14.0,station
2023-11-27,,,6.8,,,,,6.8,,,,,,68,89,12.6,3.95,0.0,-0.5557,0.8314,7.7,7.0,7.0,station
2023-11-28,,,10.4,,,,,9.5,,,,,,76,32,20.3,7.2,0.7,-0.5413,0.8408,9.6,10.0,10.0,station
2023-11-29,,,8.0,,,,,7.9,,,,,,52,34,23.3,7.28,0.0,-0.5268,0.85,9.9,11.0,11.0,station
2023-11-30,,,5.2,,,,,5.8,,,,,,88,100,8.0,2.86,5.1,-0.5121,0.859,4.9,5.0,5.0,station
2023-12-01,,,6.3,,,,,6.5,,,,,,94,100,8.4,1.39,21.4,-0.4972,0.8676,6.1,6.0,6.0,station
2023-12-02,,,8.1,,,,,6.9,,,,,,59,77,34.3,3.26,12.1,-0.4822,0.8761,10.6,12.0,12.0,station
2023-12-03,,,5.1,,,,,4.4,,,,,,51,34,27.4,5.78,0.3,-0.4671,0.8842,8.1,9.0,9.0,station
2023-12-04,,,4.2,,,,,4.0,,,,,,85,84,9.2,1.66,2.0,-0.4518,0.8921,3.5,5.0,5.0,station
2023-12-05,,,5.2,,,,,5.1,,,,,,92,59,7.6,3.51,0.6,-0.4364,0.8998,4.3,5.0,5.0,station
2023-12-06,,,7.0,,,,,6.9,,,,,,86,23,12.0,6.33,0.0,-0.4208,0.9071,8.0,9.0,9.0,station
2023-12-07,,,7.2,,,,,6.8,,,,,,75,33,14.3,6.62,0.0,-0.4052,0.9142,9.3,11.0,11.0,station
2023-12-08,,,4.7,,,,,5.2,,,,,,90,100,9.8,1.82,2.3,-0.3894,0.9211,4.0,4.0,4.0,station
2023-12-09,,,6.1,,,,,5.4,,,,,,95,91,6.2,3.04,2.0,-0.3735,0.9276,5.3,6.0,6.0,station
2023-12-10,,,10.9,,,,,9.5,,,,,,88,67,14.7,5.57,5.6,-0.3575,0.9339,11.0,12.0,12.0,station
2023-12-11,,,9.0,,,,,9.2,,,,,,92,95,11.4,4.28,0.1,-0.3413,0.9399,8.6,7.0,7.0,station
2023-12-12,,,9.3,,,,,8.6,,,,,,98,100,7.7,3.8,0.2,-0.3251,0.9457,8.2,9.0,9.0,station
2023-12-13,,,8.2,,,,,8.9,,,,,,95,85,7.7,3.29,1.0,-0.3088,0.9511,9.0,8.0,8.0,station
2023-12-14,,,9.7,,,,,9.4,,,,,,77,45,21.6,5.71,0.0,-0.2924,0.9563,11.7,12.0,12.0,station
2023-12-15,,,10.6,,,,,10.0,,,,,,51,13,26.3,6.4,0.0,-0.2759,0.9612,13.7,16.0,16.0,station
2023-12-16,,,8.0,,,,,7.9,,,,,,79,2,13.1,6.16,0.0,-0.2593,0.9658,9.1,11.0,11.0,station
2023-12-17,,,8.8,,,,,8.7,,,,,,88,2,8.8,6.18,0.0,-0.2427,0.9701,8.6,10.0,10.0,station
2023-12-18,,,10.7,,,,,10.5,,,,,,89,0,9.3,6.13,0.0,-0.226,0.9741,11.7,14.0,14.0,station
2023-12-19,,,11.4,,,,,11.2,,,,,,84,4,11.4,6.3,0.0,-0.2092,0.9779,12.1,15.0,15.0,station
2023-12-20,,,10.0,,,,,8.6,,,,,,82,39,11.8,5.44,0.0,-0.1923,0.9813,10.3,11.0,11.0,station
2023-12-21,,,8.4,,,,,8.4,,,,,,72,61,14.3,4.91,0.0,-0.1754,0.9845,9.0,10.0,10.0,station
2023-12-22,,,12.9,,,,,12.1,,,,,,65,86,20.8,4.08,0.3,-0.1585,0.9874,14.8,18.0,18.0,station
2023-12-23,,,13.1,,,,,12.9,,,,,,62,73,15.5,6.13,0.0,-0.1414,0.9899,17.6,20.0,20.0,station
2023-12-24,,,11.2,,,,,10.1,,,,,,64,25,18.9,6.35,0.0,-0.1244,0.9922,13.1,15.0,15.0,station
2023-12-25,,,10.5,,,,,9.8,,,,,,92,30,9.8,5.58,0.0,-0.1073,0.9942,12.1,14.0,14.0,station
2023-12-26,,,10.0,,,,,9.8,,,,,,90,78,9.0,3.01,0.0,-0.0902,0.9959,10.7,12.0,12.0,station
2023-12-27,,,9.2,,,,,9.7,,,,,,89,72,8.7,3.96,0.0,-0.073,0.9973,10.4,11.0,11.0,station
2023-12-28,,,8.9,,,,,8.7,,,,,,79,98,12.6,1.56,0.0,-0.0559,0.9984,9.7,9.0,9.0,station
2023-12-29,,,9.2,,,,,8.5,,,,,,84,83,9.3,3.22,0.0,-0.0387,0.9993,10.3,9.0,9.0,station
2023-12-30,,,,,,,,,,,,,,90,48,9.8,6.08,0.0,-0.0215,0.9998,10.9,12.0,12.0,station
2023-12-31,,,,,,,,,,,,,,95,100,7.6,0.95,6.0,-0.0043,1.0,7.7,,,
2024-01-01,,,,,,,,,,,,,,88,55,18.1,5.78,0.0,0.0172,0.9999,9.9,9.0,9.0,station
2024-01-02,,,,,,,,,,,,,,88,100,7.8,3.35,0.0,0.0344,0.9994,7.7,6.0,6.0,station
2024-01-03,,,,,,,,,,,,,,82,25,9.0,6.44,0.0,0.0516,0.9987,10.1,12.0,12.0,station
2024-01-04,,,,,,,,,,,,,,81,33,11.6,6.45,0.0,0.0688,0.9976,11.9,14.0,14.0,station
2024-01-05,,,,,,,,,,,,,,86,100,21.8,0.49,27.3,0.0859,0.9963,5.8,7.0,7.0,station
2024-01-06,,,,,,,,,,,,,,78,100,22.4,2.72,7.1,0.103,0.9947,9.4,8.0,8.0,station
2024-01-07,,,,,,,,,,,,,,43,100,21.3,2.22,0.9,0.1201,0.9928,9.9,9.0,9.0,station
2024-01-08,,,,,,,,,,,,,,72,99,15.5,1.86,0.5,0.1372,0.9905,8.3,9.0,9.0,station
2024-01-09,,,,,,,,,,,,,,80,99,12.7,1.26,0.6,0.1542,0.988,6.5,7.0,7.0,station
2024-01-10,,,,,,,,,,,,,,83,99,6.7,2.16,0.0,0.1712,0.9852,4.3,5.0,5.0,station
2024-01-11,,,,,,,,,,,,,,85,32,10.2,6.8,0.0,0.1881,0.9821,7.2,8.0,8.0,station
2024-01-12,,,,,,,,,,,,,,92,25,8.7,6.39,0.0,0.205,0.9788,6.3,9.0,9.0,station
2024-01-13,,,,,,,,,,,,,,91,56,10.1,5.62,0.0,0.2218,0.9751,5.6,9.0,9.0,station
2024-01-14,,,,,,,,,,,,,,84,74,11.0,2.41,0.0,0.2385,0.9711,6.0,6.0,6.0,station
2024-01-15,,,,,,,,,,,,,,85,23,15.3,7.02,0.0,0.2552,0.9669,7.6,9.0,9.0,station
2024-01-16,,,,,,,,,,,,,,76,43,20.9,6.65,0.0,0.2718,0.9624,8.0,8.0,8.0,station
2024-01-17,,,,,,,,,,,,,,90,97,6.3,2.08,2.3,0.2883,0.9575,5.5,4.0,4.0,station
2024-01-18,,,,,,,,,,,,,,95,95,9.2,5.79,4.8,0.3047,0.9524,8.2,10.0,10.0,station
2024-01-19,,,,,,,,,,,,,,67,51,31.1,7.86,7.6,0.3211,0.9471,8.3,11.0,11.0,station
2024-01-20,,,5.3,6.4,4.4,,,,,,,,,66,5,12.6,7.89,0.0,0.3373,0.9414,6.3,8.0,8.0,station
2024-01-21,,,5.1,6.2,3.4,,,5.0,5.3,3.2,,,,68,32,10.5,6.49,0.0,0.3534,0.9355,6.2,6.0,6.0,station
2024-01-22,,,5.6,7.1,4.6,,,5.5,5.6,4.5,,,,57,57,13.4,6.28,0.0,0.3695,0.9292,7.1,7.0,7.0,station
2024-01-23,,,8.1,10.1,5.3,,,7.0,10.6,4.8,,,,74,36,13.3,7.67,0.0,0.3854,0.9227,10.3,11.0,11.0,station
2024-01-24,,,9.5,11.0,8.6,,,8.6,10.5,7.0,,,,78,57,10.4,7.64,0.0,0.4012,0.916,9.7,13.0,13.0,station
2024-01-25,,,14.3,18.3,14.4,,,14.8,15.9,14.2,,,,78,39,15.0,7.65,0.0,0.4169,0.9089,16.0,14.0,14.0,station
2024-01-26,,,10.7,10.2,8.9,,,10.8,10.4,9.0,,,,91,58,10.2,6.89,0.0,0.4325,0.9016,9.0,11.0,11.0,station
2024-01-27,,,12.6,14.9,12.7,,,12.3,11.2,12.4,,,,75,7,18.0,8.62,0.0,0.4479,0.8941,15.9,20.0,20.0,station
2024-01-28,,,10.6,9.4,8.8,,,10.6,7.4,8.4,,,,93,35,9.4,5.8,0.0,0.4633,0.8862,6.3,9.0,9.0,station
2024-01-29,,,9.6,9.4,6.6,,,10.2,5.0,7.6,,,,90,75,9.2,7.44,0.0,0.4784,0.8781,7.7,8.0,8.0,station
2024-01-30,,,9.5,8.4,6.8,,,9.5,8.7,6.1,,,,77,86,10.8,7.21,0.0,0.4935,0.8698,8.6,11.0,11.0,station
2024-01-31,,,9.3,9.7,7.2,,,9.4,9.9,7.2,,,,82,31,7.3,7.55,0.0,0.5084,0.8611,10.0,11.0,11.0,station
2024-02-01,,,10.2,11.2,8.3,,,10.7,9.2,8.0,,,,87,56,10.6,5.26,0.0,0.5231,0.8523,9.8,11.0,11.0,station
2024-02-02,,,12.0,12.1,11.1,,,11.5,12.4,10.4,,,,81,66,12.6,7.7,0.0,0.5377,0.8432,13.6,15.0,15.0,station
2024-02-03,,,13.2,15.8,11.6,,,12.7,13.5,12.1,,,,81,42,9.8,9.24,0.0,0.5521,0.8338,14.6,17.0,17.0,station
2024-02-04,13.5,,13.5,15.7,12.4,,,12.5,13.2,11.8,13.78,1.38,,80,80,12.0,9.28,0.0,0.5664,0.8242,15.2,16.0,16.0,station
2024-02-05,13.4,,13.2,15.0,13.2,13.4,,13.0,14.4,12.7,13.7,0.87,0.32,87,50,11.4,9.06,0.0,0.5805,0.8143,14.2,17.0,17.0,station
2024-02-06,9.6,,11.7,12.4,10.7,9.8,,11.1,12.0,10.1,11.1,1.22,0.35,93,98,8.7,3.68,0.0,0.5944,0.8042,11.3,12.0,12.0,station
2024-02-07,10.2,,11.3,13.4,11.4,10.9,,11.6,13.6,10.8,11.57,1.33,-0.15,85,91,10.1,7.21,0.0,0.6081,0.7938,13.0,14.0,14.0,station
2024-02-08,11.4,,11.5,12.9,10.8,10.2,,11.5,12.5,10.7,11.65,0.89,0.43,86,83,9.0,8.55,0.6,0.6217,0.7833,12.7,13.0,13.0,station
2024-02-09,9.2,,9.2,10.2,9.8,8.8,,9.3,9.9,8.4,9.6,0.49,0.5,96,100,18.3,0.89,23.5,0.6351,0.7725,9.2,10.0,10.0,station
2024-02-10,8.5,,8.3,10.0,9.6,8.7,,9.2,9.8,10.1,9.1,0.83,-0.35,94,100,15.7,1.02,42.3,0.6483,0.7614,9.4,9.0,9.0,station
2024-02-11,10.9,,10.2,12.6,10.6,12.4,,10.7,12.4,11.3,11.07,1.06,-0.62,82,88,16.2,4.98,16.2,0.6613,0.7502,11.8,12.0,12.0,station
2024-02-12,13.0,,12.0,12.4,10.8,13.0,,11.6,11.8,10.8,12.05,0.93,0.25,75,66,15.5,9.05,0.0,0.6741,0.7387,11.6,12.0,12.0,station
2024-02-13,14.2,,12.8,14.7,11.5,14.0,,12.8,14.1,11.3,13.3,1.44,0.25,69,14,16.4,10.99,0.0,0.6867,0.727,15.3,16.0,16.0,station
2024-02-14,13.6,,12.3,14.0,10.8,13.4,,12.3,12.8,10.1,12.68,1.45,0.53,74,37,10.2,10.77,0.0,0.6991,0.715,14.4,15.0,15.0,station
2024-02-15,13.5,,11.6,13.6,10.9,13.1,,11.8,11.7,9.8,12.4,1.36,0.8,76,75,8.1,9.41,0.0,0.7113,0.7029,13.4,13.0,13.0,station
2024-02-16,13.7,,12.7,13.3,11.5,14.0,,13.5,12.8,11.0,12.8,0.96,-0.02,85,97,7.9,9.48,0.0,0.7233,0.6906,13.3,13.0,13.0,station
2024-02-17,16.0,,15.1,15.9,13.9,16.0,,14.5,15.1,13.5,15.22,0.97,0.45,84,43,7.7,11.05,0.0,0.735,0.678,15.1,17.0,17.0,station
2024-02-18,15.6,,14.5,16.3,13.6,15.9,,14.6,16.6,13.9,15.0,1.19,-0.25,85,59,8.7,9.94,0.0,0.7466,0.6653,14.9,15.0,15.0,station
2024-02-19,17.5,,15.5,19.0,15.5,17.7,,15.7,17.2,15.7,16.88,1.7,0.3,70,42,20.1,11.7,0.0,0.7579,0.6523,18.1,19.0,19.0,station
2024-02-20,15.5,,15.2,16.8,14.2,15.7,,14.9,17.5,14.8,15.43,1.07,-0.3,65,59,17.1,10.64,0.0,0.769,0.6392,17.2,18.0,18.0,station
2024-02-21,14.1,,12.6,14.7,12.1,13.6,,12.8,14.1,11.6,13.38,1.23,0.35,70,76,10.9,11.29,0.0,0.7799,0.6259,14.1,14.0,14.0,station
2024-02-22,10.3,,10.5,11.8,8.7,10.1,,10.0,11.3,8.2,10.32,1.27,0.42,88,100,12.0,3.02,7.0,0.7906,0.6124,11.1,10.0,10.0,station
2024-02-23,9.9,,8.4,13.5,9.6,9.0,,8.4,10.0,7.8,10.35,2.2,1.55,89,80,18.7,3.65,26.0,0.801,0.5987,9.5,10.0,10.0,station
2024-02-24,9.0,,6.9,10.6,8.0,9.8,,5.8,9.3,7.8,8.62,1.57,0.45,91,89,15.3,5.52,24.9,0.8112,0.5848,8.3,11.0,11.0,station
2024-02-25,8.1,,9.7,9.9,8.6,8.1,,9.6,10.4,8.1,9.07,0.87,0.02,87,90,13.0,7.06,3.9,0.8211,0.5708,8.6,11.0,11.0,station
2024-02-26,5.5,,7.4,7.7,6.0,5.2,,6.9,7.4,6.0,6.65,1.07,0.28,92,100,18.4,1.14,29.3,0.8308,0.5566,6.4,6.0,6.0,station
2024-02-27,7.8,,7.6,9.6,8.4,8.0,,7.7,9.2,8.1,8.35,0.9,0.1,88,100,17.9,1.69,35.1,0.8402,0.5422,7.9,8.0,8.0,station
2024-02-28,15.5,,11.3,15.2,13.1,15.4,,12.1,13.0,13.9,13.78,1.97,0.18,83,78,14.5,8.7,7.0,0.8495,0.5277,15.4,16.0,16.0,station
2024-02-29,15.3,,12.0,16.1,12.8,15.1,,13.2,15.5,13.5,14.05,1.96,-0.27,76,74,17.6,5.21,0.1,0.8584,0.513,14.0,14.0,14.0,station
2024-03-01,9.5,,10.5,10.3,9.1,9.9,,11.0,10.4,10.2,9.85,0.66,-0.53,88,100,21.4,1.53,29.7,0.8671,0.4981,10.1,10.0,10.0,station
2024-03-02,9.6,,9.0,11.2,10.0,10.6,,9.2,11.0,10.5,9.95,0.93,-0.38,90,99,16.3,3.2,21.8,0.8755,0.4831,11.1,11.0,11.0,station
2024-03-03,10.3,,10.7,12.4,9.2,9.8,,9.5,11.7,9.0,10.65,1.33,0.65,90,100,22.7,2.61,17.8,0.8837,0.468,10.9,10.0,10.0,station
2024-03-04,15.1,,14.4,13.8,12.8,13.7,,14.2,14.0,12.5,14.03,0.97,0.43,81,74,20.2,11.85,11.7,0.8916,0.4527,14.1,13.0,13.0,station
2024-03-05,11.3,,14.0,11.2,11.8,12.5,,13.5,11.6,10.1,12.07,1.31,0.15,83,85,13.8,8.16,9.9,0.8993,0.4373,12.6,14.0,14.0,station
2024-03-06,14.4,,12.3,12.3,9.6,12.2,,13.4,12.5,9.8,12.15,1.97,0.18,77,73,18.5,11.38,17.4,0.9067,0.4218,12.6,12.0,12.0,station
2024-03-07,13.5,,13.1,13.3,11.2,13.5,,13.3,13.4,11.1,12.78,1.06,-0.05,69,21,12.0,15.17,0.0,0.9138,0.4061,13.8,14.0,14.0,station
2024-03-08,8.8,,8.7,10.5,9.5,8.7,,9.5,11.2,8.7,9.38,0.83,-0.15,88,78,16.6,5.63,6.1,0.9207,0.3904,9.6,10.0,10.0,station
2024-03-09,8.9,,7.0,8.7,9.3,8.7,,7.2,9.2,8.7,8.47,1.01,0.03,91,100,15.0,3.03,13.0,0.9272,0.3745,8.5,8.0,8.0,station
2024-03-10,7.8,,7.1,10.1,8.7,7.6,,7.0,10.5,8.4,8.42,1.29,0.05,93,99,21.2,1.71,48.1,0.9335,0.3585,8.3,8.0,8.0,station
2024-03-11,13.7,,12.7,12.9,11.6,13.3,,12.7,13.4,10.8,12.72,0.87,0.17,79,83,11.2,12.69,3.0,0.9396,0.3424,13.7,14.0,14.0,station
2024-03-12,16.7,,15.9,17.6,14.5,16.9,,15.4,17.3,13.3,16.18,1.31,0.45,53,26,19.7,16.39,0.0,0.9453,0.3261,17.7,19.0,19.0,station
2024-03-13,16.4,,15.8,17.3,13.8,16.7,,15.8,15.6,14.0,15.82,1.48,0.3,61,57,17.0,15.7,0.0,0.9508,0.3098,17.2,18.0,18.0,station
2024-03-14,16.8,15.9,15.9,17.0,14.6,16.3,,16.4,16.0,14.2,16.04,0.95,0.31,82,67,9.5,14.99,0.0,0.956,0.2934,16.2,17.0,17.0,station
2024-03-15,15.0,15.6,15.3,16.2,15.0,15.0,15.6,15.6,16.2,14.4,15.42,0.5,0.06,84,73,9.8,12.06,0.0,0.9609,0.2769,15.8,16.0,16.0,station
2024-03-16,18.7,18.0,18.8,19.4,16.4,18.8,18.1,18.6,19.6,16.4,18.26,1.15,-0.04,77,25,10.1,16.19,0.1,0.9655,0.2604,18.6,20.0,20.0,station
2024-03-17,17.2,15.9,16.2,17.9,15.5,16.9,16.2,15.4,17.1,15.2,16.54,0.99,0.38,78,97,9.8,11.96,0.5,0.9698,0.2437,17.6,18.0,18.0,station
2024-03-18,16.5,15.4,15.8,17.4,14.9,16.5,15.1,16.3,16.6,15.3,16.0,0.98,0.04,77,74,10.0,11.26,0.5,0.9739,0.227,17.0,18.0,18.0,station
2024-03-19,17.3,17.3,16.1,18.5,15.5,17.5,16.7,16.8,18.3,15.6,16.94,1.17,-0.04,87,63,10.8,14.88,0.0,0.9777,0.2102,16.8,17.0,17.0,station
2024-03-20,16.1,15.5,15.9,17.0,15.0,15.0,17.2,16.6,17.7,15.0,15.9,0.74,-0.4,81,58,7.4,13.93,0.0,0.9811,0.1934,16.2,18.0,18.0,station
2024-03-21,19.0,18.9,19.0,20.1,16.7,18.3,19.1,19.4,18.9,15.7,18.74,1.24,0.46,75,41,15.5,16.92,0.0,0.9843,0.1765,19.6,20.0,20.0,station
2024-03-22,19.2,18.5,18.8,18.9,17.1,19.3,18.7,19.6,19.1,17.0,18.5,0.82,-0.24,70,79,17.8,16.88,0.0,0.9872,0.1595,19.0,20.0,20.0,station
2024-03-23,16.2,17.9,17.7,18.9,17.5,16.4,17.1,16.9,17.2,16.4,17.64,0.97,0.84,73,43,19.0,15.9,1.9,0.9898,0.1425,17.6,18.0,18.0,station
2024-03-24,14.7,15.6,14.5,15.4,14.2,14.7,14.9,15.6,16.2,14.8,14.88,0.6,-0.36,38,6,20.0,18.64,0.0,0.9921,0.1255,16.2,17.0,17.0,station
2024-03-25,14.6,14.8,14.5,15.8,14.4,14.5,14.4,14.0,15.8,13.3,14.82,0.57,0.42,43,61,18.3,18.44,0.0,0.9941,0.1084,14.8,16.0,16.0,station
2024-03-26,9.4,10.7,11.3,11.6,11.6,8.8,10.7,11.3,11.2,8.8,10.92,0.93,0.76,74,96,14.9,2.77,6.6,0.9958,0.0913,9.8,10.0,10.0,station
2024-03-27,9.7,8.2,7.8,11.6,8.8,9.6,8.6,8.2,11.5,11.1,9.22,1.51,-0.58,89,92,15.5,4.44,29.7,0.9972,0.0741,9.6,9.0,9.0,station
2024-03-28,10.4,9.2,7.8,9.7,10.2,11.0,9.5,10.2,10.2,9.8,9.46,1.04,-0.68,87,83,11.5,4.17,4.8,0.9984,0.057,9.0,9.0,9.0,station
2024-03-29,11.7,11.1,8.7,10.7,10.0,13.0,11.8,8.1,11.8,10.8,10.44,1.15,-0.66,87,98,14.2,3.6,8.8,0.9992,0.0398,11.3,9.0,9.0,station
2024-03-30,12.9,12.1,13.5,14.7,13.6,12.7,12.5,12.8,13.9,12.4,13.36,0.96,0.5,90,100,25.2,6.43,13.8,0.9997,0.0226,15.1,15.0,15.0,station
2024-03-31,11.8,10.8,12.6,15.0,13.9,12.5,10.6,9.8,13.3,11.9,12.82,1.66,1.2,90,95,18.1,4.91,44.7,1.0,0.0054,14.1,15.0,15.0,station
2024-04-01,15.1,12.8,14.9,18.9,12.0,14.7,12.8,14.0,15.6,12.5,14.74,2.68,0.82,83,72,32.6,14.04,22.2,0.9999,-0.0118,16.5,18.0,18.0,station
2024-04-02,17.5,18.2,16.7,19.6,15.2,17.6,18.0,16.7,18.1,15.1,17.44,1.64,0.34,66,29,13.5,19.92,0.0,0.9996,-0.029,17.6,19.0,19.0,station
2024-04-03,13.4,12.6,10.8,15.1,12.8,14.1,12.7,10.8,14.3,10.9,12.94,1.55,0.38,80,80,11.9,10.86,3.8,0.9989,-0.0462,13.8,15.0,15.0,station
2024-04-04,17.4,16.7,16.8,18.2,16.8,17.5,16.4,16.2,17.8,16.7,17.18,0.63,0.26,75,83,10.5,16.0,0.0,0.998,-0.0634,17.4,18.0,18.0,station
2024-04-05,16.7,17.5,15.4,18.7,17.2,16.2,17.2,17.0,17.6,17.2,17.1,1.2,0.06,84,94,8.6,14.35,0.1,0.9968,-0.0805,17.9,19.0,19.0,station
2024-04-06,20.4,19.8,20.3,21.4,19.8,20.1,20.0,20.2,20.5,19.3,20.34,0.65,0.32,81,66,8.2,19.77,0.0,0.9952,-0.0977,20.6,21.0,21.0,station
2024-04-07,22.4,22.5,21.2,23.4,21.7,22.5,22.6,21.5,22.6,21.0,22.24,0.84,0.2,77,86,7.9,18.51,0.0,0.9934,-0.1148,22.0,23.0,23.0,station
2024-04-08,23.5,23.8,23.3,24.6,22.8,23.2,24.0,23.5,23.4,22.6,23.6,0.67,0.26,75,52,8.0,21.31,0.0,0.9913,-0.1319,23.0,24.0,24.0,station
2024-04-09,15.3,17.8,17.6,17.3,15.0,14.6,18.1,18.7,18.1,13.8,16.6,1.34,-0.06,85,90,27.0,3.3,9.7,0.9889,-0.1489,15.5,17.0,17.0,station
2024-04-10,13.9,15.6,11.5,15.0,12.0,13.3,14.2,10.9,14.8,11.5,13.6,1.8,0.66,59,91,40.1,9.43,11.5,0.9861,-0.1659,13.6,14.0,14.0,station
2024-04-11,21.9,22.9,22.2,21.9,20.3,21.6,23.2,21.4,22.7,21.1,21.84,0.95,-0.16,69,13,14.7,21.79,0.0,0.9831,-0.1828,20.7,22.0,22.0,station
2024-04-12,24.0,24.8,24.4,24.2,23.3,23.8,25.0,24.0,24.4,22.8,24.14,0.55,0.14,74,9,12.8,21.84,0.0,0.9799,-0.1997,24.1,25.0,25.0,station
2024-04-13,25.2,25.5,25.4,26.4,25.0,25.2,26.3,25.2,25.0,24.1,25.5,0.54,0.34,75,59,11.8,21.87,0.0,0.9763,-0.2165,24.8,26.0,26.0,station
2024-04-14,25.7,26.6,26.6,27.7,25.8,25.7,26.9,26.1,26.3,25.1,26.48,0.8,0.46,71,45,12.1,21.96,0.0,0.9724,-0.2333,25.8,27.0,27.0,station
2024-04-15,21.3,21.2,21.5,23.8,23.4,21.5,20.6,22.0,22.4,23.4,22.24,1.25,0.26,67,75,14.4,16.92,0.0,0.9683,-0.25,21.2,22.0,22.0,station
2024-04-16,16.7,19.0,20.6,18.8,18.3,17.9,19.6,20.1,19.8,20.2,18.68,1.4,-0.84,55,28,39.6,20.83,0.0,0.9638,-0.2666,17.1,21.0,21.0,station
2024-04-17,16.5,17.0,17.6,18.1,17.9,16.5,16.2,17.7,17.8,17.8,17.42,0.66,0.22,51,46,21.8,22.65,0.2,0.9591,-0.2831,17.2,19.0,19.0,station
2024-04-18,13.9,12.4,14.5,14.8,14.5,14.5,12.8,13.1,14.8,14.8,14.02,0.96,0.02,52,84,22.3,15.67,0.5,0.9541,-0.2996,12.9,15.0,15.0,station
2024-04-19,16.1,16.1,16.2,17.8,16.7,15.9,16.4,16.2,17.6,16.9,16.58,0.73,-0.02,46,46,23.1,21.67,0.0,0.9488,-0.316,16.5,17.0,17.0,station
2024-04-20,14.7,16.4,16.9,16.3,16.7,14.7,16.8,16.9,16.4,16.5,16.2,0.87,-0.06,42,10,34.3,24.73,0.3,0.9432,-0.3322,15.7,18.0,18.0,station
2024-04-21,13.4,14.1,15.7,15.5,15.9,12.7,13.7,15.5,14.6,16.1,14.92,1.11,0.4,42,67,21.6,16.64,0.0,0.9373,-0.3484,15.1,16.0,16.0,station
2024-04-22,6.8,7.5,8.3,8.0,7.2,7.4,8.9,7.5,8.2,7.1,7.56,0.6,-0.26,82,99,20.3,5.13,10.3,0.9312,-0.3645,7.1,8.0,8.0,station
2024-04-23,10.8,10.1,11.4,10.6,8.8,10.3,10.4,10.4,9.8,10.6,10.34,0.98,0.04,84,96,14.8,13.82,3.5,0.9248,-0.3804,13.3,12.0,12.0,station
2024-04-24,16.2,15.5,15.5,17.1,15.6,15.6,15.1,15.3,16.3,15.9,15.98,0.69,0.34,63,54,17.9,22.31,0.1,0.9181,-0.3963,15.9,17.0,17.0,station
2024-04-25,13.7,12.8,13.7,15.4,15.1,14.1,12.6,14.5,14.3,14.6,14.14,1.08,0.12,73,40,10.4,21.37,0.3,0.9112,-0.412,13.0,14.0,14.0,station
2024-04-26,11.8,10.8,12.2,13.3,11.5,11.6,11.4,12.5,12.5,9.7,11.92,0.93,0.38,79,92,12.9,10.76,4.5,0.9039,-0.4276,12.5,13.0,13.0,station
2024-04-27,12.8,12.3,12.3,13.9,11.9,12.6,12.1,10.9,13.4,12.7,12.64,0.77,0.3,87,91,12.2,8.58,3.7,0.8965,-0.4431,13.0,13.0,13.0,station
2024-04-28,14.1,13.4,13.8,15.5,15.8,14.6,13.4,14.3,15.3,14.8,14.52,1.07,0.04,88,98,15.8,5.79,13.3,0.8887,-0.4585,13.9,14.0,14.0,station
2024-04-29,21.0,21.2,21.5,21.6,20.4,21.0,21.4,21.3,21.4,20.0,21.14,0.48,0.12,66,58,17.0,20.85,0.2,0.8807,-0.4737,21.0,23.0,23.0,station
2024-04-30,22.8,23.0,23.4,23.9,23.2,22.6,21.9,23.4,22.5,20.9,23.26,0.42,1.0,60,61,13.0,22.96,0.2,0.8724,-0.4888,23.1,24.0,24.0,station
2024-05-01,15.9,17.7,15.4,18.1,18.5,16.1,18.6,14.8,20.3,18.2,17.12,1.38,-0.48,81,96,16.6,6.3,12.7,0.8639,-0.5037,16.8,18.0,18.0,station
2024-05-02,14.6,13.5,14.4,14.7,12.6,15.1,13.9,15.6,16.8,15.0,13.96,0.9,-1.32,90,98,18.4,8.05,44.4,0.8551,-0.5185,15.1,15.0,15.0,station
2024-05-03,20.3,17.9,19.0,19.3,18.0,19.9,18.9,18.6,19.5,18.1,18.9,0.99,-0.1,78,77,11.7,21.32,4.6,0.846,-0.5331,20.3,20.0,20.0,station
2024-05-04,18.8,18.5,19.5,19.0,18.8,19.4,19.1,17.9,18.9,18.9,18.92,0.37,0.08,75,80,9.4,19.93,0.6,0.8367,-0.5476,18.5,20.0,20.0,station
2024-05-05,19.6,19.4,20.5,20.7,21.4,19.7,19.6,20.4,19.8,21.2,20.32,0.82,0.18,77,90,11.0,19.52,0.0,0.8272,-0.5619,20.0,21.0,21.0,station
2024-05-06,16.1,15.8,13.7,17.8,15.4,16.7,15.8,14.1,17.8,19.4,15.76,1.47,-1.0,80,95,15.9,10.76,0.7,0.8174,-0.5761,17.1,15.0,15.0,station
2024-05-07,14.3,14.4,12.3,14.4,16.7,16.3,15.6,12.7,15.2,13.3,14.42,1.56,-0.2,84,98,15.9,7.05,9.6,0.8074,-0.59,15.3,14.0,14.0,station
2024-05-08,20.3,20.8,21.1,21.2,19.2,21.6,20.8,21.7,20.5,18.3,20.52,0.82,-0.06,80,50,12.3,23.41,5.8,0.7971,-0.6038,20.2,21.0,21.0,station
2024-05-09,22.5,22.8,21.4,22.7,23.3,22.5,22.9,21.2,20.8,21.2,22.54,0.7,0.82,78,49,13.7,22.83,1.3,0.7866,-0.6175,21.4,23.0,23.0,station
2024-05-10,22.0,22.7,22.8,23.6,24.7,21.6,23.2,23.1,22.9,24.4,23.16,1.03,0.12,76,26,13.2,23.62,0.1,0.7759,-0.6309,22.4,23.0,23.0,station
2024-05-11,23.6,23.5,24.0,25.1,25.7,23.5,23.7,23.9,23.8,25.6,24.38,0.97,0.28,72,14,10.2,23.81,0.0,0.7649,-0.6442,23.5,25.0,25.0,station
2024-05-12,22.9,23.5,23.1,25.7,26.7,23.2,23.7,23.3,25.3,26.7,24.38,1.71,-0.06,69,69,15.6,24.12,0.1,0.7537,-0.6572,24.7,25.0,25.0,station
2024-05-13,19.4,18.7,18.3,20.6,22.2,20.6,19.5,18.1,19.6,24.4,19.84,1.58,-0.6,81,85,17.4,19.27,8.4,0.7423,-0.6701,21.0,21.0,21.0,station
2024-05-14,19.2,19.6,20.0,21.4,22.0,20.3,19.5,20.4,20.7,24.0,20.44,1.2,-0.54,86,69,10.9,17.53,13.1,0.7306,-0.6828,20.6,19.0,19.0,station
2024-05-15,15.0,15.6,13.8,15.7,14.1,16.0,15.4,14.2,15.3,13.3,14.84,0.86,0.0,90,98,16.9,4.75,108.7,0.7188,-0.6952,14.8,15.0,15.0,station
2024-05-16,17.6,15.5,17.3,17.0,13.8,15.4,14.9,18.4,16.8,13.3,16.24,1.59,0.48,89,92,17.1,6.65,50.9,0.7067,-0.7075,16.2,16.0,16.0,station
2024-05-17,20.0,19.3,19.4,21.5,18.3,20.5,19.3,19.5,20.4,18.8,19.7,1.18,0.0,78,26,8.7,24.26,0.5,0.6945,-0.7195,19.1,20.0,20.0,station
2024-05-18,18.8,19.6,19.2,21.6,21.2,18.9,18.9,20.4,19.0,18.0,20.08,1.25,1.04,82,41,10.2,19.68,5.7,0.682,-0.7314,20.5,21.0,21.0,station
2024-05-19,21.3,22.0,22.2,23.1,23.9,21.9,22.4,22.2,23.0,23.4,22.5,1.01,-0.08,71,47,12.1,23.53,0.7,0.6693,-0.743,21.4,23.0,23.0,station
2024-05-20,21.6,21.3,22.6,23.5,21.5,21.4,21.8,23.1,22.8,24.1,22.1,0.93,-0.54,83,74,15.9,19.93,9.6,0.6564,-0.7544,21.9,22.0,22.0,station
2024-05-21,20.5,18.7,16.6,20.8,18.2,17.5,18.7,16.1,18.2,21.5,18.96,1.73,0.56,79,76,17.1,18.96,14.2,0.6433,-0.7656,21.7,23.0,23.0,station
2024-05-22,19.9,21.0,20.2,23.3,21.0,19.4,21.1,22.0,22.2,20.5,21.08,1.33,0.04,85,77,16.5,18.06,7.1,0.6301,-0.7765,20.2,23.0,23.0,station
2024-05-23,17.2,15.9,19.5,17.4,17.1,17.1,15.9,16.6,17.4,17.1,17.42,1.3,0.6,86,74,7.1,16.5,13.2,0.6166,-0.7873,17.6,19.0,19.0,station
2024-05-24,19.7,18.7,19.7,19.9,18.3,17.0,18.5,19.7,19.3,17.7,19.26,0.71,0.82,85,60,7.3,19.62,4.0,0.603,-0.7978,18.9,19.0,19.0,station
2024-05-25,19.0,19.1,19.5,20.6,17.3,19.3,19.0,20.1,19.2,18.9,19.1,1.19,-0.2,81,66,8.9,18.58,3.2,0.5892,-0.808,19.2,21.0,21.0,station
2024-05-26,23.0,23.4,22.8,24.2,23.8,23.1,23.4,22.5,24.5,21.7,23.44,0.57,0.4,72,51,9.9,26.62,0.0,0.5752,-0.818,23.4,25.0,25.0,station
2024-05-27,21.9,21.6,21.7,20.8,25.9,21.9,21.3,20.7,22.2,24.9,22.38,2.01,0.18,78,89,17.2,20.01,2.4,0.561,-0.8278,22.9,22.0,22.0,station
2024-05-28,22.8,23.1,24.1,25.5,24.0,23.0,23.4,23.5,26.1,23.2,23.9,1.06,0.06,77,34,9.7,26.16,3.7,0.5467,-0.8373,23.5,24.0,24.0,station
2024-05-29,22.6,21.8,22.9,22.7,24.4,21.7,21.3,22.0,21.8,24.2,22.88,0.95,0.68,81,95,12.0,20.02,4.1,0.5322,-0.8466,22.4,24.0,24.0,station
2024-05-30,20.0,18.9,18.4,21.7,17.4,21.0,19.1,19.0,21.7,24.3,19.28,1.65,-1.74,88,88,10.9,13.35,15.5,0.5176,-0.8556,21.2,20.0,20.0,station
2024-05-31,17.6,16.6,18.7,22.4,15.7,19.4,18.5,18.7,23.4,17.8,18.2,2.6,-1.36,69,91,13.8,11.07,8.5,0.5028,-0.8644,18.6,19.0,19.0,station
2024-06-01,23.1,23.6,22.3,24.5,23.9,22.9,22.7,21.7,24.6,23.7,23.48,0.83,0.36,62,30,13.3,26.92,0.5,0.4878,-0.8729,23.1,25.0,25.0,station
2024-06-02,22.5,22.0,22.8,23.7,24.3,22.6,22.1,23.3,22.4,24.7,23.06,0.93,0.04,80,49,11.4,24.12,0.8,0.4728,-0.8812,22.3,25.0,25.0,station
2024-06-03,22.8,22.0,22.3,23.6,23.9,22.1,22.6,23.5,24.2,27.0,22.92,0.82,-0.96,82,93,8.9,19.33,3.2,0.4575,-0.8892,22.6,23.0,23.0,station
2024-06-04,21.8,22.1,21.9,23.9,25.8,22.1,22.9,23.7,22.5,24.8,23.1,1.74,-0.1,86,46,8.5,20.49,2.4,0.4422,-0.8969,21.9,24.0,24.0,station
2024-06-05,23.6,23.9,23.3,25.5,26.4,23.3,23.8,24.4,25.1,28.3,24.54,1.34,-0.44,80,22,10.2,25.6,0.3,0.4267,-0.9044,24.0,26.0,26.0,station
2024-06-06,24.4,24.6,25.0,27.0,28.1,23.9,24.4,25.0,26.6,28.2,25.82,1.64,0.2,82,75,9.4,23.3,1.0,0.4111,-0.9116,25.1,27.0,27.0,station
2024-06-07,25.6,25.9,24.7,29.0,30.4,25.9,26.0,25.9,27.5,30.7,27.12,2.45,-0.08,81,96,8.8,19.13,0.0,0.3953,-0.9185,25.4,26.0,26.0,station
2024-06-08,25.1,24.8,25.8,27.3,28.0,25.8,24.6,26.3,26.5,29.9,26.2,1.39,-0.42,81,97,12.2,21.32,0.3,0.3795,-0.9252,25.3,26.0,26.0,station
2024-06-09,25.3,23.7,25.2,27.2,26.8,25.5,23.5,26.1,23.6,29.5,25.64,1.4,0.0,84,94,14.8,17.89,17.7,0.3635,-0.9316,26.0,26.0,26.0,station
2024-06-10,24.3,24.3,25.6,27.0,24.3,24.7,24.4,25.2,25.2,26.7,25.1,1.2,-0.14,82,49,11.3,24.96,3.8,0.3474,-0.9377,25.5,27.0,27.0,station
2024-06-11,23.2,22.2,23.5,26.8,23.1,23.2,22.1,23.8,24.6,21.5,23.76,1.77,0.72,86,62,16.1,21.1,29.9,0.3312,-0.9436,21.5,25.0,25.0,station
2024-06-12,20.5,20.7,19.9,24.0,20.0,20.0,19.2,20.1,23.6,20.6,21.02,1.7,0.32,77,53,13.0,24.6,14.4,0.3149,-0.9491,21.7,23.0,23.0,station
2024-06-13,22.1,21.7,21.2,24.0,20.8,22.2,21.4,20.4,22.5,21.1,21.96,1.24,0.44,78,53,8.8,25.55,0.6,0.2986,-0.9544,21.7,23.0,23.0,station
2024-06-14,20.5,20.2,19.9,22.5,21.8,21.0,19.7,21.4,22.5,20.1,20.98,1.12,0.04,76,94,10.1,18.12,1.2,0.2821,-0.9594,21.1,23.0,23.0,station
2024-06-15,21.2,18.6,18.5,22.9,18.2,21.1,18.3,18.7,20.5,20.8,19.88,2.08,0.0,87,98,14.1,10.41,18.5,0.2656,-0.9641,20.7,21.0,21.0,station
2024-06-16,23.0,22.9,23.8,24.9,24.3,22.8,22.7,23.0,25.4,24.7,23.78,0.85,0.06,79,69,10.7,22.6,4.0,0.2489,-0.9685,23.3,25.0,25.0,station
2024-06-17,24.9,25.2,24.8,27.1,28.2,24.6,24.9,25.1,25.8,27.0,26.04,1.53,0.56,74,36,8.4,25.96,0.0,0.2322,-0.9727,25.2,27.0,27.0,station
2024-06-18,26.8,27.2,26.8,29.6,30.7,26.8,27.5,27.0,28.9,31.1,28.22,1.81,-0.04,71,41,8.7,24.8,0.0,0.2155,-0.9765,27.4,28.0,28.0,station
2024-06-19,28.1,28.4,28.2,31.1,31.9,28.0,28.3,28.5,30.2,32.4,29.54,1.81,0.06,71,39,10.0,23.8,0.0,0.1986,-0.9801,29.1,30.0,30.0,station
2024-06-20,27.0,24.5,27.7,26.3,31.2,27.0,24.5,28.9,25.3,30.3,27.34,2.46,0.14,75,96,15.8,18.62,3.2,0.1818,-0.9833,27.1,25.0,25.0,station
2024-06-21,23.6,23.6,28.1,26.1,24.3,26.1,23.1,28.0,25.3,27.2,25.14,1.94,-0.8,83,67,19.6,16.89,5.4,0.1648,-0.9863,24.0,26.0,26.0,station
2024-06-22,26.0,26.3,25.3,27.5,27.0,26.3,26.5,26.2,26.3,26.6,26.42,0.86,0.04,68,36,24.6,25.85,0.0,0.1478,-0.989,26.8,27.0,27.0,station
2024-06-23,18.4,20.0,17.3,21.9,19.0,20.9,21.3,16.4,19.1,19.4,19.32,1.74,-0.1,74,90,24.6,6.71,9.8,0.1308,-0.9914,18.5,19.0,19.0,station
2024-06-24,24.4,24.1,22.6,23.1,22.0,23.8,23.3,23.0,22.9,21.1,23.24,1.01,0.42,79,61,17.7,20.7,0.3,0.1137,-0.9935,23.0,22.0,22.0,station
2024-06-25,22.8,23.9,25.0,22.4,23.6,22.2,23.2,24.6,22.1,25.1,23.54,1.01,0.1,84,75,10.9,19.35,7.8,0.0966,-0.9953,23.8,24.0,24.0,station
2024-06-26,24.5,24.5,26.1,26.4,21.9,23.2,24.8,23.7,25.3,26.3,24.68,1.79,0.02,81,63,10.1,24.34,0.4,0.0795,-0.9968,24.6,26.0,26.0,station
2024-06-27,27.4,28.0,27.4,29.5,30.4,27.3,28.3,27.4,28.6,29.1,28.54,1.35,0.4,78,26,9.2,27.06,0.0,0.0623,-0.9981,28.4,29.0,29.0,station
2024-06-28,29.1,29.4,29.5,32.1,32.5,29.3,29.5,30.0,31.5,32.3,30.52,1.64,0.0,76,38,8.7,26.28,0.0,0.0451,-0.999,29.6,31.0,31.0,station
2024-06-29,26.0,27.4,30.6,30.5,32.1,29.1,27.8,30.9,30.6,32.2,29.32,2.52,-0.8,85,73,17.9,16.06,20.1,0.028,-0.9996,26.3,30.0,30.0,station
2024-06-30,25.4,25.3,24.9,27.1,26.2,25.0,25.3,24.7,25.5,25.1,25.78,0.88,0.66,81,67,18.8,19.89,17.0,0.0108,-0.9999,25.9,28.0,28.0,station
2024-07-01,25.4,25.8,26.2,28.6,25.9,24.5,25.8,26.3,27.2,25.5,26.38,1.27,0.52,84,63,9.9,19.93,1.5,-0.0065,-1.0,25.3,27.0,27.0,station
2024-07-02,27.7,27.4,25.4,27.9,26.6,26.4,27.4,25.6,28.8,27.0,27.0,1.02,-0.04,72,31,17.3,26.59,5.7,-0.0237,-0.9997,27.1,29.0,29.0,station
2024-07-03,21.5,21.2,20.1,21.9,22.1,21.8,21.0,20.9,22.8,21.5,21.36,0.79,-0.24,80,91,14.1,15.92,10.7,-0.0408,-0.9992,21.6,22.0,22.0,station
2024-07-04,25.4,25.1,24.6,27.4,25.9,25.1,24.6,24.8,26.7,26.6,25.68,1.07,0.12,73,14,13.3,26.48,0.2,-0.058,-0.9983,25.1,27.0,27.0,station
2024-07-05,26.1,26.1,26.3,28.3,28.6,26.4,26.6,25.8,27.8,28.7,27.08,1.26,0.02,71,49,7.6,23.7,0.0,-0.0752,-0.9972,26.5,29.0,29.0,station
2024-07-06,23.9,23.0,23.3,25.7,27.6,25.2,22.9,25.6,25.7,27.6,24.7,1.93,-0.7,79,88,9.7,17.52,8.1,-0.0923,-0.9957,25.3,26.0,26.0,station
2024-07-07,21.8,22.1,19.1,24.3,22.4,21.9,21.8,19.4,22.3,22.5,21.94,1.86,0.36,87,92,9.7,14.15,43.7,-0.1094,-0.994,24.4,26.0,26.0,station
2024-07-08,26.2,26.4,26.3,29.0,26.2,26.4,26.1,26.5,28.0,28.3,26.82,1.22,-0.24,81,58,9.0,22.02,9.1,-0.1265,-0.992,26.7,29.0,29.0,station
2024-07-09,29.1,30.0,29.1,30.8,30.8,29.0,30.1,28.9,30.7,30.6,29.96,0.85,0.1,75,29,7.6,26.23,0.0,-0.1436,-0.9896,29.5,32.0,32.0,station
2024-07-10,29.8,30.2,29.9,31.5,33.2,28.7,29.8,30.0,31.8,32.5,30.92,1.44,0.36,72,21,8.6,25.59,0.0,-0.1606,-0.987,30.3,32.0,32.0,station
2024-07-11,30.7,31.1,31.0,32.6,33.4,30.8,30.8,30.7,32.3,34.4,31.76,1.18,-0.04,75,19,9.1,24.2,1.8,-0.1775,-0.9841,30.4,32.0,32.0,station
2024-07-12,24.7,25.5,26.5,25.6,26.3,24.1,24.7,26.5,26.0,26.9,25.72,0.72,0.08,84,84,10.7,16.42,23.2,-0.1944,-0.9809,26.6,26.0,26.0,station
2024-07-13,26.2,26.0,26.2,28.1,26.8,26.6,25.7,26.5,27.2,27.9,26.66,0.86,-0.12,81,58,8.2,22.7,0.5,-0.2113,-0.9774,26.3,29.0,29.0,station
2024-07-14,27.5,27.7,27.0,29.9,29.3,27.9,27.9,28.0,29.7,29.1,28.28,1.25,-0.24,74,54,11.9,25.91,0.0,-0.2281,-0.9736,28.2,29.0,29.0,station
2024-07-15,29.1,29.5,29.5,30.9,31.9,29.4,29.6,29.4,31.0,31.2,30.18,1.18,0.06,73,20,7.5,26.12,0.0,-0.2448,-0.9696,29.4,31.0,31.0,station
2024-07-16,29.1,29.7,29.2,32.3,32.3,29.1,29.9,29.6,31.4,33.4,30.52,1.64,-0.16,74,36,14.5,23.55,0.4,-0.2614,-0.9652,29.9,31.0,31.0,station
2024-07-17,28.7,29.7,30.6,31.9,31.7,29.2,30.2,30.4,31.1,32.9,30.52,1.35,-0.24,79,50,11.5,22.77,1.0,-0.278,-0.9606,29.5,32.0,32.0,station
2024-07-18,29.9,31.0,31.5,32.9,31.9,29.8,31.1,31.8,32.6,32.9,31.44,1.11,-0.2,73,10,9.4,24.02,0.1,-0.2945,-0.9557,30.3,33.0,33.0,station
2024-07-19,29.6,30.1,31.7,32.8,32.5,29.5,30.8,32.1,33.4,32.5,31.34,1.43,-0.32,74,41,11.5,22.36,0.2,-0.3109,-0.9505,30.6,32.0,32.0,station
2024-07-20,30.4,30.1,29.1,32.3,29.5,30.2,30.3,31.0,33.3,30.6,30.28,1.24,-0.8,70,15,13.0,26.27,0.2,-0.3272,-0.945,29.7,31.0,31.0,station
2024-07-21,26.3,26.1,29.4,31.1,30.0,24.6,25.2,27.6,25.7,25.7,28.58,2.26,2.82,76,53,16.8,19.98,0.8,-0.3434,-0.9392,27.9,30.0,30.0,station
2024-07-22,31.6,30.9,30.8,33.3,30.3,31.0,30.8,30.6,32.7,31.4,31.38,1.17,0.08,73,22,16.2,25.47,0.0,-0.3595,-0.9332,32.3,32.0,32.0,station
2024-07-23,29.4,29.8,31.9,31.2,29.4,29.2,30.0,31.6,30.1,28.9,30.34,1.14,0.38,71,22,12.4,23.04,0.0,-0.3755,-0.9268,29.9,31.0,31.0,station
2024-07-24,30.8,30.2,31.4,33.2,29.7,31.0,30.4,31.7,32.4,29.5,31.06,1.36,0.06,71,33,12.8,24.85,0.2,-0.3914,-0.9202,31.0,32.0,32.0,station
2024-07-25,29.3,28.2,29.8,31.3,28.4,28.3,28.0,30.5,30.2,26.8,29.4,1.25,0.64,71,44,15.1,22.45,2.9,-0.4071,-0.9134,29.0,31.0,31.0,station
2024-07-26,29.7,29.0,29.7,31.9,30.4,29.8,28.7,29.8,31.8,30.0,30.14,1.1,0.12,69,44,13.4,22.65,1.2,-0.4228,-0.9062,30.5,32.0,32.0,station
2024-07-27,29.5,29.9,31.1,32.8,32.9,29.9,30.0,30.7,31.8,32.9,31.24,1.58,0.18,72,48,19.4,22.28,4.6,-0.4383,-0.8988,30.4,32.0,32.0,station
2024-07-28,31.8,32.1,30.7,33.8,35.4,32.0,32.4,32.1,33.9,34.9,32.76,1.85,-0.3,70,28,8.7,24.28,0.0,-0.4537,-0.8912,33.0,33.0,33.0,station
2024-07-29,30.5,31.0,30.5,32.6,31.9,31.1,32.2,31.4,34.1,34.5,31.3,0.92,-1.36,72,39,17.0,23.81,6.2,-0.469,-0.8832,31.1,32.0,32.0,station
2024-07-30,29.6,30.4,31.0,32.9,32.9,30.2,31.2,31.3,32.8,32.4,31.36,1.49,-0.22,69,41,10.6,23.29,0.0,-0.4841,-0.875,31.5,33.0,33.0,station
2024-07-31,30.7,31.2,32.1,33.4,33.5,30.6,31.9,32.1,33.7,34.3,32.18,1.26,-0.34,69,35,10.9,23.62,0.2,-0.4991,-0.8666,32.0,33.0,33.0,station
2024-08-01,30.4,31.5,32.4,34.1,33.3,31.2,31.7,32.5,31.9,33.8,32.34,1.46,0.12,76,24,8.3,22.4,0.4,-0.5139,-0.8578,31.4,33.0,33.0,station
2024-08-02,30.2,30.6,30.2,33.4,31.7,30.5,31.2,31.6,32.9,33.3,31.22,1.36,-0.68,74,18,13.0,22.62,1.1,-0.5286,-0.8489,30.9,33.0,33.0,station
2024-08-03,30.3,31.6,31.7,33.4,30.1,31.5,31.2,31.1,32.4,31.0,31.42,1.33,-0.02,66,12,14.1,24.67,1.7,-0.5431,-0.8397,33.3,34.0,34.0,station
2024-08-04,30.2,29.5,29.9,32.0,30.7,30.4,29.4,30.3,29.6,28.8,30.46,0.97,0.76,64,67,14.2,23.25,1.1,-0.5575,-0.8302,30.8,32.0,32.0,station
2024-08-05,31.3,29.8,31.0,32.6,32.0,31.3,29.8,30.7,31.9,31.9,31.34,1.06,0.22,60,56,11.5,23.46,0.0,-0.5717,-0.8205,31.1,32.0,32.0,station
2024-08-06,30.0,30.5,31.8,33.1,32.8,31.2,30.4,31.7,32.4,33.0,31.64,1.37,-0.1,70,46,9.2,20.44,2.1,-0.5857,-0.8105,30.7,33.0,33.0,station
2024-08-07,28.0,29.3,29.7,31.9,32.1,26.9,29.2,30.2,30.4,32.8,30.2,1.76,0.3,81,74,7.2,15.24,4.3,-0.5996,-0.8003,29.1,33.0,33.0,station
2024-08-08,31.2,29.9,31.8,31.0,31.1,30.8,30.3,31.7,31.3,31.2,31.0,0.69,-0.06,73,14,7.3,24.07,0.0,-0.6132,-0.7899,30.4,31.0,31.0,station
2024-08-09,31.7,30.7,31.8,32.4,31.1,31.6,31.1,31.5,33.0,30.4,31.54,0.66,0.02,65,17,9.3,23.17,0.1,-0.6267,-0.7792,32.2,32.0,32.0,station
2024-08-10,32.7,31.9,33.4,33.7,33.2,32.6,31.9,33.2,34.5,32.3,32.98,0.7,0.08,65,4,8.0,23.28,0.0,-0.64,-0.7683,33.0,33.0,33.0,station
2024-08-11,33.0,32.7,33.8,34.5,33.2,33.6,32.6,33.9,34.7,34.1,33.44,0.72,-0.34,64,35,8.3,21.97,0.0,-0.6532,-0.7572,34.1,34.0,34.0,station
2024-08-12,33.6,33.2,34.3,34.7,33.6,33.7,33.5,34.4,34.8,33.9,33.88,0.61,-0.18,62,63,7.6,19.83,0.1,-0.6661,-0.7459,33.8,35.0,35.0,station
2024-08-13,32.5,32.7,32.7,34.8,34.6,33.2,32.8,33.1,33.9,33.6,33.46,1.14,0.14,65,30,9.5,19.97,0.2,-0.6788,-0.7343,32.4,35.0,35.0,station
2024-08-14,30.9,30.6,32.3,33.8,34.1,32.0,31.3,31.8,31.4,33.5,32.34,1.61,0.34,62,47,20.2,20.79,14.1,-0.6914,-0.7225,32.8,33.0,33.0,station
2024-08-15,32.2,30.8,30.8,32.6,32.2,31.6,30.9,31.8,29.5,34.2,31.72,0.86,0.12,66,74,12.0,20.24,0.1,-0.7037,-0.7105,31.7,30.0,30.0,station
2024-08-16,32.3,31.4,32.7,32.6,30.2,31.9,32.0,32.7,29.9,30.5,31.84,1.05,0.44,65,34,11.5,22.26,0.0,-0.7158,-0.6983,31.3,32.0,32.0,station
2024-08-17,30.9,30.7,31.6,32.5,30.4,31.7,30.9,31.6,30.5,29.9,31.22,0.84,0.3,61,20,12.0,21.76,0.0,-0.7277,-0.6859,30.7,32.0,32.0,station
2024-08-18,24.9,24.2,26.9,26.7,26.3,24.2,24.3,23.1,23.2,23.3,25.8,1.19,2.18,82,92,14.8,14.39,11.0,-0.7394,-0.6733,24.7,27.0,27.0,station
2024-08-19,29.9,27.9,28.1,32.5,25.9,29.5,27.5,27.1,28.5,29.5,28.86,2.48,0.44,63,89,24.1,17.04,0.1,-0.7509,-0.6605,28.6,30.0,30.0,station
2024-08-20,29.5,28.9,29.5,31.1,29.2,29.3,28.7,29.7,29.3,29.3,29.64,0.85,0.38,73,7,12.9,22.38,0.2,-0.7621,-0.6474,29.6,31.0,31.0,station
2024-08-21,32.6,30.7,32.7,33.7,33.5,31.8,30.7,32.8,33.5,33.6,32.64,1.19,0.16,62,17,13.2,22.3,0.0,-0.7731,-0.6342,32.2,34.0,34.0,station
2024-08-22,26.4,27.2,30.7,30.2,26.4,27.2,27.3,30.7,30.6,27.3,28.18,2.11,-0.44,71,40,14.3,17.73,1.0,-0.7839,-0.6208,28.5,30.0,30.0,station
2024-08-23,29.3,28.9,30.5,31.2,31.7,29.1,29.0,31.7,30.8,30.8,30.32,1.2,0.04,72,25,10.7,19.74,0.6,-0.7945,-0.6073,29.8,32.0,32.0,station
2024-08-24,29.8,29.5,30.4,31.3,31.5,29.7,29.5,29.1,29.7,32.2,30.5,0.89,0.46,67,10,9.7,20.94,0.1,-0.8048,-0.5935,31.2,33.0,33.0,station
2024-08-25,30.1,29.1,32.7,31.6,32.5,30.2,29.1,31.7,29.9,31.8,31.2,1.56,0.66,67,58,10.3,17.68,0.0,-0.8149,-0.5796,30.6,32.0,32.0,station
2024-08-26,28.0,27.5,30.8,29.4,26.2,28.2,27.4,32.4,27.3,26.0,28.38,1.77,0.12,68,48,21.3,16.56,2.2,-0.8248,-0.5655,27.8,28.0,28.0,station
2024-08-27,28.2,29.4,29.6,30.0,30.1,28.4,28.4,29.8,27.8,29.4,29.46,0.76,0.7,70,50,17.6,17.1,0.1,-0.8344,-0.5512,28.7,31.0,31.0,station
2024-08-28,30.2,29.2,30.2,31.0,30.9,29.8,30.3,31.3,30.7,31.2,30.3,0.72,-0.36,71,15,11.4,20.43,0.1,-0.8437,-0.5368,29.6,31.0,31.0,station
2024-08-29,31.7,31.7,31.1,31.6,32.3,31.4,31.0,31.7,32.7,32.2,31.68,0.43,-0.12,64,2,10.2,21.26,0.0,-0.8528,-0.5222,31.6,32.0,32.0,station
2024-08-30,31.9,31.7,33.6,32.1,32.2,32.0,31.7,32.0,33.0,32.7,32.3,0.75,0.02,61,24,9.1,21.1,0.0,-0.8617,-0.5074,32.0,33.0,33.0,station
2024-08-31,31.9,31.3,32.5,32.1,31.1,32.1,31.0,33.4,32.5,32.4,31.78,0.58,-0.5,62,84,9.0,18.35,0.0,-0.8703,-0.4925,31.5,33.0,33.0,station
2024-09-01,29.0,29.6,32.9,31.9,31.7,30.0,29.3,33.2,31.7,31.4,31.02,1.65,-0.1,73,72,14.5,13.64,7.6,-0.8786,-0.4775,29.6,33.0,33.0,station
2024-09-02,25.9,26.1,29.8,30.5,27.9,27.9,26.8,30.9,30.9,28.9,28.04,2.09,-1.04,71,45,19.2,18.76,2.4,-0.8867,-0.4623,28.1,27.0,27.0,station
2024-09-03,29.1,27.9,30.6,29.1,29.6,28.1,27.4,29.9,27.5,29.7,29.26,0.98,0.74,71,24,7.3,18.75,0.0,-0.8945,-0.447,28.6,30.0,30.0,station
2024-09-04,25.6,24.6,28.3,26.8,27.4,26.2,24.4,29.5,24.5,27.2,26.54,1.46,0.18,74,96,15.9,16.15,15.0,-0.9021,-0.4315,27.4,28.0,28.0,station
2024-09-05,20.4,20.5,20.0,21.3,19.2,20.8,20.5,19.6,20.7,19.9,20.28,0.77,-0.02,89,97,16.9,6.67,47.2,-0.9094,-0.4159,21.0,21.0,21.0,station
2024-09-06,23.7,22.8,24.8,24.9,23.5,23.7,23.2,23.5,23.9,22.8,23.94,0.9,0.52,84,49,8.7,12.69,2.4,-0.9164,-0.4002,23.8,25.0,25.0,station
2024-09-07,25.2,25.4,26.4,26.5,25.3,25.0,25.4,26.4,26.4,24.9,25.76,0.63,0.14,80,42,9.4,16.83,1.1,-0.9232,-0.3844,25.1,27.0,27.0,station
2024-09-08,21.3,21.9,21.6,23.2,20.3,22.1,21.7,22.0,24.3,21.3,21.66,1.05,-0.62,91,100,13.6,2.92,50.1,-0.9296,-0.3685,21.2,22.0,22.0,station
2024-09-09,26.4,26.1,25.0,25.6,25.1,25.8,26.0,25.2,27.4,25.4,25.64,0.61,-0.32,71,36,16.1,18.59,6.0,-0.9358,-0.3524,26.0,28.0,28.0,station
2024-09-10,26.2,26.6,24.7,26.7,26.9,26.3,26.7,24.4,26.5,25.0,26.22,0.89,0.44,56,28,14.8,19.17,0.0,-0.9418,-0.3363,27.0,28.0,28.0,station
2024-09-11,23.4,22.9,23.7,25.0,24.8,23.0,22.5,23.7,23.4,20.3,23.96,0.91,1.38,82,65,12.3,10.68,2.9,-0.9474,-0.32,22.3,24.0,24.0,station
2024-09-12,20.1,21.1,20.9,22.5,19.0,20.4,21.4,20.8,23.2,21.4,20.72,1.29,-0.72,56,83,31.9,15.34,36.6,-0.9528,-0.3037,20.1,22.0,22.0,station
2024-09-13,17.9,19.2,19.8,20.5,19.7,18.1,18.7,20.7,20.4,19.9,19.42,0.97,-0.14,33,25,33.8,19.57,0.0,-0.9579,-0.2873,18.5,22.0,22.0,station
2024-09-14,17.7,21.9,20.2,22.5,24.0,17.6,22.0,20.5,20.5,23.7,21.26,2.41,0.4,37,78,33.3,18.02,0.0,-0.9627,-0.2707,18.7,22.0,22.0,station
2024-09-15,23.2,25.4,22.4,27.4,26.6,23.4,26.1,21.9,26.9,25.9,25.0,2.15,0.16,45,3,16.8,19.37,0.0,-0.9672,-0.2541,25.1,29.0,29.0,station
2024-09-16,21.6,23.1,20.7,23.0,25.2,20.6,23.4,21.1,23.7,25.1,22.72,1.71,-0.06,45,64,26.2,15.55,0.0,-0.9714,-0.2375,22.2,23.0,23.0,station
2024-09-17,18.4,18.4,15.5,18.3,19.6,19.1,20.0,14.0,18.3,21.5,18.04,1.52,-0.54,66,50,17.3,14.64,0.3,-0.9753,-0.2207,18.6,19.0,19.0,station
2024-09-18,20.2,19.0,20.4,18.1,21.7,20.4,20.3,21.3,20.0,22.8,19.88,1.38,-1.08,80,59,14.0,9.8,2.1,-0.979,-0.2039,18.6,18.0,18.0,station
2024-09-19,21.7,21.3,23.1,21.0,24.2,21.7,21.8,22.0,22.1,24.4,22.26,1.35,-0.14,73,53,11.6,16.25,0.6,-0.9824,-0.187,22.6,24.0,24.0,station
2024-09-20,22.5,22.8,23.3,22.4,23.6,22.3,22.8,23.9,23.0,23.1,22.92,0.52,-0.1,72,57,12.1,10.11,0.0,-0.9854,-0.1701,22.8,22.0,22.0,station
2024-09-21,21.9,22.4,23.5,22.8,22.0,21.8,22.5,23.7,22.3,23.6,22.52,0.65,-0.26,72,26,16.7,14.84,0.0,-0.9882,-0.1531,22.0,24.0,24.0,station
2024-09-22,21.6,21.6,22.6,22.7,22.2,21.7,21.7,23.3,21.3,21.5,22.14,0.53,0.24,76,77,10.5,11.19,0.1,-0.9907,-0.1361,21.6,23.0,23.0,station
2024-09-23,18.0,17.6,17.5,18.3,18.1,19.3,17.6,17.7,18.7,20.3,17.9,0.34,-0.82,89,91,13.9,3.61,9.0,-0.9929,-0.1191,18.5,18.0,18.0,station
2024-09-24,20.0,19.3,20.6,20.6,19.5,20.5,20.2,20.6,20.7,19.3,20.0,0.6,-0.26,86,59,11.2,12.17,2.8,-0.9948,-0.102,19.7,20.0,20.0,station
2024-09-25,18.9,18.9,19.0,19.4,16.9,18.5,18.3,18.2,17.9,17.5,18.62,0.98,0.54,86,59,8.9,11.73,1.0,-0.9964,-0.0848,19.0,20.0,20.0,station
2024-09-26,17.4,17.3,18.0,16.8,16.5,17.3,16.9,17.9,16.5,16.0,17.2,0.58,0.28,88,99,16.9,2.39,17.9,-0.9977,-0.0677,17.4,17.0,17.0,station
2024-09-27,21.3,20.9,18.8,21.9,19.1,21.0,20.8,18.9,21.7,18.8,20.4,1.37,0.16,89,73,21.2,8.75,10.8,-0.9987,-0.0505,21.8,23.0,23.0,station
2024-09-28,20.8,22.4,21.5,22.0,20.6,21.5,21.3,19.4,22.2,20.4,21.46,0.77,0.5,61,18,28.6,15.62,0.0,-0.9994,-0.0333,22.2,24.0,24.0,station
2024-09-29,18.9,19.2,18.6,19.7,18.0,19.2,19.9,18.4,19.5,17.7,18.88,0.64,-0.06,59,62,18.6,13.72,0.2,-0.9999,-0.0161,19.4,21.0,21.0,station
2024-09-30,17.8,17.8,19.3,20.0,18.5,17.8,17.9,18.0,18.8,17.5,18.68,0.96,0.68,71,77,11.3,10.31,0.0,-1.0,0.0011,19.1,21.0,21.0,station
2024-10-01,17.4,17.0,18.2,17.3,17.2,17.6,16.7,16.2,18.1,17.2,17.42,0.46,0.26,80,96,8.5,6.88,2.9,-0.9998,0.0183,18.3,19.0,19.0,station
2024-10-02,21.1,19.3,20.7,20.3,19.3,20.8,19.2,18.2,20.2,19.1,20.14,0.82,0.64,87,72,9.1,10.99,7.3,-0.9994,0.0355,19.5,20.0,20.0,station
2024-10-03,13.8,15.9,15.6,15.6,14.8,13.8,15.7,14.7,15.4,14.6,15.14,0.85,0.3,92,100,13.7,1.69,35.7,-0.9986,0.0527,14.3,17.0,17.0,station
2024-10-04,16.0,16.7,17.0,17.2,15.6,16.5,16.3,15.2,16.3,15.3,16.5,0.68,0.58,89,93,9.9,6.59,4.3,-0.9976,0.0698,15.3,17.0,17.0,station
2024-10-05,17.9,17.1,17.5,16.5,16.1,17.8,17.2,17.2,17.0,16.0,17.02,0.73,-0.02,85,19,7.8,13.65,0.3,-0.9962,0.087,17.1,19.0,19.0,station
2024-10-06,15.4,14.9,17.2,16.4,15.6,16.7,15.9,16.7,15.8,16.1,15.9,0.91,-0.34,82,67,7.9,9.12,0.0,-0.9946,0.1041,16.9,17.0,17.0,station
2024-10-07,14.9,15.2,13.9,13.3,13.6,14.6,15.4,15.6,14.0,14.1,14.18,0.83,-0.56,87,89,12.0,2.77,4.5,-0.9926,0.1212,15.0,15.0,15.0,station
2024-10-08,14.2,14.5,13.6,14.6,15.0,14.9,14.6,13.2,14.7,15.0,14.38,0.52,-0.1,96,100,12.6,1.34,53.4,-0.9904,0.1383,15.2,15.0,15.0,station
2024-10-09,18.7,17.5,16.2,18.5,15.7,18.6,17.1,17.2,18.0,16.0,17.32,1.34,-0.06,93,95,23.7,6.4,3.6,-0.9879,0.1553,18.7,18.0,18.0,station
2024-10-10,20.4,18.7,15.9,20.2,19.4,20.5,18.5,15.1,19.8,19.0,18.92,1.82,0.34,84,61,17.7,8.33,22.7,-0.9851,0.1722,20.7,21.0,21.0,station
2024-10-11,20.0,20.0,18.9,20.1,17.1,20.0,19.5,17.8,19.8,16.7,19.22,1.28,0.46,68,12,17.5,13.1,0.0,-0.9819,0.1892,20.1,21.0,21.0,station
2024-10-12,16.2,16.7,17.7,18.2,14.7,18.0,16.5,16.7,18.0,13.5,16.7,1.37,0.16,80,81,16.2,8.03,1.5,-0.9785,0.206,17.3,18.0,18.0,station
2024-10-13,18.7,18.7,18.2,19.6,18.6,18.5,19.1,18.3,19.2,18.1,18.76,0.51,0.12,76,75,9.9,11.94,0.0,-0.9749,0.2228,19.9,20.0,20.0,station
2024-10-14,18.7,18.0,17.7,19.4,16.8,18.1,18.2,17.7,16.0,15.0,18.12,0.99,1.12,88,71,8.0,5.74,0.2,-0.9709,0.2396,18.1,19.0,19.0,station
2024-10-15,20.5,18.3,19.3,19.9,18.7,20.5,18.6,18.7,18.9,18.7,19.34,0.89,0.26,88,83,8.3,11.25,0.0,-0.9666,0.2562,20.0,21.0,21.0,station
2024-10-16,15.7,16.1,17.0,16.3,14.7,16.1,15.7,15.1,16.2,14.6,15.96,0.85,0.42,94,100,17.1,1.68,29.5,-0.9621,0.2728,16.2,17.0,17.0,station
2024-10-17,16.6,16.1,15.3,15.9,16.3,16.1,16.4,15.1,16.1,15.8,16.04,0.49,0.14,95,100,15.9,1.77,34.4,-0.9572,0.2893,16.9,17.0,17.0,station
2024-10-18,16.3,16.9,18.4,18.3,16.6,17.6,16.9,18.3,18.4,17.5,17.3,0.98,-0.44,93,86,16.4,4.9,26.8,-0.9521,0.3057,18.3,20.0,20.0,station
2024-10-19,18.2,17.9,15.3,19.0,17.6,18.7,19.0,16.0,17.9,17.3,17.6,1.39,-0.18,87,95,13.0,4.29,3.0,-0.9467,0.3221,17.6,17.0,17.0,station
2024-10-20,17.9,17.4,15.4,16.7,16.4,17.0,17.5,19.4,19.3,17.6,16.76,0.96,-1.4,87,88,18.2,4.26,6.0,-0.941,0.3383,19.0,19.0,19.0,station
2024-10-21,20.6,20.9,20.4,19.5,19.2,21.0,20.5,20.0,20.6,18.2,20.12,0.73,0.06,86,55,7.7,9.97,0.3,-0.9351,0.3545,20.8,21.0,21.0,station
2024-10-22,20.3,20.2,20.8,20.3,19.3,20.7,20.6,20.2,20.6,19.3,20.18,0.54,-0.1,89,51,7.2,9.91,0.3,-0.9288,0.3705,20.3,22.0,22.0,station
2024-10-23,18.6,18.7,16.6,19.6,17.0,19.9,18.9,15.6,18.3,16.9,18.1,1.26,0.18,93,81,10.1,5.72,12.9,-0.9223,0.3864,18.7,18.0,18.0,station
2024-10-24,16.4,16.2,15.7,15.5,15.7,16.1,16.1,15.2,16.1,16.1,15.9,0.38,-0.02,93,76,12.3,4.73,4.1,-0.9155,0.4022,17.8,17.0,17.0,station
2024-10-25,16.0,15.7,15.9,15.4,15.7,16.4,16.1,14.9,16.4,15.2,15.74,0.23,-0.06,93,97,11.3,2.33,3.4,-0.9085,0.4179,16.3,16.0,16.0,station
2024-10-26,16.0,16.1,14.8,16.5,15.9,15.8,15.8,15.0,16.6,15.9,15.86,0.63,0.04,94,100,17.5,2.7,13.7,-0.9012,0.4335,16.8,17.0,17.0,station
2024-10-27,18.3,17.8,16.3,18.3,16.0,18.1,17.8,18.8,18.2,15.5,17.34,1.11,-0.34,93,97,14.6,3.5,17.4,-0.8936,0.4489,17.9,18.0,18.0,station
2024-10-28,19.7,19.3,19.0,19.1,18.1,20.0,19.8,18.9,18.5,17.9,19.04,0.59,0.02,89,16,8.9,10.23,0.0,-0.8857,0.4642,19.3,20.0,20.0,station
2024-10-29,19.9,19.0,19.6,18.6,17.5,19.4,19.5,19.4,17.8,16.2,18.92,0.94,0.46,90,11,9.1,10.29,0.0,-0.8776,0.4794,19.4,20.0,20.0,station
2024-10-30,20.1,19.0,20.1,19.6,18.1,20.2,19.5,20.0,18.1,17.8,19.38,0.85,0.26,91,6,8.4,10.02,0.0,-0.8692,0.4944,19.4,21.0,21.0,station
2024-10-31,20.3,18.9,19.9,20.2,18.2,20.4,19.5,19.9,18.6,18.0,19.5,0.91,0.22,89,15,6.9,9.1,0.0,-0.8606,0.5093,18.6,21.0,21.0,station
2024-11-01,19.7,17.2,18.8,19.4,17.1,19.5,17.2,19.0,17.8,16.8,18.44,1.22,0.38,90,10,9.5,10.04,0.0,-0.8517,0.524,18.3,20.0,20.0,station
2024-11-02,19.2,17.3,18.6,18.6,16.0,19.1,17.3,18.6,18.0,15.8,17.94,1.29,0.18,89,23,7.7,9.88,0.0,-0.8426,0.5386,18.1,20.0,20.0,station
2024-11-03,16.1,15.7,17.9,16.8,14.9,15.6,16.0,17.9,16.8,14.6,16.28,1.14,0.1,87,74,10.1,9.66,0.0,-0.8332,0.553,16.8,17.0,17.0,station
2024-11-04,16.7,14.8,17.4,15.8,14.9,16.5,15.1,17.6,15.5,14.3,15.92,1.13,0.12,93,40,9.1,8.32,0.0,-0.8235,0.5672,14.7,15.0,15.0,station
2024-11-05,15.3,13.7,16.6,13.7,12.2,15.4,14.8,16.6,14.2,12.8,14.3,1.69,-0.46,95,70,6.4,7.6,0.0,-0.8137,0.5813,13.6,14.0,14.0,station
2024-11-06,14.8,13.5,15.6,15.5,12.6,15.1,13.8,15.9,12.5,11.8,14.4,1.31,0.58,94,88,7.4,7.9,0.0,-0.8035,0.5952,13.4,14.0,14.0,station
2024-11-07,14.6,13.7,15.5,15.2,12.2,14.9,14.0,15.4,15.4,12.0,14.24,1.33,-0.1,94,85,7.1,7.02,0.0,-0.7932,0.609,13.4,16.0,16.0,station
2024-11-08,13.3,11.8,14.9,13.4,10.7,14.4,13.3,15.0,13.4,10.7,12.82,1.61,-0.54,95,100,5.6,5.08,0.0,-0.7826,0.6225,11.0,11.0,11.0,station
2024-11-09,14.1,13.0,14.8,14.3,12.3,14.0,13.6,14.8,15.5,12.7,13.7,1.02,-0.42,90,79,8.5,8.05,0.0,-0.7718,0.6359,13.5,15.0,15.0,station
2024-11-10,15.5,14.8,15.6,14.7,12.5,15.5,15.0,15.6,14.3,12.4,14.62,1.25,0.06,90,45,10.4,8.38,0.0,-0.7607,0.6491,14.8,16.0,16.0,station
2024-11-11,13.0,13.6,14.4,13.8,10.7,13.6,14.2,14.2,13.4,11.6,13.1,1.43,-0.3,84,23,9.9,8.8,0.0,-0.7494,0.6621,13.6,15.0,15.0,station
2024-11-12,11.4,11.7,12.1,12.2,10.6,12.0,12.7,11.9,12.0,10.2,11.6,0.64,-0.16,67,99,9.4,5.91,0.0,-0.7379,0.6749,12.5,13.0,13.0,station
2024-11-13,11.8,12.4,12.1,11.3,9.0,11.6,12.2,11.9,11.6,9.5,11.32,1.36,-0.04,81,47,7.7,8.21,0.1,-0.7262,0.6875,12.4,13.0,13.0,station
2024-11-14,9.8,10.5,11.0,10.1,8.9,10.3,10.4,11.4,10.5,8.7,10.06,0.79,-0.2,77,17,10.2,8.34,0.0,-0.7143,0.6998,12.0,12.0,12.0,station
2024-11-15,11.4,9.7,11.4,11.3,8.7,11.7,10.5,11.7,10.3,8.1,10.5,1.24,0.04,85,8,5.2,8.36,0.0,-0.7021,0.712,11.8,12.0,12.0,station
2024-11-16,11.0,9.1,11.4,10.9,7.2,10.6,9.4,11.3,6.7,6.9,9.92,1.76,0.94,93,48,5.5,6.34,0.0,-0.6898,0.724,8.5,9.0,9.0,station
2024-11-17,11.3,10.5,11.7,12.5,8.0,11.8,10.5,11.5,11.6,7.9,10.8,1.72,0.14,88,60,7.9,7.28,0.0,-0.6772,0.7358,11.6,12.0,12.0,station
2024-11-18,9.1,9.8,11.6,10.6,6.8,9.8,9.7,10.7,14.2,5.7,9.58,1.81,-0.44,89,74,4.7,5.15,0.0,-0.6645,0.7473,9.6,8.0,8.0,station
2024-11-19,10.1,10.2,10.9,9.5,8.6,9.4,10.4,11.1,9.7,6.5,9.86,0.86,0.44,95,94,5.7,2.89,0.0,-0.6515,0.7586,9.0,10.0,10.0,station
2024-11-20,11.3,13.0,13.4,13.2,10.6,10.6,13.3,14.0,12.6,8.8,12.3,1.26,0.44,70,75,26.9,4.82,1.7,-0.6384,0.7697,11.7,15.0,15.0,station
2024-11-21,7.4,7.7,7.0,6.4,5.9,6.9,6.7,7.4,7.9,6.4,6.88,0.73,-0.18,63,76,16.2,3.99,6.5,-0.625,0.7806,8.1,8.0,8.0,station
2024-11-22,5.4,10.2,7.3,8.0,7.7,5.2,9.4,8.1,7.5,6.8,7.72,1.72,0.32,67,27,25.5,7.88,0.3,-0.6115,0.7912,5.6,9.0,9.0,station
2024-11-23,4.9,8.3,6.5,8.7,5.8,5.2,9.1,6.1,8.0,6.0,6.84,1.62,-0.04,61,46,17.0,7.43,0.0,-0.5978,0.8016,8.5,10.0,10.0,station
2024-11-24,6.7,9.0,8.3,10.7,7.0,6.4,9.4,7.9,9.1,6.5,8.34,1.62,0.48,62,94,11.8,5.95,0.0,-0.584,0.8118,10.6,10.0,10.0,station
2024-11-25,10.2,10.3,7.5,8.2,6.2,11.0,10.2,7.4,7.5,5.0,8.48,1.77,0.26,81,100,7.3,2.01,0.5,-0.5699,0.8217,9.3,9.0,9.0,station
2024-11-26,12.0,10.6,9.8,11.4,8.1,12.1,11.2,10.4,8.6,7.3,10.38,1.52,0.46,93,94,5.9,6.15,3.2,-0.5557,0.8314,11.6,10.0,10.0,station
2024-11-27,12.6,11.4,11.5,11.8,9.2,11.8,11.5,10.4,11.2,9.6,11.3,1.26,0.4,93,61,4.7,5.23,0.0,-0.5413,0.8408,11.9,13.0,13.0,station
2024-11-28,11.3,10.1,11.1,11.6,9.5,12.1,10.1,10.9,12.1,7.9,10.72,0.88,0.1,91,70,7.6,5.11,0.0,-0.5268,0.85,12.1,13.0,13.0,station
2024-11-29,10.8,10.6,11.1,10.5,9.3,11.2,10.2,10.9,10.8,9.0,10.46,0.69,0.04,93,58,8.7,3.86,0.0,-0.5121,0.859,11.3,9.0,9.0,station
2024-11-30,9.7,8.5,9.4,7.8,8.2,9.3,8.4,8.8,9.2,6.9,8.72,0.8,0.2,86,35,8.6,6.64,0.0,-0.4972,0.8676,11.0,11.0,11.0,station
2024-12-01,10.1,9.2,9.6,8.7,6.7,10.1,9.5,9.4,7.7,6.4,8.86,1.31,0.24,87,6,9.7,6.72,0.0,-0.4822,0.8761,10.3,12.0,12.0,station
2024-12-02,10.6,9.6,9.4,10.1,5.8,11.0,9.9,9.6,8.6,5.9,9.1,1.9,0.1,86,29,6.3,6.58,0.0,-0.4671,0.8842,9.1,12.0,12.0,station
2024-12-03,8.3,8.9,9.3,9.9,5.5,9.7,9.5,8.9,9.0,4.9,8.38,1.71,-0.02,84,58,8.3,5.69,0.1,-0.4518,0.8921,9.7,11.0,11.0,station
2024-12-04,10.2,11.0,9.2,10.2,7.3,8.2,10.8,9.5,10.5,8.3,9.58,1.43,0.12,77,39,11.4,6.65,0.0,-0.4364,0.8998,10.5,12.0,12.0,station
2024-12-05,8.2,8.2,7.8,8.4,5.9,7.9,8.6,7.8,8.4,5.5,7.7,1.03,0.06,79,34,12.7,6.46,0.0,-0.4208,0.9071,8.8,9.0,9.0,station
2024-12-06,8.2,7.5,8.0,9.1,6.3,8.3,8.0,7.7,8.3,5.5,7.82,1.03,0.26,82,55,13.6,5.98,0.9,-0.4052,0.9142,8.1,10.0,10.0,station
2024-12-07,6.6,5.6,6.6,6.8,2.8,6.7,5.4,6.2,4.7,2.8,5.68,1.68,0.52,87,88,9.1,3.76,2.1,-0.3894,0.9211,4.7,5.0,5.0,station
2024-12-08,3.3,5.9,5.0,6.4,5.8,5.4,6.4,4.7,4.2,4.0,5.28,1.22,0.34,96,100,10.1,1.59,2.0,-0.3735,0.9276,5.4,6.0,6.0,station
2024-12-09,7.3,7.7,6.7,6.7,5.4,4.6,7.4,6.5,7.5,5.6,6.76,0.87,0.44,89,89,7.9,5.28,0.8,-0.3575,0.9339,8.9,8.0,8.0,station
2024-12-10,7.3,7.6,7.5,7.4,5.5,7.3,8.1,7.2,8.0,5.2,7.06,0.88,-0.1,85,92,9.0,3.12,0.1,-0.3413,0.9399,8.3,7.0,7.0,station
2024-12-11,8.5,9.2,8.5,9.0,6.6,7.6,9.0,7.2,8.7,6.1,8.36,1.03,0.64,82,19,11.9,6.26,0.0,-0.3251,0.9457,10.3,10.0,10.0,station
2024-12-12,7.4,6.9,7.8,7.3,5.1,6.7,7.2,7.3,5.7,2.4,6.9,1.06,1.04,92,39,5.9,5.67,0.0,-0.3088,0.9511,7.9,8.0,8.0,station
2024-12-13,5.8,4.9,6.9,2.9,3.7,5.2,5.2,6.5,3.6,3.2,4.84,1.6,0.1,95,100,6.6,2.71,0.0,-0.2924,0.9563,4.1,5.0,5.0,station
2024-12-14,2.1,4.7,5.4,5.5,4.3,4.5,5.8,6.2,4.3,4.0,4.4,1.38,-0.56,98,97,7.7,2.66,1.1,-0.2759,0.9612,5.0,8.0,8.0,station
2024-12-15,11.0,9.4,8.5,12.1,8.6,11.0,9.6,8.5,10.7,8.5,9.92,1.58,0.26,65,33,17.5,6.14,0.0,-0.2593,0.9658,12.7,9.0,9.0,station
2024-12-16,10.4,10.8,9.2,9.1,7.1,10.6,10.1,8.8,9.5,6.1,9.32,1.44,0.3,72,28,11.4,6.15,0.0,-0.2427,0.9701,12.0,14.0,14.0,station
2024-12-17,10.4,9.0,9.7,10.6,8.6,9.5,8.1,8.9,9.3,8.2,9.66,0.86,0.86,84,55,5.4,5.84,0.0,-0.226,0.9741,10.5,13.0,13.0,station
2024-12-18,9.5,8.8,9.8,10.1,7.1,10.0,9.0,9.1,9.6,6.1,9.06,1.2,0.3,94,66,6.2,4.53,0.0,-0.2092,0.9779,9.9,12.0,12.0,station
2024-12-19,6.5,7.2,6.9,5.9,5.5,5.9,7.3,7.0,4.9,5.4,6.4,0.7,0.3,98,100,10.1,0.93,4.7,-0.1923,0.9813,6.8,7.0,7.0,station
2024-12-20,9.2,10.4,9.4,10.8,8.5,8.8,10.6,9.2,10.5,8.5,9.66,0.93,0.14,39,48,34.0,6.25,0.0,-0.1754,0.9845,10.1,12.0,12.0,station
2024-12-21,7.3,9.0,6.5,8.2,5.3,6.9,8.3,6.3,7.2,4.4,7.26,1.44,0.64,61,38,14.7,6.27,0.0,-0.1585,0.9874,8.8,10.0,10.0,station
2024-12-22,7.1,5.7,5.3,7.8,2.8,7.0,5.4,5.7,6.6,2.5,5.74,1.93,0.3,77,83,10.9,2.46,1.6,-0.1414,0.9899,7.0,5.0,5.0,station
2024-12-23,6.7,8.3,7.8,9.6,5.3,7.4,9.1,8.8,7.8,5.1,7.54,1.63,-0.1,45,36,23.4,5.83,0.0,-0.1244,0.9922,9.4,10.0,10.0,station
2024-12-24,9.6,11.1,8.3,11.1,7.6,9.0,10.9,7.6,10.3,7.0,9.54,1.59,0.58,36,28,25.2,6.02,0.0,-0.1073,0.9942,11.2,13.0,13.0,station
2024-12-25,7.7,9.9,7.0,9.1,5.8,9.1,10.1,6.7,7.8,5.2,7.9,1.64,0.12,64,2,12.0,6.37,0.0,-0.0902,0.9959,9.7,12.0,12.0,station
2024-12-26,8.5,8.7,7.3,8.6,4.5,8.5,9.4,7.0,6.9,3.3,7.52,1.78,0.5,74,0,9.2,6.35,0.0,-0.073,0.9973,9.5,12.0,12.0,station
2024-12-27,10.2,9.3,9.0,9.5,6.0,9.9,9.2,8.6,9.7,3.7,8.8,1.63,0.58,63,0,11.4,6.38,0.0,-0.0559,0.9984,9.7,12.0,12.0,station
2024-12-28,11.7,9.6,10.3,10.4,8.1,11.4,10.0,9.9,10.3,7.9,10.02,1.31,0.12,76,17,8.4,6.27,0.0,-0.0387,0.9993,11.5,14.0,14.0,station
2024-12-29,11.8,10.5,10.8,11.1,7.6,11.3,9.9,10.3,10.9,7.3,10.36,1.62,0.42,77,0,8.5,6.29,0.0,-0.0215,0.9998,10.9,14.0,14.0,station
2024-12-30,11.2,9.1,10.2,11.3,7.2,10.9,9.2,10.0,9.3,6.2,9.8,1.7,0.68,77,1,9.4,6.34,0.0,-0.0043,1.0,10.7,14.0,14.0,station
2024-12-31,9.6,7.4,9.5,10.2,5.6,9.3,7.0,9.2,8.2,4.9,8.46,1.92,0.74,81,1,7.4,6.35,0.0,0.0129,0.9999,9.6,,,
2025-01-01,8.2,7.2,8.7,10.5,5.0,8.5,6.3,8.7,8.7,4.7,7.92,2.02,0.54,85,48,7.6,4.28,0.0,0.0172,0.9999,9.6,10.0,10.0,station
2025-01-02,5.8,6.8,7.4,8.5,6.1,5.5,6.3,6.7,7.3,5.5,6.92,1.08,0.66,92,99,7.8,2.03,0.4,0.0344,0.9994,7.7,7.0,7.0,station
2025-01-03,8.9,9.6,10.2,10.5,8.3,9.9,9.0,9.7,10.3,6.9,9.5,0.91,0.34,61,49,16.6,6.29,0.1,0.0516,0.9987,11.6,14.0,14.0,station
2025-01-04,4.3,5.1,6.1,5.9,3.1,5.6,5.3,6.4,5.7,3.7,4.9,1.23,-0.44,85,77,8.2,2.21,0.6,0.0688,0.9976,5.6,6.0,6.0,station
2025-01-05,6.0,4.8,4.9,5.0,3.9,4.7,5.2,4.8,5.0,3.4,4.92,0.75,0.3,77,100,9.3,3.36,0.1,0.0859,0.9963,6.2,5.0,5.0,station
2025-01-06,4.1,5.1,4.6,4.3,3.1,4.5,5.0,4.3,3.9,2.6,4.24,0.74,0.18,97,100,4.9,0.72,11.3,0.103,0.9947,4.1,4.0,4.0,station
2025-01-07,9.0,6.5,6.9,8.1,5.0,9.4,7.2,6.6,8.0,4.8,7.1,1.53,-0.1,90,70,8.3,5.03,6.6,0.1201,0.9928,8.2,8.0,8.0,station
2025-01-08,9.5,8.3,8.3,7.5,6.7,10.4,7.8,7.7,7.4,5.3,8.06,1.04,0.34,83,81,9.7,4.07,0.1,0.1372,0.9905,9.9,7.0,7.0,station
2025-01-09,6.9,7.7,7.7,9.0,6.8,8.6,8.2,8.2,8.6,6.5,7.62,0.88,-0.4,93,89,8.6,2.13,2.2,0.1542,0.988,7.7,8.0,8.0,station
2025-01-10,8.7,11.1,9.1,9.2,7.3,9.0,11.4,8.9,11.1,6.7,9.08,1.36,-0.34,71,85,20.7,4.69,0.4,0.1712,0.9852,10.5,10.0,10.0,station
2025-01-11,6.2,6.9,6.5,7.3,5.4,7.0,7.6,6.5,6.6,5.4,6.46,0.72,-0.16,78,50,12.1,5.5,0.0,0.1881,0.9821,7.7,7.0,7.0,station
2025-01-12,5.9,7.0,5.6,5.9,4.4,5.5,7.7,5.7,5.5,4.3,5.76,0.93,0.02,46,0,15.7,7.18,0.0,0.205,0.9788,7.2,8.0,8.0,station
2025-01-13,4.8,5.8,5.3,4.9,3.3,5.2,5.7,5.2,3.1,2.9,4.82,0.94,0.4,64,2,10.3,7.32,0.0,0.2218,0.9751,6.4,7.0,7.0,station
2025-01-14,4.4,5.1,4.9,4.8,2.6,4.3,5.1,4.9,4.2,2.6,4.36,1.02,0.14,76,9,8.2,7.17,0.0,0.2385,0.9711,4.9,5.0,5.0,station
2025-01-15,7.6,5.8,6.3,6.2,2.8,8.0,5.4,6.3,4.5,2.7,5.74,1.78,0.36,73,6,10.0,6.96,0.0,0.2552,0.9669,7.3,6.0,6.0,station
2025-01-16,8.9,7.8,6.0,7.4,5.8,8.7,8.2,6.4,6.6,5.4,7.18,1.29,0.12,66,22,10.6,7.04,0.0,0.2718,0.9624,8.5,9.0,9.0,station
2025-01-17,7.6,6.8,6.3,6.2,5.1,8.0,7.1,6.9,6.0,5.2,6.4,0.91,-0.24,78,1,7.9,7.26,0.0,0.2883,0.9575,7.0,7.0,7.0,station
2025-01-18,11.1,7.0,8.6,8.7,6.6,10.7,7.4,8.8,7.3,6.8,8.4,1.78,0.2,75,33,9.8,6.95,0.0,0.3047,0.9524,8.2,9.0,9.0,station
2025-01-19,6.4,6.7,7.6,7.6,5.6,6.3,7.1,6.5,9.9,5.8,6.78,0.85,-0.34,77,100,10.8,1.59,2.1,0.3211,0.9471,7.4,7.0,7.0,station
2025-01-20,6.2,6.5,6.7,8.8,7.0,6.5,6.8,8.7,7.0,7.8,7.04,1.03,-0.32,92,100,14.7,1.34,5.8,0.3373,0.9414,7.7,7.0,7.0,station
2025-01-21,10.8,8.6,8.9,9.3,8.3,9.6,8.5,9.8,9.7,8.8,9.18,0.98,-0.1,88,56,11.6,5.73,3.6,0.3534,0.9355,10.8,11.0,11.0,station
2025-01-22,5.1,6.3,5.8,6.5,6.1,5.6,6.7,5.4,6.5,5.6,5.96,0.55,-0.0,97,100,7.8,1.12,2.9,0.3695,0.9292,6.4,7.0,7.0,station
2025-01-23,9.2,7.1,7.6,9.0,9.0,9.5,7.4,7.3,9.5,8.3,8.38,0.96,-0.02,88,57,5.9,5.28,2.6,0.3854,0.9227,10.0,10.0,10.0,station
2025-01-24,11.4,8.7,9.5,10.2,7.6,11.4,7.6,8.9,8.0,7.6,9.48,1.44,0.78,92,71,8.1,6.56,0.0,0.4012,0.916,8.6,11.0,11.0,station
2025-01-25,8.0,8.2,6.5,6.3,6.4,8.8,8.0,6.6,6.0,5.8,7.08,0.94,0.04,98,100,6.1,1.56,3.2,0.4169,0.9089,7.1,7.0,7.0,station
2025-01-26,10.8,7.3,6.5,8.8,7.4,10.2,7.8,6.8,10.8,8.1,8.16,1.69,-0.58,91,93,16.5,4.16,21.8,0.4325,0.9016,9.7,9.0,9.0,station
2025-01-27,6.7,7.3,6.4,7.4,6.9,6.7,7.2,6.1,7.7,6.6,6.94,0.42,0.08,97,100,14.4,0.91,23.6,0.4479,0.8941,7.2,7.0,7.0,station
2025-01-28,10.5,7.1,6.8,10.9,9.2,11.5,6.5,7.2,11.3,8.5,8.9,1.89,-0.1,92,89,10.9,5.23,24.2,0.4633,0.8862,9.9,11.0,11.0,station
2025-01-29,11.0,9.7,9.1,11.1,8.3,11.6,9.3,8.6,10.5,8.4,9.84,1.21,0.16,82,39,11.0,8.49,0.0,0.4784,0.8781,11.4,11.0,11.0,station
2025-01-30,8.9,8.9,8.8,9.1,8.3,7.0,9.1,7.2,8.5,8.2,8.8,0.3,0.8,90,94,10.2,4.31,0.7,0.4935,0.8698,9.7,9.0,9.0,station
2025-01-31,7.2,8.6,7.4,8.4,7.1,7.1,9.6,8.7,7.6,6.1,7.74,0.71,-0.08,92,83,9.5,3.1,3.8,0.5084,0.8611,8.0,8.0,8.0,station
2025-02-01,6.6,7.8,6.8,7.3,7.4,6.3,7.9,7.2,7.7,8.0,7.18,0.48,-0.24,93,100,15.1,1.21,7.4,0.5231,0.8523,7.6,8.0,8.0,station
2025-02-02,13.0,11.3,11.2,12.0,10.3,13.2,11.1,11.3,11.5,10.2,11.56,1.01,0.1,79,23,9.7,9.01,0.0,0.5377,0.8432,12.7,13.0,13.0,station
2025-02-03,12.4,11.4,11.2,11.3,8.9,13.0,11.4,11.1,11.5,9.3,11.04,1.29,-0.22,76,2,10.8,9.45,0.0,0.5521,0.8338,13.3,14.0,14.0,station
2025-02-04,9.0,6.8,9.6,9.3,6.9,9.9,7.6,10.0,8.5,6.4,8.32,1.36,-0.16,83,14,10.1,8.46,0.0,0.5664,0.8242,9.6,8.0,8.0,station
2025-02-05,12.0,9.5,10.7,9.6,8.3,12.0,9.0,10.9,8.3,7.9,10.02,1.4,0.4,86,13,9.1,9.1,0.0,0.5805,0.8143,9.7,11.0,11.0,station
2025-02-06,10.9,9.8,10.4,11.2,8.2,11.1,10.5,10.3,9.6,7.4,10.1,1.19,0.32,83,13,8.8,9.48,0.0,0.5944,0.8042,9.7,11.0,11.0,station
2025-02-07,6.7,7.1,6.4,6.8,5.3,6.9,7.5,6.1,6.8,4.5,6.46,0.69,0.1,75,85,9.1,5.25,0.0,0.6081,0.7938,6.8,7.0,7.0,station
2025-02-08,4.2,4.6,6.3,4.8,4.7,4.6,5.1,6.3,5.3,3.9,4.92,0.8,-0.12,91,100,9.5,1.55,9.1,0.6217,0.7833,4.0,4.0,4.0,station
2025-02-09,7.1,5.7,6.0,8.6,7.5,6.9,6.4,6.6,8.9,7.5,6.98,1.17,-0.28,94,100,11.4,1.89,12.1,0.6351,0.7725,7.6,8.0,8.0,station
2025-02-10,9.9,8.9,8.1,10.4,8.7,9.5,7.5,7.4,8.8,8.2,9.2,0.93,0.92,89,98,4.7,5.3,1.6,0.6483,0.7614,10.7,10.0,10.0,station
2025-02-11,8.7,8.7,7.6,9.1,8.6,7.8,8.5,7.1,9.1,7.9,8.54,0.56,0.46,95,100,5.2,2.12,3.4,0.6613,0.7502,8.8,8.0,8.0,station
2025-02-12,8.6,8.5,7.6,9.3,8.9,8.1,8.4,7.1,8.6,8.4,8.58,0.63,0.46,95,97,5.6,2.49,2.3,0.6741,0.7387,9.6,8.0,8.0,station
2025-02-13,10.5,9.4,10.3,10.8,9.6,11.0,9.9,10.3,10.7,9.8,10.12,0.6,-0.22,90,89,7.6,5.69,1.3,0.6867,0.727,11.0,11.0,11.0,station
2025-02-14,9.2,10.6,10.9,10.6,8.1,8.8,12.0,10.8,10.3,8.3,9.88,1.19,-0.16,56,51,38.3,9.66,0.4,0.6991,0.715,10.6,12.0,12.0,station
2025-02-15,9.2,8.1,8.3,8.8,6.9,9.4,8.2,8.7,8.6,6.7,8.26,0.87,-0.06,64,10,9.9,11.6,0.0,0.7113,0.7029,10.1,11.0,11.0,station
2025-02-16,6.9,5.6,8.4,8.3,5.5,8.1,6.3,8.5,7.6,5.0,6.94,1.4,-0.16,81,77,7.7,7.17,0.0,0.7233,0.6906,7.2,6.0,6.0,station
2025-02-17,4.6,4.9,6.7,6.7,4.1,5.5,5.8,7.8,4.8,4.0,5.4,1.22,-0.18,74,56,7.0,6.84,0.0,0.735,0.678,6.2,4.0,4.0,station
2025-02-18,5.7,5.3,6.9,6.8,4.3,6.4,5.0,7.6,6.0,4.1,5.8,1.09,-0.02,77,59,9.3,8.24,0.0,0.7466,0.6653,7.0,6.0,6.0,station
2025-02-19,5.5,4.9,5.9,5.9,3.8,6.1,5.3,6.1,5.4,3.3,5.2,0.88,-0.04,67,88,9.3,8.64,0.0,0.7579,0.6523,6.3,5.0,5.0,station
2025-02-20,8.5,7.3,8.0,7.9,6.2,8.4,7.4,8.4,7.9,5.9,7.58,0.88,-0.02,75,29,5.6,11.93,0.0,0.769,0.6392,8.9,9.0,9.0,station
2025-02-21,11.6,9.7,10.1,10.9,8.4,12.0,10.0,10.3,10.3,7.9,10.14,1.22,0.04,75,63,5.2,11.42,0.0,0.7799,0.6259,11.9,12.0,12.0,station
2025-02-22,8.1,8.7,8.3,8.3,6.7,7.7,9.3,7.2,7.9,5.6,8.02,0.77,0.48,88,100,7.4,2.36,1.2,0.7906,0.6124,8.3,8.0,8.0,station
2025-02-23,14.8,11.0,12.0,13.7,10.3,14.2,10.8,11.6,11.3,9.8,12.36,1.87,0.82,85,75,6.1,10.95,0.3,0.801,0.5987,13.5,13.0,13.0,station
2025-02-24,14.2,10.8,12.4,13.3,11.3,13.9,11.1,11.8,12.8,11.0,12.4,1.4,0.28,87,78,7.6,9.36,0.0,0.8112,0.5848,13.7,13.0,13.0,station
2025-02-25,8.7,9.1,9.3,9.5,8.7,8.8,9.2,9.1,9.7,8.9,9.06,0.36,-0.08,98,99,9.6,2.13,6.3,0.8211,0.5708,9.3,9.0,9.0,station
2025-02-26,15.3,13.3,10.1,14.3,11.6,13.5,13.0,10.8,15.7,11.1,12.92,2.09,0.1,65,90,23.6,11.91,0.1,0.8308,0.5566,17.0,16.0,16.0,station
2025-02-27,13.4,12.4,12.1,12.4,10.7,13.6,12.2,11.8,12.9,10.7,12.2,0.97,-0.04,64,27,9.2,12.67,0.0,0.8402,0.5422,13.7,14.0,14.0,station
2025-02-28,12.0,11.7,11.4,12.3,8.6,12.5,11.3,12.2,11.5,10.3,11.2,1.49,-0.36,73,84,11.8,11.91,0.4,0.8495,0.5277,12.7,13.0,13.0,station
2025-03-01,9.4,8.1,7.4,10.7,8.5,8.6,7.5,9.2,9.4,7.3,8.82,1.28,0.42,79,93,14.4,6.66,20.7,0.8584,0.513,10.9,12.0,12.0,station
2025-03-02,12.1,11.6,11.5,11.8,10.2,12.2,11.7,11.7,11.2,10.0,11.44,0.73,0.08,67,23,9.0,12.85,0.0,0.8671,0.4981,12.5,13.0,13.0,station
2025-03-03,14.3,13.3,13.2,13.8,11.2,14.2,13.4,13.1,13.5,10.6,13.16,1.18,0.2,69,14,9.6,14.54,0.0,0.8755,0.4831,14.2,14.0,14.0,station
2025-03-04,15.5,14.0,14.5,15.1,12.7,15.2,14.3,13.9,14.8,12.0,14.36,1.09,0.32,68,0,8.5,14.75,0.0,0.8837,0.468,15.5,16.0,16.0,station
2025-03-05,16.9,15.6,15.5,16.7,14.1,17.0,16.1,14.8,16.5,13.2,15.76,1.12,0.24,61,0,11.8,14.79,0.0,0.8916,0.4527,16.5,17.0,17.0,station
2025-03-06,16.0,15.5,15.3,16.5,14.1,15.9,15.5,15.0,16.1,13.6,15.48,0.9,0.26,63,14,9.9,14.84,0.0,0.8993,0.4373,16.3,17.0,17.0,station
2025-03-07,16.0,15.2,14.9,16.1,14.1,16.1,15.3,14.8,15.9,13.7,15.26,0.83,0.1,62,6,11.1,15.13,0.0,0.9067,0.4218,16.1,17.0,17.0,station
2025-03-08,16.3,15.6,15.8,16.5,14.8,16.4,15.3,15.1,16.6,14.2,15.8,0.67,0.28,60,13,11.1,15.31,0.0,0.9138,0.4061,16.9,17.0,17.0,station
2025-03-09,13.3,13.9,14.1,14.1,13.1,13.6,13.8,13.6,14.7,12.5,13.7,0.47,0.06,65,82,11.4,5.41,0.5,0.9207,0.3904,13.6,15.0,15.0,station
2025-03-10,11.3,10.2,11.3,12.6,11.7,12.4,10.2,11.2,13.6,11.4,11.42,0.86,-0.34,83,97,12.8,7.28,17.9,0.9272,0.3745,12.4,11.0,11.0,station
2025-03-11,11.2,11.2,9.2,11.6,9.4,12.3,11.4,12.0,13.4,11.8,10.52,1.13,-1.66,87,100,7.4,5.89,5.5,0.9335,0.3585,12.3,12.0,12.0,station
2025-03-12,10.8,9.7,8.8,12.8,11.8,11.1,9.9,9.7,12.8,11.1,10.78,1.6,-0.14,86,100,12.3,6.39,19.2,0.9396,0.3424,12.2,11.0,11.0,station
2025-03-13,13.7,11.3,11.3,14.1,12.9,13.1,11.4,11.0,12.9,13.4,12.66,1.31,0.3,84,93,16.8,10.63,7.2,0.9453,0.3261,15.1,14.0,14.0,station
2025-03-14,11.5,9.8,9.9,11.1,11.2,11.9,9.6,9.9,11.5,10.6,10.7,0.79,0.0,86,100,14.2,6.07,8.5,0.9508,0.3098,11.7,11.0,11.0,station
2025-03-15,8.5,9.3,8.6,9.3,10.2,9.9,8.9,8.7,10.6,11.0,9.18,0.68,-0.64,95,100,12.1,2.05,29.6,0.956,0.2934,9.9,11.0,11.0,station
2025-03-16,13.2,10.4,12.6,13.2,11.2,13.9,10.6,12.9,13.2,10.9,12.12,1.26,-0.18,71,38,12.5,15.11,5.1,0.9609,0.2769,14.0,13.0,13.0,station
2025-03-17,15.5,14.2,13.9,14.2,12.4,15.7,14.1,13.9,14.3,12.0,14.04,1.11,0.04,67,6,16.8,17.32,0.0,0.9655,0.2604,15.5,16.0,16.0,station
2025-03-18,8.8,9.4,8.8,9.4,7.2,8.4,9.3,9.5,8.5,7.0,8.72,0.9,0.18,68,60,18.4,11.35,0.3,0.9698,0.2437,9.3,9.0,9.0,station
2025-03-19,12.7,12.1,11.8,11.5,9.8,12.3,11.8,11.6,11.3,9.4,11.58,1.09,0.3,69,1,5.2,17.97,0.0,0.9739,0.227,12.4,13.0,13.0,station
2025-03-20,14.2,13.0,13.4,13.7,12.5,14.1,13.6,13.1,13.3,11.6,13.36,0.65,0.22,68,15,5.8,17.77,0.0,0.9777,0.2102,14.4,14.0,14.0,station
2025-03-21,11.3,11.3,9.0,10.0,10.3,11.6,11.6,8.6,10.5,9.7,10.38,0.97,-0.02,73,98,7.9,4.89,0.1,0.9811,0.1934,11.2,12.0,12.0,station
2025-03-22,9.4,10.1,8.0,10.2,9.8,9.7,10.2,8.3,9.8,9.4,9.5,0.89,0.02,93,100,9.6,2.5,8.3,0.9843,0.1765,9.5,9.0,9.0,station
2025-03-23,12.8,10.7,9.9,12.8,11.5,12.6,11.0,9.5,15.1,11.1,11.54,1.28,-0.32,86,91,20.6,9.94,8.7,0.9872,0.1595,13.2,10.0,10.0,station
2025-03-24,15.2,13.0,13.1,14.1,13.5,15.1,12.7,13.5,15.1,12.1,13.78,0.9,0.08,78,69,11.6,15.51,1.8,0.9898,0.1425,15.3,16.0,16.0,station
2025-03-25,17.9,16.0,17.0,16.9,14.9,18.0,15.9,16.4,16.6,14.6,16.54,1.14,0.24,78,13,9.6,17.72,0.4,0.9921,0.1255,17.9,18.0,18.0,station
2025-03-26,19.0,17.1,17.8,17.8,16.4,18.4,16.7,18.0,17.1,15.9,17.62,0.97,0.4,74,27,11.6,18.2,7.3,0.9941,0.1084,18.6,19.0,19.0,station
2025-03-27,19.5,18.9,18.8,18.6,17.2,19.0,18.2,18.8,19.2,17.4,18.6,0.85,0.08,65,23,14.2,18.99,0.0,0.9958,0.0913,19.4,19.0,19.0,station
2025-03-28,18.8,17.4,18.3,18.8,17.6,19.0,18.0,18.6,19.5,17.1,18.18,0.66,-0.26,65,58,12.8,18.8,0.0,0.9972,0.0741,18.5,19.0,19.0,station
2025-03-29,17.4,16.1,16.2,17.4,14.9,17.9,17.2,18.8,18.3,14.5,16.4,1.05,-0.94,76,90,8.5,10.03,0.6,0.9984,0.057,16.9,16.0,16.0,station
2025-03-30,20.4,19.9,18.8,20.2,19.2,20.7,19.7,18.5,21.7,19.1,19.7,0.68,-0.24,51,42,20.2,19.74,0.0,0.9992,0.0398,21.8,21.0,21.0,station
2025-03-31,17.8,18.9,20.0,19.9,19.2,17.3,19.0,19.5,19.6,18.7,19.16,0.89,0.34,32,3,24.3,20.61,0.0,0.9997,0.0226,20.0,21.0,21.0,station
2025-04-01,15.1,15.0,15.9,16.2,16.1,16.3,15.4,15.9,16.4,16.9,15.66,0.57,-0.52,45,41,13.4,18.06,0.3,1.0,0.0054,16.0,16.0,16.0,station
2025-04-02,14.9,13.0,16.6,15.2,15.6,16.0,14.5,15.3,16.7,15.9,15.06,1.32,-0.62,61,73,16.3,10.08,0.7,0.9999,-0.0118,15.3,15.0,15.0,station
2025-04-03,19.0,18.2,18.8,19.4,19.1,18.9,18.0,18.6,19.6,18.6,18.9,0.45,0.16,64,45,9.6,19.65,0.0,0.9996,-0.029,18.7,20.0,20.0,station
2025-04-04,19.9,19.2,19.8,20.4,20.1,19.5,18.9,17.4,20.1,19.4,19.88,0.44,0.82,68,0,8.3,20.78,0.0,0.9989,-0.0462,20.4,21.0,21.0,station
2025-04-05,21.0,20.8,21.1,21.8,21.7,20.8,20.6,21.0,21.5,21.3,21.28,0.44,0.24,68,4,10.2,20.97,0.0,0.998,-0.0634,21.9,22.0,22.0,station
2025-04-06,16.6,17.7,17.6,17.7,17.7,14.8,16.7,16.6,16.9,16.8,17.46,0.48,1.1,65,19,19.6,21.16,0.0,0.9968,-0.0805,19.4,22.0,22.0,station
2025-04-07,12.2,12.7,11.8,14.7,14.3,11.6,12.5,12.8,13.9,14.0,13.14,1.29,0.18,54,39,12.9,19.96,0.0,0.9952,-0.0977,14.8,14.0,14.0,station
2025-04-08,13.1,12.6,14.7,15.4,14.9,12.7,12.8,14.4,15.0,14.8,14.14,1.22,0.2,59,64,11.7,17.52,0.0,0.9934,-0.1148,14.4,13.0,13.0,station
2025-04-09,16.8,15.2,16.1,16.6,16.7,15.7,14.9,15.5,16.7,16.2,16.28,0.66,0.48,65,24,8.0,21.72,0.0,0.9913,-0.1319,16.6,16.0,16.0,station
2025-04-10,18.5,18.5,19.1,19.9,19.6,18.1,18.4,18.7,20.7,19.5,19.12,0.63,0.04,69,18,7.4,21.89,0.0,0.9889,-0.1489,20.3,21.0,21.0,station
2025-04-11,21.1,20.2,21.1,22.0,21.4,20.7,20.4,21.1,22.2,21.5,21.16,0.65,-0.02,71,0,12.4,22.25,0.0,0.9861,-0.1659,22.2,23.0,23.0,station
2025-04-12,18.5,18.5,17.6,19.3,19.8,18.7,19.2,18.3,19.0,20.8,18.74,0.84,-0.46,76,54,8.9,16.68,0.0,0.9831,-0.1828,19.0,19.0,19.0,station
2025-04-13,14.9,15.4,15.0,16.3,16.9,13.6,15.6,14.3,15.0,16.1,15.7,0.87,0.78,72,100,5.7,7.91,0.7,0.9799,-0.1997,17.2,17.0,17.0,station
2025-04-14,13.6,13.2,11.5,13.3,14.8,14.3,13.5,11.7,13.6,15.1,13.28,1.18,-0.36,92,100,10.8,3.42,11.5,0.9763,-0.2165,13.6,13.0,13.0,station
2025-04-15,14.5,14.1,11.9,16.3,13.8,16.9,14.1,13.3,15.9,14.4,14.12,1.58,-0.8,91,96,10.8,5.91,23.5,0.9724,-0.2333,16.4,15.0,15.0,station
2025-04-16,13.6,14.4,14.9,16.1,15.5,14.2,14.2,14.4,16.2,14.5,14.9,0.97,0.2,93,100,24.1,5.12,58.8,0.9683,-0.25,15.6,17.0,17.0,station
2025-04-17,13.9,12.9,13.1,14.2,12.9,15.0,12.8,14.3,15.4,13.4,13.4,0.61,-0.78,88,99,26.8,8.25,50.9,0.9638,-0.2666,14.9,15.0,15.0,station
2025-04-18,18.7,16.7,17.3,17.8,16.3,17.0,16.0,15.5,16.5,16.4,17.36,0.94,1.08,77,51,9.3,20.16,0.7,0.9591,-0.2831,18.3,19.0,19.0,station
2025-04-19,13.3,14.8,13.6,14.9,13.3,14.8,15.2,15.6,15.5,14.0,13.98,0.8,-1.04,78,84,9.6,7.63,0.2,0.9541,-0.2996,15.4,16.0,16.0,station
2025-04-20,16.1,14.1,14.8,16.0,14.4,16.0,14.5,15.6,16.7,13.7,15.08,0.92,-0.22,86,94,16.1,11.36,18.9,0.9488,-0.316,17.1,17.0,17.0,station
2025-04-21,18.6,17.7,19.2,18.5,17.8,19.8,17.5,17.9,19.2,17.9,18.36,0.62,-0.1,71,67,9.6,20.69,0.1,0.9432,-0.3322,18.6,20.0,20.0,station
2025-04-22,21.8,21.5,21.7,21.6,20.4,21.9,21.2,21.5,22.1,19.2,21.4,0.57,0.22,64,54,11.7,22.5,0.0,0.9373,-0.3484,22.0,23.0,23.0,station
2025-04-23,20.6,20.4,22.1,22.2,21.8,20.0,20.3,21.6,19.7,20.9,21.42,0.86,0.92,80,54,16.5,18.37,14.5,0.9312,-0.3645,19.6,22.0,22.0,station
2025-04-24,21.7,20.6,21.9,22.5,18.7,21.9,20.7,21.3,22.2,19.1,21.08,1.5,0.04,58,54,22.8,22.44,16.0,0.9248,-0.3804,21.8,21.0,21.0,station
2025-04-25,21.1,20.9,20.8,22.3,20.8,21.2,20.7,21.0,23.9,20.2,21.18,0.64,-0.22,50,10,16.9,24.0,0.0,0.9181,-0.3963,22.3,23.0,23.0,station
2025-04-26,20.7,20.4,20.5,22.3,21.6,21.1,20.5,19.7,22.0,21.6,21.1,0.82,0.12,68,29,10.4,23.81,0.0,0.9112,-0.412,20.9,22.0,22.0,station
2025-04-27,19.2,18.2,20.7,19.2,20.2,19.8,17.7,20.0,19.7,17.6,19.5,0.97,0.54,79,90,16.5,17.87,7.3,0.9039,-0.4276,20.3,21.0,21.0,station
2025-04-28,21.6,21.6,22.2,22.9,22.1,21.1,21.5,21.9,22.5,22.4,22.08,0.54,0.2,73,55,14.2,22.53,13.9,0.8965,-0.4431,22.2,23.0,23.0,station
2025-04-29,22.8,23.2,23.5,24.2,23.8,22.7,23.5,23.1,24.2,23.6,23.5,0.54,0.08,69,27,13.1,22.92,0.0,0.8887,-0.4585,24.0,24.0,24.0,station
2025-04-30,24.0,24.5,24.3,25.1,25.3,23.6,24.3,24.5,25.3,24.8,24.64,0.55,0.14,64,12,9.2,23.18,0.0,0.8807,-0.4737,24.9,26.0,26.0,station
2025-05-01,25.0,25.5,25.2,26.8,26.4,24.7,25.5,24.9,26.8,26.1,25.78,0.78,0.18,66,1,9.6,24.44,0.0,0.8724,-0.4888,26.1,27.0,27.0,station
2025-05-02,25.9,26.5,26.3,27.5,27.5,25.4,26.2,25.9,27.7,27.2,26.74,0.73,0.26,62,27,9.5,25.17,0.0,0.8639,-0.5037,26.6,27.0,27.0,station
2025-05-03,23.4,23.5,23.8,26.0,25.9,22.8,23.6,24.1,25.1,26.1,24.52,1.31,0.18,57,74,14.8,22.83,0.0,0.8551,-0.5185,24.2,24.0,24.0,station
2025-05-04,21.2,20.1,19.9,20.4,23.9,21.4,20.9,20.6,21.2,24.4,21.1,1.64,-0.6,80,77,11.7,15.99,12.4,0.846,-0.5331,21.9,21.0,21.0,station
2025-05-05,15.6,15.5,15.5,16.7,14.0,14.8,15.4,15.4,17.6,14.3,15.46,0.96,-0.04,94,100,18.0,8.6,37.6,0.8367,-0.5476,17.6,17.0,17.0,station
2025-05-06,17.0,15.9,13.9,15.7,14.7,14.8,15.2,13.0,15.3,14.6,15.44,1.19,0.86,88,97,13.8,8.79,30.8,0.8272,-0.5619,17.6,17.0,17.0,station
2025-05-07,16.5,14.3,16.2,17.3,15.9,15.3,13.7,15.4,17.5,15.8,16.04,1.1,0.5,86,93,13.1,14.14,16.2,0.8174,-0.5761,17.4,17.0,17.0,station
2025-05-08,17.9,16.2,17.5,17.9,17.5,15.9,16.0,16.4,17.4,18.1,17.4,0.7,0.64,82,49,14.6,20.55,4.6,0.8074,-0.59,18.3,19.0,19.0,station
2025-05-09,17.1,15.8,16.4,17.1,16.5,17.2,15.7,18.1,18.1,16.2,16.58,0.54,-0.48,83,69,12.0,14.05,9.0,0.7971,-0.6038,17.5,18.0,18.0,station
2025-05-10,18.5,18.5,18.7,18.7,17.5,19.1,18.7,20.4,19.8,17.9,18.38,0.5,-0.8,78,48,9.8,19.49,5.1,0.7866,-0.6175,19.1,20.0,20.0,station
2025-05-11,19.9,20.7,21.1,21.8,20.9,20.5,20.6,20.9,20.9,20.1,20.88,0.69,0.28,77,32,13.5,23.98,2.8,0.7759,-0.6309,21.9,22.0,22.0,station
2025-05-12,20.7,20.0,20.9,22.3,21.8,20.5,19.2,19.7,21.0,22.2,21.14,0.91,0.62,76,55,8.7,22.04,0.5,0.7649,-0.6442,21.6,21.0,21.0,station
2025-05-13,18.6,18.5,17.0,20.9,20.7,18.6,18.1,17.3,17.6,19.0,19.14,1.64,1.02,83,88,10.2,18.07,12.6,0.7537,-0.6572,19.4,21.0,21.0,station
2025-05-14,20.9,21.0,21.7,21.6,19.9,20.3,20.9,22.2,21.6,21.6,21.02,0.72,-0.3,79,53,10.0,22.74,12.2,0.7423,-0.6701,21.2,22.0,22.0,station
2025-05-15,24.0,24.8,23.1,26.6,23.9,23.9,24.5,23.1,27.7,22.6,24.48,1.33,0.12,61,10,22.9,25.77,0.0,0.7306,-0.6828,25.0,25.0,25.0,station
2025-05-16,19.1,19.1,18.1,21.2,21.1,18.8,19.5,18.6,22.5,20.6,19.72,1.37,-0.28,70,38,15.0,22.21,1.5,0.7188,-0.6952,20.4,20.0,20.0,station
2025-05-17,20.3,20.6,20.2,22.3,22.1,20.7,20.9,20.2,22.9,22.5,21.1,1.02,-0.34,66,17,12.2,25.61,0.0,0.7067,-0.7075,21.2,22.0,22.0,station
2025-05-18,21.8,22.3,21.6,23.4,24.4,21.5,22.5,21.9,24.7,24.4,22.7,1.18,-0.3,69,34,13.8,25.25,0.1,0.6945,-0.7195,22.9,23.0,23.0,station
2025-05-19,22.6,22.6,23.1,24.7,25.3,22.6,22.6,23.5,24.6,24.9,23.66,1.26,0.02,73,63,13.2,21.39,1.1,0.682,-0.7314,22.8,23.0,23.0,station
2025-05-20,19.3,18.1,21.8,18.3,20.0,19.5,18.2,19.1,19.5,23.6,19.5,1.5,-0.48,80,99,9.1,12.7,6.5,0.6693,-0.743,20.6,21.0,21.0,station
2025-05-21,22.1,21.2,23.4,23.9,23.8,22.3,21.0,23.1,23.5,23.8,22.88,1.18,0.14,80,77,8.7,20.93,0.6,0.6564,-0.7544,22.1,22.0,22.0,station
2025-05-22,18.7,16.9,15.7,20.2,16.3,18.0,16.7,15.5,18.2,16.1,17.56,1.85,0.66,83,99,12.0,11.84,20.2,0.6433,-0.7656,19.9,19.0,19.0,station
2025-05-23,21.4,20.1,19.7,22.5,18.8,21.3,20.0,20.1,22.3,19.3,20.5,1.46,-0.1,57,26,17.2,25.73,0.3,0.6301,-0.7765,20.9,21.0,21.0,station
2025-05-24,19.6,19.6,20.1,20.5,21.0,19.7,19.5,19.8,20.8,19.3,20.16,0.6,0.34,69,40,12.2,24.34,0.3,0.6166,-0.7873,20.7,21.0,21.0,station
2025-05-25,21.9,21.7,20.4,22.6,24.2,21.9,21.4,21.2,21.7,23.7,22.16,1.39,0.18,64,64,15.0,24.53,0.0,0.603,-0.7978,23.9,22.0,22.0,station
2025-05-26,24.0,24.0,23.9,24.7,26.6,23.7,23.9,23.9,24.8,27.0,24.64,1.14,-0.02,68,52,8.7,24.94,2.0,0.5892,-0.808,25.8,26.0,26.0,station
2025-05-27,21.5,21.4,21.6,23.2,21.2,22.6,21.9,21.3,22.5,24.2,21.78,0.81,-0.72,79,66,13.7,22.81,36.2,0.5752,-0.818,22.5,22.0,22.0,station
2025-05-28,24.6,24.3,23.9,24.9,25.4,24.1,24.6,24.5,24.9,25.5,24.62,0.57,-0.1,71,75,15.9,21.19,0.0,0.561,-0.8278,25.2,24.0,24.0,station
2025-05-29,26.9,28.4,25.3,27.4,27.4,27.3,28.5,24.7,28.7,28.1,27.08,1.13,-0.38,42,51,16.6,27.57,0.0,0.5467,-0.8373,29.6,27.0,27.0,station
2025-05-30,26.8,26.6,25.4,27.4,29.1,26.4,26.7,25.8,27.4,28.6,27.06,1.35,0.08,56,48,11.2,27.18,0.0,0.5322,-0.8466,28.5,28.0,28.0,station
2025-05-31,28.4,27.3,26.9,28.2,30.4,28.0,27.4,26.3,28.6,30.9,28.24,1.36,0.0,59,44,10.1,25.88,0.0,0.5176,-0.8556,29.4,28.0,28.0,station
2025-06-01,29.0,27.0,27.7,28.7,30.5,28.7,27.4,27.5,28.3,31.8,28.58,1.34,-0.16,61,76,10.4,24.19,0.3,0.5028,-0.8644,29.5,28.0,28.0,station
2025-06-02,25.6,22.4,22.7,23.7,25.7,22.5,22.4,23.7,23.6,27.7,24.02,1.56,0.04,79,96,8.6,14.9,21.9,0.4878,-0.8729,24.8,24.0,24.0,station
2025-06-03,22.5,22.9,21.9,25.0,23.9,22.5,23.1,21.5,23.0,24.2,23.24,1.22,0.38,86,89,13.5,14.43,27.9,0.4728,-0.8812,23.1,25.0,25.0,station
2025-06-04,22.9,20.6,22.2,21.8,22.5,22.2,20.4,22.7,20.4,24.8,22.0,0.88,-0.1,81,92,10.7,15.81,8.7,0.4575,-0.8892,22.8,24.0,24.0,station
2025-06-05,21.0,21.0,20.3,24.1,21.0,20.1,21.3,20.8,22.4,18.1,21.48,1.5,0.94,91,95,11.1,13.99,46.3,0.4422,-0.8969,23.0,25.0,25.0,station
2025-06-06,24.0,23.3,24.0,27.0,23.6,24.5,23.4,25.1,27.1,24.5,24.38,1.49,-0.54,85,99,8.8,16.51,7.1,0.4267,-0.9044,24.8,26.0,26.0,station
2025-06-07,22.9,23.1,21.8,26.9,25.4,23.8,23.3,22.9,26.8,26.1,24.02,2.08,-0.56,81,76,13.5,17.36,1.0,0.4111,-0.9116,25.5,25.0,25.0,station
2025-06-08,26.2,27.1,26.6,28.1,28.0,27.1,27.1,26.4,29.3,29.4,27.2,0.84,-0.66,72,43,21.4,21.63,3.6,0.3953,-0.9185,26.8,28.0,28.0,station
2025-06-09,24.9,26.8,22.4,27.7,28.5,24.8,26.7,24.7,28.1,29.1,26.06,2.45,-0.62,53,19,23.2,25.15,0.5,0.3795,-0.9252,27.0,28.0,28.0,station
2025-06-10,26.1,26.9,26.5,28.0,29.8,25.5,27.1,26.5,27.4,29.8,27.46,1.49,0.2,68,46,9.7,24.42,0.0,0.3635,-0.9316,27.4,27.0,27.0,station
2025-06-11,29.5,29.5,29.4,31.5,31.7,29.3,29.9,29.2,31.6,32.7,30.32,1.17,-0.22,67,11,10.7,27.66,0.0,0.3474,-0.9377,30.0,31.0,31.0,station
2025-06-12,30.3,29.8,29.7,30.8,32.4,29.8,29.9,29.1,30.9,33.0,30.6,1.1,0.06,68,21,9.2,25.52,0.0,0.3312,-0.9436,30.6,30.0,30.0,station
2025-06-13,30.6,31.0,31.0,32.4,33.7,30.9,31.1,31.2,31.9,34.6,31.74,1.29,-0.2,67,44,8.5,23.91,0.2,0.3149,-0.9491,32.1,32.0,32.0,station
2025-06-14,30.9,30.9,29.9,32.8,34.3,31.3,31.0,31.2,32.7,35.1,31.76,1.77,-0.5,73,79,15.5,20.7,5.9,0.2986,-0.9544,31.1,32.0,32.0,station
2025-06-15,29.9,29.4,30.9,32.6,33.7,30.2,29.5,30.5,31.5,35.0,31.3,1.82,-0.04,66,54,14.7,21.91,1.2,0.2821,-0.9594,32.3,32.0,32.0,station
2025-06-16,30.7,29.0,30.5,32.4,32.3,30.6,29.6,30.5,32.3,30.1,30.98,1.41,0.36,48,20,18.9,25.95,0.4,0.2656,-0.9641,31.7,32.0,32.0,station
2025-06-17,28.8,27.3,27.0,28.8,28.6,27.4,27.3,27.4,28.9,28.6,28.1,0.88,0.18,58,70,9.3,25.5,1.7,0.2489,-0.9685,28.1,28.0,28.0,station
2025-06-18,30.3,30.1,28.8,31.1,30.7,30.7,30.1,29.3,30.5,30.9,30.2,0.87,-0.1,53,22,9.7,27.84,0.0,0.2322,-0.9727,30.2,30.0,30.0,station
2025-06-19,32.5,31.6,30.6,33.0,32.7,32.4,32.0,30.5,33.2,33.1,32.08,0.98,-0.16,56,6,7.7,27.59,0.0,0.2155,-0.9765,31.7,32.0,32.0,station
2025-06-20,32.0,32.0,31.3,33.5,32.8,32.2,32.1,31.1,32.5,33.5,32.32,0.85,0.04,57,40,12.2,23.92,0.1,0.1986,-0.9801,32.3,33.0,33.0,station
2025-06-21,28.5,27.4,29.2,31.0,30.5,29.2,28.5,28.9,30.4,31.2,29.32,1.47,-0.32,69,66,17.9,20.73,11.1,0.1818,-0.9833,28.5,31.0,31.0,station
2025-06-22,31.2,29.6,28.7,31.0,31.9,30.8,30.2,29.7,30.7,32.3,30.48,1.3,-0.26,73,11,7.4,27.78,0.0,0.1648,-0.9863,28.8,29.0,29.0,station
2025-06-23,30.3,30.8,29.5,32.9,32.2,31.8,31.2,29.4,32.9,33.8,31.14,1.39,-0.68,67,30,11.4,25.57,0.0,0.1478,-0.989,30.6,31.0,31.0,station
2025-06-24,31.8,31.5,29.3,33.2,32.5,31.6,31.7,30.5,33.6,33.8,31.66,1.47,-0.58,71,36,8.8,26.2,0.0,0.1308,-0.9914,30.9,31.0,31.0,station
2025-06-25,33.3,32.7,32.3,33.8,33.3,33.1,32.7,31.3,33.7,33.7,33.08,0.58,0.18,67,18,8.3,26.41,0.0,0.1137,-0.9935,32.6,33.0,33.0,station
2025-06-26,31.1,29.5,30.9,33.2,33.5,30.7,29.6,31.8,30.6,33.7,31.64,1.68,0.36,65,34,13.2,22.16,5.3,0.0966,-0.9953,31.4,32.0,32.0,station
2025-06-27,32.2,33.1,33.3,34.3,33.4,35.5,33.9,33.4,33.7,33.7,33.26,0.75,-0.78,54,20,13.7,26.46,0.0,0.0795,-0.9968,32.8,33.0,33.0,station
2025-06-28,35.7,34.6,33.3,35.7,34.1,33.7,34.4,33.0,34.6,34.6,34.68,1.04,0.62,52,12,12.2,27.73,0.0,0.0623,-0.9981,34.9,35.0,35.0,station
2025-06-29,35.4,34.3,33.8,35.5,35.6,35.4,34.6,33.5,34.9,34.9,34.92,0.82,0.26,50,20,12.0,27.35,0.0,0.0451,-0.999,35.1,35.0,35.0,station
2025-06-30,32.1,32.0,34.2,34.3,35.0,32.1,32.9,34.1,32.4,35.8,33.52,1.38,0.06,52,54,11.0,20.97,0.0,0.028,-0.9996,33.9,35.0,35.0,station
2025-07-01,32.3,32.0,32.2,35.8,34.5,31.5,32.4,31.6,31.7,33.4,33.36,1.7,1.24,58,49,11.5,23.8,0.4,0.0108,-0.9999,32.7,34.0,34.0,station
2025-07-02,31.7,31.0,32.1,33.4,33.9,29.7,31.5,31.9,30.3,32.1,32.42,1.2,1.32,59,25,11.9,25.48,0.0,-0.0065,-1.0,32.2,32.0,32.0,station
2025-07-03,33.4,32.8,32.6,34.6,33.0,34.3,33.1,32.5,35.1,35.2,33.28,0.79,-0.76,64,26,8.9,26.52,0.0,-0.0237,-0.9997,32.8,33.0,33.0,station
2025-07-04,34.2,32.9,32.3,35.1,33.5,35.5,33.1,32.5,34.6,34.1,33.6,1.1,-0.36,61,18,9.9,25.53,0.0,-0.0408,-0.9992,32.9,34.0,34.0,station
2025-07-05,28.7,27.8,30.1,28.5,28.6,29.2,27.8,31.8,28.9,28.5,28.74,0.84,-0.5,72,61,14.9,20.02,12.6,-0.058,-0.9983,27.9,29.0,29.0,station
2025-07-06,26.0,24.3,25.4,29.7,22.1,26.2,25.0,26.0,27.9,26.3,25.5,2.78,-0.78,82,79,12.5,17.24,31.0,-0.0752,-0.9972,27.6,29.0,29.0,station
2025-07-07,27.3,27.0,26.1,29.4,26.4,27.0,26.2,26.6,29.8,25.6,27.24,1.3,0.2,80,45,15.5,25.03,13.4,-0.0923,-0.9957,27.8,29.0,29.0,station
2025-07-08,23.6,25.7,24.4,24.9,24.7,25.4,25.5,25.2,27.3,25.4,24.66,0.76,-1.1,57,26,24.6,25.01,0.0,-0.1094,-0.994,24.6,27.0,27.0,station
2025-07-09,25.1,26.1,22.3,27.5,26.5,25.4,26.5,22.1,27.5,25.3,25.5,1.98,0.14,44,5,22.8,28.63,0.0,-0.1265,-0.992,26.5,27.0,27.0,station
2025-07-10,26.7,27.5,25.1,29.0,28.7,26.6,27.3,25.1,27.8,28.5,27.4,1.58,0.34,54,1,10.7,28.03,0.0,-0.1436,-0.9896,27.6,27.0,27.0,station
2025-07-11,28.4,27.9,26.2,29.2,29.7,27.4,27.4,26.4,29.1,30.1,28.28,1.36,0.2,50,13,11.9,26.29,0.0,-0.1606,-0.987,28.9,29.0,29.0,station
2025-07-12,28.4,26.5,26.5,28.3,28.8,27.4,26.8,26.3,28.6,29.9,27.7,1.11,-0.1,59,29,12.3,25.31,0.3,-0.1775,-0.9841,28.2,27.0,27.0,station
2025-07-13,26.2,25.4,25.6,27.2,28.2,26.7,24.9,26.3,26.4,28.9,26.52,1.17,-0.12,69,62,14.3,19.29,4.2,-0.1944,-0.9809,25.6,25.0,25.0,station
2025-07-14,29.8,29.4,27.6,31.4,30.5,28.9,29.3,27.9,31.0,30.2,29.74,1.42,0.28,64,16,12.5,25.2,0.0,-0.2113,-0.9774,30.8,29.0,29.0,station
2025-07-15,32.2,30.9,29.5,31.8,30.7,32.1,30.6,29.7,32.7,31.6,31.02,1.05,-0.32,63,40,10.4,24.95,0.0,-0.2281,-0.9736,31.8,32.0,32.0,station
2025-07-16,32.4,31.6,30.0,32.3,29.7,32.9,32.2,30.1,33.0,31.0,31.2,1.27,-0.64,55,49,16.1,24.73,0.9,-0.2448,-0.9696,31.3,32.0,32.0,station
2025-07-17,32.9,32.6,31.8,32.0,32.0,33.1,32.7,29.2,32.9,31.3,32.26,0.47,0.42,53,17,11.0,25.45,0.0,-0.2614,-0.9652,31.5,31.0,31.0,station
2025-07-18,30.8,29.7,29.1,30.3,28.9,31.3,29.9,29.7,30.4,30.2,29.76,0.8,-0.54,50,35,10.1,25.76,0.0,-0.278,-0.9606,30.6,31.0,31.0,station
2025-07-19,28.0,26.7,29.2,29.1,29.6,30.1,26.7,29.5,26.9,29.2,28.52,1.18,0.04,67,65,11.2,16.47,6.0,-0.2945,-0.9557,29.8,30.0,30.0,station
2025-07-20,29.1,26.5,28.0,29.8,28.3,28.7,27.2,28.4,28.8,30.6,28.34,1.25,-0.4,76,76,12.9,20.41,9.6,-0.3109,-0.9505,29.3,30.0,30.0,station
2025-07-21,25.4,24.9,23.6,29.1,25.2,24.9,25.5,24.2,27.4,22.2,25.64,2.06,0.8,80,59,14.7,19.79,23.8,-0.3272,-0.945,27.7,29.0,29.0,station
2025-07-22,28.6,29.1,28.6,31.6,27.5,28.6,28.8,28.0,31.0,27.6,29.08,1.53,0.28,65,9,8.5,26.03,0.0,-0.3434,-0.9392,29.6,30.0,30.0,station
2025-07-23,26.4,26.5,27.7,29.8,29.2,25.0,26.4,28.2,28.4,25.8,27.92,1.54,1.16,75,49,10.5,21.64,10.4,-0.3595,-0.9332,27.4,29.0,29.0,station
2025-07-24,22.5,23.1,24.3,26.1,21.8,21.7,23.8,24.6,22.9,21.2,23.56,1.69,0.72,84,87,9.7,17.16,13.5,-0.3755,-0.9268,24.1,27.0,27.0,station
2025-07-25,23.5,23.5,24.4,26.4,25.6,24.8,23.7,19.0,25.5,25.8,24.68,1.29,0.92,81,95,19.7,19.55,24.4,-0.3914,-0.9202,23.9,24.0,24.0,station
2025-07-26,22.4,23.7,25.7,24.4,25.5,24.1,23.1,25.4,28.5,25.9,24.34,1.36,-1.06,85,86,9.6,14.53,10.9,-0.4071,-0.9134,23.3,22.0,22.0,station
2025-07-27,28.2,28.2,27.9,28.5,29.4,28.8,28.4,26.9,30.4,31.5,28.44,0.58,-0.76,67,41,13.7,24.24,0.1,-0.4228,-0.9062,29.3,31.0,31.0,station
2025-07-28,25.5,24.7,25.0,28.5,24.9,25.9,25.1,28.2,29.0,29.0,25.72,1.58,-1.72,56,56,26.6,22.32,1.1,-0.4383,-0.8988,26.2,29.0,29.0,station
2025-07-29,26.2,27.5,25.3,29.3,28.7,26.2,26.8,26.4,29.4,27.4,27.4,1.67,0.16,46,10,25.0,25.2,0.0,-0.4537,-0.8912,27.4,29.0,29.0,station
2025-07-30,25.0,24.5,25.2,27.3,27.6,24.8,24.0,24.2,25.5,27.4,25.92,1.42,0.74,70,41,10.7,23.13,1.7,-0.469,-0.8832,25.4,27.0,27.0,station
2025-07-31,26.8,27.3,28.1,29.4,29.4,26.7,27.0,26.0,29.1,29.7,28.2,1.19,0.5,66,15,9.4,24.74,0.0,-0.4841,-0.875,27.8,28.0,28.0,station
2025-08-01,25.2,25.3,27.5,27.2,27.5,25.0,24.6,28.2,26.0,28.7,26.54,1.18,0.04,76,53,9.9,18.82,6.4,-0.4991,-0.8666,24.8,27.0,27.0,station
2025-08-02,23.6,22.6,22.8,26.4,24.8,23.8,22.7,25.1,26.5,22.9,24.04,1.58,-0.16,81,59,13.8,18.03,25.4,-0.5139,-0.8578,24.2,26.0,26.0,station
2025-08-03,26.0,26.6,24.6,28.1,25.2,25.6,26.2,24.1,28.3,26.3,26.1,1.35,0.0,61,31,14.7,24.89,0.0,-0.5286,-0.8489,26.3,28.0,28.0,station
2025-08-04,26.2,27.0,26.1,28.5,28.2,25.4,26.9,25.0,28.0,26.5,27.2,1.11,0.84,66,57,9.6,23.06,0.0,-0.5431,-0.8397,27.6,28.0,28.0,station
2025-08-05,28.0,28.3,28.5,29.5,29.8,28.0,28.3,28.1,29.9,30.5,28.82,0.79,-0.14,67,12,7.6,24.49,0.0,-0.5575,-0.8302,28.7,29.0,29.0,station
2025-08-06,27.3,27.0,27.8,28.7,30.1,27.0,27.2,28.1,28.8,31.0,28.18,1.25,-0.24,70,71,18.1,18.77,2.6,-0.5717,-0.8205,28.3,28.0,28.0,station
2025-08-07,27.7,27.4,26.4,28.6,28.0,27.9,27.8,27.4,28.7,29.5,27.62,0.81,-0.64,73,61,14.1,19.73,7.0,-0.5857,-0.8105,28.8,29.0,29.0,station
2025-08-08,30.4,30.4,30.9,31.3,32.1,30.3,30.8,29.7,31.6,31.0,31.02,0.71,0.34,65,1,7.4,24.48,0.0,-0.5996,-0.8003,31.0,31.0,31.0,station
2025-08-09,32.5,32.3,33.3,32.6,33.2,32.5,32.6,33.7,34.1,34.5,32.78,0.44,-0.7,61,0,7.9,24.45,0.0,-0.6132,-0.7899,33.0,33.0,33.0,station
2025-08-10,34.9,34.0,34.2,34.6,33.9,35.0,34.3,35.6,35.5,35.0,34.32,0.42,-0.76,63,6,7.5,24.25,0.0,-0.6267,-0.7792,34.4,34.0,34.0,station
2025-08-11,34.6,33.0,34.7,34.0,32.6,34.8,33.5,35.2,34.9,33.9,33.78,0.94,-0.68,54,10,11.5,23.86,0.0,-0.64,-0.7683,34.8,35.0,35.0,station
2025-08-12,33.7,32.4,35.6,33.6,34.2,33.9,32.7,33.5,34.0,32.5,33.9,1.16,0.58,56,19,9.1,23.65,0.0,-0.6532,-0.7572,33.8,34.0,34.0,station
2025-08-13,34.4,33.3,35.7,34.7,35.1,34.4,33.5,36.2,35.2,35.0,34.64,0.89,-0.22,59,16,8.9,23.09,0.0,-0.6661,-0.7459,33.8,34.0,34.0,station
2025-08-14,32.3,32.4,33.5,34.0,33.5,31.7,32.6,35.1,32.6,35.2,33.14,0.75,-0.3,68,58,9.5,17.92,0.2,-0.6788,-0.7343,33.0,34.0,34.0,station
2025-08-15,33.2,32.8,34.2,34.1,34.2,33.8,32.9,33.8,34.2,34.0,33.7,0.66,-0.04,58,23,11.1,22.61,0.0,-0.6914,-0.7225,34.3,34.0,34.0,station
2025-08-16,34.2,33.1,35.1,33.4,33.4,33.7,32.7,34.2,35.0,35.1,33.84,0.81,-0.3,53,25,12.2,21.84,0.0,-0.7037,-0.7105,33.8,34.0,34.0,station
2025-08-17,33.1,31.6,34.6,33.9,31.7,33.5,32.0,35.2,33.4,31.6,32.98,1.33,-0.16,53,20,11.3,21.71,0.0,-0.7158,-0.6983,32.2,33.0,33.0,station
2025-08-18,30.5,29.3,30.8,30.7,30.6,30.1,29.2,31.6,27.6,28.6,30.38,0.61,0.96,58,15,14.9,21.68,0.0,-0.7277,-0.6859,30.4,31.0,31.0,station
2025-08-19,29.2,27.6,30.3,31.4,30.0,29.1,27.8,29.2,29.7,29.8,29.7,1.41,0.58,69,75,15.3,19.08,8.8,-0.7394,-0.6733,29.7,30.0,30.0,station
2025-08-20,20.8,22.0,24.5,22.4,22.2,22.0,22.1,25.6,21.9,22.2,22.38,1.34,-0.38,89,100,9.0,11.43,30.2,-0.7509,-0.6605,23.9,24.0,24.0,station
2025-08-21,23.4,23.2,24.4,25.2,24.1,21.1,22.8,24.7,24.2,24.0,24.06,0.8,0.7,86,84,10.7,15.62,10.5,-0.7621,-0.6474,22.9,27.0,27.0,station
2025-08-22,27.5,27.5,26.6,29.2,26.9,28.2,27.6,27.3,29.8,26.3,27.54,1.01,-0.3,71,40,18.1,20.84,10.3,-0.7731,-0.6342,27.7,29.0,29.0,station
2025-08-23,24.6,25.7,25.5,27.5,25.7,24.4,25.8,25.4,26.7,24.1,25.8,1.05,0.52,78,54,11.4,19.41,1.7,-0.7839,-0.6208,26.2,26.0,26.0,station
2025-08-24,22.9,21.5,22.0,24.1,19.1,23.3,22.0,23.4,24.0,18.9,21.92,1.86,-0.4,77,77,14.3,16.6,0.8,-0.7945,-0.6073,23.5,22.0,22.0,station
2025-08-25,24.0,23.8,25.1,25.7,25.3,24.1,24.1,24.8,26.4,25.5,24.78,0.83,-0.2,76,67,9.3,18.15,0.1,-0.8048,-0.5935,25.0,26.0,26.0,station
2025-08-26,26.7,26.1,26.3,27.3,28.7,26.6,26.1,26.6,28.0,28.4,27.02,1.04,-0.12,76,44,8.5,20.65,0.0,-0.8149,-0.5796,26.7,28.0,28.0,station
2025-08-27,23.6,22.8,23.7,26.0,28.8,24.5,22.4,24.2,22.3,29.2,24.98,2.45,0.46,85,94,12.4,11.77,15.0,-0.8248,-0.5655,25.1,25.0,25.0,station
2025-08-28,20.3,20.9,19.8,22.1,19.2,20.4,20.4,19.7,21.1,19.4,20.46,1.11,0.26,95,100,24.2,4.25,111.7,-0.8344,-0.5512,21.8,21.0,21.0,station
2025-08-29,20.5,20.5,18.1,23.1,19.0,20.8,20.5,20.2,23.0,18.1,20.24,1.9,-0.28,91,92,13.5,9.23,31.7,-0.8437,-0.5368,21.5,23.0,23.0,station
2025-08-30,23.7,23.4,22.7,24.7,22.8,24.2,23.4,22.5,24.7,23.3,23.46,0.81,-0.16,75,25,20.5,20.84,6.5,-0.8528,-0.5222,24.7,25.0,25.0,station
2025-08-31,25.6,24.9,23.8,26.2,25.6,25.4,24.4,24.0,26.4,24.2,25.22,0.92,0.34,72,7,10.4,20.93,0.0,-0.8617,-0.5074,25.5,26.0,26.0,station
2025-09-01,20.6,20.6,19.8,19.8,21.9,22.2,20.3,19.3,21.4,23.0,20.54,0.86,-0.7,85,97,9.7,9.03,23.0,-0.8703,-0.4925,22.1,21.0,21.0,station
2025-09-02,22.7,22.9,22.9,24.5,23.6,22.3,22.7,22.3,23.7,23.3,23.32,0.74,0.46,82,56,9.8,18.93,18.2,-0.8786,-0.4775,23.9,24.0,24.0,station
2025-09-03,24.9,24.4,24.3,25.4,25.3,25.1,24.6,24.4,26.1,25.0,24.86,0.5,-0.18,77,26,8.4,19.54,0.2,-0.8867,-0.4623,25.0,26.0,26.0,station
2025-09-04,25.7,25.5,25.1,26.1,27.4,25.9,25.2,25.3,26.0,26.7,25.96,0.88,0.14,77,48,13.5,18.15,0.6,-0.8945,-0.447,26.8,27.0,27.0,station
2025-09-05,24.8,24.2,24.2,26.4,25.5,25.3,24.8,24.0,25.6,26.6,25.02,0.94,-0.24,63,16,18.4,18.62,0.0,-0.9021,-0.4315,26.1,26.0,26.0,station
2025-09-06,25.0,24.8,24.9,26.4,26.3,25.2,24.9,24.6,26.3,25.9,25.48,0.8,0.1,58,31,15.5,20.33,0.0,-0.9094,-0.4159,25.3,26.0,26.0,station
2025-09-07,25.5,25.0,24.8,26.2,26.7,25.3,25.2,25.5,26.5,27.1,25.64,0.8,-0.28,71,42,8.6,20.02,0.0,-0.9164,-0.4002,25.6,26.0,26.0,station
2025-09-08,22.3,23.5,22.5,24.2,25.2,25.2,24.4,24.8,24.0,26.1,23.54,1.21,-1.36,80,77,7.0,12.21,0.0,-0.9232,-0.3844,23.9,24.0,24.0,station
2025-09-09,24.4,22.1,21.8,23.6,23.4,23.3,20.2,19.2,24.9,20.0,23.06,1.09,1.54,82,75,7.0,14.4,4.4,-0.9296,-0.3685,25.4,26.0,26.0,station
2025-09-10,19.7,20.5,19.4,22.5,20.6,18.9,21.2,18.6,20.4,20.9,20.54,1.21,0.54,90,89,12.6,9.16,41.0,-0.9358,-0.3524,22.8,24.0,24.0,station
2025-09-11,24.0,23.9,23.8,25.2,24.5,24.2,24.3,23.5,24.8,23.8,24.28,0.58,0.16,84,27,9.9,17.05,0.4,-0.9418,-0.3363,24.4,25.0,25.0,station
2025-09-12,23.4,23.4,22.2,25.3,23.7,23.4,23.1,22.9,24.9,21.4,23.6,1.11,0.46,81,51,14.1,15.46,4.5,-0.9474,-0.32,24.1,25.0,25.0,station
2025-09-13,21.1,20.9,21.7,23.8,21.2,20.7,21.2,22.0,22.3,20.5,21.74,1.19,0.4,81,86,12.4,11.0,3.0,-0.9528,-0.3037,22.6,22.0,22.0,station
2025-09-14,23.7,23.8,23.2,25.0,24.8,24.6,24.5,23.0,24.0,24.9,24.1,0.77,-0.1,80,59,9.0,16.74,3.5,-0.9579,-0.2873,24.6,25.0,25.0,station
2025-09-15,24.0,24.5,24.1,25.2,25.4,23.1,24.6,24.1,25.6,25.0,24.64,0.63,0.16,75,41,7.2,15.34,0.0,-0.9627,-0.2707,24.9,26.0,26.0,station
2025-09-16,25.6,25.9,25.7,26.2,27.4,25.6,25.8,24.7,26.2,26.7,26.16,0.73,0.36,76,64,10.0,16.05,0.0,-0.9672,-0.2541,26.3,26.0,26.0,station
2025-09-17,22.6,23.1,23.6,24.0,21.6,21.9,23.1,22.9,24.4,22.5,22.98,0.93,0.02,69,77,16.7,14.95,0.0,-0.9714,-0.2375,24.4,25.0,25.0,station
2025-09-18,24.7,24.8,25.1,25.8,25.1,24.2,25.0,24.9,25.2,24.3,25.1,0.43,0.38,74,9,7.2,17.38,0.0,-0.9753,-0.2207,26.0,26.0,26.0,station
2025-09-19,26.4,26.5,26.6,27.3,27.1,26.4,27.0,27.0,27.3,26.9,26.78,0.4,-0.14,80,6,6.0,17.44,0.0,-0.979,-0.2039,26.9,28.0,28.0,station
2025-09-20,27.5,27.8,27.7,28.0,27.5,27.6,28.1,27.5,28.0,27.7,27.7,0.21,-0.08,79,21,6.4,17.04,0.0,-0.9824,-0.187,27.7,29.0,29.0,station
2025-09-21,25.5,24.4,26.2,26.9,26.1,25.6,25.0,26.5,26.7,26.2,25.82,0.94,-0.18,79,42,13.1,15.14,7.7,-0.9854,-0.1701,26.3,27.0,27.0,station
2025-09-22,18.9,19.6,19.3,20.0,18.2,19.2,19.6,18.9,19.5,18.2,19.2,0.69,0.12,92,97,22.7,4.68,55.6,-0.9882,-0.1531,20.3,21.0,21.0,station
2025-09-23,20.1,19.6,20.8,21.2,18.2,21.8,19.1,20.7,22.5,16.9,19.98,1.17,-0.22,82,47,13.4,12.47,17.6,-0.9907,-0.1361,21.6,22.0,22.0,station
2025-09-24,17.4,17.1,18.6,20.6,18.1,17.9,16.8,18.7,17.3,19.1,18.36,1.38,0.4,86,78,14.2,10.8,7.3,-0.9929,-0.1191,17.1,21.0,21.0,station
2025-09-25,17.9,17.0,18.8,19.3,16.5,15.5,16.1,18.9,17.0,18.0,17.9,1.18,0.8,82,30,7.7,14.96,0.2,-0.9948,-0.102,18.9,19.0,19.0,station
2025-09-26,13.4,13.3,13.5,15.5,13.4,13.8,13.4,13.4,13.6,12.9,13.82,0.94,0.4,92,89,11.4,4.15,14.6,-0.9964,-0.0848,15.0,15.0,15.0,station
2025-09-27,14.0,15.4,14.5,16.1,13.3,15.8,15.4,17.0,15.8,13.7,14.66,1.11,-0.88,86,65,16.7,7.55,15.7,-0.9977,-0.0677,15.6,16.0,16.0,station
2025-09-28,20.2,19.4,19.4,20.4,18.4,20.1,19.7,19.5,21.5,18.3,19.56,0.79,-0.26,70,4,10.1,16.33,0.0,-0.9987,-0.0505,20.5,21.0,21.0,station
2025-09-29,21.1,20.5,20.4,21.2,20.2,21.0,20.6,20.2,21.9,19.3,20.68,0.44,0.08,74,0,9.7,16.06,0.0,-0.9994,-0.0333,21.4,22.0,22.0,station
2025-09-30,19.5,20.0,19.0,21.0,19.5,19.7,20.3,19.0,21.0,19.2,19.8,0.76,-0.04,79,44,12.7,12.57,1.1,-0.9999,-0.0161,20.4,21.0,21.0,station
2025-10-01,17.7,16.9,16.8,18.4,15.9,17.3,17.3,17.9,17.9,15.4,17.14,0.95,-0.02,77,61,11.4,13.16,0.6,-1.0,0.0011,19.0,19.0,19.0,station
2025-10-02,16.4,16.4,17.3,17.5,17.0,17.2,16.7,17.4,17.1,17.2,16.92,0.51,-0.2,66,28,8.1,13.5,0.0,-0.9998,0.0183,17.8,18.0,18.0,station
2025-10-03,16.4,15.7,16.4,17.0,16.8,16.3,15.6,16.0,16.3,15.7,16.46,0.5,0.48,73,56,9.6,12.87,0.0,-0.9994,0.0355,17.4,17.0,17.0,station
2025-10-04,17.4,17.4,17.7,17.7,16.6,17.5,16.8,17.6,17.3,16.1,17.36,0.45,0.3,81,76,7.3,8.22,0.7,-0.9986,0.0527,16.4,15.0,15.0,station
2025-10-05,19.4,20.5,18.7,20.4,19.1,19.0,19.8,16.7,20.7,18.6,19.62,0.8,0.66,62,32,20.2,14.61,0.2,-0.9976,0.0698,20.7,21.0,21.0,station
2025-10-06,18.7,20.1,18.3,19.9,20.0,18.6,19.9,17.1,20.0,18.5,19.4,0.84,0.58,57,8,14.7,14.85,0.0,-0.9962,0.087,19.9,21.0,21.0,station
2025-10-07,20.4,19.9,19.2,21.2,20.3,21.2,19.8,18.5,20.3,19.4,20.2,0.73,0.36,67,18,9.6,14.34,0.0,-0.9946,0.1041,21.3,22.0,22.0,station
2025-10-08,19.7,19.4,20.0,20.3,20.3,19.6,19.3,19.3,19.9,19.9,19.94,0.39,0.34,76,30,8.6,14.04,0.0,-0.9926,0.1212,20.3,21.0,21.0,station
2025-10-09,20.5,20.2,20.8,21.0,21.0,20.3,20.3,20.8,21.4,20.9,20.7,0.35,-0.04,80,23,7.0,13.53,0.0,-0.9904,0.1383,20.6,21.0,21.0,station
2025-10-10,21.6,20.9,21.8,22.0,21.9,21.3,21.0,22.0,22.5,22.0,21.64,0.44,-0.12,81,9,7.3,13.58,0.0,-0.9879,0.1553,22.1,22.0,22.0,station
2025-10-11,21.2,20.0,21.9,21.6,21.2,20.9,20.4,22.3,21.7,21.5,21.18,0.72,-0.18,83,10,6.9,12.74,0.0,-0.9851,0.1722,21.8,22.0,22.0,station
2025-10-12,19.9,19.2,21.5,21.1,20.3,19.6,20.1,21.4,20.7,21.0,20.4,0.92,-0.16,83,48,6.8,10.07,0.8,-0.9819,0.1892,20.8,21.0,21.0,station
2025-10-13,18.3,17.9,18.9,19.9,18.2,18.3,18.5,20.4,19.9,18.8,18.64,0.79,-0.54,85,46,5.6,7.77,0.5,-0.9785,0.206,19.7,19.0,19.0,station
2025-10-14,18.4,17.8,19.9,19.1,18.2,17.7,18.3,20.4,19.0,17.9,18.68,0.83,0.02,87,44,6.0,6.47,0.8,-0.9749,0.2228,18.6,18.0,18.0,station
2025-10-15,18.6,17.8,18.9,18.5,18.3,17.9,17.6,16.9,18.0,18.0,18.42,0.41,0.74,80,32,7.7,10.03,0.2,-0.9709,0.2396,19.1,20.0,20.0,station
2025-10-16,17.2,16.6,18.8,18.3,17.3,17.6,16.9,18.5,18.3,17.2,17.64,0.89,-0.06,76,42,6.6,10.3,0.0,-0.9666,0.2562,18.5,19.0,19.0,station
2025-10-17,17.6,16.4,18.4,17.9,17.5,17.5,16.7,18.5,18.3,17.2,17.56,0.74,-0.08,76,35,6.4,10.87,0.2,-0.9621,0.2728,17.8,19.0,19.0,station
2025-10-18,17.6,17.0,18.4,18.4,17.6,17.6,17.0,18.3,17.9,17.5,17.8,0.6,0.14,78,10,7.9,12.07,0.0,-0.9572,0.2893,18.4,18.0,18.0,station
2025-10-19,15.4,14.8,16.1,16.7,15.2,16.4,15.5,16.1,16.9,15.5,15.64,0.76,-0.44,75,85,7.6,8.42,0.0,-0.9521,0.3057,16.5,17.0,17.0,station
2025-10-20,12.3,12.3,13.7,12.5,11.6,12.3,12.5,13.7,13.2,11.5,12.48,0.76,-0.16,89,100,6.2,1.77,7.6,-0.9467,0.3221,12.7,13.0,13.0,station
2025-10-21,15.5,14.3,13.1,15.3,14.9,14.4,14.2,13.5,14.4,14.2,14.62,0.97,0.48,88,92,6.5,7.89,0.2,-0.941,0.3383,15.9,15.0,15.0,station
2025-10-22,16.6,15.8,17.0,16.7,16.3,16.7,15.1,16.9,16.4,16.3,16.48,0.45,0.2,85,93,5.8,7.11,0.1,-0.9351,0.3545,17.7,18.0,18.0,station
2025-10-23,13.3,14.1,13.6,14.3,13.8,13.3,14.0,12.6,13.9,13.6,13.82,0.4,0.34,95,77,11.4,3.62,10.5,-0.9288,0.3705,15.2,14.0,14.0,station
2025-10-24,16.6,19.0,16.6,16.3,15.0,15.9,18.9,16.2,16.4,14.1,16.7,1.45,0.4,60,30,11.8,10.91,0.0,-0.9223,0.3864,18.7,19.0,19.0,station
2025-10-25,15.7,15.3,15.0,15.2,14.3,16.1,14.8,14.3,14.5,13.9,15.1,0.51,0.38,67,55,12.5,10.88,0.0,-0.9155,0.4022,15.6,16.0,16.0,station
2025-10-26,16.8,17.7,17.4,17.0,15.9,16.8,17.5,16.1,18.1,15.4,16.96,0.69,0.18,58,44,25.4,10.27,0.0,-0.9085,0.4179,18.1,18.0,18.0,station
2025-10-27,14.2,15.4,14.0,15.2,14.2,14.6,15.3,14.0,15.9,14.2,14.6,0.65,-0.2,51,65,14.1,8.94,0.0,-0.9012,0.4335,16.0,17.0,17.0,station
2025-10-28,18.0,16.9,16.2,18.2,16.3,17.8,17.4,15.9,17.9,15.7,17.12,0.94,0.18,67,30,12.5,10.75,0.0,-0.8936,0.4489,18.5,19.0,19.0,station
2025-10-29,13.2,13.2,11.5,14.1,11.6,12.9,12.7,11.5,13.3,11.5,12.72,1.13,0.34,87,97,9.6,2.61,14.0,-0.8857,0.4642,13.5,14.0,14.0,station
2025-10-30,17.5,15.7,14.1,16.8,15.1,18.0,16.1,15.3,16.7,15.2,15.84,1.35,-0.42,86,81,10.3,7.01,15.8,-0.8776,0.4794,16.9,16.0,16.0,station
2025-10-31,16.6,15.5,13.6,15.7,15.3,17.4,15.8,13.8,17.5,16.2,15.34,1.09,-0.8,88,99,9.8,1.98,0.2,-0.8692,0.4944,15.2,16.0,16.0,station
2025-11-01,15.7,15.9,14.7,16.3,15.7,16.6,15.9,14.4,16.1,15.1,15.66,0.59,0.04,92,98,5.3,3.68,1.5,-0.8606,0.5093,17.1,17.0,17.0,station
2025-11-02,14.0,14.9,14.2,15.2,14.4,14.2,14.9,14.8,15.6,14.0,14.54,0.5,-0.16,96,85,12.6,2.01,16.6,-0.8517,0.524,15.1,15.0,15.0,station
2025-11-03,17.2,18.1,16.2,17.8,14.5,17.1,18.3,16.2,18.4,14.7,16.76,1.46,-0.18,60,9,20.4,10.09,0.0,-0.8426,0.5386,18.9,20.0,20.0,station
2025-11-04,16.5,15.8,15.1,16.1,13.5,16.1,15.4,14.9,15.5,12.7,15.4,1.18,0.48,76,0,10.2,9.84,0.0,-0.8332,0.553,15.7,16.0,16.0,station
2025-11-05,16.0,15.2,14.7,15.0,14.2,16.3,16.0,14.5,15.1,13.4,15.02,0.66,-0.04,82,19,8.0,9.56,0.0,-0.8235,0.5672,14.9,16.0,16.0,station
2025-11-06,15.8,13.3,14.2,15.3,13.7,15.9,14.1,14.4,13.5,13.5,14.46,1.06,0.18,83,69,8.4,8.97,0.0,-0.8137,0.5813,14.8,16.0,16.0,station
2025-11-07,13.9,12.3,12.3,14.7,13.1,13.6,12.1,12.5,12.3,13.7,13.26,1.04,0.42,77,37,8.0,8.67,0.0,-0.8035,0.5952,14.3,15.0,15.0,station
2025-11-08,13.1,11.3,12.9,13.8,12.6,13.3,11.7,13.2,14.3,12.5,12.74,0.92,-0.26,84,13,8.5,9.29,0.0,-0.7932,0.609,13.5,14.0,14.0,station
2025-11-09,12.9,12.1,13.0,13.2,12.3,12.8,11.5,13.0,14.0,12.1,12.7,0.47,0.02,85,21,8.6,8.91,0.0,-0.7826,0.6225,14.0,14.0,14.0,station
2025-11-10,14.7,13.7,13.6,13.8,13.1,14.8,13.4,13.4,14.3,12.3,13.78,0.58,0.14,82,31,9.5,8.93,0.0,-0.7718,0.6359,15.0,15.0,15.0,station
2025-11-11,15.0,14.2,14.3,15.3,13.3,14.9,14.1,13.8,14.8,13.2,14.42,0.78,0.26,85,39,8.8,8.74,0.0,-0.7607,0.6491,14.9,16.0,16.0,station
2025-11-12,15.1,14.9,15.0,15.6,13.8,14.9,14.5,14.5,15.4,12.8,14.88,0.66,0.46,84,39,10.1,8.29,0.0,-0.7494,0.6621,15.9,17.0,17.0,station
2025-11-13,14.9,15.1,15.4,15.8,15.2,15.3,15.2,14.8,15.9,14.5,15.28,0.34,0.14,81,83,9.4,8.1,0.0,-0.7379,0.6749,16.3,17.0,17.0,station
2025-11-14,12.3,14.4,12.2,14.5,13.6,13.1,14.3,12.4,14.4,12.7,13.4,1.11,0.02,85,93,9.4,2.76,1.0,-0.7262,0.6875,13.6,15.0,15.0,station
2025-11-15,11.9,13.0,12.0,12.2,11.4,12.5,12.7,11.9,12.0,11.7,12.1,0.58,-0.06,95,97,8.9,2.11,10.0,-0.7143,0.6998,12.4,11.0,11.0,station
2025-11-16,11.5,11.6,11.9,11.9,11.7,11.9,11.5,11.9,12.4,12.1,11.72,0.18,-0.24,98,100,7.6,0.86,20.4,-0.7021,0.712,11.3,12.0,12.0,station
2025-11-17,14.9,14.3,14.3,14.8,13.0,14.4,14.4,14.2,15.4,12.2,14.26,0.76,0.14,83,79,26.7,6.5,2.2,-0.6898,0.724,15.2,13.0,13.0,station
2025-11-18,10.0,10.6,8.0,10.9,7.4,10.2,10.6,9.0,11.6,7.8,9.38,1.58,-0.46,56,41,27.2,5.3,0.0,-0.6772,0.7358,10.8,11.0,11.0,station
2025-11-19,8.2,7.4,7.6,8.2,6.8,8.5,7.7,8.7,8.2,6.9,7.64,0.59,-0.36,76,85,4.9,4.23,0.0,-0.6645,0.7473,8.2,8.0,8.0,station
2025-11-20,8.8,8.4,8.1,9.4,7.3,8.0,8.8,8.0,9.0,7.1,8.4,0.78,0.22,80,63,9.2,7.87,1.4,-0.6515,0.7586,9.4,9.0,9.0,station
2025-11-21,4.5,4.9,8.4,7.2,4.5,4.8,5.3,8.3,6.4,4.8,5.9,1.79,-0.02,84,96,17.9,2.15,6.2,-0.6384,0.7697,4.7,5.0,5.0,station
2025-11-22,7.9,7.8,6.9,8.8,6.6,8.1,7.6,6.9,8.7,6.6,7.6,0.87,0.02,47,30,21.1,7.92,0.0,-0.625,0.7806,10.1,10.0,10.0,station
2025-11-23,6.5,5.9,6.1,6.6,4.5,6.4,5.4,5.4,5.9,3.4,5.92,0.84,0.62,65,45,10.8,7.51,0.0,-0.6115,0.7912,7.2,8.0,8.0,station
2025-11-24,4.9,4.2,3.7,4.0,3.0,5.0,4.2,3.6,4.3,2.1,3.96,0.69,0.12,89,100,7.0,1.41,0.9,-0.5978,0.8016,3.8,4.0,4.0,station
2025-11-25,7.9,8.1,7.8,7.9,5.4,7.7,8.5,7.5,7.9,3.6,7.42,1.13,0.38,85,52,15.6,7.09,1.0,-0.584,0.8118,8.5,9.0,9.0,station
2025-11-26,11.6,11.5,9.3,11.3,9.7,11.6,11.1,9.0,11.9,8.0,10.68,1.09,0.36,41,38,24.7,7.16,0.0,-0.5699,0.8217,13.0,14.0,14.0,station
2025-11-27,10.1,10.4,8.4,9.1,8.2,9.6,9.7,7.9,9.4,7.8,9.24,0.99,0.36,52,0,21.5,7.45,0.0,-0.5557,0.8314,10.8,11.0,11.0,station
2025-11-28,8.7,8.1,8.0,8.8,6.7,8.7,8.2,7.9,8.2,6.5,8.06,0.84,0.16,81,29,11.8,7.36,0.0,-0.5413,0.8408,8.7,10.0,10.0,station
2025-11-29,10.4,9.4,9.2,10.2,7.1,10.3,9.2,8.8,9.1,5.9,9.26,1.31,0.6,79,49,6.5,6.93,0.0,-0.5268,0.85,9.4,11.0,11.0,station
2025-11-30,9.5,8.2,8.9,11.3,8.0,9.7,8.4,8.3,9.2,6.3,9.18,1.33,0.8,85,100,9.1,5.11,0.0,-0.5121,0.859,8.1,9.0,9.0,station
2025-12-01,5.6,7.1,7.1,7.3,5.5,7.9,7.8,6.9,7.1,5.3,6.52,0.89,-0.48,92,100,11.6,1.51,2.4,-0.4972,0.8676,6.7,7.0,7.0,station
2025-12-02,7.9,8.3,8.5,9.3,8.4,9.1,8.7,9.0,9.6,8.8,8.48,0.51,-0.56,93,99,7.0,1.88,0.0,-0.4822,0.8761,9.1,10.0,10.0,station
2025-12-03,9.6,8.5,8.2,9.2,8.6,9.0,8.9,10.2,9.5,8.0,8.82,0.57,-0.3,91,99,8.5,2.9,1.8,-0.4671,0.8842,10.1,11.0,11.0,station
2025-12-04,8.9,9.1,8.8,9.2,9.2,7.8,8.5,7.9,8.7,8.2,9.04,0.18,0.82,89,100,12.4,1.27,3.2,-0.4518,0.8921,9.1,10.0,10.0,station
2025-12-05,9.7,9.6,9.4,10.5,8.9,8.1,8.6,9.2,9.5,7.7,9.62,0.58,1.0,87,50,10.7,4.83,1.2,-0.4364,0.8998,11.4,11.0,11.0,station
2025-12-06,10.9,9.6,9.2,9.5,7.3,10.9,9.2,8.7,8.1,6.4,9.3,1.29,0.64,84,61,10.3,6.03,0.0,-0.4208,0.9071,10.9,10.0,10.0,station
2025-12-07,9.2,9.1,10.2,10.6,8.6,10.6,9.1,9.6,7.6,7.9,9.54,0.83,0.58,88,92,8.4,3.2,1.2,-0.4052,0.9142,9.1,12.0,12.0,station
2025-12-08,11.9,10.6,11.0,11.5,8.4,11.4,10.3,10.6,10.3,8.1,10.68,1.37,0.54,86,57,8.9,6.24,0.0,-0.3894,0.9211,12.2,14.0,14.0,station
2025-12-09,12.0,10.5,11.3,12.1,8.0,12.1,10.3,11.2,9.2,7.1,10.78,1.68,0.8,90,24,7.2,6.12,0.0,-0.3735,0.9276,12.5,14.0,14.0,station
2025-12-10,11.8,10.5,11.5,12.2,9.6,12.0,10.2,11.3,12.2,9.1,11.12,1.06,0.16,89,19,11.3,5.39,0.0,-0.3575,0.9339,12.6,14.0,14.0,station
2025-12-11,10.4,8.7,10.6,11.6,9.1,11.1,9.0,10.8,11.9,8.2,10.08,1.18,-0.12,92,61,9.0,5.74,0.0,-0.3413,0.9399,11.5,12.0,12.0,station
2025-12-12,11.2,9.2,11.2,12.4,10.1,11.7,8.8,11.2,12.0,8.6,10.82,1.22,0.36,84,8,9.6,6.21,0.0,-0.3251,0.9457,12.7,14.0,14.0,station
2025-12-13,12.9,11.2,11.5,13.1,10.1,12.7,9.7,11.7,12.2,9.7,11.76,1.25,0.56,80,0,10.8,6.25,0.0,-0.3088,0.9511,13.5,15.0,15.0,station
2025-12-14,12.3,9.8,10.7,12.3,8.7,12.6,9.3,10.5,11.4,8.2,10.76,1.57,0.36,84,2,9.0,6.06,0.0,-0.2924,0.9563,12.1,13.0,13.0,station
2025-12-15,9.3,6.4,9.1,10.4,7.1,9.5,6.7,9.4,8.4,6.4,8.46,1.66,0.38,93,73,8.3,4.54,0.0,-0.2759,0.9612,8.1,10.0,10.0,station
2025-12-16,6.0,6.9,7.4,8.2,7.2,5.8,7.0,7.7,7.8,7.2,7.14,0.8,0.04,95,100,21.8,0.66,22.3,-0.2593,0.9658,7.0,8.0,8.0,station
2025-12-17,9.1,9.6,9.6,10.1,8.4,10.5,9.4,8.9,12.1,10.2,9.36,0.64,-0.86,96,100,17.0,1.52,12.3,-0.2427,0.9701,9.7,11.0,11.0,station
2025-12-18,10.1,9.1,9.8,10.3,9.3,10.3,9.2,10.2,9.4,8.5,9.72,0.51,0.2,97,94,5.5,2.45,0.0,-0.226,0.9741,10.3,10.0,10.0,station
2025-12-19,9.4,9.7,11.4,10.8,9.4,11.0,9.5,11.7,10.5,8.7,10.14,0.91,-0.14,91,74,5.5,4.59,0.0,-0.2092,0.9779,12.4,13.0,13.0,station
2025-12-20,8.6,9.4,9.0,9.5,8.5,7.7,9.3,9.4,9.0,8.7,9.0,0.45,0.18,93,97,6.7,2.32,0.8,-0.1923,0.9813,10.1,10.0,10.0,station
2025-12-21,10.7,9.2,10.2,10.6,9.3,9.1,9.1,9.1,10.2,9.0,10.0,0.71,0.7,91,95,6.8,4.88,0.2,-0.1754,0.9845,10.5,11.0,11.0,station
2025-12-22,8.1,8.9,9.2,10.1,8.4,8.6,8.9,8.7,8.6,8.2,8.94,0.78,0.34,86,96,7.8,3.52,0.0,-0.1585,0.9874,10.6,10.0,10.0,station
2025-12-23,8.8,8.9,8.3,10.3,8.2,8.4,9.2,9.4,9.2,8.4,8.9,0.84,-0.02,91,100,11.4,0.91,4.2,-0.1414,0.9899,8.4,9.0,9.0,station
2025-12-24,6.5,7.6,8.2,8.3,6.4,6.4,7.8,9.0,7.9,6.3,7.4,0.91,-0.08,92,89,15.1,1.2,11.5,-0.1244,0.9922,8.4,8.0,8.0,station
2025-12-25,5.9,5.7,5.6,6.3,5.7,5.4,6.2,7.3,6.8,5.3,5.84,0.28,-0.36,94,100,11.3,1.79,4.8,-0.1073,0.9942,7.1,6.0,6.0,station
2025-12-26,7.3,7.2,7.9,7.3,5.1,7.5,7.2,7.7,7.3,5.4,6.96,1.08,-0.06,86,48,9.3,5.86,0.8,-0.0902,0.9959,8.4,9.0,9.0,station
2025-12-27,10.0,8.1,9.3,8.9,6.4,10.0,7.6,9.3,8.4,5.9,8.54,1.38,0.3,83,18,11.1,6.29,0.0,-0.073,0.9973,10.3,11.0,11.0,station
2025-12-28,11.0,9.3,9.5,11.0,8.0,11.4,9.4,9.8,9.7,7.2,9.76,1.27,0.26,75,2,10.5,6.5,0.0,-0.0559,0.9984,11.3,12.0,12.0,station
2025-12-29,8.6,7.1,8.2,8.6,5.8,8.8,7.3,8.2,7.1,3.0,7.66,1.21,0.78,78,0,8.5,6.29,0.0,-0.0387,0.9993,8.4,10.0,10.0,station
2025-12-30,6.7,5.8,8.1,7.1,4.0,7.1,6.1,8.2,5.8,2.7,6.34,1.55,0.36,86,25,10.9,5.94,0.0,-0.0215,0.9998,6.4,6.0,6.0,station
2025-12-31,4.7,3.7,4.9,5.8,4.0,3.8,3.6,4.8,5.7,4.0,4.62,0.82,0.24,80,66,11.1,5.17,0.3,-0.0043,1.0,7.0,,,
2026-01-01,4.6,3.1,4.5,4.0,1.8,5.0,2.9,4.0,4.4,1.6,3.6,1.17,0.02,87,66,9.2,1.99,0.0,0.0172,0.9999,3.6,4.0,4.0,station
2026-01-02,5.6,4.9,5.9,7.0,4.7,5.8,4.4,5.8,7.2,3.1,5.62,0.91,0.36,79,54,7.6,6.34,0.0,0.0344,0.9994,7.4,9.0,9.0,station
2026-01-03,7.8,5.4,6.3,6.6,4.8,7.7,4.3,5.9,6.9,4.0,6.18,1.15,0.42,78,3,11.2,6.66,0.0,0.0516,0.9987,6.0,2.0,2.0,station
2026-01-04,6.3,4.0,5.3,1.9,3.3,6.0,4.6,5.4,5.1,3.1,4.16,1.71,-0.68,67,15,15.1,6.63,0.0,0.0688,0.9976,6.1,4.0,4.0,station
2026-01-05,3.9,2.9,4.0,3.2,2.7,4.5,3.2,4.2,3.6,2.7,3.34,0.59,-0.3,75,55,8.6,6.31,0.0,0.0859,0.9963,3.8,5.0,5.0,station
2026-01-06,5.5,4.2,3.7,3.3,2.6,5.6,3.7,4.0,3.6,2.6,3.86,1.09,-0.04,62,38,9.6,6.91,0.0,0.103,0.9947,4.9,5.0,5.0,station
2026-01-07,3.7,2.8,2.1,1.7,1.1,3.9,2.7,2.5,2.1,1.1,2.28,1.01,-0.18,63,6,13.0,7.02,0.0,0.1201,0.9928,4.6,3.0,3.0,station
2026-01-08,4.7,3.0,2.4,5.0,1.7,5.7,2.5,2.6,2.7,0.8,3.36,1.44,0.5,63,66,11.5,4.83,0.0,0.1372,0.9905,5.7,7.0,7.0,station
2026-01-09,4.2,3.0,2.8,3.3,0.5,3.8,2.6,2.6,1.9,0.0,2.76,1.37,0.58,81,70,8.1,3.56,0.0,0.1542,0.988,2.9,2.0,2.0,station
2026-01-10,8.2,7.0,4.6,8.8,5.0,7.2,6.8,4.2,4.7,5.0,6.72,1.87,1.14,68,57,18.7,5.83,0.0,0.1712,0.9852,7.7,6.0,6.0,station
2026-01-11,8.3,8.7,7.2,8.3,6.5,8.0,8.8,6.5,7.7,6.4,7.8,0.92,0.32,40,18,16.6,7.15,0.0,0.1881,0.9821,10.8,12.0,12.0,station
2026-01-12,7.6,6.3,5.7,7.7,4.0,7.4,6.2,5.3,6.3,3.4,6.26,1.52,0.54,58,71,11.2,6.71,0.0,0.205,0.9788,8.4,9.0,9.0,station
2026-01-13,8.4,6.3,6.0,6.8,4.7,8.9,6.2,5.0,7.4,3.2,6.44,1.34,0.3,71,98,10.5,3.03,0.0,0.2218,0.9751,7.5,7.0,7.0,station
2026-01-14,9.4,7.5,6.6,9.1,4.9,8.3,7.3,5.9,6.8,4.1,7.5,1.85,1.02,89,99,8.0,2.32,0.1,0.2385,0.9711,7.1,8.0,8.0,station
2026-01-15,6.7,7.0,6.7,6.5,5.5,7.5,7.0,6.8,5.7,4.6,6.48,0.58,0.16,95,99,6.9,2.62,1.9,0.2552,0.9669,8.0,7.0,7.0,station
2026-01-16,7.7,7.6,7.4,8.3,7.4,6.9,7.2,7.0,7.0,6.9,7.68,0.37,0.68,95,99,6.6,2.77,2.1,0.2718,0.9624,8.7,7.0,7.0,station
2026-01-17,8.3,8.1,8.0,8.4,8.6,7.4,7.4,8.4,9.1,7.9,8.28,0.24,0.24,90,100,12.8,1.65,4.2,0.2883,0.9575,9.3,9.0,9.0,station
2026-01-18,7.5,7.9,7.7,8.8,6.2,6.3,8.0,7.6,7.8,7.1,7.62,0.94,0.26,76,97,11.2,2.89,0.1,0.3047,0.9524,10.4,10.0,10.0,station
2026-01-19,6.4,7.1,6.8,6.1,5.2,6.2,7.2,6.4,5.5,5.3,6.32,0.73,0.2,76,86,8.7,2.09,0.2,0.3211,0.9471,6.8,8.0,8.0,station
2026-01-20,7.2,6.0,5.9,7.4,4.2,7.5,5.8,7.5,5.9,4.7,6.14,1.28,-0.14,79,81,4.8,3.89,0.0,0.3373,0.9414,6.0,7.0,7.0,station
2026-01-21,7.6,5.8,6.3,8.0,4.1,7.5,5.9,6.5,6.4,4.7,6.36,1.55,0.16,85,6,7.0,7.7,0.0,0.3534,0.9355,7.4,8.0,8.0,station
2026-01-22,7.7,5.1,5.7,6.1,3.4,7.5,5.2,5.4,6.4,2.9,5.6,1.56,0.12,90,65,7.0,6.79,0.0,0.3695,0.9292,5.6,2.0,2.0,station
2026-01-23,4.2,3.7,5.2,4.9,3.1,5.3,3.5,5.3,5.0,2.8,4.22,0.86,-0.16,91,85,7.6,2.26,1.3,0.3854,0.9227,4.8,5.0,5.0,station
2026-01-24,4.7,4.1,4.2,5.6,5.1,3.7,4.5,4.5,5.4,5.5,4.74,0.63,0.02,93,100,9.5,2.62,4.7,0.4012,0.916,7.1,7.0,7.0,station
2026-01-25,6.4,4.6,5.3,7.2,6.6,5.8,4.5,4.7,7.4,5.6,6.02,1.05,0.42,93,97,13.3,2.95,12.5,0.4169,0.9089,6.4,5.0,5.0,station
2026-01-26,8.2,7.0,8.4,8.4,6.6,8.0,6.5,6.7,8.6,6.8,7.72,0.86,0.4,86,58,7.3,6.39,0.0,0.4325,0.9016,9.8,10.0,10.0,station
2026-01-27,9.1,6.2,7.0,8.9,5.1,8.2,5.5,6.9,6.3,4.7,7.26,1.73,0.94,84,73,16.2,5.12,5.8,0.4479,0.8941,8.0,7.0,7.0,station
2026-01-28,4.3,5.1,4.9,6.2,5.6,4.3,4.8,5.8,6.2,6.0,5.22,0.72,-0.2,96,100,20.3,0.99,23.1,0.4633,0.8862,4.6,6.0,6.0,station
2026-01-29,10.4,7.3,8.8,8.8,6.7,9.6,6.6,7.7,9.5,7.4,8.4,1.45,0.24,89,48,9.2,8.32,0.5,0.4784,0.8781,9.7,5.0,5.0,station
2026-01-30,9.4,7.8,8.0,7.3,6.8,9.3,7.3,7.9,9.0,5.5,7.86,0.98,0.06,86,80,8.5,5.42,0.0,0.4935,0.8698,9.1,9.0,9.0,station
2026-01-31,9.1,7.4,8.3,7.0,6.9,8.4,7.3,8.2,8.9,6.6,7.74,0.94,-0.14,86,87,9.0,6.35,0.0,0.5084,0.8611,9.2,9.0,9.0,station
2026-02-01,9.2,6.9,8.2,8.1,6.5,9.0,7.7,8.4,9.1,5.9,7.78,1.08,-0.24,89,70,8.1,7.92,0.0,0.5231,0.8523,8.6,5.0,5.0,station
2026-02-02,6.1,4.6,5.1,7.0,4.6,5.6,5.2,5.6,6.9,4.8,5.48,1.05,-0.14,94,100,4.9,2.34,3.4,0.5377,0.8432,5.9,6.0,6.0,station
2026-02-03,5.5,4.3,4.1,5.8,5.4,4.5,4.5,4.0,5.0,4.7,5.02,0.77,0.48,94,100,11.4,2.54,9.7,0.5521,0.8338,5.1,4.0,4.0,station
2026-02-04,6.1,5.1,5.1,7.1,5.8,7.0,5.2,6.2,7.1,5.8,5.84,0.83,-0.42,96,100,11.7,0.95,18.2,0.5664,0.8242,5.5,6.0,6.0,station
2026-02-05,11.0,8.1,9.5,10.4,7.5,11.3,8.0,9.5,10.7,8.1,9.3,1.48,-0.22,87,65,9.4,9.32,3.0,0.5805,0.8143,10.4,11.0,11.0,station
2026-02-06,12.2,10.3,9.7,11.9,10.3,11.6,9.6,9.3,11.4,10.2,10.88,1.1,0.46,83,69,17.6,8.34,12.9,0.5944,0.8042,12.8,13.0,13.0,station
2026-02-07,12.1,10.2,7.8,11.5,7.7,12.2,10.0,10.3,11.7,8.4,9.86,2.05,-0.66,87,56,10.1,7.38,1.5,0.6081,0.7938,11.8,12.0,12.0,station
2026-02-08,10.7,9.2,10.2,11.9,9.9,11.1,8.9,9.6,11.1,9.2,10.38,1.01,0.4,87,78,10.5,8.38,1.5,0.6217,0.7833,12.1,12.0,12.0,station
2026-02-09,10.9,9.8,11.5,11.9,10.2,10.7,9.5,10.0,9.2,8.1,10.86,0.87,1.36,83,86,9.6,8.61,0.4,0.6351,0.7725,11.9,13.0,13.0,station
2026-02-10,8.0,7.7,8.1,8.9,7.7,7.4,7.4,9.2,9.9,7.7,8.08,0.49,-0.24,93,92,8.8,3.84,4.7,0.6483,0.7614,9.4,9.0,9.0,station
2026-02-11,12.1,9.5,10.8,11.6,10.7,11.7,9.1,10.1,11.2,9.9,10.94,0.99,0.54,81,77,13.1,6.7,1.6,0.6613,0.7502,12.1,12.0,12.0,station
2026-02-12,10.7,9.7,11.7,11.0,10.3,12.2,9.7,9.4,10.1,9.5,10.68,0.75,0.5,86,97,15.1,4.77,1.9,0.6741,0.7387,11.7,11.0,11.0,station
2026-02-13,15.0,14.0,12.3,14.6,11.4,15.0,13.0,12.5,14.7,11.6,13.46,1.55,0.1,60,73,13.4,10.57,1.0,0.6867,0.727,16.0,16.0,16.0,station
2026-02-14,9.3,10.2,9.7,11.1,9.7,10.6,10.1,9.6,9.3,9.7,10.0,0.69,0.14,94,99,14.6,2.46,7.1,0.6991,0.715,9.5,10.0,10.0,station
2026-02-15,12.7,13.5,12.3,14.2,10.9,12.7,13.5,12.2,13.6,10.8,12.72,1.25,0.16,40,47,28.8,11.66,0.1,0.7113,0.7029,14.7,16.0,16.0,station
2026-02-16,8.7,9.5,9.7,12.4,7.4,10.2,8.9,10.3,10.8,8.3,9.54,1.84,-0.16,69,78,15.3,6.99,0.4,0.7233,0.6906,10.4,11.0,11.0,station
2026-02-17,12.9,12.9,12.6,13.1,11.5,12.4,13.2,12.7,12.8,11.0,12.6,0.64,0.18,55,27,15.9,11.12,0.2,0.735,0.678,13.3,15.0,15.0,station
2026-02-18,11.6,11.0,10.9,11.3,9.0,11.3,10.6,10.8,11.1,8.6,10.76,1.02,0.28,48,61,14.2,11.5,0.0,0.7466,0.6653,12.9,13.0,13.0,station
2026-02-19,7.7,7.5,7.4,9.0,7.9,6.5,7.4,8.1,10.4,7.0,7.9,0.64,0.02,84,98,17.1,5.33,21.9,0.7579,0.6523,8.3,8.0,8.0,station
2026-02-20,16.0,15.1,15.6,17.5,13.7,15.9,14.5,15.5,18.6,13.5,15.58,1.38,-0.02,59,37,22.5,12.24,0.0,0.769,0.6392,17.0,20.0,20.0,station
2026-02-21,14.0,13.2,12.7,13.5,10.7,14.1,12.9,12.1,13.8,11.5,12.82,1.28,-0.06,75,46,9.3,11.56,0.0,0.7799,0.6259,15.1,14.0,14.0,station
2026-02-22,14.3,11.5,13.1,14.6,11.0,13.5,11.6,13.0,13.1,10.9,12.9,1.62,0.48,81,69,9.7,11.79,0.0,0.7906,0.6124,13.6,14.0,14.0,station
2026-02-23,15.3,13.3,13.8,15.7,12.0,15.8,13.4,13.7,15.2,11.6,14.02,1.51,0.08,83,60,6.1,11.36,0.0,0.801,0.5987,15.4,15.0,15.0,station
2026-02-24,20.5,15.7,16.6,19.9,15.4,20.7,15.8,15.3,17.7,14.9,17.62,2.41,0.74,81,32,13.3,12.55,0.0,0.8112,0.5848,19.3,19.0,19.0,station
2026-02-25,13.7,11.8,14.7,14.8,12.7,13.5,11.5,14.6,14.6,12.6,13.54,1.29,0.18,82,52,10.7,7.02,0.0,0.8211,0.5708,13.6,13.0,13.0,station
2026-02-26,16.2,13.9,15.7,16.1,13.9,16.1,13.1,15.6,15.8,13.6,15.16,1.17,0.32,81,2,7.6,13.0,0.0,0.8308,0.5566,15.5,16.0,16.0,station
2026-02-27,16.4,13.6,15.8,16.5,14.0,16.4,13.5,16.0,16.3,13.9,15.26,1.37,0.04,82,10,8.8,12.39,0.0,0.8402,0.5422,15.4,16.0,16.0,station
2026-02-28,14.5,13.2,13.8,14.4,13.6,14.8,13.0,15.5,15.8,13.1,13.9,0.55,-0.54,83,66,6.7,9.42,0.0,0.8495,0.5277,14.2,15.0,15.0,station
2026-03-01,11.1,10.8,12.9,10.8,11.3,11.2,10.9,14.2,12.4,10.6,11.38,0.88,-0.48,91,99,8.7,5.19,0.5,0.8584,0.513,12.2,11.0,11.0,station
2026-03-02,12.1,10.8,11.0,11.0,10.8,12.5,11.2,12.1,12.9,11.1,11.14,0.55,-0.82,88,75,8.0,7.36,3.2,0.8671,0.4981,12.5,12.0,12.0,station
2026-03-03,14.1,13.0,14.9,14.0,11.9,14.5,13.0,14.1,14.3,12.6,13.58,1.16,-0.12,80,65,9.6,10.97,1.3,0.8755,0.4831,14.4,15.0,15.0,station
2026-03-04,15.1,12.9,14.8,14.6,13.5,14.9,13.3,15.1,14.9,12.7,14.18,0.94,0.0,79,66,8.3,11.03,0.2,0.8837,0.468,14.6,15.0,15.0,station
2026-03-05,15.0,12.6,15.2,14.2,13.7,15.9,13.2,15.2,15.0,13.5,14.14,1.05,-0.42,84,64,6.8,6.7,0.0,0.8916,0.4527,13.0,12.0,12.0,station
2026-03-06,15.7,13.6,15.6,13.7,13.9,16.2,14.2,15.5,16.0,14.0,14.5,1.06,-0.68,81,83,6.6,12.49,0.0,0.8993,0.4373,14.8,15.0,15.0,station
2026-03-07,16.6,15.2,15.8,15.9,14.8,17.0,15.5,16.1,16.6,14.8,15.66,0.69,-0.34,73,18,8.9,14.96,0.0,0.9067,0.4218,16.3,17.0,17.0,station
2026-03-08,16.2,14.9,15.6,15.9,14.3,16.4,15.2,15.5,15.9,13.6,15.38,0.77,0.06,71,4,7.8,14.17,0.0,0.9138,0.4061,16.3,17.0,17.0,station
2026-03-09,15.2,15.1,16.0,14.9,14.8,16.0,15.6,15.5,15.7,14.6,15.2,0.47,-0.28,71,77,8.8,5.84,0.0,0.9207,0.3904,14.5,16.0,16.0,station
2026-03-10,11.9,12.4,12.7,14.0,13.6,12.8,12.1,13.9,12.2,12.6,12.92,0.86,0.2,86,90,8.8,4.27,2.6,0.9272,0.3745,11.0,11.0,11.0,station
2026-03-11,13.2,12.4,14.6,14.0,13.1,13.6,12.8,14.4,13.8,13.0,13.46,0.85,-0.06,84,92,6.3,9.55,0.2,0.9335,0.3585,13.6,13.0,13.0,station
2026-03-12,14.3,14.0,15.6,16.2,13.3,15.3,13.6,15.0,16.1,13.3,14.68,1.19,0.02,77,70,7.6,13.86,1.9,0.9396,0.3424,16.7,17.0,17.0,station
2026-03-13,15.3,14.9,15.8,16.0,14.5,15.6,15.0,15.9,15.0,14.2,15.3,0.62,0.16,76,44,6.6,12.93,0.6,0.9453,0.3261,16.2,17.0,17.0,station
2026-03-14,9.6,11.5,11.7,11.7,9.3,9.7,11.4,11.3,10.4,9.6,10.76,1.2,0.28,93,98,21.6,2.15,43.0,0.9508,0.3098,10.6,11.0,11.0,station
2026-03-15,12.1,11.4,10.0,14.7,10.5,11.4,10.7,7.5,14.1,11.2,11.74,1.84,0.76,78,88,31.6,9.58,32.4,0.956,0.2934,13.7,12.0,12.0,station
2026-03-16,18.9,17.0,14.6,17.8,14.7,18.2,17.0,15.0,19.3,14.6,16.6,1.9,-0.22,52,54,18.5,16.77,0.0,0.9609,0.2769,18.9,20.0,20.0,station
2026-03-17,15.3,13.6,14.7,15.3,13.5,14.2,14.7,14.8,15.3,12.8,14.48,0.88,0.12,51,38,19.2,15.97,0.0,0.9655,0.2604,16.0,17.0,17.0,station
2026-03-18,14.0,12.3,13.8,14.0,13.6,15.1,12.7,12.1,15.3,13.5,13.54,0.71,-0.2,52,73,14.0,12.63,0.0,0.9698,0.2437,13.4,14.0,14.0,station
2026-03-19,16.9,16.0,15.3,17.2,14.9,16.4,15.6,15.3,16.2,14.5,16.06,0.99,0.46,51,7,14.9,17.82,0.0,0.9739,0.227,16.8,18.0,18.0,station
2026-03-20,14.6,14.2,14.8,15.3,14.0,14.6,15.0,14.9,15.2,13.7,14.58,0.51,-0.1,55,12,10.5,17.92,0.0,0.9777,0.2102,14.9,15.0,15.0,station
2026-03-21,14.2,13.9,14.2,14.9,14.2,14.4,14.8,14.4,14.8,14.1,14.28,0.37,-0.22,59,57,9.7,15.49,0.0,0.9811,0.1934,14.9,15.0,15.0,station
2026-03-22,11.3,10.3,12.0,12.3,10.1,10.8,10.6,12.0,10.4,9.5,11.2,0.98,0.54,63,82,10.0,11.89,0.0,0.9843,0.1765,12.6,13.0,13.0,station
2026-03-23,15.5,15.1,14.9,15.6,14.5,15.4,14.8,15.0,15.7,14.0,15.12,0.45,0.14,61,14,9.3,18.44,0.0,0.9872,0.1595,16.0,16.0,16.0,station
2026-03-24,16.7,16.6,16.6,16.9,16.3,16.6,16.9,16.6,17.0,16.1,16.62,0.22,-0.02,58,31,13.6,18.49,0.0,0.9898,0.1425,16.7,17.0,17.0,station
2026-03-25,16.9,16.5,16.2,17.3,16.4,16.8,16.4,16.1,17.0,16.1,16.66,0.44,0.18,63,51,25.8,17.95,2.7,0.9921,0.1255,17.2,17.0,17.0,station
2026-03-26,10.8,11.6,13.1,12.7,11.7,10.6,11.7,12.7,12.8,11.9,11.98,0.92,0.04,26,53,40.7,16.13,0.0,0.9941,0.1084,11.4,14.0,14.0,station
2026-03-27,11.9,13.1,14.2,14.3,14.1,11.0,13.6,14.0,14.0,13.3,13.52,1.03,0.34,28,7,32.1,19.95,0.0,0.9958,0.0913,13.3,16.0,16.0,station
2026-03-28,15.4,15.7,14.2,17.0,15.4,15.3,15.7,15.6,16.2,15.8,15.54,1.0,-0.18,38,44,24.3,19.39,0.0,0.9972,0.0741,17.2,16.0,16.0,station
2026-03-29,15.0,16.2,17.0,17.0,15.8,14.6,16.1,16.0,17.0,15.0,16.2,0.85,0.46,29,49,28.9,19.34,0.0,0.9984,0.057,15.9,17.0,17.0,station
2026-03-30,16.6,17.4,17.4,16.8,16.8,16.8,16.9,17.1,17.5,15.8,17.0,0.37,0.18,36,49,23.9,18.62,0.0,0.9992,0.0398,17.0,18.0,18.0,station
2026-03-31,12.4,13.8,15.0,14.4,13.2,12.2,14.1,14.6,13.7,13.7,13.76,1.01,0.1,27,6,36.0,21.03,0.0,0.9997,0.0226,13.1,15.0,15.0,station
2026-04-01,14.8,14.6,15.4,15.6,15.3,15.0,14.7,15.5,15.6,15.3,15.14,0.42,-0.08,29,43,25.9,14.51,0.0,1.0,0.0054,15.9,15.0,15.0,station
2026-04-02,18.1,17.6,17.2,18.4,17.8,18.6,17.5,16.6,18.3,17.8,17.82,0.46,0.06,39,38,25.0,20.73,0.0,0.9999,-0.0118,18.2,18.0,18.0,station
2026-04-03,20.6,20.2,19.4,21.0,19.8,20.4,20.1,19.0,21.4,19.8,20.2,0.63,0.06,33,2,22.0,21.16,0.0,0.9996,-0.029,21.6,22.0,22.0,station
2026-04-04,21.9,21.9,20.0,21.6,20.5,21.7,21.9,19.5,21.0,19.4,21.18,0.88,0.48,39,10,15.7,20.47,0.0,0.9989,-0.0462,21.9,23.0,23.0,station
2026-04-05,23.3,22.8,21.5,23.2,22.6,23.1,22.4,20.7,22.6,22.3,22.68,0.72,0.46,52,51,7.7,20.7,0.0,0.998,-0.0634,22.2,24.0,24.0,station
2026-04-06,24.8,23.5,22.8,25.1,23.7,25.2,23.3,22.4,25.1,24.2,23.98,0.95,-0.06,62,34,10.5,20.77,0.0,0.9968,-0.0805,24.3,26.0,26.0,station
2026-04-07,23.9,22.4,23.8,24.4,23.7,24.0,23.1,23.2,24.9,23.6,23.64,0.74,-0.12,69,9,11.3,21.04,0.0,0.9952,-0.0977,23.5,25.0,25.0,station
2026-04-08,23.0,22.9,22.9,23.6,22.7,22.8,24.4,22.6,24.1,22.9,23.02,0.34,-0.34,72,1,8.3,21.21,0.0,0.9934,-0.1148,23.1,24.0,24.0,station
2026-04-09,21.8,21.3,21.1,22.7,21.5,21.4,26.4,20.1,21.5,21.0,21.68,0.63,-0.4,60,16,9.8,20.03,0.0,0.9913,-0.1319,21.3,22.0,22.0,station
2026-04-10,22.8,21.2,20.7,22.1,22.6,22.0,25.5,20.0,20.7,22.4,21.88,0.9,-0.24,65,82,7.8,18.71,0.0,0.9889,-0.1489,21.0,21.0,21.0,station
2026-04-11,21.1,20.3,19.4,21.2,20.8,21.5,22.1,20.1,21.3,22.0,20.56,0.74,-0.84,56,42,9.6,20.98,0.0,0.9861,-0.1659,20.1,21.0,21.0,station
2026-04-12,19.7,17.7,17.3,20.2,19.8,18.3,19.7,19.8,19.7,21.0,18.94,1.34,-0.76,66,93,11.8,11.29,1.5,0.9831,-0.1828,18.4,18.0,18.0,station
2026-04-13,15.7,14.6,13.5,15.3,13.0,17.2,14.9,13.6,15.2,13.6,14.42,1.15,-0.48,87,97,15.5,5.48,19.9,0.9799,-0.1997,13.9,15.0,15.0,station
2026-04-14,19.5,17.8,18.3,19.0,18.1,16.9,16.7,20.2,19.6,17.5,18.54,0.69,0.36,80,80,11.8,17.64,4.6,0.9763,-0.2165,18.2,19.0,19.0,station
2026-04-15,20.6,19.3,20.6,20.3,19.6,20.6,19.1,17.4,20.3,19.1,20.08,0.6,0.78,78,41,7.1,20.56,1.4,0.9724,-0.2333,20.7,22.0,22.0,station
2026-04-16,22.5,23.0,23.6,22.5,22.9,22.7,23.1,23.0,22.6,22.9,22.9,0.45,0.04,74,31,7.1,21.84,0.0,0.9683,-0.25,22.5,24.0,24.0,station
2026-04-17,21.8,22.8,22.8,23.2,22.6,22.0,23.3,23.0,22.3,23.8,22.64,0.52,-0.24,73,67,13.7,17.38,3.3,0.9638,-0.2666,22.3,24.0,24.0,station
2026-04-18,22.8,23.6,21.7,24.5,23.8,22.5,23.7,22.5,23.1,23.8,23.28,1.07,0.16,70,36,9.4,19.98,0.2,0.9591,-0.2831,23.4,25.0,25.0,station
2026-04-19,20.7,21.0,21.9,23.9,24.0,20.8,21.0,21.9,22.5,25.3,22.3,1.57,0.0,77,59,15.2,18.01,7.9,0.9541,-0.2996,20.8,24.0,24.0,station
2026-04-20,20.8,20.4,19.2,21.6,20.5,19.9,20.7,18.0,22.0,22.7,20.5,0.87,-0.16,75,57,11.9,20.31,1.2,0.9488,-0.316,20.9,23.0,23.0,station
2026-04-21,18.8,16.7,15.5,20.0,15.6,18.5,17.4,18.9,20.2,16.5,17.32,2.0,-0.98,77,55,14.1,18.26,8.7,0.9432,-0.3322,18.4,19.0,19.0,station
2026-04-22,15.9,16.2,14.8,17.9,15.4,16.2,15.9,13.0,18.4,16.2,16.04,1.17,0.1,69,78,16.0,15.81,0.7,0.9373,-0.3484,16.7,18.0,18.0,station
2026-04-23,20.4,19.7,20.1,20.2,20.7,19.9,19.8,20.1,21.4,20.3,20.22,0.37,-0.08,61,14,9.4,24.31,0.0,0.9312,-0.3645,20.3,22.0,22.0,station
2026-04-24,23.3,23.4,22.7,24.3,23.9,22.8,23.2,22.4,23.8,23.3,23.52,0.61,0.42,58,0,10.9,24.81,0.0,0.9248,-0.3804,23.3,25.0,25.0,station
2026-04-25,23.2,23.7,23.4,24.0,25.2,22.9,24.1,23.0,24.2,25.1,23.9,0.79,0.04,64,1,9.3,24.48,0.0,0.9181,-0.3963,23.4,25.0,25.0,station
2026-04-26,24.7,24.5,24.0,25.3,25.9,23.9,25.1,23.1,25.5,25.5,24.88,0.74,0.26,67,39,11.3,23.24,0.0,0.9112,-0.412,24.4,25.0,25.0,station
2026-04-27,24.5,24.4,24.2,25.4,25.9,24.7,24.5,24.0,24.8,26.5,24.88,0.73,-0.02,66,19,11.4,23.65,0.0,0.9039,-0.4276,24.6,26.0,26.0,station
2026-04-28,21.2,20.0,20.2,21.1,22.8,20.9,21.3,18.9,20.1,23.4,21.06,1.11,0.14,73,95,16.5,16.14,2.3,0.8965,-0.4431,21.5,22.0,22.0,station
2026-04-29,22.3,21.5,21.5,22.7,23.6,22.0,21.4,21.5,21.9,24.9,22.32,0.88,-0.02,70,81,14.6,19.14,2.3,0.8887,-0.4585,21.6,23.0,23.0,station
2026-04-30,17.6,16.6,14.1,17.7,18.0,17.5,16.9,16.5,18.9,19.0,16.8,1.6,-0.96,60,56,14.9,18.62,1.1,0.8807,-0.4737,18.5,19.0,19.0,station
2026-05-01,19.2,19.0,19.4,20.4,20.6,18.7,18.9,19.3,20.4,20.1,19.72,0.73,0.24,48,17,9.2,24.34,0.0,0.8724,-0.4888,19.7,21.0,21.0,station
2026-05-02,22.8,22.6,21.8,23.3,24.0,22.4,22.8,21.5,23.3,24.3,22.9,0.82,0.04,54,58,8.0,25.5,0.0,0.8639,-0.5037,22.0,24.0,24.0,station
2026-05-03,22.9,23.2,22.6,23.0,24.4,23.7,23.5,22.2,21.9,23.1,23.22,0.69,0.34,53,91,11.1,20.53,0.0,0.8551,-0.5185,22.0,23.0,23.0,station
2026-05-04,19.9,20.2,20.3,20.6,22.1,19.6,20.5,21.0,20.8,21.8,20.62,0.86,-0.12,57,93,10.6,11.19,0.0,0.846,-0.5331,20.5,22.0,22.0,station
2026-05-05,13.9,16.1,15.1,15.5,15.0,15.2,15.5,15.2,15.0,15.5,15.12,0.81,-0.16,83,96,12.4,5.33,6.2,0.8367,-0.5476,15.1,15.0,15.0,station
2026-05-06,16.2,14.0,15.4,16.2,13.7,15.9,13.4,16.0,17.0,14.2,15.1,1.19,-0.2,91,87,20.3,10.36,56.8,0.8272,-0.5619,16.4,17.0,17.0,station
2026-05-07,19.5,19.3,20.5,20.4,18.5,19.2,19.2,20.3,18.9,18.3,19.64,0.83,0.46,71,33,12.6,24.2,0.3,0.8174,-0.5761,19.7,21.0,21.0,station
2026-05-08,20.4,20.2,21.2,21.4,20.0,20.6,20.6,21.0,21.3,20.1,20.64,0.62,-0.08,79,66,11.8,18.61,7.5,0.8074,-0.59,19.5,20.0,20.0,station
2026-05-09,22.0,22.7,23.2,22.9,23.5,22.7,22.7,23.1,23.3,23.0,22.86,0.57,-0.1,64,51,9.5,24.89,0.0,0.7971,-0.6038,22.6,24.0,24.0,station
2026-05-10,15.6,17.7,17.1,16.5,17.4,15.8,17.7,17.0,16.4,19.1,16.86,0.83,-0.34,85,100,13.7,8.21,10.3,0.7866,-0.6175,16.8,16.0,16.0,station
2026-05-11,18.0,16.5,18.4,19.0,18.3,17.9,16.7,17.4,20.3,17.4,18.04,0.93,0.1,85,80,9.7,16.33,6.7,0.7759,-0.6309,18.8,20.0,20.0,station
2026-05-12,17.3,20.6,19.4,19.5,17.7,17.2,20.3,19.4,20.9,16.8,18.9,1.37,-0.02,51,19,33.1,27.88,0.0,0.7649,-0.6442,19.6,20.0,20.0,station
2026-05-13,17.7,17.8,18.7,20.0,19.4,18.8,17.7,15.9,19.2,18.6,18.72,1.0,0.68,56,61,12.1,22.05,0.0,0.7537,-0.6572,18.3,19.0,19.0,station
2026-05-14,14.4,15.3,14.8,19.5,17.9,14.7,15.1,15.7,15.8,19.0,16.38,2.22,0.32,82,55,12.5,20.36,7.5,0.7423,-0.6701,16.3,17.0,17.0,station
2026-05-15,14.6,13.0,13.5,16.6,10.3,14.3,12.9,13.4,15.4,15.0,13.6,2.31,-0.6,88,88,11.0,13.04,8.9,0.7306,-0.6828,13.2,13.0,13.0,station
2026-05-16,18.6,18.4,20.2,20.8,18.9,18.7,18.4,19.7,21.8,17.8,19.38,1.06,0.1,57,37,18.6,28.04,0.0,0.7188,-0.6952,19.8,21.0,21.0,station
2026-05-17,19.2,20.5,20.6,20.9,21.5,19.4,20.3,20.7,22.0,19.9,20.54,0.84,0.08,48,45,18.2,25.74,0.0,0.7067,-0.7075,20.0,21.0,21.0,station
2026-05-18,19.5,19.5,19.9,20.4,22.3,19.4,19.4,19.8,18.5,22.0,20.32,1.17,0.5,69,64,16.6,23.11,4.2,0.6945,-0.7195,20.9,21.0,21.0,station
2026-05-19,20.2,20.9,20.2,21.5,23.1,19.5,20.5,20.7,22.2,23.2,21.18,1.2,-0.04,69,49,7.6,23.89,2.5,0.682,-0.7314,20.6,22.0,22.0,station
2026-05-20,23.1,24.0,24.0,24.9,26.3,23.4,24.1,24.5,25.7,27.1,24.46,1.21,-0.5,68,28,8.2,26.52,0.0,0.6693,-0.743,24.6,25.0,25.0,station
2026-05-21,25.5,26.0,26.4,26.6,28.3,25.6,26.1,26.0,27.0,28.3,26.56,1.06,-0.04,62,27,9.4,28.18,0.0,0.6564,-0.7544,26.1,27.0,27.0,station
2026-05-22,26.5,26.6,27.6,28.0,29.2,26.4,26.5,27.4,28.1,29.6,27.58,1.11,-0.02,57,13,8.0,28.39,0.0,0.6433,-0.7656,27.2,28.0,28.0,station
2026-05-23,27.3,27.7,27.5,29.0,30.3,27.3,27.7,27.6,28.9,30.7,28.36,1.27,-0.08,57,9,8.1,27.93,0.0,0.6301,-0.7765,27.9,29.0,29.0,station
2026-05-24,29.1,29.2,29.2,30.8,31.6,28.5,29.2,29.2,30.4,31.8,29.98,1.15,0.16,56,14,8.5,27.41,0.0,0.6166,-0.7873,29.4,30.0,30.0,station
2026-05-25,30.9,31.0,31.5,32.1,33.0,30.8,30.9,31.0,32.4,33.3,31.7,0.87,0.02,55,15,8.7,27.01,0.0,0.603,-0.7978,31.1,32.0,32.0,station
2026-05-26,32.1,32.0,32.2,33.1,34.7,32.2,32.1,31.8,33.4,34.9,32.82,1.14,-0.06,53,1,8.5,28.19,0.0,0.5892,-0.808,31.9,33.0,33.0,station
2026-05-27,32.8,32.4,32.3,33.7,35.8,33.0,32.4,32.6,34.5,35.9,33.4,1.45,-0.28,55,26,7.9,25.97,0.0,0.5752,-0.818,32.3,33.0,33.0,station
2026-05-28,31.2,31.1,29.8,33.2,34.0,31.9,31.0,30.9,32.5,34.0,31.86,1.71,-0.2,58,44,13.0,24.17,0.8,0.561,-0.8278,32.0,33.0,33.0,station
2026-05-29,27.5,29.0,28.6,30.6,29.7,29.0,29.2,28.4,29.3,31.9,29.08,1.16,-0.48,59,19,16.7,27.7,0.2,0.5467,-0.8373,29.7,29.0,29.0,station
2026-05-30,29.4,29.3,28.3,31.6,34.7,28.6,29.5,28.0,31.4,32.4,30.66,2.56,0.68,56,54,7.7,25.48,0.0,0.5322,-0.8466,29.9,30.0,30.0,station
2026-05-31,29.1,30.3,30.2,32.1,34.1,30.0,30.5,29.9,31.3,34.2,31.16,1.96,-0.02,62,55,11.5,26.17,0.7,0.5176,-0.8556,29.9,31.0,31.0,station
2026-06-01,30.4,29.0,28.4,31.3,34.1,30.5,29.1,29.3,32.0,31.2,30.64,2.25,0.22,64,47,15.7,26.99,2.4,0.5028,-0.8644,29.8,30.0,30.0,station
2026-06-02,20.3,22.7,20.3,22.9,34.4,21.0,22.4,19.4,21.0,22.6,24.12,5.88,2.84,92,96,17.0,12.32,64.9,0.4878,-0.8729,22.3,22.0,22.0,station
2026-06-03,25.0,26.1,26.0,27.6,35.4,25.1,26.2,25.8,27.9,24.8,28.02,4.23,2.06,69,30,15.8,28.04,5.7,0.4728,-0.8812,26.3,27.0,27.0,station
2026-06-04,23.0,21.8,21.7,23.9,36.8,23.5,21.9,22.2,22.7,23.2,25.44,6.42,2.74,69,91,12.9,20.67,0.7,0.4575,-0.8892,23.8,23.0,23.0,station
2026-06-05,24.0,24.2,21.9,25.5,,24.3,24.1,22.4,27.1,23.1,23.9,1.49,-0.3,67,35,17.8,27.25,2.8,0.4422,-0.8969,24.1,26.0,26.0,station
2026-06-06,22.3,23.1,23.5,24.3,,22.5,22.9,23.6,24.2,21.2,23.3,0.83,0.42,74,55,12.4,22.44,2.7,0.4267,-0.9044,24.1,24.0,24.0,station
2026-06-07,25.5,26.4,25.9,28.6,,25.7,26.2,26.4,27.8,27.8,26.6,1.38,-0.18,68,45,10.1,26.63,0.2,0.4111,-0.9116,26.9,27.0,27.0,station
2026-06-08,26.3,26.9,26.6,29.6,,26.2,27.0,27.0,29.3,29.6,27.35,1.52,-0.47,67,51,10.1,25.33,0.7,0.3953,-0.9185,28.0,29.0,29.0,station
2026-06-09,25.2,25.3,25.1,28.2,,25.4,25.5,26.2,27.9,30.2,25.95,1.5,-1.09,75,69,20.7,23.65,3.6,0.3795,-0.9252,27.3,28.0,28.0,station
2026-06-10,22.1,21.3,21.2,25.3,21.4,22.6,21.9,23.0,23.5,24.8,22.26,1.74,-0.9,76,64,21.4,22.6,18.5,0.3635,-0.9316,22.6,25.0,25.0,station
2026-06-11,24.1,24.7,24.9,26.3,24.7,24.3,24.6,24.3,26.8,25.3,24.94,0.82,-0.12,36,44,21.8,30.07,0.0,0.3474,-0.9377,26.5,27.0,27.0,station
2026-06-12,24.7,25.7,24.8,27.9,28.9,24.0,25.3,24.2,27.6,28.2,26.4,1.9,0.54,47,36,15.5,29.04,0.0,0.3312,-0.9436,27.8,26.0,26.0,station
2026-06-13,29.7,30.4,28.1,31.4,32.3,29.2,30.0,27.6,32.2,33.3,30.38,1.61,-0.08,52,31,11.9,29.46,0.0,0.3149,-0.9491,31.6,31.0,31.0,station
2026-06-14,29.8,29.8,27.6,31.2,32.4,29.6,29.9,27.2,31.8,32.7,30.16,1.8,-0.08,53,52,15.5,27.82,0.0,0.2986,-0.9544,30.7,29.0,29.0,station
2026-06-15,29.1,30.3,29.1,30.5,31.6,28.6,30.1,28.3,30.9,32.4,30.12,1.05,0.06,47,10,9.0,28.89,0.0,0.2821,-0.9594,31.9,31.0,31.0,station
2026-06-16,27.9,28.4,27.8,30.0,31.4,28.2,28.4,27.0,29.4,31.5,29.1,1.56,0.2,54,38,13.8,25.01,0.0,0.2656,-0.9641,29.5,29.0,29.0,station
2026-06-17,32.2,31.5,30.8,31.9,33.6,32.1,31.6,30.3,32.7,33.7,32.0,1.04,-0.08,51,17,10.3,28.71,0.0,0.2489,-0.9685,32.6,32.0,32.0,station
2026-06-18,33.2,32.2,31.9,34.0,34.1,33.3,32.3,32.0,33.9,34.4,33.08,1.01,-0.1,50,10,9.4,28.89,0.0,0.2322,-0.9727,33.9,33.0,33.0,station
2026-06-19,32.8,31.8,32.8,33.6,34.6,32.7,32.3,33.3,33.1,34.6,33.12,1.04,-0.08,49,9,9.3,28.05,0.3,0.2155,-0.9765,33.6,34.0,34.0,station
2026-06-20,33.0,32.7,32.9,33.9,35.4,33.8,32.7,32.7,34.1,35.8,33.58,1.12,-0.24,56,20,15.1,27.24,1.0,0.1986,-0.9801,33.6,33.0,33.0,station
2026-06-21,34.4,33.6,33.8,35.1,36.4,34.9,33.5,34.4,35.2,36.4,34.66,1.13,-0.22,52,31,15.0,26.59,0.2,0.1818,-0.9833,34.4,34.0,34.0,station
2026-06-22,34.4,33.6,33.9,36.1,35.8,35.3,33.7,35.1,36.1,36.2,34.76,1.13,-0.52,55,32,13.9,26.22,0.3,0.1648,-0.9863,35.1,34.0,34.0,station
2026-06-23,33.7,33.0,34.1,34.4,35.3,34.3,33.1,34.4,35.9,35.3,34.1,0.85,-0.5,61,42,11.6,27.08,1.4,0.1478,-0.989,34.8,34.0,34.0,station
2026-06-24,32.3,32.4,33.4,34.3,33.9,33.9,32.0,34.0,32.0,34.4,33.26,0.89,-0.0,62,50,11.7,20.52,2.3,0.1308,-0.9914,33.2,34.0,34.0,station
2026-06-25,32.8,32.5,34.3,35.1,35.1,33.1,32.9,34.2,32.9,35.0,33.96,1.24,0.34,67,72,16.4,21.61,9.4,0.1137,-0.9935,31.6,35.0,35.0,station
2026-06-26,34.3,32.9,34.2,35.5,36.1,34.4,32.7,34.7,35.0,35.8,34.6,1.24,0.08,66,83,15.4,25.01,6.5,0.0966,-0.9953,34.3,34.0,34.0,station
2026-06-27,33.6,33.7,35.8,35.9,36.0,33.9,33.3,36.0,35.4,36.2,35.0,1.23,0.04,59,61,14.3,25.07,1.9,0.0795,-0.9968,35.4,35.0,35.0,station
2026-06-28,34.4,33.8,35.5,36.9,37.2,34.8,33.7,35.4,35.0,37.3,35.56,1.49,0.32,60,67,11.7,24.31,1.1,0.0623,-0.9981,35.3,36.0,36.0,station
2026-06-29,32.2,33.4,34.0,37.0,36.9,34.0,33.0,35.5,35.0,37.0,34.7,2.15,-0.2,63,84,15.6,21.23,0.7,0.0451,-0.999,34.2,35.0,35.0,station
2026-06-30,32.5,32.1,33.9,34.6,35.3,34.3,31.9,34.6,31.7,35.4,33.68,1.36,0.1,52,82,11.2,21.08,0.2,0.028,-0.9996,31.5,34.0,34.0,station
2026-07-01,31.2,26.9,31.3,32.0,34.2,30.7,27.1,33.7,33.1,31.1,31.12,2.65,-0.02,56,48,25.1,20.12,2.7,0.0108,-0.9999,30.0,30.0,30.0,station
2026-07-02,30.3,30.8,31.0,31.8,28.0,32.6,31.0,29.4,33.3,29.9,30.38,1.44,-0.86,40,6,27.0,29.59,0.0,-0.0065,-1.0,31.0,32.0,32.0,station
2026-07-03,31.5,32.5,32.9,33.1,33.3,31.3,31.6,32.7,32.8,30.5,32.66,0.71,0.88,42,2,12.4,28.61,0.0,-0.0237,-0.9997,33.0,32.0,32.0,station
2026-07-04,31.7,32.8,33.0,33.4,33.2,31.3,32.6,33.4,32.0,33.2,32.82,0.66,0.32,41,9,10.6,27.39,0.0,-0.0408,-0.9992,32.6,32.0,32.0,station
2026-07-05,33.2,33.8,33.0,34.6,34.4,33.0,33.8,32.6,33.5,34.2,33.8,0.71,0.38,36,13,13.0,28.36,0.0,-0.058,-0.9983,33.9,33.0,33.0,station
2026-07-06,32.8,31.9,33.5,34.0,34.0,33.6,32.5,34.1,34.0,35.0,33.24,0.9,-0.6,43,42,11.2,26.82,0.0,-0.0752,-0.9972,33.1,33.0,33.0,station
2026-07-07,33.4,32.7,33.3,33.9,34.3,33.2,32.7,34.6,34.2,34.7,33.52,0.61,-0.36,44,40,12.9,27.31,0.0,-0.0923,-0.9957,33.8,33.0,33.0,station
2026-07-08,35.9,35.9,37.1,37.1,36.3,35.6,35.8,37.0,35.1,36.6,36.46,0.61,0.44,44,38,13.0,28.22,0.0,-0.1094,-0.994,36.3,36.0,36.0,station
2026-07-09,33.3,32.7,35.0,33.7,33.1,33.9,33.0,35.0,32.4,34.3,33.56,0.88,-0.16,43,7,14.3,28.34,0.0,-0.1265,-0.992,33.6,33.0,33.0,station
2026-07-10,32.6,31.6,34.5,34.3,33.5,32.2,31.6,35.0,32.5,33.6,33.3,1.21,0.32,50,41,12.3,24.56,8.2,-0.1436,-0.9896,34.1,34.0,34.0,station
2026-07-11,30.6,30.6,32.4,33.6,34.0,30.2,30.7,31.5,30.3,34.5,32.24,1.61,0.8,72,75,11.0,22.01,10.3,-0.1606,-0.987,31.2,33.0,33.0,station
2026-07-12,33.2,32.7,33.2,33.4,33.6,32.4,32.5,33.9,33.1,33.6,33.22,0.33,0.12,60,22,8.7,27.78,0.0,-0.1775,-0.9841,32.1,33.0,33.0,station
2026-07-13,31.3,30.4,34.7,33.4,33.1,31.9,30.9,34.7,32.5,33.0,32.58,1.72,-0.02,60,69,8.5,22.44,0.0,-0.1944,-0.9809,31.9,32.0,32.0,station
2026-07-14,30.8,32.0,36.7,34.3,33.7,31.0,31.5,37.2,34.4,34.7,33.5,2.26,-0.26,57,44,16.7,25.18,0.1,-0.2113,-0.9774,33.3,34.0,34.0,station
2026-07-15,32.6,30.5,37.5,34.8,35.8,33.0,30.8,37.6,35.6,35.0,34.24,2.74,-0.16,70,48,12.0,22.22,5.7,-0.2281,-0.9736,31.7,32.0,32.0,station
2026-07-16,32.2,31.0,35.1,33.8,30.6,31.5,30.8,33.3,31.5,33.6,32.54,1.9,0.4,67,39,8.5,25.87,0.1,-0.2448,-0.9696,32.3,33.0,33.0,station
2026-07-17,30.4,30.5,35.3,33.3,31.1,30.1,30.3,33.6,29.9,29.0,32.12,2.13,1.54,67,36,15.8,25.8,3.1,-0.2614,-0.9652,31.2,33.0,33.0,station
2026-07-18,32.7,32.3,36.6,34.7,31.8,32.5,31.6,35.8,34.2,32.9,33.62,2.0,0.22,59,24,15.6,23.39,4.3,-0.278,-0.9606,33.5,34.0,34.0,station
2026-07-19,31.5,30.5,35.0,32.6,29.9,32.2,30.1,34.4,32.2,27.6,31.9,2.01,0.6,60,31,15.4,25.11,2.7,-0.2945,-0.9557,32.2,32.0,32.0,station
2026-07-20,29.5,29.5,31.8,31.3,26.6,30.2,29.2,33.4,29.7,25.1,29.74,2.04,0.22,58,38,19.3,24.34,1.9,-0.3109,-0.9505,30.9,31.0,31.0,station
2026-07-21,28.0,27.3,30.8,31.2,29.1,26.8,27.8,31.9,30.0,29.3,29.28,1.7,0.12,61,44,14.6,22.77,4.0,-0.3272,-0.945,30.5,30.0,30.0,station
2026-07-22,29.0,28.6,28.7,30.1,28.9,29.3,27.9,29.1,29.9,28.8,29.06,0.6,0.06,48,33,12.3,25.07,1.1,-0.3434,-0.9392,29.9,29.0,29.0,station
2026-07-23,31.2,30.2,31.9,31.0,31.7,30.6,30.1,31.5,31.5,30.8,31.2,0.67,0.3,45,28,16.2,24.29,0.1,-0.3595,-0.9332,30.9,30.0,30.0,station
2026-07-24,29.8,28.5,30.6,29.3,29.0,30.2,28.7,30.9,29.9,30.7,29.44,0.8,-0.64,40,24,17.9,27.08,0.0,-0.3755,-0.9268,30.9,30.0,30.0,station
2026-07-25,30.3,28.2,32.3,30.2,30.5,29.7,27.3,32.2,27.6,29.7,30.3,1.45,1.0,44,39,10.1,24.74,0.0,-0.3914,-0.9202,30.0,30.0,30.0,station
2026-07-26,26.1,26.2,30.1,27.1,27.9,26.0,25.8,30.8,27.2,25.1,27.48,1.64,0.5,63,57,15.0,21.95,3.3,-0.4071,-0.9134,29.1,31.0,31.0,station
2026-07-27,32.2,32.1,34.9,33.6,32.4,31.9,31.5,35.3,33.5,32.5,33.04,1.2,0.1,49,1,13.3,27.0,0.0,-0.4228,-0.9062,34.3,33.0,33.0,station
2026-07-28,32.1,32.0,35.5,33.9,33.5,31.4,31.5,35.9,33.4,33.6,33.4,1.44,0.24,49,16,13.2,24.44,0.0,-0.4383,-0.8988,33.9,,,
