datum,p1_ifs,p1_aifs,p1_gfs,p1_icon,p1_gem,p2_ifs,p2_aifs,p2_gfs,p2_icon,p2_gem,mm_gem,mm_spreiding,run2run,rh_gem,bewolking_gem,wind_max,instraling_som,neerslag_som,doy_sin,doy_cos,era5_max,station_max,doel,doelbron
2023-11-01,,,12.1,,,,,12.1,,,,,,82,59,22.8,6.68,0.2,-0.8606,0.5093,11.1,12.0,12.0,station
2023-11-02,,,14.0,,,,,13.2,,,,,,81,41,25.6,7.18,0.0,-0.8517,0.524,13.7,14.0,14.0,station
2023-11-03,,,16.1,,,,,15.3,,,,,,71,100,33.6,3.79,7.1,-0.8426,0.5386,15.3,14.0,14.0,station
2023-11-04,,,12.2,,,,,13.2,,,,,,79,67,32.6,5.27,0.3,-0.8332,0.553,11.8,11.0,11.0,station
2023-11-05,,,10.5,,,,,10.9,,,,,,90,86,17.7,3.18,5.1,-0.8235,0.5672,11.3,10.0,10.0,station
2023-11-06,,,12.7,,,,,12.3,,,,,,78,53,33.1,4.0,0.4,-0.8137,0.5813,12.3,13.0,13.0,station
2023-11-07,,,12.3,,,,,12.1,,,,,,81,24,21.5,6.26,1.2,-0.8035,0.5952,12.0,12.0,12.0,station
2023-11-08,,,11.0,,,,,10.3,,,,,,86,69,20.5,4.55,0.2,-0.7932,0.609,9.8,10.0,10.0,station
2023-11-09,,,10.9,,,,,11.3,,,,,,83,68,19.2,6.11,0.0,-0.7826,0.6225,11.1,11.0,11.0,station
2023-11-10,,,11.6,,,,,10.6,,,,,,76,99,18.8,5.01,0.5,-0.7718,0.6359,11.6,12.0,12.0,station
2023-11-11,,,9.3,,,,,8.6,,,,,,94,100,12.0,3.9,2.5,-0.7607,0.6491,9.5,8.0,8.0,station
2023-11-12,,,8.1,,,,,8.0,,,,,,91,79,20.4,3.19,0.2,-0.7494,0.6621,7.0,7.0,7.0,station
2023-11-13,,,8.2,,,,,8.5,,,,,,88,62,18.5,4.01,0.0,-0.7379,0.6749,7.6,8.0,8.0,station
2023-11-14,,,10.6,,,,,10.9,,,,,,87,94,27.8,3.61,7.9,-0.7262,0.6875,11.3,12.0,12.0,station
2023-11-15,,,9.6,,,,,9.2,,,,,,87,89,22.8,2.14,2.3,-0.7143,0.6998,9.5,11.0,11.0,station
2023-11-16,,,7.0,,,,,6.4,,,,,,89,88,14.8,3.38,0.2,-0.7021,0.712,5.1,4.0,4.0,station
2023-11-17,,,6.4,,,,,6.7,,,,,,93,100,16.3,1.21,8.6,-0.6898,0.724,3.5,4.0,4.0,station
2023-11-18,,,2.4,,,,,2.8,,,,,,96,94,14.5,2.01,7.7,-0.6772,0.7358,1.1,1.0,1.0,station
2023-11-19,,,3.3,,,,,3.6,,,,,,92,100,18.4,1.63,5.3,-0.6645,0.7473,1.7,1.0,1.0,station
2023-11-20,,,6.5,,,,,7.4,,,,,,98,100,14.0,1.2,1.7,-0.6515,0.7586,4.6,3.0,3.0,station
2023-11-21,,,4.8,,,,,6.7,,,,,,90,100,16.8,0.91,1.6,-0.6384,0.7697,0.6,0.0,0.0,station
2023-11-22,,,-1.5,,,,,-0.5,,,,,,71,46,16.4,5.15,0.0,-0.625,0.7806,-1.2,0.0,0.0,station
2023-11-23,,,6.6,,,,,6.4,,,,,,83,100,44.2,0.48,3.2,-0.6115,0.7912,6.9,8.0,8.0,station
2023-11-24,,,5.2,,,,,5.4,,,,,,79,46,33.3,3.97,2.0,-0.5978,0.8016,6.5,6.0,6.0,station
2023-11-25,,,1.7,,,,,1.4,,,,,,82,91,23.3,1.83,1.3,-0.584,0.8118,1.4,2.0,2.0,station
2023-11-26,,,0.9,,,,,0.6,,,,,,81,66,23.1,3.73,0.2,-0.5699,0.8217,0.9,0.0,0.0,station
2023-11-27,,,-0.6,,,,,-0.2,,,,,,87,97,18.7,0.82,1.4,-0.5557,0.8314,-0.3,-1.0,-1.0,station
2023-11-28,,,-0.6,,,,,-0.8,,,,,,84,90,14.3,2.55,0.0,-0.5413,0.8408,-1.2,-1.0,-1.0,station
2023-11-29,,,-1.3,,,,,-1.9,,,,,,84,89,17.2,2.57,0.0,-0.5268,0.85,-2.0,-2.0,-2.0,station
2023-11-30,,,0.4,,,,,-0.2,,,,,,83,87,13.6,3.66,0.3,-0.5121,0.859,1.5,1.0,1.0,station
2023-12-01,,,-0.5,,,,,-0.7,,,,,,90,82,8.7,3.09,0.0,-0.4972,0.8676,-1.9,-2.0,-2.0,station
2023-12-02,,,-0.3,,,,,-0.1,,,,,,88,100,15.9,1.43,2.3,-0.4822,0.8761,-1.2,-2.0,-2.0,station
2023-12-03,,,-0.2,,,,,0.1,,,,,,90,97,18.8,1.66,2.7,-0.4671,0.8842,0.1,0.0,0.0,station
2023-12-04,,,-1.8,,,,,-1.6,,,,,,90,88,18.6,1.82,1.1,-0.4518,0.8921,-1.6,-1.0,-1.0,station
2023-12-05,,,-1.5,,,,,-1.4,,,,,,87,87,14.2,3.9,0.0,-0.4364,0.8998,-3.5,-2.0,-2.0,station
2023-12-06,,,-1.7,,,,,-1.3,,,,,,89,91,15.7,2.0,0.3,-0.4208,0.9071,-0.7,-2.0,-2.0,station
2023-12-07,,,-0.1,,,,,0.1,,,,,,93,100,13.0,0.95,3.8,-0.4052,0.9142,-0.5,0.0,0.0,station
2023-12-08,,,-2.6,,,,,-1.7,,,,,,89,98,15.7,1.97,0.0,-0.3894,0.9211,-2.5,-2.0,-2.0,station
2023-12-09,,,-0.2,,,,,-1.2,,,,,,92,100,16.3,1.4,2.5,-0.3735,0.9276,0.1,0.0,0.0,station
2023-12-10,,,1.1,,,,,1.6,,,,,,92,99,17.8,2.1,0.4,-0.3575,0.9339,1.2,1.0,1.0,station
2023-12-11,,,3.6,,,,,2.5,,,,,,92,99,22.1,1.59,5.1,-0.3413,0.9399,4.3,5.0,5.0,station
2023-12-12,,,3.6,,,,,4.0,,,,,,98,100,15.8,0.57,1.1,-0.3251,0.9457,3.7,5.0,5.0,station
2023-12-13,,,2.7,,,,,2.5,,,,,,99,96,16.4,1.66,1.2,-0.3088,0.9511,2.2,4.0,4.0,station
2023-12-14,,,1.8,,,,,1.1,,,,,,98,100,12.0,0.79,4.6,-0.2924,0.9563,1.8,3.0,3.0,station
2023-12-15,,,1.4,,,,,0.9,,,,,,88,90,20.2,1.54,0.5,-0.2759,0.9612,1.6,3.0,3.0,station
2023-12-16,,,4.8,,,,,4.9,,,,,,93,100,23.9,0.9,0.4,-0.2593,0.9658,5.7,7.0,7.0,station
2023-12-17,,,7.2,,,,,7.8,,,,,,91,100,30.0,0.6,1.6,-0.2427,0.9701,7.6,8.0,8.0,station
2023-12-18,,,6.1,,,,,7.5,,,,,,90,96,26.5,0.57,1.9,-0.226,0.9741,6.7,7.0,7.0,station
2023-12-19,,,7.1,,,,,7.3,,,,,,82,99,23.5,1.27,5.6,-0.2092,0.9779,8.3,8.0,8.0,station
2023-12-20,,,5.8,,,,,5.4,,,,,,94,100,30.4,0.55,12.3,-0.1923,0.9813,6.1,6.0,6.0,station
2023-12-21,,,6.6,,,,,6.7,,,,,,91,100,36.7,0.57,8.4,-0.1754,0.9845,6.4,7.0,7.0,station
2023-12-22,,,5.8,,,,,6.7,,,,,,75,77,38.4,2.04,4.1,-0.1585,0.9874,6.3,5.0,5.0,station
2023-12-23,,,1.5,,,,,1.0,,,,,,70,37,40.2,3.13,0.3,-0.1414,0.9899,1.4,2.0,2.0,station
2023-12-24,,,6.2,,,,,4.9,,,,,,90,83,26.3,1.24,2.5,-0.1244,0.9922,6.9,8.0,8.0,station
2023-12-25,,,9.9,,,,,9.7,,,,,,83,61,35.7,1.51,5.9,-0.1073,0.9942,9.2,10.0,10.0,station
2023-12-26,,,9.6,,,,,9.7,,,,,,87,72,34.0,0.67,6.0,-0.0902,0.9959,9.4,10.0,10.0,station
2023-12-27,,,6.7,,,,,6.9,,,,,,81,62,30.5,2.41,0.6,-0.073,0.9973,5.7,6.0,6.0,station
2023-12-28,,,6.3,,,,,7.0,,,,,,86,98,20.7,2.37,0.0,-0.0559,0.9984,8.2,8.0,8.0,station
2023-12-29,,,8.8,,,,,8.1,,,,,,80,96,25.8,3.03,0.0,-0.0387,0.9993,9.4,10.0,10.0,station
2023-12-30,,,,,,,,,,,,,,80,77,29.9,2.09,1.2,-0.0215,0.9998,8.3,10.0,10.0,station
2023-12-31,,,,,,,,,,,,,,93,84,17.6,3.03,0.0,-0.0043,1.0,4.5,,,
2024-01-01,,,,,,,,,,,,,,98,100,16.7,0.59,9.7,0.0172,0.9999,4.0,4.0,4.0,station
2024-01-02,,,,,,,,,,,,,,96,99,16.4,1.22,2.1,0.0344,0.9994,5.5,6.0,6.0,station
2024-01-03,,,,,,,,,,,,,,96,99,24.5,0.69,10.9,0.0516,0.9987,8.0,9.0,9.0,station
2024-01-04,,,,,,,,,,,,,,93,100,27.6,0.98,5.0,0.0688,0.9976,7.5,8.0,8.0,station
2024-01-05,,,,,,,,,,,,,,68,91,27.2,3.35,0.6,0.0859,0.9963,-0.7,-1.0,-1.0,station
2024-01-06,,,,,,,,,,,,,,74,100,18.9,1.4,3.0,0.103,0.9947,-1.0,-2.0,-2.0,station
2024-01-07,,,,,,,,,,,,,,69,100,20.7,2.36,0.0,0.1201,0.9928,-5.0,-5.0,-5.0,station
2024-01-08,,,,,,,,,,,,,,66,45,18.6,4.2,0.0,0.1372,0.9905,-8.6,-9.0,-9.0,station
2024-01-09,,,,,,,,,,,,,,68,0,12.3,4.29,0.0,0.1542,0.988,-5.7,-6.0,-6.0,station
2024-01-10,,,,,,,,,,,,,,80,79,14.8,1.99,0.0,0.1712,0.9852,-4.2,-5.0,-5.0,station
2024-01-11,,,,,,,,,,,,,,92,90,24.1,1.0,0.3,0.1881,0.9821,1.0,1.0,1.0,station
2024-01-12,,,,,,,,,,,,,,74,83,30.0,3.24,0.5,0.205,0.9788,-0.7,0.0,0.0,station
2024-01-13,,,,,,,,,,,,,,91,100,29.4,1.23,2.5,0.2218,0.9751,0.6,0.0,0.0,station
2024-01-14,,,,,,,,,,,,,,92,99,26.9,1.13,2.3,0.2385,0.9711,1.0,2.0,2.0,station
2024-01-15,,,,,,,,,,,,,,87,87,31.9,2.69,3.2,0.2552,0.9669,0.9,2.0,2.0,station
2024-01-16,,,,,,,,,,,,,,80,62,27.4,4.88,0.0,0.2718,0.9624,-2.2,-2.0,-2.0,station
2024-01-17,,,,,,,,,,,,,,85,74,23.3,4.96,1.7,0.2883,0.9575,-0.9,-1.0,-1.0,station
2024-01-18,,,,,,,,,,,,,,93,100,18.2,1.96,3.2,0.3047,0.9524,1.8,2.0,2.0,station
2024-01-19,,,,,,,,,,,,,,89,93,20.3,4.9,0.0,0.3211,0.9471,-1.1,0.0,0.0,station
2024-01-20,,,0.2,0.1,-0.1,,,,,,,,,89,94,32.6,2.01,3.2,0.3373,0.9414,0.8,1.0,1.0,station
2024-01-21,,,0.3,0.4,0.3,,,0.4,0.8,-0.6,,,,92,85,20.9,3.44,0.0,0.3534,0.9355,1.4,2.0,2.0,station
2024-01-22,,,3.0,2.9,1.5,,,2.6,2.9,1.2,,,,75,98,27.9,3.16,0.5,0.3695,0.9292,3.1,6.0,6.0,station
2024-01-23,,,3.5,3.8,2.5,,,3.7,3.3,1.8,,,,89,70,27.2,3.85,0.2,0.3854,0.9227,4.8,6.0,6.0,station
2024-01-24,,,8.2,6.7,7.0,,,6.9,6.3,6.1,,,,90,88,32.2,1.27,8.0,0.4012,0.916,8.0,8.0,8.0,station
2024-01-25,,,6.0,6.0,5.7,,,5.4,5.7,5.3,,,,90,99,34.6,0.79,3.4,0.4169,0.9089,5.5,6.0,6.0,station
2024-01-26,,,2.5,1.9,1.4,,,2.3,2.4,0.2,,,,84,100,21.2,2.34,2.7,0.4325,0.9016,2.3,2.0,2.0,station
2024-01-27,,,3.7,4.3,3.4,,,3.7,4.6,3.1,,,,89,99,31.4,1.02,3.2,0.4479,0.8941,4.5,5.0,5.0,station
2024-01-28,,,2.8,4.6,3.3,,,3.4,5.4,3.6,,,,92,96,19.9,1.86,0.3,0.4633,0.8862,4.5,5.0,5.0,station
2024-01-29,,,4.1,4.7,3.6,,,3.5,4.9,3.4,,,,88,42,16.3,6.0,0.0,0.4784,0.8781,5.9,7.0,7.0,station
2024-01-30,,,6.4,6.8,4.9,,,6.0,5.7,4.4,,,,73,54,14.4,5.72,0.0,0.4935,0.8698,7.4,8.0,8.0,station
2024-01-31,,,6.3,7.3,6.3,,,5.3,6.4,5.7,,,,81,100,24.4,3.07,0.2,0.5084,0.8611,7.9,8.0,8.0,station
2024-02-01,,,5.2,4.7,4.2,,,5.4,4.8,4.2,,,,84,68,27.9,1.72,1.1,0.5231,0.8523,5.1,5.0,5.0,station
2024-02-02,,,4.4,4.7,4.0,,,4.3,4.4,2.6,,,,82,91,26.9,2.68,1.0,0.5377,0.8432,5.6,5.0,5.0,station
2024-02-03,,,9.5,9.9,8.3,,,9.5,9.9,8.2,,,,87,86,33.4,1.94,1.5,0.5521,0.8338,9.9,10.0,10.0,station
2024-02-04,5.3,,7.0,6.5,5.0,,,7.9,7.1,4.7,5.95,0.95,,83,93,34.2,2.68,2.4,0.5664,0.8242,6.2,7.0,7.0,station
2024-02-05,7.0,,7.3,6.9,6.2,5.9,,6.7,6.7,6.8,6.85,0.47,0.32,89,100,34.2,2.25,9.6,0.5805,0.8143,6.7,8.0,8.0,station
2024-02-06,7.9,,9.0,8.4,6.8,8.3,,9.1,8.6,6.8,8.03,0.93,-0.17,88,100,31.7,1.37,7.6,0.5944,0.8042,8.7,9.0,9.0,station
2024-02-07,7.5,,9.4,8.1,6.4,8.1,,9.4,8.6,6.8,7.85,1.25,-0.38,85,99,36.2,1.44,5.4,0.6081,0.7938,8.7,9.0,9.0,station
2024-02-08,2.9,,2.7,1.3,0.8,2.3,,2.1,1.9,0.8,1.93,1.03,0.15,80,100,16.1,4.69,0.4,0.6217,0.7833,2.2,2.0,2.0,station
2024-02-09,1.8,,2.0,1.8,1.1,1.5,,1.0,1.6,0.7,1.68,0.39,0.48,91,100,21.4,1.36,7.4,0.6351,0.7725,1.7,1.0,1.0,station
2024-02-10,7.6,,5.2,7.4,6.3,8.9,,5.6,8.7,7.1,6.62,1.11,-0.95,96,100,13.6,4.0,0.1,0.6483,0.7614,8.5,7.0,7.0,station
2024-02-11,9.4,,10.6,9.9,9.5,11.0,,9.8,9.9,9.8,9.85,0.54,-0.28,95,100,20.2,2.7,3.6,0.6613,0.7502,10.5,10.0,10.0,station
2024-02-12,8.7,,8.4,9.4,9.0,8.9,,8.4,9.8,9.7,8.88,0.43,-0.32,92,100,19.0,2.12,4.2,0.6741,0.7387,9.3,9.0,9.0,station
2024-02-13,6.8,,7.4,7.1,6.6,6.5,,8.0,6.9,7.0,6.97,0.35,-0.12,83,92,23.8,3.68,1.0,0.6867,0.727,7.0,8.0,8.0,station
2024-02-14,8.1,,7.6,6.4,5.6,7.5,,7.4,7.0,5.0,6.92,1.14,0.2,78,69,13.5,8.28,0.0,0.6991,0.715,8.3,9.0,9.0,station
2024-02-15,8.6,,6.8,7.9,8.8,10.9,,7.1,8.7,8.5,8.03,0.9,-0.78,76,98,15.3,3.43,0.0,0.7113,0.7029,9.2,9.0,9.0,station
2024-02-16,11.3,,12.1,10.7,10.2,11.4,,12.7,12.5,10.3,11.07,0.82,-0.65,80,51,19.9,8.47,0.0,0.7233,0.6906,11.9,14.0,14.0,station
2024-02-17,10.2,,11.5,10.6,11.2,11.1,,11.5,10.6,10.2,10.88,0.59,0.03,85,94,27.1,4.09,5.9,0.735,0.678,11.6,11.0,11.0,station
2024-02-18,4.6,,5.0,5.7,3.4,4.4,,5.3,3.8,4.1,4.67,0.96,0.27,75,79,19.0,7.51,0.0,0.7466,0.6653,5.4,6.0,6.0,station
2024-02-19,5.6,,5.8,5.3,6.3,4.2,,5.8,4.6,2.2,5.75,0.42,1.55,85,99,24.0,2.46,3.6,0.7579,0.6523,5.6,6.0,6.0,station
2024-02-20,7.0,,8.8,7.3,6.8,6.9,,7.3,8.4,6.8,7.47,0.91,0.12,91,99,22.3,3.77,3.1,0.769,0.6392,8.2,9.0,9.0,station
2024-02-21,6.9,,7.0,7.2,7.0,6.6,,6.6,6.9,6.3,7.03,0.13,0.43,91,96,20.5,2.47,3.4,0.7799,0.6259,6.9,8.0,8.0,station
2024-02-22,9.2,,8.2,8.7,7.0,7.8,,8.5,8.0,7.1,8.27,0.94,0.42,83,91,20.5,3.68,1.5,0.7906,0.6124,10.0,10.0,10.0,station
2024-02-23,8.7,,7.9,10.8,9.3,8.4,,8.1,10.5,9.5,9.18,1.23,0.05,88,100,21.6,2.18,7.4,0.801,0.5987,9.9,10.0,10.0,station
2024-02-24,10.3,,10.2,10.7,9.1,9.9,,9.3,10.6,8.7,10.07,0.68,0.45,85,100,24.9,4.59,0.8,0.8112,0.5848,10.6,11.0,11.0,station
2024-02-25,12.6,,11.8,12.8,11.3,12.8,,11.8,12.4,11.3,12.12,0.7,0.05,80,64,14.3,9.9,0.2,0.8211,0.5708,13.5,14.0,14.0,station
2024-02-26,13.5,,13.2,14.1,13.0,13.7,,13.5,13.1,10.9,13.45,0.48,0.65,86,57,12.2,9.86,4.4,0.8308,0.5566,13.4,14.0,14.0,station
2024-02-27,15.7,,15.4,16.1,15.5,15.7,,14.7,15.2,15.3,15.68,0.31,0.45,87,93,12.9,9.15,0.0,0.8402,0.5422,15.8,16.0,16.0,station
2024-02-28,11.3,,10.4,11.7,11.8,10.8,,10.5,10.6,12.0,11.3,0.64,0.33,95,100,12.3,3.37,3.8,0.8495,0.5277,11.6,12.0,12.0,station
2024-02-29,9.3,,10.8,11.0,10.0,9.1,,10.4,10.3,9.3,10.28,0.78,0.5,90,97,14.8,3.63,0.0,0.8584,0.513,9.1,10.0,10.0,station
2024-03-01,12.9,,14.9,12.6,12.9,13.2,,15.2,14.9,14.1,13.32,1.06,-1.03,83,61,20.0,10.68,0.2,0.8671,0.4981,13.5,12.0,12.0,station
2024-03-02,13.3,,13.8,10.1,13.4,14.9,,16.2,12.1,14.6,12.65,1.71,-1.8,85,95,17.7,7.17,0.0,0.8755,0.4831,13.0,10.0,10.0,station
2024-03-03,11.4,,12.2,10.1,11.9,12.4,,12.8,10.8,13.0,11.4,0.93,-0.85,76,72,21.4,8.6,0.0,0.8837,0.468,11.7,12.0,12.0,station
2024-03-04,8.5,,7.1,6.1,7.7,8.9,,7.8,5.9,7.6,7.35,1.01,-0.2,77,79,17.7,8.07,0.4,0.8916,0.4527,9.4,8.0,8.0,station
2024-03-05,6.2,,5.6,5.5,7.2,6.8,,7.7,5.6,5.8,6.12,0.78,-0.35,90,100,15.8,3.32,1.4,0.8993,0.4373,6.4,6.0,6.0,station
2024-03-06,6.8,,6.3,7.1,6.9,7.8,,6.3,8.5,5.4,6.78,0.34,-0.22,77,90,19.1,9.31,0.4,0.9067,0.4218,8.0,6.0,6.0,station
2024-03-07,5.1,,6.5,5.2,4.8,5.1,,6.8,5.0,3.2,5.4,0.75,0.38,70,9,15.6,13.08,0.0,0.9138,0.4061,5.8,6.0,6.0,station
2024-03-08,6.9,,7.9,7.1,6.1,6.7,,8.0,6.7,5.8,7.0,0.74,0.2,71,9,7.6,13.27,0.0,0.9207,0.3904,7.6,9.0,9.0,station
2024-03-09,9.0,,9.6,9.2,7.7,8.9,,9.9,8.1,7.2,8.88,0.82,0.35,69,0,14.0,13.77,0.0,0.9272,0.3745,9.5,11.0,11.0,station
2024-03-10,10.7,,11.5,11.5,10.0,11.3,,12.0,11.7,9.5,10.93,0.72,-0.2,69,61,28.5,12.09,0.2,0.9335,0.3585,11.5,12.0,12.0,station
2024-03-11,6.6,,7.2,6.5,8.1,6.3,,7.1,5.6,8.6,7.1,0.73,0.2,80,100,29.6,2.68,4.7,0.9396,0.3424,5.6,6.0,6.0,station
2024-03-12,8.0,,8.4,7.6,9.2,7.5,,7.2,8.1,8.2,8.3,0.68,0.55,92,100,17.1,3.4,2.4,0.9453,0.3261,7.9,7.0,7.0,station
2024-03-13,6.4,,5.8,6.5,7.6,7.8,,7.0,7.1,9.4,6.58,0.75,-1.25,93,100,6.6,2.38,2.0,0.9508,0.3098,6.1,6.0,6.0,station
2024-03-14,9.8,7.3,10.1,9.0,10.1,11.4,,10.2,9.3,9.2,9.26,1.18,-0.77,83,61,14.3,11.41,0.0,0.956,0.2934,10.5,10.0,10.0,station
2024-03-15,10.8,10.8,11.0,9.9,10.2,11.1,10.6,11.2,11.0,11.0,10.54,0.47,-0.44,79,92,18.6,11.36,0.0,0.9609,0.2769,10.0,10.0,10.0,station
2024-03-16,13.9,15.1,15.1,14.5,13.1,16.1,14.4,15.6,14.1,12.6,14.34,0.85,-0.22,81,87,17.4,10.3,0.3,0.9655,0.2604,15.8,15.0,15.0,station
2024-03-17,7.1,7.5,10.1,9.3,7.6,7.7,7.4,9.6,8.3,8.3,8.32,1.3,0.06,74,85,29.0,7.44,1.9,0.9698,0.2437,8.3,7.0,7.0,station
2024-03-18,4.5,2.3,4.3,3.6,2.4,4.4,2.6,3.8,4.0,2.1,3.42,1.03,0.04,81,85,19.2,5.37,1.6,0.9739,0.227,4.0,3.0,3.0,station
2024-03-19,7.8,6.0,8.2,6.3,5.4,6.4,5.0,8.4,6.1,4.0,6.74,1.2,0.76,80,79,17.9,9.87,0.0,0.9777,0.2102,6.7,7.0,7.0,station
2024-03-20,7.1,6.4,9.7,8.0,6.9,7.9,7.2,10.0,9.1,7.0,7.62,1.3,-0.62,80,72,10.1,10.17,0.0,0.9811,0.1934,7.5,9.0,9.0,station
2024-03-21,10.8,10.8,11.6,11.1,10.3,11.8,10.6,11.1,9.9,10.0,10.92,0.48,0.24,78,90,15.6,9.36,1.1,0.9843,0.1765,11.3,12.0,12.0,station
2024-03-22,9.6,9.2,9.8,10.3,10.0,9.0,9.5,9.4,9.3,7.7,9.78,0.41,0.8,86,100,17.3,4.16,1.5,0.9872,0.1595,10.0,10.0,10.0,station
2024-03-23,13.4,12.4,15.7,15.3,13.5,12.4,12.5,13.9,11.3,15.0,14.06,1.39,1.04,88,93,33.7,8.4,7.1,0.9898,0.1425,15.5,16.0,16.0,station
2024-03-24,7.9,7.1,9.4,8.6,7.0,7.4,7.4,8.8,8.9,8.0,8.0,1.02,-0.1,84,71,21.9,10.53,2.6,0.9921,0.1255,7.9,8.0,8.0,station
2024-03-25,7.3,6.6,6.3,8.4,8.2,7.9,7.4,8.4,8.4,8.0,7.36,0.93,-0.66,85,44,12.4,12.75,3.9,0.9941,0.1084,8.9,10.0,10.0,station
2024-03-26,11.9,12.0,12.3,11.5,10.5,11.5,11.4,12.3,11.3,10.6,11.64,0.7,0.22,73,18,21.6,15.97,0.0,0.9958,0.0913,12.2,12.0,12.0,station
2024-03-27,16.2,17.4,16.7,15.9,14.5,15.8,17.5,17.2,15.3,13.0,16.14,1.08,0.38,57,61,26.3,16.98,0.0,0.9972,0.0741,16.5,17.0,17.0,station
2024-03-28,17.1,15.7,17.7,18.0,15.4,17.0,14.9,18.7,15.7,16.4,16.78,1.17,0.24,72,71,27.8,9.71,2.8,0.9984,0.057,17.6,18.0,18.0,station
2024-03-29,15.6,16.3,16.6,16.3,14.0,15.9,16.3,16.2,16.3,13.8,15.76,1.05,0.06,65,65,21.1,16.99,1.2,0.9992,0.0398,16.1,17.0,17.0,station
2024-03-30,21.3,22.7,21.9,22.7,21.0,21.5,21.8,21.0,22.3,20.9,21.92,0.78,0.42,66,42,16.2,17.76,0.0,0.9997,0.0226,22.9,24.0,24.0,station
2024-03-31,22.6,24.0,24.4,25.0,23.4,22.2,23.6,23.4,24.4,22.6,23.88,0.92,0.64,55,52,25.2,15.04,0.2,1.0,0.0054,23.5,25.0,25.0,station
2024-04-01,22.4,23.0,23.0,23.8,24.1,22.5,22.4,23.0,23.8,24.3,23.26,0.68,0.06,56,54,22.5,16.71,0.0,0.9999,-0.0118,23.0,24.0,24.0,station
2024-04-02,16.4,15.9,16.4,17.5,17.3,14.9,15.4,16.7,16.8,18.7,16.7,0.67,0.2,82,99,27.8,2.91,9.7,0.9996,-0.029,16.4,18.0,18.0,station
2024-04-03,10.9,9.8,9.9,10.9,10.3,9.9,9.4,12.6,10.7,9.3,10.36,0.53,-0.02,72,68,32.3,9.21,2.5,0.9989,-0.0462,10.6,11.0,11.0,station
2024-04-04,13.2,12.1,14.3,12.3,14.3,11.7,11.2,13.6,13.4,12.5,13.24,1.05,0.76,84,92,17.3,10.48,2.8,0.998,-0.0634,13.9,15.0,15.0,station
2024-04-05,15.7,15.3,15.5,16.2,15.3,15.9,14.5,13.6,15.2,14.6,15.6,0.37,0.84,79,85,23.0,13.26,5.4,0.9968,-0.0805,15.8,16.0,16.0,station
2024-04-06,18.1,17.9,18.7,17.9,15.9,17.5,18.1,17.9,17.5,15.8,17.7,1.06,0.34,76,64,23.6,16.01,5.8,0.9952,-0.0977,17.9,18.0,18.0,station
2024-04-07,22.5,23.1,23.0,22.5,21.9,22.2,23.4,21.5,21.6,21.1,22.6,0.48,0.64,73,86,18.4,18.34,0.0,0.9934,-0.1148,22.7,23.0,23.0,station
2024-04-08,24.8,26.3,25.6,26.0,25.4,25.0,26.4,24.5,24.8,24.7,25.62,0.58,0.54,71,58,17.1,18.99,0.0,0.9913,-0.1319,26.0,27.0,27.0,station
2024-04-09,25.4,27.5,26.2,27.3,26.4,25.2,26.7,24.3,27.1,25.8,26.56,0.86,0.74,62,34,15.0,19.86,0.0,0.9889,-0.1489,26.6,27.0,27.0,station
2024-04-10,17.4,16.6,18.2,17.1,18.4,15.1,16.7,17.4,16.8,17.7,17.54,0.75,0.8,69,75,25.8,16.44,0.0,0.9861,-0.1659,17.0,17.0,17.0,station
2024-04-11,16.1,15.8,17.1,16.6,15.9,16.1,16.2,16.9,17.4,16.5,16.3,0.54,-0.32,63,44,15.2,20.26,0.0,0.9831,-0.1828,16.4,16.0,16.0,station
2024-04-12,16.3,16.9,16.2,17.7,18.3,16.7,16.5,15.5,17.7,18.3,17.08,0.91,0.14,74,84,19.7,11.07,0.2,0.9799,-0.1997,16.2,16.0,16.0,station
2024-04-13,18.8,19.3,20.1,18.2,18.7,18.6,18.8,19.4,19.1,18.4,19.02,0.72,0.16,70,96,25.9,15.08,0.4,0.9763,-0.2165,20.3,20.0,20.0,station
2024-04-14,18.4,18.2,19.7,18.9,19.3,18.2,17.5,19.9,19.2,19.8,18.9,0.62,-0.02,67,81,29.6,13.42,2.5,0.9724,-0.2333,18.9,20.0,20.0,station
2024-04-15,9.1,10.8,10.7,13.2,11.0,10.8,12.1,11.4,12.5,13.8,10.96,1.46,-1.16,68,85,16.9,8.65,1.3,0.9683,-0.25,11.8,12.0,12.0,station
2024-04-16,11.2,9.9,11.3,12.2,9.8,11.5,10.2,11.5,11.7,9.7,10.88,1.02,-0.04,66,76,33.2,14.76,1.8,0.9638,-0.2666,11.0,10.0,10.0,station
2024-04-17,8.5,6.9,7.7,9.3,8.3,10.2,8.6,9.0,10.2,8.4,8.14,0.9,-1.14,80,59,19.2,10.54,1.1,0.9591,-0.2831,8.6,8.0,8.0,station
2024-04-18,7.9,7.2,9.3,8.7,7.1,6.6,7.2,7.4,7.9,6.1,8.04,0.95,1.0,81,49,21.6,13.48,1.6,0.9541,-0.2996,8.0,9.0,9.0,station
2024-04-19,10.6,9.1,11.2,10.0,9.1,9.6,8.4,11.6,10.0,9.4,10.0,0.92,0.2,79,65,21.6,18.13,2.5,0.9488,-0.316,10.7,10.0,10.0,station
2024-04-20,8.7,8.1,8.0,9.1,10.4,9.7,8.5,10.5,9.9,8.9,8.86,0.97,-0.64,84,97,18.8,9.2,9.0,0.9432,-0.3322,9.6,9.0,9.0,station
2024-04-21,5.6,4.9,3.2,7.0,4.1,6.5,5.9,6.5,7.8,5.2,4.96,1.45,-1.42,73,100,20.8,7.41,1.5,0.9373,-0.3484,7.3,7.0,7.0,station
2024-04-22,6.5,5.1,9.4,7.0,6.1,6.5,5.2,5.8,7.5,5.5,6.82,1.6,0.72,66,99,19.6,10.62,0.2,0.9312,-0.3645,6.7,5.0,5.0,station
2024-04-23,8.4,7.6,10.5,7.9,7.5,10.0,7.3,11.7,10.3,7.4,8.38,1.24,-0.96,65,89,14.8,14.28,0.3,0.9248,-0.3804,9.3,9.0,9.0,station
2024-04-24,9.0,8.1,6.8,10.6,10.2,10.7,7.0,8.9,9.5,9.4,8.94,1.55,-0.16,76,100,15.8,9.02,0.0,0.9181,-0.3963,9.4,9.0,9.0,station
2024-04-25,11.2,10.3,12.7,11.9,11.8,11.3,9.7,12.7,10.7,8.9,11.58,0.89,0.92,75,61,15.1,19.66,1.0,0.9112,-0.412,12.0,12.0,12.0,station
2024-04-26,13.9,14.2,14.8,14.3,14.1,13.9,14.3,15.6,14.6,13.8,14.26,0.34,-0.18,66,43,19.0,18.79,0.1,0.9039,-0.4276,14.2,14.0,14.0,station
2024-04-27,17.3,18.0,17.6,18.3,16.9,17.5,18.4,18.1,17.2,17.5,17.62,0.55,-0.12,63,31,15.6,21.88,0.0,0.8965,-0.4431,18.0,19.0,19.0,station
2024-04-28,21.5,22.8,21.9,22.5,20.7,21.6,22.8,21.5,22.3,20.4,21.88,0.83,0.16,65,46,18.3,22.15,0.0,0.8887,-0.4585,22.0,23.0,23.0,station
2024-04-29,24.8,25.8,24.1,25.7,24.1,24.5,25.5,23.2,24.6,24.3,24.9,0.83,0.48,59,66,20.9,21.32,0.0,0.8807,-0.4737,25.2,26.0,26.0,station
2024-04-30,24.1,26.2,24.3,25.7,23.7,24.2,26.3,24.1,26.1,22.9,24.8,1.09,0.08,51,60,20.3,24.05,0.0,0.8724,-0.4888,25.3,26.0,26.0,station
2024-05-01,24.2,26.1,23.8,25.5,24.4,23.9,25.8,23.3,24.9,24.2,24.8,0.96,0.38,51,4,19.9,24.93,0.0,0.8639,-0.5037,25.0,26.0,26.0,station
2024-05-02,24.5,25.9,23.1,25.2,24.7,24.2,25.6,23.1,25.3,25.0,24.68,1.04,0.04,49,50,21.7,22.71,0.0,0.8551,-0.5185,24.9,25.0,25.0,station
2024-05-03,25.7,26.3,24.9,26.5,25.7,24.9,26.6,24.3,26.6,25.5,25.82,0.63,0.24,49,84,16.6,24.81,0.0,0.846,-0.5331,26.3,26.0,26.0,station
2024-05-04,25.0,25.7,25.1,26.0,25.2,23.6,25.4,24.2,26.1,25.2,25.4,0.43,0.5,47,76,14.1,22.79,0.0,0.8367,-0.5476,25.2,25.0,25.0,station
2024-05-05,26.2,26.9,25.5,26.2,25.6,25.9,26.2,25.5,26.4,25.7,26.08,0.56,0.14,41,86,17.3,22.63,0.0,0.8272,-0.5619,26.3,26.0,26.0,station
2024-05-06,21.0,20.5,20.3,19.3,21.3,21.0,19.9,20.6,20.2,21.3,20.48,0.77,-0.12,60,88,22.7,18.61,0.1,0.8174,-0.5761,21.2,20.0,20.0,station
2024-05-07,16.1,13.5,14.9,16.9,15.4,16.2,13.1,14.7,15.7,16.5,15.36,1.28,0.12,62,33,20.4,18.21,0.2,0.8074,-0.59,15.9,16.0,16.0,station
2024-05-08,17.4,17.0,17.2,17.4,15.8,18.0,16.8,16.7,18.0,16.0,16.96,0.67,-0.14,55,79,13.5,25.38,0.0,0.7971,-0.6038,17.2,17.0,17.0,station
2024-05-09,18.1,18.2,19.7,18.3,17.8,18.3,18.5,18.3,18.6,17.2,18.42,0.74,0.24,50,29,10.5,26.21,0.0,0.7866,-0.6175,18.0,19.0,19.0,station
2024-05-10,16.4,17.7,18.3,17.7,17.0,17.4,16.8,17.8,17.5,18.4,17.42,0.73,-0.16,67,84,21.2,11.5,0.2,0.7759,-0.6309,18.2,18.0,18.0,station
2024-05-11,15.6,14.2,15.1,15.7,12.4,16.3,14.8,15.2,15.3,13.3,14.6,1.37,-0.38,54,97,14.8,18.06,0.0,0.7649,-0.6442,15.4,15.0,15.0,station
2024-05-12,17.3,17.7,17.2,18.0,17.6,17.4,16.8,17.7,17.5,15.7,17.56,0.32,0.54,53,3,10.2,26.76,0.0,0.7537,-0.6572,18.1,18.0,18.0,station
2024-05-13,19.8,19.9,20.0,20.5,19.2,19.9,19.9,19.7,20.3,19.5,19.88,0.47,0.02,50,42,9.2,26.09,0.0,0.7423,-0.6701,19.9,20.0,20.0,station
2024-05-14,20.9,21.8,19.3,21.7,22.2,19.8,21.5,18.6,21.1,20.9,21.18,1.15,0.8,50,36,15.8,18.49,0.0,0.7306,-0.6828,21.0,21.0,21.0,station
2024-05-15,19.6,20.2,19.0,20.8,20.1,19.1,20.4,18.8,19.8,20.3,19.94,0.68,0.26,45,0,22.5,27.2,0.0,0.7188,-0.6952,19.8,20.0,20.0,station
2024-05-16,20.2,20.5,18.6,20.7,20.3,20.0,20.4,18.6,20.6,20.6,20.06,0.84,0.02,40,53,25.4,25.47,0.0,0.7067,-0.7075,20.9,21.0,21.0,station
2024-05-17,22.0,22.3,21.2,21.8,21.6,21.8,21.6,20.8,21.8,21.9,21.78,0.41,0.2,39,0,27.0,27.78,0.0,0.6945,-0.7195,21.7,22.0,22.0,station
2024-05-18,24.1,22.9,22.5,23.0,23.3,23.4,22.0,22.8,24.1,23.3,23.16,0.6,0.04,50,14,17.7,25.25,0.0,0.682,-0.7314,23.2,23.0,23.0,station
2024-05-19,23.7,23.3,23.0,23.6,23.8,24.3,22.6,23.2,24.1,24.0,23.48,0.33,-0.16,66,63,15.1,23.09,6.0,0.6693,-0.743,24.3,23.0,23.0,station
2024-05-20,24.2,23.0,25.2,23.3,22.1,23.6,22.1,24.8,22.6,22.2,23.56,1.18,0.5,68,89,9.7,20.25,1.7,0.6564,-0.7544,23.6,25.0,25.0,station
2024-05-21,25.8,25.9,27.4,25.2,26.0,26.8,25.6,27.6,25.0,24.5,26.06,0.81,0.16,64,28,13.8,24.87,0.1,0.6433,-0.7656,26.5,28.0,28.0,station
2024-05-22,28.2,26.2,26.8,28.5,26.8,28.5,25.9,25.9,28.4,26.3,27.3,0.99,0.3,60,61,19.7,23.38,0.2,0.6301,-0.7765,27.8,28.0,28.0,station
2024-05-23,21.3,21.1,21.1,21.6,20.7,24.8,22.8,21.6,25.7,22.9,21.16,0.33,-2.4,84,96,14.8,10.19,7.4,0.6166,-0.7873,20.7,22.0,22.0,station
2024-05-24,27.8,26.4,27.0,28.3,26.5,27.7,26.7,26.6,28.5,26.9,27.2,0.83,-0.08,66,64,19.9,24.96,0.0,0.603,-0.7978,27.4,27.0,27.0,station
2024-05-25,26.7,25.2,26.8,27.3,26.8,25.3,25.8,26.8,27.0,27.3,26.56,0.8,0.12,61,56,14.7,24.26,0.5,0.5892,-0.808,26.5,26.0,26.0,station
2024-05-26,27.8,26.8,27.2,27.6,27.3,28.1,26.2,27.0,27.7,26.7,27.34,0.38,0.2,62,49,15.1,24.57,0.4,0.5752,-0.818,27.5,28.0,28.0,station
2024-05-27,28.1,27.4,26.1,28.7,27.6,28.1,27.4,26.1,28.8,27.0,27.58,0.97,0.1,42,8,15.6,28.5,0.0,0.561,-0.8278,27.9,28.0,28.0,station
2024-05-28,27.3,27.5,25.9,27.9,27.8,27.7,26.6,25.5,28.7,28.1,27.28,0.81,-0.04,44,45,19.1,24.87,0.0,0.5467,-0.8373,27.1,28.0,28.0,station
2024-05-29,24.9,24.2,24.8,24.5,25.0,25.2,23.8,25.5,25.2,25.3,24.68,0.33,-0.32,61,54,14.0,20.93,0.1,0.5322,-0.8466,25.6,25.0,25.0,station
2024-05-30,25.0,24.7,25.1,25.9,24.0,25.7,24.0,23.7,26.1,22.4,24.94,0.69,0.56,63,53,15.7,24.32,1.1,0.5176,-0.8556,25.7,26.0,26.0,station
2024-05-31,25.0,24.3,25.5,25.4,24.0,25.8,24.5,23.9,25.5,25.4,24.84,0.67,-0.18,61,31,13.1,25.25,0.2,0.5028,-0.8644,24.4,25.0,25.0,station
2024-06-01,21.5,21.9,23.2,23.4,21.9,24.8,24.2,23.4,25.2,22.8,22.38,0.86,-1.7,78,59,19.7,19.27,5.2,0.4878,-0.8729,25.2,24.0,24.0,station
2024-06-02,23.1,19.8,20.5,21.7,21.7,22.0,19.5,21.4,19.9,19.3,21.36,1.27,0.94,79,73,12.3,21.18,6.8,0.4728,-0.8812,22.8,23.0,23.0,station
2024-06-03,23.0,20.9,23.8,23.1,23.5,22.8,20.8,25.8,24.6,23.7,22.86,1.14,-0.68,80,68,13.0,19.9,1.9,0.4575,-0.8892,23.2,23.0,23.0,station
2024-06-04,21.5,19.5,22.5,22.1,20.2,22.2,18.7,23.7,23.2,20.6,21.16,1.27,-0.52,80,89,15.7,14.0,1.5,0.4422,-0.8969,20.4,20.0,20.0,station
2024-06-05,23.7,23.4,25.2,24.7,23.1,23.7,22.8,25.0,25.0,23.4,24.02,0.89,0.04,66,69,15.9,19.73,0.0,0.4267,-0.9044,23.3,24.0,24.0,station
2024-06-06,22.2,21.2,23.6,21.9,21.3,22.6,21.4,22.2,22.5,21.1,22.04,0.97,0.08,72,43,17.2,22.1,1.9,0.4111,-0.9116,21.7,22.0,22.0,station
2024-06-07,22.5,21.8,21.1,22.4,19.1,22.3,21.5,24.1,22.1,19.5,21.38,1.39,-0.52,68,50,14.8,24.64,4.6,0.3953,-0.9185,23.0,22.0,22.0,station
2024-06-08,21.7,21.8,23.4,22.0,21.3,20.6,21.1,23.7,21.7,21.6,22.04,0.8,0.3,63,41,16.2,25.67,0.0,0.3795,-0.9252,23.0,22.0,22.0,station
2024-06-09,23.4,22.5,23.1,23.2,21.3,21.8,21.3,22.5,21.8,19.9,22.7,0.85,1.24,61,47,20.7,26.18,3.9,0.3635,-0.9316,23.3,23.0,23.0,station
2024-06-10,20.9,19.8,20.4,20.4,17.0,19.3,19.2,17.3,20.1,16.5,19.7,1.56,1.22,76,97,12.5,11.14,12.6,0.3474,-0.9377,21.5,21.0,21.0,station
2024-06-11,23.0,21.3,21.7,21.3,22.2,21.9,20.2,19.9,22.9,20.7,21.9,0.72,0.78,62,22,27.7,25.33,0.6,0.3312,-0.9436,23.1,23.0,23.0,station
2024-06-12,19.3,18.3,20.6,19.4,18.1,18.6,18.5,20.8,19.9,18.1,19.14,1.0,-0.04,61,56,17.7,16.6,0.1,0.3149,-0.9491,18.9,19.0,19.0,station
2024-06-13,19.5,18.8,20.9,20.2,18.7,16.6,16.3,21.7,19.1,18.9,19.62,0.94,1.1,74,62,8.6,12.27,2.3,0.2986,-0.9544,17.9,19.0,19.0,station
2024-06-14,20.2,19.2,21.3,20.7,19.4,20.9,19.0,22.3,21.2,19.9,20.16,0.88,-0.5,66,62,8.9,21.62,0.0,0.2821,-0.9594,20.2,20.0,20.0,station
2024-06-15,23.3,24.5,25.0,24.5,23.1,24.1,23.6,25.1,24.7,23.0,24.08,0.83,-0.02,55,48,19.4,22.01,0.0,0.2656,-0.9641,24.5,25.0,25.0,station
2024-06-16,25.8,23.8,26.3,25.6,25.8,25.3,22.7,25.4,25.0,25.5,25.46,0.96,0.68,67,81,19.3,20.43,2.4,0.2489,-0.9685,26.2,26.0,26.0,station
2024-06-17,26.4,25.6,26.6,26.8,25.2,26.2,25.4,26.3,26.3,24.3,26.12,0.69,0.42,68,36,10.6,26.71,0.2,0.2322,-0.9727,26.4,27.0,27.0,station
2024-06-18,27.7,27.2,26.6,26.4,25.7,27.3,27.0,26.7,27.0,24.0,26.72,0.77,0.32,62,70,13.0,25.3,1.1,0.2155,-0.9765,27.7,28.0,28.0,station
2024-06-19,29.4,28.8,29.5,31.1,29.2,30.2,26.3,29.5,31.9,29.0,29.6,0.88,0.22,73,91,20.9,21.16,25.0,0.1986,-0.9801,30.5,31.0,31.0,station
2024-06-20,21.9,20.7,23.2,21.5,20.6,23.0,20.4,22.8,21.9,21.3,21.58,1.06,-0.3,65,56,18.4,24.23,1.6,0.1818,-0.9833,22.4,22.0,22.0,station
2024-06-21,26.3,27.3,28.3,26.5,25.5,27.0,26.4,28.5,27.3,24.4,26.78,1.06,0.06,63,66,10.7,28.12,0.0,0.1648,-0.9863,26.9,27.0,27.0,station
2024-06-22,26.3,22.7,24.9,25.9,25.7,26.7,23.2,26.7,23.8,22.7,25.1,1.44,0.48,65,57,24.1,22.75,0.2,0.1478,-0.989,27.9,26.0,26.0,station
2024-06-23,23.2,21.2,24.0,23.9,21.8,23.4,19.9,24.3,23.2,21.0,22.82,1.26,0.46,65,48,25.9,23.41,0.0,0.1308,-0.9914,22.5,23.0,23.0,station
2024-06-24,22.1,20.9,22.3,21.7,22.5,23.2,20.4,23.2,22.5,22.8,21.9,0.63,-0.52,67,78,18.6,13.09,0.0,0.1137,-0.9935,22.1,22.0,22.0,station
2024-06-25,24.7,24.3,27.1,24.9,24.8,25.0,24.3,26.9,26.3,25.1,25.16,1.11,-0.36,66,59,10.6,21.89,0.0,0.0966,-0.9953,24.9,26.0,26.0,station
2024-06-26,29.6,28.8,29.6,29.3,27.3,28.3,28.2,29.0,29.6,26.8,28.92,0.96,0.54,61,28,17.1,27.53,0.0,0.0795,-0.9968,29.5,30.0,30.0,station
2024-06-27,30.7,31.1,31.1,31.9,31.7,30.9,30.3,30.5,31.5,28.9,31.3,0.49,0.88,54,81,19.9,26.02,0.0,0.0623,-0.9981,31.3,32.0,32.0,station
2024-06-28,29.8,30.4,31.9,29.3,29.9,30.6,30.4,32.3,27.7,30.4,30.26,1.0,-0.02,66,76,15.0,23.3,7.9,0.0451,-0.999,29.0,31.0,31.0,station
2024-06-29,28.6,27.1,29.3,28.8,27.4,26.1,26.1,27.6,28.1,25.9,28.24,0.94,1.48,63,30,12.3,28.05,0.0,0.028,-0.9996,27.4,28.0,28.0,station
2024-06-30,33.7,34.2,35.1,35.8,33.1,33.8,33.2,34.6,35.0,33.0,34.38,1.08,0.46,60,42,26.5,25.12,3.2,0.0108,-0.9999,34.1,34.0,34.0,station
2024-07-01,25.0,23.0,23.9,24.1,27.0,25.9,22.7,22.8,25.2,25.9,24.6,1.52,0.1,72,82,20.1,17.29,0.5,-0.0065,-1.0,23.9,23.0,23.0,station
2024-07-02,20.8,18.0,21.8,20.0,19.7,20.4,18.0,21.9,19.7,19.5,20.06,1.41,0.16,74,55,21.5,17.04,3.5,-0.0237,-0.9997,20.4,22.0,22.0,station
2024-07-03,21.5,20.2,19.6,19.0,21.5,21.0,18.9,20.2,19.2,21.7,20.36,1.12,0.16,70,68,14.2,17.44,0.7,-0.0408,-0.9992,21.3,21.0,21.0,station
2024-07-04,23.0,22.0,24.1,22.6,22.4,23.1,21.2,24.2,22.9,21.9,22.82,0.8,0.16,70,55,18.0,20.24,0.3,-0.058,-0.9983,22.2,22.0,22.0,station
2024-07-05,22.2,21.2,24.2,22.1,21.0,22.4,20.9,23.8,21.5,21.1,22.14,1.27,0.2,57,48,19.1,24.17,0.1,-0.0752,-0.9972,22.7,23.0,23.0,station
2024-07-06,29.2,30.1,31.3,29.9,29.5,28.8,29.3,31.1,30.1,28.2,30.0,0.81,0.5,54,51,22.3,27.01,0.0,-0.0923,-0.9957,29.6,31.0,31.0,station
2024-07-07,26.1,24.1,23.6,23.4,25.2,24.5,23.1,24.0,24.1,25.6,24.48,1.14,0.22,64,86,22.4,15.19,1.8,-0.1094,-0.994,24.0,23.0,23.0,station
2024-07-08,26.3,24.6,27.7,25.6,24.9,27.3,23.4,27.4,25.1,25.6,25.82,1.24,0.06,66,61,8.0,23.2,0.0,-0.1265,-0.992,25.8,27.0,27.0,station
2024-07-09,29.1,29.4,30.6,29.5,29.3,29.8,28.0,30.3,28.8,27.0,29.58,0.59,0.8,62,16,16.0,25.74,0.0,-0.1436,-0.9896,30.0,30.0,30.0,station
2024-07-10,31.9,33.9,34.5,33.6,34.0,31.2,32.7,33.2,32.6,30.6,33.58,0.99,1.52,51,44,25.5,22.91,0.2,-0.1606,-0.987,33.5,35.0,35.0,station
2024-07-11,30.0,29.6,30.8,30.5,28.8,30.5,28.1,31.0,28.1,27.8,29.94,0.79,0.84,65,50,18.9,20.13,5.1,-0.1775,-0.9841,31.2,31.0,31.0,station
2024-07-12,29.9,29.6,33.7,30.4,28.3,30.2,30.4,32.9,30.4,28.3,30.38,2.01,-0.06,74,84,17.2,21.9,2.0,-0.1944,-0.9809,29.9,31.0,31.0,station
2024-07-13,29.3,26.9,29.5,27.9,26.3,30.3,26.7,30.5,30.4,27.5,27.98,1.42,-1.1,68,60,22.8,24.9,4.9,-0.2113,-0.9774,28.4,28.0,28.0,station
2024-07-14,24.1,23.4,25.7,23.5,22.8,24.1,22.8,28.9,25.3,22.6,23.9,1.11,-0.84,75,70,13.8,19.63,19.3,-0.2281,-0.9736,25.4,25.0,25.0,station
2024-07-15,28.1,28.0,31.1,29.8,30.0,29.1,27.8,30.0,29.7,28.6,29.4,1.33,0.36,69,38,7.7,24.48,0.8,-0.2448,-0.9696,30.2,31.0,31.0,station
2024-07-16,32.7,33.3,36.0,33.5,33.7,31.6,31.6,36.4,32.6,33.6,33.84,1.26,0.68,67,49,20.2,21.9,8.7,-0.2614,-0.9652,32.5,32.0,32.0,station
2024-07-17,29.5,27.4,28.4,26.9,27.6,28.1,27.3,29.9,28.5,29.4,27.96,1.02,-0.68,67,81,17.1,22.65,0.2,-0.278,-0.9606,28.4,28.0,28.0,station
2024-07-18,26.3,26.4,27.0,27.0,27.3,27.0,25.7,27.4,26.2,26.3,26.8,0.43,0.28,61,38,17.6,24.31,0.0,-0.2945,-0.9557,26.4,26.0,26.0,station
2024-07-19,26.3,26.2,27.3,27.5,26.5,26.8,26.9,27.2,26.8,27.5,26.76,0.6,-0.28,62,61,11.7,21.33,0.0,-0.3109,-0.9505,26.4,27.0,27.0,station
2024-07-20,27.1,27.7,29.7,28.2,27.7,26.7,27.8,29.2,28.2,26.4,28.08,0.99,0.42,61,56,11.1,22.91,0.0,-0.3272,-0.945,26.9,28.0,28.0,station
2024-07-21,28.9,29.8,31.6,29.9,30.0,29.9,29.7,32.0,30.2,29.6,30.04,0.98,-0.24,55,20,9.4,23.84,0.0,-0.3434,-0.9392,29.5,30.0,30.0,station
2024-07-22,31.5,31.2,31.9,32.1,32.8,30.9,30.9,32.3,32.1,31.4,31.9,0.61,0.38,56,56,18.7,21.19,0.1,-0.3595,-0.9332,30.9,32.0,32.0,station
2024-07-23,25.1,23.0,26.5,26.2,25.5,26.0,23.8,26.5,26.5,27.0,25.26,1.38,-0.7,70,77,17.9,15.83,0.2,-0.3755,-0.9268,24.5,24.0,24.0,station
2024-07-24,24.4,24.5,26.3,25.4,24.8,26.6,23.6,26.7,25.4,26.3,25.08,0.79,-0.64,71,72,12.5,21.36,2.8,-0.3914,-0.9202,26.4,25.0,25.0,station
2024-07-25,23.3,21.3,25.2,22.2,19.2,23.7,20.6,23.7,22.7,18.0,22.24,2.24,0.5,77,67,19.4,18.36,1.8,-0.4071,-0.9134,24.1,22.0,22.0,station
2024-07-26,24.7,24.3,26.3,24.5,24.7,25.4,24.7,27.2,23.8,24.4,24.9,0.8,-0.2,72,55,10.0,21.29,0.8,-0.4228,-0.9062,23.7,26.0,26.0,station
2024-07-27,29.5,29.5,30.4,27.6,28.3,29.8,29.4,30.3,27.3,28.7,29.06,1.11,-0.04,61,76,14.3,17.25,0.0,-0.4383,-0.8988,28.3,29.0,29.0,station
2024-07-28,27.5,21.9,25.0,23.0,25.1,24.1,21.5,22.8,23.3,25.8,24.5,2.16,1.0,75,63,42.4,12.81,17.4,-0.4537,-0.8912,25.8,25.0,25.0,station
2024-07-29,23.6,22.6,23.9,23.1,23.0,23.9,23.0,25.5,24.0,22.9,23.24,0.51,-0.62,59,21,33.6,21.42,0.7,-0.469,-0.8832,23.0,24.0,24.0,station
2024-07-30,25.2,24.8,26.9,25.1,26.1,25.7,24.7,27.0,24.9,26.1,25.62,0.86,-0.06,62,23,21.2,21.44,0.0,-0.4841,-0.875,25.0,25.0,25.0,station
2024-07-31,26.6,27.1,28.5,26.2,26.3,25.6,26.8,28.6,25.7,26.4,26.94,0.94,0.32,59,38,13.4,25.5,0.0,-0.4991,-0.8666,26.5,27.0,27.0,station
2024-08-01,28.0,27.5,29.7,27.8,28.0,27.4,27.4,28.6,28.3,29.5,28.2,0.86,-0.04,51,22,17.7,24.72,0.0,-0.5139,-0.8578,27.8,28.0,28.0,station
2024-08-02,25.2,24.7,25.3,25.0,26.1,25.3,26.6,27.4,26.4,26.2,25.26,0.52,-1.12,60,85,12.8,19.07,0.0,-0.5286,-0.8489,24.8,25.0,25.0,station
2024-08-03,24.8,23.0,25.0,24.8,24.4,25.4,24.8,27.1,22.1,23.6,24.4,0.81,-0.2,65,80,12.6,13.92,5.7,-0.5431,-0.8397,24.1,24.0,24.0,station
2024-08-04,26.4,25.5,28.1,25.4,25.8,26.3,25.0,26.5,25.0,26.4,26.24,1.11,0.4,65,69,13.8,20.42,2.1,-0.5575,-0.8302,25.6,25.0,25.0,station
2024-08-05,19.6,18.4,22.0,18.7,18.1,20.0,18.0,22.4,21.8,21.8,19.36,1.58,-1.44,88,89,13.0,8.42,10.6,-0.5717,-0.8205,18.7,21.0,21.0,station
2024-08-06,24.2,22.3,24.5,24.5,22.2,25.0,22.6,25.3,24.4,21.9,23.54,1.18,-0.3,79,62,14.3,16.25,1.5,-0.5857,-0.8105,23.1,23.0,23.0,station
2024-08-07,25.1,25.7,28.1,25.6,24.9,25.4,25.5,28.6,26.4,25.4,25.88,1.29,-0.38,77,32,7.3,21.33,1.3,-0.5996,-0.8003,24.1,26.0,26.0,station
2024-08-08,24.2,22.9,26.0,26.0,27.6,25.5,22.7,26.8,26.9,26.4,25.34,1.82,-0.32,80,86,12.9,11.35,3.1,-0.6132,-0.7899,24.6,25.0,25.0,station
2024-08-09,24.4,24.0,26.3,24.3,22.1,24.2,23.3,26.2,24.3,21.7,24.22,1.49,0.28,73,70,15.0,21.76,0.9,-0.6267,-0.7792,24.3,25.0,25.0,station
2024-08-10,25.1,25.5,27.0,24.7,25.0,25.1,25.9,26.3,23.1,23.8,25.46,0.91,0.62,66,40,22.1,20.17,0.3,-0.64,-0.7683,24.7,26.0,26.0,station
2024-08-11,24.6,24.9,26.1,25.2,23.7,24.3,24.5,26.2,24.4,22.8,24.9,0.87,0.46,62,45,26.8,18.84,0.6,-0.6532,-0.7572,24.5,25.0,25.0,station
2024-08-12,24.0,23.5,26.0,23.6,23.3,24.4,24.0,25.7,23.5,23.9,24.08,1.1,-0.22,64,26,17.9,22.35,0.0,-0.6661,-0.7459,23.7,25.0,25.0,station
2024-08-13,23.6,23.8,26.8,25.2,23.3,24.2,24.6,26.7,24.7,22.7,24.54,1.46,-0.04,64,0,12.4,23.91,0.0,-0.6788,-0.7343,23.7,25.0,25.0,station
2024-08-14,25.9,26.5,29.6,27.5,27.6,26.1,26.3,29.8,27.5,25.7,27.42,1.41,0.34,55,7,16.8,23.72,0.0,-0.6914,-0.7225,26.4,28.0,28.0,station
2024-08-15,30.0,29.7,33.1,31.0,31.5,28.6,29.3,31.5,30.9,31.2,31.06,1.35,0.76,54,79,16.5,21.43,0.0,-0.7037,-0.7105,30.0,31.0,31.0,station
2024-08-16,30.4,30.7,31.4,30.2,30.9,30.3,31.2,31.7,32.1,32.3,30.72,0.47,-0.8,64,25,15.5,20.83,5.5,-0.7158,-0.6983,30.4,31.0,31.0,station
2024-08-17,31.3,31.5,33.6,31.7,32.2,31.1,32.0,33.1,31.3,31.3,32.06,0.92,0.3,55,25,18.6,21.25,0.0,-0.7277,-0.6859,31.6,33.0,33.0,station
2024-08-18,29.6,30.5,32.6,26.5,28.0,29.2,29.9,31.1,27.0,32.0,29.44,2.34,-0.4,78,89,13.3,16.22,6.6,-0.7394,-0.6733,30.3,31.0,31.0,station
2024-08-19,25.1,24.2,28.0,24.2,24.6,25.4,23.5,28.7,24.2,21.6,25.22,1.6,0.54,88,86,23.7,14.55,25.6,-0.7509,-0.6605,27.9,29.0,29.0,station
2024-08-20,22.2,21.0,25.9,23.9,21.5,26.6,24.6,28.8,27.1,22.9,22.9,2.0,-3.1,89,93,17.1,7.88,19.1,-0.7621,-0.6474,22.5,20.0,20.0,station
2024-08-21,26.6,24.3,28.4,24.8,25.1,25.8,23.0,27.6,24.9,25.9,25.84,1.67,0.4,87,90,17.9,13.09,8.8,-0.7731,-0.6342,26.7,24.0,24.0,station
2024-08-22,20.1,20.3,21.2,19.4,18.5,21.0,21.3,21.7,20.9,20.4,19.9,1.01,-1.16,75,62,15.2,12.83,0.0,-0.7839,-0.6208,19.7,19.0,19.0,station
2024-08-23,24.8,25.8,26.3,24.9,24.1,24.2,26.0,27.5,24.6,24.7,25.18,0.87,-0.22,67,67,15.2,17.13,0.0,-0.7945,-0.6073,24.9,25.0,25.0,station
2024-08-24,29.3,30.2,32.0,30.0,30.4,29.3,31.0,30.7,29.4,28.1,30.38,1.0,0.68,67,47,13.7,20.39,0.0,-0.8048,-0.5935,30.4,31.0,31.0,station
2024-08-25,31.7,32.1,34.7,33.3,35.1,31.8,32.3,34.7,32.8,32.6,33.38,1.51,0.54,65,28,21.4,19.83,0.0,-0.8149,-0.5796,31.6,32.0,32.0,station
2024-08-26,23.9,22.0,26.5,23.7,25.1,22.3,22.5,28.3,24.2,25.6,24.24,1.68,-0.34,70,53,15.9,17.96,1.1,-0.8248,-0.5655,23.7,23.0,23.0,station
2024-08-27,25.2,25.6,28.5,26.2,25.3,25.5,24.6,28.3,26.0,26.3,26.16,1.36,0.02,66,32,15.3,20.05,1.0,-0.8344,-0.5512,25.2,26.0,26.0,station
2024-08-28,27.6,28.8,31.6,28.6,30.4,27.3,28.8,31.7,29.0,28.7,29.4,1.59,0.3,66,1,13.5,19.81,0.0,-0.8437,-0.5368,27.9,29.0,29.0,station
2024-08-29,30.4,30.4,33.6,31.1,32.2,30.0,31.1,33.7,30.8,31.4,31.54,1.37,0.14,64,7,12.2,19.36,0.0,-0.8528,-0.5222,31.0,31.0,31.0,station
2024-08-30,29.8,31.2,33.4,31.9,32.7,29.6,30.5,34.1,31.2,32.1,31.8,1.39,0.3,57,22,11.2,19.01,0.0,-0.8617,-0.5074,30.9,32.0,32.0,station
2024-08-31,24.4,22.3,26.3,24.3,24.6,27.0,23.6,28.4,24.6,26.0,24.38,1.42,-1.54,72,80,18.0,12.91,0.1,-0.8703,-0.4925,26.0,25.0,25.0,station
2024-09-01,23.2,22.7,26.9,24.2,25.2,22.9,22.3,25.9,23.7,24.8,24.44,1.68,0.52,71,47,13.4,16.71,0.0,-0.8786,-0.4775,23.1,24.0,24.0,station
2024-09-02,25.3,26.1,28.7,26.5,27.2,26.2,26.6,30.4,26.4,26.9,26.76,1.28,-0.54,76,66,11.5,14.92,1.8,-0.8867,-0.4623,25.0,27.0,27.0,station
2024-09-03,29.5,30.9,32.6,31.2,31.4,29.0,31.3,33.8,30.5,30.5,31.12,1.11,0.1,60,15,16.3,18.82,0.0,-0.8945,-0.447,30.3,31.0,31.0,station
2024-09-04,27.9,30.3,32.3,30.7,31.9,29.3,31.4,32.4,30.7,31.6,30.62,1.73,-0.46,59,48,15.4,17.0,0.4,-0.9021,-0.4315,29.8,30.0,30.0,station
2024-09-05,27.5,27.5,30.7,28.0,28.3,27.8,27.8,30.3,28.7,28.6,28.4,1.33,-0.24,49,55,20.3,18.28,0.0,-0.9094,-0.4159,27.9,29.0,29.0,station
2024-09-06,27.8,28.1,31.3,29.4,29.2,27.9,27.8,31.1,28.9,29.5,29.16,1.38,0.12,49,42,23.1,17.86,0.0,-0.9164,-0.4002,28.0,29.0,29.0,station
2024-09-07,28.3,29.5,31.1,29.2,28.8,28.6,29.5,32.3,29.0,29.8,29.38,1.06,-0.46,46,28,19.2,17.87,0.0,-0.9232,-0.3844,28.8,29.0,29.0,station
2024-09-08,27.7,28.6,29.8,29.2,28.5,27.9,28.8,31.0,28.8,28.1,28.76,0.79,-0.16,40,26,22.7,18.02,0.0,-0.9296,-0.3685,28.5,29.0,29.0,station
2024-09-09,26.9,26.0,25.3,28.5,28.0,25.4,27.1,28.7,26.0,28.2,26.94,1.34,-0.14,43,96,27.0,12.73,0.7,-0.9358,-0.3524,27.1,26.0,26.0,station
2024-09-10,20.6,17.8,19.2,19.3,21.6,22.3,19.3,22.2,20.8,22.3,19.7,1.45,-1.68,89,81,13.6,6.11,7.5,-0.9418,-0.3363,19.2,20.0,20.0,station
2024-09-11,22.8,21.2,24.7,21.4,21.2,22.3,21.0,24.2,21.5,20.6,22.26,1.52,0.34,73,29,19.6,15.59,0.0,-0.9474,-0.32,22.4,22.0,22.0,station
2024-09-12,22.6,19.6,23.6,21.8,22.5,23.2,21.0,21.6,21.0,18.8,22.02,1.5,0.9,84,83,15.0,11.63,0.4,-0.9528,-0.3037,20.8,23.0,23.0,station
2024-09-13,22.2,18.9,22.9,21.6,21.6,23.3,17.6,22.3,21.4,24.1,21.44,1.52,-0.3,83,96,16.6,8.22,0.2,-0.9579,-0.2873,20.5,20.0,20.0,station
2024-09-14,20.6,19.1,23.8,19.8,21.6,21.9,19.2,23.0,22.3,20.5,20.98,1.83,-0.4,92,100,28.7,4.83,14.6,-0.9627,-0.2707,20.3,21.0,21.0,station
2024-09-15,22.5,19.6,22.4,21.0,19.2,23.7,18.8,21.0,21.2,18.3,20.94,1.53,0.34,86,93,26.1,10.05,13.4,-0.9672,-0.2541,22.8,23.0,23.0,station
2024-09-16,23.8,24.1,27.1,23.3,21.5,23.7,23.9,26.2,20.8,20.5,23.96,2.02,0.94,68,51,23.3,16.36,0.0,-0.9714,-0.2375,24.2,26.0,26.0,station
2024-09-17,24.5,25.6,26.9,24.7,23.8,24.4,25.3,28.1,23.5,23.1,25.1,1.19,0.22,61,5,16.3,15.86,0.0,-0.9753,-0.2207,24.9,26.0,26.0,station
2024-09-18,23.1,24.5,26.4,25.4,24.9,23.9,24.5,26.6,24.8,22.9,24.86,1.21,0.32,69,10,11.6,15.37,0.6,-0.979,-0.2039,24.0,26.0,26.0,station
2024-09-19,22.0,22.2,24.9,22.7,22.9,22.5,22.8,25.4,23.3,22.9,22.94,1.15,-0.44,62,3,17.7,15.75,0.0,-0.9824,-0.187,22.4,23.0,23.0,station
2024-09-20,21.7,22.8,24.3,23.1,22.9,21.8,22.9,25.4,22.8,22.4,22.96,0.93,-0.1,60,2,12.9,16.3,0.0,-0.9854,-0.1701,22.2,23.0,23.0,station
2024-09-21,22.8,23.7,25.1,24.0,24.9,22.4,23.6,25.3,23.8,24.6,24.1,0.94,0.16,73,1,8.1,15.28,0.0,-0.9882,-0.1531,23.3,24.0,24.0,station
2024-09-22,22.4,23.5,25.0,23.5,24.0,22.1,23.1,25.2,23.5,23.9,23.68,0.94,0.12,74,26,10.6,14.84,0.0,-0.9907,-0.1361,23.5,24.0,24.0,station
2024-09-23,22.2,22.9,24.5,23.1,24.0,22.8,23.4,25.5,23.7,24.9,23.34,0.91,-0.72,71,68,12.9,13.11,0.0,-0.9929,-0.1191,23.1,24.0,24.0,station
2024-09-24,23.9,24.9,26.3,25.3,25.4,23.6,24.6,26.2,25.2,25.1,25.16,0.87,0.22,64,75,20.1,14.22,0.0,-0.9948,-0.102,24.6,25.0,25.0,station
2024-09-25,21.5,21.7,23.1,22.3,22.5,22.0,21.3,22.9,21.5,22.2,22.22,0.64,0.24,75,28,22.7,13.77,0.8,-0.9964,-0.0848,22.2,23.0,23.0,station
2024-09-26,20.5,20.8,22.8,20.9,22.2,21.1,20.6,22.2,21.1,22.4,21.44,1.0,-0.04,72,89,22.6,8.73,0.0,-0.9977,-0.0677,21.0,21.0,21.0,station
2024-09-27,21.6,21.7,22.7,21.0,20.8,21.7,20.9,23.6,21.9,21.3,21.56,0.74,-0.32,68,77,26.8,12.7,2.1,-0.9987,-0.0505,22.2,22.0,22.0,station
2024-09-28,18.2,16.2,17.8,17.1,17.5,18.6,17.1,18.9,17.8,17.2,17.36,0.76,-0.56,73,74,28.6,9.33,2.5,-0.9994,-0.0333,17.7,16.0,16.0,station
2024-09-29,14.7,14.0,15.8,14.0,14.1,14.7,13.7,15.5,13.9,13.8,14.52,0.77,0.2,71,35,19.1,12.14,0.0,-0.9999,-0.0161,14.6,15.0,15.0,station
2024-09-30,14.1,13.6,15.8,14.2,13.6,14.8,13.8,15.4,14.3,13.6,14.26,0.9,-0.12,72,29,14.9,11.96,0.0,-1.0,0.0011,14.0,15.0,15.0,station
2024-10-01,11.6,11.7,9.7,12.9,12.3,11.6,10.8,10.2,13.2,12.3,11.64,1.2,0.02,74,34,10.3,10.29,0.0,-0.9998,0.0183,12.8,14.0,14.0,station
2024-10-02,15.0,13.9,15.0,14.7,16.3,15.2,13.6,13.7,13.4,14.6,14.98,0.86,0.88,80,93,13.2,6.42,5.1,-0.9994,0.0355,14.7,13.0,13.0,station
2024-10-03,13.3,12.2,13.2,12.7,13.5,13.2,11.7,12.7,12.6,12.3,12.98,0.53,0.48,91,88,13.1,3.92,7.5,-0.9986,0.0527,13.6,13.0,13.0,station
2024-10-04,12.0,11.4,13.1,11.9,11.2,12.7,11.2,13.0,11.6,11.3,11.92,0.74,-0.04,89,97,15.2,4.15,0.4,-0.9976,0.0698,12.6,13.0,13.0,station
2024-10-05,12.0,10.5,12.6,11.2,11.2,12.1,10.4,13.4,11.6,12.4,11.5,0.81,-0.48,79,100,16.2,3.2,3.3,-0.9962,0.087,12.1,12.0,12.0,station
2024-10-06,10.7,9.9,10.9,10.8,10.3,10.4,10.4,14.2,10.2,9.8,10.52,0.41,-0.48,90,100,12.0,3.44,11.5,-0.9946,0.1041,11.4,12.0,12.0,station
2024-10-07,13.0,11.9,14.9,14.1,13.4,13.3,11.9,15.2,14.3,13.2,13.46,1.13,-0.12,82,85,10.1,5.18,0.0,-0.9926,0.1212,13.0,14.0,14.0,station
2024-10-08,19.1,19.4,20.8,19.1,19.3,19.5,18.8,20.1,18.2,19.1,19.54,0.72,0.4,84,58,17.0,9.29,0.0,-0.9904,0.1383,20.1,20.0,20.0,station
2024-10-09,18.3,18.4,18.2,18.1,20.5,19.9,18.2,21.6,19.6,20.5,18.7,1.01,-1.26,85,89,21.3,6.2,0.6,-0.9879,0.1553,19.5,17.0,17.0,station
2024-10-10,21.3,21.5,21.4,21.7,21.2,21.1,21.1,21.4,21.4,21.2,21.42,0.19,0.18,81,80,24.5,10.37,0.3,-0.9851,0.1722,21.7,22.0,22.0,station
2024-10-11,14.0,14.5,15.5,14.1,14.5,13.8,14.5,15.4,14.0,16.7,14.52,0.59,-0.36,76,77,20.2,8.66,2.0,-0.9819,0.1892,14.2,14.0,14.0,station
2024-10-12,12.8,12.5,14.0,13.1,12.5,12.8,12.7,14.1,12.9,12.4,12.98,0.62,0.0,78,11,11.2,10.69,0.0,-0.9785,0.206,12.6,13.0,13.0,station
2024-10-13,11.8,10.5,11.3,11.6,11.3,11.3,10.7,11.5,11.8,12.2,11.3,0.49,-0.2,79,87,31.8,3.63,12.7,-0.9749,0.2228,12.9,10.0,10.0,station
2024-10-14,10.7,10.0,11.6,10.7,8.2,11.1,10.3,11.0,11.2,9.1,10.24,1.27,-0.3,78,97,36.4,4.06,1.8,-0.9709,0.2396,10.6,10.0,10.0,station
2024-10-15,11.1,11.0,13.0,11.2,10.7,11.2,10.9,12.7,11.4,9.9,11.4,0.91,0.18,82,85,18.2,5.93,1.8,-0.9666,0.2562,11.6,12.0,12.0,station
2024-10-16,10.9,11.2,13.2,11.6,11.1,11.0,11.0,13.9,11.2,11.0,11.6,0.93,-0.02,79,17,14.7,10.52,0.0,-0.9621,0.2728,11.6,12.0,12.0,station
2024-10-17,12.0,12.7,13.9,12.5,11.5,12.0,12.8,13.9,11.7,10.7,12.52,0.9,0.3,69,28,22.9,10.4,0.0,-0.9572,0.2893,12.9,13.0,13.0,station
2024-10-18,14.3,15.8,15.3,14.8,13.2,14.2,14.9,14.9,13.9,13.3,14.68,1.0,0.44,59,0,21.5,10.35,0.0,-0.9521,0.3057,15.2,16.0,16.0,station
2024-10-19,12.4,13.8,14.3,13.1,12.7,12.0,13.5,14.1,13.4,12.4,13.26,0.78,0.18,60,0,19.8,10.1,0.0,-0.9467,0.3221,13.7,14.0,14.0,station
2024-10-20,12.3,14.3,14.6,13.2,12.8,12.6,14.4,14.8,12.9,12.1,13.44,0.98,0.08,74,52,17.8,9.42,0.0,-0.941,0.3383,13.7,14.0,14.0,station
2024-10-21,15.2,17.0,16.4,16.0,15.3,15.0,16.7,16.5,16.0,14.8,15.98,0.76,0.18,75,94,17.0,7.65,0.0,-0.9351,0.3545,15.7,16.0,16.0,station
2024-10-22,16.2,18.7,18.2,17.2,16.2,17.1,18.2,18.7,17.2,16.2,17.3,1.14,-0.18,73,76,19.9,8.61,0.0,-0.9288,0.3705,16.8,17.0,17.0,station
2024-10-23,13.7,13.9,14.9,14.0,14.2,13.1,13.7,15.0,13.6,13.4,14.14,0.46,0.38,82,56,22.5,6.99,0.0,-0.9223,0.3864,14.0,14.0,14.0,station
2024-10-24,12.2,12.4,14.0,11.6,10.9,12.2,13.0,14.2,12.4,11.9,12.22,1.15,-0.52,93,65,8.9,5.98,0.0,-0.9155,0.4022,11.0,12.0,12.0,station
2024-10-25,12.2,10.1,15.0,11.4,11.6,12.5,13.8,15.3,11.9,12.3,12.06,1.81,-1.1,91,25,15.1,8.02,0.0,-0.9085,0.4179,12.1,11.0,11.0,station
2024-10-26,16.2,15.5,17.8,16.3,15.8,16.0,15.8,17.7,16.4,16.2,16.32,0.89,-0.1,87,20,10.8,7.79,0.0,-0.9012,0.4335,16.9,17.0,17.0,station
2024-10-27,16.3,16.0,14.7,16.3,15.7,16.6,15.6,15.1,15.9,15.3,15.8,0.66,0.1,87,50,17.9,7.32,0.0,-0.8936,0.4489,16.8,18.0,18.0,station
2024-10-28,12.5,12.1,13.5,12.9,12.6,13.6,12.5,12.5,13.0,11.6,12.72,0.52,0.08,87,77,19.4,4.2,0.1,-0.8857,0.4642,12.9,14.0,14.0,station
2024-10-29,13.1,12.5,12.7,12.7,12.4,12.7,12.4,12.7,12.4,13.5,12.68,0.27,-0.06,95,100,11.5,1.9,1.3,-0.8776,0.4794,13.4,13.0,13.0,station
2024-10-30,13.8,13.9,14.2,14.7,13.6,14.5,13.8,15.2,14.3,13.5,14.04,0.43,-0.22,91,100,23.9,3.14,0.6,-0.8692,0.4944,14.7,14.0,14.0,station
2024-10-31,10.9,11.5,11.6,11.3,11.0,11.4,12.0,12.8,12.4,10.7,11.26,0.3,-0.6,77,100,26.5,3.25,0.1,-0.8606,0.5093,11.5,12.0,12.0,station
2024-11-01,13.7,13.1,14.9,12.6,14.0,12.6,12.8,15.5,12.5,13.9,13.66,0.88,0.2,79,80,34.8,5.03,0.0,-0.8517,0.524,13.3,13.0,13.0,station
2024-11-02,11.4,11.1,12.5,11.6,12.2,11.7,10.8,13.4,11.9,11.5,11.76,0.58,-0.1,68,43,30.4,7.53,0.6,-0.8426,0.5386,11.5,12.0,12.0,station
2024-11-03,6.6,7.6,8.1,6.8,6.3,7.5,7.6,8.4,6.8,6.6,7.08,0.75,-0.3,71,51,24.6,6.49,0.0,-0.8332,0.553,7.5,8.0,8.0,station
2024-11-04,9.1,9.0,9.6,9.1,8.4,9.3,9.2,10.0,9.6,9.9,9.04,0.43,-0.56,74,40,23.4,7.13,0.0,-0.8235,0.5672,9.1,10.0,10.0,station
2024-11-05,8.8,9.3,9.9,8.4,8.0,9.1,8.6,9.8,8.0,6.9,8.88,0.75,0.4,81,15,9.8,6.99,0.0,-0.8137,0.5813,9.2,11.0,11.0,station
2024-11-06,8.3,8.3,10.6,8.7,8.0,8.4,8.4,11.2,8.6,7.1,8.78,1.05,0.04,90,12,10.3,6.87,0.0,-0.8035,0.5952,8.5,11.0,11.0,station
2024-11-07,4.8,3.5,9.4,3.4,4.9,4.7,3.7,9.8,3.8,5.5,5.2,2.45,-0.3,95,100,10.7,1.89,0.1,-0.7932,0.609,4.9,4.0,4.0,station
2024-11-08,6.1,4.7,9.0,7.0,4.8,7.0,4.4,10.3,7.4,4.9,6.32,1.78,-0.48,88,99,12.7,2.98,0.0,-0.7826,0.6225,6.5,4.0,4.0,station
2024-11-09,6.8,4.3,9.0,6.8,5.7,7.5,4.3,10.3,7.0,5.8,6.52,1.73,-0.46,85,100,14.1,2.48,0.0,-0.7718,0.6359,6.2,4.0,4.0,station
2024-11-10,6.6,3.2,9.1,5.5,5.4,7.1,3.8,9.7,6.2,5.1,5.96,2.15,-0.42,86,48,12.2,5.76,0.0,-0.7607,0.6491,6.5,4.0,4.0,station
2024-11-11,5.4,1.5,8.0,3.9,3.2,6.0,1.1,8.9,2.0,3.6,4.4,2.45,0.08,90,100,7.1,3.09,0.0,-0.7494,0.6621,3.8,4.0,4.0,station
2024-11-12,3.4,1.8,6.5,3.4,2.1,3.5,1.1,7.7,3.9,-0.3,3.44,1.86,0.26,89,100,6.0,1.63,0.4,-0.7379,0.6749,3.1,2.0,2.0,station
2024-11-13,2.8,1.2,4.3,2.9,2.0,3.3,1.5,5.2,3.5,1.4,2.64,1.15,-0.34,87,100,6.5,1.53,0.5,-0.7262,0.6875,2.5,2.0,2.0,station
2024-11-14,5.3,5.4,5.7,4.8,5.3,5.6,4.9,6.2,5.1,5.1,5.3,0.32,-0.08,90,100,17.2,1.76,1.1,-0.7143,0.6998,5.4,6.0,6.0,station
2024-11-15,6.6,6.8,7.7,6.2,5.5,6.1,6.4,8.0,6.3,6.3,6.56,0.81,-0.06,91,96,14.6,2.13,0.3,-0.7021,0.712,7.3,8.0,8.0,station
2024-11-16,8.7,8.2,8.4,8.0,8.0,9.0,8.1,10.2,7.8,6.8,8.26,0.3,-0.12,86,76,16.8,1.75,0.3,-0.6898,0.724,8.7,8.0,8.0,station
2024-11-17,5.7,5.3,5.8,5.9,5.7,5.7,5.1,7.5,5.9,5.0,5.68,0.23,-0.16,84,96,21.0,1.08,1.5,-0.6772,0.7358,5.7,7.0,7.0,station
2024-11-18,5.4,4.8,6.3,5.6,5.0,5.1,4.6,6.0,5.4,5.0,5.42,0.58,0.2,84,83,24.0,2.93,1.2,-0.6645,0.7473,5.3,6.0,6.0,station
2024-11-19,8.6,8.1,9.1,8.3,7.3,8.0,7.4,7.9,4.9,5.5,8.28,0.66,1.54,84,98,24.9,2.26,5.1,-0.6515,0.7586,7.9,9.0,9.0,station
2024-11-20,9.2,8.6,10.7,8.9,7.9,8.9,7.8,8.6,8.1,7.6,9.06,1.04,0.86,84,98,25.6,1.28,7.3,-0.6384,0.7697,9.0,10.0,10.0,station
2024-11-21,1.6,1.6,2.9,1.8,1.5,1.8,1.5,2.8,2.1,1.9,1.88,0.58,-0.14,80,79,21.8,2.39,0.5,-0.625,0.7806,1.4,1.0,1.0,station
2024-11-22,0.4,1.7,1.6,1.1,0.9,1.2,1.5,1.2,0.6,0.5,1.14,0.53,0.14,81,84,15.1,4.73,0.7,-0.6115,0.7912,2.1,1.0,1.0,station
2024-11-23,1.8,2.1,3.0,1.7,1.3,1.4,2.7,2.4,1.6,1.1,1.98,0.64,0.14,83,63,21.2,3.94,0.0,-0.5978,0.8016,1.9,2.0,2.0,station
2024-11-24,2.5,4.6,3.3,3.7,3.2,3.8,4.9,2.8,3.5,3.6,3.46,0.77,-0.26,84,99,16.6,1.48,1.1,-0.584,0.8118,3.6,3.0,3.0,station
2024-11-25,8.9,10.8,8.1,7.5,8.8,8.1,10.9,7.2,8.7,7.2,8.82,1.24,0.4,80,39,16.9,4.4,0.0,-0.5699,0.8217,9.6,12.0,12.0,station
2024-11-26,8.5,8.0,7.5,8.1,8.6,8.0,7.4,7.2,6.7,8.7,8.14,0.44,0.54,86,41,14.0,4.23,2.4,-0.5557,0.8314,8.3,9.0,9.0,station
2024-11-27,7.2,5.9,7.2,7.3,7.2,6.8,5.4,6.8,7.1,7.3,6.96,0.59,0.28,93,94,11.5,2.57,0.2,-0.5413,0.8408,7.6,7.0,7.0,station
2024-11-28,6.2,6.7,7.7,6.9,7.2,6.3,6.5,7.6,6.6,6.9,6.94,0.56,0.16,91,95,18.1,0.49,6.2,-0.5268,0.85,7.0,6.0,6.0,station
2024-11-29,5.3,4.9,5.6,5.6,5.3,5.4,4.2,5.4,5.4,5.0,5.34,0.29,0.26,92,100,14.2,1.11,0.7,-0.5121,0.859,5.7,6.0,6.0,station
2024-11-30,4.5,3.8,5.7,5.0,3.5,4.3,3.9,5.7,4.0,2.9,4.5,0.89,0.34,90,90,8.1,1.28,0.1,-0.4972,0.8676,5.2,5.0,5.0,station
2024-12-01,4.5,3.2,4.8,4.0,3.7,4.8,3.0,5.3,4.4,4.1,4.04,0.63,-0.28,94,42,11.8,2.16,0.0,-0.4822,0.8761,3.3,4.0,4.0,station
2024-12-02,7.1,6.4,7.4,6.8,7.2,6.6,6.4,7.2,6.8,6.5,6.98,0.39,0.28,92,15,14.0,4.08,0.0,-0.4671,0.8842,7.1,7.0,7.0,station
2024-12-03,4.5,4.5,4.5,4.5,4.9,4.3,4.7,5.1,4.9,4.7,4.58,0.18,-0.16,89,96,10.8,1.89,0.0,-0.4518,0.8921,4.9,5.0,5.0,station
2024-12-04,5.2,5.0,5.8,5.8,5.5,4.3,5.1,5.0,5.4,4.7,5.46,0.36,0.56,95,89,9.0,1.12,0.5,-0.4364,0.8998,5.7,6.0,6.0,station
2024-12-05,3.6,3.5,4.4,3.7,2.9,3.8,3.6,4.0,3.6,3.1,3.62,0.54,0.0,94,89,8.2,2.64,0.1,-0.4208,0.9071,4.9,4.0,4.0,station
2024-12-06,3.6,2.6,3.7,2.3,2.2,3.9,2.6,4.0,2.7,2.5,2.88,0.72,-0.26,87,97,21.7,2.01,0.1,-0.4052,0.9142,3.8,3.0,3.0,station
2024-12-07,3.3,2.5,3.5,2.7,3.1,3.7,3.9,4.1,4.6,2.9,3.02,0.41,-0.82,90,86,14.5,1.71,0.0,-0.3894,0.9211,3.4,3.0,3.0,station
2024-12-08,2.7,2.1,3.4,3.0,2.2,3.1,2.4,4.8,2.9,0.5,2.68,0.54,-0.06,96,91,12.0,0.86,3.7,-0.3735,0.9276,2.8,4.0,4.0,station
2024-12-09,3.9,2.7,4.3,4.2,4.3,3.1,2.7,4.9,3.6,3.7,3.88,0.68,0.28,90,100,15.5,0.95,2.0,-0.3575,0.9339,3.8,4.0,4.0,station
2024-12-10,1.5,0.7,2.9,1.6,0.2,1.4,0.6,2.8,2.4,0.3,1.38,1.03,-0.12,87,100,13.1,1.0,0.0,-0.3413,0.9399,1.7,2.0,2.0,station
2024-12-11,2.0,1.5,2.0,1.3,0.2,0.9,1.4,2.5,1.0,0.3,1.4,0.74,0.18,89,100,11.9,0.9,0.4,-0.3251,0.9457,2.1,2.0,2.0,station
2024-12-12,1.8,1.6,2.1,1.5,1.2,1.4,1.4,2.3,1.1,0.6,1.64,0.34,0.28,88,96,13.0,2.34,0.2,-0.3088,0.9511,1.8,2.0,2.0,station
2024-12-13,1.5,1.0,0.4,0.1,-0.1,1.9,1.3,1.1,0.7,-0.5,0.58,0.66,-0.32,83,50,11.5,3.55,0.1,-0.2924,0.9563,1.5,2.0,2.0,station
2024-12-14,1.1,0.9,1.4,0.6,-0.4,1.5,0.6,1.6,0.5,-0.6,0.72,0.69,0.0,80,73,20.6,1.33,0.0,-0.2759,0.9612,1.2,1.0,1.0,station
2024-12-15,3.2,3.7,3.0,3.1,2.9,3.3,3.6,2.8,2.6,2.5,3.18,0.31,0.22,86,85,26.3,2.17,2.1,-0.2593,0.9658,3.9,4.0,4.0,station
2024-12-16,10.0,9.6,9.5,10.1,8.9,9.7,9.3,9.4,10.3,8.6,9.62,0.48,0.16,93,100,34.6,0.51,15.0,-0.2427,0.9701,10.1,10.0,10.0,station
2024-12-17,8.4,8.4,9.0,9.2,7.9,8.2,8.3,8.9,9.0,7.8,8.58,0.52,0.14,89,98,29.3,0.62,5.8,-0.226,0.9741,8.7,9.0,9.0,station
2024-12-18,8.0,8.2,8.3,7.5,7.2,8.0,7.6,7.7,7.3,7.0,7.84,0.47,0.32,84,93,17.8,2.28,1.5,-0.2092,0.9779,8.6,9.0,9.0,station
2024-12-19,10.3,10.2,10.6,9.3,10.3,10.0,9.8,10.5,9.3,8.7,10.14,0.49,0.48,72,100,18.9,2.35,0.6,-0.1923,0.9813,10.2,10.0,10.0,station
2024-12-20,8.4,9.4,8.5,7.9,9.2,7.8,8.8,8.5,7.8,8.4,8.68,0.61,0.42,76,78,23.3,1.72,0.3,-0.1754,0.9845,8.6,10.0,10.0,station
2024-12-21,4.3,4.1,4.1,3.4,3.3,3.9,4.1,4.2,3.7,3.3,3.84,0.46,0.0,78,84,17.9,2.01,0.0,-0.1585,0.9874,4.6,4.0,4.0,station
2024-12-22,5.7,4.9,5.0,5.4,4.8,4.1,4.2,4.8,4.3,5.1,5.16,0.38,0.66,82,93,19.9,0.96,2.6,-0.1414,0.9899,5.9,5.0,5.0,station
2024-12-23,3.7,4.1,4.6,3.8,4.2,3.7,4.1,4.0,3.5,3.5,4.08,0.36,0.32,89,100,12.3,1.1,0.3,-0.1244,0.9922,4.2,4.0,4.0,station
2024-12-24,3.9,1.8,3.3,0.9,1.6,3.4,1.7,3.8,2.8,2.0,2.3,1.25,-0.44,89,84,5.7,2.62,0.0,-0.1073,0.9942,4.5,4.0,4.0,station
2024-12-25,4.1,2.3,3.2,2.0,2.0,2.6,1.6,2.9,1.9,1.9,2.72,0.91,0.54,81,69,9.8,2.71,0.0,-0.0902,0.9959,4.0,4.0,4.0,station
2024-12-26,2.9,2.7,2.9,2.1,1.1,2.3,2.7,4.6,4.4,1.7,2.34,0.77,-0.8,82,36,9.0,3.47,0.0,-0.073,0.9973,2.7,4.0,4.0,station
2024-12-27,2.5,3.7,4.3,4.4,2.9,5.2,4.0,4.4,4.8,3.3,3.56,0.84,-0.78,94,100,8.5,0.92,0.6,-0.0559,0.9984,1.5,2.0,2.0,station
2024-12-28,2.1,1.5,5.2,3.5,1.9,3.9,2.7,4.5,4.6,2.9,2.84,1.52,-0.88,98,100,7.3,0.94,0.2,-0.0387,0.9993,2.6,2.0,2.0,station
2024-12-29,3.3,2.5,5.2,3.3,1.9,2.5,1.4,4.1,3.6,1.0,3.24,1.24,0.72,96,97,14.6,1.24,0.1,-0.0215,0.9998,4.0,4.0,4.0,station
2024-12-30,2.0,1.4,4.4,3.5,1.3,2.7,1.4,4.6,4.3,0.6,2.52,1.37,-0.2,94,100,21.1,0.88,0.1,-0.0043,1.0,2.1,2.0,2.0,station
2024-12-31,3.4,2.7,5.0,3.5,2.7,3.5,2.8,5.5,4.5,2.7,3.46,0.94,-0.34,84,79,19.9,1.54,0.0,0.0129,0.9999,3.9,,,
2025-01-01,5.8,5.4,7.0,4.5,4.4,6.3,5.0,6.8,4.7,4.1,5.42,1.06,0.04,67,86,25.3,2.55,0.0,0.0172,0.9999,6.1,7.0,7.0,station
2025-01-02,7.8,7.0,7.7,5.3,6.2,6.8,5.9,8.0,5.1,6.4,6.8,1.06,0.36,61,84,30.3,0.73,2.0,0.0344,0.9994,8.7,8.0,8.0,station
2025-01-03,1.6,1.3,1.8,1.1,1.2,1.4,1.1,1.2,0.8,0.5,1.4,0.29,0.4,86,66,24.8,1.46,3.0,0.0516,0.9987,1.6,1.0,1.0,station
2025-01-04,-0.9,-0.7,-0.3,-1.1,-1.5,-1.7,-0.8,-0.7,-0.4,-0.9,-0.9,0.45,0.0,74,46,25.9,4.12,0.3,0.0688,0.9976,-1.0,-1.0,-1.0,station
2025-01-05,-1.3,-1.4,-0.5,-1.1,-1.9,-1.0,-1.0,-0.3,-0.8,-1.4,-1.24,0.51,-0.34,82,97,14.0,3.52,0.0,0.0859,0.9963,-2.3,-2.0,-2.0,station
2025-01-06,4.4,5.7,4.5,4.6,5.2,4.7,4.8,4.1,4.3,4.8,4.88,0.55,0.34,90,99,21.1,2.28,4.2,0.103,0.9947,4.6,5.0,5.0,station
2025-01-07,3.6,5.0,4.2,5.6,5.6,5.0,5.6,4.1,4.6,6.0,4.8,0.88,-0.26,93,99,20.8,0.54,4.3,0.1201,0.9928,5.2,6.0,6.0,station
2025-01-08,2.8,3.9,4.1,4.2,3.8,3.4,3.2,4.1,3.5,3.4,3.76,0.56,0.24,88,32,20.5,2.42,1.2,0.1372,0.9905,3.0,4.0,4.0,station
2025-01-09,5.3,5.6,5.0,5.8,8.7,5.4,5.5,5.9,5.6,7.6,6.08,1.5,0.08,94,69,18.3,1.82,2.8,0.1542,0.988,6.4,7.0,7.0,station
2025-01-10,5.8,5.6,7.0,7.3,7.4,5.4,5.6,6.8,6.7,5.7,6.62,0.86,0.58,86,94,27.7,1.53,3.9,0.1712,0.9852,6.8,8.0,8.0,station
2025-01-11,-0.0,0.9,0.6,0.5,0.6,0.5,0.8,0.9,0.7,0.6,0.52,0.33,-0.18,88,100,26.1,1.25,7.7,0.1881,0.9821,0.4,1.0,1.0,station
2025-01-12,0.8,0.9,0.4,0.7,0.2,0.6,0.9,0.2,0.5,0.3,0.6,0.29,0.1,92,100,20.1,1.19,4.0,0.205,0.9788,0.8,1.0,1.0,station
2025-01-13,-1.5,-0.2,-0.8,-0.8,-2.8,-1.8,-0.2,-1.1,-0.9,-2.6,-1.22,1.0,0.1,89,88,16.5,3.96,0.0,0.2218,0.9751,-0.9,0.0,0.0,station
2025-01-14,-0.4,1.0,0.7,0.2,-2.2,-0.5,1.3,0.8,0.1,-2.4,-0.14,1.27,-0.0,86,99,20.4,3.09,3.7,0.2385,0.9711,0.6,2.0,2.0,station
2025-01-15,2.1,2.4,1.3,2.6,1.3,1.9,2.5,0.9,1.5,1.2,1.94,0.61,0.34,97,100,18.6,1.43,3.0,0.2552,0.9669,1.9,3.0,3.0,station
2025-01-16,1.9,2.2,2.0,3.3,0.8,1.0,2.4,1.7,2.2,0.3,2.04,0.89,0.52,97,100,16.6,1.64,0.1,0.2718,0.9624,2.0,2.0,2.0,station
2025-01-17,2.7,2.5,3.1,2.6,2.4,2.2,2.6,3.3,3.1,1.4,2.66,0.27,0.14,96,100,16.9,1.87,0.0,0.2883,0.9575,3.1,3.0,3.0,station
2025-01-18,2.4,2.7,4.4,3.1,2.5,3.0,3.7,4.7,4.2,2.5,3.02,0.82,-0.6,88,70,15.5,4.13,0.0,0.3047,0.9524,3.9,5.0,5.0,station
2025-01-19,2.8,1.7,5.8,3.9,1.6,3.4,1.3,5.3,4.2,1.7,3.16,1.75,-0.02,93,85,7.3,2.07,0.0,0.3211,0.9471,2.8,1.0,1.0,station
2025-01-20,4.5,3.6,6.2,3.7,3.0,4.2,3.9,6.6,4.0,2.4,4.2,1.24,-0.02,89,18,9.0,5.0,0.0,0.3373,0.9414,4.6,5.0,5.0,station
2025-01-21,3.4,2.4,4.7,2.4,2.4,3.5,1.7,4.3,3.2,1.6,3.06,1.01,0.2,87,100,10.8,3.45,0.0,0.3534,0.9355,3.5,3.0,3.0,station
2025-01-22,1.9,0.8,4.3,1.0,1.5,3.0,0.9,4.3,0.4,1.4,1.9,1.41,-0.1,95,96,6.8,2.31,0.0,0.3695,0.9292,1.4,5.0,5.0,station
2025-01-23,2.8,2.6,4.2,2.8,2.0,1.5,2.4,4.8,2.2,1.5,2.88,0.81,0.4,94,100,16.9,2.19,0.1,0.3854,0.9227,2.5,4.0,4.0,station
2025-01-24,4.6,4.8,5.5,5.4,3.9,4.2,3.4,5.1,4.5,3.7,4.84,0.65,0.66,88,74,14.6,4.69,0.2,0.4012,0.916,6.1,7.0,7.0,station
2025-01-25,8.4,8.5,6.8,7.9,8.0,8.2,8.1,5.8,6.7,6.5,7.92,0.68,0.86,78,99,17.2,4.73,0.4,0.4169,0.9089,8.9,9.0,9.0,station
2025-01-26,7.3,8.1,6.5,7.0,8.1,6.9,8.1,5.7,7.3,7.7,7.4,0.7,0.26,84,97,14.7,1.98,0.3,0.4325,0.9016,7.3,8.0,8.0,station
2025-01-27,7.9,10.1,8.3,9.8,8.7,7.6,9.6,7.8,9.2,9.8,8.96,0.95,0.16,89,65,14.6,5.2,0.0,0.4479,0.8941,10.4,11.0,11.0,station
2025-01-28,10.0,9.7,9.0,9.7,11.5,9.6,9.7,8.7,10.2,11.4,9.98,0.93,0.06,83,88,17.9,4.89,0.4,0.4633,0.8862,9.8,12.0,12.0,station
2025-01-29,9.2,9.4,9.6,9.5,10.9,9.3,9.6,9.7,9.7,10.2,9.72,0.68,0.02,80,64,17.9,3.63,0.5,0.4784,0.8781,10.4,11.0,11.0,station
2025-01-30,8.8,10.2,9.3,9.4,9.2,8.4,10.1,8.9,9.1,8.7,9.38,0.51,0.34,81,38,15.5,5.99,0.0,0.4935,0.8698,9.9,11.0,11.0,station
2025-01-31,5.5,5.4,6.5,6.1,6.1,5.9,7.4,6.1,6.1,7.1,5.92,0.46,-0.6,84,53,22.1,2.48,1.0,0.5084,0.8611,6.5,8.0,8.0,station
2025-02-01,3.7,3.2,3.9,3.9,3.5,3.2,3.8,4.8,4.0,3.5,3.64,0.3,-0.22,83,100,17.0,2.58,0.4,0.5231,0.8523,3.7,3.0,3.0,station
2025-02-02,1.9,1.8,2.3,2.1,1.6,1.5,2.0,3.6,2.2,2.8,1.94,0.27,-0.48,89,95,10.7,2.76,2.7,0.5377,0.8432,2.3,3.0,3.0,station
2025-02-03,0.9,1.0,2.5,1.7,1.8,1.0,0.9,2.2,0.5,0.2,1.58,0.65,0.62,82,59,12.6,5.11,0.0,0.5521,0.8338,1.3,2.0,2.0,station
2025-02-04,4.1,3.5,3.7,3.6,2.2,3.8,2.9,2.8,3.3,0.8,3.42,0.72,0.7,87,71,10.1,6.61,0.2,0.5664,0.8242,4.4,5.0,5.0,station
2025-02-05,3.8,4.7,4.8,4.1,3.1,4.2,3.6,5.0,3.6,1.9,4.1,0.7,0.44,80,36,11.5,6.44,0.0,0.5805,0.8143,4.4,6.0,6.0,station
2025-02-06,4.0,2.7,4.1,4.6,2.8,3.7,3.3,4.1,3.9,3.4,3.64,0.84,-0.04,93,94,8.6,1.96,0.7,0.5944,0.8042,4.2,5.0,5.0,station
2025-02-07,0.4,1.1,2.6,1.6,-0.0,1.3,1.7,1.8,1.7,-0.1,1.14,1.02,-0.14,78,97,19.8,4.11,0.8,0.6081,0.7938,0.9,3.0,3.0,station
2025-02-08,0.9,-0.8,2.2,-0.1,-1.2,1.3,-1.0,2.4,-0.0,-1.2,0.2,1.37,-0.1,65,75,19.4,5.94,0.0,0.6217,0.7833,1.4,1.0,1.0,station
2025-02-09,2.2,-1.1,3.7,-0.1,-0.1,2.0,-2.1,3.7,0.3,0.1,0.92,1.97,0.12,66,8,14.6,7.89,0.0,0.6351,0.7725,2.2,1.0,1.0,station
2025-02-10,1.5,-1.1,2.3,-0.0,-0.6,1.5,-2.3,2.3,0.3,-0.7,0.42,1.43,0.2,71,0,11.8,8.4,0.0,0.6483,0.7614,1.3,2.0,2.0,station
2025-02-11,-2.2,-5.0,0.6,-5.5,-5.3,-1.2,-5.8,0.7,-4.8,-5.0,-3.48,2.65,-0.26,72,31,15.5,6.83,0.0,0.6613,0.7502,-1.8,-5.0,-5.0,station
2025-02-12,2.8,-0.2,2.5,-0.1,0.0,3.0,-0.2,3.1,-1.1,-1.0,1.0,1.51,0.24,65,3,14.8,8.67,0.0,0.6741,0.7387,2.4,0.0,0.0,station
2025-02-13,1.8,0.4,1.7,0.6,0.6,3.2,1.2,2.2,1.7,1.1,1.02,0.67,-0.86,63,81,13.1,4.41,0.0,0.6867,0.727,2.3,2.0,2.0,station
2025-02-14,0.1,-0.5,0.2,-1.7,-2.5,0.2,-0.7,0.8,0.0,-2.6,-0.88,1.18,-0.42,68,82,15.9,4.72,1.3,0.6991,0.715,-0.3,1.0,1.0,station
2025-02-15,-0.7,-0.8,-0.4,-1.2,-2.3,-0.1,-1.0,-0.1,-1.1,-1.9,-1.08,0.74,-0.24,77,53,15.1,6.92,0.7,0.7113,0.7029,-0.3,-1.0,-1.0,station
2025-02-16,-1.7,-2.1,-0.9,-1.2,-3.2,-0.4,-2.2,-1.1,-1.5,-3.8,-1.82,0.9,-0.02,68,26,13.8,8.13,0.3,0.7233,0.6906,-0.3,-3.0,-3.0,station
2025-02-17,-0.5,-1.3,-0.9,-1.7,-4.0,-1.1,-2.0,-1.4,-1.6,-4.8,-1.68,1.37,0.5,54,29,12.4,9.31,0.0,0.735,0.678,-0.6,-1.0,-1.0,station
2025-02-18,-0.1,-0.7,-1.0,-1.8,-4.2,0.2,-1.6,0.1,-1.8,-4.7,-1.56,1.6,0.0,71,49,12.8,5.68,0.0,0.7466,0.6653,-0.9,-3.0,-3.0,station
2025-02-19,0.2,0.4,1.4,-0.3,-0.4,2.0,0.6,1.8,-0.3,0.2,0.26,0.72,-0.6,81,88,14.5,5.21,1.3,0.7579,0.6523,0.5,0.0,0.0,station
2025-02-20,0.5,-0.1,0.7,-0.6,-2.1,0.5,-0.0,1.0,-1.3,-0.9,-0.32,1.12,-0.18,79,76,11.6,5.19,0.6,0.769,0.6392,0.5,2.0,2.0,station
2025-02-21,0.4,1.5,0.8,0.4,-0.7,0.6,0.2,0.8,-0.9,-2.1,0.48,0.8,0.76,58,46,16.3,8.05,0.0,0.7799,0.6259,2.1,3.0,3.0,station
2025-02-22,4.4,4.2,3.0,3.3,1.5,3.1,4.1,2.4,1.5,0.9,3.28,1.16,0.88,53,38,15.6,10.34,0.0,0.7906,0.6124,4.6,6.0,6.0,station
2025-02-23,5.6,6.3,3.8,6.6,4.1,5.1,6.0,3.3,5.2,3.9,5.28,1.27,0.58,55,54,15.8,9.63,0.0,0.801,0.5987,6.6,8.0,8.0,station
2025-02-24,4.4,4.4,3.2,6.3,6.1,4.1,4.1,5.2,3.7,4.2,4.88,1.3,0.62,86,75,8.1,6.89,0.0,0.8112,0.5848,6.6,7.0,7.0,station
2025-02-25,8.0,6.5,9.8,10.3,10.2,7.9,5.8,9.7,10.2,10.2,8.96,1.66,0.2,91,92,12.7,7.57,0.0,0.8211,0.5708,8.4,9.0,9.0,station
2025-02-26,8.1,7.9,8.6,8.3,9.7,8.9,8.3,9.4,10.4,10.0,8.52,0.71,-0.88,87,95,10.5,6.51,0.0,0.8308,0.5566,9.5,10.0,10.0,station
2025-02-27,7.3,7.2,7.7,8.7,9.6,7.3,6.9,9.1,8.8,9.8,8.1,1.03,-0.28,89,100,9.3,5.02,0.7,0.8402,0.5422,9.2,10.0,10.0,station
2025-02-28,7.7,5.2,5.9,7.1,6.2,5.2,5.2,5.1,7.5,5.9,6.42,0.99,0.64,91,93,13.8,5.68,2.6,0.8495,0.5277,8.5,6.0,6.0,station
2025-03-01,3.2,2.8,3.6,4.6,4.1,3.0,2.5,4.8,5.1,3.5,3.66,0.71,-0.12,96,93,15.3,2.26,3.3,0.8584,0.513,2.5,4.0,4.0,station
2025-03-02,3.7,3.6,7.4,3.4,3.0,4.0,3.4,7.9,3.8,3.2,4.22,1.8,-0.24,88,95,18.3,3.42,0.1,0.8671,0.4981,3.8,3.0,3.0,station
2025-03-03,7.6,6.3,9.4,7.2,6.0,7.6,6.3,9.6,7.0,7.6,7.3,1.34,-0.32,79,98,25.2,6.57,0.0,0.8755,0.4831,8.0,7.0,7.0,station
2025-03-04,9.8,10.8,10.3,9.4,9.2,9.6,10.6,10.2,9.5,7.8,9.9,0.66,0.36,72,71,23.1,11.98,0.0,0.8837,0.468,10.3,11.0,11.0,station
2025-03-05,12.5,14.4,12.8,12.6,10.8,12.1,14.1,12.6,11.7,10.3,12.62,1.28,0.46,52,81,20.6,12.94,0.0,0.8916,0.4527,13.9,15.0,15.0,station
2025-03-06,15.6,17.8,16.0,16.6,15.7,15.2,17.4,15.0,15.2,14.6,16.34,0.9,0.86,55,12,18.4,13.14,0.0,0.8993,0.4373,17.4,19.0,19.0,station
2025-03-07,14.9,17.0,14.9,16.3,16.7,14.5,16.8,13.9,14.6,14.3,15.96,1.0,1.14,72,23,11.3,11.83,0.0,0.9067,0.4218,15.5,17.0,17.0,station
2025-03-08,16.6,17.5,16.2,18.4,17.6,16.6,17.6,15.5,17.4,17.1,17.26,0.87,0.42,72,13,8.5,13.4,0.0,0.9138,0.4061,16.7,19.0,19.0,station
2025-03-09,14.1,15.7,14.4,16.5,17.0,15.0,15.8,14.8,16.4,16.3,15.54,1.27,-0.12,68,95,11.0,10.61,0.0,0.9207,0.3904,15.4,18.0,18.0,station
2025-03-10,17.9,18.4,18.1,20.0,19.5,17.8,17.7,16.5,20.3,19.1,18.78,0.92,0.5,65,75,13.8,12.78,0.0,0.9272,0.3745,19.8,21.0,21.0,station
2025-03-11,13.3,12.8,14.8,15.6,15.3,14.1,13.9,14.4,16.8,13.7,14.36,1.24,-0.22,70,87,16.1,12.27,0.0,0.9335,0.3585,14.4,16.0,16.0,station
2025-03-12,15.2,14.8,16.0,15.6,17.5,15.4,14.4,16.1,16.9,17.5,15.82,1.04,-0.24,80,85,14.8,12.93,3.9,0.9396,0.3424,15.1,17.0,17.0,station
2025-03-13,9.9,10.2,12.7,11.6,14.9,9.9,10.0,12.3,12.7,15.2,11.86,2.04,-0.16,94,100,23.7,3.07,11.2,0.9453,0.3261,12.2,11.0,11.0,station
2025-03-14,5.6,4.0,6.9,5.7,4.7,7.9,4.4,7.0,7.1,3.8,5.38,1.1,-0.66,81,100,24.9,6.54,4.6,0.9508,0.3098,6.2,7.0,7.0,station
2025-03-15,6.7,5.3,7.2,6.3,5.8,7.0,5.1,8.0,7.2,4.7,6.26,0.74,-0.14,72,51,11.0,14.51,0.0,0.956,0.2934,6.3,7.0,7.0,station
2025-03-16,7.4,7.1,8.0,7.4,6.5,7.6,6.7,8.4,7.0,6.1,7.28,0.54,0.12,65,20,11.1,15.44,0.0,0.9609,0.2769,7.2,8.0,8.0,station
2025-03-17,3.2,2.4,3.6,3.0,2.7,3.4,2.3,3.2,2.8,1.9,2.98,0.46,0.26,58,33,21.7,15.37,1.7,0.9655,0.2604,3.4,4.0,4.0,station
2025-03-18,5.9,5.7,6.9,5.7,5.6,6.1,5.6,6.2,5.8,5.0,5.96,0.54,0.22,59,37,21.0,10.99,0.0,0.9698,0.2437,6.3,8.0,8.0,station
2025-03-19,8.4,9.3,9.3,8.9,9.1,8.4,8.9,9.4,9.3,8.2,9.0,0.37,0.16,56,0,14.6,16.06,0.0,0.9739,0.227,9.1,10.0,10.0,station
2025-03-20,12.1,13.1,12.6,12.7,13.4,12.1,13.1,12.5,12.0,12.5,12.78,0.5,0.34,59,0,9.0,16.32,0.0,0.9777,0.2102,12.9,14.0,14.0,station
2025-03-21,14.3,15.2,13.4,14.7,15.2,13.4,14.9,13.6,14.4,14.7,14.56,0.75,0.36,62,39,12.8,15.52,0.0,0.9811,0.1934,15.0,16.0,16.0,station
2025-03-22,13.3,14.5,14.1,15.0,15.8,12.8,14.1,13.8,14.9,14.1,14.54,0.94,0.6,58,47,21.3,12.98,0.1,0.9843,0.1765,14.0,15.0,15.0,station
2025-03-23,12.1,12.2,8.9,12.0,14.7,10.3,10.7,9.0,10.9,14.8,11.98,2.06,0.84,64,52,21.2,14.13,2.1,0.9872,0.1595,13.1,14.0,14.0,station
2025-03-24,9.7,7.1,8.4,9.6,11.8,10.2,7.5,11.8,12.2,12.4,9.32,1.74,-1.5,86,98,13.5,6.43,0.9,0.9898,0.1425,10.6,8.0,8.0,station
2025-03-25,12.7,11.6,13.7,13.0,13.2,12.8,11.2,14.1,13.3,12.4,12.84,0.78,0.08,75,26,10.5,14.62,0.0,0.9921,0.1255,12.4,14.0,14.0,station
2025-03-26,12.0,12.0,13.4,13.2,13.9,11.2,11.1,13.5,13.7,13.2,12.9,0.86,0.36,73,92,11.1,11.48,0.4,0.9941,0.1084,13.1,14.0,14.0,station
2025-03-27,10.7,8.8,12.2,11.8,11.5,10.7,8.7,12.2,11.4,12.7,11.0,1.35,-0.14,79,95,9.9,6.76,0.3,0.9958,0.0913,9.6,9.0,9.0,station
2025-03-28,13.6,13.1,14.6,13.6,14.8,13.8,12.9,14.9,15.0,15.1,13.94,0.73,-0.4,73,1,12.5,17.73,0.0,0.9972,0.0741,13.7,15.0,15.0,station
2025-03-29,15.4,16.0,16.0,16.1,17.1,15.5,15.9,16.2,16.2,17.1,16.12,0.61,-0.06,64,24,15.8,17.82,0.0,0.9984,0.057,16.3,17.0,17.0,station
2025-03-30,15.9,15.2,16.1,16.5,16.6,15.5,15.3,15.4,14.6,16.1,16.06,0.56,0.68,70,58,13.7,14.42,1.8,0.9992,0.0398,16.5,16.0,16.0,station
2025-03-31,11.2,9.4,10.9,10.6,11.3,11.0,10.0,10.8,10.8,12.3,10.68,0.77,-0.3,76,99,14.7,11.2,0.6,0.9997,0.0226,12.5,13.0,13.0,station
2025-04-01,14.1,12.6,14.3,13.5,15.6,14.0,12.5,14.1,14.6,15.4,14.02,1.1,-0.1,72,86,15.6,14.86,0.9,1.0,0.0054,14.4,14.0,14.0,station
2025-04-02,16.0,16.7,16.7,16.4,15.9,15.7,16.1,15.6,16.3,15.9,16.34,0.38,0.42,58,31,18.4,18.74,0.0,0.9999,-0.0118,17.1,18.0,18.0,station
2025-04-03,17.6,18.8,18.0,18.3,19.4,17.8,18.5,17.9,17.9,19.3,18.42,0.7,0.14,59,1,12.0,18.44,0.0,0.9996,-0.029,18.9,20.0,20.0,station
2025-04-04,18.7,19.7,19.3,19.7,19.9,18.2,19.5,19.1,19.5,19.7,19.46,0.48,0.26,58,31,14.3,18.69,0.0,0.9989,-0.0462,20.0,20.0,20.0,station
2025-04-05,8.8,8.8,12.1,10.5,10.4,8.6,8.7,9.3,9.6,8.5,10.12,1.38,1.18,55,72,27.7,16.25,2.0,0.998,-0.0634,10.1,12.0,12.0,station
2025-04-06,3.7,3.9,5.2,4.3,3.1,3.8,3.9,4.4,4.9,4.0,4.04,0.78,-0.16,46,70,25.0,16.19,0.0,0.9968,-0.0805,4.2,5.0,5.0,station
2025-04-07,6.7,6.8,8.5,6.4,7.8,7.7,6.5,7.9,5.5,6.1,7.24,0.88,0.5,57,59,20.3,14.82,1.8,0.9952,-0.0977,7.3,8.0,8.0,station
2025-04-08,8.8,8.3,9.4,8.5,8.8,8.8,8.6,8.5,7.7,7.1,8.76,0.42,0.62,57,64,23.4,14.5,0.3,0.9934,-0.1148,9.2,10.0,10.0,station
2025-04-09,9.1,11.2,9.5,9.5,11.1,7.9,11.1,9.6,9.8,10.2,10.08,0.99,0.36,61,71,19.8,16.23,1.2,0.9913,-0.1319,10.0,9.0,9.0,station
2025-04-10,5.1,4.7,6.6,5.3,4.9,5.5,4.5,6.4,4.3,5.1,5.32,0.75,0.16,63,70,26.6,14.58,3.6,0.9889,-0.1489,6.0,5.0,5.0,station
2025-04-11,9.1,8.5,8.7,7.3,10.3,8.3,7.9,7.8,9.7,11.6,8.78,1.08,-0.28,82,89,22.2,5.24,7.1,0.9861,-0.1659,9.6,9.0,9.0,station
2025-04-12,15.4,15.6,15.1,14.3,15.0,14.9,15.3,14.9,14.4,15.6,15.08,0.5,0.06,74,43,11.7,17.83,0.0,0.9831,-0.1828,14.8,16.0,16.0,station
2025-04-13,19.2,21.0,20.2,19.4,20.8,19.2,21.3,20.0,18.8,20.6,20.12,0.81,0.14,66,34,16.0,20.77,0.0,0.9799,-0.1997,19.9,21.0,21.0,station
2025-04-14,21.4,22.1,20.3,21.9,24.2,20.8,20.4,20.4,21.0,23.0,21.98,1.42,0.86,58,67,12.4,17.76,0.0,0.9763,-0.2165,22.7,23.0,23.0,station
2025-04-15,19.7,19.9,18.6,20.2,21.0,20.9,20.6,19.6,20.9,21.5,19.88,0.87,-0.82,72,75,24.4,14.45,1.2,0.9724,-0.2333,19.7,20.0,20.0,station
2025-04-16,21.9,22.0,20.7,22.4,24.7,24.4,22.0,21.1,24.4,24.3,22.34,1.46,-0.9,72,66,17.6,15.45,0.7,0.9683,-0.25,24.3,24.0,24.0,station
2025-04-17,26.2,27.1,27.4,25.8,27.7,25.2,26.2,25.6,27.1,26.8,26.84,0.81,0.66,56,65,18.8,20.56,0.0,0.9638,-0.2666,28.5,28.0,28.0,station
2025-04-18,27.0,26.0,26.6,28.1,28.4,26.6,26.9,27.0,28.0,29.8,27.22,1.01,-0.44,61,76,16.1,16.89,0.0,0.9591,-0.2831,27.4,25.0,25.0,station
2025-04-19,19.7,17.9,19.9,18.8,20.1,18.5,19.3,17.4,19.3,21.0,19.28,0.92,0.18,67,58,14.4,16.71,0.0,0.9541,-0.2996,19.6,20.0,20.0,station
2025-04-20,22.9,22.5,22.7,22.5,22.7,23.7,22.2,22.1,22.3,23.6,22.66,0.17,-0.12,58,41,12.4,20.74,0.0,0.9488,-0.316,23.7,23.0,23.0,station
2025-04-21,24.5,24.4,24.5,24.2,25.2,24.0,24.4,22.9,23.4,25.3,24.56,0.38,0.56,49,56,9.0,18.72,0.0,0.9432,-0.3322,25.4,24.0,24.0,station
2025-04-22,22.0,20.5,21.1,21.0,22.5,22.1,21.9,21.5,21.6,23.5,21.42,0.81,-0.7,60,65,15.1,19.8,0.0,0.9373,-0.3484,21.7,21.0,21.0,station
2025-04-23,21.1,20.1,22.2,21.4,20.5,20.8,19.8,21.6,21.6,21.3,21.06,0.81,0.04,60,24,8.9,21.33,0.0,0.9312,-0.3645,22.1,21.0,21.0,station
2025-04-24,22.1,19.0,22.6,22.6,21.8,21.9,19.6,23.0,22.0,21.3,21.62,1.5,0.06,56,91,15.1,21.26,1.1,0.9248,-0.3804,23.9,22.0,22.0,station
2025-04-25,16.4,13.8,15.7,15.1,15.4,16.8,13.5,15.1,14.0,12.7,15.28,0.96,0.86,68,86,18.2,18.84,11.2,0.9181,-0.3963,16.1,17.0,17.0,station
2025-04-26,12.2,11.8,12.5,11.9,11.3,11.9,11.8,12.6,12.2,10.9,11.94,0.45,0.06,51,5,14.8,24.11,0.0,0.9112,-0.412,12.4,13.0,13.0,station
2025-04-27,13.5,13.2,13.9,13.9,13.0,13.6,13.6,14.1,13.6,12.6,13.5,0.41,0.0,44,13,11.8,24.56,0.0,0.9039,-0.4276,14.3,14.0,14.0,station
2025-04-28,18.6,18.3,17.8,18.2,17.8,18.0,18.5,17.9,17.8,17.3,18.14,0.34,0.24,42,15,8.5,24.84,0.0,0.8965,-0.4431,19.4,19.0,19.0,station
2025-04-29,20.4,20.8,19.2,20.4,21.3,21.0,21.2,19.9,21.1,21.1,20.42,0.78,-0.44,44,74,20.2,18.69,0.0,0.8887,-0.4585,20.8,20.0,20.0,station
2025-04-30,21.0,20.9,20.7,20.4,20.2,20.5,20.6,20.6,21.6,20.6,20.64,0.34,-0.14,55,59,15.3,24.08,0.0,0.8807,-0.4737,20.9,20.0,20.0,station
2025-05-01,19.1,18.6,18.8,19.1,18.6,20.2,18.9,19.4,19.6,18.7,18.84,0.25,-0.52,48,11,11.9,24.76,0.0,0.8724,-0.4888,19.9,19.0,19.0,station
2025-05-02,24.9,24.3,23.6,25.2,25.3,24.6,24.4,23.0,24.8,24.8,24.66,0.71,0.34,42,73,18.3,23.1,0.1,0.8639,-0.5037,25.3,25.0,25.0,station
2025-05-03,22.5,21.2,19.6,22.8,23.9,22.9,20.9,18.7,22.0,23.9,22.0,1.65,0.32,69,75,14.0,18.69,1.8,0.8551,-0.5185,21.9,22.0,22.0,station
2025-05-04,16.4,14.5,16.3,16.4,14.9,18.1,15.1,16.0,16.1,14.9,15.7,0.92,-0.34,71,50,25.8,19.93,7.9,0.846,-0.5331,16.0,15.0,15.0,station
2025-05-05,12.0,9.9,12.4,11.4,10.9,12.0,10.0,12.1,11.5,11.3,11.32,0.98,-0.06,63,88,14.8,9.59,0.0,0.8367,-0.5476,11.0,10.0,10.0,station
2025-05-06,14.2,13.6,15.3,13.5,13.3,15.2,14.0,15.1,14.0,13.4,13.98,0.81,-0.36,51,80,12.3,23.19,0.0,0.8272,-0.5619,14.7,15.0,15.0,station
2025-05-07,13.8,12.9,13.0,13.3,13.2,13.5,12.9,13.7,13.1,13.1,13.24,0.35,-0.02,51,74,17.4,23.63,0.0,0.8174,-0.5761,13.8,13.0,13.0,station
2025-05-08,10.7,11.3,12.7,11.9,12.3,10.6,10.9,12.8,11.3,11.5,11.78,0.79,0.36,48,71,14.3,21.51,0.0,0.8074,-0.59,12.0,12.0,12.0,station
2025-05-09,11.7,11.2,11.7,11.5,11.5,11.8,10.9,12.4,11.0,12.0,11.52,0.2,-0.1,55,89,14.6,13.9,1.2,0.7971,-0.6038,11.8,11.0,11.0,station
2025-05-10,11.0,10.1,9.6,10.5,10.8,10.3,9.5,12.2,11.0,13.1,10.4,0.56,-0.82,78,95,17.2,11.08,7.0,0.7866,-0.6175,10.4,10.0,10.0,station
2025-05-11,12.7,12.9,14.6,12.5,13.3,12.9,13.2,14.3,13.1,13.8,13.2,0.84,-0.26,68,52,9.0,22.83,0.8,0.7759,-0.6309,12.8,14.0,14.0,station
2025-05-12,13.2,14.3,14.3,14.4,14.5,13.7,14.3,13.8,13.7,14.0,14.14,0.53,0.24,59,53,11.7,19.12,0.0,0.7649,-0.6442,13.8,15.0,15.0,station
2025-05-13,16.1,16.4,16.1,16.2,16.1,15.4,16.3,15.9,15.6,15.9,16.18,0.13,0.36,47,47,14.1,26.83,0.0,0.7537,-0.6572,16.4,17.0,17.0,station
2025-05-14,19.4,18.6,18.0,19.0,19.8,18.6,17.2,16.6,18.1,19.3,18.96,0.7,1.0,73,97,22.3,18.79,7.5,0.7423,-0.6701,19.5,20.0,20.0,station
2025-05-15,10.6,9.0,12.7,11.6,11.3,9.7,9.0,11.7,10.6,11.4,11.04,1.37,0.56,71,57,18.7,22.16,2.6,0.7306,-0.6828,11.3,10.0,10.0,station
2025-05-16,9.2,8.8,8.9,10.5,9.3,9.5,9.2,13.9,10.5,9.3,9.34,0.68,-1.14,82,88,27.8,11.46,9.0,0.7188,-0.6952,8.9,8.0,8.0,station
2025-05-17,10.2,8.5,9.4,9.5,9.2,11.4,10.0,8.9,8.7,8.6,9.36,0.61,-0.16,81,90,28.3,14.53,6.2,0.7067,-0.7075,10.7,11.0,11.0,station
2025-05-18,9.9,9.8,7.7,10.4,11.8,10.2,9.5,8.6,11.1,10.7,9.92,1.48,-0.1,83,64,8.9,14.81,2.6,0.6945,-0.7195,10.5,11.0,11.0,station
2025-05-19,14.5,15.3,16.5,14.9,15.1,14.4,14.2,15.8,15.1,15.2,15.26,0.75,0.32,75,47,12.2,20.09,0.0,0.682,-0.7314,14.6,16.0,16.0,station
2025-05-20,20.1,20.4,21.1,19.9,20.0,19.4,20.4,20.9,19.0,19.7,20.3,0.48,0.42,71,29,16.4,26.07,1.1,0.6693,-0.743,20.4,22.0,22.0,station
2025-05-21,21.6,21.9,22.7,22.6,22.8,21.2,22.0,21.9,21.9,22.1,22.32,0.54,0.5,62,18,16.8,25.37,0.0,0.6564,-0.7544,22.8,23.0,23.0,station
2025-05-22,20.4,17.9,20.9,19.3,17.9,18.6,16.2,15.0,16.4,19.2,19.28,1.39,2.2,69,93,15.4,17.17,4.2,0.6433,-0.7656,20.5,19.0,19.0,station
2025-05-23,15.9,14.2,16.0,15.4,13.8,15.7,14.6,15.4,16.1,14.9,15.06,1.0,-0.28,68,99,12.9,15.23,4.1,0.6301,-0.7765,15.2,14.0,14.0,station
2025-05-24,16.1,15.6,16.4,16.1,15.8,16.3,15.5,17.7,16.2,15.4,16.0,0.31,-0.22,57,84,10.2,15.11,0.0,0.6166,-0.7873,15.8,16.0,16.0,station
2025-05-25,17.8,19.0,18.7,18.6,18.3,18.0,19.0,19.7,18.7,18.5,18.48,0.45,-0.3,53,38,9.3,23.88,0.0,0.603,-0.7978,19.5,19.0,19.0,station
2025-05-26,20.6,20.0,19.5,18.8,20.8,20.7,21.6,18.9,17.0,20.7,19.94,0.82,0.16,64,32,14.9,20.51,7.5,0.5892,-0.808,20.5,20.0,20.0,station
2025-05-27,20.9,21.4,21.2,21.4,20.6,21.8,21.2,22.1,21.5,20.7,21.1,0.35,-0.36,53,23,14.1,27.93,0.0,0.5752,-0.818,22.0,22.0,22.0,station
2025-05-28,23.0,22.8,22.5,23.7,23.6,22.9,22.9,22.8,23.2,23.4,23.12,0.52,0.08,50,59,14.8,22.58,0.0,0.561,-0.8278,24.1,23.0,23.0,station
2025-05-29,17.5,16.1,18.7,18.0,17.7,16.5,15.9,16.2,17.5,17.0,17.6,0.95,0.98,80,76,24.8,9.93,8.8,0.5467,-0.8373,17.7,18.0,18.0,station
2025-05-30,18.8,19.1,19.5,19.0,19.0,20.6,19.2,19.2,17.9,19.5,19.08,0.26,-0.2,70,53,18.0,20.81,0.0,0.5322,-0.8466,19.8,21.0,21.0,station
2025-05-31,22.9,23.8,24.7,23.8,23.7,23.5,23.4,23.0,21.7,23.8,23.78,0.64,0.7,73,37,18.0,25.17,1.4,0.5176,-0.8556,23.3,23.0,23.0,station
2025-06-01,25.6,25.8,26.1,25.8,26.9,25.3,25.7,26.1,26.4,27.4,26.04,0.51,-0.14,65,70,12.2,25.83,1.7,0.5028,-0.8644,26.2,26.0,26.0,station
2025-06-02,24.2,24.0,25.4,23.3,25.7,24.0,23.4,24.2,23.5,25.0,24.52,1.0,0.5,65,86,15.8,21.75,0.3,0.4878,-0.8729,25.4,24.0,24.0,station
2025-06-03,22.8,20.5,24.7,22.9,22.0,23.0,21.2,23.7,24.0,21.4,22.58,1.53,-0.08,71,70,15.5,16.03,6.6,0.4728,-0.8812,22.8,23.0,23.0,station
2025-06-04,25.6,26.6,26.1,26.9,26.6,25.9,26.5,27.0,26.4,25.0,26.36,0.51,0.2,69,42,15.4,22.12,0.4,0.4575,-0.8892,26.2,27.0,27.0,station
2025-06-05,26.2,24.9,24.2,25.7,24.3,26.1,24.9,24.3,25.9,25.2,25.06,0.87,-0.22,70,60,19.9,24.73,2.6,0.4422,-0.8969,25.5,25.0,25.0,station
2025-06-06,28.3,25.5,26.1,25.4,25.0,27.3,25.9,26.1,26.5,22.0,26.06,1.31,0.5,64,75,21.0,22.19,1.2,0.4267,-0.9044,27.0,26.0,26.0,station
2025-06-07,25.8,21.2,20.1,23.3,22.1,25.7,19.8,22.1,21.6,21.4,22.5,2.19,0.38,75,72,16.1,14.09,7.5,0.4111,-0.9116,23.7,22.0,22.0,station
2025-06-08,22.3,20.2,21.9,20.7,21.5,19.5,18.9,21.4,19.7,21.7,21.32,0.86,1.08,78,80,16.2,17.5,2.8,0.3953,-0.9185,21.7,20.0,20.0,station
2025-06-09,16.9,16.4,16.5,17.3,16.0,17.0,15.8,16.3,17.4,16.9,16.62,0.5,-0.06,69,34,26.4,21.44,0.8,0.3795,-0.9252,17.0,17.0,17.0,station
2025-06-10,20.7,20.8,21.3,20.1,19.7,20.8,21.3,22.0,20.0,19.5,20.52,0.63,-0.2,65,66,14.8,22.38,1.7,0.3635,-0.9316,20.4,20.0,20.0,station
2025-06-11,18.7,17.9,17.7,17.8,19.4,18.6,17.4,16.4,17.9,16.7,18.3,0.73,0.9,76,60,21.7,21.26,2.5,0.3474,-0.9377,19.4,20.0,20.0,station
2025-06-12,18.2,19.3,20.2,19.0,18.7,19.9,19.7,20.8,19.4,18.5,19.08,0.75,-0.58,65,23,22.2,24.66,0.0,0.3312,-0.9436,18.4,19.0,19.0,station
2025-06-13,20.3,20.5,21.1,20.5,20.2,20.6,20.2,21.8,21.8,20.8,20.52,0.35,-0.52,72,71,15.8,15.98,0.1,0.3149,-0.9491,20.0,21.0,21.0,station
2025-06-14,22.9,22.8,22.6,22.3,20.7,22.2,22.9,23.1,22.2,20.5,22.26,0.9,0.08,57,12,9.5,29.31,0.0,0.2986,-0.9544,24.0,23.0,23.0,station
2025-06-15,27.2,26.3,26.8,26.8,24.8,26.7,26.2,26.3,24.9,23.3,26.38,0.94,0.9,48,23,9.0,29.13,0.0,0.2821,-0.9594,27.5,26.0,26.0,station
2025-06-16,28.0,26.7,27.4,28.0,28.0,29.8,28.5,25.2,26.4,25.6,27.62,0.58,0.52,57,50,21.7,23.35,2.4,0.2656,-0.9641,28.9,29.0,29.0,station
2025-06-17,22.0,22.3,23.6,22.5,23.5,25.0,23.2,23.8,23.7,24.3,22.78,0.73,-1.22,64,60,20.6,21.48,0.1,0.2489,-0.9685,22.2,22.0,22.0,station
2025-06-18,25.8,26.2,26.6,26.4,25.5,26.4,26.7,26.9,26.5,26.2,26.1,0.45,-0.44,58,71,25.7,25.39,0.4,0.2322,-0.9727,26.7,27.0,27.0,station
2025-06-19,21.8,20.4,22.2,20.6,20.5,21.6,21.2,21.8,21.9,21.4,21.1,0.84,-0.48,56,58,26.9,18.24,0.1,0.2155,-0.9765,22.0,21.0,21.0,station
2025-06-20,21.3,21.1,21.9,22.1,19.8,21.7,21.4,22.1,22.6,20.4,21.24,0.9,-0.4,51,9,24.4,26.52,0.5,0.1986,-0.9801,21.4,22.0,22.0,station
2025-06-21,23.9,24.1,23.7,24.3,22.0,24.2,23.9,24.0,23.9,22.1,23.6,0.92,-0.02,48,25,18.7,28.97,0.0,0.1818,-0.9833,24.0,24.0,24.0,station
2025-06-22,25.4,26.0,25.6,26.3,25.3,26.0,26.3,26.1,26.1,23.9,25.72,0.42,0.04,47,34,18.6,27.54,7.0,0.1648,-0.9863,26.2,27.0,27.0,station
2025-06-23,31.8,30.4,30.4,31.3,29.2,31.2,29.7,29.8,28.9,28.6,30.62,1.0,0.98,52,96,22.4,22.87,3.5,0.1478,-0.989,31.5,30.0,30.0,station
2025-06-24,20.7,20.9,22.3,20.7,20.8,21.6,21.2,22.5,21.3,20.5,21.08,0.69,-0.34,61,60,26.5,19.34,0.1,0.1308,-0.9914,19.9,21.0,21.0,station
2025-06-25,23.3,21.3,23.0,23.3,25.0,24.3,22.4,24.4,22.9,25.6,23.18,1.31,-0.74,68,67,29.2,16.04,3.5,0.1137,-0.9935,23.1,24.0,24.0,station
2025-06-26,24.2,24.7,25.4,25.7,24.4,23.8,24.2,25.1,25.5,24.3,24.88,0.65,0.3,66,21,14.7,27.85,0.0,0.0966,-0.9953,23.9,26.0,26.0,station
2025-06-27,25.4,22.6,24.9,24.8,21.6,22.7,22.2,25.1,25.0,21.9,23.86,1.66,0.48,78,82,24.2,19.65,7.9,0.0795,-0.9968,24.4,24.0,24.0,station
2025-06-28,21.3,22.1,24.1,21.8,23.2,22.2,23.1,24.7,21.5,22.6,22.5,1.13,-0.32,71,68,22.6,18.52,0.2,0.0623,-0.9981,21.7,23.0,23.0,station
2025-06-29,24.7,25.3,24.4,24.0,25.8,24.3,25.0,26.2,24.2,26.0,24.84,0.72,-0.3,70,51,24.8,19.83,2.4,0.0451,-0.999,25.3,26.0,26.0,station
2025-06-30,22.1,22.5,23.8,23.7,22.4,21.8,22.9,24.0,22.9,23.3,22.9,0.79,-0.08,57,44,22.7,20.76,0.0,0.028,-0.9996,22.2,23.0,23.0,station
2025-07-01,23.8,25.0,26.0,25.1,25.2,24.9,24.7,25.7,25.4,25.0,25.02,0.79,-0.12,54,13,14.7,27.13,0.0,0.0108,-0.9999,26.2,26.0,26.0,station
2025-07-02,30.5,30.8,30.7,30.8,31.6,29.7,30.3,30.8,30.8,30.0,30.88,0.42,0.56,44,0,11.2,28.88,0.0,-0.0065,-1.0,31.2,32.0,32.0,station
2025-07-03,35.8,35.1,35.5,36.2,36.0,35.9,35.4,35.1,35.6,35.3,35.72,0.43,0.26,43,24,22.9,27.71,0.0,-0.0237,-0.9997,35.8,36.0,36.0,station
2025-07-04,23.2,22.6,23.9,23.6,23.6,24.0,22.9,24.6,24.3,24.2,23.38,0.5,-0.62,51,43,17.5,24.69,0.0,-0.0408,-0.9992,23.4,23.0,23.0,station
2025-07-05,26.2,26.2,27.2,26.3,26.2,27.1,25.7,27.1,26.1,26.8,26.42,0.44,-0.14,45,33,12.6,28.61,0.0,-0.058,-0.9983,27.2,27.0,27.0,station
2025-07-06,31.4,30.5,30.8,31.1,30.2,31.1,30.9,31.2,31.0,29.7,30.8,0.47,0.02,37,77,15.3,24.29,0.0,-0.0752,-0.9972,31.4,32.0,32.0,station
2025-07-07,25.4,23.3,27.3,22.6,22.9,25.0,24.0,23.0,23.1,23.9,24.3,2.0,0.5,67,94,13.6,12.9,10.1,-0.0923,-0.9957,24.7,24.0,24.0,station
2025-07-08,25.4,23.9,27.2,25.2,25.6,26.5,23.9,27.7,25.3,24.8,25.46,1.18,-0.18,84,70,12.7,18.09,4.2,-0.1094,-0.994,25.0,25.0,25.0,station
2025-07-09,18.3,17.9,16.9,17.8,17.5,18.5,17.9,18.7,18.3,16.8,17.68,0.52,-0.36,95,100,18.6,3.52,44.3,-0.1265,-0.992,16.9,18.0,18.0,station
2025-07-10,19.7,18.7,21.5,20.4,18.1,20.7,19.0,18.5,20.0,19.1,19.68,1.35,0.22,78,96,22.4,12.84,1.5,-0.1436,-0.9896,19.9,20.0,20.0,station
2025-07-11,17.5,15.6,13.8,16.0,15.3,17.4,14.8,15.4,15.3,18.0,15.64,1.33,-0.54,76,87,21.7,7.55,1.5,-0.1606,-0.987,17.3,19.0,19.0,station
2025-07-12,18.8,18.5,20.5,20.2,20.3,21.1,18.9,19.5,18.5,18.5,19.66,0.93,0.36,82,87,19.0,8.87,1.9,-0.1775,-0.9841,18.7,20.0,20.0,station
2025-07-13,24.2,24.0,24.3,23.9,22.9,24.9,23.2,25.9,25.4,23.0,23.86,0.56,-0.62,76,65,12.1,19.98,0.4,-0.1944,-0.9809,23.6,23.0,23.0,station
2025-07-14,24.2,25.2,27.6,24.5,25.1,24.0,25.1,27.9,24.1,24.7,25.32,1.34,0.16,80,41,12.0,22.14,0.6,-0.2113,-0.9774,24.2,25.0,25.0,station
2025-07-15,23.7,25.0,26.6,25.9,22.4,24.1,25.9,26.6,26.4,24.9,24.72,1.69,-0.86,74,49,12.6,24.23,0.9,-0.2281,-0.9736,25.4,27.0,27.0,station
2025-07-16,21.1,20.8,23.2,22.4,20.6,22.4,20.9,24.3,23.3,20.5,21.62,1.13,-0.66,84,96,18.2,15.6,5.5,-0.2448,-0.9696,20.1,22.0,22.0,station
2025-07-17,21.9,22.0,21.6,23.6,22.4,22.5,21.6,23.4,22.9,21.6,22.3,0.78,-0.1,71,52,7.9,24.2,0.1,-0.2614,-0.9652,22.4,23.0,23.0,station
2025-07-18,23.4,23.8,23.6,23.9,22.2,23.6,23.3,24.6,24.6,23.5,23.38,0.69,-0.54,72,86,13.3,20.8,0.8,-0.278,-0.9606,23.8,25.0,25.0,station
2025-07-19,21.9,21.6,22.4,21.0,22.6,22.4,21.5,21.2,20.4,21.4,21.9,0.64,0.52,82,93,15.1,13.18,4.3,-0.2945,-0.9557,22.6,24.0,24.0,station
2025-07-20,24.3,25.3,25.5,26.8,24.7,25.3,25.3,27.2,26.3,24.4,25.32,0.95,-0.38,86,76,14.5,16.91,6.0,-0.3109,-0.9505,24.4,26.0,26.0,station
2025-07-21,27.0,28.0,29.6,29.7,27.1,27.6,28.0,30.6,28.9,27.4,28.28,1.31,-0.22,70,34,10.5,24.66,0.0,-0.3272,-0.945,29.2,29.0,29.0,station
2025-07-22,24.4,22.8,27.3,25.3,23.1,24.3,22.7,25.0,25.6,22.0,24.58,1.82,0.66,66,60,22.1,19.5,7.1,-0.3434,-0.9392,24.7,26.0,26.0,station
2025-07-23,24.5,24.0,25.3,23.4,24.1,24.4,23.8,25.3,22.1,24.4,24.26,0.7,0.26,68,35,17.3,21.19,0.6,-0.3595,-0.9332,24.4,24.0,24.0,station
2025-07-24,24.4,24.8,26.9,25.6,24.2,24.5,26.4,27.9,26.6,24.8,25.18,1.1,-0.86,68,25,20.9,21.68,0.6,-0.3755,-0.9268,24.5,25.0,25.0,station
2025-07-25,24.7,25.1,26.7,23.9,24.7,24.3,25.2,26.7,25.0,24.0,25.02,1.04,-0.02,71,71,10.9,20.72,0.9,-0.3914,-0.9202,25.2,25.0,25.0,station
2025-07-26,27.2,27.2,29.1,27.5,26.4,26.9,26.8,28.5,26.4,25.1,27.48,0.99,0.74,64,52,10.0,22.64,1.4,-0.4071,-0.9134,27.9,29.0,29.0,station
2025-07-27,26.3,24.1,24.2,25.6,23.4,27.6,25.2,28.8,26.1,23.4,24.72,1.19,-1.5,80,95,10.9,12.45,16.5,-0.4228,-0.9062,26.1,25.0,25.0,station
2025-07-28,23.5,22.1,24.3,22.7,21.3,23.3,21.9,19.1,19.5,20.4,22.78,1.17,1.94,89,94,23.1,14.59,14.4,-0.4383,-0.8988,24.3,25.0,25.0,station
2025-07-29,21.1,20.3,23.9,20.5,21.1,21.9,19.9,20.8,22.7,21.1,21.38,1.45,0.1,76,79,24.7,14.17,1.2,-0.4537,-0.8912,21.1,22.0,22.0,station
2025-07-30,22.0,22.8,24.0,22.8,22.3,22.3,22.5,24.2,22.9,20.8,22.78,0.76,0.24,71,45,14.3,23.65,0.0,-0.469,-0.8832,22.3,24.0,24.0,station
2025-07-31,21.5,21.8,21.0,22.1,21.3,21.3,22.2,22.6,21.7,20.3,21.54,0.43,-0.08,79,78,13.6,15.88,3.0,-0.4841,-0.875,20.8,21.0,21.0,station
2025-08-01,23.2,22.8,24.2,22.6,22.6,22.1,22.7,23.9,23.1,22.9,23.08,0.67,0.14,82,52,13.9,18.36,2.9,-0.4991,-0.8666,21.3,22.0,22.0,station
2025-08-02,25.2,24.9,26.1,25.3,21.9,24.8,25.0,26.2,25.2,22.1,24.68,1.62,0.02,77,34,8.9,22.57,0.4,-0.5139,-0.8578,24.9,25.0,25.0,station
2025-08-03,26.0,25.2,29.2,29.2,28.0,26.6,24.4,28.0,27.8,24.8,27.52,1.84,1.2,79,55,12.4,19.72,10.8,-0.5286,-0.8489,26.2,27.0,27.0,station
2025-08-04,22.5,22.6,23.6,22.4,22.9,22.6,22.0,23.2,23.9,22.2,22.8,0.48,0.02,76,35,14.1,22.83,0.6,-0.5431,-0.8397,22.2,24.0,24.0,station
2025-08-05,25.5,25.5,27.3,26.1,24.8,25.6,25.6,24.2,25.1,24.7,25.84,0.94,0.8,69,42,16.4,23.8,7.6,-0.5575,-0.8302,25.6,26.0,26.0,station
2025-08-06,20.1,20.4,21.8,21.0,20.5,20.1,20.7,22.4,21.0,19.5,20.76,0.67,0.02,75,52,17.8,21.65,3.4,-0.5717,-0.8205,19.6,21.0,21.0,station
2025-08-07,21.9,23.5,23.5,23.8,23.8,22.6,24.0,25.0,23.7,23.3,23.3,0.8,-0.42,65,42,9.5,19.86,0.0,-0.5857,-0.8105,22.2,23.0,23.0,station
2025-08-08,24.0,25.0,26.0,24.3,26.0,25.0,25.9,26.0,26.9,27.1,25.06,0.93,-1.12,67,100,12.1,14.69,0.0,-0.5996,-0.8003,25.6,26.0,26.0,station
2025-08-09,27.4,28.0,29.6,28.1,28.3,26.6,27.7,28.1,27.1,28.9,28.28,0.81,0.6,58,24,10.1,23.78,0.0,-0.6132,-0.7899,28.6,29.0,29.0,station
2025-08-10,26.5,27.0,28.4,29.4,28.0,26.5,27.6,28.8,28.6,27.9,27.86,1.15,-0.02,63,38,24.4,20.15,0.8,-0.6267,-0.7792,27.1,29.0,29.0,station
2025-08-11,22.7,22.9,24.3,23.4,23.2,22.5,23.1,24.4,24.0,24.4,23.3,0.62,-0.38,59,25,13.4,22.66,0.0,-0.64,-0.7683,23.5,24.0,24.0,station
2025-08-12,25.3,26.0,26.7,26.1,25.4,25.3,26.2,26.5,26.2,25.1,25.9,0.57,0.04,52,22,8.2,23.66,0.0,-0.6532,-0.7572,26.7,27.0,27.0,station
2025-08-13,30.2,29.8,31.0,29.7,30.0,29.6,29.5,30.5,29.2,27.9,30.14,0.52,0.8,43,27,11.4,23.09,0.0,-0.6661,-0.7459,30.6,31.0,31.0,station
2025-08-14,32.4,32.1,32.2,32.1,32.4,31.5,32.0,32.1,31.7,32.1,32.24,0.15,0.36,44,9,11.1,23.14,0.0,-0.6788,-0.7343,32.0,32.0,32.0,station
2025-08-15,32.0,31.8,32.4,31.6,32.2,32.3,32.1,33.2,32.6,32.8,32.0,0.32,-0.6,46,4,13.2,22.97,0.0,-0.6914,-0.7225,32.0,32.0,32.0,station
2025-08-16,28.5,28.1,29.7,28.9,30.2,28.3,28.1,29.9,28.5,29.7,29.08,0.86,0.18,56,12,16.7,22.31,0.0,-0.7037,-0.7105,28.7,30.0,30.0,station
2025-08-17,23.6,22.6,25.3,23.9,23.8,23.2,22.3,24.3,23.8,24.7,23.84,0.97,0.18,60,41,18.5,17.53,0.0,-0.7158,-0.6983,23.4,24.0,24.0,station
2025-08-18,21.1,19.9,21.6,21.9,22.0,19.8,20.3,23.6,23.7,22.2,21.3,0.86,-0.62,71,76,13.1,11.79,1.0,-0.7277,-0.6859,20.4,21.0,21.0,station
2025-08-19,22.4,23.1,25.9,23.9,22.4,23.0,23.7,26.4,24.1,24.3,23.54,1.46,-0.76,66,42,10.2,16.66,0.0,-0.7394,-0.6733,24.0,24.0,24.0,station
2025-08-20,25.1,25.4,27.9,25.7,26.0,25.9,25.6,28.1,25.5,24.6,26.02,1.1,0.08,56,24,17.2,19.37,0.2,-0.7509,-0.6605,25.8,25.0,25.0,station
2025-08-21,23.1,21.8,23.6,22.7,23.0,23.0,21.8,23.1,23.1,22.9,22.84,0.67,0.06,55,44,11.7,21.91,0.0,-0.7621,-0.6474,22.8,22.0,22.0,station
2025-08-22,21.6,20.8,23.2,22.1,22.5,21.7,21.4,23.6,22.3,22.5,22.04,0.91,-0.26,57,72,18.6,18.31,0.0,-0.7731,-0.6342,21.3,22.0,22.0,station
2025-08-23,19.0,17.5,18.7,18.9,18.0,19.0,17.3,18.5,19.0,19.3,18.42,0.65,-0.2,58,31,21.1,18.59,0.3,-0.7839,-0.6208,18.7,18.0,18.0,station
2025-08-24,17.6,18.1,19.9,17.5,17.9,18.6,18.1,20.8,19.6,17.9,18.2,0.98,-0.8,63,65,22.1,16.39,0.8,-0.7945,-0.6073,18.1,20.0,20.0,station
2025-08-25,17.5,18.3,20.6,17.8,18.4,17.9,18.7,19.1,17.8,18.5,18.52,1.22,0.12,70,75,22.9,13.92,4.7,-0.8048,-0.5935,17.6,19.0,19.0,station
2025-08-26,18.0,19.1,20.4,19.5,18.3,18.6,19.3,21.9,20.2,19.5,19.06,0.96,-0.84,73,45,17.1,16.97,0.5,-0.8149,-0.5796,19.0,20.0,20.0,station
2025-08-27,23.1,23.7,25.4,22.8,22.5,21.9,23.1,25.9,21.0,21.2,23.5,1.15,0.88,67,62,12.9,16.83,0.0,-0.8248,-0.5655,23.3,25.0,25.0,station
2025-08-28,31.5,31.4,33.5,31.9,32.0,30.9,31.4,33.8,31.5,30.4,32.06,0.84,0.46,55,73,19.5,19.3,0.0,-0.8344,-0.5512,31.4,32.0,32.0,station
2025-08-29,33.1,30.9,33.1,31.9,31.8,33.9,29.9,27.3,27.0,32.2,32.16,0.94,2.1,38,75,24.5,16.65,0.0,-0.8437,-0.5368,33.1,31.0,31.0,station
2025-08-30,29.3,27.0,28.5,26.8,28.0,31.2,24.7,26.6,27.2,28.2,27.92,1.04,0.34,67,62,18.2,15.83,0.6,-0.8528,-0.5222,28.8,29.0,29.0,station
2025-08-31,24.4,22.2,25.6,23.4,22.6,24.3,22.5,26.4,25.0,22.2,23.64,1.38,-0.44,79,86,13.2,13.52,0.9,-0.8617,-0.5074,24.1,24.0,24.0,station
2025-09-01,25.9,23.5,28.2,25.2,24.2,25.4,23.7,28.8,24.6,27.8,25.4,1.82,-0.66,78,53,9.1,14.06,0.0,-0.8703,-0.4925,24.8,22.0,22.0,station
2025-09-02,28.0,28.6,32.5,28.6,26.3,29.8,27.9,31.2,29.1,27.8,28.8,2.27,-0.36,71,31,13.3,18.1,0.0,-0.8786,-0.4775,27.9,29.0,29.0,station
2025-09-03,23.0,21.0,23.3,23.5,22.9,25.4,21.6,25.0,24.1,21.6,22.74,1.0,-0.8,83,67,12.1,7.85,1.2,-0.8867,-0.4623,21.3,21.0,21.0,station
2025-09-04,27.3,26.3,29.4,25.4,25.4,26.7,26.6,29.0,27.0,26.4,26.76,1.67,-0.38,75,4,6.1,18.86,0.0,-0.8945,-0.447,26.1,28.0,28.0,station
2025-09-05,28.5,29.5,32.0,29.5,28.4,28.0,29.3,32.0,27.6,26.4,29.58,1.45,0.92,80,24,11.3,16.65,2.9,-0.9021,-0.4315,28.5,30.0,30.0,station
2025-09-06,22.1,21.1,26.4,20.9,20.2,23.5,20.8,23.0,23.0,24.4,22.14,2.48,-0.8,91,87,14.9,7.9,17.1,-0.9094,-0.4159,21.7,22.0,22.0,station
2025-09-07,21.0,19.2,24.4,21.9,22.0,21.3,19.4,24.7,22.8,19.6,21.7,1.88,0.14,85,90,11.5,9.55,0.3,-0.9164,-0.4002,19.9,19.0,19.0,station
2025-09-08,23.7,24.0,26.8,22.6,23.6,24.5,24.1,26.2,24.2,24.4,24.14,1.58,-0.54,73,36,15.7,17.85,13.1,-0.9232,-0.3844,23.7,25.0,25.0,station
2025-09-09,23.2,23.7,25.5,23.0,24.4,23.0,24.1,25.7,23.6,24.4,23.96,1.02,-0.2,73,26,16.4,15.51,0.7,-0.9296,-0.3685,22.6,25.0,25.0,station
2025-09-10,23.5,23.6,26.3,24.0,23.8,24.2,23.2,26.9,23.6,24.4,24.24,1.17,-0.22,73,37,17.2,16.28,0.0,-0.9358,-0.3524,23.9,25.0,25.0,station
2025-09-11,20.8,19.2,22.3,21.1,21.4,19.2,19.1,20.8,19.9,20.7,20.96,1.13,1.02,82,100,25.7,5.39,12.3,-0.9418,-0.3363,20.5,21.0,21.0,station
2025-09-12,22.8,23.1,24.1,22.2,21.8,22.7,23.1,24.6,23.2,21.7,22.8,0.89,-0.26,74,12,10.3,16.92,0.0,-0.9474,-0.32,22.3,23.0,23.0,station
2025-09-13,22.4,21.5,24.4,20.3,22.1,22.0,21.2,24.6,19.3,24.2,22.14,1.5,-0.12,76,85,14.0,14.95,0.0,-0.9528,-0.3037,23.4,22.0,22.0,station
2025-09-14,20.5,18.8,22.4,20.8,21.0,23.9,20.7,23.8,20.0,22.6,20.7,1.29,-1.5,91,99,14.4,5.06,14.0,-0.9579,-0.2873,20.4,17.0,17.0,station
2025-09-15,20.5,20.2,21.4,19.5,19.2,20.0,19.9,21.8,18.6,17.9,20.16,0.87,0.52,79,67,15.1,13.79,0.1,-0.9627,-0.2707,20.2,22.0,22.0,station
2025-09-16,19.3,19.9,19.9,19.0,18.8,19.8,19.8,21.9,18.9,18.4,19.38,0.51,-0.38,72,83,20.3,13.49,0.0,-0.9672,-0.2541,19.5,20.0,20.0,station
2025-09-17,16.2,15.9,18.0,17.0,15.4,17.0,16.4,17.4,17.5,16.0,16.5,1.02,-0.36,74,59,17.6,12.74,0.5,-0.9714,-0.2375,16.5,17.0,17.0,station
2025-09-18,17.5,18.6,19.6,17.5,18.7,18.2,18.3,20.1,17.0,18.3,18.38,0.89,0.0,78,62,15.1,11.9,0.3,-0.9753,-0.2207,18.9,19.0,19.0,station
2025-09-19,21.7,21.4,22.3,21.8,21.3,21.7,21.7,23.6,21.9,21.2,21.7,0.39,-0.32,84,67,22.5,10.21,2.4,-0.979,-0.2039,21.4,22.0,22.0,station
2025-09-20,26.0,27.2,29.8,26.5,26.2,26.4,27.6,29.1,27.4,25.9,27.14,1.55,-0.14,78,12,14.8,15.65,0.0,-0.9824,-0.187,26.8,29.0,29.0,station
2025-09-21,26.7,28.9,30.0,29.6,29.3,26.3,28.5,30.0,27.6,26.3,28.9,1.29,1.16,64,9,15.8,15.56,0.0,-0.9854,-0.1701,28.5,31.0,31.0,station
2025-09-22,20.6,19.2,23.8,22.4,24.4,20.6,19.9,22.8,21.8,25.7,22.08,2.18,-0.08,71,37,15.2,13.62,0.0,-0.9882,-0.1531,22.3,23.0,23.0,station
2025-09-23,16.0,15.4,15.5,16.1,15.8,14.5,14.4,17.0,14.1,16.1,15.76,0.3,0.54,74,96,12.6,8.75,1.7,-0.9907,-0.1361,15.5,17.0,17.0,station
2025-09-24,15.5,15.7,16.1,15.9,15.1,16.0,15.5,15.7,16.5,15.2,15.66,0.38,-0.12,68,29,14.3,15.4,0.0,-0.9929,-0.1191,15.1,16.0,16.0,station
2025-09-25,15.0,15.2,15.9,15.4,15.0,15.3,15.1,15.9,15.2,14.7,15.3,0.37,0.06,65,0,15.7,15.26,0.0,-0.9948,-0.102,15.0,16.0,16.0,station
2025-09-26,15.2,16.2,17.4,16.1,15.3,15.0,15.8,17.2,15.6,15.0,16.04,0.88,0.32,64,0,17.2,15.06,0.0,-0.9964,-0.0848,15.7,17.0,17.0,station
2025-09-27,16.4,17.3,17.8,17.2,17.0,15.6,17.4,18.0,17.0,16.2,17.14,0.51,0.3,64,51,11.7,13.94,0.0,-0.9977,-0.0677,17.1,18.0,18.0,station
2025-09-28,14.9,15.0,16.1,15.8,16.4,14.7,14.4,16.1,15.9,15.8,15.64,0.67,0.26,75,73,11.3,8.91,0.0,-0.9987,-0.0505,15.1,15.0,15.0,station
2025-09-29,11.3,9.7,10.0,12.3,11.3,11.6,10.5,10.1,12.4,11.9,10.92,1.06,-0.38,82,85,16.7,6.53,0.1,-0.9994,-0.0333,10.6,12.0,12.0,station
2025-09-30,12.2,10.0,11.4,12.0,12.8,12.7,10.2,11.7,11.2,12.8,11.68,1.06,-0.04,83,98,14.9,6.6,3.3,-0.9999,-0.0161,12.7,11.0,11.0,station
2025-10-01,12.6,12.3,13.2,12.6,11.5,13.1,11.5,12.9,12.9,11.3,12.44,0.62,0.1,78,92,14.7,9.51,0.7,-1.0,0.0011,12.3,13.0,13.0,station
2025-10-02,11.1,11.6,12.4,11.6,11.8,11.1,11.4,11.8,11.0,10.8,11.7,0.47,0.48,74,24,9.4,13.63,0.0,-0.9998,0.0183,11.2,13.0,13.0,station
2025-10-03,10.2,11.2,11.6,11.5,12.0,10.8,12.0,12.5,11.3,11.3,11.3,0.68,-0.28,82,39,8.9,8.17,0.0,-0.9994,0.0355,10.5,11.0,11.0,station
2025-10-04,12.1,12.0,14.1,12.7,12.5,12.8,11.7,12.6,12.4,12.3,12.68,0.84,0.32,80,64,22.9,10.56,1.5,-0.9986,0.0527,12.6,13.0,13.0,station
2025-10-05,13.2,13.1,13.5,14.4,12.7,13.2,13.4,12.3,14.6,12.4,13.38,0.64,0.2,82,58,22.7,8.99,6.4,-0.9976,0.0698,13.3,13.0,13.0,station
2025-10-06,12.1,11.5,13.3,12.3,12.8,12.6,11.7,11.7,12.4,13.3,12.4,0.69,0.06,88,67,15.4,7.26,1.8,-0.9962,0.087,12.7,12.0,12.0,station
2025-10-07,14.2,13.7,13.6,14.2,13.9,13.5,12.9,14.3,13.1,13.1,13.92,0.28,0.54,88,63,10.0,7.68,1.1,-0.9946,0.1041,13.9,15.0,15.0,station
2025-10-08,14.6,13.7,16.1,14.7,15.2,15.3,13.8,15.9,14.2,14.9,14.86,0.88,0.04,87,75,5.9,9.89,0.0,-0.9926,0.1212,14.6,15.0,15.0,station
2025-10-09,12.9,11.7,14.7,13.0,13.5,13.5,13.3,13.1,12.4,13.1,13.16,1.09,0.08,90,82,10.9,4.01,0.1,-0.9904,0.1383,13.7,14.0,14.0,station
2025-10-10,14.3,13.7,14.9,14.3,12.7,13.8,13.6,15.0,14.5,11.8,13.98,0.83,0.24,83,69,22.4,8.55,3.1,-0.9879,0.1553,14.2,15.0,15.0,station
2025-10-11,14.5,13.8,13.2,14.2,13.5,14.1,13.9,13.1,13.8,13.7,13.84,0.52,0.12,89,98,22.7,3.69,2.2,-0.9851,0.1722,13.8,14.0,14.0,station
2025-10-12,13.0,12.2,12.0,12.8,12.1,12.3,12.3,12.9,13.1,11.9,12.42,0.45,-0.08,87,91,24.8,3.32,3.8,-0.9819,0.1892,12.6,12.0,12.0,station
2025-10-13,11.6,11.4,12.2,11.7,10.4,12.2,11.9,12.1,11.7,10.8,11.46,0.66,-0.28,78,48,19.6,9.49,0.1,-0.9785,0.206,11.2,13.0,13.0,station
2025-10-14,10.9,10.5,11.0,11.3,11.1,10.7,10.1,11.7,10.6,11.1,10.96,0.3,0.12,81,47,11.0,7.68,0.4,-0.9749,0.2228,10.8,12.0,12.0,station
2025-10-15,10.8,10.0,12.0,10.3,11.0,10.7,10.2,12.2,9.8,10.4,10.82,0.77,0.16,86,52,12.0,8.23,0.0,-0.9709,0.2396,10.6,11.0,11.0,station
2025-10-16,12.7,11.3,11.9,13.0,12.1,10.7,11.7,14.2,13.2,11.7,12.2,0.67,-0.1,90,96,16.1,3.31,0.8,-0.9666,0.2562,11.7,12.0,12.0,station
2025-10-17,11.9,11.7,11.7,12.7,11.8,12.2,11.8,12.3,12.9,11.7,11.96,0.42,-0.22,90,81,16.2,5.0,0.8,-0.9621,0.2728,12.2,13.0,13.0,station
2025-10-18,8.0,8.5,9.7,9.1,7.7,7.8,8.6,9.7,8.9,8.3,8.6,0.81,-0.06,84,81,25.2,1.87,4.9,-0.9572,0.2893,8.8,10.0,10.0,station
2025-10-19,9.5,8.6,9.9,9.0,8.0,9.6,8.5,9.1,9.5,8.1,9.0,0.74,0.04,86,62,13.1,4.97,0.0,-0.9521,0.3057,9.4,10.0,10.0,station
2025-10-20,8.7,9.5,9.7,9.3,8.2,8.7,9.2,9.8,9.2,8.3,9.08,0.62,0.04,79,10,15.5,9.96,0.0,-0.9467,0.3221,8.5,10.0,10.0,station
2025-10-21,11.0,12.1,12.3,11.3,11.2,11.5,12.5,12.6,11.3,10.7,11.58,0.58,-0.14,76,33,15.7,9.3,0.0,-0.941,0.3383,11.2,12.0,12.0,station
2025-10-22,13.6,14.2,14.5,14.7,14.5,15.0,15.1,15.9,14.7,14.7,14.3,0.43,-0.78,85,84,13.3,6.4,3.7,-0.9351,0.3545,14.9,17.0,17.0,station
2025-10-23,16.5,16.8,17.9,15.4,17.1,16.7,16.7,15.3,17.4,16.2,16.74,0.91,0.28,85,83,16.6,7.64,3.6,-0.9288,0.3705,17.4,19.0,19.0,station
2025-10-24,13.4,13.5,14.9,13.2,15.4,13.4,13.9,14.4,13.6,15.2,14.08,1.0,-0.02,92,100,20.4,0.84,20.2,-0.9223,0.3864,13.6,14.0,14.0,station
2025-10-25,10.5,10.8,10.3,11.2,8.4,11.0,10.7,9.8,11.4,8.5,10.24,1.08,-0.04,76,40,18.9,7.59,0.0,-0.9155,0.4022,10.9,12.0,12.0,station
2025-10-26,11.0,11.5,12.4,11.7,11.2,10.6,10.8,12.1,11.3,9.5,11.56,0.54,0.7,82,84,23.8,5.55,3.8,-0.9085,0.4179,11.8,12.0,12.0,station
2025-10-27,8.7,8.5,8.5,8.9,7.0,8.7,8.1,8.6,9.5,6.4,8.32,0.76,0.06,76,98,29.6,4.93,5.0,-0.9012,0.4335,9.0,9.0,9.0,station
2025-10-28,8.5,8.5,8.9,9.3,8.0,9.0,9.1,8.6,9.1,8.4,8.64,0.49,-0.2,88,96,27.1,3.18,5.8,-0.8936,0.4489,8.8,9.0,9.0,station
2025-10-29,11.5,12.0,12.2,11.8,9.9,11.9,12.2,12.1,12.2,9.4,11.48,0.92,-0.08,80,78,25.0,6.51,3.2,-0.8857,0.4642,12.1,13.0,13.0,station
2025-10-30,14.6,13.6,14.5,14.7,15.2,14.6,13.9,14.3,14.5,15.6,14.52,0.58,-0.06,79,90,27.9,5.28,0.3,-0.8776,0.4794,15.0,14.0,14.0,station
2025-10-31,11.3,10.8,11.0,10.1,11.0,11.1,10.9,11.5,10.4,9.2,10.84,0.45,0.22,76,52,27.4,7.15,0.0,-0.8692,0.4944,11.1,11.0,11.0,station
2025-11-01,12.2,12.8,13.2,12.6,11.7,12.6,12.6,13.0,12.2,10.7,12.5,0.57,0.28,84,73,15.3,6.93,0.0,-0.8606,0.5093,12.3,14.0,14.0,station
2025-11-02,14.6,14.6,15.6,14.8,16.8,15.3,14.5,15.7,15.2,15.7,15.28,0.94,0.0,87,100,12.2,4.28,0.6,-0.8517,0.524,15.5,17.0,17.0,station
2025-11-03,10.4,11.0,12.1,11.2,10.8,11.2,10.7,12.2,11.0,11.5,11.1,0.63,-0.22,98,100,15.9,1.24,12.9,-0.8426,0.5386,10.9,12.0,12.0,station
2025-11-04,10.9,11.2,9.5,11.0,9.6,11.0,11.0,11.3,11.6,10.1,10.44,0.82,-0.56,88,26,12.3,6.74,0.0,-0.8332,0.553,11.7,13.0,13.0,station
2025-11-05,11.8,12.9,11.7,12.4,11.4,11.6,12.7,12.2,12.3,10.5,12.04,0.6,0.18,83,55,14.6,5.84,0.0,-0.8235,0.5672,11.9,13.0,13.0,station
2025-11-06,11.7,12.8,13.1,12.3,11.5,12.0,10.9,13.1,11.8,11.7,12.28,0.69,0.38,87,10,12.2,6.76,0.0,-0.8137,0.5813,12.3,14.0,14.0,station
2025-11-07,10.4,10.9,12.5,11.3,11.0,10.5,10.5,12.7,10.9,10.9,11.22,0.79,0.12,89,0,12.3,6.64,0.0,-0.8035,0.5952,10.6,12.0,12.0,station
2025-11-08,9.9,6.0,12.8,8.2,10.6,10.5,5.9,13.2,8.9,11.2,9.5,2.56,-0.44,97,73,12.1,2.53,0.0,-0.7932,0.609,6.6,7.0,7.0,station
2025-11-09,8.5,6.8,10.7,8.5,9.1,8.4,7.5,10.8,9.1,9.0,8.72,1.4,-0.24,93,100,7.5,1.69,0.2,-0.7826,0.6225,7.9,8.0,8.0,station
2025-11-10,7.8,7.6,10.0,9.0,7.3,7.1,7.5,9.4,8.5,6.5,8.34,1.13,0.54,95,86,8.2,1.98,0.8,-0.7718,0.6359,8.3,9.0,9.0,station
2025-11-11,7.3,7.2,9.0,7.7,7.3,7.2,7.7,9.8,7.6,7.4,7.7,0.75,-0.24,97,100,7.1,1.04,3.0,-0.7607,0.6491,7.1,7.0,7.0,station
2025-11-12,8.0,8.5,10.2,8.7,7.3,8.8,8.4,10.0,9.2,7.8,8.54,1.07,-0.3,95,92,13.3,2.72,0.0,-0.7494,0.6621,8.7,9.0,9.0,station
2025-11-13,11.3,10.9,12.1,11.9,10.6,11.5,11.6,12.7,11.8,11.1,11.36,0.64,-0.38,84,95,15.2,5.79,0.0,-0.7379,0.6749,11.7,12.0,12.0,station
2025-11-14,10.6,11.8,12.4,11.5,12.2,11.4,11.8,13.0,12.0,12.3,11.7,0.71,-0.4,77,94,15.5,3.16,0.0,-0.7262,0.6875,10.8,11.0,11.0,station
2025-11-15,8.5,8.2,9.8,8.1,9.3,8.7,7.5,8.6,7.3,9.9,8.78,0.74,0.38,81,99,15.4,2.44,0.9,-0.7143,0.6998,8.6,8.0,8.0,station
2025-11-16,7.3,7.8,9.0,7.9,8.3,8.6,7.5,8.6,9.9,9.2,8.06,0.63,-0.7,90,98,13.1,2.39,5.3,-0.7021,0.712,7.9,8.0,8.0,station
2025-11-17,8.3,7.8,8.9,8.2,8.1,8.2,7.6,8.6,8.7,8.8,8.26,0.4,-0.12,90,100,16.7,1.41,1.9,-0.6898,0.724,7.7,8.0,8.0,station
2025-11-18,3.9,3.6,4.7,4.0,3.5,4.0,3.5,4.5,3.5,3.1,3.94,0.47,0.22,85,82,20.6,2.99,0.3,-0.6772,0.7358,3.8,4.0,4.0,station
2025-11-19,4.3,4.8,5.5,4.6,3.0,4.5,4.8,5.6,4.7,2.3,4.44,0.92,0.06,81,59,12.5,4.82,0.0,-0.6645,0.7473,4.5,5.0,5.0,station
2025-11-20,3.5,3.5,4.7,3.9,2.9,4.2,3.3,4.6,4.1,3.1,3.7,0.66,-0.16,85,77,13.6,4.11,0.1,-0.6515,0.7586,2.9,5.0,5.0,station
2025-11-21,2.6,2.0,2.9,1.3,0.8,2.3,2.0,3.1,1.4,1.0,1.92,0.88,-0.04,87,97,13.3,2.47,0.0,-0.6384,0.7697,1.2,1.0,1.0,station
2025-11-22,2.0,1.4,2.4,1.1,1.8,0.9,1.6,2.3,0.7,1.8,1.74,0.51,0.28,87,72,10.1,3.57,0.0,-0.625,0.7806,2.0,3.0,3.0,station
2025-11-23,-1.4,-1.8,-0.2,-1.4,-2.8,-0.9,-1.7,-0.1,-1.2,-3.1,-1.52,0.93,-0.12,92,100,11.5,1.23,3.8,-0.6115,0.7912,-1.2,-1.0,-1.0,station
2025-11-24,0.4,0.7,0.0,0.1,-0.6,-0.4,-0.1,0.7,0.0,-1.6,0.12,0.49,0.4,89,98,14.1,2.29,1.8,-0.5978,0.8016,0.5,1.0,1.0,station
2025-11-25,1.4,1.6,1.1,0.6,1.7,1.2,1.7,0.6,0.9,1.4,1.28,0.44,0.12,97,100,13.9,1.77,3.4,-0.584,0.8118,0.8,2.0,2.0,station
2025-11-26,1.5,2.0,1.6,2.3,3.6,1.4,1.5,4.3,2.1,3.0,2.2,0.85,-0.26,98,100,14.3,1.0,14.9,-0.5699,0.8217,1.5,3.0,3.0,station
2025-11-27,1.2,2.3,2.0,1.8,2.0,1.3,2.5,2.4,1.7,2.0,1.86,0.41,-0.12,95,87,16.0,1.2,0.2,-0.5557,0.8314,1.7,2.0,2.0,station
2025-11-28,0.4,0.7,1.5,1.3,-0.6,-0.0,1.7,2.1,0.2,0.4,0.66,0.83,-0.22,95,97,11.8,2.76,0.0,-0.5413,0.8408,0.4,3.0,3.0,station
2025-11-29,1.3,0.4,1.5,1.6,1.3,0.7,0.8,2.0,0.8,1.4,1.22,0.48,0.08,92,97,9.9,1.75,0.0,-0.5268,0.85,1.6,1.0,1.0,station
2025-11-30,3.3,2.3,4.0,3.4,3.3,1.8,2.6,2.1,2.6,1.2,3.26,0.61,1.2,96,98,6.2,1.04,0.0,-0.5121,0.859,2.6,4.0,4.0,station
2025-12-01,4.3,2.3,4.5,3.5,3.3,2.8,2.6,3.2,2.6,2.0,3.58,0.88,0.94,98,100,8.9,1.02,0.2,-0.4972,0.8676,2.9,4.0,4.0,station
2025-12-02,4.5,3.4,6.2,4.5,4.4,4.5,3.2,5.9,4.4,3.9,4.6,1.01,0.22,95,100,13.2,1.55,0.0,-0.4822,0.8761,4.9,5.0,5.0,station
2025-12-03,5.7,4.4,4.6,5.6,4.6,5.6,4.5,5.9,5.5,4.0,4.98,0.62,-0.12,89,92,13.9,2.01,0.0,-0.4671,0.8842,5.7,6.0,6.0,station
2025-12-04,4.8,4.2,4.9,5.2,5.1,3.7,4.7,4.9,5.4,4.3,4.84,0.39,0.24,94,92,11.2,1.3,0.7,-0.4518,0.8921,5.3,5.0,5.0,station
2025-12-05,7.7,8.1,7.2,7.6,7.3,8.1,7.8,7.1,7.0,7.4,7.58,0.36,0.1,97,98,17.3,1.29,0.0,-0.4364,0.8998,8.1,9.0,9.0,station
2025-12-06,5.5,7.0,6.4,6.6,6.5,5.9,6.7,6.0,6.7,6.6,6.4,0.55,0.02,93,99,16.5,1.25,0.3,-0.4208,0.9071,6.5,7.0,7.0,station
2025-12-07,6.4,4.6,7.1,5.5,5.5,5.6,5.4,7.3,5.4,5.9,5.82,0.96,-0.1,91,100,13.0,2.25,0.0,-0.4052,0.9142,5.4,4.0,4.0,station
2025-12-08,8.5,7.3,9.0,7.2,7.8,7.3,7.1,8.8,7.3,7.6,7.96,0.78,0.34,94,99,14.7,1.7,0.0,-0.3894,0.9211,8.8,9.0,9.0,station
2025-12-09,10.0,10.2,10.7,9.6,10.4,9.5,10.9,9.8,9.8,9.9,10.18,0.41,0.2,96,100,15.5,1.54,6.0,-0.3735,0.9276,10.5,11.0,11.0,station
2025-12-10,10.0,10.4,10.8,10.2,10.0,10.6,10.7,10.9,10.8,9.6,10.28,0.33,-0.24,95,83,13.1,1.98,0.3,-0.3575,0.9339,10.7,11.0,11.0,station
2025-12-11,9.7,9.7,9.5,10.0,9.9,9.5,9.7,9.8,9.5,9.7,9.76,0.19,0.12,92,84,17.3,2.83,2.2,-0.3413,0.9399,10.5,10.0,10.0,station
2025-12-12,7.5,7.9,7.4,7.6,7.1,6.9,7.8,7.3,7.0,6.7,7.5,0.29,0.36,88,99,16.0,1.07,0.5,-0.3251,0.9457,7.8,8.0,8.0,station
2025-12-13,6.3,6.2,7.0,6.0,5.6,6.0,6.2,7.1,6.0,5.2,6.22,0.51,0.12,89,96,14.6,1.76,0.2,-0.3088,0.9511,6.4,6.0,6.0,station
2025-12-14,5.9,5.7,6.4,6.0,5.6,5.9,5.7,6.2,6.3,5.9,5.92,0.31,-0.08,90,97,17.5,1.87,0.4,-0.2924,0.9563,5.9,6.0,6.0,station
2025-12-15,3.5,3.6,6.0,4.7,4.2,3.9,4.1,6.4,4.9,3.8,4.4,1.02,-0.22,92,93,13.6,1.49,0.0,-0.2759,0.9612,3.8,4.0,4.0,station
2025-12-16,2.2,0.8,4.7,1.5,1.5,2.6,1.1,5.1,2.9,1.7,2.14,1.51,-0.54,93,59,10.8,2.62,0.0,-0.2593,0.9658,2.0,2.0,2.0,station
2025-12-17,4.8,3.4,6.9,6.5,4.0,7.3,2.7,6.9,6.1,4.7,5.12,1.53,-0.42,88,82,14.6,2.83,0.0,-0.2427,0.9701,6.8,4.0,4.0,station
2025-12-18,3.1,1.7,4.7,3.8,2.8,3.1,1.8,4.8,5.1,2.5,3.22,1.12,-0.24,96,87,12.1,1.23,0.0,-0.226,0.9741,3.9,4.0,4.0,station
2025-12-19,4.3,3.4,6.3,6.1,4.0,3.6,3.2,7.1,6.6,3.1,4.82,1.3,0.1,96,56,11.9,3.12,0.0,-0.2092,0.9779,4.0,3.0,3.0,station
2025-12-20,3.3,3.5,5.1,5.1,3.2,3.5,3.4,4.9,5.2,3.0,4.04,0.97,0.04,97,82,10.4,1.49,0.6,-0.1923,0.9813,4.6,5.0,5.0,station
2025-12-21,3.3,2.7,5.2,4.2,2.2,3.2,3.2,6.0,4.9,2.0,3.52,1.2,-0.34,98,100,7.2,0.94,0.0,-0.1754,0.9845,3.8,4.0,4.0,station
2025-12-22,2.1,1.6,2.8,2.4,1.1,1.3,1.2,3.0,2.0,0.2,2.0,0.67,0.46,88,100,9.2,1.58,0.0,-0.1585,0.9874,3.1,3.0,3.0,station
2025-12-23,2.3,2.3,2.5,2.3,1.5,1.7,2.3,2.3,2.4,0.7,2.18,0.39,0.3,84,94,14.5,1.75,0.2,-0.1414,0.9899,2.8,3.0,3.0,station
2025-12-24,-3.3,-3.6,-1.8,-2.3,-4.2,-0.5,-1.8,-1.7,0.2,-4.0,-3.04,0.98,-1.48,70,47,16.0,3.14,0.0,-0.1244,0.9922,-1.0,-3.0,-3.0,station
2025-12-25,-5.0,-6.2,-2.4,-5.9,-8.9,-4.0,-6.6,-1.9,-5.2,-9.2,-5.68,2.34,-0.3,73,31,11.4,3.75,0.0,-0.1073,0.9942,-5.5,-5.0,-5.0,station
2025-12-26,2.7,1.8,0.7,0.8,1.9,2.8,1.4,1.3,0.3,2.1,1.58,0.83,0.0,81,96,16.0,1.22,0.0,-0.0902,0.9959,0.7,0.0,0.0,station
2025-12-27,2.5,2.1,2.9,1.3,1.9,2.4,2.3,3.1,1.9,1.9,2.14,0.61,-0.18,98,96,25.5,0.82,0.7,-0.073,0.9973,1.4,1.0,1.0,station
2025-12-28,3.1,3.2,2.4,1.8,1.5,3.3,3.4,2.4,1.9,1.4,2.4,0.76,-0.08,72,88,24.2,1.21,0.1,-0.0559,0.9984,2.6,3.0,3.0,station
2025-12-29,1.6,1.5,1.5,0.7,2.1,1.8,1.6,0.9,0.3,1.1,1.48,0.5,0.34,88,74,20.8,1.51,0.7,-0.0387,0.9993,1.5,2.0,2.0,station
2025-12-30,-1.4,-0.9,0.0,-0.1,-0.7,0.1,-0.6,0.3,-0.2,-0.5,-0.62,0.58,-0.44,70,64,27.3,3.29,5.7,-0.0215,0.9998,-1.5,0.0,0.0,station
2025-12-31,-2.4,-1.9,-2.0,-1.4,-1.1,-3.1,-1.8,-1.9,-2.1,-1.3,-1.76,0.51,0.28,84,96,23.0,2.76,4.6,-0.0043,1.0,-2.2,,,
2026-01-01,0.8,1.0,1.2,1.0,0.8,0.4,1.3,1.1,1.1,0.6,0.96,0.17,0.06,91,100,24.7,1.45,1.6,0.0172,0.9999,1.5,2.0,2.0,station
2026-01-02,1.2,2.2,1.5,1.2,0.0,0.8,1.6,0.9,1.2,-0.4,1.22,0.79,0.4,85,81,25.4,3.78,3.0,0.0344,0.9994,1.6,3.0,3.0,station
2026-01-03,0.1,0.9,-0.2,0.1,-0.5,-0.1,0.3,-0.5,0.2,-0.7,0.08,0.52,0.24,81,73,24.1,3.96,0.9,0.0516,0.9987,0.5,1.0,1.0,station
2026-01-04,-1.5,-1.1,-1.4,-0.9,-2.1,-1.8,-0.6,-1.2,-1.0,-2.1,-1.4,0.46,-0.06,79,45,24.7,4.2,0.0,0.0688,0.9976,-1.6,0.0,0.0,station
2026-01-05,-1.6,-2.2,-1.9,-2.1,-3.2,-2.3,-2.5,-2.0,-1.8,-2.9,-2.2,0.6,0.1,85,67,17.5,4.23,0.0,0.0859,0.9963,-1.3,-1.0,-1.0,station
2026-01-06,-10.0,-6.7,-4.8,-7.2,-11.7,-8.0,-6.2,-4.5,-6.0,-11.7,-8.08,2.75,-0.8,89,96,8.5,3.01,0.0,0.103,0.9947,-7.8,-5.0,-5.0,station
2026-01-07,-9.2,-8.9,-5.3,-8.5,-10.2,-8.4,-7.6,-5.2,-7.3,-9.2,-8.42,1.85,-0.88,93,100,5.8,2.55,0.0,0.1201,0.9928,-7.9,-8.0,-8.0,station
2026-01-08,-6.3,-7.1,-4.3,-5.7,-7.4,-6.1,-6.4,-4.4,-7.1,-8.5,-6.16,1.24,0.34,90,100,13.4,2.46,1.2,0.1372,0.9905,-7.1,-7.0,-7.0,station
2026-01-09,-8.2,-8.8,-7.6,-7.1,-8.6,-9.1,-8.7,-6.4,-7.7,-10.5,-8.06,0.71,0.42,85,55,16.2,4.47,0.0,0.1542,0.988,-8.7,-8.0,-8.0,station
2026-01-10,-6.8,-6.4,-6.1,-7.3,-8.9,-10.1,-7.1,-7.1,-10.0,-10.7,-7.1,1.1,1.9,86,70,16.2,3.36,1.3,0.1712,0.9852,-5.2,-5.0,-5.0,station
2026-01-11,-3.6,-3.5,-3.1,-3.5,-4.1,-2.3,-3.3,-2.1,-3.8,-4.7,-3.56,0.36,-0.32,88,100,15.9,3.02,3.4,0.1881,0.9821,-3.0,-3.0,-3.0,station
2026-01-12,-4.3,-3.7,-3.4,-5.7,-4.0,-3.0,-3.4,-2.9,-3.5,-4.1,-4.22,0.89,-0.84,88,95,14.1,3.11,1.3,0.205,0.9788,-3.3,-4.0,-4.0,station
2026-01-13,-5.2,-5.5,-3.9,-5.6,-6.8,-5.9,-7.3,-4.9,-6.3,-8.4,-5.4,1.04,1.16,89,78,12.1,3.41,0.3,0.2218,0.9751,-4.9,-3.0,-3.0,station
2026-01-14,-0.2,-1.5,1.4,0.3,1.9,2.0,0.7,1.8,2.1,1.5,0.38,1.34,-1.24,92,99,20.6,1.67,6.8,0.2385,0.9711,0.7,0.0,0.0,station
2026-01-15,1.6,0.2,1.4,1.1,2.0,2.1,1.4,1.6,1.9,1.7,1.26,0.68,-0.48,95,100,13.6,2.3,0.2,0.2552,0.9669,1.7,1.0,1.0,station
2026-01-16,-0.9,-1.7,-1.5,-0.9,-1.6,-0.0,-0.8,-3.5,-1.5,-1.2,-1.32,0.39,0.08,91,91,17.5,3.44,0.0,0.2718,0.9624,-2.3,-3.0,-3.0,station
2026-01-17,-4.6,-3.1,-4.1,-4.3,-5.9,-5.4,-3.4,-4.6,-4.5,-6.1,-4.4,1.01,0.4,77,9,18.8,5.29,0.0,0.2883,0.9575,-4.2,-2.0,-2.0,station
2026-01-18,-7.1,-6.3,-4.8,-6.0,-9.6,-9.3,-6.0,-4.8,-6.8,-10.1,-6.76,1.79,0.64,82,22,18.2,5.45,0.0,0.3047,0.9524,-7.8,-6.0,-6.0,station
2026-01-19,-8.5,-6.3,-3.3,-4.5,-9.8,-8.2,-4.8,-2.9,-5.6,-11.1,-6.48,2.7,0.04,85,58,16.4,4.96,0.0,0.3211,0.9471,-8.2,-6.0,-6.0,station
2026-01-20,-5.4,-3.7,-2.6,-4.0,-12.5,-8.2,-2.9,-1.7,-3.7,-13.3,-5.64,3.96,0.32,84,13,12.2,5.66,0.0,0.3373,0.9414,-4.4,-3.0,-3.0,station
2026-01-21,-5.9,-3.4,-2.2,-3.5,-12.2,-7.9,-4.2,-2.7,-3.4,-12.4,-5.44,4.01,0.68,80,0,13.4,5.88,0.0,0.3534,0.9355,-3.2,-1.0,-1.0,station
2026-01-22,-8.1,-5.8,-4.1,-5.6,-11.3,-7.9,-6.4,-4.6,-6.1,-11.7,-6.98,2.81,0.36,82,29,17.9,5.97,0.0,0.3695,0.9292,-6.1,-3.0,-3.0,station
2026-01-23,-4.1,-5.4,-1.2,-4.7,-4.0,-3.4,-5.1,-1.9,-4.3,-4.2,-3.88,1.6,-0.1,87,100,16.2,2.21,0.4,0.3854,0.9227,-5.1,-5.0,-5.0,station
2026-01-24,-4.2,-5.4,-4.0,-5.0,-4.7,-3.7,-5.0,-3.7,-4.9,-4.0,-4.66,0.57,-0.4,87,100,16.6,2.9,0.0,0.4012,0.916,-5.3,-5.0,-5.0,station
2026-01-25,-2.5,-4.6,-1.6,-4.3,0.2,-0.9,-5.7,-2.6,-5.2,-0.1,-2.56,1.98,0.34,89,100,17.7,2.24,0.3,0.4169,0.9089,-3.7,-4.0,-4.0,station
2026-01-26,1.6,-0.1,1.3,0.9,1.3,2.0,0.1,1.2,0.8,1.3,1.0,0.66,-0.08,93,100,18.8,2.45,2.7,0.4325,0.9016,1.1,2.0,2.0,station
2026-01-27,0.7,0.3,0.3,0.2,-0.2,0.7,-0.2,0.7,0.9,-0.2,0.26,0.32,-0.12,99,100,7.6,3.28,0.1,0.4479,0.8941,0.8,1.0,1.0,station
2026-01-28,-0.8,-0.5,-0.6,-0.4,-2.2,0.4,-1.0,-0.0,-0.8,-2.5,-0.9,0.74,-0.12,96,100,9.3,4.12,3.2,0.4633,0.8862,-0.3,1.0,1.0,station
2026-01-29,-1.0,-1.8,-1.3,-0.6,-2.3,-1.5,-2.1,-0.5,-1.1,-3.0,-1.4,0.67,0.24,93,100,12.3,3.44,0.0,0.4784,0.8781,-0.6,0.0,0.0,station
2026-01-30,-4.1,-4.1,-3.3,-3.8,-4.8,-4.4,-5.2,-4.6,-4.2,-5.0,-4.02,0.54,0.66,89,100,17.4,2.96,0.2,0.4935,0.8698,-4.3,-4.0,-4.0,station
2026-01-31,-10.2,-9.0,-8.9,-8.5,-10.9,-10.5,-7.7,-8.4,-7.2,-9.7,-9.5,1.01,-0.8,77,43,20.2,7.04,0.0,0.5084,0.8611,-10.3,-8.0,-8.0,station
2026-02-01,-13.6,-10.0,-10.1,-11.0,-15.8,-14.3,-11.3,-10.0,-10.7,-15.9,-12.1,2.53,0.34,78,2,15.3,7.44,0.0,0.5231,0.8523,-11.6,-9.0,-9.0,station
2026-02-02,-14.4,-12.0,-10.6,-12.0,-16.6,-15.2,-10.7,-10.5,-13.1,-18.2,-13.12,2.38,0.42,77,8,14.0,7.66,0.0,0.5377,0.8432,-12.4,-10.0,-10.0,station
2026-02-03,-11.3,-10.2,-8.3,-9.7,-15.7,-12.3,-9.8,-8.1,-10.0,-16.9,-11.04,2.82,0.38,74,27,16.6,7.77,0.0,0.5521,0.8338,-10.0,-7.0,-7.0,station
2026-02-04,-3.7,-6.0,-4.1,-6.7,-6.3,-4.5,-6.7,-5.2,-7.3,-9.2,-5.36,1.36,1.22,84,100,18.8,2.05,0.5,0.5664,0.8242,-6.8,-7.0,-7.0,station
2026-02-05,1.3,-0.4,0.1,-0.3,0.5,1.6,0.3,0.6,-0.8,0.8,0.24,0.69,-0.26,91,100,17.7,3.27,0.2,0.5805,0.8143,-0.2,0.0,0.0,station
2026-02-06,2.2,1.3,1.0,0.5,1.3,2.3,1.4,0.8,0.9,1.3,1.26,0.62,-0.08,94,100,15.1,3.78,1.6,0.5944,0.8042,1.5,1.0,1.0,station
2026-02-07,0.9,0.1,0.6,0.3,0.6,1.0,0.3,0.1,0.5,0.6,0.5,0.31,0.0,96,100,9.4,2.85,4.8,0.6081,0.7938,1.0,1.0,1.0,station
2026-02-08,-0.5,-1.1,-1.1,-0.8,-1.2,-1.7,-2.0,-1.6,-1.8,-2.5,-0.94,0.29,0.98,92,100,13.4,2.26,1.3,0.6217,0.7833,-0.5,0.0,0.0,station
2026-02-09,-5.5,-5.2,-4.6,-3.7,-6.4,-5.3,-4.8,-5.0,-4.1,-9.6,-5.08,1.01,0.68,87,90,16.2,5.97,0.0,0.6351,0.7725,-3.2,-3.0,-3.0,station
2026-02-10,1.2,-0.5,0.6,0.7,1.2,0.7,-0.4,0.4,1.0,1.0,0.64,0.69,0.1,91,100,11.9,3.38,1.1,0.6483,0.7614,0.7,0.0,0.0,station
2026-02-11,2.1,4.0,1.6,2.1,1.3,2.0,3.8,1.6,2.2,1.2,2.22,1.05,0.06,90,92,14.8,7.87,0.0,0.6613,0.7502,2.4,5.0,5.0,station
2026-02-12,2.3,4.7,2.1,3.6,1.3,3.2,5.3,3.3,3.6,2.4,2.8,1.35,-0.76,96,100,12.0,2.7,1.6,0.6741,0.7387,2.7,5.0,5.0,station
2026-02-13,3.5,4.7,4.5,5.0,2.1,3.0,5.5,5.2,4.8,2.0,3.96,1.18,-0.14,94,100,20.2,3.01,2.2,0.6867,0.727,3.9,5.0,5.0,station
2026-02-14,0.4,0.6,-0.1,0.6,-0.6,0.8,1.3,1.4,0.1,-0.2,0.18,0.52,-0.5,89,100,13.0,3.39,1.4,0.6991,0.715,0.3,0.0,0.0,station
2026-02-15,-5.6,-4.7,-3.1,-5.5,-6.1,-5.9,-4.4,-3.0,-5.8,-6.1,-5.0,1.17,0.04,81,82,12.4,4.2,0.1,0.7113,0.7029,-4.8,-5.0,-5.0,station
2026-02-16,-7.8,-7.2,-4.8,-5.5,-9.5,-8.6,-7.3,-3.8,-5.6,-9.7,-6.96,1.87,0.04,75,46,15.9,8.61,0.0,0.7233,0.6906,-6.1,-5.0,-5.0,station
2026-02-17,-4.1,-3.5,-2.7,-3.4,-4.3,-4.6,-3.2,0.4,-2.4,-6.0,-3.6,0.63,-0.44,86,100,17.2,2.97,3.2,0.735,0.678,-4.2,-4.0,-4.0,station
2026-02-18,-2.0,-2.2,0.3,-1.2,-3.2,0.3,-1.3,0.6,0.6,-2.2,-1.66,1.31,-1.26,91,94,11.5,3.46,0.9,0.7466,0.6653,-1.8,-1.0,-1.0,station
2026-02-19,-4.0,-3.0,-2.6,-2.5,-5.1,-3.4,-3.3,-1.8,-2.2,-5.6,-3.44,1.1,-0.18,82,65,9.7,9.55,0.1,0.7579,0.6523,-3.1,-2.0,-2.0,station
2026-02-20,-1.9,-1.4,-1.6,-1.4,-7.2,-1.5,-1.6,-1.4,-1.7,-6.0,-2.7,2.52,-0.26,80,69,12.3,10.47,0.0,0.769,0.6392,-1.7,0.0,0.0,station
2026-02-21,2.1,2.0,1.9,1.8,2.1,1.7,1.7,1.9,1.1,0.7,1.98,0.13,0.56,83,96,16.7,8.03,0.7,0.7799,0.6259,2.4,3.0,3.0,station
2026-02-22,3.2,5.1,2.7,3.2,4.6,3.8,4.6,2.4,3.5,4.4,3.76,1.03,0.02,95,98,18.6,4.42,6.0,0.7906,0.6124,5.2,6.0,6.0,station
2026-02-23,6.5,7.5,5.7,7.1,7.8,6.4,7.9,4.9,7.1,7.5,6.92,0.84,0.16,92,99,21.8,3.64,5.7,0.801,0.5987,7.8,7.0,7.0,station
2026-02-24,4.2,5.1,4.4,4.4,5.2,4.0,5.0,4.2,4.4,5.0,4.66,0.46,0.14,90,100,19.4,3.05,1.3,0.8112,0.5848,4.5,5.0,5.0,station
2026-02-25,2.4,2.3,3.0,2.3,0.2,2.4,1.7,1.7,3.0,1.3,2.04,1.07,0.02,83,99,17.2,4.94,0.4,0.8211,0.5708,2.3,3.0,3.0,station
2026-02-26,4.7,4.2,5.2,4.5,2.1,4.7,4.0,4.9,4.5,2.4,4.14,1.2,0.04,74,33,14.4,11.06,0.0,0.8308,0.5566,5.1,6.0,6.0,station
2026-02-27,8.5,9.7,9.2,8.9,8.9,10.2,9.3,8.6,7.8,8.9,9.04,0.44,0.08,76,80,13.3,9.18,0.0,0.8402,0.5422,11.0,13.0,13.0,station
2026-02-28,13.4,13.8,13.3,14.4,11.9,13.3,13.0,12.9,13.5,11.3,13.36,0.92,0.56,78,10,12.6,11.33,0.0,0.8495,0.5277,14.9,16.0,16.0,station
2026-03-01,11.4,11.7,11.1,11.7,11.1,11.5,11.9,10.8,10.9,10.8,11.4,0.3,0.22,77,34,16.2,11.09,0.2,0.8584,0.513,12.1,12.0,12.0,station
2026-03-02,11.0,10.9,10.3,11.3,10.6,10.7,11.1,9.7,11.0,9.6,10.82,0.38,0.4,75,29,12.1,11.5,0.1,0.8671,0.4981,11.4,12.0,12.0,station
2026-03-03,11.4,12.0,10.7,12.5,10.5,11.2,11.4,8.2,11.3,11.0,11.42,0.85,0.8,72,60,11.4,8.51,0.0,0.8755,0.4831,12.3,13.0,13.0,station
2026-03-04,9.6,9.5,10.1,10.6,8.1,9.9,10.5,9.2,10.6,7.7,9.58,0.94,0.0,67,21,14.4,12.2,0.0,0.8837,0.468,10.1,11.0,11.0,station
2026-03-05,8.5,8.2,9.0,10.0,8.3,8.6,7.6,9.0,9.6,7.9,8.8,0.74,0.26,79,55,11.2,10.64,0.0,0.8916,0.4527,9.4,10.0,10.0,station
2026-03-06,10.0,10.6,9.7,11.3,8.1,10.0,9.3,9.1,10.9,7.7,9.94,1.2,0.54,73,26,4.9,12.86,0.0,0.8993,0.4373,10.1,12.0,12.0,station
2026-03-07,11.4,12.9,11.5,13.5,10.4,11.7,13.1,11.3,13.3,10.4,11.94,1.25,-0.02,64,8,6.7,13.1,0.0,0.9067,0.4218,12.3,15.0,15.0,station
2026-03-08,12.9,13.9,12.3,15.2,13.0,12.5,13.8,12.2,14.2,11.4,13.46,1.13,0.64,63,52,10.3,12.88,0.0,0.9138,0.4061,12.8,14.0,14.0,station
2026-03-09,13.1,14.6,14.5,15.7,14.4,13.4,14.9,14.2,17.1,13.9,14.46,0.92,-0.24,65,0,13.6,13.49,0.0,0.9207,0.3904,14.1,17.0,17.0,station
2026-03-10,14.9,15.0,14.3,16.6,15.6,14.2,14.8,14.1,16.5,14.2,15.28,0.87,0.52,61,35,15.6,13.37,0.0,0.9272,0.3745,15.6,16.0,16.0,station
2026-03-11,16.4,17.2,16.4,18.1,17.9,16.3,16.6,15.8,18.0,17.5,17.2,0.8,0.36,68,25,13.6,13.44,0.1,0.9335,0.3585,17.1,18.0,18.0,station
2026-03-12,15.3,15.8,15.2,15.9,17.1,14.7,15.7,14.2,14.2,17.0,15.86,0.76,0.7,71,10,12.5,12.64,0.2,0.9396,0.3424,15.1,16.0,16.0,station
2026-03-13,16.1,16.9,16.5,16.7,17.1,15.7,16.9,16.0,16.7,17.2,16.66,0.38,0.16,79,24,15.1,12.37,0.4,0.9453,0.3261,16.1,17.0,17.0,station
2026-03-14,17.0,18.6,17.4,18.9,17.1,17.0,18.4,17.1,18.5,16.7,17.8,0.89,0.26,57,1,22.1,14.32,0.0,0.9508,0.3098,17.5,19.0,19.0,station
2026-03-15,16.1,16.3,16.1,16.9,16.9,16.2,15.9,15.9,16.0,17.7,16.46,0.41,0.12,61,22,17.9,12.59,1.2,0.956,0.2934,16.7,17.0,17.0,station
2026-03-16,13.2,12.0,12.9,13.5,13.2,10.8,9.4,9.7,13.2,14.4,12.96,0.58,1.46,76,69,13.0,12.91,0.5,0.9609,0.2769,12.8,12.0,12.0,station
2026-03-17,10.4,8.7,10.5,10.2,10.6,10.1,8.2,10.0,8.3,8.7,10.08,0.79,1.02,74,64,10.6,10.98,0.0,0.9655,0.2604,10.8,11.0,11.0,station
2026-03-18,14.0,13.9,13.5,14.2,13.5,14.0,13.4,12.3,13.4,14.0,13.82,0.31,0.4,67,21,10.6,14.51,0.0,0.9698,0.2437,14.1,14.0,14.0,station
2026-03-19,12.0,13.0,12.0,12.5,12.1,12.5,13.0,12.0,12.2,12.2,12.32,0.43,-0.06,67,35,9.1,12.91,0.0,0.9739,0.227,12.3,13.0,13.0,station
2026-03-20,10.5,8.9,9.6,10.9,11.3,8.3,7.0,10.5,10.4,9.4,10.24,0.98,1.12,72,67,12.5,7.48,1.0,0.9777,0.2102,10.2,11.0,11.0,station
2026-03-21,10.8,10.8,10.1,10.2,10.2,9.8,9.0,10.5,10.7,8.8,10.42,0.35,0.66,65,45,11.7,13.09,0.0,0.9811,0.1934,10.9,11.0,11.0,station
2026-03-22,12.9,14.2,11.6,13.6,13.1,13.1,14.0,12.3,13.5,11.9,13.08,0.97,0.12,59,25,13.1,14.05,0.0,0.9843,0.1765,13.7,15.0,15.0,station
2026-03-23,14.3,14.8,13.3,14.1,13.9,13.8,14.5,12.7,13.7,12.9,14.08,0.55,0.56,46,38,10.2,14.2,0.0,0.9872,0.1595,14.5,15.0,15.0,station
2026-03-24,15.5,16.1,13.9,15.9,15.4,14.9,15.7,13.5,15.2,14.9,15.36,0.86,0.52,49,85,11.9,15.75,0.0,0.9898,0.1425,15.9,16.0,16.0,station
2026-03-25,15.4,16.3,15.1,16.3,16.6,16.0,17.1,16.7,17.6,17.2,15.94,0.65,-0.98,51,100,23.1,10.12,0.6,0.9921,0.1255,16.3,16.0,16.0,station
2026-03-26,9.2,9.7,9.7,9.8,9.6,9.3,9.7,10.7,9.6,10.7,9.6,0.23,-0.4,75,100,13.2,5.23,2.9,0.9941,0.1084,8.6,10.0,10.0,station
2026-03-27,10.5,10.2,10.9,10.7,10.6,11.3,10.3,10.0,11.8,11.0,10.58,0.26,-0.3,61,95,15.3,9.14,0.0,0.9958,0.0913,9.5,10.0,10.0,station
2026-03-28,14.1,13.6,12.7,14.1,13.5,13.5,12.5,11.8,13.3,13.4,13.6,0.57,0.7,61,89,15.4,14.1,0.2,0.9972,0.0741,14.5,16.0,16.0,station
2026-03-29,16.6,15.5,14.8,16.4,16.0,16.7,15.0,10.4,14.3,14.1,15.86,0.73,1.76,61,61,18.1,15.57,0.0,0.9984,0.057,16.3,17.0,17.0,station
2026-03-30,10.9,8.9,11.2,11.0,11.8,11.5,9.1,11.0,11.9,11.4,10.76,1.1,-0.22,68,80,12.4,6.63,0.0,0.9992,0.0398,10.6,11.0,11.0,station
2026-03-31,11.5,9.9,10.7,11.3,9.9,10.1,8.4,9.4,11.0,10.5,10.66,0.75,0.78,51,100,18.7,9.66,0.0,0.9997,0.0226,11.4,12.0,12.0,station
2026-04-01,12.4,11.5,12.9,12.4,11.3,12.8,10.0,9.9,12.8,11.2,12.1,0.67,0.76,59,33,14.8,18.11,0.0,1.0,0.0054,13.3,14.0,14.0,station
2026-04-02,14.0,14.6,13.9,14.9,13.7,11.8,14.2,13.7,14.3,13.9,14.22,0.51,0.64,47,61,11.4,13.05,0.0,0.9999,-0.0118,13.4,14.0,14.0,station
2026-04-03,13.5,14.7,13.3,13.9,13.5,13.3,14.6,14.0,14.1,13.4,13.78,0.56,-0.1,52,41,17.9,15.11,0.0,0.9996,-0.029,13.7,14.0,14.0,station
2026-04-04,12.4,12.5,12.3,14.3,13.2,13.2,13.7,13.0,13.4,13.3,12.94,0.84,-0.38,62,63,24.4,10.2,0.6,0.9989,-0.0462,13.5,14.0,14.0,station
2026-04-05,19.9,19.9,19.5,19.8,20.2,19.7,19.3,18.9,19.0,19.6,19.86,0.25,0.56,51,41,22.4,18.59,0.0,0.998,-0.0634,20.2,20.0,20.0,station
2026-04-06,11.3,11.6,11.3,11.2,12.5,11.4,12.3,11.7,11.9,14.4,11.58,0.54,-0.76,64,63,30.8,16.24,5.4,0.9968,-0.0805,10.5,11.0,11.0,station
2026-04-07,10.0,10.1,10.4,10.3,10.1,8.8,12.0,10.4,10.1,8.2,10.18,0.16,0.28,63,59,30.3,14.25,0.6,0.9952,-0.0977,9.8,10.0,10.0,station
2026-04-08,10.9,8.7,8.6,10.1,9.3,9.9,6.2,7.8,10.6,8.5,9.52,0.98,0.92,69,76,22.7,11.38,1.5,0.9934,-0.1148,8.9,9.0,9.0,station
2026-04-09,6.0,6.4,8.5,7.2,6.1,4.9,4.9,7.3,6.9,5.3,6.84,1.04,0.98,67,67,14.8,13.35,0.3,0.9913,-0.1319,6.6,7.0,7.0,station
2026-04-10,8.1,8.4,10.1,8.5,8.9,9.0,8.6,10.2,9.3,9.7,8.8,0.78,-0.56,59,62,8.5,16.24,0.0,0.9889,-0.1489,9.1,9.0,9.0,station
2026-04-11,10.2,10.8,10.2,10.6,11.6,10.8,10.9,9.3,9.7,11.9,10.68,0.58,0.16,56,73,11.7,12.46,0.0,0.9861,-0.1659,11.0,12.0,12.0,station
2026-04-12,14.0,14.0,13.1,12.5,13.2,13.5,12.0,11.5,12.5,14.7,13.36,0.64,0.52,48,60,13.0,19.35,0.0,0.9831,-0.1828,15.0,15.0,15.0,station
2026-04-13,13.7,13.8,13.2,13.5,13.8,13.6,13.0,13.1,12.7,13.8,13.6,0.25,0.36,47,31,19.3,21.23,0.0,0.9799,-0.1997,13.7,13.0,13.0,station
2026-04-14,13.6,15.3,15.0,14.0,13.6,15.7,15.8,15.3,14.8,15.7,14.3,0.8,-1.16,45,99,18.8,7.52,0.0,0.9763,-0.2165,14.5,15.0,15.0,station
2026-04-15,16.6,16.3,14.1,14.0,16.9,16.4,15.3,10.8,15.9,13.8,15.58,1.41,1.14,60,85,12.4,9.77,0.9,0.9724,-0.2333,15.8,15.0,15.0,station
2026-04-16,14.7,15.4,15.2,14.8,14.2,15.4,15.7,15.9,15.1,15.2,14.86,0.47,-0.6,59,59,16.3,16.14,0.1,0.9683,-0.25,15.5,15.0,15.0,station
2026-04-17,13.2,13.7,13.1,13.4,14.3,15.5,15.2,13.9,14.6,14.6,13.54,0.48,-1.22,61,45,19.3,16.69,0.5,0.9638,-0.2666,14.4,13.0,13.0,station
2026-04-18,17.4,17.5,15.9,16.8,17.1,17.4,17.4,17.2,16.9,16.9,16.94,0.64,-0.22,60,10,9.9,21.48,0.0,0.9591,-0.2831,17.7,18.0,18.0,station
2026-04-19,18.9,18.3,17.9,18.0,17.8,19.0,17.9,17.4,17.4,18.3,18.18,0.44,0.18,36,96,14.6,14.92,0.0,0.9541,-0.2996,19.0,19.0,19.0,station
2026-04-20,13.7,12.1,12.1,13.5,13.3,13.7,13.2,12.4,13.8,12.6,12.94,0.78,-0.2,46,73,20.0,15.89,0.1,0.9488,-0.316,13.9,13.0,13.0,station
2026-04-21,13.9,13.8,13.6,13.2,13.6,13.7,13.6,12.3,12.8,13.9,13.62,0.27,0.36,34,24,17.5,21.9,0.0,0.9432,-0.3322,14.7,14.0,14.0,station
2026-04-22,15.5,16.0,14.8,15.2,15.7,15.3,16.2,14.6,15.6,15.3,15.44,0.46,0.04,40,52,22.7,22.67,0.0,0.9373,-0.3484,16.3,16.0,16.0,station
2026-04-23,16.3,17.1,15.3,16.4,16.4,15.6,16.5,15.0,16.6,15.8,16.3,0.64,0.4,42,49,24.8,22.22,0.0,0.9312,-0.3645,16.8,17.0,17.0,station
2026-04-24,15.7,16.8,15.9,16.1,17.7,13.9,16.3,16.1,16.4,18.1,16.44,0.82,0.28,45,69,18.2,14.93,0.0,0.9248,-0.3804,17.0,17.0,17.0,station
2026-04-25,17.2,17.1,16.5,17.1,17.7,16.7,15.8,15.7,16.6,18.0,17.12,0.43,0.56,53,49,27.4,21.9,0.0,0.9181,-0.3963,17.4,17.0,17.0,station
2026-04-26,11.2,10.6,10.8,11.3,11.7,10.4,10.3,10.4,11.0,11.9,11.12,0.43,0.32,45,34,29.8,21.37,1.4,0.9112,-0.412,10.4,11.0,11.0,station
2026-04-27,12.8,13.3,13.2,13.3,13.6,14.1,13.6,13.2,13.9,13.3,13.24,0.29,-0.38,36,45,19.1,20.77,0.0,0.9039,-0.4276,13.6,14.0,14.0,station
2026-04-28,10.2,10.6,11.5,10.4,11.2,10.6,11.1,11.5,11.1,11.0,10.78,0.55,-0.28,44,65,17.4,15.66,0.0,0.8965,-0.4431,10.4,11.0,11.0,station
2026-04-29,8.4,8.2,9.1,8.3,9.0,8.4,8.2,10.1,8.5,10.4,8.6,0.42,-0.52,50,44,16.9,14.82,0.2,0.8887,-0.4585,8.0,9.0,9.0,station
2026-04-30,13.0,12.8,12.0,12.5,11.4,10.7,12.0,12.3,12.6,12.6,12.34,0.65,0.3,46,72,11.4,21.53,0.0,0.8807,-0.4737,12.5,12.0,12.0,station
2026-05-01,20.5,20.3,18.9,19.3,19.6,19.3,19.5,18.9,18.7,19.7,19.72,0.67,0.5,40,26,14.8,23.81,0.0,0.8724,-0.4888,20.6,20.0,20.0,station
2026-05-02,25.0,25.3,22.6,24.6,24.3,23.9,24.9,22.6,23.6,24.0,24.36,1.05,0.56,38,12,9.6,24.82,0.0,0.8639,-0.5037,24.6,25.0,25.0,station
2026-05-03,26.7,27.6,24.6,26.6,26.9,26.7,27.9,23.7,26.3,26.5,26.48,1.12,0.26,32,28,19.5,25.15,0.0,0.8551,-0.5185,27.0,27.0,27.0,station
2026-05-04,26.9,27.8,23.6,26.3,25.9,26.9,27.9,24.1,27.3,27.1,26.1,1.57,-0.56,31,42,14.4,23.43,0.0,0.846,-0.5331,26.7,27.0,27.0,station
2026-05-05,28.2,25.9,25.9,27.9,27.1,28.3,27.0,25.3,28.0,27.2,27.0,1.08,-0.16,42,65,12.3,22.11,0.0,0.8367,-0.5476,28.0,27.0,27.0,station
2026-05-06,26.1,24.2,22.4,25.0,26.8,25.8,23.2,21.5,24.9,26.3,24.9,1.72,0.56,58,52,17.6,21.93,0.0,0.8272,-0.5619,25.4,24.0,24.0,station
2026-05-07,20.2,15.8,15.5,18.7,22.2,19.3,14.5,16.5,15.8,24.3,18.48,2.87,0.4,76,96,11.5,15.28,5.9,0.8174,-0.5761,18.5,18.0,18.0,station
2026-05-08,14.7,11.9,15.6,14.5,16.6,18.6,10.9,14.5,15.4,17.9,14.66,1.75,-0.8,75,100,9.3,7.23,0.3,0.8074,-0.59,12.8,12.0,12.0,station
2026-05-09,14.1,12.0,12.9,14.1,13.9,16.3,11.6,14.0,16.3,15.5,13.4,0.93,-1.34,69,72,14.9,11.51,0.3,0.7971,-0.6038,14.5,15.0,15.0,station
2026-05-10,18.7,18.2,18.9,18.7,17.5,16.3,17.6,18.2,18.5,16.2,18.4,0.57,1.04,53,18,13.9,26.68,0.0,0.7866,-0.6175,18.6,20.0,20.0,station
2026-05-11,22.6,21.7,23.7,21.1,23.1,22.9,22.5,23.3,21.3,21.2,22.44,1.05,0.2,65,95,19.7,18.28,6.8,0.7759,-0.6309,22.5,23.0,23.0,station
2026-05-12,13.8,13.9,13.1,13.8,15.2,15.3,14.0,13.6,14.6,15.9,13.96,0.76,-0.72,84,97,23.3,7.85,11.4,0.7649,-0.6442,13.3,14.0,14.0,station
2026-05-13,12.4,12.4,13.4,13.3,12.9,12.9,12.7,12.4,14.5,11.2,12.88,0.48,0.14,68,76,19.8,15.37,1.2,0.7537,-0.6572,12.3,12.0,12.0,station
2026-05-14,16.9,18.3,17.4,17.3,17.1,17.4,18.7,17.8,18.2,18.2,17.4,0.54,-0.66,67,42,20.5,23.55,0.8,0.7423,-0.6701,16.6,18.0,18.0,station
2026-05-15,17.3,18.7,20.7,19.5,18.5,19.1,18.9,20.8,20.3,19.5,18.94,1.26,-0.78,73,78,17.3,21.0,3.0,0.7306,-0.6828,19.9,20.0,20.0,station
2026-05-16,15.7,13.3,11.2,13.4,12.6,13.7,14.7,11.9,14.3,13.6,13.24,1.63,-0.4,88,94,10.4,9.99,4.3,0.7188,-0.6952,13.6,15.0,15.0,station
2026-05-17,15.2,13.9,10.9,11.4,11.5,13.8,12.7,10.9,11.1,11.5,12.58,1.87,0.58,81,96,19.3,11.13,0.9,0.7067,-0.7075,14.2,13.0,13.0,station
2026-05-18,17.4,17.8,19.8,20.3,17.5,19.6,18.5,17.9,21.7,17.0,18.56,1.38,-0.38,78,41,12.0,22.98,0.5,0.6945,-0.7195,18.7,19.0,19.0,station
2026-05-19,17.3,16.9,18.5,18.4,17.8,19.2,18.8,16.7,19.4,18.6,17.78,0.69,-0.76,83,76,11.5,14.17,0.8,0.682,-0.7314,16.3,17.0,17.0,station
2026-05-20,21.6,21.4,21.7,22.2,21.0,20.8,21.2,23.1,21.8,21.0,21.58,0.44,0.0,68,13,11.7,26.29,0.0,0.6693,-0.743,21.0,22.0,22.0,station
2026-05-21,22.4,21.9,23.6,21.8,22.5,22.4,22.9,23.8,23.2,22.5,22.44,0.72,-0.52,67,25,17.3,24.39,1.0,0.6564,-0.7544,22.4,23.0,23.0,station
2026-05-22,21.8,21.7,22.1,22.0,20.6,21.4,22.0,22.5,21.9,20.7,21.64,0.6,-0.06,58,42,14.4,24.96,0.0,0.6433,-0.7656,22.5,23.0,23.0,station
2026-05-23,22.6,23.3,24.3,23.9,23.9,22.1,23.7,24.3,23.4,22.8,23.6,0.66,0.34,58,42,11.3,20.49,0.1,0.6301,-0.7765,22.7,23.0,23.0,station
2026-05-24,26.9,26.7,27.0,27.0,25.1,27.0,27.3,26.6,25.9,27.4,26.54,0.81,-0.3,63,61,17.1,24.05,1.0,0.6166,-0.7873,26.9,27.0,27.0,station
2026-05-25,24.1,23.9,24.2,25.3,24.6,24.0,24.3,24.1,24.9,23.7,24.42,0.55,0.22,56,42,17.4,27.36,0.0,0.603,-0.7978,24.3,25.0,25.0,station
2026-05-26,24.9,25.4,24.8,25.2,25.8,24.9,26.0,24.8,25.1,26.3,25.22,0.4,-0.2,52,11,21.7,28.04,0.0,0.5892,-0.808,25.6,27.0,27.0,station
2026-05-27,21.4,21.4,20.9,20.9,21.8,21.5,21.5,20.9,20.8,23.0,21.28,0.38,-0.26,51,24,22.2,26.0,3.2,0.5752,-0.818,21.2,21.0,21.0,station
2026-05-28,18.9,18.5,19.3,19.3,20.0,18.6,18.6,19.6,19.9,20.0,19.2,0.56,-0.14,44,18,27.2,25.78,0.1,0.561,-0.8278,18.7,20.0,20.0,station
2026-05-29,21.2,21.0,21.2,21.6,21.3,21.5,21.0,21.2,21.3,22.5,21.26,0.22,-0.24,42,62,22.4,24.74,0.0,0.5467,-0.8373,21.9,22.0,22.0,station
2026-05-30,21.1,20.8,20.7,20.3,24.3,20.7,19.7,23.0,19.3,25.3,21.44,1.62,-0.16,59,76,16.6,19.3,1.1,0.5322,-0.8466,21.3,22.0,22.0,station
2026-05-31,20.8,19.4,20.6,21.2,22.3,20.6,19.6,20.7,21.9,24.1,20.86,1.05,-0.52,69,75,12.5,16.73,1.3,0.5176,-0.8556,19.6,20.0,20.0,station
2026-06-01,22.0,20.8,21.4,22.7,22.8,23.8,21.3,22.0,22.4,22.8,21.94,0.85,-0.52,74,61,10.5,20.99,7.3,0.5028,-0.8644,21.0,20.0,20.0,station
2026-06-02,21.8,21.1,24.9,23.3,23.1,22.9,21.9,24.1,23.3,23.2,22.84,1.47,-0.24,78,44,12.5,24.61,0.6,0.4878,-0.8729,22.3,23.0,23.0,station
2026-06-03,22.5,20.6,22.5,23.3,25.3,22.3,20.4,23.4,23.7,23.4,22.84,1.7,0.2,69,62,13.1,21.98,0.0,0.4728,-0.8812,22.6,23.0,23.0,station
2026-06-04,21.3,19.2,18.0,20.9,20.1,18.0,19.9,21.2,21.6,21.4,19.9,1.33,-0.52,84,89,12.7,10.96,3.6,0.4575,-0.8892,19.6,20.0,20.0,station
2026-06-05,25.0,23.2,24.6,25.7,24.9,22.4,22.6,24.1,24.5,23.5,24.68,0.92,1.26,76,97,16.0,18.78,2.6,0.4422,-0.8969,25.2,26.0,26.0,station
2026-06-06,21.6,21.9,24.4,23.2,,22.8,21.6,24.2,24.1,23.8,22.77,1.29,-0.53,69,24,15.5,22.99,0.1,0.4267,-0.9044,22.2,24.0,24.0,station
2026-06-07,23.8,24.1,25.6,24.7,,24.7,23.8,24.7,23.5,25.9,24.55,0.79,0.03,58,55,10.9,20.55,0.8,0.4111,-0.9116,24.6,25.0,25.0,station
2026-06-08,23.1,22.7,22.8,23.9,,23.2,22.6,22.0,24.2,25.1,23.12,0.54,-0.29,67,18,14.2,25.4,1.3,0.3953,-0.9185,22.8,23.0,23.0,station
2026-06-09,28.3,27.9,28.4,28.1,,28.6,27.5,27.8,27.9,29.5,28.18,0.22,-0.09,61,53,20.2,25.87,4.2,0.3795,-0.9252,29.5,29.0,29.0,station
2026-06-10,18.3,17.8,17.7,18.2,17.9,19.2,17.9,16.6,17.1,21.7,17.98,0.26,-0.52,78,100,13.4,7.0,0.7,0.3635,-0.9316,17.9,19.0,19.0,station
2026-06-11,16.6,15.2,15.9,17.0,15.4,16.1,15.4,16.6,17.3,16.2,16.02,0.77,-0.3,83,93,22.8,14.17,20.5,0.3474,-0.9377,15.9,16.0,16.0,station
2026-06-12,18.0,18.2,21.3,18.2,19.0,18.9,17.9,20.5,21.0,18.6,18.94,1.37,-0.44,78,63,9.4,22.43,1.2,0.3312,-0.9436,17.6,20.0,20.0,station
2026-06-13,19.7,18.7,21.7,21.6,20.5,19.7,18.6,19.5,18.9,19.7,20.44,1.28,1.16,79,76,21.4,20.32,5.2,0.3149,-0.9491,19.9,20.0,20.0,station
2026-06-14,15.8,14.0,16.2,16.0,17.3,17.0,14.2,17.1,16.9,17.3,15.86,1.19,-0.64,80,58,23.3,23.57,6.0,0.2986,-0.9544,16.1,17.0,17.0,station
2026-06-15,17.7,16.4,16.6,17.3,18.0,17.8,16.3,16.5,17.4,18.0,17.2,0.69,0.0,79,75,23.8,18.29,5.0,0.2821,-0.9594,16.4,17.0,17.0,station
2026-06-16,17.3,18.7,17.8,18.9,19.4,17.5,18.6,18.7,20.5,19.7,18.42,0.85,-0.58,74,63,23.0,18.51,1.4,0.2656,-0.9641,17.7,18.0,18.0,station
2026-06-17,20.0,20.6,21.9,20.7,22.2,20.0,21.0,22.4,21.0,21.8,21.08,0.93,-0.16,65,44,14.2,26.88,0.0,0.2489,-0.9685,20.8,21.0,21.0,station
2026-06-18,23.8,23.8,24.4,21.8,25.7,23.1,23.0,25.0,21.8,25.2,23.9,1.41,0.28,63,59,16.6,24.82,0.4,0.2322,-0.9727,25.3,24.0,24.0,station
2026-06-19,26.2,26.5,27.1,26.6,27.8,26.4,26.9,28.0,28.5,30.7,26.84,0.63,-1.26,61,58,9.3,28.2,0.0,0.2155,-0.9765,27.3,27.0,27.0,station
2026-06-20,30.8,30.5,30.5,30.3,32.3,31.1,30.5,30.6,31.2,31.6,30.88,0.81,-0.12,49,33,10.7,28.76,0.0,0.1986,-0.9801,30.9,30.0,30.0,station
2026-06-21,31.1,27.8,31.4,29.9,32.8,32.0,29.5,31.8,29.6,35.2,30.6,1.87,-1.02,57,72,15.0,22.93,1.1,0.1818,-0.9833,30.3,30.0,30.0,station
2026-06-22,28.6,26.8,26.4,26.5,28.8,26.7,27.7,28.4,27.3,28.7,27.42,1.18,-0.34,62,39,15.1,25.6,0.1,0.1648,-0.9863,27.8,28.0,28.0,station
2026-06-23,26.5,25.9,26.1,25.0,26.6,25.8,26.1,25.2,24.3,26.5,26.02,0.64,0.44,51,39,12.9,29.14,0.0,0.1478,-0.989,26.8,26.0,26.0,station
2026-06-24,27.6,27.8,26.8,26.5,27.4,27.4,27.8,26.8,25.9,26.1,27.22,0.55,0.42,48,40,14.1,28.23,0.0,0.1308,-0.9914,27.7,28.0,28.0,station
2026-06-25,30.9,31.0,30.7,30.5,31.9,30.7,30.8,29.3,29.7,30.6,31.0,0.54,0.78,45,10,15.1,27.24,0.2,0.1137,-0.9935,30.5,30.0,30.0,station
2026-06-26,31.5,31.2,31.7,31.3,32.4,31.5,31.3,31.1,30.8,31.7,31.62,0.48,0.34,42,1,11.9,29.2,0.0,0.0966,-0.9953,32.1,31.0,31.0,station
2026-06-27,35.4,34.4,34.1,34.7,35.7,34.9,33.9,33.9,34.7,35.0,34.86,0.67,0.38,39,5,8.1,29.31,0.0,0.0795,-0.9968,35.1,35.0,35.0,station
2026-06-28,38.1,37.5,37.8,38.2,39.7,37.8,36.9,37.3,38.7,39.4,38.26,0.85,0.24,37,14,10.3,28.4,0.0,0.0623,-0.9981,37.8,38.0,38.0,station
2026-06-29,37.6,36.6,34.4,37.2,38.3,37.7,37.6,34.6,40.2,39.3,36.82,1.49,-1.06,42,26,15.6,26.94,0.1,0.0451,-0.999,36.4,36.0,36.0,station
2026-06-30,33.6,30.6,32.9,29.9,30.6,33.7,30.2,30.7,29.5,30.2,31.52,1.62,0.66,51,51,15.0,27.13,0.0,0.028,-0.9996,32.0,32.0,32.0,station
2026-07-01,33.1,29.0,35.6,31.7,33.3,33.3,27.0,32.4,28.6,35.3,32.54,2.42,1.22,61,76,14.5,22.89,4.5,0.0108,-0.9999,32.5,33.0,33.0,station
2026-07-02,27.1,26.1,27.1,27.2,26.6,26.6,25.1,26.3,25.8,27.6,26.82,0.47,0.54,68,63,14.4,16.97,2.1,-0.0065,-1.0,25.8,27.0,27.0,station
2026-07-03,22.7,22.3,23.6,22.4,23.0,23.2,22.4,23.8,23.2,23.0,22.8,0.52,-0.32,53,62,23.3,23.19,0.8,-0.0237,-0.9997,22.4,23.0,23.0,station
2026-07-04,21.6,20.4,22.0,22.3,22.3,20.5,20.1,20.4,23.2,22.1,21.72,0.79,0.46,58,54,23.6,17.56,1.0,-0.0408,-0.9992,19.8,20.0,20.0,station
2026-07-05,21.2,18.9,19.6,20.8,21.0,20.2,18.9,19.7,21.6,23.0,20.3,1.0,-0.38,72,45,17.3,18.99,5.3,-0.058,-0.9983,21.0,20.0,20.0,station
2026-07-06,20.7,20.8,21.9,21.4,21.8,21.6,20.4,21.1,21.1,20.9,21.32,0.55,0.3,55,71,19.6,27.14,0.5,-0.0752,-0.9972,21.5,22.0,22.0,station
2026-07-07,19.8,19.0,19.4,18.7,21.2,18.3,19.2,17.4,18.5,19.8,19.62,0.98,0.98,84,94,22.6,9.41,10.7,-0.0923,-0.9957,21.0,20.0,20.0,station
2026-07-08,19.7,18.6,20.5,20.7,19.1,19.5,18.3,21.0,20.1,19.4,19.72,0.9,0.06,72,59,30.5,21.3,7.6,-0.1094,-0.994,19.0,20.0,20.0,station
2026-07-09,19.1,18.0,20.3,19.0,20.2,19.6,18.7,21.3,20.1,21.6,19.32,0.95,-0.94,73,92,18.4,16.92,3.5,-0.1265,-0.992,18.1,18.0,18.0,station
2026-07-10,18.9,17.2,18.8,18.3,18.4,18.3,17.8,18.3,18.5,19.2,18.32,0.68,-0.1,78,66,19.6,18.07,9.3,-0.1436,-0.9896,18.4,18.0,18.0,station
2026-07-11,21.2,20.9,21.3,22.3,21.1,19.8,20.0,22.2,20.8,19.1,21.36,0.55,0.98,86,81,12.5,19.88,6.5,-0.1606,-0.987,20.3,22.0,22.0,station
2026-07-12,20.1,19.2,20.4,18.5,21.5,21.9,20.4,22.0,23.1,21.2,19.94,1.15,-1.78,85,91,13.1,11.1,5.1,-0.1775,-0.9841,19.2,19.0,19.0,station
2026-07-13,25.1,25.3,28.2,24.1,29.3,24.8,23.5,27.5,25.9,27.5,26.4,2.23,0.56,89,86,14.1,11.73,6.5,-0.1944,-0.9809,24.3,25.0,25.0,station
2026-07-14,23.0,24.8,27.8,25.4,27.9,24.6,25.6,27.5,24.0,28.1,25.78,2.09,-0.18,78,53,11.5,22.69,0.0,-0.2113,-0.9774,25.9,27.0,27.0,station
2026-07-15,26.5,26.4,28.8,28.0,29.5,26.4,25.9,29.9,27.1,27.8,27.84,1.38,0.42,64,31,12.0,27.24,0.0,-0.2281,-0.9736,27.7,28.0,28.0,station
2026-07-16,27.7,28.7,29.8,29.2,30.5,27.8,28.4,30.9,29.7,29.8,29.18,1.07,-0.14,55,14,10.8,27.8,0.0,-0.2448,-0.9696,29.7,29.0,29.0,station
2026-07-17,31.0,31.0,32.6,31.1,32.7,30.2,30.5,30.8,30.7,32.1,31.68,0.89,0.82,46,23,15.0,26.22,0.0,-0.2614,-0.9652,31.0,31.0,31.0,station
2026-07-18,25.4,23.7,27.6,24.6,27.0,23.8,24.2,29.6,23.9,25.5,25.66,1.63,0.26,70,56,19.9,22.19,6.1,-0.278,-0.9606,25.7,26.0,26.0,station
2026-07-19,27.3,25.8,26.5,27.0,27.8,26.3,25.3,27.6,26.8,27.6,26.88,0.77,0.16,72,51,14.9,24.42,6.8,-0.2945,-0.9557,26.5,26.0,26.0,station
2026-07-20,20.3,19.8,21.5,21.4,21.2,21.3,20.4,22.5,21.9,22.2,20.84,0.75,-0.82,74,35,21.9,23.89,1.8,-0.3109,-0.9505,19.8,20.0,20.0,station
2026-07-21,18.1,16.5,17.6,17.9,19.5,18.1,16.9,18.2,19.1,18.8,17.92,1.08,-0.3,82,83,26.2,14.25,8.1,-0.3272,-0.945,17.6,17.0,17.0,station
2026-07-22,21.2,21.8,22.4,22.6,22.6,20.7,21.9,22.8,22.3,22.7,22.12,0.61,0.04,64,51,17.5,24.67,0.0,-0.3434,-0.9392,21.5,22.0,22.0,station
2026-07-23,19.4,18.4,16.7,18.8,21.9,19.4,18.1,19.0,17.2,19.9,19.04,1.89,0.32,81,63,13.9,20.79,9.4,-0.3595,-0.9332,18.9,18.0,18.0,station
2026-07-24,20.7,20.2,20.7,19.9,22.1,19.7,20.0,19.6,20.9,20.8,20.72,0.84,0.52,87,61,17.1,18.0,7.4,-0.3755,-0.9268,21.0,20.0,20.0,station
2026-07-25,23.6,24.3,24.8,24.4,25.3,23.9,24.4,24.8,24.9,25.0,24.48,0.63,-0.12,69,69,11.2,23.44,0.5,-0.3914,-0.9202,24.5,24.0,24.0,station
2026-07-26,28.6,29.2,30.1,30.4,32.0,28.5,28.8,30.8,29.9,30.7,30.06,1.3,0.32,53,40,15.9,24.86,0.0,-0.4071,-0.9134,29.4,28.0,28.0,station
2026-07-27,21.4,20.7,22.5,22.8,24.8,21.9,21.0,22.1,21.6,25.5,22.44,1.57,0.02,71,61,23.0,18.12,6.6,-0.4228,-0.9062,21.6,23.0,23.0,station
2026-07-28,20.9,21.1,22.0,21.5,22.2,21.9,21.2,22.6,21.5,22.6,21.54,0.56,-0.42,63,25,23.2,22.21,0.6,-0.4383,-0.8988,20.8,,,
