datum,p1_ifs,p1_aifs,p1_gfs,p1_icon,p1_gem,p2_ifs,p2_aifs,p2_gfs,p2_icon,p2_gem,mm_gem,mm_spreiding,run2run,rh_gem,bewolking_gem,wind_max,instraling_som,neerslag_som,doy_sin,doy_cos,era5_max,station_max,doel,doelbron
2023-11-01,,,28.8,,,,,28.9,,,,,,76,2,7.2,18.19,0.0,-0.8606,0.5093,28.3,31.0,31.0,station
2023-11-02,,,29.3,,,,,29.7,,,,,,79,21,6.9,15.27,0.0,-0.8517,0.524,28.2,29.0,29.0,station
2023-11-03,,,30.5,,,,,30.4,,,,,,83,46,6.1,14.82,0.0,-0.8426,0.5386,28.3,32.0,32.0,station
2023-11-04,,,29.9,,,,,30.5,,,,,,83,24,7.1,15.71,1.2,-0.8332,0.553,29.2,32.0,32.0,station
2023-11-05,,,31.3,,,,,31.1,,,,,,82,46,9.9,13.91,0.6,-0.8235,0.5672,29.5,32.0,32.0,station
2023-11-06,,,28.6,,,,,29.2,,,,,,62,40,24.0,16.4,0.1,-0.8137,0.5813,27.9,30.0,30.0,station
2023-11-07,,,28.1,,,,,27.5,,,,,,54,57,20.1,16.09,0.0,-0.8035,0.5952,27.5,29.0,29.0,station
2023-11-08,,,27.3,,,,,24.4,,,,,,75,87,12.3,11.35,1.1,-0.7932,0.609,27.8,26.0,26.0,station
2023-11-09,,,29.7,,,,,30.6,,,,,,81,61,12.7,13.46,1.3,-0.7826,0.6225,28.4,28.0,28.0,station
2023-11-10,,,31.0,,,,,30.9,,,,,,88,55,12.9,10.54,5.8,-0.7718,0.6359,28.7,30.0,30.0,station
2023-11-11,,,24.2,,,,,25.2,,,,,,86,88,15.8,7.45,10.7,-0.7607,0.6491,26.5,26.0,26.0,station
2023-11-12,,,21.3,,,,,22.6,,,,,,67,45,23.9,15.6,0.0,-0.7494,0.6621,25.6,25.0,25.0,station
2023-11-13,,,20.6,,,,,21.1,,,,,,64,75,25.0,7.01,0.0,-0.7379,0.6749,18.8,20.0,20.0,station
2023-11-14,,,21.5,,,,,18.3,,,,,,68,83,16.4,9.53,0.0,-0.7262,0.6875,19.4,20.0,20.0,station
2023-11-15,,,24.4,,,,,24.7,,,,,,72,42,11.6,13.17,0.3,-0.7143,0.6998,23.1,24.0,24.0,station
2023-11-16,,,18.7,,,,,19.4,,,,,,65,84,26.8,5.01,0.1,-0.7021,0.712,19.1,20.0,20.0,station
2023-11-17,,,20.5,,,,,21.0,,,,,,52,60,19.9,17.71,0.0,-0.6898,0.724,20.2,22.0,22.0,station
2023-11-18,,,22.5,,,,,22.1,,,,,,50,25,19.7,17.23,0.0,-0.6772,0.7358,22.1,23.0,23.0,station
2023-11-19,,,22.6,,,,,22.8,,,,,,58,58,10.7,13.2,0.0,-0.6645,0.7473,22.5,24.0,24.0,station
2023-11-20,,,25.2,,,,,25.0,,,,,,72,2,8.4,16.73,0.0,-0.6515,0.7586,24.2,27.0,27.0,station
2023-11-21,,,25.4,,,,,25.7,,,,,,72,4,7.2,16.66,0.0,-0.6384,0.7697,24.9,26.0,26.0,station
2023-11-22,,,26.3,,,,,26.3,,,,,,75,41,8.8,15.75,0.0,-0.625,0.7806,25.2,27.0,27.0,station
2023-11-23,,,28.6,,,,,28.2,,,,,,75,26,10.5,15.9,0.0,-0.6115,0.7912,27.3,29.0,29.0,station
2023-11-24,,,27.4,,,,,27.4,,,,,,65,10,16.4,14.61,0.0,-0.5978,0.8016,26.9,28.0,28.0,station
2023-11-25,,,26.8,,,,,26.1,,,,,,70,9,11.4,15.4,0.0,-0.584,0.8118,25.9,27.0,27.0,station
2023-11-26,,,27.5,,,,,27.2,,,,,,69,17,13.6,15.6,0.0,-0.5699,0.8217,26.1,27.0,27.0,station
2023-11-27,,,27.7,,,,,27.7,,,,,,65,11,14.5,15.7,0.0,-0.5557,0.8314,26.6,27.0,27.0,station
2023-11-28,,,26.4,,,,,26.4,,,,,,58,1,18.5,16.12,0.0,-0.5413,0.8408,25.6,27.0,27.0,station
2023-11-29,,,22.4,,,,,21.6,,,,,,78,80,10.1,6.84,0.5,-0.5268,0.85,24.8,23.0,23.0,station
2023-11-30,,,27.5,,,,,27.5,,,,,,74,100,21.3,5.65,0.0,-0.5121,0.859,22.6,25.0,25.0,station
2023-12-01,,,20.0,,,,,21.5,,,,,,59,82,22.8,11.15,0.0,-0.4972,0.8676,19.0,20.0,20.0,station
2023-12-02,,,19.9,,,,,20.4,,,,,,56,80,18.4,12.7,0.0,-0.4822,0.8761,22.0,22.0,22.0,station
2023-12-03,,,23.1,,,,,24.0,,,,,,63,75,13.2,13.24,0.5,-0.4671,0.8842,22.4,21.0,21.0,station
2023-12-04,,,22.1,,,,,21.1,,,,,,72,83,14.7,10.66,0.0,-0.4518,0.8921,20.9,20.0,20.0,station
2023-12-05,,,24.9,,,,,24.7,,,,,,74,83,10.2,14.56,0.0,-0.4364,0.8998,23.1,24.0,24.0,station
2023-12-06,,,20.4,,,,,19.5,,,,,,79,99,15.7,6.61,1.5,-0.4208,0.9071,21.6,21.0,21.0,station
2023-12-07,,,25.2,,,,,24.1,,,,,,71,80,14.2,15.74,0.0,-0.4052,0.9142,23.7,25.0,25.0,station
2023-12-08,,,25.6,,,,,25.5,,,,,,70,40,9.5,14.98,0.0,-0.3894,0.9211,24.7,27.0,27.0,station
2023-12-09,,,25.0,,,,,26.0,,,,,,83,79,10.5,7.21,1.0,-0.3735,0.9276,26.1,27.0,27.0,station
2023-12-10,,,28.5,,,,,25.6,,,,,,81,56,14.4,10.96,0.1,-0.3575,0.9339,29.1,30.0,30.0,station
2023-12-11,,,28.9,,,,,28.6,,,,,,81,27,6.9,10.45,0.0,-0.3413,0.9399,28.0,29.0,29.0,station
2023-12-12,,,25.1,,,,,26.1,,,,,,67,17,24.4,14.2,0.0,-0.3251,0.9457,24.1,25.0,25.0,station
2023-12-13,,,23.3,,,,,23.3,,,,,,69,88,12.9,7.56,0.0,-0.3088,0.9511,24.9,20.0,20.0,station
2023-12-14,,,25.0,,,,,24.9,,,,,,84,66,11.5,7.08,0.8,-0.2924,0.9563,26.9,26.0,26.0,station
2023-12-15,,,27.9,,,,,28.7,,,,,,82,67,28.1,10.32,5.1,-0.2759,0.9612,28.8,31.0,31.0,station
2023-12-16,,,21.6,,,,,24.1,,,,,,61,99,33.2,6.09,1.9,-0.2593,0.9658,16.1,24.0,24.0,station
2023-12-17,,,10.4,,,,,8.8,,,,,,58,100,23.3,3.21,0.3,-0.2427,0.9701,9.4,9.0,9.0,station
2023-12-18,,,16.5,,,,,15.8,,,,,,72,100,17.3,4.32,0.2,-0.226,0.9741,12.1,11.0,11.0,station
2023-12-19,,,14.6,,,,,14.4,,,,,,77,93,21.4,4.7,1.6,-0.2092,0.9779,11.1,10.0,10.0,station
2023-12-20,,,15.5,,,,,13.5,,,,,,63,70,24.5,13.83,0.2,-0.1923,0.9813,12.7,13.0,13.0,station
2023-12-21,,,14.5,,,,,15.3,,,,,,54,84,25.2,7.4,0.0,-0.1754,0.9845,12.2,10.0,10.0,station
2023-12-22,,,14.6,,,,,14.7,,,,,,38,82,24.4,11.48,0.0,-0.1585,0.9874,11.2,12.0,12.0,station
2023-12-23,,,10.5,,,,,16.0,,,,,,41,77,22.4,9.67,0.4,-0.1414,0.9899,12.0,13.0,13.0,station
2023-12-24,,,17.0,,,,,16.9,,,,,,37,52,20.3,15.31,0.0,-0.1244,0.9922,15.2,17.0,17.0,station
2023-12-25,,,19.2,,,,,18.7,,,,,,41,43,17.6,15.08,0.0,-0.1073,0.9942,17.2,19.0,19.0,station
2023-12-26,,,21.3,,,,,21.2,,,,,,56,5,10.7,14.96,0.0,-0.0902,0.9959,20.3,21.0,21.0,station
2023-12-27,,,23.9,,,,,23.6,,,,,,64,19,9.1,14.85,0.0,-0.073,0.9973,23.0,24.0,24.0,station
2023-12-28,,,25.7,,,,,25.4,,,,,,67,22,9.1,14.12,0.0,-0.0559,0.9984,24.4,26.0,26.0,station
2023-12-29,,,27.2,,,,,26.3,,,,,,63,44,7.5,13.51,0.1,-0.0387,0.9993,24.9,26.0,26.0,station
2023-12-30,,,,,,,,,,,,,,84,73,7.6,6.75,2.7,-0.0215,0.9998,22.3,20.0,20.0,station
2023-12-31,,,,,,,,,,,,,,79,26,14.3,13.86,0.4,-0.0043,1.0,26.6,,,
2024-01-01,,,,,,,,,,,,,,67,50,11.3,13.27,0.2,0.0172,0.9999,25.3,25.0,25.0,station
2024-01-02,,,,,,,,,,,,,,78,79,18.2,9.09,0.5,0.0344,0.9994,24.0,21.0,21.0,station
2024-01-03,,,,,,,,,,,,,,58,21,23.0,14.72,0.1,0.0516,0.9987,18.8,19.0,19.0,station
2024-01-04,,,,,,,,,,,,,,58,29,15.8,10.57,0.0,0.0688,0.9976,18.7,20.0,20.0,station
2024-01-05,,,,,,,,,,,,,,75,26,7.8,13.76,0.0,0.0859,0.9963,22.4,24.0,24.0,station
2024-01-06,,,,,,,,,,,,,,74,27,15.9,13.2,0.5,0.103,0.9947,24.5,26.0,26.0,station
2024-01-07,,,,,,,,,,,,,,65,37,14.1,13.52,0.0,0.1201,0.9928,24.9,24.0,24.0,station
2024-01-08,,,,,,,,,,,,,,73,49,11.2,12.61,0.4,0.1372,0.9905,24.5,24.0,24.0,station
2024-01-09,,,,,,,,,,,,,,82,61,12.1,7.57,4.4,0.1542,0.988,22.0,23.0,23.0,station
2024-01-10,,,,,,,,,,,,,,62,8,20.6,15.27,0.0,0.1712,0.9852,23.3,24.0,24.0,station
2024-01-11,,,,,,,,,,,,,,53,75,17.7,7.53,0.0,0.1881,0.9821,19.2,22.0,22.0,station
2024-01-12,,,,,,,,,,,,,,64,66,8.0,8.6,0.0,0.205,0.9788,21.9,24.0,24.0,station
2024-01-13,,,,,,,,,,,,,,72,70,12.1,9.94,0.0,0.2218,0.9751,24.2,26.0,26.0,station
2024-01-14,,,,,,,,,,,,,,59,32,6.5,13.57,0.0,0.2385,0.9711,25.0,27.0,27.0,station
2024-01-15,,,,,,,,,,,,,,63,3,12.8,15.39,0.0,0.2552,0.9669,26.8,29.0,29.0,station
2024-01-16,,,,,,,,,,,,,,68,1,12.7,15.9,0.0,0.2718,0.9624,24.6,26.0,26.0,station
2024-01-17,,,,,,,,,,,,,,76,57,10.5,11.93,2.0,0.2883,0.9575,25.2,24.0,24.0,station
2024-01-18,,,,,,,,,,,,,,80,52,9.6,11.22,1.2,0.3047,0.9524,25.4,26.0,26.0,station
2024-01-19,,,,,,,,,,,,,,77,19,12.4,14.76,0.0,0.3211,0.9471,26.5,28.0,28.0,station
2024-01-20,,,23.5,21.1,18.0,,,,,,,,,73,59,26.1,6.99,0.0,0.3373,0.9414,19.4,21.0,21.0,station
2024-01-21,,,21.6,16.2,17.8,,,23.4,18.7,19.7,,,,62,31,19.4,13.46,0.1,0.3534,0.9355,19.7,19.0,19.0,station
2024-01-22,,,12.5,13.3,12.0,,,12.9,13.5,12.6,,,,65,100,28.2,3.48,3.0,0.3695,0.9292,12.7,13.0,13.0,station
2024-01-23,,,11.4,8.7,7.7,,,7.2,7.4,4.6,,,,59,81,23.6,7.34,2.7,0.3854,0.9227,9.6,8.0,8.0,station
2024-01-24,,,11.0,6.8,8.4,,,10.8,8.6,8.0,,,,40,93,18.0,10.34,0.0,0.4012,0.916,9.4,7.0,7.0,station
2024-01-25,,,9.9,7.9,12.2,,,15.4,9.4,12.9,,,,47,93,13.9,7.79,0.0,0.4169,0.9089,12.8,13.0,13.0,station
2024-01-26,,,13.4,11.8,12.6,,,13.0,11.6,13.7,,,,49,91,13.6,6.64,0.0,0.4325,0.9016,12.8,11.0,11.0,station
2024-01-27,,,11.3,11.4,11.0,,,16.5,12.3,9.9,,,,74,100,14.8,4.41,4.3,0.4479,0.8941,12.0,10.0,10.0,station
2024-01-28,,,15.7,11.4,12.4,,,18.4,11.8,13.9,,,,74,100,17.7,7.5,3.0,0.4633,0.8862,14.3,11.0,11.0,station
2024-01-29,,,15.9,12.7,16.4,,,20.5,17.0,15.6,,,,77,97,5.9,5.86,0.2,0.4784,0.8781,16.6,16.0,16.0,station
2024-01-30,,,23.2,21.1,20.7,,,23.1,20.3,20.7,,,,86,87,7.8,7.13,0.9,0.4935,0.8698,21.9,19.0,19.0,station
2024-01-31,,,23.6,22.1,24.8,,,22.7,23.7,25.8,,,,87,81,11.3,9.28,0.4,0.5084,0.8611,24.5,25.0,25.0,station
2024-02-01,,,26.8,24.7,27.6,,,25.0,25.0,27.0,,,,89,74,10.1,9.13,2.6,0.5231,0.8523,25.4,26.0,26.0,station
2024-02-02,,,27.8,26.4,26.7,,,28.7,26.6,26.7,,,,82,66,13.0,13.04,1.5,0.5377,0.8432,27.0,29.0,29.0,station
2024-02-03,,,22.9,26.3,26.1,,,23.1,26.1,26.3,,,,80,79,12.1,9.38,1.4,0.5521,0.8338,25.5,26.0,26.0,station
2024-02-04,23.2,,21.5,22.8,18.1,,,22.1,23.5,23.1,21.4,2.32,,85,92,22.7,6.88,17.0,0.5664,0.8242,24.4,24.0,24.0,station
2024-02-05,14.8,,16.6,18.6,13.9,17.6,,17.5,17.7,17.7,15.98,2.08,-1.65,76,99,19.1,6.72,1.9,0.5805,0.8143,17.8,15.0,15.0,station
2024-02-06,18.0,,21.8,19.3,16.7,17.2,,19.1,20.2,19.2,18.95,2.18,0.02,79,96,14.3,9.1,1.9,0.5944,0.8042,20.2,18.0,18.0,station
2024-02-07,12.4,,13.7,15.2,10.2,12.9,,15.6,18.1,11.1,12.88,2.12,-1.55,83,100,19.3,3.43,3.5,0.6081,0.7938,11.8,11.0,11.0,station
2024-02-08,12.6,,9.4,9.5,10.6,13.6,,10.1,10.0,9.5,10.53,1.49,-0.28,78,97,18.9,5.34,4.5,0.6217,0.7833,10.7,9.0,9.0,station
2024-02-09,15.2,,10.0,12.0,11.4,16.7,,10.1,10.2,13.8,12.15,2.2,-0.55,68,87,16.5,8.42,1.0,0.6351,0.7725,14.0,12.0,12.0,station
2024-02-10,18.7,,20.0,18.1,18.9,19.0,,19.7,17.4,18.7,18.93,0.79,0.23,58,27,14.8,18.67,0.0,0.6483,0.7614,18.7,20.0,20.0,station
2024-02-11,21.8,,22.5,21.8,22.1,21.8,,22.4,21.5,22.2,22.05,0.33,0.07,61,0,12.2,19.57,0.0,0.6613,0.7502,22.2,25.0,25.0,station
2024-02-12,21.8,,22.8,23.1,23.0,21.8,,22.7,22.9,22.4,22.68,0.6,0.23,61,0,10.9,19.18,0.0,0.6741,0.7387,22.4,24.0,24.0,station
2024-02-13,23.8,,23.7,23.6,25.7,23.8,,23.5,23.5,23.7,24.2,1.0,0.57,69,36,17.1,16.34,0.0,0.6867,0.727,24.2,26.0,26.0,station
2024-02-14,24.9,,25.9,25.4,27.0,25.0,,25.7,25.3,27.7,25.8,0.9,-0.13,77,49,12.4,14.1,0.0,0.6991,0.715,25.2,27.0,27.0,station
2024-02-15,25.9,,25.9,26.7,27.0,26.4,,26.0,26.9,27.5,26.38,0.56,-0.32,76,85,23.0,15.09,0.0,0.7113,0.7029,26.0,26.0,26.0,station
2024-02-16,22.4,,23.7,23.6,26.2,22.3,,25.0,24.5,24.8,23.98,1.6,-0.17,64,63,20.3,16.65,0.0,0.7233,0.6906,23.6,25.0,25.0,station
2024-02-17,22.7,,24.2,24.2,25.7,22.8,,23.2,24.1,25.2,24.2,1.22,0.38,80,80,17.7,9.94,0.3,0.735,0.678,23.8,25.0,25.0,station
2024-02-18,27.9,,26.8,26.5,29.3,27.6,,26.0,26.9,28.3,27.62,1.27,0.43,74,72,24.7,13.99,0.2,0.7466,0.6653,28.0,28.0,28.0,station
2024-02-19,26.8,,27.0,27.8,29.5,27.6,,26.1,27.1,28.9,27.77,1.23,0.35,83,79,19.7,10.29,0.8,0.7579,0.6523,27.7,26.0,26.0,station
2024-02-20,28.2,,26.6,28.6,30.3,28.3,,26.5,28.8,30.1,28.43,1.52,0.0,80,76,27.4,13.71,1.9,0.769,0.6392,29.1,28.0,28.0,station
2024-02-21,29.3,,30.5,29.0,30.1,29.4,,30.6,27.7,30.6,29.73,0.69,0.15,78,69,24.9,13.01,2.3,0.7799,0.6259,30.1,28.0,28.0,station
2024-02-22,22.5,,22.1,23.3,22.2,21.9,,26.3,24.5,22.6,22.52,0.54,-1.3,77,96,21.8,9.3,0.6,0.7906,0.6124,22.6,24.0,24.0,station
2024-02-23,13.6,,15.2,16.2,16.7,15.3,,15.3,16.9,15.3,15.42,1.37,-0.28,67,95,18.8,5.76,0.5,0.801,0.5987,14.0,13.0,13.0,station
2024-02-24,14.6,,14.3,16.4,13.0,15.2,,16.7,17.5,14.5,14.57,1.4,-1.4,68,98,17.2,5.6,0.2,0.8112,0.5848,13.4,11.0,11.0,station
2024-02-25,13.1,,16.9,13.9,14.6,14.2,,17.2,16.3,12.7,14.62,1.64,-0.47,72,100,15.7,5.33,0.2,0.8211,0.5708,12.8,12.0,12.0,station
2024-02-26,14.0,,16.0,13.5,14.0,16.9,,18.5,19.7,16.4,14.38,1.11,-3.5,75,100,16.0,4.38,0.3,0.8308,0.5566,12.2,12.0,12.0,station
2024-02-27,13.6,,13.9,12.6,12.3,15.9,,18.9,15.3,12.4,13.1,0.77,-2.53,72,100,16.9,9.1,0.4,0.8402,0.5422,14.5,12.0,12.0,station
2024-02-28,18.3,,21.9,17.8,21.8,22.1,,24.5,19.1,24.8,19.95,2.2,-2.68,78,100,10.2,7.36,0.1,0.8495,0.5277,17.0,14.0,14.0,station
2024-02-29,14.9,,16.7,18.3,12.3,20.9,,19.2,20.8,18.6,15.55,2.57,-4.32,84,100,22.1,2.82,2.7,0.8584,0.513,13.5,13.0,13.0,station
2024-03-01,12.8,,10.2,11.6,10.0,13.1,,12.4,12.4,13.1,11.15,1.31,-1.6,72,96,23.1,6.43,3.4,0.8671,0.4981,11.3,10.0,10.0,station
2024-03-02,15.9,,12.9,14.7,17.8,15.1,,9.6,11.0,15.0,15.32,2.06,2.65,66,74,19.2,13.99,1.0,0.8755,0.4831,15.4,13.0,13.0,station
2024-03-03,15.8,,18.0,15.4,16.2,15.9,,17.5,15.4,19.9,16.35,1.15,-0.82,77,99,7.1,6.17,1.4,0.8837,0.468,17.0,14.0,14.0,station
2024-03-04,23.2,,23.7,23.2,22.6,22.6,,23.1,23.7,22.1,23.18,0.45,0.3,91,97,25.0,3.83,16.5,0.8916,0.4527,23.4,22.0,22.0,station
2024-03-05,28.7,,26.6,29.0,30.3,29.7,,25.0,29.0,30.4,28.65,1.53,0.12,84,62,22.0,13.42,2.4,0.8993,0.4373,29.8,26.0,26.0,station
2024-03-06,20.5,,21.8,22.3,22.7,21.7,,22.2,22.2,22.7,21.82,0.96,-0.38,75,88,28.3,11.59,1.4,0.9067,0.4218,21.8,22.0,22.0,station
2024-03-07,17.5,,15.6,17.4,16.9,18.4,,15.0,17.8,16.7,16.85,0.87,-0.13,66,100,19.4,9.86,0.0,0.9138,0.4061,18.9,18.0,18.0,station
2024-03-08,21.0,,20.4,20.9,21.8,20.6,,16.1,18.5,18.0,21.02,0.58,2.72,57,78,18.7,15.8,0.1,0.9207,0.3904,21.3,23.0,23.0,station
2024-03-09,18.0,,17.9,16.6,17.1,17.8,,16.6,16.2,15.6,17.4,0.67,0.85,81,99,14.8,4.95,12.3,0.9272,0.3745,17.7,18.0,18.0,station
2024-03-10,15.6,,17.2,14.4,15.9,16.4,,20.1,15.9,15.4,15.78,1.15,-1.17,92,100,10.9,3.61,36.2,0.9335,0.3585,15.7,14.0,14.0,station
2024-03-11,21.4,,21.6,19.8,19.6,20.5,,18.1,20.2,18.7,20.6,1.05,1.23,86,66,17.9,8.44,21.4,0.9396,0.3424,20.3,21.0,21.0,station
2024-03-12,23.5,,25.8,22.9,23.7,23.9,,26.8,23.3,24.6,23.98,1.26,-0.67,74,1,10.8,22.22,0.0,0.9453,0.3261,23.3,27.0,27.0,station
2024-03-13,20.0,,24.1,21.6,20.4,20.9,,23.9,21.5,21.3,21.52,1.85,-0.38,74,81,16.2,11.16,2.6,0.9508,0.3098,23.4,23.0,23.0,station
2024-03-14,21.0,,22.0,21.1,23.7,21.5,,20.9,21.8,23.2,21.95,1.25,0.1,85,100,9.6,5.31,6.3,0.956,0.2934,21.9,21.0,21.0,station
2024-03-15,22.0,19.4,21.0,21.7,26.3,22.3,,22.9,23.5,26.9,22.08,2.56,-1.82,89,100,11.9,6.52,3.7,0.9609,0.2769,23.2,21.0,21.0,station
2024-03-16,25.8,23.6,24.9,25.6,25.5,24.6,23.1,24.7,26.0,29.6,25.08,0.89,-0.52,89,95,9.0,8.01,3.5,0.9655,0.2604,25.7,23.0,23.0,station
2024-03-17,27.0,26.0,29.8,27.2,28.3,27.3,26.2,28.5,28.0,29.4,27.66,1.45,-0.22,88,74,13.0,8.89,0.6,0.9698,0.2437,25.7,27.0,27.0,station
2024-03-18,26.3,25.4,28.2,27.0,28.3,26.7,26.2,28.3,26.3,28.1,27.04,1.24,-0.08,89,88,18.1,10.1,7.5,0.9739,0.227,26.4,28.0,28.0,station
2024-03-19,21.3,21.8,22.8,21.7,19.3,20.7,20.3,23.2,21.7,20.3,21.38,1.29,0.14,64,75,23.2,16.08,3.3,0.9777,0.2102,21.7,24.0,24.0,station
2024-03-20,22.5,24.0,24.2,23.2,24.0,23.0,23.6,24.0,22.9,24.0,23.58,0.72,0.08,55,68,18.9,21.2,0.0,0.9811,0.1934,23.1,27.0,27.0,station
2024-03-21,23.3,24.6,25.8,25.3,25.4,23.3,23.7,25.8,24.1,24.9,24.88,0.98,0.52,66,28,14.1,19.63,0.0,0.9843,0.1765,24.3,26.0,26.0,station
2024-03-22,24.7,24.6,25.3,25.5,27.3,25.0,24.5,24.4,25.4,27.2,25.48,1.09,0.18,79,99,23.0,8.86,0.1,0.9872,0.1595,25.6,26.0,26.0,station
2024-03-23,27.2,26.4,28.0,27.4,30.0,27.9,26.4,28.2,27.8,29.4,27.8,1.36,-0.14,83,83,23.3,10.59,1.5,0.9898,0.1425,27.7,27.0,27.0,station
2024-03-24,28.8,29.1,31.0,29.6,31.6,29.7,29.0,29.7,30.3,32.6,30.02,1.22,-0.24,78,77,22.5,17.26,0.4,0.9921,0.1255,30.3,31.0,31.0,station
2024-03-25,29.3,29.0,29.5,29.3,32.6,30.0,29.1,31.3,28.2,31.9,29.94,1.5,-0.16,86,59,15.3,13.63,2.4,0.9941,0.1084,29.9,31.0,31.0,station
2024-03-26,26.4,28.4,30.5,29.1,30.2,27.1,27.4,30.7,30.2,30.7,28.92,1.64,-0.3,69,78,20.4,18.47,0.0,0.9958,0.0913,28.0,31.0,31.0,station
2024-03-27,26.5,27.4,28.4,26.7,28.3,26.1,26.7,28.0,27.0,28.7,27.46,0.88,0.16,79,96,14.7,10.42,0.6,0.9972,0.0741,26.7,27.0,27.0,station
2024-03-28,28.6,28.0,30.6,28.6,31.1,27.9,29.0,31.1,28.1,30.3,29.38,1.38,0.1,80,92,14.5,14.93,0.7,0.9984,0.057,28.8,28.0,28.0,station
2024-03-29,29.0,29.4,32.1,29.6,32.4,28.4,29.1,32.1,29.4,30.0,30.5,1.62,0.7,78,99,11.7,18.64,4.8,0.9992,0.0398,29.6,31.0,31.0,station
2024-03-30,29.7,28.1,31.0,29.6,29.8,27.9,27.5,31.0,29.5,33.3,29.64,1.03,-0.2,84,68,21.0,15.67,2.8,0.9997,0.0226,30.8,31.0,31.0,station
2024-03-31,26.1,28.1,31.7,25.1,30.5,28.7,27.1,30.8,27.5,30.0,28.3,2.81,-0.52,89,95,12.9,12.12,52.5,1.0,0.0054,29.8,31.0,31.0,station
2024-04-01,31.3,29.7,33.6,26.8,30.0,31.6,29.1,33.4,27.8,30.2,30.28,2.48,-0.14,84,74,28.0,14.49,14.8,0.9999,-0.0118,30.3,29.0,29.0,station
2024-04-02,30.3,30.3,33.3,31.5,32.7,30.2,30.3,32.8,30.9,31.0,31.62,1.37,0.58,76,46,30.9,18.92,1.5,0.9996,-0.029,31.4,31.0,31.0,station
2024-04-03,30.8,29.8,32.7,31.0,32.6,30.1,27.9,33.9,31.2,32.4,31.38,1.25,0.28,84,82,24.6,13.66,35.7,0.9989,-0.0462,30.4,29.0,29.0,station
2024-04-04,29.2,27.2,29.4,25.8,30.9,29.5,25.1,30.7,27.8,27.1,28.5,2.0,0.46,89,90,20.7,11.17,58.2,0.998,-0.0634,30.2,31.0,31.0,station
2024-04-05,24.1,22.3,30.5,24.2,22.2,24.8,21.8,29.9,24.8,25.7,24.66,3.4,-0.74,91,98,15.9,6.42,91.7,0.9968,-0.0805,24.5,22.0,22.0,station
2024-04-06,23.5,20.2,28.7,23.7,23.4,23.0,19.4,27.2,25.2,24.6,23.9,3.05,0.02,91,98,20.0,6.26,119.6,0.9952,-0.0977,25.0,22.0,22.0,station
2024-04-07,23.9,20.6,27.2,23.5,23.5,24.4,19.8,29.1,26.6,24.6,23.74,2.34,-1.16,90,98,14.0,6.71,53.4,0.9934,-0.1148,24.5,21.0,21.0,station
2024-04-08,24.7,21.1,26.1,23.8,22.2,23.1,21.0,28.7,23.8,24.5,23.58,1.98,-0.64,86,91,14.5,8.15,54.2,0.9913,-0.1319,25.3,21.0,21.0,station
2024-04-09,26.5,25.2,26.3,25.7,27.1,27.3,25.1,26.0,26.4,25.7,26.16,0.73,0.06,71,83,17.0,17.2,0.1,0.9889,-0.1489,26.7,27.0,27.0,station
2024-04-10,25.9,25.3,27.4,26.6,26.3,26.7,24.1,28.1,27.3,26.4,26.3,0.78,-0.22,79,97,9.8,13.42,0.7,0.9861,-0.1659,26.8,28.0,28.0,station
2024-04-11,26.7,26.8,31.3,28.4,29.1,26.8,26.5,31.1,27.5,28.6,28.46,1.89,0.36,80,86,9.7,11.9,0.8,0.9831,-0.1828,27.9,30.0,30.0,station
2024-04-12,29.1,29.3,32.6,30.3,30.7,28.5,29.6,33.1,31.2,30.2,30.4,1.4,-0.12,83,76,13.9,16.85,0.4,0.9799,-0.1997,30.5,29.0,29.0,station
2024-04-13,29.9,31.2,33.7,31.6,31.0,29.8,31.0,33.8,32.0,30.6,31.48,1.39,0.04,82,69,17.1,17.3,0.0,0.9763,-0.2165,30.7,33.0,33.0,station
2024-04-14,30.9,30.5,34.1,31.0,31.4,31.0,30.6,33.4,32.3,32.2,31.58,1.44,-0.32,81,71,17.3,16.03,1.6,0.9724,-0.2333,30.9,31.0,31.0,station
2024-04-15,30.8,30.9,34.9,32.1,31.1,31.2,31.1,34.2,32.4,32.8,31.96,1.72,-0.38,80,87,16.5,16.08,0.8,0.9683,-0.25,31.7,32.0,32.0,station
2024-04-16,31.4,31.8,35.7,31.7,33.0,30.6,31.9,34.8,31.9,33.1,32.72,1.77,0.26,78,61,17.1,18.53,0.0,0.9638,-0.2666,31.5,34.0,34.0,station
2024-04-17,31.8,29.4,35.9,32.3,33.1,31.5,30.7,35.5,31.8,32.7,32.5,2.35,0.06,85,80,16.3,15.39,14.9,0.9591,-0.2831,30.4,31.0,31.0,station
2024-04-18,28.1,25.4,32.6,27.8,31.4,28.9,25.6,34.1,27.6,32.2,29.06,2.91,-0.62,90,99,19.9,7.83,14.0,0.9541,-0.2996,26.7,27.0,27.0,station
2024-04-19,28.1,24.7,29.3,26.4,29.3,28.1,25.1,30.3,27.4,28.3,27.56,1.99,-0.28,89,99,24.6,8.48,77.1,0.9488,-0.316,28.7,27.0,27.0,station
2024-04-20,29.2,23.9,32.2,27.4,31.8,29.2,24.7,30.5,27.5,31.4,28.9,3.41,0.24,89,100,23.0,9.4,37.5,0.9432,-0.3322,29.4,29.0,29.0,station
2024-04-21,25.5,23.7,26.5,27.8,25.4,28.2,23.1,25.0,27.3,26.2,25.78,1.51,-0.18,91,91,15.1,5.3,36.6,0.9373,-0.3484,25.6,24.0,24.0,station
2024-04-22,26.0,23.9,28.3,27.1,23.6,24.8,24.2,27.4,26.5,25.0,25.78,2.03,0.2,91,84,13.1,12.85,20.9,0.9312,-0.3645,26.2,28.0,28.0,station
2024-04-23,25.1,25.3,28.5,28.1,23.2,28.0,25.6,24.3,29.0,25.5,26.04,2.22,-0.44,90,78,10.3,12.11,69.0,0.9248,-0.3804,28.4,29.0,29.0,station
2024-04-24,28.9,27.6,30.3,29.5,25.6,28.1,27.1,24.8,29.6,24.6,28.38,1.84,1.54,85,82,15.2,17.06,14.8,0.9181,-0.3963,29.9,30.0,30.0,station
2024-04-25,26.5,26.3,28.8,27.1,26.9,25.9,26.5,30.0,26.7,28.8,27.12,0.99,-0.46,93,90,14.5,6.65,140.1,0.9112,-0.412,26.4,31.0,31.0,station
2024-04-26,27.3,27.4,34.0,27.6,24.5,29.2,27.7,31.4,29.1,28.1,28.16,3.5,-0.94,88,86,17.1,15.47,40.6,0.9039,-0.4276,30.1,31.0,31.0,station
2024-04-27,29.0,25.0,30.6,28.5,30.4,28.0,25.3,29.4,28.1,30.1,28.7,2.25,0.52,89,90,20.3,15.34,6.2,0.8965,-0.4431,29.1,29.0,29.0,station
2024-04-28,25.8,25.8,34.3,27.8,32.8,26.7,25.6,32.7,26.8,32.5,29.3,4.0,0.44,89,99,19.3,8.71,102.6,0.8887,-0.4585,27.5,26.0,26.0,station
2024-04-29,31.7,28.0,34.0,30.7,29.5,32.2,27.7,35.1,30.9,30.9,30.78,2.27,-0.58,88,91,24.2,14.84,70.3,0.8807,-0.4737,31.1,29.0,29.0,station
2024-04-30,27.6,26.8,35.0,29.0,28.2,29.2,26.9,32.7,30.1,30.0,29.32,3.28,-0.46,89,92,17.2,10.16,31.7,0.8724,-0.4888,28.0,28.0,28.0,station
2024-05-01,23.2,22.7,22.5,24.8,23.5,23.8,23.1,27.6,25.9,23.3,23.34,0.91,-1.4,80,93,17.6,9.74,3.7,0.8639,-0.5037,24.8,23.0,23.0,station
2024-05-02,24.3,20.8,20.7,25.9,22.7,25.5,20.3,22.7,28.0,22.6,22.88,2.25,-0.94,84,98,12.3,5.5,14.6,0.8551,-0.5185,23.7,22.0,22.0,station
2024-05-03,26.7,24.5,26.1,28.0,24.4,26.6,22.8,26.0,26.9,27.6,25.94,1.52,-0.04,89,98,16.9,10.23,13.6,0.846,-0.5331,27.8,24.0,24.0,station
2024-05-04,26.4,24.2,25.9,25.4,25.2,26.6,24.5,28.2,26.1,29.6,25.42,0.83,-1.58,93,98,19.2,8.22,55.7,0.8367,-0.5476,25.1,24.0,24.0,station
2024-05-05,30.2,29.9,31.9,31.3,30.3,29.9,30.0,29.1,31.1,29.7,30.72,0.84,0.76,86,59,11.0,16.57,4.6,0.8272,-0.5619,29.3,31.0,31.0,station
2024-05-06,30.4,31.1,32.6,29.8,29.7,31.1,31.0,30.5,30.8,31.0,30.72,1.19,-0.16,88,85,9.4,17.18,19.2,0.8174,-0.5761,30.9,33.0,33.0,station
2024-05-07,29.0,30.7,31.6,29.9,29.6,29.3,30.9,31.2,28.5,27.5,30.16,1.01,0.68,86,85,13.9,18.71,8.4,0.8074,-0.59,30.0,32.0,32.0,station
2024-05-08,27.5,29.5,27.8,29.3,25.5,27.5,28.8,25.7,27.1,23.4,27.92,1.62,1.42,87,98,10.7,13.86,5.9,0.7971,-0.6038,28.9,30.0,30.0,station
2024-05-09,27.9,26.5,24.5,27.0,28.2,28.4,28.5,24.2,27.2,29.0,26.82,1.47,-0.64,87,100,11.0,7.74,12.8,0.7866,-0.6175,26.8,28.0,28.0,station
2024-05-10,26.2,28.4,27.9,28.5,29.3,26.8,28.4,28.3,28.9,28.3,28.06,1.15,-0.08,81,93,14.0,12.29,0.6,0.7759,-0.6309,28.1,29.0,29.0,station
2024-05-11,28.4,30.2,31.2,28.8,27.9,29.6,29.4,30.1,29.2,27.6,29.3,1.36,0.12,85,91,14.1,18.62,4.3,0.7649,-0.6442,30.3,32.0,32.0,station
2024-05-12,30.0,30.0,30.2,30.2,28.8,30.4,29.3,30.2,28.9,28.1,29.84,0.59,0.46,88,89,11.8,15.51,31.6,0.7537,-0.6572,29.8,27.0,27.0,station
2024-05-13,29.3,31.1,29.7,29.0,27.4,29.2,30.8,26.1,29.1,28.9,29.3,1.33,0.48,74,83,16.8,19.48,2.9,0.7423,-0.6701,29.5,30.0,30.0,station
2024-05-14,29.1,30.7,30.0,30.0,29.7,29.8,31.0,30.8,30.0,28.2,29.9,0.58,-0.06,78,24,12.6,24.64,1.0,0.7306,-0.6828,29.8,33.0,33.0,station
2024-05-15,30.6,31.8,32.1,31.4,30.5,30.1,31.7,31.7,31.6,29.1,31.28,0.71,0.44,75,66,9.8,23.53,0.1,0.7188,-0.6952,30.5,33.0,33.0,station
2024-05-16,28.8,31.1,31.2,31.2,31.5,30.2,31.4,27.1,31.2,31.1,30.76,1.11,0.56,70,19,13.6,24.0,0.0,0.7067,-0.7075,30.0,32.0,32.0,station
2024-05-17,28.5,29.5,29.3,30.9,31.6,29.2,29.0,29.2,30.2,27.9,29.96,1.26,0.86,75,56,8.2,22.55,0.0,0.6945,-0.7195,29.2,31.0,31.0,station
2024-05-18,27.9,25.0,23.4,25.8,29.5,26.7,27.2,24.2,29.8,25.0,26.32,2.41,-0.26,83,100,11.3,12.41,12.0,0.682,-0.7314,26.1,25.0,25.0,station
2024-05-19,22.8,22.6,21.6,23.8,24.3,23.0,22.7,21.2,24.0,26.8,23.02,1.06,-0.52,90,100,11.6,6.51,27.3,0.6693,-0.743,24.1,23.0,23.0,station
2024-05-20,25.9,23.9,22.4,22.9,24.7,26.0,24.4,23.1,23.7,25.2,23.96,1.4,-0.52,91,100,11.0,6.35,31.8,0.6564,-0.7544,24.9,23.0,23.0,station
2024-05-21,27.6,26.1,24.0,27.2,24.8,28.2,25.9,23.9,28.3,25.2,25.94,1.54,-0.36,84,95,12.0,12.98,2.2,0.6433,-0.7656,28.7,26.0,26.0,station
2024-05-22,30.3,29.2,27.7,29.2,25.5,29.3,29.3,28.8,30.8,29.0,28.38,1.86,-1.06,85,91,15.3,19.61,2.7,0.6301,-0.7765,30.9,31.0,31.0,station
2024-05-23,29.7,30.1,26.8,28.3,26.0,28.6,29.1,27.6,29.9,27.5,28.18,1.78,-0.36,89,94,11.0,16.07,13.2,0.6166,-0.7873,29.4,29.0,29.0,station
2024-05-24,29.2,29.8,28.0,29.1,25.0,29.4,31.8,29.2,29.8,27.1,28.22,1.91,-1.24,90,86,12.5,12.42,5.9,0.603,-0.7978,28.1,29.0,29.0,station
2024-05-25,31.3,31.5,29.3,28.6,30.8,30.9,31.2,27.9,29.4,26.8,30.3,1.28,1.06,86,91,11.2,19.76,9.5,0.5892,-0.808,30.6,34.0,34.0,station
2024-05-26,29.6,29.1,25.0,29.2,29.4,30.6,30.2,31.4,28.4,28.3,28.46,1.94,-1.32,88,95,17.1,15.21,15.0,0.5752,-0.818,30.4,31.0,31.0,station
2024-05-27,28.5,29.7,31.3,29.5,31.4,29.2,29.6,29.7,29.1,27.9,30.08,1.25,0.98,90,89,14.2,14.8,41.2,0.561,-0.8278,29.5,30.0,30.0,station
2024-05-28,31.8,32.6,29.8,31.9,31.9,32.1,32.6,30.4,32.0,31.6,31.6,1.06,-0.14,86,58,16.0,18.27,11.0,0.5467,-0.8373,31.5,31.0,31.0,station
2024-05-29,27.9,29.9,27.1,30.3,29.7,29.4,30.4,25.3,31.0,29.0,28.98,1.4,-0.04,74,80,13.1,14.29,0.0,0.5322,-0.8466,28.8,31.0,31.0,station
2024-05-30,29.8,29.5,29.2,30.2,28.6,30.4,29.7,31.1,31.8,31.2,29.46,0.61,-1.38,81,91,11.4,15.16,3.0,0.5176,-0.8556,30.3,31.0,31.0,station
2024-05-31,30.8,29.4,28.6,30.3,28.8,31.2,29.4,28.2,31.2,29.2,29.58,0.95,-0.26,87,92,20.7,15.79,18.1,0.5028,-0.8644,30.9,32.0,32.0,station
2024-06-01,26.8,27.0,28.6,26.0,26.5,27.2,26.6,26.1,27.1,31.1,26.98,0.98,-0.64,92,100,23.8,7.97,35.0,0.4878,-0.8729,28.0,28.0,28.0,station
2024-06-02,31.7,32.3,31.7,31.3,32.4,31.8,31.6,29.1,30.6,32.1,31.88,0.46,0.84,80,59,12.7,21.16,2.7,0.4728,-0.8812,32.2,34.0,34.0,station
2024-06-03,27.9,27.9,26.5,27.8,27.2,29.4,28.2,24.5,28.6,26.2,27.46,0.61,0.08,89,87,14.8,6.93,35.7,0.4575,-0.8892,27.2,29.0,29.0,station
2024-06-04,27.3,25.2,23.8,26.0,24.8,26.1,24.9,23.7,25.1,26.7,25.42,1.32,0.12,88,100,15.3,8.23,13.5,0.4422,-0.8969,26.9,27.0,27.0,station
2024-06-05,26.8,25.5,23.8,26.7,25.3,27.5,24.9,25.7,24.2,25.0,25.62,1.22,0.16,88,100,12.8,9.59,26.3,0.4267,-0.9044,27.8,26.0,26.0,station
2024-06-06,28.9,26.8,23.5,26.8,27.4,27.3,26.3,26.6,27.1,27.1,26.68,1.97,-0.2,82,92,13.4,15.31,6.5,0.4111,-0.9116,30.1,27.0,27.0,station
2024-06-07,27.5,28.5,25.0,29.1,26.8,28.7,27.5,23.6,29.4,27.4,27.38,1.6,0.06,88,83,10.9,12.06,4.8,0.3953,-0.9185,27.7,27.0,27.0,station
2024-06-08,30.3,28.6,29.6,29.4,28.4,28.4,29.3,29.1,30.7,30.5,29.26,0.77,-0.34,92,97,16.8,5.93,90.3,0.3795,-0.9252,27.0,27.0,27.0,station
2024-06-09,29.6,28.8,29.4,29.0,27.6,30.2,29.3,30.0,29.1,27.9,28.88,0.78,-0.42,91,98,16.2,11.57,22.9,0.3635,-0.9316,29.6,28.0,28.0,station
2024-06-10,31.0,30.5,30.6,30.8,30.3,30.1,30.4,30.1,31.2,29.9,30.64,0.27,0.3,87,94,18.3,17.36,8.4,0.3474,-0.9377,31.5,33.0,33.0,station
2024-06-11,32.2,32.1,32.3,32.6,29.6,31.8,32.1,31.9,32.2,29.0,31.76,1.22,0.36,89,98,15.1,14.57,15.5,0.3312,-0.9436,30.3,34.0,34.0,station
2024-06-12,31.8,32.9,31.8,32.3,31.9,32.6,32.8,31.1,32.7,32.3,32.14,0.47,-0.16,90,97,13.7,17.19,19.7,0.3149,-0.9491,31.6,35.0,35.0,station
2024-06-13,29.9,31.9,34.2,32.8,32.5,30.5,31.1,33.1,32.5,32.3,32.26,1.57,0.36,92,100,13.9,10.8,22.5,0.2986,-0.9544,30.0,35.0,35.0,station
2024-06-14,29.0,30.8,29.7,29.4,31.6,28.0,30.2,31.6,31.2,32.9,30.1,1.07,-0.68,90,100,15.1,11.47,29.3,0.2821,-0.9594,31.6,32.0,32.0,station
2024-06-15,29.3,28.5,31.6,30.9,30.5,28.2,28.3,32.2,30.3,28.6,30.16,1.25,0.64,93,100,15.8,7.25,59.1,0.2656,-0.9641,29.0,30.0,30.0,station
2024-06-16,27.6,28.6,27.0,29.7,26.9,28.0,28.6,30.1,30.5,28.7,27.96,1.18,-1.22,91,100,18.0,10.54,46.3,0.2489,-0.9685,29.8,32.0,32.0,station
2024-06-17,31.3,31.0,32.9,32.8,30.9,32.1,31.3,32.0,32.9,32.4,31.78,0.99,-0.36,89,100,19.1,14.22,8.2,0.2322,-0.9727,32.1,35.0,35.0,station
2024-06-18,31.3,31.1,32.8,33.0,30.1,30.5,31.6,31.9,32.7,30.2,31.66,1.22,0.28,87,90,18.7,15.79,8.2,0.2155,-0.9765,31.8,35.0,35.0,station
2024-06-19,31.6,32.4,32.1,33.8,32.3,31.5,32.6,31.4,32.9,30.0,32.44,0.82,0.76,86,100,17.7,17.0,15.4,0.1986,-0.9801,32.2,35.0,35.0,station
2024-06-20,32.2,33.9,32.4,33.4,33.0,31.9,33.9,33.0,33.5,33.6,32.98,0.7,-0.2,83,76,16.5,23.48,5.0,0.1818,-0.9833,32.7,35.0,35.0,station
2024-06-21,32.3,34.0,32.8,34.3,32.1,32.2,34.2,33.5,34.1,32.5,33.1,1.0,-0.2,80,82,18.7,24.67,0.9,0.1648,-0.9863,33.5,37.0,37.0,station
2024-06-22,31.2,34.1,32.8,33.8,33.1,32.3,34.5,33.6,33.8,32.5,33.0,1.13,-0.34,82,96,14.4,20.52,3.6,0.1478,-0.989,32.6,35.0,35.0,station
2024-06-23,30.9,32.9,33.8,33.6,32.5,30.9,33.0,33.0,33.5,31.5,32.74,1.15,0.36,85,99,15.5,18.3,14.1,0.1308,-0.9914,32.0,35.0,35.0,station
2024-06-24,30.8,31.7,33.1,33.1,31.5,31.7,32.3,33.2,33.6,30.9,32.04,1.02,-0.3,86,99,18.0,16.62,10.3,0.1137,-0.9935,30.7,34.0,34.0,station
2024-06-25,31.5,30.8,33.2,33.0,31.8,29.3,31.1,33.2,31.5,30.4,32.06,1.02,0.96,87,96,15.4,16.11,9.2,0.0966,-0.9953,31.6,33.0,33.0,station
2024-06-26,29.3,32.4,31.0,33.5,30.5,29.5,32.5,31.5,33.4,31.9,31.34,1.64,-0.42,86,94,12.9,20.16,13.2,0.0795,-0.9968,31.6,34.0,34.0,station
2024-06-27,31.4,32.9,34.2,34.0,34.3,31.0,32.7,32.7,34.5,31.6,33.36,1.23,0.86,86,85,11.5,21.64,5.5,0.0623,-0.9981,32.0,35.0,35.0,station
2024-06-28,31.6,33.6,33.3,35.2,34.3,32.7,33.5,32.5,35.7,32.3,33.6,1.34,0.26,83,89,17.3,21.5,5.9,0.0451,-0.999,32.1,36.0,36.0,station
2024-06-29,32.8,32.8,33.6,34.4,33.1,31.6,32.8,32.4,34.3,32.3,33.34,0.68,0.66,77,94,21.6,23.71,1.5,0.028,-0.9996,33.6,35.0,35.0,station
2024-06-30,33.1,32.5,34.0,34.9,34.2,31.8,32.1,32.5,34.1,33.8,33.74,0.94,0.88,80,100,21.0,15.02,6.6,0.0108,-0.9999,31.5,34.0,34.0,station
2024-07-01,32.5,32.3,34.9,33.3,33.0,31.8,32.2,33.8,34.4,34.1,33.2,1.03,-0.06,80,96,22.8,21.94,8.5,-0.0065,-1.0,33.4,36.0,36.0,station
2024-07-02,31.8,31.7,33.1,32.2,32.6,31.3,31.9,33.6,32.0,33.6,32.28,0.58,-0.2,84,99,22.3,16.32,8.6,-0.0237,-0.9997,31.0,33.0,33.0,station
2024-07-03,32.2,34.3,34.0,35.4,31.8,32.9,34.2,34.0,35.8,33.6,33.54,1.51,-0.56,83,70,18.8,22.73,3.7,-0.0408,-0.9992,32.0,36.0,36.0,station
2024-07-04,31.4,32.3,33.4,33.6,32.9,30.1,32.4,34.5,34.3,30.9,32.72,0.89,0.28,87,67,11.9,18.26,7.9,-0.058,-0.9983,31.3,34.0,34.0,station
2024-07-05,31.8,33.7,35.0,33.7,33.5,33.0,34.2,33.9,34.4,34.6,33.54,1.14,-0.48,82,36,12.1,24.18,2.0,-0.0752,-0.9972,32.7,37.0,37.0,station
2024-07-06,32.4,34.3,33.2,34.9,34.4,32.2,34.6,34.0,34.7,34.8,33.84,1.02,-0.22,82,33,14.8,24.38,2.3,-0.0923,-0.9957,33.1,36.0,36.0,station
2024-07-07,32.8,34.4,35.0,34.7,34.0,32.9,34.2,34.0,33.9,32.9,34.18,0.86,0.6,82,39,17.3,23.55,5.2,-0.1094,-0.994,33.0,36.0,36.0,station
2024-07-08,32.6,33.5,33.1,34.9,32.7,32.6,33.7,33.1,34.7,29.8,33.36,0.93,0.58,82,46,15.8,23.39,3.6,-0.1265,-0.992,33.2,37.0,37.0,station
2024-07-09,33.2,34.1,32.9,34.9,34.2,32.9,33.4,34.0,35.1,32.8,33.86,0.81,0.22,79,44,15.1,24.26,1.8,-0.1436,-0.9896,33.5,37.0,37.0,station
2024-07-10,32.9,34.9,34.7,34.8,32.9,32.7,34.7,33.4,34.8,33.0,34.04,1.04,0.32,80,38,12.4,22.56,1.6,-0.1606,-0.987,33.5,37.0,37.0,station
2024-07-11,31.3,32.8,34.3,34.9,30.0,32.5,33.1,33.3,34.9,32.9,32.66,2.04,-0.68,82,71,14.3,21.48,5.4,-0.1775,-0.9841,32.3,35.0,35.0,station
2024-07-12,31.5,32.4,34.4,34.1,34.0,33.0,33.5,33.4,34.6,30.0,33.28,1.26,0.38,83,99,14.8,19.11,8.1,-0.1944,-0.9809,32.6,32.0,32.0,station
2024-07-13,31.4,33.5,34.7,34.2,32.3,33.0,34.2,34.5,34.9,32.7,33.22,1.36,-0.64,81,64,15.4,19.47,2.6,-0.2113,-0.9774,32.6,36.0,36.0,station
2024-07-14,33.2,34.9,33.7,35.1,35.3,33.3,35.4,34.5,34.9,35.2,34.44,0.93,-0.22,79,81,12.0,24.11,3.2,-0.2281,-0.9736,34.1,37.0,37.0,station
2024-07-15,33.1,34.4,34.4,35.3,35.3,32.3,33.6,34.6,34.7,35.3,34.5,0.9,0.4,79,68,14.6,22.92,3.7,-0.2448,-0.9696,34.1,37.0,37.0,station
2024-07-16,31.8,32.7,33.5,34.7,32.8,31.6,33.2,35.3,34.5,33.2,33.1,1.08,-0.46,80,82,16.9,20.06,5.7,-0.2614,-0.9652,32.8,34.0,34.0,station
2024-07-17,31.6,32.3,34.0,33.1,33.7,32.7,32.6,33.6,33.7,33.4,32.94,0.99,-0.26,83,73,19.0,20.67,8.0,-0.278,-0.9606,32.5,36.0,36.0,station
2024-07-18,29.9,30.5,34.2,32.6,34.2,30.4,32.2,33.7,32.5,34.3,32.28,2.02,-0.34,84,47,17.8,20.27,12.3,-0.2945,-0.9557,32.0,34.0,34.0,station
2024-07-19,30.8,31.1,34.8,33.3,31.5,30.8,31.9,32.5,33.8,33.1,32.3,1.7,-0.12,86,77,20.6,17.03,6.7,-0.3109,-0.9505,31.2,34.0,34.0,station
2024-07-20,33.3,34.3,33.8,33.9,35.0,31.7,34.4,33.7,34.0,33.0,34.06,0.63,0.7,83,81,16.1,21.21,2.5,-0.3272,-0.945,33.5,36.0,36.0,station
2024-07-21,31.6,34.7,34.2,34.3,34.5,31.4,34.7,34.2,33.2,32.6,33.86,1.28,0.64,82,79,17.9,20.86,3.9,-0.3434,-0.9392,32.3,35.0,35.0,station
2024-07-22,32.3,33.0,33.9,33.7,33.7,31.5,34.5,31.1,34.3,32.9,33.32,0.66,0.46,81,78,17.1,22.11,3.1,-0.3595,-0.9332,33.5,35.0,35.0,station
2024-07-23,32.9,34.7,35.3,34.9,33.0,33.7,34.7,35.4,34.9,33.8,34.16,1.13,-0.34,81,59,10.7,23.36,0.8,-0.3755,-0.9268,34.2,36.0,36.0,station
2024-07-24,34.1,36.3,37.5,35.6,34.5,34.5,36.3,36.5,35.9,35.8,35.6,1.37,-0.2,75,84,11.2,23.67,0.0,-0.3914,-0.9202,35.3,37.0,37.0,station
2024-07-25,36.2,38.0,39.2,38.3,39.2,36.1,37.8,38.1,38.0,38.6,38.18,1.23,0.46,69,93,20.6,25.4,0.0,-0.4071,-0.9134,37.0,38.0,38.0,station
2024-07-26,34.8,33.6,38.6,35.8,37.2,34.4,33.3,38.5,35.6,38.1,36.0,1.96,0.02,78,100,19.5,14.71,11.4,-0.4228,-0.9062,35.8,37.0,37.0,station
2024-07-27,28.8,29.0,26.7,29.3,27.6,30.7,29.5,28.2,29.7,28.7,28.28,1.09,-1.08,94,100,12.8,4.53,50.5,-0.4383,-0.8988,28.8,30.0,30.0,station
2024-07-28,27.5,28.5,27.5,29.3,25.4,28.1,28.6,28.2,29.0,25.7,27.64,1.46,-0.28,94,100,18.4,5.24,72.2,-0.4537,-0.8912,27.6,30.0,30.0,station
2024-07-29,29.9,28.4,30.0,29.1,27.7,28.4,28.5,26.0,29.0,26.1,29.02,0.98,1.42,91,99,17.8,9.31,32.3,-0.469,-0.8832,28.7,32.0,32.0,station
2024-07-30,28.8,29.4,29.7,30.7,28.3,29.9,29.6,28.6,30.9,27.3,29.38,0.91,0.12,90,81,15.5,14.31,22.7,-0.4841,-0.875,29.6,31.0,31.0,station
2024-07-31,30.2,30.3,30.4,30.8,29.2,29.9,29.9,30.9,30.6,28.8,30.18,0.59,0.16,87,99,19.2,14.23,12.9,-0.4991,-0.8666,30.4,32.0,32.0,station
2024-08-01,32.1,32.4,33.9,33.2,33.2,30.8,32.1,33.2,32.9,31.3,32.96,0.72,0.9,84,50,16.5,19.49,3.9,-0.5139,-0.8578,31.8,34.0,34.0,station
2024-08-02,32.0,33.5,34.7,32.3,32.3,31.0,33.4,35.3,32.8,32.8,32.96,1.13,-0.1,85,42,12.5,21.76,1.7,-0.5286,-0.8489,32.4,36.0,36.0,station
2024-08-03,33.1,34.8,33.6,35.5,33.8,33.1,34.8,35.2,34.6,32.3,34.16,0.97,0.16,81,15,8.9,24.15,0.4,-0.5431,-0.8397,34.1,36.0,36.0,station
2024-08-04,34.0,36.5,36.7,35.9,35.7,33.9,36.2,36.9,36.4,35.0,35.76,1.07,0.08,80,14,6.9,25.42,0.8,-0.5575,-0.8302,35.0,37.0,37.0,station
2024-08-05,34.8,36.7,37.7,36.5,36.7,34.6,37.1,37.5,37.0,36.6,36.48,1.05,-0.08,79,57,15.2,23.1,1.3,-0.5717,-0.8205,34.8,38.0,38.0,station
2024-08-06,34.5,36.0,36.6,36.0,37.1,34.7,36.5,36.2,36.9,36.9,36.04,0.98,-0.2,83,73,10.2,21.19,7.8,-0.5857,-0.8105,33.6,38.0,38.0,station
2024-08-07,34.0,35.8,37.7,36.3,36.9,34.4,35.9,36.2,36.0,36.7,36.14,1.39,0.3,80,42,10.2,23.69,2.6,-0.5996,-0.8003,34.1,38.0,38.0,station
2024-08-08,34.2,36.3,37.4,35.7,36.1,34.5,36.4,37.8,36.9,36.6,35.94,1.16,-0.5,80,45,11.7,24.81,0.1,-0.6132,-0.7899,34.4,37.0,37.0,station
2024-08-09,34.2,36.3,37.6,36.5,35.7,33.9,36.0,37.4,36.9,35.7,36.06,1.25,0.08,74,45,12.3,24.42,0.4,-0.6267,-0.7792,35.2,38.0,38.0,station
2024-08-10,33.1,34.6,36.2,34.4,36.2,32.9,35.3,36.5,35.6,35.5,34.9,1.32,-0.26,83,99,10.6,17.79,11.7,-0.64,-0.7683,32.0,37.0,37.0,station
2024-08-11,31.4,33.0,35.4,32.8,34.5,32.5,33.4,36.0,32.6,34.4,33.42,1.56,-0.36,88,97,12.8,17.0,22.7,-0.6532,-0.7572,33.0,35.0,35.0,station
2024-08-12,30.9,32.8,31.3,32.2,28.0,29.9,32.0,29.6,31.3,28.2,31.04,1.86,0.84,92,100,12.6,9.1,23.8,-0.6661,-0.7459,29.4,34.0,34.0,station
2024-08-13,28.9,32.2,34.4,33.5,31.2,31.3,33.0,27.2,32.7,29.8,32.04,2.14,1.24,87,99,8.9,16.62,2.6,-0.6788,-0.7343,31.7,33.0,33.0,station
2024-08-14,30.3,31.8,32.7,32.6,27.1,30.5,33.0,33.4,34.0,33.7,30.9,2.33,-2.02,91,100,14.5,12.17,22.6,-0.6914,-0.7225,30.1,34.0,34.0,station
2024-08-15,30.5,31.5,32.3,31.7,28.0,29.9,31.7,33.7,31.3,32.5,30.8,1.69,-1.02,90,100,13.1,14.97,22.0,-0.7037,-0.7105,31.2,32.0,32.0,station
2024-08-16,30.4,31.3,32.2,31.3,26.5,29.7,31.5,34.3,31.9,30.9,30.34,2.24,-1.32,92,89,17.7,13.72,33.6,-0.7158,-0.6983,30.6,34.0,34.0,station
2024-08-17,30.1,30.0,30.4,30.3,27.1,29.4,30.1,31.3,31.8,30.7,29.58,1.4,-1.08,93,100,14.2,6.83,19.4,-0.7277,-0.6859,28.1,28.0,28.0,station
2024-08-18,31.0,31.5,29.5,32.1,31.7,30.8,32.3,30.8,32.4,32.5,31.16,1.01,-0.6,94,100,10.9,8.15,35.6,-0.7394,-0.6733,28.5,32.0,32.0,station
2024-08-19,30.8,32.7,32.1,31.0,32.5,30.8,33.3,32.3,31.1,31.6,31.82,0.87,0.0,91,100,13.4,11.16,32.4,-0.7509,-0.6605,30.9,33.0,33.0,station
2024-08-20,31.0,31.3,30.0,31.0,29.1,30.4,31.6,31.8,31.0,28.1,30.48,0.91,-0.1,93,100,15.3,9.63,39.9,-0.7621,-0.6474,30.7,32.0,32.0,station
2024-08-21,27.4,28.8,27.2,30.3,27.7,27.2,28.7,26.1,29.5,28.0,28.28,1.29,0.38,94,100,16.0,6.92,36.6,-0.7731,-0.6342,28.8,28.0,28.0,station
2024-08-22,28.1,30.3,27.2,31.2,26.0,28.4,30.9,25.3,31.8,28.0,28.56,2.16,-0.32,90,100,10.9,8.89,11.1,-0.7839,-0.6208,29.5,33.0,33.0,station
2024-08-23,31.5,31.8,31.7,32.6,32.1,30.5,32.3,31.3,33.1,31.6,31.94,0.43,0.18,88,98,6.6,12.95,6.9,-0.7945,-0.6073,31.1,32.0,32.0,station
2024-08-24,32.0,34.5,32.7,33.6,32.9,32.2,34.3,34.4,33.5,33.5,33.14,0.95,-0.44,84,90,10.1,19.34,1.5,-0.8048,-0.5935,32.8,35.0,35.0,station
2024-08-25,31.4,32.8,35.1,33.6,34.5,31.8,33.8,33.2,33.5,34.2,33.48,1.45,0.18,89,71,10.9,19.59,9.0,-0.8149,-0.5796,32.6,35.0,35.0,station
2024-08-26,31.7,33.7,34.6,32.9,33.5,31.9,33.9,35.0,32.9,32.4,33.28,1.07,0.06,88,52,7.3,21.37,10.9,-0.8248,-0.5655,32.2,37.0,37.0,station
2024-08-27,32.8,35.1,35.1,35.0,35.4,33.1,35.3,35.3,34.1,35.4,34.68,1.06,0.04,85,50,9.8,22.84,1.5,-0.8344,-0.5512,33.2,37.0,37.0,station
2024-08-28,32.0,34.6,34.5,35.4,35.5,33.5,35.0,34.4,35.5,35.8,34.4,1.42,-0.44,85,96,12.0,19.02,2.2,-0.8437,-0.5368,32.5,37.0,37.0,station
2024-08-29,32.4,33.6,34.1,34.4,35.1,31.9,33.8,33.1,34.5,34.9,33.92,1.01,0.28,84,91,19.5,16.04,9.3,-0.8528,-0.5222,31.9,34.0,34.0,station
2024-08-30,31.6,34.2,33.4,33.7,31.3,31.4,33.7,32.8,33.3,30.5,32.84,1.3,0.5,85,66,13.7,18.6,2.5,-0.8617,-0.5074,32.5,36.0,36.0,station
2024-08-31,30.7,32.9,31.0,34.1,34.9,31.5,33.7,35.0,35.0,33.7,32.72,1.85,-1.06,82,56,13.0,20.17,4.6,-0.8703,-0.4925,33.4,37.0,37.0,station
2024-09-01,33.3,35.1,35.2,35.0,35.1,32.6,34.8,34.6,34.5,35.4,34.74,0.81,0.36,84,74,12.2,21.0,0.7,-0.8786,-0.4775,33.0,37.0,37.0,station
2024-09-02,32.6,35.8,35.6,35.1,36.2,31.8,35.5,35.0,34.9,36.3,35.06,1.43,0.36,86,65,10.1,18.99,12.5,-0.8867,-0.4623,33.1,38.0,38.0,station
2024-09-03,32.3,36.2,35.4,35.6,35.4,32.3,35.8,34.5,34.5,34.0,34.98,1.53,0.76,84,99,12.6,22.1,1.3,-0.8945,-0.447,34.1,37.0,37.0,station
2024-09-04,32.6,34.5,35.4,34.4,31.5,33.0,34.7,35.6,35.4,35.7,33.68,1.59,-1.2,85,88,14.0,20.03,2.3,-0.9021,-0.4315,32.6,36.0,36.0,station
2024-09-05,34.2,35.4,35.2,35.0,36.4,33.7,35.6,34.3,35.4,35.0,35.24,0.79,0.44,76,79,18.1,22.55,2.2,-0.9094,-0.4159,34.7,36.0,36.0,station
2024-09-06,29.5,30.0,27.9,30.8,32.6,31.2,29.7,27.7,32.1,33.1,30.16,1.73,-0.6,85,95,23.1,6.09,15.6,-0.9164,-0.4002,28.9,30.0,30.0,station
2024-09-07,29.5,30.8,29.4,31.1,32.1,31.6,30.5,26.8,33.5,30.5,30.58,1.14,0.0,87,100,23.1,14.39,15.4,-0.9232,-0.3844,31.1,32.0,32.0,station
2024-09-08,31.1,31.6,31.9,31.5,33.5,32.1,31.5,30.6,31.6,33.3,31.92,0.93,0.1,89,100,14.4,11.76,7.8,-0.9296,-0.3685,29.7,32.0,32.0,station
2024-09-09,29.7,31.0,30.9,31.1,28.7,29.9,31.9,32.2,32.3,32.6,30.28,1.05,-1.5,89,85,7.7,13.87,18.1,-0.9358,-0.3524,30.2,35.0,35.0,station
2024-09-10,31.5,33.3,33.1,32.5,33.0,31.4,33.3,33.3,32.6,33.2,32.68,0.72,-0.08,88,84,10.7,20.31,8.7,-0.9418,-0.3363,32.1,34.0,34.0,station
2024-09-11,32.3,34.7,33.8,34.2,35.1,32.5,34.6,33.5,33.9,34.5,34.02,1.08,0.22,85,57,15.3,20.63,3.7,-0.9474,-0.32,32.4,36.0,36.0,station
2024-09-12,32.7,34.3,34.6,34.2,34.9,32.7,34.6,34.2,34.8,34.2,34.14,0.85,0.04,84,35,14.2,20.93,2.0,-0.9528,-0.3037,33.0,37.0,37.0,station
2024-09-13,32.4,33.5,32.1,31.8,30.5,32.4,34.3,32.0,33.1,31.7,32.06,1.08,-0.64,88,99,11.8,15.63,13.7,-0.9579,-0.2873,31.2,35.0,35.0,station
2024-09-14,31.5,32.3,32.2,32.6,30.2,31.8,32.9,29.0,33.6,29.6,31.76,0.96,0.38,90,69,9.4,15.83,24.7,-0.9627,-0.2707,31.3,35.0,35.0,station
2024-09-15,31.4,32.7,30.1,32.4,32.7,30.7,32.4,32.5,33.9,32.8,31.86,1.12,-0.6,83,49,11.6,20.93,3.2,-0.9672,-0.2541,31.5,34.0,34.0,station
2024-09-16,31.0,33.1,33.6,33.0,33.2,31.2,33.5,33.2,33.4,33.1,32.78,1.02,-0.1,85,81,13.2,17.87,6.3,-0.9714,-0.2375,31.3,35.0,35.0,station
2024-09-17,33.2,34.8,33.4,33.7,35.1,33.1,35.0,33.9,34.8,34.6,34.04,0.86,-0.24,83,82,18.7,19.9,34.1,-0.9753,-0.2207,33.6,36.0,36.0,station
2024-09-18,32.8,35.4,34.8,34.7,34.6,33.3,35.4,35.1,34.8,35.7,34.46,0.98,-0.4,79,23,14.8,21.78,2.0,-0.979,-0.2039,33.5,35.0,35.0,station
2024-09-19,33.0,35.0,34.1,35.3,35.6,33.3,35.3,33.8,35.2,35.6,34.6,1.06,-0.04,79,82,11.5,20.8,0.4,-0.9824,-0.187,33.5,35.0,35.0,station
2024-09-20,32.6,34.6,35.7,33.8,35.4,32.8,34.1,34.9,34.6,36.2,34.42,1.26,-0.1,85,57,12.2,20.23,8.4,-0.9854,-0.1701,32.9,36.0,36.0,station
2024-09-21,30.5,32.8,32.3,32.1,32.9,30.2,33.0,30.7,31.9,32.7,32.12,0.97,0.42,90,98,15.4,12.97,34.1,-0.9882,-0.1531,31.1,34.0,34.0,station
2024-09-22,29.3,28.3,28.5,27.7,28.1,28.9,28.3,28.4,28.2,27.7,28.38,0.59,0.08,80,87,24.3,14.0,13.5,-0.9907,-0.1361,29.6,30.0,30.0,station
2024-09-23,24.4,23.9,24.1,23.6,24.2,28.4,23.9,21.1,23.4,25.6,24.04,0.3,-0.44,78,100,22.9,4.0,15.2,-0.9929,-0.1191,24.0,25.0,25.0,station
2024-09-24,24.4,23.9,21.1,24.9,23.8,25.4,24.2,22.4,27.3,28.0,23.62,1.48,-1.84,88,100,14.0,8.53,8.5,-0.9948,-0.102,26.8,26.0,26.0,station
2024-09-25,29.7,29.6,28.7,30.4,29.0,29.3,28.9,28.9,30.4,29.8,29.48,0.66,0.02,85,71,7.9,16.72,1.7,-0.9964,-0.0848,30.4,32.0,32.0,station
2024-09-26,30.4,32.1,32.5,31.8,32.3,30.5,31.7,32.2,32.1,32.0,31.82,0.83,0.12,81,57,11.0,19.52,0.3,-0.9977,-0.0677,31.4,33.0,33.0,station
2024-09-27,31.0,33.3,33.6,32.5,33.7,30.7,33.3,32.9,32.4,33.4,32.82,1.12,0.28,82,24,9.8,19.38,0.4,-0.9987,-0.0505,31.7,35.0,35.0,station
2024-09-28,31.4,33.1,33.3,32.1,33.6,31.4,33.1,33.4,32.0,32.6,32.7,0.92,0.2,83,24,9.4,19.14,0.3,-0.9994,-0.0333,31.8,35.0,35.0,station
2024-09-29,31.7,33.3,32.7,32.4,33.5,31.0,32.8,31.8,32.0,31.7,32.72,0.72,0.86,85,26,15.5,18.0,2.0,-0.9999,-0.0161,31.5,35.0,35.0,station
2024-09-30,32.5,35.1,34.7,35.7,34.8,32.6,35.4,34.5,34.7,34.3,34.56,1.22,0.26,79,14,14.6,21.12,1.3,-1.0,0.0011,33.0,36.0,36.0,station
2024-10-01,29.4,30.7,30.2,31.0,32.3,29.6,31.1,29.7,31.8,31.3,30.72,1.07,0.02,66,22,27.9,20.76,0.0,-0.9998,0.0183,30.4,33.0,33.0,station
2024-10-02,25.7,27.8,26.4,27.4,28.8,25.5,27.5,26.6,27.2,27.4,27.22,1.21,0.38,55,42,25.9,20.51,0.0,-0.9994,0.0355,26.4,29.0,29.0,station
2024-10-03,24.9,27.7,27.5,27.4,27.7,24.7,27.7,26.8,27.0,28.4,27.04,1.2,0.12,48,26,20.8,21.22,0.0,-0.9986,0.0527,25.7,29.0,29.0,station
2024-10-04,26.7,29.2,28.2,29.8,30.1,26.4,29.1,28.1,28.8,29.2,28.8,1.38,0.48,51,27,19.3,19.03,0.0,-0.9976,0.0698,27.4,30.0,30.0,station
2024-10-05,28.4,30.3,30.1,30.9,31.8,28.1,30.6,30.0,31.6,32.1,30.3,1.25,-0.18,57,13,15.8,19.05,0.0,-0.9962,0.087,28.9,31.0,31.0,station
2024-10-06,30.5,31.5,32.2,32.3,33.1,29.9,31.6,31.5,32.2,33.3,31.92,0.98,0.22,61,22,15.1,17.44,0.0,-0.9946,0.1041,30.8,33.0,33.0,station
2024-10-07,29.8,31.6,32.0,32.2,32.5,30.2,31.4,32.2,32.4,32.7,31.62,1.07,-0.16,57,27,18.7,19.88,0.0,-0.9926,0.1212,30.7,33.0,33.0,station
2024-10-08,28.1,29.9,30.1,29.7,31.1,29.1,30.1,30.5,30.6,31.8,29.78,1.08,-0.64,58,8,19.6,20.34,0.0,-0.9904,0.1383,28.8,31.0,31.0,station
2024-10-09,28.1,28.8,29.7,29.5,30.7,28.7,29.3,30.0,30.2,31.2,29.36,0.98,-0.52,61,26,15.5,19.34,0.0,-0.9879,0.1553,29.4,30.0,30.0,station
2024-10-10,28.9,30.1,30.8,29.6,30.9,28.9,29.9,30.8,30.2,31.2,30.06,0.84,-0.14,57,35,14.4,19.68,0.0,-0.9851,0.1722,29.6,31.0,31.0,station
2024-10-11,29.6,30.9,30.3,30.6,30.4,29.9,31.3,31.5,30.5,31.4,30.36,0.48,-0.56,58,30,12.0,17.45,0.0,-0.9819,0.1892,29.7,30.0,30.0,station
2024-10-12,30.2,30.7,31.6,30.5,31.8,29.9,31.0,31.5,31.1,31.6,30.96,0.7,-0.06,72,24,8.3,16.96,0.0,-0.9785,0.206,30.3,32.0,32.0,station
2024-10-13,31.1,32.2,32.4,31.5,32.7,30.8,31.9,32.3,32.0,32.7,31.98,0.66,0.04,74,35,6.8,17.59,0.0,-0.9749,0.2228,30.9,34.0,34.0,station
2024-10-14,31.4,33.0,33.2,31.7,33.1,31.3,32.5,32.8,32.5,33.1,32.48,0.86,0.04,77,20,8.6,17.51,0.4,-0.9709,0.2396,31.5,34.0,34.0,station
2024-10-15,31.5,32.4,33.3,32.1,32.0,31.5,32.7,32.5,32.2,33.1,32.26,0.67,-0.14,81,28,11.3,16.99,18.8,-0.9666,0.2562,31.5,35.0,35.0,station
2024-10-16,30.0,31.7,32.5,31.3,32.9,31.1,31.9,32.3,30.9,32.3,31.68,1.13,-0.02,85,29,14.8,14.34,6.2,-0.9621,0.2728,30.0,32.0,32.0,station
2024-10-17,30.2,31.7,31.5,31.4,31.7,30.4,31.4,32.0,31.1,32.5,31.3,0.63,-0.18,79,43,10.2,17.3,1.1,-0.9572,0.2893,31.2,34.0,34.0,station
2024-10-18,28.3,29.9,30.9,30.1,32.4,29.3,31.9,32.3,31.0,33.4,30.32,1.5,-1.26,85,73,7.4,8.87,0.6,-0.9521,0.3057,29.1,31.0,31.0,station
2024-10-19,30.6,33.5,34.8,32.9,33.9,31.7,33.5,33.2,32.9,34.1,33.14,1.58,0.06,79,35,20.9,17.34,0.1,-0.9467,0.3221,32.1,36.0,36.0,station
2024-10-20,29.1,30.3,31.3,30.5,30.8,28.3,30.6,31.3,30.0,30.7,30.4,0.82,0.22,69,39,20.3,14.6,0.3,-0.941,0.3383,30.2,31.0,31.0,station
2024-10-21,28.8,29.9,31.2,30.2,32.1,28.7,30.4,30.8,30.5,31.4,30.44,1.26,0.08,68,18,15.4,18.14,0.0,-0.9351,0.3545,30.5,31.0,31.0,station
2024-10-22,29.2,30.2,32.5,30.4,31.3,29.2,30.6,32.5,30.7,31.7,30.72,1.24,-0.22,65,38,24.1,17.34,0.0,-0.9288,0.3705,30.0,32.0,32.0,station
2024-10-23,25.1,27.1,28.3,26.6,27.6,25.2,27.2,27.9,26.2,27.5,26.94,1.21,0.14,56,63,25.0,18.65,0.0,-0.9223,0.3864,25.7,27.0,27.0,station
2024-10-24,25.0,27.2,28.1,27.2,27.0,25.1,27.6,28.7,27.1,26.8,26.9,1.14,-0.16,43,94,22.9,19.77,0.0,-0.9155,0.4022,25.7,28.0,28.0,station
2024-10-25,26.2,29.0,28.4,28.1,29.1,25.9,28.7,28.5,28.1,29.0,28.16,1.17,0.12,43,91,25.6,15.06,0.0,-0.9085,0.4179,26.1,29.0,29.0,station
2024-10-26,27.6,27.5,26.2,27.4,31.5,26.2,27.8,24.7,25.6,30.6,28.04,2.02,1.06,57,91,24.7,12.43,0.2,-0.9012,0.4335,29.1,28.0,28.0,station
2024-10-27,28.5,28.4,30.0,28.3,30.8,29.3,27.3,30.0,28.3,30.9,29.2,1.13,0.04,67,77,23.7,16.26,0.0,-0.8936,0.4489,30.2,29.0,29.0,station
2024-10-28,26.9,27.5,28.2,23.7,28.2,27.9,27.5,22.8,26.3,28.2,26.9,1.87,0.36,60,52,22.1,17.45,0.0,-0.8857,0.4642,28.3,30.0,30.0,station
2024-10-29,22.1,24.4,29.2,24.4,24.7,22.8,25.2,21.4,26.0,27.0,24.96,2.59,0.48,70,99,19.8,9.9,6.8,-0.8776,0.4794,24.3,28.0,28.0,station
2024-10-30,24.6,27.2,28.8,24.8,25.9,27.4,28.1,28.2,26.9,27.6,26.26,1.76,-1.38,64,72,18.5,12.63,1.0,-0.8692,0.4944,25.8,28.0,28.0,station
2024-10-31,27.7,30.1,30.4,29.6,28.5,27.3,29.8,30.5,29.3,27.9,29.26,1.13,0.3,54,19,22.3,18.09,0.0,-0.8606,0.5093,28.7,31.0,31.0,station
2024-11-01,27.2,28.4,29.8,29.2,29.4,26.9,29.2,30.1,29.0,29.2,28.8,1.03,-0.08,56,45,22.2,17.74,0.0,-0.8517,0.524,28.0,30.0,30.0,station
2024-11-02,27.1,27.3,27.4,27.7,28.9,26.4,27.5,30.0,28.2,28.8,27.68,0.72,-0.5,56,68,21.1,15.2,0.0,-0.8426,0.5386,27.8,26.0,26.0,station
2024-11-03,28.9,29.0,28.1,28.8,30.3,28.0,29.5,30.2,25.0,29.3,29.02,0.8,0.62,56,70,15.9,14.45,0.0,-0.8332,0.553,29.1,31.0,31.0,station
2024-11-04,24.1,27.8,30.2,27.4,27.5,23.6,26.6,31.3,27.7,28.6,27.4,2.17,-0.16,65,99,23.5,7.5,0.2,-0.8235,0.5672,24.6,30.0,30.0,station
2024-11-05,26.9,27.6,29.8,28.1,28.7,27.2,28.5,29.7,28.0,28.5,28.22,1.1,-0.16,52,56,20.3,12.99,0.0,-0.8137,0.5813,28.1,28.0,28.0,station
2024-11-06,26.3,28.3,29.0,27.5,27.8,26.1,27.4,28.7,27.7,27.8,27.78,1.0,0.24,51,2,20.3,17.32,0.0,-0.8035,0.5952,27.5,28.0,28.0,station
2024-11-07,25.1,27.8,27.9,26.5,26.0,25.5,28.4,28.0,26.8,26.2,26.66,1.2,-0.32,44,0,20.9,17.79,0.0,-0.7932,0.609,25.9,27.0,27.0,station
2024-11-08,25.7,28.1,28.3,26.9,26.9,25.6,28.8,28.5,26.7,26.9,27.18,1.05,-0.12,45,18,18.5,17.74,0.0,-0.7826,0.6225,26.2,28.0,28.0,station
2024-11-09,26.2,27.5,29.8,28.0,25.1,28.3,29.3,30.5,28.8,28.4,27.32,1.79,-1.74,50,54,16.5,14.93,0.4,-0.7718,0.6359,29.0,28.0,28.0,station
2024-11-10,24.3,28.2,28.1,27.5,29.9,25.9,27.6,25.0,29.4,29.8,27.6,2.05,0.06,69,80,20.8,12.02,16.2,-0.7607,0.6491,25.9,28.0,28.0,station
2024-11-11,29.0,30.3,31.8,29.1,30.5,28.6,30.1,32.2,30.0,31.3,30.14,1.15,-0.3,65,73,15.7,11.7,0.1,-0.7494,0.6621,29.1,32.0,32.0,station
2024-11-12,29.5,31.3,32.2,30.4,31.2,29.4,31.0,32.6,30.4,32.0,30.92,1.02,-0.16,62,48,17.1,16.62,0.0,-0.7379,0.6749,30.4,31.0,31.0,station
2024-11-13,30.5,30.7,31.3,30.6,28.4,30.7,32.1,25.3,30.6,29.6,30.3,1.11,0.64,67,93,11.5,12.97,0.7,-0.7262,0.6875,30.8,31.0,31.0,station
2024-11-14,27.7,28.5,27.3,27.9,30.1,28.1,29.5,30.2,28.4,26.3,28.3,1.1,-0.2,84,98,16.7,6.32,9.1,-0.7143,0.6998,27.7,30.0,30.0,station
2024-11-15,25.7,25.8,28.2,26.7,24.7,26.3,26.8,31.1,27.4,24.9,26.22,1.31,-1.08,90,98,6.6,6.22,8.8,-0.7021,0.712,26.8,25.0,25.0,station
2024-11-16,29.5,29.1,27.8,29.7,28.2,29.2,27.7,30.8,30.4,28.7,28.86,0.83,-0.5,82,61,10.5,11.17,1.1,-0.6898,0.724,29.2,27.0,27.0,station
2024-11-17,29.6,29.7,30.2,28.3,28.9,29.3,29.7,31.5,29.3,28.7,29.34,0.74,-0.36,68,26,16.6,14.8,0.0,-0.6772,0.7358,29.7,30.0,30.0,station
2024-11-18,25.7,25.7,25.9,24.5,26.0,26.2,26.0,26.1,25.1,25.8,25.56,0.61,-0.28,65,33,20.5,14.42,0.0,-0.6645,0.7473,26.2,26.0,26.0,station
2024-11-19,19.9,20.8,19.0,19.9,18.7,23.0,21.8,18.4,21.2,19.3,19.66,0.83,-1.08,71,86,19.9,3.37,3.4,-0.6515,0.7586,19.8,22.0,22.0,station
2024-11-20,19.5,18.6,16.0,17.4,18.1,18.1,18.8,16.3,19.1,18.5,17.92,1.32,-0.24,85,100,18.2,2.85,6.9,-0.6384,0.7697,17.3,20.0,20.0,station
2024-11-21,22.7,22.3,22.0,21.6,21.0,22.9,22.6,18.4,22.2,22.5,21.92,0.65,0.2,71,33,16.5,15.81,0.1,-0.625,0.7806,23.6,23.0,23.0,station
2024-11-22,22.4,22.8,23.5,21.6,23.4,22.9,22.4,23.4,21.6,22.3,22.74,0.78,0.22,68,22,16.0,13.83,0.0,-0.6115,0.7912,23.1,21.0,21.0,station
2024-11-23,23.1,22.8,24.2,22.2,23.8,23.7,22.5,24.1,22.3,24.3,23.22,0.79,-0.16,70,39,15.0,13.6,0.9,-0.5978,0.8016,23.8,24.0,24.0,station
2024-11-24,23.2,22.3,20.2,21.6,21.6,23.0,22.1,25.4,23.7,25.4,21.78,1.1,-2.14,77,70,8.9,10.92,8.8,-0.584,0.8118,23.2,24.0,24.0,station
2024-11-25,25.6,23.1,24.9,23.7,23.5,24.9,22.6,26.2,23.6,25.0,24.16,1.05,-0.3,84,71,20.5,10.14,1.0,-0.5699,0.8217,25.0,23.0,23.0,station
2024-11-26,20.5,22.3,21.4,20.5,18.6,20.1,21.9,20.6,20.9,18.5,20.66,1.37,0.26,57,30,21.7,15.69,0.0,-0.5557,0.8314,21.0,22.0,22.0,station
2024-11-27,20.1,21.3,19.1,19.5,18.1,19.8,21.5,17.1,18.7,17.6,19.62,1.19,0.68,46,17,16.1,15.88,0.0,-0.5413,0.8408,20.6,22.0,22.0,station
2024-11-28,20.7,22.3,20.5,20.9,20.1,20.5,22.2,19.8,19.8,19.3,20.9,0.84,0.58,49,38,15.3,15.07,0.0,-0.5268,0.85,20.9,22.0,22.0,station
2024-11-29,20.0,21.6,20.8,21.0,19.8,19.9,22.2,20.8,20.2,19.1,20.64,0.74,0.2,45,21,15.8,16.21,0.0,-0.5121,0.859,20.6,22.0,22.0,station
2024-11-30,19.8,22.8,22.4,22.0,21.1,20.3,22.5,21.8,21.3,21.8,21.62,1.2,0.08,52,61,6.8,15.0,0.0,-0.4972,0.8676,21.9,23.0,23.0,station
2024-12-01,23.4,24.3,24.0,23.9,23.3,23.4,24.6,24.2,24.2,23.5,23.78,0.42,-0.2,64,43,5.1,15.83,0.0,-0.4822,0.8761,23.5,26.0,26.0,station
2024-12-02,25.2,25.6,25.6,25.0,25.6,24.9,26.1,25.7,25.7,25.3,25.4,0.28,-0.14,65,4,4.6,15.64,0.0,-0.4671,0.8842,25.2,27.0,27.0,station
2024-12-03,26.0,26.5,26.4,26.0,26.6,25.7,26.2,26.0,26.1,26.1,26.3,0.28,0.28,69,5,7.6,14.94,0.0,-0.4518,0.8921,26.5,28.0,28.0,station
2024-12-04,25.7,26.5,26.7,26.4,26.4,25.7,26.7,26.6,26.4,26.7,26.34,0.38,-0.08,66,12,6.3,14.59,0.0,-0.4364,0.8998,27.0,28.0,28.0,station
2024-12-05,23.7,24.8,25.6,24.6,25.4,24.6,24.7,25.4,25.5,25.8,24.82,0.75,-0.38,67,26,14.7,13.69,0.0,-0.4208,0.9071,25.6,27.0,27.0,station
2024-12-06,20.9,22.6,24.5,23.1,22.6,21.7,23.2,24.5,23.9,22.9,22.74,1.29,-0.5,62,9,15.0,14.16,0.0,-0.4052,0.9142,23.7,24.0,24.0,station
2024-12-07,20.5,21.4,22.5,21.2,21.8,19.6,21.7,23.5,22.1,20.4,21.48,0.74,0.02,61,2,18.7,14.68,0.0,-0.3894,0.9211,22.5,22.0,22.0,station
2024-12-08,19.1,18.6,20.8,19.4,19.7,19.5,18.9,20.6,19.5,19.6,19.52,0.82,-0.1,51,29,17.1,13.65,0.0,-0.3735,0.9276,20.0,20.0,20.0,station
2024-12-09,20.7,19.0,21.8,20.1,21.4,20.9,19.3,22.1,20.7,21.7,20.6,1.11,-0.34,60,64,12.5,8.17,0.0,-0.3575,0.9339,20.2,22.0,22.0,station
2024-12-10,23.8,21.7,24.3,23.1,24.3,23.3,21.6,24.3,23.5,23.7,23.44,1.09,0.16,70,47,9.9,12.78,0.0,-0.3413,0.9399,25.0,23.0,23.0,station
2024-12-11,21.3,19.3,25.0,20.6,16.1,23.4,19.4,23.9,21.6,23.7,20.46,3.23,-1.94,66,77,20.6,11.16,0.0,-0.3251,0.9457,21.1,24.0,24.0,station
2024-12-12,19.1,17.8,16.4,17.7,17.7,19.9,18.5,16.6,18.3,16.3,17.74,0.96,-0.18,58,32,17.5,14.48,0.0,-0.3088,0.9511,21.1,19.0,19.0,station
2024-12-13,16.0,15.9,15.2,15.2,17.2,16.2,15.4,15.7,16.7,17.6,15.9,0.82,-0.42,59,52,18.4,12.17,0.0,-0.2924,0.9563,18.0,18.0,18.0,station
2024-12-14,15.2,15.3,14.0,13.8,14.8,15.0,14.6,14.6,15.0,14.9,14.62,0.69,-0.2,45,54,20.2,13.12,0.0,-0.2759,0.9612,16.7,17.0,17.0,station
2024-12-15,15.3,15.9,17.1,14.4,14.2,15.7,15.1,18.0,15.1,14.7,15.38,1.18,-0.34,31,86,16.0,9.52,0.0,-0.2593,0.9658,16.0,15.0,15.0,station
2024-12-16,18.5,19.7,20.1,18.8,18.3,18.0,19.5,20.2,18.4,17.6,19.08,0.78,0.34,30,36,12.2,14.19,0.0,-0.2427,0.9701,19.3,20.0,20.0,station
2024-12-17,20.4,21.5,22.2,20.7,20.4,20.4,21.5,22.0,20.4,20.2,21.04,0.79,0.14,45,1,9.9,15.2,0.0,-0.226,0.9741,20.9,22.0,22.0,station
2024-12-18,18.9,20.3,21.6,19.5,18.7,19.5,21.1,21.7,19.9,18.9,19.8,1.18,-0.42,30,16,19.5,13.91,0.0,-0.2092,0.9779,21.0,22.0,22.0,station
2024-12-19,16.1,17.7,18.5,17.5,16.8,16.3,18.1,18.8,17.4,17.2,17.32,0.91,-0.24,33,1,17.5,15.34,0.0,-0.1923,0.9813,17.6,18.0,18.0,station
2024-12-20,17.1,18.4,19.2,18.2,17.8,17.1,19.0,19.1,18.2,17.6,18.14,0.77,-0.06,34,0,15.6,15.53,0.0,-0.1754,0.9845,18.2,19.0,19.0,station
2024-12-21,18.4,19.9,21.1,19.7,18.0,18.7,20.6,21.2,20.0,17.7,19.42,1.24,-0.22,35,2,16.2,15.29,0.0,-0.1585,0.9874,19.8,21.0,21.0,station
2024-12-22,17.0,17.7,19.2,18.3,18.0,16.8,18.4,19.9,18.9,18.0,18.04,0.81,-0.36,37,66,17.2,14.93,0.0,-0.1414,0.9899,18.7,17.0,17.0,station
2024-12-23,16.7,15.9,20.6,17.7,18.5,17.4,17.5,20.0,19.5,18.0,17.88,1.81,-0.6,39,90,18.7,14.29,0.0,-0.1244,0.9922,19.8,19.0,19.0,station
2024-12-24,18.0,19.4,20.7,19.0,19.7,19.0,18.2,20.0,19.6,19.4,19.36,0.99,0.12,37,73,18.8,14.26,0.0,-0.1073,0.9942,19.4,19.0,19.0,station
2024-12-25,18.5,18.2,19.3,21.3,17.0,17.8,17.7,19.8,21.3,17.7,18.86,1.59,0.0,49,94,12.6,10.63,0.6,-0.0902,0.9959,20.5,20.0,20.0,station
2024-12-26,21.8,20.9,22.7,21.5,21.7,18.3,20.0,23.1,19.8,19.0,21.72,0.65,1.68,55,79,14.2,5.9,0.0,-0.073,0.9973,20.5,22.0,22.0,station
2024-12-27,19.5,20.0,21.7,18.8,20.6,20.9,18.6,24.2,19.8,20.2,20.12,1.1,-0.62,49,73,17.3,9.24,0.0,-0.0559,0.9984,19.4,22.0,22.0,station
2024-12-28,17.3,18.8,20.0,17.7,17.7,17.2,18.9,20.3,17.4,17.4,18.3,1.1,0.06,37,24,20.0,14.77,0.0,-0.0387,0.9993,18.3,19.0,19.0,station
2024-12-29,18.0,18.3,19.4,18.2,19.3,18.1,18.8,19.9,18.3,19.5,18.64,0.66,-0.28,41,0,14.9,15.46,0.0,-0.0215,0.9998,18.2,19.0,19.0,station
2024-12-30,21.3,22.1,22.8,21.6,22.2,21.1,21.4,23.0,21.6,22.2,22.0,0.58,0.14,58,0,7.6,15.15,0.0,-0.0043,1.0,22.2,22.0,22.0,station
2024-12-31,21.1,22.0,24.0,21.7,21.7,21.8,22.6,24.0,22.0,21.6,22.1,1.11,-0.3,47,0,17.3,15.37,0.0,0.0129,0.9999,21.8,,,
2025-01-01,21.7,22.4,23.2,22.0,22.3,22.1,22.4,23.5,21.4,22.5,22.32,0.56,-0.06,48,1,10.4,15.32,0.0,0.0172,0.9999,22.2,24.0,24.0,station
2025-01-02,22.6,23.6,25.7,23.5,23.6,23.2,24.3,25.9,24.1,23.4,23.8,1.14,-0.38,52,1,15.6,15.49,0.0,0.0344,0.9994,23.7,25.0,25.0,station
2025-01-03,20.2,21.9,23.8,21.2,21.1,20.3,22.0,24.4,21.4,20.2,21.64,1.35,-0.02,32,7,17.2,15.9,0.0,0.0516,0.9987,21.3,22.0,22.0,station
2025-01-04,21.2,22.3,22.8,21.6,22.0,21.0,22.2,23.0,21.2,22.1,21.98,0.62,0.08,40,0,13.3,15.83,0.0,0.0688,0.9976,21.7,23.0,23.0,station
2025-01-05,20.4,21.7,22.9,21.8,21.5,20.2,22.0,22.5,21.4,21.3,21.66,0.89,0.18,42,4,14.4,15.7,0.0,0.0859,0.9963,22.0,22.0,22.0,station
2025-01-06,20.9,22.1,23.2,20.9,21.4,21.0,22.5,23.6,21.8,22.1,21.7,0.97,-0.5,45,0,15.4,16.08,0.0,0.103,0.9947,21.9,22.0,22.0,station
2025-01-07,21.2,21.6,22.7,21.5,22.1,21.4,22.1,22.1,21.6,22.1,21.82,0.59,-0.04,48,0,10.4,15.79,0.0,0.1201,0.9928,22.7,23.0,23.0,station
2025-01-08,20.9,21.0,23.0,21.6,21.7,20.9,20.8,23.1,21.7,19.6,21.64,0.84,0.42,47,2,14.3,15.67,0.0,0.1372,0.9905,22.5,23.0,23.0,station
2025-01-09,18.7,19.3,22.1,19.8,20.1,19.3,19.2,21.9,19.8,19.9,20.0,1.29,-0.02,38,12,21.1,15.69,0.0,0.1542,0.988,20.8,21.0,21.0,station
2025-01-10,15.1,15.8,18.5,16.1,16.0,16.0,15.7,18.7,16.5,15.7,16.3,1.29,-0.22,30,13,20.0,15.9,0.0,0.1712,0.9852,16.0,17.0,17.0,station
2025-01-11,15.2,14.5,17.7,16.1,14.9,15.2,14.6,17.6,15.9,15.0,15.68,1.27,0.02,23,21,17.3,15.99,0.0,0.1881,0.9821,16.2,16.0,16.0,station
2025-01-12,19.0,19.9,20.6,18.8,19.4,19.4,19.5,20.7,18.7,19.4,19.54,0.73,0.0,29,1,13.5,17.06,0.0,0.205,0.9788,19.1,20.0,20.0,station
2025-01-13,20.7,21.5,20.9,20.1,20.4,20.8,22.0,21.1,20.8,20.4,20.72,0.53,-0.3,36,14,9.9,16.62,0.0,0.2218,0.9751,21.2,22.0,22.0,station
2025-01-14,18.8,21.3,21.9,20.8,23.3,19.7,20.1,18.9,20.3,23.3,21.22,1.65,0.76,50,89,10.5,8.19,0.0,0.2385,0.9711,22.1,23.0,23.0,station
2025-01-15,19.7,20.6,23.6,20.6,19.7,17.4,19.5,23.2,19.5,16.4,20.84,1.61,1.64,37,55,19.4,10.76,0.0,0.2552,0.9669,20.5,21.0,21.0,station
2025-01-16,18.3,19.0,21.0,20.1,18.7,18.0,19.2,21.6,19.4,19.0,19.42,1.11,-0.02,29,0,18.5,16.59,0.0,0.2718,0.9624,19.5,20.0,20.0,station
2025-01-17,19.2,19.3,20.8,19.5,20.1,19.4,19.4,20.9,20.2,20.1,19.78,0.67,-0.22,31,0,13.9,16.84,0.0,0.2883,0.9575,19.9,22.0,22.0,station
2025-01-18,20.9,21.0,22.3,21.1,21.6,20.9,20.7,21.8,21.7,21.7,21.38,0.58,0.02,45,0,8.8,16.69,0.0,0.3047,0.9524,21.5,22.0,22.0,station
2025-01-19,21.9,22.7,24.3,22.5,22.8,22.4,22.6,24.6,22.7,23.0,22.84,0.89,-0.22,41,0,8.4,16.79,0.0,0.3211,0.9471,23.1,23.0,23.0,station
2025-01-20,22.7,22.9,24.2,22.9,23.5,22.9,23.2,24.6,23.2,23.4,23.24,0.61,-0.22,42,0,7.8,16.9,0.0,0.3373,0.9414,23.6,24.0,24.0,station
2025-01-21,23.2,23.0,24.0,22.9,24.2,22.8,23.1,24.5,23.1,23.9,23.46,0.6,-0.02,53,1,7.7,16.61,0.0,0.3534,0.9355,23.4,24.0,24.0,station
2025-01-22,23.5,21.7,22.8,24.1,22.8,21.3,21.4,24.8,23.8,23.6,22.98,0.9,0.0,58,45,8.3,15.06,0.0,0.3695,0.9292,24.4,24.0,24.0,station
2025-01-23,25.5,25.2,26.0,24.2,25.4,25.3,22.9,25.9,24.7,24.8,25.26,0.66,0.54,76,66,6.1,7.2,0.0,0.3854,0.9227,23.1,24.0,24.0,station
2025-01-24,25.1,23.0,25.4,23.3,24.1,25.6,24.9,23.7,24.2,25.2,24.18,1.06,-0.54,71,60,10.7,10.9,3.5,0.4012,0.916,24.8,27.0,27.0,station
2025-01-25,23.8,23.6,25.6,22.6,24.7,24.1,23.2,25.6,22.9,24.9,24.06,1.14,-0.08,68,28,9.7,15.95,0.0,0.4169,0.9089,24.8,27.0,27.0,station
2025-01-26,16.8,18.1,18.4,17.3,15.8,16.4,18.3,18.7,17.7,16.2,17.28,1.04,-0.18,65,100,21.1,3.26,4.0,0.4325,0.9016,18.4,20.0,20.0,station
2025-01-27,16.0,16.3,19.1,16.1,15.7,15.9,17.1,19.7,16.2,15.2,16.64,1.39,-0.18,40,22,18.8,18.21,0.0,0.4479,0.8941,16.9,18.0,18.0,station
2025-01-28,18.3,18.9,19.7,18.1,18.5,18.3,18.5,19.8,16.3,17.7,18.7,0.63,0.58,34,41,17.9,17.75,0.0,0.4633,0.8862,19.3,20.0,20.0,station
2025-01-29,20.1,20.2,21.1,19.9,20.0,20.4,20.3,21.1,19.3,19.2,20.26,0.48,0.2,36,42,12.9,16.6,0.0,0.4784,0.8781,20.4,22.0,22.0,station
2025-01-30,21.6,19.9,20.2,21.4,22.7,21.2,20.1,20.8,20.4,21.8,21.16,1.13,0.3,56,43,10.7,12.19,0.0,0.4935,0.8698,21.3,21.0,21.0,station
2025-01-31,23.1,21.1,23.9,22.0,23.5,21.6,20.1,23.5,20.9,25.1,22.72,1.15,0.48,56,49,13.0,14.72,0.0,0.5084,0.8611,25.4,24.0,24.0,station
2025-02-01,25.0,23.6,26.1,26.1,24.3,25.3,23.1,27.1,25.4,25.6,25.02,1.1,-0.28,72,91,9.7,10.92,0.3,0.5231,0.8523,25.6,26.0,26.0,station
2025-02-02,17.4,18.5,20.6,19.7,20.3,18.9,18.5,24.2,22.4,20.0,19.3,1.33,-1.5,80,92,14.1,6.33,8.5,0.5377,0.8432,18.5,20.0,20.0,station
2025-02-03,15.9,13.4,14.7,13.7,13.0,15.6,12.7,17.5,15.8,15.3,14.14,1.17,-1.24,71,94,19.3,6.9,1.4,0.5521,0.8338,14.1,13.0,13.0,station
2025-02-04,18.4,16.7,19.4,17.3,18.6,18.7,16.1,17.6,17.6,17.6,18.08,1.08,0.56,55,39,15.3,18.2,0.0,0.5664,0.8242,18.0,19.0,19.0,station
2025-02-05,17.9,16.5,17.9,17.3,18.3,18.6,14.5,15.6,17.2,18.0,17.58,0.7,0.8,58,57,11.0,8.6,0.0,0.5805,0.8143,17.2,17.0,17.0,station
2025-02-06,16.6,13.9,17.1,16.0,17.4,20.9,14.0,16.4,15.0,15.4,16.2,1.39,-0.14,57,94,16.0,10.57,0.2,0.5944,0.8042,19.0,19.0,19.0,station
2025-02-07,16.4,12.2,15.5,13.0,15.6,15.6,11.7,14.6,12.0,12.9,14.54,1.83,1.18,64,100,19.2,6.25,0.9,0.6081,0.7938,13.6,13.0,13.0,station
2025-02-08,14.9,13.8,17.5,15.1,13.8,14.7,14.1,15.5,13.7,13.0,15.02,1.51,0.82,32,41,17.6,17.41,0.0,0.6217,0.7833,15.9,15.0,15.0,station
2025-02-09,16.2,16.2,18.9,16.8,16.6,16.6,15.0,18.9,17.1,16.2,16.94,1.13,0.18,33,11,16.5,18.98,0.0,0.6351,0.7725,16.7,18.0,18.0,station
2025-02-10,17.8,18.1,21.7,19.1,21.7,20.0,18.7,21.1,18.4,19.5,19.68,1.91,0.14,50,24,7.6,15.02,0.0,0.6483,0.7614,19.3,22.0,22.0,station
2025-02-11,23.6,20.5,23.9,23.9,24.7,23.3,20.8,24.4,24.4,24.5,23.32,1.63,-0.16,63,60,11.3,13.1,0.0,0.6613,0.7502,24.0,25.0,25.0,station
2025-02-12,26.1,25.0,27.6,27.2,24.0,24.1,23.2,27.8,27.1,22.2,25.98,1.5,1.1,72,67,23.7,10.94,2.2,0.6741,0.7387,26.9,28.0,28.0,station
2025-02-13,22.2,21.0,25.8,23.2,22.9,22.8,21.0,23.8,23.3,20.6,23.02,1.77,0.72,55,39,23.4,15.6,0.0,0.6867,0.727,22.3,23.0,23.0,station
2025-02-14,23.8,21.1,23.0,23.6,23.2,23.4,20.4,22.9,22.8,21.4,22.94,1.08,0.76,65,36,12.0,16.51,0.0,0.6991,0.715,25.1,25.0,25.0,station
2025-02-15,25.7,21.8,27.2,25.3,24.6,23.1,22.1,26.4,24.5,25.6,24.92,1.99,0.58,79,63,8.8,8.18,0.0,0.7113,0.7029,23.8,23.0,23.0,station
2025-02-16,22.6,21.9,28.5,23.8,24.6,23.8,21.5,29.4,25.1,21.0,24.28,2.58,0.12,69,68,15.0,11.26,0.0,0.7233,0.6906,23.6,24.0,24.0,station
2025-02-17,24.5,20.8,26.4,20.9,24.0,25.9,20.0,24.9,23.0,24.0,23.32,2.43,-0.24,59,70,12.1,13.92,0.0,0.735,0.678,24.4,23.0,23.0,station
2025-02-18,19.3,18.1,23.2,18.3,21.9,22.4,18.1,25.0,20.9,22.4,20.16,2.28,-1.6,64,78,11.3,10.68,0.3,0.7466,0.6653,21.4,19.0,19.0,station
2025-02-19,21.2,20.1,24.6,20.7,22.8,22.1,20.0,23.8,21.2,23.1,21.88,1.82,-0.16,63,91,7.6,10.65,0.2,0.7579,0.6523,23.0,24.0,24.0,station
2025-02-20,25.1,22.1,24.8,23.7,25.5,24.8,20.5,25.6,25.5,26.2,24.24,1.37,-0.28,62,82,7.6,15.74,0.0,0.769,0.6392,26.2,27.0,27.0,station
2025-02-21,19.2,17.9,20.9,20.5,20.0,19.5,17.5,25.6,19.5,21.4,19.7,1.19,-1.0,65,93,14.8,8.1,0.3,0.7799,0.6259,20.6,21.0,21.0,station
2025-02-22,19.9,18.1,23.2,21.1,21.6,22.6,18.7,23.1,22.3,23.3,20.78,1.91,-1.22,68,98,14.8,5.72,0.0,0.7906,0.6124,18.4,20.0,20.0,station
2025-02-23,17.9,15.0,22.5,17.1,16.7,17.0,15.8,21.7,17.8,18.1,17.84,2.81,-0.24,63,94,20.2,10.36,0.9,0.801,0.5987,17.1,16.0,16.0,station
2025-02-24,19.7,17.6,22.8,19.0,20.2,20.8,17.3,23.1,20.2,21.0,19.86,1.91,-0.62,57,29,16.2,19.54,0.0,0.8112,0.5848,20.0,21.0,21.0,station
2025-02-25,20.5,16.1,22.2,18.7,18.9,17.6,17.6,22.3,21.5,21.9,19.28,2.27,-0.9,80,97,7.6,7.09,5.0,0.8211,0.5708,16.7,17.0,17.0,station
2025-02-26,21.1,18.3,22.0,16.4,19.4,22.3,17.5,20.2,16.3,17.7,19.44,2.23,0.64,83,100,8.3,10.08,3.6,0.8308,0.5566,20.2,18.0,18.0,station
2025-02-27,22.1,20.0,26.7,23.5,24.3,22.1,21.2,26.7,22.2,19.7,23.32,2.5,0.94,80,55,7.7,12.93,0.0,0.8402,0.5422,22.9,23.0,23.0,station
2025-02-28,24.8,26.0,27.4,26.1,26.0,24.3,26.3,27.0,26.1,26.1,26.06,0.92,0.1,79,49,11.6,14.68,0.0,0.8495,0.5277,26.3,26.0,26.0,station
2025-03-01,26.8,26.7,29.1,26.8,27.6,26.4,26.5,27.3,26.3,27.2,27.4,1.02,0.66,79,67,14.9,13.8,1.0,0.8584,0.513,27.5,28.0,28.0,station
2025-03-02,29.7,28.5,28.2,28.5,30.1,29.4,28.4,28.6,28.6,29.6,29.0,0.84,0.08,79,58,14.9,15.53,0.4,0.8671,0.4981,29.6,30.0,30.0,station
2025-03-03,26.2,25.6,27.9,27.7,30.3,26.8,25.2,27.1,27.8,30.2,27.54,1.83,0.12,91,78,13.8,6.59,9.7,0.8755,0.4831,24.5,25.0,25.0,station
2025-03-04,19.6,22.1,22.8,21.6,20.2,19.7,22.0,21.8,21.9,21.7,21.26,1.33,-0.16,86,99,18.2,6.29,19.6,0.8837,0.468,21.1,22.0,22.0,station
2025-03-05,14.0,14.1,16.4,16.6,15.0,14.4,14.2,17.2,17.7,14.4,15.22,1.23,-0.36,81,99,18.5,4.72,41.8,0.8916,0.4527,15.8,15.0,15.0,station
2025-03-06,16.5,11.6,15.1,13.7,11.9,14.7,11.9,14.5,14.2,11.8,13.76,2.09,0.34,70,96,19.1,10.63,1.1,0.8993,0.4373,17.2,14.0,14.0,station
2025-03-07,15.4,11.9,11.8,12.3,13.3,14.3,12.1,13.0,12.9,12.2,12.94,1.5,0.04,78,98,16.6,7.75,13.1,0.9067,0.4218,15.1,13.0,13.0,station
2025-03-08,20.6,14.5,20.4,15.5,18.2,20.6,15.8,20.5,16.4,18.3,17.84,2.78,-0.48,68,77,11.5,13.52,0.0,0.9138,0.4061,18.3,16.0,16.0,station
2025-03-09,23.6,18.8,23.9,18.8,21.7,24.9,18.8,25.4,21.4,22.6,21.36,2.48,-1.26,75,76,8.2,14.93,0.0,0.9207,0.3904,24.2,23.0,23.0,station
2025-03-10,25.5,24.0,25.8,25.4,25.5,25.4,23.2,26.1,25.5,25.1,25.24,0.71,0.18,79,57,9.2,16.01,0.0,0.9272,0.3745,26.0,28.0,28.0,station
2025-03-11,25.8,26.5,29.0,27.5,27.8,26.8,26.8,28.4,26.2,27.3,27.32,1.23,0.22,77,58,11.2,16.17,0.0,0.9335,0.3585,26.7,29.0,29.0,station
2025-03-12,26.9,27.1,27.9,29.1,29.0,26.3,26.8,25.1,27.1,29.9,28.0,1.03,0.96,80,67,10.6,14.95,0.0,0.9396,0.3424,27.9,31.0,31.0,station
2025-03-13,27.7,28.1,29.1,29.8,30.7,28.2,27.4,29.9,28.4,31.0,29.08,1.23,0.1,84,67,12.1,15.68,5.3,0.9453,0.3261,29.0,31.0,31.0,station
2025-03-14,25.9,26.7,27.4,27.8,29.5,27.3,25.9,27.5,28.0,29.7,27.46,1.35,-0.22,86,58,16.8,15.55,6.0,0.9508,0.3098,28.6,30.0,30.0,station
2025-03-15,21.7,23.1,23.2,22.4,21.6,22.0,22.9,22.6,24.5,22.6,22.4,0.75,-0.52,85,82,20.5,6.84,18.6,0.956,0.2934,21.9,24.0,24.0,station
2025-03-16,20.0,18.7,16.5,19.2,16.6,20.0,18.5,18.3,18.1,17.7,18.2,1.58,-0.32,57,34,21.9,18.66,0.0,0.9609,0.2769,19.5,19.0,19.0,station
2025-03-17,19.6,17.8,17.7,16.8,17.2,19.9,17.2,14.5,15.7,18.0,17.82,1.07,0.76,54,58,14.5,18.51,0.0,0.9655,0.2604,19.7,17.0,17.0,station
2025-03-18,21.3,21.4,20.6,19.9,22.0,21.4,20.9,14.7,18.4,20.6,21.04,0.81,1.84,57,50,14.9,19.94,0.0,0.9698,0.2437,20.8,21.0,21.0,station
2025-03-19,22.6,23.4,23.3,22.5,22.8,22.8,23.3,22.2,22.4,23.2,22.92,0.41,0.14,45,32,12.6,22.21,0.0,0.9739,0.227,22.5,24.0,24.0,station
2025-03-20,23.7,25.4,24.9,24.7,24.2,23.5,24.8,24.6,23.9,24.2,24.58,0.65,0.38,52,14,7.7,22.41,0.0,0.9777,0.2102,24.0,26.0,26.0,station
2025-03-21,25.4,27.2,26.7,26.5,26.5,25.3,27.1,26.4,26.3,26.0,26.46,0.66,0.24,57,0,7.8,22.4,0.0,0.9811,0.1934,25.6,28.0,28.0,station
2025-03-22,26.4,27.8,27.8,27.5,28.3,26.1,27.8,27.4,27.8,27.8,27.56,0.71,0.18,59,18,6.8,22.19,0.0,0.9843,0.1765,26.5,28.0,28.0,station
2025-03-23,27.7,29.1,29.9,29.3,29.8,27.1,29.1,29.5,29.5,29.4,29.16,0.88,0.24,57,0,13.0,22.01,0.0,0.9872,0.1595,28.4,29.0,29.0,station
2025-03-24,30.0,30.7,31.3,31.4,32.2,29.2,30.9,31.2,32.1,32.4,31.12,0.82,-0.04,49,0,11.8,22.06,0.0,0.9898,0.1425,31.2,31.0,31.0,station
2025-03-25,31.6,31.8,33.6,32.1,33.6,30.7,31.7,33.6,32.7,33.4,32.54,0.98,0.12,48,0,13.6,22.27,0.0,0.9921,0.1255,33.5,32.0,32.0,station
2025-03-26,32.0,31.2,33.5,30.7,33.3,31.2,30.9,33.5,31.3,33.6,32.14,1.24,0.04,59,1,16.5,21.99,0.0,0.9941,0.1084,33.4,32.0,32.0,station
2025-03-27,32.8,30.9,33.2,31.6,32.9,32.5,30.2,32.7,30.9,32.9,32.28,0.98,0.44,65,39,19.2,19.75,0.0,0.9958,0.0913,34.0,32.0,32.0,station
2025-03-28,24.5,25.9,26.7,25.9,24.5,24.6,25.7,27.5,25.5,24.0,25.5,0.97,0.04,70,84,21.5,9.6,19.7,0.9972,0.0741,27.0,29.0,29.0,station
2025-03-29,13.7,15.4,15.8,15.2,14.0,15.0,15.6,16.7,16.6,15.0,14.82,0.92,-0.96,72,100,17.9,4.33,4.4,0.9984,0.057,14.3,15.0,15.0,station
2025-03-30,12.5,10.9,11.2,11.7,11.8,13.2,11.4,13.1,13.0,13.0,11.62,0.61,-1.12,77,100,15.8,4.77,4.7,0.9992,0.0398,13.1,12.0,12.0,station
2025-03-31,16.7,11.7,11.7,12.0,12.0,13.8,12.1,12.1,13.7,13.7,12.82,2.17,-0.26,78,100,14.3,6.26,3.5,0.9997,0.0226,13.7,12.0,12.0,station
2025-04-01,22.0,20.5,22.5,19.1,21.0,23.3,19.2,19.7,16.7,17.0,21.02,1.33,1.84,66,31,12.8,22.21,1.0,1.0,0.0054,20.9,21.0,21.0,station
2025-04-02,24.4,25.1,25.4,22.5,24.4,25.0,25.2,25.7,22.3,24.4,24.36,1.13,-0.16,61,8,8.7,23.35,0.0,0.9999,-0.0118,24.1,25.0,25.0,station
2025-04-03,26.8,27.5,27.7,26.1,27.3,26.8,27.7,27.1,24.9,27.4,27.08,0.64,0.3,64,0,9.4,23.31,0.0,0.9996,-0.029,26.4,28.0,28.0,station
2025-04-04,26.8,26.8,28.3,26.6,27.5,26.6,26.3,27.6,26.1,27.1,27.2,0.7,0.46,64,58,13.5,18.62,1.4,0.9989,-0.0462,26.8,24.0,24.0,station
2025-04-05,24.6,22.2,22.2,22.0,22.4,25.1,22.6,22.7,22.8,19.6,22.68,1.08,0.12,86,100,7.4,6.76,8.0,0.998,-0.0634,22.4,20.0,20.0,station
2025-04-06,27.5,26.3,26.7,26.4,26.3,25.0,24.9,19.4,23.3,23.7,26.64,0.51,3.38,71,80,8.8,17.63,0.0,0.9968,-0.0805,27.0,25.0,25.0,station
2025-04-07,27.4,27.1,28.2,26.7,28.1,29.2,27.3,26.1,26.4,27.4,27.5,0.64,0.22,69,45,8.4,22.4,0.0,0.9952,-0.0977,28.2,30.0,30.0,station
2025-04-08,29.6,29.4,31.1,28.2,28.9,29.5,27.5,30.4,28.9,30.4,29.44,1.07,0.1,64,88,9.1,18.99,0.0,0.9934,-0.1148,29.5,28.0,28.0,station
2025-04-09,29.3,29.2,32.5,29.9,28.4,29.5,29.3,31.6,27.8,28.2,29.86,1.57,0.58,74,95,15.6,15.53,1.0,0.9913,-0.1319,31.0,31.0,31.0,station
2025-04-10,30.5,30.8,32.7,30.1,29.0,29.3,30.4,29.8,30.2,29.1,30.62,1.35,0.86,73,79,9.7,14.79,1.0,0.9889,-0.1489,30.8,32.0,32.0,station
2025-04-11,30.0,29.1,32.1,30.7,31.3,30.5,29.6,31.6,29.4,29.8,30.64,1.16,0.46,72,73,20.9,14.79,0.5,0.9861,-0.1659,32.5,30.0,30.0,station
2025-04-12,25.9,26.0,28.3,29.1,28.7,25.6,25.8,27.4,27.7,26.7,27.6,1.53,0.96,77,99,28.0,9.15,12.8,0.9831,-0.1828,30.3,28.0,28.0,station
2025-04-13,24.4,24.6,22.7,23.3,22.7,21.6,23.7,22.9,22.4,21.2,23.54,0.91,1.18,52,86,13.9,10.85,0.0,0.9799,-0.1997,21.6,23.0,23.0,station
2025-04-14,30.3,30.5,30.7,28.4,29.2,30.5,31.1,31.0,28.8,28.5,29.82,0.98,-0.16,57,61,6.1,23.73,0.0,0.9763,-0.2165,28.9,30.0,30.0,station
2025-04-15,32.2,33.4,32.2,32.1,33.1,31.9,33.5,32.6,30.1,31.6,32.6,0.6,0.66,52,78,11.9,24.71,0.0,0.9724,-0.2333,31.9,35.0,35.0,station
2025-04-16,30.2,31.6,30.9,31.6,32.0,30.0,31.3,31.0,30.1,31.4,31.26,0.71,0.5,58,69,17.4,24.16,0.0,0.9683,-0.25,31.5,33.0,33.0,station
2025-04-17,30.4,28.9,31.5,28.5,31.5,30.9,28.4,31.0,29.2,31.0,30.16,1.41,0.06,66,92,14.5,19.32,0.0,0.9638,-0.2666,31.8,30.0,30.0,station
2025-04-18,30.2,27.5,28.4,28.1,30.6,26.8,27.4,27.0,28.6,29.2,28.96,1.36,1.16,83,91,11.3,8.87,14.6,0.9591,-0.2831,28.2,26.0,26.0,station
2025-04-19,30.6,29.7,32.7,29.8,33.9,28.0,29.4,33.2,29.9,33.2,31.34,1.87,0.6,89,95,17.8,11.07,12.5,0.9541,-0.2996,30.2,30.0,30.0,station
2025-04-20,31.8,29.8,35.5,32.0,34.9,32.7,30.0,34.2,31.4,32.4,32.8,2.36,0.66,81,88,13.7,15.11,2.5,0.9488,-0.316,31.8,32.0,32.0,station
2025-04-21,33.1,32.8,35.4,33.1,35.2,33.5,32.2,35.6,32.8,35.0,33.92,1.27,0.1,74,50,15.6,21.6,0.1,0.9432,-0.3322,32.4,35.0,35.0,station
2025-04-22,33.6,32.8,37.0,33.3,36.8,33.3,33.1,36.6,33.3,35.3,34.7,2.03,0.38,80,82,15.7,18.11,13.1,0.9373,-0.3484,33.7,34.0,34.0,station
2025-04-23,29.9,30.4,32.1,30.6,30.7,31.8,30.1,32.1,29.5,30.6,30.74,0.82,-0.08,86,95,15.7,14.2,10.5,0.9312,-0.3645,32.1,35.0,35.0,station
2025-04-24,29.4,28.3,33.3,31.1,33.4,30.4,27.9,33.7,29.0,27.8,31.1,2.28,1.34,88,92,16.3,14.43,33.9,0.9248,-0.3804,31.4,32.0,32.0,station
2025-04-25,24.0,23.3,24.9,26.8,22.5,26.9,23.8,28.3,26.3,23.1,24.3,1.65,-1.38,91,87,15.0,5.75,27.6,0.9181,-0.3963,23.0,23.0,23.0,station
2025-04-26,26.2,23.6,23.1,25.8,25.4,26.0,23.2,23.5,26.8,23.3,24.82,1.38,0.26,80,89,10.7,15.8,1.0,0.9112,-0.412,27.5,24.0,24.0,station
2025-04-27,26.3,25.8,25.8,28.4,30.4,26.9,25.7,26.7,28.6,29.4,27.34,2.02,-0.12,89,93,10.5,12.05,10.7,0.9039,-0.4276,27.3,26.0,26.0,station
2025-04-28,30.6,29.9,31.2,29.7,28.5,29.6,29.7,30.2,29.7,28.7,29.98,1.02,0.4,75,55,13.5,21.65,0.3,0.8965,-0.4431,30.4,30.0,30.0,station
2025-04-29,30.0,31.0,31.3,29.4,27.8,30.5,30.7,31.5,29.7,28.8,29.9,1.4,-0.34,67,59,9.8,21.31,0.0,0.8887,-0.4585,29.7,33.0,33.0,station
2025-04-30,30.3,30.6,31.5,30.3,30.0,29.3,30.6,31.8,29.9,29.6,30.54,0.58,0.3,73,67,9.1,19.46,1.7,0.8807,-0.4737,29.6,31.0,31.0,station
2025-05-01,30.2,30.2,28.5,28.0,30.9,26.8,27.8,28.1,28.2,29.8,29.56,1.24,1.42,89,96,9.1,14.45,15.0,0.8724,-0.4888,28.7,31.0,31.0,station
2025-05-02,32.4,33.3,32.8,32.2,30.8,32.8,33.4,32.2,31.5,31.2,32.3,0.94,0.08,77,79,14.5,23.2,0.0,0.8639,-0.5037,32.8,34.0,34.0,station
2025-05-03,31.1,30.8,31.2,30.6,31.3,30.1,30.8,29.7,31.2,29.4,31.0,0.29,0.76,86,73,12.2,14.63,12.1,0.8551,-0.5185,28.9,30.0,30.0,station
2025-05-04,30.8,30.2,31.1,31.2,31.5,31.8,30.2,30.6,31.6,31.2,30.96,0.49,-0.12,89,89,17.6,15.56,32.4,0.846,-0.5331,29.3,32.0,32.0,station
2025-05-05,29.4,28.5,31.6,30.7,30.3,30.1,28.6,30.3,30.7,32.4,30.1,1.19,-0.32,90,81,12.9,14.52,28.8,0.8367,-0.5476,29.0,33.0,33.0,station
2025-05-06,28.8,29.8,31.1,26.3,29.0,29.4,29.2,31.0,29.6,29.6,29.0,1.76,-0.76,90,94,8.2,14.47,39.7,0.8272,-0.5619,29.8,32.0,32.0,station
2025-05-07,30.7,28.3,30.9,30.7,25.8,29.1,29.0,30.1,29.9,28.5,29.28,2.22,-0.04,91,98,12.6,9.73,35.3,0.8174,-0.5761,28.6,26.0,26.0,station
2025-05-08,30.2,29.6,29.8,30.0,30.2,30.8,30.0,29.8,29.9,29.9,29.96,0.26,-0.12,84,86,20.7,17.27,1.5,0.8074,-0.59,30.9,30.0,30.0,station
2025-05-09,29.4,26.8,28.4,29.2,27.8,29.3,27.0,27.1,31.2,26.9,28.32,1.06,0.02,89,99,11.6,7.59,17.1,0.7971,-0.6038,27.0,28.0,28.0,station
2025-05-10,27.2,29.2,29.2,26.2,23.7,24.2,27.7,25.1,25.9,23.4,27.1,2.3,1.84,83,99,12.1,16.19,22.9,0.7866,-0.6175,31.0,29.0,29.0,station
2025-05-11,25.8,26.4,24.5,25.2,24.4,27.3,25.5,24.8,26.1,25.2,25.26,0.85,-0.52,62,100,20.0,20.09,4.4,0.7759,-0.6309,27.3,27.0,27.0,station
2025-05-12,29.4,29.7,28.4,28.3,28.4,29.7,29.5,27.8,28.4,28.7,28.84,0.66,0.02,61,13,5.3,27.87,0.0,0.7649,-0.6442,28.2,32.0,32.0,station
2025-05-13,29.6,30.5,30.1,30.2,30.4,29.1,30.3,30.1,29.8,29.4,30.16,0.35,0.42,74,25,8.9,22.66,0.0,0.7537,-0.6572,29.5,32.0,32.0,station
2025-05-14,31.0,31.3,31.2,30.4,32.2,29.1,31.4,29.7,31.1,26.2,31.22,0.65,1.72,81,25,8.7,21.61,0.2,0.7423,-0.6701,30.8,33.0,33.0,station
2025-05-15,31.2,32.1,31.7,31.9,31.4,29.4,31.9,31.6,32.3,31.8,31.66,0.36,0.26,83,72,10.7,20.63,0.7,0.7306,-0.6828,31.2,34.0,34.0,station
2025-05-16,29.0,29.2,26.2,30.7,29.5,30.3,29.3,28.4,31.8,32.0,28.92,1.66,-1.44,84,97,13.4,16.37,4.4,0.7188,-0.6952,30.6,32.0,32.0,station
2025-05-17,31.1,29.7,32.2,30.8,30.9,29.5,29.0,30.4,31.5,31.8,30.94,0.89,0.5,93,97,7.8,9.44,17.2,0.7067,-0.7075,28.5,30.0,30.0,station
2025-05-18,29.2,28.6,28.3,29.5,30.2,29.7,28.6,28.8,30.6,29.0,29.16,0.75,-0.18,93,100,11.4,10.87,40.0,0.6945,-0.7195,28.9,31.0,31.0,station
2025-05-19,30.0,29.1,28.0,29.9,30.0,28.6,29.0,24.8,29.9,32.0,29.4,0.87,0.54,92,99,18.4,10.83,24.8,0.682,-0.7314,30.4,32.0,32.0,station
2025-05-20,29.8,29.0,31.2,28.7,30.0,28.1,28.9,29.1,29.5,31.2,29.74,0.98,0.38,91,100,16.6,10.29,26.7,0.6693,-0.743,28.6,32.0,32.0,station
2025-05-21,31.2,31.4,32.0,32.3,32.3,30.8,31.2,29.0,31.2,31.0,31.84,0.51,1.2,88,89,11.7,19.16,15.2,0.6564,-0.7544,32.7,34.0,34.0,station
2025-05-22,30.1,31.7,32.7,32.7,31.5,30.6,31.4,32.0,31.8,31.2,31.74,1.07,0.34,86,95,14.4,20.84,8.2,0.6433,-0.7656,32.4,34.0,34.0,station
2025-05-23,31.5,29.2,31.6,33.1,30.4,31.4,29.8,31.9,32.7,34.5,31.16,1.46,-0.9,90,100,12.9,13.55,36.7,0.6301,-0.7765,30.3,33.0,33.0,station
2025-05-24,24.9,25.2,24.9,27.1,24.0,26.4,26.5,24.6,27.5,25.6,25.22,1.14,-0.9,73,89,18.0,15.56,0.1,0.6166,-0.7873,27.4,28.0,28.0,station
2025-05-25,26.1,25.2,22.1,24.4,23.1,25.2,24.9,20.5,22.8,25.0,24.18,1.6,0.5,69,96,13.0,7.18,0.0,0.603,-0.7978,24.7,24.0,24.0,station
2025-05-26,24.4,24.4,25.8,23.7,22.4,25.1,24.5,20.7,23.8,26.5,24.14,1.24,0.02,75,99,9.4,15.56,0.5,0.5892,-0.808,26.8,26.0,26.0,station
2025-05-27,28.7,27.7,27.9,26.7,29.2,27.0,27.9,27.3,26.7,28.8,28.04,0.96,0.5,81,93,7.3,16.87,1.8,0.5752,-0.818,27.8,29.0,29.0,station
2025-05-28,27.4,26.1,25.4,27.9,27.9,25.4,26.2,23.8,27.6,28.2,26.94,1.13,0.7,88,100,9.9,11.26,21.8,0.561,-0.8278,28.8,28.0,28.0,station
2025-05-29,25.8,24.9,23.3,25.1,24.5,26.5,24.4,22.0,26.6,27.2,24.72,0.92,-0.62,93,100,13.3,6.54,32.9,0.5467,-0.8373,24.8,25.0,25.0,station
2025-05-30,27.4,26.6,25.2,25.2,25.2,29.1,26.6,22.7,25.6,25.6,25.92,1.03,0.0,87,99,9.3,10.79,5.0,0.5322,-0.8466,28.4,26.0,26.0,station
2025-05-31,30.2,30.2,29.2,29.2,29.4,30.6,29.4,28.0,29.6,29.0,29.64,0.52,0.32,82,96,9.9,17.47,0.3,0.5176,-0.8556,30.2,31.0,31.0,station
2025-06-01,32.6,31.3,31.7,31.4,33.5,33.4,31.8,31.9,31.2,33.4,32.1,0.94,-0.24,84,90,13.0,19.64,4.1,0.5028,-0.8644,32.5,32.0,32.0,station
2025-06-02,33.2,33.0,34.1,32.0,33.3,34.0,32.8,33.8,32.7,34.3,33.12,0.75,-0.4,90,100,9.6,16.33,20.9,0.4878,-0.8729,31.8,33.0,33.0,station
2025-06-03,31.0,28.5,27.9,28.5,29.2,29.2,27.3,31.1,26.5,28.0,29.02,1.2,0.6,85,98,13.0,10.85,16.7,0.4728,-0.8812,27.7,27.0,27.0,station
2025-06-04,31.7,30.7,28.4,31.6,31.1,32.9,30.2,30.3,30.5,31.8,30.7,1.35,-0.44,81,100,10.1,15.54,4.3,0.4575,-0.8892,29.3,30.0,30.0,station
2025-06-05,31.4,31.4,29.4,29.9,31.3,32.9,32.1,31.5,31.7,32.0,30.68,0.96,-1.36,81,86,9.0,18.57,0.5,0.4422,-0.8969,31.9,32.0,32.0,station
2025-06-06,33.1,33.2,32.6,32.0,32.6,32.5,33.0,32.4,32.1,30.2,32.7,0.48,0.66,80,54,8.6,21.36,0.6,0.4267,-0.9044,32.9,34.0,34.0,station
2025-06-07,33.8,34.7,35.5,33.2,34.1,33.4,34.7,32.3,33.3,34.0,34.26,0.88,0.72,80,30,8.9,25.05,1.0,0.4111,-0.9116,33.8,36.0,36.0,station
2025-06-08,33.3,34.9,36.2,33.7,34.4,34.0,34.5,35.2,33.0,34.1,34.5,1.13,0.34,81,90,9.6,25.02,2.3,0.3953,-0.9185,33.9,36.0,36.0,station
2025-06-09,33.6,34.3,35.8,34.6,34.5,33.5,34.4,34.3,34.0,34.5,34.56,0.8,0.42,77,94,8.7,24.54,2.7,0.3795,-0.9252,34.2,37.0,37.0,station
2025-06-10,34.2,35.2,35.5,34.1,32.2,34.6,35.3,36.0,33.7,35.1,34.24,1.29,-0.7,78,82,12.1,21.39,10.1,0.3635,-0.9316,34.2,37.0,37.0,station
2025-06-11,33.6,34.5,32.9,35.1,30.3,35.0,34.4,34.4,33.6,33.1,33.28,1.87,-0.82,82,72,19.0,19.92,15.0,0.3474,-0.9377,33.1,35.0,35.0,station
2025-06-12,30.4,31.6,32.2,32.6,31.0,32.2,31.9,30.8,32.5,33.3,31.56,0.89,-0.58,83,93,15.1,17.97,26.5,0.3312,-0.9436,32.2,34.0,34.0,station
2025-06-13,32.9,30.8,30.0,31.9,32.1,32.3,30.6,31.7,32.4,30.2,31.54,1.14,0.1,86,81,10.9,17.4,12.4,0.3149,-0.9491,30.9,31.0,31.0,station
2025-06-14,27.3,28.1,28.2,29.2,28.5,30.3,28.5,29.5,29.1,27.9,28.26,0.69,-0.8,91,97,14.8,11.39,35.8,0.2986,-0.9544,30.1,28.0,28.0,station
2025-06-15,30.2,28.9,28.7,31.4,29.0,32.0,30.0,28.1,31.2,31.8,29.64,1.15,-0.98,92,100,28.6,7.35,59.1,0.2821,-0.9594,29.1,32.0,32.0,station
2025-06-16,28.8,26.9,27.4,28.3,25.1,30.1,27.3,30.9,29.4,31.7,27.3,1.44,-2.58,96,100,12.6,5.46,59.2,0.2656,-0.9641,27.5,28.0,28.0,station
2025-06-17,26.9,26.5,24.7,27.4,23.3,28.5,26.4,25.3,27.3,25.8,25.76,1.71,-0.9,95,98,14.7,6.71,89.2,0.2489,-0.9685,27.5,27.0,27.0,station
2025-06-18,29.1,28.3,25.9,29.7,30.2,32.3,28.0,28.8,30.9,30.2,28.64,1.69,-1.4,88,94,16.0,13.71,9.6,0.2322,-0.9727,29.7,31.0,31.0,station
2025-06-19,31.0,31.6,31.0,31.2,31.3,31.5,31.5,29.6,31.1,29.1,31.22,0.25,0.66,84,97,16.1,18.17,1.3,0.2155,-0.9765,31.3,33.0,33.0,station
2025-06-20,31.0,30.3,31.4,30.7,31.5,30.1,30.6,31.1,30.9,29.2,30.98,0.5,0.6,86,99,17.4,18.41,8.3,0.1986,-0.9801,29.6,33.0,33.0,station
2025-06-21,28.4,30.7,31.1,30.9,31.3,29.8,31.3,31.4,31.5,31.6,30.48,1.18,-0.64,88,99,15.4,15.8,9.2,0.1818,-0.9833,30.5,29.0,29.0,station
2025-06-22,31.9,32.3,31.2,31.4,31.2,31.1,32.6,31.4,31.6,31.0,31.6,0.48,0.06,85,77,14.5,19.77,4.2,0.1648,-0.9863,31.0,34.0,34.0,station
2025-06-23,33.0,33.9,33.7,33.4,32.7,33.2,33.7,31.6,33.1,32.5,33.34,0.49,0.52,82,47,12.8,24.13,0.9,0.1478,-0.989,32.8,35.0,35.0,station
2025-06-24,33.1,34.5,35.5,33.0,31.8,33.3,34.6,32.9,33.6,31.0,33.58,1.44,0.5,78,70,9.8,23.12,0.6,0.1308,-0.9914,33.2,35.0,35.0,station
2025-06-25,33.4,34.9,34.4,34.1,34.0,33.4,35.0,34.6,34.0,33.8,34.16,0.55,0.0,77,33,8.8,24.92,0.2,0.1137,-0.9935,33.8,37.0,37.0,station
2025-06-26,30.6,29.8,31.1,30.5,31.7,31.8,30.3,31.1,30.3,30.6,30.74,0.71,-0.08,88,83,14.6,12.18,19.7,0.0966,-0.9953,29.3,32.0,32.0,station
2025-06-27,30.6,29.7,32.7,31.1,29.0,29.5,30.0,32.4,31.3,29.2,30.62,1.42,0.14,86,96,11.5,17.93,26.9,0.0795,-0.9968,31.5,35.0,35.0,station
2025-06-28,29.2,29.6,30.8,30.6,27.1,28.9,30.1,30.6,30.6,27.4,29.46,1.48,-0.06,87,100,14.0,14.07,17.4,0.0623,-0.9981,30.0,33.0,33.0,station
2025-06-29,29.7,30.4,32.2,30.2,30.7,30.7,30.9,31.5,30.5,30.4,30.64,0.94,-0.16,86,93,10.8,18.59,10.6,0.0451,-0.999,30.4,34.0,34.0,station
2025-06-30,30.6,30.6,32.9,31.3,30.6,32.0,31.1,31.5,31.1,29.4,31.2,1.0,0.18,86,93,14.4,18.7,15.8,0.028,-0.9996,30.5,34.0,34.0,station
2025-07-01,30.5,29.5,32.5,30.8,31.3,29.9,30.1,32.7,31.5,31.6,30.92,1.1,-0.24,88,97,13.6,18.51,18.9,0.0108,-0.9999,30.7,33.0,33.0,station
2025-07-02,30.9,32.0,32.8,32.0,30.8,31.3,33.1,33.5,31.9,32.7,31.7,0.84,-0.8,86,74,12.2,21.04,8.6,-0.0065,-1.0,31.5,35.0,35.0,station
2025-07-03,34.9,34.7,34.4,33.2,33.1,34.2,34.9,34.5,33.7,33.8,34.06,0.85,-0.16,81,95,11.7,21.65,0.0,-0.0237,-0.9997,32.9,35.0,35.0,station
2025-07-04,34.0,34.8,35.5,34.0,34.6,34.3,34.9,35.2,33.9,34.7,34.58,0.63,-0.02,79,21,10.6,24.51,0.7,-0.0408,-0.9992,33.5,35.0,35.0,station
2025-07-05,35.1,35.1,36.4,34.5,35.4,34.2,35.7,36.6,34.1,34.2,35.3,0.7,0.34,82,45,11.0,23.49,7.0,-0.058,-0.9983,33.6,36.0,36.0,station
2025-07-06,34.9,35.1,35.3,35.1,32.2,35.1,35.0,35.4,34.1,33.6,34.52,1.3,-0.12,78,57,9.8,24.63,0.0,-0.0752,-0.9972,34.5,37.0,37.0,station
2025-07-07,35.8,35.9,37.2,35.1,36.3,35.2,35.6,36.8,35.4,34.9,36.06,0.77,0.48,78,64,9.5,24.93,3.3,-0.0923,-0.9957,35.4,38.0,38.0,station
2025-07-08,34.0,34.1,34.9,34.3,34.9,34.4,35.3,35.6,34.3,34.4,34.44,0.43,-0.36,77,78,13.5,22.86,2.0,-0.1094,-0.994,35.0,37.0,37.0,station
2025-07-09,34.5,35.6,35.8,34.7,34.4,33.7,34.8,35.6,33.9,33.1,35.0,0.65,0.78,77,81,11.1,21.04,16.7,-0.1265,-0.992,35.6,37.0,37.0,station
2025-07-10,32.5,31.0,34.8,33.0,32.4,31.4,31.4,35.4,32.6,30.1,32.74,1.37,0.56,87,100,16.4,11.12,22.2,-0.1436,-0.9896,32.3,33.0,33.0,station
2025-07-11,30.9,30.7,29.1,32.9,26.6,28.2,30.0,27.7,32.3,28.6,30.04,2.35,0.68,85,99,13.0,11.27,9.1,-0.1606,-0.987,29.1,29.0,29.0,station
2025-07-12,30.7,31.3,32.8,32.1,31.5,33.1,31.3,32.5,33.9,32.9,31.68,0.8,-1.06,88,86,15.5,15.42,10.0,-0.1775,-0.9841,31.3,32.0,32.0,station
2025-07-13,31.8,32.5,33.2,32.4,33.2,33.3,32.3,33.7,32.0,32.6,32.62,0.59,-0.16,91,99,8.4,12.54,36.4,-0.1944,-0.9809,29.3,33.0,33.0,station
2025-07-14,33.4,33.8,35.2,31.3,32.5,32.9,33.7,32.2,32.6,32.0,33.24,1.46,0.56,90,100,9.0,16.82,18.9,-0.2113,-0.9774,31.7,35.0,35.0,station
2025-07-15,32.9,34.6,34.9,33.6,34.4,33.0,34.0,34.9,32.8,34.9,34.08,0.82,0.16,89,99,10.8,13.71,18.7,-0.2281,-0.9736,31.1,36.0,36.0,station
2025-07-16,34.1,35.1,35.6,35.8,34.7,34.5,35.6,35.1,34.7,34.4,35.06,0.69,0.2,80,70,9.8,24.87,0.7,-0.2448,-0.9696,34.3,37.0,37.0,station
2025-07-17,35.8,36.3,37.5,36.5,36.4,35.7,36.5,36.7,36.2,36.2,36.5,0.62,0.24,81,92,9.5,20.45,3.8,-0.2614,-0.9652,33.2,35.0,35.0,station
2025-07-18,32.9,31.4,36.1,34.1,36.6,31.1,32.9,35.6,33.6,37.2,34.22,2.17,0.14,86,96,11.3,15.02,17.8,-0.278,-0.9606,33.5,37.0,37.0,station
2025-07-19,35.3,35.3,35.7,35.4,34.2,34.9,35.1,37.5,35.2,34.8,35.18,0.57,-0.32,82,92,14.2,22.66,10.9,-0.2945,-0.9557,34.6,36.0,36.0,station
2025-07-20,32.2,30.2,28.6,30.4,31.5,27.6,29.2,33.0,32.2,34.2,30.58,1.38,-0.66,80,100,28.8,10.15,12.2,-0.3109,-0.9505,30.3,32.0,32.0,station
2025-07-21,30.8,30.0,30.2,30.0,29.8,30.0,29.7,29.8,27.9,28.8,30.16,0.38,0.92,89,99,20.2,13.73,20.8,-0.3272,-0.945,31.1,31.0,31.0,station
2025-07-22,29.4,29.2,31.1,30.5,29.2,29.0,28.0,31.4,30.2,27.7,29.88,0.87,0.62,85,100,17.9,15.36,10.5,-0.3434,-0.9392,31.3,30.0,30.0,station
2025-07-23,32.6,32.6,29.4,30.7,27.3,32.6,31.7,29.7,30.4,29.2,30.52,2.25,-0.2,88,100,9.3,14.87,11.1,-0.3595,-0.9332,31.6,35.0,35.0,station
2025-07-24,34.1,34.9,34.3,33.0,34.3,34.2,35.0,30.2,31.5,33.1,34.12,0.69,1.32,85,82,12.4,22.37,17.3,-0.3755,-0.9268,34.0,35.0,35.0,station
2025-07-25,35.6,36.1,36.1,34.1,36.0,35.2,36.0,35.6,33.3,35.5,35.58,0.85,0.46,83,45,13.1,24.78,13.7,-0.3914,-0.9202,34.9,37.0,37.0,station
2025-07-26,35.2,36.2,36.9,34.9,35.7,35.8,36.5,36.2,34.5,36.1,35.78,0.8,-0.04,80,28,12.0,25.07,0.4,-0.4071,-0.9134,34.6,38.0,38.0,station
2025-07-27,35.2,36.1,36.5,35.1,34.9,35.1,35.5,36.4,34.9,35.5,35.56,0.7,0.08,76,98,7.5,24.65,0.0,-0.4228,-0.9062,34.6,37.0,37.0,station
2025-07-28,32.4,33.2,31.5,34.3,34.0,32.8,33.4,35.6,34.1,34.9,33.08,1.15,-1.08,87,99,13.8,14.54,24.2,-0.4383,-0.8988,33.0,34.0,34.0,station
2025-07-29,32.9,34.1,36.0,33.1,34.2,33.4,33.6,35.5,32.8,32.6,34.06,1.23,0.48,88,99,6.5,17.75,16.8,-0.4537,-0.8912,33.0,35.0,35.0,station
2025-07-30,34.0,34.4,36.8,33.3,33.4,32.7,34.3,37.0,33.3,34.6,34.38,1.43,-0.0,89,100,10.2,16.74,26.0,-0.469,-0.8832,33.2,36.0,36.0,station
2025-07-31,32.1,31.9,36.1,31.1,32.2,29.7,32.6,34.5,32.1,33.8,32.68,1.96,0.14,89,100,8.6,16.16,26.5,-0.4841,-0.875,32.0,34.0,34.0,station
2025-08-01,31.8,33.7,35.1,32.7,31.9,31.2,32.7,34.8,31.5,33.6,33.04,1.38,0.28,87,95,15.7,16.8,6.2,-0.4991,-0.8666,32.8,36.0,36.0,station
2025-08-02,31.8,29.8,34.8,31.6,31.3,29.2,30.5,33.4,31.6,28.1,31.86,1.82,1.3,92,97,11.0,11.6,26.2,-0.5139,-0.8578,30.9,33.0,33.0,station
2025-08-03,27.8,28.6,27.6,27.9,27.4,28.1,29.1,30.1,29.5,28.0,27.86,0.46,-1.1,94,100,11.0,9.41,45.7,-0.5286,-0.8489,30.2,30.0,30.0,station
2025-08-04,27.4,28.0,26.3,27.9,27.7,26.2,28.8,26.7,29.0,29.9,27.46,0.69,-0.66,96,100,10.6,6.06,62.5,-0.5431,-0.8397,28.4,29.0,29.0,station
2025-08-05,27.2,27.0,25.5,27.3,28.7,27.3,27.9,25.5,27.7,27.9,27.14,1.14,-0.12,95,99,12.2,6.03,33.4,-0.5575,-0.8302,29.2,28.0,28.0,station
2025-08-06,26.9,26.4,25.4,28.3,26.2,27.4,26.6,25.0,27.9,28.4,26.64,1.07,-0.42,93,100,13.2,5.86,44.4,-0.5717,-0.8205,28.7,28.0,28.0,station
2025-08-07,31.0,30.0,27.9,29.6,28.9,28.9,28.5,27.0,30.4,30.3,29.48,1.16,0.46,88,96,12.3,13.76,3.5,-0.5857,-0.8105,31.9,34.0,34.0,station
2025-08-08,33.2,33.7,35.0,33.4,33.0,33.5,34.0,34.9,33.1,32.9,33.66,0.79,-0.02,84,88,8.0,24.37,0.0,-0.5996,-0.8003,33.3,34.0,34.0,station
2025-08-09,33.8,34.9,35.4,34.0,33.3,33.4,35.0,34.9,33.7,32.8,34.28,0.85,0.32,77,85,10.9,25.18,0.0,-0.6132,-0.7899,34.1,38.0,38.0,station
2025-08-10,33.9,34.6,34.5,33.4,32.0,33.7,34.7,35.1,33.6,33.2,33.68,1.06,-0.38,78,98,8.0,22.01,1.6,-0.6267,-0.7792,33.5,37.0,37.0,station
2025-08-11,33.6,34.2,33.8,33.5,34.2,33.4,33.9,35.7,33.3,31.5,33.86,0.33,0.3,82,93,13.5,22.04,0.8,-0.64,-0.7683,33.5,36.0,36.0,station
2025-08-12,32.9,33.3,35.4,32.8,32.3,32.9,33.7,33.1,33.0,33.5,33.34,1.21,0.1,84,98,12.1,20.46,12.9,-0.6532,-0.7572,33.0,36.0,36.0,station
2025-08-13,32.8,34.7,35.8,33.2,33.7,33.1,34.7,34.8,33.0,33.3,34.04,1.21,0.26,82,51,7.9,22.64,0.6,-0.6661,-0.7459,33.5,36.0,36.0,station
2025-08-14,28.7,28.7,29.7,27.5,30.9,26.4,28.6,31.6,28.2,32.1,29.1,1.27,-0.28,92,100,17.3,5.55,18.2,-0.6788,-0.7343,27.9,32.0,32.0,station
2025-08-15,30.2,30.3,30.7,31.4,32.3,29.3,30.4,30.9,31.6,29.5,30.98,0.88,0.64,87,87,17.1,18.41,18.1,-0.6914,-0.7225,30.7,31.0,31.0,station
2025-08-16,33.4,34.5,33.4,33.5,33.2,33.5,34.7,34.3,34.5,33.9,33.6,0.51,-0.58,79,23,11.7,23.16,4.0,-0.7037,-0.7105,33.6,34.0,34.0,station
2025-08-17,33.6,31.9,33.0,31.9,32.1,33.8,32.5,33.9,33.5,34.7,32.5,0.76,-1.18,84,60,15.3,15.21,5.7,-0.7158,-0.6983,32.0,34.0,34.0,station
2025-08-18,29.0,29.2,29.4,29.4,29.4,29.2,28.9,27.0,27.7,28.8,29.28,0.18,0.96,91,98,13.8,7.97,14.7,-0.7277,-0.6859,28.0,31.0,31.0,station
2025-08-19,29.2,29.5,29.4,28.7,29.9,29.8,30.3,28.9,30.3,31.0,29.34,0.44,-0.72,92,100,14.5,6.5,25.4,-0.7394,-0.6733,28.2,28.0,28.0,station
2025-08-20,31.2,30.5,31.2,30.4,31.7,31.0,31.8,29.6,29.4,28.3,31.0,0.54,0.98,87,96,11.0,16.41,8.7,-0.7509,-0.6605,31.6,32.0,32.0,station
2025-08-21,32.3,32.2,33.3,32.6,31.6,31.9,32.5,27.0,30.4,32.3,32.4,0.62,1.58,81,88,11.9,20.14,0.5,-0.7621,-0.6474,32.7,36.0,36.0,station
2025-08-22,32.5,34.2,34.3,32.6,33.2,32.4,33.8,33.9,31.8,32.9,33.36,0.86,0.4,83,96,5.2,14.88,0.2,-0.7731,-0.6342,31.6,34.0,34.0,station
2025-08-23,34.7,35.4,34.2,34.3,34.5,33.9,35.4,34.6,33.3,35.3,34.62,0.48,0.12,81,38,9.3,23.07,2.2,-0.7839,-0.6208,34.4,37.0,37.0,station
2025-08-24,32.4,33.2,32.9,32.0,32.2,32.9,32.5,34.0,32.7,33.0,32.54,0.5,-0.48,78,66,17.3,21.66,0.9,-0.7945,-0.6073,32.4,34.0,34.0,station
2025-08-25,31.6,33.8,32.9,32.7,31.8,31.5,33.2,32.9,32.1,32.1,32.56,0.89,0.2,79,99,16.4,20.86,1.4,-0.8048,-0.5935,33.3,34.0,34.0,station
2025-08-26,33.2,34.6,33.8,33.0,33.4,33.7,34.8,33.5,33.5,33.8,33.6,0.63,-0.26,74,69,7.3,23.43,0.3,-0.8149,-0.5796,33.1,36.0,36.0,station
2025-08-27,33.4,33.8,34.3,32.5,28.4,32.7,33.5,33.7,32.5,33.8,32.48,2.37,-0.76,78,19,9.0,20.22,0.8,-0.8248,-0.5655,32.5,34.0,34.0,station
2025-08-28,31.2,30.4,27.8,31.1,31.9,29.8,31.6,29.0,30.7,33.0,30.48,1.59,-0.34,78,73,11.6,18.38,7.1,-0.8344,-0.5512,33.4,33.0,33.0,station
2025-08-29,34.4,35.2,34.8,33.5,33.7,34.7,34.8,33.4,34.0,34.2,34.32,0.72,0.1,73,100,15.5,21.73,1.9,-0.8437,-0.5368,35.8,35.0,35.0,station
2025-08-30,32.2,34.9,34.0,33.4,31.6,34.0,35.0,34.9,33.8,34.5,33.22,1.33,-1.22,75,70,18.1,20.67,7.9,-0.8528,-0.5222,34.4,36.0,36.0,station
2025-08-31,33.9,34.9,33.7,33.4,34.4,32.2,34.7,33.9,33.3,31.7,34.06,0.59,0.9,67,86,10.0,23.1,0.1,-0.8617,-0.5074,35.0,35.0,35.0,station
2025-09-01,33.9,35.3,34.6,33.2,34.4,34.0,35.3,34.5,33.9,34.6,34.28,0.79,-0.18,63,81,8.8,21.96,0.4,-0.8703,-0.4925,36.4,37.0,37.0,station
2025-09-02,34.6,35.4,35.1,33.7,34.3,33.3,35.5,34.9,33.5,34.7,34.62,0.67,0.24,61,64,15.9,22.05,0.5,-0.8786,-0.4775,37.0,37.0,37.0,station
2025-09-03,33.5,35.3,35.8,34.1,34.7,34.6,35.7,35.4,34.0,31.5,34.68,0.92,0.44,71,54,10.7,21.32,0.7,-0.8867,-0.4623,35.1,37.0,37.0,station
2025-09-04,33.9,35.7,35.9,33.8,34.7,34.8,35.9,36.0,34.2,35.0,34.8,0.98,-0.38,63,54,10.0,20.94,0.2,-0.8945,-0.447,37.2,37.0,37.0,station
2025-09-05,34.8,35.4,34.6,34.9,35.3,34.3,35.4,35.1,33.8,33.2,35.0,0.34,0.64,55,54,7.5,22.42,0.1,-0.9021,-0.4315,37.5,37.0,37.0,station
2025-09-06,35.1,36.3,34.8,34.3,35.4,34.1,36.0,35.2,35.0,32.7,35.18,0.75,0.58,56,29,8.6,21.69,0.6,-0.9094,-0.4159,36.7,38.0,38.0,station
2025-09-07,32.9,33.4,35.3,33.4,34.4,34.4,34.4,36.3,34.7,35.6,33.88,0.96,-1.2,72,60,22.0,17.81,9.3,-0.9164,-0.4002,35.0,37.0,37.0,station
2025-09-08,27.7,27.4,27.6,28.8,27.4,28.0,27.9,27.5,29.3,26.8,27.78,0.58,-0.12,91,100,29.2,5.87,34.1,-0.9232,-0.3844,27.1,28.0,28.0,station
2025-09-09,30.7,29.5,30.1,29.5,27.6,31.8,29.4,28.9,30.0,27.6,29.48,1.16,-0.06,89,99,15.7,12.44,30.7,-0.9296,-0.3685,30.7,33.0,33.0,station
2025-09-10,29.9,31.2,31.8,30.7,27.6,31.0,31.9,30.4,30.2,31.3,30.24,1.63,-0.72,88,95,13.2,17.25,10.0,-0.9358,-0.3524,31.7,35.0,35.0,station
2025-09-11,32.4,33.5,33.3,31.5,32.7,32.3,33.8,34.3,31.7,32.4,32.68,0.79,-0.22,87,76,12.0,19.94,10.3,-0.9418,-0.3363,32.1,35.0,35.0,station
2025-09-12,32.6,34.5,34.1,32.9,33.1,32.5,34.5,34.3,33.1,33.3,33.44,0.82,-0.1,78,26,6.9,22.36,0.0,-0.9474,-0.32,32.7,36.0,36.0,station
2025-09-13,33.0,34.5,34.0,33.3,34.1,32.7,34.6,33.8,32.9,34.0,33.78,0.61,0.18,76,33,8.3,22.28,0.1,-0.9528,-0.3037,32.9,37.0,37.0,station
2025-09-14,32.7,34.6,34.1,32.6,34.3,32.5,34.6,33.8,33.5,34.2,33.66,0.94,-0.06,76,8,6.7,22.04,0.0,-0.9579,-0.2873,33.2,37.0,37.0,station
2025-09-15,32.6,34.1,33.3,33.1,34.1,33.0,34.3,33.4,33.3,34.0,33.44,0.65,-0.16,78,29,10.6,20.73,1.8,-0.9627,-0.2707,33.6,36.0,36.0,station
2025-09-16,32.7,34.4,33.7,32.4,34.7,33.9,34.5,33.4,32.9,35.3,33.58,1.01,-0.42,80,69,12.5,19.9,1.0,-0.9672,-0.2541,33.5,35.0,35.0,station
2025-09-17,33.8,34.8,34.6,33.1,34.1,32.0,34.4,34.4,32.9,35.6,34.08,0.68,0.22,81,79,12.4,18.57,2.0,-0.9714,-0.2375,33.5,36.0,36.0,station
2025-09-18,33.6,34.8,33.7,32.9,34.1,33.2,34.6,34.2,32.8,34.2,33.82,0.7,0.02,81,48,9.9,19.44,7.3,-0.9753,-0.2207,32.8,35.0,35.0,station
2025-09-19,32.2,32.7,33.8,32.6,26.2,32.3,32.9,33.5,32.2,28.9,31.5,3.02,-0.46,81,89,15.3,11.94,8.2,-0.979,-0.2039,32.0,34.0,34.0,station
2025-09-20,25.2,27.4,25.6,29.3,24.9,25.8,27.8,26.2,28.3,32.5,26.48,1.85,-1.64,93,100,16.2,3.95,29.5,-0.9824,-0.187,26.0,27.0,27.0,station
2025-09-21,26.7,27.3,27.0,26.0,27.6,28.1,27.1,27.7,26.9,27.9,26.92,0.61,-0.62,93,100,12.5,9.24,125.2,-0.9854,-0.1701,29.2,31.0,31.0,station
2025-09-22,32.8,32.9,31.7,31.5,31.9,32.9,32.5,31.9,32.4,32.8,32.16,0.65,-0.34,79,21,13.1,20.36,0.2,-0.9882,-0.1531,32.7,34.0,34.0,station
2025-09-23,31.4,32.0,31.7,31.1,32.1,32.5,31.6,31.2,31.3,32.4,31.66,0.42,-0.14,71,65,27.0,18.51,2.0,-0.9907,-0.1361,32.4,33.0,33.0,station
2025-09-24,27.1,27.9,26.3,26.6,26.8,28.0,28.1,26.1,27.2,28.0,26.94,0.61,-0.54,89,100,37.2,2.96,51.2,-0.9929,-0.1191,26.7,29.0,29.0,station
2025-09-25,29.1,28.5,28.6,28.2,31.0,29.3,28.9,26.8,29.3,31.7,29.08,1.12,-0.12,88,94,23.3,12.54,18.5,-0.9948,-0.102,30.1,29.0,29.0,station
2025-09-26,33.0,33.7,32.4,31.6,32.4,32.8,33.2,32.8,32.6,32.6,32.62,0.78,-0.18,79,86,10.7,19.48,0.1,-0.9964,-0.0848,33.3,34.0,34.0,station
2025-09-27,32.9,33.9,29.4,32.2,33.1,33.0,34.2,31.3,33.0,33.7,32.3,1.73,-0.74,79,84,14.2,17.14,17.6,-0.9977,-0.0677,33.0,34.0,34.0,station
2025-09-28,32.1,32.5,31.6,31.2,30.6,31.4,31.3,31.5,31.2,31.6,31.6,0.74,0.2,83,78,10.1,13.04,2.2,-0.9987,-0.0505,30.6,35.0,35.0,station
2025-09-29,32.0,33.3,32.0,32.0,33.1,32.5,33.7,31.6,31.0,30.5,32.48,0.66,0.62,79,87,8.5,18.78,0.3,-0.9994,-0.0333,32.4,34.0,34.0,station
2025-09-30,33.4,34.5,32.9,33.0,32.8,32.5,34.5,33.1,32.1,32.3,33.32,0.7,0.42,78,89,6.4,19.43,0.0,-0.9999,-0.0161,33.3,36.0,36.0,station
2025-10-01,32.6,34.8,33.6,32.0,32.2,32.1,34.8,33.4,32.9,32.6,33.04,1.16,-0.12,77,70,9.1,19.21,0.5,-1.0,0.0011,33.4,36.0,36.0,station
2025-10-02,31.8,33.7,31.8,32.7,32.3,32.2,34.1,32.6,32.4,31.8,32.46,0.79,-0.16,75,66,6.9,17.88,0.2,-0.9998,0.0183,32.9,35.0,35.0,station
2025-10-03,32.7,34.1,32.2,32.1,32.8,32.8,34.5,32.3,32.5,32.5,32.78,0.8,-0.14,77,13,5.4,18.79,0.3,-0.9994,0.0355,32.8,36.0,36.0,station
2025-10-04,34.1,35.1,34.1,33.7,34.9,34.2,35.2,34.2,34.1,34.7,34.38,0.59,-0.1,75,32,14.9,18.87,1.1,-0.9986,0.0527,34.4,37.0,37.0,station
2025-10-05,31.3,30.5,31.1,30.3,30.1,31.4,30.6,31.1,32.1,32.1,30.66,0.52,-0.8,74,85,27.7,14.22,3.6,-0.9976,0.0698,31.1,33.0,33.0,station
2025-10-06,32.1,32.9,30.8,31.5,31.4,32.1,32.2,30.5,31.3,32.0,31.74,0.8,0.12,76,56,15.6,16.16,1.6,-0.9962,0.087,32.4,35.0,35.0,station
2025-10-07,33.8,35.1,33.7,33.0,34.1,33.4,35.0,33.3,32.9,33.4,33.94,0.76,0.34,75,4,5.9,19.0,0.0,-0.9946,0.1041,34.0,36.0,36.0,station
2025-10-08,33.0,34.8,34.0,33.4,33.9,33.3,35.0,33.5,32.7,33.4,33.82,0.68,0.24,70,26,8.0,17.94,1.2,-0.9926,0.1212,35.4,37.0,37.0,station
2025-10-09,33.1,34.6,33.2,33.3,33.5,33.7,35.0,33.0,33.5,33.8,33.54,0.61,-0.26,67,11,6.1,18.28,0.4,-0.9904,0.1383,34.7,37.0,37.0,station
2025-10-10,33.6,34.5,33.7,32.7,33.5,33.3,34.5,34.5,32.6,33.6,33.6,0.64,-0.1,62,7,8.2,18.12,0.0,-0.9879,0.1553,35.0,36.0,36.0,station
2025-10-11,33.3,34.6,33.3,32.5,33.7,33.5,34.7,33.9,33.2,34.0,33.48,0.76,-0.38,64,19,10.9,18.48,1.1,-0.9851,0.1722,34.8,36.0,36.0,station
2025-10-12,30.5,30.6,32.4,31.3,32.5,29.4,31.0,32.8,31.8,31.4,31.46,0.96,0.18,82,82,13.8,10.72,15.2,-0.9819,0.1892,31.8,33.0,33.0,station
2025-10-13,30.1,30.3,32.6,30.3,32.5,30.4,31.5,33.0,30.5,31.6,31.16,1.27,-0.24,86,72,8.3,10.84,17.8,-0.9785,0.206,30.2,33.0,33.0,station
2025-10-14,31.4,32.0,32.9,30.5,32.3,31.1,31.8,32.5,30.4,32.1,31.82,0.91,0.24,78,66,9.3,17.35,1.8,-0.9749,0.2228,33.2,35.0,35.0,station
2025-10-15,32.4,34.0,33.3,31.9,33.6,32.5,33.6,33.7,32.0,33.2,33.04,0.87,0.04,70,21,7.4,18.24,0.0,-0.9709,0.2396,34.3,36.0,36.0,station
2025-10-16,33.3,35.0,33.4,32.3,33.0,33.0,34.5,33.5,32.5,32.9,33.4,0.99,0.12,67,18,11.5,16.85,0.2,-0.9666,0.2562,35.2,35.0,35.0,station
2025-10-17,33.4,34.3,32.6,32.9,34.0,33.4,34.1,32.6,33.2,32.6,33.44,0.72,0.26,65,23,8.9,17.88,0.6,-0.9621,0.2728,34.6,35.0,35.0,station
2025-10-18,33.3,34.8,35.0,33.4,34.4,33.6,34.7,34.1,33.7,34.7,34.18,0.79,0.02,59,15,17.9,18.0,0.0,-0.9572,0.2893,35.4,36.0,36.0,station
2025-10-19,30.9,31.4,30.1,29.3,31.2,31.2,31.1,30.1,29.5,31.0,30.58,0.87,0.0,61,33,21.2,17.61,0.1,-0.9521,0.3057,33.0,32.0,32.0,station
2025-10-20,28.0,27.1,26.0,25.6,27.7,27.9,26.9,26.3,26.2,28.0,26.88,1.05,-0.18,58,90,22.9,15.7,0.0,-0.9467,0.3221,29.7,28.0,28.0,station
2025-10-21,21.2,21.8,18.0,20.0,21.8,21.1,21.8,18.9,20.3,22.1,20.56,1.61,-0.28,61,100,23.5,5.51,0.0,-0.941,0.3383,22.6,23.0,23.0,station
2025-10-22,20.4,18.6,17.0,17.9,20.3,21.4,18.7,17.9,20.3,21.3,18.84,1.49,-1.08,68,100,21.4,3.62,1.4,-0.9351,0.3545,18.4,19.0,19.0,station
2025-10-23,22.1,20.7,19.4,19.8,22.2,24.5,21.6,24.4,21.2,24.9,20.84,1.29,-2.48,58,95,18.6,9.51,0.3,-0.9288,0.3705,23.5,23.0,23.0,station
2025-10-24,24.0,24.6,25.6,20.6,24.6,24.3,24.3,25.9,21.2,23.8,23.88,1.92,-0.02,54,99,17.3,6.71,0.0,-0.9223,0.3864,24.8,24.0,24.0,station
2025-10-25,27.1,28.4,27.6,25.7,27.6,25.9,27.4,27.0,24.3,27.0,27.28,1.0,0.96,49,55,16.0,14.85,0.0,-0.9155,0.4022,28.0,27.0,27.0,station
2025-10-26,27.2,28.6,28.4,26.5,28.5,27.0,28.2,27.6,25.9,28.0,27.84,0.94,0.5,49,40,16.1,17.2,0.0,-0.9085,0.4179,29.4,28.0,28.0,station
2025-10-27,26.9,27.4,27.6,25.4,28.2,26.9,27.0,27.2,26.2,28.3,27.1,1.06,-0.02,56,35,18.1,15.98,0.0,-0.9012,0.4335,27.5,27.0,27.0,station
2025-10-28,26.8,26.3,28.2,25.0,28.0,28.1,27.5,25.5,25.7,29.0,26.86,1.31,-0.3,59,81,15.4,9.67,0.9,-0.8936,0.4489,27.1,26.0,26.0,station
2025-10-29,29.1,27.9,26.6,25.1,27.4,27.7,28.2,29.8,27.0,29.7,27.22,1.49,-1.26,62,100,13.2,10.99,0.0,-0.8857,0.4642,28.6,28.0,28.0,station
2025-10-30,28.6,27.1,27.8,23.9,29.7,29.1,27.8,30.3,27.1,30.4,27.42,2.19,-1.52,81,85,9.3,8.23,3.6,-0.8776,0.4794,26.6,27.0,27.0,station
2025-10-31,28.3,28.0,29.4,26.4,28.9,28.2,28.0,24.4,25.7,30.0,28.2,1.14,0.94,74,82,13.8,13.44,0.4,-0.8692,0.4944,28.8,28.0,28.0,station
2025-11-01,25.8,26.5,23.7,22.9,27.5,27.0,27.5,23.8,25.0,26.0,25.28,1.93,-0.58,67,94,14.4,12.99,3.7,-0.8606,0.5093,25.4,26.0,26.0,station
2025-11-02,25.7,25.5,25.7,23.6,25.1,23.4,25.3,20.3,22.2,25.6,25.12,0.88,1.76,66,91,17.8,6.43,0.0,-0.8517,0.524,24.4,25.0,25.0,station
2025-11-03,22.3,21.2,19.4,20.2,23.9,23.5,22.5,19.8,22.4,25.8,21.4,1.77,-1.4,67,100,17.3,4.81,0.1,-0.8426,0.5386,20.2,22.0,22.0,station
2025-11-04,17.8,18.1,16.1,17.4,18.0,18.4,19.0,15.8,18.0,21.8,17.48,0.82,-1.12,88,100,15.9,2.73,8.6,-0.8332,0.553,18.0,19.0,19.0,station
2025-11-05,25.6,25.6,26.1,23.2,26.7,26.5,25.8,24.7,24.4,26.9,25.44,1.33,-0.22,76,83,12.8,15.62,0.1,-0.8235,0.5672,26.4,28.0,28.0,station
2025-11-06,28.7,28.8,29.1,27.1,28.9,29.2,29.3,29.2,26.7,28.9,28.52,0.81,-0.14,73,40,10.4,15.35,0.0,-0.8137,0.5813,28.0,28.0,28.0,station
2025-11-07,26.3,26.6,25.1,27.3,30.5,29.7,27.0,25.0,26.5,30.7,27.16,2.03,-0.62,82,84,8.5,7.19,1.2,-0.8035,0.5952,26.1,28.0,28.0,station
2025-11-08,30.7,28.4,29.7,29.4,30.8,30.8,29.4,30.8,29.0,31.6,29.8,0.99,-0.52,82,60,11.9,13.27,1.4,-0.7932,0.609,29.5,32.0,32.0,station
2025-11-09,29.1,28.6,30.1,26.5,28.9,28.1,27.7,30.1,26.7,28.7,28.64,1.32,0.38,71,54,17.7,14.65,0.0,-0.7826,0.6225,29.7,31.0,31.0,station
2025-11-10,27.0,26.0,25.7,24.8,27.1,26.8,26.2,26.0,25.5,26.7,26.12,0.96,-0.12,66,82,18.0,15.03,0.0,-0.7718,0.6359,29.6,28.0,28.0,station
2025-11-11,23.8,25.3,23.8,23.6,25.2,25.7,25.1,24.7,23.8,25.4,24.34,0.84,-0.6,66,93,19.9,10.85,0.0,-0.7607,0.6491,25.2,25.0,25.0,station
2025-11-12,23.9,24.2,25.3,23.4,24.6,24.6,25.5,25.0,24.0,25.1,24.28,0.72,-0.56,64,59,18.6,12.09,0.0,-0.7494,0.6621,25.3,24.0,24.0,station
2025-11-13,23.9,24.1,21.5,22.7,23.8,24.2,24.0,24.3,22.2,23.7,23.2,1.1,-0.48,66,82,15.3,10.91,0.0,-0.7379,0.6749,22.8,22.0,22.0,station
2025-11-14,25.6,23.6,25.3,21.9,25.8,25.8,24.1,24.0,22.8,25.4,24.44,1.67,0.02,69,72,13.2,12.18,0.1,-0.7262,0.6875,25.4,27.0,27.0,station
2025-11-15,27.1,28.5,28.3,25.7,26.6,26.9,28.2,27.7,25.2,26.7,27.24,1.17,0.3,68,46,12.5,12.87,0.0,-0.7143,0.6998,27.5,29.0,29.0,station
2025-11-16,28.2,29.5,29.0,27.0,27.7,27.9,29.3,29.2,26.4,27.1,28.28,1.0,0.3,67,44,9.5,14.45,0.0,-0.7021,0.712,27.7,30.0,30.0,station
2025-11-17,27.9,28.8,29.0,26.7,27.9,27.6,28.1,27.4,24.0,26.4,28.06,0.91,1.36,61,54,20.3,15.89,0.0,-0.6898,0.724,28.4,31.0,31.0,station
2025-11-18,17.6,20.8,16.6,18.7,19.2,17.0,20.5,16.6,16.4,17.4,18.58,1.6,1.0,68,100,25.1,3.01,2.9,-0.6772,0.7358,19.9,23.0,23.0,station
2025-11-19,14.9,15.6,18.0,14.7,15.9,14.9,16.3,18.0,15.0,15.1,15.82,1.31,-0.04,54,97,19.9,8.41,0.0,-0.6645,0.7473,16.2,16.0,16.0,station
2025-11-20,18.3,20.1,15.8,18.5,19.6,19.4,19.9,19.4,17.6,19.1,18.46,1.67,-0.62,41,60,13.5,11.96,0.0,-0.6515,0.7586,18.9,20.0,20.0,station
2025-11-21,20.6,22.5,22.9,21.0,21.4,20.3,22.4,22.3,21.2,20.7,21.68,0.98,0.3,43,66,14.8,12.12,0.0,-0.6384,0.7697,21.6,23.0,23.0,station
2025-11-22,21.3,23.4,23.8,22.2,23.6,22.5,23.3,23.8,22.6,23.7,22.86,1.07,-0.32,49,36,15.8,12.97,0.0,-0.625,0.7806,22.7,25.0,25.0,station
2025-11-23,24.3,25.7,26.5,24.1,25.4,25.1,25.9,25.0,23.9,25.7,25.2,1.0,0.08,56,44,8.1,13.0,0.0,-0.6115,0.7912,24.7,27.0,27.0,station
2025-11-24,25.7,27.3,27.1,25.0,26.1,26.1,27.0,26.4,23.8,26.2,26.24,0.96,0.34,52,27,15.9,15.57,0.0,-0.5978,0.8016,26.4,28.0,28.0,station
2025-11-25,22.0,24.0,24.1,22.9,22.6,21.9,24.4,24.2,22.4,22.5,23.12,0.91,0.04,47,1,18.4,16.47,0.0,-0.584,0.8118,23.2,24.0,24.0,station
2025-11-26,22.2,23.7,23.4,22.2,22.8,21.6,23.4,23.3,22.1,22.5,22.86,0.68,0.28,44,28,15.6,16.64,0.0,-0.5699,0.8217,22.2,23.0,23.0,station
2025-11-27,22.1,25.3,23.0,22.4,22.3,21.7,25.2,23.2,22.3,21.1,23.02,1.32,0.32,38,84,19.1,15.08,0.0,-0.5557,0.8314,22.1,23.0,23.0,station
2025-11-28,22.4,24.6,21.3,22.1,23.1,22.2,25.1,21.7,22.5,22.8,22.7,1.24,-0.16,46,72,12.4,16.43,0.0,-0.5413,0.8408,22.1,22.0,22.0,station
2025-11-29,24.3,25.4,25.7,23.2,24.1,23.9,25.5,24.4,23.2,23.9,24.54,1.02,0.36,58,13,4.8,16.66,0.0,-0.5268,0.85,23.8,27.0,27.0,station
2025-11-30,25.7,24.7,24.3,22.7,23.1,24.1,25.2,27.3,21.8,17.7,24.1,1.22,0.88,69,88,5.3,6.84,1.0,-0.5121,0.859,22.7,23.0,23.0,station
2025-12-01,27.0,28.1,29.6,26.2,26.7,27.8,27.9,29.4,26.5,27.7,27.52,1.36,-0.34,81,54,5.2,9.72,0.2,-0.4972,0.8676,25.6,28.0,28.0,station
2025-12-02,22.1,25.3,26.9,25.3,25.7,26.7,27.5,23.6,26.3,27.2,25.06,1.78,-1.2,91,96,14.2,4.17,15.1,-0.4822,0.8761,23.3,22.0,22.0,station
2025-12-03,21.7,22.0,21.6,21.7,20.7,21.0,20.5,22.7,21.4,21.8,21.54,0.49,0.06,61,62,18.3,11.88,0.0,-0.4671,0.8842,21.9,24.0,24.0,station
2025-12-04,21.6,21.5,22.2,20.8,23.2,21.7,21.1,19.8,21.5,22.4,21.86,0.9,0.56,65,63,14.2,10.24,0.0,-0.4518,0.8921,21.2,23.0,23.0,station
2025-12-05,22.5,22.9,23.1,22.4,23.1,22.5,22.1,23.8,21.1,23.0,22.8,0.33,0.3,65,38,11.7,14.99,0.0,-0.4364,0.8998,23.6,25.0,25.0,station
2025-12-06,22.9,23.8,24.4,23.0,24.2,23.1,23.9,24.5,22.8,23.9,23.66,0.68,0.02,67,10,10.0,15.02,0.0,-0.4208,0.9071,23.2,25.0,25.0,station
2025-12-07,24.9,26.0,26.2,24.6,25.8,24.6,26.0,25.8,24.7,25.1,25.5,0.71,0.26,72,0,9.0,15.13,0.0,-0.4052,0.9142,25.5,27.0,27.0,station
2025-12-08,23.7,25.5,25.8,24.0,24.8,23.9,25.7,25.5,23.8,24.4,24.76,0.91,0.1,63,0,15.8,15.15,0.0,-0.3894,0.9211,24.7,26.0,26.0,station
2025-12-09,24.3,25.2,25.3,24.0,25.2,24.4,25.1,25.6,23.9,25.2,24.8,0.6,-0.04,63,11,13.4,15.03,0.0,-0.3735,0.9276,24.1,26.0,26.0,station
2025-12-10,25.7,24.5,22.5,22.8,22.3,22.5,23.9,21.6,23.4,23.3,23.56,1.48,0.62,75,65,6.5,10.34,0.0,-0.3575,0.9339,24.1,25.0,25.0,station
2025-12-11,26.6,26.4,27.2,25.7,27.3,26.9,26.6,28.5,26.0,27.0,26.64,0.65,-0.36,73,64,7.3,12.94,0.0,-0.3413,0.9399,26.2,28.0,28.0,station
2025-12-12,22.9,23.5,25.7,22.2,25.4,25.4,23.6,25.3,23.6,23.6,23.94,1.54,-0.36,76,86,9.3,8.89,1.1,-0.3251,0.9457,25.0,26.0,26.0,station
2025-12-13,18.0,18.9,18.7,19.6,19.1,17.8,19.5,17.6,18.5,18.1,18.86,0.59,0.56,84,100,24.9,3.95,7.9,-0.3088,0.9511,19.4,19.0,19.0,station
2025-12-14,17.6,18.6,18.9,16.6,17.7,17.7,18.3,18.7,17.5,17.2,17.88,0.91,0.0,51,82,16.6,12.83,0.0,-0.2924,0.9563,17.1,17.0,17.0,station
2025-12-15,20.2,20.3,20.2,19.0,21.3,20.4,20.6,20.4,19.7,21.3,20.2,0.82,-0.28,57,11,11.3,15.0,0.0,-0.2759,0.9612,19.3,22.0,22.0,station
2025-12-16,22.8,23.5,24.0,21.8,23.8,22.2,23.3,23.6,20.6,24.3,23.18,0.9,0.38,71,48,6.1,12.68,0.2,-0.2593,0.9658,22.6,25.0,25.0,station
2025-12-17,24.8,26.2,26.5,23.7,25.2,23.3,25.6,26.5,23.0,23.3,25.28,1.13,0.94,63,24,12.9,14.6,0.5,-0.2427,0.9701,25.7,28.0,28.0,station
2025-12-18,24.0,25.0,24.5,24.0,25.3,23.8,24.7,25.0,23.8,25.1,24.56,0.59,0.08,62,1,13.7,14.81,0.0,-0.226,0.9741,24.2,27.0,27.0,station
2025-12-19,25.0,25.8,26.0,24.5,25.7,24.8,25.5,26.0,24.8,24.3,25.4,0.63,0.32,82,30,7.3,13.31,0.3,-0.2092,0.9779,24.2,25.0,25.0,station
2025-12-20,25.9,27.3,28.4,26.2,24.6,26.6,27.3,27.5,26.4,27.0,26.48,1.44,-0.48,79,30,13.6,12.96,0.4,-0.1923,0.9813,25.9,28.0,28.0,station
2025-12-21,23.0,24.1,26.0,24.3,25.1,21.9,24.0,25.1,23.7,23.4,24.5,1.12,0.88,68,5,18.2,14.4,0.0,-0.1754,0.9845,24.7,27.0,27.0,station
2025-12-22,22.5,22.0,24.1,22.4,25.2,22.9,22.1,24.2,23.2,24.6,23.24,1.36,-0.16,69,51,9.8,10.48,0.0,-0.1585,0.9874,21.7,22.0,22.0,station
2025-12-23,25.2,24.4,25.2,23.6,24.2,24.3,24.0,24.7,24.4,21.9,24.52,0.69,0.66,78,53,6.8,13.36,0.0,-0.1414,0.9899,24.5,26.0,26.0,station
2025-12-24,24.0,24.8,27.0,24.5,25.8,24.2,24.0,26.5,25.0,25.9,25.22,1.19,0.1,76,36,20.2,12.97,0.0,-0.1244,0.9922,25.3,27.0,27.0,station
2025-12-25,16.1,16.3,17.0,15.8,14.8,17.6,16.8,18.3,17.4,15.8,16.0,0.8,-1.18,68,98,21.5,5.19,1.0,-0.1073,0.9942,16.1,17.0,17.0,station
2025-12-26,16.5,15.2,15.3,15.6,13.6,17.0,15.5,16.3,16.8,13.5,15.24,1.05,-0.58,58,92,15.6,5.68,0.0,-0.0902,0.9959,13.1,12.0,12.0,station
2025-12-27,19.2,19.6,20.0,18.5,18.8,19.2,19.6,20.4,19.1,19.5,19.22,0.6,-0.34,65,53,7.8,12.69,0.2,-0.073,0.9973,19.2,20.0,20.0,station
2025-12-28,20.9,20.6,21.5,20.3,21.2,20.9,21.0,20.6,20.1,21.3,20.9,0.47,0.12,66,60,7.1,9.1,0.0,-0.0559,0.9984,19.2,23.0,23.0,station
2025-12-29,22.1,22.7,23.6,22.0,23.0,22.1,22.7,23.7,21.7,22.9,22.68,0.66,0.06,75,22,4.6,13.83,0.0,-0.0387,0.9993,21.3,23.0,23.0,station
2025-12-30,23.6,24.6,25.2,22.9,24.2,23.6,24.5,24.9,23.2,23.7,24.1,0.89,0.12,71,34,6.7,13.55,0.0,-0.0215,0.9998,23.1,24.0,24.0,station
2025-12-31,21.8,22.9,23.1,21.7,22.9,21.9,23.0,23.7,21.9,22.5,22.48,0.67,-0.12,74,51,6.8,11.52,0.0,-0.0043,1.0,22.5,,,
2026-01-01,19.5,19.6,23.1,19.9,20.2,20.3,20.3,23.2,19.1,21.1,20.46,1.5,-0.34,72,80,19.0,9.96,0.1,0.0172,0.9999,19.8,20.0,20.0,station
2026-01-02,14.8,15.2,18.3,15.5,16.1,15.4,16.0,19.0,16.4,15.6,15.98,1.38,-0.5,55,7,18.0,15.12,0.0,0.0344,0.9994,15.8,17.0,17.0,station
2026-01-03,16.5,16.8,18.2,16.6,17.9,16.7,16.4,18.4,17.3,18.2,17.2,0.79,-0.2,63,0,16.1,15.26,0.0,0.0516,0.9987,16.1,18.0,18.0,station
2026-01-04,19.5,19.4,19.9,19.5,20.5,19.4,19.2,20.2,19.9,21.0,19.76,0.46,-0.18,74,10,5.5,15.18,0.0,0.0688,0.9976,19.4,21.0,21.0,station
2026-01-05,17.9,16.8,21.3,16.6,16.7,19.3,17.6,22.0,17.3,19.6,17.86,1.99,-1.3,71,26,17.3,12.43,0.0,0.0859,0.9963,18.7,19.0,19.0,station
2026-01-06,15.2,15.4,17.8,14.8,15.5,16.2,15.6,18.7,15.7,15.7,15.74,1.18,-0.64,60,17,16.8,15.21,0.0,0.103,0.9947,14.6,15.0,15.0,station
2026-01-07,16.0,16.9,17.9,15.7,15.3,16.3,16.7,18.5,15.6,15.2,16.36,1.04,-0.1,55,0,14.3,16.21,0.0,0.1201,0.9928,16.0,17.0,17.0,station
2026-01-08,17.3,18.7,19.2,17.1,16.7,17.1,18.5,18.9,17.1,16.1,17.8,1.09,0.26,41,1,15.6,16.48,0.0,0.1372,0.9905,17.9,19.0,19.0,station
2026-01-09,18.8,19.9,19.9,19.0,18.8,18.7,19.5,19.5,18.6,18.1,19.28,0.57,0.4,48,50,13.1,16.38,0.0,0.1542,0.988,18.8,21.0,21.0,station
2026-01-10,20.8,21.9,22.7,21.1,21.2,20.9,21.5,22.7,21.1,20.7,21.54,0.76,0.16,57,33,14.7,16.12,0.0,0.1712,0.9852,21.1,22.0,22.0,station
2026-01-11,20.2,21.5,22.1,20.8,21.3,19.9,21.7,22.1,20.6,21.1,21.18,0.72,0.1,46,16,15.2,16.41,0.0,0.1881,0.9821,20.6,22.0,22.0,station
2026-01-12,21.9,22.0,21.9,22.2,22.2,21.6,21.7,21.9,21.5,21.9,22.04,0.15,0.32,64,6,5.8,15.79,0.0,0.205,0.9788,21.5,23.0,23.0,station
2026-01-13,23.2,24.8,25.1,23.7,24.3,23.8,24.6,24.9,23.9,24.0,24.22,0.78,-0.02,63,1,6.0,16.21,0.0,0.2218,0.9751,23.6,25.0,25.0,station
2026-01-14,23.3,24.9,24.5,23.9,24.4,23.1,24.8,24.2,24.0,24.4,24.2,0.62,0.1,66,0,6.5,16.26,0.0,0.2385,0.9711,23.3,26.0,26.0,station
2026-01-15,24.6,26.4,26.3,24.5,26.0,24.5,26.1,26.2,25.1,26.0,25.56,0.93,-0.02,62,7,9.4,15.87,0.0,0.2552,0.9669,25.0,26.0,26.0,station
2026-01-16,25.5,25.8,26.2,25.2,26.5,24.7,25.9,26.5,25.2,25.1,25.84,0.52,0.36,65,23,6.8,15.48,0.0,0.2718,0.9624,24.5,26.0,26.0,station
2026-01-17,25.8,26.1,27.0,26.3,26.7,26.1,26.3,27.3,26.6,27.0,26.38,0.48,-0.28,66,41,5.1,13.45,0.0,0.2883,0.9575,24.9,27.0,27.0,station
2026-01-18,25.6,26.0,26.9,25.7,26.6,25.9,26.1,26.9,25.8,27.2,26.16,0.57,-0.22,64,21,4.9,16.1,0.0,0.3047,0.9524,24.9,27.0,27.0,station
2026-01-19,25.7,25.9,27.1,25.9,26.4,25.6,26.0,27.4,25.9,26.8,26.2,0.57,-0.14,68,23,5.9,16.23,0.0,0.3211,0.9471,24.6,27.0,27.0,station
2026-01-20,19.0,18.9,23.5,18.3,20.0,20.9,18.9,25.3,21.5,22.1,19.94,2.08,-1.8,69,82,18.3,6.58,0.0,0.3373,0.9414,18.0,18.0,18.0,station
2026-01-21,14.2,11.7,18.9,12.4,13.9,15.8,11.9,18.9,13.9,16.1,14.22,2.81,-1.1,57,100,17.0,5.46,0.0,0.3534,0.9355,10.8,12.0,12.0,station
2026-01-22,14.1,8.8,16.1,9.4,12.1,15.0,8.7,17.4,11.1,13.1,12.1,3.09,-0.96,63,100,15.4,6.08,0.1,0.3695,0.9292,9.9,9.0,9.0,station
2026-01-23,16.5,13.2,18.2,14.9,14.5,18.0,11.8,18.3,13.8,18.3,15.46,1.93,-0.58,69,100,11.9,4.69,0.9,0.3854,0.9227,11.8,10.0,10.0,station
2026-01-24,19.4,16.2,20.1,16.7,20.5,20.0,16.7,21.0,17.8,20.1,18.58,1.99,-0.54,76,56,6.9,11.13,0.2,0.4012,0.916,19.1,20.0,20.0,station
2026-01-25,22.8,21.5,23.1,19.5,23.7,22.4,21.4,23.3,21.3,24.0,22.12,1.67,-0.36,76,21,8.8,15.41,0.0,0.4169,0.9089,23.7,23.0,23.0,station
2026-01-26,25.1,25.3,26.6,24.2,24.9,23.3,24.8,25.8,23.8,18.3,25.22,0.88,2.02,75,8,5.7,16.52,0.0,0.4325,0.9016,25.0,26.0,26.0,station
2026-01-27,22.2,22.0,25.5,22.4,23.8,22.9,21.9,27.1,22.1,21.7,23.18,1.48,0.04,62,9,16.0,16.57,0.0,0.4479,0.8941,24.6,25.0,25.0,station
2026-01-28,19.9,19.9,24.2,20.8,21.0,21.5,19.6,23.9,21.4,22.0,21.16,1.77,-0.52,60,21,15.1,16.29,0.0,0.4633,0.8862,21.5,22.0,22.0,station
2026-01-29,22.4,22.7,24.3,22.8,23.3,23.5,22.2,23.9,22.6,23.3,23.1,0.74,0.0,65,51,11.0,14.6,0.3,0.4784,0.8781,23.6,25.0,25.0,station
2026-01-30,20.2,22.9,21.9,22.2,24.5,19.3,22.6,23.3,22.5,22.4,22.34,1.56,0.32,70,83,8.9,12.17,0.0,0.4935,0.8698,23.8,24.0,24.0,station
2026-01-31,18.9,18.6,22.1,19.5,19.3,19.3,18.1,19.2,18.8,19.4,19.68,1.4,0.72,68,70,20.5,11.16,2.3,0.5084,0.8611,19.2,19.0,19.0,station
2026-02-01,19.6,17.5,21.9,18.0,20.2,20.2,17.7,23.4,19.4,20.4,19.44,1.77,-0.78,59,39,16.7,16.05,0.2,0.5231,0.8523,19.4,19.0,19.0,station
2026-02-02,20.1,20.0,23.3,19.2,20.0,20.8,19.3,23.9,19.3,21.0,20.52,1.6,-0.34,54,2,15.3,17.6,0.0,0.5377,0.8432,20.7,21.0,21.0,station
2026-02-03,21.9,21.5,23.0,20.5,22.6,21.9,21.3,23.6,20.5,22.6,21.9,0.98,-0.08,56,20,12.4,17.78,0.0,0.5521,0.8338,21.4,24.0,24.0,station
2026-02-04,23.3,23.4,24.4,23.3,24.8,22.3,23.4,22.7,22.9,24.5,23.84,0.71,0.68,78,54,7.9,11.28,0.3,0.5664,0.8242,22.5,23.0,23.0,station
2026-02-05,25.5,26.2,26.5,24.2,26.6,25.4,25.8,26.9,23.9,27.0,25.8,0.99,0.0,74,50,10.1,14.6,0.0,0.5805,0.8143,26.1,27.0,27.0,station
2026-02-06,26.3,26.9,28.1,25.0,27.1,25.4,26.9,28.4,24.9,26.6,26.68,1.14,0.24,70,66,12.3,12.52,0.1,0.5944,0.8042,27.0,29.0,29.0,station
2026-02-07,20.1,20.0,24.4,20.9,17.4,20.0,20.1,23.8,18.9,20.1,20.56,2.52,-0.02,58,78,19.8,12.11,0.6,0.6081,0.7938,21.3,22.0,22.0,station
2026-02-08,17.6,16.4,21.1,17.3,17.6,17.9,16.0,16.9,16.0,16.0,18.0,1.8,1.44,45,70,20.3,11.81,0.0,0.6217,0.7833,17.0,18.0,18.0,station
2026-02-09,17.2,15.7,20.2,15.9,20.7,17.8,15.2,20.5,17.5,20.4,17.94,2.37,-0.34,49,67,14.1,11.0,0.0,0.6351,0.7725,18.8,20.0,20.0,station
2026-02-10,22.2,17.9,19.9,18.4,23.7,22.0,16.9,20.5,19.8,23.4,20.42,2.48,-0.1,71,85,8.0,6.63,0.4,0.6483,0.7614,19.0,22.0,22.0,station
2026-02-11,20.9,20.3,27.4,21.5,23.3,25.2,19.1,26.7,22.7,27.0,22.68,2.87,-1.46,77,77,13.1,14.0,2.6,0.6613,0.7502,23.2,24.0,24.0,station
2026-02-12,24.4,22.2,23.2,24.5,25.0,24.6,21.2,25.8,23.8,25.0,23.86,1.14,-0.22,78,63,9.3,8.12,1.6,0.6741,0.7387,23.4,22.0,22.0,station
2026-02-13,24.1,23.4,26.2,25.3,26.0,25.0,23.9,26.6,26.0,26.2,25.0,1.21,-0.54,75,48,5.9,14.17,0.0,0.6867,0.727,24.7,27.0,27.0,station
2026-02-14,27.4,28.3,28.6,28.2,28.1,27.1,28.0,29.0,27.9,28.0,28.12,0.44,0.12,68,25,12.4,18.35,0.0,0.6991,0.715,28.1,30.0,30.0,station
2026-02-15,27.2,29.0,29.5,27.9,28.2,25.9,29.7,29.9,27.8,28.0,28.36,0.91,0.1,75,65,10.6,11.79,1.1,0.7113,0.7029,27.5,29.0,29.0,station
2026-02-16,27.7,29.1,30.4,29.1,29.6,27.4,29.6,31.5,28.7,29.4,29.18,0.98,-0.14,69,44,24.3,16.24,0.1,0.7233,0.6906,29.4,30.0,30.0,station
2026-02-17,18.4,19.9,19.7,20.8,20.6,20.7,20.8,19.8,22.0,20.7,19.88,0.95,-0.92,59,52,19.8,8.8,0.0,0.735,0.678,18.8,19.0,19.0,station
2026-02-18,22.1,20.1,26.2,21.6,24.2,22.9,19.4,26.3,22.8,23.3,22.84,2.38,-0.1,59,20,13.6,18.5,0.0,0.7466,0.6653,22.4,23.0,23.0,station
2026-02-19,24.0,22.3,25.5,22.7,24.9,24.2,20.8,25.7,23.4,24.4,23.88,1.38,0.18,62,34,8.8,17.78,0.0,0.7579,0.6523,22.3,23.0,23.0,station
2026-02-20,25.0,23.8,26.6,23.2,23.8,26.2,24.2,27.2,24.5,24.6,24.48,1.35,-0.86,60,24,10.3,17.83,0.0,0.769,0.6392,25.2,26.0,26.0,station
2026-02-21,25.2,25.5,28.1,25.1,26.8,25.4,25.1,25.9,25.8,27.2,26.14,1.29,0.26,71,47,14.5,11.64,0.0,0.7799,0.6259,26.1,26.0,26.0,station
2026-02-22,26.4,26.9,29.2,26.5,27.1,26.5,27.2,28.5,26.8,27.7,27.22,1.14,-0.12,72,30,7.9,16.21,0.4,0.7906,0.6124,27.4,29.0,29.0,station
2026-02-23,27.9,28.5,28.9,26.7,27.7,26.9,28.0,27.8,26.5,27.6,27.94,0.84,0.58,64,52,14.5,13.77,0.0,0.801,0.5987,27.5,29.0,29.0,station
2026-02-24,25.1,24.6,27.0,23.8,27.6,27.1,25.4,27.9,25.7,27.3,25.62,1.62,-1.06,77,79,8.2,10.19,0.9,0.8112,0.5848,26.3,27.0,27.0,station
2026-02-25,27.6,25.4,30.7,25.1,28.9,27.6,24.3,30.5,26.2,29.0,27.54,2.36,0.02,73,94,13.6,11.89,0.3,0.8211,0.5708,27.3,28.0,28.0,station
2026-02-26,25.1,24.3,27.5,23.5,24.8,25.8,24.2,26.7,24.3,26.8,25.04,1.5,-0.52,80,88,12.3,8.28,24.4,0.8308,0.5566,26.0,26.0,26.0,station
2026-02-27,24.9,25.0,28.6,26.6,25.9,22.8,23.7,28.3,26.1,25.5,26.2,1.51,0.92,84,81,7.2,12.09,2.9,0.8402,0.5422,26.8,29.0,29.0,station
2026-02-28,21.2,22.1,21.4,21.8,22.3,22.6,21.4,22.3,22.7,24.5,21.76,0.46,-0.94,94,100,14.5,4.62,27.6,0.8495,0.5277,22.1,24.0,24.0,station
2026-03-01,23.9,23.3,23.2,24.5,25.7,24.4,24.0,23.5,24.8,27.0,24.12,1.03,-0.62,87,96,20.0,7.59,1.8,0.8584,0.513,25.6,24.0,24.0,station
2026-03-02,24.9,21.9,21.8,23.8,22.4,24.7,22.3,23.5,25.0,23.2,22.96,1.35,-0.78,87,77,19.1,9.58,12.4,0.8671,0.4981,25.8,25.0,25.0,station
2026-03-03,17.2,17.2,17.7,17.5,16.6,17.8,16.7,17.6,18.7,18.0,17.24,0.42,-0.52,81,86,19.1,3.69,12.6,0.8755,0.4831,16.8,17.0,17.0,station
2026-03-04,18.9,16.0,21.0,18.1,19.6,20.9,16.7,21.2,19.4,17.8,18.72,1.86,-0.48,78,92,13.7,6.71,3.4,0.8837,0.468,17.5,17.0,17.0,station
2026-03-05,23.8,20.6,23.8,21.3,22.5,25.0,21.2,24.7,21.7,18.7,22.4,1.45,0.14,72,57,13.2,17.81,0.0,0.8916,0.4527,23.3,23.0,23.0,station
2026-03-06,23.6,23.2,24.1,21.6,23.8,24.4,23.0,24.6,21.3,23.9,23.26,0.98,-0.18,66,11,14.5,20.76,0.0,0.8993,0.4373,23.2,24.0,24.0,station
2026-03-07,26.4,24.3,25.1,23.2,24.2,25.4,24.6,25.1,23.4,24.8,24.64,1.19,-0.02,69,19,11.5,16.52,0.0,0.9067,0.4218,23.5,27.0,27.0,station
2026-03-08,25.9,24.5,25.9,25.0,26.2,25.5,24.4,25.9,24.9,25.5,25.5,0.72,0.26,74,31,7.9,18.5,0.0,0.9138,0.4061,25.5,27.0,27.0,station
2026-03-09,23.0,20.6,24.1,21.7,23.5,24.3,20.2,23.7,20.6,25.8,22.58,1.42,-0.34,74,84,18.9,12.29,0.6,0.9207,0.3904,23.7,25.0,25.0,station
2026-03-10,21.7,17.9,17.7,18.8,20.0,22.1,18.1,20.0,19.1,19.7,19.22,1.66,-0.58,75,97,12.9,6.5,1.3,0.9272,0.3745,19.3,18.0,18.0,station
2026-03-11,23.0,23.0,24.4,22.4,23.6,24.6,22.5,24.5,22.9,24.0,23.28,0.76,-0.42,71,55,6.0,13.78,0.0,0.9335,0.3585,22.1,25.0,25.0,station
2026-03-12,25.8,27.1,27.3,25.1,25.2,25.8,27.1,27.1,25.2,25.7,26.1,1.04,-0.08,59,3,16.5,21.47,0.0,0.9396,0.3424,26.4,28.0,28.0,station
2026-03-13,24.3,25.5,26.1,24.6,24.0,24.4,25.5,25.7,24.5,24.5,24.9,0.87,-0.02,54,22,13.6,21.63,0.0,0.9453,0.3261,24.3,27.0,27.0,station
2026-03-14,24.4,25.9,25.4,24.4,25.1,23.5,25.0,25.0,24.1,24.3,25.04,0.65,0.66,62,4,10.8,21.58,0.0,0.9508,0.3098,24.8,28.0,28.0,station
2026-03-15,25.7,26.5,26.9,25.9,26.8,25.3,26.8,26.3,26.1,26.7,26.36,0.54,0.12,69,13,7.9,19.26,0.0,0.956,0.2934,25.6,28.0,28.0,station
2026-03-16,26.0,26.8,27.0,27.0,27.2,26.0,26.5,26.9,26.8,27.1,26.8,0.47,0.14,60,4,10.3,21.32,0.0,0.9609,0.2769,26.9,29.0,29.0,station
2026-03-17,26.0,26.7,28.3,26.0,28.6,26.5,26.4,28.3,25.9,28.4,27.12,1.25,0.02,69,31,14.4,14.16,0.1,0.9655,0.2604,26.3,28.0,28.0,station
2026-03-18,27.7,28.0,30.3,26.7,29.9,27.0,28.1,29.9,27.9,29.8,28.52,1.53,-0.02,68,35,10.8,17.14,0.0,0.9698,0.2437,29.0,29.0,29.0,station
2026-03-19,27.4,26.4,30.4,27.7,30.0,26.7,25.9,30.6,28.5,30.0,28.38,1.74,0.04,59,28,14.3,18.69,0.2,0.9739,0.227,29.1,30.0,30.0,station
2026-03-20,26.8,25.6,27.2,26.3,28.0,26.7,24.1,27.3,26.4,27.6,26.78,0.91,0.36,77,67,14.3,12.9,5.1,0.9777,0.2102,28.3,27.0,27.0,station
2026-03-21,23.9,22.7,27.5,25.2,23.8,25.8,22.1,27.9,27.2,29.1,24.62,1.84,-1.8,87,95,9.0,8.95,9.2,0.9811,0.1934,24.1,24.0,24.0,station
2026-03-22,26.2,24.9,27.8,27.0,27.5,26.1,25.1,28.7,26.3,26.1,26.68,1.16,0.22,83,95,11.0,11.29,2.8,0.9843,0.1765,26.6,26.0,26.0,station
2026-03-23,27.4,26.3,31.5,29.3,29.4,27.7,26.6,31.0,29.3,29.8,28.78,2.01,-0.1,78,49,10.4,14.35,0.0,0.9872,0.1595,27.7,30.0,30.0,station
2026-03-24,28.4,27.3,32.1,28.1,30.9,28.5,27.1,28.4,28.8,30.9,29.36,2.04,0.62,78,46,10.0,15.35,0.2,0.9898,0.1425,28.0,29.0,29.0,station
2026-03-25,28.4,28.6,32.5,30.1,31.8,29.3,28.8,32.9,30.0,31.8,30.28,1.85,-0.28,76,46,8.8,15.8,0.6,0.9921,0.1255,29.8,32.0,32.0,station
2026-03-26,29.6,28.1,29.4,29.5,30.7,29.9,27.9,29.0,29.7,31.1,29.46,0.92,-0.06,74,40,14.8,14.25,0.1,0.9941,0.1084,29.3,30.0,30.0,station
2026-03-27,28.9,27.6,30.0,29.1,31.9,28.7,27.0,29.0,29.0,31.1,29.5,1.59,0.54,79,78,9.4,13.27,3.8,0.9958,0.0913,28.5,29.0,29.0,station
2026-03-28,26.1,25.5,29.0,27.7,29.3,27.9,25.0,30.2,28.2,28.9,27.52,1.69,-0.52,84,75,16.0,13.31,14.2,0.9972,0.0741,28.7,28.0,28.0,station
2026-03-29,28.2,25.9,29.0,24.8,25.6,26.5,25.4,29.3,26.7,27.5,26.7,1.8,-0.38,89,69,12.3,14.55,20.5,0.9984,0.057,29.1,28.0,28.0,station
2026-03-30,30.6,25.8,33.9,27.8,30.7,31.1,26.9,32.5,29.0,30.7,29.76,3.09,-0.28,90,76,14.3,12.04,9.7,0.9992,0.0398,27.1,24.0,24.0,station
2026-03-31,27.5,27.1,33.8,25.9,28.4,26.6,26.6,31.4,26.3,28.5,28.54,3.07,0.66,86,71,17.8,12.34,10.0,0.9997,0.0226,28.9,28.0,28.0,station
2026-04-01,27.7,26.2,27.8,25.9,26.4,28.2,25.6,24.3,25.6,27.5,26.8,0.89,0.56,70,20,14.8,22.64,0.0,1.0,0.0054,27.1,29.0,29.0,station
2026-04-02,24.9,23.3,28.0,23.9,25.8,25.6,23.4,27.6,23.1,24.3,25.18,1.84,0.38,79,95,21.4,8.99,6.2,0.9999,-0.0118,26.0,26.0,26.0,station
2026-04-03,29.9,26.5,31.0,27.6,24.8,29.6,26.0,29.3,26.3,25.0,27.96,2.51,0.72,83,77,22.2,13.91,15.6,0.9996,-0.029,29.6,28.0,28.0,station
2026-04-04,27.4,26.4,26.7,26.8,24.8,27.2,24.8,26.0,27.5,26.6,26.42,0.98,0.0,79,48,13.5,18.49,1.2,0.9989,-0.0462,27.2,26.0,26.0,station
2026-04-05,26.8,24.7,28.8,25.5,23.1,25.1,24.0,27.3,25.3,23.3,25.78,2.16,0.78,87,69,15.9,11.48,7.7,0.998,-0.0634,28.8,25.0,25.0,station
2026-04-06,32.6,28.8,32.3,30.0,29.7,32.1,29.4,32.1,29.4,29.5,30.68,1.68,0.18,86,76,17.1,13.53,4.8,0.9968,-0.0805,29.4,29.0,29.0,station
2026-04-07,31.3,30.0,29.8,26.1,31.5,32.1,29.1,29.1,30.1,31.2,29.74,2.17,-0.58,87,68,11.4,13.58,6.1,0.9952,-0.0977,30.3,31.0,31.0,station
2026-04-08,27.0,26.9,27.3,28.4,25.4,27.5,27.2,28.0,27.2,25.4,27.0,1.07,-0.06,85,94,23.4,11.88,2.7,0.9934,-0.1148,28.1,28.0,28.0,station
2026-04-09,31.3,30.5,32.4,30.8,32.1,31.3,31.2,32.6,30.4,32.1,31.42,0.82,-0.1,80,64,21.1,14.69,1.0,0.9913,-0.1319,29.4,29.0,29.0,station
2026-04-10,32.9,31.4,34.8,,34.1,32.8,31.7,34.6,32.3,33.6,33.3,1.49,0.3,78,30,16.3,18.84,0.2,0.9889,-0.1489,32.0,31.0,31.0,station
2026-04-11,32.8,31.2,34.6,,34.5,33.2,29.6,33.8,32.5,33.8,33.27,1.61,0.7,80,40,19.1,16.19,0.8,0.9861,-0.1659,31.0,30.0,30.0,station
2026-04-12,31.9,30.5,32.9,,33.4,31.5,25.3,31.9,31.1,33.2,32.17,1.28,1.57,81,53,18.0,15.69,2.4,0.9831,-0.1828,30.3,28.0,28.0,station
2026-04-13,31.8,30.6,33.9,,32.6,31.6,30.9,33.0,30.9,33.2,32.23,1.39,0.31,77,58,16.8,15.44,0.3,0.9799,-0.1997,31.3,31.0,31.0,station
2026-04-14,31.9,31.0,33.2,31.0,32.7,31.6,30.8,33.8,29.5,32.5,31.96,0.99,0.32,79,41,14.6,15.25,0.7,0.9763,-0.2165,30.7,30.0,30.0,station
2026-04-15,30.9,30.1,34.3,30.3,32.4,30.4,30.3,32.8,30.7,31.9,31.6,1.76,0.38,78,44,14.9,16.06,0.2,0.9724,-0.2333,30.8,31.0,31.0,station
2026-04-16,30.3,29.2,33.9,30.3,33.0,30.5,29.4,33.2,30.0,32.0,31.34,2.0,0.32,83,69,15.7,16.06,7.9,0.9683,-0.25,30.3,30.0,30.0,station
2026-04-17,28.3,25.6,30.2,24.8,29.6,26.3,25.6,30.8,26.0,28.2,27.7,2.4,0.32,86,74,12.1,14.86,2.6,0.9638,-0.2666,28.2,26.0,26.0,station
2026-04-18,30.5,29.7,32.7,27.9,30.0,29.8,30.5,33.2,28.3,29.3,30.16,1.73,-0.06,79,49,8.2,15.08,0.0,0.9591,-0.2831,28.8,30.0,30.0,station
2026-04-19,31.2,32.3,34.1,30.4,32.3,31.5,32.3,32.6,29.9,31.0,32.06,1.39,0.6,74,28,10.9,22.7,0.0,0.9541,-0.2996,31.0,33.0,33.0,station
2026-04-20,30.7,28.1,30.7,27.8,30.0,28.6,27.5,31.9,28.5,29.4,29.46,1.41,0.28,82,84,16.9,18.06,31.4,0.9488,-0.316,31.0,30.0,30.0,station
2026-04-21,30.0,29.5,33.0,28.7,32.0,29.7,28.9,32.6,30.2,31.8,30.64,1.8,0.0,77,63,15.8,18.47,2.7,0.9432,-0.3322,30.4,32.0,32.0,station
2026-04-22,30.2,29.2,33.6,30.6,32.1,29.9,29.2,32.8,30.8,33.9,31.14,1.73,-0.18,77,77,19.1,16.72,2.4,0.9373,-0.3484,29.7,30.0,30.0,station
2026-04-23,23.6,23.6,27.8,25.8,23.8,24.8,22.8,27.8,25.5,21.1,24.92,1.86,0.52,87,100,17.5,4.85,12.3,0.9312,-0.3645,23.9,27.0,27.0,station
2026-04-24,22.2,21.8,20.8,23.6,26.3,28.6,21.6,19.9,23.0,22.1,22.94,2.13,-0.1,77,95,13.0,10.91,10.3,0.9248,-0.3804,21.7,22.0,22.0,station
2026-04-25,28.6,28.2,29.6,27.0,28.2,29.5,28.5,29.2,27.9,25.8,28.32,0.93,0.14,71,39,6.1,25.23,0.0,0.9181,-0.3963,27.9,30.0,30.0,station
2026-04-26,29.3,30.8,31.6,29.5,30.3,29.4,30.7,31.4,29.2,29.7,30.3,0.95,0.22,77,66,7.7,23.84,0.0,0.9112,-0.412,28.7,31.0,31.0,station
2026-04-27,28.7,28.2,29.5,29.1,29.0,29.3,29.7,30.4,28.7,28.3,28.9,0.48,-0.38,81,98,10.6,15.79,1.4,0.9039,-0.4276,29.0,30.0,30.0,station
2026-04-28,25.6,27.0,29.1,27.3,29.5,26.0,26.3,29.3,27.2,27.9,27.7,1.6,0.36,88,89,17.3,16.1,26.9,0.8965,-0.4431,28.2,27.0,27.0,station
2026-04-29,26.8,23.9,24.8,24.2,23.2,24.4,24.4,22.3,24.2,23.7,24.58,1.37,0.78,84,94,18.0,9.63,37.4,0.8887,-0.4585,23.9,26.0,26.0,station
2026-04-30,25.7,25.1,24.9,23.6,23.6,26.2,24.7,21.0,23.3,23.6,24.58,0.94,0.82,65,77,14.0,19.21,0.0,0.8807,-0.4737,25.8,25.0,25.0,station
2026-05-01,26.9,27.5,29.5,27.4,26.7,27.1,27.4,28.8,27.0,25.7,27.6,1.11,0.4,71,65,8.9,19.68,0.0,0.8724,-0.4888,26.7,30.0,30.0,station
2026-05-02,29.9,28.5,29.0,29.3,29.9,29.4,27.8,29.1,29.8,28.7,29.32,0.6,0.36,82,90,15.6,15.66,2.3,0.8639,-0.5037,29.5,29.0,29.0,station
2026-05-03,26.3,25.6,28.4,26.5,26.7,27.3,25.4,27.1,26.8,28.9,26.7,1.04,-0.4,82,92,14.5,12.05,16.1,0.8551,-0.5185,26.8,26.0,26.0,station
2026-05-04,23.4,24.4,21.6,23.6,26.1,27.9,24.9,21.2,23.1,24.4,23.82,1.63,-0.48,77,97,12.2,10.21,2.6,0.846,-0.5331,24.1,25.0,25.0,station
2026-05-05,25.3,24.7,22.0,24.0,24.4,27.3,25.8,21.2,23.6,21.4,24.08,1.26,0.22,84,76,7.1,8.39,2.5,0.8367,-0.5476,24.2,23.0,23.0,station
2026-05-06,28.0,28.2,28.7,26.7,28.6,28.8,27.7,29.2,27.9,26.0,28.04,0.8,0.12,84,84,9.4,13.37,0.1,0.8272,-0.5619,27.0,26.0,26.0,station
2026-05-07,30.5,29.7,30.4,29.1,30.8,30.3,29.9,31.1,29.8,30.9,30.1,0.69,-0.3,84,73,9.4,21.74,6.9,0.8174,-0.5761,30.4,32.0,32.0,station
2026-05-08,28.4,26.8,26.7,27.7,27.3,28.8,27.1,25.7,27.9,26.5,27.38,0.7,0.18,91,89,13.2,8.4,26.1,0.8074,-0.59,27.3,26.0,26.0,station
2026-05-09,26.4,24.0,22.1,23.7,23.7,26.3,23.6,22.1,26.0,23.6,23.98,1.54,-0.34,82,96,16.1,7.95,3.4,0.7971,-0.6038,25.2,24.0,24.0,station
2026-05-10,27.8,27.1,25.6,26.7,27.5,28.8,26.8,27.5,25.1,27.5,26.94,0.86,-0.2,85,84,5.3,12.36,0.9,0.7866,-0.6175,27.4,27.0,27.0,station
2026-05-11,30.3,30.3,30.9,28.6,28.4,30.0,30.5,30.5,28.5,30.3,29.7,1.12,-0.26,81,73,9.7,18.28,1.0,0.7759,-0.6309,30.5,31.0,31.0,station
2026-05-12,31.4,31.9,32.6,30.3,30.6,31.7,31.9,32.2,29.5,32.2,31.36,0.94,-0.14,81,95,7.9,21.34,0.6,0.7649,-0.6442,31.6,32.0,32.0,station
2026-05-13,31.8,32.6,32.9,31.8,33.2,31.4,31.5,31.1,30.0,32.3,32.46,0.64,1.2,82,78,13.5,22.1,4.0,0.7537,-0.6572,32.0,33.0,33.0,station
2026-05-14,26.1,29.3,31.7,29.3,27.1,28.2,29.1,29.8,27.8,27.1,28.7,2.18,0.3,89,57,14.7,17.41,28.3,0.7423,-0.6701,28.7,32.0,32.0,station
2026-05-15,31.3,30.5,31.2,30.1,29.1,31.5,31.1,29.7,30.0,30.7,30.44,0.9,-0.16,89,71,19.7,19.64,31.4,0.7306,-0.6828,31.3,31.0,31.0,station
2026-05-16,27.7,27.4,25.7,27.0,25.2,29.4,27.9,25.6,26.9,25.4,26.6,1.09,-0.44,79,78,15.3,17.99,0.5,0.7188,-0.6952,29.7,29.0,29.0,station
2026-05-17,27.9,27.2,26.2,26.3,27.4,25.3,27.8,28.0,26.9,25.9,27.0,0.73,0.22,79,91,16.4,14.44,2.1,0.7067,-0.7075,27.7,27.0,27.0,station
2026-05-18,28.7,27.5,29.6,26.9,26.8,26.6,26.9,28.7,27.1,24.8,27.9,1.21,1.08,80,87,19.3,12.98,7.6,0.6945,-0.7195,29.0,30.0,30.0,station
2026-05-19,27.5,27.3,29.4,28.9,26.1,26.7,26.9,30.0,28.7,30.8,27.84,1.32,-0.78,95,95,12.9,4.66,26.7,0.682,-0.7314,25.7,27.0,27.0,station
2026-05-20,29.9,28.1,29.1,29.2,28.9,27.8,27.6,28.1,27.4,31.6,29.04,0.65,0.54,94,98,14.2,7.94,47.8,0.6693,-0.743,27.6,31.0,31.0,station
2026-05-21,27.6,28.1,28.8,28.6,28.2,27.0,28.2,28.0,28.8,26.7,28.26,0.47,0.52,94,100,10.4,8.48,40.9,0.6564,-0.7544,28.7,30.0,30.0,station
2026-05-22,28.6,30.4,32.2,31.5,31.6,30.8,31.2,32.0,30.0,30.8,30.86,1.42,-0.1,83,90,14.2,13.69,6.8,0.6433,-0.7656,31.7,33.0,33.0,station
2026-05-23,29.4,30.7,32.6,30.8,32.2,28.9,32.1,33.1,31.1,32.7,31.14,1.28,-0.44,88,88,15.0,13.79,16.2,0.6301,-0.7765,30.6,33.0,33.0,station
2026-05-24,32.9,33.7,33.1,32.3,33.8,34.1,34.5,32.6,32.5,33.3,33.16,0.61,-0.24,78,84,16.1,23.1,1.0,0.6166,-0.7873,33.6,34.0,34.0,station
2026-05-25,34.3,35.4,33.9,35.1,34.3,34.1,35.2,32.6,34.5,33.9,34.6,0.62,0.54,78,23,16.2,25.16,0.2,0.603,-0.7978,34.0,36.0,36.0,station
2026-05-26,35.0,35.8,34.4,35.1,35.4,34.8,35.7,33.4,35.6,35.1,35.14,0.52,0.22,79,66,12.4,24.12,0.4,0.5892,-0.808,34.2,37.0,37.0,station
2026-05-27,34.5,35.7,36.1,34.8,35.4,34.8,35.9,36.2,35.6,35.0,35.3,0.65,-0.2,78,68,11.9,24.35,0.1,0.5752,-0.818,34.6,38.0,38.0,station
2026-05-28,35.1,36.3,37.2,35.8,35.3,34.4,36.2,36.7,35.3,35.3,35.94,0.84,0.36,76,43,7.9,25.16,0.6,0.561,-0.8278,35.1,37.0,37.0,station
2026-05-29,34.8,35.0,36.2,33.8,35.7,35.1,34.8,35.4,34.5,35.5,35.1,0.92,0.04,76,72,14.0,22.7,0.1,0.5467,-0.8373,36.0,38.0,38.0,station
2026-05-30,31.7,33.1,32.5,32.9,32.4,34.0,33.4,32.9,32.4,29.9,32.52,0.54,0.0,75,42,11.7,25.48,0.3,0.5322,-0.8466,33.1,35.0,35.0,station
2026-05-31,32.6,33.2,31.4,32.3,31.5,32.7,33.0,31.9,31.2,30.9,32.2,0.76,0.26,86,40,7.8,21.33,10.2,0.5176,-0.8556,31.2,34.0,34.0,station
2026-06-01,32.3,33.5,32.3,33.7,33.2,32.5,33.8,33.4,34.5,33.2,33.0,0.66,-0.48,83,42,8.0,22.41,5.8,0.5028,-0.8644,32.5,35.0,35.0,station
2026-06-02,33.3,34.4,34.4,33.2,32.4,33.5,35.0,34.4,35.4,34.4,33.54,0.86,-1.0,84,72,10.0,18.88,3.2,0.4878,-0.8729,32.1,37.0,37.0,station
2026-06-03,34.1,34.7,36.0,34.7,32.0,34.3,34.5,35.7,34.5,34.8,34.3,1.46,-0.46,76,74,10.1,24.22,1.3,0.4728,-0.8812,34.4,38.0,38.0,station
2026-06-04,35.5,35.9,35.9,35.9,33.5,35.3,35.5,35.9,35.5,36.0,35.34,1.04,-0.3,76,63,22.3,25.0,7.2,0.4575,-0.8892,34.9,38.0,38.0,station
2026-06-05,34.4,32.5,34.7,35.9,,34.9,33.6,34.7,36.8,34.4,34.38,1.41,-0.51,83,75,12.0,22.41,8.2,0.4422,-0.8969,33.3,35.0,35.0,station
2026-06-06,33.1,29.7,32.8,33.5,,32.5,31.3,35.4,33.9,32.4,32.27,1.74,-0.83,90,97,10.8,11.26,24.0,0.4267,-0.9044,29.2,34.0,34.0,station
2026-06-07,29.4,31.9,31.8,32.0,,28.9,32.0,31.8,32.4,34.1,31.27,1.25,-0.56,87,87,8.3,21.7,4.8,0.4111,-0.9116,32.9,35.0,35.0,station
2026-06-08,30.4,30.1,31.7,31.0,,29.5,29.6,31.6,31.4,29.7,30.8,0.71,0.44,89,98,10.7,18.58,41.1,0.3953,-0.9185,32.4,33.0,33.0,station
2026-06-09,30.1,27.4,27.2,26.7,,29.6,27.2,24.9,26.9,27.9,27.85,1.53,0.55,78,99,17.0,15.78,1.9,0.3795,-0.9252,28.6,28.0,28.0,station
2026-06-10,31.0,28.6,26.5,30.1,30.6,32.5,29.1,28.3,29.4,30.1,29.36,1.84,-0.52,71,98,9.5,15.82,0.1,0.3635,-0.9316,29.7,29.0,29.0,station
2026-06-11,32.3,31.3,30.6,29.8,30.9,32.2,31.3,29.8,30.8,29.2,30.98,0.92,0.32,75,73,7.5,21.18,8.9,0.3474,-0.9377,31.4,32.0,32.0,station
2026-06-12,31.2,31.6,30.5,30.9,31.8,28.5,31.2,29.5,30.8,29.3,31.2,0.52,1.34,83,93,8.9,21.25,4.8,0.3312,-0.9436,31.4,32.0,32.0,station
2026-06-13,29.9,30.3,30.5,31.5,31.8,31.6,30.4,31.2,31.8,34.0,30.8,0.81,-1.0,88,94,13.2,14.86,18.9,0.3149,-0.9491,31.0,31.0,31.0,station
2026-06-14,28.2,28.0,29.7,29.7,27.1,26.9,28.4,27.6,28.8,27.5,28.54,1.14,0.7,95,99,14.5,8.28,66.0,0.2986,-0.9544,28.1,32.0,32.0,station
2026-06-15,29.1,27.9,29.9,28.8,28.7,27.8,28.4,26.7,29.0,30.3,28.88,0.72,0.44,95,99,10.3,12.0,59.5,0.2821,-0.9594,29.0,32.0,32.0,station
2026-06-16,30.6,29.1,28.5,28.6,28.0,26.3,29.9,29.5,28.3,27.7,28.96,1.0,0.62,91,100,11.3,11.5,16.9,0.2656,-0.9641,29.0,31.0,31.0,station
2026-06-17,29.8,29.4,29.5,29.2,25.0,29.4,28.7,28.0,29.6,26.6,28.58,2.01,0.12,89,89,17.0,17.86,9.9,0.2489,-0.9685,30.8,31.0,31.0,station
2026-06-18,26.5,27.1,25.8,29.0,27.6,26.2,27.7,25.9,28.0,27.4,27.2,1.21,0.16,95,99,14.4,5.37,36.6,0.2322,-0.9727,26.8,29.0,29.0,station
2026-06-19,31.5,30.8,30.0,30.7,30.3,29.9,30.0,25.4,31.0,30.9,30.66,0.57,1.22,90,97,12.1,11.53,7.4,0.2155,-0.9765,30.9,31.0,31.0,station
2026-06-20,33.6,32.2,31.2,32.3,31.4,32.4,32.7,31.3,32.8,32.4,32.14,0.95,-0.18,77,95,17.4,24.31,1.6,0.1986,-0.9801,33.8,35.0,35.0,station
2026-06-21,32.6,34.4,32.5,33.4,33.3,33.9,34.1,33.4,32.5,32.7,33.24,0.76,-0.08,76,97,14.5,24.61,2.1,0.1818,-0.9833,33.7,36.0,36.0,station
2026-06-22,34.6,35.2,35.2,34.7,34.3,34.0,35.1,34.9,34.3,33.3,34.8,0.39,0.48,77,36,12.2,25.99,0.6,0.1648,-0.9863,33.9,36.0,36.0,station
2026-06-23,34.3,35.0,33.7,34.5,34.8,34.3,35.1,33.9,34.5,34.8,34.46,0.5,-0.06,79,34,13.1,23.17,1.9,0.1478,-0.989,33.6,36.0,36.0,station
2026-06-24,34.0,33.7,35.6,33.8,34.4,34.2,34.3,36.3,33.8,34.0,34.3,0.77,-0.22,81,77,14.3,24.61,4.5,0.1308,-0.9914,34.0,37.0,37.0,station
2026-06-25,34.0,32.5,34.9,33.1,33.7,33.6,32.6,35.5,32.8,33.8,33.64,0.91,-0.02,84,95,12.7,18.31,45.1,0.1137,-0.9935,33.6,35.0,35.0,station
2026-06-26,32.9,31.7,34.4,29.3,30.5,30.1,32.1,29.4,29.1,31.7,31.76,1.99,1.28,91,100,11.4,10.9,48.1,0.0966,-0.9953,31.7,33.0,33.0,station
2026-06-27,33.6,31.6,31.5,30.7,29.5,30.5,30.7,33.6,30.3,32.0,31.38,1.5,-0.04,85,88,8.4,20.85,4.1,0.0795,-0.9968,32.2,35.0,35.0,station
2026-06-28,28.7,29.3,32.0,30.2,29.4,29.2,30.3,31.2,31.2,31.7,29.92,1.28,-0.8,91,99,14.8,13.27,30.7,0.0623,-0.9981,29.8,30.0,30.0,station
2026-06-29,30.3,31.0,31.1,31.0,32.2,31.7,30.2,31.2,32.1,30.6,31.12,0.68,-0.04,86,99,13.4,18.02,13.9,0.0451,-0.999,32.3,33.0,33.0,station
2026-06-30,31.3,30.9,31.6,32.7,29.6,31.0,31.2,32.5,32.8,30.3,31.22,1.13,-0.34,85,96,16.6,15.42,5.9,0.028,-0.9996,31.6,33.0,33.0,station
2026-07-01,33.2,33.0,33.7,33.5,32.6,33.1,32.7,32.9,33.4,32.7,33.2,0.43,0.24,83,93,9.4,23.21,1.1,0.0108,-0.9999,32.9,34.0,34.0,station
2026-07-02,32.5,34.4,33.9,33.1,33.8,33.9,33.9,34.2,33.8,33.0,33.54,0.74,-0.22,80,56,11.5,24.44,3.3,-0.0065,-1.0,33.9,35.0,35.0,station
2026-07-03,31.6,32.0,32.5,33.2,32.5,31.9,31.4,32.8,32.4,29.1,32.36,0.6,0.84,85,83,19.9,18.55,22.3,-0.0237,-0.9997,32.5,34.0,34.0,station
2026-07-04,26.7,29.0,29.5,30.3,30.1,27.7,29.1,27.8,29.3,29.6,29.12,1.45,0.42,92,96,16.1,12.51,21.3,-0.0408,-0.9992,28.5,30.0,30.0,station
2026-07-05,30.4,30.4,30.1,30.2,30.5,30.3,30.3,29.1,29.4,29.8,30.32,0.16,0.54,83,86,20.9,19.45,15.0,-0.058,-0.9983,31.3,32.0,32.0,station
2026-07-06,31.2,30.1,29.0,29.4,31.0,31.4,30.0,29.5,30.5,30.2,30.14,0.96,-0.18,90,93,20.9,16.3,33.4,-0.0752,-0.9972,30.1,32.0,32.0,station
2026-07-07,30.5,29.3,27.2,30.3,29.6,28.9,28.8,28.5,29.0,30.8,29.38,1.31,0.18,93,97,14.1,10.3,26.7,-0.0923,-0.9957,28.8,30.0,30.0,station
2026-07-08,30.6,29.4,30.6,29.5,29.4,29.4,29.8,29.4,29.1,30.3,29.9,0.64,0.3,85,85,17.8,17.88,5.6,-0.1094,-0.994,30.8,30.0,30.0,station
2026-07-09,30.5,30.9,32.5,31.0,30.2,32.6,31.6,31.5,30.5,30.1,31.02,0.89,-0.24,87,80,11.6,17.94,13.1,-0.1265,-0.992,31.5,32.0,32.0,station
2026-07-10,34.2,34.3,33.8,33.6,33.2,34.5,34.0,31.9,33.3,33.0,33.82,0.45,0.48,77,59,7.5,23.16,1.3,-0.1436,-0.9896,33.4,35.0,35.0,station
2026-07-11,36.5,36.1,36.5,35.0,35.0,36.5,36.1,35.9,34.9,34.7,35.82,0.77,0.2,75,7,9.1,26.39,0.3,-0.1606,-0.987,35.0,37.0,37.0,station
2026-07-12,36.6,37.2,38.2,36.4,36.3,36.4,37.0,37.8,35.0,36.4,36.94,0.79,0.42,73,62,11.9,25.87,0.0,-0.1775,-0.9841,36.4,39.0,39.0,station
2026-07-13,35.9,35.8,35.9,34.3,35.2,34.7,35.9,35.8,34.6,34.8,35.42,0.69,0.26,76,91,13.2,23.52,3.9,-0.1944,-0.9809,35.6,38.0,38.0,station
2026-07-14,31.3,29.9,32.7,30.8,31.9,29.6,29.9,31.4,31.3,30.6,31.32,1.06,0.76,88,92,17.5,15.87,18.7,-0.2113,-0.9774,31.6,34.0,34.0,station
2026-07-15,30.0,29.1,30.3,29.7,29.5,30.8,29.7,30.5,30.2,30.4,29.72,0.46,-0.6,87,92,13.5,10.88,7.8,-0.2281,-0.9736,29.4,30.0,30.0,station
2026-07-16,30.4,29.6,31.2,28.8,28.8,29.4,30.0,32.4,32.1,29.5,29.76,1.04,-0.92,87,82,11.2,15.88,7.7,-0.2448,-0.9696,29.7,32.0,32.0,station
2026-07-17,31.0,30.7,32.9,32.0,31.5,32.3,30.7,32.6,32.3,32.1,31.62,0.87,-0.38,89,90,15.0,18.46,12.3,-0.2614,-0.9652,32.7,33.0,33.0,station
2026-07-18,33.3,31.1,35.1,32.9,31.3,31.1,31.3,33.4,33.4,31.6,32.74,1.63,0.58,89,91,16.6,14.53,23.6,-0.278,-0.9606,31.5,31.0,31.0,station
2026-07-19,32.9,31.6,33.6,32.5,31.7,30.7,30.6,32.6,32.0,30.2,32.46,0.84,1.24,86,94,17.6,21.71,9.9,-0.2945,-0.9557,32.3,32.0,32.0,station
2026-07-20,29.5,30.2,31.1,29.7,30.8,29.9,30.0,31.5,30.9,31.0,30.26,0.69,-0.4,90,92,16.6,15.63,17.0,-0.3109,-0.9505,31.2,32.0,32.0,station
2026-07-21,29.3,29.1,32.7,29.8,30.4,29.9,28.8,31.5,29.0,30.4,30.26,1.45,0.34,93,82,11.9,9.52,25.8,-0.3272,-0.945,28.6,31.0,31.0,station
2026-07-22,32.3,31.7,32.0,31.0,31.1,31.0,31.2,32.0,30.7,31.2,31.62,0.56,0.4,79,43,13.8,23.44,2.3,-0.3434,-0.9392,32.8,33.0,33.0,station
2026-07-23,33.4,33.7,32.9,34.0,32.5,33.1,33.6,32.2,32.6,33.2,33.3,0.6,0.36,76,21,9.5,25.41,0.7,-0.3595,-0.9332,33.7,36.0,36.0,station
2026-07-24,34.9,35.3,35.0,33.5,33.8,34.2,35.0,35.6,33.7,33.7,34.5,0.8,0.06,76,20,6.1,25.66,0.0,-0.3755,-0.9268,33.7,36.0,36.0,station
2026-07-25,36.1,35.6,35.4,35.6,36.5,36.5,35.7,35.3,35.2,35.6,35.84,0.45,0.18,75,80,17.9,22.95,9.7,-0.3914,-0.9202,36.0,37.0,37.0,station
2026-07-26,28.9,28.7,27.3,28.5,26.9,28.3,28.7,27.7,31.6,33.0,28.06,0.9,-1.8,88,100,30.3,7.0,26.6,-0.4071,-0.9134,28.4,29.0,29.0,station
2026-07-27,29.3,29.0,30.4,29.9,28.9,32.2,29.7,30.5,31.8,30.5,29.5,0.64,-1.44,83,77,12.5,20.91,4.7,-0.4228,-0.9062,32.6,32.0,32.0,station
2026-07-28,29.3,30.5,30.3,31.3,28.0,32.2,30.7,32.1,30.7,33.2,29.88,1.27,-1.9,89,97,12.2,15.44,9.9,-0.4383,-0.8988,29.9,,,
