datum,p1_ifs,p1_aifs,p1_gfs,p1_icon,p1_gem,p2_ifs,p2_aifs,p2_gfs,p2_icon,p2_gem,mm_gem,mm_spreiding,run2run,rh_gem,bewolking_gem,wind_max,instraling_som,neerslag_som,doy_sin,doy_cos,era5_max,station_max,doel,doelbron
2023-11-01,,,22.3,,,,,22.5,,,,,,61,50,15.9,10.78,0.4,-0.8606,0.5093,21.8,23.0,23.0,station
2023-11-02,,,20.5,,,,,20.3,,,,,,64,80,16.9,7.43,0.4,-0.8517,0.524,20.1,19.0,19.0,station
2023-11-03,,,19.1,,,,,19.7,,,,,,73,46,21.3,10.17,0.3,-0.8426,0.5386,19.3,19.0,19.0,station
2023-11-04,,,22.4,,,,,22.8,,,,,,61,79,17.0,11.65,0.0,-0.8332,0.553,22.5,23.0,23.0,station
2023-11-05,,,22.1,,,,,20.9,,,,,,44,54,33.0,9.53,0.0,-0.8235,0.5672,22.4,22.0,22.0,station
2023-11-06,,,20.3,,,,,20.2,,,,,,66,18,20.7,10.32,0.0,-0.8137,0.5813,19.8,20.0,20.0,station
2023-11-07,,,19.9,,,,,20.0,,,,,,62,18,7.6,11.14,0.0,-0.8035,0.5952,20.2,22.0,22.0,station
2023-11-08,,,20.3,,,,,20.8,,,,,,57,39,11.4,12.13,0.0,-0.7932,0.609,20.2,21.0,21.0,station
2023-11-09,,,19.5,,,,,20.3,,,,,,65,48,19.8,11.46,0.3,-0.7826,0.6225,19.1,19.0,19.0,station
2023-11-10,,,15.7,,,,,16.3,,,,,,76,54,11.2,8.88,0.0,-0.7718,0.6359,16.4,15.0,15.0,station
2023-11-11,,,21.0,,,,,21.4,,,,,,59,87,29.1,11.01,0.0,-0.7607,0.6491,21.2,20.0,20.0,station
2023-11-12,,,19.2,,,,,19.2,,,,,,66,98,28.9,4.96,6.5,-0.7494,0.6621,19.3,17.0,17.0,station
2023-11-13,,,17.8,,,,,18.7,,,,,,82,100,17.9,7.12,4.8,-0.7379,0.6749,18.1,16.0,16.0,station
2023-11-14,,,13.6,,,,,15.2,,,,,,79,37,17.9,11.2,6.7,-0.7262,0.6875,13.5,14.0,14.0,station
2023-11-15,,,15.8,,,,,16.6,,,,,,81,59,13.9,10.48,0.0,-0.7143,0.6998,15.1,15.0,15.0,station
2023-11-16,,,13.2,,,,,13.1,,,,,,83,51,14.5,2.59,6.5,-0.7021,0.712,9.8,11.0,11.0,station
2023-11-17,,,10.0,,,,,10.5,,,,,,83,50,8.4,7.6,0.0,-0.6898,0.724,10.1,10.0,10.0,station
2023-11-18,,,13.4,,,,,13.5,,,,,,79,89,30.7,6.59,14.0,-0.6772,0.7358,14.8,11.0,11.0,station
2023-11-19,,,7.6,,,,,6.5,,,,,,83,95,30.8,5.38,1.8,-0.6645,0.7473,6.3,7.0,7.0,station
2023-11-20,,,4.4,,,,,4.1,,,,,,79,98,19.6,4.03,0.2,-0.6515,0.7586,4.5,5.0,5.0,station
2023-11-21,,,8.5,,,,,7.9,,,,,,82,54,15.6,7.82,0.0,-0.6384,0.7697,8.8,9.0,9.0,station
2023-11-22,,,12.8,,,,,11.4,,,,,,73,78,9.5,10.16,0.0,-0.625,0.7806,13.2,14.0,14.0,station
2023-11-23,,,12.0,,,,,12.1,,,,,,86,63,10.4,9.18,0.0,-0.6115,0.7912,14.3,14.0,14.0,station
2023-11-24,,,15.0,,,,,14.7,,,,,,89,87,18.9,7.51,2.0,-0.5978,0.8016,14.4,14.0,14.0,station
2023-11-25,,,11.3,,,,,12.0,,,,,,85,96,30.3,5.39,5.0,-0.584,0.8118,12.0,12.0,12.0,station
2023-11-26,,,10.7,,,,,10.8,,,,,,77,62,43.0,2.47,10.4,-0.5699,0.8217,12.4,11.0,11.0,station
2023-11-27,,,1.0,,,,,0.7,,,,,,73,13,23.6,9.75,0.1,-0.5557,0.8314,1.7,2.0,2.0,station
2023-11-28,,,4.6,,,,,4.1,,,,,,72,45,15.9,9.85,0.1,-0.5413,0.8408,5.0,5.0,5.0,station
2023-11-29,,,9.0,,,,,9.3,,,,,,69,99,22.9,2.05,1.9,-0.5268,0.85,10.7,10.0,10.0,station
2023-11-30,,,10.7,,,,,10.4,,,,,,86,81,24.4,3.99,6.6,-0.5121,0.859,12.3,12.0,12.0,station
2023-12-01,,,14.8,,,,,14.7,,,,,,79,67,18.7,9.36,0.0,-0.4972,0.8676,14.4,15.0,15.0,station
2023-12-02,,,15.4,,,,,15.3,,,,,,80,35,11.7,9.4,0.0,-0.4822,0.8761,14.8,16.0,16.0,station
2023-12-03,,,16.1,,,,,15.4,,,,,,76,87,10.2,9.14,0.0,-0.4671,0.8842,15.0,16.0,16.0,station
2023-12-04,,,13.9,,,,,14.1,,,,,,78,71,9.2,8.78,0.0,-0.4518,0.8921,12.7,13.0,13.0,station
2023-12-05,,,12.3,,,,,11.6,,,,,,88,31,10.0,8.06,0.0,-0.4364,0.8998,11.8,12.0,12.0,station
2023-12-06,,,12.7,,,,,12.8,,,,,,86,49,5.8,8.92,0.1,-0.4208,0.9071,12.8,11.0,11.0,station
2023-12-07,,,11.5,,,,,11.5,,,,,,87,96,14.2,6.56,1.2,-0.4052,0.9142,10.9,11.0,11.0,station
2023-12-08,,,9.2,,,,,9.6,,,,,,90,99,11.4,2.28,9.0,-0.3894,0.9211,9.1,9.0,9.0,station
2023-12-09,,,8.3,,,,,8.4,,,,,,93,100,13.8,1.29,11.3,-0.3735,0.9276,8.2,9.0,9.0,station
2023-12-10,,,7.3,,,,,6.6,,,,,,87,99,12.8,5.3,0.3,-0.3575,0.9339,8.3,6.0,6.0,station
2023-12-11,,,10.2,,,,,9.3,,,,,,86,93,6.9,6.85,1.3,-0.3413,0.9399,10.0,7.0,7.0,station
2023-12-12,,,10.0,,,,,9.9,,,,,,90,97,11.6,4.5,0.8,-0.3251,0.9457,7.9,9.0,9.0,station
2023-12-13,,,7.4,,,,,8.4,,,,,,88,78,8.7,6.68,0.1,-0.3088,0.9511,7.3,8.0,8.0,station
2023-12-14,,,11.3,,,,,11.3,,,,,,76,27,8.7,9.08,0.0,-0.2924,0.9563,11.1,12.0,12.0,station
2023-12-15,,,15.3,,,,,15.1,,,,,,71,89,8.3,8.28,0.0,-0.2759,0.9612,14.3,13.0,13.0,station
2023-12-16,,,13.5,,,,,14.0,,,,,,84,89,10.1,7.02,3.1,-0.2593,0.9658,13.8,13.0,13.0,station
2023-12-17,,,9.5,,,,,8.6,,,,,,75,47,18.2,8.41,1.8,-0.2427,0.9701,8.0,7.0,7.0,station
2023-12-18,,,5.6,,,,,6.1,,,,,,74,2,5.4,9.1,0.0,-0.226,0.9741,5.4,7.0,7.0,station
2023-12-19,,,7.8,,,,,8.1,,,,,,79,1,7.4,8.96,0.0,-0.2092,0.9779,6.8,8.0,8.0,station
2023-12-20,,,9.6,,,,,9.4,,,,,,72,0,6.1,9.14,0.0,-0.1923,0.9813,9.0,9.0,9.0,station
2023-12-21,,,8.6,,,,,8.4,,,,,,81,84,8.7,4.74,0.4,-0.1754,0.9845,9.2,4.0,4.0,station
2023-12-22,,,7.8,,,,,8.4,,,,,,87,96,21.3,3.2,5.3,-0.1585,0.9874,7.4,8.0,8.0,station
2023-12-23,,,7.2,,,,,6.6,,,,,,77,66,31.8,8.93,3.7,-0.1414,0.9899,7.9,8.0,8.0,station
2023-12-24,,,6.8,,,,,7.0,,,,,,79,68,33.4,6.72,2.8,-0.1244,0.9922,7.2,9.0,9.0,station
2023-12-25,,,10.2,,,,,9.5,,,,,,78,30,19.8,8.7,0.0,-0.1073,0.9942,10.9,11.0,11.0,station
2023-12-26,,,12.5,,,,,13.3,,,,,,74,0,8.3,8.91,0.0,-0.0902,0.9959,12.0,14.0,14.0,station
2023-12-27,,,12.0,,,,,12.1,,,,,,69,2,8.4,9.08,0.0,-0.073,0.9973,10.3,12.0,12.0,station
2023-12-28,,,10.4,,,,,10.7,,,,,,84,5,5.5,9.05,0.0,-0.0559,0.9984,9.8,12.0,12.0,station
2023-12-29,,,10.7,,,,,10.7,,,,,,80,0,5.1,9.14,0.0,-0.0387,0.9993,8.9,11.0,11.0,station
2023-12-30,,,,,,,,,,,,,,84,56,6.8,8.61,0.0,-0.0215,0.9998,7.6,11.0,11.0,station
2023-12-31,,,,,,,,,,,,,,89,82,7.6,8.49,0.0,-0.0043,1.0,7.8,,,
2024-01-01,,,,,,,,,,,,,,87,65,7.8,8.3,0.0,0.0172,0.9999,8.7,10.0,10.0,station
2024-01-02,,,,,,,,,,,,,,90,91,13.9,4.0,1.7,0.0344,0.9994,9.5,9.0,9.0,station
2024-01-03,,,,,,,,,,,,,,86,89,17.3,5.25,0.4,0.0516,0.9987,9.7,11.0,11.0,station
2024-01-04,,,,,,,,,,,,,,82,83,20.9,5.68,3.7,0.0688,0.9976,11.1,11.0,11.0,station
2024-01-05,,,,,,,,,,,,,,79,40,20.1,8.15,4.1,0.0859,0.9963,9.4,10.0,10.0,station
2024-01-06,,,,,,,,,,,,,,71,35,8.2,9.48,0.0,0.103,0.9947,10.1,12.0,12.0,station
2024-01-07,,,,,,,,,,,,,,75,64,34.6,7.82,2.3,0.1201,0.9928,11.9,10.0,10.0,station
2024-01-08,,,,,,,,,,,,,,86,72,29.5,6.51,9.3,0.1372,0.9905,9.9,10.0,10.0,station
2024-01-09,,,,,,,,,,,,,,85,85,21.8,5.72,7.7,0.1542,0.988,9.8,8.0,8.0,station
2024-01-10,,,,,,,,,,,,,,92,100,20.5,1.78,11.1,0.1712,0.9852,3.6,5.0,5.0,station
2024-01-11,,,,,,,,,,,,,,82,42,15.1,10.0,0.0,0.1881,0.9821,5.0,6.0,6.0,station
2024-01-12,,,,,,,,,,,,,,78,82,16.1,6.29,0.1,0.205,0.9788,3.1,2.0,2.0,station
2024-01-13,,,,,,,,,,,,,,64,29,9.9,9.22,0.0,0.2218,0.9751,-0.0,0.0,0.0,station
2024-01-14,,,,,,,,,,,,,,63,1,12.2,10.44,0.0,0.2385,0.9711,1.4,1.0,1.0,station
2024-01-15,,,,,,,,,,,,,,69,41,19.3,9.89,0.2,0.2552,0.9669,7.2,6.0,6.0,station
2024-01-16,,,,,,,,,,,,,,88,99,28.4,1.39,8.1,0.2718,0.9624,7.7,8.0,8.0,station
2024-01-17,,,,,,,,,,,,,,90,68,8.7,6.9,0.4,0.2883,0.9575,9.0,10.0,10.0,station
2024-01-18,,,,,,,,,,,,,,86,82,16.4,8.5,1.8,0.3047,0.9524,10.5,10.0,10.0,station
2024-01-19,,,,,,,,,,,,,,88,77,14.8,6.7,9.0,0.3211,0.9471,10.0,13.0,13.0,station
2024-01-20,,,11.9,11.1,10.8,,,,,,,,,86,94,15.6,7.97,2.7,0.3373,0.9414,12.2,11.0,11.0,station
2024-01-21,,,9.1,7.3,7.7,,,8.6,8.2,7.4,,,,84,100,25.5,2.29,3.6,0.3534,0.9355,8.5,7.0,7.0,station
2024-01-22,,,0.7,1.1,0.2,,,0.9,1.3,-0.3,,,,67,32,19.5,11.21,0.0,0.3695,0.9292,1.9,1.0,1.0,station
2024-01-23,,,2.4,1.8,0.3,,,2.4,1.6,0.1,,,,69,0,10.1,11.46,0.0,0.3854,0.9227,2.8,2.0,2.0,station
2024-01-24,,,3.1,3.1,3.1,,,4.0,2.2,2.2,,,,58,0,7.0,11.43,0.0,0.4012,0.916,4.3,1.0,1.0,station
2024-01-25,,,2.1,2.2,0.2,,,2.5,2.2,-0.9,,,,69,73,12.5,8.9,0.0,0.4169,0.9089,3.7,3.0,3.0,station
2024-01-26,,,4.1,2.7,3.4,,,2.9,3.4,2.2,,,,79,84,12.9,7.53,0.4,0.4325,0.9016,4.8,4.0,4.0,station
2024-01-27,,,2.0,1.4,1.7,,,1.8,1.0,1.8,,,,80,77,15.8,5.54,0.0,0.4479,0.8941,2.2,4.0,4.0,station
2024-01-28,,,2.2,1.7,1.6,,,2.9,1.5,2.1,,,,74,91,14.6,8.96,0.6,0.4633,0.8862,3.3,3.0,3.0,station
2024-01-29,,,0.3,1.0,0.6,,,0.2,0.7,1.2,,,,73,74,14.0,7.12,3.6,0.4784,0.8781,2.2,2.0,2.0,station
2024-01-30,,,1.6,1.6,1.0,,,1.5,1.2,0.6,,,,69,40,27.6,10.23,0.0,0.4935,0.8698,1.9,2.0,2.0,station
2024-01-31,,,3.0,3.6,3.3,,,2.5,3.4,2.8,,,,69,16,22.5,12.13,0.0,0.5084,0.8611,3.9,4.0,4.0,station
2024-02-01,,,4.7,4.5,4.1,,,4.7,4.1,3.6,,,,64,5,8.8,12.28,0.0,0.5231,0.8523,6.3,6.0,6.0,station
2024-02-02,,,5.4,5.9,5.2,,,5.2,5.2,5.3,,,,59,25,10.2,12.29,0.0,0.5377,0.8432,6.5,8.0,8.0,station
2024-02-03,,,4.6,4.9,4.8,,,4.4,4.5,4.3,,,,68,61,9.5,11.63,0.0,0.5521,0.8338,4.9,6.0,6.0,station
2024-02-04,4.6,,4.0,4.4,4.0,,,4.2,4.9,3.8,4.25,0.3,,80,91,12.1,9.39,0.0,0.5664,0.8242,4.4,4.0,4.0,station
2024-02-05,5.0,,5.7,6.7,5.8,6.2,,5.1,5.9,5.5,5.8,0.7,0.12,80,98,26.5,5.96,0.8,0.5805,0.8143,7.0,8.0,8.0,station
2024-02-06,11.6,,11.0,12.0,11.6,11.5,,10.7,12.0,10.7,11.55,0.41,0.33,75,43,24.9,11.32,0.0,0.5944,0.8042,12.4,14.0,14.0,station
2024-02-07,12.9,,14.5,13.8,12.2,12.8,,14.9,13.1,11.6,13.35,1.01,0.25,68,39,14.7,13.04,0.0,0.6081,0.7938,13.9,15.0,15.0,station
2024-02-08,12.6,,11.9,13.2,11.9,12.3,,11.9,12.9,11.5,12.4,0.63,0.25,70,100,21.5,10.35,0.0,0.6217,0.7833,12.1,13.0,13.0,station
2024-02-09,11.8,,11.2,11.5,12.8,10.4,,10.9,11.3,13.1,11.82,0.69,0.4,74,39,12.3,12.52,0.3,0.6351,0.7725,12.2,13.0,13.0,station
2024-02-10,12.9,,13.1,13.5,13.4,12.5,,12.4,13.0,13.0,13.22,0.28,0.5,69,62,18.4,12.92,0.0,0.6483,0.7614,13.1,14.0,14.0,station
2024-02-11,13.1,,13.2,13.3,13.8,12.7,,13.4,13.4,13.2,13.35,0.31,0.17,70,96,11.3,12.18,0.0,0.6613,0.7502,13.6,12.0,12.0,station
2024-02-12,14.7,,13.8,14.9,14.5,14.6,,13.0,14.6,14.6,14.47,0.48,0.28,60,99,20.8,11.29,0.1,0.6741,0.7387,14.3,15.0,15.0,station
2024-02-13,12.6,,12.5,10.4,11.5,12.5,,12.0,11.1,14.6,11.75,1.03,-0.8,72,97,20.4,9.41,5.2,0.6867,0.727,13.5,11.0,11.0,station
2024-02-14,8.5,,8.3,10.0,7.9,9.4,,9.8,10.1,9.7,8.68,0.92,-1.07,85,100,16.1,6.6,9.5,0.6991,0.715,10.7,9.0,9.0,station
2024-02-15,9.9,,7.9,9.5,8.7,8.5,,5.1,8.5,9.2,9.0,0.89,1.18,82,71,14.4,8.07,5.0,0.7113,0.7029,10.3,12.0,12.0,station
2024-02-16,11.4,,10.3,10.1,10.5,10.7,,8.1,9.1,7.7,10.57,0.57,1.67,81,28,8.9,13.36,0.0,0.7233,0.6906,10.7,12.0,12.0,station
2024-02-17,8.2,,8.1,8.0,8.5,8.7,,8.3,8.0,8.7,8.2,0.22,-0.23,80,63,8.9,9.52,0.1,0.735,0.678,8.6,9.0,9.0,station
2024-02-18,6.7,,5.9,7.8,8.4,7.9,,6.2,7.3,8.1,7.2,1.12,-0.17,75,80,14.7,9.1,0.0,0.7466,0.6653,7.8,10.0,10.0,station
2024-02-19,6.1,,6.5,7.9,8.4,5.6,,6.6,6.9,8.2,7.22,1.1,0.4,72,77,11.4,9.16,0.1,0.7579,0.6523,7.3,9.0,9.0,station
2024-02-20,7.0,,7.9,8.1,8.0,7.0,,8.0,8.2,9.2,7.75,0.51,-0.35,74,58,9.2,10.8,0.0,0.769,0.6392,7.8,7.0,7.0,station
2024-02-21,9.8,,9.7,9.7,10.6,9.6,,9.7,9.6,10.5,9.95,0.44,0.1,66,43,12.5,13.1,0.3,0.7799,0.6259,10.4,11.0,11.0,station
2024-02-22,8.6,,7.9,8.0,8.4,8.0,,8.3,7.9,8.1,8.22,0.33,0.15,72,49,11.2,14.13,0.1,0.7906,0.6124,8.7,9.0,9.0,station
2024-02-23,10.3,,10.4,10.5,10.6,10.2,,10.6,9.9,10.5,10.45,0.13,0.15,57,1,12.7,15.93,0.0,0.801,0.5987,10.2,12.0,12.0,station
2024-02-24,12.8,,12.7,13.3,14.2,13.6,,13.3,13.2,14.0,13.25,0.69,-0.28,57,1,7.5,15.8,0.0,0.8112,0.5848,12.2,15.0,15.0,station
2024-02-25,13.5,,14.0,14.4,15.6,13.8,,14.2,14.0,15.8,14.38,0.9,-0.07,63,36,7.1,16.1,0.0,0.8211,0.5708,13.4,15.0,15.0,station
2024-02-26,13.5,,12.7,13.8,14.6,13.4,,13.0,13.5,15.4,13.65,0.79,-0.17,67,99,8.5,11.81,0.0,0.8308,0.5566,13.1,14.0,14.0,station
2024-02-27,13.1,,14.0,14.8,14.8,13.1,,13.0,13.2,15.6,14.18,0.81,0.45,64,35,6.5,14.62,0.2,0.8402,0.5422,14.1,16.0,16.0,station
2024-02-28,15.2,,15.2,15.9,16.3,14.7,,15.3,15.6,16.3,15.65,0.54,0.18,60,2,8.0,16.73,0.0,0.8495,0.5277,15.7,17.0,17.0,station
2024-02-29,15.2,,15.7,16.7,17.0,15.2,,15.7,16.1,16.7,16.15,0.84,0.22,58,22,8.1,16.76,0.0,0.8584,0.513,15.9,17.0,17.0,station
2024-03-01,16.6,,16.1,17.6,17.9,16.0,,16.3,17.0,17.6,17.05,0.84,0.32,58,66,13.0,15.89,0.0,0.8671,0.4981,16.1,15.0,15.0,station
2024-03-02,13.6,,13.8,13.5,13.3,14.8,,12.6,14.9,14.8,13.55,0.21,-0.72,59,85,10.2,14.39,0.0,0.8755,0.4831,15.0,17.0,17.0,station
2024-03-03,11.5,,11.3,10.6,11.8,11.3,,11.7,12.6,12.1,11.3,0.51,-0.62,67,42,9.5,16.25,0.1,0.8837,0.468,12.5,14.0,14.0,station
2024-03-04,11.5,,12.6,12.7,12.4,11.7,,12.3,12.4,12.4,12.3,0.55,0.1,69,15,12.9,15.87,0.6,0.8916,0.4527,11.6,12.0,12.0,station
2024-03-05,14.7,,14.9,14.7,14.1,15.0,,14.5,14.6,14.1,14.6,0.35,0.05,66,64,26.1,14.7,3.2,0.8993,0.4373,14.6,14.0,14.0,station
2024-03-06,9.5,,9.5,8.4,6.8,9.3,,8.9,9.4,6.6,8.55,1.28,0.0,80,74,18.4,12.07,0.8,0.9067,0.4218,9.3,9.0,9.0,station
2024-03-07,7.6,,8.5,7.7,8.9,8.4,,9.5,8.1,9.1,8.18,0.63,-0.6,74,64,9.7,11.18,0.3,0.9138,0.4061,7.5,8.0,8.0,station
2024-03-08,11.9,,10.5,10.0,11.4,11.8,,10.2,10.5,11.3,10.95,0.86,0.0,66,85,10.9,17.0,0.7,0.9207,0.3904,11.5,12.0,12.0,station
2024-03-09,5.8,,5.7,5.0,6.8,7.0,,7.9,6.3,8.3,5.83,0.74,-1.55,81,90,14.7,7.95,5.1,0.9272,0.3745,6.7,7.0,7.0,station
2024-03-10,8.2,,8.6,8.2,8.5,9.2,,9.1,8.3,8.4,8.38,0.21,-0.38,74,54,9.9,13.66,0.0,0.9335,0.3585,7.8,9.0,9.0,station
2024-03-11,12.4,,12.2,11.8,11.9,12.3,,12.6,11.6,12.1,12.07,0.28,-0.08,61,37,11.2,18.53,0.0,0.9396,0.3424,12.6,14.0,14.0,station
2024-03-12,16.4,,16.2,16.2,16.2,16.4,,16.1,15.9,16.4,16.25,0.1,0.05,61,58,14.8,18.87,0.0,0.9453,0.3261,16.1,18.0,18.0,station
2024-03-13,12.7,,14.0,13.2,14.2,12.1,,13.3,12.9,12.0,13.52,0.7,0.95,57,98,15.1,9.62,4.1,0.9508,0.3098,13.8,13.0,13.0,station
2024-03-14,10.0,9.9,11.9,10.6,11.5,10.0,,12.3,10.6,11.7,10.78,0.89,-0.37,79,62,11.2,13.76,2.1,0.956,0.2934,11.0,12.0,12.0,station
2024-03-15,11.5,10.6,12.5,11.5,12.1,11.5,10.8,12.6,11.0,11.0,11.64,0.72,0.26,73,39,14.0,17.62,0.3,0.9609,0.2769,11.7,12.0,12.0,station
2024-03-16,10.1,8.2,10.5,10.1,10.0,9.6,8.3,10.5,9.3,8.9,9.78,0.9,0.46,77,47,15.5,17.15,1.0,0.9655,0.2604,10.4,11.0,11.0,station
2024-03-17,10.9,10.8,11.5,11.7,11.6,11.4,10.4,11.3,11.5,11.8,11.3,0.42,0.02,71,33,10.2,18.09,0.4,0.9698,0.2437,11.5,13.0,13.0,station
2024-03-18,12.6,13.0,12.4,12.9,13.2,12.8,13.0,12.9,12.9,13.0,12.82,0.32,-0.1,66,39,10.1,18.38,0.0,0.9739,0.227,12.7,14.0,14.0,station
2024-03-19,13.4,14.0,13.2,13.4,14.0,14.1,13.5,13.4,13.2,14.0,13.6,0.37,-0.04,64,10,10.5,20.76,0.0,0.9777,0.2102,12.9,14.0,14.0,station
2024-03-20,11.6,11.6,11.4,11.3,12.5,11.9,11.4,11.4,11.5,12.8,11.68,0.48,-0.12,68,94,12.5,14.77,2.5,0.9811,0.1934,12.8,13.0,13.0,station
2024-03-21,5.2,4.1,4.8,5.2,3.1,4.6,4.0,4.5,5.4,5.6,4.48,0.89,-0.34,77,79,14.6,6.89,6.6,0.9843,0.1765,4.7,5.0,5.0,station
2024-03-22,4.9,3.7,5.3,5.7,5.0,5.0,4.2,5.3,5.5,5.5,4.92,0.75,-0.18,68,78,15.4,14.14,1.9,0.9872,0.1595,6.3,6.0,6.0,station
2024-03-23,5.9,6.2,6.1,6.1,6.3,5.2,4.9,6.9,6.8,6.4,6.12,0.15,0.08,73,93,14.8,12.62,1.9,0.9898,0.1425,6.4,7.0,7.0,station
2024-03-24,11.1,11.5,10.9,10.6,10.4,10.6,11.5,10.0,10.2,10.9,10.9,0.43,0.26,58,2,11.4,21.98,0.0,0.9921,0.1255,10.9,12.0,12.0,station
2024-03-25,14.0,13.1,13.6,13.1,13.1,14.4,13.4,14.0,12.8,13.6,13.38,0.41,-0.26,59,64,28.6,17.76,6.9,0.9941,0.1084,13.6,13.0,13.0,station
2024-03-26,10.6,9.4,9.1,9.4,8.6,10.7,9.2,9.9,9.7,8.8,9.42,0.74,-0.24,67,61,21.7,20.0,4.3,0.9958,0.0913,9.7,9.0,9.0,station
2024-03-27,15.3,12.6,15.2,12.8,13.8,14.7,9.9,15.1,13.0,14.5,13.94,1.28,0.5,72,85,14.1,12.09,1.5,0.9972,0.0741,14.0,15.0,15.0,station
2024-03-28,19.8,19.9,19.9,20.2,20.3,19.3,19.9,20.5,19.6,20.7,20.02,0.22,0.02,63,54,10.1,21.47,0.2,0.9984,0.057,20.2,21.0,21.0,station
2024-03-29,19.0,21.0,19.5,19.4,20.3,19.5,20.2,19.4,17.6,19.4,19.84,0.8,0.62,66,56,10.7,19.38,0.9,0.9992,0.0398,19.8,21.0,21.0,station
2024-03-30,21.0,22.1,21.6,21.8,22.6,21.0,22.5,21.6,21.1,22.9,21.82,0.59,0.0,65,80,8.5,20.71,0.0,0.9997,0.0226,21.9,23.0,23.0,station
2024-03-31,23.0,24.0,23.3,24.5,24.0,22.8,23.5,22.9,23.5,24.2,23.76,0.6,0.38,51,38,9.5,22.48,0.0,1.0,0.0054,23.0,25.0,25.0,station
2024-04-01,23.4,24.4,23.5,24.7,24.9,23.0,23.9,23.2,24.4,24.6,24.18,0.69,0.36,48,6,10.1,22.26,0.0,0.9999,-0.0118,22.9,25.0,25.0,station
2024-04-02,23.8,25.3,24.6,25.0,24.9,23.9,25.1,24.1,24.9,25.4,24.72,0.57,0.04,48,60,12.6,22.6,0.0,0.9996,-0.029,23.9,25.0,25.0,station
2024-04-03,20.9,21.6,21.5,22.2,22.4,21.6,22.0,22.1,22.9,23.2,21.72,0.6,-0.64,49,51,23.4,23.05,0.0,0.9989,-0.0462,21.2,23.0,23.0,station
2024-04-04,20.2,21.3,21.2,22.0,22.5,20.6,21.1,21.3,21.9,23.4,21.44,0.87,-0.22,57,75,10.0,22.63,0.0,0.998,-0.0634,21.2,23.0,23.0,station
2024-04-05,17.6,17.3,17.7,18.4,18.2,17.7,17.6,18.4,18.4,18.7,17.84,0.45,-0.32,53,29,16.6,22.24,0.0,0.9968,-0.0805,17.5,18.0,18.0,station
2024-04-06,16.0,16.3,15.1,16.7,16.2,15.5,16.2,15.9,16.1,16.8,16.06,0.59,-0.04,53,50,12.9,22.37,0.0,0.9952,-0.0977,15.8,17.0,17.0,station
2024-04-07,17.1,16.5,15.8,16.8,17.0,16.3,16.5,16.1,16.7,17.1,16.64,0.52,0.1,54,39,26.5,21.81,0.0,0.9934,-0.1148,16.6,17.0,17.0,station
2024-04-08,15.1,15.2,13.4,15.7,16.6,14.7,14.5,14.5,15.1,16.7,15.2,1.17,0.1,56,72,25.4,15.17,0.0,0.9913,-0.1319,16.5,17.0,17.0,station
2024-04-09,19.8,19.4,18.5,20.0,19.9,19.4,19.5,18.7,19.8,20.5,19.52,0.61,-0.06,62,25,20.8,23.57,0.0,0.9889,-0.1489,19.7,20.0,20.0,station
2024-04-10,20.1,19.5,20.1,20.6,20.8,21.0,20.4,19.7,21.2,21.2,20.22,0.51,-0.48,68,79,15.5,17.55,1.0,0.9861,-0.1659,19.6,20.0,20.0,station
2024-04-11,20.2,20.0,21.1,20.6,22.2,20.8,19.8,21.3,21.5,22.3,20.82,0.88,-0.32,63,31,17.3,20.87,0.1,0.9831,-0.1828,21.0,21.0,21.0,station
2024-04-12,18.7,19.3,19.3,19.0,21.1,20.1,19.1,20.1,20.1,22.3,19.48,0.94,-0.86,70,37,12.0,15.28,0.0,0.9799,-0.1997,18.6,17.0,17.0,station
2024-04-13,19.8,19.3,19.4,19.6,19.8,19.5,19.9,20.3,20.2,21.3,19.58,0.23,-0.66,62,33,16.8,18.29,0.0,0.9763,-0.2165,20.1,21.0,21.0,station
2024-04-14,18.5,18.4,18.0,17.9,19.1,19.1,18.9,18.7,18.6,18.7,18.38,0.48,-0.42,56,26,20.0,22.06,0.0,0.9724,-0.2333,19.7,19.0,19.0,station
2024-04-15,20.7,21.8,20.7,21.3,22.4,21.0,21.5,20.8,20.9,22.0,21.38,0.73,0.14,55,0,10.2,25.1,0.0,0.9683,-0.25,21.5,22.0,22.0,station
2024-04-16,25.6,24.6,24.5,25.0,25.4,24.8,25.3,24.6,24.3,25.3,25.02,0.48,0.16,41,24,14.3,25.42,0.0,0.9638,-0.2666,25.2,26.0,26.0,station
2024-04-17,25.0,25.4,25.4,24.6,25.1,25.3,24.5,25.0,24.4,24.8,25.1,0.33,0.3,31,58,22.5,24.7,0.2,0.9591,-0.2831,25.7,26.0,26.0,station
2024-04-18,23.8,24.1,22.9,23.5,24.0,23.7,23.9,22.8,23.1,22.7,23.66,0.48,0.42,37,25,28.0,25.21,0.0,0.9541,-0.2996,24.3,24.0,24.0,station
2024-04-19,21.4,21.7,20.5,20.9,21.7,21.1,22.0,20.1,20.8,21.4,21.24,0.53,0.16,53,38,17.1,22.57,0.0,0.9488,-0.316,21.3,21.0,21.0,station
2024-04-20,20.5,17.0,20.8,19.5,18.7,21.1,17.6,19.3,21.2,21.5,19.3,1.53,-0.84,59,61,39.3,16.51,2.8,0.9432,-0.3322,20.2,21.0,21.0,station
2024-04-21,19.2,16.6,16.8,16.5,16.2,18.1,16.2,16.9,16.6,16.6,17.06,1.22,0.18,57,33,20.5,22.51,0.2,0.9373,-0.3484,17.2,17.0,17.0,station
2024-04-22,19.8,19.9,19.6,19.0,19.0,20.3,19.5,19.0,19.6,18.6,19.46,0.43,0.06,46,44,18.8,24.57,0.0,0.9312,-0.3645,19.4,19.0,19.0,station
2024-04-23,25.2,23.5,25.1,26.6,26.5,24.5,23.7,24.3,24.7,24.3,25.38,1.26,1.08,44,85,18.9,24.31,0.2,0.9248,-0.3804,25.2,26.0,26.0,station
2024-04-24,29.4,26.4,28.3,28.9,28.6,29.1,26.0,28.1,28.7,28.1,28.32,1.15,0.32,30,93,29.8,19.84,0.0,0.9181,-0.3963,29.2,26.0,26.0,station
2024-04-25,26.3,25.5,27.0,27.4,26.3,24.2,24.4,26.3,27.2,25.9,26.5,0.73,0.9,33,100,29.4,12.53,0.1,0.9112,-0.412,26.4,27.0,27.0,station
2024-04-26,23.4,25.8,26.5,24.5,24.7,24.3,25.6,25.3,23.6,22.4,24.98,1.2,0.74,51,64,21.7,23.99,1.4,0.9039,-0.4276,26.0,28.0,28.0,station
2024-04-27,23.3,23.1,25.6,25.3,24.0,25.1,24.2,25.7,25.1,21.0,24.26,1.14,0.04,63,89,17.0,23.04,0.8,0.8965,-0.4431,27.0,26.0,26.0,station
2024-04-28,23.0,21.3,24.3,21.1,19.3,20.9,20.2,24.0,21.3,16.9,21.8,1.92,1.14,75,92,11.9,20.66,6.5,0.8887,-0.4585,21.6,22.0,22.0,station
2024-04-29,21.6,20.5,23.3,21.4,20.1,22.7,20.0,24.1,20.9,17.1,21.38,1.24,0.42,79,95,14.5,20.21,4.3,0.8807,-0.4737,21.8,22.0,22.0,station
2024-04-30,21.4,21.5,25.3,22.8,22.1,22.2,21.2,24.2,22.8,22.8,22.62,1.6,-0.02,77,94,15.8,20.47,7.6,0.8724,-0.4888,22.9,23.0,23.0,station
2024-05-01,18.5,16.4,18.6,19.3,18.7,18.7,17.6,20.1,19.4,20.4,18.3,1.11,-0.94,80,87,12.7,17.25,2.5,0.8639,-0.5037,19.4,18.0,18.0,station
2024-05-02,17.7,16.9,18.3,16.7,16.5,17.8,18.2,19.7,18.8,18.0,17.22,0.76,-1.28,80,64,19.6,17.18,0.9,0.8551,-0.5185,17.4,16.0,16.0,station
2024-05-03,16.7,15.9,15.2,15.8,17.0,16.8,15.4,16.4,13.7,16.0,16.12,0.73,0.46,78,69,12.1,10.07,0.9,0.846,-0.5331,16.0,16.0,16.0,station
2024-05-04,15.5,15.3,16.8,15.2,15.5,17.3,16.0,17.4,16.4,16.4,15.66,0.65,-1.04,70,51,15.5,25.02,3.4,0.8367,-0.5476,16.9,16.0,16.0,station
2024-05-05,15.5,14.9,14.4,14.2,14.2,15.6,13.8,15.1,15.6,13.8,14.64,0.56,-0.14,60,42,22.8,25.26,0.0,0.8272,-0.5619,15.7,16.0,16.0,station
2024-05-06,16.4,17.2,16.6,15.9,16.2,16.5,17.0,16.1,15.6,15.8,16.46,0.49,0.26,54,1,18.1,28.99,0.0,0.8174,-0.5761,16.8,17.0,17.0,station
2024-05-07,19.2,20.2,19.2,19.1,20.0,19.2,20.6,19.6,18.4,19.1,19.54,0.52,0.16,51,0,8.9,28.74,0.0,0.8074,-0.59,19.2,20.0,20.0,station
2024-05-08,20.8,22.0,21.0,21.6,22.5,21.8,22.7,21.4,21.2,21.9,21.58,0.7,-0.22,44,33,9.5,28.48,0.0,0.7971,-0.6038,21.9,22.0,22.0,station
2024-05-09,22.3,22.1,22.6,21.8,23.7,22.4,22.3,23.1,22.3,24.0,22.5,0.73,-0.32,48,86,14.7,21.57,0.0,0.7866,-0.6175,22.3,22.0,22.0,station
2024-05-10,23.3,23.2,23.2,23.7,23.5,22.5,21.9,22.8,20.8,22.8,23.38,0.22,1.22,54,80,19.8,25.44,2.7,0.7759,-0.6309,24.2,23.0,23.0,station
2024-05-11,17.6,17.7,18.8,18.0,20.7,18.9,17.6,22.5,17.6,17.8,18.56,1.29,-0.32,69,72,19.4,20.36,2.1,0.7649,-0.6442,19.1,20.0,20.0,station
2024-05-12,12.7,13.5,13.6,15.7,15.3,12.5,14.0,12.1,14.6,15.8,14.16,1.28,0.36,75,92,17.7,6.2,2.0,0.7537,-0.6572,13.6,14.0,14.0,station
2024-05-13,16.3,14.8,15.5,15.7,14.8,16.3,15.0,16.6,16.0,16.4,15.42,0.64,-0.64,69,89,16.6,19.05,5.5,0.7423,-0.6701,16.5,16.0,16.0,station
2024-05-14,15.2,14.8,14.4,13.8,13.6,14.9,15.2,15.0,14.7,14.4,14.36,0.67,-0.48,61,37,8.6,26.16,0.0,0.7306,-0.6828,14.9,14.0,14.0,station
2024-05-15,17.2,18.0,17.3,16.9,17.0,17.9,18.3,17.9,16.1,17.6,17.28,0.43,-0.28,56,44,11.9,26.01,0.0,0.7188,-0.6952,17.5,18.0,18.0,station
2024-05-16,17.7,18.1,18.3,18.7,20.2,18.8,19.1,18.9,18.3,19.8,18.6,0.96,-0.38,61,56,16.1,25.57,0.3,0.7067,-0.7075,18.5,20.0,20.0,station
2024-05-17,19.9,19.5,20.8,19.5,23.5,19.9,21.6,21.0,17.4,20.0,20.64,1.68,0.66,65,61,17.4,16.79,5.5,0.6945,-0.7195,21.5,22.0,22.0,station
2024-05-18,22.8,23.9,23.8,24.4,24.6,23.2,23.8,24.2,23.4,25.5,23.9,0.7,-0.12,69,25,17.1,25.01,3.4,0.682,-0.7314,24.6,26.0,26.0,station
2024-05-19,22.3,23.5,22.4,23.0,22.2,23.3,23.5,22.5,23.5,24.7,22.68,0.55,-0.82,65,91,10.4,25.24,0.0,0.6693,-0.743,23.2,24.0,24.0,station
2024-05-20,22.7,24.1,22.3,24.3,25.1,23.0,24.1,21.5,24.9,26.2,23.7,1.17,-0.24,60,71,13.4,23.84,0.6,0.6564,-0.7544,23.7,25.0,25.0,station
2024-05-21,22.3,24.1,24.5,24.8,25.5,24.6,25.5,24.7,25.5,26.5,24.24,1.2,-1.12,58,21,12.6,25.92,0.5,0.6433,-0.7656,24.0,25.0,25.0,station
2024-05-22,27.2,26.6,27.1,27.8,28.6,26.9,27.3,27.0,27.6,27.9,27.46,0.77,0.12,55,36,14.1,27.68,0.0,0.6301,-0.7765,27.8,28.0,28.0,station
2024-05-23,21.5,24.4,25.5,22.6,25.3,24.5,23.6,25.2,25.4,26.5,23.86,1.75,-1.18,62,63,21.0,24.48,6.4,0.6166,-0.7873,26.0,23.0,23.0,station
2024-05-24,19.8,17.0,18.5,18.1,16.5,19.2,17.2,16.6,18.6,17.5,17.98,1.3,0.16,73,76,25.1,17.11,2.1,0.603,-0.7978,20.0,18.0,18.0,station
2024-05-25,20.4,19.3,21.4,21.5,18.6,20.7,19.3,20.5,19.8,20.0,20.24,1.28,0.18,70,77,12.7,24.16,5.9,0.5892,-0.808,22.0,21.0,21.0,station
2024-05-26,21.6,21.9,21.2,21.5,19.7,20.2,20.4,21.7,21.3,20.5,21.18,0.86,0.36,62,42,16.3,30.14,0.0,0.5752,-0.818,21.4,22.0,22.0,station
2024-05-27,16.6,15.9,17.2,15.8,18.0,17.6,16.0,18.2,17.9,16.9,16.7,0.92,-0.62,78,75,14.0,16.34,5.9,0.561,-0.8278,19.1,17.0,17.0,station
2024-05-28,18.5,16.5,19.7,17.4,18.6,19.6,16.9,18.7,19.7,17.8,18.14,1.23,-0.4,80,48,21.4,18.31,9.5,0.5467,-0.8373,19.7,19.0,19.0,station
2024-05-29,22.1,21.6,22.9,21.4,22.0,21.5,20.9,22.3,20.6,20.9,22.0,0.58,0.76,69,39,9.4,27.5,0.0,0.5322,-0.8466,21.6,22.0,22.0,station
2024-05-30,20.8,20.6,22.0,19.1,21.6,21.6,21.4,22.3,21.5,22.2,20.82,1.12,-0.98,66,62,10.5,24.54,1.1,0.5176,-0.8556,21.9,22.0,22.0,station
2024-05-31,21.4,21.5,23.6,21.2,21.4,21.4,21.1,23.9,21.0,22.0,21.82,1.0,-0.06,67,34,14.3,24.8,0.4,0.5028,-0.8644,22.2,24.0,24.0,station
2024-06-01,25.7,25.5,25.4,26.3,25.9,25.6,25.4,25.6,25.6,24.3,25.76,0.36,0.46,58,10,7.7,28.37,0.0,0.4878,-0.8729,25.7,27.0,27.0,station
2024-06-02,28.5,28.3,28.2,29.4,29.5,28.3,28.1,28.0,29.2,28.9,28.78,0.62,0.28,52,32,7.7,27.66,0.0,0.4728,-0.8812,28.6,29.0,29.0,station
2024-06-03,29.3,29.5,29.8,29.9,30.8,29.8,29.0,29.9,31.0,31.1,29.86,0.58,-0.3,56,28,18.9,26.94,0.0,0.4575,-0.8892,29.9,31.0,31.0,station
2024-06-04,31.0,30.3,30.6,30.7,31.4,30.9,30.2,30.5,30.5,31.9,30.8,0.42,0.0,54,59,10.3,26.74,0.7,0.4422,-0.8969,31.2,31.0,31.0,station
2024-06-05,31.3,31.3,31.0,32.4,32.8,31.4,31.1,31.4,32.5,33.0,31.76,0.79,-0.12,44,28,12.3,27.0,0.0,0.4267,-0.9044,31.2,32.0,32.0,station
2024-06-06,29.8,29.4,30.8,31.2,31.6,31.8,29.7,31.1,31.7,32.1,30.56,0.93,-0.72,47,20,19.9,28.05,0.3,0.4111,-0.9116,30.4,32.0,32.0,station
2024-06-07,26.6,25.5,28.7,28.4,28.6,27.9,27.6,28.5,27.6,27.8,27.56,1.44,-0.32,62,52,18.0,22.9,3.1,0.3953,-0.9185,26.7,29.0,29.0,station
2024-06-08,23.6,22.3,24.6,21.8,20.4,23.8,21.1,24.8,24.0,25.2,22.54,1.62,-1.24,75,75,13.3,20.94,11.0,0.3795,-0.9252,22.6,25.0,25.0,station
2024-06-09,26.7,26.1,25.0,26.6,25.2,26.5,26.2,24.9,26.9,24.9,25.92,0.79,0.04,60,18,12.5,29.71,0.0,0.3635,-0.9316,25.7,26.0,26.0,station
2024-06-10,28.0,27.6,26.7,27.9,29.1,28.1,27.9,26.8,28.9,28.5,27.86,0.86,-0.18,54,12,11.2,29.57,0.0,0.3474,-0.9377,28.0,28.0,28.0,station
2024-06-11,32.2,30.4,30.6,31.6,31.8,32.1,30.8,30.4,31.5,32.7,31.32,0.78,-0.18,45,3,12.2,30.05,0.0,0.3312,-0.9436,32.4,32.0,32.0,station
2024-06-12,33.4,32.0,32.6,33.4,34.5,33.7,31.8,31.8,33.2,33.0,33.18,0.94,0.48,39,24,16.5,28.11,0.0,0.3149,-0.9491,33.1,33.0,33.0,station
2024-06-13,33.2,32.1,32.7,34.3,34.6,33.7,32.6,32.9,33.0,33.9,33.38,1.06,0.16,42,30,15.9,25.87,0.0,0.2986,-0.9544,33.7,34.0,34.0,station
2024-06-14,32.7,31.9,33.1,34.0,34.6,31.2,30.9,32.3,32.7,34.1,33.26,1.06,1.02,41,55,22.7,24.42,0.6,0.2821,-0.9594,33.3,34.0,34.0,station
2024-06-15,26.2,25.9,24.7,25.8,26.9,26.8,25.4,25.5,26.0,27.9,25.9,0.8,-0.42,55,15,20.7,28.1,0.1,0.2656,-0.9641,27.0,25.0,25.0,station
2024-06-16,28.1,28.3,26.8,27.4,27.7,28.6,28.4,26.1,27.6,28.0,27.66,0.59,-0.08,51,0,12.2,31.09,0.0,0.2489,-0.9685,27.4,28.0,28.0,station
2024-06-17,31.3,30.5,29.2,30.0,31.1,31.4,31.5,29.0,29.7,30.5,30.42,0.85,0.0,52,0,13.7,30.65,0.0,0.2322,-0.9727,30.6,31.0,31.0,station
2024-06-18,31.9,31.8,29.8,31.6,31.5,31.7,31.2,29.4,30.7,31.1,31.32,0.86,0.5,47,13,19.0,29.38,0.0,0.2155,-0.9765,32.0,31.0,31.0,station
2024-06-19,32.2,32.4,29.8,31.9,31.4,32.0,31.9,29.5,31.3,31.1,31.54,1.04,0.38,44,29,19.3,28.32,0.0,0.1986,-0.9801,31.5,31.0,31.0,station
2024-06-20,33.2,32.6,31.0,31.9,32.4,33.2,33.0,30.6,31.6,32.6,32.22,0.83,0.02,45,19,20.5,29.25,0.0,0.1818,-0.9833,32.2,32.0,32.0,station
2024-06-21,32.2,30.8,29.0,29.7,30.8,32.3,30.7,28.8,29.7,31.1,30.5,1.22,-0.02,44,0,19.4,30.88,0.0,0.1648,-0.9863,31.0,31.0,31.0,station
2024-06-22,33.0,32.6,29.8,30.9,30.6,32.7,32.5,29.3,30.8,30.6,31.38,1.36,0.2,41,0,20.3,31.02,0.0,0.1478,-0.989,32.0,31.0,31.0,station
2024-06-23,34.3,33.8,30.8,32.8,32.4,34.1,34.0,31.0,32.0,32.2,32.82,1.36,0.16,29,0,15.2,31.35,0.0,0.1308,-0.9914,33.1,33.0,33.0,station
2024-06-24,36.3,35.4,33.9,35.5,35.2,37.3,35.9,33.4,35.4,35.7,35.26,0.87,-0.28,29,0,14.1,31.25,0.0,0.1137,-0.9935,35.3,35.0,35.0,station
2024-06-25,34.7,33.8,33.9,34.6,35.5,36.5,34.0,34.1,35.3,36.0,34.5,0.69,-0.68,37,12,21.7,30.35,0.0,0.0966,-0.9953,35.5,34.0,34.0,station
2024-06-26,29.0,28.9,27.2,28.3,30.2,30.5,29.9,29.0,29.3,31.5,28.72,1.09,-1.32,46,0,21.6,30.75,0.0,0.0795,-0.9968,29.4,29.0,29.0,station
2024-06-27,30.5,30.1,28.4,29.9,31.0,30.7,30.1,27.7,29.5,30.5,29.98,0.98,0.28,41,2,17.7,30.47,0.0,0.0623,-0.9981,31.0,30.0,30.0,station
2024-06-28,32.8,32.2,31.0,32.0,32.6,32.4,32.3,30.3,31.2,32.4,32.12,0.7,0.4,33,21,25.2,29.65,0.1,0.0451,-0.999,33.1,32.0,32.0,station
2024-06-29,28.8,27.8,26.0,26.7,27.9,28.7,27.4,26.0,26.8,28.3,27.44,1.1,0.0,39,53,24.0,29.34,0.0,0.028,-0.9996,28.4,28.0,28.0,station
2024-06-30,29.2,28.0,27.7,27.4,29.6,28.8,26.9,27.4,27.2,29.4,28.38,0.97,0.44,41,18,22.0,25.82,0.0,0.0108,-0.9999,29.1,28.0,28.0,station
2024-07-01,31.0,29.1,29.2,28.7,30.2,30.9,28.6,28.9,28.4,29.8,29.64,0.94,0.32,36,12,24.9,26.77,0.0,-0.0065,-1.0,31.0,29.0,29.0,station
2024-07-02,30.7,29.7,28.9,29.4,30.4,31.3,29.8,29.0,29.0,30.6,29.82,0.73,-0.12,33,0,12.0,30.74,0.0,-0.0237,-0.9997,30.6,30.0,30.0,station
2024-07-03,35.2,33.6,33.7,34.5,34.3,35.6,33.7,33.6,34.1,33.1,34.26,0.65,0.24,29,18,15.1,29.09,0.1,-0.0408,-0.9992,34.9,34.0,34.0,station
2024-07-04,32.8,32.6,31.6,31.2,31.8,32.5,32.3,32.3,31.5,31.9,32.0,0.68,-0.1,32,40,17.1,26.69,0.0,-0.058,-0.9983,32.1,33.0,33.0,station
2024-07-05,24.6,25.3,28.1,28.0,25.3,28.1,24.9,31.8,26.0,27.8,26.26,1.66,-1.46,60,51,21.9,23.25,6.7,-0.0752,-0.9972,29.1,28.0,28.0,station
2024-07-06,27.8,26.0,28.0,26.6,28.0,27.5,25.9,26.5,27.1,29.8,27.28,0.92,-0.08,56,28,23.7,22.93,0.2,-0.0923,-0.9957,28.1,28.0,28.0,station
2024-07-07,31.5,30.4,31.3,31.2,33.0,31.9,29.9,32.1,30.2,33.3,31.48,0.95,0.0,49,4,25.4,28.09,0.0,-0.1094,-0.994,31.7,32.0,32.0,station
2024-07-08,32.5,31.2,32.4,33.3,33.4,33.6,31.7,32.5,33.9,34.1,32.56,0.88,-0.6,45,21,23.7,27.5,0.0,-0.1265,-0.992,33.3,33.0,33.0,station
2024-07-09,29.3,27.8,31.3,29.9,31.3,31.0,29.3,32.2,30.9,32.2,29.92,1.47,-1.2,49,48,26.7,22.97,1.3,-0.1436,-0.9896,29.7,32.0,32.0,station
2024-07-10,30.1,27.6,31.0,28.0,29.1,28.7,27.0,30.8,29.1,29.4,29.16,1.42,0.16,55,20,15.9,26.25,0.9,-0.1606,-0.987,30.3,31.0,31.0,station
2024-07-11,32.3,30.6,30.9,31.4,26.8,31.1,28.8,30.8,30.0,29.3,30.4,2.11,0.4,59,33,14.5,23.51,3.5,-0.1775,-0.9841,30.8,32.0,32.0,station
2024-07-12,28.1,28.9,31.3,31.2,26.7,29.9,29.6,31.5,29.6,24.9,29.24,2.0,0.14,56,9,16.9,26.96,0.0,-0.1944,-0.9809,30.3,32.0,32.0,station
2024-07-13,28.6,28.2,31.1,31.0,28.9,28.6,27.3,31.4,31.1,30.5,29.56,1.38,-0.22,58,17,20.3,25.96,1.6,-0.2113,-0.9774,30.8,32.0,32.0,station
2024-07-14,29.2,30.0,30.8,30.7,30.6,27.9,29.7,30.4,30.0,31.1,30.26,0.67,0.44,50,24,21.1,26.62,0.0,-0.2281,-0.9736,30.4,31.0,31.0,station
2024-07-15,29.9,29.0,29.1,30.4,31.3,29.7,29.9,31.2,29.9,30.9,29.94,0.96,-0.38,42,49,18.9,26.56,0.0,-0.2448,-0.9696,29.9,29.0,29.0,station
2024-07-16,30.7,30.9,31.1,31.1,30.3,29.7,30.8,31.3,30.4,30.0,30.82,0.33,0.38,47,10,20.8,27.4,0.0,-0.2614,-0.9652,30.6,32.0,32.0,station
2024-07-17,30.3,29.6,32.1,30.5,32.6,29.2,30.0,32.6,30.9,29.8,31.02,1.27,0.52,58,29,18.8,24.96,5.3,-0.278,-0.9606,29.9,32.0,32.0,station
2024-07-18,32.3,31.8,32.3,33.4,31.8,32.4,32.0,33.7,33.6,32.2,32.32,0.65,-0.46,52,8,21.0,26.49,0.2,-0.2945,-0.9557,32.4,31.0,31.0,station
2024-07-19,30.5,30.4,32.4,32.6,31.8,32.0,31.8,33.0,32.5,31.3,31.54,1.04,-0.58,40,5,24.3,28.06,0.0,-0.3109,-0.9505,31.8,32.0,32.0,station
2024-07-20,32.5,30.9,32.3,32.0,32.3,32.2,30.8,33.1,31.8,31.2,32.0,0.64,0.18,47,9,20.3,26.84,0.0,-0.3272,-0.945,33.0,32.0,32.0,station
2024-07-21,33.8,33.1,32.9,33.0,33.7,34.4,32.8,32.2,33.0,33.8,33.3,0.42,0.06,45,5,15.7,28.7,0.0,-0.3434,-0.9392,33.3,34.0,34.0,station
2024-07-22,35.6,34.6,34.3,34.7,34.7,35.8,34.4,34.7,34.9,34.9,34.78,0.49,-0.16,41,9,23.0,27.58,0.0,-0.3595,-0.9332,36.3,34.0,34.0,station
2024-07-23,34.3,33.5,33.4,33.5,34.1,35.1,33.5,33.2,33.9,34.4,33.76,0.41,-0.26,42,6,18.8,27.48,0.0,-0.3755,-0.9268,34.8,34.0,34.0,station
2024-07-24,31.3,30.3,29.7,30.7,30.2,31.4,29.9,31.3,30.6,29.7,30.44,0.6,-0.14,50,12,19.4,26.61,0.0,-0.3914,-0.9202,31.3,31.0,31.0,station
2024-07-25,30.4,29.1,29.7,29.3,30.5,30.5,27.6,30.1,30.1,30.2,29.8,0.63,0.1,54,47,19.2,24.67,2.1,-0.4071,-0.9134,31.4,30.0,30.0,station
2024-07-26,26.2,24.1,27.3,24.9,24.1,26.7,23.1,27.8,26.0,24.2,25.32,1.4,-0.24,68,43,21.9,20.14,3.7,-0.4228,-0.9062,26.1,27.0,27.0,station
2024-07-27,26.7,25.0,26.1,25.4,24.6,27.2,25.3,27.2,25.9,25.8,25.56,0.84,-0.72,62,20,20.2,26.01,0.2,-0.4383,-0.8988,26.6,26.0,26.0,station
2024-07-28,29.5,29.4,28.7,28.1,29.6,29.6,29.5,28.8,27.7,28.1,29.06,0.64,0.32,51,1,21.2,28.4,0.0,-0.4537,-0.8912,30.0,30.0,30.0,station
2024-07-29,30.4,30.3,30.0,29.1,30.0,30.0,30.8,29.2,28.7,29.6,29.96,0.51,0.3,35,0,18.3,29.15,0.0,-0.469,-0.8832,30.2,30.0,30.0,station
2024-07-30,29.0,29.0,29.8,29.0,31.1,29.1,29.1,30.4,28.4,30.9,29.58,0.92,0.0,46,5,25.9,28.35,0.0,-0.4841,-0.875,30.4,30.0,30.0,station
2024-07-31,29.5,28.2,27.9,27.1,28.7,28.6,27.5,28.1,26.9,29.0,28.28,0.9,0.26,46,7,19.4,28.05,0.0,-0.4991,-0.8666,29.0,28.0,28.0,station
2024-08-01,30.2,29.4,28.4,29.2,29.8,30.0,29.5,28.7,28.4,29.9,29.4,0.68,0.1,48,7,17.1,26.92,0.0,-0.5139,-0.8578,30.5,30.0,30.0,station
2024-08-02,33.2,31.7,32.0,31.5,31.8,32.8,31.9,31.4,31.3,31.7,32.04,0.67,0.22,41,3,17.1,28.12,0.0,-0.5286,-0.8489,32.3,32.0,32.0,station
2024-08-03,34.5,33.5,33.1,33.2,33.2,34.4,33.4,33.6,32.8,33.3,33.5,0.58,0.0,35,0,14.3,28.26,0.0,-0.5431,-0.8397,33.9,33.0,33.0,station
2024-08-04,34.9,33.8,33.1,33.4,33.4,34.8,34.0,33.6,33.6,33.4,33.72,0.7,-0.16,35,4,17.4,28.05,0.0,-0.5575,-0.8302,34.1,34.0,34.0,station
2024-08-05,32.8,31.2,31.4,31.1,32.0,33.1,31.7,32.2,31.6,32.1,31.7,0.71,-0.44,43,12,16.6,25.98,0.0,-0.5717,-0.8205,32.5,32.0,32.0,station
2024-08-06,31.9,31.7,31.0,30.6,30.4,31.9,31.4,30.6,30.2,30.1,31.12,0.66,0.28,44,2,16.9,27.06,0.0,-0.5857,-0.8105,31.7,31.0,31.0,station
2024-08-07,31.1,30.6,30.5,31.2,30.9,31.6,31.0,30.2,30.4,30.6,30.86,0.3,0.1,43,3,19.0,27.34,0.0,-0.5996,-0.8003,31.8,32.0,32.0,station
2024-08-08,32.1,31.5,31.5,31.2,32.1,32.3,31.4,31.0,31.3,31.7,31.68,0.4,0.14,46,0,15.2,27.49,0.0,-0.6132,-0.7899,32.3,33.0,33.0,station
2024-08-09,34.3,33.2,33.0,32.9,33.5,34.3,32.8,33.1,32.6,32.5,33.38,0.56,0.32,46,4,16.3,25.54,0.0,-0.6267,-0.7792,33.5,34.0,34.0,station
2024-08-10,33.1,31.2,33.3,30.9,31.3,33.4,31.0,31.9,30.7,31.6,31.96,1.14,0.24,48,9,22.5,24.95,0.0,-0.64,-0.7683,33.4,32.0,32.0,station
2024-08-11,29.8,29.0,29.2,29.3,29.7,30.7,29.3,29.8,29.2,30.1,29.4,0.34,-0.42,44,16,22.2,25.75,0.1,-0.6532,-0.7572,30.6,30.0,30.0,station
2024-08-12,30.8,30.3,30.4,30.0,31.0,31.4,30.3,30.6,30.1,30.9,30.5,0.4,-0.16,40,0,19.4,26.95,0.0,-0.6661,-0.7459,31.2,31.0,31.0,station
2024-08-13,32.9,32.1,31.3,31.2,31.9,32.7,31.4,31.5,31.4,31.7,31.88,0.69,0.14,46,0,18.4,26.59,0.0,-0.6788,-0.7343,32.2,33.0,33.0,station
2024-08-14,34.1,33.5,32.5,32.5,32.1,34.4,33.5,33.1,32.3,31.9,32.94,0.83,-0.1,40,0,23.2,26.61,0.0,-0.6914,-0.7225,33.1,33.0,33.0,station
2024-08-15,32.7,32.7,32.3,31.3,31.9,32.8,32.4,33.1,31.6,31.7,32.18,0.59,-0.14,45,0,21.1,26.56,0.0,-0.7037,-0.7105,32.3,32.0,32.0,station
2024-08-16,29.3,29.6,29.0,28.0,28.6,29.3,29.5,29.4,28.5,28.3,28.9,0.62,-0.1,46,0,20.9,26.83,0.0,-0.7158,-0.6983,28.8,28.0,28.0,station
2024-08-17,29.1,28.8,27.4,27.6,28.4,28.9,28.5,27.2,27.1,28.1,28.26,0.74,0.3,50,1,19.5,26.49,0.0,-0.7277,-0.6859,27.8,28.0,28.0,station
2024-08-18,31.1,30.3,31.6,30.1,30.9,31.0,30.3,31.2,29.1,31.5,30.8,0.61,0.18,42,0,14.3,26.46,0.0,-0.7394,-0.6733,30.5,31.0,31.0,station
2024-08-19,35.0,34.1,34.2,34.1,33.6,35.2,34.3,35.3,33.8,33.6,34.2,0.5,-0.24,24,0,14.0,26.07,0.0,-0.7509,-0.6605,34.3,35.0,35.0,station
2024-08-20,35.4,35.4,34.4,34.5,34.4,35.7,35.3,35.4,34.4,34.8,34.82,0.53,-0.3,39,1,14.7,24.88,0.0,-0.7621,-0.6474,35.1,35.0,35.0,station
2024-08-21,36.7,35.5,35.5,34.9,35.3,36.3,35.2,36.4,34.4,35.5,35.58,0.67,0.02,35,14,21.7,23.22,0.1,-0.7731,-0.6342,36.6,37.0,37.0,station
2024-08-22,31.8,32.6,34.0,32.7,31.5,33.0,32.4,33.7,32.2,32.3,32.52,0.97,-0.2,41,16,17.3,24.23,0.0,-0.7839,-0.6208,34.0,34.0,34.0,station
2024-08-23,29.7,29.3,31.6,30.5,30.0,29.5,27.5,32.5,28.2,29.9,30.22,0.89,0.7,54,24,17.6,22.23,0.4,-0.7945,-0.6073,31.7,32.0,32.0,station
2024-08-24,29.6,26.8,28.2,29.2,29.3,30.2,24.4,30.2,28.7,28.6,28.62,1.15,0.2,51,36,25.5,22.36,1.0,-0.8048,-0.5935,29.5,29.0,29.0,station
2024-08-25,27.7,25.8,28.1,26.1,25.0,29.3,25.6,27.6,28.8,27.0,26.54,1.31,-1.12,57,55,22.9,18.5,2.2,-0.8149,-0.5796,28.7,25.0,25.0,station
2024-08-26,29.2,28.8,29.3,28.3,27.7,29.3,28.1,29.8,25.4,28.4,28.66,0.67,0.46,51,13,11.3,24.7,0.0,-0.8248,-0.5655,29.0,29.0,29.0,station
2024-08-27,30.2,30.2,30.2,26.8,28.1,29.5,29.6,30.1,27.8,26.9,29.1,1.57,0.32,50,11,14.8,23.88,0.0,-0.8344,-0.5512,29.9,29.0,29.0,station
2024-08-28,28.7,28.4,29.9,28.4,21.8,30.1,28.6,30.3,27.0,23.1,27.44,3.21,-0.38,58,17,15.4,22.54,0.0,-0.8437,-0.5368,29.0,30.0,30.0,station
2024-08-29,29.9,29.3,29.9,29.3,27.5,29.5,29.2,30.2,29.3,28.1,29.18,0.99,-0.08,55,22,17.9,21.06,0.2,-0.8528,-0.5222,30.4,30.0,30.0,station
2024-08-30,29.3,28.6,29.5,29.0,28.9,29.2,28.6,29.8,28.7,28.3,29.06,0.35,0.14,54,6,15.6,22.85,0.0,-0.8617,-0.5074,29.1,30.0,30.0,station
2024-08-31,29.2,28.5,29.7,28.8,28.4,29.1,28.9,30.3,29.2,27.1,28.92,0.54,0.0,51,14,17.4,22.36,0.0,-0.8703,-0.4925,29.8,30.0,30.0,station
2024-09-01,27.6,26.7,27.0,26.6,23.8,27.6,26.1,23.7,27.1,27.2,26.34,1.47,0.0,58,63,22.6,18.01,1.7,-0.8786,-0.4775,28.5,28.0,28.0,station
2024-09-02,25.6,25.2,26.5,24.1,23.7,26.8,25.2,27.8,24.8,24.3,25.02,1.13,-0.76,63,56,11.7,19.83,0.3,-0.8867,-0.4623,26.2,26.0,26.0,station
2024-09-03,28.1,27.7,28.1,25.7,26.1,27.3,27.8,28.2,26.1,25.3,27.14,1.15,0.2,59,18,13.4,21.97,0.0,-0.8945,-0.447,28.3,28.0,28.0,station
2024-09-04,27.8,28.2,27.6,27.6,27.8,25.2,27.9,28.2,26.7,26.3,27.8,0.24,0.94,59,24,18.5,21.08,0.2,-0.9021,-0.4315,27.9,29.0,29.0,station
2024-09-05,28.7,28.7,28.3,27.5,27.5,27.9,28.1,28.5,27.6,28.0,28.14,0.61,0.12,56,9,19.8,21.34,0.1,-0.9094,-0.4159,28.5,29.0,29.0,station
2024-09-06,28.6,28.6,28.3,27.7,28.7,28.6,29.0,28.4,27.3,28.4,28.38,0.41,0.04,55,10,14.7,20.84,0.0,-0.9164,-0.4002,28.2,29.0,29.0,station
2024-09-07,28.6,27.7,27.9,27.0,27.4,28.7,28.0,28.3,27.4,27.8,27.72,0.6,-0.32,58,26,19.7,21.25,0.3,-0.9232,-0.3844,28.4,28.0,28.0,station
2024-09-08,24.8,24.1,27.1,25.3,24.8,26.9,26.2,26.9,25.3,26.9,25.22,1.13,-1.22,62,12,17.0,21.24,0.0,-0.9296,-0.3685,27.2,27.0,27.0,station
2024-09-09,27.4,27.2,27.8,26.9,27.6,27.0,27.2,27.8,26.6,27.0,27.38,0.35,0.26,58,5,13.5,21.29,0.0,-0.9358,-0.3524,26.7,28.0,28.0,station
2024-09-10,31.1,30.0,30.6,29.9,30.2,31.3,30.1,30.6,29.7,29.9,30.36,0.49,0.04,40,16,15.6,22.2,0.0,-0.9418,-0.3363,30.9,31.0,31.0,station
2024-09-11,29.6,29.2,30.0,28.5,30.0,29.9,29.3,29.9,28.2,29.9,29.46,0.63,0.02,39,38,15.3,20.93,0.0,-0.9474,-0.32,29.9,29.0,29.0,station
2024-09-12,28.2,28.3,28.1,26.7,27.5,28.4,27.8,28.4,26.4,28.2,27.76,0.67,-0.08,50,11,16.3,20.96,0.0,-0.9528,-0.3037,28.1,28.0,28.0,station
2024-09-13,29.5,29.4,29.8,29.1,30.3,29.6,29.2,29.9,28.7,29.5,29.62,0.45,0.24,49,1,12.2,21.5,0.0,-0.9579,-0.2873,30.0,29.0,29.0,station
2024-09-14,30.0,29.7,29.4,28.7,29.4,30.0,29.8,30.1,28.9,29.5,29.44,0.48,-0.22,39,22,14.2,21.37,0.0,-0.9627,-0.2707,29.4,30.0,30.0,station
2024-09-15,31.2,30.0,30.5,30.0,30.6,32.7,30.3,31.0,29.4,31.0,30.46,0.5,-0.42,39,54,16.5,19.09,0.0,-0.9672,-0.2541,31.5,32.0,32.0,station
2024-09-16,25.3,25.7,25.7,24.9,25.2,26.4,26.4,26.8,25.2,25.9,25.36,0.34,-0.78,55,14,13.5,21.28,3.2,-0.9714,-0.2375,25.4,25.0,25.0,station
2024-09-17,24.4,25.5,25.4,25.0,24.1,25.6,25.6,25.5,25.1,25.9,24.88,0.61,-0.66,59,14,17.3,19.47,0.0,-0.9753,-0.2207,25.6,25.0,25.0,station
2024-09-18,24.0,24.6,25.3,23.7,24.1,24.5,25.3,25.5,24.9,23.7,24.34,0.63,-0.44,59,69,13.8,14.0,0.7,-0.979,-0.2039,25.3,25.0,25.0,station
2024-09-19,22.4,21.8,22.5,21.2,22.3,22.7,21.2,21.0,23.2,22.0,22.04,0.54,0.02,67,37,15.8,16.83,0.6,-0.9824,-0.187,22.8,22.0,22.0,station
2024-09-20,23.4,23.2,22.9,22.3,21.9,22.8,23.2,22.0,22.4,22.4,22.74,0.63,0.18,61,39,12.9,19.34,0.0,-0.9854,-0.1701,23.8,23.0,23.0,station
2024-09-21,23.0,22.2,20.9,20.9,20.6,22.7,22.1,23.1,21.1,21.5,21.52,1.03,-0.58,62,23,15.9,19.52,0.1,-0.9882,-0.1531,23.4,23.0,23.0,station
2024-09-22,19.8,18.0,19.3,20.2,19.5,20.0,17.7,19.7,20.5,19.3,19.36,0.83,-0.08,65,96,16.5,13.13,1.1,-0.9907,-0.1361,20.8,18.0,18.0,station
2024-09-23,16.0,16.7,18.4,17.2,18.2,19.4,18.7,20.2,19.9,19.8,17.3,1.01,-2.3,82,73,12.1,5.89,2.8,-0.9929,-0.1191,16.7,17.0,17.0,station
2024-09-24,23.3,21.9,22.1,22.2,21.7,23.0,22.2,22.3,21.7,22.3,22.24,0.62,-0.06,64,53,9.3,18.32,0.0,-0.9948,-0.102,22.7,23.0,23.0,station
2024-09-25,24.7,25.0,24.0,24.5,24.5,25.2,24.4,24.3,24.0,24.1,24.54,0.36,0.14,47,10,8.4,18.53,0.0,-0.9964,-0.0848,25.0,26.0,26.0,station
2024-09-26,25.3,26.1,25.3,26.0,26.5,25.6,26.1,25.6,25.3,26.0,25.84,0.53,0.12,52,28,6.5,19.19,0.0,-0.9977,-0.0677,26.1,27.0,27.0,station
2024-09-27,26.8,27.1,27.0,27.6,28.0,26.6,27.3,26.6,26.8,27.7,27.3,0.49,0.3,46,0,6.7,19.38,0.0,-0.9987,-0.0505,27.8,28.0,28.0,station
2024-09-28,28.7,28.8,28.9,28.9,29.4,28.5,29.0,28.9,28.0,29.1,28.94,0.27,0.24,42,0,8.3,19.31,0.0,-0.9994,-0.0333,29.6,30.0,30.0,station
2024-09-29,29.0,28.9,29.1,29.4,29.7,29.2,28.8,29.2,28.7,29.2,29.22,0.33,0.2,29,4,10.2,19.19,0.0,-0.9999,-0.0161,29.1,30.0,30.0,station
2024-09-30,23.1,18.6,27.4,23.4,24.1,24.7,20.7,26.8,23.4,24.7,23.32,3.15,-0.74,57,40,17.3,10.54,14.7,-1.0,0.0011,22.8,24.0,24.0,station
2024-10-01,12.8,12.8,13.8,14.9,13.1,14.6,13.9,15.8,14.8,14.9,13.48,0.89,-1.32,77,72,23.1,10.88,0.7,-0.9998,0.0183,15.2,14.0,14.0,station
2024-10-02,17.6,16.8,16.2,14.9,18.5,17.7,17.5,16.9,16.5,16.1,16.8,1.37,-0.14,71,74,19.3,10.25,0.0,-0.9994,0.0355,18.1,15.0,15.0,station
2024-10-03,21.4,21.7,22.3,21.1,22.2,22.6,22.8,22.4,20.7,22.9,21.74,0.51,-0.54,65,0,9.0,18.12,0.0,-0.9986,0.0527,22.1,23.0,23.0,station
2024-10-04,24.4,24.8,24.8,24.0,24.3,24.5,24.6,24.7,23.3,24.2,24.46,0.34,0.2,51,3,8.1,18.01,0.0,-0.9976,0.0698,24.7,26.0,26.0,station
2024-10-05,26.1,26.3,26.5,25.8,27.3,26.3,26.5,26.6,25.0,26.0,26.4,0.57,0.32,44,0,7.6,17.84,0.0,-0.9962,0.087,26.9,28.0,28.0,station
2024-10-06,27.1,26.9,27.3,27.6,28.2,27.3,26.9,27.6,26.3,27.7,27.42,0.51,0.26,42,19,9.8,17.6,0.0,-0.9946,0.1041,27.6,29.0,29.0,station
2024-10-07,24.2,24.9,24.7,23.9,25.4,23.7,24.7,24.8,24.2,24.8,24.62,0.59,0.18,50,22,18.3,15.36,0.0,-0.9926,0.1212,24.8,25.0,25.0,station
2024-10-08,24.7,25.2,24.8,24.6,25.4,24.6,25.4,24.5,24.5,25.0,24.94,0.34,0.14,58,0,10.7,17.27,0.0,-0.9904,0.1383,24.7,26.0,26.0,station
2024-10-09,27.0,26.8,26.9,27.4,27.7,26.8,26.9,27.2,26.8,27.3,27.16,0.38,0.16,48,12,11.9,17.25,0.0,-0.9879,0.1553,27.2,28.0,28.0,station
2024-10-10,23.4,24.3,23.8,22.5,23.3,24.1,24.5,25.1,23.8,24.0,23.46,0.67,-0.84,46,86,17.1,14.03,0.0,-0.9851,0.1722,23.5,25.0,25.0,station
2024-10-11,24.6,25.3,24.8,24.5,25.6,24.9,25.3,25.1,24.1,25.1,24.96,0.47,0.06,50,31,12.2,16.21,0.0,-0.9819,0.1892,24.6,26.0,26.0,station
2024-10-12,26.5,26.3,26.7,24.9,26.8,25.3,26.5,26.3,25.6,26.7,26.24,0.77,0.16,52,45,13.8,14.43,0.0,-0.9785,0.206,26.0,27.0,27.0,station
2024-10-13,22.1,22.0,22.3,22.1,23.3,22.2,22.5,22.1,22.0,23.6,22.36,0.54,-0.12,66,47,13.1,14.28,0.0,-0.9749,0.2228,22.2,23.0,23.0,station
2024-10-14,21.3,22.0,20.2,21.1,21.8,21.0,22.1,20.4,21.7,21.8,21.28,0.7,-0.12,66,70,9.6,15.09,0.0,-0.9709,0.2396,21.0,22.0,22.0,station
2024-10-15,20.5,21.6,20.8,20.8,20.9,20.6,21.9,20.8,21.1,20.7,20.92,0.41,-0.1,65,27,8.4,15.76,0.0,-0.9666,0.2562,21.3,22.0,22.0,station
2024-10-16,21.4,21.6,21.5,21.0,22.3,21.7,21.9,21.5,20.9,21.2,21.56,0.47,0.12,61,31,15.3,15.35,0.0,-0.9621,0.2728,21.4,22.0,22.0,station
2024-10-17,14.2,12.3,13.8,13.8,14.5,13.8,12.6,14.1,13.5,14.3,13.72,0.85,0.06,65,17,21.7,13.92,0.4,-0.9572,0.2893,14.2,15.0,15.0,station
2024-10-18,11.0,10.9,11.0,11.3,10.4,11.1,10.8,11.0,11.6,10.2,10.92,0.33,-0.02,66,23,21.3,11.64,0.0,-0.9521,0.3057,11.6,11.0,11.0,station
2024-10-19,12.1,11.1,11.5,12.1,11.1,11.6,11.3,11.1,11.6,11.1,11.58,0.5,0.24,65,28,14.9,12.8,0.0,-0.9467,0.3221,12.3,12.0,12.0,station
2024-10-20,12.9,13.1,13.2,13.2,13.6,12.7,12.6,12.6,12.7,13.1,13.2,0.25,0.46,69,24,15.6,11.28,0.0,-0.941,0.3383,12.2,14.0,14.0,station
2024-10-21,13.0,12.0,12.6,12.6,13.2,12.3,12.6,11.9,12.3,13.3,12.68,0.46,0.2,67,29,17.4,12.48,0.0,-0.9351,0.3545,13.6,13.0,13.0,station
2024-10-22,14.5,14.1,13.5,13.2,15.9,14.3,13.9,13.4,13.7,15.7,14.24,1.06,0.04,61,39,14.2,13.03,0.0,-0.9288,0.3705,14.3,15.0,15.0,station
2024-10-23,16.1,16.3,15.2,15.5,16.3,15.7,16.0,15.3,15.5,16.3,15.88,0.5,0.12,60,0,10.2,14.76,0.0,-0.9223,0.3864,17.0,17.0,17.0,station
2024-10-24,18.2,17.7,17.7,17.3,18.1,18.1,18.3,16.8,17.3,17.8,17.8,0.36,0.14,55,5,11.1,14.7,0.0,-0.9155,0.4022,17.7,19.0,19.0,station
2024-10-25,15.3,15.9,14.9,15.9,16.0,14.6,16.3,15.1,15.6,16.2,15.6,0.48,0.04,65,24,7.4,13.92,0.0,-0.9085,0.4179,15.9,16.0,16.0,station
2024-10-26,16.5,17.1,16.1,17.2,17.1,16.8,17.4,16.5,16.9,17.1,16.8,0.48,-0.14,59,0,8.3,14.25,0.0,-0.9012,0.4335,17.5,18.0,18.0,station
2024-10-27,17.2,17.4,16.7,17.0,18.1,17.1,17.6,16.4,16.5,17.4,17.28,0.53,0.28,56,0,9.0,14.22,0.0,-0.8936,0.4489,17.0,18.0,18.0,station
2024-10-28,18.7,18.8,17.7,18.9,18.7,19.1,19.2,17.5,18.3,18.6,18.56,0.49,0.02,45,0,6.7,14.15,0.0,-0.8857,0.4642,18.3,20.0,20.0,station
2024-10-29,19.5,18.9,18.1,19.3,19.1,19.8,19.2,18.3,19.3,19.1,18.98,0.54,-0.16,49,2,15.3,13.58,0.0,-0.8776,0.4794,18.9,20.0,20.0,station
2024-10-30,15.5,15.8,15.0,15.9,16.0,15.3,16.0,15.7,15.4,16.0,15.64,0.4,-0.04,68,2,12.4,13.15,0.0,-0.8692,0.4944,15.4,15.0,15.0,station
2024-10-31,15.4,14.9,14.6,15.9,15.1,15.4,15.3,15.0,15.9,15.7,15.18,0.5,-0.28,71,24,13.3,11.44,0.0,-0.8606,0.5093,15.1,16.0,16.0,station
2024-11-01,16.0,16.4,16.3,16.3,17.1,15.6,16.3,15.7,16.3,16.6,16.42,0.41,0.32,70,7,7.4,13.24,0.0,-0.8517,0.524,16.6,17.0,17.0,station
2024-11-02,18.2,18.4,17.7,18.3,18.7,18.1,18.8,18.0,18.0,18.5,18.26,0.36,-0.02,57,35,11.9,12.42,0.0,-0.8426,0.5386,18.6,19.0,19.0,station
2024-11-03,14.3,12.8,14.5,13.8,15.7,14.5,13.5,13.8,13.4,15.2,14.22,1.06,0.14,63,30,17.3,9.71,0.0,-0.8332,0.553,14.9,14.0,14.0,station
2024-11-04,11.0,11.9,10.5,10.7,10.4,10.9,12.2,11.5,11.0,11.8,10.9,0.6,-0.58,62,42,11.2,12.42,0.0,-0.8235,0.5672,10.8,11.0,11.0,station
2024-11-05,10.3,11.2,11.0,10.6,11.1,10.6,11.5,10.8,10.6,11.1,10.84,0.38,-0.08,62,32,15.9,8.82,0.0,-0.8137,0.5813,10.8,11.0,11.0,station
2024-11-06,9.7,11.0,10.1,10.5,10.2,9.8,11.2,10.9,10.4,10.5,10.3,0.48,-0.26,68,16,9.8,12.46,0.0,-0.8035,0.5952,10.5,11.0,11.0,station
2024-11-07,12.1,13.1,12.1,11.9,11.5,11.7,12.9,11.4,11.2,10.2,12.14,0.59,0.66,58,0,18.1,12.6,0.0,-0.7932,0.609,12.4,13.0,13.0,station
2024-11-08,14.2,14.8,14.0,14.2,14.1,14.7,14.9,14.1,13.9,13.6,14.26,0.31,0.02,59,0,14.1,12.44,0.0,-0.7826,0.6225,14.4,15.0,15.0,station
2024-11-09,12.6,12.9,12.8,13.5,13.2,12.7,13.2,12.3,13.0,12.7,13.0,0.35,0.22,63,6,9.5,12.3,0.0,-0.7718,0.6359,13.3,14.0,14.0,station
2024-11-10,13.2,11.8,13.2,13.8,13.0,13.3,12.8,13.1,14.4,12.9,13.0,0.73,-0.3,62,82,10.3,11.46,0.0,-0.7607,0.6491,14.8,13.0,13.0,station
2024-11-11,15.5,14.1,14.2,15.8,15.9,15.8,14.5,14.6,15.4,15.8,15.1,0.88,-0.12,72,69,8.0,7.59,0.3,-0.7494,0.6621,14.7,16.0,16.0,station
2024-11-12,16.5,15.9,16.0,15.4,16.2,16.4,15.9,15.2,16.2,16.8,16.0,0.41,-0.1,68,24,10.4,10.88,0.0,-0.7379,0.6749,16.5,16.0,16.0,station
2024-11-13,15.2,14.6,15.2,14.8,15.9,16.2,15.5,15.7,14.1,16.1,15.14,0.5,-0.38,66,76,9.9,9.91,0.0,-0.7262,0.6875,14.9,16.0,16.0,station
2024-11-14,14.5,13.6,12.8,12.5,14.0,15.1,13.5,14.4,14.1,12.9,13.48,0.83,-0.52,71,71,8.5,7.36,0.1,-0.7143,0.6998,13.7,14.0,14.0,station
2024-11-15,14.3,13.6,15.2,11.4,11.6,14.1,13.6,15.2,13.6,14.1,13.22,1.67,-0.9,79,66,17.7,6.99,4.4,-0.7021,0.712,14.7,12.0,12.0,station
2024-11-16,12.0,11.8,12.4,12.3,11.8,12.8,11.8,15.4,12.1,14.1,12.06,0.28,-1.18,83,77,11.6,6.31,0.3,-0.6898,0.724,12.8,13.0,13.0,station
2024-11-17,8.3,8.8,10.5,9.5,9.7,8.5,9.5,11.8,9.8,9.2,9.36,0.85,-0.4,84,91,10.2,5.8,0.9,-0.6772,0.7358,12.3,11.0,11.0,station
2024-11-18,13.2,11.0,11.6,11.7,11.4,12.4,10.8,12.0,11.9,11.4,11.78,0.84,0.08,83,65,10.9,8.15,0.1,-0.6645,0.7473,12.8,12.0,12.0,station
2024-11-19,11.6,11.6,12.1,11.3,12.1,11.5,11.2,12.4,11.6,11.6,11.74,0.35,0.08,86,56,8.1,7.7,0.0,-0.6515,0.7586,12.0,13.0,13.0,station
2024-11-20,13.7,13.0,14.0,12.9,12.4,13.6,12.7,14.2,12.6,11.2,13.2,0.64,0.34,73,11,17.2,10.35,0.0,-0.6384,0.7697,13.7,13.0,13.0,station
2024-11-21,15.6,14.6,15.3,14.4,15.1,15.1,14.3,14.5,14.6,14.8,15.0,0.49,0.34,67,61,31.7,8.48,0.9,-0.625,0.7806,16.1,15.0,15.0,station
2024-11-22,16.1,14.9,17.0,15.2,15.9,16.6,14.8,16.3,15.3,13.8,15.82,0.82,0.46,80,53,20.3,8.04,3.9,-0.6115,0.7912,16.7,16.0,16.0,station
2024-11-23,14.7,14.5,15.8,15.7,15.6,14.2,14.3,16.3,14.5,16.6,15.26,0.61,0.08,78,77,26.6,3.93,9.7,-0.5978,0.8016,15.6,17.0,17.0,station
2024-11-24,1.3,1.7,1.5,3.5,1.0,2.0,4.7,1.5,3.3,1.6,1.8,0.98,-0.82,78,80,18.8,7.73,4.7,-0.584,0.8118,1.1,3.0,3.0,station
2024-11-25,-0.2,-0.1,0.1,0.7,0.1,-0.2,1.0,0.8,1.6,0.4,0.12,0.35,-0.6,78,81,13.4,8.58,3.5,-0.5699,0.8217,0.3,1.0,1.0,station
2024-11-26,1.5,0.9,1.6,1.8,2.6,0.9,-0.1,0.7,2.4,2.0,1.68,0.61,0.5,91,77,9.4,5.08,3.3,-0.5557,0.8314,1.4,3.0,3.0,station
2024-11-27,1.9,1.8,0.7,2.9,1.8,0.2,0.1,0.9,1.7,1.7,1.82,0.78,0.9,82,90,8.1,7.29,0.0,-0.5413,0.8408,2.4,3.0,3.0,station
2024-11-28,5.0,3.6,3.3,4.1,6.5,5.0,2.8,2.8,5.1,4.7,4.5,1.29,0.42,86,99,5.2,3.79,0.0,-0.5268,0.85,4.1,4.0,4.0,station
2024-11-29,4.9,4.6,4.5,5.8,4.6,6.4,4.1,4.5,5.5,4.9,4.88,0.54,-0.2,88,85,8.3,6.24,0.0,-0.5121,0.859,4.9,6.0,6.0,station
2024-11-30,6.4,5.5,6.4,6.3,8.1,7.3,5.4,5.9,6.0,7.7,6.54,0.95,0.08,88,50,5.2,6.71,0.0,-0.4972,0.8676,6.8,5.0,5.0,station
2024-12-01,5.7,4.4,7.2,5.0,7.4,7.0,4.2,7.2,5.7,8.3,5.94,1.33,-0.54,87,42,6.0,7.8,0.0,-0.4822,0.8761,6.6,3.0,3.0,station
2024-12-02,6.7,3.6,7.6,5.2,8.5,7.9,4.8,7.8,5.9,9.0,6.32,1.95,-0.76,86,34,5.2,9.17,0.0,-0.4671,0.8842,7.5,3.0,3.0,station
2024-12-03,7.3,4.0,7.6,5.9,6.7,8.4,3.6,7.7,7.0,7.4,6.3,1.44,-0.52,82,82,6.8,8.47,0.9,-0.4518,0.8921,7.7,4.0,4.0,station
2024-12-04,3.7,4.6,4.7,5.1,5.0,4.0,4.1,4.1,4.4,4.7,4.62,0.55,0.36,94,98,5.8,2.6,3.9,-0.4364,0.8998,4.4,3.0,3.0,station
2024-12-05,7.0,5.9,6.1,7.2,8.5,7.2,6.8,6.2,7.6,6.6,6.94,1.04,0.06,88,78,7.5,6.14,0.4,-0.4208,0.9071,8.2,7.0,7.0,station
2024-12-06,7.2,5.6,7.3,5.9,7.8,8.6,6.3,8.5,6.1,7.4,6.76,0.96,-0.62,90,85,7.4,5.96,0.0,-0.4052,0.9142,9.0,6.0,6.0,station
2024-12-07,7.7,5.4,8.2,7.1,8.5,8.6,6.1,8.8,7.4,8.3,7.38,1.23,-0.46,86,89,8.7,7.46,0.3,-0.3894,0.9211,10.0,7.0,7.0,station
2024-12-08,9.9,8.5,10.7,9.6,9.2,10.8,8.5,10.5,9.3,9.2,9.58,0.82,-0.08,82,85,15.9,7.59,2.5,-0.3735,0.9276,11.0,11.0,11.0,station
2024-12-09,12.1,12.8,11.8,11.4,12.3,12.7,12.1,11.6,11.1,13.0,12.08,0.53,-0.02,80,66,13.7,5.83,0.0,-0.3575,0.9339,14.1,14.0,14.0,station
2024-12-10,13.3,13.5,13.4,12.8,12.7,13.1,13.2,13.2,12.1,12.9,13.14,0.36,0.24,83,63,12.7,8.36,0.0,-0.3413,0.9399,13.9,14.0,14.0,station
2024-12-11,10.2,9.2,10.8,10.1,9.7,9.1,9.0,10.2,9.2,10.4,10.0,0.6,0.42,91,78,15.0,4.29,1.9,-0.3251,0.9457,9.8,9.0,9.0,station
2024-12-12,6.3,6.2,7.5,6.6,6.6,6.4,6.3,8.0,6.8,5.7,6.64,0.51,0.0,89,66,16.8,6.45,4.7,-0.3088,0.9511,7.2,8.0,8.0,station
2024-12-13,3.5,3.2,5.2,3.6,3.7,4.2,3.6,4.4,3.7,4.1,3.84,0.78,-0.16,79,92,19.8,4.4,0.4,-0.2924,0.9563,3.9,4.0,4.0,station
2024-12-14,2.7,2.5,2.5,1.9,2.8,2.5,2.6,3.1,1.3,1.7,2.48,0.35,0.24,66,52,10.4,9.28,0.0,-0.2759,0.9612,3.3,3.0,3.0,station
2024-12-15,4.1,3.0,5.5,3.6,5.1,4.2,2.9,6.2,3.6,5.1,4.26,1.04,-0.14,72,92,9.2,4.58,3.3,-0.2593,0.9658,5.5,3.0,3.0,station
2024-12-16,2.2,4.2,2.8,4.7,4.9,2.8,3.7,4.1,5.2,4.8,3.76,1.2,-0.36,94,90,4.9,5.4,7.0,-0.2427,0.9701,2.6,6.0,6.0,station
2024-12-17,1.5,4.2,2.3,3.9,2.3,0.7,3.6,3.0,3.1,1.0,2.84,1.16,0.56,88,49,6.4,8.15,0.0,-0.226,0.9741,4.3,5.0,5.0,station
2024-12-18,6.4,6.7,7.2,6.3,4.9,4.2,6.3,5.3,5.5,4.8,6.3,0.86,1.08,87,25,6.8,8.28,0.0,-0.2092,0.9779,6.7,8.0,8.0,station
2024-12-19,8.1,5.4,8.1,5.0,8.5,8.1,5.6,8.1,5.3,8.1,7.02,1.68,-0.02,85,10,3.7,8.91,0.0,-0.1923,0.9813,8.1,8.0,8.0,station
2024-12-20,7.2,5.0,8.7,3.6,7.5,7.7,5.0,8.6,3.3,8.4,6.4,2.06,-0.2,84,10,5.5,8.87,0.0,-0.1754,0.9845,6.7,0.0,0.0,station
2024-12-21,4.3,3.4,8.9,4.7,3.1,5.0,4.0,9.4,4.5,5.9,4.88,2.34,-0.88,90,84,8.3,2.8,11.0,-0.1585,0.9874,5.6,5.0,5.0,station
2024-12-22,4.2,4.8,6.1,5.6,4.1,4.5,4.8,6.0,6.2,3.6,4.96,0.87,-0.06,91,79,18.1,4.37,4.9,-0.1414,0.9899,5.5,7.0,7.0,station
2024-12-23,7.8,5.9,8.2,6.5,5.7,7.9,5.6,7.4,7.0,5.1,6.82,1.13,0.22,86,68,11.2,8.22,0.0,-0.1244,0.9922,8.8,9.0,9.0,station
2024-12-24,7.6,7.2,9.1,8.1,8.7,7.0,7.4,8.3,8.1,7.3,8.14,0.78,0.52,89,93,16.4,3.69,4.3,-0.1073,0.9942,8.2,10.0,10.0,station
2024-12-25,8.1,9.3,9.7,9.9,9.2,8.3,9.4,8.9,8.4,8.6,9.24,0.7,0.52,76,99,18.7,4.62,0.6,-0.0902,0.9959,10.3,11.0,11.0,station
2024-12-26,9.0,8.5,9.6,9.6,9.4,9.1,8.2,8.9,8.9,9.5,9.22,0.47,0.3,84,83,11.7,5.19,2.9,-0.073,0.9973,8.3,8.0,8.0,station
2024-12-27,4.9,5.1,6.6,6.3,6.1,6.0,4.9,7.7,6.5,7.0,5.8,0.75,-0.62,91,90,10.6,2.71,6.1,-0.0559,0.9984,5.7,5.0,5.0,station
2024-12-28,5.8,4.4,5.7,6.0,5.2,5.0,4.3,6.5,6.2,4.3,5.42,0.64,0.16,80,93,11.4,6.7,0.0,-0.0387,0.9993,6.9,6.0,6.0,station
2024-12-29,5.5,5.7,5.6,5.6,3.4,4.7,4.4,3.9,4.0,3.3,5.16,0.99,1.1,85,95,13.0,4.77,0.0,-0.0215,0.9998,6.0,5.0,5.0,station
2024-12-30,5.7,4.6,5.6,5.0,5.4,5.5,5.4,5.9,5.2,5.4,5.26,0.46,-0.22,79,100,19.6,2.76,0.0,-0.0043,1.0,5.9,5.0,5.0,station
2024-12-31,6.1,6.4,5.5,5.4,6.2,5.9,5.8,5.6,4.9,6.3,5.92,0.44,0.22,79,14,10.7,9.19,0.0,0.0129,0.9999,6.6,,,
2025-01-01,7.8,6.1,7.4,5.2,7.6,7.9,5.9,7.5,5.3,7.4,6.82,1.12,0.02,76,0,4.3,9.36,0.0,0.0172,0.9999,7.0,8.0,8.0,station
2025-01-02,8.4,6.5,8.1,5.6,8.2,8.2,5.2,8.0,5.3,7.8,7.36,1.24,0.46,67,0,5.7,9.54,0.0,0.0344,0.9994,8.7,8.0,8.0,station
2025-01-03,7.3,6.2,7.5,6.3,5.5,7.1,5.8,7.8,6.1,4.9,6.56,0.83,0.22,76,31,14.3,9.0,0.0,0.0516,0.9987,7.0,8.0,8.0,station
2025-01-04,8.0,7.3,5.9,8.3,7.4,5.0,6.9,7.7,6.7,6.4,7.38,0.93,0.84,84,89,22.4,5.32,1.5,0.0688,0.9976,9.5,9.0,9.0,station
2025-01-05,7.0,6.6,6.2,6.5,6.5,3.9,6.0,5.6,6.5,5.8,6.56,0.29,1.0,89,84,12.7,5.34,1.8,0.0859,0.9963,7.6,8.0,8.0,station
2025-01-06,6.1,5.4,6.8,5.4,5.5,5.9,5.4,7.5,5.9,5.5,5.84,0.61,-0.2,87,53,7.1,7.82,0.0,0.103,0.9947,6.7,7.0,7.0,station
2025-01-07,9.4,8.0,10.5,7.1,9.7,9.8,7.4,10.6,7.2,9.3,8.94,1.37,0.08,77,13,5.4,9.5,0.0,0.1201,0.9928,9.2,8.0,8.0,station
2025-01-08,9.3,9.2,11.1,8.5,8.8,9.5,8.7,10.7,8.2,9.4,9.38,1.01,0.08,77,69,7.3,8.74,0.0,0.1372,0.9905,8.9,10.0,10.0,station
2025-01-09,10.4,8.5,11.8,9.7,10.3,10.3,8.8,11.9,9.1,10.4,10.14,1.2,0.04,90,38,4.9,8.73,0.0,0.1542,0.988,10.0,11.0,11.0,station
2025-01-10,10.5,7.8,11.0,7.4,10.0,10.4,6.9,11.4,6.4,9.7,9.34,1.63,0.38,75,36,4.0,9.21,0.0,0.1712,0.9852,10.0,10.0,10.0,station
2025-01-11,8.8,6.9,10.8,7.6,7.4,9.0,7.2,10.9,7.2,7.9,8.3,1.56,-0.14,80,36,8.8,9.15,0.0,0.1881,0.9821,8.7,2.0,2.0,station
2025-01-12,6.2,7.0,9.2,5.5,7.9,5.0,7.5,8.7,6.7,8.2,7.16,1.45,-0.06,87,96,9.8,1.84,4.6,0.205,0.9788,7.3,7.0,7.0,station
2025-01-13,9.4,9.2,11.4,9.0,9.3,9.0,9.2,11.9,9.5,8.8,9.66,0.98,-0.02,87,95,12.1,6.09,0.9,0.2218,0.9751,11.2,10.0,10.0,station
2025-01-14,8.7,7.6,9.9,8.6,8.5,9.4,6.0,10.5,9.3,9.3,8.66,0.82,-0.24,91,99,8.8,4.37,8.9,0.2385,0.9711,8.9,10.0,10.0,station
2025-01-15,6.0,5.6,9.3,7.1,6.7,7.0,4.8,7.1,6.2,7.2,6.94,1.44,0.48,91,91,11.3,5.26,2.0,0.2552,0.9669,9.4,6.0,6.0,station
2025-01-16,5.9,6.8,6.8,7.3,6.8,6.8,6.4,6.4,6.8,6.5,6.72,0.51,0.14,92,100,8.0,4.76,3.7,0.2718,0.9624,6.3,7.0,7.0,station
2025-01-17,6.1,6.0,6.1,5.3,5.0,6.1,5.8,5.6,5.1,4.9,5.7,0.51,0.2,80,24,6.8,10.38,0.0,0.2883,0.9575,6.6,8.0,8.0,station
2025-01-18,9.2,7.7,7.1,6.4,5.1,8.9,6.5,6.4,5.9,4.9,7.1,1.52,0.58,84,32,10.0,9.06,0.0,0.3047,0.9524,6.5,8.0,8.0,station
2025-01-19,9.6,9.3,9.2,9.1,6.8,9.6,8.8,9.4,8.4,5.8,8.8,1.13,0.4,80,27,13.8,10.4,0.0,0.3211,0.9471,8.3,10.0,10.0,station
2025-01-20,6.6,7.7,6.9,6.5,6.9,6.2,8.0,7.3,6.8,6.6,6.92,0.47,-0.06,71,5,6.6,11.01,0.0,0.3373,0.9414,7.7,8.0,8.0,station
2025-01-21,8.9,6.9,8.6,7.4,9.1,8.8,6.6,8.7,6.0,8.5,8.18,0.97,0.46,57,40,5.5,10.34,0.0,0.3534,0.9355,9.2,8.0,8.0,station
2025-01-22,6.7,4.5,8.2,5.5,6.0,8.0,3.6,7.9,4.4,5.3,6.18,1.38,0.34,67,98,4.5,5.99,0.0,0.3695,0.9292,8.3,6.0,6.0,station
2025-01-23,5.0,5.1,7.5,7.1,6.7,3.8,5.0,4.2,6.8,6.3,6.28,1.16,1.06,91,80,8.6,3.7,0.7,0.3854,0.9227,6.4,6.0,6.0,station
2025-01-24,6.4,6.1,8.4,7.5,6.8,6.7,5.8,8.9,7.1,7.5,7.04,0.92,-0.16,87,49,7.5,8.22,0.5,0.4012,0.916,7.1,8.0,8.0,station
2025-01-25,8.1,7.7,9.3,8.2,8.6,9.0,5.9,8.8,8.7,5.3,8.38,0.61,0.84,79,92,8.8,6.45,0.0,0.4169,0.9089,9.5,8.0,8.0,station
2025-01-26,10.8,10.8,10.4,10.3,11.2,10.4,10.3,10.5,10.0,10.8,10.7,0.36,0.3,79,28,6.7,10.41,0.0,0.4325,0.9016,11.7,12.0,12.0,station
2025-01-27,10.8,9.8,10.4,9.7,10.8,10.8,10.3,10.6,8.7,10.7,10.3,0.53,0.08,89,35,6.6,11.02,0.0,0.4479,0.8941,10.3,10.0,10.0,station
2025-01-28,8.5,7.9,10.7,7.0,9.6,10.0,8.5,10.6,8.7,10.4,8.74,1.45,-0.9,86,51,5.1,10.66,0.0,0.4633,0.8862,8.6,11.0,11.0,station
2025-01-29,10.4,10.4,11.5,10.0,10.6,10.3,9.8,11.6,8.6,10.3,10.58,0.56,0.46,65,1,7.9,11.98,0.0,0.4784,0.8781,10.1,12.0,12.0,station
2025-01-30,11.2,10.3,12.3,11.2,11.1,11.1,9.9,12.3,9.8,10.2,11.22,0.71,0.56,63,45,5.6,11.8,0.0,0.4935,0.8698,12.0,12.0,12.0,station
2025-01-31,12.3,11.9,11.7,11.9,11.2,11.7,11.6,11.8,11.6,9.6,11.8,0.4,0.54,55,47,5.7,12.09,0.0,0.5084,0.8611,10.7,14.0,14.0,station
2025-02-01,10.0,10.7,10.9,10.6,10.7,10.3,10.4,10.9,10.5,10.3,10.58,0.34,0.1,73,2,6.0,12.27,0.0,0.5231,0.8523,9.8,12.0,12.0,station
2025-02-02,9.5,9.1,10.2,10.2,10.0,9.7,9.3,10.3,10.1,10.4,9.8,0.48,-0.16,76,41,10.4,12.05,0.0,0.5377,0.8432,9.8,11.0,11.0,station
2025-02-03,9.4,10.3,10.2,10.2,9.8,9.8,9.6,10.2,10.1,8.5,9.98,0.38,0.34,77,11,11.2,12.49,0.0,0.5521,0.8338,9.1,11.0,11.0,station
2025-02-04,6.2,5.0,6.2,5.6,5.8,4.4,4.8,7.3,6.4,5.3,5.76,0.5,0.12,73,84,18.1,6.96,0.0,0.5664,0.8242,6.4,6.0,6.0,station
2025-02-05,1.7,1.0,1.6,1.3,1.5,1.0,0.9,2.1,1.0,1.5,1.42,0.28,0.12,59,91,17.2,8.58,0.0,0.5805,0.8143,2.2,2.0,2.0,station
2025-02-06,1.5,0.4,0.5,0.5,0.8,1.4,0.2,0.9,0.4,-0.0,0.74,0.45,0.16,59,36,20.4,11.93,0.7,0.5944,0.8042,1.6,2.0,2.0,station
2025-02-07,2.0,1.4,2.6,2.9,2.5,2.7,0.9,2.1,3.3,2.2,2.28,0.59,0.04,63,67,22.3,10.13,0.2,0.6081,0.7938,2.6,4.0,4.0,station
2025-02-08,3.9,3.1,3.3,3.0,4.3,3.2,2.5,3.6,2.8,4.1,3.52,0.56,0.28,65,57,14.1,11.17,0.0,0.6217,0.7833,3.9,3.0,3.0,station
2025-02-09,2.0,2.1,2.2,2.4,2.6,2.2,1.9,1.9,2.0,2.7,2.26,0.24,0.12,65,94,10.8,6.03,0.0,0.6351,0.7725,2.2,3.0,3.0,station
2025-02-10,2.2,2.2,1.6,2.3,2.7,2.0,1.9,1.4,1.6,2.5,2.2,0.39,0.32,60,97,10.6,7.63,0.3,0.6483,0.7614,2.6,3.0,3.0,station
2025-02-11,0.2,1.4,1.9,1.5,2.0,1.2,1.4,1.8,1.5,2.6,1.4,0.72,-0.3,71,80,11.0,5.41,2.3,0.6613,0.7502,1.4,2.0,2.0,station
2025-02-12,0.8,1.9,2.6,2.0,2.8,1.8,1.8,2.7,1.8,1.8,2.02,0.78,0.04,70,79,7.1,5.23,0.5,0.6741,0.7387,1.9,3.0,3.0,station
2025-02-13,4.1,3.5,3.7,4.1,4.0,3.8,3.5,3.8,3.7,4.0,3.88,0.27,0.12,70,73,14.9,6.81,0.9,0.6867,0.727,3.9,5.0,5.0,station
2025-02-14,5.8,4.9,5.7,5.0,5.3,5.6,5.0,5.3,5.0,4.9,5.34,0.4,0.18,63,13,10.8,14.36,0.0,0.6991,0.715,5.7,7.0,7.0,station
2025-02-15,9.0,7.4,8.7,7.9,9.3,7.4,7.2,8.0,8.0,9.3,8.46,0.79,0.48,67,62,16.4,12.12,0.1,0.7113,0.7029,9.6,9.0,9.0,station
2025-02-16,9.8,9.8,9.8,10.2,10.7,9.8,8.6,8.8,9.7,10.3,10.06,0.4,0.62,72,52,13.8,13.89,1.5,0.7233,0.6906,10.0,12.0,12.0,station
2025-02-17,10.1,9.6,11.8,10.8,11.0,9.9,9.7,11.7,10.5,10.6,10.66,0.85,0.18,73,82,20.1,10.27,0.9,0.735,0.678,10.9,12.0,12.0,station
2025-02-18,4.2,4.9,6.4,7.1,5.7,6.7,4.8,7.1,6.8,5.1,5.66,1.15,-0.44,92,100,9.4,3.98,9.6,0.7466,0.6653,5.9,5.0,5.0,station
2025-02-19,1.8,2.2,3.2,3.2,1.6,4.1,2.0,3.4,4.3,2.8,2.4,0.76,-0.92,88,99,16.6,7.01,4.6,0.7579,0.6523,2.9,3.0,3.0,station
2025-02-20,-2.5,-1.3,-2.0,-1.4,-2.3,-2.3,-0.7,-1.2,-1.4,-2.5,-1.9,0.53,-0.28,66,67,17.8,9.03,0.2,0.769,0.6392,-1.5,-2.0,-2.0,station
2025-02-21,-1.9,-2.0,-3.4,-2.4,-2.9,-2.4,-2.0,-3.9,-2.7,-3.1,-2.52,0.63,0.3,54,26,18.1,13.7,0.5,0.7799,0.6259,-1.7,-2.0,-2.0,station
2025-02-22,-2.5,-4.2,-4.1,-3.6,-3.4,-2.6,-3.5,-3.8,-3.3,-3.9,-3.56,0.68,-0.14,50,39,17.1,14.69,0.4,0.7906,0.6124,-2.3,-2.0,-2.0,station
2025-02-23,-2.5,-3.6,-3.7,-4.5,-3.9,-2.3,-3.1,-3.6,-3.6,-3.9,-3.64,0.73,-0.34,52,21,12.4,15.06,0.1,0.801,0.5987,-2.4,-3.0,-3.0,station
2025-02-24,-0.6,-1.5,-2.7,-1.8,-1.2,-0.6,-1.2,-2.2,-2.2,-1.8,-1.56,0.78,0.04,52,10,4.9,15.94,0.0,0.8112,0.5848,-0.1,-1.0,-1.0,station
2025-02-25,3.1,1.6,1.4,1.5,1.1,3.6,2.0,1.6,1.3,0.8,1.74,0.78,-0.12,41,9,12.2,17.2,0.0,0.8211,0.5708,2.9,3.0,3.0,station
2025-02-26,5.0,5.5,3.8,4.1,4.1,5.4,5.1,4.0,4.4,4.2,4.5,0.72,-0.12,58,43,14.0,15.35,0.0,0.8308,0.5566,5.6,6.0,6.0,station
2025-02-27,8.0,8.0,6.3,6.9,8.3,7.9,8.2,6.4,6.6,7.7,7.5,0.86,0.14,60,37,11.2,16.43,0.0,0.8402,0.5422,8.0,8.0,8.0,station
2025-02-28,6.6,7.6,6.3,8.1,9.2,9.2,7.4,6.1,8.2,10.2,7.56,1.17,-0.66,70,71,11.3,13.43,1.9,0.8495,0.5277,9.7,9.0,9.0,station
2025-03-01,9.2,8.5,7.8,9.3,9.8,8.9,8.6,7.7,9.5,10.0,8.92,0.78,-0.02,70,27,6.6,16.93,0.0,0.8584,0.513,9.8,11.0,11.0,station
2025-03-02,10.5,10.7,9.9,10.3,11.3,10.9,10.0,9.8,10.4,11.5,10.54,0.52,0.02,68,80,13.3,16.65,0.0,0.8671,0.4981,10.7,13.0,13.0,station
2025-03-03,7.1,5.4,7.0,7.0,7.5,7.4,4.7,6.9,7.1,7.5,6.8,0.81,0.08,68,93,16.8,11.3,0.2,0.8755,0.4831,7.9,8.0,8.0,station
2025-03-04,6.3,6.8,5.8,6.6,6.8,6.3,6.9,6.2,6.5,6.5,6.46,0.42,-0.02,62,34,17.1,17.54,0.0,0.8837,0.468,6.8,8.0,8.0,station
2025-03-05,12.6,12.6,11.2,13.0,13.6,11.9,11.8,11.2,12.2,12.1,12.6,0.88,0.76,59,7,11.8,18.19,0.0,0.8916,0.4527,13.4,15.0,15.0,station
2025-03-06,16.0,16.9,14.9,16.6,17.1,15.8,16.2,14.2,15.6,16.7,16.3,0.89,0.6,47,31,11.3,17.35,0.0,0.8993,0.4373,16.7,19.0,19.0,station
2025-03-07,15.2,16.2,14.4,16.2,16.3,15.5,16.4,14.1,15.6,15.8,15.66,0.84,0.18,51,1,16.9,18.09,0.0,0.9067,0.4218,15.1,17.0,17.0,station
2025-03-08,15.1,15.9,14.6,16.6,17.4,15.1,16.2,15.6,16.5,17.2,15.92,1.13,-0.2,62,30,7.0,17.74,0.0,0.9138,0.4061,15.8,18.0,18.0,station
2025-03-09,16.7,16.7,15.8,17.5,18.8,16.5,16.5,15.5,17.2,18.3,17.1,1.12,0.3,50,69,9.5,18.45,0.0,0.9207,0.3904,17.6,19.0,19.0,station
2025-03-10,17.6,17.6,17.2,18.4,18.5,17.8,17.2,16.8,18.5,18.6,17.86,0.56,0.08,51,4,13.9,18.64,0.0,0.9272,0.3745,18.3,19.0,19.0,station
2025-03-11,19.4,19.6,19.1,19.7,20.4,18.8,19.0,18.9,19.4,20.1,19.64,0.48,0.4,43,27,14.9,18.84,0.0,0.9335,0.3585,20.6,21.0,21.0,station
2025-03-12,20.0,20.2,19.3,20.9,21.1,19.9,20.3,19.6,20.6,20.6,20.3,0.72,0.1,34,45,14.2,18.73,0.0,0.9396,0.3424,20.5,21.0,21.0,station
2025-03-13,21.0,21.2,19.8,21.4,21.3,20.7,21.0,19.5,21.3,21.5,20.94,0.65,0.14,28,49,18.0,19.24,0.0,0.9453,0.3261,21.9,22.0,22.0,station
2025-03-14,21.5,22.6,20.9,22.2,22.2,21.5,22.0,20.5,22.3,21.4,21.88,0.68,0.34,34,25,11.7,19.13,0.3,0.9508,0.3098,22.8,23.0,23.0,station
2025-03-15,24.0,24.2,22.9,24.1,24.5,23.9,24.1,22.5,24.6,23.9,23.94,0.61,0.14,35,43,14.2,19.45,0.0,0.956,0.2934,24.4,24.0,24.0,station
2025-03-16,25.5,25.1,24.3,24.8,24.5,25.7,25.3,24.6,25.1,25.4,24.84,0.48,-0.38,34,70,17.5,18.41,0.0,0.9609,0.2769,25.4,26.0,26.0,station
2025-03-17,21.9,21.5,20.8,22.2,20.8,21.8,21.2,20.2,22.9,22.1,21.44,0.63,-0.2,31,95,30.5,17.1,0.0,0.9655,0.2604,22.9,22.0,22.0,station
2025-03-18,12.3,12.8,12.8,11.6,14.5,12.4,12.8,13.2,12.7,12.0,12.8,1.07,0.18,56,50,19.1,19.12,1.9,0.9698,0.2437,14.1,13.0,13.0,station
2025-03-19,2.7,2.6,4.0,3.9,2.0,1.7,0.9,3.9,3.8,1.4,3.04,0.87,0.7,62,100,28.1,12.0,3.5,0.9739,0.227,3.4,4.0,4.0,station
2025-03-20,2.1,2.3,2.5,2.1,1.7,1.7,2.2,4.2,3.2,2.7,2.14,0.3,-0.66,51,91,24.8,9.35,0.0,0.9777,0.2102,2.5,4.0,4.0,station
2025-03-21,5.1,4.2,6.0,6.0,4.7,5.6,5.1,5.8,6.7,5.0,5.2,0.8,-0.44,56,71,14.9,14.58,0.0,0.9811,0.1934,5.5,4.0,4.0,station
2025-03-22,9.8,8.2,8.6,9.4,9.7,9.4,8.4,9.1,8.6,9.1,9.14,0.71,0.22,57,22,8.2,19.27,0.0,0.9843,0.1765,10.2,10.0,10.0,station
2025-03-23,14.4,13.7,13.2,13.7,13.5,14.5,13.3,13.6,13.9,13.7,13.7,0.44,-0.1,42,51,12.9,20.82,0.0,0.9872,0.1595,14.2,14.0,14.0,station
2025-03-24,16.1,13.8,16.1,16.4,17.1,18.6,15.0,16.5,15.1,13.7,15.9,1.24,0.12,49,100,13.8,8.91,0.0,0.9898,0.1425,14.8,15.0,15.0,station
2025-03-25,19.9,19.2,20.4,19.7,20.7,21.6,19.8,19.7,19.4,22.0,19.98,0.59,-0.52,57,94,15.1,12.94,0.2,0.9921,0.1255,20.5,21.0,21.0,station
2025-03-26,20.9,19.7,20.1,19.5,19.9,19.6,18.5,21.0,19.6,20.3,20.02,0.54,0.22,42,99,12.5,11.43,0.0,0.9941,0.1084,20.3,19.0,19.0,station
2025-03-27,23.2,22.2,22.7,23.1,22.9,23.6,22.6,22.2,23.0,23.0,22.82,0.4,-0.06,44,80,15.9,20.42,0.0,0.9958,0.0913,22.9,23.0,23.0,station
2025-03-28,23.3,23.1,22.9,23.3,23.2,22.6,22.3,23.0,22.3,23.1,23.16,0.17,0.5,39,97,21.7,18.24,0.0,0.9972,0.0741,24.4,24.0,24.0,station
2025-03-29,18.8,19.7,18.9,19.0,19.8,18.9,19.3,19.3,19.3,19.6,19.24,0.47,-0.04,38,34,21.0,21.01,0.4,0.9984,0.057,19.5,22.0,22.0,station
2025-03-30,17.7,17.4,17.4,18.5,18.6,17.7,17.0,17.5,18.0,16.5,17.92,0.59,0.58,52,42,13.2,21.36,0.4,0.9992,0.0398,17.8,18.0,18.0,station
2025-03-31,17.0,15.5,15.5,16.5,17.0,17.2,14.9,16.1,16.2,16.1,16.3,0.76,0.2,66,57,20.6,19.44,1.7,0.9997,0.0226,17.0,16.0,16.0,station
2025-04-01,16.9,17.2,17.2,18.4,16.7,18.8,17.3,14.8,19.0,17.7,17.28,0.66,-0.24,63,100,15.5,9.55,3.2,1.0,0.0054,17.7,16.0,16.0,station
2025-04-02,17.0,14.5,14.4,13.9,15.0,16.2,14.5,13.8,13.5,15.9,14.96,1.21,0.18,81,74,14.9,14.21,5.6,0.9999,-0.0118,13.7,13.0,13.0,station
2025-04-03,13.7,12.1,12.5,12.9,13.6,15.0,12.5,12.2,13.5,14.9,12.96,0.69,-0.66,75,85,11.9,16.19,1.7,0.9996,-0.029,14.2,14.0,14.0,station
2025-04-04,12.1,10.7,13.3,11.4,9.9,12.2,10.0,12.6,11.4,13.9,11.48,1.3,-0.54,81,95,9.4,9.75,5.1,0.9989,-0.0462,12.5,13.0,13.0,station
2025-04-05,11.9,11.2,13.8,10.8,12.2,11.8,11.5,13.9,11.2,13.6,11.98,1.16,-0.42,83,81,15.0,13.98,2.3,0.998,-0.0634,11.8,13.0,13.0,station
2025-04-06,13.2,12.7,12.8,11.8,12.1,13.3,13.2,13.0,12.0,12.5,12.52,0.56,-0.28,75,50,21.2,14.73,1.4,0.9968,-0.0805,13.6,15.0,15.0,station
2025-04-07,14.8,15.2,15.4,14.9,13.6,14.9,14.9,15.4,14.6,13.7,14.78,0.7,0.08,62,31,29.2,20.23,0.1,0.9952,-0.0977,15.1,15.0,15.0,station
2025-04-08,7.4,8.7,8.8,8.2,9.3,8.5,8.6,10.3,8.2,11.5,8.48,0.72,-0.94,87,100,12.6,5.09,10.5,0.9934,-0.1148,9.7,9.0,9.0,station
2025-04-09,7.4,6.2,4.9,6.2,7.0,5.8,5.6,6.2,7.3,5.7,6.34,0.96,0.22,83,100,14.6,5.0,5.4,0.9913,-0.1319,5.9,7.0,7.0,station
2025-04-10,6.3,6.6,7.0,6.1,6.2,7.3,6.8,8.1,7.0,6.3,6.44,0.36,-0.66,57,58,14.0,21.15,0.4,0.9889,-0.1489,6.8,7.0,7.0,station
2025-04-11,1.1,1.5,2.3,0.7,1.3,1.7,1.3,2.0,1.0,1.6,1.38,0.59,-0.14,67,63,20.2,17.5,6.8,0.9861,-0.1659,2.1,3.0,3.0,station
2025-04-12,4.3,2.9,6.5,5.1,5.7,4.9,4.4,5.9,4.6,5.5,4.9,1.38,-0.16,75,94,20.4,11.42,1.9,0.9831,-0.1828,4.1,4.0,4.0,station
2025-04-13,6.1,6.6,7.0,6.3,6.7,7.5,5.3,7.3,7.3,6.0,6.54,0.35,-0.14,68,55,15.6,19.7,0.6,0.9799,-0.1997,6.9,8.0,8.0,station
2025-04-14,8.1,8.3,9.3,8.8,9.3,7.6,8.3,8.6,8.7,9.2,8.76,0.55,0.28,65,14,16.0,23.87,0.3,0.9763,-0.2165,9.0,10.0,10.0,station
2025-04-15,15.6,15.9,16.0,15.8,16.0,15.8,15.7,16.7,15.3,16.3,15.86,0.17,-0.1,63,2,15.5,25.29,0.0,0.9724,-0.2333,15.9,18.0,18.0,station
2025-04-16,19.2,20.0,19.7,20.4,21.4,19.5,18.9,19.4,18.1,21.1,20.14,0.83,0.74,64,7,18.3,24.54,0.0,0.9683,-0.25,19.7,21.0,21.0,station
2025-04-17,20.7,22.5,21.5,21.9,22.8,20.4,22.1,21.5,21.3,23.7,21.88,0.83,0.08,64,1,6.1,25.08,0.0,0.9638,-0.2666,21.7,23.0,23.0,station
2025-04-18,22.2,24.4,22.9,23.8,24.3,22.0,24.1,22.7,23.3,23.9,23.52,0.95,0.32,55,23,10.6,25.14,0.0,0.9591,-0.2831,23.0,25.0,25.0,station
2025-04-19,18.8,18.7,19.3,21.4,20.3,18.1,20.0,20.7,19.9,21.4,19.7,1.14,-0.32,59,65,14.5,17.22,3.7,0.9541,-0.2996,19.6,20.0,20.0,station
2025-04-20,17.4,18.2,18.7,18.2,18.8,17.8,18.3,17.9,19.2,18.6,18.26,0.55,-0.1,72,42,16.2,21.35,0.3,0.9488,-0.316,18.1,18.0,18.0,station
2025-04-21,19.7,21.1,19.7,20.4,21.2,19.6,21.2,20.1,20.5,20.9,20.42,0.73,-0.04,64,6,6.2,24.44,0.0,0.9432,-0.3322,20.0,22.0,22.0,station
2025-04-22,21.3,21.9,22.3,22.1,22.9,20.6,22.0,22.5,22.4,22.7,22.1,0.58,0.06,60,85,12.6,22.5,0.4,0.9373,-0.3484,22.8,23.0,23.0,station
2025-04-23,19.7,18.3,19.0,20.2,20.7,17.8,18.4,19.8,19.6,19.2,19.58,0.95,0.62,67,64,17.7,21.9,2.7,0.9312,-0.3645,21.0,23.0,23.0,station
2025-04-24,18.4,17.8,20.7,19.1,20.0,17.8,18.4,20.2,18.6,19.1,19.2,1.17,0.38,78,60,11.2,19.45,14.4,0.9248,-0.3804,20.4,21.0,21.0,station
2025-04-25,13.0,11.6,11.1,12.7,11.5,13.7,12.2,11.1,16.8,12.3,11.98,0.82,-1.24,81,76,20.0,10.72,11.2,0.9181,-0.3963,12.4,13.0,13.0,station
2025-04-26,16.4,16.0,16.7,16.0,15.7,15.8,16.7,16.9,16.8,15.4,16.16,0.39,-0.16,71,50,11.5,22.97,0.1,0.9112,-0.412,16.3,17.0,17.0,station
2025-04-27,17.1,15.8,18.6,17.4,16.0,17.6,15.8,17.7,17.3,16.4,16.98,1.14,0.02,75,25,23.3,22.34,4.2,0.9039,-0.4276,17.8,18.0,18.0,station
2025-04-28,13.6,14.9,13.8,14.0,12.7,13.8,14.6,14.3,14.0,13.1,13.8,0.79,-0.16,68,77,22.5,23.09,0.0,0.8965,-0.4431,13.6,15.0,15.0,station
2025-04-29,15.1,16.8,14.7,14.8,14.8,15.6,17.0,14.4,15.4,14.3,15.24,0.88,-0.1,54,50,19.8,27.13,0.0,0.8887,-0.4585,15.3,16.0,16.0,station
2025-04-30,17.2,18.6,17.3,17.4,17.7,16.7,18.3,16.7,17.4,17.5,17.64,0.57,0.32,57,66,19.0,24.83,0.0,0.8807,-0.4737,17.6,19.0,19.0,station
2025-05-01,16.3,15.5,19.9,19.0,17.3,16.1,14.9,17.8,19.3,18.3,17.6,1.83,0.32,74,68,19.4,21.36,10.7,0.8724,-0.4888,19.7,19.0,19.0,station
2025-05-02,16.4,15.3,17.9,16.2,16.7,15.4,14.5,18.0,15.8,16.0,16.5,0.94,0.56,80,45,25.3,19.78,6.6,0.8639,-0.5037,16.9,18.0,18.0,station
2025-05-03,16.1,15.9,16.2,15.6,15.3,15.6,15.4,14.7,16.0,16.0,15.82,0.37,0.28,75,69,13.6,22.65,0.6,0.8551,-0.5185,15.3,17.0,17.0,station
2025-05-04,17.6,18.5,18.7,19.3,18.5,17.8,18.7,17.7,19.1,18.5,18.52,0.61,0.16,66,9,10.4,25.29,0.1,0.846,-0.5331,17.5,19.0,19.0,station
2025-05-05,19.8,21.5,20.0,20.6,20.9,19.1,21.2,19.9,20.6,20.0,20.56,0.69,0.4,53,0,9.9,28.61,0.0,0.8367,-0.5476,19.3,21.0,21.0,station
2025-05-06,21.6,21.8,22.2,22.5,24.2,21.7,22.1,22.0,21.4,24.3,22.46,1.03,0.16,57,52,14.1,24.98,0.1,0.8272,-0.5619,22.2,23.0,23.0,station
2025-05-07,21.9,23.6,24.0,24.0,25.3,23.0,23.0,23.5,23.9,25.8,23.76,1.22,-0.08,65,44,20.4,23.79,0.9,0.8174,-0.5761,23.7,24.0,24.0,station
2025-05-08,23.3,23.5,24.0,23.9,23.3,23.5,24.0,24.9,24.1,24.8,23.6,0.33,-0.66,59,48,21.2,23.45,0.2,0.8074,-0.59,23.1,24.0,24.0,station
2025-05-09,22.2,24.7,24.2,24.3,25.0,24.1,24.3,24.0,24.7,25.1,24.08,1.1,-0.36,53,35,26.2,24.38,0.1,0.7971,-0.6038,24.2,25.0,25.0,station
2025-05-10,23.7,22.5,23.9,24.9,26.5,23.0,22.2,24.6,23.7,24.4,24.3,1.5,0.72,56,79,26.0,22.67,1.1,0.7866,-0.6175,25.8,25.0,25.0,station
2025-05-11,19.0,20.1,19.6,18.3,21.9,17.7,19.3,18.6,19.0,20.7,19.78,1.36,0.72,72,57,14.3,24.05,6.0,0.7759,-0.6309,20.6,22.0,22.0,station
2025-05-12,19.4,19.8,19.5,19.5,20.0,19.3,18.2,19.6,18.9,20.0,19.64,0.25,0.44,69,46,17.9,26.32,0.0,0.7649,-0.6442,19.5,21.0,21.0,station
2025-05-13,17.1,17.0,17.2,18.9,19.1,17.2,15.6,18.3,17.1,14.1,17.86,1.05,1.4,62,27,18.2,25.94,0.1,0.7537,-0.6572,17.2,17.0,17.0,station
2025-05-14,13.5,11.7,14.5,15.1,14.8,13.2,11.3,14.7,15.7,15.8,13.92,1.38,-0.22,73,40,14.3,18.08,6.3,0.7423,-0.6701,13.4,15.0,15.0,station
2025-05-15,16.2,17.5,16.5,16.9,17.2,16.3,17.4,17.0,17.0,17.4,16.86,0.52,-0.16,60,0,7.0,29.59,0.0,0.7306,-0.6828,17.1,18.0,18.0,station
2025-05-16,21.3,20.0,22.6,21.8,21.7,18.6,18.0,22.4,20.2,20.4,21.48,0.95,1.56,55,47,17.8,23.53,0.3,0.7188,-0.6952,23.0,23.0,23.0,station
2025-05-17,24.0,26.0,23.8,25.2,25.7,24.5,25.0,25.4,24.4,25.8,24.94,0.99,-0.08,41,68,24.3,28.07,0.0,0.7067,-0.7075,25.5,25.0,25.0,station
2025-05-18,20.3,19.5,21.1,20.7,21.8,20.2,19.9,21.4,20.6,21.8,20.68,0.86,-0.1,67,21,28.3,25.63,6.8,0.6945,-0.7195,21.2,21.0,21.0,station
2025-05-19,19.1,20.5,19.5,20.0,20.1,19.5,20.8,20.0,20.2,20.3,19.84,0.55,-0.32,46,0,6.7,30.38,0.0,0.682,-0.7314,19.9,21.0,21.0,station
2025-05-20,19.4,20.3,20.1,20.3,22.4,20.4,20.9,20.6,20.6,21.5,20.5,1.12,-0.3,44,9,20.1,28.2,0.0,0.6693,-0.743,20.4,21.0,21.0,station
2025-05-21,21.0,21.8,21.1,21.8,22.7,20.8,21.8,21.4,21.7,22.7,21.68,0.68,0.0,48,2,6.3,30.0,0.0,0.6564,-0.7544,21.1,22.0,22.0,station
2025-05-22,25.0,25.7,24.5,25.9,25.9,25.4,25.7,24.9,26.0,25.9,25.4,0.62,-0.18,47,54,9.8,29.04,0.0,0.6433,-0.7656,25.0,26.0,26.0,station
2025-05-23,26.7,27.4,27.4,28.2,28.5,27.4,27.4,27.4,28.4,27.9,27.64,0.72,-0.06,47,11,13.0,28.13,0.0,0.6301,-0.7765,27.7,29.0,29.0,station
2025-05-24,26.0,27.6,26.4,28.1,28.2,26.9,27.3,26.5,27.6,28.7,27.26,1.0,-0.14,52,56,10.3,25.87,0.0,0.6166,-0.7873,26.0,27.0,27.0,station
2025-05-25,29.3,29.8,29.6,30.5,30.6,29.6,29.6,29.5,30.7,30.9,29.96,0.57,-0.1,46,48,9.9,28.25,0.0,0.603,-0.7978,30.1,31.0,31.0,station
2025-05-26,27.6,24.6,27.4,25.6,24.8,27.1,24.1,27.6,27.5,26.4,26.0,1.42,-0.54,46,89,22.7,18.7,1.5,0.5892,-0.808,27.0,28.0,28.0,station
2025-05-27,21.8,22.7,21.2,22.2,21.4,21.5,22.2,21.1,21.9,20.4,21.86,0.61,0.44,64,37,17.3,25.12,0.2,0.5752,-0.818,22.1,22.0,22.0,station
2025-05-28,22.1,22.0,21.7,22.6,22.4,22.3,22.4,22.2,22.6,22.4,22.16,0.35,-0.22,59,33,11.8,27.73,0.0,0.561,-0.8278,21.1,22.0,22.0,station
2025-05-29,20.4,18.0,21.7,21.2,20.9,20.3,18.4,21.4,22.6,20.6,20.44,1.44,-0.22,65,50,12.2,24.01,0.5,0.5467,-0.8373,21.8,20.0,20.0,station
2025-05-30,17.7,15.9,19.0,17.9,20.4,17.3,16.2,18.4,19.0,20.7,18.18,1.67,-0.14,77,78,13.8,13.82,11.0,0.5322,-0.8466,17.4,18.0,18.0,station
2025-05-31,18.0,17.5,20.3,20.2,20.3,20.0,17.1,20.9,20.5,19.5,19.26,1.39,-0.34,70,75,13.9,17.12,2.1,0.5176,-0.8556,19.1,20.0,20.0,station
2025-06-01,18.2,17.1,21.0,17.9,19.4,17.2,17.3,20.3,17.0,18.0,18.72,1.52,0.76,74,71,13.6,21.88,4.7,0.5028,-0.8644,20.2,19.0,19.0,station
2025-06-02,17.5,18.4,19.7,19.7,18.7,18.8,18.0,20.3,21.3,19.0,18.8,0.93,-0.68,79,52,13.7,20.87,7.2,0.4878,-0.8729,19.0,20.0,20.0,station
2025-06-03,22.3,22.9,20.8,23.0,22.0,22.7,22.9,22.2,23.5,22.4,22.2,0.89,-0.54,63,27,14.3,27.17,0.0,0.4728,-0.8812,22.4,23.0,23.0,station
2025-06-04,24.8,25.8,25.1,25.8,26.8,24.7,25.8,24.6,25.7,24.8,25.66,0.77,0.54,60,7,14.4,28.88,0.0,0.4575,-0.8892,25.2,26.0,26.0,station
2025-06-05,25.4,27.1,25.5,27.2,28.2,25.3,27.0,25.6,27.7,27.9,26.68,1.2,-0.02,57,2,10.3,29.96,0.0,0.4422,-0.8969,27.0,28.0,28.0,station
2025-06-06,28.1,28.8,27.7,29.0,30.8,27.3,28.6,27.3,28.7,30.3,28.88,1.19,0.44,48,12,13.8,29.08,0.0,0.4267,-0.9044,29.2,30.0,30.0,station
2025-06-07,29.1,29.4,28.0,29.4,29.1,28.4,29.2,27.8,29.4,29.9,29.0,0.58,0.06,34,2,14.1,30.93,0.0,0.4111,-0.9116,29.7,29.0,29.0,station
2025-06-08,30.1,30.9,28.5,30.6,30.8,30.0,30.8,28.8,30.9,30.4,30.18,0.99,0.0,27,0,13.3,31.44,0.0,0.3953,-0.9185,30.2,30.0,30.0,station
2025-06-09,30.6,31.6,29.1,31.6,31.9,30.7,31.7,29.1,31.7,32.1,30.96,1.15,-0.1,32,0,15.9,31.24,0.0,0.3795,-0.9252,31.3,32.0,32.0,station
2025-06-10,28.6,29.5,28.3,30.2,31.0,29.0,29.5,28.0,30.2,30.3,29.52,1.12,0.12,44,11,22.7,29.92,0.0,0.3635,-0.9316,30.0,30.0,30.0,station
2025-06-11,29.3,29.6,26.9,29.4,29.6,29.6,29.5,27.1,29.5,29.9,28.96,1.16,-0.16,42,4,14.0,30.61,0.0,0.3474,-0.9377,29.1,29.0,29.0,station
2025-06-12,30.2,30.4,29.3,30.7,31.0,30.2,30.2,29.5,31.0,31.0,30.32,0.65,-0.06,47,14,19.7,28.27,0.0,0.3312,-0.9436,30.3,32.0,32.0,station
2025-06-13,30.0,29.3,29.5,30.9,28.5,29.8,29.5,29.5,30.8,27.6,29.64,0.89,0.2,51,8,23.0,28.29,0.0,0.3149,-0.9491,30.9,31.0,31.0,station
2025-06-14,24.6,24.3,23.9,25.1,25.7,26.0,25.0,24.6,25.9,25.8,24.72,0.7,-0.74,43,26,24.2,27.17,0.0,0.2986,-0.9544,27.7,25.0,25.0,station
2025-06-15,24.2,22.8,22.4,23.3,23.1,23.3,22.3,22.6,23.0,22.8,23.16,0.67,0.36,45,18,18.5,28.18,0.0,0.2821,-0.9594,25.9,22.0,22.0,station
2025-06-16,21.9,22.4,22.0,22.8,23.5,22.7,22.5,21.5,22.7,23.5,22.52,0.65,-0.06,50,33,14.7,19.72,0.0,0.2656,-0.9641,22.6,22.0,22.0,station
2025-06-17,23.4,24.2,23.6,24.6,24.7,23.3,24.0,23.6,24.5,25.8,24.1,0.58,-0.14,48,23,18.0,26.13,0.0,0.2489,-0.9685,24.0,25.0,25.0,station
2025-06-18,27.2,27.5,25.9,27.7,27.6,27.3,27.3,26.1,28.2,27.0,27.18,0.74,0.0,46,4,19.3,30.12,0.0,0.2322,-0.9727,27.9,28.0,28.0,station
2025-06-19,29.2,29.7,27.8,29.7,30.2,29.2,29.6,28.3,29.5,29.7,29.32,0.92,0.06,41,1,14.7,30.78,0.0,0.2155,-0.9765,29.5,30.0,30.0,station
2025-06-20,31.3,31.3,29.4,31.2,31.0,31.4,31.1,30.0,31.2,31.0,30.84,0.81,-0.1,36,2,22.1,30.66,0.0,0.1986,-0.9801,31.3,31.0,31.0,station
2025-06-21,25.1,23.9,24.2,25.8,26.4,25.9,23.9,24.9,25.7,26.6,25.08,1.05,-0.32,45,20,21.1,26.82,3.1,0.1818,-0.9833,26.3,25.0,25.0,station
2025-06-22,24.5,23.4,23.3,24.0,24.8,22.9,22.8,23.2,23.9,24.1,24.0,0.66,0.62,46,3,20.8,30.57,0.0,0.1648,-0.9863,24.7,24.0,24.0,station
2025-06-23,26.0,26.7,25.4,26.9,27.9,26.4,26.5,25.3,27.2,27.5,26.58,0.95,0.0,46,0,21.8,31.23,0.0,0.1478,-0.989,26.7,27.0,27.0,station
2025-06-24,29.2,29.0,27.0,29.7,30.0,29.1,28.9,27.0,29.1,29.6,28.98,1.18,0.24,35,0,10.9,31.38,0.0,0.1308,-0.9914,29.7,30.0,30.0,station
2025-06-25,32.2,31.7,30.6,32.0,32.1,31.9,31.6,30.3,32.2,32.2,31.72,0.65,0.08,28,0,19.2,31.1,0.0,0.1137,-0.9935,31.7,33.0,33.0,station
2025-06-26,33.1,33.0,31.5,32.9,33.7,33.3,33.2,31.2,33.1,33.1,32.84,0.81,0.06,28,0,19.9,30.84,0.0,0.0966,-0.9953,33.2,33.0,33.0,station
2025-06-27,31.5,31.8,30.4,31.6,31.8,31.7,31.9,30.7,31.8,32.1,31.42,0.58,-0.22,29,0,20.9,30.79,0.0,0.0795,-0.9968,32.0,32.0,32.0,station
2025-06-28,32.0,31.3,30.3,32.7,32.5,32.1,31.7,31.1,32.5,31.9,31.76,0.98,-0.1,33,1,23.9,30.84,0.0,0.0623,-0.9981,32.3,32.0,32.0,station
2025-06-29,23.6,19.9,22.3,22.2,23.1,24.2,20.3,23.4,22.2,24.4,22.22,1.42,-0.68,45,44,20.2,20.4,0.5,0.0451,-0.999,25.2,22.0,22.0,station
2025-06-30,24.9,23.7,24.4,23.6,26.8,26.3,24.3,24.0,24.3,26.8,24.68,1.3,-0.46,58,22,20.0,25.19,0.0,0.028,-0.9996,25.6,24.0,24.0,station
2025-07-01,26.4,26.6,25.7,26.7,27.6,27.5,26.3,26.9,26.9,27.9,26.6,0.68,-0.5,53,16,20.2,25.74,0.0,0.0108,-0.9999,28.3,28.0,28.0,station
2025-07-02,23.9,24.0,23.6,23.7,25.6,24.1,24.1,23.9,24.0,25.2,24.16,0.82,-0.1,49,3,23.6,30.32,0.0,-0.0065,-1.0,26.3,25.0,25.0,station
2025-07-03,23.2,23.3,23.6,23.6,25.7,23.2,23.7,24.3,23.3,25.5,23.88,1.03,-0.12,48,26,22.6,23.24,0.0,-0.0237,-0.9997,24.7,25.0,25.0,station
2025-07-04,23.5,23.0,23.5,24.4,24.8,24.7,23.7,23.9,24.5,26.9,23.84,0.74,-0.9,51,26,20.9,22.45,0.0,-0.0408,-0.9992,24.0,25.0,25.0,station
2025-07-05,28.9,27.7,28.0,28.1,27.3,29.1,28.1,28.0,28.3,27.6,28.0,0.59,-0.22,43,0,16.0,30.81,0.0,-0.058,-0.9983,28.1,29.0,29.0,station
2025-07-06,30.6,30.0,29.3,30.4,29.9,30.5,29.9,29.1,30.7,27.0,30.04,0.5,0.6,39,1,16.9,30.39,0.0,-0.0752,-0.9972,30.7,30.0,30.0,station
2025-07-07,32.4,32.0,31.2,31.9,32.5,32.8,31.8,31.8,32.4,32.4,32.0,0.51,-0.24,33,7,15.2,30.38,0.0,-0.0923,-0.9957,32.7,32.0,32.0,station
2025-07-08,35.1,34.2,34.0,34.5,34.3,34.9,34.2,34.3,34.3,34.2,34.42,0.42,0.04,31,3,14.4,30.03,0.0,-0.1094,-0.994,33.9,35.0,35.0,station
2025-07-09,35.2,34.9,34.6,35.0,34.2,35.3,34.9,34.2,35.0,34.0,34.78,0.39,0.1,34,0,15.6,30.81,0.0,-0.1265,-0.992,34.7,35.0,35.0,station
2025-07-10,36.1,34.8,34.6,35.5,35.5,37.1,34.8,35.4,35.8,35.3,35.3,0.6,-0.38,26,3,22.1,30.28,0.0,-0.1436,-0.9896,35.3,36.0,36.0,station
2025-07-11,36.5,35.0,35.5,35.5,35.1,36.4,35.0,35.6,36.0,35.2,35.52,0.59,-0.12,31,6,16.7,29.0,0.0,-0.1606,-0.987,36.6,37.0,37.0,station
2025-07-12,36.9,35.8,35.8,36.3,35.7,36.7,35.2,36.1,35.8,36.1,36.1,0.5,0.12,40,4,14.7,28.73,0.0,-0.1775,-0.9841,36.4,37.0,37.0,station
2025-07-13,35.9,35.3,36.4,35.4,35.6,35.9,34.6,36.3,35.2,35.0,35.72,0.44,0.32,41,7,18.7,28.49,0.0,-0.1944,-0.9809,36.3,37.0,37.0,station
2025-07-14,35.2,34.5,34.5,34.6,33.9,35.8,34.3,35.4,34.9,34.4,34.54,0.46,-0.42,36,6,15.6,29.24,0.0,-0.2113,-0.9774,35.0,36.0,36.0,station
2025-07-15,30.5,30.2,33.0,31.5,32.9,31.7,29.7,33.0,32.2,31.8,31.62,1.31,-0.06,38,37,20.3,26.06,0.1,-0.2281,-0.9736,33.0,33.0,33.0,station
2025-07-16,29.3,27.6,31.0,30.2,30.6,30.8,27.1,30.5,30.2,31.0,29.74,1.35,-0.18,41,50,11.6,24.41,1.9,-0.2448,-0.9696,31.4,31.0,31.0,station
2025-07-17,32.6,32.3,32.5,34.2,32.8,33.6,32.2,32.4,33.0,33.0,32.88,0.76,0.04,38,3,9.0,28.95,0.0,-0.2614,-0.9652,32.6,33.0,33.0,station
2025-07-18,33.3,32.4,34.2,34.4,33.7,33.5,31.6,34.9,34.8,33.9,33.6,0.8,-0.14,38,25,16.1,25.07,1.5,-0.278,-0.9606,34.2,35.0,35.0,station
2025-07-19,31.8,30.0,31.6,32.0,30.6,31.5,29.6,32.7,31.4,30.6,31.2,0.86,0.04,52,14,18.1,25.87,0.0,-0.2945,-0.9557,31.6,32.0,32.0,station
2025-07-20,30.2,30.5,31.0,31.5,30.3,30.9,30.4,31.3,31.9,29.9,30.7,0.54,-0.18,49,3,19.0,28.44,0.0,-0.3109,-0.9505,31.5,32.0,32.0,station
2025-07-21,32.2,31.9,31.3,31.8,32.0,32.6,31.8,31.7,31.5,31.9,31.84,0.34,-0.06,40,0,16.7,29.34,0.0,-0.3272,-0.945,32.0,32.0,32.0,station
2025-07-22,34.6,33.4,33.1,33.2,34.1,34.4,33.4,33.3,33.5,33.3,33.68,0.65,0.1,35,0,9.2,29.53,0.0,-0.3434,-0.9392,33.6,34.0,34.0,station
2025-07-23,36.2,35.1,34.6,35.8,35.2,36.1,34.7,34.8,35.3,34.7,35.38,0.63,0.26,29,0,19.0,29.41,0.0,-0.3595,-0.9332,36.2,36.0,36.0,station
2025-07-24,35.4,34.5,34.3,34.0,33.5,35.4,34.1,34.1,34.1,33.1,34.34,0.7,0.18,29,0,19.0,29.38,0.0,-0.3755,-0.9268,34.7,35.0,35.0,station
2025-07-25,33.9,32.9,32.1,31.8,32.5,34.5,33.1,32.5,32.4,32.5,32.64,0.82,-0.36,35,0,21.0,29.1,0.0,-0.3914,-0.9202,33.2,33.0,33.0,station
2025-07-26,33.3,32.7,31.6,32.1,31.8,33.2,32.6,31.6,32.1,31.8,32.3,0.7,0.04,31,0,21.1,29.92,0.0,-0.4071,-0.9134,32.5,33.0,33.0,station
2025-07-27,36.4,35.2,35.1,36.0,35.3,36.3,35.3,34.9,35.7,35.3,35.6,0.57,0.1,32,0,15.7,28.78,0.0,-0.4228,-0.9062,36.6,36.0,36.0,station
2025-07-28,39.1,38.0,39.1,38.8,38.7,39.1,37.8,38.9,39.3,38.1,38.74,0.45,0.1,25,30,18.8,24.78,0.0,-0.4383,-0.8988,39.9,40.0,40.0,station
2025-07-29,38.9,38.3,38.5,38.3,38.1,39.1,38.0,39.1,39.0,37.9,38.42,0.3,-0.2,24,9,18.1,28.3,0.0,-0.4537,-0.8912,38.8,38.0,38.0,station
2025-07-30,38.1,37.6,37.7,37.6,37.9,38.2,37.5,38.3,37.5,37.1,37.78,0.22,0.06,30,1,16.2,28.29,0.0,-0.469,-0.8832,38.0,39.0,39.0,station
2025-07-31,35.3,34.3,35.2,33.7,35.4,35.5,34.1,33.9,33.9,34.5,34.78,0.75,0.4,45,16,24.1,25.78,0.1,-0.4841,-0.875,35.0,35.0,35.0,station
2025-08-01,33.6,31.4,33.9,32.1,32.1,34.8,30.9,33.7,31.6,33.0,32.62,1.08,-0.18,52,19,20.9,25.65,0.1,-0.4991,-0.8666,33.9,32.0,32.0,station
2025-08-02,31.0,30.3,31.0,29.8,30.1,31.8,30.7,31.9,30.9,30.2,30.44,0.54,-0.66,54,36,17.6,24.91,0.4,-0.5139,-0.8578,31.5,29.0,29.0,station
2025-08-03,28.5,28.2,31.0,28.9,26.4,29.2,28.4,32.6,30.9,26.8,28.6,1.65,-0.98,54,22,14.6,23.74,0.4,-0.5286,-0.8489,30.6,29.0,29.0,station
2025-08-04,32.2,31.1,31.8,31.4,31.0,32.0,30.5,32.9,31.4,30.2,31.5,0.5,0.1,50,12,12.6,25.34,0.0,-0.5431,-0.8397,32.7,33.0,33.0,station
2025-08-05,34.0,33.4,34.0,33.8,33.3,33.8,32.5,33.5,34.3,33.1,33.7,0.33,0.26,39,3,20.7,26.35,0.0,-0.5575,-0.8302,34.5,34.0,34.0,station
2025-08-06,34.9,34.4,34.2,34.7,34.1,34.9,34.4,35.2,34.1,33.7,34.46,0.34,0.0,31,0,18.4,27.33,0.0,-0.5717,-0.8205,35.2,35.0,35.0,station
2025-08-07,33.3,33.0,34.2,31.8,34.3,32.9,32.2,33.6,32.5,33.5,33.32,1.02,0.38,37,1,22.9,27.12,0.0,-0.5857,-0.8105,33.4,33.0,33.0,station
2025-08-08,31.7,30.7,31.9,31.0,32.0,31.9,30.1,32.7,30.7,32.9,31.46,0.58,-0.2,46,29,19.6,24.75,0.0,-0.5996,-0.8003,32.2,32.0,32.0,station
2025-08-09,32.7,32.0,31.2,30.7,30.8,32.4,31.7,31.5,30.8,31.1,31.48,0.85,-0.02,40,0,17.3,27.09,0.0,-0.6132,-0.7899,32.0,32.0,32.0,station
2025-08-10,32.9,32.2,31.6,31.1,30.8,32.9,32.1,32.0,31.1,30.3,31.72,0.85,0.04,38,0,20.9,27.33,0.0,-0.6267,-0.7792,32.1,32.0,32.0,station
2025-08-11,32.9,32.3,31.7,31.7,32.4,32.8,31.9,31.4,31.9,31.2,32.2,0.51,0.36,29,0,18.0,27.3,0.0,-0.64,-0.7683,32.0,33.0,33.0,station
2025-08-12,31.1,31.1,31.0,30.3,30.1,31.2,31.2,31.0,31.1,29.9,30.72,0.48,-0.16,35,0,19.7,27.1,0.0,-0.6532,-0.7572,30.9,31.0,31.0,station
2025-08-13,31.8,31.6,32.4,31.7,32.3,32.1,31.7,32.7,32.3,31.8,31.96,0.36,-0.16,40,0,15.5,26.78,0.0,-0.6661,-0.7459,32.5,32.0,32.0,station
2025-08-14,34.4,33.2,34.2,34.3,33.3,34.6,33.1,34.2,34.3,33.2,33.88,0.58,0.0,34,0,17.6,26.55,0.0,-0.6788,-0.7343,34.9,35.0,35.0,station
2025-08-15,32.6,32.5,32.2,32.4,30.7,32.4,32.4,32.0,32.7,29.2,32.08,0.79,0.34,25,5,22.3,26.58,0.0,-0.6914,-0.7225,33.0,32.0,32.0,station
2025-08-16,29.2,29.2,29.0,28.3,29.1,29.1,29.2,28.9,28.7,28.3,28.96,0.38,0.12,40,0,20.2,26.89,0.0,-0.7037,-0.7105,29.1,28.0,28.0,station
2025-08-17,32.8,31.0,32.3,31.6,32.0,33.1,31.1,32.6,32.1,33.4,31.94,0.68,-0.52,32,0,15.7,26.66,0.0,-0.7158,-0.6983,32.2,32.0,32.0,station
2025-08-18,33.9,33.0,34.3,33.6,33.5,34.3,33.2,34.8,33.5,32.9,33.66,0.48,-0.08,27,4,23.0,25.41,0.0,-0.7277,-0.6859,34.5,34.0,34.0,station
2025-08-19,30.8,29.8,31.1,30.9,31.6,31.6,29.8,32.4,30.9,31.1,30.84,0.66,-0.32,48,3,13.0,24.98,0.0,-0.7394,-0.6733,31.0,31.0,31.0,station
2025-08-20,30.1,29.8,30.4,29.9,30.0,30.6,28.7,30.9,30.3,30.1,30.04,0.23,-0.08,49,3,15.8,24.79,0.0,-0.7509,-0.6605,30.0,30.0,30.0,station
2025-08-21,29.5,29.8,29.4,29.5,29.8,29.6,29.7,30.2,29.7,30.5,29.6,0.19,-0.34,46,0,7.5,25.95,0.0,-0.7621,-0.6474,30.0,29.0,29.0,station
2025-08-22,32.7,32.6,32.5,31.9,31.5,32.6,32.5,32.9,32.3,31.3,32.24,0.52,-0.08,32,0,12.5,26.2,0.0,-0.7731,-0.6342,32.5,32.0,32.0,station
2025-08-23,32.7,32.7,33.1,32.4,32.5,33.3,33.1,34.1,33.0,32.3,32.68,0.27,-0.48,24,0,15.2,25.5,0.0,-0.7839,-0.6208,32.6,33.0,33.0,station
2025-08-24,29.6,28.3,31.1,29.5,29.9,30.1,28.1,31.3,30.1,30.4,29.68,1.0,-0.32,51,13,21.4,22.04,0.1,-0.7945,-0.6073,29.6,30.0,30.0,station
2025-08-25,26.9,25.4,26.5,26.6,26.4,27.5,25.3,26.1,26.5,26.0,26.36,0.57,0.08,49,23,20.5,20.95,0.0,-0.8048,-0.5935,26.5,26.0,26.0,station
2025-08-26,27.3,26.6,27.4,26.6,27.1,26.9,26.2,27.6,26.6,27.3,27.0,0.38,0.08,52,12,20.0,23.49,0.0,-0.8149,-0.5796,28.2,28.0,28.0,station
2025-08-27,27.7,27.6,28.1,28.2,26.8,28.4,27.4,28.2,28.1,27.6,27.68,0.55,-0.26,40,0,18.5,25.07,0.0,-0.8248,-0.5655,27.8,27.0,27.0,station
2025-08-28,27.8,28.1,27.9,26.9,27.4,28.2,27.9,28.8,27.3,26.6,27.62,0.48,-0.14,40,0,14.0,24.98,0.0,-0.8344,-0.5512,27.7,28.0,28.0,station
2025-08-29,31.3,30.9,31.9,30.3,31.4,30.6,30.7,32.0,29.7,30.9,31.16,0.6,0.38,40,0,10.6,24.66,0.0,-0.8437,-0.5368,31.2,31.0,31.0,station
2025-08-30,33.2,33.1,33.2,32.4,32.7,33.4,33.0,33.9,32.3,32.4,32.92,0.36,-0.08,33,0,9.2,24.69,0.0,-0.8528,-0.5222,33.0,33.0,33.0,station
2025-08-31,33.5,33.6,33.7,32.9,33.0,33.7,33.5,33.7,32.8,32.5,33.34,0.36,0.1,29,0,14.7,24.37,0.0,-0.8617,-0.5074,33.4,33.0,33.0,station
2025-09-01,32.3,33.0,32.6,32.3,31.9,32.7,33.2,32.6,32.2,32.0,32.42,0.41,-0.12,32,0,15.2,23.94,0.0,-0.8703,-0.4925,32.0,32.0,32.0,station
2025-09-02,30.3,30.3,30.9,30.3,30.9,31.0,30.6,31.4,30.4,31.3,30.54,0.33,-0.4,45,0,17.7,23.68,0.0,-0.8786,-0.4775,30.5,31.0,31.0,station
2025-09-03,27.2,27.7,28.4,27.7,28.8,28.4,28.2,29.2,28.2,29.3,27.96,0.63,-0.7,48,14,24.4,20.89,0.0,-0.8867,-0.4623,28.8,27.0,27.0,station
2025-09-04,28.6,27.8,27.5,27.5,26.4,27.7,28.3,27.8,27.2,28.0,27.56,0.79,-0.24,51,4,17.7,22.37,0.0,-0.8945,-0.447,27.4,27.0,27.0,station
2025-09-05,29.4,29.1,29.3,28.5,28.9,29.1,28.9,29.6,29.3,28.2,29.04,0.36,0.02,51,15,12.6,21.12,0.0,-0.9021,-0.4315,29.6,30.0,30.0,station
2025-09-06,29.3,26.0,29.8,27.0,27.5,29.8,25.8,31.5,27.0,27.2,27.92,1.59,-0.34,54,28,22.8,18.7,5.1,-0.9094,-0.4159,30.4,31.0,31.0,station
2025-09-07,25.4,22.6,26.2,23.5,17.0,24.3,21.7,24.1,23.6,20.0,22.94,3.62,0.2,69,24,16.1,18.6,0.7,-0.9164,-0.4002,25.1,25.0,25.0,station
2025-09-08,19.8,18.4,22.6,19.8,19.7,20.2,18.8,23.4,19.4,17.6,20.06,1.54,0.18,70,65,9.5,13.71,9.6,-0.9232,-0.3844,20.9,20.0,20.0,station
2025-09-09,23.1,23.5,23.7,22.1,24.7,23.1,23.6,24.7,23.8,24.0,23.42,0.94,-0.42,62,13,11.0,20.93,0.0,-0.9296,-0.3685,23.8,24.0,24.0,station
2025-09-10,25.7,25.9,26.6,24.7,26.2,25.5,25.7,25.8,23.9,25.4,25.82,0.71,0.56,56,6,15.8,22.18,0.0,-0.9358,-0.3524,26.9,27.0,27.0,station
2025-09-11,23.3,25.8,25.8,24.5,26.2,26.4,26.4,25.7,24.5,26.2,25.12,1.2,-0.72,60,10,12.2,19.88,0.0,-0.9418,-0.3363,25.5,25.0,25.0,station
2025-09-12,26.2,27.6,27.1,26.3,27.8,26.3,27.8,27.4,25.9,28.1,27.0,0.73,-0.1,59,6,10.2,21.81,0.0,-0.9474,-0.32,27.2,28.0,28.0,station
2025-09-13,24.1,23.6,26.1,25.1,24.4,23.5,24.5,25.7,26.1,25.4,24.66,0.97,-0.38,61,18,14.7,19.16,0.0,-0.9528,-0.3037,26.6,28.0,28.0,station
2025-09-14,26.6,27.5,27.2,26.3,27.7,25.6,26.7,25.9,25.8,26.3,27.06,0.59,1.0,56,0,9.8,21.57,0.0,-0.9579,-0.2873,27.3,28.0,28.0,station
2025-09-15,28.6,29.2,29.4,29.0,29.3,29.1,29.2,29.6,29.2,29.5,29.1,0.32,-0.22,40,4,16.5,21.38,0.0,-0.9627,-0.2707,28.9,30.0,30.0,station
2025-09-16,26.5,27.5,27.5,26.3,27.3,26.7,26.5,27.7,25.7,26.1,27.02,0.58,0.48,47,4,18.2,21.29,0.0,-0.9672,-0.2541,27.4,28.0,28.0,station
2025-09-17,26.2,27.6,26.8,26.3,27.0,25.9,27.5,26.7,26.6,26.9,26.78,0.57,0.06,45,14,8.3,21.86,0.0,-0.9714,-0.2375,27.0,28.0,28.0,station
2025-09-18,20.7,18.9,19.6,19.9,20.9,21.2,19.5,20.6,20.8,21.6,20.0,0.82,-0.74,51,22,22.5,18.9,0.0,-0.9753,-0.2207,20.8,20.0,20.0,station
2025-09-19,19.8,17.5,17.5,19.6,18.5,19.7,17.7,19.1,19.7,19.3,18.58,1.1,-0.52,62,46,19.1,10.43,0.0,-0.979,-0.2039,18.7,17.0,17.0,station
2025-09-20,21.8,21.7,21.1,22.2,19.9,22.2,21.7,21.8,22.2,21.3,21.34,0.9,-0.5,57,1,18.5,20.79,0.0,-0.9824,-0.187,22.5,23.0,23.0,station
2025-09-21,21.9,22.5,21.1,21.5,21.7,21.9,22.9,21.5,22.2,20.2,21.74,0.52,0.0,50,0,12.9,20.87,0.0,-0.9854,-0.1701,22.5,22.0,22.0,station
2025-09-22,22.9,24.0,23.8,23.2,22.3,23.0,23.8,23.6,23.0,21.9,23.24,0.69,0.18,43,0,8.1,21.12,0.0,-0.9882,-0.1531,24.0,24.0,24.0,station
2025-09-23,26.4,26.7,26.3,25.8,26.0,26.5,26.9,27.0,25.6,25.8,26.24,0.35,-0.12,25,0,5.6,21.08,0.0,-0.9907,-0.1361,26.4,27.0,27.0,station
2025-09-24,27.9,28.3,27.3,27.8,27.6,28.3,28.3,27.9,27.7,27.5,27.78,0.37,-0.16,21,0,9.1,20.57,0.0,-0.9929,-0.1191,28.6,29.0,29.0,station
2025-09-25,26.7,27.4,26.6,26.8,27.2,26.9,27.2,26.3,27.0,26.8,26.94,0.34,0.1,40,0,17.0,20.15,0.0,-0.9948,-0.102,27.7,28.0,28.0,station
2025-09-26,21.8,23.2,21.8,21.9,22.5,21.9,23.1,21.8,22.0,22.3,22.24,0.61,0.02,50,24,18.2,19.2,0.0,-0.9964,-0.0848,22.7,21.0,21.0,station
2025-09-27,20.1,20.5,20.4,20.2,21.2,20.0,21.1,19.7,19.9,20.3,20.48,0.43,0.28,61,39,12.4,18.17,0.0,-0.9977,-0.0677,20.2,20.0,20.0,station
2025-09-28,24.8,24.2,25.1,22.9,24.1,23.9,24.2,23.3,22.2,22.2,24.22,0.85,1.06,45,63,13.0,17.12,0.3,-0.9987,-0.0505,25.0,24.0,24.0,station
2025-09-29,21.8,20.4,19.9,19.1,16.8,23.7,20.7,17.0,20.8,17.0,19.6,1.85,-0.24,59,96,23.8,10.86,1.5,-0.9994,-0.0333,22.7,22.0,22.0,station
2025-09-30,19.5,18.6,19.7,18.9,18.9,20.3,18.2,19.8,18.9,19.3,19.12,0.46,-0.18,69,38,12.6,16.25,6.1,-0.9999,-0.0161,19.8,19.0,19.0,station
2025-10-01,18.4,18.6,19.0,17.7,18.0,19.4,18.8,19.1,18.4,17.9,18.34,0.51,-0.38,70,31,12.3,16.08,0.0,-1.0,0.0011,18.6,19.0,19.0,station
2025-10-02,18.3,19.0,19.2,18.4,17.6,18.2,19.4,19.2,18.9,17.8,18.5,0.63,-0.2,68,18,13.2,16.5,0.0,-0.9998,0.0183,18.9,19.0,19.0,station
2025-10-03,23.3,22.8,24.6,22.5,23.1,23.4,22.5,24.4,22.0,22.8,23.26,0.81,0.24,58,19,20.7,17.28,0.0,-0.9994,0.0355,23.7,25.0,25.0,station
2025-10-04,21.7,22.5,24.5,24.2,23.8,21.6,22.1,24.7,23.1,23.0,23.34,1.19,0.44,62,17,16.9,15.32,0.0,-0.9986,0.0527,21.0,22.0,22.0,station
2025-10-05,19.4,20.8,19.8,19.2,19.0,19.8,20.8,19.8,19.3,19.7,19.64,0.71,-0.24,58,5,15.1,17.9,0.0,-0.9976,0.0698,19.1,20.0,20.0,station
2025-10-06,22.1,22.6,22.4,21.6,23.0,22.1,22.8,22.2,22.0,21.8,22.34,0.53,0.16,47,0,8.2,17.86,0.0,-0.9962,0.087,22.0,23.0,23.0,station
2025-10-07,22.6,22.1,23.6,22.7,22.6,22.0,22.3,23.5,21.7,21.4,22.72,0.54,0.54,52,36,17.0,16.17,0.1,-0.9946,0.1041,22.7,23.0,23.0,station
2025-10-08,18.6,14.2,19.0,18.1,15.8,17.3,14.8,19.2,17.8,15.6,17.14,2.06,0.2,78,87,21.5,10.67,10.3,-0.9926,0.1212,17.6,16.0,16.0,station
2025-10-09,15.0,13.8,15.0,14.4,12.7,15.1,13.3,15.6,15.2,13.0,14.18,0.97,-0.26,77,63,25.2,14.5,1.0,-0.9904,0.1383,14.3,14.0,14.0,station
2025-10-10,15.6,14.5,14.4,13.9,14.3,15.3,14.5,14.8,14.5,13.9,14.54,0.63,-0.06,74,51,13.3,11.74,0.5,-0.9879,0.1553,15.0,16.0,16.0,station
2025-10-11,15.7,14.8,16.1,14.7,15.4,16.0,14.7,15.9,14.5,14.5,15.34,0.59,0.22,74,38,22.0,15.04,2.4,-0.9851,0.1722,15.8,16.0,16.0,station
2025-10-12,11.9,11.2,10.8,12.6,12.3,12.5,11.8,11.3,11.7,12.3,11.76,0.75,-0.16,70,61,15.0,9.11,0.9,-0.9819,0.1892,12.3,13.0,13.0,station
2025-10-13,14.4,13.8,14.6,14.1,14.4,14.8,14.0,14.3,14.8,14.7,14.26,0.31,-0.26,69,75,5.2,11.14,0.0,-0.9785,0.206,13.9,14.0,14.0,station
2025-10-14,16.5,16.0,16.4,14.8,16.2,16.5,16.0,17.0,15.0,15.9,15.98,0.69,-0.1,64,19,9.6,15.07,0.0,-0.9749,0.2228,16.4,17.0,17.0,station
2025-10-15,17.2,17.1,17.6,16.5,17.9,18.0,16.9,17.5,16.2,17.4,17.26,0.53,0.06,59,11,9.7,14.42,0.0,-0.9709,0.2396,17.4,18.0,18.0,station
2025-10-16,16.4,17.2,17.3,16.9,16.5,16.7,17.2,17.8,15.9,18.7,16.86,0.4,-0.4,68,36,13.2,14.18,0.0,-0.9666,0.2562,18.2,19.0,19.0,station
2025-10-17,18.1,18.7,18.6,19.0,20.1,18.8,18.6,18.5,18.5,19.6,18.9,0.74,0.1,68,49,7.9,15.27,0.0,-0.9621,0.2728,19.8,20.0,20.0,station
2025-10-18,19.8,20.0,20.6,17.7,20.8,20.2,19.3,20.4,19.2,20.7,19.78,1.23,-0.18,53,26,14.4,14.97,0.0,-0.9572,0.2893,20.1,21.0,21.0,station
2025-10-19,17.4,16.8,18.4,16.4,18.6,17.5,16.7,17.7,16.9,18.5,17.52,0.97,0.06,70,69,18.3,13.06,1.2,-0.9521,0.3057,18.3,19.0,19.0,station
2025-10-20,15.9,15.5,16.2,15.2,16.0,15.7,15.6,16.0,14.9,15.1,15.76,0.4,0.3,73,73,11.7,11.01,2.1,-0.9467,0.3221,15.3,15.0,15.0,station
2025-10-21,16.4,17.0,15.7,16.2,16.6,16.9,17.0,16.3,16.3,17.1,16.38,0.48,-0.34,62,38,9.0,14.82,0.0,-0.941,0.3383,16.6,18.0,18.0,station
2025-10-22,18.0,16.6,17.8,16.3,15.3,17.5,16.0,17.7,15.3,18.0,16.8,1.12,-0.1,74,83,15.4,10.11,1.3,-0.9351,0.3545,17.8,18.0,18.0,station
2025-10-23,18.7,17.1,20.1,18.4,17.3,19.5,17.4,19.3,17.0,16.6,18.32,1.21,0.36,84,96,12.5,8.57,1.7,-0.9288,0.3705,17.4,18.0,18.0,station
2025-10-24,19.4,18.4,19.0,17.7,17.8,19.3,18.2,20.0,17.9,18.4,18.46,0.74,-0.3,74,61,22.3,11.05,1.6,-0.9223,0.3864,19.6,18.0,18.0,station
2025-10-25,19.0,18.3,19.9,18.6,18.3,19.4,17.7,19.9,19.1,18.5,18.82,0.67,-0.1,79,57,17.1,11.81,5.1,-0.9155,0.4022,19.6,21.0,21.0,station
2025-10-26,16.4,17.3,17.9,16.3,16.2,17.7,18.0,17.9,16.8,16.7,16.82,0.75,-0.6,78,93,13.0,11.36,0.1,-0.9085,0.4179,16.3,17.0,17.0,station
2025-10-27,21.7,22.0,23.0,21.4,20.4,21.9,21.9,23.2,21.9,20.7,21.7,0.94,-0.22,57,20,21.5,13.62,0.0,-0.9012,0.4335,22.5,24.0,24.0,station
2025-10-28,18.8,18.2,21.4,18.4,20.1,18.9,18.5,21.5,15.6,19.5,19.38,1.35,0.58,70,54,26.2,11.36,6.3,-0.8936,0.4489,19.9,21.0,21.0,station
2025-10-29,13.9,14.3,14.3,13.4,13.9,14.3,14.5,15.3,14.1,14.9,13.96,0.37,-0.66,72,18,11.4,13.36,2.9,-0.8857,0.4642,14.2,14.0,14.0,station
2025-10-30,16.6,15.8,16.8,14.8,17.0,16.8,16.1,17.3,14.8,16.6,16.2,0.91,-0.12,62,0,4.7,13.79,0.0,-0.8776,0.4794,16.5,17.0,17.0,station
2025-10-31,17.3,17.4,17.6,16.0,17.5,17.7,17.3,17.7,15.8,17.4,17.16,0.66,-0.02,55,56,8.3,13.31,0.0,-0.8692,0.4944,16.8,19.0,19.0,station
2025-11-01,18.3,17.9,18.5,17.8,18.7,18.5,18.0,18.6,17.3,18.3,18.24,0.38,0.1,57,30,5.2,13.45,0.0,-0.8606,0.5093,18.5,19.0,19.0,station
2025-11-02,17.8,17.5,18.8,18.3,19.3,18.0,17.3,18.8,18.0,18.7,18.34,0.73,0.18,63,35,6.4,13.09,0.0,-0.8517,0.524,19.0,20.0,20.0,station
2025-11-03,18.9,18.0,19.3,18.9,20.1,18.7,17.7,19.8,17.8,20.0,19.04,0.76,0.24,59,87,8.2,12.52,0.0,-0.8426,0.5386,19.0,20.0,20.0,station
2025-11-04,19.3,19.0,19.5,19.4,20.8,19.9,19.1,19.4,20.3,21.2,19.6,0.7,-0.38,58,55,8.3,11.64,0.0,-0.8332,0.553,20.4,21.0,21.0,station
2025-11-05,18.4,18.3,19.2,19.2,19.8,18.1,18.3,19.5,18.7,20.2,18.98,0.63,0.02,70,19,6.1,12.14,0.0,-0.8235,0.5672,19.2,20.0,20.0,station
2025-11-06,16.4,15.3,18.5,18.3,18.2,17.0,15.4,18.7,17.9,16.3,17.34,1.42,0.28,73,95,12.3,9.97,0.4,-0.8137,0.5813,17.4,16.0,16.0,station
2025-11-07,19.5,18.3,19.3,19.7,19.6,18.8,17.8,20.1,19.7,17.6,19.28,0.57,0.48,72,74,17.5,10.79,0.1,-0.8035,0.5952,20.0,21.0,21.0,station
2025-11-08,18.5,18.6,19.3,18.6,19.2,18.6,18.4,19.8,18.7,19.7,18.84,0.38,-0.2,70,17,11.4,11.64,0.0,-0.7932,0.609,18.8,19.0,19.0,station
2025-11-09,19.2,18.9,19.7,18.7,19.7,19.0,18.6,19.5,18.9,19.6,19.24,0.46,0.12,64,36,9.2,11.75,0.0,-0.7826,0.6225,18.7,20.0,20.0,station
2025-11-10,18.9,17.1,18.9,17.6,19.2,18.5,17.4,19.0,16.5,18.4,18.34,0.93,0.38,63,38,8.1,10.16,0.0,-0.7718,0.6359,18.8,19.0,19.0,station
2025-11-11,17.6,17.0,18.2,18.1,17.6,17.6,16.9,18.7,18.0,17.9,17.7,0.48,-0.12,59,31,11.9,11.69,0.0,-0.7607,0.6491,17.5,18.0,18.0,station
2025-11-12,14.4,14.1,15.1,14.2,14.0,13.4,13.7,15.7,13.3,13.7,14.36,0.44,0.4,81,24,14.5,9.66,0.9,-0.7494,0.6621,13.9,14.0,14.0,station
2025-11-13,13.4,12.6,14.3,13.0,13.9,12.9,12.5,13.8,13.7,13.4,13.44,0.68,0.18,81,20,10.9,10.58,0.0,-0.7379,0.6749,13.2,14.0,14.0,station
2025-11-14,10.4,9.2,10.5,10.3,10.2,10.4,10.4,10.7,10.3,9.5,10.12,0.53,-0.14,79,30,10.3,9.65,0.9,-0.7262,0.6875,10.1,10.0,10.0,station
2025-11-15,11.3,11.6,10.7,10.9,10.4,11.2,11.7,10.9,10.7,10.3,10.98,0.48,0.02,78,13,10.8,10.86,0.0,-0.7143,0.6998,11.3,12.0,12.0,station
2025-11-16,12.0,13.0,12.6,12.1,11.8,11.9,12.7,12.4,12.0,11.3,12.3,0.49,0.24,69,12,9.2,11.29,0.0,-0.7021,0.712,11.5,13.0,13.0,station
2025-11-17,14.0,14.7,15.2,14.3,15.3,14.4,14.7,15.0,13.6,14.6,14.7,0.56,0.24,64,3,7.1,11.21,0.0,-0.6898,0.724,14.0,16.0,16.0,station
2025-11-18,14.6,15.6,16.1,15.1,16.2,14.9,15.4,16.1,15.3,15.3,15.52,0.68,0.12,64,33,7.5,10.83,0.0,-0.6772,0.7358,14.8,17.0,17.0,station
2025-11-19,15.1,15.7,16.4,14.7,16.6,15.8,15.2,16.2,14.7,16.6,15.7,0.82,0.0,62,78,4.6,9.74,0.0,-0.6645,0.7473,16.4,15.0,15.0,station
2025-11-20,14.7,15.5,15.9,15.7,15.4,15.4,15.6,15.8,15.5,15.3,15.44,0.46,-0.08,62,80,6.4,9.73,0.0,-0.6515,0.7586,15.1,17.0,17.0,station
2025-11-21,16.7,16.2,16.9,16.2,17.0,16.6,16.2,16.5,16.5,16.5,16.6,0.38,0.14,63,96,5.6,10.38,0.0,-0.6384,0.7697,16.7,18.0,18.0,station
2025-11-22,19.4,17.9,20.0,19.6,19.9,19.1,18.1,19.8,19.7,19.2,19.36,0.85,0.18,63,69,11.1,10.3,0.0,-0.625,0.7806,19.5,18.0,18.0,station
2025-11-23,18.0,18.2,18.6,20.1,19.3,18.9,17.8,19.5,20.9,19.3,18.84,0.86,-0.44,58,95,9.9,9.31,0.0,-0.6115,0.7912,19.8,17.0,17.0,station
2025-11-24,12.4,12.5,14.8,11.7,11.7,12.5,12.8,13.5,12.5,12.2,12.62,1.28,-0.08,77,96,10.4,4.69,1.6,-0.5978,0.8016,12.6,12.0,12.0,station
2025-11-25,12.5,12.1,14.3,12.7,11.4,12.8,12.4,16.2,12.6,12.3,12.6,1.07,-0.66,86,51,10.2,8.59,0.6,-0.584,0.8118,13.6,14.0,14.0,station
2025-11-26,13.6,13.9,15.0,12.8,14.9,13.7,14.0,14.9,13.0,14.1,14.04,0.92,0.1,80,26,12.2,10.02,0.0,-0.5699,0.8217,14.6,15.0,15.0,station
2025-11-27,15.1,14.8,14.8,14.1,14.4,14.9,14.4,14.5,12.7,14.4,14.64,0.39,0.46,79,37,9.8,8.53,0.0,-0.5557,0.8314,15.5,15.0,15.0,station
2025-11-28,14.3,14.0,14.6,13.2,13.6,15.2,14.1,15.0,13.9,13.2,13.94,0.55,-0.34,78,28,6.1,9.09,0.0,-0.5413,0.8408,14.9,15.0,15.0,station
2025-11-29,13.6,12.2,14.0,13.4,13.3,14.1,12.8,13.3,13.7,11.9,13.3,0.67,0.14,72,70,15.1,8.95,0.3,-0.5268,0.85,14.0,14.0,14.0,station
2025-11-30,10.6,9.7,9.5,10.2,9.2,11.4,9.0,10.4,9.8,9.2,9.84,0.56,-0.12,81,92,13.9,7.71,5.8,-0.5121,0.859,11.2,11.0,11.0,station
2025-12-01,7.9,7.9,9.7,7.5,6.1,8.1,7.9,9.5,7.7,6.0,7.82,1.29,-0.02,89,75,14.7,5.98,0.1,-0.4972,0.8676,8.4,9.0,9.0,station
2025-12-02,8.7,8.3,9.4,7.7,7.6,9.0,8.3,9.3,7.6,7.6,8.34,0.74,-0.02,87,71,6.2,7.22,0.0,-0.4822,0.8761,8.3,8.0,8.0,station
2025-12-03,9.9,9.2,9.9,8.7,9.6,10.4,9.1,10.4,8.8,9.0,9.46,0.51,-0.08,81,46,7.7,9.06,0.0,-0.4671,0.8842,10.8,10.0,10.0,station
2025-12-04,10.5,8.8,11.1,9.1,10.1,10.3,8.0,11.0,8.4,9.9,9.92,0.96,0.4,81,41,6.5,9.23,0.0,-0.4518,0.8921,10.1,10.0,10.0,station
2025-12-05,9.8,9.3,12.3,11.6,11.2,11.4,9.6,12.3,11.7,11.2,10.84,1.25,-0.4,78,57,12.3,8.99,0.1,-0.4364,0.8998,11.8,11.0,11.0,station
2025-12-06,9.8,10.4,12.6,12.7,12.2,11.1,10.4,12.5,13.0,13.4,11.54,1.34,-0.54,85,92,13.6,6.75,4.0,-0.4208,0.9071,11.7,11.0,11.0,station
2025-12-07,10.5,8.7,9.9,10.6,10.0,9.1,9.0,9.4,9.8,8.7,9.94,0.76,0.74,86,88,15.4,6.67,9.2,-0.4052,0.9142,11.1,11.0,11.0,station
2025-12-08,9.5,9.0,10.0,8.5,9.1,9.5,8.8,9.4,9.2,8.7,9.22,0.56,0.1,89,82,10.7,4.77,1.1,-0.3894,0.9211,9.5,9.0,9.0,station
2025-12-09,9.8,8.5,8.1,8.7,9.0,9.5,8.7,7.8,9.6,8.6,8.82,0.64,-0.02,83,83,18.0,4.85,0.0,-0.3735,0.9276,10.1,9.0,9.0,station
2025-12-10,9.7,9.0,9.8,9.1,9.2,9.5,8.7,9.8,9.1,9.6,9.36,0.36,0.02,85,77,8.6,5.87,0.2,-0.3575,0.9339,10.0,10.0,10.0,station
2025-12-11,9.7,8.8,7.8,8.3,8.5,9.4,8.4,7.3,8.2,8.3,8.62,0.7,0.3,81,59,7.7,7.41,1.7,-0.3413,0.9399,9.1,9.0,9.0,station
2025-12-12,7.3,8.3,7.8,7.0,6.1,7.4,8.2,7.9,6.9,6.4,7.3,0.83,-0.06,87,30,5.6,8.4,0.0,-0.3251,0.9457,7.4,8.0,8.0,station
2025-12-13,8.3,8.0,7.9,7.5,7.9,8.1,8.4,8.0,7.8,6.9,7.92,0.29,0.08,89,77,7.4,4.25,0.1,-0.3088,0.9511,7.5,9.0,9.0,station
2025-12-14,7.2,6.5,7.4,6.5,7.1,6.9,6.7,7.4,6.6,6.3,6.94,0.42,0.16,78,43,7.4,6.8,0.0,-0.2924,0.9563,7.6,6.0,6.0,station
2025-12-15,7.1,6.1,6.5,6.7,6.0,7.1,6.2,6.5,6.9,4.5,6.48,0.45,0.24,78,74,13.5,5.22,0.2,-0.2759,0.9612,6.9,7.0,7.0,station
2025-12-16,5.9,5.4,5.9,5.3,6.7,5.7,5.8,5.4,4.4,6.4,5.84,0.55,0.3,80,82,12.7,2.97,0.0,-0.2593,0.9658,5.6,6.0,6.0,station
2025-12-17,6.6,6.8,6.1,5.7,6.5,5.9,6.6,5.9,5.7,6.1,6.34,0.44,0.3,75,5,8.5,9.17,0.0,-0.2427,0.9701,7.2,7.0,7.0,station
2025-12-18,7.2,7.3,8.1,5.7,7.7,7.0,7.4,8.3,5.5,6.6,7.2,0.91,0.24,75,35,4.8,8.89,0.0,-0.226,0.9741,7.0,9.0,9.0,station
2025-12-19,9.1,8.0,9.3,6.4,8.3,8.6,7.9,9.8,5.7,8.5,8.22,1.15,0.12,61,80,3.5,7.94,0.0,-0.2092,0.9779,8.2,9.0,9.0,station
2025-12-20,8.8,7.0,9.5,8.6,8.8,8.9,6.2,10.1,7.9,8.5,8.54,0.93,0.22,66,42,5.4,8.99,0.0,-0.1923,0.9813,9.6,9.0,9.0,station
2025-12-21,5.5,6.2,8.0,3.6,7.4,9.1,6.9,8.2,5.6,7.6,6.14,1.73,-1.34,74,96,5.6,5.83,0.0,-0.1754,0.9845,8.3,7.0,7.0,station
2025-12-22,6.2,6.2,6.8,7.2,8.7,6.0,5.1,7.3,5.9,7.1,7.02,1.03,0.74,86,86,13.0,5.3,1.9,-0.1585,0.9874,9.3,9.0,9.0,station
2025-12-23,4.2,5.0,5.6,4.9,5.7,3.8,4.5,5.7,5.0,5.2,5.08,0.61,0.24,96,98,6.9,1.55,6.5,-0.1414,0.9899,6.2,5.0,5.0,station
2025-12-24,7.8,7.3,8.7,7.5,6.5,7.6,7.3,8.6,7.4,7.8,7.56,0.8,-0.18,92,97,7.8,4.55,0.0,-0.1244,0.9922,7.8,8.0,8.0,station
2025-12-25,6.2,6.2,7.7,7.3,6.7,6.6,6.1,7.4,7.8,4.5,6.82,0.67,0.34,89,100,8.2,5.83,0.0,-0.1073,0.9942,8.2,6.0,6.0,station
2025-12-26,6.6,5.8,6.3,5.9,7.5,6.7,6.0,6.5,6.9,7.6,6.42,0.68,-0.32,83,92,11.8,6.32,0.2,-0.0902,0.9959,7.5,7.0,7.0,station
2025-12-27,2.3,1.8,2.9,2.5,2.2,2.7,1.7,2.8,2.1,2.2,2.34,0.4,0.04,71,50,17.0,8.92,1.8,-0.073,0.9973,2.1,3.0,3.0,station
2025-12-28,0.4,-0.3,0.8,0.2,0.4,0.5,-0.1,0.6,0.6,-0.1,0.3,0.4,0.0,81,92,24.1,5.01,1.7,-0.0559,0.9984,1.7,1.0,1.0,station
2025-12-29,-0.6,-1.4,-0.9,-0.2,-0.2,-1.5,-1.0,-1.2,-0.3,-0.5,-0.66,0.51,0.24,78,71,23.4,7.08,1.6,-0.0387,0.9993,0.1,0.0,0.0,station
2025-12-30,3.8,2.4,4.3,2.6,1.9,2.9,2.7,4.5,1.7,1.2,3.0,1.01,0.4,64,43,14.5,9.4,0.0,-0.0215,0.9998,4.2,5.0,5.0,station
2025-12-31,1.2,0.6,1.3,0.9,1.8,1.4,0.8,1.5,1.1,2.1,1.16,0.45,-0.22,77,99,15.5,5.6,2.4,-0.0043,1.0,2.8,,,
2026-01-01,-2.5,-3.8,-3.6,-3.3,-4.0,-2.3,-4.5,-2.9,-3.2,-3.9,-3.44,0.59,-0.08,70,61,20.2,8.56,1.3,0.0172,0.9999,-3.1,-3.0,-3.0,station
2026-01-02,-1.1,-3.0,-1.8,-3.0,-2.0,-1.5,-2.9,-2.0,-3.0,-2.5,-2.18,0.82,0.2,71,5,9.7,10.1,0.0,0.0344,0.9994,-1.9,-4.0,-4.0,station
2026-01-03,3.0,1.7,2.4,0.0,2.8,4.0,1.2,2.8,-0.2,1.9,1.98,1.21,0.04,68,45,10.7,8.04,0.4,0.0516,0.9987,3.0,-1.0,-1.0,station
2026-01-04,8.8,7.4,6.9,7.7,9.3,8.5,6.0,7.4,6.9,9.4,8.02,1.0,0.38,80,82,11.8,6.83,0.1,0.0688,0.9976,8.9,6.0,6.0,station
2026-01-05,8.9,7.9,7.2,7.8,9.7,9.1,7.7,7.7,7.7,9.0,8.3,0.99,0.06,83,69,6.2,8.26,0.0,0.0859,0.9963,10.2,7.0,7.0,station
2026-01-06,9.7,8.6,8.4,8.7,9.9,9.3,8.3,8.2,8.4,8.7,9.06,0.69,0.48,76,35,10.4,9.4,0.0,0.103,0.9947,9.8,10.0,10.0,station
2026-01-07,11.0,7.2,9.7,8.8,10.9,10.1,6.9,10.0,8.9,11.2,9.52,1.58,0.1,76,44,12.7,8.6,0.0,0.1201,0.9928,12.2,11.0,11.0,station
2026-01-08,10.5,9.9,12.1,8.9,12.5,9.9,8.7,11.0,11.3,12.7,10.78,1.51,0.06,78,97,29.3,2.75,13.5,0.1372,0.9905,11.4,12.0,12.0,station
2026-01-09,3.6,3.4,4.6,4.4,4.3,3.4,3.1,4.4,3.2,4.7,4.06,0.53,0.3,71,20,25.4,8.74,0.8,0.1542,0.988,4.0,4.0,4.0,station
2026-01-10,6.1,4.3,5.4,2.4,5.7,6.2,3.6,5.3,2.8,5.7,4.78,1.49,0.06,68,79,25.3,3.61,0.0,0.1712,0.9852,5.9,5.0,5.0,station
2026-01-11,6.0,6.7,6.8,6.3,5.6,6.1,5.5,7.9,6.0,5.6,6.28,0.5,0.06,88,96,29.7,1.48,8.7,0.1881,0.9821,8.0,9.0,9.0,station
2026-01-12,1.7,1.5,1.7,2.9,3.0,2.2,1.4,2.6,2.6,2.2,2.16,0.73,-0.04,87,96,13.9,3.01,0.7,0.205,0.9788,2.8,1.0,1.0,station
2026-01-13,-1.6,-1.0,-1.0,-0.6,-0.7,-1.5,-1.0,-1.4,-0.5,-1.1,-0.98,0.39,0.12,69,70,16.9,7.69,1.7,0.2218,0.9751,-0.0,0.0,0.0,station
2026-01-14,-2.3,-2.6,-0.2,-1.5,-2.5,-3.2,-2.2,-0.8,-1.7,-3.4,-1.82,1.0,0.44,76,100,10.7,4.99,0.0,0.2385,0.9711,-0.5,-2.0,-2.0,station
2026-01-15,2.7,1.0,2.7,1.9,1.8,1.9,1.0,2.2,2.1,0.3,2.02,0.71,0.52,84,100,17.7,3.33,0.0,0.2552,0.9669,3.8,2.0,2.0,station
2026-01-16,3.4,4.3,4.7,4.9,4.6,3.3,3.5,4.3,5.0,2.4,4.38,0.59,0.68,89,98,20.0,4.1,0.6,0.2718,0.9624,5.6,5.0,5.0,station
2026-01-17,0.7,0.9,2.2,1.8,1.7,-0.9,0.9,1.4,0.9,-0.5,1.46,0.63,1.1,68,86,18.4,7.24,0.1,0.2883,0.9575,1.2,1.0,1.0,station
2026-01-18,-1.0,-2.4,-1.6,-1.0,-2.0,-1.9,-1.5,-1.4,-2.0,-1.5,-1.6,0.62,0.06,66,49,14.6,10.04,1.0,0.3047,0.9524,-0.3,-1.0,-1.0,station
2026-01-19,-0.3,-1.0,-0.6,0.2,-0.3,0.0,-0.8,-0.6,0.3,-0.6,-0.4,0.44,-0.06,67,46,14.3,10.34,0.3,0.3211,0.9471,0.7,1.0,1.0,station
2026-01-20,2.0,1.3,0.3,1.3,1.8,1.8,1.5,0.1,1.0,1.8,1.34,0.66,0.1,65,45,12.0,10.46,0.0,0.3373,0.9414,3.2,3.0,3.0,station
2026-01-21,3.6,-0.2,1.4,1.6,1.6,3.7,-0.5,1.5,2.3,1.0,1.6,1.35,0.0,58,71,10.8,9.52,0.0,0.3534,0.9355,3.2,0.0,0.0,station
2026-01-22,4.7,0.9,2.0,1.5,2.1,5.6,1.4,2.4,-0.5,3.5,2.24,1.46,-0.24,65,99,13.1,6.11,4.0,0.3695,0.9292,6.2,-1.0,-1.0,station
2026-01-23,4.2,3.3,4.4,5.5,5.9,7.5,4.0,3.1,4.8,5.7,4.66,1.05,-0.36,89,98,13.0,6.42,3.3,0.3854,0.9227,8.0,5.0,5.0,station
2026-01-24,7.1,6.4,4.0,7.2,7.1,5.9,5.5,3.1,6.4,5.8,6.36,1.36,1.02,86,85,13.1,7.68,1.3,0.4012,0.916,9.2,7.0,7.0,station
2026-01-25,9.3,8.0,8.6,9.4,8.8,9.5,7.7,8.1,9.4,8.5,8.82,0.57,0.18,86,66,15.0,9.24,1.8,0.4169,0.9089,10.4,11.0,11.0,station
2026-01-26,9.8,7.4,7.9,9.6,8.5,9.3,6.4,8.0,9.7,8.9,8.64,1.05,0.18,77,92,16.9,9.22,0.0,0.4325,0.9016,11.1,11.0,11.0,station
2026-01-27,11.4,9.7,9.9,10.5,11.1,10.7,9.0,9.7,10.8,10.6,10.52,0.74,0.36,69,84,23.9,9.62,0.2,0.4479,0.8941,11.8,11.0,11.0,station
2026-01-28,6.1,6.5,6.0,7.0,6.8,7.3,8.6,7.7,8.6,8.0,6.48,0.43,-1.56,87,75,17.0,5.16,0.3,0.4633,0.8862,7.6,7.0,7.0,station
2026-01-29,9.3,7.9,9.3,8.6,9.8,10.1,8.5,9.0,9.5,10.8,8.98,0.74,-0.6,82,86,22.2,7.04,1.9,0.4784,0.8781,10.2,8.0,8.0,station
2026-01-30,10.2,8.3,8.7,10.0,9.8,9.7,9.2,7.8,10.2,10.0,9.4,0.85,0.02,84,76,28.0,6.71,12.6,0.4935,0.8698,10.9,10.0,10.0,station
2026-01-31,6.0,6.4,8.7,7.4,6.9,8.8,5.8,9.9,9.3,9.3,7.08,1.05,-1.54,87,74,19.7,6.16,5.6,0.5084,0.8611,9.4,8.0,8.0,station
2026-02-01,10.8,9.0,11.6,11.8,11.1,7.6,9.8,11.4,11.2,11.0,10.86,1.11,0.66,82,64,19.7,9.4,0.1,0.5231,0.8523,11.1,12.0,12.0,station
2026-02-02,13.1,9.7,10.2,11.3,10.7,12.6,9.6,11.4,11.6,10.9,11.0,1.32,-0.22,83,97,25.8,8.9,17.8,0.5377,0.8432,11.5,11.0,11.0,station
2026-02-03,5.4,5.0,6.6,6.2,5.6,5.1,5.1,6.0,6.0,5.3,5.76,0.64,0.26,73,76,15.3,9.27,1.5,0.5521,0.8338,5.9,6.0,6.0,station
2026-02-04,7.0,6.9,6.7,6.2,6.7,7.0,6.6,6.5,6.4,6.0,6.7,0.31,0.2,75,50,7.5,12.46,0.0,0.5664,0.8242,7.7,7.0,7.0,station
2026-02-05,11.8,8.3,9.1,9.7,11.3,12.0,7.3,9.3,9.1,10.6,10.04,1.48,0.38,71,93,11.9,10.58,0.2,0.5805,0.8143,11.1,8.0,8.0,station
2026-02-06,6.3,6.4,7.9,6.6,7.7,6.0,6.1,7.9,6.3,5.7,6.98,0.76,0.58,84,99,22.4,3.49,9.1,0.5944,0.8042,7.8,8.0,8.0,station
2026-02-07,10.6,9.1,10.8,9.7,9.7,10.8,9.1,10.7,10.1,8.5,9.98,0.7,0.14,86,84,23.4,7.81,9.1,0.6081,0.7938,11.0,10.0,10.0,station
2026-02-08,10.3,8.2,10.8,9.2,8.2,9.5,7.9,9.0,9.3,8.0,9.34,1.19,0.6,87,88,19.4,8.0,5.3,0.6217,0.7833,11.1,10.0,10.0,station
2026-02-09,8.8,7.7,8.1,8.4,8.0,9.3,7.9,8.4,8.6,7.7,8.2,0.42,-0.18,83,95,11.1,9.19,0.5,0.6351,0.7725,9.1,9.0,9.0,station
2026-02-10,5.5,5.0,5.1,5.5,4.0,3.6,4.5,5.8,5.8,4.1,5.02,0.61,0.26,89,100,15.2,5.47,2.0,0.6483,0.7614,6.2,5.0,5.0,station
2026-02-11,7.2,6.8,7.0,7.4,7.2,7.2,6.1,8.7,7.6,5.9,7.12,0.23,0.02,87,70,16.0,8.4,0.8,0.6613,0.7502,7.9,7.0,7.0,station
2026-02-12,8.0,7.1,9.2,7.5,8.0,6.7,7.1,9.3,8.8,7.4,7.96,0.79,0.1,83,67,26.7,7.3,2.3,0.6741,0.7387,8.7,10.0,10.0,station
2026-02-13,8.4,9.0,10.5,10.3,10.6,8.3,9.2,11.8,10.1,11.9,9.76,1.0,-0.5,85,97,28.6,2.64,14.0,0.6867,0.727,10.3,10.0,10.0,station
2026-02-14,9.5,10.1,8.7,9.5,8.7,10.4,10.1,7.7,10.5,8.7,9.3,0.6,-0.18,82,53,23.1,9.41,1.9,0.6991,0.715,10.6,11.0,11.0,station
2026-02-15,16.2,14.2,13.6,14.4,13.3,16.6,13.9,14.2,15.3,13.6,14.34,1.13,-0.38,68,64,19.1,13.72,0.0,0.7113,0.7029,14.9,14.0,14.0,station
2026-02-16,16.7,15.0,16.0,15.5,15.2,16.2,15.7,16.3,15.3,12.3,15.68,0.68,0.52,50,92,23.8,11.42,0.1,0.7233,0.6906,16.2,15.0,15.0,station
2026-02-17,13.3,12.0,12.9,12.6,13.1,13.4,11.8,13.5,13.0,12.6,12.78,0.51,-0.08,68,79,21.5,12.74,7.8,0.735,0.678,13.4,13.0,13.0,station
2026-02-18,8.6,8.9,8.6,8.4,8.2,9.2,8.6,8.5,8.1,9.1,8.54,0.26,-0.16,80,93,28.8,7.51,11.8,0.7466,0.6653,9.0,9.0,9.0,station
2026-02-19,5.1,4.0,4.2,4.3,3.3,3.7,4.4,4.3,4.9,3.2,4.18,0.65,0.08,69,60,21.3,11.07,0.2,0.7579,0.6523,5.4,5.0,5.0,station
2026-02-20,11.6,8.9,10.2,10.1,10.8,11.5,8.3,10.0,10.0,10.3,10.32,0.99,0.3,65,28,10.9,15.33,0.0,0.769,0.6392,11.0,11.0,11.0,station
2026-02-21,13.0,10.6,11.7,12.3,12.2,13.0,9.9,11.7,11.5,12.1,11.96,0.89,0.32,67,41,12.4,15.36,0.0,0.7799,0.6259,12.1,13.0,13.0,station
2026-02-22,4.1,6.1,9.8,6.1,6.3,4.6,5.3,8.3,6.7,4.9,6.48,2.06,0.52,85,86,10.4,4.75,3.7,0.7906,0.6124,7.6,7.0,7.0,station
2026-02-23,7.9,6.7,6.5,7.1,7.1,6.3,6.0,7.2,7.3,7.6,7.06,0.54,0.18,80,58,9.3,12.05,0.0,0.801,0.5987,7.3,7.0,7.0,station
2026-02-24,8.9,6.1,8.2,6.9,7.5,8.3,6.3,7.6,7.3,7.6,7.52,1.09,0.1,81,74,18.2,10.01,0.0,0.8112,0.5848,7.3,7.0,7.0,station
2026-02-25,6.2,5.3,7.3,6.3,6.2,6.3,5.3,7.2,5.5,6.0,6.26,0.71,0.2,81,79,16.6,8.47,6.5,0.8211,0.5708,5.8,6.0,6.0,station
2026-02-26,3.0,2.0,4.1,4.2,4.0,3.7,2.7,3.8,4.3,4.0,3.46,0.95,-0.24,67,34,22.6,15.91,0.3,0.8308,0.5566,4.4,5.0,5.0,station
2026-02-27,3.1,2.4,4.1,3.8,3.1,2.5,2.0,4.0,4.1,3.3,3.3,0.67,0.12,63,98,21.5,7.16,0.2,0.8402,0.5422,4.3,5.0,5.0,station
2026-02-28,6.7,4.6,6.0,5.7,6.6,4.5,3.3,5.6,6.3,6.9,5.92,0.85,0.6,69,79,12.8,11.78,0.1,0.8495,0.5277,7.2,7.0,7.0,station
2026-03-01,8.5,7.5,7.3,7.8,8.5,8.7,7.1,6.9,7.8,8.3,7.92,0.56,0.16,72,33,12.6,12.39,0.0,0.8584,0.513,7.8,9.0,9.0,station
2026-03-02,11.6,10.8,10.3,10.4,11.0,11.7,10.4,10.7,10.6,11.2,10.82,0.52,-0.1,65,1,9.6,17.13,0.0,0.8671,0.4981,11.2,12.0,12.0,station
2026-03-03,10.6,11.1,10.1,10.9,11.2,11.8,11.1,10.9,10.0,11.4,10.78,0.44,-0.26,64,79,13.6,14.06,0.0,0.8755,0.4831,10.1,12.0,12.0,station
2026-03-04,8.0,7.4,7.6,7.7,8.7,8.0,7.4,7.7,7.5,8.6,7.88,0.51,0.04,63,17,16.2,16.8,0.0,0.8837,0.468,8.9,10.0,10.0,station
2026-03-05,10.1,10.7,9.8,10.6,12.0,9.6,10.5,9.4,10.1,11.1,10.64,0.84,0.5,51,54,10.0,17.43,0.0,0.8916,0.4527,9.7,11.0,11.0,station
2026-03-06,8.9,8.4,9.1,9.4,10.3,9.5,8.3,10.2,9.2,9.8,9.22,0.7,-0.18,62,74,21.9,14.16,0.6,0.8993,0.4373,9.8,9.0,9.0,station
2026-03-07,6.8,6.4,5.9,6.3,7.1,6.7,6.8,5.7,6.1,7.0,6.5,0.46,0.04,60,36,13.4,16.8,0.0,0.9067,0.4218,6.4,7.0,7.0,station
2026-03-08,5.8,7.5,6.5,7.3,7.9,6.3,7.2,6.5,7.1,7.4,7.0,0.84,0.1,65,10,9.4,18.69,0.0,0.9138,0.4061,6.9,8.0,8.0,station
2026-03-09,7.0,8.4,7.7,8.6,7.8,7.0,8.7,7.7,9.0,7.2,7.9,0.63,-0.02,58,0,19.8,18.97,0.0,0.9207,0.3904,7.3,8.0,8.0,station
2026-03-10,8.8,11.1,8.7,10.2,10.2,9.4,10.8,8.3,10.2,10.0,9.8,1.03,0.06,47,0,18.0,19.42,0.0,0.9272,0.3745,9.8,10.0,10.0,station
2026-03-11,12.8,13.7,11.7,13.7,15.1,12.4,13.3,11.9,13.8,14.4,13.4,1.26,0.24,52,0,7.4,19.59,0.0,0.9335,0.3585,14.1,15.0,15.0,station
2026-03-12,12.0,12.9,11.5,13.4,14.6,12.4,13.1,11.4,13.3,14.3,12.88,1.22,-0.02,56,0,5.6,19.34,0.0,0.9396,0.3424,12.0,14.0,14.0,station
2026-03-13,11.4,12.9,11.9,13.4,14.1,11.3,12.8,11.6,13.7,14.4,12.74,1.1,-0.02,47,5,9.9,19.73,0.0,0.9453,0.3261,12.5,14.0,14.0,station
2026-03-14,11.7,11.3,12.2,13.8,14.5,11.8,11.2,12.2,13.8,14.7,12.7,1.38,-0.04,52,54,11.1,19.27,0.0,0.9508,0.3098,12.5,13.0,13.0,station
2026-03-15,12.9,13.5,11.3,14.0,15.2,13.4,12.4,12.2,13.7,14.3,13.38,1.44,0.18,63,69,15.9,15.55,0.6,0.956,0.2934,13.7,14.0,14.0,station
2026-03-16,12.2,12.8,12.2,13.6,13.9,11.9,12.6,12.4,14.2,14.0,12.94,0.79,-0.08,71,35,9.7,20.05,0.7,0.9609,0.2769,12.6,13.0,13.0,station
2026-03-17,13.4,14.4,13.1,14.5,15.4,13.5,14.0,12.1,14.1,14.9,14.16,0.92,0.44,65,12,9.7,20.3,0.0,0.9655,0.2604,14.0,15.0,15.0,station
2026-03-18,14.9,15.3,14.2,15.3,16.5,15.1,15.0,15.2,16.6,16.1,15.24,0.84,-0.36,65,89,10.8,15.7,0.0,0.9698,0.2437,15.6,15.0,15.0,station
2026-03-19,9.3,9.2,10.1,11.0,9.1,8.8,9.5,10.8,12.7,9.3,9.74,0.81,-0.48,80,100,21.5,5.39,7.0,0.9739,0.227,10.3,11.0,11.0,station
2026-03-20,7.4,6.4,7.2,7.4,8.5,7.9,6.7,7.8,8.0,7.7,7.38,0.75,-0.24,88,96,18.0,5.1,10.6,0.9777,0.2102,8.1,7.0,7.0,station
2026-03-21,11.4,9.2,8.8,11.5,9.7,10.1,8.7,6.3,10.0,9.6,10.12,1.26,1.18,81,96,21.8,11.8,1.5,0.9811,0.1934,11.3,11.0,11.0,station
2026-03-22,10.8,10.7,9.7,10.1,10.4,11.0,10.4,10.4,10.9,12.1,10.34,0.45,-0.62,86,89,11.5,10.33,3.2,0.9843,0.1765,11.1,13.0,13.0,station
2026-03-23,11.5,10.0,11.2,10.3,10.4,9.7,9.9,11.7,10.3,11.2,10.68,0.64,0.12,84,84,8.0,12.72,1.2,0.9872,0.1595,11.2,13.0,13.0,station
2026-03-24,9.9,9.4,11.1,10.4,9.8,10.2,9.5,11.8,10.2,10.3,10.12,0.65,-0.28,85,94,15.7,10.9,3.0,0.9898,0.1425,10.7,11.0,11.0,station
2026-03-25,10.8,10.7,10.4,11.2,10.6,11.0,10.4,10.6,12.1,10.3,10.74,0.3,-0.14,78,84,18.3,15.24,0.3,0.9921,0.1255,11.2,11.0,11.0,station
2026-03-26,12.4,11.7,12.5,11.6,12.7,12.2,12.1,13.2,12.5,12.2,12.18,0.5,-0.26,73,82,12.1,13.5,0.0,0.9941,0.1084,11.3,10.0,10.0,station
2026-03-27,14.7,15.0,14.8,14.2,15.2,15.3,15.7,15.2,14.5,15.5,14.78,0.38,-0.46,69,14,7.6,22.01,0.0,0.9958,0.0913,14.4,15.0,15.0,station
2026-03-28,16.2,16.1,15.7,15.5,16.4,15.6,15.5,15.1,15.0,16.4,15.98,0.37,0.46,68,57,22.7,16.81,2.7,0.9972,0.0741,15.8,16.0,16.0,station
2026-03-29,8.9,9.9,10.8,10.2,9.5,8.4,9.8,10.2,9.5,10.0,9.86,0.72,0.28,81,77,23.9,10.38,11.3,0.9984,0.057,10.3,10.0,10.0,station
2026-03-30,7.3,7.5,4.8,7.2,7.3,5.6,6.3,7.7,9.1,8.6,6.82,1.13,-0.64,85,97,21.3,9.48,1.1,0.9992,0.0398,7.5,7.0,7.0,station
2026-03-31,12.4,11.6,10.5,10.6,12.4,12.3,11.4,10.3,10.7,12.5,11.5,0.93,0.06,81,91,16.8,14.15,0.7,0.9997,0.0226,11.7,12.0,12.0,station
2026-04-01,15.3,15.2,16.1,14.9,17.0,17.3,15.6,16.0,13.6,16.1,15.7,0.85,-0.02,68,64,12.3,16.08,0.1,1.0,0.0054,15.4,17.0,17.0,station
2026-04-02,14.7,14.6,17.4,17.1,15.3,16.3,11.8,13.8,17.1,12.6,15.82,1.34,1.5,77,64,19.2,12.02,13.6,0.9999,-0.0118,16.3,18.0,18.0,station
2026-04-03,12.1,10.6,9.9,11.4,11.0,11.9,11.0,10.4,12.6,11.4,11.0,0.83,-0.46,76,64,23.0,18.71,18.7,0.9996,-0.029,12.1,12.0,12.0,station
2026-04-04,14.0,13.3,13.6,12.6,14.1,14.4,12.8,13.9,11.4,13.9,13.52,0.61,0.24,77,54,13.3,21.11,0.1,0.9989,-0.0462,14.1,15.0,15.0,station
2026-04-05,13.8,13.4,14.0,14.9,15.1,14.1,13.0,14.1,15.0,15.4,14.24,0.73,-0.08,72,44,16.3,19.67,0.4,0.998,-0.0634,14.0,16.0,16.0,station
2026-04-06,14.2,15.6,14.5,14.6,15.9,14.2,14.6,14.6,15.1,15.9,14.96,0.74,0.08,66,25,7.3,23.15,0.0,0.9968,-0.0805,14.8,16.0,16.0,station
2026-04-07,15.5,15.4,15.4,15.8,17.2,15.8,15.5,16.1,15.8,17.6,15.86,0.77,-0.3,64,32,21.8,22.54,0.0,0.9952,-0.0977,15.4,17.0,17.0,station
2026-04-08,7.9,8.3,8.5,9.2,8.2,8.5,11.1,9.6,8.7,11.0,8.42,0.49,-1.36,78,84,23.2,5.43,5.9,0.9934,-0.1148,8.6,9.0,9.0,station
2026-04-09,9.3,7.5,7.8,8.4,7.7,9.1,8.6,8.7,8.9,8.3,8.14,0.73,-0.58,65,48,13.4,21.51,0.2,0.9913,-0.1319,8.3,8.0,8.0,station
2026-04-10,7.2,5.5,8.1,6.7,7.9,8.0,6.6,7.6,6.9,8.3,7.08,1.04,-0.4,74,76,15.3,17.4,2.5,0.9889,-0.1489,7.1,7.0,7.0,station
2026-04-11,7.7,6.9,8.7,7.8,6.9,7.2,9.2,6.9,7.4,7.4,7.6,0.75,-0.02,71,52,7.0,23.39,2.3,0.9861,-0.1659,7.8,8.0,8.0,station
2026-04-12,9.2,8.3,10.2,8.3,8.7,8.7,12.7,10.7,8.9,9.2,8.94,0.8,-1.1,78,46,10.4,18.8,0.8,0.9831,-0.1828,8.4,8.0,8.0,station
2026-04-13,12.1,11.3,11.3,10.3,10.7,11.4,11.5,11.7,10.6,12.1,11.14,0.68,-0.32,62,26,11.4,24.46,0.0,0.9799,-0.1997,11.2,12.0,12.0,station
2026-04-14,15.8,16.1,15.4,15.1,16.8,15.8,16.4,16.2,14.9,17.7,15.84,0.66,-0.36,60,34,11.2,24.52,0.0,0.9763,-0.2165,15.3,17.0,17.0,station
2026-04-15,18.5,18.6,18.7,18.7,19.9,18.6,18.5,18.9,17.9,20.6,18.88,0.58,-0.02,63,55,10.4,24.36,0.0,0.9724,-0.2333,18.7,20.0,20.0,station
2026-04-16,19.3,20.0,20.5,20.0,22.4,19.3,19.1,19.4,20.0,22.2,20.44,1.18,0.44,68,40,11.0,23.14,0.2,0.9683,-0.25,20.2,21.0,21.0,station
2026-04-17,19.2,19.8,19.9,21.3,20.8,19.2,19.9,19.8,21.0,22.2,20.2,0.84,-0.22,62,75,15.0,23.45,0.0,0.9638,-0.2666,19.9,20.0,20.0,station
2026-04-18,12.5,13.1,15.9,14.6,14.0,14.0,13.0,17.2,13.5,14.1,14.02,1.33,-0.34,80,94,18.6,9.28,11.2,0.9591,-0.2831,14.2,14.0,14.0,station
2026-04-19,12.0,10.4,12.0,12.0,10.5,12.8,10.7,11.2,12.4,10.8,11.38,0.85,-0.2,69,94,12.5,12.09,1.7,0.9541,-0.2996,11.2,10.0,10.0,station
2026-04-20,12.6,13.5,13.1,12.8,13.4,12.6,13.6,13.3,12.9,13.6,13.08,0.38,-0.12,65,9,6.6,25.62,0.0,0.9488,-0.316,13.0,14.0,14.0,station
2026-04-21,15.4,15.8,15.9,15.8,18.1,15.6,16.1,16.4,15.9,17.3,16.2,1.08,-0.06,60,38,18.0,23.93,0.0,0.9432,-0.3322,15.2,17.0,17.0,station
2026-04-22,12.9,14.6,16.2,16.2,18.1,13.6,13.1,16.0,14.8,15.4,15.6,1.95,1.02,80,75,24.5,15.6,3.6,0.9373,-0.3484,15.8,16.0,16.0,station
2026-04-23,6.9,7.0,8.2,7.3,7.5,9.0,8.1,9.7,8.7,6.2,7.38,0.52,-0.96,88,95,12.8,7.38,13.2,0.9312,-0.3645,8.3,8.0,8.0,station
2026-04-24,12.8,12.6,12.6,13.3,12.0,12.9,12.8,11.8,13.3,12.0,12.66,0.47,0.1,74,36,12.3,25.05,0.0,0.9248,-0.3804,12.4,14.0,14.0,station
2026-04-25,16.4,16.8,16.4,16.8,17.7,16.0,16.4,16.1,16.3,17.2,16.82,0.53,0.42,62,7,7.2,26.65,0.0,0.9181,-0.3963,16.9,18.0,18.0,station
2026-04-26,18.8,20.5,19.3,20.1,21.9,18.8,20.4,19.6,18.6,21.5,20.12,1.2,0.34,58,9,11.6,24.84,0.0,0.9112,-0.412,18.9,21.0,21.0,station
2026-04-27,17.9,18.8,18.9,19.3,20.0,17.7,18.7,18.5,18.0,20.3,18.98,0.77,0.34,64,13,18.0,23.7,0.1,0.9039,-0.4276,17.5,20.0,20.0,station
2026-04-28,17.6,19.3,18.8,19.4,20.2,17.7,18.7,18.5,19.1,21.1,19.06,0.96,0.04,71,8,13.0,25.37,0.0,0.8965,-0.4431,18.3,20.0,20.0,station
2026-04-29,18.1,19.6,18.9,19.5,20.8,17.7,19.3,19.0,19.4,20.6,19.38,0.99,0.18,66,22,10.3,26.78,0.0,0.8887,-0.4585,18.3,20.0,20.0,station
2026-04-30,18.6,20.1,19.5,20.1,20.8,19.3,20.6,19.7,20.3,21.3,19.82,0.82,-0.42,60,15,11.7,27.44,0.0,0.8807,-0.4737,19.2,21.0,21.0,station
2026-05-01,14.2,12.5,17.4,16.0,17.5,13.8,12.4,17.2,17.4,18.4,15.52,2.15,-0.32,69,80,18.0,14.46,2.7,0.8724,-0.4888,15.4,15.0,15.0,station
2026-05-02,7.5,7.0,6.6,7.5,5.6,7.7,6.6,8.2,8.8,9.2,6.84,0.79,-1.26,81,97,20.9,8.63,4.8,0.8639,-0.5037,7.6,8.0,8.0,station
2026-05-03,9.6,8.1,5.7,7.4,7.2,10.1,7.7,8.9,7.5,8.3,7.6,1.42,-0.9,84,100,24.2,12.97,14.7,0.8551,-0.5185,9.3,9.0,9.0,station
2026-05-04,8.8,6.3,5.6,8.9,5.4,8.2,7.3,5.0,9.7,7.7,7.0,1.72,-0.58,87,88,17.1,9.94,11.1,0.846,-0.5331,8.7,8.0,8.0,station
2026-05-05,12.0,11.3,10.9,11.8,11.6,11.7,11.0,9.1,12.2,11.8,11.52,0.43,0.36,82,90,16.3,17.95,0.8,0.8367,-0.5476,12.1,13.0,13.0,station
2026-05-06,13.0,13.3,13.8,12.7,15.3,13.7,14.4,12.9,14.9,15.0,13.62,1.02,-0.56,76,56,8.6,20.53,0.9,0.8272,-0.5619,13.6,14.0,14.0,station
2026-05-07,16.9,18.0,17.5,17.2,18.6,16.8,18.1,17.7,17.5,19.0,17.64,0.67,-0.18,64,19,11.7,24.87,0.0,0.8174,-0.5761,16.8,18.0,18.0,station
2026-05-08,19.3,21.0,20.4,20.6,22.0,19.0,20.9,20.3,20.2,22.3,20.66,0.98,0.12,62,38,9.1,25.78,0.1,0.8074,-0.59,19.6,22.0,22.0,station
2026-05-09,19.5,19.0,19.2,19.4,20.2,19.6,17.8,19.9,18.0,21.0,19.46,0.46,0.2,67,88,14.3,19.47,1.7,0.7971,-0.6038,20.1,20.0,20.0,station
2026-05-10,19.8,20.4,21.8,21.8,21.9,20.2,19.7,21.3,21.2,22.0,21.14,0.97,0.26,76,21,17.7,24.83,0.4,0.7866,-0.6175,20.2,23.0,23.0,station
2026-05-11,20.3,18.8,22.0,21.7,21.9,21.0,18.8,22.4,22.0,23.3,20.94,1.38,-0.56,78,78,20.2,18.17,4.8,0.7759,-0.6309,19.7,22.0,22.0,station
2026-05-12,20.6,20.4,23.0,21.4,22.6,20.8,20.6,23.4,21.0,24.0,21.6,1.17,-0.36,79,43,17.8,21.65,6.9,0.7649,-0.6442,20.3,23.0,23.0,station
2026-05-13,19.8,19.2,21.5,21.1,20.8,19.8,18.0,19.9,21.5,21.0,20.48,0.95,0.44,71,22,22.5,26.69,0.8,0.7537,-0.6572,20.3,22.0,22.0,station
2026-05-14,17.5,18.9,22.1,21.8,22.8,19.7,16.4,21.4,22.3,22.3,20.62,2.29,0.2,75,68,21.3,22.56,5.5,0.7423,-0.6701,21.3,22.0,22.0,station
2026-05-15,16.7,15.3,15.5,18.0,18.0,16.0,14.7,16.4,17.8,18.0,16.7,1.3,0.12,76,66,11.5,22.84,5.7,0.7306,-0.6828,15.2,17.0,17.0,station
2026-05-16,18.3,19.0,18.7,20.0,18.6,18.7,19.1,18.9,21.3,20.4,18.92,0.65,-0.76,62,21,9.5,30.33,0.0,0.7188,-0.6952,18.7,20.0,20.0,station
2026-05-17,18.4,16.4,19.6,18.1,19.6,19.0,18.2,18.8,19.9,19.0,18.42,1.32,-0.56,75,59,18.6,21.05,5.5,0.7067,-0.7075,17.7,18.0,18.0,station
2026-05-18,15.2,15.0,14.6,16.0,16.3,16.5,15.2,14.5,15.7,16.3,15.42,0.71,-0.22,70,23,19.5,22.57,1.1,0.6945,-0.7195,15.9,15.0,15.0,station
2026-05-19,17.9,18.6,18.1,19.5,19.3,18.8,18.4,17.1,19.2,19.3,18.68,0.71,0.12,76,51,7.4,22.98,1.1,0.682,-0.7314,17.9,18.0,18.0,station
2026-05-20,16.0,14.7,18.1,17.4,14.6,17.2,14.8,19.2,17.8,13.7,16.16,1.57,-0.38,82,98,17.8,17.29,6.9,0.6693,-0.743,16.0,18.0,18.0,station
2026-05-21,17.8,17.1,18.3,18.3,15.5,18.9,17.2,18.3,19.3,16.8,17.4,1.17,-0.7,84,50,11.7,22.94,9.9,0.6564,-0.7544,17.6,18.0,18.0,station
2026-05-22,19.7,19.3,18.6,18.2,19.2,19.0,19.2,20.0,18.1,19.1,19.0,0.6,-0.08,82,45,10.8,20.85,4.9,0.6433,-0.7656,18.6,20.0,20.0,station
2026-05-23,17.2,16.3,16.4,17.3,17.2,17.5,16.6,18.7,17.4,16.7,16.88,0.49,-0.5,85,70,8.2,16.41,10.4,0.6301,-0.7765,17.1,19.0,19.0,station
2026-05-24,17.2,16.8,18.3,17.5,17.3,16.5,16.9,18.1,16.8,16.0,17.42,0.55,0.56,85,63,11.3,19.9,8.5,0.6166,-0.7873,17.3,17.0,17.0,station
2026-05-25,19.2,18.5,19.1,18.4,17.1,19.8,17.9,19.4,18.0,17.0,18.46,0.84,0.04,78,41,15.4,26.56,1.8,0.603,-0.7978,19.7,21.0,21.0,station
2026-05-26,19.4,21.4,21.4,21.8,20.6,19.5,21.6,20.7,21.4,19.9,20.92,0.95,0.3,72,19,11.1,28.39,0.0,0.5892,-0.808,20.7,22.0,22.0,station
2026-05-27,22.3,23.7,23.5,24.0,24.0,22.1,23.7,23.5,23.9,24.0,23.5,0.7,0.06,68,19,7.0,27.2,0.1,0.5752,-0.818,22.8,24.0,24.0,station
2026-05-28,22.0,20.6,23.9,23.5,23.0,22.0,21.5,24.1,24.4,23.0,22.6,1.32,-0.4,68,46,20.9,23.25,0.6,0.561,-0.8278,22.4,23.0,23.0,station
2026-05-29,15.4,14.8,14.7,17.7,19.5,17.9,16.5,17.9,19.3,20.0,16.42,2.11,-1.9,74,48,18.1,18.17,2.5,0.5467,-0.8373,16.7,17.0,17.0,station
2026-05-30,16.2,16.6,16.8,16.9,19.6,16.4,16.4,16.5,17.6,18.1,17.22,1.36,0.22,63,13,15.4,28.29,0.0,0.5322,-0.8466,16.6,18.0,18.0,station
2026-05-31,19.3,20.3,19.9,20.0,23.5,18.8,19.8,20.2,19.9,20.8,20.6,1.66,0.7,59,19,14.4,29.83,0.0,0.5176,-0.8556,19.8,21.0,21.0,station
2026-06-01,19.9,21.4,22.6,22.9,25.5,20.0,21.2,22.6,22.6,23.1,22.46,2.07,0.56,65,26,18.6,27.35,1.5,0.5028,-0.8644,21.3,23.0,23.0,station
2026-06-02,22.9,23.8,24.4,24.6,26.4,22.8,23.2,24.5,24.4,25.4,24.42,1.29,0.36,64,8,7.6,29.15,0.0,0.4878,-0.8729,23.5,25.0,25.0,station
2026-06-03,23.5,22.9,25.3,24.0,21.0,21.7,22.1,25.6,24.0,25.5,23.34,1.58,-0.44,61,19,13.1,28.57,0.0,0.4728,-0.8812,24.1,26.0,26.0,station
2026-06-04,24.0,25.3,25.7,27.0,21.5,23.9,24.9,25.9,26.0,26.4,24.7,2.08,-0.72,65,13,11.8,28.48,0.2,0.4575,-0.8892,25.3,27.0,27.0,station
2026-06-05,25.4,23.9,26.4,26.7,,25.2,23.8,26.2,27.4,26.7,25.6,1.26,-0.26,70,59,13.8,25.38,1.7,0.4422,-0.8969,24.3,26.0,26.0,station
2026-06-06,24.5,24.0,26.1,26.5,,24.8,23.8,26.4,27.0,26.1,25.27,1.21,-0.34,65,31,16.5,28.12,0.1,0.4267,-0.9044,25.1,27.0,27.0,station
2026-06-07,24.5,25.8,26.5,26.8,,24.6,26.0,26.4,27.4,26.7,25.9,1.02,-0.32,56,11,17.8,29.06,0.0,0.4111,-0.9116,25.8,28.0,28.0,station
2026-06-08,24.8,25.5,25.3,26.8,,24.7,25.3,26.0,27.1,26.2,25.6,0.85,-0.26,57,11,15.1,28.78,1.3,0.3953,-0.9185,25.0,27.0,27.0,station
2026-06-09,23.6,25.0,25.5,25.8,,23.9,24.6,25.5,26.0,27.0,24.98,0.97,-0.42,58,60,9.8,26.56,0.2,0.3795,-0.9252,25.7,27.0,27.0,station
2026-06-10,22.7,21.0,23.2,23.9,23.6,21.5,21.0,22.7,24.0,23.4,22.88,1.14,0.36,74,59,11.5,24.13,5.1,0.3635,-0.9316,22.6,21.0,21.0,station
2026-06-11,24.5,25.4,25.4,26.2,26.3,24.4,25.1,26.0,26.4,27.2,25.56,0.73,-0.26,61,7,9.8,29.31,0.1,0.3474,-0.9377,25.3,27.0,27.0,station
2026-06-12,26.4,27.4,26.6,28.0,28.0,26.1,27.3,26.8,27.9,27.8,27.28,0.76,0.1,52,9,12.4,30.3,0.0,0.3312,-0.9436,27.3,29.0,29.0,station
2026-06-13,19.9,19.3,22.0,22.1,21.0,20.7,19.3,23.9,23.1,22.7,20.86,1.25,-1.08,79,71,11.1,21.01,11.4,0.3149,-0.9491,20.7,22.0,22.0,station
2026-06-14,20.0,20.3,19.9,21.5,19.7,20.0,20.0,20.5,21.0,20.2,20.28,0.72,-0.06,81,64,11.8,20.48,8.7,0.2986,-0.9544,20.8,21.0,21.0,station
2026-06-15,22.8,24.2,23.5,24.3,23.8,22.9,24.7,24.0,25.3,24.2,23.72,0.61,-0.5,61,3,9.1,31.11,0.0,0.2821,-0.9594,24.4,26.0,26.0,station
2026-06-16,26.2,27.4,26.2,27.7,28.5,26.2,27.2,26.7,27.9,27.4,27.2,1.0,0.12,45,6,14.4,31.16,0.0,0.2656,-0.9641,27.1,29.0,29.0,station
2026-06-17,26.2,28.0,28.0,29.1,30.1,26.8,28.0,27.4,29.3,30.3,28.28,1.45,-0.08,45,13,12.7,28.35,0.1,0.2489,-0.9685,28.1,30.0,30.0,station
2026-06-18,26.1,23.9,28.4,27.9,29.2,25.9,23.4,28.7,27.3,29.0,27.1,2.12,0.24,55,58,19.4,24.45,2.5,0.2322,-0.9727,28.4,30.0,30.0,station
2026-06-19,21.5,20.1,20.9,22.4,23.6,21.9,19.4,22.7,22.5,23.9,21.7,1.35,-0.38,78,86,18.9,14.81,24.2,0.2155,-0.9765,19.3,19.0,19.0,station
2026-06-20,22.1,21.9,22.3,23.6,23.3,22.8,21.9,23.2,23.4,24.7,22.64,0.76,-0.56,66,51,17.1,25.55,0.6,0.1986,-0.9801,22.4,23.0,23.0,station
2026-06-21,24.4,24.7,24.3,24.9,25.6,24.3,24.1,23.7,25.3,24.4,24.78,0.52,0.42,60,24,14.8,27.63,0.0,0.1818,-0.9833,24.9,25.0,25.0,station
2026-06-22,24.7,25.4,24.2,25.3,26.4,25.1,25.3,23.7,25.1,26.2,25.2,0.83,0.12,51,9,18.1,30.04,0.0,0.1648,-0.9863,25.9,26.0,26.0,station
2026-06-23,25.6,26.5,26.1,26.3,27.6,25.3,26.7,26.4,26.1,27.1,26.42,0.74,0.1,51,1,13.0,31.08,0.0,0.1478,-0.989,26.2,27.0,27.0,station
2026-06-24,27.1,27.8,26.4,28.8,27.9,26.5,27.4,26.0,27.8,28.0,27.6,0.9,0.46,50,1,15.8,30.96,0.0,0.1308,-0.9914,27.8,29.0,29.0,station
2026-06-25,27.1,27.9,27.7,28.3,29.3,27.2,27.7,27.5,28.6,29.5,28.06,0.82,-0.04,46,8,16.8,29.01,0.0,0.1137,-0.9935,28.6,29.0,29.0,station
2026-06-26,27.4,28.3,27.6,28.9,29.6,27.7,28.3,27.5,29.0,30.1,28.36,0.91,-0.16,48,4,18.7,30.67,0.0,0.0966,-0.9953,28.6,29.0,29.0,station
2026-06-27,26.4,26.8,26.0,26.9,28.7,27.1,26.9,26.5,27.3,29.0,26.96,1.04,-0.4,46,20,21.2,26.76,0.0,0.0795,-0.9968,27.9,28.0,28.0,station
2026-06-28,26.6,26.7,25.3,26.5,26.2,26.7,26.5,25.1,26.6,27.1,26.26,0.57,-0.14,45,0,16.2,31.59,0.0,0.0623,-0.9981,27.0,27.0,27.0,station
2026-06-29,28.9,29.5,27.5,28.8,29.3,29.0,29.4,27.2,28.7,29.1,28.8,0.78,0.12,44,1,14.8,31.03,0.0,0.0451,-0.999,29.0,29.0,29.0,station
2026-06-30,30.1,30.6,29.7,30.9,30.8,30.8,31.1,29.4,31.2,30.4,30.42,0.51,-0.16,42,0,16.9,31.35,0.0,0.028,-0.9996,30.9,32.0,32.0,station
2026-07-01,30.7,31.4,29.7,31.2,30.7,30.8,31.2,30.3,31.2,31.2,30.74,0.66,-0.2,35,0,15.0,31.35,0.0,0.0108,-0.9999,31.4,31.0,31.0,station
2026-07-02,31.8,31.5,31.9,33.7,33.3,32.4,31.6,31.8,33.6,33.4,32.44,0.99,-0.12,41,9,17.1,28.76,0.0,-0.0065,-1.0,32.0,33.0,33.0,station
2026-07-03,30.6,29.8,29.8,31.4,31.4,31.1,30.1,30.8,32.3,32.3,30.6,0.8,-0.72,46,11,16.8,28.2,0.0,-0.0237,-0.9997,30.9,31.0,31.0,station
2026-07-04,29.5,28.1,28.4,28.9,30.3,29.9,28.2,28.9,29.5,30.2,29.04,0.88,-0.3,46,10,18.5,28.83,0.0,-0.0408,-0.9992,29.7,29.0,29.0,station
2026-07-05,25.3,23.8,24.4,23.9,25.8,24.7,24.2,23.7,25.0,27.2,24.64,0.88,-0.32,56,30,17.2,24.02,0.7,-0.058,-0.9983,25.5,25.0,25.0,station
2026-07-06,25.3,25.5,26.0,25.8,25.4,25.9,26.0,26.0,26.9,25.4,25.6,0.29,-0.44,51,20,16.4,27.28,0.4,-0.0752,-0.9972,26.3,26.0,26.0,station
2026-07-07,26.3,26.6,26.1,27.5,27.2,27.3,27.4,26.7,27.7,26.5,26.74,0.59,-0.38,50,13,17.1,28.02,0.0,-0.0923,-0.9957,26.6,27.0,27.0,station
2026-07-08,28.3,28.2,27.9,28.5,29.2,28.4,28.6,28.2,28.8,28.6,28.42,0.49,-0.1,44,5,14.3,29.68,0.0,-0.1094,-0.994,28.5,28.0,28.0,station
2026-07-09,30.2,30.1,29.2,29.6,29.8,30.4,30.0,29.1,29.9,29.8,29.78,0.4,-0.06,40,11,16.2,29.54,0.0,-0.1265,-0.992,30.6,31.0,31.0,station
2026-07-10,27.4,27.7,27.7,28.1,29.0,28.3,27.6,28.4,28.3,29.5,27.98,0.62,-0.44,47,28,19.2,28.19,0.0,-0.1436,-0.9896,28.5,29.0,29.0,station
2026-07-11,28.8,29.1,28.2,28.6,28.8,28.8,29.2,27.7,28.5,29.0,28.7,0.33,0.06,43,0,12.7,31.07,0.0,-0.1606,-0.987,29.2,29.0,29.0,station
2026-07-12,30.1,30.5,30.4,30.0,31.3,30.3,30.6,30.3,30.4,31.0,30.46,0.51,-0.06,43,0,19.8,30.91,0.0,-0.1775,-0.9841,30.9,32.0,32.0,station
2026-07-13,32.0,31.6,31.2,31.3,31.8,32.0,31.3,31.3,31.1,31.7,31.58,0.33,0.1,44,1,21.2,30.49,0.0,-0.1944,-0.9809,31.4,32.0,32.0,station
2026-07-14,27.3,25.6,27.5,28.5,29.3,29.1,27.0,28.2,28.4,29.0,27.64,1.4,-0.7,54,22,19.2,26.54,0.1,-0.2113,-0.9774,27.6,28.0,28.0,station
2026-07-15,28.2,27.8,27.6,28.0,28.0,28.2,27.4,27.9,28.3,28.0,27.92,0.23,-0.04,47,16,17.6,27.83,0.0,-0.2281,-0.9736,28.9,28.0,28.0,station
2026-07-16,29.0,29.2,29.1,28.8,30.2,29.2,29.4,28.9,29.2,29.9,29.26,0.55,-0.06,47,4,20.6,30.17,0.0,-0.2448,-0.9696,29.4,30.0,30.0,station
2026-07-17,29.9,29.1,28.4,28.5,29.3,29.1,29.3,28.5,27.9,28.8,29.04,0.61,0.32,45,24,18.1,28.12,0.0,-0.2614,-0.9652,29.6,30.0,30.0,station
2026-07-18,28.8,28.8,28.5,28.4,29.4,29.5,29.2,29.0,28.3,29.8,28.78,0.39,-0.38,43,27,18.3,26.25,0.0,-0.278,-0.9606,29.8,29.0,29.0,station
2026-07-19,31.5,31.5,30.7,31.1,31.7,31.7,31.4,30.8,31.2,31.9,31.3,0.4,-0.1,41,0,14.9,30.14,0.0,-0.2945,-0.9557,31.6,32.0,32.0,station
2026-07-20,33.1,33.1,33.1,33.1,33.4,33.6,33.2,33.1,32.7,33.5,33.16,0.13,-0.06,39,2,20.6,29.56,0.0,-0.3109,-0.9505,33.2,33.0,33.0,station
2026-07-21,32.6,32.2,32.5,32.9,32.4,32.7,32.4,32.8,33.3,32.9,32.52,0.26,-0.3,33,1,22.8,29.98,0.0,-0.3272,-0.945,33.3,33.0,33.0,station
2026-07-22,31.0,31.0,30.4,30.7,30.9,31.8,31.0,31.5,31.2,31.4,30.8,0.25,-0.58,35,1,11.5,30.11,0.0,-0.3434,-0.9392,31.2,31.0,31.0,station
2026-07-23,28.3,28.2,30.4,28.8,29.4,29.6,28.0,32.3,28.7,30.4,29.02,0.91,-0.78,47,11,20.4,26.5,0.6,-0.3595,-0.9332,28.8,30.0,30.0,station
2026-07-24,27.5,26.8,27.5,25.5,28.0,28.9,27.3,27.5,25.7,28.9,27.06,0.97,-0.6,52,31,10.2,25.67,4.5,-0.3755,-0.9268,27.4,26.0,26.0,station
2026-07-25,20.7,19.0,18.4,18.5,16.9,22.9,18.2,25.8,18.5,18.1,18.7,1.37,-2.0,88,80,14.2,9.89,19.9,-0.3914,-0.9202,18.8,17.0,17.0,station
2026-07-26,22.6,22.0,23.1,22.7,22.7,22.6,22.5,23.0,23.2,22.3,22.62,0.4,-0.1,64,35,15.9,25.57,0.5,-0.4071,-0.9134,23.4,24.0,24.0,station
2026-07-27,26.0,26.4,27.1,25.0,26.5,26.3,26.4,27.7,25.4,27.1,26.2,0.78,-0.38,56,0,7.4,29.69,0.0,-0.4228,-0.9062,26.6,28.0,28.0,station
2026-07-28,28.8,29.0,29.5,28.5,30.3,29.3,28.7,30.6,27.8,29.8,29.22,0.7,-0.02,45,8,22.0,26.61,0.0,-0.4383,-0.8988,28.8,,,
