datum,p1_ifs,p1_aifs,p1_gfs,p1_icon,p1_gem,p2_ifs,p2_aifs,p2_gfs,p2_icon,p2_gem,mm_gem,mm_spreiding,run2run,rh_gem,bewolking_gem,wind_max,instraling_som,neerslag_som,doy_sin,doy_cos,era5_max,station_max,doel,doelbron
2023-11-01,,,29.7,,,,,29.8,,,,,,56,0,16.0,12.74,0.0,-0.8606,0.5093,29.5,29.0,29.0,station
2023-11-02,,,27.3,,,,,26.6,,,,,,52,2,19.5,12.78,0.0,-0.8517,0.524,28.3,29.0,29.0,station
2023-11-03,,,19.9,,,,,20.7,,,,,,55,72,18.8,8.44,0.1,-0.8426,0.5386,19.9,18.0,18.0,station
2023-11-04,,,20.9,,,,,18.0,,,,,,66,99,14.3,8.01,0.4,-0.8332,0.553,20.3,18.0,18.0,station
2023-11-05,,,20.1,,,,,19.8,,,,,,85,81,32.6,2.56,17.0,-0.8235,0.5672,19.6,20.0,20.0,station
2023-11-06,,,12.9,,,,,12.1,,,,,,39,18,34.9,12.88,0.3,-0.8137,0.5813,12.9,13.0,13.0,station
2023-11-07,,,14.1,,,,,14.4,,,,,,46,0,11.8,12.61,0.0,-0.8035,0.5952,14.1,15.0,15.0,station
2023-11-08,,,19.9,,,,,20.0,,,,,,75,16,17.0,11.58,0.0,-0.7932,0.609,20.0,20.0,20.0,station
2023-11-09,,,14.9,,,,,15.3,,,,,,72,65,35.3,7.16,0.0,-0.7826,0.6225,17.5,16.0,16.0,station
2023-11-10,,,9.8,,,,,9.9,,,,,,49,63,18.5,9.73,0.0,-0.7718,0.6359,10.4,10.0,10.0,station
2023-11-11,,,8.0,,,,,9.1,,,,,,73,81,12.5,4.45,0.9,-0.7607,0.6491,6.3,6.0,6.0,station
2023-11-12,,,7.8,,,,,8.5,,,,,,54,44,29.0,11.17,0.0,-0.7494,0.6621,7.5,7.0,7.0,station
2023-11-13,,,8.3,,,,,8.6,,,,,,54,62,14.3,11.45,0.0,-0.7379,0.6749,8.2,8.0,8.0,station
2023-11-14,,,10.9,,,,,10.9,,,,,,54,32,8.0,11.57,0.0,-0.7262,0.6875,10.5,11.0,11.0,station
2023-11-15,,,12.5,,,,,13.3,,,,,,62,58,9.2,9.81,0.0,-0.7143,0.6998,12.4,12.0,12.0,station
2023-11-16,,,11.5,,,,,12.2,,,,,,53,34,29.8,10.97,0.1,-0.7021,0.712,11.1,10.0,10.0,station
2023-11-17,,,6.9,,,,,7.5,,,,,,40,12,31.8,11.34,0.0,-0.6898,0.724,7.6,8.0,8.0,station
2023-11-18,,,11.5,,,,,11.7,,,,,,42,0,18.0,11.25,0.0,-0.6772,0.7358,11.6,12.0,12.0,station
2023-11-19,,,15.9,,,,,15.6,,,,,,58,0,16.6,11.06,0.0,-0.6645,0.7473,15.2,15.0,15.0,station
2023-11-20,,,15.5,,,,,16.3,,,,,,72,0,18.3,10.72,0.0,-0.6515,0.7586,16.2,16.0,16.0,station
2023-11-21,,,18.1,,,,,18.4,,,,,,82,0,19.2,10.65,0.0,-0.6384,0.7697,19.0,19.0,19.0,station
2023-11-22,,,19.1,,,,,18.2,,,,,,79,55,13.7,5.95,0.0,-0.625,0.7806,18.7,18.0,18.0,station
2023-11-23,,,10.0,,,,,10.9,,,,,,52,9,33.6,10.81,0.0,-0.6115,0.7912,9.1,8.0,8.0,station
2023-11-24,,,6.0,,,,,5.5,,,,,,52,45,18.7,5.62,0.0,-0.5978,0.8016,4.3,4.0,4.0,station
2023-11-25,,,8.2,,,,,8.3,,,,,,62,69,17.7,6.6,0.0,-0.584,0.8118,9.7,8.0,8.0,station
2023-11-26,,,8.2,,,,,8.7,,,,,,92,94,9.2,1.83,1.0,-0.5699,0.8217,8.2,7.0,7.0,station
2023-11-27,,,11.1,,,,,11.4,,,,,,78,20,16.5,10.11,0.0,-0.5557,0.8314,11.5,9.0,9.0,station
2023-11-28,,,6.7,,,,,6.6,,,,,,55,37,18.8,10.36,0.0,-0.5413,0.8408,6.8,7.0,7.0,station
2023-11-29,,,6.1,,,,,6.4,,,,,,54,66,26.2,8.74,0.0,-0.5268,0.85,5.7,5.0,5.0,station
2023-11-30,,,4.2,,,,,4.2,,,,,,46,16,24.2,10.18,0.0,-0.5121,0.859,2.8,3.0,3.0,station
2023-12-01,,,4.8,,,,,5.2,,,,,,43,0,18.1,10.38,0.0,-0.4972,0.8676,4.4,4.0,4.0,station
2023-12-02,,,9.0,,,,,9.4,,,,,,49,0,11.3,10.37,0.0,-0.4822,0.8761,9.6,10.0,10.0,station
2023-12-03,,,8.7,,,,,8.8,,,,,,66,13,12.4,10.14,0.0,-0.4671,0.8842,9.1,10.0,10.0,station
2023-12-04,,,13.0,,,,,13.0,,,,,,56,18,15.1,9.91,0.0,-0.4518,0.8921,13.3,13.0,13.0,station
2023-12-05,,,14.1,,,,,14.2,,,,,,69,6,13.4,9.96,0.0,-0.4364,0.8998,15.1,15.0,15.0,station
2023-12-06,,,9.4,,,,,9.9,,,,,,49,18,27.1,10.07,0.0,-0.4208,0.9071,10.0,11.0,11.0,station
2023-12-07,,,16.7,,,,,15.5,,,,,,45,0,18.2,9.88,0.0,-0.4052,0.9142,15.7,16.0,16.0,station
2023-12-08,,,20.5,,,,,20.7,,,,,,56,0,15.5,9.77,0.0,-0.3894,0.9211,21.4,20.0,20.0,station
2023-12-09,,,14.8,,,,,14.5,,,,,,65,4,19.4,9.41,0.0,-0.3735,0.9276,15.2,14.0,14.0,station
2023-12-10,,,9.7,,,,,9.6,,,,,,49,75,21.6,5.44,0.0,-0.3575,0.9339,6.4,7.0,7.0,station
2023-12-11,,,4.0,,,,,4.7,,,,,,69,96,26.6,2.69,4.6,-0.3413,0.9399,2.9,2.0,2.0,station
2023-12-12,,,2.8,,,,,2.8,,,,,,70,71,21.1,7.66,0.0,-0.3251,0.9457,3.6,2.0,2.0,station
2023-12-13,,,6.9,,,,,3.4,,,,,,83,100,15.6,1.95,3.5,-0.3088,0.9511,4.0,3.0,3.0,station
2023-12-14,,,4.9,,,,,6.0,,,,,,93,100,19.9,1.61,7.9,-0.2924,0.9563,6.2,5.0,5.0,station
2023-12-15,,,1.7,,,,,1.3,,,,,,71,100,33.2,3.45,1.4,-0.2759,0.9612,1.8,2.0,2.0,station
2023-12-16,,,-4.4,,,,,-3.3,,,,,,44,25,31.4,8.98,0.0,-0.2593,0.9658,-4.1,-5.0,-5.0,station
2023-12-17,,,-3.3,,,,,-3.6,,,,,,42,53,19.7,8.6,0.0,-0.2427,0.9701,-2.7,-4.0,-4.0,station
2023-12-18,,,-0.9,,,,,-1.4,,,,,,41,98,7.6,6.42,0.0,-0.226,0.9741,-0.6,-2.0,-2.0,station
2023-12-19,,,-0.3,,,,,-0.2,,,,,,56,43,23.1,8.98,0.1,-0.2092,0.9779,0.8,0.0,0.0,station
2023-12-20,,,-4.2,,,,,-3.8,,,,,,50,62,25.5,7.19,1.0,-0.1923,0.9813,-4.8,-6.0,-6.0,station
2023-12-21,,,-6.8,,,,,-6.3,,,,,,45,45,27.2,6.42,0.0,-0.1754,0.9845,-7.5,-7.0,-7.0,station
2023-12-22,,,-3.2,,,,,-3.1,,,,,,38,29,18.6,9.18,0.0,-0.1585,0.9874,-2.8,-3.0,-3.0,station
2023-12-23,,,1.4,,,,,1.4,,,,,,38,12,11.7,9.75,0.0,-0.1414,0.9899,1.0,1.0,1.0,station
2023-12-24,,,-0.3,,,,,-0.0,,,,,,42,0,15.2,9.87,0.0,-0.1244,0.9922,1.2,1.0,1.0,station
2023-12-25,,,2.5,,,,,2.3,,,,,,47,0,12.8,9.84,0.0,-0.1073,0.9942,3.1,4.0,4.0,station
2023-12-26,,,5.7,,,,,5.3,,,,,,61,15,11.8,9.33,0.0,-0.0902,0.9959,7.6,9.0,9.0,station
2023-12-27,,,6.3,,,,,5.5,,,,,,82,19,11.3,8.74,0.0,-0.073,0.9973,6.8,6.0,6.0,station
2023-12-28,,,5.8,,,,,5.8,,,,,,86,43,9.5,7.97,0.0,-0.0559,0.9984,6.6,5.0,5.0,station
2023-12-29,,,5.3,,,,,4.9,,,,,,89,96,10.7,6.24,0.1,-0.0387,0.9993,6.5,5.0,5.0,station
2023-12-30,,,,,,,,,,,,,,87,92,20.9,6.4,0.1,-0.0215,0.9998,9.1,7.0,7.0,station
2023-12-31,,,,,,,,,,,,,,75,74,22.3,6.71,0.0,-0.0043,1.0,2.8,,,
2024-01-01,,,,,,,,,,,,,,74,20,11.3,9.75,0.0,0.0172,0.9999,3.4,4.0,4.0,station
2024-01-02,,,,,,,,,,,,,,76,52,8.9,8.82,0.0,0.0344,0.9994,6.2,5.0,5.0,station
2024-01-03,,,,,,,,,,,,,,66,0,20.3,10.17,0.0,0.0516,0.9987,4.8,5.0,5.0,station
2024-01-04,,,,,,,,,,,,,,71,7,19.8,10.03,0.0,0.0688,0.9976,8.8,9.0,9.0,station
2024-01-05,,,,,,,,,,,,,,70,0,11.5,10.18,0.0,0.0859,0.9963,9.4,8.0,8.0,station
2024-01-06,,,,,,,,,,,,,,70,0,22.7,10.16,0.0,0.103,0.9947,5.0,5.0,5.0,station
2024-01-07,,,,,,,,,,,,,,59,7,15.7,10.36,0.0,0.1201,0.9928,2.0,2.0,2.0,station
2024-01-08,,,,,,,,,,,,,,64,34,15.5,9.5,0.0,0.1372,0.9905,5.7,5.0,5.0,station
2024-01-09,,,,,,,,,,,,,,70,72,19.7,4.16,0.2,0.1542,0.988,5.8,3.0,3.0,station
2024-01-10,,,,,,,,,,,,,,65,0,14.6,10.56,0.0,0.1712,0.9852,3.9,4.0,4.0,station
2024-01-11,,,,,,,,,,,,,,62,0,13.2,10.45,0.0,0.1881,0.9821,10.3,9.0,9.0,station
2024-01-12,,,,,,,,,,,,,,82,1,11.1,10.45,0.0,0.205,0.9788,8.8,8.0,8.0,station
2024-01-13,,,,,,,,,,,,,,93,66,20.2,6.43,0.0,0.2218,0.9751,8.0,8.0,8.0,station
2024-01-14,,,,,,,,,,,,,,71,31,24.9,10.12,0.7,0.2385,0.9711,3.8,4.0,4.0,station
2024-01-15,,,,,,,,,,,,,,48,25,11.8,11.19,0.0,0.2552,0.9669,3.4,4.0,4.0,station
2024-01-16,,,,,,,,,,,,,,60,100,8.0,3.42,0.1,0.2718,0.9624,3.6,4.0,4.0,station
2024-01-17,,,,,,,,,,,,,,94,100,13.4,1.32,7.2,0.2883,0.9575,5.1,4.0,4.0,station
2024-01-18,,,,,,,,,,,,,,80,94,16.0,4.29,0.0,0.3047,0.9524,5.0,4.0,4.0,station
2024-01-19,,,,,,,,,,,,,,72,97,15.2,2.71,0.0,0.3211,0.9471,3.4,2.0,2.0,station
2024-01-20,,,3.7,1.3,3.5,,,,,,,,,76,100,21.7,3.03,0.4,0.3373,0.9414,2.4,1.0,1.0,station
2024-01-21,,,-0.7,-1.1,-0.8,,,-0.0,-0.3,-0.4,,,,58,95,26.0,7.61,0.0,0.3534,0.9355,-1.7,-2.0,-2.0,station
2024-01-22,,,-3.5,-5.6,-4.5,,,-3.0,-6.1,-4.4,,,,48,98,26.1,6.08,0.7,0.3695,0.9292,-5.7,-6.0,-6.0,station
2024-01-23,,,-3.1,-3.6,-3.2,,,-1.9,-4.3,-2.6,,,,39,42,25.2,10.41,0.0,0.3854,0.9227,-3.1,-4.0,-4.0,station
2024-01-24,,,1.5,1.4,2.5,,,2.1,0.9,2.3,,,,44,10,17.1,11.53,0.0,0.4012,0.916,2.5,1.0,1.0,station
2024-01-25,,,3.9,3.7,4.1,,,3.7,3.1,3.5,,,,57,34,10.2,11.65,0.0,0.4169,0.9089,4.6,4.0,4.0,station
2024-01-26,,,3.6,4.9,5.3,,,4.2,4.8,4.7,,,,47,36,14.8,12.03,0.0,0.4325,0.9016,5.6,5.0,5.0,station
2024-01-27,,,4.2,4.8,4.3,,,3.9,4.0,3.8,,,,70,20,11.3,11.34,0.0,0.4479,0.8941,4.5,4.0,4.0,station
2024-01-28,,,4.8,4.6,5.3,,,4.9,4.3,5.6,,,,65,1,11.5,12.29,0.0,0.4633,0.8862,5.2,5.0,5.0,station
2024-01-29,,,6.8,7.6,8.5,,,6.7,6.3,8.6,,,,80,37,15.8,11.03,0.0,0.4784,0.8781,8.2,8.0,8.0,station
2024-01-30,,,8.6,8.9,9.2,,,8.6,8.4,8.3,,,,84,78,20.9,8.75,0.0,0.4935,0.8698,9.7,9.0,9.0,station
2024-01-31,,,7.5,8.9,9.0,,,8.1,8.9,7.8,,,,86,100,22.0,2.23,1.1,0.5084,0.8611,5.2,5.0,5.0,station
2024-02-01,,,1.0,-2.3,-0.5,,,1.4,-1.7,-1.3,,,,52,100,22.3,6.5,1.3,0.5231,0.8523,-0.8,-2.0,-2.0,station
2024-02-02,,,2.0,1.3,2.5,,,2.8,0.7,3.1,,,,56,82,16.6,11.46,0.0,0.5377,0.8432,1.6,1.0,1.0,station
2024-02-03,,,2.6,3.5,4.0,,,1.0,1.9,4.0,,,,63,82,17.3,7.31,0.2,0.5521,0.8338,3.8,3.0,3.0,station
2024-02-04,3.5,,3.7,1.5,4.2,,,3.7,0.9,4.7,3.23,1.19,,65,87,15.2,4.63,4.0,0.5664,0.8242,2.0,2.0,2.0,station
2024-02-05,1.0,,0.4,0.5,1.1,1.6,,0.5,-0.2,1.2,0.75,0.35,-0.03,77,66,27.7,9.62,1.9,0.5805,0.8143,0.1,0.0,0.0,station
2024-02-06,3.1,,2.4,2.7,3.8,4.0,,2.4,3.6,4.0,3.0,0.61,-0.5,66,40,17.9,13.14,0.0,0.5944,0.8042,3.3,2.0,2.0,station
2024-02-07,4.0,,3.6,4.1,4.3,5.0,,3.9,3.3,4.3,4.0,0.29,-0.12,72,27,17.6,13.2,0.0,0.6081,0.7938,4.1,4.0,4.0,station
2024-02-08,4.5,,4.3,4.2,4.6,4.7,,4.7,4.1,3.5,4.4,0.18,0.15,71,45,10.7,9.55,0.0,0.6217,0.7833,4.2,4.0,4.0,station
2024-02-09,9.7,,7.4,8.2,10.3,10.0,,7.8,8.6,10.3,8.9,1.33,-0.28,62,6,11.5,13.47,0.0,0.6351,0.7725,9.5,8.0,8.0,station
2024-02-10,8.5,,7.9,8.8,9.8,9.4,,8.5,9.4,10.1,8.75,0.79,-0.6,65,13,13.3,13.72,0.0,0.6483,0.7614,8.7,8.0,8.0,station
2024-02-11,12.1,,10.8,11.4,12.8,12.2,,10.2,9.5,13.0,11.78,0.87,0.55,61,0,14.5,13.86,0.0,0.6613,0.7502,12.3,12.0,12.0,station
2024-02-12,14.5,,12.8,12.2,12.9,14.0,,12.3,12.2,12.8,13.1,0.98,0.28,68,0,22.6,13.76,0.0,0.6741,0.7387,14.8,13.0,13.0,station
2024-02-13,18.3,,13.3,13.8,14.7,18.4,,12.7,13.6,14.9,15.03,2.26,0.13,70,0,17.3,13.63,0.0,0.6867,0.727,16.5,15.0,15.0,station
2024-02-14,19.5,,18.6,19.1,18.8,19.8,,18.6,19.0,18.4,19.0,0.39,0.05,70,51,25.7,13.14,0.3,0.6991,0.715,20.4,20.0,20.0,station
2024-02-15,5.8,,5.1,6.8,5.9,6.3,,5.1,7.1,3.8,5.9,0.7,0.33,51,68,27.7,13.29,3.6,0.7113,0.7029,6.4,5.0,5.0,station
2024-02-16,8.7,,8.3,8.9,8.5,7.7,,7.9,8.5,7.6,8.6,0.26,0.67,59,2,23.9,14.81,0.0,0.7233,0.6906,9.4,9.0,9.0,station
2024-02-17,11.3,,8.9,9.7,9.9,10.5,,8.5,9.0,9.2,9.95,1.0,0.65,77,0,22.7,14.41,0.0,0.735,0.678,11.7,10.0,10.0,station
2024-02-18,14.4,,10.0,12.6,12.2,12.6,,9.6,11.9,11.9,12.3,1.81,0.8,90,70,20.0,10.39,0.8,0.7466,0.6653,15.3,13.0,13.0,station
2024-02-19,8.7,,9.3,9.9,9.6,9.9,,9.2,10.0,9.6,9.38,0.51,-0.3,63,100,27.4,8.74,1.0,0.7579,0.6523,8.0,9.0,9.0,station
2024-02-20,-0.9,,-1.4,-1.4,-0.2,-0.7,,-0.7,-1.2,-0.1,-0.97,0.57,-0.3,49,100,21.6,3.75,4.7,0.769,0.6392,-1.5,-1.0,-1.0,station
2024-02-21,-2.2,,-1.3,-2.4,-1.5,-1.6,,-1.4,-2.6,-0.7,-1.85,0.53,-0.28,77,100,24.0,3.03,12.1,0.7799,0.6259,-3.0,-3.0,-3.0,station
2024-02-22,-0.1,,-0.6,0.3,-0.4,-1.4,,-0.7,-0.8,0.2,-0.2,0.39,0.47,64,86,21.2,9.58,0.0,0.7906,0.6124,0.5,-2.0,-2.0,station
2024-02-23,2.1,,0.3,2.2,2.9,2.4,,0.1,1.2,0.9,1.88,1.11,0.73,64,81,16.6,14.95,0.0,0.801,0.5987,1.9,0.0,0.0,station
2024-02-24,2.5,,0.5,0.4,1.5,3.5,,-0.7,1.5,2.4,1.23,0.98,-0.45,77,78,15.7,3.54,1.5,0.8112,0.5848,-0.2,-1.0,-1.0,station
2024-02-25,5.7,,4.7,5.6,6.4,6.1,,4.7,6.5,6.4,5.6,0.7,-0.33,65,30,17.7,16.11,0.0,0.8211,0.5708,5.8,5.0,5.0,station
2024-02-26,4.9,,4.5,5.2,5.8,4.8,,4.7,4.3,5.7,5.1,0.55,0.22,48,91,18.4,15.58,0.0,0.8308,0.5566,5.6,5.0,5.0,station
2024-02-27,6.8,,5.7,5.7,7.2,5.6,,6.2,5.2,6.3,6.35,0.77,0.52,64,35,13.6,16.52,0.0,0.8402,0.5422,7.7,7.0,7.0,station
2024-02-28,9.6,,7.0,6.7,7.7,8.1,,6.6,7.4,8.5,7.75,1.3,0.1,62,94,14.5,13.0,0.0,0.8495,0.5277,9.8,9.0,9.0,station
2024-02-29,6.0,,5.7,4.4,6.3,5.5,,6.1,3.4,6.5,5.6,0.84,0.22,53,85,22.5,6.76,1.0,0.8584,0.513,5.0,6.0,6.0,station
2024-03-01,2.3,,2.9,2.8,3.6,4.2,,4.2,3.6,4.9,2.9,0.54,-1.33,51,21,22.4,15.09,0.0,0.8671,0.4981,1.7,1.0,1.0,station
2024-03-02,10.6,,10.5,11.2,11.2,11.1,,10.4,10.9,11.2,10.88,0.38,-0.03,46,0,22.4,17.02,0.0,0.8755,0.4831,11.5,10.0,10.0,station
2024-03-03,13.6,,12.8,13.7,13.8,13.5,,12.9,14.2,14.2,13.47,0.46,-0.22,63,14,11.2,17.15,0.0,0.8837,0.468,15.1,15.0,15.0,station
2024-03-04,10.4,,10.1,9.7,9.3,10.6,,10.7,9.8,10.8,9.88,0.48,-0.6,77,99,21.7,11.37,0.5,0.8916,0.4527,12.6,10.0,10.0,station
2024-03-05,9.2,,8.3,9.0,8.5,10.1,,7.4,10.4,9.0,8.75,0.42,-0.47,78,91,14.8,3.28,1.7,0.8993,0.4373,7.0,7.0,7.0,station
2024-03-06,9.5,,9.6,7.9,8.9,9.7,,9.1,8.6,8.9,8.97,0.78,-0.1,41,52,16.6,16.88,0.0,0.9067,0.4218,9.8,9.0,9.0,station
2024-03-07,9.2,,10.2,10.0,9.6,9.8,,10.6,8.2,9.4,9.75,0.44,0.25,67,35,10.9,13.06,0.4,0.9138,0.4061,10.8,9.0,9.0,station
2024-03-08,7.6,,9.5,9.6,9.4,9.2,,8.9,9.0,9.4,9.03,0.95,-0.1,64,42,20.0,15.76,0.1,0.9207,0.3904,9.2,8.0,8.0,station
2024-03-09,9.1,,9.3,8.8,9.3,8.8,,9.8,8.6,9.2,9.12,0.24,0.03,53,0,18.3,18.48,0.0,0.9272,0.3745,10.5,10.0,10.0,station
2024-03-10,12.6,,12.4,10.7,11.1,12.5,,11.2,10.7,11.0,11.7,0.94,0.35,69,45,23.5,17.59,0.0,0.9335,0.3585,13.5,11.0,11.0,station
2024-03-11,15.9,,17.8,14.5,14.6,18.4,,18.4,13.9,14.8,15.7,1.54,-0.68,77,50,15.3,15.65,2.3,0.9396,0.3424,17.7,13.0,13.0,station
2024-03-12,12.2,,11.6,12.8,13.1,11.7,,11.7,12.0,12.3,12.43,0.67,0.5,53,8,20.8,18.93,0.0,0.9453,0.3261,12.4,13.0,13.0,station
2024-03-13,16.3,,15.8,15.7,15.7,16.2,,15.8,15.7,14.5,15.88,0.29,0.32,43,83,20.2,17.36,0.0,0.9508,0.3098,17.8,16.0,16.0,station
2024-03-14,18.5,,17.9,17.1,18.0,18.3,,18.1,17.9,18.3,17.88,0.58,-0.27,49,32,19.9,18.53,0.0,0.956,0.2934,18.8,17.0,17.0,station
2024-03-15,18.4,17.5,16.3,16.6,16.0,18.7,,17.3,16.8,15.6,16.96,0.98,-0.14,67,16,19.3,19.16,0.0,0.9609,0.2769,18.9,17.0,17.0,station
2024-03-16,19.0,15.3,16.1,14.7,14.9,16.0,16.4,17.0,14.6,13.7,16.0,1.76,0.46,81,82,18.4,13.59,0.1,0.9655,0.2604,19.0,16.0,16.0,station
2024-03-17,12.5,12.3,12.6,10.8,10.8,11.3,12.3,11.9,10.1,11.6,11.8,0.92,0.36,37,77,26.1,16.89,0.0,0.9698,0.2437,12.4,12.0,12.0,station
2024-03-18,14.6,13.7,14.3,11.6,11.1,13.2,13.6,14.5,10.9,11.7,13.06,1.6,0.28,46,76,24.1,15.09,0.0,0.9739,0.227,16.2,12.0,12.0,station
2024-03-19,13.1,13.8,12.2,11.2,11.6,12.8,13.2,12.4,11.1,11.2,12.38,1.07,0.24,25,14,26.6,20.14,0.0,0.9777,0.2102,13.4,14.0,14.0,station
2024-03-20,12.0,12.6,11.4,11.4,12.5,12.2,12.3,10.9,11.6,11.6,11.98,0.58,0.26,27,0,19.8,20.39,0.0,0.9811,0.1934,12.5,12.0,12.0,station
2024-03-21,13.8,13.0,12.7,11.8,12.7,14.6,13.7,13.8,11.4,12.5,12.8,0.72,-0.4,64,29,28.9,19.6,0.0,0.9843,0.1765,13.9,12.0,12.0,station
2024-03-22,23.1,21.1,22.3,21.7,24.5,23.2,19.4,21.6,23.8,23.5,22.54,1.32,0.24,49,46,23.8,17.55,0.0,0.9872,0.1595,23.0,21.0,21.0,station
2024-03-23,21.4,17.0,21.1,18.4,19.4,20.5,16.9,21.3,19.0,19.1,19.46,1.85,0.1,58,71,19.8,18.45,0.0,0.9898,0.1425,20.8,21.0,21.0,station
2024-03-24,19.4,17.7,19.6,18.6,18.4,19.2,15.0,18.0,16.7,13.9,18.74,0.77,2.18,41,65,19.0,18.96,0.0,0.9921,0.1255,22.0,20.0,20.0,station
2024-03-25,10.9,9.1,10.8,10.8,10.8,10.7,8.1,10.4,11.6,12.1,10.48,0.77,-0.1,81,100,17.7,2.36,9.9,0.9941,0.1084,11.4,12.0,12.0,station
2024-03-26,16.3,14.4,16.7,15.5,15.6,16.9,15.8,17.5,16.1,17.5,15.7,0.88,-1.06,55,31,16.4,20.43,0.0,0.9958,0.0913,17.5,16.0,16.0,station
2024-03-27,12.8,12.3,13.2,11.9,12.5,12.6,12.3,14.0,12.9,12.5,12.54,0.49,-0.32,75,100,22.6,10.1,0.3,0.9972,0.0741,13.3,12.0,12.0,station
2024-03-28,17.2,18.2,16.9,16.0,16.6,17.2,18.4,17.3,14.5,15.7,16.98,0.81,0.36,65,57,18.7,18.78,0.4,0.9984,0.057,20.0,19.0,19.0,station
2024-03-29,18.7,21.4,16.1,17.2,18.4,20.8,21.7,16.2,18.5,21.6,18.36,1.99,-1.4,43,6,24.7,21.0,1.7,0.9992,0.0398,18.5,18.0,18.0,station
2024-03-30,20.2,20.8,19.0,20.5,21.0,23.0,21.2,20.1,20.5,21.7,20.3,0.79,-1.0,37,28,27.9,20.95,8.0,0.9997,0.0226,21.1,21.0,21.0,station
2024-03-31,16.0,17.8,17.6,15.3,16.8,17.4,18.1,14.2,14.5,16.4,16.7,1.06,0.58,53,8,20.0,21.15,0.0,1.0,0.0054,18.2,18.0,18.0,station
2024-04-01,19.8,18.8,17.4,18.6,18.3,18.3,17.1,15.9,18.6,17.9,18.58,0.87,1.02,68,34,22.7,20.81,0.0,0.9999,-0.0118,20.0,20.0,20.0,station
2024-04-02,16.5,14.8,18.1,16.1,16.4,16.1,16.1,19.0,16.7,16.4,16.38,1.18,-0.48,83,100,16.5,8.8,0.0,0.9996,-0.029,18.1,16.0,16.0,station
2024-04-03,16.6,16.3,19.8,17.8,18.0,20.1,16.3,20.2,20.4,14.1,17.7,1.39,-0.52,54,87,20.7,13.69,4.8,0.9989,-0.0462,19.6,20.0,20.0,station
2024-04-04,19.5,18.9,19.2,19.1,19.3,20.1,18.0,18.9,18.4,19.3,19.2,0.22,0.26,29,62,19.6,18.64,0.0,0.998,-0.0634,19.9,19.0,19.0,station
2024-04-05,20.2,19.5,20.6,19.5,19.4,20.5,19.4,20.4,18.6,18.6,19.84,0.53,0.34,45,50,18.5,20.87,0.0,0.9968,-0.0805,20.5,20.0,20.0,station
2024-04-06,23.1,23.2,23.1,20.9,21.3,23.3,23.2,22.5,20.3,18.2,22.32,1.12,0.82,37,81,19.9,20.33,0.0,0.9952,-0.0977,23.6,23.0,23.0,station
2024-04-07,24.8,24.4,24.3,23.0,23.6,24.3,24.3,23.4,22.2,20.8,24.02,0.72,1.02,50,76,19.0,20.78,0.0,0.9934,-0.1148,25.2,22.0,22.0,station
2024-04-08,25.0,25.0,26.8,24.3,26.0,25.2,25.0,27.5,25.3,24.0,25.42,0.98,0.02,53,60,13.8,18.51,0.0,0.9913,-0.1319,26.4,25.0,25.0,station
2024-04-09,21.4,20.0,21.3,20.4,20.3,21.7,19.3,22.4,20.7,19.1,20.68,0.63,0.04,32,36,18.8,21.38,0.0,0.9889,-0.1489,22.6,21.0,21.0,station
2024-04-10,21.6,21.5,18.7,18.3,18.8,20.4,20.9,19.2,18.1,19.0,19.78,1.63,0.26,49,97,23.5,18.86,0.0,0.9861,-0.1659,22.5,20.0,20.0,station
2024-04-11,23.3,22.3,21.0,19.9,18.5,21.7,22.1,18.8,17.9,18.4,21.0,1.9,1.22,70,37,22.8,21.04,0.0,0.9831,-0.1828,22.7,21.0,21.0,station
2024-04-12,21.7,19.9,21.0,18.3,18.0,19.5,19.7,20.1,16.5,17.8,19.78,1.62,1.06,81,69,21.0,20.62,0.0,0.9799,-0.1997,19.3,19.0,19.0,station
2024-04-13,19.7,17.8,20.0,17.4,16.3,19.6,18.3,19.5,17.1,16.7,18.24,1.57,0.0,85,87,22.9,14.73,0.0,0.9763,-0.2165,20.8,20.0,20.0,station
2024-04-14,15.3,13.9,18.7,15.4,15.7,14.3,14.6,17.9,14.6,15.1,15.8,1.76,0.5,90,100,18.9,4.42,22.1,0.9724,-0.2333,17.2,16.0,16.0,station
2024-04-15,23.8,21.9,22.2,22.6,22.7,23.4,21.6,24.0,22.4,22.4,22.64,0.72,-0.12,81,70,18.9,13.91,1.6,0.9683,-0.25,24.6,22.0,22.0,station
2024-04-16,23.2,23.6,23.6,21.8,23.1,24.0,23.5,23.6,21.7,23.3,23.06,0.74,-0.16,57,14,14.4,22.82,0.0,0.9638,-0.2666,23.7,23.0,23.0,station
2024-04-17,22.7,23.2,23.2,20.3,20.3,22.3,23.1,23.0,21.3,20.4,21.94,1.51,-0.08,56,48,15.5,22.38,0.0,0.9591,-0.2831,23.3,23.0,23.0,station
2024-04-18,26.8,27.2,28.1,27.1,27.8,27.0,27.3,27.4,22.3,24.4,27.4,0.53,1.72,52,17,17.6,22.45,0.0,0.9541,-0.2996,27.3,27.0,27.0,station
2024-04-19,22.0,22.2,21.2,21.7,22.2,21.6,21.8,21.9,18.5,21.3,21.86,0.42,0.84,59,100,20.9,18.8,0.5,0.9488,-0.316,23.0,22.0,22.0,station
2024-04-20,22.9,20.7,18.3,21.8,17.7,19.4,19.5,15.7,21.9,14.9,20.28,2.23,2.0,68,73,13.7,17.82,0.9,0.9432,-0.3322,21.9,20.0,20.0,station
2024-04-21,22.0,21.5,22.7,21.0,22.8,23.1,21.6,21.5,22.5,22.9,22.0,0.77,-0.32,69,60,17.1,20.15,0.0,0.9373,-0.3484,23.1,23.0,23.0,station
2024-04-22,23.2,21.6,21.3,20.5,20.8,23.2,21.6,20.8,21.8,20.2,21.48,1.05,-0.04,72,39,20.3,21.83,0.0,0.9312,-0.3645,23.3,21.0,21.0,station
2024-04-23,19.6,15.3,16.6,16.5,16.8,17.9,17.9,17.4,18.4,14.3,16.96,1.59,-0.22,80,70,24.2,13.45,8.9,0.9248,-0.3804,21.3,17.0,17.0,station
2024-04-24,24.8,23.9,23.4,23.0,25.8,24.3,23.8,27.0,23.9,25.8,24.18,1.13,-0.78,59,2,20.4,23.57,0.0,0.9181,-0.3963,24.9,24.0,24.0,station
2024-04-25,26.3,25.4,26.4,23.2,25.6,27.2,25.5,26.7,23.9,25.4,25.38,1.29,-0.36,57,21,23.8,23.52,0.0,0.9112,-0.412,26.7,25.0,25.0,station
2024-04-26,23.7,23.3,23.3,21.5,22.2,23.4,23.1,23.2,20.1,21.0,22.8,0.92,0.64,65,1,24.6,23.97,0.0,0.9039,-0.4276,23.8,24.0,24.0,station
2024-04-27,24.1,22.9,21.6,21.2,21.0,23.2,22.5,22.6,21.6,21.1,22.16,1.31,-0.04,76,42,18.0,23.37,0.0,0.8965,-0.4431,24.1,21.0,21.0,station
2024-04-28,22.8,21.9,22.9,21.7,21.9,21.8,21.5,22.8,21.6,21.6,22.24,0.56,0.38,69,100,15.5,20.71,0.0,0.8887,-0.4585,24.2,23.0,23.0,station
2024-04-29,24.4,21.8,24.9,23.6,26.9,26.1,22.2,26.1,25.0,26.0,24.32,1.86,-0.76,60,35,26.5,23.41,0.0,0.8807,-0.4737,24.4,22.0,22.0,station
2024-04-30,19.1,18.9,20.7,17.2,19.9,18.5,19.5,20.0,16.5,18.3,19.16,1.31,0.6,49,95,19.2,14.48,0.0,0.8724,-0.4888,19.7,19.0,19.0,station
2024-05-01,24.8,24.5,25.7,23.9,24.6,25.2,24.8,25.1,23.7,24.2,24.7,0.65,0.1,43,50,14.8,23.68,0.0,0.8639,-0.5037,25.5,25.0,25.0,station
2024-05-02,27.0,26.3,27.0,26.4,24.9,26.7,25.1,27.0,25.3,22.7,26.32,0.86,0.96,36,1,20.9,24.47,0.0,0.8551,-0.5185,27.4,27.0,27.0,station
2024-05-03,23.4,23.4,23.0,22.8,21.8,23.7,23.5,23.3,23.0,21.5,22.88,0.66,-0.12,62,52,19.1,24.4,0.0,0.846,-0.5331,23.8,22.0,22.0,station
2024-05-04,19.2,18.8,19.9,19.4,19.0,21.6,20.0,20.4,19.1,20.0,19.26,0.42,-0.96,63,95,17.4,16.98,0.6,0.8367,-0.5476,22.2,22.0,22.0,station
2024-05-05,18.7,16.6,16.9,16.3,16.1,18.9,16.7,18.8,21.1,17.4,16.92,1.04,-1.66,80,100,14.8,5.86,17.5,0.8272,-0.5619,16.3,15.0,15.0,station
2024-05-06,21.3,20.9,17.6,19.9,18.5,24.3,22.7,23.9,22.8,21.8,19.64,1.57,-3.46,73,81,22.8,13.42,0.5,0.8174,-0.5761,20.2,19.0,19.0,station
2024-05-07,24.7,23.8,23.3,23.8,23.5,24.3,24.3,22.4,23.5,23.5,23.82,0.54,0.22,60,59,26.8,22.83,0.0,0.8074,-0.59,24.6,23.0,23.0,station
2024-05-08,26.2,26.0,26.2,25.0,25.2,25.9,25.0,25.7,24.2,26.3,25.72,0.58,0.3,50,5,15.7,24.68,0.0,0.7971,-0.6038,26.9,26.0,26.0,station
2024-05-09,28.7,27.7,29.6,26.1,26.6,28.7,27.8,29.8,25.2,25.5,27.74,1.45,0.34,42,19,22.7,24.5,0.0,0.7866,-0.6175,29.5,29.0,29.0,station
2024-05-10,24.4,24.5,23.6,21.6,22.6,24.1,24.7,23.5,21.4,22.6,23.34,1.24,0.08,62,42,26.5,24.8,0.0,0.7759,-0.6309,24.4,22.0,22.0,station
2024-05-11,24.8,22.1,24.0,22.0,22.5,25.2,24.0,25.2,22.7,24.3,23.08,1.25,-1.2,45,73,26.3,20.47,4.3,0.7649,-0.6442,25.4,25.0,25.0,station
2024-05-12,25.8,26.6,26.0,26.2,26.9,25.9,26.4,26.4,25.8,26.2,26.3,0.45,0.16,47,2,25.6,25.08,0.0,0.7537,-0.6572,27.0,26.0,26.0,station
2024-05-13,28.9,28.1,29.4,29.0,28.6,27.2,27.6,29.0,27.5,27.9,28.8,0.48,0.96,49,0,23.2,25.07,0.0,0.7423,-0.6701,29.0,28.0,28.0,station
2024-05-14,32.6,30.9,32.7,31.7,32.4,33.4,31.1,33.1,28.2,31.8,32.06,0.76,0.54,50,5,24.1,24.48,0.0,0.7306,-0.6828,31.7,30.0,30.0,station
2024-05-15,22.4,22.3,22.3,22.8,21.8,23.1,22.7,22.7,24.7,24.2,22.32,0.36,-1.16,31,20,33.5,25.46,2.5,0.7188,-0.6952,22.0,22.0,22.0,station
2024-05-16,30.6,30.2,31.2,29.2,31.1,29.9,28.6,30.8,29.2,30.4,30.46,0.81,0.68,27,42,19.0,24.67,0.0,0.7067,-0.7075,31.5,30.0,30.0,station
2024-05-17,30.2,29.4,28.4,25.9,26.3,29.8,29.0,30.7,25.9,25.0,28.04,1.89,-0.04,55,36,25.2,20.08,0.1,0.6945,-0.7195,29.5,26.0,26.0,station
2024-05-18,29.3,26.6,25.2,25.7,24.5,30.1,27.2,25.0,24.8,25.7,26.26,1.86,-0.3,67,22,24.5,22.01,0.0,0.682,-0.7314,28.4,26.0,26.0,station
2024-05-19,28.3,25.4,25.0,23.7,21.9,27.7,25.2,25.2,24.6,24.7,24.86,2.36,-0.62,71,87,24.4,21.92,0.0,0.6693,-0.743,27.3,24.0,24.0,station
2024-05-20,28.8,25.1,29.6,26.7,27.5,27.0,24.3,27.7,26.6,25.2,27.54,1.77,1.38,73,53,15.3,21.64,0.0,0.6564,-0.7544,30.1,26.0,26.0,station
2024-05-21,25.3,24.0,25.8,23.4,23.1,24.9,24.9,26.5,22.0,23.8,24.32,1.18,-0.1,80,77,20.5,19.58,0.0,0.6433,-0.7656,25.4,22.0,22.0,station
2024-05-22,27.7,25.3,26.7,24.4,22.3,28.5,26.7,27.2,25.3,23.3,25.28,2.09,-0.92,76,51,22.0,23.04,0.0,0.6301,-0.7765,26.7,24.0,24.0,station
2024-05-23,31.5,28.7,28.9,27.2,26.9,31.7,28.9,29.2,28.3,29.9,28.64,1.83,-0.96,71,1,20.5,25.0,0.0,0.6166,-0.7873,29.6,24.0,24.0,station
2024-05-24,27.4,25.9,29.0,27.1,26.7,28.9,26.5,29.8,28.2,26.8,27.22,1.14,-0.82,78,26,17.4,24.24,0.0,0.603,-0.7978,27.9,25.0,25.0,station
2024-05-25,21.5,22.3,25.4,23.0,21.6,24.7,24.0,25.7,24.0,22.8,22.76,1.59,-1.48,84,96,24.2,15.58,0.0,0.5892,-0.808,23.2,20.0,20.0,station
2024-05-26,25.0,24.3,22.9,23.5,24.9,27.1,24.7,24.6,24.0,21.8,24.12,0.91,-0.32,75,63,24.5,14.26,10.0,0.5752,-0.818,26.3,23.0,23.0,station
2024-05-27,27.8,27.2,27.0,23.8,28.2,27.5,26.9,27.6,25.0,27.4,26.8,1.74,-0.08,56,60,13.0,23.09,0.0,0.561,-0.8278,28.1,27.0,27.0,station
2024-05-28,28.1,28.1,31.0,28.2,29.2,28.0,28.3,29.9,27.5,28.2,28.92,1.25,0.54,54,6,13.2,25.7,0.0,0.5467,-0.8373,29.7,30.0,30.0,station
2024-05-29,29.5,28.8,28.9,27.2,28.1,27.5,27.7,29.2,26.6,29.2,28.5,0.88,0.46,47,81,24.2,24.86,0.0,0.5322,-0.8466,30.3,28.0,28.0,station
2024-05-30,26.3,22.9,25.6,23.5,23.6,24.4,22.9,24.7,23.6,24.3,24.38,1.48,0.4,72,72,18.6,14.24,0.0,0.5176,-0.8556,25.4,24.0,24.0,station
2024-05-31,29.8,28.9,28.8,29.4,30.3,29.7,28.4,32.6,31.5,32.2,29.44,0.63,-1.44,56,49,25.4,24.84,0.0,0.5028,-0.8644,30.3,29.0,29.0,station
2024-06-01,29.5,29.0,30.2,29.2,29.5,29.6,29.2,29.8,28.4,29.2,29.48,0.45,0.24,42,72,13.5,25.1,0.0,0.4878,-0.8729,29.9,30.0,30.0,station
2024-06-02,33.3,32.5,33.2,31.1,31.5,33.0,31.8,34.3,31.9,30.5,32.32,0.99,0.02,35,91,13.5,19.76,0.0,0.4728,-0.8812,33.9,32.0,32.0,station
2024-06-03,32.8,30.8,32.7,32.7,32.1,32.0,31.9,32.0,33.0,31.5,32.22,0.84,0.14,41,1,16.8,25.86,0.0,0.4575,-0.8892,33.6,31.0,31.0,station
2024-06-04,27.3,27.3,28.0,26.4,26.6,27.2,26.9,27.6,25.8,27.1,27.12,0.64,0.2,56,77,18.4,21.67,0.0,0.4422,-0.8969,28.8,27.0,27.0,station
2024-06-05,24.0,24.6,24.8,22.4,22.9,25.0,24.6,24.9,24.0,23.7,23.74,1.05,-0.7,75,96,20.0,12.68,0.0,0.4267,-0.9044,24.8,23.0,23.0,station
2024-06-06,26.5,25.6,26.8,25.8,25.5,26.9,26.2,25.7,25.9,25.8,26.04,0.58,-0.06,74,54,19.5,21.49,0.2,0.4111,-0.9116,27.1,26.0,26.0,station
2024-06-07,25.7,25.5,25.4,24.9,24.5,25.7,24.8,24.2,25.4,24.0,25.2,0.49,0.38,74,64,20.3,20.17,0.0,0.3953,-0.9185,25.6,25.0,25.0,station
2024-06-08,33.4,31.4,32.8,31.9,32.6,33.0,31.6,32.7,30.9,30.1,32.42,0.78,0.76,59,67,14.2,22.55,0.1,0.3795,-0.9252,33.2,32.0,32.0,station
2024-06-09,37.6,35.3,36.7,33.1,34.7,38.4,35.6,33.7,34.8,33.1,35.48,1.75,0.36,46,76,19.4,23.04,0.0,0.3635,-0.9316,37.7,35.0,35.0,station
2024-06-10,37.4,36.4,37.8,37.2,33.9,37.5,35.4,38.8,36.7,35.3,36.54,1.56,-0.2,41,49,28.5,24.29,0.0,0.3474,-0.9377,38.1,37.0,37.0,station
2024-06-11,36.0,33.4,36.0,32.1,32.0,36.8,33.9,36.4,32.8,29.9,33.9,1.99,-0.06,49,74,25.7,21.33,0.0,0.3312,-0.9436,37.5,33.0,33.0,station
2024-06-12,31.6,29.5,28.2,29.4,28.8,32.8,30.6,30.1,28.7,27.5,29.5,1.28,-0.44,76,40,22.1,20.91,0.0,0.3149,-0.9491,31.7,27.0,27.0,station
2024-06-13,31.1,29.3,29.8,27.5,27.2,31.2,29.9,30.8,27.8,27.3,28.98,1.63,-0.42,75,35,25.2,22.9,0.0,0.2986,-0.9544,31.5,27.0,27.0,station
2024-06-14,27.4,26.0,26.5,27.8,26.9,30.1,27.2,27.2,28.4,26.6,26.92,0.71,-0.98,91,87,24.2,6.76,32.1,0.2821,-0.9594,24.1,24.0,24.0,station
2024-06-15,30.6,29.9,33.4,30.0,30.4,34.3,30.5,33.2,31.9,30.0,30.86,1.45,-1.12,77,52,14.3,21.29,8.4,0.2656,-0.9641,30.8,31.0,31.0,station
2024-06-16,30.5,30.0,34.3,30.0,29.1,29.3,29.5,35.0,30.7,29.4,30.78,2.03,0.0,68,73,16.3,24.76,0.0,0.2489,-0.9685,31.9,33.0,33.0,station
2024-06-17,31.9,32.3,34.9,31.2,31.8,31.3,32.1,33.9,30.0,30.7,32.42,1.44,0.82,59,43,17.9,25.67,0.0,0.2322,-0.9727,33.4,35.0,35.0,station
2024-06-18,32.9,33.1,35.3,32.1,32.8,32.8,32.4,36.8,31.4,33.3,33.24,1.21,-0.1,47,51,22.4,25.41,0.0,0.2155,-0.9765,33.9,33.0,33.0,station
2024-06-19,28.9,29.7,28.9,26.6,27.8,28.1,29.1,29.4,26.6,24.4,28.38,1.2,0.86,73,86,26.8,22.1,0.0,0.1986,-0.9801,27.8,27.0,27.0,station
2024-06-20,26.4,28.2,26.9,28.2,27.0,26.9,28.5,27.2,27.0,24.0,27.34,0.82,0.62,80,85,13.4,13.83,0.5,0.1818,-0.9833,29.1,31.0,31.0,station
2024-06-21,29.5,28.4,31.1,27.1,29.6,29.5,27.4,29.3,28.6,30.9,29.14,1.49,0.0,85,97,15.5,12.97,2.2,0.1648,-0.9863,30.1,29.0,29.0,station
2024-06-22,32.0,30.9,33.7,32.0,33.2,33.9,31.5,32.6,33.9,32.3,32.36,1.11,-0.48,70,74,14.5,21.79,0.2,0.1478,-0.989,32.5,34.0,34.0,station
2024-06-23,34.4,33.9,39.4,35.7,29.8,32.6,32.8,36.8,34.0,33.7,34.64,3.46,0.66,61,33,16.9,22.16,2.9,0.1308,-0.9914,33.7,33.0,33.0,station
2024-06-24,29.7,30.1,30.8,30.2,29.5,30.2,30.4,30.5,30.6,30.8,30.06,0.5,-0.44,55,40,20.5,24.74,0.0,0.1137,-0.9935,30.3,31.0,31.0,station
2024-06-25,30.1,30.7,33.1,31.3,29.5,31.4,32.0,32.3,30.6,29.6,30.94,1.38,-0.24,59,2,19.4,25.26,0.0,0.0966,-0.9953,32.1,32.0,32.0,station
2024-06-26,31.2,30.3,30.7,30.6,29.7,29.7,30.1,31.8,30.0,28.5,30.5,0.55,0.48,59,0,21.6,25.93,0.0,0.0795,-0.9968,32.1,31.0,31.0,station
2024-06-27,29.8,29.8,30.4,29.9,28.5,30.8,29.4,31.4,31.1,28.8,29.68,0.7,-0.62,67,30,18.5,26.25,0.0,0.0623,-0.9981,30.6,30.0,30.0,station
2024-06-28,29.9,30.1,30.9,29.1,28.9,31.6,30.1,31.9,29.3,29.1,29.78,0.81,-0.62,75,40,22.7,25.64,0.0,0.0451,-0.999,31.5,29.0,29.0,station
2024-06-29,26.0,26.0,26.6,24.2,24.6,28.5,27.0,27.6,27.4,24.7,25.48,1.03,-1.56,89,83,16.4,6.96,35.0,0.028,-0.9996,27.7,26.0,26.0,station
2024-06-30,30.8,30.9,34.0,31.9,31.9,31.9,32.0,32.3,32.4,31.8,31.9,1.29,-0.18,72,25,13.5,25.53,1.2,0.0108,-0.9999,32.4,34.0,34.0,station
2024-07-01,32.3,30.6,32.2,31.7,31.9,30.4,29.4,33.0,31.2,29.8,31.74,0.68,0.98,81,86,11.8,15.42,1.2,-0.0065,-1.0,29.5,30.0,30.0,station
2024-07-02,24.6,24.3,24.6,23.7,24.2,24.8,24.4,25.3,29.7,23.1,24.28,0.37,-1.18,88,88,30.5,7.29,38.2,-0.0237,-0.9997,24.4,24.0,24.0,station
2024-07-03,29.8,29.8,31.7,29.4,28.8,29.8,29.1,32.6,31.3,31.2,29.9,1.09,-0.9,78,44,18.7,22.11,0.1,-0.0408,-0.9992,30.4,31.0,31.0,station
2024-07-04,24.8,24.7,26.0,24.2,25.0,25.0,24.5,26.6,24.2,27.6,24.94,0.66,-0.64,87,72,27.7,8.61,26.0,-0.058,-0.9983,27.4,28.0,28.0,station
2024-07-05,30.7,29.0,29.8,29.1,28.5,29.8,29.3,31.4,28.8,30.5,29.42,0.85,-0.54,86,66,27.6,20.96,5.9,-0.0752,-0.9972,30.0,29.0,29.0,station
2024-07-06,30.3,29.5,32.1,30.1,30.0,32.1,29.8,30.4,31.0,27.9,30.4,0.99,0.16,77,72,28.1,22.97,29.9,-0.0923,-0.9957,30.0,31.0,31.0,station
2024-07-07,29.7,27.8,28.6,26.4,26.4,27.6,28.0,34.7,30.6,28.7,27.78,1.43,-2.14,89,96,14.5,8.56,29.6,-0.1094,-0.994,28.9,26.0,26.0,station
2024-07-08,29.9,28.6,33.1,27.0,26.4,27.0,30.1,24.5,25.3,24.8,29.0,2.67,2.66,81,100,10.1,12.52,13.3,-0.1265,-0.992,30.8,30.0,30.0,station
2024-07-09,29.0,26.3,29.2,28.7,31.0,27.4,26.7,32.7,29.1,32.1,28.84,1.68,-0.76,88,78,14.5,10.57,19.4,-0.1436,-0.9896,27.4,25.0,25.0,station
2024-07-10,29.9,31.0,31.9,30.1,30.5,29.8,31.6,32.1,30.4,31.2,30.68,0.8,-0.34,72,11,17.4,25.79,0.0,-0.1606,-0.987,30.0,31.0,31.0,station
2024-07-11,30.6,30.8,33.3,31.2,30.3,30.5,31.4,33.1,30.7,28.7,31.24,1.2,0.36,66,48,13.1,25.07,0.0,-0.1775,-0.9841,31.6,33.0,33.0,station
2024-07-12,30.1,30.2,32.2,31.3,31.3,30.2,31.3,33.2,30.1,31.2,31.02,0.88,-0.18,83,49,13.8,22.3,0.1,-0.1944,-0.9809,30.5,30.0,30.0,station
2024-07-13,27.7,29.0,30.8,28.6,28.8,28.2,29.3,30.9,28.5,28.7,28.98,1.13,-0.14,80,40,13.5,22.99,0.0,-0.2113,-0.9774,29.4,30.0,30.0,station
2024-07-14,27.7,29.1,32.0,29.8,27.9,28.4,29.4,31.2,30.5,29.8,29.3,1.74,-0.56,77,38,10.6,21.46,0.0,-0.2281,-0.9736,30.3,32.0,32.0,station
2024-07-15,29.1,29.3,31.2,29.9,29.1,29.1,29.8,32.0,29.6,29.9,29.72,0.89,-0.36,83,81,14.7,21.03,1.4,-0.2448,-0.9696,30.9,31.0,31.0,station
2024-07-16,27.8,26.8,27.6,25.6,26.8,27.8,27.4,27.8,26.2,24.8,26.92,0.87,0.12,92,96,26.2,9.87,17.9,-0.2614,-0.9652,27.5,26.0,26.0,station
2024-07-17,30.0,28.9,24.5,28.4,27.1,26.7,26.5,26.0,27.4,27.6,27.78,2.11,0.94,92,89,19.4,9.31,33.6,-0.278,-0.9606,27.9,28.0,28.0,station
2024-07-18,32.2,32.5,34.5,32.1,32.8,30.5,33.2,32.8,32.2,33.1,32.82,0.98,0.46,80,32,13.8,24.94,0.1,-0.2945,-0.9557,33.4,34.0,34.0,station
2024-07-19,31.8,33.2,33.1,31.0,33.0,32.5,31.9,34.8,30.7,32.4,32.42,0.98,-0.04,83,60,20.7,21.25,1.2,-0.3109,-0.9505,33.2,33.0,33.0,station
2024-07-20,28.4,26.8,31.5,26.9,30.0,27.8,26.7,29.5,26.9,27.0,28.72,2.03,1.14,87,66,25.5,13.26,37.8,-0.3272,-0.945,29.1,29.0,29.0,station
2024-07-21,32.3,31.8,34.3,31.6,30.9,33.0,31.5,32.9,32.8,31.5,32.18,1.29,-0.16,85,61,19.4,19.08,1.4,-0.3434,-0.9392,32.6,32.0,32.0,station
2024-07-22,32.3,28.3,31.5,30.7,31.8,30.4,28.1,27.2,28.5,31.1,30.92,1.58,1.86,90,85,23.1,6.47,104.2,-0.3595,-0.9332,31.4,28.0,28.0,station
2024-07-23,32.5,30.1,28.3,30.0,28.8,34.7,28.9,28.3,33.6,28.2,29.94,1.63,-0.8,91,81,16.2,10.81,68.6,-0.3755,-0.9268,30.6,27.0,27.0,station
2024-07-24,32.9,32.5,31.1,31.6,29.7,32.2,32.4,31.5,30.2,30.8,31.56,1.26,0.14,90,94,16.7,15.96,1.4,-0.3914,-0.9202,33.4,31.0,31.0,station
2024-07-25,30.9,31.0,30.2,29.2,29.2,30.8,31.4,30.7,29.3,30.0,30.1,0.88,-0.34,86,98,25.4,14.88,0.2,-0.4071,-0.9134,30.2,29.0,29.0,station
2024-07-26,30.3,30.5,32.5,29.8,30.4,29.8,30.8,33.4,30.1,29.4,30.7,1.04,0.0,88,85,20.1,13.31,15.1,-0.4228,-0.9062,30.4,31.0,31.0,station
2024-07-27,29.3,29.1,27.6,28.3,27.5,28.8,29.5,27.6,29.2,27.8,28.36,0.83,-0.22,92,100,23.5,5.9,46.9,-0.4383,-0.8988,28.6,28.0,28.0,station
2024-07-28,31.9,32.7,32.4,31.0,30.8,31.4,32.8,29.9,30.5,31.2,31.76,0.84,0.6,82,87,20.9,17.72,2.2,-0.4537,-0.8912,32.8,32.0,32.0,station
2024-07-29,33.9,35.4,33.7,32.5,33.1,33.6,35.0,33.8,33.3,32.5,33.72,1.09,0.08,83,90,14.9,20.25,8.2,-0.469,-0.8832,34.1,34.0,34.0,station
2024-07-30,33.7,34.6,34.9,33.0,34.2,33.8,34.9,34.6,32.9,33.4,34.08,0.75,0.16,80,13,18.6,23.48,0.0,-0.4841,-0.875,35.0,35.0,35.0,station
2024-07-31,33.5,35.4,34.2,33.3,33.8,33.4,35.4,34.1,33.8,33.1,34.04,0.83,0.08,78,20,20.0,21.76,0.1,-0.4991,-0.8666,34.5,36.0,36.0,station
2024-08-01,31.6,34.0,33.6,32.3,34.2,31.0,33.2,32.7,32.5,33.5,33.14,1.13,0.56,78,86,18.4,16.38,3.9,-0.5139,-0.8578,32.9,36.0,36.0,station
2024-08-02,33.1,34.3,33.4,34.2,34.5,34.1,35.6,34.4,33.9,34.8,33.9,0.61,-0.66,82,40,13.7,22.32,0.6,-0.5286,-0.8489,33.6,34.0,34.0,station
2024-08-03,32.3,33.6,34.7,33.0,33.8,32.1,33.6,34.1,32.8,32.2,33.48,0.9,0.52,87,59,17.5,19.26,5.3,-0.5431,-0.8397,33.4,34.0,34.0,station
2024-08-04,33.5,35.0,34.5,33.5,35.1,33.8,35.0,32.6,34.3,34.3,34.32,0.78,0.32,84,92,20.1,19.02,3.1,-0.5575,-0.8302,34.0,37.0,37.0,station
2024-08-05,33.5,32.2,34.2,37.5,33.9,34.0,32.6,33.8,36.3,31.9,34.26,1.97,0.54,86,92,15.5,18.87,7.1,-0.5717,-0.8205,32.4,31.0,31.0,station
2024-08-06,30.4,29.4,31.6,31.7,30.0,30.0,28.6,30.2,31.7,26.5,30.62,1.01,1.22,88,74,16.5,12.17,9.2,-0.5857,-0.8105,30.1,31.0,31.0,station
2024-08-07,31.6,32.4,33.9,32.7,31.8,30.0,33.0,33.1,32.3,30.6,32.48,0.91,0.68,85,54,12.5,22.64,3.6,-0.5996,-0.8003,33.2,34.0,34.0,station
2024-08-08,30.0,30.3,30.9,27.8,28.8,30.9,30.9,29.7,30.6,30.5,29.56,1.25,-0.96,88,59,9.4,18.09,13.2,-0.6132,-0.7899,31.6,32.0,32.0,station
2024-08-09,31.0,31.6,31.9,32.8,31.4,32.0,31.9,30.9,32.5,31.5,31.74,0.68,-0.02,87,96,16.0,17.87,1.0,-0.6267,-0.7792,31.5,32.0,32.0,station
2024-08-10,33.6,34.6,31.0,33.6,33.6,34.1,34.7,30.1,34.1,32.9,33.28,1.35,0.1,84,69,17.7,12.03,0.2,-0.64,-0.7683,33.6,32.0,32.0,station
2024-08-11,33.9,35.1,33.5,35.1,34.1,33.6,34.8,33.8,36.4,33.5,34.34,0.73,-0.08,80,15,17.4,22.38,0.1,-0.6532,-0.7572,34.9,35.0,35.0,station
2024-08-12,33.1,34.7,33.3,35.3,34.1,33.0,34.2,33.4,35.7,34.1,34.1,0.93,0.02,75,6,10.6,23.57,0.0,-0.6661,-0.7459,33.7,35.0,35.0,station
2024-08-13,33.0,32.9,33.3,35.1,33.1,32.7,32.5,32.8,32.4,32.7,33.48,0.92,0.86,82,37,11.9,20.77,2.0,-0.6788,-0.7343,32.2,35.0,35.0,station
2024-08-14,29.2,30.5,32.1,31.8,27.9,29.8,30.4,30.8,31.8,29.8,30.3,1.77,-0.22,90,69,12.3,12.64,13.1,-0.6914,-0.7225,30.5,31.0,31.0,station
2024-08-15,31.2,32.1,31.8,32.8,31.7,31.4,32.3,32.2,32.7,32.9,31.92,0.59,-0.38,83,12,7.9,22.38,0.0,-0.7037,-0.7105,32.0,33.0,33.0,station
2024-08-16,31.1,32.2,32.0,32.6,32.5,30.7,32.4,32.6,32.0,32.4,32.08,0.6,0.06,87,33,9.9,20.33,6.3,-0.7158,-0.6983,31.9,33.0,33.0,station
2024-08-17,31.1,32.4,31.1,33.8,32.6,31.5,32.6,32.3,33.0,32.5,32.2,1.14,-0.18,84,22,10.5,21.16,0.3,-0.7277,-0.6859,31.8,34.0,34.0,station
2024-08-18,30.7,31.5,31.5,32.1,32.3,30.5,31.6,32.0,31.2,30.7,31.62,0.63,0.42,84,42,11.6,20.36,2.4,-0.7394,-0.6733,31.4,34.0,34.0,station
2024-08-19,29.1,29.5,31.8,30.5,31.1,30.4,29.4,31.6,30.8,31.0,30.4,1.11,-0.24,85,86,15.3,17.79,4.3,-0.7509,-0.6605,30.8,33.0,33.0,station
2024-08-20,27.4,27.4,26.0,28.5,27.9,28.0,28.7,27.6,28.0,26.8,27.44,0.92,-0.38,92,84,13.0,7.51,21.8,-0.7621,-0.6474,27.9,28.0,28.0,station
2024-08-21,31.4,31.4,29.8,31.9,29.4,28.0,31.5,29.1,28.2,29.5,30.78,1.11,1.52,86,77,12.2,14.46,14.5,-0.7731,-0.6342,31.4,32.0,32.0,station
2024-08-22,31.5,32.4,31.7,31.4,32.6,32.0,33.0,31.3,31.9,32.7,31.92,0.54,-0.26,83,22,12.3,21.61,0.8,-0.7839,-0.6208,32.0,34.0,34.0,station
2024-08-23,32.6,33.2,33.2,34.3,34.5,32.6,33.7,33.3,33.0,33.3,33.56,0.81,0.38,84,12,11.8,21.25,0.8,-0.7945,-0.6073,32.6,34.0,34.0,station
2024-08-24,32.6,33.6,33.8,33.4,33.8,32.0,33.1,33.8,33.2,33.6,33.44,0.5,0.3,87,36,8.7,19.9,3.3,-0.8048,-0.5935,32.9,35.0,35.0,station
2024-08-25,32.1,33.2,33.7,34.1,33.9,32.0,33.0,31.7,31.2,35.0,33.4,0.8,0.82,84,87,12.3,15.91,0.2,-0.8149,-0.5796,32.8,34.0,34.0,station
2024-08-26,28.9,30.2,26.1,29.5,31.4,29.5,29.6,25.9,28.9,30.0,29.22,1.98,0.44,87,100,26.1,7.25,12.2,-0.8248,-0.5655,29.2,31.0,31.0,station
2024-08-27,28.0,26.8,27.4,29.1,27.4,26.1,28.0,27.8,28.9,25.9,27.74,0.87,0.4,81,62,38.5,10.34,190.4,-0.8344,-0.5512,28.2,28.0,28.0,station
2024-08-28,30.3,30.9,29.2,30.9,30.7,30.2,30.9,28.8,31.6,30.5,30.4,0.71,0.0,76,3,12.6,22.76,0.0,-0.8437,-0.5368,31.5,31.0,31.0,station
2024-08-29,30.1,31.2,29.7,30.6,31.5,29.9,30.9,29.9,30.7,31.5,30.62,0.75,0.04,82,22,8.7,21.17,0.0,-0.8528,-0.5222,30.7,32.0,32.0,station
2024-08-30,31.2,32.4,30.6,32.4,33.3,30.9,32.5,30.5,32.3,32.7,31.98,1.07,0.2,79,11,11.5,20.14,0.0,-0.8617,-0.5074,31.8,33.0,33.0,station
2024-08-31,29.9,31.5,30.6,31.5,32.4,30.3,32.2,30.8,31.6,32.2,31.18,0.96,-0.24,83,29,14.4,21.65,0.0,-0.8703,-0.4925,31.6,33.0,33.0,station
2024-09-01,32.7,33.2,32.5,33.4,35.1,32.7,33.0,32.5,32.5,33.8,33.38,1.03,0.48,86,97,16.7,18.25,12.7,-0.8786,-0.4775,32.9,34.0,34.0,station
2024-09-02,26.9,28.2,26.0,27.5,29.9,27.0,27.8,26.1,26.8,28.7,27.7,1.47,0.42,68,19,18.0,21.0,0.0,-0.8867,-0.4623,27.1,29.0,29.0,station
2024-09-03,28.1,29.0,27.6,28.3,31.7,28.5,29.5,27.6,28.5,30.5,28.94,1.62,0.02,72,35,7.5,21.66,0.0,-0.8945,-0.447,28.1,30.0,30.0,station
2024-09-04,28.6,30.1,29.7,29.3,30.0,29.3,30.2,29.6,30.1,30.7,29.54,0.61,-0.44,78,25,16.3,21.31,0.0,-0.9021,-0.4315,29.1,29.0,29.0,station
2024-09-05,29.4,28.6,30.0,30.5,32.7,30.8,28.2,30.4,29.6,33.6,30.24,1.55,-0.28,82,55,19.9,9.39,2.7,-0.9094,-0.4159,27.5,29.0,29.0,station
2024-09-06,27.2,28.5,26.6,27.7,30.7,27.4,28.9,27.0,28.0,30.9,28.14,1.59,-0.3,64,7,12.9,21.89,0.0,-0.9164,-0.4002,27.8,29.0,29.0,station
2024-09-07,27.9,29.4,27.6,28.6,30.2,27.8,29.3,27.4,28.5,31.5,28.74,1.07,-0.16,73,4,7.3,21.44,0.0,-0.9232,-0.3844,28.5,31.0,31.0,station
2024-09-08,28.8,29.5,30.7,29.5,30.7,28.6,29.7,30.1,29.1,30.5,29.84,0.84,0.24,79,3,14.2,20.39,0.0,-0.9296,-0.3685,29.7,32.0,32.0,station
2024-09-09,29.1,30.6,30.2,29.2,30.8,29.0,30.3,30.1,29.3,30.9,29.98,0.79,0.06,81,6,15.1,20.43,0.0,-0.9358,-0.3524,29.9,31.0,31.0,station
2024-09-10,31.5,31.4,32.5,32.3,33.0,31.6,31.9,32.2,31.2,33.5,32.14,0.68,0.06,84,12,13.6,19.67,0.1,-0.9418,-0.3363,32.3,33.0,33.0,station
2024-09-11,30.3,30.1,30.6,30.6,32.1,30.2,29.8,30.4,31.0,33.0,30.74,0.79,-0.14,79,81,14.0,17.73,0.2,-0.9474,-0.32,31.7,32.0,32.0,station
2024-09-12,28.4,26.3,26.5,28.6,27.0,29.4,27.0,24.3,28.3,26.0,27.36,1.07,0.36,84,96,14.2,9.55,2.2,-0.9528,-0.3037,28.6,29.0,29.0,station
2024-09-13,29.3,29.0,29.9,28.7,31.6,29.7,28.7,29.1,29.0,29.5,29.7,1.15,0.5,86,64,12.2,14.8,3.3,-0.9579,-0.2873,31.2,32.0,32.0,station
2024-09-14,27.2,26.6,25.1,24.8,27.6,29.0,26.9,25.0,27.1,27.2,26.26,1.25,-0.78,80,50,18.1,11.51,3.8,-0.9627,-0.2707,26.4,27.0,27.0,station
2024-09-15,25.5,25.4,24.8,25.1,29.6,26.3,26.1,24.8,25.6,28.9,26.08,1.99,-0.26,68,8,19.1,19.43,0.0,-0.9672,-0.2541,25.8,27.0,27.0,station
2024-09-16,28.5,29.3,28.4,29.2,32.5,28.4,29.1,28.2,28.4,32.6,29.58,1.68,0.24,73,10,11.5,19.59,12.5,-0.9714,-0.2375,29.6,31.0,31.0,station
2024-09-17,29.5,29.2,31.9,32.0,32.1,29.5,28.8,31.4,30.4,29.8,30.94,1.46,0.96,88,92,13.9,8.19,3.1,-0.9753,-0.2207,30.0,31.0,31.0,station
2024-09-18,28.3,29.8,30.9,30.6,31.6,30.4,29.2,31.8,29.6,31.0,30.24,1.26,-0.16,91,97,9.2,6.23,5.6,-0.979,-0.2039,28.7,31.0,31.0,station
2024-09-19,30.1,30.3,32.3,30.4,29.9,30.2,30.4,31.9,30.8,31.7,30.6,0.97,-0.4,89,61,10.7,11.16,2.0,-0.9824,-0.187,29.8,31.0,31.0,station
2024-09-20,29.8,29.7,29.5,29.4,26.0,30.7,28.6,30.1,30.2,28.8,28.88,1.62,-0.8,85,80,24.2,12.75,14.3,-0.9854,-0.1701,31.4,32.0,32.0,station
2024-09-21,22.1,21.9,20.7,21.4,21.7,22.8,22.6,21.0,21.7,21.8,21.56,0.55,-0.42,61,52,33.6,15.69,0.0,-0.9882,-0.1531,23.0,23.0,23.0,station
2024-09-22,22.1,23.1,21.5,22.0,22.8,22.2,23.3,21.5,21.4,22.8,22.3,0.64,0.06,56,1,23.8,19.91,0.0,-0.9907,-0.1361,22.6,24.0,24.0,station
2024-09-23,23.2,24.6,23.4,23.9,26.1,24.1,24.7,23.4,23.6,25.7,24.24,1.17,-0.06,60,53,11.1,19.42,0.0,-0.9929,-0.1191,24.1,26.0,26.0,station
2024-09-24,25.0,26.4,25.8,26.4,28.5,25.6,26.1,24.9,26.0,22.8,26.42,1.3,1.34,76,22,9.2,17.29,0.0,-0.9948,-0.102,26.3,27.0,27.0,station
2024-09-25,25.9,27.4,27.3,27.2,29.1,26.3,27.3,27.0,27.3,29.5,27.38,1.14,-0.1,74,21,12.2,18.63,0.0,-0.9964,-0.0848,27.4,29.0,29.0,station
2024-09-26,26.4,27.6,26.0,27.1,29.2,26.2,26.9,26.4,26.5,29.8,27.26,1.25,0.1,70,42,11.7,17.96,0.0,-0.9977,-0.0677,27.0,29.0,29.0,station
2024-09-27,25.7,26.9,26.8,27.3,29.0,25.6,26.8,26.1,27.1,28.7,27.14,1.2,0.28,64,14,11.7,18.17,0.0,-0.9987,-0.0505,26.9,29.0,29.0,station
2024-09-28,26.4,27.1,28.2,27.4,28.8,26.1,27.1,27.3,27.5,28.2,27.58,0.94,0.34,74,59,9.1,17.08,0.0,-0.9994,-0.0333,27.4,29.0,29.0,station
2024-09-29,27.6,27.6,27.7,28.1,28.8,27.2,27.6,28.0,27.7,28.8,27.96,0.51,0.1,81,52,21.3,15.89,0.0,-0.9999,-0.0161,28.4,28.0,28.0,station
2024-09-30,26.0,25.6,28.4,27.2,26.8,26.1,26.2,27.9,26.5,26.6,26.8,1.1,0.14,88,97,24.7,6.84,4.3,-1.0,0.0011,26.6,28.0,28.0,station
2024-10-01,21.0,20.8,20.2,20.5,20.9,20.8,21.4,20.4,20.6,21.1,20.68,0.33,-0.18,58,37,24.2,15.8,1.8,-0.9998,0.0183,21.0,21.0,21.0,station
2024-10-02,19.9,19.9,20.0,19.9,20.6,20.3,19.6,19.7,19.1,20.9,20.06,0.3,0.14,49,9,18.4,16.98,0.0,-0.9994,0.0355,20.7,20.0,20.0,station
2024-10-03,21.0,21.3,20.5,21.2,22.3,21.4,20.9,20.5,20.9,21.9,21.26,0.66,0.14,56,0,13.8,17.74,0.0,-0.9986,0.0527,21.7,22.0,22.0,station
2024-10-04,22.2,23.0,22.9,22.8,23.9,22.0,22.5,22.7,22.7,23.6,22.96,0.61,0.26,62,23,8.3,18.0,0.0,-0.9976,0.0698,22.5,23.0,23.0,station
2024-10-05,23.0,23.4,24.4,23.0,25.1,22.3,23.1,23.5,23.7,23.6,23.78,0.93,0.54,67,75,12.4,16.88,0.0,-0.9962,0.087,23.9,24.0,24.0,station
2024-10-06,22.6,21.1,20.0,20.0,23.0,21.3,20.9,18.9,19.0,22.3,21.34,1.41,0.86,74,90,8.7,7.28,2.9,-0.9946,0.1041,22.2,22.0,22.0,station
2024-10-07,21.4,20.7,21.3,21.4,22.4,21.8,21.1,19.8,21.1,23.6,21.44,0.61,-0.04,71,63,22.4,11.31,0.0,-0.9926,0.1212,20.8,22.0,22.0,station
2024-10-08,22.2,21.8,21.7,22.1,22.9,22.1,22.2,21.9,22.1,23.3,22.14,0.47,-0.18,65,22,16.9,15.24,0.0,-0.9904,0.1383,22.9,22.0,22.0,station
2024-10-09,22.7,23.1,23.2,23.0,23.8,23.0,22.7,23.7,22.8,23.6,23.16,0.4,0.0,59,52,15.3,16.4,0.0,-0.9879,0.1553,23.3,24.0,24.0,station
2024-10-10,23.3,25.2,24.0,24.7,25.9,23.2,24.6,25.1,24.7,26.3,24.62,1.01,-0.16,68,7,19.9,15.31,0.1,-0.9851,0.1722,23.6,24.0,24.0,station
2024-10-11,22.6,24.1,23.6,23.3,23.8,21.9,24.9,23.8,23.0,24.2,23.48,0.57,-0.08,73,6,14.5,16.37,0.0,-0.9819,0.1892,24.0,24.0,24.0,station
2024-10-12,24.7,25.0,24.5,24.3,25.8,23.4,24.5,23.8,23.9,25.1,24.86,0.59,0.72,78,72,17.1,14.36,0.1,-0.9785,0.206,24.8,25.0,25.0,station
2024-10-13,22.4,22.0,23.1,22.7,23.0,22.6,21.8,23.6,23.7,23.3,22.64,0.45,-0.36,80,100,16.3,4.42,2.8,-0.9749,0.2228,22.4,24.0,24.0,station
2024-10-14,25.1,24.7,21.6,24.3,21.5,24.1,25.5,23.2,25.3,20.9,23.44,1.75,-0.36,81,56,13.2,10.15,9.2,-0.9709,0.2396,24.5,23.0,23.0,station
2024-10-15,25.5,25.6,25.3,24.4,26.0,25.6,25.8,25.6,25.1,26.2,25.36,0.59,-0.3,73,28,19.4,13.78,0.0,-0.9666,0.2562,26.0,26.0,26.0,station
2024-10-16,21.3,22.6,23.1,22.4,22.8,21.2,23.1,23.4,22.0,23.2,22.44,0.69,-0.14,71,0,11.1,14.8,0.0,-0.9621,0.2728,22.1,22.0,22.0,station
2024-10-17,22.3,22.5,24.0,23.0,25.2,22.9,23.3,24.4,24.4,25.6,23.4,1.2,-0.72,79,69,17.3,11.33,8.2,-0.9572,0.2893,24.3,24.0,24.0,station
2024-10-18,20.6,20.1,20.1,22.0,22.8,22.9,20.3,20.2,17.9,22.4,21.12,1.22,0.38,91,100,32.5,4.33,69.6,-0.9521,0.3057,19.8,19.0,19.0,station
2024-10-19,12.5,13.9,11.8,12.1,12.0,13.0,14.2,12.0,11.3,13.1,12.46,0.84,-0.26,55,26,30.1,14.91,0.0,-0.9467,0.3221,12.5,13.0,13.0,station
2024-10-20,14.8,15.8,15.2,14.1,15.8,15.3,15.9,14.9,14.8,13.9,15.14,0.72,0.18,66,86,14.0,12.92,3.2,-0.941,0.3383,15.3,15.0,15.0,station
2024-10-21,15.9,15.5,15.7,15.6,14.4,18.2,16.5,13.2,16.6,13.2,15.42,0.59,-0.12,76,100,10.9,6.53,5.0,-0.9351,0.3545,16.4,18.0,18.0,station
2024-10-22,13.9,13.2,15.7,13.2,14.7,15.6,14.6,15.3,13.4,14.8,14.14,1.07,-0.6,83,90,31.5,3.99,4.4,-0.9288,0.3705,13.8,14.0,14.0,station
2024-10-23,16.9,18.3,16.8,16.4,18.6,16.8,18.3,17.7,16.7,17.5,17.4,0.98,0.0,66,2,16.1,14.51,0.0,-0.9223,0.3864,17.3,18.0,18.0,station
2024-10-24,19.9,21.2,20.1,19.4,21.2,19.4,20.8,20.2,18.6,21.2,20.36,0.81,0.32,73,0,10.1,14.11,0.0,-0.9155,0.4022,19.8,20.0,20.0,station
2024-10-25,20.4,20.4,21.3,20.1,21.8,20.7,21.6,21.5,20.0,22.2,20.8,0.72,-0.4,84,58,10.3,11.94,0.0,-0.9085,0.4179,20.3,21.0,21.0,station
2024-10-26,19.9,21.2,21.5,20.2,23.4,20.2,21.1,21.4,20.0,23.3,21.24,1.38,0.04,82,38,8.9,13.38,0.0,-0.9012,0.4335,19.9,21.0,21.0,station
2024-10-27,18.6,18.0,19.2,17.6,20.5,18.4,18.2,20.2,17.4,20.7,18.78,1.14,-0.2,76,93,19.0,9.48,0.0,-0.8936,0.4489,18.8,17.0,17.0,station
2024-10-28,17.4,18.7,18.0,17.1,19.7,17.5,18.4,18.3,17.4,19.8,18.18,1.05,-0.1,76,15,13.9,13.15,0.0,-0.8857,0.4642,17.9,18.0,18.0,station
2024-10-29,18.2,19.9,19.3,18.4,19.8,17.7,20.2,19.3,17.6,19.9,19.12,0.79,0.18,83,30,10.5,12.49,0.0,-0.8776,0.4794,18.6,20.0,20.0,station
2024-10-30,20.1,21.0,20.6,20.3,22.4,19.5,21.4,20.3,19.6,21.6,20.88,0.91,0.4,80,63,9.2,12.55,0.0,-0.8692,0.4944,20.4,22.0,22.0,station
2024-10-31,20.0,20.5,21.0,20.7,22.2,19.8,20.8,20.9,20.2,22.3,20.88,0.82,0.08,82,53,10.6,11.93,0.0,-0.8606,0.5093,20.6,21.0,21.0,station
2024-11-01,20.5,21.4,20.3,21.0,22.6,20.1,21.6,20.4,20.6,23.0,21.16,0.91,0.02,78,16,16.8,12.45,0.0,-0.8517,0.524,21.4,22.0,22.0,station
2024-11-02,21.1,22.8,22.6,22.2,24.8,21.6,22.3,22.1,22.0,25.0,22.7,1.35,0.1,83,35,14.9,11.69,0.0,-0.8426,0.5386,21.7,23.0,23.0,station
2024-11-03,21.9,22.5,22.8,21.9,24.1,21.8,22.4,22.5,21.9,23.7,22.64,0.9,0.18,74,30,17.8,12.55,0.0,-0.8332,0.553,22.1,24.0,24.0,station
2024-11-04,15.0,14.6,16.0,15.1,15.4,14.3,15.3,16.5,14.1,14.4,15.22,0.52,0.3,52,70,24.4,11.32,0.0,-0.8235,0.5672,15.6,16.0,16.0,station
2024-11-05,13.1,14.2,13.5,13.5,14.8,12.8,14.4,13.5,12.9,14.1,13.82,0.68,0.28,63,2,10.2,12.43,0.0,-0.8137,0.5813,13.2,14.0,14.0,station
2024-11-06,14.6,16.1,15.1,15.8,16.2,14.9,16.3,14.8,15.3,15.8,15.56,0.69,0.14,62,0,9.1,12.38,0.0,-0.8035,0.5952,15.3,16.0,16.0,station
2024-11-07,16.6,17.3,17.2,17.1,17.8,16.4,17.4,16.6,17.1,18.2,17.2,0.43,0.06,71,0,11.8,11.9,0.0,-0.7932,0.609,16.9,17.0,17.0,station
2024-11-08,17.6,18.0,17.5,17.7,18.8,17.0,17.5,16.5,17.9,19.3,17.92,0.53,0.28,80,14,15.2,11.47,0.0,-0.7826,0.6225,17.9,18.0,18.0,station
2024-11-09,18.6,17.9,18.1,18.4,19.7,19.0,18.5,18.8,19.5,20.4,18.54,0.7,-0.7,80,95,16.2,9.99,0.0,-0.7718,0.6359,19.3,19.0,19.0,station
2024-11-10,20.1,19.4,20.5,20.5,17.3,20.0,19.6,20.1,20.0,18.4,19.56,1.34,-0.06,79,65,13.1,9.68,0.0,-0.7607,0.6491,20.7,20.0,20.0,station
2024-11-11,18.6,19.4,18.3,16.9,20.7,19.3,18.8,19.4,20.0,20.7,18.78,1.4,-0.86,86,53,7.8,7.0,0.0,-0.7494,0.6621,19.5,19.0,19.0,station
2024-11-12,19.5,19.8,20.2,19.6,21.2,19.9,19.8,20.4,19.2,21.0,20.06,0.69,0.0,83,47,9.7,9.67,0.0,-0.7379,0.6749,20.1,19.0,19.0,station
2024-11-13,17.9,18.1,18.5,18.5,19.7,18.5,18.8,18.9,18.6,19.7,18.54,0.7,-0.36,84,94,15.9,4.65,0.4,-0.7262,0.6875,18.2,18.0,18.0,station
2024-11-14,19.1,17.7,16.1,16.3,16.9,19.3,16.9,16.2,16.7,18.2,17.22,1.22,-0.24,90,86,12.0,4.54,3.6,-0.7143,0.6998,19.6,18.0,18.0,station
2024-11-15,19.9,18.5,20.7,20.5,21.6,19.6,17.8,19.8,19.1,19.8,20.24,1.15,1.02,85,88,8.6,6.95,0.0,-0.7021,0.712,19.6,20.0,20.0,station
2024-11-16,17.4,17.1,17.0,16.5,17.9,16.9,16.4,16.2,16.0,16.6,17.18,0.52,0.76,80,99,23.1,4.14,0.4,-0.6898,0.724,16.9,17.0,17.0,station
2024-11-17,12.2,12.7,12.7,11.5,12.7,13.3,12.7,12.0,11.7,10.6,12.36,0.53,0.3,49,90,19.3,9.35,0.0,-0.6772,0.7358,12.6,12.0,12.0,station
2024-11-18,9.6,9.9,9.9,9.5,10.7,9.6,9.1,9.8,8.9,9.5,9.92,0.47,0.54,54,77,17.2,9.96,0.0,-0.6645,0.7473,10.1,10.0,10.0,station
2024-11-19,9.5,10.5,10.8,11.0,9.8,9.8,11.1,10.9,10.2,11.2,10.32,0.65,-0.32,63,88,8.0,6.24,0.0,-0.6515,0.7586,9.4,11.0,11.0,station
2024-11-20,13.4,13.4,13.4,13.1,14.4,13.6,13.6,13.6,13.7,14.2,13.54,0.5,-0.2,70,59,9.9,8.2,0.0,-0.6384,0.7697,13.3,14.0,14.0,station
2024-11-21,15.1,16.4,15.1,15.3,16.0,15.1,16.2,15.5,14.8,15.9,15.58,0.59,0.08,72,0,16.9,10.66,0.0,-0.625,0.7806,15.3,16.0,16.0,station
2024-11-22,12.1,13.2,12.7,12.5,13.2,12.1,13.1,12.5,12.4,12.6,12.74,0.47,0.2,65,19,16.9,9.98,0.0,-0.6115,0.7912,12.3,12.0,12.0,station
2024-11-23,10.6,12.1,11.2,11.3,12.0,10.5,12.0,11.4,11.9,12.1,11.44,0.62,-0.14,58,26,9.5,10.48,0.0,-0.5978,0.8016,10.9,12.0,12.0,station
2024-11-24,12.9,13.8,13.1,13.2,14.2,12.5,13.7,13.1,12.8,14.1,13.44,0.54,0.2,72,60,8.8,9.78,0.0,-0.584,0.8118,12.8,13.0,13.0,station
2024-11-25,11.1,9.9,10.5,9.8,8.4,10.7,9.7,10.1,9.7,9.2,9.94,1.01,0.06,86,88,24.1,1.21,9.8,-0.5699,0.8217,10.4,10.0,10.0,station
2024-11-26,3.4,4.1,4.5,3.8,2.5,4.7,4.6,4.7,4.3,2.0,3.66,0.76,-0.4,37,22,25.2,10.81,0.0,-0.5557,0.8314,3.6,4.0,4.0,station
2024-11-27,1.9,3.1,3.1,2.0,2.1,2.6,3.5,3.8,2.2,1.5,2.44,0.61,-0.28,33,5,28.3,10.84,0.0,-0.5413,0.8408,2.4,3.0,3.0,station
2024-11-28,5.9,6.5,5.5,5.9,6.1,6.1,6.7,5.8,5.3,6.3,5.98,0.36,-0.06,43,10,29.8,10.35,0.0,-0.5268,0.85,6.5,6.0,6.0,station
2024-11-29,12.1,13.8,11.1,12.0,12.7,11.2,13.0,9.7,11.2,11.8,12.34,1.0,0.96,50,0,22.7,10.24,0.0,-0.5121,0.859,13.0,14.0,14.0,station
2024-11-30,15.5,17.3,13.5,15.0,16.4,14.7,16.8,13.1,13.7,15.4,15.54,1.44,0.8,63,41,10.3,9.8,0.0,-0.4972,0.8676,15.6,16.0,16.0,station
2024-12-01,15.4,16.1,15.5,15.9,16.7,15.3,16.0,15.0,15.9,16.4,15.92,0.52,0.2,69,35,13.4,9.82,0.0,-0.4822,0.8761,15.7,17.0,17.0,station
2024-12-02,7.6,8.1,8.1,7.8,8.9,7.6,8.8,8.5,10.4,8.4,8.1,0.49,-0.64,71,25,21.5,9.04,0.0,-0.4671,0.8842,8.4,8.0,8.0,station
2024-12-03,6.9,7.7,7.5,7.2,7.8,7.4,7.9,7.8,7.3,8.1,7.42,0.37,-0.28,65,23,5.9,10.07,0.0,-0.4518,0.8921,7.1,9.0,9.0,station
2024-12-04,8.7,9.3,8.4,8.9,8.5,8.4,8.8,7.4,7.9,6.4,8.76,0.36,0.98,64,31,8.9,9.69,0.0,-0.4364,0.8998,8.7,9.0,9.0,station
2024-12-05,9.5,10.5,9.3,9.9,10.0,9.5,10.2,9.4,9.1,9.6,9.84,0.47,0.28,62,3,16.5,9.77,0.0,-0.4208,0.9071,10.1,9.0,9.0,station
2024-12-06,8.6,9.8,8.8,9.4,7.7,9.0,9.4,8.8,8.4,7.8,8.86,0.8,0.18,62,33,8.9,9.82,0.0,-0.4052,0.9142,9.3,10.0,10.0,station
2024-12-07,4.1,4.4,5.2,5.6,6.7,3.1,3.5,5.0,4.4,5.1,5.2,1.03,0.98,61,5,26.9,9.73,0.0,-0.3894,0.9211,5.8,5.0,5.0,station
2024-12-08,5.3,6.4,5.7,5.7,5.6,5.6,6.5,6.2,5.2,5.2,5.74,0.4,0.0,42,16,16.8,10.15,0.0,-0.3735,0.9276,5.6,6.0,6.0,station
2024-12-09,7.2,7.6,6.9,6.5,8.1,6.9,7.1,7.1,5.4,6.9,7.26,0.62,0.58,58,63,7.7,8.81,0.0,-0.3575,0.9339,6.3,7.0,7.0,station
2024-12-10,6.4,6.6,6.9,7.1,5.5,6.4,7.2,7.6,6.3,7.6,6.5,0.62,-0.52,73,70,11.4,8.07,0.0,-0.3413,0.9399,6.5,7.0,7.0,station
2024-12-11,6.8,7.2,7.2,7.0,8.0,6.0,6.5,7.2,5.8,6.8,7.24,0.46,0.78,64,53,18.2,8.2,0.0,-0.3251,0.9457,7.5,8.0,8.0,station
2024-12-12,4.5,5.0,4.7,4.5,4.3,4.4,4.8,5.7,4.6,5.0,4.6,0.26,-0.3,73,73,6.7,7.17,0.0,-0.3088,0.9511,4.4,4.0,4.0,station
2024-12-13,3.7,4.0,5.4,5.8,3.7,3.1,4.4,4.6,5.1,4.2,4.52,1.0,0.24,67,55,27.8,7.26,0.0,-0.2924,0.9563,5.8,6.0,6.0,station
2024-12-14,4.1,5.2,4.2,4.1,4.8,3.0,4.6,4.2,2.9,3.7,4.48,0.5,0.8,45,5,18.4,9.8,0.0,-0.2759,0.9612,4.4,5.0,5.0,station
2024-12-15,6.2,8.3,6.1,6.1,6.4,6.4,8.1,5.7,5.3,5.6,6.62,0.95,0.4,50,0,15.4,9.85,0.0,-0.2593,0.9658,6.5,7.0,7.0,station
2024-12-16,8.0,9.3,7.5,7.4,8.3,7.1,8.9,7.2,6.1,7.6,8.1,0.76,0.72,58,0,8.3,9.88,0.0,-0.2427,0.9701,7.5,8.0,8.0,station
2024-12-17,6.9,7.8,7.0,7.3,7.6,6.6,7.0,6.8,6.1,7.0,7.32,0.38,0.62,67,52,15.1,9.31,0.0,-0.226,0.9741,7.2,8.0,8.0,station
2024-12-18,2.2,2.5,3.3,2.4,3.2,2.9,3.0,3.9,2.3,2.6,2.72,0.5,-0.22,57,77,25.1,5.94,0.0,-0.2092,0.9779,2.5,4.0,4.0,station
2024-12-19,2.9,3.2,3.1,2.5,2.9,2.9,3.1,3.3,1.7,2.1,2.92,0.27,0.3,66,73,9.5,8.07,0.0,-0.1923,0.9813,3.2,2.0,2.0,station
2024-12-20,5.2,5.4,5.5,5.3,5.9,4.8,5.0,5.5,4.8,5.0,5.46,0.27,0.44,61,27,14.3,8.89,0.0,-0.1754,0.9845,5.4,5.0,5.0,station
2024-12-21,1.1,1.5,3.4,1.5,2.6,1.3,1.3,3.6,1.2,2.2,2.02,0.95,0.1,60,40,26.1,3.75,0.3,-0.1585,0.9874,0.6,1.0,1.0,station
2024-12-22,3.9,5.0,3.7,3.6,4.0,3.9,4.9,4.0,3.3,4.0,4.04,0.56,0.02,47,25,12.8,9.81,0.0,-0.1414,0.9899,4.3,4.0,4.0,station
2024-12-23,5.8,7.0,5.6,5.2,5.0,5.7,6.3,5.4,4.8,4.5,5.72,0.78,0.38,51,45,12.3,9.78,0.0,-0.1244,0.9922,5.6,6.0,6.0,station
2024-12-24,4.7,5.9,4.1,4.2,5.1,5.0,5.6,4.6,4.7,5.0,4.8,0.73,-0.18,73,73,8.2,7.2,0.0,-0.1073,0.9942,4.8,5.0,5.0,station
2024-12-25,7.7,8.2,6.7,7.2,8.5,7.6,8.1,7.5,7.1,7.4,7.66,0.73,0.12,63,94,12.2,8.33,0.0,-0.0902,0.9959,7.2,7.0,7.0,station
2024-12-26,3.3,3.9,4.3,2.5,3.9,2.6,3.4,3.9,2.5,3.7,3.58,0.7,0.36,59,20,19.4,9.13,0.0,-0.073,0.9973,3.0,4.0,4.0,station
2024-12-27,2.6,2.9,3.0,2.4,1.7,2.7,2.7,2.8,1.8,0.6,2.52,0.52,0.4,37,23,23.9,9.57,0.0,-0.0559,0.9984,3.0,3.0,3.0,station
2024-12-28,5.1,6.4,3.9,3.9,3.6,4.5,5.9,3.9,2.6,2.6,4.58,1.17,0.68,28,0,18.3,9.99,0.0,-0.0387,0.9993,5.5,6.0,6.0,station
2024-12-29,7.7,8.3,6.7,7.0,8.6,7.6,7.5,7.1,6.2,7.7,7.66,0.81,0.44,39,57,17.6,9.59,0.0,-0.0215,0.9998,8.1,8.0,8.0,station
2024-12-30,7.8,10.1,7.8,7.9,6.6,8.0,8.9,8.5,7.8,6.6,8.04,1.27,0.08,49,41,17.7,8.68,0.0,-0.0043,1.0,7.6,8.0,8.0,station
2024-12-31,6.3,8.3,6.4,6.3,6.6,5.9,8.2,6.0,5.6,5.7,6.78,0.86,0.5,60,1,11.9,10.08,0.0,0.0129,0.9999,6.9,,,
2025-01-01,10.6,11.2,9.2,9.7,11.1,9.8,9.8,8.3,8.9,9.7,10.36,0.88,1.06,61,0,8.7,9.98,0.0,0.0172,0.9999,9.0,10.0,10.0,station
2025-01-02,6.8,7.3,6.4,8.0,7.6,6.9,6.7,6.3,6.4,6.1,7.22,0.63,0.74,72,40,12.9,9.22,0.0,0.0344,0.9994,6.6,7.0,7.0,station
2025-01-03,5.6,6.6,5.7,5.3,4.7,5.5,6.4,5.3,4.9,3.7,5.58,0.69,0.42,60,0,12.2,10.18,0.0,0.0516,0.9987,5.9,6.0,6.0,station
2025-01-04,8.7,8.9,8.7,9.2,9.6,8.3,8.5,9.0,8.8,9.1,9.02,0.38,0.28,55,34,12.5,10.0,0.0,0.0688,0.9976,8.8,9.0,9.0,station
2025-01-05,9.8,10.7,10.4,10.4,10.9,9.2,9.9,9.7,9.2,10.2,10.44,0.42,0.8,75,8,17.0,10.02,0.0,0.0859,0.9963,10.1,11.0,11.0,station
2025-01-06,3.6,4.3,4.5,4.2,4.0,3.9,4.2,4.6,3.4,3.1,4.12,0.34,0.28,62,26,22.5,7.62,0.0,0.103,0.9947,3.7,4.0,4.0,station
2025-01-07,5.1,6.8,4.9,5.2,5.4,4.4,6.0,4.9,5.2,5.7,5.48,0.76,0.24,35,0,20.5,10.49,0.0,0.1201,0.9928,5.7,7.0,7.0,station
2025-01-08,1.9,1.7,1.3,1.6,3.3,1.9,2.0,1.2,1.2,2.6,1.96,0.78,0.18,52,40,23.5,7.12,0.0,0.1372,0.9905,3.2,3.0,3.0,station
2025-01-09,-1.3,-1.2,-0.5,-1.8,-0.5,-1.2,-0.8,-0.7,-1.8,-0.4,-1.06,0.56,-0.08,45,50,31.3,6.09,0.0,0.1542,0.988,-1.7,-1.0,-1.0,station
2025-01-10,2.1,2.4,1.8,2.3,1.8,2.7,2.9,2.4,1.4,0.8,2.08,0.28,0.04,37,1,19.8,10.7,0.0,0.1712,0.9852,2.3,2.0,2.0,station
2025-01-11,4.9,4.9,3.2,3.9,4.7,4.1,3.9,2.5,3.3,2.7,4.32,0.75,1.02,40,29,12.0,10.74,0.0,0.1881,0.9821,4.6,5.0,5.0,station
2025-01-12,4.7,5.2,4.2,4.7,4.4,4.7,4.8,4.7,4.3,3.5,4.64,0.38,0.24,50,13,11.9,10.66,0.0,0.205,0.9788,4.8,5.0,5.0,station
2025-01-13,8.8,9.0,8.2,9.0,8.8,8.1,9.0,8.3,8.1,8.7,8.76,0.33,0.32,47,0,17.1,10.7,0.0,0.2218,0.9751,8.9,10.0,10.0,station
2025-01-14,6.1,6.2,6.0,7.1,5.1,5.9,5.0,7.2,5.9,6.3,6.1,0.71,0.04,52,10,28.1,10.69,0.0,0.2385,0.9711,7.6,7.0,7.0,station
2025-01-15,1.5,2.2,2.1,1.1,1.5,1.6,2.3,2.0,1.1,0.8,1.68,0.46,0.12,35,1,20.3,11.19,0.0,0.2552,0.9669,1.6,2.0,2.0,station
2025-01-16,6.2,6.7,5.8,5.8,4.3,6.5,7.2,6.6,6.1,4.2,5.76,0.9,-0.36,40,0,13.6,11.28,0.0,0.2718,0.9624,5.5,7.0,7.0,station
2025-01-17,7.0,7.9,5.9,6.8,6.6,6.7,7.7,5.8,5.6,5.2,6.84,0.72,0.64,70,7,9.6,11.25,0.0,0.2883,0.9575,6.9,7.0,7.0,station
2025-01-18,9.6,10.2,8.4,8.9,8.7,9.1,9.6,8.4,8.6,8.1,9.16,0.73,0.4,66,88,14.5,9.55,0.0,0.3047,0.9524,10.3,10.0,10.0,station
2025-01-19,9.3,11.0,9.9,10.1,8.4,8.5,10.7,9.1,9.9,7.9,9.74,0.97,0.52,58,18,14.8,11.59,0.0,0.3211,0.9471,9.4,11.0,11.0,station
2025-01-20,7.8,9.1,8.4,8.4,7.8,7.8,9.2,8.4,8.3,7.1,8.3,0.54,0.14,70,0,10.4,11.46,0.0,0.3373,0.9414,7.9,10.0,10.0,station
2025-01-21,12.0,12.2,11.6,11.6,12.6,11.5,11.8,11.3,12.1,12.4,12.0,0.42,0.18,72,11,9.7,11.42,0.0,0.3534,0.9355,11.6,12.0,12.0,station
2025-01-22,7.6,8.1,8.2,9.2,9.0,5.5,8.0,9.6,9.0,8.9,8.42,0.66,0.22,74,53,13.2,6.56,0.0,0.3695,0.9292,7.1,8.0,8.0,station
2025-01-23,8.4,7.9,8.7,8.9,9.9,8.6,7.8,8.9,11.1,11.1,8.76,0.74,-0.74,79,20,9.8,10.76,0.0,0.3854,0.9227,8.1,7.0,7.0,station
2025-01-24,8.3,8.7,9.5,9.0,9.3,9.5,8.5,9.0,9.9,9.8,8.96,0.48,-0.38,75,20,12.0,11.0,0.0,0.4012,0.916,9.3,9.0,9.0,station
2025-01-25,7.0,6.6,7.2,7.6,7.8,7.6,6.7,7.8,7.4,7.8,7.24,0.48,-0.22,75,95,11.4,9.38,0.0,0.4169,0.9089,7.0,7.0,7.0,station
2025-01-26,2.7,2.0,4.1,3.9,3.3,3.5,1.8,3.9,2.9,3.4,3.2,0.87,0.1,72,83,26.6,4.9,0.7,0.4325,0.9016,3.1,3.0,3.0,station
2025-01-27,-1.7,-1.5,-0.5,-1.8,-1.2,-1.9,-1.2,0.1,-1.8,-1.3,-1.34,0.52,-0.12,27,0,28.6,12.59,0.0,0.4479,0.8941,-1.4,-1.0,-1.0,station
2025-01-28,-1.2,-0.5,-0.3,-1.6,-1.5,-1.0,-0.9,-0.3,-2.4,-1.4,-1.02,0.59,0.18,29,0,24.8,12.6,0.0,0.4633,0.8862,-1.2,-1.0,-1.0,station
2025-01-29,6.0,5.4,4.1,5.0,5.9,5.1,3.9,4.4,3.7,4.4,5.28,0.77,0.98,31,0,15.2,12.48,0.0,0.4784,0.8781,6.0,5.0,5.0,station
2025-01-30,5.5,7.1,7.4,8.1,7.4,7.1,7.5,7.4,4.8,7.2,7.1,0.97,0.3,80,78,14.1,5.05,0.0,0.4935,0.8698,7.7,7.0,7.0,station
2025-01-31,5.2,5.2,7.8,6.4,8.5,6.2,6.3,7.3,7.8,8.8,6.62,1.5,-0.66,89,100,16.4,3.37,0.0,0.5084,0.8611,5.8,6.0,6.0,station
2025-02-01,5.9,5.0,6.5,7.1,7.6,5.5,4.6,7.3,6.2,7.5,6.42,1.02,0.2,64,85,16.4,10.78,0.0,0.5231,0.8523,6.5,6.0,6.0,station
2025-02-02,4.1,2.7,6.8,4.2,6.4,4.6,2.3,6.1,6.7,7.8,4.84,1.72,-0.66,74,84,17.9,4.55,0.0,0.5377,0.8432,4.6,2.0,2.0,station
2025-02-03,0.7,1.6,1.2,0.1,1.5,0.8,1.3,1.4,0.3,1.0,1.02,0.62,0.06,59,14,27.3,13.14,0.0,0.5521,0.8338,1.3,1.0,1.0,station
2025-02-04,0.6,1.2,1.1,-0.1,1.6,0.5,0.7,1.0,-0.6,1.5,0.88,0.65,0.26,38,2,18.7,13.27,0.0,0.5664,0.8242,1.1,1.0,1.0,station
2025-02-05,-1.3,-0.5,-1.3,-2.0,-0.8,-1.1,-0.9,-1.1,-2.4,-1.1,-1.18,0.57,0.14,34,18,25.2,13.62,0.0,0.5805,0.8143,-1.2,-1.0,-1.0,station
2025-02-06,6.1,5.9,3.0,5.9,4.2,5.2,4.7,2.7,4.1,3.6,5.02,1.37,0.96,27,22,31.0,13.45,0.0,0.5944,0.8042,6.6,6.0,6.0,station
2025-02-07,-4.3,-4.3,-3.2,-3.9,-5.2,-3.5,-2.5,-3.9,-5.0,-5.9,-4.18,0.73,-0.02,35,30,35.4,12.99,0.0,0.6081,0.7938,-3.7,-4.0,-4.0,station
2025-02-08,-0.7,-0.9,-0.4,-1.2,-0.8,-0.2,-1.3,-0.5,-1.3,-1.1,-0.8,0.29,0.08,39,47,20.0,10.05,0.0,0.6217,0.7833,-1.0,-1.0,-1.0,station
2025-02-09,1.4,1.6,1.2,1.1,0.9,1.7,1.7,1.9,0.9,0.4,1.24,0.27,-0.08,33,3,10.3,14.16,0.0,0.6351,0.7725,1.3,1.0,1.0,station
2025-02-10,7.0,6.7,6.4,6.6,6.6,6.9,6.2,6.6,6.0,6.3,6.66,0.22,0.26,36,3,15.2,14.17,0.0,0.6483,0.7614,7.2,7.0,7.0,station
2025-02-11,7.9,8.7,7.4,7.9,8.3,8.4,7.9,7.5,7.9,8.4,8.04,0.49,0.02,80,51,21.5,12.7,3.1,0.6613,0.7502,8.7,9.0,9.0,station
2025-02-12,4.2,5.2,6.3,7.0,4.9,5.7,4.7,5.3,7.2,4.9,5.52,1.12,-0.04,64,77,28.0,9.17,1.0,0.6741,0.7387,4.8,5.0,5.0,station
2025-02-13,9.9,10.7,9.3,9.9,9.5,9.8,10.6,9.0,10.0,9.4,9.86,0.54,0.1,33,26,17.9,14.17,0.0,0.6867,0.727,10.1,10.0,10.0,station
2025-02-14,11.4,12.2,10.9,11.1,11.0,11.1,11.9,11.3,10.2,10.5,11.32,0.53,0.32,50,50,12.7,14.47,0.0,0.6991,0.715,11.9,11.0,11.0,station
2025-02-15,14.2,14.3,14.0,13.5,13.2,11.4,13.9,14.4,13.5,11.7,13.84,0.47,0.86,61,54,14.2,14.61,0.0,0.7113,0.7029,15.2,14.0,14.0,station
2025-02-16,7.3,8.2,8.3,8.1,9.0,7.9,9.0,9.3,9.2,8.6,8.18,0.61,-0.62,56,15,21.9,14.7,0.0,0.7233,0.6906,9.8,10.0,10.0,station
2025-02-17,5.9,6.8,5.7,7.2,6.4,6.2,6.7,5.5,6.1,6.1,6.4,0.62,0.28,51,23,16.2,14.93,0.0,0.735,0.678,6.5,7.0,7.0,station
2025-02-18,5.4,6.6,7.0,6.7,7.4,5.1,5.3,6.6,6.2,6.4,6.62,0.75,0.7,57,21,18.1,14.13,0.0,0.7466,0.6653,7.0,7.0,7.0,station
2025-02-19,5.2,5.6,6.2,5.9,6.3,5.3,5.5,5.7,5.8,5.9,5.84,0.45,0.2,51,56,12.0,15.19,0.0,0.7579,0.6523,5.6,6.0,6.0,station
2025-02-20,6.3,5.8,6.6,6.5,6.8,6.0,5.7,6.3,5.4,5.1,6.4,0.38,0.7,52,56,7.5,15.12,0.0,0.769,0.6392,6.4,7.0,7.0,station
2025-02-21,7.6,6.1,6.3,6.9,7.6,7.1,5.1,5.4,7.0,7.2,6.9,0.7,0.54,57,67,18.9,13.9,0.0,0.7799,0.6259,7.4,7.0,7.0,station
2025-02-22,3.4,3.4,4.8,4.0,3.5,2.8,3.3,4.7,3.5,2.0,3.82,0.6,0.56,49,72,12.4,14.06,0.1,0.7906,0.6124,3.9,3.0,3.0,station
2025-02-23,3.0,3.0,4.1,4.1,3.9,3.0,2.5,4.1,3.7,3.5,3.62,0.57,0.26,54,43,26.2,12.6,0.0,0.801,0.5987,3.3,3.0,3.0,station
2025-02-24,6.6,7.3,7.6,6.8,7.3,6.9,7.6,7.4,6.4,6.5,7.12,0.41,0.16,42,27,13.2,16.61,0.0,0.8112,0.5848,7.0,8.0,8.0,station
2025-02-25,11.6,12.2,11.9,12.3,11.5,11.6,12.2,11.9,11.7,9.9,11.9,0.35,0.44,43,61,14.6,15.09,0.0,0.8211,0.5708,12.5,12.0,12.0,station
2025-02-26,12.9,13.8,11.8,11.9,12.6,11.1,13.6,11.5,13.2,11.4,12.6,0.82,0.44,57,0,18.3,16.58,0.0,0.8308,0.5566,13.4,13.0,13.0,station
2025-02-27,12.1,12.5,11.8,11.2,11.5,12.3,13.1,12.7,12.4,12.1,11.82,0.51,-0.7,78,23,20.4,15.55,0.0,0.8402,0.5422,11.9,11.0,11.0,station
2025-02-28,17.9,15.5,15.5,15.6,15.9,17.3,15.4,14.6,16.0,15.2,16.08,1.03,0.38,86,47,17.7,15.64,0.0,0.8495,0.5277,16.5,15.0,15.0,station
2025-03-01,12.6,9.9,13.1,13.1,12.5,13.2,10.7,10.4,11.7,12.2,12.24,1.34,0.6,89,96,16.2,6.84,9.1,0.8584,0.513,13.8,12.0,12.0,station
2025-03-02,7.5,7.9,8.7,8.4,7.2,6.6,7.8,8.3,8.3,8.0,7.94,0.62,0.14,92,100,30.8,1.81,34.2,0.8671,0.4981,8.3,9.0,9.0,station
2025-03-03,9.3,7.9,5.4,7.9,7.9,8.2,8.2,6.8,8.3,6.1,7.68,1.41,0.16,59,98,24.5,12.02,0.8,0.8755,0.4831,8.4,7.0,7.0,station
2025-03-04,6.0,6.1,4.6,5.2,5.3,3.3,5.5,4.5,4.8,4.2,5.44,0.62,0.98,81,99,16.8,7.89,4.8,0.8837,0.468,6.8,5.0,5.0,station
2025-03-05,9.2,7.5,8.8,7.5,7.9,9.3,8.5,8.8,7.8,7.8,8.18,0.78,-0.26,75,77,16.9,11.73,0.2,0.8916,0.4527,9.3,8.0,8.0,station
2025-03-06,10.3,10.2,10.0,10.1,10.9,10.7,10.0,10.2,10.5,10.8,10.3,0.35,-0.14,60,25,19.1,15.98,0.0,0.8993,0.4373,11.0,10.0,10.0,station
2025-03-07,7.4,8.4,7.8,9.0,7.6,7.2,8.2,7.9,7.6,7.0,8.04,0.65,0.46,68,97,15.0,12.37,0.0,0.9067,0.4218,8.2,7.0,7.0,station
2025-03-08,13.6,13.7,13.2,14.6,14.8,14.4,14.3,13.1,14.6,14.4,13.98,0.69,-0.18,69,49,15.7,14.31,0.0,0.9138,0.4061,14.1,14.0,14.0,station
2025-03-09,14.7,13.8,12.8,14.0,13.7,14.3,14.3,12.2,14.2,12.5,13.8,0.68,0.3,71,59,19.3,17.63,0.0,0.9207,0.3904,14.7,14.0,14.0,station
2025-03-10,13.5,13.1,12.6,12.3,13.0,13.3,13.1,13.1,12.8,12.9,12.9,0.46,-0.14,83,56,20.5,16.61,0.0,0.9272,0.3745,14.1,12.0,12.0,station
2025-03-11,14.8,13.2,13.5,13.1,12.4,14.5,13.3,11.8,13.6,11.7,13.4,0.88,0.42,87,89,20.1,11.9,0.0,0.9335,0.3585,15.0,14.0,14.0,station
2025-03-12,17.2,17.8,15.6,17.3,17.2,15.9,17.0,14.8,15.7,18.0,17.02,0.83,0.74,59,83,21.6,17.61,0.0,0.9396,0.3424,18.3,19.0,19.0,station
2025-03-13,14.6,15.1,14.8,14.3,15.0,14.3,15.4,15.4,14.9,13.9,14.76,0.32,-0.02,46,85,19.6,17.78,0.0,0.9453,0.3261,15.7,16.0,16.0,station
2025-03-14,14.1,14.1,14.2,15.7,14.7,13.6,13.6,14.3,14.6,15.2,14.56,0.68,0.3,52,61,19.3,16.53,0.0,0.9508,0.3098,15.1,16.0,16.0,station
2025-03-15,12.0,12.3,13.2,12.6,14.4,11.5,12.2,13.8,14.2,14.0,12.9,0.95,-0.24,42,97,19.2,12.61,0.6,0.956,0.2934,13.3,13.0,13.0,station
2025-03-16,7.1,6.6,7.7,7.7,8.4,6.9,6.6,7.7,7.3,7.8,7.5,0.68,0.24,43,52,31.9,16.78,0.0,0.9609,0.2769,7.6,7.0,7.0,station
2025-03-17,11.9,11.8,11.1,12.4,14.0,11.9,10.8,11.2,12.8,13.8,12.24,1.09,0.14,47,9,32.0,18.72,0.0,0.9655,0.2604,13.1,13.0,13.0,station
2025-03-18,6.1,7.0,6.5,6.5,7.4,6.3,7.3,7.0,7.1,8.1,6.7,0.5,-0.46,49,10,24.8,20.01,0.1,0.9698,0.2437,6.0,7.0,7.0,station
2025-03-19,16.1,17.0,16.4,16.5,17.5,16.5,16.2,16.9,15.4,17.1,16.7,0.55,0.28,42,11,18.2,18.04,0.0,0.9739,0.227,17.0,17.0,17.0,station
2025-03-20,20.7,22.1,20.7,22.5,21.9,20.5,22.2,21.5,21.9,21.8,21.58,0.83,0.0,38,0,19.9,19.81,0.0,0.9777,0.2102,22.1,23.0,23.0,station
2025-03-21,23.3,25.4,23.7,25.1,24.6,22.6,25.4,22.7,23.3,24.3,24.42,0.9,0.76,28,0,21.8,19.91,0.0,0.9811,0.1934,24.5,26.0,26.0,station
2025-03-22,26.4,27.9,25.8,27.7,26.8,25.9,28.0,25.4,27.9,26.6,26.92,0.88,0.16,25,0,19.0,20.22,0.0,0.9843,0.1765,27.5,28.0,28.0,station
2025-03-23,24.2,24.6,25.5,23.4,25.6,25.2,24.5,24.3,22.0,25.4,24.66,0.92,0.38,24,75,19.8,15.08,0.0,0.9872,0.1595,26.4,24.0,24.0,station
2025-03-24,22.0,22.5,21.6,23.1,22.7,21.2,22.5,19.6,25.2,25.3,22.38,0.59,-0.38,39,6,23.2,20.26,0.0,0.9898,0.1425,23.3,22.0,22.0,station
2025-03-25,22.3,22.4,23.2,21.5,23.2,25.0,22.8,24.1,23.8,27.1,22.52,0.71,-2.04,38,14,29.3,20.49,0.0,0.9921,0.1255,21.7,22.0,22.0,station
2025-03-26,23.3,21.7,17.0,18.8,22.1,19.6,21.6,17.7,16.6,22.2,20.58,2.6,1.04,54,60,25.0,18.98,0.0,0.9941,0.1084,20.7,18.0,18.0,station
2025-03-27,15.1,13.5,15.5,15.5,15.2,14.9,13.3,13.8,14.5,17.6,14.96,0.84,0.14,44,87,27.5,7.06,0.0,0.9958,0.0913,12.8,14.0,14.0,station
2025-03-28,10.9,10.3,11.4,11.6,10.7,11.5,9.7,10.8,12.1,10.8,10.98,0.53,0.0,57,58,11.4,12.99,1.1,0.9972,0.0741,10.0,10.0,10.0,station
2025-03-29,9.3,9.5,9.7,8.6,10.2,10.2,10.0,10.8,9.5,10.2,9.46,0.59,-0.68,47,13,22.4,21.14,0.1,0.9984,0.057,10.2,10.0,10.0,station
2025-03-30,15.0,14.4,14.2,14.9,16.0,15.5,14.7,14.4,12.8,14.8,14.9,0.7,0.46,48,22,15.5,20.34,0.0,0.9992,0.0398,15.7,15.0,15.0,station
2025-03-31,17.1,17.3,17.9,17.2,16.9,17.8,18.0,17.9,18.4,18.6,17.28,0.38,-0.86,42,51,22.9,18.51,0.0,0.9997,0.0226,18.2,17.0,17.0,station
2025-04-01,18.9,18.4,20.4,17.5,18.4,18.7,18.7,19.9,17.1,16.9,18.72,1.07,0.46,48,7,29.6,20.7,0.0,1.0,0.0054,19.1,17.0,17.0,station
2025-04-02,15.5,15.9,16.1,18.2,16.8,15.8,16.6,18.1,16.3,17.2,16.5,1.06,-0.3,50,7,23.4,21.42,0.0,0.9999,-0.0118,16.0,17.0,17.0,station
2025-04-03,17.2,16.6,16.7,16.7,16.3,17.1,16.7,15.5,16.4,15.7,16.7,0.32,0.42,57,13,18.9,21.39,0.0,0.9996,-0.029,17.2,16.0,16.0,station
2025-04-04,17.1,15.9,15.5,15.2,16.8,18.3,16.0,17.5,14.8,17.2,16.1,0.82,-0.66,67,59,28.4,17.86,3.5,0.9989,-0.0462,17.1,15.0,15.0,station
2025-04-05,17.0,16.9,17.0,16.7,16.3,17.4,17.5,17.2,16.6,17.8,16.78,0.29,-0.52,54,17,26.8,21.88,1.4,0.998,-0.0634,15.9,16.0,16.0,station
2025-04-06,21.5,21.3,23.5,19.4,21.0,24.2,22.9,25.2,21.1,21.5,21.34,1.46,-1.64,49,0,22.3,21.83,0.0,0.9968,-0.0805,21.1,19.0,19.0,station
2025-04-07,29.3,26.7,31.1,28.3,30.4,29.3,27.1,30.8,28.1,29.2,29.16,1.74,0.26,53,57,19.0,19.79,0.0,0.9952,-0.0977,28.8,22.0,22.0,station
2025-04-08,21.4,20.5,22.8,22.4,22.5,21.5,20.3,22.1,22.5,21.1,21.92,0.95,0.42,52,56,16.1,21.01,0.0,0.9934,-0.1148,21.8,22.0,22.0,station
2025-04-09,18.4,19.5,19.2,19.6,21.1,18.9,18.3,16.5,19.6,18.5,19.56,0.98,1.2,57,26,20.6,21.23,0.5,0.9913,-0.1319,22.3,21.0,21.0,station
2025-04-10,20.8,21.1,22.4,20.4,20.3,20.2,20.8,23.3,22.3,22.2,21.0,0.85,-0.76,64,1,16.8,22.14,0.0,0.9889,-0.1489,21.4,22.0,22.0,station
2025-04-11,19.8,19.2,16.0,17.8,19.8,18.0,19.0,17.5,17.4,17.6,18.52,1.63,0.62,72,55,26.1,18.91,5.0,0.9861,-0.1659,18.5,18.0,18.0,station
2025-04-12,16.7,14.3,14.4,14.3,15.5,15.4,14.0,15.5,16.5,15.2,15.04,1.06,-0.28,41,70,35.1,14.83,2.9,0.9831,-0.1828,15.6,16.0,16.0,station
2025-04-13,15.5,14.6,15.6,14.3,13.1,15.1,15.2,13.1,14.8,13.9,14.62,1.02,0.2,26,28,34.9,22.23,0.0,0.9799,-0.1997,15.2,15.0,15.0,station
2025-04-14,16.2,16.2,14.3,15.2,17.3,13.9,18.1,15.9,15.1,17.5,15.84,1.14,-0.26,51,47,39.6,16.51,0.0,0.9763,-0.2165,16.2,18.0,18.0,station
2025-04-15,27.5,28.4,26.6,24.9,28.0,25.4,26.6,25.4,24.3,27.8,27.08,1.39,1.18,56,28,13.0,22.32,0.0,0.9724,-0.2333,27.8,29.0,29.0,station
2025-04-16,31.5,29.2,32.4,28.9,32.1,30.4,29.5,30.7,24.5,31.2,30.82,1.65,1.56,49,36,19.9,21.17,0.0,0.9683,-0.25,30.7,27.0,27.0,station
2025-04-17,33.4,31.2,32.1,31.2,33.6,31.1,29.7,29.6,31.6,33.7,32.3,1.16,1.16,58,49,19.4,17.78,0.0,0.9638,-0.2666,31.4,31.0,31.0,station
2025-04-18,22.7,20.2,22.9,24.0,22.6,23.6,21.0,23.2,24.1,24.2,22.48,1.39,-0.74,61,62,19.1,19.53,0.0,0.9591,-0.2831,21.7,22.0,22.0,station
2025-04-19,20.6,20.4,21.6,20.6,22.2,19.7,20.8,21.7,21.2,23.2,21.08,0.78,-0.24,70,52,19.2,20.75,1.4,0.9541,-0.2996,18.6,19.0,19.0,station
2025-04-20,20.6,20.4,23.2,19.9,20.9,20.3,20.6,20.6,21.4,20.9,21.0,1.28,0.24,73,0,17.0,22.77,0.0,0.9488,-0.316,21.8,21.0,21.0,station
2025-04-21,18.9,18.1,18.0,17.6,17.2,18.7,18.6,19.9,17.8,18.5,17.96,0.63,-0.74,82,62,22.6,20.26,2.9,0.9432,-0.3322,18.6,18.0,18.0,station
2025-04-22,21.1,20.6,23.3,22.8,21.4,21.4,21.5,23.9,23.4,18.1,21.84,1.15,0.18,68,66,25.4,21.9,0.5,0.9373,-0.3484,21.7,23.0,23.0,station
2025-04-23,24.8,25.4,27.2,23.1,23.5,24.6,24.4,25.5,23.3,22.8,24.8,1.64,0.68,60,36,15.5,23.58,0.0,0.9312,-0.3645,24.3,24.0,24.0,station
2025-04-24,18.1,19.6,18.2,19.3,20.4,17.9,19.7,18.5,19.7,19.5,19.12,0.97,0.06,40,98,23.5,22.15,0.0,0.9248,-0.3804,19.1,19.0,19.0,station
2025-04-25,24.0,23.1,23.7,23.9,24.1,23.3,22.6,24.3,22.1,23.7,23.76,0.4,0.56,36,8,22.2,23.62,0.0,0.9181,-0.3963,24.4,22.0,22.0,station
2025-04-26,27.3,26.5,28.2,25.1,25.9,27.2,26.2,27.9,25.2,25.8,26.6,1.2,0.14,45,45,23.3,23.32,0.0,0.9112,-0.412,28.4,25.0,25.0,station
2025-04-27,25.2,23.2,25.3,25.5,23.4,25.8,24.1,25.5,24.7,24.1,24.52,1.12,-0.32,48,88,15.9,18.75,0.0,0.9039,-0.4276,23.9,26.0,26.0,station
2025-04-28,23.8,24.9,25.2,24.1,26.1,25.3,25.6,26.0,24.0,26.6,24.82,0.91,-0.68,54,8,14.0,23.89,0.0,0.8965,-0.4431,24.1,24.0,24.0,station
2025-04-29,30.3,29.3,31.2,27.7,29.4,30.1,29.1,30.5,26.3,29.8,29.58,1.3,0.42,47,22,22.5,22.8,0.0,0.8887,-0.4585,30.3,29.0,29.0,station
2025-04-30,28.9,27.6,30.0,26.7,27.4,29.3,27.4,29.6,26.7,28.0,28.12,1.32,-0.08,52,35,28.3,22.2,5.3,0.8807,-0.4737,28.8,27.0,27.0,station
2025-05-01,23.3,24.0,23.2,22.5,23.4,23.9,25.0,23.1,23.4,23.6,23.28,0.54,-0.52,57,34,26.9,24.34,0.2,0.8724,-0.4888,22.9,23.0,23.0,station
2025-05-02,19.4,17.6,20.1,18.4,18.6,20.1,17.5,20.7,20.1,21.1,18.82,0.96,-1.08,62,74,28.8,18.84,3.5,0.8639,-0.5037,19.9,20.0,20.0,station
2025-05-03,20.1,20.9,22.1,20.4,20.0,20.2,21.4,22.7,20.6,19.6,20.7,0.86,-0.2,51,26,23.9,24.49,0.0,0.8551,-0.5185,20.0,21.0,21.0,station
2025-05-04,23.8,22.8,24.8,23.1,22.8,23.4,23.0,25.9,22.9,21.9,23.46,0.85,0.04,48,31,19.0,24.67,0.0,0.846,-0.5331,24.5,23.0,23.0,station
2025-05-05,19.2,17.4,17.7,17.0,17.1,19.3,17.3,18.0,18.4,15.5,17.68,0.89,-0.02,70,65,21.0,17.73,0.4,0.8367,-0.5476,18.8,17.0,17.0,station
2025-05-06,19.5,18.4,19.3,20.1,18.7,20.2,19.3,19.9,20.6,19.7,19.2,0.67,-0.74,79,78,16.1,14.39,19.0,0.8272,-0.5619,18.6,17.0,17.0,station
2025-05-07,19.7,20.6,20.6,20.1,16.3,21.1,21.7,21.3,21.8,18.5,19.46,1.81,-1.42,82,62,18.9,18.78,0.1,0.8174,-0.5761,21.7,20.0,20.0,station
2025-05-08,18.4,18.0,20.3,18.1,18.4,17.6,18.3,19.9,19.2,19.1,18.64,0.94,-0.18,77,100,21.4,13.69,1.9,0.8074,-0.59,18.1,19.0,19.0,station
2025-05-09,14.5,14.9,13.1,13.7,14.1,18.3,15.0,15.5,14.9,14.4,14.06,0.7,-1.56,89,100,23.1,5.8,16.2,0.7971,-0.6038,14.8,14.0,14.0,station
2025-05-10,20.4,20.6,21.5,19.8,19.9,20.2,20.4,21.5,21.2,19.4,20.44,0.68,-0.1,69,46,25.7,20.47,2.5,0.7866,-0.6175,20.5,21.0,21.0,station
2025-05-11,24.0,25.4,26.2,23.2,24.5,24.0,26.2,26.4,23.0,24.1,24.66,1.17,-0.08,56,23,19.0,25.15,0.0,0.7759,-0.6309,24.7,24.0,24.0,station
2025-05-12,29.5,30.3,31.8,30.4,32.6,29.0,29.9,32.8,27.0,32.7,30.92,1.25,0.64,53,47,18.7,24.33,0.0,0.7649,-0.6442,30.5,32.0,32.0,station
2025-05-13,26.6,27.6,28.0,25.3,26.1,24.9,28.1,27.4,24.6,26.1,26.72,1.1,0.5,56,91,25.3,21.09,0.0,0.7537,-0.6572,26.2,26.0,26.0,station
2025-05-14,28.7,27.0,30.4,26.4,30.9,30.8,27.8,29.7,25.4,29.3,28.68,1.99,0.08,77,90,19.1,13.95,2.7,0.7423,-0.6701,25.1,21.0,21.0,station
2025-05-15,23.1,23.3,27.2,24.8,25.3,25.2,25.4,25.8,25.9,27.7,24.74,1.67,-1.26,80,99,13.8,20.61,0.0,0.7306,-0.6828,23.3,24.0,24.0,station
2025-05-16,23.6,24.3,25.0,23.1,23.9,23.5,23.6,23.6,23.2,23.7,23.98,0.72,0.46,86,61,20.1,19.71,0.0,0.7188,-0.6952,24.3,23.0,23.0,station
2025-05-17,25.2,23.8,22.4,23.7,27.1,24.1,23.4,27.7,24.8,30.2,24.44,1.79,-1.6,61,63,34.5,24.58,0.0,0.7067,-0.7075,24.5,25.0,25.0,station
2025-05-18,22.2,21.7,25.2,21.6,21.3,23.3,22.3,25.4,23.3,22.6,22.4,1.6,-0.98,57,37,25.5,25.05,0.0,0.6945,-0.7195,22.6,23.0,23.0,station
2025-05-19,35.5,34.0,39.6,34.0,37.2,34.4,33.2,38.2,28.4,35.4,36.06,2.38,2.14,58,18,22.4,24.55,0.0,0.682,-0.7314,35.7,33.0,33.0,station
2025-05-20,33.7,34.3,36.6,29.6,32.7,33.8,34.1,36.5,29.2,33.3,33.38,2.55,0.0,64,18,22.2,24.84,0.0,0.6693,-0.743,34.9,33.0,33.0,station
2025-05-21,31.6,30.3,32.9,30.5,32.8,31.5,30.3,31.5,29.3,33.1,31.62,1.23,0.48,78,55,15.9,21.75,0.1,0.6564,-0.7544,32.7,33.0,33.0,station
2025-05-22,27.7,28.3,30.8,28.4,27.7,28.1,28.7,30.7,28.8,28.4,28.58,1.28,-0.36,44,89,19.9,23.51,0.0,0.6433,-0.7656,27.7,28.0,28.0,station
2025-05-23,21.5,19.7,22.5,21.2,22.7,23.0,21.1,23.3,24.3,21.8,21.52,1.2,-1.18,57,77,18.4,8.65,1.2,0.6301,-0.7765,21.3,21.0,21.0,station
2025-05-24,24.9,26.2,26.7,25.4,24.9,25.5,26.8,27.1,25.6,25.4,25.62,0.8,-0.46,54,12,22.6,23.48,0.0,0.6166,-0.7873,24.8,26.0,26.0,station
2025-05-25,29.3,29.3,31.6,29.0,29.6,29.5,29.8,31.8,28.9,29.5,29.76,1.05,-0.14,34,42,16.7,25.16,0.0,0.603,-0.7978,30.1,29.0,29.0,station
2025-05-26,29.2,29.1,31.7,29.0,29.3,29.8,29.5,31.4,28.5,28.2,29.66,1.15,0.18,37,70,15.9,21.92,0.0,0.5892,-0.808,29.9,30.0,30.0,station
2025-05-27,29.0,29.5,30.3,29.4,29.3,28.8,29.5,31.9,28.7,29.3,29.5,0.48,-0.14,46,5,19.0,24.51,0.0,0.5752,-0.818,29.5,29.0,29.0,station
2025-05-28,28.1,28.5,27.9,27.0,27.5,28.1,28.5,27.0,28.4,28.3,27.8,0.57,-0.26,50,1,20.4,25.44,0.0,0.561,-0.8278,28.0,27.0,27.0,station
2025-05-29,27.6,28.1,27.9,27.0,25.8,28.6,28.6,28.5,27.4,27.1,27.28,0.93,-0.76,51,2,17.6,25.14,0.0,0.5467,-0.8373,27.6,27.0,27.0,station
2025-05-30,29.7,29.9,29.4,28.3,28.1,29.8,30.4,32.5,29.9,29.1,29.08,0.83,-1.26,61,60,16.8,24.78,0.0,0.5322,-0.8466,29.6,29.0,29.0,station
2025-05-31,24.4,23.9,25.7,24.3,23.4,26.6,24.9,24.5,25.2,24.1,24.34,0.86,-0.72,69,83,15.9,9.71,0.0,0.5176,-0.8556,23.7,26.0,26.0,station
2025-06-01,24.9,25.6,26.7,25.2,24.2,25.4,25.6,27.0,24.2,23.6,25.32,0.93,0.16,61,78,17.8,22.82,0.0,0.5028,-0.8644,26.5,25.0,25.0,station
2025-06-02,23.6,23.4,25.1,23.7,21.9,23.5,23.5,26.1,23.5,20.4,23.54,1.14,0.14,72,87,15.7,20.71,2.9,0.4878,-0.8729,24.7,22.0,22.0,station
2025-06-03,29.9,30.1,31.5,28.4,29.6,31.3,31.0,33.1,30.1,28.4,29.9,1.11,-0.88,45,20,30.8,25.48,0.0,0.4728,-0.8812,31.4,32.0,32.0,station
2025-06-04,30.6,32.3,31.4,31.1,31.3,30.9,33.5,32.5,30.0,31.4,31.34,0.62,-0.32,27,11,21.6,26.53,0.0,0.4575,-0.8892,32.3,31.0,31.0,station
2025-06-05,34.1,32.9,37.3,34.6,30.9,34.0,34.2,35.0,35.3,30.5,33.96,2.35,0.16,40,81,25.7,20.14,0.0,0.4422,-0.8969,34.9,32.0,32.0,station
2025-06-06,34.3,33.6,34.0,34.7,30.8,32.6,32.8,30.3,32.5,29.1,33.48,1.55,2.02,48,75,22.7,21.92,0.0,0.4267,-0.9044,35.6,34.0,34.0,station
2025-06-07,34.8,32.5,34.2,35.1,32.8,35.7,33.0,33.2,35.4,32.7,33.88,1.17,-0.12,61,88,15.1,20.86,0.0,0.4111,-0.9116,35.0,34.0,34.0,station
2025-06-08,30.3,28.4,31.6,30.0,28.6,31.4,30.1,30.9,31.1,28.1,29.78,1.32,-0.54,74,86,19.8,22.71,0.7,0.3953,-0.9185,32.0,30.0,30.0,station
2025-06-09,29.9,31.3,31.5,32.2,28.0,32.5,32.8,30.6,32.6,28.0,30.58,1.67,-0.72,71,87,22.7,21.1,12.1,0.3795,-0.9252,32.1,29.0,29.0,station
2025-06-10,27.9,27.8,30.9,28.6,28.4,29.6,28.8,30.9,29.6,29.6,28.72,1.26,-0.98,63,88,18.2,24.56,0.1,0.3635,-0.9316,29.1,29.0,29.0,station
2025-06-11,29.8,30.6,33.3,30.4,28.8,28.8,30.6,31.3,29.8,28.1,30.58,1.67,0.86,57,8,16.8,26.0,0.0,0.3474,-0.9377,31.6,31.0,31.0,station
2025-06-12,26.8,27.7,28.1,28.1,26.7,27.0,27.8,28.1,27.3,26.4,27.48,0.69,0.16,56,1,24.2,26.24,0.0,0.3312,-0.9436,28.5,28.0,28.0,station
2025-06-13,26.5,24.4,22.2,23.7,26.5,26.5,24.9,22.1,23.6,25.1,24.66,1.86,0.22,79,85,18.8,15.06,1.0,0.3149,-0.9491,27.8,25.0,25.0,station
2025-06-14,31.2,29.5,28.1,32.4,27.8,34.9,28.2,27.2,32.2,27.6,29.8,1.98,-0.22,82,87,20.7,15.65,0.6,0.2986,-0.9544,29.4,27.0,27.0,station
2025-06-15,32.7,31.0,36.8,32.0,29.4,34.8,30.6,32.2,33.6,31.8,32.38,2.76,-0.22,76,69,19.4,18.0,0.7,0.2821,-0.9594,30.4,31.0,31.0,station
2025-06-16,31.0,30.3,33.0,30.9,29.9,32.2,30.8,35.0,32.2,32.1,31.02,1.19,-1.44,57,37,23.6,21.62,2.9,0.2656,-0.9641,31.9,31.0,31.0,station
2025-06-17,32.8,33.8,35.8,34.3,34.0,31.7,34.2,37.4,33.6,33.4,34.14,1.09,0.08,51,22,21.6,24.64,0.0,0.2489,-0.9685,34.5,34.0,34.0,station
2025-06-18,33.3,34.0,34.4,34.3,33.9,33.0,33.0,32.6,33.1,33.1,33.98,0.43,1.02,57,95,21.5,17.81,0.0,0.2322,-0.9727,34.9,33.0,33.0,station
2025-06-19,25.5,26.7,27.3,29.6,29.1,27.2,26.1,25.9,26.5,29.8,27.64,1.7,0.54,86,100,18.8,11.19,22.0,0.2155,-0.9765,27.7,26.0,26.0,station
2025-06-20,27.5,27.2,28.6,28.4,27.7,27.4,27.2,28.1,24.8,26.5,27.88,0.6,1.08,78,85,21.8,18.18,6.5,0.1986,-0.9801,30.2,28.0,28.0,station
2025-06-21,29.1,30.8,31.7,28.1,27.7,28.2,30.7,32.7,29.7,27.4,29.48,1.72,-0.26,66,79,11.5,19.31,0.0,0.1818,-0.9833,30.1,31.0,31.0,station
2025-06-22,31.7,32.6,35.1,31.8,33.1,31.4,33.2,35.2,32.0,30.3,32.86,1.38,0.44,62,7,13.2,26.21,0.0,0.1648,-0.9863,32.6,34.0,34.0,station
2025-06-23,30.7,31.1,32.5,32.2,31.0,32.5,31.2,34.5,31.9,34.3,31.5,0.8,-1.38,70,77,13.6,24.24,0.0,0.1478,-0.989,32.2,31.0,31.0,station
2025-06-24,31.7,32.8,31.1,32.6,28.2,33.3,32.8,32.1,32.6,28.8,31.28,1.85,-0.64,59,56,17.3,23.33,0.0,0.1308,-0.9914,33.6,34.0,34.0,station
2025-06-25,35.1,35.3,35.2,35.1,32.9,34.3,35.4,33.7,34.2,32.3,34.72,1.02,0.74,56,62,17.1,22.65,0.0,0.1137,-0.9935,35.0,34.0,34.0,station
2025-06-26,30.7,28.8,29.3,28.8,32.6,27.3,27.6,30.2,28.4,31.1,30.04,1.63,1.12,79,100,16.2,10.03,11.4,0.0966,-0.9953,33.7,30.0,30.0,station
2025-06-27,28.7,27.8,30.0,30.7,31.4,28.8,28.7,29.5,29.4,29.1,29.72,1.47,0.62,80,77,14.6,19.52,17.8,0.0795,-0.9968,29.4,29.0,29.0,station
2025-06-28,26.8,28.0,29.8,29.2,31.1,26.2,28.9,32.4,28.0,31.6,28.98,1.65,-0.44,87,70,15.3,12.34,2.2,0.0623,-0.9981,29.2,29.0,29.0,station
2025-06-29,30.2,29.7,32.6,28.7,28.6,28.9,29.4,32.2,30.9,29.1,29.96,1.62,-0.14,88,87,18.1,16.04,20.0,0.0451,-0.999,30.7,27.0,27.0,station
2025-06-30,30.2,30.7,33.0,30.4,30.2,30.2,30.5,32.1,30.7,28.7,30.9,1.19,0.46,85,49,18.0,20.23,9.8,0.028,-0.9996,31.4,31.0,31.0,station
2025-07-01,32.2,33.2,34.1,32.4,30.9,31.9,33.0,33.1,32.9,33.3,32.56,1.19,-0.28,82,67,15.9,20.71,5.3,0.0108,-0.9999,33.3,34.0,34.0,station
2025-07-02,33.8,34.5,30.3,35.1,33.6,33.2,34.5,30.4,33.4,32.9,33.46,1.86,0.58,82,98,15.6,17.13,4.1,-0.0065,-1.0,33.8,34.0,34.0,station
2025-07-03,33.3,35.7,34.9,35.3,34.0,33.3,35.4,34.9,35.0,34.0,34.64,0.98,0.12,76,78,19.2,21.33,0.0,-0.0237,-0.9997,35.9,35.0,35.0,station
2025-07-04,37.0,37.6,39.8,37.5,36.2,36.8,37.2,38.8,37.0,36.2,37.62,1.34,0.42,67,57,23.2,24.79,0.0,-0.0408,-0.9992,39.2,40.0,40.0,station
2025-07-05,37.5,38.4,41.9,38.0,37.2,37.3,38.4,40.9,37.3,36.6,38.6,1.9,0.5,66,63,25.1,24.98,0.0,-0.058,-0.9983,39.2,38.0,38.0,station
2025-07-06,39.4,37.8,41.5,38.9,38.0,38.5,38.1,41.3,39.0,38.4,39.12,1.48,0.06,68,26,11.1,22.1,2.5,-0.0752,-0.9972,38.5,39.0,39.0,station
2025-07-07,34.2,33.2,34.1,33.4,31.8,34.1,34.1,34.5,32.4,32.1,33.34,0.96,-0.1,75,62,19.7,20.93,0.0,-0.0923,-0.9957,35.3,34.0,34.0,station
2025-07-08,33.4,33.6,33.3,32.0,31.7,33.4,33.5,33.8,31.9,30.6,32.8,0.88,0.16,71,52,16.6,24.6,0.0,-0.1094,-0.994,34.5,33.0,33.0,station
2025-07-09,33.0,33.6,33.8,32.8,31.8,33.3,33.9,34.2,32.6,33.1,33.0,0.79,-0.42,71,9,21.3,24.24,0.0,-0.1265,-0.992,34.2,33.0,33.0,station
2025-07-10,34.1,33.9,34.3,33.6,32.7,34.7,34.7,33.6,33.4,33.2,33.72,0.63,-0.2,71,9,17.1,23.43,0.2,-0.1436,-0.9896,34.9,33.0,33.0,station
2025-07-11,35.6,35.0,35.8,33.9,34.5,36.0,34.8,36.4,33.5,34.1,34.96,0.78,0.0,67,13,16.7,23.77,0.3,-0.1606,-0.987,36.2,35.0,35.0,station
2025-07-12,36.0,35.7,36.8,34.7,34.4,36.9,36.0,37.0,35.1,34.8,35.52,0.98,-0.44,65,10,15.2,23.81,0.9,-0.1775,-0.9841,36.6,36.0,36.0,station
2025-07-13,34.3,34.7,38.2,36.6,34.5,37.3,36.7,37.1,34.7,34.6,35.66,1.69,-0.42,63,22,18.5,21.19,6.3,-0.1944,-0.9809,34.6,35.0,35.0,station
2025-07-14,33.5,34.0,36.1,33.4,33.4,34.1,34.8,36.4,33.6,34.2,34.08,1.16,-0.54,44,55,26.2,26.27,0.0,-0.2113,-0.9774,34.3,35.0,35.0,station
2025-07-15,34.2,30.2,32.9,33.4,33.0,34.5,31.2,32.7,33.3,32.3,32.74,1.51,-0.06,52,81,15.2,14.66,4.9,-0.2281,-0.9736,35.2,32.0,32.0,station
2025-07-16,30.1,31.1,32.5,33.0,31.4,28.7,31.2,27.8,31.9,29.6,31.62,1.15,1.78,81,68,18.7,18.18,44.1,-0.2448,-0.9696,29.9,29.0,29.0,station
2025-07-17,30.2,30.7,33.9,31.3,31.0,30.2,31.8,32.6,31.3,30.9,31.42,1.44,0.06,77,20,14.6,23.65,0.8,-0.2614,-0.9652,30.0,32.0,32.0,station
2025-07-18,31.0,31.7,34.1,32.7,32.3,31.8,32.6,34.4,32.6,31.9,32.36,1.17,-0.3,77,21,11.1,22.41,0.4,-0.278,-0.9606,30.5,32.0,32.0,station
2025-07-19,29.9,30.5,32.4,31.0,31.1,29.9,31.1,34.8,31.1,31.3,30.98,0.93,-0.66,81,22,19.7,23.23,0.4,-0.2945,-0.9557,30.8,32.0,32.0,station
2025-07-20,31.9,32.1,33.4,32.4,31.1,32.0,32.0,33.1,31.9,31.9,32.18,0.83,0.0,84,96,22.6,18.96,10.3,-0.3109,-0.9505,32.2,33.0,33.0,station
2025-07-21,32.0,31.7,33.4,32.0,28.9,31.7,31.5,32.9,32.5,28.6,31.6,1.65,0.16,82,98,19.2,18.3,6.7,-0.3272,-0.945,31.9,32.0,32.0,station
2025-07-22,31.5,31.4,32.4,30.4,31.6,31.5,31.5,32.6,31.5,31.0,31.46,0.71,-0.16,84,94,22.4,16.9,6.2,-0.3434,-0.9392,31.2,32.0,32.0,station
2025-07-23,31.7,31.7,32.0,30.9,30.9,31.4,31.9,32.1,31.3,31.0,31.44,0.51,-0.1,81,76,22.0,22.26,0.3,-0.3595,-0.9332,31.8,32.0,32.0,station
2025-07-24,31.5,32.3,31.6,31.4,31.0,31.6,32.4,31.4,31.5,31.0,31.56,0.47,-0.02,80,26,20.1,21.98,0.3,-0.3755,-0.9268,31.7,32.0,32.0,station
2025-07-25,32.6,32.3,33.3,31.9,31.8,32.2,32.6,33.3,32.1,33.2,32.38,0.61,-0.3,79,21,18.1,23.05,0.0,-0.3914,-0.9202,32.1,33.0,33.0,station
2025-07-26,33.6,33.4,34.2,33.0,33.7,33.6,33.4,34.6,33.4,33.7,33.58,0.44,-0.16,73,2,16.7,25.04,0.0,-0.4071,-0.9134,34.1,35.0,35.0,station
2025-07-27,36.4,35.0,35.4,34.6,34.6,36.4,34.4,35.4,33.8,34.0,35.2,0.75,0.4,66,9,14.3,24.23,0.0,-0.4228,-0.9062,36.3,36.0,36.0,station
2025-07-28,35.0,34.2,34.1,33.2,33.4,35.3,33.7,35.3,32.9,31.5,33.98,0.72,0.24,66,45,20.1,23.72,0.0,-0.4383,-0.8988,35.4,35.0,35.0,station
2025-07-29,36.1,35.1,35.5,33.5,34.4,36.0,34.6,35.0,34.1,34.3,34.92,1.01,0.12,65,13,21.3,24.74,0.0,-0.4537,-0.8912,36.0,35.0,35.0,station
2025-07-30,35.8,33.6,34.6,33.7,33.7,35.8,34.8,37.3,33.9,34.0,34.28,0.94,-0.88,65,74,16.0,15.92,0.1,-0.469,-0.8832,35.1,33.0,33.0,station
2025-07-31,33.2,30.4,33.3,29.4,32.5,27.9,29.0,29.8,28.9,32.3,31.76,1.76,2.18,73,75,23.4,17.46,1.9,-0.4841,-0.875,33.9,33.0,33.0,station
2025-08-01,31.4,31.5,33.4,30.2,31.3,31.3,30.7,33.4,31.1,28.8,31.56,1.15,0.5,76,72,13.7,18.68,4.1,-0.4991,-0.8666,33.4,32.0,32.0,station
2025-08-02,33.2,32.4,33.9,31.5,31.7,33.3,32.6,33.0,31.1,31.4,32.54,1.01,0.26,75,26,17.9,20.71,1.3,-0.5139,-0.8578,33.7,33.0,33.0,station
2025-08-03,35.3,33.8,35.7,33.7,33.6,35.7,35.0,34.5,35.3,29.3,34.42,1.0,0.46,73,22,12.4,22.55,0.4,-0.5286,-0.8489,35.3,35.0,35.0,station
2025-08-04,35.7,33.8,35.1,35.2,34.3,35.5,33.5,36.3,34.5,32.4,34.82,0.76,0.38,71,70,18.4,16.12,0.0,-0.5431,-0.8397,35.8,35.0,35.0,station
2025-08-05,35.4,34.3,33.8,33.0,32.9,34.3,34.2,34.9,31.9,33.9,33.88,1.03,0.04,70,63,21.2,19.34,1.5,-0.5575,-0.8302,36.5,34.0,34.0,station
2025-08-06,34.6,33.2,38.9,34.9,31.3,31.2,33.9,33.5,32.4,34.7,34.58,2.8,1.44,80,78,12.7,16.46,36.4,-0.5717,-0.8205,34.5,35.0,35.0,station
2025-08-07,34.3,34.7,38.5,34.7,33.1,37.2,35.7,38.9,34.9,33.2,35.06,2.03,-0.92,70,51,13.7,23.53,0.0,-0.5857,-0.8105,35.4,35.0,35.0,station
2025-08-08,33.5,33.2,34.3,32.5,31.9,33.1,32.7,34.6,32.8,32.3,33.08,0.92,-0.02,66,68,17.0,20.7,0.3,-0.5996,-0.8003,34.7,33.0,33.0,station
2025-08-09,28.6,27.6,27.2,26.3,27.4,29.7,28.0,27.6,26.0,26.0,27.42,0.83,-0.04,83,87,22.3,9.47,20.2,-0.6132,-0.7899,28.5,28.0,28.0,station
2025-08-10,29.8,31.0,32.4,29.8,30.3,30.8,32.0,31.6,30.1,31.5,30.66,1.09,-0.54,77,79,12.5,20.74,0.2,-0.6267,-0.7792,29.9,31.0,31.0,station
2025-08-11,28.9,30.4,32.0,31.0,31.7,30.7,31.8,32.1,30.9,31.0,30.8,1.23,-0.5,81,44,12.3,21.24,3.0,-0.64,-0.7683,29.2,31.0,31.0,station
2025-08-12,29.7,31.0,30.1,29.7,31.8,29.9,31.4,30.9,31.0,32.1,30.46,0.92,-0.6,76,59,16.7,20.09,0.0,-0.6532,-0.7572,30.8,30.0,30.0,station
2025-08-13,30.1,30.6,31.4,26.8,32.3,29.6,28.5,32.2,28.3,32.3,30.24,2.1,0.06,84,74,7.8,10.91,5.1,-0.6661,-0.7459,28.9,30.0,30.0,station
2025-08-14,29.5,29.9,32.9,30.4,31.4,28.2,29.7,31.1,26.4,27.1,30.82,1.36,2.32,87,81,11.8,12.95,0.0,-0.6788,-0.7343,30.5,31.0,31.0,station
2025-08-15,30.2,31.2,31.5,30.5,32.8,31.7,31.1,31.3,31.6,32.6,31.24,1.02,-0.42,86,75,17.5,18.17,8.5,-0.6914,-0.7225,32.1,33.0,33.0,station
2025-08-16,32.4,33.7,33.2,32.1,33.6,32.8,33.1,33.1,32.5,34.3,33.0,0.72,-0.16,83,62,16.3,20.14,8.3,-0.7037,-0.7105,34.5,34.0,34.0,station
2025-08-17,30.8,33.2,30.9,33.8,29.6,32.5,33.5,31.7,33.7,32.1,31.66,1.77,-1.04,89,76,14.3,11.78,27.9,-0.7158,-0.6983,32.5,33.0,33.0,station
2025-08-18,32.0,34.3,33.5,33.5,33.7,32.6,34.7,31.3,33.7,33.4,33.4,0.85,0.26,86,35,16.2,18.04,2.4,-0.7277,-0.6859,33.7,34.0,34.0,station
2025-08-19,33.6,34.7,34.3,34.5,34.5,33.2,35.0,32.1,33.1,33.7,34.32,0.43,0.9,81,53,20.4,21.26,0.1,-0.7394,-0.6733,34.5,34.0,34.0,station
2025-08-20,35.0,35.1,34.0,35.8,34.7,34.9,35.0,32.1,35.8,35.5,34.92,0.65,0.26,80,56,16.5,18.52,2.8,-0.7509,-0.6605,34.6,36.0,36.0,station
2025-08-21,34.9,35.5,33.6,34.4,34.6,34.7,35.3,33.9,33.6,34.4,34.6,0.7,0.22,81,47,19.7,19.47,2.3,-0.7621,-0.6474,34.8,34.0,34.0,station
2025-08-22,35.9,34.9,35.4,36.0,34.9,36.3,36.2,35.0,35.4,35.0,35.42,0.53,-0.16,80,34,13.6,17.83,8.7,-0.7731,-0.6342,33.2,35.0,35.0,station
2025-08-23,34.7,35.5,35.0,33.9,35.0,35.6,35.8,33.8,34.6,34.5,34.82,0.59,-0.04,73,81,20.4,19.68,0.0,-0.7839,-0.6208,36.4,36.0,36.0,station
2025-08-24,33.3,31.8,34.1,32.3,31.5,33.4,32.4,33.9,32.9,31.8,32.6,1.08,-0.28,82,69,12.1,17.12,22.9,-0.7945,-0.6073,34.7,33.0,33.0,station
2025-08-25,30.9,30.5,30.8,28.4,27.1,29.1,30.7,30.4,28.8,31.2,29.54,1.7,-0.5,83,81,15.1,15.78,0.8,-0.8048,-0.5935,30.7,31.0,31.0,station
2025-08-26,30.1,32.5,31.6,31.6,31.5,30.3,32.5,31.6,31.3,30.9,31.46,0.86,0.14,73,57,15.0,20.86,0.0,-0.8149,-0.5796,31.3,30.0,30.0,station
2025-08-27,29.3,30.4,30.5,29.7,30.9,29.6,30.9,30.9,31.5,30.6,30.16,0.65,-0.54,76,94,18.5,17.17,0.1,-0.8248,-0.5655,31.2,31.0,31.0,station
2025-08-28,34.8,34.7,32.5,34.4,34.2,34.8,33.5,34.1,33.7,34.1,34.12,0.94,0.08,85,97,16.9,17.23,7.2,-0.8344,-0.5512,34.7,34.0,34.0,station
2025-08-29,31.1,32.0,32.2,32.3,32.1,31.5,32.8,33.3,32.0,34.8,31.94,0.48,-0.94,90,87,11.7,15.32,14.5,-0.8437,-0.5368,32.3,33.0,33.0,station
2025-08-30,28.8,28.0,27.8,27.6,26.3,29.0,29.0,29.3,28.0,26.3,27.7,0.91,-0.62,92,99,10.3,11.58,32.4,-0.8528,-0.5222,29.8,28.0,28.0,station
2025-08-31,26.8,26.4,25.1,27.0,26.1,28.3,27.3,25.1,28.3,26.1,26.28,0.75,-0.74,89,89,14.9,13.15,14.4,-0.8617,-0.5074,29.3,29.0,29.0,station
2025-09-01,29.1,30.4,29.1,29.3,28.5,29.5,30.5,29.7,29.5,29.8,29.28,0.69,-0.52,80,11,9.6,21.74,0.0,-0.8703,-0.4925,29.9,30.0,30.0,station
2025-09-02,29.7,31.0,31.1,30.3,31.6,30.1,31.5,31.2,30.0,31.0,30.74,0.74,-0.02,79,42,10.8,21.8,0.0,-0.8786,-0.4775,30.9,31.0,31.0,station
2025-09-03,29.8,28.1,29.5,28.2,26.3,23.6,26.5,29.2,27.5,29.8,28.38,1.39,1.06,83,91,13.3,9.72,5.8,-0.8867,-0.4623,25.1,27.0,27.0,station
2025-09-04,29.0,29.5,28.7,29.7,29.3,28.7,30.5,30.1,26.8,28.5,29.24,0.4,0.32,80,72,12.0,15.33,0.8,-0.8945,-0.447,29.2,31.0,31.0,station
2025-09-05,30.3,30.9,31.2,30.5,31.7,30.2,30.9,31.0,31.5,30.8,30.92,0.56,0.04,81,47,15.0,20.26,0.6,-0.9021,-0.4315,32.0,32.0,32.0,station
2025-09-06,27.7,27.0,25.8,25.7,27.1,28.1,26.5,25.6,25.9,26.8,26.66,0.87,0.08,84,86,18.3,13.61,12.5,-0.9094,-0.4159,27.9,29.0,29.0,station
2025-09-07,28.1,29.9,31.2,28.2,29.0,28.8,29.9,30.9,28.4,28.5,29.28,1.29,-0.02,79,67,11.5,19.47,0.0,-0.9164,-0.4002,29.0,30.0,30.0,station
2025-09-08,24.9,24.7,25.3,25.7,28.7,25.4,25.4,29.0,27.0,30.1,25.86,1.63,-1.52,92,100,8.2,3.32,6.1,-0.9232,-0.3844,24.5,26.0,26.0,station
2025-09-09,27.8,29.8,29.1,27.9,28.1,27.8,29.7,27.7,28.5,28.1,28.54,0.87,0.18,83,33,14.7,20.18,0.1,-0.9296,-0.3685,29.4,30.0,30.0,station
2025-09-10,28.6,30.3,30.9,29.1,31.6,28.1,30.1,29.9,28.8,30.4,30.1,1.24,0.64,79,26,10.7,21.01,0.0,-0.9358,-0.3524,29.8,31.0,31.0,station
2025-09-11,28.3,27.8,31.4,29.3,30.0,27.8,28.8,31.0,28.4,30.9,29.36,1.43,-0.02,77,97,12.8,13.67,0.1,-0.9418,-0.3363,29.2,29.0,29.0,station
2025-09-12,23.7,23.0,23.9,22.8,25.2,23.5,23.3,23.8,22.9,23.4,23.72,0.95,0.34,90,91,13.2,4.81,6.5,-0.9474,-0.32,23.9,24.0,24.0,station
2025-09-13,28.5,28.6,27.3,27.7,28.8,28.6,28.3,28.3,28.3,26.9,28.18,0.65,0.1,81,25,13.9,17.5,0.0,-0.9528,-0.3037,29.0,28.0,28.0,station
2025-09-14,29.5,29.8,31.1,29.2,31.1,30.2,29.8,30.1,29.2,31.9,30.14,0.9,-0.1,81,25,15.5,20.39,0.0,-0.9579,-0.2873,29.8,29.0,29.0,station
2025-09-15,28.9,29.8,30.1,29.1,30.6,29.1,29.8,30.4,28.6,29.5,29.7,0.7,0.22,83,49,16.8,18.44,0.0,-0.9627,-0.2707,29.9,30.0,30.0,station
2025-09-16,28.3,29.5,29.7,29.0,30.0,28.2,28.9,28.3,28.4,28.5,29.3,0.67,0.84,87,90,14.9,14.25,31.3,-0.9672,-0.2541,29.6,30.0,30.0,station
2025-09-17,23.2,23.8,22.7,23.1,23.4,22.8,23.1,21.9,23.5,22.6,23.24,0.4,0.46,71,77,28.7,15.18,53.1,-0.9714,-0.2375,23.4,24.0,24.0,station
2025-09-18,24.5,25.4,24.0,24.9,25.3,22.8,25.0,23.4,23.7,24.9,24.82,0.58,0.86,58,76,15.5,17.68,0.0,-0.9753,-0.2207,25.5,25.0,25.0,station
2025-09-19,18.2,18.8,18.4,17.8,17.7,18.0,18.8,18.1,17.7,17.6,18.18,0.45,0.14,82,98,13.3,2.56,16.6,-0.979,-0.2039,18.5,19.0,19.0,station
2025-09-20,23.2,23.5,23.1,23.1,24.4,24.2,24.2,23.1,24.5,25.3,23.46,0.55,-0.8,81,29,20.6,17.93,0.0,-0.9824,-0.187,23.8,24.0,24.0,station
2025-09-21,25.1,26.2,24.9,25.1,25.0,25.3,25.8,25.6,25.0,25.0,25.26,0.53,-0.08,74,98,11.2,17.31,0.0,-0.9854,-0.1701,25.1,25.0,25.0,station
2025-09-22,21.4,21.3,19.2,20.6,24.5,21.5,21.7,19.4,21.0,23.5,21.4,1.94,-0.02,84,100,10.1,3.97,6.3,-0.9882,-0.1531,22.1,23.0,23.0,station
2025-09-23,21.9,20.5,21.2,20.8,23.4,22.4,20.6,20.8,19.3,23.0,21.56,1.15,0.34,97,100,13.5,2.94,27.7,-0.9907,-0.1361,21.3,20.0,20.0,station
2025-09-24,23.6,22.3,23.1,21.3,24.1,23.6,22.5,23.3,23.4,22.7,22.88,1.11,-0.22,88,89,14.5,9.82,4.5,-0.9929,-0.1191,21.9,21.0,21.0,station
2025-09-25,26.7,27.1,26.9,25.9,27.2,26.7,27.1,26.8,26.4,26.5,26.76,0.52,0.06,81,25,8.5,18.39,0.0,-0.9948,-0.102,27.3,29.0,29.0,station
2025-09-26,24.5,24.7,25.5,23.5,26.0,26.8,26.3,26.9,24.3,26.9,24.84,0.96,-1.4,84,81,8.0,10.09,0.0,-0.9964,-0.0848,25.3,27.0,27.0,station
2025-09-27,25.4,22.7,26.1,22.7,25.3,24.8,24.4,22.4,22.9,24.4,24.44,1.62,0.66,82,92,7.9,9.48,13.0,-0.9977,-0.0677,24.0,24.0,24.0,station
2025-09-28,24.5,22.8,23.4,23.5,24.0,24.9,23.9,22.0,22.7,21.2,23.64,0.64,0.7,83,89,17.3,11.89,7.2,-0.9987,-0.0505,23.6,23.0,23.0,station
2025-09-29,25.7,26.4,27.1,25.3,24.0,24.7,26.7,26.7,26.4,23.3,25.7,1.17,0.14,79,68,10.4,15.15,0.0,-0.9994,-0.0333,25.8,27.0,27.0,station
2025-09-30,26.8,27.8,27.4,27.0,27.0,26.7,27.3,27.8,26.3,26.1,27.2,0.4,0.36,81,28,9.2,15.42,0.2,-0.9999,-0.0161,27.0,27.0,27.0,station
2025-10-01,29.1,28.7,28.9,28.4,29.7,28.6,28.0,29.0,27.6,28.9,28.96,0.49,0.54,73,59,13.6,15.69,0.0,-1.0,0.0011,29.9,30.0,30.0,station
2025-10-02,22.3,21.6,21.3,21.7,23.4,22.1,21.4,21.9,21.6,23.2,22.06,0.83,0.02,89,100,22.0,3.02,31.1,-0.9998,0.0183,22.5,23.0,23.0,station
2025-10-03,23.6,22.9,20.5,22.8,25.2,24.3,23.6,20.6,20.5,26.8,23.0,1.7,-0.16,82,85,21.8,9.41,3.0,-0.9994,0.0355,23.8,22.0,22.0,station
2025-10-04,25.1,24.8,25.5,24.9,24.9,25.1,25.1,25.1,25.5,25.8,25.04,0.28,-0.28,87,86,9.6,11.92,5.8,-0.9986,0.0527,25.4,26.0,26.0,station
2025-10-05,22.5,21.6,20.8,20.3,20.9,22.4,21.4,20.6,20.2,22.9,21.22,0.85,-0.28,95,100,8.4,3.51,26.7,-0.9976,0.0698,22.1,21.0,21.0,station
2025-10-06,22.8,21.5,20.1,19.8,21.7,22.3,21.9,19.6,20.8,21.7,21.18,1.23,-0.08,87,97,16.3,7.78,11.5,-0.9962,0.087,24.2,22.0,22.0,station
2025-10-07,23.4,22.5,22.1,21.5,24.0,24.9,22.7,22.9,21.6,24.9,22.7,1.0,-0.7,85,69,14.8,10.07,0.4,-0.9946,0.1041,23.8,23.0,23.0,station
2025-10-08,23.7,23.4,24.5,22.7,24.3,23.8,22.5,24.1,22.3,24.3,23.72,0.72,0.32,80,66,12.5,11.28,0.0,-0.9926,0.1212,24.7,23.0,23.0,station
2025-10-09,23.2,22.8,24.6,21.5,24.7,23.7,23.6,21.9,21.9,24.3,23.36,1.34,0.28,77,82,14.8,6.31,3.0,-0.9904,0.1383,24.1,23.0,23.0,station
2025-10-10,22.1,20.6,24.3,19.5,25.7,27.6,20.6,25.0,22.0,27.0,22.44,2.56,-2.0,87,97,12.0,7.21,2.6,-0.9879,0.1553,22.7,20.0,20.0,station
2025-10-11,21.9,19.6,19.9,18.3,20.8,21.8,19.7,19.7,18.7,23.1,20.1,1.35,-0.5,86,98,18.5,5.49,10.2,-0.9851,0.1722,21.9,19.0,19.0,station
2025-10-12,19.2,18.1,18.2,16.8,18.9,19.0,18.8,17.8,16.9,18.6,18.24,0.93,0.02,90,100,14.9,4.11,11.1,-0.9819,0.1892,19.4,17.0,17.0,station
2025-10-13,20.9,18.9,19.6,18.5,19.9,19.9,18.6,15.2,17.4,20.2,19.56,0.93,1.3,77,85,13.9,6.25,6.4,-0.9785,0.206,20.0,18.0,18.0,station
2025-10-14,23.4,22.9,22.7,21.2,23.3,23.5,22.9,22.3,21.4,23.0,22.7,0.89,0.08,76,30,13.3,13.66,0.0,-0.9749,0.2228,23.6,23.0,23.0,station
2025-10-15,22.0,18.0,19.2,17.3,18.8,21.4,19.6,20.0,18.6,20.3,19.06,1.8,-0.92,94,77,9.8,3.3,6.1,-0.9709,0.2396,18.9,19.0,19.0,station
2025-10-16,22.7,20.5,22.7,20.4,23.7,23.5,20.8,23.3,20.5,22.7,22.0,1.47,-0.16,80,6,18.8,14.44,0.0,-0.9666,0.2562,22.3,21.0,21.0,station
2025-10-17,19.5,17.4,18.4,16.9,19.5,18.3,15.5,16.1,16.1,18.8,18.34,1.19,1.38,88,62,20.7,7.5,15.5,-0.9621,0.2728,19.9,18.0,18.0,station
2025-10-18,14.6,13.5,14.3,13.0,15.0,14.7,13.8,14.8,13.0,14.6,14.08,0.82,-0.1,64,82,30.6,10.68,0.0,-0.9572,0.2893,14.6,14.0,14.0,station
2025-10-19,14.6,13.9,14.3,12.9,14.8,15.0,13.8,14.8,12.7,15.5,14.1,0.75,-0.26,65,60,25.0,8.48,0.0,-0.9521,0.3057,14.5,13.0,13.0,station
2025-10-20,12.3,12.0,13.1,11.6,12.8,12.9,12.3,13.1,10.9,12.0,12.36,0.6,0.12,56,86,23.4,7.79,0.0,-0.9467,0.3221,11.7,12.0,12.0,station
2025-10-21,14.6,14.5,14.2,13.2,14.8,14.4,14.1,14.4,12.7,14.4,14.26,0.63,0.26,56,54,18.3,12.51,0.0,-0.941,0.3383,15.0,15.0,15.0,station
2025-10-22,14.7,15.5,15.1,14.7,15.7,14.7,15.3,15.1,14.5,15.5,15.14,0.46,0.12,59,38,16.5,14.13,0.0,-0.9351,0.3545,15.1,16.0,16.0,station
2025-10-23,15.6,16.4,15.7,15.4,16.8,15.3,16.3,15.3,15.6,15.5,15.98,0.59,0.38,58,43,17.7,13.82,0.0,-0.9288,0.3705,16.2,17.0,17.0,station
2025-10-24,14.8,16.1,15.6,14.9,16.9,15.6,15.7,15.6,14.3,14.7,15.66,0.87,0.48,62,74,11.7,13.14,0.0,-0.9223,0.3864,16.0,17.0,17.0,station
2025-10-25,14.4,15.3,16.5,13.4,16.9,16.4,16.2,16.6,13.9,17.0,15.3,1.45,-0.72,74,98,8.4,5.23,0.3,-0.9155,0.4022,14.3,16.0,16.0,station
2025-10-26,15.8,15.1,13.5,14.4,15.4,15.4,15.7,15.0,16.2,16.7,14.84,0.91,-0.96,80,44,21.5,10.48,0.6,-0.9085,0.4179,15.7,16.0,16.0,station
2025-10-27,14.1,15.7,14.4,14.5,15.0,13.6,15.4,14.1,13.6,14.0,14.74,0.63,0.6,61,2,12.9,13.98,0.0,-0.9012,0.4335,14.7,15.0,15.0,station
2025-10-28,17.9,18.3,18.1,18.3,19.3,17.6,18.6,17.7,17.5,18.5,18.38,0.54,0.4,65,25,15.5,13.15,0.0,-0.8936,0.4489,18.1,19.0,19.0,station
2025-10-29,19.0,19.1,19.1,19.2,19.8,19.2,19.0,19.2,19.5,20.1,19.24,0.32,-0.16,71,63,23.6,12.8,0.0,-0.8857,0.4642,19.2,19.0,19.0,station
2025-10-30,20.0,18.9,19.4,19.0,20.8,20.9,20.0,20.7,20.6,20.9,19.62,0.79,-1.0,87,94,12.1,5.21,2.1,-0.8776,0.4794,18.8,17.0,17.0,station
2025-10-31,17.6,16.9,16.9,17.1,18.4,16.8,16.9,17.5,18.0,20.9,17.38,0.64,-0.64,83,52,19.6,9.9,13.4,-0.8692,0.4944,18.0,17.0,17.0,station
2025-11-01,19.1,20.1,18.9,18.4,19.8,18.8,20.0,18.4,17.6,18.8,19.26,0.69,0.54,71,0,16.2,13.0,0.0,-0.8606,0.5093,19.8,20.0,20.0,station
2025-11-02,12.0,12.7,12.2,11.7,13.5,11.9,12.9,11.6,11.3,13.8,12.42,0.7,0.12,57,1,18.9,12.93,0.0,-0.8517,0.524,12.5,13.0,13.0,station
2025-11-03,12.7,14.1,13.3,13.2,14.0,12.3,14.0,13.8,12.4,13.9,13.46,0.59,0.18,69,2,11.1,13.0,0.0,-0.8426,0.5386,13.0,13.0,13.0,station
2025-11-04,17.6,18.2,17.8,17.9,18.8,17.6,18.2,17.6,17.4,18.6,18.06,0.47,0.18,74,13,12.5,12.4,0.0,-0.8332,0.553,18.2,19.0,19.0,station
2025-11-05,18.0,18.7,18.0,18.1,18.9,17.9,18.5,18.0,17.7,19.2,18.34,0.43,0.08,86,37,12.9,11.85,0.0,-0.8235,0.5672,18.3,18.0,18.0,station
2025-11-06,18.6,18.4,17.5,16.6,20.7,18.2,17.6,18.8,16.7,19.1,18.36,1.53,0.28,86,71,11.6,10.31,0.0,-0.8137,0.5813,19.0,19.0,19.0,station
2025-11-07,19.1,18.9,19.4,18.8,20.5,18.2,17.8,19.2,17.8,20.3,19.34,0.69,0.68,82,68,11.5,10.71,0.0,-0.8035,0.5952,19.7,21.0,21.0,station
2025-11-08,15.6,15.2,14.9,16.1,15.2,14.0,15.2,14.3,12.9,17.2,15.4,0.46,0.68,84,83,14.4,4.44,4.7,-0.7932,0.609,17.0,16.0,16.0,station
2025-11-09,15.2,16.6,15.1,14.6,16.1,15.6,16.1,15.0,14.5,16.3,15.52,0.81,0.02,78,48,17.5,8.14,0.0,-0.7826,0.6225,15.0,15.0,15.0,station
2025-11-10,14.4,16.1,13.9,14.2,14.8,13.6,15.9,14.2,12.9,14.0,14.68,0.86,0.56,58,40,10.8,11.83,0.0,-0.7718,0.6359,14.7,15.0,15.0,station
2025-11-11,17.0,18.3,16.6,17.2,17.9,16.9,18.2,16.1,15.7,16.9,17.4,0.69,0.64,64,43,7.4,10.74,0.0,-0.7607,0.6491,17.2,18.0,18.0,station
2025-11-12,18.0,18.6,17.9,17.7,19.1,18.4,18.6,18.0,18.2,18.8,18.26,0.58,-0.14,70,26,12.0,11.63,0.0,-0.7494,0.6621,18.2,19.0,19.0,station
2025-11-13,16.2,17.5,16.0,16.5,17.4,15.4,17.4,15.6,16.3,16.9,16.72,0.69,0.4,66,18,12.3,11.31,0.0,-0.7379,0.6749,17.0,17.0,17.0,station
2025-11-14,17.2,18.1,16.6,17.9,18.4,16.3,17.9,16.1,15.5,15.8,17.64,0.73,1.32,72,27,11.8,11.47,0.0,-0.7262,0.6875,17.7,18.0,18.0,station
2025-11-15,19.7,20.0,19.6,20.1,20.9,19.1,19.6,18.5,20.1,20.8,20.06,0.51,0.44,77,70,14.6,6.3,0.0,-0.7143,0.6998,18.7,19.0,19.0,station
2025-11-16,15.1,15.6,16.9,15.8,18.4,15.6,15.6,17.8,16.8,19.4,16.36,1.32,-0.68,66,26,29.7,10.49,0.0,-0.7021,0.712,16.6,16.0,16.0,station
2025-11-17,6.1,6.9,7.1,6.4,7.7,6.0,6.8,7.0,5.9,7.2,6.84,0.62,0.26,47,97,26.4,4.81,0.0,-0.6898,0.724,7.4,8.0,8.0,station
2025-11-18,5.8,7.0,6.2,6.2,6.2,6.2,7.1,6.9,6.1,5.4,6.28,0.44,-0.06,36,4,22.4,11.36,0.0,-0.6772,0.7358,6.1,7.0,7.0,station
2025-11-19,10.7,12.8,10.1,11.2,11.9,10.9,12.8,10.0,10.2,10.0,11.34,1.05,0.56,50,0,10.9,10.92,0.0,-0.6645,0.7473,11.4,12.0,12.0,station
2025-11-20,12.0,13.7,11.7,12.3,12.9,11.6,13.6,11.8,11.9,12.4,12.52,0.79,0.26,62,38,13.9,10.26,0.0,-0.6515,0.7586,13.3,13.0,13.0,station
2025-11-21,13.8,15.3,13.0,14.1,14.1,13.2,15.0,13.0,13.2,12.9,14.06,0.83,0.6,63,4,12.0,10.9,0.0,-0.6384,0.7697,14.0,15.0,15.0,station
2025-11-22,15.6,16.3,14.7,15.5,17.2,14.9,16.1,14.5,15.3,17.0,15.86,0.94,0.3,64,28,10.6,10.77,0.0,-0.625,0.7806,15.7,16.0,16.0,station
2025-11-23,16.1,16.0,15.8,16.7,18.2,15.2,15.5,15.0,15.5,16.1,16.56,0.98,1.1,65,75,11.3,8.77,0.0,-0.6115,0.7912,16.5,17.0,17.0,station
2025-11-24,16.1,17.3,15.6,17.0,17.0,15.4,17.4,15.0,16.9,16.6,16.6,0.72,0.34,57,20,25.3,10.41,0.0,-0.5978,0.8016,17.1,18.0,18.0,station
2025-11-25,7.2,7.7,7.8,7.5,8.6,7.0,8.0,7.8,7.7,8.3,7.76,0.52,0.0,62,32,25.6,8.66,0.6,-0.584,0.8118,7.9,8.0,8.0,station
2025-11-26,13.0,13.9,12.4,13.0,13.9,12.1,13.7,12.2,12.5,13.3,13.24,0.65,0.48,53,18,20.4,10.48,0.0,-0.5699,0.8217,13.6,14.0,14.0,station
2025-11-27,8.4,9.0,8.3,8.3,9.1,9.0,9.3,8.5,8.2,9.7,8.62,0.4,-0.32,44,22,28.6,9.13,0.4,-0.5557,0.8314,9.5,10.0,10.0,station
2025-11-28,12.4,13.2,12.1,12.4,13.5,11.3,13.0,12.2,11.7,12.6,12.72,0.6,0.56,56,0,23.3,10.27,0.0,-0.5413,0.8408,12.7,13.0,13.0,station
2025-11-29,15.7,16.9,15.8,16.6,18.0,15.6,17.0,16.0,16.6,18.6,16.6,0.94,-0.16,65,0,15.0,10.26,0.0,-0.5268,0.85,16.6,17.0,17.0,station
2025-11-30,17.4,19.3,17.1,18.3,19.0,16.8,17.9,16.5,18.3,19.9,18.22,0.96,0.34,67,11,27.5,10.07,0.0,-0.5121,0.859,19.2,21.0,21.0,station
2025-12-01,8.5,10.1,8.9,8.5,9.0,8.3,10.2,8.5,8.1,8.8,9.0,0.66,0.22,66,21,12.5,9.22,0.0,-0.4972,0.8676,9.0,10.0,10.0,station
2025-12-02,3.1,3.3,3.9,2.4,3.4,4.8,3.5,3.5,3.0,7.4,3.22,0.54,-1.22,58,67,22.2,6.18,0.0,-0.4822,0.8761,4.0,4.0,4.0,station
2025-12-03,2.8,4.3,3.3,2.6,3.0,2.4,3.9,3.7,1.8,1.9,3.2,0.67,0.46,41,0,23.5,10.44,0.0,-0.4671,0.8842,3.0,4.0,4.0,station
2025-12-04,6.7,7.7,7.0,7.5,7.0,6.6,8.2,7.4,7.0,5.8,7.18,0.41,0.18,52,0,20.6,10.02,0.0,-0.4518,0.8921,7.0,8.0,8.0,station
2025-12-05,7.0,7.8,7.7,7.2,8.9,7.2,8.3,8.0,6.7,7.8,7.72,0.74,0.12,64,8,15.6,10.0,0.0,-0.4364,0.8998,7.8,8.0,8.0,station
2025-12-06,13.4,14.2,13.0,13.8,15.1,12.3,13.6,12.8,13.2,14.1,13.9,0.81,0.7,55,0,17.2,10.04,0.0,-0.4208,0.9071,13.9,14.0,14.0,station
2025-12-07,12.0,15.4,11.3,12.7,12.0,12.1,15.6,11.6,13.1,11.7,12.68,1.6,-0.14,58,72,21.0,8.76,0.0,-0.4052,0.9142,13.0,13.0,13.0,station
2025-12-08,8.0,9.2,8.2,8.1,8.2,7.3,8.8,7.4,6.8,8.2,8.34,0.49,0.64,54,9,12.0,9.85,0.0,-0.3894,0.9211,8.9,8.0,8.0,station
2025-12-09,13.2,13.8,11.9,12.4,13.8,12.3,13.5,11.5,11.3,12.5,13.02,0.85,0.8,67,25,10.9,9.66,0.0,-0.3735,0.9276,11.9,13.0,13.0,station
2025-12-10,13.4,13.7,12.9,13.5,13.4,13.9,13.8,12.8,13.7,13.7,13.38,0.29,-0.2,86,75,22.1,6.71,0.1,-0.3575,0.9339,14.0,13.0,13.0,station
2025-12-11,6.4,6.9,7.2,6.1,5.0,7.6,6.9,8.2,7.3,5.5,6.32,0.85,-0.78,68,56,24.4,8.36,0.0,-0.3413,0.9399,6.1,5.0,5.0,station
2025-12-12,3.5,2.4,3.9,3.2,5.6,4.1,2.6,4.0,2.2,4.9,3.72,1.19,0.16,60,83,12.8,6.83,0.5,-0.3251,0.9457,2.9,3.0,3.0,station
2025-12-13,0.7,0.3,2.2,1.1,1.4,2.1,1.1,3.2,1.3,1.2,1.14,0.72,-0.64,76,99,20.9,3.43,2.1,-0.3088,0.9511,1.4,0.0,0.0,station
2025-12-14,5.4,6.1,5.2,5.4,6.5,4.2,6.4,6.5,4.6,5.9,5.72,0.55,0.2,60,13,16.9,9.76,0.0,-0.2924,0.9563,5.7,5.0,5.0,station
2025-12-15,9.4,10.5,9.7,9.2,10.3,9.5,10.7,8.7,8.7,9.8,9.82,0.56,0.34,65,27,17.7,9.3,0.0,-0.2759,0.9612,9.6,10.0,10.0,station
2025-12-16,9.7,10.3,9.0,10.2,11.4,9.6,9.8,9.7,9.2,9.6,10.12,0.88,0.54,77,16,13.8,9.24,0.0,-0.2593,0.9658,10.3,9.0,9.0,station
2025-12-17,6.8,7.7,7.5,7.0,7.8,6.8,7.3,6.8,6.7,7.9,7.36,0.44,0.26,74,6,13.7,9.49,0.0,-0.2427,0.9701,7.5,7.0,7.0,station
2025-12-18,9.5,10.0,10.1,9.2,10.2,9.6,10.0,10.1,9.5,10.3,9.8,0.43,-0.1,78,18,18.4,9.39,0.0,-0.226,0.9741,9.3,10.0,10.0,station
2025-12-19,15.7,14.1,15.2,15.5,16.6,15.5,14.1,15.1,14.4,15.6,15.42,0.9,0.48,79,18,17.3,9.08,0.0,-0.2092,0.9779,15.7,15.0,15.0,station
2025-12-20,7.6,7.9,8.2,7.6,8.9,8.0,8.4,7.7,6.9,9.2,8.04,0.54,0.0,56,100,24.3,6.91,0.0,-0.1923,0.9813,8.8,9.0,9.0,station
2025-12-21,4.3,5.9,4.8,4.0,4.9,4.7,6.4,4.8,3.3,4.4,4.78,0.73,0.06,48,11,15.5,9.8,0.0,-0.1754,0.9845,5.0,5.0,5.0,station
2025-12-22,7.8,7.9,7.5,6.9,7.6,8.0,7.9,6.2,6.4,7.8,7.54,0.39,0.28,62,81,20.0,5.51,0.1,-0.1585,0.9874,9.2,8.0,8.0,station
2025-12-23,7.0,6.5,6.9,5.9,6.1,7.4,6.1,6.2,5.8,9.0,6.48,0.48,-0.42,86,83,21.4,3.1,14.9,-0.1414,0.9899,7.0,7.0,7.0,station
2025-12-24,5.9,6.8,5.3,5.9,5.0,5.5,6.8,5.7,5.5,4.7,5.78,0.69,0.14,72,3,14.1,9.76,0.0,-0.1244,0.9922,6.1,5.0,5.0,station
2025-12-25,0.4,1.9,1.7,0.5,1.3,0.7,2.3,1.0,0.4,0.6,1.16,0.68,0.16,53,20,24.5,5.83,0.0,-0.1073,0.9942,1.5,1.0,1.0,station
2025-12-26,2.7,4.3,3.1,2.8,4.1,2.9,4.7,3.5,1.7,2.8,3.4,0.75,0.28,55,38,13.1,9.74,0.0,-0.0902,0.9959,3.5,3.0,3.0,station
2025-12-27,6.5,7.2,5.7,5.9,6.8,6.6,7.6,5.9,5.5,7.0,6.42,0.62,-0.1,59,27,10.6,7.37,0.0,-0.073,0.9973,6.5,6.0,6.0,station
2025-12-28,10.4,10.8,8.8,9.8,11.6,9.9,10.5,8.9,8.6,10.9,10.28,1.05,0.52,71,2,16.1,9.65,0.0,-0.0559,0.9984,9.9,10.0,10.0,station
2025-12-29,7.6,9.7,7.8,8.0,8.7,7.5,9.6,6.4,7.2,6.8,8.36,0.86,0.86,77,0,16.1,9.69,0.0,-0.0387,0.9993,9.2,7.0,7.0,station
2025-12-30,7.5,8.2,6.6,6.8,8.4,6.1,7.5,6.2,5.7,6.9,7.5,0.81,1.02,68,1,11.7,9.8,0.0,-0.0215,0.9998,7.3,7.0,7.0,station
2025-12-31,1.2,0.9,2.0,-0.1,1.0,1.4,1.3,2.2,1.4,1.3,1.0,0.75,-0.52,58,66,16.1,6.82,0.0,-0.0043,1.0,0.7,,,
2026-01-01,1.1,1.2,1.2,1.1,1.2,1.5,1.4,1.8,0.4,0.5,1.16,0.05,0.04,55,74,23.1,9.28,0.0,0.0172,0.9999,1.5,1.0,1.0,station
2026-01-02,1.0,1.6,1.3,0.3,0.7,1.1,1.5,1.4,-0.4,0.3,0.98,0.51,0.2,50,14,19.4,9.32,0.0,0.0344,0.9994,1.4,1.0,1.0,station
2026-01-03,6.7,7.3,5.8,5.3,6.3,6.7,7.3,5.9,5.2,4.8,6.28,0.78,0.3,49,1,8.6,10.12,0.0,0.0516,0.9987,6.9,7.0,7.0,station
2026-01-04,5.1,5.6,4.6,4.3,3.9,4.9,5.2,5.9,3.0,3.4,4.7,0.67,0.22,68,99,8.3,6.53,0.0,0.0688,0.9976,5.2,5.0,5.0,station
2026-01-05,4.9,5.9,5.2,4.6,5.9,5.1,5.8,5.8,4.7,5.3,5.3,0.59,-0.04,68,24,13.5,10.1,0.0,0.0859,0.9963,5.9,6.0,6.0,station
2026-01-06,6.3,6.5,6.0,5.9,5.8,5.6,6.0,6.3,5.7,5.0,6.1,0.29,0.38,66,50,11.7,7.23,0.0,0.103,0.9947,6.7,6.0,6.0,station
2026-01-07,4.3,5.6,4.1,4.4,4.6,4.4,6.0,4.2,3.9,4.3,4.6,0.59,0.04,60,1,14.7,10.11,0.0,0.1201,0.9928,5.3,5.0,5.0,station
2026-01-08,4.3,5.1,4.3,4.3,4.7,3.9,5.0,5.1,3.6,3.2,4.54,0.36,0.38,59,1,14.9,10.5,0.0,0.1372,0.9905,4.9,5.0,5.0,station
2026-01-09,9.0,10.4,8.6,8.7,9.0,8.7,10.0,8.2,8.3,8.2,9.14,0.73,0.46,49,17,21.5,10.37,0.0,0.1542,0.988,10.3,10.0,10.0,station
2026-01-10,6.3,5.5,4.3,4.6,5.3,6.0,5.5,5.4,3.4,4.9,5.2,0.79,0.16,34,5,30.0,10.72,0.0,0.1712,0.9852,4.8,6.0,6.0,station
2026-01-11,-0.5,0.2,-0.9,-1.1,-0.4,-0.4,-0.3,-0.6,-1.9,-0.1,-0.54,0.5,0.12,36,8,25.5,10.29,0.0,0.1881,0.9821,-0.9,-1.0,-1.0,station
2026-01-12,8.4,8.7,8.1,7.4,8.9,8.2,8.5,8.2,6.8,8.1,8.3,0.59,0.34,39,0,18.5,10.8,0.0,0.205,0.9788,8.2,9.0,9.0,station
2026-01-13,5.6,7.0,5.0,5.3,6.2,5.9,7.1,4.2,4.5,6.9,5.82,0.79,0.1,59,16,10.7,10.75,0.0,0.2218,0.9751,7.6,8.0,8.0,station
2026-01-14,12.1,10.6,9.7,11.2,10.0,10.9,10.1,8.6,9.6,11.3,10.72,0.96,0.62,78,77,12.6,7.6,0.0,0.2385,0.9711,12.1,10.0,10.0,station
2026-01-15,12.2,14.2,11.8,12.2,12.0,11.4,13.5,10.7,11.9,10.8,12.48,0.98,0.82,63,0,17.5,10.96,0.0,0.2552,0.9669,12.9,12.0,12.0,station
2026-01-16,11.4,8.7,11.3,10.7,11.8,12.3,8.4,12.3,11.4,13.6,10.78,1.23,-0.82,72,14,24.3,10.49,0.0,0.2718,0.9624,10.8,9.0,9.0,station
2026-01-17,1.8,1.2,2.0,1.1,2.7,2.0,1.7,2.6,0.5,3.2,1.76,0.65,-0.24,63,25,14.7,11.02,0.0,0.2883,0.9575,1.2,2.0,2.0,station
2026-01-18,-0.0,-0.2,0.2,-0.4,1.3,-0.1,0.8,0.6,-0.6,1.5,0.18,0.66,-0.26,74,100,18.9,1.65,3.3,0.3047,0.9524,0.2,-1.0,-1.0,station
2026-01-19,-2.6,-3.5,-2.3,-2.9,-2.7,-2.0,-3.6,-2.0,-3.0,-2.3,-2.8,0.45,-0.22,56,100,24.7,3.16,0.3,0.3211,0.9471,-3.0,-3.0,-3.0,station
2026-01-20,-3.2,-2.8,-1.0,-3.4,-2.3,-3.1,-2.9,-1.9,-4.0,-2.7,-2.54,0.96,0.38,56,99,20.9,5.39,0.0,0.3373,0.9414,-4.1,-3.0,-3.0,station
2026-01-21,-2.6,-2.4,-2.5,-2.2,-1.7,-2.0,-2.5,-1.1,-3.0,-2.0,-2.28,0.36,-0.16,51,28,24.7,11.62,0.0,0.3534,0.9355,-1.9,-2.0,-2.0,station
2026-01-22,1.6,2.6,0.4,1.0,1.0,0.6,1.5,0.5,-0.3,0.3,1.32,0.83,0.8,38,11,11.8,12.06,0.0,0.3695,0.9292,1.7,2.0,2.0,station
2026-01-23,3.7,4.7,3.7,3.7,4.6,3.5,4.1,3.3,3.3,4.5,4.08,0.52,0.34,45,1,11.2,11.84,0.0,0.3854,0.9227,3.5,3.0,3.0,station
2026-01-24,5.6,5.8,4.8,5.5,5.7,4.5,5.8,4.7,3.9,4.3,5.48,0.4,0.84,67,0,11.5,11.89,0.0,0.4012,0.916,5.7,5.0,5.0,station
2026-01-25,3.6,3.4,2.5,3.3,3.6,2.4,2.7,2.6,1.7,4.5,3.28,0.45,0.5,56,76,16.6,10.84,0.0,0.4169,0.9089,4.0,3.0,3.0,station
2026-01-26,6.1,4.2,5.9,5.5,5.1,6.3,4.0,5.1,3.4,4.3,5.36,0.75,0.74,59,79,13.1,7.55,0.0,0.4325,0.9016,4.6,4.0,4.0,station
2026-01-27,4.8,5.6,3.7,4.1,4.6,4.7,5.4,4.2,4.4,4.0,4.56,0.72,0.02,59,38,11.8,11.95,0.0,0.4479,0.8941,5.4,6.0,6.0,station
2026-01-28,7.1,6.6,6.5,6.5,7.8,6.4,6.4,5.7,6.0,7.3,6.9,0.56,0.54,64,7,12.0,12.01,0.0,0.4633,0.8862,7.5,7.0,7.0,station
2026-01-29,5.0,4.6,4.0,4.8,6.0,4.7,4.4,4.0,2.4,6.2,4.88,0.73,0.54,70,61,15.8,9.83,0.0,0.4784,0.8781,5.2,4.0,4.0,station
2026-01-30,2.6,2.8,3.1,1.6,2.0,2.6,2.8,1.8,0.9,2.0,2.42,0.61,0.4,45,77,11.9,11.02,0.0,0.4935,0.8698,2.8,3.0,3.0,station
2026-01-31,4.6,4.4,5.7,4.2,4.9,4.3,4.1,4.8,3.4,4.9,4.76,0.59,0.46,64,49,16.7,10.42,0.0,0.5084,0.8611,5.4,4.0,4.0,station
2026-02-01,8.4,7.1,7.6,7.3,8.5,8.4,7.9,8.1,7.0,8.6,7.78,0.64,-0.22,74,10,11.3,11.64,0.0,0.5231,0.8523,7.7,7.0,7.0,station
2026-02-02,4.1,5.7,4.7,4.5,4.8,3.9,5.0,4.1,3.7,3.9,4.76,0.59,0.64,59,0,16.7,12.92,0.0,0.5377,0.8432,5.7,5.0,5.0,station
2026-02-03,10.2,9.9,9.3,10.2,10.3,9.0,9.3,7.1,8.7,9.9,9.98,0.41,1.18,60,67,14.5,11.65,0.0,0.5521,0.8338,10.6,10.0,10.0,station
2026-02-04,12.3,12.1,12.5,12.7,11.1,12.0,12.3,12.1,12.4,11.9,12.14,0.62,0.0,69,69,13.5,12.43,0.0,0.5664,0.8242,13.9,13.0,13.0,station
2026-02-05,10.1,10.7,11.3,9.4,9.5,10.3,10.0,11.1,12.5,10.2,10.2,0.81,-0.62,61,86,27.9,12.35,0.0,0.5805,0.8143,11.7,12.0,12.0,station
2026-02-06,-2.4,-2.5,-2.2,-3.5,-2.2,-2.1,-2.0,-2.5,-2.7,-2.7,-2.56,0.54,-0.16,44,94,22.0,12.25,0.0,0.5944,0.8042,-2.8,-3.0,-3.0,station
2026-02-07,-0.6,-1.2,-0.7,-1.0,-0.5,-0.5,-0.8,-0.0,-0.4,-0.0,-0.8,0.29,-0.46,46,44,27.3,12.07,0.0,0.6081,0.7938,-1.0,-1.0,-1.0,station
2026-02-08,1.9,2.8,2.3,1.6,2.5,2.3,2.7,2.2,-0.1,2.1,2.22,0.48,0.38,36,0,20.5,13.88,0.0,0.6217,0.7833,2.6,3.0,3.0,station
2026-02-09,7.7,7.0,7.0,6.7,7.1,7.5,7.1,7.2,6.3,6.5,7.1,0.37,0.18,42,58,20.9,12.97,0.0,0.6351,0.7725,7.9,8.0,8.0,station
2026-02-10,8.7,9.5,8.4,8.6,9.0,9.1,9.7,9.0,9.9,8.1,8.84,0.43,-0.32,58,70,15.3,11.28,0.0,0.6483,0.7614,8.9,8.0,8.0,station
2026-02-11,9.7,10.7,9.8,10.7,10.1,8.9,10.8,9.4,9.6,9.1,10.2,0.48,0.64,64,1,13.2,14.01,0.0,0.6613,0.7502,10.1,11.0,11.0,station
2026-02-12,14.5,14.5,14.6,14.2,14.0,14.5,14.6,13.0,13.3,12.6,14.36,0.25,0.76,57,0,16.2,14.08,0.0,0.6741,0.7387,15.6,12.0,12.0,station
2026-02-13,16.6,16.7,14.9,14.6,14.0,16.4,16.2,14.3,14.2,13.7,15.36,1.22,0.4,62,85,14.2,13.12,0.0,0.6867,0.727,16.7,16.0,16.0,station
2026-02-14,20.1,19.3,17.1,18.9,18.8,19.7,18.4,18.3,18.4,18.7,18.84,1.1,0.14,67,7,16.0,14.15,0.0,0.6991,0.715,19.7,18.0,18.0,station
2026-02-15,8.0,8.6,8.0,7.9,7.7,7.6,8.4,7.4,7.2,8.0,8.04,0.34,0.32,56,57,23.9,13.6,0.0,0.7113,0.7029,8.0,9.0,9.0,station
2026-02-16,5.6,6.5,6.8,5.9,6.9,6.2,6.8,6.7,6.0,6.9,6.34,0.57,-0.18,44,83,17.6,13.98,0.0,0.7233,0.6906,5.9,6.0,6.0,station
2026-02-17,9.7,11.0,9.9,9.1,9.7,9.5,10.5,10.2,8.5,9.7,9.88,0.69,0.2,34,50,10.7,13.63,0.0,0.735,0.678,9.4,10.0,10.0,station
2026-02-18,10.0,11.3,9.8,9.3,11.1,10.2,11.3,9.4,9.0,11.0,10.3,0.86,0.12,42,0,13.0,14.95,0.0,0.7466,0.6653,10.6,10.0,10.0,station
2026-02-19,16.0,15.6,14.2,15.7,15.7,15.4,15.6,14.6,14.0,14.9,15.44,0.71,0.54,60,8,17.9,14.92,0.1,0.7579,0.6523,16.7,13.0,13.0,station
2026-02-20,20.4,19.7,20.1,19.5,19.0,20.1,19.3,19.0,19.2,18.4,19.74,0.54,0.54,51,0,25.1,15.49,0.0,0.769,0.6392,21.1,20.0,20.0,station
2026-02-21,22.8,21.1,23.1,21.5,22.9,23.2,21.4,22.7,21.8,23.4,22.28,0.91,-0.22,52,23,19.7,15.26,0.0,0.7799,0.6259,24.3,17.0,17.0,station
2026-02-22,16.6,16.1,15.5,13.9,13.9,14.2,15.2,15.9,14.9,15.4,15.2,1.25,0.08,28,8,27.6,16.09,0.0,0.7906,0.6124,16.5,16.0,16.0,station
2026-02-23,6.4,7.4,5.5,7.4,8.4,7.1,5.7,7.1,6.7,6.6,7.02,1.11,0.38,45,84,13.5,5.92,0.4,0.801,0.5987,7.2,7.0,7.0,station
2026-02-24,8.9,7.0,8.1,10.4,9.2,9.7,9.4,7.6,11.3,7.4,8.72,1.27,-0.36,81,85,14.5,8.21,2.3,0.8112,0.5848,9.1,9.0,9.0,station
2026-02-25,9.7,9.6,9.3,9.1,10.0,10.5,9.6,9.5,10.5,11.2,9.54,0.35,-0.72,79,27,18.5,15.39,0.0,0.8211,0.5708,10.6,10.0,10.0,station
2026-02-26,7.7,6.8,9.8,7.9,8.1,7.6,6.3,9.2,7.7,8.7,8.06,1.09,0.16,81,90,12.3,6.25,0.0,0.8308,0.5566,9.4,8.0,8.0,station
2026-02-27,12.2,9.9,12.6,12.5,12.9,12.0,10.2,12.5,10.9,12.9,12.02,1.21,0.32,75,45,18.4,12.6,0.0,0.8402,0.5422,11.5,12.0,12.0,station
2026-02-28,11.9,10.7,11.8,12.4,12.4,11.4,10.7,10.2,12.2,11.3,11.84,0.69,0.68,70,45,11.3,15.78,1.5,0.8495,0.5277,12.8,12.0,12.0,station
2026-03-01,6.8,6.6,7.1,7.9,7.6,10.3,6.2,5.8,7.6,8.8,7.2,0.54,-0.54,89,100,17.2,2.07,10.9,0.8584,0.513,6.6,7.0,7.0,station
2026-03-02,7.9,5.4,5.6,7.1,7.7,7.7,6.0,5.5,7.8,6.7,6.74,1.17,0.0,84,100,21.0,6.43,11.4,0.8671,0.4981,8.0,6.0,6.0,station
2026-03-03,8.7,6.7,8.4,6.6,9.1,8.7,6.3,9.0,7.6,9.3,7.9,1.17,-0.28,79,82,18.5,8.33,0.0,0.8755,0.4831,7.9,6.0,6.0,station
2026-03-04,8.0,6.7,9.8,7.7,8.8,8.9,6.6,10.1,8.3,8.2,8.2,1.17,-0.22,81,88,12.2,8.22,0.0,0.8837,0.468,7.9,8.0,8.0,station
2026-03-05,8.9,7.3,6.7,8.2,9.9,8.6,6.6,8.8,9.7,8.6,8.2,1.27,-0.26,83,100,18.6,5.19,0.7,0.8916,0.4527,8.2,7.0,7.0,station
2026-03-06,5.2,5.3,5.6,5.1,5.7,4.7,5.2,4.6,5.8,4.2,5.38,0.26,0.48,62,70,24.0,14.89,0.0,0.8993,0.4373,5.1,4.0,4.0,station
2026-03-07,6.7,7.1,7.1,6.1,6.9,6.5,7.4,7.1,6.1,6.9,6.78,0.41,-0.02,54,23,10.6,17.85,0.0,0.9067,0.4218,7.3,7.0,7.0,station
2026-03-08,9.7,9.3,10.8,9.2,9.0,9.6,9.5,10.6,8.5,8.9,9.6,0.72,0.18,63,86,15.8,16.06,0.0,0.9138,0.4061,10.7,10.0,10.0,station
2026-03-09,9.4,10.1,9.2,9.5,11.1,9.6,9.9,10.1,8.8,10.9,9.86,0.77,0.0,47,13,21.2,18.37,0.0,0.9207,0.3904,10.3,10.0,10.0,station
2026-03-10,12.4,12.6,12.1,12.6,11.8,11.6,12.5,11.8,11.8,11.5,12.3,0.35,0.46,56,41,21.7,17.59,0.0,0.9272,0.3745,13.7,11.0,11.0,station
2026-03-11,14.4,13.7,12.6,13.4,11.6,14.8,13.5,12.9,15.8,14.6,13.14,1.08,-1.18,69,38,16.6,16.64,0.2,0.9335,0.3585,15.8,14.0,14.0,station
2026-03-12,13.9,13.5,13.3,13.5,14.7,12.9,12.6,12.9,13.3,14.5,13.78,0.56,0.54,64,10,17.6,18.33,0.0,0.9396,0.3424,14.5,13.0,13.0,station
2026-03-13,15.0,14.4,12.2,14.1,12.9,15.0,14.0,12.5,13.8,13.2,13.72,1.14,0.02,62,49,19.8,18.66,0.0,0.9453,0.3261,15.9,14.0,14.0,station
2026-03-14,10.3,12.2,14.0,13.1,12.4,11.6,11.9,13.7,13.5,12.0,12.4,1.37,-0.14,70,100,12.7,4.96,0.4,0.9508,0.3098,11.0,13.0,13.0,station
2026-03-15,13.2,11.9,13.3,11.6,14.0,13.4,12.4,13.2,12.2,12.5,12.8,1.01,0.06,57,60,13.6,18.53,1.5,0.956,0.2934,13.1,13.0,13.0,station
2026-03-16,13.6,12.8,13.1,12.8,12.6,13.9,12.5,13.2,12.6,11.3,12.98,0.39,0.28,59,92,13.5,17.52,0.0,0.9609,0.2769,13.4,13.0,13.0,station
2026-03-17,12.7,12.3,12.6,13.2,12.3,12.8,12.7,12.1,12.8,12.2,12.62,0.37,0.1,63,48,16.1,19.18,0.0,0.9655,0.2604,13.7,13.0,13.0,station
2026-03-18,10.5,9.7,10.7,8.9,10.5,10.2,10.5,11.3,9.1,11.7,10.06,0.75,-0.5,60,88,22.4,14.28,0.3,0.9698,0.2437,10.3,10.0,10.0,station
2026-03-19,13.2,12.9,14.1,12.3,11.1,13.2,12.9,13.2,12.2,11.1,12.72,1.11,0.2,52,52,16.0,19.51,0.0,0.9739,0.227,13.3,12.0,12.0,station
2026-03-20,16.5,15.8,16.4,15.7,16.6,16.5,15.9,16.2,15.6,15.0,16.2,0.42,0.36,63,32,18.6,18.95,0.0,0.9777,0.2102,17.1,17.0,17.0,station
2026-03-21,16.5,15.4,16.1,16.5,15.2,16.8,15.8,16.0,16.1,15.4,15.94,0.61,-0.08,76,50,23.3,18.85,0.0,0.9811,0.1934,17.0,14.0,14.0,station
2026-03-22,17.8,17.4,17.1,18.8,17.5,18.0,17.6,18.3,20.2,21.0,17.72,0.65,-1.3,64,73,18.2,14.05,0.1,0.9843,0.1765,19.3,19.0,19.0,station
2026-03-23,18.3,16.3,18.1,16.2,16.7,18.1,16.4,17.5,16.0,16.7,17.12,1.01,0.18,65,73,14.1,18.81,0.0,0.9872,0.1595,18.6,18.0,18.0,station
2026-03-24,17.5,16.8,15.8,15.3,15.0,17.0,16.6,15.2,14.9,14.8,16.08,1.05,0.38,65,95,15.7,14.81,0.0,0.9898,0.1425,16.8,16.0,16.0,station
2026-03-25,22.8,21.7,20.9,20.8,19.4,22.6,22.1,20.0,20.6,18.5,21.12,1.25,0.36,56,20,18.9,20.07,0.0,0.9921,0.1255,23.2,19.0,19.0,station
2026-03-26,26.1,24.0,24.9,23.6,23.3,25.8,24.0,23.3,22.8,22.5,24.38,1.13,0.7,48,88,19.3,19.27,0.0,0.9941,0.1084,26.1,24.0,24.0,station
2026-03-27,22.7,23.4,22.3,23.4,24.6,23.9,24.4,23.8,23.5,24.8,23.28,0.88,-0.8,50,95,14.7,18.84,0.0,0.9958,0.0913,24.2,22.0,22.0,station
2026-03-28,18.8,19.3,18.2,19.6,18.9,19.0,19.6,17.2,18.0,21.0,18.96,0.53,0.0,69,40,17.1,19.84,0.0,0.9972,0.0741,20.3,19.0,19.0,station
2026-03-29,18.4,19.0,18.7,19.3,16.8,20.2,19.6,19.4,20.5,17.2,18.44,0.98,-0.94,62,86,19.2,14.31,0.0,0.9984,0.057,19.0,20.0,20.0,station
2026-03-30,18.3,16.7,18.1,16.8,16.0,17.9,15.8,19.4,16.8,16.9,17.18,0.98,-0.18,67,91,17.3,11.2,0.0,0.9992,0.0398,19.1,19.0,19.0,station
2026-03-31,19.2,18.6,20.2,18.6,19.1,19.7,18.5,19.9,18.8,20.0,19.14,0.65,-0.24,50,84,13.9,19.11,0.0,0.9997,0.0226,18.9,19.0,19.0,station
2026-04-01,20.0,20.2,21.4,18.7,20.0,20.5,20.3,19.9,18.0,20.7,20.06,0.96,0.18,61,12,11.7,20.56,0.0,1.0,0.0054,21.1,20.0,20.0,station
2026-04-02,22.4,21.9,22.0,22.6,16.1,21.7,20.4,21.4,22.8,15.5,21.0,2.75,0.64,65,70,19.3,19.07,0.0,0.9999,-0.0118,22.4,21.0,21.0,station
2026-04-03,20.3,19.0,18.6,18.9,15.9,18.4,18.6,19.6,19.2,14.9,18.54,1.61,0.4,69,87,26.6,20.09,2.1,0.9996,-0.029,20.1,18.0,18.0,station
2026-04-04,15.1,16.0,15.3,14.0,17.4,14.0,15.2,16.0,15.0,15.3,15.56,1.25,0.46,60,13,22.9,21.83,0.1,0.9989,-0.0462,14.3,14.0,14.0,station
2026-04-05,23.3,22.5,22.5,21.3,20.7,22.1,20.6,23.4,21.9,19.9,22.06,1.04,0.48,49,16,20.5,19.5,0.0,0.998,-0.0634,23.4,20.0,20.0,station
2026-04-06,17.4,17.7,16.9,15.8,19.4,17.8,20.7,18.5,15.3,22.9,17.44,1.31,-1.6,47,20,18.1,21.86,6.9,0.9968,-0.0805,17.5,18.0,18.0,station
2026-04-07,15.7,14.5,16.1,15.3,17.6,17.1,14.6,16.2,16.5,15.8,15.84,1.15,-0.2,57,10,15.8,20.87,0.0,0.9952,-0.0977,16.2,16.0,16.0,station
2026-04-08,16.2,15.0,14.8,15.1,15.6,16.4,15.4,15.3,15.7,16.3,15.34,0.56,-0.48,65,57,25.5,19.3,0.0,0.9934,-0.1148,16.3,15.0,15.0,station
2026-04-09,18.1,14.3,14.6,16.8,15.5,17.1,14.0,13.3,15.9,15.4,15.86,1.59,0.72,83,99,20.6,6.42,4.2,0.9913,-0.1319,15.1,14.0,14.0,station
2026-04-10,21.9,21.5,21.2,,21.7,21.1,16.5,22.5,20.0,20.6,21.57,0.3,1.43,68,23,24.5,19.66,0.0,0.9889,-0.1489,21.8,22.0,22.0,station
2026-04-11,21.5,24.8,21.1,,23.5,22.5,23.2,25.9,23.7,27.0,22.73,1.74,-1.73,62,83,19.5,20.05,0.0,0.9861,-0.1659,25.1,25.0,25.0,station
2026-04-12,21.5,22.3,24.0,,21.0,21.4,26.8,20.8,19.1,20.7,22.2,1.31,0.44,68,76,19.4,21.23,0.0,0.9831,-0.1828,22.7,23.0,23.0,station
2026-04-13,23.4,22.6,24.1,,22.3,17.8,21.3,23.3,23.1,20.5,23.1,0.81,1.9,69,64,14.0,19.76,0.0,0.9799,-0.1997,23.3,24.0,24.0,station
2026-04-14,24.3,23.4,24.5,24.2,23.2,22.6,22.9,22.3,23.2,20.4,23.92,0.58,1.64,57,82,15.5,21.39,0.0,0.9763,-0.2165,25.0,24.0,24.0,station
2026-04-15,25.2,25.0,25.9,26.3,23.4,25.3,24.8,23.0,26.0,24.0,25.16,1.11,0.54,48,54,17.0,21.9,0.0,0.9724,-0.2333,25.8,27.0,27.0,station
2026-04-16,20.6,17.8,21.2,18.7,20.4,20.3,18.5,20.9,18.1,20.0,19.74,1.43,0.18,63,94,19.2,12.4,1.5,0.9683,-0.25,22.1,21.0,21.0,station
2026-04-17,21.7,20.8,23.6,23.4,20.4,23.4,20.9,23.8,23.2,20.2,21.98,1.47,-0.32,76,49,16.8,19.42,0.0,0.9638,-0.2666,23.2,21.0,21.0,station
2026-04-18,25.0,22.9,23.9,24.2,24.1,24.3,23.4,24.3,25.4,22.9,24.02,0.75,-0.04,76,8,17.8,22.38,0.0,0.9591,-0.2831,23.9,23.0,23.0,station
2026-04-19,24.1,22.7,23.7,24.6,23.3,23.9,23.4,24.0,23.4,23.4,23.68,0.73,0.06,72,52,19.7,21.81,0.0,0.9541,-0.2996,23.7,23.0,23.0,station
2026-04-20,16.1,17.2,17.9,16.6,17.0,17.1,18.1,19.4,17.5,19.1,16.96,0.67,-1.28,47,55,27.7,21.23,2.5,0.9488,-0.316,16.7,18.0,18.0,station
2026-04-21,22.0,19.8,21.9,20.1,20.6,20.1,19.4,22.0,21.0,20.2,20.88,1.02,0.34,46,93,16.7,10.96,1.3,0.9432,-0.3322,19.1,19.0,19.0,station
2026-04-22,17.1,16.4,17.8,18.2,14.7,17.0,17.4,18.9,17.9,14.3,16.84,1.38,-0.26,69,78,13.6,20.5,3.4,0.9373,-0.3484,18.2,18.0,18.0,station
2026-04-23,22.5,22.2,23.5,21.7,22.5,21.7,21.7,23.3,22.9,21.2,22.48,0.66,0.32,58,66,9.4,20.74,0.0,0.9312,-0.3645,22.8,24.0,24.0,station
2026-04-24,24.2,24.5,24.3,24.6,23.8,23.1,24.2,24.7,24.3,22.3,24.28,0.31,0.56,48,0,19.5,23.47,0.0,0.9248,-0.3804,25.3,25.0,25.0,station
2026-04-25,24.5,24.0,24.1,24.4,23.6,24.0,23.8,23.4,24.5,23.2,24.12,0.36,0.34,55,5,20.5,23.43,0.0,0.9181,-0.3963,25.6,24.0,24.0,station
2026-04-26,25.3,23.9,23.2,25.2,24.2,25.7,24.2,22.2,24.0,23.0,24.36,0.89,0.54,59,72,22.0,20.16,0.0,0.9112,-0.412,26.7,24.0,24.0,station
2026-04-27,25.8,22.5,24.9,24.5,25.9,27.3,22.0,24.6,25.7,23.4,24.72,1.38,0.12,62,87,25.5,18.94,7.8,0.9039,-0.4276,22.8,24.0,24.0,station
2026-04-28,19.8,19.4,19.9,19.8,21.1,21.0,19.6,19.8,19.7,21.3,20.0,0.64,-0.28,48,91,24.0,21.27,0.0,0.8965,-0.4431,20.1,19.0,19.0,station
2026-04-29,21.9,21.3,22.3,20.7,22.7,21.6,21.6,23.4,21.6,23.1,21.78,0.79,-0.48,48,80,17.5,21.22,0.0,0.8887,-0.4585,21.2,21.0,21.0,station
2026-04-30,23.7,22.5,24.3,22.9,23.3,25.3,23.3,25.3,23.4,25.5,23.34,0.7,-1.22,48,4,9.3,22.44,0.0,0.8807,-0.4737,22.6,23.0,23.0,station
2026-05-01,28.7,26.9,28.8,27.5,29.2,29.3,27.5,29.2,26.4,29.8,28.22,0.97,-0.22,56,67,12.5,21.68,0.0,0.8724,-0.4888,28.4,28.0,28.0,station
2026-05-02,19.9,20.5,22.6,20.3,22.9,20.6,21.1,23.4,18.3,21.8,21.24,1.4,0.2,68,98,17.6,4.48,2.8,0.8639,-0.5037,21.5,22.0,22.0,station
2026-05-03,17.6,18.4,18.3,17.9,16.5,16.6,17.4,15.7,18.0,17.7,17.74,0.76,0.66,79,63,27.6,14.33,3.3,0.8551,-0.5185,16.9,17.0,17.0,station
2026-05-04,22.4,22.0,23.5,22.7,23.4,23.3,22.7,24.7,22.7,23.5,22.8,0.64,-0.58,57,0,18.9,24.9,0.0,0.846,-0.5331,22.3,24.0,24.0,station
2026-05-05,26.0,24.1,23.4,25.5,23.7,25.0,25.0,23.3,24.6,24.4,24.54,1.15,0.08,67,0,20.6,23.97,0.0,0.8367,-0.5476,24.1,21.0,21.0,station
2026-05-06,27.7,26.2,26.7,27.9,26.9,26.9,26.1,26.2,25.6,25.5,27.08,0.71,1.02,61,54,23.5,23.5,0.0,0.8272,-0.5619,26.8,25.0,25.0,station
2026-05-07,21.0,20.5,20.7,20.4,20.3,21.9,20.5,21.7,21.6,20.5,20.58,0.28,-0.66,64,65,26.8,19.05,2.0,0.8174,-0.5761,20.1,21.0,21.0,station
2026-05-08,25.2,25.0,25.8,24.2,26.5,25.5,25.3,25.8,24.5,26.1,25.34,0.86,-0.1,48,19,19.4,25.05,0.0,0.8074,-0.59,24.4,25.0,25.0,station
2026-05-09,26.4,25.8,26.7,25.2,25.8,26.6,26.0,27.9,25.2,26.5,25.98,0.58,-0.46,42,0,28.0,24.75,0.0,0.7971,-0.6038,26.5,27.0,27.0,station
2026-05-10,26.4,25.5,25.6,25.7,23.9,26.2,25.9,24.9,24.5,24.7,25.42,0.92,0.18,54,18,24.3,23.56,0.0,0.7866,-0.6175,26.8,23.0,23.0,station
2026-05-11,24.9,24.6,23.5,27.4,22.9,25.1,24.7,23.9,30.8,25.6,24.66,1.73,-1.36,73,58,15.8,16.1,4.3,0.7759,-0.6309,27.4,27.0,27.0,station
2026-05-12,29.2,25.5,29.7,28.7,26.4,29.5,25.5,27.5,28.6,26.2,27.9,1.84,0.44,72,17,18.9,25.88,0.0,0.7649,-0.6442,29.4,30.0,30.0,station
2026-05-13,25.8,26.9,27.1,26.2,23.6,25.1,23.2,25.8,23.6,23.1,25.92,1.4,1.76,76,59,21.2,26.07,0.0,0.7537,-0.6572,25.4,21.0,21.0,station
2026-05-14,21.7,21.8,23.9,21.2,20.9,22.1,22.6,25.1,21.3,21.9,21.9,1.18,-0.7,83,81,20.9,23.64,0.0,0.7423,-0.6701,21.7,22.0,22.0,station
2026-05-15,23.1,23.2,23.7,22.9,22.0,23.9,23.8,24.1,22.5,22.4,22.98,0.62,-0.36,82,45,21.8,22.77,0.0,0.7306,-0.6828,21.8,22.0,22.0,station
2026-05-16,24.1,22.7,24.2,22.7,23.6,24.5,24.3,24.4,23.9,23.5,23.46,0.73,-0.66,82,55,22.3,23.74,0.0,0.7188,-0.6952,24.0,21.0,21.0,station
2026-05-17,24.7,23.9,23.7,22.3,23.5,25.0,23.9,23.0,22.7,23.5,23.62,0.87,0.0,81,60,24.9,24.71,0.0,0.7067,-0.7075,24.3,23.0,23.0,station
2026-05-18,21.2,20.1,20.3,19.6,21.2,20.7,19.5,20.0,19.2,21.2,20.48,0.7,0.36,88,99,23.6,5.1,36.7,0.6945,-0.7195,21.1,20.0,20.0,station
2026-05-19,19.4,20.0,19.0,19.6,18.5,18.9,21.7,19.8,19.2,18.4,19.3,0.57,-0.3,92,99,14.8,7.24,33.5,0.682,-0.7314,21.1,20.0,20.0,station
2026-05-20,21.3,20.1,17.5,18.7,19.6,21.3,20.3,17.3,20.2,21.7,19.44,1.43,-0.72,90,98,21.0,10.52,13.4,0.6693,-0.743,21.0,19.0,19.0,station
2026-05-21,23.4,24.5,24.5,23.9,25.8,24.6,25.3,25.0,24.3,25.2,24.42,0.9,-0.46,75,55,19.4,23.42,0.0,0.6564,-0.7544,25.4,24.0,24.0,station
2026-05-22,21.5,21.7,22.6,20.9,21.4,21.9,22.1,22.9,22.5,22.1,21.62,0.62,-0.68,83,67,21.3,23.85,3.7,0.6433,-0.7656,21.3,21.0,21.0,station
2026-05-23,24.6,24.2,25.5,24.0,24.0,25.1,24.5,24.3,24.2,22.8,24.46,0.63,0.28,85,98,15.0,21.6,0.9,0.6301,-0.7765,25.0,24.0,24.0,station
2026-05-24,22.2,22.8,25.1,23.2,22.3,22.2,22.3,25.4,22.8,23.3,23.12,1.18,-0.08,85,82,19.4,16.96,0.1,0.6166,-0.7873,23.3,24.0,24.0,station
2026-05-25,20.9,21.0,24.7,19.5,21.2,19.8,21.5,27.3,23.1,22.5,21.46,1.93,-1.38,86,97,17.1,8.0,7.0,0.603,-0.7978,23.3,24.0,24.0,station
2026-05-26,22.7,22.5,22.7,20.8,22.9,23.7,23.2,22.7,20.9,24.0,22.32,0.86,-0.58,89,100,19.4,11.68,7.4,0.5892,-0.808,23.8,22.0,22.0,station
2026-05-27,24.0,22.8,24.2,21.5,24.0,23.6,22.3,23.5,22.0,26.5,23.3,1.15,-0.28,90,85,18.7,9.96,0.3,0.5752,-0.818,22.8,21.0,21.0,station
2026-05-28,27.1,28.3,30.1,27.7,29.6,27.6,28.3,29.3,27.9,29.6,28.56,1.26,0.02,72,8,23.7,26.04,0.4,0.561,-0.8278,27.4,28.0,28.0,station
2026-05-29,27.9,29.9,30.8,28.1,31.2,28.0,30.1,31.4,28.2,30.6,29.58,1.52,-0.08,60,16,13.6,27.93,0.0,0.5467,-0.8373,28.6,30.0,30.0,station
2026-05-30,29.7,32.1,34.0,31.5,31.0,30.3,31.9,34.6,30.1,33.1,31.66,1.58,-0.34,54,6,18.9,28.22,0.0,0.5322,-0.8466,31.1,32.0,32.0,station
2026-05-31,28.9,29.5,31.7,29.4,31.6,27.6,28.9,31.8,29.2,31.2,30.22,1.33,0.48,54,58,22.2,27.76,0.0,0.5176,-0.8556,30.8,32.0,32.0,station
2026-06-01,28.8,29.0,30.4,27.5,28.4,28.6,29.7,29.8,28.8,28.1,28.82,1.05,-0.18,53,57,18.4,23.64,0.0,0.5028,-0.8644,29.2,27.0,27.0,station
2026-06-02,27.9,27.8,28.5,26.9,30.5,27.1,28.4,28.4,26.8,27.1,28.32,1.35,0.76,78,58,19.2,26.0,0.0,0.4878,-0.8729,27.7,27.0,27.0,station
2026-06-03,25.7,25.8,25.5,25.0,29.0,27.2,26.4,26.4,25.9,25.1,26.2,1.6,0.0,81,89,21.1,19.32,0.0,0.4728,-0.8812,25.0,24.0,24.0,station
2026-06-04,26.5,25.3,27.5,25.3,28.3,25.2,25.1,27.0,24.9,25.6,26.58,1.33,1.02,74,43,21.9,20.59,10.4,0.4575,-0.8892,25.7,26.0,26.0,station
2026-06-05,28.2,26.5,29.6,25.7,,28.3,26.9,30.0,26.9,26.3,27.5,1.75,-0.18,63,35,16.6,23.9,0.0,0.4422,-0.8969,27.0,26.0,26.0,station
2026-06-06,23.8,22.5,24.7,23.1,,24.2,22.9,25.5,23.6,23.7,23.52,0.95,-0.46,68,93,26.0,11.79,0.3,0.4267,-0.9044,24.0,24.0,24.0,station
2026-06-07,25.0,23.8,26.7,22.6,,26.2,24.2,26.8,22.7,25.5,24.52,1.75,-0.56,68,83,20.7,24.24,2.7,0.4111,-0.9116,23.5,25.0,25.0,station
2026-06-08,28.5,28.4,30.0,27.0,,27.4,28.3,29.1,26.6,29.5,28.48,1.23,0.3,54,57,24.8,27.32,0.0,0.3953,-0.9185,29.7,28.0,28.0,station
2026-06-09,29.7,28.8,31.3,28.3,,28.8,29.0,32.1,28.4,30.9,29.52,1.32,-0.31,53,26,20.8,23.27,1.6,0.3795,-0.9252,31.1,30.0,30.0,station
2026-06-10,29.1,28.5,28.4,26.8,28.1,26.9,27.5,28.6,26.3,28.6,28.18,0.85,0.6,53,4,20.8,27.87,0.1,0.3635,-0.9316,29.0,28.0,28.0,station
2026-06-11,31.0,30.0,30.4,29.2,29.5,31.8,30.1,31.2,29.2,29.8,30.02,0.72,-0.4,49,10,14.7,27.32,0.0,0.3474,-0.9377,31.9,30.0,30.0,station
2026-06-12,32.1,31.6,33.0,29.1,30.2,31.1,30.8,31.9,28.9,30.2,31.2,1.55,0.62,62,71,20.2,24.14,0.4,0.3312,-0.9436,33.1,31.0,31.0,station
2026-06-13,32.5,31.1,31.9,31.0,29.1,33.4,32.4,32.8,29.6,30.6,31.12,1.29,-0.64,66,49,17.4,22.0,1.0,0.3149,-0.9491,31.3,30.0,30.0,station
2026-06-14,26.1,26.1,25.6,24.9,25.9,27.2,26.9,25.5,25.3,25.9,25.72,0.5,-0.44,68,35,26.1,22.97,0.0,0.2986,-0.9544,27.3,25.0,25.0,station
2026-06-15,26.9,27.0,27.3,26.4,26.4,27.2,27.4,27.2,25.7,27.2,26.8,0.39,-0.14,72,70,20.4,25.29,0.0,0.2821,-0.9594,28.2,27.0,27.0,station
2026-06-16,27.6,27.5,28.3,26.0,27.2,27.3,27.4,27.7,26.6,26.9,27.32,0.84,0.14,73,19,18.0,27.05,0.0,0.2656,-0.9641,28.7,27.0,27.0,station
2026-06-17,29.4,29.4,30.6,27.7,28.7,28.4,29.6,29.0,27.8,27.6,29.16,1.06,0.68,74,69,16.8,19.25,0.0,0.2489,-0.9685,30.7,31.0,31.0,station
2026-06-18,30.7,30.2,32.7,27.5,29.1,29.8,29.7,29.4,25.8,28.3,30.04,1.93,1.44,73,97,17.2,20.15,0.2,0.2322,-0.9727,31.7,28.0,28.0,station
2026-06-19,25.0,23.7,26.8,24.9,25.1,28.3,24.5,25.1,24.8,25.9,25.1,1.11,-0.62,80,99,14.7,9.02,1.3,0.2155,-0.9765,26.1,25.0,25.0,station
2026-06-20,32.9,30.7,33.7,30.7,31.6,33.7,29.5,31.8,30.7,32.1,31.92,1.34,0.36,62,54,17.7,22.57,1.1,0.1986,-0.9801,32.7,32.0,32.0,station
2026-06-21,29.9,29.3,33.4,29.0,31.3,29.2,28.6,33.0,28.6,29.7,30.58,1.81,0.76,54,100,13.7,11.51,0.0,0.1818,-0.9833,29.6,29.0,29.0,station
2026-06-22,28.2,28.5,31.9,26.7,27.7,28.4,28.3,30.6,28.5,29.1,28.6,1.97,-0.38,73,94,17.3,19.29,2.2,0.1648,-0.9863,28.7,28.0,28.0,station
2026-06-23,27.9,28.6,28.3,26.6,27.7,28.2,28.9,27.3,26.7,26.7,27.82,0.77,0.26,74,80,18.8,24.97,0.0,0.1478,-0.989,29.2,28.0,28.0,station
2026-06-24,29.5,30.1,32.3,28.1,30.5,32.0,30.2,32.6,29.8,30.4,30.1,1.53,-0.9,69,56,20.0,23.54,0.0,0.1308,-0.9914,31.5,30.0,30.0,station
2026-06-25,31.0,29.9,32.5,28.1,30.4,31.4,30.4,33.3,30.4,29.9,30.38,1.61,-0.7,62,45,24.5,24.13,0.4,0.1137,-0.9935,30.9,32.0,32.0,station
2026-06-26,32.9,31.2,33.2,30.2,30.7,31.1,30.8,32.1,29.2,30.9,31.64,1.34,0.82,57,85,15.5,22.2,0.0,0.0966,-0.9953,32.5,30.0,30.0,station
2026-06-27,33.7,32.8,33.0,31.9,30.4,32.2,32.2,31.6,29.9,29.3,32.36,1.27,1.32,53,22,22.0,26.52,0.0,0.0795,-0.9968,35.4,33.0,33.0,station
2026-06-28,31.3,31.4,30.1,28.9,29.5,31.3,31.8,29.7,28.7,28.5,30.24,1.1,0.24,66,60,21.2,23.26,0.1,0.0623,-0.9981,31.9,29.0,29.0,station
2026-06-29,29.4,29.1,28.8,29.2,28.6,29.0,29.9,28.1,28.9,28.9,29.02,0.32,0.06,73,79,20.5,21.33,0.0,0.0451,-0.999,30.2,27.0,27.0,station
2026-06-30,28.2,27.1,28.3,28.8,28.0,27.5,27.3,28.9,28.2,28.3,28.08,0.62,0.04,86,87,19.2,10.38,7.0,0.028,-0.9996,28.5,26.0,26.0,station
2026-07-01,29.4,26.6,28.4,28.2,24.7,27.7,26.3,28.1,29.4,26.9,27.46,1.84,-0.22,73,55,14.3,23.05,0.7,0.0108,-0.9999,30.6,29.0,29.0,station
2026-07-02,31.1,32.7,31.4,30.3,30.4,30.1,30.4,32.4,30.4,29.4,31.18,0.97,0.64,76,60,18.7,24.23,2.4,-0.0065,-1.0,32.7,31.0,31.0,station
2026-07-03,31.1,30.2,31.8,30.1,29.0,33.6,32.1,34.6,29.8,32.8,30.44,1.06,-2.14,74,72,21.6,18.75,1.4,-0.0237,-0.9997,34.2,31.0,31.0,station
2026-07-04,31.3,31.2,29.9,27.8,28.4,30.8,30.2,30.9,29.1,29.8,29.72,1.59,-0.44,72,35,21.8,25.84,0.0,-0.0408,-0.9992,33.3,30.0,30.0,station
2026-07-05,35.3,34.2,34.8,32.3,33.4,34.2,32.6,35.1,32.0,33.4,34.0,1.19,0.54,66,29,18.0,25.21,1.9,-0.058,-0.9983,36.9,33.0,33.0,station
2026-07-06,31.4,31.4,33.8,30.3,30.6,30.0,30.6,34.4,29.6,31.5,31.5,1.37,0.28,69,88,20.0,22.8,14.2,-0.0752,-0.9972,36.4,33.0,33.0,station
2026-07-07,26.0,24.9,23.3,25.1,26.7,26.7,25.0,24.2,25.3,24.5,25.2,1.28,0.06,94,82,22.5,4.7,27.5,-0.0923,-0.9957,24.2,23.0,23.0,station
2026-07-08,32.1,32.0,33.3,33.5,30.0,32.2,32.0,32.1,32.6,31.3,32.18,1.4,0.14,80,25,15.7,25.09,2.1,-0.1094,-0.994,31.6,32.0,32.0,station
2026-07-09,29.4,31.1,33.8,31.0,32.6,31.4,31.6,33.1,30.3,31.8,31.58,1.68,-0.06,86,76,17.8,17.4,2.9,-0.1265,-0.992,31.2,28.0,28.0,station
2026-07-10,31.5,32.0,30.4,30.8,31.2,30.6,32.3,30.8,30.5,30.1,31.18,0.62,0.32,83,64,21.4,22.68,0.4,-0.1436,-0.9896,32.8,30.0,30.0,station
2026-07-11,30.4,32.0,31.4,28.9,29.8,30.3,32.1,31.0,28.8,29.5,30.5,1.24,0.16,81,49,25.4,24.5,0.0,-0.1606,-0.987,31.2,30.0,30.0,station
2026-07-12,30.6,28.9,30.8,30.1,29.3,30.9,29.7,32.5,30.7,29.5,29.94,0.82,-0.72,79,47,28.8,20.09,1.2,-0.1775,-0.9841,32.3,31.0,31.0,station
2026-07-13,28.6,27.3,28.1,27.3,26.9,29.4,28.5,28.8,27.3,27.0,27.64,0.69,-0.56,92,100,25.5,7.27,20.6,-0.1944,-0.9809,28.5,26.0,26.0,station
2026-07-14,31.7,31.4,29.7,28.0,30.0,31.2,30.8,25.9,27.8,30.1,30.16,1.48,1.0,86,59,23.7,18.86,21.0,-0.2113,-0.9774,31.2,29.0,29.0,station
2026-07-15,27.9,27.1,28.3,28.2,32.5,31.2,28.0,33.3,29.2,31.5,28.8,2.12,-1.84,85,82,10.6,9.82,10.8,-0.2281,-0.9736,31.3,30.0,30.0,station
2026-07-16,30.3,30.4,31.1,29.5,28.5,31.5,30.2,30.3,27.3,29.1,29.96,0.99,0.28,84,67,9.3,18.62,0.0,-0.2448,-0.9696,30.4,29.0,29.0,station
2026-07-17,26.1,24.8,24.5,24.8,27.2,25.2,25.5,24.8,24.6,26.1,25.48,1.14,0.24,92,96,16.5,6.47,23.0,-0.2614,-0.9652,26.4,26.0,26.0,station
2026-07-18,29.9,29.9,30.9,29.0,28.3,30.3,29.7,30.9,28.7,26.6,29.6,0.99,0.36,73,72,13.0,25.32,0.0,-0.278,-0.9606,30.1,31.0,31.0,station
2026-07-19,28.9,28.9,30.6,27.8,28.4,28.7,29.2,30.3,30.6,26.7,28.92,1.04,-0.18,78,85,12.1,18.8,0.0,-0.2945,-0.9557,29.6,29.0,29.0,station
2026-07-20,28.2,29.2,29.4,28.9,28.2,27.4,29.4,30.3,29.9,30.4,28.78,0.56,-0.7,81,21,14.6,25.76,0.5,-0.3109,-0.9505,30.1,29.0,29.0,station
2026-07-21,30.3,31.6,33.7,31.0,30.8,29.8,31.3,33.3,30.9,31.2,31.48,1.33,0.18,79,11,13.0,25.94,0.0,-0.3272,-0.945,32.1,32.0,32.0,station
2026-07-22,27.7,30.1,32.6,27.8,30.0,29.7,30.5,32.2,28.3,32.7,29.64,2.02,-1.04,87,78,16.8,17.32,0.3,-0.3434,-0.9392,28.8,29.0,29.0,station
2026-07-23,30.1,30.5,30.2,31.4,30.6,28.9,30.4,32.5,30.4,31.8,30.56,0.51,-0.24,81,64,15.6,24.08,0.0,-0.3595,-0.9332,31.6,33.0,33.0,station
2026-07-24,29.2,30.3,30.2,30.7,29.7,28.8,30.2,30.3,28.4,30.0,30.02,0.58,0.48,87,57,16.4,20.76,14.2,-0.3755,-0.9268,31.4,30.0,30.0,station
2026-07-25,30.6,31.2,34.7,30.2,29.5,30.1,31.8,34.4,29.1,27.5,31.24,2.03,0.66,85,31,14.3,23.98,7.1,-0.3914,-0.9202,32.4,31.0,31.0,station
2026-07-26,29.9,32.3,34.3,30.1,30.1,30.6,31.7,33.9,31.5,33.3,31.34,1.93,-0.86,87,55,12.2,22.26,7.0,-0.4071,-0.9134,32.7,31.0,31.0,station
2026-07-27,32.0,32.4,34.8,31.9,33.5,32.8,32.3,33.1,32.5,33.1,32.92,1.23,0.16,86,65,9.3,16.8,0.7,-0.4228,-0.9062,32.5,32.0,32.0,station
2026-07-28,32.3,32.9,33.1,33.0,31.9,32.3,33.7,33.6,32.3,32.1,32.64,0.52,-0.16,86,45,18.4,20.58,0.0,-0.4383,-0.8988,33.1,,,
