datum,p1_ifs,p1_aifs,p1_gfs,p1_icon,p1_gem,p2_ifs,p2_aifs,p2_gfs,p2_icon,p2_gem,mm_gem,mm_spreiding,run2run,rh_gem,bewolking_gem,wind_max,instraling_som,neerslag_som,doy_sin,doy_cos,era5_max,station_max,doel,doelbron
2023-11-01,,,8.6,,,,,3.3,,,,,,96,98,24.8,1.34,8.1,-0.8606,0.5093,5.1,4.0,4.0,station
2023-11-02,,,3.2,,,,,3.4,,,,,,83,80,18.4,2.77,0.1,-0.8517,0.524,3.5,2.0,2.0,station
2023-11-03,,,6.5,,,,,7.2,,,,,,88,100,21.0,1.95,0.2,-0.8426,0.5386,6.4,8.0,8.0,station
2023-11-04,,,9.3,,,,,9.0,,,,,,92,100,28.2,0.4,10.5,-0.8332,0.553,8.0,9.0,9.0,station
2023-11-05,,,9.1,,,,,8.9,,,,,,97,89,27.0,2.58,2.2,-0.8235,0.5672,8.3,9.0,9.0,station
2023-11-06,,,6.8,,,,,7.1,,,,,,100,97,9.0,0.86,1.1,-0.8137,0.5813,7.7,9.0,9.0,station
2023-11-07,,,7.7,,,,,7.5,,,,,,98,100,10.4,1.2,0.5,-0.8035,0.5952,6.9,8.0,8.0,station
2023-11-08,,,6.2,,,,,6.0,,,,,,95,82,9.4,2.12,0.0,-0.7932,0.609,5.1,6.0,6.0,station
2023-11-09,,,5.9,,,,,6.8,,,,,,99,100,11.2,1.42,2.0,-0.7826,0.6225,4.3,4.0,4.0,station
2023-11-10,,,7.2,,,,,7.3,,,,,,99,100,15.0,0.38,12.0,-0.7718,0.6359,6.9,8.0,8.0,station
2023-11-11,,,7.6,,,,,7.0,,,,,,99,100,11.6,0.96,4.1,-0.7607,0.6491,7.0,7.0,7.0,station
2023-11-12,,,6.2,,,,,6.1,,,,,,99,100,18.1,0.43,11.1,-0.7494,0.6621,5.7,6.0,6.0,station
2023-11-13,,,3.2,,,,,4.0,,,,,,89,100,16.0,0.66,1.1,-0.7379,0.6749,2.2,2.0,2.0,station
2023-11-14,,,0.6,,,,,0.8,,,,,,84,100,10.9,0.93,0.2,-0.7262,0.6875,0.7,0.0,0.0,station
2023-11-15,,,-0.0,,,,,-0.4,,,,,,82,100,9.5,0.8,0.0,-0.7143,0.6998,0.1,0.0,0.0,station
2023-11-16,,,-0.8,,,,,-1.8,,,,,,73,87,11.7,2.22,0.0,-0.7021,0.712,-1.0,-2.0,-2.0,station
2023-11-17,,,-1.7,,,,,-0.2,,,,,,83,23,7.9,2.32,0.0,-0.6898,0.724,-2.9,-5.0,-5.0,station
2023-11-18,,,-0.9,,,,,-0.3,,,,,,87,85,14.3,1.18,0.4,-0.6772,0.7358,-0.4,-1.0,-1.0,station
2023-11-19,,,-0.6,,,,,-0.3,,,,,,95,85,8.4,1.14,1.4,-0.6645,0.7473,-0.1,1.0,1.0,station
2023-11-20,,,0.1,,,,,-0.3,,,,,,94,100,10.5,0.76,0.4,-0.6515,0.7586,0.6,1.0,1.0,station
2023-11-21,,,-1.6,,,,,-3.1,,,,,,85,85,11.8,1.33,0.0,-0.6384,0.7697,-1.5,-3.0,-3.0,station
2023-11-22,,,0.8,,,,,-0.3,,,,,,84,80,33.1,0.51,2.3,-0.625,0.7806,0.3,1.0,1.0,station
2023-11-23,,,2.2,,,,,2.1,,,,,,98,100,32.9,0.91,14.3,-0.6115,0.7912,1.3,2.0,2.0,station
2023-11-24,,,0.2,,,,,0.1,,,,,,91,100,15.6,0.86,0.4,-0.5978,0.8016,-0.4,0.0,0.0,station
2023-11-25,,,-5.6,,,,,-4.6,,,,,,75,100,18.1,1.12,0.0,-0.584,0.8118,-6.2,-7.0,-7.0,station
2023-11-26,,,-6.0,,,,,-6.9,,,,,,85,97,12.0,0.69,0.2,-0.5699,0.8217,-7.0,-9.0,-9.0,station
2023-11-27,,,-6.5,,,,,-5.9,,,,,,82,99,22.7,1.34,0.1,-0.5557,0.8314,-9.0,-10.0,-10.0,station
2023-11-28,,,-1.5,,,,,-1.4,,,,,,86,99,22.9,0.45,5.6,-0.5413,0.8408,-1.3,-1.0,-1.0,station
2023-11-29,,,-1.8,,,,,-1.4,,,,,,94,100,13.2,0.43,1.9,-0.5268,0.85,-2.0,-2.0,-2.0,station
2023-11-30,,,-4.2,,,,,-3.2,,,,,,90,100,17.8,0.8,1.8,-0.5121,0.859,-3.6,-4.0,-4.0,station
2023-12-01,,,-5.0,,,,,-6.3,,,,,,88,100,15.3,0.93,1.1,-0.4972,0.8676,-4.5,-4.0,-4.0,station
2023-12-02,,,-7.8,,,,,-7.8,,,,,,90,100,10.8,0.9,0.1,-0.4822,0.8761,-7.4,-7.0,-7.0,station
2023-12-03,,,-8.0,,,,,-7.7,,,,,,91,100,10.1,0.85,0.7,-0.4671,0.8842,-7.4,-8.0,-8.0,station
2023-12-04,,,-10.8,,,,,-9.8,,,,,,89,97,10.0,0.76,1.6,-0.4518,0.8921,-8.9,-9.0,-9.0,station
2023-12-05,,,-4.2,,,,,-2.4,,,,,,89,98,7.3,0.89,0.0,-0.4364,0.8998,-9.7,-9.0,-9.0,station
2023-12-06,,,-2.9,,,,,-1.0,,,,,,92,66,14.9,1.26,0.0,-0.4208,0.9071,-5.2,-5.0,-5.0,station
2023-12-07,,,-4.2,,,,,-4.0,,,,,,91,100,11.8,0.58,0.6,-0.4052,0.9142,-3.7,-3.0,-3.0,station
2023-12-08,,,-4.1,,,,,-4.0,,,,,,86,100,15.7,0.53,2.0,-0.3894,0.9211,-4.0,-4.0,-4.0,station
2023-12-09,,,-4.6,,,,,-4.3,,,,,,89,100,10.9,0.39,2.5,-0.3735,0.9276,-6.2,-7.0,-7.0,station
2023-12-10,,,-3.5,,,,,-3.2,,,,,,91,100,10.7,0.41,2.8,-0.3575,0.9339,-4.7,-4.0,-4.0,station
2023-12-11,,,-2.1,,,,,-0.0,,,,,,91,100,16.8,0.41,1.3,-0.3413,0.9399,-3.9,-5.0,-5.0,station
2023-12-12,,,-5.0,,,,,-0.0,,,,,,89,100,16.2,0.36,3.7,-0.3251,0.9457,-5.8,-6.0,-6.0,station
2023-12-13,,,-3.7,,,,,-3.5,,,,,,92,100,14.3,0.27,6.0,-0.3088,0.9511,-3.4,-4.0,-4.0,station
2023-12-14,,,-4.7,,,,,-3.6,,,,,,95,98,6.3,0.53,0.4,-0.2924,0.9563,-4.5,-3.0,-3.0,station
2023-12-15,,,-6.9,,,,,-9.4,,,,,,95,94,10.8,0.75,0.1,-0.2759,0.9612,-4.5,-4.0,-4.0,station
2023-12-16,,,3.0,,,,,3.0,,,,,,95,98,19.2,0.49,1.1,-0.2593,0.9658,3.1,3.0,3.0,station
2023-12-17,,,4.5,,,,,3.1,,,,,,83,54,23.1,0.87,0.9,-0.2427,0.9701,3.9,4.0,4.0,station
2023-12-18,,,2.3,,,,,2.4,,,,,,98,69,13.7,0.45,0.0,-0.226,0.9741,1.5,2.0,2.0,station
2023-12-19,,,4.8,,,,,4.1,,,,,,88,56,22.7,0.9,6.1,-0.2092,0.9779,4.0,4.0,4.0,station
2023-12-20,,,0.2,,,,,0.8,,,,,,87,28,24.0,1.0,0.0,-0.1923,0.9813,-0.7,1.0,1.0,station
2023-12-21,,,0.8,,,,,0.8,,,,,,95,97,14.6,0.35,2.2,-0.1754,0.9845,0.7,1.0,1.0,station
2023-12-22,,,0.9,,,,,0.2,,,,,,94,98,22.3,0.2,17.4,-0.1585,0.9874,0.9,1.0,1.0,station
2023-12-23,,,0.5,,,,,0.3,,,,,,95,96,12.3,0.34,3.9,-0.1414,0.9899,0.6,1.0,1.0,station
2023-12-24,,,-1.4,,,,,-3.5,,,,,,96,100,8.1,0.54,1.0,-0.1244,0.9922,-1.6,-1.0,-1.0,station
2023-12-25,,,-1.6,,,,,-1.1,,,,,,95,100,10.9,0.64,0.2,-0.1073,0.9942,-3.7,-3.0,-3.0,station
2023-12-26,,,-1.8,,,,,-4.2,,,,,,96,100,9.2,0.56,0.0,-0.0902,0.9959,-5.1,-4.0,-4.0,station
2023-12-27,,,-2.0,,,,,-0.2,,,,,,93,94,11.0,0.66,0.3,-0.073,0.9973,-4.1,-3.0,-3.0,station
2023-12-28,,,-1.2,,,,,-1.5,,,,,,92,99,13.6,0.62,0.6,-0.0559,0.9984,-1.1,-1.0,-1.0,station
2023-12-29,,,1.1,,,,,2.0,,,,,,95,100,16.6,0.23,4.8,-0.0387,0.9993,-0.1,0.0,0.0,station
2023-12-30,,,,,,,,,,,,,,89,100,16.8,0.23,5.5,-0.0215,0.9998,-1.4,-2.0,-2.0,station
2023-12-31,,,,,,,,,,,,,,87,85,16.6,0.87,0.0,-0.0043,1.0,-9.9,,,
2024-01-01,,,,,,,,,,,,,,85,72,16.1,0.86,0.0,0.0172,0.9999,-11.7,-16.0,-16.0,station
2024-01-02,,,,,,,,,,,,,,81,82,16.9,0.9,0.0,0.0344,0.9994,-17.0,-17.0,-17.0,station
2024-01-03,,,,,,,,,,,,,,81,69,20.5,0.63,0.2,0.0516,0.9987,-18.1,-18.0,-18.0,station
2024-01-04,,,,,,,,,,,,,,81,83,20.3,0.71,0.1,0.0688,0.9976,-16.9,-18.0,-18.0,station
2024-01-05,,,,,,,,,,,,,,80,99,17.7,0.64,1.6,0.0859,0.9963,-15.7,-16.0,-16.0,station
2024-01-06,,,,,,,,,,,,,,86,64,14.6,1.21,0.9,0.103,0.9947,-15.4,-15.0,-15.0,station
2024-01-07,,,,,,,,,,,,,,89,35,15.7,1.27,0.0,0.1201,0.9928,-14.9,-19.0,-19.0,station
2024-01-08,,,,,,,,,,,,,,90,94,19.6,0.67,0.0,0.1372,0.9905,-2.2,-3.0,-3.0,station
2024-01-09,,,,,,,,,,,,,,91,61,19.3,1.18,0.0,0.1542,0.988,2.7,2.0,2.0,station
2024-01-10,,,,,,,,,,,,,,92,78,19.4,0.97,0.0,0.1712,0.9852,2.1,2.0,2.0,station
2024-01-11,,,,,,,,,,,,,,78,31,24.1,1.52,0.1,0.1881,0.9821,2.0,2.0,2.0,station
2024-01-12,,,,,,,,,,,,,,87,92,20.3,0.59,7.9,0.205,0.9788,-4.6,-5.0,-5.0,station
2024-01-13,,,,,,,,,,,,,,88,100,18.9,0.71,0.8,0.2218,0.9751,-7.4,-6.0,-6.0,station
2024-01-14,,,,,,,,,,,,,,92,100,13.9,0.7,1.6,0.2385,0.9711,-5.7,-6.0,-6.0,station
2024-01-15,,,,,,,,,,,,,,88,100,15.6,1.08,2.0,0.2552,0.9669,-7.8,-7.0,-7.0,station
2024-01-16,,,,,,,,,,,,,,81,82,17.7,1.59,0.2,0.2718,0.9624,-13.6,-15.0,-15.0,station
2024-01-17,,,,,,,,,,,,,,87,81,19.5,1.73,0.0,0.2883,0.9575,-5.0,-4.0,-4.0,station
2024-01-18,,,,,,,,,,,,,,89,97,22.7,0.53,10.7,0.3047,0.9524,-3.2,-3.0,-3.0,station
2024-01-19,,,,,,,,,,,,,,80,90,18.8,1.17,0.3,0.3211,0.9471,-6.0,-6.0,-6.0,station
2024-01-20,,,-10.4,-12.5,-12.2,,,,,,,,,87,100,15.2,1.26,0.0,0.3373,0.9414,-10.9,-10.0,-10.0,station
2024-01-21,,,0.2,-0.9,-0.4,,,0.8,0.0,-0.8,,,,91,99,22.7,0.4,1.4,0.3534,0.9355,0.1,0.0,0.0,station
2024-01-22,,,2.1,1.0,1.2,,,1.5,2.0,0.9,,,,91,100,29.2,0.36,10.1,0.3695,0.9292,2.8,3.0,3.0,station
2024-01-23,,,2.4,1.8,2.6,,,2.3,2.1,2.5,,,,88,100,27.0,0.74,0.4,0.3854,0.9227,3.6,3.0,3.0,station
2024-01-24,,,1.2,0.7,1.7,,,0.6,0.5,1.6,,,,97,93,12.6,1.08,3.5,0.4012,0.916,1.0,1.0,1.0,station
2024-01-25,,,0.3,-0.3,0.4,,,0.0,-0.3,0.1,,,,91,87,17.5,1.29,1.4,0.4169,0.9089,0.6,1.0,1.0,station
2024-01-26,,,-6.8,-5.1,-4.9,,,-6.0,-4.5,-5.3,,,,90,55,14.1,2.38,0.0,0.4325,0.9016,-4.1,-4.0,-4.0,station
2024-01-27,,,-1.4,-3.5,-2.4,,,-2.0,-3.3,-3.7,,,,91,100,13.7,1.25,0.3,0.4479,0.8941,-1.8,-1.0,-1.0,station
2024-01-28,,,2.0,2.1,2.3,,,1.7,1.9,2.2,,,,95,100,18.6,1.08,0.0,0.4633,0.8862,2.3,2.0,2.0,station
2024-01-29,,,2.6,2.3,3.0,,,2.7,2.4,2.8,,,,85,97,26.0,2.69,0.0,0.4784,0.8781,3.8,3.0,3.0,station
2024-01-30,,,0.7,1.2,1.4,,,0.7,0.7,1.2,,,,96,100,11.7,2.02,0.0,0.4935,0.8698,1.3,2.0,2.0,station
2024-01-31,,,1.9,1.3,2.2,,,1.8,1.3,1.9,,,,98,100,18.9,0.86,3.0,0.5084,0.8611,1.8,2.0,2.0,station
2024-02-01,,,1.9,1.3,1.5,,,2.0,1.4,1.5,,,,81,70,28.0,2.94,4.6,0.5231,0.8523,2.0,2.0,2.0,station
2024-02-02,,,-0.4,-1.0,-0.7,,,0.8,-0.2,-0.4,,,,79,35,22.9,3.45,0.0,0.5377,0.8432,-0.9,0.0,0.0,station
2024-02-03,,,2.7,3.6,3.1,,,3.7,3.4,3.2,,,,90,94,18.6,3.05,5.6,0.5521,0.8338,3.6,3.0,3.0,station
2024-02-04,0.5,,0.0,-0.8,-0.0,,,0.1,-0.3,0.0,-0.08,0.54,,78,72,22.9,3.4,0.0,0.5664,0.8242,1.3,2.0,2.0,station
2024-02-05,-3.6,,-1.9,-2.9,-1.6,-3.4,,-3.7,-3.0,-1.9,-2.5,0.92,0.5,90,78,14.0,2.66,0.5,0.5805,0.8143,-2.8,-1.0,-1.0,station
2024-02-06,-5.6,,-7.3,-6.6,-4.8,-6.5,,-7.3,-6.9,-4.8,-6.07,1.1,0.3,88,96,12.2,2.53,0.0,0.5944,0.8042,-4.4,-4.0,-4.0,station
2024-02-07,-7.7,,-7.8,-12.1,-6.7,-8.6,,-9.6,-11.3,-7.3,-8.57,2.4,0.62,86,94,13.6,3.29,0.4,0.6081,0.7938,-8.1,-9.0,-9.0,station
2024-02-08,-13.8,,-11.6,-13.5,-11.9,-16.4,,-12.2,-13.1,-14.4,-12.7,1.11,1.32,85,83,13.4,3.34,0.0,0.6217,0.7833,-12.4,-13.0,-13.0,station
2024-02-09,-12.9,,-9.9,-13.1,-12.6,-13.8,,-9.8,-11.8,-13.0,-12.12,1.5,-0.02,84,31,15.2,4.66,0.0,0.6351,0.7725,-13.4,-11.0,-11.0,station
2024-02-10,-10.3,,-8.3,-12.3,-11.9,-9.5,,-8.5,-12.6,-13.3,-10.7,1.82,0.27,85,30,16.9,4.71,0.0,0.6483,0.7614,-12.0,-11.0,-11.0,station
2024-02-11,-9.7,,-7.9,-9.8,-9.2,-9.0,,-7.9,-9.9,-9.9,-9.15,0.87,0.03,81,73,14.3,3.79,0.0,0.6613,0.7502,-9.0,-9.0,-9.0,station
2024-02-12,-8.1,,-6.5,-8.9,-8.1,-8.5,,-6.2,-8.4,-8.4,-7.9,1.01,-0.03,76,74,20.1,2.86,0.0,0.6741,0.7387,-6.8,-6.0,-6.0,station
2024-02-13,-7.1,,-6.7,-8.3,-7.1,-8.8,,-7.4,-8.6,-7.7,-7.3,0.69,0.83,75,97,24.6,1.66,4.3,0.6867,0.727,-7.4,-6.0,-6.0,station
2024-02-14,-0.9,,-0.5,-3.6,-0.6,-4.3,,-1.1,-3.7,-0.9,-1.4,1.48,1.1,93,100,23.2,1.54,7.2,0.6991,0.715,0.6,-2.0,-2.0,station
2024-02-15,0.4,,0.1,-0.3,0.3,-0.2,,-0.2,-1.3,-0.4,0.12,0.31,0.65,97,100,11.2,2.07,1.1,0.7113,0.7029,0.4,0.0,0.0,station
2024-02-16,3.3,,2.7,1.7,3.3,2.8,,0.3,-0.5,0.7,2.75,0.75,1.93,94,100,20.9,1.68,16.8,0.7233,0.6906,3.4,3.0,3.0,station
2024-02-17,3.8,,3.5,2.8,3.8,4.0,,3.5,2.9,3.6,3.47,0.47,-0.03,86,98,23.7,2.78,4.9,0.735,0.678,4.2,4.0,4.0,station
2024-02-18,-3.3,,-1.5,-2.7,-1.8,-3.3,,-1.0,-2.7,-2.1,-2.33,0.83,-0.05,83,4,19.2,6.19,0.0,0.7466,0.6653,-1.8,0.0,0.0,station
2024-02-19,-1.5,,-1.0,-1.0,-1.3,-1.5,,-1.0,-1.2,-1.1,-1.2,0.24,0.0,92,98,12.3,5.15,0.0,0.7579,0.6523,-1.3,0.0,0.0,station
2024-02-20,-1.5,,-0.9,-1.1,-1.0,-1.8,,-0.7,-1.1,-1.2,-1.12,0.26,0.07,86,95,9.6,5.2,0.0,0.769,0.6392,-0.7,0.0,0.0,station
2024-02-21,-0.0,,-0.0,-0.4,-0.2,-0.2,,-0.8,0.2,-1.1,-0.15,0.19,0.33,94,100,16.7,1.73,1.5,0.7799,0.6259,0.2,0.0,0.0,station
2024-02-22,1.4,,1.5,1.3,1.7,1.6,,1.1,1.3,2.0,1.48,0.17,-0.02,96,100,16.6,1.83,4.9,0.7906,0.6124,1.7,2.0,2.0,station
2024-02-23,3.0,,2.3,2.5,2.8,3.3,,2.1,2.9,3.2,2.65,0.31,-0.23,93,100,21.4,1.01,6.9,0.801,0.5987,2.8,3.0,3.0,station
2024-02-24,3.0,,3.8,2.0,3.6,2.1,,3.5,2.2,3.0,3.1,0.81,0.4,95,99,14.8,2.6,13.1,0.8112,0.5848,2.6,4.0,4.0,station
2024-02-25,2.8,,4.0,2.2,3.9,2.0,,3.7,2.8,3.8,3.23,0.87,0.15,93,84,24.3,5.24,3.6,0.8211,0.5708,2.8,3.0,3.0,station
2024-02-26,0.8,,1.2,0.7,2.5,1.1,,1.6,0.9,1.4,1.3,0.83,0.05,97,100,12.1,1.88,2.5,0.8308,0.5566,1.6,1.0,1.0,station
2024-02-27,0.8,,2.8,-0.1,0.3,0.6,,2.3,1.2,2.0,0.95,1.29,-0.57,96,99,9.0,3.47,0.0,0.8402,0.5422,1.3,0.0,0.0,station
2024-02-28,0.8,,1.5,0.9,1.5,0.2,,2.4,1.4,0.5,1.18,0.38,0.05,96,100,14.7,3.06,0.0,0.8495,0.5277,2.2,1.0,1.0,station
2024-02-29,1.4,,2.4,1.2,1.6,1.4,,2.5,0.8,1.5,1.65,0.53,0.1,92,100,17.0,3.21,0.1,0.8584,0.513,2.3,2.0,2.0,station
2024-03-01,1.4,,3.0,1.5,1.1,1.3,,3.0,2.5,1.6,1.75,0.85,-0.35,90,100,16.9,4.23,0.0,0.8671,0.4981,1.2,1.0,1.0,station
2024-03-02,1.2,,2.3,1.0,1.4,1.2,,2.3,1.3,1.4,1.47,0.57,-0.07,94,65,14.9,6.9,0.0,0.8755,0.4831,2.4,1.0,1.0,station
2024-03-03,0.9,,2.2,1.1,0.7,0.9,,2.8,1.6,0.6,1.23,0.67,-0.25,93,52,12.2,8.25,0.0,0.8837,0.468,2.1,4.0,4.0,station
2024-03-04,1.8,,2.3,2.7,2.7,1.9,,2.1,-0.2,1.9,2.38,0.43,0.95,90,58,12.5,8.01,0.0,0.8916,0.4527,3.3,3.0,3.0,station
2024-03-05,0.7,,0.4,0.8,1.1,0.5,,0.7,0.2,0.1,0.75,0.29,0.38,84,45,11.6,9.25,0.0,0.8993,0.4373,1.0,2.0,2.0,station
2024-03-06,0.5,,2.2,2.0,2.1,1.0,,2.5,1.9,2.2,1.7,0.8,-0.2,80,1,12.3,9.77,0.0,0.9067,0.4218,3.1,4.0,4.0,station
2024-03-07,-0.0,,1.5,-1.6,0.0,0.4,,2.9,-0.1,3.3,-0.03,1.27,-1.65,88,44,12.5,7.67,0.0,0.9138,0.4061,2.1,-2.0,-2.0,station
2024-03-08,0.1,,0.8,-0.2,-0.3,0.7,,1.2,0.1,-0.6,0.1,0.5,-0.25,89,100,8.8,4.14,0.0,0.9207,0.3904,0.6,-3.0,-3.0,station
2024-03-09,-1.5,,-0.7,-0.5,-3.1,-1.8,,-1.0,-1.2,-3.2,-1.45,1.18,0.35,84,95,10.0,4.16,0.1,0.9272,0.3745,-0.3,0.0,0.0,station
2024-03-10,1.5,,0.6,1.5,0.4,0.8,,0.4,0.2,0.1,1.0,0.58,0.62,79,73,9.7,7.65,0.0,0.9335,0.3585,3.0,4.0,4.0,station
2024-03-11,-0.2,,1.1,1.2,1.1,0.3,,0.9,1.0,0.2,0.8,0.67,0.2,85,100,10.3,8.77,0.0,0.9396,0.3424,2.0,4.0,4.0,station
2024-03-12,0.8,,1.0,1.8,1.0,0.9,,1.0,1.8,0.2,1.15,0.44,0.17,83,50,12.2,10.66,0.0,0.9453,0.3261,2.3,4.0,4.0,station
2024-03-13,1.2,,0.5,1.8,2.1,0.7,,0.4,1.4,1.8,1.4,0.71,0.32,88,73,12.7,4.45,0.0,0.9508,0.3098,2.0,2.0,2.0,station
2024-03-14,3.5,4.0,3.9,2.9,3.1,3.4,,3.6,3.3,3.5,3.48,0.48,0.03,94,100,25.4,2.66,2.7,0.956,0.2934,3.5,4.0,4.0,station
2024-03-15,3.1,4.4,4.6,3.7,3.7,3.8,4.3,4.9,3.4,3.8,3.9,0.6,-0.14,95,100,19.7,2.85,2.6,0.9609,0.2769,4.1,6.0,6.0,station
2024-03-16,3.7,4.7,4.5,3.4,4.4,3.9,4.9,5.1,3.7,4.5,4.14,0.56,-0.28,93,100,20.3,3.09,1.9,0.9655,0.2604,4.3,5.0,5.0,station
2024-03-17,2.0,3.2,2.2,2.2,2.3,2.6,3.7,3.6,2.5,1.8,2.38,0.47,-0.46,78,85,25.0,3.59,13.5,0.9698,0.2437,3.5,4.0,4.0,station
2024-03-18,-1.9,0.6,-0.6,-1.0,-1.1,-2.4,0.6,-0.5,-0.2,-1.0,-0.8,0.91,-0.1,73,31,15.7,12.81,0.0,0.9739,0.227,-0.3,0.0,0.0,station
2024-03-19,-0.2,-0.1,2.0,0.8,1.3,0.3,2.3,2.0,1.0,0.4,0.76,0.93,-0.44,87,86,9.3,5.99,0.0,0.9777,0.2102,1.1,1.0,1.0,station
2024-03-20,0.9,0.6,1.8,1.8,1.2,0.9,0.6,1.8,2.1,1.0,1.26,0.54,-0.02,91,98,11.7,4.62,0.0,0.9811,0.1934,1.4,1.0,1.0,station
2024-03-21,1.7,2.0,1.2,1.6,2.6,2.2,1.9,1.7,1.6,2.0,1.82,0.52,-0.06,95,100,13.0,3.39,2.1,0.9843,0.1765,2.5,2.0,2.0,station
2024-03-22,1.5,2.1,1.5,1.8,1.8,1.6,1.9,2.4,2.0,1.6,1.74,0.25,-0.16,97,100,17.4,3.35,6.1,0.9872,0.1595,1.5,2.0,2.0,station
2024-03-23,3.6,4.0,4.1,5.1,5.6,3.1,4.2,4.4,4.7,4.5,4.48,0.83,0.3,89,72,13.4,11.88,1.1,0.9898,0.1425,5.5,6.0,6.0,station
2024-03-24,1.9,2.8,2.7,3.5,4.2,1.8,2.2,1.5,2.2,3.1,3.02,0.87,0.86,88,69,11.8,10.8,0.0,0.9921,0.1255,3.8,3.0,3.0,station
2024-03-25,1.8,1.7,1.5,2.1,2.0,1.8,2.1,2.0,2.7,1.8,1.82,0.24,-0.26,83,99,8.2,7.39,0.0,0.9941,0.1084,2.1,2.0,2.0,station
2024-03-26,1.6,1.5,1.0,2.7,1.4,1.7,1.5,1.6,1.9,2.3,1.64,0.63,-0.16,88,90,7.9,11.59,0.1,0.9958,0.0913,2.3,2.0,2.0,station
2024-03-27,4.1,4.2,5.0,4.2,3.2,3.8,4.5,5.9,4.5,4.8,4.14,0.64,-0.56,90,94,12.3,11.14,1.5,0.9972,0.0741,4.9,5.0,5.0,station
2024-03-28,6.1,8.6,7.0,6.8,6.9,6.3,8.5,6.5,6.3,7.1,7.08,0.92,0.14,79,63,10.8,14.45,0.0,0.9984,0.057,7.2,11.0,11.0,station
2024-03-29,6.5,5.2,6.1,5.5,6.5,3.9,4.4,7.6,4.1,5.6,5.96,0.59,0.84,91,96,12.5,6.8,3.1,0.9992,0.0398,5.8,10.0,10.0,station
2024-03-30,8.3,7.9,9.2,9.0,7.5,8.1,8.6,10.0,10.2,5.8,8.38,0.72,-0.16,90,53,12.7,14.54,0.0,0.9997,0.0226,7.3,12.0,12.0,station
2024-03-31,4.5,6.0,6.6,5.8,5.6,4.7,6.7,6.9,9.2,5.8,5.7,0.77,-0.96,95,94,11.9,10.92,0.0,1.0,0.0054,6.6,10.0,10.0,station
2024-04-01,10.7,10.8,12.1,11.6,11.2,9.1,10.1,11.4,7.5,9.8,11.28,0.58,1.7,87,56,12.3,14.77,0.0,0.9999,-0.0118,15.3,17.0,17.0,station
2024-04-02,4.4,4.8,7.3,4.1,4.2,6.9,4.4,7.2,4.5,4.7,4.96,1.34,-0.58,89,100,23.8,3.85,18.0,0.9996,-0.029,4.9,6.0,6.0,station
2024-04-03,0.3,-0.0,0.3,0.1,-0.3,0.7,0.2,2.2,-1.1,-0.7,0.08,0.25,-0.18,82,99,26.0,7.39,13.2,0.9989,-0.0462,-0.5,0.0,0.0,station
2024-04-04,0.0,0.7,-1.3,-1.1,-0.3,-1.4,0.3,-2.4,-0.8,-0.9,-0.4,0.82,0.64,62,43,15.8,17.35,0.0,0.998,-0.0634,1.2,-1.0,-1.0,station
2024-04-05,-0.2,-0.7,-0.0,-1.0,-0.1,1.0,-0.1,0.1,-0.3,-1.8,-0.4,0.43,-0.18,81,100,25.8,4.27,6.9,0.9968,-0.0805,-1.7,-1.0,-1.0,station
2024-04-06,3.6,2.9,3.7,3.2,4.4,3.9,3.3,5.6,4.0,4.8,3.56,0.57,-0.76,85,88,10.4,12.34,0.0,0.9952,-0.0977,3.9,2.0,2.0,station
2024-04-07,6.2,5.7,8.1,5.4,7.2,5.4,5.8,7.1,6.8,6.1,6.52,1.12,0.28,91,71,23.3,7.15,1.0,0.9934,-0.1148,6.6,7.0,7.0,station
2024-04-08,9.6,10.5,10.3,8.9,8.3,9.5,10.2,9.1,9.5,8.5,9.52,0.93,0.16,85,30,18.5,16.75,0.0,0.9913,-0.1319,13.3,13.0,13.0,station
2024-04-09,9.7,10.8,12.1,13.5,9.8,10.7,11.8,11.3,12.6,7.6,11.18,1.62,0.38,88,80,9.4,13.27,0.0,0.9889,-0.1489,14.0,15.0,15.0,station
2024-04-10,10.0,12.2,12.1,11.1,12.4,11.8,10.9,11.5,9.4,10.2,11.56,1.01,0.8,86,89,22.7,12.92,0.0,0.9861,-0.1659,14.9,14.0,14.0,station
2024-04-11,8.4,7.3,8.6,9.4,7.7,8.4,6.6,8.8,7.2,8.0,8.28,0.82,0.48,70,61,25.4,14.48,0.9,0.9831,-0.1828,10.5,12.0,12.0,station
2024-04-12,11.6,12.7,12.3,12.7,11.9,13.9,13.2,12.8,12.6,11.2,12.24,0.49,-0.5,78,73,24.1,14.02,0.8,0.9799,-0.1997,12.5,13.0,13.0,station
2024-04-13,7.5,7.5,7.6,6.9,7.9,6.4,7.5,10.8,6.8,9.4,7.48,0.36,-0.7,93,92,16.8,8.17,1.3,0.9763,-0.2165,9.5,11.0,11.0,station
2024-04-14,6.3,6.3,6.6,6.4,7.3,7.3,6.7,8.7,7.6,10.1,6.58,0.42,-1.5,96,96,15.5,6.34,6.9,0.9724,-0.2333,7.6,7.0,7.0,station
2024-04-15,10.4,9.8,7.1,9.1,8.8,9.0,10.1,7.0,11.2,6.7,9.04,1.25,0.24,82,93,18.5,8.54,2.4,0.9683,-0.25,10.3,11.0,11.0,station
2024-04-16,6.7,6.1,6.5,6.9,6.6,6.9,6.4,6.8,8.0,8.0,6.56,0.3,-0.66,84,93,9.9,7.83,1.7,0.9638,-0.2666,8.1,7.0,7.0,station
2024-04-17,4.2,3.8,3.3,4.7,4.0,3.4,3.7,3.2,5.6,4.5,4.0,0.51,-0.08,84,99,11.5,5.07,0.7,0.9591,-0.2831,5.1,4.0,4.0,station
2024-04-18,1.2,1.1,2.9,2.9,0.7,1.1,1.1,4.1,1.9,1.5,1.76,1.06,-0.18,70,96,10.6,8.71,0.2,0.9541,-0.2996,2.2,3.0,3.0,station
2024-04-19,1.7,-0.1,2.2,2.0,-0.4,2.1,-0.4,3.1,0.9,-0.6,1.08,1.23,0.06,67,74,18.0,10.41,1.7,0.9488,-0.316,0.9,-1.0,-1.0,station
2024-04-20,0.3,-1.4,-0.0,0.8,-0.2,0.4,-0.7,0.1,0.9,0.6,-0.1,0.82,-0.36,69,100,10.8,7.36,1.8,0.9432,-0.3322,1.3,-1.0,-1.0,station
2024-04-21,4.8,2.1,3.5,2.7,3.7,3.3,0.7,4.2,4.0,2.7,3.36,1.03,0.38,70,100,16.9,7.39,0.8,0.9373,-0.3484,4.0,2.0,2.0,station
2024-04-22,0.9,-0.1,0.4,1.5,2.3,4.6,1.1,1.3,3.5,3.9,1.0,0.94,-1.88,73,100,24.1,5.85,5.1,0.9312,-0.3645,2.2,1.0,1.0,station
2024-04-23,0.1,-0.5,1.2,1.8,2.4,0.8,0.1,1.8,0.9,2.9,1.0,1.19,-0.3,89,100,18.0,4.36,8.8,0.9248,-0.3804,0.1,0.0,0.0,station
2024-04-24,2.6,5.3,4.1,3.9,3.7,3.3,4.8,4.6,5.7,4.0,3.92,0.97,-0.56,83,72,15.7,18.95,0.1,0.9181,-0.3963,3.3,5.0,5.0,station
2024-04-25,4.5,4.0,2.7,4.8,5.1,3.9,6.0,6.4,8.1,5.5,4.22,0.94,-1.76,91,100,16.6,7.04,2.4,0.9112,-0.412,2.9,4.0,4.0,station
2024-04-26,6.5,5.0,6.9,6.7,4.2,6.0,4.7,7.0,7.2,4.2,5.86,1.19,0.04,88,73,16.6,11.2,0.1,0.9039,-0.4276,6.7,7.0,7.0,station
2024-04-27,7.1,8.0,8.9,9.5,7.1,6.7,8.5,9.4,9.1,7.1,8.12,1.07,-0.04,80,62,13.0,17.94,0.2,0.8965,-0.4431,10.1,11.0,11.0,station
2024-04-28,10.4,11.0,12.9,12.5,11.4,10.2,11.2,11.0,11.2,10.1,11.64,1.04,0.9,76,67,16.2,20.07,0.0,0.8887,-0.4585,12.3,12.0,12.0,station
2024-04-29,15.3,16.9,18.0,16.1,15.9,15.4,17.2,16.3,15.3,15.6,16.44,1.04,0.48,74,98,16.0,15.79,0.8,0.8807,-0.4737,17.8,20.0,20.0,station
2024-04-30,15.1,15.7,16.9,17.6,15.8,14.8,15.7,17.3,16.8,15.2,16.22,1.01,0.26,72,21,17.1,22.89,0.0,0.8724,-0.4888,17.1,18.0,18.0,station
2024-05-01,11.8,14.9,16.3,16.6,15.8,13.7,14.9,15.5,14.8,15.4,15.08,1.94,0.22,69,13,10.4,22.71,0.0,0.8639,-0.5037,16.0,17.0,17.0,station
2024-05-02,14.0,15.6,15.4,14.6,13.9,14.7,15.7,13.5,15.9,15.1,14.7,0.78,-0.28,69,32,16.9,20.03,0.0,0.8551,-0.5185,16.1,17.0,17.0,station
2024-05-03,14.4,15.3,16.9,16.8,14.8,13.7,15.4,10.5,16.9,14.8,15.64,1.15,1.38,62,81,11.2,14.94,0.0,0.846,-0.5331,18.0,18.0,18.0,station
2024-05-04,18.4,17.8,18.8,19.9,18.8,16.3,17.1,18.0,19.9,16.7,18.74,0.77,1.14,57,67,21.3,22.17,0.0,0.8367,-0.5476,19.6,20.0,20.0,station
2024-05-05,11.6,12.3,13.0,13.9,12.4,11.5,11.7,12.7,13.8,13.2,12.64,0.86,0.06,56,27,15.0,22.96,0.0,0.8272,-0.5619,15.3,14.0,14.0,station
2024-05-06,7.9,7.6,7.8,9.3,7.7,7.2,7.4,8.2,9.1,8.6,8.06,0.7,-0.04,69,59,13.0,15.29,0.2,0.8174,-0.5761,8.9,8.0,8.0,station
2024-05-07,7.5,7.6,10.0,8.7,8.3,7.5,8.1,9.3,8.3,9.0,8.42,1.01,-0.02,57,66,17.4,16.28,0.3,0.8074,-0.59,7.7,8.0,8.0,station
2024-05-08,7.9,7.2,7.7,8.7,8.1,7.3,6.8,7.3,7.5,7.5,7.92,0.55,0.64,53,1,16.2,25.83,0.0,0.7971,-0.6038,8.1,9.0,9.0,station
2024-05-09,7.6,8.6,10.3,10.1,8.6,8.7,8.5,10.0,10.6,8.8,9.04,1.14,-0.28,61,79,15.7,15.95,0.0,0.7866,-0.6175,10.7,10.0,10.0,station
2024-05-10,12.3,11.6,13.0,13.1,10.6,12.1,12.0,12.7,13.1,10.9,12.12,1.04,-0.04,66,68,23.9,17.06,2.2,0.7759,-0.6309,12.1,13.0,13.0,station
2024-05-11,13.0,13.3,13.9,13.0,13.0,13.4,12.9,14.3,13.9,12.7,13.24,0.39,-0.2,46,8,23.3,26.05,0.0,0.7649,-0.6442,13.7,15.0,15.0,station
2024-05-12,13.7,14.6,14.7,15.8,15.0,12.0,14.6,15.3,13.6,13.2,14.76,0.76,1.02,52,70,10.9,19.96,0.0,0.7537,-0.6572,15.5,16.0,16.0,station
2024-05-13,16.2,16.7,19.8,17.0,18.7,16.7,17.1,15.8,17.9,18.8,17.68,1.51,0.42,64,93,12.2,15.28,0.2,0.7423,-0.6701,18.4,18.0,18.0,station
2024-05-14,15.4,17.0,21.1,18.0,17.8,18.0,18.1,18.3,20.0,20.3,17.86,2.08,-1.08,74,49,12.3,21.67,0.0,0.7306,-0.6828,18.4,20.0,20.0,station
2024-05-15,19.0,20.2,22.8,23.2,20.3,18.6,19.8,22.0,21.9,19.7,21.1,1.81,0.7,62,26,15.1,25.34,0.0,0.7188,-0.6952,22.8,23.0,23.0,station
2024-05-16,21.9,22.1,23.9,24.9,22.6,22.1,22.1,23.1,24.7,22.2,23.08,1.28,0.24,54,9,15.8,25.41,0.0,0.7067,-0.7075,24.7,26.0,26.0,station
2024-05-17,21.6,21.4,25.1,23.4,22.1,23.7,23.0,23.7,25.1,22.1,22.72,1.54,-0.8,57,4,16.3,25.39,0.0,0.6945,-0.7195,23.3,23.0,23.0,station
2024-05-18,17.1,19.2,20.3,20.1,18.3,17.4,19.9,20.8,20.1,18.3,19.0,1.33,-0.3,53,0,11.3,26.73,0.0,0.682,-0.7314,20.8,20.0,20.0,station
2024-05-19,20.7,21.8,22.7,23.4,21.1,20.3,21.7,22.3,23.5,20.8,21.94,1.11,0.22,55,0,16.5,26.49,0.0,0.6693,-0.743,24.0,23.0,23.0,station
2024-05-20,18.1,17.4,20.2,19.2,18.9,19.4,17.6,20.6,19.3,18.5,18.76,1.07,-0.32,42,48,15.5,23.21,0.1,0.6564,-0.7544,19.7,19.0,19.0,station
2024-05-21,15.7,17.6,17.5,17.6,15.5,16.0,17.9,19.2,17.3,16.2,16.78,1.08,-0.54,48,8,10.8,27.04,0.0,0.6433,-0.7656,18.6,18.0,18.0,station
2024-05-22,17.7,19.0,18.6,20.2,17.7,18.6,18.8,18.6,20.1,17.2,18.64,1.04,-0.02,48,1,9.8,26.85,0.0,0.6301,-0.7765,20.4,20.0,20.0,station
2024-05-23,19.8,21.0,21.5,22.1,20.5,20.0,21.0,21.1,20.8,18.9,20.98,0.89,0.62,45,7,18.2,27.03,0.0,0.6166,-0.7873,22.6,23.0,23.0,station
2024-05-24,23.4,23.6,24.8,25.2,23.5,22.4,23.2,25.4,25.3,23.3,24.1,0.84,0.18,56,23,16.6,25.87,0.0,0.603,-0.7978,26.1,27.0,27.0,station
2024-05-25,24.5,24.1,25.8,26.3,25.5,23.2,23.6,24.7,26.5,24.9,25.24,0.92,0.66,62,78,12.4,20.77,1.9,0.5892,-0.808,26.3,26.0,26.0,station
2024-05-26,21.1,22.2,19.7,24.5,22.6,20.3,22.0,22.6,22.4,22.1,22.02,1.79,0.14,74,51,12.0,23.16,2.7,0.5752,-0.818,23.9,25.0,25.0,station
2024-05-27,23.2,24.3,26.3,25.5,24.0,23.6,24.7,25.7,25.4,24.5,24.66,1.23,-0.12,64,31,11.4,25.56,0.4,0.561,-0.8278,27.5,27.0,27.0,station
2024-05-28,24.1,25.2,25.8,27.2,24.0,24.2,25.4,25.9,26.9,24.1,25.26,1.32,-0.04,58,21,13.6,26.82,0.0,0.5467,-0.8373,26.4,27.0,27.0,station
2024-05-29,24.0,25.4,24.9,26.7,23.8,24.4,23.8,24.7,26.7,23.7,24.96,1.17,0.3,59,42,12.3,25.52,0.0,0.5322,-0.8466,26.8,26.0,26.0,station
2024-05-30,23.6,25.1,24.1,25.0,24.9,23.2,24.6,24.0,24.5,24.1,24.54,0.66,0.46,66,50,10.8,23.08,0.0,0.5176,-0.8556,26.4,26.0,26.0,station
2024-05-31,25.2,26.4,25.9,27.1,25.7,24.8,26.1,26.0,25.9,26.3,26.06,0.72,0.24,62,56,11.4,25.38,0.4,0.5028,-0.8644,28.0,28.0,28.0,station
2024-06-01,24.6,25.2,26.4,27.4,24.5,24.8,26.0,26.5,27.3,25.4,25.62,1.25,-0.38,68,58,9.9,23.58,2.2,0.4878,-0.8729,26.5,27.0,27.0,station
2024-06-02,21.3,21.0,23.4,22.6,22.1,21.5,22.0,23.3,22.6,21.0,22.08,0.97,0.0,75,38,11.2,24.22,5.4,0.4728,-0.8812,24.4,25.0,25.0,station
2024-06-03,22.7,22.6,25.2,23.8,23.3,22.8,23.1,24.8,21.8,22.2,23.52,1.06,0.58,79,24,14.2,22.15,2.8,0.4575,-0.8892,24.7,26.0,26.0,station
2024-06-04,22.4,21.1,22.9,24.4,23.3,21.9,21.3,24.1,24.5,23.0,22.82,1.21,-0.14,63,12,15.8,26.55,0.1,0.4422,-0.8969,25.6,26.0,26.0,station
2024-06-05,21.3,21.5,22.2,22.6,21.0,21.0,20.3,21.7,22.8,20.8,21.72,0.66,0.4,61,21,15.6,28.54,0.0,0.4267,-0.9044,22.7,23.0,23.0,station
2024-06-06,18.2,18.2,18.6,19.5,18.9,19.7,18.0,20.1,18.6,19.4,18.68,0.54,-0.48,71,54,18.4,15.54,1.6,0.4111,-0.9116,20.2,20.0,20.0,station
2024-06-07,17.3,16.2,18.4,17.5,17.4,17.9,15.8,17.6,18.1,16.4,17.36,0.78,0.2,67,47,13.0,22.77,0.2,0.3953,-0.9185,18.4,18.0,18.0,station
2024-06-08,15.6,15.2,17.3,15.7,16.1,16.1,15.0,17.5,17.4,16.4,15.98,0.8,-0.5,76,73,11.2,19.99,9.5,0.3795,-0.9252,16.5,16.0,16.0,station
2024-06-09,14.3,13.1,15.8,15.6,14.2,14.2,13.3,13.9,15.5,14.0,14.6,1.11,0.42,77,71,26.8,15.03,10.0,0.3635,-0.9316,15.7,15.0,15.0,station
2024-06-10,16.3,15.7,16.8,16.9,14.5,15.8,14.4,16.3,16.9,14.2,16.04,0.98,0.52,72,59,24.5,23.44,8.4,0.3474,-0.9377,16.7,17.0,17.0,station
2024-06-11,17.0,17.1,18.2,17.8,17.1,17.1,17.0,17.8,18.5,16.8,17.44,0.53,0.0,69,61,19.6,24.67,1.0,0.3312,-0.9436,18.0,18.0,18.0,station
2024-06-12,15.8,16.1,17.9,16.6,16.5,15.7,16.4,16.6,17.4,15.5,16.58,0.8,0.26,80,69,13.9,22.32,8.5,0.3149,-0.9491,17.0,18.0,18.0,station
2024-06-13,15.5,15.2,16.6,16.9,16.2,15.7,15.7,17.2,17.1,16.1,16.08,0.72,-0.28,74,35,17.9,25.83,1.4,0.2986,-0.9544,16.9,18.0,18.0,station
2024-06-14,15.9,15.5,17.0,17.6,14.1,15.2,13.7,16.7,17.3,15.4,16.02,1.36,0.36,72,68,15.2,24.92,0.3,0.2821,-0.9594,17.0,19.0,19.0,station
2024-06-15,16.7,17.2,18.4,19.1,16.8,16.6,17.2,18.6,18.3,17.0,17.64,1.06,0.1,69,32,13.8,26.06,0.0,0.2656,-0.9641,18.1,19.0,19.0,station
2024-06-16,19.9,19.9,21.9,21.5,19.1,19.5,19.1,21.7,20.8,19.8,20.46,1.19,0.28,68,86,16.9,24.64,0.0,0.2489,-0.9685,21.5,21.0,21.0,station
2024-06-17,20.9,19.9,20.8,20.4,19.5,20.8,21.5,23.1,20.7,19.3,20.3,0.6,-0.78,71,62,15.9,23.18,5.2,0.2322,-0.9727,24.0,24.0,24.0,station
2024-06-18,21.2,19.9,23.3,23.5,20.4,21.5,20.1,22.7,22.0,20.9,21.66,1.66,0.22,75,43,16.9,26.4,1.4,0.2155,-0.9765,23.4,23.0,23.0,station
2024-06-19,18.2,16.9,17.0,18.4,19.7,19.1,17.1,18.3,18.7,17.5,18.04,1.15,-0.1,77,73,17.1,15.42,2.6,0.1986,-0.9801,17.6,18.0,18.0,station
2024-06-20,20.1,18.4,20.4,19.8,18.1,20.0,18.5,20.1,20.5,18.6,19.36,1.04,-0.18,62,35,25.5,26.79,0.0,0.1818,-0.9833,19.6,20.0,20.0,station
2024-06-21,21.3,20.4,20.3,20.8,19.6,21.7,20.4,21.0,21.2,19.4,20.48,0.63,-0.26,64,36,22.7,28.22,0.0,0.1648,-0.9863,21.1,21.0,21.0,station
2024-06-22,20.4,20.7,22.6,21.9,20.9,20.8,20.9,22.1,21.1,20.5,21.3,0.92,0.22,58,26,16.1,24.91,0.0,0.1478,-0.989,22.6,22.0,22.0,station
2024-06-23,20.7,21.6,21.3,22.9,21.2,21.0,21.5,19.8,22.6,21.0,21.54,0.83,0.36,59,49,13.6,25.23,0.0,0.1308,-0.9914,22.6,23.0,23.0,station
2024-06-24,23.0,22.4,22.7,24.8,23.2,23.8,22.6,23.6,26.3,23.9,23.22,0.93,-0.82,61,76,13.2,18.15,2.3,0.1137,-0.9935,24.5,23.0,23.0,station
2024-06-25,25.7,24.6,27.3,27.4,25.6,25.3,24.7,27.6,27.2,24.6,26.12,1.2,0.24,52,38,11.9,28.3,0.0,0.0966,-0.9953,26.8,27.0,27.0,station
2024-06-26,23.9,24.2,26.6,27.3,23.9,24.4,23.8,26.9,28.1,25.0,25.18,1.64,-0.46,56,2,13.7,28.54,0.0,0.0795,-0.9968,27.9,28.0,28.0,station
2024-06-27,25.4,25.8,27.2,26.9,24.9,25.4,25.5,27.2,26.6,24.9,26.04,0.98,0.12,56,0,11.8,28.94,0.0,0.0623,-0.9981,27.9,28.0,28.0,station
2024-06-28,26.6,27.4,28.7,28.4,26.0,26.5,27.6,29.1,28.2,26.6,27.42,1.15,-0.18,61,4,16.8,27.76,0.0,0.0451,-0.999,28.6,29.0,29.0,station
2024-06-29,22.7,21.9,23.0,24.3,21.5,22.3,22.0,22.7,23.8,21.2,22.68,1.09,0.28,64,50,21.4,23.34,1.9,0.028,-0.9996,24.9,24.0,24.0,station
2024-06-30,21.6,20.2,22.1,22.2,21.4,22.2,19.9,22.2,22.6,21.1,21.5,0.8,-0.1,63,84,17.9,18.64,0.2,0.0108,-0.9999,22.1,22.0,22.0,station
2024-07-01,21.3,19.2,21.4,21.6,19.9,20.1,19.2,21.6,24.4,20.2,20.68,1.07,-0.42,82,90,24.2,12.83,7.1,-0.0065,-1.0,23.1,21.0,21.0,station
2024-07-02,20.9,20.0,22.5,22.2,20.7,21.0,19.9,21.5,21.7,21.4,21.26,1.05,0.16,68,78,17.3,25.29,0.0,-0.0237,-0.9997,22.8,23.0,23.0,station
2024-07-03,17.4,16.6,16.4,17.6,17.3,17.1,17.0,19.9,19.2,17.5,17.06,0.53,-1.08,87,78,10.0,11.01,7.2,-0.0408,-0.9992,17.5,17.0,17.0,station
2024-07-04,18.7,17.5,19.7,18.8,18.0,19.3,17.8,20.1,18.5,18.1,18.54,0.84,-0.22,78,83,21.5,17.79,0.6,-0.058,-0.9983,19.2,19.0,19.0,station
2024-07-05,18.2,16.6,19.5,18.1,17.2,18.3,16.3,19.0,18.0,17.7,17.92,1.1,0.06,76,69,19.1,20.24,1.6,-0.0752,-0.9972,18.4,20.0,20.0,station
2024-07-06,17.6,17.3,18.6,18.6,17.1,17.4,16.8,18.8,18.4,16.8,17.84,0.72,0.2,72,58,23.1,22.29,1.9,-0.0923,-0.9957,18.2,19.0,19.0,station
2024-07-07,19.3,18.1,18.0,18.9,17.9,17.9,18.0,19.6,19.1,17.4,18.44,0.62,0.04,78,74,22.9,14.18,10.2,-0.1094,-0.994,19.5,19.0,19.0,station
2024-07-08,19.7,19.2,21.6,20.8,19.2,19.9,19.4,21.9,21.1,19.0,20.1,1.06,-0.16,66,45,17.3,27.3,0.0,-0.1265,-0.992,21.1,22.0,22.0,station
2024-07-09,19.0,18.6,21.4,20.2,20.5,19.2,18.3,22.0,19.9,19.3,19.94,1.14,0.2,77,46,15.8,19.56,6.4,-0.1436,-0.9896,20.6,22.0,22.0,station
2024-07-10,20.3,21.3,22.4,23.2,20.7,20.3,21.3,22.7,22.5,21.1,21.58,1.2,0.0,70,34,10.9,25.97,0.0,-0.1606,-0.987,23.0,23.0,23.0,station
2024-07-11,23.1,21.3,24.1,24.7,21.6,22.6,20.8,25.9,25.3,21.9,22.96,1.5,-0.34,81,86,16.5,12.72,8.1,-0.1775,-0.9841,22.8,22.0,22.0,station
2024-07-12,22.0,21.5,24.1,24.4,23.1,23.1,22.1,24.9,24.9,20.9,23.02,1.27,-0.16,83,87,11.8,15.36,0.8,-0.1944,-0.9809,23.4,23.0,23.0,station
2024-07-13,22.9,23.8,25.9,24.2,24.2,24.1,23.8,25.6,25.6,22.8,24.2,1.09,-0.18,76,45,8.1,23.66,0.0,-0.2113,-0.9774,25.3,25.0,25.0,station
2024-07-14,21.1,19.5,20.5,22.0,19.7,21.8,19.5,21.2,20.1,19.0,20.56,1.03,0.24,79,94,16.6,11.04,2.5,-0.2281,-0.9736,23.0,21.0,21.0,station
2024-07-15,20.8,21.0,22.6,21.6,20.7,20.3,21.2,22.6,22.2,20.5,21.34,0.79,-0.02,76,49,17.6,23.17,0.6,-0.2448,-0.9696,21.5,22.0,22.0,station
2024-07-16,21.1,22.5,24.8,24.0,21.9,21.8,22.7,23.7,22.6,22.1,22.86,1.52,0.28,72,50,12.7,24.29,0.2,-0.2614,-0.9652,23.4,25.0,25.0,station
2024-07-17,22.2,21.4,20.9,22.8,21.2,23.0,21.3,23.9,23.6,22.1,21.7,0.78,-1.08,84,86,20.0,13.46,7.8,-0.278,-0.9606,24.5,25.0,25.0,station
2024-07-18,21.2,20.2,22.4,21.8,20.6,21.1,19.9,21.6,21.7,20.6,21.24,0.89,0.26,83,46,20.2,21.36,2.8,-0.2945,-0.9557,22.1,22.0,22.0,station
2024-07-19,21.1,19.7,19.8,20.3,19.7,20.6,19.5,20.9,20.4,20.6,20.12,0.6,-0.28,88,86,17.3,16.12,10.5,-0.3109,-0.9505,20.7,21.0,21.0,station
2024-07-20,20.3,20.6,21.5,21.3,18.7,22.0,20.8,24.2,22.0,19.9,20.48,1.11,-1.3,87,72,16.4,17.48,13.2,-0.3272,-0.945,21.9,21.0,21.0,station
2024-07-21,21.8,21.6,24.1,23.2,21.1,21.8,20.8,22.0,22.7,23.3,22.36,1.25,0.24,86,68,13.7,18.67,3.4,-0.3434,-0.9392,23.7,24.0,24.0,station
2024-07-22,22.1,23.6,24.7,23.2,22.1,22.4,23.4,24.7,23.1,22.5,23.14,1.1,-0.08,80,22,14.4,23.55,0.4,-0.3595,-0.9332,24.9,25.0,25.0,station
2024-07-23,22.8,24.2,25.3,25.5,23.8,23.1,24.2,25.4,24.8,23.3,24.32,1.11,0.16,77,34,16.4,22.65,2.2,-0.3755,-0.9268,24.2,26.0,26.0,station
2024-07-24,21.9,22.5,24.8,24.0,22.6,22.3,22.4,25.8,25.3,22.1,23.16,1.2,-0.42,82,62,14.2,20.91,8.8,-0.3914,-0.9202,23.6,25.0,25.0,station
2024-07-25,24.2,24.7,25.7,26.3,23.0,23.4,24.3,25.5,25.4,23.7,24.78,1.29,0.32,77,51,12.5,23.37,0.4,-0.4071,-0.9134,25.5,27.0,27.0,station
2024-07-26,23.9,25.1,25.9,26.8,24.9,23.3,24.0,25.9,27.0,23.6,25.32,1.09,0.56,74,14,11.6,23.5,1.7,-0.4228,-0.9062,26.3,27.0,27.0,station
2024-07-27,22.4,22.7,24.1,24.6,22.5,22.4,23.3,23.9,22.7,20.9,23.26,1.02,0.62,73,42,14.3,22.13,0.1,-0.4383,-0.8988,23.9,25.0,25.0,station
2024-07-28,23.4,22.5,23.4,22.8,22.3,22.9,22.8,23.9,23.6,21.5,22.88,0.51,-0.06,72,82,10.1,20.42,0.7,-0.4537,-0.8912,23.5,24.0,24.0,station
2024-07-29,23.5,22.9,25.7,23.8,23.0,23.6,22.8,24.9,24.1,23.4,23.78,1.13,0.02,69,100,21.2,13.12,0.0,-0.469,-0.8832,23.6,24.0,24.0,station
2024-07-30,23.2,21.4,24.1,22.8,21.8,23.0,21.7,25.7,23.9,22.9,22.66,1.09,-0.78,77,89,16.3,19.28,1.7,-0.4841,-0.875,22.2,23.0,23.0,station
2024-07-31,22.3,19.6,20.3,22.2,22.3,21.9,20.6,20.5,22.2,22.5,21.34,1.29,-0.2,80,48,13.5,18.87,12.3,-0.4991,-0.8666,23.0,23.0,23.0,station
2024-08-01,21.2,19.0,19.2,19.2,20.9,20.5,18.7,18.3,19.6,20.9,19.9,1.06,0.3,79,80,16.2,14.75,0.7,-0.5139,-0.8578,20.6,21.0,21.0,station
2024-08-02,22.0,20.5,20.3,20.8,20.3,21.9,19.6,21.6,21.6,21.5,20.78,0.71,-0.46,81,75,14.2,15.45,1.4,-0.5286,-0.8489,21.6,21.0,21.0,station
2024-08-03,19.0,19.0,22.1,19.4,20.1,19.0,19.4,20.2,19.4,18.3,19.92,1.3,0.66,90,85,12.6,12.95,7.7,-0.5431,-0.8397,19.3,20.0,20.0,station
2024-08-04,19.9,20.0,21.8,20.5,20.7,21.1,20.3,24.6,21.3,21.3,20.58,0.76,-1.14,88,72,9.3,14.61,1.0,-0.5575,-0.8302,21.8,21.0,21.0,station
2024-08-05,20.8,20.7,22.5,21.8,21.3,20.6,20.3,22.2,21.0,21.6,21.42,0.75,0.28,89,82,9.2,14.37,7.7,-0.5717,-0.8205,21.7,21.0,21.0,station
2024-08-06,21.4,21.1,24.3,23.0,23.2,21.6,21.1,25.1,22.7,23.3,22.6,1.33,-0.16,87,81,9.2,17.47,1.2,-0.5857,-0.8105,22.9,21.0,21.0,station
2024-08-07,21.1,20.3,23.1,22.2,21.6,20.6,20.6,23.9,22.6,22.1,21.66,1.06,-0.3,77,46,8.4,16.28,0.1,-0.5996,-0.8003,21.2,23.0,23.0,station
2024-08-08,20.9,22.4,23.2,22.4,21.8,21.2,21.8,23.7,22.5,21.6,22.14,0.85,-0.02,81,30,10.0,19.09,1.1,-0.6132,-0.7899,22.6,24.0,24.0,station
2024-08-09,22.2,22.9,23.5,23.2,22.0,22.1,22.5,23.9,22.5,21.2,22.76,0.64,0.32,80,46,15.8,19.9,1.0,-0.6267,-0.7792,23.5,24.0,24.0,station
2024-08-10,19.3,19.7,19.4,20.8,18.5,18.8,19.7,20.1,20.1,18.3,19.54,0.83,0.14,86,78,21.7,12.67,10.0,-0.64,-0.7683,18.0,22.0,22.0,station
2024-08-11,20.2,18.0,21.2,18.4,20.0,19.9,18.7,20.3,20.0,20.5,19.56,1.33,-0.32,80,73,18.4,17.58,2.6,-0.6532,-0.7572,19.3,20.0,20.0,station
2024-08-12,17.6,16.6,19.4,18.0,15.7,19.1,18.8,19.1,17.8,17.4,17.46,1.41,-0.98,84,54,19.6,12.93,6.1,-0.6661,-0.7459,17.4,17.0,17.0,station
2024-08-13,22.4,22.4,24.0,22.5,22.0,23.5,22.8,24.1,22.9,22.0,22.66,0.77,-0.4,76,8,10.5,19.2,0.1,-0.6788,-0.7343,23.5,24.0,24.0,station
2024-08-14,22.9,23.2,24.8,23.7,22.7,22.2,23.0,23.8,22.9,22.6,23.46,0.84,0.56,76,6,8.5,20.05,0.0,-0.6914,-0.7225,24.2,25.0,25.0,station
2024-08-15,21.8,22.8,22.9,23.4,21.8,21.5,22.8,23.3,23.3,21.6,22.54,0.71,0.04,77,69,14.0,20.38,0.0,-0.7037,-0.7105,23.2,25.0,25.0,station
2024-08-16,21.1,20.6,21.2,21.3,21.0,20.0,21.3,22.8,21.7,21.4,21.04,0.27,-0.4,83,83,16.8,7.73,0.7,-0.7158,-0.6983,21.3,22.0,22.0,station
2024-08-17,21.8,20.9,24.0,22.5,21.8,21.1,20.9,22.9,21.9,21.7,22.2,1.16,0.5,79,70,14.2,15.56,0.9,-0.7277,-0.6859,23.1,23.0,23.0,station
2024-08-18,20.4,20.1,22.1,21.4,20.2,21.1,20.6,22.1,21.9,20.6,20.84,0.87,-0.42,76,46,15.2,17.18,0.0,-0.7394,-0.6733,21.3,21.0,21.0,station
2024-08-19,20.9,20.9,22.1,21.7,20.8,21.3,21.1,22.0,21.8,20.4,21.28,0.58,-0.04,72,43,16.8,16.77,0.2,-0.7509,-0.6605,21.5,22.0,22.0,station
2024-08-20,19.2,20.5,20.4,20.8,19.5,19.5,20.4,20.8,19.8,19.3,20.08,0.69,0.12,78,61,13.7,19.53,0.0,-0.7621,-0.6474,20.8,22.0,22.0,station
2024-08-21,20.9,21.0,22.0,21.1,20.5,21.0,21.2,21.5,20.8,20.3,21.1,0.55,0.14,79,31,20.0,18.22,0.0,-0.7731,-0.6342,21.2,22.0,22.0,station
2024-08-22,20.9,20.2,20.3,20.5,20.9,19.7,19.8,19.6,20.2,18.4,20.56,0.33,1.02,83,76,16.1,13.33,0.9,-0.7839,-0.6208,22.9,23.0,23.0,station
2024-08-23,20.3,19.1,22.0,20.9,20.3,20.5,17.1,20.3,17.6,18.7,20.52,1.05,1.68,81,57,21.2,13.67,1.4,-0.7945,-0.6073,19.9,21.0,21.0,station
2024-08-24,19.5,19.2,20.8,19.4,18.2,20.1,19.8,21.4,19.9,19.8,19.42,0.93,-0.78,77,61,23.1,14.25,3.2,-0.8048,-0.5935,20.5,19.0,19.0,station
2024-08-25,24.7,25.7,26.8,25.2,24.5,24.9,25.4,26.6,25.9,24.4,25.38,0.92,-0.06,79,21,21.7,17.99,0.1,-0.8149,-0.5796,25.6,27.0,27.0,station
2024-08-26,18.8,19.0,20.1,19.0,18.6,19.0,19.4,20.0,19.0,18.6,19.1,0.58,-0.1,68,28,19.5,18.68,0.0,-0.8248,-0.5655,19.6,21.0,21.0,station
2024-08-27,19.8,19.8,21.2,20.0,20.0,19.7,19.9,21.4,20.2,20.1,20.16,0.59,-0.1,75,24,18.8,15.7,0.6,-0.8344,-0.5512,20.8,22.0,22.0,station
2024-08-28,20.0,20.5,22.5,21.3,20.9,20.8,21.1,22.4,21.2,20.7,21.04,0.95,-0.2,81,70,17.5,14.09,0.2,-0.8437,-0.5368,21.6,23.0,23.0,station
2024-08-29,20.4,21.3,22.2,22.0,20.5,20.4,21.2,22.5,21.9,20.6,21.28,0.83,-0.04,78,26,10.4,18.03,0.0,-0.8528,-0.5222,22.0,23.0,23.0,station
2024-08-30,23.1,23.8,25.8,24.9,23.5,23.3,24.1,26.9,24.6,23.5,24.22,1.11,-0.26,82,43,15.3,16.54,0.1,-0.8617,-0.5074,25.4,26.0,26.0,station
2024-08-31,20.7,19.3,19.5,19.2,17.9,19.3,19.0,19.2,19.2,19.2,19.32,1.0,0.14,87,70,14.3,8.33,13.6,-0.8703,-0.4925,20.2,22.0,22.0,station
2024-09-01,16.7,16.0,18.7,17.7,16.1,16.5,15.3,17.2,17.0,16.0,17.04,1.15,0.64,83,51,18.7,13.54,1.6,-0.8786,-0.4775,17.0,17.0,17.0,station
2024-09-02,18.7,18.2,18.9,18.6,18.3,18.7,17.8,19.1,18.1,18.3,18.54,0.29,0.14,85,56,14.3,13.33,8.6,-0.8867,-0.4623,19.4,20.0,20.0,station
2024-09-03,20.6,20.3,22.1,21.2,20.6,21.2,21.0,23.7,21.6,20.2,20.96,0.72,-0.58,88,83,10.2,11.08,0.4,-0.8945,-0.447,22.6,21.0,21.0,station
2024-09-04,22.0,24.2,23.3,24.6,22.3,22.3,23.5,23.4,23.6,22.7,23.28,1.14,0.18,83,67,10.5,14.07,0.0,-0.9021,-0.4315,24.8,26.0,26.0,station
2024-09-05,23.3,24.4,24.6,25.6,24.8,24.1,25.1,24.2,24.4,23.9,24.54,0.83,0.2,81,5,10.1,15.51,0.0,-0.9094,-0.4159,25.8,27.0,27.0,station
2024-09-06,20.1,21.2,21.6,22.2,21.7,20.1,21.4,21.6,21.5,21.9,21.36,0.79,0.06,83,0,10.9,16.11,0.0,-0.9164,-0.4002,21.3,22.0,22.0,station
2024-09-07,20.9,22.0,22.2,22.5,21.4,20.4,21.9,22.2,22.2,20.4,21.8,0.64,0.38,84,16,11.8,15.33,0.0,-0.9232,-0.3844,22.3,23.0,23.0,station
2024-09-08,20.7,22.1,21.8,22.6,21.7,20.8,22.6,22.3,23.3,21.3,21.78,0.7,-0.28,81,42,11.7,14.18,0.0,-0.9296,-0.3685,21.8,23.0,23.0,station
2024-09-09,21.7,22.6,22.8,22.9,21.9,21.4,22.7,22.7,22.6,21.8,22.38,0.54,0.14,72,16,17.7,15.4,0.0,-0.9358,-0.3524,22.5,23.0,23.0,station
2024-09-10,21.9,22.5,22.1,23.0,21.4,22.1,22.1,21.4,23.0,22.3,22.18,0.61,0.0,62,98,24.1,12.3,0.0,-0.9418,-0.3363,22.2,24.0,24.0,station
2024-09-11,18.4,17.8,18.5,19.1,18.3,18.7,17.2,19.4,19.0,18.3,18.42,0.47,-0.1,83,77,16.8,10.17,4.3,-0.9474,-0.32,18.6,19.0,19.0,station
2024-09-12,18.8,19.1,20.1,18.8,19.2,18.7,20.0,19.7,18.8,20.2,19.2,0.53,-0.28,84,56,16.6,11.52,0.1,-0.9528,-0.3037,19.6,20.0,20.0,station
2024-09-13,19.0,17.5,17.3,18.9,17.9,18.4,17.6,17.7,19.1,18.9,18.12,0.79,-0.22,97,100,12.5,3.78,24.1,-0.9579,-0.2873,18.9,17.0,17.0,station
2024-09-14,18.9,17.9,18.1,20.3,19.0,19.0,19.5,21.7,19.9,19.8,18.84,0.95,-1.14,96,96,8.9,6.65,25.4,-0.9627,-0.2707,20.2,19.0,19.0,station
2024-09-15,17.5,15.8,16.6,17.4,17.0,17.1,16.4,16.6,20.6,17.1,16.86,0.69,-0.7,88,95,12.7,7.15,5.2,-0.9672,-0.2541,17.2,17.0,17.0,station
2024-09-16,18.9,17.6,19.1,17.6,18.4,18.8,18.2,20.7,17.8,20.4,18.32,0.7,-0.86,92,72,11.3,7.07,1.4,-0.9714,-0.2375,17.9,16.0,16.0,station
2024-09-17,20.5,20.3,21.8,19.7,20.3,19.3,21.8,22.2,20.8,20.9,20.52,0.78,-0.48,91,87,10.8,10.3,0.0,-0.9753,-0.2207,21.4,18.0,18.0,station
2024-09-18,18.3,18.2,19.1,16.2,17.4,18.4,18.7,19.0,17.0,17.7,17.84,1.1,-0.32,88,81,9.7,11.47,0.0,-0.979,-0.2039,18.2,14.0,14.0,station
2024-09-19,19.6,19.1,21.0,18.0,18.1,19.3,19.6,20.8,18.4,17.8,19.16,1.23,-0.02,88,8,9.4,12.52,0.0,-0.9824,-0.187,19.8,20.0,20.0,station
2024-09-20,20.2,19.7,21.0,18.9,18.9,20.3,19.2,21.1,17.8,18.6,19.74,0.9,0.34,86,2,11.4,12.42,0.0,-0.9854,-0.1701,20.6,21.0,21.0,station
2024-09-21,15.5,15.7,15.8,14.9,15.0,15.0,15.2,16.8,14.0,14.7,15.38,0.41,0.24,75,23,15.5,12.47,0.0,-0.9882,-0.1531,15.3,15.0,15.0,station
2024-09-22,12.9,12.1,10.7,11.6,11.4,12.3,11.8,11.6,11.9,11.4,11.74,0.82,-0.06,71,65,9.5,10.5,0.0,-0.9907,-0.1361,12.1,12.0,12.0,station
2024-09-23,14.6,14.3,13.7,14.6,14.1,14.1,13.9,13.5,14.2,13.2,14.26,0.38,0.48,80,95,14.1,8.43,0.0,-0.9929,-0.1191,14.5,15.0,15.0,station
2024-09-24,17.6,18.7,18.8,19.3,17.5,17.7,18.0,18.5,18.8,18.0,18.38,0.79,0.18,89,65,12.6,11.06,0.0,-0.9948,-0.102,18.5,20.0,20.0,station
2024-09-25,17.5,17.2,16.8,17.9,17.0,17.4,16.8,17.1,17.1,16.8,17.28,0.43,0.24,82,90,27.3,6.04,4.9,-0.9964,-0.0848,18.1,18.0,18.0,station
2024-09-26,14.9,15.4,15.3,15.1,15.5,14.5,14.5,15.4,15.7,15.0,15.24,0.24,0.22,93,85,25.5,5.11,16.4,-0.9977,-0.0677,15.3,17.0,17.0,station
2024-09-27,16.1,15.6,15.6,15.9,15.2,16.3,16.1,15.6,16.0,15.0,15.68,0.34,-0.12,94,98,24.9,5.14,16.8,-0.9987,-0.0505,15.3,17.0,17.0,station
2024-09-28,12.8,12.8,13.4,13.6,12.6,12.9,13.0,13.3,13.3,13.1,13.04,0.43,-0.08,92,89,26.2,2.54,3.6,-0.9994,-0.0333,11.9,14.0,14.0,station
2024-09-29,11.0,10.9,11.0,10.2,10.7,9.9,10.6,10.9,10.2,10.8,10.76,0.34,0.28,82,47,16.1,9.35,1.2,-0.9999,-0.0161,10.9,12.0,12.0,station
2024-09-30,11.5,12.2,11.2,11.3,10.9,11.6,12.2,11.7,10.8,10.8,11.42,0.49,0.0,71,1,9.3,10.61,0.0,-1.0,0.0011,11.3,12.0,12.0,station
2024-10-01,11.9,11.3,10.6,12.1,11.3,11.6,11.1,10.9,11.4,11.1,11.44,0.59,0.22,76,74,10.9,6.9,0.0,-0.9998,0.0183,11.3,12.0,12.0,station
2024-10-02,8.8,6.5,6.0,7.5,7.5,8.9,5.6,5.7,7.2,8.0,7.26,1.08,0.18,84,100,16.5,2.11,6.1,-0.9994,0.0355,6.8,8.0,8.0,station
2024-10-03,11.4,10.2,10.4,10.1,10.5,10.7,10.2,10.2,9.8,10.5,10.52,0.52,0.24,85,32,12.7,6.7,0.1,-0.9986,0.0527,10.8,11.0,11.0,station
2024-10-04,11.2,11.4,11.2,11.1,10.3,10.5,11.2,11.0,10.4,9.7,11.04,0.43,0.48,86,18,11.7,9.01,0.0,-0.9976,0.0698,11.4,12.0,12.0,station
2024-10-05,12.0,11.7,13.0,13.1,12.5,12.6,12.1,12.5,13.3,12.0,12.46,0.61,-0.04,89,66,10.2,8.14,0.0,-0.9962,0.087,12.5,13.0,13.0,station
2024-10-06,13.8,12.7,13.8,14.3,13.1,12.7,12.4,14.1,14.4,12.7,13.54,0.63,0.28,87,60,21.5,6.86,0.2,-0.9946,0.1041,13.7,14.0,14.0,station
2024-10-07,13.1,12.3,11.9,11.7,13.4,11.5,11.5,9.8,11.4,12.8,12.48,0.74,1.08,90,88,10.8,3.92,0.2,-0.9926,0.1212,12.1,14.0,14.0,station
2024-10-08,10.7,9.4,10.4,11.1,10.1,11.0,9.7,10.6,10.0,9.4,10.34,0.64,0.2,80,98,13.0,4.74,0.0,-0.9904,0.1383,9.8,9.0,9.0,station
2024-10-09,10.1,10.0,10.7,9.1,9.2,10.1,9.6,10.1,10.2,9.5,9.82,0.67,-0.08,91,100,29.9,1.21,39.0,-0.9879,0.1553,9.3,10.0,10.0,station
2024-10-10,14.1,13.6,13.8,12.9,13.9,14.1,13.9,13.7,13.4,13.6,13.66,0.46,-0.08,96,96,25.6,3.36,6.6,-0.9851,0.1722,13.5,13.0,13.0,station
2024-10-11,15.0,14.5,14.7,14.4,14.5,15.2,14.5,14.5,14.3,14.5,14.62,0.24,0.02,87,96,26.6,3.61,1.1,-0.9819,0.1892,14.9,15.0,15.0,station
2024-10-12,10.5,10.8,11.4,11.0,10.6,10.7,11.3,10.5,10.5,10.1,10.86,0.36,0.24,90,27,16.0,5.53,0.4,-0.9785,0.206,10.7,12.0,12.0,station
2024-10-13,10.4,10.0,9.7,10.5,10.2,10.3,9.8,10.2,10.3,9.9,10.16,0.32,0.06,91,100,12.5,5.45,0.2,-0.9749,0.2228,10.0,11.0,11.0,station
2024-10-14,9.1,7.8,10.1,9.9,8.8,10.4,8.1,9.5,10.1,9.1,9.14,0.92,-0.3,96,95,10.6,1.53,2.2,-0.9709,0.2396,7.4,8.0,8.0,station
2024-10-15,7.8,7.0,8.4,8.0,7.2,7.7,7.2,8.0,7.6,7.9,7.68,0.58,0.0,92,70,15.4,2.75,1.0,-0.9666,0.2562,7.5,8.0,8.0,station
2024-10-16,10.1,10.7,9.8,9.9,9.2,10.3,10.4,9.9,9.8,9.4,9.94,0.54,-0.02,88,24,13.6,6.83,0.0,-0.9621,0.2728,10.1,11.0,11.0,station
2024-10-17,12.0,12.3,11.9,11.4,12.3,12.1,12.1,12.0,11.0,12.5,11.98,0.37,0.04,88,33,17.7,6.15,0.0,-0.9572,0.2893,12.1,13.0,13.0,station
2024-10-18,11.2,11.9,11.6,11.4,11.3,11.1,12.0,11.5,11.4,11.0,11.48,0.28,0.08,83,37,17.0,6.39,0.0,-0.9521,0.3057,11.6,12.0,12.0,station
2024-10-19,11.4,12.4,11.2,11.5,11.8,11.6,12.1,11.6,11.6,11.4,11.66,0.47,0.0,84,82,13.3,4.53,0.0,-0.9467,0.3221,11.4,12.0,12.0,station
2024-10-20,10.5,10.6,10.3,10.1,10.9,10.7,10.2,10.6,10.0,11.0,10.48,0.3,-0.02,86,94,19.4,3.91,0.0,-0.941,0.3383,10.9,11.0,11.0,station
2024-10-21,12.6,12.8,12.6,12.1,12.7,12.8,12.2,12.3,12.0,12.7,12.56,0.27,0.16,84,91,22.9,2.23,3.1,-0.9351,0.3545,12.0,13.0,13.0,station
2024-10-22,12.2,12.6,12.1,11.9,11.7,12.1,12.1,12.1,11.9,12.4,12.1,0.34,-0.02,83,78,21.5,2.82,0.0,-0.9288,0.3705,11.6,13.0,13.0,station
2024-10-23,11.0,11.1,10.5,10.1,10.5,10.5,11.0,10.5,10.2,10.2,10.64,0.41,0.16,81,43,21.8,5.3,0.4,-0.9223,0.3864,10.7,11.0,11.0,station
2024-10-24,12.1,11.9,11.3,11.5,13.1,12.2,11.9,11.6,11.1,12.3,11.98,0.7,0.16,86,57,15.2,4.79,0.0,-0.9155,0.4022,12.6,12.0,12.0,station
2024-10-25,11.0,10.1,11.8,11.5,11.8,11.2,10.3,11.9,11.3,11.7,11.24,0.72,-0.04,93,74,14.4,2.35,0.0,-0.9085,0.4179,11.1,12.0,12.0,station
2024-10-26,11.2,10.4,10.8,10.9,10.5,11.5,10.1,10.7,11.1,11.2,10.76,0.32,-0.16,93,94,13.3,1.94,0.0,-0.9012,0.4335,11.8,11.0,11.0,station
2024-10-27,10.8,10.0,11.1,11.2,9.8,10.5,10.1,11.0,11.0,10.0,10.58,0.64,0.06,94,97,20.6,1.85,0.3,-0.8936,0.4489,10.9,10.0,10.0,station
2024-10-28,9.6,9.7,10.3,10.3,10.1,9.8,10.0,10.1,10.0,9.9,10.0,0.33,0.04,91,61,21.3,4.29,7.2,-0.8857,0.4642,9.5,10.0,10.0,station
2024-10-29,7.9,6.7,6.7,5.6,5.4,6.7,6.7,5.8,5.3,5.3,6.46,1.01,0.5,84,41,19.2,4.56,0.0,-0.8776,0.4794,8.0,9.0,9.0,station
2024-10-30,9.6,9.1,9.9,9.5,9.2,9.2,9.0,9.5,9.5,8.8,9.46,0.32,0.26,75,39,24.1,4.49,0.2,-0.8692,0.4944,9.5,10.0,10.0,station
2024-10-31,5.7,5.5,6.2,5.4,5.9,6.4,6.9,8.2,8.7,6.1,5.74,0.32,-1.52,84,62,16.4,2.58,2.0,-0.8606,0.5093,5.7,5.0,5.0,station
2024-11-01,5.1,3.6,6.6,5.1,8.1,7.6,7.4,9.8,9.0,8.0,5.7,1.71,-2.66,100,100,16.0,0.51,24.0,-0.8517,0.524,3.4,2.0,2.0,station
2024-11-02,2.7,3.3,2.5,2.3,2.2,3.6,3.1,2.4,1.5,2.9,2.6,0.44,-0.1,87,54,24.3,3.6,4.1,-0.8426,0.5386,2.6,2.0,2.0,station
2024-11-03,2.5,1.8,3.6,1.7,1.7,2.7,1.9,4.1,2.3,3.7,2.26,0.82,-0.68,92,92,18.0,0.65,7.6,-0.8332,0.553,1.1,1.0,1.0,station
2024-11-04,1.1,2.7,2.4,0.7,1.6,1.3,2.6,3.3,0.8,2.0,1.7,0.85,-0.3,91,57,17.4,3.78,0.0,-0.8235,0.5672,1.5,1.0,1.0,station
2024-11-05,7.0,7.1,8.4,6.9,7.0,6.6,7.1,7.9,6.6,7.3,7.28,0.63,0.18,97,75,14.7,2.17,2.8,-0.8137,0.5813,6.5,7.0,7.0,station
2024-11-06,7.0,7.7,8.8,8.1,7.4,7.1,7.7,8.9,7.6,6.5,7.8,0.69,0.24,98,47,15.8,2.18,0.0,-0.8035,0.5952,6.9,7.0,7.0,station
2024-11-07,6.3,6.4,6.8,6.9,6.5,7.3,7.4,7.6,7.0,6.9,6.58,0.26,-0.66,97,88,12.9,1.79,0.0,-0.7932,0.609,6.9,7.0,7.0,station
2024-11-08,7.4,7.8,8.4,7.4,7.7,7.3,7.2,8.7,8.2,6.9,7.74,0.41,0.08,97,61,15.9,2.18,0.0,-0.7826,0.6225,7.0,6.0,6.0,station
2024-11-09,6.8,6.5,7.9,6.6,7.1,7.0,6.5,7.6,7.2,6.7,6.98,0.56,-0.02,95,86,16.6,1.34,0.0,-0.7718,0.6359,6.6,6.0,6.0,station
2024-11-10,4.9,3.9,6.3,5.0,4.1,5.2,4.5,6.7,5.7,4.6,4.84,0.95,-0.5,95,100,7.8,1.52,0.0,-0.7607,0.6491,4.0,3.0,3.0,station
2024-11-11,5.7,4.6,6.0,5.6,4.6,5.4,4.8,6.5,6.4,4.6,5.3,0.66,-0.24,90,100,8.3,0.71,0.1,-0.7494,0.6621,5.1,5.0,5.0,station
2024-11-12,5.6,5.1,5.4,5.5,3.7,5.4,5.1,6.2,5.2,4.2,5.06,0.78,-0.16,92,100,10.5,0.73,0.4,-0.7379,0.6749,5.0,5.0,5.0,station
2024-11-13,6.4,6.5,6.3,6.0,5.2,6.6,6.9,5.8,6.4,5.0,6.08,0.53,-0.06,86,97,18.0,0.99,0.5,-0.7262,0.6875,6.5,7.0,7.0,station
2024-11-14,6.0,6.3,5.9,5.8,5.0,6.5,6.4,5.8,6.3,5.0,5.8,0.48,-0.2,86,63,16.3,2.42,0.0,-0.7143,0.6998,6.1,6.0,6.0,station
2024-11-15,6.6,6.1,6.6,7.5,4.8,6.9,6.0,7.7,7.0,5.1,6.32,0.99,-0.22,84,90,16.9,1.57,0.0,-0.7021,0.712,6.6,7.0,7.0,station
2024-11-16,9.4,9.3,9.4,9.4,8.8,9.0,9.0,9.2,9.4,8.3,9.26,0.26,0.28,81,78,27.6,0.48,0.8,-0.6898,0.724,9.8,10.0,10.0,station
2024-11-17,5.8,5.8,5.2,5.1,5.3,5.9,5.3,5.3,5.5,5.1,5.44,0.34,0.02,70,25,22.7,2.32,0.9,-0.6772,0.7358,5.9,6.0,6.0,station
2024-11-18,3.6,3.4,2.7,3.0,2.8,2.2,3.2,3.2,2.9,2.3,3.1,0.39,0.34,88,71,18.0,0.99,0.4,-0.6645,0.7473,2.6,2.0,2.0,station
2024-11-19,0.7,0.4,1.3,0.1,0.5,-0.9,0.1,2.1,-0.3,-0.7,0.6,0.45,0.54,94,50,6.1,2.06,0.0,-0.6515,0.7586,0.8,3.0,3.0,station
2024-11-20,2.9,2.2,4.3,2.2,2.2,2.6,2.5,4.8,2.9,2.7,2.76,0.91,-0.34,96,96,26.5,0.37,24.2,-0.6384,0.7697,2.2,3.0,3.0,station
2024-11-21,3.0,2.7,3.6,2.5,2.9,2.9,2.4,3.7,2.9,2.4,2.94,0.42,0.08,84,91,26.7,1.49,10.6,-0.625,0.7806,2.5,3.0,3.0,station
2024-11-22,0.7,0.5,0.1,-0.4,0.2,0.8,-0.2,0.0,0.5,-0.5,0.22,0.42,0.1,86,78,17.2,1.75,0.7,-0.6115,0.7912,-0.6,-1.0,-1.0,station
2024-11-23,-3.2,-1.4,1.0,-5.9,-3.8,-1.8,-0.7,1.7,-3.9,-3.7,-2.66,2.6,-0.98,89,56,13.9,1.55,1.2,-0.5978,0.8016,-2.8,-3.0,-3.0,station
2024-11-24,2.7,1.9,2.7,1.7,2.6,2.8,2.2,2.5,1.5,1.9,2.32,0.48,0.14,89,49,22.3,1.92,0.0,-0.584,0.8118,1.8,3.0,3.0,station
2024-11-25,8.5,9.3,8.4,5.9,8.3,9.1,9.3,7.9,5.8,7.1,8.08,1.28,0.24,91,100,28.2,0.89,11.3,-0.5699,0.8217,7.2,7.0,7.0,station
2024-11-26,8.5,9.2,8.1,7.1,7.3,8.7,9.3,8.0,6.5,6.7,8.04,0.86,0.2,97,100,25.5,0.54,4.3,-0.5557,0.8314,7.2,8.0,8.0,station
2024-11-27,6.0,6.1,5.9,6.1,6.4,6.1,6.5,5.5,5.3,5.4,6.1,0.19,0.34,99,86,11.6,0.5,1.5,-0.5413,0.8408,4.9,7.0,7.0,station
2024-11-28,4.6,5.2,5.2,5.3,5.7,4.6,5.2,5.3,5.0,5.0,5.2,0.39,0.18,99,86,9.3,0.75,4.5,-0.5268,0.85,3.1,6.0,6.0,station
2024-11-29,2.3,2.2,2.9,1.9,3.2,2.9,2.5,3.6,3.7,3.0,2.5,0.53,-0.64,91,100,15.2,0.56,0.0,-0.5121,0.859,2.2,3.0,3.0,station
2024-11-30,5.7,5.7,6.1,5.8,5.8,5.6,5.6,5.9,5.5,5.8,5.82,0.16,0.14,93,91,21.1,0.3,0.7,-0.4972,0.8676,5.4,7.0,7.0,station
2024-12-01,6.8,6.7,6.7,6.7,6.1,6.7,6.6,6.5,6.8,6.2,6.6,0.28,0.04,88,100,19.6,0.37,0.0,-0.4822,0.8761,6.6,7.0,7.0,station
2024-12-02,6.4,6.1,6.4,6.0,5.9,6.5,6.4,6.6,6.6,5.8,6.16,0.23,-0.22,89,96,21.6,0.61,1.5,-0.4671,0.8842,6.4,7.0,7.0,station
2024-12-03,6.7,5.8,6.4,5.8,6.5,6.7,6.2,6.5,6.0,6.7,6.24,0.42,-0.18,90,75,16.4,0.19,5.6,-0.4518,0.8921,6.1,6.0,6.0,station
2024-12-04,-3.9,-4.1,-1.6,-3.8,-4.8,-3.3,-4.3,-1.8,-3.6,-4.6,-3.64,1.21,-0.12,90,0,11.7,1.33,0.0,-0.4364,0.8998,-4.9,-4.0,-4.0,station
2024-12-05,0.7,-0.2,0.4,-0.4,-1.3,0.5,-0.1,0.6,-0.3,-1.7,-0.16,0.78,0.04,93,83,16.7,0.39,2.1,-0.4208,0.9071,0.1,0.0,0.0,station
2024-12-06,1.5,0.5,1.2,0.5,-0.7,1.0,0.8,2.2,0.5,-0.8,0.6,0.85,-0.14,92,100,15.9,0.35,1.2,-0.4052,0.9142,0.6,0.0,0.0,station
2024-12-07,-0.0,-0.0,-0.4,-0.6,-1.3,0.4,-0.1,-0.2,-0.4,-1.4,-0.46,0.54,-0.12,89,100,9.6,0.42,0.7,-0.3894,0.9211,-0.4,1.0,1.0,station
2024-12-08,-0.0,0.2,0.2,0.2,-0.9,0.5,0.3,1.0,-0.6,-1.4,-0.06,0.48,-0.02,94,99,8.9,0.6,0.1,-0.3735,0.9276,-0.2,1.0,1.0,station
2024-12-09,-0.4,-1.1,1.1,-0.6,-2.8,-0.6,-1.0,-0.5,-1.3,-3.4,-0.76,1.4,0.6,96,91,9.2,0.47,0.0,-0.3575,0.9339,-0.6,-1.0,-1.0,station
2024-12-10,-0.2,1.5,2.7,-0.3,0.2,-0.3,1.3,1.6,0.4,-0.6,0.78,1.29,0.3,90,48,16.0,1.06,0.0,-0.3413,0.9399,0.2,1.0,1.0,station
2024-12-11,2.4,1.9,2.4,0.8,2.1,1.9,2.1,2.7,0.5,1.5,1.92,0.66,0.18,84,27,18.6,1.09,0.0,-0.3251,0.9457,1.7,1.0,1.0,station
2024-12-12,-2.7,-1.8,-2.3,-2.9,-2.9,-2.8,-1.8,-2.4,-2.6,-3.1,-2.52,0.47,0.02,79,2,19.9,1.09,0.0,-0.3088,0.9511,-3.1,-3.0,-3.0,station
2024-12-13,-0.1,-0.8,1.1,-0.3,-2.8,-1.2,-0.4,0.3,0.4,-2.7,-0.58,1.42,0.14,86,87,17.1,0.49,1.8,-0.2924,0.9563,-0.2,1.0,1.0,station
2024-12-14,2.2,2.5,2.5,2.2,2.8,2.7,1.6,2.4,2.1,1.6,2.44,0.25,0.36,98,100,13.6,0.17,11.5,-0.2759,0.9612,1.9,2.0,2.0,station
2024-12-15,1.2,1.1,0.8,0.4,1.3,0.6,1.4,1.0,0.2,0.6,0.96,0.36,0.2,89,99,23.9,0.76,1.0,-0.2593,0.9658,1.0,1.0,1.0,station
2024-12-16,1.6,0.9,2.0,1.0,1.2,1.4,-0.6,2.7,0.9,1.9,1.34,0.46,0.08,86,74,26.4,1.01,7.3,-0.2427,0.9701,1.5,2.0,2.0,station
2024-12-17,0.3,0.3,1.1,0.6,2.1,1.0,0.7,1.2,0.7,1.9,0.88,0.76,-0.22,85,61,23.4,0.58,0.5,-0.226,0.9741,0.5,1.0,1.0,station
2024-12-18,1.3,-0.2,0.2,0.2,-0.7,0.4,-1.4,-1.1,-0.3,-0.3,0.16,0.74,0.7,91,89,21.7,0.74,1.2,-0.2092,0.9779,0.3,1.0,1.0,station
2024-12-19,4.7,4.8,4.6,4.0,5.6,4.5,4.8,4.6,3.4,4.5,4.74,0.57,0.38,96,100,23.6,0.35,13.3,-0.1923,0.9813,4.1,4.0,4.0,station
2024-12-20,4.9,4.4,5.0,2.2,5.3,5.3,5.1,5.4,2.7,3.7,4.36,1.25,-0.08,95,92,18.1,0.64,2.6,-0.1754,0.9845,2.0,3.0,3.0,station
2024-12-21,0.0,-0.7,1.1,-1.6,-0.2,-0.2,1.9,0.4,-1.9,0.1,-0.28,0.99,-0.34,89,94,16.6,0.44,3.2,-0.1585,0.9874,-1.9,-1.0,-1.0,station
2024-12-22,3.5,3.4,3.8,2.2,4.0,3.4,3.6,3.5,2.1,3.4,3.38,0.7,0.18,94,100,25.6,0.17,8.1,-0.1414,0.9899,3.2,4.0,4.0,station
2024-12-23,2.9,3.4,3.4,2.4,3.7,3.1,3.5,3.2,2.3,3.4,3.16,0.51,0.06,99,99,10.5,0.5,3.3,-0.1244,0.9922,2.2,4.0,4.0,station
2024-12-24,2.2,2.4,2.9,1.9,1.6,1.9,2.6,1.6,1.8,1.7,2.2,0.49,0.28,99,100,9.2,0.41,0.5,-0.1073,0.9942,1.4,2.0,2.0,station
2024-12-25,4.4,4.6,4.6,3.9,4.1,4.6,4.9,4.3,4.1,4.7,4.32,0.31,-0.2,95,100,13.9,0.2,0.5,-0.0902,0.9959,3.5,5.0,5.0,station
2024-12-26,5.1,5.4,6.5,5.8,4.7,4.9,5.5,6.1,5.4,4.5,5.5,0.69,0.22,99,84,15.6,0.3,0.0,-0.073,0.9973,5.2,6.0,6.0,station
2024-12-27,2.5,2.2,2.2,2.6,1.6,2.2,1.9,3.0,2.3,0.9,2.22,0.39,0.16,97,80,10.1,0.66,0.0,-0.0559,0.9984,1.5,2.0,2.0,station
2024-12-28,3.7,3.9,4.2,4.4,3.4,3.0,3.3,4.4,3.8,4.3,3.92,0.4,0.16,99,100,10.3,0.5,0.2,-0.0387,0.9993,2.6,5.0,5.0,station
2024-12-29,5.4,4.9,5.3,5.1,4.3,5.2,5.4,5.7,5.6,4.5,5.0,0.44,-0.28,98,99,18.9,0.21,0.5,-0.0215,0.9998,4.5,5.0,5.0,station
2024-12-30,4.8,4.9,5.2,5.1,3.6,5.3,5.6,5.5,5.4,4.5,4.72,0.65,-0.54,83,48,23.1,1.04,10.4,-0.0043,1.0,4.4,6.0,6.0,station
2024-12-31,-1.3,-2.3,-1.5,-2.4,-2.6,-1.7,-1.9,-1.0,-2.5,-2.2,-2.02,0.58,-0.16,78,24,17.7,1.1,0.0,0.0129,0.9999,-1.8,,,
2025-01-01,0.2,-0.8,-0.3,-2.1,-0.8,0.7,1.8,1.8,-2.8,-0.7,-0.76,0.86,-0.92,89,100,16.6,0.19,8.9,0.0172,0.9999,-0.7,-1.0,-1.0,station
2025-01-02,-2.7,-4.2,-3.8,-5.4,-4.4,-4.9,-4.0,-4.7,-5.5,-5.0,-4.1,0.98,0.72,91,95,14.8,0.54,0.1,0.0344,0.9994,-3.5,-3.0,-3.0,station
2025-01-03,-2.6,-4.2,-3.3,-5.4,-4.4,-4.2,-4.9,-4.9,-5.1,-5.1,-3.98,1.07,0.86,89,78,10.5,0.59,2.7,0.0516,0.9987,-2.9,-3.0,-3.0,station
2025-01-04,-4.0,-4.3,-4.6,-4.5,-4.5,-3.6,-4.9,-3.9,-7.0,-4.4,-4.38,0.24,0.38,90,86,12.3,0.59,0.7,0.0688,0.9976,-5.6,-3.0,-3.0,station
2025-01-05,-2.7,-4.0,-4.2,-4.1,-3.5,-2.5,-4.5,-4.2,-3.9,-3.8,-3.7,0.62,0.08,92,98,12.1,0.91,0.5,0.0859,0.9963,-2.8,-3.0,-3.0,station
2025-01-06,-2.5,-3.5,-1.9,-2.3,-3.7,-1.8,-3.3,-1.1,-2.0,-2.5,-2.78,0.78,-0.64,94,92,12.8,1.03,0.0,0.103,0.9947,-3.6,-2.0,-2.0,station
2025-01-07,3.1,2.4,3.1,1.3,2.6,3.1,2.1,1.9,1.3,2.7,2.5,0.74,0.28,93,98,20.4,0.3,6.8,0.1201,0.9928,2.2,3.0,3.0,station
2025-01-08,2.2,2.2,2.1,1.1,2.5,2.0,1.9,2.1,1.2,2.3,2.02,0.54,0.12,96,92,14.0,0.84,6.6,0.1372,0.9905,1.7,2.0,2.0,station
2025-01-09,1.4,0.9,1.6,1.2,1.2,1.5,1.1,1.8,1.0,0.9,1.26,0.26,0.0,96,87,13.3,1.18,9.8,0.1542,0.988,1.2,2.0,2.0,station
2025-01-10,1.3,0.7,1.0,1.0,1.1,1.3,0.8,0.6,0.8,0.7,1.02,0.22,0.18,93,100,25.0,0.39,12.4,0.1712,0.9852,0.9,1.0,1.0,station
2025-01-11,-1.1,-1.7,-1.3,-1.5,-1.4,-0.9,-1.5,-0.8,-3.3,-1.6,-1.4,0.22,0.22,89,100,25.5,0.36,6.9,0.1881,0.9821,-1.1,-1.0,-1.0,station
2025-01-12,-5.0,-4.4,-3.4,-5.2,-2.5,-5.6,-5.1,-4.7,-6.5,-4.0,-4.1,1.14,1.08,81,37,28.0,1.66,0.1,0.205,0.9788,-5.8,-3.0,-3.0,station
2025-01-13,2.1,2.1,1.6,1.4,1.6,1.9,2.1,1.9,1.5,2.1,1.76,0.32,-0.14,93,84,20.7,1.45,0.4,0.2218,0.9751,2.1,2.0,2.0,station
2025-01-14,2.5,3.5,3.0,1.6,4.6,2.4,3.5,2.9,1.6,4.8,3.04,1.12,0.0,93,94,20.0,1.04,2.7,0.2385,0.9711,2.9,3.0,3.0,station
2025-01-15,1.2,1.5,1.7,0.9,2.3,0.9,1.6,2.0,1.1,1.9,1.52,0.53,0.02,93,79,18.4,1.67,0.0,0.2552,0.9669,1.2,3.0,3.0,station
2025-01-16,3.7,3.7,3.9,3.3,5.0,3.8,4.4,4.5,4.0,4.9,3.92,0.64,-0.4,89,62,21.1,1.76,0.7,0.2718,0.9624,4.4,6.0,6.0,station
2025-01-17,3.6,3.2,3.4,2.7,3.3,3.8,3.0,3.9,3.1,4.4,3.24,0.34,-0.4,93,70,17.4,1.45,0.6,0.2883,0.9575,3.3,4.0,4.0,station
2025-01-18,3.9,4.0,4.5,3.3,3.7,3.4,4.1,4.6,2.7,2.9,3.88,0.44,0.34,77,14,30.0,1.97,0.3,0.3047,0.9524,4.7,6.0,6.0,station
2025-01-19,1.5,1.8,2.7,1.6,2.3,1.0,1.7,2.9,0.8,1.8,1.98,0.51,0.34,94,35,17.2,0.92,0.0,0.3211,0.9471,1.7,2.0,2.0,station
2025-01-20,1.5,0.6,1.9,1.4,1.2,1.2,-0.0,0.8,0.6,1.3,1.32,0.48,0.54,87,35,14.5,2.11,0.0,0.3373,0.9414,1.2,1.0,1.0,station
2025-01-21,-3.1,-3.1,-1.7,-2.9,-4.1,-2.9,-3.0,-2.0,-1.5,-3.6,-2.98,0.86,-0.38,78,100,22.0,0.81,5.3,0.3534,0.9355,-3.5,-3.0,-3.0,station
2025-01-22,1.6,1.6,1.9,1.4,1.7,1.7,1.4,2.3,1.8,1.1,1.64,0.18,-0.02,94,100,18.7,0.83,3.3,0.3695,0.9292,1.4,2.0,2.0,station
2025-01-23,1.5,1.6,1.8,1.4,1.8,1.8,1.8,1.9,1.7,2.0,1.62,0.18,-0.22,96,100,12.2,0.57,0.4,0.3854,0.9227,1.6,2.0,2.0,station
2025-01-24,2.0,2.5,2.1,1.8,2.7,2.2,2.4,2.4,1.7,1.9,2.22,0.37,0.1,93,96,17.4,0.82,1.7,0.4012,0.916,2.0,3.0,3.0,station
2025-01-25,3.4,3.7,3.8,2.7,3.6,3.4,3.8,3.4,2.6,3.4,3.44,0.44,0.12,91,100,25.2,1.36,3.9,0.4169,0.9089,3.1,4.0,4.0,station
2025-01-26,3.7,3.9,3.2,3.1,3.1,3.4,3.6,2.7,2.8,2.9,3.4,0.37,0.32,94,74,19.4,2.6,0.6,0.4325,0.9016,2.9,4.0,4.0,station
2025-01-27,1.4,1.4,1.6,1.4,1.2,1.1,1.5,1.1,1.7,1.6,1.4,0.14,0.0,98,100,7.7,1.22,0.2,0.4479,0.8941,1.1,2.0,2.0,station
2025-01-28,2.7,3.1,3.4,3.0,3.7,3.4,3.3,3.4,3.5,2.8,3.18,0.38,-0.1,98,100,17.7,1.18,3.7,0.4633,0.8862,2.5,4.0,4.0,station
2025-01-29,4.3,4.2,5.1,4.4,4.9,3.7,3.7,5.3,4.6,4.4,4.58,0.4,0.24,99,100,15.0,0.41,10.1,0.4784,0.8781,3.9,5.0,5.0,station
2025-01-30,3.8,4.1,4.3,4.0,3.6,3.9,3.9,4.9,4.5,4.7,3.96,0.27,-0.42,95,93,18.4,0.74,2.5,0.4935,0.8698,3.5,5.0,5.0,station
2025-01-31,3.2,2.1,2.1,3.5,3.2,3.1,1.7,2.6,1.8,2.1,2.82,0.67,0.56,95,96,13.7,1.5,0.0,0.5084,0.8611,2.2,3.0,3.0,station
2025-02-01,0.3,0.1,1.0,0.5,0.4,-0.1,-0.4,0.8,-0.3,-0.0,0.46,0.34,0.46,92,81,15.9,2.24,0.0,0.5231,0.8523,0.5,1.0,1.0,station
2025-02-02,-0.5,-1.5,-2.0,-1.8,-1.8,-1.0,-1.7,-1.8,-2.0,-1.7,-1.52,0.6,0.12,83,100,18.6,0.93,0.6,0.5377,0.8432,-0.8,-1.0,-1.0,station
2025-02-03,-2.2,-2.5,-4.7,-3.2,-2.7,-2.3,-2.5,-4.8,-2.7,-3.0,-3.06,0.99,0.0,72,100,16.8,1.26,0.0,0.5521,0.8338,-2.2,-2.0,-2.0,station
2025-02-04,-3.7,-5.9,-4.3,-3.5,-5.0,-3.7,-7.0,-5.9,-4.8,-4.6,-4.48,0.99,0.72,74,100,15.1,1.6,0.2,0.5664,0.8242,-3.7,-3.0,-3.0,station
2025-02-05,1.2,1.6,1.1,0.6,1.0,0.9,0.9,1.4,0.8,0.1,1.1,0.36,0.28,91,100,20.2,0.67,3.4,0.5805,0.8143,1.2,2.0,2.0,station
2025-02-06,1.6,1.7,2.0,1.0,2.1,2.1,1.4,1.8,0.9,2.0,1.68,0.43,0.04,96,86,12.3,3.14,0.3,0.5944,0.8042,1.8,2.0,2.0,station
2025-02-07,0.5,0.1,0.9,-0.0,-0.9,0.3,-0.1,1.0,-0.1,-0.7,0.12,0.67,0.04,90,100,9.0,1.79,0.0,0.6081,0.7938,0.7,1.0,1.0,station
2025-02-08,-0.9,-1.8,-0.1,-1.3,-2.7,-1.0,-1.3,0.2,-0.9,-1.9,-1.36,0.97,-0.38,84,63,13.9,2.6,0.0,0.6217,0.7833,-0.5,-1.0,-1.0,station
2025-02-09,-2.0,-2.8,-0.8,-2.5,-2.9,-1.9,-2.2,-0.5,-2.3,-4.0,-2.2,0.86,-0.02,79,100,9.6,1.66,0.0,0.6351,0.7725,-2.2,-2.0,-2.0,station
2025-02-10,-0.2,-2.2,0.6,-1.4,-2.7,0.5,-2.1,0.7,-1.8,-2.2,-1.18,1.37,-0.2,87,65,8.0,4.11,0.0,0.6483,0.7614,-0.1,0.0,0.0,station
2025-02-11,0.1,-1.2,1.2,-1.0,0.2,-0.6,-1.9,1.7,-0.7,-1.2,-0.14,0.98,0.4,91,100,8.8,2.14,0.0,0.6613,0.7502,-0.1,-2.0,-2.0,station
2025-02-12,-0.5,-1.7,1.9,-0.0,-0.8,-0.6,-2.5,1.4,0.0,-1.1,-0.22,1.34,0.34,92,100,14.1,1.8,0.0,0.6741,0.7387,-0.1,0.0,0.0,station
2025-02-13,-1.8,-1.9,-1.4,-1.3,-3.1,-0.9,-2.2,-1.4,-1.1,-3.0,-1.9,0.72,-0.18,89,80,17.7,2.35,2.1,0.6867,0.727,-1.7,-2.0,-2.0,station
2025-02-14,-8.7,-7.2,-5.1,-6.7,-8.3,-9.2,-6.7,-5.5,-6.9,-6.4,-7.2,1.42,-0.26,85,100,14.2,2.31,0.0,0.6991,0.715,-7.4,-7.0,-7.0,station
2025-02-15,-7.1,-7.1,-5.6,-6.3,-7.0,-7.9,-7.5,-6.4,-7.9,-7.9,-6.62,0.66,0.9,85,99,15.8,2.65,0.0,0.7113,0.7029,-7.4,-6.0,-6.0,station
2025-02-16,-7.6,-7.2,-5.8,-8.6,-8.2,-8.0,-7.2,-7.1,-7.4,-9.0,-7.48,1.08,0.26,84,93,13.5,3.11,1.3,0.7233,0.6906,-7.9,-7.0,-7.0,station
2025-02-17,-7.1,-6.4,-4.7,-7.1,-7.7,-7.9,-6.8,-5.8,-7.5,-7.1,-6.6,1.16,0.42,89,86,9.6,4.96,0.0,0.735,0.678,-6.7,-5.0,-5.0,station
2025-02-18,-2.2,-2.4,-1.4,-2.5,-3.3,-2.1,-1.7,-1.5,-2.9,-3.6,-2.36,0.68,0.0,87,65,19.4,3.86,0.6,0.7466,0.6653,-1.9,-2.0,-2.0,station
2025-02-19,-3.4,-2.7,-1.3,-3.5,-5.2,-4.3,-2.3,-2.4,-4.1,-6.0,-3.22,1.41,0.6,82,0,13.6,6.45,0.0,0.7579,0.6523,-2.0,-2.0,-2.0,station
2025-02-20,-0.6,-0.1,0.8,-1.3,-1.0,-0.4,0.6,1.0,-0.2,-1.9,-0.44,0.83,-0.26,87,67,13.0,4.73,0.0,0.769,0.6392,-0.5,0.0,0.0,station
2025-02-21,-0.6,-0.3,-0.6,-1.3,-0.5,-1.1,-0.5,-0.5,-1.3,-0.8,-0.66,0.38,0.18,84,98,21.5,2.51,0.4,0.7799,0.6259,-0.5,0.0,0.0,station
2025-02-22,0.6,0.2,-0.2,-0.7,-0.2,0.6,0.2,-0.3,0.2,-0.1,-0.06,0.49,-0.18,88,99,17.2,2.57,0.6,0.7906,0.6124,0.9,0.0,0.0,station
2025-02-23,0.6,2.3,1.1,0.3,0.1,0.5,2.4,1.7,0.1,-0.4,0.88,0.88,0.02,85,53,14.1,6.02,0.0,0.801,0.5987,1.0,1.0,1.0,station
2025-02-24,1.2,1.8,1.7,0.8,1.9,1.2,1.6,0.7,0.6,1.8,1.48,0.47,0.3,91,100,12.0,2.2,0.8,0.8112,0.5848,1.6,2.0,2.0,station
2025-02-25,1.3,2.8,2.1,1.3,1.2,1.2,2.2,2.2,1.1,1.1,1.74,0.69,0.18,89,99,14.7,4.74,1.5,0.8211,0.5708,2.0,3.0,3.0,station
2025-02-26,1.3,2.4,1.9,2.6,3.1,2.1,2.3,2.9,2.0,2.5,2.26,0.69,-0.1,97,100,11.6,1.7,1.9,0.8308,0.5566,1.8,2.0,2.0,station
2025-02-27,2.2,2.2,2.2,2.0,2.1,1.6,2.1,1.9,1.8,2.2,2.14,0.09,0.22,98,100,10.8,2.19,0.2,0.8402,0.5422,1.9,2.0,2.0,station
2025-02-28,3.1,2.9,2.7,3.8,3.8,3.0,3.0,2.7,2.9,3.2,3.26,0.51,0.3,93,94,8.0,3.52,0.3,0.8495,0.5277,3.8,4.0,4.0,station
2025-03-01,1.2,0.9,3.6,1.0,2.1,1.3,1.5,3.8,-0.1,1.7,1.76,1.13,0.12,93,100,10.0,2.8,0.2,0.8584,0.513,1.8,1.0,1.0,station
2025-03-02,2.2,1.9,3.2,1.9,3.2,3.1,1.7,4.2,2.7,4.2,2.48,0.67,-0.7,90,97,17.9,5.43,0.4,0.8671,0.4981,3.7,2.0,2.0,station
2025-03-03,4.9,3.3,3.7,3.2,4.3,4.9,3.5,4.8,3.7,5.3,3.88,0.72,-0.56,89,98,17.5,3.59,1.2,0.8755,0.4831,5.3,4.0,4.0,station
2025-03-04,4.6,4.1,2.8,2.6,4.2,5.1,4.9,3.7,2.9,4.3,3.66,0.9,-0.52,79,76,24.3,7.51,1.5,0.8837,0.468,4.8,5.0,5.0,station
2025-03-05,6.6,5.9,5.2,5.3,5.8,7.0,6.0,5.7,6.8,5.6,5.76,0.56,-0.46,90,100,18.9,4.71,4.3,0.8916,0.4527,6.3,7.0,7.0,station
2025-03-06,9.7,8.1,10.1,7.8,10.1,10.0,8.3,8.4,7.2,9.3,9.16,1.12,0.52,81,95,20.4,6.98,0.5,0.8993,0.4373,10.7,10.0,10.0,station
2025-03-07,7.1,5.9,6.2,4.6,7.7,6.1,5.9,6.1,6.1,7.2,6.3,1.19,0.02,77,87,17.7,4.17,0.0,0.9067,0.4218,5.8,6.0,6.0,station
2025-03-08,9.0,9.0,8.2,8.6,9.6,9.2,8.8,9.2,8.2,10.1,8.88,0.52,-0.22,73,37,18.0,8.7,0.3,0.9138,0.4061,9.8,9.0,9.0,station
2025-03-09,5.8,5.6,6.1,5.5,4.7,5.4,6.1,5.3,5.4,4.8,5.54,0.52,0.14,67,94,16.0,7.69,0.0,0.9207,0.3904,7.5,6.0,6.0,station
2025-03-10,4.9,5.1,4.3,5.6,3.6,5.8,4.9,4.0,5.4,3.8,4.7,0.77,-0.08,73,100,11.7,4.78,2.0,0.9272,0.3745,6.7,7.0,7.0,station
2025-03-11,1.7,1.3,1.9,2.2,2.2,1.5,1.7,3.5,1.8,3.0,1.86,0.38,-0.44,79,90,18.5,7.27,0.0,0.9335,0.3585,1.9,3.0,3.0,station
2025-03-12,-2.2,-1.2,-0.5,-0.8,-2.3,-1.1,-0.8,-0.0,-0.5,-2.2,-1.4,0.82,-0.48,75,100,12.6,4.06,0.9,0.9396,0.3424,-1.7,-2.0,-2.0,station
2025-03-13,-0.9,-0.9,0.9,-0.5,-0.8,-0.1,-0.1,0.8,-0.9,-0.7,-0.44,0.77,-0.24,86,100,12.3,5.27,4.0,0.9453,0.3261,-0.5,-1.0,-1.0,station
2025-03-14,0.0,0.5,1.7,0.1,0.3,0.2,0.2,1.3,0.1,0.2,0.52,0.69,0.12,76,65,16.4,11.07,0.4,0.9508,0.3098,-0.1,0.0,0.0,station
2025-03-15,2.5,4.5,4.0,2.8,3.4,2.3,4.3,3.2,2.7,2.7,3.44,0.83,0.4,76,47,23.7,10.97,0.0,0.956,0.2934,3.3,5.0,5.0,station
2025-03-16,1.3,2.3,1.7,1.2,1.1,1.3,2.2,1.5,0.9,2.0,1.52,0.49,-0.06,70,65,19.5,11.87,1.6,0.9609,0.2769,1.3,2.0,2.0,station
2025-03-17,1.5,2.2,2.2,0.9,1.1,0.7,2.3,2.5,1.3,1.4,1.58,0.61,-0.06,76,58,19.8,10.23,2.4,0.9655,0.2604,1.3,2.0,2.0,station
2025-03-18,6.2,7.1,4.5,4.2,7.6,3.8,4.7,5.0,4.9,7.5,5.92,1.52,0.74,81,96,16.8,10.22,0.4,0.9698,0.2437,7.4,7.0,7.0,station
2025-03-19,7.0,7.7,5.5,6.5,6.7,7.3,7.9,7.0,6.1,7.5,6.68,0.8,-0.48,56,30,23.8,12.58,0.0,0.9739,0.227,7.1,8.0,8.0,station
2025-03-20,6.0,7.2,6.1,6.5,6.6,5.2,6.7,5.0,4.9,6.3,6.48,0.48,0.86,83,89,16.2,8.2,0.0,0.9777,0.2102,8.1,7.0,7.0,station
2025-03-21,4.4,4.8,5.0,5.1,4.6,5.6,5.8,6.7,8.3,5.3,4.78,0.29,-1.56,67,19,13.5,13.2,0.0,0.9811,0.1934,5.3,5.0,5.0,station
2025-03-22,3.2,5.1,3.4,4.2,3.1,3.0,5.1,3.8,4.0,2.9,3.8,0.85,0.04,60,0,11.4,13.63,0.0,0.9843,0.1765,4.9,5.0,5.0,station
2025-03-23,4.5,7.4,4.3,5.4,4.0,4.0,7.1,4.9,4.7,3.4,5.12,1.38,0.3,57,22,10.6,13.54,0.0,0.9872,0.1595,7.2,8.0,8.0,station
2025-03-24,2.8,3.9,3.0,4.3,3.1,3.0,5.6,2.4,3.9,3.8,3.42,0.65,-0.32,70,43,13.9,11.28,0.2,0.9898,0.1425,4.8,4.0,4.0,station
2025-03-25,5.2,5.1,5.3,6.5,6.7,4.5,4.4,6.5,5.3,8.4,5.76,0.77,-0.06,86,100,17.6,4.68,0.7,0.9921,0.1255,7.3,6.0,6.0,station
2025-03-26,7.2,7.5,8.0,8.3,8.3,7.0,7.4,7.3,8.2,7.1,7.86,0.49,0.46,70,79,12.9,10.32,0.1,0.9941,0.1084,8.1,8.0,8.0,station
2025-03-27,6.8,7.6,7.9,8.1,7.5,6.2,6.9,6.8,6.8,7.0,7.58,0.5,0.84,71,47,21.3,12.51,0.0,0.9958,0.0913,9.4,11.0,11.0,station
2025-03-28,6.6,6.2,7.9,6.9,6.7,6.1,5.7,7.4,6.2,7.0,6.86,0.63,0.38,89,100,21.2,5.25,0.0,0.9972,0.0741,7.8,7.0,7.0,station
2025-03-29,10.1,10.2,10.9,10.2,9.6,9.9,9.9,11.2,9.9,9.2,10.2,0.46,0.18,78,29,17.9,14.95,0.0,0.9984,0.057,12.3,13.0,13.0,station
2025-03-30,8.2,7.5,7.7,8.7,9.1,8.2,8.1,5.9,8.6,7.9,8.24,0.67,0.5,85,72,10.7,12.64,0.2,0.9992,0.0398,10.9,9.0,9.0,station
2025-03-31,10.5,11.0,11.9,11.0,9.7,9.6,10.1,10.8,11.6,9.8,10.82,0.8,0.44,80,100,9.4,10.5,0.0,0.9997,0.0226,12.8,11.0,11.0,station
2025-04-01,12.2,12.2,12.0,12.6,11.6,12.3,11.9,12.7,12.5,11.7,12.12,0.36,-0.1,71,32,11.9,15.11,0.0,1.0,0.0054,13.4,13.0,13.0,station
2025-04-02,15.7,16.0,15.9,16.3,15.6,15.7,16.1,15.8,15.8,14.6,15.9,0.27,0.3,65,42,16.3,15.04,0.0,0.9999,-0.0118,16.9,18.0,18.0,station
2025-04-03,14.3,15.5,15.1,16.5,13.4,14.2,15.6,15.3,16.3,14.6,14.96,1.18,-0.24,63,36,22.1,15.48,0.0,0.9996,-0.029,17.1,18.0,18.0,station
2025-04-04,8.8,8.7,8.6,8.9,7.9,8.5,8.8,7.9,8.2,7.9,8.58,0.4,0.32,49,43,26.1,15.09,0.2,0.9989,-0.0462,9.8,9.0,9.0,station
2025-04-05,2.4,2.7,2.8,2.1,2.5,2.3,3.1,1.2,0.7,1.4,2.5,0.27,0.76,52,52,22.0,14.95,0.9,0.998,-0.0634,2.6,2.0,2.0,station
2025-04-06,3.0,4.1,4.3,4.1,3.8,3.3,3.5,4.1,5.5,3.6,3.86,0.51,-0.14,48,49,11.4,11.45,0.0,0.9968,-0.0805,3.8,4.0,4.0,station
2025-04-07,5.9,7.1,6.5,6.9,5.4,6.9,7.5,7.5,7.0,6.8,6.36,0.71,-0.78,58,19,24.1,17.64,0.3,0.9952,-0.0977,6.9,7.0,7.0,station
2025-04-08,4.5,5.8,6.2,7.1,5.8,6.2,6.6,5.7,7.0,6.4,5.88,0.94,-0.5,46,40,11.5,17.72,0.0,0.9934,-0.1148,7.1,8.0,8.0,station
2025-04-09,3.4,3.1,3.4,3.1,2.7,3.5,2.9,5.0,4.0,3.2,3.14,0.29,-0.58,57,70,29.0,12.39,2.0,0.9913,-0.1319,4.8,5.0,5.0,station
2025-04-10,1.7,1.6,2.1,2.1,1.5,2.0,2.0,2.2,2.0,0.7,1.8,0.28,0.02,43,57,21.1,16.37,1.9,0.9889,-0.1489,3.2,3.0,3.0,station
2025-04-11,2.2,2.2,4.1,2.5,3.0,2.2,2.8,4.0,2.1,5.1,2.8,0.8,-0.44,73,78,25.2,10.72,2.3,0.9861,-0.1659,1.8,2.0,2.0,station
2025-04-12,10.3,8.1,8.7,9.1,9.1,10.2,9.0,8.8,9.0,8.7,9.06,0.8,-0.08,67,64,20.4,12.32,1.9,0.9831,-0.1828,10.5,11.0,11.0,station
2025-04-13,11.0,12.4,11.1,11.5,11.1,10.5,12.4,9.7,11.9,9.9,11.42,0.58,0.54,57,33,15.9,18.45,0.0,0.9799,-0.1997,13.3,14.0,14.0,station
2025-04-14,10.4,10.9,12.0,12.5,12.4,11.5,11.4,12.9,11.9,11.3,11.64,0.94,-0.16,73,52,18.1,15.56,0.0,0.9763,-0.2165,14.1,15.0,15.0,station
2025-04-15,13.2,15.4,15.1,14.9,14.6,12.9,14.8,14.5,15.2,15.0,14.64,0.86,0.16,67,33,11.8,18.99,0.0,0.9724,-0.2333,16.5,16.0,16.0,station
2025-04-16,15.4,17.1,15.6,16.5,14.9,15.7,17.7,14.5,17.1,14.6,15.9,0.89,-0.02,64,45,14.9,18.01,0.0,0.9683,-0.25,18.4,20.0,20.0,station
2025-04-17,11.0,10.6,12.4,12.2,12.3,12.7,11.4,10.4,11.5,12.2,11.7,0.84,0.06,84,100,7.2,7.01,0.4,0.9638,-0.2666,14.2,12.0,12.0,station
2025-04-18,13.4,14.5,14.8,14.2,14.9,13.3,14.1,16.9,16.9,14.3,14.36,0.6,-0.74,85,84,12.0,16.45,0.0,0.9591,-0.2831,18.0,15.0,15.0,station
2025-04-19,16.7,17.4,19.7,19.3,18.1,19.2,16.4,17.0,18.6,19.1,18.24,1.26,0.18,82,93,14.6,11.78,24.0,0.9541,-0.2996,21.8,20.0,20.0,station
2025-04-20,10.1,9.4,10.4,9.6,9.4,10.0,9.7,11.6,9.9,9.9,9.78,0.45,-0.44,90,100,12.9,3.42,19.8,0.9488,-0.316,10.2,10.0,10.0,station
2025-04-21,6.6,6.2,6.1,7.6,7.5,7.2,5.9,8.0,8.6,8.2,6.8,0.71,-0.78,94,99,15.2,3.45,10.9,0.9432,-0.3322,7.2,7.0,7.0,station
2025-04-22,7.2,6.3,5.6,7.2,5.7,6.3,6.0,5.3,7.9,6.4,6.4,0.78,0.02,80,69,14.2,10.59,0.4,0.9373,-0.3484,9.5,7.0,7.0,station
2025-04-23,8.5,7.3,8.9,9.7,9.6,11.1,8.2,9.3,10.0,9.8,8.8,0.97,-0.88,81,98,12.2,7.02,0.2,0.9312,-0.3645,9.9,8.0,8.0,station
2025-04-24,8.1,7.7,8.0,7.5,7.5,8.1,7.8,8.1,7.6,7.7,7.76,0.28,-0.1,54,72,14.8,20.34,0.0,0.9248,-0.3804,9.2,8.0,8.0,station
2025-04-25,7.3,6.9,7.4,6.6,7.5,5.7,7.0,6.9,6.8,7.1,7.14,0.38,0.44,56,55,16.9,16.54,1.1,0.9181,-0.3963,7.6,7.0,7.0,station
2025-04-26,7.3,7.3,6.9,7.8,7.1,6.7,7.0,6.6,7.9,7.1,7.28,0.33,0.22,51,21,22.4,21.11,0.1,0.9112,-0.412,7.6,8.0,8.0,station
2025-04-27,6.1,8.4,7.7,7.7,7.3,6.2,8.6,7.8,8.0,7.2,7.44,0.85,-0.12,48,59,16.8,16.39,0.0,0.9039,-0.4276,8.6,9.0,9.0,station
2025-04-28,11.2,11.9,12.0,13.5,12.6,11.5,9.6,9.2,12.6,11.6,12.24,0.86,1.34,77,83,16.8,16.21,5.6,0.8965,-0.4431,14.9,15.0,15.0,station
2025-04-29,14.2,12.4,11.6,14.2,12.5,13.7,12.1,11.9,14.7,14.1,12.98,1.17,-0.32,71,63,23.6,18.97,1.6,0.8887,-0.4585,15.3,15.0,15.0,station
2025-04-30,5.3,5.4,6.5,7.8,7.3,6.6,5.3,7.1,7.2,7.2,6.46,1.11,-0.22,78,79,10.0,6.81,1.3,0.8807,-0.4737,6.0,7.0,7.0,station
2025-05-01,8.9,9.0,9.3,9.6,8.8,7.9,9.0,8.4,10.0,9.5,9.12,0.33,0.16,75,70,13.7,16.26,0.1,0.8724,-0.4888,11.2,10.0,10.0,station
2025-05-02,12.7,13.4,12.9,14.3,12.3,12.6,12.9,14.0,14.3,12.0,13.12,0.77,-0.04,75,89,23.3,15.98,6.4,0.8639,-0.5037,13.8,15.0,15.0,station
2025-05-03,11.8,10.9,11.2,12.8,11.0,12.2,10.6,11.1,12.1,10.2,11.54,0.79,0.3,70,39,23.2,17.43,1.6,0.8551,-0.5185,12.0,11.0,11.0,station
2025-05-04,9.0,6.9,10.7,8.3,10.2,9.1,6.1,8.7,7.7,8.6,9.02,1.52,0.98,55,38,17.6,15.34,0.2,0.846,-0.5331,9.9,9.0,9.0,station
2025-05-05,9.3,8.5,9.1,9.2,8.2,8.8,7.5,9.3,8.6,7.9,8.86,0.48,0.44,46,57,20.0,20.78,0.0,0.8367,-0.5476,9.6,10.0,10.0,station
2025-05-06,6.8,5.5,6.7,8.1,6.1,6.6,6.0,7.3,7.6,8.3,6.64,0.97,-0.52,78,95,20.4,12.12,5.4,0.8272,-0.5619,8.8,6.0,6.0,station
2025-05-07,5.8,6.5,8.0,7.0,7.7,5.4,6.1,8.3,7.6,7.2,7.0,0.89,0.08,52,77,21.0,13.98,0.0,0.8174,-0.5761,6.5,6.0,6.0,station
2025-05-08,6.9,7.5,9.2,7.4,7.2,5.8,7.8,8.3,8.4,7.9,7.64,0.9,0.0,54,89,16.8,11.26,0.1,0.8074,-0.59,6.9,7.0,7.0,station
2025-05-09,7.8,8.4,9.4,8.3,8.4,8.1,8.5,9.4,7.9,9.8,8.46,0.58,-0.28,58,61,9.4,11.73,0.1,0.7971,-0.6038,8.4,8.0,8.0,station
2025-05-10,10.1,11.0,11.7,10.8,11.0,10.6,11.2,11.5,10.5,12.1,10.92,0.57,-0.26,61,31,9.7,20.54,1.4,0.7866,-0.6175,11.3,12.0,12.0,station
2025-05-11,10.6,12.9,12.8,12.6,11.9,11.2,12.9,12.9,11.7,12.8,12.16,0.96,-0.14,50,26,15.9,25.35,0.0,0.7759,-0.6309,13.2,13.0,13.0,station
2025-05-12,14.1,15.6,16.3,16.1,15.2,14.6,15.8,15.4,15.0,15.1,15.46,0.87,0.28,49,14,14.3,26.14,0.0,0.7649,-0.6442,16.2,17.0,17.0,station
2025-05-13,12.7,16.0,15.8,16.5,14.1,13.2,15.6,16.2,16.7,14.7,15.02,1.58,-0.26,60,91,15.8,21.22,0.3,0.7537,-0.6572,15.4,16.0,16.0,station
2025-05-14,11.4,10.3,11.1,11.7,10.8,11.6,10.4,11.9,12.6,9.7,11.06,0.54,-0.18,67,81,21.8,16.51,3.8,0.7423,-0.6701,9.9,11.0,11.0,station
2025-05-15,13.3,12.3,11.1,13.9,13.7,12.8,12.1,11.3,13.7,13.4,12.86,1.16,0.2,74,74,19.9,17.01,0.5,0.7306,-0.6828,13.4,13.0,13.0,station
2025-05-16,17.1,18.4,18.2,17.3,18.4,16.6,17.6,13.5,18.5,18.1,17.88,0.63,1.02,62,55,18.9,21.92,0.2,0.7188,-0.6952,18.4,19.0,19.0,station
2025-05-17,13.2,13.8,14.9,14.9,12.7,14.2,14.0,13.3,14.3,12.9,13.9,0.99,0.16,76,81,10.1,14.94,2.4,0.7067,-0.7075,14.5,14.0,14.0,station
2025-05-18,18.5,18.6,18.8,18.0,16.9,16.6,18.5,15.8,17.6,18.3,18.16,0.76,0.8,67,91,16.6,19.74,0.0,0.6945,-0.7195,18.8,19.0,19.0,station
2025-05-19,16.4,18.1,19.0,18.6,19.2,16.7,17.8,17.8,17.1,18.3,18.26,1.12,0.72,57,17,14.0,25.62,0.0,0.682,-0.7314,19.7,19.0,19.0,station
2025-05-20,18.5,18.2,20.1,19.4,17.8,19.3,19.2,21.3,18.9,17.8,18.8,0.94,-0.5,54,35,22.1,25.67,0.0,0.6693,-0.743,18.0,19.0,19.0,station
2025-05-21,13.5,13.4,15.0,13.6,13.7,13.3,13.6,14.0,13.8,13.6,13.84,0.66,0.18,55,52,14.7,18.49,0.9,0.6564,-0.7544,14.2,14.0,14.0,station
2025-05-22,14.8,14.4,15.7,15.3,16.2,15.6,14.5,16.5,16.9,15.7,15.28,0.71,-0.56,65,81,19.1,17.63,1.2,0.6433,-0.7656,15.6,16.0,16.0,station
2025-05-23,11.8,11.1,12.2,12.9,12.4,12.0,11.5,13.7,14.8,12.0,12.08,0.68,-0.72,83,96,11.8,7.69,10.1,0.6301,-0.7765,12.1,12.0,12.0,station
2025-05-24,11.7,11.2,12.9,12.8,11.5,9.5,12.9,12.6,13.9,11.2,12.02,0.78,0.0,74,100,8.0,8.67,2.3,0.6166,-0.7873,11.6,13.0,13.0,station
2025-05-25,13.9,14.0,14.6,15.2,14.1,13.2,13.2,14.5,13.7,13.2,14.36,0.54,0.8,72,54,17.8,21.25,2.2,0.603,-0.7978,15.0,17.0,17.0,station
2025-05-26,14.7,15.7,16.8,15.9,15.1,14.3,16.1,15.9,16.8,15.5,15.64,0.8,-0.08,71,36,14.2,25.62,0.0,0.5892,-0.808,16.3,16.0,16.0,station
2025-05-27,16.2,17.3,18.2,18.4,16.6,16.1,17.1,17.5,17.9,16.2,17.34,0.96,0.38,67,22,16.7,27.14,1.2,0.5752,-0.818,18.1,19.0,19.0,station
2025-05-28,18.0,18.9,18.9,19.2,17.3,17.0,18.0,19.5,17.5,17.1,18.46,0.79,0.64,66,61,17.0,21.29,0.0,0.561,-0.8278,19.8,19.0,19.0,station
2025-05-29,18.0,17.2,19.2,17.8,17.1,16.1,16.4,18.5,18.6,17.3,17.86,0.84,0.48,75,87,8.6,21.41,0.6,0.5467,-0.8373,20.5,20.0,20.0,station
2025-05-30,17.7,18.3,20.4,19.8,17.4,18.6,17.4,19.1,17.6,18.7,18.72,1.32,0.44,74,83,17.2,20.67,1.7,0.5322,-0.8466,19.4,20.0,20.0,station
2025-05-31,16.7,15.6,18.0,17.0,16.0,17.4,15.2,17.2,15.6,16.5,16.66,0.93,0.28,70,47,23.2,25.89,0.4,0.5176,-0.8556,16.4,16.0,16.0,station
2025-06-01,18.5,19.2,20.1,19.0,18.1,17.7,18.7,20.0,18.2,17.9,18.98,0.76,0.48,54,4,19.2,28.85,0.0,0.5028,-0.8644,18.8,19.0,19.0,station
2025-06-02,13.8,14.4,14.2,16.1,13.7,14.1,13.9,16.5,16.5,15.1,14.44,0.97,-0.78,75,72,17.9,11.34,3.9,0.4878,-0.8729,14.6,16.0,16.0,station
2025-06-03,16.2,17.8,19.2,18.4,17.4,17.1,17.5,18.3,19.0,17.7,17.8,1.12,-0.12,70,38,13.1,25.16,0.6,0.4728,-0.8812,19.0,20.0,20.0,station
2025-06-04,17.7,18.5,19.4,18.4,17.3,17.9,18.4,18.9,18.6,17.5,18.26,0.81,0.0,69,18,18.5,29.0,0.0,0.4575,-0.8892,18.4,19.0,19.0,station
2025-06-05,17.4,16.6,18.8,19.0,16.2,15.6,15.2,19.9,17.6,17.2,17.6,1.26,0.5,67,69,15.0,20.4,0.5,0.4422,-0.8969,19.7,19.0,19.0,station
2025-06-06,16.8,17.0,17.8,17.2,15.8,16.0,17.1,18.4,17.5,13.8,16.92,0.73,0.36,72,72,13.6,24.16,0.0,0.4267,-0.9044,17.7,18.0,18.0,station
2025-06-07,15.8,15.6,16.3,15.9,14.7,15.8,15.2,16.1,15.0,14.1,15.66,0.59,0.42,76,51,25.5,26.0,5.1,0.4111,-0.9116,16.7,17.0,17.0,station
2025-06-08,18.0,17.5,18.9,18.8,17.7,17.9,17.3,19.4,18.8,16.5,18.18,0.64,0.2,66,42,16.4,24.48,0.0,0.3953,-0.9185,18.9,20.0,20.0,station
2025-06-09,15.5,14.6,16.6,16.9,15.1,16.8,13.9,12.0,19.1,15.2,15.74,0.98,0.34,85,95,15.0,10.19,9.5,0.3795,-0.9252,16.4,17.0,17.0,station
2025-06-10,17.0,17.2,18.4,16.7,17.6,18.3,17.2,19.9,18.9,17.1,17.38,0.66,-0.9,73,75,13.8,22.52,3.1,0.3635,-0.9316,18.8,19.0,19.0,station
2025-06-11,12.6,13.9,11.5,14.0,12.9,13.4,13.2,11.4,13.8,14.1,12.98,1.03,-0.2,90,100,13.6,9.07,4.4,0.3474,-0.9377,13.6,13.0,13.0,station
2025-06-12,17.1,16.0,11.7,17.6,16.6,15.2,14.9,11.7,17.3,14.1,15.8,2.37,1.16,90,93,13.2,11.15,8.8,0.3312,-0.9436,16.8,17.0,17.0,station
2025-06-13,19.0,19.9,20.2,19.0,18.8,19.8,20.5,21.7,20.5,19.1,19.38,0.63,-0.94,66,9,16.7,28.99,0.0,0.3149,-0.9491,19.2,20.0,20.0,station
2025-06-14,20.3,22.2,22.0,22.6,21.8,20.4,21.9,23.2,21.2,21.7,21.78,0.88,0.1,63,36,9.9,27.94,0.0,0.2986,-0.9544,22.6,24.0,24.0,station
2025-06-15,23.1,24.6,25.1,26.6,24.3,22.9,24.6,26.0,26.5,24.7,24.74,1.27,-0.2,59,51,12.8,28.54,0.0,0.2821,-0.9594,25.8,27.0,27.0,station
2025-06-16,20.6,21.5,22.7,22.1,21.2,21.3,20.4,21.6,23.3,21.1,21.62,0.81,0.08,66,97,9.6,20.21,0.8,0.2656,-0.9641,22.9,23.0,23.0,station
2025-06-17,20.5,18.0,20.9,19.5,19.3,18.8,17.5,16.1,18.3,18.9,19.64,1.13,1.72,80,85,20.5,15.93,9.1,0.2489,-0.9685,18.5,18.0,18.0,station
2025-06-18,17.1,17.0,18.0,17.7,16.8,17.5,17.3,17.6,18.0,18.6,17.32,0.51,-0.48,81,95,21.4,15.47,20.0,0.2322,-0.9727,19.8,20.0,20.0,station
2025-06-19,16.2,13.9,15.7,14.3,15.2,16.8,15.6,16.5,17.5,15.1,15.06,0.96,-1.24,87,100,20.7,9.84,17.0,0.2155,-0.9765,14.9,14.0,14.0,station
2025-06-20,19.2,18.8,19.7,18.8,19.1,19.2,19.0,19.3,18.6,18.7,19.12,0.37,0.16,70,65,22.3,25.56,3.4,0.1986,-0.9801,19.5,20.0,20.0,station
2025-06-21,14.3,13.7,15.1,14.7,14.5,14.0,13.5,16.2,15.8,17.1,14.46,0.52,-0.86,86,90,18.7,13.07,5.1,0.1818,-0.9833,15.5,16.0,16.0,station
2025-06-22,17.1,17.8,17.5,17.9,18.2,15.3,17.6,17.5,16.4,18.1,17.7,0.42,0.72,69,65,18.8,20.79,3.1,0.1648,-0.9863,17.4,19.0,19.0,station
2025-06-23,16.1,16.7,16.5,16.0,16.4,15.2,16.3,14.6,15.9,16.5,16.34,0.29,0.64,74,91,17.9,12.26,1.9,0.1478,-0.989,16.3,17.0,17.0,station
2025-06-24,15.0,13.8,16.1,14.7,13.5,14.9,14.2,15.7,15.3,15.8,14.62,1.03,-0.56,95,100,16.9,7.1,11.6,0.1308,-0.9914,14.1,14.0,14.0,station
2025-06-25,17.3,15.5,13.7,15.6,16.7,17.2,15.2,15.6,17.8,18.0,15.76,1.38,-1.0,83,80,22.2,16.79,5.0,0.1137,-0.9935,16.8,16.0,16.0,station
2025-06-26,19.1,19.2,19.2,18.0,19.3,19.5,19.1,17.0,18.1,19.0,18.96,0.54,0.42,68,37,19.6,23.43,0.0,0.0966,-0.9953,18.4,17.0,17.0,station
2025-06-27,16.8,18.2,18.5,18.4,16.3,17.1,17.7,18.6,18.3,16.6,17.64,1.02,-0.02,80,69,11.6,16.57,1.4,0.0795,-0.9968,17.6,18.0,18.0,station
2025-06-28,18.1,17.7,17.5,18.5,18.4,17.2,18.4,17.9,19.1,20.2,18.04,0.43,-0.52,84,97,12.0,12.4,5.4,0.0623,-0.9981,17.9,19.0,19.0,station
2025-06-29,18.1,16.7,16.9,18.1,16.7,18.1,16.9,18.8,18.9,16.7,17.3,0.73,-0.58,77,84,27.9,18.91,3.4,0.0451,-0.999,17.7,18.0,18.0,station
2025-06-30,19.0,18.6,19.2,19.8,19.1,19.3,17.9,18.6,19.6,18.8,19.14,0.43,0.3,65,23,27.0,23.95,0.2,0.028,-0.9996,19.2,19.0,19.0,station
2025-07-01,23.4,24.3,24.2,23.8,22.3,23.1,24.1,23.3,22.9,22.4,23.6,0.81,0.44,65,29,20.3,27.9,0.0,0.0108,-0.9999,23.3,24.0,24.0,station
2025-07-02,24.1,25.2,25.5,26.1,24.3,22.8,25.6,23.9,23.9,24.1,25.04,0.84,0.98,68,59,12.7,24.99,0.0,-0.0065,-1.0,26.8,26.0,26.0,station
2025-07-03,21.4,20.8,24.0,20.1,20.8,22.3,18.7,25.4,22.1,20.8,21.42,1.51,-0.44,76,74,20.6,14.92,1.3,-0.0237,-0.9997,21.6,22.0,22.0,station
2025-07-04,18.3,18.4,19.4,17.9,17.7,18.2,17.5,19.8,19.0,17.5,18.34,0.66,-0.06,65,32,29.8,27.23,0.4,-0.0408,-0.9992,17.3,18.0,18.0,station
2025-07-05,15.9,15.8,18.6,15.2,16.2,15.8,16.2,17.8,16.9,17.4,16.34,1.31,-0.48,84,77,13.6,15.75,13.7,-0.058,-0.9983,17.9,17.0,17.0,station
2025-07-06,17.1,15.8,16.4,17.7,17.1,17.0,16.7,16.8,16.9,15.8,16.82,0.73,0.18,91,96,16.3,12.72,8.6,-0.0752,-0.9972,18.6,16.0,16.0,station
2025-07-07,19.4,18.2,21.2,19.4,18.3,19.1,18.6,21.5,20.6,17.8,19.3,1.21,-0.22,85,91,17.8,17.16,3.2,-0.0923,-0.9957,20.6,21.0,21.0,station
2025-07-08,16.6,15.7,16.4,16.9,15.9,19.3,15.9,16.6,17.0,17.5,16.3,0.49,-0.96,88,77,17.1,10.6,20.8,-0.1094,-0.994,17.2,17.0,17.0,station
2025-07-09,20.1,20.5,21.3,19.7,19.8,19.8,20.3,21.2,19.8,20.2,20.28,0.65,0.02,68,43,20.1,25.31,0.0,-0.1265,-0.992,20.4,21.0,21.0,station
2025-07-10,19.7,19.5,19.2,19.7,18.3,18.9,17.8,17.6,20.0,17.7,19.28,0.58,0.88,74,91,17.8,17.14,2.0,-0.1436,-0.9896,19.0,21.0,21.0,station
2025-07-11,21.8,19.2,25.3,19.7,23.0,23.8,19.8,21.2,18.7,22.4,21.8,2.49,0.62,81,85,23.5,14.24,0.2,-0.1606,-0.987,21.4,21.0,21.0,station
2025-07-12,24.1,23.6,26.3,26.9,25.8,22.8,23.3,24.6,26.7,25.1,25.34,1.43,0.84,85,86,19.2,18.67,9.4,-0.1775,-0.9841,26.8,28.0,28.0,station
2025-07-13,25.5,25.6,26.4,27.5,25.1,21.9,23.3,27.2,24.1,22.2,26.02,0.95,2.28,87,75,9.4,18.81,0.9,-0.1944,-0.9809,25.9,27.0,27.0,station
2025-07-14,23.2,24.7,26.7,25.4,25.9,23.8,23.7,24.3,23.4,24.1,25.18,1.33,1.32,82,63,8.7,23.57,3.9,-0.2113,-0.9774,27.2,28.0,28.0,station
2025-07-15,25.6,26.8,26.8,28.6,25.5,24.9,26.2,27.0,27.4,25.1,26.66,1.25,0.54,74,21,9.6,25.07,0.6,-0.2281,-0.9736,27.8,29.0,29.0,station
2025-07-16,24.6,27.2,27.0,27.6,25.6,24.1,26.9,26.8,27.3,25.2,26.4,1.26,0.34,66,3,12.6,26.5,0.0,-0.2448,-0.9696,26.8,28.0,28.0,station
2025-07-17,24.7,27.7,27.2,28.4,27.1,25.0,27.5,28.6,29.1,26.7,27.02,1.4,-0.36,69,21,12.4,24.48,0.4,-0.2614,-0.9652,27.3,28.0,28.0,station
2025-07-18,24.0,25.5,24.4,26.5,23.2,23.5,25.3,24.1,25.9,23.2,24.72,1.29,0.32,61,0,12.4,27.13,0.0,-0.278,-0.9606,24.3,25.0,25.0,station
2025-07-19,24.1,25.5,24.1,26.7,23.7,23.8,25.6,24.8,26.8,24.2,24.82,1.25,-0.22,65,23,9.2,24.39,0.0,-0.2945,-0.9557,25.6,25.0,25.0,station
2025-07-20,26.3,26.7,26.1,27.4,25.5,26.1,26.4,26.3,27.1,25.1,26.4,0.71,0.2,64,14,11.6,24.76,0.1,-0.3109,-0.9505,26.6,27.0,27.0,station
2025-07-21,25.0,25.8,26.8,27.8,25.3,26.6,26.6,26.6,28.1,24.7,26.14,1.15,-0.38,73,74,13.6,19.33,10.0,-0.3272,-0.945,25.7,26.0,26.0,station
2025-07-22,25.0,25.8,20.9,24.8,24.3,24.7,24.3,24.7,22.6,24.2,24.16,1.9,0.06,78,84,10.5,11.73,4.8,-0.3434,-0.9392,26.2,27.0,27.0,station
2025-07-23,24.9,26.2,26.6,27.4,25.3,25.2,27.4,25.3,28.0,26.3,26.08,1.0,-0.36,72,40,12.3,23.42,0.1,-0.3595,-0.9332,26.0,27.0,27.0,station
2025-07-24,26.4,28.3,28.3,28.3,27.3,27.1,28.4,27.9,28.1,27.7,27.72,0.86,-0.12,69,1,8.0,25.28,0.0,-0.3755,-0.9268,28.0,28.0,28.0,station
2025-07-25,27.4,28.8,28.0,29.1,27.9,25.7,28.0,27.8,28.4,27.2,28.24,0.69,0.82,66,5,8.6,24.67,0.0,-0.3914,-0.9202,29.2,29.0,29.0,station
2025-07-26,26.5,28.1,27.0,26.8,25.3,25.7,27.3,26.9,25.7,24.5,26.74,1.01,0.72,71,7,11.4,23.14,1.7,-0.4071,-0.9134,27.5,28.0,28.0,station
2025-07-27,25.6,26.6,25.9,26.6,26.4,24.1,25.9,26.3,25.1,24.2,26.22,0.45,1.1,73,15,13.1,23.31,0.1,-0.4228,-0.9062,27.0,27.0,27.0,station
2025-07-28,25.0,26.5,25.2,24.8,24.3,25.1,26.0,25.3,25.3,23.8,25.16,0.82,0.06,78,68,12.7,20.05,1.2,-0.4383,-0.8988,26.0,26.0,26.0,station
2025-07-29,26.0,26.3,25.0,26.1,21.8,25.5,26.1,24.1,24.9,22.0,25.04,1.88,0.52,82,96,23.2,15.74,26.3,-0.4537,-0.8912,25.8,25.0,25.0,station
2025-07-30,26.5,28.3,27.8,28.5,26.2,25.7,27.3,27.8,28.9,26.8,27.46,1.05,0.16,74,29,13.4,22.53,0.9,-0.469,-0.8832,27.8,29.0,29.0,station
2025-07-31,27.8,28.0,27.7,28.8,27.8,27.1,28.5,26.1,29.5,28.4,28.02,0.45,0.1,75,29,12.5,22.18,0.4,-0.4841,-0.875,27.1,29.0,29.0,station
2025-08-01,23.1,22.6,23.0,23.2,23.0,23.1,22.6,22.1,25.6,21.9,22.98,0.23,-0.08,84,75,16.4,17.73,3.1,-0.4991,-0.8666,23.4,25.0,25.0,station
2025-08-02,22.4,22.4,22.8,23.7,21.2,22.4,22.0,22.5,23.3,21.5,22.5,0.9,0.16,80,53,15.3,19.23,10.3,-0.5139,-0.8578,22.5,23.0,23.0,station
2025-08-03,23.0,25.0,23.4,24.5,23.3,22.7,24.4,23.2,23.4,22.4,23.84,0.86,0.62,76,45,11.8,21.47,0.2,-0.5286,-0.8489,23.8,25.0,25.0,station
2025-08-04,25.6,26.6,26.1,26.7,25.1,25.0,25.1,25.7,27.1,23.5,26.02,0.68,0.74,77,30,15.3,22.1,0.4,-0.5431,-0.8397,26.9,28.0,28.0,station
2025-08-05,20.3,19.6,20.9,20.2,19.4,21.4,19.5,21.2,21.3,19.2,20.08,0.6,-0.44,84,66,22.6,15.72,3.4,-0.5575,-0.8302,21.1,21.0,21.0,station
2025-08-06,19.2,19.6,18.6,18.8,17.8,19.1,19.4,18.3,17.9,17.6,18.8,0.68,0.34,70,39,26.0,19.84,1.0,-0.5717,-0.8205,19.3,20.0,20.0,station
2025-08-07,20.2,20.4,21.9,21.2,20.4,20.1,20.5,21.4,21.2,20.7,20.82,0.72,0.04,72,34,16.2,20.13,0.4,-0.5857,-0.8105,21.3,22.0,22.0,station
2025-08-08,18.5,18.1,19.3,18.3,19.3,18.0,19.0,21.2,18.5,19.3,18.7,0.57,-0.5,83,83,11.6,15.19,3.4,-0.5996,-0.8003,19.5,19.0,19.0,station
2025-08-09,20.9,21.4,22.4,21.5,21.8,20.7,21.3,22.1,22.0,21.3,21.6,0.55,0.12,78,25,15.7,19.75,1.0,-0.6132,-0.7899,22.0,22.0,22.0,station
2025-08-10,20.4,20.3,21.9,20.1,19.8,20.7,20.4,21.5,20.8,20.3,20.5,0.82,-0.24,84,53,14.9,16.01,1.8,-0.6267,-0.7792,20.2,21.0,21.0,station
2025-08-11,22.1,22.2,22.1,21.2,20.6,21.9,21.7,22.1,21.6,20.9,21.64,0.71,0.0,71,27,16.6,20.66,0.0,-0.64,-0.7683,21.5,22.0,22.0,station
2025-08-12,18.8,17.9,21.3,18.9,19.2,19.5,17.9,19.8,18.6,19.1,19.22,1.26,0.24,80,67,14.3,14.73,11.0,-0.6532,-0.7572,19.0,19.0,19.0,station
2025-08-13,21.3,21.1,22.8,20.9,20.7,22.2,21.4,23.1,22.2,20.8,21.36,0.84,-0.58,68,16,13.2,20.24,0.0,-0.6661,-0.7459,21.6,22.0,22.0,station
2025-08-14,20.6,22.5,23.8,22.8,22.0,21.0,22.1,23.8,22.8,21.4,22.34,1.17,0.12,79,27,11.5,19.47,0.1,-0.6788,-0.7343,22.6,23.0,23.0,station
2025-08-15,22.4,23.0,23.7,22.3,22.2,21.9,22.0,23.6,22.1,21.5,22.72,0.63,0.5,76,90,26.3,15.61,0.2,-0.6914,-0.7225,23.2,24.0,24.0,station
2025-08-16,17.9,18.2,17.9,18.1,18.1,17.9,18.6,17.5,18.0,19.6,18.04,0.13,-0.28,78,70,24.0,15.42,4.5,-0.7037,-0.7105,18.2,18.0,18.0,station
2025-08-17,19.2,17.8,21.2,18.7,18.7,20.4,17.2,20.8,20.1,19.0,19.12,1.27,-0.38,74,54,18.0,14.34,0.0,-0.7158,-0.6983,19.3,19.0,19.0,station
2025-08-18,20.5,20.1,22.3,19.8,19.5,21.2,20.5,21.8,20.2,19.7,20.44,1.1,-0.24,66,85,13.7,18.95,0.0,-0.7277,-0.6859,20.5,20.0,20.0,station
2025-08-19,19.5,18.5,20.1,18.3,19.1,19.9,17.9,19.9,18.1,18.1,19.1,0.73,0.32,70,60,15.1,16.87,0.0,-0.7394,-0.6733,19.8,19.0,19.0,station
2025-08-20,16.3,15.6,17.1,15.6,15.6,16.7,15.5,17.3,15.9,15.1,16.04,0.67,-0.06,67,19,15.0,18.88,0.1,-0.7509,-0.6605,15.7,16.0,16.0,station
2025-08-21,15.0,14.6,15.9,14.7,15.0,15.2,15.2,16.4,14.7,15.2,15.04,0.51,-0.3,79,72,17.1,13.78,3.3,-0.7621,-0.6474,15.3,15.0,15.0,station
2025-08-22,15.4,14.3,17.0,16.5,14.2,15.2,15.0,16.0,15.1,15.0,15.48,1.26,0.22,78,66,10.3,16.3,0.0,-0.7731,-0.6342,16.1,16.0,16.0,station
2025-08-23,16.9,15.6,18.4,16.6,16.5,16.4,15.2,18.5,16.6,15.4,16.8,1.02,0.38,71,58,11.3,17.75,0.1,-0.7839,-0.6208,17.0,17.0,17.0,station
2025-08-24,15.0,14.5,15.2,16.0,15.9,14.6,14.4,17.7,15.2,14.8,15.32,0.63,-0.02,80,63,13.9,12.94,6.6,-0.7945,-0.6073,15.0,15.0,15.0,station
2025-08-25,15.5,14.9,17.4,15.1,15.1,15.9,14.5,16.8,15.8,13.9,15.6,1.03,0.22,81,82,18.2,12.59,5.6,-0.8048,-0.5935,15.4,17.0,17.0,station
2025-08-26,16.1,15.6,17.8,17.2,16.0,16.1,15.3,18.0,16.6,16.0,16.54,0.92,0.14,74,37,13.6,15.33,0.3,-0.8149,-0.5796,16.1,17.0,17.0,station
2025-08-27,16.8,16.4,18.5,17.4,16.4,16.7,16.1,19.1,17.6,16.4,17.1,0.88,-0.08,71,91,18.2,13.87,0.0,-0.8248,-0.5655,16.7,17.0,17.0,station
2025-08-28,16.7,17.1,19.5,17.6,16.5,16.1,17.3,17.9,17.1,18.0,17.48,1.2,0.2,80,40,11.4,15.62,0.7,-0.8344,-0.5512,17.7,18.0,18.0,station
2025-08-29,15.2,15.0,16.1,15.7,15.8,15.2,15.2,16.8,15.9,16.5,15.56,0.45,-0.36,94,91,17.0,3.79,7.3,-0.8437,-0.5368,14.9,16.0,16.0,station
2025-08-30,16.9,16.7,18.7,18.7,17.9,17.0,16.7,17.5,18.2,17.0,17.78,0.95,0.5,97,100,14.8,3.68,7.7,-0.8528,-0.5222,17.3,17.0,17.0,station
2025-08-31,17.3,16.5,17.8,17.8,16.9,17.6,16.4,17.8,19.0,17.0,17.26,0.57,-0.3,90,100,10.4,4.96,0.9,-0.8617,-0.5074,18.6,17.0,17.0,station
2025-09-01,18.1,17.8,20.8,19.1,17.2,18.5,18.7,20.9,19.4,17.0,18.6,1.41,-0.3,86,78,9.4,7.66,0.5,-0.8703,-0.4925,17.5,16.0,16.0,station
2025-09-02,16.9,17.4,19.1,17.3,16.2,17.7,17.6,19.0,18.1,17.8,17.38,1.07,-0.66,85,89,11.2,10.63,0.3,-0.8786,-0.4775,17.8,17.0,17.0,station
2025-09-03,17.3,17.8,19.4,16.6,17.2,17.9,17.7,20.2,17.7,17.6,17.66,1.06,-0.56,87,93,17.2,10.41,1.9,-0.8867,-0.4623,18.5,19.0,19.0,station
2025-09-04,18.2,18.9,22.0,19.1,18.6,17.5,19.1,21.7,18.8,18.2,19.36,1.51,0.3,89,55,9.5,13.59,0.0,-0.8945,-0.447,20.0,21.0,21.0,station
2025-09-05,18.5,21.1,22.3,20.2,20.3,18.4,20.5,22.6,19.8,19.0,20.48,1.39,0.42,89,60,8.4,14.81,0.0,-0.9021,-0.4315,21.5,22.0,22.0,station
2025-09-06,19.5,20.4,22.2,20.7,20.1,18.9,19.8,22.2,20.0,20.2,20.58,1.01,0.36,91,63,14.7,11.83,0.1,-0.9094,-0.4159,22.1,23.0,23.0,station
2025-09-07,20.1,21.1,22.6,22.0,21.7,20.6,20.6,23.1,21.0,21.7,21.5,0.95,0.1,92,82,9.9,8.64,0.1,-0.9164,-0.4002,21.8,20.0,20.0,station
2025-09-08,20.6,21.9,22.9,22.5,20.3,20.5,22.0,23.7,22.4,21.6,21.64,1.15,-0.4,88,84,8.3,10.9,0.0,-0.9232,-0.3844,23.1,24.0,24.0,station
2025-09-09,20.2,21.9,21.0,21.4,21.0,20.0,21.8,21.2,21.0,21.0,21.1,0.62,0.1,81,31,9.6,15.2,0.0,-0.9296,-0.3685,21.2,22.0,22.0,station
2025-09-10,20.5,21.9,21.0,21.3,20.7,19.8,21.6,20.9,21.2,20.5,21.08,0.55,0.28,78,43,14.6,13.65,0.0,-0.9358,-0.3524,21.6,23.0,23.0,station
2025-09-11,20.1,21.9,20.3,20.9,20.5,19.8,21.3,19.9,20.6,19.9,20.74,0.71,0.44,75,58,21.1,14.34,0.0,-0.9418,-0.3363,21.1,22.0,22.0,station
2025-09-12,17.0,17.0,18.6,18.2,18.3,17.0,17.0,16.9,17.1,17.7,17.82,0.76,0.68,79,98,18.5,6.28,8.6,-0.9474,-0.32,17.4,18.0,18.0,station
2025-09-13,17.1,16.5,18.4,17.6,16.2,17.2,17.5,18.0,17.7,17.9,17.16,0.88,-0.5,90,72,15.1,9.6,1.7,-0.9528,-0.3037,17.3,18.0,18.0,station
2025-09-14,17.2,16.3,15.9,17.0,16.6,17.1,16.8,16.4,16.6,17.0,16.6,0.52,-0.18,93,95,14.2,4.53,5.7,-0.9579,-0.2873,17.1,16.0,16.0,station
2025-09-15,16.4,15.8,14.8,15.8,15.8,17.3,15.8,15.0,16.3,15.7,15.72,0.58,-0.3,88,95,20.9,3.15,14.5,-0.9627,-0.2707,15.9,16.0,16.0,station
2025-09-16,16.4,16.3,15.6,16.0,15.0,15.8,15.9,15.9,16.0,15.0,15.86,0.57,0.14,89,74,22.3,7.33,15.8,-0.9672,-0.2541,17.1,17.0,17.0,station
2025-09-17,15.8,15.4,15.4,15.9,16.1,15.8,15.5,15.3,16.0,15.1,15.72,0.31,0.18,86,65,22.8,9.16,9.0,-0.9714,-0.2375,16.8,17.0,17.0,station
2025-09-18,16.3,15.7,17.2,15.7,15.2,15.9,15.8,17.7,15.7,15.5,16.02,0.77,-0.1,88,46,12.3,10.24,0.5,-0.9753,-0.2207,18.1,17.0,17.0,station
2025-09-19,17.2,16.3,17.2,16.2,15.7,16.6,16.0,17.1,16.1,15.1,16.52,0.66,0.34,82,60,13.2,10.32,14.6,-0.979,-0.2039,16.9,17.0,17.0,station
2025-09-20,17.3,17.1,16.7,17.8,17.0,18.2,18.0,16.8,17.6,16.3,17.18,0.41,-0.2,91,97,21.2,5.42,3.6,-0.9824,-0.187,18.0,18.0,18.0,station
2025-09-21,18.7,19.3,18.5,18.6,18.8,18.8,19.0,19.3,19.1,18.2,18.78,0.31,-0.1,87,90,24.7,10.4,6.9,-0.9854,-0.1701,21.1,21.0,21.0,station
2025-09-22,17.0,17.3,16.4,17.0,16.4,16.8,16.8,14.2,13.9,16.3,16.82,0.4,1.22,70,59,24.0,10.72,0.3,-0.9882,-0.1531,16.5,16.0,16.0,station
2025-09-23,10.1,9.1,9.3,10.6,9.3,11.9,11.6,12.0,12.1,10.4,9.68,0.64,-1.92,76,37,24.4,6.24,2.8,-0.9907,-0.1361,9.8,11.0,11.0,station
2025-09-24,11.5,11.1,11.0,10.5,10.1,11.5,11.2,11.0,11.1,9.8,10.84,0.55,-0.08,64,10,17.1,12.0,0.0,-0.9929,-0.1191,11.4,11.0,11.0,station
2025-09-25,14.9,14.3,14.9,14.7,13.9,14.7,14.2,14.0,14.7,13.8,14.54,0.43,0.26,76,19,14.5,9.63,0.0,-0.9948,-0.102,14.6,14.0,14.0,station
2025-09-26,15.6,16.0,16.0,16.1,15.3,15.7,15.8,16.1,16.2,15.0,15.8,0.34,0.04,81,55,13.0,10.59,0.0,-0.9964,-0.0848,15.2,14.0,14.0,station
2025-09-27,15.3,15.3,15.9,15.6,15.2,16.3,15.8,15.8,16.3,15.1,15.46,0.29,-0.4,81,91,10.2,10.37,0.0,-0.9977,-0.0677,16.0,16.0,16.0,station
2025-09-28,12.9,13.4,13.4,13.1,13.6,13.3,13.1,13.2,12.7,14.1,13.28,0.28,0.0,80,44,11.8,9.34,0.0,-0.9987,-0.0505,13.7,14.0,14.0,station
2025-09-29,10.6,10.6,11.2,10.9,10.4,10.3,10.8,10.8,10.7,10.7,10.74,0.31,0.08,79,31,11.8,8.78,0.0,-0.9994,-0.0333,9.8,10.0,10.0,station
2025-09-30,10.1,10.1,11.0,11.1,10.4,10.3,10.2,10.7,10.9,10.7,10.54,0.48,-0.02,79,23,9.2,10.08,0.0,-0.9999,-0.0161,10.3,11.0,11.0,station
2025-10-01,10.4,10.9,10.6,10.9,9.5,10.7,10.3,10.7,11.4,9.6,10.46,0.58,-0.08,79,76,9.4,5.81,0.3,-1.0,0.0011,10.6,12.0,12.0,station
2025-10-02,10.9,10.4,11.0,11.4,10.8,10.3,10.6,11.9,11.1,10.3,10.9,0.36,0.06,81,77,7.0,5.53,0.4,-0.9998,0.0183,11.2,10.0,10.0,station
2025-10-03,9.7,9.5,10.6,9.4,9.7,10.3,10.1,10.9,10.3,10.1,9.78,0.48,-0.56,75,43,10.2,7.76,0.0,-0.9994,0.0355,9.6,9.0,9.0,station
2025-10-04,9.6,9.0,10.9,9.7,9.5,10.4,9.3,10.8,10.7,10.0,9.74,0.7,-0.5,81,67,20.7,6.07,0.5,-0.9986,0.0527,9.7,10.0,10.0,station
2025-10-05,9.6,10.2,10.0,10.4,9.6,10.5,9.9,10.7,10.5,9.4,9.96,0.36,-0.24,91,100,18.4,2.4,7.1,-0.9976,0.0698,10.5,11.0,11.0,station
2025-10-06,11.9,11.9,11.5,12.4,11.4,11.6,12.0,13.8,12.8,10.9,11.82,0.4,-0.4,92,79,13.8,5.74,5.2,-0.9962,0.087,13.1,12.0,12.0,station
2025-10-07,12.8,12.8,13.1,12.4,12.3,13.2,12.4,13.6,12.9,12.2,12.68,0.33,-0.18,90,71,15.0,5.35,0.3,-0.9946,0.1041,14.1,15.0,15.0,station
2025-10-08,12.0,12.0,11.9,12.2,11.5,11.8,11.7,13.0,11.9,12.3,11.92,0.26,-0.22,93,99,22.1,1.56,7.6,-0.9926,0.1212,11.6,12.0,12.0,station
2025-10-09,13.5,13.0,13.5,13.8,12.2,13.5,12.7,13.3,13.7,12.6,13.2,0.63,0.04,92,67,16.0,6.56,2.3,-0.9904,0.1383,14.2,13.0,13.0,station
2025-10-10,12.4,12.2,10.7,11.1,10.6,11.8,12.0,11.0,11.4,10.5,11.4,0.85,0.06,83,67,15.2,7.14,3.6,-0.9879,0.1553,12.0,12.0,12.0,station
2025-10-11,11.7,11.8,10.2,10.6,9.3,11.8,12.0,10.5,10.2,10.4,10.72,1.05,-0.26,70,38,31.7,7.08,0.0,-0.9851,0.1722,11.6,11.0,11.0,station
2025-10-12,9.2,9.1,9.3,9.3,8.3,8.9,9.0,8.6,9.4,8.7,9.04,0.42,0.12,73,65,26.7,4.62,1.1,-0.9819,0.1892,8.8,9.0,9.0,station
2025-10-13,7.1,7.0,6.3,6.7,7.1,7.4,6.9,6.3,7.1,7.0,6.84,0.34,-0.1,73,77,24.1,3.43,0.1,-0.9785,0.206,7.8,7.0,7.0,station
2025-10-14,8.4,7.4,7.8,7.4,7.9,8.4,7.5,7.6,7.0,7.9,7.78,0.41,0.1,83,86,16.9,3.77,0.5,-0.9749,0.2228,8.6,8.0,8.0,station
2025-10-15,10.0,9.1,9.0,9.1,9.5,9.5,8.8,9.4,9.1,7.4,9.34,0.42,0.5,85,79,16.2,3.99,0.0,-0.9709,0.2396,9.9,9.0,9.0,station
2025-10-16,10.2,10.8,10.8,10.8,10.1,11.0,11.0,10.8,11.1,9.8,10.54,0.36,-0.2,87,42,15.9,3.18,0.8,-0.9666,0.2562,9.4,10.0,10.0,station
2025-10-17,8.3,7.9,7.8,7.7,7.0,8.0,8.0,7.2,7.8,7.5,7.74,0.47,0.04,85,2,8.4,6.84,0.0,-0.9621,0.2728,7.2,8.0,8.0,station
2025-10-18,5.5,5.7,6.4,6.6,5.6,6.8,6.4,6.5,6.3,6.1,5.96,0.5,-0.46,89,1,8.5,6.7,0.0,-0.9572,0.2893,6.4,7.0,7.0,station
2025-10-19,7.8,8.3,8.8,8.9,8.6,8.1,8.1,8.9,8.7,8.6,8.48,0.44,0.0,83,48,12.1,5.99,0.0,-0.9521,0.3057,8.9,10.0,10.0,station
2025-10-20,8.7,8.4,9.5,9.9,8.9,8.9,8.6,9.2,9.1,9.3,9.08,0.61,0.06,91,96,11.5,4.76,0.0,-0.9467,0.3221,7.8,10.0,10.0,station
2025-10-21,7.4,7.8,8.2,7.3,7.3,7.2,7.4,7.8,7.5,7.1,7.6,0.39,0.2,83,70,16.7,5.89,0.0,-0.941,0.3383,7.5,8.0,8.0,station
2025-10-22,7.9,7.2,8.6,7.5,7.9,7.7,7.1,8.5,7.3,6.9,7.82,0.53,0.32,85,71,22.5,1.97,0.0,-0.9351,0.3545,7.8,8.0,8.0,station
2025-10-23,7.9,7.7,7.7,7.6,7.9,8.0,7.7,8.4,7.8,7.6,7.76,0.13,-0.14,94,100,15.7,1.0,5.6,-0.9288,0.3705,7.4,7.0,7.0,station
2025-10-24,9.4,9.3,9.5,9.3,9.6,9.5,9.5,9.9,9.5,9.4,9.42,0.13,-0.14,95,100,14.9,1.43,0.1,-0.9223,0.3864,8.9,9.0,9.0,station
2025-10-25,11.0,11.1,10.3,11.0,10.8,10.9,11.2,10.4,10.8,10.4,10.84,0.32,0.1,98,100,18.0,1.27,4.3,-0.9155,0.4022,11.3,11.0,11.0,station
2025-10-26,10.8,10.8,10.3,10.8,10.1,10.6,10.5,9.9,10.6,9.7,10.56,0.34,0.3,98,100,17.0,0.68,14.2,-0.9085,0.4179,10.2,11.0,11.0,station
2025-10-27,8.0,7.6,7.6,8.0,8.1,8.1,7.4,8.3,8.0,7.8,7.86,0.24,-0.06,94,97,18.1,3.12,7.6,-0.9012,0.4335,8.3,8.0,8.0,station
2025-10-28,7.2,7.3,7.6,7.5,7.0,6.7,7.0,7.4,7.4,8.0,7.32,0.24,0.02,96,71,14.4,3.15,1.7,-0.8936,0.4489,7.1,7.0,7.0,station
2025-10-29,7.8,7.5,8.0,7.8,7.9,7.7,7.4,8.6,8.0,7.5,7.8,0.19,-0.04,96,41,7.2,3.59,0.0,-0.8857,0.4642,8.4,8.0,8.0,station
2025-10-30,7.4,7.6,7.7,7.6,7.3,7.5,7.6,7.7,7.8,7.5,7.52,0.16,-0.1,97,100,16.9,2.82,5.4,-0.8776,0.4794,8.2,8.0,8.0,station
2025-10-31,7.7,7.8,7.8,7.7,7.4,7.8,7.6,7.8,7.8,7.7,7.68,0.16,-0.06,98,99,16.4,0.61,7.6,-0.8692,0.4944,7.4,8.0,8.0,station
2025-11-01,7.4,7.0,8.0,6.7,6.0,6.9,6.8,7.7,6.1,6.6,7.02,0.75,0.2,95,98,7.5,1.6,0.0,-0.8606,0.5093,7.3,7.0,7.0,station
2025-11-02,8.4,8.1,8.2,8.4,8.6,8.9,8.3,9.1,9.0,9.1,8.34,0.19,-0.54,96,99,18.7,0.76,4.1,-0.8517,0.524,8.6,9.0,9.0,station
2025-11-03,9.7,9.2,9.7,10.0,9.2,9.6,9.2,9.6,10.0,9.3,9.56,0.35,0.02,97,100,11.5,2.16,0.2,-0.8426,0.5386,9.8,10.0,10.0,station
2025-11-04,10.0,10.4,10.3,10.2,10.7,10.4,10.8,10.3,11.2,10.4,10.32,0.26,-0.3,96,81,19.5,2.75,2.6,-0.8332,0.553,10.3,11.0,11.0,station
2025-11-05,11.2,11.6,10.9,11.4,11.1,11.4,11.5,10.9,11.7,11.1,11.24,0.27,-0.08,95,100,19.6,0.54,0.8,-0.8235,0.5672,11.6,12.0,12.0,station
2025-11-06,11.3,10.8,10.7,11.1,11.0,10.9,10.6,10.5,10.8,10.9,10.98,0.24,0.24,92,100,15.2,1.21,0.5,-0.8137,0.5813,11.9,11.0,11.0,station
2025-11-07,10.1,10.6,11.2,10.8,10.8,10.7,10.3,11.0,10.9,11.7,10.7,0.4,-0.22,99,100,11.6,0.63,4.6,-0.8035,0.5952,11.1,11.0,11.0,station
2025-11-08,8.9,9.6,9.8,9.3,10.0,9.0,9.5,9.3,9.3,9.6,9.52,0.43,0.18,96,100,9.7,0.78,0.2,-0.7932,0.609,9.9,10.0,10.0,station
2025-11-09,8.2,7.9,9.2,8.4,7.4,8.2,8.0,8.9,8.4,7.5,8.22,0.66,0.02,93,99,12.8,1.08,0.2,-0.7826,0.6225,7.9,8.0,8.0,station
2025-11-10,6.7,6.5,7.3,7.0,6.1,6.6,6.2,7.2,6.9,4.9,6.72,0.46,0.36,94,100,9.8,0.5,1.0,-0.7718,0.6359,6.4,6.0,6.0,station
2025-11-11,7.7,6.7,7.3,7.5,6.1,7.1,6.1,6.8,7.5,6.2,7.06,0.65,0.32,97,99,10.1,1.19,0.3,-0.7607,0.6491,6.4,8.0,8.0,station
2025-11-12,8.5,8.3,8.6,8.4,8.1,8.5,8.2,8.5,8.5,8.3,8.38,0.19,-0.02,94,100,25.8,1.08,1.9,-0.7494,0.6621,8.3,9.0,9.0,station
2025-11-13,9.6,9.9,9.1,10.2,9.8,9.7,9.8,9.8,10.2,9.6,9.72,0.41,-0.1,97,100,27.2,0.46,15.6,-0.7379,0.6749,9.8,11.0,11.0,station
2025-11-14,3.9,3.9,4.0,3.0,2.3,3.8,2.4,4.6,3.4,3.0,3.42,0.75,-0.02,81,41,14.3,2.56,0.6,-0.7262,0.6875,3.2,3.0,3.0,station
2025-11-15,2.1,1.9,2.6,0.4,0.9,2.2,2.0,2.3,1.0,0.8,1.58,0.9,-0.08,82,39,17.3,2.52,0.0,-0.7143,0.6998,1.0,2.0,2.0,station
2025-11-16,4.4,4.9,4.4,5.2,3.7,4.1,4.8,4.5,4.9,3.9,4.52,0.57,0.08,81,48,19.4,2.26,0.4,-0.7021,0.712,4.2,6.0,6.0,station
2025-11-17,2.5,2.9,2.8,3.0,1.7,2.3,2.7,2.6,2.7,-0.0,2.58,0.53,0.52,96,88,9.9,1.16,0.1,-0.6898,0.724,0.8,2.0,2.0,station
2025-11-18,-0.1,-1.2,-0.8,-0.6,-1.9,0.1,-0.7,0.6,-0.6,-0.3,-0.92,0.68,-0.74,85,99,13.0,1.0,0.0,-0.6772,0.7358,-0.3,0.0,0.0,station
2025-11-19,-1.8,-2.0,0.3,-2.8,-1.0,-1.6,-3.4,0.8,-0.5,-2.6,-1.46,1.17,0.0,85,88,10.2,1.44,0.0,-0.6645,0.7473,-3.2,-3.0,-3.0,station
2025-11-20,3.0,2.1,3.2,2.5,3.1,2.4,2.1,2.5,1.8,2.4,2.78,0.47,0.54,93,100,15.9,0.83,5.2,-0.6515,0.7586,2.0,3.0,3.0,station
2025-11-21,1.8,0.9,1.5,0.4,0.8,1.5,0.7,2.9,0.3,0.8,1.08,0.56,-0.16,98,100,12.0,0.71,4.8,-0.6384,0.7697,1.1,2.0,2.0,station
2025-11-22,4.0,3.8,4.4,2.6,3.8,4.8,4.3,4.2,2.1,3.8,3.72,0.67,-0.12,88,46,18.8,2.03,0.3,-0.625,0.7806,3.1,5.0,5.0,station
2025-11-23,5.4,5.9,5.7,5.1,5.4,5.7,5.5,5.4,5.3,5.4,5.5,0.31,0.04,92,88,17.8,1.49,0.2,-0.6115,0.7912,4.8,6.0,6.0,station
2025-11-24,3.8,3.5,4.7,3.7,4.3,3.2,3.7,4.0,3.7,3.9,4.0,0.49,0.3,98,100,13.7,1.12,0.5,-0.5978,0.8016,2.6,4.0,4.0,station
2025-11-25,0.8,0.5,1.5,0.7,0.5,1.6,0.1,1.8,1.2,0.7,0.8,0.41,-0.28,91,80,12.4,0.98,0.2,-0.584,0.8118,0.5,1.0,1.0,station
2025-11-26,-0.2,-0.4,1.6,0.1,-1.3,-0.6,-0.3,1.0,-0.3,-2.6,-0.04,1.05,0.52,92,76,5.2,0.76,0.0,-0.5699,0.8217,-0.8,0.0,0.0,station
2025-11-27,3.3,2.1,4.1,2.1,3.3,3.7,2.5,3.9,1.9,0.5,2.98,0.87,0.48,94,100,18.6,0.46,1.1,-0.5557,0.8314,1.8,4.0,4.0,station
2025-11-28,7.7,7.6,7.9,8.3,7.8,7.7,7.4,7.9,8.1,7.8,7.86,0.27,0.08,98,100,26.2,0.27,5.5,-0.5413,0.8408,7.0,8.0,8.0,station
2025-11-29,7.7,7.5,7.5,7.5,7.7,7.6,7.3,7.5,7.0,7.7,7.58,0.11,0.16,97,100,22.5,0.23,2.2,-0.5268,0.85,7.1,8.0,8.0,station
2025-11-30,7.0,6.8,6.9,6.7,6.0,6.5,6.7,7.1,6.7,6.0,6.68,0.4,0.08,94,88,21.1,0.77,0.3,-0.5121,0.859,6.7,8.0,8.0,station
2025-12-01,6.0,6.0,6.4,6.0,5.8,6.0,5.9,6.0,6.0,5.5,6.04,0.22,0.16,95,88,18.7,0.29,2.5,-0.4972,0.8676,5.9,6.0,6.0,station
2025-12-02,5.7,5.9,6.3,5.6,5.4,5.8,5.7,6.3,5.7,5.3,5.78,0.34,0.02,91,93,18.0,0.65,0.0,-0.4822,0.8761,5.8,6.0,6.0,station
2025-12-03,4.3,4.2,4.8,4.3,4.4,4.8,4.5,4.5,4.8,3.8,4.4,0.23,-0.08,89,100,17.6,0.27,0.3,-0.4671,0.8842,4.5,5.0,5.0,station
2025-12-04,4.3,4.0,4.5,4.0,4.0,4.8,4.3,4.3,4.6,3.5,4.16,0.23,-0.14,90,100,11.6,0.33,0.0,-0.4518,0.8921,4.2,4.0,4.0,station
2025-12-05,4.2,3.9,4.6,4.4,3.3,4.3,3.7,4.5,4.7,3.6,4.08,0.51,-0.08,96,100,9.0,0.43,0.0,-0.4364,0.8998,4.4,5.0,5.0,station
2025-12-06,4.4,4.4,4.7,5.1,4.8,4.2,4.4,4.6,5.3,4.3,4.68,0.29,0.12,99,100,15.4,0.12,7.2,-0.4208,0.9071,4.8,5.0,5.0,station
2025-12-07,4.0,3.9,4.2,3.9,3.3,4.0,3.8,4.6,4.8,3.7,3.86,0.34,-0.32,98,100,12.9,0.18,6.8,-0.4052,0.9142,3.7,4.0,4.0,station
2025-12-08,3.5,3.2,4.0,3.6,3.7,4.0,3.1,4.2,3.6,3.6,3.6,0.29,-0.1,96,100,17.6,0.24,3.4,-0.3894,0.9211,3.5,4.0,4.0,station
2025-12-09,6.1,6.3,6.2,6.3,6.3,5.9,6.1,6.5,6.4,6.6,6.24,0.09,-0.06,96,100,20.4,0.14,11.9,-0.3735,0.9276,6.2,7.0,7.0,station
2025-12-10,6.5,7.1,7.1,7.2,6.8,6.6,6.7,6.8,6.4,7.1,6.94,0.29,0.22,94,100,18.5,0.28,2.4,-0.3575,0.9339,7.4,8.0,8.0,station
2025-12-11,6.7,7.2,7.3,7.0,6.7,6.7,7.0,6.3,6.5,6.5,6.98,0.28,0.38,88,100,21.3,0.31,0.1,-0.3413,0.9399,7.6,7.0,7.0,station
2025-12-12,1.6,1.8,2.8,1.2,1.0,4.1,1.6,2.6,1.3,0.8,1.68,0.7,-0.4,77,55,17.1,1.1,0.0,-0.3251,0.9457,1.4,0.0,0.0,station
2025-12-13,-0.3,-2.3,-0.7,-2.2,-2.9,-0.4,-3.1,-1.3,-2.3,-5.2,-1.68,1.12,0.78,74,98,11.0,0.75,0.0,-0.3088,0.9511,-1.7,-1.0,-1.0,station
2025-12-14,2.7,1.3,1.0,1.7,2.4,3.4,0.7,0.5,0.7,1.5,1.82,0.72,0.46,82,99,15.8,0.28,6.8,-0.2924,0.9563,1.5,3.0,3.0,station
2025-12-15,5.4,6.2,4.7,6.0,6.3,5.9,6.2,5.2,6.3,6.4,5.72,0.67,-0.28,99,100,12.8,0.17,2.2,-0.2759,0.9612,4.6,6.0,6.0,station
2025-12-16,5.9,6.5,5.7,6.5,6.0,5.9,6.5,5.9,6.6,5.8,6.12,0.36,-0.02,99,100,13.5,0.21,0.5,-0.2593,0.9658,6.0,7.0,7.0,station
2025-12-17,6.0,6.2,6.1,6.2,6.9,6.0,5.9,6.2,6.4,6.4,6.28,0.36,0.1,97,100,23.2,0.24,2.8,-0.2427,0.9701,6.4,7.0,7.0,station
2025-12-18,5.2,5.3,5.5,5.4,5.4,5.7,5.6,4.4,6.2,6.1,5.36,0.11,-0.24,97,75,19.5,0.35,0.3,-0.226,0.9741,5.6,6.0,6.0,station
2025-12-19,6.4,6.2,5.9,6.1,5.9,6.1,5.8,5.7,6.2,6.2,6.1,0.21,0.1,94,100,20.5,0.16,0.9,-0.2092,0.9779,6.3,7.0,7.0,station
2025-12-20,6.7,6.8,5.8,7.0,7.2,6.5,6.4,6.1,6.6,6.8,6.7,0.54,0.22,93,100,17.2,0.34,0.7,-0.1923,0.9813,7.4,7.0,7.0,station
2025-12-21,5.0,5.6,5.1,5.0,5.0,5.5,5.3,5.1,4.7,5.0,5.14,0.26,0.02,85,91,19.2,0.34,0.2,-0.1754,0.9845,6.2,5.0,5.0,station
2025-12-22,0.9,1.6,1.1,1.4,0.6,1.3,1.4,0.2,0.7,1.1,1.12,0.4,0.18,81,77,16.1,0.28,0.2,-0.1585,0.9874,1.3,2.0,2.0,station
2025-12-23,-3.8,-5.9,-4.2,-5.7,-7.4,-2.8,-5.5,-4.2,-5.6,-6.2,-5.4,1.44,-0.54,74,61,11.7,0.85,0.0,-0.1414,0.9899,-5.2,-4.0,-4.0,station
2025-12-24,-0.8,-1.5,-2.0,-2.4,-2.7,-0.9,-1.2,-2.3,-1.6,-3.2,-1.88,0.75,-0.04,89,88,14.6,0.61,0.0,-0.1244,0.9922,-0.9,0.0,0.0,station
2025-12-25,5.2,5.6,5.8,5.3,5.4,5.0,4.4,5.9,5.2,5.1,5.46,0.24,0.34,91,91,26.0,0.5,0.3,-0.1073,0.9942,5.4,6.0,6.0,station
2025-12-26,4.7,4.5,6.2,4.2,6.1,4.7,3.8,5.9,4.5,6.0,5.14,0.94,0.16,90,14,18.1,0.93,0.0,-0.0902,0.9959,4.9,4.0,4.0,station
2025-12-27,2.8,2.3,4.0,4.3,2.9,2.7,2.5,4.3,3.9,2.6,3.26,0.85,0.06,87,73,28.1,0.93,2.3,-0.073,0.9973,2.9,3.0,3.0,station
2025-12-28,2.5,1.9,0.7,1.4,2.2,2.0,1.6,0.4,1.1,1.6,1.74,0.71,0.4,69,43,32.5,1.01,0.2,-0.0559,0.9984,1.9,1.0,1.0,station
2025-12-29,1.5,1.2,1.9,0.9,1.1,1.8,0.8,1.3,1.2,1.5,1.32,0.39,0.0,79,70,26.9,0.68,1.6,-0.0387,0.9993,0.7,1.0,1.0,station
2025-12-30,-3.6,-3.5,-3.5,-3.3,-3.4,-3.5,-3.6,-3.4,-2.6,-3.3,-3.46,0.11,-0.18,80,80,24.3,0.39,3.2,-0.0215,0.9998,-3.5,-3.0,-3.0,station
2025-12-31,-8.9,-7.3,-6.6,-7.7,-8.8,-8.0,-6.9,-7.4,-7.1,-8.5,-7.86,0.99,-0.28,80,0,17.5,1.14,0.0,-0.0043,1.0,-9.9,,,
2026-01-01,-4.7,-6.1,-3.7,-6.3,-5.3,-5.1,-7.4,-3.6,-4.6,-6.0,-5.22,1.06,0.12,88,87,17.5,0.67,0.2,0.0172,0.9999,-7.6,-8.0,-8.0,station
2026-01-02,-3.1,-4.6,-3.7,-4.9,-4.5,-2.0,-4.3,-3.7,-4.6,-5.1,-4.16,0.74,-0.22,91,100,18.2,0.25,6.7,0.0344,0.9994,-5.0,-5.0,-5.0,station
2026-01-03,-3.4,-4.5,-3.8,-8.6,-4.8,-1.9,-4.3,-2.9,-8.9,-5.3,-5.02,2.08,-0.36,89,100,16.4,0.44,0.8,0.0516,0.9987,-4.6,-7.0,-7.0,station
2026-01-04,-8.5,-9.2,-7.0,-10.7,-8.7,-7.1,-7.9,-5.9,-11.8,-8.1,-8.82,1.33,-0.66,83,100,15.4,0.6,0.3,0.0688,0.9976,-10.0,-11.0,-11.0,station
2026-01-05,-14.9,-16.4,-11.5,-15.2,-14.2,-13.5,-16.7,-10.1,-14.6,-9.0,-14.44,1.83,-1.66,84,46,14.1,1.24,0.0,0.0859,0.9963,-13.7,-15.0,-15.0,station
2026-01-06,-3.8,-5.0,-3.5,-4.4,-4.3,-3.4,-4.6,-3.5,-4.3,-8.6,-4.2,0.58,0.68,89,100,16.4,0.58,2.4,0.103,0.9947,-3.9,-3.0,-3.0,station
2026-01-07,-3.5,-5.0,-3.3,-4.8,-4.6,-3.6,-4.6,-3.0,-4.4,-4.6,-4.24,0.78,-0.2,91,73,14.9,1.1,5.1,0.1201,0.9928,-3.6,-3.0,-3.0,station
2026-01-08,-11.8,-10.3,-12.2,-13.3,-11.0,-5.5,-8.6,-11.0,-12.4,-9.9,-11.72,1.15,-2.24,86,82,12.1,1.19,0.0,0.1372,0.9905,-15.0,-12.0,-12.0,station
2026-01-09,-12.5,-14.7,-11.5,-14.6,-13.0,-11.5,-14.2,-12.0,-13.6,-12.7,-13.26,1.38,-0.46,80,100,18.2,1.31,0.0,0.1542,0.988,-14.4,-13.0,-13.0,station
2026-01-10,-8.1,-7.5,-8.0,-9.2,-9.1,-9.5,-8.3,-8.3,-10.1,-10.2,-8.38,0.74,0.9,81,100,22.2,0.89,1.4,0.1712,0.9852,-8.1,-8.0,-8.0,station
2026-01-11,-6.9,-5.9,-6.6,-7.5,-7.3,-7.0,-6.6,-6.5,-7.6,-7.6,-6.84,0.63,0.22,84,97,19.6,1.3,2.7,0.1881,0.9821,-6.7,-6.0,-6.0,station
2026-01-12,-5.6,-6.5,-8.1,-7.2,-6.6,-6.7,-6.8,-7.7,-9.5,-7.1,-6.8,0.92,0.76,88,100,15.7,0.81,0.2,0.205,0.9788,-6.3,-5.0,-5.0,station
2026-01-13,-5.0,-5.5,-9.0,-6.5,-7.4,-6.3,-6.7,-9.2,-7.8,-8.1,-6.68,1.59,0.94,90,100,11.1,0.73,0.1,0.2218,0.9751,-5.7,-5.0,-5.0,station
2026-01-14,-4.8,-5.5,-6.1,-5.2,-6.7,-4.6,-5.1,-6.0,-4.7,-6.9,-5.66,0.75,-0.2,92,100,15.0,0.85,0.3,0.2385,0.9711,-5.6,-4.0,-4.0,station
2026-01-15,-1.7,-2.5,-2.8,-4.5,-5.6,-3.1,-3.7,-4.7,-4.8,-5.3,-3.42,1.59,0.9,92,100,20.6,0.49,2.8,0.2552,0.9669,-3.7,-3.0,-3.0,station
2026-01-16,-1.2,-1.8,-1.1,-1.3,-2.3,-1.5,-1.9,-0.5,-1.6,-3.4,-1.54,0.5,0.24,94,100,17.1,0.72,0.2,0.2718,0.9624,-1.8,-1.0,-1.0,station
2026-01-17,-0.3,-1.5,-0.7,-0.8,-1.6,-0.1,-1.5,-0.3,-0.2,-1.3,-0.98,0.55,-0.3,94,100,17.2,0.49,0.0,0.2883,0.9575,-0.8,-1.0,-1.0,station
2026-01-18,0.8,-0.4,0.6,0.2,0.7,0.8,-0.8,0.6,0.3,0.6,0.38,0.49,0.08,97,100,11.4,0.55,0.0,0.3047,0.9524,0.5,0.0,0.0,station
2026-01-19,0.1,-1.1,-0.4,-0.2,-1.4,-0.0,-1.2,0.1,-0.1,-0.9,-0.6,0.63,-0.18,96,100,7.6,0.73,0.0,0.3211,0.9471,-0.3,0.0,0.0,station
2026-01-20,-3.7,-2.8,-1.0,-3.6,-3.3,-1.7,-2.2,-0.5,-2.2,-2.7,-2.88,1.11,-1.02,94,99,6.3,1.21,0.0,0.3373,0.9414,-3.0,-3.0,-3.0,station
2026-01-21,-1.8,-1.9,-2.0,-2.3,-3.3,-1.7,-2.0,-2.1,-2.8,-3.8,-2.26,0.61,0.22,95,100,13.4,0.72,0.0,0.3534,0.9355,-1.6,-2.0,-2.0,station
2026-01-22,-3.6,-4.1,-4.2,-4.4,-4.9,-3.2,-3.7,-3.7,-4.0,-4.7,-4.24,0.47,-0.38,90,100,14.5,0.73,0.0,0.3695,0.9292,-5.0,-4.0,-4.0,station
2026-01-23,-7.5,-7.2,-8.8,-8.4,-7.9,-8.9,-8.5,-9.7,-8.8,-8.6,-7.96,0.65,0.94,86,100,14.1,1.0,0.0,0.3854,0.9227,-8.5,-8.0,-8.0,station
2026-01-24,-7.6,-9.4,-8.4,-8.7,-7.8,-7.8,-8.2,-6.7,-8.1,-8.6,-8.38,0.72,-0.5,88,100,8.1,0.97,0.0,0.4012,0.916,-7.8,-8.0,-8.0,station
2026-01-25,-8.4,-9.2,-7.2,-8.5,-10.1,-8.8,-9.4,-7.5,-9.2,-10.0,-8.68,1.07,0.3,91,100,8.9,1.06,0.2,0.4169,0.9089,-8.5,-8.0,-8.0,station
2026-01-26,-5.2,-7.3,-6.9,-7.8,-6.1,-6.3,-8.1,-7.5,-8.8,-9.4,-6.66,1.03,1.36,92,94,10.3,2.06,1.2,0.4325,0.9016,-7.7,-7.0,-7.0,station
2026-01-27,-8.1,-9.4,-8.0,-9.7,-11.8,-9.8,-10.0,-8.7,-11.0,-12.6,-9.4,1.54,1.02,87,99,10.1,1.74,0.0,0.4479,0.8941,-6.5,-7.0,-7.0,station
2026-01-28,-10.1,-10.1,-9.3,-9.9,-12.5,-11.0,-10.7,-9.8,-9.7,-11.6,-10.38,1.23,0.18,88,100,11.9,1.35,0.0,0.4633,0.8862,-10.1,-10.0,-10.0,station
2026-01-29,-10.2,-11.9,-10.8,-12.7,-12.7,-11.9,-13.0,-9.9,-11.9,-12.4,-11.66,1.13,0.16,85,100,12.2,1.57,0.0,0.4784,0.8781,-10.9,-11.0,-11.0,station
2026-01-30,-13.3,-14.2,-9.7,-14.3,-16.4,-14.4,-14.6,-9.7,-15.9,-16.8,-13.58,2.45,0.7,83,37,9.6,3.13,0.0,0.4935,0.8698,-15.0,-12.0,-12.0,station
2026-01-31,-12.5,-15.2,-12.8,-14.8,-17.4,-13.5,-16.2,-12.8,-15.2,-15.8,-14.54,1.99,0.16,82,94,9.1,2.75,0.0,0.5084,0.8611,-14.7,-15.0,-15.0,station
2026-02-01,-15.9,-17.4,-13.1,-16.2,-17.3,-15.9,-17.6,-12.4,-14.8,-18.0,-15.98,1.74,-0.24,81,72,9.4,2.43,0.0,0.5231,0.8523,-15.8,-16.0,-16.0,station
2026-02-02,-12.7,-14.5,-10.6,-13.0,-14.3,-12.8,-14.8,-10.4,-12.5,-13.9,-13.02,1.56,-0.14,73,2,17.8,3.56,0.0,0.5377,0.8432,-13.1,-12.0,-12.0,station
2026-02-03,-12.7,-11.7,-8.6,-12.3,-14.6,-11.9,-11.6,-8.8,-12.3,-14.4,-11.98,2.18,-0.18,80,33,15.8,3.73,0.0,0.5521,0.8338,-12.1,-10.0,-10.0,station
2026-02-04,-10.0,-11.0,-8.8,-10.5,-14.1,-11.9,-12.7,-8.0,-13.6,-15.1,-10.88,1.98,1.38,83,87,12.0,1.77,0.0,0.5664,0.8242,-11.1,-11.0,-11.0,station
2026-02-05,-10.6,-12.1,-10.1,-11.1,-11.5,-10.7,-13.4,-9.4,-10.1,-11.8,-11.08,0.78,0.0,86,100,9.9,2.18,0.0,0.5805,0.8143,-11.1,-11.0,-11.0,station
2026-02-06,-12.6,-12.7,-9.5,-12.8,-13.8,-12.7,-11.6,-10.1,-11.7,-13.5,-12.28,1.63,-0.36,82,67,11.9,2.33,0.0,0.5944,0.8042,-11.9,-12.0,-12.0,station
2026-02-07,-10.9,-12.5,-7.3,-12.0,-14.0,-10.3,-11.8,-7.6,-10.0,-14.2,-11.34,2.52,-0.56,81,44,12.9,3.22,0.0,0.6081,0.7938,-10.4,-10.0,-10.0,station
2026-02-08,-10.8,-11.2,-6.7,-11.0,-11.7,-11.9,-12.1,-7.4,-10.6,-12.3,-10.28,2.03,0.58,87,100,9.9,2.64,0.0,0.6217,0.7833,-10.5,-8.0,-8.0,station
2026-02-09,-5.0,-4.3,-3.4,-5.8,-5.5,-4.7,-3.9,-3.4,-5.4,-5.1,-4.8,0.97,-0.3,89,100,19.8,2.16,0.0,0.6351,0.7725,-5.2,-4.0,-4.0,station
2026-02-10,-5.0,-5.8,-4.9,-5.9,-5.8,-6.3,-6.8,-5.5,-6.7,-6.0,-5.48,0.49,0.78,91,100,10.6,2.02,0.8,0.6483,0.7614,-5.0,-4.0,-4.0,station
2026-02-11,-5.0,-6.1,-6.3,-6.0,-5.9,-5.6,-6.8,-3.0,-5.8,-6.7,-5.86,0.5,-0.28,93,100,10.6,1.48,3.4,0.6613,0.7502,-4.0,-4.0,-4.0,station
2026-02-12,-6.4,-6.9,-6.6,-8.3,-6.5,-6.5,-8.2,-6.8,-7.9,-7.2,-6.94,0.78,0.38,89,100,11.8,2.3,4.1,0.6741,0.7387,-5.4,-6.0,-6.0,station
2026-02-13,-11.8,-11.9,-10.3,-12.5,-7.8,-10.8,-11.9,-10.1,-13.8,-9.4,-10.86,1.89,0.34,83,52,13.2,5.13,0.0,0.6867,0.727,-12.0,-12.0,-12.0,station
2026-02-14,-13.8,-12.1,-9.6,-12.4,-11.0,-14.3,-12.3,-9.7,-12.3,-10.1,-11.78,1.58,-0.04,79,6,12.2,5.59,0.0,0.6991,0.715,-12.7,-12.0,-12.0,station
2026-02-15,-8.6,-8.7,-5.8,-8.8,-10.7,-9.2,-8.8,-5.5,-9.1,-10.4,-8.52,1.75,0.08,88,77,7.8,3.29,0.0,0.7113,0.7029,-9.2,-8.0,-8.0,station
2026-02-16,-9.4,-8.7,-5.9,-10.5,-9.6,-12.2,-9.2,-5.2,-8.7,-9.8,-8.82,1.75,0.2,90,100,5.2,3.21,0.0,0.7233,0.6906,-7.8,-8.0,-8.0,station
2026-02-17,-8.8,-7.9,-6.7,-7.4,-6.5,-7.0,-7.8,-7.6,-7.3,-8.9,-7.46,0.93,0.26,88,68,9.6,5.19,0.0,0.735,0.678,-6.2,-5.0,-5.0,station
2026-02-18,-11.5,-10.3,-9.1,-10.8,-9.7,-11.7,-10.0,-9.7,-11.2,-11.0,-10.28,0.93,0.44,85,91,13.1,5.66,0.0,0.7466,0.6653,-8.9,-8.0,-8.0,station
2026-02-19,-9.6,-9.7,-7.9,-10.2,-8.9,-11.5,-9.8,-7.8,-10.8,-9.6,-9.26,0.89,0.64,84,95,12.6,3.24,0.2,0.7579,0.6523,-10.1,-10.0,-10.0,station
2026-02-20,-7.2,-7.9,-4.7,-6.3,-6.5,-7.9,-7.2,-5.3,-7.1,-6.9,-6.52,1.2,0.36,79,33,19.9,6.16,0.0,0.769,0.6392,-5.1,-4.0,-4.0,station
2026-02-21,-1.8,-1.2,-1.6,-2.5,-0.9,-1.6,-1.7,-1.8,-3.0,-1.0,-1.6,0.61,0.22,83,100,22.3,1.98,1.3,0.7799,0.6259,-0.9,-1.0,-1.0,station
2026-02-22,-2.8,-2.8,-3.0,-3.6,-3.1,-1.8,-2.5,-1.4,-2.3,-1.6,-3.06,0.33,-1.14,85,63,24.9,4.83,4.7,0.7906,0.6124,-2.1,-3.0,-3.0,station
2026-02-23,-9.0,-5.8,-3.7,-6.2,-4.6,-8.7,-5.2,-3.6,-5.1,-5.0,-5.86,2.01,-0.34,92,89,12.6,4.1,0.0,0.801,0.5987,-5.2,-5.0,-5.0,station
2026-02-24,-4.0,-3.5,-2.9,-4.3,-3.1,-6.0,-4.2,-4.5,-5.4,-5.0,-3.56,0.59,1.46,86,100,13.3,4.76,0.0,0.8112,0.5848,-3.5,-3.0,-3.0,station
2026-02-25,-9.2,-5.8,-4.8,-4.6,-4.6,-9.8,-5.3,-3.3,-6.1,-4.2,-5.8,1.96,-0.06,86,100,12.9,6.46,0.0,0.8211,0.5708,-4.3,-3.0,-3.0,station
2026-02-26,1.2,0.8,0.6,-0.5,0.2,1.0,0.6,0.7,-0.7,-0.5,0.46,0.65,0.24,85,100,25.3,1.07,8.0,0.8308,0.5566,1.4,1.0,1.0,station
2026-02-27,2.3,2.0,1.2,1.5,3.7,2.1,2.0,1.2,1.6,2.8,2.14,0.97,0.2,95,100,24.3,1.95,0.6,0.8402,0.5422,3.0,2.0,2.0,station
2026-02-28,1.8,2.1,1.6,2.6,3.5,2.2,2.5,2.1,2.5,3.9,2.32,0.76,-0.32,96,100,9.6,3.41,0.1,0.8495,0.5277,3.6,3.0,3.0,station
2026-03-01,1.3,2.1,1.4,1.5,2.1,1.0,1.3,0.9,1.1,1.9,1.68,0.39,0.44,98,100,12.1,2.15,2.4,0.8584,0.513,2.0,2.0,2.0,station
2026-03-02,2.1,1.9,1.4,1.6,2.4,1.8,2.1,1.2,1.2,2.4,1.88,0.4,0.14,93,97,12.5,3.37,0.3,0.8671,0.4981,1.9,2.0,2.0,station
2026-03-03,2.4,2.2,1.8,1.1,2.1,1.9,1.9,1.7,0.6,2.6,1.92,0.51,0.18,94,87,22.2,2.11,1.4,0.8755,0.4831,2.7,3.0,3.0,station
2026-03-04,3.1,4.5,2.9,2.9,3.8,3.3,4.6,2.9,3.4,3.3,3.44,0.7,-0.06,80,48,24.8,6.81,0.0,0.8837,0.468,4.0,4.0,4.0,station
2026-03-05,3.1,5.9,3.5,4.2,4.9,2.9,5.7,3.4,4.1,4.7,4.32,1.12,0.16,82,20,23.5,9.14,0.0,0.8916,0.4527,5.1,7.0,7.0,station
2026-03-06,1.9,4.8,3.4,2.7,3.4,1.5,4.1,3.3,2.4,3.7,3.24,1.07,0.24,89,33,15.5,9.08,0.0,0.8993,0.4373,4.5,7.0,7.0,station
2026-03-07,3.1,5.8,4.8,5.5,5.3,3.4,6.1,4.7,4.5,5.3,4.9,1.07,0.1,80,52,15.0,9.37,0.0,0.9067,0.4218,5.6,8.0,8.0,station
2026-03-08,3.7,4.7,5.0,5.9,6.0,4.1,5.0,5.6,5.5,6.4,5.06,0.94,-0.26,82,63,12.7,9.27,0.0,0.9138,0.4061,5.9,8.0,8.0,station
2026-03-09,2.4,3.1,3.9,4.2,3.5,3.1,3.5,4.9,4.1,3.3,3.42,0.7,-0.36,89,57,15.8,5.72,1.4,0.9207,0.3904,3.6,4.0,4.0,station
2026-03-10,3.4,6.7,4.3,5.3,5.9,2.9,5.6,4.3,5.3,5.7,5.12,1.3,0.36,88,7,15.4,10.15,0.0,0.9272,0.3745,6.1,9.0,9.0,station
2026-03-11,3.0,4.9,3.9,4.1,5.0,2.4,3.9,2.8,3.1,5.4,4.18,0.82,0.66,89,39,16.9,10.21,0.1,0.9335,0.3585,5.3,8.0,8.0,station
2026-03-12,3.9,3.8,4.1,3.7,4.1,3.1,3.7,3.3,3.9,4.1,3.92,0.18,0.3,97,94,17.5,3.41,1.0,0.9396,0.3424,4.1,5.0,5.0,station
2026-03-13,5.4,6.8,5.9,6.7,5.4,5.7,7.0,5.6,6.1,5.0,6.04,0.68,0.16,84,83,22.1,10.28,0.0,0.9453,0.3261,6.5,9.0,9.0,station
2026-03-14,7.6,10.3,7.3,8.4,8.6,7.2,9.4,6.3,7.4,8.0,8.44,1.17,0.78,81,87,20.1,9.98,0.0,0.9508,0.3098,9.6,11.0,11.0,station
2026-03-15,6.6,8.1,7.7,8.2,7.1,7.2,7.7,6.5,8.2,7.5,7.54,0.68,0.12,75,84,17.2,10.65,0.4,0.956,0.2934,8.3,10.0,10.0,station
2026-03-16,3.1,3.3,4.2,3.3,3.2,3.2,3.4,5.0,3.7,2.6,3.42,0.44,-0.16,92,100,12.3,5.18,1.0,0.9609,0.2769,4.1,4.0,4.0,station
2026-03-17,4.5,3.5,5.8,5.5,4.3,5.1,3.3,5.4,4.1,4.3,4.72,0.93,0.28,93,88,10.1,5.46,0.2,0.9655,0.2604,5.5,5.0,5.0,station
2026-03-18,1.4,1.0,5.4,1.8,1.1,1.4,1.4,5.8,3.2,2.7,2.14,1.85,-0.76,96,100,19.0,5.26,0.0,0.9698,0.2437,2.4,2.0,2.0,station
2026-03-19,4.1,3.8,7.2,7.7,6.6,4.8,3.0,8.1,7.2,7.0,5.88,1.81,-0.14,86,84,16.4,5.01,0.0,0.9739,0.227,6.7,6.0,6.0,station
2026-03-20,7.8,8.4,8.2,9.0,7.4,8.1,8.3,8.2,9.2,7.1,8.16,0.61,-0.02,69,14,10.9,12.61,0.0,0.9777,0.2102,9.8,10.0,10.0,station
2026-03-21,5.7,7.4,6.5,7.4,5.9,5.7,7.7,7.7,7.6,5.4,6.58,0.8,-0.24,72,18,18.9,12.5,0.0,0.9811,0.1934,7.8,10.0,10.0,station
2026-03-22,6.1,7.0,6.4,7.9,6.1,5.5,6.8,6.0,7.3,5.3,6.7,0.76,0.52,73,38,19.1,12.91,0.0,0.9843,0.1765,9.0,10.0,10.0,station
2026-03-23,5.5,6.6,6.5,6.9,5.0,5.7,6.8,6.6,6.3,4.9,6.1,0.81,0.04,80,29,19.6,12.82,0.5,0.9872,0.1595,7.5,9.0,9.0,station
2026-03-24,4.9,6.5,5.4,6.1,5.4,4.9,6.3,5.4,6.2,5.2,5.66,0.63,0.06,76,33,22.1,13.44,0.1,0.9898,0.1425,6.7,9.0,9.0,station
2026-03-25,7.3,8.3,7.9,8.1,6.7,6.6,7.9,7.8,6.3,6.3,7.66,0.65,0.68,85,100,21.1,3.65,2.3,0.9921,0.1255,8.3,10.0,10.0,station
2026-03-26,7.1,6.9,6.4,6.8,5.8,7.3,7.6,5.3,6.0,5.7,6.6,0.51,0.22,76,81,25.9,10.42,0.0,0.9941,0.1084,7.4,9.0,9.0,station
2026-03-27,7.7,7.6,8.2,8.2,7.5,7.3,7.4,8.8,9.5,8.3,7.84,0.34,-0.42,76,40,15.1,13.98,0.0,0.9958,0.0913,10.5,11.0,11.0,station
2026-03-28,6.2,5.4,6.9,6.6,5.3,6.5,6.3,6.1,6.2,5.1,6.08,0.71,0.04,81,14,16.0,14.06,0.0,0.9972,0.0741,5.7,4.0,4.0,station
2026-03-29,4.4,4.5,6.1,5.1,5.1,4.3,5.1,6.5,4.5,4.6,5.04,0.68,0.04,86,71,15.9,7.08,0.1,0.9984,0.057,5.2,6.0,6.0,station
2026-03-30,3.4,6.0,6.8,2.6,4.2,5.1,6.9,7.1,5.6,5.0,4.6,1.76,-1.34,89,74,11.4,11.09,0.0,0.9992,0.0398,4.2,6.0,6.0,station
2026-03-31,9.3,8.3,9.6,10.0,8.4,9.0,8.8,8.5,8.9,5.9,9.12,0.75,0.9,71,61,10.3,13.48,0.1,0.9997,0.0226,10.5,11.0,11.0,station
2026-04-01,5.3,5.4,8.7,6.4,8.0,7.5,5.9,8.7,7.5,8.9,6.76,1.53,-0.94,86,59,11.4,10.04,0.0,1.0,0.0054,8.3,7.0,7.0,station
2026-04-02,3.8,3.6,6.1,5.5,4.5,3.6,3.1,6.9,4.1,5.2,4.7,1.08,0.12,89,89,16.1,9.67,0.3,0.9999,-0.0118,8.4,5.0,5.0,station
2026-04-03,6.5,5.3,6.6,7.3,6.1,6.3,4.3,6.4,4.3,6.0,6.36,0.73,0.9,89,100,8.2,4.27,1.7,0.9996,-0.029,7.5,7.0,7.0,station
2026-04-04,4.6,3.3,3.9,4.5,3.8,4.2,3.1,5.9,3.8,3.1,4.02,0.54,-0.0,93,100,14.6,3.92,2.1,0.9989,-0.0462,5.1,4.0,4.0,station
2026-04-05,5.1,3.7,4.6,5.9,5.3,5.4,4.2,4.6,5.5,4.7,4.92,0.83,0.04,86,90,21.6,9.6,3.3,0.998,-0.0634,7.2,5.0,5.0,station
2026-04-06,3.7,3.7,3.5,4.6,3.9,4.1,4.0,4.7,5.9,3.4,3.88,0.43,-0.54,89,90,19.6,5.2,3.5,0.9968,-0.0805,5.3,5.0,5.0,station
2026-04-07,8.2,6.3,5.4,7.5,6.9,7.3,4.9,4.7,7.7,6.7,6.86,1.08,0.6,78,72,25.3,7.97,0.6,0.9952,-0.0977,9.2,8.0,8.0,station
2026-04-08,6.1,6.7,6.0,5.6,5.3,6.8,4.2,5.4,6.7,5.9,5.94,0.53,0.14,48,33,20.2,17.73,0.0,0.9934,-0.1148,7.0,8.0,8.0,station
2026-04-09,5.6,6.5,6.6,6.4,6.4,5.4,5.7,6.4,6.2,5.4,6.3,0.4,0.48,52,0,15.1,18.31,0.0,0.9913,-0.1319,8.4,8.0,8.0,station
2026-04-10,6.8,8.4,7.6,8.3,6.9,8.1,4.3,7.0,8.0,7.9,7.6,0.75,0.54,47,14,10.2,18.22,0.0,0.9889,-0.1489,9.9,10.0,10.0,station
2026-04-11,7.9,10.5,7.8,10.0,7.7,7.5,4.5,9.9,9.7,6.9,8.78,1.36,1.08,35,1,10.6,18.42,0.0,0.9861,-0.1659,11.4,11.0,11.0,station
2026-04-12,8.5,11.2,8.9,10.3,8.5,8.3,5.7,8.8,10.2,8.5,9.48,1.21,1.18,51,28,12.7,17.9,0.0,0.9831,-0.1828,11.5,11.0,11.0,station
2026-04-13,10.4,11.7,11.0,12.3,10.6,9.8,12.1,9.9,11.0,10.7,11.2,0.79,0.5,64,13,10.7,16.42,0.1,0.9799,-0.1997,12.5,12.0,12.0,station
2026-04-14,12.1,13.4,12.7,13.4,12.7,11.4,13.2,12.6,13.0,13.5,12.86,0.55,0.12,65,33,10.1,17.22,0.0,0.9763,-0.2165,13.7,14.0,14.0,station
2026-04-15,11.7,14.0,13.3,14.7,12.7,11.9,13.0,13.0,15.4,13.8,13.28,1.16,-0.14,59,43,11.8,18.23,0.0,0.9724,-0.2333,15.5,15.0,15.0,station
2026-04-16,12.9,12.6,9.5,13.4,12.8,11.2,11.1,10.2,12.6,13.7,12.24,1.56,0.48,71,96,14.4,6.11,0.6,0.9683,-0.25,13.0,12.0,12.0,station
2026-04-17,14.1,15.2,14.9,15.1,14.0,15.0,15.7,15.5,16.3,15.4,14.66,0.57,-0.92,53,84,14.9,18.4,0.5,0.9638,-0.2666,15.0,15.0,15.0,station
2026-04-18,9.5,11.4,11.8,12.0,12.0,9.5,11.6,11.7,13.1,12.3,11.34,1.06,-0.3,57,71,11.7,14.93,0.2,0.9591,-0.2831,12.9,12.0,12.0,station
2026-04-19,7.2,9.3,8.7,10.2,9.2,7.3,9.1,9.3,9.7,9.1,8.92,1.1,0.02,54,10,14.2,20.48,0.0,0.9541,-0.2996,10.4,10.0,10.0,station
2026-04-20,11.1,12.5,12.9,12.5,12.6,11.8,12.7,12.7,12.4,12.4,12.32,0.7,-0.08,44,18,14.4,20.66,0.0,0.9488,-0.316,13.0,13.0,13.0,station
2026-04-21,14.1,15.0,15.3,14.5,14.1,13.3,15.0,15.6,14.4,14.2,14.6,0.54,0.1,44,13,13.1,21.07,0.0,0.9432,-0.3322,14.9,15.0,15.0,station
2026-04-22,11.8,11.4,14.1,13.2,11.9,11.7,11.4,13.4,13.4,12.8,12.48,1.13,-0.06,55,48,27.9,15.28,0.0,0.9373,-0.3484,11.7,11.0,11.0,station
2026-04-23,9.7,9.0,9.3,8.8,9.0,9.6,9.3,10.2,10.9,8.9,9.16,0.35,-0.62,45,53,23.5,19.08,0.0,0.9312,-0.3645,9.5,9.0,9.0,station
2026-04-24,9.7,11.2,11.7,10.4,10.5,9.9,11.5,13.0,11.0,11.3,10.7,0.77,-0.64,52,68,22.7,20.06,0.0,0.9248,-0.3804,11.3,12.0,12.0,station
2026-04-25,8.0,7.9,8.5,10.2,7.7,4.4,5.9,9.2,8.6,5.1,8.46,1.02,1.82,69,96,25.0,10.98,3.5,0.9181,-0.3963,10.0,9.0,9.0,station
2026-04-26,6.9,6.6,7.5,5.8,5.5,7.7,6.4,7.3,6.8,5.1,6.46,0.81,-0.2,46,67,34.1,18.77,0.3,0.9112,-0.412,7.1,6.0,6.0,station
2026-04-27,8.1,8.1,9.1,8.8,8.4,7.8,8.2,8.7,8.6,8.4,8.5,0.44,0.16,49,22,22.9,21.02,2.5,0.9039,-0.4276,9.1,10.0,10.0,station
2026-04-28,7.5,7.1,7.9,7.0,7.5,6.6,7.1,8.1,6.9,6.7,7.4,0.36,0.32,50,53,25.5,14.01,0.0,0.8965,-0.4431,6.1,6.0,6.0,station
2026-04-29,9.6,8.8,9.8,9.0,8.7,8.5,8.6,10.2,9.5,8.7,9.18,0.49,0.08,42,81,16.4,21.61,0.0,0.8887,-0.4585,9.6,10.0,10.0,station
2026-04-30,14.3,13.2,15.9,14.9,14.4,13.1,12.7,15.3,14.0,13.3,14.54,0.98,0.86,61,92,15.3,9.72,0.0,0.8807,-0.4737,15.5,15.0,15.0,station
2026-05-01,16.9,18.5,21.3,19.9,19.2,17.6,18.2,20.8,20.2,19.5,19.16,1.63,-0.1,58,14,13.0,22.91,0.0,0.8724,-0.4888,20.8,21.0,21.0,station
2026-05-02,16.0,17.0,19.6,19.6,17.8,15.3,16.6,19.5,19.0,18.1,18.0,1.59,0.3,58,6,17.5,23.28,0.0,0.8639,-0.5037,21.1,21.0,21.0,station
2026-05-03,15.2,14.6,13.7,15.7,17.3,16.0,14.5,14.3,15.4,16.5,15.3,1.34,-0.04,66,72,15.7,14.82,0.6,0.8551,-0.5185,16.6,16.0,16.0,station
2026-05-04,10.5,9.0,9.6,10.7,9.7,11.6,9.0,9.5,9.5,9.6,9.9,0.7,0.06,69,83,16.7,9.49,3.4,0.846,-0.5331,13.3,13.0,13.0,station
2026-05-05,12.3,11.0,12.6,11.8,12.3,11.8,11.2,12.2,13.5,11.7,12.0,0.63,-0.08,64,40,22.3,21.33,0.8,0.8367,-0.5476,12.4,12.0,12.0,station
2026-05-06,10.8,11.3,10.8,12.2,11.2,10.7,11.2,11.6,12.7,11.4,11.26,0.57,-0.26,51,40,14.4,22.51,0.0,0.8272,-0.5619,11.9,11.0,11.0,station
2026-05-07,11.2,13.1,13.0,13.5,11.3,12.0,13.2,13.8,14.2,11.6,12.42,1.08,-0.54,41,67,16.0,22.24,0.0,0.8174,-0.5761,14.3,13.0,13.0,station
2026-05-08,13.7,14.3,15.6,14.8,14.6,13.6,14.4,15.6,15.1,13.2,14.6,0.7,0.22,42,6,13.0,25.13,0.0,0.8074,-0.59,15.3,15.0,15.0,station
2026-05-09,12.2,13.7,13.3,13.7,11.8,12.7,13.7,14.3,13.8,12.5,12.94,0.88,-0.46,44,97,12.9,20.44,0.0,0.7971,-0.6038,13.6,14.0,14.0,station
2026-05-10,12.8,13.3,11.7,13.4,11.6,11.0,12.1,11.6,12.4,11.4,12.56,0.86,0.86,50,84,15.0,21.59,0.0,0.7866,-0.6175,14.7,14.0,14.0,station
2026-05-11,13.6,13.4,12.7,14.2,13.8,13.7,13.3,12.3,14.5,14.2,13.54,0.55,-0.06,55,70,14.7,19.08,0.1,0.7759,-0.6309,15.6,14.0,14.0,station
2026-05-12,13.3,13.1,12.9,12.0,13.9,11.9,12.4,11.0,11.7,15.6,13.04,0.69,0.52,70,100,17.2,11.22,2.3,0.7649,-0.6442,14.4,15.0,15.0,station
2026-05-13,15.4,15.4,14.7,14.8,15.0,14.3,11.5,13.9,16.6,17.1,15.06,0.33,0.38,76,95,20.7,15.52,6.1,0.7537,-0.6572,19.3,18.0,18.0,station
2026-05-14,11.6,11.6,12.9,13.5,11.0,11.6,11.9,14.4,13.6,11.5,12.12,1.04,-0.48,76,56,19.9,19.54,2.6,0.7423,-0.6701,12.8,13.0,13.0,station
2026-05-15,14.3,16.5,15.4,15.1,14.1,16.3,16.8,18.0,16.4,13.8,15.08,0.96,-1.18,61,80,12.9,20.66,0.0,0.7306,-0.6828,16.6,16.0,16.0,station
2026-05-16,16.9,16.0,17.4,17.9,15.7,16.0,17.6,19.7,17.2,16.8,16.78,0.93,-0.68,60,84,13.3,15.98,0.0,0.7188,-0.6952,19.3,19.0,19.0,station
2026-05-17,14.3,14.8,15.3,15.5,14.1,14.8,15.6,15.2,15.5,13.6,14.8,0.61,-0.14,67,53,14.7,24.16,0.0,0.7067,-0.7075,15.5,16.0,16.0,station
2026-05-18,18.2,18.8,18.6,19.2,18.1,18.4,18.3,18.8,19.9,18.4,18.58,0.45,-0.18,59,66,10.6,22.4,0.1,0.6945,-0.7195,20.1,20.0,20.0,station
2026-05-19,19.5,19.7,19.3,19.6,20.0,18.6,19.1,19.8,19.6,18.7,19.62,0.26,0.46,73,80,16.9,13.13,6.4,0.682,-0.7314,23.9,23.0,23.0,station
2026-05-20,15.2,16.3,19.4,19.7,19.3,15.6,17.9,19.1,20.8,20.6,17.98,2.08,-0.82,77,74,10.4,15.36,0.0,0.6693,-0.743,18.8,16.0,16.0,station
2026-05-21,17.6,16.2,19.1,18.8,18.2,18.6,17.8,21.0,19.3,17.8,17.98,1.15,-0.92,79,92,10.3,13.49,1.7,0.6564,-0.7544,19.1,18.0,18.0,station
2026-05-22,18.1,15.9,16.8,17.4,16.0,14.5,13.8,15.4,16.1,13.8,16.84,0.93,2.12,85,85,14.1,13.62,9.9,0.6433,-0.7656,17.5,17.0,17.0,station
2026-05-23,20.6,22.7,23.8,23.3,22.4,19.9,21.9,23.1,22.7,22.3,22.56,1.22,0.58,65,33,19.6,24.36,0.0,0.6301,-0.7765,24.7,25.0,25.0,station
2026-05-24,19.3,18.9,18.2,19.0,18.0,18.0,17.9,16.9,17.8,15.9,18.68,0.55,1.38,64,47,27.7,22.94,1.9,0.6166,-0.7873,19.2,19.0,19.0,station
2026-05-25,16.9,17.4,17.0,17.2,15.9,16.8,17.4,17.3,16.6,15.6,16.88,0.58,0.14,49,53,26.5,24.01,0.0,0.603,-0.7978,17.7,18.0,18.0,station
2026-05-26,17.7,17.6,18.3,16.5,17.2,17.4,16.5,17.6,15.6,16.4,17.46,0.67,0.76,56,22,21.8,25.37,2.4,0.5892,-0.808,17.1,17.0,17.0,station
2026-05-27,13.7,13.0,15.5,14.4,11.8,15.1,12.8,14.4,14.9,12.4,13.68,1.4,-0.24,71,67,25.8,19.91,4.7,0.5752,-0.818,13.6,14.0,14.0,station
2026-05-28,14.7,14.0,14.7,15.2,13.8,15.0,14.9,14.8,15.7,13.8,14.48,0.57,-0.36,47,61,28.7,23.99,0.3,0.561,-0.8278,15.0,16.0,16.0,station
2026-05-29,18.4,18.3,18.6,17.2,17.6,17.8,18.3,17.3,17.7,16.4,18.02,0.59,0.52,48,37,24.1,21.0,0.0,0.5467,-0.8373,17.5,17.0,17.0,station
2026-05-30,20.8,21.8,22.0,21.1,20.7,20.0,21.1,21.2,19.6,21.0,21.28,0.59,0.7,47,3,15.1,29.15,0.0,0.5322,-0.8466,21.8,23.0,23.0,station
2026-05-31,14.9,14.9,15.6,13.0,16.5,15.3,14.8,13.8,15.4,16.6,14.98,1.29,-0.2,74,86,10.8,12.23,0.0,0.5176,-0.8556,14.7,14.0,14.0,station
2026-06-01,14.6,17.0,17.9,17.5,17.7,15.9,17.4,18.0,18.0,16.9,16.94,1.35,-0.3,71,74,8.5,19.37,0.0,0.5028,-0.8644,16.1,16.0,16.0,station
2026-06-02,17.5,18.5,19.1,19.8,19.0,18.1,18.7,20.4,19.6,19.0,18.78,0.85,-0.38,63,75,14.2,21.58,0.6,0.4878,-0.8729,19.9,21.0,21.0,station
2026-06-03,19.2,21.1,21.8,21.4,20.4,18.4,21.0,21.6,20.8,19.4,20.78,1.02,0.54,61,6,10.7,27.63,0.0,0.4728,-0.8812,22.5,22.0,22.0,station
2026-06-04,21.2,23.4,23.4,23.1,23.1,20.8,23.3,23.1,23.0,21.7,22.84,0.93,0.46,60,30,14.7,26.19,0.0,0.4575,-0.8892,25.5,24.0,24.0,station
2026-06-05,19.0,20.0,20.5,19.6,21.6,21.7,21.1,22.7,22.9,20.9,20.14,0.98,-1.72,71,94,14.3,15.04,3.9,0.4422,-0.8969,20.7,19.0,19.0,station
2026-06-06,16.5,17.3,15.8,17.2,,16.5,18.0,15.4,15.9,20.9,16.7,0.7,-0.64,92,91,20.6,13.1,12.8,0.4267,-0.9044,18.6,19.0,19.0,station
2026-06-07,18.4,19.9,20.2,19.7,,18.7,19.7,20.5,20.7,19.9,19.55,0.79,-0.35,76,14,16.1,27.21,0.2,0.4111,-0.9116,20.3,20.0,20.0,station
2026-06-08,19.6,22.0,22.1,21.9,,20.0,22.0,22.9,21.1,21.3,21.4,1.2,-0.06,59,69,9.6,26.42,0.0,0.3953,-0.9185,22.8,23.0,23.0,station
2026-06-09,17.6,16.6,15.5,17.3,,20.1,16.5,21.8,18.5,20.1,16.75,0.93,-2.65,79,95,12.7,9.99,7.9,0.3795,-0.9252,20.5,18.0,18.0,station
2026-06-10,16.6,18.1,18.6,19.0,15.9,17.0,17.7,18.3,18.6,17.7,17.64,1.33,-0.22,76,57,19.9,25.48,0.8,0.3635,-0.9316,18.9,18.0,18.0,station
2026-06-11,15.9,16.1,17.7,16.2,17.4,15.7,16.5,18.3,16.8,17.7,16.66,0.83,-0.34,75,96,17.3,17.2,8.7,0.3474,-0.9377,18.1,17.0,17.0,station
2026-06-12,16.9,16.5,18.3,18.1,16.5,16.8,16.8,17.4,18.6,17.6,17.26,0.88,-0.18,79,91,21.5,16.09,7.1,0.3312,-0.9436,17.2,17.0,17.0,station
2026-06-13,15.7,16.1,18.1,15.9,16.6,15.7,16.9,17.0,16.1,17.0,16.48,0.97,-0.06,87,100,18.8,7.91,11.8,0.3149,-0.9491,15.6,15.0,15.0,station
2026-06-14,15.1,15.1,16.4,15.3,14.9,15.4,15.7,15.3,16.0,15.0,15.36,0.6,-0.12,84,81,20.3,17.5,10.7,0.2986,-0.9544,15.1,15.0,15.0,station
2026-06-15,15.1,16.4,17.7,17.0,16.3,15.5,16.5,18.0,17.2,16.8,16.5,0.96,-0.3,91,64,13.5,17.18,7.4,0.2821,-0.9594,16.8,17.0,17.0,station
2026-06-16,18.0,18.8,19.7,19.3,20.2,17.9,17.1,20.0,20.4,19.9,19.2,0.85,0.14,73,89,12.2,24.11,0.2,0.2656,-0.9641,20.7,21.0,21.0,station
2026-06-17,18.1,17.1,20.2,16.2,18.2,19.6,18.4,21.4,18.9,17.9,17.96,1.49,-1.28,88,99,22.4,6.43,12.8,0.2489,-0.9685,15.6,16.0,16.0,station
2026-06-18,20.4,20.8,22.8,21.2,22.3,20.5,20.9,21.9,21.8,23.3,21.5,1.01,-0.18,64,52,16.1,24.81,0.0,0.2322,-0.9727,21.8,22.0,22.0,station
2026-06-19,20.6,22.5,23.3,22.3,23.4,20.1,21.9,23.1,21.5,23.9,22.42,1.13,0.32,63,38,11.7,26.93,0.0,0.2155,-0.9765,22.4,24.0,24.0,station
2026-06-20,20.9,23.0,23.1,22.2,23.7,20.5,22.6,23.8,22.6,23.6,22.58,1.08,-0.04,71,36,18.2,28.0,0.0,0.1986,-0.9801,23.2,24.0,24.0,station
2026-06-21,23.5,25.1,25.8,25.5,26.7,23.6,24.9,24.9,25.6,26.8,25.32,1.18,0.16,70,45,15.9,26.99,1.3,0.1818,-0.9833,26.4,27.0,27.0,station
2026-06-22,22.1,22.6,22.2,22.3,22.4,22.5,22.5,22.5,22.0,22.2,22.32,0.19,-0.02,55,23,17.1,28.35,0.0,0.1648,-0.9863,22.1,23.0,23.0,station
2026-06-23,19.4,20.4,20.0,19.6,19.8,19.7,20.5,20.5,20.3,20.2,19.84,0.38,-0.4,54,59,17.9,27.09,0.0,0.1478,-0.989,19.5,19.0,19.0,station
2026-06-24,17.3,18.1,16.0,18.0,19.2,17.0,17.5,14.4,17.6,16.9,17.72,1.18,1.04,76,73,10.8,14.72,9.5,0.1308,-0.9914,18.3,19.0,19.0,station
2026-06-25,19.8,21.0,19.8,21.0,21.4,19.9,20.1,20.6,19.6,21.4,20.6,0.75,0.28,70,45,13.9,24.87,2.1,0.1137,-0.9935,21.4,21.0,21.0,station
2026-06-26,22.2,22.9,23.4,23.3,23.0,22.2,22.7,22.9,22.6,23.0,22.96,0.47,0.28,72,62,17.1,21.09,0.7,0.0966,-0.9953,22.5,23.0,23.0,station
2026-06-27,23.2,25.1,25.7,25.4,26.0,22.3,24.6,25.9,22.0,26.9,25.08,1.1,0.74,71,48,13.0,27.59,1.6,0.0795,-0.9968,24.8,25.0,25.0,station
2026-06-28,23.7,22.2,24.6,22.4,24.0,24.3,22.3,26.1,25.8,26.4,23.38,1.04,-1.6,80,72,16.5,19.02,7.5,0.0623,-0.9981,22.7,24.0,24.0,station
2026-06-29,23.9,26.0,27.3,27.3,28.6,24.7,26.0,28.7,27.6,28.8,26.62,1.78,-0.54,77,34,11.3,27.77,0.0,0.0451,-0.999,26.7,27.0,27.0,station
2026-06-30,25.2,26.0,27.1,26.3,26.1,25.1,26.0,26.0,26.6,25.2,26.14,0.68,0.36,69,33,15.1,26.02,1.8,0.028,-0.9996,24.9,26.0,26.0,station
2026-07-01,22.0,24.0,23.5,24.1,23.1,22.5,23.9,23.4,22.9,22.6,23.34,0.85,0.28,60,78,12.3,24.9,0.0,0.0108,-0.9999,24.6,24.0,24.0,station
2026-07-02,20.1,18.6,20.1,18.4,19.8,19.3,18.7,18.3,18.7,17.6,19.4,0.83,0.88,84,87,11.6,16.6,7.8,-0.0065,-1.0,19.8,20.0,20.0,station
2026-07-03,17.1,18.0,16.7,17.2,19.2,17.7,17.8,18.8,17.5,16.8,17.64,0.99,-0.08,91,79,15.9,15.02,11.2,-0.0237,-0.9997,18.2,18.0,18.0,station
2026-07-04,18.5,18.7,20.5,19.3,20.2,19.4,18.2,19.1,18.9,16.8,19.44,0.89,0.96,87,85,11.6,20.27,2.9,-0.0408,-0.9992,19.8,20.0,20.0,station
2026-07-05,16.6,17.8,15.4,18.4,18.3,17.9,18.4,19.7,19.3,18.7,17.3,1.28,-1.5,95,93,12.9,14.26,13.5,-0.058,-0.9983,17.3,16.0,16.0,station
2026-07-06,17.8,15.3,15.9,17.1,17.8,16.9,15.5,15.4,16.9,16.6,16.78,1.13,0.52,89,60,22.3,20.75,9.5,-0.0752,-0.9972,15.3,17.0,17.0,station
2026-07-07,16.6,16.1,16.8,15.4,16.4,15.9,15.9,16.5,16.1,16.2,16.26,0.55,0.14,88,93,17.3,13.92,11.9,-0.0923,-0.9957,16.0,16.0,16.0,station
2026-07-08,17.7,17.9,16.8,18.1,17.5,17.4,16.8,17.1,17.4,19.0,17.6,0.5,0.06,82,97,13.3,12.83,0.9,-0.1094,-0.994,18.9,19.0,19.0,station
2026-07-09,18.0,16.6,19.6,18.4,18.3,19.7,17.0,18.3,19.9,19.5,18.18,1.07,-0.7,84,76,19.2,12.89,3.7,-0.1265,-0.992,18.1,18.0,18.0,station
2026-07-10,20.3,22.0,21.5,22.1,21.8,20.8,21.7,21.6,22.2,21.7,21.54,0.73,-0.06,77,56,9.7,25.7,0.2,-0.1436,-0.9896,21.5,22.0,22.0,station
2026-07-11,27.2,27.1,28.7,28.1,27.8,27.1,26.2,27.5,27.4,27.4,27.78,0.66,0.66,75,74,17.4,20.08,2.1,-0.1606,-0.987,26.8,27.0,27.0,station
2026-07-12,27.1,26.3,31.1,27.1,29.0,28.2,26.1,30.1,25.7,28.8,28.12,1.94,0.34,82,56,13.8,23.27,1.8,-0.1775,-0.9841,27.8,27.0,27.0,station
2026-07-13,22.7,22.6,24.1,23.8,24.6,23.6,24.3,25.6,24.5,25.4,23.56,0.88,-1.12,76,73,17.2,18.5,0.0,-0.1944,-0.9809,21.3,20.0,20.0,station
2026-07-14,22.1,23.4,25.5,21.7,24.1,23.9,23.1,25.2,23.2,25.4,23.36,1.54,-0.8,69,31,11.0,24.98,0.0,-0.2113,-0.9774,22.8,23.0,23.0,station
2026-07-15,25.6,26.2,26.5,24.9,24.7,25.6,26.5,27.4,25.2,25.8,25.58,0.79,-0.52,68,58,13.3,25.51,0.0,-0.2281,-0.9736,25.4,26.0,26.0,station
2026-07-16,20.6,22.1,21.2,21.7,21.9,21.0,22.2,22.0,22.4,21.8,21.5,0.6,-0.38,67,24,12.3,21.29,0.0,-0.2448,-0.9696,22.7,22.0,22.0,station
2026-07-17,23.3,24.3,24.3,23.5,23.4,22.9,24.1,24.8,23.3,23.7,23.76,0.5,0.0,67,8,12.7,27.33,0.0,-0.2614,-0.9652,24.5,24.0,24.0,station
2026-07-18,23.4,24.0,23.7,24.2,23.4,23.4,24.7,22.3,24.7,23.5,23.74,0.36,0.02,73,87,22.0,19.99,3.2,-0.278,-0.9606,25.8,26.0,26.0,station
2026-07-19,20.8,19.2,19.7,20.5,18.5,19.8,19.3,18.7,21.6,20.7,19.74,0.94,-0.28,82,94,22.0,14.17,0.5,-0.2945,-0.9557,18.4,20.0,20.0,station
2026-07-20,20.9,19.5,21.2,19.7,20.3,20.7,19.1,19.8,19.7,19.6,20.32,0.74,0.54,62,95,18.8,20.69,0.0,-0.3109,-0.9505,19.9,20.0,20.0,station
2026-07-21,15.3,15.2,13.6,13.6,15.9,15.5,14.9,12.5,15.8,16.4,14.72,1.06,-0.3,76,100,19.9,8.78,3.9,-0.3272,-0.945,14.0,13.0,13.0,station
2026-07-22,16.4,18.3,17.1,18.2,17.8,15.7,15.2,15.9,12.7,19.3,17.56,0.8,1.8,75,97,12.1,17.01,2.9,-0.3434,-0.9392,18.8,19.0,19.0,station
2026-07-23,17.5,18.4,18.1,18.9,19.9,17.9,18.7,17.4,18.8,19.8,18.56,0.9,0.04,89,77,10.4,14.39,7.0,-0.3595,-0.9332,18.5,20.0,20.0,station
2026-07-24,18.4,20.4,19.5,18.9,19.3,18.5,20.2,20.1,19.6,20.3,19.3,0.74,-0.44,79,73,12.7,22.36,0.4,-0.3755,-0.9268,19.9,21.0,21.0,station
2026-07-25,18.4,18.3,19.9,18.9,19.1,18.8,18.6,21.4,18.4,19.5,18.92,0.64,-0.42,78,93,20.1,17.61,1.7,-0.3914,-0.9202,19.1,19.0,19.0,station
2026-07-26,17.8,18.2,17.0,18.0,17.8,18.8,20.2,18.5,19.4,18.5,17.76,0.46,-1.32,89,96,18.0,10.29,5.2,-0.4071,-0.9134,19.6,19.0,19.0,station
2026-07-27,19.6,19.5,18.5,19.6,19.3,18.8,19.3,18.0,19.3,19.3,19.3,0.46,0.36,89,86,14.4,15.11,7.3,-0.4228,-0.9062,20.2,20.0,20.0,station
2026-07-28,18.1,18.5,17.3,19.8,18.5,19.2,19.3,18.7,18.6,19.1,18.44,0.9,-0.54,81,66,17.5,18.89,4.0,-0.4383,-0.8988,18.6,,,
