datum,p1_ifs,p1_aifs,p1_gfs,p1_icon,p1_gem,p2_ifs,p2_aifs,p2_gfs,p2_icon,p2_gem,mm_gem,mm_spreiding,run2run,rh_gem,bewolking_gem,wind_max,instraling_som,neerslag_som,doy_sin,doy_cos,era5_max,station_max,doel,doelbron
2023-11-01,,,9.7,,,,,9.9,,,,,,68,61,22.5,6.98,2.0,-0.8606,0.5093,9.2,10.0,10.0,station
2023-11-02,,,10.1,,,,,10.2,,,,,,66,6,12.1,12.65,0.0,-0.8517,0.524,9.6,10.0,10.0,station
2023-11-03,,,13.8,,,,,13.8,,,,,,71,6,18.8,12.6,0.0,-0.8426,0.5386,12.5,13.3,13.3,station
2023-11-04,,,15.0,,,,,15.6,,,,,,75,87,11.8,8.87,0.0,-0.8332,0.553,14.5,16.1,16.1,station
2023-11-05,,,17.3,,,,,17.4,,,,,,76,50,10.8,7.05,0.0,-0.8235,0.5672,16.5,17.8,17.8,station
2023-11-06,,,13.4,,,,,13.6,,,,,,73,57,11.9,10.92,0.0,-0.8137,0.5813,12.3,13.3,13.3,station
2023-11-07,,,20.1,,,,,18.7,,,,,,76,65,21.6,7.31,6.6,-0.8035,0.5952,19.9,18.9,18.9,station
2023-11-08,,,10.4,,,,,11.8,,,,,,58,44,19.3,11.92,0.0,-0.7932,0.609,11.0,12.2,12.2,station
2023-11-09,,,15.6,,,,,16.5,,,,,,79,43,12.6,4.74,0.6,-0.7826,0.6225,15.7,14.4,14.4,station
2023-11-10,,,11.7,,,,,11.8,,,,,,78,69,17.0,2.45,0.1,-0.7718,0.6359,10.7,12.2,12.2,station
2023-11-11,,,11.5,,,,,10.8,,,,,,71,21,18.1,9.82,0.0,-0.7607,0.6491,12.0,12.8,12.8,station
2023-11-12,,,8.2,,,,,8.6,,,,,,68,24,13.0,10.66,0.0,-0.7494,0.6621,6.9,7.2,7.2,station
2023-11-13,,,9.7,,,,,11.0,,,,,,73,25,13.4,10.49,0.0,-0.7379,0.6749,8.2,8.9,8.9,station
2023-11-14,,,10.5,,,,,10.8,,,,,,71,23,26.9,8.11,0.0,-0.7262,0.6875,11.0,11.7,11.7,station
2023-11-15,,,11.1,,,,,10.2,,,,,,79,54,14.7,9.98,0.0,-0.7143,0.6998,10.1,11.7,11.7,station
2023-11-16,,,16.7,,,,,16.4,,,,,,76,15,12.8,10.72,0.0,-0.7021,0.712,17.3,18.3,18.3,station
2023-11-17,,,17.5,,,,,17.6,,,,,,83,69,18.7,9.08,0.0,-0.6898,0.724,18.1,18.9,18.9,station
2023-11-18,,,14.5,,,,,14.2,,,,,,70,48,24.3,8.76,1.0,-0.6772,0.7358,13.0,16.1,16.1,station
2023-11-19,,,12.4,,,,,12.5,,,,,,62,4,19.8,10.44,0.0,-0.6645,0.7473,12.2,13.3,13.3,station
2023-11-20,,,7.0,,,,,7.2,,,,,,59,36,17.7,10.69,0.0,-0.6515,0.7586,6.6,7.2,7.2,station
2023-11-21,,,9.0,,,,,8.4,,,,,,70,84,26.4,4.13,7.0,-0.6384,0.7697,8.1,8.9,8.9,station
2023-11-22,,,16.3,,,,,14.6,,,,,,85,80,35.1,7.65,23.2,-0.625,0.7806,14.0,12.2,12.2,station
2023-11-23,,,11.1,,,,,11.5,,,,,,70,19,21.1,9.96,0.0,-0.6115,0.7912,10.9,11.7,11.7,station
2023-11-24,,,8.4,,,,,8.4,,,,,,62,36,22.5,9.71,0.0,-0.5978,0.8016,9.6,10.0,10.0,station
2023-11-25,,,5.2,,,,,5.2,,,,,,64,41,15.8,8.91,0.0,-0.584,0.8118,3.9,5.0,5.0,station
2023-11-26,,,9.8,,,,,10.0,,,,,,79,94,33.0,5.64,6.0,-0.5699,0.8217,10.6,12.8,12.8,station
2023-11-27,,,12.2,,,,,10.6,,,,,,74,39,36.3,7.87,9.2,-0.5557,0.8314,13.1,11.1,11.1,station
2023-11-28,,,2.9,,,,,3.1,,,,,,45,7,28.6,9.24,0.0,-0.5413,0.8408,3.6,4.4,4.4,station
2023-11-29,,,2.8,,,,,2.9,,,,,,56,29,22.9,9.41,0.0,-0.5268,0.85,2.5,2.8,2.8,station
2023-11-30,,,8.2,,,,,8.1,,,,,,61,32,17.5,9.52,0.0,-0.5121,0.859,9.3,10.6,10.6,station
2023-12-01,,,8.7,,,,,8.7,,,,,,83,87,12.0,3.83,5.6,-0.4972,0.8676,8.2,9.4,9.4,station
2023-12-02,,,13.2,,,,,11.6,,,,,,91,98,14.9,7.14,0.0,-0.4822,0.8761,16.2,14.4,14.4,station
2023-12-03,,,10.2,,,,,11.0,,,,,,96,100,18.5,1.08,14.6,-0.4671,0.8842,10.0,10.6,10.6,station
2023-12-04,,,10.1,,,,,11.2,,,,,,78,61,21.3,7.07,0.0,-0.4518,0.8921,10.8,11.1,11.1,station
2023-12-05,,,6.3,,,,,7.0,,,,,,67,62,13.4,6.25,0.0,-0.4364,0.8998,6.6,6.1,6.1,station
2023-12-06,,,5.4,,,,,5.0,,,,,,66,51,20.3,6.06,0.0,-0.4208,0.9071,4.9,5.0,5.0,station
2023-12-07,,,4.9,,,,,5.3,,,,,,74,70,17.5,4.5,0.0,-0.4052,0.9142,3.4,4.4,4.4,station
2023-12-08,,,7.3,,,,,8.3,,,,,,83,33,11.7,8.45,0.0,-0.3894,0.9211,8.8,10.0,10.0,station
2023-12-09,,,11.3,,,,,10.4,,,,,,90,68,15.1,7.96,0.0,-0.3735,0.9276,13.6,13.9,13.9,station
2023-12-10,,,13.8,,,,,13.7,,,,,,93,83,32.8,3.26,27.6,-0.3575,0.9339,16.5,15.0,15.0,station
2023-12-11,,,11.2,,,,,11.6,,,,,,73,61,34.6,6.61,28.5,-0.3413,0.9399,14.7,7.8,7.8,station
2023-12-12,,,7.0,,,,,7.2,,,,,,65,4,17.2,8.97,0.0,-0.3251,0.9457,6.0,6.7,6.7,station
2023-12-13,,,6.6,,,,,5.9,,,,,,61,2,17.7,8.82,0.0,-0.3088,0.9511,7.3,8.3,8.3,station
2023-12-14,,,5.2,,,,,4.8,,,,,,63,22,13.7,8.32,0.0,-0.2924,0.9563,4.5,5.0,5.0,station
2023-12-15,,,12.3,,,,,12.0,,,,,,66,16,15.5,8.63,0.0,-0.2759,0.9612,12.3,15.0,15.0,station
2023-12-16,,,10.1,,,,,10.6,,,,,,72,41,12.1,8.39,0.0,-0.2593,0.9658,11.4,11.1,11.1,station
2023-12-17,,,12.6,,,,,13.2,,,,,,90,100,20.8,2.19,19.4,-0.2427,0.9701,13.6,15.0,15.0,station
2023-12-18,,,14.9,,,,,14.9,,,,,,84,75,52.6,2.34,70.7,-0.226,0.9741,15.9,17.2,17.2,station
2023-12-19,,,5.9,,,,,7.0,,,,,,60,29,23.7,8.36,0.0,-0.2092,0.9779,6.2,6.1,6.1,station
2023-12-20,,,7.0,,,,,8.1,,,,,,61,4,15.8,8.63,0.0,-0.1923,0.9813,7.3,7.2,7.2,station
2023-12-21,,,4.4,,,,,4.9,,,,,,55,10,22.1,8.78,0.0,-0.1754,0.9845,3.9,5.0,5.0,station
2023-12-22,,,3.4,,,,,3.9,,,,,,58,62,11.3,8.11,0.0,-0.1585,0.9874,2.7,3.3,3.3,station
2023-12-23,,,6.7,,,,,7.6,,,,,,77,77,10.6,3.68,0.4,-0.1414,0.9899,5.6,5.6,5.6,station
2023-12-24,,,7.3,,,,,7.0,,,,,,92,83,7.9,3.53,0.0,-0.1244,0.9922,8.2,8.3,8.3,station
2023-12-25,,,8.9,,,,,9.3,,,,,,91,77,10.2,6.22,0.0,-0.1073,0.9942,11.1,8.3,8.3,station
2023-12-26,,,10.3,,,,,11.7,,,,,,97,100,6.9,2.89,0.0,-0.0902,0.9959,7.8,8.9,8.9,station
2023-12-27,,,9.6,,,,,11.2,,,,,,97,100,16.9,1.73,3.8,-0.073,0.9973,8.7,8.9,8.9,station
2023-12-28,,,10.4,,,,,10.2,,,,,,94,100,28.7,2.22,33.6,-0.0559,0.9984,11.6,11.1,11.1,station
2023-12-29,,,11.5,,,,,12.5,,,,,,84,81,15.5,6.71,0.5,-0.0387,0.9993,13.1,12.8,12.8,station
2023-12-30,,,,,,,,,,,,,,70,75,25.8,4.75,0.2,-0.0215,0.9998,7.9,8.3,8.3,station
2023-12-31,,,,,,,,,,,,,,69,61,15.3,5.0,0.0,-0.0043,1.0,6.3,,,
2024-01-01,,,,,,,,,,,,,,76,69,14.1,4.78,0.1,0.0172,0.9999,7.5,7.2,7.2,station
2024-01-02,,,,,,,,,,,,,,73,0,12.3,8.97,0.0,0.0344,0.9994,5.6,6.1,6.1,station
2024-01-03,,,,,,,,,,,,,,73,55,15.5,8.13,0.0,0.0516,0.9987,8.3,6.1,6.1,station
2024-01-04,,,,,,,,,,,,,,65,62,24.8,5.84,0.2,0.0688,0.9976,6.8,6.7,6.7,station
2024-01-05,,,,,,,,,,,,,,60,20,21.5,9.2,0.0,0.0859,0.9963,2.9,3.3,3.3,station
2024-01-06,,,,,,,,,,,,,,84,91,30.4,3.06,11.5,0.103,0.9947,3.1,3.3,3.3,station
2024-01-07,,,,,,,,,,,,,,91,90,28.7,2.41,8.4,0.1201,0.9928,2.9,3.3,3.3,station
2024-01-08,,,,,,,,,,,,,,70,12,18.1,9.31,0.0,0.1372,0.9905,6.3,6.7,6.7,station
2024-01-09,,,,,,,,,,,,,,85,93,57.2,1.72,29.4,0.1542,0.988,12.8,13.9,13.9,station
2024-01-10,,,,,,,,,,,,,,69,61,48.3,6.12,36.4,0.1712,0.9852,13.6,12.8,12.8,station
2024-01-11,,,,,,,,,,,,,,64,35,22.7,8.76,0.0,0.1881,0.9821,7.9,7.8,7.8,station
2024-01-12,,,,,,,,,,,,,,76,66,20.5,8.67,0.9,0.205,0.9788,8.4,9.4,9.4,station
2024-01-13,,,,,,,,,,,,,,70,62,36.0,5.44,27.5,0.2218,0.9751,14.3,15.0,15.0,station
2024-01-14,,,,,,,,,,,,,,49,21,39.5,7.16,0.9,0.2385,0.9711,5.9,6.1,6.1,station
2024-01-15,,,,,,,,,,,,,,49,68,11.9,8.0,0.8,0.2552,0.9669,-0.9,-1.7,-1.7,station
2024-01-16,,,,,,,,,,,,,,82,92,24.7,1.42,9.9,0.2718,0.9624,-0.2,0.0,0.0,station
2024-01-17,,,,,,,,,,,,,,52,0,24.3,10.61,0.0,0.2883,0.9575,-4.1,-3.9,-3.9,station
2024-01-18,,,,,,,,,,,,,,52,89,19.5,5.45,0.5,0.3047,0.9524,0.2,1.1,1.1,station
2024-01-19,,,-1.4,-1.3,-2.0,,,,,,,,,71,100,17.4,4.04,2.1,0.3211,0.9471,-0.7,0.0,0.0,station
2024-01-20,,,-5.7,-3.4,-3.4,,,-5.5,-5.2,-5.1,,,,51,51,25.7,10.12,0.0,0.3373,0.9414,-3.3,-3.3,-3.3,station
2024-01-21,,,-2.5,-2.0,-1.4,,,-1.4,-2.2,-1.2,,,,51,17,23.4,10.87,0.0,0.3534,0.9355,-1.2,-0.6,-0.6,station
2024-01-22,,,1.9,1.6,1.8,,,1.2,1.3,1.0,,,,56,46,17.8,10.4,0.0,0.3695,0.9292,3.4,2.8,2.8,station
2024-01-23,,,4.4,3.3,3.5,,,2.0,2.9,4.0,,,,69,95,19.5,2.96,2.0,0.3854,0.9227,4.1,4.4,4.4,station
2024-01-24,,,8.5,7.0,9.4,,,5.2,5.1,6.8,,,,94,100,8.9,2.48,3.3,0.4012,0.916,5.9,6.1,6.1,station
2024-01-25,,,15.6,10.3,11.1,,,6.9,9.2,12.1,,,,96,100,21.3,2.06,6.5,0.4169,0.9089,11.4,13.3,13.3,station
2024-01-26,,,10.0,7.6,7.6,,,5.8,7.5,10.1,,,,96,98,18.0,2.81,4.2,0.4325,0.9016,7.9,6.1,6.1,station
2024-01-27,,,6.7,6.8,7.6,,,7.0,7.4,7.5,,,,84,98,13.0,6.35,0.0,0.4479,0.8941,8.4,8.3,8.3,station
2024-01-28,,,4.9,4.4,5.4,,,4.4,4.2,4.7,,,,94,100,30.0,1.62,21.3,0.4633,0.8862,4.1,5.6,5.6,station
2024-01-29,,,3.9,5.3,3.9,,,5.6,5.1,3.9,,,,74,69,27.5,7.05,0.6,0.4784,0.8781,5.6,3.3,3.3,station
2024-01-30,,,2.1,2.5,4.0,,,2.0,3.3,2.5,,,,72,59,12.4,7.87,0.0,0.4935,0.8698,4.3,3.3,3.3,station
2024-01-31,,,4.1,4.6,4.2,,,5.6,4.0,4.6,,,,74,89,12.8,4.77,0.2,0.5084,0.8611,4.3,4.4,4.4,station
2024-02-01,,,6.2,7.6,9.0,,,9.4,7.7,8.1,,,,81,74,20.9,8.51,0.0,0.5231,0.8523,8.7,7.8,7.8,station
2024-02-02,,,6.5,7.4,5.6,,,6.9,7.4,7.9,,,,85,77,20.3,1.99,7.2,0.5377,0.8432,5.6,7.2,7.2,station
2024-02-03,,,2.5,3.8,4.8,,,5.1,4.3,4.3,,,,57,9,24.1,12.1,0.0,0.5521,0.8338,5.3,5.6,5.6,station
2024-02-04,5.9,,6.3,5.6,6.2,,,6.2,6.2,5.0,6.0,0.32,,58,2,14.4,12.44,0.0,0.5664,0.8242,7.4,7.2,7.2,station
2024-02-05,6.6,,5.1,6.7,6.4,5.0,,6.8,5.7,5.0,6.2,0.74,0.58,52,2,22.3,12.58,0.0,0.5805,0.8143,6.7,6.7,6.7,station
2024-02-06,4.1,,4.6,4.9,4.4,4.4,,5.3,4.4,3.6,4.5,0.34,0.08,54,0,16.6,12.59,0.0,0.5944,0.8042,5.7,6.1,6.1,station
2024-02-07,7.3,,5.3,6.6,6.8,6.6,,6.7,6.4,6.4,6.5,0.85,-0.03,62,18,11.1,12.57,0.0,0.6081,0.7938,8.0,8.9,8.9,station
2024-02-08,9.0,,10.6,9.4,10.2,8.4,,7.7,8.9,9.7,9.8,0.73,1.12,69,41,10.7,12.52,0.0,0.6217,0.7833,9.8,10.6,10.6,station
2024-02-09,9.6,,10.8,10.3,11.5,9.5,,10.6,9.8,12.1,10.55,0.8,0.05,86,73,18.8,10.27,0.0,0.6351,0.7725,10.6,10.6,10.6,station
2024-02-10,13.4,,15.3,13.8,16.2,13.6,,11.2,15.4,14.0,14.68,1.3,1.12,84,99,17.5,8.64,0.1,0.6483,0.7614,15.8,15.0,15.0,station
2024-02-11,9.6,,9.8,9.7,10.9,9.9,,9.8,9.5,10.6,10.0,0.61,0.05,73,100,14.7,6.46,0.0,0.6613,0.7502,9.1,12.8,12.8,station
2024-02-12,8.1,,10.0,8.9,9.9,7.2,,9.6,9.8,10.2,9.22,0.9,0.03,74,97,10.8,11.81,0.0,0.6741,0.7387,9.0,8.3,8.3,station
2024-02-13,3.7,,4.6,5.1,5.1,4.6,,6.9,5.3,4.4,4.62,0.66,-0.67,80,74,24.9,6.51,24.9,0.6867,0.727,3.5,5.0,5.0,station
2024-02-14,-0.6,,0.1,1.3,2.0,0.1,,0.3,0.7,-1.2,0.7,1.17,0.73,60,7,25.8,15.03,0.0,0.6991,0.715,0.3,3.9,3.9,station
2024-02-15,2.2,,2.0,2.6,2.9,1.9,,3.6,1.9,0.7,2.42,0.4,0.4,63,41,23.2,12.75,0.3,0.7113,0.7029,1.4,3.3,3.3,station
2024-02-16,4.8,,3.3,4.5,4.8,4.9,,5.6,4.0,3.9,4.35,0.71,-0.25,58,31,27.3,14.98,0.0,0.7233,0.6906,4.7,5.6,5.6,station
2024-02-17,1.9,,0.9,2.9,3.1,1.7,,3.4,1.9,1.5,2.2,1.01,0.08,71,61,21.8,11.39,5.6,0.735,0.678,2.1,2.2,2.2,station
2024-02-18,2.5,,3.9,3.4,3.2,3.7,,1.4,4.1,2.6,3.25,0.58,0.3,60,2,26.3,15.27,0.0,0.7466,0.6653,3.6,5.0,5.0,station
2024-02-19,3.9,,4.8,3.3,4.7,1.9,,4.2,3.1,1.7,4.17,0.71,1.45,49,0,20.9,15.61,0.0,0.7579,0.6523,4.0,4.4,4.4,station
2024-02-20,2.7,,4.0,2.7,3.3,2.7,,3.0,2.0,1.8,3.17,0.62,0.8,52,2,12.0,15.62,0.0,0.769,0.6392,2.7,2.8,2.8,station
2024-02-21,4.8,,3.5,4.4,5.7,4.3,,5.1,4.3,3.9,4.6,0.91,0.2,71,53,14.9,11.97,0.0,0.7799,0.6259,5.0,4.4,4.4,station
2024-02-22,5.6,,5.4,5.7,7.5,5.2,,6.0,5.6,6.7,6.05,0.97,0.17,82,63,20.3,13.27,0.1,0.7906,0.6124,6.4,5.6,5.6,station
2024-02-23,7.7,,8.0,8.5,7.6,9.0,,8.7,7.1,10.3,7.95,0.4,-0.83,92,100,12.8,5.75,3.7,0.801,0.5987,7.8,7.8,7.8,station
2024-02-24,6.1,,3.1,6.7,4.3,3.5,,4.8,4.6,4.8,5.05,1.65,0.62,61,48,19.0,13.82,0.0,0.8112,0.5848,6.2,6.1,6.1,station
2024-02-25,1.7,,4.7,3.5,1.9,2.1,,3.6,4.0,2.8,2.95,1.42,-0.17,56,9,16.0,16.47,0.0,0.8211,0.5708,3.4,3.3,3.3,station
2024-02-26,9.7,,12.6,11.0,11.6,9.6,,12.7,10.0,10.8,11.22,1.21,0.45,76,69,14.9,13.74,0.4,0.8308,0.5566,10.5,11.7,11.7,station
2024-02-27,11.9,,13.0,12.7,13.6,11.8,,11.5,11.8,13.1,12.8,0.71,0.75,85,72,31.0,14.77,3.9,0.8402,0.5422,13.1,11.7,11.7,station
2024-02-28,13.6,,14.3,13.5,13.3,13.8,,14.5,15.2,14.8,13.68,0.43,-0.9,90,100,36.4,5.8,10.3,0.8495,0.5277,16.0,15.6,15.6,station
2024-02-29,6.5,,5.3,9.1,7.2,8.3,,5.2,10.6,15.5,7.03,1.59,-2.88,44,26,33.7,12.87,0.2,0.8584,0.513,6.4,5.0,5.0,station
2024-03-01,4.1,,7.1,5.9,5.8,4.3,,7.1,5.9,5.3,5.72,1.23,0.07,58,31,19.9,16.77,0.0,0.8671,0.4981,5.5,6.1,6.1,station
2024-03-02,9.9,,10.9,9.2,9.7,9.7,,7.6,8.5,9.3,9.93,0.71,1.15,91,100,26.4,2.21,27.6,0.8755,0.4831,10.5,12.2,12.2,station
2024-03-03,18.6,,15.2,16.4,15.8,16.1,,15.7,16.3,16.2,16.5,1.48,0.43,81,24,15.5,16.61,0.0,0.8837,0.468,18.7,18.9,18.9,station
2024-03-04,13.7,,11.0,14.2,14.0,13.4,,14.9,14.5,14.3,13.22,1.5,-1.05,87,49,19.7,13.02,0.0,0.8916,0.4527,14.4,14.4,14.4,station
2024-03-05,11.6,,9.0,8.9,8.4,10.2,,9.5,9.0,10.7,9.47,1.44,-0.38,95,100,22.1,2.02,18.8,0.8993,0.4373,8.6,9.4,9.4,station
2024-03-06,12.2,,10.6,12.7,11.3,13.1,,10.6,13.2,12.4,11.7,0.93,-0.62,95,99,24.7,3.57,32.4,0.9067,0.4218,9.9,10.6,10.6,station
2024-03-07,11.2,,12.3,10.9,9.5,11.1,,10.6,13.2,11.2,10.97,1.15,-0.55,80,94,25.3,5.2,4.1,0.9138,0.4061,12.4,11.7,11.7,station
2024-03-08,11.3,,8.6,10.9,11.5,11.5,,10.2,11.4,11.0,10.57,1.34,-0.45,67,60,21.6,18.23,0.0,0.9207,0.3904,12.6,12.2,12.2,station
2024-03-09,7.1,,8.9,6.3,7.8,6.7,,9.1,6.9,7.1,7.53,1.1,0.08,84,100,31.9,2.63,26.8,0.9272,0.3745,7.8,8.3,8.3,station
2024-03-10,10.8,,10.5,10.6,11.7,10.8,,11.2,11.2,12.2,10.9,0.55,-0.45,71,79,30.3,10.68,21.9,0.9335,0.3585,10.9,9.4,9.4,station
2024-03-11,9.4,,6.4,8.8,9.3,8.5,,8.7,8.9,6.7,8.48,1.41,0.28,42,42,44.7,18.01,0.0,0.9396,0.3424,9.7,10.6,10.6,station
2024-03-12,17.0,,16.4,17.0,16.9,17.1,,16.3,16.2,15.1,16.82,0.29,0.65,51,27,23.7,19.02,0.0,0.9453,0.3261,17.1,17.8,17.8,station
2024-03-13,13.7,,14.8,19.2,15.5,15.8,,18.0,17.8,16.4,15.8,2.38,-1.2,71,39,17.6,17.86,0.0,0.9508,0.3098,15.2,15.6,15.6,station
2024-03-14,20.8,15.9,21.5,20.7,21.1,20.6,,20.5,19.0,18.5,20.0,2.31,0.35,69,53,14.0,18.82,0.0,0.956,0.2934,20.9,21.7,21.7,station
2024-03-15,20.0,16.6,19.5,19.6,21.2,17.8,15.2,19.6,20.7,20.5,19.38,1.69,0.62,63,97,22.5,13.11,0.0,0.9609,0.2769,21.2,20.6,20.6,station
2024-03-16,13.3,11.3,14.2,14.8,14.8,13.7,11.5,14.4,14.8,14.0,13.68,1.47,0.0,73,40,25.9,15.52,0.1,0.9655,0.2604,13.8,14.4,14.4,station
2024-03-17,15.0,14.2,13.3,15.1,15.8,14.9,13.8,14.5,14.3,15.6,14.68,0.96,0.06,59,65,29.9,17.21,0.0,0.9698,0.2437,15.4,16.1,16.1,station
2024-03-18,9.6,8.5,8.3,9.3,10.2,9.6,8.6,10.6,9.1,9.5,9.18,0.79,-0.3,45,74,20.3,14.38,0.0,0.9739,0.227,9.0,9.4,9.4,station
2024-03-19,7.2,6.1,5.9,7.6,8.4,7.1,6.3,7.7,7.6,7.7,7.04,1.05,-0.24,51,55,28.6,16.36,0.4,0.9777,0.2102,7.5,7.8,7.8,station
2024-03-20,12.0,9.8,11.8,12.2,14.2,12.1,10.4,10.8,10.9,14.6,12.0,1.56,0.24,62,58,29.3,12.46,2.3,0.9811,0.1934,11.6,12.8,12.8,station
2024-03-21,4.7,3.8,3.2,4.1,4.6,5.0,3.6,5.6,3.4,3.9,4.08,0.61,-0.22,41,21,29.3,19.14,0.0,0.9843,0.1765,5.3,5.0,5.0,station
2024-03-22,4.1,4.3,6.0,5.4,6.8,4.1,4.0,6.7,5.4,6.4,5.32,1.14,0.0,55,34,18.2,19.9,0.0,0.9872,0.1595,5.5,5.6,5.6,station
2024-03-23,11.3,9.0,12.6,11.6,11.8,10.9,9.5,11.2,11.5,11.7,11.26,1.35,0.3,88,99,39.1,1.2,63.2,0.9898,0.1425,10.2,8.9,8.9,station
2024-03-24,8.4,6.5,4.5,8.0,8.3,9.0,6.1,6.8,8.0,5.6,7.14,1.66,0.04,44,1,31.5,22.01,0.0,0.9921,0.1255,8.2,7.2,7.2,station
2024-03-25,10.0,8.5,7.0,10.3,9.9,10.2,8.0,10.0,11.1,8.0,9.14,1.38,-0.32,53,1,22.4,21.76,0.0,0.9941,0.1084,9.7,10.0,10.0,station
2024-03-26,8.3,9.1,5.6,7.7,9.1,9.7,9.6,7.7,8.7,10.5,7.96,1.44,-1.28,63,70,21.3,11.83,0.0,0.9958,0.0913,9.6,10.6,10.6,station
2024-03-27,13.6,9.3,10.1,9.0,11.6,15.8,9.6,9.6,10.3,13.6,10.72,1.9,-1.06,80,100,14.7,6.76,0.3,0.9972,0.0741,10.8,10.6,10.6,station
2024-03-28,8.9,8.5,11.6,10.3,9.9,10.3,8.3,10.3,12.5,9.8,9.84,1.22,-0.4,93,100,18.8,4.05,25.8,0.9984,0.057,10.0,9.4,9.4,station
2024-03-29,12.3,11.3,8.8,12.0,12.7,13.3,11.5,12.1,11.4,9.8,11.42,1.55,-0.2,46,56,33.3,21.0,0.5,0.9992,0.0398,12.9,11.7,11.7,station
2024-03-30,13.3,12.1,14.8,14.5,15.0,14.0,12.1,15.1,13.2,13.3,13.94,1.22,0.4,53,72,24.9,20.55,0.0,0.9997,0.0226,14.4,16.7,16.7,station
2024-03-31,16.0,13.4,15.5,15.9,16.9,16.1,13.6,15.9,15.2,14.1,15.54,1.3,0.56,63,71,20.9,20.74,0.3,1.0,0.0054,15.7,15.6,15.6,station
2024-04-01,12.9,9.9,10.9,12.7,10.9,11.4,9.7,10.8,11.3,8.9,11.46,1.29,1.04,77,92,14.3,6.95,2.5,0.9999,-0.0118,11.7,11.7,11.7,station
2024-04-02,8.2,8.3,9.9,10.1,9.5,8.6,8.2,8.6,9.3,7.9,9.2,0.89,0.68,92,100,22.5,3.09,17.6,0.9996,-0.029,8.9,9.4,9.4,station
2024-04-03,8.0,6.6,6.5,7.4,6.2,7.7,6.5,7.4,7.1,6.8,6.94,0.74,-0.16,89,100,47.7,4.09,26.3,0.9989,-0.0462,6.8,6.7,6.7,station
2024-04-04,10.2,6.4,6.6,8.9,6.0,9.9,6.8,9.2,9.0,6.8,7.62,1.83,-0.72,77,84,45.6,10.92,6.8,0.998,-0.0634,8.6,8.9,8.9,station
2024-04-05,8.2,7.8,6.2,7.6,7.8,8.3,7.5,9.4,9.0,9.2,7.52,0.77,-1.16,62,59,28.2,17.41,0.0,0.9968,-0.0805,9.3,9.4,9.4,station
2024-04-06,10.7,9.7,7.2,9.7,9.8,10.4,9.6,10.6,9.1,9.4,9.42,1.31,-0.4,60,65,28.6,14.25,0.2,0.9952,-0.0977,11.2,11.1,11.1,station
2024-04-07,12.4,10.1,8.4,10.8,12.9,11.0,9.5,10.7,9.8,10.8,10.92,1.81,0.56,61,29,23.7,18.09,0.0,0.9934,-0.1148,13.5,13.3,13.3,station
2024-04-08,15.9,14.3,17.4,17.6,18.5,15.6,14.9,17.3,17.1,14.5,16.74,1.65,0.86,64,60,15.2,21.66,0.0,0.9913,-0.1319,17.6,17.8,17.8,station
2024-04-09,21.7,18.0,22.9,23.8,24.1,22.3,18.8,23.5,24.0,19.6,22.1,2.47,0.46,64,77,17.7,22.98,0.0,0.9889,-0.1489,23.3,23.9,23.9,station
2024-04-10,16.3,12.9,12.6,18.1,17.7,16.3,13.0,16.0,15.6,15.2,15.52,2.62,0.3,78,91,15.9,14.82,0.2,0.9861,-0.1659,16.4,13.9,13.9,station
2024-04-11,15.2,13.0,16.1,15.6,18.9,17.1,13.8,17.3,15.8,17.7,15.76,2.12,-0.58,90,100,29.3,10.99,12.8,0.9831,-0.1828,17.6,16.1,16.1,station
2024-04-12,17.6,14.9,16.3,18.1,16.1,18.4,15.7,18.0,20.0,14.7,16.6,1.27,-0.76,77,65,40.2,13.86,14.8,0.9799,-0.1997,18.6,17.2,17.2,station
2024-04-13,12.0,12.3,10.0,12.7,12.5,11.9,12.1,12.2,13.4,11.3,11.9,1.09,-0.28,65,69,36.1,5.95,1.7,0.9763,-0.2165,12.1,13.3,13.3,station
2024-04-14,17.2,15.9,23.1,18.5,21.9,17.6,17.0,20.8,17.2,16.1,19.32,3.07,1.58,59,73,24.0,20.1,0.9,0.9724,-0.2333,18.4,20.0,20.0,station
2024-04-15,24.2,19.8,24.3,24.3,25.3,22.7,20.5,23.3,20.1,21.4,23.58,2.16,1.98,63,28,25.4,21.56,0.0,0.9683,-0.25,24.4,26.1,26.1,station
2024-04-16,20.0,17.1,20.2,20.6,21.6,21.0,18.0,19.8,19.9,18.0,19.9,1.68,0.56,53,3,18.3,25.51,0.0,0.9638,-0.2666,20.3,21.7,21.7,station
2024-04-17,14.9,11.5,17.6,16.2,16.8,14.6,12.0,15.6,14.3,15.3,15.4,2.39,1.04,71,74,17.2,13.96,2.7,0.9591,-0.2831,16.1,14.4,14.4,station
2024-04-18,9.7,9.7,8.7,10.0,10.9,9.7,9.7,10.2,9.7,9.9,9.8,0.79,-0.04,85,87,24.5,6.15,2.8,0.9541,-0.2996,8.9,9.4,9.4,station
2024-04-19,13.3,10.4,13.0,14.1,14.8,12.2,10.6,14.1,14.5,13.6,13.12,1.68,0.12,79,77,19.7,20.2,0.0,0.9488,-0.316,14.0,13.3,13.3,station
2024-04-20,18.0,14.6,16.7,17.9,19.5,19.1,13.7,18.9,19.2,17.7,17.34,1.83,-0.38,67,61,26.3,18.98,2.2,0.9432,-0.3322,19.9,20.0,20.0,station
2024-04-21,11.8,10.6,12.5,11.6,14.0,12.4,10.6,14.9,11.9,11.7,12.1,1.26,-0.2,52,78,22.5,16.11,0.0,0.9373,-0.3484,12.0,10.6,10.6,station
2024-04-22,15.0,13.3,16.7,14.6,16.3,14.7,13.5,16.0,14.1,13.1,15.18,1.37,0.9,55,16,19.5,25.82,0.0,0.9312,-0.3645,15.2,15.0,15.0,station
2024-04-23,14.0,14.1,15.8,15.1,16.2,14.1,14.5,16.2,15.1,13.0,15.04,0.99,0.46,62,22,27.3,26.56,0.0,0.9248,-0.3804,14.8,15.0,15.0,station
2024-04-24,19.5,16.8,18.6,19.8,21.1,17.7,17.3,17.6,20.8,18.8,19.16,1.59,0.72,58,59,29.8,20.88,1.4,0.9181,-0.3963,21.1,20.0,20.0,station
2024-04-25,11.9,10.2,13.8,13.5,13.9,11.8,9.2,14.9,13.1,10.8,12.66,1.59,0.7,53,31,19.6,24.96,0.0,0.9112,-0.412,12.7,11.7,11.7,station
2024-04-26,13.5,12.1,14.6,15.1,15.1,13.3,11.6,14.9,15.0,13.3,14.08,1.29,0.46,68,13,19.8,23.84,0.0,0.9039,-0.4276,14.4,13.9,13.9,station
2024-04-27,13.1,12.7,15.0,14.4,14.9,13.6,12.4,15.1,14.4,11.9,14.02,1.06,0.54,63,89,27.1,22.06,0.5,0.8965,-0.4431,14.4,13.9,13.9,station
2024-04-28,19.9,17.9,19.6,21.7,22.7,18.9,17.9,23.4,22.1,19.2,20.36,1.88,0.06,76,96,16.4,24.39,0.4,0.8887,-0.4585,21.6,23.3,23.3,station
2024-04-29,24.2,21.1,27.9,26.5,27.9,26.2,23.4,29.5,29.3,26.2,25.52,2.9,-1.4,80,61,15.3,22.86,3.5,0.8807,-0.4737,28.3,28.3,28.3,station
2024-04-30,18.6,13.9,14.2,19.4,18.3,18.9,15.4,20.5,22.0,18.6,16.88,2.62,-2.2,83,99,16.8,18.85,7.7,0.8724,-0.4888,21.2,16.1,16.1,station
2024-05-01,21.8,14.7,22.2,22.1,21.4,18.9,15.7,20.7,23.4,19.5,20.44,3.22,0.8,80,57,20.3,20.75,1.5,0.8639,-0.5037,24.3,23.9,23.9,station
2024-05-02,25.7,20.8,26.9,28.6,24.0,27.8,20.2,26.9,28.8,24.6,25.2,2.98,-0.46,71,46,22.4,22.2,0.0,0.8551,-0.5185,27.0,23.9,23.9,station
2024-05-03,15.7,14.7,15.1,17.5,18.6,16.1,15.9,18.6,18.5,19.4,16.32,1.66,-1.38,71,86,18.7,20.93,0.0,0.846,-0.5331,17.1,17.8,17.8,station
2024-05-04,16.7,13.7,17.8,16.3,18.1,16.2,13.6,17.8,17.0,15.7,16.52,1.74,0.46,76,93,20.5,17.16,1.2,0.8367,-0.5476,18.2,15.6,15.6,station
2024-05-05,12.2,11.8,12.0,12.2,11.7,13.4,11.8,12.3,12.4,12.9,11.98,0.23,-0.58,87,100,21.1,4.91,8.3,0.8272,-0.5619,12.4,11.7,11.7,station
2024-05-06,21.1,17.7,22.0,21.6,20.3,21.6,18.6,20.0,21.7,21.0,20.54,1.71,-0.04,89,100,12.6,11.57,0.8,0.8174,-0.5761,22.0,22.8,22.8,station
2024-05-07,23.5,21.4,26.5,24.4,24.8,23.3,21.2,26.1,24.0,22.3,24.12,1.87,0.74,60,44,16.2,28.0,0.0,0.8074,-0.59,25.8,26.7,26.7,station
2024-05-08,25.0,23.5,29.9,26.6,26.8,22.2,22.5,28.7,24.6,22.9,26.36,2.39,2.18,64,76,24.7,22.86,0.3,0.7971,-0.6038,30.5,30.0,30.0,station
2024-05-09,20.3,17.7,19.2,20.9,20.7,24.1,17.2,21.6,22.7,20.7,19.76,1.33,-1.5,60,99,15.0,16.97,0.0,0.7866,-0.6175,20.9,21.1,21.1,station
2024-05-10,12.4,12.2,11.8,13.0,12.9,12.4,11.2,12.6,13.1,11.1,12.46,0.5,0.38,81,96,22.1,5.52,9.7,0.7759,-0.6309,14.5,13.3,13.3,station
2024-05-11,14.2,13.8,15.9,17.2,18.3,16.8,14.3,16.0,16.4,14.5,15.88,1.92,0.28,72,73,21.7,24.61,0.0,0.7649,-0.6442,16.8,15.6,15.6,station
2024-05-12,12.0,11.2,11.6,12.6,11.4,11.2,11.3,11.4,11.9,12.8,11.76,0.55,0.04,80,75,12.7,12.33,5.7,0.7537,-0.6572,13.6,12.8,12.8,station
2024-05-13,16.4,16.7,19.1,19.6,20.2,15.9,16.5,17.8,18.7,16.7,18.4,1.74,1.28,80,39,22.4,18.18,0.3,0.7423,-0.6701,19.0,17.8,17.8,station
2024-05-14,21.1,19.5,22.2,20.9,22.2,19.9,19.9,22.1,22.5,22.0,21.18,1.12,-0.1,81,87,22.0,17.86,3.2,0.7306,-0.6828,21.8,22.2,22.2,station
2024-05-15,17.2,16.1,19.8,18.3,17.6,17.8,16.5,22.0,16.7,17.6,17.8,1.37,-0.32,89,98,25.6,11.15,7.4,0.7188,-0.6952,18.8,17.2,17.2,station
2024-05-16,17.7,16.9,15.2,16.4,17.3,17.4,18.1,19.3,16.6,15.7,16.7,0.97,-0.72,86,92,30.0,7.65,4.2,0.7067,-0.7075,18.7,18.3,18.3,station
2024-05-17,22.5,20.1,23.1,20.8,23.6,22.9,19.7,23.2,22.9,20.1,22.02,1.51,0.26,75,75,17.7,18.59,0.0,0.6945,-0.7195,22.8,21.7,21.7,station
2024-05-18,20.5,18.3,22.2,17.4,21.8,20.0,18.2,21.0,18.8,19.4,20.04,2.12,0.56,79,98,17.7,16.86,2.0,0.682,-0.7314,22.0,20.6,20.6,station
2024-05-19,21.2,18.0,19.0,20.9,22.5,19.7,18.2,22.5,21.2,19.9,20.32,1.8,0.02,80,66,18.3,17.59,0.0,0.6693,-0.743,23.5,22.8,22.8,station
2024-05-20,21.1,18.5,21.9,22.6,24.6,20.4,17.9,23.9,22.8,22.0,21.74,2.23,0.34,82,50,19.4,25.44,0.0,0.6564,-0.7544,24.9,21.7,21.7,station
2024-05-21,22.2,21.4,22.3,23.2,25.6,23.1,22.0,26.3,23.7,26.3,22.94,1.62,-1.34,83,51,17.5,28.09,0.0,0.6433,-0.7656,26.0,26.7,26.7,station
2024-05-22,22.5,22.0,26.3,25.9,26.2,23.7,22.6,29.0,25.5,24.5,24.58,2.14,-0.48,74,36,23.3,28.08,0.0,0.6301,-0.7765,27.9,27.8,27.8,station
2024-05-23,26.9,21.4,25.2,25.6,22.6,25.2,23.6,31.1,28.4,27.1,24.34,2.27,-2.74,76,81,16.1,15.32,2.9,0.6166,-0.7873,27.1,27.2,27.2,station
2024-05-24,28.9,25.4,29.8,29.5,30.1,28.4,25.3,30.1,30.2,25.2,28.74,1.92,0.9,64,24,18.3,28.99,0.0,0.603,-0.7978,29.1,29.4,29.4,station
2024-05-25,23.5,21.6,28.0,25.8,25.8,23.4,21.0,27.4,25.5,27.4,24.94,2.45,0.0,63,50,16.6,27.73,0.0,0.5892,-0.808,26.5,26.1,26.1,station
2024-05-26,23.6,22.5,28.4,25.9,26.6,22.8,22.5,29.8,25.5,27.1,25.4,2.36,-0.14,87,75,15.9,24.94,0.7,0.5752,-0.818,26.3,27.2,27.2,station
2024-05-27,20.6,19.3,19.9,21.8,20.1,21.5,19.4,23.0,21.0,19.8,20.34,0.94,-0.6,94,100,26.3,10.77,48.1,0.561,-0.8278,22.6,24.4,24.4,station
2024-05-28,27.2,23.8,26.1,27.4,27.3,26.5,24.5,28.1,26.1,25.1,26.36,1.52,0.3,70,27,26.6,28.31,0.0,0.5467,-0.8373,27.0,27.2,27.2,station
2024-05-29,23.2,21.3,25.0,24.1,25.9,24.4,21.7,25.6,22.4,24.4,23.9,1.77,0.2,72,30,15.3,26.32,11.2,0.5322,-0.8466,24.6,24.4,24.4,station
2024-05-30,21.7,19.1,20.1,22.0,24.5,21.1,19.4,21.9,23.2,22.0,21.48,2.06,-0.04,67,54,20.8,24.44,4.3,0.5176,-0.8556,21.4,21.7,21.7,station
2024-05-31,23.3,22.3,24.1,23.3,25.3,23.1,22.1,24.7,23.4,24.7,23.66,1.12,0.06,50,37,19.7,26.14,0.0,0.5028,-0.8644,24.4,23.9,23.9,station
2024-06-01,27.8,24.3,29.0,28.0,29.9,27.5,25.0,28.4,27.2,27.9,27.8,2.13,0.6,47,15,17.4,29.63,0.0,0.4878,-0.8729,28.2,28.9,28.9,station
2024-06-02,27.0,23.7,29.7,27.7,29.8,27.4,24.6,29.8,26.7,29.2,27.58,2.49,0.04,58,88,21.3,25.44,0.0,0.4728,-0.8812,27.5,27.8,27.8,station
2024-06-03,28.3,25.2,30.0,29.1,30.1,28.0,24.8,29.3,29.1,30.0,28.54,2.01,0.3,65,45,15.2,27.15,0.0,0.4575,-0.8892,29.7,29.4,29.4,station
2024-06-04,24.0,22.5,27.4,25.7,26.0,23.6,23.2,26.3,24.7,27.7,25.12,1.9,0.02,75,54,17.4,28.24,0.0,0.4422,-0.8969,26.0,26.7,26.7,station
2024-06-05,25.2,23.3,23.6,25.6,27.1,24.2,23.6,26.5,25.0,28.0,24.96,1.55,-0.5,86,94,24.2,16.43,6.1,0.4267,-0.9044,26.2,26.1,26.1,station
2024-06-06,24.8,24.9,27.9,26.3,26.4,28.2,25.7,26.8,26.0,23.5,26.06,1.27,0.02,85,83,36.2,18.36,21.3,0.4111,-0.9116,27.7,27.8,27.8,station
2024-06-07,28.2,25.4,27.7,28.9,29.1,27.5,26.2,29.5,28.9,25.8,27.86,1.48,0.28,67,43,22.0,20.32,1.3,0.3953,-0.9185,28.2,29.4,29.4,station
2024-06-08,25.0,23.6,25.8,26.0,27.3,24.7,24.1,25.1,25.5,26.2,25.54,1.36,0.42,56,23,26.3,21.72,0.0,0.3795,-0.9252,25.1,25.6,25.6,station
2024-06-09,26.2,22.9,25.3,25.8,25.9,23.0,22.1,27.3,26.7,27.8,25.22,1.34,-0.16,62,46,25.2,18.57,0.7,0.3635,-0.9316,25.0,23.9,23.9,station
2024-06-10,23.6,21.8,24.8,23.5,25.3,23.0,22.1,25.1,23.6,26.2,23.8,1.36,-0.2,55,44,18.1,20.02,0.0,0.3474,-0.9377,24.6,23.9,23.9,station
2024-06-11,23.2,21.0,23.5,23.5,25.5,23.0,21.1,24.6,23.4,24.4,23.34,1.6,0.04,66,56,9.9,19.75,0.4,0.3312,-0.9436,23.4,22.8,22.8,station
2024-06-12,23.8,22.9,26.2,25.1,26.3,24.6,23.2,26.7,25.8,28.3,24.86,1.49,-0.86,68,43,17.0,19.5,0.0,0.3149,-0.9491,25.8,24.4,24.4,station
2024-06-13,26.4,25.3,28.7,28.0,28.1,26.8,25.2,29.0,28.2,28.6,27.3,1.41,-0.26,68,33,29.8,27.58,0.0,0.2986,-0.9544,28.2,28.9,28.9,station
2024-06-14,27.0,24.8,30.1,28.3,29.1,26.4,25.3,31.2,28.2,29.2,27.86,2.05,-0.2,76,53,15.8,19.08,9.3,0.2821,-0.9594,28.9,29.4,29.4,station
2024-06-15,26.8,24.6,26.9,26.0,26.3,27.0,24.8,28.3,26.0,26.1,26.12,0.93,-0.32,62,17,22.8,28.82,0.0,0.2656,-0.9641,27.2,27.2,27.2,station
2024-06-16,23.2,21.2,25.2,25.4,25.1,23.3,21.8,25.2,25.2,25.0,24.02,1.81,-0.08,60,66,17.5,29.34,0.0,0.2489,-0.9685,24.8,24.4,24.4,station
2024-06-17,26.4,25.3,27.5,26.9,27.5,26.5,25.3,28.6,28.0,28.5,26.72,0.92,-0.66,73,43,29.2,26.27,0.0,0.2322,-0.9727,28.0,28.9,28.9,station
2024-06-18,27.8,26.2,29.3,29.2,28.4,27.6,26.5,30.7,30.2,30.0,28.18,1.27,-0.82,68,67,23.9,27.94,0.0,0.2155,-0.9765,29.8,29.4,29.4,station
2024-06-19,28.5,26.9,29.6,29.5,29.1,27.9,27.1,32.0,29.3,28.7,28.72,1.11,-0.28,64,66,25.6,26.08,0.0,0.1986,-0.9801,31.0,31.7,31.7,station
2024-06-20,29.9,27.9,33.1,31.7,31.9,30.0,28.8,34.0,31.7,31.5,30.9,2.03,-0.3,61,49,21.7,27.94,0.0,0.1818,-0.9833,33.3,33.3,33.3,station
2024-06-21,32.4,28.6,35.3,33.8,33.1,31.7,28.8,35.3,33.6,35.1,32.64,2.5,-0.26,59,49,18.2,24.42,0.0,0.1648,-0.9863,35.2,35.6,35.6,station
2024-06-22,32.5,28.5,34.3,32.8,33.3,30.8,29.1,33.9,31.2,32.6,32.28,2.22,0.76,74,70,17.8,22.75,2.8,0.1478,-0.989,34.0,33.9,33.9,station
2024-06-23,30.9,29.4,35.1,34.9,32.7,33.3,30.4,36.3,35.0,36.2,32.6,2.48,-1.64,63,92,27.2,21.5,0.3,0.1308,-0.9914,35.5,34.4,34.4,station
2024-06-24,28.2,26.0,29.7,29.2,27.5,31.8,27.2,29.5,30.4,30.1,28.12,1.46,-1.68,54,33,37.0,24.54,0.0,0.1137,-0.9935,27.2,27.2,27.2,station
2024-06-25,31.9,28.4,33.3,32.2,31.9,31.9,28.3,33.6,31.8,31.5,31.54,1.85,0.12,43,42,29.7,29.05,0.0,0.0966,-0.9953,33.5,32.8,32.8,station
2024-06-26,31.4,29.3,35.1,33.1,34.1,32.6,28.5,35.2,33.7,35.9,32.6,2.3,-0.58,55,95,26.3,24.76,0.6,0.0795,-0.9968,34.7,32.8,32.8,station
2024-06-27,30.0,27.0,28.4,29.4,29.4,31.0,26.9,31.3,29.6,24.6,28.84,1.18,0.16,62,45,21.6,25.95,9.4,0.0623,-0.9981,30.4,29.4,29.4,station
2024-06-28,22.9,22.3,26.3,24.9,25.4,23.8,22.2,26.3,24.9,24.6,24.36,1.7,0.0,50,47,21.2,29.65,0.0,0.0451,-0.999,25.5,25.0,25.0,station
2024-06-29,25.5,24.9,26.6,25.8,27.0,25.8,24.9,26.6,25.0,26.3,25.96,0.84,0.24,78,92,35.0,18.84,1.1,0.028,-0.9996,26.8,26.1,26.1,station
2024-06-30,27.8,27.7,30.4,29.9,30.1,33.0,29.3,31.5,32.6,27.3,29.18,1.32,-1.56,83,86,22.5,17.26,26.7,0.0108,-0.9999,32.9,38.3,38.3,station
2024-07-01,26.0,24.6,26.1,26.0,26.2,25.0,24.7,25.9,25.5,24.4,25.78,0.66,0.68,61,14,24.5,25.97,0.3,-0.0065,-1.0,26.5,26.1,26.1,station
2024-07-02,27.8,25.3,29.1,28.0,28.7,27.8,25.6,29.1,27.8,26.3,27.78,1.48,0.46,54,37,16.3,28.42,0.0,-0.0237,-0.9997,28.8,28.3,28.3,station
2024-07-03,26.5,24.7,27.8,27.1,27.3,25.9,24.7,28.3,26.5,26.3,26.68,1.2,0.34,59,73,26.1,28.38,0.0,-0.0408,-0.9992,27.9,28.3,28.3,station
2024-07-04,27.8,25.0,28.8,27.2,28.2,26.9,25.4,30.5,27.1,27.1,27.4,1.46,0.0,69,89,19.5,23.04,0.9,-0.058,-0.9983,29.8,29.4,29.4,station
2024-07-05,27.2,28.0,31.8,29.5,29.6,27.5,26.0,31.4,28.5,29.1,29.22,1.76,0.72,84,92,19.8,19.33,12.3,-0.0752,-0.9972,31.5,32.2,32.2,station
2024-07-06,30.2,28.6,29.7,29.8,29.4,28.6,29.0,26.2,27.5,31.8,29.54,0.6,0.92,80,55,17.8,22.49,1.4,-0.0923,-0.9957,32.1,33.3,33.3,station
2024-07-07,31.1,29.3,33.1,32.1,32.0,33.3,29.8,33.8,33.2,32.2,31.52,1.43,-0.94,75,51,12.8,21.63,1.2,-0.1094,-0.994,32.3,32.2,32.2,station
2024-07-08,29.9,29.1,33.6,31.2,30.6,29.9,29.0,34.2,33.3,32.4,30.88,1.71,-0.88,78,71,16.0,24.42,0.0,-0.1265,-0.992,32.8,32.8,32.8,station
2024-07-09,29.2,28.8,30.8,31.1,30.3,28.1,29.4,32.7,30.4,31.2,30.04,1.0,-0.32,82,93,23.8,23.94,0.1,-0.1436,-0.9896,31.3,30.6,30.6,station
2024-07-10,28.9,28.1,31.0,30.0,29.9,28.7,28.6,32.0,30.1,29.3,29.58,1.11,-0.16,77,68,36.8,24.0,0.1,-0.1606,-0.987,31.2,31.7,31.7,station
2024-07-11,30.7,28.3,33.1,32.1,30.9,31.7,28.4,32.8,31.9,29.7,31.02,1.8,0.12,68,45,29.9,25.69,3.0,-0.1775,-0.9841,33.1,31.1,31.1,station
2024-07-12,27.1,25.3,28.1,27.9,27.7,27.5,25.4,32.2,29.3,28.8,27.22,1.14,-1.42,77,68,21.3,16.35,7.5,-0.1944,-0.9809,29.0,29.4,29.4,station
2024-07-13,26.0,26.9,26.7,29.4,28.1,26.9,27.6,33.7,28.8,26.7,27.42,1.34,-1.32,84,56,16.9,20.32,32.0,-0.2113,-0.9774,30.0,30.6,30.6,station
2024-07-14,30.7,29.4,33.9,32.3,31.9,31.4,30.2,35.7,31.9,30.5,31.64,1.7,-0.3,79,32,18.4,25.16,0.5,-0.2281,-0.9736,31.4,31.7,31.7,station
2024-07-15,31.6,30.4,36.0,32.9,32.0,31.6,31.2,37.2,35.8,36.1,32.58,2.11,-1.8,80,42,19.5,23.59,1.3,-0.2448,-0.9696,32.6,34.4,34.4,station
2024-07-16,32.1,30.5,37.4,34.4,33.0,33.2,30.7,38.0,35.0,36.9,33.48,2.61,-1.28,65,39,26.9,23.47,3.1,-0.2614,-0.9652,34.3,35.6,35.6,station
2024-07-17,31.7,29.4,34.7,32.8,31.9,32.9,30.0,34.8,34.9,34.0,32.1,1.92,-1.22,79,73,19.1,21.35,25.7,-0.278,-0.9606,31.8,31.1,31.1,station
2024-07-18,29.9,28.1,28.8,30.2,30.8,29.9,27.2,32.2,30.4,27.2,29.56,1.09,0.18,69,76,13.0,19.74,0.8,-0.2945,-0.9557,30.7,29.4,29.4,station
2024-07-19,29.4,26.8,30.2,28.0,29.4,29.6,27.1,32.5,28.5,29.0,28.76,1.35,-0.58,55,6,15.1,27.39,0.0,-0.3109,-0.9505,29.3,28.9,28.9,station
2024-07-20,28.4,26.9,29.9,29.2,30.1,28.4,27.3,30.3,28.4,29.3,28.9,1.3,0.16,68,100,17.3,16.88,1.5,-0.3272,-0.945,29.0,28.9,28.9,station
2024-07-21,29.0,28.0,30.7,29.8,30.3,28.3,28.4,34.2,29.2,30.7,29.56,1.08,-0.6,64,40,21.2,25.62,0.1,-0.3434,-0.9392,31.5,29.4,29.4,station
2024-07-22,28.5,26.5,29.4,29.2,28.7,28.1,26.6,29.1,29.2,29.8,28.46,1.15,-0.1,77,98,21.1,14.23,3.3,-0.3595,-0.9332,28.3,28.3,28.3,station
2024-07-23,30.7,27.0,32.1,28.8,29.6,29.2,27.2,29.6,30.4,29.4,29.64,1.93,0.48,82,94,10.7,15.63,4.9,-0.3755,-0.9268,28.6,25.0,25.0,station
2024-07-24,27.7,25.1,28.5,27.4,29.6,26.5,26.4,29.6,27.5,26.1,27.66,1.67,0.44,86,94,14.0,12.79,14.2,-0.3914,-0.9202,29.2,25.6,25.6,station
2024-07-25,29.7,27.1,31.5,28.3,30.3,30.3,27.3,28.9,28.5,29.4,29.38,1.72,0.5,72,82,18.0,17.15,0.1,-0.4071,-0.9134,30.5,28.3,28.3,station
2024-07-26,29.6,27.0,29.8,28.8,29.2,29.3,27.0,30.4,28.4,28.0,28.88,1.12,0.26,51,30,19.2,26.78,0.0,-0.4228,-0.9062,29.4,27.8,27.8,station
2024-07-27,29.8,27.6,31.1,30.0,30.2,30.0,27.9,32.2,29.9,30.6,29.74,1.3,-0.38,56,29,13.1,21.76,0.0,-0.4383,-0.8988,30.0,28.9,28.9,station
2024-07-28,31.0,27.7,31.9,30.7,31.1,31.3,27.5,32.0,30.6,31.4,30.48,1.62,-0.08,60,52,19.5,20.53,0.0,-0.4537,-0.8912,31.4,29.4,29.4,station
2024-07-29,27.5,26.1,30.3,24.3,28.9,28.2,27.1,30.2,27.3,30.4,27.42,2.34,-1.22,76,71,18.1,17.04,5.6,-0.469,-0.8832,29.1,28.3,28.3,station
2024-07-30,28.1,27.3,30.2,29.1,30.1,28.2,26.6,29.9,28.2,29.4,28.96,1.26,0.5,76,68,32.1,23.2,0.1,-0.4841,-0.875,30.5,30.0,30.0,station
2024-07-31,28.0,27.5,29.3,30.0,29.3,28.8,28.7,35.1,31.3,29.2,28.82,1.03,-1.8,82,73,20.2,15.08,14.8,-0.4991,-0.8666,30.2,32.8,32.8,station
2024-08-01,32.9,30.8,36.2,34.4,33.6,33.3,30.6,36.6,35.7,32.4,33.58,1.98,-0.14,70,15,20.6,24.31,0.2,-0.5139,-0.8578,35.3,34.4,34.4,station
2024-08-02,31.7,28.9,34.8,33.4,32.8,32.6,29.0,35.0,33.7,33.2,32.32,2.22,-0.38,77,75,26.6,18.81,5.6,-0.5286,-0.8489,33.4,33.9,33.9,station
2024-08-03,31.4,30.0,31.5,30.7,31.9,29.0,28.8,34.2,31.2,29.5,31.1,0.75,0.56,80,79,20.2,21.77,8.4,-0.5431,-0.8397,33.3,32.2,32.2,station
2024-08-04,28.6,26.8,28.5,30.0,28.7,29.8,27.5,30.7,30.6,27.1,28.52,1.14,-0.62,86,82,17.5,12.88,6.5,-0.5575,-0.8302,28.4,28.3,28.3,station
2024-08-05,30.8,29.1,30.0,34.0,32.3,30.4,29.5,34.3,34.4,33.8,31.24,1.94,-1.24,70,37,20.2,24.37,0.0,-0.5717,-0.8205,32.0,31.7,31.7,station
2024-08-06,31.3,29.2,28.9,31.6,29.1,29.3,27.5,29.3,32.6,29.6,30.02,1.31,0.36,81,52,15.5,17.61,39.4,-0.5857,-0.8105,31.9,31.7,31.7,station
2024-08-07,22.8,22.5,23.0,24.3,23.4,22.7,22.3,23.4,23.7,22.0,23.2,0.7,0.38,86,100,21.2,9.68,23.0,-0.5996,-0.8003,22.2,22.8,22.8,station
2024-08-08,24.5,22.8,22.8,25.0,24.0,24.0,22.8,22.8,23.8,22.2,23.82,1.0,0.7,88,100,22.3,7.17,20.3,-0.6132,-0.7899,23.1,21.1,21.1,station
2024-08-09,27.8,27.1,26.6,27.0,28.1,26.9,27.1,28.2,27.2,26.0,27.32,0.61,0.24,88,100,45.6,15.69,17.2,-0.6267,-0.7792,28.6,28.3,28.3,station
2024-08-10,29.3,28.2,27.6,30.5,30.6,29.5,27.5,32.2,29.0,27.2,29.24,1.34,0.16,72,34,18.7,25.02,5.6,-0.64,-0.7683,29.3,30.6,30.6,station
2024-08-11,26.3,25.4,26.7,28.0,29.6,26.6,25.5,30.4,28.0,28.7,27.2,1.64,-0.64,64,60,18.8,21.51,0.1,-0.6532,-0.7572,27.4,27.8,27.8,station
2024-08-12,25.9,25.7,26.9,25.8,29.1,25.3,25.1,28.8,26.0,27.9,26.68,1.44,0.06,64,24,19.7,22.13,0.3,-0.6661,-0.7459,26.3,27.2,27.2,station
2024-08-13,26.4,25.6,26.7,26.9,28.6,26.9,25.6,29.2,27.1,27.9,26.84,1.1,-0.5,62,26,12.1,22.24,0.0,-0.6788,-0.7343,27.5,27.2,27.2,station
2024-08-14,28.4,27.2,29.6,29.5,30.0,28.6,27.7,31.2,30.2,29.2,28.94,1.14,-0.44,67,31,15.1,22.42,0.1,-0.6914,-0.7225,28.7,29.4,29.4,station
2024-08-15,29.9,28.3,31.1,30.4,30.0,29.6,28.3,32.6,30.9,30.5,29.94,1.03,-0.44,64,14,10.7,23.35,0.0,-0.7037,-0.7105,30.6,30.6,30.6,station
2024-08-16,29.9,27.5,32.0,31.9,31.2,30.0,28.3,32.5,30.2,31.3,30.5,1.87,0.04,72,28,17.6,22.73,0.0,-0.7158,-0.6983,30.3,28.9,28.9,station
2024-08-17,26.9,25.0,27.4,25.9,28.0,26.8,25.6,29.9,27.3,27.2,26.64,1.2,-0.72,84,71,23.5,14.66,2.8,-0.7277,-0.6859,26.6,26.7,26.7,station
2024-08-18,25.3,24.7,24.5,26.7,27.6,25.7,24.5,27.9,26.1,24.7,25.76,1.34,-0.02,89,94,24.5,10.02,18.9,-0.7394,-0.6733,25.3,27.2,27.2,station
2024-08-19,27.5,26.5,27.2,30.0,27.6,28.2,26.3,32.2,30.3,25.8,27.76,1.32,-0.8,86,79,18.1,16.3,20.6,-0.7509,-0.6605,28.5,30.0,30.0,station
2024-08-20,23.7,21.3,18.9,23.4,23.4,24.2,21.5,26.4,23.0,21.6,22.14,2.05,-1.2,60,40,20.7,23.76,0.2,-0.7621,-0.6474,22.7,22.2,22.2,station
2024-08-21,22.2,21.8,22.1,23.0,23.9,22.6,21.8,23.8,23.6,23.2,22.6,0.85,-0.4,59,9,20.3,23.04,0.0,-0.7731,-0.6342,22.9,23.3,23.3,station
2024-08-22,24.8,23.8,24.8,24.4,26.3,24.1,23.8,25.3,24.5,25.2,24.82,0.92,0.24,62,20,18.2,19.19,0.0,-0.7839,-0.6208,24.6,24.4,24.4,station
2024-08-23,27.1,25.4,27.9,27.6,28.1,27.0,25.3,29.3,27.5,27.2,27.22,1.08,-0.04,64,12,16.2,23.81,0.0,-0.7945,-0.6073,27.9,27.8,27.8,station
2024-08-24,29.0,26.1,29.4,29.1,29.4,29.0,26.4,31.2,28.9,29.3,28.6,1.41,-0.36,65,31,13.3,22.09,0.0,-0.8048,-0.5935,29.8,28.9,28.9,station
2024-08-25,28.9,26.5,30.6,29.8,30.1,29.5,27.1,32.1,29.7,31.4,29.18,1.62,-0.78,66,38,17.3,21.68,0.2,-0.8149,-0.5796,30.5,30.6,30.6,station
2024-08-26,27.8,26.8,30.3,30.1,29.3,29.5,27.1,32.6,29.7,30.8,28.86,1.51,-1.08,70,18,15.9,20.75,1.0,-0.8248,-0.5655,29.8,29.4,29.4,station
2024-08-27,28.1,26.7,30.1,30.4,28.6,27.9,27.1,30.9,29.9,29.0,28.78,1.52,-0.18,75,16,20.5,22.41,0.0,-0.8344,-0.5512,30.4,29.4,29.4,station
2024-08-28,34.6,29.9,34.5,33.0,33.1,31.9,30.7,36.9,32.8,36.0,33.02,1.9,-0.64,68,45,16.3,20.01,0.5,-0.8437,-0.5368,34.6,34.4,34.4,station
2024-08-29,25.6,25.6,26.0,26.1,26.8,26.0,24.7,25.1,24.8,26.5,26.02,0.49,0.6,72,82,17.7,13.63,3.3,-0.8528,-0.5222,25.7,27.2,27.2,station
2024-08-30,22.9,21.0,24.8,23.7,26.3,22.6,21.3,24.5,24.0,25.2,23.74,1.99,0.22,72,80,14.8,18.01,6.9,-0.8617,-0.5074,24.8,23.3,23.3,station
2024-08-31,25.8,24.6,25.4,26.0,27.3,25.9,24.7,28.1,26.1,27.8,25.82,0.99,-0.7,81,76,16.9,13.51,0.5,-0.8703,-0.4925,26.1,26.1,26.1,station
2024-09-01,26.1,25.7,29.4,25.7,29.1,25.7,26.3,27.2,29.0,26.7,27.2,1.88,0.22,82,85,20.1,13.51,1.5,-0.8786,-0.4775,28.8,28.3,28.3,station
2024-09-02,25.7,24.7,26.5,25.7,26.5,25.9,24.8,27.7,24.1,23.8,25.82,0.74,0.56,58,37,19.2,19.93,0.0,-0.8867,-0.4623,26.1,26.1,26.1,station
2024-09-03,23.2,21.7,23.7,23.0,23.7,23.3,21.6,24.6,22.6,23.7,23.06,0.82,-0.1,53,0,16.0,23.46,0.0,-0.8945,-0.447,23.0,23.3,23.3,station
2024-09-04,24.8,23.2,25.5,25.8,26.1,24.3,23.2,26.3,25.6,25.8,25.08,1.16,0.04,64,0,13.4,22.8,0.0,-0.9021,-0.4315,25.3,25.0,25.0,station
2024-09-05,24.8,23.2,25.6,25.3,25.6,25.2,23.2,25.9,25.0,27.5,24.9,1.0,-0.46,68,4,14.2,22.54,0.0,-0.9094,-0.4159,25.6,23.9,23.9,station
2024-09-06,25.5,23.8,25.0,27.0,25.8,26.3,23.5,23.8,27.0,25.0,25.42,1.17,0.3,77,47,17.1,15.92,0.1,-0.9164,-0.4002,26.4,25.0,25.0,station
2024-09-07,22.4,21.7,23.2,23.3,24.5,23.4,22.2,22.9,22.8,26.5,23.02,1.05,-0.54,83,87,26.5,12.59,5.1,-0.9232,-0.3844,23.9,24.4,24.4,station
2024-09-08,20.8,19.5,20.6,20.7,21.4,20.8,19.6,22.9,20.0,20.9,20.6,0.69,-0.24,60,2,20.9,22.34,0.0,-0.9296,-0.3685,22.1,21.1,21.1,station
2024-09-09,24.5,23.2,25.4,24.5,24.8,24.0,22.6,25.6,23.0,25.1,24.48,0.8,0.42,53,13,20.6,20.86,0.0,-0.9358,-0.3524,25.1,25.0,25.0,station
2024-09-10,25.6,23.8,26.3,25.1,26.3,25.3,23.7,26.9,24.6,26.3,25.42,1.04,0.06,57,5,12.6,21.72,0.0,-0.9418,-0.3363,26.0,25.6,25.6,station
2024-09-11,24.6,23.8,27.0,26.3,26.3,24.1,23.8,26.7,25.5,26.5,25.6,1.34,0.28,65,52,12.6,21.16,0.0,-0.9474,-0.32,25.6,25.0,25.0,station
2024-09-12,24.9,23.4,26.5,25.8,26.5,24.9,24.3,27.1,26.3,27.3,25.42,1.31,-0.56,77,33,15.8,20.5,0.0,-0.9528,-0.3037,26.4,26.7,26.7,station
2024-09-13,25.8,24.7,27.8,27.2,27.7,26.2,24.7,29.0,27.7,28.7,26.64,1.35,-0.62,75,14,14.2,20.6,0.0,-0.9579,-0.2873,27.8,27.8,27.8,station
2024-09-14,27.3,25.0,29.0,28.7,27.9,28.7,25.7,28.9,29.3,30.6,27.58,1.59,-1.06,74,25,16.4,20.03,0.0,-0.9627,-0.2707,29.3,27.2,27.2,station
2024-09-15,26.4,23.8,26.0,26.7,25.6,26.2,24.0,27.3,27.1,28.5,25.7,1.14,-0.92,70,5,18.1,20.01,0.0,-0.9672,-0.2541,27.8,25.0,25.0,station
2024-09-16,25.3,23.2,24.6,25.2,24.9,25.7,23.2,25.9,24.9,27.1,24.64,0.85,-0.72,74,70,13.2,19.41,0.0,-0.9714,-0.2375,25.7,24.4,24.4,station
2024-09-17,26.8,23.7,25.3,26.3,26.5,25.6,23.5,26.9,25.5,27.2,25.72,1.26,-0.02,77,93,14.3,18.02,0.0,-0.9753,-0.2207,27.3,25.0,25.0,station
2024-09-18,22.3,21.4,24.9,25.1,24.3,22.2,21.6,23.1,23.6,23.0,23.6,1.66,0.9,76,100,17.4,6.73,0.0,-0.979,-0.2039,23.4,23.3,23.3,station
2024-09-19,30.2,26.2,28.1,29.3,27.6,22.5,23.0,21.9,24.8,27.5,28.28,1.54,4.34,59,95,17.2,19.25,0.0,-0.9824,-0.187,30.2,28.9,28.9,station
2024-09-20,25.3,23.7,25.9,24.6,26.2,22.8,24.6,27.1,26.8,27.2,25.14,1.01,-0.56,70,31,19.1,15.9,0.3,-0.9854,-0.1701,27.4,26.7,26.7,station
2024-09-21,25.8,23.2,23.2,24.1,25.0,25.4,22.6,24.0,24.3,26.7,24.26,1.14,-0.34,65,38,17.9,17.72,0.0,-0.9882,-0.1531,26.7,24.4,24.4,station
2024-09-22,22.6,21.4,22.6,23.2,23.6,23.2,21.0,22.8,22.5,24.0,22.68,0.83,-0.02,67,34,17.9,17.37,0.0,-0.9907,-0.1361,24.3,22.8,22.8,station
2024-09-23,22.4,18.9,20.7,20.0,21.1,21.9,20.0,19.7,21.0,22.5,20.62,1.3,-0.4,65,81,18.0,10.44,0.6,-0.9929,-0.1191,21.0,19.4,19.4,station
2024-09-24,19.8,18.7,20.7,21.0,21.4,20.3,19.3,19.9,21.4,22.9,20.32,1.08,-0.44,68,97,17.2,7.2,0.0,-0.9948,-0.102,20.0,19.4,19.4,station
2024-09-25,20.6,18.8,19.7,19.7,20.2,21.6,18.8,19.4,20.3,20.7,19.8,0.67,-0.36,71,100,18.7,5.73,0.6,-0.9964,-0.0848,21.0,20.0,20.0,station
2024-09-26,22.7,21.9,23.5,24.3,23.0,23.5,22.3,24.1,22.8,22.6,23.08,0.9,0.02,89,100,17.2,4.8,7.2,-0.9977,-0.0677,23.1,23.9,23.9,station
2024-09-27,23.6,21.0,21.8,24.1,23.2,24.3,20.8,21.4,22.8,23.8,22.74,1.3,0.12,81,100,14.3,6.63,0.7,-0.9987,-0.0505,22.3,22.8,22.8,station
2024-09-28,22.3,19.8,22.7,20.7,21.3,23.5,19.6,21.9,21.5,20.0,21.36,1.18,0.06,80,88,23.7,3.74,4.2,-0.9994,-0.0333,20.7,19.4,19.4,station
2024-09-29,19.2,18.0,17.9,18.9,20.8,19.5,18.1,19.3,18.9,17.7,18.96,1.17,0.26,84,97,17.8,4.17,3.1,-0.9999,-0.0161,18.3,17.2,17.2,station
2024-09-30,22.1,19.9,22.2,22.2,22.7,21.5,19.8,23.7,23.9,22.0,21.82,1.1,-0.36,75,90,19.1,15.07,0.0,-1.0,0.0011,22.2,21.1,21.1,station
2024-10-01,20.8,19.6,21.4,20.7,20.6,20.6,19.5,21.8,20.6,22.8,20.62,0.65,-0.44,75,72,17.2,11.71,0.1,-0.9998,0.0183,21.3,20.6,20.6,station
2024-10-02,20.6,18.5,19.4,19.6,20.6,20.5,18.8,20.7,19.4,21.9,19.74,0.89,-0.52,75,63,13.4,10.81,0.2,-0.9994,0.0355,20.5,20.0,20.0,station
2024-10-03,21.4,20.6,23.1,22.2,23.2,20.8,20.4,23.4,22.1,23.2,22.1,1.11,0.12,77,74,13.6,10.68,0.1,-0.9986,0.0527,21.8,21.7,21.7,station
2024-10-04,22.0,20.9,23.1,23.0,23.5,22.3,21.1,24.0,23.0,24.2,22.5,1.05,-0.42,84,83,16.4,13.38,0.1,-0.9976,0.0698,23.0,23.3,23.3,station
2024-10-05,23.1,22.6,24.1,23.8,23.4,23.1,22.7,24.7,24.7,22.1,23.4,0.59,-0.06,68,20,17.6,16.87,0.1,-0.9962,0.087,23.9,23.3,23.3,station
2024-10-06,20.0,19.8,22.7,21.7,22.0,20.3,19.8,22.6,21.2,22.1,21.24,1.28,0.04,72,22,16.0,16.36,0.0,-0.9946,0.1041,22.1,21.7,21.7,station
2024-10-07,22.3,21.6,23.2,22.8,23.9,22.1,21.5,22.7,22.2,23.9,22.76,0.87,0.28,67,50,18.9,13.96,8.8,-0.9926,0.1212,23.3,23.9,23.9,station
2024-10-08,19.8,19.1,20.3,20.6,20.7,19.8,19.0,21.2,20.4,20.5,20.1,0.66,-0.08,57,33,16.6,15.25,0.0,-0.9904,0.1383,20.4,20.6,20.6,station
2024-10-09,19.4,18.1,19.0,19.9,20.9,19.1,18.2,21.0,19.0,19.4,19.46,1.04,0.12,56,35,20.1,13.2,0.0,-0.9879,0.1553,19.6,20.0,20.0,station
2024-10-10,16.3,15.6,16.0,15.6,16.5,16.4,15.5,16.3,15.5,17.2,16.0,0.41,-0.18,55,4,21.5,16.41,0.0,-0.9851,0.1722,18.0,16.7,16.7,station
2024-10-11,20.1,18.5,20.3,19.5,20.8,19.7,17.5,21.1,19.2,21.2,19.84,0.88,0.1,58,1,18.3,16.49,0.0,-0.9819,0.1892,20.9,21.1,21.1,station
2024-10-12,21.6,21.8,22.9,22.5,22.7,21.6,21.7,22.8,23.1,24.7,22.3,0.57,-0.48,47,14,22.6,16.39,0.0,-0.9785,0.206,22.8,23.3,23.3,station
2024-10-13,21.8,18.3,23.7,23.0,20.8,20.2,15.6,26.0,22.3,23.2,21.52,2.12,0.06,65,55,20.2,14.41,0.0,-0.9749,0.2228,22.8,20.0,20.0,station
2024-10-14,20.3,18.3,19.9,20.0,18.7,18.8,17.2,21.2,19.4,20.3,19.44,0.88,0.06,68,42,35.9,13.69,0.1,-0.9709,0.2396,19.8,19.4,19.4,station
2024-10-15,13.8,13.3,12.1,13.9,14.5,13.8,12.7,14.0,13.6,14.0,13.52,0.9,-0.1,57,27,20.1,14.05,0.0,-0.9666,0.2562,14.7,14.4,14.4,station
2024-10-16,13.3,13.9,12.6,13.3,13.5,13.1,13.0,14.7,13.1,13.6,13.32,0.47,-0.18,55,18,20.1,12.62,0.0,-0.9621,0.2728,15.3,15.0,15.0,station
2024-10-17,14.9,13.8,15.5,15.2,15.2,14.9,13.4,15.6,14.5,14.3,14.92,0.66,0.38,57,24,22.4,14.77,0.0,-0.9572,0.2893,15.1,15.0,15.0,station
2024-10-18,18.7,17.8,20.1,19.6,18.6,18.8,17.4,19.3,19.3,18.5,18.96,0.9,0.3,50,0,18.0,15.31,0.0,-0.9521,0.3057,19.3,19.4,19.4,station
2024-10-19,20.0,19.2,21.8,20.7,20.3,19.9,18.5,20.5,20.5,21.2,20.4,0.96,0.28,60,0,11.1,15.02,0.0,-0.9467,0.3221,21.4,22.2,22.2,station
2024-10-20,22.1,20.9,23.9,22.6,22.1,21.9,21.1,23.6,22.7,22.7,22.32,1.08,-0.08,61,4,11.7,15.17,0.0,-0.941,0.3383,24.2,23.9,23.9,station
2024-10-21,25.0,22.9,27.2,26.5,24.7,24.5,23.1,26.5,25.6,25.4,25.26,1.68,0.24,54,1,12.0,14.44,0.0,-0.9351,0.3545,27.6,27.2,27.2,station
2024-10-22,25.2,22.7,27.8,27.1,24.7,24.4,22.6,26.0,26.9,26.7,25.5,2.03,0.18,65,0,12.9,13.91,0.0,-0.9288,0.3705,27.5,27.2,27.2,station
2024-10-23,21.7,21.8,23.9,22.5,23.0,21.3,22.2,24.0,22.4,24.0,22.58,0.91,-0.2,75,7,22.3,13.79,0.0,-0.9223,0.3864,23.3,22.8,22.8,station
2024-10-24,18.9,18.3,19.1,19.7,19.6,18.8,18.5,19.7,19.3,20.6,19.12,0.57,-0.26,56,17,24.2,13.89,0.2,-0.9155,0.4022,20.4,20.6,20.6,station
2024-10-25,16.4,14.9,17.3,16.8,17.1,16.6,14.3,17.3,16.0,18.2,16.5,0.96,0.02,57,18,15.2,14.19,0.0,-0.9085,0.4179,17.9,18.3,18.3,station
2024-10-26,17.6,17.5,17.1,18.0,18.1,18.4,17.3,19.0,18.3,19.3,17.66,0.4,-0.8,47,19,25.0,13.78,0.0,-0.9012,0.4335,18.1,17.8,17.8,station
2024-10-27,13.8,12.6,13.6,14.0,14.0,14.0,12.1,14.5,14.0,14.2,13.6,0.58,-0.16,49,38,18.3,14.05,0.0,-0.8936,0.4489,14.6,15.0,15.0,station
2024-10-28,15.4,14.1,16.0,16.0,15.3,15.2,13.6,14.8,15.7,14.1,15.36,0.78,0.68,61,29,14.8,13.2,0.0,-0.8857,0.4642,16.2,15.6,15.6,station
2024-10-29,17.9,16.5,18.7,18.2,19.1,17.8,16.0,17.4,18.0,19.3,18.08,1.0,0.38,79,69,23.3,8.0,0.7,-0.8776,0.4794,17.3,17.2,17.2,station
2024-10-30,20.5,20.1,24.6,22.5,21.2,21.7,19.5,23.9,22.5,22.1,21.78,1.82,-0.16,75,78,14.4,12.09,0.0,-0.8692,0.4944,25.3,25.6,25.6,station
2024-10-31,25.3,23.0,27.4,24.9,24.1,24.7,22.8,26.0,25.0,25.9,24.94,1.63,0.06,68,80,20.0,12.08,0.0,-0.8606,0.5093,28.0,27.8,27.8,station
2024-11-01,24.6,23.1,25.6,24.8,24.9,23.9,22.5,25.5,24.1,27.7,24.6,0.92,-0.14,51,47,30.2,9.76,0.4,-0.8517,0.524,26.6,26.7,26.7,station
2024-11-02,15.7,14.1,15.1,14.6,16.6,15.1,14.1,15.3,13.8,17.7,15.22,0.97,0.02,50,4,19.8,12.66,0.0,-0.8426,0.5386,16.0,16.1,16.1,station
2024-11-03,12.5,11.0,12.4,12.2,12.0,12.7,10.7,14.1,12.6,13.0,12.02,0.6,-0.6,48,14,13.9,12.79,0.0,-0.8332,0.553,13.1,12.8,12.8,station
2024-11-04,14.6,14.2,14.5,13.7,15.7,14.0,13.7,15.2,13.9,15.7,14.54,0.74,0.04,71,69,18.6,11.28,0.0,-0.8235,0.5672,14.4,14.4,14.4,station
2024-11-05,20.9,19.9,20.2,22.0,22.4,20.9,19.6,21.6,22.1,23.1,21.08,1.09,-0.38,78,24,22.3,11.14,0.0,-0.8137,0.5813,22.9,23.3,23.3,station
2024-11-06,25.2,22.7,26.4,26.1,24.1,25.3,22.5,25.5,25.5,25.8,24.9,1.52,-0.02,65,19,23.5,11.36,0.0,-0.8035,0.5952,27.1,26.7,26.7,station
2024-11-07,21.9,20.7,21.5,22.3,22.1,23.3,21.0,23.5,22.5,24.9,21.7,0.63,-1.34,65,39,20.5,11.04,0.0,-0.7932,0.609,22.6,23.3,23.3,station
2024-11-08,19.8,17.8,19.6,20.0,18.9,19.4,17.8,20.3,19.4,20.0,19.22,0.9,-0.16,54,3,27.9,11.8,0.0,-0.7826,0.6225,20.7,21.1,21.1,station
2024-11-09,12.1,13.2,11.5,12.5,11.9,11.7,12.9,12.9,11.5,13.0,12.24,0.65,-0.16,40,6,23.0,12.0,0.0,-0.7718,0.6359,12.8,12.8,12.8,station
2024-11-10,14.9,13.9,15.2,14.9,15.2,15.3,13.8,15.1,14.0,15.4,14.82,0.54,0.1,61,89,20.7,5.92,1.0,-0.7607,0.6491,14.9,14.4,14.4,station
2024-11-11,19.9,18.3,17.9,18.4,18.4,20.6,18.3,18.2,18.4,20.3,18.58,0.77,-0.58,71,43,26.1,10.32,5.1,-0.7494,0.6621,21.0,20.6,20.6,station
2024-11-12,11.6,14.0,10.6,13.5,12.0,11.7,14.0,13.0,13.0,13.3,12.34,1.4,-0.66,50,6,27.2,10.97,0.0,-0.7379,0.6749,12.1,15.6,15.6,station
2024-11-13,8.8,8.4,9.1,9.2,8.5,9.1,7.9,8.9,8.6,9.5,8.8,0.35,0.0,42,3,14.8,11.43,0.0,-0.7262,0.6875,9.4,10.6,10.6,station
2024-11-14,8.1,7.7,8.9,7.4,8.8,7.8,6.9,8.2,7.6,8.3,8.18,0.66,0.42,48,81,10.3,9.62,0.0,-0.7143,0.6998,8.1,8.3,8.3,station
2024-11-15,13.2,13.0,13.2,14.3,13.2,13.1,11.7,14.6,14.5,13.8,13.38,0.52,-0.16,41,58,13.8,9.84,0.0,-0.7021,0.712,14.8,15.0,15.0,station
2024-11-16,15.8,15.8,16.7,15.3,15.2,15.5,15.5,15.3,15.2,15.2,15.76,0.59,0.42,35,0,17.1,10.85,0.0,-0.6898,0.724,16.7,17.2,17.2,station
2024-11-17,17.1,16.2,17.5,18.1,15.9,16.0,15.8,16.3,17.4,17.8,16.96,0.91,0.3,35,51,13.2,10.5,0.0,-0.6772,0.7358,18.1,17.2,17.2,station
2024-11-18,17.3,17.1,17.6,17.8,17.4,17.0,16.7,17.2,17.4,17.1,17.44,0.27,0.36,47,44,16.1,10.34,0.0,-0.6645,0.7473,18.1,18.9,18.9,station
2024-11-19,13.5,13.1,13.9,14.2,14.5,13.1,13.0,13.2,13.8,15.3,13.84,0.55,0.16,50,59,14.1,9.21,0.0,-0.6515,0.7586,14.8,16.1,16.1,station
2024-11-20,15.0,13.9,12.5,15.3,15.7,15.0,12.4,15.6,15.6,14.3,14.48,1.29,-0.1,59,61,11.2,7.57,0.0,-0.6384,0.7697,16.0,14.4,14.4,station
2024-11-21,11.2,12.3,12.2,11.9,12.1,12.1,12.2,12.5,12.7,12.0,11.94,0.44,-0.36,90,100,16.6,1.34,43.8,-0.625,0.7806,11.9,12.2,12.2,station
2024-11-22,4.5,5.5,4.2,5.9,4.0,7.4,5.3,7.6,7.6,3.5,4.82,0.83,-1.46,88,100,26.0,3.5,18.6,-0.6115,0.7912,5.3,5.0,5.0,station
2024-11-23,8.1,10.2,7.7,9.6,8.8,9.1,10.4,8.5,9.4,8.0,8.88,1.03,-0.2,77,65,25.8,8.24,0.9,-0.5978,0.8016,8.9,10.0,10.0,station
2024-11-24,10.4,11.4,8.6,10.4,11.0,9.4,10.8,9.6,10.1,11.1,10.36,1.07,0.16,62,57,23.9,7.62,0.0,-0.584,0.8118,10.5,11.7,11.7,station
2024-11-25,9.1,11.0,10.2,11.0,11.0,9.0,10.3,11.5,10.7,10.5,10.46,0.84,0.06,68,44,12.0,9.68,0.0,-0.5699,0.8217,10.5,12.8,12.8,station
2024-11-26,14.4,12.9,13.6,15.4,13.6,14.7,13.1,14.3,15.0,13.1,13.98,0.95,-0.06,74,57,15.8,4.8,2.8,-0.5557,0.8314,14.6,14.4,14.4,station
2024-11-27,9.2,10.2,9.1,10.7,10.4,8.6,9.7,9.2,10.1,9.7,9.92,0.73,0.46,67,62,9.8,9.41,0.0,-0.5413,0.8408,10.4,11.1,11.1,station
2024-11-28,13.1,11.2,12.9,13.5,12.4,12.2,10.0,8.7,12.4,8.5,12.62,0.89,2.26,84,82,20.8,1.55,20.9,-0.5268,0.85,11.4,10.6,10.6,station
2024-11-29,6.9,7.5,6.2,7.4,7.9,6.5,7.2,7.4,7.6,5.5,7.18,0.65,0.34,71,29,17.8,5.89,0.4,-0.5121,0.859,7.8,7.8,7.8,station
2024-11-30,2.9,3.6,3.5,3.4,3.6,3.1,2.9,4.0,3.1,2.3,3.4,0.29,0.32,58,14,17.1,9.22,0.0,-0.4972,0.8676,3.6,4.4,4.4,station
2024-12-01,2.2,3.2,3.4,2.8,2.9,1.9,2.9,3.2,2.2,1.4,2.9,0.46,0.58,55,33,18.4,8.55,0.0,-0.4822,0.8761,2.8,3.9,3.9,station
2024-12-02,3.1,4.2,3.6,3.4,4.2,2.9,3.5,4.3,3.2,3.8,3.7,0.49,0.16,58,11,10.3,8.84,0.0,-0.4671,0.8842,3.9,3.9,3.9,station
2024-12-03,3.4,4.6,3.6,4.4,5.5,3.6,4.4,4.8,3.9,4.6,4.3,0.84,0.04,64,14,10.9,8.32,0.1,-0.4518,0.8921,5.0,6.1,6.1,station
2024-12-04,4.4,5.8,4.4,5.7,4.9,4.8,5.3,4.5,5.0,4.4,5.04,0.68,0.24,61,61,16.6,6.65,0.1,-0.4364,0.8998,4.1,5.6,5.6,station
2024-12-05,3.9,5.0,5.5,5.4,6.1,5.3,5.2,5.5,4.9,6.7,5.18,0.82,-0.34,68,60,27.6,7.53,5.6,-0.4208,0.9071,4.9,5.0,5.0,station
2024-12-06,-0.1,1.4,-0.6,0.2,0.9,0.7,1.1,1.2,0.6,2.7,0.36,0.8,-0.9,55,53,19.2,5.77,0.0,-0.4052,0.9142,0.3,1.7,1.7,station
2024-12-07,3.4,4.2,4.4,3.4,4.3,2.9,3.0,2.6,2.9,3.3,3.94,0.5,1.0,56,48,14.2,8.97,0.0,-0.3894,0.9211,4.9,5.0,5.0,station
2024-12-08,9.8,11.1,11.5,10.9,10.7,8.3,10.4,9.0,9.4,10.6,10.8,0.63,1.26,50,63,18.7,7.68,0.1,-0.3735,0.9276,11.4,12.8,12.8,station
2024-12-09,9.2,9.6,12.0,10.5,10.8,9.8,9.2,8.4,8.4,10.5,10.42,1.1,1.16,81,74,12.3,3.45,7.7,-0.3575,0.9339,10.6,10.6,10.6,station
2024-12-10,12.1,10.7,11.9,11.6,11.9,11.2,9.9,11.3,10.7,12.2,11.64,0.55,0.58,95,100,14.4,2.36,1.3,-0.3413,0.9399,10.8,9.4,9.4,station
2024-12-11,15.6,15.5,16.1,16.4,15.6,15.3,15.0,14.9,16.2,16.0,15.84,0.39,0.36,94,100,26.2,1.51,35.4,-0.3251,0.9457,15.5,15.6,15.6,station
2024-12-12,4.4,7.8,5.9,5.8,5.5,4.8,8.3,6.8,5.7,5.8,5.88,1.23,-0.4,55,27,25.8,7.2,0.1,-0.3088,0.9511,5.3,5.6,5.6,station
2024-12-13,-0.6,0.8,-0.9,0.2,-0.2,-0.1,1.1,0.9,0.1,-0.9,-0.14,0.67,-0.36,52,2,12.3,9.01,0.0,-0.2924,0.9563,0.2,1.1,1.1,station
2024-12-14,1.0,1.3,0.9,1.3,1.2,1.0,0.9,1.3,1.2,0.7,1.14,0.18,0.12,53,6,8.1,9.01,0.0,-0.2759,0.9612,0.8,1.1,1.1,station
2024-12-15,3.9,5.0,5.1,2.7,4.4,3.4,5.2,3.6,2.7,4.3,4.22,0.98,0.38,69,95,9.0,6.0,0.0,-0.2593,0.9658,3.4,6.1,6.1,station
2024-12-16,10.3,8.5,10.5,10.6,10.8,10.9,8.9,10.1,11.6,11.2,10.14,0.93,-0.4,94,100,15.0,1.61,13.9,-0.2427,0.9701,9.8,10.6,10.6,station
2024-12-17,12.8,12.0,13.7,14.1,13.2,13.8,11.9,13.6,15.0,13.6,13.16,0.81,-0.42,84,69,17.4,7.11,2.6,-0.226,0.9741,14.7,15.6,15.6,station
2024-12-18,9.3,10.2,8.7,11.0,10.0,8.1,10.0,9.6,10.2,9.5,9.84,0.88,0.36,79,38,9.9,8.49,3.0,-0.2092,0.9779,10.1,11.7,11.7,station
2024-12-19,6.8,7.7,7.7,7.5,6.7,6.6,8.1,8.2,7.4,5.5,7.28,0.49,0.12,71,69,15.3,8.16,2.4,-0.1923,0.9813,6.8,7.2,7.2,station
2024-12-20,2.9,3.9,4.7,2.5,3.3,3.3,3.7,4.0,3.8,4.0,3.46,0.86,-0.3,80,99,15.3,2.06,1.7,-0.1754,0.9845,2.8,3.3,3.3,station
2024-12-21,1.5,1.5,2.0,1.2,0.8,0.0,1.2,2.0,0.4,1.6,1.4,0.44,0.36,73,69,23.2,8.23,3.4,-0.1585,0.9874,0.7,0.6,0.6,station
2024-12-22,-6.8,-4.7,-5.7,-4.7,-4.7,-5.5,-4.7,-3.0,-4.8,-4.1,-5.32,0.93,-0.9,59,9,14.9,9.31,0.0,-0.1414,0.9899,-6.7,-5.6,-5.6,station
2024-12-23,-3.6,-1.3,-2.7,-2.4,-4.2,-3.9,-1.9,-0.2,-2.0,-5.7,-2.84,1.12,-0.1,59,32,8.1,9.12,0.0,-0.1244,0.9922,-4.2,-0.6,-0.6,station
2024-12-24,1.8,2.8,1.0,2.6,2.1,0.3,1.9,3.1,1.2,1.4,2.06,0.71,0.48,80,79,10.7,5.63,1.9,-0.1073,0.9942,1.6,4.4,4.4,station
2024-12-25,1.1,1.9,0.3,1.4,1.3,-0.3,1.4,1.7,1.4,-1.4,1.2,0.58,0.64,77,54,11.0,6.12,0.0,-0.0902,0.9959,0.2,2.2,2.2,station
2024-12-26,-0.3,2.2,2.5,2.2,2.4,-1.1,2.0,1.7,2.0,-0.6,1.8,1.18,1.0,69,15,7.9,9.09,0.0,-0.073,0.9973,-0.3,2.8,2.8,station
2024-12-27,2.2,3.8,5.6,3.5,5.0,1.1,4.5,3.0,4.1,1.7,4.02,1.33,1.14,74,60,5.3,8.11,0.0,-0.0559,0.9984,2.7,6.1,6.1,station
2024-12-28,7.0,7.7,9.4,7.5,7.3,9.4,7.6,5.2,7.8,9.5,7.78,0.94,-0.12,95,100,7.8,2.07,4.7,-0.0387,0.9993,7.6,10.0,10.0,station
2024-12-29,12.8,12.3,12.4,13.3,12.8,13.0,12.6,12.4,14.0,14.8,12.72,0.4,-0.64,92,98,23.4,5.68,4.0,-0.0215,0.9998,14.7,14.4,14.4,station
2024-12-30,13.1,13.1,12.7,13.4,12.2,13.0,12.9,12.2,12.7,13.6,12.9,0.46,0.02,77,46,26.1,8.0,4.2,-0.0043,1.0,13.3,13.9,13.9,station
2024-12-31,9.1,9.6,9.2,10.6,9.9,10.5,9.5,11.0,11.1,9.6,9.68,0.61,-0.66,76,41,14.2,8.36,4.1,0.0129,0.9999,9.8,,,
2025-01-01,10.2,9.4,10.4,10.3,10.2,10.4,9.7,10.8,11.9,9.4,10.1,0.4,-0.34,81,55,24.1,6.46,5.8,0.0172,0.9999,11.1,11.1,11.1,station
2025-01-02,4.6,5.1,4.3,4.8,5.3,4.0,5.1,4.9,4.5,3.9,4.82,0.4,0.34,55,30,25.1,7.33,0.0,0.0344,0.9994,5.5,6.1,6.1,station
2025-01-03,2.4,2.9,3.7,2.5,3.2,2.5,3.0,3.3,2.8,2.6,2.94,0.53,0.1,57,38,18.2,8.43,0.0,0.0516,0.9987,3.3,3.9,3.9,station
2025-01-04,-0.2,0.7,0.1,0.4,0.9,0.3,0.7,1.3,0.2,0.7,0.38,0.44,-0.26,47,48,24.8,7.24,0.0,0.0688,0.9976,0.2,1.1,1.1,station
2025-01-05,0.7,0.9,0.6,0.7,1.1,0.5,0.8,1.1,0.6,1.1,0.8,0.2,-0.02,48,50,20.2,6.9,0.0,0.0859,0.9963,0.5,0.6,0.6,station
2025-01-06,-1.5,-0.1,-1.1,-0.9,0.1,-1.4,-0.7,-1.1,-1.1,-1.7,-0.7,0.68,0.5,70,100,17.6,1.97,1.5,0.103,0.9947,-1.4,-0.6,-0.6,station
2025-01-07,-3.3,-0.3,-1.3,-1.3,-0.8,-2.5,0.1,-0.7,-1.7,-1.1,-1.4,1.14,-0.22,61,81,32.6,6.52,0.0,0.1201,0.9928,-2.7,1.1,1.1,station
2025-01-08,-3.5,-1.5,-4.6,-3.2,-2.6,-2.6,-1.2,-2.4,-3.1,-2.2,-3.08,1.14,-0.78,47,49,28.2,8.58,0.0,0.1372,0.9905,-2.3,-1.1,-1.1,station
2025-01-09,-1.3,0.7,-1.1,-1.2,-1.0,-1.4,0.0,-0.1,-1.4,1.4,-0.78,0.83,-0.48,52,52,27.5,8.78,0.0,0.1542,0.988,-1.7,1.1,1.1,station
2025-01-10,2.6,3.2,3.8,1.9,3.2,2.2,2.5,2.0,0.8,3.5,2.94,0.72,0.74,55,55,21.9,9.24,0.0,0.1712,0.9852,3.6,4.4,4.4,station
2025-01-11,0.5,1.1,0.4,0.4,1.4,0.5,1.2,1.4,0.4,0.8,0.76,0.46,-0.1,73,81,16.8,6.36,1.8,0.1881,0.9821,0.4,2.2,2.2,station
2025-01-12,3.7,4.0,5.0,3.6,4.7,4.0,4.1,3.1,2.7,4.7,4.2,0.62,0.48,65,29,14.9,9.05,0.0,0.205,0.9788,4.9,5.6,5.6,station
2025-01-13,3.5,5.5,6.6,5.7,6.8,3.3,4.5,4.2,4.7,4.6,5.62,1.31,1.36,62,34,16.5,8.01,0.0,0.2218,0.9751,6.4,6.1,6.1,station
2025-01-14,-0.1,2.3,-1.1,0.6,0.1,-0.1,2.0,0.3,0.6,0.3,0.36,1.25,-0.26,45,29,22.2,10.04,0.0,0.2385,0.9711,0.4,1.1,1.1,station
2025-01-15,-1.3,0.7,-0.6,-1.0,0.4,-0.8,-0.0,-0.4,-1.5,0.4,-0.36,0.87,0.1,47,30,24.9,8.95,0.0,0.2552,0.9669,-1.0,0.0,0.0,station
2025-01-16,-1.3,-1.3,-0.9,-1.2,-1.1,-1.2,-1.3,-0.6,-1.5,-1.7,-1.16,0.17,0.1,55,73,10.7,7.88,0.4,0.2718,0.9624,-0.8,-0.6,-0.6,station
2025-01-17,3.7,3.0,4.5,2.8,5.2,3.2,2.9,3.2,3.0,3.5,3.84,1.01,0.68,65,26,10.3,9.04,0.0,0.2883,0.9575,4.8,6.1,6.1,station
2025-01-18,6.8,7.1,8.8,7.9,7.6,6.1,6.4,5.7,7.2,8.5,7.64,0.78,0.86,80,85,16.0,2.69,2.8,0.3047,0.9524,7.0,7.8,7.8,station
2025-01-19,4.0,3.7,3.2,4.2,3.6,4.0,3.3,4.0,4.5,6.0,3.74,0.38,-0.62,89,67,20.3,1.82,7.0,0.3211,0.9471,2.6,5.0,5.0,station
2025-01-20,-4.7,-1.4,-4.0,-1.3,-2.5,-5.7,-2.7,-3.2,-3.1,-1.4,-2.78,1.53,0.44,66,44,17.1,10.59,0.2,0.3373,0.9414,-3.2,-2.2,-2.2,station
2025-01-21,-8.9,-6.3,-7.5,-7.0,-6.9,-8.8,-7.4,-7.2,-6.5,-9.2,-7.32,0.98,0.5,62,67,9.7,9.46,0.4,0.3534,0.9355,-8.2,-6.7,-6.7,station
2025-01-22,-8.8,-6.2,-6.8,-6.3,-6.3,-10.1,-6.3,-6.2,-5.8,-8.7,-6.88,1.1,0.54,54,29,10.5,11.49,0.0,0.3695,0.9292,-8.3,-6.1,-6.1,station
2025-01-23,-3.3,-1.5,-0.6,-1.8,-1.0,-5.0,-1.6,-2.6,-1.7,-5.5,-1.64,1.04,1.64,53,49,8.6,9.89,0.0,0.3854,0.9227,-3.6,-1.7,-1.7,station
2025-01-24,-1.5,0.1,-0.6,-0.8,0.4,-2.0,0.5,-0.1,-1.3,-2.3,-0.48,0.75,0.56,62,11,11.0,11.54,0.0,0.4012,0.916,-0.9,1.1,1.1,station
2025-01-25,-2.7,-0.2,0.5,-0.6,-0.3,-3.0,-0.8,-1.4,-1.1,-3.3,-0.66,1.21,1.26,65,27,11.6,11.38,0.0,0.4169,0.9089,-2.2,0.6,0.6,station
2025-01-26,3.3,4.7,4.6,3.5,4.8,3.0,5.0,3.3,3.2,3.3,4.18,0.72,0.62,64,89,16.1,9.89,0.0,0.4325,0.9016,4.1,6.7,6.7,station
2025-01-27,1.5,3.4,4.1,3.3,4.1,1.3,3.8,2.7,2.7,1.3,3.28,1.06,0.92,59,27,18.9,11.89,0.0,0.4479,0.8941,2.0,5.0,5.0,station
2025-01-28,1.6,4.8,2.5,3.4,4.4,0.6,5.5,1.6,1.6,4.1,3.34,1.32,0.66,53,66,23.9,9.93,0.0,0.4633,0.8862,4.3,5.6,5.6,station
2025-01-29,7.1,9.8,8.1,7.8,9.0,6.5,10.0,7.2,6.6,8.3,8.36,1.05,0.64,53,42,21.7,10.89,0.1,0.4784,0.8781,9.0,11.7,11.7,station
2025-01-30,1.4,1.9,2.9,1.3,3.0,1.4,2.6,2.3,1.8,3.7,2.1,0.81,-0.26,51,40,15.8,11.76,0.0,0.4935,0.8698,0.9,3.3,3.3,station
2025-01-31,4.7,7.1,7.8,5.9,6.9,5.5,5.5,2.1,5.1,8.1,6.48,1.2,1.22,91,100,12.3,2.46,10.6,0.5084,0.8611,5.9,9.4,9.4,station
2025-02-01,5.3,7.5,9.9,4.9,5.0,2.9,4.5,4.2,4.0,5.4,6.52,2.17,2.32,69,61,19.7,7.25,2.4,0.5231,0.8523,5.5,8.9,8.9,station
2025-02-02,1.9,2.6,1.6,1.6,2.8,2.1,2.6,1.8,1.5,2.9,2.1,0.57,-0.08,57,92,11.7,6.91,2.5,0.5377,0.8432,1.3,-0.6,-0.6,station
2025-02-03,5.3,4.7,9.8,7.7,7.0,5.9,5.2,5.3,8.2,5.9,6.9,2.03,0.8,87,87,14.4,9.06,0.9,0.5521,0.8338,5.6,8.9,8.9,station
2025-02-04,5.2,5.7,6.9,6.0,6.0,7.5,6.5,5.8,6.7,8.1,5.96,0.62,-0.96,67,49,23.1,11.38,0.5,0.5664,0.8242,6.2,9.4,9.4,station
2025-02-05,-0.2,1.0,1.4,0.1,1.3,-0.7,0.3,-0.3,-1.4,0.4,0.72,0.73,1.06,51,93,15.4,11.51,0.0,0.5805,0.8143,1.6,2.8,2.8,station
2025-02-06,3.7,3.8,4.0,4.4,4.6,3.2,3.5,1.7,3.1,3.8,4.1,0.39,1.04,86,85,13.2,3.65,9.6,0.5944,0.8042,3.0,4.4,4.4,station
2025-02-07,3.5,5.3,3.4,4.4,5.2,3.8,5.5,3.2,4.6,7.1,4.36,0.9,-0.48,65,53,27.0,12.03,0.0,0.6081,0.7938,4.8,6.1,6.1,station
2025-02-08,0.2,0.7,1.9,0.0,2.0,0.1,0.7,0.2,-0.8,0.7,0.96,0.94,0.78,56,91,9.9,8.48,5.9,0.6217,0.7833,1.0,1.7,1.7,station
2025-02-09,1.8,3.5,2.2,3.8,3.6,2.1,3.3,1.3,3.7,0.8,2.98,0.91,0.74,87,85,12.2,11.18,6.4,0.6351,0.7725,1.3,2.2,2.2,station
2025-02-10,-0.8,2.1,-0.1,1.2,3.1,-1.1,2.3,0.1,1.1,-1.8,1.1,1.59,0.98,72,49,13.3,12.77,0.0,0.6483,0.7614,0.3,3.3,3.3,station
2025-02-11,-1.0,1.2,2.9,1.1,2.4,-1.5,1.2,-0.5,-0.2,-1.8,1.32,1.51,1.88,75,89,5.8,9.35,1.2,0.6613,0.7502,-0.2,2.2,2.2,station
2025-02-12,1.3,2.0,1.2,1.5,1.7,0.9,2.7,0.6,1.0,0.9,1.54,0.32,0.32,88,100,13.9,7.28,4.6,0.6741,0.7387,0.8,2.2,2.2,station
2025-02-13,9.3,6.4,10.1,7.8,8.4,11.3,6.0,6.0,8.6,8.9,8.4,1.42,0.24,88,87,20.8,5.49,5.8,0.6867,0.727,6.6,8.3,8.3,station
2025-02-14,0.5,3.2,1.4,1.5,2.0,0.3,3.3,0.5,1.8,1.1,1.72,0.99,0.32,53,36,20.8,14.22,0.0,0.6991,0.715,1.0,2.8,2.8,station
2025-02-15,1.2,3.2,2.5,2.1,2.9,1.2,2.3,0.6,2.0,1.7,2.38,0.78,0.82,66,100,11.9,5.2,6.6,0.7113,0.7029,1.6,2.2,2.2,station
2025-02-16,11.7,9.3,12.9,5.2,12.6,13.1,8.5,12.9,12.9,12.0,10.34,3.2,-1.54,95,95,29.3,1.88,26.5,0.7233,0.6906,7.8,8.9,8.9,station
2025-02-17,2.9,4.4,2.4,2.1,2.6,1.1,4.0,0.9,0.8,3.3,2.88,0.9,0.86,51,65,27.9,10.6,0.0,0.735,0.678,2.0,2.2,2.2,station
2025-02-18,-2.7,-3.0,-3.7,-3.5,-3.2,-2.8,-3.3,-4.1,-3.9,-3.8,-3.22,0.4,0.36,36,24,22.9,15.16,0.0,0.7466,0.6653,-3.1,-2.2,-2.2,station
2025-02-19,-1.3,-0.7,-0.7,-1.8,-1.7,-1.3,-0.5,-1.6,-3.2,-2.0,-1.24,0.53,0.48,47,60,17.2,13.5,0.0,0.7579,0.6523,-1.2,-1.1,-1.1,station
2025-02-20,-1.8,-1.8,-2.4,-3.0,-2.5,-2.2,-1.0,-2.8,-3.4,-4.3,-2.3,0.51,0.44,58,68,19.7,11.88,0.9,0.769,0.6392,-1.3,-1.7,-1.7,station
2025-02-21,-0.9,0.8,-1.1,-0.9,-1.0,-0.5,1.5,0.4,-0.9,-0.6,-0.62,0.8,-0.6,55,33,22.0,15.58,0.0,0.7799,0.6259,-0.4,1.7,1.7,station
2025-02-22,2.3,2.3,3.2,2.4,3.6,1.7,2.1,2.8,2.3,2.3,2.76,0.6,0.52,58,35,15.2,15.89,0.0,0.7906,0.6124,3.2,4.4,4.4,station
2025-02-23,6.2,5.4,7.5,6.5,6.2,5.7,5.3,5.8,5.5,4.7,6.36,0.76,0.96,55,65,11.3,15.12,0.0,0.801,0.5987,7.6,8.3,8.3,station
2025-02-24,7.2,6.5,9.8,8.5,8.1,6.7,6.7,7.4,7.7,7.2,8.02,1.26,0.88,67,78,19.6,15.12,0.0,0.8112,0.5848,8.0,9.4,9.4,station
2025-02-25,10.5,8.9,13.7,11.5,11.3,9.4,8.0,8.9,11.4,11.0,11.18,1.74,1.44,68,76,13.5,12.54,0.0,0.8211,0.5708,12.6,13.3,13.3,station
2025-02-26,10.6,9.7,13.0,11.7,10.5,11.0,9.8,10.7,11.5,11.4,11.1,1.28,0.22,68,37,19.3,15.64,0.1,0.8308,0.5566,12.7,13.9,13.9,station
2025-02-27,12.5,8.8,16.4,11.8,10.2,12.8,9.9,12.5,11.8,14.9,11.94,2.88,-0.44,79,100,14.7,5.94,2.9,0.8402,0.5422,12.2,12.8,12.8,station
2025-02-28,8.0,7.4,9.6,9.3,7.5,8.2,7.6,8.5,9.8,8.6,8.36,1.03,-0.18,56,44,17.8,16.88,0.0,0.8495,0.5277,9.4,11.1,11.1,station
2025-03-01,14.2,12.1,14.1,14.7,14.4,11.8,11.9,13.5,13.3,14.8,13.9,1.03,0.84,52,48,26.5,13.88,0.0,0.8584,0.513,15.6,17.8,17.8,station
2025-03-02,-0.6,-0.4,-1.4,0.0,0.5,-0.3,-0.4,-0.5,-0.8,0.9,-0.38,0.71,-0.16,37,18,20.5,17.81,0.0,0.8671,0.4981,0.3,1.1,1.1,station
2025-03-03,2.3,2.0,1.7,2.0,3.1,1.6,1.8,3.2,1.2,2.2,2.22,0.54,0.22,43,23,13.0,16.98,0.0,0.8755,0.4831,3.4,4.4,4.4,station
2025-03-04,8.2,7.9,10.0,10.2,9.9,8.9,8.0,10.1,9.9,12.6,9.24,1.1,-0.66,62,33,13.6,14.3,0.0,0.8837,0.468,11.2,10.6,10.6,station
2025-03-05,11.6,10.3,12.9,11.1,11.2,11.6,10.8,10.9,10.8,11.4,11.42,0.95,0.32,82,83,26.6,4.73,36.8,0.8916,0.4527,11.8,12.8,12.8,station
2025-03-06,11.2,10.5,11.3,13.3,10.0,12.4,11.0,11.4,12.9,11.9,11.26,1.26,-0.66,71,69,27.0,15.91,5.6,0.8993,0.4373,12.4,11.7,11.7,station
2025-03-07,7.8,7.3,6.2,8.3,8.3,7.8,7.1,10.2,8.9,6.2,7.58,0.88,-0.46,47,35,32.0,16.24,0.0,0.9067,0.4218,7.6,10.0,10.0,station
2025-03-08,5.9,6.1,4.5,5.5,6.6,5.4,6.0,6.4,4.9,7.2,5.72,0.79,-0.26,49,43,23.7,15.63,0.0,0.9138,0.4061,5.9,7.2,7.2,station
2025-03-09,9.3,8.1,10.1,10.7,9.5,9.1,7.8,9.8,8.6,8.6,9.54,0.97,0.76,53,24,24.1,14.76,0.0,0.9207,0.3904,10.0,12.2,12.2,station
2025-03-10,14.2,12.2,16.9,16.6,15.0,13.7,11.5,15.4,16.0,16.0,14.98,1.91,0.46,59,10,13.5,18.66,0.0,0.9272,0.3745,16.8,19.4,19.4,station
2025-03-11,13.8,12.3,16.2,16.0,15.6,13.8,12.3,14.7,14.3,14.9,14.78,1.68,0.78,65,7,12.6,18.94,0.0,0.9335,0.3585,15.2,16.7,16.7,station
2025-03-12,9.0,8.7,13.0,11.8,8.9,9.4,8.8,12.9,12.5,10.2,10.28,1.98,-0.48,55,55,13.1,16.72,0.0,0.9396,0.3424,11.0,12.2,12.2,station
2025-03-13,10.2,6.9,10.0,10.9,9.5,10.7,6.7,6.7,10.2,11.2,9.5,1.54,0.4,72,46,13.2,18.15,0.0,0.9453,0.3261,10.3,7.2,7.2,station
2025-03-14,11.9,7.6,11.6,14.0,11.6,12.5,7.9,12.0,13.8,14.2,11.34,2.32,-0.74,78,52,10.0,18.86,0.0,0.9508,0.3098,13.0,12.2,12.2,station
2025-03-15,10.1,7.6,8.2,9.3,9.4,9.4,7.0,12.5,9.4,10.6,8.92,1.0,-0.86,92,100,12.5,7.12,0.4,0.956,0.2934,9.5,9.4,9.4,station
2025-03-16,14.7,13.0,15.6,14.7,14.8,14.1,13.1,13.1,14.4,15.9,14.56,0.95,0.44,94,100,27.1,6.68,3.7,0.9609,0.2769,14.5,14.4,14.4,station
2025-03-17,13.3,12.6,14.2,17.4,12.2,15.4,12.8,12.5,15.7,14.2,13.94,2.08,-0.18,82,94,24.3,5.57,24.1,0.9655,0.2604,14.5,14.4,14.4,station
2025-03-18,14.0,10.9,12.5,14.0,12.6,14.6,10.7,17.6,15.8,12.1,12.8,1.29,-1.36,55,13,18.1,20.65,0.0,0.9698,0.2437,13.8,16.1,16.1,station
2025-03-19,14.4,11.1,15.7,16.0,14.4,13.7,10.7,14.9,15.0,15.6,14.32,1.94,0.34,67,38,10.4,20.31,0.0,0.9739,0.227,15.0,16.7,16.7,station
2025-03-20,10.0,8.4,9.2,9.9,9.8,10.5,7.7,12.0,9.3,11.7,9.46,0.67,-0.78,94,100,15.3,7.61,8.1,0.9777,0.2102,10.2,10.6,10.6,station
2025-03-21,9.5,7.9,9.2,10.4,9.3,9.5,8.1,10.5,10.8,10.0,9.26,0.9,-0.52,57,27,26.0,21.28,5.8,0.9811,0.1934,9.3,10.0,10.0,station
2025-03-22,13.1,11.4,16.5,15.3,13.7,14.0,11.0,14.1,16.2,13.9,14.0,1.97,0.16,58,57,21.8,17.99,0.0,0.9843,0.1765,15.7,16.7,16.7,station
2025-03-23,7.3,6.5,9.7,8.5,8.9,7.1,6.1,10.0,8.4,9.1,8.18,1.28,0.04,52,43,19.0,21.56,0.0,0.9872,0.1595,7.9,8.9,8.9,station
2025-03-24,10.9,8.1,12.0,13.0,10.5,12.6,8.1,11.2,11.2,11.0,10.9,1.85,0.08,88,87,14.7,3.81,14.2,0.9898,0.1425,10.5,10.6,10.6,station
2025-03-25,13.0,11.1,8.9,13.1,12.4,13.4,10.8,13.5,13.9,11.1,11.7,1.76,-0.84,58,70,23.3,20.21,0.0,0.9921,0.1255,13.9,15.0,15.0,station
2025-03-26,9.3,8.0,7.5,10.5,10.1,9.1,8.5,10.5,9.4,10.7,9.08,1.3,-0.56,58,63,18.4,15.58,0.1,0.9941,0.1084,9.7,10.0,10.0,station
2025-03-27,9.4,8.4,11.1,10.0,9.8,9.7,8.1,11.1,9.9,9.9,9.74,0.98,0.0,52,2,16.5,22.36,0.0,0.9958,0.0913,9.6,11.1,11.1,station
2025-03-28,14.1,12.6,18.8,16.8,16.7,11.2,12.6,15.0,14.3,18.7,15.8,2.45,1.44,60,84,12.3,16.16,1.5,0.9972,0.0741,15.5,17.8,17.8,station
2025-03-29,25.1,20.7,25.7,26.1,24.7,24.5,20.7,26.7,26.9,26.9,24.46,2.17,-0.68,71,66,20.2,18.06,5.9,0.9984,0.057,25.8,27.2,27.2,station
2025-03-30,14.2,8.5,8.7,15.9,14.0,14.5,8.9,19.6,15.8,16.2,12.26,3.42,-2.74,86,94,10.0,11.55,0.1,0.9992,0.0398,13.5,7.8,7.8,station
2025-03-31,16.5,15.4,22.9,19.3,21.5,15.6,14.8,18.6,17.6,23.4,19.12,3.19,1.12,90,94,15.4,14.58,25.2,0.9997,0.0226,21.6,20.6,20.6,station
2025-04-01,13.8,12.4,15.8,14.4,12.3,14.3,12.2,15.3,14.9,16.3,13.74,1.46,-0.86,60,37,21.3,22.98,7.4,1.0,0.0054,15.4,14.4,14.4,station
2025-04-02,7.5,6.5,8.9,8.4,9.0,6.3,5.5,8.8,8.6,7.6,8.06,1.05,0.7,60,79,15.0,20.56,0.0,0.9999,-0.0118,8.6,7.8,7.8,station
2025-04-03,20.5,16.5,22.8,20.9,22.0,19.8,16.5,19.5,18.8,23.3,20.54,2.43,0.96,83,100,24.7,7.56,2.1,0.9996,-0.029,22.3,22.8,22.8,station
2025-04-04,20.3,16.3,18.8,18.5,18.5,20.0,16.6,17.5,18.1,19.1,18.48,1.43,0.22,63,100,16.5,16.68,6.1,0.9989,-0.0462,21.3,23.3,23.3,station
2025-04-05,11.2,11.6,10.6,12.8,11.3,11.7,11.8,13.3,11.1,10.8,11.5,0.81,-0.24,73,94,15.9,6.02,1.8,0.998,-0.0634,12.4,13.9,13.9,station
2025-04-06,13.3,10.2,13.0,12.5,11.0,14.5,10.8,11.4,15.7,12.3,12.0,1.34,-0.94,77,100,12.1,9.82,2.1,0.9968,-0.0805,15.1,12.8,12.8,station
2025-04-07,7.8,8.5,7.0,8.4,8.7,9.7,9.1,8.6,9.8,6.9,8.08,0.69,-0.74,82,100,13.2,3.7,7.9,0.9952,-0.0977,9.3,10.6,10.6,station
2025-04-08,6.1,5.9,5.6,6.3,6.0,6.2,5.8,6.6,6.1,5.8,5.98,0.26,-0.12,59,52,27.5,22.16,0.0,0.9934,-0.1148,6.4,7.2,7.2,station
2025-04-09,8.4,6.3,8.6,8.3,8.6,7.8,6.1,9.7,8.1,7.9,8.04,0.98,0.12,50,8,15.2,24.78,0.0,0.9913,-0.1319,8.3,9.4,9.4,station
2025-04-10,8.7,7.8,10.1,9.9,10.2,9.1,7.5,10.4,9.9,9.2,9.34,1.05,0.12,68,79,16.2,14.64,0.6,0.9889,-0.1489,9.3,10.0,10.0,station
2025-04-11,8.2,7.3,10.8,8.5,8.0,8.8,7.2,8.9,8.9,8.6,8.56,1.33,0.08,84,100,19.8,5.34,10.5,0.9861,-0.1659,7.2,7.8,7.8,station
2025-04-12,5.8,5.9,5.5,6.1,7.3,5.9,6.3,6.4,6.9,6.4,6.12,0.69,-0.26,87,100,23.2,4.83,16.2,0.9831,-0.1828,5.9,5.0,5.0,station
2025-04-13,12.7,11.9,10.9,11.4,12.4,12.5,11.9,10.9,11.9,12.6,11.86,0.73,-0.1,68,87,19.4,14.43,0.2,0.9799,-0.1997,13.8,13.3,13.3,station
2025-04-14,14.8,13.5,15.1,16.5,17.0,16.0,13.2,17.5,16.5,17.3,15.38,1.4,-0.72,65,79,11.1,16.43,0.0,0.9763,-0.2165,16.6,18.3,18.3,station
2025-04-15,17.8,14.2,17.2,19.3,20.0,18.2,15.5,17.6,17.3,18.8,17.7,2.26,0.22,68,65,25.6,12.7,1.0,0.9724,-0.2333,19.0,21.1,21.1,station
2025-04-16,9.3,9.4,8.9,10.3,9.5,8.4,9.7,11.2,10.0,11.2,9.48,0.51,-0.62,55,75,25.6,13.37,0.0,0.9683,-0.25,9.8,10.6,10.6,station
2025-04-17,14.9,13.1,16.3,15.0,15.0,14.3,12.9,15.9,15.1,15.4,14.86,1.14,0.14,55,3,14.2,25.97,0.0,0.9638,-0.2666,15.2,17.2,17.2,station
2025-04-18,14.3,14.3,19.1,17.0,16.7,14.7,14.5,16.8,15.4,16.9,16.28,2.03,0.62,64,43,19.8,23.48,0.0,0.9591,-0.2831,16.9,18.3,18.3,station
2025-04-19,26.1,22.5,30.0,28.0,26.8,25.9,22.2,26.1,27.0,29.0,26.68,2.77,0.64,62,93,18.9,16.71,0.0,0.9541,-0.2996,26.8,29.4,29.4,station
2025-04-20,21.9,19.9,20.5,21.4,19.4,21.4,19.9,20.8,20.5,22.6,20.62,1.03,-0.42,53,89,20.0,25.13,0.0,0.9488,-0.316,21.8,23.9,23.9,station
2025-04-21,13.0,11.4,13.3,13.1,13.2,12.6,11.5,14.4,13.9,14.9,12.8,0.79,-0.66,55,99,13.6,11.77,0.2,0.9432,-0.3322,13.9,13.9,13.9,station
2025-04-22,25.9,19.2,25.5,24.7,24.4,26.0,18.8,23.5,25.0,27.4,23.94,2.72,-0.2,60,52,15.5,25.35,0.1,0.9373,-0.3484,27.0,27.2,27.2,station
2025-04-23,23.0,17.1,24.0,23.3,21.5,22.8,17.4,23.9,22.0,23.4,21.78,2.77,-0.12,42,63,13.7,25.47,0.0,0.9312,-0.3645,25.0,23.9,23.9,station
2025-04-24,20.8,18.1,24.2,22.7,22.1,19.2,16.9,21.2,20.0,21.9,21.58,2.3,1.74,39,37,15.3,25.7,0.0,0.9248,-0.3804,25.8,23.3,23.3,station
2025-04-25,22.4,18.7,23.4,22.4,21.8,23.5,18.6,23.5,22.6,23.8,21.74,1.79,-0.66,50,90,15.1,22.41,0.0,0.9181,-0.3963,24.3,23.3,23.3,station
2025-04-26,19.9,18.1,21.0,22.2,20.1,19.5,18.4,24.4,23.4,23.8,20.26,1.51,-1.64,85,94,21.8,6.43,17.3,0.9112,-0.412,22.0,22.8,22.8,station
2025-04-27,13.9,13.7,13.9,16.0,12.5,14.6,13.9,13.5,17.2,15.8,14.0,1.26,-1.0,55,48,29.8,15.68,0.0,0.9039,-0.4276,13.7,15.0,15.0,station
2025-04-28,22.4,18.5,24.4,23.2,21.3,22.2,18.2,23.6,23.3,22.8,21.96,2.24,-0.06,46,10,13.6,27.32,0.0,0.8965,-0.4431,22.4,24.4,24.4,station
2025-04-29,20.1,19.8,25.0,23.0,22.5,21.4,19.9,25.9,23.2,25.5,22.08,2.16,-1.1,47,60,17.8,26.13,0.0,0.8887,-0.4585,25.0,23.9,23.9,station
2025-04-30,22.5,20.1,22.4,22.5,22.4,21.3,19.5,21.3,22.9,24.3,21.98,1.05,0.12,40,67,18.3,26.55,0.0,0.8807,-0.4737,23.0,22.8,22.8,station
2025-05-01,18.8,14.6,22.1,20.2,20.4,18.0,14.6,20.9,19.2,21.9,19.22,2.84,0.3,41,72,13.8,26.27,0.3,0.8724,-0.4888,21.7,20.6,20.6,station
2025-05-02,26.9,21.0,28.5,26.8,27.2,24.1,18.2,29.2,26.5,26.2,26.08,2.92,1.24,65,81,16.4,20.57,0.3,0.8639,-0.5037,29.2,28.3,28.3,station
2025-05-03,25.1,21.1,28.7,25.1,24.2,25.6,20.0,26.5,25.1,25.7,24.84,2.71,0.26,65,84,14.2,22.44,15.7,0.8551,-0.5185,27.4,30.0,30.0,station
2025-05-04,18.6,16.8,22.9,18.4,20.4,19.8,16.5,19.4,20.9,21.7,19.42,2.33,-0.24,84,99,14.5,10.49,14.4,0.846,-0.5331,20.7,21.1,21.1,station
2025-05-05,16.7,14.8,17.9,17.2,15.6,16.9,15.0,19.2,16.7,17.8,16.44,1.24,-0.68,95,100,14.6,8.14,11.4,0.8367,-0.5476,18.8,17.2,17.2,station
2025-05-06,16.1,15.4,17.8,17.1,16.2,16.7,15.6,17.5,15.9,16.8,16.52,0.94,0.02,92,84,15.1,12.43,21.3,0.8272,-0.5619,18.1,18.9,18.9,station
2025-05-07,21.0,18.3,20.4,23.2,21.2,21.8,18.1,21.9,22.5,20.3,20.82,1.76,-0.1,71,58,10.6,21.09,0.4,0.8174,-0.5761,21.9,23.9,23.9,station
2025-05-08,21.9,18.9,20.5,24.1,23.5,21.1,18.6,24.3,23.9,24.2,21.78,2.14,-0.64,77,62,11.8,24.08,0.2,0.8074,-0.59,23.4,25.0,25.0,station
2025-05-09,16.5,14.5,15.0,16.0,16.0,15.6,14.3,16.6,17.2,15.4,15.6,0.82,-0.22,91,94,13.7,7.35,19.6,0.7971,-0.6038,16.6,15.6,15.6,station
2025-05-10,19.9,18.7,18.2,21.0,20.9,19.6,18.3,20.8,21.9,18.0,19.74,1.27,0.02,64,53,23.2,21.47,0.0,0.7866,-0.6175,20.5,22.8,22.8,station
2025-05-11,20.7,20.7,21.8,24.1,22.4,20.2,21.4,24.4,22.3,23.9,21.94,1.41,-0.5,62,26,11.1,27.69,0.0,0.7759,-0.6309,23.3,26.1,26.1,station
2025-05-12,18.5,18.2,20.0,21.2,20.8,17.9,18.1,21.1,20.0,21.7,19.74,1.34,-0.02,63,56,11.1,27.82,0.0,0.7649,-0.6442,19.7,22.2,22.2,station
2025-05-13,20.4,17.1,22.9,20.3,20.1,19.3,17.3,20.1,22.2,23.0,20.16,2.06,-0.22,85,100,10.6,9.3,3.6,0.7537,-0.6572,20.2,19.4,19.4,station
2025-05-14,17.3,16.3,17.5,16.4,16.3,18.2,16.3,16.4,16.2,20.9,16.76,0.59,-0.84,90,100,19.6,10.2,17.2,0.7423,-0.6701,19.8,17.8,17.8,station
2025-05-15,20.4,17.7,18.6,23.6,16.5,20.3,18.0,24.3,23.8,22.2,19.36,2.76,-2.36,90,92,10.4,17.49,1.4,0.7306,-0.6828,22.6,21.1,21.1,station
2025-05-16,20.3,18.9,20.1,21.0,21.5,19.9,18.9,26.2,21.0,20.6,20.36,0.99,-0.96,92,99,14.8,14.97,0.5,0.7188,-0.6952,23.4,22.2,22.2,station
2025-05-17,24.2,22.1,24.3,26.2,26.4,23.1,22.5,29.2,25.6,23.6,24.64,1.75,-0.16,82,67,16.8,21.36,1.8,0.7067,-0.7075,25.8,28.9,28.9,station
2025-05-18,21.5,20.5,21.7,23.6,22.6,20.6,20.1,19.6,23.1,24.1,21.98,1.17,0.48,62,29,23.2,21.91,0.4,0.6945,-0.7195,22.5,23.3,23.3,station
2025-05-19,19.7,19.1,19.4,21.0,22.3,20.2,18.6,21.6,22.9,24.3,20.3,1.33,-1.22,56,21,21.1,27.7,0.0,0.682,-0.7314,19.7,20.6,20.6,station
2025-05-20,16.7,17.2,18.4,19.0,19.5,16.3,16.9,19.8,19.3,21.7,18.16,1.18,-0.64,54,37,14.8,22.63,0.0,0.6693,-0.743,18.2,18.9,18.9,station
2025-05-21,13.0,14.4,13.3,14.9,14.3,13.4,14.4,15.0,15.0,14.5,13.98,0.8,-0.48,71,100,16.9,6.61,3.0,0.6564,-0.7544,14.0,15.0,15.0,station
2025-05-22,11.6,11.1,10.5,11.9,11.5,11.1,11.7,11.0,12.4,11.4,11.32,0.54,-0.2,86,100,21.2,6.83,24.3,0.6433,-0.7656,12.3,11.7,11.7,station
2025-05-23,16.4,14.7,14.0,17.1,16.1,14.4,14.1,12.2,17.2,14.7,15.66,1.27,1.14,79,79,13.6,13.37,2.1,0.6301,-0.7765,16.0,16.1,16.1,station
2025-05-24,16.7,16.5,15.6,16.0,16.7,15.3,16.1,15.8,15.6,18.6,16.3,0.48,0.02,69,46,18.2,19.79,0.7,0.6166,-0.7873,16.9,18.3,18.3,station
2025-05-25,17.9,17.9,19.4,18.2,19.9,17.3,17.8,17.8,17.0,21.2,18.66,0.93,0.44,64,58,17.0,19.61,0.1,0.603,-0.7978,19.1,19.4,19.4,station
2025-05-26,21.0,18.9,21.6,21.9,21.8,20.1,19.2,22.8,21.0,22.7,21.04,1.25,-0.12,60,17,11.3,25.76,0.0,0.5892,-0.808,21.8,22.8,22.8,station
2025-05-27,22.8,19.9,24.3,23.5,23.1,22.2,19.9,22.3,24.3,23.5,22.72,1.67,0.28,55,86,15.5,22.66,0.0,0.5752,-0.818,25.1,24.4,24.4,station
2025-05-28,18.2,16.6,21.8,20.7,17.1,17.9,16.6,17.8,19.7,18.5,18.88,2.27,0.78,61,100,12.4,10.43,9.4,0.561,-0.8278,19.8,18.9,18.9,station
2025-05-29,20.7,18.2,20.1,22.9,20.7,20.7,19.1,21.3,20.7,20.7,20.52,1.68,0.02,86,98,13.4,14.16,1.8,0.5467,-0.8373,21.5,20.0,20.0,station
2025-05-30,22.3,19.6,24.4,22.4,23.2,22.1,20.3,23.9,24.3,24.2,22.38,1.77,-0.58,86,95,11.0,16.9,4.1,0.5322,-0.8466,22.3,23.3,23.3,station
2025-05-31,22.1,18.2,20.3,20.7,21.5,20.5,19.4,22.7,21.2,19.8,20.56,1.49,-0.16,79,86,26.1,19.49,26.6,0.5176,-0.8556,19.5,20.6,20.6,station
2025-06-01,16.9,17.8,17.8,19.0,19.2,17.4,17.6,21.4,20.4,19.3,18.14,0.95,-1.08,59,59,20.7,21.06,0.0,0.5028,-0.8644,18.5,18.9,18.9,station
2025-06-02,21.2,19.1,22.5,22.7,22.9,20.6,19.4,23.2,22.8,23.9,21.68,1.59,-0.3,61,30,11.7,25.59,0.0,0.4878,-0.8729,21.3,22.2,22.2,station
2025-06-03,24.9,21.2,26.6,26.1,25.7,24.0,21.6,27.7,26.3,27.1,24.9,2.16,-0.44,53,4,11.9,29.72,0.0,0.4728,-0.8812,26.5,26.1,26.1,station
2025-06-04,26.9,23.2,27.1,26.0,26.2,25.7,23.1,28.7,25.8,28.4,25.88,1.57,-0.46,49,34,14.2,29.27,0.0,0.4575,-0.8892,29.3,27.2,27.2,station
2025-06-05,30.0,25.2,32.3,30.3,29.2,29.9,25.5,31.4,29.7,31.1,29.4,2.61,-0.12,55,74,14.1,24.28,0.2,0.4422,-0.8969,34.0,31.1,31.1,station
2025-06-06,27.2,24.0,30.5,26.2,26.9,28.3,24.2,31.3,26.4,30.1,26.96,2.34,-1.1,61,72,13.8,24.47,0.8,0.4267,-0.9044,30.6,28.3,28.3,station
2025-06-07,22.7,20.5,26.2,22.3,25.1,26.7,20.5,28.9,25.2,27.2,23.36,2.28,-2.34,81,90,13.7,12.67,4.7,0.4111,-0.9116,25.9,25.6,25.6,station
2025-06-08,23.1,20.6,22.1,21.8,24.1,23.9,19.3,26.4,22.2,23.9,22.34,1.33,-0.8,80,100,14.1,17.96,1.0,0.3953,-0.9185,23.8,23.3,23.3,station
2025-06-09,19.5,17.6,18.6,18.6,18.3,20.4,17.8,24.7,19.9,19.5,18.52,0.68,-1.94,88,100,12.0,9.23,2.5,0.3795,-0.9252,20.8,17.8,17.8,station
2025-06-10,24.5,21.4,23.5,24.8,25.7,25.3,20.9,20.0,24.9,24.6,23.98,1.64,0.84,87,93,12.3,11.74,18.0,0.3635,-0.9316,25.2,23.9,23.9,station
2025-06-11,27.0,24.4,29.2,28.8,27.6,27.1,24.7,29.8,28.9,29.3,27.4,1.9,-0.56,59,10,17.5,26.85,0.0,0.3474,-0.9377,28.8,28.3,28.3,station
2025-06-12,32.8,28.1,32.2,31.5,31.1,30.3,27.6,33.4,31.8,32.5,31.14,1.82,0.02,48,35,16.7,27.88,0.6,0.3312,-0.9436,33.1,32.2,32.2,station
2025-06-13,27.6,23.4,27.2,24.2,26.2,26.6,23.3,28.1,26.1,29.7,25.72,1.85,-1.04,42,100,10.3,24.64,0.0,0.3149,-0.9491,29.4,25.0,25.0,station
2025-06-14,18.9,18.5,17.8,18.9,19.0,21.0,18.8,19.4,18.6,21.0,18.62,0.5,-1.14,73,100,15.8,7.82,3.5,0.2986,-0.9544,20.6,19.4,19.4,station
2025-06-15,20.2,16.6,18.8,17.9,19.4,19.5,17.6,20.1,17.9,18.0,18.58,1.39,-0.04,82,100,10.5,7.76,6.2,0.2821,-0.9594,19.4,17.8,17.8,station
2025-06-16,20.7,18.2,18.9,20.2,20.0,20.7,18.2,21.5,21.5,21.9,19.6,1.02,-1.16,84,100,13.0,7.17,1.6,0.2656,-0.9641,20.4,20.0,20.0,station
2025-06-17,21.3,19.4,22.0,20.0,21.2,23.4,19.1,21.8,20.8,21.2,20.78,1.05,-0.48,92,100,9.6,7.84,8.6,0.2489,-0.9685,21.2,19.4,19.4,station
2025-06-18,25.3,23.0,24.3,25.8,25.2,24.3,23.1,28.6,25.1,25.7,24.72,1.1,-0.64,92,99,13.0,13.15,10.2,0.2322,-0.9727,27.9,29.4,29.4,station
2025-06-19,28.2,26.8,33.2,31.3,31.0,29.9,26.6,34.6,31.6,29.6,30.1,2.57,-0.36,83,52,16.5,24.18,11.8,0.2155,-0.9765,30.6,31.1,31.1,station
2025-06-20,28.1,26.2,29.5,30.1,28.5,28.3,26.8,31.4,29.7,27.0,28.48,1.5,-0.16,60,33,18.0,27.37,0.4,0.1986,-0.9801,28.2,28.9,28.9,station
2025-06-21,30.7,26.4,32.2,30.3,31.2,30.2,26.7,33.0,31.9,31.1,30.16,2.22,-0.42,55,38,15.3,27.21,0.0,0.1818,-0.9833,33.3,31.1,31.1,station
2025-06-22,34.5,30.8,36.4,33.9,34.9,37.4,30.9,38.9,35.0,36.7,34.1,2.06,-1.68,61,95,21.3,16.2,0.3,0.1648,-0.9863,33.6,31.7,31.7,station
2025-06-23,38.0,30.3,35.0,35.2,35.2,36.4,30.4,38.4,34.0,36.8,34.74,2.78,-0.46,63,53,9.2,27.21,0.0,0.1478,-0.989,39.6,34.4,34.4,station
2025-06-24,40.9,32.4,39.2,37.9,37.1,41.4,32.9,39.3,37.4,38.2,37.5,3.19,-0.34,42,9,17.2,28.37,0.0,0.1308,-0.9914,40.2,37.8,37.8,station
2025-06-25,39.1,32.2,37.1,35.2,36.0,39.1,31.7,37.1,35.3,36.7,35.92,2.54,-0.06,45,34,13.8,26.62,0.5,0.1137,-0.9935,38.2,36.7,36.7,station
2025-06-26,30.5,27.4,29.0,28.5,28.1,29.7,27.0,27.4,27.9,28.0,28.7,1.16,0.7,62,67,19.3,20.31,0.1,0.0966,-0.9953,30.8,27.8,27.8,station
2025-06-27,24.8,20.7,23.3,23.4,24.4,23.7,20.3,22.7,22.1,21.8,23.32,1.6,1.2,62,75,13.1,12.87,0.3,0.0795,-0.9968,22.3,23.3,23.3,station
2025-06-28,28.0,25.8,28.6,28.9,29.2,28.6,25.7,32.9,29.8,26.8,28.1,1.36,-0.66,77,88,14.0,18.24,0.4,0.0623,-0.9981,29.6,29.4,29.4,station
2025-06-29,32.2,28.6,35.4,31.4,32.7,32.9,28.8,34.4,30.6,31.4,32.06,2.45,0.44,62,59,12.0,26.51,0.0,0.0451,-0.999,32.6,32.8,32.8,station
2025-06-30,31.2,27.1,33.5,30.5,32.6,30.8,27.3,33.4,30.5,31.6,30.98,2.47,0.26,57,69,15.5,24.98,0.0,0.028,-0.9996,34.4,32.8,32.8,station
2025-07-01,30.6,28.9,31.7,31.5,32.6,30.8,28.0,33.7,29.3,32.8,31.06,1.4,0.14,79,97,18.4,17.66,10.4,0.0108,-0.9999,32.8,33.9,33.9,station
2025-07-02,28.0,26.4,30.5,29.7,27.9,27.4,26.6,31.0,26.1,25.9,28.5,1.62,1.1,81,87,7.8,17.74,2.4,-0.0065,-1.0,29.6,28.3,28.3,station
2025-07-03,31.4,29.2,33.2,33.0,32.2,30.2,28.8,33.5,32.3,30.4,31.8,1.62,0.76,65,20,17.1,26.25,1.6,-0.0237,-0.9997,31.2,33.3,33.3,station
2025-07-04,29.4,26.1,28.5,28.7,28.9,29.6,26.9,31.0,28.6,30.1,28.32,1.29,-0.92,53,3,10.2,29.32,0.0,-0.0408,-0.9992,28.3,28.3,28.3,station
2025-07-05,30.0,26.4,31.2,29.3,30.6,29.4,26.4,30.3,29.2,31.7,29.5,1.87,0.1,49,40,14.8,28.19,0.0,-0.058,-0.9983,32.5,30.6,30.6,station
2025-07-06,31.8,28.7,32.2,31.6,31.2,30.7,28.2,33.0,30.4,31.6,31.1,1.39,0.32,56,36,16.0,28.21,0.0,-0.0752,-0.9972,33.1,31.1,31.1,station
2025-07-07,29.1,26.9,30.2,28.5,29.9,29.2,27.1,33.1,27.7,30.1,28.92,1.31,-0.52,77,59,17.8,20.33,3.8,-0.0923,-0.9957,30.9,30.0,30.0,station
2025-07-08,35.7,29.9,36.1,33.3,33.9,34.1,29.4,36.6,32.2,34.8,33.78,2.47,0.36,74,56,11.5,21.49,16.8,-0.1094,-0.994,36.2,35.6,35.6,station
2025-07-09,30.5,28.1,34.1,32.7,32.7,30.6,28.2,34.6,31.5,27.8,31.62,2.35,1.08,75,43,11.6,25.39,0.7,-0.1265,-0.992,31.3,33.3,33.3,station
2025-07-10,28.0,24.9,28.8,27.9,30.0,27.9,24.9,30.3,26.1,26.9,27.92,1.89,0.7,82,98,8.4,12.47,19.2,-0.1436,-0.9896,27.0,27.8,27.8,station
2025-07-11,27.3,26.0,29.7,28.8,30.7,29.0,26.4,30.9,29.6,28.8,28.5,1.87,-0.44,83,47,12.5,23.12,0.6,-0.1606,-0.987,28.9,28.9,28.9,station
2025-07-12,28.4,26.4,30.0,28.7,30.0,28.0,26.3,32.9,29.2,30.2,28.7,1.48,-0.62,78,78,13.0,23.13,0.0,-0.1775,-0.9841,30.9,29.4,29.4,station
2025-07-13,27.9,25.2,28.6,27.5,28.3,27.8,25.8,31.2,28.7,28.8,27.5,1.35,-0.96,74,84,13.5,16.63,0.1,-0.1944,-0.9809,29.6,28.9,28.9,station
2025-07-14,29.7,26.6,30.4,27.9,28.3,30.0,26.1,31.0,28.0,29.3,28.58,1.5,-0.3,80,79,13.7,18.92,14.8,-0.2113,-0.9774,31.7,31.1,31.1,station
2025-07-15,28.6,27.5,28.8,29.5,29.8,27.9,27.2,30.2,27.2,29.0,28.84,0.9,0.54,85,49,8.7,23.77,3.5,-0.2281,-0.9736,29.1,30.0,30.0,station
2025-07-16,29.6,28.4,31.7,30.5,30.9,28.7,28.8,33.6,30.5,28.9,30.22,1.27,0.12,80,44,13.1,24.07,1.1,-0.2448,-0.9696,31.0,31.7,31.7,station
2025-07-17,35.1,31.7,33.0,33.9,32.8,31.5,30.5,34.9,33.3,29.7,33.3,1.27,1.32,75,72,19.4,20.67,5.7,-0.2614,-0.9652,33.5,33.9,33.9,station
2025-07-18,29.8,28.6,30.0,28.9,29.9,31.6,28.4,31.0,29.0,29.9,29.44,0.64,-0.54,48,56,15.5,24.55,0.0,-0.278,-0.9606,30.0,28.3,28.3,station
2025-07-19,28.9,25.6,29.2,28.0,29.1,27.6,25.9,30.9,28.2,29.6,28.16,1.51,-0.28,56,46,13.7,18.28,0.0,-0.2945,-0.9557,30.0,27.8,27.8,station
2025-07-20,31.5,29.0,31.5,33.2,33.5,33.9,29.6,34.3,33.9,32.4,31.74,1.79,-1.08,66,68,14.5,22.62,3.8,-0.3109,-0.9505,34.4,32.2,32.2,station
2025-07-21,30.4,27.9,29.7,28.4,30.0,29.6,28.2,28.2,27.9,29.2,29.28,1.08,0.66,49,15,18.8,25.13,0.0,-0.3272,-0.945,31.9,29.4,29.4,station
2025-07-22,28.0,24.6,26.3,27.2,27.7,28.7,24.7,27.5,26.2,28.1,26.76,1.37,-0.28,47,35,13.3,21.93,0.0,-0.3434,-0.9392,28.2,26.1,26.1,station
2025-07-23,28.0,26.5,27.8,27.0,28.6,27.9,26.6,28.6,27.5,28.7,27.58,0.83,-0.28,56,54,13.5,20.11,0.0,-0.3595,-0.9332,29.0,27.2,27.2,station
2025-07-24,30.1,28.4,30.9,29.4,31.2,29.7,29.2,31.5,29.5,30.0,30.0,1.14,0.02,59,75,15.9,21.47,0.0,-0.3755,-0.9268,30.5,30.0,30.0,station
2025-07-25,37.4,31.5,36.8,35.2,35.4,36.9,31.8,37.0,35.3,36.5,35.26,2.3,-0.24,64,38,19.0,22.64,2.8,-0.3914,-0.9202,37.0,36.1,36.1,station
2025-07-26,30.9,26.7,31.2,29.0,29.7,32.1,27.1,31.2,28.9,28.8,29.5,1.8,-0.12,60,87,12.9,23.04,0.0,-0.4071,-0.9134,31.1,28.9,28.9,station
2025-07-27,26.4,26.1,29.1,27.1,28.7,29.1,26.6,28.4,29.4,25.9,27.48,1.35,-0.4,74,81,14.2,11.61,3.1,-0.4228,-0.9062,31.2,30.6,30.6,station
2025-07-28,32.3,29.3,35.7,34.6,33.7,33.0,30.0,37.8,34.3,34.0,33.12,2.47,-0.7,58,3,12.0,25.56,0.0,-0.4383,-0.8988,35.3,34.4,34.4,station
2025-07-29,39.0,31.8,39.3,35.5,35.6,35.0,31.4,39.2,35.0,36.1,36.24,3.07,0.9,51,31,8.1,24.15,0.0,-0.4537,-0.8912,39.3,37.8,37.8,station
2025-07-30,36.5,30.9,37.5,34.9,35.0,36.2,30.9,37.0,34.7,37.1,34.96,2.52,-0.22,53,49,14.6,21.63,2.2,-0.469,-0.8832,37.6,37.2,37.2,station
2025-07-31,30.0,27.0,31.8,29.7,31.3,30.1,27.0,28.3,31.5,29.9,29.96,1.87,0.6,72,73,17.2,14.97,7.6,-0.4841,-0.875,31.2,30.0,30.0,station
2025-08-01,24.1,23.2,21.9,25.7,23.5,23.6,22.8,24.2,25.9,22.4,23.68,1.39,-0.1,79,92,17.6,11.37,2.1,-0.4991,-0.8666,22.9,22.8,22.8,station
2025-08-02,25.9,25.0,27.3,26.6,27.8,25.4,25.3,28.6,27.7,26.6,26.52,1.11,-0.2,66,50,10.2,23.46,0.0,-0.5139,-0.8578,25.8,26.1,26.1,station
2025-08-03,28.2,26.1,29.0,28.0,29.5,26.8,25.9,29.8,28.2,29.5,28.16,1.3,0.12,57,3,12.8,27.13,0.0,-0.5286,-0.8489,29.1,28.9,28.9,station
2025-08-04,32.7,28.1,32.3,31.2,31.1,31.6,28.0,31.7,30.5,33.0,31.08,1.8,0.12,49,16,13.3,26.64,0.0,-0.5431,-0.8397,33.7,31.1,31.1,station
2025-08-05,31.3,26.6,31.2,29.0,29.6,32.3,27.3,31.8,29.4,32.8,29.54,1.92,-1.18,58,91,9.0,19.19,0.7,-0.5575,-0.8302,30.6,27.8,27.8,station
2025-08-06,26.7,24.4,28.4,26.4,28.2,28.8,24.3,27.8,27.0,28.4,26.82,1.62,-0.44,63,100,11.9,15.65,0.7,-0.5717,-0.8205,28.9,25.6,25.6,station
2025-08-07,28.0,25.0,28.0,27.4,27.6,28.1,24.8,27.9,27.3,27.4,27.2,1.26,0.1,59,26,11.8,24.47,0.7,-0.5857,-0.8105,28.4,26.7,26.7,station
2025-08-08,27.7,25.1,28.7,26.6,27.2,27.6,24.7,29.0,26.6,27.6,27.06,1.34,-0.04,53,3,11.9,26.44,0.0,-0.5996,-0.8003,28.6,26.7,26.7,station
2025-08-09,29.1,25.5,29.7,28.3,28.6,29.0,25.1,29.3,28.7,29.2,28.24,1.62,-0.02,49,6,10.8,26.36,0.0,-0.6132,-0.7899,30.5,28.3,28.3,station
2025-08-10,32.6,27.5,31.5,31.1,30.4,30.4,27.0,32.5,28.9,30.8,30.62,1.92,0.7,44,23,14.9,25.7,0.0,-0.6267,-0.7792,34.0,31.7,31.7,station
2025-08-11,31.6,27.6,31.4,30.5,30.3,33.0,28.0,32.2,32.4,32.1,30.28,1.6,-1.26,48,14,13.9,25.71,0.0,-0.64,-0.7683,32.8,32.2,32.2,station
2025-08-12,31.3,27.8,31.7,30.8,30.8,31.3,28.0,33.1,31.8,33.2,30.48,1.54,-1.0,61,11,15.3,25.21,0.0,-0.6532,-0.7572,33.6,32.2,32.2,station
2025-08-13,32.0,27.6,33.2,30.5,31.4,31.6,27.1,32.3,32.1,32.2,30.94,2.11,-0.12,73,55,14.9,18.86,2.4,-0.6661,-0.7459,31.9,31.7,31.7,station
2025-08-14,31.2,28.9,30.0,30.0,30.8,29.7,28.6,35.5,27.3,32.0,30.18,0.88,-0.44,77,64,7.5,19.47,1.6,-0.6788,-0.7343,31.5,31.7,31.7,station
2025-08-15,30.6,27.3,32.1,31.1,31.0,31.1,27.5,31.2,29.9,29.0,30.42,1.83,0.68,58,6,12.3,24.34,0.0,-0.6914,-0.7225,33.3,31.1,31.1,station
2025-08-16,29.8,26.6,30.0,27.7,29.7,29.3,26.2,30.7,26.9,29.3,28.76,1.52,0.28,68,57,12.0,20.62,5.6,-0.7037,-0.7105,30.9,28.3,28.3,station
2025-08-17,32.2,28.9,32.7,31.6,32.6,31.5,28.8,34.1,32.0,31.9,31.6,1.57,-0.06,70,64,12.5,19.8,11.0,-0.7158,-0.6983,34.4,32.2,32.2,station
2025-08-18,26.8,25.3,25.6,26.8,24.6,28.0,24.3,26.5,26.6,25.2,25.82,0.97,-0.3,68,70,15.9,10.91,0.0,-0.7277,-0.6859,24.4,25.0,25.0,station
2025-08-19,24.9,22.3,26.1,23.7,25.3,24.3,22.6,26.1,23.2,24.8,24.46,1.49,0.26,55,49,12.4,21.37,0.0,-0.7394,-0.6733,24.6,23.9,23.9,station
2025-08-20,22.6,21.9,21.8,22.6,22.8,23.7,22.5,22.8,24.0,24.1,22.34,0.46,-1.08,74,89,18.1,5.48,2.8,-0.7509,-0.6605,22.5,21.1,21.1,station
2025-08-21,20.9,21.1,20.9,22.6,23.9,20.9,21.0,21.8,22.5,22.2,21.88,1.33,0.2,76,82,23.2,13.6,0.2,-0.7621,-0.6474,21.7,22.2,22.2,station
2025-08-22,27.7,25.8,27.7,27.3,27.1,27.3,25.6,29.8,28.0,27.8,27.12,0.78,-0.58,54,0,13.5,24.75,0.0,-0.7731,-0.6342,27.3,28.9,28.9,station
2025-08-23,27.9,25.4,28.1,27.6,27.6,28.7,25.4,28.4,27.9,28.4,27.32,1.09,-0.44,52,8,20.7,24.25,0.0,-0.7839,-0.6208,28.9,27.8,27.8,station
2025-08-24,27.2,24.5,27.9,26.4,27.2,27.7,25.0,28.2,26.4,27.7,26.64,1.31,-0.36,68,40,18.1,19.67,0.6,-0.7945,-0.6073,27.2,27.2,27.2,station
2025-08-25,30.3,27.1,30.7,28.9,29.6,31.1,27.1,31.0,29.8,30.1,29.32,1.42,-0.5,57,34,19.9,22.08,0.0,-0.8048,-0.5935,32.5,30.0,30.0,station
2025-08-26,28.3,24.9,27.5,26.2,26.6,28.1,24.8,28.2,26.0,27.4,26.7,1.29,-0.2,42,25,16.2,19.14,0.0,-0.8149,-0.5796,27.8,26.7,26.7,station
2025-08-27,25.0,23.7,25.2,24.3,25.4,25.3,23.7,26.8,24.8,26.3,24.72,0.7,-0.66,46,21,14.9,21.29,0.1,-0.8248,-0.5655,25.1,23.9,23.9,station
2025-08-28,26.7,24.5,27.0,25.4,26.6,26.6,24.6,26.6,25.6,25.3,26.04,1.05,0.3,49,71,13.6,19.3,0.0,-0.8344,-0.5512,27.1,25.0,25.0,station
2025-08-29,26.1,24.5,27.4,25.3,25.6,26.7,24.4,27.4,25.6,26.6,25.78,1.08,-0.36,52,48,15.6,20.4,0.1,-0.8437,-0.5368,27.3,25.0,25.0,station
2025-08-30,26.1,23.5,25.5,23.9,24.8,25.4,23.4,25.3,23.7,25.0,24.76,1.08,0.2,42,12,13.2,22.39,0.0,-0.8528,-0.5222,25.7,24.4,24.4,station
2025-08-31,26.3,24.5,26.4,25.7,25.8,26.4,24.5,26.5,25.3,26.5,25.74,0.76,-0.1,45,39,12.7,21.25,0.0,-0.8617,-0.5074,27.4,25.0,25.0,station
2025-09-01,26.9,24.1,24.7,24.8,26.0,26.4,24.2,24.7,25.2,26.0,25.3,1.13,0.0,55,41,16.4,21.97,0.0,-0.8703,-0.4925,25.7,25.0,25.0,station
2025-09-02,26.7,23.7,25.1,24.3,25.2,26.4,23.4,25.2,24.9,26.5,25.0,1.13,-0.28,59,14,10.7,22.19,0.0,-0.8786,-0.4775,26.7,25.0,25.0,station
2025-09-03,25.1,24.0,25.8,23.9,25.8,25.3,23.8,26.8,24.2,25.8,24.92,0.93,-0.26,65,8,15.5,21.33,0.0,-0.8867,-0.4623,26.8,25.0,25.0,station
2025-09-04,25.2,23.9,26.1,24.4,25.6,25.1,24.1,26.3,24.4,25.7,25.04,0.89,-0.08,72,33,21.2,19.85,1.7,-0.8945,-0.447,25.3,25.6,25.6,station
2025-09-05,26.2,25.9,29.1,27.1,27.1,28.2,26.2,28.1,27.2,28.3,27.08,1.25,-0.52,76,35,16.1,20.1,5.2,-0.9021,-0.4315,27.6,28.3,28.3,station
2025-09-06,27.7,26.5,30.3,29.0,28.5,28.7,26.0,31.6,30.3,29.4,28.4,1.42,-0.8,80,74,22.4,14.84,16.5,-0.9094,-0.4159,29.0,28.9,28.9,station
2025-09-07,22.3,21.1,20.1,21.7,22.7,20.7,20.9,21.0,23.5,21.1,21.58,1.03,0.14,84,93,9.2,6.78,16.0,-0.9164,-0.4002,20.5,21.1,21.1,station
2025-09-08,21.7,21.9,23.8,22.8,22.5,21.9,21.6,25.8,22.9,21.6,22.54,0.83,-0.22,64,22,8.3,22.59,0.0,-0.9232,-0.3844,21.6,22.8,22.8,station
2025-09-09,22.0,21.9,21.4,23.6,22.5,21.7,21.8,22.8,22.7,23.7,22.28,0.83,-0.26,70,25,15.1,21.95,0.0,-0.9296,-0.3685,21.9,22.2,22.2,station
2025-09-10,20.1,21.5,18.8,20.3,22.0,21.8,21.1,20.2,22.8,23.5,20.54,1.26,-1.34,74,86,13.2,8.23,3.3,-0.9358,-0.3524,21.3,22.8,22.8,station
2025-09-11,25.5,25.1,27.3,26.5,26.4,25.3,24.9,27.7,26.2,27.7,26.16,0.87,-0.2,49,11,12.1,21.85,0.0,-0.9418,-0.3363,27.0,25.6,25.6,station
2025-09-12,26.2,24.2,26.7,25.7,25.6,24.9,23.3,25.0,25.1,26.5,25.68,0.94,0.72,55,33,9.2,17.46,0.0,-0.9474,-0.32,26.8,25.6,25.6,station
2025-09-13,24.7,23.6,25.6,24.1,25.7,24.2,23.2,27.2,24.2,26.8,24.74,0.92,-0.38,72,33,13.2,16.98,0.4,-0.9528,-0.3037,26.6,24.4,24.4,station
2025-09-14,28.9,25.1,28.7,27.2,27.1,28.9,25.0,28.4,28.6,29.2,27.4,1.53,-0.62,64,31,8.0,18.74,0.4,-0.9579,-0.2873,29.1,27.2,27.2,station
2025-09-15,27.6,24.7,27.5,26.4,26.0,27.9,24.4,26.8,26.7,28.6,26.44,1.19,-0.44,65,70,14.1,19.91,0.0,-0.9627,-0.2707,28.0,26.1,26.1,station
2025-09-16,25.0,22.8,24.7,24.4,22.1,25.6,22.6,25.1,25.6,26.7,23.8,1.27,-1.32,60,89,17.8,13.34,0.0,-0.9672,-0.2541,23.8,23.3,23.3,station
2025-09-17,22.3,20.7,20.7,20.1,20.7,21.0,19.9,23.9,20.5,20.0,20.9,0.82,-0.16,75,90,15.9,10.09,6.1,-0.9714,-0.2375,21.3,22.2,22.2,station
2025-09-18,27.2,24.7,30.0,28.1,26.5,28.9,24.5,26.4,24.8,27.3,27.3,1.96,0.92,76,27,7.7,19.73,0.4,-0.9753,-0.2207,27.0,28.9,28.9,station
2025-09-19,28.3,27.2,29.7,28.6,28.5,29.4,27.1,30.7,28.5,30.0,28.46,0.89,-0.68,60,1,12.1,19.84,0.0,-0.979,-0.2039,28.3,28.3,28.3,station
2025-09-20,23.5,21.4,23.7,23.8,22.6,23.6,21.2,23.0,23.2,24.6,23.0,1.01,-0.12,47,14,13.7,20.19,0.0,-0.9824,-0.187,23.6,22.2,22.2,station
2025-09-21,22.6,19.7,22.8,21.2,22.4,22.3,19.6,23.1,21.8,23.2,21.74,1.3,-0.26,61,71,9.2,18.0,0.0,-0.9854,-0.1701,22.6,20.6,20.6,station
2025-09-22,23.6,21.7,24.3,22.5,24.1,23.0,21.8,24.4,21.9,24.3,23.24,1.11,0.16,68,45,11.0,14.76,0.0,-0.9882,-0.1531,23.1,21.7,21.7,station
2025-09-23,27.4,24.7,28.1,26.3,27.3,27.2,24.7,27.0,26.3,27.9,26.76,1.32,0.14,75,64,13.6,16.11,7.1,-0.9907,-0.1361,29.6,28.3,28.3,station
2025-09-24,27.2,23.7,28.3,25.7,26.3,27.6,23.8,25.1,26.4,26.2,26.24,1.73,0.42,87,90,10.1,10.16,3.7,-0.9929,-0.1191,26.2,24.4,24.4,station
2025-09-25,23.0,23.3,24.7,23.5,22.7,24.2,23.2,23.8,24.9,22.4,23.44,0.77,-0.26,93,97,15.8,4.54,28.9,-0.9948,-0.102,23.6,25.6,25.6,station
2025-09-26,25.8,25.0,26.3,27.3,27.1,25.6,25.3,28.5,27.1,24.2,26.3,0.95,0.16,77,61,9.7,17.19,0.0,-0.9964,-0.0848,26.4,28.3,28.3,station
2025-09-27,24.9,23.8,26.6,25.7,25.9,24.8,23.9,26.7,25.5,24.5,25.38,1.07,0.3,77,87,6.8,12.47,0.1,-0.9977,-0.0677,24.4,25.6,25.6,station
2025-09-28,26.3,25.7,28.9,28.5,27.8,27.3,25.5,29.2,28.4,29.0,27.44,1.39,-0.44,77,30,6.4,18.09,0.8,-0.9987,-0.0505,27.9,28.9,28.9,station
2025-09-29,23.9,23.8,27.8,25.6,24.9,23.7,24.0,25.2,25.5,27.4,25.2,1.63,0.04,71,92,9.7,12.54,0.0,-0.9994,-0.0333,23.8,23.3,23.3,station
2025-09-30,24.7,25.4,28.6,26.2,26.7,25.2,25.2,26.9,26.0,27.9,26.32,1.49,0.08,65,99,13.1,13.36,0.0,-0.9999,-0.0161,25.8,26.7,26.7,station
2025-10-01,19.5,20.1,20.2,19.7,20.9,19.1,19.7,21.2,19.9,21.0,20.08,0.54,-0.1,48,12,14.7,18.56,0.0,-1.0,0.0011,20.8,20.6,20.6,station
2025-10-02,18.2,18.3,19.1,19.2,19.5,17.9,18.0,17.3,18.7,19.7,18.86,0.58,0.54,52,33,10.0,17.85,0.0,-0.9998,0.0183,19.1,18.3,18.3,station
2025-10-03,21.5,21.1,21.6,22.1,23.1,20.6,20.6,22.8,21.9,23.0,21.88,0.77,0.1,63,32,11.4,17.91,0.0,-0.9994,0.0355,22.4,21.7,21.7,station
2025-10-04,26.7,24.9,28.8,26.8,26.5,26.7,24.6,28.0,26.6,27.9,26.74,1.39,-0.02,58,18,9.5,17.54,0.0,-0.9986,0.0527,28.2,28.3,28.3,station
2025-10-05,27.7,25.3,29.4,27.6,28.0,27.5,25.0,28.6,28.0,28.7,27.6,1.47,0.04,59,2,10.4,17.06,0.0,-0.9976,0.0698,30.1,28.9,28.9,station
2025-10-06,25.2,24.5,27.2,25.1,26.1,25.0,24.3,26.5,24.9,26.5,25.62,1.05,0.18,65,7,13.4,17.24,0.0,-0.9962,0.087,27.1,26.7,26.7,station
2025-10-07,24.8,24.4,25.7,25.7,25.9,24.9,24.4,26.0,25.6,27.0,25.3,0.66,-0.28,72,50,18.1,13.83,0.0,-0.9946,0.1041,27.0,25.6,25.6,station
2025-10-08,21.4,21.6,21.3,21.5,20.5,21.1,21.6,21.8,21.9,22.0,21.26,0.44,-0.42,69,57,19.3,10.23,6.1,-0.9926,0.1212,22.0,22.2,22.2,station
2025-10-09,14.8,15.1,15.0,15.8,15.3,14.7,15.1,15.9,16.3,15.1,15.2,0.38,-0.22,53,0,14.9,17.38,0.0,-0.9904,0.1383,14.9,15.0,15.0,station
2025-10-10,16.0,16.5,16.7,16.6,17.5,16.2,16.5,17.3,16.4,17.6,16.66,0.54,-0.14,59,16,11.1,14.54,0.0,-0.9879,0.1553,16.6,17.2,17.2,station
2025-10-11,20.1,18.9,17.5,19.4,21.8,19.6,19.0,19.8,19.2,21.8,19.54,1.58,-0.34,76,81,14.6,5.65,1.5,-0.9851,0.1722,19.2,18.3,18.3,station
2025-10-12,16.3,17.8,17.4,16.4,18.2,17.6,17.7,17.4,17.0,20.3,17.22,0.84,-0.78,77,100,26.9,3.52,16.0,-0.9819,0.1892,16.9,17.2,17.2,station
2025-10-13,16.5,15.4,15.9,16.1,15.4,16.6,14.5,16.2,15.4,15.7,15.86,0.47,0.18,88,100,30.5,2.72,43.1,-0.9785,0.206,15.3,15.0,15.0,station
2025-10-14,19.0,16.7,17.7,16.6,18.8,18.9,16.9,16.3,17.3,17.8,17.76,1.13,0.32,81,100,18.7,6.25,0.8,-0.9749,0.2228,16.4,16.1,16.1,station
2025-10-15,17.3,18.9,18.3,18.8,18.2,19.4,18.5,20.3,17.8,18.5,18.3,0.64,-0.6,75,67,14.7,12.32,0.0,-0.9709,0.2396,19.6,20.6,20.6,station
2025-10-16,12.5,14.6,13.2,14.8,15.1,12.7,14.6,15.5,14.0,15.3,14.04,1.13,-0.38,52,9,17.5,15.52,0.0,-0.9666,0.2562,15.1,16.1,16.1,station
2025-10-17,15.0,16.2,15.7,17.1,16.4,14.7,15.8,16.1,16.2,16.9,16.08,0.79,0.14,52,18,14.8,15.43,0.0,-0.9621,0.2728,17.0,17.8,17.8,station
2025-10-18,16.6,17.5,18.8,18.2,19.3,16.0,17.0,18.5,18.5,19.4,18.08,1.07,0.2,64,26,8.2,13.33,0.0,-0.9572,0.2893,17.7,18.9,18.9,station
2025-10-19,20.4,20.5,21.2,21.3,21.5,20.3,20.5,20.9,20.7,21.9,20.98,0.5,0.12,79,35,21.0,14.37,0.0,-0.9521,0.3057,21.1,21.1,21.1,station
2025-10-20,19.1,19.6,19.5,19.3,19.5,19.3,19.5,19.2,19.4,19.9,19.4,0.2,-0.06,71,55,25.0,10.7,4.5,-0.9467,0.3221,20.9,20.0,20.0,station
2025-10-21,17.3,18.5,18.7,18.7,18.6,17.6,18.2,20.0,18.8,18.7,18.36,0.6,-0.3,60,20,13.8,14.77,0.0,-0.941,0.3383,19.7,18.9,18.9,station
2025-10-22,16.2,17.3,16.3,17.0,16.5,16.2,17.3,17.7,17.7,18.2,16.66,0.47,-0.76,70,50,21.2,13.25,6.6,-0.9351,0.3545,16.6,17.2,17.2,station
2025-10-23,14.0,15.4,14.7,15.2,16.1,14.6,15.3,15.0,14.8,16.3,15.08,0.79,-0.12,62,16,17.8,12.64,0.1,-0.9288,0.3705,15.0,16.1,16.1,station
2025-10-24,13.8,14.9,15.2,15.6,16.3,13.9,14.6,15.7,16.1,16.9,15.16,0.92,-0.28,64,21,12.8,12.78,0.0,-0.9223,0.3864,15.3,15.6,15.6,station
2025-10-25,13.9,14.5,13.9,14.2,14.7,13.8,14.4,14.7,14.8,15.9,14.24,0.36,-0.48,61,44,10.6,11.29,0.0,-0.9155,0.4022,14.7,15.0,15.0,station
2025-10-26,13.7,14.5,14.5,15.2,14.8,13.3,14.1,13.7,14.1,14.5,14.54,0.55,0.6,57,34,8.1,11.27,0.0,-0.9085,0.4179,15.1,14.4,14.4,station
2025-10-27,13.4,13.6,12.9,13.1,13.4,12.2,13.3,11.9,13.0,13.1,13.28,0.28,0.58,53,1,11.0,13.81,0.0,-0.9012,0.4335,13.5,12.8,12.8,station
2025-10-28,12.3,13.4,12.9,13.4,13.6,13.3,13.8,12.8,14.1,13.5,13.12,0.53,-0.38,60,66,23.1,9.04,0.0,-0.8936,0.4489,13.0,12.8,12.8,station
2025-10-29,12.8,12.9,12.1,14.0,13.3,13.3,12.8,12.3,13.3,13.8,13.02,0.7,-0.08,65,87,18.3,9.0,0.0,-0.8857,0.4642,13.9,12.8,12.8,station
2025-10-30,16.9,16.6,15.9,17.8,16.9,16.8,16.4,15.4,17.6,16.1,16.82,0.68,0.36,89,99,26.9,1.83,39.6,-0.8776,0.4794,16.7,18.3,18.3,station
2025-10-31,15.4,14.3,15.7,16.2,16.6,15.2,14.3,15.1,16.8,15.5,15.64,0.88,0.26,67,36,27.9,7.82,0.7,-0.8692,0.4944,15.2,15.6,15.6,station
2025-11-01,13.2,14.0,11.2,14.3,14.2,12.9,14.1,14.7,13.5,13.2,13.38,1.29,-0.3,54,36,22.5,11.97,0.0,-0.8606,0.5093,14.6,14.4,14.4,station
2025-11-02,13.0,14.6,14.0,14.7,14.8,12.6,14.2,15.5,15.6,14.7,14.22,0.75,-0.3,72,42,8.3,12.55,0.0,-0.8517,0.524,14.1,15.6,15.6,station
2025-11-03,15.0,14.1,14.7,14.8,14.9,13.7,14.4,17.0,14.7,16.8,14.7,0.35,-0.62,79,77,18.1,6.09,0.3,-0.8426,0.5386,14.0,15.0,15.0,station
2025-11-04,13.6,14.9,14.8,15.3,14.8,13.3,15.1,14.6,14.8,14.9,14.68,0.64,0.14,50,6,23.2,12.11,0.0,-0.8332,0.553,14.8,15.6,15.6,station
2025-11-05,15.8,16.8,18.3,18.4,17.8,15.2,16.5,17.7,17.9,16.4,17.42,1.11,0.68,59,64,23.0,9.61,0.0,-0.8235,0.5672,17.1,18.9,18.9,station
2025-11-06,14.2,13.1,14.2,15.9,13.8,13.6,13.6,15.3,15.8,16.5,14.24,1.03,-0.72,54,41,23.5,9.9,0.2,-0.8137,0.5813,13.6,12.2,12.2,station
2025-11-07,14.1,15.5,15.3,15.7,15.2,13.1,15.2,15.0,15.3,14.9,15.16,0.62,0.46,63,87,20.7,9.6,0.0,-0.8035,0.5952,14.8,15.6,15.6,station
2025-11-08,16.4,17.3,15.3,17.4,17.2,16.6,17.3,17.5,17.1,20.0,16.72,0.89,-0.98,73,64,15.1,10.81,8.7,-0.7932,0.609,18.2,18.3,18.3,station
2025-11-09,16.9,15.4,16.9,15.9,16.9,16.2,14.6,15.5,15.6,17.5,16.4,0.71,0.52,87,78,15.3,5.6,0.4,-0.7826,0.6225,16.4,18.3,18.3,station
2025-11-10,13.9,13.5,15.0,14.3,13.8,13.2,13.3,13.6,14.0,14.0,14.1,0.58,0.48,85,72,18.0,4.54,6.1,-0.7718,0.6359,13.9,14.4,14.4,station
2025-11-11,4.4,5.2,3.1,5.7,4.9,4.2,5.2,6.3,5.3,5.3,4.66,0.99,-0.6,58,65,27.5,7.45,1.0,-0.7607,0.6491,4.4,5.6,5.6,station
2025-11-12,9.1,10.3,8.4,9.5,9.1,7.7,8.6,10.3,9.3,9.3,9.28,0.69,0.24,61,87,16.2,4.96,0.1,-0.7494,0.6621,9.3,10.0,10.0,station
2025-11-13,9.5,10.8,9.2,10.6,10.7,10.2,11.2,10.3,11.4,11.5,10.16,0.75,-0.76,64,25,20.4,8.58,0.3,-0.7379,0.6749,10.4,10.6,10.6,station
2025-11-14,8.5,10.4,10.1,9.7,11.5,7.9,10.2,9.0,8.8,9.5,10.04,1.09,0.96,64,38,18.4,8.03,0.1,-0.7262,0.6875,10.0,10.6,10.6,station
2025-11-15,10.6,10.4,9.2,9.8,10.5,10.1,9.9,10.3,10.3,11.0,10.1,0.59,-0.22,69,67,14.8,9.07,1.3,-0.7143,0.6998,8.9,10.6,10.6,station
2025-11-16,13.0,12.4,11.6,12.6,12.5,11.2,12.5,13.6,13.2,14.6,12.42,0.51,-0.6,61,35,26.3,10.66,2.1,-0.7021,0.712,12.9,13.3,13.3,station
2025-11-17,4.7,6.9,5.1,6.3,6.4,4.9,7.0,7.0,6.1,6.3,5.88,0.93,-0.38,49,25,26.7,8.59,0.0,-0.6898,0.724,6.2,7.2,7.2,station
2025-11-18,7.2,8.2,8.0,8.1,8.4,6.6,8.0,8.3,7.6,8.2,7.98,0.46,0.24,48,46,15.2,9.87,0.0,-0.6772,0.7358,8.1,7.8,7.8,station
2025-11-19,7.6,6.9,6.4,9.2,7.7,8.4,7.7,9.6,8.6,9.9,7.56,1.06,-1.28,71,74,9.6,5.82,3.8,-0.6645,0.7473,8.5,8.3,8.3,station
2025-11-20,7.1,7.5,7.6,8.4,8.4,9.4,8.0,8.3,9.5,8.6,7.8,0.58,-0.96,67,62,5.9,8.74,0.0,-0.6515,0.7586,8.1,8.9,8.9,station
2025-11-21,11.6,10.3,9.5,11.7,12.4,11.3,10.4,12.8,12.5,11.1,11.1,1.17,-0.52,79,100,15.2,6.01,0.0,-0.6384,0.7697,11.0,11.1,11.1,station
2025-11-22,8.7,9.8,9.0,11.9,9.8,9.4,9.6,12.4,11.9,11.2,9.84,1.25,-1.06,79,68,13.7,4.51,5.2,-0.625,0.7806,10.7,10.6,10.6,station
2025-11-23,8.1,9.4,7.3,10.0,11.2,6.4,8.7,10.3,9.9,10.2,9.2,1.54,0.1,71,38,13.2,5.19,0.0,-0.6115,0.7912,7.5,10.0,10.0,station
2025-11-24,9.0,10.6,10.2,9.4,10.8,9.1,10.7,9.9,10.2,10.8,10.0,0.77,-0.14,55,26,14.0,9.9,0.0,-0.5978,0.8016,11.5,11.1,11.1,station
2025-11-25,13.3,12.4,12.5,13.2,12.1,13.1,12.6,12.0,13.1,12.6,12.7,0.52,0.02,77,100,19.5,3.69,8.9,-0.584,0.8118,13.0,13.9,13.9,station
2025-11-26,15.7,14.3,16.7,16.6,15.9,16.0,14.3,15.8,16.7,16.0,15.84,0.96,0.08,92,80,19.9,4.75,5.6,-0.5699,0.8217,15.5,15.0,15.0,station
2025-11-27,10.3,10.3,5.8,11.6,9.4,11.9,10.2,8.9,11.4,11.3,9.48,2.2,-1.26,50,71,20.0,9.41,0.0,-0.5557,0.8314,10.6,8.9,8.9,station
2025-11-28,5.5,6.0,5.3,6.0,5.8,5.5,5.9,6.3,5.8,5.4,5.72,0.31,-0.06,49,13,26.0,9.03,0.0,-0.5413,0.8408,5.7,6.1,6.1,station
2025-11-29,4.6,5.5,5.5,5.6,5.8,4.2,5.6,6.0,5.8,6.2,5.4,0.46,-0.16,47,19,16.4,9.67,0.0,-0.5268,0.85,6.0,6.1,6.1,station
2025-11-30,7.7,8.0,8.0,8.5,9.3,10.2,7.8,8.4,9.9,10.2,8.3,0.63,-1.0,78,100,13.6,1.48,3.2,-0.5121,0.859,5.2,8.3,8.3,station
2025-12-01,5.4,6.0,3.3,6.0,5.5,5.1,6.2,4.8,5.6,6.9,5.24,1.12,-0.48,53,54,18.2,9.55,0.0,-0.4972,0.8676,6.5,6.1,6.1,station
2025-12-02,5.0,6.1,6.5,6.4,5.4,3.8,4.6,4.4,5.2,7.4,5.88,0.65,0.8,84,100,17.9,0.82,18.0,-0.4822,0.8761,3.9,4.4,4.4,station
2025-12-03,2.6,4.3,3.2,4.3,4.3,3.5,4.0,4.8,4.4,3.0,3.74,0.8,-0.2,70,26,17.1,9.31,0.0,-0.4671,0.8842,4.3,5.0,5.0,station
2025-12-04,3.4,4.6,3.9,4.8,4.9,2.3,4.1,4.6,4.8,3.3,4.32,0.65,0.5,65,35,23.3,6.43,0.1,-0.4518,0.8921,5.5,6.1,6.1,station
2025-12-05,-0.5,1.7,0.2,-0.6,1.8,0.0,0.8,-0.4,-0.4,2.0,0.52,1.16,0.12,49,56,13.6,6.84,0.0,-0.4364,0.8998,-0.8,0.0,0.0,station
2025-12-06,4.6,3.9,4.1,4.1,4.8,4.7,3.7,4.7,4.0,6.3,4.3,0.38,-0.38,73,73,10.7,6.03,0.4,-0.4208,0.9071,4.5,6.1,6.1,station
2025-12-07,4.3,4.9,4.8,5.2,5.2,4.1,4.6,4.4,3.9,4.0,4.88,0.37,0.68,67,53,12.3,8.25,0.0,-0.4052,0.9142,5.1,5.6,5.6,station
2025-12-08,1.2,3.5,0.1,1.5,0.5,0.1,3.4,2.5,1.3,-0.5,1.36,1.32,0.0,45,86,19.4,7.12,0.0,-0.3894,0.9211,2.1,4.4,4.4,station
2025-12-09,0.1,1.2,0.3,0.8,-0.8,0.3,1.6,2.3,1.8,0.3,0.32,0.76,-0.94,41,56,16.4,9.03,0.0,-0.3735,0.9276,0.0,1.7,1.7,station
2025-12-10,5.8,6.7,7.3,6.2,7.6,5.5,6.1,5.7,4.9,8.7,6.72,0.75,0.54,75,97,17.8,4.28,2.4,-0.3575,0.9339,6.9,8.3,8.3,station
2025-12-11,4.0,6.2,5.0,3.6,4.4,3.8,5.3,5.5,3.4,5.5,4.64,1.01,-0.06,57,43,24.8,7.8,0.0,-0.3413,0.9399,4.1,4.4,4.4,station
2025-12-12,0.2,1.4,1.6,1.3,2.2,0.5,1.6,0.4,1.6,2.6,1.34,0.73,0.0,47,1,16.9,9.1,0.0,-0.3251,0.9457,1.6,1.7,1.7,station
2025-12-13,4.2,4.5,3.8,4.1,5.6,4.2,4.8,1.9,3.8,4.5,4.44,0.69,0.6,64,87,8.7,5.01,0.8,-0.3088,0.9511,3.7,5.0,5.0,station
2025-12-14,0.9,2.9,0.1,2.2,2.4,0.9,3.3,1.0,2.1,-0.3,1.7,1.16,0.3,82,76,19.7,4.53,11.1,-0.2924,0.9563,0.7,0.6,0.6,station
2025-12-15,-3.7,-1.6,-2.9,-2.0,-1.6,-4.5,-1.3,-1.7,-1.4,-2.6,-2.36,0.92,-0.06,69,51,18.4,8.7,0.0,-0.2759,0.9612,-3.1,-1.7,-1.7,station
2025-12-16,-4.8,0.1,-1.6,0.0,-1.1,-4.0,0.1,-0.6,-0.1,-3.7,-1.48,1.99,0.18,73,53,11.8,9.31,0.0,-0.2593,0.9658,-2.1,0.0,0.0,station
2025-12-17,4.2,6.6,9.9,6.0,7.3,3.4,6.6,3.5,5.2,2.3,6.8,2.08,2.6,70,61,14.2,7.65,0.0,-0.2427,0.9701,4.4,8.9,8.9,station
2025-12-18,8.5,9.4,10.3,8.9,9.6,8.7,9.5,7.4,9.0,10.1,9.34,0.69,0.4,83,50,11.7,8.91,0.0,-0.226,0.9741,7.6,10.0,10.0,station
2025-12-19,13.3,13.1,13.3,13.2,12.6,13.6,13.3,12.0,13.4,14.2,13.1,0.29,-0.2,81,82,37.1,2.16,24.6,-0.2092,0.9779,14.4,14.4,14.4,station
2025-12-20,2.0,3.2,3.2,3.0,3.5,2.5,2.7,3.3,3.2,2.4,2.98,0.58,0.16,59,44,19.5,8.25,0.0,-0.1923,0.9813,2.7,3.3,3.3,station
2025-12-21,6.3,8.0,6.0,6.3,6.4,6.6,7.8,6.4,6.9,7.1,6.6,0.8,-0.36,58,42,22.5,8.57,0.0,-0.1754,0.9845,7.7,7.2,7.2,station
2025-12-22,1.9,3.0,4.8,2.4,3.5,1.5,3.0,3.5,1.6,4.6,3.12,1.12,0.28,55,33,15.1,8.59,0.0,-0.1585,0.9874,3.0,3.9,3.9,station
2025-12-23,4.5,3.2,3.4,3.4,6.2,4.4,3.2,3.3,3.9,3.2,4.14,1.26,0.54,84,100,9.8,1.95,3.4,-0.1414,0.9899,3.6,4.4,4.4,station
2025-12-24,4.2,7.0,4.8,6.1,7.0,5.6,7.0,5.8,6.1,6.3,5.82,1.28,-0.34,69,38,25.6,7.54,0.0,-0.1244,0.9922,7.5,7.2,7.2,station
2025-12-25,6.4,6.5,9.2,8.3,8.3,5.8,5.8,5.0,6.6,8.5,7.74,1.23,1.4,63,75,21.5,4.99,0.0,-0.1073,0.9942,8.2,8.9,8.9,station
2025-12-26,-2.6,0.3,-2.4,-1.3,-2.5,-2.5,1.1,-0.5,0.6,-0.3,-1.7,1.23,-1.38,50,81,15.1,5.17,6.1,-0.0902,0.9959,-2.5,-2.2,-2.2,station
2025-12-27,0.5,0.9,0.3,-0.5,0.6,-2.3,1.0,0.0,-0.9,1.1,0.36,0.53,0.58,88,90,17.4,3.86,5.2,-0.073,0.9973,-1.0,-1.1,-1.1,station
2025-12-28,2.8,3.6,1.4,2.1,2.9,3.1,3.4,1.2,1.7,1.6,2.56,0.84,0.36,85,83,9.7,7.17,0.9,-0.0559,0.9984,1.5,2.8,2.8,station
2025-12-29,12.1,8.8,11.6,10.4,11.3,12.8,8.7,6.6,10.9,12.4,10.84,1.3,0.56,84,84,25.6,2.75,3.9,-0.0387,0.9993,6.4,9.4,9.4,station
2025-12-30,-0.6,1.3,-0.7,-0.2,-1.4,-0.9,0.9,-0.2,0.4,-0.9,-0.32,1.0,-0.18,48,72,29.0,5.41,0.0,-0.0215,0.9998,-0.1,0.6,0.6,station
2025-12-31,0.0,0.5,-0.1,-0.3,-0.4,-0.3,-0.2,0.2,-0.3,-1.4,-0.06,0.35,0.34,49,74,16.9,7.19,0.0,-0.0043,1.0,-0.2,,,
2026-01-01,1.2,1.1,-0.1,1.0,1.2,-0.4,0.8,0.9,0.1,-1.2,0.88,0.55,0.84,55,43,23.8,9.22,1.3,0.0172,0.9999,0.7,2.2,2.2,station
2026-01-02,-2.3,-1.0,-0.9,-1.3,-0.9,-2.5,-1.0,-0.4,-1.4,-2.1,-1.28,0.59,0.2,56,82,14.4,8.1,0.3,0.0344,0.9994,-1.4,-1.1,-1.1,station
2026-01-03,-2.4,-0.1,0.3,-1.1,-0.5,-2.5,0.2,-0.7,-1.6,-2.7,-0.76,1.05,0.7,48,68,11.2,8.05,0.0,0.0516,0.9987,-1.1,-0.6,-0.6,station
2026-01-04,0.2,1.2,1.8,0.4,1.8,-0.6,1.7,1.1,0.4,-0.9,1.08,0.76,0.74,62,70,12.4,8.06,0.3,0.0688,0.9976,0.8,1.1,1.1,station
2026-01-05,2.3,2.3,1.9,1.8,1.7,1.6,2.7,0.8,2.1,0.4,2.0,0.28,0.48,67,75,12.2,4.17,0.3,0.0859,0.9963,1.5,3.3,3.3,station
2026-01-06,4.8,4.9,7.5,4.6,5.7,6.0,4.3,2.7,4.3,3.2,5.5,1.19,1.4,84,98,9.9,4.98,0.0,0.103,0.9947,3.9,3.9,3.9,station
2026-01-07,8.4,8.6,9.3,8.1,9.5,7.9,9.3,7.9,9.5,8.9,8.78,0.6,0.08,84,76,18.2,7.21,0.3,0.1201,0.9928,9.1,8.9,8.9,station
2026-01-08,8.3,8.0,9.4,8.9,7.7,7.6,8.0,8.7,8.4,8.8,8.46,0.69,0.16,77,9,13.0,8.97,0.0,0.1372,0.9905,10.1,9.4,9.4,station
2026-01-09,11.2,9.4,10.8,9.4,11.0,10.6,8.9,10.3,8.7,10.5,10.36,0.89,0.56,87,68,20.2,6.94,4.5,0.1542,0.988,10.9,11.7,11.7,station
2026-01-10,10.8,9.4,11.9,10.2,10.6,10.3,8.8,10.5,9.3,12.4,10.58,0.91,0.32,88,100,19.8,2.72,12.7,0.1712,0.9852,9.3,11.1,11.1,station
2026-01-11,6.8,6.9,7.8,7.9,7.9,7.2,7.0,7.2,8.1,6.5,7.46,0.56,0.26,73,71,20.6,6.58,0.5,0.1881,0.9821,8.4,8.3,8.3,station
2026-01-12,3.5,4.3,3.9,4.8,4.6,3.7,4.3,5.6,4.3,4.1,4.22,0.53,-0.18,57,24,22.9,9.59,0.0,0.205,0.9788,4.7,4.4,4.4,station
2026-01-13,5.6,6.3,8.5,8.5,6.9,4.9,5.9,7.8,7.4,6.3,7.16,1.31,0.7,65,56,16.3,9.34,0.0,0.2218,0.9751,7.1,8.3,8.3,station
2026-01-14,7.8,8.4,10.9,9.6,7.8,8.0,8.4,7.4,8.1,10.3,8.9,1.34,0.46,66,100,13.3,3.06,0.0,0.2385,0.9711,9.3,10.0,10.0,station
2026-01-15,5.7,6.7,6.6,5.9,5.3,4.1,5.5,5.9,5.9,5.8,6.04,0.6,0.6,62,48,19.8,8.63,0.1,0.2552,0.9669,6.8,7.8,7.8,station
2026-01-16,0.3,0.2,0.5,0.2,1.2,0.1,0.2,0.7,0.2,0.9,0.48,0.42,0.06,40,32,21.9,8.94,0.0,0.2718,0.9624,0.2,1.1,1.1,station
2026-01-17,2.4,3.2,6.1,2.3,2.3,3.4,2.7,2.5,2.0,2.7,3.26,1.63,0.6,72,75,10.7,1.81,3.9,0.2883,0.9575,2.5,4.4,4.4,station
2026-01-18,0.9,1.5,1.5,2.2,1.2,1.3,1.3,0.6,2.2,1.1,1.46,0.48,0.16,96,95,14.0,2.82,9.6,0.3047,0.9524,0.7,1.7,1.7,station
2026-01-19,-1.5,0.7,-0.5,0.6,0.5,-2.6,-0.3,-0.1,1.0,-1.8,-0.04,0.95,0.72,78,50,16.3,10.47,0.1,0.3211,0.9471,-1.3,0.0,0.0,station
2026-01-20,-5.1,-1.9,-6.5,-2.5,-3.3,-4.8,-2.3,-4.8,-2.5,-5.7,-3.86,1.9,0.16,59,1,18.1,11.25,0.0,0.3373,0.9414,-4.2,-3.9,-3.9,station
2026-01-21,2.2,3.3,1.4,2.8,2.3,2.1,3.4,0.7,2.2,-1.8,2.4,0.71,1.08,61,48,17.9,9.53,0.0,0.3534,0.9355,1.6,3.9,3.9,station
2026-01-22,6.5,8.2,6.9,6.4,7.3,5.5,7.0,4.0,5.5,3.9,7.06,0.73,1.88,59,77,18.3,10.23,0.2,0.3695,0.9292,6.9,8.9,8.9,station
2026-01-23,-0.5,3.8,2.2,1.2,0.8,1.2,3.0,1.2,1.3,2.4,1.5,1.61,-0.32,38,70,23.8,8.97,0.0,0.3854,0.9227,2.3,3.3,3.3,station
2026-01-24,-8.5,-6.2,-7.9,-8.2,-6.2,-8.5,-6.4,-7.8,-8.8,-7.6,-7.4,1.12,0.42,34,75,22.5,10.12,0.0,0.4012,0.916,-7.5,-7.8,-7.8,station
2026-01-25,-0.2,-2.0,-0.8,-5.3,-4.0,-1.5,-1.6,-5.9,-6.3,-2.8,-2.46,2.15,1.16,69,100,26.7,2.0,32.4,0.4169,0.9089,-4.2,-5.0,-5.0,station
2026-01-26,0.0,-1.9,-0.2,-0.9,-3.6,0.6,-1.3,-1.3,-1.3,-2.1,-1.32,1.48,-0.24,79,89,20.1,7.91,0.6,0.4325,0.9016,-3.1,-2.8,-2.8,station
2026-01-27,-10.1,-5.0,-8.1,-6.3,-5.3,-10.2,-5.0,-8.1,-7.0,-7.7,-6.96,2.13,0.64,66,32,21.9,10.6,0.1,0.4479,0.8941,-7.3,-5.6,-5.6,station
2026-01-28,-8.1,-4.9,-5.5,-4.3,-4.4,-9.2,-4.6,-5.6,-6.2,-6.7,-5.44,1.56,1.02,68,35,16.0,11.49,0.0,0.4633,0.8862,-6.9,-4.4,-4.4,station
2026-01-29,-9.5,-5.7,-6.4,-4.9,-4.1,-9.9,-5.4,-5.5,-4.9,-8.1,-6.12,2.08,0.64,68,5,15.3,12.61,0.0,0.4784,0.8781,-8.1,-4.4,-4.4,station
2026-01-30,-11.7,-7.7,-9.8,-8.2,-7.1,-12.0,-7.8,-8.6,-8.7,-9.9,-8.9,1.86,0.5,62,0,15.9,13.02,0.0,0.4935,0.8698,-9.3,-7.2,-7.2,station
2026-01-31,-10.3,-5.3,-7.5,-5.8,-6.2,-10.4,-5.7,-6.7,-6.2,-9.5,-7.02,2.01,0.68,68,54,19.2,12.69,0.0,0.5084,0.8611,-7.2,-4.4,-4.4,station
2026-02-01,-8.0,-4.6,-6.6,-3.0,-4.0,-8.1,-4.3,-6.2,-2.3,-6.3,-5.24,2.03,0.2,66,97,23.4,12.49,0.0,0.5231,0.8523,-6.8,-3.9,-3.9,station
2026-02-02,-3.8,-0.4,-1.3,-0.0,0.4,-3.8,-0.3,-0.9,0.3,-2.1,-1.02,1.68,0.34,62,8,15.4,13.35,0.0,0.5377,0.8432,-0.9,1.7,1.7,station
2026-02-03,-3.8,-0.0,-0.8,0.9,1.8,-5.1,0.3,-0.2,0.9,-2.7,-0.38,2.15,0.98,71,31,10.4,12.28,0.0,0.5521,0.8338,-1.6,0.6,0.6,station
2026-02-04,-4.2,-0.2,-2.0,-0.3,0.7,-3.4,-0.1,-1.6,-0.3,-3.5,-1.2,1.94,0.58,70,52,14.9,13.14,0.0,0.5664,0.8242,-1.3,0.6,0.6,station
2026-02-05,-4.5,-0.8,-2.8,-1.2,-0.6,-4.4,-0.7,-2.3,-1.0,-4.0,-1.98,1.65,0.5,73,11,11.0,13.61,0.0,0.5805,0.8143,-2.9,0.0,0.0,station
2026-02-06,-3.1,-1.3,-1.7,-0.2,0.7,-4.1,-1.1,-2.9,-0.9,-3.5,-1.12,1.45,1.38,75,83,8.6,12.21,0.2,0.5944,0.8042,-2.3,0.6,0.6,station
2026-02-07,-4.5,-1.8,-6.1,-3.0,-2.4,-6.2,-1.7,-4.0,-2.2,-4.5,-3.56,1.74,0.16,69,94,28.3,11.84,1.0,0.6081,0.7938,-3.7,-2.2,-2.2,station
2026-02-08,-11.1,-7.9,-10.1,-8.1,-7.5,-11.0,-8.3,-7.6,-8.2,-10.0,-8.94,1.57,0.08,59,2,21.0,14.28,0.0,0.6217,0.7833,-10.1,-7.2,-7.2,station
2026-02-09,-5.6,-1.3,-3.1,-0.7,-1.3,-5.7,-1.1,-2.4,-1.5,-3.2,-2.4,2.0,0.38,67,31,15.0,14.36,0.0,0.6351,0.7725,-4.4,-0.6,-0.6,station
2026-02-10,0.6,1.7,0.5,0.8,1.3,1.5,1.5,0.4,1.1,-1.4,0.98,0.51,0.36,73,100,14.2,10.61,0.0,0.6483,0.7614,0.5,2.2,2.2,station
2026-02-11,2.4,4.7,3.0,4.5,3.5,2.7,5.2,2.3,4.5,2.1,3.62,0.98,0.26,75,68,17.6,9.54,6.0,0.6613,0.7502,3.2,5.0,5.0,station
2026-02-12,-1.1,1.4,0.6,1.4,1.3,-1.1,2.1,0.9,1.1,-0.1,0.72,1.07,0.14,71,89,18.0,10.46,0.0,0.6741,0.7387,0.9,2.2,2.2,station
2026-02-13,-1.6,0.9,3.6,2.3,3.0,-1.9,1.8,0.8,2.2,-0.2,1.64,2.07,1.1,72,40,12.6,14.91,0.0,0.6867,0.727,0.5,3.3,3.3,station
2026-02-14,2.5,4.5,8.3,6.8,6.5,2.4,4.6,4.7,5.9,1.9,5.72,2.25,1.82,77,35,10.3,14.33,0.0,0.6991,0.715,3.2,7.2,7.2,station
2026-02-15,2.4,3.8,7.5,5.1,4.8,1.5,3.9,1.8,4.9,1.3,4.72,1.88,2.04,82,84,10.4,8.23,0.4,0.7113,0.7029,2.4,3.9,3.9,station
2026-02-16,1.4,1.9,5.5,3.9,3.5,1.1,2.3,2.3,3.2,0.7,3.24,1.64,1.32,79,67,13.9,12.55,1.4,0.7233,0.6906,2.1,3.3,3.3,station
2026-02-17,3.7,3.9,11.1,7.5,8.5,2.9,4.5,9.2,6.8,5.3,6.94,3.15,1.2,87,62,12.2,11.11,0.0,0.735,0.678,5.5,8.3,8.3,station
2026-02-18,4.2,3.0,5.2,5.4,3.3,4.2,3.0,6.0,6.2,4.0,4.22,1.08,-0.46,95,96,8.6,5.13,3.0,0.7466,0.6653,3.6,3.3,3.3,station
2026-02-19,3.3,2.9,4.3,5.5,4.5,3.0,2.8,4.9,5.0,3.4,4.1,1.03,0.28,79,100,11.2,5.98,0.0,0.7579,0.6523,3.4,2.8,2.8,station
2026-02-20,5.9,3.5,4.6,4.0,2.1,5.0,3.1,2.3,4.1,2.7,4.02,1.4,0.58,92,100,15.5,2.38,8.3,0.769,0.6392,3.8,3.3,3.3,station
2026-02-21,8.2,5.8,7.0,8.7,7.0,8.2,6.0,7.2,8.4,7.0,7.34,1.14,-0.02,79,83,11.8,10.88,0.1,0.7799,0.6259,8.0,7.8,7.8,station
2026-02-22,2.4,3.3,3.2,4.4,3.6,3.1,3.2,2.8,5.3,2.3,3.38,0.72,0.04,91,99,23.7,3.84,13.5,0.7906,0.6124,3.3,1.1,1.1,station
2026-02-23,0.5,1.6,-0.1,1.8,1.3,0.1,1.9,1.1,2.2,0.6,1.02,0.8,-0.16,78,100,33.1,6.47,21.4,0.801,0.5987,1.3,2.2,2.2,station
2026-02-24,-2.9,0.4,-4.3,0.5,-0.6,-3.5,0.5,-2.2,0.9,-2.8,-1.38,2.13,0.04,69,37,20.1,17.33,0.0,0.8112,0.5848,-1.5,0.0,0.0,station
2026-02-25,2.7,3.6,4.9,6.9,5.3,3.4,3.9,1.8,6.5,2.2,4.68,1.62,1.12,79,63,14.8,13.19,2.0,0.8211,0.5708,2.7,6.1,6.1,station
2026-02-26,2.6,5.0,2.8,5.4,5.3,2.3,5.1,2.0,5.7,1.6,4.22,1.4,0.88,75,65,13.7,15.89,0.4,0.8308,0.5566,4.4,8.3,8.3,station
2026-02-27,-0.2,4.1,3.1,4.8,5.6,-0.8,4.7,1.3,5.8,1.1,3.48,2.25,1.06,79,4,12.5,17.61,0.0,0.8402,0.5422,1.4,5.0,5.0,station
2026-02-28,3.5,6.6,10.2,9.1,9.4,3.8,7.6,8.2,9.7,1.2,7.76,2.74,1.66,95,46,4.4,14.88,0.0,0.8495,0.5277,3.6,10.6,10.6,station
2026-03-01,-0.7,3.0,5.0,4.3,2.0,-1.3,4.1,4.8,5.5,1.0,2.72,2.24,-0.1,80,57,15.1,12.81,0.5,0.8584,0.513,3.0,5.6,5.6,station
2026-03-02,-4.3,-1.5,1.5,-0.2,-0.2,-6.5,-1.0,-1.4,-2.1,-4.2,-0.94,2.16,2.1,62,44,11.3,16.64,0.0,0.8671,0.4981,-2.2,0.0,0.0,station
2026-03-03,3.1,2.0,3.9,2.0,1.4,4.1,1.6,1.7,2.5,1.6,2.48,1.0,0.18,85,92,9.6,3.51,10.1,0.8755,0.4831,1.2,1.1,1.1,station
2026-03-04,6.7,6.0,11.3,10.8,8.4,10.3,6.7,7.4,10.5,4.7,8.64,2.37,0.72,91,85,8.8,14.26,4.3,0.8837,0.468,7.2,10.0,10.0,station
2026-03-05,5.0,4.0,6.1,5.2,4.6,5.0,4.1,3.4,6.8,3.9,4.98,0.78,0.34,97,100,17.9,3.39,15.6,0.8916,0.4527,5.2,6.7,6.7,station
2026-03-06,5.4,3.3,4.4,4.5,4.6,5.8,3.2,2.6,4.6,7.2,4.44,0.75,-0.24,87,100,19.3,5.71,13.4,0.8993,0.4373,5.5,4.4,4.4,station
2026-03-07,7.4,5.8,6.1,7.3,6.9,8.6,5.9,7.1,7.5,9.2,6.7,0.72,-0.96,92,100,10.7,5.87,0.0,0.9067,0.4218,8.7,9.4,9.4,station
2026-03-08,19.3,11.9,16.6,19.4,16.7,17.8,11.1,15.0,16.6,17.6,16.78,3.04,1.16,81,92,14.8,8.9,1.4,0.9138,0.4061,19.9,20.0,20.0,station
2026-03-09,18.2,13.7,16.9,19.6,17.2,17.2,13.1,18.5,16.6,17.3,17.12,2.18,0.58,66,2,11.7,18.53,0.0,0.9207,0.3904,20.5,21.7,21.7,station
2026-03-10,16.6,14.5,23.9,18.7,16.4,16.8,14.6,19.4,19.9,17.2,18.02,3.61,0.44,71,5,10.7,18.09,0.0,0.9272,0.3745,23.5,25.0,25.0,station
2026-03-11,13.8,13.1,17.5,16.9,13.4,13.9,13.3,15.9,16.1,18.8,14.94,2.09,-0.66,74,55,16.5,14.16,0.8,0.9335,0.3585,19.6,21.1,21.1,station
2026-03-12,16.3,13.3,15.9,16.4,14.7,16.7,13.8,18.6,15.1,21.2,15.32,1.32,-1.76,85,85,24.0,3.96,10.1,0.9396,0.3424,16.4,13.3,13.3,station
2026-03-13,5.9,5.7,4.8,5.8,5.5,7.3,5.8,8.6,7.4,5.9,5.54,0.44,-1.46,59,51,20.8,12.12,0.7,0.9453,0.3261,4.7,5.6,5.6,station
2026-03-14,8.6,8.8,7.3,9.5,9.0,9.1,8.9,8.8,11.2,10.7,8.64,0.82,-1.1,54,23,28.2,19.29,0.5,0.9508,0.3098,9.9,12.8,12.8,station
2026-03-15,7.3,6.3,6.8,6.9,6.8,6.9,6.2,7.8,7.5,7.3,6.82,0.36,-0.32,63,93,17.1,12.24,0.6,0.956,0.2934,7.1,7.8,7.8,station
2026-03-16,12.9,12.8,15.0,13.1,11.9,12.9,12.6,12.4,12.4,14.3,13.14,1.14,0.22,93,100,28.9,5.1,22.8,0.9609,0.2769,14.7,12.8,12.8,station
2026-03-17,11.6,9.1,13.1,13.7,11.7,11.4,8.3,7.7,9.7,13.4,11.84,1.78,1.74,54,60,33.0,18.71,1.4,0.9655,0.2604,12.7,11.1,11.1,station
2026-03-18,1.0,0.8,3.3,1.9,3.7,0.8,0.9,3.7,2.3,1.9,2.14,1.32,0.22,52,26,13.6,16.71,0.0,0.9698,0.2437,2.2,2.2,2.2,station
2026-03-19,4.0,4.5,4.5,5.7,6.1,4.0,3.8,5.8,4.8,4.4,4.96,0.89,0.4,66,65,9.2,11.88,0.0,0.9739,0.227,4.8,5.0,5.0,station
2026-03-20,8.5,9.0,14.2,11.0,11.6,9.5,9.0,11.1,10.8,11.8,10.86,2.28,0.42,73,70,25.7,18.05,2.8,0.9777,0.2102,11.4,11.7,11.7,station
2026-03-21,12.8,10.5,12.2,13.1,10.8,11.3,10.1,13.2,12.6,14.3,11.88,1.17,-0.42,75,71,15.1,18.06,0.2,0.9811,0.1934,13.9,13.9,13.9,station
2026-03-22,13.6,11.5,13.4,16.7,12.3,14.2,11.0,19.9,17.0,15.8,13.5,1.98,-2.08,81,92,19.8,16.77,5.1,0.9843,0.1765,15.4,13.9,13.9,station
2026-03-23,10.7,9.5,12.1,10.9,10.4,11.2,8.9,13.3,10.2,12.6,10.72,0.94,-0.52,83,89,17.1,3.6,13.4,0.9872,0.1595,9.6,9.4,9.4,station
2026-03-24,7.3,6.0,5.9,8.2,8.1,7.1,6.0,8.7,8.6,7.0,7.1,1.11,-0.38,56,19,14.8,21.92,0.0,0.9898,0.1425,8.2,8.9,8.9,station
2026-03-25,8.7,8.0,12.4,10.2,10.3,8.6,7.7,11.3,10.7,8.8,9.92,1.7,0.5,63,91,17.7,17.73,0.0,0.9921,0.1255,10.6,10.6,10.6,station
2026-03-26,18.8,15.8,24.3,21.6,20.3,18.7,15.7,21.1,18.6,18.6,20.16,3.17,1.62,68,83,19.8,19.31,0.1,0.9941,0.1084,21.6,23.3,23.3,station
2026-03-27,17.8,14.8,16.9,16.2,17.6,17.0,13.4,16.4,15.1,20.4,16.66,1.22,0.2,68,85,20.5,11.93,3.8,0.9958,0.0913,18.0,18.9,18.9,station
2026-03-28,5.5,5.3,5.2,5.5,6.5,5.4,6.0,5.7,5.4,5.3,5.6,0.52,0.04,48,35,18.3,20.63,0.0,0.9972,0.0741,5.8,6.1,6.1,station
2026-03-29,8.0,8.6,11.0,12.3,10.8,7.5,7.8,11.1,9.3,11.0,10.14,1.79,0.8,59,46,16.1,22.01,0.0,0.9984,0.057,10.9,11.1,11.1,station
2026-03-30,18.7,16.4,20.2,19.0,20.2,19.0,15.5,15.4,18.2,20.6,18.9,1.56,1.16,59,58,19.7,19.05,0.0,0.9992,0.0398,21.1,22.2,22.2,station
2026-03-31,22.2,19.4,25.4,26.7,24.6,18.7,18.4,23.0,24.5,27.7,23.66,2.89,1.2,57,83,19.2,19.22,1.7,0.9997,0.0226,27.5,26.1,26.1,station
2026-04-01,25.7,18.9,25.9,25.4,21.6,23.6,19.6,23.8,25.5,27.8,23.5,3.12,-0.56,58,89,18.7,15.16,1.4,1.0,0.0054,26.4,25.6,25.6,station
2026-04-02,13.5,10.6,11.9,12.8,9.8,13.0,11.1,11.8,12.3,13.1,11.72,1.53,-0.54,81,100,23.5,6.34,5.1,0.9999,-0.0118,12.3,10.6,10.6,station
2026-04-03,18.9,14.3,15.3,16.2,18.5,19.6,13.4,20.8,17.2,18.5,16.64,2.0,-1.26,80,95,20.7,13.53,0.1,0.9996,-0.029,20.0,18.3,18.3,station
2026-04-04,20.0,15.7,21.4,21.2,24.0,21.3,15.4,19.6,22.9,24.6,20.46,3.03,-0.3,71,61,19.8,20.73,0.0,0.9989,-0.0462,20.6,20.0,20.0,station
2026-04-05,19.8,11.9,19.7,18.1,17.7,20.0,14.4,19.1,20.1,22.1,17.44,3.24,-1.7,83,100,16.6,6.45,7.2,0.998,-0.0634,16.2,13.9,13.9,station
2026-04-06,13.3,10.8,11.0,11.2,11.2,13.8,9.9,13.0,13.6,11.2,11.5,1.02,-0.8,52,34,21.3,22.15,0.1,0.9968,-0.0805,12.4,12.2,12.2,station
2026-04-07,9.4,10.0,9.3,10.1,8.5,8.2,7.9,10.4,11.6,9.8,9.46,0.64,-0.12,54,35,22.9,21.74,0.0,0.9952,-0.0977,11.6,11.7,11.7,station
2026-04-08,8.1,6.4,9.6,6.4,9.6,7.3,7.3,9.1,8.7,8.5,8.02,1.6,-0.16,50,0,13.8,24.98,0.0,0.9934,-0.1148,9.3,8.3,8.3,station
2026-04-09,8.9,8.7,7.4,20.5,10.7,8.7,12.0,10.4,8.9,10.1,11.24,5.31,1.22,69,20,13.7,24.45,0.0,0.9913,-0.1319,9.8,9.4,9.4,station
2026-04-10,14.5,12.7,17.1,,15.0,13.7,18.9,16.1,14.8,14.8,14.82,1.81,-0.84,69,32,14.8,23.59,0.0,0.9889,-0.1489,17.0,15.0,15.0,station
2026-04-11,16.5,14.1,16.0,,16.6,16.7,21.1,16.0,18.3,17.5,15.8,1.16,-2.12,45,19,16.7,24.62,0.2,0.9861,-0.1659,17.5,16.1,16.1,station
2026-04-12,12.0,9.6,12.8,,12.3,12.0,19.4,12.9,12.2,12.8,11.68,1.42,-2.18,48,46,16.2,23.8,0.0,0.9831,-0.1828,13.1,12.2,12.2,station
2026-04-13,26.1,21.0,28.0,22.8,24.7,21.7,19.5,21.3,24.4,27.4,24.52,2.74,1.66,60,75,25.3,16.21,0.0,0.9799,-0.1997,26.7,26.1,26.1,station
2026-04-14,27.5,22.5,29.9,26.2,25.2,27.5,21.6,27.1,26.1,27.6,26.26,2.74,0.28,52,45,19.2,23.0,0.0,0.9763,-0.2165,30.5,29.4,29.4,station
2026-04-15,29.3,22.7,31.6,29.1,27.3,29.6,23.6,31.3,28.9,30.2,28.0,3.33,-0.72,51,86,16.4,21.96,0.1,0.9724,-0.2333,31.7,30.6,30.6,station
2026-04-16,31.9,23.7,30.4,29.9,27.5,29.2,23.1,30.5,27.9,29.4,28.68,3.2,0.66,50,88,19.1,21.97,0.0,0.9683,-0.25,32.9,30.0,30.0,station
2026-04-17,24.9,20.6,25.2,25.3,23.4,29.0,22.1,26.2,27.5,27.7,23.88,1.99,-2.62,58,48,14.0,20.4,3.2,0.9638,-0.2666,26.4,25.0,25.0,station
2026-04-18,19.1,13.6,17.3,16.0,17.2,18.4,14.2,19.9,18.1,19.3,16.64,2.03,-1.34,74,57,14.2,23.91,0.0,0.9591,-0.2831,20.3,16.1,16.1,station
2026-04-19,13.2,9.9,11.9,12.3,11.6,15.3,9.9,13.8,13.3,15.2,11.78,1.21,-1.72,78,77,21.9,6.07,11.9,0.9541,-0.2996,11.5,11.7,11.7,station
2026-04-20,10.1,9.1,8.9,11.8,9.9,9.4,9.1,11.2,11.8,10.0,9.96,1.15,-0.34,61,24,17.1,20.02,0.2,0.9488,-0.316,10.2,10.0,10.0,station
2026-04-21,9.2,8.2,11.7,9.8,10.8,7.0,7.5,12.2,10.0,9.4,9.94,1.36,0.72,49,31,14.7,25.64,0.0,0.9432,-0.3322,11.0,11.1,11.1,station
2026-04-22,14.4,11.4,11.4,13.7,12.3,11.8,11.0,12.0,15.5,12.4,12.64,1.36,0.1,74,85,16.7,13.31,2.8,0.9373,-0.3484,11.9,12.8,12.8,station
2026-04-23,21.9,19.1,23.7,21.3,21.3,21.5,20.1,20.1,19.9,20.6,21.46,1.65,1.02,59,46,17.6,24.8,1.6,0.9312,-0.3645,22.5,21.7,21.7,station
2026-04-24,17.6,15.2,18.7,18.2,17.0,17.4,15.2,18.9,17.6,17.3,17.34,1.36,0.06,38,62,13.4,23.25,0.0,0.9248,-0.3804,20.5,18.3,18.3,station
2026-04-25,9.1,9.7,9.0,9.9,10.3,10.6,10.6,12.2,11.2,11.1,9.6,0.55,-1.54,72,99,14.1,5.15,23.7,0.9181,-0.3963,10.3,10.0,10.0,station
2026-04-26,14.5,11.7,11.4,13.4,14.0,13.0,10.1,11.6,14.0,10.9,13.0,1.38,1.08,78,61,17.5,16.37,3.7,0.9112,-0.412,13.4,13.9,13.9,station
2026-04-27,18.0,15.6,18.1,19.0,18.1,17.5,15.6,17.6,19.0,17.5,17.76,1.27,0.32,65,1,10.1,26.78,0.0,0.9039,-0.4276,19.4,19.4,19.4,station
2026-04-28,17.9,14.9,17.1,16.9,18.1,17.6,14.8,17.4,17.4,16.8,16.98,1.27,0.18,57,72,9.4,18.37,0.0,0.8965,-0.4431,18.2,17.8,17.8,station
2026-04-29,13.9,13.3,15.5,13.2,15.4,15.5,12.9,16.2,11.9,15.0,14.26,1.12,-0.04,65,98,14.0,19.83,1.3,0.8887,-0.4585,17.1,16.1,16.1,station
2026-04-30,16.4,13.2,13.5,16.1,14.5,17.1,14.2,16.8,18.8,17.1,14.74,1.46,-2.06,79,84,12.1,10.73,8.2,0.8807,-0.4737,15.6,15.6,15.6,station
2026-05-01,16.1,14.6,17.4,17.1,17.3,16.1,14.1,17.7,17.9,17.7,16.5,1.18,-0.2,58,33,15.7,24.95,0.0,0.8724,-0.4888,18.6,17.8,17.8,station
2026-05-02,14.3,13.0,15.8,15.1,16.6,14.7,12.6,16.1,15.5,15.8,14.96,1.39,0.02,63,91,14.0,17.86,5.1,0.8639,-0.5037,15.3,15.6,15.6,station
2026-05-03,12.9,13.8,14.3,14.8,15.4,13.2,13.5,15.8,14.4,15.5,14.24,0.96,-0.24,42,58,24.1,20.95,0.0,0.8551,-0.5185,14.5,15.6,15.6,station
2026-05-04,20.9,18.6,21.6,21.6,21.2,20.9,18.3,22.2,21.4,23.3,20.78,1.25,-0.44,40,15,20.1,23.24,0.0,0.846,-0.5331,24.0,21.7,21.7,station
2026-05-05,24.5,21.5,27.1,24.4,25.9,23.4,21.8,27.4,25.6,27.3,24.68,2.1,-0.42,50,39,20.2,26.12,0.0,0.8367,-0.5476,27.8,24.4,24.4,station
2026-05-06,18.7,17.3,23.4,19.2,21.8,18.6,17.2,20.1,19.8,21.4,20.08,2.47,0.66,70,83,20.1,9.4,5.4,0.8272,-0.5619,23.1,19.4,19.4,station
2026-05-07,18.2,14.5,17.4,18.2,18.3,17.2,14.0,19.2,17.6,18.4,17.32,1.62,0.04,54,51,18.4,25.06,4.0,0.8174,-0.5761,18.4,17.8,17.8,station
2026-05-08,17.1,15.9,16.6,18.0,17.5,16.8,15.4,16.8,16.3,18.2,17.02,0.81,0.32,46,46,22.0,23.97,0.5,0.8074,-0.59,18.1,17.2,17.2,station
2026-05-09,15.7,15.0,20.6,16.8,17.1,13.9,14.8,16.3,18.1,18.5,17.04,2.16,0.72,76,81,16.8,7.05,8.0,0.7971,-0.6038,18.1,17.8,17.8,station
2026-05-10,22.2,17.7,24.0,21.2,21.6,22.5,17.7,25.3,20.7,22.0,21.34,2.3,-0.3,81,75,13.3,19.88,0.9,0.7866,-0.6175,23.4,22.8,22.8,station
2026-05-11,16.2,14.7,18.5,16.8,16.8,18.7,15.1,19.8,18.6,18.9,16.6,1.37,-1.62,42,86,16.5,15.07,0.0,0.7759,-0.6309,17.2,16.1,16.1,station
2026-05-12,18.6,15.2,19.1,18.3,18.9,18.4,15.2,20.0,18.4,18.6,18.02,1.61,-0.1,41,19,18.0,30.02,0.0,0.7649,-0.6442,20.2,19.4,19.4,station
2026-05-13,19.5,17.7,21.5,20.2,20.2,17.4,17.1,18.4,17.1,19.2,19.82,1.39,1.98,57,88,23.7,20.06,0.1,0.7537,-0.6572,22.2,21.7,21.7,station
2026-05-14,18.1,15.1,16.6,20.5,17.9,18.4,15.4,18.2,20.1,18.3,17.64,2.0,-0.44,65,74,18.1,14.79,1.9,0.7423,-0.6701,19.4,19.4,19.4,station
2026-05-15,20.1,17.3,19.6,18.8,19.3,16.4,16.2,19.8,16.8,19.4,19.02,1.07,1.3,54,52,14.5,19.24,0.0,0.7306,-0.6828,19.7,18.3,18.3,station
2026-05-16,23.8,20.8,26.1,22.4,24.3,24.1,20.7,24.6,23.2,27.0,23.48,2.0,-0.44,49,8,16.0,29.16,0.0,0.7188,-0.6952,26.8,25.0,25.0,station
2026-05-17,31.6,25.0,32.5,28.8,27.5,29.8,25.1,30.9,29.6,31.0,29.08,3.05,-0.2,46,44,14.9,27.88,0.0,0.7067,-0.7075,32.7,31.7,31.7,station
2026-05-18,29.5,24.6,30.3,27.1,26.5,28.2,23.8,25.8,26.3,29.9,27.6,2.31,0.8,52,40,16.2,27.23,0.0,0.6945,-0.7195,32.3,30.6,30.6,station
2026-05-19,34.7,27.7,36.6,32.7,32.7,32.1,27.5,35.5,32.1,34.7,32.88,3.32,0.5,48,19,17.5,25.83,2.0,0.682,-0.7314,36.1,35.0,35.0,station
2026-05-20,31.7,28.0,35.0,32.6,32.3,35.1,28.1,35.4,33.6,34.9,31.92,2.53,-1.5,53,50,19.2,26.47,4.9,0.6693,-0.743,35.5,35.0,35.0,station
2026-05-21,20.9,19.2,19.5,21.9,18.8,21.4,19.0,18.8,20.2,20.2,20.06,1.3,0.14,69,97,13.5,6.63,10.0,0.6564,-0.7544,21.3,18.9,18.9,station
2026-05-22,18.6,15.9,20.8,18.9,19.5,17.0,15.3,19.2,19.2,18.2,18.74,1.8,0.96,52,97,15.8,21.55,0.0,0.6433,-0.7656,20.1,20.0,20.0,station
2026-05-23,13.8,13.4,16.8,13.5,14.3,12.2,13.2,14.3,14.5,15.3,14.36,1.41,0.46,69,100,14.3,3.69,15.7,0.6301,-0.7765,13.7,13.9,13.9,station
2026-05-24,15.2,13.4,13.8,14.2,13.9,15.8,13.5,13.6,14.9,17.2,14.1,0.68,-0.9,92,100,15.7,6.96,29.5,0.6166,-0.7873,15.1,13.9,13.9,station
2026-05-25,22.3,19.8,21.0,21.7,21.4,22.3,18.5,20.6,22.8,22.8,21.24,0.93,-0.16,88,96,11.1,12.01,5.0,0.603,-0.7978,23.2,23.9,23.9,station
2026-05-26,25.1,21.8,25.6,26.8,25.4,25.5,22.2,26.8,26.8,25.0,24.94,1.87,-0.32,67,67,10.2,28.55,0.0,0.5892,-0.808,25.8,26.7,26.7,station
2026-05-27,27.0,23.6,30.6,28.4,26.0,27.4,24.0,29.3,30.1,27.5,27.12,2.62,-0.54,72,88,13.2,17.31,0.0,0.5752,-0.818,27.3,28.9,28.9,station
2026-05-28,22.7,21.4,22.8,24.1,23.8,22.7,21.9,23.9,23.6,26.8,22.96,1.06,-0.82,44,45,22.3,23.53,0.0,0.561,-0.8278,25.3,23.9,23.9,station
2026-05-29,24.8,22.1,25.7,25.7,25.2,25.5,22.1,26.2,25.0,24.6,24.7,1.5,0.02,41,56,17.3,25.33,0.0,0.5467,-0.8373,27.2,25.6,25.6,station
2026-05-30,20.7,19.6,19.1,20.6,22.1,19.7,19.1,18.0,20.8,20.5,20.42,1.16,0.8,47,47,27.4,19.38,0.0,0.5322,-0.8466,20.9,21.7,21.7,station
2026-05-31,24.2,21.5,24.0,23.9,24.3,24.5,21.5,24.4,23.9,24.6,23.58,1.17,-0.2,46,50,13.9,22.81,0.0,0.5176,-0.8556,25.5,25.0,25.0,station
2026-06-01,20.7,18.9,21.8,22.3,20.7,21.9,19.4,23.9,22.3,22.2,20.88,1.31,-1.06,54,40,15.1,26.25,0.2,0.5028,-0.8644,20.4,20.6,20.6,station
2026-06-02,25.2,21.4,24.6,24.7,23.6,24.5,20.7,25.4,24.2,23.5,23.9,1.51,0.24,46,33,17.4,27.07,0.0,0.4878,-0.8729,25.7,24.4,24.4,station
2026-06-03,28.3,23.4,28.4,28.0,25.9,27.4,23.0,27.2,27.6,25.8,26.8,2.16,0.6,34,20,15.0,29.73,0.0,0.4728,-0.8812,29.3,28.3,28.3,station
2026-06-04,29.2,24.1,31.5,30.9,29.3,28.7,24.2,31.2,29.1,28.3,29.0,2.92,0.7,37,27,14.6,29.74,0.0,0.4575,-0.8892,31.5,30.0,30.0,station
2026-06-05,33.5,25.7,33.7,32.0,31.2,31.9,25.7,32.0,32.6,31.2,31.22,3.26,0.54,43,66,16.7,29.52,0.0,0.4422,-0.8969,33.9,32.2,32.2,station
2026-06-06,31.7,26.2,34.5,31.2,32.7,32.7,26.1,33.2,32.0,34.4,31.26,3.1,-0.42,51,83,25.4,24.3,6.9,0.4267,-0.9044,33.5,32.8,32.8,station
2026-06-07,28.8,25.2,29.4,28.7,28.0,31.0,25.7,29.3,29.6,30.8,28.02,1.65,-1.26,58,19,19.6,26.4,1.4,0.4111,-0.9116,28.9,27.2,27.2,station
2026-06-08,23.5,20.5,24.7,25.2,24.4,24.2,20.7,26.2,24.6,27.0,23.66,1.87,-0.88,49,42,18.6,30.14,0.2,0.3953,-0.9185,24.3,23.3,23.3,station
2026-06-09,25.3,22.2,26.7,25.3,24.8,26.0,22.3,28.8,26.6,27.7,24.86,1.65,-1.42,45,5,14.7,30.59,0.0,0.3795,-0.9252,27.5,26.1,26.1,station
2026-06-10,26.7,24.1,27.4,26.3,26.5,26.7,23.9,26.9,24.1,27.5,26.2,1.24,0.38,63,83,14.0,23.92,1.2,0.3635,-0.9316,28.5,28.3,28.3,station
2026-06-11,36.6,28.4,36.2,32.5,33.1,35.2,28.0,35.7,31.5,34.4,33.36,3.32,0.4,67,78,19.5,24.36,5.7,0.3474,-0.9377,34.7,35.0,35.0,station
2026-06-12,37.0,29.2,36.2,35.0,31.2,33.9,28.9,37.0,33.2,33.0,33.72,3.37,0.52,68,57,20.9,23.61,5.2,0.3312,-0.9436,34.7,34.4,34.4,station
2026-06-13,32.3,26.7,31.8,30.7,29.3,32.6,27.0,32.8,31.0,31.6,30.16,2.25,-0.84,48,35,13.4,28.68,0.0,0.3149,-0.9491,32.1,31.1,31.1,station
2026-06-14,31.1,25.8,32.9,31.5,30.2,30.0,25.6,31.1,30.0,30.3,30.3,2.7,0.9,50,83,20.7,25.88,0.5,0.2986,-0.9544,31.8,31.7,31.7,station
2026-06-15,25.3,23.2,26.2,26.3,26.3,26.1,23.2,26.4,25.2,26.3,25.46,1.33,0.02,64,36,18.8,28.89,17.6,0.2821,-0.9594,23.9,23.3,23.3,station
2026-06-16,24.6,22.0,26.8,25.3,25.3,24.2,21.9,27.3,25.3,26.2,24.8,1.76,-0.18,52,21,16.9,29.57,0.0,0.2656,-0.9641,26.1,25.6,25.6,station
2026-06-17,25.5,22.3,25.9,25.1,26.0,25.1,22.0,25.2,25.1,25.4,24.96,1.53,0.4,65,54,16.1,25.99,0.5,0.2489,-0.9685,25.7,25.0,25.0,station
2026-06-18,30.6,28.5,30.9,32.4,27.7,29.8,28.4,34.2,31.6,32.6,30.02,1.9,-1.3,64,73,33.0,19.44,1.0,0.2322,-0.9727,32.3,31.7,31.7,station
2026-06-19,29.9,25.8,29.3,26.7,27.7,29.4,25.6,29.8,26.9,29.0,27.88,1.72,-0.26,38,61,18.2,24.87,0.0,0.2155,-0.9765,29.1,27.8,27.8,station
2026-06-20,29.6,25.9,28.9,27.2,27.4,29.3,25.8,27.0,26.5,28.0,27.8,1.46,0.48,37,5,20.9,29.71,0.0,0.1986,-0.9801,28.9,28.3,28.3,station
2026-06-21,29.8,25.3,28.4,28.1,27.5,29.3,25.4,28.2,28.5,29.0,27.82,1.64,-0.26,42,28,10.6,27.67,0.1,0.1818,-0.9833,29.1,28.9,28.9,station
2026-06-22,24.5,21.5,25.9,24.2,23.5,23.3,21.2,22.6,23.3,26.3,23.92,1.61,0.58,74,92,15.3,7.77,15.4,0.1648,-0.9863,24.7,22.8,22.8,station
2026-06-23,22.9,21.3,24.0,22.4,21.7,25.4,21.2,21.6,25.6,26.0,22.46,1.06,-1.5,91,97,11.9,7.35,19.8,0.1478,-0.989,21.5,23.9,23.9,station
2026-06-24,26.9,25.6,29.0,27.8,27.1,26.8,25.5,29.0,28.1,26.2,27.28,1.25,0.16,59,18,14.4,29.51,0.0,0.1308,-0.9914,27.5,27.8,27.8,station
2026-06-25,26.7,25.0,29.5,28.2,27.9,25.9,25.1,29.0,27.7,29.5,27.46,1.7,0.02,61,36,16.4,27.95,0.0,0.1137,-0.9935,28.1,28.9,28.9,station
2026-06-26,29.0,25.5,31.2,29.1,28.6,27.6,25.7,29.1,30.3,32.1,28.68,2.05,-0.28,76,95,13.7,17.96,5.4,0.0966,-0.9953,27.4,28.3,28.3,station
2026-06-27,25.6,24.2,27.6,26.1,26.7,24.6,23.4,29.6,24.0,24.0,26.04,1.27,0.92,82,84,7.4,11.87,14.2,0.0795,-0.9968,25.7,25.6,25.6,station
2026-06-28,26.0,24.7,28.3,27.0,27.6,27.9,25.5,30.6,27.0,28.7,26.72,1.41,-1.22,78,52,8.7,25.35,1.6,0.0623,-0.9981,26.8,27.8,27.8,station
2026-06-29,29.0,27.0,32.3,30.5,29.6,28.7,27.1,31.1,29.7,31.5,29.68,1.95,0.06,64,28,13.8,28.29,0.0,0.0451,-0.999,31.1,30.6,30.6,station
2026-06-30,31.1,27.9,31.6,31.0,30.3,29.2,27.9,32.5,30.3,32.2,30.38,1.46,-0.04,52,68,13.8,25.21,1.3,0.028,-0.9996,33.4,32.2,32.2,station
2026-07-01,34.9,30.0,35.6,32.4,32.8,31.2,29.6,38.0,34.0,36.0,33.14,2.22,-0.62,67,56,13.0,26.83,5.4,0.0108,-0.9999,33.5,33.3,33.3,station
2026-07-02,36.9,32.0,39.6,36.6,37.3,39.1,32.5,40.6,35.7,39.7,36.48,2.77,-1.04,59,12,15.9,27.88,0.6,-0.0065,-1.0,39.0,38.9,38.9,station
2026-07-03,40.1,33.0,40.6,37.7,36.6,40.5,32.8,40.5,38.4,39.6,37.6,3.06,-0.76,48,24,18.4,27.26,1.6,-0.0237,-0.9997,39.2,37.8,37.8,station
2026-07-04,38.0,32.5,38.4,35.4,34.9,38.2,31.9,36.8,34.6,35.4,35.84,2.42,0.46,57,41,17.5,26.29,2.5,-0.0408,-0.9992,36.1,36.1,36.1,station
2026-07-05,29.9,26.0,30.7,28.2,30.8,29.5,26.1,29.3,30.1,25.3,29.12,2.03,1.06,86,97,14.5,16.45,32.7,-0.058,-0.9983,28.0,25.6,25.6,station
2026-07-06,22.8,22.3,23.0,23.4,23.6,21.7,22.3,23.1,23.3,22.3,23.02,0.51,0.48,95,100,21.7,5.78,55.3,-0.0752,-0.9972,22.0,21.1,21.1,station
2026-07-07,22.0,21.0,24.4,22.5,22.4,22.9,21.7,20.1,23.7,21.8,22.46,1.24,0.42,84,100,14.8,11.35,8.6,-0.0923,-0.9957,22.5,22.2,22.2,station
2026-07-08,27.4,26.1,28.9,29.7,29.6,26.5,24.4,27.4,29.1,28.1,28.34,1.55,1.24,74,13,11.6,29.34,0.0,-0.1094,-0.994,29.5,30.6,30.6,station
2026-07-09,27.0,26.8,28.2,30.5,31.1,26.8,27.3,30.8,30.2,31.8,28.72,1.98,-0.66,84,59,14.0,19.94,4.6,-0.1265,-0.992,29.1,30.6,30.6,station
2026-07-10,31.5,28.0,31.7,31.5,31.0,31.4,28.3,32.2,32.1,33.3,30.74,1.55,-0.72,79,69,10.5,21.47,0.3,-0.1436,-0.9896,29.4,31.1,31.1,station
2026-07-11,26.9,24.6,27.4,27.4,29.1,25.6,25.8,28.1,30.0,30.7,27.08,1.62,-0.96,79,83,14.0,22.03,16.6,-0.1606,-0.987,27.1,27.8,27.8,station
2026-07-12,29.2,26.2,30.8,29.5,29.1,27.5,26.0,29.4,29.6,29.9,28.96,1.69,0.48,62,11,10.9,26.58,0.9,-0.1775,-0.9841,28.8,29.4,29.4,station
2026-07-13,30.0,26.7,30.6,29.1,29.1,29.9,26.8,29.4,29.2,30.7,29.1,1.48,-0.1,57,21,14.9,26.28,0.2,-0.1944,-0.9809,29.3,29.4,29.4,station
2026-07-14,36.5,31.0,36.1,35.5,35.2,35.8,30.1,36.3,35.3,34.7,34.86,2.22,0.42,53,26,19.1,28.13,0.0,-0.2113,-0.9774,34.1,33.3,33.3,station
2026-07-15,38.7,32.9,38.1,36.0,35.9,39.5,33.3,39.2,35.8,37.8,36.32,2.28,-0.8,57,39,20.7,25.94,0.3,-0.2281,-0.9736,36.3,36.7,36.7,station
2026-07-16,34.0,29.7,34.9,33.1,33.0,36.0,30.6,36.0,33.8,33.6,32.94,1.97,-1.06,54,53,19.4,24.63,0.2,-0.2448,-0.9696,32.9,31.1,31.1,station
2026-07-17,30.9,27.7,32.1,28.7,30.5,32.6,27.7,32.7,29.9,31.4,29.98,1.76,-0.88,45,44,10.3,27.43,0.0,-0.2614,-0.9652,30.8,30.6,30.6,station
2026-07-18,27.8,24.4,30.3,26.9,26.2,30.0,24.5,26.2,25.5,29.7,27.12,2.17,-0.06,82,91,15.2,8.71,46.0,-0.278,-0.9606,26.9,26.7,26.7,station
2026-07-19,25.9,25.3,27.0,27.0,27.1,28.6,25.8,28.7,27.5,27.2,26.46,0.81,-1.1,63,23,18.7,29.07,1.4,-0.2945,-0.9557,26.7,26.7,26.7,station
2026-07-20,27.0,25.0,28.5,27.3,27.1,25.6,24.8,29.1,27.5,27.3,26.98,1.26,0.12,49,13,14.1,29.3,0.0,-0.3109,-0.9505,28.8,27.8,27.8,station
2026-07-21,28.5,24.1,26.3,26.9,25.1,26.9,24.1,28.7,26.1,26.3,26.18,1.69,-0.24,82,97,24.1,13.43,11.3,-0.3272,-0.945,28.1,27.8,27.8,station
2026-07-22,28.4,28.2,30.3,30.6,29.5,30.3,27.6,31.8,30.6,27.0,29.4,1.08,-0.06,68,40,16.0,26.45,0.9,-0.3434,-0.9392,29.9,31.1,31.1,station
2026-07-23,28.5,25.1,27.1,27.4,26.7,25.8,24.8,27.7,26.4,26.8,26.96,1.24,0.66,46,11,11.8,29.08,0.0,-0.3595,-0.9332,28.2,27.2,27.2,station
2026-07-24,29.0,25.9,29.1,28.7,28.5,30.0,25.9,29.4,28.8,28.4,28.24,1.33,-0.26,50,32,13.3,28.53,0.0,-0.3755,-0.9268,29.0,27.8,27.8,station
2026-07-25,29.0,25.6,28.1,28.0,27.4,29.1,25.0,28.3,28.4,27.9,27.62,1.27,-0.12,51,15,10.2,28.56,0.0,-0.3914,-0.9202,28.5,26.1,26.1,station
2026-07-26,30.1,26.2,29.3,29.1,28.4,29.2,25.7,29.2,29.7,29.3,28.62,1.48,0.0,54,32,11.4,24.99,0.2,-0.4071,-0.9134,29.9,27.8,27.8,station
2026-07-27,28.9,26.6,30.4,28.7,28.9,29.5,25.8,29.9,29.7,30.4,28.7,1.36,-0.36,61,21,12.6,25.22,2.1,-0.4228,-0.9062,30.8,28.9,28.9,station
2026-07-28,27.2,24.7,27.7,25.1,27.4,26.8,23.5,29.6,24.3,27.1,26.42,1.41,0.16,84,81,19.9,15.73,17.3,-0.4383,-0.8988,27.4,,,
