datum,p1_ifs,p1_aifs,p1_gfs,p1_icon,p1_gem,p2_ifs,p2_aifs,p2_gfs,p2_icon,p2_gem,mm_gem,mm_spreiding,run2run,rh_gem,bewolking_gem,wind_max,instraling_som,neerslag_som,doy_sin,doy_cos,era5_max,station_max,doel,doelbron
2023-11-01,,,28.2,,,,,30.2,,,,,,94,100,13.1,13.1,24.5,-0.8606,0.5093,27.9,30.0,30.0,station
2023-11-02,,,29.5,,,,,28.1,,,,,,96,99,13.4,8.28,50.3,-0.8517,0.524,26.4,29.0,29.0,station
2023-11-03,,,27.6,,,,,28.0,,,,,,93,99,11.9,13.36,43.6,-0.8426,0.5386,28.2,30.0,30.0,station
2023-11-04,,,26.7,,,,,28.5,,,,,,88,67,20.5,18.78,3.4,-0.8332,0.553,28.1,30.0,30.0,station
2023-11-05,,,30.3,,,,,30.0,,,,,,88,60,16.2,16.95,1.9,-0.8235,0.5672,28.5,30.0,30.0,station
2023-11-06,,,29.7,,,,,28.6,,,,,,91,98,14.0,16.95,7.0,-0.8137,0.5813,28.3,30.0,30.0,station
2023-11-07,,,29.2,,,,,30.0,,,,,,91,93,10.7,15.48,1.0,-0.8035,0.5952,28.2,31.0,31.0,station
2023-11-08,,,31.2,,,,,30.1,,,,,,89,96,15.1,17.42,6.3,-0.7932,0.609,30.1,33.0,33.0,station
2023-11-09,,,29.9,,,,,31.9,,,,,,85,92,19.1,19.1,0.6,-0.7826,0.6225,30.1,29.0,29.0,station
2023-11-10,,,29.6,,,,,29.4,,,,,,89,96,18.6,16.75,5.3,-0.7718,0.6359,30.6,32.0,32.0,station
2023-11-11,,,28.3,,,,,29.1,,,,,,93,98,14.3,11.82,12.0,-0.7607,0.6491,29.5,30.0,30.0,station
2023-11-12,,,26.9,,,,,28.1,,,,,,90,93,17.5,16.57,4.6,-0.7494,0.6621,29.9,29.0,29.0,station
2023-11-13,,,29.9,,,,,29.2,,,,,,89,91,11.0,17.35,7.2,-0.7379,0.6749,30.8,33.0,33.0,station
2023-11-14,,,29.5,,,,,30.7,,,,,,89,87,14.3,18.51,6.5,-0.7262,0.6875,30.8,33.0,33.0,station
2023-11-15,,,29.4,,,,,29.8,,,,,,91,100,18.4,10.26,14.2,-0.7143,0.6998,28.0,31.0,31.0,station
2023-11-16,,,28.6,,,,,28.0,,,,,,90,98,15.9,13.58,6.9,-0.7021,0.712,28.7,30.0,30.0,station
2023-11-17,,,25.3,,,,,25.6,,,,,,93,94,13.6,11.65,18.9,-0.6898,0.724,28.4,30.0,30.0,station
2023-11-18,,,27.7,,,,,28.7,,,,,,95,100,14.8,9.03,15.6,-0.6772,0.7358,27.0,28.0,28.0,station
2023-11-19,,,29.6,,,,,29.8,,,,,,90,89,14.7,17.35,3.2,-0.6645,0.7473,28.2,30.0,30.0,station
2023-11-20,,,29.5,,,,,29.3,,,,,,93,94,9.9,14.49,8.8,-0.6515,0.7586,28.3,30.0,30.0,station
2023-11-21,,,28.6,,,,,30.2,,,,,,90,71,8.3,18.55,2.4,-0.6384,0.7697,28.9,30.0,30.0,station
2023-11-22,,,28.2,,,,,30.0,,,,,,89,75,15.0,16.92,4.5,-0.625,0.7806,28.8,30.0,30.0,station
2023-11-23,,,28.7,,,,,29.9,,,,,,91,76,12.1,15.51,4.4,-0.6115,0.7912,29.0,31.0,31.0,station
2023-11-24,,,29.6,,,,,30.1,,,,,,92,95,13.1,16.07,6.7,-0.5978,0.8016,28.8,31.0,31.0,station
2023-11-25,,,30.4,,,,,30.4,,,,,,91,88,11.6,13.9,5.4,-0.584,0.8118,28.5,30.0,30.0,station
2023-11-26,,,31.1,,,,,29.9,,,,,,88,68,17.4,20.0,1.5,-0.5699,0.8217,29.5,32.0,32.0,station
2023-11-27,,,30.6,,,,,30.1,,,,,,84,44,14.3,19.57,0.5,-0.5557,0.8314,31.1,33.0,33.0,station
2023-11-28,,,29.4,,,,,28.7,,,,,,90,77,15.3,16.79,19.3,-0.5413,0.8408,30.2,33.0,33.0,station
2023-11-29,,,28.4,,,,,29.1,,,,,,92,98,17.7,13.82,30.7,-0.5268,0.85,27.8,29.0,29.0,station
2023-11-30,,,31.1,,,,,29.2,,,,,,88,68,18.5,18.6,0.7,-0.5121,0.859,29.8,32.0,32.0,station
2023-12-01,,,30.9,,,,,31.8,,,,,,81,39,16.7,20.64,0.7,-0.4972,0.8676,31.0,33.0,33.0,station
2023-12-02,,,32.3,,,,,31.4,,,,,,79,19,16.7,20.88,0.5,-0.4822,0.8761,31.5,34.0,34.0,station
2023-12-03,,,32.6,,,,,31.8,,,,,,80,52,17.5,20.88,0.3,-0.4671,0.8842,31.5,33.0,33.0,station
2023-12-04,,,32.2,,,,,32.2,,,,,,79,11,17.7,21.08,0.1,-0.4518,0.8921,31.8,34.0,34.0,station
2023-12-05,,,33.9,,,,,33.0,,,,,,79,21,18.6,20.68,1.0,-0.4364,0.8998,31.9,33.0,33.0,station
2023-12-06,,,31.6,,,,,30.6,,,,,,81,58,16.9,19.39,0.8,-0.4208,0.9071,30.7,34.0,34.0,station
2023-12-07,,,32.2,,,,,32.6,,,,,,77,100,17.0,18.69,0.2,-0.4052,0.9142,31.2,33.0,33.0,station
2023-12-08,,,31.4,,,,,31.8,,,,,,84,61,17.0,18.7,2.3,-0.3894,0.9211,31.1,33.0,33.0,station
2023-12-09,,,30.6,,,,,31.9,,,,,,85,37,16.9,17.59,1.3,-0.3735,0.9276,31.0,34.0,34.0,station
2023-12-10,,,30.5,,,,,31.1,,,,,,87,55,14.8,17.49,6.0,-0.3575,0.9339,31.4,33.0,33.0,station
2023-12-11,,,30.0,,,,,29.7,,,,,,91,77,14.8,13.95,12.3,-0.3413,0.9399,30.3,33.0,33.0,station
2023-12-12,,,31.7,,,,,30.8,,,,,,83,45,18.6,19.26,0.9,-0.3251,0.9457,31.7,32.0,32.0,station
2023-12-13,,,31.8,,,,,31.2,,,,,,80,36,16.1,20.04,0.2,-0.3088,0.9511,31.9,33.0,33.0,station
2023-12-14,,,31.5,,,,,31.7,,,,,,78,28,20.1,20.12,0.3,-0.2924,0.9563,31.8,33.0,33.0,station
2023-12-15,,,31.7,,,,,32.5,,,,,,80,65,15.0,18.77,1.6,-0.2759,0.9612,30.5,33.0,33.0,station
2023-12-16,,,32.0,,,,,29.5,,,,,,86,97,13.2,17.11,3.2,-0.2593,0.9658,29.8,31.0,31.0,station
2023-12-17,,,32.2,,,,,32.5,,,,,,85,94,20.1,16.92,0.5,-0.2427,0.9701,30.2,31.0,31.0,station
2023-12-18,,,31.6,,,,,31.7,,,,,,81,57,25.9,18.45,1.5,-0.226,0.9741,29.3,31.0,31.0,station
2023-12-19,,,31.3,,,,,30.5,,,,,,73,39,26.6,20.75,0.0,-0.2092,0.9779,30.7,32.0,32.0,station
2023-12-20,,,30.3,,,,,28.7,,,,,,72,28,30.2,20.13,0.1,-0.1923,0.9813,29.6,31.0,31.0,station
2023-12-21,,,30.2,,,,,30.2,,,,,,83,41,26.9,18.04,0.7,-0.1754,0.9845,28.8,28.0,28.0,station
2023-12-22,,,31.3,,,,,31.2,,,,,,81,89,20.6,19.41,1.3,-0.1585,0.9874,31.2,31.0,31.0,station
2023-12-23,,,32.5,,,,,31.4,,,,,,79,41,19.5,20.12,0.4,-0.1414,0.9899,32.0,33.0,33.0,station
2023-12-24,,,33.3,,,,,32.2,,,,,,82,75,22.5,19.86,2.1,-0.1244,0.9922,31.7,33.0,33.0,station
2023-12-25,,,32.2,,,,,32.3,,,,,,83,67,20.2,17.81,0.8,-0.1073,0.9942,30.7,33.0,33.0,station
2023-12-26,,,30.0,,,,,32.7,,,,,,85,92,15.5,17.43,2.4,-0.0902,0.9959,30.6,33.0,33.0,station
2023-12-27,,,29.5,,,,,29.1,,,,,,89,93,11.7,15.64,2.5,-0.073,0.9973,28.8,31.0,31.0,station
2023-12-28,,,30.6,,,,,28.8,,,,,,90,96,10.9,17.31,7.5,-0.0559,0.9984,29.1,31.0,31.0,station
2023-12-29,,,29.8,,,,,29.7,,,,,,91,85,9.0,16.57,13.9,-0.0387,0.9993,29.0,30.0,30.0,station
2023-12-30,,,,,,,,,,,,,,90,74,15.1,16.69,6.0,-0.0215,0.9998,29.3,32.0,32.0,station
2023-12-31,,,,,,,,,,,,,,82,42,22.8,19.67,0.7,-0.0043,1.0,30.4,,,
2024-01-01,,,,,,,,,,,,,,77,42,18.4,20.76,0.3,0.0172,0.9999,31.5,32.0,32.0,station
2024-01-02,,,,,,,,,,,,,,78,36,22.0,19.33,1.4,0.0344,0.9994,29.9,32.0,32.0,station
2024-01-03,,,,,,,,,,,,,,76,86,16.5,18.22,0.7,0.0516,0.9987,31.2,31.0,31.0,station
2024-01-04,,,,,,,,,,,,,,77,93,20.3,19.91,0.0,0.0688,0.9976,32.1,33.0,33.0,station
2024-01-05,,,,,,,,,,,,,,78,62,16.1,20.53,0.9,0.0859,0.9963,31.4,33.0,33.0,station
2024-01-06,,,,,,,,,,,,,,78,62,16.6,19.98,1.0,0.103,0.9947,31.4,32.0,32.0,station
2024-01-07,,,,,,,,,,,,,,77,37,21.7,20.76,0.3,0.1201,0.9928,31.7,33.0,33.0,station
2024-01-08,,,,,,,,,,,,,,74,78,22.7,20.4,0.3,0.1372,0.9905,31.0,32.0,32.0,station
2024-01-09,,,,,,,,,,,,,,77,48,19.5,20.95,0.8,0.1542,0.988,32.3,33.0,33.0,station
2024-01-10,,,,,,,,,,,,,,80,18,15.7,18.91,1.2,0.1712,0.9852,31.1,33.0,33.0,station
2024-01-11,,,,,,,,,,,,,,77,12,19.2,20.97,0.9,0.1881,0.9821,31.9,33.0,33.0,station
2024-01-12,,,,,,,,,,,,,,81,42,17.6,19.45,1.6,0.205,0.9788,31.6,33.0,33.0,station
2024-01-13,,,,,,,,,,,,,,79,14,16.5,20.93,0.0,0.2218,0.9751,30.8,33.0,33.0,station
2024-01-14,,,,,,,,,,,,,,78,17,18.3,20.11,1.7,0.2385,0.9711,31.5,32.0,32.0,station
2024-01-15,,,,,,,,,,,,,,74,26,20.8,20.73,0.0,0.2552,0.9669,32.6,33.0,33.0,station
2024-01-16,,,,,,,,,,,,,,77,36,21.4,18.76,0.3,0.2718,0.9624,32.8,33.0,33.0,station
2024-01-17,,,,,,,,,,,,,,78,71,21.6,20.69,0.8,0.2883,0.9575,32.6,34.0,34.0,station
2024-01-18,,,,,,,,,,,,,,74,55,22.7,21.38,0.0,0.3047,0.9524,33.0,33.0,33.0,station
2024-01-19,,,32.4,33.8,33.5,,,,,,,,,74,28,22.4,19.17,0.0,0.3211,0.9471,32.4,33.0,33.0,station
2024-01-20,,,32.5,33.2,32.4,,,32.2,33.1,32.5,,,,73,12,23.0,20.91,1.0,0.3373,0.9414,32.4,32.0,32.0,station
2024-01-21,,,33.6,33.6,32.5,,,33.5,33.7,32.7,,,,72,17,24.9,21.23,0.0,0.3534,0.9355,32.4,33.0,33.0,station
2024-01-22,,,34.6,34.0,33.0,,,34.7,34.4,32.8,,,,73,42,21.2,21.41,1.6,0.3695,0.9292,33.1,33.0,33.0,station
2024-01-23,,,35.8,35.1,33.9,,,35.8,34.8,34.1,,,,73,50,20.4,20.29,1.6,0.3854,0.9227,33.1,33.0,33.0,station
2024-01-24,,,34.6,35.2,34.2,,,35.8,35.4,34.2,,,,75,48,23.4,18.36,0.0,0.4012,0.916,32.6,34.0,34.0,station
2024-01-25,,,35.6,35.2,34.1,,,34.2,35.3,34.1,,,,75,34,18.7,20.76,0.9,0.4169,0.9089,33.3,33.0,33.0,station
2024-01-26,,,36.1,34.0,33.3,,,34.9,34.0,33.6,,,,73,34,21.0,21.9,0.3,0.4325,0.9016,33.3,33.0,33.0,station
2024-01-27,,,34.7,33.2,32.9,,,33.1,33.6,33.4,,,,72,37,18.4,21.5,0.1,0.4479,0.8941,32.7,33.0,33.0,station
2024-01-28,,,33.7,33.2,32.8,,,32.8,33.5,32.4,,,,72,34,22.4,21.31,0.3,0.4633,0.8862,32.9,33.0,33.0,station
2024-01-29,,,33.5,34.2,32.9,,,33.9,34.3,33.4,,,,67,42,24.1,22.38,0.0,0.4784,0.8781,33.0,33.0,33.0,station
2024-01-30,,,33.5,33.3,32.2,,,34.2,33.5,33.0,,,,72,66,26.9,20.79,0.8,0.4935,0.8698,31.3,33.0,33.0,station
2024-01-31,,,32.2,33.3,32.3,,,32.4,33.0,32.3,,,,71,52,23.8,20.85,0.5,0.5084,0.8611,31.6,33.0,33.0,station
2024-02-01,,,33.2,33.5,32.3,,,33.3,32.7,32.2,,,,65,58,24.5,21.72,0.0,0.5231,0.8523,32.3,33.0,33.0,station
2024-02-02,,,32.2,31.2,32.8,,,30.8,32.6,32.5,,,,70,89,20.9,20.26,0.2,0.5377,0.8432,32.2,32.0,32.0,station
2024-02-03,,,31.8,32.8,31.3,,,31.1,33.0,31.3,,,,75,52,14.5,21.35,0.0,0.5521,0.8338,30.2,32.0,32.0,station
2024-02-04,27.8,,30.7,30.1,29.4,,,30.7,30.0,29.7,29.5,1.25,,83,78,15.8,14.57,0.7,0.5664,0.8242,28.3,29.0,29.0,station
2024-02-05,28.7,,31.8,30.3,30.1,28.6,,31.4,29.2,30.1,30.23,1.27,0.4,85,62,20.2,19.56,5.3,0.5805,0.8143,29.3,30.0,30.0,station
2024-02-06,28.7,,32.8,31.9,30.2,29.4,,30.5,30.2,30.0,30.9,1.82,0.88,82,52,18.0,20.96,3.5,0.5944,0.8042,29.7,32.0,32.0,station
2024-02-07,28.6,,30.2,30.0,29.4,29.7,,30.6,30.1,29.2,29.55,0.72,-0.35,75,67,26.0,14.14,0.5,0.6081,0.7938,29.0,29.0,29.0,station
2024-02-08,30.5,,30.9,31.9,29.7,29.9,,31.9,32.7,29.9,30.75,0.91,-0.35,68,43,24.5,17.74,0.0,0.6217,0.7833,31.0,32.0,32.0,station
2024-02-09,31.2,,33.0,32.1,32.1,30.3,,32.8,32.4,31.7,32.1,0.73,0.3,63,42,23.4,23.0,0.0,0.6351,0.7725,32.1,32.0,32.0,station
2024-02-10,31.2,,32.9,33.1,32.5,31.0,,32.2,33.0,32.4,32.42,0.85,0.27,68,56,28.5,19.3,0.0,0.6483,0.7614,32.0,32.0,32.0,station
2024-02-11,31.8,,34.8,34.7,32.3,32.1,,31.9,34.8,32.6,33.4,1.57,0.55,74,43,24.9,20.51,0.3,0.6613,0.7502,32.7,32.0,32.0,station
2024-02-12,30.7,,34.4,34.7,31.4,31.0,,34.0,35.2,32.1,32.8,2.04,-0.28,77,46,21.7,18.44,0.5,0.6741,0.7387,32.0,34.0,34.0,station
2024-02-13,32.2,,34.6,34.7,32.4,32.0,,35.0,34.4,32.5,33.48,1.36,0.0,76,73,24.0,21.96,0.2,0.6867,0.727,32.7,33.0,33.0,station
2024-02-14,31.4,,32.5,33.3,32.3,31.6,,32.9,33.6,32.3,32.38,0.78,-0.23,72,60,26.9,21.72,0.8,0.6991,0.715,32.6,33.0,33.0,station
2024-02-15,31.4,,33.0,33.2,31.9,31.8,,33.3,33.9,32.8,32.38,0.87,-0.57,75,78,29.2,22.05,1.0,0.7113,0.7029,32.6,31.0,31.0,station
2024-02-16,32.3,,34.5,35.0,32.7,32.4,,36.9,34.9,32.3,33.62,1.33,-0.5,74,60,25.8,21.65,0.1,0.7233,0.6906,33.4,33.0,33.0,station
2024-02-17,30.3,,33.5,33.2,31.6,31.6,,33.2,33.3,31.2,32.15,1.49,-0.18,78,84,20.9,19.1,8.0,0.735,0.678,33.7,33.0,33.0,station
2024-02-18,31.1,,33.5,33.9,31.2,29.8,,35.2,35.8,30.3,32.42,1.48,-0.35,77,97,21.2,19.57,1.4,0.7466,0.6653,33.0,33.0,33.0,station
2024-02-19,31.7,,33.4,33.1,32.2,31.6,,32.8,34.2,32.0,32.6,0.79,-0.05,76,50,26.7,21.72,1.0,0.7579,0.6523,32.8,34.0,34.0,station
2024-02-20,30.5,,34.2,33.6,32.0,31.6,,34.0,33.5,32.1,32.58,1.67,-0.22,71,85,25.6,22.59,0.0,0.769,0.6392,33.2,34.0,34.0,station
2024-02-21,30.6,,33.4,33.7,31.6,31.6,,33.3,33.9,30.6,32.33,1.48,-0.02,69,25,26.9,22.75,0.0,0.7799,0.6259,33.4,34.0,34.0,station
2024-02-22,29.5,,30.4,30.8,29.6,29.0,,29.5,30.9,27.2,30.07,0.63,0.93,67,27,27.7,20.15,0.0,0.7906,0.6124,31.3,30.0,30.0,station
2024-02-23,30.1,,31.9,33.2,29.8,29.9,,30.0,32.8,31.1,31.25,1.6,0.3,66,51,21.8,19.56,0.0,0.801,0.5987,31.5,32.0,32.0,station
2024-02-24,29.8,,31.6,33.1,31.5,29.5,,34.0,32.7,31.7,31.5,1.35,-0.48,71,53,19.2,21.18,3.0,0.8112,0.5848,31.3,34.0,34.0,station
2024-02-25,29.6,,33.5,32.1,32.0,29.8,,34.6,32.3,32.2,31.8,1.62,-0.43,72,96,25.9,21.87,1.8,0.8211,0.5708,31.1,32.0,32.0,station
2024-02-26,30.9,,34.9,33.8,32.3,31.9,,35.2,33.7,32.2,32.97,1.75,-0.28,69,58,23.8,24.04,0.0,0.8308,0.5566,33.3,34.0,34.0,station
2024-02-27,31.7,,35.2,34.3,32.8,31.3,,35.9,34.3,32.4,33.5,1.56,0.02,66,14,27.4,23.11,0.0,0.8402,0.5422,33.4,34.0,34.0,station
2024-02-28,31.0,,35.0,33.7,33.3,31.4,,35.3,34.4,33.3,33.25,1.67,-0.35,66,13,26.4,23.39,0.0,0.8495,0.5277,33.2,33.0,33.0,station
2024-02-29,31.6,,35.6,34.5,33.3,31.5,,35.4,34.7,33.2,33.75,1.71,0.05,68,63,26.4,23.57,0.0,0.8584,0.513,33.3,33.0,33.0,station
2024-03-01,30.8,,35.2,33.7,32.9,30.5,,36.6,34.7,32.4,33.15,1.83,-0.4,68,79,24.1,22.23,0.0,0.8671,0.4981,32.9,33.0,33.0,station
2024-03-02,31.0,,35.7,34.3,32.0,30.6,,33.9,34.2,32.3,33.25,2.14,0.5,70,74,22.4,22.23,0.3,0.8755,0.4831,31.9,34.0,34.0,station
2024-03-03,30.1,,35.7,35.2,30.8,29.6,,32.7,34.4,31.6,32.95,2.91,0.88,72,23,22.4,22.54,0.9,0.8837,0.468,32.5,34.0,34.0,station
2024-03-04,30.2,,35.9,35.6,31.4,30.3,,35.4,34.8,31.9,33.27,2.9,0.17,70,12,20.4,22.43,1.6,0.8916,0.4527,32.5,33.0,33.0,station
2024-03-05,30.1,,35.2,35.3,32.3,30.2,,34.9,35.4,32.2,33.23,2.51,0.05,69,21,18.6,22.87,0.0,0.8993,0.4373,33.1,35.0,35.0,station
2024-03-06,30.3,,35.9,34.4,32.0,30.2,,36.3,35.6,32.4,33.15,2.49,-0.48,72,49,18.6,22.37,0.4,0.9067,0.4218,33.4,34.0,34.0,station
2024-03-07,30.3,,36.3,33.8,31.9,30.3,,36.6,34.3,31.9,33.07,2.58,-0.2,70,39,19.5,21.87,0.0,0.9138,0.4061,33.5,34.0,34.0,station
2024-03-08,30.8,,35.8,34.3,31.8,31.1,,34.1,34.6,31.6,33.17,2.29,0.32,73,27,22.3,23.0,1.9,0.9207,0.3904,33.3,32.0,32.0,station
2024-03-09,31.1,,35.7,34.4,31.4,31.3,,33.7,35.2,30.9,33.15,2.26,0.38,77,26,23.0,21.72,1.1,0.9272,0.3745,33.0,33.0,33.0,station
2024-03-10,31.4,,33.6,35.8,31.9,31.0,,32.6,36.1,30.7,33.17,1.99,0.57,75,60,23.2,21.99,1.7,0.9335,0.3585,34.3,33.0,33.0,station
2024-03-11,32.0,,34.5,33.3,31.5,31.6,,33.6,33.5,31.9,32.83,1.35,0.18,72,61,26.3,22.36,1.2,0.9396,0.3424,33.5,33.0,33.0,station
2024-03-12,31.7,,33.7,33.6,31.7,31.9,,33.2,34.0,31.0,32.67,1.13,0.15,68,85,26.7,19.43,0.0,0.9453,0.3261,33.2,34.0,34.0,station
2024-03-13,32.4,,33.4,34.3,31.8,32.3,,33.4,34.3,32.0,32.98,1.1,-0.02,69,43,27.1,21.28,0.4,0.9508,0.3098,33.7,33.0,33.0,station
2024-03-14,31.6,30.9,33.4,33.8,31.8,31.8,,31.8,34.1,31.3,32.3,1.24,0.05,70,61,24.3,22.91,1.2,0.956,0.2934,34.7,34.0,34.0,station
2024-03-15,31.8,31.2,35.7,35.8,32.3,33.0,31.1,35.0,35.0,31.7,33.36,2.22,0.2,70,45,25.3,23.16,0.4,0.9609,0.2769,34.6,34.0,34.0,station
2024-03-16,31.6,30.6,33.8,34.2,30.8,31.7,30.9,32.9,34.2,31.7,32.2,1.69,-0.08,75,74,17.2,20.42,4.2,0.9655,0.2604,33.0,34.0,34.0,station
2024-03-17,31.3,30.6,33.1,34.9,31.5,31.0,30.8,34.2,34.6,31.6,32.28,1.73,-0.16,75,63,18.8,21.24,1.9,0.9698,0.2437,32.9,33.0,33.0,station
2024-03-18,32.4,30.9,34.4,35.1,32.5,31.4,30.9,35.5,34.9,32.0,33.06,1.69,0.12,77,61,22.1,18.94,1.0,0.9739,0.227,32.4,33.0,33.0,station
2024-03-19,31.8,31.3,34.7,35.9,30.7,30.7,30.8,36.6,35.0,32.1,32.88,2.28,-0.16,78,76,23.7,20.75,1.6,0.9777,0.2102,33.1,32.0,32.0,station
2024-03-20,29.6,29.6,34.1,33.1,32.2,30.0,30.7,33.1,33.8,31.6,31.72,2.05,-0.12,80,84,20.7,19.18,1.8,0.9811,0.1934,32.7,32.0,32.0,station
2024-03-21,31.2,31.0,32.6,34.0,31.0,31.5,31.1,34.0,34.9,32.6,31.96,1.32,-0.86,76,88,21.2,20.5,1.0,0.9843,0.1765,32.7,35.0,35.0,station
2024-03-22,31.5,31.6,36.5,35.0,33.8,31.5,31.7,36.2,35.2,33.4,33.68,2.17,0.08,73,92,22.0,22.73,1.4,0.9872,0.1595,33.2,34.0,34.0,station
2024-03-23,31.7,31.2,35.3,35.9,32.4,31.6,31.2,36.0,35.5,32.5,33.3,2.15,-0.06,71,100,22.5,23.79,0.0,0.9898,0.1425,34.2,34.0,34.0,station
2024-03-24,31.8,31.3,37.0,34.1,33.0,31.7,31.2,35.7,35.9,32.4,33.44,2.27,0.06,72,65,20.6,24.2,0.1,0.9921,0.1255,33.8,34.0,34.0,station
2024-03-25,30.3,30.8,34.4,33.3,31.9,29.8,30.6,33.0,33.2,31.9,32.14,1.71,0.44,71,31,13.7,25.88,0.0,0.9941,0.1084,32.4,33.0,33.0,station
2024-03-26,28.9,29.4,31.8,31.2,30.3,28.9,29.9,31.0,31.2,29.7,30.32,1.21,0.18,82,28,14.3,21.94,0.2,0.9958,0.0913,29.9,31.0,31.0,station
2024-03-27,28.7,29.5,31.7,31.2,30.6,29.0,29.2,31.2,30.9,29.1,30.34,1.23,0.46,84,48,18.2,23.25,2.3,0.9972,0.0741,29.8,31.0,31.0,station
2024-03-28,29.3,29.5,32.5,32.3,30.0,29.1,29.8,33.1,32.7,30.4,30.72,1.56,-0.3,81,49,13.6,23.39,2.0,0.9984,0.057,30.4,31.0,31.0,station
2024-03-29,32.5,31.2,36.5,34.6,32.8,32.9,30.9,35.7,34.9,32.5,33.52,2.06,0.14,68,65,24.2,23.99,0.0,0.9992,0.0398,33.9,34.0,34.0,station
2024-03-30,31.4,31.2,33.0,34.4,33.7,32.3,31.2,35.1,34.6,33.2,32.74,1.41,-0.54,62,70,23.6,21.1,0.0,0.9997,0.0226,33.1,33.0,33.0,station
2024-03-31,31.9,31.2,32.1,34.8,32.9,32.8,31.4,32.9,35.0,32.6,32.58,1.38,-0.36,61,55,23.9,17.51,0.0,1.0,0.0054,33.0,34.0,34.0,station
2024-04-01,32.1,31.4,32.6,34.4,32.0,32.4,31.3,33.0,34.7,31.7,32.5,1.14,-0.12,68,16,26.4,23.42,2.6,0.9999,-0.0118,32.9,34.0,34.0,station
2024-04-02,31.5,31.4,34.1,36.0,33.0,32.7,31.4,33.8,35.7,33.2,33.2,1.92,-0.16,66,38,19.5,21.94,0.4,0.9996,-0.029,34.2,35.0,35.0,station
2024-04-03,30.1,29.9,34.3,34.4,31.2,31.0,30.2,35.3,34.7,31.0,31.98,2.22,-0.46,74,86,9.7,23.52,1.9,0.9989,-0.0462,31.9,32.0,32.0,station
2024-04-04,28.8,29.0,31.9,33.2,32.1,29.4,29.5,32.7,32.8,31.5,31.0,1.98,-0.18,84,82,16.3,18.65,6.3,0.998,-0.0634,29.8,30.0,30.0,station
2024-04-05,29.4,28.7,32.5,32.4,30.2,29.4,29.3,34.3,32.7,30.9,30.64,1.74,-0.68,84,91,19.5,14.85,4.5,0.9968,-0.0805,30.4,31.0,31.0,station
2024-04-06,29.9,30.6,31.3,33.4,30.2,29.3,30.2,31.0,33.2,30.3,31.08,1.4,0.28,85,88,19.6,19.5,3.6,0.9952,-0.0977,31.5,34.0,34.0,station
2024-04-07,29.9,31.3,33.7,33.8,32.6,29.6,31.2,32.1,32.8,30.1,32.26,1.66,1.1,84,91,18.6,20.9,6.0,0.9934,-0.1148,32.2,34.0,34.0,station
2024-04-08,30.9,31.4,33.0,34.1,33.0,30.4,31.5,32.1,34.0,32.6,32.48,1.31,0.36,81,98,19.1,20.66,5.4,0.9913,-0.1319,33.1,33.0,33.0,station
2024-04-09,28.6,30.9,33.8,31.3,32.8,27.8,31.1,32.5,32.3,32.7,31.48,1.99,0.2,85,93,15.1,19.82,6.9,0.9889,-0.1489,31.8,33.0,33.0,station
2024-04-10,29.6,30.1,31.1,31.3,31.7,27.4,30.7,30.0,31.4,31.0,30.76,0.88,0.66,87,82,13.0,19.8,9.3,0.9861,-0.1659,31.6,35.0,35.0,station
2024-04-11,30.0,30.6,31.6,32.3,31.3,30.1,30.8,30.6,32.2,32.1,31.16,0.89,0.0,85,68,15.0,21.13,2.0,0.9831,-0.1828,30.9,34.0,34.0,station
2024-04-12,33.0,31.8,34.1,34.6,32.5,32.9,32.0,34.0,34.3,33.0,33.2,1.15,-0.04,73,90,27.4,24.47,0.1,0.9799,-0.1997,33.4,34.0,34.0,station
2024-04-13,32.8,31.6,33.7,33.6,33.0,32.0,31.6,33.5,34.2,33.1,32.94,0.84,0.06,67,69,28.9,24.22,0.0,0.9763,-0.2165,33.0,34.0,34.0,station
2024-04-14,32.1,31.7,34.3,33.9,33.5,32.1,31.3,34.4,34.1,33.4,33.1,1.14,0.04,64,38,26.6,22.77,0.0,0.9724,-0.2333,32.9,34.0,34.0,station
2024-04-15,32.7,31.5,36.0,33.8,32.7,32.3,31.9,35.3,34.5,32.1,33.34,1.69,0.12,66,74,24.3,23.58,0.0,0.9683,-0.25,33.8,34.0,34.0,station
2024-04-16,30.9,30.7,33.7,34.0,31.3,31.5,31.1,32.4,33.3,32.6,32.12,1.6,-0.06,71,47,20.9,20.4,2.7,0.9638,-0.2666,33.0,34.0,34.0,station
2024-04-17,32.4,31.1,34.3,34.6,32.1,32.8,31.4,33.2,33.9,31.8,32.9,1.5,0.28,72,71,20.7,22.83,1.4,0.9591,-0.2831,33.7,32.0,32.0,station
2024-04-18,31.4,31.4,36.3,34.9,32.8,32.2,31.9,37.3,36.2,31.9,33.36,2.18,-0.54,71,91,20.5,22.95,1.6,0.9541,-0.2996,33.6,34.0,34.0,station
2024-04-19,30.6,30.4,35.2,34.1,31.7,30.8,31.1,35.6,35.5,31.3,32.4,2.15,-0.46,73,98,18.7,20.61,1.5,0.9488,-0.316,32.3,33.0,33.0,station
2024-04-20,31.2,31.3,36.4,34.3,32.4,31.3,31.2,35.3,34.4,31.7,33.12,2.22,0.34,73,82,17.7,23.28,1.2,0.9432,-0.3322,34.0,35.0,35.0,station
2024-04-21,29.7,31.1,33.3,33.7,32.5,31.8,30.9,34.6,33.8,32.0,32.06,1.65,-0.56,79,92,12.5,21.24,5.7,0.9373,-0.3484,32.1,33.0,33.0,station
2024-04-22,29.8,29.8,34.1,32.3,27.9,28.9,28.8,34.3,32.1,30.3,30.78,2.43,-0.1,82,91,9.5,19.89,5.3,0.9312,-0.3645,30.4,32.0,32.0,station
2024-04-23,31.4,30.2,33.1,33.1,30.4,30.1,29.7,33.2,32.9,31.1,31.64,1.41,0.24,81,91,19.8,21.97,8.7,0.9248,-0.3804,33.4,33.0,33.0,station
2024-04-24,31.9,31.1,33.0,32.7,31.2,30.7,30.7,30.7,32.5,31.0,31.98,0.86,0.86,77,87,19.0,19.81,3.1,0.9181,-0.3963,32.9,34.0,34.0,station
2024-04-25,29.1,29.5,29.8,31.9,30.5,28.6,29.5,29.2,31.7,29.2,30.16,1.1,0.52,87,99,20.5,13.17,31.7,0.9112,-0.412,30.5,28.0,28.0,station
2024-04-26,28.8,28.2,27.6,31.9,29.8,28.8,29.2,30.1,31.8,28.0,29.26,1.68,-0.32,91,99,16.2,15.73,22.3,0.9039,-0.4276,29.3,30.0,30.0,station
2024-04-27,28.7,29.7,30.7,31.7,28.8,28.7,28.7,30.9,32.1,28.8,29.92,1.28,0.08,87,92,18.6,18.43,6.9,0.8965,-0.4431,30.7,34.0,34.0,station
2024-04-28,27.9,27.2,30.6,31.6,27.7,27.3,28.6,29.6,29.8,26.0,29.0,1.97,0.74,93,97,12.5,14.64,29.0,0.8887,-0.4585,28.1,29.0,29.0,station
2024-04-29,28.4,28.9,33.2,31.4,27.9,27.7,28.8,31.1,30.6,28.8,29.96,2.26,0.56,92,82,9.4,19.49,12.6,0.8807,-0.4737,28.4,31.0,31.0,station
2024-04-30,29.0,29.2,30.3,31.9,30.2,28.7,29.9,31.1,31.4,29.4,30.12,1.15,0.02,88,69,13.7,21.14,6.7,0.8724,-0.4888,30.3,32.0,32.0,station
2024-05-01,30.1,30.9,30.8,33.1,29.4,29.4,30.3,31.1,33.4,28.9,30.86,1.39,0.24,82,88,16.0,22.09,2.1,0.8639,-0.5037,31.2,33.0,33.0,station
2024-05-02,30.0,30.5,31.3,34.9,30.6,29.8,31.4,32.1,32.4,29.6,31.46,1.98,0.4,81,79,17.4,23.26,1.7,0.8551,-0.5185,30.7,33.0,33.0,station
2024-05-03,30.2,30.9,33.6,34.6,31.9,30.7,31.5,32.9,34.6,32.0,32.24,1.84,-0.1,80,94,13.7,23.38,0.4,0.846,-0.5331,31.3,33.0,33.0,station
2024-05-04,28.8,30.4,32.9,31.7,31.7,28.7,30.8,32.5,31.1,31.2,31.1,1.56,0.24,85,84,12.1,24.76,0.3,0.8367,-0.5476,30.5,32.0,32.0,station
2024-05-05,29.6,31.0,33.0,34.5,32.6,29.1,31.3,32.0,34.3,33.1,32.14,1.89,0.18,81,81,14.2,23.79,0.2,0.8272,-0.5619,30.4,34.0,34.0,station
2024-05-06,32.1,32.5,35.0,34.9,33.4,32.2,31.7,34.7,34.9,33.7,33.58,1.34,0.14,73,72,21.9,23.38,0.3,0.8174,-0.5761,34.0,34.0,34.0,station
2024-05-07,31.1,30.2,31.9,31.9,28.6,30.8,30.1,34.4,32.8,29.2,30.74,1.39,-0.72,88,96,15.6,16.21,25.5,0.8074,-0.59,30.9,31.0,31.0,station
2024-05-08,29.2,29.1,30.3,30.5,27.6,27.8,28.3,31.2,29.9,27.1,29.34,1.16,0.48,91,87,12.0,17.61,14.6,0.7971,-0.6038,29.1,30.0,30.0,station
2024-05-09,28.0,28.6,30.7,30.8,27.6,28.0,28.8,30.3,30.5,28.6,29.14,1.51,-0.1,91,99,11.3,17.53,9.4,0.7866,-0.6175,29.1,31.0,31.0,station
2024-05-10,29.7,30.6,32.2,32.8,31.4,29.1,30.1,29.8,31.7,30.3,31.34,1.24,1.14,87,87,8.9,20.36,8.9,0.7759,-0.6309,31.2,34.0,34.0,station
2024-05-11,28.6,30.0,30.2,30.4,31.3,29.2,29.5,30.9,31.8,28.6,30.1,0.97,0.1,90,95,9.7,19.47,6.3,0.7649,-0.6442,29.8,32.0,32.0,station
2024-05-12,29.3,30.6,32.6,32.9,30.8,29.4,31.0,32.1,32.5,30.1,31.24,1.5,0.22,88,94,10.9,19.04,10.1,0.7537,-0.6572,30.9,32.0,32.0,station
2024-05-13,30.8,31.7,31.7,34.5,31.6,30.1,31.4,32.7,33.0,32.5,32.06,1.42,0.12,86,80,18.6,21.55,2.4,0.7423,-0.6701,31.6,33.0,33.0,station
2024-05-14,29.2,29.3,30.4,32.4,29.7,28.9,29.6,30.6,31.2,28.8,30.2,1.32,0.38,92,100,16.3,11.8,23.4,0.7306,-0.6828,29.5,33.0,33.0,station
2024-05-15,28.3,28.6,30.4,29.8,28.5,28.1,28.9,30.8,31.3,27.9,29.12,0.93,-0.28,90,100,14.2,18.01,8.2,0.7188,-0.6952,28.6,30.0,30.0,station
2024-05-16,28.2,29.8,30.5,30.9,30.0,28.9,29.5,30.2,30.8,29.5,29.88,1.03,0.1,88,86,16.0,20.62,8.2,0.7067,-0.7075,28.9,31.0,31.0,station
2024-05-17,29.1,30.1,29.8,32.0,31.5,29.6,30.3,31.1,31.9,31.3,30.5,1.21,-0.34,89,76,10.7,22.56,2.1,0.6945,-0.7195,29.2,32.0,32.0,station
2024-05-18,30.4,30.8,31.7,32.8,30.7,29.1,31.0,31.7,32.6,28.6,31.28,0.98,0.68,89,89,13.6,19.18,9.5,0.682,-0.7314,30.8,32.0,32.0,station
2024-05-19,29.3,30.7,30.3,32.2,30.9,29.4,30.3,30.4,32.3,29.8,30.68,1.05,0.24,90,73,17.2,17.89,8.0,0.6693,-0.743,29.7,34.0,34.0,station
2024-05-20,30.5,30.1,31.5,32.3,29.3,30.5,29.8,29.8,31.4,26.2,30.74,1.18,1.2,91,100,19.6,13.97,15.7,0.6564,-0.7544,30.5,32.0,32.0,station
2024-05-21,28.1,28.1,29.2,31.0,28.8,28.5,28.1,28.7,29.2,26.8,29.04,1.19,0.78,90,98,12.3,19.47,2.5,0.6433,-0.7656,29.2,30.0,30.0,station
2024-05-22,29.0,28.6,30.1,31.3,28.9,29.2,28.5,29.9,30.9,27.5,29.58,1.12,0.38,92,99,14.4,12.19,12.2,0.6301,-0.7765,27.8,31.0,31.0,station
2024-05-23,29.3,29.0,30.7,31.1,28.8,28.5,29.1,31.0,30.3,29.1,29.78,1.05,0.18,92,100,9.0,14.79,4.1,0.6166,-0.7873,29.2,30.0,30.0,station
2024-05-24,28.3,29.1,30.2,29.3,29.8,28.1,29.0,29.8,30.3,28.5,29.34,0.72,0.2,88,93,11.1,19.44,6.7,0.603,-0.7978,28.9,31.0,31.0,station
2024-05-25,28.7,29.9,31.1,31.8,29.7,28.6,29.9,28.1,29.4,29.6,30.24,1.22,1.12,91,99,11.7,15.95,20.1,0.5892,-0.808,29.5,32.0,32.0,station
2024-05-26,29.3,30.3,31.5,32.4,29.7,30.3,30.0,30.2,32.0,29.1,30.64,1.29,0.32,88,93,14.9,19.34,6.4,0.5752,-0.818,30.5,32.0,32.0,station
2024-05-27,28.7,29.0,27.9,30.9,27.8,28.6,29.8,29.0,31.8,27.4,28.86,1.25,-0.46,92,100,13.7,12.69,11.1,0.561,-0.8278,29.4,28.0,28.0,station
2024-05-28,27.8,29.1,31.6,31.5,28.2,28.6,28.6,28.8,32.1,27.4,29.64,1.81,0.54,90,97,11.5,18.71,18.0,0.5467,-0.8373,30.7,31.0,31.0,station
2024-05-29,29.0,29.1,28.4,30.6,29.7,28.8,29.0,30.1,30.7,28.2,29.36,0.83,0.0,89,95,18.4,19.09,7.6,0.5322,-0.8466,29.0,31.0,31.0,station
2024-05-30,28.3,28.7,29.4,30.6,28.1,28.3,29.1,29.4,31.0,28.6,29.02,1.01,-0.26,91,98,12.6,14.26,17.3,0.5176,-0.8556,28.4,30.0,30.0,station
2024-05-31,29.0,29.7,31.1,32.0,30.3,29.5,30.4,30.9,32.1,29.4,30.42,1.17,-0.04,90,93,13.1,16.94,2.3,0.5028,-0.8644,29.4,31.0,31.0,station
2024-06-01,31.1,31.7,33.6,34.6,30.3,30.8,31.4,32.6,33.1,30.2,32.26,1.79,0.64,87,84,18.9,20.39,3.7,0.4878,-0.8729,31.6,32.0,32.0,station
2024-06-02,30.1,30.4,31.8,33.1,31.4,30.8,31.0,33.2,31.7,29.8,31.36,1.2,0.06,89,100,20.2,16.32,9.6,0.4728,-0.8812,31.8,33.0,33.0,station
2024-06-03,28.3,28.9,30.5,29.4,28.0,28.1,28.6,30.1,29.8,27.3,29.02,0.99,0.24,90,97,13.3,11.85,10.4,0.4575,-0.8892,28.6,31.0,31.0,station
2024-06-04,28.1,30.1,31.1,28.4,30.0,28.4,30.0,31.0,29.2,30.9,29.54,1.26,-0.36,87,100,11.1,19.55,4.1,0.4422,-0.8969,30.1,32.0,32.0,station
2024-06-05,28.2,29.1,30.3,31.0,28.2,28.4,29.1,28.8,31.5,27.5,29.36,1.26,0.3,87,94,15.2,17.7,12.1,0.4267,-0.9044,28.3,30.0,30.0,station
2024-06-06,28.6,28.8,30.4,31.5,28.8,27.7,28.5,29.4,31.0,29.6,29.62,1.28,0.38,88,92,16.8,15.76,26.9,0.4111,-0.9116,28.7,29.0,29.0,station
2024-06-07,28.5,29.3,30.3,30.5,29.7,27.5,29.3,30.3,31.2,30.0,29.66,0.8,0.0,87,92,12.1,19.39,5.6,0.3953,-0.9185,28.7,30.0,30.0,station
2024-06-08,28.9,29.4,31.1,31.7,30.7,28.9,29.7,28.6,31.7,28.5,30.36,1.17,0.88,90,78,12.3,18.46,8.2,0.3795,-0.9252,29.4,31.0,31.0,station
2024-06-09,28.2,28.3,31.0,30.3,28.4,27.4,28.3,30.2,31.0,28.9,29.24,1.31,0.08,90,100,15.8,12.34,8.8,0.3635,-0.9316,27.8,29.0,29.0,station
2024-06-10,28.0,28.7,30.4,29.4,29.7,27.5,28.4,29.8,29.4,28.5,29.24,0.92,0.52,90,99,17.8,18.71,14.8,0.3474,-0.9377,28.8,30.0,30.0,station
2024-06-11,28.6,29.0,30.0,29.9,28.7,28.5,29.1,27.8,30.0,29.3,29.24,0.67,0.3,88,96,20.1,18.75,5.4,0.3312,-0.9436,28.6,30.0,30.0,station
2024-06-12,29.0,29.9,31.2,31.0,30.7,28.6,29.5,28.1,30.6,29.5,30.36,0.91,1.1,88,97,16.0,16.03,11.7,0.3149,-0.9491,28.6,30.0,30.0,station
2024-06-13,28.9,29.0,31.0,30.2,29.4,28.2,29.3,30.6,30.9,29.3,29.7,0.89,0.04,93,100,9.9,14.65,31.8,0.2986,-0.9544,28.8,30.0,30.0,station
2024-06-14,27.5,28.1,28.8,28.6,28.5,27.6,27.7,31.0,28.2,26.3,28.3,0.51,0.14,93,100,16.3,15.37,30.3,0.2821,-0.9594,28.2,30.0,30.0,station
2024-06-15,27.2,27.3,27.2,29.8,27.3,26.3,27.2,27.2,28.3,27.6,27.76,1.14,0.44,91,92,23.4,11.67,20.7,0.2656,-0.9641,27.2,28.0,28.0,station
2024-06-16,28.6,28.0,29.1,29.5,27.5,28.3,28.0,27.6,30.3,27.8,28.54,0.81,0.14,87,95,20.1,16.53,7.1,0.2489,-0.9685,28.2,29.0,29.0,station
2024-06-17,29.3,30.2,30.7,31.0,29.2,28.6,30.1,29.6,32.6,29.5,30.08,0.81,0.0,87,74,10.9,22.96,4.0,0.2322,-0.9727,30.1,31.0,31.0,station
2024-06-18,28.7,28.4,29.5,29.8,30.6,28.4,28.9,30.6,30.9,30.7,29.4,0.88,-0.5,91,97,11.3,16.1,3.8,0.2155,-0.9765,29.0,30.0,30.0,station
2024-06-19,27.1,28.2,29.5,27.4,27.3,27.3,29.0,25.0,27.4,28.1,27.9,0.99,0.54,91,100,7.9,13.69,17.3,0.1986,-0.9801,27.9,29.0,29.0,station
2024-06-20,27.8,27.8,29.1,28.9,28.2,27.5,27.8,26.9,29.2,27.8,28.36,0.61,0.52,90,100,14.0,17.65,5.9,0.1818,-0.9833,28.1,30.0,30.0,station
2024-06-21,28.6,29.3,30.3,31.0,29.8,28.5,29.3,27.8,30.8,29.1,29.8,0.92,0.7,91,92,9.6,19.84,4.4,0.1648,-0.9863,29.2,31.0,31.0,station
2024-06-22,27.2,27.1,30.5,32.0,28.7,28.2,27.3,30.8,31.6,29.8,29.1,2.13,-0.44,96,99,8.7,4.95,28.4,0.1478,-0.989,25.7,27.0,27.0,station
2024-06-23,28.6,29.1,30.2,30.6,29.3,27.9,28.8,29.8,30.8,29.0,29.56,0.82,0.3,88,90,14.6,22.96,2.0,0.1308,-0.9914,28.7,30.0,30.0,station
2024-06-24,28.7,28.5,30.6,31.2,29.9,27.8,29.0,28.1,30.6,28.4,29.78,1.17,1.0,87,94,10.2,19.96,2.3,0.1137,-0.9935,29.1,30.0,30.0,station
2024-06-25,27.9,29.5,31.4,31.3,28.6,27.5,29.1,30.1,32.1,29.0,29.74,1.58,0.18,90,100,9.2,17.72,6.1,0.0966,-0.9953,29.0,32.0,32.0,station
2024-06-26,26.4,27.1,29.7,28.4,28.0,26.7,27.2,30.0,28.5,28.4,27.92,1.26,-0.24,91,100,19.5,15.76,21.9,0.0795,-0.9968,28.0,30.0,30.0,station
2024-06-27,27.6,27.5,29.0,30.6,28.2,27.6,27.7,27.9,30.7,27.0,28.58,1.28,0.4,88,94,26.0,13.56,15.0,0.0623,-0.9981,27.8,29.0,29.0,station
2024-06-28,27.7,28.1,28.3,30.7,28.1,27.2,28.2,27.7,30.8,28.5,28.58,1.2,0.1,84,94,20.8,19.34,5.1,0.0451,-0.999,28.0,30.0,30.0,station
2024-06-29,27.9,28.7,29.9,30.6,29.5,27.9,29.3,29.9,31.6,29.5,29.32,1.05,-0.32,88,72,13.1,21.58,5.9,0.028,-0.9996,28.4,31.0,31.0,station
2024-06-30,30.3,30.7,32.6,32.4,31.0,30.0,30.5,32.1,32.7,31.1,31.4,1.04,0.12,87,61,15.8,19.89,1.0,0.0108,-0.9999,30.2,33.0,33.0,station
2024-07-01,28.5,29.6,30.0,32.2,30.4,29.6,29.8,30.1,31.5,29.8,30.14,1.35,-0.02,92,100,12.0,12.23,8.8,-0.0065,-1.0,29.4,30.0,30.0,station
2024-07-02,27.2,27.4,30.0,28.2,30.2,26.8,27.8,29.9,28.7,27.4,28.6,1.42,0.48,89,96,14.8,19.06,9.4,-0.0237,-0.9997,28.0,31.0,31.0,station
2024-07-03,28.4,28.8,29.6,30.1,29.6,28.3,28.8,30.7,29.7,28.9,29.3,0.69,0.02,90,100,17.1,19.57,9.1,-0.0408,-0.9992,28.8,30.0,30.0,station
2024-07-04,27.7,27.4,29.4,30.6,28.4,27.8,28.1,26.8,30.3,27.4,28.7,1.31,0.62,93,100,11.5,15.52,9.5,-0.058,-0.9983,27.3,30.0,30.0,station
2024-07-05,27.0,27.2,27.0,29.7,27.4,27.0,27.5,25.2,30.7,26.5,27.66,1.15,0.28,91,100,20.6,8.57,16.6,-0.0752,-0.9972,26.5,27.0,27.0,station
2024-07-06,28.3,28.7,29.7,31.0,29.8,28.2,28.8,29.3,31.0,29.4,29.5,1.06,0.16,88,83,14.8,17.36,7.6,-0.0923,-0.9957,27.9,29.0,29.0,station
2024-07-07,29.3,30.3,31.4,31.5,31.6,29.5,30.3,31.0,31.9,30.9,30.82,1.0,0.1,87,69,14.3,20.87,5.7,-0.1094,-0.994,30.2,32.0,32.0,station
2024-07-08,29.2,29.9,31.5,32.6,28.7,29.6,30.3,31.1,32.4,30.1,30.38,1.63,-0.32,90,90,14.1,15.35,13.1,-0.1265,-0.992,30.6,31.0,31.0,station
2024-07-09,29.7,29.6,32.5,31.6,30.2,27.9,29.4,31.6,31.0,29.2,30.72,1.28,0.9,90,99,13.9,18.73,11.9,-0.1436,-0.9896,31.3,33.0,33.0,station
2024-07-10,28.5,29.2,31.0,30.6,27.6,27.8,29.1,29.7,31.2,27.6,29.38,1.42,0.3,92,96,10.2,16.57,6.4,-0.1606,-0.987,29.1,31.0,31.0,station
2024-07-11,27.6,28.8,30.1,29.7,27.2,28.2,29.0,28.5,29.4,28.8,28.68,1.27,-0.1,93,99,12.6,10.33,22.3,-0.1775,-0.9841,28.3,32.0,32.0,station
2024-07-12,28.5,29.7,30.4,30.9,27.6,28.8,30.1,29.3,31.7,29.2,29.42,1.36,-0.4,90,99,17.9,18.7,0.7,-0.1944,-0.9809,29.2,31.0,31.0,station
2024-07-13,28.8,28.9,32.4,32.7,30.1,30.6,30.0,30.4,32.9,29.3,30.58,1.87,-0.06,87,92,15.6,16.77,1.5,-0.2113,-0.9774,30.4,30.0,30.0,station
2024-07-14,29.3,29.8,30.4,32.3,30.5,30.2,29.7,32.6,31.3,30.4,30.46,1.14,-0.38,89,100,19.6,17.61,5.9,-0.2281,-0.9736,30.6,31.0,31.0,station
2024-07-15,29.1,30.2,32.6,32.9,30.9,30.3,30.5,29.6,32.6,31.3,31.14,1.61,0.28,91,92,18.2,15.77,16.2,-0.2448,-0.9696,30.8,33.0,33.0,station
2024-07-16,29.5,29.4,29.6,30.9,31.6,28.2,30.1,29.7,31.4,29.9,30.2,0.99,0.34,91,99,17.3,15.7,14.5,-0.2614,-0.9652,29.9,32.0,32.0,station
2024-07-17,29.3,28.6,31.3,31.2,27.7,28.3,29.0,29.7,29.8,28.2,29.62,1.59,0.62,91,99,16.9,13.86,27.8,-0.278,-0.9606,29.0,29.0,29.0,station
2024-07-18,28.6,27.8,29.6,29.9,27.5,28.0,28.3,29.3,28.6,28.6,28.68,1.06,0.12,93,100,12.8,10.05,18.6,-0.2945,-0.9557,27.9,29.0,29.0,station
2024-07-19,28.2,28.9,29.7,29.7,28.8,27.6,28.1,29.1,29.0,29.2,29.06,0.64,0.46,91,92,12.0,16.79,12.5,-0.3109,-0.9505,28.2,30.0,30.0,station
2024-07-20,28.7,30.3,30.9,32.1,29.5,28.6,29.6,30.7,30.8,29.5,30.3,1.3,0.46,91,87,15.9,19.57,14.2,-0.3272,-0.945,29.9,32.0,32.0,station
2024-07-21,29.3,30.5,32.6,32.9,28.8,29.6,30.3,30.7,33.0,29.0,30.82,1.87,0.3,92,98,18.9,16.52,16.5,-0.3434,-0.9392,28.6,33.0,33.0,station
2024-07-22,28.8,29.2,30.3,30.4,27.0,29.2,29.3,31.5,30.6,28.5,29.14,1.38,-0.68,91,100,11.6,13.53,12.3,-0.3595,-0.9332,27.8,32.0,32.0,station
2024-07-23,28.3,28.0,28.9,28.5,27.0,28.0,28.6,30.6,29.5,28.0,28.14,0.72,-0.8,93,100,15.5,12.13,26.4,-0.3755,-0.9268,28.0,30.0,30.0,station
2024-07-24,28.7,29.4,28.6,31.2,29.1,27.8,29.5,28.6,29.9,27.4,29.4,1.06,0.76,90,95,13.2,15.92,4.2,-0.3914,-0.9202,29.4,33.0,33.0,station
2024-07-25,27.0,29.6,30.2,30.0,29.5,28.1,29.5,30.3,30.0,29.5,29.26,1.3,-0.22,93,100,14.5,13.47,17.7,-0.4071,-0.9134,28.7,33.0,33.0,station
2024-07-26,27.0,28.0,28.7,29.1,27.4,28.7,28.2,27.6,29.4,28.7,28.04,0.87,-0.48,91,99,9.8,16.73,14.8,-0.4228,-0.9062,29.0,31.0,31.0,station
2024-07-27,27.4,28.4,28.9,30.3,28.9,27.9,28.5,26.8,30.0,29.5,28.78,1.05,0.24,90,100,16.1,14.41,24.0,-0.4383,-0.8988,27.8,28.0,28.0,station
2024-07-28,29.8,30.1,31.1,31.8,29.6,28.6,30.2,31.0,32.2,30.2,30.48,0.94,0.04,90,99,17.1,12.82,3.2,-0.4537,-0.8912,29.5,31.0,31.0,station
2024-07-29,29.4,31.2,32.1,32.1,31.4,31.0,31.6,31.6,33.3,31.3,31.24,1.11,-0.52,89,82,21.1,18.58,6.1,-0.469,-0.8832,30.9,32.0,32.0,station
2024-07-30,27.8,28.9,30.0,29.9,31.3,28.3,29.5,28.2,29.7,30.3,29.58,1.31,0.38,91,100,18.4,15.28,19.0,-0.4841,-0.875,30.6,32.0,32.0,station
2024-07-31,28.0,28.1,29.4,30.7,28.1,29.7,28.4,27.7,31.0,28.4,28.86,1.18,-0.18,90,100,11.8,17.06,8.5,-0.4991,-0.8666,29.0,30.0,30.0,station
2024-08-01,28.3,28.8,30.9,30.7,29.0,27.6,29.2,29.6,28.9,28.4,29.54,1.18,0.8,93,100,14.0,13.15,29.5,-0.5139,-0.8578,28.9,29.0,29.0,station
2024-08-02,28.1,28.5,27.9,29.3,27.9,28.4,27.8,28.6,30.4,28.1,28.34,0.59,-0.32,89,93,11.5,20.58,5.8,-0.5286,-0.8489,29.0,30.0,30.0,station
2024-08-03,28.5,29.4,30.5,30.1,29.0,28.3,29.5,28.0,29.4,29.2,29.5,0.81,0.62,87,77,10.7,21.63,7.0,-0.5431,-0.8397,30.4,31.0,31.0,station
2024-08-04,27.7,29.4,30.6,30.5,29.7,27.9,29.2,29.8,30.6,28.0,29.58,1.17,0.48,88,81,10.4,21.78,5.1,-0.5575,-0.8302,30.9,31.0,31.0,station
2024-08-05,27.9,28.7,29.8,32.2,29.4,28.3,28.5,30.9,32.1,29.3,29.6,1.62,-0.22,92,94,13.0,11.93,10.9,-0.5717,-0.8205,27.5,30.0,30.0,station
2024-08-06,28.5,27.5,28.7,30.7,27.9,27.2,27.9,29.2,31.3,26.5,28.66,1.24,0.24,93,99,12.1,11.38,12.2,-0.5857,-0.8105,26.7,29.0,29.0,station
2024-08-07,27.6,27.8,29.4,29.4,28.4,27.5,27.7,28.5,29.4,25.8,28.52,0.86,0.74,90,95,13.0,16.05,16.8,-0.5996,-0.8003,27.8,30.0,30.0,station
2024-08-08,27.6,29.2,30.0,29.3,29.1,27.9,29.0,29.7,28.8,28.7,29.04,0.88,0.22,86,85,17.7,20.32,2.3,-0.6132,-0.7899,28.6,30.0,30.0,station
2024-08-09,27.7,28.8,30.5,29.9,30.7,27.6,29.2,31.0,30.0,28.1,29.52,1.26,0.34,89,92,17.3,16.08,7.9,-0.6267,-0.7792,28.9,32.0,32.0,station
2024-08-10,27.8,28.9,28.4,30.4,31.0,28.8,29.2,29.0,31.1,29.2,29.3,1.35,-0.16,90,98,16.3,17.04,7.8,-0.64,-0.7683,29.4,30.0,30.0,station
2024-08-11,28.8,28.3,30.8,31.1,28.3,28.2,28.8,29.2,29.8,27.1,29.46,1.38,0.84,91,92,10.4,18.04,14.4,-0.6532,-0.7572,28.7,31.0,31.0,station
2024-08-12,28.3,29.3,30.6,30.2,29.3,28.0,29.1,29.3,29.2,29.0,29.54,0.9,0.62,92,99,11.2,16.0,15.1,-0.6661,-0.7459,27.9,31.0,31.0,station
2024-08-13,28.7,29.1,30.8,31.1,29.0,28.7,29.3,29.6,31.0,29.8,29.74,1.12,0.06,90,99,12.8,18.49,8.9,-0.6788,-0.7343,28.9,31.0,31.0,station
2024-08-14,28.0,29.0,31.1,31.3,30.3,28.8,29.0,30.8,30.5,29.6,29.94,1.41,0.2,90,98,11.2,17.4,2.3,-0.6914,-0.7225,29.1,32.0,32.0,station
2024-08-15,29.0,29.2,30.7,30.2,28.8,28.1,29.2,30.9,30.5,29.6,29.58,0.83,-0.08,90,98,11.8,17.25,16.7,-0.7037,-0.7105,29.1,32.0,32.0,station
2024-08-16,28.9,30.0,30.1,31.1,30.7,29.0,29.9,31.2,30.5,28.7,30.16,0.84,0.3,87,92,14.5,21.96,6.3,-0.7158,-0.6983,30.2,32.0,32.0,station
2024-08-17,28.6,29.2,31.0,31.3,30.2,29.2,29.6,31.6,32.5,29.6,30.06,1.15,-0.44,91,100,9.5,13.63,5.1,-0.7277,-0.6859,28.8,30.0,30.0,station
2024-08-18,28.2,29.6,29.6,31.4,28.4,27.9,28.8,31.1,30.2,29.1,29.44,1.28,0.02,89,95,9.4,21.46,12.5,-0.7394,-0.6733,29.3,33.0,33.0,station
2024-08-19,29.6,30.0,32.6,31.6,30.3,28.7,29.9,30.8,30.2,29.5,30.82,1.25,1.0,91,91,10.5,18.48,9.5,-0.7509,-0.6605,30.9,33.0,33.0,station
2024-08-20,29.6,28.4,31.9,32.6,28.1,28.2,28.8,29.3,32.1,29.1,30.12,2.04,0.62,91,99,10.4,16.12,19.5,-0.7621,-0.6474,30.4,33.0,33.0,station
2024-08-21,29.1,29.0,29.4,29.3,29.2,26.8,28.7,30.2,29.1,26.3,29.2,0.16,0.98,92,99,14.2,13.71,21.4,-0.7731,-0.6342,29.0,31.0,31.0,station
2024-08-22,27.5,27.9,28.4,30.3,28.1,27.5,27.9,29.7,29.2,28.8,28.44,1.09,-0.18,94,100,17.1,8.32,23.8,-0.7839,-0.6208,27.3,28.0,28.0,station
2024-08-23,27.9,28.8,29.7,30.4,28.8,28.1,28.9,28.8,28.5,27.5,29.12,0.96,0.76,89,91,14.0,18.09,8.6,-0.7945,-0.6073,29.5,32.0,32.0,station
2024-08-24,27.5,28.1,28.7,30.5,29.0,28.4,28.2,29.7,30.6,28.9,28.76,1.13,-0.4,91,100,16.7,13.92,31.6,-0.8048,-0.5935,29.5,30.0,30.0,station
2024-08-25,28.0,27.4,27.8,28.9,25.9,26.7,27.4,28.7,29.5,26.2,27.6,1.1,-0.1,92,100,9.9,16.86,30.4,-0.8149,-0.5796,28.7,30.0,30.0,station
2024-08-26,27.1,27.4,27.4,30.0,27.9,27.4,27.9,27.6,29.4,28.1,27.96,1.18,-0.12,91,95,10.7,15.27,17.4,-0.8248,-0.5655,28.0,28.0,28.0,station
2024-08-27,28.3,30.0,30.4,31.5,28.9,28.2,29.7,30.2,30.4,28.9,29.82,1.26,0.34,89,80,11.2,22.38,1.5,-0.8344,-0.5512,28.9,31.0,31.0,station
2024-08-28,30.5,31.6,32.8,34.2,32.1,31.2,31.3,32.6,33.0,31.0,32.24,1.38,0.42,80,31,17.9,25.0,1.0,-0.8437,-0.5368,32.5,33.0,33.0,station
2024-08-29,28.9,30.1,32.7,32.3,32.1,29.1,30.5,30.5,32.0,31.7,31.22,1.64,0.46,90,98,15.6,14.17,14.0,-0.8528,-0.5222,30.3,32.0,32.0,station
2024-08-30,28.6,29.2,30.5,30.4,28.3,28.6,29.1,29.0,30.5,27.4,29.4,1.01,0.48,90,100,12.6,20.62,6.5,-0.8617,-0.5074,29.1,31.0,31.0,station
2024-08-31,27.8,28.6,29.8,29.5,29.9,28.0,28.8,31.0,28.5,29.0,29.12,0.9,0.06,89,96,13.3,19.5,16.5,-0.8703,-0.4925,28.7,30.0,30.0,station
2024-09-01,28.1,27.9,28.4,30.3,29.8,27.9,28.6,28.8,29.5,29.4,28.9,1.08,0.06,90,93,10.0,17.77,7.0,-0.8786,-0.4775,28.1,31.0,31.0,station
2024-09-02,27.4,28.8,31.1,30.2,29.3,27.3,29.1,30.6,29.3,28.7,29.36,1.4,0.36,89,95,9.8,20.29,6.4,-0.8867,-0.4623,28.7,30.0,30.0,station
2024-09-03,28.4,29.0,30.9,30.8,30.5,28.4,29.5,30.4,29.3,28.3,29.92,1.14,0.74,92,100,10.9,19.99,12.7,-0.8945,-0.447,29.2,31.0,31.0,station
2024-09-04,28.4,29.3,30.2,31.1,29.4,28.9,29.0,30.3,31.0,28.8,29.68,1.02,0.08,90,81,11.9,20.64,1.1,-0.9021,-0.4315,28.9,31.0,31.0,station
2024-09-05,28.6,28.7,30.1,29.9,30.2,28.5,28.8,30.2,30.8,30.2,29.5,0.78,-0.2,90,99,12.9,16.25,7.0,-0.9094,-0.4159,28.8,32.0,32.0,station
2024-09-06,28.1,29.1,30.7,29.3,30.6,27.9,29.4,30.8,28.7,30.8,29.56,1.09,0.04,90,95,14.3,15.25,8.3,-0.9164,-0.4002,28.2,30.0,30.0,station
2024-09-07,28.3,28.4,29.1,29.5,30.5,27.7,28.7,29.4,28.7,29.4,29.16,0.9,0.38,90,99,14.5,14.26,11.1,-0.9232,-0.3844,27.4,30.0,30.0,station
2024-09-08,28.1,28.2,31.1,29.3,30.1,27.8,28.5,29.2,29.4,26.8,29.36,1.28,1.02,93,100,13.5,12.85,24.6,-0.9296,-0.3685,28.2,29.0,29.0,station
2024-09-09,28.6,28.5,31.1,30.5,27.8,27.9,29.1,28.9,29.7,29.7,29.3,1.42,0.24,92,98,12.5,12.63,30.1,-0.9358,-0.3524,27.8,32.0,32.0,station
2024-09-10,28.8,29.7,31.5,31.3,29.5,28.9,29.6,31.6,31.8,27.5,30.16,1.18,0.28,91,95,10.8,16.92,9.9,-0.9418,-0.3363,30.1,33.0,33.0,station
2024-09-11,27.7,28.7,30.7,30.1,28.1,28.1,28.8,30.1,29.9,29.5,29.06,1.29,-0.22,92,100,8.8,11.27,11.8,-0.9474,-0.32,27.8,32.0,32.0,station
2024-09-12,28.1,27.8,30.1,30.5,27.5,28.4,28.1,30.3,30.2,29.1,28.8,1.39,-0.42,92,100,10.7,8.6,16.0,-0.9528,-0.3037,27.4,28.0,28.0,station
2024-09-13,29.0,30.1,30.9,31.7,29.4,29.0,29.5,31.0,30.3,29.2,30.22,1.1,0.42,87,61,12.5,24.22,1.4,-0.9579,-0.2873,29.8,32.0,32.0,station
2024-09-14,28.6,29.5,31.8,32.2,30.3,29.9,29.9,32.0,31.5,28.5,30.48,1.52,0.12,91,85,10.4,15.16,6.2,-0.9627,-0.2707,29.1,33.0,33.0,station
2024-09-15,30.6,30.2,31.9,32.9,30.1,29.2,30.2,31.8,31.5,28.4,31.14,1.22,0.92,88,87,16.6,17.58,6.9,-0.9672,-0.2541,31.1,33.0,33.0,station
2024-09-16,29.9,29.6,31.1,30.3,29.9,29.6,29.4,31.8,31.1,29.0,30.16,0.58,-0.02,91,95,12.8,13.35,29.6,-0.9714,-0.2375,29.8,31.0,31.0,station
2024-09-17,29.0,29.9,31.1,31.7,28.9,28.7,29.4,31.8,30.9,29.6,30.12,1.25,0.04,88,88,11.5,12.82,13.8,-0.9753,-0.2207,29.8,,,
2024-09-18,29.4,30.6,31.2,31.7,28.6,28.7,29.0,31.2,30.2,27.8,30.3,1.28,0.92,91,81,11.4,17.52,7.3,-0.979,-0.2039,30.1,32.0,32.0,station
2024-09-19,27.2,28.2,30.6,30.3,29.6,27.7,28.7,31.1,29.2,27.2,29.18,1.44,0.4,93,100,13.9,9.04,26.0,-0.9824,-0.187,27.8,30.0,30.0,station
2024-09-20,27.7,27.8,30.6,28.9,27.3,27.2,27.8,30.1,28.8,27.5,28.46,1.34,0.18,89,100,13.6,14.53,3.8,-0.9854,-0.1701,28.1,28.0,28.0,station
2024-09-21,28.1,28.3,28.9,29.7,29.4,27.2,28.4,30.2,29.7,27.6,28.88,0.69,0.26,88,95,21.5,18.33,17.8,-0.9882,-0.1531,28.0,30.0,30.0,station
2024-09-22,27.8,28.1,26.4,30.2,29.9,28.0,28.3,26.9,30.7,28.8,28.48,1.57,-0.06,91,95,19.9,7.01,14.3,-0.9907,-0.1361,26.9,28.0,28.0,station
2024-09-23,28.1,28.6,30.1,30.2,28.8,28.2,28.6,27.1,30.4,28.6,29.16,0.94,0.58,86,88,23.8,19.41,1.8,-0.9929,-0.1191,28.0,29.0,29.0,station
2024-09-24,28.1,29.5,30.1,29.8,29.5,28.2,29.1,30.0,29.7,30.3,29.4,0.77,-0.06,84,85,20.7,18.86,9.6,-0.9948,-0.102,28.6,30.0,30.0,station
2024-09-25,28.3,29.1,30.3,30.7,29.5,27.8,29.4,29.6,30.5,29.5,29.58,0.95,0.22,87,98,21.0,22.05,4.4,-0.9964,-0.0848,29.5,30.0,30.0,station
2024-09-26,28.0,28.7,29.1,30.2,28.3,28.1,28.6,29.7,30.2,29.0,28.86,0.86,-0.26,87,97,11.7,15.79,5.2,-0.9977,-0.0677,28.0,29.0,29.0,station
2024-09-27,28.4,28.9,30.6,29.8,28.6,27.7,28.5,29.8,29.8,28.0,29.26,0.92,0.5,90,99,10.5,14.23,12.0,-0.9987,-0.0505,28.0,29.0,29.0,station
2024-09-28,27.5,28.1,28.6,29.3,29.5,28.3,28.1,29.6,28.7,28.7,28.6,0.83,-0.08,88,100,11.2,20.03,12.5,-0.9994,-0.0333,29.6,31.0,31.0,station
2024-09-29,26.2,26.6,28.9,27.8,28.3,27.9,26.9,30.0,28.2,28.2,27.56,1.14,-0.68,89,99,16.9,12.14,11.1,-0.9999,-0.0161,27.4,28.0,28.0,station
2024-09-30,26.5,26.7,26.8,27.8,26.8,26.0,26.5,24.6,28.0,27.2,26.92,0.51,0.46,92,100,19.5,15.72,42.3,-1.0,0.0011,26.8,28.0,28.0,station
2024-10-01,27.0,28.4,28.7,29.7,28.0,27.5,28.0,29.4,28.8,28.5,28.36,0.99,-0.08,88,73,15.1,19.7,5.9,-0.9998,0.0183,28.5,30.0,30.0,station
2024-10-02,28.4,28.6,30.0,30.3,28.8,28.4,28.8,30.5,30.2,28.7,29.22,0.87,-0.1,82,52,19.8,24.01,2.0,-0.9994,0.0355,28.6,30.0,30.0,station
2024-10-03,28.3,29.6,30.5,30.5,29.8,28.4,29.5,30.8,30.7,29.8,29.74,0.9,-0.1,86,30,14.3,22.23,1.2,-0.9986,0.0527,28.9,30.0,30.0,station
2024-10-04,28.9,30.1,31.3,31.2,30.1,28.3,29.8,31.1,30.5,30.5,30.32,0.98,0.28,91,72,12.5,20.04,18.5,-0.9976,0.0698,29.6,33.0,33.0,station
2024-10-05,28.0,28.2,29.5,31.2,30.4,28.4,28.3,30.8,32.1,30.7,29.46,1.38,-0.6,92,84,10.9,18.64,3.0,-0.9962,0.087,28.5,30.0,30.0,station
2024-10-06,27.4,28.4,30.2,28.9,28.1,27.6,28.3,30.1,28.9,27.9,28.6,1.05,0.04,88,94,14.4,19.06,4.4,-0.9946,0.1041,27.9,30.0,30.0,station
2024-10-07,27.6,28.7,30.6,29.5,29.8,27.7,28.4,30.4,29.0,29.5,29.24,1.14,0.24,86,96,18.1,20.17,0.6,-0.9926,0.1212,28.0,31.0,31.0,station
2024-10-08,27.7,28.2,29.2,29.4,29.3,27.8,28.2,29.7,28.4,28.4,28.76,0.76,0.26,85,90,21.9,19.04,1.9,-0.9904,0.1383,28.4,29.0,29.0,station
2024-10-09,28.0,28.0,27.6,30.0,29.2,27.8,28.3,29.6,29.9,28.7,28.56,1.0,-0.3,88,99,23.7,18.72,18.5,-0.9879,0.1553,27.9,30.0,30.0,station
2024-10-10,28.0,28.2,28.7,29.2,29.0,27.4,28.0,27.8,28.5,28.3,28.62,0.51,0.62,92,99,9.6,17.58,14.6,-0.9851,0.1722,28.5,30.0,30.0,station
2024-10-11,27.3,27.9,28.2,30.6,28.3,28.0,28.5,30.0,29.8,27.2,28.46,1.26,-0.24,92,99,11.7,14.07,16.2,-0.9819,0.1892,28.0,30.0,30.0,station
2024-10-12,28.2,29.4,30.8,30.1,29.7,28.2,29.3,30.2,29.8,30.4,29.64,0.96,0.06,88,94,13.5,17.58,2.8,-0.9785,0.206,29.8,31.0,31.0,station
2024-10-13,29.2,28.8,29.5,30.9,29.8,27.7,28.3,30.4,29.5,30.0,29.64,0.8,0.46,89,96,18.4,17.46,8.7,-0.9749,0.2228,30.4,31.0,31.0,station
2024-10-14,28.4,27.3,28.6,31.2,28.3,27.7,27.3,26.1,29.5,26.4,28.76,1.45,1.36,95,100,9.1,9.1,21.8,-0.9709,0.2396,27.5,30.0,30.0,station
2024-10-15,26.3,27.0,28.9,28.3,29.5,27.0,27.3,26.0,28.6,28.9,28.0,1.33,0.44,93,100,14.1,12.12,26.8,-0.9666,0.2562,27.8,29.0,29.0,station
2024-10-16,27.8,27.3,27.2,29.3,28.4,27.1,27.6,27.4,29.3,29.5,28.0,0.87,-0.18,88,87,21.4,19.47,4.1,-0.9621,0.2728,28.2,29.0,29.0,station
2024-10-17,28.5,29.0,28.7,29.5,29.5,28.1,28.8,29.7,29.7,29.2,29.04,0.46,-0.06,86,66,17.8,21.32,1.6,-0.9572,0.2893,28.6,30.0,30.0,station
2024-10-18,29.0,29.8,31.3,31.3,31.2,28.1,29.5,30.7,31.1,30.7,30.52,1.06,0.5,90,81,10.0,19.11,5.6,-0.9521,0.3057,29.6,32.0,32.0,station
2024-10-19,28.3,28.5,30.7,30.7,29.9,29.6,28.7,31.2,30.9,28.1,29.62,1.16,-0.08,93,97,13.3,15.86,17.3,-0.9467,0.3221,28.0,32.0,32.0,station
2024-10-20,27.8,28.0,31.0,29.8,27.2,27.9,27.4,28.7,29.4,26.1,28.76,1.58,0.86,93,97,15.8,16.0,19.5,-0.941,0.3383,28.4,30.0,30.0,station
2024-10-21,27.7,27.7,29.3,29.0,26.4,27.9,28.3,29.2,29.0,26.9,28.02,1.16,-0.24,88,97,13.9,21.36,0.2,-0.9351,0.3545,27.9,30.0,30.0,station
2024-10-22,28.0,28.5,27.3,29.7,28.3,28.0,28.5,29.9,29.4,28.8,28.36,0.88,-0.56,86,87,13.2,21.44,0.5,-0.9288,0.3705,28.2,30.0,30.0,station
2024-10-23,28.3,29.4,28.9,30.9,27.8,28.7,29.0,28.9,31.5,28.9,29.06,1.19,-0.34,91,65,9.2,19.94,13.7,-0.9223,0.3864,29.3,31.0,31.0,station
2024-10-24,28.6,29.3,28.6,32.1,29.8,28.3,29.5,28.9,32.2,28.9,29.68,1.44,0.12,90,52,14.9,18.0,3.9,-0.9155,0.4022,29.7,31.0,31.0,station
2024-10-25,29.4,28.5,29.6,32.1,29.6,30.0,29.5,29.8,32.6,30.1,29.84,1.34,-0.56,92,100,16.9,10.06,20.8,-0.9085,0.4179,28.1,29.0,29.0,station
2024-10-26,27.9,29.1,30.3,31.8,28.7,29.7,29.2,29.3,32.5,28.9,29.56,1.52,-0.36,90,100,16.7,17.77,25.7,-0.9012,0.4335,31.2,33.0,33.0,station
2024-10-27,28.3,29.0,28.7,31.0,27.4,28.2,28.7,29.0,30.1,27.4,28.88,1.33,0.2,91,100,21.6,14.98,6.6,-0.8936,0.4489,28.5,31.0,31.0,station
2024-10-28,27.2,27.7,28.5,30.8,27.0,28.1,28.3,28.2,30.0,28.4,28.24,1.54,-0.36,90,100,14.6,12.9,16.8,-0.8857,0.4642,28.5,31.0,31.0,station
2024-10-29,29.1,28.9,29.3,30.8,28.8,28.4,28.5,26.9,29.4,27.6,29.38,0.82,1.22,91,98,13.3,17.68,14.6,-0.8776,0.4794,29.5,32.0,32.0,station
2024-10-30,28.1,28.2,25.8,31.4,29.5,28.6,28.2,26.3,29.2,28.0,28.6,2.06,0.54,93,100,15.9,10.74,10.4,-0.8692,0.4944,28.8,31.0,31.0,station
2024-10-31,27.3,27.4,29.9,29.2,28.4,27.8,27.8,29.1,28.4,26.3,28.44,1.13,0.56,95,100,12.5,9.13,27.0,-0.8606,0.5093,27.3,27.0,27.0,station
2024-11-01,26.8,27.4,29.0,29.1,27.3,27.2,27.6,28.1,30.1,26.8,27.92,1.06,-0.04,92,99,23.2,13.13,19.4,-0.8517,0.524,27.7,30.0,30.0,station
2024-11-02,27.0,26.8,28.2,28.7,26.8,26.7,26.9,28.7,29.3,25.6,27.5,0.89,0.06,92,99,24.5,11.8,35.0,-0.8426,0.5386,26.8,29.0,29.0,station
2024-11-03,26.0,26.1,25.1,28.0,26.5,26.2,26.1,27.1,26.5,25.4,26.34,1.06,0.08,92,100,21.7,12.56,17.1,-0.8332,0.553,27.2,28.0,28.0,station
2024-11-04,26.8,26.7,27.7,27.5,26.4,26.3,26.7,26.8,27.2,26.8,27.02,0.55,0.26,90,99,25.3,12.74,11.6,-0.8235,0.5672,27.1,29.0,29.0,station
2024-11-05,27.1,27.3,28.8,28.0,27.0,27.5,27.8,28.8,27.7,27.3,27.64,0.76,-0.18,85,69,26.5,19.36,4.2,-0.8137,0.5813,27.9,29.0,29.0,station
2024-11-06,27.5,28.4,29.6,28.8,28.6,27.6,28.4,29.2,29.2,28.5,28.58,0.76,0.0,83,68,16.5,22.0,0.1,-0.8035,0.5952,28.2,29.0,29.0,station
2024-11-07,28.2,28.5,29.2,29.6,29.9,27.8,28.4,29.6,29.9,29.5,29.08,0.72,0.04,87,97,13.7,20.55,2.9,-0.7932,0.609,29.0,30.0,30.0,station
2024-11-08,27.5,27.1,29.1,28.4,29.3,26.7,26.9,29.9,28.3,27.9,28.28,0.97,0.34,94,100,14.0,10.89,24.4,-0.7826,0.6225,27.8,29.0,29.0,station
2024-11-09,26.1,26.6,28.5,28.8,27.0,26.6,26.8,25.2,28.5,27.5,27.4,1.19,0.48,92,91,15.8,10.9,24.3,-0.7718,0.6359,26.9,29.0,29.0,station
2024-11-10,27.2,27.1,28.6,29.1,27.4,26.3,27.0,29.4,28.6,26.7,27.88,0.91,0.28,88,83,20.7,16.75,7.2,-0.7607,0.6491,27.6,29.0,29.0,station
2024-11-11,27.0,27.0,28.8,28.7,27.1,26.8,27.2,28.4,29.4,27.6,27.72,0.94,-0.16,84,80,22.8,14.75,3.9,-0.7494,0.6621,27.2,29.0,29.0,station
2024-11-12,27.2,27.4,28.3,28.7,27.5,27.3,27.5,27.9,29.7,27.9,27.82,0.65,-0.24,81,75,22.6,19.81,1.1,-0.7379,0.6749,28.1,29.0,29.0,station
2024-11-13,27.1,27.1,26.6,28.7,25.7,27.0,26.9,27.4,29.6,26.0,27.04,1.09,-0.34,86,90,18.6,15.66,9.7,-0.7262,0.6875,27.5,28.0,28.0,station
2024-11-14,26.8,26.7,26.3,27.5,27.4,27.1,26.9,26.3,28.0,27.4,26.94,0.5,-0.2,84,99,27.3,16.53,10.5,-0.7143,0.6998,26.9,29.0,29.0,station
2024-11-15,27.6,27.8,28.0,28.4,28.1,27.3,27.5,27.9,28.3,27.7,27.98,0.3,0.24,79,72,23.2,17.83,1.2,-0.7021,0.712,28.0,29.0,29.0,station
2024-11-16,27.7,27.8,28.3,29.4,26.7,27.6,27.8,28.6,29.3,27.3,27.98,0.98,-0.14,82,48,21.3,18.82,1.6,-0.6898,0.724,28.1,29.0,29.0,station
2024-11-17,27.5,28.3,29.6,28.8,28.1,27.6,28.2,29.2,29.1,28.4,28.46,0.79,-0.04,83,63,18.8,21.06,0.8,-0.6772,0.7358,28.2,29.0,29.0,station
2024-11-18,28.4,28.7,29.8,30.0,28.9,28.4,28.9,28.5,29.5,28.4,29.16,0.7,0.42,87,77,10.4,17.44,3.3,-0.6645,0.7473,28.9,31.0,31.0,station
2024-11-19,27.5,27.7,29.0,30.9,27.3,28.0,27.8,30.4,30.9,29.6,28.48,1.51,-0.86,90,91,12.5,16.82,6.9,-0.6515,0.7586,29.3,31.0,31.0,station
2024-11-20,27.2,27.1,28.0,29.8,27.9,27.0,27.5,28.3,30.3,27.0,28.0,1.08,-0.02,90,94,8.9,14.61,5.2,-0.6384,0.7697,28.1,30.0,30.0,station
2024-11-21,27.3,27.8,29.8,28.3,27.7,27.7,27.9,29.0,29.1,27.5,28.18,0.97,-0.06,91,85,9.2,16.06,16.5,-0.625,0.7806,29.2,30.0,30.0,station
2024-11-22,27.5,26.7,27.8,27.0,27.4,27.2,27.1,28.6,27.3,26.1,27.28,0.43,0.02,92,87,10.3,12.68,25.1,-0.6115,0.7912,28.8,28.0,28.0,station
2024-11-23,27.1,26.9,29.6,28.3,25.4,27.1,26.9,28.0,27.8,26.4,27.46,1.58,0.22,92,94,12.4,12.89,23.9,-0.5978,0.8016,28.0,30.0,30.0,station
2024-11-24,28.1,28.2,28.1,29.3,28.0,28.7,28.0,29.6,28.5,27.5,28.34,0.54,-0.12,88,75,13.1,16.64,8.0,-0.584,0.8118,29.8,30.0,30.0,station
2024-11-25,27.9,28.8,27.7,29.8,29.1,28.4,28.9,28.8,30.4,27.8,28.66,0.87,-0.2,87,72,11.7,18.15,5.2,-0.5699,0.8217,29.5,30.0,30.0,station
2024-11-26,28.0,28.0,28.4,28.3,28.6,27.9,28.0,28.4,28.3,28.1,28.26,0.26,0.12,91,95,14.2,13.35,10.6,-0.5557,0.8314,28.4,31.0,31.0,station
2024-11-27,27.5,27.2,28.8,28.0,28.7,27.0,27.3,27.4,27.9,27.6,28.04,0.71,0.6,93,100,11.6,10.79,20.7,-0.5413,0.8408,27.6,29.0,29.0,station
2024-11-28,27.1,27.5,27.6,28.4,27.0,27.6,27.7,29.4,28.2,28.4,27.52,0.55,-0.74,89,67,14.7,17.69,6.5,-0.5268,0.85,28.3,29.0,29.0,station
2024-11-29,28.2,28.5,28.3,29.0,28.0,27.9,28.7,29.5,29.1,28.4,28.4,0.38,-0.32,88,66,9.0,16.34,3.2,-0.5121,0.859,29.6,31.0,31.0,station
2024-11-30,29.9,29.6,28.9,31.0,29.8,28.1,29.6,29.1,31.3,29.9,29.84,0.76,0.24,88,62,16.8,16.75,8.8,-0.4972,0.8676,30.7,31.0,31.0,station
2024-12-01,29.2,29.5,30.9,30.8,29.4,28.6,29.5,30.1,30.9,29.3,29.96,0.82,0.28,89,87,18.2,16.46,7.9,-0.4822,0.8761,30.2,31.0,31.0,station
2024-12-02,28.6,28.0,29.0,30.8,29.0,27.3,27.7,28.6,30.7,27.0,29.08,1.04,0.82,92,100,16.7,8.38,12.1,-0.4671,0.8842,28.3,30.0,30.0,station
2024-12-03,28.0,28.8,27.3,29.3,27.4,29.2,27.8,28.9,30.5,27.7,28.16,0.87,-0.66,90,86,18.0,15.19,10.0,-0.4518,0.8921,29.1,31.0,31.0,station
2024-12-04,29.6,30.6,31.9,32.7,29.9,30.4,30.0,32.1,30.1,27.4,30.94,1.32,0.94,83,54,16.5,19.68,1.2,-0.4364,0.8998,31.4,33.0,33.0,station
2024-12-05,28.7,30.0,30.4,30.8,31.1,28.5,29.6,28.2,32.3,29.6,30.2,0.94,0.56,88,92,14.9,16.44,6.5,-0.4208,0.9071,30.2,33.0,33.0,station
2024-12-06,28.6,29.4,29.2,30.4,28.3,28.8,29.4,29.2,30.6,28.9,29.18,0.81,-0.2,89,88,15.3,15.1,7.1,-0.4052,0.9142,27.6,30.0,30.0,station
2024-12-07,30.6,30.0,30.5,31.8,28.8,30.5,30.1,30.2,32.2,27.8,30.34,1.09,0.18,80,32,17.6,19.4,1.5,-0.3894,0.9211,31.2,34.0,34.0,station
2024-12-08,30.1,30.6,32.5,32.7,29.6,28.6,30.4,31.4,32.6,29.4,31.1,1.42,0.62,80,20,9.9,20.26,0.6,-0.3735,0.9276,30.8,33.0,33.0,station
2024-12-09,29.4,30.7,32.2,32.8,30.6,29.2,30.6,30.8,33.5,30.8,31.14,1.36,0.16,85,16,16.6,19.31,1.3,-0.3575,0.9339,31.0,33.0,33.0,station
2024-12-10,29.0,30.3,32.7,32.1,29.8,30.2,30.5,32.4,32.4,30.8,30.78,1.56,-0.48,87,45,12.7,17.46,0.8,-0.3413,0.9399,30.7,32.0,32.0,station
2024-12-11,30.4,31.1,32.3,32.5,31.3,30.4,30.8,30.9,32.4,30.2,31.52,0.87,0.58,84,90,13.6,18.67,2.7,-0.3251,0.9457,31.5,33.0,33.0,station
2024-12-12,31.1,30.8,32.4,33.1,31.5,30.8,30.6,32.3,31.9,31.3,31.78,0.95,0.4,75,29,17.8,20.84,0.2,-0.3088,0.9511,32.3,33.0,33.0,station
2024-12-13,30.7,30.3,32.5,32.3,30.7,30.5,30.2,32.6,32.8,31.4,31.3,1.02,-0.2,75,22,19.1,19.97,0.4,-0.2924,0.9563,31.2,33.0,33.0,station
2024-12-14,30.6,30.0,30.8,31.9,30.5,30.7,30.0,32.5,32.1,30.9,30.76,0.7,-0.48,74,14,17.8,20.37,0.5,-0.2759,0.9612,30.4,32.0,32.0,station
2024-12-15,29.1,29.1,30.8,31.2,30.8,28.6,29.2,32.0,31.5,30.4,30.2,1.02,-0.14,80,30,18.0,18.31,1.3,-0.2593,0.9658,29.4,30.0,30.0,station
2024-12-16,28.4,29.0,31.5,31.3,30.9,29.6,29.1,30.4,33.1,30.7,30.22,1.42,-0.36,83,21,19.8,17.83,0.6,-0.2427,0.9701,30.0,30.0,30.0,station
2024-12-17,30.8,30.1,32.5,32.1,31.0,30.7,29.9,32.7,31.9,31.6,31.3,0.98,-0.06,79,31,16.0,19.32,2.1,-0.226,0.9741,30.9,32.0,32.0,station
2024-12-18,30.5,30.2,31.4,31.4,30.8,30.8,30.2,30.0,31.7,31.1,30.86,0.54,0.1,83,46,20.2,16.92,0.7,-0.2092,0.9779,30.4,34.0,34.0,station
2024-12-19,30.0,30.2,30.1,31.4,31.1,29.4,30.2,29.1,32.4,31.1,30.56,0.64,0.12,86,96,19.5,14.88,1.1,-0.1923,0.9813,30.9,32.0,32.0,station
2024-12-20,28.6,29.0,30.5,30.4,29.9,29.0,29.2,29.6,29.6,29.1,29.68,0.85,0.38,90,99,17.0,12.93,14.6,-0.1754,0.9845,29.4,32.0,32.0,station
2024-12-21,28.2,27.7,28.7,30.6,29.4,28.5,28.7,28.6,29.8,26.3,28.92,1.13,0.54,90,96,17.5,15.98,5.8,-0.1585,0.9874,29.3,29.0,29.0,station
2024-12-22,28.1,27.3,30.4,29.2,29.7,28.1,27.3,30.5,30.0,27.1,28.94,1.24,0.34,87,100,18.7,12.21,0.3,-0.1414,0.9899,28.2,28.0,28.0,station
2024-12-23,29.9,28.0,30.2,30.5,30.0,28.3,28.1,28.3,30.3,27.8,29.72,0.99,1.16,88,98,20.3,14.99,16.1,-0.1244,0.9922,29.4,30.0,30.0,station
2024-12-24,28.9,27.1,29.1,29.1,25.8,29.1,27.8,27.5,29.6,27.2,28.0,1.49,-0.24,89,98,21.2,15.6,7.0,-0.1073,0.9942,29.3,31.0,31.0,station
2024-12-25,28.4,28.0,28.9,30.6,27.9,29.6,28.0,30.3,29.9,27.9,28.76,1.1,-0.38,90,100,13.8,12.69,7.8,-0.0902,0.9959,27.6,30.0,30.0,station
2024-12-26,27.8,27.7,28.5,30.7,28.1,28.3,27.6,28.6,28.7,28.2,28.56,1.24,0.28,87,92,14.4,16.31,20.8,-0.073,0.9973,29.3,29.0,29.0,station
2024-12-27,27.5,27.4,27.5,27.9,26.1,26.5,26.9,27.5,28.1,26.0,27.28,0.69,0.28,91,98,11.2,11.81,17.0,-0.0559,0.9984,27.4,28.0,28.0,station
2024-12-28,26.8,27.6,27.3,27.8,26.5,27.3,27.4,28.8,27.4,26.7,27.2,0.54,-0.32,87,93,12.0,13.31,4.1,-0.0387,0.9993,27.5,26.0,26.0,station
2024-12-29,26.1,28.0,29.3,28.0,28.2,26.8,27.4,27.0,28.6,27.6,27.92,1.15,0.44,90,85,12.3,11.91,10.2,-0.0215,0.9998,27.1,27.0,27.0,station
2024-12-30,27.8,27.6,27.1,28.3,26.5,28.3,27.3,27.2,29.2,27.7,27.46,0.69,-0.48,89,61,12.4,15.51,4.7,-0.0043,1.0,29.7,30.0,30.0,station
2024-12-31,28.1,28.1,27.4,30.1,25.7,28.3,28.4,27.7,29.2,28.5,27.88,1.58,-0.54,86,75,16.1,17.46,5.2,0.0129,0.9999,30.3,,,
2025-01-01,27.8,27.7,28.5,30.2,27.6,27.7,27.2,28.5,30.5,27.9,28.36,1.09,0.0,89,100,15.9,12.72,9.9,0.0172,0.9999,28.3,29.0,29.0,station
2025-01-02,27.6,27.1,27.1,28.8,27.9,27.8,27.0,27.2,28.9,26.8,27.7,0.7,0.16,89,80,18.0,13.27,7.3,0.0344,0.9994,27.7,27.0,27.0,station
2025-01-03,27.4,27.3,27.3,29.3,27.4,26.9,27.1,29.0,29.6,27.7,27.74,0.87,-0.32,88,87,16.8,16.68,9.6,0.0516,0.9987,28.7,29.0,29.0,station
2025-01-04,27.5,26.0,26.9,28.2,26.7,26.7,26.2,30.1,29.3,27.4,27.06,0.83,-0.88,89,97,17.7,12.14,7.6,0.0688,0.9976,28.1,27.0,27.0,station
2025-01-05,27.3,27.3,28.0,29.9,27.6,27.1,26.9,26.7,30.6,27.2,28.02,1.09,0.32,89,84,13.2,16.58,15.1,0.0859,0.9963,28.8,31.0,31.0,station
2025-01-06,29.4,28.9,27.6,31.2,28.4,29.8,28.7,28.3,30.7,28.1,29.1,1.35,-0.02,87,85,15.1,17.05,4.0,0.103,0.9947,29.7,30.0,30.0,station
2025-01-07,29.6,30.1,28.5,31.0,29.8,28.4,29.4,29.1,30.6,27.7,29.8,0.9,0.76,85,97,16.5,17.01,1.2,0.1201,0.9928,30.5,33.0,33.0,station
2025-01-08,30.1,30.2,31.1,32.2,29.8,30.4,30.1,30.1,30.5,30.2,30.68,0.98,0.42,77,96,16.8,18.55,0.4,0.1372,0.9905,31.8,33.0,33.0,station
2025-01-09,29.6,29.4,32.1,32.5,29.7,29.7,29.8,32.2,32.5,29.9,30.66,1.51,-0.16,78,92,15.9,18.91,1.6,0.1542,0.988,30.0,31.0,31.0,station
2025-01-10,29.6,30.0,31.4,31.7,30.2,29.5,29.7,31.5,31.0,30.4,30.58,0.92,0.16,82,99,15.9,19.59,1.3,0.1712,0.9852,29.7,31.0,31.0,station
2025-01-11,30.2,29.3,31.0,31.8,30.4,30.6,30.0,30.5,32.4,30.1,30.54,0.93,-0.18,82,82,16.5,16.94,0.8,0.1881,0.9821,30.4,31.0,31.0,station
2025-01-12,30.5,30.4,32.4,32.0,31.2,30.6,30.3,30.4,32.2,30.7,31.3,0.89,0.46,78,13,18.2,20.43,2.1,0.205,0.9788,31.2,32.0,32.0,station
2025-01-13,31.1,30.6,32.5,33.1,30.6,30.6,29.8,31.0,32.3,30.6,31.58,1.15,0.72,75,84,16.6,20.24,0.0,0.2218,0.9751,31.6,32.0,32.0,station
2025-01-14,31.3,30.4,31.6,31.7,30.6,31.5,30.3,31.4,32.5,30.7,31.12,0.59,-0.16,76,62,15.1,20.24,0.2,0.2385,0.9711,31.5,33.0,33.0,station
2025-01-15,29.6,29.5,30.8,31.8,30.6,29.9,29.1,30.5,31.4,30.2,30.46,0.95,0.24,79,49,16.4,18.85,1.4,0.2552,0.9669,30.2,32.0,32.0,station
2025-01-16,30.1,29.9,31.9,32.0,30.5,31.2,29.4,31.2,31.5,30.8,30.88,1.0,0.06,75,24,17.9,20.4,2.2,0.2718,0.9624,31.0,32.0,32.0,station
2025-01-17,28.8,29.2,31.2,31.6,31.3,28.9,29.0,30.8,32.1,31.3,30.42,1.31,0.0,82,29,13.7,17.94,1.7,0.2883,0.9575,30.6,31.0,31.0,station
2025-01-18,30.7,30.0,32.9,32.0,30.2,30.1,29.8,31.8,31.4,30.1,31.16,1.25,0.52,82,26,17.6,20.12,0.6,0.3047,0.9524,30.7,32.0,32.0,station
2025-01-19,30.3,29.9,30.8,31.9,30.4,29.2,30.0,31.5,31.9,30.4,30.66,0.76,0.06,83,22,13.4,19.44,2.4,0.3211,0.9471,31.1,32.0,32.0,station
2025-01-20,29.3,29.7,31.4,30.6,29.4,28.4,29.5,30.3,31.5,30.4,30.08,0.9,0.06,87,45,16.2,18.57,3.8,0.3373,0.9414,29.2,31.0,31.0,station
2025-01-21,30.2,30.7,33.3,33.4,31.2,29.8,30.6,32.5,32.8,31.1,31.76,1.49,0.4,82,27,18.8,20.9,1.8,0.3534,0.9355,31.5,32.0,32.0,station
2025-01-22,28.9,30.4,32.6,31.9,31.2,28.5,30.0,30.7,31.5,30.9,31.0,1.43,0.68,83,36,16.2,19.6,1.5,0.3695,0.9292,29.8,32.0,32.0,station
2025-01-23,30.3,30.9,30.6,32.4,31.2,30.2,30.9,30.4,32.7,30.9,31.08,0.81,0.06,82,29,14.7,19.46,2.5,0.3854,0.9227,31.0,33.0,33.0,station
2025-01-24,30.7,30.5,32.7,32.2,30.6,30.9,30.6,31.6,32.2,30.8,31.34,1.03,0.12,77,19,16.9,20.33,1.1,0.4012,0.916,31.0,32.0,32.0,station
2025-01-25,32.0,30.7,31.8,33.0,31.5,32.0,30.4,32.2,33.2,31.0,31.8,0.83,0.04,71,20,22.2,20.53,0.0,0.4169,0.9089,32.1,32.0,32.0,station
2025-01-26,31.7,30.5,31.1,31.9,31.4,31.6,30.8,30.7,32.6,30.7,31.32,0.55,0.04,72,13,19.6,21.69,0.8,0.4325,0.9016,32.1,32.0,32.0,station
2025-01-27,31.7,30.5,32.0,32.6,31.8,31.1,30.5,30.3,32.9,31.2,31.72,0.77,0.52,73,54,21.0,20.83,1.8,0.4479,0.8941,31.6,32.0,32.0,station
2025-01-28,31.6,30.4,33.2,32.5,32.5,31.5,30.2,33.1,32.3,31.8,32.04,1.08,0.26,72,56,20.5,20.8,0.0,0.4633,0.8862,32.2,32.0,32.0,station
2025-01-29,31.1,30.3,32.5,30.9,30.9,30.9,30.2,29.4,31.3,30.6,31.14,0.82,0.66,76,54,17.2,19.56,2.5,0.4784,0.8781,31.7,33.0,33.0,station
2025-01-30,31.0,30.5,32.2,33.3,32.7,31.1,30.6,30.6,32.3,32.3,31.94,1.17,0.56,78,60,17.5,19.8,1.1,0.4935,0.8698,31.4,32.0,32.0,station
2025-01-31,29.6,30.9,31.5,31.2,31.9,28.5,30.8,30.1,32.1,31.1,31.02,0.88,0.5,84,79,14.6,17.58,2.7,0.5084,0.8611,31.2,33.0,33.0,station
2025-02-01,30.4,30.4,31.1,31.6,31.0,31.7,30.4,29.1,31.8,30.7,30.9,0.51,0.16,80,96,19.2,18.76,0.9,0.5231,0.8523,31.9,31.0,31.0,station
2025-02-02,32.1,30.7,31.1,32.5,31.4,31.2,30.3,30.9,33.2,31.6,31.56,0.73,0.12,73,55,19.8,21.79,0.9,0.5377,0.8432,32.2,33.0,33.0,station
2025-02-03,31.6,30.2,30.7,32.5,31.8,31.6,30.3,31.5,33.0,32.0,31.36,0.91,-0.32,71,45,21.3,21.99,0.6,0.5521,0.8338,31.2,32.0,32.0,station
2025-02-04,31.6,30.3,31.6,32.8,32.8,31.7,30.4,32.5,32.8,32.9,31.82,1.04,-0.24,71,20,19.9,21.25,1.5,0.5664,0.8242,32.1,34.0,34.0,station
2025-02-05,31.9,30.5,31.4,32.8,32.0,31.6,30.4,30.9,32.5,32.6,31.72,0.85,0.12,72,17,16.0,21.54,2.3,0.5805,0.8143,32.4,33.0,33.0,station
2025-02-06,31.1,30.5,31.6,33.0,32.4,32.3,30.6,31.9,32.7,31.9,31.72,1.0,-0.16,72,11,19.6,21.94,0.8,0.5944,0.8042,32.3,33.0,33.0,station
2025-02-07,31.8,30.6,33.0,33.0,32.1,31.6,30.6,31.6,33.3,32.1,32.1,0.99,0.26,70,27,19.9,22.32,0.0,0.6081,0.7938,32.2,33.0,33.0,station
2025-02-08,31.8,30.6,33.5,33.4,32.4,31.9,30.7,31.9,33.3,31.7,32.34,1.2,0.44,71,44,19.3,21.83,0.5,0.6217,0.7833,32.3,33.0,33.0,station
2025-02-09,31.6,30.4,31.1,32.0,32.4,32.3,30.5,31.8,32.9,32.8,31.5,0.78,-0.56,73,71,20.1,21.26,0.0,0.6351,0.7725,32.1,33.0,33.0,station
2025-02-10,31.4,30.8,32.5,32.6,32.8,32.3,30.6,33.0,33.2,32.5,32.02,0.87,-0.3,70,91,19.5,21.08,0.2,0.6483,0.7614,32.3,33.0,33.0,station
2025-02-11,31.2,30.3,31.9,34.2,33.1,31.4,30.4,31.4,33.4,32.8,32.14,1.54,0.26,73,46,18.0,21.96,1.3,0.6613,0.7502,32.0,32.0,32.0,station
2025-02-12,30.5,29.7,32.7,31.9,31.3,30.2,29.6,32.7,32.4,32.2,31.22,1.17,-0.2,80,38,17.1,20.95,1.5,0.6741,0.7387,30.5,32.0,32.0,station
2025-02-13,30.1,29.4,30.8,32.3,29.9,31.0,29.2,31.0,32.4,30.3,30.5,1.12,-0.28,81,66,14.6,19.28,2.7,0.6867,0.727,31.5,32.0,32.0,station
2025-02-14,28.2,28.5,29.7,31.7,30.2,31.0,28.2,28.9,32.8,31.2,29.66,1.41,-0.76,80,84,13.3,18.51,3.0,0.6991,0.715,30.4,31.0,31.0,station
2025-02-15,28.8,29.1,30.3,32.2,29.4,30.5,29.2,29.3,33.2,28.9,29.96,1.37,-0.26,81,60,11.8,19.14,2.0,0.7113,0.7029,30.0,31.0,31.0,station
2025-02-16,28.4,28.4,28.8,30.5,26.1,28.3,27.8,29.5,31.7,30.2,28.44,1.57,-1.06,86,80,12.3,18.5,9.3,0.7233,0.6906,29.8,29.0,29.0,station
2025-02-17,28.7,27.9,30.2,30.2,27.3,29.5,27.8,27.9,31.1,27.5,28.86,1.32,0.1,87,71,12.5,18.93,11.4,0.735,0.678,29.8,31.0,31.0,station
2025-02-18,28.5,29.1,29.9,30.5,28.5,27.6,28.7,29.9,31.1,26.3,29.3,0.88,0.58,83,46,13.2,19.65,5.4,0.7466,0.6653,30.5,30.0,30.0,station
2025-02-19,28.4,27.7,28.1,31.2,26.9,29.2,27.8,28.7,31.3,27.6,28.46,1.63,-0.46,90,84,13.6,13.58,20.9,0.7579,0.6523,29.2,29.0,29.0,station
2025-02-20,27.7,27.8,28.3,30.0,27.5,27.5,28.4,28.0,30.4,29.6,28.26,1.02,-0.52,90,89,12.9,16.71,23.7,0.769,0.6392,29.3,32.0,32.0,station
2025-02-21,29.2,29.8,29.6,31.9,29.3,30.2,29.7,29.6,31.3,29.2,29.96,1.11,-0.04,80,56,18.9,19.85,2.1,0.7799,0.6259,30.6,31.0,31.0,station
2025-02-22,30.6,29.7,31.8,31.6,29.5,30.6,29.5,31.0,31.6,28.6,30.64,1.05,0.38,75,31,20.6,21.31,1.0,0.7906,0.6124,31.0,33.0,33.0,station
2025-02-23,30.9,30.2,31.1,31.9,30.6,30.9,30.0,32.1,32.5,29.8,30.94,0.63,-0.12,70,47,22.0,22.98,0.0,0.801,0.5987,31.4,32.0,32.0,station
2025-02-24,31.0,29.7,32.9,31.9,31.0,30.5,30.0,31.3,30.5,29.4,31.3,1.19,0.96,72,60,23.2,21.49,0.0,0.8112,0.5848,31.1,32.0,32.0,station
2025-02-25,31.4,30.1,32.0,33.4,30.3,30.5,29.7,32.0,33.5,31.3,31.44,1.35,0.04,72,92,21.1,21.64,0.0,0.8211,0.5708,32.6,32.0,32.0,station
2025-02-26,31.3,30.2,30.6,32.6,30.3,31.0,30.2,31.8,32.3,31.5,31.0,0.99,-0.36,73,93,19.9,22.87,0.4,0.8308,0.5566,32.7,32.0,32.0,station
2025-02-27,30.4,29.4,31.2,32.3,31.2,29.9,29.8,30.4,31.6,29.8,30.9,1.08,0.6,80,55,22.8,19.01,3.5,0.8402,0.5422,31.0,32.0,32.0,station
2025-02-28,31.6,30.8,32.6,33.1,32.0,32.0,30.7,31.2,33.1,31.2,32.02,0.89,0.38,70,12,19.1,23.3,0.1,0.8495,0.5277,32.8,33.0,33.0,station
2025-03-01,31.8,30.5,33.3,33.5,32.2,31.4,30.5,34.1,32.2,33.0,32.26,1.22,0.02,68,26,21.4,20.98,0.0,0.8584,0.513,32.5,32.0,32.0,station
2025-03-02,30.7,29.8,31.5,32.6,32.2,31.0,30.5,31.1,33.2,31.9,31.36,1.13,-0.18,72,32,22.4,22.1,1.5,0.8671,0.4981,31.5,32.0,32.0,station
2025-03-03,32.3,30.9,35.0,33.4,31.6,31.9,30.7,31.4,33.3,31.5,32.64,1.61,0.88,67,47,18.2,22.45,0.2,0.8755,0.4831,32.7,33.0,33.0,station
2025-03-04,31.3,30.9,34.3,33.1,32.6,31.8,30.7,32.8,33.5,32.7,32.44,1.38,0.14,68,29,17.2,24.49,0.0,0.8837,0.468,32.6,32.0,32.0,station
2025-03-05,31.1,30.5,34.3,34.1,32.2,30.9,30.6,33.9,33.8,31.7,32.44,1.72,0.26,68,55,20.7,20.92,0.0,0.8916,0.4527,32.0,33.0,33.0,station
2025-03-06,29.8,29.8,30.3,33.0,31.3,30.6,30.4,31.0,32.9,32.1,30.84,1.35,-0.56,72,90,15.6,21.05,2.9,0.8993,0.4373,31.0,30.0,30.0,station
2025-03-07,31.2,30.8,34.2,33.6,32.0,30.7,30.6,34.2,34.0,31.4,32.36,1.49,0.18,70,61,19.8,21.57,0.0,0.9067,0.4218,32.3,33.0,33.0,station
2025-03-08,31.4,30.9,36.1,34.1,32.0,31.1,30.9,35.0,34.2,30.5,32.9,2.16,0.56,70,37,17.1,22.17,0.1,0.9138,0.4061,32.6,33.0,33.0,station
2025-03-09,30.3,30.8,33.9,32.7,32.0,30.8,30.9,33.9,32.3,31.8,31.94,1.45,0.0,69,57,16.2,23.34,1.1,0.9207,0.3904,32.3,33.0,33.0,station
2025-03-10,30.7,30.5,32.4,32.4,30.8,30.6,30.5,33.2,33.3,31.3,31.36,0.96,-0.42,72,86,17.6,21.87,2.6,0.9272,0.3745,31.8,32.0,32.0,station
2025-03-11,31.5,31.2,34.1,33.8,31.7,31.8,31.0,35.6,33.9,31.5,32.46,1.38,-0.3,68,67,20.4,23.19,0.1,0.9335,0.3585,33.3,34.0,34.0,station
2025-03-12,31.8,30.8,32.1,33.5,32.4,31.5,30.7,33.0,33.6,31.0,32.12,0.98,0.16,67,83,17.3,24.61,0.0,0.9396,0.3424,32.8,33.0,33.0,station
2025-03-13,31.1,30.4,34.1,33.5,31.0,32.0,30.8,35.9,33.6,31.7,32.02,1.66,-0.78,73,28,20.1,22.0,2.7,0.9453,0.3261,31.6,32.0,32.0,station
2025-03-14,30.9,30.6,34.9,33.3,31.8,30.3,30.5,33.1,32.3,31.4,32.3,1.79,0.78,71,57,15.9,22.63,1.1,0.9508,0.3098,32.3,32.0,32.0,station
2025-03-15,30.5,30.5,33.5,31.9,31.8,31.3,30.6,34.3,33.2,31.4,31.64,1.24,-0.52,73,44,11.5,23.18,0.0,0.956,0.2934,31.8,32.0,32.0,station
2025-03-16,30.8,30.2,33.5,33.7,31.4,31.3,30.1,32.7,32.2,31.2,31.92,1.59,0.42,71,53,13.7,23.03,0.7,0.9609,0.2769,32.1,33.0,33.0,station
2025-03-17,31.2,30.7,36.0,32.6,32.0,30.8,30.9,32.3,32.9,32.7,32.5,2.09,0.58,72,90,19.3,21.65,1.4,0.9655,0.2604,32.7,33.0,33.0,station
2025-03-18,32.1,31.3,34.5,33.1,32.2,31.7,31.1,34.1,33.4,31.9,32.64,1.22,0.2,65,61,23.4,23.58,0.0,0.9698,0.2437,33.0,32.0,32.0,station
2025-03-19,32.6,31.3,34.8,33.6,32.9,32.6,31.3,34.4,33.4,32.8,33.04,1.29,0.14,65,44,20.3,21.44,0.0,0.9739,0.227,32.5,33.0,33.0,station
2025-03-20,32.6,31.2,34.2,32.1,32.3,32.9,31.0,35.8,32.6,31.3,32.48,1.09,-0.24,66,81,22.9,18.91,0.0,0.9777,0.2102,32.3,32.0,32.0,station
2025-03-21,30.6,29.4,31.9,31.9,29.7,30.1,29.5,31.8,32.6,30.9,30.7,1.18,-0.28,72,90,24.7,21.1,0.8,0.9811,0.1934,30.7,30.0,30.0,station
2025-03-22,32.3,30.7,33.5,33.0,32.5,31.9,30.7,32.9,33.4,32.2,32.4,1.06,0.18,74,90,26.3,22.85,0.3,0.9843,0.1765,33.4,33.0,33.0,station
2025-03-23,30.5,30.5,33.5,33.0,32.1,32.0,30.8,31.9,33.7,32.3,31.92,1.39,-0.22,76,92,17.6,19.29,3.6,0.9872,0.1595,31.6,33.0,33.0,station
2025-03-24,30.5,30.8,35.7,33.2,32.8,30.2,30.8,32.2,33.0,32.4,32.6,2.1,0.88,79,74,15.2,20.95,4.1,0.9898,0.1425,31.9,33.0,33.0,station
2025-03-25,30.2,29.8,35.3,33.5,31.5,30.6,30.0,31.8,32.9,31.3,32.06,2.32,0.74,83,96,16.6,18.1,13.0,0.9921,0.1255,31.5,34.0,34.0,station
2025-03-26,30.4,30.4,35.4,35.0,31.5,31.3,30.6,32.4,33.1,30.3,32.54,2.47,1.0,76,88,17.2,21.63,1.4,0.9941,0.1084,32.3,34.0,34.0,station
2025-03-27,31.4,31.3,33.5,33.3,29.9,30.6,30.8,33.2,32.8,32.0,31.88,1.51,0.0,70,80,18.4,23.69,2.2,0.9958,0.0913,32.5,33.0,33.0,station
2025-03-28,31.1,30.7,31.3,33.1,31.4,31.4,30.4,31.7,32.7,30.3,31.52,0.92,0.22,70,85,18.8,22.19,1.9,0.9972,0.0741,32.4,33.0,33.0,station
2025-03-29,30.9,31.2,32.3,32.9,30.0,32.0,30.8,32.6,32.4,30.4,31.46,1.15,-0.18,72,65,19.9,23.0,0.6,0.9984,0.057,32.7,33.0,33.0,station
2025-03-30,29.7,30.3,32.5,32.2,30.1,30.0,30.5,32.7,31.6,30.8,30.96,1.29,-0.16,77,87,15.7,19.89,4.2,0.9992,0.0398,32.5,30.0,30.0,station
2025-03-31,30.5,31.0,33.2,32.8,32.1,30.3,30.6,33.2,30.7,31.7,31.92,1.15,0.62,74,73,15.5,23.41,1.0,0.9997,0.0226,32.0,32.0,32.0,station
2025-04-01,32.1,31.7,36.7,34.1,32.0,30.4,31.4,36.0,33.8,32.3,33.32,2.11,0.54,71,52,20.7,25.12,0.0,1.0,0.0054,34.0,33.0,33.0,station
2025-04-02,31.3,31.2,34.3,33.8,32.2,31.3,31.4,35.9,32.7,31.1,32.56,1.43,0.08,72,90,18.5,22.54,1.0,0.9999,-0.0118,32.8,33.0,33.0,station
2025-04-03,29.8,30.2,34.0,32.3,30.7,30.2,30.5,34.9,32.5,31.6,31.4,1.74,-0.54,79,83,20.2,19.69,3.3,0.9996,-0.029,32.1,32.0,32.0,station
2025-04-04,30.1,29.3,31.9,32.3,29.5,29.1,29.4,30.8,31.8,31.1,30.62,1.39,0.18,84,98,14.3,15.2,9.7,0.9989,-0.0462,30.0,32.0,32.0,station
2025-04-05,30.8,29.7,31.6,32.6,30.1,29.9,30.3,30.9,32.4,30.2,30.96,1.17,0.22,84,88,13.9,20.93,13.8,0.998,-0.0634,31.4,31.0,31.0,station
2025-04-06,29.6,30.4,34.1,33.4,32.0,30.1,30.5,31.2,32.6,30.4,31.9,1.91,0.94,77,92,14.8,21.97,1.5,0.9968,-0.0805,31.8,32.0,32.0,station
2025-04-07,30.3,30.6,34.4,34.2,30.9,30.1,30.8,32.5,33.4,29.9,32.08,2.04,0.74,80,99,15.5,19.58,1.2,0.9952,-0.0977,30.6,32.0,32.0,station
2025-04-08,30.8,31.4,36.4,35.1,31.5,30.7,31.4,35.8,35.5,32.0,33.04,2.53,-0.04,78,85,16.3,22.08,3.8,0.9934,-0.1148,32.2,31.0,31.0,station
2025-04-09,31.6,31.6,33.0,35.4,31.4,31.8,31.7,34.6,34.5,31.5,32.6,1.69,-0.22,75,82,21.8,24.55,1.1,0.9913,-0.1319,32.7,33.0,33.0,station
2025-04-10,31.6,30.7,34.4,33.0,30.5,30.6,30.5,33.1,33.5,30.2,32.04,1.65,0.46,77,88,20.6,21.44,2.7,0.9889,-0.1489,32.1,32.0,32.0,station
2025-04-11,30.5,29.7,33.5,30.2,31.1,29.2,29.0,29.6,31.5,31.6,31.0,1.49,0.82,79,95,20.3,15.55,3.2,0.9861,-0.1659,30.2,31.0,31.0,station
2025-04-12,29.9,28.7,31.2,30.3,30.8,29.8,29.5,30.4,31.0,31.6,30.18,0.96,-0.28,81,81,24.3,20.41,2.1,0.9831,-0.1828,29.1,30.0,30.0,station
2025-04-13,29.4,29.9,32.1,31.1,31.0,29.8,29.2,30.2,31.3,29.6,30.7,1.07,0.68,81,95,18.2,17.52,2.5,0.9799,-0.1997,30.3,31.0,31.0,station
2025-04-14,32.4,31.5,31.8,34.1,31.5,31.9,31.5,33.0,33.4,31.9,32.26,1.09,-0.08,74,62,20.0,22.89,1.5,0.9763,-0.2165,33.7,34.0,34.0,station
2025-04-15,31.6,31.5,33.2,34.2,32.4,31.9,31.6,34.2,34.3,32.3,32.58,1.14,-0.28,74,82,20.4,22.95,0.5,0.9724,-0.2333,33.4,34.0,34.0,station
2025-04-16,32.8,31.9,35.1,35.1,33.3,32.7,31.2,34.4,34.9,33.0,33.64,1.42,0.4,70,74,23.0,23.68,0.0,0.9683,-0.25,33.9,34.0,34.0,station
2025-04-17,32.2,31.6,33.2,33.9,31.9,32.7,31.1,33.6,34.7,32.2,32.56,0.96,-0.3,72,93,22.6,23.36,0.8,0.9638,-0.2666,33.3,33.0,33.0,station
2025-04-18,32.1,31.3,33.5,33.9,31.8,33.0,31.2,33.4,34.3,32.0,32.52,1.12,-0.26,71,53,22.9,24.12,1.4,0.9591,-0.2831,33.5,34.0,34.0,station
2025-04-19,30.9,30.4,32.8,33.1,32.3,31.8,30.6,33.1,33.3,32.3,31.9,1.19,-0.32,74,92,20.9,20.09,3.8,0.9541,-0.2996,32.7,33.0,33.0,station
2025-04-20,30.2,29.5,31.4,33.2,33.1,28.5,29.6,30.4,33.3,32.5,31.48,1.67,0.62,82,100,17.3,15.84,9.4,0.9488,-0.316,31.8,32.0,32.0,station
2025-04-21,28.8,28.5,29.7,32.5,31.9,28.8,28.7,30.0,32.2,31.0,30.28,1.82,0.14,87,98,13.5,15.09,10.6,0.9432,-0.3322,30.4,31.0,31.0,station
2025-04-22,30.1,29.0,30.6,32.2,29.7,29.3,28.8,29.8,32.8,27.2,30.32,1.2,0.74,89,86,12.7,16.65,15.0,0.9373,-0.3484,29.1,30.0,30.0,station
2025-04-23,29.6,30.1,30.9,31.7,31.5,29.3,29.9,30.6,32.0,29.5,30.76,0.9,0.5,74,60,14.4,21.81,1.7,0.9312,-0.3645,31.0,32.0,32.0,station
2025-04-24,30.5,31.1,34.0,33.6,32.1,30.2,30.8,33.3,33.9,32.0,32.26,1.52,0.22,71,82,16.4,22.38,0.0,0.9248,-0.3804,31.8,32.0,32.0,station
2025-04-25,30.6,30.7,34.6,32.9,31.6,31.0,31.1,34.7,34.0,31.9,32.08,1.68,-0.46,69,84,17.5,23.52,0.9,0.9181,-0.3963,32.9,33.0,33.0,station
2025-04-26,30.3,29.3,30.2,32.5,31.5,29.7,29.8,32.3,32.2,30.7,30.76,1.25,-0.18,74,99,14.2,19.87,4.4,0.9112,-0.412,31.5,32.0,32.0,station
2025-04-27,30.1,28.9,31.3,32.1,29.7,29.1,28.5,33.2,31.9,30.5,30.42,1.28,-0.22,78,65,19.9,21.82,0.6,0.9039,-0.4276,29.7,31.0,31.0,station
2025-04-28,28.7,28.4,30.1,32.0,30.2,29.6,29.1,29.8,32.3,31.0,29.88,1.43,-0.48,87,96,15.9,16.4,11.3,0.8965,-0.4431,30.1,28.0,28.0,station
2025-04-29,28.0,28.2,29.4,30.7,28.1,27.9,28.6,27.2,33.5,30.3,28.88,1.16,-0.62,90,94,15.1,14.67,15.9,0.8887,-0.4585,28.2,29.0,29.0,station
2025-04-30,28.3,27.7,30.2,31.4,28.6,28.0,28.6,29.6,32.4,30.0,29.24,1.52,-0.48,92,99,14.4,13.01,16.6,0.8807,-0.4737,28.5,30.0,30.0,station
2025-05-01,28.3,27.4,29.8,30.2,25.7,27.7,27.6,30.1,30.1,27.2,28.28,1.83,-0.26,90,95,14.8,15.2,21.4,0.8724,-0.4888,28.6,31.0,31.0,station
2025-05-02,28.0,28.1,30.1,30.9,27.8,27.2,27.9,29.2,30.5,27.6,28.98,1.42,0.5,89,100,12.7,16.47,7.8,0.8639,-0.5037,29.1,31.0,31.0,station
2025-05-03,28.6,28.0,30.8,32.3,29.1,27.6,27.6,30.5,30.7,28.8,29.76,1.76,0.72,89,94,9.8,19.27,4.9,0.8551,-0.5185,28.6,30.0,30.0,station
2025-05-04,27.4,28.1,30.9,29.5,30.3,27.3,28.0,30.6,31.3,28.6,29.24,1.47,0.08,88,96,11.0,18.68,4.1,0.846,-0.5331,28.2,31.0,31.0,station
2025-05-05,28.2,27.9,31.7,29.9,30.0,27.5,27.7,29.8,30.2,29.5,29.54,1.54,0.6,90,100,14.8,15.77,2.5,0.8367,-0.5476,27.3,30.0,30.0,station
2025-05-06,27.2,27.7,28.7,29.6,28.5,27.8,28.2,25.8,31.1,29.4,28.34,0.93,-0.12,87,92,10.5,20.25,1.6,0.8272,-0.5619,28.4,29.0,29.0,station
2025-05-07,27.9,27.7,29.8,30.4,28.5,27.1,27.4,29.5,30.5,29.1,28.86,1.19,0.14,89,92,9.7,17.45,6.1,0.8174,-0.5761,27.4,29.0,29.0,station
2025-05-08,27.7,28.1,29.0,30.9,28.4,27.6,28.2,28.9,31.6,29.4,28.82,1.26,-0.32,88,62,9.9,20.56,3.0,0.8074,-0.59,29.3,30.0,30.0,station
2025-05-09,29.4,30.0,31.6,32.3,30.5,28.9,29.7,29.9,32.4,29.8,30.76,1.18,0.62,86,70,12.2,22.14,4.1,0.7971,-0.6038,30.4,32.0,32.0,station
2025-05-10,30.8,30.1,32.0,33.3,30.6,30.8,30.4,32.4,32.5,30.4,31.36,1.29,0.06,85,95,17.7,19.57,4.8,0.7866,-0.6175,32.1,32.0,32.0,station
2025-05-11,31.3,30.4,30.6,33.3,31.3,30.3,30.1,29.4,32.2,29.3,31.38,1.15,1.12,86,99,15.1,15.69,1.4,0.7759,-0.6309,30.4,32.0,32.0,station
2025-05-12,31.4,31.0,30.5,32.8,32.1,30.1,30.3,30.9,33.2,29.8,31.56,0.91,0.7,84,97,20.8,20.38,0.9,0.7649,-0.6442,32.8,33.0,33.0,station
2025-05-13,28.8,29.5,30.7,31.6,30.2,27.6,29.9,29.2,32.3,27.2,30.16,1.08,0.92,89,100,17.6,16.73,14.1,0.7537,-0.6572,32.3,33.0,33.0,station
2025-05-14,28.4,28.4,29.2,31.5,28.1,28.0,28.3,27.8,30.7,28.8,29.12,1.39,0.4,92,96,11.0,12.21,8.3,0.7423,-0.6701,28.9,27.0,27.0,station
2025-05-15,29.3,28.5,26.3,32.3,26.9,28.0,27.8,27.7,32.3,27.9,28.66,2.36,-0.08,94,100,11.8,9.58,16.0,0.7306,-0.6828,28.2,30.0,30.0,station
2025-05-16,28.2,28.4,30.5,29.9,28.2,28.1,28.0,29.3,32.0,26.6,29.04,1.08,0.24,92,93,9.7,12.23,25.7,0.7188,-0.6952,29.4,30.0,30.0,station
2025-05-17,28.4,28.1,28.2,30.2,29.1,26.9,27.9,28.8,30.8,27.3,28.8,0.87,0.46,88,99,10.4,18.27,14.0,0.7067,-0.7075,29.1,30.0,30.0,station
2025-05-18,28.2,28.3,30.1,29.4,29.6,27.3,28.2,30.5,29.2,28.7,29.12,0.83,0.34,90,91,10.9,17.12,18.4,0.6945,-0.7195,28.9,32.0,32.0,station
2025-05-19,29.1,28.8,30.4,30.7,30.3,28.3,29.5,29.3,31.5,29.6,29.86,0.85,0.22,87,79,11.2,22.48,1.1,0.682,-0.7314,29.9,31.0,31.0,station
2025-05-20,29.1,29.0,30.1,30.8,29.9,29.1,29.0,31.0,31.8,29.9,29.78,0.75,-0.38,86,90,10.8,22.7,3.8,0.6693,-0.743,29.6,32.0,32.0,station
2025-05-21,29.9,28.4,30.0,31.9,28.8,29.2,28.4,31.1,30.9,29.1,29.8,1.36,0.06,86,97,14.9,15.8,2.3,0.6564,-0.7544,29.3,30.0,30.0,station
2025-05-22,30.0,30.5,32.2,32.7,30.4,30.4,30.0,32.0,33.0,30.1,31.16,1.21,0.06,84,89,19.2,19.54,2.6,0.6433,-0.7656,31.9,33.0,33.0,station
2025-05-23,30.6,30.0,32.1,31.8,30.8,28.9,29.1,32.1,31.6,30.3,31.06,0.87,0.66,85,92,18.2,18.21,8.4,0.6301,-0.7765,31.1,32.0,32.0,station
2025-05-24,29.6,29.8,32.3,31.1,30.2,29.1,29.6,29.4,30.9,28.2,30.6,1.11,1.16,88,100,15.4,15.71,7.2,0.6166,-0.7873,30.5,32.0,32.0,station
2025-05-25,29.5,28.9,30.3,30.7,26.4,28.7,28.8,29.2,31.0,27.9,29.16,1.69,0.04,91,99,15.2,11.63,27.0,0.603,-0.7978,28.5,31.0,31.0,station
2025-05-26,29.6,29.2,29.5,31.5,27.6,30.1,29.2,29.3,32.5,29.1,29.48,1.39,-0.56,90,98,15.2,17.45,8.6,0.5892,-0.808,31.9,30.0,30.0,station
2025-05-27,29.4,28.9,29.0,31.5,27.3,28.2,29.0,31.1,32.5,28.4,29.22,1.51,-0.62,88,100,10.8,15.7,12.7,0.5752,-0.818,30.2,31.0,31.0,station
2025-05-28,30.2,29.7,30.4,31.3,30.0,29.6,29.5,29.4,32.8,29.2,30.32,0.61,0.22,86,91,18.1,19.57,3.4,0.561,-0.8278,31.0,31.0,31.0,station
2025-05-29,29.7,29.6,30.4,30.8,31.6,30.6,29.6,32.2,31.8,30.7,30.42,0.83,-0.56,88,100,16.8,15.66,15.4,0.5467,-0.8373,30.1,33.0,33.0,station
2025-05-30,30.4,29.9,31.2,30.7,29.8,28.9,30.1,31.0,30.9,28.9,30.4,0.58,0.44,90,100,16.3,15.64,15.6,0.5322,-0.8466,30.9,33.0,33.0,station
2025-05-31,29.2,28.1,29.9,30.7,27.8,28.2,28.6,30.1,31.1,28.8,29.14,1.21,-0.22,90,100,13.7,10.28,10.9,0.5176,-0.8556,28.3,29.0,29.0,station
2025-06-01,28.9,28.1,27.7,29.7,27.9,28.4,28.0,28.1,29.6,28.4,28.46,0.83,-0.04,93,100,10.9,7.76,13.3,0.5028,-0.8644,27.5,29.0,29.0,station
2025-06-02,28.8,28.9,29.3,30.6,28.3,27.8,28.6,29.0,31.2,28.4,29.18,0.87,0.18,86,72,9.6,21.35,6.2,0.4878,-0.8729,29.8,31.0,31.0,station
2025-06-03,28.0,28.7,31.0,30.0,26.6,28.3,28.9,30.4,31.2,27.9,28.86,1.71,-0.48,90,98,12.2,14.81,21.5,0.4728,-0.8812,27.8,30.0,30.0,station
2025-06-04,27.9,28.5,29.4,29.4,29.3,28.0,28.2,27.8,29.8,28.4,28.9,0.67,0.46,91,98,11.3,14.99,10.7,0.4575,-0.8892,29.1,30.0,30.0,station
2025-06-05,28.2,27.4,29.5,27.7,27.0,27.5,27.4,28.5,28.0,28.2,27.96,0.97,0.04,93,100,7.9,10.77,10.5,0.4422,-0.8969,27.8,28.0,28.0,station
2025-06-06,29.0,29.0,30.0,31.1,28.7,28.7,28.8,27.2,31.2,28.0,29.56,0.99,0.78,89,99,11.4,13.77,7.8,0.4267,-0.9044,29.5,31.0,31.0,station
2025-06-07,29.8,29.9,31.8,32.5,29.7,30.7,29.9,29.8,32.4,29.1,30.74,1.31,0.36,88,99,15.7,14.28,10.6,0.4111,-0.9116,29.1,31.0,31.0,station
2025-06-08,29.2,29.0,31.0,32.2,29.0,30.4,29.4,31.3,31.3,27.7,30.08,1.45,0.06,89,100,16.3,16.42,18.9,0.3953,-0.9185,31.3,32.0,32.0,station
2025-06-09,27.2,28.1,26.6,29.7,26.4,30.5,28.2,28.3,29.6,25.9,27.6,1.35,-0.9,92,100,17.4,12.27,18.1,0.3795,-0.9252,28.4,28.0,28.0,station
2025-06-10,27.6,28.1,24.9,29.4,25.1,28.2,28.0,25.1,30.5,27.1,27.02,1.96,-0.76,92,100,17.2,12.75,27.9,0.3635,-0.9316,28.3,27.0,27.0,station
2025-06-11,27.9,28.2,28.1,31.4,28.3,27.7,28.3,26.5,31.2,27.7,28.78,1.47,0.5,89,100,10.6,12.2,11.5,0.3474,-0.9377,29.0,29.0,29.0,station
2025-06-12,26.3,27.1,30.3,27.1,26.5,26.8,27.6,29.6,27.5,27.8,27.46,1.63,-0.4,92,100,10.8,11.24,15.8,0.3312,-0.9436,27.3,30.0,30.0,station
2025-06-13,27.5,27.7,28.4,29.6,26.8,27.6,27.5,29.7,30.2,28.2,28.0,1.06,-0.64,91,100,16.5,13.19,15.8,0.3149,-0.9491,27.3,27.0,27.0,station
2025-06-14,27.3,27.8,28.0,28.4,28.6,27.4,27.9,28.8,29.3,28.0,28.02,0.51,-0.26,88,94,14.6,14.78,3.4,0.2986,-0.9544,27.5,29.0,29.0,station
2025-06-15,28.5,28.6,29.8,28.9,28.3,28.4,28.8,29.2,29.1,28.4,28.82,0.59,0.04,88,99,10.9,15.59,8.2,0.2821,-0.9594,28.3,30.0,30.0,station
2025-06-16,28.5,28.3,31.2,29.5,30.0,28.5,28.8,29.4,29.3,29.0,29.5,1.18,0.5,89,100,14.7,14.88,9.4,0.2656,-0.9641,27.6,30.0,30.0,station
2025-06-17,28.1,28.2,28.9,30.0,29.3,28.3,28.2,29.6,29.2,27.5,28.9,0.79,0.34,89,99,12.1,11.0,10.7,0.2489,-0.9685,28.1,30.0,30.0,station
2025-06-18,31.2,30.5,31.7,33.1,30.3,30.6,30.1,29.6,33.0,29.3,31.36,1.12,0.84,83,97,20.1,20.78,1.3,0.2322,-0.9727,31.3,32.0,32.0,station
2025-06-19,29.9,30.5,32.4,32.5,32.3,30.8,30.5,31.2,32.1,30.7,31.52,1.23,0.46,82,68,18.5,22.61,0.9,0.2155,-0.9765,32.9,34.0,34.0,station
2025-06-20,30.2,30.1,32.8,32.9,32.1,29.0,29.8,32.5,32.0,29.6,31.62,1.38,1.04,85,100,15.2,19.18,1.7,0.1986,-0.9801,32.5,33.0,33.0,station
2025-06-21,27.2,28.2,27.8,28.7,28.6,28.7,27.9,27.3,28.7,26.9,28.1,0.62,0.2,93,100,17.7,9.45,34.4,0.1818,-0.9833,27.8,29.0,29.0,station
2025-06-22,27.2,27.4,28.2,28.6,27.5,27.3,27.2,29.3,29.1,28.3,27.78,0.59,-0.46,93,100,12.6,13.11,26.5,0.1648,-0.9863,29.0,29.0,29.0,station
2025-06-23,27.4,27.0,26.6,27.8,27.0,27.9,27.5,28.2,29.2,26.9,27.16,0.46,-0.78,91,100,8.5,13.36,17.9,0.1478,-0.989,27.7,29.0,29.0,station
2025-06-24,28.2,27.8,29.2,27.9,26.9,27.4,28.0,26.4,28.8,27.0,28.0,0.83,0.48,90,100,11.2,15.52,14.5,0.1308,-0.9914,28.0,29.0,29.0,station
2025-06-25,27.9,27.4,28.2,28.6,28.6,27.0,28.5,28.9,30.5,28.6,28.14,0.51,-0.56,92,97,8.5,12.15,35.1,0.1137,-0.9935,28.5,30.0,30.0,station
2025-06-26,28.3,29.0,30.0,28.4,29.1,28.3,29.2,29.9,29.4,29.6,28.96,0.68,-0.32,88,91,10.1,19.02,5.9,0.0966,-0.9953,28.5,31.0,31.0,station
2025-06-27,28.4,28.5,30.2,30.0,29.2,28.3,28.5,30.2,29.7,26.9,29.26,0.83,0.54,93,100,15.0,10.73,14.5,0.0795,-0.9968,27.4,30.0,30.0,station
2025-06-28,28.2,28.1,29.9,30.4,28.2,29.5,28.3,29.9,30.4,27.6,28.96,1.1,-0.18,88,81,13.2,15.92,5.5,0.0623,-0.9981,29.8,30.0,30.0,station
2025-06-29,28.8,29.2,31.3,32.1,29.5,30.3,29.3,28.3,32.3,27.9,30.18,1.44,0.56,87,85,13.3,19.1,5.9,0.0451,-0.999,30.2,29.0,29.0,station
2025-06-30,29.0,28.7,31.9,31.3,29.5,28.6,29.1,30.9,30.9,30.6,30.08,1.43,0.06,88,89,16.4,16.34,7.4,0.028,-0.9996,30.8,32.0,32.0,station
2025-07-01,28.5,28.1,28.5,29.7,26.0,28.1,28.3,30.2,29.4,28.4,28.16,1.35,-0.72,90,100,15.6,13.77,3.7,0.0108,-0.9999,30.0,32.0,32.0,station
2025-07-02,28.0,28.2,26.6,29.4,27.1,28.3,28.2,28.5,29.3,28.4,27.86,1.08,-0.68,91,100,13.3,10.64,20.1,-0.0065,-1.0,27.9,29.0,29.0,station
2025-07-03,28.0,28.0,30.7,29.3,25.8,28.8,28.2,28.7,30.9,26.7,28.36,1.81,-0.3,89,97,17.8,10.53,12.0,-0.0237,-0.9997,28.6,29.0,29.0,station
2025-07-04,28.5,27.7,28.5,29.0,25.0,28.2,27.4,29.8,29.7,28.0,27.74,1.6,-0.88,89,92,16.7,13.89,14.8,-0.0408,-0.9992,29.6,30.0,30.0,station
2025-07-05,27.7,27.8,28.6,28.8,27.6,27.6,27.1,28.6,28.6,27.4,28.1,0.56,0.24,92,97,10.4,13.66,24.0,-0.058,-0.9983,29.0,31.0,31.0,station
2025-07-06,27.5,28.3,25.8,28.6,28.3,27.9,27.9,25.8,29.3,28.0,27.7,1.14,-0.08,90,100,10.5,14.23,8.9,-0.0752,-0.9972,28.3,29.0,29.0,station
2025-07-07,28.9,29.3,31.2,29.3,29.8,28.5,29.2,31.1,30.0,28.8,29.7,0.9,0.18,87,97,23.2,17.61,0.4,-0.0923,-0.9957,29.3,29.0,29.0,station
2025-07-08,31.0,30.3,29.5,32.1,30.7,30.4,30.3,30.6,31.9,30.8,30.72,0.95,-0.08,82,78,15.1,21.84,3.0,-0.1094,-0.994,30.8,32.0,32.0,station
2025-07-09,28.3,28.4,29.2,30.2,28.9,28.0,28.3,28.6,31.2,29.0,29.0,0.76,-0.02,86,90,15.7,19.85,9.3,-0.1265,-0.992,29.6,31.0,31.0,station
2025-07-10,27.3,27.4,28.3,29.6,26.9,27.1,27.8,28.6,30.1,25.6,27.9,1.08,0.06,90,100,17.7,14.21,22.3,-0.1436,-0.9896,30.4,30.0,30.0,station
2025-07-11,28.4,28.1,29.1,29.7,28.4,28.0,28.1,28.8,29.4,28.0,28.74,0.65,0.28,87,96,15.0,15.56,1.6,-0.1606,-0.987,29.6,29.0,29.0,station
2025-07-12,29.5,28.5,27.8,31.1,26.8,27.9,28.3,28.4,30.9,27.7,28.74,1.65,0.1,90,99,14.0,12.07,7.7,-0.1775,-0.9841,28.4,31.0,31.0,station
2025-07-13,27.1,28.1,28.0,30.9,26.9,28.2,28.5,26.4,29.6,28.7,28.2,1.6,-0.08,86,96,14.8,18.76,9.1,-0.1944,-0.9809,30.9,31.0,31.0,station
2025-07-14,30.5,30.3,31.3,32.6,30.3,30.0,30.2,32.7,31.8,30.0,31.0,0.98,0.06,83,80,17.6,20.62,0.9,-0.2113,-0.9774,31.3,33.0,33.0,station
2025-07-15,30.5,30.8,31.2,32.1,30.3,29.4,30.9,30.3,32.4,30.4,30.98,0.71,0.3,79,41,19.8,22.0,0.7,-0.2281,-0.9736,31.3,32.0,32.0,station
2025-07-16,30.8,30.5,31.1,32.7,31.5,30.5,30.6,30.1,33.1,31.1,31.32,0.86,0.24,81,71,17.9,21.88,1.8,-0.2448,-0.9696,31.5,33.0,33.0,station
2025-07-17,30.8,30.5,30.5,31.5,32.0,29.4,30.3,29.9,32.2,30.8,31.06,0.67,0.54,82,75,19.7,21.52,0.6,-0.2614,-0.9652,31.8,33.0,33.0,station
2025-07-18,31.2,30.0,30.7,32.1,31.6,29.7,29.7,32.6,31.8,31.3,31.12,0.81,0.1,86,95,20.4,20.07,4.7,-0.278,-0.9606,31.6,34.0,34.0,station
2025-07-19,28.8,29.0,29.1,30.4,30.5,28.1,29.1,26.8,30.0,27.0,29.56,0.82,1.36,88,100,21.6,14.15,2.9,-0.2945,-0.9557,29.8,33.0,33.0,station
2025-07-20,28.5,28.7,26.8,31.6,30.1,28.5,29.0,27.3,30.1,26.7,29.14,1.81,0.82,86,98,20.5,20.52,2.7,-0.3109,-0.9505,31.3,34.0,34.0,station
2025-07-21,29.4,29.2,29.4,31.1,30.8,29.2,29.1,29.3,31.0,26.8,29.98,0.9,0.9,88,96,16.1,18.38,13.0,-0.3272,-0.945,31.0,32.0,32.0,station
2025-07-22,28.2,28.6,27.9,30.9,28.3,28.7,28.3,26.8,31.9,28.5,28.78,1.21,-0.06,90,100,16.3,10.35,3.0,-0.3434,-0.9392,28.4,31.0,31.0,station
2025-07-23,28.5,28.8,27.4,32.0,29.1,28.3,29.3,30.2,30.5,27.6,29.16,1.71,-0.02,90,98,17.3,12.39,2.0,-0.3595,-0.9332,28.8,30.0,30.0,station
2025-07-24,29.9,29.6,28.9,29.9,27.9,28.9,29.2,29.3,31.9,27.8,29.24,0.85,-0.18,89,100,18.4,17.4,6.3,-0.3755,-0.9268,29.4,30.0,30.0,station
2025-07-25,29.6,29.0,29.8,30.7,27.9,28.8,29.0,29.3,31.1,27.6,29.4,1.04,0.24,89,99,15.3,17.4,24.5,-0.3914,-0.9202,30.9,31.0,31.0,station
2025-07-26,29.8,28.9,28.4,29.5,28.4,29.7,28.1,28.8,29.6,29.0,29.0,0.64,-0.04,87,95,12.4,19.01,3.6,-0.4071,-0.9134,30.7,30.0,30.0,station
2025-07-27,28.8,28.8,30.5,29.4,28.1,28.8,28.7,27.9,29.7,28.7,29.12,0.9,0.36,86,92,13.0,14.86,11.1,-0.4228,-0.9062,29.2,32.0,32.0,station
2025-07-28,30.0,29.4,31.4,30.5,28.2,29.9,29.1,27.0,30.0,29.2,29.9,1.2,0.86,86,95,12.7,19.17,2.0,-0.4383,-0.8988,32.2,32.0,32.0,station
2025-07-29,29.2,29.1,29.1,31.4,27.3,29.2,28.7,28.0,31.0,26.1,29.22,1.45,0.62,85,97,16.9,20.25,2.7,-0.4537,-0.8912,30.7,32.0,32.0,station
2025-07-30,30.2,28.5,28.1,31.0,28.0,30.0,29.0,27.9,30.9,28.9,29.16,1.36,-0.18,88,100,15.4,12.95,16.7,-0.469,-0.8832,29.0,30.0,30.0,station
2025-07-31,31.5,30.6,29.3,30.1,31.4,30.7,30.6,30.2,29.0,27.9,30.58,0.92,0.9,80,96,18.0,17.88,0.4,-0.4841,-0.875,31.3,32.0,32.0,station
2025-08-01,30.4,30.7,30.5,31.8,32.3,29.5,30.5,31.6,30.8,30.2,31.14,0.86,0.62,80,28,18.8,22.95,1.4,-0.4991,-0.8666,31.9,32.0,32.0,station
2025-08-02,28.9,29.5,29.2,30.7,30.9,27.7,29.4,30.0,30.4,31.6,29.84,0.9,0.02,87,96,16.7,16.44,1.6,-0.5139,-0.8578,30.8,32.0,32.0,station
2025-08-03,28.9,27.6,28.8,29.0,26.5,27.3,27.5,28.7,29.7,27.6,28.16,1.09,0.0,89,96,13.6,18.21,26.1,-0.5286,-0.8489,30.1,28.0,28.0,station
2025-08-04,27.6,27.8,27.7,28.5,28.0,28.1,28.0,28.8,29.1,28.0,27.92,0.36,-0.48,89,100,9.5,11.85,3.1,-0.5431,-0.8397,27.7,29.0,29.0,station
2025-08-05,27.3,28.3,29.6,28.8,26.8,27.2,28.0,28.7,30.3,28.7,28.16,1.13,-0.42,87,86,12.3,18.78,12.5,-0.5575,-0.8302,29.0,30.0,30.0,station
2025-08-06,29.5,28.0,29.7,29.5,29.4,29.2,28.9,30.3,29.1,30.1,29.22,0.69,-0.3,84,76,20.1,20.21,3.3,-0.5717,-0.8205,29.9,32.0,32.0,station
2025-08-07,29.2,30.0,29.8,31.4,30.4,29.5,29.8,28.5,28.2,29.3,30.16,0.82,1.1,82,87,18.6,19.6,1.0,-0.5857,-0.8105,31.0,32.0,32.0,station
2025-08-08,29.9,29.8,32.9,31.5,30.6,29.0,29.3,32.3,30.4,29.8,30.94,1.29,0.78,82,51,16.7,21.6,1.3,-0.5996,-0.8003,30.3,32.0,32.0,station
2025-08-09,28.6,28.2,29.5,30.6,29.6,28.0,28.1,28.8,30.4,28.3,29.3,0.94,0.58,88,90,12.5,14.37,6.3,-0.6132,-0.7899,28.4,30.0,30.0,station
2025-08-10,28.3,28.3,29.5,29.7,29.1,27.2,27.9,28.8,30.8,29.1,28.98,0.66,0.22,85,88,11.3,20.19,0.4,-0.6267,-0.7792,30.0,31.0,31.0,station
2025-08-11,28.9,28.8,29.3,30.9,29.2,28.3,28.7,30.4,30.4,28.6,29.42,0.85,0.14,86,90,16.5,21.62,7.1,-0.64,-0.7683,29.6,31.0,31.0,station
2025-08-12,29.4,29.7,33.4,33.3,29.2,30.5,29.6,32.4,32.6,29.8,31.0,2.15,0.02,86,88,15.7,16.59,3.3,-0.6532,-0.7572,29.7,31.0,31.0,station
2025-08-13,28.9,29.3,29.2,32.3,31.1,29.0,28.6,29.5,32.4,29.2,30.16,1.48,0.42,85,90,15.9,20.63,9.9,-0.6661,-0.7459,32.3,32.0,32.0,station
2025-08-14,27.3,27.8,28.6,30.5,27.0,27.6,27.9,28.2,30.1,27.1,28.24,1.4,0.06,89,98,15.3,17.07,23.5,-0.6788,-0.7343,28.6,30.0,30.0,station
2025-08-15,29.0,27.4,28.3,29.5,27.7,28.0,27.6,28.6,29.6,29.0,28.38,0.88,-0.18,92,99,16.8,11.65,28.4,-0.6914,-0.7225,28.0,30.0,30.0,station
2025-08-16,27.2,26.6,30.3,30.3,28.0,27.4,26.8,30.5,28.9,27.7,28.48,1.73,0.22,91,88,13.7,13.51,12.6,-0.7037,-0.7105,28.5,29.0,29.0,station
2025-08-17,26.6,27.2,29.0,29.3,26.3,27.3,27.4,28.6,28.6,28.4,27.68,1.38,-0.38,91,95,12.4,14.58,11.3,-0.7158,-0.6983,28.3,29.0,29.0,station
2025-08-18,28.5,28.9,29.4,29.5,27.9,28.6,28.7,29.9,29.6,27.3,28.84,0.66,0.02,85,96,13.2,22.46,0.6,-0.7277,-0.6859,29.0,30.0,30.0,station
2025-08-19,29.4,30.4,32.4,32.4,28.8,29.5,29.9,26.5,31.5,29.5,30.68,1.67,1.3,85,99,13.9,20.82,6.9,-0.7394,-0.6733,30.7,32.0,32.0,station
2025-08-20,29.9,30.2,31.0,31.3,29.5,30.0,29.7,30.6,31.4,29.2,30.38,0.75,0.2,85,98,18.0,20.49,4.5,-0.7509,-0.6605,31.4,32.0,32.0,station
2025-08-21,28.5,28.3,30.2,29.7,29.1,29.5,28.4,30.2,30.2,28.2,29.16,0.8,-0.14,87,100,18.6,13.01,5.3,-0.7621,-0.6474,29.9,29.0,29.0,station
2025-08-22,28.0,28.5,29.2,30.3,27.9,27.8,28.6,30.4,28.9,28.3,28.78,0.99,-0.02,89,99,13.2,17.92,35.1,-0.7731,-0.6342,30.5,31.0,31.0,station
2025-08-23,28.3,28.0,28.8,28.7,27.6,27.9,27.8,29.1,29.0,26.6,28.28,0.5,0.2,89,93,10.7,18.27,8.6,-0.7839,-0.6208,28.3,29.0,29.0,station
2025-08-24,28.4,29.3,30.3,29.2,29.1,28.5,29.1,30.2,29.4,29.0,29.26,0.68,0.02,87,91,8.5,18.66,4.9,-0.7945,-0.6073,29.4,31.0,31.0,station
2025-08-25,29.8,29.6,30.0,31.5,29.3,29.3,29.4,30.1,30.9,28.9,30.04,0.86,0.32,86,91,16.9,19.62,0.9,-0.8048,-0.5935,31.0,33.0,33.0,station
2025-08-26,29.8,28.7,29.9,31.3,27.8,30.0,28.7,31.2,30.9,28.5,29.5,1.32,-0.36,88,97,16.8,19.35,6.9,-0.8149,-0.5796,30.8,29.0,29.0,station
2025-08-27,30.1,28.3,31.8,30.7,28.4,29.0,28.4,31.2,30.4,26.3,29.86,1.51,0.8,87,98,14.0,17.05,6.8,-0.8248,-0.5655,30.1,33.0,33.0,station
2025-08-28,28.9,29.0,30.8,30.4,26.1,27.9,28.7,28.1,29.5,29.2,29.04,1.84,0.36,89,100,13.9,13.55,15.1,-0.8344,-0.5512,28.9,30.0,30.0,station
2025-08-29,28.4,29.9,29.4,29.5,29.0,28.4,29.2,31.5,29.9,28.6,29.24,0.57,-0.28,86,97,10.2,20.5,8.5,-0.8437,-0.5368,31.0,31.0,31.0,station
2025-08-30,29.1,28.6,30.5,30.4,29.6,28.3,29.5,30.1,29.8,28.8,29.64,0.82,0.34,90,87,10.2,17.86,5.3,-0.8528,-0.5222,29.7,32.0,32.0,station
2025-08-31,28.9,28.9,29.1,30.4,31.0,28.3,28.5,30.1,29.2,28.2,29.66,0.98,0.8,87,82,17.4,18.9,5.1,-0.8617,-0.5074,29.8,31.0,31.0,station
2025-09-01,28.3,28.7,29.0,28.2,28.1,27.6,28.0,28.0,28.2,27.2,28.46,0.38,0.66,88,99,11.8,18.18,10.6,-0.8703,-0.4925,30.3,30.0,30.0,station
2025-09-02,28.9,28.6,29.4,31.0,28.8,29.1,28.5,28.9,30.2,29.6,29.34,0.97,0.08,89,99,14.9,13.04,7.9,-0.8786,-0.4775,29.7,30.0,30.0,station
2025-09-03,28.8,29.0,28.4,30.8,28.1,28.6,29.1,28.1,29.8,28.3,29.02,1.05,0.24,86,94,11.2,18.31,2.9,-0.8867,-0.4623,30.4,31.0,31.0,station
2025-09-04,29.8,28.7,29.1,28.8,28.4,28.5,29.1,28.5,28.7,26.3,28.96,0.53,0.74,91,100,14.6,13.92,11.0,-0.8945,-0.447,30.1,30.0,30.0,station
2025-09-05,28.9,27.4,27.9,28.6,28.3,28.3,27.6,29.7,28.7,27.6,28.22,0.59,-0.16,90,100,11.1,9.65,14.9,-0.9021,-0.4315,28.5,28.0,28.0,station
2025-09-06,27.6,27.5,30.1,28.5,29.2,27.5,27.5,29.7,28.6,27.7,28.58,1.1,0.38,89,100,15.0,14.79,17.6,-0.9094,-0.4159,29.4,30.0,30.0,station
2025-09-07,27.6,27.9,28.6,27.1,27.2,27.5,27.9,27.5,27.4,26.6,27.68,0.61,0.3,86,90,10.4,18.72,7.1,-0.9164,-0.4002,29.1,30.0,30.0,station
2025-09-08,28.1,28.3,29.5,29.5,29.2,28.0,28.2,29.3,29.5,28.3,28.92,0.67,0.26,87,91,7.7,12.28,9.9,-0.9232,-0.3844,27.8,28.0,28.0,station
2025-09-09,29.2,29.7,30.0,31.2,28.8,28.7,29.3,30.2,30.7,29.7,29.78,0.92,0.06,82,82,13.5,21.71,3.3,-0.9296,-0.3685,31.1,32.0,32.0,station
2025-09-10,29.4,29.9,32.2,31.5,29.2,29.0,29.6,30.6,31.4,30.7,30.44,1.34,0.18,84,90,12.7,22.04,2.8,-0.9358,-0.3524,31.5,32.0,32.0,station
2025-09-11,29.0,28.6,30.2,30.6,30.0,28.3,28.6,30.1,30.1,29.1,29.68,0.84,0.44,91,100,14.8,13.6,14.4,-0.9418,-0.3363,29.9,32.0,32.0,station
2025-09-12,27.9,28.5,28.5,28.8,28.3,28.1,28.2,28.2,29.4,28.1,28.4,0.33,0.0,93,100,11.4,10.47,20.8,-0.9474,-0.32,28.5,30.0,30.0,station
2025-09-13,28.0,29.1,29.8,29.6,28.7,28.2,28.6,28.4,29.3,28.9,29.04,0.72,0.36,88,94,8.4,18.71,3.2,-0.9528,-0.3037,28.5,31.0,31.0,station
2025-09-14,29.5,29.1,31.0,30.6,29.1,28.0,28.9,29.3,30.1,29.3,29.86,0.88,0.74,84,83,13.2,20.08,6.0,-0.9579,-0.2873,30.8,31.0,31.0,station
2025-09-15,28.6,28.9,31.7,30.3,27.8,28.5,29.0,31.6,31.2,26.9,29.46,1.54,0.02,90,100,15.3,16.07,21.6,-0.9627,-0.2707,31.0,31.0,31.0,station
2025-09-16,29.5,28.2,29.1,29.2,26.2,27.9,28.0,30.4,30.3,27.4,28.44,1.34,-0.36,90,100,13.5,12.08,17.4,-0.9672,-0.2541,29.5,29.0,29.0,station
2025-09-17,27.9,28.1,27.7,28.3,28.3,27.6,27.6,29.4,28.6,26.8,28.06,0.26,0.06,88,96,18.0,17.03,10.3,-0.9714,-0.2375,28.1,27.0,27.0,station
2025-09-18,28.3,28.3,28.5,28.7,28.8,27.9,28.2,29.0,28.5,27.5,28.52,0.23,0.3,86,87,14.1,18.69,2.9,-0.9753,-0.2207,28.1,29.0,29.0,station
2025-09-19,28.0,28.6,29.4,28.9,28.9,27.7,28.8,28.5,29.4,28.6,28.76,0.51,0.16,87,93,15.0,21.05,9.7,-0.979,-0.2039,28.6,30.0,30.0,station
2025-09-20,28.6,29.9,31.1,30.8,29.6,29.1,29.4,30.6,30.7,28.9,30.0,1.0,0.26,87,70,8.8,23.86,5.6,-0.9824,-0.187,30.2,31.0,31.0,station
2025-09-21,28.4,28.5,32.1,30.1,28.7,28.8,28.5,30.1,30.5,29.9,29.56,1.58,0.0,90,98,10.6,13.64,3.1,-0.9854,-0.1701,28.0,31.0,31.0,station
2025-09-22,28.7,29.5,30.6,29.8,29.0,27.7,28.5,30.0,30.0,29.1,29.52,0.74,0.46,86,84,11.9,21.59,1.2,-0.9882,-0.1531,29.8,31.0,31.0,station
2025-09-23,29.4,29.7,31.1,31.6,29.7,29.2,29.4,30.9,31.7,29.4,30.3,0.98,0.18,85,89,17.9,19.71,0.6,-0.9907,-0.1361,31.3,32.0,32.0,station
2025-09-24,28.6,29.1,31.1,31.3,29.5,29.2,29.4,30.9,32.0,27.4,29.92,1.21,0.14,88,100,16.2,14.04,2.0,-0.9929,-0.1191,29.8,30.0,30.0,station
2025-09-25,29.2,28.2,28.5,29.4,28.1,28.5,27.7,29.4,30.4,26.3,28.68,0.59,0.22,89,98,11.4,12.25,16.6,-0.9948,-0.102,29.0,26.0,26.0,station
2025-09-26,27.8,28.9,29.6,29.1,27.1,27.8,27.9,28.1,28.7,29.0,28.5,1.02,0.2,91,99,23.0,14.94,26.2,-0.9964,-0.0848,30.1,30.0,30.0,station
2025-09-27,27.6,28.3,30.1,29.9,29.0,28.2,28.6,30.0,29.8,28.7,28.98,1.06,-0.08,86,87,15.2,16.96,1.7,-0.9977,-0.0677,28.2,30.0,30.0,station
2025-09-28,28.1,28.5,29.4,29.0,29.0,28.0,28.9,29.9,29.5,28.9,28.8,0.5,-0.24,84,100,16.6,17.96,0.3,-0.9987,-0.0505,28.5,30.0,30.0,station
2025-09-29,27.8,27.7,30.0,28.3,29.3,27.8,27.9,25.5,29.4,27.2,28.62,1.0,1.06,88,100,13.5,12.83,6.0,-0.9994,-0.0333,27.7,29.0,29.0,station
2025-09-30,28.3,28.6,30.0,29.4,30.0,28.6,28.5,29.5,29.8,28.4,29.26,0.79,0.3,87,89,10.8,20.22,3.7,-0.9999,-0.0161,28.5,30.0,30.0,station
2025-10-01,28.7,28.5,29.3,29.4,27.6,28.3,28.4,26.8,28.7,27.5,28.7,0.72,0.76,91,94,10.9,19.22,19.8,-1.0,0.0011,29.1,30.0,30.0,station
2025-10-02,27.5,28.2,29.3,28.7,29.5,28.5,28.3,30.4,29.4,28.0,28.64,0.82,-0.28,89,96,9.6,13.94,4.5,-0.9998,0.0183,29.1,29.0,29.0,station
2025-10-03,28.2,28.4,30.2,28.3,29.3,27.9,27.9,30.3,28.2,29.1,28.88,0.86,0.2,85,100,11.8,17.23,0.9,-0.9994,0.0355,29.7,30.0,30.0,station
2025-10-04,26.9,28.2,29.5,28.5,28.2,28.0,28.0,28.7,28.0,29.2,28.26,0.93,-0.12,85,93,18.2,16.48,14.4,-0.9986,0.0527,27.7,29.0,29.0,station
2025-10-05,27.8,28.7,30.0,29.5,28.9,27.2,28.5,28.4,29.2,28.1,28.98,0.83,0.7,87,81,16.4,21.47,3.9,-0.9976,0.0698,28.6,30.0,30.0,station
2025-10-06,28.2,28.3,29.6,28.9,29.2,27.8,28.6,28.5,29.1,29.8,28.84,0.59,0.08,88,100,12.6,21.19,2.2,-0.9962,0.087,28.7,31.0,31.0,station
2025-10-07,28.4,28.7,30.6,30.3,28.9,28.2,28.5,30.7,30.7,28.7,29.38,1.0,0.02,85,61,9.6,20.29,1.4,-0.9946,0.1041,29.4,30.0,30.0,station
2025-10-08,29.1,28.8,29.6,30.2,29.6,28.0,28.7,29.6,30.4,29.3,29.46,0.54,0.26,86,81,10.6,17.23,10.7,-0.9926,0.1212,30.3,32.0,32.0,station
2025-10-09,27.4,27.0,29.8,28.8,26.6,27.6,27.0,29.8,28.0,28.4,27.92,1.34,-0.24,91,97,10.5,12.16,13.0,-0.9904,0.1383,27.4,28.0,28.0,station
2025-10-10,27.5,27.2,29.8,28.1,28.2,27.3,27.3,27.0,28.1,28.6,28.16,1.01,0.5,87,100,20.6,11.28,4.1,-0.9879,0.1553,26.9,29.0,29.0,station
2025-10-11,27.8,26.6,29.0,28.8,27.5,26.9,27.0,26.2,27.9,28.1,27.94,0.98,0.72,85,100,23.1,11.89,8.5,-0.9851,0.1722,27.8,27.0,27.0,station
2025-10-12,28.4,27.9,29.3,29.2,27.4,28.3,27.7,28.6,29.5,28.7,28.44,0.82,-0.12,82,84,22.3,19.78,0.3,-0.9819,0.1892,28.2,30.0,30.0,station
2025-10-13,28.0,28.7,30.5,29.4,28.3,27.7,28.4,29.4,29.6,28.1,28.98,1.0,0.34,82,78,17.9,17.47,2.0,-0.9785,0.206,28.6,29.0,29.0,station
2025-10-14,28.3,28.6,31.1,30.3,30.3,27.8,28.3,30.1,29.4,28.8,29.72,1.21,0.84,83,73,12.9,20.15,6.5,-0.9749,0.2228,30.9,32.0,32.0,station
2025-10-15,27.6,26.7,29.3,28.2,29.0,27.6,27.1,29.7,29.2,28.3,28.16,1.05,-0.22,91,99,10.4,10.88,19.7,-0.9709,0.2396,27.3,28.0,28.0,station
2025-10-16,27.4,28.5,26.0,28.7,27.5,27.6,28.2,29.3,27.7,28.2,27.62,1.08,-0.58,85,98,15.0,22.03,1.7,-0.9666,0.2562,28.8,29.0,29.0,station
2025-10-17,27.8,28.4,29.9,29.3,28.7,28.1,28.6,29.9,29.1,28.3,28.82,0.81,0.02,84,88,15.5,20.91,1.2,-0.9621,0.2728,28.3,30.0,30.0,station
2025-10-18,28.3,29.0,29.9,29.6,29.4,28.6,28.8,29.9,29.1,29.5,29.24,0.62,0.06,82,62,13.4,23.48,5.5,-0.9572,0.2893,29.4,30.0,30.0,station
2025-10-19,27.8,28.2,30.6,30.4,30.6,28.9,28.8,30.1,30.8,30.1,29.52,1.4,-0.22,87,81,11.8,18.94,12.4,-0.9521,0.3057,30.3,32.0,32.0,station
2025-10-20,27.8,27.4,28.3,29.3,26.4,27.4,27.9,30.2,29.6,26.5,27.84,1.07,-0.48,89,97,10.4,16.07,20.4,-0.9467,0.3221,30.0,30.0,30.0,station
2025-10-21,28.7,28.3,28.7,28.5,29.0,28.1,28.2,25.7,28.5,28.0,28.64,0.26,0.94,88,89,10.3,17.83,25.2,-0.941,0.3383,29.7,30.0,30.0,station
2025-10-22,27.9,27.5,29.7,28.8,28.5,27.7,28.1,28.7,29.1,28.5,28.48,0.85,0.06,90,90,11.9,16.65,8.1,-0.9351,0.3545,28.6,29.0,29.0,station
2025-10-23,27.4,27.5,29.2,29.0,28.9,27.7,27.4,29.2,28.7,28.7,28.4,0.87,0.06,91,98,9.9,15.13,16.4,-0.9288,0.3705,28.4,30.0,30.0,station
2025-10-24,28.5,28.6,31.1,29.9,28.7,28.1,28.2,31.4,29.1,29.5,29.36,1.13,0.1,87,94,14.1,19.8,11.6,-0.9223,0.3864,29.3,31.0,31.0,station
2025-10-25,27.8,27.9,29.7,29.0,28.8,27.4,28.0,31.4,28.6,29.2,28.64,0.8,-0.28,91,94,14.9,14.98,12.1,-0.9155,0.4022,28.6,29.0,29.0,station
2025-10-26,28.1,28.3,30.1,29.4,28.5,28.4,28.4,29.5,29.9,27.8,28.88,0.84,0.08,89,91,23.3,19.83,8.2,-0.9085,0.4179,29.3,30.0,30.0,station
2025-10-27,26.8,27.3,28.4,29.1,26.7,28.1,27.3,28.5,29.4,28.3,27.66,1.05,-0.66,90,100,22.6,13.37,32.9,-0.9012,0.4335,28.3,30.0,30.0,station
2025-10-28,27.1,27.8,28.6,29.8,26.8,28.3,27.7,30.2,30.0,27.5,28.02,1.21,-0.72,90,99,23.1,15.4,23.1,-0.8936,0.4489,28.5,29.0,29.0,station
2025-10-29,28.3,29.0,29.3,29.7,28.9,28.5,28.9,29.3,30.5,28.2,29.04,0.52,-0.04,90,100,21.0,14.68,14.0,-0.8857,0.4642,29.5,29.0,29.0,station
2025-10-30,27.5,27.5,27.7,29.4,27.0,28.0,27.9,28.2,29.9,28.6,27.82,0.92,-0.7,90,94,15.7,14.86,3.1,-0.8776,0.4794,28.8,30.0,30.0,station
2025-10-31,28.1,27.6,28.6,29.0,26.4,26.8,27.6,26.5,27.6,27.7,27.94,1.01,0.7,91,100,15.9,12.23,12.7,-0.8692,0.4944,28.4,29.0,29.0,station
2025-11-01,28.6,28.2,29.2,30.3,28.0,28.0,28.7,29.7,30.7,28.2,28.86,0.93,-0.2,87,99,14.6,16.19,2.9,-0.8606,0.5093,30.1,30.0,30.0,station
2025-11-02,28.2,28.0,28.0,29.3,26.9,28.4,28.2,26.5,29.2,27.0,28.08,0.85,0.22,89,97,14.3,14.86,21.2,-0.8517,0.524,29.9,30.0,30.0,station
2025-11-03,27.5,27.9,29.0,30.0,29.3,28.4,28.1,28.7,28.6,28.8,28.74,1.03,0.22,91,100,15.3,12.11,15.7,-0.8426,0.5386,29.5,30.0,30.0,station
2025-11-04,27.2,27.5,27.1,27.6,26.8,27.8,27.6,26.9,27.8,26.1,27.24,0.32,0.0,93,99,20.5,10.86,15.0,-0.8332,0.553,28.3,27.0,27.0,station
2025-11-05,29.0,29.6,30.3,30.1,27.6,28.9,29.5,27.3,28.6,26.5,29.32,1.08,1.16,83,70,14.1,20.96,3.8,-0.8235,0.5672,30.2,31.0,31.0,station
2025-11-06,28.5,28.5,30.0,30.2,29.3,29.3,28.8,30.0,29.8,27.4,29.3,0.8,0.24,87,81,12.6,13.93,1.3,-0.8137,0.5813,29.4,31.0,31.0,station
2025-11-07,30.0,29.3,29.0,30.0,29.0,28.4,29.0,28.8,30.0,28.3,29.46,0.51,0.56,84,59,10.0,20.62,8.7,-0.8035,0.5952,31.3,33.0,33.0,station
2025-11-08,28.0,29.0,29.5,30.7,29.1,29.1,29.2,30.5,30.6,28.4,29.26,0.98,-0.3,86,84,14.3,18.85,6.5,-0.7932,0.609,30.0,33.0,33.0,station
2025-11-09,28.5,28.6,28.9,30.2,29.2,28.9,29.2,28.9,30.8,29.2,29.08,0.68,-0.32,88,99,15.8,12.7,8.3,-0.7826,0.6225,30.3,31.0,31.0,station
2025-11-10,27.6,27.6,29.6,29.2,26.7,28.3,27.5,29.3,28.3,26.8,28.14,1.22,0.1,95,100,14.1,7.7,35.3,-0.7718,0.6359,26.3,28.0,28.0,station
2025-11-11,28.2,28.1,27.5,27.6,26.7,28.6,27.8,28.4,27.1,26.1,27.62,0.6,0.02,89,100,16.3,14.23,3.0,-0.7607,0.6491,28.8,31.0,31.0,station
2025-11-12,28.9,27.8,25.3,28.1,29.0,29.1,27.6,25.8,27.3,28.0,27.82,1.5,0.26,90,99,13.0,10.63,8.8,-0.7494,0.6621,28.9,29.0,29.0,station
2025-11-13,28.0,28.7,27.8,29.8,25.9,27.8,28.8,27.6,30.3,26.9,28.04,1.43,-0.24,89,100,12.4,13.44,2.0,-0.7379,0.6749,28.7,31.0,31.0,station
2025-11-14,28.3,28.1,28.5,29.5,29.2,27.9,27.8,27.2,30.3,26.4,28.72,0.6,0.8,89,98,13.6,18.04,7.2,-0.7262,0.6875,29.5,31.0,31.0,station
2025-11-15,28.1,27.3,28.8,28.7,27.9,28.0,27.3,28.8,27.4,26.1,28.16,0.61,0.64,93,99,14.2,9.57,32.4,-0.7143,0.6998,27.7,31.0,31.0,station
2025-11-16,27.6,27.2,25.5,27.8,25.8,27.4,27.2,27.2,28.2,24.9,26.78,1.06,-0.2,94,100,13.7,7.2,12.9,-0.7021,0.712,25.6,27.0,27.0,station
2025-11-17,29.4,28.0,31.0,29.8,26.4,28.4,27.8,28.4,30.0,27.8,28.92,1.77,0.44,88,84,14.1,17.07,5.4,-0.6898,0.724,29.6,31.0,31.0,station
2025-11-18,27.7,27.7,27.1,28.0,27.1,27.8,27.8,27.6,28.5,27.7,27.52,0.4,-0.36,83,89,16.3,16.3,13.4,-0.6772,0.7358,29.8,31.0,31.0,station
2025-11-19,28.1,27.4,28.4,28.6,28.7,28.1,27.8,28.2,28.3,28.2,28.24,0.52,0.12,89,100,17.4,14.19,10.4,-0.6645,0.7473,29.7,26.0,26.0,station
2025-11-20,26.9,27.3,28.5,29.1,26.5,27.2,27.5,27.9,30.0,26.1,27.66,1.1,-0.08,92,100,13.6,8.64,7.1,-0.6515,0.7586,26.3,29.0,29.0,station
2025-11-21,27.3,27.6,28.1,28.2,27.7,27.9,28.0,28.2,29.3,28.4,27.78,0.37,-0.58,88,95,10.3,19.52,0.9,-0.6384,0.7697,28.4,29.0,29.0,station
2025-11-22,29.1,28.6,30.2,30.2,29.2,28.9,28.7,27.9,30.2,29.2,29.46,0.71,0.48,85,86,15.7,17.74,2.2,-0.625,0.7806,30.5,31.0,31.0,station
2025-11-23,30.1,29.4,30.9,30.3,29.6,29.0,29.0,31.5,29.3,30.0,30.06,0.59,0.3,82,81,15.1,16.91,0.9,-0.6115,0.7912,31.0,32.0,32.0,station
2025-11-24,29.4,28.8,29.2,29.6,29.0,27.8,28.8,27.9,29.1,30.0,29.2,0.32,0.48,83,97,14.2,13.36,1.7,-0.5978,0.8016,30.2,31.0,31.0,station
2025-11-25,29.2,28.7,28.4,30.5,26.6,29.6,28.8,27.2,30.5,27.6,28.68,1.41,-0.06,90,90,15.0,11.02,0.7,-0.584,0.8118,28.5,30.0,30.0,station
2025-11-26,28.7,28.8,29.6,30.8,29.2,29.5,29.0,29.9,29.8,29.4,29.42,0.85,-0.1,87,86,17.1,14.87,1.4,-0.5699,0.8217,30.8,31.0,31.0,station
2025-11-27,28.9,28.2,29.3,29.8,29.6,29.7,28.6,27.9,29.7,28.5,29.16,0.63,0.28,88,93,19.1,14.26,9.8,-0.5557,0.8314,29.7,31.0,31.0,station
2025-11-28,28.0,26.7,28.5,27.4,26.7,26.9,26.5,24.5,28.4,26.6,27.46,0.8,0.88,94,95,16.3,7.26,25.8,-0.5413,0.8408,25.9,28.0,28.0,station
2025-11-29,26.9,26.9,29.1,27.3,25.5,26.2,26.7,28.3,26.4,27.1,27.14,1.29,0.2,88,87,19.5,15.88,3.8,-0.5268,0.85,28.4,30.0,30.0,station
2025-11-30,27.9,27.6,28.1,28.5,27.7,27.3,27.7,27.9,27.6,26.1,27.96,0.36,0.64,90,93,12.8,11.44,17.5,-0.5121,0.859,28.6,27.0,27.0,station
2025-12-01,27.2,26.4,28.3,27.6,26.4,27.6,26.5,27.4,27.3,27.4,27.18,0.81,-0.06,94,100,12.7,7.56,28.6,-0.4972,0.8676,25.8,27.0,27.0,station
2025-12-02,25.6,27.0,28.1,27.2,27.6,26.6,27.5,27.1,26.3,26.8,27.1,0.94,0.24,93,99,13.0,8.14,24.7,-0.4822,0.8761,27.0,27.0,27.0,station
2025-12-03,27.2,28.2,27.3,28.0,27.6,26.6,28.3,28.4,27.6,26.9,27.66,0.43,0.1,84,99,11.9,16.93,8.4,-0.4671,0.8842,30.1,31.0,31.0,station
2025-12-04,29.8,29.5,31.2,30.3,29.6,30.0,29.5,30.9,31.2,29.1,30.08,0.7,-0.06,74,68,14.3,20.53,0.8,-0.4518,0.8921,31.4,33.0,33.0,station
2025-12-05,28.5,28.8,31.7,29.8,29.3,29.1,28.6,31.6,29.2,29.2,29.62,1.26,0.08,80,43,16.5,19.64,1.9,-0.4364,0.8998,30.4,31.0,31.0,station
2025-12-06,28.0,28.7,30.3,30.5,28.7,27.9,28.9,30.1,30.6,28.7,29.24,1.1,0.0,81,51,12.8,21.2,0.1,-0.4208,0.9071,30.1,31.0,31.0,station
2025-12-07,28.4,28.8,29.7,30.3,29.1,28.3,29.0,30.0,29.8,28.8,29.26,0.75,0.08,82,63,8.7,19.77,1.0,-0.4052,0.9142,30.7,31.0,31.0,station
2025-12-08,28.1,28.7,30.7,29.3,28.7,29.1,28.9,30.3,30.9,29.5,29.1,0.99,-0.64,88,97,11.2,17.38,8.1,-0.3894,0.9211,29.5,31.0,31.0,station
2025-12-09,28.2,28.5,29.2,29.6,27.0,28.1,28.6,30.2,28.7,28.7,28.5,1.0,-0.36,89,60,14.2,13.82,10.5,-0.3735,0.9276,29.3,30.0,30.0,station
2025-12-10,29.6,28.8,29.8,30.2,28.3,29.0,28.9,30.0,30.1,28.4,29.34,0.77,0.06,88,84,15.7,16.78,10.1,-0.3575,0.9339,29.4,31.0,31.0,station
2025-12-11,29.3,29.5,27.2,29.5,29.9,30.0,29.5,28.8,29.7,30.2,29.08,1.07,-0.56,87,98,15.1,15.61,5.7,-0.3413,0.9399,29.8,30.0,30.0,station
2025-12-12,28.3,28.8,29.9,28.7,28.0,28.3,28.4,29.5,29.2,27.6,28.74,0.72,0.14,87,99,18.4,15.67,6.1,-0.3251,0.9457,29.5,29.0,29.0,station
2025-12-13,27.3,27.5,27.8,29.0,26.8,27.2,28.2,28.0,29.0,25.7,27.68,0.82,0.06,91,98,15.2,13.45,22.3,-0.3088,0.9511,28.5,30.0,30.0,station
2025-12-14,29.0,27.9,28.1,29.4,28.0,28.8,27.9,27.5,29.0,28.2,28.48,0.68,0.2,93,100,13.3,9.76,33.1,-0.2924,0.9563,28.8,30.0,30.0,station
2025-12-15,27.9,27.7,27.8,27.7,26.9,28.0,28.1,26.8,28.5,25.9,27.6,0.4,0.14,94,97,17.1,8.51,28.8,-0.2759,0.9612,27.2,27.0,27.0,station
2025-12-16,29.5,28.8,29.4,29.7,29.3,27.8,28.1,27.9,29.9,29.3,29.34,0.34,0.74,87,98,16.4,14.07,5.1,-0.2593,0.9658,29.3,30.0,30.0,station
2025-12-17,27.8,28.3,30.8,28.1,28.2,28.5,28.4,28.4,29.0,28.6,28.64,1.22,0.06,84,60,13.7,15.71,4.5,-0.2427,0.9701,29.1,29.0,29.0,station
2025-12-18,29.5,29.2,29.2,30.0,29.7,28.7,28.9,27.9,28.9,29.7,29.52,0.34,0.7,78,64,18.5,18.05,1.5,-0.226,0.9741,30.6,30.0,30.0,station
2025-12-19,28.9,28.2,29.0,29.1,28.4,29.8,28.4,29.2,28.9,27.6,28.72,0.4,-0.06,84,86,18.9,14.49,1.4,-0.2092,0.9779,28.2,30.0,30.0,station
2025-12-20,29.6,29.5,32.0,31.4,30.7,30.4,29.7,31.9,31.4,30.4,30.64,1.1,-0.12,76,72,15.2,20.11,0.5,-0.1923,0.9813,31.1,32.0,32.0,station
2025-12-21,30.0,29.1,30.6,30.8,30.3,29.7,29.1,29.4,31.3,30.2,30.16,0.67,0.22,78,64,15.7,17.78,1.0,-0.1754,0.9845,29.5,30.0,30.0,station
2025-12-22,29.3,28.7,28.7,29.3,29.6,28.9,29.1,29.2,29.5,29.7,29.12,0.4,-0.16,78,26,18.1,18.82,1.5,-0.1585,0.9874,29.7,31.0,31.0,station
2025-12-23,30.1,29.5,31.7,30.4,30.3,30.6,29.7,31.2,30.8,30.0,30.4,0.81,-0.06,78,35,17.3,19.85,1.0,-0.1414,0.9899,31.0,32.0,32.0,station
2025-12-24,30.6,30.1,30.9,30.8,30.5,30.7,29.9,31.0,31.4,30.5,30.58,0.31,-0.12,74,50,16.5,20.38,0.2,-0.1244,0.9922,31.3,33.0,33.0,station
2025-12-25,30.0,29.4,31.0,31.1,30.5,29.5,29.3,30.9,31.0,30.5,30.4,0.71,0.16,76,31,16.1,20.07,0.5,-0.1073,0.9942,30.5,31.0,31.0,station
2025-12-26,29.6,29.3,30.9,30.9,30.6,29.8,29.4,30.0,30.6,29.4,30.26,0.76,0.42,75,15,14.8,20.51,0.6,-0.0902,0.9959,31.3,32.0,32.0,station
2025-12-27,29.9,29.2,30.6,31.6,30.3,30.6,29.5,31.4,31.3,30.2,30.32,0.89,-0.28,76,9,14.3,20.17,1.1,-0.073,0.9973,31.0,32.0,32.0,station
2025-12-28,29.8,29.3,30.4,31.0,30.3,29.8,29.5,30.8,30.9,29.9,30.16,0.64,-0.02,79,15,12.7,19.88,0.9,-0.0559,0.9984,30.1,32.0,32.0,station
2025-12-29,29.7,29.2,30.4,30.2,30.1,30.3,29.1,31.6,30.2,30.2,29.92,0.48,-0.36,83,27,15.1,19.59,1.9,-0.0387,0.9993,30.4,32.0,32.0,station
2025-12-30,29.9,29.3,30.7,30.5,30.6,29.6,29.5,29.4,30.8,30.7,30.2,0.59,0.2,79,78,17.7,19.29,2.2,-0.0215,0.9998,30.7,32.0,32.0,station
2025-12-31,29.0,28.8,30.6,28.8,30.4,29.8,28.6,29.7,29.7,30.2,29.52,0.9,-0.08,79,46,18.3,18.36,1.9,-0.0043,1.0,31.6,,,
2026-01-01,28.8,27.7,29.7,28.7,29.4,28.3,27.8,29.4,28.3,29.7,28.86,0.77,0.16,82,84,19.4,15.69,1.3,0.0172,0.9999,29.7,32.0,32.0,station
2026-01-02,28.8,27.6,30.2,28.2,29.1,27.6,27.6,29.6,27.7,29.4,28.78,0.98,0.4,80,79,21.1,17.88,0.5,0.0344,0.9994,29.7,31.0,31.0,station
2026-01-03,29.8,28.5,31.0,28.7,27.7,28.2,28.3,30.4,28.0,26.9,29.14,1.28,0.78,81,88,15.8,18.37,2.9,0.0516,0.9987,30.6,30.0,30.0,station
2026-01-04,29.6,29.3,31.8,29.0,29.1,29.8,29.0,30.6,29.0,28.6,29.76,1.16,0.36,79,88,21.2,18.76,0.8,0.0688,0.9976,29.7,31.0,31.0,station
2026-01-05,30.7,29.7,32.2,30.8,29.9,30.9,29.7,32.5,30.4,29.2,30.66,0.99,0.12,72,43,16.3,20.17,0.6,0.0859,0.9963,31.7,32.0,32.0,station
2026-01-06,31.1,30.1,32.3,31.0,29.5,31.0,30.0,28.4,30.5,30.0,30.8,1.07,0.82,72,6,19.0,21.06,0.0,0.103,0.9947,31.7,32.0,32.0,station
2026-01-07,29.9,29.2,31.1,29.6,29.8,30.3,29.1,29.9,29.5,28.7,29.92,0.71,0.42,75,57,18.7,20.37,0.8,0.1201,0.9928,30.7,32.0,32.0,station
2026-01-08,31.6,30.2,32.5,33.0,31.1,31.0,30.1,32.3,32.5,30.6,31.68,1.11,0.38,71,47,19.3,20.49,0.4,0.1372,0.9905,31.5,33.0,33.0,station
2026-01-09,30.2,29.5,31.1,31.4,31.0,30.3,29.5,31.3,31.3,29.9,30.64,0.78,0.18,73,55,15.5,20.39,1.0,0.1542,0.988,31.8,33.0,33.0,station
2026-01-10,28.8,29.0,30.8,30.4,31.2,30.6,29.0,30.0,29.8,30.5,30.04,1.08,0.06,77,87,16.1,17.41,0.5,0.1712,0.9852,30.7,31.0,31.0,station
2026-01-11,28.3,28.6,29.9,30.1,30.5,30.9,29.1,31.3,30.6,29.5,29.48,0.97,-0.8,76,98,19.9,15.89,1.3,0.1881,0.9821,30.0,31.0,31.0,station
2026-01-12,30.1,28.9,31.5,30.0,28.5,29.7,28.9,31.4,28.6,28.8,29.8,1.17,0.32,73,90,15.5,18.85,0.4,0.205,0.9788,30.5,32.0,32.0,station
2026-01-13,29.1,28.3,31.1,30.7,27.2,28.9,28.6,30.7,30.2,26.4,29.28,1.63,0.32,83,88,16.0,9.57,4.1,0.2218,0.9751,27.6,27.0,27.0,station
2026-01-14,29.4,28.4,30.3,30.6,29.9,30.3,29.0,27.1,30.5,28.0,29.72,0.86,0.74,74,53,16.6,20.11,2.1,0.2385,0.9711,31.5,32.0,32.0,station
2026-01-15,28.8,28.1,30.0,29.9,28.9,28.9,28.3,29.2,29.8,26.5,29.14,0.8,0.6,86,83,22.1,15.4,4.8,0.2552,0.9669,28.8,26.0,26.0,station
2026-01-16,29.1,28.1,29.2,28.9,28.2,29.6,28.1,30.6,28.8,27.9,28.7,0.51,-0.3,85,96,19.4,13.77,4.0,0.2718,0.9624,29.9,31.0,31.0,station
2026-01-17,30.2,29.4,30.7,30.2,30.8,30.4,29.1,31.3,30.0,30.4,30.26,0.55,0.02,82,53,16.2,19.69,1.2,0.2883,0.9575,31.8,32.0,32.0,station
2026-01-18,29.9,29.8,30.4,29.5,30.5,30.1,29.7,28.7,30.1,30.0,30.02,0.42,0.3,80,55,18.0,16.72,1.6,0.3047,0.9524,31.6,32.0,32.0,station
2026-01-19,30.0,29.3,31.5,31.2,30.4,30.2,29.1,31.5,31.2,30.7,30.48,0.89,-0.06,75,78,20.9,19.96,0.0,0.3211,0.9471,32.1,33.0,33.0,station
2026-01-20,30.8,29.8,31.6,31.9,30.5,30.3,29.6,31.1,31.8,30.8,30.92,0.85,0.2,75,77,23.6,20.16,0.1,0.3373,0.9414,31.5,32.0,32.0,station
2026-01-21,31.5,30.1,31.7,32.3,30.3,31.6,30.0,32.2,32.5,30.5,31.18,0.94,-0.18,72,43,20.6,20.83,0.0,0.3534,0.9355,31.3,32.0,32.0,station
2026-01-22,31.2,29.6,32.8,32.4,30.7,31.3,29.8,32.6,32.6,30.6,31.34,1.3,-0.04,73,79,19.8,21.04,0.0,0.3695,0.9292,32.4,32.0,32.0,station
2026-01-23,30.1,29.2,31.5,33.0,30.9,31.0,29.5,31.8,33.3,30.5,30.94,1.44,-0.28,75,78,16.7,21.36,1.3,0.3854,0.9227,31.4,32.0,32.0,station
2026-01-24,30.9,29.8,32.9,33.2,31.3,31.1,29.9,32.7,33.6,30.9,31.62,1.42,-0.02,72,68,14.7,20.89,2.0,0.4012,0.916,31.8,32.0,32.0,station
2026-01-25,30.9,29.5,31.8,32.7,30.2,30.3,29.6,33.1,33.0,30.9,31.02,1.27,-0.36,76,84,16.3,20.3,2.3,0.4169,0.9089,31.6,32.0,32.0,station
2026-01-26,30.1,29.0,32.7,33.0,30.6,30.0,29.2,30.2,31.1,30.7,31.08,1.72,0.84,80,57,15.9,18.34,0.8,0.4325,0.9016,31.2,31.0,31.0,station
2026-01-27,30.3,29.3,32.7,32.3,31.1,30.3,29.4,30.9,32.3,29.4,31.14,1.4,0.68,77,72,20.5,20.23,1.0,0.4479,0.8941,31.1,33.0,33.0,station
2026-01-28,29.0,28.5,31.1,30.0,28.8,30.0,28.6,30.9,30.9,29.8,29.48,1.07,-0.56,75,30,19.1,19.75,2.1,0.4633,0.8862,30.4,31.0,31.0,station
2026-01-29,30.8,29.6,32.6,31.2,30.0,30.8,29.5,32.6,30.4,30.4,30.84,1.17,0.1,71,76,21.6,20.39,0.0,0.4784,0.8781,31.6,32.0,32.0,station
2026-01-30,31.2,29.7,32.6,30.9,31.0,30.9,29.6,32.3,30.8,30.0,31.08,1.03,0.36,69,65,21.3,18.27,0.0,0.4935,0.8698,31.2,31.0,31.0,station
2026-01-31,29.5,28.7,31.2,29.9,30.6,29.2,28.8,30.4,28.8,29.1,29.98,0.97,0.72,68,66,27.0,18.06,0.5,0.5084,0.8611,30.1,30.0,30.0,station
2026-02-01,29.1,28.2,30.5,29.5,30.4,29.4,28.6,31.2,30.0,29.5,29.54,0.96,-0.2,69,86,29.0,16.65,0.5,0.5231,0.8523,29.3,31.0,31.0,station
2026-02-02,28.3,27.5,29.7,28.0,27.6,28.3,27.5,29.4,28.6,28.0,28.22,0.89,-0.14,73,66,27.7,17.14,0.3,0.5377,0.8432,28.1,29.0,29.0,station
2026-02-03,29.4,28.0,28.8,26.9,27.9,29.4,28.0,28.3,27.4,28.1,28.2,0.95,-0.04,64,43,29.3,18.81,0.0,0.5521,0.8338,29.1,,,
2026-02-04,29.7,27.8,32.2,31.1,28.3,30.2,27.7,31.9,29.5,27.9,29.82,1.85,0.38,82,82,30.4,14.17,3.8,0.5664,0.8242,27.6,,,
2026-02-05,28.3,28.2,31.1,30.1,30.0,28.8,28.3,30.9,30.1,29.3,29.54,1.25,0.06,81,62,20.8,19.86,1.2,0.5805,0.8143,30.1,,,
2026-02-06,28.2,26.9,30.7,28.6,29.4,28.1,27.0,30.4,28.3,28.5,28.76,1.41,0.3,80,90,15.3,16.74,4.3,0.5944,0.8042,29.1,,,
2026-02-07,27.4,26.7,29.7,27.5,26.4,28.5,27.1,29.2,28.4,27.8,27.54,1.29,-0.66,76,90,24.3,16.58,0.4,0.6081,0.7938,28.9,,,
2026-02-08,28.6,27.8,30.9,30.2,28.0,28.7,28.2,29.8,30.0,27.1,29.1,1.38,0.34,68,66,27.4,19.87,0.0,0.6217,0.7833,30.2,,,
2026-02-09,28.2,27.3,31.4,28.4,27.9,26.8,26.6,31.7,28.5,28.8,28.64,1.6,0.16,75,58,24.1,20.16,2.4,0.6351,0.7725,30.2,28.0,28.0,station
2026-02-10,30.2,28.9,33.0,32.5,29.2,30.2,29.3,32.7,32.4,29.6,30.76,1.89,-0.08,72,45,18.4,21.92,1.9,0.6483,0.7614,31.7,33.0,33.0,station
2026-02-11,29.9,28.9,33.8,33.0,30.5,30.2,29.3,33.6,33.2,30.8,31.22,2.09,-0.2,73,19,18.3,22.41,1.5,0.6613,0.7502,30.9,33.0,33.0,station
2026-02-12,29.9,29.2,34.1,33.4,31.4,30.4,29.3,34.0,33.5,30.9,31.6,2.13,-0.02,74,45,18.7,21.68,0.7,0.6741,0.7387,31.7,34.0,34.0,station
2026-02-13,29.9,29.0,33.5,33.6,31.4,29.9,29.3,34.6,34.0,31.1,31.48,2.08,-0.3,74,79,19.2,21.76,1.6,0.6867,0.727,31.5,33.0,33.0,station
2026-02-14,29.2,28.9,33.7,33.3,31.2,30.1,29.2,34.0,34.3,31.2,31.26,2.23,-0.5,73,43,16.1,21.98,1.9,0.6991,0.715,31.1,33.0,33.0,station
2026-02-15,28.2,28.7,33.3,33.2,29.9,28.4,29.0,31.2,32.5,30.2,30.66,2.44,0.4,79,44,17.7,21.01,2.4,0.7113,0.7029,30.7,32.0,32.0,station
2026-02-16,28.1,28.0,32.0,31.1,29.9,28.1,28.3,32.1,31.9,29.7,29.82,1.78,-0.2,78,67,17.1,21.05,1.2,0.7233,0.6906,30.5,33.0,33.0,station
2026-02-17,28.0,27.8,29.2,30.5,29.1,27.5,28.0,30.8,30.6,29.7,28.92,1.08,-0.4,81,77,19.1,18.9,7.9,0.735,0.678,30.0,31.0,31.0,station
2026-02-18,28.4,28.1,30.3,31.5,30.0,28.4,28.2,30.8,31.8,29.9,29.66,1.41,-0.16,77,50,17.3,20.36,2.5,0.7466,0.6653,30.8,32.0,32.0,station
2026-02-19,27.1,28.2,32.0,30.5,30.3,27.9,28.2,30.7,30.4,28.8,29.62,1.95,0.42,85,77,14.3,16.85,6.0,0.7579,0.6523,29.6,31.0,31.0,station
2026-02-20,27.9,28.2,31.2,31.4,29.6,28.5,28.5,30.1,31.8,29.2,29.66,1.63,0.04,86,78,13.0,18.48,4.5,0.769,0.6392,29.7,30.0,30.0,station
2026-02-21,27.8,28.6,30.9,30.9,29.2,28.3,28.7,32.0,31.4,29.7,29.48,1.39,-0.54,86,82,12.9,17.91,5.3,0.7799,0.6259,30.1,33.0,33.0,station
2026-02-22,28.1,29.0,30.8,30.2,30.2,28.5,28.8,30.3,30.5,29.1,29.66,1.09,0.22,81,74,15.3,18.69,2.1,0.7906,0.6124,30.9,32.0,32.0,station
2026-02-23,29.0,28.2,32.5,29.8,28.6,28.6,28.1,30.4,29.6,29.6,29.62,1.72,0.36,78,80,19.9,17.68,0.6,0.801,0.5987,30.0,31.0,31.0,station
2026-02-24,28.6,28.0,31.6,30.1,27.8,28.6,27.8,31.7,29.7,28.1,29.22,1.61,0.04,73,48,23.3,21.28,0.0,0.8112,0.5848,30.6,31.0,31.0,station
2026-02-25,31.4,29.7,32.9,33.2,29.9,30.4,29.4,32.9,33.6,29.3,31.42,1.63,0.3,70,59,21.8,22.59,0.4,0.8211,0.5708,31.5,33.0,33.0,station
2026-02-26,29.7,29.3,31.3,33.6,30.1,29.7,29.2,32.3,32.0,31.2,30.8,1.73,-0.08,74,40,19.3,21.12,2.4,0.8308,0.5566,31.6,33.0,33.0,station
2026-02-27,30.6,29.9,33.1,33.9,30.2,30.3,29.6,33.4,34.4,29.2,31.54,1.83,0.16,78,37,21.7,21.15,2.0,0.8402,0.5422,31.8,32.0,32.0,station
2026-02-28,30.6,30.5,33.7,33.6,31.3,30.5,30.4,33.2,34.9,31.8,31.94,1.59,-0.22,77,22,21.1,22.55,1.6,0.8495,0.5277,32.5,33.0,33.0,station
2026-03-01,30.6,29.9,32.8,34.5,31.0,30.7,30.1,32.9,34.9,31.5,31.76,1.87,-0.26,74,29,25.0,22.59,0.4,0.8584,0.513,32.1,33.0,33.0,station
2026-03-02,31.3,29.7,33.3,32.9,31.9,31.0,29.8,33.8,33.1,31.8,31.82,1.43,-0.08,66,19,22.0,22.99,0.0,0.8671,0.4981,32.0,32.0,32.0,station
2026-03-03,30.9,29.7,31.7,32.7,31.6,31.2,29.8,33.4,33.1,31.7,31.32,1.11,-0.52,70,21,24.3,22.51,0.0,0.8755,0.4831,31.9,32.0,32.0,station
2026-03-04,30.7,29.8,31.7,32.1,31.3,31.7,29.9,32.7,32.5,30.1,31.12,0.9,-0.26,71,24,19.5,21.65,0.9,0.8837,0.468,32.0,33.0,33.0,station
2026-03-05,29.5,29.4,31.8,32.5,30.0,29.6,29.5,32.1,31.5,29.3,30.64,1.42,0.24,78,33,14.8,19.94,1.7,0.8916,0.4527,30.9,32.0,32.0,station
2026-03-06,30.4,29.6,33.1,32.7,30.7,30.5,29.8,33.1,32.5,31.0,31.3,1.52,-0.08,73,27,19.5,22.67,0.3,0.8993,0.4373,32.3,33.0,33.0,station
2026-03-07,30.2,29.8,33.6,33.1,32.1,30.6,29.9,33.5,33.0,32.0,31.76,1.7,-0.04,73,35,20.9,21.43,2.2,0.9067,0.4218,31.6,33.0,33.0,station
2026-03-08,30.4,29.7,33.5,31.1,31.2,30.8,29.5,31.5,32.0,30.0,31.18,1.43,0.42,72,28,19.3,22.47,2.8,0.9138,0.4061,32.3,32.0,32.0,station
2026-03-09,30.3,29.6,33.0,31.6,29.4,30.6,29.4,33.5,32.0,31.4,30.78,1.51,-0.6,74,54,23.1,22.75,0.0,0.9207,0.3904,31.7,32.0,32.0,station
2026-03-10,30.8,29.9,33.2,32.2,32.1,30.6,29.9,31.9,32.2,31.6,31.64,1.29,0.4,73,50,21.4,21.94,1.4,0.9272,0.3745,32.1,33.0,33.0,station
2026-03-11,31.1,30.3,33.4,33.9,32.4,31.2,30.2,35.6,33.6,32.3,32.22,1.52,-0.36,70,44,20.4,23.04,1.2,0.9335,0.3585,32.8,34.0,34.0,station
2026-03-12,31.0,30.2,32.8,33.6,31.7,30.7,29.9,32.8,33.5,30.4,31.86,1.36,0.4,70,17,18.7,23.15,0.9,0.9396,0.3424,32.0,33.0,33.0,station
2026-03-13,30.2,29.8,35.4,35.3,32.3,30.2,29.9,34.9,35.1,32.1,32.6,2.68,0.16,71,17,16.2,23.37,2.4,0.9453,0.3261,31.6,32.0,32.0,station
2026-03-14,31.5,30.2,35.5,35.0,32.6,31.7,30.2,35.0,34.7,32.3,32.96,2.26,0.18,70,22,20.0,22.98,0.4,0.9508,0.3098,32.2,33.0,33.0,station
2026-03-15,30.6,30.0,32.9,33.9,32.6,30.5,29.9,34.9,33.4,32.5,32.0,1.64,-0.24,72,18,16.3,23.15,2.2,0.956,0.2934,31.7,33.0,33.0,station
2026-03-16,30.6,30.3,35.3,33.5,31.4,30.9,30.2,35.2,34.0,31.3,32.22,2.13,-0.1,72,66,20.1,24.06,0.0,0.9609,0.2769,31.9,33.0,33.0,station
2026-03-17,31.6,30.5,35.1,33.7,31.6,31.6,30.6,35.8,34.0,31.9,32.5,1.86,-0.28,72,23,18.3,24.03,0.5,0.9655,0.2604,32.2,34.0,34.0,station
2026-03-18,30.0,29.0,34.8,32.0,30.8,30.4,29.6,34.4,33.2,31.2,31.32,2.23,-0.44,74,19,13.5,23.01,0.9,0.9698,0.2437,31.6,32.0,32.0,station
2026-03-19,30.9,30.3,35.4,33.5,30.5,31.1,30.4,35.3,33.5,31.4,32.12,2.24,-0.22,73,68,20.0,24.11,0.3,0.9739,0.227,32.0,32.0,32.0,station
2026-03-20,29.6,28.0,31.7,28.2,29.9,28.2,26.9,32.7,27.9,30.0,29.48,1.5,0.34,81,73,23.0,17.77,5.0,0.9777,0.2102,29.9,30.0,30.0,station
2026-03-21,29.9,29.4,33.8,31.6,30.5,31.4,29.3,33.5,31.6,30.3,31.04,1.75,-0.18,68,40,22.2,23.86,0.3,0.9811,0.1934,31.7,32.0,32.0,station
2026-03-22,31.0,29.7,35.6,32.7,31.0,29.8,29.7,36.5,32.0,30.5,32.0,2.28,0.3,69,25,20.1,22.9,1.1,0.9843,0.1765,32.3,34.0,34.0,station
2026-03-23,30.4,29.5,34.4,31.7,31.2,29.5,29.4,31.7,31.5,31.4,31.44,1.85,0.74,73,35,24.6,22.86,0.2,0.9872,0.1595,31.0,31.0,31.0,station
2026-03-24,30.3,29.6,35.0,32.1,31.7,31.1,29.7,33.9,32.8,32.1,31.74,2.09,-0.18,72,35,16.9,22.81,3.9,0.9898,0.1425,31.9,32.0,32.0,station
2026-03-25,30.0,29.9,34.9,32.3,31.3,30.8,29.9,36.0,32.2,31.9,31.68,2.05,-0.48,71,27,19.9,23.77,2.3,0.9921,0.1255,31.7,34.0,34.0,station
2026-03-26,31.4,30.2,35.4,34.5,31.6,31.4,30.4,33.0,33.2,31.7,32.62,2.22,0.68,70,15,18.9,23.91,3.8,0.9941,0.1084,32.8,34.0,34.0,station
2026-03-27,30.0,30.4,37.2,35.0,31.1,31.3,30.3,36.9,35.1,31.1,32.74,3.19,-0.2,69,49,15.5,24.22,0.0,0.9958,0.0913,32.8,34.0,34.0,station
2026-03-28,29.9,29.8,37.4,33.6,30.8,29.8,30.1,32.9,34.3,31.2,32.3,3.24,0.64,74,50,17.3,23.27,1.2,0.9972,0.0741,31.6,34.0,34.0,station
2026-03-29,30.9,30.1,36.0,32.6,31.6,30.8,30.3,36.0,33.4,31.7,32.24,2.29,-0.2,70,38,20.2,23.62,1.8,0.9984,0.057,32.4,33.0,33.0,station
2026-03-30,30.2,30.0,34.1,33.4,30.9,30.2,30.2,35.1,32.9,31.4,31.72,1.9,-0.24,68,44,17.0,23.57,2.5,0.9992,0.0398,32.7,34.0,34.0,station
2026-03-31,29.6,29.6,33.4,34.1,29.8,30.0,29.9,33.0,33.3,29.9,31.3,2.25,0.08,74,26,15.2,21.82,3.3,0.9997,0.0226,31.1,34.0,34.0,station
2026-04-01,30.0,29.4,31.4,32.2,30.5,29.9,29.5,33.4,33.1,29.7,30.7,1.11,-0.42,75,57,14.2,21.79,4.8,1.0,0.0054,31.0,32.0,32.0,station
2026-04-02,28.7,29.3,33.7,33.7,30.9,28.8,29.2,34.7,32.9,30.8,31.26,2.37,-0.02,76,96,13.2,17.19,0.7,0.9999,-0.0118,30.9,31.0,31.0,station
2026-04-03,30.3,29.9,34.5,34.7,30.9,29.1,29.7,34.0,34.2,30.9,32.06,2.35,0.48,75,72,14.5,18.58,2.6,0.9996,-0.029,31.2,33.0,33.0,station
2026-04-04,30.7,30.5,33.7,34.8,32.4,29.9,30.4,33.7,34.8,31.6,32.42,1.87,0.34,74,71,19.0,20.33,1.0,0.9989,-0.0462,31.3,33.0,33.0,station
2026-04-05,29.7,30.1,36.0,33.0,31.5,29.7,30.6,36.5,33.6,32.4,32.06,2.56,-0.5,73,85,21.2,23.25,1.4,0.998,-0.0634,31.9,33.0,33.0,station
2026-04-06,30.8,29.9,34.8,32.5,29.3,30.7,30.2,33.0,31.9,31.2,31.46,2.22,0.06,74,95,21.3,23.6,0.8,0.9968,-0.0805,32.7,33.0,33.0,station
2026-04-07,30.0,29.6,35.8,32.7,30.0,30.1,30.1,33.8,32.5,30.6,31.62,2.64,0.2,77,56,22.0,23.45,1.4,0.9952,-0.0977,32.2,33.0,33.0,station
2026-04-08,30.2,29.6,34.0,33.2,31.9,29.7,30.0,33.7,32.2,31.2,31.78,1.88,0.42,76,93,21.4,21.58,2.2,0.9934,-0.1148,32.5,33.0,33.0,station
2026-04-09,31.6,30.5,35.0,33.8,32.9,30.6,29.9,35.4,32.5,32.2,32.76,1.77,0.64,75,79,21.2,22.59,0.3,0.9913,-0.1319,33.0,35.0,35.0,station
2026-04-10,30.5,29.9,33.9,,32.0,30.3,30.1,32.0,33.9,30.6,31.57,1.78,0.19,76,68,20.2,22.01,0.7,0.9889,-0.1489,32.7,34.0,34.0,station
2026-04-11,29.4,29.1,33.1,,31.3,30.2,30.5,32.0,32.2,31.3,30.73,1.86,-0.51,79,99,18.0,16.15,3.5,0.9861,-0.1659,32.1,32.0,32.0,station
2026-04-12,30.5,29.7,32.7,,31.0,30.0,30.3,32.7,33.4,31.7,30.98,1.27,-0.64,78,94,17.2,19.36,4.7,0.9831,-0.1828,31.9,33.0,33.0,station
2026-04-13,31.1,30.3,35.8,34.3,31.5,32.1,30.6,34.8,33.4,32.3,32.6,2.34,-0.04,72,94,22.1,23.07,0.9,0.9799,-0.1997,32.0,33.0,33.0,station
2026-04-14,32.5,30.9,37.1,34.9,32.5,32.2,30.6,37.1,35.6,31.8,33.58,2.43,0.12,68,66,20.7,23.99,0.0,0.9763,-0.2165,33.1,33.0,33.0,station
2026-04-15,30.6,30.7,35.8,34.5,33.1,31.0,30.5,34.1,34.3,32.6,32.94,2.3,0.44,69,47,18.9,23.9,1.1,0.9724,-0.2333,32.9,34.0,34.0,station
2026-04-16,30.5,30.0,34.5,34.2,32.5,30.9,30.5,35.8,32.4,32.7,32.34,2.06,-0.12,68,45,18.2,23.28,2.3,0.9683,-0.25,32.1,33.0,33.0,station
2026-04-17,31.5,30.7,36.7,33.8,32.7,30.9,30.7,36.9,34.1,31.9,33.08,2.34,0.18,65,40,16.4,24.94,0.6,0.9638,-0.2666,33.1,33.0,33.0,station
2026-04-18,31.3,30.7,36.3,34.0,31.8,31.0,30.7,34.8,34.6,32.2,32.82,2.31,0.16,70,43,17.5,23.94,1.1,0.9591,-0.2831,32.0,33.0,33.0,station
2026-04-19,30.6,30.8,36.4,34.6,32.2,31.1,30.9,35.7,34.0,32.1,32.92,2.52,0.16,70,13,19.9,23.9,0.6,0.9541,-0.2996,32.5,33.0,33.0,station
2026-04-20,30.7,30.5,35.8,33.2,31.6,31.3,30.5,35.2,32.7,30.9,32.36,2.2,0.24,71,42,18.3,23.93,1.1,0.9488,-0.316,31.7,33.0,33.0,station
2026-04-21,29.7,30.1,34.8,33.2,30.8,29.3,30.0,35.0,33.6,31.1,31.72,2.19,-0.08,71,49,15.2,23.66,1.2,0.9432,-0.3322,32.4,32.0,32.0,station
2026-04-22,29.2,29.3,34.7,31.9,31.6,29.5,29.7,35.2,32.2,31.5,31.34,2.26,-0.28,77,62,15.6,22.01,3.4,0.9373,-0.3484,30.8,32.0,32.0,station
2026-04-23,29.2,29.2,33.7,32.9,29.9,29.4,29.2,33.6,32.8,30.8,30.98,2.16,-0.18,76,69,14.4,23.52,0.5,0.9312,-0.3645,31.1,33.0,33.0,station
2026-04-24,29.0,29.5,31.7,30.6,29.8,28.2,29.0,31.5,31.0,29.2,30.12,1.06,0.34,77,58,14.9,24.21,0.0,0.9248,-0.3804,30.5,31.0,31.0,station
2026-04-25,29.1,29.5,31.4,30.8,30.0,29.4,29.5,31.6,30.9,29.9,30.16,0.94,-0.1,79,63,12.2,23.49,0.3,0.9181,-0.3963,30.0,30.0,30.0,station
2026-04-26,29.8,29.9,32.0,31.7,31.2,29.9,30.0,31.2,31.7,30.6,30.92,1.02,0.24,77,52,11.1,23.89,1.7,0.9112,-0.412,31.0,31.0,31.0,station
2026-04-27,30.6,31.1,33.7,33.6,31.3,30.6,30.8,33.5,34.5,31.2,32.06,1.47,-0.06,71,45,13.3,24.34,0.4,0.9039,-0.4276,32.6,33.0,33.0,station
2026-04-28,31.7,31.0,36.1,33.0,33.4,31.9,31.4,36.6,33.5,33.3,33.04,1.97,-0.3,70,19,17.1,23.99,2.5,0.8965,-0.4431,33.6,33.0,33.0,station
2026-04-29,31.1,29.9,33.9,31.2,31.6,30.2,29.8,34.1,31.6,32.3,31.54,1.46,-0.06,80,71,19.6,22.32,5.0,0.8887,-0.4585,32.2,33.0,33.0,station
2026-04-30,29.8,29.5,33.4,32.2,31.2,30.0,29.7,32.7,32.2,31.0,31.22,1.63,0.1,85,92,18.4,16.66,8.7,0.8807,-0.4737,31.1,32.0,32.0,station
2026-05-01,29.7,29.6,32.4,31.2,30.4,29.1,30.4,31.9,32.0,31.0,30.66,1.17,-0.22,86,100,18.0,16.21,18.5,0.8724,-0.4888,31.3,33.0,33.0,station
2026-05-02,28.8,28.8,30.7,30.8,29.5,29.5,28.5,31.7,30.1,28.3,29.72,0.98,0.1,94,100,12.5,8.23,39.1,0.8639,-0.5037,28.0,30.0,30.0,station
2026-05-03,29.6,28.6,29.1,31.2,28.3,29.2,28.3,27.3,29.0,27.3,29.36,1.14,1.14,89,89,11.2,17.98,5.3,0.8551,-0.5185,30.0,31.0,31.0,station
2026-05-04,29.2,29.7,30.5,31.6,28.7,29.6,29.7,32.3,31.3,27.5,29.94,1.14,-0.14,86,96,15.5,19.09,7.3,0.846,-0.5331,30.4,32.0,32.0,station
2026-05-05,28.4,29.3,33.1,31.3,29.9,28.0,29.3,29.3,31.6,29.3,30.4,1.84,0.9,88,99,12.6,16.24,8.4,0.8367,-0.5476,30.8,31.0,31.0,station
2026-05-06,29.7,30.3,31.0,32.7,29.9,28.1,30.3,30.1,32.7,30.1,30.72,1.21,0.46,86,100,13.6,19.54,3.8,0.8272,-0.5619,31.5,32.0,32.0,station
2026-05-07,30.2,30.9,34.0,31.6,30.4,28.9,30.7,31.8,32.7,29.6,31.42,1.54,0.68,81,99,14.8,19.1,3.7,0.8174,-0.5761,31.7,33.0,33.0,station
2026-05-08,31.6,31.8,33.1,33.3,33.4,31.1,31.5,33.8,33.9,32.5,32.64,0.87,0.08,78,78,19.0,23.42,0.7,0.8074,-0.59,33.1,34.0,34.0,station
2026-05-09,33.1,32.0,33.6,35.5,33.5,31.8,31.8,33.1,35.6,33.0,33.54,1.27,0.48,75,55,20.2,24.38,0.9,0.7971,-0.6038,33.8,35.0,35.0,station
2026-05-10,32.1,31.2,33.4,33.5,32.8,31.4,31.2,35.1,32.5,33.5,32.6,0.96,-0.14,73,76,19.9,23.03,2.1,0.7866,-0.6175,32.6,34.0,34.0,station
2026-05-11,30.5,30.1,31.9,30.7,32.6,29.8,29.7,30.5,30.4,32.9,31.16,1.05,0.5,79,96,16.0,14.37,12.5,0.7759,-0.6309,31.5,32.0,32.0,station
2026-05-12,30.8,30.2,31.7,32.9,31.1,29.2,29.9,30.7,31.6,31.4,31.34,1.03,0.78,89,92,13.0,18.18,10.8,0.7649,-0.6442,29.9,33.0,33.0,station
2026-05-13,31.8,30.7,33.3,33.1,31.7,30.4,30.6,31.8,32.3,30.3,32.12,1.08,1.04,81,65,15.1,22.31,2.0,0.7537,-0.6572,32.5,33.0,33.0,station
2026-05-14,30.9,30.8,32.1,31.8,32.8,30.7,30.8,31.5,32.6,32.2,31.68,0.84,0.12,79,47,20.8,23.24,3.1,0.7423,-0.6701,33.3,33.0,33.0,station
2026-05-15,31.3,30.4,33.8,31.7,32.3,30.4,30.6,32.4,31.8,32.7,31.9,1.27,0.32,81,80,17.3,19.54,1.4,0.7306,-0.6828,31.4,34.0,34.0,station
2026-05-16,31.1,31.4,33.0,31.5,32.5,31.2,31.1,33.5,32.2,32.5,31.9,0.81,-0.2,80,88,17.6,17.58,1.0,0.7188,-0.6952,31.9,33.0,33.0,station
2026-05-17,30.8,31.3,31.9,32.9,33.1,29.2,31.3,31.1,33.0,31.5,32.0,0.99,0.78,84,80,20.7,22.36,5.5,0.7067,-0.7075,33.4,35.0,35.0,station
2026-05-18,30.6,30.4,33.0,32.6,29.4,30.2,30.2,31.3,33.0,29.1,31.2,1.54,0.44,85,95,16.3,17.46,6.4,0.6945,-0.7195,31.3,32.0,32.0,station
2026-05-19,31.9,32.2,33.5,34.7,32.3,31.8,32.0,31.9,33.3,31.7,32.92,1.17,0.78,81,95,17.7,20.84,0.9,0.682,-0.7314,33.8,34.0,34.0,station
2026-05-20,33.0,32.4,31.9,34.7,32.2,31.7,32.1,32.1,32.6,31.9,32.84,1.11,0.76,75,64,21.3,22.31,0.5,0.6693,-0.743,33.7,33.0,33.0,station
2026-05-21,31.9,31.3,31.5,33.8,30.8,31.0,31.1,30.4,33.4,31.5,31.86,1.15,0.38,79,97,20.8,21.29,2.8,0.6564,-0.7544,32.1,33.0,33.0,station
2026-05-22,32.3,31.0,30.6,33.2,31.1,28.8,30.0,32.3,31.9,31.1,31.64,1.08,0.82,84,89,20.6,19.57,4.3,0.6433,-0.7656,31.2,31.0,31.0,station
2026-05-23,31.4,30.9,30.8,32.6,33.2,28.9,30.1,34.5,32.8,31.3,31.78,1.07,0.26,79,88,17.7,22.08,1.2,0.6301,-0.7765,33.3,33.0,33.0,station
2026-05-24,31.8,31.7,33.0,33.9,32.6,29.2,30.9,30.3,31.7,32.5,32.6,0.91,1.68,81,64,17.7,21.01,5.7,0.6166,-0.7873,32.5,32.0,32.0,station
2026-05-25,31.5,31.1,32.7,32.0,32.5,30.6,31.1,31.4,32.3,32.6,31.96,0.67,0.36,82,65,19.2,22.64,18.9,0.603,-0.7978,32.8,33.0,33.0,station
2026-05-26,29.3,29.4,30.8,32.5,27.7,29.1,28.7,31.7,32.2,27.2,29.94,1.8,0.16,88,98,16.9,11.74,3.7,0.5892,-0.808,30.4,30.0,30.0,station
2026-05-27,29.9,30.3,27.6,33.2,30.8,31.2,30.4,32.5,33.7,30.9,30.36,2.01,-1.38,84,84,17.0,19.81,1.6,0.5752,-0.818,31.7,33.0,33.0,station
2026-05-28,29.5,29.7,30.5,31.8,30.1,30.1,28.9,32.0,31.0,30.1,30.32,0.91,-0.1,94,100,19.0,13.32,30.4,0.561,-0.8278,29.5,31.0,31.0,station
2026-05-29,30.3,28.3,29.4,30.9,29.6,28.7,27.7,29.5,30.4,26.2,29.7,0.98,1.2,96,100,15.6,7.2,29.8,0.5467,-0.8373,27.5,30.0,30.0,station
2026-05-30,29.6,29.9,30.9,32.0,29.4,28.0,29.2,29.9,30.8,29.2,30.36,1.08,0.94,87,89,10.3,18.1,0.6,0.5322,-0.8466,30.3,31.0,31.0,station
2026-05-31,30.6,29.9,30.0,32.8,32.3,30.4,30.2,31.3,31.5,31.2,31.12,1.34,0.2,83,80,16.2,17.21,0.3,0.5176,-0.8556,32.0,32.0,32.0,station
2026-06-01,30.1,30.8,31.3,31.7,32.5,29.3,30.7,33.3,33.0,30.6,31.28,0.91,-0.1,81,60,17.8,21.54,0.9,0.5028,-0.8644,32.9,34.0,34.0,station
2026-06-02,30.4,29.8,32.7,32.1,32.4,27.6,29.5,30.6,32.0,30.0,31.48,1.29,1.54,83,89,17.1,20.75,1.1,0.4878,-0.8729,32.4,33.0,33.0,station
2026-06-03,28.9,28.9,29.6,32.2,29.1,28.2,28.6,30.9,32.8,27.3,29.74,1.4,0.18,92,96,11.2,10.82,12.9,0.4728,-0.8812,29.7,30.0,30.0,station
2026-06-04,28.4,29.0,30.5,29.8,30.4,28.3,28.1,27.5,30.8,27.2,29.62,0.91,1.24,86,86,11.8,18.89,1.6,0.4575,-0.8892,30.0,31.0,31.0,station
2026-06-05,28.7,29.2,30.2,30.7,28.9,27.8,28.2,30.1,31.0,28.7,29.54,0.87,0.38,87,99,10.4,13.22,7.6,0.4422,-0.8969,29.2,31.0,31.0,station
2026-06-06,27.4,27.6,29.7,29.2,,28.7,27.9,29.6,30.2,28.3,28.48,1.15,-0.46,93,100,14.3,9.29,29.4,0.4267,-0.9044,26.6,30.0,30.0,station
2026-06-07,27.4,28.0,26.7,28.0,,27.6,27.8,29.3,29.1,28.8,27.52,0.62,-1.0,89,100,19.0,10.22,19.7,0.4111,-0.9116,27.9,28.0,28.0,station
2026-06-08,27.4,28.5,28.6,29.2,,28.0,28.6,28.6,28.6,28.7,28.43,0.75,-0.07,82,100,23.3,10.38,3.7,0.3953,-0.9185,27.9,29.0,29.0,station
2026-06-09,28.9,29.6,30.2,30.9,,28.7,29.5,28.4,30.9,30.3,29.9,0.85,0.34,78,61,13.3,23.87,0.0,0.3795,-0.9252,29.3,30.0,30.0,station
2026-06-10,29.7,29.8,31.0,30.9,30.7,29.5,29.8,30.8,31.4,31.8,30.42,0.62,-0.24,82,30,10.2,25.06,0.2,0.3635,-0.9316,30.0,31.0,31.0,station
2026-06-11,30.7,31.0,32.1,32.6,32.7,30.5,31.0,31.9,32.7,32.5,31.82,0.92,0.1,83,71,10.4,20.02,2.7,0.3474,-0.9377,31.1,32.0,32.0,station
2026-06-12,31.8,32.0,33.6,34.3,34.8,31.5,31.9,33.7,33.4,32.6,33.3,1.35,0.68,79,37,22.0,23.91,1.1,0.3312,-0.9436,32.9,33.0,33.0,station
2026-06-13,29.4,30.6,34.7,31.9,33.3,32.1,30.3,32.3,31.4,31.6,31.98,2.1,0.44,86,88,18.6,17.18,7.5,0.3149,-0.9491,32.0,33.0,33.0,station
2026-06-14,30.5,29.7,31.2,31.4,30.9,30.5,29.2,29.7,30.2,28.8,30.74,0.67,1.06,90,89,18.2,15.27,16.3,0.2986,-0.9544,31.3,31.0,31.0,station
2026-06-15,29.7,28.4,29.9,31.7,29.4,29.6,29.0,29.5,31.0,30.0,29.82,1.2,0.0,91,99,17.1,14.12,18.0,0.2821,-0.9594,29.2,31.0,31.0,station
2026-06-16,27.7,28.2,29.6,30.7,28.4,28.0,28.2,28.1,31.2,28.8,28.92,1.22,0.06,89,91,13.7,20.17,14.4,0.2656,-0.9641,30.9,31.0,31.0,station
2026-06-17,29.0,27.6,26.7,31.2,26.1,29.7,27.9,25.4,31.8,26.9,28.12,2.04,-0.22,95,93,13.2,10.26,18.1,0.2489,-0.9685,26.0,27.0,27.0,station
2026-06-18,29.2,28.7,31.0,31.3,29.5,28.9,28.9,30.9,31.4,29.5,29.94,1.15,0.02,85,84,14.8,19.48,2.2,0.2322,-0.9727,30.3,31.0,31.0,station
2026-06-19,31.3,30.1,30.3,32.2,31.2,29.6,29.1,31.3,31.8,31.2,31.02,0.85,0.42,82,79,16.2,22.61,3.3,0.2155,-0.9765,31.4,32.0,32.0,station
2026-06-20,28.2,28.4,33.0,32.1,29.9,31.5,28.9,31.3,31.3,30.7,30.32,2.16,-0.42,88,81,17.8,18.56,14.9,0.1986,-0.9801,30.7,33.0,33.0,station
2026-06-21,29.1,29.2,30.6,31.6,30.9,28.4,28.8,30.6,31.0,28.9,30.28,1.09,0.74,88,87,14.4,20.01,2.6,0.1818,-0.9833,30.7,32.0,32.0,station
2026-06-22,29.7,29.5,31.3,31.4,29.0,28.5,28.9,31.9,31.0,27.7,30.18,1.1,0.58,90,93,17.8,16.7,7.5,0.1648,-0.9863,28.8,30.0,30.0,station
2026-06-23,29.9,28.5,29.7,30.2,29.1,29.5,28.6,29.7,29.1,28.8,29.48,0.68,0.34,88,94,18.8,12.48,5.8,0.1478,-0.989,29.8,30.0,30.0,station
2026-06-24,31.1,31.1,31.4,32.6,32.8,30.3,31.3,28.7,32.9,32.0,31.8,0.83,0.76,80,54,16.8,23.55,3.8,0.1308,-0.9914,31.1,33.0,33.0,station
2026-06-25,30.4,31.2,32.1,32.8,33.2,30.2,30.9,31.2,32.3,32.6,31.94,1.15,0.5,80,68,15.7,21.65,2.5,0.1137,-0.9935,32.4,32.0,32.0,station
2026-06-26,29.8,29.9,30.8,31.5,32.4,30.0,29.8,30.6,32.3,32.4,30.88,1.1,-0.14,87,91,16.2,14.03,4.4,0.0966,-0.9953,29.8,30.0,30.0,station
2026-06-27,33.0,31.9,33.2,34.4,34.0,32.9,32.0,31.8,34.3,34.4,33.3,0.97,0.22,77,29,20.1,24.53,1.0,0.0795,-0.9968,34.3,35.0,35.0,station
2026-06-28,32.1,31.8,32.0,33.8,32.7,31.7,31.6,31.5,34.0,32.3,32.48,0.81,0.26,77,12,22.4,24.53,1.8,0.0623,-0.9981,32.4,33.0,33.0,station
2026-06-29,31.8,31.5,32.2,33.1,33.0,31.7,31.7,31.7,34.1,32.8,32.32,0.71,-0.08,78,48,21.9,23.49,1.7,0.0451,-0.999,32.9,34.0,34.0,station
2026-06-30,32.8,32.1,33.2,33.3,33.6,32.4,32.0,32.2,34.0,32.1,33.0,0.58,0.46,79,22,22.5,24.25,0.9,0.028,-0.9996,33.2,35.0,35.0,station
2026-07-01,30.1,31.1,34.8,32.4,33.1,29.0,30.6,31.2,32.2,33.2,32.3,1.82,1.06,83,67,18.0,18.72,3.4,0.0108,-0.9999,32.3,34.0,34.0,station
2026-07-02,30.3,30.7,32.8,33.3,33.3,30.5,30.6,30.9,32.4,31.6,32.08,1.46,0.88,89,89,16.8,18.78,16.2,-0.0065,-1.0,32.0,34.0,34.0,station
2026-07-03,28.7,29.0,28.6,29.7,30.9,28.7,28.7,29.6,30.6,28.2,29.38,0.95,0.22,94,99,14.8,10.51,6.6,-0.0237,-0.9997,29.1,32.0,32.0,station
2026-07-04,28.6,27.9,25.8,29.7,27.5,29.5,28.4,26.6,31.1,27.4,27.9,1.44,-0.7,93,100,15.1,5.32,45.3,-0.0408,-0.9992,26.6,27.0,27.0,station
2026-07-05,30.9,29.9,32.2,31.5,31.0,30.5,29.9,31.1,32.6,31.4,31.1,0.85,0.0,81,84,21.7,20.68,0.9,-0.058,-0.9983,30.8,32.0,32.0,station
2026-07-06,30.5,30.9,30.9,32.3,33.6,31.2,31.0,32.5,34.1,31.2,31.64,1.29,-0.36,82,95,18.7,18.33,2.0,-0.0752,-0.9972,31.6,33.0,33.0,station
2026-07-07,33.2,32.2,33.7,35.9,34.9,32.2,32.1,33.1,35.6,34.5,33.98,1.45,0.48,78,54,23.5,23.24,1.2,-0.0923,-0.9957,33.2,34.0,34.0,station
2026-07-08,31.3,31.7,32.3,34.5,34.8,31.6,31.8,33.6,33.4,34.7,32.92,1.62,-0.1,82,43,22.7,22.23,3.6,-0.1094,-0.994,32.8,35.0,35.0,station
2026-07-09,30.8,30.7,30.4,32.6,34.7,30.3,30.7,30.7,32.1,33.4,31.84,1.82,0.4,88,81,14.1,18.73,5.8,-0.1265,-0.992,31.8,33.0,33.0,station
2026-07-10,30.0,29.5,30.2,30.4,30.0,29.6,29.0,30.3,31.6,26.9,30.02,0.33,0.54,88,99,14.9,14.47,4.5,-0.1436,-0.9896,30.9,30.0,30.0,station
2026-07-11,28.5,30.5,31.7,32.0,32.2,29.2,30.3,31.6,31.5,30.0,30.98,1.54,0.46,91,99,13.8,14.42,9.4,-0.1606,-0.987,30.1,32.0,32.0,station
2026-07-12,28.6,28.7,29.7,30.7,30.6,29.0,29.2,29.0,30.2,28.5,29.66,1.0,0.48,92,98,13.8,16.37,12.2,-0.1775,-0.9841,31.4,31.0,31.0,station
2026-07-13,30.1,29.2,26.1,31.3,28.4,28.9,29.2,27.0,30.0,29.5,29.02,1.96,0.1,89,100,16.9,8.01,6.6,-0.1944,-0.9809,28.3,29.0,29.0,station
2026-07-14,32.1,30.8,30.4,33.7,33.0,31.9,30.9,30.1,33.2,31.9,32.0,1.41,0.4,79,43,21.0,23.54,2.2,-0.2113,-0.9774,33.1,33.0,33.0,station
2026-07-15,31.0,31.5,31.5,33.4,33.8,31.1,31.1,30.9,34.1,34.3,32.24,1.27,-0.06,83,38,17.8,22.36,1.2,-0.2281,-0.9736,32.4,34.0,34.0,station
2026-07-16,32.3,32.2,33.2,32.8,34.4,31.0,32.1,30.7,32.7,34.0,32.98,0.89,0.88,81,72,19.6,20.03,0.9,-0.2448,-0.9696,33.0,34.0,34.0,station
2026-07-17,32.3,32.5,32.4,33.5,34.0,30.8,32.4,31.4,34.0,34.0,32.94,0.76,0.42,77,84,22.5,24.26,0.5,-0.2614,-0.9652,33.7,34.0,34.0,station
2026-07-18,31.1,32.0,31.3,32.8,33.0,32.2,31.9,31.1,34.0,32.8,32.04,0.86,-0.36,80,76,19.0,22.68,1.6,-0.278,-0.9606,33.4,33.0,33.0,station
2026-07-19,29.2,28.6,30.5,31.1,30.7,30.5,29.1,31.0,30.5,32.9,30.02,1.07,-0.78,91,98,15.9,13.29,14.5,-0.2945,-0.9557,30.3,32.0,32.0,station
2026-07-20,28.1,27.8,25.2,30.4,29.2,28.1,27.6,29.0,29.9,26.7,28.14,1.94,-0.12,93,99,15.4,10.78,18.7,-0.3109,-0.9505,27.9,29.0,29.0,station
2026-07-21,30.4,29.7,29.5,32.2,30.4,28.7,29.3,28.7,30.3,29.4,30.44,1.06,1.16,86,59,19.0,21.68,3.5,-0.3272,-0.945,31.3,32.0,32.0,station
2026-07-22,28.4,28.6,29.0,31.2,30.1,28.4,29.0,29.6,30.0,27.7,29.46,1.17,0.52,91,84,13.8,16.05,23.7,-0.3434,-0.9392,29.6,30.0,30.0,station
2026-07-23,28.6,27.5,26.6,30.4,27.1,27.5,27.7,29.3,29.5,26.8,28.04,1.51,-0.12,97,99,14.2,4.89,81.6,-0.3595,-0.9332,25.3,29.0,29.0,station
2026-07-24,29.7,29.4,27.6,30.8,30.1,28.7,28.7,28.5,29.7,30.0,29.52,1.19,0.4,86,90,15.5,15.66,6.7,-0.3755,-0.9268,29.5,30.0,30.0,station
2026-07-25,30.2,30.3,29.9,32.2,31.6,30.8,30.8,31.4,32.1,31.2,30.84,1.0,-0.42,82,61,22.1,21.93,2.4,-0.3914,-0.9202,30.6,33.0,33.0,station
2026-07-26,29.9,30.0,31.4,32.2,31.5,28.5,30.0,29.6,31.5,31.6,31.0,1.01,0.76,80,81,15.7,21.54,1.0,-0.4071,-0.9134,32.0,32.0,32.0,station
2026-07-27,28.1,29.0,29.0,30.2,28.2,29.6,28.9,30.1,30.5,27.4,28.9,0.84,-0.4,87,94,16.4,16.11,4.7,-0.4228,-0.9062,29.8,32.0,32.0,station
2026-07-28,31.0,30.0,33.3,32.6,30.2,30.9,30.3,32.5,32.7,30.4,31.42,1.47,0.06,81,56,17.8,24.07,1.7,-0.4383,-0.8988,32.2,,,
