datum,p1_ifs,p1_aifs,p1_gfs,p1_icon,p1_gem,p2_ifs,p2_aifs,p2_gfs,p2_icon,p2_gem,mm_gem,mm_spreiding,run2run,rh_gem,bewolking_gem,wind_max,instraling_som,neerslag_som,doy_sin,doy_cos,era5_max,station_max,doel,doelbron
2023-11-01,,,13.3,,,,,13.7,,,,,,89,89,31.5,2.67,5.5,-0.8606,0.5093,14.3,14.0,14.0,station
2023-11-02,,,12.7,,,,,12.0,,,,,,80,96,50.1,2.49,8.2,-0.8517,0.524,12.5,12.0,12.0,station
2023-11-03,,,11.4,,,,,9.7,,,,,,84,82,39.6,4.87,19.2,-0.8426,0.5386,11.4,12.0,12.0,station
2023-11-04,,,10.5,,,,,10.3,,,,,,86,75,31.4,2.61,4.3,-0.8332,0.553,10.1,10.0,10.0,station
2023-11-05,,,11.5,,,,,11.2,,,,,,87,79,38.4,3.92,4.4,-0.8235,0.5672,11.7,12.0,12.0,station
2023-11-06,,,10.5,,,,,11.6,,,,,,84,76,31.1,4.05,1.5,-0.8137,0.5813,11.3,12.0,12.0,station
2023-11-07,,,11.6,,,,,11.5,,,,,,86,70,24.0,5.46,3.2,-0.8035,0.5952,11.3,12.0,12.0,station
2023-11-08,,,10.7,,,,,10.6,,,,,,88,92,33.2,2.87,6.3,-0.7932,0.609,10.6,11.0,11.0,station
2023-11-09,,,10.6,,,,,10.2,,,,,,89,100,28.6,3.85,11.9,-0.7826,0.6225,10.9,11.0,11.0,station
2023-11-10,,,9.3,,,,,8.4,,,,,,89,97,24.7,2.15,5.8,-0.7718,0.6359,9.1,8.0,8.0,station
2023-11-11,,,10.3,,,,,10.6,,,,,,83,60,18.7,4.82,0.9,-0.7607,0.6491,10.1,11.0,11.0,station
2023-11-12,,,9.2,,,,,8.7,,,,,,91,73,11.8,5.02,0.0,-0.7494,0.6621,9.5,10.0,10.0,station
2023-11-13,,,14.1,,,,,14.0,,,,,,87,70,38.2,1.63,9.3,-0.7379,0.6749,14.9,15.0,15.0,station
2023-11-14,,,12.3,,,,,12.6,,,,,,82,62,40.0,3.5,10.2,-0.7262,0.6875,12.8,14.0,14.0,station
2023-11-15,,,11.5,,,,,11.3,,,,,,83,61,27.2,4.46,4.3,-0.7143,0.6998,11.6,12.0,12.0,station
2023-11-16,,,9.6,,,,,10.4,,,,,,90,92,24.1,2.75,7.2,-0.7021,0.712,9.5,9.0,9.0,station
2023-11-17,,,8.1,,,,,8.2,,,,,,93,88,10.9,2.88,1.7,-0.6898,0.724,9.2,9.0,9.0,station
2023-11-18,,,12.8,,,,,11.3,,,,,,93,100,29.8,0.57,9.8,-0.6772,0.7358,13.4,14.0,14.0,station
2023-11-19,,,13.1,,,,,13.0,,,,,,85,56,32.7,4.38,5.5,-0.6645,0.7473,13.4,14.0,14.0,station
2023-11-20,,,12.3,,,,,12.0,,,,,,88,61,28.2,4.46,2.5,-0.6515,0.7586,12.1,13.0,13.0,station
2023-11-21,,,10.0,,,,,10.4,,,,,,92,65,18.7,1.89,0.5,-0.6384,0.7697,10.2,10.0,10.0,station
2023-11-22,,,10.3,,,,,10.3,,,,,,91,83,22.9,2.12,0.3,-0.625,0.7806,10.5,11.0,11.0,station
2023-11-23,,,13.1,,,,,12.9,,,,,,84,79,37.2,1.7,0.9,-0.6115,0.7912,13.0,14.0,14.0,station
2023-11-24,,,10.3,,,,,10.3,,,,,,68,60,38.5,3.59,1.7,-0.5978,0.8016,10.4,9.0,9.0,station
2023-11-25,,,8.4,,,,,8.4,,,,,,74,45,29.4,3.4,0.9,-0.584,0.8118,8.6,8.0,8.0,station
2023-11-26,,,8.5,,,,,8.7,,,,,,88,93,17.2,1.48,2.3,-0.5699,0.8217,7.4,8.0,8.0,station
2023-11-27,,,6.5,,,,,8.3,,,,,,94,100,24.7,0.94,17.5,-0.5557,0.8314,6.7,6.0,6.0,station
2023-11-28,,,4.3,,,,,4.0,,,,,,83,57,27.9,4.01,2.5,-0.5413,0.8408,4.4,5.0,5.0,station
2023-11-29,,,5.3,,,,,5.9,,,,,,81,75,25.8,3.24,7.7,-0.5268,0.85,4.6,6.0,6.0,station
2023-11-30,,,4.2,,,,,4.2,,,,,,96,89,7.4,3.22,2.0,-0.5121,0.859,2.5,5.0,5.0,station
2023-12-01,,,2.1,,,,,2.9,,,,,,89,52,13.0,4.03,0.0,-0.4972,0.8676,1.0,2.0,2.0,station
2023-12-02,,,2.8,,,,,3.4,,,,,,91,51,11.5,3.78,1.9,-0.4822,0.8761,3.1,3.0,3.0,station
2023-12-03,,,2.7,,,,,2.1,,,,,,90,70,24.7,1.96,2.6,-0.4671,0.8842,1.4,2.0,2.0,station
2023-12-04,,,2.2,,,,,2.1,,,,,,80,100,22.8,1.31,3.9,-0.4518,0.8921,3.8,3.0,3.0,station
2023-12-05,,,3.5,,,,,4.1,,,,,,93,100,19.1,0.74,0.8,-0.4364,0.8998,2.3,2.0,2.0,station
2023-12-06,,,6.5,,,,,6.7,,,,,,88,51,13.6,3.57,0.1,-0.4208,0.9071,6.1,6.0,6.0,station
2023-12-07,,,4.7,,,,,4.5,,,,,,92,87,23.1,2.92,0.0,-0.4052,0.9142,2.5,3.0,3.0,station
2023-12-08,,,8.6,,,,,8.1,,,,,,92,97,21.9,1.38,2.0,-0.3894,0.9211,8.0,9.0,9.0,station
2023-12-09,,,11.0,,,,,10.7,,,,,,92,87,32.8,0.67,12.3,-0.3735,0.9276,10.5,11.0,11.0,station
2023-12-10,,,11.2,,,,,10.7,,,,,,78,85,45.6,2.55,6.0,-0.3575,0.9339,10.8,11.0,11.0,station
2023-12-11,,,10.1,,,,,10.1,,,,,,84,47,42.7,2.37,2.8,-0.3413,0.9399,9.8,11.0,11.0,station
2023-12-12,,,9.0,,,,,8.3,,,,,,96,84,17.2,1.39,7.5,-0.3251,0.9457,9.6,10.0,10.0,station
2023-12-13,,,9.0,,,,,8.9,,,,,,95,93,17.2,2.11,0.7,-0.3088,0.9511,9.0,9.0,9.0,station
2023-12-14,,,7.2,,,,,7.4,,,,,,89,99,18.2,1.43,0.0,-0.2924,0.9563,6.3,7.0,7.0,station
2023-12-15,,,9.3,,,,,8.8,,,,,,92,84,15.2,3.31,0.6,-0.2759,0.9612,9.5,10.0,10.0,station
2023-12-16,,,10.4,,,,,9.9,,,,,,92,76,22.5,1.08,0.0,-0.2593,0.9658,10.6,11.0,11.0,station
2023-12-17,,,11.1,,,,,10.6,,,,,,84,54,24.7,3.24,0.0,-0.2427,0.9701,10.4,11.0,11.0,station
2023-12-18,,,10.0,,,,,10.3,,,,,,89,89,26.9,1.68,0.0,-0.226,0.9741,10.1,9.0,9.0,station
2023-12-19,,,10.3,,,,,11.0,,,,,,93,99,29.1,0.27,21.7,-0.2092,0.9779,10.5,10.0,10.0,station
2023-12-20,,,9.3,,,,,8.9,,,,,,83,76,33.9,1.74,2.1,-0.1923,0.9813,10.0,10.0,10.0,station
2023-12-21,,,11.4,,,,,10.8,,,,,,81,82,45.8,1.82,9.4,-0.1754,0.9845,11.5,12.0,12.0,station
2023-12-22,,,9.7,,,,,9.1,,,,,,82,89,35.6,1.14,5.9,-0.1585,0.9874,9.5,11.0,11.0,station
2023-12-23,,,10.3,,,,,10.5,,,,,,82,100,35.3,0.6,2.4,-0.1414,0.9899,10.5,11.0,11.0,station
2023-12-24,,,11.9,,,,,11.8,,,,,,89,100,35.5,0.39,8.1,-0.1244,0.9922,12.2,13.0,13.0,station
2023-12-25,,,12.0,,,,,11.8,,,,,,90,100,35.0,1.96,8.8,-0.1073,0.9942,12.0,12.0,12.0,station
2023-12-26,,,11.2,,,,,11.2,,,,,,84,68,32.5,2.97,7.1,-0.0902,0.9959,10.9,11.0,11.0,station
2023-12-27,,,9.6,,,,,9.9,,,,,,89,100,34.0,0.6,4.4,-0.073,0.9973,9.4,10.0,10.0,station
2023-12-28,,,10.8,,,,,10.9,,,,,,75,87,38.5,2.14,2.0,-0.0559,0.9984,11.3,11.0,11.0,station
2023-12-29,,,10.4,,,,,10.5,,,,,,85,93,37.9,2.78,9.6,-0.0387,0.9993,10.7,11.0,11.0,station
2023-12-30,,,,,,,,,,,,,,80,78,29.8,1.83,0.3,-0.0215,0.9998,8.8,10.0,10.0,station
2023-12-31,,,,,,,,,,,,,,80,99,32.8,2.04,5.9,-0.0043,1.0,9.8,,,
2024-01-01,,,,,,,,,,,,,,82,72,33.9,2.85,3.8,0.0172,0.9999,8.5,9.0,9.0,station
2024-01-02,,,,,,,,,,,,,,90,100,53.4,0.98,19.9,0.0344,0.9994,11.9,13.0,13.0,station
2024-01-03,,,,,,,,,,,,,,87,80,46.9,1.37,5.4,0.0516,0.9987,9.8,11.0,11.0,station
2024-01-04,,,,,,,,,,,,,,92,97,17.1,1.56,4.0,0.0688,0.9976,8.8,9.0,9.0,station
2024-01-05,,,,,,,,,,,,,,92,91,22.3,0.7,8.4,0.0859,0.9963,8.2,9.0,9.0,station
2024-01-06,,,,,,,,,,,,,,85,100,19.1,0.99,0.0,0.103,0.9947,5.5,5.0,5.0,station
2024-01-07,,,,,,,,,,,,,,77,69,26.0,3.02,0.6,0.1201,0.9928,1.9,1.0,1.0,station
2024-01-08,,,,,,,,,,,,,,71,61,29.9,2.07,0.0,0.1372,0.9905,0.2,0.0,0.0,station
2024-01-09,,,,,,,,,,,,,,62,0,23.5,4.42,0.0,0.1542,0.988,-1.2,0.0,0.0,station
2024-01-10,,,,,,,,,,,,,,58,0,21.1,4.42,0.0,0.1712,0.9852,-0.5,0.0,0.0,station
2024-01-11,,,,,,,,,,,,,,83,41,11.9,2.91,0.0,0.1881,0.9821,3.1,5.0,5.0,station
2024-01-12,,,,,,,,,,,,,,93,91,13.4,2.34,0.0,0.205,0.9788,6.6,6.0,6.0,station
2024-01-13,,,,,,,,,,,,,,89,100,21.0,1.42,0.4,0.2218,0.9751,5.8,6.0,6.0,station
2024-01-14,,,,,,,,,,,,,,89,90,21.7,2.23,2.7,0.2385,0.9711,5.3,6.0,6.0,station
2024-01-15,,,,,,,,,,,,,,73,58,27.3,3.52,4.6,0.2552,0.9669,3.5,4.0,4.0,station
2024-01-16,,,,,,,,,,,,,,73,85,23.4,3.22,1.4,0.2718,0.9624,3.2,3.0,3.0,station
2024-01-17,,,,,,,,,,,,,,80,96,22.2,2.08,0.0,0.2883,0.9575,0.7,1.0,1.0,station
2024-01-18,,,,,,,,,,,,,,77,17,14.0,4.26,0.0,0.3047,0.9524,3.9,4.0,4.0,station
2024-01-19,,,,,,,,,,,,,,76,22,22.2,4.94,0.7,0.3211,0.9471,5.4,5.0,5.0,station
2024-01-20,,,3.7,2.0,2.4,,,,,,,,,80,75,26.0,3.57,0.0,0.3373,0.9414,2.0,2.0,2.0,station
2024-01-21,,,6.3,5.4,6.7,,,6.4,5.1,6.3,,,,69,100,39.6,1.65,0.2,0.3534,0.9355,6.6,8.0,8.0,station
2024-01-22,,,11.5,10.0,9.1,,,12.0,9.9,9.8,,,,82,57,47.4,4.29,7.5,0.3695,0.9292,11.0,12.0,12.0,station
2024-01-23,,,10.8,10.8,9.4,,,10.9,10.1,10.4,,,,80,61,42.6,3.52,6.2,0.3854,0.9227,11.4,12.0,12.0,station
2024-01-24,,,11.7,11.2,11.1,,,11.6,11.4,10.9,,,,77,82,50.6,4.49,1.0,0.4012,0.916,12.1,13.0,13.0,station
2024-01-25,,,9.1,8.7,8.6,,,9.6,8.6,8.4,,,,89,89,23.9,2.23,0.5,0.4169,0.9089,9.3,10.0,10.0,station
2024-01-26,,,11.5,10.5,10.2,,,10.9,10.4,10.3,,,,83,51,39.4,4.55,3.7,0.4325,0.9016,10.6,12.0,12.0,station
2024-01-27,,,8.1,7.8,7.1,,,7.9,7.1,6.1,,,,89,44,15.0,5.57,0.0,0.4479,0.8941,7.6,8.0,8.0,station
2024-01-28,,,9.1,8.1,6.2,,,8.3,7.1,5.4,,,,77,74,18.7,5.7,0.0,0.4633,0.8862,8.9,9.0,9.0,station
2024-01-29,,,10.0,9.8,9.1,,,10.4,10.2,8.9,,,,88,91,17.0,3.36,0.0,0.4784,0.8781,10.2,11.0,11.0,station
2024-01-30,,,9.4,9.4,9.0,,,10.8,10.9,9.7,,,,89,100,32.1,1.66,1.1,0.4935,0.8698,10.4,11.0,11.0,station
2024-01-31,,,8.5,7.9,8.0,,,8.3,7.8,7.7,,,,82,96,30.6,3.05,0.0,0.5084,0.8611,7.7,9.0,9.0,station
2024-02-01,,,9.0,8.1,8.7,,,8.8,8.2,8.4,,,,87,51,31.2,5.94,4.3,0.5231,0.8523,9.0,9.0,9.0,station
2024-02-02,,,9.7,9.1,9.4,,,9.6,9.4,8.9,,,,87,96,30.2,2.51,0.1,0.5377,0.8432,9.9,10.0,10.0,station
2024-02-03,,,10.6,10.4,10.2,,,10.2,10.3,9.6,,,,89,89,27.1,3.03,0.3,0.5521,0.8338,11.3,12.0,12.0,station
2024-02-04,10.6,,11.1,10.3,9.8,,,11.1,10.3,9.6,10.45,0.54,,90,100,34.7,2.19,4.0,0.5664,0.8242,10.9,11.0,11.0,station
2024-02-05,10.0,,10.2,9.8,9.6,9.7,,11.4,10.0,9.9,9.9,0.26,-0.35,83,78,42.7,4.23,0.0,0.5805,0.8143,10.9,10.0,10.0,station
2024-02-06,10.8,,10.9,10.7,10.2,10.7,,11.4,10.3,10.5,10.65,0.31,-0.07,85,99,39.6,2.7,6.5,0.5944,0.8042,11.2,13.0,13.0,station
2024-02-07,8.7,,6.9,9.5,8.2,9.3,,5.7,9.7,9.1,8.32,1.09,-0.12,81,100,31.0,5.75,11.9,0.6081,0.7938,9.4,7.0,7.0,station
2024-02-08,3.9,,4.6,3.8,4.0,2.9,,4.0,4.5,2.9,4.08,0.36,0.5,95,100,22.8,0.95,8.2,0.6217,0.7833,4.2,5.0,5.0,station
2024-02-09,12.5,,11.0,12.8,10.8,12.6,,11.7,11.6,11.1,11.78,1.02,0.03,88,85,26.9,5.02,8.2,0.6351,0.7725,12.9,12.0,12.0,station
2024-02-10,12.1,,11.7,12.2,11.1,12.0,,11.7,12.2,10.3,11.77,0.5,0.22,91,94,17.5,3.49,0.4,0.6483,0.7614,12.3,12.0,12.0,station
2024-02-11,9.4,,9.5,10.7,9.5,9.9,,9.8,10.2,9.1,9.78,0.62,0.03,93,94,16.3,2.19,7.3,0.6613,0.7502,9.6,10.0,10.0,station
2024-02-12,8.1,,8.4,8.4,6.6,7.8,,8.5,8.1,6.9,7.88,0.86,0.05,89,58,21.3,6.5,0.9,0.6741,0.7387,8.5,9.0,9.0,station
2024-02-13,9.0,,9.5,9.5,7.9,8.4,,9.9,9.0,8.2,8.97,0.75,0.1,86,88,24.7,5.52,2.2,0.6867,0.727,9.2,9.0,9.0,station
2024-02-14,11.3,,11.3,11.4,10.6,11.6,,11.5,11.3,10.3,11.15,0.37,-0.03,93,100,31.3,1.45,15.0,0.6991,0.715,11.6,12.0,12.0,station
2024-02-15,14.4,,14.1,14.4,13.3,15.0,,13.9,14.7,12.9,14.05,0.52,-0.07,88,99,22.8,4.2,3.4,0.7113,0.7029,15.7,16.0,16.0,station
2024-02-16,12.4,,12.0,11.2,11.1,12.2,,11.7,12.1,11.5,11.68,0.63,-0.2,87,87,21.7,3.9,0.2,0.7233,0.6906,12.7,13.0,13.0,station
2024-02-17,11.4,,11.3,11.3,9.7,11.1,,11.9,11.0,8.6,10.93,0.82,0.28,90,53,14.6,6.37,0.4,0.735,0.678,12.0,12.0,12.0,station
2024-02-18,10.6,,10.5,9.9,9.9,10.5,,9.5,9.9,9.2,10.22,0.38,0.45,91,100,35.0,0.9,21.5,0.7466,0.6653,10.4,11.0,11.0,station
2024-02-19,9.3,,10.0,9.3,8.7,9.1,,9.9,10.0,8.8,9.32,0.53,-0.12,91,83,25.5,3.42,0.8,0.7579,0.6523,10.7,11.0,11.0,station
2024-02-20,10.4,,10.0,10.1,9.0,10.0,,9.9,9.9,9.1,9.88,0.61,0.15,89,100,36.0,5.43,0.4,0.769,0.6392,11.1,11.0,11.0,station
2024-02-21,9.8,,10.7,9.4,8.9,9.8,,10.4,9.6,9.0,9.7,0.76,0.0,88,99,30.8,3.02,5.3,0.7799,0.6259,10.3,10.0,10.0,station
2024-02-22,12.9,,11.8,12.3,11.3,12.0,,11.5,11.9,11.5,12.08,0.68,0.35,92,99,44.9,4.53,9.6,0.7906,0.6124,12.8,13.0,13.0,station
2024-02-23,8.2,,8.2,8.6,7.0,8.2,,7.7,8.2,7.3,8.0,0.69,0.15,79,85,37.2,6.6,5.5,0.801,0.5987,8.5,8.0,8.0,station
2024-02-24,5.5,,7.8,6.8,6.8,7.0,,7.5,7.5,6.4,6.72,0.94,-0.38,88,92,23.5,5.01,3.7,0.8112,0.5848,6.4,6.0,6.0,station
2024-02-25,8.7,,7.8,8.7,7.6,7.6,,7.4,8.8,7.5,8.2,0.58,0.37,86,82,17.6,6.36,2.2,0.8211,0.5708,8.6,9.0,9.0,station
2024-02-26,6.4,,6.7,7.2,5.5,7.0,,6.5,6.9,5.5,6.45,0.71,-0.02,85,96,30.5,3.33,1.2,0.8308,0.5566,6.9,7.0,7.0,station
2024-02-27,7.8,,8.7,8.5,4.9,7.5,,8.7,8.0,4.2,7.47,1.76,0.38,81,45,19.9,10.43,0.0,0.8402,0.5422,8.6,8.0,8.0,station
2024-02-28,9.6,,9.3,10.2,7.5,10.4,,10.2,9.9,7.4,9.15,1.16,-0.32,87,92,21.4,3.77,0.1,0.8495,0.5277,9.4,9.0,9.0,station
2024-02-29,9.5,,8.3,9.7,8.6,9.4,,8.5,10.2,8.0,9.03,0.68,0.0,90,98,24.5,1.47,6.6,0.8584,0.513,8.9,9.0,9.0,station
2024-03-01,9.0,,8.8,9.6,8.1,9.2,,8.7,9.3,8.2,8.88,0.62,0.03,84,91,30.4,6.91,5.3,0.8671,0.4981,9.2,9.0,9.0,station
2024-03-02,11.3,,11.3,11.5,8.1,10.0,,9.6,10.0,8.5,10.55,1.64,1.03,76,67,30.8,9.88,3.9,0.8755,0.4831,12.1,12.0,12.0,station
2024-03-03,13.7,,13.1,13.6,12.5,13.0,,12.9,13.1,11.8,13.22,0.55,0.53,80,96,21.9,7.73,0.0,0.8837,0.468,14.1,14.0,14.0,station
2024-03-04,9.7,,10.5,10.1,8.8,9.3,,10.8,9.3,8.9,9.78,0.73,0.2,82,61,17.9,11.21,0.3,0.8916,0.4527,10.0,11.0,11.0,station
2024-03-05,9.9,,10.2,10.0,8.6,10.2,,7.9,10.1,9.3,9.68,0.73,0.3,93,72,8.0,4.9,0.9,0.8993,0.4373,8.8,8.0,8.0,station
2024-03-06,9.2,,11.5,10.9,7.8,9.7,,11.5,10.4,8.5,9.85,1.68,-0.18,90,73,12.2,8.99,0.1,0.9067,0.4218,11.1,12.0,12.0,station
2024-03-07,8.6,,9.4,8.4,7.3,9.7,,10.3,9.3,6.4,8.43,0.87,-0.5,81,34,25.3,9.67,0.0,0.9138,0.4061,9.0,9.0,9.0,station
2024-03-08,9.5,,10.5,10.1,7.9,9.7,,10.5,9.4,7.7,9.5,1.14,0.18,69,6,26.8,13.47,0.0,0.9207,0.3904,10.0,10.0,10.0,station
2024-03-09,12.3,,12.8,13.7,10.6,12.6,,12.1,11.7,9.0,12.35,1.3,1.0,71,70,21.9,11.44,0.0,0.9272,0.3745,13.1,13.0,13.0,station
2024-03-10,12.5,,13.2,12.7,11.5,12.1,,11.8,9.8,10.8,12.47,0.71,1.35,72,100,21.3,9.9,0.0,0.9335,0.3585,12.9,11.0,11.0,station
2024-03-11,8.9,,10.4,9.1,9.6,8.9,,7.8,8.3,9.5,9.5,0.67,0.88,90,100,12.0,2.66,6.7,0.9396,0.3424,8.4,8.0,8.0,station
2024-03-12,10.9,,10.6,10.5,7.9,9.6,,9.8,10.3,7.6,9.97,1.39,0.65,86,98,20.4,7.3,3.1,0.9453,0.3261,10.8,11.0,11.0,station
2024-03-13,12.1,,12.7,12.5,10.1,12.5,,12.9,12.6,10.4,11.85,1.19,-0.25,88,100,30.4,4.37,0.8,0.9508,0.3098,12.1,13.0,13.0,station
2024-03-14,16.3,14.4,16.3,15.8,14.7,15.8,,15.8,15.4,14.5,15.5,0.9,0.12,78,81,21.1,12.72,0.0,0.956,0.2934,16.2,17.0,17.0,station
2024-03-15,14.0,12.8,12.6,13.4,12.9,14.3,12.7,14.7,13.1,12.2,13.14,0.56,-0.26,82,72,33.7,10.08,1.2,0.9609,0.2769,14.2,15.0,15.0,station
2024-03-16,9.7,10.3,10.2,10.1,10.9,9.3,10.3,10.4,9.8,10.4,10.24,0.43,0.2,78,92,24.3,10.07,1.0,0.9655,0.2604,9.9,11.0,11.0,station
2024-03-17,10.4,10.6,12.6,10.5,10.5,11.2,10.8,9.9,10.8,11.3,10.92,0.94,0.12,82,96,20.5,6.45,3.3,0.9698,0.2437,13.3,13.0,13.0,station
2024-03-18,13.3,11.3,13.5,12.9,10.8,13.7,11.0,13.2,12.1,10.2,12.36,1.23,0.32,87,78,18.4,10.97,0.3,0.9739,0.227,13.4,14.0,14.0,station
2024-03-19,15.0,13.8,15.8,15.8,14.5,15.8,13.5,16.3,14.9,14.0,14.98,0.86,0.08,84,92,22.8,10.62,0.1,0.9777,0.2102,15.5,17.0,17.0,station
2024-03-20,15.8,14.0,16.8,17.0,15.2,15.0,13.5,15.9,16.2,14.1,15.76,1.23,0.82,88,100,8.5,6.82,1.1,0.9811,0.1934,13.8,15.0,15.0,station
2024-03-21,11.1,9.9,12.1,10.3,10.1,9.9,10.0,11.7,11.3,9.5,10.7,0.91,0.22,87,96,15.9,7.59,0.0,0.9843,0.1765,10.5,11.0,11.0,station
2024-03-22,10.0,10.0,10.9,10.4,10.6,10.1,9.9,10.1,10.0,9.8,10.38,0.39,0.4,88,100,22.7,3.1,1.5,0.9872,0.1595,10.6,11.0,11.0,station
2024-03-23,7.7,7.5,8.0,7.5,6.6,8.0,7.5,7.7,7.8,6.5,7.46,0.52,-0.04,78,46,31.0,13.94,3.8,0.9898,0.1425,8.0,9.0,9.0,station
2024-03-24,7.6,7.4,8.2,8.6,7.0,8.3,7.5,8.6,8.4,6.9,7.76,0.64,-0.18,80,74,37.1,9.18,11.8,0.9921,0.1255,8.5,8.0,8.0,station
2024-03-25,11.2,10.3,11.2,11.9,9.6,10.7,10.1,10.9,10.9,8.4,10.84,0.9,0.64,73,71,18.0,13.81,0.2,0.9941,0.1084,11.0,12.0,12.0,station
2024-03-26,12.1,12.6,13.4,14.1,13.6,14.1,12.6,13.8,14.3,13.1,13.16,0.8,-0.42,68,99,18.7,14.42,0.0,0.9958,0.0913,13.0,11.0,11.0,station
2024-03-27,11.6,11.1,12.4,12.0,10.7,12.4,11.2,12.5,11.9,10.5,11.56,0.68,-0.14,75,98,21.1,10.2,0.6,0.9972,0.0741,11.8,12.0,12.0,station
2024-03-28,10.4,10.2,11.7,11.8,10.0,10.1,9.6,10.8,11.8,9.3,10.82,0.86,0.5,72,81,30.1,10.43,3.3,0.9984,0.057,11.2,12.0,12.0,station
2024-03-29,13.3,12.2,13.8,14.0,12.4,13.2,12.1,11.1,13.7,11.5,13.14,0.81,0.82,67,87,29.6,12.9,0.6,0.9992,0.0398,13.3,14.0,14.0,station
2024-03-30,11.5,10.6,13.0,10.9,10.1,15.1,10.3,16.3,14.3,13.9,11.22,1.12,-2.76,92,91,17.4,4.13,4.5,0.9997,0.0226,11.2,11.0,11.0,station
2024-03-31,15.3,12.7,14.3,15.5,11.5,12.8,12.4,13.4,13.9,9.9,13.86,1.72,1.38,89,98,23.1,10.14,3.2,1.0,0.0054,15.7,15.0,15.0,station
2024-04-01,12.7,10.8,11.9,12.5,10.9,13.0,9.9,10.3,12.9,11.2,11.76,0.88,0.3,85,82,24.7,9.23,0.0,0.9999,-0.0118,12.2,13.0,13.0,station
2024-04-02,11.0,10.9,10.9,11.3,10.4,11.8,10.7,11.4,11.3,11.7,10.9,0.32,-0.48,82,60,28.8,9.74,0.7,0.9996,-0.029,12.0,12.0,12.0,station
2024-04-03,12.7,11.9,11.7,13.8,11.7,12.5,11.5,12.0,12.9,12.5,12.36,0.9,0.08,87,96,29.9,4.55,7.1,0.9989,-0.0462,13.2,13.0,13.0,station
2024-04-04,13.5,12.2,12.9,12.8,11.1,12.1,11.1,13.3,12.2,11.3,12.5,0.91,0.5,84,79,37.9,13.56,10.8,0.998,-0.0634,13.4,14.0,14.0,station
2024-04-05,15.6,14.4,15.4,15.8,13.2,15.8,14.6,13.9,15.3,14.8,14.88,1.08,0.0,82,87,35.0,10.59,8.0,0.9968,-0.0805,15.9,17.0,17.0,station
2024-04-06,22.8,22.2,23.4,24.0,21.3,23.3,22.6,23.0,22.9,20.7,22.74,1.05,0.24,73,92,27.6,18.14,0.0,0.9952,-0.0977,22.8,23.0,23.0,station
2024-04-07,18.0,16.2,18.4,18.6,17.5,17.6,16.2,18.3,16.9,16.6,17.74,0.96,0.62,69,69,32.1,18.19,2.2,0.9934,-0.1148,18.7,19.0,19.0,station
2024-04-08,17.3,15.9,16.6,18.6,16.7,19.0,16.0,16.8,17.3,15.8,17.02,1.01,0.04,84,80,13.4,12.38,3.5,0.9913,-0.1319,17.0,19.0,19.0,station
2024-04-09,13.7,14.4,13.4,14.9,14.5,14.6,14.5,13.7,15.0,13.1,14.18,0.61,0.0,76,92,42.9,11.83,1.3,0.9889,-0.1489,14.2,15.0,15.0,station
2024-04-10,12.9,12.8,13.1,13.7,11.5,12.9,12.7,12.4,13.7,11.2,12.8,0.81,0.22,67,61,26.2,20.11,0.6,0.9861,-0.1659,13.2,14.0,14.0,station
2024-04-11,14.1,13.9,14.7,15.4,13.7,14.5,14.1,14.6,15.1,13.2,14.36,0.69,0.06,81,100,26.2,6.24,2.0,0.9831,-0.1828,15.3,15.0,15.0,station
2024-04-12,16.5,16.2,17.9,16.8,15.9,17.8,15.2,17.6,16.8,15.3,16.66,0.77,0.12,79,99,30.8,18.4,0.0,0.9799,-0.1997,17.2,18.0,18.0,station
2024-04-13,19.0,18.6,20.2,20.4,19.6,18.5,18.7,19.9,20.5,20.0,19.56,0.77,0.04,73,99,28.4,18.07,0.0,0.9763,-0.2165,20.7,21.0,21.0,station
2024-04-14,12.6,13.9,13.5,13.3,13.5,12.9,14.1,13.5,13.1,15.2,13.36,0.48,-0.4,70,99,22.0,17.93,0.0,0.9724,-0.2333,12.7,14.0,14.0,station
2024-04-15,9.3,8.9,9.7,10.3,9.8,8.8,9.0,9.1,9.8,9.9,9.6,0.53,0.28,76,83,42.6,9.25,8.1,0.9683,-0.25,10.1,11.0,11.0,station
2024-04-16,10.4,9.7,11.5,11.3,8.9,9.8,9.2,9.5,10.1,8.6,10.36,1.09,0.92,79,76,38.9,14.25,10.8,0.9638,-0.2666,10.5,11.0,11.0,station
2024-04-17,8.7,7.6,8.0,9.8,7.9,9.6,7.9,10.5,8.6,8.9,8.4,0.88,-0.7,77,58,17.4,15.47,2.7,0.9591,-0.2831,8.8,9.0,9.0,station
2024-04-18,9.8,9.6,11.3,11.4,9.4,9.6,9.9,12.1,11.4,9.7,10.3,0.97,-0.24,76,71,19.7,15.44,2.9,0.9541,-0.2996,10.5,12.0,12.0,station
2024-04-19,9.8,9.3,9.3,9.9,8.8,9.4,9.2,10.0,10.1,8.7,9.42,0.44,-0.06,82,78,36.2,14.54,14.1,0.9488,-0.316,10.2,11.0,11.0,station
2024-04-20,9.0,8.2,8.8,9.6,8.8,9.0,8.0,9.1,10.3,7.9,8.88,0.5,0.02,75,66,29.4,14.13,1.1,0.9432,-0.3322,9.6,10.0,10.0,station
2024-04-21,9.4,9.0,10.6,9.9,10.1,9.8,9.2,11.3,10.6,10.3,9.8,0.62,-0.44,70,39,28.3,19.65,1.1,0.9373,-0.3484,9.8,12.0,12.0,station
2024-04-22,9.1,8.7,10.1,10.0,8.4,9.7,9.0,10.0,10.0,9.4,9.26,0.76,-0.36,68,64,23.0,18.35,0.2,0.9312,-0.3645,9.1,10.0,10.0,station
2024-04-23,8.9,9.2,9.7,10.2,8.8,8.5,8.9,10.0,9.7,7.5,9.36,0.59,0.44,72,60,20.9,16.15,1.2,0.9248,-0.3804,9.8,10.0,10.0,station
2024-04-24,8.9,7.8,9.3,9.8,9.5,8.9,7.8,9.0,8.8,8.5,9.06,0.78,0.46,76,48,29.2,18.94,3.6,0.9181,-0.3963,9.7,10.0,10.0,station
2024-04-25,9.5,8.0,10.3,9.9,8.2,8.9,8.1,9.3,10.4,8.5,9.18,1.03,0.14,78,91,23.2,12.84,3.1,0.9112,-0.412,9.7,10.0,10.0,station
2024-04-26,11.0,9.5,11.7,11.4,10.4,10.5,9.7,11.6,11.1,10.2,10.8,0.87,0.18,77,73,17.3,17.02,1.5,0.9039,-0.4276,10.8,11.0,11.0,station
2024-04-27,14.8,13.4,14.1,15.5,14.4,14.4,13.4,15.7,14.7,15.9,14.44,0.78,-0.38,84,89,17.3,13.51,8.8,0.8965,-0.4431,15.3,15.0,15.0,station
2024-04-28,15.9,14.1,14.8,16.0,15.6,14.1,13.7,16.2,16.0,14.2,15.28,0.81,0.44,74,68,38.3,16.26,1.8,0.8887,-0.4585,15.7,16.0,16.0,station
2024-04-29,17.2,16.2,17.9,18.4,17.5,17.2,16.1,18.6,17.9,17.0,17.44,0.83,0.08,79,34,20.2,20.33,2.4,0.8807,-0.4737,17.3,19.0,19.0,station
2024-04-30,20.2,18.9,19.2,21.4,22.1,19.6,18.5,20.5,20.4,22.0,20.36,1.38,0.16,79,83,17.7,20.76,0.2,0.8724,-0.4888,20.2,20.0,20.0,station
2024-05-01,21.5,19.9,24.2,24.1,25.1,22.6,19.5,22.3,25.3,19.2,22.96,2.17,1.18,79,61,15.8,23.31,0.4,0.8639,-0.5037,23.5,23.0,23.0,station
2024-05-02,23.4,19.3,23.3,24.1,25.1,23.3,19.1,22.7,24.7,25.0,23.04,2.21,0.08,78,68,17.5,22.62,0.6,0.8551,-0.5185,23.7,25.0,25.0,station
2024-05-03,12.5,12.5,12.7,12.7,15.5,13.0,12.7,13.1,13.9,18.0,13.18,1.3,-0.96,90,78,28.6,6.66,6.8,0.846,-0.5331,12.7,14.0,14.0,station
2024-05-04,16.7,15.1,16.3,16.8,16.3,15.9,15.3,16.2,16.1,15.4,16.24,0.68,0.46,84,89,14.7,15.82,5.7,0.8367,-0.5476,15.7,17.0,17.0,station
2024-05-05,15.2,14.2,16.2,16.3,15.1,14.4,13.8,15.6,14.3,16.2,15.4,0.87,0.54,80,61,15.3,23.54,8.8,0.8272,-0.5619,15.5,16.0,16.0,station
2024-05-06,18.5,16.9,17.8,18.4,18.4,18.1,16.3,16.5,18.3,17.5,18.0,0.67,0.66,76,82,17.1,18.01,0.1,0.8174,-0.5761,18.4,18.0,18.0,station
2024-05-07,17.0,15.6,18.4,18.6,18.6,16.5,15.1,18.5,16.7,16.0,17.64,1.32,1.08,77,47,18.4,22.63,0.5,0.8074,-0.59,17.4,19.0,19.0,station
2024-05-08,14.1,13.5,17.0,14.5,16.2,14.3,13.0,16.7,16.9,14.6,15.06,1.48,-0.04,80,84,13.2,10.45,1.3,0.7971,-0.6038,14.7,15.0,15.0,station
2024-05-09,15.8,15.9,19.1,17.7,16.4,16.5,16.1,19.0,19.3,17.7,16.98,1.41,-0.74,84,59,11.8,18.75,0.0,0.7866,-0.6175,16.2,18.0,18.0,station
2024-05-10,18.4,17.8,20.7,19.7,20.0,17.9,18.1,20.3,18.5,20.4,19.32,1.19,0.28,82,74,13.3,21.82,0.0,0.7759,-0.6309,19.0,19.0,19.0,station
2024-05-11,20.2,19.6,21.4,21.5,20.8,18.9,18.8,21.8,21.0,20.0,20.7,0.81,0.6,80,73,15.9,25.37,0.0,0.7649,-0.6442,20.2,22.0,22.0,station
2024-05-12,23.2,22.6,23.5,25.5,25.5,23.4,23.0,23.0,25.3,25.4,24.06,1.35,0.04,65,56,20.5,25.87,0.0,0.7537,-0.6572,23.8,26.0,26.0,station
2024-05-13,21.0,20.1,22.3,23.6,25.7,21.2,20.3,22.0,22.7,24.4,22.54,2.21,0.42,75,39,19.1,22.17,1.4,0.7423,-0.6701,22.3,23.0,23.0,station
2024-05-14,24.5,23.7,25.3,27.1,26.7,24.3,23.5,25.2,26.4,25.9,25.46,1.44,0.4,75,18,23.2,23.98,0.9,0.7306,-0.6828,25.1,27.0,27.0,station
2024-05-15,20.1,17.5,20.8,21.4,23.3,22.5,17.9,19.5,23.0,24.3,20.62,2.11,-0.82,89,76,11.0,16.71,5.9,0.7188,-0.6952,19.8,21.0,21.0,station
2024-05-16,17.8,15.8,18.9,19.9,20.9,17.1,15.4,19.7,18.7,20.8,18.66,1.97,0.32,87,98,17.3,17.7,10.0,0.7067,-0.7075,20.1,20.0,20.0,station
2024-05-17,16.7,15.6,18.9,17.1,18.7,17.3,15.4,18.8,17.8,17.1,17.4,1.39,0.12,91,89,22.4,14.45,9.8,0.6945,-0.7195,17.7,17.0,17.0,station
2024-05-18,22.0,18.3,21.5,23.2,22.4,22.2,18.5,19.7,22.2,22.0,21.48,1.88,0.56,78,36,11.2,24.06,0.4,0.682,-0.7314,22.3,24.0,24.0,station
2024-05-19,21.0,18.6,21.2,21.9,22.6,20.9,18.3,20.7,22.3,22.2,21.06,1.51,0.18,75,13,20.9,25.17,1.0,0.6693,-0.743,21.4,22.0,22.0,station
2024-05-20,18.5,16.3,19.9,19.6,21.0,19.0,15.8,19.4,18.4,20.7,19.06,1.78,0.4,86,54,15.8,15.56,13.8,0.6564,-0.7544,18.4,19.0,19.0,station
2024-05-21,23.2,20.9,23.2,24.2,24.5,23.5,20.2,23.3,23.6,23.1,23.2,1.41,0.46,87,83,15.5,18.85,8.5,0.6433,-0.7656,22.4,23.0,23.0,station
2024-05-22,18.6,17.1,18.6,18.4,16.0,17.0,16.5,18.3,18.7,17.7,17.74,1.16,0.1,82,83,26.2,19.25,17.0,0.6301,-0.7765,18.3,18.0,18.0,station
2024-05-23,17.9,17.0,18.9,18.0,17.1,17.9,17.3,18.2,17.8,16.6,17.78,0.77,0.22,79,36,24.4,23.68,2.9,0.6166,-0.7873,18.0,19.0,19.0,station
2024-05-24,18.0,16.6,17.8,20.2,18.6,19.5,18.0,18.0,20.3,19.9,18.24,1.31,-0.9,88,92,17.9,13.49,6.9,0.603,-0.7978,19.4,20.0,20.0,station
2024-05-25,17.9,15.8,16.7,18.8,17.7,19.1,16.4,18.0,18.3,18.9,17.38,1.16,-0.76,86,74,17.4,15.3,12.5,0.5892,-0.808,17.2,18.0,18.0,station
2024-05-26,18.3,18.6,17.7,22.6,19.3,20.2,18.8,19.6,20.4,18.1,19.3,1.93,-0.12,83,68,20.3,15.16,10.1,0.5752,-0.818,19.2,21.0,21.0,station
2024-05-27,15.9,15.8,17.8,17.5,16.4,16.6,15.9,17.7,17.2,16.4,16.68,0.92,-0.08,76,79,20.2,20.73,1.0,0.561,-0.8278,16.4,18.0,18.0,station
2024-05-28,17.7,16.5,16.5,18.0,18.4,16.0,16.3,18.0,18.3,17.3,17.42,0.88,0.24,82,72,22.5,17.49,6.2,0.5467,-0.8373,17.9,18.0,18.0,station
2024-05-29,16.7,15.8,16.9,17.1,16.3,16.5,15.6,15.9,16.6,16.4,16.56,0.52,0.36,85,64,26.0,21.03,19.4,0.5322,-0.8466,16.9,17.0,17.0,station
2024-05-30,16.1,15.2,16.8,16.1,16.4,15.7,15.0,16.6,16.3,15.9,16.12,0.59,0.22,85,69,21.4,19.38,2.7,0.5176,-0.8556,16.0,16.0,16.0,station
2024-05-31,18.6,16.8,19.5,19.0,18.9,17.4,16.8,18.0,19.6,18.5,18.56,1.04,0.5,82,65,22.5,21.38,1.9,0.5028,-0.8644,19.0,19.0,19.0,station
2024-06-01,17.3,15.5,18.2,19.4,18.9,16.8,15.1,18.1,19.4,17.6,17.86,1.54,0.46,88,100,25.6,9.35,2.0,0.4878,-0.8729,17.4,16.0,16.0,station
2024-06-02,16.8,14.0,18.5,18.0,17.5,16.4,14.5,18.5,17.1,18.1,16.96,1.77,0.04,74,75,20.9,18.93,0.1,0.4728,-0.8812,17.6,17.0,17.0,station
2024-06-03,16.6,15.8,17.8,17.4,17.4,15.8,15.8,17.5,17.4,18.1,17.0,0.8,0.08,78,84,13.8,16.07,0.0,0.4575,-0.8892,16.5,16.0,16.0,station
2024-06-04,20.0,18.2,19.5,20.7,21.3,18.9,17.5,18.7,18.4,21.6,19.94,1.19,0.92,84,96,23.1,15.63,4.5,0.4422,-0.8969,18.8,21.0,21.0,station
2024-06-05,14.4,14.8,14.6,14.5,13.9,14.7,14.4,14.7,14.5,14.3,14.44,0.34,-0.08,70,50,27.2,27.14,2.8,0.4267,-0.9044,14.6,15.0,15.0,station
2024-06-06,15.6,15.6,16.6,16.7,16.7,15.6,15.5,16.1,15.5,15.8,16.24,0.59,0.54,71,68,16.5,20.35,0.0,0.4111,-0.9116,16.0,17.0,17.0,station
2024-06-07,16.5,16.5,17.5,18.0,18.0,16.2,16.3,17.2,17.8,17.9,17.3,0.76,0.22,74,27,19.0,24.3,0.9,0.3953,-0.9185,16.8,18.0,18.0,station
2024-06-08,16.1,15.2,17.5,16.7,17.2,16.1,15.3,17.6,15.5,17.9,16.54,0.92,0.06,80,56,26.8,20.13,1.0,0.3795,-0.9252,16.4,17.0,17.0,station
2024-06-09,14.3,14.7,15.5,15.8,15.6,15.0,14.6,15.8,15.7,15.4,15.18,0.65,-0.12,74,41,27.4,24.81,0.0,0.3635,-0.9316,15.3,16.0,16.0,station
2024-06-10,12.2,12.6,14.9,12.7,13.3,12.2,12.5,13.9,14.8,12.7,13.14,1.06,-0.08,87,99,35.6,7.13,24.9,0.3474,-0.9377,13.6,15.0,15.0,station
2024-06-11,14.1,13.0,13.9,14.0,12.5,14.1,13.3,15.1,13.9,13.2,13.5,0.71,-0.42,76,51,22.7,23.89,2.3,0.3312,-0.9436,14.4,15.0,15.0,station
2024-06-12,13.1,13.1,14.4,14.6,13.4,13.7,13.3,14.5,14.0,13.7,13.72,0.73,-0.12,77,95,22.1,20.9,2.4,0.3149,-0.9491,13.3,14.0,14.0,station
2024-06-13,16.3,16.5,18.0,17.4,17.9,16.9,16.8,17.5,17.8,17.9,17.22,0.79,-0.16,71,90,22.4,19.32,0.7,0.2986,-0.9544,16.9,17.0,17.0,station
2024-06-14,17.1,16.5,17.6,17.4,17.8,17.9,16.7,17.7,17.0,19.6,17.28,0.51,-0.5,78,93,27.2,12.16,2.4,0.2821,-0.9594,17.3,18.0,18.0,station
2024-06-15,16.6,15.6,17.3,17.2,15.0,16.3,15.3,16.4,18.2,15.1,16.34,1.01,0.08,82,66,34.3,20.66,8.0,0.2656,-0.9641,17.1,18.0,18.0,station
2024-06-16,17.0,16.3,16.7,17.4,16.2,17.2,15.9,16.1,17.4,16.5,16.72,0.5,0.1,81,62,27.7,19.87,10.7,0.2489,-0.9685,17.3,18.0,18.0,station
2024-06-17,18.1,18.0,19.2,19.5,18.6,18.7,18.1,19.4,19.2,18.1,18.68,0.66,-0.02,75,52,20.6,25.79,0.2,0.2322,-0.9727,18.5,19.0,19.0,station
2024-06-18,19.8,17.5,21.2,20.2,21.6,18.9,18.0,20.5,19.5,21.0,20.06,1.61,0.48,85,98,11.4,9.95,5.1,0.2155,-0.9765,18.6,18.0,18.0,station
2024-06-19,17.4,16.6,19.3,19.2,18.7,17.4,16.5,20.0,18.2,18.2,18.24,1.19,0.18,79,49,18.2,26.13,0.7,0.1986,-0.9801,18.3,19.0,19.0,station
2024-06-20,18.8,18.5,21.2,20.1,21.6,19.4,18.6,21.9,19.3,19.5,20.04,1.39,0.3,84,72,15.0,17.78,0.3,0.1818,-0.9833,19.6,20.0,20.0,station
2024-06-21,19.3,18.1,20.8,18.7,19.6,17.7,17.5,21.1,19.1,16.5,19.3,1.02,0.92,88,91,15.7,8.35,4.0,0.1648,-0.9863,18.5,19.0,19.0,station
2024-06-22,18.3,18.0,19.6,19.0,19.2,18.4,18.2,18.1,18.0,19.7,18.82,0.66,0.34,82,30,21.9,25.02,0.4,0.1478,-0.989,18.8,19.0,19.0,station
2024-06-23,21.6,20.9,22.4,23.2,22.4,20.8,20.8,22.3,23.4,22.4,22.1,0.88,0.16,80,21,16.6,26.59,0.4,0.1308,-0.9914,22.5,23.0,23.0,station
2024-06-24,22.6,21.9,26.3,25.1,24.5,22.2,22.0,25.5,23.8,25.2,24.08,1.81,0.34,78,19,8.6,27.06,0.0,0.1137,-0.9935,24.6,25.0,25.0,station
2024-06-25,25.2,24.1,27.3,28.1,28.4,25.2,24.6,27.1,27.1,28.6,26.62,1.88,0.1,76,5,16.3,27.09,0.0,0.0966,-0.9953,25.7,27.0,27.0,station
2024-06-26,27.3,25.6,28.6,28.8,29.3,27.2,25.9,28.7,28.9,29.5,27.92,1.49,-0.12,73,6,13.6,28.27,0.0,0.0795,-0.9968,27.7,29.0,29.0,station
2024-06-27,25.5,24.3,27.0,25.8,27.4,25.1,24.1,27.4,27.5,28.4,26.0,1.24,-0.5,74,42,19.2,27.63,0.0,0.0623,-0.9981,25.5,27.0,27.0,station
2024-06-28,18.6,18.6,19.3,19.6,19.4,18.9,18.8,19.2,19.3,19.2,19.1,0.47,0.02,71,51,25.0,23.08,0.0,0.0451,-0.999,18.9,20.0,20.0,station
2024-06-29,21.7,21.0,25.0,23.8,24.1,22.0,20.8,24.4,24.0,23.8,23.12,1.69,0.12,74,68,17.9,25.23,1.0,0.028,-0.9996,23.1,24.0,24.0,station
2024-06-30,19.4,18.4,20.3,19.6,20.1,19.3,17.9,20.8,19.2,21.2,19.56,0.74,-0.12,78,86,18.5,23.35,1.3,0.0108,-0.9999,19.1,20.0,20.0,station
2024-07-01,17.5,16.7,18.6,18.9,18.2,17.3,16.7,19.0,16.8,18.6,17.98,0.89,0.3,76,74,21.7,18.15,0.7,-0.0065,-1.0,17.5,18.0,18.0,station
2024-07-02,16.6,15.7,17.8,17.1,16.4,15.9,15.9,18.6,18.0,17.0,16.72,0.79,-0.36,79,93,20.6,11.99,5.9,-0.0237,-0.9997,16.8,18.0,18.0,station
2024-07-03,17.0,15.3,16.4,16.4,16.5,14.9,15.3,16.3,16.3,14.5,16.32,0.62,0.86,80,90,20.5,11.72,10.1,-0.0408,-0.9992,16.6,17.0,17.0,station
2024-07-04,16.5,16.7,16.7,16.8,15.6,16.6,16.5,16.8,16.6,15.9,16.46,0.49,-0.02,71,68,27.6,23.77,7.2,-0.058,-0.9983,16.3,18.0,18.0,station
2024-07-05,16.5,16.7,16.1,16.8,17.5,16.4,16.8,17.2,17.7,16.6,16.72,0.51,-0.22,80,89,27.7,9.72,7.2,-0.0752,-0.9972,17.5,18.0,18.0,station
2024-07-06,17.6,16.8,17.6,18.7,16.5,18.0,16.5,19.3,18.5,17.0,17.44,0.86,-0.42,79,71,42.0,20.84,13.3,-0.0923,-0.9957,18.7,20.0,20.0,station
2024-07-07,17.3,16.7,15.9,16.8,17.6,16.9,16.6,17.3,17.9,17.6,16.86,0.65,-0.4,84,76,23.2,15.53,10.2,-0.1094,-0.994,16.7,18.0,18.0,station
2024-07-08,18.9,18.8,20.7,20.4,19.8,19.2,18.8,20.9,20.2,20.2,19.72,0.86,-0.14,80,63,17.0,20.49,0.9,-0.1265,-0.992,19.4,20.0,20.0,station
2024-07-09,25.3,24.0,25.7,24.4,28.1,26.0,23.4,25.0,23.3,26.5,25.5,1.6,0.66,78,97,14.5,18.75,7.3,-0.1436,-0.9896,26.0,27.0,27.0,station
2024-07-10,20.6,19.7,21.9,21.5,19.6,20.5,19.9,21.7,21.9,18.6,20.66,1.04,0.14,82,66,24.3,21.26,1.1,-0.1606,-0.987,20.8,22.0,22.0,station
2024-07-11,18.7,18.4,19.8,19.7,19.4,19.0,18.7,20.1,19.6,18.6,19.2,0.62,0.0,79,78,19.2,20.08,0.9,-0.1775,-0.9841,19.2,20.0,20.0,station
2024-07-12,16.8,15.4,15.2,16.6,14.4,16.8,15.5,15.6,16.4,16.1,15.68,1.01,-0.4,86,95,18.8,6.72,10.3,-0.1944,-0.9809,16.0,15.0,15.0,station
2024-07-13,16.4,16.1,16.5,16.8,16.7,17.0,15.8,18.0,16.1,15.5,16.5,0.27,0.02,86,88,23.8,11.03,7.1,-0.2113,-0.9774,15.8,16.0,16.0,station
2024-07-14,18.7,18.9,20.0,19.7,19.9,18.9,19.0,19.8,20.0,19.6,19.44,0.6,-0.02,79,59,25.1,23.81,1.1,-0.2281,-0.9736,19.2,20.0,20.0,station
2024-07-15,23.7,22.6,24.0,25.4,25.2,22.6,22.0,22.8,24.0,23.7,24.18,1.15,1.16,76,47,13.0,23.85,7.9,-0.2448,-0.9696,23.7,24.0,24.0,station
2024-07-16,19.1,18.1,18.5,18.6,20.6,18.7,18.5,19.0,20.0,19.8,18.98,0.97,-0.22,81,71,25.7,21.29,12.3,-0.2614,-0.9652,19.4,21.0,21.0,station
2024-07-17,19.5,19.9,21.6,20.6,21.0,20.1,20.3,21.3,20.6,20.7,20.52,0.84,-0.08,82,37,20.5,23.28,0.4,-0.278,-0.9606,20.2,21.0,21.0,station
2024-07-18,23.6,23.3,24.4,24.8,24.9,23.1,23.2,25.0,24.0,24.5,24.2,0.72,0.24,81,77,10.2,22.18,0.3,-0.2945,-0.9557,25.1,26.0,26.0,station
2024-07-19,27.1,26.5,28.0,29.9,28.6,27.2,26.3,27.9,28.1,29.2,28.02,1.33,0.28,74,65,11.2,22.77,0.0,-0.3109,-0.9505,26.7,28.0,28.0,station
2024-07-20,28.2,27.1,28.5,31.2,30.5,27.9,26.9,27.8,31.2,31.1,29.1,1.7,0.12,73,35,12.1,24.48,0.0,-0.3272,-0.945,28.7,30.0,30.0,station
2024-07-21,22.8,21.2,24.1,23.5,21.7,22.0,21.4,26.6,22.3,22.6,22.66,1.21,-0.32,85,80,19.7,17.49,7.4,-0.3434,-0.9392,24.0,22.0,22.0,station
2024-07-22,20.9,20.7,22.1,21.8,22.3,21.5,20.9,22.2,22.4,21.5,21.56,0.72,-0.14,79,51,20.8,19.74,0.9,-0.3595,-0.9332,22.6,22.0,22.0,station
2024-07-23,19.6,19.7,21.0,19.4,20.9,19.6,19.3,21.2,20.6,20.6,20.12,0.77,-0.14,84,67,21.4,17.54,5.4,-0.3755,-0.9268,20.5,22.0,22.0,station
2024-07-24,19.7,19.6,22.0,21.3,20.8,19.7,20.0,21.0,21.3,20.4,20.68,1.03,0.2,75,45,14.2,24.43,0.0,-0.3914,-0.9202,19.8,20.0,20.0,station
2024-07-25,21.1,20.7,19.0,21.2,22.0,21.5,21.2,22.0,22.3,23.5,20.8,1.11,-1.3,79,97,22.3,13.77,2.4,-0.4071,-0.9134,22.6,23.0,23.0,station
2024-07-26,20.3,19.8,21.5,20.7,20.0,20.6,19.9,21.8,21.2,20.7,20.46,0.67,-0.38,83,91,19.5,19.38,5.6,-0.4228,-0.9062,20.6,21.0,21.0,station
2024-07-27,21.8,21.3,23.4,23.1,22.2,19.5,21.0,22.2,22.8,21.4,22.36,0.88,0.98,80,55,12.8,22.69,1.5,-0.4383,-0.8988,22.1,23.0,23.0,station
2024-07-28,20.6,21.2,23.0,22.1,22.0,21.2,21.5,22.5,21.7,21.2,21.78,0.92,0.16,76,22,13.7,25.15,0.0,-0.4537,-0.8912,21.1,22.0,22.0,station
2024-07-29,23.9,24.0,26.4,26.1,26.0,23.9,24.6,26.2,26.2,25.8,25.28,1.22,-0.06,74,19,10.6,26.31,0.0,-0.469,-0.8832,24.6,25.0,25.0,station
2024-07-30,26.9,25.8,29.9,28.8,29.0,26.0,25.1,29.0,28.0,29.2,28.08,1.68,0.62,72,32,11.8,25.32,0.0,-0.4841,-0.875,27.7,28.0,28.0,station
2024-07-31,24.4,24.0,25.9,26.0,27.0,24.7,24.7,24.3,25.0,27.9,25.46,1.24,0.14,72,59,16.0,22.9,0.0,-0.4991,-0.8666,24.5,25.0,25.0,station
2024-08-01,22.5,22.1,23.7,24.6,23.5,22.0,22.1,24.9,24.5,25.4,23.28,1.0,-0.5,81,74,15.7,14.87,1.0,-0.5139,-0.8578,22.8,22.0,22.0,station
2024-08-02,24.2,23.4,27.7,26.5,25.4,22.9,23.3,27.8,25.9,26.1,25.44,1.73,0.24,77,20,11.3,23.77,0.0,-0.5286,-0.8489,24.0,25.0,25.0,station
2024-08-03,22.4,21.3,24.6,22.4,22.5,22.6,21.1,23.1,22.0,22.4,22.64,1.2,0.4,82,83,24.1,19.03,1.2,-0.5431,-0.8397,22.7,24.0,24.0,station
2024-08-04,19.4,19.4,21.3,21.6,19.8,20.2,20.5,21.1,20.5,20.6,20.3,1.07,-0.28,71,86,14.0,15.15,0.3,-0.5575,-0.8302,19.7,20.0,20.0,station
2024-08-05,21.6,21.8,25.4,23.6,23.5,22.3,22.4,25.9,23.9,23.3,23.18,1.55,-0.38,74,43,14.2,21.46,0.0,-0.5717,-0.8205,22.2,23.0,23.0,station
2024-08-06,26.1,25.1,28.5,26.7,26.5,25.9,25.0,28.9,26.6,28.0,26.58,1.24,-0.3,74,41,16.0,22.21,0.0,-0.5857,-0.8105,27.2,29.0,29.0,station
2024-08-07,21.2,20.9,22.2,22.6,21.0,21.8,21.1,22.4,22.2,21.4,21.58,0.77,-0.2,73,57,20.2,22.97,0.4,-0.5996,-0.8003,21.6,23.0,23.0,station
2024-08-08,21.8,21.2,23.2,23.0,22.6,21.2,20.9,22.7,22.7,22.1,22.36,0.84,0.44,69,64,19.5,21.28,0.2,-0.6132,-0.7899,23.1,24.0,24.0,station
2024-08-09,22.0,21.1,22.7,22.7,22.7,22.3,21.2,22.3,21.0,22.7,22.24,0.71,0.34,79,75,31.7,16.14,2.7,-0.6267,-0.7792,22.5,23.0,23.0,station
2024-08-10,21.3,21.2,23.1,21.7,21.5,21.7,21.3,23.1,20.8,21.8,21.76,0.77,0.02,78,43,21.3,18.39,0.0,-0.64,-0.7683,21.7,23.0,23.0,station
2024-08-11,24.5,24.0,27.7,27.1,26.8,25.1,24.0,28.7,25.9,27.2,26.02,1.66,-0.16,77,26,15.5,20.83,0.0,-0.6532,-0.7572,25.8,27.0,27.0,station
2024-08-12,29.3,28.9,31.4,32.4,31.7,28.6,29.8,31.2,33.2,31.7,30.74,1.55,-0.16,72,2,16.9,23.43,0.0,-0.6661,-0.7459,29.4,31.0,31.0,station
2024-08-13,26.9,24.3,27.3,27.2,26.9,27.3,24.7,27.3,29.3,27.4,26.52,1.25,-0.68,80,77,22.9,17.26,1.5,-0.6788,-0.7343,27.3,26.0,26.0,station
2024-08-14,22.1,20.6,26.4,21.1,23.6,21.4,20.9,27.6,21.4,21.8,22.76,2.34,0.14,86,96,14.1,12.65,7.3,-0.6914,-0.7225,25.2,23.0,23.0,station
2024-08-15,22.8,22.3,25.0,23.3,23.7,23.3,21.9,25.0,23.9,23.9,23.42,1.03,-0.18,80,62,26.6,18.62,0.1,-0.7037,-0.7105,23.8,24.0,24.0,station
2024-08-16,22.3,20.1,21.9,22.7,21.4,21.5,19.8,21.4,22.4,21.1,21.68,1.01,0.44,82,84,22.4,12.83,10.3,-0.7158,-0.6983,22.4,22.0,22.0,station
2024-08-17,23.4,22.0,25.7,24.1,22.8,23.1,21.7,23.9,24.5,22.9,23.6,1.41,0.38,73,51,9.7,22.0,0.0,-0.7277,-0.6859,23.5,22.0,22.0,station
2024-08-18,21.2,21.3,23.0,22.0,22.4,21.7,20.9,22.3,21.3,21.8,21.98,0.76,0.38,74,66,17.6,19.58,0.2,-0.7394,-0.6733,21.7,22.0,22.0,station
2024-08-19,23.6,22.1,24.6,24.2,24.5,23.1,22.1,25.1,23.9,24.3,23.8,1.03,0.1,71,49,15.9,18.85,0.0,-0.7509,-0.6605,22.1,23.0,23.0,station
2024-08-20,22.3,20.8,24.6,18.8,22.9,22.4,20.1,25.9,21.2,24.2,21.88,2.19,-0.88,81,66,22.7,11.49,17.4,-0.7621,-0.6474,23.0,23.0,23.0,station
2024-08-21,18.1,18.1,17.9,18.4,18.2,18.4,18.2,17.4,18.2,18.2,18.14,0.18,0.06,65,59,27.4,18.17,0.0,-0.7731,-0.6342,18.1,19.0,19.0,station
2024-08-22,20.6,21.3,21.9,20.8,22.1,20.9,20.7,24.1,21.1,21.7,21.34,0.66,-0.36,67,92,30.2,15.68,0.3,-0.7839,-0.6208,22.2,23.0,23.0,station
2024-08-23,21.2,20.7,21.5,22.6,21.3,21.5,20.9,22.2,21.6,21.5,21.46,0.7,-0.08,70,74,37.4,13.27,1.3,-0.7945,-0.6073,21.8,22.0,22.0,station
2024-08-24,25.3,23.1,26.3,26.8,26.5,25.3,22.9,26.0,20.8,25.7,25.6,1.51,1.46,80,67,34.4,12.18,9.4,-0.8048,-0.5935,24.9,25.0,25.0,station
2024-08-25,18.9,18.7,19.9,19.3,18.9,18.6,18.5,19.7,19.5,18.3,19.14,0.48,0.22,69,31,24.5,18.23,2.2,-0.8149,-0.5796,19.1,20.0,20.0,station
2024-08-26,19.5,19.3,21.0,20.5,20.7,19.8,19.4,21.5,19.7,20.5,20.2,0.75,0.02,75,67,23.4,16.27,0.6,-0.8248,-0.5655,20.1,21.0,21.0,station
2024-08-27,23.1,22.9,23.5,24.0,24.3,23.0,23.1,24.9,23.5,24.3,23.56,0.59,-0.2,77,58,12.6,20.55,0.0,-0.8344,-0.5512,23.2,24.0,24.0,station
2024-08-28,26.6,26.2,28.0,28.6,28.5,26.6,26.4,27.5,28.1,27.8,27.58,1.11,0.3,78,9,14.3,20.46,0.0,-0.8437,-0.5368,27.3,28.0,28.0,station
2024-08-29,22.3,21.3,23.2,21.5,22.9,22.3,21.9,25.0,21.4,23.4,22.24,0.84,-0.56,83,42,16.1,18.29,1.0,-0.8528,-0.5222,22.7,23.0,23.0,station
2024-08-30,21.3,20.8,22.9,22.4,22.5,20.5,20.9,22.1,21.1,20.7,21.98,0.89,0.92,78,96,18.4,16.34,0.0,-0.8617,-0.5074,21.3,21.0,21.0,station
2024-08-31,21.4,20.5,23.0,22.2,22.1,20.4,20.9,23.4,21.9,22.1,21.84,0.94,0.1,72,75,25.9,18.78,0.0,-0.8703,-0.4925,22.7,21.0,21.0,station
2024-09-01,27.5,25.9,28.3,29.1,28.0,26.9,24.8,28.6,28.6,27.8,27.76,1.19,0.42,72,42,19.2,19.18,0.1,-0.8786,-0.4775,27.9,28.0,28.0,station
2024-09-02,26.9,24.9,28.9,27.7,27.5,27.7,24.9,29.4,27.5,28.9,27.18,1.47,-0.5,80,54,12.2,17.34,2.2,-0.8867,-0.4623,27.6,28.0,28.0,station
2024-09-03,22.8,22.1,24.1,23.1,24.1,22.3,22.5,23.8,20.7,23.2,23.24,0.86,0.74,89,93,15.4,7.68,4.3,-0.8945,-0.447,22.1,23.0,23.0,station
2024-09-04,20.5,19.3,22.2,21.2,22.0,19.8,18.8,19.8,22.7,22.4,21.04,1.18,0.34,87,89,10.7,11.52,3.4,-0.9021,-0.4315,21.1,21.0,21.0,station
2024-09-05,26.5,25.3,27.9,27.2,25.9,25.6,25.0,28.1,25.9,26.6,26.56,1.03,0.32,80,72,27.3,15.79,0.0,-0.9094,-0.4159,27.1,27.0,27.0,station
2024-09-06,26.3,23.8,27.2,26.2,26.7,23.8,23.1,26.1,27.0,25.3,26.04,1.31,0.98,68,38,19.4,16.5,7.0,-0.9164,-0.4002,25.7,27.0,27.0,station
2024-09-07,24.2,22.7,25.9,25.2,22.9,25.2,22.4,25.3,24.3,24.4,24.18,1.4,-0.14,85,75,13.4,16.07,0.0,-0.9232,-0.3844,24.5,25.0,25.0,station
2024-09-08,21.5,21.1,22.1,20.7,20.7,20.9,20.3,23.5,21.1,20.5,21.22,0.59,-0.04,75,50,22.1,16.75,1.2,-0.9296,-0.3685,21.2,22.0,22.0,station
2024-09-09,19.7,19.0,20.8,20.1,21.3,18.6,18.7,21.0,19.9,19.9,20.18,0.9,0.56,80,65,25.6,14.55,1.0,-0.9358,-0.3524,20.1,21.0,21.0,station
2024-09-10,18.1,16.7,16.7,19.0,17.9,17.6,16.4,17.3,17.4,18.5,17.68,0.99,0.24,78,88,33.4,5.68,12.5,-0.9418,-0.3363,17.4,18.0,18.0,station
2024-09-11,13.6,13.5,13.3,13.9,12.3,13.6,13.9,14.3,13.4,12.3,13.32,0.61,-0.18,82,81,25.9,11.95,24.4,-0.9474,-0.32,14.1,15.0,15.0,station
2024-09-12,13.4,13.3,14.0,12.8,15.2,12.7,12.8,13.2,13.5,14.0,13.74,0.92,0.5,82,61,14.8,12.63,2.0,-0.9528,-0.3037,13.5,14.0,14.0,station
2024-09-13,15.7,15.4,16.3,17.1,15.6,15.6,15.2,15.7,16.1,16.0,16.02,0.69,0.3,77,34,19.5,15.8,0.0,-0.9579,-0.2873,15.9,17.0,17.0,station
2024-09-14,16.9,16.5,17.5,18.2,17.2,16.5,16.6,17.0,17.7,16.6,17.26,0.64,0.38,71,58,12.8,13.83,0.0,-0.9627,-0.2707,17.0,17.0,17.0,station
2024-09-15,18.7,18.1,19.7,19.2,19.1,18.1,18.2,19.6,19.1,18.9,18.96,0.6,0.18,78,50,14.5,12.83,0.0,-0.9672,-0.2541,19.0,18.0,18.0,station
2024-09-16,18.4,18.0,19.5,19.3,19.2,18.9,18.2,19.1,19.3,19.1,18.88,0.65,-0.04,84,47,19.0,12.0,0.9,-0.9714,-0.2375,18.7,19.0,19.0,station
2024-09-17,19.2,18.5,20.9,19.8,19.5,19.3,18.1,20.1,20.7,19.7,19.58,0.88,0.0,84,77,25.7,10.5,0.1,-0.9753,-0.2207,18.7,19.0,19.0,station
2024-09-18,21.6,19.7,23.2,21.6,22.5,21.9,20.6,23.5,21.6,22.7,21.72,1.31,-0.34,87,27,20.2,15.54,0.0,-0.979,-0.2039,20.8,21.0,21.0,station
2024-09-19,22.2,20.6,24.5,21.7,22.1,22.5,21.6,24.4,22.8,22.5,22.22,1.42,-0.54,87,2,20.4,15.67,0.0,-0.9824,-0.187,21.7,21.0,21.0,station
2024-09-20,21.4,20.6,22.9,21.8,21.0,21.4,20.5,23.2,21.6,21.3,21.54,0.88,-0.06,78,5,20.4,15.6,0.0,-0.9854,-0.1701,22.0,22.0,22.0,station
2024-09-21,22.9,21.9,24.0,23.3,23.0,22.6,21.5,24.0,22.6,22.0,23.02,0.76,0.48,79,9,13.3,15.25,0.0,-0.9882,-0.1531,23.1,23.0,23.0,station
2024-09-22,22.5,21.7,24.1,24.0,23.4,21.8,21.4,24.3,23.3,22.9,23.14,1.03,0.4,81,78,14.1,12.38,0.6,-0.9907,-0.1361,22.9,23.0,23.0,station
2024-09-23,19.7,18.6,18.2,20.0,17.8,19.2,18.4,18.4,19.7,18.4,18.86,0.95,0.04,84,72,20.3,10.99,2.3,-0.9929,-0.1191,20.0,21.0,21.0,station
2024-09-24,16.9,16.9,18.5,18.5,17.0,17.8,16.7,16.6,19.3,17.4,17.56,0.86,0.0,86,55,21.6,10.13,4.2,-0.9948,-0.102,18.7,18.0,18.0,station
2024-09-25,15.0,14.6,16.0,16.0,14.7,14.5,14.5,13.8,14.9,14.7,15.26,0.69,0.78,87,96,19.1,5.66,9.3,-0.9964,-0.0848,16.1,17.0,17.0,station
2024-09-26,18.0,17.6,17.7,17.4,15.3,17.7,17.9,16.5,18.7,16.1,17.2,1.08,-0.18,86,78,32.6,11.34,16.5,-0.9977,-0.0677,18.1,18.0,18.0,station
2024-09-27,14.3,14.1,13.7,14.9,13.2,14.0,14.1,14.4,14.9,13.4,14.04,0.64,-0.12,80,75,36.1,2.9,16.9,-0.9987,-0.0505,13.9,15.0,15.0,station
2024-09-28,12.6,12.8,12.7,14.6,12.5,12.8,13.1,13.1,13.4,12.4,13.04,0.88,0.08,74,46,23.4,10.93,3.8,-0.9994,-0.0333,13.1,14.0,14.0,station
2024-09-29,13.9,14.0,14.2,14.3,13.6,13.9,14.1,14.8,14.8,13.2,14.0,0.27,-0.16,77,53,20.1,10.8,0.0,-0.9999,-0.0161,13.7,14.0,14.0,station
2024-09-30,14.7,14.6,13.8,14.5,14.7,14.7,13.8,14.4,15.0,14.8,14.46,0.38,-0.08,82,75,29.5,4.88,19.2,-1.0,0.0011,14.7,15.0,15.0,station
2024-10-01,14.4,14.3,13.4,15.1,13.9,14.5,14.1,15.4,15.1,14.1,14.22,0.63,-0.42,90,99,28.1,2.33,16.0,-0.9998,0.0183,14.5,14.0,14.0,station
2024-10-02,14.4,13.5,12.9,15.0,12.6,15.0,12.9,13.6,14.9,12.6,13.68,1.01,-0.12,84,87,23.8,7.17,1.9,-0.9994,0.0355,13.8,14.0,14.0,station
2024-10-03,14.3,13.9,14.9,14.5,14.1,14.1,13.9,14.5,14.1,13.5,14.34,0.38,0.32,77,16,23.4,11.89,0.0,-0.9986,0.0527,14.2,14.0,14.0,station
2024-10-04,14.4,13.7,15.0,15.0,14.2,14.7,14.1,15.0,14.8,14.2,14.46,0.55,-0.1,82,21,10.8,11.0,0.0,-0.9976,0.0698,14.4,15.0,15.0,station
2024-10-05,14.6,13.9,15.5,15.2,15.0,14.5,14.1,15.4,14.5,14.2,14.84,0.62,0.3,81,4,13.9,12.47,0.0,-0.9962,0.087,14.9,15.0,15.0,station
2024-10-06,14.4,13.8,15.5,15.1,15.2,15.1,14.1,16.0,14.1,12.9,14.8,0.69,0.36,82,63,23.7,10.32,0.1,-0.9946,0.1041,14.9,15.0,15.0,station
2024-10-07,17.7,17.1,17.8,18.1,17.5,17.5,17.0,18.5,18.1,17.9,17.64,0.37,-0.16,83,69,22.8,10.54,3.2,-0.9926,0.1212,17.5,18.0,18.0,station
2024-10-08,17.4,16.2,17.9,17.5,17.3,17.6,16.3,16.8,18.0,17.0,17.26,0.63,0.12,86,85,21.0,8.41,0.8,-0.9904,0.1383,17.1,17.0,17.0,station
2024-10-09,16.1,14.6,15.5,17.0,14.6,15.5,15.0,15.5,16.9,14.5,15.56,1.03,0.08,90,80,27.3,5.45,2.6,-0.9879,0.1553,16.3,16.0,16.0,station
2024-10-10,13.3,13.6,13.0,13.4,13.0,13.5,13.2,12.8,13.2,12.6,13.26,0.26,0.2,81,79,24.8,7.84,2.1,-0.9851,0.1722,13.9,14.0,14.0,station
2024-10-11,12.2,12.0,12.4,12.9,12.5,12.3,12.0,12.3,12.7,11.9,12.4,0.34,0.16,74,56,14.3,8.65,0.3,-0.9819,0.1892,12.3,13.0,13.0,station
2024-10-12,11.8,11.6,11.4,11.6,11.8,12.3,12.3,13.7,13.0,12.3,11.64,0.17,-1.08,87,85,26.5,5.63,1.8,-0.9785,0.206,12.8,12.0,12.0,station
2024-10-13,12.4,12.2,11.9,13.1,11.4,11.6,12.0,12.5,12.5,11.9,12.2,0.63,0.1,69,83,32.5,8.34,1.2,-0.9749,0.2228,12.7,13.0,13.0,station
2024-10-14,9.2,9.0,11.2,11.4,11.1,9.8,9.2,13.2,10.3,8.3,10.38,1.18,0.22,85,70,10.3,4.51,0.2,-0.9709,0.2396,11.8,12.0,12.0,station
2024-10-15,13.7,12.4,14.3,13.8,13.8,14.4,12.2,14.8,14.3,15.9,13.6,0.71,-0.72,85,70,20.9,9.32,0.0,-0.9666,0.2562,14.2,15.0,15.0,station
2024-10-16,20.9,19.4,20.8,21.0,21.0,21.1,19.6,21.1,20.4,21.9,20.62,0.69,-0.2,84,69,23.8,8.32,0.0,-0.9621,0.2728,20.3,20.0,20.0,station
2024-10-17,18.3,17.8,19.4,18.0,18.1,18.8,17.5,19.7,18.2,18.7,18.32,0.63,-0.26,88,94,26.6,5.84,1.6,-0.9572,0.2893,18.9,19.0,19.0,station
2024-10-18,17.3,16.6,18.4,18.3,17.8,16.6,16.4,20.0,15.9,16.3,17.68,0.75,0.64,96,97,11.0,5.39,0.3,-0.9521,0.3057,18.0,18.0,18.0,station
2024-10-19,16.2,15.3,17.3,15.4,16.5,15.5,14.4,17.3,16.5,14.3,16.14,0.83,0.54,91,95,20.7,4.87,1.5,-0.9467,0.3221,16.3,16.0,16.0,station
2024-10-20,16.8,16.5,17.1,16.0,17.7,17.6,16.6,16.9,15.9,17.7,16.82,0.64,-0.12,86,99,35.3,4.35,1.8,-0.941,0.3383,17.8,17.0,17.0,station
2024-10-21,16.5,16.1,17.4,16.1,17.3,17.2,16.0,17.0,16.4,17.3,16.68,0.63,-0.1,87,94,28.0,1.68,3.7,-0.9351,0.3545,17.5,15.0,15.0,station
2024-10-22,15.3,15.1,15.2,15.4,13.8,15.1,14.7,15.0,15.2,13.6,14.96,0.66,0.24,86,39,21.6,8.28,7.2,-0.9288,0.3705,15.2,16.0,16.0,station
2024-10-23,15.7,14.7,16.1,15.9,14.9,15.5,14.8,16.0,15.7,13.9,15.46,0.62,0.28,92,34,12.6,6.94,0.3,-0.9223,0.3864,15.6,14.0,14.0,station
2024-10-24,14.0,13.7,15.8,14.5,14.1,14.4,14.2,15.8,14.4,14.3,14.42,0.82,-0.2,90,6,13.7,8.98,0.0,-0.9155,0.4022,13.5,14.0,14.0,station
2024-10-25,17.8,16.6,18.6,18.1,18.5,17.7,16.6,18.2,17.7,18.1,17.92,0.8,0.26,93,39,13.1,8.05,2.6,-0.9085,0.4179,18.3,19.0,19.0,station
2024-10-26,18.3,17.2,18.3,19.0,18.7,18.1,16.8,19.2,19.1,18.3,18.3,0.68,0.0,94,50,12.2,7.89,0.0,-0.9012,0.4335,18.6,19.0,19.0,station
2024-10-27,14.6,14.3,14.9,15.8,15.1,15.1,14.5,15.5,15.6,14.6,14.94,0.57,-0.12,88,67,15.8,7.51,0.2,-0.8936,0.4489,15.1,16.0,16.0,station
2024-10-28,14.5,14.0,14.2,14.1,14.1,14.6,13.9,13.7,14.0,14.4,14.18,0.19,0.06,91,99,24.5,2.11,1.3,-0.8857,0.4642,15.3,15.0,15.0,station
2024-10-29,15.4,14.8,16.8,15.1,14.6,16.0,14.5,14.9,15.6,14.7,15.34,0.87,0.2,94,98,18.7,2.08,2.1,-0.8776,0.4794,15.3,16.0,16.0,station
2024-10-30,14.9,14.0,16.3,15.4,13.5,14.3,14.1,16.1,15.3,13.5,14.82,1.11,0.16,93,91,7.3,3.06,0.3,-0.8692,0.4944,14.7,14.0,14.0,station
2024-10-31,14.7,13.3,15.5,14.3,13.4,13.6,13.4,15.9,13.5,13.4,14.24,0.92,0.28,93,53,11.2,5.7,0.0,-0.8606,0.5093,14.9,15.0,15.0,station
2024-11-01,13.9,12.1,15.3,13.7,13.9,14.0,12.6,15.7,14.0,14.1,13.78,1.14,-0.3,91,87,17.6,2.39,0.3,-0.8517,0.524,13.6,13.0,13.0,station
2024-11-02,12.2,11.6,13.1,12.7,12.0,12.3,11.9,12.9,13.6,12.3,12.32,0.59,-0.28,81,89,14.4,5.38,0.0,-0.8426,0.5386,12.5,13.0,13.0,station
2024-11-03,11.2,10.1,12.6,10.8,11.3,10.6,9.8,12.3,10.3,9.7,11.2,0.91,0.66,90,9,9.3,7.19,0.0,-0.8332,0.553,11.8,12.0,12.0,station
2024-11-04,11.6,10.2,13.1,11.4,11.1,12.2,10.0,14.0,10.9,10.6,11.48,1.05,-0.06,92,21,14.5,7.06,0.0,-0.8235,0.5672,11.8,13.0,13.0,station
2024-11-05,10.3,8.7,12.8,10.9,10.3,11.0,9.5,12.2,11.2,10.4,10.6,1.48,-0.26,91,26,10.8,6.92,0.0,-0.8137,0.5813,10.6,12.0,12.0,station
2024-11-06,13.3,11.1,14.0,13.0,11.5,12.4,11.2,14.5,13.4,12.1,12.58,1.23,-0.14,92,99,7.0,2.78,0.0,-0.8035,0.5952,12.2,11.0,11.0,station
2024-11-07,9.7,8.8,12.5,8.7,8.5,8.7,9.2,13.4,10.5,9.1,9.64,1.66,-0.54,91,100,15.1,2.82,0.0,-0.7932,0.609,9.1,9.0,9.0,station
2024-11-08,7.5,5.7,10.1,6.6,6.6,8.6,6.0,11.7,7.0,7.5,7.3,1.69,-0.86,87,100,15.9,2.55,0.0,-0.7826,0.6225,5.8,5.0,5.0,station
2024-11-09,8.3,7.5,9.0,8.4,8.1,9.4,7.7,10.6,9.1,7.8,8.26,0.54,-0.66,88,100,10.8,2.13,0.2,-0.7718,0.6359,7.8,8.0,8.0,station
2024-11-10,10.9,10.1,11.2,11.8,9.3,11.0,10.1,12.5,11.7,10.4,10.66,0.98,-0.48,93,96,12.4,1.77,0.2,-0.7607,0.6491,10.3,10.0,10.0,station
2024-11-11,12.1,11.7,12.2,12.2,11.3,12.0,11.8,12.3,11.8,11.1,11.9,0.39,0.1,83,58,26.1,5.09,3.0,-0.7494,0.6621,12.0,13.0,13.0,station
2024-11-12,9.9,10.4,11.4,10.6,9.8,10.6,10.1,11.8,10.0,10.5,10.42,0.64,-0.18,86,61,24.8,5.12,0.0,-0.7379,0.6749,10.4,10.0,10.0,station
2024-11-13,12.0,10.6,12.3,11.0,12.3,11.2,10.4,12.6,10.9,11.8,11.64,0.79,0.26,86,99,9.8,2.71,0.0,-0.7262,0.6875,11.9,12.0,12.0,station
2024-11-14,12.1,11.4,12.6,11.7,11.2,11.8,11.4,12.5,11.7,10.8,11.8,0.56,0.16,84,96,11.3,2.74,0.1,-0.7143,0.6998,11.9,11.0,11.0,station
2024-11-15,11.6,10.7,12.2,12.0,10.5,11.7,10.8,12.9,12.0,10.9,11.4,0.76,-0.26,89,92,13.4,2.78,0.0,-0.7021,0.712,11.4,11.0,11.0,station
2024-11-16,11.7,10.5,11.8,11.0,10.8,11.6,10.4,12.0,12.0,11.2,11.16,0.57,-0.28,85,98,16.9,2.66,2.1,-0.6898,0.724,11.5,10.0,10.0,station
2024-11-17,10.1,10.5,10.1,10.5,10.2,9.9,10.3,10.7,10.2,9.8,10.28,0.2,0.1,82,85,20.9,3.99,9.6,-0.6772,0.7358,10.2,10.0,10.0,station
2024-11-18,8.1,7.8,9.1,9.0,7.1,8.1,7.8,8.8,8.3,7.1,8.22,0.84,0.2,80,80,16.1,4.11,11.2,-0.6645,0.7473,8.2,9.0,9.0,station
2024-11-19,4.7,5.2,10.8,5.1,5.1,4.7,5.3,10.7,10.0,9.5,6.18,2.59,-1.86,91,99,20.8,1.37,12.1,-0.6515,0.7586,5.2,5.0,5.0,station
2024-11-20,4.5,4.3,6.8,5.6,5.7,4.4,3.8,7.1,5.4,5.5,5.38,1.01,0.14,84,94,22.7,2.03,6.4,-0.6384,0.7697,4.4,6.0,6.0,station
2024-11-21,4.4,4.5,6.0,5.7,4.3,5.1,4.1,5.6,5.0,4.0,4.98,0.8,0.22,77,68,17.0,4.15,5.0,-0.625,0.7806,4.2,5.0,5.0,station
2024-11-22,3.8,5.5,7.0,6.7,5.8,5.1,5.7,6.5,5.8,5.6,5.76,1.26,0.02,83,94,22.7,2.2,11.4,-0.6115,0.7912,4.9,6.0,6.0,station
2024-11-23,8.3,8.1,7.5,6.4,6.3,5.9,8.6,6.1,4.4,4.7,7.32,0.93,1.38,86,98,34.0,1.37,9.4,-0.5978,0.8016,8.2,9.0,9.0,station
2024-11-24,16.7,15.5,16.0,15.2,13.5,16.8,15.6,15.5,14.8,12.8,15.38,1.19,0.28,67,97,33.0,3.74,2.6,-0.584,0.8118,17.3,16.0,16.0,station
2024-11-25,15.9,15.6,15.8,14.4,13.7,16.3,15.7,15.4,14.1,13.0,15.08,0.98,0.18,77,91,33.1,0.97,6.2,-0.5699,0.8217,16.8,16.0,16.0,station
2024-11-26,9.7,9.4,9.6,10.2,9.1,9.4,9.2,9.4,9.6,9.8,9.6,0.41,0.12,87,63,18.0,2.15,3.7,-0.5557,0.8314,9.0,10.0,10.0,station
2024-11-27,10.9,10.4,10.7,10.7,10.6,10.7,10.0,10.6,10.2,10.5,10.66,0.18,0.26,91,96,37.1,0.44,13.8,-0.5413,0.8408,10.9,11.0,11.0,station
2024-11-28,9.4,9.1,9.5,9.9,7.9,8.9,9.3,9.4,9.5,7.8,9.16,0.76,0.18,77,38,23.2,3.66,0.6,-0.5268,0.85,9.6,10.0,10.0,station
2024-11-29,6.1,6.0,7.1,5.2,4.9,4.7,5.8,7.0,4.9,4.0,5.86,0.86,0.58,88,30,13.9,4.4,0.0,-0.5121,0.859,7.4,8.0,8.0,station
2024-11-30,6.2,5.8,6.7,6.6,4.7,5.1,5.7,6.5,6.1,4.2,6.0,0.81,0.48,85,54,15.9,3.6,0.0,-0.4972,0.8676,6.4,6.0,6.0,station
2024-12-01,8.8,8.2,9.0,7.9,7.7,8.2,7.6,8.4,8.2,7.7,8.32,0.56,0.3,80,91,18.9,3.65,0.0,-0.4822,0.8761,8.0,8.0,8.0,station
2024-12-02,10.4,10.5,10.7,10.7,10.2,10.7,10.5,11.4,10.9,10.4,10.5,0.21,-0.28,93,84,21.3,2.22,4.1,-0.4671,0.8842,10.7,11.0,11.0,station
2024-12-03,7.7,8.5,8.5,8.4,8.0,7.5,8.5,8.0,8.3,7.4,8.22,0.36,0.28,78,79,19.3,3.18,1.3,-0.4518,0.8921,8.0,8.0,8.0,station
2024-12-04,6.7,7.0,6.8,7.1,6.5,6.6,6.3,7.3,7.0,6.4,6.82,0.24,0.1,86,90,13.7,1.12,1.1,-0.4364,0.8998,5.9,6.0,6.0,station
2024-12-05,9.7,9.1,9.9,9.2,11.2,10.4,8.9,9.0,8.5,11.0,9.82,0.84,0.26,93,100,28.5,0.62,13.7,-0.4208,0.9071,10.3,12.0,12.0,station
2024-12-06,10.4,9.4,11.3,11.2,10.8,11.1,9.4,11.9,10.7,11.3,10.62,0.77,-0.26,80,77,36.1,2.23,12.3,-0.4052,0.9142,11.0,11.0,11.0,station
2024-12-07,9.3,9.4,10.1,8.9,8.8,9.2,9.9,10.0,9.2,8.2,9.3,0.51,0.0,85,91,30.7,2.51,3.9,-0.3894,0.9211,9.7,10.0,10.0,station
2024-12-08,6.5,7.5,7.4,6.7,6.4,7.0,7.0,7.0,6.6,5.8,6.9,0.51,0.22,92,86,20.1,2.64,3.0,-0.3735,0.9276,7.1,8.0,8.0,station
2024-12-09,6.6,6.0,6.6,6.3,5.7,6.4,6.3,7.0,6.2,5.3,6.24,0.39,0.0,81,93,26.0,1.05,0.2,-0.3575,0.9339,6.7,7.0,7.0,station
2024-12-10,5.8,5.2,6.1,5.4,5.3,5.4,5.1,6.7,5.0,5.2,5.56,0.38,0.08,81,100,19.9,1.31,0.0,-0.3413,0.9399,5.7,6.0,6.0,station
2024-12-11,4.7,4.6,6.2,5.2,4.6,4.7,4.4,5.8,4.7,4.4,5.06,0.68,0.26,84,89,13.0,1.57,0.0,-0.3251,0.9457,4.6,5.0,5.0,station
2024-12-12,6.0,5.8,8.4,6.3,6.5,7.8,5.5,8.5,6.6,5.5,6.6,1.04,-0.18,90,100,11.5,1.05,0.3,-0.3088,0.9511,6.6,5.0,5.0,station
2024-12-13,3.9,3.6,6.5,4.3,2.7,4.2,4.5,6.4,4.7,2.7,4.2,1.41,-0.3,87,95,10.3,2.26,0.0,-0.2924,0.9563,3.7,4.0,4.0,station
2024-12-14,6.4,6.6,7.5,7.4,6.8,6.7,6.4,7.6,7.7,6.7,6.94,0.49,-0.08,89,97,15.6,0.96,1.7,-0.2759,0.9612,6.7,7.0,7.0,station
2024-12-15,10.9,10.2,10.6,10.4,10.1,10.5,10.0,10.3,10.6,9.7,10.44,0.32,0.22,89,98,22.7,0.76,0.5,-0.2593,0.9658,11.0,11.0,11.0,station
2024-12-16,10.9,10.2,10.8,10.9,10.0,11.0,10.0,10.8,10.6,9.7,10.56,0.43,0.14,86,100,23.3,0.99,0.2,-0.2427,0.9701,11.0,11.0,11.0,station
2024-12-17,9.6,9.4,10.3,9.9,9.7,9.6,9.3,10.0,10.0,9.6,9.78,0.34,0.08,90,84,19.6,1.74,0.1,-0.226,0.9741,9.7,10.0,10.0,station
2024-12-18,12.9,12.5,13.3,12.3,11.8,12.9,12.3,13.2,12.0,11.7,12.56,0.57,0.14,84,100,33.9,0.8,0.6,-0.2092,0.9779,13.4,13.0,13.0,station
2024-12-19,12.2,11.7,13.2,12.3,11.5,12.0,11.4,13.2,11.8,11.4,12.18,0.66,0.22,86,94,34.8,0.67,14.2,-0.1923,0.9813,12.4,13.0,13.0,station
2024-12-20,7.2,6.7,7.5,7.2,6.0,7.4,6.9,7.3,7.3,7.2,6.92,0.59,-0.3,76,72,23.2,2.88,1.1,-0.1754,0.9845,7.5,8.0,8.0,station
2024-12-21,10.0,9.9,10.4,10.4,9.8,10.1,9.8,10.6,10.1,10.0,10.1,0.28,-0.02,92,99,29.7,1.08,6.7,-0.1585,0.9874,10.2,11.0,11.0,station
2024-12-22,9.3,9.3,8.5,9.2,7.0,9.2,8.9,8.2,8.3,7.1,8.66,0.99,0.32,79,82,27.4,2.07,8.3,-0.1414,0.9899,8.8,9.0,9.0,station
2024-12-23,8.3,7.7,7.6,8.2,7.0,8.1,7.8,7.2,8.1,6.6,7.76,0.52,0.2,75,45,26.2,3.07,2.8,-0.1244,0.9922,8.2,8.0,8.0,station
2024-12-24,9.2,9.2,7.9,8.8,8.8,9.8,9.5,6.8,9.5,7.3,8.78,0.53,0.2,91,99,15.6,0.61,1.0,-0.1073,0.9942,9.0,9.0,9.0,station
2024-12-25,10.6,9.3,10.7,10.9,9.7,10.7,9.6,10.7,10.5,9.7,10.24,0.7,0.0,98,100,10.3,1.03,0.1,-0.0902,0.9959,10.2,10.0,10.0,station
2024-12-26,9.2,8.3,10.4,9.7,8.1,9.0,8.7,10.3,9.9,7.4,9.14,0.96,0.08,97,100,9.3,0.86,0.2,-0.073,0.9973,8.9,9.0,9.0,station
2024-12-27,6.9,7.2,8.6,7.7,6.5,8.0,7.4,9.2,8.8,6.8,7.38,0.81,-0.66,96,99,8.8,2.08,0.0,-0.0559,0.9984,6.6,5.0,5.0,station
2024-12-28,3.1,2.2,7.0,3.8,2.9,5.6,5.0,7.9,5.4,5.5,3.8,1.88,-2.08,96,100,9.5,1.55,0.0,-0.0387,0.9993,3.0,3.0,3.0,station
2024-12-29,7.3,5.8,7.4,7.6,6.6,7.3,5.6,8.1,7.7,7.1,6.94,0.74,-0.22,93,100,14.8,1.11,0.0,-0.0215,0.9998,7.1,7.0,7.0,station
2024-12-30,8.2,7.5,9.0,8.5,7.7,8.0,7.0,9.1,8.7,7.4,8.18,0.61,0.14,90,100,20.4,1.49,0.0,-0.0043,1.0,8.3,9.0,9.0,station
2024-12-31,9.0,7.1,8.7,7.3,7.8,9.2,6.8,9.4,6.6,7.4,7.98,0.84,0.1,86,100,27.5,1.17,0.0,0.0129,0.9999,8.1,,,
2025-01-01,10.2,9.5,10.5,8.7,8.5,10.0,9.0,10.6,8.1,8.3,9.48,0.88,0.28,84,100,36.1,0.56,15.9,0.0172,0.9999,9.8,9.0,9.0,station
2025-01-02,6.3,6.4,7.2,6.5,6.0,6.5,5.7,6.3,6.9,5.5,6.48,0.44,0.3,81,53,24.3,3.17,1.5,0.0344,0.9994,6.8,6.0,6.0,station
2025-01-03,4.1,4.7,5.1,5.9,3.6,4.3,4.4,5.0,5.1,3.6,4.68,0.89,0.2,80,52,21.6,2.32,3.9,0.0516,0.9987,4.8,5.0,5.0,station
2025-01-04,3.6,3.3,4.1,4.4,4.2,3.0,3.5,3.4,5.0,2.8,3.92,0.45,0.38,92,92,15.0,1.63,1.1,0.0688,0.9976,3.6,4.0,4.0,station
2025-01-05,11.0,10.7,10.3,10.4,9.8,11.4,10.8,10.0,10.0,8.8,10.44,0.45,0.24,94,100,28.5,0.55,18.7,0.0859,0.9963,11.3,12.0,12.0,station
2025-01-06,12.4,11.6,11.5,10.7,10.1,11.9,12.1,11.5,10.8,10.1,11.26,0.88,-0.02,84,89,41.2,1.19,8.8,0.103,0.9947,12.2,12.0,12.0,station
2025-01-07,4.8,5.4,5.8,5.5,4.5,4.4,5.2,5.8,5.3,4.3,5.2,0.53,0.2,80,67,21.9,3.54,4.0,0.1201,0.9928,5.0,6.0,6.0,station
2025-01-08,5.2,4.9,4.9,4.7,4.1,5.4,4.9,5.2,5.0,4.2,4.76,0.41,-0.18,83,73,19.0,3.29,1.9,0.1372,0.9905,5.3,5.0,5.0,station
2025-01-09,5.3,4.5,5.8,5.9,4.3,5.8,4.3,5.7,5.7,3.7,5.16,0.73,0.12,88,76,18.5,3.19,5.6,0.1542,0.988,5.4,6.0,6.0,station
2025-01-10,3.7,4.6,4.8,5.5,4.1,5.0,4.7,5.3,6.1,4.1,4.54,0.69,-0.5,84,40,18.3,3.4,8.4,0.1712,0.9852,5.1,5.0,5.0,station
2025-01-11,4.6,4.4,5.4,5.0,3.8,2.9,4.2,6.0,2.9,4.0,4.64,0.61,0.64,83,36,12.5,3.62,0.0,0.1881,0.9821,4.6,6.0,6.0,station
2025-01-12,4.6,5.1,6.1,3.7,4.5,6.2,5.3,6.6,4.5,3.4,4.8,0.88,-0.4,80,73,8.4,2.1,0.0,0.205,0.9788,5.1,6.0,6.0,station
2025-01-13,3.4,2.9,4.3,1.6,0.7,3.6,3.0,4.2,2.3,0.7,2.58,1.43,-0.18,87,42,12.3,4.55,0.0,0.2218,0.9751,4.2,5.0,5.0,station
2025-01-14,6.6,6.3,7.3,6.9,6.8,6.3,6.3,7.4,7.4,6.7,6.78,0.37,-0.04,88,93,16.3,2.18,0.1,0.2385,0.9711,6.9,8.0,8.0,station
2025-01-15,8.8,7.0,8.7,7.5,8.5,7.8,7.0,8.4,8.4,7.4,8.1,0.8,0.3,97,92,8.9,1.66,0.2,0.2552,0.9669,8.7,8.0,8.0,station
2025-01-16,6.9,5.8,7.3,7.0,5.1,5.8,5.8,7.3,6.7,5.7,6.42,0.93,0.16,97,100,11.0,2.02,0.0,0.2718,0.9624,6.9,7.0,7.0,station
2025-01-17,2.7,2.6,6.0,2.6,2.7,2.7,2.4,6.3,1.8,2.7,3.32,1.5,0.14,93,100,10.4,2.49,0.0,0.2883,0.9575,3.8,1.0,1.0,station
2025-01-18,2.1,0.4,6.1,1.7,0.4,3.3,0.8,6.3,2.1,0.7,2.14,2.34,-0.5,94,73,8.6,2.89,0.0,0.3047,0.9524,2.0,0.0,0.0,station
2025-01-19,1.9,0.1,4.6,0.1,-0.3,2.9,-0.0,5.0,0.7,-0.7,1.28,2.04,-0.3,96,87,7.1,1.98,0.0,0.3211,0.9471,-0.2,0.0,0.0,station
2025-01-20,0.4,1.0,3.7,2.1,1.1,2.3,1.2,4.1,2.4,0.0,1.66,1.29,-0.34,92,100,11.3,1.17,0.0,0.3373,0.9414,0.9,1.0,1.0,station
2025-01-21,3.5,2.0,4.6,3.9,2.5,3.4,2.4,5.0,2.9,0.1,3.3,1.05,0.54,92,97,11.4,3.16,0.0,0.3534,0.9355,2.8,1.0,1.0,station
2025-01-22,2.8,4.0,3.5,3.0,3.0,2.8,4.1,3.9,3.3,1.8,3.26,0.49,0.08,93,100,12.3,1.05,6.2,0.3695,0.9292,3.3,4.0,4.0,station
2025-01-23,6.1,5.9,6.7,6.9,6.4,5.7,6.4,7.3,6.6,4.6,6.4,0.41,0.28,89,82,28.5,3.28,4.1,0.3854,0.9227,6.7,7.0,7.0,station
2025-01-24,9.4,8.6,8.6,7.7,8.2,9.8,9.0,8.8,8.4,8.6,8.5,0.62,-0.42,86,97,32.7,0.68,3.3,0.4012,0.916,10.0,9.0,9.0,station
2025-01-25,8.2,7.3,6.0,7.0,6.8,7.9,8.0,6.3,6.8,6.5,7.06,0.8,-0.04,89,98,17.0,2.78,3.3,0.4169,0.9089,8.0,7.0,7.0,station
2025-01-26,5.9,6.1,5.4,4.5,4.2,7.1,7.2,4.9,4.5,5.7,5.22,0.84,-0.66,87,85,27.7,5.3,2.2,0.4325,0.9016,5.2,6.0,6.0,station
2025-01-27,9.9,9.6,8.9,9.9,9.0,10.1,9.2,8.8,9.4,8.7,9.46,0.48,0.22,80,61,32.0,4.98,4.6,0.4479,0.8941,10.6,11.0,11.0,station
2025-01-28,8.4,8.3,7.7,8.5,7.9,8.7,8.4,7.7,9.0,8.4,8.16,0.34,-0.28,80,69,24.7,2.84,3.8,0.4633,0.8862,8.9,9.0,9.0,station
2025-01-29,7.6,7.7,8.1,8.0,7.3,7.4,7.8,7.7,7.7,7.1,7.74,0.32,0.2,88,93,29.7,3.92,4.3,0.4784,0.8781,8.1,8.0,8.0,station
2025-01-30,6.5,6.1,7.0,7.4,6.4,7.3,6.3,7.1,7.2,6.3,6.68,0.52,-0.16,89,76,13.7,2.88,1.6,0.4935,0.8698,7.1,7.0,7.0,station
2025-01-31,6.4,5.9,6.5,6.4,5.4,6.6,6.4,6.9,5.4,5.3,6.12,0.47,0.0,89,47,11.1,5.17,0.0,0.5084,0.8611,6.4,6.0,6.0,station
2025-02-01,5.9,4.6,6.3,5.0,3.5,5.5,4.7,6.2,3.1,3.6,5.06,1.11,0.44,90,0,9.2,6.56,0.0,0.5231,0.8523,5.5,7.0,7.0,station
2025-02-02,3.1,2.8,5.4,2.9,1.9,3.6,3.5,5.7,1.3,-0.2,3.22,1.3,0.44,88,26,10.0,6.85,0.0,0.5377,0.8432,3.7,4.0,4.0,station
2025-02-03,5.1,3.1,6.2,4.0,2.3,5.1,2.2,6.8,1.7,1.7,4.14,1.55,0.64,89,41,11.4,6.61,0.0,0.5521,0.8338,5.8,7.0,7.0,station
2025-02-04,6.0,4.0,8.1,6.7,4.8,7.5,4.4,8.1,6.8,5.3,5.92,1.61,-0.5,91,95,19.5,3.01,0.0,0.5664,0.8242,5.1,6.0,6.0,station
2025-02-05,8.2,6.9,8.4,8.2,8.0,8.0,6.8,8.5,8.1,7.4,7.94,0.6,0.18,90,74,16.0,6.26,0.0,0.5805,0.8143,8.3,9.0,9.0,station
2025-02-06,5.5,5.9,7.3,7.6,6.2,7.0,6.1,7.1,6.8,6.3,6.5,0.91,-0.16,91,65,17.3,4.79,0.0,0.5944,0.8042,7.0,7.0,7.0,station
2025-02-07,4.4,3.9,6.0,3.5,3.6,3.4,3.7,5.3,4.0,3.1,4.28,1.02,0.38,79,86,29.4,3.74,0.0,0.6081,0.7938,4.5,4.0,4.0,station
2025-02-08,7.1,6.0,6.6,8.1,7.2,4.8,4.6,6.2,5.4,6.9,7.0,0.78,1.42,76,99,18.6,3.48,0.0,0.6217,0.7833,7.4,7.0,7.0,station
2025-02-09,5.3,4.7,7.3,5.8,4.9,6.3,4.2,6.9,6.8,4.8,5.6,1.04,-0.2,83,100,16.4,2.36,0.0,0.6351,0.7725,5.1,5.0,5.0,station
2025-02-10,3.3,2.1,4.4,2.9,2.9,3.4,1.9,6.1,3.2,2.2,3.12,0.84,-0.24,84,86,22.9,3.86,2.8,0.6483,0.7614,3.3,3.0,3.0,station
2025-02-11,3.5,3.2,4.7,4.6,3.8,3.5,3.5,4.9,4.6,4.0,3.96,0.67,-0.14,96,100,21.1,1.36,12.5,0.6613,0.7502,3.7,4.0,4.0,station
2025-02-12,4.8,3.6,4.2,5.9,4.6,4.3,2.8,4.2,6.4,3.9,4.62,0.85,0.3,90,100,11.0,3.93,3.9,0.6741,0.7387,6.0,6.0,6.0,station
2025-02-13,2.1,2.3,3.3,3.3,1.3,2.5,1.8,5.0,3.9,2.1,2.46,0.85,-0.6,85,97,18.9,3.8,1.2,0.6867,0.727,2.6,3.0,3.0,station
2025-02-14,3.4,2.3,3.2,2.9,1.4,3.2,2.1,3.8,3.4,0.6,2.64,0.81,0.02,80,87,9.4,4.98,0.0,0.6991,0.715,3.5,4.0,4.0,station
2025-02-15,3.0,2.9,3.6,2.6,1.7,3.5,2.8,3.3,2.3,-0.6,2.76,0.69,0.5,79,98,9.2,3.19,0.2,0.7113,0.7029,2.9,4.0,4.0,station
2025-02-16,3.4,2.2,4.1,3.5,2.0,2.7,2.1,4.4,3.2,0.7,3.04,0.9,0.42,76,73,20.8,7.55,0.0,0.7233,0.6906,3.5,4.0,4.0,station
2025-02-17,2.3,1.1,2.9,2.2,1.0,1.8,1.1,3.9,2.0,0.3,1.9,0.82,0.08,69,7,10.8,9.5,0.0,0.735,0.678,3.3,2.0,2.0,station
2025-02-18,3.6,1.5,3.4,2.6,0.7,3.3,1.3,3.7,3.0,0.4,2.36,1.24,0.02,60,33,16.2,9.33,0.0,0.7466,0.6653,3.4,3.0,3.0,station
2025-02-19,4.7,3.5,4.4,4.3,2.7,5.5,3.5,4.1,4.0,2.4,3.92,0.81,0.02,55,81,17.2,6.88,0.0,0.7579,0.6523,4.5,5.0,5.0,station
2025-02-20,10.4,9.8,9.9,10.2,10.6,9.6,10.0,9.0,10.1,10.9,10.18,0.33,0.26,87,95,19.0,2.58,0.6,0.769,0.6392,10.8,11.0,11.0,station
2025-02-21,16.4,13.9,14.9,16.9,15.0,15.1,13.4,14.7,16.1,15.0,15.42,1.22,0.56,83,99,20.6,8.6,1.5,0.7799,0.6259,16.9,17.0,17.0,station
2025-02-22,12.4,12.1,12.3,12.4,12.2,11.9,11.7,11.4,11.6,11.9,12.28,0.13,0.58,92,96,20.5,2.87,5.9,0.7906,0.6124,11.5,12.0,12.0,station
2025-02-23,13.3,10.6,12.5,13.5,11.6,13.0,10.4,12.3,13.4,10.9,12.3,1.21,0.3,84,66,21.7,8.75,0.0,0.801,0.5987,13.6,14.0,14.0,station
2025-02-24,11.2,10.5,11.6,10.8,10.3,11.0,10.1,10.1,10.6,9.6,10.88,0.53,0.6,80,88,23.7,2.23,4.2,0.8112,0.5848,11.6,12.0,12.0,station
2025-02-25,10.1,8.9,10.6,11.1,8.4,9.0,8.5,10.3,9.0,8.9,9.82,1.14,0.68,92,79,15.4,6.95,0.3,0.8211,0.5708,10.9,11.0,11.0,station
2025-02-26,9.9,8.2,10.3,9.8,9.1,8.8,8.2,9.8,9.0,8.6,9.46,0.83,0.58,81,65,22.0,9.68,3.0,0.8308,0.5566,10.1,11.0,11.0,station
2025-02-27,7.0,6.7,7.3,7.5,6.3,7.7,6.7,7.5,7.3,6.1,6.96,0.48,-0.1,87,76,23.3,8.14,2.8,0.8402,0.5422,7.8,8.0,8.0,station
2025-02-28,8.0,6.5,8.8,8.5,5.8,7.9,6.3,9.0,7.8,7.0,7.52,1.31,-0.08,85,55,16.3,8.2,0.4,0.8495,0.5277,7.7,7.0,7.0,station
2025-03-01,7.4,6.1,9.1,8.4,7.7,7.7,5.9,9.5,8.9,7.3,7.74,1.13,-0.12,87,71,11.8,5.79,0.0,0.8584,0.513,7.5,8.0,8.0,station
2025-03-02,7.5,6.1,9.5,8.5,7.1,7.6,6.2,9.6,8.1,7.2,7.74,1.31,0.0,90,49,4.3,11.55,0.0,0.8671,0.4981,8.0,10.0,10.0,station
2025-03-03,7.5,6.7,9.7,9.0,8.4,8.3,7.0,9.7,7.1,7.1,8.26,1.19,0.42,91,68,5.1,11.53,0.0,0.8755,0.4831,8.8,10.0,10.0,station
2025-03-04,9.4,7.7,10.9,10.9,8.9,8.5,7.7,10.6,9.9,7.2,9.56,1.37,0.78,86,59,12.1,10.7,0.0,0.8837,0.468,10.4,11.0,11.0,station
2025-03-05,13.3,11.2,14.0,14.5,11.5,12.9,11.1,13.9,13.6,10.2,12.9,1.48,0.56,79,1,14.3,12.96,0.0,0.8916,0.4527,13.3,14.0,14.0,station
2025-03-06,14.4,12.1,15.0,16.0,14.6,14.2,12.1,15.3,15.9,12.8,14.42,1.44,0.36,79,15,12.5,12.38,0.0,0.8993,0.4373,15.3,17.0,17.0,station
2025-03-07,15.6,13.7,16.6,17.6,16.1,15.9,13.9,16.3,17.5,15.2,15.92,1.44,0.16,74,20,12.8,12.73,0.0,0.9067,0.4218,16.4,18.0,18.0,station
2025-03-08,16.6,14.6,17.4,19.1,18.0,16.4,14.6,16.8,18.3,16.6,17.14,1.69,0.6,66,5,14.3,13.3,0.0,0.9138,0.4061,18.1,19.0,19.0,station
2025-03-09,15.9,14.2,16.8,17.3,17.7,15.7,13.7,16.4,16.7,16.2,16.38,1.39,0.64,69,22,12.3,13.13,0.0,0.9207,0.3904,17.1,18.0,18.0,station
2025-03-10,14.3,12.3,14.8,15.0,14.9,13.4,11.7,14.6,14.3,14.4,14.26,1.13,0.58,78,40,12.5,13.43,0.0,0.9272,0.3745,14.3,15.0,15.0,station
2025-03-11,8.1,6.8,8.1,8.4,7.8,7.7,6.6,8.0,8.3,7.0,7.84,0.62,0.32,80,88,17.2,7.66,0.1,0.9335,0.3585,8.0,8.0,8.0,station
2025-03-12,7.5,6.7,7.9,7.4,7.3,7.5,6.8,7.9,7.5,7.4,7.36,0.43,-0.06,82,46,13.5,11.68,1.4,0.9396,0.3424,7.5,8.0,8.0,station
2025-03-13,7.5,6.2,7.2,6.3,5.8,7.2,6.2,7.1,6.5,6.6,6.6,0.72,-0.12,83,32,13.4,10.97,2.8,0.9453,0.3261,7.1,7.0,7.0,station
2025-03-14,6.3,5.6,7.1,7.5,5.4,6.9,5.5,7.0,7.2,5.8,6.38,0.91,-0.1,72,32,14.8,12.28,0.4,0.9508,0.3098,6.2,7.0,7.0,station
2025-03-15,6.1,5.0,7.1,6.7,6.2,6.7,5.5,7.4,7.1,6.6,6.22,0.79,-0.44,69,65,17.9,10.97,0.1,0.956,0.2934,6.4,7.0,7.0,station
2025-03-16,7.9,6.8,9.6,9.1,8.7,7.8,6.8,9.6,8.8,8.8,8.42,1.1,0.06,80,36,13.5,13.26,0.0,0.9609,0.2769,8.2,9.0,9.0,station
2025-03-17,8.6,7.2,8.7,9.4,8.5,8.4,7.1,8.7,9.5,8.0,8.48,0.8,0.14,71,39,17.9,14.71,0.0,0.9655,0.2604,9.4,10.0,10.0,station
2025-03-18,9.1,8.4,10.4,10.4,9.5,9.2,8.0,10.6,9.7,9.3,9.56,0.86,0.2,56,0,16.0,16.06,0.0,0.9698,0.2437,10.0,11.0,11.0,station
2025-03-19,13.6,12.7,14.8,15.6,15.6,13.5,12.0,14.2,14.2,15.5,14.46,1.28,0.58,65,0,12.2,15.89,0.0,0.9739,0.227,14.4,16.0,16.0,station
2025-03-20,16.3,14.1,16.5,17.4,17.7,15.6,14.1,16.3,16.8,16.5,16.4,1.41,0.54,74,15,10.2,15.45,0.0,0.9777,0.2102,17.1,18.0,18.0,station
2025-03-21,18.8,17.0,20.0,21.5,21.2,18.9,16.4,19.9,20.8,21.0,19.7,1.85,0.3,67,63,21.7,15.92,0.0,0.9811,0.1934,20.0,21.0,21.0,station
2025-03-22,15.0,14.9,16.8,18.9,18.4,15.6,14.2,17.3,17.5,19.2,16.8,1.86,0.04,64,84,18.5,12.87,0.4,0.9843,0.1765,17.5,18.0,18.0,station
2025-03-23,15.1,13.8,14.9,17.2,17.7,15.5,13.5,13.7,16.2,18.1,15.74,1.65,0.34,81,52,13.6,13.06,0.3,0.9872,0.1595,16.0,17.0,17.0,station
2025-03-24,11.5,10.6,14.2,12.8,15.7,14.2,9.9,11.4,12.5,14.1,12.96,2.05,0.54,89,61,13.5,13.35,0.1,0.9898,0.1425,11.6,13.0,13.0,station
2025-03-25,11.6,9.7,12.5,12.0,11.6,11.4,9.5,13.1,11.6,11.8,11.48,1.06,0.0,84,77,14.2,12.84,0.6,0.9921,0.1255,11.7,11.0,11.0,station
2025-03-26,12.4,9.7,14.5,12.8,12.1,12.5,9.4,14.3,13.0,11.2,12.3,1.72,0.22,83,62,13.7,9.58,0.3,0.9941,0.1084,11.6,12.0,12.0,station
2025-03-27,13.6,11.4,15.3,14.8,14.4,14.2,11.5,15.4,15.3,15.1,13.9,1.53,-0.4,85,39,7.6,16.99,0.0,0.9958,0.0913,14.2,15.0,15.0,station
2025-03-28,11.7,10.7,13.8,11.7,11.0,11.3,11.0,14.0,13.0,10.9,11.78,1.21,-0.26,88,67,16.1,7.67,0.6,0.9972,0.0741,11.3,11.0,11.0,station
2025-03-29,10.5,9.8,11.0,10.7,10.8,10.3,10.0,10.6,10.3,10.8,10.56,0.46,0.16,78,59,14.7,16.26,0.0,0.9984,0.057,10.5,11.0,11.0,station
2025-03-30,11.3,11.3,11.3,11.1,11.5,11.3,11.4,11.5,11.3,11.9,11.3,0.14,-0.18,76,64,28.3,15.25,0.8,0.9992,0.0398,11.6,12.0,12.0,station
2025-03-31,11.7,9.8,13.1,11.7,12.6,11.7,9.9,13.0,11.2,12.6,11.78,1.26,0.1,77,25,17.3,15.13,0.0,0.9997,0.0226,11.7,12.0,12.0,station
2025-04-01,13.0,11.9,13.8,14.2,13.4,12.9,12.0,13.9,13.5,14.1,13.26,0.88,-0.02,73,4,19.3,17.84,0.0,1.0,0.0054,13.2,14.0,14.0,station
2025-04-02,15.7,14.8,16.6,17.0,16.6,15.3,14.2,16.3,16.4,16.9,16.14,0.89,0.32,65,8,22.1,18.74,0.0,0.9999,-0.0118,16.2,17.0,17.0,station
2025-04-03,17.8,16.6,19.4,20.3,19.5,17.5,16.6,19.0,19.1,19.4,18.72,1.49,0.4,63,3,17.9,19.12,0.0,0.9996,-0.029,18.6,20.0,20.0,station
2025-04-04,18.6,18.0,20.2,20.6,20.9,17.9,17.8,18.7,19.8,20.0,19.66,1.28,0.82,67,0,17.3,19.54,0.0,0.9989,-0.0462,19.8,20.0,20.0,station
2025-04-05,13.6,13.3,14.9,15.4,14.8,13.8,13.9,15.6,15.9,15.4,14.4,0.9,-0.52,70,8,20.9,19.75,0.0,0.998,-0.0634,13.5,15.0,15.0,station
2025-04-06,11.0,10.7,12.6,11.8,12.1,11.0,10.3,12.3,11.9,11.5,11.64,0.78,0.24,52,0,16.8,20.38,0.0,0.9968,-0.0805,11.6,12.0,12.0,station
2025-04-07,11.5,11.4,13.4,12.9,13.5,11.8,11.3,14.5,13.3,13.2,12.54,1.02,-0.28,66,8,14.8,20.18,0.0,0.9952,-0.0977,12.1,13.0,13.0,station
2025-04-08,13.2,12.4,14.6,14.1,14.9,12.2,12.2,13.6,12.7,14.3,13.84,1.03,0.84,69,29,12.3,20.01,0.0,0.9934,-0.1148,13.3,14.0,14.0,station
2025-04-09,12.8,10.0,14.3,12.5,13.8,12.6,10.1,14.8,12.7,14.2,12.68,1.67,-0.2,78,69,15.1,17.51,0.0,0.9913,-0.1319,12.5,11.0,11.0,station
2025-04-10,11.3,9.1,14.0,12.5,12.4,12.1,9.6,15.4,13.0,13.9,11.86,1.82,-0.94,77,45,12.8,18.47,0.0,0.9889,-0.1489,13.0,13.0,13.0,station
2025-04-11,14.9,13.5,15.7,15.4,14.9,14.6,12.7,16.0,15.3,14.8,14.88,0.84,0.2,81,37,12.5,20.76,0.0,0.9861,-0.1659,15.7,16.0,16.0,station
2025-04-12,19.8,18.9,21.5,23.0,22.1,20.0,19.1,21.6,22.3,22.0,21.06,1.68,0.06,70,9,19.5,21.02,0.0,0.9831,-0.1828,20.6,22.0,22.0,station
2025-04-13,15.6,15.6,15.9,15.4,17.4,15.1,15.7,15.6,16.3,16.8,15.98,0.81,0.08,74,61,18.9,18.77,5.2,0.9799,-0.1997,16.0,17.0,17.0,station
2025-04-14,15.7,14.5,17.0,17.4,17.3,15.1,14.4,17.6,16.4,16.9,16.38,1.25,0.3,71,68,14.2,17.14,0.5,0.9763,-0.2165,15.6,16.0,16.0,station
2025-04-15,17.5,17.3,20.8,18.8,21.8,16.2,16.6,18.5,19.7,22.7,19.24,2.0,0.5,77,83,15.0,14.02,9.9,0.9724,-0.2333,18.8,21.0,21.0,station
2025-04-16,13.6,13.3,13.9,13.9,14.1,14.0,13.0,13.6,13.4,14.6,13.76,0.31,0.04,79,90,13.7,6.83,0.2,0.9683,-0.25,12.4,12.0,12.0,station
2025-04-17,11.5,11.2,14.2,13.5,13.3,10.7,11.5,13.6,14.4,13.2,12.74,1.32,0.06,80,100,9.4,6.11,0.6,0.9638,-0.2666,12.0,13.0,13.0,station
2025-04-18,14.0,12.6,16.3,15.4,15.5,12.1,11.9,14.6,13.3,15.3,14.76,1.46,1.32,77,73,9.7,16.04,0.0,0.9591,-0.2831,14.4,15.0,15.0,station
2025-04-19,13.7,12.6,14.8,13.8,14.2,14.3,13.3,15.0,14.9,14.8,13.82,0.81,-0.64,78,66,13.8,20.37,0.0,0.9541,-0.2996,13.1,13.0,13.0,station
2025-04-20,15.5,13.0,17.7,16.4,15.8,16.2,13.4,18.0,17.1,15.6,15.68,1.72,-0.38,78,47,12.2,21.78,0.0,0.9488,-0.316,15.1,15.0,15.0,station
2025-04-21,15.3,14.2,16.6,16.6,11.8,17.2,15.1,15.3,15.6,16.6,14.9,2.0,-1.06,91,96,8.0,6.25,10.3,0.9432,-0.3322,14.3,14.0,14.0,station
2025-04-22,14.7,13.4,15.4,15.4,13.0,15.2,13.4,15.3,14.9,14.8,14.38,1.12,-0.34,84,87,14.2,18.35,0.5,0.9373,-0.3484,15.1,15.0,15.0,station
2025-04-23,14.8,13.2,14.7,15.0,16.1,14.4,13.1,13.7,14.5,13.4,14.76,1.04,0.94,87,96,11.2,11.52,6.8,0.9312,-0.3645,14.9,15.0,15.0,station
2025-04-24,12.4,11.8,14.0,13.9,13.4,12.6,12.0,13.4,14.4,14.2,13.1,0.96,-0.22,93,100,19.1,5.01,9.4,0.9248,-0.3804,12.0,13.0,13.0,station
2025-04-25,14.9,11.7,16.4,15.5,15.4,14.4,11.7,16.6,15.7,14.4,14.78,1.8,0.22,80,60,14.7,19.6,0.0,0.9181,-0.3963,14.1,13.0,13.0,station
2025-04-26,16.4,15.2,18.7,17.4,18.2,16.5,15.2,18.5,17.5,19.0,17.18,1.41,-0.16,79,16,13.7,20.76,0.0,0.9112,-0.412,16.6,17.0,17.0,station
2025-04-27,18.5,17.2,19.5,19.1,19.4,18.3,16.9,19.0,18.0,18.6,18.74,0.94,0.58,69,6,9.2,23.62,0.0,0.9039,-0.4276,19.1,19.0,19.0,station
2025-04-28,19.2,17.8,21.2,21.0,21.4,18.7,17.9,21.3,19.5,21.4,20.12,1.57,0.36,70,32,8.1,24.26,0.0,0.8965,-0.4431,19.8,21.0,21.0,station
2025-04-29,20.2,18.4,21.2,21.0,22.3,20.0,18.7,20.9,21.6,22.7,20.62,1.45,-0.16,75,50,12.0,24.18,0.0,0.8887,-0.4585,20.1,21.0,21.0,station
2025-04-30,22.5,20.4,24.5,23.6,23.7,22.4,20.1,24.3,23.5,24.3,22.94,1.59,0.02,73,26,10.7,24.16,0.0,0.8807,-0.4737,23.1,24.0,24.0,station
2025-05-01,25.2,22.5,26.1,26.6,26.8,24.4,22.5,25.6,26.4,26.7,25.44,1.76,0.32,63,24,10.4,24.04,0.0,0.8724,-0.4888,26.0,27.0,27.0,station
2025-05-02,22.9,20.4,23.6,24.4,25.3,23.8,19.7,22.5,23.0,24.5,23.32,1.86,0.62,64,32,13.7,22.36,0.0,0.8639,-0.5037,24.0,24.0,24.0,station
2025-05-03,17.2,14.7,18.7,17.7,18.2,17.3,14.8,18.6,17.3,19.1,17.3,1.56,-0.12,66,19,19.8,24.36,0.0,0.8551,-0.5185,17.9,17.0,17.0,station
2025-05-04,11.9,11.1,10.5,13.3,11.2,11.9,11.0,10.2,13.0,11.8,11.6,1.07,0.02,66,43,17.9,19.46,0.5,0.846,-0.5331,12.9,12.0,12.0,station
2025-05-05,13.3,12.2,14.3,14.9,14.3,13.9,12.4,14.7,14.6,13.9,13.8,1.06,-0.1,61,23,21.0,20.05,0.1,0.8367,-0.5476,13.7,15.0,15.0,station
2025-05-06,12.9,12.0,13.4,13.4,14.3,13.1,12.1,12.9,15.3,13.7,13.2,0.84,-0.22,70,70,17.9,11.03,0.2,0.8272,-0.5619,13.8,13.0,13.0,station
2025-05-07,14.3,13.1,16.6,16.5,16.5,14.1,13.4,15.9,17.2,17.2,15.4,1.61,-0.16,70,82,17.4,15.56,0.0,0.8174,-0.5761,14.7,16.0,16.0,station
2025-05-08,17.2,15.8,17.0,17.8,17.7,16.5,15.8,17.4,17.3,17.3,17.1,0.8,0.24,67,18,14.5,22.82,0.0,0.8074,-0.59,16.9,19.0,19.0,station
2025-05-09,18.0,16.9,18.7,19.0,19.4,17.8,17.0,18.5,18.9,19.5,18.4,0.98,0.06,55,20,18.3,23.81,0.0,0.7971,-0.6038,17.9,19.0,19.0,station
2025-05-10,21.1,19.3,21.2,21.3,22.1,20.5,19.1,20.8,20.3,21.9,21.0,1.03,0.48,55,14,18.0,26.4,0.0,0.7866,-0.6175,21.5,21.0,21.0,station
2025-05-11,23.0,21.7,23.5,24.7,24.9,22.6,21.5,23.2,24.0,24.7,23.56,1.31,0.36,52,10,16.1,26.65,0.0,0.7759,-0.6309,23.3,24.0,24.0,station
2025-05-12,24.1,21.1,23.2,24.3,24.3,22.8,20.5,21.8,21.7,22.2,23.4,1.36,1.6,48,3,17.2,26.48,0.0,0.7649,-0.6442,23.9,24.0,24.0,station
2025-05-13,21.7,19.6,22.0,22.4,22.3,21.6,19.5,21.2,21.7,22.1,21.6,1.15,0.38,44,7,16.3,27.39,0.0,0.7537,-0.6572,21.7,22.0,22.0,station
2025-05-14,19.6,16.4,20.9,20.1,20.4,19.9,16.2,21.2,20.7,20.2,19.48,1.79,-0.16,63,42,15.7,26.54,0.0,0.7423,-0.6701,19.9,18.0,18.0,station
2025-05-15,18.5,15.8,19.2,19.2,18.9,18.8,16.1,19.7,20.1,19.1,18.32,1.44,-0.44,59,40,19.5,25.69,0.0,0.7306,-0.6828,18.0,18.0,18.0,station
2025-05-16,14.8,13.1,16.8,15.0,16.4,14.4,13.3,16.6,14.7,16.8,15.22,1.47,0.06,69,37,18.4,21.37,0.0,0.7188,-0.6952,15.8,14.0,14.0,station
2025-05-17,18.3,14.7,19.6,17.8,17.7,18.1,15.4,19.7,17.6,18.7,17.62,1.8,-0.28,73,23,17.7,26.5,0.0,0.7067,-0.7075,18.2,17.0,17.0,station
2025-05-18,18.3,15.5,19.3,18.9,20.2,18.6,15.6,20.5,19.6,20.2,18.44,1.78,-0.46,66,49,12.8,20.96,0.5,0.6945,-0.7195,18.8,18.0,18.0,station
2025-05-19,20.3,17.8,20.7,20.8,20.5,20.6,17.7,21.0,20.4,21.2,20.02,1.26,-0.16,67,9,15.3,26.92,0.0,0.682,-0.7314,19.8,20.0,20.0,station
2025-05-20,19.6,17.3,21.1,20.9,21.3,18.9,17.7,21.1,20.5,20.6,20.04,1.67,0.28,61,17,13.9,27.64,0.0,0.6693,-0.743,20.2,20.0,20.0,station
2025-05-21,16.3,14.4,16.7,15.5,16.1,16.0,14.6,17.1,16.9,16.8,15.8,0.89,-0.48,71,81,17.1,22.38,0.0,0.6564,-0.7544,16.7,16.0,16.0,station
2025-05-22,12.6,12.4,13.7,14.0,12.5,13.3,12.3,13.9,14.1,12.2,13.04,0.75,-0.12,60,37,22.0,23.33,0.1,0.6433,-0.7656,13.1,14.0,14.0,station
2025-05-23,11.9,11.5,13.6,13.0,13.5,12.5,11.7,13.2,13.5,12.3,12.7,0.95,0.06,65,54,22.8,19.89,1.6,0.6301,-0.7765,12.4,13.0,13.0,station
2025-05-24,16.0,15.3,14.4,14.7,15.0,14.4,14.6,14.9,15.3,15.8,15.08,0.61,0.08,82,98,23.6,6.01,7.7,0.6166,-0.7873,15.3,16.0,16.0,station
2025-05-25,17.3,16.8,17.7,17.9,15.7,17.3,16.3,17.5,17.0,14.9,17.08,0.88,0.48,83,74,27.7,19.73,5.2,0.603,-0.7978,18.4,19.0,19.0,station
2025-05-26,16.3,15.6,16.4,16.6,16.3,15.9,15.6,16.7,16.9,16.1,16.24,0.38,0.0,67,72,24.7,23.59,0.8,0.5892,-0.808,17.2,18.0,18.0,station
2025-05-27,17.8,16.4,17.5,17.3,17.2,17.1,15.9,17.5,16.9,16.6,17.24,0.52,0.44,82,100,26.1,10.67,22.4,0.5752,-0.818,16.9,17.0,17.0,station
2025-05-28,15.8,15.1,17.0,15.9,14.0,16.2,15.3,16.0,16.4,14.1,15.56,1.11,-0.04,86,68,26.8,17.95,13.3,0.561,-0.8278,15.8,16.0,16.0,station
2025-05-29,17.4,17.4,18.8,17.7,17.7,17.5,17.3,18.6,17.9,17.9,17.8,0.58,-0.04,88,83,23.0,10.46,1.4,0.5467,-0.8373,18.9,19.0,19.0,station
2025-05-30,17.5,18.5,21.3,19.7,20.1,17.4,18.2,21.3,19.5,20.0,19.42,1.47,0.14,85,62,19.8,20.41,0.3,0.5322,-0.8466,20.1,21.0,21.0,station
2025-05-31,22.5,21.3,22.9,24.5,23.6,22.8,21.3,23.8,24.0,25.2,22.96,1.2,-0.46,81,76,8.5,23.67,0.0,0.5176,-0.8556,24.0,26.0,26.0,station
2025-06-01,18.2,17.8,18.9,19.2,18.1,18.2,17.1,18.8,18.3,17.9,18.44,0.59,0.38,74,72,23.9,21.33,0.0,0.5028,-0.8644,18.6,19.0,19.0,station
2025-06-02,16.1,15.9,16.8,16.4,16.6,16.4,15.6,18.4,16.0,16.4,16.36,0.36,-0.2,75,28,17.2,26.05,0.3,0.4878,-0.8729,16.8,18.0,18.0,station
2025-06-03,21.6,20.5,21.8,22.4,21.8,21.6,20.2,22.2,22.3,22.0,21.62,0.69,-0.04,66,55,24.4,22.89,0.8,0.4728,-0.8812,21.7,23.0,23.0,station
2025-06-04,17.5,16.2,18.7,18.6,18.5,18.1,16.2,18.6,18.1,18.1,17.9,1.07,0.08,70,58,20.4,24.12,2.2,0.4575,-0.8892,17.8,19.0,19.0,station
2025-06-05,17.4,15.7,16.7,16.6,16.6,15.7,15.2,16.1,17.1,16.9,16.6,0.6,0.4,75,82,23.4,13.86,3.9,0.4422,-0.8969,17.5,18.0,18.0,station
2025-06-06,16.2,16.3,18.1,17.2,16.9,16.8,16.2,17.7,17.1,15.1,16.94,0.77,0.36,78,59,27.0,24.46,11.2,0.4267,-0.9044,17.6,19.0,19.0,station
2025-06-07,15.5,14.8,15.3,16.9,14.7,16.0,14.9,15.2,16.8,14.6,15.44,0.88,-0.06,82,85,21.6,13.13,6.7,0.4111,-0.9116,15.8,16.0,16.0,station
2025-06-08,14.1,13.8,14.3,14.4,12.3,14.3,14.2,14.8,14.1,13.9,13.78,0.86,-0.48,80,61,27.3,22.6,12.7,0.3953,-0.9185,13.8,14.0,14.0,station
2025-06-09,16.5,17.2,17.5,18.0,17.1,16.7,17.0,17.0,17.5,16.5,17.26,0.55,0.32,76,54,15.5,25.66,0.6,0.3795,-0.9252,17.5,18.0,18.0,station
2025-06-10,16.1,15.7,16.5,17.5,17.1,16.1,16.1,17.1,17.3,17.8,16.58,0.73,-0.3,80,72,26.8,15.45,4.8,0.3635,-0.9316,17.2,18.0,18.0,station
2025-06-11,18.9,18.7,20.8,19.8,19.1,18.6,18.6,20.6,20.3,18.8,19.46,0.86,0.08,75,17,14.5,26.78,0.0,0.3474,-0.9377,18.9,20.0,20.0,station
2025-06-12,23.8,24.8,27.3,27.5,26.3,23.8,24.5,26.9,26.2,26.0,25.94,1.6,0.46,68,20,20.4,29.21,0.0,0.3312,-0.9436,24.9,27.0,27.0,station
2025-06-13,27.2,25.2,29.1,30.7,30.4,27.2,26.4,31.5,29.1,30.6,28.52,2.31,-0.44,68,45,14.9,23.69,0.0,0.3149,-0.9491,29.8,31.0,31.0,station
2025-06-14,26.2,23.9,25.6,26.4,28.4,24.6,25.2,28.0,27.5,26.9,26.1,1.62,-0.34,68,76,15.1,21.97,0.1,0.2986,-0.9544,28.2,27.0,27.0,station
2025-06-15,18.9,18.4,20.1,19.9,19.6,19.1,18.7,20.5,19.3,19.2,19.38,0.71,0.02,70,36,16.5,27.53,0.0,0.2821,-0.9594,19.7,21.0,21.0,station
2025-06-16,20.2,19.4,21.2,20.8,20.4,20.2,19.3,20.7,20.2,21.0,20.4,0.68,0.12,75,1,13.7,28.75,0.0,0.2656,-0.9641,20.3,22.0,22.0,station
2025-06-17,23.1,22.2,24.6,24.0,24.0,23.2,22.1,23.9,23.4,24.3,23.58,0.94,0.2,71,63,16.2,27.16,0.0,0.2489,-0.9685,23.8,24.0,24.0,station
2025-06-18,21.8,20.9,23.4,21.9,23.5,21.8,21.3,23.3,22.7,23.9,22.3,1.12,-0.3,73,61,13.0,28.28,0.0,0.2322,-0.9727,23.2,24.0,24.0,station
2025-06-19,22.1,21.3,25.0,22.9,23.5,22.4,21.0,24.8,22.2,21.9,22.96,1.41,0.5,69,21,11.1,25.18,0.0,0.2155,-0.9765,21.9,23.0,23.0,station
2025-06-20,23.8,22.7,25.3,24.6,24.5,24.2,22.7,25.8,26.8,25.0,24.18,0.98,-0.72,60,45,12.7,28.61,0.0,0.1986,-0.9801,23.9,25.0,25.0,station
2025-06-21,27.8,27.2,31.1,30.7,30.6,28.0,27.2,30.7,30.3,30.4,29.48,1.83,0.16,54,15,11.3,29.65,0.0,0.1818,-0.9833,28.1,31.0,31.0,station
2025-06-22,26.4,21.8,27.7,24.8,25.1,25.7,21.9,27.3,25.2,24.2,25.16,2.2,0.3,61,73,21.6,20.13,0.7,0.1648,-0.9863,24.8,27.0,27.0,station
2025-06-23,19.0,18.5,19.0,19.8,19.1,19.3,18.3,19.2,19.7,19.5,19.08,0.47,-0.12,65,73,28.3,21.43,0.9,0.1478,-0.989,19.0,20.0,20.0,station
2025-06-24,20.1,19.8,20.7,19.8,21.4,20.2,19.9,20.5,20.4,21.9,20.36,0.69,-0.22,74,50,27.7,14.2,0.6,0.1308,-0.9914,21.4,22.0,22.0,station
2025-06-25,22.2,21.1,23.7,24.0,24.3,22.7,21.1,23.9,23.7,24.9,23.06,1.36,-0.2,76,52,19.2,22.49,0.1,0.1137,-0.9935,23.1,23.0,23.0,station
2025-06-26,21.7,19.6,22.5,21.4,21.0,22.0,20.1,24.1,21.0,20.7,21.24,1.07,-0.34,82,86,28.4,19.33,6.3,0.0966,-0.9953,22.3,22.0,22.0,station
2025-06-27,20.4,20.8,22.6,22.0,20.3,20.7,20.7,22.3,20.9,20.9,21.22,1.03,0.12,71,65,21.0,24.62,2.3,0.0795,-0.9968,22.1,23.0,23.0,station
2025-06-28,22.6,22.4,25.7,22.8,23.8,22.3,22.3,25.7,23.6,24.1,23.46,1.36,-0.14,80,48,19.9,17.73,0.5,0.0623,-0.9981,24.4,26.0,26.0,station
2025-06-29,23.2,22.3,26.5,25.6,24.8,24.7,22.6,27.3,25.3,26.0,24.48,1.72,-0.7,74,2,15.4,27.72,0.0,0.0451,-0.999,24.5,26.0,26.0,station
2025-06-30,28.4,26.9,31.0,28.7,27.6,27.9,26.5,30.9,28.6,27.5,28.52,1.55,0.24,67,1,9.4,28.62,0.0,0.028,-0.9996,28.9,29.0,29.0,station
2025-07-01,32.8,30.6,37.1,35.7,35.2,32.0,30.1,36.7,30.6,33.3,34.28,2.58,1.74,53,13,11.7,26.5,0.0,0.0108,-0.9999,33.3,36.0,36.0,station
2025-07-02,28.3,25.0,32.5,28.9,31.8,26.6,24.0,29.3,28.2,30.4,29.3,3.01,1.6,72,35,21.1,23.91,2.1,-0.0065,-1.0,30.3,32.0,32.0,station
2025-07-03,18.9,18.6,20.6,20.8,20.2,19.8,19.0,21.8,20.8,19.5,19.82,1.01,-0.36,65,38,18.7,25.53,0.1,-0.0237,-0.9997,19.9,21.0,21.0,station
2025-07-04,22.7,22.0,23.0,23.2,22.9,22.7,22.1,22.8,23.2,22.7,22.76,0.46,0.06,56,41,15.7,27.34,0.0,-0.0408,-0.9992,23.2,24.0,24.0,station
2025-07-05,19.6,19.2,19.5,19.6,22.5,20.7,19.8,19.2,20.1,22.2,20.08,1.36,-0.32,68,98,23.9,10.55,0.9,-0.058,-0.9983,20.5,21.0,21.0,station
2025-07-06,19.4,17.7,21.2,21.3,19.9,20.7,19.6,19.7,20.2,20.8,19.9,1.48,-0.3,88,89,17.8,10.35,18.7,-0.0752,-0.9972,19.2,20.0,20.0,station
2025-07-07,18.0,17.1,19.6,19.2,17.4,17.6,17.0,17.7,19.2,17.4,18.26,1.1,0.48,79,44,22.6,23.49,1.2,-0.0923,-0.9957,18.0,18.0,18.0,station
2025-07-08,17.5,17.3,18.5,18.4,17.7,17.3,16.8,18.8,17.8,17.6,17.88,0.54,0.22,77,73,21.0,17.33,2.9,-0.1094,-0.994,18.2,18.0,18.0,station
2025-07-09,20.3,20.4,21.4,20.8,21.2,19.9,20.3,21.4,21.3,20.4,20.82,0.48,0.16,70,55,10.6,27.29,0.0,-0.1265,-0.992,20.8,22.0,22.0,station
2025-07-10,21.6,21.5,23.0,23.0,24.2,20.9,21.2,22.7,22.8,23.6,22.66,1.13,0.42,73,26,11.5,25.69,0.0,-0.1436,-0.9896,23.0,24.0,24.0,station
2025-07-11,22.5,20.9,25.4,23.0,24.5,22.2,21.1,24.8,22.6,24.4,23.26,1.76,0.24,76,40,12.8,23.99,0.0,-0.1606,-0.987,23.7,25.0,25.0,station
2025-07-12,24.0,21.7,27.3,24.0,24.6,23.5,21.3,26.4,24.6,25.4,24.32,2.0,0.08,78,45,14.1,28.0,0.0,-0.1775,-0.9841,24.6,25.0,25.0,station
2025-07-13,22.1,21.7,25.1,23.1,23.9,22.4,22.0,24.7,22.9,23.8,23.18,1.38,0.02,78,70,8.4,19.1,1.3,-0.1944,-0.9809,23.2,24.0,24.0,station
2025-07-14,24.2,22.7,26.4,25.0,25.4,23.7,22.9,26.9,25.5,26.7,24.74,1.39,-0.4,77,63,20.2,21.53,3.0,-0.2113,-0.9774,23.7,24.0,24.0,station
2025-07-15,20.4,19.9,22.0,21.3,20.8,20.8,19.5,22.7,21.4,20.9,20.88,0.81,-0.18,64,68,20.2,22.39,1.7,-0.2281,-0.9736,20.8,22.0,22.0,station
2025-07-16,18.7,18.2,20.1,20.0,19.9,19.2,18.6,19.5,20.6,19.1,19.38,0.87,-0.02,80,67,19.5,17.84,14.7,-0.2448,-0.9696,18.6,20.0,20.0,station
2025-07-17,20.4,20.9,22.4,22.5,21.1,21.2,20.8,24.2,22.4,21.6,21.46,0.94,-0.58,75,13,11.4,26.7,0.0,-0.2614,-0.9652,21.0,22.0,22.0,station
2025-07-18,23.7,24.2,26.2,26.0,26.1,23.7,24.1,27.3,26.3,25.8,25.24,1.19,-0.2,77,72,10.8,22.41,0.6,-0.278,-0.9606,24.8,26.0,26.0,station
2025-07-19,27.6,26.4,29.6,29.9,28.9,27.3,26.1,30.5,29.1,28.2,28.48,1.46,0.24,72,81,19.0,21.81,0.0,-0.2945,-0.9557,27.9,29.0,29.0,station
2025-07-20,25.5,23.3,23.0,23.6,25.9,24.1,22.0,23.6,22.0,24.0,24.26,1.34,1.12,86,79,19.6,16.21,13.0,-0.3109,-0.9505,24.2,25.0,25.0,station
2025-07-21,21.8,20.6,21.7,21.6,22.1,22.8,21.3,22.3,23.5,21.1,21.56,0.57,-0.64,80,43,20.2,21.86,5.8,-0.3272,-0.945,22.3,23.0,23.0,station
2025-07-22,20.7,20.1,21.4,21.5,19.7,20.2,20.1,21.6,21.2,20.9,20.68,0.79,-0.12,84,60,19.1,20.8,7.1,-0.3434,-0.9392,21.1,22.0,22.0,station
2025-07-23,20.7,20.4,22.9,22.1,22.5,20.6,20.3,22.3,21.6,20.9,21.72,1.11,0.58,85,52,13.9,18.9,3.4,-0.3595,-0.9332,21.4,22.0,22.0,station
2025-07-24,20.9,21.2,22.8,23.3,21.8,21.3,21.2,22.7,21.8,21.7,22.0,1.03,0.26,80,54,10.8,21.36,0.4,-0.3755,-0.9268,22.0,24.0,24.0,station
2025-07-25,21.2,20.8,23.4,22.4,21.8,21.3,20.6,23.5,23.2,21.9,21.92,1.03,-0.18,82,63,12.4,16.8,0.4,-0.3914,-0.9202,21.4,23.0,23.0,station
2025-07-26,23.0,22.3,25.3,23.9,22.7,22.9,22.6,25.8,23.7,23.9,23.44,1.19,-0.34,82,56,14.6,17.27,0.8,-0.4071,-0.9134,23.6,24.0,24.0,station
2025-07-27,19.7,19.8,22.7,21.5,21.4,20.1,20.0,23.0,20.7,20.9,21.02,1.27,0.08,76,77,15.0,20.24,5.0,-0.4228,-0.9062,20.6,22.0,22.0,station
2025-07-28,19.1,19.3,21.0,20.6,20.7,19.0,19.5,20.4,20.4,20.5,20.14,0.87,0.18,75,55,18.6,20.51,0.9,-0.4383,-0.8988,20.0,21.0,21.0,station
2025-07-29,20.3,19.8,21.1,21.3,20.6,20.2,19.8,22.1,21.4,20.3,20.62,0.61,-0.14,67,52,13.4,24.11,0.8,-0.4537,-0.8912,20.9,22.0,22.0,station
2025-07-30,19.7,19.4,20.4,20.5,20.3,19.6,19.3,20.8,20.4,20.3,20.06,0.48,-0.02,69,65,21.0,21.91,0.4,-0.469,-0.8832,19.8,21.0,21.0,station
2025-07-31,20.1,19.7,21.6,21.1,21.8,20.3,19.6,20.1,20.9,21.4,20.86,0.92,0.4,79,84,18.2,16.1,3.8,-0.4841,-0.875,21.1,22.0,22.0,station
2025-08-01,17.6,17.7,18.8,18.6,19.0,19.4,17.8,20.3,20.1,19.1,18.34,0.65,-1.0,83,80,21.3,14.56,4.4,-0.4991,-0.8666,19.1,20.0,20.0,station
2025-08-02,19.3,18.1,19.6,20.2,18.2,18.2,17.4,19.3,19.6,19.3,19.08,0.91,0.32,81,93,19.9,17.33,5.9,-0.5139,-0.8578,19.1,19.0,19.0,station
2025-08-03,19.5,20.2,21.7,19.9,20.2,20.0,20.6,22.4,21.8,20.8,20.3,0.83,-0.82,71,79,19.8,20.57,2.1,-0.5286,-0.8489,20.6,21.0,21.0,station
2025-08-04,21.8,21.3,23.1,21.3,21.8,22.3,20.8,23.5,21.1,20.8,21.86,0.74,0.16,85,89,28.6,12.5,7.6,-0.5431,-0.8397,22.7,24.0,24.0,station
2025-08-05,18.7,18.7,18.1,19.8,18.2,18.7,18.8,18.6,18.9,17.9,18.7,0.67,0.12,66,39,24.3,21.7,1.9,-0.5575,-0.8302,18.9,19.0,19.0,station
2025-08-06,19.4,19.6,20.5,20.3,19.9,19.8,19.8,20.7,20.5,20.0,19.94,0.46,-0.22,66,33,15.8,23.9,0.0,-0.5717,-0.8205,19.7,20.0,20.0,station
2025-08-07,22.0,22.5,23.2,21.5,22.3,21.6,22.5,22.9,22.4,23.3,22.3,0.63,-0.24,67,84,18.4,17.64,0.0,-0.5857,-0.8105,22.2,23.0,23.0,station
2025-08-08,21.4,21.3,22.5,22.6,22.8,21.7,21.2,23.5,22.5,23.4,22.12,0.71,-0.34,76,85,13.9,17.56,1.7,-0.5996,-0.8003,22.3,23.0,23.0,station
2025-08-09,22.4,21.7,23.3,22.3,23.2,22.5,21.9,23.5,22.2,22.9,22.58,0.67,-0.02,78,38,16.0,22.53,0.0,-0.6132,-0.7899,22.8,23.0,23.0,station
2025-08-10,22.5,22.1,23.9,23.6,23.1,21.9,22.1,22.9,22.6,22.4,23.04,0.75,0.66,68,2,10.3,24.29,0.0,-0.6267,-0.7792,23.0,23.0,23.0,station
2025-08-11,26.2,24.9,29.4,26.8,26.6,25.8,24.9,29.1,26.9,26.8,26.78,1.64,0.08,67,9,11.4,23.7,0.0,-0.64,-0.7683,26.3,27.0,27.0,station
2025-08-12,29.2,27.5,32.5,28.0,27.9,29.4,27.5,32.4,28.9,29.3,29.02,2.05,-0.48,62,41,11.9,21.79,0.0,-0.6532,-0.7572,29.8,30.0,30.0,station
2025-08-13,30.1,28.0,33.1,31.0,31.6,31.0,27.2,30.7,33.0,33.8,30.76,1.89,-0.38,70,32,10.1,22.46,0.0,-0.6661,-0.7459,30.3,29.0,29.0,station
2025-08-14,26.9,26.0,31.9,29.4,28.3,28.4,26.8,31.6,28.7,31.9,28.5,2.3,-0.98,75,42,15.6,22.34,0.5,-0.6788,-0.7343,29.4,30.0,30.0,station
2025-08-15,25.4,24.1,27.3,27.3,25.9,26.2,24.2,29.2,26.8,26.0,26.0,1.36,-0.48,79,31,14.0,21.43,0.0,-0.6914,-0.7225,25.7,27.0,27.0,station
2025-08-16,21.3,19.0,23.5,21.9,20.0,20.9,18.8,24.1,22.1,19.8,21.14,1.74,0.0,71,91,14.6,14.09,0.3,-0.7037,-0.7105,21.1,21.0,21.0,station
2025-08-17,20.0,18.9,20.6,19.9,19.2,20.5,19.1,20.4,21.0,19.2,19.72,0.68,-0.32,76,77,12.4,10.16,0.5,-0.7158,-0.6983,20.3,20.0,20.0,station
2025-08-18,22.9,21.5,26.2,24.3,23.1,23.5,21.9,26.5,24.4,22.8,23.6,1.76,-0.22,76,56,13.5,16.85,0.0,-0.7277,-0.6859,22.6,24.0,24.0,station
2025-08-19,23.6,22.5,25.8,24.3,24.4,23.1,22.1,26.0,24.6,23.4,24.12,1.21,0.28,74,6,15.7,21.76,0.0,-0.7394,-0.6733,24.2,25.0,25.0,station
2025-08-20,22.3,20.4,23.9,23.1,24.1,22.3,19.8,23.4,23.5,23.3,22.76,1.5,0.3,67,76,15.6,16.25,0.0,-0.7509,-0.6605,22.4,23.0,23.0,station
2025-08-21,19.3,18.7,20.7,19.6,20.3,19.2,18.4,19.9,19.6,20.0,19.72,0.79,0.3,69,54,19.3,14.92,0.1,-0.7621,-0.6474,19.6,20.0,20.0,station
2025-08-22,18.3,17.4,18.9,18.8,17.7,18.3,17.4,18.1,18.5,17.7,18.22,0.66,0.22,70,86,14.9,10.4,1.6,-0.7731,-0.6342,17.8,19.0,19.0,station
2025-08-23,17.4,17.6,16.6,18.6,18.1,18.2,17.9,19.5,19.5,17.9,17.66,0.75,-0.94,71,56,13.2,14.56,3.3,-0.7839,-0.6208,18.3,18.0,18.0,station
2025-08-24,18.8,19.0,20.7,20.1,19.1,19.4,19.1,20.5,20.0,19.1,19.54,0.82,-0.08,72,23,12.2,17.87,0.1,-0.7945,-0.6073,20.2,21.0,21.0,station
2025-08-25,21.2,21.3,25.1,22.4,23.1,21.6,21.5,24.9,22.4,22.7,22.62,1.6,0.0,71,48,7.8,20.44,0.0,-0.8048,-0.5935,21.9,23.0,23.0,station
2025-08-26,25.3,24.2,29.2,26.1,26.9,24.1,23.9,29.5,26.1,26.0,26.34,1.88,0.42,65,65,14.9,17.69,0.0,-0.8149,-0.5796,26.2,27.0,27.0,station
2025-08-27,22.8,21.9,24.9,23.3,23.3,23.2,22.0,24.6,24.5,24.0,23.24,1.09,-0.42,75,79,14.8,17.17,0.3,-0.8248,-0.5655,22.7,23.0,23.0,station
2025-08-28,21.7,19.2,23.3,21.3,21.7,20.6,19.3,21.4,21.7,20.9,21.44,1.47,0.66,80,71,13.4,13.14,8.1,-0.8344,-0.5512,20.1,21.0,21.0,station
2025-08-29,21.1,20.5,22.3,20.4,20.1,20.9,19.9,21.3,19.6,21.7,20.88,0.87,0.2,75,52,21.5,16.55,0.3,-0.8437,-0.5368,20.7,23.0,23.0,station
2025-08-30,20.6,20.3,22.4,21.8,21.3,20.7,20.1,22.4,22.1,21.1,21.28,0.86,0.0,78,73,17.2,15.8,1.2,-0.8528,-0.5222,21.2,21.0,21.0,station
2025-08-31,23.2,21.4,22.1,22.0,21.7,21.1,20.4,21.1,22.1,22.7,22.08,0.68,0.6,77,93,19.7,13.64,5.1,-0.8617,-0.5074,22.4,22.0,22.0,station
2025-09-01,21.7,20.7,24.3,22.0,22.1,21.9,20.4,24.1,22.4,21.3,22.16,1.32,0.14,74,69,16.8,15.62,0.3,-0.8703,-0.4925,22.0,23.0,23.0,station
2025-09-02,20.5,19.7,22.8,21.3,21.8,20.7,19.4,23.2,22.3,20.8,21.22,1.19,-0.06,70,50,19.1,17.2,0.8,-0.8786,-0.4775,20.7,22.0,22.0,station
2025-09-03,21.5,21.4,23.9,21.2,20.7,21.5,21.1,23.7,20.8,21.3,21.74,1.25,0.06,80,89,32.0,8.03,5.3,-0.8867,-0.4623,22.1,22.0,22.0,station
2025-09-04,21.0,20.4,23.8,21.9,20.7,22.0,20.0,22.6,22.4,19.1,21.56,1.37,0.34,75,54,22.6,15.93,0.9,-0.8945,-0.447,21.2,23.0,23.0,station
2025-09-05,19.4,18.8,20.7,19.7,19.7,19.1,18.4,20.2,19.5,19.4,19.66,0.69,0.34,74,29,15.0,16.61,0.3,-0.9021,-0.4315,19.5,20.0,20.0,station
2025-09-06,21.1,21.2,22.8,22.9,22.0,21.8,20.9,24.2,21.9,22.6,22.0,0.85,-0.28,75,71,14.5,16.55,0.0,-0.9094,-0.4159,21.9,22.0,22.0,station
2025-09-07,24.3,24.6,28.3,27.1,25.5,24.5,24.3,28.6,26.6,25.0,25.96,1.7,0.16,63,34,19.9,18.99,0.0,-0.9164,-0.4002,25.5,27.0,27.0,station
2025-09-08,21.2,20.8,21.8,22.0,22.3,21.1,20.5,22.4,21.4,22.4,21.62,0.61,0.06,73,70,14.5,16.03,2.9,-0.9232,-0.3844,21.6,22.0,22.0,station
2025-09-09,18.0,16.5,17.3,17.2,18.7,17.4,17.0,17.1,17.1,20.7,17.54,0.84,-0.32,87,83,10.6,4.78,7.9,-0.9296,-0.3685,15.5,16.0,16.0,station
2025-09-10,20.1,19.2,22.0,21.1,19.4,20.5,19.3,22.3,20.5,18.7,20.36,1.18,0.1,79,71,17.8,14.5,0.0,-0.9358,-0.3524,19.6,21.0,21.0,station
2025-09-11,17.5,16.9,19.4,18.9,18.5,17.6,17.4,20.0,19.1,18.3,18.24,1.02,-0.24,78,75,24.4,11.69,4.0,-0.9418,-0.3363,17.2,18.0,18.0,station
2025-09-12,17.3,16.4,17.3,18.0,16.4,16.9,16.2,17.0,17.7,16.0,17.08,0.68,0.32,76,62,23.9,13.04,4.2,-0.9474,-0.32,17.8,19.0,19.0,station
2025-09-13,17.3,16.3,16.0,15.3,16.3,15.7,15.9,16.1,16.4,16.1,16.24,0.72,0.2,79,80,22.4,11.69,1.7,-0.9528,-0.3037,17.6,18.0,18.0,station
2025-09-14,18.0,17.9,18.7,19.9,18.0,18.1,17.8,18.4,19.3,17.8,18.5,0.85,0.22,79,65,22.9,13.87,1.9,-0.9579,-0.2873,17.9,19.0,19.0,station
2025-09-15,17.9,18.3,18.7,19.1,17.6,18.2,18.0,19.1,19.0,17.8,18.32,0.6,-0.1,76,56,36.5,13.1,5.6,-0.9627,-0.2707,18.2,19.0,19.0,station
2025-09-16,16.9,15.5,15.9,17.9,15.0,16.3,15.5,15.7,17.7,16.0,16.24,1.16,0.0,80,70,29.0,8.76,8.5,-0.9672,-0.2541,16.5,17.0,17.0,station
2025-09-17,16.6,17.9,16.5,18.1,16.6,16.3,18.0,16.7,18.7,16.6,17.14,0.79,-0.12,85,99,26.1,3.82,7.3,-0.9714,-0.2375,17.1,17.0,17.0,station
2025-09-18,20.3,19.6,20.5,20.4,18.7,19.9,19.6,21.4,20.2,19.0,19.9,0.76,-0.12,89,77,25.4,5.55,4.1,-0.9753,-0.2207,20.2,21.0,21.0,station
2025-09-19,23.2,22.7,25.7,25.5,24.4,23.6,22.8,26.0,26.6,24.4,24.3,1.34,-0.38,81,29,15.7,15.71,0.0,-0.979,-0.2039,23.9,25.0,25.0,station
2025-09-20,22.0,21.4,24.2,23.6,24.6,23.0,21.4,25.3,25.2,23.8,23.16,1.4,-0.58,80,88,18.5,8.65,4.7,-0.9824,-0.187,22.2,23.0,23.0,station
2025-09-21,18.1,18.1,18.0,18.1,19.0,18.6,18.0,18.0,18.5,18.4,18.26,0.42,-0.04,72,77,26.2,10.63,0.5,-0.9854,-0.1701,19.5,19.0,19.0,station
2025-09-22,14.9,14.9,15.1,16.5,15.2,15.1,14.8,14.6,15.9,15.3,15.32,0.67,0.18,72,19,18.7,13.95,0.2,-0.9882,-0.1531,15.3,16.0,16.0,station
2025-09-23,15.9,15.8,15.9,16.3,16.3,16.0,15.7,16.3,16.1,15.9,16.04,0.24,0.04,78,27,14.6,11.41,0.1,-0.9907,-0.1361,15.9,17.0,17.0,station
2025-09-24,14.7,15.3,16.4,15.9,15.6,14.8,15.3,16.2,15.7,15.6,15.58,0.64,0.06,72,40,21.5,15.41,0.0,-0.9929,-0.1191,15.2,16.0,16.0,station
2025-09-25,14.4,14.4,15.9,16.1,14.0,14.8,14.8,17.0,15.9,14.3,14.96,0.97,-0.4,67,98,25.4,12.25,0.0,-0.9948,-0.102,14.7,16.0,16.0,station
2025-09-26,15.1,14.5,17.1,16.4,15.8,15.9,14.8,17.3,16.3,15.7,15.78,1.03,-0.22,72,66,13.8,10.46,0.1,-0.9964,-0.0848,15.0,15.0,15.0,station
2025-09-27,15.5,15.2,17.4,16.3,15.8,16.4,15.3,17.6,17.6,16.8,16.04,0.86,-0.7,87,73,8.6,7.95,0.7,-0.9977,-0.0677,15.5,16.0,16.0,station
2025-09-28,17.5,17.0,20.0,18.4,18.0,17.9,17.1,19.9,18.2,17.5,18.18,1.15,0.06,84,29,6.9,13.49,0.0,-0.9987,-0.0505,17.9,19.0,19.0,station
2025-09-29,16.6,17.0,19.0,18.1,18.3,17.4,17.1,19.0,17.0,17.6,17.8,0.98,0.18,86,39,12.6,12.41,0.2,-0.9994,-0.0333,17.2,18.0,18.0,station
2025-09-30,16.9,16.4,18.4,18.2,17.9,16.9,16.3,18.5,16.9,17.1,17.56,0.87,0.42,87,70,7.9,11.61,0.6,-0.9999,-0.0161,17.0,18.0,18.0,station
2025-10-01,15.9,15.9,17.0,17.1,15.8,15.5,15.6,17.3,17.2,16.4,16.34,0.65,-0.06,81,56,9.9,11.7,0.0,-1.0,0.0011,16.0,17.0,17.0,station
2025-10-02,16.1,15.4,16.8,17.0,16.2,16.1,16.5,16.8,15.6,15.9,16.3,0.63,0.12,76,93,15.2,6.37,0.0,-0.9998,0.0183,16.1,18.0,18.0,station
2025-10-03,13.6,13.5,15.0,12.6,15.0,12.5,13.6,14.8,14.6,13.7,13.94,1.04,0.1,77,100,29.1,2.45,8.1,-0.9994,0.0355,13.7,14.0,14.0,station
2025-10-04,16.2,13.9,15.1,16.7,14.9,15.6,15.0,15.1,15.3,16.4,15.36,1.11,-0.12,81,88,33.4,8.26,30.1,-0.9986,0.0527,16.8,17.0,17.0,station
2025-10-05,13.8,13.4,12.8,14.8,11.9,14.4,13.6,13.4,15.2,11.8,13.34,1.09,-0.34,69,85,26.6,4.0,6.6,-0.9976,0.0698,13.7,14.0,14.0,station
2025-10-06,15.4,15.1,14.8,15.5,14.6,15.5,14.8,14.9,15.5,14.1,15.08,0.38,0.12,80,100,17.2,4.08,1.0,-0.9962,0.087,15.3,15.0,15.0,station
2025-10-07,17.1,16.8,18.5,17.5,18.3,16.4,16.2,18.4,17.6,16.6,17.64,0.74,0.6,88,98,15.8,7.33,0.1,-0.9946,0.1041,17.8,17.0,17.0,station
2025-10-08,16.5,15.7,17.5,16.9,16.8,16.3,16.1,17.9,17.0,17.1,16.68,0.66,-0.2,88,99,13.0,5.35,1.0,-0.9926,0.1212,16.8,17.0,17.0,station
2025-10-09,15.5,15.6,16.3,15.7,15.2,15.7,15.6,16.4,15.5,15.4,15.66,0.4,-0.06,81,83,15.2,7.29,0.0,-0.9904,0.1383,15.4,16.0,16.0,station
2025-10-10,17.2,16.7,17.9,17.3,17.4,16.9,16.6,17.6,16.7,17.0,17.3,0.43,0.34,85,67,13.8,7.5,0.0,-0.9879,0.1553,17.1,17.0,17.0,station
2025-10-11,15.8,15.4,17.6,16.7,16.1,16.6,15.4,18.1,16.4,16.4,16.32,0.86,-0.26,86,85,9.4,6.5,0.2,-0.9851,0.1722,16.3,16.0,16.0,station
2025-10-12,16.4,15.7,16.0,16.1,16.9,16.2,15.4,15.8,16.5,16.3,16.22,0.45,0.18,86,98,10.6,3.63,0.3,-0.9819,0.1892,16.0,16.0,16.0,station
2025-10-13,16.1,15.4,15.8,16.1,15.5,15.9,15.3,17.6,16.6,14.7,15.78,0.33,-0.24,88,100,10.2,4.73,0.2,-0.9785,0.206,15.7,15.0,15.0,station
2025-10-14,15.3,14.8,17.0,16.1,14.9,16.3,14.9,14.9,16.0,15.4,15.62,0.93,0.12,87,92,13.2,6.36,0.5,-0.9749,0.2228,16.2,16.0,16.0,station
2025-10-15,14.9,14.1,14.9,15.4,14.2,14.7,14.5,16.4,15.7,15.5,14.7,0.54,-0.66,89,99,11.1,3.74,1.0,-0.9709,0.2396,14.8,15.0,15.0,station
2025-10-16,15.2,14.7,14.8,15.1,14.9,14.4,14.2,15.4,15.2,14.8,14.94,0.21,0.14,86,58,12.8,7.49,0.0,-0.9666,0.2562,15.6,15.0,15.0,station
2025-10-17,13.4,13.8,13.7,14.2,13.8,13.7,13.8,14.7,14.5,14.0,13.78,0.29,-0.36,83,69,11.7,5.82,0.0,-0.9621,0.2728,14.3,14.0,14.0,station
2025-10-18,12.7,12.9,12.8,12.3,11.7,11.8,12.8,12.7,12.2,10.7,12.48,0.49,0.44,78,73,12.6,8.41,0.0,-0.9572,0.2893,12.7,14.0,14.0,station
2025-10-19,12.7,13.5,15.8,13.8,14.5,12.8,13.2,16.0,12.0,13.1,14.06,1.17,0.64,79,93,19.5,7.28,0.1,-0.9521,0.3057,13.2,13.0,13.0,station
2025-10-20,15.6,16.2,16.6,17.3,14.6,15.8,16.2,16.0,16.3,15.3,16.06,1.02,0.14,88,86,22.2,6.95,10.8,-0.9467,0.3221,16.8,16.0,16.0,station
2025-10-21,14.6,14.5,14.5,16.1,13.6,14.4,14.5,14.5,15.5,13.9,14.66,0.9,0.1,87,81,25.8,6.23,4.7,-0.941,0.3383,14.8,15.0,15.0,station
2025-10-22,14.5,14.5,14.5,14.7,13.5,14.4,14.2,14.1,14.4,13.4,14.34,0.48,0.24,87,88,16.2,6.77,1.3,-0.9351,0.3545,14.7,15.0,15.0,station
2025-10-23,13.8,13.3,13.8,14.8,14.2,14.2,14.4,14.5,14.9,13.6,13.98,0.56,-0.34,86,87,38.5,4.99,23.5,-0.9288,0.3705,14.2,15.0,15.0,station
2025-10-24,11.9,11.4,11.5,12.3,10.5,11.8,11.3,11.4,11.9,9.2,11.52,0.67,0.4,75,62,30.0,7.27,1.7,-0.9223,0.3864,11.3,12.0,12.0,station
2025-10-25,11.6,11.8,11.8,13.4,11.2,11.3,11.5,10.6,12.5,11.0,11.96,0.84,0.58,83,78,26.7,3.84,5.4,-0.9155,0.4022,12.1,12.0,12.0,station
2025-10-26,10.3,10.2,9.6,11.2,9.4,9.8,9.9,9.5,10.8,9.1,10.14,0.71,0.32,76,86,31.9,5.82,13.8,-0.9085,0.4179,10.8,11.0,11.0,station
2025-10-27,11.0,11.1,11.2,12.3,10.2,10.4,10.9,10.7,11.6,10.2,11.16,0.75,0.4,81,73,29.3,4.69,23.3,-0.9012,0.4335,11.6,12.0,12.0,station
2025-10-28,13.9,13.7,13.2,14.2,11.8,13.7,13.5,13.0,13.5,11.8,13.36,0.94,0.26,75,81,26.8,5.39,4.6,-0.8936,0.4489,13.5,14.0,14.0,station
2025-10-29,12.0,12.9,13.9,12.8,12.3,12.9,12.6,12.8,12.7,11.6,12.78,0.73,0.26,85,97,20.7,4.2,3.5,-0.8857,0.4642,13.4,13.0,13.0,station
2025-10-30,12.0,12.1,12.3,12.2,11.0,12.3,12.1,12.7,11.9,11.1,11.92,0.53,-0.1,80,71,20.8,5.8,5.6,-0.8776,0.4794,12.2,13.0,13.0,station
2025-10-31,13.4,13.3,13.7,13.1,12.8,12.4,12.9,13.3,12.5,11.9,13.26,0.34,0.66,83,87,18.9,5.08,0.0,-0.8692,0.4944,13.1,13.0,13.0,station
2025-11-01,13.2,13.2,12.8,14.0,13.3,14.3,13.3,13.7,14.1,13.8,13.3,0.44,-0.54,88,54,22.9,1.48,7.7,-0.8606,0.5093,13.2,14.0,14.0,station
2025-11-02,12.1,12.1,12.1,12.7,11.2,12.3,12.0,12.3,12.0,11.7,12.04,0.54,-0.02,88,78,19.4,5.34,1.4,-0.8517,0.524,12.5,13.0,13.0,station
2025-11-03,13.0,13.0,13.9,13.2,12.7,13.1,13.1,13.5,13.5,11.7,13.16,0.45,0.18,86,89,24.3,2.83,0.0,-0.8426,0.5386,13.1,13.0,13.0,station
2025-11-04,14.4,14.4,15.2,14.2,13.6,14.7,14.5,15.4,13.9,13.9,14.36,0.57,-0.12,79,89,21.7,6.12,0.4,-0.8332,0.553,15.5,15.0,15.0,station
2025-11-05,15.6,16.0,15.7,16.8,15.2,14.9,15.8,16.2,16.1,14.8,15.86,0.6,0.3,74,76,18.2,6.18,0.0,-0.8235,0.5672,15.6,17.0,17.0,station
2025-11-06,13.0,12.8,13.8,14.0,12.7,13.1,13.5,14.3,13.6,12.6,13.26,0.6,-0.16,77,97,13.4,5.44,0.0,-0.8137,0.5813,13.4,13.0,13.0,station
2025-11-07,14.4,13.4,15.6,15.5,14.4,14.8,14.1,15.5,15.8,16.3,14.66,0.91,-0.64,93,5,11.1,6.34,0.0,-0.8035,0.5952,15.1,16.0,16.0,station
2025-11-08,13.1,11.9,14.7,14.6,13.9,11.7,11.1,14.0,14.3,13.1,13.64,1.17,0.8,94,36,8.4,6.11,0.0,-0.7932,0.609,13.9,15.0,15.0,station
2025-11-09,13.3,12.8,13.6,14.1,12.6,13.4,12.7,13.7,13.2,12.4,13.28,0.61,0.2,90,27,10.7,5.82,0.6,-0.7826,0.6225,13.5,14.0,14.0,station
2025-11-10,10.8,10.7,11.2,10.9,11.5,10.6,10.9,11.8,11.0,10.8,11.02,0.33,0.0,90,92,19.7,2.81,2.6,-0.7718,0.6359,10.8,11.0,11.0,station
2025-11-11,12.8,11.9,12.3,12.8,11.6,12.5,11.9,12.5,12.3,11.1,12.28,0.54,0.22,90,83,20.1,4.04,0.3,-0.7607,0.6491,12.3,12.0,12.0,station
2025-11-12,14.1,14.0,15.1,15.4,13.7,14.0,14.1,15.1,14.5,13.4,14.46,0.74,0.24,76,98,20.2,3.98,0.0,-0.7494,0.6621,14.7,15.0,15.0,station
2025-11-13,15.0,14.1,14.2,13.4,15.7,14.5,14.0,15.1,13.9,15.8,14.48,0.89,-0.18,83,93,20.4,3.29,0.1,-0.7379,0.6749,15.1,15.0,15.0,station
2025-11-14,11.9,11.9,12.5,12.3,12.2,11.8,12.2,12.3,11.8,11.9,12.16,0.26,0.16,98,100,19.4,1.16,12.5,-0.7262,0.6875,11.8,12.0,12.0,station
2025-11-15,9.2,10.2,8.6,9.1,8.4,10.2,10.4,7.9,10.7,8.0,9.1,0.7,-0.34,95,99,19.1,1.26,8.4,-0.7143,0.6998,8.8,8.0,8.0,station
2025-11-16,8.6,8.2,9.0,8.9,8.3,8.5,8.1,9.1,8.6,7.8,8.6,0.35,0.18,88,80,16.1,1.77,0.8,-0.7021,0.712,8.3,9.0,9.0,station
2025-11-17,8.1,7.8,9.1,9.3,7.5,8.4,8.2,9.5,9.8,8.0,8.36,0.8,-0.42,72,48,20.2,4.79,0.7,-0.6898,0.724,7.7,8.0,8.0,station
2025-11-18,5.9,6.2,7.7,7.4,6.2,6.4,6.5,7.7,8.4,6.5,6.68,0.81,-0.42,83,78,20.9,4.13,8.0,-0.6772,0.7358,7.2,7.0,7.0,station
2025-11-19,6.4,5.7,7.6,6.3,6.0,6.2,6.1,6.3,6.9,6.4,6.4,0.72,0.02,93,91,20.4,1.11,8.2,-0.6645,0.7473,5.3,6.0,6.0,station
2025-11-20,5.3,4.0,4.7,5.1,5.7,5.3,4.1,6.5,6.2,4.3,4.96,0.65,-0.32,89,80,11.5,3.23,4.9,-0.6515,0.7586,4.8,5.0,5.0,station
2025-11-21,3.1,4.1,5.2,5.6,4.0,3.9,3.7,3.9,4.6,3.3,4.4,1.0,0.52,89,45,13.6,5.09,0.1,-0.6384,0.7697,5.3,6.0,6.0,station
2025-11-22,3.1,3.3,4.8,4.8,3.7,2.3,3.3,5.1,4.2,3.3,3.94,0.81,0.3,82,83,21.0,3.68,0.9,-0.625,0.7806,3.4,5.0,5.0,station
2025-11-23,4.0,5.7,6.6,4.1,5.9,4.2,5.4,7.1,4.6,5.9,5.26,1.15,-0.18,81,94,26.3,1.18,7.1,-0.6115,0.7912,4.1,6.0,6.0,station
2025-11-24,6.2,6.5,6.6,8.3,6.8,5.8,6.8,7.3,7.4,7.0,6.88,0.82,0.02,93,74,18.4,3.59,5.6,-0.5978,0.8016,7.0,7.0,7.0,station
2025-11-25,7.1,6.8,7.1,7.7,6.6,6.3,6.5,7.9,9.0,6.2,7.06,0.42,-0.12,91,61,15.3,4.08,0.2,-0.584,0.8118,6.9,8.0,8.0,station
2025-11-26,3.9,5.3,7.0,5.9,4.7,4.5,5.9,7.1,6.8,3.7,5.36,1.18,-0.24,95,71,13.6,3.83,0.0,-0.5699,0.8217,5.1,5.0,5.0,station
2025-11-27,9.0,8.2,9.0,7.8,8.2,9.1,8.4,6.7,7.7,8.3,8.44,0.54,0.4,91,100,21.9,1.2,1.2,-0.5557,0.8314,9.2,9.0,9.0,station
2025-11-28,10.8,10.0,10.9,10.2,9.9,10.3,9.3,10.6,10.6,10.2,10.36,0.46,0.16,93,86,20.5,1.76,0.5,-0.5413,0.8408,10.7,11.0,11.0,station
2025-11-29,9.9,10.2,10.1,9.7,9.8,9.4,9.7,9.4,9.6,10.0,9.94,0.21,0.32,93,96,23.6,1.5,0.8,-0.5268,0.85,10.2,10.0,10.0,station
2025-11-30,9.2,9.1,9.2,9.7,8.8,9.0,9.4,9.8,9.7,8.4,9.2,0.32,-0.06,80,81,22.2,2.96,0.5,-0.5121,0.859,9.2,8.0,8.0,station
2025-12-01,7.2,7.1,7.5,6.9,6.9,7.2,7.1,7.3,6.3,6.6,7.12,0.25,0.22,83,83,27.8,1.23,1.7,-0.4972,0.8676,7.0,7.0,7.0,station
2025-12-02,9.4,8.3,8.6,8.2,8.4,9.5,7.8,7.7,7.7,8.1,8.58,0.48,0.42,74,100,25.6,2.95,0.0,-0.4822,0.8761,8.5,9.0,9.0,station
2025-12-03,6.7,7.3,8.2,8.3,8.2,7.2,7.4,8.5,8.2,7.9,7.74,0.71,-0.1,91,97,11.7,1.5,0.0,-0.4671,0.8842,8.4,9.0,9.0,station
2025-12-04,7.2,7.5,7.9,8.4,6.8,7.2,7.5,8.2,7.1,7.2,7.56,0.62,0.12,90,64,19.8,3.76,0.4,-0.4518,0.8921,7.9,8.0,8.0,station
2025-12-05,5.9,6.6,6.9,7.3,7.5,6.0,6.5,7.9,6.7,6.6,6.84,0.63,0.1,95,85,19.7,2.39,0.0,-0.4364,0.8998,5.4,5.0,5.0,station
2025-12-06,10.0,9.9,10.0,10.3,9.4,10.0,10.0,10.0,10.5,9.5,9.92,0.33,-0.08,90,97,26.6,1.32,6.2,-0.4208,0.9071,10.0,11.0,11.0,station
2025-12-07,12.9,11.7,13.0,12.3,13.0,13.3,12.0,12.6,11.1,11.8,12.58,0.57,0.42,94,91,29.4,1.94,10.0,-0.4052,0.9142,13.2,14.0,14.0,station
2025-12-08,13.3,12.6,12.9,13.3,12.7,13.3,12.8,12.4,12.7,12.7,12.96,0.33,0.18,88,87,28.5,1.52,0.5,-0.3894,0.9211,13.0,14.0,14.0,station
2025-12-09,13.4,12.8,12.9,12.5,12.0,13.6,13.2,12.9,12.7,11.6,12.72,0.52,-0.08,87,100,22.1,0.85,2.9,-0.3735,0.9276,12.9,14.0,14.0,station
2025-12-10,13.4,12.6,12.7,12.4,12.0,13.6,13.1,12.4,12.5,12.2,12.62,0.51,-0.14,84,79,22.3,2.65,0.3,-0.3575,0.9339,13.5,13.0,13.0,station
2025-12-11,9.4,9.6,10.4,9.4,10.5,9.4,9.5,10.2,9.5,10.3,9.86,0.55,0.08,92,68,16.9,2.66,0.0,-0.3413,0.9399,9.5,9.0,9.0,station
2025-12-12,10.0,9.3,9.8,10.2,10.0,9.8,9.3,10.0,9.7,10.2,9.86,0.34,0.06,92,100,14.1,0.99,0.0,-0.3251,0.9457,10.4,10.0,10.0,station
2025-12-13,9.7,9.1,9.9,10.1,9.9,10.0,9.2,10.1,9.9,9.4,9.74,0.38,0.02,94,68,15.3,3.05,0.1,-0.3088,0.9511,9.9,11.0,11.0,station
2025-12-14,8.5,7.4,8.6,9.2,7.7,7.7,7.2,8.5,8.9,7.6,8.28,0.73,0.3,96,95,24.3,1.35,0.1,-0.2924,0.9563,8.3,9.0,9.0,station
2025-12-15,8.6,7.7,9.5,8.4,7.8,8.6,7.7,9.8,8.5,7.9,8.4,0.72,-0.1,89,76,21.7,2.15,0.0,-0.2759,0.9612,8.1,8.0,8.0,station
2025-12-16,9.2,9.7,10.7,10.7,10.6,10.2,9.9,11.3,11.0,10.2,10.18,0.69,-0.34,90,77,15.1,2.53,0.6,-0.2593,0.9658,10.4,10.0,10.0,station
2025-12-17,9.4,8.8,9.9,10.7,8.9,9.8,8.7,9.8,9.5,8.8,9.54,0.78,0.22,95,75,18.0,1.57,0.1,-0.2427,0.9701,9.9,11.0,11.0,station
2025-12-18,12.6,11.4,12.4,11.6,10.2,12.0,11.5,12.3,11.2,10.1,11.64,0.95,0.22,79,96,27.9,1.36,0.9,-0.226,0.9741,13.3,13.0,13.0,station
2025-12-19,12.7,11.4,12.2,11.7,10.4,12.0,11.5,12.2,11.2,10.2,11.68,0.87,0.26,86,85,27.7,1.94,4.3,-0.2092,0.9779,13.0,13.0,13.0,station
2025-12-20,7.0,6.8,7.9,7.8,6.9,7.5,7.3,8.0,7.1,7.1,7.28,0.53,-0.12,94,79,14.1,2.58,0.0,-0.1923,0.9813,6.7,7.0,7.0,station
2025-12-21,9.2,8.8,9.9,10.1,9.5,8.9,8.9,9.9,10.0,9.4,9.5,0.52,0.08,93,86,17.8,2.78,0.3,-0.1754,0.9845,10.6,11.0,11.0,station
2025-12-22,6.1,7.0,7.8,6.7,6.4,6.2,6.8,8.0,7.1,5.9,6.8,0.65,0.0,85,98,18.4,2.72,0.0,-0.1585,0.9874,7.2,7.0,7.0,station
2025-12-23,5.2,5.1,5.1,5.8,3.7,5.1,4.9,5.3,5.6,4.0,4.98,0.77,0.0,80,100,22.1,1.35,0.0,-0.1414,0.9899,6.1,6.0,6.0,station
2025-12-24,3.2,2.8,2.8,2.6,1.9,3.8,2.7,3.0,2.9,1.0,2.66,0.48,-0.02,75,31,25.3,2.62,0.0,-0.1244,0.9922,3.0,3.0,3.0,station
2025-12-25,-0.8,-0.1,1.1,0.1,-0.6,-1.2,-0.2,1.8,0.2,-0.7,-0.06,0.74,-0.04,66,1,24.1,3.78,0.0,-0.1073,0.9942,-0.5,0.0,0.0,station
2025-12-26,0.7,1.2,2.1,0.9,0.5,1.0,0.8,2.1,0.7,-0.4,1.08,0.63,0.24,72,2,15.9,3.64,0.0,-0.0902,0.9959,1.6,2.0,2.0,station
2025-12-27,4.0,5.9,6.7,5.5,5.1,5.3,5.7,7.2,4.3,4.9,5.44,1.0,-0.04,85,66,17.7,2.4,0.0,-0.073,0.9973,4.4,7.0,7.0,station
2025-12-28,2.1,5.5,4.4,4.2,2.5,2.3,5.4,4.3,3.5,2.3,3.74,1.41,0.18,96,73,10.7,3.18,0.0,-0.0559,0.9984,5.0,6.0,6.0,station
2025-12-29,7.0,6.2,6.8,7.0,5.4,6.2,6.1,6.9,6.0,6.0,6.48,0.69,0.24,91,99,12.5,1.49,0.0,-0.0387,0.9993,6.6,7.0,7.0,station
2025-12-30,6.2,5.8,6.4,5.5,4.8,6.3,5.8,6.3,6.6,4.5,5.74,0.63,-0.16,74,56,12.8,3.39,0.0,-0.0215,0.9998,6.0,6.0,6.0,station
2025-12-31,6.7,6.4,7.1,7.1,5.6,6.3,6.3,6.6,6.8,5.1,6.58,0.62,0.36,83,85,17.0,1.83,0.0,-0.0043,1.0,6.3,,,
2026-01-01,4.9,5.3,5.9,7.0,4.7,5.4,5.7,5.7,6.1,4.6,5.56,0.93,0.06,79,100,27.9,1.48,4.7,0.0172,0.9999,5.7,5.0,5.0,station
2026-01-02,3.1,3.6,4.1,5.7,3.7,3.2,4.0,4.5,4.8,4.0,4.04,0.99,-0.06,79,95,26.0,2.27,9.9,0.0344,0.9994,3.4,5.0,5.0,station
2026-01-03,2.4,2.5,4.2,3.8,3.8,2.5,2.3,4.3,3.7,4.1,3.34,0.83,-0.04,84,95,23.1,2.86,11.7,0.0516,0.9987,3.0,3.0,3.0,station
2026-01-04,2.2,2.4,3.4,2.4,2.6,2.1,2.6,3.8,3.3,2.8,2.6,0.47,-0.32,85,84,18.1,3.16,5.3,0.0688,0.9976,1.8,2.0,2.0,station
2026-01-05,-0.1,1.0,2.3,1.5,1.2,1.0,1.6,2.9,3.4,1.2,1.18,0.87,-0.84,87,65,14.7,2.87,5.6,0.0859,0.9963,0.5,2.0,2.0,station
2026-01-06,1.6,2.5,2.5,2.0,2.4,2.1,2.2,2.1,2.7,2.3,2.2,0.39,-0.08,88,43,19.0,3.65,0.3,0.103,0.9947,1.2,3.0,3.0,station
2026-01-07,2.4,3.2,2.0,2.6,2.5,2.1,3.3,3.5,4.4,2.7,2.54,0.43,-0.66,92,97,30.4,1.71,8.1,0.1201,0.9928,1.3,4.0,4.0,station
2026-01-08,2.6,3.7,3.7,3.1,2.9,2.9,4.0,4.2,4.2,4.4,3.2,0.49,-0.74,93,100,20.4,3.38,1.0,0.1372,0.9905,2.5,3.0,3.0,station
2026-01-09,2.7,4.9,4.7,2.6,3.4,3.3,4.9,5.3,1.8,2.7,3.66,1.09,0.06,95,100,24.4,0.96,14.8,0.1542,0.988,3.0,3.0,3.0,station
2026-01-10,-1.4,-0.6,-0.7,-1.3,-1.4,-0.6,-0.2,3.9,-1.4,0.6,-1.08,0.4,-1.54,81,95,19.8,1.97,0.9,0.1712,0.9852,-1.3,-1.0,-1.0,station
2026-01-11,0.3,0.7,-0.3,0.1,-1.0,-0.8,0.0,-0.1,-0.1,-1.5,-0.04,0.65,0.46,81,93,23.9,1.91,0.0,0.1881,0.9821,0.8,1.0,1.0,station
2026-01-12,6.1,7.1,5.0,6.4,6.9,6.8,7.3,5.7,5.6,7.4,6.3,0.83,-0.26,94,92,28.7,1.63,4.1,0.205,0.9788,5.7,8.0,8.0,station
2026-01-13,8.0,8.0,8.8,8.4,9.0,8.4,8.1,8.5,7.8,8.3,8.44,0.46,0.22,98,92,21.2,1.18,1.5,0.2218,0.9751,9.2,9.0,9.0,station
2026-01-14,7.8,7.8,8.0,8.2,7.9,8.2,8.1,8.1,7.8,7.7,7.94,0.17,-0.04,93,69,18.1,4.51,3.7,0.2385,0.9711,8.4,9.0,9.0,station
2026-01-15,9.2,9.1,9.9,9.5,8.0,9.4,9.0,8.9,8.0,8.8,9.14,0.71,0.32,93,84,24.0,1.09,2.1,0.2552,0.9669,9.5,10.0,10.0,station
2026-01-16,10.3,9.4,10.7,10.3,9.0,9.3,8.8,10.5,9.7,8.7,9.94,0.71,0.54,87,82,27.0,4.05,1.3,0.2718,0.9624,10.1,10.0,10.0,station
2026-01-17,8.9,8.9,9.9,10.0,8.9,9.3,8.7,9.1,9.1,8.7,9.32,0.58,0.34,94,83,13.2,4.43,1.0,0.2883,0.9575,10.6,11.0,11.0,station
2026-01-18,6.6,5.1,8.4,7.4,6.0,6.1,5.1,7.8,5.3,4.9,6.7,1.27,0.86,95,47,11.0,4.12,0.0,0.3047,0.9524,6.8,7.0,7.0,station
2026-01-19,4.2,3.5,6.4,4.5,4.4,4.8,3.2,6.4,6.1,5.3,4.6,1.08,-0.56,95,57,11.6,3.91,1.1,0.3211,0.9471,4.6,5.0,5.0,station
2026-01-20,4.2,4.3,7.1,6.7,3.9,4.9,6.0,8.1,6.9,4.2,5.24,1.53,-0.78,93,43,13.5,4.87,0.0,0.3373,0.9414,4.2,6.0,6.0,station
2026-01-21,8.0,6.2,8.1,7.5,6.5,7.1,5.9,7.5,6.0,5.2,7.26,0.87,0.92,83,84,18.2,2.98,1.6,0.3534,0.9355,7.4,7.0,7.0,station
2026-01-22,4.1,4.0,5.8,6.0,3.8,5.2,4.5,6.1,7.5,3.2,4.74,1.07,-0.56,74,54,16.1,5.14,0.0,0.3695,0.9292,5.1,4.0,4.0,station
2026-01-23,6.6,6.0,7.9,7.9,6.3,6.1,5.0,7.9,7.2,4.6,6.94,0.9,0.78,87,73,16.4,3.78,0.0,0.3854,0.9227,6.7,6.0,6.0,station
2026-01-24,6.4,4.9,7.2,7.1,4.2,4.1,4.8,7.2,4.6,2.6,5.96,1.35,1.3,89,65,13.9,5.32,0.1,0.4012,0.916,6.9,7.0,7.0,station
2026-01-25,2.1,1.7,5.1,3.2,1.5,1.7,2.0,5.1,2.9,1.5,2.72,1.48,0.08,86,37,14.3,5.39,0.0,0.4169,0.9089,1.4,1.0,1.0,station
2026-01-26,2.8,1.7,3.3,3.2,1.8,2.7,1.7,3.9,2.8,0.7,2.56,0.76,0.2,89,96,9.2,1.97,0.0,0.4325,0.9016,3.0,3.0,3.0,station
2026-01-27,3.4,3.7,4.5,3.6,2.9,3.0,3.3,4.5,3.1,3.2,3.62,0.58,0.2,92,100,18.5,1.79,5.4,0.4479,0.8941,3.6,3.0,3.0,station
2026-01-28,3.8,3.8,5.1,4.9,3.9,3.8,4.6,5.3,4.9,4.6,4.3,0.64,-0.34,94,100,13.1,1.72,0.1,0.4633,0.8862,4.2,4.0,4.0,station
2026-01-29,0.9,0.9,1.4,1.0,0.3,0.5,1.2,1.8,3.4,0.4,0.9,0.39,-0.56,90,100,11.8,2.65,3.0,0.4784,0.8781,1.0,1.0,1.0,station
2026-01-30,4.3,3.7,4.6,3.3,3.2,4.4,4.7,4.3,4.1,3.7,3.82,0.61,-0.42,89,97,17.3,3.09,0.0,0.4935,0.8698,4.5,4.0,4.0,station
2026-01-31,7.6,7.0,7.2,8.8,7.2,8.1,7.6,8.3,7.8,7.0,7.56,0.73,-0.2,93,87,17.5,3.81,1.6,0.5084,0.8611,8.6,8.0,8.0,station
2026-02-01,7.4,7.0,7.9,8.5,6.4,7.6,6.5,6.3,8.3,6.4,7.44,0.81,0.42,94,68,16.6,3.6,0.0,0.5231,0.8523,7.9,8.0,8.0,station
2026-02-02,6.5,5.2,5.4,6.0,5.8,5.4,5.3,5.0,6.1,5.6,5.78,0.51,0.3,88,53,19.8,4.77,0.0,0.5377,0.8432,6.4,6.0,6.0,station
2026-02-03,2.4,3.5,3.6,1.7,1.5,2.6,2.7,3.3,2.2,2.5,2.54,0.98,-0.12,83,81,19.8,2.92,0.6,0.5521,0.8338,1.5,2.0,2.0,station
2026-02-04,6.8,6.8,8.5,9.3,7.6,8.6,6.4,8.6,8.6,8.1,7.8,1.09,-0.26,92,61,19.3,6.77,0.3,0.5664,0.8242,8.9,10.0,10.0,station
2026-02-05,3.4,2.5,4.6,3.4,2.9,3.7,2.9,5.1,3.4,3.2,3.36,0.79,-0.3,83,85,19.9,4.94,0.0,0.5805,0.8143,4.3,1.0,1.0,station
2026-02-06,5.8,6.4,6.3,6.5,6.3,6.8,7.2,7.9,6.6,4.2,6.26,0.27,-0.28,93,98,15.3,2.82,1.8,0.5944,0.8042,6.5,7.0,7.0,station
2026-02-07,10.7,9.2,9.6,11.1,8.5,10.2,8.8,10.2,11.0,8.3,9.82,1.07,0.12,92,59,15.0,6.82,0.0,0.6081,0.7938,11.1,12.0,12.0,station
2026-02-08,9.6,7.8,9.7,10.7,8.7,8.5,7.5,7.7,10.2,9.0,9.3,1.1,0.72,92,70,13.2,7.32,0.0,0.6217,0.7833,9.4,11.0,11.0,station
2026-02-09,6.8,4.2,7.6,7.6,5.8,6.4,4.2,7.8,7.6,5.9,6.4,1.44,0.02,90,93,16.3,4.19,0.0,0.6351,0.7725,5.4,5.0,5.0,station
2026-02-10,7.3,7.2,6.7,7.3,7.5,7.4,6.8,6.6,7.3,7.9,7.2,0.3,0.0,92,79,12.4,2.94,1.2,0.6483,0.7614,7.5,8.0,8.0,station
2026-02-11,10.4,9.1,8.7,9.5,8.7,9.1,8.4,9.0,9.3,9.4,9.28,0.71,0.24,97,97,17.6,2.08,6.3,0.6613,0.7502,9.7,10.0,10.0,station
2026-02-12,8.8,8.0,9.7,9.9,8.2,8.4,7.7,7.4,9.4,7.7,8.92,0.86,0.8,92,92,19.7,5.53,2.5,0.6741,0.7387,10.0,9.0,9.0,station
2026-02-13,5.4,5.4,6.2,2.9,5.6,3.2,4.6,7.2,5.5,4.2,5.1,1.27,0.16,82,100,17.2,3.94,0.0,0.6867,0.727,4.9,3.0,3.0,station
2026-02-14,3.2,1.7,4.0,3.3,1.4,3.6,1.8,4.0,3.3,1.1,2.72,1.12,-0.04,74,63,17.8,8.02,0.0,0.6991,0.715,2.7,3.0,3.0,station
2026-02-15,2.6,1.6,3.7,3.2,1.6,1.7,2.2,3.0,1.7,0.7,2.54,0.94,0.68,82,88,22.8,6.49,3.1,0.7113,0.7029,3.0,3.0,3.0,station
2026-02-16,6.2,5.9,6.2,7.0,5.9,6.7,6.0,6.3,6.2,5.8,6.24,0.45,0.04,90,75,19.4,6.24,4.0,0.7233,0.6906,6.8,8.0,8.0,station
2026-02-17,6.3,5.7,6.4,7.3,4.6,6.4,5.5,6.8,7.0,5.3,6.06,1.0,-0.14,83,62,27.7,7.41,5.5,0.735,0.678,6.8,7.0,7.0,station
2026-02-18,2.9,3.0,4.2,3.4,2.1,3.2,2.8,3.9,3.8,1.9,3.12,0.77,0.0,74,100,24.1,7.75,0.0,0.7466,0.6653,2.8,3.0,3.0,station
2026-02-19,2.8,3.5,3.2,3.2,4.2,3.4,3.7,3.6,2.3,2.8,3.38,0.52,0.22,76,99,26.6,4.11,2.5,0.7579,0.6523,4.3,5.0,5.0,station
2026-02-20,7.6,8.2,8.7,8.1,7.7,7.5,8.0,9.0,8.0,8.2,8.06,0.44,-0.08,83,97,27.3,3.38,2.6,0.769,0.6392,8.0,10.0,10.0,station
2026-02-21,10.6,9.6,9.3,10.8,8.8,10.4,9.6,10.2,9.7,8.7,9.82,0.86,0.1,88,87,26.1,4.8,1.9,0.7799,0.6259,10.6,10.0,10.0,station
2026-02-22,11.6,10.5,10.5,10.3,10.0,11.3,10.3,11.2,10.2,9.9,10.58,0.61,0.0,94,98,27.6,3.26,10.5,0.7906,0.6124,12.0,12.0,12.0,station
2026-02-23,10.2,9.7,9.5,10.2,9.0,10.6,9.6,10.0,9.8,9.2,9.72,0.51,-0.12,84,67,30.4,7.19,4.5,0.801,0.5987,10.6,10.0,10.0,station
2026-02-24,11.6,10.7,12.0,12.0,11.5,11.6,10.3,11.9,11.5,10.7,11.56,0.53,0.36,96,99,18.4,2.74,3.5,0.8112,0.5848,12.0,13.0,13.0,station
2026-02-25,16.0,13.0,16.3,16.1,14.5,15.6,13.1,15.6,15.6,13.8,15.18,1.41,0.44,89,11,17.0,10.29,0.0,0.8211,0.5708,16.7,17.0,17.0,station
2026-02-26,15.8,12.9,14.6,14.5,13.7,13.7,11.7,14.4,12.3,13.8,14.3,1.08,1.12,83,66,21.2,9.88,0.0,0.8308,0.5566,15.7,15.0,15.0,station
2026-02-27,11.8,12.0,11.8,12.0,12.2,11.8,11.4,14.2,11.0,11.1,11.96,0.17,0.06,87,85,19.2,3.59,5.2,0.8402,0.5422,12.3,12.0,12.0,station
2026-02-28,10.6,11.0,11.0,11.1,10.7,10.4,10.4,10.5,11.2,10.9,10.88,0.22,0.2,86,87,30.4,4.98,3.8,0.8495,0.5277,11.2,11.0,11.0,station
2026-03-01,10.9,11.1,12.1,11.3,9.9,11.1,10.7,11.7,9.5,9.9,11.06,0.79,0.48,81,62,24.7,8.45,1.5,0.8584,0.513,12.2,12.0,12.0,station
2026-03-02,14.6,13.3,14.4,15.5,13.0,14.5,13.4,14.4,14.3,12.6,14.16,1.02,0.32,72,69,16.4,11.31,0.0,0.8671,0.4981,15.2,16.0,16.0,station
2026-03-03,14.6,12.3,14.8,15.0,13.4,13.5,12.2,15.0,14.6,13.8,14.02,1.15,0.2,80,10,13.4,11.57,0.0,0.8755,0.4831,15.6,16.0,16.0,station
2026-03-04,14.1,11.4,13.7,14.6,12.8,13.7,11.1,13.1,13.4,12.8,13.32,1.26,0.5,82,27,13.0,11.75,0.0,0.8837,0.468,14.3,15.0,15.0,station
2026-03-05,15.2,14.0,15.6,16.9,13.6,15.0,13.8,15.6,16.7,13.4,15.06,1.32,0.16,75,0,12.1,12.54,0.0,0.8916,0.4527,16.1,16.0,16.0,station
2026-03-06,16.6,14.6,17.1,18.4,16.8,16.6,14.5,16.6,18.0,14.5,16.7,1.37,0.66,75,65,10.4,12.02,0.0,0.8993,0.4373,17.0,17.0,17.0,station
2026-03-07,14.2,10.7,14.5,11.0,14.2,14.9,11.8,14.4,14.2,14.2,12.92,1.9,-0.98,88,59,10.3,11.21,0.0,0.9067,0.4218,13.9,9.0,9.0,station
2026-03-08,13.7,10.6,16.9,13.8,13.8,15.2,12.3,16.2,11.0,15.7,13.76,2.23,-0.32,90,47,10.2,11.87,0.0,0.9138,0.4061,14.0,14.0,14.0,station
2026-03-09,14.6,10.5,16.8,9.6,14.2,14.7,10.5,16.9,13.4,14.8,13.14,3.01,-0.92,90,41,4.3,11.33,0.0,0.9207,0.3904,15.6,16.0,16.0,station
2026-03-10,10.3,10.8,12.8,11.0,9.3,11.5,11.4,13.8,13.2,11.4,10.84,1.28,-1.42,94,76,13.7,6.65,4.1,0.9272,0.3745,12.4,12.0,12.0,station
2026-03-11,11.3,10.0,9.4,11.4,10.2,10.5,9.7,10.3,11.3,9.2,10.46,0.86,0.26,88,71,23.5,4.03,6.3,0.9335,0.3585,10.4,11.0,11.0,station
2026-03-12,11.6,11.0,12.4,12.1,10.3,11.5,11.0,12.0,12.2,9.7,11.48,0.85,0.2,73,57,33.2,10.52,0.1,0.9396,0.3424,12.3,12.0,12.0,station
2026-03-13,10.1,10.5,10.6,10.9,10.5,10.6,10.3,10.5,10.9,10.3,10.52,0.29,0.0,79,100,33.4,3.81,8.0,0.9453,0.3261,10.9,11.0,11.0,station
2026-03-14,7.7,7.3,9.2,8.4,7.9,8.6,7.9,7.9,8.9,6.9,8.1,0.73,0.06,84,88,14.1,10.53,0.7,0.9508,0.3098,8.6,8.0,8.0,station
2026-03-15,10.8,10.2,11.3,11.7,9.7,10.6,10.1,10.8,11.0,9.4,10.74,0.81,0.36,73,27,24.2,14.47,0.0,0.956,0.2934,11.0,11.0,11.0,station
2026-03-16,9.0,8.8,8.3,9.6,8.0,9.6,8.8,9.1,9.0,7.6,8.74,0.62,-0.08,76,56,26.8,12.59,8.5,0.9609,0.2769,9.2,10.0,10.0,station
2026-03-17,14.8,12.1,12.8,14.6,13.9,15.6,12.2,14.3,15.2,13.3,13.64,1.16,-0.48,83,92,16.1,6.27,0.2,0.9655,0.2604,14.3,14.0,14.0,station
2026-03-18,13.8,12.7,14.5,14.6,12.2,14.1,12.6,14.3,14.8,12.1,13.56,1.07,-0.02,70,24,15.6,15.48,0.0,0.9698,0.2437,14.4,15.0,15.0,station
2026-03-19,14.8,13.7,15.6,15.8,14.8,14.8,13.7,14.9,14.7,12.8,14.94,0.83,0.76,70,24,11.3,15.74,0.0,0.9739,0.227,15.2,15.0,15.0,station
2026-03-20,11.7,11.2,11.8,11.8,11.9,11.6,11.5,11.3,12.5,11.6,11.68,0.28,-0.02,73,71,13.8,15.42,0.0,0.9777,0.2102,11.2,12.0,12.0,station
2026-03-21,10.8,10.7,12.1,10.4,11.7,12.0,11.1,12.7,10.7,11.3,11.14,0.72,-0.42,86,27,12.4,15.6,0.0,0.9811,0.1934,10.0,10.0,10.0,station
2026-03-22,13.6,12.5,14.2,14.0,12.8,13.3,12.4,14.2,14.3,13.2,13.42,0.74,-0.06,79,4,13.2,16.32,0.0,0.9843,0.1765,14.3,15.0,15.0,station
2026-03-23,13.2,12.2,13.2,14.2,12.9,12.4,12.4,12.5,13.0,10.9,13.14,0.72,0.9,79,83,9.9,14.12,0.0,0.9872,0.1595,13.4,14.0,14.0,station
2026-03-24,12.7,12.2,13.1,12.8,12.7,13.1,12.3,13.0,12.6,12.9,12.7,0.32,-0.08,75,99,29.3,9.56,0.0,0.9898,0.1425,12.6,13.0,13.0,station
2026-03-25,10.5,11.5,11.5,11.0,10.6,10.5,11.4,10.8,10.1,10.4,11.02,0.48,0.38,73,79,34.8,11.11,11.8,0.9921,0.1255,11.7,11.0,11.0,station
2026-03-26,6.5,5.7,6.7,8.2,5.6,6.1,5.9,6.9,7.2,5.3,6.54,1.05,0.26,71,50,20.4,15.29,2.4,0.9941,0.1084,6.6,7.0,7.0,station
2026-03-27,8.8,8.7,9.9,9.5,9.5,9.7,8.9,10.1,9.8,8.4,9.28,0.51,-0.1,77,71,20.3,5.91,0.5,0.9958,0.0913,9.8,10.0,10.0,station
2026-03-28,8.5,8.3,8.2,9.0,8.3,8.9,8.2,9.2,9.4,7.9,8.46,0.32,-0.26,79,61,21.4,15.91,6.1,0.9972,0.0741,8.6,9.0,9.0,station
2026-03-29,9.2,9.2,9.1,9.9,8.7,8.9,9.2,8.8,9.7,8.2,9.22,0.43,0.26,76,63,29.2,13.46,3.3,0.9984,0.057,9.6,9.0,9.0,station
2026-03-30,8.4,8.4,8.5,9.5,7.6,8.9,8.5,8.5,8.8,7.5,8.48,0.68,0.04,76,49,32.7,14.14,11.3,0.9992,0.0398,8.7,10.0,10.0,station
2026-03-31,10.6,10.1,10.9,11.0,10.1,10.2,9.7,10.0,10.2,9.6,10.54,0.43,0.6,78,40,13.5,13.82,0.3,0.9997,0.0226,11.0,12.0,12.0,station
2026-04-01,12.3,10.7,12.2,13.7,12.3,11.8,10.8,13.4,13.1,11.6,12.24,1.06,0.1,83,67,9.4,14.14,0.0,1.0,0.0054,11.7,13.0,13.0,station
2026-04-02,9.5,8.7,9.0,9.8,8.8,8.6,8.2,9.7,9.0,10.1,9.16,0.47,0.04,81,96,17.4,6.08,1.1,0.9999,-0.0118,9.8,10.0,10.0,station
2026-04-03,10.9,11.2,10.7,11.0,11.3,10.7,11.3,11.3,10.9,11.3,11.02,0.24,-0.08,80,96,26.6,8.5,0.2,0.9996,-0.029,11.6,12.0,12.0,station
2026-04-04,13.8,13.7,14.9,14.5,14.7,14.0,13.3,14.4,15.3,14.0,14.32,0.54,0.12,74,84,25.3,12.83,0.4,0.9989,-0.0462,15.1,15.0,15.0,station
2026-04-05,13.6,13.6,13.5,12.9,15.2,13.0,12.9,12.9,13.3,14.6,13.76,0.86,0.42,67,82,32.5,15.86,0.4,0.998,-0.0634,14.6,15.0,15.0,station
2026-04-06,11.8,11.6,12.1,12.1,11.6,11.4,11.7,12.3,11.8,11.0,11.84,0.25,0.2,66,39,11.0,19.44,0.0,0.9968,-0.0805,11.8,13.0,13.0,station
2026-04-07,14.4,13.8,15.9,16.4,14.9,14.8,15.6,15.3,15.7,14.3,15.08,1.07,-0.06,62,16,13.4,19.99,0.0,0.9952,-0.0977,14.8,16.0,16.0,station
2026-04-08,17.2,17.0,18.4,19.8,19.3,16.8,19.2,17.8,19.4,18.7,18.34,1.24,-0.04,60,45,13.7,19.7,0.0,0.9934,-0.1148,19.1,20.0,20.0,station
2026-04-09,19.1,17.6,22.0,22.5,23.1,19.3,13.7,20.7,21.0,21.2,20.86,2.38,1.68,68,61,23.7,18.91,0.2,0.9913,-0.1319,19.1,20.0,20.0,station
2026-04-10,10.9,11.2,10.5,11.0,11.5,11.3,9.7,11.5,11.0,12.6,11.02,0.37,-0.2,69,98,23.5,15.53,0.3,0.9889,-0.1489,11.1,11.0,11.0,station
2026-04-11,14.6,14.7,17.1,17.1,18.3,16.0,9.3,15.1,16.0,20.4,16.36,1.64,1.0,70,99,21.5,11.78,2.3,0.9861,-0.1659,16.8,17.0,17.0,station
2026-04-12,13.2,12.9,13.9,14.6,14.2,13.4,11.3,13.3,14.3,13.9,13.76,0.7,0.52,71,83,18.3,17.75,0.6,0.9831,-0.1828,13.1,15.0,15.0,station
2026-04-13,13.9,12.3,13.9,14.8,13.9,12.6,12.2,13.4,12.7,13.6,13.76,0.9,0.86,73,96,7.8,11.49,0.0,0.9799,-0.1997,13.4,14.0,14.0,station
2026-04-14,13.6,13.2,15.3,14.7,15.3,13.8,13.3,13.9,15.7,13.7,14.42,0.97,0.34,77,14,8.1,19.22,0.0,0.9763,-0.2165,14.6,15.0,15.0,station
2026-04-15,17.5,16.9,18.1,19.5,19.2,17.1,16.7,18.1,17.6,17.5,18.24,1.1,0.84,69,76,16.0,18.76,0.2,0.9724,-0.2333,17.7,18.0,18.0,station
2026-04-16,15.4,14.7,16.1,15.8,16.3,15.6,14.5,15.8,16.0,16.0,15.66,0.63,0.08,75,53,16.2,20.39,0.0,0.9683,-0.25,16.0,16.0,16.0,station
2026-04-17,17.3,16.8,18.7,18.3,20.8,16.7,16.6,18.1,18.8,20.8,18.38,1.55,0.18,75,86,11.9,15.07,0.1,0.9638,-0.2666,17.9,18.0,18.0,station
2026-04-18,13.8,12.3,15.1,13.7,15.1,13.6,12.9,16.3,14.0,13.1,14.0,1.17,0.02,79,54,14.3,15.67,0.0,0.9591,-0.2831,15.0,14.0,14.0,station
2026-04-19,12.4,11.3,13.2,13.6,13.3,12.4,11.0,13.0,12.9,13.1,12.76,0.93,0.28,80,22,15.6,20.06,0.6,0.9541,-0.2996,12.9,13.0,13.0,station
2026-04-20,11.1,10.4,12.4,11.8,12.9,11.3,10.1,10.9,12.1,11.8,11.72,1.0,0.48,76,50,16.3,16.46,0.7,0.9488,-0.316,11.7,12.0,12.0,station
2026-04-21,12.6,12.6,13.6,14.0,13.1,12.5,12.6,13.3,14.2,13.7,13.18,0.62,-0.08,67,20,17.4,23.15,0.7,0.9432,-0.3322,12.8,14.0,14.0,station
2026-04-22,14.7,14.5,16.1,16.4,15.8,14.4,14.6,15.5,15.9,15.4,15.5,0.85,0.34,65,0,16.8,23.57,0.0,0.9373,-0.3484,15.1,16.0,16.0,station
2026-04-23,15.3,12.1,17.4,16.0,16.0,15.3,12.7,16.4,15.3,15.9,15.36,1.98,0.24,77,19,11.7,23.35,0.0,0.9312,-0.3645,15.7,16.0,16.0,station
2026-04-24,14.7,11.7,17.0,14.3,16.0,14.4,11.7,16.7,14.3,16.4,14.74,2.01,0.04,80,8,12.3,23.53,0.0,0.9248,-0.3804,14.6,15.0,15.0,station
2026-04-25,14.1,13.2,15.9,15.0,14.1,14.1,13.1,15.9,13.2,14.8,14.46,1.03,0.24,74,8,12.0,24.43,0.0,0.9181,-0.3963,14.3,15.0,15.0,station
2026-04-26,14.1,12.3,16.0,15.4,14.7,13.7,12.6,15.1,14.4,14.3,14.5,1.42,0.48,71,53,11.1,23.0,0.0,0.9112,-0.412,13.9,14.0,14.0,station
2026-04-27,14.4,13.5,17.5,15.1,13.9,13.9,13.1,17.5,15.2,14.7,14.88,1.58,0.0,70,98,15.1,19.44,0.0,0.9039,-0.4276,14.8,14.0,14.0,station
2026-04-28,16.2,15.5,16.8,17.4,17.6,15.8,15.3,16.9,18.0,16.9,16.7,0.87,0.12,60,56,21.8,22.4,0.0,0.8965,-0.4431,16.8,17.0,17.0,station
2026-04-29,16.5,15.9,17.4,18.1,18.1,16.7,15.7,17.3,18.1,18.5,17.2,0.98,-0.06,43,0,20.2,24.89,0.0,0.8887,-0.4585,17.2,18.0,18.0,station
2026-04-30,18.6,17.8,18.5,20.1,19.5,18.6,17.7,18.7,19.9,20.0,18.9,0.9,-0.08,36,0,19.8,25.24,0.0,0.8807,-0.4737,19.4,20.0,20.0,station
2026-05-01,21.7,20.4,22.1,23.9,23.4,21.6,20.6,22.1,23.3,23.7,22.3,1.39,0.04,43,0,17.7,25.38,0.0,0.8724,-0.4888,22.2,23.0,23.0,station
2026-05-02,19.7,17.5,20.5,20.3,20.1,19.3,17.4,20.7,20.2,21.4,19.62,1.22,-0.18,62,54,11.9,20.92,0.5,0.8639,-0.5037,20.2,20.0,20.0,station
2026-05-03,18.0,15.3,17.6,17.9,19.9,17.0,15.8,16.7,18.9,20.3,17.74,1.64,0.0,89,99,17.1,8.08,3.6,0.8551,-0.5185,17.3,17.0,17.0,station
2026-05-04,17.4,15.4,20.3,19.4,18.6,17.2,14.6,16.5,17.4,16.4,18.22,1.9,1.8,89,91,13.9,14.36,1.5,0.846,-0.5331,17.5,18.0,18.0,station
2026-05-05,14.7,13.0,16.8,14.8,16.4,13.7,12.8,17.0,14.2,15.0,15.14,1.52,0.6,77,89,17.3,19.46,0.0,0.8367,-0.5476,14.2,14.0,14.0,station
2026-05-06,14.3,13.1,13.9,15.2,15.9,14.3,11.4,12.1,14.1,15.4,14.48,1.1,1.02,70,96,18.4,12.91,0.3,0.8272,-0.5619,13.6,15.0,15.0,station
2026-05-07,14.7,13.9,15.8,15.4,16.3,14.4,13.5,15.5,15.7,16.8,15.22,0.94,0.04,71,68,12.0,15.94,0.0,0.8174,-0.5761,15.0,16.0,16.0,station
2026-05-08,16.5,16.0,16.9,17.2,18.3,16.1,15.9,17.2,17.4,18.7,16.98,0.86,-0.08,66,71,11.2,18.42,0.0,0.8074,-0.59,17.3,17.0,17.0,station
2026-05-09,17.7,16.6,20.8,19.4,19.6,17.6,16.7,21.2,19.4,20.5,18.82,1.66,-0.26,65,17,10.8,23.43,0.0,0.7971,-0.6038,17.6,18.0,18.0,station
2026-05-10,15.6,14.0,15.9,15.5,16.3,15.8,13.8,16.0,16.7,15.8,15.46,0.87,-0.16,69,75,19.3,19.93,0.0,0.7866,-0.6175,15.4,16.0,16.0,station
2026-05-11,10.7,9.4,10.4,10.5,10.2,10.9,8.9,10.4,11.2,11.2,10.24,0.5,-0.28,65,65,26.2,18.62,1.5,0.7759,-0.6309,10.7,10.0,10.0,station
2026-05-12,11.5,12.0,12.3,11.8,12.3,11.4,11.9,12.3,12.1,12.7,11.98,0.34,-0.1,62,74,23.8,13.08,0.9,0.7649,-0.6442,12.3,12.0,12.0,station
2026-05-13,11.9,10.0,11.4,11.9,10.9,11.0,10.2,11.9,11.8,12.1,11.22,0.8,-0.18,74,54,16.2,19.62,2.7,0.7537,-0.6572,12.6,13.0,13.0,station
2026-05-14,10.3,10.2,12.4,11.8,11.0,11.1,10.5,12.5,13.0,10.8,11.14,0.95,-0.44,77,69,15.5,19.79,4.4,0.7423,-0.6701,11.7,13.0,13.0,station
2026-05-15,10.3,9.8,9.9,11.3,10.9,10.8,9.8,11.5,10.1,10.3,10.44,0.65,-0.06,75,83,20.1,18.9,1.7,0.7306,-0.6828,10.9,11.0,11.0,station
2026-05-16,12.4,11.3,13.3,12.8,12.7,12.1,11.4,12.7,13.7,11.6,12.5,0.74,0.2,67,32,17.2,22.75,1.6,0.7188,-0.6952,12.2,12.0,12.0,station
2026-05-17,13.5,13.4,15.6,14.1,14.4,13.3,13.3,13.9,12.8,13.4,14.2,0.89,0.86,83,99,16.1,13.65,8.5,0.7067,-0.7075,14.9,14.0,14.0,station
2026-05-18,13.0,13.4,14.7,15.3,14.2,14.5,13.3,15.3,15.3,13.9,14.12,0.94,-0.34,85,76,13.2,20.38,8.4,0.6945,-0.7195,14.7,15.0,15.0,station
2026-05-19,14.7,15.2,15.4,14.8,16.2,14.3,14.3,12.8,14.9,15.5,15.26,0.6,0.9,88,74,23.1,11.25,4.5,0.682,-0.7314,15.6,16.0,16.0,station
2026-05-20,16.1,15.8,17.1,17.7,16.6,16.5,15.7,17.1,17.0,16.7,16.66,0.76,0.06,82,58,22.8,22.19,2.3,0.6693,-0.743,16.7,18.0,18.0,station
2026-05-21,18.8,18.3,20.6,19.5,19.9,19.2,18.2,20.9,19.8,20.2,19.42,0.9,-0.24,78,65,15.0,23.74,0.2,0.6564,-0.7544,19.0,19.0,19.0,station
2026-05-22,23.3,22.7,24.8,25.3,26.4,23.0,22.8,25.0,25.7,27.1,24.5,1.5,-0.22,72,22,9.3,27.98,0.0,0.6433,-0.7656,23.9,25.0,25.0,station
2026-05-23,25.3,24.6,28.0,26.7,29.6,24.5,24.1,28.0,26.0,30.3,26.84,2.02,0.26,70,25,12.7,27.06,0.0,0.6301,-0.7765,28.3,28.0,28.0,station
2026-05-24,24.3,21.9,27.1,25.7,26.3,23.9,21.9,27.3,24.9,26.8,25.06,2.04,0.1,64,44,10.7,28.54,0.0,0.6166,-0.7873,25.0,24.0,24.0,station
2026-05-25,27.4,24.1,30.2,28.9,29.0,26.6,24.0,29.2,28.0,29.1,27.92,2.36,0.54,58,0,7.4,28.68,0.0,0.603,-0.7978,28.5,28.0,28.0,station
2026-05-26,28.9,25.4,31.3,30.8,30.6,28.7,25.7,31.6,29.8,29.9,29.4,2.41,0.26,55,0,10.3,28.6,0.0,0.5892,-0.808,29.8,29.0,29.0,station
2026-05-27,20.1,19.2,21.9,21.0,22.4,20.4,19.3,21.8,20.9,22.2,20.92,1.3,0.0,64,54,14.8,21.43,1.1,0.5752,-0.818,20.2,21.0,21.0,station
2026-05-28,23.9,22.3,25.1,24.1,26.7,24.1,22.0,25.3,26.0,26.7,24.42,1.62,-0.4,56,13,13.2,28.55,0.0,0.561,-0.8278,24.1,25.0,25.0,station
2026-05-29,27.7,24.0,25.4,28.2,29.3,28.2,24.2,26.6,30.1,27.0,26.92,2.16,-0.3,68,79,20.6,18.68,9.4,0.5467,-0.8373,27.0,28.0,28.0,station
2026-05-30,23.3,21.8,25.3,26.4,24.7,24.2,22.3,24.9,25.4,25.5,24.3,1.79,-0.16,65,34,12.5,28.2,0.0,0.5322,-0.8466,24.7,25.0,25.0,station
2026-05-31,20.3,19.5,21.6,21.2,23.8,21.6,19.4,23.0,21.6,24.1,21.28,1.63,-0.66,68,72,18.4,24.05,0.4,0.5176,-0.8556,23.4,23.0,23.0,station
2026-06-01,22.0,20.2,21.9,22.2,22.7,21.5,20.2,21.6,21.2,23.2,21.8,0.95,0.26,63,69,14.8,24.54,0.2,0.5028,-0.8644,23.3,22.0,22.0,station
2026-06-02,20.8,18.2,20.3,21.2,19.0,20.9,18.7,19.4,20.1,23.1,19.9,1.26,-0.54,81,95,18.7,11.66,9.9,0.4878,-0.8729,19.7,19.0,19.0,station
2026-06-03,18.5,17.5,19.8,19.3,18.7,18.3,17.6,20.1,18.9,17.5,18.76,0.87,0.28,84,70,26.8,18.55,16.6,0.4728,-0.8812,18.4,20.0,20.0,station
2026-06-04,16.7,16.0,18.1,17.7,16.2,17.2,15.9,17.5,18.2,16.2,16.94,0.92,-0.06,78,73,25.7,19.47,13.3,0.4575,-0.8892,17.4,19.0,19.0,station
2026-06-05,17.1,16.7,17.1,17.8,16.9,16.7,16.4,17.8,17.8,16.2,17.12,0.41,0.14,77,56,18.2,25.31,4.5,0.4422,-0.8969,18.0,19.0,19.0,station
2026-06-06,17.3,18.3,18.2,18.7,,17.4,18.1,17.3,18.0,19.6,18.12,0.59,0.04,80,84,20.4,13.69,3.2,0.4267,-0.9044,18.0,19.0,19.0,station
2026-06-07,17.7,17.0,18.8,19.3,,17.4,17.2,18.3,18.9,16.5,18.2,1.04,0.54,81,95,25.0,14.37,5.6,0.4111,-0.9116,18.0,19.0,19.0,station
2026-06-08,18.8,18.7,20.9,20.3,,19.1,18.6,23.6,19.4,21.4,19.68,1.1,-0.74,84,99,16.2,12.39,9.1,0.3953,-0.9185,19.7,21.0,21.0,station
2026-06-09,15.4,15.4,16.5,17.0,,15.7,15.3,16.6,17.3,16.3,16.07,0.81,-0.17,80,43,21.0,25.03,8.5,0.3795,-0.9252,16.6,18.0,18.0,station
2026-06-10,14.3,14.4,16.6,16.2,16.8,15.9,14.6,16.8,15.8,16.5,15.66,1.22,-0.26,78,45,16.8,25.85,3.4,0.3635,-0.9316,16.2,17.0,17.0,station
2026-06-11,15.7,15.8,16.9,17.3,16.4,16.1,15.6,16.1,16.2,16.3,16.42,0.69,0.36,80,69,20.9,17.54,4.7,0.3474,-0.9377,16.2,17.0,17.0,station
2026-06-12,18.7,18.1,19.3,18.5,18.8,17.1,17.8,19.3,17.5,17.1,18.68,0.44,0.92,85,82,23.8,19.19,6.3,0.3312,-0.9436,19.0,20.0,20.0,station
2026-06-13,16.0,16.4,16.8,16.5,16.8,15.7,16.1,16.0,16.9,16.0,16.5,0.33,0.36,75,62,25.4,21.47,2.2,0.3149,-0.9491,16.5,17.0,17.0,station
2026-06-14,15.7,15.5,17.4,16.8,16.8,15.9,15.6,17.5,17.2,16.9,16.44,0.81,-0.18,70,47,21.4,24.58,1.0,0.2986,-0.9544,15.9,17.0,17.0,station
2026-06-15,16.2,16.2,17.4,17.7,16.9,15.5,15.7,17.9,17.1,18.1,16.88,0.68,0.02,75,92,15.8,18.29,0.4,0.2821,-0.9594,16.7,18.0,18.0,station
2026-06-16,20.7,20.0,24.7,22.2,23.8,20.8,20.5,23.6,22.9,24.0,22.28,1.99,-0.08,74,74,11.8,23.6,0.0,0.2656,-0.9641,22.0,23.0,23.0,station
2026-06-17,21.6,21.5,23.4,21.1,22.6,21.1,20.7,23.8,20.0,24.1,22.04,0.94,0.1,79,59,22.5,21.02,2.0,0.2489,-0.9685,23.3,24.0,24.0,station
2026-06-18,24.6,24.1,26.9,26.2,26.4,25.9,25.0,27.9,26.3,27.1,25.64,1.22,-0.8,74,55,10.3,27.57,1.8,0.2322,-0.9727,27.1,28.0,28.0,station
2026-06-19,30.7,28.2,32.5,32.8,33.4,30.2,28.1,33.1,35.0,34.4,31.52,2.11,-0.64,81,59,16.9,24.72,6.6,0.2155,-0.9765,31.8,33.0,33.0,station
2026-06-20,24.6,23.5,26.0,25.6,24.2,23.8,23.0,26.1,25.2,26.8,24.78,1.02,-0.2,77,52,14.0,28.34,10.0,0.1986,-0.9801,26.2,25.0,25.0,station
2026-06-21,25.6,24.2,26.7,27.1,25.3,25.6,24.6,27.5,25.9,27.4,25.78,1.16,-0.42,77,65,15.2,22.73,1.0,0.1818,-0.9833,26.0,26.0,26.0,station
2026-06-22,24.2,23.3,25.6,26.0,26.4,25.2,23.8,25.9,27.3,25.7,25.1,1.3,-0.48,70,40,15.8,28.48,0.0,0.1648,-0.9863,24.1,25.0,25.0,station
2026-06-23,27.0,25.8,30.4,28.1,30.0,27.6,25.1,30.5,28.9,30.0,28.26,1.95,-0.16,71,49,13.1,28.28,0.0,0.1478,-0.989,27.5,28.0,28.0,station
2026-06-24,32.2,29.9,35.9,34.1,35.2,32.0,29.9,34.6,32.8,35.2,33.46,2.43,0.56,65,1,13.6,28.87,0.0,0.1308,-0.9914,32.9,34.0,34.0,station
2026-06-25,29.8,27.9,32.5,30.6,32.4,29.8,28.2,33.0,31.7,34.0,30.64,1.92,-0.7,73,3,15.4,29.01,0.0,0.1137,-0.9935,29.0,29.0,29.0,station
2026-06-26,34.7,32.2,38.7,37.4,37.5,35.1,32.2,38.7,36.0,37.9,36.1,2.63,0.12,65,59,13.4,25.85,0.0,0.0966,-0.9953,34.5,36.0,36.0,station
2026-06-27,31.8,27.1,34.2,29.9,33.5,34.1,27.0,35.6,32.1,33.3,31.3,2.88,-1.12,70,65,14.2,21.5,4.6,0.0795,-0.9968,30.2,28.0,28.0,station
2026-06-28,25.7,24.0,26.0,26.8,25.6,25.9,24.4,27.7,25.4,27.6,25.62,1.02,-0.58,71,37,17.6,27.41,0.9,0.0623,-0.9981,26.9,26.0,26.0,station
2026-06-29,22.8,21.6,23.6,24.3,22.3,22.5,21.7,23.7,23.3,23.5,22.92,1.06,-0.02,66,28,13.7,29.44,0.0,0.0451,-0.999,22.5,22.0,22.0,station
2026-06-30,20.7,20.3,22.6,22.7,21.5,22.3,21.7,25.3,23.1,21.8,21.56,1.09,-1.28,75,67,9.2,13.5,0.3,0.028,-0.9996,20.9,22.0,22.0,station
2026-07-01,22.7,21.9,24.7,23.6,23.0,23.1,22.0,25.2,22.9,23.2,23.18,1.05,-0.1,73,16,13.2,28.95,0.0,0.0108,-0.9999,23.3,23.0,23.0,station
2026-07-02,19.8,20.0,20.2,20.5,19.8,19.6,20.0,20.4,21.0,20.1,20.06,0.3,-0.16,75,39,26.5,21.47,3.3,-0.0065,-1.0,20.6,21.0,21.0,station
2026-07-03,18.9,19.2,19.5,19.2,19.3,19.1,19.5,20.0,19.5,18.9,19.22,0.22,-0.18,69,50,16.5,27.87,0.0,-0.0237,-0.9997,19.5,19.0,19.0,station
2026-07-04,21.1,21.4,22.4,21.7,22.2,21.5,21.1,21.8,21.8,21.1,21.76,0.54,0.3,72,59,20.4,25.13,1.1,-0.0408,-0.9992,22.3,23.0,23.0,station
2026-07-05,20.0,19.9,20.7,20.8,20.1,19.9,19.7,21.0,20.7,20.6,20.3,0.42,-0.08,79,71,20.5,17.72,1.0,-0.058,-0.9983,20.3,20.0,20.0,station
2026-07-06,23.6,23.8,24.3,22.2,23.8,22.9,22.6,22.3,21.2,23.2,23.54,0.79,1.1,70,78,21.6,26.86,0.0,-0.0752,-0.9972,25.7,26.0,26.0,station
2026-07-07,21.9,22.0,22.6,21.6,22.3,21.8,21.7,23.8,21.2,22.1,22.08,0.38,-0.04,68,87,21.6,25.19,0.1,-0.0923,-0.9957,23.2,23.0,23.0,station
2026-07-08,22.7,21.3,24.1,22.8,23.4,22.1,21.5,24.4,22.6,23.1,22.86,1.04,0.12,75,73,13.9,17.12,0.3,-0.1094,-0.994,21.8,22.0,22.0,station
2026-07-09,25.1,23.1,28.5,26.5,26.4,25.3,22.9,27.9,26.2,26.1,25.92,1.99,0.24,73,18,10.1,26.63,0.0,-0.1265,-0.992,25.0,24.0,24.0,station
2026-07-10,26.3,24.4,28.0,27.2,27.2,26.0,24.2,27.9,27.3,27.4,26.62,1.38,0.06,70,21,14.7,28.76,0.0,-0.1436,-0.9896,26.5,26.0,26.0,station
2026-07-11,26.6,25.0,29.5,27.9,28.0,26.7,25.5,28.7,27.5,27.9,27.4,1.69,0.14,76,27,15.4,25.59,0.0,-0.1606,-0.987,27.0,25.0,25.0,station
2026-07-12,26.1,24.5,28.1,25.9,26.0,26.5,24.9,26.6,26.3,26.2,26.12,1.29,0.02,68,36,18.2,25.85,0.0,-0.1775,-0.9841,26.1,26.0,26.0,station
2026-07-13,26.1,23.6,28.1,26.2,26.5,26.3,24.1,28.3,26.0,27.0,26.1,1.61,-0.24,67,18,14.7,28.21,0.0,-0.1944,-0.9809,25.8,25.0,25.0,station
2026-07-14,28.0,26.7,30.1,29.5,28.7,28.2,26.5,30.3,28.6,29.8,28.6,1.33,-0.08,63,13,19.9,27.19,0.0,-0.2113,-0.9774,28.4,28.0,28.0,station
2026-07-15,27.3,25.5,29.5,28.0,27.9,27.3,25.7,29.7,27.8,28.0,27.64,1.44,-0.06,57,17,21.6,28.41,0.0,-0.2281,-0.9736,27.6,27.0,27.0,station
2026-07-16,24.9,23.8,29.1,25.6,26.7,26.7,24.0,29.1,26.1,26.7,26.02,2.02,-0.5,62,61,14.4,21.93,0.8,-0.2448,-0.9696,25.2,24.0,24.0,station
2026-07-17,23.0,22.0,26.4,23.0,22.1,22.6,21.9,24.7,22.8,23.5,23.3,1.8,0.2,72,24,16.0,23.91,0.0,-0.2614,-0.9652,24.0,22.0,22.0,station
2026-07-18,19.2,18.3,21.0,19.9,19.4,19.6,18.5,21.5,20.3,20.1,19.56,0.99,-0.44,70,71,17.4,13.11,0.3,-0.278,-0.9606,19.1,19.0,19.0,station
2026-07-19,19.1,18.0,19.7,19.7,18.8,19.2,18.2,19.1,19.9,18.7,19.06,0.71,0.04,61,31,19.6,24.47,0.4,-0.2945,-0.9557,19.5,20.0,20.0,station
2026-07-20,19.6,18.6,21.4,20.5,20.2,19.3,18.8,21.2,20.5,20.0,20.06,1.04,0.1,62,53,15.2,20.54,0.1,-0.3109,-0.9505,20.0,20.0,20.0,station
2026-07-21,21.0,19.6,22.1,21.5,21.1,20.4,19.4,22.2,21.5,21.2,21.06,0.92,0.12,67,48,14.1,20.08,0.0,-0.3272,-0.945,20.8,21.0,21.0,station
2026-07-22,19.1,18.6,19.3,19.8,19.6,19.2,18.3,19.8,18.7,19.5,19.28,0.47,0.18,74,79,22.4,18.99,1.1,-0.3434,-0.9392,19.9,20.0,20.0,station
2026-07-23,19.6,18.8,20.7,19.8,19.8,19.3,18.5,20.3,19.8,19.6,19.74,0.68,0.24,70,67,15.9,18.08,0.3,-0.3595,-0.9332,19.9,20.0,20.0,station
2026-07-24,22.5,22.2,24.5,23.0,23.4,22.3,22.3,24.9,23.1,21.8,23.12,0.9,0.24,71,63,6.1,21.18,0.2,-0.3755,-0.9268,23.4,24.0,24.0,station
2026-07-25,23.5,23.3,25.2,23.1,23.0,23.5,23.2,25.2,23.6,23.8,23.62,0.9,-0.24,68,21,15.5,26.52,0.1,-0.3914,-0.9202,24.2,25.0,25.0,station
2026-07-26,21.9,20.5,22.7,21.7,22.1,21.5,20.0,20.7,20.4,20.8,21.78,0.81,1.1,79,72,22.9,15.73,4.4,-0.4071,-0.9134,21.8,22.0,22.0,station
2026-07-27,19.5,19.7,20.8,20.5,20.3,20.6,19.9,21.0,21.5,19.2,20.16,0.55,-0.28,75,49,21.3,21.06,5.1,-0.4228,-0.9062,19.7,21.0,21.0,station
2026-07-28,25.6,25.0,27.4,26.3,26.3,25.9,24.8,27.5,26.2,26.5,26.12,0.9,-0.06,69,39,12.4,25.18,0.0,-0.4383,-0.8988,26.5,,,
