datum,p1_ifs,p1_aifs,p1_gfs,p1_icon,p1_gem,p2_ifs,p2_aifs,p2_gfs,p2_icon,p2_gem,mm_gem,mm_spreiding,run2run,rh_gem,bewolking_gem,wind_max,instraling_som,neerslag_som,doy_sin,doy_cos,era5_max,station_max,doel,doelbron
2023-11-01,,,18.7,,,,,18.8,,,,,,88,33,35.8,11.22,18.0,-0.8606,0.5093,20.5,21.0,21.0,station
2023-11-02,,,18.6,,,,,18.5,,,,,,85,2,33.6,12.72,0.0,-0.8517,0.524,21.0,23.0,23.0,station
2023-11-03,,,18.3,,,,,18.2,,,,,,87,84,35.8,6.79,3.0,-0.8426,0.5386,19.6,21.0,21.0,station
2023-11-04,,,18.8,,,,,18.1,,,,,,82,83,22.6,9.68,0.0,-0.8332,0.553,20.3,21.0,21.0,station
2023-11-05,,,18.3,,,,,17.8,,,,,,86,85,43.2,3.54,38.5,-0.8235,0.5672,20.2,20.0,20.0,station
2023-11-06,,,18.9,,,,,18.9,,,,,,75,74,60.0,8.87,15.0,-0.8137,0.5813,19.9,20.0,20.0,station
2023-11-07,,,9.7,,,,,9.7,,,,,,65,33,53.5,12.18,0.0,-0.8035,0.5952,7.8,9.0,9.0,station
2023-11-08,,,12.7,,,,,14.7,,,,,,62,34,18.6,11.54,0.0,-0.7932,0.609,12.9,14.0,14.0,station
2023-11-09,,,15.8,,,,,15.4,,,,,,76,65,37.7,7.93,3.6,-0.7826,0.6225,17.2,18.0,18.0,station
2023-11-10,,,8.2,,,,,8.5,,,,,,50,19,40.0,12.47,0.0,-0.7718,0.6359,7.4,8.0,8.0,station
2023-11-11,,,6.6,,,,,6.3,,,,,,52,52,30.3,8.91,0.0,-0.7607,0.6491,4.8,5.0,5.0,station
2023-11-12,,,6.4,,,,,6.9,,,,,,58,27,30.1,9.51,0.0,-0.7494,0.6621,4.7,5.0,5.0,station
2023-11-13,,,8.1,,,,,8.4,,,,,,60,11,29.2,12.04,0.0,-0.7379,0.6749,5.8,6.0,6.0,station
2023-11-14,,,10.5,,,,,10.9,,,,,,76,68,22.5,10.39,0.0,-0.7262,0.6875,8.4,10.0,10.0,station
2023-11-15,,,11.1,,,,,11.4,,,,,,77,64,15.8,8.99,0.0,-0.7143,0.6998,10.4,11.0,11.0,station
2023-11-16,,,11.8,,,,,11.8,,,,,,77,83,29.8,1.99,14.6,-0.7021,0.712,10.0,10.0,10.0,station
2023-11-17,,,7.3,,,,,8.4,,,,,,59,53,39.0,7.75,1.1,-0.6898,0.724,6.1,7.0,7.0,station
2023-11-18,,,9.0,,,,,9.4,,,,,,61,10,47.4,11.03,0.0,-0.6772,0.7358,5.2,6.0,6.0,station
2023-11-19,,,13.2,,,,,13.3,,,,,,72,25,37.1,9.31,1.3,-0.6645,0.7473,13.1,15.0,15.0,station
2023-11-20,,,10.0,,,,,10.1,,,,,,59,0,24.6,11.22,0.0,-0.6515,0.7586,9.7,10.0,10.0,station
2023-11-21,,,11.5,,,,,11.1,,,,,,71,12,14.2,10.9,0.0,-0.6384,0.7697,10.7,12.0,12.0,station
2023-11-22,,,14.3,,,,,14.1,,,,,,79,50,27.0,10.23,0.0,-0.625,0.7806,12.5,13.0,13.0,station
2023-11-23,,,14.3,,,,,14.2,,,,,,81,37,42.5,10.11,0.8,-0.6115,0.7912,13.6,15.0,15.0,station
2023-11-24,,,3.9,,,,,3.5,,,,,,56,10,38.5,10.21,0.0,-0.5978,0.8016,1.8,2.0,2.0,station
2023-11-25,,,3.0,,,,,3.0,,,,,,46,14,27.1,10.85,0.0,-0.584,0.8118,0.5,1.0,1.0,station
2023-11-26,,,8.5,,,,,8.0,,,,,,55,84,19.1,6.98,0.1,-0.5699,0.8217,6.0,7.0,7.0,station
2023-11-27,,,10.8,,,,,11.3,,,,,,79,72,37.7,4.85,12.6,-0.5557,0.8314,10.5,10.0,10.0,station
2023-11-28,,,6.9,,,,,8.0,,,,,,60,31,38.2,9.78,0.0,-0.5413,0.8408,5.7,6.0,6.0,station
2023-11-29,,,3.1,,,,,3.5,,,,,,63,62,40.5,4.77,0.0,-0.5268,0.85,1.4,2.0,2.0,station
2023-11-30,,,2.2,,,,,2.3,,,,,,52,22,35.8,10.1,0.0,-0.5121,0.859,-0.6,-1.0,-1.0,station
2023-12-01,,,3.5,,,,,3.9,,,,,,60,17,31.1,9.77,0.0,-0.4972,0.8676,1.5,1.0,1.0,station
2023-12-02,,,7.5,,,,,8.1,,,,,,65,49,38.0,8.03,0.1,-0.4822,0.8761,7.2,8.0,8.0,station
2023-12-03,,,4.6,,,,,5.4,,,,,,58,1,27.6,10.16,0.0,-0.4671,0.8842,4.0,4.0,4.0,station
2023-12-04,,,7.9,,,,,8.6,,,,,,67,25,24.6,9.1,0.0,-0.4518,0.8921,7.1,7.0,7.0,station
2023-12-05,,,9.7,,,,,9.8,,,,,,72,58,19.9,6.44,0.0,-0.4364,0.8998,9.5,10.0,10.0,station
2023-12-06,,,11.3,,,,,11.6,,,,,,83,50,39.0,3.99,8.4,-0.4208,0.9071,10.6,11.0,11.0,station
2023-12-07,,,11.2,,,,,11.2,,,,,,65,8,38.5,9.46,0.0,-0.4052,0.9142,10.8,12.0,12.0,station
2023-12-08,,,12.6,,,,,12.7,,,,,,82,0,38.3,9.23,0.0,-0.3894,0.9211,14.0,16.0,16.0,station
2023-12-09,,,12.2,,,,,12.1,,,,,,90,12,25.0,8.74,0.0,-0.3735,0.9276,12.6,15.0,15.0,station
2023-12-10,,,11.8,,,,,10.7,,,,,,60,78,23.2,8.71,0.0,-0.3575,0.9339,12.7,12.0,12.0,station
2023-12-11,,,10.7,,,,,11.2,,,,,,85,100,42.1,1.11,19.5,-0.3413,0.9399,10.2,9.0,9.0,station
2023-12-12,,,7.4,,,,,9.6,,,,,,77,58,31.3,5.57,0.6,-0.3251,0.9457,7.4,8.0,8.0,station
2023-12-13,,,9.4,,,,,9.2,,,,,,84,67,13.9,6.46,0.1,-0.3088,0.9511,8.3,10.0,10.0,station
2023-12-14,,,9.7,,,,,9.3,,,,,,85,100,34.9,1.25,18.9,-0.2924,0.9563,8.0,8.0,8.0,station
2023-12-15,,,8.7,,,,,9.2,,,,,,84,100,33.9,2.26,17.3,-0.2759,0.9612,6.6,7.0,7.0,station
2023-12-16,,,3.7,,,,,4.0,,,,,,65,60,50.8,7.72,0.8,-0.2593,0.9658,3.5,4.0,4.0,station
2023-12-17,,,-3.6,,,,,-3.2,,,,,,49,8,32.6,9.76,0.0,-0.2427,0.9701,-6.3,-6.0,-6.0,station
2023-12-18,,,-2.0,,,,,-2.3,,,,,,39,87,22.5,8.2,0.0,-0.226,0.9741,-3.5,-4.0,-4.0,station
2023-12-19,,,4.3,,,,,4.2,,,,,,44,83,18.4,4.28,0.1,-0.2092,0.9779,-0.2,-1.0,-1.0,station
2023-12-20,,,-0.6,,,,,0.4,,,,,,58,36,34.5,8.18,0.2,-0.1923,0.9813,-3.4,-3.0,-3.0,station
2023-12-21,,,-4.2,,,,,-4.1,,,,,,55,11,33.4,9.15,0.0,-0.1754,0.9845,-7.1,-9.0,-9.0,station
2023-12-22,,,-4.1,,,,,-4.1,,,,,,53,11,30.2,9.44,0.0,-0.1585,0.9874,-6.7,-8.0,-8.0,station
2023-12-23,,,-0.5,,,,,-0.0,,,,,,54,57,16.7,9.4,0.0,-0.1414,0.9899,-3.0,-3.0,-3.0,station
2023-12-24,,,1.9,,,,,2.5,,,,,,66,52,19.4,8.78,0.8,-0.1244,0.9922,0.3,1.0,1.0,station
2023-12-25,,,3.5,,,,,3.0,,,,,,72,69,25.0,5.25,1.8,-0.1073,0.9942,1.6,2.0,2.0,station
2023-12-26,,,6.0,,,,,6.5,,,,,,68,59,32.1,8.18,0.0,-0.0902,0.9959,5.7,7.0,7.0,station
2023-12-27,,,3.4,,,,,3.2,,,,,,79,7,13.7,9.58,0.0,-0.073,0.9973,4.1,5.0,5.0,station
2023-12-28,,,4.1,,,,,3.7,,,,,,80,41,11.1,8.6,0.0,-0.0559,0.9984,3.3,4.0,4.0,station
2023-12-29,,,4.0,,,,,3.8,,,,,,79,63,11.8,7.35,0.0,-0.0387,0.9993,3.8,5.0,5.0,station
2023-12-30,,,,,,,,,,,,,,86,94,25.6,1.26,8.9,-0.0215,0.9998,2.9,4.0,4.0,station
2023-12-31,,,,,,,,,,,,,,86,58,37.3,6.0,1.3,-0.0043,1.0,5.9,,,
2024-01-01,,,,,,,,,,,,,,88,38,14.4,9.05,0.3,0.0172,0.9999,5.0,6.0,6.0,station
2024-01-02,,,,,,,,,,,,,,80,93,15.0,6.44,0.2,0.0344,0.9994,3.7,5.0,5.0,station
2024-01-03,,,,,,,,,,,,,,84,59,21.6,6.45,0.0,0.0516,0.9987,3.7,5.0,5.0,station
2024-01-04,,,,,,,,,,,,,,76,12,27.8,9.27,0.0,0.0688,0.9976,5.9,6.0,6.0,station
2024-01-05,,,,,,,,,,,,,,83,12,31.1,9.9,0.0,0.0859,0.9963,6.3,8.0,8.0,station
2024-01-06,,,,,,,,,,,,,,71,13,28.8,10.01,1.1,0.103,0.9947,2.7,4.0,4.0,station
2024-01-07,,,,,,,,,,,,,,52,3,37.0,10.31,0.0,0.1201,0.9928,-1.1,-1.0,-1.0,station
2024-01-08,,,,,,,,,,,,,,59,42,23.0,9.14,0.1,0.1372,0.9905,0.7,-1.0,-1.0,station
2024-01-09,,,,,,,,,,,,,,87,100,26.5,2.17,4.6,0.1542,0.988,2.3,1.0,1.0,station
2024-01-10,,,,,,,,,,,,,,75,9,19.6,10.31,0.0,0.1712,0.9852,1.7,2.0,2.0,station
2024-01-11,,,,,,,,,,,,,,73,45,32.8,7.03,0.0,0.1881,0.9821,5.8,6.0,6.0,station
2024-01-12,,,,,,,,,,,,,,68,2,20.5,10.63,0.0,0.205,0.9788,2.7,3.0,3.0,station
2024-01-13,,,,,,,,,,,,,,59,2,16.3,10.81,0.0,0.2218,0.9751,1.8,4.0,4.0,station
2024-01-14,,,,,,,,,,,,,,74,48,33.8,2.85,3.4,0.2385,0.9711,6.4,5.0,5.0,station
2024-01-15,,,,,,,,,,,,,,44,0,34.6,11.05,0.0,0.2552,0.9669,0.4,-1.0,-1.0,station
2024-01-16,,,,,,,,,,,,,,59,56,20.0,10.27,0.0,0.2718,0.9624,0.8,2.0,2.0,station
2024-01-17,,,,,,,,,,,,,,65,92,20.5,2.37,7.0,0.2883,0.9575,0.7,1.0,1.0,station
2024-01-18,,,,,,,,,,,,,,81,48,27.1,10.39,1.0,0.3047,0.9524,7.5,7.0,7.0,station
2024-01-19,,,,,,,,,,,,,,73,98,29.2,7.49,0.0,0.3211,0.9471,7.7,10.0,10.0,station
2024-01-20,,,5.3,3.0,6.3,,,,,,,,,74,100,31.6,3.21,2.6,0.3373,0.9414,4.2,5.0,5.0,station
2024-01-21,,,2.8,3.8,4.0,,,3.7,2.0,5.9,,,,75,97,34.8,2.56,0.4,0.3534,0.9355,1.7,2.0,2.0,station
2024-01-22,,,-2.4,-3.3,-4.7,,,-1.8,-5.2,-5.0,,,,59,68,41.3,9.55,0.0,0.3695,0.9292,-3.8,-3.0,-3.0,station
2024-01-23,,,-5.0,-8.3,-7.5,,,-5.7,-8.5,-8.3,,,,53,40,43.1,9.87,0.0,0.3854,0.9227,-8.1,-9.0,-9.0,station
2024-01-24,,,-3.7,-5.0,-4.0,,,-3.1,-5.2,-4.2,,,,47,6,44.3,11.85,0.0,0.4012,0.916,-3.8,-4.0,-4.0,station
2024-01-25,,,0.3,-1.1,-0.6,,,0.3,-2.1,-0.6,,,,47,12,30.2,11.79,0.0,0.4169,0.9089,-0.6,-1.0,-1.0,station
2024-01-26,,,2.4,3.2,3.7,,,2.3,2.4,3.6,,,,72,25,17.7,11.15,0.0,0.4325,0.9016,1.0,3.0,3.0,station
2024-01-27,,,1.6,2.6,2.1,,,1.8,1.9,1.3,,,,71,35,21.1,11.38,0.0,0.4479,0.8941,1.7,4.0,4.0,station
2024-01-28,,,1.0,1.4,0.8,,,0.9,0.9,0.8,,,,68,19,21.0,10.08,0.0,0.4633,0.8862,0.2,2.0,2.0,station
2024-01-29,,,1.6,3.3,2.4,,,1.5,2.7,1.7,,,,75,28,13.0,11.46,0.0,0.4784,0.8781,1.8,4.0,4.0,station
2024-01-30,,,3.3,5.3,4.8,,,3.7,4.8,4.9,,,,75,34,13.0,11.96,0.0,0.4935,0.8698,4.7,6.0,6.0,station
2024-01-31,,,4.5,7.4,7.3,,,3.9,8.1,7.2,,,,75,40,20.9,11.76,0.0,0.5084,0.8611,5.1,8.0,8.0,station
2024-02-01,,,2.8,4.8,4.9,,,2.3,3.1,4.0,,,,62,89,30.1,8.67,0.0,0.5231,0.8523,3.6,4.0,4.0,station
2024-02-02,,,3.3,4.4,3.6,,,3.6,4.8,4.4,,,,81,92,14.0,9.94,0.0,0.5377,0.8432,1.9,3.0,3.0,station
2024-02-03,,,4.9,6.4,6.4,,,5.1,7.2,6.5,,,,75,100,18.8,3.91,2.9,0.5521,0.8338,5.4,6.0,6.0,station
2024-02-04,7.9,,5.7,8.6,8.2,,,5.6,7.2,8.2,7.6,1.3,,77,99,24.7,10.04,0.0,0.5664,0.8242,8.7,9.0,9.0,station
2024-02-05,3.6,,5.1,4.6,4.7,4.9,,5.3,3.2,4.1,4.5,0.64,0.12,84,100,30.7,2.43,9.2,0.5805,0.8143,3.9,5.0,5.0,station
2024-02-06,2.7,,1.9,3.2,3.5,2.4,,3.1,2.9,4.4,2.83,0.7,-0.38,84,73,24.3,9.59,0.7,0.5944,0.8042,2.5,2.0,2.0,station
2024-02-07,1.1,,1.8,2.3,2.2,1.0,,1.6,2.1,1.8,1.85,0.54,0.23,79,20,22.5,10.65,0.0,0.6081,0.7938,1.1,2.0,2.0,station
2024-02-08,1.9,,2.8,3.2,3.2,1.9,,2.5,2.4,2.4,2.77,0.61,0.48,76,48,15.6,11.74,0.0,0.6217,0.7833,1.8,4.0,4.0,station
2024-02-09,3.4,,2.5,3.6,3.9,3.2,,2.8,3.7,4.5,3.35,0.6,-0.2,72,31,26.3,13.31,0.0,0.6351,0.7725,3.4,5.0,5.0,station
2024-02-10,4.6,,3.6,5.4,5.3,4.4,,3.6,5.3,6.2,4.72,0.83,-0.15,76,5,25.0,13.22,0.0,0.6483,0.7614,4.0,6.0,6.0,station
2024-02-11,4.4,,3.5,4.9,5.2,4.1,,3.4,4.3,4.9,4.5,0.74,0.33,74,8,32.9,12.84,0.0,0.6613,0.7502,4.3,5.0,5.0,station
2024-02-12,6.2,,4.8,7.3,7.1,5.9,,4.8,6.2,8.2,6.35,1.14,0.07,76,0,25.2,14.09,0.0,0.6741,0.7387,5.8,8.0,8.0,station
2024-02-13,10.4,,6.4,11.7,11.1,10.3,,6.4,11.4,11.1,9.9,2.39,0.1,87,2,31.8,13.79,0.0,0.6867,0.727,9.6,13.0,13.0,station
2024-02-14,10.8,,6.3,12.4,12.4,10.9,,7.7,12.3,11.4,10.47,2.88,-0.1,97,44,21.5,12.83,0.7,0.6991,0.715,10.1,14.0,14.0,station
2024-02-15,6.4,,5.8,7.5,7.2,7.1,,5.2,8.2,7.2,6.72,0.77,-0.2,80,69,37.4,5.62,6.3,0.7113,0.7029,6.6,9.0,9.0,station
2024-02-16,3.5,,2.4,5.4,4.3,4.0,,2.3,5.2,4.2,3.9,1.27,-0.02,74,0,14.3,14.73,0.0,0.7233,0.6906,3.6,6.0,6.0,station
2024-02-17,6.7,,5.2,7.0,7.5,7.5,,5.0,7.0,7.4,6.6,0.99,-0.12,81,20,17.8,14.12,0.0,0.735,0.678,6.9,8.0,8.0,station
2024-02-18,10.3,,7.7,8.5,11.3,13.6,,8.3,11.8,10.6,9.45,1.64,-1.62,82,79,26.1,3.83,16.2,0.7466,0.6653,9.2,10.0,10.0,station
2024-02-19,10.9,,7.6,9.7,11.5,11.8,,7.6,11.1,11.2,9.93,1.72,-0.5,90,99,33.9,3.31,3.3,0.7579,0.6523,10.0,11.0,11.0,station
2024-02-20,6.4,,6.0,5.9,7.1,9.5,,6.8,6.7,7.2,6.35,0.54,-1.2,75,100,28.9,2.81,2.0,0.769,0.6392,6.3,6.0,6.0,station
2024-02-21,3.2,,4.4,2.8,3.4,3.3,,3.1,4.4,3.4,3.45,0.68,-0.1,86,100,36.1,1.89,17.2,0.7799,0.6259,3.3,5.0,5.0,station
2024-02-22,1.9,,3.1,1.7,2.6,2.8,,4.6,2.2,2.6,2.33,0.64,-0.72,80,100,27.7,4.02,6.6,0.7906,0.6124,1.4,1.0,1.0,station
2024-02-23,3.6,,4.6,3.8,4.8,3.3,,4.9,4.3,3.3,4.2,0.59,0.25,70,99,26.0,13.22,0.3,0.801,0.5987,5.8,5.0,5.0,station
2024-02-24,4.3,,4.8,4.1,5.0,4.7,,4.7,2.7,4.1,4.55,0.42,0.5,71,100,26.8,9.21,2.7,0.8112,0.5848,5.6,6.0,6.0,station
2024-02-25,4.8,,4.5,5.5,5.8,6.1,,5.1,6.2,7.3,5.15,0.6,-1.02,82,75,20.9,9.73,2.0,0.8211,0.5708,5.0,6.0,6.0,station
2024-02-26,6.6,,5.1,7.5,7.2,5.9,,5.4,6.8,6.6,6.6,1.07,0.42,80,45,17.9,14.62,0.0,0.8308,0.5566,6.3,7.0,7.0,station
2024-02-27,7.8,,5.7,7.3,6.5,7.4,,5.8,6.9,6.5,6.83,0.92,0.17,69,99,24.9,12.8,0.0,0.8402,0.5422,7.9,9.0,9.0,station
2024-02-28,6.4,,5.2,7.9,8.5,7.1,,5.3,7.9,8.8,7.0,1.49,-0.28,78,96,16.8,8.06,0.0,0.8495,0.5277,5.9,9.0,9.0,station
2024-02-29,6.3,,5.6,8.0,7.2,7.2,,5.1,7.8,8.4,6.78,1.05,-0.35,72,95,38.5,8.68,0.0,0.8584,0.513,6.5,8.0,8.0,station
2024-03-01,-0.4,,-0.2,-0.4,-1.0,-0.1,,-0.1,-0.3,0.2,-0.5,0.35,-0.42,40,14,43.7,17.73,0.0,0.8671,0.4981,-1.0,0.0,0.0,station
2024-03-02,3.8,,4.1,4.9,4.8,4.4,,4.2,4.8,4.4,4.4,0.54,-0.05,60,36,43.4,13.02,0.8,0.8755,0.4831,4.4,5.0,5.0,station
2024-03-03,5.4,,4.2,8.0,9.4,5.7,,4.0,7.1,7.1,6.75,2.37,0.78,78,12,40.0,15.91,0.1,0.8837,0.468,5.1,6.0,6.0,station
2024-03-04,6.2,,5.7,9.1,8.5,5.4,,5.5,7.9,7.8,7.38,1.68,0.72,58,63,18.5,17.02,0.0,0.8916,0.4527,7.2,9.0,9.0,station
2024-03-05,8.6,,7.3,10.8,10.3,12.3,,6.1,12.4,11.6,9.25,1.61,-1.35,60,100,26.8,7.55,0.1,0.8993,0.4373,10.4,11.0,11.0,station
2024-03-06,7.6,,5.2,10.2,9.9,8.2,,5.7,10.5,10.4,8.22,2.33,-0.47,77,64,23.5,14.53,0.0,0.9067,0.4218,8.2,9.0,9.0,station
2024-03-07,5.7,,4.5,6.8,6.1,5.5,,4.8,7.5,7.7,5.78,0.96,-0.6,70,53,35.0,14.98,0.5,0.9138,0.4061,5.5,6.0,6.0,station
2024-03-08,4.7,,3.6,5.7,5.9,4.9,,3.6,5.9,6.4,4.98,1.06,-0.22,58,1,39.6,18.48,0.0,0.9207,0.3904,4.5,7.0,7.0,station
2024-03-09,3.6,,4.2,5.1,5.9,4.1,,4.0,4.8,6.0,4.7,1.01,-0.02,56,0,28.3,18.74,0.0,0.9272,0.3745,3.7,4.0,4.0,station
2024-03-10,6.0,,4.7,7.7,7.3,5.9,,4.6,7.8,7.7,6.42,1.36,-0.08,70,15,17.9,18.55,0.0,0.9335,0.3585,5.7,8.0,8.0,station
2024-03-11,8.2,,6.0,9.8,9.3,9.4,,6.1,9.8,9.0,8.32,1.69,-0.25,73,97,18.9,9.69,0.0,0.9396,0.3424,8.3,10.0,10.0,station
2024-03-12,9.5,,6.2,10.4,10.7,8.9,,6.7,10.7,9.1,9.2,2.06,0.35,75,57,29.8,11.65,0.6,0.9453,0.3261,9.2,10.0,10.0,station
2024-03-13,8.1,,5.9,9.0,9.5,7.8,,5.9,9.0,9.5,8.12,1.59,0.07,74,8,26.6,19.12,0.0,0.9508,0.3098,7.8,10.0,10.0,station
2024-03-14,9.5,,6.6,10.9,11.0,9.3,,6.6,11.1,11.6,9.5,2.05,-0.15,81,0,19.6,19.48,0.0,0.956,0.2934,8.4,12.0,12.0,station
2024-03-15,9.7,9.6,6.3,11.6,11.1,10.2,,6.2,11.3,11.7,9.66,2.07,-0.19,81,0,22.4,19.23,0.0,0.9609,0.2769,8.8,12.0,12.0,station
2024-03-16,11.5,10.5,7.6,14.6,12.5,11.6,10.8,7.0,13.5,13.5,11.34,2.58,0.06,74,43,17.0,17.01,0.0,0.9655,0.2604,12.4,15.0,15.0,station
2024-03-17,9.6,9.8,7.1,9.3,10.0,9.4,9.6,6.6,9.3,10.6,9.16,1.18,0.06,55,92,37.7,18.15,0.1,0.9698,0.2437,10.0,10.0,10.0,station
2024-03-18,7.9,6.7,5.6,9.5,9.3,8.0,6.7,5.7,9.4,9.9,7.8,1.67,-0.14,38,52,27.2,20.19,0.0,0.9739,0.227,8.0,10.0,10.0,station
2024-03-19,8.4,7.9,6.6,9.8,8.2,9.1,7.3,6.6,8.9,9.0,8.18,1.15,0.0,72,53,51.6,16.48,1.8,0.9777,0.2102,8.5,10.0,10.0,station
2024-03-20,8.0,6.5,5.5,8.2,8.6,8.8,6.3,5.4,7.9,8.4,7.36,1.31,-0.0,47,22,36.4,19.22,0.8,0.9811,0.1934,7.8,8.0,8.0,station
2024-03-21,7.6,6.2,5.7,7.8,8.3,7.8,6.8,5.8,8.9,8.6,7.12,1.11,-0.46,64,21,22.3,20.17,0.0,0.9843,0.1765,7.0,8.0,8.0,station
2024-03-22,13.4,11.8,10.2,14.7,12.0,13.5,11.0,9.8,14.3,12.1,12.42,1.71,0.28,62,92,52.1,12.75,5.7,0.9872,0.1595,13.8,15.0,15.0,station
2024-03-23,14.2,12.6,9.8,16.0,16.5,12.5,12.3,9.2,15.3,15.3,13.82,2.73,0.9,89,74,25.5,18.91,0.0,0.9898,0.1425,11.5,15.0,15.0,station
2024-03-24,18.2,16.3,12.4,19.9,17.8,15.8,15.2,13.0,20.4,12.4,16.92,2.83,1.56,61,88,20.9,14.96,0.0,0.9921,0.1255,18.9,21.0,21.0,station
2024-03-25,10.8,11.0,9.5,13.5,9.8,11.9,10.9,9.3,13.2,13.1,10.92,1.58,-0.76,71,100,33.5,5.81,4.2,0.9941,0.1084,12.9,14.0,14.0,station
2024-03-26,11.0,8.9,7.2,11.8,11.3,9.7,9.0,7.6,12.3,12.4,10.04,1.93,-0.16,83,60,28.4,15.94,12.1,0.9958,0.0913,10.7,11.0,11.0,station
2024-03-27,11.0,9.7,7.8,12.5,11.9,11.0,9.1,8.1,12.5,12.1,10.58,1.88,0.02,91,93,14.8,17.76,0.0,0.9972,0.0741,9.0,13.0,13.0,station
2024-03-28,10.5,10.4,8.5,11.0,10.6,11.6,10.0,7.9,10.6,11.3,10.2,0.98,-0.08,90,90,20.6,6.58,3.6,0.9984,0.057,11.3,12.0,12.0,station
2024-03-29,10.3,10.5,9.0,11.9,10.6,11.5,10.4,8.9,10.9,11.5,10.46,1.03,-0.18,85,41,39.5,14.88,5.6,0.9992,0.0398,10.4,11.0,11.0,station
2024-03-30,10.3,11.2,8.0,11.9,11.6,10.3,10.7,7.9,11.5,12.0,10.6,1.57,0.12,76,30,23.4,17.85,1.1,0.9997,0.0226,10.2,15.0,15.0,station
2024-03-31,11.5,11.7,9.1,14.7,13.7,10.0,10.8,8.1,12.6,13.0,12.14,2.17,1.24,73,23,21.1,21.51,0.0,1.0,0.0054,11.1,14.0,14.0,station
2024-04-01,12.6,12.3,9.4,15.4,15.6,12.3,11.5,9.0,15.7,14.9,13.06,2.55,0.38,66,21,20.1,21.16,0.0,0.9999,-0.0118,12.5,15.0,15.0,station
2024-04-02,18.0,14.8,11.6,20.5,17.2,19.2,15.3,12.0,19.7,18.8,16.42,3.38,-0.58,66,88,17.3,19.86,0.0,0.9996,-0.029,15.0,19.0,19.0,station
2024-04-03,16.7,14.1,12.9,17.6,18.7,18.7,14.4,11.3,20.1,18.4,16.0,2.43,-0.58,73,89,22.1,6.88,0.5,0.9989,-0.0462,16.7,19.0,19.0,station
2024-04-04,15.5,14.0,11.2,18.8,18.2,17.0,14.3,10.4,18.1,18.5,15.54,3.12,-0.12,74,86,24.5,15.13,0.2,0.998,-0.0634,17.4,20.0,20.0,station
2024-04-05,14.2,12.9,10.2,15.5,13.4,14.8,12.3,9.3,16.4,14.8,13.24,1.96,-0.28,75,39,25.6,18.99,0.6,0.9968,-0.0805,13.5,16.0,16.0,station
2024-04-06,12.5,12.6,9.4,14.9,13.9,13.6,12.6,9.5,16.3,13.6,12.66,2.07,-0.46,75,70,21.6,15.22,0.0,0.9952,-0.0977,11.0,15.0,15.0,station
2024-04-07,16.4,14.5,10.3,18.4,17.4,16.1,14.5,9.9,17.0,16.7,15.4,3.19,0.56,56,36,17.9,22.04,0.0,0.9934,-0.1148,15.6,19.0,19.0,station
2024-04-08,17.4,15.5,10.8,19.3,17.5,17.4,14.3,10.4,19.6,19.1,16.1,3.25,-0.06,62,97,17.4,13.94,0.0,0.9913,-0.1319,14.2,17.0,17.0,station
2024-04-09,18.3,16.1,12.1,18.7,16.6,18.1,16.2,12.4,18.3,17.3,16.36,2.62,-0.1,42,12,31.5,22.5,0.0,0.9889,-0.1489,18.9,19.0,19.0,station
2024-04-10,14.4,13.3,9.7,15.5,15.1,13.8,13.1,9.8,15.7,14.4,13.6,2.33,0.24,72,80,27.0,17.52,0.0,0.9861,-0.1659,13.8,16.0,16.0,station
2024-04-11,17.3,14.1,11.1,16.9,15.6,17.1,13.1,11.1,16.1,15.5,15.0,2.51,0.42,74,57,18.9,14.35,0.4,0.9831,-0.1828,17.8,20.0,20.0,station
2024-04-12,17.4,16.3,12.4,19.5,17.7,17.2,14.9,11.3,18.9,16.7,16.66,2.64,0.86,77,29,18.0,19.99,0.0,0.9799,-0.1997,18.0,20.0,20.0,station
2024-04-13,18.6,17.9,12.0,22.6,21.0,20.3,17.0,9.9,22.5,20.5,18.42,4.05,0.38,88,59,22.2,20.5,0.0,0.9763,-0.2165,15.9,20.0,20.0,station
2024-04-14,20.8,18.7,13.9,24.0,22.2,23.8,18.6,13.5,24.7,22.6,19.92,3.88,-0.72,76,94,17.6,20.97,0.0,0.9724,-0.2333,18.9,24.0,24.0,station
2024-04-15,17.4,16.0,13.0,17.4,17.5,17.7,16.0,12.7,18.5,15.4,16.26,1.93,0.2,83,81,34.6,6.09,16.9,0.9683,-0.25,16.6,19.0,19.0,station
2024-04-16,12.1,12.5,9.9,15.4,14.3,12.6,13.2,9.7,16.0,13.1,12.84,2.12,-0.08,94,84,20.5,12.98,0.7,0.9638,-0.2666,11.5,14.0,14.0,station
2024-04-17,14.4,14.0,11.5,18.5,16.6,15.2,14.2,11.2,17.3,16.0,15.0,2.67,0.22,95,83,18.1,20.31,0.0,0.9591,-0.2831,11.8,17.0,17.0,station
2024-04-18,16.6,15.1,12.2,19.5,18.6,16.8,14.9,12.4,20.1,19.9,16.4,2.91,-0.42,85,1,21.5,23.28,0.0,0.9541,-0.2996,14.1,20.0,20.0,station
2024-04-19,15.1,15.4,11.1,17.8,18.0,14.6,15.3,11.1,18.3,17.9,15.48,2.79,0.04,87,61,15.2,21.69,0.0,0.9488,-0.316,13.9,19.0,19.0,station
2024-04-20,16.5,14.2,12.1,17.6,15.1,19.4,15.9,12.8,20.1,14.4,15.1,2.12,-1.42,80,100,31.3,3.91,4.8,0.9432,-0.3322,15.1,17.0,17.0,station
2024-04-21,20.7,16.9,13.2,18.8,18.5,21.8,17.7,14.3,19.4,19.3,17.62,2.82,-0.88,74,98,27.8,9.75,0.0,0.9373,-0.3484,19.7,21.0,21.0,station
2024-04-22,20.6,18.3,14.2,21.3,19.9,21.6,17.6,13.7,21.0,20.4,18.86,2.83,0.0,65,74,25.7,16.08,0.0,0.9312,-0.3645,20.9,22.0,22.0,station
2024-04-23,19.7,18.4,14.4,21.2,19.9,21.0,18.4,13.7,21.3,20.2,18.72,2.61,-0.2,72,93,23.0,15.1,2.1,0.9248,-0.3804,20.1,21.0,21.0,station
2024-04-24,15.2,13.5,11.6,17.6,14.9,15.4,14.2,12.0,15.0,15.1,14.56,2.22,0.22,87,63,24.2,16.11,18.3,0.9181,-0.3963,14.6,16.0,16.0,station
2024-04-25,15.1,14.4,12.2,16.6,15.8,15.8,14.7,12.4,18.1,15.5,14.82,1.68,-0.48,89,68,18.4,19.83,0.0,0.9112,-0.412,14.1,16.0,16.0,station
2024-04-26,17.6,17.2,14.1,22.3,18.9,18.2,16.7,14.8,22.0,20.2,18.02,2.97,-0.36,95,58,16.1,23.84,0.0,0.9039,-0.4276,17.0,22.0,22.0,station
2024-04-27,16.3,16.8,13.2,21.3,19.2,18.8,16.5,13.3,21.7,19.6,17.36,3.07,-0.62,93,57,21.2,22.79,0.0,0.8965,-0.4431,13.9,21.0,21.0,station
2024-04-28,19.3,19.2,15.6,23.5,23.7,21.5,18.9,15.3,24.0,22.9,20.26,3.39,-0.26,89,97,17.2,20.88,0.0,0.8887,-0.4585,17.0,22.0,22.0,station
2024-04-29,24.5,20.0,14.4,26.2,24.2,24.0,19.8,15.7,26.3,24.1,21.86,4.75,-0.12,59,66,29.6,21.17,0.0,0.8807,-0.4737,23.7,26.0,26.0,station
2024-04-30,19.0,16.8,13.9,19.8,20.8,18.9,15.8,13.2,19.9,20.4,18.06,2.75,0.42,72,99,23.8,17.91,0.0,0.8724,-0.4888,18.4,18.0,18.0,station
2024-05-01,19.2,18.4,14.6,21.2,20.2,20.0,18.3,14.9,20.5,20.8,18.72,2.53,-0.18,61,72,25.0,19.54,0.0,0.8639,-0.5037,19.5,20.0,20.0,station
2024-05-02,19.0,18.0,13.7,20.7,19.1,19.5,17.5,13.4,19.6,19.3,18.1,2.64,0.24,71,0,19.2,24.95,0.0,0.8551,-0.5185,17.3,20.0,20.0,station
2024-05-03,22.6,19.8,14.2,22.2,23.8,21.5,19.3,14.1,21.7,22.3,20.52,3.82,0.74,66,4,23.7,25.26,0.0,0.846,-0.5331,19.9,23.0,23.0,station
2024-05-04,20.3,19.0,14.3,23.0,20.7,21.3,19.1,13.7,23.5,22.3,19.46,3.23,-0.52,63,46,17.0,24.8,0.0,0.8367,-0.5476,20.4,23.0,23.0,station
2024-05-05,18.5,17.9,15.0,18.3,17.8,18.2,17.1,14.6,17.9,17.7,17.5,1.43,0.4,84,100,41.1,2.31,55.3,0.8272,-0.5619,18.5,18.0,18.0,station
2024-05-06,13.7,14.8,12.3,15.7,14.8,14.1,14.6,12.3,15.1,14.8,14.26,1.3,0.08,90,100,33.5,6.99,8.1,0.8174,-0.5761,14.2,14.0,14.0,station
2024-05-07,16.4,15.2,14.3,15.0,13.6,15.5,14.6,13.8,14.4,13.6,14.9,1.05,0.52,80,100,34.9,5.09,4.6,0.8074,-0.59,15.6,15.0,15.0,station
2024-05-08,16.6,16.6,13.2,18.5,17.7,16.0,16.5,13.6,18.3,14.2,16.52,2.02,0.8,75,35,21.0,23.72,0.0,0.7971,-0.6038,15.7,19.0,19.0,station
2024-05-09,16.1,16.8,13.4,17.8,17.9,16.1,16.6,13.6,17.8,17.4,16.4,1.83,0.1,82,8,26.6,24.17,0.0,0.7866,-0.6175,15.3,19.0,19.0,station
2024-05-10,17.7,18.2,14.0,19.9,19.2,17.9,17.9,14.1,19.7,19.0,17.8,2.29,0.08,81,33,28.2,25.25,0.0,0.7759,-0.6309,17.0,21.0,21.0,station
2024-05-11,19.2,17.7,15.1,21.3,18.6,19.1,17.5,14.9,20.0,18.9,18.38,2.26,0.3,88,72,42.6,11.44,13.2,0.7649,-0.6442,17.7,22.0,22.0,station
2024-05-12,18.4,17.5,14.8,20.9,19.2,18.3,17.4,14.7,20.7,16.5,18.16,2.26,0.64,78,18,33.0,25.71,0.0,0.7537,-0.6572,17.4,20.0,20.0,station
2024-05-13,18.4,18.4,15.2,20.5,20.7,18.2,18.0,15.4,21.1,20.8,18.64,2.22,-0.06,77,0,18.0,25.9,0.0,0.7423,-0.6701,17.3,22.0,22.0,station
2024-05-14,18.2,18.6,14.8,20.6,20.2,18.2,18.6,14.6,20.2,20.3,18.48,2.3,0.1,76,0,21.9,26.09,0.0,0.7306,-0.6828,17.5,21.0,21.0,station
2024-05-15,15.4,15.3,13.5,16.8,17.5,16.2,15.1,13.5,19.9,19.0,15.7,1.54,-1.04,79,67,41.4,8.05,17.2,0.7188,-0.6952,16.4,16.0,16.0,station
2024-05-16,16.9,15.9,14.0,18.6,17.6,17.2,16.6,14.3,18.6,17.7,16.6,1.76,-0.28,77,13,26.8,26.44,0.2,0.7067,-0.7075,15.6,19.0,19.0,station
2024-05-17,18.8,19.3,14.8,20.8,20.3,18.9,18.4,15.1,21.2,19.5,18.8,2.37,0.18,82,51,23.4,19.98,0.0,0.6945,-0.7195,18.2,22.0,22.0,station
2024-05-18,20.3,19.6,15.7,22.4,21.8,20.4,19.6,15.7,22.4,22.0,19.96,2.63,-0.06,85,7,23.4,24.24,0.0,0.682,-0.7314,19.8,23.0,23.0,station
2024-05-19,20.6,20.1,17.2,24.1,23.0,21.2,20.3,17.3,24.1,22.8,21.0,2.69,-0.14,86,14,14.6,25.7,0.0,0.6693,-0.743,20.5,23.0,23.0,station
2024-05-20,18.1,18.1,15.6,20.2,21.4,18.1,18.7,16.5,21.2,21.1,18.68,2.23,-0.44,91,87,19.2,18.02,0.1,0.6564,-0.7544,17.5,22.0,22.0,station
2024-05-21,23.1,21.1,18.7,26.0,23.4,23.0,20.5,18.9,24.1,22.4,22.46,2.73,0.68,91,59,17.4,21.04,0.2,0.6433,-0.7656,20.6,22.0,22.0,station
2024-05-22,18.5,17.7,16.1,22.3,20.6,20.0,18.3,16.8,23.2,20.8,19.04,2.44,-0.78,93,96,14.9,20.82,0.0,0.6301,-0.7765,17.4,19.0,19.0,station
2024-05-23,18.0,17.9,16.5,21.1,20.7,18.2,18.0,16.8,21.9,21.1,18.84,1.98,-0.36,90,60,20.3,23.92,0.0,0.6166,-0.7873,17.6,20.0,20.0,station
2024-05-24,19.3,19.2,17.3,22.2,22.3,21.5,18.8,17.2,21.4,22.4,20.06,2.15,-0.2,89,73,19.1,19.57,0.0,0.603,-0.7978,18.8,19.0,19.0,station
2024-05-25,19.6,19.6,17.0,22.9,21.9,23.0,19.5,16.9,21.5,22.5,20.2,2.3,-0.48,86,97,20.6,14.75,1.2,0.5892,-0.808,20.0,21.0,21.0,station
2024-05-26,21.4,19.2,16.5,21.8,21.2,22.7,19.5,16.6,22.6,21.7,20.02,2.21,-0.6,85,96,35.6,8.62,4.9,0.5752,-0.818,19.6,22.0,22.0,station
2024-05-27,19.6,18.3,16.2,20.7,20.5,19.9,18.8,16.5,21.4,19.8,19.06,1.86,-0.22,74,55,36.8,23.99,0.0,0.561,-0.8278,20.1,21.0,21.0,station
2024-05-28,25.7,22.4,19.7,25.4,23.2,24.0,21.2,18.5,25.5,23.3,23.28,2.45,0.78,65,27,22.7,23.57,0.0,0.5467,-0.8373,24.9,25.0,25.0,station
2024-05-29,21.6,20.7,17.1,24.5,23.2,22.2,20.5,17.2,23.8,22.7,21.42,2.82,0.14,72,36,20.5,25.69,0.0,0.5322,-0.8466,19.9,23.0,23.0,station
2024-05-30,20.4,20.6,17.7,24.0,21.4,21.2,20.2,18.1,23.5,22.2,20.82,2.26,-0.22,59,99,11.8,10.84,0.0,0.5176,-0.8556,21.4,23.0,23.0,station
2024-05-31,19.5,19.0,17.0,22.0,21.2,21.4,19.3,18.0,23.2,22.0,19.74,1.96,-1.04,83,40,25.5,23.53,0.6,0.5028,-0.8644,19.0,21.0,21.0,station
2024-06-01,23.7,21.4,17.6,24.4,23.5,23.7,20.7,17.9,25.5,23.9,22.12,2.76,-0.22,68,27,35.0,25.53,0.0,0.4878,-0.8729,21.4,23.0,23.0,station
2024-06-02,23.3,20.6,17.5,24.4,24.9,23.6,20.1,17.7,23.8,24.7,22.14,3.08,0.16,66,17,27.6,24.96,0.0,0.4728,-0.8812,21.5,24.0,24.0,station
2024-06-03,24.8,22.7,19.3,27.3,25.4,25.9,21.9,18.9,26.4,25.3,23.9,3.05,0.22,64,7,26.6,25.54,0.0,0.4575,-0.8892,24.3,25.0,25.0,station
2024-06-04,24.9,23.5,18.8,26.4,25.0,24.7,22.7,18.6,27.5,25.5,23.72,2.94,-0.08,51,0,23.7,26.54,0.0,0.4422,-0.8969,24.5,25.0,25.0,station
2024-06-05,24.2,22.4,18.4,26.0,25.4,24.8,22.3,18.9,26.4,24.7,23.28,3.05,-0.14,70,80,24.2,23.28,0.0,0.4267,-0.9044,22.8,23.0,23.0,station
2024-06-06,23.4,22.7,18.9,27.8,24.2,24.5,22.1,18.9,25.2,23.5,23.4,3.19,0.56,76,63,23.1,24.92,0.0,0.4111,-0.9116,23.0,26.0,26.0,station
2024-06-07,22.7,22.3,18.9,25.2,23.2,23.7,21.9,19.0,25.6,23.6,22.46,2.28,-0.3,78,100,19.5,18.76,0.1,0.3953,-0.9185,21.9,25.0,25.0,station
2024-06-08,20.5,21.2,18.0,22.3,21.4,21.5,21.5,17.9,22.0,21.6,20.68,1.63,-0.22,88,66,21.9,18.17,13.1,0.3795,-0.9252,20.2,23.0,23.0,station
2024-06-09,22.2,21.5,19.5,24.6,23.9,22.6,21.2,19.5,24.4,23.6,22.34,2.02,0.08,89,76,18.4,24.36,0.2,0.3635,-0.9316,21.3,25.0,25.0,station
2024-06-10,23.8,22.8,19.5,25.1,24.5,24.0,22.2,19.4,25.4,24.2,23.14,2.21,0.1,85,39,26.8,24.79,0.0,0.3474,-0.9377,23.6,28.0,28.0,station
2024-06-11,24.6,23.8,19.5,25.4,25.1,24.5,23.5,19.3,25.8,24.9,23.68,2.41,0.08,84,67,26.8,23.85,0.0,0.3312,-0.9436,23.9,26.0,26.0,station
2024-06-12,22.8,22.8,19.8,26.5,25.2,24.9,22.6,19.9,26.6,25.6,23.42,2.58,-0.5,84,56,22.8,23.78,0.0,0.3149,-0.9491,23.1,27.0,27.0,station
2024-06-13,24.7,23.5,20.9,28.6,26.6,24.1,22.8,21.1,27.8,26.9,24.86,2.94,0.32,84,39,20.7,23.12,0.0,0.2986,-0.9544,23.5,26.0,26.0,station
2024-06-14,26.1,24.8,21.0,29.0,27.0,26.7,24.0,21.3,28.9,26.5,25.58,2.98,0.1,79,73,25.4,24.49,0.0,0.2821,-0.9594,26.4,29.0,29.0,station
2024-06-15,24.2,23.0,19.8,23.5,23.6,22.6,22.5,19.7,25.6,21.4,22.82,1.74,0.46,86,67,22.5,19.32,3.1,0.2656,-0.9641,23.1,25.0,25.0,station
2024-06-16,25.6,23.6,20.4,26.9,26.2,24.7,23.3,20.5,25.5,27.0,24.54,2.62,0.34,76,4,25.0,25.86,0.0,0.2489,-0.9685,23.8,26.0,26.0,station
2024-06-17,25.2,24.1,20.3,26.8,25.6,24.9,23.8,20.2,26.1,26.2,24.4,2.49,0.16,76,66,18.3,24.09,0.0,0.2322,-0.9727,23.4,26.0,26.0,station
2024-06-18,26.1,24.7,21.2,27.5,26.2,26.8,24.4,20.7,27.9,26.2,25.14,2.42,-0.06,78,3,23.5,26.55,0.0,0.2155,-0.9765,24.7,26.0,26.0,station
2024-06-19,28.6,26.5,21.6,30.4,27.6,29.5,26.6,21.2,31.8,28.0,26.94,3.31,-0.48,76,59,19.4,26.29,0.0,0.1986,-0.9801,27.6,28.0,28.0,station
2024-06-20,29.4,26.5,21.5,31.9,28.5,29.0,26.1,21.4,30.6,28.1,27.56,3.9,0.52,67,46,26.1,26.35,0.0,0.1818,-0.9833,28.1,31.0,31.0,station
2024-06-21,27.1,25.5,21.7,28.2,28.3,27.6,25.1,21.3,28.8,28.0,26.16,2.74,0.0,71,99,20.4,22.55,0.2,0.1648,-0.9863,25.9,28.0,28.0,station
2024-06-22,27.4,24.1,21.2,26.9,22.6,27.2,24.4,21.5,29.0,22.5,24.44,2.68,-0.48,86,100,23.5,4.79,42.4,0.1478,-0.989,24.4,25.0,25.0,station
2024-06-23,23.6,24.1,22.6,27.1,24.4,24.9,24.6,22.9,26.2,25.2,24.36,1.68,-0.4,89,83,27.6,22.62,19.2,0.1308,-0.9914,23.6,27.0,27.0,station
2024-06-24,23.3,24.1,20.6,25.3,23.3,22.7,23.3,20.2,24.3,23.6,23.32,1.73,0.5,85,72,32.0,22.77,0.6,0.1137,-0.9935,22.9,25.0,25.0,station
2024-06-25,23.7,23.8,19.9,25.5,24.7,23.6,24.0,20.2,25.0,24.6,23.52,2.15,0.04,76,30,34.3,25.56,0.0,0.0966,-0.9953,23.4,26.0,26.0,station
2024-06-26,25.2,25.1,21.9,28.7,27.6,25.5,24.7,21.7,27.5,27.3,25.7,2.63,0.36,79,2,19.1,26.19,0.0,0.0795,-0.9968,24.4,28.0,28.0,station
2024-06-27,27.5,26.1,22.8,30.6,29.1,28.0,26.0,22.7,30.9,29.7,27.22,2.99,-0.24,81,51,15.0,23.43,0.0,0.0623,-0.9981,26.1,28.0,28.0,station
2024-06-28,27.4,25.2,22.5,29.5,28.9,28.8,25.4,22.1,29.6,29.7,26.7,2.87,-0.42,70,29,20.5,26.9,0.0,0.0451,-0.999,25.5,28.0,28.0,station
2024-06-29,27.7,26.3,22.4,29.4,27.8,28.5,26.4,22.3,29.1,27.6,26.72,2.65,-0.06,74,63,39.6,20.67,36.8,0.028,-0.9996,30.2,31.0,31.0,station
2024-06-30,23.9,24.8,21.9,25.5,23.2,23.9,24.9,21.9,24.5,23.1,23.86,1.4,0.2,92,57,42.4,17.51,1.6,0.0108,-0.9999,23.4,26.0,26.0,station
2024-07-01,24.3,24.3,23.2,26.7,26.7,24.7,24.7,23.1,27.1,26.3,25.04,1.58,-0.14,91,53,17.7,24.15,0.3,-0.0065,-1.0,24.3,27.0,27.0,station
2024-07-02,26.1,24.8,23.3,25.8,25.1,27.2,23.9,22.2,25.4,25.9,25.02,1.09,0.1,87,100,45.4,3.28,52.3,-0.0237,-0.9997,25.7,25.0,25.0,station
2024-07-03,24.5,24.3,22.2,25.9,24.6,24.0,23.6,22.0,25.5,23.9,24.3,1.33,0.5,88,48,42.6,24.27,2.9,-0.0408,-0.9992,24.7,26.0,26.0,station
2024-07-04,25.8,25.9,22.9,26.3,26.8,24.6,25.0,22.7,26.3,24.7,25.54,1.53,0.88,91,76,39.4,22.55,2.4,-0.058,-0.9983,26.3,29.0,29.0,station
2024-07-05,23.6,24.1,22.5,24.9,24.9,25.2,24.7,22.6,27.1,26.3,24.0,1.0,-1.18,86,82,53.8,20.43,1.0,-0.0752,-0.9972,23.8,25.0,25.0,station
2024-07-06,27.3,26.1,22.5,26.1,25.9,27.3,26.0,22.6,27.6,24.5,25.58,1.81,-0.02,90,84,44.8,15.07,10.0,-0.0923,-0.9957,26.6,29.0,29.0,station
2024-07-07,24.3,24.7,21.8,27.8,26.0,24.7,25.2,21.8,26.3,26.2,24.92,2.22,0.08,91,97,20.3,12.33,18.6,-0.1094,-0.994,25.0,27.0,27.0,station
2024-07-08,26.2,23.8,21.7,25.1,23.7,24.1,24.3,21.5,24.0,23.8,24.1,1.69,0.56,95,93,19.1,7.53,19.6,-0.1265,-0.992,23.8,24.0,24.0,station
2024-07-09,24.0,23.8,21.8,23.4,25.2,24.4,23.6,22.6,23.8,24.5,23.64,1.23,-0.14,92,100,31.1,11.53,21.1,-0.1436,-0.9896,25.0,26.0,26.0,station
2024-07-10,28.7,26.4,23.8,26.2,24.0,28.7,26.2,23.3,26.4,24.5,25.82,2.01,0.0,87,43,28.5,24.41,12.8,-0.1606,-0.987,28.1,30.0,30.0,station
2024-07-11,24.5,24.9,23.2,25.7,27.7,24.8,25.2,23.9,26.1,27.6,25.2,1.66,-0.32,92,51,16.9,20.23,0.0,-0.1775,-0.9841,23.8,26.0,26.0,station
2024-07-12,25.3,26.0,23.4,27.6,28.4,26.1,26.0,23.9,28.3,27.8,26.14,1.97,-0.28,93,35,17.8,19.79,0.0,-0.1944,-0.9809,24.8,27.0,27.0,station
2024-07-13,27.2,27.0,24.1,30.7,29.0,27.4,27.2,24.2,30.7,28.8,27.6,2.47,-0.06,93,37,18.3,22.46,1.1,-0.2113,-0.9774,27.0,30.0,30.0,station
2024-07-14,30.2,29.0,26.7,31.0,28.7,29.4,28.8,26.7,30.5,30.8,29.12,1.64,-0.12,81,44,21.5,23.57,3.5,-0.2281,-0.9736,29.4,32.0,32.0,station
2024-07-15,29.1,28.6,24.7,29.9,29.2,29.3,28.7,23.8,30.4,30.1,28.3,2.07,-0.16,85,16,19.1,24.56,1.5,-0.2448,-0.9696,28.4,31.0,31.0,station
2024-07-16,28.0,27.6,23.3,30.2,27.1,27.9,27.1,23.7,29.5,29.2,27.24,2.5,-0.24,88,74,31.5,15.48,14.8,-0.2614,-0.9652,28.5,30.0,30.0,station
2024-07-17,26.3,26.8,23.3,28.1,24.1,25.6,25.7,22.9,26.0,23.9,25.72,1.98,0.9,92,96,39.0,14.92,41.8,-0.278,-0.9606,26.5,27.0,27.0,station
2024-07-18,26.1,26.0,23.2,26.1,24.3,25.4,25.4,23.5,25.9,23.8,25.14,1.33,0.34,93,100,43.3,6.61,57.7,-0.2945,-0.9557,25.3,26.0,26.0,station
2024-07-19,26.3,26.8,23.8,28.4,26.2,26.6,27.0,24.3,27.1,25.7,26.3,1.65,0.16,93,74,23.4,19.67,0.4,-0.3109,-0.9505,26.2,29.0,29.0,station
2024-07-20,25.9,25.7,23.8,26.2,25.1,25.2,25.0,23.7,25.6,24.6,25.34,0.95,0.52,90,89,48.3,13.74,16.4,-0.3272,-0.945,27.8,29.0,29.0,station
2024-07-21,26.1,27.2,24.1,27.3,26.0,25.8,26.7,23.9,27.2,24.8,26.14,1.29,0.46,88,58,61.5,20.15,3.3,-0.3434,-0.9392,26.9,29.0,29.0,station
2024-07-22,26.4,26.7,24.2,25.8,25.7,27.0,26.2,24.6,26.3,27.8,25.76,0.97,-0.62,93,99,40.3,7.26,58.3,-0.3595,-0.9332,26.5,28.0,28.0,station
2024-07-23,25.7,25.5,24.1,25.8,25.4,26.9,26.1,24.5,26.3,25.4,25.3,0.69,-0.54,93,83,44.4,7.5,15.7,-0.3755,-0.9268,25.6,27.0,27.0,station
2024-07-24,27.2,27.2,24.6,28.9,26.5,27.2,26.1,24.5,28.4,27.8,26.88,1.55,0.08,96,87,23.1,18.16,2.7,-0.3914,-0.9202,26.9,30.0,30.0,station
2024-07-25,29.0,29.4,26.7,30.9,30.2,28.3,28.4,26.8,32.3,28.7,29.24,1.6,0.34,92,95,21.3,19.71,1.0,-0.4071,-0.9134,29.3,32.0,32.0,station
2024-07-26,31.0,29.4,25.6,32.8,29.6,30.3,28.8,25.7,32.2,31.2,29.68,2.66,0.04,88,91,24.9,18.92,17.5,-0.4228,-0.9062,30.9,34.0,34.0,station
2024-07-27,30.6,30.2,25.5,31.7,27.2,29.7,29.9,25.5,31.9,28.7,29.04,2.59,-0.1,91,93,27.6,14.0,3.5,-0.4383,-0.8988,29.0,32.0,32.0,station
2024-07-28,29.0,29.3,25.6,31.2,29.6,30.0,30.1,25.8,32.2,28.5,28.94,2.05,-0.38,87,95,37.3,23.97,0.5,-0.4537,-0.8912,29.0,32.0,32.0,station
2024-07-29,27.9,27.8,24.6,28.0,26.9,27.5,27.8,24.6,28.4,26.4,27.04,1.43,0.1,91,67,34.1,20.48,0.2,-0.469,-0.8832,27.4,29.0,29.0,station
2024-07-30,27.8,28.4,25.3,28.1,28.0,27.6,28.2,25.3,28.7,27.7,27.52,1.26,0.02,93,64,24.0,20.58,0.6,-0.4841,-0.875,27.4,30.0,30.0,station
2024-07-31,29.1,29.0,25.9,29.9,29.3,29.2,28.8,25.6,30.4,29.3,28.64,1.57,-0.02,90,45,28.5,22.56,0.6,-0.4991,-0.8666,29.2,32.0,32.0,station
2024-08-01,29.9,29.5,25.8,30.8,29.3,29.6,29.5,25.6,30.2,29.5,29.06,1.91,0.18,89,45,27.8,23.75,1.3,-0.5139,-0.8578,29.4,31.0,31.0,station
2024-08-02,28.5,28.5,26.2,29.7,28.3,28.2,28.6,25.7,29.1,27.3,28.24,1.27,0.46,92,59,26.6,19.13,1.5,-0.5286,-0.8489,28.5,30.0,30.0,station
2024-08-03,29.3,29.0,27.9,30.8,31.0,29.9,29.5,28.0,31.2,30.2,29.6,1.3,-0.16,88,35,15.5,23.62,0.4,-0.5431,-0.8397,29.4,32.0,32.0,station
2024-08-04,32.2,30.7,28.3,32.7,31.6,31.2,30.3,27.8,32.4,31.6,31.1,1.73,0.44,83,18,15.6,24.29,0.0,-0.5575,-0.8302,30.9,33.0,33.0,station
2024-08-05,32.1,30.3,27.5,32.0,30.9,31.7,30.4,27.5,31.9,31.3,30.56,1.87,0.0,79,54,24.7,20.48,1.8,-0.5717,-0.8205,31.1,34.0,34.0,station
2024-08-06,30.2,30.2,27.6,31.6,31.1,31.7,30.4,27.8,31.5,30.9,30.14,1.54,-0.32,83,62,17.9,22.58,1.0,-0.5857,-0.8105,29.0,32.0,32.0,station
2024-08-07,30.7,29.8,27.8,30.2,31.0,29.9,29.6,28.0,30.8,30.6,29.9,1.26,0.12,83,42,13.0,19.64,4.0,-0.5996,-0.8003,29.1,32.0,32.0,station
2024-08-08,28.3,29.0,26.5,29.5,30.0,29.4,29.7,26.3,30.3,27.5,28.66,1.36,0.02,87,84,18.9,16.59,3.1,-0.6132,-0.7899,27.8,30.0,30.0,station
2024-08-09,29.6,29.9,27.3,31.6,30.5,30.1,30.2,27.2,32.9,30.6,29.78,1.58,-0.42,86,59,19.9,23.01,0.0,-0.6267,-0.7792,29.0,31.0,31.0,station
2024-08-10,31.3,30.5,27.2,32.2,31.8,30.7,30.5,27.3,32.5,30.5,30.6,2.0,0.3,80,73,15.4,23.24,0.1,-0.64,-0.7683,31.0,33.0,33.0,station
2024-08-11,31.8,30.8,27.4,32.4,31.9,32.1,31.0,27.0,32.8,31.9,30.86,2.02,-0.1,76,74,25.9,22.57,0.2,-0.6532,-0.7572,31.5,33.0,33.0,station
2024-08-12,32.5,31.4,28.0,32.3,31.9,31.8,31.0,27.6,33.0,31.5,31.22,1.85,0.24,76,18,19.0,23.59,0.1,-0.6661,-0.7459,31.9,34.0,34.0,station
2024-08-13,32.3,31.8,28.4,32.8,32.7,33.4,31.5,28.4,33.3,32.1,31.6,1.83,-0.14,82,21,22.9,23.21,2.8,-0.6788,-0.7343,31.0,34.0,34.0,station
2024-08-14,32.2,31.4,28.7,33.6,33.1,32.3,31.9,28.7,32.8,33.2,31.8,1.93,0.02,79,46,18.1,22.39,0.7,-0.6914,-0.7225,31.9,33.0,33.0,station
2024-08-15,31.9,31.2,28.9,32.6,32.4,32.5,31.4,29.0,31.8,33.2,31.4,1.5,-0.18,77,33,15.3,21.37,1.2,-0.7037,-0.7105,31.6,33.0,33.0,station
2024-08-16,32.6,31.4,28.7,33.1,32.5,32.2,31.0,28.5,33.0,31.7,31.66,1.77,0.38,78,44,15.8,21.91,7.7,-0.7158,-0.6983,30.7,33.0,33.0,station
2024-08-17,31.6,30.9,28.5,33.0,32.3,31.2,30.9,28.6,31.9,32.6,31.26,1.73,0.22,78,55,20.5,21.84,5.2,-0.7277,-0.6859,30.6,32.0,32.0,station
2024-08-18,31.1,30.5,27.8,31.7,31.6,31.1,30.4,27.8,32.4,31.9,30.54,1.6,-0.18,77,61,24.6,21.7,1.3,-0.7394,-0.6733,30.9,32.0,32.0,station
2024-08-19,31.5,30.7,27.9,32.2,33.1,31.9,30.8,27.8,32.0,32.3,31.08,1.99,0.12,76,48,17.1,21.25,1.6,-0.7509,-0.6605,31.6,33.0,33.0,station
2024-08-20,34.7,33.3,28.9,35.8,35.0,34.7,31.8,28.9,35.7,33.9,33.54,2.75,0.54,76,55,25.1,20.83,13.6,-0.7621,-0.6474,35.2,35.0,35.0,station
2024-08-21,28.4,29.0,27.2,29.1,28.2,29.3,29.2,27.1,29.8,29.3,28.38,0.76,-0.56,87,98,38.3,7.55,45.1,-0.7731,-0.6342,29.6,31.0,31.0,station
2024-08-22,28.6,28.7,27.5,29.0,27.8,28.1,28.2,27.4,28.4,28.3,28.32,0.64,0.24,82,69,46.6,15.19,2.9,-0.7839,-0.6208,29.4,31.0,31.0,station
2024-08-23,29.0,28.8,27.2,29.7,29.3,28.7,29.2,27.5,29.7,28.4,28.8,0.96,0.1,82,16,31.5,21.33,1.7,-0.7945,-0.6073,28.5,31.0,31.0,station
2024-08-24,28.8,29.4,27.3,29.9,30.0,29.2,29.4,27.3,30.1,29.7,29.08,1.1,-0.06,87,22,22.2,19.21,0.3,-0.8048,-0.5935,27.7,31.0,31.0,station
2024-08-25,28.3,29.4,27.4,30.0,30.2,29.2,29.4,27.1,30.0,30.5,29.06,1.19,-0.18,88,41,14.1,20.69,4.4,-0.8149,-0.5796,27.6,31.0,31.0,station
2024-08-26,28.6,28.5,26.4,29.1,29.0,28.2,28.9,27.5,29.3,29.7,28.32,1.1,-0.4,85,96,18.4,11.47,0.3,-0.8248,-0.5655,29.0,30.0,30.0,station
2024-08-27,28.3,28.2,25.4,28.8,30.8,29.1,28.0,26.0,30.4,29.7,28.3,1.93,-0.34,77,68,26.9,9.05,3.0,-0.8344,-0.5512,27.2,30.0,30.0,station
2024-08-28,31.5,30.5,28.7,31.8,31.6,31.3,30.6,28.4,32.3,30.6,30.82,1.29,0.18,70,2,20.0,23.16,0.0,-0.8437,-0.5368,31.6,33.0,33.0,station
2024-08-29,32.3,31.2,28.3,33.0,32.4,32.3,30.8,28.1,32.1,32.8,31.44,1.87,0.22,70,6,25.3,22.83,0.0,-0.8528,-0.5222,32.3,32.0,32.0,station
2024-08-30,30.6,29.2,26.8,32.0,32.2,32.7,29.8,27.3,31.8,33.5,30.16,2.23,-0.86,73,1,30.5,22.49,0.0,-0.8617,-0.5074,30.1,30.0,30.0,station
2024-08-31,29.9,28.4,26.1,30.6,31.4,29.9,28.1,26.4,30.3,32.6,29.28,2.09,-0.18,75,25,20.3,22.5,0.0,-0.8703,-0.4925,28.9,29.0,29.0,station
2024-09-01,28.3,28.0,26.2,28.5,28.7,28.4,27.8,25.8,28.7,28.4,27.94,1.01,0.12,75,50,18.2,22.41,0.0,-0.8786,-0.4775,27.8,29.0,29.0,station
2024-09-02,26.3,25.8,25.9,26.3,25.9,25.2,27.2,25.7,29.4,27.6,26.04,0.24,-0.98,79,93,30.7,7.56,34.3,-0.8867,-0.4623,25.1,27.0,27.0,station
2024-09-03,28.5,28.4,26.6,29.7,26.1,30.2,28.6,26.7,30.1,27.3,27.86,1.48,-0.72,69,24,27.3,20.84,0.1,-0.8945,-0.447,29.3,31.0,31.0,station
2024-09-04,28.7,28.8,26.3,30.3,29.6,29.2,28.4,25.8,30.3,28.6,28.74,1.51,0.28,72,20,25.0,20.85,0.0,-0.9021,-0.4315,28.6,30.0,30.0,station
2024-09-05,27.7,27.5,26.2,27.5,28.9,27.8,27.7,26.2,27.5,28.6,27.56,0.96,0.0,80,81,34.1,12.3,1.8,-0.9094,-0.4159,27.7,28.0,28.0,station
2024-09-06,28.0,27.6,27.0,29.6,27.7,28.8,27.7,26.3,29.6,28.6,27.98,0.98,-0.22,78,66,21.6,17.11,0.8,-0.9164,-0.4002,28.0,27.0,27.0,station
2024-09-07,28.2,27.4,25.9,28.4,28.9,27.3,27.2,25.7,29.1,29.4,27.76,1.17,0.02,80,35,19.1,18.84,0.4,-0.9232,-0.3844,27.4,29.0,29.0,station
2024-09-08,27.8,27.8,26.1,29.6,29.2,28.2,27.7,26.0,29.7,30.3,28.1,1.38,-0.28,81,13,15.5,20.48,0.0,-0.9296,-0.3685,27.7,29.0,29.0,station
2024-09-09,30.5,29.1,26.7,31.0,30.9,30.2,29.3,26.8,31.3,30.8,29.64,1.81,-0.04,75,3,14.0,20.7,0.0,-0.9358,-0.3524,29.6,31.0,31.0,station
2024-09-10,31.1,29.9,27.3,31.6,31.9,30.7,29.2,27.1,31.8,31.1,30.36,1.87,0.38,76,4,19.9,20.52,0.0,-0.9418,-0.3363,30.4,31.0,31.0,station
2024-09-11,33.1,29.7,28.5,34.4,32.9,33.4,29.6,28.3,34.5,33.8,31.72,2.5,-0.2,76,37,24.0,18.42,2.4,-0.9474,-0.32,31.4,33.0,33.0,station
2024-09-12,27.2,27.0,26.0,27.1,27.5,28.7,28.0,25.8,26.8,30.7,26.96,0.57,-1.04,91,100,19.3,7.42,15.0,-0.9528,-0.3037,27.1,27.0,27.0,station
2024-09-13,27.1,26.7,25.4,26.0,26.0,27.2,27.1,26.3,26.9,27.4,26.24,0.67,-0.74,89,96,32.3,6.31,27.4,-0.9579,-0.2873,27.8,28.0,28.0,station
2024-09-14,27.4,27.5,26.5,28.7,28.2,27.2,27.4,26.5,28.1,27.2,27.66,0.84,0.38,89,39,17.8,18.88,0.0,-0.9627,-0.2707,27.6,29.0,29.0,station
2024-09-15,29.3,29.2,27.8,29.4,28.1,30.2,29.3,28.0,29.8,29.3,28.76,0.75,-0.56,83,28,31.0,17.54,0.7,-0.9672,-0.2541,30.2,31.0,31.0,station
2024-09-16,30.8,29.9,27.8,30.9,31.7,31.7,30.2,27.0,32.4,30.4,30.22,1.5,-0.12,77,23,28.2,18.05,0.4,-0.9714,-0.2375,30.5,31.0,31.0,station
2024-09-17,27.6,27.8,26.8,26.6,28.8,27.7,28.8,27.3,31.2,30.7,27.52,0.88,-1.62,85,41,11.8,17.14,0.7,-0.9753,-0.2207,30.4,31.0,31.0,station
2024-09-18,29.2,29.7,27.2,31.3,30.8,29.0,29.4,27.3,30.7,30.5,29.64,1.6,0.26,88,68,14.8,13.04,0.7,-0.979,-0.2039,29.1,31.0,31.0,station
2024-09-19,30.1,29.4,26.3,29.2,30.0,29.9,29.9,26.4,31.1,30.3,29.0,1.56,-0.52,89,92,15.9,13.04,0.8,-0.9824,-0.187,28.9,31.0,31.0,station
2024-09-20,26.8,26.5,26.1,27.7,26.2,27.5,26.7,25.9,26.5,26.3,26.66,0.64,0.08,89,89,42.8,7.26,112.1,-0.9854,-0.1701,27.4,28.0,28.0,station
2024-09-21,21.1,21.8,21.9,22.9,20.2,22.2,22.1,20.8,21.1,21.1,21.58,1.0,0.12,77,88,43.0,9.15,14.7,-0.9882,-0.1531,23.1,23.0,23.0,station
2024-09-22,24.7,24.4,22.3,24.9,22.3,24.1,23.8,22.9,25.7,21.7,23.72,1.31,0.08,71,56,33.0,15.01,0.6,-0.9907,-0.1361,24.0,25.0,25.0,station
2024-09-23,24.0,25.2,23.0,24.7,22.4,24.1,25.2,23.0,24.8,22.0,23.86,1.16,0.04,66,15,27.1,19.64,0.0,-0.9929,-0.1191,23.9,25.0,25.0,station
2024-09-24,24.2,25.1,23.0,25.8,23.8,24.6,25.6,23.0,25.8,22.8,24.38,1.1,0.02,66,26,23.5,19.57,0.0,-0.9948,-0.102,23.6,26.0,26.0,station
2024-09-25,24.4,25.0,23.6,26.2,25.9,25.9,25.3,23.3,26.8,25.7,25.02,1.07,-0.38,77,39,19.4,16.87,0.1,-0.9964,-0.0848,24.8,27.0,27.0,station
2024-09-26,23.9,25.3,23.8,26.2,25.4,24.1,25.0,23.4,26.0,24.1,24.92,1.04,0.4,84,47,17.4,16.17,1.1,-0.9977,-0.0677,24.1,26.0,26.0,station
2024-09-27,25.4,25.3,24.4,26.5,26.3,24.5,24.9,24.2,26.3,25.5,25.58,0.85,0.5,76,49,23.5,17.14,0.3,-0.9987,-0.0505,26.3,26.0,26.0,station
2024-09-28,26.5,26.6,25.1,26.7,27.2,26.7,27.0,25.5,27.4,26.5,26.42,0.79,-0.2,68,18,29.0,18.11,0.0,-0.9994,-0.0333,26.5,28.0,28.0,station
2024-09-29,26.7,26.8,24.3,27.3,26.9,26.4,26.8,23.7,27.4,26.4,26.4,1.2,0.26,68,36,23.2,17.56,0.0,-0.9999,-0.0161,27.0,28.0,28.0,station
2024-09-30,25.3,25.2,23.3,25.9,25.8,24.9,25.3,23.2,26.0,25.6,25.1,1.05,0.1,68,71,23.7,17.01,0.0,-1.0,0.0011,25.1,27.0,27.0,station
2024-10-01,22.6,21.8,23.5,21.6,22.0,22.5,21.8,23.4,21.7,21.3,22.3,0.77,0.16,69,80,34.6,7.98,3.5,-0.9998,0.0183,23.7,24.0,24.0,station
2024-10-02,18.4,18.7,18.3,19.1,18.2,18.1,18.8,17.5,18.7,17.2,18.54,0.36,0.48,49,22,29.3,18.75,0.0,-0.9994,0.0355,18.6,19.0,19.0,station
2024-10-03,20.6,19.6,19.9,20.7,19.0,20.7,18.7,19.5,19.8,20.7,19.96,0.71,0.08,59,23,20.6,16.04,0.0,-0.9986,0.0527,20.9,21.0,21.0,station
2024-10-04,21.5,20.9,20.0,22.2,21.8,21.6,20.8,20.1,22.1,22.1,21.28,0.86,-0.06,65,4,17.6,17.91,0.0,-0.9976,0.0698,21.2,22.0,22.0,station
2024-10-05,21.7,21.3,20.7,22.2,22.3,21.8,20.9,21.0,22.8,22.3,21.64,0.66,-0.12,62,66,15.3,15.51,0.0,-0.9962,0.087,21.6,22.0,22.0,station
2024-10-06,18.1,18.2,19.4,18.5,20.0,19.1,18.2,19.9,18.8,21.8,18.84,0.83,-0.72,70,95,16.2,3.45,0.1,-0.9946,0.1041,17.9,17.0,17.0,station
2024-10-07,20.9,20.1,20.4,21.2,21.7,21.6,20.7,20.0,22.2,22.5,20.86,0.63,-0.54,76,90,19.6,10.06,0.0,-0.9926,0.1212,20.1,20.0,20.0,station
2024-10-08,21.2,21.0,20.0,22.6,21.8,20.9,21.0,20.2,22.0,21.5,21.32,0.97,0.2,76,17,21.1,15.82,0.1,-0.9904,0.1383,20.7,21.0,21.0,station
2024-10-09,22.6,22.2,21.7,22.3,22.4,21.9,22.1,21.0,22.7,22.4,22.24,0.34,0.22,65,54,17.9,15.66,0.0,-0.9879,0.1553,22.8,24.0,24.0,station
2024-10-10,20.4,21.4,20.3,21.4,20.7,19.8,21.1,20.8,21.5,20.9,20.84,0.53,0.02,75,43,25.5,12.38,5.1,-0.9851,0.1722,19.3,22.0,22.0,station
2024-10-11,21.3,21.6,20.1,22.2,21.9,20.9,21.3,20.3,22.0,21.9,21.42,0.81,0.14,75,31,14.7,15.44,0.0,-0.9819,0.1892,21.4,23.0,23.0,station
2024-10-12,21.3,21.1,20.2,22.2,21.8,20.8,21.0,20.2,22.2,22.1,21.32,0.76,0.06,74,23,14.8,16.05,0.0,-0.9785,0.206,20.3,22.0,22.0,station
2024-10-13,23.8,22.5,22.0,22.6,23.9,24.1,22.2,21.8,23.1,24.7,22.96,0.84,-0.22,66,89,19.9,11.16,0.0,-0.9749,0.2228,23.4,23.0,23.0,station
2024-10-14,22.7,21.0,20.7,21.6,23.6,23.3,21.6,21.6,22.6,24.4,21.92,1.21,-0.78,64,94,25.2,5.77,0.7,-0.9709,0.2396,21.9,22.0,22.0,station
2024-10-15,22.1,20.8,21.0,21.2,20.5,21.7,21.2,21.0,21.9,23.7,21.12,0.61,-0.78,82,71,22.8,7.57,2.0,-0.9666,0.2562,21.3,22.0,22.0,station
2024-10-16,20.5,20.3,19.7,21.8,20.6,20.3,19.8,19.8,22.2,20.9,20.58,0.77,-0.02,78,42,19.3,15.63,0.0,-0.9621,0.2728,18.6,21.0,21.0,station
2024-10-17,22.5,22.0,22.2,23.5,24.7,23.0,22.2,21.4,24.2,23.8,22.98,1.12,0.06,74,53,14.3,14.81,0.0,-0.9572,0.2893,23.6,24.0,24.0,station
2024-10-18,18.5,18.0,21.4,21.1,18.2,19.2,17.8,21.9,20.0,22.4,19.44,1.67,-0.82,82,100,33.9,2.29,36.5,-0.9521,0.3057,19.1,20.0,20.0,station
2024-10-19,18.3,17.8,19.0,19.4,16.7,17.0,17.1,18.7,18.7,20.4,18.24,1.06,-0.14,73,48,39.8,13.28,5.7,-0.9467,0.3221,18.2,20.0,20.0,station
2024-10-20,16.9,18.4,17.8,16.3,15.2,16.7,18.5,17.7,16.8,15.2,16.92,1.26,-0.06,59,26,34.8,14.97,0.0,-0.941,0.3383,17.1,18.0,18.0,station
2024-10-21,18.1,18.2,19.4,16.0,19.4,18.6,18.0,18.6,15.4,19.2,18.22,1.39,0.26,70,93,28.3,5.93,2.9,-0.9351,0.3545,17.4,18.0,18.0,station
2024-10-22,18.3,18.1,19.2,17.4,17.4,17.2,17.7,19.1,17.5,16.4,18.08,0.75,0.5,84,100,46.2,3.12,15.4,-0.9288,0.3705,18.6,18.0,18.0,station
2024-10-23,16.1,16.5,16.1,15.5,15.2,15.6,15.7,16.5,15.8,15.8,15.88,0.52,0.0,69,58,53.1,9.97,0.1,-0.9223,0.3864,16.0,17.0,17.0,station
2024-10-24,17.5,17.3,17.6,17.6,17.8,16.8,17.2,17.4,17.5,17.5,17.56,0.18,0.28,76,0,14.9,14.16,0.0,-0.9155,0.4022,16.5,17.0,17.0,station
2024-10-25,20.0,19.7,18.8,20.5,20.4,20.1,20.0,19.1,20.8,20.0,19.88,0.68,-0.12,74,50,17.7,13.42,0.0,-0.9085,0.4179,19.4,21.0,21.0,station
2024-10-26,21.7,21.2,19.7,22.0,23.3,21.6,20.7,19.2,22.0,22.6,21.58,1.31,0.36,74,50,18.8,13.87,0.0,-0.9012,0.4335,21.0,23.0,23.0,station
2024-10-27,18.2,18.2,18.3,19.4,20.0,18.8,18.3,18.7,19.0,19.9,18.82,0.83,-0.12,83,98,21.7,6.48,0.0,-0.8936,0.4489,17.6,18.0,18.0,station
2024-10-28,18.5,18.5,18.4,20.1,21.0,18.5,18.4,17.9,19.8,21.5,19.3,1.19,0.08,83,58,28.1,9.26,1.4,-0.8857,0.4642,18.7,19.0,19.0,station
2024-10-29,16.6,17.5,17.7,17.3,18.5,16.4,17.8,17.9,18.2,17.7,17.52,0.69,-0.08,74,68,23.7,7.39,4.6,-0.8776,0.4794,17.3,18.0,18.0,station
2024-10-30,17.4,17.9,17.6,19.5,19.3,17.4,17.7,17.8,19.1,20.5,18.34,0.99,-0.16,84,16,19.8,13.24,0.0,-0.8692,0.4944,17.1,19.0,19.0,station
2024-10-31,19.3,19.1,17.8,20.8,20.4,19.8,18.9,18.0,20.7,20.3,19.48,1.18,-0.06,79,34,15.5,13.04,0.0,-0.8606,0.5093,18.8,21.0,21.0,station
2024-11-01,16.9,17.6,18.0,18.5,20.0,17.7,17.9,18.1,17.8,17.3,18.2,1.16,0.44,79,100,17.6,5.16,0.0,-0.8517,0.524,17.6,19.0,19.0,station
2024-11-02,22.0,21.2,19.7,22.3,22.8,21.7,21.1,20.2,22.7,22.8,21.6,1.21,-0.1,69,25,23.9,12.7,0.0,-0.8426,0.5386,21.5,23.0,23.0,station
2024-11-03,19.7,19.9,18.6,20.8,21.4,19.7,19.7,18.4,20.2,20.3,20.08,1.08,0.42,81,17,29.2,12.53,0.7,-0.8332,0.553,19.9,21.0,21.0,station
2024-11-04,17.6,17.0,18.4,17.7,17.7,17.5,16.7,18.5,17.6,18.8,17.68,0.5,-0.14,67,84,34.0,10.36,0.1,-0.8235,0.5672,17.9,19.0,19.0,station
2024-11-05,12.9,13.5,12.1,13.5,14.0,12.3,13.2,11.9,12.6,12.3,13.2,0.73,0.74,49,42,36.1,12.06,0.0,-0.8137,0.5813,12.3,13.0,13.0,station
2024-11-06,9.4,11.1,11.4,10.9,10.0,9.6,10.8,11.2,10.8,9.9,10.56,0.83,0.1,50,0,27.2,12.88,0.0,-0.8035,0.5952,10.1,11.0,11.0,station
2024-11-07,11.5,12.2,12.2,13.3,12.4,10.8,12.4,12.4,13.5,12.6,12.32,0.65,-0.02,56,0,21.3,12.72,0.0,-0.7932,0.609,12.1,13.0,13.0,station
2024-11-08,14.9,14.8,14.5,15.6,15.0,14.7,14.9,14.1,16.0,15.3,14.96,0.4,-0.04,58,0,17.7,12.56,0.0,-0.7826,0.6225,14.5,15.0,15.0,station
2024-11-09,17.2,16.5,16.3,17.5,18.2,17.2,16.5,16.1,18.0,18.6,17.14,0.77,-0.14,64,46,17.5,11.77,0.0,-0.7718,0.6359,17.1,18.0,18.0,station
2024-11-10,17.0,16.9,16.2,17.9,18.3,17.6,16.8,16.4,17.7,16.8,17.26,0.84,0.2,72,54,17.0,9.23,0.0,-0.7607,0.6491,17.0,18.0,18.0,station
2024-11-11,16.2,16.4,15.9,18.5,18.1,16.3,15.8,15.7,18.4,17.8,17.02,1.19,0.22,75,17,18.8,11.45,0.0,-0.7494,0.6621,16.7,18.0,18.0,station
2024-11-12,16.1,16.4,16.0,17.8,18.2,15.8,16.0,15.8,18.0,18.0,16.9,1.02,0.18,71,34,22.5,11.46,0.0,-0.7379,0.6749,15.7,17.0,17.0,station
2024-11-13,18.0,17.0,16.5,18.6,19.2,17.7,16.6,16.3,18.4,19.3,17.86,1.11,0.2,70,44,10.5,10.86,0.0,-0.7262,0.6875,17.6,19.0,19.0,station
2024-11-14,16.8,15.7,16.1,17.5,18.2,15.2,15.7,16.2,17.1,17.9,16.86,1.02,0.44,76,83,16.1,4.22,1.0,-0.7143,0.6998,16.9,17.0,17.0,station
2024-11-15,19.6,17.9,18.4,18.6,19.8,19.2,17.5,18.5,20.3,20.6,18.86,0.81,-0.36,74,61,18.8,7.65,0.2,-0.7021,0.712,18.9,20.0,20.0,station
2024-11-16,16.7,16.9,17.0,17.4,17.6,18.9,16.8,17.4,16.9,16.9,17.12,0.37,-0.26,82,87,27.4,6.98,4.7,-0.6898,0.724,18.9,20.0,20.0,station
2024-11-17,10.7,12.7,13.9,13.4,13.3,13.7,13.1,14.1,12.9,12.6,12.8,1.25,-0.48,43,55,39.3,8.63,0.0,-0.6772,0.7358,13.0,13.0,13.0,station
2024-11-18,4.9,5.8,6.5,5.4,4.5,4.8,5.8,6.0,4.9,4.1,5.42,0.78,0.3,35,26,40.5,11.62,0.0,-0.6645,0.7473,5.5,6.0,6.0,station
2024-11-19,9.0,8.8,8.1,8.9,7.6,8.6,9.0,8.3,8.0,8.0,8.48,0.61,0.1,59,79,11.9,7.86,0.0,-0.6515,0.7586,7.5,8.0,8.0,station
2024-11-20,11.5,10.4,11.9,10.9,10.2,11.1,10.5,11.3,11.8,10.5,10.98,0.72,-0.06,74,66,17.5,5.26,2.7,-0.6384,0.7697,10.4,10.0,10.0,station
2024-11-21,13.7,13.7,13.1,13.2,14.0,13.5,13.8,13.5,13.2,14.8,13.54,0.38,-0.22,73,37,28.4,8.91,0.7,-0.625,0.7806,13.4,14.0,14.0,station
2024-11-22,8.4,9.4,10.8,8.8,8.8,8.3,9.0,12.0,9.4,8.5,9.24,0.94,-0.2,50,0,26.9,10.93,0.0,-0.6115,0.7912,9.1,10.0,10.0,station
2024-11-23,10.8,10.5,10.1,10.9,11.3,10.1,10.4,10.0,10.4,10.5,10.72,0.45,0.44,53,19,14.6,10.27,0.0,-0.5978,0.8016,10.3,11.0,11.0,station
2024-11-24,10.8,10.7,10.0,11.1,11.4,10.8,10.7,10.2,10.7,11.4,10.8,0.52,0.04,65,16,9.4,10.4,0.0,-0.584,0.8118,10.8,11.0,11.0,station
2024-11-25,15.2,13.5,14.1,15.2,14.8,13.9,13.0,13.3,14.5,14.8,14.56,0.74,0.66,61,74,30.9,8.62,0.0,-0.5699,0.8217,15.1,15.0,15.0,station
2024-11-26,10.4,11.5,12.0,10.2,10.2,10.3,11.4,11.6,11.0,10.3,10.86,0.84,-0.06,76,78,41.8,6.73,20.6,-0.5557,0.8314,11.6,13.0,13.0,station
2024-11-27,3.1,3.9,7.6,4.8,4.7,3.2,3.6,8.1,4.9,2.7,4.82,1.7,0.32,73,88,27.6,7.67,12.2,-0.5413,0.8408,2.8,3.0,3.0,station
2024-11-28,3.1,3.2,7.0,4.0,4.1,4.6,3.2,7.8,3.8,3.5,4.28,1.59,-0.3,80,66,18.7,9.49,2.2,-0.5268,0.85,3.3,3.0,3.0,station
2024-11-29,3.6,4.2,6.7,4.0,4.2,4.6,3.9,7.6,3.3,5.1,4.54,1.23,-0.36,74,48,18.7,9.9,0.1,-0.5121,0.859,5.2,4.0,4.0,station
2024-11-30,8.9,9.5,11.8,8.3,11.1,8.8,8.4,10.2,6.1,11.8,9.92,1.48,0.86,73,31,24.7,7.3,0.0,-0.4972,0.8676,10.2,6.0,6.0,station
2024-12-01,9.0,9.5,12.7,9.9,12.7,9.0,10.2,13.0,8.1,10.8,10.76,1.8,0.54,88,93,18.3,5.08,2.3,-0.4822,0.8761,10.0,10.0,10.0,station
2024-12-02,11.9,10.3,12.7,12.1,14.0,11.8,11.0,13.0,12.7,13.1,12.2,1.34,-0.12,76,21,28.8,8.47,1.1,-0.4671,0.8842,12.4,14.0,14.0,station
2024-12-03,4.1,4.0,6.7,3.6,3.4,4.7,4.0,7.1,2.4,2.4,4.36,1.34,0.24,52,69,23.7,9.73,0.0,-0.4518,0.8921,5.2,4.0,4.0,station
2024-12-04,4.0,4.8,5.9,4.2,4.1,4.6,4.4,5.7,2.9,2.6,4.6,0.79,0.56,63,12,13.7,9.85,0.0,-0.4364,0.8998,4.9,5.0,5.0,station
2024-12-05,8.1,7.7,8.1,8.4,9.1,8.3,7.1,8.8,6.8,8.0,8.28,0.52,0.48,62,38,35.0,8.77,0.1,-0.4208,0.9071,8.3,8.0,8.0,station
2024-12-06,4.3,4.4,6.9,3.5,3.5,3.9,4.2,6.4,2.9,2.8,4.52,1.4,0.48,51,10,29.6,9.37,0.0,-0.4052,0.9142,5.4,6.0,6.0,station
2024-12-07,2.6,2.9,4.4,3.1,1.9,1.8,2.8,4.2,1.8,2.0,2.98,0.91,0.46,61,16,26.4,9.27,0.0,-0.3894,0.9211,2.4,3.0,3.0,station
2024-12-08,3.0,3.2,5.2,3.0,3.6,3.3,3.3,5.5,2.6,3.4,3.6,0.93,-0.02,54,0,28.9,9.78,0.0,-0.3735,0.9276,3.0,3.0,3.0,station
2024-12-09,4.6,4.6,6.0,5.0,5.1,4.7,4.4,6.6,4.3,5.0,5.06,0.57,0.06,61,24,13.3,9.34,0.0,-0.3575,0.9339,3.7,5.0,5.0,station
2024-12-10,5.7,5.8,6.3,6.8,6.1,6.2,5.6,6.3,6.0,6.0,6.14,0.44,0.12,66,37,18.4,9.64,0.0,-0.3413,0.9399,5.2,6.0,6.0,station
2024-12-11,5.3,4.9,6.0,5.1,4.8,4.2,4.3,5.5,4.2,3.4,5.22,0.48,0.9,53,73,23.2,7.69,0.0,-0.3251,0.9457,5.7,6.0,6.0,station
2024-12-12,3.2,4.0,4.2,3.5,3.4,3.5,3.8,4.4,3.2,3.6,3.66,0.42,-0.04,50,47,19.5,9.66,0.0,-0.3088,0.9511,3.2,3.0,3.0,station
2024-12-13,1.9,2.7,4.4,3.1,2.3,1.5,3.0,4.6,3.1,0.9,2.88,0.96,0.26,47,74,25.1,7.11,0.1,-0.2924,0.9563,3.7,4.0,4.0,station
2024-12-14,2.1,2.4,3.7,1.4,1.9,1.8,1.9,3.9,1.4,1.2,2.3,0.86,0.26,53,15,27.2,9.49,0.0,-0.2759,0.9612,2.7,2.0,2.0,station
2024-12-15,4.8,3.8,5.5,4.5,4.7,5.7,3.9,5.7,4.8,3.8,4.66,0.61,-0.12,54,41,28.8,7.46,0.0,-0.2593,0.9658,4.9,5.0,5.0,station
2024-12-16,3.3,4.1,6.5,5.1,5.3,3.9,4.2,4.2,2.3,3.3,4.86,1.22,1.28,56,43,20.0,5.82,0.0,-0.2427,0.9701,4.0,4.0,4.0,station
2024-12-17,1.6,2.4,3.4,2.0,2.3,1.6,1.8,3.0,-0.3,0.5,2.34,0.67,1.02,50,28,23.9,8.01,0.0,-0.226,0.9741,2.1,3.0,3.0,station
2024-12-18,-1.1,-0.9,0.7,-2.3,-2.6,-1.5,-0.8,0.7,-2.4,-2.9,-1.24,1.31,0.14,44,0,22.1,9.84,0.0,-0.2092,0.9779,-1.0,-2.0,-2.0,station
2024-12-19,1.1,1.6,2.3,1.8,0.3,1.7,1.7,2.2,0.5,-0.2,1.42,0.76,0.24,53,33,17.2,9.75,0.0,-0.1923,0.9813,0.1,2.0,2.0,station
2024-12-20,4.1,3.4,6.3,4.9,1.7,3.6,3.8,6.2,4.1,3.2,4.08,1.71,-0.1,75,88,15.8,5.75,0.7,-0.1754,0.9845,4.0,5.0,5.0,station
2024-12-21,2.3,2.5,6.0,2.7,3.5,2.8,2.4,6.2,3.1,2.2,3.4,1.52,0.06,69,41,34.1,8.07,2.6,-0.1585,0.9874,2.7,4.0,4.0,station
2024-12-22,0.4,1.0,2.7,0.1,-0.2,0.4,1.4,2.4,0.4,-0.4,0.8,1.15,-0.04,53,0,31.8,9.77,0.0,-0.1414,0.9899,0.8,1.0,1.0,station
2024-12-23,4.5,4.8,4.9,5.4,4.2,3.6,4.0,4.5,4.0,3.4,4.76,0.45,0.86,63,17,21.0,9.17,0.0,-0.1244,0.9922,3.8,6.0,6.0,station
2024-12-24,-0.2,1.9,2.7,2.1,-0.8,-0.5,1.6,2.9,1.6,-0.8,1.14,1.54,0.18,58,21,17.8,9.68,0.0,-0.1073,0.9942,0.9,2.0,2.0,station
2024-12-25,5.6,4.7,7.0,5.7,6.1,5.8,4.5,7.1,4.8,5.9,5.82,0.83,0.2,70,92,25.1,7.69,0.0,-0.0902,0.9959,6.1,6.0,6.0,station
2024-12-26,5.2,4.3,6.8,4.2,5.2,5.5,4.3,7.0,4.3,5.8,5.14,1.04,-0.24,57,11,31.0,9.66,0.0,-0.073,0.9973,5.4,6.0,6.0,station
2024-12-27,-0.0,0.5,2.4,1.0,0.1,0.7,0.4,2.2,-1.0,-0.4,0.8,0.98,0.42,51,43,27.0,8.0,0.0,-0.0559,0.9984,0.2,0.0,0.0,station
2024-12-28,0.5,0.3,2.3,-0.2,0.2,0.9,-0.0,2.3,-1.1,-0.7,0.62,0.97,0.34,50,50,27.5,7.38,0.0,-0.0387,0.9993,0.2,0.0,0.0,station
2024-12-29,5.0,3.3,7.1,4.9,4.3,3.0,3.3,7.2,2.5,4.1,4.92,1.39,0.9,59,59,17.3,8.28,0.0,-0.0215,0.9998,4.7,4.0,4.0,station
2024-12-30,8.7,8.0,7.9,8.7,8.6,8.8,7.7,7.9,8.2,8.7,8.38,0.4,0.12,70,80,26.0,8.08,0.3,-0.0043,1.0,8.3,10.0,10.0,station
2024-12-31,2.6,2.7,4.5,3.3,4.4,3.2,2.7,6.2,2.7,3.4,3.5,0.91,-0.14,51,0,29.6,10.0,0.0,0.0129,0.9999,3.9,,,
2025-01-01,7.0,7.2,6.5,7.6,7.5,7.3,6.4,6.2,7.1,6.7,7.16,0.44,0.42,64,22,20.0,8.9,0.0,0.0172,0.9999,6.1,8.0,8.0,station
2025-01-02,3.8,3.5,3.4,4.4,3.1,3.9,3.4,3.5,3.0,2.6,3.64,0.49,0.36,50,30,20.5,9.9,0.0,0.0344,0.9994,3.7,4.0,4.0,station
2025-01-03,0.6,1.4,2.4,0.9,0.1,0.7,1.0,2.6,-0.2,-0.4,1.08,0.88,0.34,49,19,24.9,8.7,0.0,0.0516,0.9987,1.5,2.0,2.0,station
2025-01-04,2.4,2.9,5.4,3.4,3.0,2.7,2.6,6.3,2.2,2.4,3.42,1.16,0.18,59,27,18.7,9.49,0.0,0.0688,0.9976,2.1,3.0,3.0,station
2025-01-05,6.3,5.0,6.9,5.1,6.7,5.3,4.5,7.0,6.9,6.9,6.0,0.89,-0.12,87,67,19.6,7.12,9.6,0.0859,0.9963,5.3,4.0,4.0,station
2025-01-06,2.6,2.8,5.8,3.1,3.9,2.8,2.9,6.1,3.3,2.5,3.64,1.3,0.12,73,46,31.8,8.65,4.4,0.103,0.9947,2.5,4.0,4.0,station
2025-01-07,-0.2,0.7,1.7,0.1,-0.5,-1.4,0.2,2.1,-0.9,-1.3,0.36,0.87,0.62,52,10,26.5,9.63,0.0,0.1201,0.9928,0.9,1.0,1.0,station
2025-01-08,-1.0,-0.8,1.5,-1.3,-2.4,-2.1,-1.6,1.4,-1.3,-2.8,-0.8,1.43,0.48,51,44,28.0,9.65,0.0,0.1372,0.9905,-0.3,0.0,0.0,station
2025-01-09,-7.7,-6.7,-4.0,-7.9,-8.1,-7.4,-6.9,-3.7,-7.8,-8.3,-6.88,1.7,-0.06,37,11,37.3,10.0,0.0,0.1542,0.988,-5.8,-7.0,-7.0,station
2025-01-10,-2.7,-3.4,-1.4,-4.6,-3.4,-2.8,-3.8,-1.0,-4.6,-3.2,-3.1,1.17,-0.02,51,15,25.5,10.27,0.0,0.1712,0.9852,-2.0,-4.0,-4.0,station
2025-01-11,-1.5,-1.2,-1.9,-2.3,-2.8,-1.2,-1.6,-0.6,-2.2,-3.2,-1.94,0.63,-0.18,57,47,17.5,9.05,0.0,0.1881,0.9821,-1.6,-2.0,-2.0,station
2025-01-12,1.0,0.7,1.0,0.4,-1.5,0.8,0.5,0.9,-0.1,-1.2,0.32,1.05,0.14,61,35,11.1,10.4,0.0,0.205,0.9788,0.1,1.0,1.0,station
2025-01-13,4.4,4.3,5.8,4.4,3.9,4.6,3.9,5.6,4.4,3.0,4.56,0.72,0.26,72,70,25.2,5.28,0.6,0.2218,0.9751,4.2,5.0,5.0,station
2025-01-14,4.3,4.0,5.9,5.6,5.7,3.9,3.7,5.6,3.3,2.3,5.1,0.88,1.34,72,54,24.8,9.4,0.1,0.2385,0.9711,4.4,4.0,4.0,station
2025-01-15,-2.2,-1.8,1.1,-2.7,-3.1,-1.9,-1.6,0.7,-2.8,-3.2,-1.74,1.66,0.02,46,8,27.2,10.9,0.0,0.2552,0.9669,-1.2,-1.0,-1.0,station
2025-01-16,4.1,3.7,4.6,3.4,4.4,3.6,3.7,4.7,1.4,3.6,4.04,0.49,0.64,66,74,24.2,3.78,0.0,0.2718,0.9624,3.5,4.0,4.0,station
2025-01-17,1.0,2.1,2.5,2.2,1.2,1.1,2.2,2.2,2.0,0.7,1.8,0.66,0.16,60,0,14.8,11.06,0.0,0.2883,0.9575,1.0,3.0,3.0,station
2025-01-18,4.1,3.5,3.5,4.4,3.7,4.3,3.5,3.8,4.4,3.6,3.84,0.4,-0.08,71,38,8.5,10.27,0.0,0.3047,0.9524,3.3,5.0,5.0,station
2025-01-19,6.8,5.2,6.1,6.5,4.7,6.8,4.8,5.6,6.1,6.0,5.86,0.88,0.0,79,77,16.9,7.23,0.0,0.3211,0.9471,5.7,8.0,8.0,station
2025-01-20,4.2,4.6,4.9,6.4,5.1,3.5,4.8,5.0,6.3,5.1,5.04,0.83,0.1,90,62,11.7,6.67,0.4,0.3373,0.9414,4.1,6.0,6.0,station
2025-01-21,5.1,4.6,5.2,5.2,5.1,4.2,4.8,5.3,4.7,4.7,5.04,0.25,0.3,88,46,12.3,9.76,0.0,0.3534,0.9355,3.8,6.0,6.0,station
2025-01-22,3.5,4.2,5.3,5.4,4.0,3.5,4.5,5.4,5.7,4.6,4.48,0.83,-0.26,88,63,13.5,7.86,0.0,0.3695,0.9292,2.7,4.0,4.0,station
2025-01-23,3.5,3.8,3.8,5.2,3.5,4.3,4.2,4.2,6.3,4.9,3.96,0.71,-0.82,66,2,12.6,11.71,0.0,0.3854,0.9227,2.9,5.0,5.0,station
2025-01-24,6.9,5.4,5.2,7.4,6.1,6.5,5.1,4.9,7.5,6.7,6.2,0.95,0.06,58,0,16.8,11.76,0.0,0.4012,0.916,6.0,6.0,6.0,station
2025-01-25,7.8,6.8,6.5,8.2,8.2,8.1,6.6,6.2,9.0,8.7,7.5,0.8,-0.22,63,18,21.2,11.47,0.0,0.4169,0.9089,8.2,9.0,9.0,station
2025-01-26,4.9,5.7,5.3,5.6,5.6,4.9,5.4,5.5,5.6,5.2,5.42,0.33,0.1,65,97,19.8,6.38,0.1,0.4325,0.9016,5.6,7.0,7.0,station
2025-01-27,2.1,3.3,3.6,3.0,3.1,1.7,3.2,3.2,2.9,2.3,3.02,0.56,0.36,75,71,38.9,9.47,9.4,0.4479,0.8941,2.6,3.0,3.0,station
2025-01-28,-2.1,-2.1,-0.6,-2.1,-1.9,-1.6,-1.7,-0.1,-1.7,-2.2,-1.76,0.65,-0.3,73,93,39.2,4.75,0.2,0.4633,0.8862,-2.3,-2.0,-2.0,station
2025-01-29,-3.7,-2.0,-1.1,-2.9,-1.7,-3.0,-2.3,-1.0,-2.9,-2.1,-2.28,1.03,-0.02,67,63,30.4,10.5,0.0,0.4784,0.8781,-2.5,-2.0,-2.0,station
2025-01-30,-3.2,-1.8,-1.2,-1.0,-1.6,-4.1,-1.9,-1.3,-3.7,-3.6,-1.76,0.86,1.16,49,81,18.9,8.93,0.0,0.4935,0.8698,-2.3,-2.0,-2.0,station
2025-01-31,-0.3,0.2,1.4,0.0,0.5,-0.6,0.3,1.7,0.5,5.2,0.36,0.65,-1.06,67,100,15.3,2.55,3.2,0.5084,0.8611,-0.1,0.0,0.0,station
2025-02-01,4.6,3.8,3.9,5.0,6.9,3.5,3.6,4.0,4.0,4.3,4.84,1.25,0.96,64,66,14.1,12.46,0.0,0.5231,0.8523,4.3,6.0,6.0,station
2025-02-02,3.1,3.2,2.8,3.9,3.6,3.1,2.9,3.0,5.9,5.8,3.32,0.43,-0.82,74,82,19.9,11.24,0.0,0.5377,0.8432,3.4,4.0,4.0,station
2025-02-03,-1.8,-0.6,1.3,-0.3,-2.9,-0.9,-0.4,1.5,0.7,-1.2,-0.86,1.59,-0.8,56,9,32.1,13.49,0.0,0.5521,0.8338,0.2,0.0,0.0,station
2025-02-04,-6.5,-5.6,-4.4,-6.5,-6.1,-6.4,-5.9,-4.4,-6.7,-5.7,-5.82,0.88,0.0,53,38,34.4,11.97,0.0,0.5664,0.8242,-6.6,-7.0,-7.0,station
2025-02-05,-4.6,-4.9,-3.8,-5.2,-5.8,-5.0,-5.1,-3.5,-5.5,-6.6,-4.86,0.74,0.28,47,33,27.4,12.35,0.0,0.5805,0.8143,-4.5,-4.0,-4.0,station
2025-02-06,-0.8,-0.8,2.3,0.4,1.1,0.1,-1.1,1.6,-1.6,0.9,0.44,1.32,0.46,54,38,32.7,11.02,1.3,0.5944,0.8042,0.1,1.0,1.0,station
2025-02-07,-3.7,-4.0,-2.8,-2.8,-5.9,-6.1,-5.0,-4.1,-4.2,-3.7,-3.84,1.27,0.78,54,51,43.8,12.95,1.1,0.6081,0.7938,-4.4,-4.0,-4.0,station
2025-02-08,-3.4,-4.2,-2.9,-3.7,-2.8,-4.0,-4.3,-2.4,-4.3,-3.0,-3.4,0.58,0.2,54,16,36.7,13.39,0.0,0.6217,0.7833,-3.7,-4.0,-4.0,station
2025-02-09,-1.5,-1.0,-0.6,-1.6,-1.2,-2.1,-1.8,-0.6,-2.1,-1.5,-1.18,0.4,0.44,59,15,22.4,14.14,0.0,0.6351,0.7725,-1.3,-1.0,-1.0,station
2025-02-10,1.1,1.3,1.1,0.9,0.5,0.9,1.2,1.8,0.5,1.4,0.98,0.3,-0.18,65,43,15.3,10.85,0.2,0.6483,0.7614,0.2,1.0,1.0,station
2025-02-11,3.8,3.3,2.6,4.2,4.7,4.4,3.7,3.0,4.5,4.2,3.72,0.81,-0.24,67,30,16.4,14.29,0.0,0.6613,0.7502,3.4,5.0,5.0,station
2025-02-12,2.4,2.6,2.7,2.8,3.8,3.2,2.3,2.9,3.0,3.6,2.86,0.55,-0.14,78,85,34.7,4.48,3.6,0.6741,0.7387,2.6,3.0,3.0,station
2025-02-13,3.4,3.5,4.1,4.1,3.9,2.7,3.8,4.0,3.3,3.2,3.8,0.33,0.4,62,0,26.9,14.78,0.0,0.6867,0.727,3.7,5.0,5.0,station
2025-02-14,6.0,5.6,4.8,6.9,7.6,5.6,5.1,4.5,6.8,7.1,6.18,1.1,0.36,85,15,18.1,14.58,0.0,0.6991,0.715,5.3,8.0,8.0,station
2025-02-15,5.8,4.9,4.5,6.6,6.5,5.7,4.7,4.8,5.9,6.5,5.66,0.94,0.14,89,75,14.6,8.5,0.0,0.7113,0.7029,5.1,7.0,7.0,station
2025-02-16,6.4,5.4,4.9,7.7,8.0,6.0,5.3,4.8,7.4,6.3,6.48,1.37,0.52,86,28,32.4,14.16,0.0,0.7233,0.6906,5.9,8.0,8.0,station
2025-02-17,1.1,1.4,0.8,1.5,1.3,1.2,1.2,0.7,1.3,1.8,1.22,0.28,-0.02,46,3,32.6,15.46,0.0,0.735,0.678,1.4,2.0,2.0,station
2025-02-18,-0.1,1.0,-0.8,1.2,1.7,-0.2,0.1,-0.8,1.0,0.6,0.6,1.02,0.46,43,1,31.1,15.57,0.0,0.7466,0.6653,0.8,2.0,2.0,station
2025-02-19,-0.2,0.3,-0.4,0.1,0.8,0.0,0.3,-0.4,0.1,0.6,0.12,0.47,0.0,46,0,27.7,15.76,0.0,0.7579,0.6523,0.1,1.0,1.0,station
2025-02-20,0.3,0.4,-0.1,0.8,0.6,0.0,0.6,-0.3,-0.2,0.5,0.4,0.34,0.28,45,0,28.5,15.88,0.0,0.769,0.6392,0.5,1.0,1.0,station
2025-02-21,0.6,0.2,-0.2,0.8,0.5,0.4,0.3,-0.5,0.3,0.2,0.38,0.39,0.24,47,6,31.0,15.92,0.0,0.7799,0.6259,1.0,2.0,2.0,station
2025-02-22,-0.0,-0.2,-0.3,0.4,0.4,-0.2,-0.2,-0.7,-0.1,0.2,0.06,0.33,0.26,46,6,24.9,16.15,0.0,0.7906,0.6124,0.3,0.0,0.0,station
2025-02-23,-0.6,-0.7,-1.3,-0.9,-0.4,-0.5,-1.0,-1.4,-0.7,-0.9,-0.78,0.34,0.12,43,15,32.4,15.58,0.0,0.801,0.5987,-0.2,0.0,0.0,station
2025-02-24,2.1,1.9,2.8,2.7,3.7,2.4,1.9,2.9,1.6,3.3,2.64,0.71,0.22,53,0,26.8,16.51,0.0,0.8112,0.5848,2.3,3.0,3.0,station
2025-02-25,5.2,4.8,4.5,5.0,5.8,5.2,4.8,4.4,5.6,5.9,5.06,0.49,-0.12,75,52,24.3,12.69,0.0,0.8211,0.5708,4.6,6.0,6.0,station
2025-02-26,3.1,4.3,4.3,4.9,4.9,3.2,4.3,4.1,3.8,4.3,4.3,0.73,0.36,66,0,22.4,17.05,0.0,0.8308,0.5566,3.8,6.0,6.0,station
2025-02-27,8.3,6.9,4.9,9.1,7.8,8.4,6.9,4.6,8.9,8.1,7.4,1.61,0.02,63,22,17.0,16.87,0.0,0.8402,0.5422,8.2,11.0,11.0,station
2025-02-28,7.9,6.6,5.8,11.6,8.3,8.7,6.8,5.8,11.0,7.7,8.04,2.23,0.04,80,70,12.8,8.32,0.0,0.8495,0.5277,8.0,10.0,10.0,station
2025-03-01,7.8,5.1,6.7,10.2,6.3,6.6,6.5,6.3,11.4,8.9,7.22,1.93,-0.72,89,90,15.8,7.22,2.2,0.8584,0.513,8.8,12.0,12.0,station
2025-03-02,8.5,7.5,7.9,9.3,12.3,12.5,9.8,6.7,11.0,13.2,9.1,1.91,-1.54,78,89,36.0,4.67,14.9,0.8671,0.4981,13.0,13.0,13.0,station
2025-03-03,4.6,5.3,4.2,6.4,4.0,3.1,5.2,5.4,5.5,2.6,4.9,0.97,0.54,67,92,32.2,15.74,14.5,0.8755,0.4831,6.3,8.0,8.0,station
2025-03-04,2.6,2.8,3.3,2.4,3.4,2.0,2.5,3.9,2.7,2.5,2.9,0.44,0.18,70,95,26.6,5.22,3.3,0.8837,0.468,3.0,3.0,3.0,station
2025-03-05,6.9,5.7,5.0,7.2,6.8,7.2,5.9,4.5,7.6,6.1,6.32,0.93,0.06,70,74,20.8,7.91,0.0,0.8916,0.4527,6.3,7.0,7.0,station
2025-03-06,8.0,6.7,5.4,7.5,7.7,7.8,6.4,5.2,7.6,7.6,7.06,1.05,0.14,67,6,24.2,17.26,0.0,0.8993,0.4373,6.6,8.0,8.0,station
2025-03-07,6.5,6.1,4.3,7.4,6.8,6.2,5.8,4.4,7.1,6.7,6.22,1.17,0.18,73,65,13.2,16.8,0.0,0.9067,0.4218,5.6,8.0,8.0,station
2025-03-08,7.0,6.2,4.9,8.1,7.7,7.4,6.2,4.7,8.0,7.5,6.78,1.28,0.02,78,51,12.0,17.21,0.0,0.9138,0.4061,6.8,9.0,9.0,station
2025-03-09,8.1,6.4,5.6,9.7,9.0,8.3,6.0,5.8,10.0,9.0,7.76,1.73,-0.06,94,60,9.9,16.07,0.0,0.9207,0.3904,6.3,9.0,9.0,station
2025-03-10,8.7,7.7,6.0,11.1,9.8,9.3,7.8,6.0,10.7,8.9,8.66,1.95,0.12,89,43,12.9,17.55,0.0,0.9272,0.3745,7.4,11.0,11.0,station
2025-03-11,10.9,8.8,6.8,12.4,10.4,12.1,9.4,7.4,13.0,11.7,9.86,2.14,-0.86,87,53,14.1,18.05,0.0,0.9335,0.3585,9.1,12.0,12.0,station
2025-03-12,7.5,7.4,6.3,8.7,8.3,9.2,7.5,6.6,9.9,7.7,7.64,0.93,-0.54,89,99,23.6,9.48,0.0,0.9396,0.3424,7.8,10.0,10.0,station
2025-03-13,11.5,10.7,7.1,12.5,12.6,11.2,10.2,6.7,11.7,10.9,10.88,2.25,0.74,59,93,18.0,17.59,0.0,0.9453,0.3261,9.8,12.0,12.0,station
2025-03-14,16.2,13.7,9.3,17.3,14.5,14.2,13.1,9.6,16.8,14.9,14.2,3.08,0.48,45,45,23.5,19.07,0.0,0.9508,0.3098,15.1,17.0,17.0,station
2025-03-15,13.0,11.3,7.6,13.7,12.5,14.3,12.2,8.0,14.7,11.2,11.62,2.41,-0.46,63,84,27.5,17.24,0.3,0.956,0.2934,12.9,14.0,14.0,station
2025-03-16,6.3,7.2,5.8,7.2,7.5,6.6,7.3,6.3,7.4,7.4,6.8,0.72,-0.2,63,55,43.0,17.16,1.8,0.9609,0.2769,5.6,8.0,8.0,station
2025-03-17,3.9,4.1,4.1,4.6,4.6,3.8,3.9,3.1,4.8,5.3,4.26,0.32,0.08,51,56,28.9,17.76,3.0,0.9655,0.2604,3.8,4.0,4.0,station
2025-03-18,2.9,4.9,4.3,4.9,3.8,3.0,5.3,4.3,5.4,3.8,4.16,0.84,-0.2,73,46,36.5,18.46,4.4,0.9698,0.2437,2.9,5.0,5.0,station
2025-03-19,4.1,4.3,4.3,5.1,4.7,4.5,4.8,4.6,5.1,4.5,4.5,0.4,-0.2,57,0,20.4,20.28,0.0,0.9739,0.227,4.3,6.0,6.0,station
2025-03-20,10.0,9.1,6.0,10.2,11.6,9.6,9.2,6.3,10.1,11.4,9.38,2.09,0.06,82,0,25.7,19.67,0.0,0.9777,0.2102,8.8,12.0,12.0,station
2025-03-21,10.5,10.9,6.5,12.5,13.6,10.3,10.4,6.7,11.6,13.2,10.8,2.71,0.36,83,1,20.0,19.88,0.0,0.9811,0.1934,9.8,14.0,14.0,station
2025-03-22,11.8,12.3,6.9,13.5,14.5,11.8,12.5,6.7,13.8,14.9,11.8,2.93,-0.14,78,0,21.1,20.11,0.0,0.9843,0.1765,11.1,16.0,16.0,station
2025-03-23,15.7,14.1,8.9,17.0,17.8,16.5,13.5,8.6,16.2,17.5,14.7,3.53,0.24,79,38,20.4,19.64,0.0,0.9872,0.1595,14.4,19.0,19.0,station
2025-03-24,12.4,12.9,7.7,14.7,13.8,12.3,12.9,7.7,14.3,13.9,12.3,2.72,0.08,82,62,27.9,19.65,1.1,0.9898,0.1425,12.2,16.0,16.0,station
2025-03-25,14.3,12.8,9.3,16.3,15.5,13.6,13.4,8.2,14.7,14.3,13.64,2.76,0.8,82,55,43.1,15.54,0.6,0.9921,0.1255,14.4,16.0,16.0,station
2025-03-26,18.8,15.0,12.0,20.0,18.7,17.0,15.2,11.2,17.5,19.3,16.9,3.32,0.86,68,42,22.2,20.54,0.0,0.9941,0.1084,19.0,22.0,22.0,station
2025-03-27,15.4,13.0,9.4,16.8,17.4,15.6,12.6,8.6,16.1,18.1,14.4,3.27,0.2,77,99,32.3,14.09,6.5,0.9958,0.0913,16.6,17.0,17.0,station
2025-03-28,9.6,9.1,6.6,10.1,10.5,9.4,9.1,6.1,11.6,9.9,9.18,1.54,-0.04,42,49,33.4,21.53,0.0,0.9972,0.0741,9.5,10.0,10.0,station
2025-03-29,6.0,5.6,4.8,7.1,6.2,6.3,6.3,5.0,7.5,5.9,5.94,0.84,-0.26,51,25,37.5,19.37,0.7,0.9984,0.057,5.6,7.0,7.0,station
2025-03-30,6.4,6.1,4.5,7.4,8.0,7.7,6.4,4.4,7.4,6.4,6.48,1.34,0.02,54,20,28.7,18.5,2.2,0.9992,0.0398,6.3,8.0,8.0,station
2025-03-31,9.2,8.9,6.5,10.4,10.8,9.3,9.1,6.5,10.1,10.3,9.16,1.69,0.1,73,21,16.3,21.42,0.0,0.9997,0.0226,8.7,11.0,11.0,station
2025-04-01,11.2,10.9,7.4,13.2,12.3,10.9,10.6,7.3,12.2,12.1,11.0,2.21,0.38,79,1,16.0,21.66,0.0,1.0,0.0054,10.8,14.0,14.0,station
2025-04-02,9.2,7.5,7.0,12.1,12.0,7.3,7.4,7.0,12.9,11.1,9.56,2.42,0.42,81,63,16.9,9.97,4.6,0.9999,-0.0118,9.5,11.0,11.0,station
2025-04-03,10.9,9.8,8.3,12.6,12.6,12.3,9.9,8.5,13.4,12.7,10.84,1.85,-0.52,81,2,22.0,21.31,0.0,0.9996,-0.029,10.1,13.0,13.0,station
2025-04-04,10.6,9.5,7.6,12.6,11.8,10.8,9.8,7.4,12.5,11.1,10.42,1.97,0.1,80,51,13.0,21.65,0.0,0.9989,-0.0462,10.1,12.0,12.0,station
2025-04-05,8.1,8.4,7.7,10.0,8.8,8.9,8.2,7.4,9.9,8.8,8.6,0.88,-0.04,93,92,13.6,5.22,11.6,0.998,-0.0634,9.0,8.0,8.0,station
2025-04-06,11.1,10.2,8.4,12.4,11.3,10.9,10.4,8.4,12.6,10.9,10.68,1.5,0.04,82,18,22.7,22.24,0.0,0.9968,-0.0805,10.6,13.0,13.0,station
2025-04-07,14.6,13.4,9.8,15.7,14.2,14.0,13.3,9.4,15.7,14.2,13.54,2.25,0.22,75,5,28.8,21.92,0.2,0.9952,-0.0977,14.0,18.0,18.0,station
2025-04-08,13.8,13.5,9.2,15.7,16.3,13.7,13.6,9.6,15.6,16.2,13.7,2.79,-0.04,80,8,27.6,22.43,1.1,0.9934,-0.1148,12.5,15.0,15.0,station
2025-04-09,13.0,11.2,9.5,12.9,13.9,12.5,11.0,9.5,15.6,14.8,12.1,1.75,-0.58,78,96,13.0,11.82,1.1,0.9913,-0.1319,11.5,16.0,16.0,station
2025-04-10,12.6,12.1,9.7,15.8,16.1,13.3,12.2,10.5,17.0,15.9,13.26,2.69,-0.52,83,12,23.2,21.42,0.0,0.9889,-0.1489,12.5,16.0,16.0,station
2025-04-11,16.2,14.9,10.8,18.3,17.6,16.2,14.0,10.9,18.6,18.3,15.56,2.97,-0.04,84,21,14.2,22.72,0.0,0.9861,-0.1659,13.5,19.0,19.0,station
2025-04-12,18.4,13.9,11.6,18.2,16.7,17.7,14.0,11.3,16.2,18.0,15.76,2.94,0.32,78,100,37.1,8.37,20.1,0.9831,-0.1828,18.9,20.0,20.0,station
2025-04-13,7.9,7.5,7.9,8.1,7.2,8.6,7.4,8.7,8.4,9.0,7.72,0.36,-0.7,65,62,49.2,17.4,2.8,0.9799,-0.1997,7.5,8.0,8.0,station
2025-04-14,7.1,6.6,8.0,8.1,6.4,8.0,6.9,8.7,9.1,8.1,7.24,0.78,-0.92,83,84,34.1,6.78,13.0,0.9763,-0.2165,6.5,7.0,7.0,station
2025-04-15,10.6,9.2,8.5,11.3,10.9,11.6,9.9,8.8,13.5,10.1,10.1,1.19,-0.68,82,6,28.1,22.71,0.0,0.9724,-0.2333,9.8,12.0,12.0,station
2025-04-16,17.5,15.5,11.1,18.0,17.0,17.7,15.5,11.7,17.2,17.4,15.82,2.8,-0.08,78,73,32.3,20.7,0.0,0.9683,-0.25,17.1,20.0,20.0,station
2025-04-17,18.2,16.3,12.3,20.5,18.9,17.7,16.2,12.1,19.4,18.4,17.24,3.15,0.48,86,65,36.8,19.21,0.3,0.9638,-0.2666,17.1,21.0,21.0,station
2025-04-18,15.7,14.9,10.6,18.5,19.0,15.8,14.7,10.9,17.1,18.0,15.74,3.37,0.44,94,67,26.5,20.26,0.0,0.9591,-0.2831,13.8,18.0,18.0,station
2025-04-19,13.0,13.0,10.9,14.9,14.3,12.8,13.4,11.0,15.2,17.0,13.22,1.54,-0.66,99,95,34.4,4.74,19.3,0.9541,-0.2996,12.4,16.0,16.0,station
2025-04-20,18.0,16.6,12.5,21.4,18.6,17.2,16.7,12.4,21.5,18.6,17.42,3.26,0.14,87,28,16.6,22.93,0.0,0.9488,-0.316,17.7,19.0,19.0,station
2025-04-21,21.4,17.2,15.3,21.9,20.8,21.2,17.0,13.5,22.4,21.3,19.32,2.91,0.24,91,51,18.6,18.43,0.0,0.9432,-0.3322,20.0,23.0,23.0,station
2025-04-22,15.9,14.5,12.8,16.3,15.1,15.8,14.6,13.1,18.9,15.8,14.92,1.38,-0.72,93,69,18.6,5.86,39.5,0.9373,-0.3484,18.5,18.0,18.0,station
2025-04-23,18.4,16.3,13.4,20.2,17.4,18.2,16.4,13.6,21.2,18.3,17.14,2.54,-0.4,82,39,22.9,21.01,0.0,0.9312,-0.3645,17.1,19.0,19.0,station
2025-04-24,15.8,14.2,11.5,17.2,16.1,16.9,13.5,11.7,15.5,15.8,14.96,2.21,0.28,75,37,32.9,24.02,0.0,0.9248,-0.3804,14.9,16.0,16.0,station
2025-04-25,14.2,14.3,10.8,15.8,16.0,14.1,14.1,10.8,15.5,16.1,14.22,2.08,0.1,59,3,33.9,24.87,0.0,0.9181,-0.3963,13.9,16.0,16.0,station
2025-04-26,14.1,14.2,11.2,16.2,16.2,14.1,14.7,11.5,16.6,15.9,14.38,2.05,-0.18,74,6,22.6,24.01,0.0,0.9112,-0.412,13.2,17.0,17.0,station
2025-04-27,14.8,14.6,11.4,16.3,16.1,14.8,14.5,11.3,16.2,16.5,14.64,1.96,-0.02,73,91,24.7,17.67,0.0,0.9039,-0.4276,13.9,16.0,16.0,station
2025-04-28,16.7,15.7,12.4,18.7,17.2,15.8,14.8,12.3,18.8,17.9,16.14,2.35,0.22,73,19,28.2,24.76,0.0,0.8965,-0.4431,16.9,18.0,18.0,station
2025-04-29,14.7,14.7,12.1,17.3,16.2,14.1,14.2,11.9,16.5,16.2,15.0,1.96,0.42,65,9,19.5,24.83,0.0,0.8887,-0.4585,14.2,18.0,18.0,station
2025-04-30,19.1,18.6,13.8,21.9,19.7,18.5,18.4,13.8,21.4,18.2,18.62,2.97,0.56,61,45,27.7,24.31,0.0,0.8807,-0.4737,17.8,24.0,24.0,station
2025-05-01,14.2,14.1,13.6,16.4,14.3,14.3,14.2,14.6,16.0,16.1,14.52,1.08,-0.52,83,65,31.1,7.09,18.2,0.8724,-0.4888,14.2,15.0,15.0,station
2025-05-02,15.1,14.1,12.1,16.8,14.6,15.3,13.8,12.2,16.3,15.2,14.54,1.7,-0.02,71,54,27.8,23.39,0.0,0.8639,-0.5037,14.2,17.0,17.0,station
2025-05-03,12.5,12.4,11.2,13.4,12.1,12.9,12.6,11.0,13.3,13.4,12.32,0.79,-0.32,84,65,27.0,13.16,8.7,0.8551,-0.5185,12.2,14.0,14.0,station
2025-05-04,15.1,15.2,12.5,16.7,15.1,14.6,15.0,12.8,17.3,15.1,14.92,1.51,-0.04,71,4,35.0,25.6,0.0,0.846,-0.5331,15.3,18.0,18.0,station
2025-05-05,14.0,13.9,12.8,15.1,15.8,15.8,13.3,13.4,15.5,16.7,14.32,1.16,-0.62,74,77,19.0,7.44,1.0,0.8367,-0.5476,13.3,14.0,14.0,station
2025-05-06,18.1,15.5,13.3,19.4,18.8,18.3,15.5,13.7,18.6,17.5,17.02,2.56,0.3,72,45,24.5,19.05,0.0,0.8272,-0.5619,15.9,16.0,16.0,station
2025-05-07,15.5,14.9,12.6,16.9,17.5,15.9,14.9,12.6,18.5,17.8,15.48,1.92,-0.46,83,42,14.5,24.83,0.0,0.8174,-0.5761,14.0,17.0,17.0,station
2025-05-08,19.0,17.3,14.9,21.5,20.7,19.8,17.1,14.7,22.8,20.4,18.68,2.66,-0.28,79,81,14.5,24.38,0.0,0.8074,-0.59,18.9,22.0,22.0,station
2025-05-09,15.0,14.4,14.2,14.5,15.7,14.3,14.8,14.2,15.9,15.3,14.76,0.6,-0.14,87,100,32.8,4.4,32.9,0.7971,-0.6038,15.0,16.0,16.0,station
2025-05-10,13.7,13.7,12.7,13.6,14.3,13.7,13.9,12.5,14.6,14.7,13.6,0.57,-0.28,92,75,32.7,9.54,6.8,0.7866,-0.6175,13.4,14.0,14.0,station
2025-05-11,15.2,15.5,13.1,16.9,16.0,15.3,15.1,13.2,17.6,17.2,15.34,1.41,-0.34,88,56,14.2,21.91,0.0,0.7759,-0.6309,14.5,18.0,18.0,station
2025-05-12,18.5,17.8,15.1,19.9,19.0,18.3,17.7,15.0,19.5,19.0,18.06,1.82,0.16,83,4,20.0,25.99,0.0,0.7649,-0.6442,17.0,22.0,22.0,station
2025-05-13,18.6,18.8,14.7,19.9,20.2,19.0,18.8,14.6,20.6,20.7,18.44,2.2,-0.3,76,93,25.1,20.26,0.0,0.7537,-0.6572,17.7,24.0,24.0,station
2025-05-14,20.7,19.6,15.5,23.1,21.6,19.9,19.7,15.5,22.9,21.5,20.1,2.87,0.2,75,58,28.4,23.57,1.0,0.7423,-0.6701,20.0,24.0,24.0,station
2025-05-15,16.6,16.6,14.5,17.4,17.6,16.0,16.4,14.3,16.9,16.8,16.54,1.23,0.46,97,100,27.0,16.25,3.8,0.7306,-0.6828,16.1,19.0,19.0,station
2025-05-16,20.3,18.5,16.4,20.3,18.9,20.5,18.2,16.6,21.9,18.6,18.88,1.61,-0.28,98,100,21.3,7.07,28.2,0.7188,-0.6952,19.2,20.0,20.0,station
2025-05-17,18.7,16.9,15.9,21.4,19.8,20.0,16.5,15.3,20.6,20.1,18.54,2.21,0.04,96,71,32.7,14.93,0.6,0.7067,-0.7075,17.4,21.0,21.0,station
2025-05-18,16.5,16.8,14.6,19.0,16.7,16.0,16.3,14.5,18.7,16.0,16.72,1.56,0.42,72,49,20.4,24.36,0.0,0.6945,-0.7195,16.2,19.0,19.0,station
2025-05-19,17.0,17.7,14.8,19.1,17.1,18.0,18.1,15.2,19.7,17.4,17.14,1.55,-0.54,80,73,34.2,14.39,0.0,0.682,-0.7314,16.2,18.0,18.0,station
2025-05-20,20.4,19.5,16.2,21.5,20.6,20.4,19.7,15.4,22.3,21.7,19.64,2.05,-0.26,97,82,27.7,13.53,0.1,0.6693,-0.743,18.6,23.0,23.0,station
2025-05-21,23.6,21.7,19.3,24.6,24.9,22.7,22.4,18.0,27.5,25.0,22.82,2.33,-0.3,98,100,22.8,18.2,0.7,0.6564,-0.7544,23.1,26.0,26.0,station
2025-05-22,26.2,23.2,18.9,26.4,25.0,27.3,23.2,17.9,26.1,23.9,23.94,3.09,0.26,77,64,18.0,23.1,1.0,0.6433,-0.7656,25.5,27.0,27.0,station
2025-05-23,22.3,19.9,17.0,21.5,20.8,19.3,19.1,16.9,23.1,21.2,20.3,2.05,0.38,63,100,28.6,9.13,1.5,0.6301,-0.7765,22.4,22.0,22.0,station
2025-05-24,20.1,17.6,14.9,18.1,17.5,19.7,18.4,15.5,20.5,21.2,17.64,1.86,-1.42,70,84,19.5,12.68,1.0,0.6166,-0.7873,18.9,20.0,20.0,station
2025-05-25,17.9,17.9,15.2,19.8,18.9,18.2,18.3,15.4,19.9,18.5,17.94,1.72,-0.12,81,10,15.5,26.04,0.0,0.603,-0.7978,17.0,20.0,20.0,station
2025-05-26,21.0,20.1,16.5,22.1,21.4,20.6,20.0,16.5,23.0,21.0,20.22,2.2,0.0,84,77,16.0,25.3,0.0,0.5892,-0.808,20.0,22.0,22.0,station
2025-05-27,20.3,20.2,16.2,21.3,21.3,20.5,19.7,16.3,22.5,22.0,19.86,2.11,-0.34,88,29,11.9,25.84,0.0,0.5752,-0.818,18.7,23.0,23.0,station
2025-05-28,21.6,20.5,16.8,23.5,22.4,20.9,20.5,17.0,23.4,22.0,20.96,2.57,0.2,85,27,14.8,23.99,0.8,0.561,-0.8278,20.0,24.0,24.0,station
2025-05-29,21.9,21.2,17.5,24.4,23.5,22.3,21.1,18.5,24.7,23.2,21.7,2.67,-0.26,78,25,17.7,24.71,0.0,0.5467,-0.8373,21.2,23.0,23.0,station
2025-05-30,24.5,22.4,17.7,28.2,25.2,24.3,22.4,17.6,28.9,25.6,23.6,3.9,-0.16,77,10,21.5,26.19,0.0,0.5322,-0.8466,22.1,25.0,25.0,station
2025-05-31,21.9,21.1,17.0,24.8,22.7,22.2,21.8,17.7,24.9,25.1,21.5,2.87,-0.84,80,97,16.3,19.07,0.0,0.5176,-0.8556,19.1,23.0,23.0,station
2025-06-01,22.5,21.4,17.6,25.6,23.7,23.1,21.6,17.5,24.8,24.0,22.16,2.99,-0.04,88,65,16.1,24.9,0.0,0.5028,-0.8644,18.7,24.0,24.0,station
2025-06-02,20.0,18.8,16.9,20.2,20.6,19.0,19.0,17.1,19.1,20.1,19.3,1.5,0.44,79,98,13.2,11.64,0.8,0.4878,-0.8729,19.8,21.0,21.0,station
2025-06-03,20.4,19.9,16.7,21.9,21.2,21.8,19.9,16.5,21.5,22.8,20.02,2.01,-0.48,75,16,35.0,26.5,0.0,0.4728,-0.8812,19.8,22.0,22.0,station
2025-06-04,21.8,21.7,17.2,20.8,23.2,21.1,21.5,16.9,23.4,22.4,20.94,2.26,-0.12,67,1,32.3,26.66,0.0,0.4575,-0.8892,21.4,25.0,25.0,station
2025-06-05,22.2,21.8,17.7,20.5,22.9,22.1,22.2,17.6,20.0,22.6,21.02,2.05,0.12,70,45,23.6,25.06,0.0,0.4422,-0.8969,21.4,24.0,24.0,station
2025-06-06,22.2,23.3,18.3,20.8,22.9,22.5,23.4,18.2,20.6,23.4,21.5,2.03,-0.12,67,81,26.7,24.88,0.0,0.4267,-0.9044,22.7,26.0,26.0,station
2025-06-07,22.2,22.3,18.1,20.7,23.2,21.6,22.3,17.7,20.8,22.7,21.3,2.0,0.28,83,91,19.2,20.45,0.1,0.4111,-0.9116,21.5,25.0,25.0,station
2025-06-08,25.5,22.9,19.5,21.8,25.1,25.0,22.9,18.7,22.6,24.3,22.96,2.47,0.26,94,82,15.9,20.89,0.7,0.3953,-0.9185,23.2,26.0,26.0,station
2025-06-09,22.9,21.8,19.0,21.6,23.9,24.0,21.9,20.4,20.9,24.4,21.84,1.84,-0.48,90,91,14.2,21.4,0.3,0.3795,-0.9252,22.1,25.0,25.0,station
2025-06-10,21.5,21.0,18.1,21.1,21.6,21.7,21.2,18.2,21.0,21.2,20.66,1.45,0.0,85,92,27.2,17.59,2.6,0.3635,-0.9316,20.3,22.0,22.0,station
2025-06-11,23.6,23.1,18.6,21.3,24.3,24.0,23.0,19.8,22.3,25.7,22.18,2.29,-0.78,74,16,27.9,26.79,0.0,0.3474,-0.9377,21.7,25.0,25.0,station
2025-06-12,26.4,24.9,19.9,23.0,27.0,26.3,25.2,20.3,23.4,26.6,24.24,2.88,-0.12,74,62,21.3,26.31,0.0,0.3312,-0.9436,25.0,29.0,29.0,station
2025-06-13,23.6,22.0,19.1,21.0,23.6,24.8,22.6,19.5,21.8,24.1,21.86,1.9,-0.7,80,99,18.9,12.39,1.7,0.3149,-0.9491,22.6,24.0,24.0,station
2025-06-14,28.3,24.9,22.1,26.3,28.8,26.3,25.8,22.2,24.2,28.6,26.08,2.72,0.66,85,29,25.1,24.79,0.0,0.2986,-0.9544,24.5,28.0,28.0,station
2025-06-15,25.7,23.8,20.7,23.6,25.3,26.2,24.1,20.6,24.0,26.6,23.82,1.97,-0.48,87,79,26.2,20.61,4.6,0.2821,-0.9594,25.7,29.0,29.0,station
2025-06-16,23.5,23.9,19.5,21.5,22.5,23.3,24.0,19.6,21.8,22.0,22.18,1.76,0.04,95,58,31.0,15.97,5.2,0.2656,-0.9641,22.7,23.0,23.0,station
2025-06-17,23.3,23.7,19.8,21.4,24.0,22.9,24.1,19.1,22.1,24.2,22.44,1.79,-0.04,92,38,26.7,23.93,0.1,0.2489,-0.9685,22.7,26.0,26.0,station
2025-06-18,24.5,23.5,21.0,22.4,25.2,24.8,23.8,20.8,23.0,25.2,23.32,1.67,-0.2,90,71,11.9,23.23,0.0,0.2322,-0.9727,21.0,25.0,25.0,station
2025-06-19,28.5,27.3,22.9,25.7,27.4,26.1,26.3,21.5,25.6,26.8,26.36,2.18,1.1,79,81,19.9,23.44,1.2,0.2155,-0.9765,27.5,30.0,30.0,station
2025-06-20,22.9,23.8,20.6,23.1,23.1,23.1,23.2,20.7,22.6,22.6,22.7,1.22,0.26,96,100,48.5,2.3,58.7,0.1986,-0.9801,22.5,25.0,25.0,station
2025-06-21,21.8,21.5,19.7,21.3,22.9,24.2,23.7,19.8,23.9,23.4,21.44,1.15,-1.56,94,100,21.3,7.59,0.4,0.1818,-0.9833,21.1,22.0,22.0,station
2025-06-22,22.7,23.4,20.3,21.2,23.8,22.5,23.8,20.1,21.4,23.2,22.28,1.49,0.08,88,18,17.3,26.54,0.0,0.1648,-0.9863,21.7,24.0,24.0,station
2025-06-23,25.3,24.9,21.5,24.1,26.4,24.7,25.3,21.7,23.6,25.3,24.44,1.84,0.32,88,19,11.3,25.51,0.0,0.1478,-0.989,23.0,25.0,25.0,station
2025-06-24,26.8,25.6,23.9,26.1,25.8,27.0,26.3,22.7,26.7,28.8,25.64,1.07,-0.66,80,99,14.8,9.63,1.9,0.1308,-0.9914,26.6,27.0,27.0,station
2025-06-25,22.8,21.4,20.6,21.9,25.2,23.4,21.6,20.4,21.3,22.4,22.38,1.77,0.56,89,93,21.4,8.01,9.5,0.1137,-0.9935,23.4,21.0,21.0,station
2025-06-26,23.3,23.1,21.5,21.3,24.5,23.3,23.4,21.4,22.0,24.1,22.74,1.34,-0.1,91,89,14.5,21.21,0.1,0.0966,-0.9953,22.0,24.0,24.0,station
2025-06-27,26.9,24.1,21.9,22.9,25.6,25.3,24.2,22.1,22.2,24.8,24.28,2.01,0.56,88,81,9.4,17.16,1.1,0.0795,-0.9968,25.6,28.0,28.0,station
2025-06-28,25.5,24.3,21.2,23.3,24.7,24.2,24.0,20.8,22.8,24.4,23.8,1.66,0.56,98,98,19.6,12.79,15.0,0.0623,-0.9981,23.5,25.0,25.0,station
2025-06-29,25.4,25.0,21.9,23.9,25.0,24.7,25.2,21.8,23.8,25.6,24.24,1.42,0.02,98,80,21.7,18.37,0.6,0.0451,-0.999,24.5,30.0,30.0,station
2025-06-30,25.6,25.9,22.1,23.8,25.1,25.5,26.0,22.0,23.7,25.1,24.5,1.56,0.04,99,91,23.0,16.3,0.5,0.028,-0.9996,25.0,29.0,29.0,station
2025-07-01,25.3,26.4,22.5,23.9,26.6,24.6,26.4,22.4,23.8,25.8,24.94,1.74,0.34,99,66,20.4,19.73,1.4,0.0108,-0.9999,25.2,29.0,29.0,station
2025-07-02,25.1,26.0,21.7,23.7,25.7,25.1,26.1,22.2,23.9,25.2,24.44,1.77,-0.06,99,100,20.3,11.72,1.0,-0.0065,-1.0,24.9,28.0,28.0,station
2025-07-03,26.9,26.5,22.7,24.1,26.2,26.4,26.8,22.4,24.4,26.2,25.28,1.8,0.04,96,90,26.0,19.35,0.0,-0.0237,-0.9997,26.0,30.0,30.0,station
2025-07-04,26.2,26.2,22.2,24.8,25.2,25.9,26.2,22.3,24.1,26.0,24.92,1.64,0.02,93,72,24.2,15.17,2.0,-0.0408,-0.9992,26.1,29.0,29.0,station
2025-07-05,27.2,27.2,22.7,25.3,27.3,26.6,27.3,22.7,24.8,26.2,25.94,2.0,0.42,94,95,24.9,22.28,0.2,-0.058,-0.9983,26.4,30.0,30.0,station
2025-07-06,27.6,27.0,22.5,25.0,27.7,27.7,27.0,22.7,25.4,27.2,25.96,2.22,-0.04,96,96,20.7,20.46,0.2,-0.0752,-0.9972,26.7,30.0,30.0,station
2025-07-07,27.7,27.3,24.1,26.2,28.5,27.5,27.8,22.9,26.4,28.7,26.76,1.7,0.1,98,89,15.2,17.91,0.0,-0.0923,-0.9957,26.8,30.0,30.0,station
2025-07-08,32.6,31.2,26.9,31.9,31.6,32.9,30.8,27.6,31.6,32.6,30.84,2.26,-0.26,88,20,18.8,25.11,0.0,-0.1094,-0.994,32.0,35.0,35.0,station
2025-07-09,31.3,31.6,27.3,31.6,31.3,32.4,31.7,26.4,32.2,31.7,30.62,1.86,-0.26,79,15,19.9,23.35,1.0,-0.1265,-0.992,31.4,33.0,33.0,station
2025-07-10,34.1,32.9,26.5,32.3,31.2,34.2,32.6,26.8,31.4,31.1,31.4,2.93,0.18,58,25,25.5,25.89,0.0,-0.1436,-0.9896,32.9,34.0,34.0,station
2025-07-11,35.1,32.7,26.9,31.8,32.5,34.7,32.5,27.5,32.0,31.7,31.8,3.01,0.12,48,19,24.0,26.63,0.0,-0.1606,-0.987,34.3,34.0,34.0,station
2025-07-12,32.1,31.4,25.8,30.6,31.5,33.2,31.8,25.8,30.8,31.7,30.28,2.56,-0.38,57,32,20.9,26.81,0.0,-0.1775,-0.9841,31.6,32.0,32.0,station
2025-07-13,29.9,27.3,23.2,26.8,27.1,29.4,28.7,24.4,26.4,29.7,26.86,2.39,-0.86,84,95,12.0,10.14,0.3,-0.1944,-0.9809,26.5,27.0,27.0,station
2025-07-14,26.1,26.1,25.8,26.6,29.9,29.5,25.8,23.6,25.8,30.4,26.9,1.7,-0.12,83,63,27.9,14.0,9.0,-0.2113,-0.9774,27.2,28.0,28.0,station
2025-07-15,25.3,24.5,22.1,24.7,25.2,27.8,25.5,23.0,24.9,28.0,24.36,1.31,-1.48,87,94,17.4,9.24,20.3,-0.2281,-0.9736,24.6,24.0,24.0,station
2025-07-16,24.5,24.0,22.3,23.9,25.7,24.5,24.2,23.0,24.4,26.5,24.08,1.23,-0.44,91,98,44.4,5.85,67.9,-0.2448,-0.9696,24.4,24.0,24.0,station
2025-07-17,25.7,25.1,23.1,25.3,23.5,25.9,24.7,23.2,24.1,24.4,24.54,1.16,0.08,91,94,29.5,14.3,3.7,-0.2614,-0.9652,25.6,25.0,25.0,station
2025-07-18,24.0,25.1,23.2,24.3,23.8,26.6,26.2,23.3,25.8,26.3,24.08,0.7,-1.56,95,100,25.4,7.46,61.6,-0.278,-0.9606,25.5,27.0,27.0,station
2025-07-19,26.1,26.1,24.5,25.4,24.7,25.9,26.5,24.0,24.8,26.1,25.36,0.75,-0.1,94,87,26.7,12.78,21.1,-0.2945,-0.9557,25.9,27.0,27.0,station
2025-07-20,28.0,28.0,24.6,27.1,27.1,28.1,27.8,24.2,27.4,27.8,26.96,1.39,-0.1,93,64,25.9,23.09,45.2,-0.3109,-0.9505,27.5,31.0,31.0,station
2025-07-21,27.9,28.1,24.4,26.3,26.5,27.3,27.9,24.5,26.8,27.7,26.64,1.49,-0.2,92,56,20.1,23.12,0.8,-0.3272,-0.945,27.2,30.0,30.0,station
2025-07-22,27.9,28.6,24.9,26.6,28.2,27.8,28.4,24.9,26.3,27.8,27.24,1.51,0.2,97,89,15.2,22.38,2.4,-0.3434,-0.9392,27.0,30.0,30.0,station
2025-07-23,28.4,29.0,26.6,27.6,28.6,29.0,29.3,26.1,27.2,28.7,28.04,0.95,-0.02,93,68,11.5,21.65,0.1,-0.3595,-0.9332,27.6,30.0,30.0,station
2025-07-24,29.6,29.7,26.1,28.2,29.5,29.2,29.9,26.3,27.9,29.1,28.62,1.54,0.14,89,45,13.3,22.65,0.0,-0.3755,-0.9268,28.5,31.0,31.0,station
2025-07-25,31.6,30.7,27.7,30.6,32.0,31.9,30.8,27.9,30.7,31.4,30.52,1.68,-0.02,83,4,15.9,25.84,0.0,-0.3914,-0.9202,30.4,33.0,33.0,station
2025-07-26,31.4,31.7,27.9,30.7,32.5,31.5,31.7,27.8,30.6,32.5,30.84,1.77,0.02,83,51,15.5,24.62,0.0,-0.4071,-0.9134,30.1,33.0,33.0,station
2025-07-27,32.0,31.7,26.2,30.9,32.4,31.6,31.8,27.3,30.1,31.9,30.64,2.54,0.1,82,1,13.3,25.52,0.0,-0.4228,-0.9062,30.4,33.0,33.0,station
2025-07-28,31.0,30.6,26.6,29.1,32.7,31.1,30.4,26.5,29.7,33.0,30.0,2.29,-0.14,83,1,15.6,25.37,0.0,-0.4383,-0.8988,30.7,32.0,32.0,station
2025-07-29,32.3,32.0,27.3,30.9,32.4,31.9,31.6,27.7,30.0,31.6,30.98,2.14,0.42,81,21,13.7,25.6,0.0,-0.4537,-0.8912,31.1,33.0,33.0,station
2025-07-30,31.9,32.3,27.3,30.2,31.9,31.1,32.6,27.2,31.1,32.6,30.72,2.08,-0.2,83,99,14.5,15.29,0.4,-0.469,-0.8832,31.4,32.0,32.0,station
2025-07-31,31.0,30.6,26.5,30.0,29.3,33.0,32.1,27.0,31.3,30.2,29.48,1.79,-1.24,77,99,18.8,15.1,0.0,-0.4841,-0.875,30.0,32.0,32.0,station
2025-08-01,30.5,31.0,27.9,29.7,30.8,31.0,31.6,27.9,29.4,29.3,29.98,1.26,0.14,81,100,12.6,18.44,0.0,-0.4991,-0.8666,30.1,32.0,32.0,station
2025-08-02,30.1,30.8,26.7,29.1,30.6,30.9,30.9,27.3,29.2,30.2,29.46,1.68,-0.24,86,76,13.1,22.54,0.0,-0.5139,-0.8578,29.3,33.0,33.0,station
2025-08-03,32.2,29.1,25.9,28.9,29.7,31.2,29.8,26.8,29.2,28.8,29.16,2.25,0.0,82,91,25.6,13.36,3.0,-0.5286,-0.8489,30.6,31.0,31.0,station
2025-08-04,30.4,29.7,28.0,29.3,27.6,29.9,29.7,26.6,29.3,29.5,29.0,1.17,0.0,82,53,18.3,23.66,3.4,-0.5431,-0.8397,28.6,31.0,31.0,station
2025-08-05,28.1,28.8,26.3,28.4,29.5,28.3,29.1,26.2,27.6,27.2,28.22,1.19,0.54,87,40,12.3,24.14,0.0,-0.5575,-0.8302,27.8,30.0,30.0,station
2025-08-06,26.5,26.9,25.6,27.2,27.1,27.1,27.3,26.0,27.4,25.5,26.66,0.65,0.0,91,71,30.8,8.76,9.1,-0.5717,-0.8205,28.0,29.0,29.0,station
2025-08-07,28.1,28.6,26.2,28.1,29.5,28.5,29.0,26.2,27.9,28.4,28.1,1.21,0.1,81,14,20.7,24.75,0.0,-0.5857,-0.8105,28.0,29.0,29.0,station
2025-08-08,28.1,28.3,26.1,27.8,28.9,27.8,28.1,26.2,27.9,28.7,27.84,1.05,0.1,84,81,12.3,20.61,0.0,-0.5996,-0.8003,27.0,30.0,30.0,station
2025-08-09,25.4,25.8,25.4,26.3,27.8,26.3,26.2,25.6,26.8,28.5,26.14,1.0,-0.54,84,74,9.1,10.36,7.7,-0.6132,-0.7899,26.2,28.0,28.0,station
2025-08-10,28.6,29.1,25.8,29.9,30.0,29.3,29.7,26.3,29.8,30.6,28.68,1.71,-0.46,81,25,21.1,23.95,0.0,-0.6267,-0.7792,28.2,30.0,30.0,station
2025-08-11,26.9,26.5,25.7,27.7,28.1,29.6,28.1,26.0,28.4,28.5,26.98,0.95,-1.14,86,74,10.5,12.04,0.0,-0.64,-0.7683,26.8,29.0,29.0,station
2025-08-12,29.4,29.3,26.4,29.1,30.7,29.3,28.9,26.5,28.4,30.4,28.98,1.57,0.28,81,37,14.2,24.29,0.1,-0.6532,-0.7572,29.2,31.0,31.0,station
2025-08-13,27.1,27.1,26.0,26.8,26.5,27.6,26.9,25.9,27.1,25.9,26.7,0.46,0.02,92,98,36.1,5.04,67.6,-0.6661,-0.7459,26.9,28.0,28.0,station
2025-08-14,25.1,26.2,26.4,26.2,26.1,26.9,26.8,25.7,26.3,26.6,26.0,0.51,-0.46,91,86,27.3,10.47,36.7,-0.6788,-0.7343,26.6,26.0,26.0,station
2025-08-15,27.7,28.9,26.8,27.6,27.5,28.3,28.9,26.6,27.5,27.1,27.7,0.76,0.02,91,44,12.0,21.83,0.8,-0.6914,-0.7225,27.7,29.0,29.0,station
2025-08-16,28.3,28.9,26.0,27.8,29.0,28.5,28.9,26.2,27.7,28.3,28.0,1.22,0.08,93,74,16.1,20.75,2.7,-0.7037,-0.7105,27.6,30.0,30.0,station
2025-08-17,27.8,28.4,26.2,27.6,28.2,28.4,28.7,26.1,27.5,26.8,27.64,0.86,0.14,89,91,14.2,17.72,1.8,-0.7158,-0.6983,27.9,30.0,30.0,station
2025-08-18,28.6,28.9,26.3,27.8,28.9,28.5,29.1,26.1,28.2,27.2,28.1,1.1,0.28,91,77,23.1,21.07,3.0,-0.7277,-0.6859,28.5,31.0,31.0,station
2025-08-19,28.7,29.3,26.7,28.0,29.2,28.6,29.3,26.7,28.4,27.7,28.38,1.07,0.24,87,62,22.3,21.03,4.3,-0.7394,-0.6733,28.8,31.0,31.0,station
2025-08-20,28.8,29.6,27.0,28.3,29.0,28.8,29.4,27.1,28.1,27.8,28.54,0.98,0.3,88,69,19.6,20.53,2.2,-0.7509,-0.6605,28.7,31.0,31.0,station
2025-08-21,29.2,29.8,27.3,28.7,29.0,29.2,30.1,26.9,28.9,29.8,28.8,0.93,-0.18,91,82,13.7,21.33,4.6,-0.7621,-0.6474,29.0,31.0,31.0,station
2025-08-22,29.2,30.0,27.2,28.8,29.9,29.1,29.9,27.1,28.4,29.7,29.02,1.13,0.18,88,48,15.4,22.14,0.4,-0.7731,-0.6342,28.7,31.0,31.0,station
2025-08-23,29.9,30.5,27.5,29.2,30.0,29.7,30.6,27.4,29.1,29.9,29.42,1.17,0.08,89,10,13.4,21.23,0.9,-0.7839,-0.6208,29.4,31.0,31.0,station
2025-08-24,30.1,30.9,27.7,29.5,30.6,30.3,31.0,27.6,29.2,30.3,29.76,1.27,0.08,88,12,11.4,22.35,0.3,-0.7945,-0.6073,29.7,32.0,32.0,station
2025-08-25,29.9,30.2,27.2,28.2,29.4,28.4,30.2,27.1,28.4,30.2,28.98,1.25,0.12,88,40,29.2,20.48,9.0,-0.8048,-0.5935,30.3,33.0,33.0,station
2025-08-26,28.0,28.5,27.0,28.2,28.3,28.6,28.6,26.6,28.0,27.8,28.0,0.59,0.08,85,56,26.4,19.86,16.2,-0.8149,-0.5796,28.4,30.0,30.0,station
2025-08-27,28.0,28.8,26.3,27.8,28.4,27.9,29.0,25.9,27.7,28.8,27.86,0.95,0.0,78,82,11.0,19.79,0.0,-0.8248,-0.5655,27.7,30.0,30.0,station
2025-08-28,28.4,29.1,27.0,27.9,29.7,28.5,29.3,26.4,27.9,29.0,28.42,1.05,0.2,83,98,26.5,17.42,0.2,-0.8344,-0.5512,28.8,30.0,30.0,station
2025-08-29,28.8,29.2,27.2,28.4,30.4,29.0,29.6,27.5,28.7,29.9,28.8,1.17,-0.14,89,61,27.9,19.73,8.4,-0.8437,-0.5368,28.9,32.0,32.0,station
2025-08-30,28.7,29.4,27.2,28.3,28.4,29.1,29.5,27.2,28.2,29.8,28.4,0.8,-0.36,90,39,14.7,21.35,16.6,-0.8528,-0.5222,29.0,31.0,31.0,station
2025-08-31,28.3,29.1,27.0,28.0,30.1,27.5,28.4,26.9,28.4,30.4,28.5,1.17,0.18,89,52,21.8,16.84,15.5,-0.8617,-0.5074,28.0,31.0,31.0,station
2025-09-01,26.0,26.9,26.4,26.9,26.7,26.5,26.6,26.0,27.5,27.0,26.58,0.38,-0.14,87,75,27.4,13.15,21.8,-0.8703,-0.4925,27.0,29.0,29.0,station
2025-09-02,27.7,28.0,26.0,27.9,29.0,28.3,28.4,26.2,28.5,28.3,27.72,1.08,-0.22,80,21,11.7,21.78,0.0,-0.8786,-0.4775,26.9,29.0,29.0,station
2025-09-03,29.6,29.2,27.2,29.1,30.9,30.4,29.3,26.6,29.4,30.6,29.2,1.33,-0.06,80,85,13.0,20.43,0.0,-0.8867,-0.4623,29.3,31.0,31.0,station
2025-09-04,25.6,26.4,26.8,27.4,26.6,26.8,26.2,26.7,25.8,26.3,26.56,0.65,0.2,85,73,18.0,10.75,26.3,-0.8945,-0.447,28.5,29.0,29.0,station
2025-09-05,29.5,29.6,27.3,29.0,31.0,30.1,29.6,27.4,28.9,30.4,29.28,1.33,0.0,80,37,13.4,18.63,0.0,-0.9021,-0.4315,29.2,31.0,31.0,station
2025-09-06,27.8,27.8,27.0,27.5,27.8,27.8,27.9,27.1,27.8,28.5,27.58,0.35,-0.24,88,67,30.2,16.48,29.4,-0.9094,-0.4159,29.2,30.0,30.0,station
2025-09-07,25.4,26.4,25.9,26.6,26.2,26.0,26.8,25.5,26.5,27.3,26.1,0.47,-0.32,81,76,19.1,13.42,0.1,-0.9164,-0.4002,26.2,27.0,27.0,station
2025-09-08,26.2,26.0,25.4,26.5,26.1,26.3,26.0,25.6,27.2,26.7,26.04,0.4,-0.32,76,97,14.6,13.04,0.5,-0.9232,-0.3844,26.4,28.0,28.0,station
2025-09-09,27.0,26.9,25.4,25.6,25.8,26.7,26.2,26.3,26.0,25.8,26.14,0.75,-0.06,79,73,9.6,12.2,0.2,-0.9296,-0.3685,26.4,26.0,26.0,station
2025-09-10,29.1,28.4,26.6,29.4,29.6,28.8,28.8,26.7,29.7,28.9,28.62,1.22,0.04,71,8,14.8,21.89,0.0,-0.9358,-0.3524,28.8,31.0,31.0,station
2025-09-11,29.4,29.5,26.8,30.0,30.2,28.9,29.7,26.9,29.1,31.1,29.18,1.37,0.04,65,35,16.2,21.68,0.0,-0.9418,-0.3363,29.4,32.0,32.0,station
2025-09-12,26.9,25.6,25.9,25.4,28.2,24.6,25.0,25.6,25.8,28.6,26.4,1.16,0.48,77,100,21.2,7.58,9.1,-0.9474,-0.32,25.8,27.0,27.0,station
2025-09-13,28.1,25.6,25.5,25.5,25.2,26.8,25.5,25.1,26.1,23.0,25.98,1.19,0.68,81,84,24.1,15.9,46.3,-0.9528,-0.3037,26.6,27.0,27.0,station
2025-09-14,26.2,26.7,25.2,25.9,25.9,27.2,26.8,25.0,25.9,26.2,25.98,0.54,-0.24,81,53,11.8,19.04,0.0,-0.9579,-0.2873,26.0,28.0,28.0,station
2025-09-15,27.1,27.5,25.5,26.7,27.8,27.3,27.6,25.6,27.1,28.5,26.92,0.9,-0.3,84,72,9.8,18.48,0.0,-0.9627,-0.2707,26.7,29.0,29.0,station
2025-09-16,25.6,25.5,25.9,25.9,26.4,26.2,25.2,25.6,25.6,24.9,25.86,0.35,0.36,92,78,20.4,7.95,10.3,-0.9672,-0.2541,25.7,27.0,27.0,station
2025-09-17,23.7,23.9,25.8,24.8,24.6,24.2,24.1,25.1,25.7,23.7,24.56,0.83,0.0,86,79,26.1,6.79,27.4,-0.9714,-0.2375,23.9,25.0,25.0,station
2025-09-18,24.1,24.7,24.2,24.6,23.2,25.7,25.5,24.6,25.1,24.2,24.16,0.59,-0.86,78,76,18.8,15.47,2.2,-0.9753,-0.2207,25.1,27.0,27.0,station
2025-09-19,21.3,21.6,22.6,22.3,22.1,21.3,21.7,22.7,22.6,21.9,21.98,0.53,-0.06,81,100,21.0,4.19,24.0,-0.979,-0.2039,21.0,22.0,22.0,station
2025-09-20,22.6,22.5,22.1,23.0,22.2,23.3,22.9,21.7,22.8,21.8,22.48,0.36,-0.02,80,73,19.7,14.01,30.5,-0.9824,-0.187,22.9,24.0,24.0,station
2025-09-21,25.1,25.4,24.0,24.3,22.7,24.5,25.0,23.9,24.4,23.1,24.3,1.06,0.12,69,49,17.6,19.21,0.0,-0.9854,-0.1701,24.9,26.0,26.0,station
2025-09-22,21.7,23.3,23.8,23.0,22.4,21.8,23.6,23.7,22.5,22.4,22.84,0.81,0.04,70,99,16.7,9.39,0.0,-0.9882,-0.1531,23.4,25.0,25.0,station
2025-09-23,24.7,24.7,24.3,23.9,23.6,24.6,25.1,24.4,24.6,22.7,24.24,0.49,-0.04,65,94,19.2,11.51,0.0,-0.9907,-0.1361,24.3,26.0,26.0,station
2025-09-24,23.8,23.7,22.7,23.2,26.5,23.1,23.1,23.9,23.1,23.0,23.98,1.48,0.74,84,80,28.8,3.83,44.0,-0.9929,-0.1191,23.6,24.0,24.0,station
2025-09-25,24.5,24.3,23.2,24.0,23.6,24.3,24.5,23.0,25.0,22.6,23.92,0.53,0.04,81,44,14.9,17.33,0.2,-0.9948,-0.102,23.8,25.0,25.0,station
2025-09-26,23.9,24.8,23.7,24.6,25.8,23.7,24.8,23.8,24.6,25.5,24.56,0.83,0.08,86,43,14.5,18.29,0.0,-0.9964,-0.0848,23.8,25.0,25.0,station
2025-09-27,25.3,25.3,23.6,24.8,26.7,26.1,25.9,23.8,25.2,25.5,25.14,1.11,-0.16,82,86,13.4,16.05,0.0,-0.9977,-0.0677,25.6,27.0,27.0,station
2025-09-28,22.0,22.0,23.3,23.1,20.5,21.9,21.7,23.1,23.2,21.2,22.18,1.12,-0.04,82,87,20.1,8.93,17.0,-0.9987,-0.0505,22.3,22.0,22.0,station
2025-09-29,22.7,23.1,21.9,22.2,22.5,23.2,23.3,22.1,22.6,22.7,22.48,0.46,-0.3,75,60,15.9,15.03,0.0,-0.9994,-0.0333,21.6,23.0,23.0,station
2025-09-30,22.2,22.5,22.0,22.9,23.0,22.5,22.9,22.4,22.5,22.8,22.52,0.43,-0.1,80,69,8.9,9.4,0.4,-0.9999,-0.0161,21.7,23.0,23.0,station
2025-10-01,22.9,23.2,22.9,23.3,24.5,23.3,23.8,23.0,23.3,24.6,23.36,0.66,-0.24,79,59,15.7,15.17,1.4,-1.0,0.0011,23.4,24.0,24.0,station
2025-10-02,22.7,22.7,23.1,22.9,25.0,24.0,23.1,23.2,23.3,26.2,23.28,0.98,-0.68,87,100,12.7,13.14,0.0,-0.9998,0.0183,23.4,24.0,24.0,station
2025-10-03,23.7,22.6,22.9,22.5,24.0,26.1,23.2,23.3,23.1,26.0,23.14,0.67,-1.2,80,95,25.4,9.08,1.3,-0.9994,0.0355,23.8,23.0,23.0,station
2025-10-04,25.1,24.7,22.7,24.6,24.7,26.5,24.9,23.7,24.3,24.0,24.36,0.95,-0.32,82,94,13.9,8.6,0.0,-0.9986,0.0527,24.2,24.0,24.0,station
2025-10-05,23.9,22.7,22.6,23.0,24.8,23.5,23.4,23.3,23.2,26.2,23.4,0.94,-0.52,94,96,7.9,6.67,6.9,-0.9976,0.0698,22.9,23.0,23.0,station
2025-10-06,20.3,21.3,22.0,21.3,20.5,20.7,21.5,21.4,21.6,21.6,21.08,0.69,-0.28,92,100,30.5,2.79,25.6,-0.9962,0.087,20.4,21.0,21.0,station
2025-10-07,21.5,20.5,20.2,20.3,18.9,19.5,20.3,20.0,21.4,18.9,20.28,0.93,0.26,88,100,29.1,5.01,8.5,-0.9946,0.1041,21.2,19.0,19.0,station
2025-10-08,25.7,24.9,23.5,23.6,23.7,25.6,24.5,23.2,23.5,23.2,24.28,0.98,0.28,73,12,20.2,16.43,0.0,-0.9926,0.1212,25.3,26.0,26.0,station
2025-10-09,23.3,22.3,22.6,21.7,23.0,22.4,23.1,22.7,21.2,21.3,22.58,0.62,0.44,78,80,23.0,5.16,1.9,-0.9904,0.1383,21.4,23.0,23.0,station
2025-10-10,19.5,20.0,19.7,19.1,19.9,19.0,20.2,20.0,18.7,18.8,19.64,0.36,0.3,92,100,20.7,3.86,22.4,-0.9879,0.1553,20.6,19.0,19.0,station
2025-10-11,22.1,22.1,23.0,23.2,22.4,23.7,22.1,23.0,22.9,22.6,22.56,0.51,-0.3,93,82,34.1,8.97,25.7,-0.9851,0.1722,23.4,25.0,25.0,station
2025-10-12,22.2,21.4,21.2,20.5,21.7,22.6,21.8,21.3,19.6,21.1,21.4,0.63,0.12,86,85,17.4,10.41,1.9,-0.9819,0.1892,21.6,23.0,23.0,station
2025-10-13,18.6,19.7,20.3,19.8,17.9,18.4,19.6,20.2,19.1,18.0,19.26,0.98,0.2,88,100,26.2,2.19,14.6,-0.9785,0.206,18.7,20.0,20.0,station
2025-10-14,19.2,19.8,19.3,20.7,19.2,22.0,21.0,19.6,20.7,19.3,19.64,0.64,-0.88,78,100,22.7,6.88,0.4,-0.9749,0.2228,20.3,21.0,21.0,station
2025-10-15,23.2,22.9,21.8,21.3,22.1,24.6,22.3,21.4,21.2,22.1,22.26,0.78,-0.06,80,69,18.5,12.5,14.4,-0.9709,0.2396,24.0,24.0,24.0,station
2025-10-16,24.0,23.1,21.3,23.1,20.2,24.0,23.0,21.2,21.2,18.9,22.34,1.55,0.68,78,40,21.0,14.13,4.9,-0.9666,0.2562,23.7,24.0,24.0,station
2025-10-17,23.7,22.6,21.5,21.9,23.0,23.7,22.6,21.2,21.6,23.0,22.54,0.87,0.12,82,60,20.6,10.91,12.5,-0.9621,0.2728,23.2,24.0,24.0,station
2025-10-18,18.1,18.3,18.1,19.1,17.8,18.6,18.6,18.0,18.9,17.3,18.28,0.49,0.0,79,100,26.0,8.07,10.3,-0.9572,0.2893,17.8,18.0,18.0,station
2025-10-19,17.7,17.7,17.2,16.4,15.9,17.3,17.5,17.1,17.5,16.2,16.98,0.8,-0.14,71,65,31.9,10.51,0.0,-0.9521,0.3057,17.4,18.0,18.0,station
2025-10-20,13.3,14.2,12.4,13.3,13.0,12.8,13.7,12.6,11.4,12.4,13.24,0.65,0.66,55,64,29.6,13.19,0.0,-0.9467,0.3221,13.5,14.0,14.0,station
2025-10-21,13.1,14.0,12.7,13.3,13.5,12.7,14.2,12.7,13.0,12.4,13.32,0.48,0.32,54,77,22.6,11.93,0.0,-0.941,0.3383,13.0,13.0,13.0,station
2025-10-22,17.4,17.5,16.4,16.6,18.5,16.7,17.4,16.5,16.2,17.7,17.28,0.83,0.38,69,17,17.3,14.0,0.0,-0.9351,0.3545,17.5,19.0,19.0,station
2025-10-23,17.8,18.3,17.3,17.8,17.7,17.4,18.0,16.5,17.7,18.3,17.78,0.36,0.2,76,46,21.1,12.43,0.2,-0.9288,0.3705,18.4,19.0,19.0,station
2025-10-24,18.3,18.6,18.2,17.6,18.7,18.2,18.4,17.4,17.3,18.0,18.28,0.43,0.42,75,68,16.3,12.14,0.0,-0.9223,0.3864,18.5,19.0,19.0,station
2025-10-25,17.2,17.1,16.6,16.9,18.5,18.0,17.5,16.9,17.1,17.8,17.26,0.73,-0.2,70,88,16.7,13.52,0.0,-0.9155,0.4022,16.5,17.0,17.0,station
2025-10-26,14.0,15.9,15.9,15.4,16.5,16.0,16.3,15.8,17.0,17.5,15.54,0.94,-0.98,68,86,27.9,5.72,0.8,-0.9085,0.4179,15.2,15.0,15.0,station
2025-10-27,11.5,11.8,11.8,11.0,11.5,11.5,12.2,11.7,10.3,10.7,11.52,0.33,0.24,42,21,32.3,13.4,0.0,-0.9012,0.4335,11.7,12.0,12.0,station
2025-10-28,10.9,11.9,13.5,12.0,12.3,10.6,12.6,13.6,12.7,11.0,12.12,0.93,0.02,54,6,15.1,13.68,0.0,-0.8936,0.4489,11.6,12.0,12.0,station
2025-10-29,15.5,15.4,15.3,15.3,15.2,14.8,15.1,15.4,14.8,16.1,15.34,0.11,0.1,69,5,19.1,12.46,0.0,-0.8857,0.4642,15.3,16.0,16.0,station
2025-10-30,16.5,16.1,16.5,15.8,16.7,16.9,16.3,16.6,16.1,16.0,16.32,0.36,-0.06,73,83,14.8,11.48,0.0,-0.8776,0.4794,16.0,17.0,17.0,station
2025-10-31,16.6,17.2,16.2,16.0,18.1,17.4,15.8,16.4,15.9,18.8,16.82,0.85,-0.04,80,92,19.6,9.73,5.5,-0.8692,0.4944,17.1,18.0,18.0,station
2025-11-01,14.9,16.0,15.9,15.2,16.1,14.9,16.0,15.6,15.4,15.4,15.62,0.54,0.16,66,27,27.1,12.47,0.5,-0.8606,0.5093,15.4,16.0,16.0,station
2025-11-02,12.9,13.3,14.9,14.4,13.7,13.3,13.2,14.7,14.0,13.3,13.84,0.81,0.14,55,24,31.7,10.83,0.0,-0.8517,0.524,12.6,12.0,12.0,station
2025-11-03,9.7,11.0,11.5,10.1,11.1,9.2,11.0,11.2,10.5,10.9,10.68,0.75,0.12,56,0,20.3,13.11,0.0,-0.8426,0.5386,10.6,12.0,12.0,station
2025-11-04,13.3,13.0,12.8,12.5,13.6,12.7,13.2,12.8,12.4,14.1,13.04,0.43,0.0,71,19,12.4,12.51,0.0,-0.8332,0.553,12.9,14.0,14.0,station
2025-11-05,15.8,15.2,15.5,15.9,17.1,17.0,15.8,15.1,16.4,17.6,15.9,0.72,-0.48,72,36,13.1,12.46,0.0,-0.8235,0.5672,16.3,17.0,17.0,station
2025-11-06,17.3,17.1,16.6,16.5,19.2,17.1,16.6,16.5,17.3,17.5,17.34,1.09,0.34,79,67,15.1,11.62,0.0,-0.8137,0.5813,15.7,17.0,17.0,station
2025-11-07,17.3,16.9,17.0,16.9,18.4,18.2,17.7,17.5,17.0,17.7,17.3,0.64,-0.32,78,43,20.2,11.85,0.0,-0.8035,0.5952,16.7,18.0,18.0,station
2025-11-08,16.4,16.4,16.3,16.2,18.2,17.1,15.6,16.5,16.2,17.6,16.7,0.84,0.1,77,100,20.0,3.5,0.2,-0.7932,0.609,16.3,17.0,17.0,station
2025-11-09,15.1,15.7,14.6,14.9,16.4,15.4,15.8,15.7,14.8,16.0,15.34,0.72,-0.2,73,25,32.8,11.06,0.2,-0.7826,0.6225,15.0,16.0,16.0,station
2025-11-10,10.3,11.7,12.1,12.0,10.9,10.5,11.6,11.5,11.1,9.9,11.4,0.77,0.48,40,15,28.5,12.5,0.0,-0.7718,0.6359,11.8,12.0,12.0,station
2025-11-11,13.4,13.0,13.4,14.0,14.5,12.1,13.2,13.3,13.1,13.3,13.66,0.59,0.66,62,39,10.7,11.38,0.0,-0.7607,0.6491,12.4,13.0,13.0,station
2025-11-12,14.7,13.8,14.1,13.3,14.1,14.7,13.8,13.4,13.6,14.5,14.0,0.51,0.0,71,3,13.4,11.51,0.0,-0.7494,0.6621,13.8,15.0,15.0,station
2025-11-13,15.1,15.2,14.8,15.0,15.9,15.1,15.1,14.7,15.0,16.2,15.2,0.42,-0.02,71,40,23.3,10.97,0.0,-0.7379,0.6749,14.6,15.0,15.0,station
2025-11-14,12.3,13.0,13.1,12.6,13.0,11.7,13.1,12.7,12.3,11.8,12.8,0.34,0.48,60,1,18.2,11.71,0.0,-0.7262,0.6875,12.6,13.0,13.0,station
2025-11-15,13.6,13.7,13.4,12.9,13.8,13.4,14.0,13.2,13.9,13.3,13.48,0.36,-0.08,60,44,10.2,11.31,0.0,-0.7143,0.6998,13.8,15.0,15.0,station
2025-11-16,16.0,15.7,15.3,15.3,16.2,15.9,15.3,15.3,15.7,15.7,15.7,0.41,0.12,70,37,29.0,10.7,0.4,-0.7021,0.712,15.7,17.0,17.0,station
2025-11-17,7.7,9.9,8.0,8.5,9.0,8.4,9.5,7.3,8.1,8.9,8.62,0.87,0.18,42,82,31.8,9.24,0.0,-0.6898,0.724,10.0,9.0,9.0,station
2025-11-18,4.7,5.6,7.0,5.9,5.6,5.6,5.4,7.1,4.7,5.5,5.76,0.83,0.1,51,54,22.7,9.05,0.0,-0.6772,0.7358,4.6,5.0,5.0,station
2025-11-19,6.8,7.4,8.8,8.4,6.3,6.4,6.9,8.5,8.2,5.7,7.54,1.05,0.4,58,0,17.1,10.95,0.0,-0.6645,0.7473,6.3,7.0,7.0,station
2025-11-20,13.7,13.1,12.4,12.7,14.4,13.6,13.2,12.5,12.6,14.1,13.26,0.8,0.06,60,37,31.7,8.81,0.0,-0.6515,0.7586,13.0,14.0,14.0,station
2025-11-21,12.4,12.3,12.1,12.1,11.8,11.8,12.3,12.1,11.5,11.0,12.14,0.23,0.4,57,27,26.9,8.94,0.0,-0.6384,0.7697,11.4,12.0,12.0,station
2025-11-22,13.3,13.3,13.0,13.1,14.1,13.3,13.1,12.6,12.5,13.9,13.36,0.43,0.28,65,30,19.5,9.98,0.0,-0.625,0.7806,13.3,14.0,14.0,station
2025-11-23,15.2,14.3,14.1,14.0,14.7,15.1,14.4,14.1,13.9,15.2,14.46,0.49,-0.08,73,95,24.3,7.58,0.1,-0.6115,0.7912,14.9,15.0,15.0,station
2025-11-24,14.5,14.1,14.2,14.0,16.6,14.5,14.3,14.1,13.5,16.2,14.68,1.09,0.16,85,32,20.1,9.2,6.9,-0.5978,0.8016,14.2,15.0,15.0,station
2025-11-25,9.2,10.1,13.1,11.7,10.1,9.2,10.0,12.8,11.9,10.7,10.84,1.55,-0.08,76,73,34.8,7.66,4.3,-0.584,0.8118,10.0,11.0,11.0,station
2025-11-26,8.6,8.9,10.1,9.9,9.0,8.4,8.9,9.0,8.9,8.6,9.3,0.66,0.54,66,66,11.8,6.22,0.1,-0.5699,0.8217,9.1,10.0,10.0,station
2025-11-27,9.4,9.2,12.0,10.2,9.3,8.8,8.5,11.7,10.0,8.4,10.02,1.18,0.54,77,72,37.5,5.09,13.3,-0.5557,0.8314,9.2,10.0,10.0,station
2025-11-28,5.5,5.9,7.5,5.6,4.8,5.4,6.2,8.9,6.3,3.9,5.86,1.0,-0.28,54,5,31.0,10.28,0.0,-0.5413,0.8408,5.2,6.0,6.0,station
2025-11-29,12.7,12.1,13.5,13.5,14.1,12.5,11.8,13.5,13.6,13.7,13.18,0.78,0.16,70,41,28.5,6.48,0.3,-0.5268,0.85,12.9,14.0,14.0,station
2025-11-30,14.1,14.1,13.5,13.7,15.5,12.0,13.9,13.0,13.1,14.1,14.18,0.78,0.96,90,45,25.2,8.23,0.1,-0.5121,0.859,14.0,15.0,15.0,station
2025-12-01,10.0,10.5,11.4,11.3,10.7,10.1,10.3,10.9,12.2,12.2,10.78,0.58,-0.36,63,15,29.4,10.23,0.0,-0.4972,0.8676,10.4,11.0,11.0,station
2025-12-02,2.1,4.0,5.1,5.2,0.3,1.9,4.3,6.1,4.2,0.4,3.34,2.11,-0.04,49,35,26.9,9.73,0.0,-0.4822,0.8761,3.1,4.0,4.0,station
2025-12-03,-3.2,-3.1,-0.2,-2.9,-4.2,-3.1,-2.6,-0.0,-3.5,-4.6,-2.72,1.5,0.04,47,38,30.2,7.77,0.0,-0.4671,0.8842,-3.3,-4.0,-4.0,station
2025-12-04,4.4,2.8,6.8,6.9,6.7,5.1,2.1,7.5,6.1,4.9,5.52,1.84,0.38,59,42,37.7,8.48,1.0,-0.4518,0.8921,6.4,4.0,4.0,station
2025-12-05,2.0,1.8,5.3,4.0,2.8,2.6,2.5,5.8,3.7,2.6,3.18,1.47,-0.26,58,21,27.1,10.23,0.0,-0.4364,0.8998,2.0,2.0,2.0,station
2025-12-06,10.2,8.3,11.3,10.8,10.6,10.8,8.8,11.4,11.2,10.9,10.24,1.15,-0.38,79,69,38.7,4.98,4.6,-0.4208,0.9071,10.1,11.0,11.0,station
2025-12-07,12.3,11.3,11.7,11.8,13.7,11.3,11.1,11.5,11.0,13.3,12.16,0.93,0.52,80,40,26.0,9.41,2.5,-0.4052,0.9142,12.0,13.0,13.0,station
2025-12-08,5.1,7.0,8.7,8.3,5.5,5.9,6.2,8.1,7.7,4.3,6.92,1.61,0.48,53,4,22.6,10.02,0.0,-0.3894,0.9211,6.3,7.0,7.0,station
2025-12-09,7.7,7.5,7.8,7.4,8.2,6.2,7.0,7.8,7.1,5.2,7.72,0.31,1.06,67,30,15.6,8.19,0.0,-0.3735,0.9276,6.5,8.0,8.0,station
2025-12-10,11.2,9.8,10.5,10.2,10.7,11.1,10.2,10.2,10.2,10.6,10.48,0.53,0.02,78,60,22.8,7.46,1.1,-0.3575,0.9339,10.3,11.0,11.0,station
2025-12-11,7.7,7.5,11.0,9.1,8.5,7.5,7.0,10.2,9.6,8.2,8.76,1.41,0.26,67,34,32.4,9.02,11.5,-0.3413,0.9399,7.5,8.0,8.0,station
2025-12-12,4.8,5.8,6.6,5.1,5.6,3.8,4.5,6.0,3.4,3.8,5.58,0.69,1.28,55,72,22.1,8.62,0.0,-0.3251,0.9457,4.9,5.0,5.0,station
2025-12-13,3.1,4.0,6.7,4.8,4.3,2.4,3.9,6.9,5.5,4.8,4.58,1.34,-0.12,86,95,18.7,1.47,7.7,-0.3088,0.9511,4.6,5.0,5.0,station
2025-12-14,2.6,3.1,4.3,3.2,2.9,1.4,3.0,4.6,2.2,2.5,3.22,0.65,0.48,66,58,28.0,8.49,0.0,-0.2924,0.9563,3.2,3.0,3.0,station
2025-12-15,6.0,6.3,8.1,7.9,6.2,5.8,6.4,8.4,7.5,7.1,6.9,1.01,-0.14,72,80,16.8,5.07,0.0,-0.2759,0.9612,4.9,5.0,5.0,station
2025-12-16,8.3,8.2,9.5,9.0,8.2,9.7,8.4,9.6,8.9,10.2,8.64,0.59,-0.72,90,83,15.1,2.75,1.6,-0.2593,0.9658,7.6,7.0,7.0,station
2025-12-17,5.3,5.8,8.2,5.6,7.3,6.5,5.7,7.2,5.0,7.1,6.44,1.25,0.14,76,23,17.6,9.5,0.0,-0.2427,0.9701,5.4,6.0,6.0,station
2025-12-18,5.2,5.3,6.6,5.6,5.0,5.1,5.2,6.6,5.2,5.8,5.54,0.63,-0.04,68,13,12.0,9.14,0.0,-0.226,0.9741,4.8,7.0,7.0,station
2025-12-19,10.6,8.5,8.9,9.2,10.6,10.9,8.5,9.7,8.5,10.4,9.56,0.98,-0.04,74,39,18.3,8.07,0.0,-0.2092,0.9779,8.5,11.0,11.0,station
2025-12-20,9.7,8.9,10.3,9.4,11.9,9.8,8.9,10.5,8.9,11.4,10.04,1.16,0.14,82,97,29.1,2.83,2.5,-0.1923,0.9813,10.3,11.0,11.0,station
2025-12-21,0.7,2.6,3.6,1.3,0.2,0.6,2.1,4.1,1.0,0.3,1.68,1.4,0.06,45,39,30.6,9.64,0.0,-0.1754,0.9845,1.6,1.0,1.0,station
2025-12-22,1.8,2.3,3.8,2.4,0.9,2.6,2.8,4.1,2.0,0.4,2.24,1.05,-0.14,53,41,15.4,9.14,0.0,-0.1585,0.9874,2.3,3.0,3.0,station
2025-12-23,3.4,3.1,5.6,4.3,3.0,6.4,3.2,6.1,5.7,6.6,3.88,1.09,-1.72,75,96,18.1,1.0,12.9,-0.1414,0.9899,3.3,6.0,6.0,station
2025-12-24,2.7,3.1,4.5,3.7,2.9,4.1,3.3,4.7,3.9,5.1,3.38,0.73,-0.84,82,44,19.2,8.57,0.0,-0.1244,0.9922,3.8,4.0,4.0,station
2025-12-25,-1.7,0.0,2.3,0.5,-2.2,-1.5,-0.0,3.2,-0.0,-3.6,-0.22,1.8,0.16,58,4,35.5,9.58,0.0,-0.1073,0.9942,-0.6,0.0,0.0,station
2025-12-26,-4.9,-4.6,-2.7,-3.7,-6.3,-5.4,-4.6,-3.3,-5.2,-7.1,-4.44,1.35,0.68,44,7,31.6,10.0,0.0,-0.0902,0.9959,-5.0,-5.0,-5.0,station
2025-12-27,3.5,2.7,5.7,2.0,1.9,2.8,2.1,5.6,1.9,1.5,3.16,1.56,0.38,62,63,16.2,6.8,0.0,-0.073,0.9973,2.4,1.0,1.0,station
2025-12-28,6.0,6.2,8.0,6.4,6.3,7.1,6.3,8.2,6.3,7.7,6.58,0.81,-0.54,89,49,19.5,6.43,1.1,-0.0559,0.9984,5.9,7.0,7.0,station
2025-12-29,6.9,7.7,8.1,7.8,9.0,6.7,7.4,8.4,7.3,7.1,7.9,0.76,0.52,79,16,24.7,9.07,2.0,-0.0387,0.9993,7.4,8.0,8.0,station
2025-12-30,1.3,2.1,2.9,0.9,1.6,1.4,2.3,2.9,0.7,1.1,1.76,0.77,0.08,43,24,20.1,9.81,0.0,-0.0215,0.9998,2.2,3.0,3.0,station
2025-12-31,-4.2,-2.3,-1.4,-2.6,-3.2,-3.8,-2.0,-2.4,-3.3,-3.8,-2.74,1.04,0.32,42,5,28.1,10.1,0.0,-0.0043,1.0,-1.2,,,
2026-01-01,-4.2,-3.7,-2.5,-3.9,-5.2,-3.9,-3.4,-2.5,-5.0,-5.7,-3.9,0.97,0.2,40,32,28.5,9.89,0.0,0.0172,0.9999,-4.1,-4.0,-4.0,station
2026-01-02,-3.6,-3.9,-2.2,-4.0,-5.3,-4.3,-3.5,-1.6,-4.2,-5.7,-3.8,1.11,0.06,51,10,27.1,9.46,0.0,0.0344,0.9994,-4.7,-4.0,-4.0,station
2026-01-03,0.9,0.3,3.0,1.5,1.0,1.2,0.5,4.5,1.5,-0.6,1.34,1.02,-0.08,65,56,13.2,6.25,0.0,0.0516,0.9987,0.2,0.0,0.0,station
2026-01-04,1.9,2.4,3.5,2.5,1.7,2.1,2.2,3.9,2.2,1.0,2.4,0.7,0.12,73,83,15.6,8.91,0.0,0.0688,0.9976,1.8,3.0,3.0,station
2026-01-05,0.3,1.4,2.8,0.7,-0.6,0.7,1.6,2.7,1.7,0.4,0.92,1.28,-0.5,51,13,22.8,10.37,0.0,0.0859,0.9963,0.3,1.0,1.0,station
2026-01-06,3.3,3.4,5.9,4.4,2.6,3.0,3.1,5.9,4.4,1.5,3.92,1.28,0.34,60,24,18.0,9.5,0.0,0.103,0.9947,4.1,4.0,4.0,station
2026-01-07,4.0,3.5,5.8,4.5,3.1,4.0,3.2,5.9,4.6,3.4,4.18,1.05,-0.04,57,11,29.1,10.37,0.1,0.1201,0.9928,3.6,5.0,5.0,station
2026-01-08,-2.4,-1.9,0.2,-0.5,-2.2,-2.4,-1.6,0.8,-1.1,-2.4,-1.36,1.15,-0.02,42,2,29.1,10.6,0.0,0.1372,0.9905,-1.8,-2.0,-2.0,station
2026-01-09,6.7,5.4,7.1,6.7,6.3,6.8,5.0,7.0,6.4,6.2,6.44,0.65,0.16,67,61,32.8,5.49,0.2,0.1542,0.988,6.2,7.0,7.0,station
2026-01-10,6.5,6.0,8.1,7.5,5.8,6.1,5.8,7.9,7.2,6.0,6.78,0.99,0.18,69,48,50.9,9.15,3.2,0.1712,0.9852,6.3,8.0,8.0,station
2026-01-11,-4.2,-3.9,-2.1,-4.2,-4.3,-5.2,-3.6,-2.3,-4.8,-5.1,-3.74,0.93,0.46,45,14,33.8,10.5,0.0,0.1881,0.9821,-4.0,-4.0,-4.0,station
2026-01-12,4.9,3.3,6.1,5.1,4.4,4.7,3.0,6.1,5.3,3.9,4.76,1.02,0.16,68,81,25.9,2.98,5.0,0.205,0.9788,4.4,3.0,3.0,station
2026-01-13,3.2,2.1,5.2,5.3,4.2,2.6,1.9,4.9,5.1,3.2,4.0,1.36,0.46,56,8,33.1,11.03,0.0,0.2218,0.9751,3.1,3.0,3.0,station
2026-01-14,1.8,1.5,3.1,1.6,1.4,2.0,1.1,2.4,0.3,0.3,1.88,0.7,0.66,48,39,19.2,10.49,0.0,0.2385,0.9711,0.9,2.0,2.0,station
2026-01-15,6.9,6.0,7.0,6.2,9.6,6.0,5.8,7.3,5.5,8.9,7.14,1.44,0.44,83,41,18.5,8.67,0.1,0.2552,0.9669,6.4,9.0,9.0,station
2026-01-16,3.8,4.6,4.8,5.7,6.7,4.1,5.2,4.4,4.8,7.0,5.12,1.11,0.02,89,59,17.4,8.74,0.0,0.2718,0.9624,5.1,6.0,6.0,station
2026-01-17,0.2,1.1,3.5,2.0,1.0,-0.2,1.0,1.8,1.0,0.8,1.56,1.26,0.68,62,3,24.5,11.17,0.0,0.2883,0.9575,1.7,2.0,2.0,station
2026-01-18,2.7,1.7,4.1,2.0,3.7,3.7,2.0,2.5,1.8,3.9,2.84,1.04,0.06,61,81,16.7,3.51,0.6,0.3047,0.9524,1.9,2.0,2.0,station
2026-01-19,-1.1,0.2,1.0,0.2,-1.4,-1.0,0.0,1.7,-0.2,0.9,-0.22,1.0,-0.5,57,75,36.4,10.66,1.7,0.3211,0.9471,-1.1,0.0,0.0,station
2026-01-20,-4.4,-4.4,-4.2,-6.2,-6.6,-5.0,-4.3,-4.0,-5.8,-5.8,-5.16,1.14,-0.18,46,45,31.6,11.82,0.0,0.3373,0.9414,-6.1,-6.0,-6.0,station
2026-01-21,-6.1,-6.1,-5.1,-6.7,-7.3,-6.1,-5.6,-4.7,-6.6,-7.7,-6.26,0.82,-0.12,55,19,28.6,11.74,0.0,0.3534,0.9355,-6.5,-6.0,-6.0,station
2026-01-22,-4.9,-5.1,-2.9,-5.3,-4.8,-5.5,-5.4,-3.4,-6.1,-6.0,-4.6,0.97,0.68,51,9,27.8,11.83,0.0,0.3695,0.9292,-5.2,-5.0,-5.0,station
2026-01-23,-2.0,-0.9,2.0,1.1,-1.1,-2.1,-1.2,1.9,-0.4,-2.7,-0.18,1.66,0.72,57,47,19.4,9.27,0.6,0.3854,0.9227,0.0,-1.0,-1.0,station
2026-01-24,-2.6,-2.2,-1.1,-0.1,-2.0,-2.3,-2.2,-1.2,-2.2,-2.7,-1.6,1.0,0.52,51,3,28.4,12.07,0.0,0.4012,0.916,-1.4,-2.0,-2.0,station
2026-01-25,-3.7,-2.9,-2.8,-2.6,-3.9,-4.0,-3.4,-2.7,-4.2,-4.0,-3.18,0.58,0.48,44,9,24.3,12.33,0.0,0.4169,0.9089,-3.7,-3.0,-3.0,station
2026-01-26,-1.6,-2.1,0.8,-0.5,-3.1,-1.4,-1.6,1.2,-0.4,-3.8,-1.3,1.5,-0.1,63,83,21.0,7.32,0.0,0.4325,0.9016,-0.5,-1.0,-1.0,station
2026-01-27,-2.1,-1.7,-0.1,-0.9,-2.2,-2.0,-1.6,0.6,-0.3,-2.9,-1.4,0.89,-0.16,49,23,24.4,12.3,0.0,0.4479,0.8941,-1.8,-2.0,-2.0,station
2026-01-28,-2.0,-1.5,-1.7,-1.7,-2.4,-2.4,-1.9,-1.6,-2.5,-2.7,-1.86,0.35,0.36,41,1,25.6,12.24,0.0,0.4633,0.8862,-2.3,-2.0,-2.0,station
2026-01-29,-2.2,-1.6,-1.9,-2.0,-2.6,-2.3,-1.8,-1.7,-3.0,-3.1,-2.06,0.37,0.32,48,29,29.5,12.46,0.0,0.4784,0.8781,-2.0,-2.0,-2.0,station
2026-01-30,-2.9,-3.2,-2.7,-3.5,-4.6,-2.9,-3.2,-2.9,-3.8,-5.1,-3.38,0.75,0.2,41,58,24.9,11.48,0.0,0.4935,0.8698,-3.3,-4.0,-4.0,station
2026-01-31,-0.8,-0.8,0.4,0.0,-0.5,-0.3,-0.7,0.7,-0.6,-1.7,-0.34,0.53,0.18,53,33,19.6,12.53,0.0,0.5084,0.8611,-0.3,-1.0,-1.0,station
2026-02-01,0.4,0.1,1.8,0.5,-0.1,0.4,0.5,2.8,-0.5,0.3,0.54,0.74,-0.16,58,36,15.6,12.54,1.3,0.5231,0.8523,-0.8,0.0,0.0,station
2026-02-02,0.6,-0.5,2.7,0.4,-0.4,0.1,-0.7,3.0,-0.7,-0.2,0.56,1.29,0.26,63,27,21.8,12.97,0.7,0.5377,0.8432,-0.7,0.0,0.0,station
2026-02-03,2.0,2.0,3.0,2.4,3.0,0.9,2.2,3.1,1.2,2.6,2.48,0.5,0.48,66,21,14.1,12.15,0.0,0.5521,0.8338,1.4,3.0,3.0,station
2026-02-04,6.3,4.7,4.5,4.7,6.2,6.1,4.3,4.4,4.8,6.0,5.28,0.89,0.16,83,60,19.7,8.68,0.0,0.5664,0.8242,5.2,7.0,7.0,station
2026-02-05,6.6,5.4,4.7,5.3,8.1,5.9,5.5,4.6,5.4,8.6,6.02,1.35,0.02,82,72,32.3,10.08,0.1,0.5805,0.8143,6.4,9.0,9.0,station
2026-02-06,-5.1,-3.0,-4.0,-3.9,-4.7,-4.8,-2.6,-4.0,-4.2,-4.9,-4.14,0.81,-0.04,35,83,34.4,13.49,0.0,0.5944,0.8042,-4.0,-4.0,-4.0,station
2026-02-07,-5.0,-5.2,-4.8,-5.5,-5.0,-5.3,-5.2,-4.4,-4.9,-5.6,-5.1,0.26,-0.02,38,23,31.0,13.95,0.0,0.6081,0.7938,-5.3,-5.0,-5.0,station
2026-02-08,-3.6,-4.4,-3.0,-4.0,-4.1,-3.2,-4.2,-2.5,-4.5,-4.2,-3.82,0.54,-0.1,42,0,30.9,14.13,0.0,0.6217,0.7833,-4.4,-4.0,-4.0,station
2026-02-09,2.3,0.8,2.4,1.3,3.8,2.2,1.2,2.8,1.0,3.4,2.12,1.16,0.0,62,24,14.3,12.72,0.0,0.6351,0.7725,0.0,2.0,2.0,station
2026-02-10,3.6,2.9,3.4,1.4,2.3,3.6,3.1,3.3,3.6,3.2,2.72,0.89,-0.64,81,91,16.9,5.86,0.4,0.6483,0.7614,3.4,3.0,3.0,station
2026-02-11,3.1,2.8,3.6,2.9,5.6,4.2,3.1,3.2,2.7,4.7,3.6,1.16,0.02,89,60,21.3,9.44,0.0,0.6613,0.7502,3.1,4.0,4.0,station
2026-02-12,5.8,5.3,4.1,4.6,6.8,5.6,4.9,4.0,4.6,5.8,5.32,1.05,0.34,83,7,20.0,13.62,0.0,0.6741,0.7387,5.1,7.0,7.0,station
2026-02-13,7.8,6.5,4.7,6.4,8.4,7.8,6.7,4.6,6.3,8.6,6.76,1.43,-0.04,92,49,17.3,12.63,0.0,0.6867,0.727,7.0,9.0,9.0,station
2026-02-14,7.1,5.9,5.1,7.1,7.5,8.1,6.4,5.2,7.7,8.9,6.54,1.0,-0.72,93,99,12.3,6.17,0.0,0.6991,0.715,8.3,11.0,11.0,station
2026-02-15,6.3,6.5,4.4,6.1,8.4,6.0,6.2,4.2,4.8,8.4,6.34,1.42,0.42,75,65,27.0,14.08,0.0,0.7113,0.7029,6.6,8.0,8.0,station
2026-02-16,5.0,3.7,3.6,3.4,5.5,4.1,3.5,3.5,3.0,4.6,4.24,0.94,0.5,54,57,22.4,15.09,0.0,0.7233,0.6906,4.5,5.0,5.0,station
2026-02-17,3.3,3.5,3.5,2.7,3.9,3.1,3.3,3.4,2.3,3.6,3.38,0.44,0.24,69,8,20.3,15.36,0.0,0.735,0.678,2.6,4.0,4.0,station
2026-02-18,4.5,4.5,4.5,4.1,5.6,3.7,4.4,3.9,4.1,4.1,4.64,0.56,0.6,62,0,25.5,15.45,0.0,0.7466,0.6653,4.4,6.0,6.0,station
2026-02-19,3.5,3.9,3.4,3.2,4.0,3.2,4.0,3.5,2.7,3.6,3.6,0.34,0.2,75,1,14.8,15.38,0.0,0.7579,0.6523,3.1,5.0,5.0,station
2026-02-20,9.1,7.9,5.8,7.1,9.4,9.0,7.9,5.7,6.9,9.4,7.86,1.48,0.08,82,0,23.2,15.11,0.0,0.769,0.6392,8.0,11.0,11.0,station
2026-02-21,11.5,10.9,7.5,10.2,11.7,11.5,10.8,7.5,10.1,11.7,10.36,1.7,0.04,80,26,37.3,15.17,0.0,0.7799,0.6259,10.7,15.0,15.0,station
2026-02-22,7.7,9.0,8.0,9.3,9.8,7.7,8.9,8.0,8.9,8.7,8.76,0.88,0.32,64,39,39.9,15.51,0.1,0.7906,0.6124,7.8,12.0,12.0,station
2026-02-23,2.0,3.7,3.3,2.3,3.7,1.5,2.7,2.8,1.4,3.6,3.0,0.8,0.6,35,53,23.3,14.91,0.0,0.801,0.5987,3.0,4.0,4.0,station
2026-02-24,5.5,3.5,5.3,3.7,3.8,5.5,3.3,4.3,4.7,3.0,4.36,0.96,0.2,42,73,13.4,6.31,1.2,0.8112,0.5848,4.8,5.0,5.0,station
2026-02-25,11.1,9.4,6.7,11.3,10.9,12.1,9.6,7.3,9.9,11.7,9.88,1.93,-0.24,49,0,14.0,16.52,0.0,0.8211,0.5708,9.8,10.0,10.0,station
2026-02-26,9.8,8.9,6.1,8.8,10.9,10.3,8.7,6.2,9.1,10.3,8.9,1.78,-0.02,61,74,23.2,11.57,0.0,0.8308,0.5566,10.7,11.0,11.0,station
2026-02-27,13.0,10.4,7.2,10.9,12.1,12.5,10.0,7.3,11.0,11.7,10.72,2.22,0.22,62,51,19.5,15.12,0.0,0.8402,0.5422,13.1,13.0,13.0,station
2026-02-28,11.9,10.0,7.4,11.3,11.9,11.9,10.0,7.1,11.6,12.0,10.5,1.9,-0.02,66,19,18.0,16.55,0.0,0.8495,0.5277,11.1,12.0,12.0,station
2026-03-01,9.0,8.5,7.2,8.0,10.0,11.3,9.4,7.0,8.5,9.9,8.54,1.05,-0.68,67,98,23.8,9.06,0.6,0.8584,0.513,11.9,12.0,12.0,station
2026-03-02,4.9,6.4,6.0,5.9,5.4,5.8,7.0,6.4,5.9,5.4,5.72,0.58,-0.38,88,100,29.6,2.19,13.8,0.8671,0.4981,6.3,6.0,6.0,station
2026-03-03,10.1,8.4,6.8,8.4,8.7,8.5,8.1,6.8,8.6,8.3,8.48,1.17,0.42,71,73,25.5,13.51,0.9,0.8755,0.4831,9.9,10.0,10.0,station
2026-03-04,6.7,7.3,5.4,6.4,7.8,6.8,7.6,5.1,6.2,7.9,6.72,0.91,0.0,79,31,20.0,16.78,0.0,0.8837,0.468,6.7,8.0,8.0,station
2026-03-05,8.8,8.1,5.8,6.9,8.9,7.6,7.4,5.5,6.8,9.3,7.7,1.33,0.38,76,88,19.2,10.13,4.3,0.8916,0.4527,7.9,10.0,10.0,station
2026-03-06,4.2,3.7,3.3,3.8,4.2,4.0,3.7,3.7,4.3,3.6,3.84,0.38,-0.02,75,67,29.8,9.74,0.2,0.8993,0.4373,3.6,5.0,5.0,station
2026-03-07,3.9,3.5,2.9,2.9,4.0,3.6,3.8,2.8,3.4,3.7,3.44,0.53,-0.02,49,5,25.5,18.45,0.0,0.9067,0.4218,3.5,4.0,4.0,station
2026-03-08,4.0,4.2,3.9,4.1,4.6,4.2,3.8,4.1,3.7,4.2,4.16,0.27,0.16,61,26,17.2,17.42,0.0,0.9138,0.4061,3.2,4.0,4.0,station
2026-03-09,7.1,6.0,5.3,5.9,7.9,7.1,6.1,5.2,5.6,8.1,6.44,1.04,0.02,68,47,23.5,15.37,0.3,0.9207,0.3904,6.1,8.0,8.0,station
2026-03-10,6.0,5.6,4.4,4.9,6.8,5.8,5.3,4.4,4.3,6.5,5.54,0.94,0.28,66,21,13.6,18.47,0.0,0.9272,0.3745,5.7,7.0,7.0,station
2026-03-11,6.7,6.5,5.0,5.4,7.6,6.0,6.4,4.9,4.8,5.1,6.24,1.05,0.8,75,52,17.5,12.37,0.0,0.9335,0.3585,6.0,6.0,6.0,station
2026-03-12,10.1,9.1,6.9,10.4,11.3,10.9,9.3,7.8,9.6,11.8,9.56,1.68,-0.32,77,2,20.4,17.57,0.1,0.9396,0.3424,9.8,11.0,11.0,station
2026-03-13,9.9,8.8,6.7,9.2,10.7,10.3,8.7,6.6,9.3,11.0,9.06,1.5,-0.12,65,24,20.5,18.63,0.0,0.9453,0.3261,9.6,11.0,11.0,station
2026-03-14,8.4,8.1,6.1,7.2,8.7,7.9,7.7,5.9,7.0,9.2,7.7,1.06,0.16,66,85,14.1,13.86,0.0,0.9508,0.3098,8.3,10.0,10.0,station
2026-03-15,8.3,7.2,6.0,7.2,9.8,8.3,7.8,6.0,7.7,8.7,7.7,1.43,0.0,76,59,19.4,14.53,0.4,0.956,0.2934,7.8,10.0,10.0,station
2026-03-16,8.8,7.9,6.1,6.7,9.3,8.5,7.7,6.7,6.8,9.9,7.76,1.36,-0.16,65,74,13.9,16.11,0.0,0.9609,0.2769,8.6,10.0,10.0,station
2026-03-17,10.9,9.9,7.1,8.0,11.5,10.8,9.3,7.3,8.0,11.9,9.48,1.88,0.02,75,19,11.4,19.68,0.0,0.9655,0.2604,9.2,12.0,12.0,station
2026-03-18,6.0,6.2,6.6,7.8,8.1,7.4,7.2,6.7,8.5,9.4,6.94,0.95,-0.9,77,98,26.7,7.4,5.2,0.9698,0.2437,8.1,8.0,8.0,station
2026-03-19,7.3,7.0,5.7,6.5,8.8,6.9,7.0,5.5,6.1,8.8,7.06,1.15,0.2,57,31,25.8,20.26,0.0,0.9739,0.227,7.3,10.0,10.0,station
2026-03-20,10.5,9.6,6.7,7.6,11.1,10.2,8.7,7.2,8.2,10.5,9.1,1.89,0.14,74,12,18.8,19.88,0.0,0.9777,0.2102,9.0,11.0,11.0,station
2026-03-21,9.2,9.4,6.6,7.4,10.3,9.3,9.5,6.6,7.9,10.6,8.58,1.53,-0.2,79,11,14.2,20.36,0.0,0.9811,0.1934,7.9,11.0,11.0,station
2026-03-22,13.2,11.4,8.0,10.5,13.2,12.4,11.4,7.9,11.4,12.0,11.26,2.17,0.24,59,58,16.3,19.08,0.0,0.9843,0.1765,12.5,16.0,16.0,station
2026-03-23,13.1,12.0,8.4,12.6,15.3,13.5,11.7,9.1,10.8,14.7,12.28,2.5,0.32,62,61,19.1,19.52,0.0,0.9872,0.1595,12.3,15.0,15.0,station
2026-03-24,12.0,11.3,7.8,10.3,12.7,12.3,11.3,7.8,10.6,12.1,10.82,1.91,0.0,61,95,15.9,17.39,0.0,0.9898,0.1425,11.9,14.0,14.0,station
2026-03-25,14.0,12.4,8.6,10.9,14.4,14.8,12.0,8.6,10.9,15.1,12.06,2.38,-0.22,76,57,21.9,20.23,0.0,0.9921,0.1255,11.5,12.0,12.0,station
2026-03-26,11.8,11.6,8.2,11.1,14.2,12.5,11.8,8.3,11.0,14.2,11.38,2.14,-0.18,83,20,17.4,20.57,0.0,0.9941,0.1084,10.7,9.0,9.0,station
2026-03-27,13.1,12.0,8.4,11.2,14.0,13.2,12.4,8.6,11.4,15.2,11.74,2.15,-0.42,85,11,17.3,19.95,0.0,0.9958,0.0913,11.2,13.0,13.0,station
2026-03-28,14.2,12.4,10.5,12.0,15.8,14.0,12.5,10.1,11.4,15.9,12.98,2.05,0.2,80,6,14.2,21.12,0.0,0.9972,0.0741,11.0,11.0,11.0,station
2026-03-29,15.9,12.7,9.0,12.3,15.7,15.3,12.6,8.7,12.8,14.5,13.12,2.84,0.34,66,90,16.5,16.06,0.0,0.9984,0.057,13.0,17.0,17.0,station
2026-03-30,17.5,14.1,12.0,15.5,15.2,17.3,14.3,10.2,14.1,16.8,14.86,2.02,0.32,53,100,15.3,7.7,0.9,0.9992,0.0398,17.4,18.0,18.0,station
2026-03-31,16.4,13.8,10.6,16.3,16.5,16.6,13.1,11.5,16.3,16.3,14.72,2.56,-0.04,81,93,22.6,15.7,6.9,0.9997,0.0226,16.7,17.0,17.0,station
2026-04-01,12.4,12.2,8.9,10.3,14.7,12.5,11.7,8.7,10.7,15.0,11.7,2.21,-0.02,79,80,23.4,13.54,0.0,1.0,0.0054,11.3,14.0,14.0,station
2026-04-02,11.9,11.4,8.6,9.9,13.1,11.9,11.3,9.0,10.0,13.7,10.98,1.76,-0.2,81,7,20.9,21.65,0.0,0.9999,-0.0118,10.6,14.0,14.0,station
2026-04-03,15.5,14.3,10.0,14.1,16.8,15.8,14.7,10.0,14.2,16.5,14.14,2.55,-0.1,81,100,17.1,16.55,0.0,0.9996,-0.029,15.4,19.0,19.0,station
2026-04-04,16.2,12.2,8.9,12.3,16.2,14.4,10.7,9.0,11.1,13.8,13.16,3.09,1.36,75,51,31.2,18.46,0.3,0.9989,-0.0462,15.4,17.0,17.0,station
2026-04-05,12.1,11.0,8.8,10.0,12.4,11.6,10.8,8.7,10.2,13.1,10.86,1.49,-0.02,76,54,21.2,19.47,7.1,0.998,-0.0634,10.5,12.0,12.0,station
2026-04-06,12.2,11.2,9.2,11.3,13.6,11.7,10.7,9.2,11.2,14.9,11.5,1.61,-0.04,73,52,24.1,11.9,2.0,0.9968,-0.0805,12.3,13.0,13.0,station
2026-04-07,10.4,10.1,8.2,10.0,11.8,10.6,10.4,8.3,10.5,12.4,10.1,1.28,-0.34,58,0,29.3,22.86,0.0,0.9952,-0.0977,9.8,11.0,11.0,station
2026-04-08,10.9,10.9,8.1,10.3,11.7,10.5,10.2,8.1,9.5,12.2,10.38,1.37,0.28,69,17,16.1,22.4,0.0,0.9934,-0.1148,10.1,13.0,13.0,station
2026-04-09,12.0,10.7,9.4,10.9,12.3,12.4,12.0,9.3,11.5,12.3,11.06,1.15,-0.44,84,100,24.4,3.45,19.0,0.9913,-0.1319,11.3,12.0,12.0,station
2026-04-10,12.0,10.4,9.3,,11.8,12.3,14.8,9.3,11.3,12.2,10.88,1.27,-1.11,91,87,31.9,12.82,3.2,0.9889,-0.1489,10.8,12.0,12.0,station
2026-04-11,15.4,12.1,10.9,,14.2,14.8,13.5,10.3,12.7,14.6,13.15,2.03,-0.03,85,71,18.4,19.3,0.0,0.9861,-0.1659,11.7,11.0,11.0,station
2026-04-12,16.9,15.2,13.0,,17.2,17.2,13.9,12.3,14.8,16.5,15.57,1.93,0.63,64,83,16.9,22.92,0.0,0.9831,-0.1828,16.7,18.0,18.0,station
2026-04-13,19.9,18.6,13.8,,21.2,19.0,18.2,13.3,17.6,22.1,18.38,3.23,0.34,66,46,17.6,22.38,0.0,0.9799,-0.1997,18.1,20.0,20.0,station
2026-04-14,22.9,19.0,15.2,19.6,21.7,20.8,18.0,12.6,19.4,21.6,19.68,2.96,1.2,64,79,16.6,20.4,0.0,0.9763,-0.2165,21.0,23.0,23.0,station
2026-04-15,18.9,17.3,13.2,17.8,21.1,19.3,17.0,12.3,18.4,20.9,17.66,2.89,0.08,70,37,22.7,22.65,0.0,0.9724,-0.2333,17.8,21.0,21.0,station
2026-04-16,21.0,18.1,14.2,19.4,20.7,22.5,17.7,13.6,19.6,21.0,18.68,2.76,-0.2,56,65,25.3,21.89,0.0,0.9683,-0.25,23.3,24.0,24.0,station
2026-04-17,16.9,15.1,11.6,14.9,17.9,16.1,15.0,10.9,15.2,17.6,15.28,2.41,0.32,64,66,16.7,15.82,0.0,0.9638,-0.2666,15.5,17.0,17.0,station
2026-04-18,20.8,18.2,13.3,16.5,21.9,20.7,18.1,12.3,16.8,21.9,18.14,3.44,0.18,77,35,18.3,23.07,0.0,0.9591,-0.2831,19.5,22.0,22.0,station
2026-04-19,23.2,19.1,12.9,19.4,22.2,22.9,19.7,14.2,19.9,23.0,19.36,4.02,-0.58,86,70,16.3,21.54,0.0,0.9541,-0.2996,17.7,23.0,23.0,station
2026-04-20,13.9,12.8,10.6,13.3,14.1,15.9,13.9,11.1,14.6,16.4,12.94,1.4,-1.44,79,66,33.2,10.31,2.0,0.9488,-0.316,12.9,15.0,15.0,station
2026-04-21,14.6,14.6,11.0,13.4,15.1,14.0,14.4,11.0,12.9,15.7,13.74,1.65,0.14,68,55,22.8,20.29,0.0,0.9432,-0.3322,13.9,14.0,14.0,station
2026-04-22,15.6,14.3,11.0,13.8,15.9,16.8,14.8,11.0,14.3,14.6,14.12,1.95,-0.18,63,76,22.4,17.07,0.0,0.9373,-0.3484,14.8,17.0,17.0,station
2026-04-23,22.1,19.3,15.1,19.5,20.1,21.2,18.6,14.6,19.2,19.2,19.22,2.56,0.66,44,90,24.4,22.54,0.0,0.9312,-0.3645,22.0,22.0,22.0,station
2026-04-24,21.0,19.1,14.1,16.7,20.0,20.8,18.4,12.9,16.7,19.6,18.18,2.78,0.5,37,0,18.7,24.67,0.0,0.9248,-0.3804,20.2,22.0,22.0,station
2026-04-25,20.5,18.9,13.2,17.0,19.8,19.2,18.5,12.5,17.9,20.0,17.88,2.93,0.26,67,0,16.4,24.51,0.0,0.9181,-0.3963,18.7,21.0,21.0,station
2026-04-26,19.5,18.1,13.1,17.0,19.9,19.1,17.5,13.1,16.6,19.6,17.52,2.73,0.34,58,35,15.7,24.33,0.0,0.9112,-0.412,17.4,21.0,21.0,station
2026-04-27,17.8,15.8,13.3,15.3,17.9,17.9,15.8,14.2,15.7,17.4,16.02,1.91,-0.18,71,85,24.1,18.58,21.2,0.9039,-0.4276,16.6,18.0,18.0,station
2026-04-28,15.2,14.4,12.0,15.2,16.9,15.8,14.2,12.0,15.4,16.9,14.74,1.78,-0.12,70,95,26.8,16.73,0.3,0.8965,-0.4431,14.3,15.0,15.0,station
2026-04-29,17.7,15.5,12.1,15.1,19.0,16.6,16.2,12.2,16.1,19.4,15.88,2.65,-0.22,67,83,22.1,23.47,0.0,0.8887,-0.4585,16.5,19.0,19.0,station
2026-04-30,19.2,17.4,13.3,16.1,19.0,18.9,16.7,13.0,16.3,18.9,17.0,2.42,0.24,63,39,25.0,24.02,0.0,0.8807,-0.4737,17.6,19.0,19.0,station
2026-05-01,18.7,16.9,13.2,16.3,20.9,19.3,16.5,13.1,15.6,20.0,17.2,2.87,0.3,63,48,33.0,23.57,0.0,0.8724,-0.4888,17.4,19.0,19.0,station
2026-05-02,17.3,16.7,12.9,15.4,18.1,17.3,16.8,13.0,15.4,17.8,16.08,2.03,0.02,82,100,17.6,13.16,1.1,0.8639,-0.5037,16.1,18.0,18.0,station
2026-05-03,16.6,14.6,12.3,13.9,13.3,16.4,14.6,12.4,14.0,17.0,14.14,1.61,-0.74,90,100,29.6,6.06,9.3,0.8551,-0.5185,14.0,14.0,14.0,station
2026-05-04,16.5,15.5,12.7,15.1,17.6,16.3,16.0,12.7,15.9,18.1,15.48,1.83,-0.32,72,8,35.6,24.58,0.0,0.846,-0.5331,15.8,17.0,17.0,station
2026-05-05,16.8,16.3,12.7,14.6,17.2,16.5,16.2,12.8,14.8,17.3,15.52,1.86,0.0,70,0,17.8,25.84,0.0,0.8367,-0.5476,16.0,18.0,18.0,station
2026-05-06,18.5,17.9,13.6,16.4,19.0,18.1,17.7,13.5,15.8,18.7,17.08,2.18,0.32,72,20,22.2,24.67,0.0,0.8272,-0.5619,17.8,21.0,21.0,station
2026-05-07,16.6,15.4,13.3,14.9,15.7,15.6,15.3,13.2,14.7,17.0,15.18,1.22,0.02,85,80,25.6,8.69,3.0,0.8174,-0.5761,15.4,18.0,18.0,station
2026-05-08,19.3,17.0,14.6,18.0,19.0,19.4,17.2,13.8,17.9,18.9,17.58,1.9,0.14,58,1,29.1,25.19,0.3,0.8074,-0.59,18.2,20.0,20.0,station
2026-05-09,18.0,17.5,14.4,16.3,18.9,18.5,17.2,14.8,16.1,19.2,17.02,1.74,-0.14,60,13,14.5,24.24,0.0,0.7971,-0.6038,17.4,20.0,20.0,station
2026-05-10,20.2,18.6,14.3,17.9,19.4,20.3,18.8,14.2,18.6,19.6,18.08,2.28,-0.22,59,38,17.3,25.24,0.0,0.7866,-0.6175,18.5,22.0,22.0,station
2026-05-11,17.1,17.3,14.5,17.2,18.2,18.2,17.8,14.7,17.1,17.8,16.86,1.39,-0.26,88,73,27.8,11.62,32.7,0.7759,-0.6309,17.5,20.0,20.0,station
2026-05-12,18.7,17.4,14.5,16.7,18.7,18.4,17.5,15.4,16.7,18.5,17.2,1.74,-0.1,90,65,15.9,21.59,2.1,0.7649,-0.6442,19.5,21.0,21.0,station
2026-05-13,18.2,16.6,15.5,15.8,18.9,18.4,16.8,14.4,16.9,19.5,17.0,1.49,-0.2,93,79,18.0,21.07,0.0,0.7537,-0.6572,16.1,20.0,20.0,station
2026-05-14,23.5,22.8,19.8,24.3,26.0,26.2,23.4,18.5,23.0,25.8,23.28,2.28,-0.1,83,11,20.7,26.38,0.0,0.7423,-0.6701,23.3,26.0,26.0,station
2026-05-15,24.0,22.4,17.5,21.9,25.0,22.7,22.3,17.6,22.8,25.6,22.16,2.88,-0.04,75,2,22.2,27.51,0.0,0.7306,-0.6828,21.8,25.0,25.0,station
2026-05-16,24.2,22.7,16.8,20.3,25.2,24.0,22.4,17.0,20.7,25.8,21.84,3.37,-0.14,74,3,20.2,28.08,0.0,0.7188,-0.6952,21.7,25.0,25.0,station
2026-05-17,21.6,22.4,16.5,20.1,24.0,22.0,22.5,16.6,20.5,24.8,20.92,2.84,-0.36,82,61,13.0,25.84,0.0,0.7067,-0.7075,20.6,25.0,25.0,station
2026-05-18,23.8,23.4,17.4,22.6,24.6,24.2,23.8,17.2,22.6,25.3,22.36,2.86,-0.26,59,47,13.3,28.02,0.0,0.6945,-0.7195,24.6,27.0,27.0,station
2026-05-19,22.9,22.0,19.2,21.2,22.3,23.5,21.5,19.6,22.4,22.5,21.52,1.43,-0.38,60,99,21.9,7.4,0.7,0.682,-0.7314,21.9,23.0,23.0,station
2026-05-20,21.1,19.9,18.5,20.1,20.7,21.4,19.8,18.9,20.0,20.5,20.06,0.99,-0.06,82,100,30.9,2.88,57.0,0.6693,-0.743,21.6,20.0,20.0,station
2026-05-21,21.0,19.2,16.0,18.4,18.6,20.3,18.8,16.3,18.2,18.7,18.64,1.8,0.18,85,96,25.7,7.01,14.6,0.6564,-0.7544,19.8,20.0,20.0,station
2026-05-22,23.2,22.4,18.1,24.2,22.0,23.9,23.0,18.5,24.7,21.5,21.98,2.33,-0.34,74,77,19.7,26.52,0.0,0.6433,-0.7656,23.5,26.0,26.0,station
2026-05-23,19.6,19.8,16.7,19.7,20.3,19.6,18.9,16.6,19.8,19.8,19.22,1.43,0.28,76,62,25.3,20.53,0.6,0.6301,-0.7765,20.1,23.0,23.0,station
2026-05-24,22.8,22.5,19.9,26.3,25.6,22.4,21.9,19.4,25.8,24.3,23.42,2.58,0.66,81,30,17.3,27.62,0.0,0.6166,-0.7873,22.1,24.0,24.0,station
2026-05-25,25.6,24.3,19.7,28.1,26.1,24.8,23.6,18.9,28.4,26.2,24.76,3.14,0.38,82,71,12.3,26.58,0.0,0.603,-0.7978,25.3,27.0,27.0,station
2026-05-26,27.9,24.5,21.3,26.2,26.4,24.3,24.0,18.7,22.3,21.0,25.26,2.52,3.2,83,98,18.1,10.39,2.7,0.5892,-0.808,26.9,28.0,28.0,station
2026-05-27,25.3,21.9,20.6,22.8,21.5,24.9,22.9,19.5,22.2,21.5,22.42,1.79,0.22,92,98,20.7,8.65,9.2,0.5752,-0.818,24.0,25.0,25.0,station
2026-05-28,22.0,21.7,18.5,24.6,23.7,22.0,21.8,18.4,23.5,23.7,22.1,2.34,0.22,94,60,27.8,19.96,0.1,0.561,-0.8278,20.9,23.0,23.0,station
2026-05-29,23.2,23.4,18.5,26.7,25.5,23.5,23.4,18.5,25.5,26.1,23.46,3.14,0.06,83,4,25.0,28.0,0.0,0.5467,-0.8373,21.3,25.0,25.0,station
2026-05-30,20.8,23.0,17.4,23.3,23.7,20.6,23.1,17.8,23.4,23.7,21.64,2.62,-0.08,85,0,19.2,28.69,0.0,0.5322,-0.8466,20.7,24.0,24.0,station
2026-05-31,22.8,23.9,18.6,26.0,24.9,22.5,24.1,18.1,26.2,24.7,23.24,2.85,0.12,85,32,12.1,28.72,0.0,0.5176,-0.8556,22.7,27.0,27.0,station
2026-06-01,22.4,23.7,18.6,24.4,27.0,23.1,23.6,18.1,23.6,23.5,23.22,3.08,0.84,84,85,11.7,20.65,0.0,0.5028,-0.8644,22.2,25.0,25.0,station
2026-06-02,27.2,26.0,20.9,28.4,25.9,28.0,25.4,20.6,28.9,25.5,25.68,2.86,0.0,70,14,22.3,26.64,0.0,0.4878,-0.8729,26.7,29.0,29.0,station
2026-06-03,25.8,24.1,19.8,27.9,24.3,26.1,24.0,19.2,26.4,25.3,24.38,2.98,0.18,83,74,17.7,23.65,0.0,0.4728,-0.8812,24.5,27.0,27.0,station
2026-06-04,22.3,22.2,19.1,24.7,23.5,22.4,21.8,18.9,25.5,23.1,22.36,2.09,0.02,91,79,32.3,19.45,3.5,0.4575,-0.8892,23.4,26.0,26.0,station
2026-06-05,22.0,22.2,17.9,24.2,22.1,23.8,22.4,18.2,24.8,23.3,21.68,2.3,-0.82,80,24,27.5,27.88,0.0,0.4422,-0.8969,21.1,22.0,22.0,station
2026-06-06,23.9,23.9,20.0,27.6,,24.2,24.4,19.5,29.2,25.3,23.85,3.1,-0.67,75,63,25.0,24.35,0.0,0.4267,-0.9044,23.1,24.0,24.0,station
2026-06-07,24.6,23.4,20.5,23.9,,24.8,23.1,20.2,25.0,24.6,23.1,1.8,-0.44,55,77,21.1,11.69,0.0,0.4111,-0.9116,25.3,24.0,24.0,station
2026-06-08,23.0,22.5,18.9,25.2,,23.3,22.9,17.9,25.3,23.7,22.4,2.61,-0.22,77,57,25.5,24.58,0.1,0.3953,-0.9185,21.9,24.0,24.0,station
2026-06-09,24.1,22.8,19.3,25.6,,23.7,22.5,19.4,25.1,23.9,22.95,2.69,0.03,65,24,18.9,27.74,0.0,0.3795,-0.9252,23.1,25.0,25.0,station
2026-06-10,21.8,21.8,18.3,22.6,22.8,22.2,21.5,18.6,24.5,22.0,21.46,1.82,-0.3,83,30,19.3,26.37,3.8,0.3635,-0.9316,21.5,23.0,23.0,station
2026-06-11,21.8,22.0,18.7,23.0,22.7,21.9,21.8,18.7,22.8,22.7,21.64,1.72,0.06,80,22,23.5,27.47,0.0,0.3474,-0.9377,22.0,23.0,23.0,station
2026-06-12,22.2,22.8,19.6,24.7,23.1,22.7,23.1,19.3,24.1,23.4,22.48,1.86,-0.04,84,34,22.8,26.67,0.0,0.3312,-0.9436,21.9,24.0,24.0,station
2026-06-13,26.1,25.1,20.6,27.3,25.3,25.4,25.2,20.2,27.4,25.6,24.88,2.54,0.12,78,69,17.6,27.87,0.0,0.3149,-0.9491,24.7,27.0,27.0,station
2026-06-14,26.9,25.0,20.2,26.0,25.4,26.0,25.4,21.3,25.7,25.7,24.7,2.62,-0.12,82,65,17.5,23.04,2.0,0.2986,-0.9544,26.0,26.0,26.0,station
2026-06-15,27.7,26.8,21.9,29.4,28.1,28.1,27.1,21.7,29.9,28.2,26.78,2.88,-0.22,75,56,19.8,26.09,0.0,0.2821,-0.9594,27.0,28.0,28.0,station
2026-06-16,28.1,27.3,21.5,29.5,27.7,27.7,26.8,21.5,29.7,27.0,26.82,3.09,0.28,67,43,21.1,27.64,0.0,0.2656,-0.9641,28.7,29.0,29.0,station
2026-06-17,27.3,26.9,21.2,29.8,27.0,27.9,26.3,21.0,29.9,28.9,26.44,3.16,-0.36,66,44,18.6,24.54,0.3,0.2489,-0.9685,27.8,30.0,30.0,station
2026-06-18,26.4,26.8,21.3,28.4,27.3,25.6,26.6,22.2,28.3,26.5,26.04,2.75,0.2,74,51,18.7,27.37,0.7,0.2322,-0.9727,27.0,28.0,28.0,station
2026-06-19,28.6,27.7,22.9,28.6,27.7,28.1,27.1,22.2,29.2,27.6,27.1,2.39,0.26,76,90,21.6,20.94,6.3,0.2155,-0.9765,29.5,31.0,31.0,station
2026-06-20,23.4,23.8,20.5,22.9,22.0,25.1,24.8,20.3,23.6,22.7,22.52,1.31,-0.78,89,100,28.1,9.22,57.4,0.1986,-0.9801,23.6,24.0,24.0,station
2026-06-21,25.0,24.9,21.6,26.1,24.1,24.0,26.1,20.3,27.0,24.2,24.34,1.69,0.02,77,92,20.6,20.86,0.0,0.1818,-0.9833,23.7,27.0,27.0,station
2026-06-22,24.1,24.4,21.2,25.8,24.6,24.7,24.5,22.4,28.2,24.8,24.02,1.7,-0.9,94,96,11.7,18.6,0.1,0.1648,-0.9863,24.4,27.0,27.0,station
2026-06-23,26.8,26.6,22.8,28.8,27.4,26.6,26.5,23.1,28.6,26.4,26.48,2.23,0.24,80,55,15.5,28.03,0.0,0.1478,-0.989,27.4,30.0,30.0,station
2026-06-24,26.8,26.2,23.8,27.5,26.1,26.6,25.7,22.5,27.4,27.1,26.08,1.39,0.22,69,61,15.2,24.26,0.0,0.1308,-0.9914,26.3,29.0,29.0,station
2026-06-25,24.9,23.9,22.3,27.1,25.7,24.7,24.2,20.4,26.0,24.2,24.78,1.81,0.88,70,64,21.8,17.87,0.5,0.1137,-0.9935,25.9,25.0,25.0,station
2026-06-26,26.8,24.8,21.4,28.7,27.3,27.1,24.5,21.8,28.4,26.9,25.8,2.83,0.06,80,21,22.4,26.31,0.0,0.0966,-0.9953,23.7,25.0,25.0,station
2026-06-27,27.7,26.9,23.4,30.7,28.6,27.3,26.8,23.9,31.9,28.8,27.46,2.68,-0.28,76,86,19.8,25.54,0.0,0.0795,-0.9968,26.6,28.0,28.0,station
2026-06-28,26.9,26.8,22.2,27.7,27.4,27.6,26.6,22.4,29.0,28.0,26.2,2.27,-0.52,83,31,17.1,27.77,0.0,0.0623,-0.9981,24.7,27.0,27.0,station
2026-06-29,25.8,26.4,22.7,27.6,27.0,25.1,26.6,22.6,27.7,26.9,25.9,1.91,0.12,84,67,19.6,26.13,0.0,0.0451,-0.999,25.4,26.0,26.0,station
2026-06-30,26.5,26.5,22.7,28.7,26.6,26.5,26.4,23.0,28.5,26.7,26.2,2.17,-0.02,78,83,19.9,25.86,0.0,0.028,-0.9996,25.9,27.0,27.0,station
2026-07-01,28.2,27.9,23.5,30.7,27.5,28.8,28.1,23.6,32.2,27.6,27.56,2.59,-0.5,75,76,20.2,22.9,4.9,0.0108,-0.9999,28.6,30.0,30.0,station
2026-07-02,26.5,26.1,22.5,27.8,26.0,27.1,26.6,22.5,27.6,26.2,25.78,1.97,-0.22,76,61,16.2,23.0,0.5,-0.0065,-1.0,26.2,28.0,28.0,station
2026-07-03,26.1,26.2,22.1,27.3,25.5,25.9,26.1,22.1,26.7,25.9,25.44,1.98,0.1,84,80,21.1,24.69,2.0,-0.0237,-0.9997,26.0,28.0,28.0,station
2026-07-04,26.8,26.7,22.3,28.0,25.0,27.2,26.9,22.7,27.2,25.8,25.76,2.21,-0.2,87,71,18.9,25.22,0.0,-0.0408,-0.9992,26.4,28.0,28.0,station
2026-07-05,27.5,27.0,22.7,26.5,26.1,28.2,26.4,22.7,29.1,26.5,25.96,1.9,-0.62,88,71,26.4,22.5,3.4,-0.058,-0.9983,26.7,27.0,27.0,station
2026-07-06,25.3,25.9,22.8,25.4,25.6,27.6,26.1,22.8,27.2,25.2,25.0,1.25,-0.78,95,85,29.3,16.68,22.4,-0.0752,-0.9972,24.8,27.0,27.0,station
2026-07-07,27.2,26.7,23.9,27.1,24.4,25.5,27.1,23.4,25.3,24.0,25.86,1.58,0.8,94,98,19.8,16.37,9.2,-0.0923,-0.9957,26.6,29.0,29.0,station
2026-07-08,25.3,25.8,23.5,26.7,24.1,24.9,26.0,23.3,26.4,23.4,25.08,1.29,0.28,91,78,38.8,19.68,10.1,-0.1094,-0.994,26.5,28.0,28.0,station
2026-07-09,24.0,24.3,22.9,26.1,23.6,24.7,24.5,22.5,25.0,23.4,24.18,1.19,0.16,94,93,23.2,9.93,11.9,-0.1265,-0.992,24.9,27.0,27.0,station
2026-07-10,26.0,26.3,23.4,27.3,25.7,26.3,26.3,24.1,26.6,25.9,25.74,1.44,-0.1,96,95,28.0,15.18,29.2,-0.1436,-0.9896,25.5,27.0,27.0,station
2026-07-11,28.6,28.7,25.5,31.0,28.8,27.9,28.8,26.0,31.5,28.7,28.52,1.96,-0.06,91,63,12.8,25.89,0.0,-0.1606,-0.987,28.8,32.0,32.0,station
2026-07-12,30.7,31.4,27.1,33.6,31.9,29.9,30.9,27.1,33.2,31.0,30.94,2.4,0.52,82,27,15.3,26.91,0.0,-0.1775,-0.9841,31.5,34.0,34.0,station
2026-07-13,30.0,31.0,25.9,31.4,30.3,30.2,30.4,25.8,33.0,30.6,29.72,2.21,-0.28,84,16,17.6,25.89,0.7,-0.1944,-0.9809,29.7,32.0,32.0,station
2026-07-14,29.2,28.4,25.5,30.1,28.9,29.0,28.7,25.3,31.3,29.2,28.42,1.75,-0.28,85,93,49.6,19.94,37.0,-0.2113,-0.9774,29.6,32.0,32.0,station
2026-07-15,26.4,26.8,23.7,27.8,25.7,26.6,26.9,23.7,27.5,25.4,26.08,1.53,0.06,90,78,39.5,19.38,1.8,-0.2281,-0.9736,25.6,28.0,28.0,station
2026-07-16,27.1,27.7,24.5,28.9,27.1,26.8,27.6,24.3,28.5,27.0,27.06,1.61,0.22,89,56,14.6,22.83,0.0,-0.2448,-0.9696,26.4,28.0,28.0,station
2026-07-17,29.4,28.7,25.3,29.6,28.5,27.7,28.3,24.3,28.9,28.3,28.3,1.74,0.8,86,92,14.9,15.53,6.7,-0.2614,-0.9652,29.3,31.0,31.0,station
2026-07-18,27.7,26.7,24.0,25.6,25.1,25.6,26.9,23.8,26.6,24.7,25.82,1.43,0.3,90,65,44.7,19.74,72.7,-0.278,-0.9606,26.7,26.0,26.0,station
2026-07-19,25.7,26.2,23.7,27.2,25.3,27.0,27.1,23.2,26.0,26.0,25.62,1.29,-0.24,85,88,12.8,19.9,0.8,-0.2945,-0.9557,25.3,27.0,27.0,station
2026-07-20,25.5,25.5,23.4,25.1,26.5,25.8,26.0,23.1,24.7,25.3,25.2,1.13,0.22,92,99,23.6,6.58,27.9,-0.3109,-0.9505,25.6,27.0,27.0,station
2026-07-21,25.2,25.8,23.7,25.9,24.0,25.1,26.3,24.2,26.3,25.4,24.92,1.02,-0.54,94,89,35.9,8.05,56.4,-0.3272,-0.945,25.3,27.0,27.0,station
2026-07-22,27.5,27.5,24.7,28.2,26.9,27.0,27.6,24.7,26.1,25.5,26.96,1.34,0.78,93,67,20.6,16.36,8.7,-0.3434,-0.9392,26.5,27.0,27.0,station
2026-07-23,25.4,26.8,24.3,26.5,25.5,26.5,26.5,23.7,25.8,24.9,25.7,0.99,0.22,95,90,27.2,15.14,46.2,-0.3595,-0.9332,26.7,29.0,29.0,station
2026-07-24,28.0,29.0,25.1,29.5,27.6,27.3,28.3,25.0,27.2,26.9,27.84,1.71,0.9,94,64,22.6,20.85,1.9,-0.3755,-0.9268,28.0,30.0,30.0,station
2026-07-25,27.4,28.3,25.2,29.1,27.6,27.3,28.5,25.1,27.7,26.7,27.52,1.46,0.46,95,90,24.0,17.08,2.2,-0.3914,-0.9202,27.6,30.0,30.0,station
2026-07-26,28.2,28.8,25.6,29.9,28.6,28.0,28.5,25.7,29.8,27.8,28.22,1.59,0.26,94,66,17.0,21.94,4.9,-0.4071,-0.9134,28.0,31.0,31.0,station
2026-07-27,28.0,28.7,25.8,29.0,26.8,28.4,29.0,26.0,30.1,27.9,27.66,1.34,-0.62,94,95,17.8,16.59,11.2,-0.4228,-0.9062,27.1,31.0,31.0,station
2026-07-28,29.0,29.5,26.3,29.7,27.8,28.7,29.2,25.7,29.3,26.9,28.46,1.42,0.5,92,72,18.7,21.51,0.7,-0.4383,-0.8988,28.2,,,
