datum,p1_ifs,p1_aifs,p1_gfs,p1_icon,p1_gem,p2_ifs,p2_aifs,p2_gfs,p2_icon,p2_gem,mm_gem,mm_spreiding,run2run,rh_gem,bewolking_gem,wind_max,instraling_som,neerslag_som,doy_sin,doy_cos,era5_max,station_max,doel,doelbron
2023-11-01,,,19.5,,,,,19.2,,,,,,61,88,29.4,21.18,0.0,-0.8606,0.5093,17.6,17.0,17.0,station
2023-11-02,,,13.8,,,,,14.7,,,,,,88,100,26.8,3.37,34.5,-0.8517,0.524,14.9,15.0,15.0,station
2023-11-03,,,14.2,,,,,14.7,,,,,,80,84,31.3,13.05,12.3,-0.8426,0.5386,16.3,15.0,15.0,station
2023-11-04,,,22.0,,,,,21.6,,,,,,71,0,9.3,29.48,0.0,-0.8332,0.553,22.5,23.0,23.0,station
2023-11-05,,,23.8,,,,,24.3,,,,,,68,38,16.8,26.13,0.0,-0.8235,0.5672,23.6,24.0,24.0,station
2023-11-06,,,25.9,,,,,25.2,,,,,,69,0,18.6,29.71,0.0,-0.8137,0.5813,24.8,26.0,26.0,station
2023-11-07,,,31.0,,,,,32.1,,,,,,75,23,21.4,24.56,1.0,-0.8035,0.5952,29.2,31.0,31.0,station
2023-11-08,,,26.2,,,,,26.0,,,,,,57,35,20.2,23.98,0.0,-0.7932,0.609,24.5,25.0,25.0,station
2023-11-09,,,24.3,,,,,24.7,,,,,,51,19,20.7,30.16,0.0,-0.7826,0.6225,23.2,24.0,24.0,station
2023-11-10,,,19.3,,,,,17.5,,,,,,76,94,27.2,14.38,24.0,-0.7718,0.6359,21.6,20.0,20.0,station
2023-11-11,,,26.1,,,,,24.7,,,,,,80,26,23.5,28.42,17.9,-0.7607,0.6491,26.1,26.0,26.0,station
2023-11-12,,,23.9,,,,,24.2,,,,,,69,29,25.8,27.61,2.0,-0.7494,0.6621,22.7,23.0,23.0,station
2023-11-13,,,20.9,,,,,21.4,,,,,,60,51,23.4,23.37,1.8,-0.7379,0.6749,19.2,20.0,20.0,station
2023-11-14,,,24.6,,,,,24.8,,,,,,68,28,14.1,30.14,0.0,-0.7262,0.6875,24.7,25.0,25.0,station
2023-11-15,,,28.0,,,,,27.3,,,,,,76,60,16.3,26.27,0.7,-0.7143,0.6998,26.2,27.0,27.0,station
2023-11-16,,,24.4,,,,,24.5,,,,,,48,0,22.4,31.4,0.0,-0.7021,0.712,23.6,24.0,24.0,station
2023-11-17,,,29.4,,,,,28.2,,,,,,62,50,26.3,27.28,0.0,-0.6898,0.724,28.0,28.0,28.0,station
2023-11-18,,,21.1,,,,,20.4,,,,,,52,43,31.6,31.04,1.8,-0.6772,0.7358,20.5,21.0,21.0,station
2023-11-19,,,26.4,,,,,26.2,,,,,,46,30,24.7,30.79,0.0,-0.6645,0.7473,26.3,26.0,26.0,station
2023-11-20,,,31.5,,,,,32.4,,,,,,50,55,25.9,30.15,0.0,-0.6515,0.7586,30.2,31.0,31.0,station
2023-11-21,,,28.3,,,,,30.3,,,,,,59,64,21.6,15.66,3.0,-0.6384,0.7697,25.1,27.0,27.0,station
2023-11-22,,,27.6,,,,,28.2,,,,,,62,13,19.3,31.47,0.0,-0.625,0.7806,25.0,26.0,26.0,station
2023-11-23,,,29.5,,,,,30.3,,,,,,51,13,20.1,30.88,0.0,-0.6115,0.7912,28.4,28.0,28.0,station
2023-11-24,,,27.5,,,,,27.0,,,,,,51,32,23.2,31.45,0.0,-0.5978,0.8016,25.9,26.0,26.0,station
2023-11-25,,,29.3,,,,,29.3,,,,,,56,36,14.5,29.71,0.0,-0.584,0.8118,27.4,27.0,27.0,station
2023-11-26,,,32.2,,,,,32.9,,,,,,58,0,14.8,31.07,0.0,-0.5699,0.8217,29.6,30.0,30.0,station
2023-11-27,,,33.6,,,,,33.7,,,,,,58,0,24.7,31.47,0.0,-0.5557,0.8314,31.5,30.0,30.0,station
2023-11-28,,,33.8,,,,,34.1,,,,,,68,34,18.8,28.53,0.1,-0.5413,0.8408,30.9,31.0,31.0,station
2023-11-29,,,25.0,,,,,27.5,,,,,,77,77,18.7,13.2,4.0,-0.5268,0.85,25.9,27.0,27.0,station
2023-11-30,,,30.6,,,,,34.4,,,,,,67,32,22.3,29.7,0.7,-0.5121,0.859,30.0,30.0,30.0,station
2023-12-01,,,24.1,,,,,28.3,,,,,,81,96,27.2,11.62,17.2,-0.4972,0.8676,27.5,28.0,28.0,station
2023-12-02,,,31.2,,,,,31.4,,,,,,75,51,26.6,30.81,0.0,-0.4822,0.8761,28.8,30.0,30.0,station
2023-12-03,,,18.7,,,,,22.8,,,,,,56,80,28.9,14.87,0.4,-0.4671,0.8842,20.8,19.0,19.0,station
2023-12-04,,,23.6,,,,,24.1,,,,,,55,47,23.3,27.56,0.0,-0.4518,0.8921,24.0,22.0,22.0,station
2023-12-05,,,25.9,,,,,21.9,,,,,,68,71,24.8,26.41,3.6,-0.4364,0.8998,23.8,23.0,23.0,station
2023-12-06,,,23.5,,,,,22.6,,,,,,90,94,16.1,9.58,9.1,-0.4208,0.9071,22.9,23.0,23.0,station
2023-12-07,,,24.4,,,,,24.4,,,,,,76,50,22.6,24.07,0.8,-0.4052,0.9142,24.0,24.0,24.0,station
2023-12-08,,,26.2,,,,,26.8,,,,,,77,23,19.7,27.81,0.3,-0.3894,0.9211,24.4,25.0,25.0,station
2023-12-09,,,25.4,,,,,26.1,,,,,,67,64,17.8,25.47,0.0,-0.3735,0.9276,24.9,25.0,25.0,station
2023-12-10,,,29.0,,,,,30.1,,,,,,65,12,19.3,30.27,0.0,-0.3575,0.9339,28.1,28.0,28.0,station
2023-12-11,,,30.7,,,,,30.1,,,,,,64,25,21.4,31.73,0.0,-0.3413,0.9399,28.4,29.0,29.0,station
2023-12-12,,,34.7,,,,,34.7,,,,,,61,43,22.9,30.74,0.0,-0.3251,0.9457,32.5,32.0,32.0,station
2023-12-13,,,30.4,,,,,32.1,,,,,,78,78,19.8,24.11,23.7,-0.3088,0.9511,29.5,32.0,32.0,station
2023-12-14,,,28.1,,,,,29.8,,,,,,76,84,22.2,23.85,0.2,-0.2924,0.9563,28.8,30.0,30.0,station
2023-12-15,,,32.6,,,,,29.1,,,,,,79,61,17.9,23.39,1.1,-0.2759,0.9612,30.5,31.0,31.0,station
2023-12-16,,,36.2,,,,,33.3,,,,,,77,71,27.6,16.11,0.0,-0.2593,0.9658,30.2,32.0,32.0,station
2023-12-17,,,29.1,,,,,30.7,,,,,,83,98,28.7,8.55,18.4,-0.2427,0.9701,28.5,29.0,29.0,station
2023-12-18,,,22.2,,,,,22.9,,,,,,77,94,29.4,9.35,8.2,-0.226,0.9741,23.1,21.0,21.0,station
2023-12-19,,,24.4,,,,,25.1,,,,,,64,73,23.2,24.36,0.0,-0.2092,0.9779,20.2,20.0,20.0,station
2023-12-20,,,25.1,,,,,21.9,,,,,,65,82,24.0,23.64,0.2,-0.1923,0.9813,24.4,24.0,24.0,station
2023-12-21,,,28.9,,,,,28.4,,,,,,74,32,12.7,26.96,0.0,-0.1754,0.9845,27.2,28.0,28.0,station
2023-12-22,,,31.2,,,,,30.1,,,,,,73,33,15.2,30.48,0.0,-0.1585,0.9874,26.8,27.0,27.0,station
2023-12-23,,,36.0,,,,,35.1,,,,,,73,58,26.5,27.01,3.6,-0.1414,0.9899,29.9,32.0,32.0,station
2023-12-24,,,34.9,,,,,30.8,,,,,,73,79,18.8,24.24,10.2,-0.1244,0.9922,27.3,25.0,25.0,station
2023-12-25,,,25.6,,,,,25.7,,,,,,68,24,25.2,31.4,9.0,-0.1073,0.9942,25.4,26.0,26.0,station
2023-12-26,,,27.7,,,,,27.0,,,,,,60,0,12.8,32.74,0.0,-0.0902,0.9959,26.7,28.0,28.0,station
2023-12-27,,,31.4,,,,,31.6,,,,,,55,66,21.8,31.09,0.0,-0.073,0.9973,29.2,30.0,30.0,station
2023-12-28,,,34.3,,,,,33.5,,,,,,64,88,23.2,21.68,1.0,-0.0559,0.9984,31.8,30.0,30.0,station
2023-12-29,,,28.8,,,,,29.2,,,,,,61,14,22.0,30.08,0.0,-0.0387,0.9993,25.5,24.0,24.0,station
2023-12-30,,,,,,,,,,,,,,52,25,16.7,32.82,0.0,-0.0215,0.9998,25.5,25.0,25.0,station
2023-12-31,,,,,,,,,,,,,,51,66,15.6,31.91,0.0,-0.0043,1.0,27.8,,,
2024-01-01,,,,,,,,,,,,,,62,89,18.9,17.79,2.1,0.0172,0.9999,26.9,28.0,28.0,station
2024-01-02,,,,,,,,,,,,,,69,54,20.5,26.38,0.6,0.0344,0.9994,28.6,28.0,28.0,station
2024-01-03,,,,,,,,,,,,,,68,22,23.5,28.29,0.4,0.0516,0.9987,28.3,29.0,29.0,station
2024-01-04,,,,,,,,,,,,,,65,54,20.7,26.09,0.6,0.0688,0.9976,28.6,29.0,29.0,station
2024-01-05,,,,,,,,,,,,,,64,40,18.3,27.84,0.1,0.0859,0.9963,30.1,31.0,31.0,station
2024-01-06,,,,,,,,,,,,,,72,86,16.1,18.25,13.0,0.103,0.9947,28.4,30.0,30.0,station
2024-01-07,,,,,,,,,,,,,,78,68,15.5,23.3,10.9,0.1201,0.9928,29.3,31.0,31.0,station
2024-01-08,,,,,,,,,,,,,,71,13,14.6,30.82,1.5,0.1372,0.9905,30.0,31.0,31.0,station
2024-01-09,,,,,,,,,,,,,,65,29,9.7,28.57,0.0,0.1542,0.988,31.4,33.0,33.0,station
2024-01-10,,,,,,,,,,,,,,75,37,21.5,28.45,1.4,0.1712,0.9852,30.7,33.0,33.0,station
2024-01-11,,,,,,,,,,,,,,67,47,23.7,29.47,0.0,0.1881,0.9821,28.0,28.0,28.0,station
2024-01-12,,,,,,,,,,,,,,61,31,20.6,31.57,0.0,0.205,0.9788,26.3,26.0,26.0,station
2024-01-13,,,,,,,,,,,,,,59,87,19.6,23.04,0.2,0.2218,0.9751,30.9,30.0,30.0,station
2024-01-14,,,,,,,,,,,,,,60,35,28.7,29.66,2.8,0.2385,0.9711,31.5,32.0,32.0,station
2024-01-15,,,,,,,,,,,,,,57,5,15.0,31.68,0.0,0.2552,0.9669,30.5,31.0,31.0,station
2024-01-16,,,,,,,,,,,,,,71,72,21.0,15.69,11.2,0.2718,0.9624,27.0,25.0,25.0,station
2024-01-17,,,,,,,,,,,,,,70,3,18.4,30.81,0.1,0.2883,0.9575,28.6,29.0,29.0,station
2024-01-18,,,,,,,,,,,,,,74,39,19.4,19.38,1.0,0.3047,0.9524,29.4,29.0,29.0,station
2024-01-19,,,33.4,29.8,30.0,,,,,,,,,60,15,19.2,31.26,0.8,0.3211,0.9471,29.6,30.0,30.0,station
2024-01-20,,,31.5,28.6,28.1,,,31.1,28.6,29.7,,,,58,0,22.8,31.82,0.0,0.3373,0.9414,30.1,29.0,29.0,station
2024-01-21,,,29.5,27.1,27.3,,,30.5,27.6,27.3,,,,64,6,22.4,31.14,0.0,0.3534,0.9355,28.0,28.0,28.0,station
2024-01-22,,,32.0,29.6,29.2,,,31.2,29.3,29.0,,,,58,0,19.2,31.05,0.0,0.3695,0.9292,29.4,28.0,28.0,station
2024-01-23,,,31.0,29.1,28.8,,,31.1,28.8,29.1,,,,60,0,20.8,31.23,0.0,0.3854,0.9227,28.9,29.0,29.0,station
2024-01-24,,,31.7,29.1,29.1,,,31.4,29.7,29.3,,,,55,6,18.9,31.1,0.0,0.4012,0.916,29.2,29.0,29.0,station
2024-01-25,,,32.7,31.0,31.0,,,33.5,30.7,31.0,,,,55,3,18.9,30.16,0.0,0.4169,0.9089,30.6,31.0,31.0,station
2024-01-26,,,33.0,30.5,30.4,,,33.6,30.8,30.6,,,,55,0,18.2,30.98,0.0,0.4325,0.9016,30.5,31.0,31.0,station
2024-01-27,,,32.5,30.3,29.9,,,33.2,30.5,29.5,,,,57,4,20.5,29.94,0.0,0.4479,0.8941,30.4,31.0,31.0,station
2024-01-28,,,32.4,29.7,29.9,,,32.8,30.1,30.4,,,,61,9,19.9,29.84,0.0,0.4633,0.8862,30.1,30.0,30.0,station
2024-01-29,,,35.7,31.4,31.5,,,36.7,32.0,30.9,,,,65,30,17.6,26.37,0.3,0.4784,0.8781,30.6,32.0,32.0,station
2024-01-30,,,38.7,36.2,34.2,,,39.9,35.1,31.4,,,,60,28,17.7,27.83,0.0,0.4935,0.8698,34.3,35.0,35.0,station
2024-01-31,,,40.7,37.7,36.2,,,41.7,38.6,36.4,,,,56,45,11.2,26.36,2.7,0.5084,0.8611,34.1,34.0,34.0,station
2024-02-01,,,41.7,38.9,37.4,,,42.7,39.9,36.8,,,,50,26,16.9,26.49,0.0,0.5231,0.8523,36.7,38.0,38.0,station
2024-02-02,,,39.7,38.3,36.2,,,40.5,38.6,36.2,,,,43,24,20.7,29.98,0.0,0.5377,0.8432,35.9,37.0,37.0,station
2024-02-03,,,39.7,38.5,37.1,,,40.6,38.7,38.7,,,,49,37,28.7,25.15,0.1,0.5521,0.8338,36.1,38.0,38.0,station
2024-02-04,29.5,,31.7,29.1,28.1,,,31.9,29.4,29.2,29.6,1.52,,55,52,28.4,28.84,0.0,0.5664,0.8242,29.6,28.0,28.0,station
2024-02-05,32.8,,35.5,32.4,31.8,32.6,,36.5,34.4,32.1,33.12,1.64,-0.77,67,85,21.6,24.86,0.6,0.5805,0.8143,31.4,32.0,32.0,station
2024-02-06,36.2,,40.3,36.2,36.2,35.2,,39.1,34.6,34.3,37.23,2.05,1.43,73,65,23.4,16.66,8.2,0.5944,0.8042,33.8,36.0,36.0,station
2024-02-07,37.5,,41.3,39.7,38.5,38.7,,40.4,40.2,37.4,39.25,1.64,0.08,74,79,28.1,15.58,3.2,0.6081,0.7938,31.4,34.0,34.0,station
2024-02-08,31.7,,41.7,32.8,28.7,33.3,,40.2,31.5,26.5,33.73,5.59,0.85,72,92,32.4,20.17,6.5,0.6217,0.7833,32.1,31.0,31.0,station
2024-02-09,30.2,,34.7,31.4,30.1,32.6,,36.0,30.8,25.9,31.6,2.15,0.28,84,99,21.6,14.28,16.0,0.6351,0.7725,31.3,28.0,28.0,station
2024-02-10,30.1,,35.0,26.5,26.4,29.4,,33.6,29.7,28.0,29.5,4.05,-0.68,85,60,23.3,15.3,31.1,0.6483,0.7614,29.5,31.0,31.0,station
2024-02-11,31.5,,38.1,31.8,30.5,31.1,,37.7,31.3,29.5,32.98,3.46,0.58,75,20,13.2,27.12,0.0,0.6613,0.7502,32.3,34.0,34.0,station
2024-02-12,27.3,,27.9,25.4,24.7,27.6,,28.5,27.3,23.6,26.32,1.52,-0.43,77,80,30.7,10.66,19.2,0.6741,0.7387,26.7,28.0,28.0,station
2024-02-13,21.8,,22.3,21.8,23.3,22.5,,23.4,21.9,21.9,22.3,0.71,-0.12,59,21,23.2,28.35,0.0,0.6867,0.727,22.1,23.0,23.0,station
2024-02-14,23.0,,24.3,24.7,24.7,22.7,,24.2,24.0,23.0,24.18,0.81,0.7,66,42,18.0,26.13,0.0,0.6991,0.715,23.9,25.0,25.0,station
2024-02-15,25.8,,28.4,27.4,28.4,26.1,,28.4,27.6,28.3,27.5,1.23,-0.1,70,24,18.8,21.88,0.0,0.7113,0.7029,25.7,27.0,27.0,station
2024-02-16,26.9,,29.9,27.9,28.6,26.7,,30.2,28.1,28.7,28.32,1.26,-0.1,71,30,17.8,24.25,0.3,0.7233,0.6906,26.9,28.0,28.0,station
2024-02-17,27.8,,30.7,28.8,28.8,28.0,,31.6,28.3,30.0,29.02,1.21,-0.45,71,42,20.5,22.56,0.0,0.735,0.678,28.1,29.0,29.0,station
2024-02-18,28.3,,31.3,29.5,28.7,28.3,,29.4,29.0,32.1,29.45,1.33,-0.25,80,62,12.5,16.63,1.5,0.7466,0.6653,27.8,29.0,29.0,station
2024-02-19,29.2,,33.2,28.8,30.9,29.4,,31.9,29.7,30.9,30.52,2.0,0.05,76,20,17.1,25.03,0.0,0.7579,0.6523,29.6,30.0,30.0,station
2024-02-20,28.8,,33.1,29.3,30.8,28.9,,33.2,29.8,30.5,30.5,1.93,-0.1,77,29,17.3,22.37,0.1,0.769,0.6392,29.6,30.0,30.0,station
2024-02-21,30.1,,34.6,30.7,31.2,30.0,,36.0,31.1,31.7,31.65,2.02,-0.55,72,27,17.9,24.79,0.2,0.7799,0.6259,29.9,31.0,31.0,station
2024-02-22,30.5,,34.3,30.8,31.8,30.3,,34.4,31.7,31.5,31.85,1.73,-0.12,70,90,16.6,23.03,0.6,0.7906,0.6124,29.9,32.0,32.0,station
2024-02-23,28.0,,29.7,25.3,27.9,29.1,,27.1,27.3,27.8,27.73,1.82,-0.1,68,91,17.1,15.01,0.2,0.801,0.5987,27.7,28.0,28.0,station
2024-02-24,26.7,,29.4,26.7,26.7,27.0,,29.9,25.5,25.9,27.38,1.35,0.3,73,57,24.5,19.4,0.4,0.8112,0.5848,25.3,27.0,27.0,station
2024-02-25,27.1,,27.9,26.7,25.9,27.0,,28.2,26.7,27.4,26.9,0.83,-0.43,67,65,23.9,22.06,0.0,0.8211,0.5708,27.3,26.0,26.0,station
2024-02-26,24.6,,22.4,22.7,23.4,24.4,,23.5,24.4,24.0,23.27,0.98,-0.8,79,65,21.2,14.02,8.9,0.8308,0.5566,26.9,25.0,25.0,station
2024-02-27,28.1,,30.9,29.1,28.2,28.4,,27.9,28.4,25.3,29.07,1.3,1.57,81,31,11.6,20.08,0.6,0.8402,0.5422,28.3,30.0,30.0,station
2024-02-28,29.9,,35.4,30.1,28.8,29.4,,34.7,30.1,29.4,31.05,2.96,0.15,76,11,10.1,24.99,0.0,0.8495,0.5277,30.0,31.0,31.0,station
2024-02-29,28.9,,31.9,26.4,24.9,29.0,,32.9,26.4,27.0,28.02,3.07,-0.8,78,56,20.6,17.06,3.1,0.8584,0.513,28.8,29.0,29.0,station
2024-03-01,27.1,,31.2,28.2,28.4,26.8,,31.8,27.1,26.3,28.73,1.75,0.73,78,30,19.6,15.81,0.8,0.8671,0.4981,27.9,29.0,29.0,station
2024-03-02,29.4,,32.3,27.6,25.1,27.1,,32.9,28.9,24.4,28.6,3.03,0.28,85,73,34.7,12.63,19.4,0.8755,0.4831,29.0,30.0,30.0,station
2024-03-03,23.6,,25.7,23.8,22.5,24.4,,28.6,24.3,24.3,23.9,1.33,-1.5,56,19,32.0,26.34,0.0,0.8837,0.468,23.1,26.0,26.0,station
2024-03-04,24.8,,26.5,26.3,25.3,25.0,,28.0,25.0,23.8,25.73,0.81,0.28,59,12,13.7,24.23,0.0,0.8916,0.4527,24.8,27.0,27.0,station
2024-03-05,22.5,,25.7,23.6,25.7,23.0,,26.2,23.5,23.8,24.38,1.59,0.25,62,13,20.0,25.39,0.0,0.8993,0.4373,22.1,24.0,24.0,station
2024-03-06,24.5,,29.5,25.9,26.0,24.1,,28.7,26.0,26.6,26.48,2.13,0.12,65,0,16.9,24.79,0.0,0.9067,0.4218,24.4,26.0,26.0,station
2024-03-07,28.3,,31.1,29.4,29.3,27.7,,32.5,30.0,29.4,29.52,1.16,-0.38,65,9,15.6,24.41,0.0,0.9138,0.4061,28.2,30.0,30.0,station
2024-03-08,29.9,,33.4,31.4,30.6,30.1,,33.8,29.1,28.4,31.32,1.51,0.97,72,69,18.1,13.54,1.8,0.9207,0.3904,28.0,31.0,31.0,station
2024-03-09,29.5,,30.5,28.1,25.8,28.0,,30.9,27.6,28.1,28.48,2.04,-0.17,75,23,21.0,24.0,16.7,0.9272,0.3745,29.4,31.0,31.0,station
2024-03-10,27.2,,29.4,27.5,26.8,26.4,,31.5,27.4,25.7,27.73,1.15,-0.02,64,54,22.7,21.55,0.0,0.9335,0.3585,28.1,27.0,27.0,station
2024-03-11,24.8,,24.1,26.1,25.2,24.4,,25.4,27.7,23.8,25.05,0.83,-0.27,80,77,33.6,8.37,13.7,0.9396,0.3424,26.1,26.0,26.0,station
2024-03-12,26.4,,27.2,26.0,26.1,26.2,,25.7,25.7,22.8,26.43,0.54,1.32,83,65,25.6,7.32,33.8,0.9453,0.3261,24.7,23.0,23.0,station
2024-03-13,25.0,,26.1,24.1,23.7,25.3,,26.7,26.3,24.5,24.73,1.07,-0.97,92,91,17.9,9.14,60.6,0.9508,0.3098,26.7,24.0,24.0,station
2024-03-14,27.5,23.3,22.7,25.5,24.7,26.9,,24.5,26.1,24.2,24.74,1.9,-0.68,92,91,13.7,6.6,19.9,0.956,0.2934,27.0,24.0,24.0,station
2024-03-15,27.1,25.5,23.7,25.6,26.3,26.8,25.5,25.0,25.2,25.6,25.64,1.26,0.02,85,65,18.4,14.61,1.7,0.9609,0.2769,27.1,28.0,28.0,station
2024-03-16,28.5,26.3,26.8,27.6,29.0,27.9,26.5,27.4,27.0,28.4,27.64,1.13,0.2,86,49,10.5,15.79,2.0,0.9655,0.2604,28.0,28.0,28.0,station
2024-03-17,24.4,25.8,24.3,24.2,26.2,24.3,25.0,24.3,24.3,25.0,24.98,0.94,0.4,74,31,21.7,20.6,0.0,0.9698,0.2437,25.3,27.0,27.0,station
2024-03-18,26.9,26.4,29.6,28.6,25.0,26.9,27.5,29.8,27.3,27.1,27.3,1.82,-0.42,85,56,19.0,13.37,13.9,0.9739,0.227,28.3,28.0,28.0,station
2024-03-19,27.6,28.2,28.2,27.6,26.3,27.3,26.9,29.1,28.9,26.5,27.58,0.78,-0.16,86,33,20.0,17.02,0.1,0.9777,0.2102,28.0,28.0,28.0,station
2024-03-20,27.8,27.1,27.6,27.2,24.7,24.5,27.1,30.2,26.0,27.2,26.88,1.25,-0.12,91,74,32.1,8.06,42.9,0.9811,0.1934,25.7,24.0,24.0,station
2024-03-21,20.1,20.5,19.9,20.0,19.6,19.7,20.7,19.2,19.6,19.9,20.02,0.33,0.2,57,33,25.7,21.7,0.0,0.9843,0.1765,20.3,21.0,21.0,station
2024-03-22,21.6,21.8,21.1,21.9,22.0,21.4,21.5,20.9,21.3,21.3,21.68,0.36,0.4,64,4,15.6,21.56,0.0,0.9872,0.1595,21.6,22.0,22.0,station
2024-03-23,23.0,23.8,22.5,23.3,24.6,22.8,24.0,23.0,23.4,24.0,23.44,0.8,0.0,71,48,22.9,21.33,0.0,0.9898,0.1425,22.8,25.0,25.0,station
2024-03-24,26.4,28.0,25.4,27.2,30.3,25.8,27.5,25.5,26.7,29.8,27.46,1.86,0.4,78,31,14.3,20.85,0.0,0.9921,0.1255,27.2,28.0,28.0,station
2024-03-25,25.7,25.7,25.0,26.3,28.0,25.6,25.3,23.6,26.4,28.2,26.14,1.14,0.32,74,22,16.0,21.34,0.0,0.9941,0.1084,25.5,26.0,26.0,station
2024-03-26,23.7,24.2,24.2,24.2,25.6,24.1,24.9,24.4,25.8,26.5,24.38,0.72,-0.76,80,48,14.8,20.95,0.0,0.9958,0.0913,23.9,25.0,25.0,station
2024-03-27,26.7,26.3,24.6,26.5,28.4,25.9,26.2,26.2,26.6,27.4,26.5,1.35,0.04,77,77,12.3,20.39,0.0,0.9972,0.0741,26.6,27.0,27.0,station
2024-03-28,25.8,26.4,26.5,27.0,28.4,26.8,26.6,26.9,26.9,29.2,26.82,0.98,-0.46,78,50,14.0,18.66,0.0,0.9984,0.057,27.0,28.0,28.0,station
2024-03-29,26.9,27.2,29.1,28.1,29.6,27.3,27.6,28.4,28.0,30.3,28.18,1.17,-0.14,77,0,12.6,20.03,0.0,0.9992,0.0398,27.1,28.0,28.0,station
2024-03-30,29.4,30.6,30.8,30.5,32.0,29.3,29.9,30.7,30.0,32.1,30.66,0.93,0.26,73,27,17.6,18.98,0.2,0.9997,0.0226,30.1,31.0,31.0,station
2024-03-31,23.0,21.7,22.2,21.8,21.2,22.6,20.7,22.1,20.7,21.9,21.98,0.67,0.38,63,65,20.7,16.13,1.0,1.0,0.0054,23.2,22.0,22.0,station
2024-04-01,22.0,19.8,19.4,19.2,21.4,20.4,19.8,19.9,20.9,20.3,20.36,1.26,0.1,71,68,14.5,11.51,0.4,0.9999,-0.0118,20.0,20.0,20.0,station
2024-04-02,21.5,21.9,21.9,21.4,21.7,22.1,21.8,21.3,21.2,22.3,21.68,0.23,-0.06,72,29,18.1,18.85,0.0,0.9996,-0.029,21.3,22.0,22.0,station
2024-04-03,19.6,18.5,16.9,17.9,19.4,19.5,18.9,17.7,18.9,19.2,18.46,1.11,-0.38,88,77,18.4,4.78,8.8,0.9989,-0.0462,19.4,20.0,20.0,station
2024-04-04,23.9,24.5,22.9,24.3,22.2,24.3,24.4,23.6,23.7,22.5,23.56,0.98,-0.14,79,47,11.1,17.93,0.0,0.998,-0.0634,24.6,25.0,25.0,station
2024-04-05,26.0,26.8,24.4,26.8,25.1,25.5,26.4,24.3,26.1,24.9,25.82,1.06,0.38,76,0,11.4,19.14,0.0,0.9968,-0.0805,26.1,27.0,27.0,station
2024-04-06,24.1,23.1,23.2,25.8,25.5,24.3,24.2,23.2,25.9,24.9,24.34,1.26,-0.16,74,48,20.3,14.05,0.0,0.9952,-0.0977,25.2,25.0,25.0,station
2024-04-07,23.9,24.2,24.5,24.5,25.5,23.8,23.6,23.6,25.1,25.6,24.52,0.6,0.18,80,22,11.3,18.47,0.0,0.9934,-0.1148,24.4,25.0,25.0,station
2024-04-08,23.3,24.1,23.9,25.0,25.7,24.0,24.0,23.6,24.5,25.5,24.4,0.95,0.08,85,26,17.4,15.31,0.2,0.9913,-0.1319,23.3,25.0,25.0,station
2024-04-09,25.2,25.3,24.5,25.5,28.4,25.5,25.0,25.4,26.0,28.1,25.78,1.51,-0.22,79,37,23.7,15.25,0.0,0.9889,-0.1489,26.0,26.0,26.0,station
2024-04-10,18.2,18.2,18.5,15.9,16.4,17.8,17.5,15.3,16.1,17.1,17.44,1.2,0.68,57,66,22.9,16.4,0.0,0.9861,-0.1659,18.2,18.0,18.0,station
2024-04-11,18.9,17.4,19.5,17.7,19.5,18.2,16.7,18.7,17.5,18.8,18.6,0.99,0.62,59,61,20.0,11.81,0.5,0.9831,-0.1828,18.9,18.0,18.0,station
2024-04-12,20.6,19.1,20.9,20.5,20.7,21.2,18.9,21.1,19.7,21.0,20.36,0.72,-0.02,73,89,24.6,10.41,4.2,0.9799,-0.1997,20.1,20.0,20.0,station
2024-04-13,21.5,19.4,18.8,19.2,19.6,21.2,19.0,18.3,19.3,19.7,19.7,1.05,0.2,88,99,33.2,4.48,13.0,0.9763,-0.2165,20.3,20.0,20.0,station
2024-04-14,22.5,22.1,20.5,20.4,21.2,21.8,21.9,19.8,20.4,20.7,21.34,0.94,0.42,91,100,23.5,5.86,19.9,0.9724,-0.2333,23.1,22.0,22.0,station
2024-04-15,23.2,23.3,24.4,22.1,22.7,23.7,23.5,21.6,22.4,22.5,23.14,0.85,0.4,93,94,32.0,4.59,23.0,0.9683,-0.25,24.0,24.0,24.0,station
2024-04-16,19.8,19.5,17.2,19.6,20.4,19.5,19.0,17.3,20.2,22.1,19.3,1.22,-0.32,81,85,27.4,5.95,0.5,0.9638,-0.2666,19.6,20.0,20.0,station
2024-04-17,21.3,23.1,20.2,19.7,18.3,21.4,23.9,20.0,19.5,18.9,20.52,1.8,-0.22,63,16,28.7,17.04,0.0,0.9591,-0.2831,21.8,23.0,23.0,station
2024-04-18,20.9,22.1,20.6,21.0,21.2,21.7,23.2,21.7,19.6,21.4,21.16,0.57,-0.36,69,4,14.3,17.02,0.0,0.9541,-0.2996,21.5,23.0,23.0,station
2024-04-19,24.4,26.6,23.0,25.4,26.2,24.3,26.4,23.6,24.6,24.8,25.12,1.45,0.38,74,54,20.5,16.05,0.0,0.9488,-0.316,24.9,27.0,27.0,station
2024-04-20,25.0,25.3,21.5,26.3,27.9,24.6,25.1,23.8,25.5,25.3,25.2,2.36,0.34,78,51,15.1,14.53,0.0,0.9432,-0.3322,25.2,26.0,26.0,station
2024-04-21,21.2,19.8,21.3,20.7,21.8,21.8,20.0,23.0,20.2,22.4,20.96,0.76,-0.52,82,100,25.8,8.41,0.3,0.9373,-0.3484,23.0,21.0,21.0,station
2024-04-22,19.8,19.4,17.7,18.1,18.0,18.9,19.4,17.9,19.8,17.5,18.6,0.94,-0.1,87,98,35.9,8.46,26.9,0.9312,-0.3645,20.8,20.0,20.0,station
2024-04-23,20.0,20.6,19.7,19.6,18.9,20.7,20.4,20.6,21.3,19.0,19.76,0.62,-0.64,78,24,21.5,14.18,0.5,0.9248,-0.3804,20.2,20.0,20.0,station
2024-04-24,17.4,18.7,17.0,17.5,17.0,17.8,18.8,17.0,17.2,17.0,17.52,0.7,-0.04,66,9,12.9,16.31,0.0,0.9181,-0.3963,17.9,19.0,19.0,station
2024-04-25,18.2,16.4,17.8,17.0,20.2,18.6,16.0,18.0,15.4,19.0,17.92,1.45,0.52,85,72,17.4,6.25,9.8,0.9112,-0.412,17.3,16.0,16.0,station
2024-04-26,20.7,19.1,17.9,18.8,19.2,20.9,18.4,17.4,18.4,20.0,19.14,1.01,0.12,92,89,19.9,3.97,4.7,0.9039,-0.4276,19.7,19.0,19.0,station
2024-04-27,15.8,18.2,16.7,16.0,14.6,17.1,19.0,17.7,17.2,17.3,16.26,1.32,-1.4,66,28,18.2,14.28,0.0,0.8965,-0.4431,17.5,17.0,17.0,station
2024-04-28,18.7,20.5,17.6,18.2,17.9,18.3,21.0,18.0,18.3,17.4,18.58,1.15,-0.02,63,4,13.7,15.64,0.0,0.8887,-0.4585,19.2,20.0,20.0,station
2024-04-29,17.3,16.6,16.0,17.6,18.9,15.8,15.7,15.7,17.6,19.9,17.28,1.1,0.34,81,89,21.4,8.4,4.4,0.8807,-0.4737,18.5,19.0,19.0,station
2024-04-30,19.6,19.4,19.1,21.2,21.9,20.1,18.8,18.3,21.3,21.9,20.24,1.23,0.16,92,84,19.4,4.52,2.2,0.8724,-0.4888,20.2,20.0,20.0,station
2024-05-01,17.7,18.1,16.0,17.1,17.9,17.6,17.9,16.1,16.6,19.1,17.36,0.85,-0.1,64,76,21.4,8.97,0.0,0.8639,-0.5037,17.9,17.0,17.0,station
2024-05-02,14.5,15.2,14.3,14.6,15.2,14.5,15.1,14.4,13.5,15.3,14.76,0.42,0.2,63,41,21.4,13.76,0.2,0.8551,-0.5185,14.2,15.0,15.0,station
2024-05-03,14.7,15.0,14.7,15.0,16.4,14.6,15.0,15.2,15.3,16.9,15.16,0.71,-0.24,72,37,11.5,12.7,0.0,0.846,-0.5331,16.0,17.0,17.0,station
2024-05-04,18.8,18.8,18.2,19.8,20.4,18.5,18.7,18.7,19.0,20.3,19.2,0.88,0.16,83,20,17.1,12.79,0.0,0.8367,-0.5476,19.5,18.0,18.0,station
2024-05-05,21.8,20.2,19.6,22.2,22.6,21.5,20.2,19.0,21.4,22.7,21.28,1.31,0.32,91,100,12.4,5.6,0.8,0.8272,-0.5619,21.6,21.0,21.0,station
2024-05-06,21.1,19.1,21.5,20.1,23.0,21.8,20.3,22.5,21.5,22.5,20.96,1.47,-0.76,94,92,17.4,5.99,2.1,0.8174,-0.5761,21.1,20.0,20.0,station
2024-05-07,19.8,19.2,18.9,20.5,19.6,20.6,20.1,19.8,21.6,19.4,19.6,0.61,-0.7,93,87,14.6,4.61,3.9,0.8074,-0.59,20.9,20.0,20.0,station
2024-05-08,17.7,17.7,17.2,16.7,17.2,18.2,17.3,18.2,17.9,18.1,17.3,0.42,-0.64,74,43,34.0,10.14,0.1,0.7971,-0.6038,17.7,18.0,18.0,station
2024-05-09,15.7,17.0,15.3,14.9,14.7,15.0,16.4,15.2,14.6,14.7,15.52,0.91,0.34,62,5,13.4,14.01,0.0,0.7866,-0.6175,15.7,16.0,16.0,station
2024-05-10,16.1,16.0,14.8,16.7,17.4,16.3,15.8,16.7,15.7,17.1,16.2,0.96,-0.12,76,48,10.7,10.15,0.0,0.7759,-0.6309,16.5,17.0,17.0,station
2024-05-11,17.0,16.9,15.7,16.5,19.3,17.3,16.4,16.0,17.0,18.3,17.08,1.34,0.08,78,40,21.0,12.64,0.0,0.7649,-0.6442,17.0,18.0,18.0,station
2024-05-12,13.0,12.7,11.7,12.0,12.8,12.7,12.7,11.7,12.0,14.4,12.44,0.56,-0.26,82,76,26.6,4.29,3.9,0.7537,-0.6572,12.2,12.0,12.0,station
2024-05-13,12.9,13.4,12.6,12.3,13.0,12.6,13.5,12.2,12.7,12.9,12.84,0.42,0.06,72,18,19.4,11.89,0.0,0.7423,-0.6701,12.6,13.0,13.0,station
2024-05-14,12.6,13.0,12.6,12.2,12.9,12.5,13.1,12.3,11.9,13.2,12.66,0.31,0.06,77,11,20.8,11.7,0.0,0.7306,-0.6828,12.4,13.0,13.0,station
2024-05-15,14.7,15.8,13.4,14.9,15.5,14.1,15.5,13.6,14.2,13.9,14.86,0.93,0.6,70,63,18.0,12.7,0.0,0.7188,-0.6952,15.3,16.0,16.0,station
2024-05-16,15.9,16.8,15.1,16.0,17.0,15.7,16.1,15.0,15.5,16.1,16.16,0.76,0.48,71,39,14.6,12.7,0.0,0.7067,-0.7075,16.0,17.0,17.0,station
2024-05-17,11.7,13.0,14.1,13.6,14.9,14.3,13.7,14.3,14.0,15.3,13.46,1.21,-0.86,80,23,19.1,10.68,0.0,0.6945,-0.7195,14.1,12.0,12.0,station
2024-05-18,13.3,13.0,10.9,13.4,13.7,12.7,12.6,11.4,13.4,13.2,12.86,1.12,0.2,79,48,11.5,9.53,0.0,0.682,-0.7314,12.5,12.0,12.0,station
2024-05-19,11.5,13.0,13.8,13.2,14.4,13.9,13.4,13.4,13.3,15.1,13.18,1.09,-0.64,78,59,8.8,7.56,0.0,0.6693,-0.743,12.3,14.0,14.0,station
2024-05-20,14.7,15.5,14.9,14.7,15.7,14.5,15.2,14.3,14.9,15.8,15.1,0.47,0.16,77,21,21.4,12.23,0.0,0.6564,-0.7544,14.9,16.0,16.0,station
2024-05-21,15.9,13.8,12.8,14.4,17.6,15.5,14.7,14.6,14.9,16.5,14.9,1.88,-0.34,89,96,16.3,4.73,0.0,0.6433,-0.7656,14.7,16.0,16.0,station
2024-05-22,14.7,14.4,16.1,14.5,15.0,14.6,14.4,16.1,14.4,14.4,14.94,0.69,0.16,89,96,18.8,6.65,0.0,0.6301,-0.7765,15.2,14.0,14.0,station
2024-05-23,15.9,15.1,15.6,15.3,15.4,15.1,15.0,15.5,15.0,14.9,15.46,0.3,0.36,82,95,23.3,5.39,0.5,0.6166,-0.7873,15.1,14.0,14.0,station
2024-05-24,11.2,11.0,11.2,10.8,10.5,11.1,11.3,11.4,11.3,11.5,10.94,0.3,-0.38,61,60,24.8,10.34,0.0,0.603,-0.7978,11.1,11.0,11.0,station
2024-05-25,11.0,11.5,10.8,10.9,11.1,11.2,11.5,10.6,11.0,11.0,11.06,0.27,0.0,72,36,15.6,11.11,0.0,0.5892,-0.808,11.0,11.0,11.0,station
2024-05-26,10.8,10.9,10.9,11.4,12.0,10.9,11.0,9.9,11.2,10.7,11.2,0.5,0.46,71,91,15.0,7.53,0.0,0.5752,-0.818,11.5,12.0,12.0,station
2024-05-27,10.4,10.7,11.6,11.0,12.8,10.4,11.3,11.8,12.2,11.4,11.3,0.95,-0.12,72,98,19.6,3.34,0.1,0.561,-0.8278,10.4,11.0,11.0,station
2024-05-28,16.4,15.9,15.8,15.9,17.1,16.0,15.0,14.0,14.6,16.0,16.22,0.54,1.1,88,52,16.7,6.48,0.0,0.5467,-0.8373,14.0,15.0,15.0,station
2024-05-29,15.8,15.6,17.2,16.3,16.7,16.1,16.1,16.5,16.5,16.7,16.32,0.65,-0.06,86,88,24.0,7.19,0.0,0.5322,-0.8466,15.7,17.0,17.0,station
2024-05-30,16.7,16.9,16.5,16.7,17.1,16.6,16.2,16.9,16.5,18.3,16.78,0.23,-0.12,80,82,12.5,7.32,0.2,0.5176,-0.8556,16.5,17.0,17.0,station
2024-05-31,16.4,16.4,15.8,16.9,16.7,16.1,16.0,15.9,15.6,16.5,16.44,0.42,0.42,88,87,15.0,8.1,0.0,0.5028,-0.8644,16.2,16.0,16.0,station
2024-06-01,19.5,19.3,19.7,19.2,20.2,18.4,18.5,19.7,18.8,20.5,19.58,0.4,0.4,88,64,17.0,9.9,0.8,0.4878,-0.8729,20.3,22.0,22.0,station
2024-06-02,14.2,13.7,12.9,11.9,12.2,11.6,13.5,13.3,12.0,12.5,12.98,0.97,0.4,73,77,18.3,4.15,0.1,0.4728,-0.8812,14.8,12.0,12.0,station
2024-06-03,12.0,12.0,12.1,12.0,11.2,12.1,12.1,12.1,11.6,11.3,11.86,0.37,0.02,75,30,15.2,10.65,0.0,0.4575,-0.8892,11.5,11.0,11.0,station
2024-06-04,12.4,13.0,12.6,12.6,12.9,12.2,12.9,12.7,12.9,12.8,12.7,0.24,0.0,76,85,18.8,10.31,0.0,0.4422,-0.8969,12.5,13.0,13.0,station
2024-06-05,15.6,15.6,15.6,15.6,16.5,14.9,15.2,13.6,14.9,16.2,15.78,0.4,0.82,85,91,16.6,7.44,0.0,0.4267,-0.9044,16.4,16.0,16.0,station
2024-06-06,18.9,17.0,19.3,18.9,22.4,21.1,19.1,19.5,19.0,20.3,19.3,1.95,-0.5,91,76,10.2,9.98,0.0,0.4111,-0.9116,19.2,20.0,20.0,station
2024-06-07,19.6,20.6,19.7,19.2,19.1,19.5,19.5,21.1,19.5,21.7,19.64,0.59,-0.62,90,90,16.6,7.24,6.7,0.3953,-0.9185,19.5,21.0,21.0,station
2024-06-08,24.0,24.0,21.6,22.0,25.6,23.4,24.1,21.6,21.4,24.0,23.44,1.64,0.54,88,100,21.1,6.71,0.0,0.3795,-0.9252,23.2,24.0,24.0,station
2024-06-09,24.5,24.8,25.5,25.2,26.9,23.7,23.4,25.2,24.5,26.8,25.38,0.93,0.66,77,58,26.6,9.32,0.0,0.3635,-0.9316,25.0,26.0,26.0,station
2024-06-10,18.8,19.7,19.3,19.4,18.7,18.6,19.3,19.6,19.8,20.0,19.18,0.42,-0.28,72,59,17.0,10.54,0.0,0.3474,-0.9377,18.9,19.0,19.0,station
2024-06-11,16.7,16.8,16.7,16.2,16.4,16.1,16.6,18.1,16.0,18.2,16.56,0.25,-0.44,88,80,20.0,7.09,0.3,0.3312,-0.9436,17.2,16.0,16.0,station
2024-06-12,23.8,20.3,22.9,21.7,28.0,23.6,22.4,21.2,21.6,26.6,23.34,2.92,0.26,95,100,19.3,4.76,0.3,0.3149,-0.9491,20.8,22.0,22.0,station
2024-06-13,26.3,26.0,26.4,26.2,25.3,25.8,25.9,26.2,26.6,27.2,26.04,0.44,-0.3,66,98,28.7,9.12,0.0,0.2986,-0.9544,26.6,28.0,28.0,station
2024-06-14,19.6,19.6,19.7,19.4,22.7,20.8,19.6,20.3,19.8,24.1,20.2,1.4,-0.72,77,89,17.4,5.0,11.3,0.2821,-0.9594,21.1,22.0,22.0,station
2024-06-15,18.5,19.2,19.6,19.6,19.8,18.8,19.3,19.3,19.8,17.8,19.34,0.52,0.34,74,12,12.8,10.77,0.0,0.2656,-0.9641,18.4,20.0,20.0,station
2024-06-16,16.7,15.7,16.3,15.5,15.6,17.0,15.7,16.9,17.0,15.4,15.96,0.52,-0.44,83,74,12.1,4.82,0.0,0.2489,-0.9685,15.8,16.0,16.0,station
2024-06-17,15.5,16.1,16.2,16.1,17.0,15.4,16.4,17.0,16.6,17.1,16.18,0.54,-0.32,86,8,15.3,10.59,0.0,0.2322,-0.9727,16.0,18.0,18.0,station
2024-06-18,18.6,17.5,16.8,19.5,18.5,16.2,17.5,16.0,18.5,17.9,18.18,1.05,0.96,89,81,14.5,5.27,2.4,0.2155,-0.9765,18.5,19.0,19.0,station
2024-06-19,17.7,17.1,18.1,17.3,16.8,16.6,17.7,17.9,17.3,16.2,17.4,0.51,0.26,84,43,17.3,9.49,0.5,0.1986,-0.9801,17.3,19.0,19.0,station
2024-06-20,14.8,14.7,15.1,15.1,14.9,15.2,15.2,15.2,15.5,14.9,14.92,0.18,-0.28,82,21,22.3,10.31,0.0,0.1818,-0.9833,15.1,16.0,16.0,station
2024-06-21,18.8,18.2,16.2,15.9,18.5,18.6,17.6,17.7,17.7,18.7,17.52,1.36,-0.54,92,99,20.9,2.73,5.5,0.1648,-0.9863,20.2,19.0,19.0,station
2024-06-22,18.0,16.4,16.3,18.0,17.9,19.3,15.3,17.2,19.6,20.7,17.32,0.89,-1.1,91,99,19.3,5.94,1.0,0.1478,-0.989,18.5,19.0,19.0,station
2024-06-23,13.4,13.4,13.5,14.0,13.4,14.3,14.3,14.1,14.7,14.2,13.54,0.26,-0.78,70,55,25.3,10.16,0.3,0.1308,-0.9914,14.2,15.0,15.0,station
2024-06-24,11.3,11.3,11.2,11.4,10.8,11.5,11.4,11.2,10.9,10.0,11.2,0.23,0.2,71,39,17.4,9.39,0.0,0.1137,-0.9935,11.6,12.0,12.0,station
2024-06-25,11.2,10.8,10.6,9.7,11.2,10.6,10.3,10.5,9.4,11.3,10.7,0.62,0.28,80,66,10.7,8.09,1.6,0.0966,-0.9953,11.4,10.0,10.0,station
2024-06-26,12.6,12.6,12.0,12.0,11.6,11.8,12.3,11.8,11.8,11.9,12.16,0.43,0.24,79,44,25.6,9.87,1.2,0.0795,-0.9968,12.9,14.0,14.0,station
2024-06-27,15.5,17.5,16.2,15.5,16.3,14.5,16.5,16.4,15.0,16.3,16.2,0.82,0.46,66,70,21.8,6.79,0.0,0.0623,-0.9981,15.1,17.0,17.0,station
2024-06-28,11.5,11.2,12.0,11.0,11.8,11.2,11.3,12.2,11.0,11.6,11.5,0.41,0.04,65,19,27.4,9.75,0.0,0.0451,-0.999,12.0,12.0,12.0,station
2024-06-29,8.7,9.1,8.9,8.9,9.0,8.8,9.6,9.2,8.9,8.8,8.92,0.15,-0.14,61,3,23.2,11.04,0.0,0.028,-0.9996,8.6,9.0,9.0,station
2024-06-30,13.1,15.2,12.8,13.2,13.0,12.6,14.8,11.9,13.6,12.7,13.46,0.98,0.34,62,13,22.5,10.92,0.0,0.0108,-0.9999,13.0,15.0,15.0,station
2024-07-01,16.6,17.4,16.0,16.2,16.6,15.3,16.7,16.0,15.9,15.9,16.56,0.54,0.6,67,24,18.4,10.4,0.0,-0.0065,-1.0,15.5,18.0,18.0,station
2024-07-02,16.9,18.9,16.3,17.7,18.2,16.4,18.5,17.1,16.9,17.5,17.6,1.03,0.32,75,2,18.4,10.95,0.0,-0.0237,-0.9997,17.1,19.0,19.0,station
2024-07-03,11.2,11.7,10.8,11.7,11.9,10.7,11.7,10.8,10.7,11.5,11.46,0.45,0.38,70,59,17.6,10.56,0.0,-0.0408,-0.9992,11.0,12.0,12.0,station
2024-07-04,12.4,12.9,12.1,11.5,11.7,12.2,12.8,11.1,12.3,12.2,12.12,0.56,0.0,73,39,16.4,11.07,0.0,-0.058,-0.9983,11.7,13.0,13.0,station
2024-07-05,10.4,11.2,10.4,10.9,9.2,10.0,11.0,9.9,10.0,9.2,10.42,0.76,0.4,54,1,22.1,11.48,0.0,-0.0752,-0.9972,9.9,12.0,12.0,station
2024-07-06,9.4,10.2,8.9,9.8,9.2,9.2,9.9,9.5,10.3,9.3,9.5,0.51,-0.14,70,54,9.8,10.2,0.0,-0.0923,-0.9957,9.3,10.0,10.0,station
2024-07-07,9.1,9.5,9.0,8.9,10.1,9.6,10.2,9.4,9.7,9.6,9.32,0.49,-0.38,68,50,15.2,10.57,0.0,-0.1094,-0.994,9.3,10.0,10.0,station
2024-07-08,7.7,8.1,7.7,7.9,7.3,7.6,7.8,8.0,7.7,8.6,7.74,0.3,-0.2,72,8,11.7,11.08,0.0,-0.1265,-0.992,8.1,8.0,8.0,station
2024-07-09,8.6,8.6,8.2,8.3,7.7,8.3,8.6,8.3,7.9,7.6,8.28,0.37,0.14,68,0,10.8,11.41,0.0,-0.1436,-0.9896,7.9,8.0,8.0,station
2024-07-10,8.1,8.7,8.4,8.8,8.9,8.5,8.5,8.6,8.8,8.9,8.58,0.33,-0.08,66,0,9.3,11.49,0.0,-0.1606,-0.987,8.3,10.0,10.0,station
2024-07-11,10.0,11.2,9.8,10.7,10.7,9.3,10.3,9.7,10.6,10.2,10.48,0.57,0.46,62,0,10.0,11.4,0.0,-0.1775,-0.9841,11.0,12.0,12.0,station
2024-07-12,11.7,12.9,11.5,13.2,12.7,11.3,12.0,11.1,12.7,12.4,12.4,0.75,0.5,67,0,9.9,11.54,0.0,-0.1944,-0.9809,12.6,14.0,14.0,station
2024-07-13,12.2,13.4,11.7,13.4,13.2,11.5,12.7,11.7,13.2,13.0,12.78,0.78,0.36,69,0,10.8,11.67,0.0,-0.2113,-0.9774,12.1,14.0,14.0,station
2024-07-14,12.2,12.5,12.3,12.7,13.2,11.3,12.3,12.5,13.1,13.1,12.58,0.4,0.12,75,0,11.4,11.83,0.0,-0.2281,-0.9736,12.0,14.0,14.0,station
2024-07-15,13.6,14.5,14.0,15.1,14.4,14.0,14.6,14.3,15.3,14.2,14.32,0.56,-0.16,87,17,15.0,10.58,0.0,-0.2448,-0.9696,14.8,16.0,16.0,station
2024-07-16,15.4,14.4,14.7,16.8,17.5,15.2,14.4,15.1,15.5,17.1,15.76,1.34,0.3,86,49,14.8,10.85,0.0,-0.2614,-0.9652,15.2,18.0,18.0,station
2024-07-17,17.3,17.9,16.3,17.8,17.9,16.9,17.2,16.7,17.7,18.6,17.44,0.68,0.02,84,42,12.3,11.56,0.0,-0.278,-0.9606,16.8,19.0,19.0,station
2024-07-18,18.2,18.4,18.0,18.1,19.7,17.8,18.3,18.3,18.8,19.6,18.48,0.7,-0.08,84,36,14.4,11.75,0.0,-0.2945,-0.9557,18.0,20.0,20.0,station
2024-07-19,11.1,12.1,13.6,11.8,15.5,10.9,12.6,12.8,11.4,14.4,12.82,1.75,0.4,78,46,23.0,9.55,0.0,-0.3109,-0.9505,13.4,14.0,14.0,station
2024-07-20,11.0,10.1,9.7,10.2,12.9,10.3,10.8,9.5,10.2,10.9,10.78,1.28,0.44,84,100,22.0,2.53,2.4,-0.3272,-0.945,11.1,12.0,12.0,station
2024-07-21,14.2,13.4,15.2,13.4,16.6,14.9,12.9,14.8,14.0,14.2,14.56,1.36,0.4,91,100,14.5,4.92,0.2,-0.3434,-0.9392,13.4,13.0,13.0,station
2024-07-22,17.4,15.5,18.6,15.7,20.4,17.9,15.4,18.6,16.7,19.4,17.52,2.05,-0.08,89,72,18.2,7.96,0.0,-0.3595,-0.9332,17.3,15.0,15.0,station
2024-07-23,19.5,18.1,19.9,17.7,22.2,18.8,19.0,21.5,19.9,23.2,19.48,1.78,-1.0,91,38,12.9,9.28,0.0,-0.3755,-0.9268,18.2,14.0,14.0,station
2024-07-24,18.9,17.5,19.7,17.8,19.7,18.1,18.0,17.5,17.3,18.5,18.72,1.04,0.84,88,64,19.6,4.74,12.3,-0.3914,-0.9202,19.1,20.0,20.0,station
2024-07-25,18.4,20.1,19.4,18.4,18.1,18.5,19.8,19.5,18.2,16.3,18.88,0.84,0.42,65,28,15.4,12.43,0.0,-0.4071,-0.9134,18.4,20.0,20.0,station
2024-07-26,17.3,18.5,18.1,18.4,17.0,16.9,17.7,17.2,18.2,18.0,17.86,0.67,0.26,76,9,14.0,12.45,0.0,-0.4228,-0.9062,18.3,20.0,20.0,station
2024-07-27,17.5,18.6,17.5,18.1,18.4,16.2,17.6,17.9,16.5,18.3,18.02,0.51,0.72,71,26,16.5,12.75,0.0,-0.4383,-0.8988,17.5,20.0,20.0,station
2024-07-28,14.1,13.8,13.6,14.0,14.9,14.2,14.2,13.8,13.9,14.8,14.08,0.5,-0.1,63,25,13.8,12.02,0.0,-0.4537,-0.8912,14.0,14.0,14.0,station
2024-07-29,11.0,12.0,11.6,11.8,12.1,11.4,12.3,12.3,12.9,12.0,11.7,0.44,-0.48,58,8,14.8,13.41,0.0,-0.469,-0.8832,10.9,13.0,13.0,station
2024-07-30,12.6,13.3,13.5,12.3,13.3,11.7,13.0,12.8,12.2,13.2,13.0,0.52,0.42,73,62,23.5,13.05,0.0,-0.4841,-0.875,12.0,14.0,14.0,station
2024-07-31,16.8,17.1,16.0,16.7,18.8,17.5,17.6,16.8,17.3,17.9,17.08,1.04,-0.34,85,95,18.4,8.92,0.0,-0.4991,-0.8666,17.3,17.0,17.0,station
2024-08-01,24.2,24.0,23.5,21.8,26.2,23.3,24.1,25.1,22.1,26.3,23.94,1.58,-0.24,79,100,27.0,6.94,2.2,-0.5139,-0.8578,23.3,24.0,24.0,station
2024-08-02,27.5,28.7,28.4,29.2,29.3,27.1,28.8,28.5,29.4,29.7,28.62,0.73,-0.08,56,79,36.3,12.1,0.0,-0.5286,-0.8489,27.7,31.0,31.0,station
2024-08-03,23.2,21.2,24.0,22.2,27.2,23.7,20.8,22.9,22.4,27.1,23.56,2.29,0.18,72,56,32.6,11.08,33.3,-0.5431,-0.8397,22.2,27.0,27.0,station
2024-08-04,17.1,16.7,17.6,17.2,14.1,16.5,16.1,16.9,17.3,15.1,16.54,1.4,0.16,61,65,15.7,9.33,0.1,-0.5575,-0.8302,17.8,18.0,18.0,station
2024-08-05,14.6,15.7,16.2,15.7,15.5,15.4,16.2,16.1,16.5,14.6,15.54,0.59,-0.22,83,64,19.1,3.95,0.4,-0.5717,-0.8205,15.3,16.0,16.0,station
2024-08-06,17.0,16.9,17.5,17.6,17.4,19.2,17.1,16.9,20.0,17.6,17.28,0.31,-0.88,93,85,22.1,4.94,5.7,-0.5857,-0.8105,18.9,18.0,18.0,station
2024-08-07,13.1,13.8,14.2,14.2,14.3,14.0,13.0,15.1,14.1,13.8,13.92,0.5,-0.08,76,30,28.1,10.86,0.0,-0.5996,-0.8003,13.1,15.0,15.0,station
2024-08-08,8.1,8.8,8.2,8.1,9.1,8.9,8.7,7.5,8.0,7.4,8.46,0.46,0.36,81,96,32.1,3.69,4.7,-0.6132,-0.7899,10.2,11.0,11.0,station
2024-08-09,11.1,11.2,11.4,10.4,10.4,10.3,11.2,11.6,10.0,8.6,10.9,0.47,0.56,73,17,26.0,14.4,0.0,-0.6267,-0.7792,10.6,11.0,11.0,station
2024-08-10,15.1,16.2,14.2,14.2,14.8,14.9,16.1,15.4,13.9,14.6,14.9,0.82,-0.08,66,47,22.2,14.39,0.0,-0.64,-0.7683,15.3,17.0,17.0,station
2024-08-11,14.0,13.9,13.7,13.8,15.3,14.1,14.5,14.2,13.1,14.7,14.14,0.66,0.02,51,36,36.7,12.57,0.0,-0.6532,-0.7572,13.8,15.0,15.0,station
2024-08-12,12.0,13.0,11.9,12.1,13.3,11.9,13.0,11.8,12.1,13.2,12.46,0.64,0.06,71,0,20.4,14.63,0.0,-0.6661,-0.7459,11.9,13.0,13.0,station
2024-08-13,16.6,18.2,17.3,17.7,17.8,16.5,18.0,17.3,17.5,17.1,17.52,0.61,0.24,60,4,19.3,14.69,0.0,-0.6788,-0.7343,16.6,19.0,19.0,station
2024-08-14,17.6,18.7,17.8,18.5,19.1,17.1,18.1,18.3,18.3,19.0,18.34,0.63,0.18,62,64,14.8,13.95,0.0,-0.6914,-0.7225,17.7,20.0,20.0,station
2024-08-15,19.5,19.6,20.0,20.7,22.8,19.3,19.7,19.3,20.3,22.3,20.52,1.36,0.34,77,67,15.7,14.4,0.0,-0.7037,-0.7105,19.7,21.0,21.0,station
2024-08-16,13.8,14.0,14.6,14.0,17.3,13.9,14.0,16.1,14.4,16.3,14.74,1.46,-0.2,81,100,18.9,10.49,0.0,-0.7158,-0.6983,13.1,13.0,13.0,station
2024-08-17,15.4,15.2,16.2,15.7,17.2,16.0,15.5,16.5,15.6,17.1,15.94,0.8,-0.2,82,73,20.9,7.81,0.2,-0.7277,-0.6859,15.6,17.0,17.0,station
2024-08-18,15.9,14.5,15.7,15.9,16.7,16.7,14.5,15.5,15.7,16.4,15.74,0.79,-0.02,91,81,16.8,3.68,0.1,-0.7394,-0.6733,15.0,16.0,16.0,station
2024-08-19,12.6,12.4,12.4,12.4,13.8,14.6,13.0,14.7,12.1,13.9,12.72,0.61,-0.94,81,84,29.3,6.58,0.1,-0.7509,-0.6605,14.2,14.0,14.0,station
2024-08-20,11.8,10.8,13.8,11.7,13.1,11.7,11.1,13.3,11.5,13.7,12.24,1.2,-0.02,76,60,29.8,8.36,2.1,-0.7621,-0.6474,12.4,11.0,11.0,station
2024-08-21,13.0,12.2,12.5,12.0,13.4,12.6,12.6,12.2,12.6,12.4,12.62,0.58,0.14,89,100,24.8,4.57,17.8,-0.7731,-0.6342,14.1,14.0,14.0,station
2024-08-22,11.4,11.3,9.4,9.7,10.5,10.2,10.5,10.0,12.3,10.5,10.46,0.91,-0.24,79,100,24.1,4.21,0.4,-0.7839,-0.6208,11.1,11.0,11.0,station
2024-08-23,12.6,12.3,12.4,11.2,10.9,12.6,12.1,12.3,12.1,10.6,11.88,0.77,-0.06,72,42,18.7,12.99,0.1,-0.7945,-0.6073,12.5,13.0,13.0,station
2024-08-24,12.5,12.0,10.9,12.1,12.5,13.1,11.1,13.0,11.0,12.5,12.0,0.66,-0.14,73,49,13.0,14.16,0.0,-0.8048,-0.5935,13.2,14.0,14.0,station
2024-08-25,11.2,11.8,12.5,11.6,13.1,11.2,12.1,12.5,11.8,12.9,12.04,0.76,-0.06,77,43,16.6,11.69,0.0,-0.8149,-0.5796,10.8,11.0,11.0,station
2024-08-26,12.6,13.1,13.7,13.7,14.4,12.5,13.7,13.9,13.6,13.8,13.5,0.68,0.0,79,16,13.4,16.11,0.0,-0.8248,-0.5655,12.9,15.0,15.0,station
2024-08-27,17.4,18.5,17.1,17.9,18.6,16.5,17.8,17.0,17.4,18.6,17.9,0.66,0.44,81,29,11.1,16.33,0.0,-0.8344,-0.5512,17.3,19.0,19.0,station
2024-08-28,17.5,18.4,17.3,18.1,19.1,16.7,17.9,16.9,18.0,18.6,18.08,0.72,0.46,76,43,17.9,16.96,0.0,-0.8437,-0.5368,17.9,18.0,18.0,station
2024-08-29,18.0,18.7,18.0,18.0,20.5,18.2,18.2,17.9,17.7,21.4,18.64,1.08,-0.04,79,74,20.9,14.54,0.0,-0.8528,-0.5222,18.1,18.0,18.0,station
2024-08-30,12.4,11.3,12.3,12.2,13.9,11.9,11.6,10.9,11.5,14.6,12.42,0.94,0.32,86,100,27.3,3.33,20.0,-0.8617,-0.5074,13.2,13.0,13.0,station
2024-08-31,11.7,11.3,10.6,11.5,11.4,11.8,11.7,11.4,11.7,11.5,11.3,0.42,-0.32,92,100,33.6,2.06,42.6,-0.8703,-0.4925,11.8,12.0,12.0,station
2024-09-01,17.4,16.6,14.9,15.4,14.1,16.6,16.7,15.9,16.0,14.2,15.68,1.32,-0.2,79,67,32.9,10.17,0.2,-0.8786,-0.4775,15.4,16.0,16.0,station
2024-09-02,18.1,17.8,19.0,17.0,16.1,18.5,18.6,19.4,16.9,16.3,17.6,1.1,-0.34,83,46,23.4,14.21,0.0,-0.8867,-0.4623,17.5,17.0,17.0,station
2024-09-03,17.7,18.7,16.9,17.3,17.3,17.4,18.3,17.8,16.5,16.4,17.58,0.69,0.3,68,40,21.7,18.06,0.0,-0.8945,-0.447,17.6,19.0,19.0,station
2024-09-04,18.9,19.5,17.3,19.4,20.5,18.2,18.8,17.7,18.1,20.1,19.12,1.17,0.54,60,47,17.2,17.67,0.0,-0.9021,-0.4315,18.7,20.0,20.0,station
2024-09-05,15.0,16.5,15.9,15.5,15.3,14.2,16.1,15.7,15.2,16.6,15.64,0.58,0.08,61,24,20.6,18.9,0.0,-0.9094,-0.4159,15.9,18.0,18.0,station
2024-09-06,19.9,21.0,19.3,20.9,24.2,19.8,21.2,19.5,20.0,24.6,21.06,1.89,0.04,67,40,23.4,17.87,0.0,-0.9164,-0.4002,19.7,22.0,22.0,station
2024-09-07,21.9,22.6,21.2,23.0,24.1,20.5,22.4,21.5,22.7,24.1,22.56,1.1,0.32,67,34,11.7,18.65,0.0,-0.9232,-0.3844,21.5,24.0,24.0,station
2024-09-08,20.9,21.5,21.0,23.0,23.7,20.9,21.3,21.0,23.1,23.7,22.02,1.26,0.02,64,43,15.0,18.49,0.0,-0.9296,-0.3685,21.8,23.0,23.0,station
2024-09-09,17.4,17.6,20.1,18.3,21.0,16.5,17.5,20.8,20.9,24.1,18.88,1.59,-1.08,86,71,20.4,9.51,0.2,-0.9358,-0.3524,17.9,19.0,19.0,station
2024-09-10,20.1,19.1,22.6,21.4,27.0,19.8,19.3,22.3,22.5,29.3,22.04,3.07,-0.6,89,88,24.1,13.04,0.4,-0.9418,-0.3363,21.3,22.0,22.0,station
2024-09-11,16.5,17.4,17.1,18.0,20.0,18.3,17.5,17.8,19.2,19.7,17.8,1.34,-0.7,70,95,21.9,15.69,0.0,-0.9474,-0.32,18.8,19.0,19.0,station
2024-09-12,18.5,18.6,17.2,18.2,18.7,16.8,18.0,17.0,18.2,18.6,18.24,0.61,0.52,73,37,14.3,19.66,0.0,-0.9528,-0.3037,18.8,20.0,20.0,station
2024-09-13,18.8,17.2,20.3,18.8,19.2,17.7,17.2,19.8,18.6,19.6,18.86,1.11,0.28,75,53,13.9,18.36,0.0,-0.9579,-0.2873,19.6,20.0,20.0,station
2024-09-14,17.2,17.9,17.5,18.1,19.1,16.7,18.1,17.4,17.6,18.2,17.96,0.73,0.36,60,0,18.7,20.36,0.0,-0.9627,-0.2707,17.4,19.0,19.0,station
2024-09-15,17.9,18.7,18.5,19.7,19.9,17.3,18.5,18.8,19.3,20.7,18.94,0.84,0.02,64,26,17.2,18.97,0.2,-0.9672,-0.2541,18.5,21.0,21.0,station
2024-09-16,23.8,24.5,23.6,25.3,26.4,23.3,24.2,23.8,24.3,26.0,24.72,1.15,0.4,59,5,12.6,20.25,0.0,-0.9714,-0.2375,23.5,25.0,25.0,station
2024-09-17,22.0,22.5,21.7,23.7,26.2,22.6,22.5,21.5,23.6,25.1,23.22,1.83,0.16,63,94,19.9,16.23,0.0,-0.9753,-0.2207,22.9,24.0,24.0,station
2024-09-18,24.6,25.4,25.4,26.5,26.9,24.7,25.1,25.0,26.5,27.2,25.76,0.93,0.06,69,41,19.9,19.9,0.2,-0.979,-0.2039,24.6,27.0,27.0,station
2024-09-19,25.0,18.6,20.9,22.2,25.0,24.3,19.7,20.5,21.6,22.8,22.34,2.75,0.56,76,80,29.2,9.54,7.3,-0.9824,-0.187,23.0,24.0,24.0,station
2024-09-20,22.5,23.3,21.5,22.3,18.8,22.4,23.8,21.6,22.6,18.5,21.68,1.73,-0.1,61,11,15.9,21.25,0.0,-0.9854,-0.1701,22.4,23.0,23.0,station
2024-09-21,24.4,24.3,24.4,24.4,26.5,24.3,24.3,25.4,24.8,22.8,24.8,0.95,0.48,64,77,23.6,19.93,0.0,-0.9882,-0.1531,24.6,25.0,25.0,station
2024-09-22,24.5,23.1,23.8,24.1,23.7,25.2,23.3,21.6,24.5,21.4,23.84,0.52,0.64,79,83,26.4,11.64,0.6,-0.9907,-0.1361,24.9,23.0,23.0,station
2024-09-23,21.7,20.7,20.7,22.9,20.9,20.8,20.7,21.8,19.9,19.8,21.38,0.94,0.78,65,30,21.8,20.65,0.0,-0.9929,-0.1191,21.6,22.0,22.0,station
2024-09-24,20.3,19.9,20.5,21.4,21.9,20.5,20.2,20.6,21.7,21.0,20.8,0.82,0.0,50,35,26.3,21.95,0.0,-0.9948,-0.102,21.2,23.0,23.0,station
2024-09-25,21.2,20.0,22.0,20.9,22.7,21.3,19.4,20.5,20.8,23.5,21.36,1.04,0.26,75,34,25.5,17.0,0.0,-0.9964,-0.0848,21.3,22.0,22.0,station
2024-09-26,19.5,19.3,20.0,19.8,20.9,19.2,19.0,16.3,20.1,22.0,19.9,0.62,0.58,63,6,19.1,22.46,0.0,-0.9977,-0.0677,19.6,21.0,21.0,station
2024-09-27,20.2,20.7,21.5,20.3,21.7,20.4,20.3,22.8,19.6,23.0,20.88,0.69,-0.34,75,11,14.2,22.65,0.0,-0.9987,-0.0505,20.1,21.0,21.0,station
2024-09-28,24.9,25.4,25.4,25.3,27.4,24.6,25.4,25.8,24.9,27.3,25.68,0.98,0.08,68,34,18.8,22.2,0.0,-0.9994,-0.0333,24.5,26.0,26.0,station
2024-09-29,26.3,25.9,27.9,26.1,29.3,26.1,26.5,27.2,26.4,28.6,27.1,1.46,0.14,72,39,17.0,22.55,0.0,-0.9999,-0.0161,26.3,28.0,28.0,station
2024-09-30,29.8,25.1,29.9,28.5,30.8,28.4,26.2,26.0,28.8,31.8,28.82,2.24,0.58,80,78,28.8,16.45,7.0,-1.0,0.0011,30.1,30.0,30.0,station
2024-10-01,21.6,20.7,21.8,22.6,22.4,22.3,20.5,22.2,21.1,20.0,21.82,0.75,0.6,64,11,26.0,22.93,0.0,-0.9998,0.0183,21.6,20.0,20.0,station
2024-10-02,18.6,18.4,19.3,18.7,19.4,19.0,19.9,19.3,19.2,18.7,18.88,0.44,-0.34,53,34,20.0,23.62,0.0,-0.9994,0.0355,18.3,19.0,19.0,station
2024-10-03,18.7,19.4,21.3,19.1,19.5,18.8,19.0,21.5,21.2,20.4,19.6,1.0,-0.58,60,1,14.7,23.66,0.0,-0.9986,0.0527,19.0,21.0,21.0,station
2024-10-04,21.3,22.0,22.2,20.9,22.0,20.9,22.4,22.1,21.0,22.1,21.68,0.55,-0.02,59,33,22.2,23.54,0.0,-0.9976,0.0698,21.3,22.0,22.0,station
2024-10-05,24.1,24.9,26.6,26.0,26.7,23.7,25.4,26.8,25.8,26.4,25.66,1.13,0.04,65,18,16.6,23.94,0.0,-0.9962,0.087,25.2,27.0,27.0,station
2024-10-06,21.9,20.6,22.9,22.7,22.6,21.8,21.0,23.2,22.8,22.7,22.14,0.94,-0.16,73,93,23.7,21.38,0.0,-0.9946,0.1041,22.3,24.0,24.0,station
2024-10-07,21.0,18.6,19.2,19.5,23.0,19.9,17.3,20.1,18.9,21.0,20.26,1.77,0.82,77,100,20.9,7.88,0.4,-0.9926,0.1212,20.1,21.0,21.0,station
2024-10-08,23.7,20.2,24.9,20.3,25.5,22.7,19.3,24.4,19.9,26.2,22.92,2.52,0.42,80,85,23.0,15.82,0.1,-0.9904,0.1383,20.6,19.0,19.0,station
2024-10-09,20.4,19.2,21.4,20.1,20.8,20.2,18.9,21.9,20.1,21.3,20.38,0.82,-0.1,69,89,23.9,20.8,0.7,-0.9879,0.1553,20.6,21.0,21.0,station
2024-10-10,21.3,20.6,23.4,21.3,22.6,21.4,20.8,23.4,21.4,20.2,21.84,1.13,0.4,76,86,14.0,15.14,0.6,-0.9851,0.1722,20.9,23.0,23.0,station
2024-10-11,28.0,27.0,28.2,27.1,29.5,27.5,26.5,28.7,26.6,29.6,27.96,1.01,0.18,69,28,19.9,23.93,0.0,-0.9819,0.1892,28.2,29.0,29.0,station
2024-10-12,22.8,21.7,23.0,24.2,24.8,22.8,20.6,20.4,24.6,21.3,23.3,1.22,1.36,68,89,18.5,18.8,11.1,-0.9785,0.206,23.2,24.0,24.0,station
2024-10-13,21.6,18.2,17.3,18.9,21.9,21.7,16.7,16.2,18.0,21.7,19.58,2.06,0.72,85,91,12.5,11.51,1.1,-0.9749,0.2228,20.9,21.0,21.0,station
2024-10-14,21.4,19.5,23.4,22.6,20.5,20.1,18.7,20.2,19.8,21.8,21.48,1.57,1.36,86,94,22.2,9.7,1.8,-0.9709,0.2396,20.8,21.0,21.0,station
2024-10-15,25.7,23.9,27.1,25.1,26.7,25.7,24.2,27.5,25.4,25.9,25.7,1.28,-0.04,77,52,17.8,21.46,0.2,-0.9666,0.2562,25.0,27.0,27.0,station
2024-10-16,22.7,22.8,27.3,24.2,25.0,22.6,22.7,28.1,25.8,25.8,24.4,1.89,-0.6,82,28,16.9,24.45,0.0,-0.9621,0.2728,24.9,26.0,26.0,station
2024-10-17,26.1,23.9,28.9,25.3,29.3,25.4,23.0,27.8,23.4,26.1,26.7,2.33,1.56,79,84,16.1,19.75,0.0,-0.9572,0.2893,26.4,25.0,25.0,station
2024-10-18,25.5,26.4,29.4,26.6,28.4,26.1,26.8,30.1,26.7,27.7,27.26,1.59,-0.22,71,26,16.2,26.45,0.0,-0.9521,0.3057,25.9,27.0,27.0,station
2024-10-19,27.3,27.6,31.0,28.1,29.2,28.1,27.9,31.5,27.8,29.7,28.64,1.5,-0.36,69,27,17.1,26.36,0.0,-0.9467,0.3221,27.5,28.0,28.0,station
2024-10-20,28.4,28.3,30.4,29.3,30.5,28.0,27.9,30.6,29.1,29.6,29.38,1.05,0.34,66,60,26.3,25.99,0.0,-0.941,0.3383,29.5,31.0,31.0,station
2024-10-21,31.6,32.3,33.6,32.6,32.5,30.2,31.1,35.0,32.5,31.9,32.52,0.72,0.38,67,15,22.1,23.44,0.3,-0.9351,0.3545,31.0,34.0,34.0,station
2024-10-22,26.3,24.7,31.6,23.1,28.4,23.6,25.2,31.4,27.3,26.7,26.82,3.31,-0.02,63,72,23.9,21.05,0.0,-0.9288,0.3705,28.6,29.0,29.0,station
2024-10-23,22.7,19.8,25.6,21.9,21.6,23.1,19.4,26.4,21.0,20.8,22.32,2.12,0.18,83,99,27.0,6.44,24.4,-0.9223,0.3864,22.5,22.0,22.0,station
2024-10-24,21.3,19.2,15.7,21.4,20.7,21.2,19.8,17.8,21.0,18.7,19.66,2.38,-0.04,88,77,26.9,8.54,5.2,-0.9155,0.4022,19.3,19.0,19.0,station
2024-10-25,18.8,16.9,19.7,16.6,17.2,21.8,18.4,21.6,18.1,17.5,17.84,1.34,-1.64,79,32,27.7,17.93,3.9,-0.9085,0.4179,19.0,19.0,19.0,station
2024-10-26,23.0,24.0,22.5,23.1,22.6,23.3,23.8,23.2,22.8,21.6,23.04,0.59,0.1,64,0,24.7,28.15,0.0,-0.9012,0.4335,23.0,25.0,25.0,station
2024-10-27,25.2,26.3,25.7,26.5,26.6,24.3,26.8,26.2,25.8,26.4,26.06,0.59,0.16,65,34,15.8,27.09,0.0,-0.8936,0.4489,25.5,28.0,28.0,station
2024-10-28,27.4,28.6,29.1,28.9,30.5,26.8,28.6,29.2,28.8,30.1,28.9,1.11,0.2,63,0,17.5,27.96,0.0,-0.8857,0.4642,27.6,31.0,31.0,station
2024-10-29,28.8,29.8,32.1,32.4,33.1,27.9,30.0,31.9,30.3,32.9,31.24,1.84,0.64,66,1,13.7,27.85,0.0,-0.8776,0.4794,29.2,32.0,32.0,station
2024-10-30,27.7,28.8,31.0,30.9,31.1,27.4,29.4,31.0,31.7,32.5,29.9,1.56,-0.5,66,29,18.3,28.23,0.0,-0.8692,0.4944,28.2,31.0,31.0,station
2024-10-31,27.2,26.6,29.1,27.9,28.8,26.9,26.6,29.8,28.5,29.5,27.92,1.05,-0.34,73,56,21.3,28.13,0.0,-0.8606,0.5093,27.3,28.0,28.0,station
2024-11-01,28.5,25.9,35.0,31.9,32.4,29.4,28.4,33.9,32.2,33.9,30.74,3.56,-0.82,74,35,18.1,26.94,0.0,-0.8517,0.524,31.1,32.0,32.0,station
2024-11-02,26.0,23.2,24.0,23.6,24.0,25.5,22.4,22.6,22.9,22.5,24.16,1.08,0.98,81,66,29.2,14.19,13.8,-0.8426,0.5386,24.7,25.0,25.0,station
2024-11-03,23.1,22.7,25.9,24.4,23.6,23.4,22.1,25.2,23.3,22.4,23.94,1.27,0.66,76,35,28.0,28.92,0.0,-0.8332,0.553,23.5,26.0,26.0,station
2024-11-04,22.7,22.3,20.9,23.0,23.6,21.9,21.5,19.6,22.9,20.2,22.5,1.01,1.28,82,83,20.9,10.81,69.6,-0.8235,0.5672,24.1,22.0,22.0,station
2024-11-05,24.0,24.7,28.1,24.5,24.5,24.2,24.8,25.8,24.2,23.0,25.16,1.66,0.76,67,9,19.0,29.4,0.0,-0.8137,0.5813,24.7,25.0,25.0,station
2024-11-06,23.3,24.0,27.5,25.3,25.8,24.0,24.6,28.2,24.8,26.1,25.18,1.64,-0.36,62,44,15.8,29.39,0.2,-0.8035,0.5952,24.8,27.0,27.0,station
2024-11-07,22.8,21.2,25.0,21.9,25.0,21.8,21.3,25.3,21.7,25.4,23.18,1.76,0.08,68,48,26.7,23.81,0.0,-0.7932,0.609,22.9,24.0,24.0,station
2024-11-08,22.7,23.3,26.4,24.0,24.7,22.5,23.3,26.4,23.7,24.8,24.22,1.43,0.08,72,53,17.1,25.5,0.0,-0.7826,0.6225,24.4,26.0,26.0,station
2024-11-09,26.5,27.0,31.1,27.4,28.4,26.3,26.9,30.5,27.6,28.5,28.08,1.83,0.12,69,7,16.7,29.46,0.0,-0.7718,0.6359,26.4,29.0,29.0,station
2024-11-10,29.2,28.0,33.1,30.1,29.8,28.7,27.1,33.8,30.0,28.5,30.04,1.89,0.42,66,56,34.0,26.28,5.3,-0.7607,0.6491,28.7,31.0,31.0,station
2024-11-11,22.1,22.4,25.0,23.7,22.2,23.6,23.0,25.7,24.7,22.3,23.08,1.25,-0.78,54,53,37.6,26.51,3.3,-0.7494,0.6621,22.4,22.0,22.0,station
2024-11-12,23.3,23.4,26.4,22.1,24.7,22.9,23.6,27.0,24.8,24.4,23.98,1.64,-0.56,60,39,20.6,23.7,0.0,-0.7379,0.6749,22.9,24.0,24.0,station
2024-11-13,26.5,25.8,29.5,25.3,27.4,24.9,26.1,28.6,25.5,27.4,26.9,1.65,0.4,59,11,11.9,29.99,0.0,-0.7262,0.6875,25.4,28.0,28.0,station
2024-11-14,30.4,29.2,32.9,29.2,30.4,30.0,28.5,35.5,28.2,29.5,30.42,1.51,0.08,53,24,11.2,29.94,0.0,-0.7143,0.6998,30.1,31.0,31.0,station
2024-11-15,32.9,31.1,34.0,32.0,32.0,33.1,31.1,34.2,32.2,32.4,32.4,1.1,-0.2,49,8,15.4,30.2,0.0,-0.7021,0.712,32.0,31.0,31.0,station
2024-11-16,35.2,32.1,36.5,34.1,33.8,34.9,31.6,35.7,33.7,34.3,34.34,1.64,0.3,55,38,16.2,26.87,0.0,-0.6898,0.724,33.3,35.0,35.0,station
2024-11-17,20.0,20.4,19.1,19.1,22.1,22.4,20.3,20.7,19.4,23.7,20.14,1.23,-1.16,80,71,28.9,13.41,27.5,-0.6772,0.7358,21.1,21.0,21.0,station
2024-11-18,23.2,22.2,27.6,21.5,24.6,23.0,22.3,27.8,22.2,24.7,23.82,2.41,-0.18,68,22,14.5,29.46,0.0,-0.6645,0.7473,23.8,25.0,25.0,station
2024-11-19,22.1,21.7,24.9,22.1,23.3,23.3,21.2,26.0,22.9,22.6,22.82,1.31,-0.38,70,61,15.3,23.17,0.0,-0.6515,0.7586,22.8,24.0,24.0,station
2024-11-20,24.7,24.2,28.0,24.5,25.1,24.5,24.1,27.5,24.0,25.0,25.3,1.54,0.28,64,27,16.9,30.87,0.7,-0.6384,0.7697,25.7,26.0,26.0,station
2024-11-21,24.7,23.7,26.1,24.5,25.3,24.7,23.6,27.2,23.9,24.4,24.86,0.9,0.1,66,50,14.7,23.44,0.0,-0.625,0.7806,25.6,27.0,27.0,station
2024-11-22,27.8,25.8,29.4,27.1,27.0,26.8,25.3,29.7,26.6,27.4,27.42,1.32,0.26,65,13,16.9,28.7,0.0,-0.6115,0.7912,27.7,28.0,28.0,station
2024-11-23,28.8,27.7,31.6,28.1,29.0,28.4,27.2,31.6,28.4,29.2,29.04,1.52,0.08,64,11,14.1,28.97,0.0,-0.5978,0.8016,28.0,29.0,29.0,station
2024-11-24,32.4,29.3,35.1,30.9,31.9,32.1,29.4,35.1,31.5,31.8,31.92,2.14,-0.06,64,40,16.6,27.96,2.8,-0.584,0.8118,33.2,34.0,34.0,station
2024-11-25,28.3,27.2,33.1,29.8,27.3,28.6,27.6,35.1,30.2,26.8,29.14,2.45,-0.52,81,64,18.8,21.67,14.0,-0.5699,0.8217,29.2,29.0,29.0,station
2024-11-26,28.2,26.3,27.9,26.8,27.2,26.1,24.8,30.9,28.1,25.4,27.28,0.78,0.22,82,76,16.0,17.52,6.3,-0.5557,0.8314,26.9,30.0,30.0,station
2024-11-27,26.3,23.6,27.8,25.2,24.0,26.6,23.2,28.4,26.2,27.7,25.38,1.72,-1.04,89,59,16.7,10.16,20.6,-0.5413,0.8408,24.8,28.0,28.0,station
2024-11-28,26.0,24.7,25.9,25.6,26.3,25.6,23.8,28.4,25.9,23.5,25.7,0.61,0.26,77,46,21.0,25.66,0.4,-0.5268,0.85,27.1,27.0,27.0,station
2024-11-29,26.1,26.1,29.4,26.5,25.7,26.4,26.6,29.3,26.9,27.3,26.76,1.5,-0.54,69,20,16.6,30.15,8.4,-0.5121,0.859,26.3,28.0,28.0,station
2024-11-30,24.3,24.8,26.3,24.8,26.0,24.5,24.2,26.6,25.2,26.4,25.24,0.86,-0.14,67,31,17.3,29.07,0.7,-0.4972,0.8676,25.9,26.0,26.0,station
2024-12-01,21.8,19.5,20.0,21.3,20.4,20.7,20.1,20.3,20.1,19.7,20.6,0.94,0.42,75,59,28.6,15.07,24.3,-0.4822,0.8761,22.8,23.0,23.0,station
2024-12-02,21.2,20.9,22.3,20.2,19.2,21.0,21.1,21.5,21.1,18.8,20.76,1.15,0.06,55,20,22.3,28.47,0.0,-0.4671,0.8842,21.1,22.0,22.0,station
2024-12-03,21.6,22.0,22.4,21.4,22.9,21.6,22.4,22.9,20.9,21.1,22.06,0.61,0.28,57,1,14.7,32.7,0.0,-0.4518,0.8921,21.4,23.0,23.0,station
2024-12-04,26.6,26.4,28.6,27.0,27.5,26.1,26.2,29.4,25.9,26.8,27.22,0.88,0.34,51,4,15.5,32.03,0.0,-0.4364,0.8998,26.4,28.0,28.0,station
2024-12-05,31.9,30.2,33.4,31.7,32.0,31.2,29.6,32.8,31.4,32.1,31.84,1.14,0.42,52,22,14.8,31.51,1.1,-0.4208,0.9071,32.1,32.0,32.0,station
2024-12-06,28.9,26.4,30.6,29.2,27.7,29.0,26.5,29.4,29.6,28.7,28.56,1.59,-0.08,62,35,17.4,27.13,0.4,-0.4052,0.9142,26.4,28.0,28.0,station
2024-12-07,20.6,19.7,22.4,19.9,21.3,20.9,19.7,22.8,20.4,21.0,20.78,1.1,-0.18,60,24,17.2,28.68,0.1,-0.3894,0.9211,20.4,21.0,21.0,station
2024-12-08,22.3,21.6,25.7,22.2,23.1,22.7,21.8,26.3,23.0,23.3,22.98,1.61,-0.44,60,0,13.5,32.96,0.0,-0.3735,0.9276,21.4,23.0,23.0,station
2024-12-09,24.3,23.9,27.0,25.0,25.1,25.2,24.3,28.4,24.5,25.1,25.06,1.19,-0.44,60,42,10.9,29.53,0.9,-0.3575,0.9339,24.3,26.0,26.0,station
2024-12-10,29.6,28.2,31.6,28.9,29.0,28.6,28.2,32.5,29.0,29.4,29.46,1.3,-0.08,54,6,13.3,30.5,0.0,-0.3413,0.9399,29.9,31.0,31.0,station
2024-12-11,29.6,28.7,31.3,29.5,30.1,29.0,28.2,31.6,29.3,30.0,29.84,0.96,0.22,54,4,16.6,31.55,0.0,-0.3251,0.9457,29.7,30.0,30.0,station
2024-12-12,32.4,30.8,33.7,31.8,33.0,32.4,30.6,32.8,31.6,33.1,32.34,1.11,0.24,60,44,18.8,27.21,1.3,-0.3088,0.9511,31.8,32.0,32.0,station
2024-12-13,23.6,25.9,31.4,27.2,24.3,26.9,25.4,29.1,24.7,25.9,26.48,3.09,0.08,79,60,15.9,22.2,2.2,-0.2924,0.9563,26.9,27.0,27.0,station
2024-12-14,28.1,27.2,32.3,29.2,29.0,26.3,27.4,33.3,28.5,28.5,29.16,1.93,0.36,74,32,21.2,27.4,0.0,-0.2759,0.9612,27.2,29.0,29.0,station
2024-12-15,26.7,26.3,30.0,27.0,27.5,26.3,25.7,30.2,27.7,27.7,27.5,1.46,-0.02,64,44,16.6,29.43,0.0,-0.2593,0.9658,26.2,28.0,28.0,station
2024-12-16,27.1,25.7,30.7,26.7,27.5,28.1,26.1,30.9,28.2,27.5,27.54,1.89,-0.62,67,3,13.9,32.96,0.0,-0.2427,0.9701,26.6,27.0,27.0,station
2024-12-17,28.4,26.5,30.5,27.7,27.8,28.8,26.9,30.4,28.5,28.2,28.18,1.47,-0.38,66,40,14.9,28.59,0.0,-0.226,0.9741,28.4,28.0,28.0,station
2024-12-18,29.9,27.1,32.5,29.2,29.5,29.1,27.1,34.0,28.9,29.6,29.64,1.93,-0.1,57,73,13.8,26.24,0.0,-0.2092,0.9779,29.1,30.0,30.0,station
2024-12-19,30.5,28.7,29.9,28.2,27.4,32.0,28.5,31.5,26.7,27.1,28.94,1.26,-0.22,67,72,11.3,25.59,2.0,-0.1923,0.9813,28.5,30.0,30.0,station
2024-12-20,28.6,24.8,31.6,31.5,29.3,30.1,25.3,32.3,30.1,29.0,29.16,2.77,-0.2,53,40,22.3,22.04,0.3,-0.1754,0.9845,29.5,30.0,30.0,station
2024-12-21,24.1,23.0,27.9,24.2,25.2,25.1,21.8,27.0,25.4,25.9,24.88,1.86,-0.16,46,66,16.7,22.56,0.0,-0.1585,0.9874,24.0,25.0,25.0,station
2024-12-22,28.3,26.8,31.8,26.8,27.7,29.7,26.8,32.6,27.9,30.4,28.28,2.07,-1.2,50,8,14.5,31.41,0.0,-0.1414,0.9899,27.7,28.0,28.0,station
2024-12-23,30.6,28.8,34.2,30.3,29.2,30.8,29.2,33.9,29.7,28.8,30.62,2.14,0.14,41,54,15.4,27.15,0.1,-0.1244,0.9922,31.6,32.0,32.0,station
2024-12-24,26.9,25.5,30.6,25.1,25.5,26.4,24.9,31.2,24.0,26.0,26.72,2.27,0.22,70,54,18.0,26.28,2.8,-0.1073,0.9942,25.2,25.0,25.0,station
2024-12-25,21.9,22.3,29.0,22.5,26.3,26.5,23.8,30.1,24.0,26.2,24.4,3.12,-1.72,70,61,17.5,17.82,0.0,-0.0902,0.9959,21.4,21.0,21.0,station
2024-12-26,23.8,23.6,29.8,25.0,27.3,25.3,23.8,30.4,23.3,26.9,25.9,2.63,-0.04,69,59,16.1,20.13,0.1,-0.073,0.9973,24.4,28.0,28.0,station
2024-12-27,27.1,25.9,32.7,27.0,28.1,26.9,26.2,33.8,26.6,29.3,28.16,2.65,-0.4,68,1,11.9,32.35,0.0,-0.0559,0.9984,26.6,29.0,29.0,station
2024-12-28,28.9,27.5,32.6,29.0,29.1,29.0,26.7,33.1,27.4,28.7,29.42,1.89,0.44,68,13,15.1,32.4,0.0,-0.0387,0.9993,28.7,30.0,30.0,station
2024-12-29,28.4,25.8,31.6,26.3,27.6,28.5,26.3,32.5,27.9,27.0,27.94,2.29,-0.5,64,38,12.9,31.08,0.0,-0.0215,0.9998,28.3,29.0,29.0,station
2024-12-30,31.0,28.2,32.4,29.0,29.2,30.3,27.5,34.2,29.1,29.0,29.96,1.71,-0.06,63,41,15.8,27.13,0.0,-0.0043,1.0,30.4,30.0,30.0,station
2024-12-31,31.8,29.4,35.0,30.8,30.8,31.8,29.1,34.6,29.6,30.6,31.56,2.1,0.42,57,62,15.7,27.33,0.0,0.0129,0.9999,31.2,,,
2025-01-01,31.2,30.9,36.5,32.1,31.6,31.7,29.7,33.3,34.0,32.6,32.46,2.3,0.2,69,49,15.1,26.21,24.9,0.0172,0.9999,33.8,37.0,37.0,station
2025-01-02,30.3,29.1,34.2,30.7,25.9,29.6,29.7,34.4,31.8,30.8,30.04,2.99,-1.22,59,12,26.8,31.29,0.0,0.0344,0.9994,29.7,32.0,32.0,station
2025-01-03,27.4,27.3,32.6,26.9,28.3,27.8,27.1,32.1,27.5,26.0,28.5,2.35,0.4,55,7,18.4,31.51,0.0,0.0516,0.9987,26.8,29.0,29.0,station
2025-01-04,28.7,26.8,32.7,27.0,28.5,29.1,27.0,32.8,28.4,29.7,28.74,2.37,-0.66,65,10,12.8,32.06,0.0,0.0688,0.9976,26.1,29.0,29.0,station
2025-01-05,28.5,25.4,32.0,27.6,27.9,28.5,25.9,32.4,27.4,28.4,28.28,2.39,-0.24,64,29,12.0,32.0,0.0,0.0859,0.9963,27.5,30.0,30.0,station
2025-01-06,29.1,26.1,32.8,27.8,27.2,29.4,26.8,33.0,28.3,27.4,28.6,2.59,-0.38,62,38,13.5,31.38,0.0,0.103,0.9947,28.8,28.0,28.0,station
2025-01-07,31.7,28.8,33.8,30.8,27.5,29.8,28.6,32.7,30.8,29.2,30.52,2.47,0.3,60,17,12.8,29.8,0.0,0.1201,0.9928,30.8,30.0,30.0,station
2025-01-08,32.0,29.9,34.9,31.9,30.3,32.7,29.9,35.4,32.8,31.3,31.8,1.97,-0.62,55,12,12.3,32.19,0.0,0.1372,0.9905,31.5,32.0,32.0,station
2025-01-09,32.5,30.3,35.7,32.4,31.1,32.6,30.2,36.1,33.1,31.3,32.4,2.06,-0.26,49,34,12.1,32.17,0.0,0.1542,0.988,32.5,32.0,32.0,station
2025-01-10,33.3,30.4,35.8,32.9,31.2,33.3,29.3,34.5,33.4,31.4,32.72,2.09,0.34,55,44,14.0,29.06,0.0,0.1712,0.9852,32.5,32.0,32.0,station
2025-01-11,30.6,28.9,32.5,30.3,29.6,31.5,28.9,33.3,30.3,28.9,30.38,1.36,-0.2,60,24,14.3,29.94,0.0,0.1881,0.9821,31.5,31.0,31.0,station
2025-01-12,31.4,29.1,33.6,31.2,29.9,31.7,29.4,34.7,30.4,29.1,31.04,1.72,-0.02,58,3,13.8,30.72,0.0,0.205,0.9788,30.9,31.0,31.0,station
2025-01-13,33.1,30.6,35.3,32.8,32.6,33.7,30.3,37.0,33.5,32.4,32.88,1.67,-0.5,49,6,13.0,31.18,0.0,0.2218,0.9751,32.6,34.0,34.0,station
2025-01-14,33.8,31.6,35.9,33.1,32.5,33.7,30.9,37.6,33.9,33.2,33.38,1.62,-0.48,49,22,12.9,31.49,0.0,0.2385,0.9711,33.1,34.0,34.0,station
2025-01-15,35.6,33.3,38.8,34.8,33.8,35.8,33.0,40.4,35.2,34.4,35.26,2.17,-0.5,45,0,12.9,31.01,0.0,0.2552,0.9669,34.9,36.0,36.0,station
2025-01-16,37.8,34.4,40.0,36.7,35.5,37.2,34.6,41.2,37.3,35.9,36.88,2.16,-0.36,50,36,13.0,25.73,0.6,0.2718,0.9624,36.3,37.0,37.0,station
2025-01-17,32.5,29.5,38.1,31.8,33.2,34.0,29.9,39.5,33.4,34.1,33.02,3.16,-1.16,60,71,19.0,26.09,1.7,0.2883,0.9575,33.8,35.0,35.0,station
2025-01-18,31.3,25.8,33.9,29.2,31.4,30.4,26.7,31.2,24.8,23.8,30.32,3.03,2.94,68,93,20.3,21.59,3.4,0.3047,0.9524,30.1,30.0,30.0,station
2025-01-19,25.0,23.3,28.9,25.6,28.4,22.8,23.4,28.0,25.9,26.6,26.24,2.36,0.9,85,94,20.9,11.56,18.7,0.3211,0.9471,26.6,27.0,27.0,station
2025-01-20,27.0,25.6,27.9,27.4,28.9,28.3,26.1,31.0,28.4,28.4,27.36,1.21,-1.08,72,52,18.5,30.14,2.6,0.3373,0.9414,26.8,29.0,29.0,station
2025-01-21,27.9,27.7,29.7,29.9,30.4,28.1,27.8,31.0,29.7,30.9,29.12,1.23,-0.38,69,13,10.4,29.85,0.0,0.3534,0.9355,28.4,32.0,32.0,station
2025-01-22,32.9,32.7,36.9,34.2,34.1,32.0,32.1,37.0,34.6,33.7,34.16,1.68,0.28,59,18,11.2,27.94,0.0,0.3695,0.9292,33.3,36.0,36.0,station
2025-01-23,34.8,32.5,37.0,36.0,35.8,33.6,32.1,37.6,34.0,35.0,35.22,1.71,0.76,58,36,15.3,27.43,0.0,0.3854,0.9227,35.0,37.0,37.0,station
2025-01-24,32.9,31.5,37.5,32.6,34.1,32.2,29.4,37.8,33.4,35.1,33.72,2.31,0.14,66,52,13.7,25.88,0.0,0.4012,0.916,31.0,33.0,33.0,station
2025-01-25,33.0,30.8,34.7,32.5,31.4,33.0,31.2,34.5,32.9,31.3,32.48,1.52,-0.1,53,15,13.3,30.89,0.0,0.4169,0.9089,32.6,33.0,33.0,station
2025-01-26,33.4,31.6,35.3,32.9,31.8,32.9,32.1,36.7,32.2,32.3,33.0,1.49,-0.24,37,38,16.7,31.27,0.0,0.4325,0.9016,33.2,33.0,33.0,station
2025-01-27,28.0,27.2,33.4,29.8,31.1,28.4,26.6,30.8,34.3,30.3,29.9,2.48,-0.18,67,37,18.4,22.1,8.0,0.4479,0.8941,29.9,32.0,32.0,station
2025-01-28,30.6,29.5,34.6,32.9,31.1,28.7,28.8,35.2,30.7,31.5,31.74,2.02,0.76,73,85,15.4,24.91,0.1,0.4633,0.8862,30.0,33.0,33.0,station
2025-01-29,30.5,29.8,35.1,32.0,30.3,32.3,29.6,35.0,32.9,31.3,31.54,2.15,-0.68,75,42,14.9,26.3,1.4,0.4784,0.8781,30.3,33.0,33.0,station
2025-01-30,29.9,29.3,32.5,31.0,29.5,30.5,28.7,33.6,30.6,29.6,30.44,1.33,-0.16,68,4,14.0,29.12,0.0,0.4935,0.8698,29.4,32.0,32.0,station
2025-01-31,31.2,29.4,34.5,31.6,31.1,31.9,29.5,35.1,32.0,31.4,31.56,1.85,-0.42,63,6,13.3,28.02,0.0,0.5084,0.8611,30.6,31.0,31.0,station
2025-02-01,34.5,31.7,36.9,34.2,32.8,36.5,31.5,39.5,35.6,34.2,34.02,1.96,-1.44,63,6,12.8,28.26,0.0,0.5231,0.8523,32.9,34.0,34.0,station
2025-02-02,36.2,33.6,37.9,35.3,34.8,35.9,32.5,39.7,35.8,34.7,35.56,1.61,-0.16,51,6,11.3,29.12,0.0,0.5377,0.8432,35.9,37.0,37.0,station
2025-02-03,38.8,34.9,41.3,37.6,36.0,38.2,34.0,42.7,38.0,36.8,37.72,2.5,-0.22,47,69,14.7,24.39,0.0,0.5521,0.8338,37.8,39.0,39.0,station
2025-02-04,32.4,26.4,38.2,32.1,30.6,32.0,26.0,38.6,29.0,31.4,31.94,4.24,0.54,73,78,17.1,17.9,7.3,0.5664,0.8242,31.1,31.0,31.0,station
2025-02-05,24.6,23.8,23.5,23.9,24.4,24.9,23.0,24.0,24.3,22.4,24.04,0.45,0.32,90,75,15.8,7.78,44.6,0.5805,0.8143,25.5,24.0,24.0,station
2025-02-06,29.3,27.6,29.5,28.7,28.9,28.8,28.0,31.3,30.5,29.6,28.8,0.74,-0.84,77,2,10.8,29.12,0.0,0.5944,0.8042,28.4,32.0,32.0,station
2025-02-07,29.6,30.4,31.8,31.1,30.1,29.2,30.0,33.0,31.0,28.7,30.6,0.86,0.22,67,0,13.8,29.52,0.0,0.6081,0.7938,30.0,33.0,33.0,station
2025-02-08,33.5,33.1,36.1,35.5,35.0,33.2,32.7,37.7,34.1,34.4,34.64,1.29,0.22,66,21,17.0,26.88,0.0,0.6217,0.7833,33.4,34.0,34.0,station
2025-02-09,30.1,27.5,32.1,30.0,28.1,30.1,26.4,32.4,29.3,30.8,29.56,1.82,-0.24,70,56,18.6,25.73,0.0,0.6351,0.7725,32.5,30.0,30.0,station
2025-02-10,37.9,35.3,42.5,38.8,35.6,38.0,34.7,41.7,39.8,38.1,38.02,2.91,-0.44,64,22,20.8,28.0,0.0,0.6483,0.7614,36.5,39.0,39.0,station
2025-02-11,29.9,26.9,29.7,27.5,26.3,30.4,27.2,28.6,27.8,26.0,28.06,1.65,0.06,82,84,22.0,9.05,20.7,0.6613,0.7502,27.6,28.0,28.0,station
2025-02-12,27.0,25.5,27.6,26.3,26.3,27.0,25.1,29.1,26.5,26.0,26.54,0.8,-0.2,74,69,16.1,21.42,0.0,0.6741,0.7387,26.9,28.0,28.0,station
2025-02-13,29.0,28.6,31.0,28.4,28.7,28.4,28.2,32.0,28.3,29.0,29.14,1.06,-0.04,61,0,10.4,28.69,0.0,0.6867,0.727,29.0,31.0,31.0,station
2025-02-14,27.4,24.5,29.9,28.6,28.3,28.4,24.8,29.7,27.8,28.8,27.74,2.02,-0.16,69,54,18.7,16.81,13.1,0.6991,0.715,28.0,28.0,28.0,station
2025-02-15,27.4,25.6,31.3,28.6,31.5,28.2,26.2,31.7,28.6,26.5,28.88,2.54,0.64,76,65,11.5,18.15,0.3,0.7113,0.7029,27.2,30.0,30.0,station
2025-02-16,28.6,26.5,31.2,31.3,30.3,29.5,26.1,30.6,30.6,33.5,29.58,2.03,-0.48,79,72,10.5,16.78,2.7,0.7233,0.6906,28.7,30.0,30.0,station
2025-02-17,29.5,28.8,32.0,30.2,30.8,29.6,29.7,33.2,30.4,30.6,30.26,1.23,-0.44,68,7,22.4,28.16,0.1,0.735,0.678,28.5,31.0,31.0,station
2025-02-18,22.9,20.7,24.8,22.7,23.2,22.3,21.3,25.8,22.6,21.7,22.86,1.46,0.12,59,20,15.7,27.27,0.0,0.7466,0.6653,21.6,24.0,24.0,station
2025-02-19,29.9,28.9,31.5,28.6,29.6,29.0,27.6,32.1,27.6,26.8,29.7,1.13,1.08,60,3,10.2,27.64,0.0,0.7579,0.6523,28.2,30.0,30.0,station
2025-02-20,33.0,31.6,35.3,32.8,34.0,33.3,31.7,34.4,31.9,33.2,33.34,1.39,0.44,63,10,11.7,25.64,0.1,0.769,0.6392,32.5,33.0,33.0,station
2025-02-21,32.9,33.7,37.9,35.1,35.2,33.8,33.8,38.2,33.5,35.0,34.96,1.91,0.1,72,30,12.3,22.68,3.4,0.7799,0.6259,32.5,37.0,37.0,station
2025-02-22,33.3,34.2,38.3,33.0,34.2,33.5,33.3,40.1,34.5,34.9,34.6,2.14,-0.66,73,38,12.0,22.98,0.0,0.7906,0.6124,33.7,33.0,33.0,station
2025-02-23,35.7,32.5,41.0,34.5,29.2,34.1,29.8,42.1,35.0,36.9,34.58,4.35,-1.0,76,71,12.7,14.57,0.4,0.801,0.5987,30.0,32.0,32.0,station
2025-02-24,31.7,27.1,37.9,27.5,28.2,33.8,26.2,32.1,26.3,29.1,30.48,4.53,0.98,87,95,15.4,6.52,13.1,0.8112,0.5848,27.6,29.0,29.0,station
2025-02-25,28.8,27.9,30.7,28.2,24.7,30.3,27.4,25.0,28.4,24.9,28.06,2.17,0.86,86,90,10.5,9.29,0.2,0.8211,0.5708,26.2,27.0,27.0,station
2025-02-26,26.2,24.7,25.6,23.8,24.2,25.7,24.5,23.0,24.7,23.5,24.9,0.99,0.62,80,60,20.3,16.31,2.5,0.8308,0.5566,27.4,29.0,29.0,station
2025-02-27,27.8,27.6,30.7,26.0,24.8,27.1,28.2,28.6,26.2,25.0,27.38,2.23,0.36,78,97,19.2,15.79,0.4,0.8402,0.5422,28.3,29.0,29.0,station
2025-02-28,30.4,28.6,32.4,27.9,31.4,28.4,29.4,32.1,26.9,24.0,30.14,1.88,1.98,89,89,18.3,9.91,21.0,0.8495,0.5277,27.7,27.0,27.0,station
2025-03-01,29.7,26.7,31.3,28.9,26.7,30.8,27.3,28.9,30.3,25.7,28.66,1.99,0.06,81,77,17.1,21.7,6.0,0.8584,0.513,29.1,29.0,29.0,station
2025-03-02,24.6,23.9,23.5,23.9,22.7,24.1,24.6,25.8,25.3,23.7,23.72,0.69,-0.98,90,100,18.2,9.84,10.8,0.8671,0.4981,25.9,27.0,27.0,station
2025-03-03,26.3,23.7,25.0,28.7,26.2,29.9,24.0,30.3,26.7,27.4,25.98,1.85,-1.68,92,92,13.6,9.35,33.0,0.8755,0.4831,26.9,24.0,24.0,station
2025-03-04,31.6,25.6,28.8,28.9,27.4,30.7,27.5,28.3,30.7,25.4,28.46,2.21,-0.06,88,91,16.4,12.41,16.5,0.8837,0.468,30.2,28.0,28.0,station
2025-03-05,34.6,33.8,37.4,33.0,32.8,34.0,33.7,35.7,34.8,32.1,34.32,1.86,0.26,80,45,16.6,21.19,3.9,0.8916,0.4527,34.8,38.0,38.0,station
2025-03-06,35.1,34.6,38.0,35.3,33.0,34.1,33.6,38.3,33.8,31.9,35.2,1.81,0.86,76,59,14.8,20.17,1.5,0.8993,0.4373,33.4,34.0,34.0,station
2025-03-07,32.7,33.2,37.7,34.2,34.6,33.8,33.5,37.8,33.9,33.7,34.48,1.95,-0.06,72,21,18.4,23.13,0.2,0.9067,0.4218,33.7,35.0,35.0,station
2025-03-08,27.6,25.4,29.8,27.3,28.4,24.6,25.6,26.8,27.6,24.6,27.7,1.61,1.86,82,83,22.2,6.87,15.6,0.9138,0.4061,24.0,22.0,22.0,station
2025-03-09,21.9,21.7,21.5,20.4,21.2,21.9,21.3,20.8,21.0,21.1,21.34,0.59,0.12,68,31,15.5,20.38,0.0,0.9207,0.3904,20.8,22.0,22.0,station
2025-03-10,23.1,23.2,24.3,22.7,24.3,23.0,23.5,25.4,22.7,24.0,23.52,0.74,-0.2,69,7,13.3,24.05,0.0,0.9272,0.3745,23.3,24.0,24.0,station
2025-03-11,22.0,18.1,19.7,20.1,23.3,20.5,18.8,21.2,17.6,21.2,20.64,2.03,0.78,77,71,16.6,11.14,1.7,0.9335,0.3585,20.8,22.0,22.0,station
2025-03-12,21.5,20.9,21.9,21.0,21.5,21.2,19.4,22.7,21.3,23.3,21.36,0.41,-0.22,65,73,13.3,19.51,0.0,0.9396,0.3424,21.5,22.0,22.0,station
2025-03-13,19.9,21.1,21.3,20.7,20.7,21.0,21.4,22.5,21.2,21.4,20.74,0.54,-0.76,70,15,11.5,21.54,0.0,0.9453,0.3261,19.8,21.0,21.0,station
2025-03-14,22.8,23.6,23.3,23.0,23.4,22.7,23.7,23.6,23.4,23.1,23.22,0.32,-0.08,77,53,10.1,16.3,0.2,0.9508,0.3098,22.1,22.0,22.0,station
2025-03-15,23.8,24.4,25.3,22.8,24.2,23.4,24.3,25.7,24.0,23.6,24.1,0.91,-0.1,73,51,10.5,20.91,0.0,0.956,0.2934,24.0,25.0,25.0,station
2025-03-16,24.0,24.3,26.8,22.1,24.4,24.0,24.2,27.9,24.4,26.0,24.32,1.67,-0.98,72,93,10.4,13.0,0.0,0.9609,0.2769,24.8,25.0,25.0,station
2025-03-17,28.7,28.1,29.7,27.2,28.9,28.2,28.1,30.3,27.6,28.8,28.52,0.93,-0.08,69,13,10.0,21.82,0.0,0.9655,0.2604,28.1,30.0,30.0,station
2025-03-18,28.8,30.0,30.1,29.1,28.7,29.4,30.4,30.2,28.7,29.1,29.34,0.67,-0.22,81,33,13.6,17.83,6.0,0.9698,0.2437,28.1,32.0,32.0,station
2025-03-19,29.2,30.1,32.2,30.5,31.9,29.5,30.8,32.3,29.5,26.6,30.78,1.26,1.04,76,21,15.9,20.62,2.6,0.9739,0.227,29.7,32.0,32.0,station
2025-03-20,32.5,32.1,33.7,32.0,32.0,31.5,31.7,34.6,32.1,33.1,32.46,0.72,-0.14,66,26,10.7,22.08,0.0,0.9777,0.2102,31.0,33.0,33.0,station
2025-03-21,32.4,31.9,34.3,31.9,31.9,32.5,31.9,34.3,31.8,31.4,32.48,1.04,0.1,63,70,12.8,20.09,0.1,0.9811,0.1934,31.6,33.0,33.0,station
2025-03-22,25.9,23.7,29.3,26.0,30.2,29.6,23.5,32.1,30.1,31.6,27.02,2.68,-2.36,78,97,12.3,12.53,20.4,0.9843,0.1765,27.0,27.0,27.0,station
2025-03-23,23.5,22.0,27.2,23.4,20.7,24.5,22.6,29.5,24.6,21.3,23.36,2.43,-1.14,93,96,16.8,9.6,15.4,0.9872,0.1595,22.3,23.0,23.0,station
2025-03-24,24.6,23.1,25.4,23.2,23.4,22.1,22.6,20.7,22.1,20.8,23.94,1.01,2.28,90,99,15.6,10.33,10.5,0.9898,0.1425,23.6,24.0,24.0,station
2025-03-25,24.8,23.7,25.6,23.0,22.5,24.4,23.0,26.4,22.2,21.6,23.92,1.28,0.4,78,27,15.5,20.12,0.0,0.9921,0.1255,24.3,25.0,25.0,station
2025-03-26,24.5,25.2,26.7,25.1,24.1,25.3,25.0,28.2,24.7,23.9,25.12,0.99,-0.3,79,9,12.9,20.37,0.0,0.9941,0.1084,24.9,26.0,26.0,station
2025-03-27,26.2,26.4,29.5,26.6,24.9,25.9,26.5,27.9,26.6,24.4,26.72,1.69,0.46,83,78,10.8,17.94,5.3,0.9958,0.0913,27.5,30.0,30.0,station
2025-03-28,24.2,24.2,24.6,21.5,22.7,23.0,22.8,24.3,23.9,23.9,23.44,1.3,-0.14,89,59,14.6,13.91,5.1,0.9972,0.0741,25.3,27.0,27.0,station
2025-03-29,24.5,25.6,27.0,25.6,24.9,25.1,25.4,26.7,25.9,24.8,25.52,0.95,-0.06,79,31,11.4,19.7,0.0,0.9984,0.057,25.3,27.0,27.0,station
2025-03-30,28.9,29.6,30.0,27.9,28.3,28.6,28.0,28.8,26.5,24.9,28.94,0.87,1.58,81,34,24.3,17.85,30.5,0.9992,0.0398,28.7,31.0,31.0,station
2025-03-31,20.1,19.7,20.9,20.5,19.0,21.1,19.9,20.6,20.0,18.2,20.04,0.73,0.08,74,68,23.0,14.34,2.3,0.9997,0.0226,20.1,21.0,21.0,station
2025-04-01,20.1,21.2,21.8,20.5,20.1,20.6,20.6,21.2,20.7,19.9,20.74,0.74,0.14,73,18,12.0,20.04,0.3,1.0,0.0054,20.1,21.0,21.0,station
2025-04-02,22.2,23.8,24.3,23.2,23.8,22.8,24.0,25.5,23.1,22.9,23.46,0.8,-0.2,77,11,8.8,19.93,0.0,0.9999,-0.0118,22.8,24.0,24.0,station
2025-04-03,20.9,20.6,22.4,22.0,22.8,21.7,21.7,23.1,24.3,24.2,21.74,0.95,-1.26,65,9,27.1,19.4,0.0,0.9996,-0.029,20.4,21.0,21.0,station
2025-04-04,15.9,16.0,17.9,15.7,16.0,15.8,15.9,17.8,14.9,15.4,16.3,0.9,0.34,66,16,16.2,19.53,0.0,0.9989,-0.0462,15.7,16.0,16.0,station
2025-04-05,17.8,18.6,19.9,18.6,18.7,17.8,18.5,20.1,19.0,18.5,18.72,0.75,-0.06,68,48,11.5,18.07,0.0,0.998,-0.0634,18.0,19.0,19.0,station
2025-04-06,21.6,22.3,23.9,22.0,22.6,21.6,22.1,24.0,22.5,22.1,22.48,0.88,0.02,75,81,16.6,18.06,0.0,0.9968,-0.0805,22.0,23.0,23.0,station
2025-04-07,18.9,17.9,18.9,18.5,20.6,19.0,17.7,19.7,19.3,19.8,18.96,1.0,-0.14,86,100,19.9,4.23,19.9,0.9952,-0.0977,18.8,19.0,19.0,station
2025-04-08,20.8,20.9,20.5,20.6,20.2,21.3,20.4,20.8,20.6,20.9,20.6,0.27,-0.2,85,85,23.8,7.22,2.4,0.9934,-0.1148,21.3,22.0,22.0,station
2025-04-09,22.8,22.8,20.6,20.7,22.7,21.9,22.2,22.7,22.4,21.6,21.92,1.16,-0.24,80,32,20.5,14.66,1.2,0.9913,-0.1319,23.2,23.0,23.0,station
2025-04-10,23.0,23.1,22.4,22.0,22.2,22.3,22.6,23.0,23.8,23.3,22.54,0.49,-0.46,83,60,18.6,12.53,0.8,0.9889,-0.1489,23.5,24.0,24.0,station
2025-04-11,23.4,24.4,24.5,24.2,23.2,23.7,23.9,24.5,23.4,22.4,23.94,0.6,0.36,82,71,17.5,14.49,0.9,0.9861,-0.1659,24.1,26.0,26.0,station
2025-04-12,23.6,22.5,23.8,23.0,23.2,23.3,23.0,23.9,22.6,22.3,23.22,0.51,0.2,81,64,17.4,14.17,2.9,0.9831,-0.1828,24.0,24.0,24.0,station
2025-04-13,20.6,22.4,21.6,21.2,20.8,20.3,22.9,21.7,20.7,20.8,21.32,0.72,0.04,68,0,10.8,17.74,0.0,0.9799,-0.1997,20.9,22.0,22.0,station
2025-04-14,20.8,21.0,20.5,21.1,21.5,20.3,20.5,20.8,20.3,21.1,20.98,0.37,0.38,77,59,13.7,16.53,0.0,0.9763,-0.2165,22.1,22.0,22.0,station
2025-04-15,19.4,18.9,19.2,18.6,20.2,19.9,18.3,18.0,18.1,19.1,19.26,0.61,0.58,82,72,13.7,9.59,1.2,0.9724,-0.2333,19.9,20.0,20.0,station
2025-04-16,19.7,18.8,21.1,18.9,22.4,19.0,18.1,22.9,19.6,22.9,20.18,1.54,-0.32,83,76,14.8,13.18,3.9,0.9683,-0.25,20.1,22.0,22.0,station
2025-04-17,20.9,19.3,22.7,22.7,21.6,20.7,18.3,23.0,23.1,23.3,21.44,1.42,-0.24,86,85,20.4,12.33,19.8,0.9638,-0.2666,22.9,23.0,23.0,station
2025-04-18,20.9,21.4,21.2,20.6,18.3,21.0,22.1,21.4,21.3,18.9,20.48,1.26,-0.46,76,37,14.6,14.95,0.0,0.9591,-0.2831,20.6,21.0,21.0,station
2025-04-19,18.2,18.8,18.0,17.7,16.7,18.4,18.6,17.9,17.5,15.9,17.88,0.77,0.22,72,13,12.5,16.34,0.0,0.9541,-0.2996,18.3,18.0,18.0,station
2025-04-20,18.5,18.6,17.5,18.6,17.9,18.6,18.4,18.5,18.1,17.7,18.22,0.5,-0.04,77,55,8.1,15.15,0.0,0.9488,-0.316,18.2,19.0,19.0,station
2025-04-21,19.2,20.0,20.4,19.4,20.3,20.1,20.3,20.3,21.1,20.3,19.86,0.54,-0.56,79,44,8.0,14.73,0.0,0.9432,-0.3322,19.6,21.0,21.0,station
2025-04-22,23.0,23.5,23.1,22.9,24.3,22.2,22.9,23.1,23.2,24.2,23.36,0.57,0.24,74,79,9.7,14.11,0.0,0.9373,-0.3484,23.2,25.0,25.0,station
2025-04-23,23.9,25.5,24.5,23.1,23.9,23.7,25.0,24.3,23.8,25.1,24.18,0.89,-0.2,74,86,10.0,11.0,0.0,0.9312,-0.3645,24.3,27.0,27.0,station
2025-04-24,22.3,22.1,22.0,23.9,24.4,21.8,21.9,22.2,22.3,25.1,22.94,1.12,0.28,83,62,11.7,13.35,0.0,0.9248,-0.3804,23.8,24.0,24.0,station
2025-04-25,25.6,25.8,23.0,24.0,26.0,23.1,23.4,24.6,24.7,24.9,24.88,1.32,0.74,83,46,17.4,12.16,4.7,0.9181,-0.3963,25.9,27.0,27.0,station
2025-04-26,18.4,19.8,18.7,19.5,18.3,18.4,19.4,18.2,19.6,18.9,18.94,0.67,0.04,64,33,23.7,15.84,11.3,0.9112,-0.412,19.1,23.0,23.0,station
2025-04-27,19.8,21.2,19.4,20.8,17.2,19.4,21.0,19.4,20.3,16.4,19.68,1.57,0.38,63,21,20.4,15.21,0.0,0.9039,-0.4276,19.7,21.0,21.0,station
2025-04-28,19.8,21.6,18.8,20.2,20.0,19.4,21.4,19.2,20.0,19.2,20.08,1.01,0.24,68,0,12.0,15.07,0.0,0.8965,-0.4431,20.0,21.0,21.0,station
2025-04-29,21.3,22.8,21.2,22.0,23.3,21.1,23.0,20.7,21.2,22.3,22.12,0.92,0.46,72,5,9.4,15.08,0.0,0.8887,-0.4585,21.2,23.0,23.0,station
2025-04-30,23.2,24.4,22.8,24.0,25.4,22.7,24.2,22.9,23.6,24.6,23.96,1.02,0.36,70,17,10.2,14.79,0.0,0.8807,-0.4737,23.3,25.0,25.0,station
2025-05-01,20.8,21.7,20.8,22.1,22.8,20.5,21.4,21.1,22.3,22.2,21.64,0.86,0.14,73,99,11.3,11.25,0.0,0.8724,-0.4888,20.6,22.0,22.0,station
2025-05-02,23.4,24.8,23.5,23.2,25.0,23.5,24.7,24.3,23.7,25.2,23.98,0.85,-0.3,76,18,8.3,14.4,0.0,0.8639,-0.5037,23.1,24.0,24.0,station
2025-05-03,23.9,25.6,24.8,24.7,25.0,24.0,26.1,25.3,24.4,25.6,24.8,0.61,-0.28,78,19,9.6,13.92,0.0,0.8551,-0.5185,24.3,25.0,25.0,station
2025-05-04,23.9,24.6,26.9,25.2,26.8,25.8,24.8,26.2,25.6,21.7,25.48,1.33,0.66,84,47,15.1,10.09,21.9,0.846,-0.5331,25.0,27.0,27.0,station
2025-05-05,18.5,17.7,17.8,19.2,18.6,18.6,19.1,17.8,20.7,18.4,18.36,0.62,-0.56,93,100,21.3,3.21,5.8,0.8367,-0.5476,18.9,18.0,18.0,station
2025-05-06,22.1,23.0,21.9,22.4,20.1,22.4,22.1,19.9,22.7,19.9,21.9,1.09,0.5,91,61,15.5,11.98,18.2,0.8272,-0.5619,22.7,25.0,25.0,station
2025-05-07,22.1,22.0,21.0,21.6,19.5,21.5,21.2,21.8,22.4,20.1,21.24,1.06,-0.16,90,95,13.7,6.99,9.8,0.8174,-0.5761,21.5,21.0,21.0,station
2025-05-08,20.3,19.5,19.3,20.7,17.8,20.5,19.7,19.3,21.3,19.3,19.52,1.12,-0.5,88,73,14.3,9.71,0.5,0.8074,-0.59,22.2,23.0,23.0,station
2025-05-09,21.1,21.8,20.2,20.2,17.6,20.1,20.8,20.8,20.0,17.2,20.18,1.59,0.4,77,33,13.4,13.34,0.0,0.7971,-0.6038,20.9,21.0,21.0,station
2025-05-10,20.2,21.0,19.6,21.0,19.7,20.5,21.3,20.1,21.3,20.6,20.3,0.68,-0.46,70,6,14.3,13.14,0.0,0.7866,-0.6175,19.7,21.0,21.0,station
2025-05-11,18.7,20.2,18.7,19.6,20.2,19.2,21.0,18.9,20.7,19.7,19.48,0.75,-0.42,72,0,12.1,13.38,0.0,0.7759,-0.6309,18.8,20.0,20.0,station
2025-05-12,18.8,20.0,18.0,18.4,20.1,18.4,19.6,18.2,18.7,19.9,19.06,0.95,0.1,80,32,13.5,13.01,0.0,0.7649,-0.6442,18.8,20.0,20.0,station
2025-05-13,21.5,22.2,21.0,21.5,23.4,21.1,22.1,21.2,21.2,22.6,21.92,0.93,0.28,84,26,11.7,12.84,0.0,0.7537,-0.6572,21.5,23.0,23.0,station
2025-05-14,24.0,24.8,22.5,24.4,26.1,24.2,24.7,22.8,23.8,26.7,24.36,1.3,-0.08,82,99,10.6,10.95,0.0,0.7423,-0.6701,24.1,26.0,26.0,station
2025-05-15,25.0,25.6,21.4,24.6,28.8,23.3,25.0,22.2,23.7,27.5,25.08,2.64,0.74,89,98,13.5,4.76,12.8,0.7306,-0.6828,23.9,24.0,24.0,station
2025-05-16,21.4,20.7,24.1,21.7,26.6,22.8,22.4,24.9,23.9,27.5,22.9,2.43,-1.4,95,100,20.0,2.6,53.5,0.7188,-0.6952,20.4,21.0,21.0,station
2025-05-17,22.8,22.0,25.5,21.9,21.9,21.5,20.4,23.3,21.7,22.1,22.82,1.54,1.02,90,97,19.5,6.83,27.6,0.7067,-0.7075,22.4,20.0,20.0,station
2025-05-18,19.2,17.5,18.3,19.2,18.2,18.5,17.6,18.1,19.2,18.2,18.48,0.73,0.16,60,40,22.8,12.84,6.0,0.6945,-0.7195,18.0,18.0,18.0,station
2025-05-19,13.0,12.6,13.7,12.2,10.9,12.9,12.8,13.6,13.9,13.1,12.48,1.04,-0.78,80,58,9.8,3.89,1.0,0.682,-0.7314,13.1,12.0,12.0,station
2025-05-20,16.8,17.5,14.8,15.5,14.1,15.1,16.7,14.8,15.2,12.9,15.74,1.4,0.8,75,37,9.5,12.31,0.0,0.6693,-0.743,16.3,16.0,16.0,station
2025-05-21,14.7,14.5,14.0,13.3,13.9,13.6,14.6,14.0,14.4,12.5,14.08,0.55,0.26,69,57,9.2,9.09,0.0,0.6564,-0.7544,14.1,14.0,14.0,station
2025-05-22,15.9,16.7,15.2,15.4,16.4,15.8,16.4,15.2,15.2,16.1,15.92,0.64,0.18,78,31,11.1,11.81,0.0,0.6433,-0.7656,15.8,16.0,16.0,station
2025-05-23,15.4,16.3,15.0,14.7,16.0,15.9,16.4,15.4,14.4,16.2,15.48,0.67,-0.18,76,54,16.0,11.42,0.0,0.6301,-0.7765,15.3,16.0,16.0,station
2025-05-24,16.7,16.9,16.3,16.1,18.6,16.1,16.6,16.4,14.9,18.0,16.92,0.99,0.52,82,47,13.0,10.93,0.5,0.6166,-0.7873,18.0,20.0,20.0,station
2025-05-25,18.4,17.3,18.9,17.9,20.6,17.7,17.2,18.8,19.1,20.4,18.62,1.26,-0.02,90,46,14.5,7.83,0.3,0.603,-0.7978,18.5,18.0,18.0,station
2025-05-26,19.3,20.1,20.7,18.4,18.7,19.3,20.0,21.3,20.6,20.5,19.44,0.96,-0.9,93,79,20.4,5.28,1.7,0.5892,-0.808,19.8,19.0,19.0,station
2025-05-27,18.0,18.2,18.8,16.9,17.9,18.2,18.1,19.1,17.6,18.2,17.96,0.69,-0.28,87,96,28.4,2.48,25.7,0.5752,-0.818,17.6,19.0,19.0,station
2025-05-28,12.0,12.7,10.5,11.0,9.2,11.8,12.5,11.0,10.9,8.7,11.08,1.36,0.1,70,58,24.8,7.56,0.0,0.561,-0.8278,11.9,12.0,12.0,station
2025-05-29,12.8,13.7,11.2,11.2,10.1,12.7,13.0,11.2,11.3,9.8,11.8,1.43,0.2,70,36,10.2,9.65,0.0,0.5467,-0.8373,11.9,13.0,13.0,station
2025-05-30,13.9,14.8,12.8,13.0,12.6,13.7,14.7,13.0,12.4,11.6,13.42,0.92,0.34,74,47,12.9,10.34,0.0,0.5322,-0.8466,13.3,15.0,15.0,station
2025-05-31,15.9,17.3,14.5,14.7,14.7,14.8,16.6,13.9,13.9,14.3,15.42,1.19,0.72,75,11,15.2,11.46,0.1,0.5176,-0.8556,15.9,17.0,17.0,station
2025-06-01,15.2,17.3,13.8,15.0,14.9,15.0,16.5,14.5,15.0,13.8,15.24,1.27,0.28,71,13,11.0,11.68,0.0,0.5028,-0.8644,14.6,17.0,17.0,station
2025-06-02,16.4,17.6,16.0,16.8,17.8,16.1,17.6,15.7,16.5,17.3,16.92,0.77,0.28,79,38,12.2,11.24,0.0,0.4878,-0.8729,16.0,17.0,17.0,station
2025-06-03,17.0,16.6,15.5,16.6,17.9,16.9,16.9,15.7,16.6,16.8,16.72,0.86,0.14,83,94,9.6,8.53,0.0,0.4728,-0.8812,16.2,17.0,17.0,station
2025-06-04,18.7,19.5,18.0,18.6,20.5,18.9,19.5,18.2,18.0,21.6,19.06,0.97,-0.18,86,80,10.4,9.99,0.0,0.4575,-0.8892,18.3,18.0,18.0,station
2025-06-05,14.6,15.2,14.4,14.2,14.9,14.8,15.6,14.4,15.9,15.7,14.66,0.4,-0.62,72,0,15.3,11.31,0.0,0.4422,-0.8969,14.5,17.0,17.0,station
2025-06-06,17.6,19.4,16.3,17.3,17.2,17.1,18.9,15.9,16.0,17.0,17.56,1.14,0.58,71,28,8.1,10.99,0.0,0.4267,-0.9044,17.1,19.0,19.0,station
2025-06-07,16.9,16.6,15.4,16.1,17.1,17.5,16.7,15.0,15.4,16.6,16.42,0.68,0.18,79,77,7.5,8.84,0.0,0.4111,-0.9116,16.6,18.0,18.0,station
2025-06-08,14.4,13.9,15.1,14.7,16.9,15.0,14.5,15.6,15.4,17.8,15.0,1.15,-0.66,86,61,10.9,10.24,0.0,0.3953,-0.9185,13.5,12.0,12.0,station
2025-06-09,12.6,12.1,13.7,13.0,14.5,13.3,12.1,14.0,13.5,15.2,13.18,0.94,-0.44,83,26,9.0,10.59,0.0,0.3795,-0.9252,11.9,12.0,12.0,station
2025-06-10,14.6,15.5,15.0,14.4,16.1,15.1,16.4,15.3,14.8,16.4,15.12,0.69,-0.48,83,8,7.7,10.45,0.0,0.3635,-0.9316,13.8,17.0,17.0,station
2025-06-11,14.7,15.6,14.0,15.3,15.9,14.3,15.2,14.2,15.0,16.6,15.1,0.76,0.04,85,16,13.9,10.55,0.0,0.3474,-0.9377,14.5,16.0,16.0,station
2025-06-12,15.6,16.5,15.0,15.5,15.9,15.4,16.2,15.3,15.1,15.7,15.7,0.55,0.16,73,68,22.9,10.49,0.0,0.3312,-0.9436,15.5,17.0,17.0,station
2025-06-13,13.2,13.2,12.3,13.0,15.7,13.5,13.2,12.6,13.0,15.2,13.48,1.29,-0.02,82,100,16.4,3.11,10.5,0.3149,-0.9491,13.5,15.0,15.0,station
2025-06-14,12.1,11.9,11.1,11.6,12.0,12.0,11.9,11.6,11.5,12.4,11.74,0.4,-0.14,97,96,17.7,1.66,13.7,0.2986,-0.9544,11.8,12.0,12.0,station
2025-06-15,13.7,14.3,12.2,12.9,11.4,13.8,14.3,12.8,13.4,12.3,12.9,1.16,-0.42,79,25,12.2,10.77,0.0,0.2821,-0.9594,13.5,14.0,14.0,station
2025-06-16,14.8,14.2,12.7,12.8,13.2,15.0,13.9,13.8,13.8,13.7,13.54,0.92,-0.5,87,77,17.8,5.68,0.7,0.2656,-0.9641,13.8,13.0,13.0,station
2025-06-17,15.3,14.4,15.9,15.3,13.3,15.6,14.5,15.9,15.5,12.9,14.84,1.01,-0.04,87,45,12.5,8.09,0.5,0.2489,-0.9685,14.4,12.0,12.0,station
2025-06-18,15.3,16.7,14.6,14.5,14.5,15.2,16.2,15.0,15.1,15.0,15.12,0.94,-0.18,82,5,9.4,10.59,0.0,0.2322,-0.9727,14.8,16.0,16.0,station
2025-06-19,16.7,17.3,14.9,15.5,15.2,15.8,16.6,15.4,14.6,15.1,15.92,1.03,0.42,79,0,8.2,10.53,0.0,0.2155,-0.9765,16.1,18.0,18.0,station
2025-06-20,16.7,18.1,15.1,17.0,15.8,16.1,17.2,15.2,15.3,15.2,16.54,1.15,0.74,75,4,11.1,10.69,0.0,0.1986,-0.9801,15.6,18.0,18.0,station
2025-06-21,13.7,15.4,14.1,13.6,15.6,14.2,16.0,14.3,15.1,15.7,14.48,0.95,-0.58,73,89,11.7,7.56,0.0,0.1818,-0.9833,14.0,16.0,16.0,station
2025-06-22,12.0,14.9,14.6,16.0,16.8,13.3,15.8,14.6,15.5,16.1,14.86,1.82,-0.2,78,93,25.5,6.08,1.5,0.1648,-0.9863,15.3,16.0,16.0,station
2025-06-23,9.4,9.0,8.6,8.4,8.9,9.3,9.2,9.0,9.0,9.0,8.86,0.38,-0.24,62,82,34.3,7.75,4.8,0.1478,-0.989,8.8,9.0,9.0,station
2025-06-24,12.4,14.9,12.0,11.4,11.2,12.2,14.8,12.2,12.5,10.9,12.38,1.49,-0.14,55,0,19.8,10.61,0.0,0.1308,-0.9914,12.3,15.0,15.0,station
2025-06-25,13.5,14.8,12.2,13.3,14.8,13.1,14.2,12.4,10.8,14.2,13.72,1.1,0.78,61,54,17.0,10.29,0.0,0.1137,-0.9935,13.3,14.0,14.0,station
2025-06-26,13.6,15.3,12.5,14.2,13.1,13.0,15.5,11.7,13.6,13.8,13.74,1.07,0.22,66,15,11.3,10.98,0.0,0.0966,-0.9953,11.7,15.0,15.0,station
2025-06-27,13.5,15.0,13.2,14.1,14.4,13.6,15.5,13.2,14.1,14.4,14.04,0.72,-0.12,62,4,10.9,10.81,0.0,0.0795,-0.9968,12.8,16.0,16.0,station
2025-06-28,13.6,13.7,12.9,12.9,13.8,12.8,13.1,12.8,13.4,14.9,13.38,0.44,-0.02,78,50,16.1,9.6,0.0,0.0623,-0.9981,12.8,15.0,15.0,station
2025-06-29,7.6,7.2,8.0,8.0,8.5,8.5,7.6,8.9,7.7,8.3,7.86,0.49,-0.34,75,76,17.7,9.26,0.7,0.0451,-0.999,7.2,9.0,9.0,station
2025-06-30,6.5,7.1,7.7,7.0,8.1,7.2,7.1,7.5,7.2,8.5,7.28,0.63,-0.22,75,82,20.5,5.48,0.0,0.028,-0.9996,5.2,5.0,5.0,station
2025-07-01,8.1,9.8,7.9,8.0,8.3,8.4,9.5,8.1,8.3,8.8,8.42,0.79,-0.2,66,0,11.2,11.14,0.0,0.0108,-0.9999,7.1,9.0,9.0,station
2025-07-02,9.5,10.8,9.6,9.5,9.6,9.2,10.3,9.5,9.2,9.7,9.8,0.56,0.22,62,11,10.3,10.98,0.0,-0.0065,-1.0,8.7,11.0,11.0,station
2025-07-03,11.5,12.8,11.9,12.1,13.0,11.9,12.4,12.1,11.8,13.2,12.26,0.63,-0.02,76,62,14.0,10.86,0.0,-0.0237,-0.9997,11.8,14.0,14.0,station
2025-07-04,14.4,15.1,13.3,14.1,15.9,13.8,14.4,13.3,13.4,15.5,14.56,0.99,0.48,84,97,14.9,10.22,0.0,-0.0408,-0.9992,14.0,15.0,15.0,station
2025-07-05,13.9,14.3,14.5,15.0,15.9,13.1,14.0,14.2,12.8,14.9,14.72,0.77,0.92,89,99,12.8,9.99,0.0,-0.058,-0.9983,14.5,16.0,16.0,station
2025-07-06,14.4,15.4,15.1,13.9,16.3,14.9,15.8,15.5,14.7,16.8,15.02,0.93,-0.52,85,52,14.3,7.05,0.0,-0.0752,-0.9972,14.3,16.0,16.0,station
2025-07-07,16.5,16.9,17.4,17.7,18.5,15.9,14.7,15.0,16.8,17.3,17.4,0.77,1.46,86,49,11.2,8.23,1.3,-0.0923,-0.9957,17.9,19.0,19.0,station
2025-07-08,16.4,16.3,18.0,17.8,19.8,17.0,16.4,18.0,16.9,18.9,17.66,1.43,0.22,94,69,8.5,8.58,0.0,-0.1094,-0.994,15.7,19.0,19.0,station
2025-07-09,17.3,18.9,18.0,17.8,18.6,16.7,17.7,17.9,16.6,19.4,18.12,0.64,0.46,85,68,14.5,8.98,0.0,-0.1265,-0.992,17.5,21.0,21.0,station
2025-07-10,14.3,13.2,16.8,13.6,15.3,14.5,11.9,15.0,13.9,17.3,14.64,1.45,0.12,78,85,14.8,7.3,1.4,-0.1436,-0.9896,16.2,17.0,17.0,station
2025-07-11,17.0,15.3,17.5,16.7,18.7,15.2,15.2,16.7,17.6,19.3,17.04,1.24,0.24,87,55,8.9,10.11,0.0,-0.1606,-0.987,16.5,16.0,16.0,station
2025-07-12,15.9,16.5,18.1,17.8,18.2,17.4,16.9,18.8,19.1,20.4,17.3,1.04,-1.22,83,67,10.9,6.16,0.0,-0.1775,-0.9841,16.4,18.0,18.0,station
2025-07-13,16.9,16.7,18.6,18.4,18.1,17.1,16.6,18.4,18.5,19.0,17.74,0.88,-0.18,84,6,10.0,9.92,0.0,-0.1944,-0.9809,16.9,20.0,20.0,station
2025-07-14,15.4,15.6,18.1,16.9,17.5,14.3,14.3,18.1,18.0,16.8,16.7,1.18,0.4,88,27,14.3,8.52,0.8,-0.2113,-0.9774,14.9,15.0,15.0,station
2025-07-15,20.7,21.7,18.8,21.0,21.2,22.3,21.5,18.7,23.0,20.9,20.68,1.11,-0.6,85,86,16.4,6.57,0.9,-0.2281,-0.9736,21.0,21.0,21.0,station
2025-07-16,15.2,16.7,16.5,15.6,16.2,15.8,16.9,15.9,16.5,15.9,16.04,0.63,-0.16,90,100,23.7,2.24,16.1,-0.2448,-0.9696,18.1,19.0,19.0,station
2025-07-17,12.9,13.5,13.1,12.3,10.5,12.5,13.8,13.1,12.5,9.8,12.46,1.18,0.12,79,59,20.9,8.37,0.0,-0.2614,-0.9652,12.0,11.0,11.0,station
2025-07-18,15.8,16.8,14.8,14.0,12.5,15.8,17.4,14.8,14.9,12.7,14.78,1.65,-0.34,72,0,14.0,11.79,0.0,-0.278,-0.9606,15.4,17.0,17.0,station
2025-07-19,16.9,18.1,16.5,15.9,15.8,16.5,17.8,16.6,15.3,14.7,16.64,0.93,0.46,76,4,14.7,11.95,0.0,-0.2945,-0.9557,16.8,19.0,19.0,station
2025-07-20,17.2,18.2,16.0,17.4,18.5,17.4,18.1,16.1,16.3,17.4,17.46,0.98,0.4,83,82,10.8,10.22,0.0,-0.3109,-0.9505,17.6,20.0,20.0,station
2025-07-21,18.2,16.6,18.0,19.1,20.0,18.6,17.5,17.4,16.8,18.8,18.38,1.27,0.56,87,70,9.4,11.26,0.0,-0.3272,-0.945,18.9,21.0,21.0,station
2025-07-22,13.0,12.4,13.7,13.1,14.5,13.9,12.4,15.3,13.6,15.4,13.34,0.8,-0.78,81,93,14.6,10.33,0.0,-0.3434,-0.9392,13.3,12.0,12.0,station
2025-07-23,11.4,11.2,11.0,11.0,12.1,11.1,10.9,10.8,11.1,12.4,11.34,0.46,0.08,76,70,11.9,11.73,0.0,-0.3595,-0.9332,11.6,12.0,12.0,station
2025-07-24,13.9,13.8,14.4,13.7,15.1,13.4,13.9,14.6,13.3,14.8,14.18,0.58,0.18,80,69,21.6,11.25,0.0,-0.3755,-0.9268,14.2,14.0,14.0,station
2025-07-25,15.5,14.0,13.5,14.9,15.5,14.3,13.5,12.3,14.9,16.0,14.68,0.9,0.48,87,98,18.3,3.84,7.6,-0.3914,-0.9202,15.3,14.0,14.0,station
2025-07-26,11.4,10.5,10.6,10.4,11.3,11.3,10.7,10.3,10.7,11.2,10.84,0.47,0.0,77,98,21.5,8.1,0.0,-0.4071,-0.9134,11.1,12.0,12.0,station
2025-07-27,13.0,12.2,13.2,12.3,13.6,13.0,12.2,13.6,13.3,12.9,12.86,0.6,-0.14,76,97,23.8,4.72,0.0,-0.4228,-0.9062,12.6,12.0,12.0,station
2025-07-28,14.7,14.4,13.9,13.8,15.6,14.8,14.3,13.9,13.8,15.6,14.48,0.73,0.0,77,44,14.7,10.89,0.0,-0.4383,-0.8988,14.5,15.0,15.0,station
2025-07-29,14.4,14.2,15.0,14.8,15.3,13.6,14.0,14.9,13.4,15.2,14.74,0.44,0.52,87,59,12.3,8.77,0.0,-0.4537,-0.8912,14.4,15.0,15.0,station
2025-07-30,17.6,17.8,17.3,18.1,17.1,17.5,17.4,16.5,17.0,17.2,17.58,0.4,0.46,70,71,18.4,12.21,0.0,-0.469,-0.8832,17.6,19.0,19.0,station
2025-07-31,17.8,18.8,16.2,18.1,19.7,17.6,18.5,17.5,17.3,19.3,18.12,1.3,0.08,64,100,23.8,5.27,0.0,-0.4841,-0.875,18.5,19.0,19.0,station
2025-08-01,18.4,17.1,16.5,17.9,19.7,17.8,17.2,18.7,17.9,18.8,17.92,1.23,-0.16,79,84,28.7,7.7,37.2,-0.4991,-0.8666,20.3,19.0,19.0,station
2025-08-02,18.5,19.5,18.1,17.5,16.1,18.1,18.9,17.7,16.8,17.8,17.94,1.26,0.08,79,55,14.5,12.08,0.0,-0.5139,-0.8578,18.6,19.0,19.0,station
2025-08-03,15.4,16.1,15.8,15.8,13.8,15.1,17.0,15.7,15.7,13.7,15.38,0.92,-0.06,60,56,10.9,12.39,0.0,-0.5286,-0.8489,16.6,18.0,18.0,station
2025-08-04,13.5,14.1,13.3,13.6,14.0,13.9,14.0,13.4,12.6,13.5,13.7,0.34,0.22,57,27,11.4,13.49,0.0,-0.5431,-0.8397,14.2,16.0,16.0,station
2025-08-05,11.3,12.5,12.7,12.4,13.5,11.9,12.2,13.0,13.0,12.7,12.48,0.79,-0.08,78,41,10.0,8.4,0.0,-0.5575,-0.8302,11.5,13.0,13.0,station
2025-08-06,15.6,14.9,14.8,15.1,17.2,15.1,14.5,14.6,15.1,16.4,15.52,0.99,0.38,78,83,10.1,10.46,0.0,-0.5717,-0.8205,15.6,18.0,18.0,station
2025-08-07,11.5,11.9,13.1,12.8,14.0,11.8,11.9,12.8,13.1,13.5,12.66,0.99,0.04,80,64,16.9,8.55,0.1,-0.5857,-0.8105,11.6,12.0,12.0,station
2025-08-08,13.0,13.1,12.6,12.1,13.4,12.6,13.6,12.4,11.9,14.2,12.84,0.5,-0.1,78,14,11.1,13.96,0.0,-0.5996,-0.8003,12.5,14.0,14.0,station
2025-08-09,14.4,14.6,14.4,14.5,15.3,14.0,14.2,14.4,14.3,15.5,14.64,0.38,0.16,77,0,8.3,14.37,0.0,-0.6132,-0.7899,13.9,15.0,15.0,station
2025-08-10,16.7,17.6,15.6,16.9,17.4,16.3,16.9,15.4,16.2,16.7,16.84,0.78,0.54,72,6,10.6,14.4,0.0,-0.6267,-0.7792,16.2,18.0,18.0,station
2025-08-11,18.9,20.2,17.4,19.0,20.0,18.6,19.9,17.3,18.9,19.1,19.1,1.11,0.34,65,29,12.1,14.05,0.0,-0.64,-0.7683,18.5,20.0,20.0,station
2025-08-12,20.0,21.0,19.9,21.6,22.5,19.6,20.4,19.6,21.2,22.3,21.0,1.1,0.38,69,55,17.4,14.22,0.0,-0.6532,-0.7572,19.9,22.0,22.0,station
2025-08-13,14.3,14.0,13.7,13.6,15.3,14.5,13.9,14.0,13.4,15.6,14.18,0.68,-0.1,67,80,18.4,11.69,0.0,-0.6661,-0.7459,14.1,14.0,14.0,station
2025-08-14,12.1,12.2,12.7,12.0,12.6,11.4,11.8,12.7,11.3,12.8,12.32,0.31,0.32,73,1,10.8,15.13,0.0,-0.6788,-0.7343,11.3,12.0,12.0,station
2025-08-15,11.7,11.5,12.0,12.3,12.3,11.6,11.6,12.5,12.5,12.4,11.96,0.36,-0.16,74,44,14.9,10.98,0.0,-0.6914,-0.7225,10.5,11.0,11.0,station
2025-08-16,12.1,11.0,13.8,11.9,13.5,12.9,11.5,13.5,12.2,14.2,12.46,1.17,-0.4,88,94,15.9,4.22,1.6,-0.7037,-0.7105,12.6,14.0,14.0,station
2025-08-17,16.6,15.6,15.1,16.3,16.5,16.3,15.0,14.6,15.8,18.3,16.02,0.65,0.02,91,94,14.7,4.43,0.8,-0.7158,-0.6983,14.9,18.0,18.0,station
2025-08-18,16.4,14.5,18.8,16.0,18.6,16.4,14.7,19.1,15.0,16.9,16.86,1.82,0.44,91,84,15.0,5.12,2.3,-0.7277,-0.6859,15.8,17.0,17.0,station
2025-08-19,15.2,15.3,15.9,16.1,16.5,15.6,15.3,15.6,16.3,15.8,15.8,0.55,0.08,97,100,24.9,0.97,75.4,-0.7394,-0.6733,15.5,16.0,16.0,station
2025-08-20,18.0,15.8,15.5,16.8,16.6,18.2,15.7,15.5,16.9,15.8,16.54,0.98,0.12,78,81,35.0,6.61,16.3,-0.7509,-0.6605,17.8,18.0,18.0,station
2025-08-21,18.3,19.7,17.4,18.9,15.9,17.5,19.3,16.9,18.2,15.3,18.04,1.46,0.6,68,17,17.4,15.63,0.0,-0.7621,-0.6474,19.3,20.0,20.0,station
2025-08-22,17.3,17.6,16.2,17.0,15.4,15.8,16.9,16.1,15.6,15.5,16.7,0.89,0.72,71,60,25.4,9.32,0.2,-0.7731,-0.6342,19.3,19.0,19.0,station
2025-08-23,13.6,14.1,13.1,14.5,13.8,14.0,14.5,13.3,14.2,13.8,13.82,0.53,-0.14,56,41,22.6,16.27,0.0,-0.7839,-0.6208,13.9,16.0,16.0,station
2025-08-24,17.3,18.4,14.9,16.5,17.0,16.6,17.9,15.5,16.8,16.9,16.82,1.28,0.08,53,8,22.9,16.61,0.0,-0.7945,-0.6073,17.1,19.0,19.0,station
2025-08-25,19.4,20.9,18.0,19.8,22.8,19.2,20.9,17.8,19.1,23.0,20.18,1.79,0.18,60,1,19.1,16.11,0.0,-0.8048,-0.5935,19.2,20.0,20.0,station
2025-08-26,20.3,21.4,19.3,21.0,21.9,19.8,21.5,19.4,21.8,21.6,20.78,1.01,-0.04,69,0,9.3,16.37,0.0,-0.8149,-0.5796,19.9,21.0,21.0,station
2025-08-27,20.4,21.4,19.4,21.7,21.9,19.9,21.1,19.4,21.4,22.8,20.96,1.05,0.04,71,0,11.6,16.59,0.0,-0.8248,-0.5655,20.5,22.0,22.0,station
2025-08-28,20.6,21.2,19.5,21.4,22.4,19.7,20.0,19.4,21.3,22.0,21.02,1.07,0.54,77,9,12.7,16.75,0.0,-0.8344,-0.5512,20.4,22.0,22.0,station
2025-08-29,20.8,20.9,20.9,21.5,24.1,20.7,20.7,20.5,21.6,24.1,21.64,1.4,0.12,84,36,15.1,16.12,0.0,-0.8437,-0.5368,20.8,23.0,23.0,station
2025-08-30,20.7,19.3,21.5,21.3,24.6,20.4,19.9,19.9,20.7,24.2,21.48,1.94,0.46,86,92,20.7,12.64,0.0,-0.8528,-0.5222,22.2,23.0,23.0,station
2025-08-31,20.0,18.3,18.9,20.1,21.0,19.7,17.9,19.2,19.5,22.0,19.66,1.06,0.0,92,100,21.2,4.0,9.5,-0.8617,-0.5074,19.5,19.0,19.0,station
2025-09-01,19.9,17.6,18.4,19.0,18.3,19.6,18.0,17.9,18.8,19.9,18.64,0.86,-0.2,81,74,24.8,9.0,21.3,-0.8703,-0.4925,18.0,19.0,19.0,station
2025-09-02,18.2,14.7,15.4,17.1,14.5,17.8,14.9,16.7,15.6,15.1,15.98,1.61,-0.04,85,75,12.8,8.89,15.3,-0.8786,-0.4775,15.0,14.0,14.0,station
2025-09-03,20.2,18.5,18.1,17.5,16.8,20.0,19.1,17.5,18.2,17.0,18.22,1.28,-0.14,78,57,13.4,13.95,0.0,-0.8867,-0.4623,18.3,19.0,19.0,station
2025-09-04,11.6,11.1,10.4,11.0,11.6,12.0,11.3,10.3,10.8,11.3,11.14,0.5,0.0,60,36,15.7,18.31,0.0,-0.8945,-0.447,11.2,12.0,12.0,station
2025-09-05,13.0,13.6,11.8,12.0,13.3,12.8,13.1,11.9,12.4,13.3,12.74,0.8,0.04,63,3,12.8,18.63,0.0,-0.9021,-0.4315,12.8,14.0,14.0,station
2025-09-06,14.9,14.5,13.7,14.0,15.6,14.5,14.1,13.2,13.5,14.8,14.54,0.75,0.52,65,2,10.2,18.85,0.0,-0.9094,-0.4159,14.0,15.0,15.0,station
2025-09-07,14.8,15.3,14.2,14.4,16.4,14.7,14.8,14.3,14.4,15.9,15.02,0.88,0.2,66,32,13.2,18.83,0.0,-0.9164,-0.4002,14.5,16.0,16.0,station
2025-09-08,17.9,18.4,17.8,16.6,19.8,18.6,17.6,18.3,15.9,19.9,18.1,1.16,0.04,79,85,8.7,13.59,0.0,-0.9232,-0.3844,17.2,19.0,19.0,station
2025-09-09,20.7,21.8,20.0,21.0,23.5,20.4,21.8,20.4,21.2,23.1,21.4,1.34,0.02,67,17,10.7,19.09,0.0,-0.9296,-0.3685,20.6,22.0,22.0,station
2025-09-10,22.5,22.1,22.5,22.7,25.4,21.1,22.1,22.5,23.5,24.4,23.04,1.34,0.32,71,52,21.5,16.44,0.1,-0.9358,-0.3524,23.0,24.0,24.0,station
2025-09-11,21.4,22.9,20.5,22.1,23.8,21.3,23.3,20.4,22.7,24.0,22.14,1.28,-0.2,62,3,11.3,19.52,0.0,-0.9418,-0.3363,21.7,23.0,23.0,station
2025-09-12,21.5,22.1,19.5,21.9,22.1,20.4,21.3,19.2,20.9,21.5,21.42,1.1,0.76,64,9,13.6,19.71,0.0,-0.9474,-0.32,20.6,22.0,22.0,station
2025-09-13,19.4,20.1,19.4,20.5,21.7,19.2,19.9,19.4,20.6,22.1,20.22,0.95,-0.02,74,49,15.7,19.58,2.1,-0.9528,-0.3037,19.5,20.0,20.0,station
2025-09-14,22.4,22.8,22.0,23.1,26.4,22.1,21.9,21.5,23.2,26.8,23.34,1.76,0.24,81,45,12.9,19.11,0.1,-0.9579,-0.2873,21.9,23.0,23.0,station
2025-09-15,22.7,21.8,22.1,22.6,24.8,22.2,21.9,21.8,22.0,23.7,22.8,1.18,0.48,81,61,11.5,14.6,0.7,-0.9627,-0.2707,22.1,23.0,23.0,station
2025-09-16,21.4,20.2,22.7,21.6,25.0,22.2,22.2,22.0,22.3,24.5,22.18,1.81,-0.46,80,32,10.9,19.21,0.0,-0.9672,-0.2541,21.3,23.0,23.0,station
2025-09-17,23.6,23.3,23.7,23.4,25.5,23.2,22.6,23.7,24.1,27.2,23.9,0.91,-0.26,81,73,13.0,19.42,0.0,-0.9714,-0.2375,23.6,25.0,25.0,station
2025-09-18,22.8,20.8,23.1,23.4,23.8,22.9,20.3,22.4,23.2,24.8,22.78,1.17,0.06,81,59,13.3,16.74,5.6,-0.9753,-0.2207,23.0,25.0,25.0,station
2025-09-19,22.2,19.4,23.6,24.7,24.0,25.7,23.2,23.9,23.9,26.8,22.78,2.1,-1.92,89,67,12.2,10.11,21.8,-0.979,-0.2039,23.1,20.0,20.0,station
2025-09-20,18.2,18.3,17.6,19.0,18.3,18.8,17.3,18.1,19.0,18.7,18.28,0.5,-0.1,93,87,22.1,5.78,33.5,-0.9824,-0.187,17.5,19.0,19.0,station
2025-09-21,17.4,15.6,17.2,17.5,14.6,16.7,15.8,15.9,16.7,14.5,16.46,1.3,0.54,83,74,24.6,11.02,0.6,-0.9854,-0.1701,15.9,16.0,16.0,station
2025-09-22,17.9,19.2,17.9,18.8,16.5,18.3,19.7,17.9,18.8,16.3,18.06,1.04,-0.14,70,16,20.8,20.47,0.0,-0.9882,-0.1531,18.8,21.0,21.0,station
2025-09-23,18.4,18.2,17.4,17.1,18.0,17.7,17.8,15.6,15.5,16.2,17.82,0.55,1.26,66,48,13.4,17.96,0.0,-0.9907,-0.1361,18.5,20.0,20.0,station
2025-09-24,16.3,15.8,16.3,16.4,18.5,16.3,15.2,16.2,16.1,17.6,16.66,1.05,0.38,70,6,17.0,21.71,0.0,-0.9929,-0.1191,16.7,18.0,18.0,station
2025-09-25,17.2,17.7,17.3,18.1,18.6,16.4,17.2,17.5,18.3,18.4,17.78,0.58,0.22,75,22,18.0,22.23,0.0,-0.9948,-0.102,16.7,18.0,18.0,station
2025-09-26,21.3,22.1,20.7,21.1,23.1,21.1,21.6,20.6,20.9,23.3,21.66,0.95,0.16,68,38,25.1,22.14,0.0,-0.9964,-0.0848,21.6,23.0,23.0,station
2025-09-27,18.2,17.8,17.0,17.9,20.0,17.6,17.5,16.8,17.6,20.3,18.18,1.11,0.22,85,84,26.3,7.05,16.3,-0.9977,-0.0677,17.6,18.0,18.0,station
2025-09-28,21.0,22.1,19.7,20.3,18.7,21.0,22.4,20.2,21.4,19.3,20.36,1.29,-0.5,72,5,17.9,22.9,0.0,-0.9987,-0.0505,20.9,23.0,23.0,station
2025-09-29,23.2,23.1,21.4,22.8,23.3,22.5,22.8,21.5,22.4,22.1,22.76,0.78,0.5,67,81,12.2,22.33,0.0,-0.9994,-0.0333,22.9,24.0,24.0,station
2025-09-30,23.1,23.8,21.9,23.3,25.4,22.7,23.8,22.5,22.1,24.3,23.5,1.27,0.42,72,27,14.9,22.54,0.0,-0.9999,-0.0161,22.4,25.0,25.0,station
2025-10-01,22.9,23.4,22.3,23.3,23.9,22.5,23.8,22.1,23.4,23.4,23.16,0.6,0.12,62,19,9.9,23.75,0.0,-1.0,0.0011,23.0,24.0,24.0,station
2025-10-02,24.1,23.8,23.2,24.0,25.3,23.0,23.9,22.7,23.7,24.8,24.08,0.77,0.46,67,27,11.7,23.18,0.0,-0.9998,0.0183,23.9,25.0,25.0,station
2025-10-03,25.0,25.3,25.7,26.3,28.8,25.0,25.1,26.2,26.1,28.0,26.22,1.52,0.14,80,15,13.5,18.77,0.0,-0.9994,0.0355,25.4,27.0,27.0,station
2025-10-04,28.1,28.6,28.6,27.7,30.1,28.3,28.4,29.4,28.1,30.7,28.62,0.91,-0.36,78,27,15.5,21.92,0.0,-0.9986,0.0527,27.4,29.0,29.0,station
2025-10-05,23.2,22.7,22.3,22.4,23.1,21.4,22.3,21.2,22.1,21.2,22.74,0.4,1.1,87,96,23.5,10.2,21.5,-0.9976,0.0698,22.5,24.0,24.0,station
2025-10-06,16.0,16.2,16.1,16.8,14.8,16.7,17.7,16.4,17.1,14.9,15.98,0.73,-0.58,72,36,18.3,19.22,0.4,-0.9962,0.087,15.3,17.0,17.0,station
2025-10-07,22.6,23.5,20.2,21.6,22.0,21.7,23.3,20.8,22.5,20.3,21.98,1.23,0.26,62,11,19.1,24.6,0.0,-0.9946,0.1041,22.3,23.0,23.0,station
2025-10-08,24.8,25.2,23.0,24.2,26.0,24.6,25.4,23.6,23.7,24.7,24.64,1.13,0.24,57,9,15.0,25.02,0.0,-0.9926,0.1212,24.3,26.0,26.0,station
2025-10-09,25.9,25.4,24.9,25.3,26.6,25.9,25.2,24.7,25.0,27.0,25.62,0.65,0.06,55,23,20.0,25.29,0.0,-0.9904,0.1383,25.1,27.0,27.0,station
2025-10-10,28.5,27.3,27.5,28.4,29.2,28.1,26.8,27.0,27.5,29.4,28.18,0.78,0.42,56,93,12.8,24.87,0.0,-0.9879,0.1553,27.7,28.0,28.0,station
2025-10-11,27.8,27.1,26.8,26.8,29.2,27.3,26.8,28.2,27.6,29.3,27.54,1.01,-0.3,73,85,15.4,19.54,5.5,-0.9851,0.1722,26.1,27.0,27.0,station
2025-10-12,16.9,16.9,15.7,17.7,18.0,17.6,17.6,17.2,17.9,16.5,17.04,0.89,-0.32,83,84,24.7,14.72,2.7,-0.9819,0.1892,17.6,18.0,18.0,station
2025-10-13,23.4,24.9,22.1,22.7,24.8,23.1,25.5,21.2,23.0,22.8,23.58,1.25,0.46,69,27,23.3,25.87,0.1,-0.9785,0.206,23.4,25.0,25.0,station
2025-10-14,24.7,25.9,25.2,26.8,24.1,26.8,27.7,25.7,26.3,24.8,25.34,1.05,-0.92,72,7,12.2,25.55,0.0,-0.9749,0.2228,24.0,25.0,25.0,station
2025-10-15,26.5,26.6,26.3,26.8,27.4,25.9,26.7,26.6,25.5,27.4,26.72,0.42,0.3,66,76,17.0,22.5,0.0,-0.9709,0.2396,26.0,27.0,27.0,station
2025-10-16,26.2,27.7,26.9,28.6,29.4,26.8,27.9,26.1,28.7,30.8,27.76,1.28,-0.3,73,79,11.0,17.42,0.1,-0.9666,0.2562,26.1,28.0,28.0,station
2025-10-17,23.1,20.6,24.3,23.3,23.5,23.9,21.6,24.9,24.3,23.0,22.96,1.4,-0.58,70,95,13.6,7.84,0.9,-0.9621,0.2728,20.9,22.0,22.0,station
2025-10-18,22.2,21.8,20.6,22.2,21.9,21.8,20.8,20.4,23.3,23.3,21.74,0.66,-0.18,66,11,14.2,26.56,0.0,-0.9572,0.2893,20.7,23.0,23.0,station
2025-10-19,20.8,21.3,21.6,20.9,21.4,20.4,21.4,21.9,21.2,20.3,21.2,0.34,0.16,58,26,15.6,27.15,0.0,-0.9521,0.3057,20.5,22.0,22.0,station
2025-10-20,23.4,24.1,24.6,24.2,24.2,23.3,23.7,24.3,24.0,23.5,24.1,0.44,0.34,58,38,20.1,27.12,0.0,-0.9467,0.3221,23.3,24.0,24.0,station
2025-10-21,28.5,28.5,28.4,28.5,28.0,28.5,28.1,28.5,28.3,28.4,28.38,0.22,0.02,55,67,18.4,26.06,0.0,-0.941,0.3383,27.5,28.0,28.0,station
2025-10-22,26.7,25.8,27.2,27.1,26.4,25.7,25.5,26.6,28.0,24.8,26.64,0.57,0.52,62,76,17.5,16.84,1.4,-0.9351,0.3545,25.6,26.0,26.0,station
2025-10-23,30.8,30.3,31.8,30.0,30.3,30.5,29.8,31.8,30.5,30.3,30.64,0.71,0.06,55,69,21.6,25.41,0.0,-0.9288,0.3705,31.0,31.0,31.0,station
2025-10-24,25.8,24.3,21.8,23.1,25.4,25.7,24.0,24.8,23.0,27.6,24.08,1.65,-0.94,90,100,17.3,7.75,25.6,-0.9223,0.3864,23.0,23.0,23.0,station
2025-10-25,19.6,18.9,19.1,19.8,18.0,20.0,18.6,19.2,19.2,20.1,19.08,0.7,-0.34,88,73,28.5,7.59,43.5,-0.9155,0.4022,18.8,20.0,20.0,station
2025-10-26,22.4,22.7,21.2,21.0,19.8,22.7,22.7,21.4,20.4,19.2,21.42,1.17,0.14,65,8,17.0,27.51,0.0,-0.9085,0.4179,22.0,23.0,23.0,station
2025-10-27,14.8,13.7,13.3,13.8,12.3,14.5,13.8,12.7,14.1,12.2,13.58,0.9,0.12,76,89,19.2,7.08,1.2,-0.9012,0.4335,14.0,14.0,14.0,station
2025-10-28,16.5,15.8,16.5,15.2,16.6,17.2,15.8,15.8,15.2,16.7,16.12,0.61,-0.02,65,70,15.2,26.04,0.0,-0.8936,0.4489,15.8,16.0,16.0,station
2025-10-29,16.2,16.6,16.1,16.5,17.5,16.4,16.9,19.6,16.1,16.5,16.58,0.55,-0.52,75,42,14.3,18.35,0.7,-0.8857,0.4642,15.9,17.0,17.0,station
2025-10-30,19.0,19.1,18.4,19.3,19.5,19.2,19.3,19.6,19.1,18.7,19.06,0.42,-0.12,67,69,12.9,21.97,0.2,-0.8776,0.4794,19.3,21.0,21.0,station
2025-10-31,23.0,23.1,22.7,22.9,24.1,21.7,22.9,22.6,22.7,24.0,23.16,0.55,0.38,68,26,11.5,25.92,0.0,-0.8692,0.4944,22.8,24.0,24.0,station
2025-11-01,26.7,27.1,27.5,27.1,28.0,26.4,27.7,25.3,26.3,28.7,27.28,0.49,0.4,69,51,13.6,25.47,0.0,-0.8606,0.5093,25.9,28.0,28.0,station
2025-11-02,23.8,25.9,24.6,23.1,24.1,24.3,25.2,26.2,24.0,23.5,24.3,1.05,-0.34,81,48,11.9,20.33,11.3,-0.8517,0.524,24.1,27.0,27.0,station
2025-11-03,25.7,27.0,28.5,26.8,27.1,26.9,28.4,29.8,26.8,29.3,27.02,1.0,-1.22,75,45,15.5,23.65,0.3,-0.8426,0.5386,26.0,30.0,30.0,station
2025-11-04,21.9,20.2,20.5,22.1,23.5,24.1,20.7,21.3,23.5,21.9,21.64,1.33,-0.66,88,81,21.2,7.73,14.6,-0.8332,0.553,20.2,21.0,21.0,station
2025-11-05,20.3,20.0,20.9,19.6,20.2,20.8,19.9,20.5,19.0,20.2,20.2,0.47,0.12,74,26,14.8,29.34,0.1,-0.8235,0.5672,19.4,20.0,20.0,station
2025-11-06,19.2,18.2,20.4,17.4,19.4,19.0,18.9,21.4,19.2,19.2,18.92,1.15,-0.62,70,49,15.8,26.58,0.0,-0.8137,0.5813,19.4,20.0,20.0,station
2025-11-07,16.7,15.5,17.0,14.6,15.9,16.9,15.2,18.9,14.4,16.0,15.94,0.96,-0.34,86,100,14.0,6.81,8.2,-0.8035,0.5952,16.6,17.0,17.0,station
2025-11-08,20.5,20.6,21.5,21.4,21.2,20.2,20.5,20.1,20.8,21.3,21.04,0.46,0.46,76,65,11.3,20.19,0.9,-0.7932,0.609,20.6,22.0,22.0,station
2025-11-09,24.5,24.8,24.5,24.2,25.4,24.8,24.8,24.2,24.2,25.2,24.68,0.45,0.04,68,8,10.3,24.67,0.0,-0.7826,0.6225,23.3,26.0,26.0,station
2025-11-10,26.5,26.2,28.0,26.4,26.8,26.8,26.4,28.8,26.4,27.1,26.78,0.72,-0.32,64,9,13.9,26.51,0.0,-0.7718,0.6359,26.1,28.0,28.0,station
2025-11-11,28.8,27.7,26.9,28.2,27.9,25.9,27.7,29.1,27.3,27.3,27.9,0.7,0.44,67,38,20.3,23.95,0.6,-0.7607,0.6491,28.2,29.0,29.0,station
2025-11-12,25.4,25.5,24.4,26.7,26.0,25.2,25.4,24.9,26.1,26.4,25.6,0.85,0.0,70,28,15.5,28.43,0.0,-0.7494,0.6621,24.4,26.0,26.0,station
2025-11-13,28.2,27.6,28.7,27.3,27.7,27.9,27.6,28.7,27.6,27.4,27.9,0.55,0.06,62,5,9.9,29.74,0.0,-0.7379,0.6749,27.5,28.0,28.0,station
2025-11-14,30.7,30.3,31.6,29.8,30.0,30.5,30.3,32.2,29.7,29.8,30.48,0.71,-0.02,58,0,9.9,30.69,0.0,-0.7262,0.6875,29.6,31.0,31.0,station
2025-11-15,33.4,32.6,34.0,33.4,32.1,32.5,32.2,34.2,33.6,33.3,33.1,0.75,-0.06,49,42,17.9,28.87,0.0,-0.7143,0.6998,32.2,33.0,33.0,station
2025-11-16,24.2,22.8,24.5,23.9,26.8,25.1,22.8,22.5,23.7,24.1,24.44,1.47,0.8,68,65,26.5,24.36,6.8,-0.7021,0.712,25.7,28.0,28.0,station
2025-11-17,23.1,24.4,23.6,23.0,22.3,22.3,23.0,23.3,23.7,20.0,23.28,0.78,0.82,56,9,18.1,31.41,0.0,-0.6898,0.724,22.6,24.0,24.0,station
2025-11-18,28.9,29.1,27.4,27.0,29.9,28.7,29.4,28.5,28.1,29.1,28.46,1.22,-0.3,53,8,18.9,30.87,0.0,-0.6772,0.7358,27.1,28.0,28.0,station
2025-11-19,25.7,24.5,26.1,26.3,25.6,25.9,24.5,26.9,27.4,25.1,25.64,0.7,-0.32,56,44,14.7,28.58,0.0,-0.6645,0.7473,23.5,25.0,25.0,station
2025-11-20,22.4,21.9,25.0,22.4,24.6,22.9,21.1,28.9,24.5,24.6,23.26,1.43,-1.14,73,77,24.0,15.16,21.9,-0.6515,0.7586,26.3,27.0,27.0,station
2025-11-21,20.6,19.8,18.5,21.0,18.2,19.5,20.1,21.2,21.5,19.9,19.62,1.24,-0.82,79,72,23.3,15.41,3.7,-0.6384,0.7697,18.7,20.0,20.0,station
2025-11-22,21.8,21.3,21.9,20.4,20.0,21.7,21.0,21.9,22.6,19.8,21.08,0.85,-0.32,66,50,14.7,29.07,0.0,-0.625,0.7806,21.8,22.0,22.0,station
2025-11-23,23.0,23.2,23.1,22.6,23.3,22.7,23.1,23.6,22.5,22.2,23.04,0.27,0.22,67,1,11.2,31.76,0.0,-0.6115,0.7912,22.6,24.0,24.0,station
2025-11-24,25.6,25.7,26.3,25.2,25.7,25.2,25.9,27.1,25.0,25.9,25.7,0.39,-0.12,65,2,12.2,31.73,0.0,-0.5978,0.8016,24.7,26.0,26.0,station
2025-11-25,29.3,29.2,31.2,29.3,29.2,29.4,29.5,31.7,28.6,29.0,29.64,0.87,0.0,64,6,12.6,31.35,0.0,-0.584,0.8118,28.4,30.0,30.0,station
2025-11-26,31.3,31.1,32.1,31.1,31.6,31.4,31.0,33.4,31.2,32.4,31.44,0.42,-0.44,63,11,16.5,30.99,0.0,-0.5699,0.8217,30.1,31.0,31.0,station
2025-11-27,32.0,29.4,34.0,31.0,33.4,32.1,29.6,35.2,30.8,33.3,31.96,1.85,-0.24,68,58,14.3,22.81,0.0,-0.5557,0.8314,30.3,30.0,30.0,station
2025-11-28,28.0,27.2,29.7,27.4,30.3,30.2,27.3,27.0,26.6,28.4,28.52,1.4,0.62,74,29,19.1,27.59,0.0,-0.5413,0.8408,27.0,28.0,28.0,station
2025-11-29,20.9,18.7,20.2,16.8,21.4,19.3,18.9,19.7,17.1,21.1,19.6,1.87,0.38,85,82,17.2,9.99,23.6,-0.5268,0.85,20.2,19.0,19.0,station
2025-11-30,20.6,21.2,20.6,18.4,19.1,22.8,22.3,20.0,19.9,22.7,19.98,1.18,-1.56,84,94,19.1,10.01,4.6,-0.5121,0.859,20.8,20.0,20.0,station
2025-12-01,25.3,24.5,23.0,22.3,21.3,24.9,24.1,20.9,23.3,20.4,23.28,1.62,0.56,82,71,16.6,16.82,1.6,-0.4972,0.8676,23.6,25.0,25.0,station
2025-12-02,26.3,27.5,26.9,25.1,24.8,26.2,27.8,27.5,24.5,23.3,26.12,1.15,0.26,73,33,9.6,28.03,0.1,-0.4822,0.8761,26.4,29.0,29.0,station
2025-12-03,29.7,31.1,31.5,30.4,31.5,29.3,31.1,32.6,28.2,29.3,30.84,0.78,0.74,64,8,13.1,28.44,0.0,-0.4671,0.8842,30.3,33.0,33.0,station
2025-12-04,33.5,33.8,35.9,34.1,34.3,32.9,33.5,36.5,34.0,33.8,34.32,0.93,0.18,54,12,17.1,31.23,0.0,-0.4518,0.8921,32.1,34.0,34.0,station
2025-12-05,35.6,31.5,37.9,34.7,34.5,34.9,32.8,38.6,35.4,34.7,34.84,2.3,-0.44,57,58,15.4,29.15,0.0,-0.4364,0.8998,32.9,33.0,33.0,station
2025-12-06,31.0,30.2,32.6,30.1,31.4,31.4,31.4,34.4,31.2,31.3,31.06,1.02,-0.88,65,69,16.6,30.69,0.0,-0.4208,0.9071,29.5,30.0,30.0,station
2025-12-07,28.7,27.5,31.5,27.6,26.7,28.7,26.7,33.1,27.7,26.4,28.4,1.87,-0.12,63,93,17.6,27.02,0.0,-0.4052,0.9142,27.6,28.0,28.0,station
2025-12-08,26.5,25.5,30.2,25.3,27.5,27.0,26.0,29.4,26.3,26.5,27.0,1.99,-0.04,69,100,16.1,22.96,0.0,-0.3894,0.9211,25.7,26.0,26.0,station
2025-12-09,25.2,24.8,24.2,22.9,26.2,26.8,25.5,26.2,22.3,26.5,24.66,1.22,-0.8,87,100,15.2,11.12,3.8,-0.3735,0.9276,24.3,26.0,26.0,station
2025-12-10,29.9,28.3,33.3,29.6,31.0,29.2,28.8,32.6,28.4,28.1,30.42,1.88,1.0,80,66,19.2,26.28,2.3,-0.3575,0.9339,27.9,31.0,31.0,station
2025-12-11,31.9,31.2,36.0,32.0,31.6,30.6,31.6,35.6,30.8,33.1,32.54,1.96,0.2,75,64,12.1,27.4,0.0,-0.3413,0.9399,30.1,31.0,31.0,station
2025-12-12,33.6,33.5,35.9,34.1,31.2,32.9,33.5,37.0,33.6,31.8,33.66,1.68,-0.1,58,2,17.1,32.35,0.0,-0.3251,0.9457,32.3,34.0,34.0,station
2025-12-13,34.1,32.7,38.4,32.6,31.3,35.3,33.4,36.3,34.3,32.8,33.82,2.75,-0.6,55,21,18.6,29.86,8.4,-0.3088,0.9511,33.1,34.0,34.0,station
2025-12-14,23.1,22.8,26.0,20.9,22.7,23.1,23.3,21.0,21.0,21.9,23.1,1.84,1.04,73,89,17.3,14.53,4.1,-0.2924,0.9563,25.6,26.0,26.0,station
2025-12-15,27.1,27.5,28.6,27.1,26.1,27.0,27.4,29.2,27.4,26.0,27.28,0.9,-0.12,55,69,22.4,23.71,0.2,-0.2759,0.9612,26.1,27.0,27.0,station
2025-12-16,25.3,23.9,27.1,24.5,23.9,24.8,24.9,27.2,24.7,24.5,24.94,1.34,-0.28,50,5,16.9,32.27,0.0,-0.2593,0.9658,24.3,25.0,25.0,station
2025-12-17,31.1,29.9,33.7,30.2,29.9,29.7,28.9,34.5,30.6,28.7,30.96,1.61,0.48,46,20,16.5,32.21,0.0,-0.2427,0.9701,30.7,31.0,31.0,station
2025-12-18,33.5,33.8,37.4,33.9,33.7,33.5,34.1,38.3,34.0,33.9,34.46,1.65,-0.3,49,9,22.2,30.65,0.0,-0.226,0.9741,32.6,34.0,34.0,station
2025-12-19,33.2,31.8,36.0,32.6,31.1,33.3,32.3,37.2,33.5,30.2,32.94,1.89,-0.36,56,1,17.0,32.03,0.0,-0.2092,0.9779,32.3,33.0,33.0,station
2025-12-20,27.1,25.1,25.5,23.9,26.8,28.0,24.7,27.9,24.9,27.8,25.68,1.3,-0.98,76,59,16.4,10.07,9.6,-0.1923,0.9813,26.3,28.0,28.0,station
2025-12-21,31.0,30.1,30.6,28.7,31.4,29.8,30.2,31.5,26.4,30.7,30.36,1.05,0.64,74,29,10.8,29.35,0.0,-0.1754,0.9845,30.2,33.0,33.0,station
2025-12-22,30.0,31.5,32.9,30.2,31.0,31.1,30.0,33.3,30.1,30.1,31.12,1.16,0.2,74,74,12.3,26.28,0.2,-0.1585,0.9874,30.4,31.0,31.0,station
2025-12-23,33.6,32.7,36.3,32.9,32.2,32.9,31.5,36.4,32.5,32.5,33.54,1.62,0.38,69,24,14.3,27.83,0.3,-0.1414,0.9899,32.2,35.0,35.0,station
2025-12-24,34.7,33.1,39.0,34.7,33.5,34.9,31.5,39.3,35.3,34.2,35.0,2.35,-0.04,63,29,14.2,28.2,9.4,-0.1244,0.9922,34.4,35.0,35.0,station
2025-12-25,31.4,29.7,35.4,28.5,28.2,30.2,30.3,35.6,30.5,28.2,30.64,2.94,-0.32,49,86,23.1,28.78,0.0,-0.1073,0.9942,29.9,31.0,31.0,station
2025-12-26,33.6,33.3,38.0,34.1,32.6,35.8,34.1,39.3,32.9,32.9,34.32,2.13,-0.68,55,10,13.9,32.46,0.0,-0.0902,0.9959,33.6,35.0,35.0,station
2025-12-27,35.4,34.7,38.9,35.7,32.3,35.3,34.7,38.3,35.9,34.5,35.4,2.37,-0.34,51,14,16.3,31.27,0.0,-0.073,0.9973,34.8,35.0,35.0,station
2025-12-28,33.4,33.3,37.2,34.4,32.1,33.2,33.1,37.8,33.7,31.6,34.08,1.93,0.2,45,45,11.2,32.58,0.0,-0.0559,0.9984,33.3,34.0,34.0,station
2025-12-29,36.2,35.7,39.1,36.9,35.5,36.0,36.4,40.4,37.0,34.5,36.68,1.46,-0.18,48,27,12.2,30.57,0.0,-0.0387,0.9993,35.6,36.0,36.0,station
2025-12-30,38.2,38.0,41.7,39.0,37.3,38.3,37.9,42.2,39.2,37.1,38.84,1.71,-0.1,40,8,14.4,29.93,0.0,-0.0215,0.9998,36.8,38.0,38.0,station
2025-12-31,38.2,38.7,43.2,40.1,38.6,38.2,38.8,44.2,40.5,37.7,39.76,2.05,-0.12,42,21,17.1,30.0,0.0,-0.0043,1.0,38.1,,,
2026-01-01,32.3,29.9,34.6,30.6,29.3,32.6,30.2,34.1,30.4,28.6,31.34,2.14,0.16,50,38,19.5,28.85,0.3,0.0172,0.9999,30.9,31.0,31.0,station
2026-01-02,29.3,27.5,34.6,28.1,27.3,30.4,28.3,32.2,27.9,28.1,29.36,3.03,-0.02,48,24,17.4,32.48,0.1,0.0344,0.9994,28.1,29.0,29.0,station
2026-01-03,23.4,22.3,26.0,21.7,22.0,23.0,22.8,26.5,22.9,22.2,23.08,1.75,-0.4,41,14,23.6,31.02,0.0,0.0516,0.9987,22.1,23.0,23.0,station
2026-01-04,24.5,24.1,28.2,24.7,25.0,24.6,24.9,28.5,24.5,25.0,25.3,1.65,-0.2,48,9,16.5,31.9,0.0,0.0688,0.9976,24.3,25.0,25.0,station
2026-01-05,29.0,27.9,31.9,28.6,28.1,28.9,28.1,32.4,28.1,28.9,29.1,1.62,-0.18,46,0,14.0,32.25,0.0,0.0859,0.9963,28.8,29.0,29.0,station
2026-01-06,32.3,31.0,34.3,31.0,30.9,32.2,31.1,35.7,31.3,31.4,31.9,1.46,-0.44,45,69,13.9,29.96,0.0,0.103,0.9947,31.4,32.0,32.0,station
2026-01-07,29.0,25.2,33.7,27.0,28.5,27.6,26.5,34.6,28.2,31.5,28.68,3.17,-1.0,61,49,26.5,24.36,6.1,0.1201,0.9928,26.6,29.0,29.0,station
2026-01-08,25.4,23.9,27.8,24.8,24.5,25.3,23.7,28.8,25.3,25.5,25.28,1.51,-0.44,57,58,18.8,29.87,0.0,0.1372,0.9905,24.5,26.0,26.0,station
2026-01-09,26.2,25.0,27.6,26.1,23.8,26.2,24.8,27.1,26.9,25.3,25.74,1.42,-0.32,66,100,17.4,17.41,0.1,0.1542,0.988,25.0,26.0,26.0,station
2026-01-10,20.6,20.6,21.2,24.4,20.7,25.2,24.6,31.2,26.5,26.8,21.5,1.64,-5.36,85,100,17.9,8.56,11.5,0.1712,0.9852,22.7,24.0,24.0,station
2026-01-11,31.9,32.3,34.9,32.7,31.4,32.9,31.3,35.6,34.7,25.4,32.64,1.35,0.66,67,20,12.1,30.78,0.0,0.1881,0.9821,32.5,35.0,35.0,station
2026-01-12,35.7,35.8,39.2,38.0,35.0,35.7,36.0,39.6,36.2,35.1,36.74,1.78,0.22,52,17,10.8,29.41,0.0,0.205,0.9788,36.1,39.0,39.0,station
2026-01-13,34.6,30.7,37.1,34.8,33.0,29.7,31.0,36.2,32.6,33.6,34.04,2.37,1.42,63,37,15.2,26.34,0.3,0.2218,0.9751,31.1,33.0,33.0,station
2026-01-14,34.6,33.9,38.6,35.9,34.1,34.2,33.8,38.8,36.0,33.5,35.42,1.94,0.16,63,16,12.4,28.32,0.1,0.2385,0.9711,34.8,36.0,36.0,station
2026-01-15,33.9,30.0,34.5,30.3,30.3,31.1,28.9,34.6,32.3,31.0,31.8,2.2,0.22,73,52,19.4,20.78,15.0,0.2552,0.9669,33.6,35.0,35.0,station
2026-01-16,27.5,28.7,30.7,31.3,28.6,30.4,29.4,31.7,29.5,28.2,29.36,1.58,-0.48,59,10,14.7,31.11,0.0,0.2718,0.9624,29.9,31.0,31.0,station
2026-01-17,34.5,33.5,37.1,35.9,34.1,31.9,33.1,37.7,35.7,33.0,35.02,1.46,0.74,50,26,17.5,30.71,0.0,0.2883,0.9575,34.4,35.0,35.0,station
2026-01-18,26.1,26.4,30.7,27.6,25.9,27.3,26.3,30.6,28.4,25.9,27.34,1.99,-0.36,50,18,23.9,31.58,0.0,0.3047,0.9524,26.1,27.0,27.0,station
2026-01-19,25.3,24.6,26.9,25.4,24.5,25.5,24.3,27.3,26.3,24.9,25.34,0.96,-0.32,53,8,15.2,30.74,0.0,0.3211,0.9471,24.8,25.0,25.0,station
2026-01-20,28.3,28.1,31.0,29.1,27.9,28.4,28.0,30.7,29.0,27.3,28.88,1.27,0.2,52,3,13.7,30.41,0.0,0.3373,0.9414,28.1,29.0,29.0,station
2026-01-21,30.2,30.4,33.5,31.1,29.9,29.8,30.4,33.7,31.2,30.2,31.02,1.45,-0.04,51,7,15.4,31.42,0.0,0.3534,0.9355,30.0,31.0,31.0,station
2026-01-22,30.9,30.9,33.6,31.9,30.6,30.8,30.6,35.1,32.3,30.9,31.58,1.23,-0.36,51,23,15.2,31.2,0.0,0.3695,0.9292,30.3,31.0,31.0,station
2026-01-23,33.8,33.1,35.2,34.0,33.1,33.2,33.1,36.3,34.1,33.4,33.84,0.86,-0.18,55,18,17.3,29.0,0.0,0.3854,0.9227,33.2,34.0,34.0,station
2026-01-24,35.0,33.5,37.2,35.1,32.5,35.4,33.6,37.2,36.2,34.2,34.66,1.79,-0.66,53,90,15.8,22.28,0.9,0.4012,0.916,32.7,33.0,33.0,station
2026-01-25,34.8,34.6,38.2,33.8,33.5,34.3,34.3,38.0,34.5,32.1,34.98,1.88,0.34,48,54,13.7,26.99,0.0,0.4169,0.9089,35.3,35.0,35.0,station
2026-01-26,38.0,34.9,39.4,36.4,35.8,38.0,35.4,40.1,37.6,36.7,36.9,1.8,-0.66,53,67,16.2,24.13,1.2,0.4325,0.9016,35.9,37.0,37.0,station
2026-01-27,34.3,32.6,38.2,34.8,34.3,33.6,33.2,40.1,34.7,34.3,34.84,2.05,-0.34,70,51,12.9,24.76,0.5,0.4479,0.8941,31.4,33.0,33.0,station
2026-01-28,31.9,30.7,35.2,31.0,27.3,32.5,31.5,36.3,34.7,33.0,31.22,2.83,-2.38,62,59,12.9,28.41,0.0,0.4633,0.8862,30.7,33.0,33.0,station
2026-01-29,31.8,30.7,35.6,30.9,30.7,32.4,30.9,36.9,31.3,28.2,31.94,2.1,0.0,65,8,17.4,28.96,0.0,0.4784,0.8781,31.9,35.0,35.0,station
2026-01-30,29.7,30.0,34.4,30.4,29.9,29.9,29.2,34.2,30.1,29.1,30.88,1.98,0.38,70,28,18.4,25.78,1.5,0.4935,0.8698,31.0,31.0,31.0,station
2026-01-31,29.3,29.5,32.5,30.7,28.7,29.5,29.8,32.3,29.1,28.6,30.14,1.51,0.28,65,21,14.8,26.04,0.5,0.5084,0.8611,29.4,32.0,32.0,station
2026-02-01,32.3,30.8,37.0,33.2,31.1,31.8,30.9,38.7,32.5,32.6,32.88,2.5,-0.42,61,5,12.6,29.55,0.0,0.5231,0.8523,32.1,34.0,34.0,station
2026-02-02,35.1,34.2,38.4,35.1,31.4,35.3,34.5,41.2,35.4,32.1,34.84,2.5,-0.86,50,39,14.7,26.07,1.3,0.5377,0.8432,34.3,36.0,36.0,station
2026-02-03,36.8,34.3,38.8,35.5,33.7,37.1,34.6,38.1,37.7,34.1,35.82,2.05,-0.5,49,31,19.1,26.34,0.0,0.5521,0.8338,34.9,37.0,37.0,station
2026-02-04,33.4,30.2,36.3,30.8,30.7,34.3,30.7,36.1,34.5,31.5,32.28,2.57,-1.14,71,74,17.3,11.23,2.7,0.5664,0.8242,25.7,27.0,27.0,station
2026-02-05,31.8,27.8,25.1,25.2,27.5,32.0,26.2,34.2,28.6,29.4,27.48,2.72,-2.6,76,53,13.6,16.22,7.6,0.5805,0.8143,27.5,30.0,30.0,station
2026-02-06,26.1,27.5,32.7,25.2,24.8,28.1,28.0,31.5,27.8,25.4,27.26,3.21,-0.9,52,1,17.4,29.94,0.0,0.5944,0.8042,28.0,31.0,31.0,station
2026-02-07,30.8,31.4,34.5,29.3,29.7,28.8,30.1,35.4,27.3,27.3,31.14,2.06,1.36,50,0,13.0,29.53,0.0,0.6081,0.7938,31.0,33.0,33.0,station
2026-02-08,33.0,31.7,34.6,31.5,31.6,30.9,32.1,36.5,30.6,31.7,32.48,1.33,0.12,50,17,18.4,27.48,0.0,0.6217,0.7833,33.0,34.0,34.0,station
2026-02-09,28.8,28.6,35.3,27.9,32.3,30.7,27.7,35.6,29.0,31.5,30.58,3.14,-0.32,51,55,16.5,17.21,0.0,0.6351,0.7725,31.7,34.0,34.0,station
2026-02-10,34.5,33.3,37.4,34.3,33.6,33.4,32.8,38.4,33.2,33.7,34.62,1.63,0.32,55,1,13.9,28.65,0.0,0.6483,0.7614,33.6,36.0,36.0,station
2026-02-11,30.4,30.0,33.7,30.0,29.8,30.8,29.5,32.5,28.7,29.1,30.78,1.65,0.66,39,45,19.0,26.64,0.0,0.6613,0.7502,29.7,32.0,32.0,station
2026-02-12,30.9,26.8,32.9,32.0,30.7,29.2,25.4,33.6,32.9,30.1,30.66,2.33,0.42,45,46,13.1,22.8,0.0,0.6741,0.7387,29.8,31.0,31.0,station
2026-02-13,28.2,27.6,29.7,28.3,27.9,28.8,26.9,29.7,28.6,27.9,28.34,0.81,-0.04,47,2,17.4,28.82,0.0,0.6867,0.727,27.4,29.0,29.0,station
2026-02-14,27.0,27.5,30.5,28.1,26.7,27.4,27.6,31.0,28.1,26.6,27.96,1.52,-0.18,57,22,16.7,27.53,0.0,0.6991,0.715,27.4,29.0,29.0,station
2026-02-15,24.4,22.4,27.0,26.2,23.9,27.6,23.2,25.4,25.0,24.3,24.78,1.84,-0.32,72,80,14.2,16.05,11.1,0.7113,0.7029,27.9,30.0,30.0,station
2026-02-16,29.7,29.8,32.6,33.1,30.0,28.4,28.0,33.2,32.1,28.7,31.04,1.67,0.96,77,31,12.7,26.96,0.0,0.7233,0.6906,29.5,33.0,33.0,station
2026-02-17,28.9,29.5,33.1,31.3,29.6,28.9,29.2,34.2,32.4,25.6,30.48,1.72,0.42,75,7,13.8,26.57,0.0,0.735,0.678,29.5,31.0,31.0,station
2026-02-18,33.1,31.6,34.7,33.0,32.0,31.7,31.8,36.9,34.3,32.8,32.88,1.2,-0.62,71,11,13.7,27.32,0.0,0.7466,0.6653,32.7,35.0,35.0,station
2026-02-19,30.9,29.5,33.1,29.4,26.3,28.9,27.2,35.4,31.1,31.1,29.84,2.48,-0.9,79,66,18.2,10.54,0.5,0.7579,0.6523,29.3,32.0,32.0,station
2026-02-20,29.7,28.9,32.2,29.7,28.9,30.0,29.6,32.8,29.9,27.3,29.88,1.36,-0.04,59,2,15.4,28.02,0.0,0.769,0.6392,29.7,31.0,31.0,station
2026-02-21,29.5,29.3,30.3,30.2,28.7,29.3,29.0,31.3,29.6,29.4,29.6,0.66,-0.12,55,43,16.6,26.89,0.0,0.7799,0.6259,30.1,31.0,31.0,station
2026-02-22,30.1,29.3,31.2,30.3,28.6,29.4,29.2,31.2,29.1,27.5,29.9,0.99,0.62,62,58,15.9,26.4,0.0,0.7906,0.6124,30.0,31.0,31.0,station
2026-02-23,28.2,27.6,32.4,28.1,28.8,28.1,27.4,32.5,29.0,29.8,29.02,1.94,-0.34,69,64,15.4,18.01,1.2,0.801,0.5987,29.2,31.0,31.0,station
2026-02-24,30.6,32.1,34.6,32.7,31.5,31.7,31.3,37.6,31.4,29.7,32.3,1.5,-0.04,68,41,24.5,23.47,0.7,0.8112,0.5848,31.6,32.0,32.0,station
2026-02-25,26.2,25.5,27.9,25.7,23.4,24.8,25.3,28.3,26.0,24.4,25.74,1.61,-0.02,53,7,17.8,25.51,0.0,0.8211,0.5708,24.8,26.0,26.0,station
2026-02-26,27.9,26.8,30.2,27.7,26.8,26.1,26.3,29.8,28.0,25.6,27.88,1.39,0.72,61,34,10.9,26.04,0.0,0.8308,0.5566,26.7,29.0,29.0,station
2026-02-27,27.9,28.4,29.8,29.9,27.6,28.6,29.0,31.6,29.9,28.4,28.72,1.07,-0.78,58,40,12.9,24.45,0.0,0.8402,0.5422,28.1,29.0,29.0,station
2026-02-28,30.8,30.2,32.2,31.2,30.3,30.9,30.3,32.9,30.8,31.0,30.94,0.81,-0.24,57,34,13.6,24.44,0.0,0.8495,0.5277,30.1,32.0,32.0,station
2026-03-01,30.7,31.1,32.6,31.9,30.3,31.3,31.1,33.6,32.7,30.9,31.32,0.93,-0.6,57,0,14.9,25.79,0.0,0.8584,0.513,30.4,32.0,32.0,station
2026-03-02,30.6,30.5,32.7,30.8,30.4,30.4,30.3,33.0,30.8,30.3,31.0,0.96,0.04,56,9,17.9,25.79,0.0,0.8671,0.4981,30.7,31.0,31.0,station
2026-03-03,32.0,27.0,29.7,28.4,26.6,30.2,24.7,31.8,28.6,27.5,28.74,2.19,0.18,72,91,15.0,11.0,3.2,0.8755,0.4831,26.3,29.0,29.0,station
2026-03-04,31.0,31.9,36.0,33.0,33.1,33.8,31.8,36.9,33.6,31.7,33.0,1.89,-0.56,65,32,13.4,25.34,0.0,0.8837,0.468,31.2,34.0,34.0,station
2026-03-05,26.1,26.0,30.8,27.6,24.7,26.0,26.7,21.6,30.1,28.3,27.04,2.34,0.5,72,68,18.4,18.03,0.9,0.8916,0.4527,27.5,29.0,29.0,station
2026-03-06,26.8,25.2,25.8,24.0,26.2,25.6,25.1,29.7,26.9,24.8,25.6,1.07,-0.82,81,100,17.7,10.45,0.8,0.8993,0.4373,25.0,26.0,26.0,station
2026-03-07,24.9,25.2,25.4,26.3,25.7,25.6,25.8,25.9,26.0,24.8,25.5,0.53,-0.12,71,33,16.9,21.02,1.3,0.9067,0.4218,25.9,28.0,28.0,station
2026-03-08,25.0,25.4,26.3,25.7,24.8,24.6,24.9,26.7,25.7,24.8,25.44,0.59,0.1,65,65,19.3,17.99,0.0,0.9138,0.4061,25.7,27.0,27.0,station
2026-03-09,25.3,25.1,26.4,26.3,24.9,25.0,24.8,26.1,25.8,24.6,25.6,0.7,0.34,57,51,19.3,23.34,0.0,0.9207,0.3904,25.5,28.0,28.0,station
2026-03-10,26.3,26.1,27.5,26.7,26.5,25.9,25.9,27.8,27.1,25.7,26.62,0.54,0.14,61,7,14.2,22.58,0.0,0.9272,0.3745,26.2,27.0,27.0,station
2026-03-11,28.0,27.0,27.6,27.5,26.6,26.5,26.8,28.3,27.8,26.6,27.34,0.55,0.14,67,24,15.5,21.48,0.0,0.9335,0.3585,27.0,28.0,28.0,station
2026-03-12,26.9,27.2,28.2,26.3,27.0,27.0,26.9,28.8,26.5,27.0,27.12,0.69,-0.12,73,30,14.3,19.44,1.4,0.9396,0.3424,27.1,28.0,28.0,station
2026-03-13,27.1,27.7,30.0,28.9,26.8,28.2,27.5,29.8,28.6,28.0,28.1,1.33,-0.32,73,44,11.2,19.16,0.4,0.9453,0.3261,26.8,29.0,29.0,station
2026-03-14,26.5,26.4,31.0,28.4,25.8,28.3,25.7,31.1,28.9,26.5,27.62,2.13,-0.48,72,71,10.2,11.04,0.0,0.9508,0.3098,27.2,29.0,29.0,station
2026-03-15,33.4,31.9,34.7,32.0,30.8,32.1,31.7,35.7,32.3,31.7,32.56,1.51,-0.14,64,1,13.1,22.86,0.0,0.956,0.2934,32.0,33.0,33.0,station
2026-03-16,34.8,34.8,34.5,29.0,31.0,28.1,32.9,30.6,24.3,28.3,32.82,2.67,3.98,57,15,16.5,20.57,0.1,0.9609,0.2769,34.4,36.0,36.0,station
2026-03-17,28.7,26.5,33.4,27.1,27.2,25.2,26.1,25.4,24.3,22.4,28.58,2.81,3.9,74,77,23.7,12.23,15.7,0.9655,0.2604,29.5,32.0,32.0,station
2026-03-18,24.2,25.0,29.3,26.7,26.4,26.5,26.3,29.2,27.6,25.4,26.32,1.95,-0.68,69,28,14.1,22.7,0.0,0.9698,0.2437,25.5,29.0,29.0,station
2026-03-19,24.8,26.1,28.9,27.7,25.6,24.7,26.2,30.7,28.0,26.8,26.62,1.66,-0.66,68,0,15.1,22.78,0.0,0.9739,0.227,26.1,28.0,28.0,station
2026-03-20,26.7,27.2,32.0,29.1,29.9,25.9,27.8,31.8,28.8,29.7,28.98,2.14,0.18,79,58,19.8,15.23,3.3,0.9777,0.2102,27.4,28.0,28.0,station
2026-03-21,23.3,21.3,23.2,24.2,26.2,23.3,22.3,23.6,24.1,24.4,23.64,1.78,0.1,85,71,31.1,9.03,43.9,0.9811,0.1934,22.3,23.0,23.0,station
2026-03-22,22.2,23.8,23.1,24.0,22.1,22.0,23.8,23.4,24.8,23.0,23.04,0.88,-0.36,67,6,13.7,22.44,0.1,0.9843,0.1765,23.9,26.0,26.0,station
2026-03-23,22.7,23.5,24.6,24.7,23.1,22.6,22.6,24.9,20.3,24.3,23.72,0.9,0.78,70,47,17.6,14.97,0.3,0.9872,0.1595,22.9,27.0,27.0,station
2026-03-24,23.2,24.3,24.1,23.6,24.5,22.2,23.8,23.5,24.2,23.7,23.94,0.53,0.46,58,0,10.7,21.82,0.0,0.9898,0.1425,24.5,26.0,26.0,station
2026-03-25,24.9,25.7,25.6,26.0,25.9,24.6,25.4,25.3,25.0,26.1,25.62,0.43,0.34,65,0,7.2,21.59,0.0,0.9921,0.1255,25.1,27.0,27.0,station
2026-03-26,25.8,26.5,26.3,27.2,28.1,25.4,26.3,26.1,27.0,27.7,26.78,0.89,0.28,66,19,11.3,19.83,0.0,0.9941,0.1084,26.1,28.0,28.0,station
2026-03-27,26.1,25.9,25.6,28.2,28.4,25.8,26.2,29.1,28.6,27.3,26.84,1.35,-0.56,84,65,11.3,9.14,4.4,0.9958,0.0913,25.4,26.0,26.0,station
2026-03-28,27.5,23.2,29.2,26.5,26.2,27.7,24.2,27.8,26.9,25.0,26.52,2.19,0.2,91,61,12.9,9.16,1.3,0.9972,0.0741,25.5,27.0,27.0,station
2026-03-29,28.3,24.9,29.4,28.4,25.2,30.3,25.9,30.5,30.2,25.5,27.24,2.05,-1.24,90,57,12.7,13.22,15.5,0.9984,0.057,26.6,27.0,27.0,station
2026-03-30,28.2,26.6,29.6,28.0,26.2,27.7,26.8,30.1,26.4,25.0,27.72,1.36,0.52,88,74,11.7,12.46,0.0,0.9992,0.0398,28.7,30.0,30.0,station
2026-03-31,29.2,28.7,30.6,28.9,31.8,28.9,28.8,30.3,28.5,30.1,29.84,1.32,0.52,85,21,17.2,17.78,0.2,0.9997,0.0226,30.4,32.0,32.0,station
2026-04-01,26.6,24.6,30.7,25.8,29.1,28.0,25.0,30.4,29.9,27.8,27.36,2.49,-0.86,91,86,14.7,8.28,29.7,1.0,0.0054,25.4,29.0,29.0,station
2026-04-02,27.6,27.4,27.3,27.5,24.6,25.8,26.6,27.0,26.3,24.1,26.88,1.28,0.92,87,68,7.8,13.98,1.3,0.9999,-0.0118,27.4,28.0,28.0,station
2026-04-03,27.2,29.0,27.5,25.4,25.4,24.9,28.0,28.7,27.6,25.4,26.9,1.53,-0.02,85,42,22.7,16.48,10.4,0.9996,-0.029,29.6,31.0,31.0,station
2026-04-04,20.6,19.2,19.5,21.2,18.8,20.9,19.3,19.5,20.2,20.5,19.86,1.0,-0.22,67,22,21.4,19.68,4.3,0.9989,-0.0462,18.7,20.0,20.0,station
2026-04-05,18.0,18.7,18.6,18.8,18.2,19.2,19.5,18.5,20.1,18.9,18.46,0.34,-0.78,70,58,16.3,12.71,0.2,0.998,-0.0634,18.0,20.0,20.0,station
2026-04-06,19.1,18.2,16.5,18.0,17.4,20.5,18.7,18.2,17.7,17.4,17.84,0.97,-0.66,86,100,19.5,7.69,16.3,0.9968,-0.0805,19.3,18.0,18.0,station
2026-04-07,19.8,19.4,17.2,19.1,19.0,20.1,20.7,18.9,19.4,19.4,18.9,1.0,-0.8,93,100,25.9,4.55,16.0,0.9952,-0.0977,19.4,19.0,19.0,station
2026-04-08,20.1,20.6,19.7,21.4,20.3,20.9,20.8,19.7,21.6,19.5,20.42,0.64,-0.08,84,65,22.9,10.59,1.9,0.9934,-0.1148,20.5,21.0,21.0,station
2026-04-09,20.3,20.7,19.3,20.8,19.2,20.4,21.7,19.6,19.4,19.7,20.06,0.76,-0.1,80,21,9.6,14.5,0.0,0.9913,-0.1319,19.5,21.0,21.0,station
2026-04-10,22.2,22.6,21.5,,22.1,21.7,23.0,21.3,20.9,21.4,22.1,0.45,0.44,74,0,8.8,18.68,0.0,0.9889,-0.1489,22.0,24.0,24.0,station
2026-04-11,22.1,22.4,20.4,,23.1,22.1,24.5,20.8,21.3,23.0,22.0,1.15,-0.34,75,54,18.7,15.57,1.3,0.9861,-0.1659,22.3,23.0,23.0,station
2026-04-12,23.5,24.2,23.1,,26.3,23.9,25.6,23.6,24.3,25.6,24.27,1.42,-0.33,80,14,6.8,17.24,0.0,0.9831,-0.1828,23.9,26.0,26.0,station
2026-04-13,24.5,24.5,22.5,23.9,25.6,23.2,23.6,22.3,23.2,25.6,24.2,1.13,0.62,80,87,12.5,16.04,0.0,0.9799,-0.1997,24.3,25.0,25.0,station
2026-04-14,24.6,25.0,25.9,25.6,27.7,25.3,25.5,25.1,24.5,27.4,25.76,1.2,0.2,83,96,12.2,14.36,0.0,0.9763,-0.2165,25.2,25.0,25.0,station
2026-04-15,22.8,22.2,20.5,22.3,24.8,23.0,22.1,23.0,23.4,24.9,22.52,1.54,-0.76,96,100,16.0,2.96,24.4,0.9724,-0.2333,22.4,23.0,23.0,station
2026-04-16,24.6,23.1,22.0,24.2,23.5,24.8,23.7,21.6,21.7,20.8,23.48,1.01,0.96,87,58,19.5,12.01,13.8,0.9683,-0.25,23.9,24.0,24.0,station
2026-04-17,23.1,24.5,23.7,23.0,24.0,24.4,24.5,23.6,23.6,24.5,23.66,0.63,-0.46,84,67,16.3,12.47,0.0,0.9638,-0.2666,24.5,25.0,25.0,station
2026-04-18,26.3,26.7,25.1,25.4,27.6,25.8,26.3,25.4,25.1,27.6,26.22,1.01,0.18,79,3,10.3,16.26,0.0,0.9591,-0.2831,26.6,28.0,28.0,station
2026-04-19,25.7,23.0,24.0,22.3,26.6,25.1,23.4,24.0,21.8,26.3,24.32,1.8,0.2,77,66,10.7,13.36,0.1,0.9541,-0.2996,25.4,26.0,26.0,station
2026-04-20,24.4,20.5,21.3,24.1,20.6,24.4,21.5,22.7,21.9,24.1,22.18,1.92,-0.74,90,90,24.0,4.88,11.1,0.9488,-0.316,19.2,19.0,19.0,station
2026-04-21,20.0,20.9,21.6,21.5,21.0,23.7,21.1,20.7,21.6,24.9,21.0,0.64,-1.4,92,70,20.2,5.94,4.4,0.9432,-0.3322,21.6,23.0,23.0,station
2026-04-22,19.9,19.6,19.0,19.3,15.2,19.6,19.1,20.0,19.6,15.9,18.6,1.93,-0.24,78,11,17.5,16.0,0.0,0.9373,-0.3484,19.6,20.0,20.0,station
2026-04-23,22.4,23.0,21.5,22.1,21.0,22.1,22.7,21.6,21.2,20.1,22.0,0.78,0.46,70,0,9.7,16.27,0.0,0.9312,-0.3645,23.4,25.0,25.0,station
2026-04-24,22.4,23.0,21.8,23.0,24.3,22.9,23.1,21.1,22.0,23.2,22.9,0.93,0.44,75,2,7.7,15.88,0.0,0.9248,-0.3804,22.9,24.0,24.0,station
2026-04-25,22.9,23.1,21.8,22.7,25.3,23.3,22.6,22.4,21.6,24.1,23.16,1.3,0.36,79,49,10.5,14.11,0.0,0.9181,-0.3963,23.0,24.0,24.0,station
2026-04-26,15.3,16.0,16.0,16.1,16.9,15.2,15.5,16.2,15.4,17.2,16.06,0.57,0.16,64,33,32.4,11.69,0.2,0.9112,-0.412,15.8,17.0,17.0,station
2026-04-27,15.8,15.7,15.1,16.5,16.9,15.7,15.3,15.2,16.4,15.8,16.0,0.71,0.32,65,15,24.2,15.45,0.0,0.9039,-0.4276,15.6,17.0,17.0,station
2026-04-28,18.6,20.3,17.4,18.4,19.3,17.8,19.8,17.4,18.4,18.0,18.8,1.08,0.52,65,34,15.5,14.75,0.0,0.8965,-0.4431,19.3,20.0,20.0,station
2026-04-29,21.7,22.8,21.6,22.2,23.8,21.1,21.9,20.8,21.3,23.0,22.42,0.91,0.8,65,53,21.1,12.71,0.0,0.8887,-0.4585,22.1,23.0,23.0,station
2026-04-30,22.8,23.6,22.0,22.9,23.5,21.9,22.7,22.6,22.9,23.9,22.96,0.64,0.16,70,16,10.0,15.04,0.0,0.8807,-0.4737,22.5,24.0,24.0,station
2026-05-01,23.0,22.6,22.7,24.0,26.5,23.4,23.2,22.4,24.0,26.0,23.76,1.63,-0.04,73,32,18.3,11.5,0.0,0.8724,-0.4888,23.5,24.0,24.0,station
2026-05-02,16.4,15.8,15.5,16.6,17.6,16.4,15.5,16.2,16.0,17.6,16.38,0.81,0.04,62,13,18.9,15.19,0.0,0.8639,-0.5037,15.1,16.0,16.0,station
2026-05-03,16.9,16.8,17.4,16.9,16.9,17.1,16.3,17.7,17.1,17.4,16.98,0.24,-0.14,65,35,14.3,14.46,0.0,0.8551,-0.5185,16.9,17.0,17.0,station
2026-05-04,20.6,21.4,20.3,20.2,21.8,20.7,20.9,20.3,20.8,20.8,20.86,0.71,0.16,64,70,15.8,13.56,0.0,0.846,-0.5331,20.9,22.0,22.0,station
2026-05-05,24.6,23.6,22.9,22.3,24.6,22.8,23.4,23.0,24.1,24.3,23.6,1.02,0.08,80,50,12.1,10.58,0.2,0.8367,-0.5476,23.4,24.0,24.0,station
2026-05-06,23.1,23.1,23.7,24.9,23.3,22.9,23.8,22.6,25.7,22.5,23.62,0.76,0.12,93,73,22.9,7.4,34.7,0.8272,-0.5619,23.2,27.0,27.0,station
2026-05-07,18.7,20.9,21.6,19.4,19.1,21.2,20.7,21.1,20.0,19.7,19.94,1.25,-0.6,83,100,25.5,3.9,0.8,0.8174,-0.5761,19.9,21.0,21.0,station
2026-05-08,12.2,12.5,12.0,12.6,8.9,13.2,13.0,13.3,13.0,11.4,11.64,1.55,-1.14,66,67,27.4,9.29,0.9,0.8074,-0.59,12.7,13.0,13.0,station
2026-05-09,12.8,12.6,11.0,12.9,10.9,12.6,12.2,11.2,12.9,10.6,12.04,1.0,0.14,75,76,25.8,6.63,4.5,0.7971,-0.6038,12.3,13.0,13.0,station
2026-05-10,14.1,15.5,12.9,13.6,12.1,13.4,15.7,12.9,13.7,11.9,13.64,1.28,0.12,66,2,20.5,13.84,0.0,0.7866,-0.6175,14.8,16.0,16.0,station
2026-05-11,16.0,17.3,15.4,16.1,15.7,16.2,16.8,15.4,16.3,15.8,16.1,0.72,0.0,70,0,16.4,13.67,0.0,0.7759,-0.6309,16.6,17.0,17.0,station
2026-05-12,18.6,20.2,18.9,19.4,19.2,18.3,20.3,18.4,18.8,19.7,19.26,0.61,0.16,67,2,18.6,13.43,0.0,0.7649,-0.6442,20.6,22.0,22.0,station
2026-05-13,14.5,15.1,14.5,14.9,15.9,14.5,15.3,15.6,14.9,15.9,14.98,0.58,-0.26,72,64,10.4,11.29,0.0,0.7537,-0.6572,14.6,15.0,15.0,station
2026-05-14,16.0,16.3,15.3,16.4,18.1,16.3,16.3,16.0,16.3,18.1,16.42,1.03,-0.18,75,29,9.3,12.97,0.0,0.7423,-0.6701,16.0,17.0,17.0,station
2026-05-15,17.4,16.9,16.6,17.2,18.6,17.6,17.4,16.7,17.9,19.2,17.34,0.77,-0.42,73,30,11.2,13.08,0.0,0.7306,-0.6828,17.3,18.0,18.0,station
2026-05-16,13.7,13.6,16.1,12.9,16.2,13.6,14.6,15.4,13.0,14.9,14.5,1.54,0.2,82,98,16.5,4.8,0.9,0.7188,-0.6952,13.7,14.0,14.0,station
2026-05-17,13.4,13.8,13.3,13.3,12.7,13.7,14.1,13.5,13.2,13.2,13.3,0.39,-0.24,72,43,13.7,12.03,0.2,0.7067,-0.7075,13.4,14.0,14.0,station
2026-05-18,15.4,16.8,14.3,15.2,15.5,15.0,16.4,14.8,15.0,14.8,15.44,0.9,0.24,70,0,12.1,12.91,0.0,0.6945,-0.7195,15.7,16.0,16.0,station
2026-05-19,16.5,18.2,15.8,16.5,17.1,16.2,18.0,15.9,16.4,17.0,16.82,0.9,0.12,70,0,12.4,12.76,0.0,0.682,-0.7314,17.0,18.0,18.0,station
2026-05-20,13.9,14.6,13.9,14.9,15.4,14.1,14.7,14.2,15.4,14.9,14.54,0.65,-0.12,77,50,15.2,7.85,0.0,0.6693,-0.743,14.3,14.0,14.0,station
2026-05-21,11.4,12.2,12.3,11.8,12.9,11.0,12.4,13.2,11.4,12.6,12.12,0.56,0.0,72,27,9.1,10.39,0.0,0.6564,-0.7544,11.8,12.0,12.0,station
2026-05-22,12.8,12.4,13.5,12.8,14.0,12.5,12.5,13.7,12.3,14.0,13.1,0.64,0.1,78,58,6.9,7.08,0.0,0.6433,-0.7656,12.8,14.0,14.0,station
2026-05-23,14.7,14.1,14.5,14.0,15.6,14.1,14.1,14.7,14.1,15.7,14.58,0.64,0.04,77,46,10.7,11.03,0.0,0.6301,-0.7765,14.7,15.0,15.0,station
2026-05-24,15.3,14.6,15.5,15.1,15.1,15.8,14.7,15.6,15.8,16.1,15.12,0.33,-0.48,90,65,10.6,6.25,0.2,0.6166,-0.7873,14.9,15.0,15.0,station
2026-05-25,18.2,16.6,17.8,17.0,18.5,18.0,16.9,18.2,17.3,18.3,17.62,0.8,-0.12,87,76,7.8,9.01,0.0,0.603,-0.7978,17.3,16.0,16.0,station
2026-05-26,16.4,15.7,17.7,15.6,17.4,17.2,15.4,18.6,16.5,18.3,16.56,0.96,-0.64,91,42,8.9,9.94,0.0,0.5892,-0.808,15.2,12.0,12.0,station
2026-05-27,14.2,14.0,18.0,14.5,17.4,15.4,14.2,18.2,14.3,17.1,15.62,1.92,-0.22,93,100,9.3,5.25,0.0,0.5752,-0.818,14.2,15.0,15.0,station
2026-05-28,16.5,14.9,16.7,15.5,17.9,16.6,15.6,16.8,16.2,17.9,16.3,1.16,-0.32,87,100,11.8,4.33,0.0,0.561,-0.8278,14.9,16.0,16.0,station
2026-05-29,14.8,14.4,15.5,14.9,15.6,15.4,14.6,16.6,15.5,17.3,15.04,0.5,-0.84,87,81,10.5,6.05,0.4,0.5467,-0.8373,15.0,15.0,15.0,station
2026-05-30,16.3,15.4,16.9,15.1,19.0,15.9,15.1,18.1,15.5,16.5,16.54,1.55,0.32,87,45,7.2,9.22,0.0,0.5322,-0.8466,15.8,16.0,16.0,station
2026-05-31,17.2,15.9,17.2,16.6,19.5,16.5,15.2,17.7,15.1,16.3,17.28,1.35,1.12,81,36,6.7,9.88,0.0,0.5176,-0.8556,18.0,18.0,18.0,station
2026-06-01,14.2,14.1,15.8,14.7,16.4,13.9,13.4,15.4,14.2,15.3,15.04,1.02,0.6,87,94,11.5,3.13,0.4,0.5028,-0.8644,14.4,14.0,14.0,station
2026-06-02,15.1,14.9,14.6,14.8,15.3,15.5,14.7,14.9,14.3,15.3,14.94,0.27,0.0,86,81,11.3,7.18,0.0,0.4878,-0.8729,15.7,17.0,17.0,station
2026-06-03,17.4,16.7,17.3,17.4,16.7,16.8,17.0,17.5,17.2,19.2,17.1,0.37,-0.44,83,86,15.7,7.12,0.0,0.4728,-0.8812,17.4,17.0,17.0,station
2026-06-04,16.7,17.7,18.4,16.5,18.4,18.4,17.9,18.5,17.3,18.7,17.54,0.91,-0.62,91,97,11.6,4.17,0.0,0.4575,-0.8892,16.5,17.0,17.0,station
2026-06-05,19.0,17.1,18.9,18.8,,19.4,17.3,20.5,19.1,18.8,18.45,0.9,-0.57,92,73,9.4,5.2,0.0,0.4422,-0.8969,19.2,19.0,19.0,station
2026-06-06,16.5,16.5,19.1,17.7,,18.2,16.8,20.1,19.1,19.9,17.45,1.24,-1.37,94,97,8.2,4.94,0.2,0.4267,-0.9044,17.3,17.0,17.0,station
2026-06-07,16.3,15.0,17.7,15.6,,16.0,14.9,15.3,16.2,14.6,16.15,1.16,0.75,93,100,14.5,2.59,2.5,0.4111,-0.9116,15.8,16.0,16.0,station
2026-06-08,12.6,12.6,11.7,13.3,,13.4,13.1,12.9,14.4,11.2,12.55,0.66,-0.45,95,99,16.2,2.93,44.3,0.3953,-0.9185,13.3,13.0,13.0,station
2026-06-09,14.7,13.5,14.6,13.7,,14.7,13.0,14.9,14.0,12.0,14.12,0.61,0.41,91,74,8.5,5.08,0.0,0.3795,-0.9252,13.8,15.0,15.0,station
2026-06-10,15.2,13.6,15.4,14.4,13.6,15.1,14.1,15.0,14.5,13.9,14.44,0.85,-0.08,90,98,8.8,3.74,0.0,0.3635,-0.9316,15.1,15.0,15.0,station
2026-06-11,17.3,17.3,16.9,15.8,15.4,17.1,16.5,17.1,15.9,14.6,16.54,0.88,0.3,89,53,8.5,9.12,0.0,0.3474,-0.9377,16.9,18.0,18.0,station
2026-06-12,15.9,13.8,16.5,14.4,15.4,16.2,14.7,16.5,14.5,13.8,15.2,1.1,0.06,89,62,9.3,8.65,0.0,0.3312,-0.9436,16.4,17.0,17.0,station
2026-06-13,14.6,13.1,15.1,12.6,12.9,14.3,13.1,14.4,13.3,13.0,13.66,1.11,0.04,95,80,20.0,5.11,3.2,0.3149,-0.9491,14.1,15.0,15.0,station
2026-06-14,9.8,9.9,9.6,9.0,8.9,9.8,9.4,10.8,9.4,8.0,9.44,0.46,-0.04,77,5,14.6,11.22,0.0,0.2986,-0.9544,9.9,10.0,10.0,station
2026-06-15,13.0,14.0,12.5,12.6,11.8,12.5,14.0,12.3,12.0,11.9,12.78,0.81,0.24,71,11,15.1,10.89,0.0,0.2821,-0.9594,13.7,14.0,14.0,station
2026-06-16,16.7,17.9,17.3,16.7,18.3,16.5,17.7,17.3,15.6,17.9,17.38,0.72,0.38,77,6,15.7,10.84,0.0,0.2656,-0.9641,17.9,19.0,19.0,station
2026-06-17,13.5,14.7,13.6,13.6,14.6,13.2,14.2,13.7,13.5,14.5,14.0,0.6,0.18,78,25,14.5,10.85,0.0,0.2489,-0.9685,14.4,15.0,15.0,station
2026-06-18,12.9,11.1,12.9,12.5,13.8,13.3,11.8,12.6,11.2,13.8,12.64,0.98,0.1,85,97,14.5,4.02,9.0,0.2322,-0.9727,12.9,12.0,12.0,station
2026-06-19,14.2,15.1,12.9,14.4,11.3,14.5,15.2,12.7,14.2,11.2,13.58,1.5,0.02,78,31,19.9,10.92,0.8,0.2155,-0.9765,14.4,15.0,15.0,station
2026-06-20,14.9,14.7,13.1,14.5,11.6,14.6,14.2,13.1,14.8,11.8,13.76,1.4,0.06,72,66,11.1,10.28,0.0,0.1986,-0.9801,15.1,16.0,16.0,station
2026-06-21,13.7,15.0,13.7,13.6,13.2,13.7,13.8,13.0,13.7,11.3,13.84,0.68,0.74,75,97,11.6,7.56,0.0,0.1818,-0.9833,15.1,15.0,15.0,station
2026-06-22,11.4,12.1,11.9,12.4,11.8,11.7,11.8,11.9,11.4,11.3,11.92,0.37,0.3,74,64,16.6,9.71,0.0,0.1648,-0.9863,11.3,12.0,12.0,station
2026-06-23,11.3,12.0,10.7,11.1,11.6,11.4,12.4,11.4,11.6,11.3,11.34,0.49,-0.28,69,12,18.0,10.37,0.0,0.1478,-0.989,11.9,12.0,12.0,station
2026-06-24,11.0,10.9,10.4,11.1,11.7,10.7,10.3,10.5,10.4,10.5,11.02,0.47,0.54,80,43,12.3,8.22,0.0,0.1308,-0.9914,10.6,11.0,11.0,station
2026-06-25,11.1,11.7,11.9,11.4,12.7,12.2,12.5,12.3,12.1,13.0,11.76,0.61,-0.66,70,43,19.2,10.61,0.0,0.1137,-0.9935,11.6,12.0,12.0,station
2026-06-26,13.4,13.8,12.7,13.2,14.3,13.2,13.5,13.2,14.2,16.3,13.48,0.61,-0.6,80,21,13.0,10.45,0.0,0.0966,-0.9953,13.5,14.0,14.0,station
2026-06-27,16.0,15.3,14.4,14.5,15.9,15.7,14.9,14.6,14.0,16.2,15.22,0.75,0.14,84,68,11.6,8.85,0.0,0.0795,-0.9968,16.8,19.0,19.0,station
2026-06-28,8.4,13.1,13.0,12.2,13.3,9.7,12.2,12.2,12.0,13.3,12.0,2.06,0.12,86,60,13.9,5.34,1.6,0.0623,-0.9981,13.8,15.0,15.0,station
2026-06-29,13.9,15.1,13.7,14.1,14.2,13.9,14.6,13.6,13.3,14.3,14.2,0.54,0.26,75,12,11.5,10.84,0.0,0.0451,-0.999,14.4,15.0,15.0,station
2026-06-30,13.5,14.0,13.2,13.8,13.5,13.3,13.8,13.0,13.7,13.8,13.6,0.31,0.08,78,3,9.6,10.82,0.0,0.028,-0.9996,14.0,15.0,15.0,station
2026-07-01,12.9,13.6,12.1,13.0,12.4,12.6,12.4,12.5,12.6,12.5,12.8,0.58,0.28,83,70,17.3,8.65,0.2,0.0108,-0.9999,13.1,15.0,15.0,station
2026-07-02,7.6,8.2,8.3,8.3,8.4,7.9,8.0,8.5,8.6,8.6,8.16,0.32,-0.16,72,6,13.9,11.14,0.0,-0.0065,-1.0,8.0,9.0,9.0,station
2026-07-03,8.3,9.2,8.8,8.7,9.3,8.4,9.1,9.2,9.5,9.3,8.86,0.4,-0.24,75,5,8.9,11.27,0.0,-0.0237,-0.9997,9.2,10.0,10.0,station
2026-07-04,10.4,10.2,9.3,10.8,11.1,10.8,9.9,10.5,11.5,12.3,10.36,0.69,-0.64,83,46,8.4,6.38,0.0,-0.0408,-0.9992,9.7,10.0,10.0,station
2026-07-05,7.3,8.4,6.6,8.1,7.3,9.2,8.9,8.2,9.0,10.7,7.54,0.72,-1.66,96,78,11.2,3.11,3.6,-0.058,-0.9983,9.0,9.0,9.0,station
2026-07-06,10.2,8.6,10.2,9.6,10.4,10.3,10.9,10.5,10.0,10.5,9.8,0.73,-0.64,85,38,13.1,10.66,0.3,-0.0752,-0.9972,10.7,11.0,11.0,station
2026-07-07,15.4,17.1,14.3,15.7,16.1,15.4,16.9,15.0,16.0,16.5,15.72,1.02,-0.24,70,40,17.6,10.96,0.0,-0.0923,-0.9957,16.1,18.0,18.0,station
2026-07-08,16.7,17.3,16.0,17.7,17.4,16.6,16.7,16.4,16.6,17.9,17.02,0.68,0.18,65,81,17.5,10.58,0.0,-0.1094,-0.994,17.3,18.0,18.0,station
2026-07-09,16.7,18.8,16.9,15.9,18.4,16.0,17.8,16.3,14.4,18.8,17.34,1.22,0.68,75,95,9.4,6.72,0.0,-0.1265,-0.992,16.6,18.0,18.0,station
2026-07-10,12.6,12.8,13.2,12.8,15.9,13.0,12.9,13.5,12.3,14.6,13.46,1.38,0.2,95,97,10.7,3.16,2.2,-0.1436,-0.9896,11.9,14.0,14.0,station
2026-07-11,14.2,13.0,13.6,13.0,15.0,13.4,12.4,14.3,12.3,15.9,13.76,0.85,0.1,92,93,16.1,6.49,1.0,-0.1606,-0.987,11.7,12.0,12.0,station
2026-07-12,11.7,11.0,12.0,11.9,11.9,11.1,11.1,11.8,12.0,11.9,11.7,0.41,0.12,86,61,13.1,7.51,0.0,-0.1775,-0.9841,11.1,12.0,12.0,station
2026-07-13,11.8,11.9,12.5,12.5,13.7,11.8,11.8,12.7,13.4,13.8,12.48,0.76,-0.22,86,60,14.4,8.88,0.0,-0.1944,-0.9809,10.2,9.0,9.0,station
2026-07-14,15.7,14.7,16.3,14.9,16.5,15.8,15.4,15.4,15.0,16.4,15.62,0.81,0.02,82,87,14.7,10.3,0.0,-0.2113,-0.9774,15.0,16.0,16.0,station
2026-07-15,17.3,18.3,18.0,15.7,18.5,17.7,18.0,17.5,16.2,19.3,17.56,1.13,-0.18,73,100,16.0,5.18,0.0,-0.2281,-0.9736,17.7,18.0,18.0,station
2026-07-16,22.2,23.4,21.4,22.0,21.9,20.1,23.1,22.1,19.7,21.0,22.18,0.74,0.98,77,75,18.0,8.56,1.0,-0.2448,-0.9696,22.7,24.0,24.0,station
2026-07-17,20.9,23.2,25.9,21.8,22.8,19.6,23.3,25.7,21.8,28.2,22.92,1.89,-0.8,88,88,18.2,5.97,4.4,-0.2614,-0.9652,23.6,24.0,24.0,station
2026-07-18,16.2,17.1,17.6,17.9,17.2,17.3,16.8,17.7,17.8,17.6,17.2,0.64,-0.24,93,97,15.0,5.08,0.3,-0.278,-0.9606,17.9,19.0,19.0,station
2026-07-19,13.0,13.5,11.6,12.9,12.0,13.7,14.6,11.3,11.1,13.2,12.6,0.78,-0.18,88,92,23.2,4.01,19.1,-0.2945,-0.9557,12.9,13.0,13.0,station
2026-07-20,14.0,12.5,14.3,11.7,12.2,13.5,13.0,13.8,12.1,13.0,12.94,1.15,-0.14,87,100,21.2,3.78,3.2,-0.3109,-0.9505,13.8,15.0,15.0,station
2026-07-21,12.6,12.5,11.7,12.3,12.1,13.6,13.4,13.8,13.8,13.4,12.24,0.36,-1.36,90,99,16.7,3.48,0.1,-0.3272,-0.945,12.7,13.0,13.0,station
2026-07-22,12.6,12.7,12.2,12.9,10.7,13.6,12.3,12.6,14.1,12.6,12.22,0.89,-0.82,82,98,14.4,6.75,1.9,-0.3434,-0.9392,13.9,15.0,15.0,station
2026-07-23,14.3,12.5,13.6,13.3,14.4,13.6,11.7,14.1,13.8,14.2,13.62,0.78,0.14,83,70,14.7,10.68,0.0,-0.3595,-0.9332,14.9,16.0,16.0,station
2026-07-24,16.6,15.4,16.4,16.2,17.2,16.1,15.5,15.2,14.8,16.3,16.36,0.65,0.78,83,87,11.0,6.02,0.4,-0.3755,-0.9268,16.9,17.0,17.0,station
2026-07-25,16.5,14.7,16.6,16.8,17.5,16.6,14.8,16.9,16.3,16.3,16.42,1.04,0.24,90,88,9.1,9.99,0.0,-0.3914,-0.9202,17.3,18.0,18.0,station
2026-07-26,19.8,18.8,18.8,18.3,19.1,19.4,18.5,19.4,17.5,20.0,18.96,0.55,0.0,83,55,10.8,12.09,0.4,-0.4071,-0.9134,19.6,20.0,20.0,station
2026-07-27,18.4,17.4,20.0,18.6,19.4,17.7,16.9,18.8,16.9,17.6,18.76,0.99,1.18,91,83,15.0,6.92,0.1,-0.4228,-0.9062,18.5,18.0,18.0,station
2026-07-28,17.7,15.4,17.9,17.9,18.7,16.9,15.5,19.3,19.1,19.2,17.52,1.25,-0.48,90,84,15.7,7.72,0.3,-0.4383,-0.8988,17.4,,,
