datum,p1_ifs,p1_aifs,p1_gfs,p1_icon,p1_gem,p2_ifs,p2_aifs,p2_gfs,p2_icon,p2_gem,mm_gem,mm_spreiding,run2run,rh_gem,bewolking_gem,wind_max,instraling_som,neerslag_som,doy_sin,doy_cos,era5_max,station_max,doel,doelbron
2023-11-01,,,11.9,,,,,12.0,,,,,,53,0,15.8,16.98,0.0,-0.8606,0.5093,11.3,13.3,13.3,station
2023-11-02,,,16.0,,,,,16.1,,,,,,60,2,17.1,16.85,0.0,-0.8517,0.524,15.7,16.7,16.7,station
2023-11-03,,,20.5,,,,,20.5,,,,,,63,8,27.7,14.84,0.0,-0.8426,0.5386,21.1,22.2,22.2,station
2023-11-04,,,23.8,,,,,23.3,,,,,,78,9,21.6,14.44,0.0,-0.8332,0.553,22.9,23.3,23.3,station
2023-11-05,,,25.4,,,,,24.8,,,,,,79,59,21.6,14.24,0.0,-0.8235,0.5672,25.8,26.1,26.1,station
2023-11-06,,,26.8,,,,,26.4,,,,,,74,46,29.3,15.12,0.0,-0.8137,0.5813,26.7,27.2,27.2,station
2023-11-07,,,28.9,,,,,28.5,,,,,,71,0,25.6,15.3,0.0,-0.8035,0.5952,28.5,28.9,28.9,station
2023-11-08,,,29.9,,,,,27.4,,,,,,72,30,26.3,14.71,0.0,-0.7932,0.609,28.6,29.4,29.4,station
2023-11-09,,,25.1,,,,,23.3,,,,,,87,95,25.2,1.57,20.9,-0.7826,0.6225,23.5,21.7,21.7,station
2023-11-10,,,15.9,,,,,15.7,,,,,,76,68,22.4,11.56,4.3,-0.7718,0.6359,17.8,16.7,16.7,station
2023-11-11,,,14.4,,,,,14.9,,,,,,55,84,15.1,8.06,0.0,-0.7607,0.6491,16.5,17.2,17.2,station
2023-11-12,,,18.4,,,,,17.0,,,,,,60,91,10.2,10.43,0.0,-0.7494,0.6621,18.6,17.8,17.8,station
2023-11-13,,,19.4,,,,,16.9,,,,,,55,81,16.3,11.92,0.4,-0.7379,0.6749,19.9,18.3,18.3,station
2023-11-14,,,19.6,,,,,20.1,,,,,,69,31,9.1,13.34,0.0,-0.7262,0.6875,20.1,20.6,20.6,station
2023-11-15,,,21.0,,,,,21.1,,,,,,75,4,8.9,14.16,0.0,-0.7143,0.6998,21.2,22.2,22.2,station
2023-11-16,,,21.1,,,,,21.3,,,,,,83,81,16.6,8.01,0.0,-0.7021,0.712,19.6,16.1,16.1,station
2023-11-17,,,22.0,,,,,23.1,,,,,,86,91,17.6,5.66,0.1,-0.6898,0.724,17.5,16.1,16.1,station
2023-11-18,,,19.7,,,,,21.3,,,,,,76,79,12.2,12.95,0.0,-0.6772,0.7358,20.6,21.1,21.1,station
2023-11-19,,,20.0,,,,,20.6,,,,,,84,75,29.3,6.97,6.6,-0.6645,0.7473,20.3,18.3,18.3,station
2023-11-20,,,22.1,,,,,22.9,,,,,,77,52,27.7,10.99,1.3,-0.6515,0.7586,22.9,23.9,23.9,station
2023-11-21,,,14.1,,,,,14.4,,,,,,57,61,33.4,8.0,0.0,-0.6384,0.7697,14.9,15.6,15.6,station
2023-11-22,,,14.0,,,,,14.4,,,,,,51,0,16.8,14.11,0.0,-0.625,0.7806,14.5,16.1,16.1,station
2023-11-23,,,17.1,,,,,16.4,,,,,,59,48,18.5,10.51,0.0,-0.6115,0.7912,16.4,16.1,16.1,station
2023-11-24,,,16.3,,,,,16.6,,,,,,80,26,13.0,13.46,0.0,-0.5978,0.8016,16.0,17.8,17.8,station
2023-11-25,,,16.6,,,,,16.6,,,,,,75,47,16.3,12.45,8.3,-0.584,0.8118,16.0,15.6,15.6,station
2023-11-26,,,13.8,,,,,14.3,,,,,,65,79,29.0,13.49,0.3,-0.5699,0.8217,11.7,10.6,10.6,station
2023-11-27,,,10.8,,,,,11.1,,,,,,62,62,11.3,13.11,0.0,-0.5557,0.8314,10.9,12.2,12.2,station
2023-11-28,,,15.0,,,,,14.6,,,,,,58,21,12.4,13.57,0.0,-0.5413,0.8408,15.5,16.1,16.1,station
2023-11-29,,,16.3,,,,,16.4,,,,,,53,77,19.9,11.93,0.0,-0.5268,0.85,17.3,17.8,17.8,station
2023-11-30,,,17.5,,,,,16.6,,,,,,86,83,20.7,3.67,38.0,-0.5121,0.859,17.5,17.2,17.2,station
2023-12-01,,,15.8,,,,,16.8,,,,,,75,37,17.7,12.81,0.0,-0.4972,0.8676,14.4,15.6,15.6,station
2023-12-02,,,20.6,,,,,22.4,,,,,,82,52,13.1,6.33,0.0,-0.4822,0.8761,15.2,18.3,18.3,station
2023-12-03,,,20.5,,,,,22.3,,,,,,47,0,23.2,13.26,0.0,-0.4671,0.8842,20.6,22.2,22.2,station
2023-12-04,,,15.8,,,,,15.9,,,,,,47,1,29.7,12.94,0.0,-0.4518,0.8921,14.8,17.2,17.2,station
2023-12-05,,,18.2,,,,,18.1,,,,,,63,0,13.2,12.87,0.0,-0.4364,0.8998,18.2,21.1,21.1,station
2023-12-06,,,15.8,,,,,16.0,,,,,,54,54,15.0,12.37,0.0,-0.4208,0.9071,16.5,17.8,17.8,station
2023-12-07,,,19.3,,,,,18.9,,,,,,59,61,34.9,10.95,0.0,-0.4052,0.9142,20.8,21.1,21.1,station
2023-12-08,,,25.7,,,,,23.0,,,,,,75,18,33.9,11.62,0.0,-0.3894,0.9211,25.0,25.6,25.6,station
2023-12-09,,,19.9,,,,,20.4,,,,,,64,2,28.7,12.57,0.0,-0.3735,0.9276,18.0,19.4,19.4,station
2023-12-10,,,12.0,,,,,12.6,,,,,,41,1,21.3,13.18,0.0,-0.3575,0.9339,11.1,11.7,11.7,station
2023-12-11,,,16.1,,,,,15.9,,,,,,42,9,14.3,12.64,0.0,-0.3413,0.9399,16.3,18.3,18.3,station
2023-12-12,,,15.3,,,,,15.5,,,,,,53,92,19.5,11.7,0.0,-0.3251,0.9457,16.9,17.8,17.8,station
2023-12-13,,,13.0,,,,,12.6,,,,,,49,90,19.0,5.86,0.0,-0.3088,0.9511,13.8,16.1,16.1,station
2023-12-14,,,17.1,,,,,14.9,,,,,,54,45,20.8,9.51,0.1,-0.2924,0.9563,16.8,17.8,17.8,station
2023-12-15,,,13.0,,,,,12.9,,,,,,79,81,25.4,2.9,22.1,-0.2759,0.9612,15.0,15.0,15.0,station
2023-12-16,,,14.9,,,,,14.7,,,,,,74,0,20.7,12.38,0.0,-0.2593,0.9658,14.4,15.0,15.0,station
2023-12-17,,,18.6,,,,,19.0,,,,,,68,12,11.1,12.47,0.0,-0.2427,0.9701,18.8,20.6,20.6,station
2023-12-18,,,16.0,,,,,15.6,,,,,,60,1,20.9,12.43,0.0,-0.226,0.9741,15.7,17.2,17.2,station
2023-12-19,,,14.5,,,,,16.3,,,,,,55,98,18.6,9.06,0.0,-0.2092,0.9779,13.7,15.0,15.0,station
2023-12-20,,,17.5,,,,,18.0,,,,,,71,81,19.4,10.95,0.0,-0.1923,0.9813,18.8,18.9,18.9,station
2023-12-21,,,17.3,,,,,16.5,,,,,,87,100,19.6,3.68,12.4,-0.1754,0.9845,15.8,15.0,15.0,station
2023-12-22,,,20.8,,,,,19.1,,,,,,85,77,18.3,6.73,1.3,-0.1585,0.9874,20.8,20.0,20.0,station
2023-12-23,,,20.1,,,,,18.1,,,,,,93,75,23.9,4.23,15.1,-0.1414,0.9899,19.2,17.8,17.8,station
2023-12-24,,,19.2,,,,,19.5,,,,,,89,82,28.3,3.72,31.6,-0.1244,0.9922,19.2,18.3,18.3,station
2023-12-25,,,11.7,,,,,12.1,,,,,,55,1,26.6,12.56,0.0,-0.1073,0.9942,9.9,10.0,10.0,station
2023-12-26,,,13.1,,,,,14.0,,,,,,62,5,25.1,12.55,0.0,-0.0902,0.9959,12.7,12.8,12.8,station
2023-12-27,,,10.3,,,,,11.2,,,,,,65,4,24.9,12.19,0.0,-0.073,0.9973,9.4,10.6,10.6,station
2023-12-28,,,9.2,,,,,8.9,,,,,,59,53,20.6,11.42,0.0,-0.0559,0.9984,8.8,10.0,10.0,station
2023-12-29,,,12.2,,,,,12.3,,,,,,66,7,23.4,12.55,0.0,-0.0387,0.9993,11.5,13.3,13.3,station
2023-12-30,,,,,,,,,,,,,,67,0,14.1,12.78,0.0,-0.0215,0.9998,16.1,17.2,17.2,station
2023-12-31,,,,,,,,,,,,,,62,59,21.4,10.5,0.0,-0.0043,1.0,16.4,,,
2024-01-01,,,,,,,,,,,,,,69,1,22.5,12.61,0.0,0.0172,0.9999,8.7,9.4,9.4,station
2024-01-02,,,,,,,,,,,,,,77,90,13.7,7.9,9.6,0.0344,0.9994,8.6,8.9,8.9,station
2024-01-03,,,,,,,,,,,,,,81,60,11.4,9.58,0.2,0.0516,0.9987,12.0,12.8,12.8,station
2024-01-04,,,,,,,,,,,,,,79,55,24.5,12.12,0.0,0.0688,0.9976,14.1,14.4,14.4,station
2024-01-05,,,,,,,,,,,,,,78,50,25.9,11.74,5.9,0.0859,0.9963,14.8,10.0,10.0,station
2024-01-06,,,,,,,,,,,,,,75,50,19.7,10.29,0.0,0.103,0.9947,12.0,9.4,9.4,station
2024-01-07,,,,,,,,,,,,,,73,1,28.2,13.12,0.0,0.1201,0.9928,14.4,15.6,15.6,station
2024-01-08,,,,,,,,,,,,,,57,75,37.8,7.1,6.0,0.1372,0.9905,16.2,13.3,13.3,station
2024-01-09,,,,,,,,,,,,,,51,11,37.7,12.9,0.0,0.1542,0.988,8.5,9.4,9.4,station
2024-01-10,,,,,,,,,,,,,,49,22,29.0,13.31,0.0,0.1712,0.9852,17.2,18.9,18.9,station
2024-01-11,,,,,,,,,,,,,,67,1,30.6,13.31,0.0,0.1881,0.9821,19.6,20.6,20.6,station
2024-01-12,,,,,,,,,,,,,,56,33,36.2,13.7,1.6,0.205,0.9788,15.2,13.3,13.3,station
2024-01-13,,,,,,,,,,,,,,50,15,32.4,13.49,0.0,0.2218,0.9751,14.9,16.7,16.7,station
2024-01-14,,,,,,,,,,,,,,40,69,23.8,6.86,0.2,0.2385,0.9711,-4.6,-6.1,-6.1,station
2024-01-15,,,,,,,,,,,,,,42,52,27.1,12.07,0.1,0.2552,0.9669,-2.4,-3.3,-3.3,station
2024-01-16,,,,,,,,,,,,,,38,33,25.2,14.34,0.0,0.2718,0.9624,-3.4,-3.3,-3.3,station
2024-01-17,,,,,,,,,,,,,,31,10,27.2,14.02,0.0,0.2883,0.9575,5.3,5.6,5.6,station
2024-01-18,,,,,,,,,,,,,,55,20,27.6,13.69,0.0,0.3047,0.9524,12.1,15.6,15.6,station
2024-01-19,,,0.4,2.1,1.2,,,,,,,,,49,1,30.2,13.96,0.0,0.3211,0.9471,4.1,7.2,7.2,station
2024-01-20,,,1.6,2.6,1.7,,,2.9,3.3,1.7,,,,36,37,15.8,14.01,0.0,0.3373,0.9414,1.9,2.2,2.2,station
2024-01-21,,,0.5,0.4,4.1,,,1.9,1.9,3.4,,,,54,100,21.1,3.43,3.6,0.3534,0.9355,2.2,3.9,3.9,station
2024-01-22,,,7.9,5.9,11.1,,,6.1,7.3,13.4,,,,93,100,21.7,1.89,34.1,0.3695,0.9292,8.6,5.0,5.0,station
2024-01-23,,,10.9,10.0,15.2,,,12.0,10.9,16.2,,,,95,100,11.8,3.26,4.6,0.3854,0.9227,12.0,10.0,10.0,station
2024-01-24,,,11.9,11.9,13.4,,,13.4,11.9,11.4,,,,92,100,14.0,2.87,1.1,0.4012,0.916,10.5,11.1,11.1,station
2024-01-25,,,13.1,15.4,15.1,,,17.1,15.8,14.5,,,,87,72,12.9,12.26,3.3,0.4169,0.9089,15.8,12.2,12.2,station
2024-01-26,,,11.3,17.2,13.6,,,19.3,17.4,15.0,,,,90,87,18.7,7.59,6.2,0.4325,0.9016,15.3,11.1,11.1,station
2024-01-27,,,10.3,12.8,12.6,,,13.1,13.3,13.0,,,,81,69,29.6,9.6,11.6,0.4479,0.8941,11.1,10.6,10.6,station
2024-01-28,,,12.1,14.1,14.3,,,13.8,15.7,14.4,,,,77,0,15.7,15.01,0.0,0.4633,0.8862,15.1,17.2,17.2,station
2024-01-29,,,17.0,18.6,18.8,,,18.6,17.8,18.7,,,,69,24,12.3,14.89,0.0,0.4784,0.8781,20.0,23.3,23.3,station
2024-01-30,,,19.1,21.6,21.7,,,19.8,20.0,20.9,,,,68,26,13.4,15.0,0.0,0.4935,0.8698,21.4,25.0,25.0,station
2024-01-31,,,19.8,22.0,22.9,,,19.8,20.8,22.1,,,,72,26,12.5,15.08,0.0,0.5084,0.8611,21.3,23.9,23.9,station
2024-02-01,,,18.2,21.5,23.4,,,19.9,18.6,20.5,,,,63,60,23.9,14.77,0.0,0.5231,0.8523,20.8,22.2,22.2,station
2024-02-02,,,17.0,20.6,22.7,,,19.1,22.5,22.4,,,,90,69,29.5,5.08,4.4,0.5377,0.8432,19.2,18.3,18.3,station
2024-02-03,,,16.3,20.6,18.6,,,18.3,20.1,17.0,,,,79,61,26.3,10.29,20.3,0.5521,0.8338,19.6,19.4,19.4,station
2024-02-04,15.2,,14.3,15.9,15.6,,,15.2,16.9,15.2,15.25,0.7,,83,84,28.2,7.39,1.6,0.5664,0.8242,15.0,16.1,16.1,station
2024-02-05,15.4,,12.2,15.6,15.2,16.1,,16.4,16.0,14.7,14.6,1.61,-1.2,71,38,28.8,15.48,0.0,0.5805,0.8143,15.4,16.7,16.7,station
2024-02-06,16.3,,15.3,17.2,17.3,16.7,,17.0,17.0,17.4,16.52,0.93,-0.5,71,41,13.6,15.58,0.0,0.5944,0.8042,16.9,20.0,20.0,station
2024-02-07,18.8,,16.0,18.9,18.8,18.1,,17.8,17.6,18.4,18.12,1.42,0.15,61,88,28.1,15.04,0.0,0.6081,0.7938,18.6,18.9,18.9,station
2024-02-08,21.6,,19.2,21.6,21.5,22.4,,21.9,22.5,21.8,20.98,1.18,-1.17,65,73,26.4,13.76,0.3,0.6217,0.7833,21.3,20.6,20.6,station
2024-02-09,22.2,,20.8,20.8,23.5,20.0,,21.6,21.3,24.1,21.82,1.3,0.07,66,99,24.2,10.47,0.2,0.6351,0.7725,22.6,22.2,22.2,station
2024-02-10,16.9,,15.2,17.1,14.0,16.6,,16.1,17.3,19.1,15.8,1.47,-1.48,80,99,20.2,4.2,18.4,0.6483,0.7614,15.2,16.1,16.1,station
2024-02-11,15.0,,14.0,13.9,13.0,15.0,,12.6,11.2,12.5,13.97,0.82,1.15,89,88,28.4,3.54,8.9,0.6613,0.7502,11.4,11.1,11.1,station
2024-02-12,12.2,,9.4,12.0,10.9,12.5,,12.5,12.9,11.4,11.12,1.28,-1.2,66,49,32.1,16.13,0.0,0.6741,0.7387,12.7,13.3,13.3,station
2024-02-13,15.4,,13.7,15.3,15.6,15.0,,16.2,15.5,15.6,15.0,0.88,-0.57,68,0,15.1,17.52,0.0,0.6867,0.727,16.1,17.2,17.2,station
2024-02-14,18.1,,16.3,18.8,17.8,17.9,,17.7,17.5,17.7,17.75,1.05,0.05,64,8,23.6,17.33,0.0,0.6991,0.715,18.6,19.4,19.4,station
2024-02-15,20.4,,20.6,22.0,24.6,20.0,,20.4,22.1,23.5,21.9,1.94,0.4,80,83,18.4,13.98,0.0,0.7113,0.7029,20.1,21.1,21.1,station
2024-02-16,20.8,,20.7,19.9,23.5,21.8,,23.5,20.5,22.8,21.23,1.57,-0.92,68,100,32.0,14.07,0.0,0.7233,0.6906,21.9,21.7,21.7,station
2024-02-17,7.4,,6.3,7.4,7.5,7.9,,8.4,7.5,8.6,7.15,0.57,-0.95,50,74,27.5,16.23,0.0,0.735,0.678,6.6,7.2,7.2,station
2024-02-18,9.9,,10.4,10.7,11.0,11.4,,12.1,11.9,11.6,10.5,0.47,-1.25,56,10,18.8,18.47,0.0,0.7466,0.6653,9.7,11.7,11.7,station
2024-02-19,16.8,,15.2,17.5,18.8,16.8,,17.6,17.3,17.4,17.07,1.5,-0.2,55,8,27.5,18.12,0.0,0.7579,0.6523,17.9,19.4,19.4,station
2024-02-20,22.0,,21.5,24.2,24.9,21.8,,23.8,23.6,24.8,23.15,1.65,-0.35,71,29,22.9,18.18,0.0,0.769,0.6392,23.6,26.7,26.7,station
2024-02-21,24.2,,22.1,26.2,28.4,24.3,,25.8,25.6,28.4,25.23,2.7,-0.8,74,15,30.3,18.15,0.0,0.7799,0.6259,25.0,26.1,26.1,station
2024-02-22,23.7,,21.8,25.6,25.7,23.4,,23.9,23.7,23.8,24.2,1.85,0.5,63,2,27.6,18.76,0.0,0.7906,0.6124,24.6,27.8,27.8,station
2024-02-23,20.2,,18.4,21.7,22.0,19.7,,21.2,21.8,21.9,20.57,1.65,-0.57,48,7,20.7,18.94,0.0,0.801,0.5987,20.7,22.2,22.2,station
2024-02-24,22.3,,21.5,24.4,24.4,21.7,,23.5,24.0,24.0,23.15,1.48,-0.15,46,1,20.9,19.07,0.0,0.8112,0.5848,23.7,25.0,25.0,station
2024-02-25,26.6,,23.2,28.0,28.1,25.5,,27.5,27.6,28.4,26.48,2.29,-0.77,43,5,27.1,18.95,0.0,0.8211,0.5708,28.0,28.3,28.3,station
2024-02-26,31.1,,28.2,32.1,33.1,31.6,,32.9,32.6,32.5,31.12,2.11,-1.27,51,39,30.3,18.94,0.0,0.8308,0.5566,33.0,32.8,32.8,station
2024-02-27,28.6,,26.1,30.9,32.5,30.5,,30.5,31.1,31.5,29.52,2.79,-1.38,73,89,31.2,10.57,0.0,0.8402,0.5422,26.9,25.0,25.0,station
2024-02-28,25.3,,20.2,23.9,27.0,24.1,,27.6,25.2,26.6,24.1,2.89,-1.77,41,99,38.8,9.98,0.0,0.8495,0.5277,22.5,22.2,22.2,station
2024-02-29,12.7,,11.7,8.0,11.6,10.4,,14.0,8.2,14.4,11.0,2.06,-0.75,53,93,18.5,7.26,13.5,0.8584,0.513,10.9,11.1,11.1,station
2024-03-01,19.8,,17.3,19.8,20.6,19.2,,21.7,18.6,21.1,19.38,1.43,-0.77,77,17,18.7,19.57,0.0,0.8671,0.4981,19.3,20.6,20.6,station
2024-03-02,25.7,,22.6,25.1,26.6,26.2,,26.4,26.6,27.0,25.0,1.71,-1.55,68,29,26.4,19.85,0.0,0.8755,0.4831,26.0,28.3,28.3,station
2024-03-03,25.3,,22.4,26.8,27.9,25.4,,26.5,25.4,28.3,25.6,2.38,-0.8,75,42,28.3,18.88,0.0,0.8837,0.468,25.9,26.1,26.1,station
2024-03-04,27.5,,23.9,28.9,28.8,27.4,,23.3,28.3,29.1,27.27,2.34,0.25,74,68,24.1,16.75,0.4,0.8916,0.4527,27.4,27.8,27.8,station
2024-03-05,25.0,,25.7,26.4,27.8,26.6,,29.0,27.7,28.0,26.23,1.2,-1.6,74,27,17.4,19.32,0.1,0.8993,0.4373,26.1,27.2,27.2,station
2024-03-06,24.7,,22.2,27.5,28.1,25.0,,25.1,27.2,28.6,25.62,2.72,-0.85,71,69,15.9,19.75,0.0,0.9067,0.4218,25.7,24.4,24.4,station
2024-03-07,21.1,,20.3,20.1,20.6,20.7,,21.4,21.3,23.3,20.53,0.43,-1.15,84,100,23.3,4.33,9.3,0.9138,0.4061,21.0,19.4,19.4,station
2024-03-08,22.3,,19.2,24.0,20.5,19.9,,26.0,22.8,18.9,21.5,2.1,-0.4,85,59,33.2,15.03,12.6,0.9207,0.3904,22.1,21.7,21.7,station
2024-03-09,14.5,,11.4,15.0,12.7,14.5,,15.5,15.7,12.5,13.4,1.66,-1.15,59,24,29.7,20.78,0.0,0.9272,0.3745,14.4,15.0,15.0,station
2024-03-10,16.0,,15.1,16.6,15.9,15.7,,17.2,16.6,15.5,15.9,0.62,-0.35,61,61,10.2,21.0,0.0,0.9335,0.3585,16.4,18.9,18.9,station
2024-03-11,19.8,,19.3,20.0,20.1,19.5,,19.7,19.3,18.5,19.8,0.36,0.55,58,37,17.7,19.24,0.1,0.9396,0.3424,20.4,21.1,21.1,station
2024-03-12,25.0,,20.5,25.1,26.1,24.8,,22.1,24.6,25.4,24.18,2.5,-0.05,71,61,30.9,14.88,0.0,0.9453,0.3261,23.9,23.3,23.3,station
2024-03-13,27.3,,23.0,28.5,29.1,27.1,,25.0,28.1,29.6,26.98,2.75,-0.48,74,30,30.2,19.14,0.0,0.9508,0.3098,27.6,26.1,26.1,station
2024-03-14,27.1,25.5,22.6,28.4,28.6,25.8,,23.6,29.5,26.7,26.44,2.48,0.04,82,77,31.4,13.93,15.1,0.956,0.2934,28.6,26.1,26.1,station
2024-03-15,20.2,19.5,19.8,20.6,17.9,17.9,18.8,20.0,21.3,17.4,19.6,1.04,0.52,77,76,27.2,14.8,7.8,0.9609,0.2769,22.1,23.3,23.3,station
2024-03-16,19.2,15.9,16.9,20.7,16.7,19.6,15.8,17.2,19.3,18.0,17.88,2.0,-0.1,87,90,17.6,5.31,11.1,0.9655,0.2604,18.7,16.7,16.7,station
2024-03-17,20.0,18.0,16.9,19.1,17.0,20.1,17.9,22.2,19.2,17.1,18.2,1.34,-1.1,68,70,24.1,15.67,0.9,0.9698,0.2437,19.6,19.4,19.4,station
2024-03-18,14.7,14.8,13.6,14.5,14.3,15.0,14.7,16.5,14.2,13.6,14.38,0.48,-0.42,48,40,21.7,22.61,0.0,0.9739,0.227,14.2,15.0,15.0,station
2024-03-19,18.0,18.2,18.3,19.3,19.2,18.7,18.8,19.3,18.9,18.3,18.6,0.6,-0.2,61,26,16.0,23.02,0.0,0.9777,0.2102,17.9,19.4,19.4,station
2024-03-20,21.3,21.9,20.7,21.8,21.9,20.9,21.3,20.5,20.0,20.9,21.52,0.52,0.8,61,89,17.9,19.8,0.0,0.9811,0.1934,22.0,21.7,21.7,station
2024-03-21,19.7,17.7,17.8,18.4,21.5,18.9,17.8,17.5,16.7,18.5,19.02,1.6,1.14,82,91,20.9,13.64,21.4,0.9843,0.1765,21.1,17.8,17.8,station
2024-03-22,19.4,19.2,18.5,19.5,18.4,20.0,19.4,21.1,20.5,19.2,19.0,0.51,-1.04,84,65,24.5,13.98,0.6,0.9872,0.1595,20.6,20.6,20.6,station
2024-03-23,18.6,18.4,16.1,20.4,19.7,19.2,18.7,19.7,21.6,20.8,18.64,1.64,-1.36,72,47,18.3,22.79,0.0,0.9898,0.1425,18.9,20.0,20.0,station
2024-03-24,21.8,20.1,18.6,19.2,22.6,21.8,19.6,20.3,20.8,21.5,20.46,1.7,-0.34,71,90,41.7,11.51,0.6,0.9921,0.1255,21.5,20.0,20.0,station
2024-03-25,22.4,19.1,18.6,23.2,20.4,22.9,19.2,23.1,23.2,20.2,20.74,2.01,-0.98,60,53,29.3,19.2,30.4,0.9941,0.1084,23.4,23.3,23.3,station
2024-03-26,14.8,14.4,12.7,14.3,15.2,14.4,13.7,16.4,14.5,15.0,14.28,0.95,-0.52,51,14,20.6,24.07,0.0,0.9958,0.0913,14.1,15.6,15.6,station
2024-03-27,17.4,15.8,16.6,17.4,16.5,17.1,13.9,19.4,16.0,16.8,16.74,0.68,0.1,62,45,15.1,21.74,0.0,0.9972,0.0741,17.1,18.3,18.3,station
2024-03-28,20.4,22.4,19.9,21.6,22.3,20.7,21.9,20.8,20.9,21.0,21.32,1.13,0.26,68,1,18.0,23.86,0.0,0.9984,0.057,21.6,22.8,22.8,station
2024-03-29,23.8,23.7,21.7,24.2,25.8,23.4,23.7,23.8,24.6,25.8,23.84,1.46,-0.42,67,61,36.4,21.77,0.0,0.9992,0.0398,24.2,25.0,25.0,station
2024-03-30,26.3,24.7,23.1,27.3,29.5,25.2,24.7,25.2,26.8,27.8,26.18,2.45,0.24,74,66,27.4,19.34,0.0,0.9997,0.0226,26.0,25.0,25.0,station
2024-03-31,26.2,24.9,25.1,26.9,30.0,26.5,24.7,26.7,27.1,30.4,26.62,2.06,-0.46,77,100,26.6,11.69,0.3,1.0,0.0054,26.8,25.0,25.0,station
2024-04-01,27.9,26.4,25.7,28.3,29.9,27.8,26.4,26.5,28.9,30.5,27.64,1.65,-0.38,80,99,31.8,11.64,12.2,0.9999,-0.0118,28.5,27.2,27.2,station
2024-04-02,20.8,21.8,20.1,21.3,19.3,19.4,21.1,20.2,21.5,19.2,20.66,0.99,0.38,57,26,31.6,23.46,0.0,0.9996,-0.029,19.8,20.0,20.0,station
2024-04-03,21.1,22.5,18.6,20.6,20.7,20.9,23.8,21.4,21.6,20.8,20.7,1.4,-1.0,54,0,26.7,25.06,0.0,0.9989,-0.0462,21.5,22.8,22.8,station
2024-04-04,25.2,26.7,25.1,27.2,25.9,23.6,26.6,26.5,25.1,24.8,26.02,0.92,0.7,61,0,11.2,24.97,0.0,0.998,-0.0634,26.6,28.3,28.3,station
2024-04-05,27.8,28.2,26.4,30.2,28.4,27.4,28.3,28.0,29.0,28.2,28.2,1.36,0.02,59,35,19.6,25.08,0.0,0.9968,-0.0805,27.9,30.0,30.0,station
2024-04-06,25.4,25.3,23.2,27.1,28.3,25.4,25.0,26.0,25.3,27.5,25.86,1.94,0.02,60,78,38.8,16.01,0.2,0.9952,-0.0977,26.4,24.4,24.4,station
2024-04-07,25.2,25.0,23.0,26.4,24.1,25.5,25.6,26.8,27.0,24.6,24.74,1.27,-1.16,45,46,26.4,25.09,0.0,0.9934,-0.1148,24.8,26.1,26.1,station
2024-04-08,27.9,28.1,23.1,30.4,31.0,28.4,26.3,23.8,30.1,30.2,28.1,3.11,0.34,63,72,30.0,21.97,3.7,0.9913,-0.1319,28.1,28.3,28.3,station
2024-04-09,22.1,21.2,21.9,22.1,22.0,21.2,20.2,20.9,22.0,19.0,21.86,0.38,1.2,86,95,29.6,12.48,9.5,0.9889,-0.1489,21.9,20.6,20.6,station
2024-04-10,19.3,16.9,19.3,19.2,19.7,18.5,18.0,23.3,20.4,19.9,18.88,1.12,-1.14,87,94,36.2,7.57,23.7,0.9861,-0.1659,18.8,17.8,17.8,station
2024-04-11,21.8,22.6,19.3,22.1,21.4,21.2,23.8,22.1,22.4,22.0,21.44,1.27,-0.86,57,0,27.6,26.02,0.0,0.9831,-0.1828,21.9,22.8,22.8,station
2024-04-12,24.7,25.4,23.0,25.3,25.8,24.5,25.9,24.7,26.1,26.6,24.84,1.1,-0.72,57,35,22.0,25.52,0.0,0.9799,-0.1997,25.0,26.7,26.7,station
2024-04-13,26.0,27.2,23.7,27.8,29.1,26.0,26.9,25.6,26.0,28.6,26.76,2.04,0.14,62,46,33.3,25.46,0.0,0.9763,-0.2165,26.4,27.2,27.2,station
2024-04-14,27.4,28.3,25.8,29.4,31.4,27.6,28.4,28.0,28.6,31.8,28.46,2.11,-0.42,71,59,29.1,23.09,0.0,0.9724,-0.2333,27.7,26.7,26.7,station
2024-04-15,24.8,24.7,24.1,28.7,31.2,25.9,25.1,27.5,28.8,31.1,26.7,3.11,-0.98,81,98,38.8,8.86,2.2,0.9683,-0.25,26.7,25.6,25.6,station
2024-04-16,29.7,28.4,26.9,30.7,30.2,29.6,28.7,30.4,31.8,29.4,29.18,1.54,-0.8,73,89,30.2,22.4,4.0,0.9638,-0.2666,29.2,29.4,29.4,station
2024-04-17,28.1,28.2,27.2,28.4,29.5,29.2,28.7,29.9,28.9,31.0,28.28,0.82,-1.26,81,93,22.6,17.33,0.0,0.9591,-0.2831,28.7,29.4,29.4,station
2024-04-18,32.0,28.6,29.4,31.9,33.8,28.7,29.1,31.6,31.6,33.1,31.14,2.11,0.32,76,67,25.6,15.59,1.3,0.9541,-0.2996,30.8,30.0,30.0,station
2024-04-19,21.1,19.6,20.6,20.9,23.5,20.7,19.6,21.9,22.0,24.3,21.14,1.44,-0.56,66,95,21.7,15.63,0.9,0.9488,-0.316,22.2,22.8,22.8,station
2024-04-20,19.2,17.1,17.2,19.3,17.6,18.9,18.2,17.9,19.8,18.3,18.08,1.08,-0.54,85,100,33.0,6.66,42.8,0.9432,-0.3322,17.3,17.2,17.2,station
2024-04-21,18.2,18.3,17.4,18.7,16.8,18.5,18.3,17.3,18.7,17.6,17.88,0.77,-0.2,58,53,20.4,23.33,0.0,0.9373,-0.3484,18.5,18.9,18.9,station
2024-04-22,20.0,20.9,18.7,20.5,19.7,19.8,20.9,20.7,20.1,19.9,19.96,0.84,-0.32,63,0,18.8,27.35,0.0,0.9312,-0.3645,20.1,21.1,21.1,station
2024-04-23,24.4,24.9,22.1,26.0,27.9,24.1,24.3,25.8,25.3,26.6,25.06,2.13,-0.16,70,32,32.5,22.38,0.0,0.9248,-0.3804,24.8,23.9,23.9,station
2024-04-24,26.1,26.0,24.8,28.3,30.0,26.2,26.6,25.0,28.0,30.9,27.04,2.08,-0.3,82,53,18.5,15.65,1.3,0.9181,-0.3963,26.9,27.8,27.8,station
2024-04-25,25.2,25.5,24.0,28.1,29.5,25.6,26.2,26.4,27.7,31.3,26.46,2.26,-0.98,80,98,31.9,13.48,0.0,0.9112,-0.412,26.7,25.6,25.6,station
2024-04-26,24.4,24.2,27.1,28.3,27.0,24.8,24.8,27.5,29.8,28.5,26.2,1.81,-0.88,86,93,35.8,10.14,7.5,0.9039,-0.4276,24.3,24.4,24.4,station
2024-04-27,27.7,27.0,26.5,28.1,27.6,28.6,27.6,28.2,28.7,28.6,27.38,0.63,-0.96,84,89,47.2,15.93,46.4,0.8965,-0.4431,28.5,28.3,28.3,station
2024-04-28,24.3,26.0,26.6,24.8,25.9,24.9,26.1,26.8,28.2,23.2,25.52,0.94,-0.32,90,81,42.7,7.63,43.6,0.8887,-0.4585,22.8,24.4,24.4,station
2024-04-29,26.9,27.7,26.3,27.9,26.5,27.8,27.8,30.3,29.2,25.7,27.06,0.71,-1.1,81,50,10.9,21.97,0.3,0.8807,-0.4737,27.5,30.0,30.0,station
2024-04-30,28.9,27.8,26.3,29.1,28.5,29.2,28.9,29.5,28.9,29.3,28.12,1.13,-1.04,81,40,24.7,20.29,0.4,0.8724,-0.4888,28.5,28.3,28.3,station
2024-05-01,29.1,27.4,27.4,28.8,29.8,28.3,27.2,27.7,30.6,29.2,28.5,1.07,-0.1,79,43,31.3,21.21,2.1,0.8639,-0.5037,28.3,27.8,27.8,station
2024-05-02,27.0,27.3,26.9,27.3,26.8,26.7,26.9,27.0,28.6,26.1,27.06,0.23,0.0,82,52,20.6,22.7,1.9,0.8551,-0.5185,28.5,27.2,27.2,station
2024-05-03,26.2,27.1,27.7,28.5,24.0,27.2,27.3,25.7,28.7,28.4,26.7,1.73,-0.76,86,82,23.0,17.85,11.2,0.846,-0.5331,27.6,28.3,28.3,station
2024-05-04,24.1,26.6,25.1,27.0,26.1,27.0,26.7,26.3,29.1,27.0,25.78,1.18,-1.44,81,83,26.7,15.21,0.7,0.8367,-0.5476,26.7,27.2,27.2,station
2024-05-05,24.8,25.6,24.8,25.7,21.8,25.2,25.6,25.9,25.1,23.1,24.54,1.59,-0.44,78,72,19.9,19.96,35.5,0.8272,-0.5619,27.9,27.2,27.2,station
2024-05-06,27.3,28.4,26.0,30.9,27.1,27.8,28.1,28.5,31.1,26.4,27.94,1.86,-0.44,84,60,29.7,16.5,7.4,0.8174,-0.5761,29.3,28.9,28.9,station
2024-05-07,30.4,31.7,28.4,32.0,28.6,31.0,31.9,31.1,33.2,29.3,30.22,1.68,-1.08,72,20,31.3,27.51,0.0,0.8074,-0.59,30.9,32.8,32.8,station
2024-05-08,30.3,32.1,30.8,32.2,32.7,30.6,31.9,32.6,32.7,31.9,31.62,1.02,-0.32,76,38,29.6,23.33,0.2,0.7971,-0.6038,32.7,33.3,33.3,station
2024-05-09,25.0,26.1,28.3,26.6,28.6,24.7,26.2,26.8,28.2,28.8,26.92,1.52,-0.02,85,64,22.9,10.24,5.4,0.7866,-0.6175,25.9,27.8,27.8,station
2024-05-10,26.4,26.4,25.1,28.6,26.7,25.9,26.2,24.5,27.7,25.4,26.64,1.26,0.7,59,54,24.4,25.99,0.1,0.7759,-0.6309,26.5,28.3,28.3,station
2024-05-11,25.6,26.1,25.0,26.0,25.5,24.4,24.6,24.1,25.0,24.5,25.64,0.44,1.12,62,88,17.7,18.99,0.4,0.7649,-0.6442,25.3,26.7,26.7,station
2024-05-12,21.5,21.0,20.9,20.6,22.3,23.2,19.9,19.9,20.7,20.6,21.26,0.67,0.4,85,84,26.0,8.74,37.9,0.7537,-0.6572,22.4,20.0,20.0,station
2024-05-13,27.3,26.2,24.1,27.7,24.9,28.3,28.1,29.6,30.0,28.4,26.04,1.54,-2.84,79,55,17.3,18.58,0.9,0.7423,-0.6701,27.5,28.3,28.3,station
2024-05-14,27.3,29.5,26.2,28.6,26.8,27.6,29.1,28.1,30.0,26.8,27.68,1.35,-0.64,69,0,20.0,28.24,0.0,0.7306,-0.6828,27.7,29.4,29.4,station
2024-05-15,30.0,30.4,27.7,32.3,30.5,29.7,30.9,31.1,32.2,31.3,30.18,1.65,-0.86,67,47,22.2,27.08,0.0,0.7188,-0.6952,29.8,31.7,31.7,station
2024-05-16,24.7,24.6,22.5,24.5,26.5,23.7,25.4,28.1,24.1,26.3,24.56,1.42,-0.96,79,86,31.8,6.67,5.4,0.7067,-0.7075,24.1,26.1,26.1,station
2024-05-17,27.2,27.7,27.8,27.0,29.3,26.2,27.6,26.5,28.3,27.2,27.8,0.9,0.64,81,35,19.1,24.08,4.3,0.6945,-0.7195,26.9,28.9,28.9,station
2024-05-18,31.2,31.8,30.1,33.1,32.6,30.8,31.9,32.5,32.7,33.3,31.76,1.18,-0.48,78,8,14.8,27.71,0.0,0.682,-0.7314,30.5,32.2,32.2,station
2024-05-19,30.9,31.6,29.5,32.9,33.9,30.9,32.0,32.5,33.3,33.6,31.76,1.71,-0.7,74,7,22.9,27.18,0.0,0.6693,-0.743,31.3,32.2,32.2,station
2024-05-20,30.7,30.4,28.2,33.0,34.2,30.3,30.4,32.8,32.7,34.4,31.3,2.35,-0.82,68,22,27.5,28.48,0.0,0.6564,-0.7544,30.8,32.2,32.2,station
2024-05-21,31.0,30.8,29.8,33.3,34.6,30.7,30.4,32.0,33.5,34.5,31.9,1.98,-0.32,74,87,34.0,18.76,1.1,0.6433,-0.7656,31.7,31.1,31.1,station
2024-05-22,30.4,27.7,28.6,30.6,31.2,31.4,27.5,34.0,31.7,29.8,29.7,1.48,-1.18,85,91,29.1,11.72,14.1,0.6301,-0.7765,29.8,28.9,28.9,station
2024-05-23,30.2,27.2,25.5,29.4,26.9,30.3,27.1,30.2,31.3,23.9,27.84,1.92,-0.72,82,63,26.8,19.97,1.2,0.6166,-0.7873,30.0,31.7,31.7,station
2024-05-24,33.2,30.7,30.4,34.9,34.2,33.4,30.5,33.5,35.7,32.8,32.68,2.04,-0.5,81,44,28.0,21.58,5.5,0.603,-0.7978,31.7,31.7,31.7,station
2024-05-25,33.2,31.6,30.4,34.7,32.7,32.7,31.5,33.5,35.1,33.5,32.52,1.63,-0.74,83,52,33.9,17.96,5.2,0.5892,-0.808,32.4,33.3,33.3,station
2024-05-26,35.3,33.9,33.6,37.1,34.2,34.6,34.1,36.7,36.3,35.2,34.82,1.43,-0.56,61,1,35.1,28.53,0.0,0.5752,-0.818,35.8,36.7,36.7,station
2024-05-27,33.1,32.7,33.3,34.9,34.8,33.2,33.3,36.3,36.1,34.2,33.76,1.02,-0.86,78,29,16.8,24.89,0.1,0.561,-0.8278,32.7,34.4,34.4,station
2024-05-28,26.9,27.8,28.0,29.7,24.9,26.1,26.9,33.4,29.3,27.1,27.46,1.75,-1.1,79,72,33.3,16.5,18.4,0.5467,-0.8373,27.4,28.9,28.9,station
2024-05-29,27.8,28.1,29.2,27.1,23.5,29.4,27.9,27.4,28.8,24.8,27.14,2.17,-0.52,77,38,14.8,26.89,0.1,0.5322,-0.8466,29.5,30.6,30.6,station
2024-05-30,29.2,24.0,28.7,27.6,29.7,28.2,26.0,28.2,29.3,23.7,27.84,2.28,0.76,86,84,20.8,14.62,33.5,0.5176,-0.8556,27.6,26.1,26.1,station
2024-05-31,27.6,27.3,27.3,28.8,26.5,25.5,27.0,27.8,29.5,25.7,27.5,0.83,0.4,78,62,24.5,22.69,39.1,0.5028,-0.8644,28.3,30.0,30.0,station
2024-06-01,29.9,30.2,29.0,28.8,29.8,29.7,29.8,31.8,32.2,29.0,29.54,0.61,-0.96,83,48,17.0,20.93,5.3,0.4878,-0.8729,27.7,26.1,26.1,station
2024-06-02,29.9,30.1,29.4,31.5,32.5,31.3,30.9,30.6,32.7,30.3,30.68,1.28,-0.48,88,68,24.2,17.04,2.2,0.4728,-0.8812,29.2,30.0,30.0,station
2024-06-03,29.8,27.5,29.0,30.7,32.1,31.0,29.5,29.9,35.4,34.4,29.82,1.73,-2.22,89,83,33.7,12.44,46.6,0.4575,-0.8892,30.5,29.4,29.4,station
2024-06-04,33.4,30.5,31.0,35.1,33.2,32.9,32.1,33.8,35.5,33.9,32.64,1.88,-1.0,85,83,35.1,14.83,12.9,0.4422,-0.8969,32.5,33.3,33.3,station
2024-06-05,30.7,31.4,29.6,32.0,33.0,31.4,30.0,32.0,31.0,34.9,31.34,1.29,-0.52,74,42,33.5,27.24,1.9,0.4267,-0.9044,31.1,33.3,33.3,station
2024-06-06,32.4,33.5,31.7,34.4,33.9,32.6,34.3,35.9,35.0,34.8,33.18,1.11,-1.34,66,1,11.5,29.27,0.0,0.4111,-0.9116,32.4,35.6,35.6,station
2024-06-07,32.6,33.1,30.3,36.1,33.8,32.7,33.6,33.8,35.5,34.1,33.18,2.09,-0.76,70,27,19.8,28.84,0.0,0.3953,-0.9185,32.7,34.4,34.4,station
2024-06-08,33.5,33.8,31.2,36.3,36.3,33.0,33.9,34.3,36.3,35.7,34.22,2.15,-0.42,66,11,26.1,28.93,0.0,0.3795,-0.9252,33.5,35.6,35.6,station
2024-06-09,32.2,31.8,31.6,34.2,35.3,32.4,32.2,34.3,33.5,35.3,33.02,1.64,-0.52,70,37,19.1,28.39,0.0,0.3635,-0.9316,32.6,33.9,33.9,station
2024-06-10,29.0,28.7,31.1,27.8,32.4,31.1,28.5,30.6,30.4,32.6,29.8,1.89,-0.84,83,86,17.0,18.35,13.9,0.3474,-0.9377,28.7,29.4,29.4,station
2024-06-11,29.1,26.7,28.8,29.0,26.8,30.0,27.5,29.3,30.3,29.4,28.08,1.22,-1.22,84,52,16.8,15.62,2.6,0.3312,-0.9436,27.8,28.9,28.9,station
2024-06-12,30.3,31.2,30.1,32.6,30.6,30.9,30.8,30.9,31.8,31.3,30.96,1.01,-0.18,74,20,19.5,26.55,0.9,0.3149,-0.9491,30.8,31.7,31.7,station
2024-06-13,32.5,33.0,31.8,34.6,33.9,32.9,33.0,33.0,35.3,32.5,33.16,1.11,-0.18,71,4,13.0,28.61,0.0,0.2986,-0.9544,32.3,33.9,33.9,station
2024-06-14,33.1,33.3,32.6,36.0,34.0,33.4,33.4,34.6,36.1,34.5,33.8,1.33,-0.6,67,1,11.9,29.3,0.0,0.2821,-0.9594,32.6,35.0,35.0,station
2024-06-15,33.6,33.2,32.1,35.2,34.2,33.9,33.2,35.0,35.2,34.5,33.66,1.15,-0.7,62,8,19.3,28.93,0.0,0.2656,-0.9641,33.4,33.9,33.9,station
2024-06-16,33.7,32.7,31.5,34.9,33.7,33.6,32.7,34.1,35.7,33.9,33.3,1.27,-0.7,61,17,22.4,28.72,0.0,0.2489,-0.9685,33.8,33.9,33.9,station
2024-06-17,33.0,32.3,31.8,34.4,34.2,32.1,32.0,32.9,35.4,34.1,33.14,1.14,-0.16,66,15,31.9,25.85,0.1,0.2322,-0.9727,33.2,34.4,34.4,station
2024-06-18,33.0,32.5,30.2,33.4,33.7,33.0,31.9,32.4,32.9,34.5,32.56,1.39,-0.38,66,20,29.8,25.65,1.0,0.2155,-0.9765,33.4,33.3,33.3,station
2024-06-19,31.0,30.7,31.8,29.0,31.7,30.7,30.1,29.9,26.7,33.4,30.84,1.13,0.68,67,51,23.5,19.66,1.1,0.1986,-0.9801,30.9,30.0,30.0,station
2024-06-20,33.1,32.5,30.2,34.1,33.6,34.0,32.6,32.8,34.5,34.0,32.7,1.52,-0.88,67,59,18.4,25.87,0.2,0.1818,-0.9833,32.7,32.8,32.8,station
2024-06-21,33.0,33.3,33.6,33.7,33.7,33.0,32.5,34.8,34.9,34.0,33.46,0.3,-0.38,64,70,12.6,25.74,0.4,0.1648,-0.9863,32.1,33.9,33.9,station
2024-06-22,34.1,35.1,35.0,35.9,35.1,34.3,34.6,36.4,35.9,35.1,35.04,0.64,-0.22,60,12,15.1,27.86,0.1,0.1478,-0.989,34.3,35.0,35.0,station
2024-06-23,35.5,36.1,36.4,37.6,36.5,35.9,36.1,37.9,37.6,36.0,36.42,0.77,-0.28,57,5,16.7,27.89,0.0,0.1308,-0.9914,35.3,36.1,36.1,station
2024-06-24,35.9,35.5,35.9,37.9,36.2,36.2,35.6,38.4,38.0,36.5,36.28,0.94,-0.66,57,5,16.4,27.77,0.0,0.1137,-0.9935,35.3,36.1,36.1,station
2024-06-25,36.0,35.7,35.5,36.7,36.0,36.0,35.4,37.3,37.5,36.5,35.98,0.45,-0.56,62,17,20.0,26.62,0.3,0.0966,-0.9953,35.9,35.6,35.6,station
2024-06-26,36.8,36.1,36.3,38.5,37.3,36.3,35.8,37.1,38.6,37.7,37.0,0.96,-0.1,61,14,20.4,26.39,0.0,0.0795,-0.9968,36.8,36.1,36.1,station
2024-06-27,35.6,35.0,36.4,36.4,34.3,38.1,36.2,40.3,39.9,37.9,35.54,0.91,-2.94,66,37,19.2,25.75,0.0,0.0623,-0.9981,34.5,35.6,35.6,station
2024-06-28,37.2,37.3,37.2,38.2,37.5,37.3,37.0,38.0,39.2,37.0,37.48,0.42,-0.22,55,68,20.7,26.6,0.0,0.0451,-0.999,37.3,37.8,37.8,station
2024-06-29,36.7,36.3,35.7,37.9,36.8,36.9,36.5,38.0,38.3,36.2,36.68,0.81,-0.5,59,44,24.1,25.75,0.0,0.028,-0.9996,36.0,36.1,36.1,station
2024-06-30,36.0,36.3,37.2,37.3,36.6,36.5,36.4,37.2,38.2,36.9,36.68,0.56,-0.36,56,32,18.5,27.9,0.0,0.0108,-0.9999,36.1,37.2,37.2,station
2024-07-01,36.7,37.0,37.6,39.0,37.6,37.5,37.4,40.1,37.6,37.4,37.58,0.88,-0.42,56,51,17.9,26.91,0.0,-0.0065,-1.0,36.7,37.2,37.2,station
2024-07-02,37.8,37.7,37.6,39.4,37.8,37.8,37.9,39.2,39.9,37.8,38.06,0.75,-0.46,54,0,23.5,28.59,0.0,-0.0237,-0.9997,37.5,38.3,38.3,station
2024-07-03,37.2,36.4,36.2,38.7,37.4,37.5,36.8,37.6,38.9,37.4,37.18,0.99,-0.46,51,7,21.8,28.23,0.0,-0.0408,-0.9992,36.9,37.2,37.2,station
2024-07-04,37.2,36.6,37.0,39.1,37.7,37.0,36.2,38.9,39.0,37.9,37.52,0.97,-0.28,54,7,18.3,27.51,0.0,-0.058,-0.9983,36.8,37.2,37.2,station
2024-07-05,31.6,31.5,29.7,32.2,32.5,31.8,31.6,34.6,32.8,34.1,31.5,1.09,-1.48,58,40,15.8,20.81,9.9,-0.0752,-0.9972,33.6,32.2,32.2,station
2024-07-06,32.4,33.2,36.0,33.4,33.0,33.7,33.2,33.7,33.0,31.7,33.6,1.39,0.54,61,21,14.2,27.54,0.0,-0.0923,-0.9957,32.6,35.0,35.0,station
2024-07-07,34.0,33.5,36.4,36.1,35.7,33.7,33.8,36.4,34.5,34.2,35.14,1.3,0.62,69,56,21.3,24.38,2.8,-0.1094,-0.994,33.2,36.1,36.1,station
2024-07-08,29.8,27.6,27.4,28.8,32.0,28.2,27.7,29.3,31.0,30.6,29.12,1.88,-0.24,85,77,27.1,9.3,13.1,-0.1265,-0.992,26.9,29.4,29.4,station
2024-07-09,32.2,33.0,32.2,33.8,31.9,32.2,32.2,34.4,33.5,30.6,32.62,0.78,0.04,69,5,17.0,27.71,0.0,-0.1436,-0.9896,32.6,35.0,35.0,station
2024-07-10,33.6,34.5,36.5,36.9,35.3,33.3,34.2,38.4,36.2,34.4,35.36,1.37,0.06,65,17,14.8,23.7,3.4,-0.1606,-0.987,32.3,36.1,36.1,station
2024-07-11,34.7,35.1,36.1,37.3,35.7,34.3,34.9,36.9,37.2,35.7,35.78,1.01,-0.02,59,12,16.8,27.65,0.0,-0.1775,-0.9841,35.6,36.1,36.1,station
2024-07-12,34.6,34.7,35.2,36.3,35.9,35.0,33.9,37.1,36.6,36.1,35.34,0.74,-0.4,57,9,20.3,27.49,0.0,-0.1944,-0.9809,35.1,35.6,35.6,station
2024-07-13,34.7,33.5,34.5,34.0,35.6,35.8,34.0,35.1,33.8,36.0,34.46,0.79,-0.48,62,25,25.2,26.66,0.2,-0.2113,-0.9774,35.2,35.0,35.0,station
2024-07-14,36.8,35.3,36.7,36.6,35.9,36.8,35.7,36.1,33.8,36.4,36.26,0.64,0.5,58,13,22.3,25.85,0.0,-0.2281,-0.9736,36.7,37.2,37.2,station
2024-07-15,38.3,36.8,38.5,38.9,37.4,37.9,35.7,38.5,38.3,36.6,37.98,0.86,0.58,52,3,25.2,27.82,0.0,-0.2448,-0.9696,38.2,37.8,37.8,station
2024-07-16,38.7,37.3,38.6,39.5,37.6,38.7,37.0,39.5,40.0,38.1,38.34,0.89,-0.32,46,25,22.7,28.44,0.0,-0.2614,-0.9652,38.5,37.8,37.8,station
2024-07-17,36.3,34.8,36.2,36.3,36.4,36.5,35.0,39.8,39.3,37.2,36.0,0.67,-1.56,64,97,21.6,14.66,4.6,-0.278,-0.9606,32.8,31.7,31.7,station
2024-07-18,31.3,32.3,30.2,32.4,32.6,29.3,33.1,33.5,32.3,30.4,31.76,1.01,0.04,75,49,21.9,22.66,2.7,-0.2945,-0.9557,31.7,32.8,32.8,station
2024-07-19,32.0,32.6,30.4,32.1,31.6,32.2,32.5,34.6,32.0,32.5,31.74,0.83,-1.02,60,37,14.4,28.24,0.0,-0.3109,-0.9505,32.2,33.3,33.3,station
2024-07-20,33.5,32.7,31.8,34.7,34.0,33.3,33.2,36.0,33.8,32.5,33.34,1.13,-0.42,55,38,17.8,27.29,0.0,-0.3272,-0.945,33.2,35.0,35.0,station
2024-07-21,33.0,31.7,30.6,29.4,28.6,32.5,31.4,35.7,32.6,31.5,30.66,1.76,-2.08,75,72,17.7,17.0,21.4,-0.3434,-0.9392,30.1,30.6,30.6,station
2024-07-22,28.9,28.9,29.8,28.3,27.8,31.4,30.7,30.7,29.4,28.6,28.74,0.75,-1.42,82,87,13.0,16.73,14.7,-0.3595,-0.9332,30.0,31.1,31.1,station
2024-07-23,30.3,29.5,29.5,31.8,29.2,31.1,31.5,33.7,31.8,28.4,30.06,1.05,-1.24,82,77,13.0,16.15,4.9,-0.3755,-0.9268,29.0,30.0,30.0,station
2024-07-24,30.7,31.8,28.7,31.6,30.6,32.1,32.2,34.7,32.7,31.6,30.68,1.23,-1.98,75,21,24.2,25.79,0.3,-0.3914,-0.9202,31.5,32.8,32.8,station
2024-07-25,30.3,30.9,29.4,31.6,31.0,29.6,32.0,30.0,30.9,31.1,30.64,0.83,-0.08,77,26,17.8,21.97,2.0,-0.4071,-0.9134,31.5,32.2,32.2,station
2024-07-26,29.1,29.9,27.7,29.2,30.5,29.7,30.5,29.9,30.0,30.9,29.28,1.05,-0.92,74,37,16.1,19.59,0.3,-0.4228,-0.9062,30.7,30.0,30.0,station
2024-07-27,31.2,31.7,30.2,31.7,32.9,30.0,31.0,29.5,28.1,31.5,31.54,0.98,1.52,70,25,21.1,24.69,0.4,-0.4383,-0.8988,32.1,33.3,33.3,station
2024-07-28,32.7,33.1,31.0,34.4,35.0,34.0,34.3,32.5,35.3,33.6,33.24,1.56,-0.7,66,25,23.7,22.4,0.4,-0.4537,-0.8912,34.8,33.3,33.3,station
2024-07-29,35.5,34.6,34.7,36.0,35.9,35.1,35.2,36.9,35.3,36.3,35.34,0.66,-0.42,63,12,26.8,25.21,0.1,-0.469,-0.8832,36.1,36.1,36.1,station
2024-07-30,36.3,35.1,35.6,36.2,36.4,36.3,34.7,37.9,36.4,36.3,35.92,0.55,-0.4,58,13,27.2,26.95,0.0,-0.4841,-0.875,36.6,36.1,36.1,station
2024-07-31,36.6,34.9,36.4,36.3,36.6,36.9,34.9,38.2,36.5,36.7,36.16,0.72,-0.48,58,13,28.1,26.05,0.0,-0.4991,-0.8666,37.0,36.1,36.1,station
2024-08-01,38.3,35.7,38.2,38.0,37.3,38.5,35.4,39.3,38.1,37.5,37.5,1.08,-0.26,48,25,23.8,27.98,0.0,-0.5139,-0.8578,38.5,38.9,38.9,station
2024-08-02,38.7,37.9,40.5,39.8,38.3,39.3,36.8,40.9,40.0,39.2,39.04,1.08,-0.2,51,30,16.9,27.24,0.0,-0.5286,-0.8489,38.7,39.4,39.4,station
2024-08-03,36.8,35.6,36.5,37.4,36.1,37.9,35.9,42.3,38.3,36.6,36.48,0.68,-1.72,49,16,17.1,27.63,0.0,-0.5431,-0.8397,37.3,37.8,37.8,station
2024-08-04,35.8,35.8,33.2,36.8,36.4,36.8,35.2,38.3,36.8,35.6,35.6,1.41,-0.94,53,27,18.7,25.83,0.1,-0.5575,-0.8302,35.7,36.7,36.7,station
2024-08-05,36.2,36.0,33.2,36.9,36.3,37.6,36.2,39.5,37.3,36.7,35.72,1.45,-1.74,52,13,14.1,26.95,0.0,-0.5717,-0.8205,35.5,36.1,36.1,station
2024-08-06,37.5,37.6,35.7,37.9,36.6,38.2,37.4,41.0,38.1,37.3,37.06,0.9,-1.34,47,3,14.0,27.15,0.0,-0.5857,-0.8105,37.1,40.0,40.0,station
2024-08-07,38.9,38.6,36.0,40.1,38.6,39.2,38.2,41.5,40.4,38.8,38.44,1.5,-1.18,45,1,12.7,27.05,0.0,-0.5996,-0.8003,38.7,38.3,38.3,station
2024-08-08,38.6,38.5,37.5,40.4,39.7,39.7,38.0,41.5,40.6,39.8,38.94,1.13,-0.98,50,40,17.3,25.96,0.0,-0.6132,-0.7899,38.0,38.9,38.9,station
2024-08-09,34.9,32.3,35.1,33.5,34.6,36.3,31.7,36.6,34.6,37.3,34.08,1.17,-1.22,69,66,26.0,18.25,16.3,-0.6267,-0.7792,32.4,32.8,32.8,station
2024-08-10,34.0,33.9,36.4,36.4,33.7,36.9,33.6,37.8,36.0,34.3,34.88,1.39,-0.84,58,39,17.1,24.25,0.0,-0.64,-0.7683,34.3,35.6,35.6,station
2024-08-11,36.4,35.0,36.6,37.2,34.8,36.3,34.8,39.2,37.5,35.3,36.0,1.05,-0.62,56,77,22.0,22.2,0.0,-0.6532,-0.7572,35.7,35.0,35.0,station
2024-08-12,37.1,36.0,36.3,37.4,36.7,37.6,36.1,39.2,38.5,37.3,36.7,0.57,-1.04,57,32,18.7,25.5,0.0,-0.6661,-0.7459,36.3,36.7,36.7,station
2024-08-13,35.6,36.6,36.8,37.7,37.5,37.1,36.9,39.7,38.1,37.2,36.84,0.83,-0.96,56,27,19.5,24.8,0.3,-0.6788,-0.7343,37.1,37.2,37.2,station
2024-08-14,36.5,37.3,36.4,37.9,37.3,36.7,36.9,39.9,38.3,37.3,37.08,0.63,-0.74,50,25,21.0,25.3,0.0,-0.6914,-0.7225,37.5,37.2,37.2,station
2024-08-15,37.8,38.0,36.9,39.1,38.0,37.7,38.3,40.4,39.4,37.9,37.96,0.78,-0.78,49,19,18.8,24.11,0.0,-0.7037,-0.7105,37.8,37.2,37.2,station
2024-08-16,38.2,38.0,37.8,39.7,39.0,38.5,38.3,41.1,39.9,38.8,38.54,0.79,-0.78,49,34,19.4,22.27,1.2,-0.7158,-0.6983,38.4,37.8,37.8,station
2024-08-17,39.1,38.3,38.4,40.0,38.7,39.3,38.1,41.0,40.9,38.9,38.9,0.69,-0.74,47,50,19.2,24.2,0.0,-0.7277,-0.6859,38.4,38.3,38.3,station
2024-08-18,40.0,39.1,39.8,40.6,39.2,40.6,39.2,42.5,41.0,39.9,39.74,0.61,-0.9,44,17,14.8,26.08,0.0,-0.7394,-0.6733,39.3,39.4,39.4,station
2024-08-19,41.4,40.0,41.4,42.3,40.2,42.2,39.8,43.2,43.0,39.8,41.06,0.95,-0.54,39,22,19.2,25.88,0.0,-0.7509,-0.6605,41.4,41.1,41.1,station
2024-08-20,38.0,38.0,37.7,35.8,38.5,38.0,38.6,42.6,37.0,38.7,37.6,1.05,-1.38,49,27,23.8,25.26,0.0,-0.7621,-0.6474,38.0,38.3,38.3,station
2024-08-21,37.2,35.9,37.1,35.0,36.9,38.4,36.4,39.9,34.3,36.2,36.42,0.95,-0.62,49,19,23.6,24.3,0.0,-0.7731,-0.6342,36.2,36.1,36.1,station
2024-08-22,36.0,36.3,37.3,36.3,36.8,36.1,36.1,39.1,35.9,37.6,36.54,0.51,-0.42,49,25,25.3,23.8,0.6,-0.7839,-0.6208,37.6,37.2,37.2,station
2024-08-23,36.4,37.6,37.6,37.4,39.1,37.8,37.1,39.9,37.9,38.1,37.62,0.97,-0.54,66,45,35.9,22.23,0.5,-0.7945,-0.6073,37.2,38.3,38.3,station
2024-08-24,37.2,35.2,36.4,37.3,37.2,36.3,36.0,38.1,37.1,37.5,36.66,0.89,-0.34,55,47,21.6,24.71,0.0,-0.8048,-0.5935,37.2,36.7,36.7,station
2024-08-25,37.0,35.6,35.8,37.7,35.9,37.3,34.3,37.8,38.1,36.4,36.4,0.91,-0.38,46,15,20.2,22.37,0.0,-0.8149,-0.5796,35.8,35.6,35.6,station
2024-08-26,36.0,35.1,34.8,36.7,35.5,36.1,34.4,37.3,37.5,35.6,35.62,0.75,-0.56,51,12,22.9,23.04,0.8,-0.8248,-0.5655,36.2,35.0,35.0,station
2024-08-27,35.5,33.9,34.6,35.6,35.7,35.2,33.6,38.3,35.8,35.7,35.06,0.78,-0.66,58,30,18.6,23.55,1.4,-0.8344,-0.5512,35.4,35.0,35.0,station
2024-08-28,35.2,34.2,35.1,35.2,35.5,35.7,34.4,38.4,35.8,36.1,35.04,0.49,-1.04,59,36,22.4,23.29,0.4,-0.8437,-0.5368,35.7,35.0,35.0,station
2024-08-29,33.9,34.0,34.0,35.4,34.9,34.6,34.0,36.7,35.6,35.7,34.44,0.67,-0.88,61,17,22.1,22.18,0.6,-0.8528,-0.5222,34.1,32.8,32.8,station
2024-08-30,33.6,33.0,31.1,32.3,33.5,32.8,32.8,33.6,34.7,32.3,32.7,1.03,-0.54,66,36,15.0,18.77,0.0,-0.8617,-0.5074,32.6,32.8,32.8,station
2024-08-31,33.0,32.8,29.9,31.6,32.2,32.7,32.6,34.2,31.7,29.2,31.9,1.24,-0.18,64,34,16.0,22.24,0.8,-0.8703,-0.4925,34.1,34.4,34.4,station
2024-09-01,32.3,32.7,29.9,32.2,32.3,32.3,31.8,34.5,30.0,32.8,31.88,1.12,-0.4,71,59,21.5,17.39,14.0,-0.8786,-0.4775,33.3,33.9,33.9,station
2024-09-02,30.9,27.3,29.6,29.2,31.1,28.1,28.0,34.6,30.8,29.3,29.62,1.53,-0.54,70,97,23.5,16.93,2.1,-0.8867,-0.4623,32.5,32.2,32.2,station
2024-09-03,29.3,25.2,26.8,31.7,27.0,26.4,25.2,26.6,30.0,23.4,28.0,2.53,1.68,79,98,20.3,5.54,11.6,-0.8945,-0.447,27.3,27.8,27.8,station
2024-09-04,29.1,25.3,28.7,30.6,29.6,33.0,28.4,27.1,32.4,30.2,28.66,2.01,-1.56,81,94,19.5,5.87,17.1,-0.9021,-0.4315,27.5,25.6,25.6,station
2024-09-05,30.9,29.8,29.4,29.5,31.0,31.5,29.5,32.8,32.1,33.2,30.12,0.77,-1.7,77,35,20.1,17.4,1.3,-0.9094,-0.4159,31.1,31.7,31.7,station
2024-09-06,30.9,30.8,28.5,31.0,31.3,30.6,30.9,36.0,30.8,32.4,30.5,1.13,-1.64,69,18,23.1,20.82,0.2,-0.9164,-0.4002,32.3,32.8,32.8,station
2024-09-07,28.9,28.3,27.3,29.0,29.2,28.0,28.5,32.8,28.0,27.6,28.54,0.77,-0.44,43,0,25.6,24.19,0.0,-0.9232,-0.3844,29.2,30.0,30.0,station
2024-09-08,27.5,27.1,25.5,27.5,27.7,27.7,26.9,31.0,27.7,26.9,27.06,0.9,-0.98,43,0,18.2,24.64,0.0,-0.9296,-0.3685,27.9,28.3,28.3,station
2024-09-09,28.6,28.7,26.9,28.9,28.5,28.7,28.1,32.6,28.7,28.4,28.32,0.81,-0.98,43,0,14.2,24.79,0.0,-0.9358,-0.3524,29.0,30.0,30.0,station
2024-09-10,31.0,31.6,29.1,31.5,31.5,31.3,31.3,34.4,31.5,31.6,30.94,1.05,-1.08,47,7,11.4,24.4,0.0,-0.9418,-0.3363,30.9,32.2,32.2,station
2024-09-11,30.7,29.8,28.4,28.2,29.8,29.2,30.1,31.5,27.9,30.7,29.38,1.05,-0.5,69,34,25.8,18.1,1.3,-0.9474,-0.32,31.9,27.8,27.8,station
2024-09-12,30.8,29.1,28.0,29.3,29.8,31.8,30.6,33.7,31.9,31.5,29.4,1.02,-2.5,66,17,14.9,20.68,0.0,-0.9528,-0.3037,30.9,30.0,30.0,station
2024-09-13,33.1,32.7,31.6,33.7,34.4,33.1,32.4,35.3,34.7,34.3,33.1,1.06,-0.86,60,0,13.9,22.95,0.0,-0.9579,-0.2873,33.9,34.4,34.4,station
2024-09-14,34.1,33.9,34.2,35.7,36.8,35.7,33.3,37.5,35.7,36.4,34.94,1.26,-0.78,64,96,27.4,13.68,7.1,-0.9627,-0.2707,33.2,35.0,35.0,station
2024-09-15,33.2,31.7,30.8,32.0,33.8,33.8,32.3,36.1,33.8,35.2,32.3,1.2,-1.94,61,26,24.2,18.88,0.0,-0.9672,-0.2541,33.0,33.9,33.9,station
2024-09-16,31.6,30.8,29.2,31.7,32.6,31.6,31.0,34.6,31.5,32.7,31.18,1.28,-1.1,62,1,15.7,22.27,0.0,-0.9714,-0.2375,33.2,32.8,32.8,station
2024-09-17,32.4,31.7,29.8,32.5,33.3,31.8,31.2,34.2,31.3,32.8,31.94,1.32,-0.32,64,12,18.7,21.01,0.0,-0.9753,-0.2207,33.2,32.2,32.2,station
2024-09-18,34.3,34.1,31.6,34.6,35.0,35.7,35.1,36.6,34.6,35.5,33.92,1.34,-1.58,61,8,16.6,20.86,0.0,-0.979,-0.2039,34.1,35.6,35.6,station
2024-09-19,36.2,36.0,32.8,36.3,36.1,36.2,36.0,37.4,36.5,36.0,35.48,1.5,-0.94,51,2,18.4,21.59,0.0,-0.9824,-0.187,36.1,36.7,36.7,station
2024-09-20,36.7,36.3,33.4,36.9,36.6,37.0,36.3,38.2,37.1,36.5,35.98,1.46,-1.04,51,17,16.4,21.64,0.0,-0.9854,-0.1701,36.2,37.2,37.2,station
2024-09-21,35.3,34.7,31.8,35.3,36.0,35.9,35.0,37.1,35.8,35.8,34.62,1.64,-1.3,52,46,19.4,20.34,0.0,-0.9882,-0.1531,34.8,35.6,35.6,station
2024-09-22,34.6,33.4,31.0,34.4,34.3,34.3,33.4,35.5,34.3,34.0,33.54,1.49,-0.76,51,46,17.9,20.41,0.0,-0.9907,-0.1361,34.3,34.4,34.4,station
2024-09-23,30.6,27.5,25.8,28.8,28.1,30.3,28.1,30.2,28.4,28.7,28.16,1.76,-0.98,71,66,15.8,13.07,6.4,-0.9929,-0.1191,29.0,27.2,27.2,station
2024-09-24,30.2,29.8,28.1,29.6,31.7,32.5,28.9,33.1,29.9,29.8,29.88,1.29,-0.96,75,16,9.6,19.3,0.0,-0.9948,-0.102,29.8,32.8,32.8,station
2024-09-25,27.0,27.3,25.0,26.8,25.0,27.3,27.4,29.7,26.4,27.6,26.22,1.13,-1.46,64,22,24.9,20.5,9.8,-0.9964,-0.0848,28.2,28.9,28.9,station
2024-09-26,28.2,27.5,26.2,28.6,27.6,28.1,27.6,31.3,27.4,27.1,27.62,0.91,-0.68,55,0,15.9,21.59,0.0,-0.9977,-0.0677,28.1,29.4,29.4,station
2024-09-27,28.5,28.8,26.1,29.3,29.3,28.3,28.5,31.4,28.4,28.5,28.4,1.33,-0.62,54,0,18.9,21.41,0.0,-0.9987,-0.0505,28.8,30.0,30.0,station
2024-09-28,29.7,29.4,26.4,30.4,30.5,29.5,29.4,32.6,30.6,30.6,29.28,1.68,-1.26,54,12,20.6,21.25,0.0,-0.9994,-0.0333,30.3,31.1,31.1,station
2024-09-29,30.6,29.9,28.7,30.6,30.9,30.2,29.5,32.8,30.3,30.8,30.14,0.88,-0.58,52,59,13.4,19.89,0.0,-0.9999,-0.0161,31.0,31.7,31.7,station
2024-09-30,31.9,31.5,30.3,33.2,32.5,31.6,31.2,33.5,32.9,31.8,31.88,1.09,-0.32,57,0,9.3,21.0,0.0,-1.0,0.0011,32.0,33.3,33.3,station
2024-10-01,32.9,32.4,28.8,32.7,32.8,32.6,32.0,34.4,32.7,32.9,31.92,1.75,-1.0,51,3,22.5,20.49,0.0,-0.9998,0.0183,33.3,33.3,33.3,station
2024-10-02,31.1,31.2,29.1,31.8,32.1,31.0,31.4,32.9,31.8,32.5,31.06,1.17,-0.86,44,0,16.6,20.16,0.0,-0.9994,0.0355,31.2,32.2,32.2,station
2024-10-03,33.9,32.7,30.8,33.9,33.8,33.6,32.6,33.6,33.6,34.4,33.02,1.34,-0.54,52,0,14.0,20.14,0.0,-0.9986,0.0527,33.5,32.8,32.8,station
2024-10-04,32.9,31.9,29.3,32.4,31.7,33.2,31.5,34.6,32.2,32.3,31.64,1.39,-1.12,44,6,17.9,20.29,0.0,-0.9976,0.0698,32.2,32.2,32.2,station
2024-10-05,32.2,32.0,29.3,32.4,32.9,33.0,32.1,34.1,32.3,32.8,31.76,1.42,-1.1,55,6,12.9,18.85,0.0,-0.9962,0.087,32.4,32.2,32.2,station
2024-10-06,32.6,31.8,28.7,32.5,32.6,32.8,32.0,34.6,32.5,33.4,31.64,1.68,-1.42,58,2,14.8,19.19,0.0,-0.9946,0.1041,31.9,32.8,32.8,station
2024-10-07,31.8,31.1,28.7,31.8,31.7,31.5,31.5,34.8,30.7,32.4,31.02,1.33,-1.16,49,0,13.6,19.42,0.0,-0.9926,0.1212,32.3,32.8,32.8,station
2024-10-08,29.0,28.7,27.2,29.2,29.0,29.1,28.5,31.8,29.2,27.8,28.62,0.81,-0.66,40,0,14.7,19.39,0.0,-0.9904,0.1383,29.0,28.9,28.9,station
2024-10-09,30.5,29.4,27.4,31.2,29.8,30.2,29.3,31.9,30.7,29.4,29.66,1.44,-0.64,41,2,11.7,18.99,0.0,-0.9879,0.1553,30.2,30.0,30.0,station
2024-10-10,32.6,31.0,27.5,32.8,31.5,32.2,31.0,33.4,32.8,30.3,31.08,2.14,-0.86,39,2,16.7,18.94,0.0,-0.9851,0.1722,32.4,31.7,31.7,station
2024-10-11,33.0,31.2,26.7,31.6,31.9,33.1,31.7,34.1,33.0,31.6,30.88,2.43,-1.82,34,16,21.4,18.16,0.0,-0.9819,0.1892,32.6,32.2,32.2,station
2024-10-12,34.7,33.3,29.1,34.8,33.7,34.3,33.3,35.3,34.3,33.9,33.12,2.34,-1.1,36,10,25.4,18.02,0.0,-0.9785,0.206,34.1,33.9,33.9,station
2024-10-13,36.1,34.5,32.0,35.6,34.2,35.6,34.7,37.0,36.0,34.6,34.48,1.59,-1.1,30,0,18.0,19.08,0.0,-0.9749,0.2228,35.9,36.1,36.1,station
2024-10-14,28.2,26.4,23.6,26.8,27.7,29.0,27.0,31.5,27.7,27.7,26.54,1.79,-2.04,29,13,24.5,18.57,0.0,-0.9709,0.2396,28.0,28.3,28.3,station
2024-10-15,32.6,31.7,28.6,32.0,31.2,33.4,30.3,36.1,30.5,31.4,31.22,1.55,-1.12,40,0,34.3,18.51,0.0,-0.9666,0.2562,33.0,34.4,34.4,station
2024-10-16,20.8,19.8,16.9,19.5,19.9,20.6,20.2,22.1,19.7,19.7,19.38,1.47,-1.08,33,5,39.2,19.59,0.0,-0.9621,0.2728,20.0,20.0,20.0,station
2024-10-17,22.4,20.8,19.0,22.1,21.2,22.4,20.9,23.4,21.6,20.9,21.1,1.34,-0.74,36,1,16.7,19.2,0.0,-0.9572,0.2893,22.0,21.7,21.7,station
2024-10-18,25.9,24.3,21.8,25.0,25.8,26.3,24.6,26.4,25.6,26.5,24.56,1.67,-1.32,38,4,20.5,18.17,0.0,-0.9521,0.3057,25.7,24.4,24.4,station
2024-10-19,26.3,24.9,22.9,25.9,26.2,26.1,24.9,27.2,26.2,26.6,25.24,1.42,-0.96,34,10,20.5,17.64,0.0,-0.9467,0.3221,25.7,25.6,25.6,station
2024-10-20,27.6,26.4,23.8,27.5,27.6,27.2,25.9,28.1,27.1,27.1,26.58,1.63,-0.5,44,0,12.7,18.11,0.0,-0.941,0.3383,27.1,27.8,27.8,station
2024-10-21,28.3,27.5,24.3,28.3,28.6,28.6,27.4,29.0,28.1,28.0,27.4,1.78,-0.82,45,6,19.7,17.92,0.0,-0.9351,0.3545,28.1,28.3,28.3,station
2024-10-22,31.5,29.5,28.0,31.3,32.4,31.1,29.1,30.4,30.9,32.3,30.54,1.77,-0.22,57,2,21.3,16.87,0.0,-0.9288,0.3705,31.7,30.6,30.6,station
2024-10-23,33.1,30.8,29.4,32.8,33.7,33.0,30.6,32.3,32.7,33.8,31.96,1.8,-0.52,56,4,13.9,16.51,0.0,-0.9223,0.3864,32.8,32.2,32.2,station
2024-10-24,32.1,30.4,27.8,30.7,31.9,32.3,29.6,32.1,31.1,32.5,30.58,1.72,-0.94,51,2,24.2,17.06,0.0,-0.9155,0.4022,31.9,31.1,31.1,station
2024-10-25,31.6,29.7,27.8,31.0,31.5,31.5,29.7,31.9,30.9,31.9,30.32,1.6,-0.86,53,7,22.8,16.36,0.0,-0.9085,0.4179,31.4,31.1,31.1,station
2024-10-26,29.4,27.5,25.5,28.3,30.4,29.4,27.0,29.8,27.9,29.1,28.22,1.88,-0.42,55,8,13.8,16.47,0.0,-0.9012,0.4335,28.8,28.3,28.3,station
2024-10-27,30.5,29.1,27.0,30.4,30.4,30.4,29.4,31.4,29.9,31.0,29.48,1.5,-0.94,61,2,18.3,16.24,0.0,-0.8936,0.4489,30.7,29.4,29.4,station
2024-10-28,31.5,29.9,26.2,30.2,30.6,31.4,29.2,30.9,30.3,30.4,29.68,2.04,-0.76,48,18,29.1,16.34,0.0,-0.8857,0.4642,31.2,30.0,30.0,station
2024-10-29,29.5,28.5,26.1,30.0,30.5,30.3,28.2,29.9,30.5,30.7,28.92,1.74,-1.0,61,42,38.6,11.43,0.7,-0.8776,0.4794,30.7,29.4,29.4,station
2024-10-30,30.4,29.4,26.8,30.7,31.8,30.4,29.0,28.4,30.1,31.1,29.82,1.89,0.02,66,55,33.6,10.56,6.5,-0.8692,0.4944,32.0,30.6,30.6,station
2024-10-31,24.7,25.6,22.9,24.1,25.2,25.6,25.3,26.7,23.9,22.0,24.5,1.06,-0.2,68,24,28.9,16.09,10.9,-0.8606,0.5093,25.0,25.6,25.6,station
2024-11-01,25.5,22.5,20.7,24.6,24.0,26.5,23.5,28.8,25.1,24.9,23.46,1.89,-2.3,76,83,17.4,5.64,0.5,-0.8517,0.524,24.2,22.8,22.8,station
2024-11-02,25.1,23.3,22.2,24.0,26.4,23.0,23.4,26.8,22.9,25.0,24.2,1.62,-0.02,81,80,25.4,6.19,0.6,-0.8426,0.5386,26.1,25.0,25.0,station
2024-11-03,28.9,26.6,25.2,26.6,25.7,29.4,26.4,25.6,26.1,27.2,26.6,1.42,-0.34,79,85,32.8,8.72,18.9,-0.8332,0.553,28.4,27.8,27.8,station
2024-11-04,24.9,26.4,23.5,24.3,25.9,25.7,25.6,26.2,24.1,24.4,25.0,1.17,-0.2,83,70,39.3,4.41,39.0,-0.8235,0.5672,26.4,26.1,26.1,station
2024-11-05,20.0,17.9,18.5,21.2,17.3,19.7,18.3,21.1,20.9,17.6,18.98,1.6,-0.54,71,46,20.0,13.64,10.9,-0.8137,0.5813,19.1,20.0,20.0,station
2024-11-06,21.3,20.4,19.2,21.2,20.0,21.9,20.7,23.9,22.8,19.3,20.42,0.87,-1.3,77,11,12.1,15.66,0.0,-0.8035,0.5952,21.4,22.8,22.8,station
2024-11-07,22.1,21.9,21.2,23.4,22.8,23.0,20.4,22.4,24.0,23.0,22.28,0.85,-0.28,85,53,22.9,8.04,0.4,-0.7932,0.609,24.4,21.1,21.1,station
2024-11-08,23.2,21.0,20.8,24.1,22.4,22.0,19.8,22.6,23.0,23.7,22.3,1.41,0.08,90,97,26.6,5.34,35.8,-0.7826,0.6225,23.5,21.7,21.7,station
2024-11-09,20.5,19.9,18.5,20.3,18.5,20.5,19.5,22.3,22.5,19.9,19.54,0.97,-1.4,68,10,13.3,15.4,0.2,-0.7718,0.6359,20.7,22.2,22.2,station
2024-11-10,23.1,24.2,22.4,24.0,23.0,23.0,23.7,24.7,23.1,21.6,23.34,0.75,0.12,68,0,10.5,14.97,0.0,-0.7607,0.6491,23.6,26.7,26.7,station
2024-11-11,22.4,23.1,21.3,23.6,24.8,22.3,23.7,24.0,22.7,22.5,23.04,1.31,0.0,66,39,9.7,14.79,0.0,-0.7494,0.6621,22.7,25.0,25.0,station
2024-11-12,22.2,21.7,21.3,22.8,24.9,21.9,21.9,24.0,23.0,24.2,22.58,1.41,-0.42,79,30,10.5,14.67,0.0,-0.7379,0.6749,21.4,23.3,23.3,station
2024-11-13,22.8,24.0,20.3,24.0,23.6,23.8,24.3,24.2,23.9,24.6,22.94,1.55,-1.22,68,31,19.9,14.22,0.0,-0.7262,0.6875,22.3,25.0,25.0,station
2024-11-14,19.6,19.6,18.1,20.6,20.2,18.8,19.2,21.2,20.6,20.2,19.62,0.95,-0.38,66,0,7.3,15.03,0.0,-0.7143,0.6998,19.0,21.7,21.7,station
2024-11-15,19.7,20.9,19.0,21.4,21.6,19.2,20.7,21.5,20.0,20.0,20.52,1.13,0.24,67,0,11.2,15.07,0.0,-0.7021,0.712,18.7,21.7,21.7,station
2024-11-16,22.9,22.4,19.3,24.2,24.2,22.4,22.8,23.4,22.8,24.5,22.6,2.01,-0.58,72,60,15.9,13.92,0.0,-0.6898,0.724,22.8,23.9,23.9,station
2024-11-17,23.8,24.0,23.7,27.0,26.9,22.2,22.9,23.1,26.3,25.1,25.08,1.71,1.16,90,91,14.6,5.51,3.3,-0.6772,0.7358,23.9,24.4,24.4,station
2024-11-18,23.5,22.7,21.9,22.8,22.0,22.8,22.8,22.7,23.6,21.0,22.58,0.65,0.0,73,56,30.4,7.69,26.7,-0.6645,0.7473,22.7,23.3,23.3,station
2024-11-19,20.6,21.5,19.8,20.0,19.6,20.9,20.8,22.8,21.5,18.9,20.3,0.77,-0.68,68,0,16.6,14.27,0.0,-0.6515,0.7586,20.2,23.9,23.9,station
2024-11-20,15.7,16.2,13.6,16.9,15.8,15.9,16.1,17.7,15.5,15.6,15.64,1.23,-0.52,56,0,19.1,14.46,0.0,-0.6384,0.7697,15.6,17.8,17.8,station
2024-11-21,18.1,19.4,17.0,19.7,19.6,18.7,19.6,19.6,19.3,19.2,18.76,1.18,-0.52,64,0,7.5,14.0,0.0,-0.625,0.7806,17.8,21.1,21.1,station
2024-11-22,16.1,16.9,16.3,17.8,19.3,16.2,17.4,18.3,18.5,19.0,17.28,1.31,-0.6,64,14,6.8,13.95,0.0,-0.6115,0.7912,15.8,19.4,19.4,station
2024-11-23,21.0,20.9,18.0,22.1,22.7,20.7,21.6,21.1,21.8,22.1,20.94,1.81,-0.52,64,2,16.0,13.84,0.0,-0.5978,0.8016,20.2,23.3,23.3,station
2024-11-24,25.2,25.1,22.1,25.9,27.2,25.2,24.9,25.1,25.5,27.3,25.1,1.87,-0.5,73,31,21.7,11.25,0.0,-0.584,0.8118,25.2,26.1,26.1,station
2024-11-25,20.7,20.2,17.5,20.3,23.0,20.7,20.5,21.2,20.2,22.9,20.34,1.96,-0.76,70,54,20.4,12.71,0.0,-0.5699,0.8217,20.8,20.6,20.6,station
2024-11-26,14.1,12.9,12.6,15.6,16.6,15.0,13.2,17.0,15.7,17.4,14.36,1.72,-1.3,66,26,12.9,13.35,0.0,-0.5557,0.8314,13.0,15.6,15.6,station
2024-11-27,26.0,23.7,22.2,26.6,27.3,27.1,22.7,25.5,26.2,27.9,25.16,2.14,-0.72,65,81,23.4,12.45,0.0,-0.5413,0.8408,26.8,26.1,26.1,station
2024-11-28,12.2,13.2,10.4,12.2,13.7,11.4,12.9,13.9,12.6,13.2,12.34,1.26,-0.46,56,91,17.9,8.47,0.0,-0.5268,0.85,12.5,11.1,11.1,station
2024-11-29,11.1,10.5,10.2,12.0,11.9,11.7,9.9,12.8,12.6,12.4,11.14,0.81,-0.74,58,31,10.9,13.49,0.0,-0.5121,0.859,10.6,12.2,12.2,station
2024-11-30,14.6,13.2,12.6,14.8,14.7,14.8,13.3,15.5,15.0,14.9,13.98,1.01,-0.72,59,45,9.5,12.87,0.0,-0.4972,0.8676,14.8,15.0,15.0,station
2024-12-01,15.1,14.0,14.3,16.4,16.9,14.9,13.9,15.6,16.1,16.4,15.34,1.27,-0.04,61,0,8.0,13.17,0.0,-0.4822,0.8761,15.4,17.2,17.2,station
2024-12-02,16.1,16.0,15.0,17.4,17.0,15.6,15.8,15.9,16.7,16.1,16.3,0.94,0.28,58,0,6.5,13.01,0.0,-0.4671,0.8842,16.7,18.3,18.3,station
2024-12-03,14.0,12.8,12.0,14.7,16.0,13.4,12.0,16.4,14.1,15.4,13.9,1.57,-0.36,59,14,12.9,12.88,0.0,-0.4518,0.8921,14.3,16.1,16.1,station
2024-12-04,13.0,12.3,12.1,13.9,12.3,11.9,12.3,14.0,15.2,11.4,12.72,0.74,-0.24,84,100,13.0,3.06,8.1,-0.4364,0.8998,13.7,11.7,11.7,station
2024-12-05,12.0,13.1,10.9,13.0,12.6,12.3,13.5,15.4,14.5,12.7,12.32,0.9,-1.36,67,68,14.3,11.41,0.0,-0.4208,0.9071,11.7,13.9,13.9,station
2024-12-06,9.5,9.5,9.0,8.6,10.2,9.2,9.0,11.1,9.6,10.0,9.36,0.6,-0.42,64,37,8.4,12.35,0.1,-0.4052,0.9142,8.9,10.6,10.6,station
2024-12-07,10.9,9.2,8.8,8.7,10.9,11.1,9.1,9.1,8.2,10.3,9.7,1.11,0.14,81,96,10.7,4.59,25.0,-0.3894,0.9211,9.2,8.3,8.3,station
2024-12-08,16.6,11.8,12.9,14.9,13.9,17.0,12.5,17.8,15.1,11.6,14.02,1.85,-0.78,90,63,15.7,7.41,4.1,-0.3735,0.9276,16.2,13.9,13.9,station
2024-12-09,20.6,18.8,17.9,18.6,19.8,19.5,18.9,21.4,19.3,18.3,19.14,1.06,-0.34,80,0,12.5,12.53,0.0,-0.3575,0.9339,19.8,22.2,22.2,station
2024-12-10,11.1,12.1,11.3,12.0,10.8,11.4,11.2,13.2,11.8,10.5,11.46,0.57,-0.16,71,41,21.0,10.44,0.0,-0.3413,0.9399,11.3,11.1,11.1,station
2024-12-11,13.5,13.7,11.9,14.1,14.3,12.6,14.2,15.6,12.9,12.5,13.5,0.95,-0.06,62,6,9.4,12.79,0.0,-0.3251,0.9457,12.4,16.1,16.1,station
2024-12-12,14.5,15.2,12.6,15.6,14.9,13.8,15.1,14.9,14.2,13.8,14.56,1.17,0.2,53,78,19.4,11.76,0.0,-0.3088,0.9511,14.5,16.1,16.1,station
2024-12-13,15.8,15.9,14.5,16.5,16.3,16.0,16.1,15.2,16.8,16.6,15.8,0.78,-0.34,80,99,18.9,4.32,0.7,-0.2924,0.9563,16.3,14.4,14.4,station
2024-12-14,20.7,20.4,18.9,21.9,19.8,21.7,20.6,21.5,22.3,20.5,20.34,1.11,-0.98,77,42,20.8,11.95,4.2,-0.2759,0.9612,20.2,22.8,22.8,station
2024-12-15,23.2,22.0,19.4,24.1,25.0,23.8,22.4,25.0,24.3,24.3,22.74,2.17,-1.22,83,77,17.2,5.26,7.2,-0.2593,0.9658,22.7,24.4,24.4,station
2024-12-16,22.1,22.8,22.5,23.9,23.8,21.6,22.8,22.2,22.2,21.6,23.02,0.8,0.94,89,75,16.2,7.71,17.5,-0.2427,0.9701,22.8,25.0,25.0,station
2024-12-17,22.7,22.3,19.7,21.9,17.4,21.0,21.2,24.1,21.6,19.0,20.8,2.23,-0.58,84,35,11.7,10.88,0.8,-0.226,0.9741,23.4,23.3,23.3,station
2024-12-18,19.1,19.2,17.7,19.0,17.8,17.9,19.2,20.8,19.0,16.9,18.56,0.74,-0.2,70,21,19.6,12.28,1.7,-0.2092,0.9779,19.1,20.0,20.0,station
2024-12-19,14.7,13.8,13.6,15.5,14.1,14.1,13.7,16.1,16.0,14.0,14.34,0.77,-0.44,78,4,8.3,12.46,0.0,-0.1923,0.9813,14.0,16.7,16.7,station
2024-12-20,11.7,12.4,9.3,11.5,11.5,11.6,12.5,12.6,13.6,12.5,11.28,1.17,-1.28,65,0,14.8,12.62,0.0,-0.1754,0.9845,11.6,14.4,14.4,station
2024-12-21,11.3,10.2,10.1,12.0,12.3,11.0,10.3,13.9,11.1,11.2,11.18,1.01,-0.32,71,0,9.0,12.41,0.0,-0.1585,0.9874,10.6,11.7,11.7,station
2024-12-22,14.6,13.7,12.6,13.9,15.7,14.4,13.4,16.2,13.7,15.3,14.1,1.15,-0.5,69,19,16.8,10.91,0.0,-0.1414,0.9899,13.7,16.1,16.1,station
2024-12-23,20.0,19.5,16.6,19.4,20.5,19.1,19.2,18.2,18.4,20.0,19.2,1.52,0.22,78,89,20.3,6.97,0.1,-0.1244,0.9922,19.0,20.0,20.0,station
2024-12-24,17.3,17.9,19.5,18.1,22.6,16.6,18.4,18.0,20.8,21.9,19.08,2.13,-0.06,93,99,16.9,2.38,42.0,-0.1073,0.9942,17.1,18.9,18.9,station
2024-12-25,15.5,13.2,13.2,15.8,14.7,14.4,13.6,16.8,18.0,16.6,14.48,1.24,-1.4,88,98,11.2,5.0,0.1,-0.0902,0.9959,14.6,12.8,12.8,station
2024-12-26,15.1,13.7,14.8,15.2,14.9,15.4,13.8,17.2,18.2,14.5,14.74,0.6,-1.08,93,76,17.0,4.12,22.3,-0.073,0.9973,16.7,15.0,15.0,station
2024-12-27,20.1,18.9,17.4,19.0,17.4,19.9,18.1,20.4,18.8,16.6,18.56,1.16,-0.2,80,58,15.5,11.92,0.0,-0.0559,0.9984,19.6,22.2,22.2,station
2024-12-28,18.8,17.6,20.0,20.6,17.1,19.9,20.2,21.4,18.9,18.3,18.82,1.5,-0.92,84,77,19.4,6.74,2.6,-0.0387,0.9993,19.4,17.8,17.8,station
2024-12-29,19.3,16.0,17.3,20.0,19.0,20.3,16.6,19.0,18.5,18.4,18.32,1.63,-0.24,88,47,10.2,10.87,0.0,-0.0215,0.9998,18.9,18.9,18.9,station
2024-12-30,23.9,23.8,20.8,23.7,22.9,24.2,24.6,25.0,24.7,22.1,23.02,1.3,-1.1,66,13,14.2,12.72,0.0,-0.0043,1.0,23.6,27.2,27.2,station
2024-12-31,13.8,14.6,11.5,14.1,14.4,13.4,14.1,16.6,14.4,14.2,13.68,1.26,-0.86,61,14,15.1,12.57,0.0,0.0129,0.9999,13.8,,,
2025-01-01,9.7,8.3,10.0,11.5,11.6,10.1,8.0,12.0,11.2,13.3,10.22,1.37,-0.7,75,28,10.0,12.58,0.0,0.0172,0.9999,8.7,11.1,11.1,station
2025-01-02,15.3,13.7,13.8,16.1,16.3,15.5,13.1,15.1,16.2,16.7,15.04,1.24,-0.28,80,2,10.1,12.5,0.0,0.0344,0.9994,14.9,15.0,15.0,station
2025-01-03,15.9,14.0,13.6,16.8,16.6,15.3,13.7,15.7,16.2,16.4,15.38,1.49,-0.08,82,18,9.7,12.21,0.0,0.0516,0.9987,14.8,17.8,17.8,station
2025-01-04,17.8,17.7,15.1,17.6,19.0,17.9,16.1,18.6,19.4,19.2,17.44,1.43,-0.8,79,99,19.0,5.75,0.4,0.0688,0.9976,17.9,19.4,19.4,station
2025-01-05,18.3,19.1,17.4,18.3,20.0,18.4,18.4,17.6,18.4,19.2,18.62,0.98,0.22,67,53,30.4,12.61,3.5,0.0859,0.9963,18.3,20.0,20.0,station
2025-01-06,3.0,1.8,2.3,2.5,2.2,3.2,1.7,4.1,2.4,2.3,2.36,0.44,-0.38,54,18,20.7,13.1,0.0,0.103,0.9947,2.4,4.4,4.4,station
2025-01-07,2.5,2.1,3.2,2.4,2.2,1.5,1.0,4.5,0.8,0.5,2.48,0.43,0.82,60,70,11.0,11.39,0.0,0.1201,0.9928,2.4,4.4,4.4,station
2025-01-08,3.5,3.4,4.3,4.1,4.2,3.6,3.2,5.8,3.5,2.9,3.9,0.42,0.1,63,57,11.2,9.46,0.0,0.1372,0.9905,3.1,3.9,3.9,station
2025-01-09,1.1,0.9,1.5,1.5,0.2,0.6,1.0,3.8,1.3,-0.7,1.04,0.54,-0.16,85,95,9.3,2.0,21.6,0.1542,0.988,1.1,2.8,2.8,station
2025-01-10,1.8,3.8,2.6,4.2,2.8,1.8,3.5,1.8,3.1,2.5,3.04,0.96,0.5,91,74,17.3,9.3,3.7,0.1712,0.9852,1.7,3.3,3.3,station
2025-01-11,9.2,10.3,6.5,10.6,8.0,7.3,10.7,2.7,11.4,5.9,8.92,1.7,1.32,71,0,16.5,14.04,0.0,0.1881,0.9821,10.4,12.2,12.2,station
2025-01-12,8.6,10.9,8.8,10.6,10.3,6.2,11.2,9.0,10.6,7.9,9.84,1.06,0.86,70,7,14.6,13.23,0.0,0.205,0.9788,8.8,11.1,11.1,station
2025-01-13,7.9,7.3,9.1,10.7,9.2,6.2,8.1,9.2,9.2,7.5,8.84,1.31,0.8,65,23,13.3,13.68,0.0,0.2218,0.9751,7.9,10.6,10.6,station
2025-01-14,11.9,11.4,10.9,12.9,12.3,10.8,10.1,12.4,12.6,11.1,11.88,0.78,0.48,66,46,5.8,13.3,0.0,0.2385,0.9711,10.3,12.8,12.8,station
2025-01-15,12.6,12.6,13.1,14.2,14.1,12.5,13.7,12.3,14.3,12.3,13.32,0.79,0.3,67,11,5.4,13.35,0.0,0.2552,0.9669,12.9,15.6,15.6,station
2025-01-16,15.5,15.3,14.4,15.8,17.0,15.6,15.6,15.6,16.5,17.3,15.6,0.94,-0.52,72,46,9.1,13.01,0.0,0.2718,0.9624,14.1,17.2,17.2,station
2025-01-17,14.8,15.1,14.0,17.1,18.8,15.2,15.7,18.7,17.6,18.6,15.96,1.96,-1.2,61,56,20.6,7.79,0.1,0.2883,0.9575,15.3,16.7,16.7,station
2025-01-18,13.4,14.4,11.1,13.4,18.7,14.4,14.3,16.7,13.9,17.2,14.2,2.79,-1.1,56,0,23.4,13.86,0.0,0.3047,0.9524,14.5,11.7,11.7,station
2025-01-19,0.5,0.2,0.4,0.9,1.0,1.0,0.8,3.1,0.4,1.0,0.6,0.34,-0.66,51,22,20.4,14.43,0.0,0.3211,0.9471,-0.1,1.7,1.7,station
2025-01-20,1.6,0.5,1.7,-0.0,2.0,1.6,-0.6,3.5,-0.8,2.3,1.16,0.86,-0.04,43,39,11.3,14.23,0.0,0.3373,0.9414,1.1,0.6,0.6,station
2025-01-21,0.6,-0.9,1.5,0.4,0.2,0.4,-0.1,3.5,-0.6,-1.6,0.36,0.86,0.04,49,41,16.8,14.93,0.1,0.3534,0.9355,-1.1,0.0,0.0,station
2025-01-22,7.8,6.9,8.9,8.7,9.9,8.3,7.7,10.9,8.4,9.3,8.44,1.14,-0.48,48,7,16.9,14.7,0.0,0.3695,0.9292,8.5,10.6,10.6,station
2025-01-23,8.7,9.5,8.1,9.5,9.2,7.9,8.9,8.7,8.3,8.6,9.0,0.6,0.52,58,13,11.5,14.74,0.0,0.3854,0.9227,8.5,10.0,10.0,station
2025-01-24,12.7,12.5,11.1,13.4,13.6,12.2,12.4,12.8,12.6,12.4,12.66,0.99,0.18,49,0,17.1,15.12,0.0,0.4012,0.916,12.0,13.9,13.9,station
2025-01-25,15.2,14.6,13.6,15.7,15.5,14.5,15.4,13.2,14.3,14.5,14.92,0.85,0.54,53,68,17.1,13.69,0.0,0.4169,0.9089,16.1,12.8,12.8,station
2025-01-26,10.6,11.9,11.2,12.3,12.5,10.9,12.5,10.0,10.7,12.6,11.7,0.79,0.36,89,98,13.0,3.68,2.0,0.4325,0.9016,11.9,10.0,10.0,station
2025-01-27,10.0,8.6,10.0,10.9,11.3,10.6,9.4,12.1,11.8,12.7,10.16,1.04,-1.16,64,62,12.8,13.03,0.0,0.4479,0.8941,9.2,11.7,11.7,station
2025-01-28,15.6,13.2,12.5,15.4,14.3,16.4,13.4,13.5,13.8,14.7,14.2,1.35,-0.16,71,100,7.2,6.76,0.1,0.4633,0.8862,14.5,14.4,14.4,station
2025-01-29,15.1,15.0,14.8,15.6,16.7,16.5,15.2,16.6,15.8,15.9,15.44,0.76,-0.56,92,100,14.6,3.91,56.3,0.4784,0.8781,16.4,16.1,16.1,station
2025-01-30,19.4,16.8,16.6,20.2,17.8,18.7,16.9,20.0,20.1,19.0,18.16,1.59,-0.78,77,85,16.4,9.89,46.9,0.4935,0.8698,19.0,20.0,20.0,station
2025-01-31,16.3,17.3,14.4,16.3,15.6,16.2,17.2,18.8,18.0,15.7,15.98,1.07,-1.2,58,1,18.5,15.27,0.0,0.5084,0.8611,16.8,18.9,18.9,station
2025-02-01,17.9,18.7,15.8,20.2,18.0,18.7,18.8,19.3,18.6,18.1,18.12,1.59,-0.58,62,0,14.9,15.82,0.0,0.5231,0.8523,18.1,21.1,21.1,station
2025-02-02,22.0,23.5,20.8,24.7,25.3,21.7,23.7,23.1,23.3,22.8,23.26,1.87,0.34,59,1,16.9,15.76,0.0,0.5377,0.8432,21.6,25.0,25.0,station
2025-02-03,24.9,25.7,23.0,27.7,28.7,24.4,26.5,25.4,27.0,29.4,26.0,2.26,-0.54,74,0,15.7,15.58,0.0,0.5521,0.8338,24.9,27.2,27.2,station
2025-02-04,23.9,20.1,20.0,25.0,29.2,25.1,20.9,22.9,28.0,29.8,23.64,3.83,-1.7,88,42,10.7,13.22,0.0,0.5664,0.8242,21.1,19.4,19.4,station
2025-02-05,24.7,22.4,20.2,25.6,28.2,24.6,23.7,24.4,27.4,29.2,24.22,3.06,-1.64,88,80,16.2,6.26,0.1,0.5805,0.8143,22.2,23.3,23.3,station
2025-02-06,26.9,25.2,22.1,25.9,28.6,26.6,25.3,28.1,27.4,29.9,25.74,2.4,-1.72,83,14,15.8,15.12,0.1,0.5944,0.8042,26.6,28.3,28.3,station
2025-02-07,24.3,23.3,20.2,25.5,28.1,25.8,20.6,27.1,24.6,27.9,24.28,2.9,-0.92,86,54,16.2,6.62,0.0,0.6081,0.7938,22.6,25.0,25.0,station
2025-02-08,27.9,25.6,26.6,27.2,29.7,27.5,26.0,29.0,27.7,30.3,27.4,1.54,-0.7,77,20,18.5,14.72,0.0,0.6217,0.7833,26.9,30.0,30.0,station
2025-02-09,11.6,12.4,8.8,11.4,15.3,12.5,12.2,15.2,12.9,16.7,11.9,2.33,-2.0,76,93,13.3,3.92,0.3,0.6351,0.7725,12.9,10.0,10.0,station
2025-02-10,9.5,8.1,7.0,9.2,10.6,13.4,7.9,11.4,11.3,13.8,8.88,1.38,-2.68,88,100,10.4,3.48,9.4,0.6483,0.7614,8.4,6.7,6.7,station
2025-02-11,12.0,6.7,9.2,7.9,10.2,13.2,6.1,10.9,11.0,11.8,9.2,2.05,-1.4,88,100,10.8,7.33,10.4,0.6613,0.7502,9.3,7.8,7.8,station
2025-02-12,11.7,5.9,8.6,10.2,10.2,15.3,5.5,15.1,10.7,16.3,9.32,2.2,-3.26,83,90,17.7,7.53,4.6,0.6741,0.7387,8.8,7.2,7.2,station
2025-02-13,4.8,3.2,1.9,3.3,2.9,5.0,3.2,7.2,4.3,3.6,3.22,1.04,-1.44,67,79,17.3,15.92,0.0,0.6867,0.727,3.5,3.3,3.3,station
2025-02-14,11.7,9.2,8.1,10.0,10.6,14.5,9.8,12.2,10.7,12.7,9.92,1.37,-2.06,78,80,15.9,9.85,0.7,0.6991,0.715,11.3,11.7,11.7,station
2025-02-15,21.8,17.0,19.7,22.5,21.9,22.2,16.1,23.2,20.3,21.4,20.58,2.26,-0.06,84,66,22.6,8.85,0.5,0.7113,0.7029,20.8,22.2,22.2,station
2025-02-16,5.8,6.0,6.8,6.8,6.0,6.2,5.8,8.5,6.8,6.2,6.28,0.48,-0.42,65,15,22.0,17.72,0.0,0.7233,0.6906,6.2,7.8,7.8,station
2025-02-17,11.1,11.8,10.1,10.7,12.6,11.8,12.2,14.3,12.7,13.5,11.26,0.97,-1.64,68,67,15.4,17.86,0.0,0.735,0.678,11.2,12.8,12.8,station
2025-02-18,11.3,10.2,7.3,10.1,10.5,13.0,10.1,10.8,9.1,11.5,9.88,1.52,-1.02,85,99,23.1,3.68,5.6,0.7466,0.6653,10.8,11.1,11.1,station
2025-02-19,-1.0,-4.8,-1.7,-2.6,-2.0,-0.3,-5.1,2.5,-1.8,-1.5,-2.42,1.45,-1.18,56,86,22.1,11.22,0.0,0.7579,0.6523,-2.4,-2.8,-2.8,station
2025-02-20,-0.6,-2.0,-2.1,-2.1,-1.0,-1.0,-2.4,1.2,-1.6,-0.7,-1.56,0.71,-0.66,48,27,16.8,18.41,0.0,0.769,0.6392,-0.8,0.0,0.0,station
2025-02-21,3.1,1.2,1.2,0.5,2.1,1.6,2.4,3.9,0.4,1.7,1.62,1.0,-0.38,52,77,8.9,6.28,0.0,0.7799,0.6259,-0.4,0.6,0.6,station
2025-02-22,7.9,10.0,9.0,8.9,8.6,9.1,10.3,12.3,8.8,8.4,8.88,0.76,-0.9,61,54,6.0,18.44,0.0,0.7906,0.6124,7.8,10.6,10.6,station
2025-02-23,14.1,13.7,14.4,14.6,15.4,16.0,13.0,15.9,15.0,16.9,14.44,0.63,-0.92,79,50,7.6,17.63,14.5,0.801,0.5987,14.9,16.7,16.7,station
2025-02-24,20.2,18.8,17.2,20.0,21.3,20.5,16.5,20.8,21.3,21.4,19.5,1.56,-0.6,83,9,10.2,18.59,0.0,0.8112,0.5848,19.5,21.1,21.1,station
2025-02-25,21.7,23.0,17.7,22.3,23.5,22.3,22.3,22.4,21.5,23.8,21.64,2.31,-0.82,77,0,15.1,19.05,0.0,0.8211,0.5708,21.5,25.0,25.0,station
2025-02-26,23.3,23.3,22.9,25.4,26.8,22.2,22.9,25.6,24.0,26.0,24.34,1.69,0.2,72,25,18.6,18.73,0.0,0.8308,0.5566,23.6,26.7,26.7,station
2025-02-27,19.1,20.7,18.3,21.2,20.5,18.5,20.0,20.6,21.1,20.7,19.96,1.21,-0.22,51,55,17.8,19.07,0.4,0.8402,0.5422,19.7,21.7,21.7,station
2025-02-28,21.6,23.3,20.2,22.9,23.4,20.9,23.0,22.3,23.5,22.4,22.28,1.37,-0.14,57,18,11.1,19.79,0.0,0.8495,0.5277,21.7,23.3,23.3,station
2025-03-01,21.9,23.2,20.9,23.7,26.1,21.3,22.1,24.1,23.6,25.3,23.16,1.98,-0.12,51,0,12.8,19.86,0.0,0.8584,0.513,23.1,26.1,26.1,station
2025-03-02,21.1,22.1,20.3,23.4,25.0,21.8,22.4,23.3,23.0,25.9,22.38,1.87,-0.9,50,52,21.3,17.99,10.0,0.8671,0.4981,22.8,24.4,24.4,station
2025-03-03,20.7,21.6,20.2,26.6,22.2,23.6,22.6,22.9,27.3,25.7,22.26,2.55,-2.16,80,91,21.8,8.18,0.3,0.8755,0.4831,23.7,20.6,20.6,station
2025-03-04,20.2,21.2,18.8,21.2,21.0,20.2,21.4,22.6,21.1,21.2,20.48,1.03,-0.82,62,58,37.0,17.83,5.4,0.8837,0.468,20.5,21.7,21.7,station
2025-03-05,15.1,16.1,11.9,14.9,15.4,15.3,16.3,15.8,14.9,14.3,14.68,1.62,-0.64,50,2,24.5,21.32,0.0,0.8916,0.4527,14.6,16.7,16.7,station
2025-03-06,17.5,18.9,16.5,18.5,17.6,17.8,19.3,19.0,17.9,18.4,17.8,0.94,-0.68,56,87,18.5,17.05,0.0,0.8993,0.4373,17.0,18.3,18.3,station
2025-03-07,24.9,26.0,25.3,26.5,28.4,25.3,26.6,28.2,25.2,26.9,26.22,1.37,-0.22,65,49,20.6,17.66,0.0,0.9067,0.4218,26.1,27.2,27.2,station
2025-03-08,17.3,18.1,15.5,16.8,16.0,16.0,17.8,19.2,16.9,14.2,16.74,1.03,-0.08,73,87,18.4,6.74,10.4,0.9138,0.4061,16.9,17.2,17.2,station
2025-03-09,12.8,14.4,12.4,13.8,12.4,13.0,13.5,10.6,15.1,12.2,13.16,0.9,0.28,79,79,18.0,8.02,2.4,0.9207,0.3904,13.0,13.9,13.9,station
2025-03-10,20.7,22.3,19.8,20.3,21.8,20.4,22.3,21.7,21.4,20.9,20.98,1.04,-0.36,64,0,9.6,21.83,0.0,0.9272,0.3745,20.8,22.8,22.8,station
2025-03-11,23.5,25.3,22.2,25.2,26.1,23.2,25.4,24.5,22.9,25.4,24.46,1.58,0.18,49,0,19.1,22.07,0.0,0.9335,0.3585,24.2,26.7,26.7,station
2025-03-12,25.9,24.5,24.4,27.1,28.4,25.4,24.1,26.8,28.3,28.6,26.06,1.72,-0.58,57,18,18.3,19.14,0.0,0.9396,0.3424,29.1,28.3,28.3,station
2025-03-13,27.6,27.5,27.8,30.1,30.0,26.7,27.1,26.3,29.6,30.3,28.6,1.33,0.6,31,45,16.5,21.16,0.0,0.9453,0.3261,30.9,30.0,30.0,station
2025-03-14,27.7,28.3,21.7,27.4,27.6,28.2,28.3,25.9,26.0,26.7,26.54,2.73,-0.48,37,36,30.1,21.56,0.0,0.9508,0.3098,30.9,30.6,30.6,station
2025-03-15,23.5,20.5,20.1,22.2,22.6,22.5,20.3,20.9,20.9,21.9,21.78,1.44,0.48,25,70,25.6,20.03,0.9,0.956,0.2934,21.1,21.7,21.7,station
2025-03-16,20.6,20.4,18.1,20.7,20.4,20.3,20.2,20.0,20.9,19.8,20.04,1.09,-0.2,28,1,12.7,22.89,0.0,0.9609,0.2769,20.9,21.1,21.1,station
2025-03-17,26.7,27.3,22.4,27.8,26.6,27.6,27.3,25.5,28.2,26.1,26.16,2.16,-0.78,30,26,23.9,22.91,0.0,0.9655,0.2604,28.1,27.8,27.8,station
2025-03-18,27.8,27.3,23.3,27.5,29.0,27.6,27.2,26.1,27.4,29.1,26.98,2.16,-0.5,46,72,30.6,21.83,0.0,0.9698,0.2437,28.3,27.2,27.2,station
2025-03-19,20.2,20.9,17.0,19.3,22.9,20.4,20.9,20.6,19.3,23.2,20.06,2.16,-0.82,33,14,32.6,23.21,0.0,0.9739,0.227,21.0,20.6,20.6,station
2025-03-20,18.4,17.8,16.0,17.7,17.9,18.0,18.0,18.7,18.4,18.1,17.56,0.91,-0.68,33,0,21.4,23.57,0.0,0.9777,0.2102,17.0,17.8,17.8,station
2025-03-21,22.7,24.7,20.1,25.0,24.3,23.4,24.7,24.6,26.3,24.1,23.36,2.03,-1.26,35,0,22.8,23.44,0.0,0.9811,0.1934,24.4,24.4,24.4,station
2025-03-22,27.3,27.6,23.7,28.4,28.4,26.9,27.6,27.1,28.6,28.8,27.08,1.95,-0.72,50,0,24.5,22.81,0.0,0.9843,0.1765,27.6,26.7,26.7,station
2025-03-23,28.9,28.1,24.8,27.6,30.2,30.2,28.0,29.4,28.3,30.7,27.92,2.0,-1.4,51,10,25.4,21.34,0.0,0.9872,0.1595,29.4,27.8,27.8,station
2025-03-24,25.4,26.7,24.3,27.2,25.9,25.9,27.1,26.1,27.8,26.7,25.9,1.13,-0.82,28,9,10.2,23.84,0.0,0.9898,0.1425,26.4,27.2,27.2,station
2025-03-25,31.5,31.6,29.4,31.4,33.0,32.2,31.0,31.0,31.7,32.0,31.38,1.29,-0.2,44,30,12.8,21.69,1.4,0.9921,0.1255,31.7,31.1,31.1,station
2025-03-26,26.8,25.8,22.3,27.5,28.6,26.1,25.7,27.9,28.4,29.8,26.2,2.41,-1.38,55,64,18.8,19.84,0.9,0.9941,0.1084,27.0,27.2,27.2,station
2025-03-27,25.5,24.9,25.1,25.9,27.0,23.4,24.1,22.9,27.1,24.6,25.68,0.83,1.26,67,100,21.8,18.92,1.2,0.9958,0.0913,27.0,25.6,25.6,station
2025-03-28,21.2,20.1,19.9,20.7,19.2,24.1,20.8,18.4,20.8,23.9,20.22,0.77,-1.38,85,91,17.2,11.96,14.0,0.9972,0.0741,21.3,22.2,22.2,station
2025-03-29,26.0,26.4,23.9,27.1,25.8,26.1,26.3,28.9,29.3,26.1,25.84,1.19,-1.5,81,61,19.8,19.66,0.2,0.9984,0.057,27.0,27.8,27.8,station
2025-03-30,30.6,27.7,27.3,31.4,29.8,26.1,26.5,30.9,29.8,29.5,29.36,1.8,0.8,73,44,20.1,20.31,1.3,0.9992,0.0398,29.6,27.8,27.8,station
2025-03-31,20.0,21.0,19.3,21.6,21.6,20.5,20.2,21.4,21.6,22.0,20.7,1.02,-0.44,68,0,13.0,24.27,0.0,0.9997,0.0226,20.4,22.2,22.2,station
2025-04-01,27.3,25.9,22.8,28.5,30.4,26.7,25.2,27.0,28.6,29.9,26.98,2.86,-0.5,73,61,28.7,19.37,0.2,1.0,0.0054,28.0,26.1,26.1,station
2025-04-02,27.9,25.7,27.0,28.5,29.4,28.0,25.7,28.6,29.1,28.4,27.7,1.42,-0.26,67,58,27.3,16.84,1.7,0.9999,-0.0118,27.3,26.1,26.1,station
2025-04-03,22.2,20.8,20.9,23.6,20.9,26.2,21.7,24.0,25.5,21.5,21.68,1.22,-2.1,83,98,22.7,11.15,38.3,0.9996,-0.029,20.8,21.1,21.1,station
2025-04-04,22.1,17.4,19.6,20.0,20.0,20.9,17.5,18.1,20.5,23.9,19.82,1.67,-0.36,91,98,14.5,6.65,65.1,0.9989,-0.0462,17.9,15.0,15.0,station
2025-04-05,15.2,14.6,14.4,15.2,16.8,17.1,14.7,15.0,16.6,17.6,15.24,0.94,-0.96,83,100,21.3,9.78,29.6,0.998,-0.0634,14.5,13.9,13.9,station
2025-04-06,10.9,11.3,7.7,10.1,9.2,12.7,12.4,8.9,11.1,8.9,9.84,1.44,-0.96,75,100,19.4,8.86,0.5,0.9968,-0.0805,9.8,8.3,8.3,station
2025-04-07,16.3,19.6,15.8,16.7,17.0,16.3,20.0,17.6,16.0,16.2,17.08,1.48,-0.14,63,5,10.1,25.95,0.0,0.9952,-0.0977,16.5,18.9,18.9,station
2025-04-08,20.9,23.9,19.6,22.3,23.1,20.5,23.9,21.9,20.4,22.1,21.96,1.72,0.2,59,0,11.6,25.8,0.0,0.9934,-0.1148,21.3,23.9,23.9,station
2025-04-09,25.2,27.5,23.6,27.8,29.7,24.5,27.1,27.2,26.7,29.2,26.76,2.38,-0.18,57,0,20.2,25.47,0.0,0.9913,-0.1319,25.9,27.8,27.8,station
2025-04-10,26.2,28.3,26.7,29.2,29.6,26.7,27.2,28.1,28.3,29.4,28.0,1.5,0.06,64,2,10.2,24.92,0.0,0.9889,-0.1489,26.1,28.9,28.9,station
2025-04-11,25.6,27.2,24.0,27.3,25.8,23.8,26.8,24.6,26.7,26.2,25.98,1.35,0.36,50,0,9.5,26.04,0.0,0.9861,-0.1659,25.4,27.2,27.2,station
2025-04-12,25.8,28.8,24.2,28.8,29.2,24.6,28.8,26.6,28.3,29.1,27.36,2.23,-0.12,50,1,20.4,25.45,0.0,0.9831,-0.1828,27.5,28.3,28.3,station
2025-04-13,33.1,33.0,27.6,33.1,32.6,32.2,32.5,31.8,33.3,32.6,31.88,2.4,-0.6,44,0,26.1,25.96,0.0,0.9799,-0.1997,33.4,32.8,32.8,station
2025-04-14,32.0,29.5,28.5,32.1,33.6,30.8,29.9,29.4,29.5,33.3,31.14,2.08,0.56,48,43,21.5,25.17,0.0,0.9763,-0.2165,32.8,30.0,30.0,station
2025-04-15,23.8,24.2,22.2,24.1,23.2,23.9,24.6,25.1,24.7,24.7,23.5,0.82,-1.1,31,24,18.5,26.31,0.0,0.9724,-0.2333,23.9,23.3,23.3,station
2025-04-16,28.8,28.6,25.4,29.2,29.2,28.1,28.9,27.7,28.5,29.2,28.24,1.61,-0.24,48,13,21.4,24.28,0.0,0.9683,-0.25,29.0,27.2,27.2,station
2025-04-17,30.8,29.6,26.7,29.8,29.8,30.9,30.1,32.4,30.2,29.4,29.34,1.55,-1.26,58,39,25.3,24.63,0.0,0.9638,-0.2666,31.6,28.3,28.3,station
2025-04-18,32.0,28.8,26.5,29.7,30.6,32.0,28.2,30.7,29.1,29.6,29.52,2.06,-0.4,60,80,27.5,14.97,0.2,0.9591,-0.2831,32.3,30.0,30.0,station
2025-04-19,25.6,25.7,23.5,26.3,24.9,26.4,25.6,27.1,26.9,27.4,25.2,1.07,-1.48,77,98,23.0,13.64,18.3,0.9541,-0.2996,26.0,25.0,25.0,station
2025-04-20,23.6,22.7,21.7,24.2,21.6,24.0,22.3,25.3,23.5,24.7,22.76,1.15,-1.2,74,48,25.7,23.36,6.3,0.9488,-0.316,23.7,25.6,25.6,station
2025-04-21,24.2,26.6,24.5,26.1,25.2,24.2,27.1,27.2,25.2,25.1,25.32,1.02,-0.44,71,5,8.5,26.77,0.0,0.9432,-0.3322,24.5,27.2,27.2,station
2025-04-22,27.8,29.8,27.4,29.9,29.5,27.2,29.5,30.5,29.2,28.4,28.88,1.19,-0.08,68,29,10.5,24.66,0.0,0.9373,-0.3484,28.6,30.0,30.0,station
2025-04-23,26.4,23.6,25.9,26.1,27.2,25.2,24.4,28.1,27.5,27.1,25.84,1.35,-0.62,82,76,15.1,15.61,4.5,0.9312,-0.3645,25.5,27.2,27.2,station
2025-04-24,25.1,23.5,24.5,28.5,29.4,22.4,26.9,25.9,27.2,27.9,26.2,2.59,0.14,92,81,20.6,10.0,16.9,0.9248,-0.3804,23.7,21.1,21.1,station
2025-04-25,27.4,27.2,27.2,29.2,27.7,28.0,27.8,28.0,31.0,30.6,27.74,0.84,-1.34,84,60,13.1,18.26,0.8,0.9181,-0.3963,26.8,26.7,26.7,station
2025-04-26,27.4,28.8,25.9,27.2,28.0,27.4,27.8,29.1,27.5,27.8,27.46,1.07,-0.46,77,62,18.6,22.71,0.1,0.9112,-0.412,27.9,28.3,28.3,station
2025-04-27,27.5,28.7,26.2,28.5,30.2,27.6,29.1,27.5,29.1,31.0,28.22,1.49,-0.64,75,53,19.9,17.24,0.0,0.9039,-0.4276,28.1,27.2,27.2,station
2025-04-28,29.3,27.8,26.3,27.8,29.3,28.6,27.8,29.0,28.5,29.0,28.1,1.25,-0.48,76,91,27.1,13.29,0.0,0.8965,-0.4431,27.0,27.2,27.2,station
2025-04-29,29.4,27.9,25.9,29.8,29.2,30.1,27.5,30.2,29.0,30.3,28.44,1.59,-0.98,74,95,23.3,18.35,3.7,0.8887,-0.4585,29.5,28.3,28.3,station
2025-04-30,23.0,22.9,22.5,24.4,24.8,22.5,23.6,26.7,23.1,25.2,23.52,1.01,-0.7,88,98,23.3,6.8,14.3,0.8807,-0.4737,22.8,23.3,23.3,station
2025-05-01,30.0,28.8,26.6,30.1,28.7,28.2,28.0,32.2,30.2,28.5,28.84,1.41,-0.58,84,50,16.4,18.69,0.1,0.8724,-0.4888,27.7,25.0,25.0,station
2025-05-02,22.0,22.7,21.7,23.5,22.8,24.0,22.8,26.0,24.1,24.3,22.54,0.71,-1.7,78,60,14.3,20.49,9.9,0.8639,-0.5037,24.7,21.7,21.7,station
2025-05-03,22.2,23.6,20.9,22.2,21.3,22.0,24.5,24.0,22.6,20.8,22.04,1.04,-0.74,67,1,12.3,28.27,0.0,0.8551,-0.5185,21.8,22.8,22.8,station
2025-05-04,23.2,25.9,21.9,23.8,23.7,22.4,25.5,24.1,22.9,23.0,23.7,1.44,0.12,65,24,6.3,27.83,0.0,0.846,-0.5331,23.2,25.0,25.0,station
2025-05-05,22.8,23.4,22.8,23.0,22.7,22.7,23.2,25.6,24.4,20.8,22.94,0.28,-0.4,67,59,15.1,20.79,2.0,0.8367,-0.5476,24.2,21.1,21.1,station
2025-05-06,20.2,19.7,21.9,22.3,22.1,22.9,19.9,20.3,22.9,22.1,21.24,1.2,-0.38,88,75,20.1,8.31,52.9,0.8272,-0.5619,24.3,20.0,20.0,station
2025-05-07,25.5,26.3,23.9,25.6,25.8,26.4,25.9,26.1,28.7,26.4,25.42,0.9,-1.28,79,45,11.7,23.53,0.1,0.8174,-0.5761,25.1,25.6,25.6,station
2025-05-08,24.3,24.7,22.4,23.2,24.1,23.8,25.5,26.1,24.1,24.8,23.74,0.93,-1.12,74,51,12.5,25.19,0.0,0.8074,-0.59,24.5,25.0,25.0,station
2025-05-09,23.5,25.4,22.2,24.2,24.0,22.5,25.8,23.1,22.2,24.2,23.86,1.16,0.3,73,37,18.3,24.06,0.7,0.7971,-0.6038,24.4,25.0,25.0,station
2025-05-10,24.4,26.0,23.7,25.8,24.5,24.2,26.4,25.7,25.7,24.6,24.88,0.98,-0.44,65,43,16.5,23.99,0.1,0.7866,-0.6175,25.6,26.1,26.1,station
2025-05-11,24.9,25.4,22.9,24.8,23.3,24.9,26.1,21.9,25.7,22.1,24.26,1.09,0.12,57,78,19.2,23.95,0.0,0.7759,-0.6309,25.1,25.0,25.0,station
2025-05-12,28.3,29.3,25.9,28.6,27.2,28.4,29.1,28.3,28.8,26.8,27.86,1.33,-0.42,63,1,7.8,27.6,0.0,0.7649,-0.6442,28.7,28.3,28.3,station
2025-05-13,36.5,35.8,29.8,35.3,34.3,35.7,35.6,35.4,35.5,34.4,34.34,2.66,-0.98,52,11,21.6,27.94,0.0,0.7537,-0.6572,38.1,33.9,33.9,station
2025-05-14,41.1,39.2,35.3,39.9,37.0,42.0,39.5,39.6,40.3,37.5,38.5,2.33,-1.28,52,43,18.0,27.71,0.0,0.7423,-0.6701,39.0,34.4,34.4,station
2025-05-15,35.1,30.9,30.9,29.4,30.6,38.1,32.6,33.4,32.5,31.9,31.38,2.17,-2.32,62,94,16.0,20.26,0.1,0.7306,-0.6828,31.6,32.2,32.2,station
2025-05-16,32.1,31.3,32.0,30.4,31.9,36.4,31.9,36.2,32.0,32.6,31.54,0.71,-2.28,76,99,22.1,19.93,4.2,0.7188,-0.6952,31.0,30.6,30.6,station
2025-05-17,29.9,30.1,28.3,32.1,32.1,32.8,30.0,37.1,30.6,31.1,30.5,1.62,-1.82,84,80,19.3,18.38,5.3,0.7067,-0.7075,30.5,32.2,32.2,station
2025-05-18,29.9,29.2,28.6,31.7,30.0,31.1,29.8,33.2,31.6,31.9,29.88,1.16,-1.64,87,95,21.5,14.12,54.0,0.6945,-0.7195,27.5,30.0,30.0,station
2025-05-19,25.4,27.2,29.3,31.1,28.5,25.8,26.5,31.6,30.8,28.2,28.3,2.15,-0.28,84,75,25.9,13.38,29.7,0.682,-0.7314,27.9,29.4,29.4,station
2025-05-20,27.0,29.8,24.6,29.0,26.1,26.9,28.7,28.0,29.0,26.3,27.3,2.12,-0.48,64,4,17.4,29.24,0.0,0.6693,-0.743,27.1,28.9,28.9,station
2025-05-21,30.1,32.0,27.5,32.6,28.8,29.7,31.7,31.6,31.7,28.7,30.2,2.14,-0.48,54,63,12.4,26.11,0.0,0.6564,-0.7544,30.3,31.7,31.7,station
2025-05-22,31.4,31.1,29.6,33.1,34.2,30.8,30.8,35.7,35.1,31.8,31.88,1.8,-0.96,66,43,14.0,21.57,0.1,0.6433,-0.7656,31.3,31.1,31.1,station
2025-05-23,33.2,32.7,30.1,33.3,33.0,33.5,32.5,34.5,34.1,33.7,32.46,1.34,-1.2,60,12,17.4,28.36,0.3,0.6301,-0.7765,34.2,33.9,33.9,station
2025-05-24,35.8,34.8,30.2,36.1,34.3,35.6,33.6,36.2,34.9,33.9,34.24,2.37,-0.6,59,72,23.3,23.08,0.1,0.6166,-0.7873,35.6,33.3,33.3,station
2025-05-25,35.7,33.4,30.7,36.0,34.8,35.6,33.4,37.5,36.4,35.1,34.12,2.16,-1.48,65,57,24.1,23.43,8.9,0.603,-0.7978,35.4,35.0,35.0,station
2025-05-26,27.5,24.8,25.1,30.0,29.4,31.5,24.7,28.8,28.5,29.6,27.36,2.39,-1.26,84,95,18.2,14.7,2.8,0.5892,-0.808,27.2,28.3,28.3,station
2025-05-27,27.7,27.2,27.0,27.4,26.6,27.7,28.2,28.1,28.7,26.2,27.18,0.41,-0.6,80,56,10.5,23.95,0.6,0.5752,-0.818,27.6,28.9,28.9,station
2025-05-28,26.8,26.7,27.2,26.2,24.9,25.3,27.1,28.3,27.7,24.9,26.36,0.89,-0.3,83,91,11.2,16.68,5.3,0.561,-0.8278,25.8,26.1,26.1,station
2025-05-29,29.0,28.6,29.0,31.4,29.2,29.5,28.4,31.5,31.0,26.3,29.44,1.12,0.1,84,82,8.6,18.47,2.2,0.5467,-0.8373,28.4,31.1,31.1,station
2025-05-30,27.0,26.5,25.6,27.8,25.2,26.0,26.6,28.1,27.8,24.1,26.42,1.05,-0.1,75,65,13.1,25.35,8.7,0.5322,-0.8466,26.6,28.3,28.3,station
2025-05-31,28.4,30.5,28.1,30.7,30.1,29.0,30.5,31.1,30.0,29.1,29.56,1.22,-0.38,64,2,6.9,29.14,0.0,0.5176,-0.8556,28.4,30.6,30.6,station
2025-06-01,29.2,28.9,29.2,31.8,29.8,29.2,29.5,35.9,31.8,30.4,29.78,1.18,-1.58,79,40,18.1,20.19,12.0,0.5028,-0.8644,28.5,31.1,31.1,station
2025-06-02,30.9,32.8,30.9,33.1,31.9,31.1,32.2,32.6,33.8,31.4,31.92,1.03,-0.3,78,39,17.4,23.5,0.8,0.4878,-0.8729,31.8,33.9,33.9,station
2025-06-03,31.0,30.0,29.5,33.6,32.4,29.5,29.3,32.0,32.7,31.8,31.3,1.7,0.24,76,61,24.2,21.98,8.1,0.4728,-0.8812,30.7,31.7,31.7,station
2025-06-04,27.1,25.8,26.0,28.4,26.2,27.3,26.5,27.9,29.2,26.7,26.7,1.07,-0.82,84,83,12.6,16.4,21.4,0.4575,-0.8892,25.4,27.2,27.2,station
2025-06-05,29.7,30.6,29.6,30.8,28.5,29.2,29.5,31.6,32.0,30.4,29.84,0.92,-0.7,85,82,13.3,17.83,9.7,0.4422,-0.8969,30.2,32.2,32.2,station
2025-06-06,31.7,31.8,30.8,34.2,33.8,31.7,31.8,33.6,34.5,32.3,32.46,1.47,-0.32,75,46,14.6,26.57,0.0,0.4267,-0.9044,32.2,33.3,33.3,station
2025-06-07,32.8,32.8,29.7,35.6,34.6,32.6,33.2,35.1,35.6,35.2,33.1,2.25,-1.24,74,29,16.4,24.57,1.4,0.4111,-0.9116,33.0,33.9,33.9,station
2025-06-08,32.7,31.1,33.1,36.3,34.4,33.5,32.3,36.9,36.6,33.6,33.52,1.95,-1.06,78,50,16.8,24.0,26.1,0.3953,-0.9185,32.2,34.4,34.4,station
2025-06-09,28.5,30.1,28.5,31.6,28.1,29.1,30.2,30.1,30.5,27.9,29.36,1.47,-0.2,76,63,18.1,24.0,31.2,0.3795,-0.9252,30.5,32.2,32.2,station
2025-06-10,31.1,29.0,29.1,33.7,33.1,28.2,27.9,32.0,33.0,31.0,31.2,2.19,0.78,84,86,10.7,13.53,0.2,0.3635,-0.9316,28.7,27.2,27.2,station
2025-06-11,26.1,24.2,26.9,26.8,26.2,27.3,24.0,27.9,26.7,30.5,26.04,1.09,-1.24,93,100,14.6,6.66,25.0,0.3474,-0.9377,23.8,23.9,23.9,station
2025-06-12,28.1,27.3,26.6,27.8,26.4,27.2,27.9,27.5,26.8,25.3,27.24,0.74,0.3,85,74,12.8,18.33,6.2,0.3312,-0.9436,27.6,27.2,27.2,station
2025-06-13,31.0,31.6,29.1,34.2,31.7,31.0,31.4,35.1,33.7,31.8,31.52,1.83,-1.08,82,57,13.0,25.52,0.0,0.3149,-0.9491,31.2,32.8,32.8,station
2025-06-14,30.9,28.2,30.8,34.1,34.7,31.4,29.0,35.3,34.9,33.5,31.74,2.67,-1.08,82,86,13.6,20.56,6.4,0.2986,-0.9544,31.4,33.9,33.9,station
2025-06-15,31.1,30.2,28.4,34.6,35.5,31.0,27.8,33.2,34.1,35.7,31.96,3.0,-0.4,84,63,13.2,14.16,14.6,0.2821,-0.9594,29.3,28.3,28.3,station
2025-06-16,33.0,33.6,31.5,33.9,33.3,32.8,32.7,36.0,35.0,34.6,33.06,0.93,-1.16,76,31,11.6,28.36,0.4,0.2656,-0.9641,33.5,35.0,35.0,station
2025-06-17,32.9,33.7,30.5,34.4,33.7,32.8,33.5,35.1,33.2,33.5,33.04,1.52,-0.58,66,2,24.5,29.02,0.0,0.2489,-0.9685,34.6,33.3,33.3,station
2025-06-18,34.6,34.2,30.2,35.2,33.7,33.7,33.7,35.5,34.7,33.6,33.58,1.97,-0.66,62,43,21.0,24.12,1.7,0.2322,-0.9727,35.9,33.3,33.3,station
2025-06-19,35.2,34.9,31.8,35.0,34.5,34.7,34.8,35.9,35.5,33.4,34.28,1.41,-0.58,66,49,18.1,25.42,2.5,0.2155,-0.9765,34.9,34.4,34.4,station
2025-06-20,35.3,35.1,31.3,35.4,34.8,35.6,34.9,36.3,35.3,34.9,34.38,1.74,-1.02,60,7,20.2,26.97,0.2,0.1986,-0.9801,36.8,34.4,34.4,station
2025-06-21,35.5,34.2,31.4,34.6,34.4,35.2,34.2,36.2,35.2,34.7,34.02,1.55,-1.08,59,11,23.3,26.03,0.1,0.1818,-0.9833,35.6,33.9,33.9,station
2025-06-22,34.9,34.3,33.2,35.0,34.1,35.7,34.3,35.6,35.0,34.1,34.3,0.72,-0.64,61,11,21.2,26.43,0.0,0.1648,-0.9863,34.8,33.9,33.9,station
2025-06-23,34.8,33.8,33.1,34.3,34.5,34.8,34.0,36.2,34.4,34.5,34.1,0.67,-0.68,62,23,16.0,26.88,0.0,0.1478,-0.989,35.3,33.9,33.9,station
2025-06-24,35.0,33.7,33.1,34.6,33.6,35.6,33.7,35.7,34.5,34.2,34.0,0.78,-0.74,62,7,15.5,27.08,0.0,0.1308,-0.9914,35.0,33.9,33.9,station
2025-06-25,33.2,31.8,30.2,32.4,32.4,34.0,32.4,35.9,32.2,32.4,32.0,1.12,-1.38,69,34,14.0,25.15,2.7,0.1137,-0.9935,33.5,32.2,32.2,station
2025-06-26,33.0,32.4,31.2,33.7,32.6,34.1,32.4,36.5,33.7,33.5,32.58,0.92,-1.46,69,56,13.3,24.99,2.0,0.0966,-0.9953,34.0,32.8,32.8,station
2025-06-27,34.5,33.6,31.3,34.9,34.1,34.5,33.8,35.7,35.9,34.4,33.68,1.41,-1.18,63,71,14.4,27.01,0.0,0.0795,-0.9968,35.0,33.3,33.3,station
2025-06-28,35.4,34.8,34.0,36.4,35.1,35.9,34.9,36.6,36.9,35.0,35.14,0.88,-0.72,58,39,15.0,27.45,0.0,0.0623,-0.9981,36.0,33.9,33.9,station
2025-06-29,35.5,35.2,34.4,36.3,35.1,35.6,35.3,37.1,37.3,35.7,35.3,0.69,-0.9,53,8,16.1,28.04,0.0,0.0451,-0.999,36.1,34.4,34.4,station
2025-06-30,36.0,34.8,35.1,36.1,35.2,36.5,34.8,37.4,36.9,35.9,35.44,0.58,-0.86,62,25,17.8,27.21,23.5,0.028,-0.9996,37.3,34.4,34.4,station
2025-07-01,32.2,32.0,34.0,33.3,33.5,34.4,33.3,37.9,34.5,36.0,33.0,0.86,-2.22,73,83,8.1,25.65,3.2,0.0108,-0.9999,33.3,34.4,34.4,station
2025-07-02,34.5,32.5,32.4,34.3,34.2,33.1,32.9,37.1,35.3,33.8,33.58,1.04,-0.86,66,95,11.5,20.89,0.2,-0.0065,-1.0,34.2,32.8,32.8,station
2025-07-03,33.8,28.8,27.6,31.5,31.3,31.6,29.9,31.9,33.6,30.5,30.6,2.44,-0.9,75,83,17.7,17.83,7.3,-0.0237,-0.9997,30.8,30.0,30.0,station
2025-07-04,31.1,29.8,28.9,28.5,31.7,31.9,29.0,34.4,27.5,31.5,30.0,1.38,-0.86,79,67,20.2,20.37,2.5,-0.0408,-0.9992,31.6,31.7,31.7,station
2025-07-05,30.4,29.3,30.0,31.9,27.3,31.9,30.5,34.5,31.3,31.7,29.78,1.68,-2.2,74,42,20.0,23.98,1.1,-0.058,-0.9983,33.7,31.1,31.1,station
2025-07-06,31.2,30.3,29.4,33.0,29.7,33.5,30.3,34.6,34.6,27.9,30.72,1.45,-1.46,75,61,16.4,21.74,12.7,-0.0752,-0.9972,31.2,30.6,30.6,station
2025-07-07,30.8,31.0,29.6,32.1,31.9,32.1,29.6,35.1,33.7,31.2,31.08,1.0,-1.26,75,35,12.5,22.85,11.7,-0.0923,-0.9957,31.7,31.7,31.7,station
2025-07-08,29.9,31.0,28.3,32.6,33.9,29.0,30.8,35.9,32.1,33.7,31.14,2.2,-1.16,74,42,11.5,20.19,11.5,-0.1094,-0.994,33.0,35.0,35.0,station
2025-07-09,31.7,31.7,32.5,33.6,34.4,30.3,30.2,34.6,33.8,35.3,32.78,1.19,-0.06,75,34,14.1,24.73,4.6,-0.1265,-0.992,33.5,34.4,34.4,station
2025-07-10,34.5,35.0,31.3,35.1,34.5,33.4,34.5,35.8,37.1,36.1,34.08,1.58,-1.3,60,13,15.8,26.38,0.0,-0.1436,-0.9896,36.3,34.4,34.4,station
2025-07-11,35.3,34.5,30.3,35.3,35.0,34.8,34.2,36.6,36.1,34.9,34.08,2.14,-1.24,55,15,22.7,27.45,0.1,-0.1606,-0.987,36.0,33.3,33.3,station
2025-07-12,30.3,30.3,30.1,33.1,34.1,35.1,30.8,37.1,35.5,34.7,31.58,1.88,-3.06,71,71,15.5,20.92,13.8,-0.1775,-0.9841,33.3,33.3,33.3,station
2025-07-13,32.1,28.9,30.5,30.2,28.5,27.6,29.5,34.4,30.9,31.1,30.04,1.43,-0.66,82,90,13.9,15.49,12.4,-0.1944,-0.9809,29.6,31.7,31.7,station
2025-07-14,29.4,29.3,28.7,34.4,33.2,30.1,29.2,34.4,32.9,29.5,31.0,2.6,-0.22,80,84,13.2,19.45,13.6,-0.2113,-0.9774,31.4,32.2,32.2,station
2025-07-15,32.1,32.9,30.3,35.1,33.4,33.6,32.7,36.8,34.6,35.0,32.76,1.76,-1.78,70,68,16.2,24.86,0.1,-0.2281,-0.9736,34.2,34.4,34.4,station
2025-07-16,34.4,34.1,30.5,35.8,35.0,33.6,33.8,37.1,35.6,34.7,33.96,2.04,-1.0,66,26,15.5,23.8,0.1,-0.2448,-0.9696,34.7,33.9,33.9,station
2025-07-17,36.7,34.7,32.1,36.0,35.7,37.0,35.0,37.6,37.1,36.3,35.04,1.79,-1.56,60,53,11.7,27.26,0.0,-0.2614,-0.9652,35.6,34.4,34.4,station
2025-07-18,37.6,35.4,33.2,37.2,35.9,38.7,35.6,38.2,38.0,36.9,35.86,1.74,-1.62,59,33,12.6,27.68,0.0,-0.278,-0.9606,36.7,35.6,35.6,station
2025-07-19,36.1,34.4,31.9,36.2,35.2,37.4,34.6,36.5,36.6,35.2,34.76,1.76,-1.3,63,65,18.0,26.09,0.0,-0.2945,-0.9557,35.9,34.4,34.4,station
2025-07-20,36.2,34.4,31.4,35.7,34.8,37.2,34.6,38.1,36.6,35.4,34.5,1.87,-1.88,59,30,20.4,26.72,0.2,-0.3109,-0.9505,35.5,34.4,34.4,station
2025-07-21,37.3,34.8,32.6,36.8,35.9,38.0,35.0,38.5,36.9,35.9,35.48,1.87,-1.38,59,3,21.0,27.59,0.0,-0.3272,-0.945,36.8,35.6,35.6,station
2025-07-22,36.5,34.2,33.6,36.4,36.1,36.7,34.0,38.3,36.7,36.0,35.36,1.36,-0.98,55,49,16.5,27.17,0.0,-0.3434,-0.9392,36.4,35.0,35.0,station
2025-07-23,36.9,35.2,34.0,37.1,35.9,37.2,34.8,39.6,37.4,36.4,35.82,1.28,-1.26,52,22,17.1,27.93,0.0,-0.3595,-0.9332,37.4,35.6,35.6,station
2025-07-24,37.5,36.1,35.9,38.3,36.8,38.4,36.1,41.1,38.9,37.2,36.92,1.0,-1.42,48,0,14.3,28.23,0.0,-0.3755,-0.9268,38.4,36.1,36.1,station
2025-07-25,38.3,36.9,37.4,38.3,37.1,39.2,36.6,41.5,39.0,37.2,37.6,0.66,-1.1,47,59,13.6,27.44,0.0,-0.3914,-0.9202,38.6,36.7,36.7,station
2025-07-26,33.9,33.9,32.0,32.8,35.1,36.1,33.8,37.7,34.8,36.6,33.54,1.18,-2.26,65,90,15.1,19.74,5.7,-0.4071,-0.9134,35.1,33.9,33.9,station
2025-07-27,35.4,36.0,33.9,36.5,35.8,36.4,35.8,38.2,36.0,35.2,35.52,0.99,-0.8,57,67,15.4,23.59,0.2,-0.4228,-0.9062,36.0,34.4,34.4,station
2025-07-28,37.6,36.9,34.2,37.3,35.9,37.5,36.9,39.9,37.7,37.1,36.38,1.38,-1.44,57,21,13.1,26.61,0.0,-0.4383,-0.8988,37.5,35.6,35.6,station
2025-07-29,38.6,37.6,36.5,38.6,37.2,39.2,37.9,40.9,39.3,37.1,37.7,0.91,-1.18,47,5,11.1,27.08,0.0,-0.4537,-0.8912,38.3,36.7,36.7,station
2025-07-30,39.5,38.4,37.9,39.9,37.5,40.4,38.1,42.1,40.6,37.7,38.64,1.03,-1.14,42,51,9.2,27.61,0.0,-0.469,-0.8832,38.7,38.3,38.3,station
2025-07-31,40.5,38.7,39.0,40.7,38.5,41.1,39.0,42.8,41.2,38.4,39.48,1.04,-1.02,36,41,15.1,27.0,0.0,-0.4841,-0.875,41.5,39.4,39.4,station
2025-08-01,34.4,33.6,35.5,37.8,36.4,36.2,33.8,39.2,35.7,37.2,35.54,1.65,-0.88,56,42,13.9,22.83,0.3,-0.4991,-0.8666,37.0,35.6,35.6,station
2025-08-02,32.2,32.5,32.0,32.1,33.6,29.7,32.6,36.6,28.9,31.1,32.48,0.65,0.7,67,44,11.6,23.9,2.4,-0.5139,-0.8578,32.9,34.4,34.4,station
2025-08-03,33.2,31.9,33.3,34.3,34.7,32.5,31.2,36.9,33.0,34.1,33.48,1.09,-0.06,70,42,12.4,20.49,4.1,-0.5286,-0.8489,34.4,32.8,32.8,station
2025-08-04,30.8,31.9,33.5,33.6,31.7,30.8,31.8,36.8,34.2,27.8,32.3,1.21,0.02,72,34,11.8,25.91,8.2,-0.5431,-0.8397,31.7,31.7,31.7,station
2025-08-05,33.4,34.3,31.8,34.7,33.9,32.8,34.4,36.9,35.9,33.9,33.62,1.13,-1.16,65,0,10.2,27.1,0.0,-0.5575,-0.8302,33.6,33.3,33.3,station
2025-08-06,35.5,35.9,32.3,36.6,35.6,35.5,35.6,39.3,35.9,35.2,35.18,1.67,-1.12,57,0,11.9,27.04,0.0,-0.5717,-0.8205,35.7,35.0,35.0,station
2025-08-07,37.3,36.8,33.8,37.2,36.5,37.4,36.7,39.5,36.9,36.3,36.32,1.44,-1.04,55,1,11.5,26.54,0.0,-0.5857,-0.8105,37.6,35.6,35.6,station
2025-08-08,38.3,37.0,34.5,37.5,37.0,38.8,37.3,39.9,38.4,36.8,36.86,1.42,-1.38,51,1,16.7,26.66,0.0,-0.5996,-0.8003,38.0,36.7,36.7,station
2025-08-09,37.5,36.7,35.4,37.6,36.9,37.5,36.8,39.1,37.8,36.9,36.82,0.88,-0.8,49,9,16.6,26.33,0.0,-0.6132,-0.7899,37.6,36.1,36.1,station
2025-08-10,36.1,36.0,35.4,36.4,35.5,37.0,36.0,39.4,36.7,36.2,35.88,0.42,-1.18,49,11,15.2,25.53,0.0,-0.6267,-0.7792,37.5,35.0,35.0,station
2025-08-11,35.6,35.5,32.3,36.5,35.2,36.5,34.9,39.7,36.4,34.8,35.02,1.6,-1.44,49,31,11.7,24.01,0.0,-0.64,-0.7683,36.6,35.6,35.6,station
2025-08-12,36.1,33.8,35.2,32.7,34.8,36.5,34.2,37.7,34.4,35.9,34.52,1.31,-1.22,71,81,12.4,19.15,7.9,-0.6532,-0.7572,31.8,32.8,32.8,station
2025-08-13,33.2,33.0,32.1,32.7,30.5,35.4,35.1,38.4,35.0,34.4,32.3,1.09,-3.36,77,27,11.7,24.13,6.9,-0.6661,-0.7459,31.8,33.3,33.3,station
2025-08-14,33.2,35.4,33.4,34.1,34.5,35.0,35.7,38.4,34.8,33.4,34.12,0.89,-1.34,70,11,11.3,23.88,0.1,-0.6788,-0.7343,33.8,36.1,36.1,station
2025-08-15,36.0,36.2,32.8,36.2,36.4,35.0,36.0,38.5,34.8,34.8,35.52,1.53,-0.3,63,18,14.3,24.93,0.0,-0.6914,-0.7225,36.0,36.1,36.1,station
2025-08-16,35.7,35.6,32.7,35.7,35.5,35.5,36.1,38.6,35.2,36.5,35.04,1.31,-1.34,59,22,15.7,24.47,0.5,-0.7037,-0.7105,36.0,35.0,35.0,station
2025-08-17,35.9,36.9,33.1,34.1,34.8,37.2,37.5,39.4,36.8,36.5,34.96,1.49,-2.52,57,68,11.3,20.6,0.5,-0.7158,-0.6983,36.6,35.0,35.0,station
2025-08-18,37.3,37.4,34.9,37.3,37.6,37.7,37.7,39.4,37.3,35.8,36.9,1.12,-0.68,48,27,9.5,21.63,0.0,-0.7277,-0.6859,37.5,37.2,37.2,station
2025-08-19,38.5,38.0,35.9,38.7,38.1,38.4,37.6,40.1,39.6,38.3,37.84,1.12,-0.96,48,26,14.2,24.26,0.2,-0.7394,-0.6733,39.6,38.9,38.9,station
2025-08-20,37.3,33.2,35.3,36.6,36.1,38.6,34.7,41.0,38.6,37.3,35.7,1.58,-2.34,71,52,17.8,8.88,37.3,-0.7509,-0.6605,32.3,33.9,33.9,station
2025-08-21,32.1,34.3,32.4,33.7,32.4,35.5,35.3,38.4,35.0,33.7,32.98,0.96,-2.6,62,16,12.1,22.86,6.0,-0.7621,-0.6474,35.2,36.1,36.1,station
2025-08-22,33.7,34.8,30.9,34.7,34.0,32.0,34.9,38.4,33.2,32.7,33.62,1.59,-0.62,61,26,13.6,19.86,1.9,-0.7731,-0.6342,33.4,35.6,35.6,station
2025-08-23,36.3,36.7,33.3,35.5,34.5,36.0,36.9,39.8,36.4,35.4,35.26,1.38,-1.64,46,10,15.5,24.45,0.0,-0.7839,-0.6208,37.0,36.1,36.1,station
2025-08-24,36.4,36.8,33.0,36.9,35.8,35.6,37.0,39.1,36.4,35.5,35.78,1.61,-0.94,43,16,11.9,23.68,0.0,-0.7945,-0.6073,36.6,36.1,36.1,station
2025-08-25,36.7,35.9,32.6,36.7,35.5,36.8,35.9,38.6,36.7,35.3,35.48,1.69,-1.18,44,49,11.4,22.24,0.0,-0.8048,-0.5935,36.0,36.1,36.1,station
2025-08-26,33.3,32.2,31.3,30.9,34.0,35.1,31.7,31.2,29.9,33.9,32.34,1.31,-0.02,59,47,16.9,18.78,0.1,-0.8149,-0.5796,32.9,31.1,31.1,station
2025-08-27,34.0,33.3,32.0,33.4,32.7,34.8,33.2,36.4,32.9,34.5,33.08,0.76,-1.28,66,23,14.4,22.91,0.0,-0.8248,-0.5655,33.8,33.3,33.3,station
2025-08-28,36.9,35.3,32.5,36.4,35.8,36.4,34.3,38.3,35.1,34.1,35.38,1.72,-0.26,66,45,16.6,20.97,12.0,-0.8344,-0.5512,37.0,37.2,37.2,station
2025-08-29,31.3,27.2,29.3,30.7,29.6,32.4,27.7,38.4,29.8,32.0,29.62,1.58,-2.44,83,69,13.5,13.51,34.7,-0.8437,-0.5368,28.8,27.8,27.8,station
2025-08-30,28.3,27.9,26.9,27.8,25.5,29.9,27.2,29.4,31.9,25.2,27.28,1.12,-1.44,86,96,10.9,8.55,24.5,-0.8528,-0.5222,27.5,25.6,25.6,station
2025-08-31,28.2,28.4,27.6,26.4,27.4,26.3,27.9,29.2,25.7,26.3,27.6,0.79,0.52,87,79,8.9,15.56,7.5,-0.8617,-0.5074,29.4,30.0,30.0,station
2025-09-01,29.2,29.5,28.4,29.6,28.5,28.7,30.4,34.7,30.0,28.2,29.04,0.56,-1.36,86,51,9.1,21.32,5.8,-0.8703,-0.4925,28.8,32.2,32.2,station
2025-09-02,29.5,31.7,29.0,31.3,29.8,28.6,30.5,36.3,32.1,29.6,30.26,1.18,-1.16,80,12,10.2,22.76,0.3,-0.8786,-0.4775,30.4,33.3,33.3,station
2025-09-03,29.3,32.2,28.2,32.1,31.2,29.2,31.9,34.7,32.0,31.1,30.6,1.78,-1.18,71,1,11.3,24.66,0.0,-0.8867,-0.4623,29.8,31.7,31.7,station
2025-09-04,37.1,37.4,32.6,39.9,36.6,34.4,36.2,37.8,37.6,36.1,36.72,2.63,0.3,56,6,12.6,24.16,0.0,-0.8945,-0.447,37.0,38.3,38.3,station
2025-09-05,36.8,33.6,33.4,36.9,36.5,37.5,33.6,37.5,37.3,36.5,35.44,1.78,-1.04,55,93,26.2,16.27,0.0,-0.9021,-0.4315,35.8,36.7,36.7,station
2025-09-06,26.7,25.1,25.9,23.7,24.2,29.8,24.6,31.2,23.2,29.3,25.12,1.22,-2.5,84,64,15.7,15.58,40.6,-0.9094,-0.4159,25.7,26.1,26.1,station
2025-09-07,26.5,27.5,25.2,27.8,28.9,27.6,26.4,30.6,28.1,25.5,27.18,1.4,-0.46,75,39,11.6,18.86,0.0,-0.9164,-0.4002,27.4,27.8,27.8,station
2025-09-08,27.7,28.6,29.9,28.6,28.9,27.1,28.5,30.8,29.2,28.8,28.74,0.79,-0.14,62,7,8.0,23.85,0.0,-0.9232,-0.3844,27.7,28.3,28.3,station
2025-09-09,30.4,30.4,27.6,30.4,30.6,30.2,29.8,32.5,29.7,30.7,29.88,1.28,-0.7,50,14,10.4,23.76,0.0,-0.9296,-0.3685,31.0,30.0,30.0,station
2025-09-10,33.7,32.7,29.4,32.9,32.5,33.4,32.4,34.9,32.6,32.4,32.24,1.65,-0.9,49,0,8.5,23.66,0.0,-0.9358,-0.3524,33.2,32.2,32.2,station
2025-09-11,35.1,34.5,30.8,33.9,34.2,35.4,34.5,36.6,34.3,34.5,33.7,1.68,-1.36,53,1,9.2,23.36,0.0,-0.9418,-0.3363,33.7,33.9,33.9,station
2025-09-12,35.0,34.9,31.1,34.6,35.2,35.4,35.0,36.5,34.8,34.9,34.16,1.72,-1.16,53,11,9.8,22.27,0.0,-0.9474,-0.32,35.0,34.4,34.4,station
2025-09-13,34.3,34.1,30.8,34.3,34.0,35.1,34.4,35.8,34.6,34.0,33.5,1.51,-1.28,49,63,13.8,20.87,0.0,-0.9528,-0.3037,33.8,33.9,33.9,station
2025-09-14,34.1,34.3,30.8,34.1,34.2,34.5,33.9,34.5,34.5,33.3,33.5,1.51,-0.64,44,62,13.1,22.41,0.0,-0.9579,-0.2873,35.0,33.9,33.9,station
2025-09-15,34.7,34.3,31.3,34.3,34.1,34.5,34.2,36.3,33.3,33.4,33.74,1.38,-0.6,51,21,8.8,20.83,0.1,-0.9627,-0.2707,34.2,34.4,34.4,station
2025-09-16,34.7,34.9,31.3,34.9,34.2,35.0,34.6,35.7,34.9,34.0,34.0,1.54,-0.84,46,7,9.2,21.59,0.0,-0.9672,-0.2541,35.4,35.0,35.0,station
2025-09-17,35.4,35.4,31.7,35.3,34.3,35.4,35.3,36.1,35.3,34.5,34.42,1.59,-0.9,45,13,9.4,21.12,0.0,-0.9714,-0.2375,35.4,35.0,35.0,station
2025-09-18,35.0,34.9,30.9,34.9,34.4,34.9,34.6,35.2,34.9,34.0,34.02,1.76,-0.7,48,19,10.4,19.62,0.1,-0.9753,-0.2207,35.6,35.0,35.0,station
2025-09-19,32.9,32.5,31.1,33.8,33.5,31.5,33.6,36.2,34.0,33.7,32.76,1.06,-1.04,63,47,20.2,18.78,14.0,-0.979,-0.2039,31.2,32.8,32.8,station
2025-09-20,32.8,33.7,31.1,34.6,33.3,33.9,33.2,35.5,34.9,33.9,33.1,1.3,-1.18,55,52,12.0,19.9,0.0,-0.9824,-0.187,33.8,33.9,33.9,station
2025-09-21,33.6,32.9,30.4,34.7,34.2,32.0,32.7,36.2,34.3,33.5,33.16,1.68,-0.58,65,53,16.1,17.21,14.7,-0.9854,-0.1701,31.1,33.9,33.9,station
2025-09-22,32.7,34.1,31.6,35.6,35.2,33.8,34.0,37.0,36.4,34.9,33.84,1.68,-1.38,72,29,20.3,17.58,47.0,-0.9882,-0.1531,31.6,33.9,33.9,station
2025-09-23,33.1,34.8,32.3,35.9,35.4,34.2,34.8,37.7,36.7,35.6,34.3,1.54,-1.5,71,22,15.2,20.15,0.8,-0.9907,-0.1361,34.0,35.0,35.0,station
2025-09-24,28.0,27.3,26.4,29.5,27.6,27.0,27.3,31.4,29.1,30.0,27.76,1.14,-1.2,78,39,17.0,15.49,17.9,-0.9929,-0.1191,28.7,28.9,28.9,station
2025-09-25,27.1,29.5,25.6,28.0,27.4,27.2,29.2,29.5,28.3,27.1,27.52,1.42,-0.74,71,8,12.5,20.56,0.1,-0.9948,-0.102,28.1,30.0,30.0,station
2025-09-26,29.6,31.5,27.9,30.7,30.2,27.6,30.8,32.3,28.9,28.4,29.98,1.36,0.38,63,27,7.6,20.44,0.0,-0.9964,-0.0848,30.6,31.7,31.7,station
2025-09-27,31.3,32.4,28.3,31.2,31.3,29.7,32.3,33.1,30.5,30.5,30.9,1.53,-0.32,58,15,6.7,21.37,0.0,-0.9977,-0.0677,30.3,31.7,31.7,station
2025-09-28,31.1,31.8,27.8,30.7,30.9,31.2,32.3,31.9,30.5,31.3,30.46,1.54,-0.98,56,69,8.4,19.93,0.0,-0.9987,-0.0505,30.4,30.6,30.6,station
2025-09-29,31.7,30.9,27.8,30.4,30.2,31.3,31.2,31.8,30.1,30.0,30.2,1.46,-0.68,57,43,5.4,19.84,0.0,-0.9994,-0.0333,29.9,30.0,30.0,station
2025-09-30,32.2,32.2,28.6,31.0,31.1,32.6,32.1,33.7,30.0,31.3,31.02,1.47,-0.92,46,59,8.5,17.22,0.3,-0.9999,-0.0161,32.9,31.7,31.7,station
2025-10-01,33.8,33.2,29.4,32.8,32.0,33.4,33.6,33.7,32.1,31.6,32.24,1.72,-0.64,52,6,11.2,19.96,0.0,-1.0,0.0011,33.4,32.2,32.2,station
2025-10-02,33.0,33.1,29.2,32.9,32.1,33.6,33.9,35.1,33.4,32.3,32.06,1.65,-1.6,49,0,10.1,20.25,0.0,-0.9998,0.0183,32.7,32.2,32.2,station
2025-10-03,31.9,32.8,29.4,32.4,32.7,32.3,32.8,34.3,32.4,32.6,31.84,1.41,-1.04,53,5,13.9,19.12,0.0,-0.9994,0.0355,33.4,32.2,32.2,station
2025-10-04,30.9,30.4,28.0,31.0,30.3,31.3,30.6,32.7,30.9,30.2,30.12,1.22,-1.02,49,0,13.4,20.35,0.0,-0.9986,0.0527,30.8,31.1,31.1,station
2025-10-05,31.6,31.7,28.6,31.5,31.2,31.7,31.8,32.5,31.8,31.6,30.92,1.31,-0.96,55,5,11.7,18.91,0.0,-0.9976,0.0698,31.7,31.1,31.1,station
2025-10-06,32.1,32.7,29.5,32.2,32.0,31.7,32.3,33.1,31.6,32.4,31.7,1.26,-0.52,55,6,10.3,18.91,0.0,-0.9962,0.087,33.5,32.8,32.8,station
2025-10-07,32.7,32.8,29.5,32.7,31.8,31.8,32.7,33.6,31.7,31.3,31.9,1.4,-0.32,57,11,11.0,17.92,1.2,-0.9946,0.1041,34.0,33.3,33.3,station
2025-10-08,31.3,31.3,29.3,31.8,32.4,31.3,31.0,32.8,31.5,31.1,31.22,1.16,-0.32,60,26,11.2,18.04,0.4,-0.9926,0.1212,32.3,32.2,32.2,station
2025-10-09,30.3,30.1,27.4,30.4,30.5,30.2,30.6,31.3,30.5,30.2,29.74,1.32,-0.82,64,19,12.7,18.41,0.0,-0.9904,0.1383,31.0,30.6,30.6,station
2025-10-10,30.9,30.3,27.8,30.5,29.2,30.4,30.3,31.0,30.2,29.0,29.74,1.25,-0.44,49,1,8.3,19.27,0.0,-0.9879,0.1553,31.2,30.6,30.6,station
2025-10-11,32.5,32.0,28.5,31.9,30.9,31.7,32.1,32.0,31.8,29.8,31.16,1.6,-0.32,45,12,10.5,19.18,0.0,-0.9851,0.1722,32.8,31.7,31.7,station
2025-10-12,32.7,32.4,28.0,32.7,31.8,32.6,32.2,33.3,32.9,30.9,31.52,2.0,-0.86,42,13,15.1,18.84,0.0,-0.9819,0.1892,33.0,32.2,32.2,station
2025-10-13,31.5,31.4,28.0,31.4,31.3,31.4,30.9,32.5,31.5,31.1,30.72,1.52,-0.76,43,5,13.0,18.41,0.0,-0.9785,0.206,32.3,31.1,31.1,station
2025-10-14,31.3,31.4,27.5,31.4,31.2,31.4,31.4,32.6,31.2,30.9,30.56,1.71,-0.94,46,7,10.5,18.32,0.0,-0.9749,0.2228,31.4,31.1,31.1,station
2025-10-15,30.1,30.4,26.9,30.5,30.1,29.8,30.7,32.0,30.7,30.0,29.6,1.52,-1.04,47,0,11.5,18.39,0.0,-0.9709,0.2396,30.5,30.0,30.0,station
2025-10-16,29.6,29.4,26.3,29.5,29.1,29.3,28.8,31.2,28.1,29.6,28.78,1.4,-0.62,48,55,11.8,14.86,0.0,-0.9666,0.2562,29.4,28.3,28.3,station
2025-10-17,31.4,31.0,26.9,31.8,31.6,31.6,30.8,31.4,31.5,31.5,30.54,2.06,-0.82,53,17,16.1,17.08,0.0,-0.9621,0.2728,32.1,30.6,30.6,station
2025-10-18,26.4,26.3,26.0,25.5,27.4,26.8,32.4,29.3,29.9,29.1,26.32,0.7,-3.18,73,34,18.2,11.33,4.5,-0.9572,0.2893,27.0,26.7,26.7,station
2025-10-19,23.4,22.3,19.9,22.9,21.6,21.6,23.2,24.6,22.3,21.8,22.02,1.36,-0.68,55,0,21.8,18.52,0.0,-0.9521,0.3057,22.4,23.9,23.9,station
2025-10-20,30.1,30.7,26.4,31.0,32.2,30.9,30.3,32.4,31.5,29.1,30.08,2.19,-0.76,55,0,21.2,17.94,0.0,-0.9467,0.3221,30.7,32.2,32.2,station
2025-10-21,25.8,26.5,22.4,26.2,26.0,25.4,26.8,28.8,26.4,26.0,25.38,1.69,-1.3,35,2,17.8,18.14,0.0,-0.941,0.3383,27.6,27.8,27.8,station
2025-10-22,27.4,27.1,23.4,27.6,26.3,26.8,26.7,28.9,26.9,26.3,26.36,1.73,-0.76,41,1,9.5,18.16,0.0,-0.9351,0.3545,26.9,27.2,27.2,station
2025-10-23,28.1,27.4,25.8,28.2,28.5,28.9,27.6,30.4,28.1,28.7,27.6,1.08,-1.14,56,95,15.2,11.95,5.1,-0.9288,0.3705,25.8,26.7,26.7,station
2025-10-24,25.5,22.9,24.7,24.6,28.4,27.7,23.0,27.4,26.5,28.2,25.22,2.01,-1.34,82,100,22.0,7.63,24.5,-0.9223,0.3864,25.5,26.1,26.1,station
2025-10-25,24.0,20.8,22.2,23.3,23.9,24.7,20.7,24.9,24.7,23.6,22.84,1.35,-0.88,88,83,21.3,6.66,19.8,-0.9155,0.4022,23.1,24.4,24.4,station
2025-10-26,22.8,22.0,21.3,23.5,22.7,22.3,22.3,25.2,24.3,22.6,22.46,0.84,-0.88,86,45,6.5,13.33,0.0,-0.9085,0.4179,23.4,21.7,21.7,station
2025-10-27,25.1,25.4,20.7,26.1,25.4,24.7,25.4,26.6,25.6,24.2,24.54,2.18,-0.76,83,13,13.9,16.08,0.0,-0.9012,0.4335,26.0,26.1,26.1,station
2025-10-28,22.8,21.9,22.3,24.2,24.8,24.9,21.5,28.8,23.2,24.5,23.2,1.25,-1.38,75,34,28.6,12.61,0.4,-0.8936,0.4489,23.4,25.6,25.6,station
2025-10-29,16.0,17.2,13.1,16.5,16.1,15.7,17.2,16.6,16.5,16.0,15.78,1.57,-0.62,47,3,30.3,16.91,0.0,-0.8857,0.4642,17.1,18.9,18.9,station
2025-10-30,17.1,18.3,15.7,18.0,18.1,17.0,18.4,18.8,16.9,17.9,17.44,1.08,-0.36,62,0,11.0,16.98,0.0,-0.8776,0.4794,17.4,19.4,19.4,station
2025-10-31,20.7,21.3,18.3,21.3,21.3,20.3,21.1,21.5,20.8,20.7,20.58,1.3,-0.3,65,36,8.9,16.01,0.0,-0.8692,0.4944,20.8,21.7,21.7,station
2025-11-01,19.4,19.3,19.6,18.9,20.2,20.3,20.4,20.8,19.9,21.0,19.48,0.48,-1.0,66,59,10.1,12.0,1.0,-0.8606,0.5093,20.0,21.1,21.1,station
2025-11-02,19.6,19.2,16.9,20.1,20.5,18.3,19.0,21.0,19.6,20.1,19.26,1.41,-0.34,56,3,11.1,16.37,0.0,-0.8517,0.524,20.3,21.7,21.7,station
2025-11-03,24.2,24.4,21.5,25.2,24.6,24.4,24.2,23.8,24.5,24.3,23.98,1.44,-0.26,53,0,13.1,16.1,0.0,-0.8426,0.5386,25.3,25.0,25.0,station
2025-11-04,24.7,24.9,21.8,25.4,25.1,23.9,24.4,25.1,25.0,24.9,24.38,1.47,-0.28,56,0,18.9,15.95,0.0,-0.8332,0.553,25.6,24.4,24.4,station
2025-11-05,27.4,26.7,24.0,28.2,28.2,27.5,26.6,27.8,27.7,28.2,26.9,1.74,-0.66,61,0,16.2,15.52,0.0,-0.8235,0.5672,27.6,27.2,27.2,station
2025-11-06,27.8,26.9,24.4,28.8,28.3,27.5,26.7,27.9,28.8,28.6,27.24,1.74,-0.66,63,10,18.2,15.22,0.0,-0.8137,0.5813,29.1,28.3,28.3,station
2025-11-07,27.4,26.6,24.6,26.5,26.8,26.8,26.6,27.0,26.7,27.4,26.38,1.05,-0.52,63,8,16.4,15.09,0.0,-0.8035,0.5952,26.7,26.7,26.7,station
2025-11-08,26.7,26.3,23.0,27.3,26.0,26.8,26.5,26.3,27.1,27.1,25.86,1.67,-0.9,58,10,18.6,15.27,0.0,-0.7932,0.609,26.6,27.2,27.2,station
2025-11-09,17.7,17.6,13.1,18.5,16.0,17.7,18.0,18.2,17.1,15.9,16.58,2.15,-0.8,36,16,20.8,15.42,0.0,-0.7826,0.6225,18.1,16.1,16.1,station
2025-11-10,13.1,11.5,9.8,11.9,11.5,12.4,10.9,12.5,12.3,11.4,11.56,1.18,-0.34,39,4,11.2,15.57,0.0,-0.7718,0.6359,12.0,12.8,12.8,station
2025-11-11,20.5,20.0,16.1,21.5,19.6,20.6,20.0,21.1,21.2,18.5,19.54,2.05,-0.74,31,0,22.4,15.22,0.0,-0.7607,0.6491,21.6,21.7,21.7,station
2025-11-12,25.0,24.4,21.5,25.5,25.4,24.0,24.2,24.8,25.2,24.6,24.36,1.66,-0.2,57,20,14.2,14.65,0.0,-0.7494,0.6621,24.7,25.0,25.0,station
2025-11-13,27.1,26.6,23.6,27.6,28.0,27.1,26.7,27.0,28.0,28.0,26.58,1.75,-0.78,67,0,15.8,14.24,0.0,-0.7379,0.6749,27.5,26.7,26.7,station
2025-11-14,28.6,27.3,24.1,28.4,28.3,27.6,27.0,27.3,28.2,28.3,27.34,1.88,-0.34,68,16,22.4,13.26,0.0,-0.7262,0.6875,27.6,27.2,27.2,station
2025-11-15,29.5,27.6,25.2,30.1,29.7,29.1,27.6,28.4,29.9,29.1,28.42,2.04,-0.4,62,14,17.7,14.09,0.0,-0.7143,0.6998,30.8,31.1,31.1,station
2025-11-16,27.3,26.1,23.2,26.4,29.4,28.3,26.0,30.4,26.9,27.0,26.48,2.24,-1.24,61,10,12.0,13.87,0.0,-0.7021,0.712,27.0,27.2,27.2,station
2025-11-17,29.3,28.1,26.2,30.5,30.1,29.4,27.8,30.9,30.3,29.6,28.84,1.74,-0.76,69,19,17.3,13.06,0.0,-0.6898,0.724,30.3,30.0,30.0,station
2025-11-18,30.3,29.1,27.0,30.9,31.1,29.8,28.9,29.6,31.1,30.6,29.68,1.69,-0.32,67,63,17.4,12.2,0.0,-0.6772,0.7358,30.3,30.6,30.6,station
2025-11-19,28.3,27.4,26.4,28.8,29.4,28.2,26.7,28.0,29.0,29.5,28.06,1.18,-0.22,73,99,11.7,10.63,0.7,-0.6645,0.7473,28.0,28.3,28.3,station
2025-11-20,24.2,23.5,22.5,23.7,23.1,22.2,23.0,23.5,23.2,22.5,23.4,0.64,0.52,92,97,18.3,3.02,63.6,-0.6515,0.7586,24.0,23.3,23.3,station
2025-11-21,24.3,22.9,21.8,24.9,22.5,23.3,23.7,25.1,25.4,22.9,23.28,1.29,-0.8,80,27,9.9,12.89,0.0,-0.6384,0.7697,24.1,26.1,26.1,station
2025-11-22,17.4,16.5,14.9,18.2,17.5,17.3,17.5,20.4,19.8,17.5,16.9,1.27,-1.6,76,30,10.7,12.81,0.0,-0.625,0.7806,17.3,18.9,18.9,station
2025-11-23,18.6,17.4,16.6,18.8,19.7,19.2,17.3,20.5,19.1,19.1,18.22,1.22,-0.82,83,66,10.7,12.79,42.8,-0.6115,0.7912,18.4,20.6,20.6,station
2025-11-24,22.9,18.3,18.3,22.8,20.7,22.7,17.6,21.8,23.9,20.5,20.6,2.28,-0.7,93,85,16.0,3.66,43.7,-0.5978,0.8016,18.5,16.7,16.7,station
2025-11-25,19.2,18.1,16.9,19.3,18.7,19.2,18.6,20.9,21.5,18.9,18.44,0.98,-1.38,84,40,14.5,13.13,0.0,-0.584,0.8118,19.4,21.1,21.1,station
2025-11-26,13.4,12.7,11.5,14.3,11.7,13.4,13.2,14.6,14.3,10.9,12.72,1.17,-0.56,57,0,15.3,13.65,0.0,-0.5699,0.8217,13.6,15.0,15.0,station
2025-11-27,14.6,15.0,13.1,15.7,15.7,15.3,14.6,14.3,14.6,13.9,14.82,1.07,0.28,63,32,7.3,13.31,0.0,-0.5557,0.8314,15.0,16.7,16.7,station
2025-11-28,14.8,15.5,13.7,13.5,15.5,14.9,14.3,12.6,13.8,14.6,14.6,0.96,0.56,66,99,22.0,6.22,9.8,-0.5413,0.8408,14.5,16.7,16.7,station
2025-11-29,20.4,16.1,20.6,21.7,21.1,22.1,16.9,19.1,22.6,22.3,19.98,2.23,-0.62,82,86,22.9,6.5,8.8,-0.5268,0.85,19.4,19.4,19.4,station
2025-11-30,8.0,7.1,5.1,8.9,5.0,8.2,6.7,7.7,8.3,4.9,6.82,1.74,-0.34,62,99,19.9,10.49,0.0,-0.5121,0.859,7.4,6.1,6.1,station
2025-12-01,7.2,4.8,4.4,5.9,5.2,5.9,4.5,6.3,6.6,3.7,5.5,1.1,0.1,82,97,12.2,2.45,18.8,-0.4972,0.8676,4.6,3.9,3.9,station
2025-12-02,8.4,6.8,7.8,8.8,7.6,9.1,7.2,11.2,9.1,8.4,7.88,0.77,-1.12,76,1,10.8,13.13,0.0,-0.4822,0.8761,8.1,10.0,10.0,station
2025-12-03,16.0,12.8,12.6,13.8,15.7,16.3,12.8,17.2,14.2,15.9,14.18,1.59,-1.1,79,26,14.6,12.56,0.0,-0.4671,0.8842,14.4,14.4,14.4,station
2025-12-04,9.4,9.9,10.6,10.1,8.7,10.2,10.2,12.5,9.9,8.2,9.74,0.72,-0.46,84,100,15.2,3.36,1.0,-0.4518,0.8921,8.4,7.8,7.8,station
2025-12-05,11.0,8.3,9.6,11.6,11.0,11.0,9.0,10.5,12.1,12.8,10.3,1.34,-0.78,81,97,10.5,10.54,0.0,-0.4364,0.8998,10.7,11.7,11.7,station
2025-12-06,16.0,12.0,13.5,12.1,17.2,16.3,11.5,16.4,11.2,14.9,14.16,2.34,0.1,90,47,10.8,7.44,0.0,-0.4208,0.9071,11.8,11.7,11.7,station
2025-12-07,12.6,10.9,12.7,11.7,14.9,13.6,11.2,13.7,13.8,15.2,12.56,1.5,-0.94,85,40,20.0,5.78,0.0,-0.4052,0.9142,10.5,12.2,12.2,station
2025-12-08,9.3,7.4,8.7,9.2,10.5,9.3,6.8,12.7,10.7,11.7,9.02,1.12,-1.22,79,4,11.2,12.28,0.0,-0.3894,0.9211,9.5,11.7,11.7,station
2025-12-09,16.5,15.6,14.3,16.2,16.6,16.5,14.7,16.8,15.0,16.2,15.84,0.94,0.0,64,4,17.6,12.69,0.0,-0.3735,0.9276,16.7,18.3,18.3,station
2025-12-10,17.0,18.0,14.8,17.3,18.2,17.1,18.0,16.5,16.1,18.1,17.06,1.36,-0.1,56,10,17.5,12.38,0.0,-0.3575,0.9339,17.1,18.3,18.3,station
2025-12-11,17.5,17.6,15.0,18.8,17.3,17.3,17.0,17.0,18.2,17.1,17.24,1.38,-0.08,55,30,13.8,12.58,0.0,-0.3413,0.9399,17.7,18.9,18.9,station
2025-12-12,17.7,18.6,17.9,19.9,21.3,18.1,18.8,19.8,19.7,20.3,19.08,1.51,-0.26,63,3,10.8,12.35,0.0,-0.3251,0.9457,19.1,20.6,20.6,station
2025-12-13,16.7,16.6,15.2,19.4,20.8,18.5,16.6,17.4,22.7,22.0,17.74,2.29,-1.7,79,55,19.7,5.74,0.1,-0.3088,0.9511,13.8,15.0,15.0,station
2025-12-14,10.1,8.9,9.8,11.8,13.1,13.0,10.3,13.7,14.4,14.6,10.74,1.69,-2.46,64,60,20.3,9.5,0.0,-0.2924,0.9563,8.9,6.7,6.7,station
2025-12-15,9.9,8.5,8.2,9.3,9.1,10.7,8.3,12.7,11.0,9.8,9.0,0.67,-1.5,53,28,9.8,12.28,0.0,-0.2759,0.9612,9.1,11.1,11.1,station
2025-12-16,14.0,14.3,13.7,13.3,15.0,16.4,14.1,15.5,15.2,16.8,14.06,0.64,-1.54,55,92,16.1,6.98,0.2,-0.2593,0.9658,14.4,16.1,16.1,station
2025-12-17,17.9,17.0,15.7,18.7,18.9,18.4,16.3,17.9,19.6,20.4,17.64,1.32,-0.88,85,100,14.5,4.11,0.4,-0.2427,0.9701,17.8,17.8,17.8,station
2025-12-18,19.0,20.4,16.8,20.7,20.2,18.3,20.3,20.3,20.5,19.7,19.42,1.6,-0.4,62,34,23.0,12.22,0.3,-0.226,0.9741,20.2,21.1,21.1,station
2025-12-19,17.1,16.2,13.4,17.5,15.7,16.7,16.5,17.3,15.9,16.7,15.98,1.61,-0.64,39,11,17.1,12.41,0.0,-0.2092,0.9779,17.6,17.8,17.8,station
2025-12-20,24.8,23.7,21.6,25.1,26.4,23.6,23.8,24.2,23.5,24.7,24.32,1.8,0.36,57,3,18.4,12.26,0.0,-0.1923,0.9813,26.1,27.2,27.2,station
2025-12-21,15.6,15.8,14.2,17.6,16.8,15.9,15.8,17.0,15.5,19.3,16.0,1.29,-0.7,72,78,14.3,3.72,0.6,-0.1754,0.9845,17.5,16.7,16.7,station
2025-12-22,24.2,21.8,19.3,24.9,24.9,23.3,20.9,22.8,24.5,24.9,23.02,2.44,-0.26,73,43,17.5,10.05,0.0,-0.1585,0.9874,23.4,23.3,23.3,station
2025-12-23,24.3,24.2,22.9,26.7,27.3,23.6,24.8,26.4,26.4,27.9,25.08,1.85,-0.74,78,40,18.4,8.41,0.3,-0.1414,0.9899,27.3,26.7,26.7,station
2025-12-24,25.6,23.1,21.3,25.6,26.9,23.7,22.8,25.6,25.4,26.8,24.5,2.26,-0.36,73,11,15.0,11.06,0.0,-0.1244,0.9922,26.2,25.6,25.6,station
2025-12-25,27.0,24.5,22.5,26.7,27.2,26.4,23.8,26.5,26.2,27.2,25.58,2.03,-0.44,73,15,17.6,11.47,0.0,-0.1073,0.9942,25.4,26.1,26.1,station
2025-12-26,27.9,26.7,25.9,29.2,28.2,28.1,27.1,28.1,29.3,28.7,27.58,1.29,-0.68,66,2,14.0,11.85,0.0,-0.0902,0.9959,28.7,30.0,30.0,station
2025-12-27,27.5,25.9,24.5,27.8,28.7,27.7,26.2,26.0,27.0,28.5,26.88,1.67,-0.2,71,33,18.2,11.6,0.0,-0.073,0.9973,27.6,26.7,26.7,station
2025-12-28,28.0,25.8,23.4,28.1,27.2,27.2,25.3,25.5,27.5,28.3,26.5,1.96,-0.26,62,53,31.0,10.42,0.0,-0.0559,0.9984,28.8,28.9,28.9,station
2025-12-29,8.4,7.6,4.5,6.3,7.0,8.0,6.9,9.4,5.9,6.2,6.76,1.48,-0.52,42,57,22.8,11.31,0.0,-0.0387,0.9993,6.2,6.1,6.1,station
2025-12-30,9.7,9.3,9.6,11.3,9.4,11.0,9.3,11.9,10.8,9.5,9.86,0.82,-0.64,43,8,11.0,12.9,0.0,-0.0215,0.9998,10.4,11.7,11.7,station
2025-12-31,16.7,16.8,15.9,17.5,18.1,16.1,17.3,18.3,18.1,16.0,17.0,0.84,-0.16,41,7,8.8,12.63,0.0,-0.0043,1.0,18.6,,,
2026-01-01,20.7,19.8,18.4,20.3,19.4,20.4,19.8,20.6,19.9,17.7,19.72,0.89,0.04,44,87,14.7,11.01,0.0,0.0172,0.9999,21.9,21.1,21.1,station
2026-01-02,23.1,24.5,18.9,22.5,24.4,21.0,24.5,21.8,21.7,21.1,22.68,2.28,0.66,40,3,12.4,12.41,0.0,0.0344,0.9994,24.5,24.4,24.4,station
2026-01-03,17.3,15.1,14.7,16.8,18.3,17.0,14.6,19.8,16.9,20.7,16.44,1.51,-1.36,59,0,14.4,12.39,0.0,0.0516,0.9987,17.1,17.8,17.8,station
2026-01-04,17.9,15.2,14.3,16.6,17.9,18.0,14.3,19.0,17.0,18.4,16.38,1.61,-0.96,60,79,12.3,10.06,0.0,0.0688,0.9976,17.0,17.2,17.2,station
2026-01-05,21.6,19.5,17.9,22.9,24.7,22.4,19.2,22.2,23.6,23.6,21.32,2.69,-0.88,75,57,22.0,9.87,0.0,0.0859,0.9963,21.3,21.1,21.1,station
2026-01-06,23.5,22.3,19.5,24.0,23.1,23.9,22.1,24.2,23.6,22.8,22.48,1.78,-0.84,49,39,14.2,12.88,0.0,0.103,0.9947,24.0,25.0,25.0,station
2026-01-07,24.8,24.0,20.4,25.0,23.9,25.0,23.3,26.2,24.2,24.7,23.62,1.86,-1.06,47,87,16.9,11.6,0.0,0.1201,0.9928,26.5,26.7,26.7,station
2026-01-08,26.9,25.0,22.2,26.7,27.7,26.4,24.6,24.3,26.4,26.1,25.7,2.19,0.14,58,86,25.6,9.22,0.9,0.1372,0.9905,26.7,26.1,26.1,station
2026-01-09,19.4,16.7,16.6,19.3,23.3,18.5,16.4,21.5,18.1,22.3,19.06,2.73,-0.3,55,82,9.2,9.55,0.0,0.1542,0.988,20.5,21.1,21.1,station
2026-01-10,14.1,11.4,10.7,12.6,12.7,12.9,11.9,17.3,12.7,11.7,12.3,1.31,-1.0,50,14,25.6,12.99,0.0,0.1712,0.9852,14.7,12.2,12.2,station
2026-01-11,14.8,14.1,12.7,14.2,14.7,14.8,14.0,15.3,14.2,14.6,14.1,0.84,-0.48,38,34,13.2,13.22,0.0,0.1881,0.9821,15.6,16.1,16.1,station
2026-01-12,16.8,16.2,14.7,17.1,15.5,16.5,16.7,15.7,16.1,14.6,16.06,0.98,0.14,43,65,7.8,12.73,0.0,0.205,0.9788,17.7,18.3,18.3,station
2026-01-13,17.5,17.0,17.1,19.4,18.6,14.9,17.3,16.6,16.6,16.9,17.92,1.04,1.46,45,65,15.9,11.94,0.0,0.2218,0.9751,18.6,18.9,18.9,station
2026-01-14,15.6,16.9,13.0,15.7,16.1,15.1,17.3,15.8,16.8,14.6,15.46,1.47,-0.46,51,49,28.9,12.26,0.0,0.2385,0.9711,16.2,16.7,16.7,station
2026-01-15,14.6,13.1,11.5,13.9,15.1,14.3,13.4,15.2,13.2,15.2,13.64,1.41,-0.62,48,3,15.3,13.48,0.0,0.2552,0.9669,14.6,14.4,14.4,station
2026-01-16,14.3,14.5,11.4,14.7,16.1,15.3,14.6,15.7,16.2,14.2,14.2,1.72,-1.0,40,9,21.9,13.51,0.0,0.2718,0.9624,14.3,15.0,15.0,station
2026-01-17,7.8,6.9,5.5,6.6,6.0,7.9,7.0,10.4,7.1,6.7,6.56,0.88,-1.26,27,59,15.7,9.37,0.0,0.2883,0.9575,8.8,6.1,6.1,station
2026-01-18,15.0,14.1,11.6,16.4,15.3,13.4,13.6,16.2,15.4,13.9,14.48,1.81,-0.02,37,0,10.5,14.07,0.0,0.3047,0.9524,14.7,16.1,16.1,station
2026-01-19,10.7,11.7,10.1,12.6,12.8,9.5,10.3,10.6,10.8,12.4,11.58,1.17,0.86,39,51,17.3,13.93,0.0,0.3211,0.9471,12.1,11.7,11.7,station
2026-01-20,12.2,12.8,10.7,13.9,13.2,12.8,13.5,13.0,14.1,12.9,12.56,1.21,-0.7,36,47,13.0,13.59,0.0,0.3373,0.9414,12.8,12.2,12.2,station
2026-01-21,17.7,14.9,15.1,18.1,18.7,15.8,15.4,16.0,18.0,16.9,16.9,1.77,0.48,70,72,14.2,9.43,1.8,0.3534,0.9355,17.2,18.3,18.3,station
2026-01-22,15.9,14.3,11.9,14.3,17.0,16.6,13.7,16.5,14.3,17.1,14.68,1.93,-0.96,76,89,11.1,9.63,0.0,0.3695,0.9292,12.3,11.7,11.7,station
2026-01-23,10.7,11.1,10.0,10.8,9.8,11.1,11.2,13.4,11.3,10.9,10.48,0.55,-1.1,86,100,21.7,2.09,14.5,0.3854,0.9227,11.1,11.7,11.7,station
2026-01-24,2.0,1.4,0.1,2.1,1.2,2.6,1.5,0.9,2.3,1.1,1.36,0.8,-0.32,85,100,19.1,1.89,13.3,0.4012,0.916,2.0,0.6,0.6,station
2026-01-25,-3.6,-6.1,-7.2,-6.7,-5.1,-3.7,-6.0,-5.2,-7.3,-6.0,-5.74,1.43,-0.1,81,97,21.5,8.6,8.8,0.4169,0.9089,-6.2,-6.1,-6.1,station
2026-01-26,-1.6,-3.1,-3.0,-1.7,-2.1,-0.2,-3.6,-4.1,-2.3,-3.5,-2.3,0.71,0.44,71,15,11.6,15.15,0.0,0.4325,0.9016,-1.6,0.0,0.0,station
2026-01-27,3.8,4.2,2.1,4.2,1.6,6.6,2.8,0.8,4.3,0.9,3.18,1.24,0.1,76,67,10.5,11.91,0.0,0.4479,0.8941,3.4,5.0,5.0,station
2026-01-28,5.5,8.5,4.9,8.2,3.3,4.6,7.7,6.8,8.2,2.5,6.08,2.23,0.12,83,41,7.6,14.68,0.0,0.4633,0.8862,7.1,9.4,9.4,station
2026-01-29,10.9,13.6,12.7,13.7,10.1,11.7,13.8,13.8,14.0,8.4,12.2,1.62,-0.14,72,45,18.8,15.29,0.0,0.4784,0.8781,11.8,15.0,15.0,station
2026-01-30,6.4,8.2,7.3,8.6,6.7,5.7,9.1,9.3,9.7,5.0,7.44,0.94,-0.32,69,46,15.2,15.26,0.0,0.4935,0.8698,7.5,8.9,8.9,station
2026-01-31,-0.4,2.9,0.3,1.6,-0.8,-1.0,3.9,3.2,2.7,-1.2,0.72,1.52,-0.8,59,32,20.4,15.74,0.0,0.5084,0.8611,1.0,0.6,0.6,station
2026-02-01,9.4,10.2,10.9,10.7,11.0,8.9,10.9,12.1,10.5,10.3,10.44,0.66,-0.1,55,8,9.9,15.69,0.0,0.5231,0.8523,8.5,10.6,10.6,station
2026-02-02,16.9,18.6,16.8,17.9,19.8,17.7,18.1,17.5,18.0,20.2,18.0,1.25,-0.3,68,53,14.8,15.17,0.0,0.5377,0.8432,18.6,21.1,21.1,station
2026-02-03,15.7,17.6,16.6,18.2,18.9,15.0,16.7,15.6,17.3,18.4,17.4,1.27,0.8,75,53,15.2,12.9,0.4,0.5521,0.8338,17.8,19.4,19.4,station
2026-02-04,10.6,13.5,11.0,12.3,13.2,11.4,13.6,14.6,12.5,12.5,12.12,1.29,-0.8,68,41,20.4,13.76,0.0,0.5664,0.8242,12.2,12.8,12.8,station
2026-02-05,17.9,19.8,15.7,20.7,18.9,17.3,19.5,17.4,19.3,17.8,18.6,1.93,0.34,67,0,13.9,16.14,0.0,0.5805,0.8143,18.9,21.1,21.1,station
2026-02-06,23.6,25.9,21.8,26.6,25.5,22.2,25.1,23.0,26.4,24.9,24.68,1.96,0.36,54,0,9.5,16.17,0.0,0.5944,0.8042,25.9,28.3,28.3,station
2026-02-07,20.1,21.5,17.8,21.9,23.0,19.3,21.7,20.1,22.2,21.2,20.86,2.0,-0.04,52,31,10.2,16.21,0.0,0.6081,0.7938,21.7,22.8,22.8,station
2026-02-08,22.9,24.2,20.6,24.5,25.6,22.0,23.0,23.0,23.7,24.7,23.56,1.91,0.28,53,86,12.3,9.24,0.2,0.6217,0.7833,25.5,26.1,26.1,station
2026-02-09,27.7,25.9,24.3,26.2,28.1,26.7,25.0,24.9,26.3,27.2,26.44,1.52,0.42,58,94,15.7,13.72,0.0,0.6351,0.7725,26.3,28.9,28.9,station
2026-02-10,22.2,22.3,23.2,22.6,24.7,23.4,22.5,24.5,24.0,25.2,23.0,1.03,-0.92,68,99,18.5,5.73,4.2,0.6483,0.7614,22.7,23.3,23.3,station
2026-02-11,17.8,17.7,16.5,17.4,18.6,17.9,17.2,20.0,18.2,20.9,17.6,0.76,-1.24,63,22,11.8,16.61,0.1,0.6613,0.7502,17.5,18.9,18.9,station
2026-02-12,22.7,23.2,19.3,23.3,24.0,23.2,24.0,23.1,23.4,24.2,22.5,1.85,-1.08,66,17,9.5,16.68,0.0,0.6741,0.7387,22.6,23.9,23.9,station
2026-02-13,26.8,25.8,22.9,26.7,27.2,26.5,26.2,25.4,26.4,25.3,25.88,1.74,-0.08,66,82,17.1,11.91,0.0,0.6867,0.727,25.1,25.0,25.0,station
2026-02-14,20.4,21.3,18.4,20.5,22.0,20.0,21.2,20.6,20.6,21.3,20.52,1.35,-0.22,88,100,19.3,4.32,9.3,0.6991,0.715,19.9,20.0,20.0,station
2026-02-15,18.4,17.9,15.9,19.2,17.1,18.2,17.8,19.8,19.3,16.1,17.7,1.26,-0.54,77,51,21.6,13.36,0.8,0.7113,0.7029,18.4,20.6,20.6,station
2026-02-16,21.5,21.1,16.6,21.2,19.0,22.3,20.9,22.5,22.2,20.0,19.88,2.08,-1.7,80,17,14.1,17.77,0.0,0.7233,0.6906,20.2,21.1,21.1,station
2026-02-17,23.1,22.8,19.8,23.4,24.6,22.8,22.4,24.1,22.5,23.6,22.74,1.78,-0.34,77,74,22.1,14.41,0.0,0.735,0.678,23.7,25.0,25.0,station
2026-02-18,23.2,22.4,21.7,25.3,25.4,23.1,22.0,25.6,22.7,22.5,23.6,1.68,0.42,61,58,18.4,15.15,0.0,0.7466,0.6653,23.1,25.0,25.0,station
2026-02-19,23.5,24.7,19.3,23.7,24.8,23.2,25.1,25.1,25.2,24.7,23.2,2.26,-1.46,63,26,16.0,17.68,0.0,0.7579,0.6523,23.6,25.6,25.6,station
2026-02-20,14.5,14.7,14.4,15.3,17.6,17.1,14.3,18.7,16.5,21.7,15.3,1.33,-2.36,51,52,13.6,13.42,0.0,0.769,0.6392,15.1,16.1,16.1,station
2026-02-21,15.0,14.7,13.1,14.6,16.0,14.7,13.7,18.0,14.8,18.2,14.68,1.04,-1.2,53,19,22.3,18.68,0.0,0.7799,0.6259,15.2,16.7,16.7,station
2026-02-22,12.9,12.8,10.9,13.1,13.2,12.8,11.8,13.3,14.3,14.2,12.58,0.95,-0.7,50,4,13.1,19.01,0.0,0.7906,0.6124,12.7,14.4,14.4,station
2026-02-23,13.2,14.3,12.4,15.1,14.5,13.1,14.0,13.5,14.5,14.7,13.9,1.08,-0.06,40,3,7.3,19.39,0.0,0.801,0.5987,14.5,15.6,15.6,station
2026-02-24,22.1,23.0,17.0,22.2,23.0,21.7,23.0,21.0,22.1,22.5,21.46,2.53,-0.6,37,45,25.8,19.25,0.0,0.8112,0.5848,22.3,21.7,21.7,station
2026-02-25,28.6,27.4,24.0,28.2,29.6,28.2,28.0,27.4,29.2,29.0,27.56,2.14,-0.8,58,87,18.9,18.23,0.0,0.8211,0.5708,26.8,26.7,26.7,station
2026-02-26,27.0,27.1,23.7,28.1,28.0,27.3,26.9,26.1,26.3,29.0,26.78,1.79,-0.34,64,36,12.2,15.73,0.0,0.8308,0.5566,27.5,27.8,27.8,station
2026-02-27,25.9,26.3,23.2,27.2,25.3,25.0,26.0,25.7,28.0,27.7,25.58,1.5,-0.9,35,7,9.0,19.65,0.0,0.8402,0.5422,26.9,27.8,27.8,station
2026-02-28,29.1,28.4,23.7,29.0,28.4,28.6,27.8,27.2,28.5,28.9,27.72,2.27,-0.48,36,24,16.5,18.59,0.1,0.8495,0.5277,29.2,28.3,28.3,station
2026-03-01,27.1,26.3,21.8,27.1,28.4,27.2,26.4,27.3,27.1,28.8,26.14,2.54,-1.22,57,72,19.7,14.36,0.0,0.8584,0.513,27.7,27.2,27.2,station
2026-03-02,27.9,23.5,23.1,26.4,28.8,27.1,24.3,25.5,27.9,28.7,25.94,2.56,-0.76,59,62,15.5,13.09,0.0,0.8671,0.4981,27.0,27.8,27.8,station
2026-03-03,29.5,29.0,23.5,29.7,29.8,28.7,28.4,29.1,29.6,30.7,28.3,2.7,-1.0,61,72,25.4,16.2,0.2,0.8755,0.4831,29.0,28.9,28.9,station
2026-03-04,27.7,25.2,25.3,28.6,28.8,27.7,24.5,23.9,26.3,29.1,27.12,1.76,0.82,74,86,22.0,11.73,2.3,0.8837,0.468,26.4,27.2,27.2,station
2026-03-05,25.4,27.2,23.5,26.5,26.8,26.8,26.5,24.8,24.8,28.5,25.88,1.49,-0.4,74,82,24.3,14.72,5.2,0.8916,0.4527,27.3,27.2,27.2,station
2026-03-06,25.3,26.4,22.4,26.3,27.1,26.1,26.2,24.0,27.0,27.3,25.5,1.85,-0.62,78,80,29.4,13.08,31.5,0.8993,0.4373,27.5,28.3,28.3,station
2026-03-07,20.7,21.9,20.5,21.0,20.7,19.7,22.0,20.6,20.9,20.9,20.96,0.55,0.14,86,92,21.6,9.44,67.8,0.9067,0.4218,20.5,23.9,23.9,station
2026-03-08,20.5,21.2,19.2,22.6,19.1,20.7,21.5,22.5,22.2,19.7,20.52,1.46,-0.8,78,47,16.0,18.87,0.0,0.9138,0.4061,21.2,23.9,23.9,station
2026-03-09,26.0,25.5,24.4,29.0,28.3,26.5,27.5,25.6,27.6,24.8,26.64,1.94,0.24,81,75,20.6,13.85,0.4,0.9207,0.3904,27.5,28.9,28.9,station
2026-03-10,25.9,25.7,24.6,26.1,26.4,25.4,25.5,25.7,26.1,28.6,25.74,0.69,-0.52,84,96,22.2,10.73,3.0,0.9272,0.3745,26.9,27.8,27.8,station
2026-03-11,23.6,21.0,21.1,26.0,23.4,25.5,21.0,24.6,26.0,24.5,23.02,2.07,-1.3,73,53,28.3,15.82,33.4,0.9335,0.3585,23.4,24.4,24.4,station
2026-03-12,16.5,16.8,14.2,17.1,15.8,16.1,16.7,18.1,17.9,15.6,16.08,1.16,-0.8,54,0,18.9,22.44,0.0,0.9396,0.3424,15.0,17.2,17.2,station
2026-03-13,22.5,24.1,20.7,24.1,24.4,22.5,24.0,23.6,24.3,24.0,23.16,1.56,-0.52,54,0,15.4,21.89,0.0,0.9453,0.3261,23.2,24.4,24.4,station
2026-03-14,24.9,25.4,22.2,26.6,28.7,24.2,24.7,26.0,26.4,29.1,25.56,2.38,-0.52,69,34,21.4,21.26,0.0,0.9508,0.3098,25.6,27.2,27.2,station
2026-03-15,27.4,27.9,23.6,27.0,29.7,26.6,27.3,29.6,28.1,30.9,27.12,2.22,-1.38,60,67,33.7,20.93,0.0,0.956,0.2934,27.8,29.4,29.4,station
2026-03-16,8.4,8.7,7.5,9.0,9.6,8.7,9.6,10.4,9.7,9.4,8.64,0.78,-0.92,38,55,24.8,20.63,0.7,0.9609,0.2769,7.6,8.9,8.9,station
2026-03-17,16.4,16.6,14.7,16.6,16.7,16.9,16.9,16.5,16.6,16.5,16.2,0.85,-0.48,42,49,20.1,22.37,0.0,0.9655,0.2604,16.4,17.2,17.2,station
2026-03-18,23.0,23.6,20.6,23.6,24.5,23.5,24.1,22.8,23.9,25.1,23.06,1.48,-0.82,41,69,15.0,21.75,0.0,0.9698,0.2437,23.0,23.3,23.3,station
2026-03-19,29.0,29.2,25.8,30.0,29.8,30.2,29.5,28.0,29.8,30.6,28.76,1.71,-0.86,46,6,17.0,22.34,0.0,0.9739,0.227,29.7,30.0,30.0,station
2026-03-20,31.7,31.6,28.4,32.7,31.8,32.1,31.3,31.9,32.8,32.1,31.24,1.65,-0.8,44,0,14.3,22.56,0.0,0.9777,0.2102,32.0,31.7,31.7,station
2026-03-21,33.8,32.7,28.5,34.2,33.6,34.2,32.8,33.0,34.9,34.1,32.56,2.34,-1.24,46,0,17.5,22.73,0.0,0.9811,0.1934,33.4,32.8,32.8,station
2026-03-22,34.6,32.4,27.5,35.3,33.1,35.1,32.3,32.9,36.4,33.8,32.58,3.07,-1.52,39,5,22.5,23.12,0.0,0.9843,0.1765,34.2,33.9,33.9,station
2026-03-23,25.4,25.7,23.3,25.7,29.2,26.6,25.2,26.1,25.6,32.2,25.86,2.12,-1.28,47,34,14.4,22.46,0.0,0.9872,0.1595,26.9,26.7,26.7,station
2026-03-24,30.6,28.5,26.3,29.2,29.3,30.8,28.8,27.6,29.4,30.4,28.78,1.58,-0.62,51,45,13.9,21.74,0.0,0.9898,0.1425,29.0,28.3,28.3,station
2026-03-25,30.8,29.5,25.7,30.8,30.1,31.2,30.1,30.2,30.8,30.9,29.38,2.13,-1.26,60,43,18.2,21.11,0.0,0.9921,0.1255,29.7,28.9,28.9,station
2026-03-26,31.1,29.7,26.1,31.0,30.4,31.4,30.1,30.1,32.0,30.8,29.66,2.07,-1.22,59,6,21.0,22.23,0.0,0.9941,0.1084,30.2,29.4,29.4,station
2026-03-27,26.2,24.0,22.5,24.7,27.6,27.5,24.2,28.0,25.7,29.2,25.0,1.97,-1.92,68,52,21.2,9.86,1.1,0.9958,0.0913,24.6,23.3,23.3,station
2026-03-28,18.6,15.7,14.4,13.7,18.8,20.3,16.0,14.5,16.2,20.2,16.24,2.36,-1.2,55,87,18.6,8.12,0.6,0.9972,0.0741,16.0,13.9,13.9,station
2026-03-29,28.0,28.1,24.1,27.1,26.9,28.3,27.6,27.0,28.1,27.4,26.84,1.62,-0.84,50,1,20.9,23.54,0.0,0.9984,0.057,27.6,27.8,27.8,station
2026-03-30,29.7,28.5,24.8,30.1,28.8,29.4,28.8,29.3,29.9,28.4,28.38,2.1,-0.78,57,35,22.3,20.1,0.0,0.9992,0.0398,29.1,28.3,28.3,station
2026-03-31,30.8,29.6,25.4,30.5,29.9,30.6,29.5,28.9,30.5,29.0,29.24,2.2,-0.46,54,74,23.4,22.01,0.0,0.9997,0.0226,30.9,29.4,29.4,station
2026-04-01,30.2,29.3,26.6,31.4,31.4,31.5,28.9,30.2,32.1,31.0,29.78,1.99,-0.96,60,88,25.2,16.36,0.4,1.0,0.0054,30.6,30.0,30.0,station
2026-04-02,26.3,26.9,25.9,28.6,27.5,27.9,26.6,28.1,29.9,28.0,27.04,1.06,-1.06,72,64,23.7,19.99,16.6,0.9999,-0.0118,27.3,27.8,27.8,station
2026-04-03,26.9,26.9,25.3,28.6,28.6,27.5,26.9,27.8,27.5,28.6,27.26,1.39,-0.4,78,80,23.8,15.31,6.7,0.9996,-0.029,27.7,28.3,28.3,station
2026-04-04,21.7,23.2,21.3,21.8,25.5,21.8,23.2,23.5,21.5,24.6,22.7,1.72,-0.22,76,80,30.8,12.99,22.4,0.9989,-0.0462,21.6,23.3,23.3,station
2026-04-05,19.4,20.7,18.3,21.2,19.0,19.7,21.4,20.8,20.7,19.2,19.72,1.2,-0.64,58,84,14.1,22.97,0.0,0.998,-0.0634,19.4,21.1,21.1,station
2026-04-06,19.6,22.2,19.7,20.9,21.7,20.0,22.5,21.2,20.6,20.7,20.82,1.16,-0.18,57,18,9.8,25.68,0.0,0.9968,-0.0805,20.9,22.2,22.2,station
2026-04-07,21.0,22.3,20.6,22.8,21.8,20.6,23.3,21.2,21.6,21.5,21.7,0.91,0.06,59,100,11.0,21.58,0.0,0.9952,-0.0977,21.2,22.2,22.2,station
2026-04-08,23.8,25.7,23.0,24.6,26.0,23.0,24.6,24.3,25.5,25.7,24.62,1.26,0.0,60,54,14.3,21.05,0.0,0.9934,-0.1148,25.2,25.6,25.6,station
2026-04-09,26.5,26.9,24.4,26.5,27.8,25.2,23.9,27.0,28.0,28.3,26.42,1.25,-0.06,65,26,15.3,22.49,0.3,0.9913,-0.1319,26.8,26.1,26.1,station
2026-04-10,26.6,26.4,24.7,,27.9,26.7,24.2,26.4,27.6,28.8,26.4,1.31,-0.34,73,55,15.0,17.28,0.6,0.9889,-0.1489,27.1,27.8,27.8,station
2026-04-11,26.0,25.7,23.3,,27.8,26.3,23.5,25.7,26.0,28.7,25.7,1.85,-0.34,80,78,20.0,14.5,3.1,0.9861,-0.1659,25.9,26.7,26.7,station
2026-04-12,23.4,23.3,22.7,,25.4,22.6,23.3,24.1,24.6,24.4,23.7,1.17,-0.1,88,100,24.3,7.78,13.5,0.9831,-0.1828,23.4,22.8,22.8,station
2026-04-13,27.7,28.3,27.0,30.7,27.2,28.2,28.4,26.3,32.1,25.6,28.18,1.5,0.06,80,72,22.6,17.49,0.9,0.9799,-0.1997,28.4,28.3,28.3,station
2026-04-14,26.9,27.3,23.7,27.4,27.5,26.6,27.4,25.6,27.7,27.1,26.56,1.61,-0.32,80,92,20.7,13.37,0.8,0.9763,-0.2165,26.1,26.7,26.7,station
2026-04-15,26.7,24.7,24.3,27.0,26.1,25.1,24.0,25.2,25.9,24.3,25.76,1.2,0.86,83,87,21.6,13.04,21.9,0.9724,-0.2333,25.0,26.1,26.1,station
2026-04-16,28.0,29.4,27.0,29.6,28.6,27.6,28.9,30.8,29.5,30.2,28.52,1.06,-0.88,80,37,18.2,19.2,2.0,0.9683,-0.25,27.6,29.4,29.4,station
2026-04-17,27.9,27.8,25.0,29.3,30.7,28.7,27.5,28.9,29.2,30.1,28.14,2.12,-0.74,73,59,23.8,14.43,0.3,0.9638,-0.2666,27.5,28.3,28.3,station
2026-04-18,24.4,25.1,21.5,24.8,27.9,24.2,24.8,23.6,24.9,28.0,24.74,2.28,-0.36,75,93,29.2,8.24,24.6,0.9591,-0.2831,23.5,23.9,23.9,station
2026-04-19,20.5,22.1,19.6,20.9,21.0,20.8,22.1,21.9,22.0,20.5,20.82,0.9,-0.64,63,48,9.6,27.42,0.0,0.9541,-0.2996,20.6,22.2,22.2,station
2026-04-20,21.9,21.7,20.6,21.7,23.2,22.4,22.6,21.5,22.0,23.1,21.82,0.93,-0.5,62,95,13.6,23.22,0.0,0.9488,-0.316,21.3,21.1,21.1,station
2026-04-21,19.5,16.2,17.6,16.2,16.6,20.1,18.0,15.8,15.5,17.3,17.22,1.4,-0.12,87,97,22.2,8.63,21.5,0.9432,-0.3322,18.7,17.2,17.2,station
2026-04-22,24.2,24.8,23.7,25.9,23.8,23.9,25.1,25.0,26.8,24.5,24.48,0.9,-0.58,87,76,16.7,13.36,7.2,0.9373,-0.3484,24.2,25.0,25.0,station
2026-04-23,26.1,26.6,23.8,27.5,26.1,25.7,26.7,26.4,26.9,25.5,26.02,1.37,-0.22,79,92,25.6,16.86,0.6,0.9312,-0.3645,26.3,27.2,27.2,station
2026-04-24,30.7,31.4,29.2,31.3,32.8,30.0,30.3,31.0,30.4,32.3,31.08,1.3,0.28,73,51,21.3,22.15,0.5,0.9248,-0.3804,30.9,32.2,32.2,station
2026-04-25,30.4,29.6,28.9,30.8,33.5,31.3,28.8,33.1,31.6,34.2,30.64,1.76,-1.16,83,59,19.3,17.39,10.3,0.9181,-0.3963,30.3,30.0,30.0,station
2026-04-26,28.8,29.5,27.8,30.8,32.3,30.8,29.1,35.9,31.1,33.8,29.84,1.76,-2.3,79,64,21.7,17.01,0.3,0.9112,-0.412,29.2,29.4,29.4,station
2026-04-27,32.4,32.7,31.0,34.3,33.9,31.6,32.1,33.0,34.3,34.4,32.86,1.31,-0.22,75,40,19.8,22.38,0.1,0.9039,-0.4276,33.0,33.3,33.3,station
2026-04-28,31.6,27.7,28.4,31.5,32.6,29.0,27.2,34.5,29.0,26.4,30.36,2.17,1.14,85,75,21.8,16.3,0.8,0.8965,-0.4431,29.1,28.3,28.3,station
2026-04-29,22.1,21.7,20.1,24.6,20.9,21.6,21.7,23.1,23.5,20.7,21.88,1.7,-0.24,84,100,16.7,6.66,47.7,0.8887,-0.4585,23.0,21.7,21.7,station
2026-04-30,18.6,17.9,17.7,18.1,19.4,18.6,17.2,18.8,19.6,18.5,18.34,0.68,-0.2,85,95,18.7,6.44,4.0,0.8807,-0.4737,17.9,17.8,17.8,station
2026-05-01,18.3,16.7,17.7,18.6,15.9,19.5,17.2,14.2,15.7,16.0,17.44,1.13,0.92,76,99,18.0,10.0,1.5,0.8724,-0.4888,18.3,18.3,18.3,station
2026-05-02,22.0,24.6,22.1,24.4,23.8,22.2,24.4,22.9,23.9,22.3,23.38,1.25,0.24,66,9,6.8,27.13,0.0,0.8639,-0.5037,23.0,25.0,25.0,station
2026-05-03,26.1,27.5,24.3,27.5,26.8,25.7,27.4,26.9,27.3,26.6,26.44,1.33,-0.34,58,17,14.5,27.82,0.0,0.8551,-0.5185,26.5,27.2,27.2,station
2026-05-04,27.8,28.0,24.8,28.2,30.6,27.4,28.2,27.5,27.7,29.8,27.88,2.06,-0.24,63,62,22.9,26.44,0.0,0.846,-0.5331,27.6,27.2,27.2,station
2026-05-05,33.7,31.0,30.0,33.3,33.3,32.7,31.4,33.4,33.0,33.5,32.26,1.65,-0.54,70,99,19.8,21.54,0.0,0.8367,-0.5476,32.5,32.2,32.2,station
2026-05-06,21.4,18.9,23.4,21.9,21.1,26.1,21.4,25.4,23.4,24.1,21.34,1.63,-2.74,76,100,12.9,11.3,2.6,0.8272,-0.5619,18.5,17.2,17.2,station
2026-05-07,21.0,21.1,22.8,23.0,22.9,22.7,21.1,24.0,23.6,21.0,22.16,1.02,-0.32,72,97,10.9,22.07,0.0,0.8174,-0.5761,22.4,23.3,23.3,station
2026-05-08,25.4,24.8,24.7,25.6,24.5,25.4,24.0,30.4,25.6,26.0,25.0,0.47,-1.28,82,67,12.1,15.41,31.1,0.8074,-0.59,23.1,24.4,24.4,station
2026-05-09,27.9,30.0,30.3,31.7,29.6,28.4,30.0,29.9,31.5,30.1,29.9,1.37,-0.08,79,41,13.3,26.94,0.6,0.7971,-0.6038,29.4,32.2,32.2,station
2026-05-10,27.4,25.2,28.7,29.3,28.5,27.3,24.3,34.2,31.6,23.8,27.82,1.62,-0.42,87,68,17.5,13.8,28.3,0.7866,-0.6175,24.9,26.1,26.1,station
2026-05-11,25.2,25.3,24.3,25.3,24.3,24.9,27.3,24.0,25.4,23.4,24.88,0.53,-0.12,78,68,13.4,17.47,3.1,0.7759,-0.6309,24.6,25.6,25.6,station
2026-05-12,26.5,28.3,26.2,27.8,28.0,28.1,28.4,27.8,28.7,26.5,27.36,0.94,-0.54,67,1,7.7,29.27,0.0,0.7649,-0.6442,28.1,30.0,30.0,station
2026-05-13,32.4,33.4,29.1,31.7,31.9,29.8,31.8,31.0,31.4,31.7,31.7,1.6,0.56,56,1,11.3,28.62,0.0,0.7537,-0.6572,33.3,32.2,32.2,station
2026-05-14,34.3,33.4,29.3,32.8,33.0,34.2,33.4,32.7,32.8,32.6,32.56,1.91,-0.58,54,28,20.9,28.59,0.0,0.7423,-0.6701,33.3,32.8,32.8,station
2026-05-15,32.8,29.3,27.9,31.5,31.4,32.0,30.2,32.2,30.7,31.1,30.58,1.95,-0.66,59,77,23.3,22.54,0.1,0.7306,-0.6828,32.4,31.1,31.1,station
2026-05-16,32.3,31.0,27.8,31.8,32.3,32.3,31.2,32.7,31.8,32.3,31.04,1.89,-1.02,65,32,23.4,26.17,0.0,0.7188,-0.6952,30.8,30.6,30.6,station
2026-05-17,31.9,30.1,27.3,32.8,32.1,33.5,30.3,33.0,32.7,33.0,30.84,2.22,-1.66,74,63,29.2,20.13,6.5,0.7067,-0.7075,31.4,30.6,30.6,station
2026-05-18,31.5,30.7,29.0,32.4,32.0,31.9,30.8,32.9,32.8,31.6,31.12,1.34,-0.88,80,71,28.1,23.22,7.7,0.6945,-0.7195,30.7,32.2,32.2,station
2026-05-19,26.4,26.3,26.6,29.1,32.8,30.2,27.5,33.6,27.8,33.6,28.24,2.8,-2.3,90,86,20.0,10.29,24.0,0.682,-0.7314,25.6,29.4,29.4,station
2026-05-20,26.5,24.6,27.2,27.0,26.7,28.5,24.6,28.6,28.6,24.6,26.4,1.04,-0.58,82,85,12.0,20.32,0.2,0.6693,-0.743,26.1,27.2,27.2,station
2026-05-21,26.6,23.7,26.3,25.6,28.6,24.6,22.9,22.2,24.4,24.0,26.16,1.77,2.54,91,99,8.7,11.7,28.4,0.6564,-0.7544,23.9,24.4,24.4,station
2026-05-22,27.9,27.6,27.5,28.9,28.6,28.9,27.2,30.2,31.1,27.0,28.1,0.62,-0.78,83,69,12.6,21.56,14.4,0.6433,-0.7656,27.9,30.6,30.6,station
2026-05-23,30.0,26.5,28.8,26.8,28.6,27.0,26.8,32.4,27.9,27.8,28.14,1.47,-0.24,81,66,14.0,22.16,20.6,0.6301,-0.7765,27.1,28.9,28.9,station
2026-05-24,28.6,29.4,28.7,30.5,30.8,26.6,30.0,31.4,31.2,24.9,29.6,1.01,0.78,87,59,10.8,22.52,5.4,0.6166,-0.7873,27.3,31.1,31.1,station
2026-05-25,29.2,28.9,28.7,30.3,27.5,29.0,30.9,32.6,31.7,30.9,28.92,1.01,-2.1,81,58,9.4,23.48,4.0,0.603,-0.7978,28.7,30.0,30.0,station
2026-05-26,29.2,28.9,28.0,30.8,28.7,28.6,28.9,31.7,32.1,28.9,29.12,1.04,-0.92,79,36,13.8,25.2,4.5,0.5892,-0.808,28.7,30.0,30.0,station
2026-05-27,27.2,27.1,28.1,28.0,25.1,26.9,26.1,31.0,25.6,25.9,27.1,1.21,0.0,88,97,14.1,12.99,24.5,0.5752,-0.818,26.5,28.9,28.9,station
2026-05-28,28.8,29.9,28.0,32.3,29.0,29.0,30.6,33.2,31.4,29.0,29.6,1.65,-1.04,82,39,7.0,24.45,5.2,0.561,-0.8278,28.4,31.1,31.1,station
2026-05-29,31.5,32.6,30.8,34.9,34.5,31.3,32.7,33.8,35.9,32.9,32.86,1.8,-0.46,74,36,10.9,23.81,1.9,0.5467,-0.8373,31.2,32.2,32.2,station
2026-05-30,32.0,32.1,30.8,32.8,33.8,31.6,32.7,34.6,35.5,34.1,32.3,1.1,-1.4,70,70,18.4,26.78,0.0,0.5322,-0.8466,32.4,33.9,33.9,station
2026-05-31,35.5,34.0,30.8,35.9,35.0,34.7,33.7,35.9,36.0,35.1,34.24,2.05,-0.84,66,4,13.6,29.25,0.0,0.5176,-0.8556,33.6,33.9,33.9,station
2026-06-01,35.8,33.9,31.9,35.7,35.6,36.2,34.1,36.5,36.5,35.3,34.58,1.69,-1.14,69,25,10.9,28.34,0.0,0.5028,-0.8644,33.4,34.4,34.4,station
2026-06-02,34.1,32.3,33.4,35.9,35.8,33.5,32.3,36.2,36.2,35.9,34.3,1.55,-0.52,71,44,13.9,24.26,1.7,0.4878,-0.8729,34.6,35.6,35.6,station
2026-06-03,32.8,29.7,29.4,33.4,33.0,31.5,30.7,31.6,33.2,31.5,31.66,1.94,-0.04,76,60,14.3,25.6,2.4,0.4728,-0.8812,30.4,31.7,31.7,station
2026-06-04,28.5,28.4,27.9,29.7,31.5,28.8,27.9,31.7,31.3,31.9,29.2,1.45,-1.12,75,41,13.6,24.3,6.0,0.4575,-0.8892,29.5,30.0,30.0,station
2026-06-05,28.5,27.6,26.8,29.9,28.9,28.4,28.1,29.4,28.8,29.6,28.34,1.19,-0.52,85,89,15.5,19.9,17.8,0.4422,-0.8969,29.5,28.3,28.3,station
2026-06-06,28.8,28.8,27.2,29.9,,28.0,29.0,30.8,29.8,26.4,28.68,1.11,-0.12,87,72,19.0,20.2,16.0,0.4267,-0.9044,29.9,31.1,31.1,station
2026-06-07,31.0,30.9,28.9,35.0,,32.2,30.0,32.7,31.4,30.7,31.45,2.56,0.05,85,54,21.1,24.31,12.4,0.4111,-0.9116,31.0,33.3,33.3,station
2026-06-08,31.2,32.5,30.5,35.4,,31.5,33.0,35.1,36.5,33.7,32.4,2.16,-1.56,75,53,20.1,24.88,1.1,0.3953,-0.9185,33.1,34.4,34.4,station
2026-06-09,32.4,32.6,29.5,33.6,,32.2,32.5,35.1,34.9,33.6,32.02,1.76,-1.64,71,26,16.6,26.43,0.0,0.3795,-0.9252,32.5,33.3,33.3,station
2026-06-10,34.4,33.8,29.6,34.8,34.5,34.2,33.7,32.7,35.2,34.7,33.42,2.17,-0.68,69,31,18.8,25.14,0.1,0.3635,-0.9316,34.7,33.9,33.9,station
2026-06-11,36.6,34.6,30.3,35.0,35.1,35.6,34.6,36.1,35.3,35.7,34.32,2.37,-1.14,69,57,21.9,19.63,0.1,0.3474,-0.9377,33.5,33.9,33.9,station
2026-06-12,31.5,30.4,31.9,31.8,33.6,32.7,31.1,35.1,34.7,34.2,31.84,1.15,-1.72,79,53,15.6,22.37,3.1,0.3312,-0.9436,31.7,31.7,31.7,station
2026-06-13,33.2,33.7,30.1,34.5,33.6,33.6,33.8,35.9,34.4,34.6,33.02,1.7,-1.44,71,40,15.1,26.88,0.0,0.3149,-0.9491,33.1,32.8,32.8,station
2026-06-14,34.3,29.1,30.8,32.5,31.1,30.9,28.9,35.2,31.5,34.1,31.56,1.95,-0.56,78,65,16.2,19.83,10.6,0.2986,-0.9544,28.3,28.9,28.9,station
2026-06-15,29.3,26.9,28.0,28.0,27.1,28.0,27.6,25.5,25.9,26.2,27.86,0.95,1.22,89,79,12.5,18.49,54.5,0.2821,-0.9594,28.1,30.0,30.0,station
2026-06-16,30.6,32.2,29.9,32.1,31.1,30.9,31.8,32.9,31.9,30.1,31.18,0.98,-0.34,78,34,10.1,23.9,7.0,0.2656,-0.9641,30.8,31.7,31.7,station
2026-06-17,32.9,32.6,30.2,34.3,33.5,32.6,33.0,34.2,34.6,32.9,32.7,1.54,-0.76,73,26,21.9,24.71,0.0,0.2489,-0.9685,33.0,32.8,32.8,station
2026-06-18,34.9,33.7,32.7,35.3,35.3,36.1,34.5,37.0,36.0,34.9,34.38,1.15,-1.32,76,46,14.9,21.93,0.4,0.2322,-0.9727,33.8,34.4,34.4,station
2026-06-19,32.3,28.4,31.1,30.8,31.0,33.9,28.0,32.1,31.3,30.0,30.72,1.42,-0.34,87,96,17.2,12.0,21.1,0.2155,-0.9765,27.5,28.9,28.9,station
2026-06-20,31.0,30.8,29.2,28.4,30.6,29.9,28.6,34.7,28.7,28.8,30.0,1.14,-0.14,82,32,11.7,26.86,6.5,0.1986,-0.9801,31.0,33.3,33.3,station
2026-06-21,32.2,32.6,30.9,34.5,34.9,33.0,32.4,36.8,34.1,35.4,33.02,1.66,-1.32,76,23,18.9,25.14,1.2,0.1818,-0.9833,32.2,33.3,33.3,station
2026-06-22,34.3,32.6,30.2,36.7,35.0,33.7,32.0,36.5,35.6,35.5,33.76,2.47,-0.9,79,54,17.0,24.93,14.4,0.1648,-0.9863,34.0,34.4,34.4,station
2026-06-23,34.1,31.4,32.1,35.1,35.8,33.9,31.0,36.1,35.4,35.2,33.7,1.9,-0.62,78,85,18.4,18.48,15.7,0.1478,-0.989,33.0,33.9,33.9,station
2026-06-24,34.9,32.9,31.4,34.7,34.8,34.2,32.7,36.8,35.1,36.3,33.74,1.55,-1.28,69,38,14.0,26.98,0.2,0.1308,-0.9914,33.7,34.4,34.4,station
2026-06-25,34.9,33.7,30.8,33.0,34.2,33.4,33.9,36.9,33.2,35.3,33.32,1.57,-1.22,65,40,18.1,24.83,0.0,0.1137,-0.9935,32.6,33.3,33.3,station
2026-06-26,34.9,34.4,29.9,35.2,34.2,35.4,34.5,36.9,34.6,34.2,33.72,2.17,-1.4,63,74,23.6,25.54,0.0,0.0966,-0.9953,34.7,34.4,34.4,station
2026-06-27,36.1,34.7,31.3,36.4,35.6,35.8,34.9,37.4,36.0,35.4,34.82,2.07,-1.08,60,32,23.6,29.22,0.0,0.0795,-0.9968,35.8,35.6,35.6,station
2026-06-28,37.2,35.5,32.4,36.7,36.0,37.0,35.4,38.7,36.6,36.0,35.56,1.88,-1.18,58,16,24.8,28.12,0.0,0.0623,-0.9981,36.3,35.6,35.6,station
2026-06-29,37.5,35.9,34.5,36.7,36.0,38.0,36.0,39.5,37.2,36.1,36.12,1.11,-1.24,58,29,23.7,28.36,0.0,0.0451,-0.999,36.8,35.6,35.6,station
2026-06-30,36.4,34.7,34.0,35.7,35.9,36.5,34.8,38.0,36.0,35.5,35.34,0.97,-0.82,57,7,19.5,28.44,0.0,0.028,-0.9996,36.1,35.0,35.0,station
2026-07-01,36.4,35.2,33.4,35.8,35.4,37.1,35.0,38.8,35.8,36.0,35.24,1.13,-1.3,54,11,17.1,27.2,0.0,0.0108,-0.9999,36.8,35.0,35.0,station
2026-07-02,37.0,34.9,33.8,35.1,35.6,37.1,34.5,36.7,34.9,35.9,35.28,1.16,-0.54,51,16,16.7,27.05,0.3,-0.0065,-1.0,36.9,35.0,35.0,station
2026-07-03,37.8,36.1,32.4,36.0,35.4,37.5,35.9,37.9,35.1,35.6,35.54,1.97,-0.86,53,11,12.4,27.47,0.1,-0.0237,-0.9997,37.1,36.1,36.1,station
2026-07-04,38.4,37.2,36.2,37.6,37.3,38.8,37.2,39.2,36.7,36.9,37.34,0.79,-0.42,51,32,13.9,26.91,0.2,-0.0408,-0.9992,37.6,36.7,36.7,station
2026-07-05,36.9,33.4,36.7,37.6,37.6,37.7,34.0,40.4,38.8,37.9,36.44,1.75,-1.32,57,74,17.7,23.09,1.0,-0.058,-0.9983,35.9,36.1,36.1,station
2026-07-06,36.6,33.5,37.4,35.3,36.1,38.3,33.3,39.0,36.0,37.0,35.78,1.49,-0.94,54,41,8.9,26.42,0.9,-0.0752,-0.9972,36.8,36.7,36.7,station
2026-07-07,37.8,35.7,36.4,36.7,36.2,33.1,34.7,38.9,36.0,34.7,36.56,0.78,1.08,56,29,15.0,24.92,2.4,-0.0923,-0.9957,38.3,38.3,38.3,station
2026-07-08,37.0,37.3,35.0,36.2,37.6,38.0,37.4,40.2,37.4,35.2,36.62,1.04,-1.02,53,24,14.2,26.38,0.2,-0.1094,-0.994,37.7,38.3,38.3,station
2026-07-09,38.5,37.6,37.0,38.4,37.1,38.5,37.7,39.5,37.5,37.3,37.72,0.7,-0.38,47,7,19.3,27.18,0.1,-0.1265,-0.992,38.0,38.3,38.3,station
2026-07-10,38.1,36.1,34.5,37.8,36.7,38.7,36.9,38.8,38.1,36.8,36.64,1.44,-1.22,47,5,18.3,28.23,0.7,-0.1436,-0.9896,37.2,36.7,36.7,station
2026-07-11,38.0,35.6,35.2,37.0,36.2,38.2,35.4,38.1,37.7,37.0,36.4,1.12,-0.88,57,16,17.3,26.52,1.9,-0.1606,-0.987,36.2,36.7,36.7,station
2026-07-12,30.5,31.6,32.7,34.7,34.3,37.1,32.5,38.8,35.6,36.1,32.76,1.77,-3.26,70,31,15.7,23.48,19.3,-0.1775,-0.9841,36.1,36.7,36.7,station
2026-07-13,29.2,27.5,29.3,28.5,27.8,29.1,27.6,32.6,31.0,31.8,28.46,0.81,-1.96,88,71,12.0,18.88,21.9,-0.1944,-0.9809,29.7,33.3,33.3,station
2026-07-14,28.9,29.8,30.1,28.5,29.8,27.4,29.6,34.2,29.6,28.4,29.42,0.68,-0.42,83,40,17.3,23.79,4.7,-0.2113,-0.9774,31.5,32.8,32.8,station
2026-07-15,30.0,28.9,28.9,30.7,33.1,31.7,30.0,32.0,29.3,32.2,30.32,1.73,-0.72,80,42,19.3,24.18,8.9,-0.2281,-0.9736,30.9,32.8,32.8,station
2026-07-16,29.9,28.7,31.5,31.9,30.2,29.4,28.5,30.5,31.8,33.2,30.44,1.29,-0.24,80,94,15.1,20.35,4.7,-0.2448,-0.9696,30.6,31.7,31.7,station
2026-07-17,33.7,32.9,31.4,35.5,33.7,32.8,32.3,34.6,35.3,32.6,33.44,1.49,-0.08,71,81,16.3,23.43,1.0,-0.2614,-0.9652,33.6,34.4,34.4,station
2026-07-18,36.2,35.4,35.1,35.2,34.9,35.0,34.6,35.1,36.6,34.5,35.36,0.5,0.2,57,31,15.7,26.56,0.0,-0.278,-0.9606,36.1,36.1,36.1,station
2026-07-19,38.0,36.5,36.0,36.0,37.0,38.1,35.7,38.2,36.9,36.7,36.7,0.84,-0.42,66,19,11.1,25.36,1.7,-0.2945,-0.9557,34.8,36.7,36.7,station
2026-07-20,38.2,38.2,38.4,38.6,37.8,39.7,38.4,39.0,38.1,38.0,38.24,0.3,-0.4,60,4,9.8,27.67,0.0,-0.3109,-0.9505,36.8,38.9,38.9,station
2026-07-21,40.7,40.3,41.0,41.0,38.8,41.4,40.2,41.8,41.5,38.9,40.36,0.92,-0.4,48,10,11.4,27.45,0.0,-0.3272,-0.945,40.4,41.7,41.7,station
2026-07-22,38.9,40.0,41.1,41.0,40.0,40.1,40.0,41.8,41.7,39.4,40.2,0.9,-0.4,45,37,15.8,25.1,0.1,-0.3434,-0.9392,41.3,42.2,42.2,station
2026-07-23,36.5,35.0,37.5,36.6,36.6,37.1,35.9,39.0,37.2,36.5,36.44,0.9,-0.7,56,8,16.5,27.84,0.0,-0.3595,-0.9332,35.8,36.1,36.1,station
2026-07-24,37.5,34.8,31.7,36.2,35.2,36.9,34.9,37.1,35.7,35.8,35.08,2.16,-1.0,63,68,16.9,18.55,1.1,-0.3755,-0.9268,36.2,34.4,34.4,station
2026-07-25,38.6,36.2,36.1,37.0,36.8,39.3,36.3,38.8,37.5,36.6,36.94,1.0,-0.76,49,32,15.9,25.92,0.0,-0.3914,-0.9202,38.2,36.7,36.7,station
2026-07-26,38.9,36.9,36.5,37.6,36.8,39.5,36.7,39.9,37.8,37.2,37.34,0.96,-0.88,47,3,13.6,27.88,0.0,-0.4071,-0.9134,38.4,36.7,36.7,station
2026-07-27,39.0,37.2,37.0,38.0,37.3,39.7,37.3,41.0,37.9,37.3,37.7,0.82,-0.94,46,16,13.7,27.94,0.0,-0.4228,-0.9062,38.8,37.2,37.2,station
2026-07-28,39.3,37.4,37.6,38.3,37.9,39.4,37.1,40.7,38.4,37.9,38.1,0.75,-0.6,49,21,14.1,27.82,0.0,-0.4383,-0.8988,39.1,,,
