datum,p1_ifs,p1_aifs,p1_gfs,p1_icon,p1_gem,p2_ifs,p2_aifs,p2_gfs,p2_icon,p2_gem,mm_gem,mm_spreiding,run2run,rh_gem,bewolking_gem,wind_max,instraling_som,neerslag_som,doy_sin,doy_cos,era5_max,station_max,doel,doelbron
2023-11-01,,,30.2,,,,,30.0,,,,,,80,38,10.5,18.61,0.0,-0.8606,0.5093,28.4,30.0,30.0,station
2023-11-02,,,29.6,,,,,29.7,,,,,,82,27,9.5,16.2,0.0,-0.8517,0.524,28.5,28.0,28.0,station
2023-11-03,,,30.6,,,,,30.4,,,,,,86,64,7.2,15.71,0.6,-0.8426,0.5386,28.1,29.0,29.0,station
2023-11-04,,,30.7,,,,,31.0,,,,,,85,27,8.2,16.6,0.4,-0.8332,0.553,29.0,29.0,29.0,station
2023-11-05,,,31.1,,,,,29.7,,,,,,86,20,14.8,16.64,0.2,-0.8235,0.5672,29.5,30.0,30.0,station
2023-11-06,,,31.4,,,,,32.4,,,,,,73,42,22.1,16.35,1.1,-0.8137,0.5813,29.4,31.0,31.0,station
2023-11-07,,,29.3,,,,,28.8,,,,,,67,73,16.9,15.21,2.2,-0.8035,0.5952,27.8,28.0,28.0,station
2023-11-08,,,28.8,,,,,27.6,,,,,,79,70,14.3,13.79,0.8,-0.7932,0.609,28.6,27.0,27.0,station
2023-11-09,,,29.9,,,,,31.3,,,,,,82,55,16.0,9.41,2.4,-0.7826,0.6225,27.3,28.0,28.0,station
2023-11-10,,,30.9,,,,,31.5,,,,,,90,46,11.6,11.91,8.8,-0.7718,0.6359,27.6,30.0,30.0,station
2023-11-11,,,29.4,,,,,27.1,,,,,,88,78,15.0,7.84,1.6,-0.7607,0.6491,27.4,27.0,27.0,station
2023-11-12,,,27.5,,,,,26.4,,,,,,74,51,23.9,16.32,0.0,-0.7494,0.6621,25.3,27.0,27.0,station
2023-11-13,,,23.9,,,,,23.4,,,,,,68,59,24.1,12.82,0.0,-0.7379,0.6749,21.7,23.0,23.0,station
2023-11-14,,,24.7,,,,,21.9,,,,,,69,62,18.2,11.74,0.0,-0.7262,0.6875,22.7,24.0,24.0,station
2023-11-15,,,26.6,,,,,27.2,,,,,,72,19,15.3,16.51,0.0,-0.7143,0.6998,25.4,26.0,26.0,station
2023-11-16,,,22.6,,,,,22.9,,,,,,71,76,28.2,6.66,1.0,-0.7021,0.712,20.8,22.0,22.0,station
2023-11-17,,,22.2,,,,,22.9,,,,,,51,54,23.1,18.3,0.0,-0.6898,0.724,21.4,23.0,23.0,station
2023-11-18,,,23.9,,,,,23.7,,,,,,53,45,18.8,17.95,0.0,-0.6772,0.7358,22.6,24.0,24.0,station
2023-11-19,,,23.4,,,,,24.4,,,,,,61,35,12.0,13.18,0.0,-0.6645,0.7473,22.6,23.0,23.0,station
2023-11-20,,,26.2,,,,,25.8,,,,,,71,3,10.0,17.16,0.0,-0.6515,0.7586,24.9,25.0,25.0,station
2023-11-21,,,26.3,,,,,26.4,,,,,,73,3,11.7,17.25,0.0,-0.6384,0.7697,25.7,26.0,26.0,station
2023-11-22,,,26.6,,,,,26.6,,,,,,77,45,11.7,16.32,0.0,-0.625,0.7806,25.9,26.0,26.0,station
2023-11-23,,,28.9,,,,,28.7,,,,,,77,43,10.9,16.19,0.0,-0.6115,0.7912,27.3,26.0,26.0,station
2023-11-24,,,27.6,,,,,26.8,,,,,,70,11,15.1,16.51,0.0,-0.5978,0.8016,27.2,28.0,28.0,station
2023-11-25,,,26.2,,,,,26.2,,,,,,63,1,16.9,16.67,0.0,-0.584,0.8118,26.6,26.0,26.0,station
2023-11-26,,,27.7,,,,,27.1,,,,,,68,16,13.7,16.41,0.0,-0.5699,0.8217,26.6,27.0,27.0,station
2023-11-27,,,28.5,,,,,28.6,,,,,,68,1,14.5,16.41,0.0,-0.5557,0.8314,27.3,28.0,28.0,station
2023-11-28,,,27.8,,,,,27.4,,,,,,61,10,16.2,16.56,0.0,-0.5413,0.8408,27.0,26.0,26.0,station
2023-11-29,,,26.4,,,,,24.8,,,,,,68,83,13.6,8.98,2.4,-0.5268,0.85,26.3,26.0,26.0,station
2023-11-30,,,29.3,,,,,28.9,,,,,,71,73,18.7,12.03,0.0,-0.5121,0.859,28.3,27.0,27.0,station
2023-12-01,,,24.7,,,,,24.6,,,,,,57,76,22.1,12.98,0.0,-0.4972,0.8676,22.8,23.0,23.0,station
2023-12-02,,,21.2,,,,,22.8,,,,,,61,73,18.4,9.45,0.1,-0.4822,0.8761,20.8,24.0,24.0,station
2023-12-03,,,26.6,,,,,25.7,,,,,,64,74,14.2,12.97,0.0,-0.4671,0.8842,24.2,25.0,25.0,station
2023-12-04,,,24.9,,,,,25.1,,,,,,68,81,13.1,10.11,0.1,-0.4518,0.8921,24.3,25.0,25.0,station
2023-12-05,,,26.0,,,,,25.6,,,,,,70,88,13.1,15.3,0.0,-0.4364,0.8998,24.7,24.0,24.0,station
2023-12-06,,,22.4,,,,,22.5,,,,,,71,83,18.4,10.37,2.8,-0.4208,0.9071,22.8,22.0,22.0,station
2023-12-07,,,25.9,,,,,25.2,,,,,,54,73,15.9,16.35,0.0,-0.4052,0.9142,25.0,26.0,26.0,station
2023-12-08,,,25.8,,,,,25.4,,,,,,68,72,13.3,15.14,0.0,-0.3894,0.9211,25.9,24.0,24.0,station
2023-12-09,,,26.4,,,,,27.3,,,,,,81,37,19.7,13.73,0.0,-0.3735,0.9276,27.3,26.0,26.0,station
2023-12-10,,,27.8,,,,,27.0,,,,,,79,19,15.6,14.64,0.0,-0.3575,0.9339,29.1,27.0,27.0,station
2023-12-11,,,28.6,,,,,29.4,,,,,,80,23,10.0,13.07,0.0,-0.3413,0.9399,28.2,28.0,28.0,station
2023-12-12,,,30.8,,,,,31.3,,,,,,70,21,20.0,14.91,0.0,-0.3251,0.9457,28.0,29.0,29.0,station
2023-12-13,,,25.6,,,,,25.6,,,,,,70,74,14.6,10.34,0.0,-0.3088,0.9511,27.0,24.0,24.0,station
2023-12-14,,,27.4,,,,,27.6,,,,,,78,49,14.8,12.54,0.0,-0.2924,0.9563,28.1,26.0,26.0,station
2023-12-15,,,26.9,,,,,27.0,,,,,,82,41,14.6,14.39,0.0,-0.2759,0.9612,28.9,27.0,27.0,station
2023-12-16,,,24.1,,,,,25.7,,,,,,63,91,30.6,9.72,2.7,-0.2593,0.9658,22.7,25.0,25.0,station
2023-12-17,,,13.5,,,,,12.2,,,,,,61,100,24.5,7.04,0.0,-0.2427,0.9701,12.3,12.0,12.0,station
2023-12-18,,,21.4,,,,,21.4,,,,,,65,94,16.1,9.72,0.0,-0.226,0.9741,19.8,16.0,16.0,station
2023-12-19,,,21.7,,,,,22.5,,,,,,68,96,18.8,7.58,0.3,-0.2092,0.9779,17.0,14.0,14.0,station
2023-12-20,,,17.1,,,,,17.5,,,,,,59,55,23.9,12.11,0.0,-0.1923,0.9813,16.2,16.0,16.0,station
2023-12-21,,,16.0,,,,,16.6,,,,,,60,72,23.2,5.97,0.0,-0.1754,0.9845,12.5,12.0,12.0,station
2023-12-22,,,15.6,,,,,14.5,,,,,,40,83,23.7,7.95,0.0,-0.1585,0.9874,11.7,12.0,12.0,station
2023-12-23,,,12.8,,,,,14.8,,,,,,49,87,21.3,9.88,0.1,-0.1414,0.9899,13.5,13.0,13.0,station
2023-12-24,,,18.2,,,,,18.6,,,,,,49,37,21.2,15.68,0.0,-0.1244,0.9922,16.9,17.0,17.0,station
2023-12-25,,,19.0,,,,,18.9,,,,,,46,64,17.9,15.69,0.0,-0.1073,0.9942,18.2,19.0,19.0,station
2023-12-26,,,20.5,,,,,21.3,,,,,,60,20,11.4,14.28,0.0,-0.0902,0.9959,20.9,21.0,21.0,station
2023-12-27,,,24.2,,,,,23.8,,,,,,65,45,9.0,14.22,0.0,-0.073,0.9973,23.8,23.0,23.0,station
2023-12-28,,,25.0,,,,,25.8,,,,,,66,45,9.8,14.26,0.1,-0.0559,0.9984,25.5,24.0,24.0,station
2023-12-29,,,23.9,,,,,25.6,,,,,,76,32,11.5,14.81,0.0,-0.0387,0.9993,24.2,22.0,22.0,station
2023-12-30,,,,,,,,,,,,,,76,45,13.9,12.13,0.6,-0.0215,0.9998,25.0,24.0,24.0,station
2023-12-31,,,,,,,,,,,,,,73,20,13.0,14.92,0.0,-0.0043,1.0,27.8,,,
2024-01-01,,,,,,,,,,,,,,68,21,15.6,14.22,0.4,0.0172,0.9999,25.8,22.0,22.0,station
2024-01-02,,,,,,,,,,,,,,65,24,13.4,14.86,0.0,0.0344,0.9994,22.9,22.0,22.0,station
2024-01-03,,,,,,,,,,,,,,59,32,23.3,15.28,0.0,0.0516,0.9987,21.5,23.0,23.0,station
2024-01-04,,,,,,,,,,,,,,59,19,17.0,13.11,0.0,0.0688,0.9976,20.3,20.0,20.0,station
2024-01-05,,,,,,,,,,,,,,75,2,10.7,15.52,0.0,0.0859,0.9963,22.9,22.0,22.0,station
2024-01-06,,,,,,,,,,,,,,75,24,8.1,13.27,0.0,0.103,0.9947,25.2,25.0,25.0,station
2024-01-07,,,,,,,,,,,,,,70,30,15.0,14.77,0.0,0.1201,0.9928,24.5,24.0,24.0,station
2024-01-08,,,,,,,,,,,,,,69,34,14.8,14.52,0.0,0.1372,0.9905,24.1,22.0,22.0,station
2024-01-09,,,,,,,,,,,,,,76,27,13.8,13.82,0.1,0.1542,0.988,24.4,24.0,24.0,station
2024-01-10,,,,,,,,,,,,,,64,6,18.5,15.87,0.0,0.1712,0.9852,24.2,24.0,24.0,station
2024-01-11,,,,,,,,,,,,,,55,57,15.9,10.77,0.0,0.1881,0.9821,21.6,21.0,21.0,station
2024-01-12,,,,,,,,,,,,,,75,41,14.2,12.32,0.0,0.205,0.9788,22.7,21.0,21.0,station
2024-01-13,,,,,,,,,,,,,,60,42,13.2,10.71,0.0,0.2218,0.9751,24.0,22.0,22.0,station
2024-01-14,,,,,,,,,,,,,,57,22,12.3,11.97,0.0,0.2385,0.9711,25.2,24.0,24.0,station
2024-01-15,,,,,,,,,,,,,,68,1,20.3,16.56,0.0,0.2552,0.9669,27.6,25.0,25.0,station
2024-01-16,,,,,,,,,,,,,,71,3,18.2,16.66,0.0,0.2718,0.9624,23.4,21.0,21.0,station
2024-01-17,,,,,,,,,,,,,,69,39,16.9,14.34,0.0,0.2883,0.9575,24.9,22.0,22.0,station
2024-01-18,,,,,,,,,,,,,,74,33,11.1,14.38,0.8,0.3047,0.9524,25.3,25.0,25.0,station
2024-01-19,,,,,,,,,,,,,,71,27,16.1,16.38,0.0,0.3211,0.9471,26.8,24.0,24.0,station
2024-01-20,,,25.0,25.2,23.2,,,,,,,,,73,35,18.8,10.72,0.0,0.3373,0.9414,23.8,26.0,26.0,station
2024-01-21,,,24.0,21.7,22.0,,,24.4,22.1,22.2,,,,56,34,18.5,13.99,0.0,0.3534,0.9355,22.1,22.0,22.0,station
2024-01-22,,,19.4,16.0,14.0,,,19.6,16.1,15.6,,,,58,100,25.3,6.51,0.9,0.3695,0.9292,17.1,18.0,18.0,station
2024-01-23,,,10.6,9.1,8.1,,,9.5,8.8,7.4,,,,69,95,25.8,5.21,6.5,0.3854,0.9227,7.6,9.0,9.0,station
2024-01-24,,,13.6,8.5,11.2,,,13.6,8.8,8.5,,,,52,62,19.8,13.28,0.0,0.4012,0.916,11.3,9.0,9.0,station
2024-01-25,,,13.0,11.4,14.3,,,15.6,12.3,15.2,,,,53,86,16.1,9.1,0.0,0.4169,0.9089,13.5,15.0,15.0,station
2024-01-26,,,16.4,15.5,16.3,,,17.8,17.3,17.8,,,,53,86,14.5,11.27,0.0,0.4325,0.9016,16.2,15.0,15.0,station
2024-01-27,,,17.2,15.0,16.3,,,18.4,17.3,16.2,,,,64,99,15.5,8.38,0.5,0.4479,0.8941,16.3,16.0,16.0,station
2024-01-28,,,19.0,16.0,14.5,,,20.5,16.6,13.5,,,,79,96,17.9,10.23,7.8,0.4633,0.8862,16.4,13.0,13.0,station
2024-01-29,,,21.1,18.4,20.8,,,20.0,20.7,19.9,,,,82,94,10.0,7.74,0.1,0.4784,0.8781,18.5,18.0,18.0,station
2024-01-30,,,23.6,22.2,24.1,,,24.5,23.4,24.4,,,,86,83,13.0,10.05,0.8,0.4935,0.8698,23.3,20.0,20.0,station
2024-01-31,,,25.6,23.9,25.2,,,24.2,24.6,25.7,,,,86,66,11.8,12.79,0.5,0.5084,0.8611,24.5,22.0,22.0,station
2024-02-01,,,26.9,24.3,25.6,,,26.4,24.5,26.1,,,,88,59,15.8,13.38,0.3,0.5231,0.8523,25.6,24.0,24.0,station
2024-02-02,,,27.2,25.3,26.3,,,28.3,25.2,26.3,,,,88,63,15.9,14.13,0.3,0.5377,0.8432,26.2,25.0,25.0,station
2024-02-03,,,24.9,24.6,26.0,,,25.1,24.3,25.4,,,,80,64,15.6,15.26,0.0,0.5521,0.8338,25.9,23.0,23.0,station
2024-02-04,23.2,,23.6,22.7,24.9,,,24.0,24.1,25.7,23.6,0.94,,85,84,17.8,9.44,7.1,0.5664,0.8242,24.8,22.0,22.0,station
2024-02-05,19.6,,24.0,22.2,19.9,20.0,,24.3,22.1,21.6,21.43,2.07,-0.57,78,97,17.7,7.15,1.4,0.5805,0.8143,22.4,22.0,22.0,station
2024-02-06,22.0,,21.0,22.9,22.6,21.5,,20.9,23.0,22.4,22.12,0.84,0.18,79,81,16.0,14.61,3.2,0.5944,0.8042,24.4,22.0,22.0,station
2024-02-07,18.4,,19.2,20.4,17.5,18.3,,19.5,19.9,17.4,18.88,1.23,0.1,85,100,19.5,5.4,3.2,0.6081,0.7938,18.7,18.0,18.0,station
2024-02-08,13.9,,14.9,13.0,11.4,14.3,,16.4,13.7,11.1,13.3,1.49,-0.57,84,99,20.3,4.9,7.0,0.6217,0.7833,12.0,11.0,11.0,station
2024-02-09,15.8,,13.3,12.7,11.5,15.9,,13.7,12.8,12.1,13.32,1.81,-0.3,81,97,18.0,6.98,1.7,0.6351,0.7725,13.2,13.0,13.0,station
2024-02-10,19.1,,21.7,19.0,18.5,19.6,,20.6,18.6,18.5,19.57,1.44,0.25,66,34,15.5,18.7,0.1,0.6483,0.7614,19.0,20.0,20.0,station
2024-02-11,21.6,,24.0,23.1,21.6,21.6,,24.0,23.3,21.7,22.58,1.18,-0.07,62,6,15.5,20.26,0.0,0.6613,0.7502,22.7,25.0,25.0,station
2024-02-12,21.3,,22.0,22.4,22.6,21.2,,22.2,22.2,22.2,22.07,0.57,0.12,55,2,18.2,20.14,0.0,0.6741,0.7387,22.3,21.0,21.0,station
2024-02-13,23.0,,24.3,22.9,24.8,23.1,,24.0,23.1,24.4,23.75,0.95,0.1,73,11,13.6,18.45,0.0,0.6867,0.727,24.3,23.0,23.0,station
2024-02-14,23.2,,25.2,23.3,26.4,23.4,,25.2,23.8,26.7,24.52,1.55,-0.25,80,45,15.6,16.77,0.2,0.6991,0.715,24.5,23.0,23.0,station
2024-02-15,24.3,,25.5,24.2,27.3,24.7,,26.3,24.2,28.1,25.32,1.44,-0.5,76,78,13.7,19.0,0.0,0.7113,0.7029,25.6,26.0,26.0,station
2024-02-16,22.2,,25.0,24.0,25.0,22.2,,25.1,25.0,24.4,24.05,1.32,-0.12,69,25,18.9,17.05,0.0,0.7233,0.6906,25.8,24.0,24.0,station
2024-02-17,22.7,,24.6,22.8,25.8,22.2,,23.6,22.9,24.4,23.98,1.5,0.7,76,33,19.7,17.74,0.0,0.735,0.678,26.0,23.0,23.0,station
2024-02-18,23.9,,26.7,25.3,25.5,24.0,,26.5,25.0,25.6,25.35,1.15,0.08,78,81,24.5,16.37,0.1,0.7466,0.6653,27.2,26.0,26.0,station
2024-02-19,23.9,,26.5,25.4,25.8,24.7,,26.6,24.8,26.1,25.4,1.1,-0.15,84,71,22.4,12.23,0.4,0.7579,0.6523,26.5,26.0,26.0,station
2024-02-20,24.9,,27.3,26.4,27.4,25.0,,27.4,26.2,26.1,26.5,1.16,0.32,83,46,28.1,16.65,1.5,0.769,0.6392,28.2,28.0,28.0,station
2024-02-21,24.8,,27.9,25.6,27.1,24.7,,28.0,26.0,26.6,26.35,1.41,0.03,81,24,23.1,19.32,0.0,0.7799,0.6259,28.3,27.0,27.0,station
2024-02-22,25.6,,27.9,27.4,27.6,24.9,,28.9,26.8,27.5,27.12,1.04,0.1,83,84,18.4,13.66,2.7,0.7906,0.6124,27.7,27.0,27.0,station
2024-02-23,20.8,,24.1,24.2,23.6,23.8,,22.7,24.4,23.8,23.18,1.6,-0.5,63,90,18.1,12.27,0.3,0.801,0.5987,22.1,21.0,21.0,station
2024-02-24,20.0,,23.3,22.7,20.8,22.5,,24.2,23.9,21.8,21.7,1.56,-1.4,65,88,17.1,11.37,0.0,0.8112,0.5848,20.9,17.0,17.0,station
2024-02-25,18.9,,24.2,21.2,20.9,20.2,,24.2,22.8,19.4,21.3,2.19,-0.35,71,90,16.4,7.23,0.2,0.8211,0.5708,15.3,16.0,16.0,station
2024-02-26,20.2,,21.0,20.3,21.0,22.9,,24.1,23.5,23.7,20.62,0.43,-2.93,68,62,19.5,15.88,0.0,0.8308,0.5566,22.0,18.0,18.0,station
2024-02-27,18.5,,20.2,19.0,16.2,19.7,,23.9,20.1,17.7,18.48,1.68,-1.88,64,84,17.3,14.81,0.0,0.8402,0.5422,20.7,18.0,18.0,station
2024-02-28,22.9,,24.0,23.0,24.3,24.0,,25.4,22.2,24.6,23.55,0.7,-0.5,72,100,12.7,9.76,0.2,0.8495,0.5277,22.4,17.0,17.0,station
2024-02-29,22.6,,22.2,23.9,18.4,24.0,,23.8,24.8,26.1,21.77,2.36,-2.9,81,99,22.7,6.71,0.9,0.8584,0.513,20.6,18.0,18.0,station
2024-03-01,14.3,,17.0,14.3,12.2,15.8,,19.8,15.9,14.4,14.45,1.97,-2.03,69,90,21.5,6.36,1.7,0.8671,0.4981,12.4,13.0,13.0,station
2024-03-02,15.6,,15.1,13.5,15.2,15.9,,14.7,13.3,13.5,14.85,0.93,0.5,74,98,19.5,8.59,1.3,0.8755,0.4831,14.5,12.0,12.0,station
2024-03-03,19.6,,21.0,20.2,20.6,20.0,,21.8,19.3,21.1,20.35,0.6,-0.2,76,96,16.3,10.06,1.4,0.8837,0.468,20.7,18.0,18.0,station
2024-03-04,23.7,,24.5,24.3,24.5,24.6,,22.5,25.1,24.2,24.25,0.38,0.15,86,80,33.4,11.19,1.9,0.8916,0.4527,25.3,27.0,27.0,station
2024-03-05,24.6,,26.7,25.3,26.2,25.0,,27.1,25.2,26.0,25.7,0.93,-0.12,91,69,30.6,15.84,0.9,0.8993,0.4373,26.9,27.0,27.0,station
2024-03-06,22.1,,24.9,24.7,23.8,23.0,,27.6,25.1,25.9,23.88,1.28,-1.52,77,92,21.6,12.43,0.3,0.9067,0.4218,26.5,25.0,25.0,station
2024-03-07,19.7,,22.1,20.4,19.2,20.5,,22.5,20.7,18.9,20.35,1.27,-0.3,78,100,20.7,8.38,8.7,0.9138,0.4061,19.5,19.0,19.0,station
2024-03-08,21.0,,23.4,23.0,20.5,20.7,,19.9,20.8,18.6,21.98,1.44,1.98,67,75,18.6,16.97,2.1,0.9207,0.3904,22.1,24.0,24.0,station
2024-03-09,17.6,,20.0,18.3,17.2,17.8,,20.0,19.3,16.0,18.27,1.24,0.0,74,99,15.3,6.48,2.7,0.9272,0.3745,18.4,19.0,19.0,station
2024-03-10,16.2,,18.4,16.4,16.6,16.0,,21.0,18.2,19.1,16.9,1.01,-1.68,89,98,14.2,4.04,16.1,0.9335,0.3585,16.5,16.0,16.0,station
2024-03-11,18.9,,20.5,18.2,17.2,17.3,,22.0,19.1,19.1,18.7,1.39,-0.68,89,71,16.8,5.19,14.0,0.9396,0.3424,18.8,18.0,18.0,station
2024-03-12,22.4,,25.0,23.9,21.9,23.1,,26.6,24.4,22.7,23.3,1.42,-0.9,74,4,14.3,22.73,0.0,0.9453,0.3261,23.3,23.0,23.0,station
2024-03-13,21.4,,22.5,21.6,22.4,21.4,,22.9,22.0,21.0,21.98,0.56,0.15,66,54,22.1,17.54,0.2,0.9508,0.3098,23.0,25.0,25.0,station
2024-03-14,21.2,,24.6,22.5,25.6,22.5,,22.6,23.3,24.9,23.48,1.99,0.15,77,81,18.7,15.4,0.8,0.956,0.2934,23.5,23.0,23.0,station
2024-03-15,23.5,21.9,24.0,23.3,27.1,22.7,,25.5,23.5,25.2,23.96,1.92,-0.27,85,73,18.9,13.4,0.8,0.9609,0.2769,24.6,24.0,24.0,station
2024-03-16,24.0,23.3,25.1,25.1,26.6,23.8,23.5,26.3,25.0,27.2,24.82,1.26,-0.34,87,90,16.3,12.61,4.7,0.9655,0.2604,25.1,23.0,23.0,station
2024-03-17,24.2,24.7,27.9,25.5,27.5,24.7,24.9,27.5,25.9,27.5,25.96,1.66,-0.14,89,38,13.1,14.43,0.4,0.9698,0.2437,26.1,25.0,25.0,station
2024-03-18,24.6,23.8,25.9,26.0,26.4,24.3,23.9,26.1,25.8,26.8,25.34,1.09,-0.04,91,82,17.5,9.6,1.5,0.9739,0.227,24.3,25.0,25.0,station
2024-03-19,22.5,21.5,22.6,20.8,20.2,20.3,20.8,23.2,20.7,20.2,21.52,1.05,0.48,72,66,25.8,16.4,1.6,0.9777,0.2102,22.7,24.0,24.0,station
2024-03-20,22.8,22.6,25.5,24.5,24.3,23.6,22.0,25.6,23.1,23.5,23.94,1.22,0.38,62,57,17.8,20.22,0.0,0.9811,0.1934,23.9,25.0,25.0,station
2024-03-21,22.7,22.5,25.2,24.8,25.2,22.8,22.4,25.1,24.4,24.7,24.08,1.36,0.2,63,11,14.1,22.23,0.0,0.9843,0.1765,24.1,23.0,23.0,station
2024-03-22,25.0,24.0,26.1,26.4,26.6,25.3,23.6,25.3,26.2,27.3,25.62,1.1,0.08,78,81,22.7,16.8,0.0,0.9872,0.1595,26.9,25.0,25.0,station
2024-03-23,25.5,26.0,27.7,26.9,27.4,25.7,25.5,27.4,26.9,27.3,26.7,0.93,0.14,83,65,26.3,17.53,0.2,0.9898,0.1425,28.2,28.0,28.0,station
2024-03-24,25.8,27.2,28.8,27.8,27.8,26.1,27.0,28.9,27.9,28.8,27.48,1.1,-0.26,80,66,19.2,20.33,0.0,0.9921,0.1255,29.4,29.0,29.0,station
2024-03-25,25.9,27.5,29.5,27.2,28.9,25.6,27.1,29.2,27.1,28.7,27.8,1.43,0.26,87,51,20.6,15.32,0.0,0.9941,0.1084,28.9,29.0,29.0,station
2024-03-26,28.6,28.5,33.2,31.7,31.3,28.2,27.7,32.2,30.2,30.9,30.66,2.05,0.82,73,76,14.8,18.79,0.4,0.9958,0.0913,31.6,30.0,30.0,station
2024-03-27,26.3,26.6,28.8,26.4,28.3,26.1,25.9,28.3,26.8,28.9,27.28,1.18,0.08,74,92,21.9,17.09,0.5,0.9972,0.0741,28.4,26.0,26.0,station
2024-03-28,26.6,26.6,29.6,26.6,29.7,26.5,27.5,29.2,27.5,28.8,27.82,1.67,-0.08,80,87,15.3,17.73,0.3,0.9984,0.057,28.8,27.0,27.0,station
2024-03-29,27.8,28.0,31.1,27.9,30.2,27.3,27.9,30.9,28.2,30.8,29.0,1.54,-0.02,83,100,14.1,17.67,7.3,0.9992,0.0398,29.7,29.0,29.0,station
2024-03-30,26.7,27.2,29.5,27.5,29.4,26.1,26.8,29.2,27.6,30.2,28.06,1.3,0.08,84,56,23.8,20.36,7.6,0.9997,0.0226,29.1,28.0,28.0,station
2024-03-31,26.9,27.0,30.0,26.9,30.2,28.6,26.7,30.2,27.3,29.1,28.2,1.74,-0.18,91,95,19.9,10.12,37.0,1.0,0.0054,26.9,28.0,28.0,station
2024-04-01,26.5,28.3,29.9,28.1,29.0,27.0,28.3,30.1,27.8,27.6,28.36,1.26,0.2,87,65,32.8,17.23,13.7,0.9999,-0.0118,28.6,28.0,28.0,station
2024-04-02,26.7,28.2,29.9,28.5,29.7,26.5,28.2,30.1,28.2,29.0,28.6,1.29,0.2,85,38,31.0,19.27,1.1,0.9996,-0.029,28.9,29.0,29.0,station
2024-04-03,26.9,28.3,29.1,27.9,29.7,26.6,28.0,30.5,28.4,27.8,28.38,1.08,0.12,83,37,28.4,18.09,0.4,0.9989,-0.0462,29.1,27.0,27.0,station
2024-04-04,27.1,27.6,30.3,27.7,29.4,26.7,27.0,30.5,28.1,29.0,28.42,1.36,0.16,85,54,28.8,18.53,0.5,0.998,-0.0634,29.3,29.0,29.0,station
2024-04-05,27.2,26.1,31.0,27.9,29.7,27.4,25.1,29.2,27.0,29.1,28.38,1.96,0.82,81,77,24.3,15.54,6.9,0.9968,-0.0805,29.6,28.0,28.0,station
2024-04-06,26.5,23.5,29.8,27.8,27.8,26.6,22.8,27.9,28.0,27.2,27.08,2.32,0.58,89,96,31.3,10.93,50.1,0.9952,-0.0977,27.9,26.0,26.0,station
2024-04-07,26.0,24.7,30.2,27.6,26.4,26.1,23.4,28.8,28.1,28.2,26.98,2.08,0.06,88,89,22.1,14.77,9.3,0.9934,-0.1148,29.0,27.0,27.0,station
2024-04-08,24.6,24.0,30.6,27.2,26.6,26.6,23.6,30.5,27.7,26.9,26.6,2.6,-0.46,91,90,18.7,12.74,19.5,0.9913,-0.1319,28.0,25.0,25.0,station
2024-04-09,24.3,23.8,26.2,25.9,24.0,25.1,23.5,27.2,27.6,25.2,24.84,1.12,-0.88,82,93,16.6,11.49,1.6,0.9889,-0.1489,25.3,24.0,24.0,station
2024-04-10,26.8,25.4,28.3,27.8,27.0,25.0,24.7,28.3,27.6,27.0,27.06,1.11,0.54,77,64,12.2,20.79,0.3,0.9861,-0.1659,27.3,26.0,26.0,station
2024-04-11,26.5,27.1,29.2,27.5,29.0,26.5,26.6,28.8,27.1,28.5,27.86,1.19,0.36,82,36,14.5,19.35,0.2,0.9831,-0.1828,28.4,27.0,27.0,station
2024-04-12,26.7,28.5,30.2,27.4,29.6,26.8,28.5,30.0,27.9,29.4,28.48,1.46,-0.04,86,18,16.8,21.82,0.0,0.9799,-0.1997,28.5,28.0,28.0,station
2024-04-13,27.0,29.2,30.9,27.6,29.3,27.5,29.2,30.7,27.4,29.5,28.8,1.54,-0.06,86,59,19.2,21.32,0.0,0.9763,-0.2165,29.1,29.0,29.0,station
2024-04-14,27.5,29.1,30.6,28.1,29.4,27.2,29.1,30.2,28.2,29.3,28.94,1.2,0.14,85,49,22.7,19.72,0.5,0.9724,-0.2333,29.9,29.0,29.0,station
2024-04-15,27.4,29.8,31.2,28.7,29.0,27.5,29.7,30.9,28.1,29.6,29.22,1.4,0.06,85,77,20.9,18.66,0.1,0.9683,-0.25,30.0,29.0,29.0,station
2024-04-16,27.8,30.2,31.2,29.2,30.1,28.0,29.9,30.9,28.9,29.6,29.7,1.28,0.24,84,44,21.3,19.89,0.5,0.9638,-0.2666,30.0,30.0,30.0,station
2024-04-17,28.3,28.9,32.2,28.7,29.9,28.0,29.5,31.4,28.8,29.5,29.6,1.57,0.16,85,64,25.7,19.54,0.8,0.9591,-0.2831,29.6,30.0,30.0,station
2024-04-18,27.6,26.5,32.5,28.8,30.6,28.1,26.5,31.6,28.2,30.1,29.2,2.39,0.3,89,92,19.2,10.21,16.2,0.9541,-0.2996,27.0,29.0,29.0,station
2024-04-19,27.9,26.2,30.7,27.2,29.2,27.3,26.7,30.6,28.4,29.4,28.24,1.76,-0.24,83,92,30.5,16.72,7.3,0.9488,-0.316,29.3,28.0,28.0,station
2024-04-20,28.1,25.8,31.1,28.3,29.9,27.9,26.2,31.5,27.7,29.5,28.64,2.01,0.08,86,91,30.0,12.98,37.1,0.9432,-0.3322,28.9,29.0,29.0,station
2024-04-21,28.3,25.1,27.3,27.9,27.8,28.2,24.4,27.7,28.8,28.9,27.28,1.27,-0.32,90,92,28.2,8.79,12.6,0.9373,-0.3484,27.2,24.0,24.0,station
2024-04-22,25.7,24.2,28.9,26.1,23.6,26.7,24.6,27.3,26.0,26.8,25.7,2.07,-0.58,90,84,16.8,14.01,10.3,0.9312,-0.3645,27.0,27.0,27.0,station
2024-04-23,25.1,25.3,29.7,26.3,23.5,25.5,25.0,28.3,26.2,26.0,25.98,2.31,-0.22,93,93,20.7,7.27,116.7,0.9248,-0.3804,26.0,26.0,26.0,station
2024-04-24,27.7,26.8,30.3,28.1,24.7,27.3,26.5,29.3,28.1,24.7,27.52,2.04,0.34,88,88,13.6,18.76,2.3,0.9181,-0.3963,29.5,28.0,28.0,station
2024-04-25,27.6,26.6,30.2,26.1,27.8,28.2,26.4,29.4,27.4,28.2,27.66,1.58,-0.26,91,88,24.6,9.2,17.3,0.9112,-0.412,27.9,28.0,28.0,station
2024-04-26,26.9,26.5,31.7,26.0,26.0,29.5,26.6,30.5,27.7,26.9,27.42,2.42,-0.82,90,86,24.6,15.36,99.3,0.9039,-0.4276,28.9,29.0,29.0,station
2024-04-27,28.0,25.2,32.1,28.7,29.0,27.4,25.6,29.6,27.9,28.1,28.6,2.47,0.88,91,79,17.5,11.51,86.3,0.8965,-0.4431,29.8,30.0,30.0,station
2024-04-28,26.7,24.9,32.1,28.1,29.2,29.4,25.2,30.6,27.8,28.9,28.2,2.71,-0.18,89,85,25.5,13.13,47.4,0.8887,-0.4585,28.1,28.0,28.0,station
2024-04-29,28.4,28.4,31.9,29.2,27.8,28.5,28.4,32.0,28.8,28.2,29.14,1.62,-0.04,88,64,26.3,19.44,6.4,0.8807,-0.4737,30.3,29.0,29.0,station
2024-04-30,28.6,27.4,31.7,28.1,28.5,29.2,27.9,32.2,28.4,28.0,28.86,1.66,-0.28,90,71,26.1,14.7,15.1,0.8724,-0.4888,29.8,29.0,29.0,station
2024-05-01,24.8,23.6,28.1,25.8,24.9,26.1,24.0,28.2,25.5,25.2,25.44,1.68,-0.36,88,90,13.6,8.6,53.3,0.8639,-0.5037,27.3,24.0,24.0,station
2024-05-02,26.7,23.8,24.9,27.7,25.0,24.9,23.3,25.6,28.0,24.1,25.62,1.56,0.44,87,90,19.4,8.27,3.8,0.8551,-0.5185,26.1,26.0,26.0,station
2024-05-03,27.6,25.8,29.3,28.0,25.3,27.0,24.7,28.7,27.7,27.9,27.2,1.64,0.0,86,89,23.0,16.43,12.6,0.846,-0.5331,28.0,27.0,27.0,station
2024-05-04,26.5,24.7,29.4,27.4,27.5,27.6,25.0,28.6,27.4,28.3,27.1,1.71,-0.28,92,98,19.1,9.23,31.8,0.8367,-0.5476,26.3,25.0,25.0,station
2024-05-05,28.6,28.3,31.5,28.6,27.5,26.9,28.3,30.5,28.3,25.6,28.9,1.52,0.98,90,63,11.7,16.5,16.0,0.8272,-0.5619,27.6,28.0,28.0,station
2024-05-06,28.5,29.7,32.7,29.0,29.3,29.0,29.9,33.2,29.5,29.1,29.84,1.66,-0.3,89,80,13.8,21.65,13.0,0.8174,-0.5761,30.4,30.0,30.0,station
2024-05-07,28.7,29.2,32.6,29.4,30.1,27.9,29.4,31.6,29.3,29.9,30.0,1.54,0.38,88,77,11.5,18.22,11.5,0.8074,-0.59,29.8,31.0,31.0,station
2024-05-08,26.8,28.2,28.3,28.6,25.3,26.4,27.9,26.3,28.6,24.5,27.44,1.38,0.7,89,90,15.4,18.39,20.8,0.7971,-0.6038,28.8,28.0,28.0,station
2024-05-09,27.1,27.7,25.1,28.5,27.8,27.4,28.1,25.3,28.5,27.7,27.24,1.3,-0.16,77,88,19.8,17.14,1.9,0.7866,-0.6175,28.0,31.0,31.0,station
2024-05-10,26.6,27.2,29.4,28.6,28.0,27.4,27.7,28.4,28.1,27.9,27.96,1.11,0.06,76,90,20.3,19.28,0.4,0.7759,-0.6309,28.3,29.0,29.0,station
2024-05-11,28.5,28.9,31.6,29.3,28.7,27.8,28.1,31.1,29.6,28.9,29.4,1.26,0.3,84,86,17.6,22.62,0.7,0.7649,-0.6442,29.8,29.0,29.0,station
2024-05-12,28.2,29.5,32.5,29.4,30.6,28.4,28.5,32.4,29.3,28.8,30.04,1.62,0.56,89,75,13.8,19.26,11.3,0.7537,-0.6572,29.3,30.0,30.0,station
2024-05-13,29.0,29.6,30.2,29.5,28.8,29.5,29.4,26.4,30.4,28.6,29.42,0.55,0.56,87,88,14.7,17.56,22.2,0.7423,-0.6701,29.2,30.0,30.0,station
2024-05-14,27.6,28.4,30.4,29.4,23.8,28.3,28.8,30.5,29.0,27.1,27.92,2.53,-0.82,73,25,15.6,25.95,0.0,0.7306,-0.6828,28.8,28.0,28.0,station
2024-05-15,29.0,29.8,32.1,30.5,29.4,29.6,29.6,31.9,30.8,29.5,30.16,1.22,-0.12,75,47,10.3,23.8,0.1,0.7188,-0.6952,29.4,29.0,29.0,station
2024-05-16,28.3,28.9,30.0,29.0,30.0,28.6,29.3,28.5,30.2,29.4,29.24,0.74,0.04,65,8,18.1,27.0,0.0,0.7067,-0.7075,29.4,31.0,31.0,station
2024-05-17,27.7,28.5,30.6,29.2,30.7,28.2,28.2,31.0,29.0,28.7,29.34,1.31,0.32,79,51,12.4,21.93,1.1,0.6945,-0.7195,28.2,28.0,28.0,station
2024-05-18,28.4,26.8,26.4,29.4,29.8,28.3,27.8,26.8,29.6,27.4,28.16,1.52,0.18,78,99,14.9,21.11,10.9,0.682,-0.7314,29.5,29.0,29.0,station
2024-05-19,24.5,23.8,24.4,27.4,28.9,25.0,23.6,22.4,27.9,28.4,25.8,2.23,0.34,82,100,19.6,12.32,17.3,0.6693,-0.743,27.9,26.0,26.0,station
2024-05-20,25.4,24.7,25.4,26.4,25.2,26.5,24.3,24.5,26.1,25.9,25.42,0.62,-0.04,90,97,20.6,7.34,48.0,0.6564,-0.7544,25.8,26.0,26.0,station
2024-05-21,27.7,24.9,26.4,29.4,26.5,26.3,25.2,26.2,28.5,27.2,26.98,1.68,0.3,91,99,13.4,9.91,33.5,0.6433,-0.7656,27.3,26.0,26.0,station
2024-05-22,26.6,26.6,25.3,29.8,27.8,28.2,27.2,29.2,29.8,26.9,27.22,1.69,-1.04,91,100,12.4,12.34,16.9,0.6301,-0.7765,27.8,28.0,28.0,station
2024-05-23,27.6,27.4,28.5,27.8,25.1,26.2,26.7,27.5,27.7,26.4,27.28,1.29,0.38,92,100,15.3,10.31,23.6,0.6166,-0.7873,27.0,28.0,28.0,station
2024-05-24,26.6,26.6,25.4,26.0,26.0,26.6,28.2,28.3,27.6,25.5,26.12,0.5,-1.12,93,95,15.1,5.6,27.8,0.603,-0.7978,26.6,27.0,27.0,station
2024-05-25,28.5,28.1,29.2,27.5,26.9,28.7,27.8,26.0,28.2,28.1,28.04,0.89,0.28,89,98,17.3,18.01,11.0,0.5892,-0.808,29.3,29.0,29.0,station
2024-05-26,28.0,28.4,26.5,28.2,28.7,28.7,28.5,31.2,28.2,28.6,27.96,0.86,-1.08,90,100,20.8,13.35,10.7,0.5752,-0.818,29.0,28.0,28.0,station
2024-05-27,28.4,28.7,32.1,27.9,30.2,29.3,28.8,30.3,27.7,30.1,29.46,1.71,0.22,90,97,24.9,15.85,28.1,0.561,-0.8278,28.8,28.0,28.0,station
2024-05-28,31.2,30.8,30.9,32.3,29.8,29.0,30.4,30.7,29.7,30.4,31.0,0.9,0.96,89,75,17.8,19.85,27.3,0.5467,-0.8373,31.4,33.0,33.0,station
2024-05-29,28.3,28.1,29.2,30.4,28.2,26.8,28.7,28.7,29.2,27.4,28.84,0.98,0.68,75,81,21.6,18.71,0.0,0.5322,-0.8466,27.9,31.0,31.0,station
2024-05-30,29.6,28.5,31.0,29.7,30.7,29.2,28.4,30.8,30.0,30.4,29.9,0.99,0.14,83,76,22.4,16.74,0.2,0.5176,-0.8556,29.0,29.0,29.0,station
2024-05-31,29.6,27.8,27.8,29.5,27.7,28.5,27.9,26.4,29.7,30.9,28.48,0.98,-0.2,87,90,21.8,17.05,17.7,0.5028,-0.8644,30.0,31.0,31.0,station
2024-06-01,27.8,27.2,29.7,27.0,25.9,27.3,26.7,26.6,27.6,28.1,27.52,1.4,0.26,89,99,34.6,8.23,39.2,0.4878,-0.8729,28.5,29.0,29.0,station
2024-06-02,30.8,30.0,31.9,31.2,30.7,29.2,29.9,28.0,30.2,29.0,30.92,0.7,1.66,86,75,18.5,21.93,13.6,0.4728,-0.8812,31.0,30.0,30.0,station
2024-06-03,28.3,27.1,27.3,27.3,26.0,28.1,26.9,26.8,27.7,25.8,27.2,0.82,0.14,90,83,19.0,12.27,30.4,0.4575,-0.8892,27.8,28.0,28.0,station
2024-06-04,27.8,25.2,24.9,27.8,25.7,27.4,25.5,26.8,27.2,26.9,26.28,1.42,-0.48,86,90,23.7,16.19,2.3,0.4422,-0.8969,27.8,27.0,27.0,station
2024-06-05,27.2,25.9,25.9,28.5,26.1,28.2,25.3,28.2,28.1,25.7,26.72,1.13,-0.38,87,94,19.5,14.43,77.6,0.4267,-0.9044,29.5,28.0,28.0,station
2024-06-06,28.4,27.1,29.2,30.4,28.9,28.0,26.6,27.9,29.7,25.5,28.8,1.2,1.26,91,99,9.5,15.56,25.8,0.4111,-0.9116,29.5,29.0,29.0,station
2024-06-07,27.8,26.8,27.4,29.0,28.0,28.5,26.5,28.0,30.3,26.8,27.8,0.81,-0.22,90,92,19.5,16.46,6.7,0.3953,-0.9185,28.7,26.0,26.0,station
2024-06-08,28.5,27.6,30.1,29.7,27.0,27.4,27.8,30.3,29.6,29.7,28.58,1.33,-0.38,89,92,22.0,15.73,9.3,0.3795,-0.9252,29.1,30.0,30.0,station
2024-06-09,28.0,27.8,31.9,29.1,29.7,28.4,28.4,31.8,29.4,29.6,29.3,1.65,-0.22,90,95,19.1,14.47,9.6,0.3635,-0.9316,29.3,29.0,29.0,station
2024-06-10,28.6,28.8,32.5,29.4,30.1,28.6,29.0,32.4,29.9,29.1,29.88,1.58,0.08,90,99,19.2,16.24,6.9,0.3474,-0.9377,29.6,31.0,31.0,station
2024-06-11,28.8,29.6,31.2,29.9,29.4,28.9,29.9,32.8,29.9,30.1,29.78,0.89,-0.54,89,93,19.1,18.9,12.6,0.3312,-0.9436,29.5,30.0,30.0,station
2024-06-12,29.4,30.9,32.5,30.7,30.9,30.2,30.5,33.5,30.5,31.1,30.88,1.1,-0.28,89,94,24.9,21.52,2.9,0.3149,-0.9491,30.9,31.0,31.0,station
2024-06-13,29.3,30.6,33.4,30.0,31.5,30.0,29.7,33.3,30.2,30.0,30.96,1.59,0.32,90,100,21.1,15.02,3.9,0.2986,-0.9544,29.5,31.0,31.0,station
2024-06-14,29.0,29.6,31.9,28.8,30.2,29.6,28.9,32.1,29.0,30.4,29.9,1.24,-0.1,88,100,24.9,12.69,4.7,0.2821,-0.9594,29.4,29.0,29.0,station
2024-06-15,29.8,28.1,31.6,29.1,29.2,29.2,27.9,32.4,29.0,29.1,29.56,1.29,0.04,88,100,27.7,13.03,12.8,0.2656,-0.9641,29.4,29.0,29.0,station
2024-06-16,28.8,27.9,30.9,29.4,30.0,29.0,28.4,30.9,29.3,29.2,29.4,1.14,0.04,90,100,25.3,13.72,4.0,0.2489,-0.9685,28.8,31.0,31.0,station
2024-06-17,30.0,30.2,32.6,31.1,31.2,30.3,29.8,32.2,31.0,30.4,31.02,1.03,0.28,87,91,23.6,21.47,3.8,0.2322,-0.9727,31.0,31.0,31.0,station
2024-06-18,29.5,29.6,32.5,31.3,31.0,29.5,29.8,32.6,31.2,30.5,30.78,1.26,0.06,87,93,20.2,20.65,7.0,0.2155,-0.9765,30.7,31.0,31.0,station
2024-06-19,30.1,31.3,33.2,31.0,31.8,30.1,31.2,32.9,31.7,31.1,31.48,1.14,0.08,84,91,21.6,23.82,1.2,0.1986,-0.9801,31.7,31.0,31.0,station
2024-06-20,30.3,31.7,33.1,32.0,31.9,30.1,31.6,32.8,31.6,31.7,31.8,1.0,0.24,84,87,20.9,26.01,0.8,0.1818,-0.9833,31.9,32.0,32.0,station
2024-06-21,30.5,31.9,33.9,32.1,30.6,30.6,32.0,33.6,32.7,32.2,31.8,1.38,-0.42,84,67,19.4,25.24,1.5,0.1648,-0.9863,31.8,32.0,32.0,station
2024-06-22,30.3,31.7,34.0,32.2,32.6,30.8,31.9,33.9,32.3,32.8,32.16,1.35,-0.18,82,99,20.2,25.14,0.6,0.1478,-0.989,32.1,32.0,32.0,station
2024-06-23,30.5,31.3,33.8,32.1,32.0,30.3,31.3,33.1,32.3,32.2,31.94,1.22,0.1,82,95,21.3,23.97,3.2,0.1308,-0.9914,32.2,32.0,32.0,station
2024-06-24,30.1,30.9,32.5,32.0,31.7,30.4,31.0,34.1,32.5,31.2,31.44,0.95,-0.4,86,98,20.5,18.85,8.9,0.1137,-0.9935,30.9,32.0,32.0,station
2024-06-25,29.5,30.4,33.5,31.7,31.6,29.7,30.4,33.6,31.3,31.0,31.34,1.51,0.14,87,96,20.2,22.63,8.7,0.0966,-0.9953,30.6,32.0,32.0,station
2024-06-26,28.9,30.7,33.5,32.5,30.9,29.9,30.9,33.6,32.5,33.3,31.3,1.77,-0.74,87,70,12.1,19.4,11.7,0.0795,-0.9968,30.6,33.0,33.0,station
2024-06-27,30.1,31.1,34.3,32.8,32.6,30.1,31.0,34.5,32.7,33.0,32.18,1.62,-0.08,86,84,12.3,22.33,4.3,0.0623,-0.9981,32.4,32.0,32.0,station
2024-06-28,30.9,32.2,33.7,32.4,33.1,30.6,31.6,32.9,32.6,32.4,32.46,1.05,0.44,84,74,21.3,24.99,1.8,0.0451,-0.999,32.3,32.0,32.0,station
2024-06-29,30.6,30.2,33.1,30.7,31.2,31.0,30.5,33.4,31.7,30.3,31.16,1.14,-0.22,85,98,30.3,19.34,6.1,0.028,-0.9996,30.1,30.0,30.0,station
2024-06-30,31.7,31.1,32.2,31.5,32.6,31.4,30.8,31.8,31.7,32.1,31.82,0.59,0.26,84,100,25.4,14.46,8.6,0.0108,-0.9999,30.9,31.0,31.0,station
2024-07-01,30.7,31.3,32.6,31.0,32.3,31.3,31.1,32.1,31.4,32.6,31.58,0.83,-0.12,84,71,29.8,23.58,7.7,-0.0065,-1.0,31.6,32.0,32.0,station
2024-07-02,30.6,31.1,32.1,31.0,30.9,30.8,31.1,32.8,30.6,31.2,31.14,0.57,-0.16,84,99,25.2,20.35,6.8,-0.0237,-0.9997,30.8,32.0,32.0,station
2024-07-03,31.3,32.4,34.0,33.5,33.2,31.5,32.3,34.4,33.2,31.8,32.88,1.06,0.24,82,33,17.9,23.94,4.1,-0.0408,-0.9992,31.7,33.0,33.0,station
2024-07-04,30.0,30.6,35.0,32.3,33.3,29.7,30.6,34.2,32.2,31.6,32.24,2.03,0.58,87,47,11.0,20.62,2.0,-0.058,-0.9983,30.7,32.0,32.0,station
2024-07-05,30.3,31.6,34.4,32.1,32.1,30.9,32.4,33.8,32.7,32.0,32.1,1.48,-0.26,86,21,14.1,24.67,0.9,-0.0752,-0.9972,31.9,33.0,33.0,station
2024-07-06,31.3,31.9,34.8,32.7,33.5,30.5,32.3,34.3,32.9,33.8,32.84,1.37,0.08,84,32,11.5,23.28,3.3,-0.0923,-0.9957,32.1,32.0,32.0,station
2024-07-07,30.7,31.7,34.5,32.6,32.8,30.8,31.8,34.0,32.6,33.0,32.46,1.41,0.02,84,45,18.5,22.57,2.9,-0.1094,-0.994,31.8,32.0,32.0,station
2024-07-08,30.5,31.4,34.2,32.2,32.8,30.8,31.2,33.9,32.4,31.3,32.22,1.4,0.3,81,46,19.1,23.72,1.9,-0.1265,-0.992,31.5,32.0,32.0,station
2024-07-09,30.8,31.9,34.2,32.3,32.2,30.8,31.4,34.3,32.4,32.6,32.28,1.23,-0.02,77,20,19.3,25.69,0.2,-0.1436,-0.9896,32.2,33.0,33.0,station
2024-07-10,30.7,32.3,34.3,32.1,32.4,30.0,32.1,34.0,32.2,32.7,32.36,1.28,0.16,78,25,16.5,24.11,0.6,-0.1606,-0.987,31.7,33.0,33.0,station
2024-07-11,30.0,30.5,33.9,32.1,31.4,30.8,30.5,34.1,32.3,31.8,31.58,1.53,-0.32,82,62,17.6,21.56,2.5,-0.1775,-0.9841,31.7,33.0,33.0,station
2024-07-12,30.0,30.7,34.0,32.1,31.1,30.7,31.2,33.8,32.8,32.3,31.58,1.55,-0.58,84,96,17.4,19.66,5.8,-0.1944,-0.9809,30.7,32.0,32.0,station
2024-07-13,30.7,31.9,34.5,32.7,32.8,31.1,32.1,34.4,32.9,32.7,32.52,1.39,-0.12,82,55,18.1,24.0,1.6,-0.2113,-0.9774,31.9,34.0,34.0,station
2024-07-14,31.7,32.9,37.1,33.8,34.5,32.7,33.0,37.0,33.5,34.9,34.0,2.02,-0.22,79,73,19.8,24.93,1.4,-0.2281,-0.9736,34.2,36.0,36.0,station
2024-07-15,32.4,32.0,35.4,32.8,34.2,31.5,31.1,36.6,33.3,34.9,33.36,1.41,-0.12,80,78,19.5,21.16,0.2,-0.2448,-0.9696,33.5,35.0,35.0,station
2024-07-16,31.1,30.6,35.7,33.0,33.9,31.5,31.0,35.1,32.8,34.6,32.86,2.08,-0.14,83,67,21.3,20.79,2.8,-0.2614,-0.9652,31.8,33.0,33.0,station
2024-07-17,30.7,30.6,35.8,32.5,34.0,30.8,30.8,36.1,33.0,33.0,32.72,2.22,-0.02,81,55,17.7,21.7,1.2,-0.278,-0.9606,32.5,33.0,33.0,station
2024-07-18,30.3,29.5,35.5,32.1,33.3,30.2,30.4,32.6,32.0,34.0,32.14,2.4,0.3,81,48,16.3,21.95,4.1,-0.2945,-0.9557,32.4,32.0,32.0,station
2024-07-19,31.1,29.9,34.2,33.4,32.0,31.5,30.7,33.9,33.0,32.9,32.12,1.73,-0.28,87,82,16.0,16.34,12.9,-0.3109,-0.9505,31.8,32.0,32.0,station
2024-07-20,32.3,31.8,36.4,32.7,33.6,31.0,31.6,35.9,33.2,34.0,33.36,1.82,0.22,84,48,17.3,22.65,2.0,-0.3272,-0.945,32.9,34.0,34.0,station
2024-07-21,32.2,31.9,35.5,32.2,31.7,30.0,31.6,36.1,32.8,31.6,32.7,1.58,0.28,82,59,17.4,21.55,2.1,-0.3434,-0.9392,32.2,34.0,34.0,station
2024-07-22,30.9,30.7,36.2,32.9,33.5,31.1,31.4,32.6,32.9,33.2,32.84,2.24,0.6,82,86,17.9,23.43,1.8,-0.3595,-0.9332,32.8,34.0,34.0,station
2024-07-23,31.1,32.5,35.5,32.4,31.7,31.2,32.5,35.0,32.7,32.4,32.64,1.7,-0.12,84,86,15.0,25.11,0.5,-0.3755,-0.9268,32.3,33.0,33.0,station
2024-07-24,33.0,33.6,36.3,33.5,33.3,33.4,33.8,37.1,33.8,34.4,33.94,1.34,-0.56,83,99,16.5,17.25,0.0,-0.3914,-0.9202,33.8,34.0,34.0,station
2024-07-25,35.4,35.0,37.5,35.1,36.1,35.7,35.1,35.7,35.2,35.7,35.82,1.03,0.34,75,99,23.1,22.77,1.5,-0.4071,-0.9134,36.5,37.0,37.0,station
2024-07-26,32.3,31.9,36.7,32.5,34.1,31.7,31.3,34.0,32.0,35.8,33.5,1.97,0.54,87,100,26.5,8.51,48.2,-0.4228,-0.9062,31.6,33.0,33.0,station
2024-07-27,30.4,29.3,31.1,30.2,26.7,30.7,29.7,31.7,30.9,28.9,29.54,1.71,-0.84,89,100,20.3,5.29,23.8,-0.4383,-0.8988,29.1,30.0,30.0,station
2024-07-28,28.2,27.9,29.5,30.0,27.3,28.6,28.2,29.1,29.3,29.2,28.58,1.13,-0.3,92,100,16.9,5.15,39.2,-0.4537,-0.8912,28.0,28.0,28.0,station
2024-07-29,28.3,27.6,32.2,29.4,29.2,27.9,27.6,28.6,29.5,26.6,29.34,1.75,1.3,89,99,19.3,12.98,13.0,-0.469,-0.8832,28.7,31.0,31.0,station
2024-07-30,28.5,27.7,28.9,30.0,28.1,29.0,27.8,27.1,30.4,30.2,28.64,0.88,-0.26,89,79,18.5,15.75,25.8,-0.4841,-0.875,29.2,30.0,30.0,station
2024-07-31,29.1,29.1,30.7,29.4,30.9,28.7,28.5,30.8,29.3,29.8,29.84,0.89,0.42,88,75,24.5,16.83,21.0,-0.4991,-0.8666,29.4,30.0,30.0,station
2024-08-01,30.4,30.5,33.2,31.3,31.7,29.9,30.4,32.6,31.2,31.8,31.42,1.13,0.24,84,34,25.3,21.74,4.9,-0.5139,-0.8578,31.4,32.0,32.0,station
2024-08-02,30.8,31.5,33.8,30.9,32.2,30.5,31.1,33.8,31.3,30.1,31.84,1.23,0.48,86,36,19.6,23.33,3.6,-0.5286,-0.8489,31.0,32.0,32.0,station
2024-08-03,30.8,32.8,34.1,32.4,32.6,30.8,32.8,34.6,32.1,32.3,32.54,1.18,0.02,84,16,18.4,25.71,0.0,-0.5431,-0.8397,32.3,33.0,33.0,station
2024-08-04,32.6,34.1,36.7,33.5,33.5,32.8,33.8,36.4,33.5,33.6,34.08,1.56,0.06,84,19,13.5,26.06,0.0,-0.5575,-0.8302,33.6,34.0,34.0,station
2024-08-05,32.8,34.2,37.8,33.7,35.4,34.1,34.6,37.1,35.0,35.0,34.78,1.93,-0.38,87,60,16.7,20.46,21.0,-0.5717,-0.8205,34.8,36.0,36.0,station
2024-08-06,32.9,33.1,36.6,33.4,35.4,33.5,34.0,36.6,34.0,35.4,34.28,1.64,-0.42,86,74,8.4,18.74,6.7,-0.5857,-0.8105,32.7,34.0,34.0,station
2024-08-07,32.6,33.3,37.3,32.8,34.6,32.6,33.4,36.5,33.3,34.6,34.12,1.94,0.04,83,30,11.0,24.45,3.2,-0.5996,-0.8003,33.4,34.0,34.0,station
2024-08-08,32.6,33.6,36.7,33.1,33.7,32.1,33.5,36.1,32.9,34.0,33.94,1.6,0.22,82,71,16.2,24.27,0.1,-0.6132,-0.7899,32.9,34.0,34.0,station
2024-08-09,31.5,34.3,35.1,32.5,33.3,32.0,33.7,34.8,33.0,33.5,33.34,1.42,-0.06,83,51,23.1,25.44,0.0,-0.6267,-0.7792,32.7,33.0,33.0,station
2024-08-10,31.1,32.6,34.6,32.3,32.7,31.5,32.9,35.6,32.7,32.3,32.66,1.26,-0.34,86,98,16.1,20.67,11.6,-0.64,-0.7683,31.2,33.0,33.0,station
2024-08-11,31.1,31.6,35.5,32.2,31.5,31.2,31.9,35.5,32.1,32.4,32.38,1.79,-0.24,85,98,14.9,18.34,9.6,-0.6532,-0.7572,31.9,33.0,33.0,station
2024-08-12,29.3,30.2,34.8,30.6,28.0,29.6,30.1,35.4,30.6,30.0,30.58,2.56,-0.56,90,100,14.6,10.04,21.5,-0.6661,-0.7459,29.9,32.0,32.0,station
2024-08-13,29.7,30.6,34.0,30.9,29.9,30.2,31.0,33.9,31.6,31.5,31.02,1.74,-0.62,90,100,11.2,13.14,16.0,-0.6788,-0.7343,29.6,32.0,32.0,station
2024-08-14,28.9,29.7,33.2,31.9,26.5,30.2,30.8,32.8,32.0,30.4,30.04,2.62,-1.2,89,100,16.9,16.66,1.6,-0.6914,-0.7225,30.0,29.0,29.0,station
2024-08-15,29.6,29.7,32.6,30.7,27.4,29.9,29.6,34.8,31.5,29.8,30.0,1.89,-1.12,88,98,12.6,16.05,6.3,-0.7037,-0.7105,29.8,31.0,31.0,station
2024-08-16,28.9,29.3,32.2,30.0,27.6,28.4,29.5,33.5,29.8,28.4,29.6,1.7,-0.32,88,98,19.9,20.65,5.3,-0.7158,-0.6983,29.3,31.0,31.0,station
2024-08-17,28.6,28.3,27.6,28.6,27.8,28.3,28.4,28.5,29.5,28.7,28.18,0.46,-0.5,90,99,20.6,6.97,40.3,-0.7277,-0.6859,28.8,29.0,29.0,station
2024-08-18,28.0,29.4,30.7,29.0,29.2,28.1,29.8,30.9,29.3,30.3,29.26,0.97,-0.42,90,100,17.1,8.02,21.7,-0.7394,-0.6733,28.8,30.0,30.0,station
2024-08-19,28.7,29.4,30.2,29.2,29.3,28.9,30.4,30.5,29.9,29.3,29.36,0.54,-0.44,90,100,17.6,10.25,51.8,-0.7509,-0.6605,29.1,29.0,29.0,station
2024-08-20,28.3,28.4,30.8,28.9,26.8,28.4,28.7,29.4,28.8,27.4,28.64,1.44,0.1,91,100,22.2,7.68,59.6,-0.7621,-0.6474,28.3,30.0,30.0,station
2024-08-21,29.0,27.6,26.2,28.2,27.3,28.2,27.5,26.5,28.6,27.5,27.66,1.04,0.0,90,100,18.4,6.28,42.0,-0.7731,-0.6342,28.4,28.0,28.0,station
2024-08-22,28.6,29.4,28.3,30.5,30.4,29.0,29.9,25.8,31.3,29.7,29.44,1.01,0.3,89,100,15.5,13.36,11.4,-0.7839,-0.6208,29.2,30.0,30.0,station
2024-08-23,30.0,31.2,30.4,31.4,31.3,29.7,31.0,32.0,31.3,30.5,30.86,0.62,-0.04,85,100,12.0,16.05,1.8,-0.7945,-0.6073,31.3,32.0,32.0,station
2024-08-24,30.4,32.3,34.6,31.7,31.7,30.2,32.1,33.9,31.4,32.3,32.14,1.54,0.16,83,73,10.9,21.75,0.0,-0.8048,-0.5935,32.4,33.0,33.0,station
2024-08-25,31.2,31.9,34.3,32.1,32.1,30.7,32.1,33.8,32.1,32.1,32.32,1.17,0.16,87,63,8.3,20.91,3.4,-0.8149,-0.5796,32.3,32.0,32.0,station
2024-08-26,31.0,31.7,34.9,31.5,31.1,31.3,32.0,34.6,31.6,30.6,32.04,1.62,0.02,86,42,13.0,21.43,2.0,-0.8248,-0.5655,31.9,33.0,33.0,station
2024-08-27,32.2,32.8,35.0,32.3,32.9,31.6,32.9,35.2,31.8,32.5,33.04,1.14,0.24,84,52,10.6,22.99,0.3,-0.8344,-0.5512,32.1,33.0,33.0,station
2024-08-28,31.6,33.3,37.3,33.4,34.8,32.8,33.4,36.5,33.1,33.1,34.08,2.13,0.3,84,97,15.9,18.99,1.2,-0.8437,-0.5368,33.1,34.0,34.0,station
2024-08-29,29.6,30.7,34.2,31.8,32.6,31.8,31.3,35.5,32.3,32.7,31.78,1.76,-0.94,86,84,10.1,15.43,18.9,-0.8528,-0.5222,31.7,33.0,33.0,station
2024-08-30,30.0,31.2,34.7,32.5,30.7,29.8,31.0,33.2,32.6,29.6,31.82,1.85,0.58,88,58,13.1,20.22,3.2,-0.8617,-0.5074,31.3,32.0,32.0,station
2024-08-31,29.1,29.5,32.1,32.6,32.8,30.2,29.9,34.3,32.9,33.1,31.22,1.78,-0.86,89,83,13.8,12.23,9.8,-0.8703,-0.4925,30.6,33.0,33.0,station
2024-09-01,31.2,32.7,34.1,33.5,33.7,31.3,32.5,34.9,33.2,33.5,33.04,1.15,-0.04,87,87,10.2,20.03,2.2,-0.8786,-0.4775,31.8,33.0,33.0,station
2024-09-02,32.1,33.3,35.8,33.1,34.4,31.7,33.0,35.1,33.7,34.2,33.74,1.41,0.2,88,86,21.4,20.31,22.8,-0.8867,-0.4623,32.3,34.0,34.0,station
2024-09-03,31.5,33.5,35.7,32.4,31.9,31.6,33.4,35.2,34.6,31.5,33.0,1.69,-0.26,86,90,21.9,22.89,4.6,-0.8945,-0.447,33.0,34.0,34.0,station
2024-09-04,32.7,32.1,35.9,32.4,29.6,32.3,32.3,35.2,35.7,29.6,32.54,2.25,-0.48,84,99,12.0,20.28,1.2,-0.9021,-0.4315,32.7,35.0,35.0,station
2024-09-05,31.9,32.5,34.5,32.6,34.7,31.6,32.7,33.6,34.1,35.1,33.24,1.27,-0.18,83,98,26.0,20.22,2.8,-0.9094,-0.4159,33.0,35.0,35.0,station
2024-09-06,28.3,28.5,29.4,29.7,30.6,28.4,28.7,28.1,29.7,30.9,29.3,0.94,0.14,89,100,31.1,5.21,35.5,-0.9164,-0.4002,28.1,28.0,28.0,station
2024-09-07,29.7,29.0,32.2,31.1,31.5,30.8,29.2,28.7,31.7,30.4,30.7,1.32,0.54,86,100,23.5,17.52,12.4,-0.9232,-0.3844,31.3,31.0,31.0,station
2024-09-08,29.5,29.6,33.7,31.6,32.1,29.1,29.0,33.8,31.4,32.1,31.3,1.78,0.22,89,100,19.5,12.96,4.8,-0.9296,-0.3685,30.0,31.0,31.0,station
2024-09-09,28.2,28.9,31.5,30.6,27.5,29.8,30.1,31.5,32.7,29.4,29.34,1.67,-1.36,89,94,10.4,16.32,4.3,-0.9358,-0.3524,29.1,31.0,31.0,station
2024-09-10,30.6,31.1,34.1,33.2,32.0,29.8,31.4,34.6,32.6,32.2,32.2,1.45,0.08,85,77,9.2,21.65,3.2,-0.9418,-0.3363,32.0,33.0,33.0,station
2024-09-11,30.8,32.2,34.5,32.3,33.1,30.8,32.0,33.9,34.1,33.7,32.58,1.36,-0.32,87,55,16.5,20.6,2.8,-0.9474,-0.32,30.9,33.0,33.0,station
2024-09-12,30.1,31.7,33.4,32.0,31.9,30.8,31.9,34.7,32.4,32.0,31.82,1.17,-0.54,87,29,10.6,20.07,2.5,-0.9528,-0.3037,30.9,31.0,31.0,station
2024-09-13,30.6,32.0,34.6,31.8,32.5,30.1,31.5,34.4,30.8,32.4,32.3,1.46,0.46,85,83,9.3,19.4,11.7,-0.9579,-0.2873,31.7,33.0,33.0,station
2024-09-14,29.9,30.6,33.1,32.6,30.0,31.2,30.8,32.1,32.5,31.5,31.24,1.5,-0.38,86,69,10.4,17.71,4.3,-0.9627,-0.2707,30.6,30.0,30.0,station
2024-09-15,31.9,31.2,33.0,32.1,31.3,30.7,30.8,32.6,32.6,32.2,31.9,0.72,0.12,80,44,11.2,21.9,0.2,-0.9672,-0.2541,31.9,33.0,33.0,station
2024-09-16,29.9,31.3,34.1,32.5,29.3,30.7,31.6,35.3,33.3,31.6,31.42,1.95,-1.08,88,80,16.3,15.96,12.5,-0.9714,-0.2375,29.9,32.0,32.0,station
2024-09-17,32.8,33.0,35.0,34.2,36.1,33.0,33.3,34.7,34.5,35.2,34.22,1.38,0.08,85,73,18.9,19.3,13.8,-0.9753,-0.2207,33.7,36.0,36.0,station
2024-09-18,32.3,33.0,35.4,34.3,33.4,32.5,32.8,35.6,34.4,36.4,33.68,1.2,-0.66,80,25,16.9,21.86,1.2,-0.979,-0.2039,33.4,34.0,34.0,station
2024-09-19,32.7,32.6,36.0,34.8,34.4,31.7,32.7,34.1,34.1,34.1,34.1,1.45,0.76,77,77,12.5,20.43,1.5,-0.9824,-0.187,33.1,33.0,33.0,station
2024-09-20,32.2,31.5,35.6,33.4,34.1,30.5,31.8,35.3,32.7,34.6,33.36,1.61,0.38,86,78,12.3,18.39,3.8,-0.9854,-0.1701,32.3,32.0,32.0,station
2024-09-21,29.7,30.0,31.5,31.1,30.0,29.1,30.2,32.4,29.8,30.8,30.46,0.79,0.0,90,99,17.7,11.14,54.3,-0.9882,-0.1531,29.5,31.0,31.0,station
2024-09-22,29.2,27.3,30.6,28.0,28.8,29.9,27.5,31.0,27.8,29.6,28.78,1.25,-0.38,89,100,22.6,7.78,28.0,-0.9907,-0.1361,28.6,31.0,31.0,station
2024-09-23,23.8,23.5,25.2,25.4,23.9,26.7,24.2,24.0,23.7,25.7,24.36,0.87,-0.5,88,100,20.7,7.65,17.1,-0.9929,-0.1191,25.2,27.0,27.0,station
2024-09-24,27.2,25.9,24.8,28.1,27.0,26.8,25.7,26.0,29.5,26.9,26.6,1.27,-0.38,92,95,16.6,5.66,34.4,-0.9948,-0.102,26.9,28.0,28.0,station
2024-09-25,30.3,29.7,30.8,29.3,29.6,29.4,29.1,30.7,30.4,30.4,29.94,0.6,-0.06,88,63,11.5,18.23,1.6,-0.9964,-0.0848,30.4,31.0,31.0,station
2024-09-26,30.0,31.0,32.6,31.0,31.4,29.9,30.5,32.1,30.6,31.3,31.2,0.94,0.32,86,66,12.8,20.07,0.8,-0.9977,-0.0677,30.6,32.0,32.0,station
2024-09-27,31.0,31.6,33.9,31.2,32.7,30.3,31.5,32.7,31.3,32.3,32.08,1.21,0.46,85,23,12.7,19.92,0.2,-0.9987,-0.0505,31.2,32.0,32.0,station
2024-09-28,30.3,31.1,33.6,31.1,31.3,30.6,31.2,32.7,30.5,32.6,31.48,1.25,-0.04,86,47,11.8,17.51,4.3,-0.9994,-0.0333,31.0,34.0,34.0,station
2024-09-29,30.4,31.3,32.9,31.0,30.7,30.5,30.9,32.8,30.9,31.4,31.26,0.98,-0.04,85,18,10.4,19.52,2.6,-0.9999,-0.0161,30.9,32.0,32.0,station
2024-09-30,32.7,33.4,36.1,35.2,34.5,32.8,33.2,34.3,34.7,33.9,34.38,1.36,0.6,79,14,12.6,22.05,0.0,-1.0,0.0011,33.2,34.0,34.0,station
2024-10-01,30.3,31.4,34.3,32.0,33.8,30.6,31.5,34.2,32.4,32.7,32.36,1.67,0.08,71,36,26.7,20.71,0.0,-0.9998,0.0183,32.1,34.0,34.0,station
2024-10-02,26.7,27.1,29.5,28.2,29.8,26.8,27.2,29.9,28.0,28.4,28.26,1.39,0.2,61,63,24.3,18.96,0.0,-0.9994,0.0355,27.1,30.0,30.0,station
2024-10-03,26.7,26.8,29.4,28.0,28.3,26.0,26.6,29.0,27.7,29.1,27.84,1.12,0.16,54,65,23.2,21.13,0.0,-0.9986,0.0527,26.9,29.0,29.0,station
2024-10-04,28.2,28.7,30.3,29.5,30.6,27.8,28.5,30.3,29.2,29.9,29.46,1.02,0.32,59,50,16.6,18.3,0.0,-0.9976,0.0698,27.6,30.0,30.0,station
2024-10-05,29.2,29.3,31.7,30.5,32.1,29.2,29.6,32.0,30.9,31.4,30.56,1.33,-0.06,65,25,16.4,17.36,0.0,-0.9962,0.087,28.9,31.0,31.0,station
2024-10-06,30.8,30.7,33.0,32.0,33.2,30.4,30.5,33.3,32.0,33.5,31.94,1.18,0.0,68,13,15.0,19.86,0.1,-0.9946,0.1041,31.8,33.0,33.0,station
2024-10-07,31.0,31.3,33.8,32.3,33.1,31.4,31.0,33.9,32.4,33.4,32.3,1.18,-0.12,65,16,16.9,20.05,0.0,-0.9926,0.1212,31.7,34.0,34.0,station
2024-10-08,29.8,29.8,32.1,30.4,31.7,30.1,29.9,32.2,31.2,32.5,30.76,1.08,-0.42,60,7,19.9,20.68,0.0,-0.9904,0.1383,30.3,31.0,31.0,station
2024-10-09,29.4,28.9,31.7,29.5,31.2,29.7,28.8,31.9,30.3,31.6,30.14,1.23,-0.32,67,47,15.0,12.84,0.0,-0.9879,0.1553,27.9,30.0,30.0,station
2024-10-10,29.9,29.4,32.2,30.2,31.1,29.9,29.2,32.3,30.5,31.5,30.56,1.11,-0.12,63,34,14.2,19.54,0.0,-0.9851,0.1722,30.4,31.0,31.0,station
2024-10-11,29.3,28.9,30.1,29.0,29.5,29.1,29.0,31.5,30.5,31.2,29.36,0.48,-0.9,74,87,8.3,11.37,0.3,-0.9819,0.1892,28.2,29.0,29.0,station
2024-10-12,29.6,29.2,31.8,30.2,31.5,29.7,29.4,31.2,30.6,31.5,30.46,1.15,-0.02,70,36,11.3,16.31,0.0,-0.9785,0.206,30.2,30.0,30.0,station
2024-10-13,30.8,30.5,32.8,31.4,31.9,31.0,30.3,32.6,31.4,32.1,31.48,0.91,0.0,72,42,10.2,18.27,0.0,-0.9749,0.2228,32.0,31.0,31.0,station
2024-10-14,31.1,31.4,33.2,31.6,32.3,30.9,30.8,32.9,31.6,31.9,31.92,0.84,0.3,71,9,13.1,19.37,0.1,-0.9709,0.2396,32.1,31.0,31.0,station
2024-10-15,31.3,31.6,33.1,32.1,31.9,31.1,31.6,33.2,32.3,30.8,32.0,0.69,0.2,75,52,11.8,17.16,0.3,-0.9666,0.2562,32.2,31.0,31.0,station
2024-10-16,30.8,30.3,32.9,30.8,32.7,31.1,30.3,33.2,31.2,31.8,31.5,1.21,-0.02,74,68,13.3,17.0,4.3,-0.9621,0.2728,32.0,33.0,33.0,station
2024-10-17,30.0,30.8,33.0,31.8,32.3,30.3,30.1,33.0,30.1,32.5,31.58,1.19,0.38,71,43,16.4,14.98,0.0,-0.9572,0.2893,32.0,31.0,31.0,station
2024-10-18,29.2,29.8,32.1,29.8,32.1,28.7,30.9,31.4,30.6,32.7,30.6,1.39,-0.26,76,92,15.0,12.88,1.1,-0.9521,0.3057,31.1,32.0,32.0,station
2024-10-19,32.5,32.2,35.7,33.9,34.5,32.5,32.2,34.3,33.3,34.1,33.76,1.44,0.48,72,29,9.8,18.27,0.0,-0.9467,0.3221,34.2,33.0,33.0,station
2024-10-20,30.6,30.2,32.9,31.6,30.4,30.6,30.0,31.5,31.6,30.6,31.14,1.12,0.28,70,37,16.7,16.82,0.9,-0.941,0.3383,32.5,31.0,31.0,station
2024-10-21,30.9,30.4,33.2,31.6,32.5,30.5,30.3,32.8,31.3,31.9,31.72,1.14,0.36,66,30,15.1,17.92,0.0,-0.9351,0.3545,32.2,33.0,33.0,station
2024-10-22,31.0,30.5,34.2,31.3,33.0,31.4,30.5,34.5,31.6,33.4,32.0,1.55,-0.28,63,34,25.3,19.0,0.0,-0.9288,0.3705,32.3,33.0,33.0,station
2024-10-23,28.1,27.8,30.2,28.1,29.5,28.3,27.5,30.3,27.8,29.2,28.74,1.05,0.12,53,85,24.0,19.07,0.0,-0.9223,0.3864,28.8,28.0,28.0,station
2024-10-24,28.1,26.8,29.8,28.4,29.2,28.2,26.9,30.8,28.6,28.7,28.46,1.14,-0.18,41,92,21.3,18.8,0.0,-0.9155,0.4022,28.7,28.0,28.0,station
2024-10-25,29.8,28.8,31.0,28.9,30.6,29.3,28.5,31.2,29.4,30.9,29.82,0.99,-0.04,44,92,23.1,13.67,0.0,-0.9085,0.4179,28.6,30.0,30.0,station
2024-10-26,29.4,27.8,29.8,26.6,33.1,28.2,27.5,28.0,27.7,29.4,29.34,2.46,1.18,59,94,24.4,12.79,6.7,-0.9012,0.4335,30.1,30.0,30.0,station
2024-10-27,30.4,28.8,31.7,30.4,32.6,30.5,27.9,32.5,30.1,31.8,30.78,1.45,0.22,63,89,19.7,14.91,0.0,-0.8936,0.4489,31.5,31.0,31.0,station
2024-10-28,29.3,27.7,27.6,27.7,29.7,28.8,27.4,29.5,27.5,27.4,28.4,1.01,0.28,62,60,23.3,14.57,0.2,-0.8857,0.4642,30.1,28.0,28.0,station
2024-10-29,28.4,26.6,31.2,27.8,27.5,28.8,26.7,27.7,28.4,29.3,28.3,1.75,0.12,60,94,17.6,13.37,0.0,-0.8776,0.4794,29.3,28.0,28.0,station
2024-10-30,28.1,27.7,32.1,26.7,28.3,29.5,27.8,31.5,26.9,29.1,28.58,2.06,-0.38,58,63,16.6,15.96,0.0,-0.8692,0.4944,29.0,29.0,29.0,station
2024-10-31,29.1,28.9,32.2,29.7,29.6,28.4,28.5,31.9,29.5,29.9,29.9,1.33,0.26,51,41,23.3,18.39,0.0,-0.8606,0.5093,30.5,31.0,31.0,station
2024-11-01,30.2,28.8,32.5,30.1,31.3,28.6,28.8,31.5,30.2,30.8,30.58,1.39,0.6,53,72,20.6,18.13,0.0,-0.8517,0.524,31.2,32.0,32.0,station
2024-11-02,29.1,27.2,31.0,26.8,30.0,28.9,26.6,31.2,28.1,29.6,28.82,1.8,-0.06,57,40,21.4,17.0,0.0,-0.8426,0.5386,30.0,27.0,27.0,station
2024-11-03,29.9,28.3,31.1,30.3,30.3,29.3,28.7,31.4,27.8,30.6,29.98,1.04,0.42,61,59,12.9,15.25,0.1,-0.8332,0.553,30.5,29.0,29.0,station
2024-11-04,28.0,29.2,32.2,28.9,28.9,29.8,28.3,31.6,28.7,30.3,29.44,1.61,-0.3,70,90,16.1,14.19,0.9,-0.8235,0.5672,30.5,31.0,31.0,station
2024-11-05,29.0,27.9,30.3,27.9,29.0,28.9,28.3,30.8,27.8,29.2,28.82,0.99,-0.18,57,75,18.4,11.55,0.0,-0.8137,0.5813,28.2,29.0,29.0,station
2024-11-06,28.4,27.7,29.9,28.1,28.6,28.2,27.0,30.1,27.9,28.5,28.54,0.83,0.2,52,2,18.7,17.58,0.0,-0.8035,0.5952,29.0,29.0,29.0,station
2024-11-07,27.2,27.2,29.3,26.9,26.7,26.6,27.1,29.2,26.9,26.5,27.46,1.05,0.2,46,6,19.6,18.12,0.0,-0.7932,0.609,27.5,28.0,28.0,station
2024-11-08,27.5,27.1,29.7,27.0,28.2,27.2,27.3,29.7,26.7,28.1,27.9,1.11,0.1,43,68,17.1,18.13,0.0,-0.7826,0.6225,27.7,28.0,28.0,station
2024-11-09,25.8,27.0,28.5,29.7,27.3,26.6,27.9,30.2,30.7,29.2,27.66,1.49,-1.26,49,92,17.1,14.8,0.0,-0.7718,0.6359,30.7,29.0,29.0,station
2024-11-10,27.3,27.7,30.5,29.7,29.0,24.9,25.7,28.9,27.8,30.6,28.84,1.34,1.26,69,98,17.3,4.8,0.6,-0.7607,0.6491,25.0,26.0,26.0,station
2024-11-11,29.5,28.8,31.4,29.1,30.6,29.6,28.6,31.4,30.2,31.7,29.88,1.09,-0.42,72,71,14.1,14.95,0.0,-0.7494,0.6621,29.0,29.0,29.0,station
2024-11-12,30.3,30.0,32.4,30.6,31.7,30.5,29.0,32.1,30.2,32.1,31.0,1.01,0.22,70,74,15.5,17.08,0.0,-0.7379,0.6749,31.7,32.0,32.0,station
2024-11-13,29.8,27.3,27.7,27.2,24.5,30.9,28.2,27.0,29.9,24.3,27.3,1.89,-0.76,81,100,19.8,9.99,13.1,-0.7262,0.6875,29.1,29.0,29.0,station
2024-11-14,26.9,26.6,27.1,26.9,24.5,28.6,27.3,28.5,27.6,24.7,26.4,1.08,-0.94,86,100,23.7,7.98,9.1,-0.7143,0.6998,27.0,27.0,27.0,station
2024-11-15,26.1,25.7,29.2,28.2,26.0,25.7,25.9,31.6,27.2,28.1,27.04,1.56,-0.66,97,99,11.9,3.53,43.8,-0.7021,0.712,24.3,26.0,26.0,station
2024-11-16,27.7,27.3,30.8,29.2,26.4,27.8,26.5,32.9,30.9,28.9,28.28,1.73,-1.12,92,86,9.0,11.42,7.7,-0.6898,0.724,28.6,28.0,28.0,station
2024-11-17,28.0,28.1,30.8,28.0,28.6,28.1,27.7,32.2,29.3,29.6,28.7,1.2,-0.68,81,63,12.6,11.57,0.9,-0.6772,0.7358,28.4,28.0,28.0,station
2024-11-18,26.0,25.7,27.6,25.6,26.9,26.5,25.9,28.5,26.5,27.0,26.36,0.86,-0.52,69,56,19.9,13.59,0.0,-0.6645,0.7473,26.6,27.0,27.0,station
2024-11-19,20.5,21.8,20.5,21.5,21.1,21.1,21.6,21.7,21.6,21.7,21.08,0.58,-0.46,85,100,19.9,3.91,25.0,-0.6515,0.7586,20.4,22.0,22.0,station
2024-11-20,18.9,18.0,19.1,18.3,17.8,20.3,18.0,20.3,18.1,17.8,18.42,0.56,-0.48,95,100,18.3,2.99,34.2,-0.6384,0.7697,17.0,18.0,18.0,station
2024-11-21,22.0,20.6,21.9,21.2,21.2,20.9,21.4,22.7,19.8,22.6,21.38,0.58,-0.1,79,48,18.3,12.32,6.4,-0.625,0.7806,23.4,22.0,22.0,station
2024-11-22,22.5,22.7,24.6,22.1,23.1,22.7,21.9,24.8,21.0,23.6,23.0,0.96,0.2,72,19,15.6,13.41,0.1,-0.6115,0.7912,23.5,22.0,22.0,station
2024-11-23,22.7,22.4,25.7,20.5,24.3,23.2,21.3,24.9,22.6,24.1,23.12,1.98,-0.1,72,67,14.9,10.38,0.0,-0.5978,0.8016,22.9,22.0,22.0,station
2024-11-24,22.6,22.2,24.3,22.8,23.3,24.6,22.6,25.6,23.5,25.3,23.04,0.81,-1.28,78,66,13.6,13.22,4.0,-0.584,0.8118,23.7,20.0,20.0,station
2024-11-25,24.5,22.9,26.7,25.1,24.8,22.6,23.1,27.6,24.7,25.5,24.8,1.36,0.1,87,74,10.6,11.58,7.4,-0.5699,0.8217,24.4,23.0,23.0,station
2024-11-26,21.2,22.3,22.8,21.7,19.7,20.6,21.9,24.5,21.5,20.7,21.54,1.19,-0.3,66,22,22.2,16.23,0.0,-0.5557,0.8314,21.9,23.0,23.0,station
2024-11-27,19.9,21.5,22.1,19.1,19.8,19.8,21.6,19.5,19.0,18.8,20.48,1.26,0.74,50,26,17.7,16.4,0.0,-0.5413,0.8408,20.6,22.0,22.0,station
2024-11-28,20.2,21.4,21.8,20.1,21.0,20.1,21.7,22.3,19.4,20.3,20.9,0.74,0.14,49,45,18.6,16.47,0.0,-0.5268,0.85,20.9,23.0,23.0,station
2024-11-29,19.3,20.7,22.1,20.4,21.0,19.3,21.3,22.1,19.3,20.5,20.7,1.01,0.2,47,37,18.4,16.82,0.0,-0.5121,0.859,20.2,22.0,22.0,station
2024-11-30,21.2,21.7,23.3,22.1,22.8,20.8,21.7,23.2,21.1,22.6,22.22,0.84,0.34,55,45,12.0,16.41,0.0,-0.4972,0.8676,21.9,23.0,23.0,station
2024-12-01,22.5,23.2,24.3,23.2,24.5,22.1,23.1,24.1,24.0,24.8,23.54,0.84,-0.08,72,89,9.1,16.32,0.0,-0.4822,0.8761,23.3,23.0,23.0,station
2024-12-02,24.2,24.0,25.8,25.5,25.9,23.8,24.3,25.9,25.6,25.9,25.08,0.91,-0.02,78,10,9.4,15.89,0.0,-0.4671,0.8842,25.2,25.0,25.0,station
2024-12-03,24.8,24.9,27.0,25.8,27.1,24.4,24.8,26.4,25.6,26.7,25.92,1.1,0.34,76,17,9.5,15.14,0.0,-0.4518,0.8921,25.8,26.0,26.0,station
2024-12-04,25.0,24.9,26.7,26.1,26.7,24.9,25.1,27.1,26.1,27.1,25.88,0.88,-0.18,79,64,11.2,14.81,0.1,-0.4364,0.8998,26.6,26.0,26.0,station
2024-12-05,23.7,24.3,26.1,25.3,26.8,23.9,24.2,26.0,24.8,26.1,25.24,1.27,0.24,77,30,11.4,14.59,0.9,-0.4208,0.9071,25.4,25.0,25.0,station
2024-12-06,22.1,23.0,26.1,23.3,24.6,22.7,23.6,25.9,23.7,25.3,23.82,1.56,-0.42,71,0,13.4,15.42,0.0,-0.4052,0.9142,23.5,25.0,25.0,station
2024-12-07,21.9,22.3,24.9,22.1,24.0,20.9,22.5,25.0,22.1,23.3,23.04,1.33,0.28,71,0,19.2,15.54,0.0,-0.3894,0.9211,22.5,23.0,23.0,station
2024-12-08,19.6,19.0,22.1,19.8,21.6,20.4,19.4,21.8,19.5,21.5,20.42,1.35,-0.1,65,34,19.4,13.59,0.0,-0.3735,0.9276,19.3,20.0,20.0,station
2024-12-09,20.8,19.5,22.8,21.8,22.3,21.4,19.9,22.8,21.4,22.9,21.44,1.31,-0.24,68,67,14.3,11.39,0.0,-0.3575,0.9339,20.8,20.0,20.0,station
2024-12-10,23.4,21.9,24.1,23.6,24.5,23.3,22.2,24.7,23.6,24.2,23.5,0.99,-0.1,76,68,11.7,13.2,0.0,-0.3413,0.9399,25.0,23.0,23.0,station
2024-12-11,23.9,22.9,26.0,24.0,25.5,24.8,22.6,25.8,22.3,26.1,24.46,1.27,0.14,74,78,19.0,10.32,0.7,-0.3251,0.9457,24.8,26.0,26.0,station
2024-12-12,19.7,19.1,22.4,20.0,21.0,20.2,19.9,20.3,21.3,21.9,20.44,1.29,-0.28,65,65,18.8,12.03,0.0,-0.3088,0.9511,20.2,21.0,21.0,station
2024-12-13,17.6,17.3,20.0,16.7,20.2,18.7,18.1,17.3,17.8,20.0,18.36,1.62,-0.02,61,55,21.5,12.6,0.0,-0.2924,0.9563,18.8,21.0,21.0,station
2024-12-14,15.7,15.2,16.2,14.0,16.4,14.8,14.6,16.4,14.6,16.8,15.5,0.96,0.06,53,53,20.9,10.95,0.0,-0.2759,0.9612,16.7,18.0,18.0,station
2024-12-15,14.9,14.7,15.4,12.6,14.6,15.7,14.0,14.2,13.3,14.5,14.44,1.07,0.1,42,95,18.4,7.57,0.0,-0.2593,0.9658,14.6,16.0,16.0,station
2024-12-16,18.5,18.2,20.9,19.4,19.7,18.4,18.5,20.3,18.7,16.9,19.34,1.07,0.78,46,54,13.4,11.98,0.0,-0.2427,0.9701,18.1,19.0,19.0,station
2024-12-17,20.9,20.6,22.4,21.0,21.9,20.5,20.4,22.4,21.1,21.8,21.36,0.76,0.12,60,2,10.4,15.72,0.0,-0.226,0.9741,20.5,22.0,22.0,station
2024-12-18,19.7,20.3,22.7,19.8,20.9,20.2,20.8,23.0,20.5,21.1,20.68,1.23,-0.44,43,40,18.3,14.32,0.0,-0.2092,0.9779,20.7,23.0,23.0,station
2024-12-19,17.1,18.0,19.2,17.4,18.5,17.2,18.3,19.5,17.7,18.9,18.04,0.84,-0.28,42,3,18.2,15.88,0.0,-0.1923,0.9813,17.4,18.0,18.0,station
2024-12-20,17.8,17.9,20.0,18.5,18.9,17.7,18.4,19.9,18.3,18.6,18.62,0.89,0.04,48,0,16.0,16.17,0.0,-0.1754,0.9845,17.9,18.0,18.0,station
2024-12-21,19.6,19.9,22.1,20.0,19.9,19.7,20.5,22.2,20.3,19.8,20.3,1.02,-0.2,46,16,17.0,15.97,0.0,-0.1585,0.9874,19.7,21.0,21.0,station
2024-12-22,17.6,17.8,19.7,18.5,19.4,17.8,18.4,20.0,19.3,19.2,18.6,0.94,-0.34,47,97,18.0,15.07,0.0,-0.1414,0.9899,18.5,19.0,19.0,station
2024-12-23,15.5,15.4,17.3,14.7,20.6,15.6,15.2,21.9,18.3,20.0,16.7,2.38,-1.5,49,100,15.3,4.16,0.1,-0.1244,0.9922,16.5,18.0,18.0,station
2024-12-24,18.3,18.3,18.6,20.3,20.0,19.6,17.5,18.0,20.5,19.1,19.1,0.97,0.16,47,86,18.2,11.51,0.0,-0.1073,0.9942,18.1,19.0,19.0,station
2024-12-25,18.8,18.8,19.4,19.5,18.5,19.7,18.4,20.3,20.6,20.5,19.0,0.43,-0.9,60,94,14.8,9.79,1.7,-0.0902,0.9959,20.4,18.0,18.0,station
2024-12-26,20.9,21.0,20.7,20.5,23.6,19.5,19.4,24.7,21.9,21.6,21.34,1.28,-0.08,69,37,15.6,13.51,0.1,-0.073,0.9973,23.4,23.0,23.0,station
2024-12-27,20.7,20.5,20.6,19.6,22.7,19.7,19.2,20.3,18.6,20.7,20.82,1.14,1.12,52,71,20.8,12.96,0.0,-0.0559,0.9984,22.4,23.0,23.0,station
2024-12-28,18.2,18.7,20.9,17.4,18.8,18.0,18.8,21.0,17.0,18.8,18.8,1.3,0.08,38,25,22.7,15.53,0.0,-0.0387,0.9993,18.3,19.0,19.0,station
2024-12-29,18.1,17.4,19.9,18.4,19.7,17.8,17.9,19.7,18.5,19.8,18.7,1.07,-0.04,54,0,16.5,16.02,0.0,-0.0215,0.9998,18.9,18.0,18.0,station
2024-12-30,21.6,20.8,22.3,21.4,22.5,21.6,20.2,22.4,21.1,22.2,21.72,0.69,0.22,71,0,10.0,15.83,0.0,-0.0043,1.0,21.8,21.0,21.0,station
2024-12-31,21.6,21.6,24.8,21.8,23.2,21.9,21.8,24.8,21.2,22.9,22.6,1.4,0.08,54,29,16.8,15.65,0.0,0.0129,0.9999,21.9,,,
2025-01-01,20.1,20.3,22.4,21.3,22.4,22.0,20.5,22.8,20.9,20.4,21.3,1.1,-0.02,59,78,9.5,6.55,0.0,0.0172,0.9999,19.6,21.0,21.0,station
2025-01-02,21.9,21.9,24.0,23.1,24.4,21.8,22.3,25.0,23.8,23.0,23.06,1.16,-0.12,64,57,14.5,10.42,0.0,0.0344,0.9994,21.9,24.0,24.0,station
2025-01-03,20.8,21.0,24.4,20.6,21.8,20.7,20.8,24.8,21.1,21.7,21.72,1.57,-0.1,40,7,18.0,16.46,0.0,0.0516,0.9987,20.9,22.0,22.0,station
2025-01-04,20.9,20.4,22.1,21.1,21.7,20.5,20.5,22.2,20.5,21.9,21.24,0.67,0.12,56,24,11.5,16.19,0.0,0.0688,0.9976,21.5,21.0,21.0,station
2025-01-05,21.5,20.5,24.0,21.8,22.5,21.1,20.7,23.3,21.4,22.6,22.06,1.3,0.24,59,35,13.0,15.14,0.5,0.0859,0.9963,22.2,23.0,23.0,station
2025-01-06,21.3,21.6,23.5,21.2,22.9,21.3,21.7,23.9,21.8,22.9,22.1,1.04,-0.22,53,0,15.1,16.66,0.0,0.103,0.9947,22.3,22.0,22.0,station
2025-01-07,21.4,20.5,22.4,20.8,22.1,21.2,20.6,22.0,20.8,20.7,21.44,0.81,0.38,67,7,10.8,15.74,0.0,0.1201,0.9928,22.3,21.0,21.0,station
2025-01-08,21.2,20.7,22.9,21.8,22.7,19.4,19.9,20.9,22.0,18.7,21.86,0.94,1.68,62,14,10.6,16.25,0.0,0.1372,0.9905,22.6,21.0,21.0,station
2025-01-09,20.0,20.3,23.4,20.5,21.5,20.6,20.0,22.9,20.5,21.7,21.14,1.38,0.0,51,3,19.4,16.35,0.0,0.1542,0.988,21.4,22.0,22.0,station
2025-01-10,16.6,16.2,19.2,16.6,17.4,16.8,16.1,19.6,16.8,17.5,17.2,1.2,-0.16,44,3,20.2,16.34,0.0,0.1712,0.9852,16.4,18.0,18.0,station
2025-01-11,16.5,14.9,18.7,16.0,16.4,16.4,14.7,19.2,15.8,16.4,16.5,1.38,0.0,38,7,17.1,15.47,0.0,0.1881,0.9821,15.9,17.0,17.0,station
2025-01-12,18.4,18.5,20.5,18.8,19.1,19.0,18.4,20.7,18.5,18.9,19.06,0.85,-0.04,37,8,14.9,17.65,0.0,0.205,0.9788,18.6,21.0,21.0,station
2025-01-13,20.0,19.9,20.8,20.2,21.0,19.7,20.0,21.0,19.7,19.8,20.38,0.49,0.34,52,51,12.5,13.39,0.0,0.2218,0.9751,20.7,20.0,20.0,station
2025-01-14,21.6,20.0,18.1,19.1,20.9,17.6,18.9,18.7,19.1,23.4,19.94,1.39,0.4,54,89,13.6,10.57,0.0,0.2385,0.9711,23.2,21.0,21.0,station
2025-01-15,20.1,21.0,23.9,19.8,22.3,19.5,19.4,23.3,19.6,18.9,21.42,1.69,1.28,47,42,21.8,12.9,0.0,0.2552,0.9669,20.5,23.0,23.0,station
2025-01-16,18.6,18.7,21.1,19.4,19.8,18.7,19.0,21.6,18.7,20.3,19.52,1.01,-0.14,43,0,16.5,17.06,0.0,0.2718,0.9624,19.2,20.0,20.0,station
2025-01-17,19.0,18.4,20.1,18.8,19.7,19.1,18.3,20.1,19.3,20.1,19.2,0.69,-0.18,46,0,14.3,17.36,0.0,0.2883,0.9575,19.5,18.0,18.0,station
2025-01-18,20.6,19.6,20.9,19.7,21.3,20.7,19.5,21.5,20.3,20.8,20.42,0.75,-0.14,65,0,10.3,16.81,0.0,0.3047,0.9524,21.1,20.0,20.0,station
2025-01-19,21.8,21.3,23.2,21.7,22.7,21.9,20.8,23.0,21.8,23.0,22.14,0.78,0.04,62,0,10.2,17.43,0.0,0.3211,0.9471,22.2,21.0,21.0,station
2025-01-20,20.9,21.1,22.6,20.5,23.1,20.9,21.1,22.8,20.9,22.9,21.64,1.14,-0.08,65,0,9.2,17.38,0.0,0.3373,0.9414,21.6,21.0,21.0,station
2025-01-21,22.3,21.1,23.9,22.7,23.2,22.3,21.3,23.4,22.3,23.5,22.64,1.05,0.08,62,40,14.2,14.54,0.0,0.3534,0.9355,22.7,21.0,21.0,station
2025-01-22,18.9,19.1,21.9,22.4,17.0,18.7,18.9,23.0,21.9,18.4,19.86,2.25,-0.32,71,93,11.9,13.63,4.5,0.3695,0.9292,22.6,20.0,20.0,station
2025-01-23,22.2,22.7,25.5,22.9,23.5,21.6,20.5,24.8,23.5,20.8,23.36,1.28,1.12,82,75,9.2,10.72,0.1,0.3854,0.9227,23.4,20.0,20.0,station
2025-01-24,22.7,21.6,23.6,22.7,23.3,23.6,22.6,24.4,23.5,24.2,22.78,0.77,-0.88,69,29,12.3,15.78,0.0,0.4012,0.916,23.6,22.0,22.0,station
2025-01-25,21.7,22.1,24.3,21.5,23.6,21.4,21.5,24.1,21.8,24.4,22.64,1.24,0.0,76,17,16.4,16.37,0.0,0.4169,0.9089,22.8,23.0,23.0,station
2025-01-26,16.3,16.8,18.4,16.2,15.6,16.1,16.8,18.5,16.3,16.0,16.66,1.06,-0.08,79,84,19.9,4.03,1.5,0.4325,0.9016,15.9,17.0,17.0,station
2025-01-27,16.7,16.1,19.2,16.5,16.9,16.7,17.2,19.9,16.2,16.7,17.08,1.22,-0.26,42,32,21.2,18.67,0.0,0.4479,0.8941,17.0,18.0,18.0,station
2025-01-28,18.9,18.4,20.0,18.8,17.8,18.5,17.6,20.1,17.3,18.0,18.78,0.81,0.48,37,34,18.5,18.32,0.0,0.4633,0.8862,19.5,20.0,20.0,station
2025-01-29,20.0,19.1,20.8,20.1,19.9,20.0,18.8,20.5,19.9,18.0,19.98,0.61,0.54,44,42,13.0,16.13,0.0,0.4784,0.8781,20.5,19.0,19.0,station
2025-01-30,20.9,19.8,21.0,19.6,22.9,20.0,19.4,21.2,19.5,22.1,20.84,1.31,0.4,59,25,13.7,14.92,0.0,0.4935,0.8698,21.4,22.0,22.0,station
2025-01-31,22.0,21.1,23.6,21.9,23.7,21.9,20.4,22.8,22.1,22.5,22.46,1.14,0.52,64,48,14.8,15.61,3.0,0.5084,0.8611,24.5,22.0,22.0,station
2025-02-01,23.1,23.1,25.4,22.1,24.9,22.6,22.3,25.6,22.5,25.9,23.72,1.38,-0.06,84,92,8.5,12.42,4.4,0.5231,0.8523,24.6,22.0,22.0,station
2025-02-02,22.0,19.9,23.1,22.2,20.6,22.9,20.0,23.4,22.4,24.0,21.56,1.29,-0.98,82,92,12.6,13.28,1.4,0.5377,0.8432,24.2,21.0,21.0,station
2025-02-03,17.3,16.8,19.9,18.0,16.4,17.0,16.2,20.8,17.8,17.4,17.68,1.38,-0.16,73,89,19.1,10.62,5.6,0.5521,0.8338,17.5,17.0,17.0,station
2025-02-04,18.0,16.7,19.6,17.2,18.3,18.5,15.9,18.3,17.8,18.3,17.96,1.11,0.2,61,50,18.5,16.59,0.0,0.5664,0.8242,18.2,19.0,19.0,station
2025-02-05,18.8,17.9,20.7,19.0,19.1,20.0,16.1,18.2,18.5,18.6,19.1,1.01,0.82,57,50,10.5,15.18,0.0,0.5805,0.8143,19.3,18.0,18.0,station
2025-02-06,18.9,17.8,21.1,19.1,22.2,19.8,17.8,21.2,18.9,17.6,19.82,1.79,0.76,61,90,14.9,11.83,0.4,0.5944,0.8042,21.9,19.0,19.0,station
2025-02-07,19.1,14.0,21.1,15.7,18.5,16.6,14.3,20.4,15.4,16.1,17.68,2.82,1.12,65,86,20.1,9.79,0.0,0.6081,0.7938,15.3,16.0,16.0,station
2025-02-08,16.0,14.0,18.6,16.3,16.1,15.8,14.5,18.7,15.2,15.7,16.2,1.63,0.22,40,45,19.8,17.46,0.0,0.6217,0.7833,16.2,16.0,16.0,station
2025-02-09,16.2,15.9,19.2,17.2,17.1,17.0,14.8,19.2,17.5,16.7,17.12,1.29,0.08,45,12,16.0,19.54,0.0,0.6351,0.7725,16.9,17.0,17.0,station
2025-02-10,19.8,18.8,21.2,19.7,21.6,19.6,18.6,20.8,19.2,21.3,20.22,1.15,0.32,65,1,10.1,19.26,0.0,0.6483,0.7614,21.1,19.0,19.0,station
2025-02-11,23.0,21.3,23.2,22.4,24.3,22.0,20.6,24.1,22.5,23.2,22.84,1.1,0.36,69,78,16.0,13.36,0.4,0.6613,0.7502,23.9,21.0,21.0,station
2025-02-12,21.3,21.2,21.4,19.3,21.9,20.8,21.0,22.3,20.7,26.8,21.02,1.0,-1.3,88,79,8.9,5.18,5.1,0.6741,0.7387,22.7,23.0,23.0,station
2025-02-13,21.8,21.2,24.0,22.3,22.8,22.6,20.7,21.6,20.2,23.2,22.42,1.06,0.76,66,57,20.8,13.22,0.2,0.6867,0.727,22.6,22.0,22.0,station
2025-02-14,21.4,19.6,21.5,21.2,21.1,21.6,19.1,19.8,18.7,19.6,20.96,0.78,1.2,79,78,12.4,14.42,0.0,0.6991,0.715,22.9,20.0,20.0,station
2025-02-15,21.8,21.6,25.3,21.0,24.4,21.5,22.2,24.4,22.6,24.4,22.82,1.9,-0.2,80,46,12.1,17.33,0.0,0.7113,0.7029,23.8,23.0,23.0,station
2025-02-16,25.9,23.7,28.7,25.5,27.1,25.4,23.1,28.4,25.8,25.4,26.18,1.86,0.56,76,53,14.1,17.74,0.0,0.7233,0.6906,27.4,24.0,24.0,station
2025-02-17,23.3,21.8,25.1,23.2,24.2,23.8,21.0,25.2,23.0,24.6,23.52,1.23,0.0,67,50,13.8,15.76,0.0,0.735,0.678,23.9,21.0,21.0,station
2025-02-18,22.1,20.1,23.3,22.2,23.1,22.6,20.6,22.9,21.5,23.4,22.16,1.27,-0.04,65,69,12.3,16.14,0.0,0.7466,0.6653,23.6,24.0,24.0,station
2025-02-19,21.4,20.2,23.4,21.3,22.7,21.3,20.1,22.7,21.3,22.7,21.8,1.26,0.18,70,63,14.5,16.71,0.0,0.7579,0.6523,23.1,22.0,22.0,station
2025-02-20,23.3,21.6,24.3,22.8,24.7,22.6,20.8,24.2,23.2,24.9,23.34,1.23,0.2,66,56,14.8,16.92,0.0,0.769,0.6392,25.8,22.0,22.0,station
2025-02-21,21.5,19.8,23.3,23.4,23.4,22.6,19.7,24.1,22.5,24.6,22.28,1.61,-0.42,72,67,14.6,11.07,0.0,0.7799,0.6259,22.5,22.0,22.0,station
2025-02-22,20.5,18.8,21.2,21.1,22.1,21.0,19.4,23.4,21.0,23.1,20.74,1.23,-0.84,78,93,9.7,9.73,1.0,0.7906,0.6124,22.6,20.0,20.0,station
2025-02-23,18.9,16.9,22.8,20.1,19.3,17.9,17.9,23.2,19.7,23.0,19.6,2.14,-0.74,68,90,19.7,10.99,0.0,0.801,0.5987,18.6,19.0,19.0,station
2025-02-24,20.0,17.8,21.8,19.4,20.3,20.7,17.7,22.1,19.8,21.4,19.86,1.45,-0.48,65,28,19.7,18.54,0.0,0.8112,0.5848,20.6,20.0,20.0,station
2025-02-25,19.0,17.7,19.8,20.0,19.6,20.7,18.8,19.9,20.0,21.7,19.22,0.93,-1.0,82,87,13.4,7.32,2.4,0.8211,0.5708,16.9,20.0,20.0,station
2025-02-26,19.1,18.4,21.8,18.1,21.1,19.9,18.4,19.3,18.1,17.9,19.7,1.66,0.98,87,100,10.6,6.26,4.5,0.8308,0.5566,18.4,19.0,19.0,station
2025-02-27,21.3,20.8,24.3,21.9,24.1,20.5,21.2,24.2,21.2,21.4,22.48,1.62,0.78,78,43,10.4,18.96,0.2,0.8402,0.5422,23.9,21.0,21.0,station
2025-02-28,22.8,23.9,26.2,23.3,26.2,23.0,23.8,26.6,23.7,25.9,24.48,1.62,-0.12,81,4,14.3,20.35,0.0,0.8495,0.5277,25.7,25.0,25.0,station
2025-03-01,24.0,24.8,27.9,24.3,26.4,24.0,24.4,26.4,24.4,27.3,25.48,1.64,0.18,82,83,14.1,13.89,0.4,0.8584,0.513,27.4,25.0,25.0,station
2025-03-02,24.4,26.1,27.6,25.3,26.9,24.1,25.8,27.5,24.9,26.5,26.06,1.27,0.3,82,49,16.9,17.91,0.0,0.8671,0.4981,27.5,26.0,26.0,station
2025-03-03,23.8,24.8,27.3,24.8,26.3,24.6,24.7,25.9,24.5,26.0,25.4,1.39,0.26,85,52,17.3,14.15,1.5,0.8755,0.4831,28.4,26.0,26.0,station
2025-03-04,23.2,21.8,28.4,22.8,26.0,21.4,22.0,25.1,23.3,26.2,24.44,2.71,0.84,91,82,17.3,11.91,7.2,0.8837,0.468,27.1,25.0,25.0,station
2025-03-05,19.0,17.5,23.6,21.5,18.6,18.6,17.8,23.6,23.2,20.4,20.04,2.47,-0.68,87,100,18.2,4.92,5.2,0.8916,0.4527,17.9,21.0,21.0,station
2025-03-06,15.7,14.9,18.5,17.4,14.1,15.3,14.0,20.6,19.1,13.1,16.12,1.81,-0.3,78,100,20.0,7.08,3.7,0.8993,0.4373,17.4,15.0,15.0,station
2025-03-07,16.0,12.7,14.4,14.6,12.7,16.1,12.6,16.3,14.3,13.7,14.08,1.4,-0.52,80,98,17.6,9.68,3.1,0.9067,0.4218,16.1,14.0,14.0,station
2025-03-08,20.0,16.1,23.1,19.1,21.0,21.3,16.3,22.4,19.0,19.7,19.86,2.58,0.12,70,67,12.4,16.25,0.0,0.9138,0.4061,20.6,19.0,19.0,station
2025-03-09,21.6,20.0,24.2,23.1,23.5,21.9,19.5,24.8,23.3,22.9,22.48,1.68,0.0,75,24,15.0,19.97,0.0,0.9207,0.3904,24.3,21.0,21.0,station
2025-03-10,24.4,23.0,25.5,24.8,25.5,23.0,22.1,25.5,23.9,26.7,24.64,1.03,0.4,73,31,12.3,19.02,0.0,0.9272,0.3745,26.0,25.0,25.0,station
2025-03-11,24.1,24.2,27.2,24.8,27.8,24.2,24.5,26.8,25.2,27.7,25.62,1.75,-0.06,78,29,12.4,16.91,0.0,0.9335,0.3585,26.7,25.0,25.0,station
2025-03-12,24.3,25.1,27.6,25.2,28.9,25.0,25.0,25.8,25.7,29.1,26.22,1.94,0.1,80,37,13.0,13.85,0.0,0.9396,0.3424,27.9,25.0,25.0,station
2025-03-13,25.3,26.1,29.2,25.9,29.3,25.1,25.8,29.0,25.4,29.6,27.16,1.93,0.18,84,82,12.3,15.63,0.3,0.9453,0.3261,28.2,27.0,27.0,station
2025-03-14,25.8,24.9,26.6,25.2,28.3,26.1,24.6,27.9,25.3,29.0,26.16,1.36,-0.42,81,69,17.5,16.36,0.4,0.9508,0.3098,28.8,26.0,26.0,station
2025-03-15,24.0,22.0,28.0,23.7,27.9,25.1,22.4,26.3,24.9,22.3,25.12,2.69,0.92,86,70,20.3,10.75,6.7,0.956,0.2934,25.4,26.0,26.0,station
2025-03-16,20.1,18.8,21.2,20.1,16.0,20.2,18.7,20.6,19.9,18.1,19.24,2.0,-0.26,57,25,25.1,21.02,0.0,0.9609,0.2769,20.8,21.0,21.0,station
2025-03-17,19.7,17.0,19.3,19.0,18.1,20.2,17.0,15.8,17.8,18.1,18.62,1.08,0.84,52,72,16.6,14.09,0.2,0.9655,0.2604,19.4,18.0,18.0,station
2025-03-18,20.9,20.1,20.8,20.0,22.2,21.0,19.8,17.7,17.4,20.1,20.8,0.88,1.6,55,52,19.4,20.08,0.1,0.9698,0.2437,21.0,19.0,19.0,station
2025-03-19,21.7,21.7,23.5,22.4,23.5,22.1,21.6,23.2,22.4,23.6,22.56,0.9,-0.02,50,44,12.0,22.6,0.0,0.9739,0.227,22.9,24.0,24.0,station
2025-03-20,22.6,23.1,24.7,23.8,25.2,22.5,22.7,24.2,23.4,25.0,23.88,1.08,0.32,56,29,13.3,22.78,0.0,0.9777,0.2102,24.2,25.0,25.0,station
2025-03-21,24.5,24.1,25.4,24.8,26.6,24.7,24.0,25.8,24.7,26.1,25.08,0.97,0.02,59,27,12.6,22.96,0.0,0.9811,0.1934,26.3,24.0,24.0,station
2025-03-22,24.8,24.8,25.9,25.3,27.2,25.2,24.6,25.2,24.7,27.0,25.6,1.0,0.26,59,39,11.9,22.8,0.0,0.9843,0.1765,26.5,25.0,25.0,station
2025-03-23,24.9,25.7,26.5,24.6,27.5,24.7,25.6,26.1,24.6,27.1,25.84,1.19,0.22,57,0,12.4,22.78,0.0,0.9872,0.1595,27.2,25.0,25.0,station
2025-03-24,25.4,26.9,28.3,25.3,28.3,25.0,26.8,28.4,25.4,28.6,26.84,1.48,0.0,71,3,16.2,22.63,0.0,0.9898,0.1425,29.2,25.0,25.0,station
2025-03-25,26.2,27.8,28.1,26.4,30.0,25.2,27.3,28.0,25.9,28.7,27.7,1.53,0.68,67,3,16.2,22.89,0.0,0.9921,0.1255,29.9,26.0,26.0,station
2025-03-26,25.0,26.7,27.1,24.3,27.5,24.8,26.7,27.3,24.6,27.7,26.12,1.39,-0.1,79,15,20.7,22.22,0.0,0.9941,0.1084,27.3,26.0,26.0,station
2025-03-27,25.7,27.1,27.6,26.4,27.4,25.7,27.0,27.5,25.6,27.3,26.84,0.78,0.22,81,62,26.6,17.53,0.3,0.9958,0.0913,28.7,28.0,28.0,station
2025-03-28,24.8,26.0,29.6,27.0,26.5,26.9,26.0,31.0,26.9,26.3,26.78,1.78,-0.64,90,92,20.0,7.85,34.4,0.9972,0.0741,26.6,27.0,27.0,station
2025-03-29,16.3,18.3,21.7,20.0,16.4,17.8,18.6,22.4,19.7,18.9,18.54,2.33,-0.94,75,100,21.8,7.03,2.1,0.9984,0.057,16.8,17.0,17.0,station
2025-03-30,13.6,12.4,15.1,13.2,13.1,14.9,13.1,18.8,14.1,15.5,13.48,1.0,-1.8,82,100,18.3,6.66,5.1,0.9992,0.0398,14.3,12.0,12.0,station
2025-03-31,14.4,12.8,16.9,14.4,13.7,15.7,13.2,17.0,17.5,16.1,14.44,1.52,-1.46,86,100,15.1,6.12,4.0,0.9997,0.0226,13.8,12.0,12.0,station
2025-04-01,21.3,19.0,23.5,19.9,20.8,22.0,18.3,23.5,17.1,18.5,20.9,1.7,1.02,71,59,18.3,19.77,1.0,1.0,0.0054,22.4,20.0,20.0,station
2025-04-02,23.1,22.3,25.4,22.7,23.9,23.3,22.3,25.7,22.5,24.3,23.48,1.23,-0.14,64,40,12.0,23.43,0.0,0.9999,-0.0118,23.7,24.0,24.0,station
2025-04-03,23.7,24.3,25.8,23.7,26.7,23.6,24.3,25.9,23.8,26.6,24.84,1.35,0.0,67,0,14.5,23.73,0.0,0.9996,-0.029,25.7,24.0,24.0,station
2025-04-04,22.7,23.5,25.4,24.2,26.6,23.0,23.8,26.0,24.1,27.0,24.48,1.54,-0.3,68,53,14.4,17.12,0.9,0.9989,-0.0462,25.3,22.0,22.0,station
2025-04-05,22.2,20.6,23.7,22.8,20.9,22.2,21.2,26.2,24.8,20.8,22.04,1.3,-1.0,89,100,10.8,5.95,6.7,0.998,-0.0634,21.2,19.0,19.0,station
2025-04-06,24.4,24.1,27.0,25.5,25.7,25.4,24.0,23.4,23.8,23.6,25.34,1.15,1.3,72,92,8.2,13.31,0.0,0.9968,-0.0805,26.0,23.0,23.0,station
2025-04-07,24.8,25.2,28.6,25.6,27.1,25.1,25.4,28.4,25.1,26.6,26.26,1.57,0.14,67,36,9.9,23.35,0.0,0.9952,-0.0977,26.9,26.0,26.0,station
2025-04-08,24.7,26.7,28.7,24.9,27.9,26.2,25.8,28.5,25.5,28.3,26.58,1.78,-0.28,77,72,11.8,22.3,0.0,0.9934,-0.1148,28.5,26.0,26.0,station
2025-04-09,25.2,27.0,28.1,25.2,27.9,26.2,27.2,28.4,24.5,27.9,26.68,1.41,-0.16,83,80,18.1,18.79,0.5,0.9913,-0.1319,28.5,26.0,26.0,station
2025-04-10,25.2,27.6,28.9,26.2,27.3,24.2,27.2,26.2,25.7,26.6,27.04,1.41,1.06,85,79,18.1,16.51,0.0,0.9889,-0.1489,29.3,26.0,26.0,station
2025-04-11,26.4,26.3,28.4,27.0,28.7,26.4,26.9,27.8,26.0,27.9,27.36,1.12,0.36,84,57,24.1,19.57,1.0,0.9861,-0.1659,29.0,28.0,28.0,station
2025-04-12,25.6,26.8,26.5,25.8,29.0,25.6,26.8,26.3,26.5,25.9,26.74,1.36,0.52,85,100,34.9,9.01,14.9,0.9831,-0.1828,27.0,25.0,25.0,station
2025-04-13,23.0,22.8,23.7,22.8,20.3,23.2,22.1,23.4,23.1,20.5,22.52,1.29,0.06,41,87,19.1,13.83,0.0,0.9799,-0.1997,23.5,24.0,24.0,station
2025-04-14,26.2,26.9,30.4,26.2,28.1,26.7,27.7,30.1,26.6,26.6,27.56,1.77,0.02,61,60,9.0,24.06,0.0,0.9763,-0.2165,27.0,27.0,27.0,station
2025-04-15,30.5,29.9,32.9,31.6,32.4,30.0,29.8,31.8,30.7,31.4,31.46,1.26,0.72,55,73,14.0,25.69,0.0,0.9724,-0.2333,32.5,34.0,34.0,station
2025-04-16,26.3,27.2,29.6,28.0,30.3,26.4,27.2,28.7,28.1,30.2,28.28,1.66,0.16,70,62,17.7,24.6,0.0,0.9683,-0.25,29.1,26.0,26.0,station
2025-04-17,26.1,26.7,27.7,25.6,28.4,26.1,26.5,27.8,26.3,28.3,26.9,1.15,-0.1,78,98,17.7,20.44,0.0,0.9638,-0.2666,28.4,26.0,26.0,station
2025-04-18,26.8,26.5,28.7,26.2,27.9,26.5,26.5,27.6,27.0,26.5,27.22,1.05,0.4,85,100,20.6,12.36,3.3,0.9591,-0.2831,29.7,28.0,28.0,station
2025-04-19,27.1,28.0,30.1,27.1,28.4,26.6,27.8,28.8,27.4,28.8,28.14,1.23,0.26,89,92,24.4,15.96,1.9,0.9541,-0.2996,29.3,27.0,27.0,station
2025-04-20,26.7,28.5,30.6,28.0,29.5,27.4,28.6,30.2,27.6,28.3,28.66,1.48,0.24,86,96,18.6,19.42,0.7,0.9488,-0.316,30.2,29.0,29.0,station
2025-04-21,27.0,29.4,30.0,27.7,29.9,26.9,29.2,30.1,27.7,29.6,28.8,1.37,0.1,84,64,21.1,22.04,0.5,0.9432,-0.3322,29.5,29.0,29.0,station
2025-04-22,27.6,29.8,30.8,27.9,30.1,27.8,30.0,30.5,27.8,29.7,29.24,1.41,0.08,86,70,22.2,20.88,1.6,0.9373,-0.3484,30.4,29.0,29.0,station
2025-04-23,27.9,30.0,32.0,29.2,29.7,27.7,29.7,32.1,28.1,29.0,29.76,1.49,0.44,85,93,21.0,18.36,1.0,0.9312,-0.3645,31.5,30.0,30.0,station
2025-04-24,27.8,28.9,30.7,28.7,30.0,27.6,28.6,30.5,28.1,27.2,29.22,1.14,0.82,84,82,24.7,21.47,4.1,0.9248,-0.3804,30.4,29.0,29.0,station
2025-04-25,26.0,24.4,29.7,26.1,27.0,27.5,25.1,30.7,26.8,27.1,26.64,1.95,-0.8,94,99,14.6,8.89,31.7,0.9181,-0.3963,25.7,26.0,26.0,station
2025-04-26,27.2,24.9,26.7,26.6,24.7,27.3,24.9,27.9,26.7,27.3,26.02,1.14,-0.8,82,75,14.9,13.97,24.7,0.9112,-0.412,27.4,27.0,27.0,station
2025-04-27,27.5,26.2,28.7,28.3,26.8,27.5,26.1,29.2,27.8,27.7,27.5,1.03,-0.16,83,76,17.7,19.05,1.2,0.9039,-0.4276,29.2,27.0,27.0,station
2025-04-28,29.5,28.4,32.7,28.6,28.5,29.7,28.2,31.6,29.0,27.3,29.54,1.82,0.38,82,82,7.4,20.1,3.7,0.8965,-0.4431,30.7,30.0,30.0,station
2025-04-29,29.4,28.7,30.4,28.8,27.4,29.0,28.7,31.0,29.4,26.4,28.94,1.09,0.04,61,42,14.1,23.55,0.0,0.8887,-0.4585,30.2,30.0,30.0,station
2025-04-30,27.9,28.8,30.2,28.4,29.7,28.2,29.0,29.6,27.3,29.3,29.0,0.94,0.32,77,55,13.0,23.48,0.0,0.8807,-0.4737,29.0,28.0,28.0,station
2025-05-01,27.5,27.7,29.6,27.5,31.7,26.2,26.5,26.4,28.3,31.7,28.8,1.85,0.98,89,94,8.1,10.05,7.6,0.8724,-0.4888,28.1,28.0,28.0,station
2025-05-02,29.8,30.5,32.0,30.4,31.4,30.3,30.7,31.7,31.6,30.3,30.82,0.87,-0.1,78,72,11.4,22.56,1.1,0.8639,-0.5037,32.7,31.0,31.0,station
2025-05-03,28.0,28.8,31.1,28.5,30.2,28.1,28.9,30.4,28.7,31.1,29.32,1.29,-0.12,84,54,14.1,19.32,1.6,0.8551,-0.5185,29.7,28.0,28.0,station
2025-05-04,28.6,28.9,30.9,29.0,30.7,28.4,29.0,31.1,29.3,31.0,29.62,1.09,-0.14,84,68,20.7,20.01,8.8,0.846,-0.5331,29.6,30.0,30.0,station
2025-05-05,28.7,28.0,31.7,29.6,30.6,29.0,28.5,31.1,29.4,31.0,29.72,1.48,-0.08,82,74,19.9,18.21,1.0,0.8367,-0.5476,30.9,30.0,30.0,station
2025-05-06,28.4,28.8,32.1,28.2,26.8,26.0,28.3,31.5,29.1,30.6,28.86,1.96,-0.24,88,94,10.3,16.9,17.5,0.8272,-0.5619,29.5,29.0,29.0,station
2025-05-07,28.0,28.1,31.6,29.5,29.2,28.2,28.4,30.7,29.0,28.3,29.28,1.45,0.36,89,99,15.1,14.08,20.2,0.8174,-0.5761,28.8,27.0,27.0,station
2025-05-08,28.7,28.5,31.5,30.2,30.1,28.6,28.9,31.5,30.2,30.9,29.8,1.23,-0.22,82,75,23.1,22.09,0.4,0.8074,-0.59,31.4,31.0,31.0,station
2025-05-09,29.0,27.2,32.3,30.5,30.5,29.3,27.6,30.9,29.9,30.6,29.9,1.91,0.24,80,100,15.2,17.74,5.9,0.7971,-0.6038,31.0,29.0,29.0,station
2025-05-10,28.1,28.8,29.6,28.0,28.0,26.5,27.6,29.1,28.7,24.8,28.5,0.7,1.16,82,99,17.9,20.84,20.7,0.7866,-0.6175,32.0,30.0,30.0,station
2025-05-11,24.8,24.5,27.2,24.2,23.6,24.2,23.5,26.7,25.8,24.2,24.86,1.38,-0.02,69,97,22.9,19.52,10.7,0.7759,-0.6309,27.5,27.0,27.0,station
2025-05-12,28.4,28.0,29.8,28.9,29.2,28.5,27.9,29.8,29.4,27.4,28.86,0.7,0.26,59,23,12.4,28.25,0.0,0.7649,-0.6442,29.2,30.0,30.0,station
2025-05-13,28.2,28.6,30.6,28.8,31.0,28.9,28.7,30.2,29.6,31.0,29.44,1.27,-0.24,78,20,11.9,22.92,0.4,0.7537,-0.6572,28.9,29.0,29.0,station
2025-05-14,28.5,29.3,31.7,30.4,33.4,28.6,29.2,31.6,30.4,31.5,30.66,1.95,0.4,79,25,10.6,23.3,1.6,0.7423,-0.6701,30.7,30.0,30.0,station
2025-05-15,28.8,30.0,33.0,30.3,32.9,28.5,29.6,32.5,31.3,33.1,31.0,1.87,0.0,81,60,13.0,23.25,1.7,0.7306,-0.6828,30.7,30.0,30.0,station
2025-05-16,27.8,28.5,31.8,29.7,31.3,28.6,28.6,30.4,29.6,31.5,29.82,1.73,0.08,85,84,14.7,18.35,6.4,0.7188,-0.6952,30.1,30.0,30.0,station
2025-05-17,28.8,29.1,32.7,29.7,33.3,28.4,28.6,32.3,29.8,32.7,30.72,2.12,0.36,86,98,11.8,16.57,2.2,0.7067,-0.7075,31.0,31.0,31.0,station
2025-05-18,27.2,28.4,31.5,28.7,31.4,28.5,28.2,32.3,29.6,32.4,29.44,1.92,-0.76,89,99,15.7,14.46,12.6,0.6945,-0.7195,30.2,30.0,30.0,station
2025-05-19,28.7,28.4,31.9,29.4,29.4,28.4,28.5,30.9,29.0,31.7,29.56,1.38,-0.14,87,97,21.1,16.37,5.2,0.682,-0.7314,31.1,30.0,30.0,station
2025-05-20,28.6,28.8,32.7,29.1,29.8,28.8,28.7,30.5,28.9,30.5,29.8,1.68,0.32,85,100,16.2,12.23,6.5,0.6693,-0.743,30.0,30.0,30.0,station
2025-05-21,29.3,30.4,33.4,30.7,32.3,29.2,30.5,32.3,30.5,31.5,31.22,1.62,0.42,84,93,18.9,20.32,2.0,0.6564,-0.7544,31.8,32.0,32.0,station
2025-05-22,29.3,30.6,33.2,31.1,33.2,29.1,30.3,33.6,30.7,33.1,31.48,1.7,0.12,82,87,19.4,22.93,1.0,0.6433,-0.7656,32.4,32.0,32.0,station
2025-05-23,29.1,29.0,33.4,30.8,32.7,29.7,29.4,33.0,30.9,33.0,31.0,2.02,-0.2,87,97,15.0,15.44,10.4,0.6301,-0.7765,30.4,32.0,32.0,station
2025-05-24,27.5,27.4,30.3,29.8,27.0,29.3,28.0,29.7,31.1,26.7,28.4,1.53,-0.56,78,87,15.4,17.59,1.0,0.6166,-0.7873,31.9,30.0,30.0,station
2025-05-25,24.2,24.8,26.1,26.8,25.5,25.1,25.3,25.3,26.6,25.0,25.48,1.03,0.02,69,100,17.5,7.75,0.5,0.603,-0.7978,24.4,26.0,26.0,station
2025-05-26,26.9,25.8,27.6,25.9,27.4,26.6,25.6,26.7,27.1,29.4,26.72,0.83,-0.36,68,91,11.9,17.4,0.0,0.5892,-0.808,28.3,28.0,28.0,station
2025-05-27,29.6,27.7,29.7,29.8,31.3,28.2,27.6,29.8,28.8,31.3,29.62,1.28,0.48,72,91,11.1,18.85,0.0,0.5752,-0.818,29.2,29.0,29.0,station
2025-05-28,27.5,26.6,28.3,28.9,30.7,27.7,26.8,28.6,28.6,31.2,28.4,1.55,-0.18,82,93,13.5,16.15,6.2,0.561,-0.8278,29.9,29.0,29.0,station
2025-05-29,28.3,26.4,27.3,29.2,25.9,26.7,26.1,27.3,28.8,27.1,27.42,1.35,0.22,93,98,11.4,10.66,44.8,0.5467,-0.8373,28.2,28.0,28.0,station
2025-05-30,28.4,26.2,25.0,27.0,25.9,28.7,26.3,26.9,27.4,25.8,26.5,1.28,-0.52,84,96,16.4,13.44,6.3,0.5322,-0.8466,28.6,28.0,28.0,station
2025-05-31,29.3,28.8,30.5,29.4,30.2,29.5,28.4,29.9,29.5,29.0,29.64,0.69,0.38,76,83,15.3,20.06,0.1,0.5176,-0.8556,30.3,31.0,31.0,station
2025-06-01,29.5,30.0,32.4,30.1,32.5,29.7,30.0,32.5,30.0,32.3,30.9,1.43,0.0,83,96,19.6,23.62,0.3,0.5028,-0.8644,31.5,30.0,30.0,station
2025-06-02,30.3,31.3,33.5,31.0,33.1,31.3,31.0,33.6,30.9,33.6,31.84,1.39,-0.24,88,100,17.9,20.73,3.7,0.4878,-0.8729,32.3,31.0,31.0,station
2025-06-03,28.7,28.6,31.3,27.9,29.4,28.0,28.3,32.7,30.7,28.7,29.18,1.3,-0.5,87,100,12.7,14.02,12.5,0.4728,-0.8812,29.8,30.0,30.0,station
2025-06-04,28.5,28.3,28.0,27.8,28.7,28.2,27.7,28.9,28.7,29.3,28.26,0.36,-0.3,91,100,11.6,9.18,16.0,0.4575,-0.8892,27.9,28.0,28.0,station
2025-06-05,29.2,28.6,32.0,28.5,31.9,30.1,29.8,31.9,28.7,31.4,30.04,1.76,-0.34,84,84,11.3,19.27,1.6,0.4422,-0.8969,30.3,30.0,30.0,station
2025-06-06,29.3,30.7,32.3,28.7,31.9,29.4,30.6,32.9,29.2,30.7,30.58,1.57,0.02,82,31,14.0,25.24,0.2,0.4267,-0.9044,31.7,30.0,30.0,station
2025-06-07,30.3,31.9,33.8,28.2,33.6,29.7,31.9,33.2,29.0,33.0,31.56,2.35,0.2,82,45,16.0,26.08,0.1,0.4111,-0.9116,32.8,32.0,32.0,station
2025-06-08,30.5,32.1,34.2,28.1,33.1,30.1,32.0,33.9,28.2,33.1,31.6,2.38,0.14,82,94,16.8,25.9,0.2,0.3953,-0.9185,32.9,32.0,32.0,station
2025-06-09,31.5,32.6,34.4,29.4,33.8,30.5,32.6,34.1,28.4,33.4,32.34,1.99,0.54,78,87,11.7,26.65,0.4,0.3795,-0.9252,34.2,33.0,33.0,station
2025-06-10,32.6,33.3,35.7,31.6,34.6,32.0,33.4,33.8,30.2,33.5,33.56,1.62,0.98,74,59,11.3,25.23,2.3,0.3635,-0.9316,35.8,34.0,34.0,station
2025-06-11,32.1,31.6,35.0,32.8,33.7,32.5,31.6,35.6,31.5,33.1,33.04,1.35,0.18,79,87,22.2,23.06,13.3,0.3474,-0.9377,34.5,35.0,35.0,station
2025-06-12,31.1,29.6,32.8,30.4,30.0,31.6,29.6,30.9,30.7,33.3,30.78,1.26,-0.44,80,86,20.5,20.38,7.5,0.3312,-0.9436,33.3,34.0,34.0,station
2025-06-13,30.8,29.4,32.9,29.6,31.4,30.2,29.3,33.1,29.5,29.2,30.82,1.43,0.56,87,87,18.4,16.9,26.9,0.3149,-0.9491,31.7,31.0,31.0,station
2025-06-14,28.5,28.1,30.9,28.9,28.6,29.4,28.4,30.6,29.0,28.3,29.0,1.1,-0.14,88,99,29.2,18.05,25.3,0.2986,-0.9544,31.0,31.0,31.0,station
2025-06-15,30.7,29.2,30.4,31.0,28.8,31.4,29.4,29.9,30.5,29.4,30.02,0.97,-0.1,87,100,31.3,13.16,16.4,0.2821,-0.9594,30.2,30.0,30.0,station
2025-06-16,28.5,27.8,28.2,29.0,28.5,28.5,28.0,29.2,29.1,30.8,28.4,0.44,-0.72,90,100,17.5,8.58,26.6,0.2656,-0.9641,28.2,31.0,31.0,station
2025-06-17,27.7,26.6,26.1,28.5,27.6,27.8,26.7,26.3,27.9,28.8,27.3,0.95,-0.2,97,100,15.6,4.58,62.7,0.2489,-0.9685,26.5,28.0,28.0,station
2025-06-18,29.1,28.1,27.0,29.3,29.0,29.4,28.0,30.6,29.5,29.3,28.5,0.96,-0.86,85,94,19.7,17.68,9.6,0.2322,-0.9727,30.6,30.0,30.0,station
2025-06-19,29.9,29.8,32.3,28.9,29.1,29.7,29.7,28.9,29.5,30.7,30.0,1.36,0.3,82,98,18.5,21.96,2.7,0.2155,-0.9765,31.7,31.0,31.0,station
2025-06-20,28.2,28.3,31.9,28.6,29.5,28.7,28.8,31.9,28.4,29.9,29.3,1.54,-0.24,87,100,19.5,11.94,5.0,0.1986,-0.9801,28.7,31.0,31.0,station
2025-06-21,28.3,29.1,31.7,28.6,29.8,28.5,29.4,31.8,29.3,30.2,29.5,1.35,-0.34,88,99,19.7,18.44,15.0,0.1818,-0.9833,30.2,31.0,31.0,station
2025-06-22,29.2,30.3,32.0,29.3,30.0,28.6,30.4,32.0,29.0,31.2,30.16,1.13,-0.08,85,89,17.2,22.28,8.9,0.1648,-0.9863,30.1,31.0,31.0,station
2025-06-23,30.1,31.5,32.9,29.6,31.9,30.0,31.4,32.7,29.7,31.7,31.2,1.35,0.1,82,58,19.2,25.44,1.3,0.1478,-0.989,31.3,31.0,31.0,station
2025-06-24,30.2,32.2,33.8,29.9,32.8,30.4,32.2,33.2,30.0,32.7,31.78,1.68,0.08,79,80,14.8,25.68,0.5,0.1308,-0.9914,32.6,31.0,31.0,station
2025-06-25,31.2,32.4,35.1,31.2,32.9,31.4,32.4,35.7,31.1,33.5,32.56,1.6,-0.26,79,40,11.5,25.0,2.0,0.1137,-0.9935,33.3,32.0,32.0,station
2025-06-26,30.1,28.9,32.7,29.2,31.6,30.2,29.1,32.6,29.5,32.3,30.5,1.62,-0.24,87,95,14.6,13.17,20.4,0.0966,-0.9953,30.3,31.0,31.0,station
2025-06-27,29.3,28.4,33.6,29.3,31.5,29.8,28.7,33.0,28.9,30.4,30.42,2.11,0.26,86,99,13.5,17.86,9.4,0.0795,-0.9968,31.9,31.0,31.0,station
2025-06-28,29.2,28.6,31.9,29.0,28.4,28.8,28.7,31.1,28.7,29.4,29.42,1.42,0.08,86,97,12.2,15.51,6.4,0.0623,-0.9981,30.7,31.0,31.0,station
2025-06-29,29.4,28.9,33.1,28.6,30.5,29.5,29.0,31.8,29.0,30.0,30.1,1.83,0.24,83,100,12.8,18.35,9.9,0.0451,-0.999,31.1,31.0,31.0,station
2025-06-30,29.9,28.9,34.5,29.4,31.7,29.5,29.2,33.3,29.2,30.5,30.88,2.28,0.54,81,99,14.6,19.17,8.1,0.028,-0.9996,31.6,32.0,32.0,station
2025-07-01,29.6,28.2,34.6,29.8,32.9,29.8,28.7,34.6,30.0,32.9,31.02,2.64,-0.18,88,91,15.2,16.25,13.6,0.0108,-0.9999,31.0,31.0,31.0,station
2025-07-02,30.0,29.6,34.3,30.4,31.4,30.6,30.6,34.7,30.2,33.3,31.14,1.89,-0.74,83,86,15.0,21.55,1.4,-0.0065,-1.0,32.2,33.0,33.0,station
2025-07-03,31.5,32.2,35.1,30.9,31.4,31.3,32.2,35.4,31.3,33.3,32.22,1.68,-0.48,83,96,7.6,22.76,1.1,-0.0237,-0.9997,33.1,33.0,33.0,station
2025-07-04,31.5,32.2,34.3,31.9,34.4,31.1,32.2,34.7,30.8,33.8,32.86,1.38,0.34,84,54,8.3,21.99,2.5,-0.0408,-0.9992,31.8,33.0,33.0,station
2025-07-05,33.6,32.8,36.0,32.3,34.9,32.2,32.9,35.1,32.3,31.3,33.92,1.52,1.16,77,53,12.3,23.63,1.3,-0.058,-0.9983,34.3,33.0,33.0,station
2025-07-06,33.0,33.0,35.0,33.1,32.1,32.5,32.7,35.7,31.9,33.7,33.24,1.06,-0.06,78,71,14.7,23.93,7.5,-0.0752,-0.9972,34.1,34.0,34.0,station
2025-07-07,33.1,33.6,35.9,31.7,35.3,32.2,33.2,34.1,31.9,33.5,33.92,1.7,0.94,80,63,13.8,24.94,3.1,-0.0923,-0.9957,34.7,34.0,34.0,station
2025-07-08,31.2,31.2,34.7,30.5,34.3,31.8,32.3,34.8,32.1,33.0,32.38,1.96,-0.42,85,88,14.8,22.98,19.7,-0.1094,-0.994,31.8,32.0,32.0,station
2025-07-09,31.4,32.3,35.5,30.5,32.9,30.0,31.9,35.2,30.5,30.4,32.52,1.9,0.92,84,96,14.4,21.33,14.7,-0.1265,-0.992,32.4,33.0,33.0,station
2025-07-10,29.4,28.9,33.4,30.6,31.3,29.2,29.9,32.7,30.6,30.4,30.72,1.77,0.16,94,100,15.3,6.94,59.5,-0.1436,-0.9896,29.8,29.0,29.0,station
2025-07-11,31.1,28.8,29.7,31.4,26.4,28.9,28.7,32.8,31.1,29.2,29.48,2.02,-0.66,91,100,11.1,9.52,7.2,-0.1606,-0.987,28.8,29.0,29.0,station
2025-07-12,29.7,29.7,32.0,29.2,31.8,29.6,29.6,32.9,29.9,31.2,30.48,1.31,-0.16,87,92,14.9,17.66,9.1,-0.1775,-0.9841,31.7,30.0,30.0,station
2025-07-13,30.2,31.2,32.7,29.9,31.2,30.5,30.8,32.4,30.5,31.9,31.04,1.1,-0.18,82,98,13.9,22.19,1.3,-0.1944,-0.9809,32.6,32.0,32.0,station
2025-07-14,30.7,32.0,34.1,30.3,32.3,30.8,31.9,31.9,30.8,30.0,31.88,1.5,0.8,87,89,13.7,15.49,8.3,-0.2113,-0.9774,31.0,32.0,32.0,station
2025-07-15,30.3,32.3,35.0,30.9,30.6,30.8,31.8,34.8,30.4,31.6,31.82,1.94,-0.06,89,100,13.0,12.23,3.4,-0.2281,-0.9736,30.0,32.0,32.0,station
2025-07-16,31.5,32.8,34.4,31.3,31.9,31.5,33.0,34.1,31.4,32.1,32.38,1.27,-0.04,82,64,16.3,23.43,2.7,-0.2448,-0.9696,33.0,33.0,33.0,station
2025-07-17,33.6,33.5,36.4,32.6,34.1,33.3,33.7,35.7,31.6,34.2,34.04,1.43,0.34,82,81,13.3,23.29,1.6,-0.2614,-0.9652,34.2,34.0,34.0,station
2025-07-18,30.8,29.9,36.8,31.1,35.4,30.9,31.2,36.5,31.0,35.5,32.8,3.08,-0.22,89,97,10.3,12.71,22.2,-0.278,-0.9606,32.8,33.0,33.0,station
2025-07-19,33.9,32.3,36.8,32.2,33.5,32.8,32.5,35.6,32.1,33.4,33.74,1.86,0.46,81,95,12.1,19.79,22.5,-0.2945,-0.9557,34.7,35.0,35.0,station
2025-07-20,28.0,28.9,28.7,29.1,29.7,28.7,28.3,29.5,29.7,31.7,28.88,0.62,-0.7,93,100,47.7,6.18,57.1,-0.3109,-0.9505,27.5,28.0,28.0,station
2025-07-21,28.7,28.5,29.6,29.5,30.7,28.8,28.4,29.5,28.9,28.7,29.4,0.87,0.54,91,100,17.6,10.42,27.0,-0.3272,-0.945,29.3,29.0,29.0,station
2025-07-22,29.1,28.7,32.4,29.2,30.2,29.8,28.0,32.3,29.1,28.0,29.92,1.49,0.48,85,100,17.8,18.95,23.0,-0.3434,-0.9392,31.9,33.0,33.0,station
2025-07-23,29.0,31.0,32.6,29.6,31.8,29.6,29.8,28.8,29.1,31.8,30.8,1.5,0.98,89,100,11.3,14.72,13.8,-0.3595,-0.9332,31.2,32.0,32.0,station
2025-07-24,32.6,32.5,34.3,31.5,31.0,32.5,32.5,32.5,31.1,30.8,32.38,1.27,0.5,86,59,13.1,23.04,9.6,-0.3755,-0.9268,33.4,34.0,34.0,station
2025-07-25,33.7,33.5,36.9,32.4,34.5,33.5,33.3,33.8,32.2,34.8,34.2,1.69,0.68,82,27,14.0,25.27,10.4,-0.3914,-0.9202,34.6,34.0,34.0,station
2025-07-26,32.9,33.9,36.2,32.4,33.2,32.2,33.8,35.5,31.9,34.1,33.72,1.49,0.22,82,25,15.2,25.47,0.0,-0.4071,-0.9134,34.6,34.0,34.0,station
2025-07-27,32.1,33.6,36.0,31.3,32.8,31.5,33.1,35.3,31.4,34.5,33.16,1.8,0.0,81,94,13.6,25.69,0.0,-0.4228,-0.9062,33.4,32.0,32.0,station
2025-07-28,30.5,31.7,34.6,31.2,32.0,31.1,32.0,34.6,31.5,34.4,32.0,1.56,-0.72,88,100,10.1,14.08,9.7,-0.4383,-0.8988,32.3,32.0,32.0,station
2025-07-29,30.6,31.7,34.4,30.9,31.3,30.5,31.4,33.1,31.7,29.9,31.78,1.52,0.46,89,100,13.4,14.69,9.8,-0.4537,-0.8912,31.4,32.0,32.0,station
2025-07-30,30.5,31.7,36.3,30.4,31.6,29.3,31.8,35.9,30.5,33.4,32.1,2.42,-0.08,89,100,11.4,15.42,25.2,-0.469,-0.8832,31.9,32.0,32.0,station
2025-07-31,29.4,30.4,34.7,30.2,30.9,29.8,30.8,35.2,30.1,31.8,31.12,2.07,-0.42,91,100,13.0,13.52,42.9,-0.4841,-0.875,30.9,30.0,30.0,station
2025-08-01,29.4,31.2,34.0,29.8,29.2,29.4,30.4,33.8,30.2,31.5,30.72,1.99,-0.34,88,89,16.5,20.63,2.8,-0.4991,-0.8666,32.2,33.0,33.0,station
2025-08-02,28.9,29.0,34.1,29.5,30.8,28.9,29.5,32.5,30.0,29.3,30.46,2.17,0.42,92,99,18.2,10.62,23.8,-0.5139,-0.8578,29.8,30.0,30.0,station
2025-08-03,30.1,28.9,28.9,29.6,29.7,29.4,29.2,30.9,29.9,29.4,29.44,0.53,-0.32,92,100,22.7,7.46,24.2,-0.5286,-0.8489,29.0,31.0,31.0,station
2025-08-04,28.9,28.3,27.5,28.8,28.9,28.4,28.5,27.9,29.4,29.7,28.48,0.6,-0.3,97,100,17.0,4.15,50.9,-0.5431,-0.8397,28.3,30.0,30.0,station
2025-08-05,28.6,27.2,26.8,28.7,29.8,28.8,27.6,26.1,28.9,29.8,28.22,1.22,-0.02,96,100,19.3,6.03,80.1,-0.5575,-0.8302,29.0,29.0,29.0,station
2025-08-06,28.6,27.2,27.5,28.7,28.8,29.1,26.8,25.8,28.7,28.9,28.16,0.75,0.3,93,100,18.8,6.95,32.2,-0.5717,-0.8205,28.7,29.0,29.0,station
2025-08-07,29.6,29.5,32.8,29.8,29.8,29.7,28.9,28.2,30.4,29.2,30.3,1.4,1.02,87,62,15.1,20.18,4.8,-0.5857,-0.8105,31.5,31.0,31.0,station
2025-08-08,30.6,32.0,34.3,30.5,29.0,30.6,32.1,33.2,30.2,31.6,31.28,1.99,-0.26,85,80,12.0,24.86,0.0,-0.5996,-0.8003,32.9,33.0,33.0,station
2025-08-09,31.3,32.6,34.0,30.5,31.9,31.0,32.6,33.8,30.1,31.5,32.06,1.33,0.26,82,67,12.0,24.49,0.4,-0.6132,-0.7899,32.8,32.0,32.0,station
2025-08-10,31.3,31.9,35.1,30.4,28.7,30.4,32.2,34.1,30.2,31.3,31.48,2.36,-0.16,83,90,8.6,21.94,1.6,-0.6267,-0.7792,32.3,33.0,33.0,station
2025-08-11,29.6,30.3,33.6,29.7,31.6,29.4,30.3,33.6,29.9,28.1,30.96,1.68,0.7,83,95,12.6,21.3,7.6,-0.64,-0.7683,31.8,32.0,32.0,station
2025-08-12,30.2,30.6,34.0,29.5,31.4,29.0,31.0,33.2,29.8,29.2,31.14,1.74,0.7,84,90,12.5,21.64,12.7,-0.6532,-0.7572,31.8,32.0,32.0,station
2025-08-13,29.9,32.3,34.8,31.4,32.0,31.1,32.3,34.6,31.4,31.6,32.08,1.78,-0.12,81,65,10.0,23.12,2.5,-0.6661,-0.7459,32.7,33.0,33.0,station
2025-08-14,28.0,28.9,30.0,28.6,27.8,27.5,28.8,29.4,28.5,29.9,28.66,0.87,-0.16,94,100,19.3,6.0,35.8,-0.6788,-0.7343,27.8,30.0,30.0,station
2025-08-15,29.6,28.8,31.8,29.2,31.0,29.1,28.8,31.6,29.1,29.1,30.08,1.27,0.54,85,72,19.9,21.42,5.2,-0.6914,-0.7225,31.2,31.0,31.0,station
2025-08-16,32.7,32.1,35.8,31.3,33.5,31.8,32.1,35.4,32.9,33.5,33.08,1.72,-0.06,77,20,14.9,24.6,0.4,-0.7037,-0.7105,33.6,35.0,35.0,station
2025-08-17,30.3,28.6,31.7,29.4,31.9,30.4,28.9,34.0,29.8,34.0,30.38,1.43,-1.04,84,71,19.1,14.5,3.9,-0.7158,-0.6983,31.4,32.0,32.0,station
2025-08-18,28.3,28.0,30.9,28.9,29.4,28.6,27.8,29.3,28.6,28.7,29.1,1.14,0.5,93,100,17.1,8.73,24.8,-0.7277,-0.6859,29.1,29.0,29.0,station
2025-08-19,29.0,28.5,28.4,28.3,29.9,28.7,28.7,26.6,28.4,28.9,28.82,0.66,0.56,91,100,14.5,9.73,17.3,-0.7394,-0.6733,29.0,29.0,29.0,station
2025-08-20,29.1,29.7,32.3,29.2,29.6,29.7,30.2,30.8,28.6,29.8,29.98,1.32,0.16,85,89,19.3,17.91,2.1,-0.7509,-0.6605,31.0,31.0,31.0,station
2025-08-21,29.6,30.6,32.0,29.2,31.5,29.7,30.9,29.2,29.4,30.9,30.58,1.2,0.56,83,99,12.9,15.77,0.2,-0.7621,-0.6474,31.4,31.0,31.0,station
2025-08-22,30.9,32.4,34.7,30.5,32.3,31.0,32.1,34.0,30.7,31.8,32.16,1.65,0.24,80,64,7.2,22.0,0.1,-0.7731,-0.6342,32.6,33.0,33.0,station
2025-08-23,31.5,32.5,36.5,32.8,33.3,32.2,32.6,36.2,31.1,34.8,33.32,1.9,-0.06,78,37,16.6,23.53,2.8,-0.7839,-0.6208,34.2,35.0,35.0,station
2025-08-24,29.8,30.5,34.2,30.2,33.2,31.7,29.9,34.7,30.4,33.0,31.58,1.98,-0.36,81,91,20.9,19.97,1.3,-0.7945,-0.6073,32.1,33.0,33.0,station
2025-08-25,30.6,30.8,34.2,29.7,32.1,30.0,30.2,34.6,29.1,31.1,31.48,1.75,0.48,80,99,14.1,19.79,0.9,-0.8048,-0.5935,32.6,34.0,34.0,station
2025-08-26,31.1,32.4,35.7,30.2,33.6,30.9,32.4,35.8,30.1,31.9,32.6,2.16,0.38,79,58,8.4,23.09,0.5,-0.8149,-0.5796,33.3,33.0,33.0,station
2025-08-27,30.7,30.9,34.3,30.2,30.4,29.7,31.3,34.4,30.7,32.1,31.3,1.7,-0.34,82,36,10.2,19.83,3.2,-0.8248,-0.5655,31.8,33.0,33.0,station
2025-08-28,28.7,28.6,31.1,29.5,30.7,28.9,28.8,28.2,29.3,31.6,29.72,1.14,0.36,80,84,13.4,14.22,1.3,-0.8344,-0.5512,32.3,32.0,32.0,station
2025-08-29,33.0,33.1,35.4,33.5,33.6,33.2,32.4,34.1,33.4,33.0,33.72,0.97,0.5,72,78,21.1,23.63,0.0,-0.8437,-0.5368,34.6,35.0,35.0,station
2025-08-30,32.8,31.4,34.8,31.9,32.9,33.6,31.8,34.6,32.1,34.3,32.76,1.3,-0.52,74,75,18.7,22.39,2.2,-0.8528,-0.5222,33.0,34.0,34.0,station
2025-08-31,32.0,32.4,34.0,30.6,33.2,31.2,31.3,33.7,30.7,31.6,32.44,1.28,0.74,76,89,11.3,21.56,1.8,-0.8617,-0.5074,33.2,33.0,33.0,station
2025-09-01,30.9,32.6,35.1,30.9,33.7,30.7,32.2,34.9,29.8,33.7,32.64,1.82,0.38,80,94,12.6,20.31,1.7,-0.8703,-0.4925,33.7,33.0,33.0,station
2025-09-02,31.6,32.2,34.4,30.7,33.2,32.3,32.8,34.2,30.6,32.4,32.42,1.43,-0.04,79,77,12.8,21.1,5.3,-0.8786,-0.4775,32.6,32.0,32.0,station
2025-09-03,30.5,32.2,34.6,31.1,32.8,32.3,32.9,34.7,30.8,32.6,32.24,1.6,-0.42,82,79,10.0,19.61,4.7,-0.8867,-0.4623,32.6,33.0,33.0,station
2025-09-04,31.8,33.3,34.9,31.3,33.9,32.2,33.2,34.6,31.2,34.0,33.04,1.49,-0.0,80,44,9.6,21.62,0.7,-0.8945,-0.447,33.0,33.0,33.0,station
2025-09-05,32.7,32.9,34.8,30.9,33.3,31.6,32.9,34.4,30.6,33.0,32.92,1.4,0.42,77,34,10.9,21.3,1.2,-0.9021,-0.4315,33.7,34.0,34.0,station
2025-09-06,34.3,34.1,35.2,32.9,34.7,33.4,33.9,35.5,32.6,33.8,34.24,0.86,0.4,73,30,11.9,22.34,1.0,-0.9094,-0.4159,34.4,35.0,35.0,station
2025-09-07,30.5,30.6,32.8,30.0,32.3,32.4,31.0,35.7,30.9,35.0,31.24,1.23,-1.76,83,69,19.8,16.47,19.9,-0.9164,-0.4002,32.2,33.0,33.0,station
2025-09-08,27.9,27.5,27.5,29.0,27.2,29.0,27.8,29.2,28.8,27.4,27.82,0.7,-0.62,95,100,29.1,5.67,46.7,-0.9232,-0.3844,26.8,29.0,29.0,station
2025-09-09,29.0,29.0,29.2,29.1,29.7,29.3,29.0,28.5,28.9,29.7,29.2,0.29,0.12,89,99,19.5,15.41,17.3,-0.9296,-0.3685,29.3,30.0,30.0,station
2025-09-10,28.1,29.4,32.0,28.7,29.8,29.3,30.3,31.9,29.0,30.3,29.6,1.49,-0.56,87,96,14.6,19.81,9.1,-0.9358,-0.3524,31.1,31.0,31.0,station
2025-09-11,30.4,31.7,33.3,30.2,33.1,29.9,31.8,33.6,30.1,30.7,31.74,1.45,0.52,83,55,12.2,22.73,0.3,-0.9418,-0.3363,32.2,32.0,32.0,station
2025-09-12,30.4,32.2,34.1,30.8,32.8,30.9,32.4,33.7,31.3,33.2,32.06,1.51,-0.24,82,18,8.9,20.25,2.0,-0.9474,-0.32,32.1,32.0,32.0,station
2025-09-13,30.4,32.5,33.7,30.8,33.6,30.8,32.5,34.0,30.9,33.5,32.2,1.54,-0.14,79,14,11.6,22.27,0.6,-0.9528,-0.3037,32.2,32.0,32.0,station
2025-09-14,30.1,32.6,33.9,30.4,34.1,30.7,32.5,33.7,31.5,34.1,32.22,1.89,-0.28,81,17,11.8,22.15,0.7,-0.9579,-0.2873,32.1,32.0,32.0,station
2025-09-15,30.2,30.3,34.1,31.1,32.4,30.0,30.9,34.6,31.5,33.2,31.62,1.64,-0.42,79,27,12.7,20.52,1.3,-0.9627,-0.2707,32.7,33.0,33.0,station
2025-09-16,31.4,32.5,35.7,30.2,34.7,32.9,31.7,35.2,33.2,34.9,32.9,2.28,-0.68,79,84,17.6,19.02,4.2,-0.9672,-0.2541,32.9,34.0,34.0,station
2025-09-17,30.6,32.0,35.1,30.9,33.5,30.9,31.9,35.1,30.0,34.7,32.42,1.88,-0.1,82,85,16.2,15.74,5.9,-0.9714,-0.2375,32.2,33.0,33.0,station
2025-09-18,33.2,32.7,35.5,31.5,33.4,32.1,32.3,34.6,30.4,34.1,33.26,1.45,0.56,81,66,15.4,18.96,5.7,-0.9753,-0.2207,33.1,34.0,34.0,station
2025-09-19,29.4,30.6,31.3,31.4,26.2,31.8,31.5,33.4,30.8,26.6,29.78,2.15,-1.04,85,86,18.8,9.0,13.0,-0.979,-0.2039,30.7,31.0,31.0,station
2025-09-20,26.6,26.5,27.3,30.8,25.6,26.5,27.5,28.1,28.0,31.1,27.36,2.02,-0.88,96,100,20.9,4.77,38.2,-0.9824,-0.187,25.9,28.0,28.0,station
2025-09-21,27.9,27.4,28.3,28.2,30.1,28.6,27.3,29.1,28.6,27.9,28.38,1.02,0.08,89,97,13.0,11.1,18.0,-0.9854,-0.1701,30.4,28.0,28.0,station
2025-09-22,32.2,32.0,35.0,31.9,32.4,32.4,31.7,34.7,32.4,32.6,32.7,1.3,-0.06,78,27,14.1,21.57,0.4,-0.9882,-0.1531,33.1,34.0,34.0,station
2025-09-23,31.7,31.3,30.6,31.6,33.4,32.9,30.3,32.3,30.5,33.0,31.72,1.03,-0.08,75,86,30.8,15.22,2.5,-0.9907,-0.1361,32.3,33.0,33.0,station
2025-09-24,27.3,27.8,27.8,28.5,25.8,27.9,27.6,26.8,28.5,26.1,27.44,1.01,0.06,94,100,46.3,2.48,91.5,-0.9929,-0.1191,26.9,29.0,29.0,station
2025-09-25,28.5,27.7,29.8,28.8,29.5,28.9,28.0,27.8,28.7,30.0,28.86,0.83,0.18,88,99,22.8,15.6,10.3,-0.9948,-0.102,29.8,31.0,31.0,station
2025-09-26,32.1,32.1,33.2,31.6,31.5,31.9,31.5,33.7,32.0,31.3,32.1,0.67,0.02,81,87,15.4,20.14,0.4,-0.9964,-0.0848,33.1,34.0,34.0,station
2025-09-27,31.9,32.3,34.9,32.2,31.5,32.0,32.2,29.9,32.7,32.8,32.56,1.34,0.64,78,73,16.3,18.77,0.4,-0.9977,-0.0677,33.4,35.0,35.0,station
2025-09-28,30.0,30.8,33.0,30.1,30.1,31.1,29.9,33.3,30.4,31.3,30.8,1.27,-0.4,81,82,14.9,13.05,5.7,-0.9987,-0.0505,30.2,32.0,32.0,station
2025-09-29,30.0,31.8,34.0,29.4,32.5,30.2,31.8,33.3,29.7,31.3,31.54,1.87,0.28,83,98,11.5,19.22,0.7,-0.9994,-0.0333,32.5,31.0,31.0,station
2025-09-30,30.9,32.4,33.1,30.8,32.3,31.1,32.2,32.8,30.7,30.5,31.9,1.01,0.44,81,89,6.6,19.15,0.4,-0.9999,-0.0161,32.5,32.0,32.0,station
2025-10-01,31.0,32.4,32.6,29.8,29.9,30.8,32.2,33.0,29.2,29.7,31.14,1.33,0.16,79,77,10.7,19.63,0.3,-1.0,0.0011,32.8,32.0,32.0,station
2025-10-02,30.3,31.9,33.7,29.9,31.8,30.4,32.1,33.8,29.8,30.1,31.52,1.51,0.28,81,23,9.6,19.75,1.5,-0.9998,0.0183,31.9,31.0,31.0,station
2025-10-03,30.9,32.3,33.0,31.0,32.0,30.8,32.4,32.4,30.8,32.1,31.84,0.89,0.14,81,13,8.3,19.91,0.4,-0.9994,0.0355,32.6,32.0,32.0,station
2025-10-04,33.1,32.4,34.5,31.6,34.6,32.2,32.1,35.7,32.5,34.2,33.24,1.31,-0.1,80,44,20.1,18.24,4.1,-0.9986,0.0527,33.4,35.0,35.0,station
2025-10-05,31.0,29.2,32.0,28.8,30.4,32.1,29.2,32.0,30.4,30.6,30.28,1.31,-0.58,84,98,27.0,11.74,4.3,-0.9976,0.0698,31.2,31.0,31.0,station
2025-10-06,30.9,31.1,32.4,30.1,29.3,30.5,31.0,31.4,29.5,31.9,30.76,1.16,-0.1,78,39,15.4,18.42,1.0,-0.9962,0.087,32.4,31.0,31.0,station
2025-10-07,31.7,32.8,34.6,31.7,33.4,32.1,32.6,34.4,31.6,32.5,32.84,1.23,0.2,77,13,8.4,19.27,0.8,-0.9946,0.1041,33.8,33.0,33.0,station
2025-10-08,33.1,32.8,34.7,31.3,33.6,33.2,32.7,34.9,31.2,32.4,33.1,1.24,0.22,74,28,11.6,18.32,1.4,-0.9926,0.1212,33.8,32.0,32.0,station
2025-10-09,33.0,32.8,34.9,31.6,33.4,33.4,33.0,34.0,32.1,33.4,33.14,1.19,-0.04,80,36,8.5,18.03,1.3,-0.9904,0.1383,32.4,32.0,32.0,station
2025-10-10,33.1,32.6,33.4,30.4,32.2,33.7,32.1,34.2,30.5,33.7,32.34,1.18,-0.5,77,32,13.1,17.77,1.0,-0.9879,0.1553,32.9,31.0,31.0,station
2025-10-11,32.4,32.7,33.4,30.6,33.1,33.5,32.8,33.8,30.6,32.9,32.44,1.1,-0.28,76,20,12.1,18.27,1.1,-0.9851,0.1722,33.3,32.0,32.0,station
2025-10-12,29.9,28.8,33.9,28.6,32.0,29.6,29.1,34.1,29.1,32.7,30.64,2.27,-0.28,86,79,11.0,11.31,4.4,-0.9819,0.1892,30.1,31.0,31.0,station
2025-10-13,28.7,29.1,32.4,28.7,32.2,30.5,29.7,32.9,28.5,31.1,30.22,1.91,-0.32,83,86,9.8,14.25,1.4,-0.9785,0.206,30.6,31.0,31.0,station
2025-10-14,30.8,31.2,33.7,29.3,28.6,29.6,30.8,33.5,29.3,30.7,30.72,1.98,-0.06,80,40,10.3,17.76,2.7,-0.9749,0.2228,32.8,31.0,31.0,station
2025-10-15,32.4,32.6,33.8,31.5,33.0,32.1,32.1,34.2,30.9,32.4,32.66,0.84,0.32,75,20,9.2,17.85,1.1,-0.9709,0.2396,33.0,32.0,32.0,station
2025-10-16,32.4,32.8,33.0,30.7,33.4,32.9,32.3,33.7,30.4,33.1,32.46,1.05,-0.02,75,24,9.4,17.67,4.5,-0.9666,0.2562,33.4,33.0,33.0,station
2025-10-17,32.6,33.2,34.5,32.0,33.4,32.7,33.0,34.5,31.7,33.3,33.14,0.94,0.1,70,22,10.4,18.41,0.8,-0.9621,0.2728,34.3,32.0,32.0,station
2025-10-18,35.0,34.2,35.7,32.7,34.7,34.8,33.8,34.9,33.1,34.7,34.46,1.12,0.2,74,14,10.5,18.45,0.0,-0.9572,0.2893,35.5,35.0,35.0,station
2025-10-19,33.2,32.8,33.5,30.9,34.0,33.5,32.4,33.2,31.3,33.8,32.88,1.19,0.04,67,38,18.2,18.57,2.0,-0.9521,0.3057,33.4,33.0,33.0,station
2025-10-20,29.9,29.1,28.8,27.0,30.8,30.5,28.6,26.7,27.9,31.3,29.12,1.42,0.12,61,89,25.3,16.2,0.0,-0.9467,0.3221,31.3,29.0,29.0,station
2025-10-21,22.9,23.4,21.9,22.6,24.6,23.2,23.6,21.8,23.4,24.2,23.08,1.01,-0.16,67,100,24.5,6.29,3.7,-0.941,0.3383,22.7,23.0,23.0,station
2025-10-22,20.9,19.4,19.7,20.3,21.7,22.1,19.4,21.2,21.7,24.5,20.4,0.93,-1.38,81,100,22.0,3.99,9.6,-0.9351,0.3545,19.0,20.0,20.0,station
2025-10-23,23.3,21.9,22.2,22.0,23.8,26.9,22.2,26.4,23.2,26.1,22.64,0.86,-2.32,71,100,19.5,9.81,2.8,-0.9288,0.3705,21.8,23.0,23.0,station
2025-10-24,25.6,25.0,28.1,24.4,25.9,26.3,25.1,28.6,24.9,26.0,25.8,1.41,-0.38,61,80,18.2,11.86,0.0,-0.9223,0.3864,24.7,25.0,25.0,station
2025-10-25,28.2,27.9,29.8,26.8,28.6,27.8,27.1,29.0,26.7,29.6,28.26,1.09,0.22,61,28,15.6,14.94,0.0,-0.9155,0.4022,27.7,28.0,28.0,station
2025-10-26,28.9,28.8,30.8,27.6,30.0,28.6,28.1,30.0,27.7,30.1,29.22,1.23,0.32,56,45,17.4,17.93,0.0,-0.9085,0.4179,29.8,30.0,30.0,station
2025-10-27,28.4,26.4,28.3,24.9,28.8,27.7,26.4,27.0,26.7,29.7,27.36,1.66,-0.14,63,87,17.8,11.34,1.4,-0.9012,0.4335,26.3,26.0,26.0,station
2025-10-28,24.6,24.4,27.9,24.0,29.1,29.2,25.6,23.8,26.0,30.0,26.0,2.33,-0.92,76,96,14.8,8.21,1.9,-0.8936,0.4489,24.0,24.0,24.0,station
2025-10-29,28.5,26.6,27.5,26.3,28.5,29.3,26.9,27.9,27.5,29.8,27.48,1.03,-0.8,74,99,11.9,12.82,0.0,-0.8857,0.4642,29.3,27.0,27.0,station
2025-10-30,27.1,26.3,29.6,26.6,29.3,29.9,26.9,30.2,26.8,30.3,27.78,1.55,-1.04,77,62,11.4,13.53,0.2,-0.8776,0.4794,29.4,29.0,29.0,station
2025-10-31,29.3,28.7,31.9,27.4,30.4,28.9,27.9,31.0,26.5,30.9,29.54,1.71,0.5,72,55,17.8,16.48,0.0,-0.8692,0.4944,30.8,29.0,29.0,station
2025-11-01,28.5,26.7,29.1,25.2,29.1,28.6,27.0,27.4,26.4,27.9,27.72,1.72,0.26,64,96,18.4,13.23,0.0,-0.8606,0.5093,28.1,27.0,27.0,station
2025-11-02,27.2,26.4,29.0,24.4,28.0,27.8,26.3,25.2,24.3,28.2,27.0,1.74,0.64,66,61,15.5,11.58,0.0,-0.8517,0.524,27.6,27.0,27.0,station
2025-11-03,26.7,24.3,25.3,23.3,26.9,27.3,25.3,22.8,24.6,26.8,25.3,1.54,-0.06,63,88,17.1,6.55,0.1,-0.8426,0.5386,23.2,24.0,24.0,station
2025-11-04,23.8,20.8,20.8,21.2,22.8,23.1,22.2,20.5,21.8,26.4,21.88,1.35,-0.92,76,98,17.5,7.33,1.8,-0.8332,0.553,21.7,21.0,21.0,station
2025-11-05,27.4,25.6,28.8,25.1,27.6,27.4,25.9,28.8,25.5,28.4,26.9,1.52,-0.3,70,88,15.1,16.9,0.0,-0.8235,0.5672,28.2,27.0,27.0,station
2025-11-06,29.2,27.8,31.2,27.4,29.5,29.2,27.6,30.4,27.3,29.5,29.02,1.51,0.22,68,67,13.7,16.74,0.0,-0.8137,0.5813,30.2,30.0,30.0,station
2025-11-07,28.5,27.1,28.4,26.6,30.2,29.8,26.9,28.2,26.9,30.5,28.16,1.4,-0.3,72,73,16.2,8.38,1.0,-0.8035,0.5952,29.1,28.0,28.0,station
2025-11-08,29.8,28.6,31.1,27.4,30.3,29.7,29.0,31.4,27.9,31.1,29.44,1.46,-0.38,74,51,12.8,15.27,0.2,-0.7932,0.609,32.1,30.0,30.0,station
2025-11-09,29.5,29.4,31.1,27.9,30.7,30.9,28.7,31.2,28.4,31.4,29.72,1.26,-0.4,71,70,17.8,15.19,0.0,-0.7826,0.6225,31.5,30.0,30.0,station
2025-11-10,28.0,26.8,29.1,26.3,29.1,28.3,27.1,29.6,26.6,28.9,27.86,1.29,-0.24,63,86,19.5,16.09,0.0,-0.7718,0.6359,28.8,28.0,28.0,station
2025-11-11,24.3,25.5,27.0,24.5,26.6,27.1,25.2,25.7,24.6,25.4,25.58,1.21,-0.02,66,100,17.7,5.37,0.3,-0.7607,0.6491,24.3,24.0,24.0,station
2025-11-12,25.6,24.4,26.7,24.1,25.6,25.4,25.3,27.5,24.6,26.2,25.28,1.05,-0.52,62,60,18.2,13.29,0.0,-0.7494,0.6621,25.2,26.0,26.0,station
2025-11-13,25.3,24.0,24.8,23.9,24.5,25.6,23.8,26.3,23.3,24.2,24.5,0.58,-0.14,68,97,17.0,9.54,0.5,-0.7379,0.6749,22.6,23.0,23.0,station
2025-11-14,26.0,24.9,27.1,23.0,26.8,26.3,25.1,26.1,23.2,26.6,25.56,1.67,0.1,74,57,15.9,13.98,0.7,-0.7262,0.6875,27.1,27.0,27.0,station
2025-11-15,26.6,26.3,28.9,25.8,26.8,26.5,26.5,29.2,25.6,27.7,26.88,1.19,-0.22,70,79,9.8,14.13,0.0,-0.7143,0.6998,28.3,28.0,28.0,station
2025-11-16,27.7,27.6,29.7,26.7,28.0,27.7,27.1,30.1,26.8,27.5,27.94,1.1,0.1,75,13,8.0,16.59,0.0,-0.7021,0.712,28.5,26.0,26.0,station
2025-11-17,27.8,27.9,31.0,27.1,28.2,27.7,27.6,30.7,25.7,27.6,28.4,1.51,0.54,66,40,14.8,14.9,0.0,-0.6898,0.724,28.7,30.0,30.0,station
2025-11-18,21.8,23.3,23.6,22.4,22.1,21.4,23.1,23.0,20.6,21.1,22.64,0.78,0.8,61,100,26.5,6.45,0.7,-0.6772,0.7358,22.5,25.0,25.0,station
2025-11-19,15.9,16.3,20.8,16.8,16.1,16.2,16.9,20.5,16.9,17.8,17.18,2.05,-0.48,50,100,22.1,7.02,1.1,-0.6645,0.7473,16.0,17.0,17.0,station
2025-11-20,18.7,18.8,20.9,18.8,20.2,20.3,19.2,21.3,18.5,19.7,19.48,1.01,-0.32,44,93,16.5,5.63,0.0,-0.6515,0.7586,16.5,18.0,18.0,station
2025-11-21,19.8,21.6,24.3,21.5,22.7,20.6,21.7,24.0,22.5,22.2,21.98,1.66,-0.22,44,65,16.7,10.65,0.0,-0.6384,0.7697,20.9,23.0,23.0,station
2025-11-22,22.5,22.8,25.0,22.8,23.9,23.1,22.7,25.3,22.8,24.7,23.4,1.04,-0.32,47,5,15.2,16.3,0.0,-0.625,0.7806,24.6,24.0,24.0,station
2025-11-23,25.4,24.8,27.2,24.1,25.9,25.4,24.5,27.3,24.1,26.1,25.48,1.17,0.0,57,38,10.9,15.65,0.0,-0.6115,0.7912,26.4,26.0,26.0,station
2025-11-24,24.6,25.8,28.7,24.0,25.7,26.5,25.6,27.7,24.1,27.2,25.76,1.81,-0.46,55,78,14.2,10.53,0.0,-0.5978,0.8016,26.6,27.0,27.0,station
2025-11-25,22.8,23.5,25.7,22.8,23.4,22.5,23.8,25.8,22.7,23.4,23.64,1.2,0.0,41,53,22.1,16.92,0.0,-0.584,0.8118,24.1,26.0,26.0,station
2025-11-26,23.1,23.1,24.8,22.0,24.0,22.4,22.7,24.6,21.7,23.7,23.4,1.06,0.38,47,65,16.7,17.01,0.0,-0.5699,0.8217,22.9,24.0,24.0,station
2025-11-27,22.6,24.2,23.2,22.9,22.9,22.4,24.3,23.3,22.8,22.3,23.16,0.62,0.14,38,90,21.8,15.97,0.0,-0.5557,0.8314,22.3,23.0,23.0,station
2025-11-28,22.6,23.0,24.2,21.8,23.4,22.0,23.1,22.5,21.7,22.6,23.0,0.89,0.62,40,83,16.0,17.19,0.0,-0.5413,0.8408,22.6,23.0,23.0,station
2025-11-29,24.5,23.6,25.5,22.4,24.5,24.3,23.5,24.3,22.8,24.6,24.1,1.16,0.2,49,21,10.5,15.77,0.0,-0.5268,0.85,24.8,25.0,25.0,station
2025-11-30,24.2,23.0,22.5,23.0,24.8,24.3,23.4,27.7,22.3,17.4,23.5,0.96,0.48,68,91,11.0,6.67,0.2,-0.5121,0.859,22.9,24.0,24.0,station
2025-12-01,26.7,25.1,27.3,24.0,28.0,27.5,25.3,29.2,24.5,28.6,26.22,1.64,-0.8,80,44,9.4,12.42,0.8,-0.4972,0.8676,27.0,25.0,25.0,station
2025-12-02,24.3,24.5,27.4,23.6,25.1,26.1,25.2,23.4,23.9,28.4,24.98,1.45,-0.42,78,79,13.9,10.93,1.1,-0.4822,0.8761,27.6,27.0,27.0,station
2025-12-03,22.1,22.4,24.2,21.5,22.7,21.8,21.5,23.3,21.0,23.3,22.58,1.01,0.4,68,72,17.7,9.4,1.7,-0.4671,0.8842,23.1,24.0,24.0,station
2025-12-04,22.5,21.6,22.7,21.5,24.1,21.9,21.4,23.1,20.5,22.6,22.48,1.05,0.58,64,59,13.1,12.79,0.0,-0.4518,0.8921,23.4,22.0,22.0,station
2025-12-05,22.9,22.9,24.2,22.4,24.3,23.0,22.4,24.5,22.1,24.2,23.34,0.86,0.1,69,19,11.7,15.65,0.0,-0.4364,0.8998,24.9,25.0,25.0,station
2025-12-06,23.2,22.9,24.4,21.8,24.3,23.2,22.8,24.1,21.0,24.4,23.32,1.08,0.22,72,4,9.8,15.54,0.0,-0.4208,0.9071,25.3,22.0,22.0,station
2025-12-07,24.8,24.5,26.5,23.1,25.3,24.5,24.6,26.4,23.5,25.5,24.84,1.24,-0.06,72,56,10.7,11.74,0.0,-0.4052,0.9142,24.6,26.0,26.0,station
2025-12-08,24.7,25.1,27.4,23.8,25.9,24.6,25.0,26.9,23.5,25.6,25.38,1.36,0.26,57,22,15.9,15.84,0.0,-0.3894,0.9211,26.3,27.0,27.0,station
2025-12-09,24.8,24.2,26.3,23.4,25.9,24.7,24.2,26.4,23.5,25.1,24.92,1.19,0.14,63,17,12.1,15.68,0.0,-0.3735,0.9276,25.4,24.0,24.0,station
2025-12-10,23.9,22.8,23.9,23.5,24.8,22.9,22.7,24.6,22.4,25.7,23.78,0.73,0.12,85,100,8.9,4.08,1.9,-0.3575,0.9339,21.5,22.0,22.0,station
2025-12-11,25.7,24.4,27.6,23.9,28.0,26.5,25.2,28.7,25.4,27.5,25.92,1.84,-0.74,76,66,10.4,9.67,0.0,-0.3413,0.9399,26.6,27.0,27.0,station
2025-12-12,24.5,23.3,25.0,22.8,26.0,24.7,22.9,24.9,22.3,25.5,24.32,1.29,0.26,63,70,15.5,10.45,0.0,-0.3251,0.9457,24.7,25.0,25.0,station
2025-12-13,19.8,19.8,21.0,20.7,22.4,21.3,19.9,21.0,20.6,20.1,20.74,1.07,0.16,80,77,23.1,5.69,2.8,-0.3088,0.9511,23.0,22.0,22.0,station
2025-12-14,18.4,18.8,21.8,18.1,19.6,18.6,18.4,21.4,18.4,18.9,19.34,1.49,0.2,51,88,20.3,9.95,0.0,-0.2924,0.9563,18.2,18.0,18.0,station
2025-12-15,20.5,19.9,21.9,19.9,22.3,20.6,20.3,22.0,20.2,22.1,20.9,1.13,-0.14,55,19,11.9,15.06,0.0,-0.2759,0.9612,21.1,21.0,21.0,station
2025-12-16,23.1,22.6,24.7,22.1,24.3,22.9,22.5,24.4,21.5,25.3,23.36,1.11,0.04,66,25,11.1,14.33,0.0,-0.2593,0.9658,24.8,24.0,24.0,station
2025-12-17,25.0,25.1,27.7,23.6,27.2,24.8,24.5,27.7,23.4,26.2,25.72,1.7,0.4,65,19,13.5,12.97,0.0,-0.2427,0.9701,26.9,28.0,28.0,station
2025-12-18,24.5,23.8,25.9,23.0,25.8,24.2,23.5,26.2,23.5,24.7,24.6,1.26,0.18,61,13,12.0,15.33,0.0,-0.226,0.9741,25.4,25.0,25.0,station
2025-12-19,24.2,23.8,26.0,21.2,22.8,24.4,23.7,26.4,22.4,26.1,23.6,1.77,-1.0,75,57,9.6,12.86,8.8,-0.2092,0.9779,25.7,25.0,25.0,station
2025-12-20,25.2,25.2,27.8,24.6,26.0,25.9,25.5,28.5,24.7,27.1,25.76,1.24,-0.58,77,30,13.4,13.35,1.2,-0.1923,0.9813,27.0,27.0,27.0,station
2025-12-21,23.8,25.4,28.2,24.9,26.7,22.8,24.7,28.1,24.4,26.0,25.8,1.7,0.6,71,13,15.6,14.67,0.0,-0.1754,0.9845,27.4,28.0,28.0,station
2025-12-22,22.9,22.3,24.2,21.5,25.0,22.2,22.2,24.0,21.0,24.7,23.18,1.42,0.36,71,40,11.1,14.09,0.3,-0.1585,0.9874,23.6,22.0,22.0,station
2025-12-23,24.4,23.9,25.8,22.9,25.6,23.3,23.1,26.0,23.3,24.8,24.52,1.21,0.42,74,44,12.7,12.08,0.3,-0.1414,0.9899,24.1,23.0,23.0,station
2025-12-24,25.0,25.1,26.6,24.0,25.7,25.2,25.0,27.0,24.2,27.1,25.28,0.96,-0.42,78,25,7.3,13.48,0.0,-0.1244,0.9922,26.5,25.0,25.0,station
2025-12-25,19.5,19.4,22.7,19.9,17.9,19.5,19.7,22.2,21.4,17.7,19.88,1.75,-0.22,63,64,23.3,12.65,0.1,-0.1073,0.9942,19.1,21.0,21.0,station
2025-12-26,15.7,14.6,17.9,14.5,15.3,17.4,14.7,17.9,15.4,15.0,15.6,1.38,-0.48,57,100,18.0,6.19,0.0,-0.0902,0.9959,13.9,14.0,14.0,station
2025-12-27,19.7,19.3,21.3,18.6,20.8,19.9,19.5,22.0,18.8,20.7,19.94,1.1,-0.24,68,44,11.0,13.09,0.0,-0.073,0.9973,19.8,20.0,20.0,station
2025-12-28,20.6,20.4,22.0,19.7,22.0,20.3,20.5,22.2,19.7,22.2,20.94,1.02,-0.04,75,17,9.6,12.79,0.0,-0.0559,0.9984,21.2,21.0,21.0,station
2025-12-29,21.1,21.5,22.6,20.6,23.2,21.3,21.7,22.7,20.9,22.9,21.8,1.07,-0.1,78,13,12.4,14.47,0.0,-0.0387,0.9993,22.6,22.0,22.0,station
2025-12-30,23.2,23.0,25.0,22.5,24.7,23.1,22.9,24.3,21.3,24.8,23.68,1.1,0.4,72,23,12.9,14.75,0.0,-0.0215,0.9998,24.3,23.0,23.0,station
2025-12-31,21.7,21.7,22.7,20.7,21.6,22.5,21.8,23.5,20.7,22.2,21.68,0.71,-0.46,76,68,12.3,11.96,0.0,-0.0043,1.0,23.2,,,
2026-01-01,21.4,21.2,23.6,21.3,23.0,21.5,21.2,23.8,20.7,22.5,22.1,1.12,0.16,73,54,21.1,9.26,0.6,0.0172,0.9999,22.0,22.0,22.0,station
2026-01-02,15.6,15.9,19.4,16.4,17.7,16.1,16.6,20.0,16.8,17.5,17.0,1.56,-0.4,55,22,21.2,15.71,0.0,0.0344,0.9994,16.8,17.0,17.0,station
2026-01-03,17.4,16.7,19.5,17.0,18.5,17.2,16.5,19.4,17.3,19.0,17.82,1.16,-0.06,59,26,17.3,14.33,0.0,0.0516,0.9987,17.8,18.0,18.0,station
2026-01-04,19.7,19.1,21.3,19.4,21.3,19.8,19.1,21.3,19.6,21.6,20.16,1.06,-0.12,63,24,10.2,14.88,0.0,0.0688,0.9976,20.2,21.0,21.0,station
2026-01-05,20.9,19.4,23.5,19.4,20.7,20.8,19.5,23.5,19.8,21.5,20.78,1.68,-0.24,65,15,17.7,15.65,0.0,0.0859,0.9963,21.3,22.0,22.0,station
2026-01-06,16.1,15.9,19.1,15.7,17.2,17.2,15.9,20.3,16.6,17.4,16.8,1.41,-0.68,54,31,18.6,14.9,0.0,0.103,0.9947,15.9,17.0,17.0,station
2026-01-07,16.1,16.2,18.4,16.2,16.3,16.5,16.2,19.2,15.7,16.4,16.64,0.99,-0.16,49,0,17.3,16.84,0.0,0.1201,0.9928,16.1,17.0,17.0,station
2026-01-08,17.7,18.1,19.9,17.4,17.7,17.5,17.9,19.7,17.4,17.2,18.16,1.0,0.22,38,16,17.9,17.16,0.0,0.1372,0.9905,18.5,19.0,19.0,station
2026-01-09,19.0,18.6,19.3,18.4,19.4,19.0,18.4,19.0,18.1,18.9,18.94,0.43,0.26,39,67,13.6,17.09,0.0,0.1542,0.988,19.8,20.0,20.0,station
2026-01-10,20.8,20.4,22.3,20.1,21.6,20.7,20.1,22.2,20.3,21.2,21.04,0.9,0.14,47,42,11.7,16.86,0.0,0.1712,0.9852,21.6,22.0,22.0,station
2026-01-11,20.5,20.2,22.0,19.8,21.8,20.3,20.2,21.7,19.6,21.2,20.86,0.98,0.26,42,51,14.1,16.99,0.0,0.1881,0.9821,22.0,22.0,22.0,station
2026-01-12,21.1,20.3,20.7,19.0,18.2,20.1,19.5,19.6,19.1,17.8,19.86,1.22,0.64,65,10,8.8,15.67,0.0,0.205,0.9788,22.2,22.0,22.0,station
2026-01-13,23.2,23.0,24.8,22.3,24.6,23.6,22.4,24.6,22.5,24.2,23.58,1.08,0.12,60,2,8.7,16.75,0.0,0.2218,0.9751,24.8,24.0,24.0,station
2026-01-14,22.5,22.4,23.4,19.9,23.9,22.0,22.3,23.2,19.9,24.2,22.42,1.54,0.1,55,1,10.5,16.96,0.0,0.2385,0.9711,23.8,22.0,22.0,station
2026-01-15,23.9,23.6,24.2,21.4,24.9,23.8,23.3,24.9,22.0,24.9,23.6,1.32,-0.18,63,3,12.1,16.98,0.0,0.2552,0.9669,25.7,24.0,24.0,station
2026-01-16,24.2,23.9,25.2,22.5,25.0,23.3,23.6,24.5,20.8,25.1,24.16,1.07,0.7,64,3,11.1,16.76,0.0,0.2718,0.9624,25.9,24.0,24.0,station
2026-01-17,25.1,24.4,26.1,23.1,26.6,25.2,24.3,25.9,22.2,26.3,25.06,1.39,0.28,57,14,9.3,15.17,0.0,0.2883,0.9575,26.5,25.0,25.0,station
2026-01-18,24.8,24.0,25.8,22.0,25.8,25.1,23.9,25.4,21.2,26.2,24.48,1.58,0.12,53,19,10.3,16.95,0.0,0.3047,0.9524,26.4,23.0,23.0,station
2026-01-19,24.0,23.4,25.3,22.5,25.8,23.9,23.5,25.5,22.0,26.1,24.2,1.35,0.0,77,16,11.6,16.33,0.0,0.3211,0.9471,24.8,22.0,22.0,station
2026-01-20,22.1,21.1,22.4,20.7,22.8,22.3,20.6,23.1,21.2,23.8,21.82,0.89,-0.38,79,66,16.9,9.22,1.9,0.3373,0.9414,22.1,20.0,20.0,station
2026-01-21,17.2,14.9,20.7,15.8,17.8,18.1,15.0,20.7,16.8,18.4,17.28,2.23,-0.52,56,96,18.4,11.62,0.0,0.3534,0.9355,15.8,17.0,17.0,station
2026-01-22,14.9,11.8,18.2,13.1,16.6,16.2,12.0,18.9,14.5,16.8,14.92,2.58,-0.76,61,97,16.6,11.15,0.0,0.3695,0.9292,14.0,13.0,13.0,station
2026-01-23,16.6,14.4,18.4,14.7,17.6,18.2,14.1,18.6,15.6,18.7,16.34,1.76,-0.7,71,85,12.6,7.34,0.0,0.3854,0.9227,14.2,16.0,16.0,station
2026-01-24,18.4,17.2,20.3,17.9,20.5,19.2,17.9,22.1,18.3,21.7,18.86,1.47,-0.98,76,38,14.5,14.73,0.1,0.4012,0.916,21.5,19.0,19.0,station
2026-01-25,21.9,21.4,22.9,19.2,23.1,21.0,20.6,23.0,19.8,19.9,21.7,1.56,0.84,72,23,13.7,17.56,0.0,0.4169,0.9089,23.4,22.0,22.0,station
2026-01-26,23.5,23.3,25.0,21.8,21.4,18.5,22.4,24.9,22.0,21.5,23.0,1.44,1.14,72,42,11.0,15.47,0.0,0.4325,0.9016,25.4,23.0,23.0,station
2026-01-27,23.9,23.4,26.9,22.6,25.3,19.2,22.5,26.5,22.3,22.6,24.42,1.7,1.8,65,13,11.6,17.08,0.0,0.4479,0.8941,27.4,24.0,24.0,station
2026-01-28,21.8,21.0,23.3,20.5,22.9,22.1,20.4,23.0,20.8,22.7,21.9,1.2,0.1,64,7,14.4,17.52,0.0,0.4633,0.8862,24.1,22.0,22.0,station
2026-01-29,21.5,20.9,23.4,19.1,22.4,20.5,21.0,22.9,18.9,23.0,21.46,1.62,0.2,71,44,13.1,15.37,0.3,0.4784,0.8781,22.8,20.0,20.0,station
2026-01-30,20.3,19.9,24.1,20.5,21.6,19.7,20.2,23.4,20.3,19.7,21.28,1.7,0.62,79,97,12.8,6.38,4.3,0.4935,0.8698,21.7,20.0,20.0,station
2026-01-31,18.4,19.0,24.4,19.3,21.0,19.3,19.3,21.5,19.5,22.8,20.42,2.43,-0.06,75,93,19.2,6.56,3.5,0.5084,0.8611,18.8,20.0,20.0,station
2026-02-01,19.7,17.1,19.9,17.8,20.1,19.8,17.4,23.6,19.5,20.1,18.92,1.37,-1.16,70,57,18.0,12.69,2.1,0.5231,0.8523,19.5,19.0,19.0,station
2026-02-02,20.5,19.4,23.9,19.5,20.5,20.9,18.9,24.3,19.8,21.0,20.76,1.83,-0.22,56,4,14.9,18.18,0.0,0.5377,0.8432,21.6,20.0,20.0,station
2026-02-03,20.7,19.8,22.3,18.8,22.4,20.6,19.7,22.7,18.4,22.2,20.8,1.57,0.08,60,69,10.7,15.22,0.0,0.5521,0.8338,21.6,20.0,20.0,station
2026-02-04,22.1,21.8,22.9,19.3,24.9,22.4,21.7,22.7,19.5,24.1,22.2,2.02,0.12,74,50,12.6,13.49,0.6,0.5664,0.8242,24.2,23.0,23.0,station
2026-02-05,24.1,24.4,26.3,22.7,25.7,23.3,24.1,26.3,21.8,25.1,24.64,1.41,0.52,77,11,11.5,17.96,0.0,0.5805,0.8143,26.3,24.0,24.0,station
2026-02-06,24.9,25.2,27.0,23.2,25.4,23.9,25.0,26.9,21.8,25.8,25.14,1.36,0.46,74,22,12.0,16.04,0.0,0.5944,0.8042,26.5,24.0,24.0,station
2026-02-07,22.8,21.4,25.4,21.0,24.3,23.8,21.1,25.4,20.8,21.5,22.98,1.87,0.46,60,71,17.1,14.13,0.0,0.6081,0.7938,25.1,25.0,25.0,station
2026-02-08,19.1,17.7,21.6,18.4,20.6,19.2,17.3,19.8,18.2,17.0,19.48,1.6,1.18,50,57,21.0,14.91,0.0,0.6217,0.7833,18.7,20.0,20.0,station
2026-02-09,17.7,17.1,18.7,17.0,20.3,18.6,16.8,18.6,16.8,20.2,18.16,1.37,-0.04,53,70,12.7,14.44,0.0,0.6351,0.7725,20.4,17.0,17.0,station
2026-02-10,21.7,20.1,22.6,19.2,23.8,22.4,19.7,23.1,19.7,24.1,21.48,1.86,-0.32,71,69,11.8,8.05,0.6,0.6483,0.7614,23.4,20.0,20.0,station
2026-02-11,25.1,22.7,26.6,22.7,26.1,25.2,22.1,26.4,23.1,26.7,24.64,1.85,-0.06,67,37,12.8,17.6,0.0,0.6613,0.7502,26.6,24.0,24.0,station
2026-02-12,22.1,21.7,24.1,20.2,23.7,22.2,21.3,24.3,20.0,24.0,22.36,1.58,0.0,71,50,12.1,15.33,0.0,0.6741,0.7387,23.8,21.0,21.0,station
2026-02-13,22.7,23.3,24.9,20.6,25.5,23.1,23.3,25.0,20.9,25.1,23.4,1.94,-0.08,73,43,11.0,14.72,0.0,0.6867,0.727,25.0,23.0,23.0,station
2026-02-14,24.9,25.4,27.1,21.5,26.8,24.2,25.4,25.9,21.6,27.2,25.14,2.23,0.28,74,13,13.9,19.32,0.0,0.6991,0.715,27.3,25.0,25.0,station
2026-02-15,24.8,26.5,27.4,23.2,27.8,24.6,26.5,27.8,23.0,27.9,25.94,1.92,-0.02,85,36,13.1,15.55,0.1,0.7113,0.7029,27.8,26.0,26.0,station
2026-02-16,25.8,26.6,28.6,24.1,28.5,26.5,26.8,29.2,24.9,29.2,26.72,1.9,-0.6,81,59,12.5,14.01,0.0,0.7233,0.6906,27.9,27.0,27.0,station
2026-02-17,22.3,21.8,25.6,22.0,24.2,22.6,21.6,24.0,22.3,23.9,23.18,1.66,0.3,64,70,17.8,9.49,1.6,0.735,0.678,21.8,22.0,22.0,station
2026-02-18,23.0,21.2,26.2,21.7,24.8,24.1,20.7,25.9,22.5,24.3,23.38,2.1,-0.12,55,20,13.8,19.52,0.0,0.7466,0.6653,24.0,23.0,23.0,station
2026-02-19,23.7,22.3,24.4,21.5,24.5,23.6,21.6,23.9,21.5,24.8,23.28,1.33,0.2,67,11,11.9,19.59,0.0,0.7579,0.6523,23.9,23.0,23.0,station
2026-02-20,24.7,23.7,25.1,22.8,25.2,25.8,23.7,25.4,23.7,25.5,24.3,1.03,-0.52,67,28,13.4,18.99,0.0,0.769,0.6392,26.1,24.0,24.0,station
2026-02-21,23.8,23.9,24.6,21.2,25.5,23.7,23.6,24.4,21.9,25.9,23.8,1.6,-0.1,78,29,16.1,17.66,0.0,0.7799,0.6259,25.4,23.0,23.0,station
2026-02-22,25.0,25.3,27.3,23.3,26.3,24.2,25.2,27.1,22.3,26.4,25.44,1.5,0.4,74,23,11.2,17.56,0.3,0.7906,0.6124,26.8,25.0,25.0,station
2026-02-23,26.2,25.1,26.7,23.7,26.4,24.9,24.9,26.1,22.5,26.3,25.62,1.23,0.68,71,54,16.8,15.21,0.0,0.801,0.5987,26.9,27.0,27.0,station
2026-02-24,24.9,24.6,27.1,23.5,27.6,25.8,24.8,26.3,23.3,27.0,25.54,1.74,0.1,79,80,8.7,12.46,2.6,0.8112,0.5848,27.0,24.0,24.0,station
2026-02-25,25.6,25.4,27.9,24.3,27.9,26.3,25.2,28.8,23.8,28.0,26.22,1.61,-0.2,83,81,11.7,12.37,0.1,0.8211,0.5708,26.9,25.0,25.0,station
2026-02-26,24.5,23.8,25.6,22.5,24.6,24.7,23.8,25.1,23.2,25.9,24.2,1.15,-0.34,79,63,16.7,14.98,0.8,0.8308,0.5566,26.8,24.0,24.0,station
2026-02-27,25.0,24.4,27.4,23.4,27.4,22.8,24.4,25.1,22.9,25.6,25.52,1.81,1.36,83,82,9.1,10.43,1.1,0.8402,0.5422,26.1,24.0,24.0,station
2026-02-28,23.2,21.8,24.0,22.4,23.4,23.7,21.8,23.4,22.9,27.1,22.96,0.86,-0.82,88,92,21.6,10.94,6.1,0.8495,0.5277,23.8,23.0,23.0,station
2026-03-01,23.9,23.5,25.7,22.9,25.5,24.6,24.2,26.0,24.1,26.9,24.3,1.24,-0.86,84,74,21.1,13.11,0.1,0.8584,0.513,26.0,26.0,26.0,station
2026-03-02,24.0,24.0,25.9,23.7,24.6,24.1,22.9,27.8,23.3,24.6,24.44,0.88,-0.1,91,66,16.5,14.86,36.7,0.8671,0.4981,28.2,25.0,25.0,station
2026-03-03,18.7,20.2,22.6,22.6,17.9,20.7,19.5,23.5,21.3,18.0,20.4,2.17,-0.2,85,74,18.6,6.86,21.1,0.8755,0.4831,21.3,21.0,21.0,station
2026-03-04,17.3,16.2,21.7,18.4,18.8,18.8,17.3,23.0,20.5,17.6,18.48,2.07,-0.96,90,99,18.6,7.14,35.9,0.8837,0.468,18.4,17.0,17.0,station
2026-03-05,23.4,20.8,24.2,22.1,21.8,23.7,21.0,25.7,22.4,21.4,22.46,1.34,-0.38,77,77,15.2,17.44,0.0,0.8916,0.4527,24.5,23.0,23.0,station
2026-03-06,23.1,22.7,25.6,22.3,23.6,23.6,22.4,25.8,22.4,24.1,23.46,1.29,-0.2,66,38,15.3,20.43,0.0,0.8993,0.4373,24.1,24.0,24.0,station
2026-03-07,23.3,22.6,24.6,22.8,24.3,22.6,23.0,25.2,21.6,24.4,23.52,0.89,0.16,73,20,12.4,18.64,0.0,0.9067,0.4218,24.2,22.0,22.0,station
2026-03-08,23.2,23.2,25.3,21.9,25.7,22.3,23.1,25.2,21.5,25.6,23.86,1.59,0.32,74,27,15.5,20.71,0.0,0.9138,0.4061,25.6,23.0,23.0,station
2026-03-09,23.7,22.2,25.5,23.0,25.1,24.0,22.3,25.8,23.6,26.4,23.9,1.39,-0.52,75,89,14.5,9.18,0.6,0.9207,0.3904,24.3,25.0,25.0,station
2026-03-10,19.4,17.3,19.5,17.8,21.0,20.4,17.5,19.8,18.7,20.9,19.0,1.48,-0.46,77,98,13.4,8.37,0.9,0.9272,0.3745,18.5,19.0,19.0,station
2026-03-11,21.0,21.2,22.8,20.3,23.1,21.8,20.9,22.8,21.6,23.2,21.68,1.21,-0.38,78,57,8.0,13.61,0.4,0.9335,0.3585,21.3,22.0,22.0,station
2026-03-12,24.5,24.6,27.6,24.4,25.9,24.5,24.7,27.6,24.6,26.4,25.4,1.37,-0.16,72,6,13.9,22.0,0.0,0.9396,0.3424,26.6,28.0,28.0,station
2026-03-13,22.0,22.3,23.9,21.0,23.0,22.3,22.3,24.1,21.1,23.3,22.44,1.09,-0.18,57,18,14.1,21.82,0.0,0.9453,0.3261,22.8,23.0,23.0,station
2026-03-14,22.9,23.5,24.3,21.1,25.2,22.9,22.9,24.2,20.6,25.1,23.4,1.55,0.26,61,5,17.0,20.78,0.0,0.9508,0.3098,24.3,24.0,24.0,station
2026-03-15,23.5,24.2,24.6,21.9,26.1,23.4,24.2,24.6,22.0,26.3,24.06,1.54,-0.04,71,7,15.9,21.02,0.0,0.956,0.2934,25.8,23.0,23.0,station
2026-03-16,23.8,24.6,26.0,23.0,26.3,24.1,24.3,26.1,21.9,26.6,24.74,1.41,0.14,62,2,14.4,22.02,0.0,0.9609,0.2769,26.5,25.0,25.0,station
2026-03-17,24.4,24.4,26.9,22.6,27.5,24.4,24.1,27.0,22.8,27.0,25.16,2.01,0.1,78,23,15.1,16.02,0.4,0.9655,0.2604,26.3,24.0,24.0,station
2026-03-18,25.0,26.2,27.3,23.5,27.8,24.7,25.9,27.9,23.1,26.2,25.96,1.75,0.4,78,7,14.5,20.17,0.0,0.9698,0.2437,27.1,26.0,26.0,station
2026-03-19,25.6,25.7,27.6,24.3,27.8,24.9,25.6,27.7,23.3,27.8,26.2,1.48,0.34,78,22,11.3,19.49,0.6,0.9739,0.227,27.9,25.0,25.0,station
2026-03-20,24.9,23.9,27.1,22.4,27.1,25.9,23.5,26.4,22.9,27.4,25.08,2.05,-0.14,74,52,16.5,19.35,0.1,0.9777,0.2102,28.4,26.0,26.0,station
2026-03-21,25.3,23.8,27.1,23.5,26.0,25.6,23.0,27.2,22.9,28.1,25.14,1.51,-0.22,76,76,11.4,16.02,1.8,0.9811,0.1934,26.6,24.0,24.0,station
2026-03-22,25.8,24.8,27.6,23.2,27.9,26.3,24.5,26.8,23.3,27.6,25.86,1.96,0.16,76,31,15.1,20.04,0.0,0.9843,0.1765,28.6,26.0,26.0,station
2026-03-23,26.2,26.2,27.9,23.3,28.1,26.1,26.2,27.9,23.9,28.1,26.34,1.92,-0.1,79,4,14.8,21.18,0.0,0.9872,0.1595,28.0,26.0,26.0,station
2026-03-24,26.3,26.3,28.6,23.9,28.5,26.5,26.2,26.8,23.9,27.8,26.72,1.94,0.48,78,42,14.7,20.46,0.2,0.9898,0.1425,28.7,27.0,27.0,station
2026-03-25,28.0,28.1,30.7,26.9,30.6,26.9,28.0,29.7,24.3,29.4,28.86,1.7,1.2,78,30,12.6,20.7,0.0,0.9921,0.1255,30.5,29.0,29.0,station
2026-03-26,26.2,26.3,26.4,24.8,29.0,26.0,26.0,27.4,24.7,28.7,26.54,1.52,-0.02,84,61,19.2,17.29,1.6,0.9941,0.1084,27.5,27.0,27.0,station
2026-03-27,26.9,26.8,29.3,25.4,29.2,26.9,26.2,28.8,24.8,28.9,27.52,1.69,0.4,81,63,18.6,17.43,6.3,0.9958,0.0913,29.0,27.0,27.0,station
2026-03-28,26.8,25.4,28.0,25.4,28.2,27.3,25.1,28.1,24.9,28.5,26.76,1.35,-0.02,84,78,17.8,13.69,2.7,0.9972,0.0741,28.8,26.0,26.0,station
2026-03-29,27.1,26.1,28.5,25.1,25.3,26.6,25.9,28.6,25.4,28.1,26.42,1.4,-0.5,82,39,19.9,18.88,0.7,0.9984,0.057,30.0,27.0,27.0,station
2026-03-30,26.7,27.1,28.6,25.9,28.9,26.9,27.4,28.7,26.8,27.4,27.44,1.28,0.0,87,51,23.3,17.34,2.4,0.9992,0.0398,28.3,26.0,26.0,station
2026-03-31,26.0,26.8,29.2,25.5,29.2,26.5,27.0,28.9,25.7,29.2,27.34,1.76,-0.12,87,75,26.1,15.47,30.7,0.9997,0.0226,27.9,27.0,27.0,station
2026-04-01,26.8,25.9,29.8,26.3,26.8,27.2,25.2,29.4,24.7,30.2,27.12,1.54,-0.22,73,44,16.0,22.35,0.3,1.0,0.0054,28.4,27.0,27.0,station
2026-04-02,25.6,24.3,26.8,24.4,26.6,26.0,24.3,26.3,24.6,26.9,25.54,1.18,-0.08,81,94,20.5,13.5,1.1,0.9999,-0.0118,27.0,28.0,28.0,station
2026-04-03,26.4,26.3,28.6,26.6,27.7,26.6,26.1,28.6,26.0,27.4,27.12,1.0,0.18,86,63,31.4,16.55,3.1,0.9996,-0.029,28.1,27.0,27.0,station
2026-04-04,24.3,24.5,28.3,25.3,21.7,23.9,24.3,26.5,25.7,22.6,24.82,2.37,0.22,90,70,11.7,10.84,73.7,0.9989,-0.0462,25.2,26.0,26.0,station
2026-04-05,26.1,24.2,28.8,25.5,23.9,25.3,24.8,28.4,25.2,24.8,25.7,1.96,0.0,88,69,18.8,15.41,5.9,0.998,-0.0634,28.4,27.0,27.0,station
2026-04-06,27.4,27.6,29.2,27.5,26.8,27.0,27.7,29.7,27.3,26.1,27.7,0.89,0.14,90,83,25.2,15.15,4.1,0.9968,-0.0805,27.9,27.0,27.0,station
2026-04-07,27.7,28.5,29.9,26.4,27.0,27.7,28.2,30.0,26.2,26.9,27.9,1.37,0.1,86,56,16.5,19.13,1.0,0.9952,-0.0977,30.7,28.0,28.0,station
2026-04-08,26.8,26.0,27.2,26.2,27.3,26.5,26.0,26.5,25.1,26.1,26.7,0.58,0.66,84,98,22.4,14.59,0.8,0.9934,-0.1148,27.8,27.0,27.0,station
2026-04-09,26.6,28.1,29.0,27.2,28.5,26.7,28.4,29.0,26.3,28.6,27.88,0.97,0.08,83,53,24.6,19.25,0.3,0.9913,-0.1319,28.9,28.0,28.0,station
2026-04-10,27.1,28.6,29.9,,29.8,27.2,28.7,29.6,27.4,29.3,28.85,1.31,0.41,82,28,21.8,21.05,0.0,0.9889,-0.1489,29.6,28.0,28.0,station
2026-04-11,27.1,28.6,29.5,,30.0,27.2,28.1,29.6,26.4,29.4,28.8,1.27,0.66,84,41,25.3,18.54,0.6,0.9861,-0.1659,29.2,28.0,28.0,station
2026-04-12,27.5,28.8,30.0,,29.8,27.3,26.9,29.9,26.6,29.8,29.02,1.14,0.92,80,44,20.5,20.34,0.1,0.9831,-0.1828,30.2,29.0,29.0,station
2026-04-13,27.8,28.7,30.0,,30.2,27.7,29.0,30.0,26.5,30.1,29.18,1.13,0.51,80,32,22.0,21.01,0.1,0.9799,-0.1997,30.6,29.0,29.0,station
2026-04-14,27.9,29.0,30.4,26.7,29.9,27.8,29.0,30.4,26.6,29.9,28.78,1.5,0.04,82,19,20.5,20.55,0.1,0.9763,-0.2165,30.5,29.0,29.0,station
2026-04-15,28.0,28.8,29.7,27.3,30.0,27.9,28.9,30.1,26.6,29.5,28.76,1.13,0.16,83,46,21.1,19.5,0.5,0.9724,-0.2333,30.0,29.0,29.0,station
2026-04-16,27.8,28.3,29.8,26.7,30.3,28.1,28.4,30.0,26.9,29.3,28.58,1.47,0.04,80,24,20.6,19.94,0.4,0.9683,-0.25,29.4,29.0,29.0,station
2026-04-17,28.4,26.7,30.6,26.3,30.2,27.9,26.6,31.1,26.6,29.9,28.44,1.96,0.02,86,71,11.8,13.56,11.0,0.9638,-0.2666,27.1,27.0,27.0,station
2026-04-18,27.5,28.2,32.1,28.6,30.8,27.1,28.8,31.9,27.7,29.3,29.44,1.93,0.48,78,40,10.9,16.99,0.1,0.9591,-0.2831,29.2,29.0,29.0,station
2026-04-19,28.4,29.7,31.7,28.2,30.9,28.5,29.7,31.1,27.3,29.8,29.78,1.53,0.5,77,36,14.8,22.51,0.8,0.9541,-0.2996,30.6,30.0,30.0,station
2026-04-20,27.0,27.6,30.6,26.6,30.2,27.7,27.0,30.2,26.3,30.4,28.4,1.87,0.08,82,82,16.2,17.84,9.6,0.9488,-0.316,31.3,28.0,28.0,station
2026-04-21,27.7,28.8,30.1,27.0,30.0,28.1,27.8,30.6,27.3,29.6,28.72,1.37,0.04,82,58,20.2,19.63,1.9,0.9432,-0.3322,29.0,29.0,29.0,station
2026-04-22,28.5,28.9,30.0,28.7,29.9,28.3,28.9,30.0,28.2,29.7,29.2,0.7,0.18,77,54,24.8,19.24,0.0,0.9373,-0.3484,29.1,29.0,29.0,station
2026-04-23,25.9,26.1,30.0,26.1,26.5,26.0,26.0,30.2,26.0,25.8,26.92,1.74,0.12,90,95,14.7,8.53,14.5,0.9312,-0.3645,26.0,27.0,27.0,station
2026-04-24,24.8,20.9,24.0,22.4,20.8,25.0,20.1,23.3,22.0,18.8,22.58,1.8,0.74,91,100,15.5,4.83,62.5,0.9248,-0.3804,19.8,21.0,21.0,station
2026-04-25,27.4,26.5,29.4,26.4,24.5,27.3,26.8,28.7,27.7,23.4,26.84,1.78,0.06,77,38,10.9,23.38,0.0,0.9181,-0.3963,27.8,27.0,27.0,station
2026-04-26,27.2,28.5,30.4,26.7,29.6,27.7,28.3,30.7,27.0,28.3,28.48,1.56,0.08,78,48,10.0,25.37,0.0,0.9112,-0.412,29.3,28.0,28.0,station
2026-04-27,27.8,27.7,29.9,26.3,30.4,28.0,28.2,30.1,27.0,30.2,28.42,1.7,-0.28,78,96,11.4,18.18,0.3,0.9039,-0.4276,29.7,28.0,28.0,station
2026-04-28,26.7,26.6,30.7,27.0,30.1,25.9,26.4,30.4,26.7,30.5,28.22,2.01,0.24,85,84,16.0,19.52,19.4,0.8965,-0.4431,29.3,30.0,30.0,station
2026-04-29,24.9,25.4,26.7,25.9,25.6,24.6,25.4,26.2,26.3,26.6,25.7,0.67,-0.12,84,84,22.9,16.13,10.1,0.8887,-0.4585,28.2,27.0,27.0,station
2026-04-30,25.4,24.7,26.1,24.8,24.0,25.0,24.1,21.8,24.9,23.0,25.0,0.79,1.24,66,73,18.5,18.95,0.0,0.8807,-0.4737,24.1,26.0,26.0,station
2026-05-01,26.2,25.9,28.5,25.8,27.6,25.9,26.1,27.0,25.8,26.2,26.8,1.19,0.6,75,56,11.9,20.34,0.0,0.8724,-0.4888,27.0,27.0,27.0,station
2026-05-02,27.4,27.5,30.7,26.9,30.9,27.5,27.1,30.2,27.3,30.2,28.68,1.95,0.22,80,85,16.8,19.08,0.2,0.8639,-0.5037,28.8,28.0,28.0,station
2026-05-03,27.9,25.7,31.0,27.8,30.9,27.8,25.9,30.8,27.6,31.2,28.66,2.27,0.0,89,90,12.8,11.13,25.7,0.8551,-0.5185,28.9,27.0,27.0,station
2026-05-04,25.4,24.4,22.9,24.9,26.1,26.6,23.9,23.8,22.9,23.9,24.74,1.21,0.52,79,99,12.4,12.88,1.9,0.846,-0.5331,27.2,26.0,26.0,station
2026-05-05,25.9,23.4,27.3,24.0,22.5,26.2,24.3,25.3,24.6,21.5,24.62,1.95,0.24,87,90,11.9,15.14,15.9,0.8367,-0.5476,27.1,22.0,22.0,station
2026-05-06,26.9,26.8,29.2,25.8,26.8,27.4,26.7,30.1,26.6,27.1,27.1,1.26,-0.48,84,55,9.8,19.14,1.6,0.8272,-0.5619,26.9,26.0,26.0,station
2026-05-07,27.8,28.6,30.9,27.0,29.8,28.1,28.6,31.8,27.0,28.7,28.82,1.56,-0.02,83,50,13.5,23.96,0.4,0.8174,-0.5761,29.8,29.0,29.0,station
2026-05-08,28.9,27.7,30.7,27.6,31.6,28.0,27.7,27.9,27.0,27.3,29.3,1.79,1.72,85,87,9.6,18.18,3.2,0.8074,-0.59,29.5,29.0,29.0,station
2026-05-09,25.5,24.5,25.6,25.1,24.1,26.0,24.2,24.6,25.4,26.0,24.96,0.65,-0.28,86,99,14.3,11.04,30.8,0.7971,-0.6038,26.5,27.0,27.0,station
2026-05-10,26.6,26.8,27.7,25.8,28.5,27.0,26.4,26.3,25.9,28.1,27.08,1.04,0.34,83,64,9.5,17.72,0.3,0.7866,-0.6175,27.4,26.0,26.0,station
2026-05-11,27.2,28.6,30.5,26.3,29.3,27.2,28.7,29.5,26.6,30.1,28.38,1.67,-0.04,84,55,11.3,20.74,0.1,0.7759,-0.6309,29.0,28.0,28.0,station
2026-05-12,28.3,29.9,32.0,27.1,31.2,28.0,30.0,32.2,27.0,31.2,29.7,2.02,0.02,83,83,12.4,23.94,0.2,0.7649,-0.6442,30.6,29.0,29.0,station
2026-05-13,28.3,30.9,31.3,27.8,30.6,28.4,30.2,30.9,27.9,30.8,29.78,1.61,0.14,84,62,18.7,24.84,0.0,0.7537,-0.6572,31.0,30.0,30.0,station
2026-05-14,28.2,27.5,28.9,27.7,28.7,27.1,27.2,28.1,26.4,28.5,28.2,0.61,0.74,90,70,19.7,14.11,24.8,0.7423,-0.6701,29.5,30.0,30.0,station
2026-05-15,27.8,28.2,31.2,27.7,26.3,27.5,28.5,29.3,26.6,27.3,28.24,1.8,0.4,87,75,16.7,20.89,15.3,0.7306,-0.6828,31.9,30.0,30.0,station
2026-05-16,27.0,26.4,28.7,26.7,25.7,27.8,26.7,26.9,26.7,24.5,26.9,1.12,0.38,80,65,22.4,22.69,0.3,0.7188,-0.6952,29.6,28.0,28.0,station
2026-05-17,28.2,26.3,29.1,26.5,26.1,26.5,26.7,29.4,26.3,24.7,27.24,1.33,0.52,79,74,23.3,14.54,0.2,0.7067,-0.7075,27.6,28.0,28.0,station
2026-05-18,28.6,26.9,30.6,27.3,29.1,28.5,26.6,28.9,27.2,25.6,28.5,1.48,1.14,83,67,18.9,16.66,4.3,0.6945,-0.7195,29.4,30.0,30.0,station
2026-05-19,27.9,27.0,29.5,27.3,30.0,28.1,26.6,30.3,27.5,30.9,28.34,1.34,-0.34,92,94,19.4,10.44,19.0,0.682,-0.7314,28.2,28.0,28.0,station
2026-05-20,27.9,27.5,30.8,27.2,28.8,27.3,27.3,28.7,26.7,30.1,28.44,1.45,0.42,92,98,17.5,9.94,25.5,0.6693,-0.743,29.4,28.0,28.0,station
2026-05-21,28.4,27.9,27.6,28.1,29.3,27.4,27.7,30.7,27.1,28.8,28.26,0.65,-0.08,92,99,16.3,12.64,20.4,0.6564,-0.7544,29.9,29.0,29.0,station
2026-05-22,29.2,30.3,31.5,29.9,30.8,29.2,30.4,30.9,29.7,30.6,30.34,0.87,0.18,86,90,22.2,22.27,0.5,0.6433,-0.7656,30.9,30.0,30.0,station
2026-05-23,28.8,30.1,32.0,29.6,31.2,29.3,30.9,32.1,29.6,31.7,30.34,1.27,-0.38,86,86,22.3,17.24,9.1,0.6301,-0.7765,30.3,30.0,30.0,station
2026-05-24,29.9,31.9,32.5,30.2,32.4,29.8,32.0,32.4,30.0,31.9,31.38,1.24,0.16,84,75,22.3,24.71,0.9,0.6166,-0.7873,31.6,31.0,31.0,station
2026-05-25,30.3,32.5,32.3,30.4,32.3,30.0,32.4,32.6,30.4,31.9,31.56,1.11,0.1,84,41,22.6,26.01,0.1,0.603,-0.7978,31.7,32.0,32.0,station
2026-05-26,30.2,32.9,33.2,30.7,33.2,30.2,32.8,33.1,30.8,32.9,32.04,1.47,0.08,84,74,19.9,25.24,0.5,0.5892,-0.808,32.1,31.0,31.0,station
2026-05-27,31.1,33.3,33.6,31.0,33.6,30.8,33.3,33.7,31.2,33.4,32.52,1.35,0.04,83,76,16.2,25.44,0.2,0.5752,-0.818,33.1,32.0,32.0,station
2026-05-28,30.9,33.9,34.6,32.5,33.9,30.6,33.6,34.3,31.8,33.9,33.16,1.48,0.32,82,18,13.0,26.36,0.0,0.561,-0.8278,33.5,32.0,32.0,station
2026-05-29,33.1,33.6,36.2,33.0,35.9,32.8,33.3,36.4,33.5,35.1,34.36,1.56,0.14,84,37,18.2,25.15,2.0,0.5467,-0.8373,34.9,33.0,33.0,station
2026-05-30,29.9,31.1,33.5,29.6,32.6,31.0,30.9,31.8,30.2,30.1,31.34,1.69,0.54,77,56,12.6,23.76,1.1,0.5322,-0.8466,32.9,32.0,32.0,station
2026-05-31,30.3,30.5,31.0,30.0,31.5,30.5,30.7,31.6,31.2,29.6,30.66,0.59,-0.06,82,65,12.3,21.12,10.8,0.5176,-0.8556,31.6,30.0,30.0,station
2026-06-01,30.6,31.1,32.0,30.4,32.2,29.9,31.0,32.6,31.0,32.9,31.26,0.81,-0.22,77,45,16.0,23.94,1.0,0.5028,-0.8644,32.2,31.0,31.0,station
2026-06-02,31.5,31.8,33.7,31.7,33.0,31.8,31.9,33.2,31.8,32.7,32.34,0.96,0.06,79,59,16.2,19.24,1.6,0.4878,-0.8729,32.2,31.0,31.0,station
2026-06-03,32.0,32.6,34.0,31.5,33.2,31.5,32.0,34.1,31.8,33.8,32.66,0.98,0.02,76,45,15.8,26.48,3.5,0.4728,-0.8812,33.5,32.0,32.0,station
2026-06-04,33.6,34.2,34.9,33.2,34.8,33.3,33.6,34.9,32.6,36.3,34.14,0.74,0.0,73,23,14.9,26.65,0.3,0.4575,-0.8892,34.2,33.0,33.0,station
2026-06-05,33.5,32.1,36.3,33.6,,34.1,33.0,36.3,33.6,35.5,33.88,1.76,-0.62,81,83,13.1,22.47,14.3,0.4422,-0.8969,33.9,32.0,32.0,station
2026-06-06,29.8,28.8,34.2,31.8,,30.8,29.6,35.3,32.2,31.9,31.15,2.39,-0.81,88,93,14.0,15.46,17.5,0.4267,-0.9044,31.5,32.0,32.0,station
2026-06-07,28.6,29.8,34.4,30.1,,28.9,29.9,34.5,31.3,30.6,30.73,2.53,-0.31,88,96,15.6,21.38,15.1,0.4111,-0.9116,32.0,31.0,31.0,station
2026-06-08,28.8,29.4,33.2,30.0,,28.7,29.0,32.3,30.3,29.8,30.35,1.96,0.33,94,99,17.7,13.55,48.7,0.3953,-0.9185,29.8,30.0,30.0,station
2026-06-09,30.1,27.6,29.0,27.6,,27.6,27.2,27.5,28.2,27.8,28.58,1.21,0.91,86,99,15.9,7.08,11.7,0.3795,-0.9252,28.4,28.0,28.0,station
2026-06-10,29.5,28.2,29.0,30.2,29.1,30.9,28.3,31.2,30.2,27.9,29.2,0.73,-0.5,76,98,12.1,17.06,0.1,0.3635,-0.9316,29.0,29.0,29.0,station
2026-06-11,29.8,29.6,26.2,27.9,27.8,30.2,29.5,32.1,29.6,26.9,28.26,1.48,-1.4,77,70,9.4,19.92,0.1,0.3474,-0.9377,30.6,30.0,30.0,station
2026-06-12,28.9,29.1,32.1,29.8,27.6,28.4,28.8,30.3,29.9,29.1,29.5,1.66,0.2,85,81,12.0,21.77,11.1,0.3312,-0.9436,30.9,30.0,30.0,station
2026-06-13,30.1,29.6,32.0,29.6,30.2,29.5,29.3,32.0,29.7,30.5,30.3,0.99,0.1,89,97,19.4,15.21,25.7,0.3149,-0.9491,29.5,31.0,31.0,station
2026-06-14,28.9,28.6,29.2,29.1,31.2,29.6,28.2,28.0,29.4,31.6,29.4,1.03,0.04,95,100,18.7,8.7,70.9,0.2986,-0.9544,28.0,30.0,30.0,station
2026-06-15,28.8,27.6,26.8,29.3,25.6,28.4,27.9,26.5,29.0,26.4,27.62,1.5,-0.02,95,100,17.4,9.23,58.0,0.2821,-0.9594,29.1,30.0,30.0,station
2026-06-16,27.6,27.7,29.1,27.8,25.5,28.2,28.0,29.3,27.9,25.1,27.54,1.29,-0.16,96,100,15.7,5.96,58.3,0.2656,-0.9641,26.5,27.0,27.0,station
2026-06-17,28.2,27.8,28.8,28.7,26.1,28.5,27.7,26.6,27.9,25.8,27.92,1.09,0.62,91,97,24.3,14.45,52.3,0.2489,-0.9685,30.2,29.0,29.0,station
2026-06-18,28.1,27.1,25.9,27.8,28.4,27.1,27.4,25.7,28.7,28.6,27.46,1.0,-0.04,97,98,19.2,4.46,45.5,0.2322,-0.9727,27.0,27.0,27.0,station
2026-06-19,29.7,30.5,27.2,30.3,30.2,29.7,30.2,26.1,30.6,29.4,29.58,1.36,0.38,87,98,23.7,16.13,12.2,0.2155,-0.9765,30.9,31.0,31.0,station
2026-06-20,30.1,31.3,32.0,31.4,29.8,30.6,31.5,31.9,31.2,30.6,30.92,0.93,-0.24,81,85,22.5,25.08,1.8,0.1986,-0.9801,32.0,31.0,31.0,station
2026-06-21,30.6,32.6,32.1,30.9,31.1,30.4,32.1,32.3,31.2,30.7,31.46,0.85,0.12,80,66,18.4,26.31,0.3,0.1818,-0.9833,32.1,31.0,31.0,station
2026-06-22,31.1,33.2,32.9,31.6,31.6,30.7,33.1,32.7,31.1,31.1,32.08,0.91,0.34,80,16,18.0,26.38,0.6,0.1648,-0.9863,32.6,32.0,32.0,station
2026-06-23,31.2,32.7,33.4,31.3,32.2,31.1,32.9,33.1,31.2,32.3,32.16,0.93,0.04,83,23,19.4,25.12,1.9,0.1478,-0.989,32.1,32.0,32.0,station
2026-06-24,31.4,32.6,34.9,31.8,32.7,31.2,32.5,34.4,31.6,32.4,32.68,1.36,0.26,82,52,16.9,25.16,1.3,0.1308,-0.9914,32.3,32.0,32.0,station
2026-06-25,30.7,31.4,35.6,31.5,32.4,31.1,31.1,35.6,32.1,32.5,32.32,1.93,-0.16,87,96,12.3,18.46,21.4,0.1137,-0.9935,31.7,32.0,32.0,station
2026-06-26,31.0,30.5,35.2,29.9,30.8,29.5,30.3,31.7,30.2,31.9,31.48,2.12,0.76,91,97,13.5,18.44,8.3,0.0966,-0.9953,30.8,31.0,31.0,station
2026-06-27,29.5,30.1,32.6,29.8,27.2,28.6,29.6,31.9,29.4,28.7,29.84,1.92,0.2,89,98,11.4,18.37,4.3,0.0795,-0.9968,30.3,30.0,30.0,station
2026-06-28,29.0,28.6,32.0,30.4,30.3,29.4,29.2,32.6,30.1,30.4,30.06,1.34,-0.28,90,100,15.1,12.24,30.6,0.0623,-0.9981,29.7,29.0,29.0,station
2026-06-29,30.2,30.2,33.0,31.0,30.6,30.2,29.5,33.2,31.0,30.8,31.0,1.17,0.06,88,98,12.6,19.91,7.9,0.0451,-0.999,32.2,30.0,30.0,station
2026-06-30,30.4,30.2,32.6,31.6,30.1,30.3,29.8,32.9,31.4,30.9,30.98,1.09,-0.08,81,86,15.3,21.81,0.6,0.028,-0.9996,32.3,32.0,32.0,station
2026-07-01,31.5,31.9,33.7,33.2,32.1,30.7,31.4,33.0,32.1,31.3,32.48,0.93,0.78,81,94,9.4,24.04,1.7,0.0108,-0.9999,32.9,32.0,32.0,station
2026-07-02,32.8,32.8,35.0,32.2,33.3,33.1,32.3,34.6,32.3,32.6,33.22,1.07,0.24,79,45,18.2,24.45,3.2,-0.0065,-1.0,33.3,35.0,35.0,station
2026-07-03,30.8,30.5,34.4,31.3,32.0,31.0,29.7,35.0,30.3,28.9,31.8,1.56,0.82,86,74,24.2,20.18,9.6,-0.0237,-0.9997,32.2,34.0,34.0,station
2026-07-04,27.4,28.8,32.2,29.6,30.4,27.9,28.7,29.5,29.3,29.5,29.68,1.79,0.7,93,97,21.8,11.12,24.1,-0.0408,-0.9992,28.6,32.0,32.0,station
2026-07-05,30.5,30.6,31.0,30.7,30.2,29.6,30.3,30.7,29.4,29.9,30.6,0.29,0.62,83,80,22.6,22.72,6.9,-0.058,-0.9983,32.1,32.0,32.0,station
2026-07-06,29.5,29.9,30.8,29.3,30.6,30.0,29.7,31.0,29.8,31.1,30.02,0.66,-0.3,88,94,25.4,17.94,22.8,-0.0752,-0.9972,31.4,31.0,31.0,station
2026-07-07,29.8,28.5,28.3,29.6,30.4,28.2,28.5,29.4,29.5,30.4,29.32,0.89,0.12,94,95,18.4,9.84,26.2,-0.0923,-0.9957,28.3,28.0,28.0,station
2026-07-08,29.1,28.8,32.0,30.0,29.9,29.0,29.1,31.7,28.9,30.1,29.96,1.25,0.2,84,95,18.6,17.97,7.8,-0.1094,-0.994,31.2,30.0,30.0,station
2026-07-09,30.1,30.0,32.3,30.7,29.6,30.3,30.4,32.1,30.5,30.5,30.54,1.06,-0.22,82,73,14.1,21.6,4.9,-0.1265,-0.992,32.1,32.0,32.0,station
2026-07-10,30.9,32.7,34.0,31.8,32.6,31.3,32.4,34.4,32.1,32.1,32.4,1.15,-0.06,79,83,11.2,20.33,3.0,-0.1436,-0.9896,32.6,32.0,32.0,station
2026-07-11,33.3,33.9,35.6,32.5,33.6,33.1,33.8,36.4,33.9,33.3,33.78,1.14,-0.32,79,11,15.6,27.13,0.0,-0.1606,-0.987,34.3,34.0,34.0,station
2026-07-12,32.3,34.4,35.5,32.5,33.7,31.9,34.5,34.4,31.8,34.2,33.68,1.33,0.32,80,57,13.9,26.43,0.0,-0.1775,-0.9841,34.6,32.0,32.0,station
2026-07-13,31.5,33.4,34.7,32.4,33.5,30.8,33.2,34.2,32.4,33.0,33.1,1.21,0.38,77,98,12.9,21.87,2.2,-0.1944,-0.9809,34.4,32.0,32.0,station
2026-07-14,29.9,28.7,30.7,28.5,28.6,28.2,28.8,29.7,29.2,28.9,29.28,0.98,0.32,90,99,21.0,12.18,23.6,-0.2113,-0.9774,30.0,31.0,31.0,station
2026-07-15,29.2,28.3,28.8,29.2,29.4,29.7,28.8,29.8,30.2,29.6,28.98,0.44,-0.64,90,83,21.2,12.73,20.9,-0.2281,-0.9736,29.1,29.0,29.0,station
2026-07-16,29.2,28.6,31.0,29.1,29.7,29.6,28.9,30.0,29.8,28.9,29.52,0.91,0.08,94,99,17.3,8.58,48.3,-0.2448,-0.9696,28.1,28.0,28.0,station
2026-07-17,29.8,29.5,32.2,30.0,29.1,29.8,29.7,31.3,29.6,29.3,30.12,1.21,0.18,92,98,15.7,14.53,16.5,-0.2614,-0.9652,30.2,30.0,30.0,station
2026-07-18,30.4,29.8,33.2,30.5,31.0,29.8,30.2,33.2,31.0,29.9,30.98,1.31,0.16,87,87,14.7,18.85,11.5,-0.278,-0.9606,31.2,30.0,30.0,station
2026-07-19,29.6,30.0,32.4,29.6,29.5,29.6,29.5,32.5,29.4,28.6,30.22,1.23,0.3,83,95,12.7,19.39,3.6,-0.2945,-0.9557,31.5,31.0,31.0,station
2026-07-20,29.7,29.7,30.3,29.6,30.1,30.0,29.4,31.7,29.7,30.7,29.88,0.3,-0.42,89,96,15.0,10.88,3.1,-0.3109,-0.9505,29.7,30.0,30.0,station
2026-07-21,29.5,29.0,32.0,29.4,29.6,29.4,28.7,32.3,28.9,30.0,29.9,1.2,0.04,88,53,18.0,18.39,11.3,-0.3272,-0.945,29.9,31.0,31.0,station
2026-07-22,30.4,31.3,32.5,31.1,31.5,30.1,31.1,32.4,30.5,30.9,31.36,0.76,0.36,81,20,17.1,25.3,1.7,-0.3434,-0.9392,31.9,32.0,32.0,station
2026-07-23,30.7,32.3,33.1,31.1,31.9,30.9,32.3,33.3,31.1,32.0,31.82,0.95,-0.1,83,19,11.7,25.77,1.6,-0.3595,-0.9332,32.6,32.0,32.0,station
2026-07-24,31.9,33.5,35.0,32.4,32.2,31.6,33.2,34.2,31.7,32.1,33.0,1.27,0.44,76,20,8.4,26.6,0.5,-0.3755,-0.9268,33.5,33.0,33.0,station
2026-07-25,34.6,32.6,35.3,33.0,34.2,34.2,32.7,33.9,33.9,34.0,33.94,1.12,0.2,82,95,23.4,19.77,10.7,-0.3914,-0.9202,34.5,36.0,36.0,station
2026-07-26,29.0,28.6,28.6,29.5,26.5,28.1,28.3,29.6,29.4,30.2,28.44,1.15,-0.68,91,100,49.4,4.77,68.3,-0.4071,-0.9134,27.7,29.0,29.0,station
2026-07-27,29.3,28.7,29.3,29.9,29.0,29.8,29.2,29.0,31.6,29.8,29.24,0.44,-0.64,87,96,22.7,14.08,21.9,-0.4228,-0.9062,30.2,30.0,30.0,station
2026-07-28,29.9,28.4,30.4,30.3,31.0,30.8,29.6,31.2,30.0,30.8,30.0,0.98,-0.48,91,98,12.1,9.53,14.3,-0.4383,-0.8988,29.4,,,
