datum,p1_ifs,p1_aifs,p1_gfs,p1_icon,p1_gem,p2_ifs,p2_aifs,p2_gfs,p2_icon,p2_gem,mm_gem,mm_spreiding,run2run,rh_gem,bewolking_gem,wind_max,instraling_som,neerslag_som,doy_sin,doy_cos,era5_max,station_max,doel,doelbron
2023-11-01,,,24.7,,,,,25.0,,,,,,59,97,23.9,23.49,0.0,-0.8606,0.5093,28.4,28.0,28.0,station
2023-11-02,,,26.6,,,,,27.3,,,,,,54,100,19.9,20.2,0.0,-0.8517,0.524,30.5,29.0,29.0,station
2023-11-03,,,23.1,,,,,22.4,,,,,,70,72,36.2,22.49,1.4,-0.8426,0.5386,24.8,23.0,23.0,station
2023-11-04,,,18.9,,,,,19.6,,,,,,80,83,23.4,23.37,1.5,-0.8332,0.553,21.0,22.0,22.0,station
2023-11-05,,,21.3,,,,,20.4,,,,,,75,40,23.1,27.87,0.0,-0.8235,0.5672,24.7,25.0,25.0,station
2023-11-06,,,22.2,,,,,21.7,,,,,,74,81,23.2,19.81,0.0,-0.8137,0.5813,22.9,22.0,22.0,station
2023-11-07,,,18.0,,,,,18.2,,,,,,69,58,24.9,23.83,2.4,-0.8035,0.5952,19.2,20.0,20.0,station
2023-11-08,,,18.3,,,,,18.0,,,,,,60,0,34.2,30.12,0.0,-0.7932,0.609,19.8,20.0,20.0,station
2023-11-09,,,19.6,,,,,19.7,,,,,,66,0,29.8,30.21,0.0,-0.7826,0.6225,23.2,22.0,22.0,station
2023-11-10,,,21.2,,,,,23.6,,,,,,76,34,32.4,30.27,0.0,-0.7718,0.6359,23.0,24.0,24.0,station
2023-11-11,,,22.1,,,,,20.2,,,,,,69,63,21.9,26.12,0.2,-0.7607,0.6491,23.4,23.0,23.0,station
2023-11-12,,,19.1,,,,,19.2,,,,,,65,19,34.6,26.19,0.4,-0.7494,0.6621,20.4,21.0,21.0,station
2023-11-13,,,26.4,,,,,26.2,,,,,,53,23,25.5,31.14,0.0,-0.7379,0.6749,29.0,29.0,29.0,station
2023-11-14,,,26.4,,,,,26.4,,,,,,60,25,21.3,31.53,0.0,-0.7262,0.6875,31.2,31.0,31.0,station
2023-11-15,,,31.1,,,,,29.5,,,,,,61,58,23.6,28.19,0.0,-0.7143,0.6998,34.1,33.0,33.0,station
2023-11-16,,,25.4,,,,,22.5,,,,,,75,84,20.6,26.34,0.0,-0.7021,0.712,27.5,25.0,25.0,station
2023-11-17,,,23.8,,,,,23.4,,,,,,72,66,22.5,23.14,0.0,-0.6898,0.724,25.8,23.0,23.0,station
2023-11-18,,,23.9,,,,,23.4,,,,,,67,85,23.5,27.37,0.0,-0.6772,0.7358,26.7,24.0,24.0,station
2023-11-19,,,23.3,,,,,23.5,,,,,,70,92,25.4,24.27,0.0,-0.6645,0.7473,25.4,23.0,23.0,station
2023-11-20,,,24.2,,,,,23.8,,,,,,72,100,50.3,13.94,5.8,-0.6515,0.7586,25.2,23.0,23.0,station
2023-11-21,,,20.8,,,,,20.8,,,,,,67,43,41.3,27.59,1.9,-0.6384,0.7697,22.4,22.0,22.0,station
2023-11-22,,,22.8,,,,,22.9,,,,,,69,34,39.3,25.15,0.0,-0.625,0.7806,24.4,22.0,22.0,station
2023-11-23,,,24.7,,,,,25.3,,,,,,67,41,18.5,28.8,0.1,-0.6115,0.7912,25.8,25.0,25.0,station
2023-11-24,,,19.9,,,,,20.0,,,,,,67,49,32.4,29.39,0.0,-0.5978,0.8016,22.1,23.0,23.0,station
2023-11-25,,,19.7,,,,,19.7,,,,,,65,74,34.2,28.86,0.0,-0.584,0.8118,22.4,22.0,22.0,station
2023-11-26,,,22.1,,,,,22.0,,,,,,73,12,25.3,32.0,0.0,-0.5699,0.8217,28.3,26.0,26.0,station
2023-11-27,,,22.5,,,,,22.5,,,,,,76,4,29.6,32.57,0.0,-0.5557,0.8314,25.1,25.0,25.0,station
2023-11-28,,,21.0,,,,,20.5,,,,,,69,50,25.8,24.06,0.7,-0.5413,0.8408,24.5,24.0,24.0,station
2023-11-29,,,23.5,,,,,23.3,,,,,,58,37,42.1,32.05,0.1,-0.5268,0.85,24.5,24.0,24.0,station
2023-11-30,,,30.1,,,,,29.5,,,,,,48,41,23.6,33.19,0.0,-0.5121,0.859,34.4,34.0,34.0,station
2023-12-01,,,24.3,,,,,24.9,,,,,,58,39,22.9,28.8,0.4,-0.4972,0.8676,25.1,24.0,24.0,station
2023-12-02,,,20.8,,,,,20.6,,,,,,68,24,26.7,26.32,0.1,-0.4822,0.8761,22.4,23.0,23.0,station
2023-12-03,,,22.2,,,,,22.1,,,,,,57,45,18.0,26.68,0.0,-0.4671,0.8842,23.7,24.0,24.0,station
2023-12-04,,,20.9,,,,,20.8,,,,,,59,31,28.5,29.05,0.3,-0.4518,0.8921,23.1,23.0,23.0,station
2023-12-05,,,22.4,,,,,22.2,,,,,,58,37,44.4,32.12,0.0,-0.4364,0.8998,23.9,23.0,23.0,station
2023-12-06,,,27.0,,,,,27.1,,,,,,53,2,32.2,33.47,0.0,-0.4208,0.9071,32.6,30.0,30.0,station
2023-12-07,,,28.6,,,,,28.1,,,,,,62,12,31.4,33.04,0.0,-0.4052,0.9142,31.0,24.0,24.0,station
2023-12-08,,,22.6,,,,,22.2,,,,,,76,87,38.5,19.74,8.8,-0.3894,0.9211,23.2,24.0,24.0,station
2023-12-09,,,21.2,,,,,22.0,,,,,,62,25,41.6,29.95,0.4,-0.3735,0.9276,22.7,23.0,23.0,station
2023-12-10,,,24.1,,,,,24.8,,,,,,61,1,41.4,33.28,0.0,-0.3575,0.9339,26.3,26.0,26.0,station
2023-12-11,,,21.4,,,,,21.8,,,,,,70,11,35.4,33.34,0.1,-0.3413,0.9399,23.0,24.0,24.0,station
2023-12-12,,,19.5,,,,,19.3,,,,,,56,49,37.3,29.51,1.9,-0.3251,0.9457,20.7,21.0,21.0,station
2023-12-13,,,21.1,,,,,21.5,,,,,,61,35,38.5,33.17,0.0,-0.3088,0.9511,23.1,23.0,23.0,station
2023-12-14,,,20.5,,,,,20.6,,,,,,52,37,36.7,30.09,0.0,-0.2924,0.9563,21.9,22.0,22.0,station
2023-12-15,,,21.7,,,,,22.1,,,,,,59,0,40.4,33.59,0.0,-0.2759,0.9612,24.1,24.0,24.0,station
2023-12-16,,,23.0,,,,,22.3,,,,,,72,0,33.8,33.7,0.0,-0.2593,0.9658,25.4,25.0,25.0,station
2023-12-17,,,21.0,,,,,21.3,,,,,,64,25,23.1,33.21,0.0,-0.2427,0.9701,24.0,23.0,23.0,station
2023-12-18,,,21.2,,,,,21.3,,,,,,64,5,40.7,33.27,0.0,-0.226,0.9741,22.4,23.0,23.0,station
2023-12-19,,,23.0,,,,,23.0,,,,,,63,3,37.8,34.09,0.0,-0.2092,0.9779,24.9,24.0,24.0,station
2023-12-20,,,21.4,,,,,21.5,,,,,,70,0,32.4,33.69,0.0,-0.1923,0.9813,22.8,23.0,23.0,station
2023-12-21,,,24.2,,,,,23.0,,,,,,59,0,41.8,33.77,0.0,-0.1754,0.9845,27.1,26.0,26.0,station
2023-12-22,,,27.5,,,,,26.9,,,,,,65,17,26.3,32.72,0.1,-0.1585,0.9874,31.1,27.0,27.0,station
2023-12-23,,,22.6,,,,,22.7,,,,,,78,44,39.8,25.75,0.9,-0.1414,0.9899,24.2,25.0,25.0,station
2023-12-24,,,24.6,,,,,25.0,,,,,,67,4,43.5,33.27,0.0,-0.1244,0.9922,29.0,29.0,29.0,station
2023-12-25,,,23.0,,,,,22.4,,,,,,62,30,48.9,31.7,0.0,-0.1073,0.9942,25.3,24.0,24.0,station
2023-12-26,,,28.0,,,,,28.1,,,,,,53,56,32.8,31.04,0.0,-0.0902,0.9959,30.3,28.0,28.0,station
2023-12-27,,,28.8,,,,,27.6,,,,,,44,43,23.1,33.12,0.0,-0.073,0.9973,33.5,31.0,31.0,station
2023-12-28,,,30.3,,,,,29.3,,,,,,57,53,28.6,27.39,0.0,-0.0559,0.9984,33.0,32.0,32.0,station
2023-12-29,,,25.4,,,,,27.3,,,,,,67,14,37.8,30.86,0.0,-0.0387,0.9993,31.0,28.0,28.0,station
2023-12-30,,,,,,,,,,,,,,70,32,43.9,29.65,0.0,-0.0215,0.9998,29.0,29.0,29.0,station
2023-12-31,,,,,,,,,,,,,,63,40,32.9,29.56,1.0,-0.0043,1.0,29.6,,,
2024-01-01,,,,,,,,,,,,,,50,1,25.7,32.81,0.0,0.0172,0.9999,35.9,33.0,33.0,station
2024-01-02,,,,,,,,,,,,,,60,48,21.2,30.12,0.0,0.0344,0.9994,34.5,34.0,34.0,station
2024-01-03,,,,,,,,,,,,,,63,3,34.1,32.75,0.0,0.0516,0.9987,31.2,31.0,31.0,station
2024-01-04,,,,,,,,,,,,,,57,36,25.3,32.5,0.0,0.0688,0.9976,33.7,32.0,32.0,station
2024-01-05,,,,,,,,,,,,,,66,36,35.4,32.99,0.0,0.0859,0.9963,29.3,24.0,24.0,station
2024-01-06,,,,,,,,,,,,,,64,87,23.1,28.78,1.8,0.103,0.9947,26.2,25.0,25.0,station
2024-01-07,,,,,,,,,,,,,,65,71,35.3,21.09,0.4,0.1201,0.9928,22.2,23.0,23.0,station
2024-01-08,,,,,,,,,,,,,,60,2,45.4,32.95,0.0,0.1372,0.9905,23.7,24.0,24.0,station
2024-01-09,,,,,,,,,,,,,,67,59,40.8,30.52,0.0,0.1542,0.988,27.1,26.0,26.0,station
2024-01-10,,,,,,,,,,,,,,64,38,37.5,29.23,0.0,0.1712,0.9852,26.6,24.0,24.0,station
2024-01-11,,,,,,,,,,,,,,69,13,24.9,32.23,0.0,0.1881,0.9821,30.4,30.0,30.0,station
2024-01-12,,,,,,,,,,,,,,81,25,28.1,29.93,0.0,0.205,0.9788,24.9,27.0,27.0,station
2024-01-13,,,,,,,,,,,,,,74,28,23.9,30.86,0.0,0.2218,0.9751,28.1,28.0,28.0,station
2024-01-14,,,,,,,,,,,,,,73,17,27.4,29.26,0.0,0.2385,0.9711,25.0,26.0,26.0,station
2024-01-15,,,,,,,,,,,,,,68,1,29.9,32.08,0.0,0.2552,0.9669,26.2,26.0,26.0,station
2024-01-16,,,,,,,,,,,,,,70,7,43.2,30.42,0.0,0.2718,0.9624,24.9,25.0,25.0,station
2024-01-17,,,,,,,,,,,,,,62,33,45.2,29.93,0.0,0.2883,0.9575,26.4,26.0,26.0,station
2024-01-18,,,,,,,,,,,,,,58,10,34.6,32.52,0.0,0.3047,0.9524,32.6,30.0,30.0,station
2024-01-19,,,,,,,,,,,,,,50,0,20.9,32.3,0.0,0.3211,0.9471,36.3,36.0,36.0,station
2024-01-20,,,28.7,32.4,32.2,,,,,,,,,51,7,16.4,31.13,0.0,0.3373,0.9414,34.3,29.0,29.0,station
2024-01-21,,,24.7,25.5,27.0,,,23.9,25.7,27.1,,,,78,82,41.8,29.59,0.0,0.3534,0.9355,26.0,27.0,27.0,station
2024-01-22,,,24.0,27.9,27.1,,,23.7,28.1,26.1,,,,60,58,35.2,26.32,0.0,0.3695,0.9292,28.5,27.0,27.0,station
2024-01-23,,,31.1,34.0,30.3,,,30.7,34.2,30.2,,,,49,1,26.9,31.54,0.0,0.3854,0.9227,34.7,31.0,31.0,station
2024-01-24,,,27.7,30.2,31.5,,,28.0,30.7,31.1,,,,53,0,20.3,31.62,0.0,0.4012,0.916,32.7,31.0,31.0,station
2024-01-25,,,30.1,34.0,30.0,,,29.4,34.1,30.0,,,,53,20,13.1,32.13,0.0,0.4169,0.9089,34.4,34.0,34.0,station
2024-01-26,,,25.8,26.0,26.8,,,24.6,27.3,27.1,,,,83,77,25.9,29.07,0.0,0.4325,0.9016,24.7,26.0,26.0,station
2024-01-27,,,24.8,27.8,31.5,,,24.7,26.9,31.1,,,,72,75,17.7,28.29,0.0,0.4479,0.8941,30.0,31.0,31.0,station
2024-01-28,,,26.1,27.1,24.5,,,26.3,26.9,24.0,,,,64,83,26.6,25.43,0.0,0.4633,0.8862,27.8,27.0,27.0,station
2024-01-29,,,25.8,27.2,25.8,,,25.8,27.6,25.4,,,,64,66,48.7,28.74,0.0,0.4784,0.8781,27.6,25.0,25.0,station
2024-01-30,,,25.9,28.1,26.8,,,26.0,27.6,26.5,,,,68,51,30.3,29.99,0.0,0.4935,0.8698,29.0,26.0,26.0,station
2024-01-31,,,26.6,28.0,27.7,,,26.8,29.6,26.9,,,,72,68,35.1,28.83,0.1,0.5084,0.8611,30.5,30.0,30.0,station
2024-02-01,,,29.6,30.5,30.9,,,30.2,29.4,29.4,,,,61,23,32.8,28.81,0.0,0.5231,0.8523,34.5,32.0,32.0,station
2024-02-02,,,27.7,29.6,33.0,,,26.7,29.5,33.2,,,,72,24,28.3,28.82,0.1,0.5377,0.8432,33.7,30.0,30.0,station
2024-02-03,,,27.3,28.4,31.4,,,26.4,28.5,31.6,,,,64,66,29.6,21.8,0.1,0.5521,0.8338,33.3,33.0,33.0,station
2024-02-04,29.0,,29.3,31.0,28.6,,,28.6,31.5,28.8,29.48,1.06,,61,10,21.7,30.28,0.0,0.5664,0.8242,33.6,27.0,27.0,station
2024-02-05,27.1,,27.8,27.2,26.9,27.7,,28.1,28.6,25.7,27.25,0.39,-0.27,69,19,27.0,26.3,0.0,0.5805,0.8143,29.3,28.0,28.0,station
2024-02-06,24.7,,25.5,26.2,24.3,24.3,,25.8,24.9,24.6,25.18,0.85,0.28,73,58,32.0,23.17,0.1,0.5944,0.8042,26.4,25.0,25.0,station
2024-02-07,24.5,,24.7,25.0,24.1,24.5,,24.0,24.6,24.0,24.57,0.38,0.3,66,47,27.1,26.33,0.3,0.6081,0.7938,26.6,25.0,25.0,station
2024-02-08,24.6,,23.5,25.7,24.6,24.5,,23.2,25.1,24.4,24.6,0.9,0.3,63,25,18.9,27.86,0.1,0.6217,0.7833,26.3,26.0,26.0,station
2024-02-09,24.0,,22.8,24.2,23.5,24.2,,22.7,24.7,22.7,23.62,0.62,0.05,67,36,20.6,24.67,1.0,0.6351,0.7725,25.4,24.0,24.0,station
2024-02-10,24.4,,22.0,24.1,25.0,24.3,,22.3,23.6,24.6,23.88,1.3,0.17,61,15,40.2,28.71,0.1,0.6483,0.7614,23.9,24.0,24.0,station
2024-02-11,33.1,,27.9,29.2,32.7,31.6,,27.5,28.9,32.3,30.73,2.57,0.65,56,2,21.8,30.28,0.0,0.6613,0.7502,32.8,31.0,31.0,station
2024-02-12,33.6,,30.0,34.1,32.7,33.3,,29.0,33.3,32.8,32.6,1.83,0.5,65,18,23.9,29.87,0.0,0.6741,0.7387,34.4,30.0,30.0,station
2024-02-13,26.5,,23.9,25.9,27.2,26.6,,24.3,25.6,28.5,25.88,1.42,-0.38,73,62,23.4,26.58,0.0,0.6867,0.727,26.1,27.0,27.0,station
2024-02-14,25.5,,22.7,23.9,25.3,26.4,,23.7,25.0,25.4,24.35,1.31,-0.77,70,84,26.3,24.0,0.0,0.6991,0.715,24.5,25.0,25.0,station
2024-02-15,21.8,,19.8,21.2,20.1,21.5,,20.2,21.7,21.1,20.73,0.94,-0.4,62,36,26.7,24.2,1.6,0.7113,0.7029,23.1,22.0,22.0,station
2024-02-16,22.7,,21.0,22.3,23.7,22.8,,21.5,21.4,22.4,22.43,1.12,0.4,59,30,27.4,24.55,1.9,0.7233,0.6906,22.3,22.0,22.0,station
2024-02-17,23.3,,21.2,22.9,23.9,23.0,,21.4,24.2,23.6,22.82,1.16,-0.23,60,28,36.4,26.43,0.0,0.735,0.678,22.7,24.0,24.0,station
2024-02-18,29.7,,26.5,28.2,31.4,28.7,,26.2,28.5,30.6,28.95,2.09,0.45,56,0,24.9,29.21,0.0,0.7466,0.6653,30.8,30.0,30.0,station
2024-02-19,35.6,,30.2,32.6,34.7,35.9,,30.0,33.3,35.3,33.27,2.4,-0.35,59,2,20.4,28.97,0.0,0.7579,0.6523,33.5,35.0,35.0,station
2024-02-20,27.1,,28.4,26.9,27.4,26.8,,28.7,26.6,27.0,27.45,0.67,0.18,70,33,18.1,25.98,0.0,0.769,0.6392,29.0,26.0,26.0,station
2024-02-21,24.1,,21.9,23.1,23.8,23.8,,22.3,23.4,24.3,23.23,0.98,-0.22,65,27,37.4,26.07,0.0,0.7799,0.6259,23.6,25.0,25.0,station
2024-02-22,23.4,,21.3,23.5,23.4,23.0,,21.2,23.2,23.2,22.9,1.07,0.25,56,12,40.1,28.21,0.0,0.7906,0.6124,23.8,24.0,24.0,station
2024-02-23,27.7,,24.1,26.7,27.0,26.9,,23.6,26.2,26.8,26.38,1.57,0.5,60,0,23.1,27.77,0.0,0.801,0.5987,28.4,27.0,27.0,station
2024-02-24,24.8,,23.7,22.8,23.6,22.6,,23.3,23.5,23.5,23.73,0.82,0.5,70,81,30.3,16.49,3.2,0.8112,0.5848,26.0,23.0,23.0,station
2024-02-25,21.3,,19.7,20.7,21.0,21.5,,20.2,21.2,19.9,20.68,0.69,-0.02,59,32,28.1,23.24,0.6,0.8211,0.5708,21.4,22.0,22.0,station
2024-02-26,25.7,,27.5,28.0,27.6,26.2,,27.2,28.9,28.1,27.2,1.02,-0.4,48,1,34.1,27.74,0.0,0.8308,0.5566,28.4,28.0,28.0,station
2024-02-27,31.0,,31.8,34.2,34.5,30.8,,31.8,34.4,34.0,32.88,1.74,0.12,49,0,23.4,27.88,0.0,0.8402,0.5422,34.9,35.0,35.0,station
2024-02-28,37.2,,30.7,32.6,35.9,36.3,,30.6,32.8,36.2,34.1,2.98,0.12,51,14,20.4,27.16,0.0,0.8495,0.5277,35.3,34.0,34.0,station
2024-02-29,29.8,,32.5,32.7,26.1,32.5,,32.4,32.2,30.3,30.28,3.08,-1.57,57,21,27.2,25.54,0.6,0.8584,0.513,32.8,24.0,24.0,station
2024-03-01,24.9,,26.3,27.4,23.5,25.4,,27.0,28.1,25.0,25.52,1.69,-0.85,70,28,23.9,24.77,0.0,0.8671,0.4981,28.3,25.0,25.0,station
2024-03-02,24.9,,24.1,26.8,24.6,24.6,,22.9,27.0,24.5,25.1,1.18,0.35,74,34,46.5,25.95,0.0,0.8755,0.4831,26.5,26.0,26.0,station
2024-03-03,25.9,,26.6,29.5,27.0,26.7,,27.1,30.9,28.7,27.25,1.57,-1.1,62,67,26.8,21.93,0.0,0.8837,0.468,30.3,28.0,28.0,station
2024-03-04,19.2,,23.2,22.3,18.6,22.4,,22.7,23.2,18.2,20.82,2.27,-0.8,84,71,27.1,6.2,14.3,0.8916,0.4527,20.4,19.0,19.0,station
2024-03-05,23.1,,21.1,22.1,20.5,22.3,,21.5,22.3,21.1,21.7,1.14,-0.1,73,44,21.8,23.4,1.4,0.8993,0.4373,22.9,22.0,22.0,station
2024-03-06,23.4,,22.3,24.4,24.0,22.6,,23.4,24.8,24.8,23.52,0.91,-0.38,73,70,18.7,22.8,0.2,0.9067,0.4218,23.5,25.0,25.0,station
2024-03-07,23.0,,24.4,24.9,24.4,23.5,,24.5,24.6,23.4,24.17,0.82,0.17,67,40,34.6,22.13,0.4,0.9138,0.4061,25.5,24.0,24.0,station
2024-03-08,24.9,,25.2,25.5,24.2,24.1,,25.1,25.4,23.8,24.95,0.56,0.35,73,63,21.3,19.3,1.1,0.9207,0.3904,25.8,25.0,25.0,station
2024-03-09,23.4,,21.8,22.7,25.2,23.6,,23.2,23.0,25.8,23.27,1.44,-0.62,79,0,28.2,25.14,0.0,0.9272,0.3745,23.3,24.0,24.0,station
2024-03-10,23.8,,21.9,23.0,25.1,23.5,,21.9,22.8,25.0,23.45,1.35,0.15,77,0,34.6,25.1,0.0,0.9335,0.3585,23.9,24.0,24.0,station
2024-03-11,31.1,,25.4,28.1,30.4,31.2,,25.5,28.2,30.8,28.75,2.57,-0.18,77,10,17.2,24.97,0.0,0.9396,0.3424,30.7,32.0,32.0,station
2024-03-12,25.4,,22.9,23.8,25.2,24.8,,22.9,23.7,25.0,24.32,1.19,0.22,81,29,27.4,22.08,0.7,0.9453,0.3261,24.7,25.0,25.0,station
2024-03-13,23.4,,21.5,22.0,23.4,22.9,,21.6,22.0,23.6,22.57,0.97,0.05,66,14,31.1,23.8,0.0,0.9508,0.3098,23.3,23.0,23.0,station
2024-03-14,24.9,21.0,22.6,24.4,26.0,24.6,,22.6,23.2,26.1,23.78,1.98,-0.34,67,29,29.8,24.48,0.0,0.956,0.2934,24.8,25.0,25.0,station
2024-03-15,26.6,20.4,26.1,27.9,26.9,26.9,20.5,26.5,27.7,28.8,25.58,2.97,-0.5,64,77,12.1,23.82,0.0,0.9609,0.2769,28.9,26.0,26.0,station
2024-03-16,21.6,20.3,21.0,22.3,23.0,22.2,20.4,22.5,24.2,23.7,21.64,1.06,-0.96,65,66,40.5,20.17,0.9,0.9655,0.2604,22.3,22.0,22.0,station
2024-03-17,27.8,23.5,28.1,30.0,29.0,27.7,23.7,27.8,30.4,29.0,27.68,2.49,-0.04,56,95,26.7,23.64,0.0,0.9698,0.2437,30.4,29.0,29.0,station
2024-03-18,30.9,22.2,25.4,27.8,28.9,29.8,22.4,25.3,27.8,30.1,27.04,3.36,-0.04,67,62,19.6,22.48,0.0,0.9739,0.227,29.7,30.0,30.0,station
2024-03-19,27.5,23.6,27.3,30.4,29.8,26.3,23.6,28.3,28.9,28.8,27.72,2.68,0.54,68,63,31.3,22.5,0.0,0.9777,0.2102,29.5,29.0,29.0,station
2024-03-20,33.1,23.8,27.4,29.2,32.9,32.0,23.6,26.3,29.3,33.4,29.28,3.91,0.36,66,47,18.4,21.8,0.0,0.9811,0.1934,32.7,30.0,30.0,station
2024-03-21,34.4,22.5,27.4,31.9,31.9,35.1,21.2,26.3,29.4,33.4,29.62,4.71,0.54,72,13,18.9,22.49,0.0,0.9843,0.1765,31.5,33.0,33.0,station
2024-03-22,25.0,20.3,26.5,26.9,25.3,24.5,20.4,24.7,25.8,25.1,24.8,2.64,0.7,80,74,19.4,18.71,0.8,0.9872,0.1595,25.0,25.0,25.0,station
2024-03-23,19.6,18.8,18.6,19.2,19.0,22.1,18.7,18.8,20.3,19.3,19.04,0.38,-0.8,71,91,28.7,12.43,0.0,0.9898,0.1425,20.1,21.0,21.0,station
2024-03-24,23.4,19.1,24.5,24.4,22.0,23.7,18.8,23.2,25.3,20.1,22.68,2.24,0.46,57,58,24.1,16.46,0.2,0.9921,0.1255,25.6,23.0,23.0,station
2024-03-25,24.0,20.1,23.7,24.0,23.5,23.9,20.0,23.9,24.5,22.8,23.06,1.67,0.04,64,52,28.8,20.33,0.0,0.9941,0.1084,25.2,24.0,24.0,station
2024-03-26,23.5,19.7,21.3,21.9,23.7,23.9,19.9,21.1,23.6,23.7,22.02,1.65,-0.42,77,46,41.1,20.55,0.0,0.9958,0.0913,23.6,23.0,23.0,station
2024-03-27,24.2,21.1,24.4,27.7,27.1,22.6,20.7,24.0,25.7,25.1,24.9,2.64,1.28,64,25,31.3,20.37,0.0,0.9972,0.0741,27.4,27.0,27.0,station
2024-03-28,22.7,20.8,21.9,24.2,23.7,23.0,20.7,23.1,24.0,24.8,22.66,1.37,-0.46,76,48,41.1,21.02,0.0,0.9984,0.057,23.9,23.0,23.0,station
2024-03-29,24.9,21.8,24.6,27.5,26.9,25.3,22.1,25.1,27.8,28.0,25.14,2.25,-0.52,62,72,35.0,20.45,0.0,0.9992,0.0398,26.8,26.0,26.0,station
2024-03-30,33.7,23.0,25.8,29.2,31.9,34.5,22.7,25.1,28.2,31.1,28.72,4.37,0.4,63,2,19.9,20.77,0.0,0.9997,0.0226,31.7,31.0,31.0,station
2024-03-31,20.9,19.5,24.7,24.1,22.4,21.1,19.2,22.5,22.5,23.3,22.32,2.17,0.6,69,74,33.1,13.4,0.4,1.0,0.0054,24.1,24.0,24.0,station
2024-04-01,21.5,18.8,21.0,21.1,21.3,21.0,18.6,20.6,20.6,21.2,20.74,1.1,0.34,71,34,20.5,16.79,0.7,0.9999,-0.0118,22.6,21.0,21.0,station
2024-04-02,22.8,19.5,20.8,21.1,23.0,23.0,19.8,20.8,23.3,23.1,21.44,1.46,-0.56,71,51,32.1,18.43,0.6,0.9996,-0.029,22.1,22.0,22.0,station
2024-04-03,23.8,21.5,24.4,24.5,26.7,23.7,21.8,24.6,24.7,26.6,24.18,1.86,-0.1,68,23,31.5,20.57,0.0,0.9989,-0.0462,27.4,26.0,26.0,station
2024-04-04,22.2,19.2,20.9,22.0,24.0,22.3,19.2,20.3,22.1,24.5,21.66,1.77,-0.02,81,56,31.9,16.36,0.5,0.998,-0.0634,22.4,23.0,23.0,station
2024-04-05,20.1,19.3,20.4,23.1,22.6,19.5,19.3,20.7,23.5,21.9,21.1,1.66,0.12,57,33,39.9,19.38,0.1,0.9968,-0.0805,23.0,22.0,22.0,station
2024-04-06,21.9,20.2,21.7,22.7,23.7,21.9,19.6,21.7,22.3,23.3,22.04,1.3,0.28,53,68,39.8,15.76,0.0,0.9952,-0.0977,24.4,24.0,24.0,station
2024-04-07,19.5,20.0,19.6,23.0,21.5,18.9,20.2,19.0,22.7,22.2,20.72,1.51,0.12,67,95,42.1,7.8,9.7,0.9934,-0.1148,22.6,21.0,21.0,station
2024-04-08,17.7,18.3,17.8,18.7,19.6,20.2,18.7,18.1,19.7,20.3,18.42,0.77,-0.98,89,100,35.6,8.54,30.4,0.9913,-0.1319,19.9,18.0,18.0,station
2024-04-09,20.9,18.8,20.1,20.0,20.8,21.3,18.9,19.6,21.2,23.0,20.12,0.84,-0.68,84,58,26.2,11.45,1.7,0.9889,-0.1489,20.1,20.0,20.0,station
2024-04-10,19.4,18.6,19.9,20.9,21.6,19.8,19.5,20.1,20.5,21.3,20.08,1.19,-0.16,80,51,34.1,15.14,0.1,0.9861,-0.1659,20.2,21.0,21.0,station
2024-04-11,20.9,20.3,22.7,24.7,23.7,20.9,20.7,22.7,24.4,23.4,22.46,1.85,0.04,64,14,25.9,19.2,0.0,0.9831,-0.1828,23.4,25.0,25.0,station
2024-04-12,21.6,19.4,23.0,22.5,24.9,21.8,19.9,22.5,22.9,24.5,22.28,2.01,-0.04,70,12,18.6,19.18,0.0,0.9799,-0.1997,24.6,25.0,25.0,station
2024-04-13,22.2,19.7,23.6,25.5,26.7,22.2,19.8,24.1,24.8,26.5,23.54,2.76,0.06,68,0,17.2,18.67,0.0,0.9763,-0.2165,25.2,26.0,26.0,station
2024-04-14,24.0,20.6,24.9,27.7,28.3,24.3,20.6,24.8,27.6,29.4,25.1,3.1,-0.24,71,0,20.0,18.44,0.0,0.9724,-0.2333,26.7,28.0,28.0,station
2024-04-15,24.6,20.1,24.4,27.7,26.2,24.4,20.1,24.3,27.9,28.1,24.6,2.85,-0.36,78,11,26.2,17.55,0.0,0.9683,-0.25,26.5,27.0,27.0,station
2024-04-16,25.7,17.0,26.2,25.9,24.7,25.9,17.2,25.0,27.2,25.4,23.9,3.9,-0.24,80,3,15.8,17.14,0.0,0.9638,-0.2666,25.6,23.0,23.0,station
2024-04-17,20.8,15.6,24.9,24.7,21.8,23.2,15.5,25.2,25.2,24.5,21.56,3.78,-1.16,84,46,16.8,15.5,0.0,0.9591,-0.2831,22.7,19.0,19.0,station
2024-04-18,20.7,17.8,19.8,20.9,20.9,20.8,17.3,19.9,20.8,22.4,20.02,1.32,-0.22,94,97,22.4,15.77,0.0,0.9541,-0.2996,19.4,21.0,21.0,station
2024-04-19,24.7,18.2,24.6,24.2,25.2,25.3,18.4,22.9,24.0,24.5,23.38,2.92,0.36,89,84,15.1,16.87,0.0,0.9488,-0.316,24.0,23.0,23.0,station
2024-04-20,20.2,17.5,20.2,19.6,20.8,21.6,17.7,20.6,19.8,22.2,19.66,1.28,-0.72,92,85,16.1,13.86,0.2,0.9432,-0.3322,18.2,20.0,20.0,station
2024-04-21,20.7,16.7,25.1,23.4,21.7,19.3,16.6,26.9,23.9,23.5,21.52,3.17,-0.52,82,58,18.2,15.31,0.0,0.9373,-0.3484,22.6,21.0,21.0,station
2024-04-22,21.9,17.7,21.8,21.8,22.0,20.7,17.5,21.9,23.0,21.3,21.04,1.87,0.16,74,86,15.9,13.83,0.0,0.9312,-0.3645,23.3,22.0,22.0,station
2024-04-23,22.1,16.7,21.6,22.6,20.4,21.3,16.7,21.7,22.0,21.2,20.68,2.37,0.1,84,96,17.8,15.47,0.0,0.9248,-0.3804,22.1,21.0,21.0,station
2024-04-24,22.1,17.1,20.3,21.4,21.2,21.2,16.8,21.1,20.9,21.2,20.42,1.96,0.18,89,68,18.4,14.04,0.0,0.9181,-0.3963,22.3,23.0,23.0,station
2024-04-25,20.6,18.6,19.8,21.0,21.2,20.7,18.7,20.4,21.6,21.5,20.24,1.06,-0.34,82,71,35.7,15.7,0.0,0.9112,-0.412,22.2,22.0,22.0,station
2024-04-26,24.2,21.2,25.0,27.2,26.8,24.9,21.1,24.6,25.8,26.3,24.88,2.4,0.34,69,9,25.7,14.4,0.0,0.9039,-0.4276,27.4,28.0,28.0,station
2024-04-27,26.7,22.0,25.6,26.5,27.3,27.6,21.8,28.0,26.7,29.1,25.62,2.11,-1.02,63,18,26.3,14.11,0.0,0.8965,-0.4431,29.9,27.0,27.0,station
2024-04-28,22.1,18.3,24.5,24.9,25.5,23.9,18.4,25.0,25.1,24.7,23.06,2.96,-0.36,65,7,36.4,14.92,0.0,0.8887,-0.4585,25.2,22.0,22.0,station
2024-04-29,21.6,17.7,27.3,27.3,24.5,22.5,18.1,25.7,27.1,24.1,23.68,4.09,0.18,68,36,24.1,15.53,0.0,0.8807,-0.4737,28.4,25.0,25.0,station
2024-04-30,20.1,17.9,21.0,21.3,19.2,19.8,17.7,21.2,22.2,21.8,19.9,1.39,-0.64,69,50,26.0,13.14,0.0,0.8724,-0.4888,22.0,21.0,21.0,station
2024-05-01,22.0,17.4,22.2,23.1,22.1,21.9,17.3,21.7,23.4,22.7,21.36,2.26,-0.04,77,88,20.4,12.12,0.0,0.8639,-0.5037,23.6,22.0,22.0,station
2024-05-02,25.2,18.8,26.1,27.3,24.6,24.6,18.2,24.9,28.8,26.0,24.4,3.29,-0.1,63,30,26.0,14.96,0.0,0.8551,-0.5185,28.9,23.0,23.0,station
2024-05-03,29.1,18.1,23.2,23.2,22.8,27.5,18.0,23.5,21.8,24.7,23.28,3.9,0.18,69,52,18.6,11.7,0.1,0.846,-0.5331,28.8,27.0,27.0,station
2024-05-04,19.5,17.1,19.4,19.2,19.5,18.7,16.9,19.4,19.0,20.4,18.94,1.04,0.06,86,51,23.7,7.74,8.8,0.8367,-0.5476,20.4,19.0,19.0,station
2024-05-05,19.0,17.4,21.2,20.5,20.2,18.3,16.9,21.2,20.0,20.0,19.66,1.49,0.38,75,28,32.7,14.52,0.0,0.8272,-0.5619,20.8,19.0,19.0,station
2024-05-06,19.5,17.5,21.8,20.6,21.3,20.0,17.5,18.9,21.2,20.9,20.14,1.71,0.44,70,53,35.0,11.53,0.0,0.8174,-0.5761,22.6,20.0,20.0,station
2024-05-07,19.3,17.0,18.0,18.4,17.5,17.9,16.5,16.4,17.6,18.3,18.04,0.88,0.7,73,80,29.4,6.88,1.2,0.8074,-0.59,21.1,19.0,19.0,station
2024-05-08,19.8,16.9,18.2,18.6,19.8,19.9,16.9,18.2,18.2,19.5,18.66,1.22,0.12,77,3,20.2,14.18,0.5,0.7971,-0.6038,19.3,20.0,20.0,station
2024-05-09,19.1,16.9,19.9,19.7,19.6,18.9,16.9,20.4,19.0,19.0,19.04,1.23,0.2,75,0,15.5,14.52,0.0,0.7866,-0.6175,20.8,19.0,19.0,station
2024-05-10,16.6,15.9,16.7,16.3,15.4,16.0,15.7,16.4,16.8,15.2,16.18,0.54,0.16,80,57,35.3,4.88,8.8,0.7759,-0.6309,18.4,16.0,16.0,station
2024-05-11,17.8,16.4,17.6,17.5,17.6,18.1,16.3,17.4,17.5,17.4,17.38,0.56,0.04,73,28,13.0,12.2,0.0,0.7649,-0.6442,18.6,19.0,19.0,station
2024-05-12,19.0,18.4,20.7,22.1,21.7,19.4,18.3,20.5,21.8,21.0,20.38,1.63,0.18,69,0,32.1,13.68,0.0,0.7537,-0.6572,20.7,22.0,22.0,station
2024-05-13,23.0,19.6,22.0,21.5,24.4,22.5,19.6,23.1,21.4,24.1,22.1,1.78,-0.04,75,7,15.4,13.87,0.0,0.7423,-0.6701,24.4,24.0,24.0,station
2024-05-14,26.5,20.0,26.2,27.8,27.2,24.0,18.7,25.9,26.3,21.9,25.54,3.16,2.18,72,51,22.7,13.38,0.0,0.7306,-0.6828,29.6,28.0,28.0,station
2024-05-15,21.7,18.9,20.1,21.8,22.8,21.4,17.9,20.2,21.8,22.4,21.06,1.55,0.32,89,84,16.2,12.49,0.0,0.7188,-0.6952,22.0,22.0,22.0,station
2024-05-16,19.9,18.2,22.3,22.2,21.0,20.3,18.1,22.8,22.1,21.6,20.72,1.72,-0.26,88,76,13.6,12.12,0.0,0.7067,-0.7075,21.1,20.0,20.0,station
2024-05-17,21.8,18.8,19.8,21.7,21.9,21.8,18.8,20.0,21.4,21.3,20.8,1.42,0.14,88,79,20.7,11.52,0.0,0.6945,-0.7195,21.2,22.0,22.0,station
2024-05-18,22.0,17.8,21.1,23.2,22.6,23.0,17.7,21.0,22.8,22.3,21.34,2.13,-0.02,81,49,13.1,12.87,0.0,0.682,-0.7314,24.3,22.0,22.0,station
2024-05-19,18.6,17.4,21.7,21.4,19.4,17.5,17.2,21.5,22.1,18.5,19.7,1.84,0.34,82,65,16.1,11.63,0.0,0.6693,-0.743,22.7,21.0,21.0,station
2024-05-20,19.9,18.1,23.3,22.0,21.5,19.2,17.4,23.6,23.1,22.1,20.96,2.01,-0.12,85,71,25.4,11.71,0.0,0.6564,-0.7544,24.8,19.0,19.0,station
2024-05-21,19.4,18.5,21.1,20.9,20.6,20.3,18.1,20.0,21.3,20.6,20.1,1.11,0.04,81,91,28.8,5.95,0.0,0.6433,-0.7656,21.4,19.0,19.0,station
2024-05-22,19.5,18.9,19.8,19.4,21.7,19.6,18.9,20.0,20.2,20.9,19.86,1.08,-0.06,81,98,22.4,10.05,0.0,0.6301,-0.7765,21.6,21.0,21.0,station
2024-05-23,18.1,18.1,18.0,19.8,20.4,18.2,17.7,17.6,19.8,21.2,18.88,1.13,-0.02,80,40,36.0,10.51,0.0,0.6166,-0.7873,19.7,19.0,19.0,station
2024-05-24,20.5,19.4,20.3,22.7,22.9,20.6,19.0,20.5,22.1,23.5,21.16,1.55,0.02,71,73,14.4,9.89,0.0,0.603,-0.7978,23.4,24.0,24.0,station
2024-05-25,21.1,18.4,19.0,20.2,21.5,21.8,18.8,19.5,20.0,22.4,20.04,1.33,-0.46,86,10,25.4,12.38,0.0,0.5892,-0.808,19.7,21.0,21.0,station
2024-05-26,20.9,18.0,18.7,20.1,20.9,20.6,18.3,18.7,19.9,20.4,19.72,1.32,0.14,77,20,15.5,10.48,0.0,0.5752,-0.818,20.4,21.0,21.0,station
2024-05-27,24.2,18.9,19.3,21.2,22.7,24.4,18.7,19.5,22.0,23.8,21.26,2.24,-0.42,82,0,15.0,12.1,0.0,0.561,-0.8278,22.0,20.0,20.0,station
2024-05-28,26.7,19.5,22.8,25.3,24.7,26.7,19.0,22.0,22.1,24.5,23.8,2.78,0.94,68,37,16.6,12.14,0.0,0.5467,-0.8373,27.3,25.0,25.0,station
2024-05-29,29.1,21.6,27.4,28.1,26.9,27.8,21.2,27.5,28.9,28.7,26.62,2.93,-0.2,54,33,38.3,11.8,0.0,0.5322,-0.8466,32.5,30.0,30.0,station
2024-05-30,16.6,17.0,17.3,16.2,15.8,18.0,16.7,18.5,16.6,16.7,16.58,0.6,-0.72,82,62,39.6,8.5,8.5,0.5176,-0.8556,17.3,18.0,18.0,station
2024-05-31,16.4,14.7,15.7,15.5,15.9,15.7,14.7,15.7,14.9,15.0,15.64,0.62,0.44,80,36,11.2,10.13,0.0,0.5028,-0.8644,17.3,16.0,16.0,station
2024-06-01,16.7,14.9,17.2,16.4,17.2,17.4,15.6,17.1,16.4,13.7,16.48,0.95,0.44,76,22,19.2,11.71,0.0,0.4878,-0.8729,18.7,18.0,18.0,station
2024-06-02,16.9,15.0,17.7,18.1,16.2,17.1,14.8,16.7,17.3,15.6,16.78,1.24,0.48,77,32,20.3,11.01,0.0,0.4728,-0.8812,18.4,18.0,18.0,station
2024-06-03,14.8,14.6,15.5,15.2,16.2,16.3,14.6,14.5,14.4,16.4,15.26,0.63,0.02,83,97,38.8,2.7,3.1,0.4575,-0.8892,15.1,14.0,14.0,station
2024-06-04,18.1,16.9,18.4,17.5,18.4,19.0,16.8,18.1,17.6,18.0,17.86,0.65,-0.04,90,80,18.4,5.39,16.5,0.4422,-0.8969,19.3,19.0,19.0,station
2024-06-05,15.3,15.6,15.4,16.4,15.1,15.1,15.5,17.2,16.4,14.1,15.56,0.5,-0.1,90,82,30.7,5.29,9.6,0.4267,-0.9044,17.5,17.0,17.0,station
2024-06-06,15.5,14.8,15.5,15.1,14.9,15.2,14.9,14.9,15.0,14.7,15.16,0.33,0.22,86,87,23.0,4.15,10.2,0.4111,-0.9116,17.2,17.0,17.0,station
2024-06-07,16.4,16.3,16.1,17.4,16.1,16.6,16.2,16.1,16.7,16.2,16.46,0.54,0.1,77,41,22.0,11.13,1.6,0.3953,-0.9185,17.2,17.0,17.0,station
2024-06-08,17.9,15.9,16.7,17.5,17.8,17.4,15.9,17.3,18.1,16.8,17.16,0.85,0.06,82,40,15.7,11.25,0.0,0.3795,-0.9252,17.8,20.0,20.0,station
2024-06-09,18.8,16.4,17.3,18.8,20.5,18.8,16.4,17.7,18.4,18.5,18.36,1.58,0.4,88,2,12.0,11.57,0.0,0.3635,-0.9316,17.2,18.0,18.0,station
2024-06-10,23.9,19.3,23.3,24.3,25.4,25.4,19.4,23.3,23.5,24.0,23.24,2.33,0.12,71,43,10.9,11.51,0.0,0.3474,-0.9377,25.6,26.0,26.0,station
2024-06-11,22.9,19.4,22.5,23.2,23.7,22.2,19.0,21.0,22.2,23.5,22.34,1.7,0.76,55,72,34.0,9.64,4.3,0.3312,-0.9436,24.3,25.0,25.0,station
2024-06-12,18.3,16.1,17.9,18.0,17.6,18.1,16.3,18.2,18.4,18.8,17.58,0.86,-0.38,83,20,31.5,9.84,1.8,0.3149,-0.9491,19.2,19.0,19.0,station
2024-06-13,19.9,15.9,17.5,18.5,21.1,18.7,15.7,17.4,17.7,20.6,18.58,2.03,0.56,90,48,12.5,11.39,0.0,0.2986,-0.9544,18.9,22.0,22.0,station
2024-06-14,18.3,16.6,19.0,20.4,19.1,18.4,16.1,17.2,18.9,19.2,18.68,1.39,0.72,83,24,15.5,10.97,0.0,0.2821,-0.9594,19.6,18.0,18.0,station
2024-06-15,18.8,17.6,19.0,19.6,21.3,17.8,17.1,17.9,19.1,21.1,19.26,1.35,0.66,81,25,20.5,11.32,0.0,0.2656,-0.9641,20.7,21.0,21.0,station
2024-06-16,23.8,18.6,21.0,21.4,23.4,22.6,18.5,20.5,20.8,22.6,21.64,2.09,0.64,80,63,9.4,10.22,0.0,0.2489,-0.9685,22.2,24.0,24.0,station
2024-06-17,19.1,17.2,21.7,20.5,19.5,20.5,16.8,21.8,21.7,20.6,19.6,1.68,-0.68,64,46,39.0,8.57,0.0,0.2322,-0.9727,20.2,21.0,21.0,station
2024-06-18,16.7,16.4,17.9,17.7,17.8,16.7,16.7,17.3,17.9,17.9,17.3,0.7,0.0,84,87,43.8,5.48,11.5,0.2155,-0.9765,18.3,18.0,18.0,station
2024-06-19,16.7,15.6,15.9,16.5,15.8,16.6,15.3,16.4,16.0,15.9,16.1,0.47,0.06,77,37,11.9,10.62,2.9,0.1986,-0.9801,16.6,17.0,17.0,station
2024-06-20,18.1,15.9,17.3,18.0,15.8,18.7,15.8,17.4,16.9,16.5,17.02,1.11,-0.04,67,64,11.2,10.03,0.0,0.1818,-0.9833,17.0,19.0,19.0,station
2024-06-21,16.2,15.3,16.5,15.6,17.7,17.2,15.6,16.8,16.4,18.1,16.26,0.93,-0.56,80,79,41.9,4.35,13.8,0.1648,-0.9863,18.2,17.0,17.0,station
2024-06-22,18.2,16.7,17.4,17.5,17.7,17.9,16.3,17.7,17.1,18.1,17.5,0.54,0.08,89,76,14.0,9.72,0.1,0.1478,-0.989,19.2,19.0,19.0,station
2024-06-23,20.2,16.9,20.6,21.5,19.5,20.6,17.1,21.1,21.6,19.3,19.74,1.74,-0.2,80,14,14.0,10.98,0.0,0.1308,-0.9914,20.8,21.0,21.0,station
2024-06-24,18.0,16.8,15.4,17.1,17.4,18.0,16.6,15.8,17.9,17.1,16.94,0.97,-0.14,81,25,28.1,9.76,0.0,0.1137,-0.9935,17.8,18.0,18.0,station
2024-06-25,16.6,16.2,16.5,17.9,18.9,17.1,16.4,16.9,17.7,18.8,17.22,1.14,-0.16,84,5,25.2,10.84,0.0,0.0966,-0.9953,17.7,18.0,18.0,station
2024-06-26,19.0,17.3,17.6,18.4,22.3,18.3,17.3,18.1,19.1,21.0,18.92,2.0,0.16,81,0,15.6,11.2,0.0,0.0795,-0.9968,20.3,20.0,20.0,station
2024-06-27,26.1,20.1,23.6,25.6,24.3,25.5,19.2,24.2,25.3,25.7,23.94,2.37,-0.04,79,2,10.1,11.24,0.0,0.0623,-0.9981,25.2,28.0,28.0,station
2024-06-28,26.3,22.2,25.8,27.6,28.8,25.3,21.9,26.1,27.1,26.9,26.14,2.49,0.68,52,0,17.3,11.19,0.0,0.0451,-0.999,26.7,28.0,28.0,station
2024-06-29,19.1,17.8,20.8,20.3,20.9,19.3,18.0,21.3,20.8,23.3,19.78,1.32,-0.76,62,77,33.5,10.31,0.0,0.028,-0.9996,21.4,21.0,21.0,station
2024-06-30,18.2,16.5,20.2,20.4,20.3,19.2,16.4,19.3,19.4,19.9,19.12,1.73,0.28,83,66,20.5,9.62,0.2,0.0108,-0.9999,19.6,19.0,19.0,station
2024-07-01,16.1,15.0,17.0,17.9,15.7,15.4,15.1,19.0,18.2,16.7,16.34,1.13,-0.54,90,63,9.9,6.9,0.0,-0.0065,-1.0,17.0,17.0,17.0,station
2024-07-02,16.2,15.1,16.7,16.7,16.5,15.7,15.1,17.3,17.2,17.4,16.24,0.67,-0.3,85,51,21.6,7.45,0.1,-0.0237,-0.9997,17.0,15.0,15.0,station
2024-07-03,13.3,14.1,15.3,14.9,14.0,14.1,14.2,14.9,14.5,14.2,14.32,0.79,-0.06,88,75,32.5,3.16,15.5,-0.0408,-0.9992,15.5,15.0,15.0,station
2024-07-04,16.0,15.6,15.8,15.8,14.4,16.1,15.5,16.1,16.0,13.3,15.52,0.64,0.12,79,52,33.4,7.88,9.1,-0.058,-0.9983,16.6,16.0,16.0,station
2024-07-05,16.4,15.8,15.5,16.1,15.5,16.8,16.1,15.9,16.3,15.0,15.86,0.39,-0.16,69,23,15.3,11.1,0.4,-0.0752,-0.9972,17.0,17.0,17.0,station
2024-07-06,20.7,18.8,19.7,20.9,18.9,20.4,18.0,19.4,20.8,17.5,19.8,0.98,0.58,61,77,25.5,11.58,0.0,-0.0923,-0.9957,21.8,23.0,23.0,station
2024-07-07,14.3,15.2,14.8,14.7,12.8,14.7,15.3,15.5,15.7,13.8,14.36,0.93,-0.64,79,94,39.9,5.61,32.2,-0.1094,-0.994,14.6,17.0,17.0,station
2024-07-08,12.3,12.9,11.8,11.8,11.6,12.4,13.1,12.1,11.8,11.0,12.08,0.53,0.0,66,52,28.7,8.85,1.0,-0.1265,-0.992,13.2,12.0,12.0,station
2024-07-09,14.9,14.5,14.0,14.5,13.3,15.2,14.4,13.6,16.2,14.1,14.24,0.61,-0.46,78,93,44.7,2.74,30.5,-0.1436,-0.9896,15.4,14.0,14.0,station
2024-07-10,15.3,15.5,15.5,15.5,14.1,16.1,15.2,15.3,15.3,13.9,15.18,0.61,0.02,83,100,49.6,4.06,6.1,-0.1606,-0.987,17.0,17.0,17.0,station
2024-07-11,15.5,15.7,16.4,16.7,14.9,16.1,15.5,16.3,17.6,15.5,15.84,0.72,-0.36,87,96,53.5,4.85,21.8,-0.1775,-0.9841,17.2,17.0,17.0,station
2024-07-12,13.8,13.7,14.7,14.1,13.2,14.7,13.9,14.3,14.1,12.2,13.9,0.55,0.06,81,80,37.1,6.29,2.8,-0.1944,-0.9809,15.2,16.0,16.0,station
2024-07-13,11.8,12.5,13.2,13.4,12.1,12.1,12.6,12.9,13.0,12.2,12.6,0.69,0.04,86,83,27.1,4.47,7.3,-0.2113,-0.9774,13.4,13.0,13.0,station
2024-07-14,13.6,13.7,14.4,13.6,11.4,13.7,13.6,13.9,13.4,12.1,13.34,1.13,0.0,83,62,29.9,6.54,1.5,-0.2281,-0.9736,15.1,15.0,15.0,station
2024-07-15,15.5,14.7,15.6,15.7,14.6,15.2,14.6,15.9,15.6,13.9,15.22,0.53,0.18,80,46,16.9,11.14,1.1,-0.2448,-0.9696,16.3,17.0,17.0,station
2024-07-16,15.1,14.4,15.1,15.4,12.3,14.4,14.3,14.6,15.9,14.0,14.46,1.26,-0.18,84,74,22.8,5.51,5.3,-0.2614,-0.9652,15.5,16.0,16.0,station
2024-07-17,14.3,14.4,15.3,15.6,14.3,15.1,14.6,15.7,15.7,15.3,14.78,0.62,-0.5,86,92,25.4,4.48,0.0,-0.278,-0.9606,14.9,16.0,16.0,station
2024-07-18,14.6,13.9,14.4,14.9,13.6,15.0,14.1,13.4,14.5,13.0,14.28,0.53,0.28,87,70,32.1,6.31,16.7,-0.2945,-0.9557,15.3,16.0,16.0,station
2024-07-19,14.8,14.6,14.9,15.0,13.1,15.0,14.1,14.6,14.9,13.6,14.48,0.79,0.04,85,65,33.7,7.96,6.7,-0.3109,-0.9505,16.2,15.0,15.0,station
2024-07-20,13.6,13.8,14.5,14.0,13.5,13.3,13.6,13.8,13.6,12.8,13.88,0.4,0.46,85,43,9.8,10.74,1.3,-0.3272,-0.945,14.5,14.0,14.0,station
2024-07-21,14.3,13.7,13.7,14.7,14.6,13.9,13.9,13.9,14.8,14.0,14.2,0.48,0.1,83,52,14.4,11.16,0.0,-0.3434,-0.9392,14.3,15.0,15.0,station
2024-07-22,16.6,14.6,14.4,16.0,15.5,16.6,14.8,15.4,16.2,15.6,15.42,0.93,-0.3,76,0,13.0,13.03,0.0,-0.3595,-0.9332,16.1,18.0,18.0,station
2024-07-23,15.3,14.5,14.9,15.1,15.7,15.1,14.3,15.1,15.4,15.3,15.1,0.45,0.06,84,60,21.4,11.63,1.4,-0.3755,-0.9268,15.5,15.0,15.0,station
2024-07-24,15.3,14.3,12.0,17.5,14.1,14.5,14.3,13.8,17.0,16.4,14.64,2.0,-0.56,83,73,23.6,4.26,1.5,-0.3914,-0.9202,15.2,13.0,13.0,station
2024-07-25,17.3,15.1,18.4,19.0,16.4,17.8,15.2,17.6,19.8,17.5,17.24,1.56,-0.34,87,39,21.7,12.89,0.0,-0.4071,-0.9134,18.7,17.0,17.0,station
2024-07-26,16.4,15.2,16.0,16.6,15.3,16.1,15.1,16.0,16.5,14.9,15.9,0.63,0.18,83,35,26.7,11.67,6.1,-0.4228,-0.9062,16.9,17.0,17.0,station
2024-07-27,13.3,14.4,13.1,13.8,13.1,12.9,14.2,13.4,13.3,12.8,13.54,0.56,0.22,78,74,40.8,3.36,14.0,-0.4383,-0.8988,14.4,14.0,14.0,station
2024-07-28,11.5,12.3,12.3,12.2,12.0,11.8,12.5,12.8,12.5,10.7,12.06,0.34,0.0,73,52,21.7,8.73,2.2,-0.4537,-0.8912,13.4,13.0,13.0,station
2024-07-29,13.6,13.4,13.3,13.5,13.0,13.0,13.4,13.0,13.2,11.7,13.36,0.23,0.5,79,77,26.6,8.31,3.3,-0.469,-0.8832,14.4,14.0,14.0,station
2024-07-30,13.9,13.8,13.7,14.1,13.1,13.8,13.8,13.4,14.6,12.7,13.72,0.38,0.06,70,52,22.8,11.76,0.9,-0.4841,-0.875,13.9,15.0,15.0,station
2024-07-31,14.5,14.4,13.7,14.4,15.2,14.5,14.4,13.5,14.8,14.3,14.44,0.53,0.14,73,0,18.8,13.96,0.0,-0.4991,-0.8666,14.0,16.0,16.0,station
2024-08-01,15.7,14.9,14.6,15.4,16.8,16.0,14.8,14.1,15.4,16.7,15.48,0.85,0.08,77,6,21.2,13.96,0.0,-0.5139,-0.8578,15.6,16.0,16.0,station
2024-08-02,15.1,14.3,15.7,15.4,15.9,15.4,14.4,15.9,16.4,15.7,15.28,0.63,-0.28,78,35,15.4,12.16,0.0,-0.5286,-0.8489,15.5,15.0,15.0,station
2024-08-03,18.1,15.1,19.2,20.4,17.6,17.5,15.0,18.9,20.7,17.7,18.08,1.98,0.12,78,11,16.3,14.75,0.0,-0.5431,-0.8397,20.0,19.0,19.0,station
2024-08-04,13.3,12.9,12.4,13.6,11.3,13.0,13.0,12.6,13.9,12.0,12.7,0.9,-0.2,74,67,36.4,10.3,10.9,-0.5575,-0.8302,13.8,14.0,14.0,station
2024-08-05,14.0,13.9,13.0,13.7,12.0,14.3,13.8,13.0,13.6,11.8,13.32,0.83,0.02,65,90,31.2,7.96,0.0,-0.5717,-0.8205,14.9,15.0,15.0,station
2024-08-06,16.7,15.0,17.8,19.3,17.9,16.5,15.1,18.0,18.3,17.8,17.34,1.6,0.2,66,31,23.4,14.07,0.0,-0.5857,-0.8105,18.3,18.0,18.0,station
2024-08-07,16.3,15.1,17.5,18.3,16.3,16.4,14.9,17.6,19.0,16.6,16.7,1.23,-0.2,89,39,16.6,13.41,0.0,-0.5996,-0.8003,17.0,17.0,17.0,station
2024-08-08,13.8,14.3,14.7,14.3,15.2,14.6,14.0,15.2,14.6,15.8,14.46,0.52,-0.38,84,80,45.0,4.33,9.3,-0.6132,-0.7899,14.5,14.0,14.0,station
2024-08-09,15.1,15.2,14.5,14.7,12.6,14.6,15.0,14.2,14.6,13.2,14.42,1.06,0.1,70,63,45.9,10.78,2.4,-0.6267,-0.7792,16.0,15.0,15.0,station
2024-08-10,14.7,15.2,14.9,15.5,13.8,15.1,15.3,14.9,14.6,14.1,14.82,0.65,0.02,80,97,49.3,3.57,26.7,-0.64,-0.7683,17.0,14.0,14.0,station
2024-08-11,15.5,15.1,15.2,16.0,13.6,15.3,15.3,15.7,16.3,14.4,15.08,0.9,-0.32,83,58,25.4,11.01,1.1,-0.6532,-0.7572,16.5,16.0,16.0,station
2024-08-12,15.0,15.2,15.7,16.8,15.9,15.3,15.2,15.5,16.6,15.7,15.72,0.7,0.06,82,87,23.1,11.56,0.0,-0.6661,-0.7459,16.8,17.0,17.0,station
2024-08-13,15.4,14.8,14.5,15.0,15.3,15.4,14.7,16.2,15.6,16.4,15.0,0.37,-0.66,82,98,41.9,6.9,18.1,-0.6788,-0.7343,16.4,16.0,16.0,station
2024-08-14,13.9,13.8,12.8,13.9,12.6,13.5,13.6,12.5,13.4,12.4,13.4,0.64,0.32,65,88,14.0,9.83,0.0,-0.6914,-0.7225,13.9,14.0,14.0,station
2024-08-15,17.6,15.0,17.2,16.9,18.2,17.3,15.0,17.5,18.7,19.1,16.98,1.21,-0.54,73,40,17.1,16.31,0.0,-0.7037,-0.7105,18.4,19.0,19.0,station
2024-08-16,18.2,15.1,16.9,19.5,19.2,17.5,15.1,17.0,19.2,18.8,17.78,1.81,0.26,82,8,14.1,16.25,0.0,-0.7158,-0.6983,17.4,20.0,20.0,station
2024-08-17,14.8,14.7,15.7,15.8,16.5,14.6,14.7,15.8,15.7,17.0,15.5,0.75,-0.06,86,86,36.9,4.41,1.7,-0.7277,-0.6859,15.4,15.0,15.0,station
2024-08-18,16.6,16.4,17.7,18.3,16.4,16.8,16.4,17.9,18.5,17.0,17.08,0.87,-0.24,81,48,25.8,12.27,0.7,-0.7394,-0.6733,18.0,18.0,18.0,station
2024-08-19,18.9,15.7,21.0,21.2,19.8,18.1,15.7,20.8,21.0,20.0,19.32,2.23,0.2,77,6,15.5,16.87,0.0,-0.7509,-0.6605,21.1,20.0,20.0,station
2024-08-20,18.5,15.6,19.7,20.2,18.2,18.0,15.2,19.7,20.5,17.6,18.44,1.79,0.24,87,55,27.0,16.61,0.0,-0.7621,-0.6474,19.9,20.0,20.0,station
2024-08-21,13.8,14.0,13.3,13.6,12.8,13.9,14.0,13.1,14.3,12.4,13.5,0.47,-0.04,72,58,30.5,14.9,9.2,-0.7731,-0.6342,14.7,15.0,15.0,station
2024-08-22,17.0,16.3,17.2,19.3,18.5,16.1,16.2,17.4,19.2,17.9,17.66,1.21,0.3,63,42,15.5,16.98,0.0,-0.7839,-0.6208,18.0,20.0,20.0,station
2024-08-23,20.1,17.9,21.3,22.6,22.6,22.4,18.5,22.0,23.3,21.1,20.9,1.97,-0.56,73,8,31.0,17.41,0.0,-0.7945,-0.6073,24.5,26.0,26.0,station
2024-08-24,16.3,15.1,16.1,16.2,15.9,16.4,15.2,16.4,16.3,17.0,15.92,0.48,-0.34,78,59,33.8,13.01,5.4,-0.8048,-0.5935,17.1,17.0,17.0,station
2024-08-25,15.3,15.4,16.7,17.5,17.2,14.8,15.3,16.7,17.0,17.5,16.42,1.02,0.16,79,86,30.8,9.56,0.1,-0.8149,-0.5796,17.0,17.0,17.0,station
2024-08-26,15.3,15.6,15.5,15.6,15.0,15.1,15.7,15.3,16.2,15.1,15.4,0.25,-0.08,87,88,41.9,4.73,6.2,-0.8248,-0.5655,16.3,16.0,16.0,station
2024-08-27,13.3,14.7,13.9,14.4,13.4,13.5,14.7,13.4,14.8,13.4,13.94,0.61,-0.02,76,71,43.9,7.66,8.0,-0.8344,-0.5512,14.2,15.0,15.0,station
2024-08-28,10.6,11.0,10.3,11.6,10.5,11.0,10.9,11.1,11.6,10.7,10.8,0.51,-0.26,59,57,22.4,15.84,1.2,-0.8437,-0.5368,11.8,12.0,12.0,station
2024-08-29,13.0,12.6,12.9,13.9,13.1,13.1,12.7,12.9,13.2,13.0,13.1,0.48,0.12,65,23,31.0,18.59,0.0,-0.8528,-0.5222,13.0,14.0,14.0,station
2024-08-30,18.9,16.3,16.5,18.0,20.1,18.6,16.0,16.4,17.8,18.7,17.96,1.61,0.46,74,8,12.7,19.27,0.0,-0.8617,-0.5074,17.3,20.0,20.0,station
2024-08-31,23.0,18.7,22.9,25.6,24.5,23.6,18.5,22.8,26.2,25.2,22.94,2.62,-0.32,71,5,26.4,19.02,0.0,-0.8703,-0.4925,25.0,26.0,26.0,station
2024-09-01,17.8,16.7,18.2,17.9,21.1,17.3,16.6,16.9,17.6,21.1,18.34,1.64,0.44,86,50,20.0,18.63,0.1,-0.8786,-0.4775,19.1,19.0,19.0,station
2024-09-02,27.6,21.0,27.7,32.2,30.3,28.0,21.0,27.7,31.1,30.7,27.76,4.24,0.06,73,7,17.2,19.29,0.0,-0.8867,-0.4623,29.4,32.0,32.0,station
2024-09-03,18.4,16.4,21.0,21.0,19.8,19.3,15.5,21.3,21.5,19.7,19.32,1.95,-0.14,80,82,20.7,16.82,0.8,-0.8945,-0.447,20.3,18.0,18.0,station
2024-09-04,16.3,15.5,16.6,16.6,15.8,15.5,15.4,17.3,17.0,15.5,16.16,0.49,0.02,79,96,12.9,10.67,0.1,-0.9021,-0.4315,17.6,18.0,18.0,station
2024-09-05,14.5,13.8,13.7,14.6,14.5,13.8,13.5,13.6,13.8,14.7,14.22,0.43,0.34,69,38,16.5,17.88,1.1,-0.9094,-0.4159,14.6,15.0,15.0,station
2024-09-06,14.9,15.0,15.6,17.8,17.2,14.6,15.4,16.1,17.2,17.5,16.1,1.32,-0.06,70,16,35.6,18.06,0.0,-0.9164,-0.4002,16.6,17.0,17.0,station
2024-09-07,15.8,14.6,14.7,17.3,16.9,15.6,14.8,14.8,16.7,16.6,15.86,1.23,0.16,71,17,32.5,20.2,0.0,-0.9232,-0.3844,15.8,17.0,17.0,station
2024-09-08,14.2,14.0,14.1,15.5,15.0,14.0,13.8,14.3,14.6,14.8,14.56,0.66,0.26,65,41,35.7,17.26,1.1,-0.9296,-0.3685,14.7,15.0,15.0,station
2024-09-09,17.5,16.9,18.5,19.8,20.5,17.2,16.9,18.1,19.6,20.1,18.64,1.51,0.26,61,5,25.0,19.45,0.0,-0.9358,-0.3524,19.0,20.0,20.0,station
2024-09-10,19.3,17.6,19.9,22.8,22.3,19.1,17.6,20.1,23.0,23.1,20.38,2.16,-0.2,68,3,17.5,20.97,0.0,-0.9418,-0.3363,20.8,22.0,22.0,station
2024-09-11,22.3,17.2,21.4,23.7,22.3,23.1,18.3,20.9,24.2,22.5,21.38,2.48,-0.42,73,7,23.1,20.66,0.0,-0.9474,-0.32,23.8,24.0,24.0,station
2024-09-12,16.6,15.5,18.6,20.1,19.0,16.8,15.3,19.0,20.3,20.1,17.96,1.87,-0.34,77,53,23.6,16.7,0.3,-0.9528,-0.3037,19.6,18.0,18.0,station
2024-09-13,17.5,15.3,18.1,19.2,19.5,17.4,15.2,18.0,18.9,18.5,17.92,1.67,0.32,83,41,18.9,18.2,0.2,-0.9579,-0.2873,17.8,17.0,17.0,station
2024-09-14,18.7,16.2,17.3,19.9,20.4,19.7,16.1,17.7,19.3,20.8,18.5,1.76,-0.22,83,3,27.9,21.12,0.0,-0.9627,-0.2707,19.5,20.0,20.0,station
2024-09-15,16.7,15.6,18.6,16.1,18.3,16.9,15.5,18.7,17.1,18.0,17.06,1.33,-0.18,81,84,19.0,15.18,0.2,-0.9672,-0.2541,18.1,16.0,16.0,station
2024-09-16,16.7,15.7,17.8,18.9,18.3,16.6,15.6,17.5,18.7,19.0,17.48,1.28,0.0,68,17,38.5,21.82,0.0,-0.9714,-0.2375,17.3,18.0,18.0,station
2024-09-17,16.9,15.1,16.1,17.4,19.7,17.1,15.1,16.3,17.3,18.6,17.04,1.72,0.16,79,10,26.1,21.64,0.0,-0.9753,-0.2207,16.6,18.0,18.0,station
2024-09-18,14.5,14.5,13.1,16.5,14.2,15.0,14.5,13.8,15.5,15.7,14.56,1.23,-0.34,79,67,35.7,7.89,4.4,-0.979,-0.2039,15.9,15.0,15.0,station
2024-09-19,14.9,14.5,15.3,15.5,15.4,14.3,14.4,14.9,14.2,15.7,15.12,0.41,0.42,66,22,36.3,19.03,0.4,-0.9824,-0.187,15.9,17.0,17.0,station
2024-09-20,18.9,17.2,18.8,20.9,21.1,19.0,17.5,19.4,20.9,20.7,19.38,1.63,-0.12,61,7,24.2,21.82,0.0,-0.9854,-0.1701,20.1,20.0,20.0,station
2024-09-21,20.8,18.5,20.0,23.9,22.9,20.8,18.5,20.6,23.8,23.1,21.22,2.18,-0.14,65,2,25.8,23.07,0.0,-0.9882,-0.1531,22.5,23.0,23.0,station
2024-09-22,24.6,20.4,22.7,27.2,28.5,24.6,20.3,22.7,26.8,27.4,24.68,3.29,0.32,65,36,20.0,22.45,0.0,-0.9907,-0.1361,26.0,26.0,26.0,station
2024-09-23,28.6,21.1,24.4,27.4,29.3,28.6,20.7,26.6,27.3,29.5,26.16,3.39,-0.38,71,27,19.9,22.56,0.0,-0.9929,-0.1191,26.1,27.0,27.0,station
2024-09-24,18.9,16.1,21.9,21.5,21.9,19.3,16.0,22.2,21.2,22.6,20.06,2.54,-0.2,75,70,28.6,19.16,0.0,-0.9948,-0.102,20.9,19.0,19.0,station
2024-09-25,16.9,15.0,18.5,18.3,18.3,17.6,15.2,18.6,17.8,19.5,17.4,1.49,-0.34,80,86,26.3,12.08,0.3,-0.9964,-0.0848,17.4,17.0,17.0,station
2024-09-26,20.5,16.2,19.2,20.7,20.3,20.4,16.1,19.0,20.6,20.6,19.38,1.87,0.04,82,31,22.5,19.64,0.0,-0.9977,-0.0677,19.8,20.0,20.0,station
2024-09-27,18.7,16.1,16.9,18.5,19.5,18.9,16.1,17.0,18.1,19.7,17.94,1.4,-0.02,83,52,19.9,21.07,0.0,-0.9987,-0.0505,17.5,19.0,19.0,station
2024-09-28,16.5,15.2,16.7,17.4,16.2,15.8,15.2,17.2,17.3,16.3,16.4,0.8,0.04,77,89,42.9,9.11,10.0,-0.9994,-0.0333,17.1,16.0,16.0,station
2024-09-29,13.7,13.3,14.0,14.6,11.9,13.7,13.7,13.4,14.1,11.8,13.5,1.01,0.16,67,31,26.3,18.72,0.8,-0.9999,-0.0161,14.6,14.0,14.0,station
2024-09-30,13.8,13.4,13.6,14.9,12.4,13.5,13.5,12.9,14.3,12.4,13.62,0.9,0.3,64,56,23.6,17.61,4.2,-1.0,0.0011,14.4,15.0,15.0,station
2024-10-01,16.2,14.6,15.0,15.4,16.2,16.3,14.5,14.8,15.7,15.8,15.48,0.72,0.06,71,45,29.7,20.24,0.0,-0.9998,0.0183,15.1,16.0,16.0,station
2024-10-02,21.9,18.9,21.3,24.0,24.0,21.8,19.0,21.3,23.8,22.8,22.02,2.13,0.28,65,86,19.4,22.0,0.0,-0.9994,0.0355,22.9,23.0,23.0,station
2024-10-03,28.2,21.1,26.8,26.8,31.5,26.6,21.5,25.4,25.3,30.9,26.88,3.76,0.94,69,21,12.8,25.23,0.0,-0.9986,0.0527,28.8,27.0,27.0,station
2024-10-04,32.6,22.2,28.8,29.5,35.0,33.4,21.6,28.2,28.3,34.5,29.62,4.84,0.42,66,45,13.8,24.41,0.0,-0.9976,0.0698,28.7,31.0,31.0,station
2024-10-05,31.0,20.4,22.4,27.0,30.0,31.6,19.3,23.9,26.0,31.9,26.16,4.64,-0.38,70,41,15.8,24.6,0.0,-0.9962,0.087,26.6,25.0,25.0,station
2024-10-06,27.6,21.3,25.0,26.8,28.4,26.4,20.4,25.6,25.6,29.7,25.82,2.82,0.28,83,84,17.8,23.13,0.0,-0.9946,0.1041,26.3,28.0,28.0,station
2024-10-07,28.1,22.5,27.1,30.5,33.1,27.3,22.6,27.8,29.3,32.5,28.26,3.97,0.36,66,2,16.9,24.87,0.0,-0.9926,0.1212,30.8,30.0,30.0,station
2024-10-08,25.7,18.6,20.4,24.4,26.5,27.7,18.6,22.0,24.0,29.5,23.12,3.45,-1.24,78,4,19.9,24.24,0.0,-0.9904,0.1383,24.0,21.0,21.0,station
2024-10-09,19.3,17.3,21.3,23.0,21.2,21.6,17.2,23.6,22.6,22.6,20.42,2.18,-1.1,79,79,21.4,16.89,0.0,-0.9879,0.1553,22.3,18.0,18.0,station
2024-10-10,18.6,17.2,19.7,20.3,19.9,18.9,17.3,19.7,19.6,19.4,19.14,1.25,0.16,74,95,25.7,15.94,0.1,-0.9851,0.1722,19.6,19.0,19.0,station
2024-10-11,21.6,17.5,20.6,21.3,23.3,21.7,17.4,20.4,21.6,22.7,20.86,2.12,0.1,79,87,19.9,25.84,0.0,-0.9819,0.1892,20.9,22.0,22.0,station
2024-10-12,21.5,17.6,20.7,21.7,22.2,21.4,17.6,20.9,21.1,21.7,20.74,1.84,0.2,79,35,22.1,24.25,0.3,-0.9785,0.206,22.2,21.0,21.0,station
2024-10-13,22.6,18.3,19.2,21.9,21.1,21.8,18.2,18.9,22.2,20.4,20.62,1.82,0.32,78,14,27.0,24.6,0.0,-0.9749,0.2228,21.7,21.0,21.0,station
2024-10-14,17.5,17.6,17.8,19.9,20.5,17.7,17.8,18.8,19.9,21.0,18.66,1.43,-0.38,58,39,41.9,23.62,0.1,-0.9709,0.2396,19.5,19.0,19.0,station
2024-10-15,25.2,21.7,22.6,28.3,26.1,24.8,22.0,22.8,27.4,27.3,24.78,2.67,-0.08,51,1,27.5,27.87,0.0,-0.9666,0.2562,28.6,28.0,28.0,station
2024-10-16,27.8,19.7,25.6,29.2,27.5,26.8,19.5,26.7,28.2,27.0,25.96,3.73,0.32,60,1,17.8,27.18,0.0,-0.9621,0.2728,29.5,28.0,28.0,station
2024-10-17,20.5,17.4,19.9,22.8,23.3,21.8,17.5,20.7,22.3,23.6,20.78,2.38,-0.4,75,69,23.9,19.81,0.3,-0.9572,0.2893,22.1,21.0,21.0,station
2024-10-18,19.0,17.1,17.8,19.6,19.7,18.6,17.1,17.4,19.8,19.7,18.64,1.15,0.12,67,12,30.8,23.93,0.0,-0.9521,0.3057,19.7,20.0,20.0,station
2024-10-19,18.5,16.5,16.8,18.3,18.8,17.9,16.5,15.8,18.1,17.7,17.78,1.05,0.58,64,22,35.8,24.02,0.0,-0.9467,0.3221,18.3,19.0,19.0,station
2024-10-20,19.6,18.3,20.2,22.7,22.4,18.9,18.1,18.9,21.9,21.3,20.64,1.88,0.82,57,14,42.5,26.14,0.0,-0.941,0.3383,21.3,20.0,20.0,station
2024-10-21,24.5,20.7,23.6,25.5,25.8,24.8,20.6,23.0,26.7,26.0,24.02,2.05,-0.2,61,4,27.6,26.85,0.1,-0.9351,0.3545,25.8,25.0,25.0,station
2024-10-22,25.6,21.2,25.9,28.7,27.2,26.1,21.3,24.5,28.2,28.2,25.72,2.81,0.06,63,40,27.8,27.67,0.0,-0.9288,0.3705,27.5,28.0,28.0,station
2024-10-23,31.5,22.0,27.2,30.5,32.8,30.3,21.9,27.7,29.8,32.0,28.8,4.33,0.46,56,50,20.8,28.21,0.0,-0.9223,0.3864,29.7,31.0,31.0,station
2024-10-24,22.1,18.0,19.3,20.9,23.5,22.2,17.7,19.6,21.0,23.4,20.76,2.18,-0.02,69,47,24.0,27.42,0.0,-0.9155,0.4022,20.8,21.0,21.0,station
2024-10-25,20.3,18.2,18.3,21.8,20.8,20.1,18.1,18.5,21.5,21.6,19.88,1.58,-0.08,66,21,41.0,28.0,0.0,-0.9085,0.4179,20.7,21.0,21.0,station
2024-10-26,26.2,18.6,24.7,28.5,25.0,27.2,18.4,24.2,27.1,26.4,24.6,3.67,-0.06,62,56,21.7,26.34,0.0,-0.9012,0.4335,27.6,24.0,24.0,station
2024-10-27,17.6,16.4,17.2,17.3,17.6,16.4,16.2,16.5,16.4,15.3,17.22,0.49,1.06,77,90,29.2,12.55,9.3,-0.8936,0.4489,18.4,18.0,18.0,station
2024-10-28,21.1,18.5,18.9,19.6,19.4,19.7,18.1,18.9,20.1,18.8,19.5,0.99,0.38,81,42,37.4,22.22,10.2,-0.8857,0.4642,20.3,21.0,21.0,station
2024-10-29,21.0,18.3,19.6,20.8,21.2,20.9,18.7,19.2,20.6,21.5,20.18,1.22,0.0,75,20,35.1,25.56,0.0,-0.8776,0.4794,20.2,22.0,22.0,station
2024-10-30,21.8,19.7,21.5,25.3,24.2,21.7,19.7,22.3,24.6,23.6,22.5,2.24,0.12,68,0,37.7,28.94,0.0,-0.8692,0.4944,23.0,23.0,23.0,station
2024-10-31,25.0,21.0,22.8,24.0,26.2,24.9,20.5,22.4,24.4,27.4,23.8,2.0,-0.12,70,36,31.9,28.47,0.0,-0.8606,0.5093,25.6,26.0,26.0,station
2024-11-01,25.4,20.3,22.2,25.9,27.4,25.1,20.4,22.8,24.8,28.1,24.24,2.91,-0.0,77,52,28.4,28.5,0.0,-0.8517,0.524,25.3,26.0,26.0,station
2024-11-02,23.2,18.6,21.1,23.2,23.2,23.3,18.8,20.7,23.8,23.0,21.86,2.04,-0.06,72,90,25.6,24.79,0.2,-0.8426,0.5386,23.9,24.0,24.0,station
2024-11-03,20.8,18.3,21.4,21.1,20.5,20.9,18.3,20.7,21.3,21.0,20.42,1.23,-0.02,70,96,24.8,26.33,0.0,-0.8332,0.553,21.8,21.0,21.0,station
2024-11-04,15.0,14.8,15.1,16.3,15.0,15.6,15.0,15.5,14.4,14.1,15.24,0.6,0.32,59,34,38.5,25.03,5.4,-0.8235,0.5672,15.4,16.0,16.0,station
2024-11-05,18.3,17.9,19.2,21.5,21.3,18.4,18.1,19.1,23.9,21.4,19.64,1.68,-0.54,53,43,32.8,25.84,0.0,-0.8137,0.5813,19.8,20.0,20.0,station
2024-11-06,23.4,20.1,21.8,24.6,24.7,22.4,20.3,22.2,24.6,24.3,22.92,1.96,0.16,61,9,32.1,30.57,0.0,-0.8035,0.5952,24.2,24.0,24.0,station
2024-11-07,29.2,23.1,25.6,30.2,31.4,29.0,22.9,25.5,29.1,30.6,27.9,3.45,0.48,51,65,21.5,29.47,0.0,-0.7932,0.609,30.0,30.0,30.0,station
2024-11-08,27.8,19.4,20.8,26.3,26.4,26.3,19.5,20.0,25.8,24.6,24.14,3.77,0.9,67,81,36.4,26.34,0.0,-0.7826,0.6225,25.0,25.0,25.0,station
2024-11-09,24.0,21.8,23.8,28.7,28.3,24.3,21.9,23.1,29.0,28.3,25.32,3.03,0.0,63,25,36.2,30.28,0.0,-0.7718,0.6359,26.1,27.0,27.0,station
2024-11-10,21.9,19.3,20.0,22.9,23.3,22.5,19.5,21.1,22.7,24.1,21.48,1.76,-0.5,69,67,35.2,22.11,0.0,-0.7607,0.6491,23.0,21.0,21.0,station
2024-11-11,24.6,20.6,24.1,27.7,26.3,24.1,20.6,23.1,27.2,25.6,24.66,2.68,0.54,61,16,28.1,30.82,0.0,-0.7494,0.6621,26.9,26.0,26.0,station
2024-11-12,22.2,18.6,19.8,21.4,23.2,22.3,18.7,20.2,21.3,22.9,21.04,1.85,-0.04,73,32,26.0,29.35,0.0,-0.7379,0.6749,21.3,22.0,22.0,station
2024-11-13,20.8,19.9,20.6,23.2,23.4,20.0,19.5,20.8,23.8,23.6,21.58,1.61,0.04,60,27,29.7,30.34,0.4,-0.7262,0.6875,23.1,23.0,23.0,station
2024-11-14,24.8,21.9,24.1,26.8,26.4,25.0,22.1,23.4,25.5,25.9,24.8,1.97,0.42,56,19,22.2,31.31,0.0,-0.7143,0.6998,27.5,26.0,26.0,station
2024-11-15,24.1,20.5,23.1,23.1,24.7,24.0,20.6,24.7,22.8,26.2,23.1,1.61,-0.56,67,2,21.4,31.63,0.0,-0.7021,0.712,25.2,23.0,23.0,station
2024-11-16,23.3,19.2,20.3,21.8,22.9,23.2,19.2,20.2,21.9,23.4,21.5,1.73,-0.08,74,0,22.0,31.55,0.0,-0.6898,0.724,21.5,23.0,23.0,station
2024-11-17,27.5,19.8,21.2,24.8,27.0,26.6,19.6,21.2,22.5,27.5,24.06,3.44,0.58,71,7,17.3,31.89,0.0,-0.6772,0.7358,27.4,27.0,27.0,station
2024-11-18,24.2,19.6,21.5,22.4,23.6,23.7,19.7,21.1,21.9,23.2,22.26,1.82,0.34,72,22,22.2,29.82,0.0,-0.6645,0.7473,22.6,24.0,24.0,station
2024-11-19,23.1,20.4,22.4,25.9,24.9,22.7,20.2,23.2,24.3,26.1,23.34,2.15,0.04,65,53,26.0,29.16,0.0,-0.6515,0.7586,24.9,24.0,24.0,station
2024-11-20,25.7,21.0,22.1,25.9,26.7,25.8,20.8,23.1,25.6,28.2,24.28,2.55,-0.42,73,44,28.3,27.72,1.4,-0.6384,0.7697,25.7,25.0,25.0,station
2024-11-21,24.3,21.5,23.4,24.5,27.1,25.0,21.1,21.5,23.5,25.4,24.16,2.03,0.86,80,15,19.0,29.82,0.0,-0.625,0.7806,24.9,27.0,27.0,station
2024-11-22,23.5,18.9,23.3,25.6,23.0,25.0,19.3,23.7,25.2,25.5,22.86,2.44,-0.88,72,62,11.4,22.39,0.0,-0.6115,0.7912,24.2,24.0,24.0,station
2024-11-23,25.0,19.7,21.3,24.1,24.4,26.2,19.8,21.6,23.3,24.7,22.9,2.29,-0.22,69,24,17.0,31.28,0.0,-0.5978,0.8016,24.9,25.0,25.0,station
2024-11-24,28.2,20.3,25.0,25.1,27.8,28.8,20.3,26.9,27.3,27.6,25.28,3.15,-0.9,74,29,19.1,31.87,0.0,-0.584,0.8118,28.5,28.0,28.0,station
2024-11-25,21.9,19.2,22.1,22.5,21.1,22.0,18.8,22.3,20.6,21.5,21.36,1.31,0.32,68,86,25.8,24.07,0.4,-0.5699,0.8217,23.8,22.0,22.0,station
2024-11-26,18.0,17.4,19.6,20.1,17.3,18.1,17.3,19.3,19.2,17.3,18.48,1.29,0.24,67,71,22.6,21.9,3.0,-0.5557,0.8314,19.5,18.0,18.0,station
2024-11-27,20.3,18.7,19.4,19.4,19.3,19.4,18.4,20.0,19.6,20.9,19.42,0.57,-0.24,71,63,22.0,24.45,1.8,-0.5413,0.8408,20.5,21.0,21.0,station
2024-11-28,23.1,21.2,22.8,25.4,25.5,23.4,21.5,23.2,25.1,25.6,23.6,1.84,-0.16,59,8,23.1,32.05,0.0,-0.5268,0.85,24.5,25.0,25.0,station
2024-11-29,27.6,21.7,23.3,25.7,28.2,27.5,21.8,23.6,25.2,27.9,25.3,2.78,0.1,65,6,20.9,32.93,0.0,-0.5121,0.859,27.5,26.0,26.0,station
2024-11-30,24.7,20.4,21.0,23.4,23.9,24.1,20.3,20.8,23.2,24.2,22.68,1.88,0.16,68,5,25.9,32.33,0.0,-0.4972,0.8676,23.3,24.0,24.0,station
2024-12-01,24.0,20.2,21.1,23.0,23.8,24.2,20.4,20.9,24.3,23.9,22.42,1.69,-0.32,65,53,20.7,30.71,0.0,-0.4822,0.8761,23.3,24.0,24.0,station
2024-12-02,25.9,20.4,23.5,26.1,25.3,25.6,20.3,22.1,24.4,25.5,24.24,2.38,0.66,62,69,11.9,27.32,0.1,-0.4671,0.8842,27.8,25.0,25.0,station
2024-12-03,25.1,20.2,21.5,24.6,24.2,25.2,20.1,20.7,24.4,24.6,23.12,2.15,0.12,68,59,12.4,25.03,1.0,-0.4518,0.8921,25.6,23.0,23.0,station
2024-12-04,23.8,20.0,25.4,24.6,23.8,23.6,20.4,25.4,25.4,24.2,23.52,2.08,-0.28,62,82,15.3,30.56,0.0,-0.4364,0.8998,27.0,23.0,23.0,station
2024-12-05,22.3,19.8,22.1,22.9,22.0,21.2,19.8,21.9,22.2,22.6,21.82,1.18,0.28,62,84,18.9,26.38,0.4,-0.4208,0.9071,23.7,23.0,23.0,station
2024-12-06,20.4,19.0,18.6,21.9,19.0,18.8,19.1,18.8,22.4,20.8,19.78,1.37,-0.2,75,80,20.3,9.19,2.7,-0.4052,0.9142,20.9,19.0,19.0,station
2024-12-07,24.1,20.9,24.0,25.2,24.3,24.8,20.8,23.1,25.7,25.0,23.7,1.64,-0.18,74,38,11.1,32.52,0.0,-0.3894,0.9211,24.8,25.0,25.0,station
2024-12-08,23.7,20.7,21.9,24.1,25.0,23.8,20.8,21.5,24.5,24.9,23.08,1.74,-0.02,65,23,22.9,33.46,0.0,-0.3735,0.9276,23.6,25.0,25.0,station
2024-12-09,29.1,21.9,22.8,25.0,28.8,28.2,21.5,22.8,25.0,29.3,25.52,3.33,0.16,67,43,16.0,33.51,0.0,-0.3575,0.9339,29.6,29.0,29.0,station
2024-12-10,27.4,22.4,23.4,26.9,29.6,28.5,22.6,23.8,26.7,28.7,25.94,2.98,-0.12,71,24,16.3,32.2,0.1,-0.3413,0.9399,27.3,27.0,27.0,station
2024-12-11,26.9,22.6,23.3,25.1,25.9,27.3,22.0,23.8,25.5,27.3,24.76,1.79,-0.42,75,62,15.1,26.91,0.2,-0.3251,0.9457,26.6,26.0,26.0,station
2024-12-12,23.2,20.0,22.0,22.5,23.0,23.2,20.8,23.2,23.3,23.7,22.14,1.28,-0.7,63,80,17.9,25.5,0.8,-0.3088,0.9511,25.0,24.0,24.0,station
2024-12-13,21.6,19.4,19.7,21.0,21.4,20.8,18.9,19.3,20.9,21.9,20.62,1.01,0.26,53,84,14.7,28.89,1.6,-0.2924,0.9563,22.3,21.0,21.0,station
2024-12-14,24.7,20.7,21.3,22.8,25.1,24.4,20.9,20.9,22.8,23.9,22.92,1.97,0.34,54,6,14.9,33.69,0.0,-0.2759,0.9612,24.7,24.0,24.0,station
2024-12-15,19.6,18.6,20.0,19.7,19.7,20.4,18.5,21.1,22.0,22.7,19.52,0.54,-1.42,71,53,18.4,11.52,3.0,-0.2593,0.9658,20.4,23.0,23.0,station
2024-12-16,20.5,19.2,21.4,21.5,20.4,20.1,19.0,20.5,21.2,20.3,20.6,0.93,0.38,57,55,15.3,25.57,0.0,-0.2427,0.9701,22.6,21.0,21.0,station
2024-12-17,21.5,19.8,20.3,22.3,21.8,22.1,19.9,21.2,22.6,22.1,21.14,1.05,-0.44,59,65,15.7,24.66,0.0,-0.226,0.9741,22.8,23.0,23.0,station
2024-12-18,23.2,20.6,20.7,23.5,23.9,22.3,20.5,21.3,23.3,23.6,22.38,1.6,0.18,54,5,26.6,33.41,0.0,-0.2092,0.9779,23.2,23.0,23.0,station
2024-12-19,25.7,21.4,22.4,24.7,27.0,27.8,21.3,22.9,25.9,28.4,24.24,2.31,-1.02,62,3,21.5,33.61,0.0,-0.1923,0.9813,25.8,25.0,25.0,station
2024-12-20,26.9,21.6,22.5,24.6,26.2,26.3,21.7,22.4,24.1,26.3,24.36,2.29,0.2,66,13,28.3,31.56,0.0,-0.1754,0.9845,25.0,26.0,26.0,station
2024-12-21,24.0,22.0,24.1,27.3,26.5,23.9,22.1,24.3,25.7,27.1,24.78,2.13,0.16,63,13,27.6,31.88,0.0,-0.1585,0.9874,26.1,25.0,25.0,station
2024-12-22,25.7,21.7,23.3,24.9,26.7,25.1,21.8,23.2,24.8,27.1,24.46,1.98,0.06,66,13,29.1,33.0,0.0,-0.1414,0.9899,26.6,26.0,26.0,station
2024-12-23,22.9,20.6,21.8,23.3,23.4,22.9,20.7,21.8,23.2,23.1,22.4,1.19,0.06,60,27,26.5,29.78,0.0,-0.1244,0.9922,22.9,24.0,24.0,station
2024-12-24,25.3,23.4,27.9,29.3,29.4,25.9,23.9,26.8,31.1,30.2,27.06,2.63,-0.52,56,1,25.2,33.57,0.0,-0.1073,0.9942,28.2,28.0,28.0,station
2024-12-25,31.8,25.6,28.6,29.7,34.8,30.9,26.0,28.4,29.8,34.3,30.1,3.45,0.22,57,0,13.9,33.59,0.0,-0.0902,0.9959,33.6,31.0,31.0,station
2024-12-26,32.0,23.4,30.9,33.8,31.7,35.4,23.1,29.3,33.6,32.0,30.36,4.03,-0.32,52,7,10.7,32.66,0.0,-0.073,0.9973,35.6,31.0,31.0,station
2024-12-27,23.4,21.1,23.2,23.8,23.0,22.0,21.2,21.9,23.3,24.6,22.9,1.05,0.3,70,71,20.6,21.76,0.1,-0.0559,0.9984,26.1,27.0,27.0,station
2024-12-28,27.0,22.8,24.7,26.0,28.3,26.6,22.7,24.1,26.9,29.0,25.76,2.12,-0.1,68,2,20.3,32.1,0.0,-0.0387,0.9993,27.9,27.0,27.0,station
2024-12-29,25.8,21.8,26.2,26.8,25.1,25.5,22.0,26.1,27.1,24.9,25.14,1.97,0.02,69,26,17.1,25.73,1.0,-0.0215,0.9998,27.3,25.0,25.0,station
2024-12-30,24.1,21.3,26.0,26.2,26.7,25.3,21.4,25.9,27.0,27.1,24.86,2.22,-0.48,69,42,32.3,23.81,1.2,-0.0043,1.0,26.9,24.0,24.0,station
2024-12-31,23.6,20.8,24.4,25.0,24.2,23.9,20.8,24.0,24.3,24.6,23.6,1.64,0.08,61,14,12.3,30.82,0.0,0.0129,0.9999,25.7,,,
2025-01-01,25.1,20.8,23.4,24.7,25.2,24.8,21.2,22.4,25.2,25.3,23.84,1.84,0.06,55,5,12.9,33.42,0.0,0.0172,0.9999,25.7,25.0,25.0,station
2025-01-02,25.2,22.0,22.5,23.9,25.9,24.7,22.0,22.7,24.6,26.5,23.9,1.68,-0.2,68,10,23.6,32.83,0.0,0.0344,0.9994,23.6,24.0,24.0,station
2025-01-03,27.1,22.5,23.9,25.0,27.1,26.7,22.8,23.9,24.5,28.4,25.12,2.01,-0.14,73,4,17.4,32.88,0.0,0.0516,0.9987,26.1,26.0,26.0,station
2025-01-04,26.3,22.1,26.8,27.1,25.7,26.0,22.0,26.1,27.4,25.7,25.6,2.03,0.16,63,13,14.6,32.55,0.0,0.0688,0.9976,29.0,26.0,26.0,station
2025-01-05,22.8,20.6,21.5,23.7,24.1,23.9,20.6,20.9,23.2,24.2,22.54,1.47,-0.02,63,78,16.4,22.27,0.8,0.0859,0.9963,22.4,23.0,23.0,station
2025-01-06,23.6,20.3,21.1,22.3,23.1,23.8,20.6,21.0,23.9,23.1,22.08,1.37,-0.4,52,9,23.8,33.38,0.0,0.103,0.9947,22.8,23.0,23.0,station
2025-01-07,24.9,20.8,21.8,23.7,25.3,24.5,20.8,21.6,23.5,25.0,23.3,1.95,0.22,58,37,15.7,29.57,0.0,0.1201,0.9928,24.8,24.0,24.0,station
2025-01-08,23.4,21.2,22.5,24.9,25.2,24.0,21.3,22.4,24.8,24.9,23.44,1.67,-0.04,57,52,16.4,25.83,0.0,0.1372,0.9905,24.9,25.0,25.0,station
2025-01-09,23.8,21.8,25.2,25.6,25.0,23.9,21.6,25.5,25.7,25.0,24.28,1.54,-0.06,65,42,17.4,26.6,0.1,0.1542,0.988,26.0,24.0,24.0,station
2025-01-10,24.6,21.4,22.7,23.3,26.1,24.5,21.6,22.4,23.4,25.4,23.62,1.8,0.16,66,40,19.8,29.46,0.0,0.1712,0.9852,24.0,24.0,24.0,station
2025-01-11,25.3,21.5,22.0,25.0,25.9,25.4,21.7,22.2,24.7,25.2,23.94,2.03,0.1,60,25,15.3,31.11,0.1,0.1881,0.9821,26.4,25.0,25.0,station
2025-01-12,23.2,22.2,24.0,24.4,25.2,22.9,22.2,23.5,24.7,24.9,23.8,1.15,0.16,61,26,29.3,31.51,0.1,0.205,0.9788,25.3,25.0,25.0,station
2025-01-13,29.5,23.5,25.9,28.6,29.1,29.2,23.5,25.8,27.7,29.1,27.32,2.56,0.26,61,19,18.0,32.67,0.0,0.2218,0.9751,31.2,30.0,30.0,station
2025-01-14,23.3,21.8,23.4,23.2,24.1,24.0,21.3,22.6,22.6,23.3,23.16,0.84,0.4,69,73,20.9,15.83,3.9,0.2385,0.9711,24.5,22.0,22.0,station
2025-01-15,20.3,19.4,19.8,21.2,21.7,19.9,19.4,19.7,20.1,20.7,20.48,0.96,0.52,53,41,23.3,27.67,0.5,0.2552,0.9669,21.3,22.0,22.0,station
2025-01-16,23.5,22.0,22.6,25.6,25.5,23.3,22.4,22.1,25.2,25.3,23.84,1.65,0.18,54,47,24.5,32.09,0.0,0.2718,0.9624,25.4,24.0,24.0,station
2025-01-17,28.5,23.1,25.6,27.0,29.4,30.5,23.5,25.4,27.8,29.5,26.72,2.49,-0.62,64,3,18.0,32.52,0.0,0.2883,0.9575,29.0,27.0,27.0,station
2025-01-18,25.7,21.1,22.9,24.0,27.4,25.6,21.2,23.2,25.0,28.1,24.22,2.44,-0.4,71,20,16.1,32.4,0.0,0.3047,0.9524,23.9,25.0,25.0,station
2025-01-19,24.2,21.1,25.6,25.4,24.3,24.8,21.6,26.2,25.4,25.5,24.12,1.8,-0.58,63,18,13.9,30.48,0.0,0.3211,0.9471,25.6,24.0,24.0,station
2025-01-20,23.3,21.3,22.8,24.8,24.5,23.7,21.3,22.5,24.5,24.2,23.34,1.41,0.1,61,43,28.7,28.01,0.1,0.3373,0.9414,24.1,24.0,24.0,station
2025-01-21,32.1,25.9,30.9,33.7,33.4,31.9,26.1,30.7,34.6,33.5,31.2,3.17,-0.16,52,19,18.2,31.52,0.0,0.3534,0.9355,34.7,32.0,32.0,station
2025-01-22,36.2,25.2,29.4,33.3,33.4,35.1,25.5,29.5,32.6,34.1,31.5,4.27,0.14,55,39,12.5,31.51,0.0,0.3695,0.9292,35.8,33.0,33.0,station
2025-01-23,27.5,22.3,27.3,28.4,27.9,27.2,22.0,27.2,28.3,28.7,26.68,2.48,0.0,68,80,14.9,24.21,0.9,0.3854,0.9227,28.8,27.0,27.0,station
2025-01-24,29.4,22.6,25.1,27.9,28.2,28.8,22.8,25.2,27.2,28.4,26.64,2.75,0.16,74,21,18.8,29.06,0.4,0.4012,0.916,28.5,28.0,28.0,station
2025-01-25,30.0,23.2,25.7,28.1,30.7,29.6,23.0,25.6,28.3,30.0,27.54,3.11,0.24,75,5,18.0,30.46,0.0,0.4169,0.9089,30.5,29.0,29.0,station
2025-01-26,27.1,23.6,24.9,26.6,26.9,27.2,23.3,24.9,26.7,27.2,25.82,1.52,-0.04,73,19,29.3,29.54,0.0,0.4325,0.9016,26.6,27.0,27.0,station
2025-01-27,25.8,23.9,25.6,28.5,29.0,24.7,24.0,24.6,27.4,27.9,26.56,2.14,0.84,63,40,21.6,24.53,0.0,0.4479,0.8941,27.5,,,
2025-01-28,34.3,27.0,31.1,36.1,34.5,34.2,27.2,31.2,35.7,33.9,32.6,3.62,0.16,50,28,14.9,30.51,0.0,0.4633,0.8862,35.8,,,
2025-01-29,26.7,23.2,29.3,30.0,28.8,27.7,23.5,28.6,31.7,29.9,27.6,2.75,-0.68,61,28,22.6,30.3,0.0,0.4784,0.8781,31.4,,,
2025-01-30,24.5,21.2,25.6,25.1,23.3,22.8,21.5,24.9,25.1,23.6,23.94,1.76,0.36,68,63,23.7,21.43,0.2,0.4935,0.8698,25.8,,,
2025-01-31,23.9,20.8,24.4,24.5,23.5,22.6,20.9,24.7,24.6,23.6,23.42,1.52,0.14,65,61,13.9,24.25,1.7,0.5084,0.8611,24.0,,,
2025-02-01,26.3,21.3,23.6,26.2,25.8,26.0,21.6,23.3,24.8,25.8,24.64,2.17,0.34,73,13,18.8,28.26,0.0,0.5231,0.8523,24.9,,,
2025-02-02,25.2,21.0,23.0,25.2,24.8,25.1,21.0,23.7,25.1,24.0,23.84,1.83,0.06,63,35,12.0,26.84,0.0,0.5377,0.8432,25.6,,,
2025-02-03,27.2,21.8,23.4,24.9,26.2,26.9,21.7,23.8,25.3,27.5,24.7,2.16,-0.34,68,7,17.2,30.72,0.0,0.5521,0.8338,25.3,,,
2025-02-04,27.0,21.8,23.5,24.3,26.8,26.7,21.9,23.8,24.2,26.7,24.68,2.22,0.02,73,6,17.4,30.86,0.0,0.5664,0.8242,25.2,,,
2025-02-05,21.3,20.0,20.8,22.6,21.5,21.5,19.9,20.8,22.7,22.5,21.24,0.96,-0.24,65,52,25.3,20.2,1.8,0.5805,0.8143,21.2,,,
2025-02-06,24.5,23.0,26.0,28.8,26.8,24.6,22.8,25.3,27.8,28.1,25.82,2.21,0.1,50,10,21.3,30.28,0.0,0.5944,0.8042,27.4,,,
2025-02-07,35.7,23.3,29.6,33.7,33.1,35.4,23.2,29.4,33.2,32.4,31.08,4.87,0.36,58,10,12.8,29.92,0.0,0.6081,0.7938,36.2,,,
2025-02-08,26.5,21.6,27.1,26.1,24.5,25.7,21.3,27.1,26.2,26.0,25.16,2.21,-0.1,66,62,13.7,27.53,0.9,0.6217,0.7833,26.8,,,
2025-02-09,23.2,21.1,22.4,24.0,23.6,23.0,21.3,22.5,24.0,23.2,22.86,1.15,0.06,56,9,27.9,29.82,0.0,0.6351,0.7725,23.5,,,
2025-02-10,25.2,23.3,26.1,28.0,26.5,24.5,22.9,27.3,31.4,28.3,25.82,1.73,-1.06,55,1,29.8,29.73,0.0,0.6483,0.7614,27.6,,,
2025-02-11,26.7,24.4,27.2,31.9,29.2,28.0,24.6,27.7,32.9,30.2,27.88,2.82,-0.8,59,0,22.9,30.19,0.0,0.6613,0.7502,30.7,,,
2025-02-12,30.0,21.9,28.3,26.4,28.8,28.6,22.3,27.0,26.5,28.8,27.08,3.17,0.44,69,19,21.6,28.43,0.1,0.6741,0.7387,31.9,,,
2025-02-13,23.0,20.7,22.0,23.3,23.3,23.2,20.7,21.5,23.1,22.6,22.46,1.12,0.24,57,37,27.9,29.09,0.8,0.6867,0.727,22.4,,,
2025-02-14,24.2,20.4,21.9,22.6,23.8,23.5,20.8,21.9,22.5,23.7,22.58,1.53,0.1,56,0,23.2,28.99,0.0,0.6991,0.715,22.9,,,
2025-02-15,25.2,22.2,25.1,28.0,26.2,25.0,22.1,24.8,27.7,26.0,25.34,2.11,0.22,65,1,26.9,28.44,0.0,0.7113,0.7029,26.2,,,
2025-02-16,25.3,22.0,24.2,26.8,25.1,25.3,21.8,24.4,26.5,25.2,24.68,1.77,0.04,71,3,29.0,28.67,0.0,0.7233,0.6906,25.5,,,
2025-02-17,25.8,22.3,25.0,26.6,27.5,25.8,22.4,24.5,26.7,27.3,25.44,1.99,0.1,68,0,25.5,28.41,0.0,0.735,0.678,27.4,,,
2025-02-18,25.2,21.8,24.4,27.2,26.5,25.0,22.2,24.0,26.5,26.4,25.02,2.11,0.2,70,18,30.6,27.57,0.0,0.7466,0.6653,26.3,,,
2025-02-19,34.4,24.9,31.1,33.6,30.9,34.6,25.0,30.8,33.8,30.3,30.98,3.73,0.08,50,56,16.7,24.92,0.0,0.7579,0.6523,33.8,,,
2025-02-20,35.3,21.5,30.6,32.8,31.6,33.5,21.1,30.8,34.1,29.8,30.36,5.25,0.5,56,35,14.0,25.27,0.0,0.769,0.6392,34.7,30.0,30.0,station
2025-02-21,27.3,21.2,24.4,28.5,27.0,28.0,21.5,24.1,25.8,27.1,25.68,2.92,0.38,76,57,15.2,22.97,0.4,0.7799,0.6259,27.7,26.0,26.0,station
2025-02-22,26.7,21.6,27.0,27.5,25.2,26.7,21.4,25.8,26.6,26.4,25.6,2.39,0.22,66,19,13.1,25.58,0.0,0.7906,0.6124,28.8,26.0,26.0,station
2025-02-23,24.6,21.3,22.2,23.4,23.6,24.6,21.2,22.1,23.4,23.4,23.02,1.29,0.08,60,5,21.9,27.66,0.0,0.801,0.5987,23.7,24.0,24.0,station
2025-02-24,25.3,22.2,23.6,25.5,25.3,25.6,22.3,24.1,25.8,25.8,24.38,1.44,-0.34,65,16,28.6,27.26,0.0,0.8112,0.5848,25.8,26.0,26.0,station
2025-02-25,23.9,22.8,25.2,28.4,26.6,24.2,22.9,25.7,27.6,25.9,25.38,2.21,0.12,57,29,23.4,25.54,0.0,0.8211,0.5708,26.5,27.0,27.0,station
2025-02-26,31.8,24.7,27.5,30.1,29.9,31.5,24.9,27.7,29.6,29.5,28.8,2.76,0.16,58,1,16.7,26.7,0.0,0.8308,0.5566,31.7,30.0,30.0,station
2025-02-27,27.4,21.7,27.7,28.9,26.7,28.0,23.1,26.1,28.0,27.0,26.48,2.79,0.04,65,1,17.7,25.59,0.0,0.8402,0.5422,28.2,26.0,26.0,station
2025-02-28,27.1,20.9,25.4,26.7,24.9,23.9,21.1,24.2,26.3,25.4,25.0,2.46,0.82,69,19,11.0,23.47,0.0,0.8495,0.5277,28.1,26.0,26.0,station
2025-03-01,25.0,21.8,22.8,24.1,22.9,24.4,21.6,23.0,23.6,23.6,23.32,1.24,0.08,77,45,24.0,22.53,0.0,0.8584,0.513,25.8,26.0,26.0,station
2025-03-02,32.8,24.7,28.7,33.0,29.8,32.0,24.8,28.9,31.5,30.6,29.8,3.41,0.24,59,7,16.6,24.91,0.0,0.8671,0.4981,34.6,31.0,31.0,station
2025-03-03,33.8,22.2,28.7,32.7,29.0,33.6,22.5,26.9,32.3,29.4,29.28,4.55,0.34,61,18,9.7,25.28,0.0,0.8755,0.4831,35.2,31.0,31.0,station
2025-03-04,26.4,21.3,26.3,25.7,23.9,26.9,21.5,26.2,26.5,26.7,24.72,2.16,-0.84,79,75,20.5,17.44,1.0,0.8837,0.468,26.5,26.0,26.0,station
2025-03-05,27.7,21.3,23.8,26.2,26.8,27.8,21.4,24.3,28.2,26.6,25.16,2.6,-0.5,81,34,18.4,21.87,0.0,0.8916,0.4527,27.9,26.0,26.0,station
2025-03-06,25.5,21.2,23.2,25.8,24.3,25.7,20.9,23.3,26.1,22.8,24.0,1.87,0.24,81,46,15.2,17.74,0.1,0.8993,0.4373,25.3,26.0,26.0,station
2025-03-07,26.5,22.4,25.5,27.5,26.6,26.1,22.3,24.7,26.7,26.8,25.7,1.98,0.38,67,0,17.4,25.55,0.0,0.9067,0.4218,27.8,28.0,28.0,station
2025-03-08,30.0,21.6,27.2,29.9,27.7,30.4,21.2,27.3,30.0,27.0,27.28,3.42,0.1,66,19,9.7,25.66,0.0,0.9138,0.4061,31.5,28.0,28.0,station
2025-03-09,23.6,21.0,24.8,24.8,23.7,24.6,21.0,22.7,25.3,24.8,23.58,1.55,-0.1,70,67,15.0,19.49,0.7,0.9207,0.3904,25.5,24.0,24.0,station
2025-03-10,23.1,20.7,21.6,22.5,23.4,23.1,20.9,21.3,22.8,23.7,22.26,1.11,-0.1,62,4,22.0,24.71,0.0,0.9272,0.3745,22.6,24.0,24.0,station
2025-03-11,24.2,22.7,24.3,25.4,25.3,24.3,22.8,24.1,25.6,24.8,24.38,1.09,0.06,61,0,24.1,24.47,0.0,0.9335,0.3585,26.6,25.0,25.0,station
2025-03-12,25.3,23.3,27.4,29.6,26.8,25.3,23.2,27.3,29.8,27.0,26.48,2.36,-0.04,65,1,22.5,24.79,0.0,0.9396,0.3424,28.5,25.0,25.0,station
2025-03-13,27.2,23.9,28.5,30.6,31.9,27.4,23.3,27.3,32.0,29.3,28.42,3.11,0.56,63,56,18.3,17.83,0.0,0.9453,0.3261,29.3,29.0,29.0,station
2025-03-14,33.7,24.9,29.3,33.4,32.9,33.6,25.0,28.9,34.0,33.6,30.84,3.76,-0.18,50,8,15.2,23.19,0.0,0.9508,0.3098,35.9,31.0,31.0,station
2025-03-15,25.9,20.4,26.3,29.4,25.8,25.6,20.4,25.9,28.4,25.7,25.56,3.24,0.36,63,3,14.5,23.64,0.0,0.956,0.2934,29.0,24.0,24.0,station
2025-03-16,25.9,20.2,24.3,25.3,24.5,26.2,20.2,23.6,24.8,24.1,24.04,2.24,0.26,74,69,15.1,19.77,0.1,0.9609,0.2769,26.7,27.0,27.0,station
2025-03-17,23.3,21.1,24.7,26.9,23.8,23.7,21.2,24.2,27.9,25.2,23.96,2.11,-0.48,67,29,19.1,22.65,0.0,0.9655,0.2604,27.1,26.0,26.0,station
2025-03-18,33.4,24.0,27.9,30.3,30.6,34.4,24.1,28.1,31.1,31.1,29.24,3.52,-0.52,62,0,10.0,23.33,0.0,0.9698,0.2437,31.7,31.0,31.0,station
2025-03-19,35.9,21.9,28.2,32.3,31.8,34.8,21.7,25.2,28.8,31.1,30.02,5.3,1.7,63,4,13.5,22.98,0.0,0.9739,0.227,32.8,37.0,37.0,station
2025-03-20,26.0,19.7,23.4,31.9,26.0,27.7,19.8,24.8,30.3,26.7,25.4,4.46,-0.46,76,87,15.4,12.27,9.7,0.9777,0.2102,29.1,26.0,26.0,station
2025-03-21,24.7,21.1,23.2,25.4,23.4,23.5,20.4,25.3,22.3,21.7,23.56,1.65,0.92,84,88,11.2,8.36,0.9,0.9811,0.1934,26.2,26.0,26.0,station
2025-03-22,22.5,21.5,23.7,25.9,25.4,23.6,21.6,25.2,26.3,25.3,23.8,1.87,-0.6,84,83,17.2,6.79,2.0,0.9843,0.1765,24.7,23.0,23.0,station
2025-03-23,21.9,19.9,21.9,23.7,23.5,20.9,19.8,21.9,23.8,21.5,22.18,1.53,0.6,81,83,19.6,9.23,2.9,0.9872,0.1595,22.3,21.0,21.0,station
2025-03-24,21.2,20.2,23.1,23.3,22.3,21.2,20.1,22.3,23.3,23.1,22.02,1.31,0.02,76,44,19.2,19.79,0.0,0.9898,0.1425,23.7,24.0,24.0,station
2025-03-25,21.7,19.7,21.9,21.9,20.9,20.9,19.7,21.9,21.7,21.0,21.22,0.94,0.18,72,58,19.5,16.24,2.2,0.9921,0.1255,23.5,22.0,22.0,station
2025-03-26,23.1,19.9,21.0,21.6,22.8,22.4,20.0,21.2,21.7,22.8,21.68,1.31,0.06,75,20,21.2,20.89,0.0,0.9941,0.1084,22.5,23.0,23.0,station
2025-03-27,27.6,22.1,27.0,29.2,28.6,28.0,22.5,27.0,28.8,28.2,26.9,2.82,0.0,62,35,14.6,21.68,0.0,0.9958,0.0913,29.7,28.0,28.0,station
2025-03-28,29.1,20.9,26.6,27.9,27.4,29.1,20.6,26.1,28.4,28.0,26.38,3.19,-0.06,64,0,11.2,21.27,0.0,0.9972,0.0741,30.9,29.0,29.0,station
2025-03-29,22.6,19.4,23.6,23.6,23.1,22.6,19.8,24.3,23.4,22.8,22.46,1.76,-0.12,71,47,16.2,19.29,0.2,0.9984,0.057,24.7,24.0,24.0,station
2025-03-30,21.6,19.9,20.8,22.5,21.7,21.4,20.0,19.9,22.2,23.2,21.3,0.99,-0.04,78,52,22.7,14.52,0.1,0.9992,0.0398,23.1,24.0,24.0,station
2025-03-31,24.0,20.3,20.9,22.8,25.3,24.9,20.1,21.3,22.9,25.1,22.66,2.09,-0.2,78,95,19.5,17.9,0.3,0.9997,0.0226,25.8,25.0,25.0,station
2025-04-01,22.7,20.0,20.2,21.1,22.1,22.0,19.9,20.0,21.1,21.8,21.22,1.17,0.26,71,23,18.5,17.8,0.4,1.0,0.0054,22.1,23.0,23.0,station
2025-04-02,21.9,20.6,22.7,25.1,24.3,21.6,21.0,22.2,25.7,24.6,22.92,1.81,-0.1,62,3,21.0,20.26,0.0,0.9999,-0.0118,24.5,24.0,24.0,station
2025-04-03,30.0,23.3,25.6,26.3,29.9,29.3,23.3,25.5,25.8,29.8,27.02,2.9,0.28,59,0,12.4,20.21,0.0,0.9996,-0.029,29.9,30.0,30.0,station
2025-04-04,32.0,23.2,25.4,28.1,29.3,30.6,23.0,25.2,26.9,27.8,27.6,3.42,0.9,63,5,11.3,19.15,0.0,0.9989,-0.0462,29.9,29.0,29.0,station
2025-04-05,30.6,22.1,28.6,29.5,28.7,31.2,23.2,27.2,31.4,29.6,27.9,3.34,-0.62,65,74,9.8,14.46,0.0,0.998,-0.0634,31.7,28.0,28.0,station
2025-04-06,32.3,24.1,28.4,29.0,30.6,33.0,23.9,29.4,28.1,31.1,28.88,3.07,-0.22,50,21,11.5,17.77,0.0,0.9968,-0.0805,31.8,31.0,31.0,station
2025-04-07,27.4,21.6,26.7,26.9,24.7,26.7,21.1,26.0,27.3,25.9,25.46,2.39,0.06,60,46,17.1,15.9,0.0,0.9952,-0.0977,30.9,27.0,27.0,station
2025-04-08,20.7,18.6,19.7,22.8,19.5,24.1,18.4,19.6,24.4,19.0,20.26,1.6,-0.84,89,96,13.1,5.49,21.0,0.9934,-0.1148,21.4,20.0,20.0,station
2025-04-09,21.5,19.4,19.6,22.8,21.1,20.1,19.0,20.5,22.3,20.1,20.88,1.41,0.48,88,68,10.4,8.02,0.3,0.9913,-0.1319,22.7,24.0,24.0,station
2025-04-10,25.4,21.4,22.6,24.2,27.1,25.7,21.5,21.8,23.9,26.2,24.14,2.25,0.32,86,27,8.5,17.92,0.0,0.9889,-0.1489,24.5,26.0,26.0,station
2025-04-11,24.9,20.7,26.6,27.6,25.0,24.9,20.9,25.0,27.7,26.4,24.96,2.64,-0.02,78,12,12.1,18.36,0.0,0.9861,-0.1659,27.7,25.0,25.0,station
2025-04-12,19.6,19.0,21.0,22.4,19.4,19.5,18.7,18.3,20.8,19.8,20.28,1.4,0.86,86,100,19.8,4.71,3.0,0.9831,-0.1828,19.8,19.0,19.0,station
2025-04-13,19.6,18.8,18.1,19.8,20.5,19.9,18.7,18.2,20.0,18.6,19.36,0.93,0.28,73,42,15.8,13.76,0.3,0.9799,-0.1997,19.5,21.0,21.0,station
2025-04-14,19.8,18.5,18.6,19.5,20.6,19.5,18.4,18.5,19.6,20.5,19.4,0.87,0.1,73,11,14.8,15.62,0.0,0.9763,-0.2165,19.5,20.0,20.0,station
2025-04-15,21.3,19.5,21.0,22.3,24.0,20.7,19.6,21.3,23.6,23.3,21.62,1.67,-0.08,72,2,20.7,17.86,0.0,0.9724,-0.2333,23.4,24.0,24.0,station
2025-04-16,22.6,20.1,21.8,23.7,24.3,22.2,20.1,21.0,23.3,23.6,22.5,1.65,0.46,72,7,13.5,17.87,0.0,0.9683,-0.25,24.9,23.0,23.0,station
2025-04-17,29.3,21.8,22.8,25.0,28.6,27.9,21.9,22.5,24.6,28.1,25.5,3.36,0.5,69,24,11.2,17.55,0.0,0.9638,-0.2666,27.3,27.0,27.0,station
2025-04-18,32.2,22.8,27.1,29.0,31.6,32.5,23.2,27.1,28.8,31.5,28.54,3.81,-0.08,60,16,10.1,17.37,0.0,0.9591,-0.2831,31.0,31.0,31.0,station
2025-04-19,24.7,19.5,21.0,22.6,25.1,26.0,19.9,20.9,23.6,24.5,22.58,2.39,-0.4,83,73,16.6,15.54,0.2,0.9541,-0.2996,22.7,22.0,22.0,station
2025-04-20,20.6,19.5,20.0,21.6,21.8,20.8,19.9,19.9,20.8,22.4,20.7,0.99,-0.06,78,37,25.8,15.36,0.0,0.9488,-0.316,22.5,22.0,22.0,station
2025-04-21,19.6,18.9,18.3,23.6,22.6,19.6,19.2,18.4,22.4,22.7,20.6,2.35,0.14,66,85,19.5,12.63,0.0,0.9432,-0.3322,21.3,22.0,22.0,station
2025-04-22,22.1,19.8,20.6,24.5,23.6,22.7,20.2,20.6,23.1,24.6,22.12,1.97,-0.12,61,68,15.7,14.25,0.0,0.9373,-0.3484,25.0,23.0,23.0,station
2025-04-23,23.3,19.7,21.7,24.6,23.2,23.0,20.2,21.2,24.2,23.4,22.5,1.87,0.1,68,0,12.2,16.61,0.0,0.9312,-0.3645,24.3,23.0,23.0,station
2025-04-24,24.9,18.9,20.8,22.2,24.5,25.2,19.6,20.6,23.4,24.3,22.26,2.52,-0.36,77,37,11.0,16.29,0.0,0.9248,-0.3804,24.8,25.0,25.0,station
2025-04-25,26.9,19.4,23.8,22.5,27.1,28.2,20.0,24.8,25.1,25.8,23.94,3.22,-0.84,77,36,11.7,16.23,0.0,0.9181,-0.3963,24.2,22.0,22.0,station
2025-04-26,29.5,21.1,25.2,26.5,25.5,29.0,21.0,23.5,26.1,27.5,25.56,3.02,0.14,66,49,11.5,13.67,0.0,0.9112,-0.412,26.6,31.0,31.0,station
2025-04-27,31.5,23.3,30.9,32.7,29.1,30.0,23.3,29.6,30.3,27.7,29.5,3.7,1.32,45,22,15.7,15.73,0.0,0.9039,-0.4276,34.4,31.0,31.0,station
2025-04-28,20.8,17.8,22.6,22.7,20.9,23.0,18.0,23.4,23.4,21.9,20.96,1.98,-0.98,61,49,13.9,14.02,0.0,0.8965,-0.4431,22.9,21.0,21.0,station
2025-04-29,19.8,18.1,18.0,19.5,19.0,18.6,17.7,18.2,19.3,18.4,18.88,0.81,0.44,86,78,18.2,9.57,0.0,0.8887,-0.4585,20.0,21.0,21.0,station
2025-04-30,18.3,17.6,17.6,17.8,19.2,18.3,17.7,16.5,17.5,17.5,18.1,0.68,0.6,69,48,17.5,12.15,0.4,0.8807,-0.4737,19.1,20.0,20.0,station
2025-05-01,14.9,15.3,15.5,14.5,15.1,14.8,15.3,15.5,14.7,15.7,15.06,0.38,-0.14,77,48,12.3,10.0,7.8,0.8724,-0.4888,15.9,15.0,15.0,station
2025-05-02,17.0,15.7,16.1,16.5,17.9,17.3,15.7,16.0,16.4,17.6,16.64,0.85,0.04,75,71,13.3,11.7,0.2,0.8639,-0.5037,16.5,18.0,18.0,station
2025-05-03,20.7,17.9,18.5,19.7,21.3,20.8,17.9,19.0,19.7,21.5,19.62,1.43,-0.16,69,52,8.7,15.16,0.0,0.8551,-0.5185,19.7,21.0,21.0,station
2025-05-04,26.9,19.2,23.6,25.8,26.5,25.9,19.5,23.3,24.8,25.6,24.4,3.17,0.58,68,8,9.9,14.87,0.0,0.846,-0.5331,25.0,26.0,26.0,station
2025-05-05,22.5,17.7,20.9,22.0,24.3,24.6,18.2,21.3,22.5,24.9,21.48,2.44,-0.82,74,0,10.9,14.63,0.0,0.8367,-0.5476,21.2,21.0,21.0,station
2025-05-06,23.2,17.9,19.9,22.0,23.4,23.9,17.7,20.0,21.9,23.6,21.28,2.35,-0.14,85,1,12.3,14.04,0.0,0.8272,-0.5619,20.5,22.0,22.0,station
2025-05-07,20.5,18.0,18.5,19.8,21.8,21.2,17.9,19.2,19.6,21.5,19.72,1.53,-0.16,86,44,13.7,13.02,0.0,0.8174,-0.5761,19.8,20.0,20.0,station
2025-05-08,21.6,17.7,19.0,20.7,22.2,21.9,17.7,19.3,20.4,22.2,20.24,1.86,-0.06,86,35,9.8,13.54,0.0,0.8074,-0.59,19.8,22.0,22.0,station
2025-05-09,18.1,17.1,21.1,20.7,19.2,19.4,17.3,20.8,22.2,18.9,19.24,1.69,-0.48,83,51,21.4,11.82,0.0,0.7971,-0.6038,20.6,20.0,20.0,station
2025-05-10,16.5,16.9,17.5,17.2,14.4,16.5,16.6,17.5,17.2,16.0,16.5,1.23,-0.26,85,78,24.2,8.1,16.2,0.7866,-0.6175,17.8,17.0,17.0,station
2025-05-11,17.0,16.9,17.7,18.0,16.2,17.4,16.8,17.8,17.7,16.4,17.16,0.71,-0.06,82,33,11.3,12.12,0.9,0.7759,-0.6309,18.1,18.0,18.0,station
2025-05-12,18.7,17.2,18.8,19.8,19.5,18.7,17.2,18.8,20.1,19.1,18.8,1.01,0.02,75,85,12.4,13.01,0.0,0.7649,-0.6442,20.1,19.0,19.0,station
2025-05-13,21.9,19.0,19.7,22.2,24.6,20.7,18.7,19.8,20.9,23.2,21.48,2.22,0.82,78,4,6.6,13.6,0.0,0.7537,-0.6572,21.1,23.0,23.0,station
2025-05-14,23.4,19.4,19.2,21.9,24.2,21.5,19.1,19.3,20.9,24.5,21.62,2.27,0.56,88,24,9.3,13.57,0.0,0.7423,-0.6701,21.5,20.0,20.0,station
2025-05-15,26.4,20.6,24.2,25.9,26.3,28.0,20.8,22.0,25.8,27.0,24.68,2.45,-0.04,77,8,10.1,13.23,0.0,0.7306,-0.6828,23.6,24.0,24.0,station
2025-05-16,25.8,21.5,27.1,28.8,30.3,26.1,21.2,27.6,28.8,30.0,26.7,3.37,-0.04,65,55,12.4,12.79,0.0,0.7188,-0.6952,26.7,25.0,25.0,station
2025-05-17,26.4,21.0,20.9,23.4,27.8,26.2,21.3,21.0,27.0,27.7,23.9,3.13,-0.74,83,83,7.4,12.38,0.0,0.7067,-0.7075,23.3,25.0,25.0,station
2025-05-18,23.3,19.9,24.5,24.4,23.3,22.5,19.4,24.0,23.6,22.8,23.08,1.87,0.62,64,79,13.9,9.92,0.1,0.6945,-0.7195,24.7,24.0,24.0,station
2025-05-19,18.4,18.3,20.1,20.2,18.7,18.3,18.4,19.7,19.9,19.3,19.14,0.93,0.02,81,50,24.2,9.09,0.5,0.682,-0.7314,19.9,19.0,19.0,station
2025-05-20,14.4,15.9,16.5,14.9,13.8,14.3,15.9,14.4,14.8,14.0,15.1,1.1,0.42,90,84,24.2,2.29,19.2,0.6693,-0.743,15.3,15.0,15.0,station
2025-05-21,15.7,16.1,14.2,15.2,13.7,15.1,16.2,14.8,16.4,13.9,14.98,1.01,-0.3,87,78,14.9,5.47,0.4,0.6564,-0.7544,16.4,14.0,14.0,station
2025-05-22,19.3,17.6,18.2,19.3,18.1,19.3,17.9,18.0,19.5,17.5,18.5,0.76,0.06,85,34,11.2,11.47,0.0,0.6433,-0.7656,19.3,20.0,20.0,station
2025-05-23,21.0,19.0,19.5,19.8,21.4,20.7,19.4,20.1,19.5,20.1,20.14,1.02,0.18,88,31,4.9,12.76,0.0,0.6301,-0.7765,18.9,22.0,22.0,station
2025-05-24,25.6,22.5,26.6,27.4,27.6,25.2,22.3,26.2,26.1,25.3,25.94,2.08,0.92,65,0,13.1,12.56,0.0,0.6166,-0.7873,26.6,28.0,28.0,station
2025-05-25,20.3,18.5,21.9,21.7,22.5,19.8,18.6,21.8,21.4,22.0,20.98,1.6,0.26,73,7,11.4,12.32,0.0,0.603,-0.7978,21.4,22.0,22.0,station
2025-05-26,15.6,16.6,16.0,17.1,17.1,15.8,16.5,16.1,16.8,16.9,16.48,0.67,0.06,82,77,19.5,5.11,2.2,0.5892,-0.808,16.7,18.0,18.0,station
2025-05-27,19.7,18.6,19.1,20.7,21.7,19.3,18.6,18.9,21.4,20.8,19.96,1.25,0.16,77,24,13.1,12.18,0.0,0.5752,-0.818,20.2,22.0,22.0,station
2025-05-28,17.9,17.3,19.4,17.7,19.0,17.2,17.4,19.3,17.5,18.9,18.26,0.9,0.2,77,54,31.7,6.81,6.8,0.561,-0.8278,18.5,18.0,18.0,station
2025-05-29,17.4,17.6,17.8,18.6,18.3,17.6,17.7,17.8,19.1,18.4,17.94,0.5,-0.18,83,65,24.1,9.82,4.6,0.5467,-0.8373,18.4,19.0,19.0,station
2025-05-30,17.4,17.2,17.7,17.5,18.0,17.5,17.2,17.8,17.9,17.3,17.56,0.3,0.02,83,34,17.1,10.0,0.9,0.5322,-0.8466,18.1,19.0,19.0,station
2025-05-31,17.1,16.9,18.0,18.4,19.0,17.4,17.0,18.5,18.3,18.9,17.88,0.88,-0.14,83,48,15.8,9.14,0.1,0.5176,-0.8556,18.3,18.0,18.0,station
2025-06-01,17.4,16.6,18.5,18.7,17.9,17.3,16.7,18.3,18.9,17.8,17.82,0.85,0.02,82,56,10.9,9.03,0.0,0.5028,-0.8644,18.6,18.0,18.0,station
2025-06-02,15.7,16.0,17.9,17.7,17.4,15.7,16.1,17.7,18.1,16.1,16.94,1.02,0.2,88,33,13.3,9.35,0.0,0.4878,-0.8729,17.5,17.0,17.0,station
2025-06-03,14.9,15.7,15.6,16.5,16.0,16.5,15.6,15.2,16.6,15.2,15.74,0.59,-0.08,85,86,13.5,2.75,4.7,0.4728,-0.8812,15.7,15.0,15.0,station
2025-06-04,16.3,17.0,17.9,17.7,18.1,15.7,16.8,17.8,18.4,18.2,17.4,0.74,0.02,67,50,13.3,11.75,0.0,0.4575,-0.8892,17.7,20.0,20.0,station
2025-06-05,18.6,17.0,19.3,18.9,18.8,18.9,17.2,19.5,19.2,18.3,18.52,0.89,-0.1,81,2,11.0,11.7,0.0,0.4422,-0.8969,18.7,19.0,19.0,station
2025-06-06,16.2,16.4,17.7,16.5,17.5,16.1,16.4,17.8,17.4,17.5,16.86,0.69,-0.18,81,68,23.7,6.28,0.2,0.4267,-0.9044,16.6,16.0,16.0,station
2025-06-07,15.1,15.0,15.9,15.7,13.5,15.2,15.2,15.9,15.6,13.7,15.04,0.94,-0.08,91,92,25.5,2.7,32.1,0.4111,-0.9116,14.8,15.0,15.0,station
2025-06-08,13.6,13.9,14.6,14.4,13.6,14.1,14.1,14.4,14.3,13.6,14.02,0.46,-0.08,86,67,14.1,9.7,8.2,0.3953,-0.9185,13.9,15.0,15.0,station
2025-06-09,15.4,16.0,15.2,16.3,14.6,15.0,15.9,15.5,16.1,14.0,15.5,0.67,0.2,79,24,14.5,9.23,0.1,0.3795,-0.9252,15.5,17.0,17.0,station
2025-06-10,15.9,16.2,16.1,17.5,17.7,15.9,16.3,16.1,16.7,17.1,16.68,0.85,0.26,77,5,13.4,11.0,0.0,0.3635,-0.9316,16.4,17.0,17.0,station
2025-06-11,17.6,16.2,16.2,18.2,18.7,17.1,16.4,16.6,17.9,18.1,17.38,1.15,0.16,81,17,9.4,11.27,0.0,0.3474,-0.9377,18.1,19.0,19.0,station
2025-06-12,20.4,17.7,19.1,21.4,21.0,20.6,17.7,18.2,20.6,21.2,19.92,1.52,0.26,79,18,6.0,11.47,0.0,0.3312,-0.9436,18.9,23.0,23.0,station
2025-06-13,22.6,19.6,22.7,23.7,25.7,22.4,19.8,23.2,23.1,23.5,22.86,2.21,0.46,77,12,7.6,11.46,0.0,0.3149,-0.9491,22.5,25.0,25.0,station
2025-06-14,24.8,22.7,25.4,26.6,28.4,24.8,22.5,25.3,25.7,28.5,25.58,2.12,0.22,55,34,17.5,11.37,0.0,0.2986,-0.9544,25.1,27.0,27.0,station
2025-06-15,22.6,21.3,24.8,24.6,25.9,22.3,20.9,23.4,23.9,26.7,23.84,1.85,0.4,51,92,18.9,10.79,0.0,0.2821,-0.9594,25.0,26.0,26.0,station
2025-06-16,17.4,16.3,16.0,16.4,17.8,17.1,16.2,15.6,16.7,16.2,16.78,0.78,0.42,89,100,10.4,3.36,4.5,0.2656,-0.9641,15.7,15.0,15.0,station
2025-06-17,14.4,15.5,15.1,15.2,16.3,14.6,15.8,15.3,15.4,16.5,15.3,0.69,-0.22,79,74,15.7,4.9,0.5,0.2489,-0.9685,15.3,15.0,15.0,station
2025-06-18,16.3,16.0,16.0,16.4,16.5,15.9,15.6,15.5,16.3,14.8,16.24,0.23,0.62,83,51,14.0,9.87,5.3,0.2322,-0.9727,17.2,17.0,17.0,station
2025-06-19,15.3,15.9,15.0,15.0,14.1,14.7,15.8,15.1,15.4,13.5,15.06,0.65,0.16,85,67,19.5,7.26,0.7,0.2155,-0.9765,16.1,16.0,16.0,station
2025-06-20,17.8,17.1,17.4,17.5,15.6,17.7,16.7,17.7,17.3,17.5,17.08,0.86,-0.3,86,59,17.5,7.73,2.9,0.1986,-0.9801,18.3,18.0,18.0,station
2025-06-21,18.0,17.7,18.8,18.2,18.8,18.2,17.3,18.5,17.7,17.7,18.3,0.49,0.42,82,23,13.7,11.07,0.3,0.1818,-0.9833,19.8,19.0,19.0,station
2025-06-22,15.1,15.6,15.0,16.0,15.0,15.1,15.8,14.4,15.5,15.1,15.34,0.44,0.16,92,74,15.7,3.35,5.3,0.1648,-0.9863,15.2,16.0,16.0,station
2025-06-23,16.9,16.9,16.6,16.8,17.3,16.9,16.8,16.3,17.6,15.2,16.9,0.25,0.34,83,39,14.0,8.08,0.6,0.1478,-0.989,17.3,17.0,17.0,station
2025-06-24,16.2,16.1,16.9,16.7,17.3,16.1,16.2,16.7,17.0,16.7,16.64,0.5,0.1,82,74,23.1,10.12,0.0,0.1308,-0.9914,17.3,18.0,18.0,station
2025-06-25,13.0,14.3,13.3,14.1,12.2,13.0,14.4,13.5,13.2,12.3,13.38,0.85,0.1,87,93,31.7,1.21,29.6,0.1137,-0.9935,13.1,14.0,14.0,station
2025-06-26,13.0,13.1,12.7,14.0,13.2,13.4,13.2,12.8,14.2,12.2,13.2,0.48,0.04,82,66,16.0,8.01,12.7,0.0966,-0.9953,13.4,13.0,13.0,station
2025-06-27,13.2,14.6,11.9,13.4,12.4,12.7,14.4,11.9,12.7,11.6,13.1,1.03,0.44,86,96,19.8,2.42,4.8,0.0795,-0.9968,13.3,13.0,13.0,station
2025-06-28,13.6,14.9,13.7,15.1,13.0,14.4,14.9,13.3,14.6,12.8,14.06,0.9,0.06,81,99,21.1,3.79,6.9,0.0623,-0.9981,14.7,14.0,14.0,station
2025-06-29,17.9,16.7,17.0,18.3,17.2,18.8,16.7,17.2,18.4,17.3,17.42,0.66,-0.26,91,57,14.1,7.67,2.3,0.0451,-0.999,18.4,18.0,18.0,station
2025-06-30,16.6,16.4,18.1,16.8,17.4,16.6,16.7,18.4,17.8,16.7,17.06,0.69,-0.18,84,50,13.8,10.83,0.0,0.028,-0.9996,18.0,18.0,18.0,station
2025-07-01,15.2,15.8,16.3,16.8,17.3,14.9,15.8,16.3,15.7,16.8,16.28,0.82,0.38,87,88,17.0,6.03,0.0,0.0108,-0.9999,15.9,17.0,17.0,station
2025-07-02,14.8,15.2,16.9,15.4,16.0,16.3,15.6,17.3,16.0,17.3,15.66,0.82,-0.84,92,98,12.6,3.84,7.9,-0.0065,-1.0,16.5,17.0,17.0,station
2025-07-03,12.9,14.0,13.4,13.7,13.4,12.4,14.2,13.4,14.3,14.3,13.48,0.41,-0.24,93,84,16.2,1.97,32.7,-0.0237,-0.9997,14.0,15.0,15.0,station
2025-07-04,13.8,14.5,14.5,14.8,12.9,14.3,14.8,14.3,14.7,12.4,14.1,0.76,0.0,90,80,27.8,2.68,21.0,-0.0408,-0.9992,13.7,14.0,14.0,station
2025-07-05,14.1,14.8,15.1,14.6,12.2,14.4,14.5,15.5,14.2,13.0,14.16,1.15,-0.16,90,72,16.3,6.44,3.5,-0.058,-0.9983,14.3,15.0,15.0,station
2025-07-06,14.1,14.2,14.0,13.9,12.4,13.4,14.1,14.2,13.3,12.6,13.72,0.75,0.2,82,37,12.1,8.72,7.2,-0.0752,-0.9972,14.7,15.0,15.0,station
2025-07-07,14.5,14.9,15.0,15.0,14.2,14.0,14.9,15.0,14.2,13.9,14.72,0.36,0.32,82,42,11.1,8.6,0.0,-0.0923,-0.9957,15.4,15.0,15.0,station
2025-07-08,17.1,16.0,17.4,18.7,16.7,17.2,16.4,17.5,18.3,16.5,17.18,1.0,0.0,78,91,7.4,11.51,0.0,-0.1094,-0.994,18.6,20.0,20.0,station
2025-07-09,16.2,16.5,16.9,17.9,17.9,16.5,16.6,17.2,17.5,18.0,17.08,0.79,-0.08,72,71,18.2,10.67,0.0,-0.1265,-0.992,16.8,17.0,17.0,station
2025-07-10,15.0,16.3,16.9,14.8,16.7,16.3,15.9,16.5,16.4,17.9,15.94,0.98,-0.66,85,96,19.4,6.14,3.9,-0.1436,-0.9896,16.8,15.0,15.0,station
2025-07-11,13.4,14.9,13.6,14.5,13.4,13.9,15.0,14.2,14.7,13.6,13.96,0.69,-0.32,76,75,18.5,7.71,7.7,-0.1606,-0.987,13.8,14.0,14.0,station
2025-07-12,14.6,14.7,13.6,15.1,13.7,14.1,14.7,13.5,14.4,13.7,14.34,0.66,0.26,70,9,5.6,12.18,0.0,-0.1775,-0.9841,14.9,16.0,16.0,station
2025-07-13,14.2,14.7,13.7,15.3,15.1,14.8,14.8,14.0,15.6,15.1,14.6,0.66,-0.26,78,26,10.8,9.08,0.1,-0.1944,-0.9809,15.2,15.0,15.0,station
2025-07-14,14.4,15.4,15.6,15.3,15.5,15.1,15.3,15.5,15.8,16.6,15.24,0.48,-0.42,76,33,11.9,9.35,0.0,-0.2113,-0.9774,15.9,16.0,16.0,station
2025-07-15,15.9,15.9,15.8,16.4,16.2,16.1,15.8,16.6,16.0,15.4,16.04,0.25,0.06,82,44,12.5,9.72,0.0,-0.2281,-0.9736,16.5,15.0,15.0,station
2025-07-16,16.1,15.9,16.8,15.9,17.2,16.0,16.2,17.2,16.4,17.4,16.38,0.59,-0.26,84,28,21.7,10.3,0.0,-0.2448,-0.9696,17.0,17.0,17.0,station
2025-07-17,15.6,15.9,16.0,16.0,14.9,15.7,15.8,15.5,15.7,14.2,15.68,0.47,0.3,83,59,20.0,7.56,12.9,-0.2614,-0.9652,16.3,17.0,17.0,station
2025-07-18,14.9,15.5,14.7,15.6,14.8,14.2,15.2,14.7,15.8,14.7,15.1,0.42,0.18,84,23,11.4,10.0,0.0,-0.278,-0.9606,15.0,16.0,16.0,station
2025-07-19,18.9,16.7,16.2,19.8,18.2,18.4,17.2,16.4,19.3,17.5,17.96,1.5,0.2,82,56,6.0,12.72,0.0,-0.2945,-0.9557,16.4,20.0,20.0,station
2025-07-20,18.0,16.1,17.7,19.4,20.1,18.1,16.1,16.4,19.2,19.0,18.26,1.56,0.5,84,69,9.6,12.5,0.0,-0.3109,-0.9505,18.7,20.0,20.0,station
2025-07-21,14.0,14.3,13.9,13.8,14.4,13.5,14.5,14.3,13.4,14.5,14.08,0.26,0.04,82,67,15.9,5.66,1.3,-0.3272,-0.945,14.8,15.0,15.0,station
2025-07-22,16.0,16.0,15.6,16.9,18.4,16.1,16.2,15.9,18.2,19.2,16.58,1.12,-0.54,78,0,9.6,12.88,0.0,-0.3434,-0.9392,16.9,18.0,18.0,station
2025-07-23,17.7,17.1,17.1,18.1,19.8,17.7,17.1,17.1,18.2,19.6,17.96,1.11,0.02,93,50,9.9,11.91,0.0,-0.3595,-0.9332,17.2,19.0,19.0,station
2025-07-24,16.0,15.7,15.5,18.1,16.8,15.8,15.9,15.3,17.9,17.1,16.42,1.06,0.02,83,97,12.6,6.89,0.8,-0.3755,-0.9268,16.7,16.0,16.0,station
2025-07-25,14.2,14.7,13.7,15.0,14.3,14.1,14.6,13.7,15.2,14.9,14.38,0.5,-0.12,69,88,14.9,8.96,2.1,-0.3914,-0.9202,14.6,15.0,15.0,station
2025-07-26,15.0,15.3,14.8,15.4,15.8,14.8,15.4,14.7,15.5,15.4,15.26,0.38,0.1,65,51,16.2,11.08,0.0,-0.4071,-0.9134,15.1,15.0,15.0,station
2025-07-27,17.6,17.4,16.8,19.2,20.2,17.8,17.7,17.0,18.8,20.1,18.24,1.41,-0.04,75,0,11.9,13.18,0.0,-0.4228,-0.9062,19.0,20.0,20.0,station
2025-07-28,23.6,19.5,19.9,23.4,24.4,22.1,19.2,20.9,23.6,23.7,22.16,2.28,0.26,80,0,5.7,13.54,0.0,-0.4383,-0.8988,21.0,23.0,23.0,station
2025-07-29,26.3,23.2,24.8,27.5,29.2,26.3,23.5,26.0,27.2,30.1,26.2,2.33,-0.42,53,63,23.4,12.46,0.0,-0.4537,-0.8912,26.6,28.0,28.0,station
2025-07-30,16.2,16.4,17.4,16.6,17.1,17.3,16.6,18.5,17.3,17.4,16.74,0.5,-0.68,86,99,24.8,3.76,14.6,-0.469,-0.8832,15.9,16.0,16.0,station
2025-07-31,13.3,14.8,13.6,14.5,13.1,13.2,14.8,13.8,14.0,13.0,13.86,0.75,0.1,71,46,19.9,12.01,4.5,-0.4841,-0.875,13.3,14.0,14.0,station
2025-08-01,14.7,14.8,15.1,15.0,15.0,14.4,14.9,15.1,14.6,14.5,14.92,0.16,0.22,77,46,12.4,13.54,0.0,-0.4991,-0.8666,15.6,15.0,15.0,station
2025-08-02,22.5,18.5,20.9,23.7,21.8,22.4,19.3,21.2,22.9,20.6,21.48,1.95,0.2,71,51,20.7,14.06,0.0,-0.5139,-0.8578,23.0,25.0,25.0,station
2025-08-03,19.3,17.9,19.5,20.3,22.4,18.8,17.6,18.9,18.6,21.9,19.88,1.65,0.72,58,100,23.9,12.93,0.0,-0.5286,-0.8489,21.2,20.0,20.0,station
2025-08-04,13.9,15.2,14.6,14.2,14.8,13.8,15.1,14.2,14.3,14.5,14.54,0.51,0.16,89,100,27.6,2.66,16.9,-0.5431,-0.8397,14.5,14.0,14.0,station
2025-08-05,14.4,13.7,13.8,14.2,12.9,14.2,13.4,14.3,14.1,12.7,13.8,0.58,0.06,80,58,11.7,10.74,4.3,-0.5575,-0.8302,14.8,14.0,14.0,station
2025-08-06,13.9,14.0,14.6,14.4,13.3,13.7,13.8,13.8,12.9,12.6,14.04,0.5,0.68,81,75,11.2,8.59,1.1,-0.5717,-0.8205,15.1,15.0,15.0,station
2025-08-07,16.1,15.2,16.9,16.3,15.4,16.0,15.1,17.1,16.1,14.5,15.98,0.69,0.22,79,84,9.8,10.02,0.0,-0.5857,-0.8105,17.0,15.0,15.0,station
2025-08-08,17.6,15.8,16.1,17.9,18.4,17.3,15.6,16.5,17.6,17.7,17.16,1.15,0.22,91,99,6.8,12.19,0.0,-0.5996,-0.8003,17.2,17.0,17.0,station
2025-08-09,14.9,14.6,14.9,15.7,12.9,15.3,14.6,14.1,14.9,13.0,14.6,1.03,0.22,89,91,29.6,7.79,7.8,-0.6132,-0.7899,14.4,15.0,15.0,station
2025-08-10,14.9,14.6,14.3,15.9,14.7,14.2,14.5,13.9,15.4,14.4,14.88,0.61,0.4,73,53,13.4,12.0,3.9,-0.6267,-0.7792,15.2,16.0,16.0,station
2025-08-11,17.2,15.5,14.7,17.4,17.1,16.5,15.1,14.1,17.8,16.1,16.38,1.21,0.46,79,55,11.7,13.47,0.0,-0.64,-0.7683,15.9,18.0,18.0,station
2025-08-12,16.5,15.6,16.3,17.9,17.6,16.9,15.7,15.4,16.8,17.9,16.78,0.95,0.24,83,14,11.4,13.42,0.0,-0.6532,-0.7572,16.6,18.0,18.0,station
2025-08-13,15.7,14.7,15.5,16.9,17.4,16.0,14.5,15.2,17.2,16.6,16.04,1.09,0.14,83,58,10.3,13.66,0.0,-0.6661,-0.7459,16.4,16.0,16.0,station
2025-08-14,15.5,15.2,15.0,16.9,16.5,15.8,15.1,16.2,17.9,16.2,15.82,0.83,-0.42,90,96,9.3,12.52,0.0,-0.6788,-0.7343,15.0,17.0,17.0,station
2025-08-15,16.2,15.6,17.7,17.0,18.4,16.5,15.6,16.7,17.1,17.9,16.98,1.12,0.22,88,89,11.1,7.93,0.3,-0.6914,-0.7225,16.6,17.0,17.0,station
2025-08-16,15.8,15.9,17.5,16.8,17.1,15.9,15.8,17.6,16.7,16.7,16.62,0.75,0.08,88,67,16.9,8.06,2.3,-0.7037,-0.7105,16.9,16.0,16.0,station
2025-08-17,17.9,16.8,19.4,18.7,20.3,17.9,16.9,19.6,18.8,19.9,18.62,1.35,0.0,84,42,13.6,13.04,0.0,-0.7158,-0.6983,19.5,18.0,18.0,station
2025-08-18,18.7,16.7,20.2,20.1,19.0,18.5,16.8,19.6,20.6,18.5,18.94,1.42,0.14,85,47,12.2,15.43,0.0,-0.7277,-0.6859,19.7,17.0,17.0,station
2025-08-19,17.7,16.7,18.7,17.6,18.8,17.8,16.8,19.2,18.0,15.5,17.9,0.87,0.44,85,62,11.8,11.56,3.6,-0.7394,-0.6733,18.9,18.0,18.0,station
2025-08-20,16.5,16.9,18.5,17.4,17.2,16.2,16.9,18.8,17.1,17.8,17.3,0.75,-0.06,89,94,24.1,10.71,4.4,-0.7509,-0.6605,17.7,17.0,17.0,station
2025-08-21,16.6,16.5,16.7,17.6,18.5,17.0,16.3,16.6,16.3,15.0,17.18,0.86,0.94,83,51,15.3,14.95,1.2,-0.7621,-0.6474,17.3,17.0,17.0,station
2025-08-22,15.9,16.3,16.3,15.7,16.3,15.8,15.9,16.1,16.3,16.0,16.1,0.28,0.08,75,58,19.4,14.76,2.1,-0.7731,-0.6342,17.2,17.0,17.0,station
2025-08-23,14.9,15.4,15.6,15.5,16.9,14.5,15.0,15.7,15.1,16.3,15.66,0.74,0.34,75,52,21.0,10.46,1.5,-0.7839,-0.6208,15.4,16.0,16.0,station
2025-08-24,15.5,15.1,14.9,15.2,14.8,15.4,15.1,15.3,15.7,16.5,15.1,0.27,-0.5,79,59,11.8,12.04,1.6,-0.7945,-0.6073,16.3,16.0,16.0,station
2025-08-25,17.0,16.0,16.0,18.0,18.1,16.3,16.1,15.2,17.4,17.7,17.02,1.03,0.48,74,21,13.3,15.48,0.0,-0.8048,-0.5935,16.3,18.0,18.0,station
2025-08-26,18.2,16.3,17.9,19.0,19.4,17.0,16.5,16.6,18.3,18.8,18.16,1.2,0.72,81,7,16.1,17.59,0.0,-0.8149,-0.5796,19.0,20.0,20.0,station
2025-08-27,18.9,16.6,16.2,19.4,18.7,18.4,16.7,16.5,19.5,18.9,17.96,1.45,-0.04,79,5,16.3,17.56,0.0,-0.8248,-0.5655,18.4,18.0,18.0,station
2025-08-28,20.1,17.1,18.1,19.9,20.0,20.5,16.9,17.5,20.4,20.3,19.04,1.36,-0.08,87,51,13.0,14.26,0.0,-0.8344,-0.5512,19.0,19.0,19.0,station
2025-08-29,20.2,16.8,19.5,18.1,20.2,20.1,16.7,19.3,18.5,19.1,18.96,1.48,0.22,85,68,11.2,15.77,0.0,-0.8437,-0.5368,20.0,19.0,19.0,station
2025-08-30,20.2,16.5,18.1,19.8,19.9,20.4,16.6,17.8,19.8,20.0,18.9,1.57,-0.02,84,33,13.0,16.88,0.0,-0.8528,-0.5222,19.4,20.0,20.0,station
2025-08-31,18.5,17.2,18.1,17.6,19.4,18.8,16.9,17.6,17.6,19.4,18.16,0.85,0.1,83,34,15.1,15.65,0.0,-0.8617,-0.5074,18.7,20.0,20.0,station
2025-09-01,23.6,18.7,19.7,23.2,23.6,23.0,18.9,19.7,21.2,24.2,21.76,2.37,0.36,76,3,11.2,18.97,0.0,-0.8703,-0.4925,21.5,23.0,23.0,station
2025-09-02,19.6,17.1,21.5,18.0,20.0,19.1,17.1,22.3,17.5,20.3,19.24,1.73,-0.02,78,48,12.5,18.13,0.0,-0.8786,-0.4775,20.6,19.0,19.0,station
2025-09-03,20.1,17.4,17.8,19.6,20.5,20.1,17.2,18.0,20.5,21.3,19.08,1.4,-0.34,87,71,12.1,16.45,0.0,-0.8867,-0.4623,19.3,20.0,20.0,station
2025-09-04,21.6,18.7,18.7,20.1,22.1,20.3,17.8,18.7,20.8,21.5,20.24,1.59,0.42,88,79,9.2,12.22,0.3,-0.8945,-0.447,18.9,16.0,16.0,station
2025-09-05,18.4,17.1,17.7,19.2,19.7,18.9,17.3,19.7,20.1,21.3,18.42,1.06,-1.04,81,42,22.1,17.06,0.4,-0.9021,-0.4315,17.8,19.0,19.0,station
2025-09-06,18.3,16.9,16.7,18.5,18.7,17.6,16.7,17.0,18.7,19.2,17.82,0.94,-0.02,79,9,14.7,19.62,0.0,-0.9094,-0.4159,17.1,18.0,18.0,station
2025-09-07,18.2,17.7,18.9,19.3,20.2,18.6,18.0,18.6,19.2,19.3,18.86,0.97,0.12,82,28,21.8,18.75,0.0,-0.9164,-0.4002,19.1,19.0,19.0,station
2025-09-08,26.0,21.0,23.5,25.3,25.5,25.6,20.7,23.5,24.7,26.0,24.26,2.05,0.16,76,5,10.2,19.84,0.0,-0.9232,-0.3844,26.5,26.0,26.0,station
2025-09-09,24.0,17.9,25.0,22.8,25.2,23.9,18.0,23.8,22.5,24.4,22.98,3.0,0.46,80,7,13.7,19.73,0.0,-0.9296,-0.3685,25.7,21.0,21.0,station
2025-09-10,18.9,16.3,22.0,18.0,19.6,20.0,16.5,23.0,18.5,19.9,18.96,2.1,-0.62,86,91,8.5,12.01,0.0,-0.9358,-0.3524,19.5,16.0,16.0,station
2025-09-11,19.8,17.1,19.4,19.3,18.9,17.8,17.1,19.3,18.8,17.8,18.9,1.06,0.74,78,67,16.7,10.43,0.9,-0.9418,-0.3363,19.2,19.0,19.0,station
2025-09-12,19.3,18.0,17.9,19.0,19.8,19.1,18.3,18.8,20.7,20.3,18.8,0.83,-0.64,77,3,21.1,20.77,0.0,-0.9474,-0.32,18.7,20.0,20.0,station
2025-09-13,18.9,18.0,18.9,19.5,21.2,18.6,18.1,19.8,20.8,20.1,19.3,1.19,-0.18,75,36,17.1,19.91,0.0,-0.9528,-0.3037,20.1,20.0,20.0,station
2025-09-14,22.0,17.2,18.5,20.1,22.4,21.6,17.4,19.2,20.3,22.2,20.04,2.23,-0.1,80,55,10.4,20.51,0.0,-0.9579,-0.2873,21.4,22.0,22.0,station
2025-09-15,17.8,16.4,17.8,16.7,17.9,16.9,16.5,18.1,16.6,18.0,17.32,0.71,0.1,82,100,33.2,12.05,6.7,-0.9627,-0.2707,17.9,16.0,16.0,station
2025-09-16,16.1,15.3,14.7,16.2,15.6,16.5,15.5,15.0,16.8,14.7,15.58,0.61,-0.12,71,73,16.7,17.01,4.6,-0.9672,-0.2541,17.1,17.0,17.0,station
2025-09-17,15.1,15.0,14.7,16.4,17.3,15.1,14.9,15.1,16.3,16.1,15.7,1.11,0.2,69,72,10.0,14.35,0.0,-0.9714,-0.2375,15.7,16.0,16.0,station
2025-09-18,17.6,15.9,16.3,18.0,18.6,17.6,16.3,16.2,18.0,18.1,17.28,1.14,0.04,69,64,14.4,17.39,0.0,-0.9753,-0.2207,16.8,18.0,18.0,station
2025-09-19,24.7,19.4,20.2,23.6,24.9,24.2,19.7,19.6,23.3,25.3,22.56,2.58,0.14,74,100,7.9,19.83,0.0,-0.979,-0.2039,22.3,24.0,24.0,station
2025-09-20,19.4,17.7,21.0,18.8,20.7,19.8,17.7,20.4,18.6,20.5,19.52,1.36,0.12,72,31,12.1,21.65,0.0,-0.9824,-0.187,20.4,20.0,20.0,station
2025-09-21,17.6,16.3,19.3,17.9,20.3,19.6,16.4,18.9,18.4,19.4,18.28,1.55,-0.26,84,73,20.1,8.14,0.4,-0.9854,-0.1701,17.8,19.0,19.0,station
2025-09-22,18.9,16.8,17.0,18.5,19.1,17.8,16.7,16.6,18.7,18.9,18.06,1.08,0.32,76,35,11.1,17.72,0.6,-0.9882,-0.1531,19.4,19.0,19.0,station
2025-09-23,15.6,15.0,16.3,16.0,17.7,17.3,15.3,16.8,16.3,17.9,16.12,1.01,-0.6,74,47,19.7,11.27,1.0,-0.9907,-0.1361,16.4,17.0,17.0,station
2025-09-24,17.2,17.2,18.0,18.4,19.7,17.1,16.9,18.9,19.2,19.9,18.1,1.03,-0.3,66,21,21.9,19.75,0.0,-0.9929,-0.1191,18.6,19.0,19.0,station
2025-09-25,18.5,17.9,19.0,19.7,21.3,18.7,18.2,20.3,20.6,21.4,19.28,1.31,-0.56,73,1,22.0,23.0,0.0,-0.9948,-0.102,19.4,21.0,21.0,station
2025-09-26,23.4,20.7,24.3,23.0,27.6,22.6,20.4,23.4,22.5,27.0,23.8,2.5,0.62,66,0,13.6,23.55,0.0,-0.9964,-0.0848,26.6,24.0,24.0,station
2025-09-27,23.7,18.8,21.2,23.3,24.1,22.3,18.4,21.3,22.9,26.3,22.22,2.22,-0.02,78,72,18.9,22.29,0.0,-0.9977,-0.0677,23.6,23.0,23.0,station
2025-09-28,20.0,18.2,19.2,20.7,21.0,20.2,18.2,19.8,20.8,21.7,19.82,1.14,-0.32,79,18,23.6,20.22,0.1,-0.9987,-0.0505,19.9,20.0,20.0,station
2025-09-29,21.8,19.6,23.0,23.9,26.5,22.8,20.0,22.3,24.1,26.0,22.96,2.55,-0.08,65,13,16.1,23.43,0.0,-0.9994,-0.0333,24.1,23.0,23.0,station
2025-09-30,33.9,24.7,29.4,31.2,33.6,33.7,24.3,30.4,31.4,34.0,30.56,3.76,-0.2,57,84,12.8,22.68,0.0,-0.9999,-0.0161,34.6,33.0,33.0,station
2025-10-01,17.5,16.6,17.3,16.9,18.8,18.4,16.8,18.6,17.7,18.5,17.42,0.85,-0.58,75,83,24.5,10.3,2.4,-1.0,0.0011,20.8,19.0,19.0,station
2025-10-02,16.2,16.6,16.9,17.3,18.9,16.7,16.6,17.3,17.0,18.6,17.18,1.04,-0.06,55,65,23.8,17.5,0.0,-0.9998,0.0183,18.4,17.0,17.0,station
2025-10-03,25.1,20.7,23.0,24.6,27.2,25.3,21.0,23.7,24.8,27.0,24.12,2.43,-0.24,57,15,11.7,25.19,0.0,-0.9994,0.0355,25.7,25.0,25.0,station
2025-10-04,19.8,17.9,20.7,18.7,22.2,19.0,17.6,20.8,19.2,21.6,19.86,1.69,0.22,66,86,19.8,23.52,0.2,-0.9986,0.0527,22.4,20.0,20.0,station
2025-10-05,17.1,16.7,17.8,17.5,18.1,17.0,16.6,18.1,17.4,18.2,17.44,0.55,-0.02,67,64,20.2,18.2,0.1,-0.9976,0.0698,19.1,18.0,18.0,station
2025-10-06,17.7,16.9,18.7,17.8,19.3,17.5,16.7,18.8,17.7,18.0,18.08,0.93,0.34,73,67,20.0,19.77,2.3,-0.9962,0.087,19.5,18.0,18.0,station
2025-10-07,18.4,17.5,19.8,18.7,19.2,18.9,17.4,19.6,18.3,19.7,18.72,0.86,-0.06,71,44,16.0,18.64,0.0,-0.9946,0.1041,20.6,19.0,19.0,station
2025-10-08,20.7,17.6,18.0,20.5,22.3,20.6,17.7,18.3,20.2,21.9,19.82,1.98,0.08,74,16,17.2,23.35,0.0,-0.9926,0.1212,20.9,20.0,20.0,station
2025-10-09,29.2,21.7,22.4,27.0,28.9,28.6,21.4,22.8,25.0,29.6,25.84,3.57,0.36,63,26,12.8,25.78,0.0,-0.9904,0.1383,27.3,25.0,25.0,station
2025-10-10,23.2,20.7,21.3,23.2,25.2,23.7,20.7,22.3,22.1,25.8,22.72,1.78,-0.2,75,19,18.8,26.12,0.0,-0.9879,0.1553,27.0,25.0,25.0,station
2025-10-11,23.1,19.1,20.3,22.3,23.0,23.0,19.2,19.4,23.3,24.1,21.56,1.78,-0.24,82,51,19.2,22.56,0.0,-0.9851,0.1722,24.1,22.0,22.0,station
2025-10-12,22.0,20.2,20.3,23.5,25.7,22.7,20.4,22.4,24.7,26.5,22.34,2.32,-1.0,72,5,17.4,25.84,0.0,-0.9819,0.1892,23.7,23.0,23.0,station
2025-10-13,22.0,18.6,23.1,21.2,24.3,22.7,18.9,23.5,21.3,25.3,21.84,2.15,-0.5,76,58,19.6,19.75,0.0,-0.9785,0.206,22.2,22.0,22.0,station
2025-10-14,19.6,17.7,19.5,19.6,20.4,20.3,17.7,18.9,19.1,19.9,19.36,1.0,0.18,69,64,14.6,18.42,2.2,-0.9749,0.2228,19.8,20.0,20.0,station
2025-10-15,18.6,17.0,17.2,19.0,20.5,18.4,16.9,17.3,19.7,20.0,18.46,1.43,0.0,59,63,15.5,20.91,0.2,-0.9709,0.2396,19.1,19.0,19.0,station
2025-10-16,17.6,17.3,18.1,18.4,19.4,17.2,17.5,17.8,18.5,19.7,18.16,0.81,0.02,58,74,24.0,20.73,2.8,-0.9666,0.2562,18.7,18.0,18.0,station
2025-10-17,27.4,20.3,22.0,26.0,27.1,27.3,20.0,22.4,25.6,27.4,24.56,3.21,0.02,64,48,11.0,26.8,0.0,-0.9621,0.2728,27.8,27.0,27.0,station
2025-10-18,20.2,18.0,17.7,20.3,20.9,19.9,18.1,18.1,19.8,20.8,19.42,1.46,0.08,67,56,21.1,22.73,1.1,-0.9572,0.2893,19.6,20.0,20.0,station
2025-10-19,21.1,20.2,22.6,21.9,25.8,21.0,20.4,23.4,22.0,26.2,22.32,2.14,-0.28,60,2,21.3,27.5,0.0,-0.9521,0.3057,24.5,25.0,25.0,station
2025-10-20,27.0,22.2,23.7,25.6,28.3,24.6,22.4,24.6,25.4,28.7,25.36,2.46,0.22,59,0,19.0,27.94,0.0,-0.9467,0.3221,28.8,27.0,27.0,station
2025-10-21,28.4,23.3,25.3,28.6,31.2,26.0,23.2,25.6,28.2,30.2,27.36,3.09,0.72,55,4,14.2,27.68,0.0,-0.941,0.3383,31.4,29.0,29.0,station
2025-10-22,34.1,22.8,26.4,32.2,33.3,34.6,22.2,24.3,31.7,34.2,29.76,4.93,0.36,62,8,13.8,27.46,0.0,-0.9351,0.3545,31.6,34.0,34.0,station
2025-10-23,21.5,18.1,22.7,20.0,22.1,22.5,17.9,20.9,20.2,22.4,20.88,1.85,0.1,72,49,15.7,19.65,0.0,-0.9288,0.3705,22.6,22.0,22.0,station
2025-10-24,21.3,17.8,18.4,20.7,22.0,21.0,17.6,18.4,20.6,22.2,20.04,1.84,0.08,64,29,20.9,27.27,0.0,-0.9223,0.3864,20.4,20.0,20.0,station
2025-10-25,19.2,17.0,17.6,18.5,19.2,19.2,17.3,17.8,19.1,19.3,18.3,0.98,-0.24,59,82,15.5,20.42,2.8,-0.9155,0.4022,19.5,18.0,18.0,station
2025-10-26,17.3,16.3,16.7,18.5,18.6,17.0,16.6,16.6,18.9,18.5,17.48,1.04,-0.04,62,42,15.2,24.13,3.7,-0.9085,0.4179,17.6,18.0,18.0,station
2025-10-27,19.8,17.7,19.3,19.2,19.7,19.1,17.6,19.4,18.9,19.6,19.14,0.84,0.22,60,41,13.6,22.91,0.0,-0.9012,0.4335,20.4,19.0,19.0,station
2025-10-28,21.7,18.6,19.0,21.5,22.5,21.5,18.6,19.1,21.4,22.6,20.66,1.74,0.02,72,9,22.4,28.66,0.0,-0.8936,0.4489,20.5,21.0,21.0,station
2025-10-29,21.4,19.6,19.8,21.4,22.6,21.4,19.7,19.5,21.9,22.5,20.96,1.25,-0.04,65,5,26.5,29.12,0.0,-0.8857,0.4642,21.7,21.0,21.0,station
2025-10-30,32.0,23.1,25.3,29.8,32.2,31.8,22.9,24.8,29.8,32.2,28.48,4.09,0.18,62,19,14.9,29.33,0.0,-0.8776,0.4794,31.6,30.0,30.0,station
2025-10-31,21.0,17.8,20.9,19.9,20.5,21.5,18.0,21.1,19.9,21.7,20.02,1.31,-0.42,71,64,20.3,22.69,0.7,-0.8692,0.4944,22.3,21.0,21.0,station
2025-11-01,19.8,17.3,17.6,19.3,19.7,19.5,17.2,18.0,19.0,20.0,18.74,1.2,0.0,62,59,15.6,25.04,1.9,-0.8606,0.5093,20.6,20.0,20.0,station
2025-11-02,21.7,18.5,19.1,21.2,22.9,21.1,18.4,19.9,21.3,22.7,20.68,1.84,0.0,55,16,22.3,30.04,0.0,-0.8517,0.524,21.0,21.0,21.0,station
2025-11-03,23.1,19.6,19.9,23.6,25.9,22.4,19.7,19.9,24.8,25.8,22.42,2.66,-0.1,71,24,25.1,30.32,0.0,-0.8426,0.5386,23.3,23.0,23.0,station
2025-11-04,22.6,19.9,19.9,22.7,22.8,22.2,19.7,19.7,23.0,22.8,21.58,1.54,0.1,65,15,24.5,29.37,0.0,-0.8332,0.553,22.4,22.0,22.0,station
2025-11-05,23.8,21.4,24.0,23.5,27.4,23.4,21.6,23.2,23.8,26.6,24.02,2.16,0.3,64,33,23.6,29.99,0.0,-0.8235,0.5672,27.2,25.0,25.0,station
2025-11-06,27.1,22.9,25.2,28.2,31.1,26.6,22.8,27.2,27.7,31.9,26.9,3.09,-0.34,52,34,16.3,29.41,0.0,-0.8137,0.5813,29.9,29.0,29.0,station
2025-11-07,33.3,25.5,28.7,32.0,34.5,33.1,25.4,28.4,31.7,35.0,30.8,3.67,0.08,50,17,15.1,29.82,0.0,-0.8035,0.5952,34.4,32.0,32.0,station
2025-11-08,34.1,24.3,28.7,31.5,31.3,33.0,24.3,28.2,30.6,30.8,29.98,3.71,0.6,56,35,14.0,25.52,0.0,-0.7932,0.609,30.9,29.0,29.0,station
2025-11-09,32.4,22.3,27.3,29.9,30.3,33.1,21.9,26.9,31.8,33.0,28.44,3.88,-0.9,58,36,12.9,26.65,0.0,-0.7826,0.6225,29.9,29.0,29.0,station
2025-11-10,25.5,20.6,28.6,23.9,25.6,26.8,20.5,29.2,23.3,26.1,24.84,2.92,-0.34,73,50,13.1,25.53,0.0,-0.7718,0.6359,28.6,25.0,25.0,station
2025-11-11,25.9,21.6,23.0,24.7,26.7,25.2,21.7,22.1,24.9,25.6,24.38,2.09,0.48,77,38,22.4,28.84,0.1,-0.7607,0.6491,25.9,26.0,26.0,station
2025-11-12,26.1,21.0,22.0,26.7,26.1,26.3,21.2,22.3,26.2,27.8,24.38,2.66,-0.38,75,64,15.3,29.2,0.0,-0.7494,0.6621,25.3,27.0,27.0,station
2025-11-13,25.3,22.9,25.5,27.1,26.9,25.2,22.9,23.0,26.5,27.3,25.54,1.68,0.56,61,1,22.7,31.49,0.0,-0.7379,0.6749,28.0,27.0,27.0,station
2025-11-14,24.3,21.0,23.5,23.9,24.4,23.3,21.1,21.5,23.4,24.0,23.42,1.4,0.76,70,72,30.9,29.88,0.0,-0.7262,0.6875,25.5,24.0,24.0,station
2025-11-15,21.3,19.9,20.3,21.5,22.8,21.3,20.1,20.3,22.0,22.8,21.16,1.13,-0.14,57,23,29.2,30.64,0.0,-0.7143,0.6998,22.1,22.0,22.0,station
2025-11-16,22.8,21.1,24.7,24.8,27.0,22.8,21.3,24.3,24.7,28.0,24.08,2.23,-0.14,52,7,27.2,31.27,0.0,-0.7021,0.712,25.8,24.0,24.0,station
2025-11-17,27.0,22.9,26.1,26.5,29.5,26.7,23.2,26.9,27.9,29.5,26.4,2.36,-0.44,51,22,18.7,31.18,0.0,-0.6898,0.724,30.5,29.0,29.0,station
2025-11-18,22.6,20.6,22.2,23.2,24.3,23.1,21.0,22.5,23.3,25.0,22.58,1.36,-0.4,61,2,28.3,31.68,0.0,-0.6772,0.7358,24.6,24.0,24.0,station
2025-11-19,23.6,21.1,23.9,24.1,26.5,23.3,21.4,24.7,23.8,26.0,23.84,1.92,0.0,58,3,29.2,31.7,0.0,-0.6645,0.7473,25.4,24.0,24.0,station
2025-11-20,23.3,20.8,23.3,23.2,26.0,23.3,21.0,23.3,23.2,26.3,23.32,1.84,-0.1,67,1,25.8,32.08,0.0,-0.6515,0.7586,25.1,24.0,24.0,station
2025-11-21,23.8,21.8,25.3,25.7,27.6,23.6,21.7,24.7,24.6,28.2,24.84,2.17,0.28,59,1,23.8,31.54,0.0,-0.6384,0.7697,27.6,26.0,26.0,station
2025-11-22,26.5,22.5,25.9,27.1,30.7,27.5,22.7,26.8,27.7,30.7,26.54,2.93,-0.54,62,49,22.7,31.41,0.0,-0.625,0.7806,29.9,28.0,28.0,station
2025-11-23,23.5,21.4,23.4,24.1,25.2,23.3,21.5,23.0,24.1,24.9,23.52,1.38,0.16,64,12,28.8,30.6,0.0,-0.6115,0.7912,25.4,26.0,26.0,station
2025-11-24,24.2,20.8,22.7,24.4,26.0,24.0,21.0,23.3,24.0,25.9,23.62,1.96,-0.02,67,0,23.2,32.31,0.0,-0.5978,0.8016,24.6,25.0,25.0,station
2025-11-25,35.6,24.3,28.5,32.9,34.5,35.9,24.3,28.1,33.8,35.0,31.16,4.69,-0.26,57,18,14.1,32.75,0.0,-0.584,0.8118,34.5,34.0,34.0,station
2025-11-26,25.0,21.7,23.2,26.0,26.5,24.5,21.6,23.3,25.3,26.2,24.48,2.0,0.3,74,44,22.7,31.07,0.0,-0.5699,0.8217,25.9,25.0,25.0,station
2025-11-27,28.8,23.6,30.0,28.0,30.3,27.6,23.6,29.5,29.0,32.3,28.14,2.7,-0.26,53,96,15.7,27.97,0.0,-0.5557,0.8314,32.6,31.0,31.0,station
2025-11-28,24.5,20.2,28.3,23.8,28.1,24.3,20.2,27.9,22.5,27.0,24.98,3.36,0.6,63,38,18.5,31.99,1.4,-0.5413,0.8408,27.5,23.0,23.0,station
2025-11-29,23.6,20.6,22.9,24.9,25.1,24.6,20.8,23.1,25.3,25.5,23.42,1.82,-0.44,73,51,21.6,26.11,1.9,-0.5268,0.85,24.1,25.0,25.0,station
2025-11-30,24.9,22.1,24.6,25.6,26.1,24.7,22.2,25.4,25.4,27.1,24.66,1.55,-0.3,62,6,22.4,32.65,0.0,-0.5121,0.859,27.2,26.0,26.0,station
2025-12-01,25.5,21.2,22.7,25.6,25.3,25.6,21.4,23.3,24.6,26.1,24.06,2.0,-0.14,67,32,24.1,32.35,0.0,-0.4972,0.8676,26.1,25.0,25.0,station
2025-12-02,26.0,21.4,23.6,26.2,25.6,25.0,21.5,23.0,26.0,25.3,24.56,2.05,0.4,70,6,24.3,31.77,0.0,-0.4822,0.8761,24.7,26.0,26.0,station
2025-12-03,26.9,23.4,28.3,26.7,30.6,27.5,23.6,27.7,27.4,30.7,27.18,2.62,-0.2,58,39,21.9,31.73,0.0,-0.4671,0.8842,29.6,29.0,29.0,station
2025-12-04,32.6,22.8,26.4,31.8,32.8,33.7,22.9,24.8,30.8,32.5,29.28,4.47,0.34,59,31,19.2,32.86,0.0,-0.4518,0.8921,32.4,31.0,31.0,station
2025-12-05,24.9,21.1,22.6,24.6,25.4,24.3,21.1,22.5,25.1,25.1,23.72,1.81,0.1,68,79,27.6,30.95,0.0,-0.4364,0.8998,24.9,24.0,24.0,station
2025-12-06,23.0,21.1,22.8,23.4,23.8,23.0,21.5,22.9,23.4,24.3,22.82,1.04,-0.2,55,7,29.9,33.18,0.0,-0.4208,0.9071,23.6,24.0,24.0,station
2025-12-07,26.7,22.0,23.5,26.3,25.5,25.7,22.1,23.5,26.2,26.1,24.8,1.99,0.08,60,40,21.5,28.83,0.0,-0.4052,0.9142,27.5,26.0,26.0,station
2025-12-08,25.0,20.8,22.3,24.7,24.9,25.2,21.2,22.7,24.8,24.6,23.54,1.9,-0.16,67,0,20.9,32.85,0.0,-0.3894,0.9211,23.8,24.0,24.0,station
2025-12-09,25.1,21.2,23.3,23.8,25.6,25.7,21.2,22.5,24.4,25.0,23.8,1.73,0.04,68,36,26.7,27.19,0.0,-0.3735,0.9276,24.4,25.0,25.0,station
2025-12-10,28.4,23.5,26.9,27.9,29.8,28.6,23.8,27.1,28.9,29.8,27.3,2.37,-0.34,53,17,20.1,33.26,0.0,-0.3575,0.9339,30.8,28.0,28.0,station
2025-12-11,32.7,22.2,28.1,28.8,29.9,33.0,22.2,27.7,29.7,29.6,28.34,3.85,-0.1,59,65,14.7,31.47,0.0,-0.3413,0.9399,33.6,31.0,31.0,station
2025-12-12,21.9,19.2,22.6,20.0,23.7,19.8,19.1,22.6,19.9,21.3,21.48,1.85,0.94,71,74,28.5,18.23,2.5,-0.3251,0.9457,24.4,22.0,22.0,station
2025-12-13,20.3,18.5,18.9,21.1,21.4,19.9,18.5,19.4,20.8,21.1,20.04,1.3,0.1,62,34,14.0,26.34,0.8,-0.3088,0.9511,20.6,21.0,21.0,station
2025-12-14,24.8,19.9,20.9,24.3,24.4,23.9,20.3,21.0,24.1,23.5,22.86,2.28,0.3,57,42,17.1,33.55,0.0,-0.2924,0.9563,23.7,23.0,23.0,station
2025-12-15,26.3,21.4,22.5,25.8,27.3,25.9,21.4,22.8,25.9,27.1,24.66,2.56,0.04,65,2,19.3,33.09,0.0,-0.2759,0.9612,24.7,25.0,25.0,station
2025-12-16,25.5,21.4,25.3,24.0,25.0,25.7,21.4,26.0,24.4,25.8,24.24,1.69,-0.42,66,45,15.0,31.06,1.4,-0.2593,0.9658,27.0,24.0,24.0,station
2025-12-17,22.1,19.7,20.0,21.2,21.9,21.5,19.7,20.1,21.7,22.3,20.98,1.09,-0.08,57,46,20.0,27.49,0.9,-0.2427,0.9701,21.3,22.0,22.0,station
2025-12-18,24.0,20.7,21.8,23.4,24.3,23.4,20.7,22.1,23.1,24.6,22.84,1.54,0.06,55,2,25.8,33.17,0.0,-0.226,0.9741,23.2,23.0,23.0,station
2025-12-19,23.7,21.3,22.1,23.2,25.1,23.9,21.5,23.2,23.7,25.0,23.08,1.47,-0.38,65,0,27.8,33.78,0.0,-0.2092,0.9779,23.5,23.0,23.0,station
2025-12-20,25.9,23.1,27.6,25.8,30.0,26.0,23.2,27.2,25.3,29.5,26.48,2.54,0.24,59,0,26.7,33.66,0.0,-0.1923,0.9813,30.3,29.0,29.0,station
2025-12-21,31.6,25.1,29.3,30.7,32.1,31.0,25.2,29.9,31.3,32.8,29.76,2.81,-0.28,58,1,16.7,32.53,0.0,-0.1754,0.9845,34.5,32.0,32.0,station
2025-12-22,30.6,22.9,26.8,28.3,29.1,30.5,23.2,26.6,28.4,30.7,27.54,2.93,-0.34,72,15,20.7,31.84,0.0,-0.1585,0.9874,30.8,28.0,28.0,station
2025-12-23,24.5,21.8,22.5,23.7,23.6,24.5,21.9,23.0,23.7,25.1,23.22,1.07,-0.42,73,78,27.4,20.97,0.6,-0.1414,0.9899,23.6,24.0,24.0,station
2025-12-24,24.8,22.6,27.6,25.0,27.3,24.8,22.5,24.6,24.6,28.4,25.46,2.05,0.48,64,13,24.5,32.86,0.0,-0.1244,0.9922,27.9,26.0,26.0,station
2025-12-25,28.3,23.0,25.5,27.9,28.5,27.9,22.7,24.9,27.3,28.4,26.64,2.36,0.4,65,14,23.1,32.82,0.0,-0.1073,0.9942,29.0,28.0,28.0,station
2025-12-26,26.5,22.7,25.8,25.0,28.9,25.6,23.0,26.0,25.0,27.8,25.78,2.26,0.3,63,56,23.0,29.35,0.0,-0.0902,0.9959,28.8,29.0,29.0,station
2025-12-27,25.2,22.7,25.5,25.5,28.0,25.3,22.9,26.4,25.5,28.9,25.38,1.88,-0.42,61,18,23.7,33.19,0.0,-0.073,0.9973,27.9,27.0,27.0,station
2025-12-28,28.6,23.9,28.0,28.5,31.4,29.7,24.3,27.2,28.4,31.4,28.08,2.69,-0.12,59,0,21.3,33.23,0.0,-0.0559,0.9984,30.5,29.0,29.0,station
2025-12-29,35.2,24.8,29.2,31.6,32.5,34.6,24.8,28.6,32.0,33.0,30.66,3.92,0.06,52,0,11.3,32.93,0.0,-0.0387,0.9993,35.6,32.0,32.0,station
2025-12-30,27.9,21.6,27.6,26.3,27.3,28.2,21.6,27.6,25.7,28.7,26.14,2.61,-0.22,64,30,15.5,32.42,0.0,-0.0215,0.9998,30.3,26.0,26.0,station
2025-12-31,26.4,22.1,25.7,25.3,26.6,26.8,22.1,25.5,25.8,25.6,25.22,1.82,0.06,82,91,24.9,25.7,0.0,-0.0043,1.0,26.8,,,
2026-01-01,27.3,22.0,24.3,27.4,26.8,27.8,22.1,24.2,27.3,27.2,25.56,2.36,-0.16,78,44,20.6,31.24,0.0,0.0172,0.9999,26.9,27.0,27.0,station
2026-01-02,29.6,22.8,27.3,27.5,28.4,27.9,22.5,24.5,27.9,27.4,27.12,2.58,1.08,72,37,16.2,25.87,0.6,0.0344,0.9994,29.6,28.0,28.0,station
2026-01-03,25.2,23.2,23.9,25.3,25.8,25.3,23.2,23.8,25.1,27.4,24.68,1.08,-0.28,72,61,27.0,29.32,0.0,0.0516,0.9987,26.6,27.0,27.0,station
2026-01-04,27.6,24.5,26.9,26.2,27.9,25.7,24.0,25.9,26.7,27.4,26.62,1.36,0.68,62,30,23.8,30.97,0.0,0.0688,0.9976,30.8,30.0,30.0,station
2026-01-05,30.5,22.4,26.0,27.1,28.5,28.3,22.7,25.6,26.4,28.3,26.9,3.03,0.64,68,37,17.1,32.51,0.0,0.0859,0.9963,29.7,28.0,28.0,station
2026-01-06,24.9,21.6,23.8,23.4,25.7,25.7,22.0,25.7,24.1,25.3,23.88,1.56,-0.68,73,90,18.0,15.22,1.6,0.103,0.9947,26.1,25.0,25.0,station
2026-01-07,24.9,21.0,22.1,23.8,24.2,25.0,21.2,22.7,24.9,23.9,23.2,1.6,-0.34,61,27,19.7,32.53,0.1,0.1201,0.9928,23.5,24.0,24.0,station
2026-01-08,25.3,22.0,25.0,24.2,25.0,25.4,22.1,24.9,23.9,25.4,24.3,1.35,-0.04,65,35,20.9,28.79,0.4,0.1372,0.9905,27.6,24.0,24.0,station
2026-01-09,23.7,22.1,25.5,24.1,27.1,24.0,22.4,24.8,24.5,26.9,24.5,1.89,-0.02,58,52,26.7,31.41,0.0,0.1542,0.988,26.4,26.0,26.0,station
2026-01-10,33.2,26.1,30.4,31.0,33.4,31.2,25.9,30.5,30.6,33.9,30.82,2.95,0.4,50,0,17.7,33.02,0.0,0.1712,0.9852,34.9,32.0,32.0,station
2026-01-11,31.0,24.9,28.1,29.4,32.0,31.7,24.6,28.3,30.8,31.8,29.08,2.77,-0.36,65,3,14.6,32.77,0.0,0.1881,0.9821,34.1,32.0,32.0,station
2026-01-12,26.7,22.7,24.3,26.1,26.4,26.8,22.8,25.0,26.6,26.9,25.24,1.7,-0.38,80,62,21.1,24.65,0.2,0.205,0.9788,25.6,26.0,26.0,station
2026-01-13,27.7,22.8,23.8,27.5,26.9,28.0,22.8,24.1,27.4,27.4,25.74,2.27,-0.2,72,1,19.3,32.57,0.0,0.2218,0.9751,26.6,26.0,26.0,station
2026-01-14,27.7,23.1,27.1,25.5,26.3,27.9,23.3,27.3,25.6,26.4,25.94,1.79,-0.16,62,21,22.7,31.07,1.5,0.2385,0.9711,30.0,27.0,27.0,station
2026-01-15,22.5,20.3,22.5,21.8,21.7,22.5,20.6,21.8,21.8,20.5,21.76,0.9,0.32,58,47,26.8,27.62,0.5,0.2552,0.9669,22.9,23.0,23.0,station
2026-01-16,22.3,20.7,21.1,22.4,23.4,23.3,20.8,21.8,22.5,23.5,21.98,1.08,-0.4,58,13,23.8,27.88,0.0,0.2718,0.9624,21.8,22.0,22.0,station
2026-01-17,23.8,20.9,23.8,22.7,23.7,23.6,21.3,24.2,22.7,23.8,22.98,1.25,-0.14,57,35,18.3,26.35,0.5,0.2883,0.9575,25.0,23.0,23.0,station
2026-01-18,22.5,20.2,20.5,22.5,22.6,21.8,20.2,20.3,22.8,22.2,21.66,1.2,0.2,51,30,24.5,26.14,0.0,0.3047,0.9524,21.7,23.0,23.0,station
2026-01-19,24.2,21.5,21.8,24.2,24.3,23.6,21.7,21.8,24.0,24.2,23.2,1.42,0.14,56,1,26.7,31.8,0.0,0.3211,0.9471,24.4,24.0,24.0,station
2026-01-20,26.4,24.4,29.5,27.0,31.9,26.7,24.7,29.8,28.1,31.9,27.84,2.91,-0.4,58,2,24.1,32.66,0.0,0.3373,0.9414,30.0,29.0,29.0,station
2026-01-21,27.1,23.7,26.5,27.1,29.7,27.7,24.0,26.2,25.9,29.8,26.82,2.14,0.1,62,0,25.7,32.71,0.0,0.3534,0.9355,29.5,27.0,27.0,station
2026-01-22,25.4,21.5,22.3,25.1,26.1,25.9,21.6,22.2,25.5,26.1,24.08,2.04,-0.18,68,52,18.5,23.01,0.8,0.3695,0.9292,26.6,26.0,26.0,station
2026-01-23,24.7,20.6,21.8,24.6,24.6,24.4,20.5,21.5,24.1,24.7,23.26,1.93,0.22,54,15,17.9,31.77,0.0,0.3854,0.9227,24.1,23.0,23.0,station
2026-01-24,26.9,21.4,22.7,26.1,27.4,26.9,21.8,22.7,26.1,27.5,24.9,2.68,-0.1,62,7,17.8,31.64,0.0,0.4012,0.916,26.2,25.0,25.0,station
2026-01-25,27.4,22.3,24.1,26.2,27.6,27.1,22.2,23.7,25.8,27.5,25.52,2.28,0.26,71,5,19.7,31.65,0.0,0.4169,0.9089,25.1,26.0,26.0,station
2026-01-26,28.0,22.2,24.6,27.1,27.9,27.3,22.1,24.5,28.3,28.0,25.96,2.51,-0.08,68,13,15.5,30.14,0.0,0.4325,0.9016,27.4,28.0,28.0,station
2026-01-27,27.3,22.0,23.8,26.0,27.2,26.9,21.9,24.1,23.7,26.7,25.26,2.3,0.6,66,12,18.5,29.06,0.0,0.4479,0.8941,27.1,26.0,26.0,station
2026-01-28,24.7,21.7,22.5,23.7,25.1,24.5,21.7,22.5,23.5,24.8,23.54,1.44,0.14,62,3,25.9,30.84,0.0,0.4633,0.8862,23.8,24.0,24.0,station
2026-01-29,30.2,24.4,25.6,28.5,31.0,29.5,24.2,25.4,28.4,31.0,27.94,2.86,0.24,58,0,14.3,31.01,0.0,0.4784,0.8781,31.1,30.0,30.0,station
2026-01-30,29.5,23.6,25.2,27.6,28.9,28.9,23.7,24.7,27.8,29.9,26.96,2.5,-0.04,75,2,20.0,30.79,0.0,0.4935,0.8698,29.7,29.0,29.0,station
2026-01-31,27.0,23.1,24.1,26.8,27.4,27.0,23.3,24.2,26.4,27.2,25.68,1.94,0.06,79,5,25.5,29.89,0.0,0.5084,0.8611,25.6,26.0,26.0,station
2026-02-01,27.1,22.8,25.1,28.0,28.5,26.9,23.1,24.1,27.5,28.5,26.3,2.35,0.28,78,7,22.3,30.31,0.0,0.5231,0.8523,27.7,27.0,27.0,station
2026-02-02,24.4,22.2,22.8,25.0,26.0,23.5,22.3,23.8,25.6,24.6,24.08,1.57,0.12,81,65,23.5,20.35,0.8,0.5377,0.8432,24.8,26.0,26.0,station
2026-02-03,25.3,22.9,27.5,24.9,28.6,26.8,23.5,26.7,26.3,27.2,25.84,2.25,-0.26,74,87,20.9,18.71,0.0,0.5521,0.8338,27.6,27.0,27.0,station
2026-02-04,32.0,24.5,27.7,29.2,30.2,30.5,24.6,27.9,29.2,28.8,28.72,2.83,0.52,69,92,13.4,17.52,0.2,0.5664,0.8242,30.2,29.0,29.0,station
2026-02-05,27.6,23.4,25.3,28.3,26.6,29.8,23.3,23.4,24.6,29.2,26.24,1.95,0.18,76,43,22.2,23.48,0.0,0.5805,0.8143,27.4,27.0,27.0,station
2026-02-06,26.4,23.1,23.8,25.8,27.0,25.7,23.0,24.7,25.6,26.8,25.22,1.69,0.06,74,4,22.6,29.9,0.0,0.5944,0.8042,26.7,26.0,26.0,station
2026-02-07,24.9,21.7,22.1,24.5,26.1,24.7,22.2,21.0,23.9,24.1,23.86,1.89,0.68,74,42,16.0,16.47,0.4,0.6081,0.7938,24.8,26.0,26.0,station
2026-02-08,26.6,23.8,26.7,26.3,30.8,27.4,24.1,25.3,24.9,27.4,26.84,2.51,1.02,58,42,18.8,24.2,0.2,0.6217,0.7833,29.9,30.0,30.0,station
2026-02-09,26.4,23.1,26.6,24.2,26.5,25.5,23.6,26.3,25.2,26.9,25.36,1.61,-0.14,80,68,18.0,19.89,11.4,0.6351,0.7725,26.9,26.0,26.0,station
2026-02-10,27.1,23.6,25.6,26.7,27.3,25.9,24.0,26.3,26.0,29.3,26.06,1.52,-0.24,84,20,22.3,26.22,0.0,0.6483,0.7614,26.3,27.0,27.0,station
2026-02-11,26.7,22.6,24.7,26.5,25.1,26.3,22.7,24.1,27.0,24.7,25.12,1.65,0.16,84,65,23.9,17.75,0.6,0.6613,0.7502,23.8,26.0,26.0,station
2026-02-12,23.3,22.4,23.5,24.1,24.3,22.7,22.6,23.4,24.6,25.0,23.52,0.75,-0.14,68,43,25.7,27.55,0.0,0.6741,0.7387,24.8,24.0,24.0,station
2026-02-13,22.5,20.9,21.2,23.2,23.1,23.4,21.0,20.9,23.2,23.1,22.18,1.07,-0.14,67,65,20.3,16.71,0.3,0.6867,0.727,22.3,23.0,23.0,station
2026-02-14,21.8,20.6,23.4,22.2,24.0,22.0,21.0,22.2,22.7,23.6,22.4,1.34,0.1,50,38,28.3,27.39,0.2,0.6991,0.715,23.3,23.0,23.0,station
2026-02-15,31.4,24.7,28.7,29.1,31.3,31.4,25.1,28.1,29.0,31.6,29.04,2.72,0.0,47,0,14.6,29.55,0.0,0.7113,0.7029,34.5,31.0,31.0,station
2026-02-16,39.8,26.7,31.2,34.5,33.2,38.3,26.5,31.7,35.0,33.6,33.08,4.78,0.06,45,2,13.3,29.28,0.0,0.7233,0.6906,36.7,36.0,36.0,station
2026-02-17,29.2,21.4,27.0,25.5,28.1,28.8,21.8,24.2,27.4,28.8,26.24,3.03,0.04,67,33,12.4,27.44,0.0,0.735,0.678,30.3,27.0,27.0,station
2026-02-18,26.0,21.4,26.9,26.7,26.0,27.2,21.4,27.3,25.8,27.7,25.4,2.27,-0.48,74,50,15.9,24.65,0.0,0.7466,0.6653,27.8,25.0,25.0,station
2026-02-19,26.4,21.9,24.6,25.7,26.4,25.3,22.4,24.6,26.8,28.3,25.0,1.88,-0.48,74,10,19.9,26.56,0.0,0.7579,0.6523,26.3,27.0,27.0,station
2026-02-20,29.8,24.5,28.3,28.2,31.1,29.9,24.7,27.5,28.3,31.3,28.38,2.48,0.04,63,1,18.4,27.88,0.0,0.769,0.6392,30.0,29.0,29.0,station
2026-02-21,33.6,24.4,27.9,30.5,31.6,33.9,24.1,28.0,30.9,31.2,29.6,3.56,-0.02,63,0,11.3,27.22,0.0,0.7799,0.6259,33.9,30.0,30.0,station
2026-02-22,27.0,21.4,27.9,24.4,24.9,27.4,21.6,28.8,25.8,26.0,25.12,2.53,-0.8,69,50,14.2,19.84,0.0,0.7906,0.6124,29.1,26.0,26.0,station
2026-02-23,26.5,21.5,25.0,25.1,24.7,26.8,21.6,26.4,25.9,25.5,24.56,1.85,-0.68,73,43,16.6,25.11,0.0,0.801,0.5987,28.5,27.0,27.0,station
2026-02-24,24.7,22.0,25.8,24.4,25.4,25.0,22.1,24.7,23.3,24.2,24.46,1.48,0.6,71,42,17.6,22.08,0.0,0.8112,0.5848,27.8,26.0,26.0,station
2026-02-25,24.9,22.4,25.1,24.3,25.3,24.0,22.0,24.8,23.9,24.0,24.4,1.18,0.66,70,55,18.3,21.12,0.5,0.8211,0.5708,27.2,25.0,25.0,station
2026-02-26,23.2,20.8,21.0,23.1,23.0,22.6,20.4,21.4,22.7,22.6,22.22,1.21,0.28,65,57,14.5,20.56,0.1,0.8308,0.5566,23.4,23.0,23.0,station
2026-02-27,24.2,20.4,21.4,23.6,24.1,24.3,20.7,21.2,23.4,23.0,22.74,1.73,0.22,59,28,15.0,26.33,0.0,0.8402,0.5422,24.2,24.0,24.0,station
2026-02-28,22.8,21.2,21.9,22.4,22.3,22.4,20.8,22.1,21.9,22.6,22.12,0.61,0.16,67,65,26.0,17.7,3.8,0.8495,0.5277,24.4,23.0,23.0,station
2026-03-01,17.9,17.7,17.8,18.0,18.7,18.3,17.8,18.1,18.4,18.5,18.02,0.4,-0.2,62,39,15.4,22.4,4.0,0.8584,0.513,19.5,20.0,20.0,station
2026-03-02,21.7,19.1,20.0,22.2,21.9,21.5,19.2,19.7,22.0,21.3,20.98,1.36,0.24,60,23,16.7,26.01,0.0,0.8671,0.4981,21.0,22.0,22.0,station
2026-03-03,24.1,20.2,20.6,24.2,24.9,24.1,20.4,20.3,23.6,24.5,22.8,2.22,0.22,63,17,12.6,26.1,0.0,0.8755,0.4831,23.6,23.0,23.0,station
2026-03-04,26.2,21.3,23.0,26.3,26.7,26.4,21.0,23.3,26.1,27.3,24.7,2.41,-0.12,73,12,15.5,25.68,0.0,0.8837,0.468,25.3,26.0,26.0,station
2026-03-05,23.4,21.2,25.0,23.7,25.3,26.2,21.1,23.9,23.9,26.2,23.72,1.63,-0.54,74,38,14.9,19.83,1.4,0.8916,0.4527,25.5,25.0,25.0,station
2026-03-06,21.3,20.8,24.2,22.3,22.2,21.8,20.8,23.9,22.4,23.2,22.16,1.3,-0.26,77,63,24.2,17.2,1.8,0.8993,0.4373,25.8,23.0,23.0,station
2026-03-07,21.0,19.9,19.6,20.6,21.0,21.0,19.9,19.5,20.5,21.1,20.42,0.64,0.02,50,30,23.6,22.76,0.0,0.9067,0.4218,21.9,21.0,21.0,station
2026-03-08,29.4,23.9,26.0,28.3,29.9,28.9,24.2,27.1,28.0,29.3,27.5,2.51,0.0,49,0,13.3,25.86,0.0,0.9138,0.4061,30.5,28.0,28.0,station
2026-03-09,33.8,26.3,28.6,32.4,33.8,33.3,26.6,29.0,32.1,34.2,30.98,3.37,-0.06,56,0,16.9,25.55,0.0,0.9207,0.3904,34.2,31.0,31.0,station
2026-03-10,39.8,28.4,30.3,36.7,36.6,38.3,28.2,29.8,36.8,38.2,34.36,4.8,0.1,50,2,13.9,24.02,0.0,0.9272,0.3745,36.7,35.0,35.0,station
2026-03-11,41.8,30.4,35.8,39.0,38.3,41.4,30.3,36.8,38.9,38.7,37.06,4.29,-0.16,44,8,12.3,22.54,0.0,0.9335,0.3585,42.6,41.0,41.0,station
2026-03-12,35.8,26.7,29.6,36.4,34.7,36.9,26.7,28.9,35.8,33.0,32.64,4.27,0.38,50,16,12.6,23.4,0.0,0.9396,0.3424,35.8,36.0,36.0,station
2026-03-13,27.5,24.2,24.6,28.4,28.2,29.0,24.3,25.6,30.2,28.7,26.58,2.02,-0.98,85,33,19.6,22.19,0.0,0.9453,0.3261,26.4,25.0,25.0,station
2026-03-14,27.0,25.0,26.6,27.4,28.1,25.8,25.1,25.0,26.3,28.9,26.82,1.16,0.6,70,13,19.0,23.85,0.0,0.9508,0.3098,31.1,30.0,30.0,station
2026-03-15,34.0,26.0,27.3,32.5,31.7,31.9,26.0,26.3,32.9,30.0,30.3,3.46,0.88,69,24,13.0,23.9,0.0,0.956,0.2934,30.7,31.0,31.0,station
2026-03-16,24.9,23.4,23.5,26.4,25.9,25.1,23.8,23.5,29.8,24.8,24.82,1.36,-0.58,83,82,24.8,18.39,0.0,0.9609,0.2769,26.3,26.0,26.0,station
2026-03-17,29.3,22.4,25.8,27.3,30.2,28.0,22.7,27.6,28.1,28.4,27.0,3.09,0.04,75,95,13.5,17.98,1.9,0.9655,0.2604,29.5,28.0,28.0,station
2026-03-18,27.8,22.6,26.1,26.6,28.8,28.3,23.1,27.3,26.0,28.2,26.38,2.36,-0.2,73,59,10.9,18.41,0.0,0.9698,0.2437,28.8,28.0,28.0,station
2026-03-19,24.6,21.6,25.2,23.5,24.7,23.3,21.1,25.5,23.9,26.0,23.92,1.44,-0.04,70,80,25.7,15.83,0.4,0.9739,0.227,26.6,24.0,24.0,station
2026-03-20,23.2,20.4,20.5,22.3,20.9,21.8,20.3,20.8,22.2,19.4,21.46,1.23,0.56,74,42,14.3,17.48,5.5,0.9777,0.2102,22.3,22.0,22.0,station
2026-03-21,22.7,21.0,22.9,23.1,23.9,22.7,21.4,21.9,22.9,22.9,22.72,1.06,0.36,66,1,21.3,23.06,0.0,0.9811,0.1934,24.3,25.0,25.0,station
2026-03-22,22.8,21.1,22.4,23.2,23.2,23.0,21.4,22.4,22.7,23.0,22.54,0.87,0.04,70,1,25.3,22.64,0.0,0.9843,0.1765,24.3,23.0,23.0,station
2026-03-23,27.9,23.6,29.1,27.6,30.5,28.2,23.6,29.3,27.2,29.5,27.74,2.58,0.18,56,2,16.1,22.47,0.0,0.9872,0.1595,30.7,28.0,28.0,station
2026-03-24,34.5,24.6,28.4,32.4,32.9,34.6,24.6,27.7,32.2,33.3,30.56,4.02,0.08,58,5,14.1,20.57,0.0,0.9898,0.1425,33.0,31.0,31.0,station
2026-03-25,21.8,20.2,22.5,22.2,22.1,22.5,20.6,23.8,22.8,22.9,21.76,0.91,-0.76,73,67,21.4,11.13,0.4,0.9921,0.1255,25.3,24.0,24.0,station
2026-03-26,25.4,20.3,23.7,24.8,25.2,25.2,20.5,23.9,23.5,25.7,23.88,2.11,0.12,78,33,12.6,21.21,0.0,0.9941,0.1084,26.4,26.0,26.0,station
2026-03-27,22.6,20.2,24.5,22.8,24.0,22.2,20.5,24.7,22.4,23.9,22.82,1.67,0.08,75,40,16.4,20.89,0.0,0.9958,0.0913,25.6,24.0,24.0,station
2026-03-28,23.6,20.4,23.2,22.8,23.1,23.4,20.2,23.4,22.9,23.2,22.62,1.27,0.0,63,43,13.1,20.81,0.2,0.9972,0.0741,24.8,23.0,23.0,station
2026-03-29,24.7,19.8,21.3,24.1,24.1,24.3,19.8,21.3,24.0,23.9,22.8,2.14,0.14,71,3,17.1,21.21,0.0,0.9984,0.057,23.6,24.0,24.0,station
2026-03-30,23.2,20.7,21.7,23.3,23.8,23.3,20.6,21.7,23.4,24.6,22.54,1.29,-0.18,70,1,21.5,21.11,0.0,0.9992,0.0398,22.9,23.0,23.0,station
2026-03-31,31.1,22.4,26.7,28.0,27.8,27.9,21.7,25.7,27.2,26.5,27.2,3.14,1.4,71,11,12.2,21.18,0.0,0.9997,0.0226,31.1,30.0,30.0,station
2026-04-01,24.5,22.4,23.3,25.1,26.0,24.7,22.3,22.4,25.1,25.3,24.26,1.43,0.3,84,43,20.8,19.34,0.0,1.0,0.0054,24.9,26.0,26.0,station
2026-04-02,27.0,22.2,25.6,28.7,28.1,31.7,21.9,27.1,28.9,29.7,26.32,2.59,-1.54,81,100,12.9,11.6,11.0,0.9999,-0.0118,29.9,26.0,26.0,station
2026-04-03,22.0,20.3,21.5,23.9,25.9,25.0,20.9,24.1,24.2,26.0,22.72,2.2,-1.32,83,53,11.6,14.68,8.8,0.9996,-0.029,23.6,25.0,25.0,station
2026-04-04,21.6,20.5,23.3,21.7,22.7,21.4,20.5,23.0,21.7,25.4,21.96,1.08,-0.44,82,25,11.6,17.42,0.0,0.9989,-0.0462,23.0,23.0,23.0,station
2026-04-05,21.4,20.1,20.1,21.0,21.7,21.3,19.7,20.1,21.4,21.7,20.86,0.74,0.02,70,45,13.0,17.74,0.4,0.998,-0.0634,21.2,29.0,29.0,station
2026-04-06,20.3,20.1,19.8,21.2,21.7,20.2,19.8,19.9,21.4,21.3,20.62,0.8,0.1,69,34,19.1,14.15,0.1,0.9968,-0.0805,20.0,21.0,21.0,station
2026-04-07,24.5,22.2,22.8,24.8,25.4,24.8,22.2,22.9,24.8,25.6,23.94,1.37,-0.12,73,0,11.7,19.52,0.0,0.9952,-0.0977,23.9,25.0,25.0,station
2026-04-08,35.5,25.5,29.1,31.7,31.9,34.5,25.1,28.3,32.2,30.9,30.74,3.71,0.54,67,41,12.5,18.4,0.0,0.9934,-0.1148,30.7,33.0,33.0,station
2026-04-09,33.1,24.9,27.3,32.4,31.9,31.9,23.3,25.6,31.0,31.8,29.92,3.61,1.2,66,9,7.2,18.14,0.0,0.9913,-0.1319,32.2,32.0,32.0,station
2026-04-10,27.4,21.6,28.2,,27.5,25.5,22.8,27.0,26.4,28.8,26.18,3.07,0.07,67,58,14.4,16.58,0.1,0.9889,-0.1489,27.9,24.0,24.0,station
2026-04-11,22.8,21.8,21.6,,24.1,22.2,22.7,21.9,24.9,24.6,22.58,1.14,-0.68,79,65,12.1,11.94,0.6,0.9861,-0.1659,22.1,23.0,23.0,station
2026-04-12,24.7,21.4,21.2,,24.0,23.5,22.9,21.3,23.6,24.1,22.82,1.79,-0.26,80,4,16.4,17.6,0.0,0.9831,-0.1828,23.8,25.0,25.0,station
2026-04-13,28.5,21.8,23.2,27.3,27.4,28.1,22.1,22.4,25.5,26.8,25.64,2.95,0.66,73,0,9.5,18.19,0.0,0.9799,-0.1997,27.3,28.0,28.0,station
2026-04-14,23.6,20.8,23.7,22.3,22.9,23.3,20.9,23.3,21.4,22.8,22.66,1.18,0.32,77,35,13.3,16.89,0.9,0.9763,-0.2165,24.7,23.0,23.0,station
2026-04-15,20.4,19.3,18.4,20.1,20.1,20.8,19.1,18.6,20.4,19.5,19.66,0.81,-0.02,63,63,10.5,14.6,0.7,0.9724,-0.2333,21.1,21.0,21.0,station
2026-04-16,21.3,19.3,19.5,21.1,21.3,21.2,19.3,20.0,21.3,20.9,20.5,1.01,-0.04,60,4,9.6,18.04,0.0,0.9683,-0.25,22.3,21.0,21.0,station
2026-04-17,14.4,16.0,17.7,15.5,15.2,15.7,16.0,18.9,15.9,16.3,15.76,1.23,-0.8,80,95,20.1,2.41,22.2,0.9638,-0.2666,15.2,16.0,16.0,station
2026-04-18,15.7,16.2,17.8,16.3,16.3,15.8,16.3,17.9,16.2,14.5,16.46,0.79,0.32,85,77,19.6,7.44,1.3,0.9591,-0.2831,16.4,17.0,17.0,station
2026-04-19,15.2,15.8,16.9,16.3,13.6,14.7,15.8,16.1,16.3,13.6,15.56,1.26,0.26,81,81,28.8,6.96,11.3,0.9541,-0.2996,16.8,16.0,16.0,station
2026-04-20,16.5,16.4,17.0,16.5,15.3,16.2,16.2,16.7,16.6,16.0,16.34,0.63,0.0,74,55,19.8,13.0,4.6,0.9488,-0.316,17.0,17.0,17.0,station
2026-04-21,16.3,16.3,16.2,17.4,15.8,17.1,16.5,18.7,17.4,15.1,16.4,0.6,-0.56,79,73,18.2,6.08,2.2,0.9432,-0.3322,16.5,17.0,17.0,station
2026-04-22,18.5,18.3,19.5,19.6,19.0,18.4,18.3,19.5,19.5,19.1,18.98,0.58,0.02,66,34,16.2,15.51,0.0,0.9373,-0.3484,19.7,20.0,20.0,station
2026-04-23,21.5,20.2,20.7,23.0,22.1,21.5,20.4,20.7,23.3,21.4,21.5,1.11,0.04,77,13,8.6,17.24,0.0,0.9312,-0.3645,20.3,23.0,23.0,station
2026-04-24,26.5,22.0,25.9,28.7,28.2,26.0,22.3,25.0,27.4,27.1,26.26,2.65,0.7,73,0,7.5,16.26,0.0,0.9248,-0.3804,26.8,28.0,28.0,station
2026-04-25,19.4,19.4,23.4,21.0,22.7,20.1,19.3,23.4,21.0,24.5,21.18,1.84,-0.48,75,15,21.0,13.01,0.0,0.9181,-0.3963,21.6,21.0,21.0,station
2026-04-26,16.0,16.4,17.4,16.3,15.2,15.3,16.3,17.6,17.8,15.0,16.26,0.79,-0.14,88,79,18.6,2.2,13.7,0.9112,-0.412,15.4,17.0,17.0,station
2026-04-27,16.2,16.2,15.5,16.4,15.4,16.0,16.0,15.6,16.5,14.0,15.94,0.46,0.32,67,44,11.3,13.42,0.4,0.9039,-0.4276,17.1,17.0,17.0,station
2026-04-28,16.5,17.0,16.9,17.6,17.8,16.6,17.2,17.0,17.4,16.8,17.16,0.53,0.16,80,31,15.3,13.2,0.3,0.8965,-0.4431,17.8,18.0,18.0,station
2026-04-29,18.7,18.3,18.3,19.8,20.8,18.7,18.4,18.4,19.4,19.5,19.18,1.09,0.3,79,0,13.0,16.07,0.0,0.8887,-0.4585,18.5,20.0,20.0,station
2026-04-30,17.7,17.9,17.6,18.9,20.0,17.8,17.9,17.3,19.1,19.8,18.42,1.02,0.04,81,8,16.6,15.64,0.0,0.8807,-0.4737,17.8,19.0,19.0,station
2026-05-01,17.1,17.1,18.7,18.3,19.1,16.5,17.2,18.1,18.5,19.4,18.06,0.92,0.12,72,86,24.7,6.3,0.0,0.8724,-0.4888,18.7,18.0,18.0,station
2026-05-02,16.3,17.1,17.0,17.2,16.0,17.0,17.4,19.3,17.8,20.4,16.72,0.54,-1.66,73,100,23.4,3.37,2.1,0.8639,-0.5037,18.2,18.0,18.0,station
2026-05-03,20.3,19.6,22.6,21.0,20.7,20.9,19.5,23.0,22.7,20.8,20.84,1.11,-0.54,80,69,16.3,11.64,0.5,0.8551,-0.5185,21.7,19.0,19.0,station
2026-05-04,18.0,17.1,18.8,18.1,17.7,18.3,17.4,18.8,18.4,17.5,17.94,0.62,-0.14,84,58,22.0,10.3,24.3,0.846,-0.5331,18.7,19.0,19.0,station
2026-05-05,16.4,16.1,17.8,17.1,17.4,17.1,16.3,17.8,17.9,16.8,16.96,0.7,-0.22,80,19,10.5,13.08,1.6,0.8367,-0.5476,18.0,18.0,18.0,station
2026-05-06,17.3,17.8,18.0,18.3,19.4,17.4,17.9,18.2,18.4,19.8,18.16,0.78,-0.18,86,58,19.1,8.69,2.5,0.8272,-0.5619,18.9,20.0,20.0,station
2026-05-07,18.0,17.8,18.0,18.7,19.4,17.5,17.6,18.3,18.8,19.6,18.38,0.66,0.02,79,32,15.2,12.61,0.0,0.8174,-0.5761,17.9,19.0,19.0,station
2026-05-08,18.2,17.9,18.4,19.8,20.7,18.2,18.1,18.7,19.6,20.4,19.0,1.2,0.0,83,30,7.1,13.53,0.0,0.8074,-0.59,18.9,20.0,20.0,station
2026-05-09,17.3,17.3,18.8,18.1,19.2,17.0,17.2,19.1,18.8,19.7,18.14,0.86,-0.22,80,57,22.2,13.07,0.0,0.7971,-0.6038,18.8,19.0,19.0,station
2026-05-10,13.5,14.5,14.8,14.6,12.6,13.5,14.7,14.1,14.4,12.5,14.0,0.93,0.16,79,88,27.7,8.11,28.7,0.7866,-0.6175,14.4,15.0,15.0,station
2026-05-11,17.0,17.8,17.7,18.1,16.3,17.1,17.8,17.9,18.2,16.8,17.38,0.73,-0.18,87,100,44.0,1.39,65.6,0.7759,-0.6309,17.5,18.0,18.0,station
2026-05-12,17.4,17.9,17.3,18.8,16.9,18.2,17.5,17.9,19.0,17.1,17.66,0.73,-0.28,87,73,29.9,6.27,21.8,0.7649,-0.6442,19.4,18.0,18.0,station
2026-05-13,17.2,17.1,16.6,16.9,16.1,17.1,16.9,16.2,17.7,16.1,16.78,0.44,-0.02,70,88,10.2,8.32,0.1,0.7537,-0.6572,17.7,18.0,18.0,station
2026-05-14,18.5,17.4,18.9,18.3,18.1,18.0,17.2,16.8,18.1,17.1,18.24,0.55,0.8,78,32,9.6,13.1,0.0,0.7423,-0.6701,19.3,18.0,18.0,station
2026-05-15,19.1,18.0,18.1,19.7,19.7,19.0,18.1,18.2,19.6,19.8,18.92,0.83,-0.02,85,24,11.7,12.18,0.0,0.7306,-0.6828,18.6,19.0,19.0,station
2026-05-16,20.4,18.6,19.4,21.2,21.0,19.5,18.6,19.5,21.1,21.3,20.12,1.1,0.12,89,34,6.0,13.29,0.0,0.7188,-0.6952,19.8,22.0,22.0,station
2026-05-17,18.0,19.0,18.6,20.6,21.1,17.9,18.8,18.5,19.8,20.2,19.46,1.33,0.42,91,72,16.0,12.82,0.0,0.7067,-0.7075,19.8,20.0,20.0,station
2026-05-18,19.9,19.7,20.6,21.3,23.1,19.8,19.4,20.6,21.0,23.3,20.92,1.37,0.1,83,85,9.4,10.03,0.0,0.6945,-0.7195,22.5,23.0,23.0,station
2026-05-19,22.3,19.7,21.6,21.4,24.9,21.3,19.7,21.8,23.2,23.8,21.98,1.89,0.02,81,60,7.8,10.25,1.7,0.682,-0.7314,23.5,24.0,24.0,station
2026-05-20,21.5,19.2,20.8,22.2,24.1,21.8,19.5,20.5,23.5,23.9,21.56,1.8,-0.28,87,32,11.5,11.9,0.0,0.6693,-0.743,22.0,23.0,23.0,station
2026-05-21,17.1,17.1,20.8,21.2,19.3,16.7,16.8,20.4,18.7,20.9,19.1,1.96,0.4,87,50,11.9,9.93,0.0,0.6564,-0.7544,19.2,16.0,16.0,station
2026-05-22,16.9,16.3,18.1,18.6,16.8,17.0,17.0,18.5,19.0,17.7,17.34,0.97,-0.5,88,72,9.7,3.9,1.5,0.6433,-0.7656,17.4,17.0,17.0,station
2026-05-23,19.8,17.6,18.4,20.1,20.4,19.8,17.5,18.9,19.5,21.2,19.26,1.2,-0.12,94,71,7.7,9.51,0.0,0.6301,-0.7765,19.0,21.0,21.0,station
2026-05-24,18.5,17.4,18.8,18.3,18.8,18.9,17.5,18.6,18.3,19.5,18.36,0.58,-0.2,92,94,11.7,10.63,0.0,0.6166,-0.7873,18.4,19.0,19.0,station
2026-05-25,21.3,18.3,21.4,22.4,20.4,19.1,18.0,21.5,21.5,20.9,20.76,1.55,0.56,90,69,7.8,11.8,0.0,0.603,-0.7978,23.2,21.0,21.0,station
2026-05-26,19.5,17.6,19.6,19.7,20.2,18.8,17.6,19.3,19.2,19.2,19.32,1.0,0.5,86,80,10.8,7.41,0.0,0.5892,-0.808,19.9,19.0,19.0,station
2026-05-27,17.6,17.3,19.6,19.1,19.1,16.3,17.1,19.7,19.0,18.8,18.54,1.02,0.36,89,77,11.7,8.2,0.3,0.5752,-0.818,19.0,17.0,17.0,station
2026-05-28,17.0,17.5,19.6,19.2,18.6,17.5,17.5,19.1,19.1,18.6,18.38,1.11,0.02,89,82,9.8,6.3,0.7,0.561,-0.8278,19.3,19.0,19.0,station
2026-05-29,18.5,17.7,17.6,18.8,19.3,18.2,18.1,19.1,18.8,20.6,18.38,0.73,-0.58,79,58,11.8,10.74,0.0,0.5467,-0.8373,18.8,20.0,20.0,station
2026-05-30,18.2,17.7,17.7,19.7,19.4,18.0,17.7,17.8,19.0,19.1,18.54,0.95,0.22,92,24,13.7,11.97,0.0,0.5322,-0.8466,18.7,19.0,19.0,station
2026-05-31,25.9,19.5,22.6,21.5,22.6,22.7,18.4,21.5,24.3,21.4,22.42,2.32,0.76,91,68,8.5,11.43,0.0,0.5176,-0.8556,24.0,26.0,26.0,station
2026-06-01,18.6,17.2,21.2,20.0,17.4,17.5,16.8,21.0,19.0,19.7,18.88,1.71,0.08,92,96,6.7,9.58,0.0,0.5028,-0.8644,20.5,20.0,20.0,station
2026-06-02,17.2,17.8,18.1,19.0,17.5,17.5,17.8,16.6,18.3,17.2,17.92,0.69,0.44,87,78,19.9,7.96,1.1,0.4878,-0.8729,19.0,20.0,20.0,station
2026-06-03,16.3,16.9,16.4,17.3,22.0,16.6,16.9,16.3,17.4,19.2,17.78,2.39,0.5,74,93,21.7,7.6,3.8,0.4728,-0.8812,16.5,17.0,17.0,station
2026-06-04,16.4,16.6,16.6,17.3,23.4,16.4,16.8,16.3,18.2,17.2,18.06,3.0,1.08,65,22,21.2,11.17,0.0,0.4575,-0.8892,17.2,18.0,18.0,station
2026-06-05,17.3,16.2,16.4,17.4,,17.4,16.2,16.8,17.5,17.2,16.82,0.61,-0.2,77,13,8.4,10.62,0.0,0.4422,-0.8969,16.7,18.0,18.0,station
2026-06-06,17.3,16.7,17.7,18.2,,17.4,16.9,17.7,18.1,17.9,17.48,0.63,-0.12,73,47,9.7,11.62,0.1,0.4267,-0.9044,17.9,18.0,18.0,station
2026-06-07,19.8,17.3,18.9,19.5,,19.7,16.9,19.9,19.0,18.3,18.88,1.11,0.12,70,88,9.6,7.3,0.0,0.4111,-0.9116,18.9,19.0,19.0,station
2026-06-08,16.5,16.1,17.3,14.8,,16.8,16.5,15.5,16.0,17.4,16.18,1.04,-0.27,93,81,7.3,3.11,10.6,0.3953,-0.9185,15.7,16.0,16.0,station
2026-06-09,17.8,16.3,17.5,17.4,,18.2,16.2,17.3,17.5,19.1,17.25,0.66,-0.41,91,16,8.4,10.95,0.0,0.3795,-0.9252,18.3,17.0,17.0,station
2026-06-10,17.7,15.4,18.9,17.7,19.1,17.0,15.0,19.5,17.1,19.4,17.76,1.47,0.16,95,92,6.5,10.14,0.0,0.3635,-0.9316,16.7,17.0,17.0,station
2026-06-11,16.1,15.8,18.8,17.3,16.1,16.1,16.5,18.6,17.6,17.8,16.82,1.25,-0.5,87,91,24.1,5.54,4.5,0.3474,-0.9377,17.5,16.0,16.0,station
2026-06-12,16.5,16.8,16.5,16.4,14.9,16.4,16.7,16.5,16.3,15.2,16.22,0.75,0.0,76,36,17.8,10.52,1.9,0.3312,-0.9436,16.9,18.0,18.0,station
2026-06-13,16.5,16.0,16.3,16.0,16.7,16.4,15.8,16.1,15.7,16.4,16.3,0.31,0.22,83,35,8.3,10.79,0.0,0.3149,-0.9491,17.0,17.0,17.0,station
2026-06-14,14.1,14.2,16.3,15.6,16.2,12.7,14.1,16.3,15.1,14.9,15.28,1.07,0.66,90,22,16.0,8.4,4.7,0.2986,-0.9544,15.3,16.0,16.0,station
2026-06-15,15.3,15.4,15.7,15.3,15.8,15.3,15.5,15.6,16.2,16.2,15.5,0.23,-0.26,83,30,14.0,10.31,0.6,0.2821,-0.9594,15.6,17.0,17.0,station
2026-06-16,17.0,17.7,17.7,19.9,19.5,16.6,17.4,17.6,18.9,19.8,18.36,1.26,0.3,78,1,8.7,11.25,0.0,0.2656,-0.9641,19.4,21.0,21.0,station
2026-06-17,17.6,17.9,18.7,19.6,20.3,18.6,17.9,19.2,20.3,20.6,18.82,1.13,-0.5,90,33,13.6,10.72,0.0,0.2489,-0.9685,19.4,21.0,21.0,station
2026-06-18,17.8,17.6,18.6,19.7,19.8,17.5,17.3,18.6,19.1,19.9,18.7,1.03,0.22,80,22,20.4,10.54,0.0,0.2322,-0.9727,18.9,19.0,19.0,station
2026-06-19,20.1,19.2,20.7,21.1,22.4,19.4,19.2,20.2,21.2,22.7,20.7,1.19,0.16,86,21,11.7,11.31,0.0,0.2155,-0.9765,21.8,22.0,22.0,station
2026-06-20,25.6,21.3,23.7,24.4,27.0,25.5,21.5,22.8,24.1,25.6,24.4,2.14,0.5,76,5,6.3,10.97,0.0,0.1986,-0.9801,24.1,27.0,27.0,station
2026-06-21,23.7,19.2,21.1,22.5,24.1,23.0,18.8,20.7,23.6,24.0,22.12,2.01,0.1,79,71,7.2,9.2,0.5,0.1818,-0.9833,21.3,22.0,22.0,station
2026-06-22,16.9,16.2,20.6,18.8,18.0,17.7,16.2,21.2,20.0,18.5,18.1,1.72,-0.62,89,88,17.1,7.72,2.6,0.1648,-0.9863,18.9,14.0,14.0,station
2026-06-23,15.4,15.9,15.9,17.1,16.2,15.7,16.1,17.0,16.5,16.8,16.1,0.63,-0.32,84,90,24.2,5.91,9.3,0.1478,-0.989,17.3,17.0,17.0,station
2026-06-24,16.2,16.5,15.3,17.5,15.2,15.8,16.4,15.6,17.3,15.9,16.14,0.94,-0.06,86,98,12.4,8.34,0.9,0.1308,-0.9914,16.8,17.0,17.0,station
2026-06-25,21.3,18.4,21.1,21.0,20.7,21.0,18.5,19.1,21.4,18.2,20.5,1.19,0.86,89,35,8.0,10.58,0.1,0.1137,-0.9935,20.1,22.0,22.0,station
2026-06-26,20.5,18.5,19.8,21.5,20.1,19.8,16.9,20.0,17.5,19.6,20.08,1.09,1.32,95,68,10.9,10.02,0.0,0.0966,-0.9953,18.7,19.0,19.0,station
2026-06-27,16.2,15.7,19.4,17.8,17.1,16.4,16.4,19.5,18.2,17.4,17.24,1.45,-0.34,91,76,17.1,7.14,0.0,0.0795,-0.9968,18.1,17.0,17.0,station
2026-06-28,14.2,15.1,15.2,15.0,14.0,14.1,15.0,15.3,14.6,13.6,14.7,0.56,0.18,91,95,28.0,1.08,23.0,0.0623,-0.9981,15.0,15.0,15.0,station
2026-06-29,13.0,14.0,13.4,13.2,12.7,12.9,14.0,13.2,12.9,12.1,13.26,0.49,0.24,81,20,9.7,10.33,0.5,0.0451,-0.999,13.5,14.0,14.0,station
2026-06-30,14.6,14.3,13.5,13.8,13.9,14.4,14.8,13.4,14.0,12.5,14.02,0.43,0.2,82,39,7.1,11.47,0.0,0.028,-0.9996,14.9,16.0,16.0,station
2026-07-01,14.7,14.5,14.3,14.6,14.6,14.5,14.6,14.9,14.7,15.4,14.54,0.15,-0.28,79,53,14.6,10.29,2.4,0.0108,-0.9999,14.7,15.0,15.0,station
2026-07-02,14.8,14.4,15.1,14.0,15.5,14.4,14.0,15.1,13.9,15.8,14.76,0.59,0.12,82,54,22.4,8.69,1.8,-0.0065,-1.0,15.6,15.0,15.0,station
2026-07-03,15.1,15.6,16.2,17.0,16.3,14.9,15.5,16.2,16.0,15.8,16.04,0.72,0.36,69,67,21.1,10.03,0.7,-0.0237,-0.9997,17.2,17.0,17.0,station
2026-07-04,16.6,16.4,17.4,17.8,18.2,16.6,16.6,17.5,17.7,18.4,17.28,0.77,-0.08,69,33,15.8,10.78,0.0,-0.0408,-0.9992,17.7,18.0,18.0,station
2026-07-05,17.4,16.8,18.7,18.8,17.7,17.2,16.5,19.1,19.1,18.7,17.88,0.86,-0.24,73,44,9.4,10.99,0.0,-0.058,-0.9983,19.3,18.0,18.0,station
2026-07-06,19.0,15.4,19.5,19.8,19.6,19.2,15.0,18.7,20.2,20.0,18.66,1.85,0.04,88,58,7.8,10.77,0.0,-0.0752,-0.9972,20.0,19.0,19.0,station
2026-07-07,19.0,16.2,19.7,19.7,19.8,19.4,15.8,19.6,19.9,19.7,18.88,1.53,0.0,88,65,10.6,9.27,0.0,-0.0923,-0.9957,19.4,19.0,19.0,station
2026-07-08,18.3,16.3,17.6,18.1,19.6,18.0,16.4,18.0,18.7,19.0,17.98,1.19,-0.04,92,82,14.8,8.61,0.0,-0.1094,-0.994,17.9,19.0,19.0,station
2026-07-09,15.0,16.3,15.1,16.9,16.8,14.9,16.0,15.5,16.6,16.0,16.02,0.91,0.22,75,71,15.6,10.81,0.0,-0.1265,-0.992,16.1,16.0,16.0,station
2026-07-10,16.0,16.3,16.3,17.4,18.1,15.5,16.1,16.1,18.4,16.8,16.82,0.89,0.24,75,91,10.6,9.87,0.0,-0.1436,-0.9896,17.7,18.0,18.0,station
2026-07-11,17.8,17.5,18.4,20.2,20.4,17.7,17.5,18.4,20.3,20.8,18.86,1.36,-0.08,83,32,7.9,11.84,0.0,-0.1606,-0.987,19.1,20.0,20.0,station
2026-07-12,19.8,17.1,17.9,18.7,19.3,19.2,16.9,17.7,18.9,19.3,18.56,1.08,0.16,86,54,6.7,11.53,0.0,-0.1775,-0.9841,18.8,20.0,20.0,station
2026-07-13,15.3,13.4,18.6,18.4,16.3,16.0,13.8,18.4,17.7,16.9,16.4,2.18,-0.16,91,50,10.1,11.36,0.0,-0.1944,-0.9809,16.2,13.0,13.0,station
2026-07-14,14.3,13.8,18.0,15.6,15.4,14.4,14.0,18.5,15.7,15.6,15.42,1.63,-0.22,88,91,12.7,8.39,0.0,-0.2113,-0.9774,16.6,16.0,16.0,station
2026-07-15,17.8,16.0,18.6,17.4,18.4,18.2,15.8,18.2,16.9,19.2,17.64,1.03,-0.02,84,89,11.8,5.36,0.1,-0.2281,-0.9736,17.3,17.0,17.0,station
2026-07-16,18.0,15.8,17.2,18.6,19.3,17.0,15.4,18.0,19.1,20.0,17.78,1.35,-0.12,92,74,6.7,11.03,0.0,-0.2448,-0.9696,20.0,19.0,19.0,station
2026-07-17,17.8,16.2,17.8,17.5,18.9,17.5,16.1,18.3,17.9,19.4,17.64,0.97,-0.2,94,100,7.5,8.82,0.0,-0.2614,-0.9652,19.0,20.0,20.0,station
2026-07-18,15.5,15.8,19.5,18.0,17.0,15.2,15.9,19.0,18.6,18.2,17.16,1.64,-0.22,92,99,10.8,8.0,0.0,-0.278,-0.9606,16.9,16.0,16.0,station
2026-07-19,14.9,15.4,15.8,15.6,14.1,14.8,15.5,18.4,16.5,16.3,15.16,0.68,-1.14,92,71,18.3,3.66,1.5,-0.2945,-0.9557,15.3,14.0,14.0,station
2026-07-20,16.0,15.5,17.6,17.5,16.1,15.3,15.2,17.5,16.5,15.8,16.54,0.95,0.48,88,80,12.4,8.9,0.1,-0.3109,-0.9505,17.0,16.0,16.0,station
2026-07-21,16.2,15.5,15.9,16.9,17.5,16.1,15.6,15.5,17.2,16.7,16.4,0.8,0.18,86,44,9.4,11.13,0.0,-0.3272,-0.945,16.8,18.0,18.0,station
2026-07-22,15.7,14.9,16.5,16.1,16.5,14.4,15.3,16.0,16.8,16.6,15.94,0.67,0.12,81,67,15.1,9.71,0.0,-0.3434,-0.9392,16.3,16.0,16.0,station
2026-07-23,14.4,15.1,12.5,15.3,13.7,14.3,14.7,12.6,14.4,14.2,14.2,1.14,0.16,84,76,21.0,3.24,4.0,-0.3595,-0.9332,15.6,15.0,15.0,station
2026-07-24,16.9,15.3,15.8,17.4,17.2,17.1,15.3,16.1,17.2,16.3,16.52,0.92,0.12,85,28,8.4,12.83,0.0,-0.3755,-0.9268,17.4,18.0,18.0,station
2026-07-25,19.2,17.2,17.7,19.3,19.9,19.5,17.0,17.9,18.9,19.5,18.66,1.15,0.1,80,0,9.1,13.24,0.0,-0.3914,-0.9202,19.7,21.0,21.0,station
2026-07-26,21.7,17.3,19.6,17.4,20.8,21.9,17.3,18.6,17.4,21.3,19.36,1.98,0.06,86,19,13.2,13.26,0.0,-0.4071,-0.9134,24.2,24.0,24.0,station
2026-07-27,15.8,16.7,16.3,17.6,16.9,15.8,16.7,16.4,17.8,17.2,16.66,0.67,-0.12,83,70,23.9,7.57,0.0,-0.4228,-0.9062,16.0,17.0,17.0,station
2026-07-28,17.6,18.1,18.1,20.4,20.8,17.3,18.1,18.3,19.7,20.4,19.0,1.48,0.24,73,10,13.9,12.29,0.0,-0.4383,-0.8988,19.0,,,
