datum,p1_ifs,p1_aifs,p1_gfs,p1_icon,p1_gem,p2_ifs,p2_aifs,p2_gfs,p2_icon,p2_gem,mm_gem,mm_spreiding,run2run,rh_gem,bewolking_gem,wind_max,instraling_som,neerslag_som,doy_sin,doy_cos,era5_max,station_max,doel,doelbron
2023-11-01,,,13.6,,,,,13.8,,,,,,83,86,29.6,4.51,12.1,-0.8606,0.5093,13.6,14.0,14.0,station
2023-11-02,,,12.0,,,,,12.4,,,,,,86,100,40.9,1.97,23.2,-0.8517,0.524,11.9,12.0,12.0,station
2023-11-03,,,13.2,,,,,13.3,,,,,,80,47,29.4,6.18,2.7,-0.8426,0.5386,13.3,14.0,14.0,station
2023-11-04,,,12.3,,,,,12.4,,,,,,88,70,27.6,4.23,4.6,-0.8332,0.553,12.9,13.0,13.0,station
2023-11-05,,,12.2,,,,,12.1,,,,,,83,45,29.6,6.73,0.1,-0.8235,0.5672,12.7,14.0,14.0,station
2023-11-06,,,12.6,,,,,12.4,,,,,,82,48,25.3,6.81,0.0,-0.8137,0.5813,12.8,13.0,13.0,station
2023-11-07,,,12.2,,,,,12.1,,,,,,85,11,25.2,6.1,0.3,-0.8035,0.5952,11.9,13.0,13.0,station
2023-11-08,,,12.2,,,,,12.3,,,,,,88,98,35.5,1.07,3.5,-0.7932,0.609,13.1,14.0,14.0,station
2023-11-09,,,10.0,,,,,10.2,,,,,,80,90,22.9,4.67,0.3,-0.7826,0.6225,10.6,11.0,11.0,station
2023-11-10,,,10.0,,,,,9.2,,,,,,85,54,19.7,3.64,1.3,-0.7718,0.6359,9.2,10.0,10.0,station
2023-11-11,,,10.1,,,,,10.0,,,,,,88,23,14.7,6.56,0.0,-0.7607,0.6491,10.3,11.0,11.0,station
2023-11-12,,,10.0,,,,,9.6,,,,,,93,98,12.5,1.78,4.4,-0.7494,0.6621,9.3,10.0,10.0,station
2023-11-13,,,15.1,,,,,14.8,,,,,,80,64,36.9,4.59,11.0,-0.7379,0.6749,14.9,16.0,16.0,station
2023-11-14,,,12.5,,,,,12.8,,,,,,85,56,29.6,1.86,6.9,-0.7262,0.6875,12.3,13.0,13.0,station
2023-11-15,,,11.5,,,,,11.3,,,,,,83,17,28.4,5.94,0.0,-0.7143,0.6998,11.7,12.0,12.0,station
2023-11-16,,,8.6,,,,,8.9,,,,,,95,91,12.7,1.22,3.1,-0.7021,0.712,7.6,8.0,8.0,station
2023-11-17,,,9.8,,,,,9.7,,,,,,89,56,12.9,5.58,1.6,-0.6898,0.724,10.4,11.0,11.0,station
2023-11-18,,,13.9,,,,,14.1,,,,,,91,93,27.2,0.83,4.5,-0.6772,0.7358,14.7,15.0,15.0,station
2023-11-19,,,13.0,,,,,12.7,,,,,,79,46,31.0,3.5,0.0,-0.6645,0.7473,13.9,15.0,15.0,station
2023-11-20,,,11.3,,,,,12.0,,,,,,84,61,24.7,3.43,3.1,-0.6515,0.7586,11.8,12.0,12.0,station
2023-11-21,,,11.6,,,,,10.7,,,,,,88,80,20.5,1.74,1.1,-0.6384,0.7697,11.0,11.0,11.0,station
2023-11-22,,,10.0,,,,,10.0,,,,,,91,89,16.3,2.82,0.0,-0.625,0.7806,9.9,11.0,11.0,station
2023-11-23,,,12.7,,,,,13.3,,,,,,85,61,26.0,3.57,0.1,-0.6115,0.7912,12.2,14.0,14.0,station
2023-11-24,,,11.8,,,,,11.7,,,,,,67,45,26.0,3.21,0.2,-0.5978,0.8016,11.7,11.0,11.0,station
2023-11-25,,,6.8,,,,,6.8,,,,,,80,28,14.3,5.18,0.0,-0.584,0.8118,5.3,6.0,6.0,station
2023-11-26,,,9.5,,,,,9.0,,,,,,91,100,19.8,1.11,3.6,-0.5699,0.8217,9.9,9.0,9.0,station
2023-11-27,,,10.1,,,,,10.0,,,,,,92,100,22.2,1.55,6.1,-0.5557,0.8314,9.9,10.0,10.0,station
2023-11-28,,,6.8,,,,,6.7,,,,,,90,9,20.9,4.5,0.1,-0.5413,0.8408,6.6,7.0,7.0,station
2023-11-29,,,5.2,,,,,6.1,,,,,,91,69,11.5,4.31,0.0,-0.5268,0.85,4.2,5.0,5.0,station
2023-11-30,,,5.3,,,,,5.1,,,,,,88,41,18.9,3.39,0.0,-0.5121,0.859,4.6,5.0,5.0,station
2023-12-01,,,5.1,,,,,5.1,,,,,,89,10,15.5,3.93,0.0,-0.4972,0.8676,4.1,4.0,4.0,station
2023-12-02,,,3.6,,,,,3.9,,,,,,95,72,9.7,2.44,0.0,-0.4822,0.8761,-0.5,1.0,1.0,station
2023-12-03,,,7.6,,,,,8.3,,,,,,89,100,18.5,1.83,5.2,-0.4671,0.8842,7.6,9.0,9.0,station
2023-12-04,,,7.6,,,,,9.2,,,,,,91,100,25.5,1.27,8.8,-0.4518,0.8921,7.6,8.0,8.0,station
2023-12-05,,,6.7,,,,,6.8,,,,,,93,81,17.4,1.12,2.1,-0.4364,0.8998,6.3,7.0,7.0,station
2023-12-06,,,5.4,,,,,5.5,,,,,,95,63,11.4,3.88,0.0,-0.4208,0.9071,4.5,6.0,6.0,station
2023-12-07,,,8.8,,,,,8.4,,,,,,87,100,28.9,0.93,6.1,-0.4052,0.9142,7.9,8.0,8.0,station
2023-12-08,,,9.9,,,,,9.8,,,,,,88,63,20.4,3.95,0.0,-0.3894,0.9211,10.9,12.0,12.0,station
2023-12-09,,,12.8,,,,,12.6,,,,,,84,68,34.8,1.46,9.2,-0.3735,0.9276,13.9,14.0,14.0,station
2023-12-10,,,12.5,,,,,11.5,,,,,,79,51,33.6,1.02,1.2,-0.3575,0.9339,11.5,12.0,12.0,station
2023-12-11,,,10.8,,,,,10.6,,,,,,82,18,37.8,3.9,0.0,-0.3413,0.9399,10.9,11.0,11.0,station
2023-12-12,,,11.7,,,,,11.4,,,,,,92,85,20.4,1.72,6.2,-0.3251,0.9457,11.3,12.0,12.0,station
2023-12-13,,,8.7,,,,,8.9,,,,,,88,98,29.9,1.07,0.8,-0.3088,0.9511,7.9,9.0,9.0,station
2023-12-14,,,7.6,,,,,7.3,,,,,,93,74,20.5,0.59,0.8,-0.2924,0.9563,7.4,8.0,8.0,station
2023-12-15,,,7.8,,,,,7.3,,,,,,91,82,13.2,3.72,0.0,-0.2759,0.9612,8.2,9.0,9.0,station
2023-12-16,,,11.4,,,,,10.3,,,,,,93,92,21.3,1.11,0.0,-0.2593,0.9658,11.2,11.0,11.0,station
2023-12-17,,,10.7,,,,,10.6,,,,,,88,48,27.5,3.58,0.0,-0.2427,0.9701,10.7,11.0,11.0,station
2023-12-18,,,11.7,,,,,12.2,,,,,,88,93,25.7,1.74,0.0,-0.226,0.9741,11.9,13.0,13.0,station
2023-12-19,,,12.1,,,,,12.9,,,,,,91,83,26.1,0.31,13.2,-0.2092,0.9779,12.3,13.0,13.0,station
2023-12-20,,,10.4,,,,,10.3,,,,,,84,70,27.5,2.41,0.0,-0.1923,0.9813,10.4,11.0,11.0,station
2023-12-21,,,12.6,,,,,12.5,,,,,,75,94,35.7,2.02,0.4,-0.1754,0.9845,13.5,14.0,14.0,station
2023-12-22,,,11.2,,,,,11.8,,,,,,74,100,32.2,1.53,0.6,-0.1585,0.9874,11.1,12.0,12.0,station
2023-12-23,,,11.1,,,,,11.3,,,,,,79,99,28.2,3.15,0.0,-0.1414,0.9899,11.1,12.0,12.0,station
2023-12-24,,,13.2,,,,,13.4,,,,,,86,100,33.2,1.04,2.8,-0.1244,0.9922,13.2,15.0,15.0,station
2023-12-25,,,13.3,,,,,13.1,,,,,,87,100,29.8,1.09,2.8,-0.1073,0.9942,13.0,14.0,14.0,station
2023-12-26,,,11.3,,,,,9.7,,,,,,85,80,25.3,3.24,0.0,-0.0902,0.9959,10.6,11.0,11.0,station
2023-12-27,,,11.9,,,,,11.7,,,,,,87,98,39.4,0.45,6.5,-0.073,0.9973,11.8,12.0,12.0,station
2023-12-28,,,11.8,,,,,11.7,,,,,,77,66,40.4,2.97,0.2,-0.0559,0.9984,11.7,13.0,13.0,station
2023-12-29,,,10.6,,,,,10.0,,,,,,81,60,27.6,2.29,1.0,-0.0387,0.9993,10.7,12.0,12.0,station
2023-12-30,,,,,,,,,,,,,,84,97,35.4,1.69,0.9,-0.0215,0.9998,11.7,12.0,12.0,station
2023-12-31,,,,,,,,,,,,,,80,77,38.6,3.25,7.9,-0.0043,1.0,10.7,,,
2024-01-01,,,,,,,,,,,,,,78,81,30.9,2.46,8.0,0.0172,0.9999,10.1,12.0,12.0,station
2024-01-02,,,,,,,,,,,,,,86,88,51.9,0.53,10.5,0.0344,0.9994,12.9,14.0,14.0,station
2024-01-03,,,,,,,,,,,,,,84,49,27.2,2.82,2.0,0.0516,0.9987,10.6,12.0,12.0,station
2024-01-04,,,,,,,,,,,,,,89,66,27.3,2.39,23.5,0.0688,0.9976,8.8,10.0,10.0,station
2024-01-05,,,,,,,,,,,,,,88,100,32.8,1.93,4.0,0.0859,0.9963,7.2,8.0,8.0,station
2024-01-06,,,,,,,,,,,,,,87,89,17.2,2.16,0.6,0.103,0.9947,6.3,6.0,6.0,station
2024-01-07,,,,,,,,,,,,,,75,49,21.4,4.11,0.0,0.1201,0.9928,4.8,5.0,5.0,station
2024-01-08,,,,,,,,,,,,,,71,72,23.7,2.77,1.5,0.1372,0.9905,3.2,3.0,3.0,station
2024-01-09,,,,,,,,,,,,,,72,60,30.7,3.77,0.0,0.1542,0.988,4.0,4.0,4.0,station
2024-01-10,,,,,,,,,,,,,,76,36,21.7,4.49,0.0,0.1712,0.9852,4.9,6.0,6.0,station
2024-01-11,,,,,,,,,,,,,,86,61,22.9,3.42,0.0,0.1881,0.9821,5.5,5.0,5.0,station
2024-01-12,,,,,,,,,,,,,,86,99,17.1,1.87,0.0,0.205,0.9788,6.9,6.0,6.0,station
2024-01-13,,,,,,,,,,,,,,86,94,11.3,2.66,0.0,0.2218,0.9751,4.4,4.0,4.0,station
2024-01-14,,,,,,,,,,,,,,87,90,17.2,2.76,2.0,0.2385,0.9711,5.6,6.0,6.0,station
2024-01-15,,,,,,,,,,,,,,79,16,19.4,5.09,0.0,0.2552,0.9669,2.5,3.0,3.0,station
2024-01-16,,,,,,,,,,,,,,78,53,12.5,5.03,0.0,0.2718,0.9624,3.8,5.0,5.0,station
2024-01-17,,,,,,,,,,,,,,84,92,19.1,1.88,0.0,0.2883,0.9575,2.5,3.0,3.0,station
2024-01-18,,,,,,,,,,,,,,74,0,15.8,5.36,0.0,0.3047,0.9524,2.4,3.0,3.0,station
2024-01-19,,,,,,,,,,,,,,81,9,13.6,5.34,0.0,0.3211,0.9471,4.8,6.0,6.0,station
2024-01-20,,,5.3,5.6,5.2,,,,,,,,,74,90,26.1,3.2,0.0,0.3373,0.9414,5.2,6.0,6.0,station
2024-01-21,,,11.7,11.5,11.9,,,11.8,11.9,11.6,,,,78,98,50.0,3.66,1.1,0.3534,0.9355,11.9,13.0,13.0,station
2024-01-22,,,12.8,12.8,11.7,,,13.6,12.5,11.9,,,,77,47,50.1,5.08,6.5,0.3695,0.9292,12.3,13.0,13.0,station
2024-01-23,,,12.7,12.7,12.8,,,12.4,13.2,12.3,,,,86,90,38.4,0.73,3.1,0.3854,0.9227,12.8,14.0,14.0,station
2024-01-24,,,13.5,13.4,12.9,,,13.4,13.5,12.4,,,,78,94,37.4,4.99,0.1,0.4012,0.916,12.9,13.0,13.0,station
2024-01-25,,,12.1,12.4,12.4,,,11.8,12.3,12.2,,,,92,99,26.6,1.92,0.1,0.4169,0.9089,11.9,13.0,13.0,station
2024-01-26,,,12.6,12.6,12.4,,,12.4,12.5,12.6,,,,76,34,33.3,6.12,1.4,0.4325,0.9016,12.0,13.0,13.0,station
2024-01-27,,,8.4,9.0,9.1,,,8.2,8.9,8.8,,,,85,78,18.3,4.25,0.0,0.4479,0.8941,8.5,9.0,9.0,station
2024-01-28,,,10.2,10.9,11.2,,,10.3,10.4,11.5,,,,83,82,13.5,5.44,0.0,0.4633,0.8862,10.8,12.0,12.0,station
2024-01-29,,,13.4,13.7,14.1,,,12.9,13.6,13.4,,,,88,99,22.5,4.88,0.1,0.4784,0.8781,13.1,12.0,12.0,station
2024-01-30,,,10.9,11.5,11.4,,,10.7,10.5,10.8,,,,81,100,26.7,1.63,0.0,0.4935,0.8698,12.5,13.0,13.0,station
2024-01-31,,,10.6,9.9,11.5,,,10.4,10.1,11.1,,,,83,93,29.2,4.55,0.3,0.5084,0.8611,11.0,12.0,12.0,station
2024-02-01,,,10.5,10.1,10.9,,,10.4,10.2,10.5,,,,82,90,22.1,6.54,0.2,0.5231,0.8523,10.9,11.0,11.0,station
2024-02-02,,,13.4,13.4,13.3,,,12.4,12.8,12.9,,,,85,93,32.6,4.05,0.0,0.5377,0.8432,12.6,14.0,14.0,station
2024-02-03,,,12.4,12.3,14.0,,,12.3,13.3,13.3,,,,86,100,26.4,2.31,0.3,0.5521,0.8338,12.9,13.0,13.0,station
2024-02-04,11.7,,12.8,13.8,13.0,,,13.8,12.8,12.8,12.82,0.87,,84,97,36.8,2.54,0.1,0.5664,0.8242,13.4,14.0,14.0,station
2024-02-05,12.0,,11.4,12.9,11.9,11.1,,11.9,12.3,11.8,12.05,0.62,0.28,80,95,37.9,3.35,0.0,0.5805,0.8143,11.6,12.0,12.0,station
2024-02-06,12.6,,12.4,13.7,13.3,12.9,,12.8,13.1,13.1,13.0,0.61,0.03,81,99,36.9,3.27,5.7,0.5944,0.8042,13.3,14.0,14.0,station
2024-02-07,9.6,,10.6,11.6,11.7,11.4,,11.4,11.4,11.6,10.88,0.98,-0.57,85,100,31.8,3.16,11.7,0.6081,0.7938,11.2,7.0,7.0,station
2024-02-08,11.7,,11.2,11.6,12.1,11.7,,10.6,11.1,8.4,11.65,0.37,1.2,93,100,24.6,1.7,14.6,0.6217,0.7833,12.2,12.0,12.0,station
2024-02-09,12.5,,11.9,12.1,11.1,11.1,,12.2,12.4,10.8,11.9,0.59,0.28,88,93,34.0,3.95,8.7,0.6351,0.7725,12.5,13.0,13.0,station
2024-02-10,10.8,,10.9,11.5,10.3,11.0,,11.1,11.4,9.9,10.88,0.49,0.03,90,100,15.8,3.17,3.2,0.6483,0.7614,11.6,12.0,12.0,station
2024-02-11,10.5,,11.0,11.0,9.2,9.9,,9.0,9.5,9.3,10.43,0.85,1.0,89,52,19.0,6.47,6.7,0.6613,0.7502,10.7,11.0,11.0,station
2024-02-12,9.1,,9.3,8.6,7.8,8.8,,10.2,9.1,8.1,8.7,0.67,-0.35,81,26,16.9,8.63,0.0,0.6741,0.7387,9.2,10.0,10.0,station
2024-02-13,11.4,,11.3,11.3,11.5,11.6,,11.2,10.4,11.6,11.38,0.1,0.18,85,98,28.0,1.74,3.7,0.6867,0.727,11.4,12.0,12.0,station
2024-02-14,12.9,,12.6,13.1,12.7,13.0,,11.9,12.9,12.2,12.82,0.22,0.32,91,99,25.5,2.84,0.9,0.6991,0.715,13.9,14.0,14.0,station
2024-02-15,14.5,,14.9,16.7,14.3,15.5,,15.1,16.6,14.0,15.1,1.1,-0.2,86,92,21.1,6.04,1.8,0.7113,0.7029,16.6,17.0,17.0,station
2024-02-16,13.3,,13.2,14.2,12.8,13.4,,12.8,14.2,11.7,13.38,0.59,0.35,84,81,23.4,6.51,1.2,0.7233,0.6906,12.9,13.0,13.0,station
2024-02-17,13.6,,13.2,13.6,13.2,12.2,,12.5,13.9,12.9,13.4,0.23,0.52,90,91,26.7,2.83,0.6,0.735,0.678,13.3,14.0,14.0,station
2024-02-18,13.7,,13.9,13.8,12.9,12.9,,14.0,14.9,13.0,13.57,0.46,-0.12,88,64,27.2,5.8,13.8,0.7466,0.6653,14.9,15.0,15.0,station
2024-02-19,13.6,,12.7,13.7,11.2,13.5,,12.6,12.6,10.7,12.8,1.16,0.45,84,80,23.6,6.56,2.0,0.7579,0.6523,13.3,13.0,13.0,station
2024-02-20,12.4,,13.5,13.0,11.7,12.8,,13.3,12.9,11.7,12.65,0.78,-0.03,87,100,30.5,3.03,0.0,0.769,0.6392,11.8,12.0,12.0,station
2024-02-21,11.6,,11.7,11.8,11.8,11.6,,11.6,11.5,11.7,11.72,0.1,0.12,89,100,35.3,2.05,4.0,0.7799,0.6259,12.0,13.0,13.0,station
2024-02-22,11.1,,12.1,11.8,11.6,11.4,,12.0,13.1,11.8,11.65,0.42,-0.42,89,80,32.9,2.48,11.4,0.7906,0.6124,11.8,13.0,13.0,station
2024-02-23,8.7,,8.9,9.4,8.3,8.9,,7.8,9.6,8.5,8.82,0.46,0.12,80,67,22.2,8.29,4.0,0.801,0.5987,8.9,10.0,10.0,station
2024-02-24,8.9,,9.6,9.2,8.9,8.8,,6.5,8.5,8.2,9.15,0.33,1.15,89,39,9.8,8.36,1.3,0.8112,0.5848,8.2,9.0,9.0,station
2024-02-25,8.8,,9.3,9.4,7.4,8.3,,8.5,10.1,7.6,8.73,0.92,0.1,90,97,31.7,6.67,2.8,0.8211,0.5708,8.7,9.0,9.0,station
2024-02-26,8.8,,8.6,8.9,6.8,8.6,,6.5,8.8,5.8,8.28,0.99,0.85,75,80,42.6,7.01,1.7,0.8308,0.5566,8.7,8.0,8.0,station
2024-02-27,7.3,,8.7,7.9,7.3,7.0,,8.4,8.0,6.4,7.8,0.66,0.35,84,78,15.5,5.34,0.4,0.8402,0.5422,7.8,8.0,8.0,station
2024-02-28,10.7,,11.5,11.3,10.8,10.1,,10.3,10.6,10.3,11.07,0.39,0.75,88,100,25.4,3.72,1.1,0.8495,0.5277,11.1,12.0,12.0,station
2024-02-29,10.8,,10.9,11.2,11.2,10.8,,10.6,11.2,11.0,11.03,0.21,0.12,91,100,25.3,2.25,6.5,0.8584,0.513,11.0,12.0,12.0,station
2024-03-01,8.4,,8.0,9.4,6.8,8.8,,8.8,8.1,6.9,8.15,1.08,0.0,81,68,34.2,8.03,6.4,0.8671,0.4981,8.6,9.0,9.0,station
2024-03-02,8.4,,7.2,8.6,7.8,7.2,,7.7,8.4,7.2,8.0,0.63,0.38,82,78,26.4,7.51,2.5,0.8755,0.4831,8.3,9.0,9.0,station
2024-03-03,8.9,,9.1,8.5,7.7,8.9,,7.8,8.2,7.6,8.55,0.62,0.43,83,81,12.0,8.47,0.0,0.8837,0.468,9.2,10.0,10.0,station
2024-03-04,11.0,,10.0,10.8,10.4,10.6,,9.9,10.8,9.4,10.55,0.44,0.38,80,53,23.6,8.91,0.9,0.8916,0.4527,11.2,12.0,12.0,station
2024-03-05,8.6,,10.3,11.5,10.6,11.4,,11.8,9.1,9.8,10.25,1.21,-0.28,87,79,21.2,6.59,1.8,0.8993,0.4373,10.1,10.0,10.0,station
2024-03-06,10.6,,10.4,11.1,9.9,10.7,,11.1,12.3,10.7,10.5,0.5,-0.7,89,65,11.5,8.68,0.0,0.9067,0.4218,10.6,11.0,11.0,station
2024-03-07,10.4,,9.9,10.0,10.6,10.3,,11.1,10.3,9.7,10.22,0.33,-0.12,87,61,25.7,10.24,0.2,0.9138,0.4061,10.4,10.0,10.0,station
2024-03-08,9.0,,9.1,8.9,9.1,9.2,,9.0,9.1,8.8,9.03,0.1,0.0,79,42,27.5,13.34,0.0,0.9207,0.3904,9.3,9.0,9.0,station
2024-03-09,12.4,,11.8,11.3,12.1,12.3,,11.0,12.0,12.8,11.9,0.47,-0.12,77,84,23.8,11.16,0.3,0.9272,0.3745,12.7,12.0,12.0,station
2024-03-10,9.2,,9.2,10.4,9.9,9.9,,9.3,9.3,9.8,9.68,0.59,0.1,93,100,17.5,2.58,6.6,0.9335,0.3585,9.3,9.0,9.0,station
2024-03-11,10.6,,8.7,9.9,10.2,10.8,,10.2,10.2,9.8,9.85,0.82,-0.4,86,99,18.8,4.54,2.3,0.9396,0.3424,10.3,9.0,9.0,station
2024-03-12,12.3,,11.3,12.5,11.8,13.1,,11.1,13.5,11.7,11.98,0.54,-0.37,89,100,21.7,2.03,12.9,0.9453,0.3261,13.4,14.0,14.0,station
2024-03-13,13.9,,13.8,14.5,11.5,14.0,,14.2,14.0,11.8,13.43,1.32,-0.07,86,100,31.5,5.03,0.3,0.9508,0.3098,13.1,14.0,14.0,station
2024-03-14,15.7,13.5,15.0,14.6,13.7,14.6,,15.1,14.2,14.1,14.5,0.91,0.0,82,92,27.1,9.13,0.0,0.956,0.2934,16.4,18.0,18.0,station
2024-03-15,14.9,14.0,13.9,14.7,13.9,14.1,13.2,14.3,13.8,13.4,14.28,0.48,0.52,83,83,30.6,9.1,1.0,0.9609,0.2769,15.0,15.0,15.0,station
2024-03-16,12.6,11.5,12.6,12.6,11.2,12.6,11.4,12.9,11.3,11.6,12.1,0.69,0.14,74,89,17.2,9.86,1.2,0.9655,0.2604,13.5,14.0,14.0,station
2024-03-17,16.1,13.0,13.1,17.1,15.0,15.3,13.7,14.6,16.4,13.6,14.86,1.81,0.14,89,95,20.7,5.08,6.1,0.9698,0.2437,15.1,15.0,15.0,station
2024-03-18,14.4,13.4,15.3,15.5,14.3,14.9,13.4,15.2,16.0,14.5,14.58,0.85,-0.22,86,98,21.2,7.15,0.2,0.9739,0.227,14.1,14.0,14.0,station
2024-03-19,13.1,13.7,15.5,14.5,13.7,14.5,13.1,15.3,14.5,13.9,14.1,0.93,-0.16,86,99,22.2,4.05,0.3,0.9777,0.2102,12.5,13.0,13.0,station
2024-03-20,16.5,15.5,17.1,16.2,16.5,17.4,15.9,17.1,16.6,16.8,16.36,0.58,-0.4,80,91,12.4,8.68,0.5,0.9811,0.1934,16.3,17.0,17.0,station
2024-03-21,14.3,13.6,16.3,16.4,15.4,13.7,13.3,17.3,16.9,13.8,15.2,1.23,0.2,87,94,21.7,6.83,0.1,0.9843,0.1765,14.5,16.0,16.0,station
2024-03-22,12.0,11.0,11.6,12.4,12.3,12.4,10.6,10.6,11.5,13.1,11.86,0.57,0.22,77,89,20.4,4.3,0.5,0.9872,0.1595,11.8,12.0,12.0,station
2024-03-23,8.9,9.2,8.8,10.1,8.7,9.7,9.3,8.8,9.3,9.2,9.14,0.57,-0.12,68,25,32.0,14.49,1.0,0.9898,0.1425,9.6,10.0,10.0,station
2024-03-24,12.0,11.1,11.8,12.4,11.3,11.3,10.9,10.0,12.4,10.9,11.72,0.53,0.62,64,51,32.7,13.0,0.0,0.9921,0.1255,11.5,13.0,13.0,station
2024-03-25,11.1,10.0,11.1,10.8,12.0,10.9,10.6,10.8,11.0,11.2,11.0,0.72,0.1,75,97,20.5,7.19,0.7,0.9941,0.1084,11.7,12.0,12.0,station
2024-03-26,13.5,12.3,10.5,12.1,12.7,9.7,10.0,8.3,11.2,11.5,12.22,1.1,2.08,78,97,24.8,10.72,11.5,0.9958,0.0913,13.8,13.0,13.0,station
2024-03-27,9.7,9.8,10.2,11.0,9.2,10.4,9.2,9.9,10.9,8.8,9.98,0.67,0.14,80,79,34.0,11.63,3.0,0.9972,0.0741,11.0,12.0,12.0,station
2024-03-28,12.0,9.9,9.9,11.3,9.1,11.1,10.2,9.7,10.7,10.0,10.44,1.18,0.1,79,76,43.3,8.99,10.6,0.9984,0.057,10.4,11.0,11.0,station
2024-03-29,12.7,12.1,12.1,13.2,10.8,12.5,11.9,12.1,12.7,11.6,12.18,0.9,0.02,77,71,30.5,12.24,1.7,0.9992,0.0398,13.1,14.0,14.0,station
2024-03-30,14.0,13.1,13.9,14.0,13.5,13.1,13.1,13.3,13.0,12.5,13.7,0.39,0.7,77,60,12.8,15.69,0.1,0.9997,0.0226,14.1,16.0,16.0,station
2024-03-31,12.1,11.0,11.7,12.7,11.7,12.1,10.9,12.4,12.8,12.4,11.84,0.62,-0.28,86,80,24.9,8.37,1.3,1.0,0.0054,11.9,12.0,12.0,station
2024-04-01,12.6,12.3,12.9,14.0,14.3,13.1,13.0,13.8,14.5,8.9,13.22,0.88,0.56,81,42,21.3,15.34,5.7,0.9999,-0.0118,13.6,14.0,14.0,station
2024-04-02,13.6,13.7,15.5,14.7,13.0,13.1,13.0,14.9,14.9,14.1,14.1,0.99,0.1,80,89,26.6,9.07,2.6,0.9996,-0.029,14.3,15.0,15.0,station
2024-04-03,14.8,12.8,14.5,15.0,12.3,13.5,12.8,14.2,15.0,12.6,13.88,1.24,0.26,79,93,35.5,9.48,0.7,0.9989,-0.0462,14.2,14.0,14.0,station
2024-04-04,15.4,14.4,15.2,16.7,13.0,15.3,13.9,15.1,16.2,12.7,14.94,1.36,0.3,81,87,33.0,12.3,4.2,0.998,-0.0634,15.1,16.0,16.0,station
2024-04-05,17.5,16.3,16.9,16.9,15.2,17.5,15.9,15.9,16.6,13.4,16.56,0.87,0.7,78,87,36.1,13.43,8.1,0.9968,-0.0805,16.8,17.0,17.0,station
2024-04-06,19.1,17.9,18.4,19.4,21.2,20.1,18.5,17.9,19.5,20.6,19.2,1.26,-0.12,66,98,35.7,16.06,0.3,0.9952,-0.0977,19.6,19.0,19.0,station
2024-04-07,15.3,14.9,15.5,15.5,15.5,15.8,14.9,15.8,15.2,15.8,15.34,0.26,-0.16,70,52,43.4,14.92,0.0,0.9934,-0.1148,15.7,16.0,16.0,station
2024-04-08,15.9,15.3,15.9,17.4,17.8,14.7,15.7,15.4,17.4,17.5,16.46,1.08,0.32,80,87,22.3,14.06,3.3,0.9913,-0.1319,16.9,17.0,17.0,station
2024-04-09,10.8,11.1,11.9,12.5,11.6,11.7,11.1,10.6,12.4,10.5,11.58,0.67,0.32,70,66,40.4,10.28,0.5,0.9889,-0.1489,11.6,13.0,13.0,station
2024-04-10,12.2,12.9,14.1,13.9,12.8,12.1,13.6,14.1,13.8,14.4,13.18,0.8,-0.42,82,84,32.2,8.52,1.4,0.9861,-0.1659,12.8,14.0,14.0,station
2024-04-11,18.1,16.6,17.1,19.1,18.4,18.9,17.0,19.5,19.6,17.3,17.86,1.01,-0.6,83,98,25.2,10.02,0.4,0.9831,-0.1828,18.4,19.0,19.0,station
2024-04-12,18.6,19.2,19.0,19.6,19.4,19.0,18.6,19.3,19.9,18.9,19.16,0.38,0.02,77,99,25.7,17.98,0.0,0.9799,-0.1997,19.4,21.0,21.0,station
2024-04-13,18.7,18.9,19.9,20.6,20.1,18.5,19.0,19.5,19.2,20.7,19.64,0.81,0.26,76,93,23.2,18.97,0.0,0.9763,-0.2165,18.8,21.0,21.0,station
2024-04-14,13.7,13.7,13.4,14.0,13.2,13.4,13.5,13.9,13.5,13.1,13.6,0.31,0.12,68,89,20.3,16.03,0.0,0.9724,-0.2333,13.8,14.0,14.0,station
2024-04-15,11.5,10.3,10.2,12.1,10.2,11.6,9.6,10.8,12.1,10.2,10.86,0.88,0.0,66,52,38.8,15.15,2.8,0.9683,-0.25,11.5,12.0,12.0,station
2024-04-16,12.5,11.7,11.5,12.9,11.8,12.6,11.6,12.7,13.6,9.1,12.08,0.59,0.16,72,54,31.4,17.32,4.6,0.9638,-0.2666,12.8,13.0,13.0,station
2024-04-17,10.9,10.3,10.9,11.2,10.6,11.0,10.0,10.6,11.2,10.0,10.78,0.34,0.22,69,55,22.2,18.6,0.5,0.9591,-0.2831,11.2,11.0,11.0,station
2024-04-18,13.0,12.4,13.2,13.8,13.6,13.1,12.3,13.3,13.3,13.9,13.2,0.55,0.02,68,70,21.4,15.93,0.9,0.9541,-0.2996,12.6,14.0,14.0,station
2024-04-19,13.1,13.1,13.8,13.3,14.0,12.9,13.0,12.5,13.3,14.3,13.46,0.42,0.26,73,89,28.9,10.94,2.6,0.9488,-0.316,13.6,14.0,14.0,station
2024-04-20,9.8,9.7,9.5,11.1,10.7,10.0,10.5,9.4,10.4,11.5,10.16,0.7,-0.2,63,53,23.8,13.92,0.3,0.9432,-0.3322,10.1,10.0,10.0,station
2024-04-21,10.7,10.2,12.3,11.8,11.9,10.4,9.9,10.4,11.7,11.3,11.38,0.89,0.64,65,63,25.9,13.69,0.1,0.9373,-0.3484,10.7,11.0,11.0,station
2024-04-22,9.6,9.8,10.3,10.3,10.2,9.2,8.9,9.5,9.9,9.7,10.04,0.32,0.6,78,90,11.5,8.87,0.3,0.9312,-0.3645,8.7,10.0,10.0,station
2024-04-23,10.0,9.8,9.9,9.7,10.8,8.9,9.1,9.4,9.7,11.6,10.04,0.44,0.3,81,96,21.5,7.28,2.2,0.9248,-0.3804,11.0,11.0,11.0,station
2024-04-24,9.5,9.0,10.2,10.0,10.0,9.4,9.3,9.0,10.3,9.3,9.74,0.49,0.28,67,66,22.0,13.02,0.0,0.9181,-0.3963,9.2,9.0,9.0,station
2024-04-25,11.4,11.2,10.9,11.8,13.3,11.4,11.3,12.6,12.8,12.6,11.72,0.94,-0.42,76,93,18.4,13.94,4.0,0.9112,-0.412,12.1,12.0,12.0,station
2024-04-26,11.8,10.8,12.4,12.7,9.7,11.8,9.9,11.0,10.0,9.7,11.48,1.23,1.0,75,88,12.6,15.43,0.0,0.9039,-0.4276,11.8,13.0,13.0,station
2024-04-27,12.3,10.3,14.3,14.0,14.3,12.7,11.3,11.7,15.5,13.0,13.04,1.74,0.2,82,100,22.3,8.74,8.4,0.8965,-0.4431,12.4,11.0,11.0,station
2024-04-28,12.5,10.8,10.4,11.9,10.2,11.6,10.7,11.7,13.3,9.1,11.16,1.0,-0.12,84,80,25.7,7.8,14.5,0.8887,-0.4585,11.4,12.0,12.0,station
2024-04-29,14.8,14.5,14.3,14.7,13.6,14.5,14.9,14.6,15.2,12.8,14.38,0.48,-0.02,72,28,27.3,17.86,0.1,0.8807,-0.4737,14.6,16.0,16.0,station
2024-04-30,17.1,16.1,16.6,17.0,17.7,18.2,16.5,14.4,17.3,18.0,16.9,0.6,0.02,76,23,24.4,22.14,0.2,0.8724,-0.4888,17.3,19.0,19.0,station
2024-05-01,18.5,17.8,17.5,18.9,20.8,18.7,17.6,17.4,17.4,21.5,18.7,1.3,0.18,82,78,11.4,20.43,0.2,0.8639,-0.5037,19.2,20.0,20.0,station
2024-05-02,19.7,15.7,15.3,18.3,22.0,21.1,15.2,13.6,22.7,23.9,18.2,2.8,-1.1,83,98,22.5,15.57,1.3,0.8551,-0.5185,20.0,16.0,16.0,station
2024-05-03,14.9,11.7,12.0,13.7,12.5,13.2,12.2,14.2,14.9,13.8,12.96,1.33,-0.7,87,96,25.7,6.29,9.1,0.846,-0.5331,12.7,13.0,13.0,station
2024-05-04,16.5,15.9,16.6,16.0,16.1,15.3,15.2,17.2,16.3,16.6,16.22,0.31,0.1,79,53,13.5,19.04,2.0,0.8367,-0.5476,15.9,17.0,17.0,station
2024-05-05,17.6,17.0,16.2,16.3,18.8,18.0,16.3,17.3,17.8,18.6,17.18,1.07,-0.42,81,59,18.3,15.36,0.2,0.8272,-0.5619,16.6,18.0,18.0,station
2024-05-06,15.3,14.1,16.0,14.1,12.8,15.6,14.2,15.5,16.4,14.6,14.46,1.23,-0.8,91,92,15.9,7.24,9.1,0.8174,-0.5761,15.4,15.0,15.0,station
2024-05-07,19.2,18.4,19.2,19.6,19.3,18.6,17.9,19.2,19.8,17.6,19.14,0.44,0.52,79,35,13.7,22.28,1.0,0.8074,-0.59,18.9,19.0,19.0,station
2024-05-08,17.9,19.0,19.6,19.5,21.0,18.8,18.9,20.6,19.9,21.7,19.4,1.12,-0.58,80,60,11.8,22.58,0.0,0.7971,-0.6038,19.5,19.0,19.0,station
2024-05-09,21.0,21.4,20.5,23.1,23.0,21.0,21.6,20.3,22.2,23.6,21.8,1.19,0.06,75,55,12.1,24.93,0.0,0.7866,-0.6175,21.7,23.0,23.0,station
2024-05-10,21.8,22.0,20.6,22.3,23.7,21.3,22.0,20.6,22.0,23.6,22.08,1.11,0.18,71,70,17.0,25.1,0.0,0.7759,-0.6309,21.6,22.0,22.0,station
2024-05-11,20.8,22.2,20.7,21.9,23.6,21.0,21.9,20.8,22.2,23.4,21.84,1.18,-0.02,79,66,20.2,26.13,0.0,0.7649,-0.6442,20.6,21.0,21.0,station
2024-05-12,23.0,23.8,23.6,24.1,25.8,22.0,23.4,23.0,23.7,26.0,24.06,1.05,0.44,74,65,18.8,25.41,0.0,0.7537,-0.6572,24.2,24.0,24.0,station
2024-05-13,18.0,17.5,19.8,20.7,21.5,19.1,18.2,20.0,20.2,22.0,19.5,1.72,-0.4,77,68,24.9,15.3,0.6,0.7423,-0.6701,18.1,18.0,18.0,station
2024-05-14,16.1,15.5,15.8,18.0,17.1,16.0,15.5,17.2,16.6,16.2,16.5,1.03,0.2,81,100,19.6,7.42,6.6,0.7306,-0.6828,16.8,17.0,17.0,station
2024-05-15,19.5,18.2,18.8,18.6,19.0,18.5,17.9,18.7,19.0,17.7,18.82,0.48,0.46,77,76,13.9,19.36,0.7,0.7188,-0.6952,19.4,20.0,20.0,station
2024-05-16,17.0,17.0,16.4,16.5,18.8,19.4,17.3,15.2,18.5,16.5,17.14,0.97,-0.24,85,93,9.1,13.54,2.3,0.7067,-0.7075,17.2,18.0,18.0,station
2024-05-17,20.1,19.4,19.9,20.9,20.7,19.9,19.9,19.8,21.7,20.0,20.2,0.61,-0.06,73,75,7.6,23.05,0.2,0.6945,-0.7195,19.8,21.0,21.0,station
2024-05-18,19.0,18.4,20.0,20.8,21.8,20.2,18.2,18.6,20.5,21.0,20.0,1.36,0.3,82,88,12.4,14.99,1.3,0.682,-0.7314,19.3,19.0,19.0,station
2024-05-19,21.3,20.2,21.4,21.6,21.7,21.6,19.7,21.2,22.7,22.4,21.24,0.6,-0.28,72,34,17.0,22.79,0.2,0.6693,-0.743,21.3,23.0,23.0,station
2024-05-20,20.3,17.8,20.2,20.1,20.9,19.5,16.7,20.4,20.3,21.3,19.86,1.19,0.22,77,16,15.1,26.54,0.4,0.6564,-0.7544,20.4,20.0,20.0,station
2024-05-21,19.1,15.3,16.8,16.5,16.2,19.1,15.4,16.0,19.4,19.3,16.78,1.41,-1.06,88,91,11.4,7.24,10.4,0.6433,-0.7656,16.3,15.0,15.0,station
2024-05-22,16.1,15.4,13.8,17.5,15.5,16.6,14.8,18.9,17.1,15.8,15.66,1.34,-0.98,91,97,21.6,8.14,14.0,0.6301,-0.7765,15.2,16.0,16.0,station
2024-05-23,18.4,17.4,18.3,17.9,15.8,16.8,16.9,15.1,17.6,16.9,17.56,1.06,0.9,74,70,22.1,21.35,0.0,0.6166,-0.7873,17.8,19.0,19.0,station
2024-05-24,18.1,17.6,18.3,18.8,19.0,18.3,18.3,19.8,18.9,18.5,18.36,0.56,-0.4,70,41,11.9,19.8,0.0,0.603,-0.7978,17.8,19.0,19.0,station
2024-05-25,19.5,19.2,19.7,20.7,20.6,20.2,19.5,19.4,20.2,19.7,19.94,0.67,0.14,71,49,15.9,23.76,0.2,0.5892,-0.808,20.2,20.0,20.0,station
2024-05-26,18.6,18.3,18.3,19.0,19.0,18.5,17.9,18.4,18.6,18.9,18.64,0.35,0.18,74,57,27.6,21.18,8.4,0.5752,-0.818,18.6,20.0,20.0,station
2024-05-27,15.7,15.6,17.6,17.2,16.1,15.3,15.6,17.1,16.8,16.9,16.44,0.91,0.1,75,53,20.4,19.94,2.1,0.561,-0.8278,16.5,17.0,17.0,station
2024-05-28,18.2,16.3,16.2,18.3,17.2,17.6,16.1,15.0,17.4,17.2,17.24,1.0,0.58,86,81,30.8,10.4,2.9,0.5467,-0.8373,18.9,18.0,18.0,station
2024-05-29,18.7,18.2,18.4,19.7,19.5,18.4,18.2,18.1,20.0,18.2,18.9,0.67,0.32,72,43,24.5,22.05,0.3,0.5322,-0.8466,19.2,20.0,20.0,station
2024-05-30,16.1,16.1,17.1,17.1,16.3,17.4,15.9,16.9,17.9,16.2,16.54,0.52,-0.32,76,86,22.3,14.54,3.6,0.5176,-0.8556,17.4,18.0,18.0,station
2024-05-31,16.9,14.3,14.8,15.9,17.3,16.0,14.2,14.8,16.5,15.6,15.84,1.3,0.42,76,89,37.2,10.16,0.9,0.5028,-0.8644,15.6,14.0,14.0,station
2024-06-01,17.4,15.6,18.6,19.2,17.2,17.2,16.0,18.5,18.7,17.0,17.6,1.39,0.12,73,73,27.5,14.75,0.1,0.4878,-0.8729,16.6,16.0,16.0,station
2024-06-02,21.0,21.2,20.7,21.5,22.2,20.7,20.5,21.0,21.5,20.7,21.32,0.57,0.44,72,26,15.1,28.42,0.0,0.4728,-0.8812,21.3,23.0,23.0,station
2024-06-03,19.2,18.8,19.2,19.6,21.4,18.5,18.5,18.9,19.3,20.1,19.64,1.02,0.58,77,98,12.0,16.89,0.2,0.4575,-0.8892,19.6,21.0,21.0,station
2024-06-04,20.1,18.8,20.7,21.0,20.7,20.0,18.3,21.0,20.3,22.7,20.26,0.88,-0.2,79,95,24.1,13.3,1.1,0.4422,-0.8969,19.8,21.0,21.0,station
2024-06-05,15.6,16.5,16.4,16.8,15.1,15.2,16.6,16.6,17.9,15.8,16.08,0.7,-0.34,64,65,20.5,21.69,0.0,0.4267,-0.9044,15.8,17.0,17.0,station
2024-06-06,16.5,17.2,16.7,17.7,18.7,16.4,17.2,17.2,17.6,17.2,17.36,0.88,0.24,66,56,14.8,21.28,0.5,0.4111,-0.9116,16.9,19.0,19.0,station
2024-06-07,17.9,18.4,18.3,19.4,19.7,17.7,17.9,18.6,17.8,19.7,18.74,0.77,0.4,69,51,20.7,20.37,0.0,0.3953,-0.9185,18.2,20.0,20.0,station
2024-06-08,17.9,18.0,18.2,19.1,18.7,18.4,17.8,19.2,19.4,18.9,18.38,0.51,-0.36,69,56,19.6,18.04,0.4,0.3795,-0.9252,17.6,19.0,19.0,station
2024-06-09,17.0,17.3,17.7,18.0,17.8,18.7,17.5,18.7,19.3,19.7,17.56,0.4,-1.22,66,55,22.3,18.96,0.0,0.3635,-0.9316,16.8,16.0,16.0,station
2024-06-10,16.3,14.5,15.1,15.7,14.2,14.5,14.8,15.0,15.9,14.4,15.16,0.86,0.24,75,65,29.3,19.77,8.7,0.3474,-0.9377,14.6,15.0,15.0,station
2024-06-11,14.9,15.0,15.2,16.3,14.8,15.4,15.4,15.6,16.1,15.9,15.24,0.61,-0.44,75,59,14.3,19.6,1.3,0.3312,-0.9436,15.1,15.0,15.0,station
2024-06-12,15.6,16.3,16.5,17.2,16.7,16.3,16.8,16.2,17.6,17.4,16.46,0.59,-0.4,74,60,8.7,20.25,1.4,0.3149,-0.9491,15.4,16.0,16.0,station
2024-06-13,16.2,16.2,16.4,17.0,16.5,16.1,16.5,16.9,17.7,17.4,16.46,0.33,-0.46,72,85,26.6,13.32,1.4,0.2986,-0.9544,16.0,17.0,17.0,station
2024-06-14,17.5,16.8,18.1,18.5,17.1,18.0,17.0,19.4,19.2,17.2,17.6,0.7,-0.56,74,64,28.3,22.18,1.6,0.2821,-0.9594,18.2,19.0,19.0,station
2024-06-15,18.4,16.9,17.1,19.0,16.4,17.2,16.5,18.5,18.5,14.9,17.56,1.09,0.44,74,53,34.9,18.63,2.9,0.2656,-0.9641,17.3,18.0,18.0,station
2024-06-16,20.1,18.7,20.2,19.8,18.3,18.8,18.0,18.7,20.0,18.1,19.42,0.86,0.7,68,38,23.4,24.56,0.1,0.2489,-0.9685,20.1,21.0,21.0,station
2024-06-17,20.7,20.3,21.8,21.8,21.5,20.7,20.4,21.6,21.8,21.5,21.22,0.68,0.02,69,61,17.3,23.84,0.0,0.2322,-0.9727,20.5,23.0,23.0,station
2024-06-18,21.0,20.3,21.7,21.1,22.0,20.1,19.9,22.3,19.7,22.1,21.22,0.66,0.4,72,75,14.8,23.89,0.4,0.2155,-0.9765,20.9,21.0,21.0,station
2024-06-19,20.1,19.7,20.3,20.4,20.6,20.3,19.2,20.7,21.0,20.8,20.22,0.34,-0.18,71,72,21.6,19.61,0.0,0.1986,-0.9801,19.6,20.0,20.0,station
2024-06-20,21.0,21.0,21.9,21.4,21.0,19.9,21.4,21.1,21.9,21.5,21.26,0.4,0.1,70,21,14.4,28.16,0.0,0.1818,-0.9833,21.0,22.0,22.0,station
2024-06-21,23.3,22.2,23.8,22.8,24.3,22.6,21.1,23.9,23.0,23.8,23.28,0.82,0.4,70,40,25.0,23.22,0.1,0.1648,-0.9863,23.3,25.0,25.0,station
2024-06-22,21.4,21.4,22.0,22.8,22.4,22.0,21.6,20.5,21.8,22.2,22.0,0.62,0.38,69,68,16.8,20.78,1.8,0.1478,-0.989,21.9,23.0,23.0,station
2024-06-23,21.8,22.7,25.4,24.6,26.5,23.6,23.7,26.5,26.0,25.8,24.2,1.93,-0.92,69,51,13.2,20.02,0.0,0.1308,-0.9914,23.0,24.0,24.0,station
2024-06-24,25.5,24.9,24.3,26.3,27.2,24.8,24.8,24.7,26.4,27.7,25.64,1.14,-0.04,71,34,12.3,25.3,0.0,0.1137,-0.9935,26.4,27.0,27.0,station
2024-06-25,26.8,27.0,27.5,28.3,28.1,26.1,26.5,28.4,27.6,28.4,27.54,0.66,0.14,68,14,17.8,27.34,0.0,0.0966,-0.9953,27.9,28.0,28.0,station
2024-06-26,27.3,27.8,29.1,28.9,30.0,26.0,27.3,27.5,29.0,29.8,28.62,1.08,0.7,68,22,11.9,24.49,0.0,0.0795,-0.9968,27.5,28.0,28.0,station
2024-06-27,24.0,23.9,23.7,24.3,25.0,25.2,23.3,24.2,23.8,26.2,24.18,0.51,-0.36,60,55,24.5,24.05,0.0,0.0623,-0.9981,24.2,24.0,24.0,station
2024-06-28,22.0,20.7,22.1,22.2,21.4,21.7,20.9,22.0,21.9,21.2,21.68,0.63,0.14,59,52,25.9,20.99,0.0,0.0451,-0.999,21.7,20.0,20.0,station
2024-06-29,22.7,22.5,25.9,23.8,22.9,22.8,21.6,25.3,24.2,23.4,23.56,1.4,0.1,61,71,8.4,26.27,0.0,0.028,-0.9996,22.7,24.0,24.0,station
2024-06-30,21.5,18.8,20.9,21.7,21.5,21.8,18.8,21.8,21.4,18.3,20.88,1.2,0.46,64,94,18.3,11.85,0.3,0.0108,-0.9999,19.8,19.0,19.0,station
2024-07-01,20.1,19.5,22.2,21.4,21.7,19.9,18.9,21.8,21.5,20.9,20.98,1.13,0.38,63,91,19.8,14.21,0.0,-0.0065,-1.0,19.3,20.0,20.0,station
2024-07-02,19.4,17.6,17.2,19.8,18.0,19.3,17.8,20.5,21.2,18.6,18.4,1.14,-1.08,68,99,19.2,9.82,0.9,-0.0237,-0.9997,17.5,18.0,18.0,station
2024-07-03,18.6,18.0,17.7,17.4,18.8,18.9,18.0,19.1,17.5,18.9,18.1,0.59,-0.38,73,99,21.4,7.06,1.7,-0.0408,-0.9992,18.2,19.0,19.0,station
2024-07-04,19.6,18.2,20.5,19.7,18.5,19.7,18.2,20.7,19.2,18.3,19.3,0.94,0.08,59,70,29.6,24.76,0.4,-0.058,-0.9983,19.7,21.0,21.0,station
2024-07-05,21.0,18.3,16.6,19.2,16.8,19.9,18.3,19.0,20.2,17.6,18.38,1.82,-0.62,82,100,28.0,9.84,17.1,-0.0752,-0.9972,21.2,22.0,22.0,station
2024-07-06,17.4,16.7,16.8,18.6,16.1,17.4,16.8,17.3,17.5,16.4,17.12,0.95,0.04,76,62,30.7,19.03,6.7,-0.0923,-0.9957,16.6,17.0,17.0,station
2024-07-07,17.1,16.5,17.7,18.1,15.5,17.6,16.5,18.9,18.1,16.8,16.98,1.03,-0.6,77,55,24.7,17.67,10.2,-0.1094,-0.994,17.4,18.0,18.0,station
2024-07-08,18.0,18.2,19.0,19.9,18.6,18.5,17.6,19.1,19.2,18.8,18.74,0.75,0.1,80,67,15.5,14.69,4.3,-0.1265,-0.992,18.6,19.0,19.0,station
2024-07-09,19.0,18.7,18.9,20.3,17.9,19.2,18.7,19.8,19.9,18.9,18.96,0.86,-0.34,88,99,21.2,7.78,13.1,-0.1436,-0.9896,20.4,19.0,19.0,station
2024-07-10,21.5,20.0,21.8,22.4,20.7,21.2,20.2,20.9,23.0,20.0,21.28,0.94,0.22,75,64,27.8,19.57,0.4,-0.1606,-0.987,20.7,21.0,21.0,station
2024-07-11,21.6,21.1,23.0,22.3,21.9,21.4,20.8,20.3,22.4,21.4,21.98,0.72,0.72,70,51,17.3,22.61,0.9,-0.1775,-0.9841,21.4,23.0,23.0,station
2024-07-12,18.1,16.8,19.0,18.6,19.0,18.2,16.3,17.9,18.1,18.2,18.3,0.92,0.56,75,100,17.7,9.61,0.2,-0.1944,-0.9809,17.3,18.0,18.0,station
2024-07-13,18.4,18.4,18.8,18.4,19.4,18.7,18.4,19.3,20.0,19.8,18.68,0.44,-0.56,74,86,15.4,14.68,0.4,-0.2113,-0.9774,18.4,20.0,20.0,station
2024-07-14,20.6,20.6,20.9,21.9,20.7,21.2,20.9,21.6,21.7,21.8,20.94,0.55,-0.5,75,28,16.1,21.12,0.1,-0.2281,-0.9736,20.9,22.0,22.0,station
2024-07-15,19.6,18.5,22.5,19.0,20.8,20.6,17.7,22.3,21.6,22.1,20.08,1.6,-0.78,81,77,18.9,11.16,4.6,-0.2448,-0.9696,21.8,22.0,22.0,station
2024-07-16,20.4,19.6,20.3,19.8,18.7,21.4,19.9,20.2,21.2,18.7,19.76,0.68,-0.52,77,67,19.5,19.61,1.5,-0.2614,-0.9652,20.9,21.0,21.0,station
2024-07-17,22.6,22.6,24.3,24.1,23.3,23.2,22.9,23.1,24.0,23.5,23.38,0.8,0.04,74,65,12.4,19.41,0.0,-0.278,-0.9606,22.3,24.0,24.0,station
2024-07-18,25.4,25.7,26.1,25.8,27.9,24.9,25.1,26.3,25.5,25.9,26.18,0.99,0.64,71,49,16.5,24.73,0.0,-0.2945,-0.9557,26.3,27.0,27.0,station
2024-07-19,28.8,29.3,29.3,29.8,30.9,28.3,28.5,28.5,28.4,30.6,29.62,0.8,0.76,69,14,15.9,25.65,0.0,-0.3109,-0.9505,29.3,31.0,31.0,station
2024-07-20,22.5,23.3,24.3,26.3,26.1,23.8,23.0,24.8,25.2,26.8,24.5,1.68,-0.22,77,74,19.4,18.36,0.2,-0.3272,-0.945,23.9,24.0,24.0,station
2024-07-21,22.5,21.8,23.3,22.3,21.3,21.0,21.8,23.0,22.7,20.8,22.24,0.75,0.38,72,82,15.3,14.83,0.0,-0.3434,-0.9392,22.1,24.0,24.0,station
2024-07-22,23.7,22.4,24.1,24.5,23.2,21.5,22.6,23.1,24.6,21.8,23.58,0.82,0.86,75,48,30.4,16.98,0.5,-0.3595,-0.9332,22.8,23.0,23.0,station
2024-07-23,24.3,22.8,23.5,23.2,23.6,23.6,22.6,24.0,23.6,23.7,23.48,0.55,-0.02,76,74,19.8,17.03,2.3,-0.3755,-0.9268,23.3,23.0,23.0,station
2024-07-24,23.3,22.8,23.5,24.4,24.7,24.1,23.2,24.3,24.4,24.4,23.74,0.79,-0.34,76,54,21.2,20.56,1.1,-0.3914,-0.9202,23.3,25.0,25.0,station
2024-07-25,20.2,19.3,20.3,21.5,19.7,20.6,19.0,21.7,23.1,20.4,20.2,0.83,-0.76,86,100,24.8,6.01,2.9,-0.4071,-0.9134,20.2,20.0,20.0,station
2024-07-26,22.1,21.9,23.1,23.3,22.0,22.5,22.0,24.3,22.8,21.5,22.48,0.66,-0.14,70,68,19.6,18.99,0.0,-0.4228,-0.9062,22.1,24.0,24.0,station
2024-07-27,21.9,22.1,23.7,22.6,22.8,22.6,22.0,23.7,23.3,22.5,22.62,0.7,-0.2,68,34,13.7,21.89,0.0,-0.4383,-0.8988,22.2,23.0,23.0,station
2024-07-28,24.7,24.6,26.1,25.6,26.6,25.0,24.8,26.4,24.7,25.4,25.52,0.87,0.26,70,33,15.3,22.58,0.0,-0.4537,-0.8912,24.5,25.0,25.0,station
2024-07-29,26.4,26.9,27.5,27.6,28.2,26.3,27.3,27.6,26.5,28.2,27.32,0.69,0.14,65,2,15.0,26.13,0.0,-0.469,-0.8832,27.0,27.0,27.0,station
2024-07-30,28.2,29.2,30.2,30.1,31.1,28.5,28.1,30.3,29.1,31.1,29.76,1.1,0.34,67,31,15.9,25.51,0.0,-0.4841,-0.875,28.9,31.0,31.0,station
2024-07-31,26.0,26.7,27.5,25.7,28.6,26.5,27.1,25.8,26.2,31.2,26.9,1.18,-0.46,67,39,22.1,22.94,1.2,-0.4991,-0.8666,25.7,28.0,28.0,station
2024-08-01,26.8,25.9,28.4,27.4,28.6,27.3,26.8,28.0,27.3,27.2,27.42,1.12,0.1,75,71,12.6,19.39,4.1,-0.5139,-0.8578,27.1,28.0,28.0,station
2024-08-02,26.8,25.9,27.7,27.8,26.3,26.7,26.0,27.8,28.0,25.8,26.9,0.84,0.04,75,46,18.8,21.56,8.1,-0.5286,-0.8489,26.2,28.0,28.0,station
2024-08-03,24.5,23.9,25.0,23.9,22.7,21.4,23.0,24.7,24.1,23.1,24.0,0.86,0.74,69,84,21.4,17.3,0.9,-0.5431,-0.8397,24.4,25.0,25.0,station
2024-08-04,22.5,21.7,23.5,22.1,21.9,22.9,22.2,21.8,22.2,21.4,22.34,0.71,0.24,63,85,18.0,15.75,0.0,-0.5575,-0.8302,22.4,24.0,24.0,station
2024-08-05,23.9,22.9,26.0,25.3,25.0,24.7,23.2,26.6,24.9,24.4,24.62,1.22,-0.14,73,33,20.2,19.08,0.0,-0.5717,-0.8205,24.8,26.0,26.0,station
2024-08-06,23.2,21.9,24.3,24.8,21.8,24.1,22.1,25.2,24.0,23.2,23.2,1.36,-0.52,77,73,21.6,9.92,1.3,-0.5857,-0.8105,22.4,24.0,24.0,station
2024-08-07,21.9,20.4,22.7,22.2,21.8,21.6,20.5,22.1,22.7,21.4,21.8,0.86,0.14,68,44,23.0,16.03,0.0,-0.5996,-0.8003,21.9,22.0,22.0,station
2024-08-08,21.7,20.2,22.9,19.7,22.3,21.3,19.6,22.6,19.8,22.2,21.36,1.37,0.26,77,64,32.9,12.42,0.2,-0.6132,-0.7899,21.2,22.0,22.0,station
2024-08-09,24.0,23.3,24.9,24.7,23.7,25.0,23.4,24.7,24.4,23.4,24.12,0.67,-0.06,66,59,26.5,22.36,0.0,-0.6267,-0.7792,24.3,25.0,25.0,station
2024-08-10,23.8,23.4,24.4,23.7,25.1,24.6,24.0,24.5,23.5,24.7,24.08,0.68,-0.18,72,47,24.1,11.78,0.0,-0.64,-0.7683,23.5,26.0,26.0,station
2024-08-11,25.3,25.6,25.3,26.1,27.8,26.1,25.7,26.3,25.8,28.1,26.02,1.05,-0.38,74,42,20.2,19.44,0.0,-0.6532,-0.7572,26.7,27.0,27.0,station
2024-08-12,31.5,29.4,33.6,32.3,33.2,31.6,29.6,33.4,32.5,32.3,32.0,1.67,0.12,69,13,18.5,22.37,0.0,-0.6661,-0.7459,31.6,33.0,33.0,station
2024-08-13,24.4,24.8,27.0,25.8,25.8,25.4,23.9,27.6,27.4,26.2,25.56,1.01,-0.54,62,61,19.2,23.08,0.0,-0.6788,-0.7343,25.6,27.0,27.0,station
2024-08-14,25.1,23.3,24.3,23.9,24.0,22.3,21.4,24.9,25.9,22.4,24.12,0.66,0.74,75,91,11.8,12.55,0.0,-0.6914,-0.7225,24.4,25.0,25.0,station
2024-08-15,23.1,21.8,24.7,23.0,22.9,24.2,21.8,23.8,23.9,23.0,23.1,1.04,-0.24,77,86,33.1,14.5,0.1,-0.7037,-0.7105,23.1,23.0,23.0,station
2024-08-16,24.8,22.5,25.0,24.7,22.6,25.8,22.8,25.8,25.0,22.9,23.92,1.26,-0.54,67,58,20.6,22.44,1.6,-0.7158,-0.6983,23.6,25.0,25.0,station
2024-08-17,22.4,22.8,24.6,22.7,23.0,22.8,22.2,24.6,24.5,22.6,23.1,0.87,-0.24,62,26,10.5,23.2,0.0,-0.7277,-0.6859,22.4,23.0,23.0,station
2024-08-18,23.3,22.7,24.4,24.0,23.4,23.4,22.6,24.2,23.0,24.2,23.56,0.66,0.08,64,33,16.8,19.57,0.0,-0.7394,-0.6733,24.5,24.0,24.0,station
2024-08-19,21.9,21.4,24.2,23.7,23.3,23.7,21.6,24.3,24.0,22.5,22.9,1.2,-0.32,73,71,29.2,15.56,2.1,-0.7509,-0.6605,21.7,21.0,21.0,station
2024-08-20,22.3,21.0,22.4,22.0,21.9,22.5,20.4,22.6,21.8,21.4,21.92,0.55,0.18,66,50,24.2,19.29,0.7,-0.7621,-0.6474,22.5,23.0,23.0,station
2024-08-21,21.5,19.7,21.6,20.3,21.2,22.2,19.6,22.2,20.7,21.2,20.86,0.83,-0.32,63,77,24.4,13.95,0.0,-0.7731,-0.6342,20.0,21.0,21.0,station
2024-08-22,19.7,19.9,19.3,19.8,20.4,19.5,19.3,21.0,20.8,20.9,19.82,0.4,-0.48,77,92,39.3,5.79,1.3,-0.7839,-0.6208,19.8,20.0,20.0,station
2024-08-23,22.2,21.4,23.0,22.4,20.4,23.2,21.9,22.8,23.2,20.4,21.88,1.01,-0.42,65,68,37.2,20.48,0.6,-0.7945,-0.6073,22.2,23.0,23.0,station
2024-08-24,16.6,17.5,16.9,17.6,15.4,16.3,17.6,18.8,17.6,15.4,16.8,0.89,-0.34,81,80,21.3,5.3,9.6,-0.8048,-0.5935,17.4,18.0,18.0,station
2024-08-25,19.4,19.1,19.9,19.8,17.7,19.9,19.0,20.0,19.8,17.3,19.18,0.89,-0.02,69,39,29.8,17.14,0.0,-0.8149,-0.5796,19.6,21.0,21.0,station
2024-08-26,22.5,22.0,23.8,22.7,22.4,22.4,21.3,23.7,22.4,22.0,22.68,0.68,0.32,71,49,21.9,17.83,0.0,-0.8248,-0.5655,22.4,23.0,23.0,station
2024-08-27,23.3,23.7,24.6,24.4,23.4,23.1,23.3,24.7,23.9,23.9,23.88,0.59,0.1,73,64,21.1,19.22,0.0,-0.8344,-0.5512,23.9,25.0,25.0,station
2024-08-28,25.8,26.0,28.1,26.6,27.5,23.6,26.3,27.7,25.9,26.0,26.8,0.98,0.9,70,55,17.2,18.99,0.0,-0.8437,-0.5368,27.1,28.0,28.0,station
2024-08-29,21.9,21.7,22.7,22.4,22.5,22.5,21.6,22.9,22.5,21.9,22.24,0.42,-0.04,68,42,18.1,18.66,0.0,-0.8528,-0.5222,22.0,22.0,22.0,station
2024-08-30,23.1,22.3,22.7,23.2,24.1,22.4,22.5,22.9,22.6,23.3,23.08,0.67,0.34,68,68,17.7,15.35,0.0,-0.8617,-0.5074,21.9,22.0,22.0,station
2024-08-31,19.1,20.0,21.5,21.2,21.8,21.0,20.6,21.6,22.1,21.5,20.72,1.13,-0.64,76,85,29.7,9.65,0.9,-0.8703,-0.4925,20.6,20.0,20.0,station
2024-09-01,25.9,24.2,26.3,26.3,27.4,25.9,23.6,24.8,25.1,27.9,26.02,1.16,0.56,82,71,20.8,17.94,0.0,-0.8786,-0.4775,26.1,26.0,26.0,station
2024-09-02,23.6,21.9,22.3,23.9,21.6,23.3,22.4,23.3,23.6,23.0,22.66,1.03,-0.46,85,77,21.5,8.8,1.4,-0.8867,-0.4623,23.2,21.0,21.0,station
2024-09-03,21.5,20.6,23.0,23.1,23.2,22.2,20.8,24.1,21.4,19.4,22.28,1.17,0.7,81,67,15.3,15.47,3.1,-0.8945,-0.447,22.1,24.0,24.0,station
2024-09-04,20.0,19.1,21.5,20.9,20.4,20.6,18.3,20.0,20.3,19.7,20.38,0.91,0.6,73,83,12.3,14.22,0.0,-0.9021,-0.4315,19.6,19.0,19.0,station
2024-09-05,23.8,18.7,20.7,20.1,18.9,19.9,19.0,19.2,21.3,19.7,20.44,2.05,0.62,86,100,31.3,5.87,5.2,-0.9094,-0.4159,22.1,20.0,20.0,station
2024-09-06,19.7,19.2,18.4,20.2,18.9,20.3,19.8,19.9,19.5,19.1,19.28,0.7,-0.44,91,94,19.0,8.68,9.4,-0.9164,-0.4002,23.1,20.0,20.0,station
2024-09-07,22.6,20.8,23.0,21.4,20.1,22.4,20.1,22.6,20.5,18.4,21.58,1.21,0.78,88,99,12.1,7.73,8.1,-0.9232,-0.3844,21.0,20.0,20.0,station
2024-09-08,20.1,17.6,20.1,19.1,18.9,19.7,17.2,19.4,19.8,17.4,19.16,1.03,0.46,85,58,13.6,13.86,4.2,-0.9296,-0.3685,19.8,20.0,20.0,station
2024-09-09,17.8,15.9,17.2,17.7,16.9,18.0,15.9,17.6,17.0,16.1,17.1,0.76,0.18,78,96,25.2,6.43,0.0,-0.9358,-0.3524,17.5,17.0,17.0,station
2024-09-10,19.0,17.6,17.6,18.7,18.4,18.8,17.0,18.6,18.1,18.1,18.26,0.64,0.14,76,86,33.9,6.51,2.8,-0.9418,-0.3363,18.6,19.0,19.0,station
2024-09-11,14.5,14.5,14.5,15.8,13.4,14.5,14.2,14.7,14.5,14.1,14.54,0.85,0.14,70,12,29.7,16.77,2.7,-0.9474,-0.32,15.6,15.0,15.0,station
2024-09-12,14.9,14.2,15.8,14.7,14.0,14.6,14.4,14.6,14.6,13.8,14.72,0.7,0.32,75,29,19.4,12.59,1.2,-0.9528,-0.3037,14.4,14.0,14.0,station
2024-09-13,16.3,16.0,16.1,16.7,15.7,16.2,16.1,16.2,16.3,16.0,16.16,0.37,0.0,68,35,10.7,15.88,0.0,-0.9579,-0.2873,16.0,16.0,16.0,station
2024-09-14,18.7,18.3,19.3,18.5,19.3,17.2,18.1,17.9,18.4,18.6,18.82,0.46,0.78,70,26,15.8,16.12,0.0,-0.9627,-0.2707,19.1,19.0,19.0,station
2024-09-15,19.3,19.0,20.0,19.4,20.9,19.4,19.1,20.7,19.0,21.2,19.72,0.75,-0.16,80,58,17.0,14.34,1.3,-0.9672,-0.2541,19.3,20.0,20.0,station
2024-09-16,19.7,19.1,20.9,20.7,20.7,20.5,19.4,20.4,20.4,21.1,20.22,0.78,-0.14,75,56,14.6,15.67,0.0,-0.9714,-0.2375,19.9,20.0,20.0,station
2024-09-17,21.0,18.8,20.8,20.8,20.7,20.2,18.5,20.9,20.8,20.4,20.42,0.91,0.26,74,70,22.2,14.46,0.0,-0.9753,-0.2207,20.8,21.0,21.0,station
2024-09-18,22.8,20.5,23.6,23.0,23.1,22.8,20.4,24.1,23.0,23.1,22.6,1.21,-0.08,78,34,25.6,13.59,0.0,-0.979,-0.2039,22.8,23.0,23.0,station
2024-09-19,23.7,21.9,24.5,24.2,23.7,23.7,22.2,24.6,24.0,23.9,23.6,1.01,-0.08,80,17,25.7,14.85,0.0,-0.9824,-0.187,23.9,25.0,25.0,station
2024-09-20,21.4,20.0,22.7,22.1,21.8,21.6,20.3,22.3,22.3,21.6,21.6,1.01,-0.02,81,50,22.6,12.74,2.5,-0.9854,-0.1701,22.4,22.0,22.0,station
2024-09-21,22.5,22.0,24.4,23.6,22.8,22.5,20.9,24.6,21.9,22.0,23.06,0.95,0.68,80,35,15.9,14.13,0.4,-0.9882,-0.1531,23.0,23.0,23.0,station
2024-09-22,20.8,19.1,19.0,18.8,19.0,20.3,18.6,21.3,18.5,18.5,19.34,0.82,-0.1,89,99,16.9,9.36,13.5,-0.9907,-0.1361,20.6,21.0,21.0,station
2024-09-23,17.9,16.7,19.2,18.9,17.1,19.0,17.7,20.8,20.3,17.5,17.96,1.09,-1.1,88,88,23.8,6.75,41.5,-0.9929,-0.1191,18.4,20.0,20.0,station
2024-09-24,16.7,15.5,17.1,18.5,16.3,17.4,16.2,17.8,18.5,16.7,16.82,1.11,-0.5,80,94,18.1,6.43,9.6,-0.9948,-0.102,16.7,17.0,17.0,station
2024-09-25,16.8,15.9,15.0,17.4,15.8,16.8,14.3,17.2,17.8,13.0,16.18,0.93,0.36,81,94,22.4,7.85,8.8,-0.9964,-0.0848,17.0,17.0,17.0,station
2024-09-26,16.6,17.6,18.0,17.8,15.2,18.7,17.7,17.3,18.1,15.1,17.04,1.16,-0.34,86,85,31.1,9.01,11.9,-0.9977,-0.0677,17.0,18.0,18.0,station
2024-09-27,13.4,12.3,12.5,13.4,11.2,13.7,11.9,13.3,13.3,12.2,12.56,0.91,-0.32,78,76,30.4,4.46,4.1,-0.9987,-0.0505,13.0,14.0,14.0,station
2024-09-28,14.1,13.8,14.1,14.2,12.8,14.0,13.8,14.0,14.2,13.2,13.8,0.58,-0.04,75,31,15.7,11.39,0.0,-0.9994,-0.0333,13.8,15.0,15.0,station
2024-09-29,14.6,14.3,14.9,14.8,13.3,14.7,13.8,13.9,14.0,13.1,14.38,0.65,0.48,72,89,27.3,8.51,8.0,-0.9999,-0.0161,14.8,15.0,15.0,station
2024-09-30,16.9,16.2,15.8,16.4,16.3,16.7,16.2,16.1,17.1,17.0,16.32,0.4,-0.3,84,84,33.3,4.18,13.0,-1.0,0.0011,16.2,17.0,17.0,station
2024-10-01,13.9,13.2,13.6,14.7,13.7,14.5,13.9,14.9,14.9,13.0,13.82,0.55,-0.42,85,95,28.1,4.81,9.0,-0.9998,0.0183,14.5,14.0,14.0,station
2024-10-02,16.7,14.9,16.4,15.6,15.6,16.0,14.3,15.7,15.6,15.6,15.84,0.72,0.4,84,61,27.1,7.97,0.6,-0.9994,0.0355,16.6,16.0,16.0,station
2024-10-03,14.9,14.8,16.3,16.1,14.4,15.2,14.9,16.2,15.6,14.9,15.3,0.85,-0.06,80,32,18.3,10.08,0.1,-0.9986,0.0527,15.4,15.0,15.0,station
2024-10-04,16.5,15.7,16.6,15.9,15.8,16.4,15.3,16.7,16.0,16.1,16.1,0.42,0.0,79,65,12.2,11.12,0.0,-0.9976,0.0698,16.1,17.0,17.0,station
2024-10-05,16.0,16.0,16.8,16.1,16.9,16.3,16.1,16.7,16.0,16.2,16.36,0.45,0.1,74,64,17.8,10.99,0.0,-0.9962,0.087,16.8,17.0,17.0,station
2024-10-06,16.0,15.1,16.7,16.7,16.6,18.0,14.9,16.5,15.2,16.0,16.22,0.69,0.1,80,86,22.3,5.13,3.1,-0.9946,0.1041,15.6,16.0,16.0,station
2024-10-07,17.6,17.4,17.9,18.6,17.7,18.0,17.2,18.2,18.4,17.2,17.84,0.46,0.04,85,60,20.3,10.18,3.4,-0.9926,0.1212,17.8,19.0,19.0,station
2024-10-08,17.1,16.4,17.4,17.8,15.8,18.1,16.7,17.6,18.2,16.1,16.9,0.8,-0.44,84,69,25.7,9.53,2.6,-0.9904,0.1383,17.2,18.0,18.0,station
2024-10-09,16.0,15.7,15.0,16.8,15.4,16.1,15.3,15.6,16.8,15.7,15.78,0.68,-0.12,84,89,23.7,7.81,0.9,-0.9879,0.1553,16.7,16.0,16.0,station
2024-10-10,12.3,12.2,12.9,12.6,12.0,12.2,11.5,12.5,12.0,12.3,12.4,0.35,0.3,79,67,21.9,4.8,2.6,-0.9851,0.1722,12.5,13.0,13.0,station
2024-10-11,11.6,11.5,12.6,12.4,11.1,12.0,11.9,13.1,12.1,11.0,11.84,0.63,-0.18,78,32,11.7,11.87,0.0,-0.9819,0.1892,12.2,13.0,13.0,station
2024-10-12,15.5,13.9,14.7,15.6,16.3,14.5,14.2,15.8,14.7,12.2,15.2,0.92,0.92,78,73,20.4,4.75,3.7,-0.9785,0.206,15.2,16.0,16.0,station
2024-10-13,10.8,11.5,10.9,10.8,10.9,9.9,11.2,10.5,11.2,11.0,10.98,0.29,0.22,72,98,22.1,6.91,0.0,-0.9749,0.2228,10.8,11.0,11.0,station
2024-10-14,12.9,11.7,11.9,11.8,12.4,15.3,14.8,14.7,11.4,14.4,12.14,0.5,-1.98,86,95,25.3,3.98,14.7,-0.9709,0.2396,13.1,12.0,12.0,station
2024-10-15,17.4,15.3,16.5,17.4,16.1,18.2,14.3,16.3,18.5,17.5,16.54,0.9,-0.42,91,100,19.5,3.35,0.2,-0.9666,0.2562,16.8,17.0,17.0,station
2024-10-16,21.3,19.8,20.9,20.5,21.1,20.4,19.1,18.5,19.8,19.8,20.72,0.59,1.2,88,80,24.8,7.02,7.0,-0.9621,0.2728,21.6,22.0,22.0,station
2024-10-17,17.6,16.9,17.6,18.0,17.4,17.9,16.9,18.1,18.1,16.2,17.5,0.4,0.06,86,83,16.5,7.42,2.6,-0.9572,0.2893,17.5,19.0,19.0,station
2024-10-18,15.8,13.6,17.4,17.1,16.5,16.3,13.8,17.7,16.2,16.0,16.08,1.52,0.08,89,63,16.2,7.37,0.5,-0.9521,0.3057,16.3,17.0,17.0,station
2024-10-19,17.1,15.7,15.8,16.5,15.0,15.9,15.1,14.2,15.9,15.3,16.02,0.8,0.74,86,72,21.1,6.25,6.7,-0.9467,0.3221,16.5,17.0,17.0,station
2024-10-20,16.9,15.7,16.9,17.6,16.1,17.5,15.1,16.9,17.7,16.8,16.64,0.75,-0.16,87,92,37.6,1.31,3.8,-0.941,0.3383,17.3,18.0,18.0,station
2024-10-21,14.7,13.7,15.2,15.3,15.1,14.8,13.9,15.0,15.0,14.6,14.8,0.66,0.14,85,70,23.6,2.15,2.1,-0.9351,0.3545,14.2,15.0,15.0,station
2024-10-22,16.2,15.6,15.8,16.1,15.8,16.3,15.7,16.1,16.5,15.8,15.9,0.24,-0.18,88,19,25.3,7.99,0.1,-0.9288,0.3705,16.0,16.0,16.0,station
2024-10-23,16.4,15.3,16.5,16.8,15.4,16.6,15.6,16.6,17.0,14.8,16.08,0.68,-0.04,90,34,15.7,7.66,0.0,-0.9223,0.3864,16.4,17.0,17.0,station
2024-10-24,16.6,15.2,16.7,15.7,16.6,16.6,15.2,17.0,16.1,16.4,16.16,0.67,-0.1,87,10,17.4,9.25,0.0,-0.9155,0.4022,16.5,18.0,18.0,station
2024-10-25,16.9,16.7,17.4,17.2,17.8,17.7,16.2,17.6,16.2,16.5,17.2,0.43,0.36,91,72,16.8,4.44,0.8,-0.9085,0.4179,17.6,17.0,17.0,station
2024-10-26,15.1,14.9,14.9,15.2,14.3,15.3,15.6,13.3,15.0,14.0,14.88,0.35,0.24,94,92,9.9,4.17,0.3,-0.9012,0.4335,15.8,15.0,15.0,station
2024-10-27,13.2,13.0,14.2,14.4,12.7,13.1,12.7,14.4,13.9,11.4,13.5,0.75,0.4,88,42,15.1,8.64,0.0,-0.8936,0.4489,14.4,16.0,16.0,station
2024-10-28,15.6,15.4,16.6,16.3,16.2,15.5,15.0,17.4,14.5,15.5,16.02,0.5,0.44,87,90,25.0,2.78,0.3,-0.8857,0.4642,16.0,16.0,16.0,station
2024-10-29,15.9,14.9,14.5,16.3,15.1,16.2,15.6,16.1,16.7,15.6,15.34,0.74,-0.7,90,95,12.3,4.05,0.6,-0.8776,0.4794,15.5,16.0,16.0,station
2024-10-30,14.6,13.4,15.5,15.0,14.1,14.5,13.9,15.1,15.0,13.6,14.52,0.81,0.1,91,69,9.2,5.16,0.0,-0.8692,0.4944,14.4,15.0,15.0,station
2024-10-31,14.9,13.2,16.2,14.0,15.4,14.7,13.5,16.7,14.4,14.5,14.74,1.17,-0.02,93,92,6.5,4.87,0.0,-0.8606,0.5093,14.9,15.0,15.0,station
2024-11-01,13.3,11.5,15.4,13.2,13.4,12.9,11.4,15.8,13.8,13.5,13.36,1.38,-0.12,91,90,12.8,4.66,0.0,-0.8517,0.524,12.9,13.0,13.0,station
2024-11-02,15.1,13.8,15.0,15.1,14.6,14.7,13.3,15.3,15.8,15.2,14.72,0.55,-0.14,88,100,13.2,2.54,0.0,-0.8426,0.5386,14.5,14.0,14.0,station
2024-11-03,13.8,12.4,15.0,13.9,13.1,14.0,12.4,14.4,13.2,12.9,13.64,0.97,0.26,84,100,13.4,3.21,0.0,-0.8332,0.553,13.7,13.0,13.0,station
2024-11-04,13.3,11.1,14.9,13.5,14.3,13.3,11.2,14.6,12.8,14.1,13.42,1.45,0.22,86,99,10.6,4.15,0.0,-0.8235,0.5672,12.7,13.0,13.0,station
2024-11-05,12.8,10.1,15.9,12.0,14.2,14.3,10.1,15.8,13.9,14.6,13.0,2.2,-0.74,90,96,8.7,4.76,0.0,-0.8137,0.5813,13.1,12.0,12.0,station
2024-11-06,13.1,11.6,15.1,14.5,11.4,14.7,12.1,16.4,14.8,13.9,13.14,1.67,-1.24,91,100,6.6,1.93,0.0,-0.8035,0.5952,12.2,10.0,10.0,station
2024-11-07,12.9,11.1,14.5,13.1,12.8,14.6,11.9,15.4,13.8,13.2,12.88,1.21,-0.9,89,100,12.6,2.99,0.0,-0.7932,0.609,12.5,12.0,12.0,station
2024-11-08,10.1,8.0,12.9,10.2,9.8,10.7,8.1,13.8,10.0,10.8,10.2,1.75,-0.48,84,100,13.4,2.53,0.0,-0.7826,0.6225,10.2,10.0,10.0,station
2024-11-09,9.4,7.6,10.3,9.8,8.1,8.7,7.6,12.4,9.4,8.0,9.04,1.15,-0.18,79,93,6.5,2.87,0.0,-0.7718,0.6359,9.3,9.0,9.0,station
2024-11-10,12.2,10.9,11.9,11.0,11.8,12.4,10.4,11.7,12.5,14.8,11.56,0.58,-0.8,88,91,10.9,2.58,0.0,-0.7607,0.6491,11.3,12.0,12.0,station
2024-11-11,11.4,11.5,11.6,11.3,10.8,11.8,11.2,11.8,10.9,11.1,11.32,0.31,-0.04,85,67,15.2,5.26,0.0,-0.7494,0.6621,11.2,13.0,13.0,station
2024-11-12,12.6,11.0,11.9,12.0,11.4,12.2,11.0,10.9,11.7,11.1,11.78,0.61,0.4,82,50,30.5,5.0,0.2,-0.7379,0.6749,12.2,13.0,13.0,station
2024-11-13,11.4,10.9,11.6,11.2,11.5,11.7,10.5,11.9,11.5,11.2,11.32,0.28,-0.04,87,84,11.5,5.5,0.0,-0.7262,0.6875,11.2,11.0,11.0,station
2024-11-14,11.4,10.9,12.0,11.4,11.8,11.2,10.4,12.5,12.0,11.3,11.5,0.42,0.02,88,94,11.4,3.65,0.5,-0.7143,0.6998,11.6,12.0,12.0,station
2024-11-15,10.1,9.6,10.7,8.9,9.3,10.4,9.5,10.6,10.0,9.9,9.72,0.7,-0.36,85,88,7.1,4.77,0.0,-0.7021,0.712,10.1,10.0,10.0,station
2024-11-16,11.1,10.4,9.8,10.4,10.9,10.8,10.4,10.1,10.9,10.9,10.52,0.51,-0.1,90,96,11.8,2.18,0.6,-0.6898,0.724,10.6,11.0,11.0,station
2024-11-17,9.5,9.5,10.0,9.5,9.0,8.8,9.5,9.7,10.0,8.7,9.5,0.35,0.16,83,84,15.2,4.64,0.4,-0.6772,0.7358,9.8,11.0,11.0,station
2024-11-18,8.3,8.6,10.0,7.8,7.3,8.2,8.5,9.6,10.7,7.8,8.4,1.02,-0.56,92,96,14.8,2.99,9.4,-0.6645,0.7473,7.9,10.0,10.0,station
2024-11-19,7.3,8.1,11.7,11.7,11.3,9.7,9.3,11.4,11.7,10.8,10.02,2.14,-0.56,92,99,20.2,0.68,11.1,-0.6515,0.7586,11.2,12.0,12.0,station
2024-11-20,4.4,3.9,4.4,4.8,3.0,4.4,4.0,5.3,4.7,2.9,4.1,0.69,-0.16,76,37,17.1,5.4,0.0,-0.6384,0.7697,4.7,6.0,6.0,station
2024-11-21,2.9,2.3,4.1,3.6,2.8,3.5,2.2,5.0,2.8,2.9,3.14,0.71,-0.14,86,82,12.9,2.87,0.0,-0.625,0.7806,3.0,4.0,4.0,station
2024-11-22,6.0,5.7,6.6,6.2,5.8,5.8,5.2,6.4,6.3,5.8,6.06,0.36,0.16,77,57,19.7,5.17,1.3,-0.6115,0.7912,6.3,8.0,8.0,station
2024-11-23,14.2,14.2,13.9,14.0,13.4,14.1,14.2,13.2,12.8,12.4,13.94,0.33,0.6,85,100,33.2,0.51,6.3,-0.5978,0.8016,14.2,15.0,15.0,station
2024-11-24,16.6,16.9,16.3,16.3,15.9,17.0,16.5,16.2,16.2,15.0,16.4,0.37,0.22,75,100,33.7,2.8,7.9,-0.584,0.8118,17.2,18.0,18.0,station
2024-11-25,13.3,12.3,12.7,11.8,15.2,13.6,12.5,11.7,14.5,14.1,13.06,1.32,-0.22,78,62,18.2,4.68,2.2,-0.5699,0.8217,12.7,12.0,12.0,station
2024-11-26,8.3,8.8,9.7,9.0,9.7,8.4,8.6,9.6,8.7,9.5,9.1,0.6,0.14,83,44,11.8,4.83,0.1,-0.5557,0.8314,9.3,11.0,11.0,station
2024-11-27,11.1,10.3,10.1,7.8,8.5,11.8,8.7,7.4,7.2,9.8,9.56,1.36,0.58,90,71,19.0,1.67,23.6,-0.5413,0.8408,9.6,10.0,10.0,station
2024-11-28,4.6,4.3,6.6,6.1,5.2,4.9,4.8,6.6,5.1,4.9,5.36,0.98,0.1,93,55,7.8,4.52,0.0,-0.5268,0.85,5.3,7.0,7.0,station
2024-11-29,8.6,8.6,9.2,9.2,7.4,8.9,9.1,8.7,8.7,7.3,8.6,0.73,0.06,82,59,12.0,4.5,0.0,-0.5121,0.859,9.5,10.0,10.0,station
2024-11-30,13.7,12.7,12.6,13.7,13.3,12.7,12.6,11.5,14.0,13.4,13.2,0.53,0.36,91,86,12.6,2.2,0.0,-0.4972,0.8676,13.6,14.0,14.0,station
2024-12-01,13.4,12.4,13.6,13.2,12.8,13.1,12.6,13.9,14.1,13.3,13.08,0.48,-0.32,92,92,18.2,1.32,9.1,-0.4822,0.8761,13.1,13.0,13.0,station
2024-12-02,11.9,11.6,12.6,11.7,11.5,11.6,11.3,12.6,11.7,12.0,11.86,0.44,0.02,86,59,18.0,3.39,0.4,-0.4671,0.8842,11.8,12.0,12.0,station
2024-12-03,7.0,7.0,7.5,7.6,6.5,6.6,5.9,6.0,6.4,5.3,7.12,0.44,1.08,86,84,9.8,2.76,0.0,-0.4518,0.8921,7.5,8.0,8.0,station
2024-12-04,9.6,8.7,9.2,9.5,8.6,9.4,8.3,10.0,9.4,7.3,9.12,0.45,0.24,88,92,18.3,2.16,0.4,-0.4364,0.8998,9.5,10.0,10.0,station
2024-12-05,13.6,13.4,13.2,14.1,13.2,13.1,12.8,13.4,13.7,12.8,13.5,0.37,0.34,89,95,32.2,1.66,9.4,-0.4208,0.9071,14.1,15.0,15.0,station
2024-12-06,10.4,10.6,9.6,10.4,9.5,11.2,11.5,12.5,12.1,12.9,10.1,0.51,-1.94,74,62,25.5,3.83,0.3,-0.4052,0.9142,10.2,12.0,12.0,station
2024-12-07,12.1,11.6,12.4,12.7,11.7,12.7,12.5,13.0,13.0,12.1,12.1,0.46,-0.56,81,92,31.2,0.52,7.3,-0.3894,0.9211,12.3,13.0,13.0,station
2024-12-08,7.7,7.2,8.2,8.2,7.2,8.0,7.5,8.7,8.3,7.2,7.7,0.5,-0.24,83,98,29.4,0.95,4.7,-0.3735,0.9276,7.7,9.0,9.0,station
2024-12-09,7.8,7.2,8.0,8.1,7.0,7.8,7.3,8.2,8.3,6.6,7.62,0.49,-0.02,82,98,21.0,1.6,0.9,-0.3575,0.9339,7.9,8.0,8.0,station
2024-12-10,7.2,6.8,7.8,7.2,6.1,6.9,6.8,8.4,7.5,6.1,7.02,0.63,-0.12,82,100,18.2,1.22,0.5,-0.3413,0.9399,7.1,7.0,7.0,station
2024-12-11,6.7,6.0,8.0,6.9,6.6,6.7,6.2,8.4,7.2,6.0,6.84,0.73,-0.06,85,100,14.7,1.16,0.1,-0.3251,0.9457,6.8,7.0,7.0,station
2024-12-12,7.6,7.7,8.7,8.0,8.0,7.6,7.1,8.7,8.3,8.4,8.0,0.43,-0.02,93,98,9.2,0.94,0.3,-0.3088,0.9511,7.4,8.0,8.0,station
2024-12-13,6.6,6.7,7.9,7.5,6.4,7.2,7.1,8.2,7.5,6.9,7.02,0.65,-0.36,88,99,6.0,1.59,0.0,-0.2924,0.9563,6.5,7.0,7.0,station
2024-12-14,7.0,6.5,7.7,7.3,6.0,7.1,6.7,7.6,7.4,5.8,6.9,0.67,-0.02,87,79,12.8,3.11,0.0,-0.2759,0.9612,7.7,8.0,8.0,station
2024-12-15,11.7,10.7,11.5,12.3,11.2,11.0,10.4,10.9,10.6,10.9,11.48,0.59,0.72,90,81,18.0,2.08,0.0,-0.2593,0.9658,11.5,12.0,12.0,station
2024-12-16,10.9,10.5,11.8,11.5,10.6,11.0,10.7,11.4,11.2,10.6,11.06,0.57,0.08,83,86,18.2,2.92,0.1,-0.2427,0.9701,11.1,12.0,12.0,station
2024-12-17,10.4,10.2,10.6,10.6,10.1,10.3,9.8,10.4,10.3,9.8,10.38,0.23,0.26,92,91,17.5,1.5,0.0,-0.226,0.9741,10.5,10.0,10.0,station
2024-12-18,13.6,14.0,14.1,13.6,13.0,13.6,14.1,14.0,13.9,13.2,13.66,0.43,-0.1,85,95,28.4,2.62,3.7,-0.2092,0.9779,14.0,15.0,15.0,station
2024-12-19,12.8,12.8,13.3,13.3,12.8,12.8,12.8,12.1,13.2,12.8,13.0,0.27,0.26,80,46,28.3,3.4,2.0,-0.1923,0.9813,12.6,13.0,13.0,station
2024-12-20,8.1,8.0,8.9,8.9,8.9,8.3,8.0,9.1,8.5,8.5,8.56,0.47,0.08,85,74,16.4,3.06,0.8,-0.1754,0.9845,8.4,10.0,10.0,station
2024-12-21,12.0,10.8,11.9,12.1,11.4,11.5,10.5,12.2,12.3,11.6,11.64,0.54,0.02,87,83,23.6,0.84,2.8,-0.1585,0.9874,12.3,13.0,13.0,station
2024-12-22,8.0,8.2,7.4,7.8,7.1,7.6,7.7,7.7,7.6,6.7,7.7,0.45,0.24,69,41,23.6,3.16,1.2,-0.1414,0.9899,7.9,8.0,8.0,station
2024-12-23,6.5,6.1,6.6,6.3,5.6,6.7,6.3,6.3,6.4,5.6,6.22,0.4,-0.04,74,61,21.1,2.3,1.0,-0.1244,0.9922,6.1,7.0,7.0,station
2024-12-24,12.2,11.6,11.5,12.1,13.0,11.6,11.8,10.5,11.7,12.5,12.08,0.6,0.46,96,100,12.4,1.86,0.0,-0.1073,0.9942,11.9,12.0,12.0,station
2024-12-25,10.6,9.8,10.0,10.9,10.7,10.7,10.0,10.6,10.9,10.7,10.4,0.47,-0.18,94,100,9.8,1.39,0.1,-0.0902,0.9959,10.3,10.0,10.0,station
2024-12-26,9.1,8.2,9.0,8.9,8.3,9.2,8.6,9.5,11.0,9.1,8.7,0.42,-0.78,94,97,3.8,1.71,0.0,-0.073,0.9973,8.6,8.0,8.0,station
2024-12-27,8.2,6.3,8.9,8.7,8.3,8.0,7.1,9.7,9.3,6.6,8.08,1.04,-0.06,96,100,3.6,1.17,0.0,-0.0559,0.9984,8.0,7.0,7.0,station
2024-12-28,7.0,4.9,8.8,7.8,5.7,7.5,5.2,9.6,9.0,6.9,6.84,1.57,-0.8,95,99,7.9,1.14,0.0,-0.0387,0.9993,6.3,6.0,6.0,station
2024-12-29,8.4,6.4,7.9,9.0,8.0,7.5,6.7,8.6,8.6,8.5,7.94,0.96,-0.04,93,97,11.1,1.99,0.0,-0.0215,0.9998,7.2,9.0,9.0,station
2024-12-30,8.7,8.4,8.2,9.4,8.2,8.5,8.1,7.6,9.4,7.6,8.58,0.5,0.34,89,90,16.8,2.46,0.0,-0.0043,1.0,8.9,9.0,9.0,station
2024-12-31,10.8,11.0,11.7,11.0,11.0,11.0,11.0,11.3,10.7,10.7,11.1,0.35,0.16,86,96,25.1,2.26,0.0,0.0129,0.9999,11.0,,,
2025-01-01,12.2,12.6,12.3,11.8,11.7,11.6,12.1,11.9,11.8,11.3,12.12,0.37,0.38,87,94,33.7,0.52,10.5,0.0172,0.9999,11.8,13.0,13.0,station
2025-01-02,4.5,5.2,6.5,6.0,5.1,5.0,4.6,5.2,5.3,5.0,5.46,0.79,0.44,86,18,10.7,4.07,0.0,0.0344,0.9994,4.7,5.0,5.0,station
2025-01-03,3.4,3.3,4.5,3.0,2.7,3.5,3.3,4.3,3.4,2.1,3.38,0.68,0.06,86,5,11.2,4.24,0.0,0.0516,0.9987,3.5,5.0,5.0,station
2025-01-04,3.5,2.9,4.6,3.8,2.9,3.1,3.0,4.3,2.3,3.3,3.54,0.71,0.34,87,100,15.5,1.83,1.7,0.0688,0.9976,3.5,4.0,4.0,station
2025-01-05,12.1,12.0,12.1,12.3,12.3,12.2,11.9,12.4,12.7,12.2,12.16,0.13,-0.12,93,100,25.7,0.85,25.2,0.0859,0.9963,12.5,13.0,13.0,station
2025-01-06,12.2,12.0,12.3,12.2,11.7,11.7,11.9,12.2,12.4,11.7,12.08,0.24,0.1,85,73,30.2,1.59,7.0,0.103,0.9947,12.0,13.0,13.0,station
2025-01-07,4.6,4.3,4.2,5.3,4.1,5.1,4.5,4.8,4.7,3.6,4.5,0.48,-0.04,82,28,15.8,4.33,0.0,0.1201,0.9928,4.8,6.0,6.0,station
2025-01-08,1.7,2.1,3.3,2.2,2.2,1.8,1.9,3.0,1.6,2.3,2.3,0.6,0.18,93,87,11.8,1.82,3.1,0.1372,0.9905,2.0,3.0,3.0,station
2025-01-09,2.0,1.7,3.3,2.8,1.5,2.4,2.0,3.5,2.8,1.3,2.26,0.76,-0.14,89,34,12.4,4.53,0.8,0.1542,0.988,3.0,5.0,5.0,station
2025-01-10,1.5,0.8,2.7,0.4,-0.3,1.2,0.3,3.4,0.9,0.4,1.02,1.14,-0.22,90,38,6.3,3.52,0.0,0.1712,0.9852,1.6,2.0,2.0,station
2025-01-11,2.1,0.6,3.0,1.9,0.4,3.0,1.0,3.2,0.9,-0.1,1.6,1.09,0.0,93,9,4.9,4.8,0.0,0.1881,0.9821,2.0,5.0,5.0,station
2025-01-12,2.8,3.2,3.4,3.1,2.7,4.6,4.4,3.2,3.6,3.3,3.04,0.29,-0.78,92,94,8.0,2.67,0.0,0.205,0.9788,3.1,4.0,4.0,station
2025-01-13,5.0,5.5,6.0,6.0,5.0,5.0,5.6,5.2,5.2,5.2,5.5,0.5,0.26,82,94,11.8,4.52,0.0,0.2218,0.9751,6.1,7.0,7.0,station
2025-01-14,7.9,7.1,7.4,7.9,9.1,7.0,7.7,7.2,8.4,8.8,7.88,0.76,0.06,90,84,11.6,4.1,0.0,0.2385,0.9711,8.8,10.0,10.0,station
2025-01-15,9.8,9.0,9.6,9.9,9.2,9.4,9.1,8.7,9.9,10.0,9.5,0.39,0.08,96,100,7.5,1.53,0.0,0.2552,0.9669,9.9,10.0,10.0,station
2025-01-16,8.9,7.3,9.2,8.8,8.4,8.7,7.6,9.2,9.6,8.6,8.52,0.74,-0.22,92,90,11.4,3.16,0.0,0.2718,0.9624,9.6,10.0,10.0,station
2025-01-17,7.1,4.9,7.8,6.4,6.3,7.0,4.6,7.8,6.2,7.0,6.5,1.08,-0.02,87,96,7.8,3.14,0.0,0.2883,0.9575,6.1,6.0,6.0,station
2025-01-18,3.5,1.9,6.7,3.2,3.3,2.2,2.5,7.0,3.5,3.7,3.72,1.78,-0.06,92,95,8.2,2.67,0.0,0.3047,0.9524,3.1,4.0,4.0,station
2025-01-19,3.9,2.9,4.4,4.2,3.4,3.5,2.6,5.9,4.5,3.3,3.76,0.61,-0.2,85,100,8.9,1.53,0.0,0.3211,0.9471,3.4,4.0,4.0,station
2025-01-20,5.7,3.5,6.8,5.1,4.5,6.2,4.2,7.5,5.2,6.1,5.12,1.24,-0.72,89,93,8.9,2.31,0.1,0.3373,0.9414,6.2,6.0,6.0,station
2025-01-21,5.9,5.0,6.1,5.3,5.4,5.6,4.5,6.9,4.7,5.0,5.54,0.45,0.2,92,82,6.7,3.18,0.0,0.3534,0.9355,5.0,5.0,5.0,station
2025-01-22,4.1,3.3,4.4,4.8,4.6,4.7,4.2,5.0,5.0,5.0,4.24,0.59,-0.54,94,100,8.9,1.54,1.1,0.3695,0.9292,4.4,5.0,5.0,station
2025-01-23,7.5,8.3,8.5,9.2,7.8,8.2,8.2,8.2,9.0,7.9,8.26,0.66,-0.04,87,80,24.7,1.96,5.1,0.3854,0.9227,8.4,9.0,9.0,station
2025-01-24,10.6,11.2,10.7,12.0,9.9,11.6,11.6,10.5,12.1,10.1,10.88,0.78,-0.3,75,100,35.5,2.34,3.8,0.4012,0.916,10.9,11.0,11.0,station
2025-01-25,6.5,7.5,6.2,6.9,6.5,6.9,6.1,6.4,7.5,6.2,6.72,0.5,0.1,82,97,12.6,5.36,2.0,0.4169,0.9089,7.9,9.0,9.0,station
2025-01-26,9.5,9.3,8.6,9.5,9.1,9.1,9.1,8.5,8.1,8.7,9.2,0.37,0.5,83,77,32.3,1.45,8.4,0.4325,0.9016,9.1,10.0,10.0,station
2025-01-27,8.6,9.3,9.9,9.8,8.7,8.9,8.5,8.8,10.3,8.8,9.26,0.6,0.2,79,65,29.0,3.97,8.6,0.4479,0.8941,9.5,10.0,10.0,station
2025-01-28,10.2,9.1,9.5,10.0,9.4,8.8,9.3,8.5,8.5,9.1,9.64,0.45,0.8,83,88,25.1,3.25,1.9,0.4633,0.8862,9.7,10.0,10.0,station
2025-01-29,7.7,7.6,8.0,8.1,7.9,7.3,7.4,7.7,7.3,7.4,7.86,0.21,0.44,86,64,16.2,3.87,0.2,0.4784,0.8781,8.0,8.0,8.0,station
2025-01-30,7.1,6.5,7.5,6.9,6.4,6.9,6.4,6.9,6.6,6.1,6.88,0.45,0.3,80,38,12.5,6.78,0.0,0.4935,0.8698,7.5,8.0,8.0,station
2025-01-31,7.5,7.1,7.2,7.5,7.4,6.8,7.3,6.8,8.3,7.6,7.34,0.18,-0.02,90,94,15.8,2.19,3.3,0.5084,0.8611,7.9,7.0,7.0,station
2025-02-01,6.9,5.9,6.3,6.9,6.1,6.9,6.2,7.5,6.8,5.6,6.42,0.46,-0.18,87,81,11.0,2.87,0.0,0.5231,0.8523,6.9,6.0,6.0,station
2025-02-02,7.1,6.3,7.6,7.3,7.0,7.5,7.1,7.7,6.9,6.9,7.06,0.48,-0.16,86,16,8.6,7.12,0.0,0.5377,0.8432,7.5,8.0,8.0,station
2025-02-03,8.2,7.6,7.9,9.1,10.0,9.5,7.4,10.2,9.2,9.5,8.56,0.98,-0.6,92,63,12.2,2.68,0.0,0.5521,0.8338,8.0,9.0,9.0,station
2025-02-04,10.1,9.3,10.2,10.1,10.0,9.9,9.6,10.5,10.0,10.2,9.94,0.36,-0.1,87,90,20.1,3.61,0.2,0.5664,0.8242,9.9,10.0,10.0,station
2025-02-05,9.0,9.2,8.8,8.9,8.8,9.0,9.0,8.6,8.8,8.4,8.94,0.17,0.18,85,59,11.8,6.64,0.0,0.5805,0.8143,9.1,10.0,10.0,station
2025-02-06,7.9,6.7,8.2,8.1,7.8,7.6,6.9,8.1,7.6,7.6,7.74,0.6,0.18,85,25,16.2,6.38,0.1,0.5944,0.8042,7.4,8.0,8.0,station
2025-02-07,4.1,3.9,4.8,4.6,5.3,3.6,4.0,5.7,5.2,5.0,4.54,0.56,-0.16,86,84,21.7,2.5,5.5,0.6081,0.7938,4.0,5.0,5.0,station
2025-02-08,7.1,4.9,7.2,7.6,8.6,7.1,4.9,6.5,7.2,6.9,7.08,1.36,0.56,91,92,14.2,1.56,2.1,0.6217,0.7833,6.3,6.0,6.0,station
2025-02-09,5.3,5.5,5.5,6.1,5.9,6.6,5.3,5.8,8.6,6.7,5.66,0.33,-0.94,92,90,14.0,2.17,1.0,0.6351,0.7725,5.8,6.0,6.0,station
2025-02-10,4.2,4.1,4.8,5.1,4.5,5.0,4.5,4.8,5.1,4.3,4.54,0.42,-0.2,90,100,17.0,1.29,3.6,0.6483,0.7614,4.6,5.0,5.0,station
2025-02-11,4.8,4.0,4.0,5.7,5.4,4.8,4.0,4.4,5.6,4.9,4.78,0.78,0.04,89,100,11.5,1.85,0.0,0.6613,0.7502,5.0,5.0,5.0,station
2025-02-12,6.2,5.2,6.0,6.6,5.8,6.5,5.0,6.0,6.5,5.7,5.96,0.52,0.02,85,94,9.2,3.99,0.1,0.6741,0.7387,6.2,6.0,6.0,station
2025-02-13,5.1,4.6,5.3,5.6,4.7,4.8,4.2,6.5,5.8,3.8,5.06,0.42,0.04,82,94,11.9,3.12,0.1,0.6867,0.727,4.9,5.0,5.0,station
2025-02-14,4.5,3.5,5.9,4.5,2.8,3.7,3.5,5.9,4.4,2.1,4.24,1.17,0.32,76,71,13.9,8.35,0.0,0.6991,0.715,4.9,5.0,5.0,station
2025-02-15,5.1,4.6,4.5,5.7,5.1,5.0,4.3,6.8,4.6,4.7,5.0,0.48,-0.08,85,99,10.5,2.5,1.8,0.7113,0.7029,5.3,6.0,6.0,station
2025-02-16,4.1,4.3,5.0,4.6,3.7,4.6,5.2,5.0,5.1,5.3,4.34,0.49,-0.7,79,99,18.2,5.17,0.0,0.7233,0.6906,4.4,4.0,4.0,station
2025-02-17,4.7,4.4,5.3,5.4,4.3,5.2,4.5,6.6,5.3,4.1,4.82,0.51,-0.32,77,38,12.4,9.27,0.0,0.735,0.678,5.2,5.0,5.0,station
2025-02-18,5.9,5.0,6.5,6.9,5.3,6.1,4.7,6.5,6.2,4.6,5.92,0.79,0.3,78,86,13.0,9.64,0.0,0.7466,0.6653,6.2,6.0,6.0,station
2025-02-19,8.4,7.8,8.9,9.9,9.9,9.3,7.9,7.8,8.3,8.4,8.98,0.93,0.64,80,94,10.6,5.76,0.0,0.7579,0.6523,7.8,8.0,8.0,station
2025-02-20,12.6,12.7,11.9,12.8,12.3,13.2,12.4,12.7,12.5,12.8,12.46,0.36,-0.26,91,100,23.5,2.19,1.9,0.769,0.6392,12.8,13.0,13.0,station
2025-02-21,14.7,14.6,15.2,15.5,14.7,14.3,14.5,14.9,15.1,14.2,14.94,0.39,0.34,86,100,22.7,8.05,4.4,0.7799,0.6259,15.2,16.0,16.0,station
2025-02-22,12.6,11.9,12.2,13.3,11.3,12.6,11.8,12.6,12.7,11.6,12.26,0.75,0.0,87,78,12.0,5.57,6.1,0.7906,0.6124,12.9,14.0,14.0,station
2025-02-23,11.0,11.0,11.7,11.4,11.3,11.9,11.2,11.9,11.1,11.8,11.28,0.29,-0.3,86,80,26.1,4.69,1.2,0.801,0.5987,10.9,11.0,11.0,station
2025-02-24,13.2,12.8,12.2,14.0,11.8,13.1,12.0,12.2,12.9,12.1,12.8,0.86,0.34,86,64,27.1,6.12,12.3,0.8112,0.5848,12.8,14.0,14.0,station
2025-02-25,10.5,9.4,10.6,10.8,9.5,10.6,10.2,10.0,10.4,10.1,10.16,0.66,-0.1,81,66,11.5,6.67,0.7,0.8211,0.5708,10.4,11.0,11.0,station
2025-02-26,9.7,8.5,7.8,10.5,8.0,8.3,8.3,8.7,8.5,8.7,8.9,1.16,0.4,86,53,24.5,3.81,6.3,0.8308,0.5566,8.0,9.0,9.0,station
2025-02-27,8.9,8.0,9.0,9.3,7.5,8.8,7.6,9.2,8.9,7.0,8.54,0.76,0.24,77,28,17.0,7.89,0.0,0.8402,0.5422,9.0,10.0,10.0,station
2025-02-28,9.0,8.6,9.2,9.4,8.6,9.6,8.6,9.4,8.9,8.5,8.96,0.36,-0.04,81,19,6.6,10.66,0.0,0.8495,0.5277,8.8,9.0,9.0,station
2025-03-01,8.5,7.9,9.5,9.5,9.0,8.6,8.2,9.8,9.6,8.4,8.88,0.69,-0.04,87,43,5.9,11.3,0.0,0.8584,0.513,8.9,9.0,9.0,station
2025-03-02,7.8,8.0,9.8,9.1,8.7,8.2,8.3,9.9,8.2,9.0,8.68,0.82,-0.04,88,62,5.1,10.78,0.0,0.8671,0.4981,8.8,10.0,10.0,station
2025-03-03,9.1,9.4,10.7,10.2,9.4,8.9,9.2,10.7,9.7,8.5,9.76,0.67,0.36,84,28,4.2,12.41,0.0,0.8755,0.4831,10.2,12.0,12.0,station
2025-03-04,11.1,11.2,12.0,12.8,10.8,10.2,10.2,11.6,11.9,9.8,11.58,0.81,0.84,79,1,7.8,13.1,0.0,0.8837,0.468,11.0,14.0,14.0,station
2025-03-05,12.9,12.8,13.8,14.4,14.2,12.9,13.0,13.9,14.1,13.2,13.62,0.74,0.2,77,0,8.0,13.16,0.0,0.8916,0.4527,13.0,15.0,15.0,station
2025-03-06,13.8,15.1,13.9,14.8,15.0,13.8,15.1,14.1,15.4,14.8,14.52,0.62,-0.12,69,25,12.8,13.18,0.0,0.8993,0.4373,15.8,17.0,17.0,station
2025-03-07,14.4,15.4,12.9,15.5,16.9,14.4,14.5,14.1,14.6,15.0,15.02,1.48,0.5,75,53,12.8,12.67,0.0,0.9067,0.4218,16.0,17.0,17.0,station
2025-03-08,14.4,15.4,15.0,16.1,16.2,14.8,15.1,14.1,16.0,16.3,15.42,0.76,0.16,73,60,11.6,12.76,0.0,0.9138,0.4061,15.8,17.0,17.0,station
2025-03-09,15.6,15.6,16.9,16.3,17.8,15.7,15.4,15.1,16.0,17.4,16.44,0.93,0.52,74,46,10.6,13.53,0.0,0.9207,0.3904,16.0,16.0,16.0,station
2025-03-10,13.5,13.2,14.0,15.2,16.4,13.1,13.0,15.7,14.3,15.7,14.46,1.33,0.1,81,89,13.7,7.36,0.4,0.9272,0.3745,14.3,13.0,13.0,station
2025-03-11,8.1,7.3,9.0,8.9,9.3,7.9,6.9,8.0,8.2,8.6,8.52,0.81,0.6,75,90,17.2,8.05,0.0,0.9335,0.3585,8.2,8.0,8.0,station
2025-03-12,8.0,7.1,7.6,8.0,8.4,7.6,7.0,7.2,8.1,7.8,7.82,0.49,0.28,79,43,9.9,10.57,1.1,0.9396,0.3424,7.4,8.0,8.0,station
2025-03-13,7.4,6.7,6.5,7.7,7.2,7.3,6.7,7.6,8.2,7.5,7.1,0.49,-0.36,83,59,15.0,7.39,1.5,0.9453,0.3261,7.1,7.0,7.0,station
2025-03-14,7.9,7.3,7.8,8.2,7.7,7.2,7.1,7.7,8.4,8.1,7.78,0.33,0.08,84,50,12.1,11.22,1.5,0.9508,0.3098,8.0,8.0,8.0,station
2025-03-15,6.9,6.7,8.3,7.6,6.9,7.6,6.4,8.6,8.5,7.2,7.28,0.66,-0.38,71,39,17.9,9.62,0.0,0.956,0.2934,7.6,8.0,8.0,station
2025-03-16,8.0,8.0,9.7,8.8,9.5,7.9,7.7,9.2,8.8,8.8,8.8,0.8,0.32,75,43,16.8,12.24,0.0,0.9609,0.2769,8.3,9.0,9.0,station
2025-03-17,7.9,7.4,8.3,8.5,8.1,8.2,7.7,8.0,8.9,7.8,8.04,0.42,-0.08,80,92,16.5,6.93,0.5,0.9655,0.2604,8.0,8.0,8.0,station
2025-03-18,8.6,9.9,9.0,9.0,9.0,8.7,10.0,8.9,9.0,9.4,9.1,0.48,-0.1,71,0,14.9,16.42,0.0,0.9698,0.2437,10.0,9.0,9.0,station
2025-03-19,15.0,14.9,15.3,15.6,17.7,14.8,14.5,15.2,15.3,16.9,15.7,1.15,0.36,76,34,9.0,15.31,0.0,0.9739,0.227,16.6,18.0,18.0,station
2025-03-20,17.7,18.6,17.3,19.1,20.1,17.3,18.1,16.9,18.1,19.4,18.56,1.12,0.6,74,28,9.5,13.95,0.0,0.9777,0.2102,19.0,19.0,19.0,station
2025-03-21,16.3,15.6,15.7,16.1,19.3,16.6,15.5,15.2,16.8,18.3,16.6,1.54,0.12,73,99,14.4,10.62,0.4,0.9811,0.1934,16.8,15.0,15.0,station
2025-03-22,15.5,14.9,13.5,14.5,15.1,15.8,15.5,13.9,14.2,16.3,14.7,0.76,-0.44,87,86,12.4,8.84,1.9,0.9843,0.1765,15.4,16.0,16.0,station
2025-03-23,14.8,13.4,14.6,14.1,16.0,13.9,13.6,13.2,15.5,15.7,14.58,0.96,0.2,91,99,15.2,7.45,3.1,0.9872,0.1595,14.2,13.0,13.0,station
2025-03-24,13.4,9.7,14.5,13.4,14.3,12.6,9.9,13.1,13.3,14.0,13.06,1.94,0.48,79,71,11.4,10.87,0.0,0.9898,0.1425,12.7,13.0,13.0,station
2025-03-25,14.6,14.2,14.4,12.6,15.0,14.8,13.6,12.3,12.6,15.6,14.16,0.92,0.38,84,67,11.1,11.51,0.6,0.9921,0.1255,14.7,14.0,14.0,station
2025-03-26,15.8,13.8,16.8,16.2,16.2,15.2,14.1,16.9,15.9,17.0,15.76,1.15,-0.06,80,55,8.2,11.7,0.2,0.9941,0.1084,15.6,17.0,17.0,station
2025-03-27,15.3,14.5,17.5,16.6,17.4,15.7,14.3,17.6,16.1,17.1,16.26,1.32,0.1,83,43,11.3,16.46,0.0,0.9958,0.0913,15.1,15.0,15.0,station
2025-03-28,13.8,12.1,13.0,13.6,11.9,13.4,11.6,11.6,14.0,12.0,12.88,0.86,0.36,74,55,16.1,11.09,0.7,0.9972,0.0741,14.4,15.0,15.0,station
2025-03-29,13.4,13.0,13.2,13.5,13.1,13.3,13.0,13.0,13.3,12.3,13.24,0.21,0.26,65,45,17.1,17.89,0.0,0.9984,0.057,13.5,15.0,15.0,station
2025-03-30,15.5,15.5,15.5,15.7,16.5,15.1,15.5,15.7,15.5,16.6,15.74,0.43,0.06,66,46,19.4,17.98,0.0,0.9992,0.0398,16.1,16.0,16.0,station
2025-03-31,15.8,15.7,15.3,15.5,16.2,15.3,15.8,15.6,15.4,15.9,15.7,0.34,0.1,67,22,10.3,17.5,0.0,0.9997,0.0226,16.1,16.0,16.0,station
2025-04-01,12.7,12.9,12.4,12.5,13.4,13.0,13.2,12.2,12.8,14.3,12.78,0.4,-0.32,71,7,20.1,18.99,0.0,1.0,0.0054,13.4,13.0,13.0,station
2025-04-02,14.0,14.8,13.2,14.5,13.7,14.1,14.4,13.0,14.8,13.1,14.04,0.63,0.16,63,3,21.7,19.3,0.0,0.9999,-0.0118,15.6,15.0,15.0,station
2025-04-03,16.4,17.6,15.5,16.5,18.3,16.1,17.3,15.8,16.3,18.1,16.86,1.1,0.14,65,35,16.9,18.47,0.0,0.9996,-0.029,18.1,17.0,17.0,station
2025-04-04,18.9,20.4,18.3,19.6,20.3,18.6,19.9,17.5,19.7,19.3,19.5,0.9,0.5,60,62,15.4,18.71,0.0,0.9989,-0.0462,20.9,21.0,21.0,station
2025-04-05,16.9,16.8,16.4,16.3,17.5,16.9,16.7,17.1,17.6,17.8,16.78,0.48,-0.44,56,1,17.9,20.3,0.0,0.998,-0.0634,17.6,16.0,16.0,station
2025-04-06,13.6,14.6,12.8,13.3,13.9,13.5,14.4,12.4,13.3,12.7,13.64,0.67,0.38,57,2,15.7,20.38,0.0,0.9968,-0.0805,15.0,14.0,14.0,station
2025-04-07,13.7,14.7,13.4,13.2,14.2,14.0,15.6,14.6,14.3,14.2,13.84,0.61,-0.7,59,0,12.0,20.69,0.0,0.9952,-0.0977,14.6,14.0,14.0,station
2025-04-08,15.2,15.1,14.1,14.3,16.1,14.6,15.5,15.2,15.3,16.1,14.96,0.8,-0.38,60,33,11.5,19.26,0.0,0.9934,-0.1148,15.9,15.0,15.0,station
2025-04-09,14.6,12.8,15.2,14.8,15.2,14.7,11.3,15.4,14.7,15.7,14.52,1.0,0.16,65,24,15.2,18.25,0.0,0.9913,-0.1319,13.1,12.0,12.0,station
2025-04-10,15.8,13.6,17.2,14.9,16.1,15.3,13.4,17.9,17.0,17.6,15.52,1.35,-0.72,65,17,9.2,19.5,0.0,0.9889,-0.1489,15.6,15.0,15.0,station
2025-04-11,21.6,21.1,20.5,20.7,19.6,20.3,20.4,20.5,21.1,20.0,20.7,0.74,0.24,58,2,11.1,21.58,0.0,0.9861,-0.1659,22.5,22.0,22.0,station
2025-04-12,20.1,21.1,19.3,20.7,22.0,19.9,21.4,19.3,19.2,20.4,20.64,1.02,0.6,55,62,13.1,19.89,0.0,0.9831,-0.1828,22.4,21.0,21.0,station
2025-04-13,16.2,16.1,16.7,16.1,17.0,17.0,15.9,17.2,16.9,16.8,16.42,0.41,-0.34,57,71,16.5,17.22,0.6,0.9799,-0.1997,17.4,16.0,16.0,station
2025-04-14,15.4,15.2,14.6,15.2,15.6,14.8,15.3,14.4,15.7,15.5,15.2,0.37,0.06,66,62,18.0,13.65,0.1,0.9763,-0.2165,15.4,16.0,16.0,station
2025-04-15,17.9,15.9,16.7,17.9,16.6,18.5,16.2,17.2,18.0,13.9,17.0,0.88,0.24,81,97,18.6,11.7,14.5,0.9724,-0.2333,17.6,16.0,16.0,station
2025-04-16,14.6,14.5,14.1,14.9,14.0,14.1,14.6,14.2,14.4,14.1,14.42,0.37,0.14,62,43,24.0,20.59,0.1,0.9683,-0.25,14.6,15.0,15.0,station
2025-04-17,16.1,16.9,16.0,16.8,16.6,16.0,17.0,15.5,16.1,15.3,16.48,0.41,0.5,64,34,10.1,19.09,0.1,0.9638,-0.2666,17.0,16.0,16.0,station
2025-04-18,16.0,16.4,15.3,16.4,16.9,16.7,16.9,16.1,17.2,17.8,16.2,0.6,-0.74,61,90,20.5,13.6,0.0,0.9591,-0.2831,17.3,17.0,17.0,station
2025-04-19,14.9,14.0,13.6,14.1,15.2,13.6,13.2,12.9,14.5,15.5,14.36,0.67,0.42,60,72,20.3,18.5,0.0,0.9541,-0.2996,15.7,15.0,15.0,station
2025-04-20,14.4,13.6,13.9,13.1,16.1,13.4,13.8,14.3,13.8,12.2,14.22,1.15,0.72,69,53,14.0,19.0,0.0,0.9488,-0.316,14.7,12.0,12.0,station
2025-04-21,17.7,15.5,16.9,16.4,15.2,17.6,14.5,15.7,17.3,15.1,16.34,1.02,0.3,74,83,12.2,11.07,2.1,0.9432,-0.3322,17.3,16.0,16.0,station
2025-04-22,17.2,16.8,16.8,16.0,15.3,17.7,16.7,16.8,17.0,16.2,16.42,0.76,-0.46,63,70,16.0,18.57,0.0,0.9373,-0.3484,17.6,17.0,17.0,station
2025-04-23,12.8,12.5,11.3,13.5,13.0,12.7,12.7,15.1,12.6,11.1,12.62,0.82,-0.22,79,81,20.1,9.77,10.8,0.9312,-0.3645,11.9,12.0,12.0,station
2025-04-24,14.5,13.5,16.6,15.7,15.7,14.2,13.3,16.7,16.1,16.9,15.2,1.21,-0.24,75,63,9.8,16.6,0.0,0.9248,-0.3804,14.7,15.0,15.0,station
2025-04-25,14.3,13.7,15.1,13.4,14.9,13.7,12.6,15.4,16.2,14.9,14.28,0.74,-0.28,77,60,11.7,19.71,0.1,0.9181,-0.3963,15.4,14.0,14.0,station
2025-04-26,16.8,16.4,16.6,16.7,17.0,17.0,16.0,16.8,17.2,17.6,16.7,0.22,-0.22,75,97,10.2,18.87,0.0,0.9112,-0.412,16.8,17.0,17.0,station
2025-04-27,19.7,20.7,20.8,20.1,20.7,19.7,20.2,20.7,20.1,21.1,20.4,0.48,0.04,66,62,6.7,19.72,0.0,0.9039,-0.4276,20.5,20.0,20.0,station
2025-04-28,22.5,22.9,21.4,21.7,23.3,21.9,22.8,21.9,21.3,23.1,22.36,0.8,0.16,54,31,13.0,23.53,0.0,0.8965,-0.4431,23.3,22.0,22.0,station
2025-04-29,22.0,23.5,20.4,21.1,23.4,21.8,23.8,20.5,22.0,23.7,22.08,1.37,-0.28,52,8,12.8,25.19,0.0,0.8887,-0.4585,22.5,21.0,21.0,station
2025-04-30,25.5,26.3,23.3,23.4,25.6,24.5,25.8,23.0,24.0,25.5,24.82,1.38,0.26,59,4,12.2,25.36,0.0,0.8807,-0.4737,25.3,24.0,24.0,station
2025-05-01,28.0,28.3,25.6,27.7,28.1,27.1,28.4,25.1,27.7,27.9,27.54,1.11,0.3,52,52,12.0,23.06,0.0,0.8724,-0.4888,28.4,28.0,28.0,station
2025-05-02,25.5,23.9,24.2,24.0,25.1,26.2,23.7,23.3,24.0,26.1,24.54,0.72,-0.12,56,45,13.2,22.82,1.1,0.8639,-0.5037,25.3,23.0,23.0,station
2025-05-03,21.5,19.5,19.5,20.0,20.2,22.0,19.6,20.0,21.3,21.9,20.14,0.82,-0.82,62,42,20.7,18.81,0.0,0.8551,-0.5185,21.4,20.0,20.0,station
2025-05-04,12.8,13.3,12.1,13.2,13.9,13.0,12.8,11.5,13.7,13.2,13.06,0.67,0.22,61,44,19.0,16.26,0.0,0.846,-0.5331,13.3,13.0,13.0,station
2025-05-05,13.6,13.4,12.8,14.9,13.1,14.4,13.1,13.2,14.9,13.1,13.56,0.81,-0.18,64,54,24.2,14.64,1.1,0.8367,-0.5476,13.4,13.0,13.0,station
2025-05-06,12.9,13.2,14.7,14.3,16.1,12.9,13.3,14.8,15.1,16.3,14.24,1.28,-0.24,64,66,15.9,15.81,0.1,0.8272,-0.5619,13.7,14.0,14.0,station
2025-05-07,17.2,15.2,16.1,16.7,16.1,14.5,14.0,16.4,16.5,17.2,16.26,0.75,0.54,65,98,17.5,19.59,0.0,0.8174,-0.5761,16.4,15.0,15.0,station
2025-05-08,15.5,15.3,16.7,16.7,17.5,16.0,16.1,17.3,17.0,17.5,16.34,0.92,-0.44,62,69,14.7,17.27,0.0,0.8074,-0.59,15.9,15.0,15.0,station
2025-05-09,17.5,18.6,17.1,17.1,17.0,17.4,19.1,17.3,18.3,17.0,17.46,0.67,-0.36,55,0,17.4,26.92,0.0,0.7971,-0.6038,18.0,18.0,18.0,station
2025-05-10,21.5,22.0,19.7,20.4,21.1,21.1,21.6,19.5,20.0,20.7,20.94,0.91,0.36,53,4,18.4,26.54,0.0,0.7866,-0.6175,22.7,21.0,21.0,station
2025-05-11,23.0,24.4,22.2,22.3,24.0,22.6,23.9,21.9,22.7,24.0,23.18,0.99,0.16,56,37,14.9,24.58,0.0,0.7759,-0.6309,23.7,23.0,23.0,station
2025-05-12,23.3,21.8,20.2,22.3,24.0,24.3,22.4,21.9,24.3,23.7,22.32,1.46,-1.0,68,37,12.9,23.33,3.9,0.7649,-0.6442,23.8,24.0,24.0,station
2025-05-13,22.5,23.1,22.0,23.0,23.1,23.2,23.4,20.9,22.3,22.5,22.74,0.48,0.28,57,6,14.8,26.5,0.0,0.7537,-0.6572,23.5,22.0,22.0,station
2025-05-14,22.8,21.6,21.8,20.8,22.7,22.3,21.3,21.8,22.5,22.3,21.94,0.83,-0.1,54,21,13.7,27.21,0.0,0.7423,-0.6701,22.7,21.0,21.0,station
2025-05-15,15.6,15.1,17.3,17.3,18.3,16.7,15.5,14.8,17.5,18.5,16.72,1.33,0.12,66,76,19.0,13.14,0.0,0.7306,-0.6828,15.4,14.0,14.0,station
2025-05-16,20.1,19.4,19.9,19.6,19.5,20.5,19.5,19.9,19.9,20.2,19.7,0.29,-0.3,64,13,14.8,27.54,0.0,0.7188,-0.6952,18.5,17.0,17.0,station
2025-05-17,20.6,19.2,20.7,20.1,20.0,21.6,19.1,19.9,19.8,20.4,20.12,0.6,-0.04,60,42,14.1,22.72,0.0,0.7067,-0.7075,19.1,18.0,18.0,station
2025-05-18,20.3,17.4,18.1,19.5,19.0,20.0,16.5,20.1,19.0,19.4,18.86,1.14,-0.14,64,65,13.4,20.06,0.0,0.6945,-0.7195,18.0,16.0,16.0,station
2025-05-19,19.0,17.6,19.2,18.7,18.9,19.9,18.6,19.2,19.8,19.9,18.68,0.63,-0.8,61,47,15.0,21.88,0.1,0.682,-0.7314,19.4,20.0,20.0,station
2025-05-20,21.9,21.4,21.9,21.2,20.9,22.1,21.0,20.8,21.4,20.9,21.46,0.44,0.22,50,47,10.7,23.75,0.0,0.6693,-0.743,22.5,22.0,22.0,station
2025-05-21,18.7,17.1,16.2,17.7,17.5,21.6,18.0,17.9,18.5,18.4,17.44,0.91,-1.44,58,76,14.3,16.34,2.8,0.6564,-0.7544,18.2,18.0,18.0,station
2025-05-22,15.3,14.9,13.7,14.3,15.8,15.7,16.0,17.3,17.3,15.9,14.8,0.82,-1.64,68,43,11.7,15.79,0.2,0.6433,-0.7656,14.7,14.0,14.0,station
2025-05-23,18.2,18.1,19.7,18.7,16.9,18.7,18.0,18.3,21.1,17.4,18.32,1.02,-0.38,60,50,17.6,20.23,0.0,0.6301,-0.7765,18.5,19.0,19.0,station
2025-05-24,20.9,20.1,22.3,21.4,20.8,21.0,20.1,22.7,22.3,20.4,21.1,0.82,-0.2,76,100,20.9,12.27,3.5,0.6166,-0.7873,21.8,22.0,22.0,station
2025-05-25,19.9,19.6,19.9,19.3,18.4,19.8,19.4,19.4,19.6,18.5,19.42,0.62,0.08,61,68,23.3,23.0,1.0,0.603,-0.7978,20.1,20.0,20.0,station
2025-05-26,17.7,17.7,17.5,17.3,16.4,18.2,17.6,19.2,18.8,17.4,17.32,0.54,-0.92,62,70,22.5,15.44,0.2,0.5892,-0.808,18.2,18.0,18.0,station
2025-05-27,18.1,15.8,16.7,16.7,16.3,17.0,15.9,15.6,16.5,17.8,16.72,0.86,0.16,78,100,27.0,8.76,5.2,0.5752,-0.818,17.0,17.0,17.0,station
2025-05-28,20.2,20.1,19.2,20.2,18.4,20.6,19.8,19.8,21.3,18.8,19.62,0.8,-0.44,65,67,21.0,21.55,0.8,0.561,-0.8278,20.6,21.0,21.0,station
2025-05-29,22.7,22.2,24.0,21.4,23.0,23.2,22.6,24.1,23.1,21.7,22.66,0.96,-0.28,70,94,24.0,15.31,1.1,0.5467,-0.8373,24.5,25.0,25.0,station
2025-05-30,25.2,24.2,25.1,25.0,24.4,25.1,23.2,24.5,23.8,24.8,24.78,0.45,0.5,67,87,15.3,18.12,0.0,0.5322,-0.8466,25.5,24.0,24.0,station
2025-05-31,27.1,25.4,25.0,24.8,26.1,24.8,24.1,25.0,25.7,24.6,25.68,0.94,0.84,59,82,19.1,23.47,0.0,0.5176,-0.8556,28.1,26.0,26.0,station
2025-06-01,23.4,20.8,21.4,20.8,20.6,22.0,20.7,21.7,21.6,21.3,21.4,1.16,-0.06,54,70,21.1,22.43,0.0,0.5028,-0.8644,22.1,22.0,22.0,station
2025-06-02,22.1,21.0,21.2,20.6,20.2,21.3,20.9,21.0,20.6,20.4,21.02,0.72,0.18,49,30,19.1,25.41,0.2,0.4878,-0.8729,22.5,21.0,21.0,station
2025-06-03,18.9,17.1,17.0,17.3,17.3,19.3,18.2,20.5,17.7,17.4,17.52,0.78,-1.1,73,76,27.9,10.61,6.0,0.4728,-0.8812,17.7,17.0,17.0,station
2025-06-04,18.1,18.9,18.5,19.1,18.0,17.8,18.1,19.3,18.2,17.9,18.52,0.48,0.26,63,52,19.0,19.17,0.3,0.4575,-0.8892,18.8,19.0,19.0,station
2025-06-05,17.8,16.1,15.4,17.4,16.1,17.4,16.4,16.6,16.6,16.9,16.56,1.0,-0.22,81,100,23.3,7.9,7.8,0.4422,-0.8969,17.0,16.0,16.0,station
2025-06-06,19.2,18.1,19.1,18.7,17.9,19.0,18.1,19.3,18.5,16.4,18.6,0.58,0.34,66,63,19.9,21.52,2.0,0.4267,-0.9044,19.2,20.0,20.0,station
2025-06-07,15.3,16.6,15.5,16.9,17.3,17.6,15.9,14.9,16.8,17.1,16.32,0.88,-0.14,81,87,18.4,15.53,16.0,0.4111,-0.9116,17.5,18.0,18.0,station
2025-06-08,16.8,17.8,17.3,18.5,17.3,15.9,17.7,18.6,18.0,18.4,17.54,0.64,-0.18,64,38,18.6,21.1,0.0,0.3953,-0.9185,17.3,19.0,19.0,station
2025-06-09,18.2,19.0,18.8,19.9,21.2,18.6,19.4,19.0,20.3,20.7,19.42,1.17,-0.18,68,66,16.8,18.94,0.0,0.3795,-0.9252,19.9,21.0,21.0,station
2025-06-10,21.6,21.6,21.2,22.2,22.6,20.9,21.6,20.8,22.3,22.3,21.84,0.55,0.26,68,88,19.3,18.0,0.0,0.3635,-0.9316,22.4,22.0,22.0,station
2025-06-11,23.3,23.4,23.0,22.8,24.4,23.1,23.3,23.4,23.9,24.6,23.38,0.62,-0.28,70,61,16.6,19.26,0.0,0.3474,-0.9377,23.3,22.0,22.0,station
2025-06-12,24.9,24.3,24.9,24.2,25.2,26.0,25.2,25.8,23.5,27.1,24.7,0.43,-0.82,67,57,14.7,23.06,0.0,0.3312,-0.9436,25.4,26.0,26.0,station
2025-06-13,27.7,27.1,27.3,26.3,27.7,27.4,26.9,27.2,25.8,25.8,27.22,0.58,0.6,58,51,13.3,26.05,0.3,0.3149,-0.9491,28.8,29.0,29.0,station
2025-06-14,22.1,22.9,23.1,23.8,21.5,22.5,22.5,23.6,23.1,22.0,22.68,0.9,-0.06,63,35,20.7,27.72,12.2,0.2986,-0.9544,23.9,25.0,25.0,station
2025-06-15,23.3,23.5,23.7,23.5,23.2,21.9,22.8,22.6,23.4,22.4,23.44,0.19,0.82,60,27,17.1,22.27,0.1,0.2821,-0.9594,24.0,24.0,24.0,station
2025-06-16,28.0,26.1,26.5,25.7,25.6,26.9,25.8,25.9,26.4,26.0,26.38,0.97,0.18,54,19,10.0,26.1,0.0,0.2656,-0.9641,28.4,26.0,26.0,station
2025-06-17,27.5,27.9,26.9,26.4,26.2,27.0,27.3,26.5,26.4,26.5,26.98,0.72,0.24,52,48,14.4,28.17,0.0,0.2489,-0.9685,27.5,27.0,27.0,station
2025-06-18,28.5,28.7,27.6,27.1,27.5,27.0,28.5,27.4,27.4,26.4,27.88,0.69,0.54,50,36,9.5,28.89,0.0,0.2322,-0.9727,29.2,28.0,28.0,station
2025-06-19,31.8,30.3,29.7,28.9,30.1,30.2,30.2,27.4,26.6,26.2,30.16,1.06,2.04,47,13,16.6,28.92,0.0,0.2155,-0.9765,31.6,31.0,31.0,station
2025-06-20,27.9,29.3,26.9,27.2,27.5,28.6,28.7,26.9,29.4,28.3,27.76,0.94,-0.62,57,59,14.2,22.27,0.0,0.1986,-0.9801,28.9,27.0,27.0,station
2025-06-21,32.3,32.3,32.6,31.7,30.6,33.2,32.5,32.2,32.7,31.0,31.9,0.8,-0.42,46,38,14.1,25.35,0.0,0.1818,-0.9833,31.8,32.0,32.0,station
2025-06-22,27.0,25.3,26.8,26.2,25.9,27.4,24.8,26.9,26.6,26.1,26.24,0.69,-0.12,55,66,24.2,21.45,0.0,0.1648,-0.9863,26.8,26.0,26.0,station
2025-06-23,22.8,22.4,23.6,22.5,22.1,22.9,22.3,23.6,22.6,22.3,22.68,0.57,-0.06,51,46,21.2,25.87,0.1,0.1478,-0.989,22.9,23.0,23.0,station
2025-06-24,26.3,24.9,24.8,23.9,25.6,25.4,25.0,24.2,22.3,25.9,25.1,0.9,0.54,66,59,23.1,15.38,0.2,0.1308,-0.9914,24.6,27.0,27.0,station
2025-06-25,27.2,26.7,29.2,27.3,27.9,28.5,26.0,28.6,27.4,25.8,27.66,0.96,0.4,65,72,11.8,22.96,0.0,0.1137,-0.9935,27.9,28.0,28.0,station
2025-06-26,24.6,22.7,26.5,26.1,24.9,24.1,23.2,25.8,25.3,24.6,24.96,1.49,0.36,62,86,23.1,20.81,2.6,0.0966,-0.9953,24.7,25.0,25.0,station
2025-06-27,25.6,25.1,28.1,26.0,25.8,25.8,25.0,27.3,24.5,26.2,26.12,1.16,0.36,63,55,20.0,24.79,1.9,0.0795,-0.9968,27.3,27.0,27.0,station
2025-06-28,27.7,27.5,28.0,27.8,28.3,28.2,27.8,28.7,28.0,28.8,27.86,0.3,-0.44,68,49,17.1,19.63,0.0,0.0623,-0.9981,30.6,30.0,30.0,station
2025-06-29,31.4,29.0,30.4,29.1,29.9,30.3,29.2,31.3,30.1,30.2,29.96,0.99,-0.26,59,54,14.1,24.55,0.0,0.0451,-0.999,30.9,30.0,30.0,station
2025-06-30,32.6,31.6,33.5,30.2,31.9,31.8,32.1,34.3,31.0,32.1,31.96,1.23,-0.3,55,12,12.7,27.93,0.0,0.028,-0.9996,32.3,32.0,32.0,station
2025-07-01,33.7,32.4,34.0,32.4,32.8,34.4,32.5,32.6,30.2,33.1,33.06,0.75,0.5,49,56,11.4,24.9,0.1,0.0108,-0.9999,34.2,32.0,32.0,station
2025-07-02,25.3,22.8,23.9,23.2,24.1,26.4,22.7,25.6,22.8,23.7,23.86,0.96,-0.38,64,65,15.2,14.22,6.9,-0.0065,-1.0,23.9,23.0,23.0,station
2025-07-03,23.8,24.7,25.8,23.9,23.6,23.7,24.7,26.0,24.0,23.2,24.36,0.91,0.04,45,26,11.7,24.61,0.0,-0.0237,-0.9997,24.3,25.0,25.0,station
2025-07-04,26.8,26.4,26.9,26.6,26.3,26.7,26.3,26.8,25.5,25.7,26.6,0.25,0.4,42,63,16.9,27.87,0.0,-0.0408,-0.9992,26.7,27.0,27.0,station
2025-07-05,21.7,21.1,19.6,22.3,23.2,22.2,21.9,19.1,20.4,24.4,21.58,1.35,-0.02,66,92,23.5,11.5,1.3,-0.058,-0.9983,21.6,22.0,22.0,station
2025-07-06,21.2,20.6,20.4,22.6,20.9,22.6,20.6,22.5,22.3,22.7,21.14,0.87,-1.0,71,84,15.9,18.18,5.9,-0.0752,-0.9972,22.9,21.0,21.0,station
2025-07-07,20.0,20.3,21.1,22.0,19.3,20.1,20.4,21.7,22.2,18.2,20.54,1.04,0.02,70,71,19.3,16.3,9.3,-0.0923,-0.9957,19.5,21.0,21.0,station
2025-07-08,22.4,23.5,23.9,22.8,23.4,22.3,23.2,24.4,23.2,23.4,23.2,0.6,-0.1,61,29,13.9,27.63,0.0,-0.1094,-0.994,21.6,23.0,23.0,station
2025-07-09,24.2,26.6,26.1,25.4,27.5,23.6,26.3,25.8,25.3,27.3,25.96,1.25,0.3,65,34,7.9,21.41,0.7,-0.1265,-0.992,25.0,26.0,26.0,station
2025-07-10,28.8,29.4,30.2,29.3,30.2,28.3,28.6,29.2,29.7,30.4,29.58,0.61,0.34,58,29,13.1,28.29,0.0,-0.1436,-0.9896,29.1,29.0,29.0,station
2025-07-11,30.9,30.7,30.3,28.7,30.9,30.6,30.5,29.8,29.5,31.4,30.3,0.93,-0.06,51,5,8.8,28.25,0.0,-0.1606,-0.987,31.2,30.0,30.0,station
2025-07-12,28.8,28.6,29.1,26.8,29.4,29.4,28.7,29.1,27.5,29.1,28.54,1.02,-0.22,54,13,12.8,28.0,0.0,-0.1775,-0.9841,28.3,27.0,27.0,station
2025-07-13,27.8,27.1,28.8,26.8,28.2,27.6,27.0,29.2,27.6,27.8,27.74,0.81,-0.1,59,36,9.6,24.47,0.0,-0.1944,-0.9809,27.7,27.0,27.0,station
2025-07-14,26.2,24.6,26.6,24.5,24.8,27.4,25.5,27.7,26.3,25.4,25.34,0.98,-1.12,57,55,23.1,22.05,1.1,-0.2113,-0.9774,25.7,25.0,25.0,station
2025-07-15,22.3,21.1,22.7,22.1,22.1,20.9,18.9,22.0,20.3,21.0,22.06,0.59,1.44,58,69,24.6,18.53,0.8,-0.2281,-0.9736,22.2,22.0,22.0,station
2025-07-16,24.0,24.4,27.5,24.6,24.6,24.0,25.0,27.1,24.6,23.9,25.02,1.41,0.1,58,74,17.0,19.24,0.0,-0.2448,-0.9696,23.9,24.0,24.0,station
2025-07-17,25.7,25.2,27.3,26.2,28.0,27.6,25.7,30.3,27.4,27.7,26.48,1.15,-1.26,63,93,10.5,12.07,1.1,-0.2614,-0.9652,26.0,27.0,27.0,station
2025-07-18,28.5,28.6,29.3,28.8,28.7,28.5,28.0,30.5,28.5,29.7,28.78,0.31,-0.26,58,74,12.1,25.96,0.0,-0.278,-0.9606,29.6,29.0,29.0,station
2025-07-19,22.7,21.7,21.3,24.2,21.6,22.0,22.0,26.8,26.0,22.8,22.3,1.19,-1.62,77,92,10.6,12.36,16.3,-0.2945,-0.9557,22.6,23.0,23.0,station
2025-07-20,19.8,19.9,22.3,22.1,18.1,19.9,20.4,22.1,21.7,18.5,20.44,1.76,-0.08,80,75,16.6,14.42,8.5,-0.3109,-0.9505,20.6,22.0,22.0,station
2025-07-21,21.1,21.4,22.8,23.8,18.9,20.3,20.9,21.5,23.8,19.9,21.6,1.86,0.32,75,72,11.5,20.45,0.9,-0.3272,-0.945,22.4,25.0,25.0,station
2025-07-22,21.0,21.4,24.1,22.3,23.5,22.0,21.6,24.1,23.6,21.9,22.46,1.33,-0.18,76,62,12.8,18.27,1.1,-0.3434,-0.9392,22.6,22.0,22.0,station
2025-07-23,22.6,21.5,24.6,23.2,23.3,22.0,22.1,22.3,23.0,23.5,23.04,1.13,0.46,70,72,9.7,20.16,0.6,-0.3595,-0.9332,22.3,22.0,22.0,station
2025-07-24,20.8,21.4,20.8,21.1,23.2,21.1,21.3,22.4,23.4,25.0,21.46,1.0,-1.18,79,79,17.6,11.11,1.6,-0.3755,-0.9268,20.8,20.0,20.0,station
2025-07-25,24.6,25.7,27.3,26.4,25.6,25.4,25.4,27.6,27.2,26.9,25.92,1.0,-0.58,70,42,10.5,19.97,0.0,-0.3914,-0.9202,24.9,26.0,26.0,station
2025-07-26,23.2,22.5,24.2,23.8,24.4,22.6,23.0,25.0,24.0,23.7,23.62,0.78,-0.04,68,40,11.6,14.89,0.3,-0.4071,-0.9134,23.1,23.0,23.0,station
2025-07-27,23.7,22.3,22.6,22.5,22.6,24.9,22.6,23.0,23.0,23.4,22.74,0.55,-0.64,60,99,13.6,14.7,0.5,-0.4228,-0.9062,21.4,21.0,21.0,station
2025-07-28,24.7,23.7,23.5,24.0,23.7,24.7,23.4,22.8,24.3,24.0,23.92,0.47,0.08,51,41,13.2,20.42,0.0,-0.4383,-0.8988,24.4,23.0,23.0,station
2025-07-29,22.2,21.3,19.0,22.0,20.1,25.4,20.9,19.5,21.5,19.7,20.92,1.35,-0.48,63,73,7.7,11.55,0.7,-0.4537,-0.8912,22.6,20.0,20.0,station
2025-07-30,25.0,23.8,23.9,23.7,24.3,24.0,23.2,24.1,24.0,24.7,24.14,0.53,0.14,66,70,13.9,16.84,0.3,-0.469,-0.8832,25.1,25.0,25.0,station
2025-07-31,21.4,21.0,23.1,24.1,22.3,23.5,21.5,22.0,22.5,23.4,22.38,1.26,-0.2,79,68,12.8,9.55,22.2,-0.4841,-0.875,22.8,23.0,23.0,station
2025-08-01,20.4,19.7,21.8,20.7,20.5,20.6,20.4,23.2,23.3,20.3,20.62,0.76,-0.94,75,51,17.2,19.31,1.1,-0.4991,-0.8666,20.1,20.0,20.0,station
2025-08-02,19.9,21.4,23.4,21.6,21.5,20.6,21.9,23.4,22.7,22.1,21.56,1.24,-0.58,66,62,10.7,16.52,0.0,-0.5139,-0.8578,19.7,21.0,21.0,station
2025-08-03,22.4,23.2,25.2,24.4,24.7,22.1,22.2,23.4,23.3,23.7,23.98,1.15,1.04,77,74,16.4,15.12,0.5,-0.5286,-0.8489,22.9,24.0,24.0,station
2025-08-04,22.1,21.7,24.9,22.4,23.5,22.4,21.6,25.8,22.9,23.4,22.92,1.29,-0.3,80,77,25.1,8.29,0.6,-0.5431,-0.8397,21.7,22.0,22.0,station
2025-08-05,21.0,22.2,22.4,22.3,21.0,20.9,21.9,21.4,22.3,21.1,21.78,0.72,0.26,60,32,19.7,19.22,0.0,-0.5575,-0.8302,20.7,22.0,22.0,station
2025-08-06,21.9,23.4,24.2,23.1,23.3,22.7,23.8,25.1,23.1,22.9,23.18,0.83,-0.34,63,75,12.2,22.85,0.0,-0.5717,-0.8205,22.0,23.0,23.0,station
2025-08-07,23.8,23.1,23.2,20.8,23.1,22.7,22.7,22.9,21.1,23.9,22.8,1.16,0.14,67,83,19.3,17.23,0.0,-0.5857,-0.8105,23.0,23.0,23.0,station
2025-08-08,25.7,24.7,25.3,24.7,24.6,23.8,23.8,25.5,22.5,23.8,25.0,0.48,1.12,60,66,12.5,21.76,0.0,-0.5996,-0.8003,25.3,25.0,25.0,station
2025-08-09,25.1,25.1,25.6,24.5,25.0,24.9,25.2,25.5,24.9,25.4,25.06,0.39,-0.12,52,52,16.3,20.93,0.0,-0.6132,-0.7899,24.9,26.0,26.0,station
2025-08-10,26.6,26.4,27.2,26.0,27.4,26.9,26.5,27.1,25.9,26.6,26.72,0.58,0.12,56,4,8.7,23.8,0.0,-0.6267,-0.7792,26.4,26.0,26.0,station
2025-08-11,28.4,29.0,29.5,26.8,28.3,28.8,29.1,29.2,27.4,28.6,28.4,1.02,-0.22,57,37,11.5,23.37,0.0,-0.64,-0.7683,29.4,28.0,28.0,station
2025-08-12,30.6,31.3,30.5,29.7,29.9,31.1,31.4,30.5,30.5,31.4,30.4,0.63,-0.58,60,34,12.2,23.61,1.4,-0.6532,-0.7572,30.2,31.0,31.0,station
2025-08-13,26.8,26.0,29.2,28.5,28.5,28.3,27.7,32.6,28.8,29.4,27.8,1.34,-1.56,74,86,14.1,14.88,0.3,-0.6661,-0.7459,27.7,26.0,26.0,station
2025-08-14,27.6,26.3,29.5,28.0,26.7,29.1,27.0,29.5,28.5,27.8,27.62,1.25,-0.76,67,57,12.4,14.39,0.0,-0.6788,-0.7343,27.1,27.0,27.0,station
2025-08-15,29.9,28.2,30.4,28.9,28.9,30.0,27.9,30.7,29.5,28.9,29.26,0.88,-0.14,62,17,15.4,21.97,0.0,-0.6914,-0.7225,29.9,29.0,29.0,station
2025-08-16,24.7,22.5,26.5,24.2,25.3,23.6,22.7,27.1,24.8,25.1,24.64,1.47,-0.02,71,68,13.3,12.07,0.0,-0.7037,-0.7105,22.4,21.0,21.0,station
2025-08-17,24.0,23.2,26.2,22.7,24.1,23.1,23.6,26.7,23.2,24.4,24.04,1.34,-0.16,70,23,12.5,22.55,0.0,-0.7158,-0.6983,24.0,24.0,24.0,station
2025-08-18,22.2,20.8,24.0,22.4,23.0,21.6,21.0,24.3,23.4,21.9,22.48,1.17,0.04,71,100,13.5,11.14,0.2,-0.7277,-0.6859,21.4,21.0,21.0,station
2025-08-19,24.7,23.3,25.4,24.0,24.3,24.0,22.6,26.2,24.3,23.9,24.34,0.78,0.14,71,100,16.3,15.52,0.2,-0.7394,-0.6733,25.1,24.0,24.0,station
2025-08-20,21.1,18.1,24.1,21.0,21.5,21.6,18.6,23.8,21.5,22.3,21.16,2.13,-0.4,65,88,17.0,13.42,0.0,-0.7509,-0.6605,20.9,20.0,20.0,station
2025-08-21,20.1,19.3,22.6,19.7,21.4,20.0,19.0,22.1,21.0,21.8,20.62,1.36,-0.16,62,85,14.3,12.0,0.0,-0.7621,-0.6474,20.1,20.0,20.0,station
2025-08-22,23.4,21.9,24.2,21.4,22.0,23.1,22.2,25.3,21.6,21.6,22.58,1.17,-0.18,55,53,10.3,18.96,0.0,-0.7731,-0.6342,22.5,22.0,22.0,station
2025-08-23,22.1,22.3,21.5,21.5,22.4,20.5,21.5,23.0,20.0,21.8,21.96,0.43,0.6,58,81,8.1,12.18,0.0,-0.7839,-0.6208,21.7,22.0,22.0,station
2025-08-24,23.6,24.2,23.7,24.0,24.2,24.1,24.5,25.9,24.2,23.7,23.94,0.28,-0.54,57,49,10.1,15.88,0.0,-0.7945,-0.6073,23.9,24.0,24.0,station
2025-08-25,25.7,26.2,28.4,25.8,26.8,25.3,26.0,28.8,25.5,26.7,26.58,1.11,0.12,52,25,12.8,21.67,0.0,-0.8048,-0.5935,26.2,27.0,27.0,station
2025-08-26,26.3,24.1,26.6,25.8,25.4,26.8,23.5,26.4,26.1,24.6,25.64,0.98,0.16,59,88,19.6,14.57,0.1,-0.8149,-0.5796,25.6,25.0,25.0,station
2025-08-27,21.3,21.3,23.2,22.4,22.2,22.7,21.8,22.5,21.7,22.0,22.08,0.8,-0.06,73,74,21.3,13.38,1.1,-0.8248,-0.5655,22.0,22.0,22.0,station
2025-08-28,20.2,21.1,22.1,20.8,19.0,20.6,20.9,21.9,20.9,19.5,20.64,1.15,-0.12,74,44,19.8,17.87,1.2,-0.8344,-0.5512,20.7,21.0,21.0,station
2025-08-29,21.4,19.3,19.0,21.5,17.6,21.2,19.3,20.2,21.0,19.1,19.76,1.67,-0.4,81,75,15.7,12.08,13.7,-0.8437,-0.5368,19.9,21.0,21.0,station
2025-08-30,20.0,20.4,21.8,20.6,20.2,21.2,20.1,22.0,19.1,19.0,20.6,0.71,0.32,82,55,22.5,12.97,1.5,-0.8528,-0.5222,20.2,21.0,21.0,station
2025-08-31,19.6,20.7,21.4,20.8,20.3,20.0,20.5,21.8,20.5,20.4,20.56,0.67,-0.08,76,50,20.1,17.78,0.5,-0.8617,-0.5074,20.3,22.0,22.0,station
2025-09-01,19.9,19.4,21.1,20.3,20.7,20.2,19.5,21.3,20.2,20.6,20.28,0.66,-0.08,76,29,20.9,15.64,2.1,-0.8703,-0.4925,19.3,20.0,20.0,station
2025-09-02,18.3,18.1,17.9,19.4,19.1,18.5,18.6,18.7,18.8,20.2,18.56,0.65,-0.4,82,61,17.8,11.84,2.1,-0.8786,-0.4775,18.7,18.0,18.0,station
2025-09-03,20.3,19.3,20.2,21.7,18.1,19.7,19.6,21.5,20.5,18.4,19.92,1.33,-0.02,85,72,28.2,8.65,21.6,-0.8867,-0.4623,19.9,21.0,21.0,station
2025-09-04,19.3,17.8,20.3,19.8,17.8,18.9,17.6,20.2,20.8,16.3,19.0,1.15,0.24,75,37,20.2,15.44,6.5,-0.8945,-0.447,19.2,20.0,20.0,station
2025-09-05,20.6,21.1,22.0,21.9,20.4,20.7,20.9,22.1,21.3,20.9,21.2,0.73,0.02,76,36,9.7,17.52,0.0,-0.9021,-0.4315,20.8,22.0,22.0,station
2025-09-06,21.2,22.6,23.0,22.3,22.4,21.1,21.8,22.6,21.7,22.6,22.3,0.67,0.34,73,86,18.1,17.36,0.0,-0.9094,-0.4159,22.2,24.0,24.0,station
2025-09-07,24.1,24.2,25.1,25.2,25.9,23.3,23.0,23.9,22.9,26.1,24.9,0.75,1.06,73,59,18.2,15.96,0.0,-0.9164,-0.4002,24.8,26.0,26.0,station
2025-09-08,19.9,20.5,22.1,21.2,21.6,20.0,20.3,22.2,21.6,21.5,21.06,0.87,-0.06,71,30,13.1,17.6,0.1,-0.9232,-0.3844,19.9,22.0,22.0,station
2025-09-09,19.7,20.6,21.4,20.9,21.1,19.6,20.5,21.5,20.8,21.9,20.74,0.65,-0.12,69,28,11.2,16.71,0.5,-0.9296,-0.3685,20.2,22.0,22.0,station
2025-09-10,18.2,17.4,19.7,19.2,17.7,17.0,17.3,19.4,19.6,20.1,18.44,0.98,-0.24,79,76,17.7,9.99,3.6,-0.9358,-0.3524,18.4,19.0,19.0,station
2025-09-11,18.6,18.5,19.6,19.1,17.3,18.5,18.2,20.2,18.8,17.6,18.62,0.86,-0.04,73,21,22.7,15.44,2.4,-0.9418,-0.3363,18.2,18.0,18.0,station
2025-09-12,17.7,18.1,17.6,18.8,18.1,18.1,17.9,17.8,19.1,18.1,18.06,0.47,-0.14,72,27,17.8,15.98,2.7,-0.9474,-0.32,18.0,20.0,20.0,station
2025-09-13,16.5,17.3,18.6,19.0,16.7,17.1,17.6,18.5,19.1,17.3,17.62,1.13,-0.3,75,45,16.7,13.83,1.4,-0.9528,-0.3037,17.6,18.0,18.0,station
2025-09-14,17.6,17.5,17.7,19.1,18.4,18.0,17.7,18.2,18.8,18.1,18.06,0.68,-0.1,82,74,26.5,6.58,3.8,-0.9579,-0.2873,17.8,18.0,18.0,station
2025-09-15,18.1,18.4,19.1,19.3,17.6,17.9,18.3,19.3,19.6,17.9,18.5,0.7,-0.1,67,24,32.5,14.91,0.3,-0.9627,-0.2707,18.1,19.0,19.0,station
2025-09-16,18.3,18.4,19.0,18.9,18.4,18.2,18.0,18.3,19.1,17.8,18.6,0.32,0.32,66,54,22.4,14.0,0.0,-0.9672,-0.2541,18.5,19.0,19.0,station
2025-09-17,18.9,18.8,18.1,18.8,18.6,18.6,19.1,18.3,21.9,19.1,18.64,0.32,-0.76,84,100,27.2,4.11,0.9,-0.9714,-0.2375,19.0,19.0,19.0,station
2025-09-18,20.3,21.3,22.6,21.9,21.1,20.6,21.6,22.8,23.7,21.1,21.44,0.86,-0.52,84,86,22.0,8.29,0.0,-0.9753,-0.2207,21.7,22.0,22.0,station
2025-09-19,24.5,24.3,26.0,24.7,24.7,24.0,23.9,26.2,25.3,24.7,24.84,0.67,0.02,78,27,13.0,16.34,0.0,-0.979,-0.2039,25.8,27.0,27.0,station
2025-09-20,21.0,20.1,22.1,21.1,22.4,21.5,20.5,23.1,21.8,22.0,21.34,0.92,-0.44,80,69,24.4,9.66,0.1,-0.9824,-0.187,22.1,22.0,22.0,station
2025-09-21,16.4,14.8,16.1,15.7,14.9,15.9,14.5,14.7,14.2,14.6,15.58,0.71,0.8,62,35,22.9,13.93,0.0,-0.9854,-0.1701,16.0,16.0,16.0,station
2025-09-22,16.3,15.7,17.1,16.2,15.6,16.3,15.3,16.5,16.3,15.4,16.18,0.6,0.22,64,17,16.8,14.13,0.0,-0.9882,-0.1531,16.0,16.0,16.0,station
2025-09-23,16.5,16.1,16.6,17.5,16.6,17.1,15.9,16.4,15.9,17.3,16.66,0.51,0.14,68,52,15.5,9.07,0.0,-0.9907,-0.1361,16.8,16.0,16.0,station
2025-09-24,17.5,16.7,17.6,17.7,17.0,17.2,16.5,18.3,17.1,17.4,17.3,0.43,0.0,65,57,16.6,14.27,0.0,-0.9929,-0.1191,17.7,17.0,17.0,station
2025-09-25,17.7,18.0,18.0,17.5,17.4,18.0,17.7,17.8,18.0,17.5,17.72,0.28,-0.08,59,40,17.8,14.86,0.0,-0.9948,-0.102,18.5,18.0,18.0,station
2025-09-26,16.5,15.3,15.7,16.5,15.9,15.9,15.0,15.5,15.4,15.7,15.98,0.52,0.48,70,77,15.7,8.8,0.4,-0.9964,-0.0848,16.4,15.0,15.0,station
2025-09-27,17.5,17.0,18.0,17.7,17.4,18.0,17.2,17.3,17.8,17.9,17.52,0.37,-0.12,72,51,14.8,10.49,0.1,-0.9977,-0.0677,17.8,17.0,17.0,station
2025-09-28,16.9,17.2,17.7,17.1,19.2,17.2,16.7,20.0,17.5,17.9,17.62,0.93,-0.24,82,62,9.4,5.11,0.3,-0.9987,-0.0505,17.3,17.0,17.0,station
2025-09-29,17.9,18.1,18.5,18.0,16.8,18.3,18.3,18.9,18.3,17.5,17.86,0.63,-0.4,73,52,6.2,12.89,0.0,-0.9994,-0.0333,17.9,18.0,18.0,station
2025-09-30,18.8,19.1,19.6,18.3,19.1,18.5,19.1,19.6,18.3,18.5,18.98,0.48,0.18,73,22,4.8,13.75,0.0,-0.9999,-0.0161,18.6,20.0,20.0,station
2025-10-01,17.8,17.5,17.8,18.3,18.9,17.0,17.9,19.6,18.5,18.8,18.06,0.55,-0.3,80,91,8.3,6.23,0.0,-1.0,0.0011,17.9,18.0,18.0,station
2025-10-02,18.4,18.6,20.3,19.1,20.0,19.3,18.9,20.4,18.3,20.4,19.28,0.84,-0.18,78,96,16.7,8.58,0.0,-0.9998,0.0183,19.0,19.0,19.0,station
2025-10-03,17.8,17.8,17.5,18.8,17.5,17.7,17.6,18.5,18.2,18.0,17.88,0.54,-0.12,84,100,29.4,1.92,10.9,-0.9994,0.0355,18.0,18.0,18.0,station
2025-10-04,17.9,17.7,17.4,18.8,17.6,17.5,16.8,17.6,18.6,17.3,17.88,0.54,0.32,70,53,30.2,10.86,4.4,-0.9986,0.0527,17.3,18.0,18.0,station
2025-10-05,15.7,15.8,16.0,16.1,16.0,15.6,15.5,15.9,15.8,15.9,15.92,0.16,0.18,66,37,21.2,11.96,0.0,-0.9976,0.0698,15.7,17.0,17.0,station
2025-10-06,18.3,18.9,20.4,19.2,20.1,18.4,18.9,20.5,19.1,19.6,19.38,0.86,0.08,80,45,11.2,12.03,0.0,-0.9962,0.087,18.6,21.0,21.0,station
2025-10-07,17.6,17.0,19.3,17.6,19.1,17.1,16.9,18.8,17.0,19.0,18.12,1.02,0.36,81,91,12.3,8.65,0.0,-0.9946,0.1041,17.0,17.0,17.0,station
2025-10-08,17.1,16.5,17.1,17.4,17.5,16.4,16.6,17.8,17.3,18.1,17.12,0.39,-0.12,86,80,7.7,4.95,0.0,-0.9926,0.1212,16.6,17.0,17.0,station
2025-10-09,16.4,17.1,18.7,16.7,16.9,17.3,17.5,18.8,17.6,17.0,17.16,0.9,-0.48,80,64,11.2,9.82,0.0,-0.9904,0.1383,15.2,15.0,15.0,station
2025-10-10,16.1,15.1,19.3,17.6,16.7,16.1,16.0,19.2,17.6,17.2,16.96,1.59,-0.26,84,98,6.9,6.68,0.0,-0.9879,0.1553,15.7,15.0,15.0,station
2025-10-11,15.3,14.9,18.2,16.2,16.2,16.3,14.9,17.9,16.8,16.7,16.16,1.27,-0.36,81,63,3.7,9.97,0.0,-0.9851,0.1722,14.9,16.0,16.0,station
2025-10-12,16.4,14.6,18.6,16.4,17.0,16.2,14.0,19.2,16.9,17.1,16.6,1.44,-0.08,86,55,9.2,11.01,0.0,-0.9819,0.1892,15.2,16.0,16.0,station
2025-10-13,16.6,15.9,18.4,17.3,16.4,17.3,15.8,17.6,17.8,17.0,16.92,0.97,-0.18,88,100,12.8,3.72,0.2,-0.9785,0.206,15.7,16.0,16.0,station
2025-10-14,15.5,13.9,15.5,16.3,15.4,17.0,14.8,18.9,16.9,15.4,15.32,0.87,-1.28,86,100,11.1,4.23,0.1,-0.9749,0.2228,13.9,13.0,13.0,station
2025-10-15,13.9,12.9,16.9,14.5,14.8,15.3,13.6,16.2,15.7,14.9,14.6,1.48,-0.54,85,95,10.7,3.38,0.0,-0.9709,0.2396,13.2,14.0,14.0,station
2025-10-16,15.3,14.4,16.6,15.9,15.5,14.9,13.9,17.4,16.1,15.1,15.54,0.81,0.06,85,75,8.1,5.09,0.0,-0.9666,0.2562,15.6,16.0,16.0,station
2025-10-17,14.7,14.2,16.8,15.7,15.5,13.7,14.0,17.2,14.8,14.6,15.38,1.0,0.52,81,73,8.3,7.46,0.0,-0.9621,0.2728,15.0,15.0,15.0,station
2025-10-18,14.7,15.0,15.0,15.4,14.8,14.5,15.1,15.3,14.6,14.1,14.98,0.27,0.26,73,100,13.3,5.25,0.0,-0.9572,0.2893,14.9,16.0,16.0,station
2025-10-19,14.8,15.0,15.0,15.9,16.9,14.4,14.9,14.5,15.3,16.4,15.52,0.88,0.42,86,98,19.1,2.61,12.8,-0.9521,0.3057,15.2,15.0,15.0,station
2025-10-20,14.8,14.3,14.1,16.0,13.8,15.1,14.3,14.1,15.9,13.7,14.6,0.86,-0.02,89,81,17.6,4.79,2.3,-0.9467,0.3221,14.6,15.0,15.0,station
2025-10-21,15.2,15.8,16.2,16.0,14.1,15.4,15.8,15.9,16.0,14.2,15.46,0.85,0.0,85,69,17.6,6.17,0.1,-0.941,0.3383,15.5,16.0,16.0,station
2025-10-22,14.5,14.5,15.0,15.2,13.3,14.5,14.6,15.1,14.5,13.3,14.5,0.74,0.1,85,90,15.2,7.02,7.8,-0.9351,0.3545,14.9,16.0,16.0,station
2025-10-23,12.6,10.4,15.3,12.4,12.8,11.0,10.5,15.9,11.9,13.2,12.7,1.74,0.2,84,95,26.7,2.71,18.8,-0.9288,0.3705,11.8,12.0,12.0,station
2025-10-24,12.2,12.3,12.4,12.8,10.0,12.5,12.1,12.4,12.4,9.7,11.94,1.11,0.12,75,14,19.2,8.85,0.0,-0.9223,0.3864,12.0,13.0,13.0,station
2025-10-25,11.3,11.0,10.7,12.0,10.2,11.0,10.9,10.8,11.5,9.3,11.04,0.67,0.34,77,46,16.9,7.2,0.4,-0.9155,0.4022,11.9,12.0,12.0,station
2025-10-26,10.9,10.3,11.4,11.3,10.7,10.3,10.3,11.4,11.1,10.9,10.92,0.45,0.12,78,55,18.9,6.71,0.6,-0.9085,0.4179,10.8,11.0,11.0,station
2025-10-27,12.8,13.3,13.5,14.0,12.2,12.4,12.8,12.8,14.2,12.0,13.16,0.69,0.32,71,69,27.2,6.95,0.0,-0.9012,0.4335,12.8,14.0,14.0,station
2025-10-28,14.0,14.6,14.6,15.5,13.2,14.0,14.6,15.2,14.9,13.8,14.38,0.85,-0.12,75,81,19.6,7.48,0.8,-0.8936,0.4489,14.4,15.0,15.0,station
2025-10-29,12.7,12.3,13.4,13.8,14.5,14.1,12.7,12.8,14.0,13.2,13.34,0.87,-0.02,90,88,14.9,1.39,7.6,-0.8857,0.4642,12.5,13.0,13.0,station
2025-10-30,13.2,13.2,13.2,14.4,12.0,13.4,13.2,13.0,13.6,13.1,13.2,0.85,-0.06,81,63,17.8,6.1,0.0,-0.8776,0.4794,13.1,14.0,14.0,station
2025-10-31,15.4,15.2,15.5,16.3,14.8,15.7,15.3,15.1,16.8,15.1,15.44,0.55,-0.16,84,90,23.3,4.05,3.0,-0.8692,0.4944,15.8,17.0,17.0,station
2025-11-01,15.0,15.2,15.2,15.9,14.0,14.6,15.2,15.1,15.4,14.6,15.06,0.68,0.08,80,61,25.8,7.3,4.4,-0.8606,0.5093,15.6,16.0,16.0,station
2025-11-02,11.8,11.7,12.3,12.5,10.3,11.9,12.0,12.1,11.9,10.3,11.72,0.86,0.08,80,42,14.8,6.43,2.6,-0.8517,0.524,12.2,13.0,13.0,station
2025-11-03,16.1,15.9,16.3,16.5,15.6,15.8,15.8,16.2,16.4,15.6,16.08,0.35,0.12,84,84,21.2,5.21,0.4,-0.8426,0.5386,15.9,17.0,17.0,station
2025-11-04,15.0,15.2,15.7,15.2,15.2,15.0,15.4,15.7,15.2,15.0,15.26,0.26,0.0,83,91,20.3,4.97,0.9,-0.8332,0.553,15.5,17.0,17.0,station
2025-11-05,17.0,16.7,16.6,16.9,16.3,16.7,16.6,16.6,16.3,17.2,16.7,0.27,0.02,75,89,20.0,3.98,0.0,-0.8235,0.5672,17.3,17.0,17.0,station
2025-11-06,15.4,15.6,17.3,17.1,17.6,15.8,15.9,18.0,16.6,18.6,16.6,1.02,-0.38,86,98,14.1,3.08,8.0,-0.8137,0.5813,16.4,17.0,17.0,station
2025-11-07,14.5,14.8,16.3,15.7,14.9,15.5,14.7,15.9,15.6,15.5,15.24,0.74,-0.2,93,72,14.9,3.54,0.8,-0.8035,0.5952,15.0,16.0,16.0,station
2025-11-08,13.6,13.6,14.2,14.7,14.0,13.4,13.6,14.9,14.9,13.5,14.02,0.46,-0.04,88,61,12.9,4.1,3.1,-0.7932,0.609,14.0,15.0,15.0,station
2025-11-09,14.2,14.1,14.4,14.2,14.4,14.4,14.1,14.4,14.2,14.4,14.26,0.13,-0.04,87,49,16.1,5.41,0.0,-0.7826,0.6225,14.2,15.0,15.0,station
2025-11-10,13.3,13.0,14.1,14.6,13.7,13.6,12.7,13.3,13.9,13.6,13.74,0.63,0.32,90,81,19.3,1.08,6.8,-0.7718,0.6359,13.2,14.0,14.0,station
2025-11-11,14.6,14.7,14.7,15.7,14.0,14.4,14.5,14.8,14.8,13.5,14.74,0.61,0.34,85,91,22.1,4.0,0.6,-0.7607,0.6491,14.8,15.0,15.0,station
2025-11-12,15.6,15.7,15.8,15.7,16.0,15.0,15.4,14.6,14.7,15.5,15.76,0.15,0.72,81,93,23.7,4.83,0.4,-0.7494,0.6621,16.5,17.0,17.0,station
2025-11-13,15.9,15.7,16.3,16.3,16.5,16.3,15.4,16.5,15.5,16.2,16.14,0.33,0.16,85,80,15.8,5.01,4.7,-0.7379,0.6749,16.7,17.0,17.0,station
2025-11-14,14.8,14.2,14.0,15.4,14.4,13.6,13.6,12.8,13.3,13.2,14.56,0.55,1.26,96,87,13.2,1.13,11.4,-0.7262,0.6875,14.3,14.0,14.0,station
2025-11-15,13.6,13.3,14.4,15.0,13.8,13.4,13.0,13.5,15.3,13.7,14.02,0.68,0.24,95,96,9.5,2.94,0.2,-0.7143,0.6998,13.2,13.0,13.0,station
2025-11-16,10.8,10.2,11.5,11.8,10.9,11.4,10.6,12.1,11.8,11.8,11.04,0.63,-0.5,83,91,12.7,1.65,0.9,-0.7021,0.712,10.7,10.0,10.0,station
2025-11-17,8.0,7.8,8.6,8.8,6.9,8.1,7.8,8.4,8.8,7.2,8.02,0.75,-0.04,79,19,16.6,5.4,0.0,-0.6898,0.724,7.7,8.0,8.0,station
2025-11-18,7.6,7.1,6.9,7.8,6.6,7.2,6.3,6.6,8.1,6.3,7.2,0.49,0.3,89,36,12.6,3.99,0.1,-0.6772,0.7358,6.7,7.0,7.0,station
2025-11-19,5.3,5.4,7.2,6.0,4.8,5.2,5.9,6.1,6.0,4.3,5.74,0.92,0.24,86,74,26.5,2.42,7.2,-0.6645,0.7473,5.2,6.0,6.0,station
2025-11-20,3.3,2.8,4.2,4.5,2.4,3.6,2.5,4.2,4.5,2.8,3.44,0.9,-0.08,75,44,15.1,4.53,0.0,-0.6515,0.7586,3.7,4.0,4.0,station
2025-11-21,5.2,5.0,6.2,6.1,5.4,5.0,5.0,5.6,5.3,5.5,5.58,0.54,0.3,85,22,14.1,5.5,0.0,-0.6384,0.7697,5.7,7.0,7.0,station
2025-11-22,7.8,7.1,7.5,9.1,7.7,8.3,7.3,8.2,8.8,8.6,7.84,0.75,-0.4,83,99,19.5,0.99,8.6,-0.625,0.7806,7.8,8.0,8.0,station
2025-11-23,10.0,9.7,9.8,10.8,9.8,10.1,9.5,9.2,11.3,8.9,10.02,0.45,0.22,85,47,22.2,4.2,9.2,-0.6115,0.7912,10.2,11.0,11.0,station
2025-11-24,6.1,6.7,7.3,8.4,8.1,6.9,6.9,7.9,8.4,6.7,7.32,0.95,-0.04,87,68,17.8,2.04,0.8,-0.5978,0.8016,6.9,7.0,7.0,station
2025-11-25,6.5,6.5,7.0,7.3,6.4,6.4,6.5,7.6,7.8,5.9,6.74,0.39,-0.1,81,44,16.9,3.44,0.0,-0.584,0.8118,6.6,7.0,7.0,station
2025-11-26,8.1,7.6,8.0,8.2,7.8,8.4,7.5,6.4,6.3,8.9,7.94,0.24,0.44,88,48,15.2,4.94,0.2,-0.5699,0.8217,8.5,9.0,9.0,station
2025-11-27,13.3,13.0,13.1,14.1,13.3,13.1,13.0,13.0,13.3,13.1,13.36,0.43,0.26,92,100,19.9,1.67,1.0,-0.5557,0.8314,13.2,14.0,14.0,station
2025-11-28,13.3,12.6,12.8,13.6,13.1,13.3,12.7,12.7,13.4,12.9,13.08,0.4,0.08,86,77,18.5,3.92,0.2,-0.5413,0.8408,13.2,13.0,13.0,station
2025-11-29,10.9,11.0,11.1,12.3,11.1,10.8,11.2,10.7,11.5,11.1,11.28,0.58,0.22,87,79,23.7,1.08,3.3,-0.5268,0.85,11.5,12.0,12.0,station
2025-11-30,7.1,7.5,7.9,8.0,6.9,6.2,6.7,6.2,7.2,6.9,7.48,0.48,0.84,80,35,12.9,4.57,0.0,-0.5121,0.859,7.5,9.0,9.0,station
2025-12-01,12.3,11.7,11.2,12.5,11.1,11.8,11.4,10.5,12.1,10.6,11.76,0.63,0.48,86,100,30.9,0.69,5.1,-0.4972,0.8676,11.7,12.0,12.0,station
2025-12-02,10.9,10.3,10.9,11.5,10.2,10.7,11.0,10.4,11.2,10.3,10.76,0.53,0.04,87,55,24.2,4.08,3.9,-0.4822,0.8761,10.8,11.0,11.0,station
2025-12-03,9.1,8.4,9.8,10.6,10.3,9.2,8.5,10.2,9.9,10.0,9.64,0.9,0.08,88,32,13.2,3.91,0.6,-0.4671,0.8842,9.5,11.0,11.0,station
2025-12-04,8.8,8.5,8.8,9.5,8.5,8.0,8.4,8.7,8.6,9.1,8.82,0.41,0.26,91,72,19.8,0.63,6.3,-0.4518,0.8921,8.0,8.0,8.0,station
2025-12-05,8.8,9.0,9.9,10.0,8.3,9.1,8.0,8.0,9.1,8.7,9.2,0.73,0.62,86,61,32.1,3.76,5.2,-0.4364,0.8998,9.0,10.0,10.0,station
2025-12-06,11.9,11.3,11.1,12.7,10.5,11.6,10.9,11.6,12.4,10.0,11.5,0.84,0.2,84,68,21.9,2.98,1.1,-0.4208,0.9071,12.1,13.0,13.0,station
2025-12-07,14.1,14.0,14.1,14.7,14.0,14.0,13.7,14.1,14.4,13.9,14.18,0.29,0.16,89,91,26.0,0.6,4.5,-0.4052,0.9142,14.1,15.0,15.0,station
2025-12-08,13.1,12.9,12.7,14.2,13.4,12.8,12.7,12.1,13.7,13.2,13.26,0.59,0.36,87,98,17.2,1.93,0.4,-0.3894,0.9211,13.8,15.0,15.0,station
2025-12-09,14.4,13.9,14.1,14.4,13.3,14.1,14.6,13.6,14.2,13.1,14.02,0.45,0.1,82,98,25.5,1.39,6.8,-0.3735,0.9276,14.4,15.0,15.0,station
2025-12-10,12.5,12.6,12.6,13.4,12.9,12.8,12.6,12.4,13.0,13.1,12.8,0.37,0.02,81,31,20.6,3.78,0.0,-0.3575,0.9339,12.9,14.0,14.0,station
2025-12-11,11.1,10.7,11.7,10.7,12.1,10.6,10.2,11.4,10.5,12.2,11.26,0.62,0.28,89,63,13.9,3.77,0.0,-0.3413,0.9399,11.7,13.0,13.0,station
2025-12-12,11.9,11.6,12.4,13.0,12.5,12.1,11.4,11.7,12.2,12.0,12.28,0.54,0.4,89,99,13.2,1.93,0.1,-0.3251,0.9457,12.2,13.0,13.0,station
2025-12-13,8.9,8.7,9.5,10.3,9.1,8.9,8.8,9.4,9.7,9.1,9.3,0.63,0.12,90,47,11.9,3.98,0.0,-0.3088,0.9511,9.4,11.0,11.0,station
2025-12-14,10.1,10.2,10.7,10.8,10.5,10.4,10.2,10.8,10.7,10.9,10.46,0.3,-0.14,87,48,18.0,3.16,0.0,-0.2924,0.9563,10.6,11.0,11.0,station
2025-12-15,11.4,10.5,12.0,11.3,11.9,10.9,10.2,11.2,10.6,11.7,11.42,0.6,0.5,87,84,18.0,2.43,0.0,-0.2759,0.9612,11.2,11.0,11.0,station
2025-12-16,11.8,11.2,11.4,12.0,12.4,10.8,10.2,11.1,11.3,11.8,11.76,0.48,0.72,91,96,13.3,1.23,2.4,-0.2593,0.9658,11.7,13.0,13.0,station
2025-12-17,9.8,9.7,10.0,10.7,10.2,9.8,9.5,9.5,10.5,9.8,10.08,0.4,0.26,87,81,21.9,1.85,0.0,-0.2427,0.9701,9.9,11.0,11.0,station
2025-12-18,11.8,11.9,12.8,12.2,11.9,11.8,12.1,12.3,12.7,11.5,12.12,0.41,0.04,89,100,30.8,0.51,17.1,-0.226,0.9741,12.8,13.0,13.0,station
2025-12-19,10.9,11.0,12.1,12.1,11.8,11.2,10.8,11.0,11.5,10.1,11.58,0.59,0.66,81,45,18.2,3.81,0.6,-0.2092,0.9779,11.4,11.0,11.0,station
2025-12-20,8.9,8.1,9.2,9.7,8.9,9.3,8.3,8.8,8.2,9.0,8.96,0.58,0.24,89,27,11.1,3.79,0.0,-0.1923,0.9813,9.3,10.0,10.0,station
2025-12-21,10.1,10.1,10.6,10.4,10.6,9.6,9.6,10.2,9.7,10.4,10.36,0.25,0.46,96,93,16.6,1.61,4.9,-0.1754,0.9845,10.5,11.0,11.0,station
2025-12-22,10.9,10.1,10.8,11.4,10.7,10.8,9.8,9.8,10.3,10.3,10.78,0.47,0.58,95,100,13.5,1.99,1.8,-0.1585,0.9874,10.7,10.0,10.0,station
2025-12-23,7.0,7.2,8.1,9.1,7.2,7.3,7.4,8.2,7.7,7.7,7.72,0.88,0.06,89,100,15.9,1.17,0.0,-0.1414,0.9899,7.7,9.0,9.0,station
2025-12-24,6.0,5.9,7.1,6.5,5.1,5.9,6.0,6.5,6.8,5.4,6.12,0.74,0.0,76,72,25.4,2.89,0.0,-0.1244,0.9922,6.0,7.0,7.0,station
2025-12-25,4.5,4.4,5.3,5.5,4.4,4.7,4.5,5.7,4.7,4.3,4.82,0.54,0.04,72,38,22.4,3.72,0.0,-0.1073,0.9942,5.2,6.0,6.0,station
2025-12-26,5.9,4.0,6.4,6.5,6.0,5.8,3.9,6.5,6.1,5.4,5.76,1.02,0.22,84,96,17.7,1.92,0.0,-0.0902,0.9959,5.9,6.0,6.0,station
2025-12-27,7.9,7.8,8.0,8.6,8.9,8.2,7.3,8.0,8.7,8.7,8.24,0.48,0.06,88,49,20.0,2.98,0.0,-0.073,0.9973,7.7,8.0,8.0,station
2025-12-28,7.7,7.1,7.6,7.6,7.3,7.5,6.8,7.7,8.1,7.6,7.46,0.25,-0.08,81,87,13.6,2.11,0.0,-0.0559,0.9984,7.3,7.0,7.0,station
2025-12-29,6.2,5.8,7.6,6.5,6.1,6.0,5.7,7.3,7.3,6.5,6.44,0.69,-0.12,85,76,11.1,2.08,0.0,-0.0387,0.9993,6.2,7.0,7.0,station
2025-12-30,6.2,5.8,6.6,6.6,5.8,6.3,5.9,6.4,6.4,5.8,6.2,0.4,0.04,84,74,11.8,2.23,0.0,-0.0215,0.9998,6.0,7.0,7.0,station
2025-12-31,3.6,3.5,5.0,4.4,3.1,3.7,3.6,5.0,4.0,2.6,3.92,0.77,0.14,92,12,11.6,3.71,0.0,-0.0043,1.0,2.8,,,
2026-01-01,5.9,5.8,5.8,5.7,5.5,5.6,5.8,5.4,5.8,5.1,5.74,0.15,0.2,84,71,18.7,3.4,0.0,0.0172,0.9999,5.7,6.0,6.0,station
2026-01-02,3.7,3.2,3.7,4.3,3.0,3.7,3.0,3.3,3.6,3.7,3.58,0.51,0.12,77,20,16.6,4.26,0.5,0.0344,0.9994,3.4,4.0,4.0,station
2026-01-03,2.2,1.7,2.7,2.7,0.9,2.2,1.3,2.2,2.3,1.3,2.04,0.76,0.18,74,3,15.4,4.32,0.0,0.0516,0.9987,2.2,3.0,3.0,station
2026-01-04,1.9,1.9,2.0,2.1,1.2,2.1,1.6,1.6,1.6,1.5,1.82,0.36,0.14,77,13,10.9,4.38,0.0,0.0688,0.9976,1.6,3.0,3.0,station
2026-01-05,1.3,0.4,2.2,1.5,0.3,1.1,0.3,1.3,0.9,1.3,1.14,0.8,0.16,82,21,10.8,4.42,0.1,0.0859,0.9963,1.3,2.0,2.0,station
2026-01-06,3.8,3.4,3.9,4.6,3.6,2.9,3.2,3.6,2.7,3.7,3.86,0.46,0.64,84,58,20.0,2.18,0.6,0.103,0.9947,3.7,5.0,5.0,station
2026-01-07,4.9,4.4,5.2,5.7,5.1,4.6,4.9,4.0,5.5,5.4,5.06,0.47,0.18,84,53,20.9,4.28,8.1,0.1201,0.9928,5.7,6.0,6.0,station
2026-01-08,6.2,6.3,9.5,7.0,9.6,7.7,7.2,8.8,4.8,9.3,7.72,1.7,0.16,93,96,24.9,0.91,13.5,0.1372,0.9905,6.8,7.0,7.0,station
2026-01-09,5.9,6.5,6.1,8.2,7.9,7.0,7.6,8.7,5.2,8.2,6.92,1.06,-0.42,88,100,26.6,1.14,3.6,0.1542,0.988,6.1,7.0,7.0,station
2026-01-10,3.5,2.3,3.7,3.6,2.7,3.3,2.3,2.9,3.8,2.7,3.16,0.62,0.16,86,78,17.7,3.02,0.0,0.1712,0.9852,3.1,3.0,3.0,station
2026-01-11,9.6,9.2,9.0,9.6,9.8,8.0,8.6,8.5,8.0,9.9,9.44,0.33,0.84,86,100,29.3,1.3,1.8,0.1881,0.9821,9.3,10.0,10.0,station
2026-01-12,11.2,10.8,10.6,12.2,10.6,11.0,10.8,10.9,11.8,10.8,11.08,0.67,0.02,90,85,25.7,2.27,1.0,0.205,0.9788,10.8,11.0,11.0,station
2026-01-13,10.4,10.5,10.6,11.2,11.1,10.5,10.4,10.1,10.7,10.4,10.76,0.36,0.34,94,100,20.1,0.72,12.3,0.2218,0.9751,10.4,11.0,11.0,station
2026-01-14,9.2,9.0,9.1,9.6,9.9,8.3,6.8,8.1,9.6,9.9,9.36,0.38,0.82,90,48,14.3,4.65,0.4,0.2385,0.9711,9.3,10.0,10.0,station
2026-01-15,9.1,9.5,9.7,10.1,9.9,8.8,8.5,9.2,8.8,8.8,9.66,0.38,0.84,93,91,24.1,0.63,14.1,0.2552,0.9669,9.6,10.0,10.0,station
2026-01-16,9.6,9.0,9.5,10.0,9.1,9.4,8.9,9.2,9.7,9.1,9.44,0.4,0.18,90,78,13.3,4.47,0.5,0.2718,0.9624,9.6,10.0,10.0,station
2026-01-17,9.5,9.1,10.2,10.4,9.6,9.2,8.6,9.1,10.1,9.9,9.76,0.53,0.38,92,82,11.8,3.46,4.6,0.2883,0.9575,10.0,11.0,11.0,station
2026-01-18,9.3,9.0,9.6,10.8,10.6,9.6,8.5,9.0,9.2,11.3,9.86,0.8,0.34,94,90,9.5,3.43,0.4,0.3047,0.9524,11.1,11.0,11.0,station
2026-01-19,10.6,9.7,10.4,11.4,10.9,10.3,9.6,9.5,10.6,10.8,10.6,0.63,0.44,91,71,13.6,2.08,1.2,0.3211,0.9471,10.5,11.0,11.0,station
2026-01-20,9.6,9.4,9.5,9.9,9.8,9.3,9.3,9.3,9.7,9.5,9.64,0.21,0.22,86,87,25.0,3.98,2.9,0.3373,0.9414,10.0,10.0,10.0,station
2026-01-21,9.5,9.5,9.4,9.9,9.1,9.5,9.5,9.9,9.4,8.9,9.48,0.29,0.04,89,83,26.8,0.91,14.2,0.3534,0.9355,9.9,10.0,10.0,station
2026-01-22,9.9,9.4,9.5,10.1,9.2,9.7,9.4,9.6,9.6,9.2,9.62,0.37,0.12,90,92,17.8,1.6,2.5,0.3695,0.9292,9.8,9.0,9.0,station
2026-01-23,8.4,8.2,8.4,9.2,7.8,7.7,7.6,8.1,8.0,7.2,8.4,0.51,0.68,86,76,21.1,2.28,4.0,0.3854,0.9227,8.8,9.0,9.0,station
2026-01-24,8.0,8.5,8.1,9.2,8.7,8.2,8.6,8.8,8.5,8.5,8.5,0.48,-0.02,82,71,20.2,5.39,2.7,0.4012,0.916,9.3,9.0,9.0,station
2026-01-25,7.7,6.9,8.5,8.6,8.0,7.3,7.3,7.8,8.6,7.5,7.94,0.69,0.24,91,91,19.3,3.19,2.6,0.4169,0.9089,7.6,8.0,8.0,station
2026-01-26,6.9,5.7,6.7,7.1,6.3,6.9,5.4,7.0,7.5,5.5,6.54,0.55,0.08,88,100,15.2,2.33,0.2,0.4325,0.9016,6.2,6.0,6.0,station
2026-01-27,9.3,7.3,8.6,10.3,8.9,9.5,7.2,9.0,10.0,9.7,8.88,1.09,-0.2,90,89,27.0,1.13,15.3,0.4479,0.8941,9.2,10.0,10.0,station
2026-01-28,8.4,7.2,8.4,9.7,8.9,8.0,8.0,8.5,9.7,8.3,8.52,0.91,0.02,89,49,12.1,5.75,0.1,0.4633,0.8862,8.9,10.0,10.0,station
2026-01-29,6.3,5.6,7.1,6.3,6.1,6.6,5.3,8.5,7.8,6.0,6.28,0.54,-0.56,90,85,14.5,3.73,0.0,0.4784,0.8781,6.8,7.0,7.0,station
2026-01-30,10.4,9.1,9.7,11.0,9.8,9.5,8.5,9.8,9.5,9.6,10.0,0.72,0.62,89,82,19.6,5.35,5.5,0.4935,0.8698,10.5,11.0,11.0,station
2026-01-31,9.6,9.4,9.7,10.3,9.5,9.7,10.2,8.3,10.4,8.3,9.7,0.35,0.32,87,65,12.9,5.41,0.7,0.5084,0.8611,9.6,11.0,11.0,station
2026-02-01,7.4,8.8,8.1,10.4,9.4,9.8,9.3,10.1,9.7,9.3,8.82,1.16,-0.82,93,92,11.6,1.85,4.3,0.5231,0.8523,9.5,9.0,9.0,station
2026-02-02,8.0,7.3,9.2,8.3,8.2,7.8,7.2,7.7,8.7,7.3,8.2,0.68,0.46,91,85,18.4,3.7,0.3,0.5377,0.8432,8.9,8.0,8.0,station
2026-02-03,6.6,6.2,6.6,6.8,6.3,6.0,6.3,7.3,7.2,7.4,6.5,0.24,-0.34,91,100,16.8,1.01,8.9,0.5521,0.8338,6.6,7.0,7.0,station
2026-02-04,9.7,8.6,10.0,10.3,8.7,10.3,8.3,10.1,10.2,8.8,9.46,0.77,-0.08,90,46,16.8,6.72,1.7,0.5664,0.8242,10.4,10.0,10.0,station
2026-02-05,8.8,7.9,9.1,9.4,10.1,8.7,8.6,9.6,10.0,9.2,9.06,0.81,-0.16,91,100,17.2,1.27,5.0,0.5805,0.8143,8.3,8.0,8.0,station
2026-02-06,10.6,9.2,10.8,11.7,10.7,9.2,8.6,8.3,10.5,9.1,10.6,0.9,1.46,93,92,15.2,2.73,8.8,0.5944,0.8042,10.9,11.0,11.0,station
2026-02-07,9.6,9.8,9.7,10.2,9.3,10.5,9.2,11.0,11.2,10.1,9.72,0.33,-0.68,88,67,20.1,3.12,2.2,0.6081,0.7938,10.8,10.0,10.0,station
2026-02-08,10.6,10.6,10.6,11.6,10.8,10.6,10.6,10.0,10.7,10.5,10.84,0.43,0.36,89,82,10.8,5.14,0.2,0.6217,0.7833,10.9,11.0,11.0,station
2026-02-09,10.8,9.5,11.3,11.6,10.5,10.7,9.7,10.8,10.9,10.2,10.74,0.81,0.28,88,96,14.5,5.83,3.0,0.6351,0.7725,10.1,9.0,9.0,station
2026-02-10,11.1,10.2,11.5,12.4,10.1,11.7,10.1,11.7,12.8,10.6,11.06,0.96,-0.32,92,96,14.6,2.98,2.5,0.6483,0.7614,11.4,12.0,12.0,station
2026-02-11,12.1,11.8,11.6,12.4,11.3,11.6,10.9,11.7,12.4,10.8,11.84,0.43,0.36,90,93,18.4,5.73,1.0,0.6613,0.7502,12.4,12.0,12.0,station
2026-02-12,8.9,8.7,10.0,10.2,9.6,8.9,8.8,10.6,10.3,9.3,9.48,0.66,-0.1,93,74,12.3,4.89,3.3,0.6741,0.7387,10.6,10.0,10.0,station
2026-02-13,8.2,6.9,8.4,7.7,8.0,7.0,7.4,8.0,5.3,7.1,7.84,0.59,0.88,89,81,16.7,5.28,2.2,0.6867,0.727,9.6,8.0,8.0,station
2026-02-14,5.8,4.8,6.1,6.4,4.7,6.0,4.9,6.2,6.1,4.9,5.56,0.77,-0.06,70,73,15.6,7.35,0.0,0.6991,0.715,5.7,6.0,6.0,station
2026-02-15,7.9,7.8,7.7,9.4,8.5,8.0,8.2,9.2,8.2,9.3,8.26,0.71,-0.32,86,89,19.6,1.41,8.4,0.7113,0.7029,8.1,9.0,9.0,station
2026-02-16,9.1,8.8,9.1,10.2,7.2,8.6,8.8,8.8,9.4,6.9,8.88,1.08,0.38,79,46,21.5,7.68,5.3,0.7233,0.6906,9.3,9.0,9.0,station
2026-02-17,6.9,6.1,6.1,6.8,6.2,6.8,6.0,7.1,6.8,4.7,6.42,0.4,0.14,69,65,18.2,8.52,0.0,0.735,0.678,6.2,6.0,6.0,station
2026-02-18,5.4,5.4,5.2,5.9,5.4,5.6,5.9,5.3,5.0,6.3,5.46,0.26,-0.16,76,100,21.6,3.21,7.2,0.7466,0.6653,5.5,6.0,6.0,station
2026-02-19,6.5,5.6,5.8,7.5,7.6,7.3,5.0,7.4,6.5,9.5,6.6,0.93,-0.54,90,100,16.0,3.42,1.9,0.7579,0.6523,7.0,6.0,6.0,station
2026-02-20,10.5,10.3,10.7,11.6,10.0,11.0,10.5,10.7,12.0,10.5,10.62,0.61,-0.32,83,90,23.9,5.63,1.4,0.769,0.6392,10.9,12.0,12.0,station
2026-02-21,13.0,12.6,12.1,14.7,13.6,15.0,12.5,13.1,15.5,12.8,13.2,1.0,-0.58,87,100,21.1,5.04,3.0,0.7799,0.6259,13.1,14.0,14.0,station
2026-02-22,14.1,12.9,13.6,14.8,12.6,13.9,12.9,13.9,14.2,12.3,13.6,0.89,0.16,86,84,19.4,4.73,2.1,0.7906,0.6124,13.4,14.0,14.0,station
2026-02-23,12.1,12.1,11.7,12.6,12.6,12.5,12.0,12.9,11.5,11.9,12.22,0.38,0.06,82,91,21.3,4.91,0.8,0.801,0.5987,13.1,13.0,13.0,station
2026-02-24,13.0,12.8,15.4,13.4,13.8,12.4,12.5,15.4,13.4,12.8,13.68,1.04,0.38,88,65,19.2,6.8,0.1,0.8112,0.5848,14.6,16.0,16.0,station
2026-02-25,17.0,15.2,17.4,17.7,16.4,16.7,13.7,17.0,16.7,15.7,16.74,0.99,0.78,86,13,15.1,10.88,0.0,0.8211,0.5708,17.1,19.0,19.0,station
2026-02-26,13.2,12.8,12.7,13.6,12.9,12.8,12.5,15.0,13.3,12.7,13.04,0.36,-0.22,85,77,25.7,4.78,0.2,0.8308,0.5566,13.4,13.0,13.0,station
2026-02-27,14.4,12.3,13.4,12.8,13.0,14.5,12.4,12.5,15.4,13.1,13.18,0.79,-0.4,87,96,20.2,3.21,2.4,0.8402,0.5422,12.9,13.0,13.0,station
2026-02-28,10.2,9.5,9.2,10.8,9.0,11.0,9.0,10.5,10.9,9.3,9.74,0.75,-0.4,80,57,20.2,7.09,3.9,0.8495,0.5277,10.2,11.0,11.0,station
2026-03-01,12.9,11.1,10.5,12.4,11.0,12.1,10.9,10.3,11.8,10.1,11.58,1.02,0.54,85,85,19.5,4.43,0.4,0.8584,0.513,12.4,12.0,12.0,station
2026-03-02,13.8,13.8,14.2,14.6,13.4,13.8,13.8,14.1,14.2,13.3,13.96,0.46,0.12,75,76,16.9,11.69,0.0,0.8671,0.4981,14.7,16.0,16.0,station
2026-03-03,14.1,13.7,12.2,14.2,13.8,13.4,12.8,14.2,14.0,14.3,13.6,0.81,-0.14,85,33,10.4,10.45,0.0,0.8755,0.4831,14.1,14.0,14.0,station
2026-03-04,15.7,12.8,15.9,14.6,16.6,15.7,13.6,14.4,13.7,15.9,15.12,1.48,0.46,90,30,10.3,10.56,0.0,0.8837,0.468,13.4,9.0,9.0,station
2026-03-05,16.0,16.2,16.5,16.7,15.2,16.2,16.3,16.6,17.2,16.0,16.12,0.58,-0.34,77,18,10.4,12.7,0.0,0.8916,0.4527,16.9,18.0,18.0,station
2026-03-06,13.4,11.5,13.8,14.2,14.7,15.1,12.9,14.1,15.5,11.5,13.52,1.23,-0.3,90,95,9.6,5.82,4.6,0.8993,0.4373,11.4,10.0,10.0,station
2026-03-07,10.3,8.7,11.3,10.1,9.5,11.9,9.5,11.7,12.4,10.7,9.98,0.97,-1.26,91,100,8.8,3.98,0.0,0.9067,0.4218,10.0,9.0,9.0,station
2026-03-08,11.7,9.0,14.6,9.9,12.5,13.2,8.9,14.9,11.8,13.2,11.54,2.21,-0.86,93,91,9.1,7.02,0.0,0.9138,0.4061,12.6,9.0,9.0,station
2026-03-09,15.1,11.4,16.4,15.5,15.1,14.3,11.3,15.3,15.5,15.9,14.7,1.92,0.24,92,80,9.1,8.52,2.5,0.9207,0.3904,14.9,15.0,15.0,station
2026-03-10,12.7,11.5,12.8,13.0,11.6,11.1,12.0,14.4,13.0,11.8,12.32,0.71,-0.14,83,86,18.5,8.51,0.0,0.9272,0.3745,12.4,14.0,14.0,station
2026-03-11,12.2,12.3,11.5,12.6,10.3,12.6,12.3,12.1,12.4,10.2,11.78,0.92,-0.14,72,51,22.8,12.76,1.7,0.9335,0.3585,12.2,13.0,13.0,station
2026-03-12,11.5,11.9,11.7,12.5,11.6,11.8,11.7,11.3,12.1,10.9,11.84,0.4,0.28,79,84,32.2,5.71,0.5,0.9396,0.3424,11.7,12.0,12.0,station
2026-03-13,11.3,11.8,11.6,12.4,11.3,11.1,11.6,11.4,12.0,10.5,11.68,0.45,0.36,73,90,31.7,8.26,6.5,0.9453,0.3261,11.3,12.0,12.0,station
2026-03-14,9.8,10.0,10.4,10.8,9.1,10.5,10.0,10.2,10.5,9.4,10.02,0.64,-0.1,72,30,12.2,14.26,0.2,0.9508,0.3098,10.5,11.0,11.0,station
2026-03-15,11.3,11.5,11.1,11.2,10.9,9.6,11.2,10.4,10.3,10.5,11.2,0.22,0.8,76,53,26.8,9.28,2.3,0.956,0.2934,11.6,13.0,13.0,station
2026-03-16,11.3,11.6,11.2,12.5,11.1,11.4,11.5,10.5,10.9,10.8,11.54,0.57,0.52,77,76,21.2,9.42,0.0,0.9609,0.2769,11.9,12.0,12.0,station
2026-03-17,14.0,13.7,14.4,14.3,13.5,13.9,13.2,14.3,14.9,13.4,13.98,0.38,0.04,79,59,19.8,12.04,0.0,0.9655,0.2604,13.9,15.0,15.0,station
2026-03-18,16.4,16.7,16.6,16.6,14.8,16.1,16.1,16.2,17.0,14.5,16.22,0.8,0.24,73,0,12.7,15.59,0.0,0.9698,0.2437,17.3,18.0,18.0,station
2026-03-19,14.9,16.2,15.4,16.2,15.6,15.2,16.3,15.1,15.7,14.1,15.66,0.55,0.38,70,11,11.3,16.42,0.0,0.9739,0.227,15.5,16.0,16.0,station
2026-03-20,13.8,13.6,13.9,13.2,15.0,13.9,15.0,13.7,14.0,14.5,13.9,0.67,-0.32,77,75,9.0,13.5,0.0,0.9777,0.2102,13.1,14.0,14.0,station
2026-03-21,12.1,11.8,13.3,12.8,12.3,11.9,12.0,13.2,12.2,13.6,12.46,0.59,-0.12,77,52,6.9,16.35,0.0,0.9811,0.1934,12.3,13.0,13.0,station
2026-03-22,11.9,11.5,14.0,12.4,13.2,11.8,12.2,13.6,13.1,12.0,12.6,1.01,0.06,84,69,6.0,10.93,0.0,0.9843,0.1765,11.7,13.0,13.0,station
2026-03-23,14.2,13.9,13.5,14.9,14.7,13.4,14.1,13.3,15.3,14.8,14.24,0.57,0.06,80,87,12.2,14.17,0.0,0.9872,0.1595,14.6,15.0,15.0,station
2026-03-24,13.5,13.3,14.2,14.6,14.4,13.4,13.4,15.3,14.7,14.3,14.0,0.57,-0.22,84,100,27.9,7.89,1.4,0.9898,0.1425,13.5,13.0,13.0,station
2026-03-25,9.2,8.8,9.0,11.9,9.6,9.3,9.0,9.8,11.0,9.6,9.7,1.26,-0.04,65,43,28.4,14.36,1.8,0.9921,0.1255,9.6,9.0,9.0,station
2026-03-26,9.4,9.5,9.7,9.7,8.8,9.5,9.8,10.1,10.3,8.8,9.42,0.37,-0.28,65,31,14.0,17.36,0.0,0.9941,0.1084,9.6,10.0,10.0,station
2026-03-27,11.4,11.5,12.1,12.1,12.3,11.8,11.7,12.4,12.1,12.0,11.88,0.4,-0.12,82,95,16.9,4.64,0.8,0.9958,0.0913,11.9,12.0,12.0,station
2026-03-28,9.6,9.7,9.6,11.2,9.9,9.8,9.3,10.1,11.3,9.4,10.0,0.68,0.02,65,26,19.7,17.02,0.1,0.9972,0.0741,10.4,11.0,11.0,station
2026-03-29,9.6,10.9,10.8,11.4,11.3,9.7,10.4,10.6,10.6,10.7,10.8,0.72,0.4,75,73,21.2,9.56,0.4,0.9984,0.057,10.4,11.0,11.0,station
2026-03-30,11.3,11.7,11.1,12.2,10.7,12.3,11.3,11.8,12.6,11.6,11.4,0.57,-0.52,67,42,23.8,11.3,0.1,0.9992,0.0398,11.3,12.0,12.0,station
2026-03-31,15.0,14.3,16.1,15.9,15.7,15.8,13.8,15.5,17.1,14.9,15.4,0.74,-0.02,76,71,12.9,10.31,0.4,0.9997,0.0226,16.3,16.0,16.0,station
2026-04-01,13.8,13.5,13.9,14.2,14.6,14.6,13.9,15.7,14.6,15.0,14.0,0.42,-0.76,73,74,9.1,11.3,0.0,1.0,0.0054,13.9,14.0,14.0,station
2026-04-02,10.9,10.4,10.4,11.8,10.2,10.7,10.0,11.0,11.7,10.3,10.74,0.65,0.0,69,76,14.8,12.62,0.0,0.9999,-0.0118,10.5,12.0,12.0,station
2026-04-03,15.9,14.6,13.3,16.7,14.9,15.6,14.4,14.1,15.9,14.9,15.08,1.3,0.1,80,96,26.5,6.49,1.6,0.9996,-0.029,16.2,16.0,16.0,station
2026-04-04,15.4,14.7,16.5,14.9,15.8,15.1,14.5,16.3,15.3,15.4,15.46,0.72,0.14,77,67,27.7,9.79,0.2,0.9989,-0.0462,14.6,15.0,15.0,station
2026-04-05,12.6,12.6,12.2,12.9,12.6,12.9,12.3,12.1,13.2,12.6,12.58,0.25,-0.04,57,72,28.4,16.71,0.5,0.998,-0.0634,13.4,14.0,14.0,station
2026-04-06,14.3,15.1,14.3,14.6,15.2,14.3,14.8,13.9,14.0,14.0,14.7,0.43,0.5,59,53,11.3,19.42,0.0,0.9968,-0.0805,14.9,16.0,16.0,station
2026-04-07,18.0,18.9,17.9,17.1,19.3,17.9,20.0,16.7,17.6,18.4,18.24,0.87,0.12,60,4,14.4,20.67,0.0,0.9952,-0.0977,19.6,18.0,18.0,station
2026-04-08,24.1,25.0,22.5,24.8,25.3,21.9,23.8,21.2,24.0,24.6,24.34,1.12,1.24,54,12,8.9,20.01,0.0,0.9934,-0.1148,25.9,26.0,26.0,station
2026-04-09,20.1,20.6,19.8,21.5,22.5,19.5,13.8,19.6,20.9,20.2,20.9,1.1,2.1,62,66,21.3,14.06,0.1,0.9913,-0.1319,21.8,22.0,22.0,station
2026-04-10,12.4,12.7,12.3,13.9,12.3,12.6,9.7,12.4,13.3,12.6,12.72,0.68,0.6,50,100,14.9,15.76,0.0,0.9889,-0.1489,13.1,14.0,14.0,station
2026-04-11,12.6,10.8,11.6,13.6,12.0,13.4,12.1,12.5,13.9,14.5,12.12,1.05,-1.16,56,69,23.8,10.43,0.2,0.9861,-0.1659,13.3,14.0,14.0,station
2026-04-12,14.7,14.8,13.7,14.7,14.4,14.7,12.4,13.2,15.4,14.9,14.46,0.45,0.34,57,16,22.4,20.05,0.5,0.9831,-0.1828,15.2,15.0,15.0,station
2026-04-13,15.5,14.3,15.0,15.2,13.4,15.9,14.8,14.3,14.4,14.5,14.68,0.84,-0.1,64,19,12.9,18.93,0.5,0.9799,-0.1997,13.8,13.0,13.0,station
2026-04-14,16.3,15.9,14.8,16.5,16.5,16.4,16.4,15.0,15.8,15.8,16.0,0.71,0.12,63,58,17.5,17.69,0.0,0.9763,-0.2165,16.5,16.0,16.0,station
2026-04-15,16.4,16.6,17.6,17.8,16.8,17.4,16.0,16.7,17.7,15.3,17.04,0.62,0.42,74,70,25.4,11.33,1.3,0.9724,-0.2333,17.3,17.0,17.0,station
2026-04-16,16.6,17.1,16.1,16.5,17.1,16.9,16.6,16.9,16.9,17.6,16.68,0.43,-0.3,69,87,18.8,14.66,0.5,0.9683,-0.25,17.7,18.0,18.0,station
2026-04-17,18.1,17.8,17.6,16.6,17.7,17.2,17.5,17.2,17.4,17.8,17.56,0.57,0.14,68,83,20.5,12.24,0.5,0.9638,-0.2666,17.6,18.0,18.0,station
2026-04-18,17.5,17.1,16.3,16.6,16.7,18.1,17.1,16.6,16.9,16.8,16.84,0.47,-0.26,57,46,13.4,19.26,0.9,0.9591,-0.2831,17.3,16.0,16.0,station
2026-04-19,16.3,15.9,14.3,15.2,15.0,16.1,15.8,14.8,15.4,14.9,15.34,0.78,-0.06,52,32,11.9,20.96,0.0,0.9541,-0.2996,16.1,15.0,15.0,station
2026-04-20,13.6,13.6,12.2,12.7,14.3,14.4,14.1,12.7,14.0,14.1,13.28,0.83,-0.58,64,52,15.5,15.48,0.0,0.9488,-0.316,13.5,13.0,13.0,station
2026-04-21,14.3,13.2,13.1,13.3,13.1,13.8,13.3,12.9,14.1,13.3,13.4,0.51,-0.08,64,29,22.5,19.11,0.0,0.9432,-0.3322,13.9,14.0,14.0,station
2026-04-22,15.5,16.6,14.6,15.2,15.0,15.5,16.5,14.3,15.5,14.5,15.38,0.76,0.12,58,1,21.4,24.03,0.0,0.9373,-0.3484,16.5,15.0,15.0,station
2026-04-23,17.8,17.7,16.3,16.7,17.2,17.7,18.3,16.8,16.6,17.3,17.14,0.64,-0.2,63,1,14.8,24.26,0.0,0.9312,-0.3645,17.6,17.0,17.0,station
2026-04-24,18.6,19.7,17.2,16.6,17.5,18.9,18.6,17.3,17.0,18.0,17.92,1.23,-0.04,54,6,12.8,24.97,0.0,0.9248,-0.3804,18.8,17.0,17.0,station
2026-04-25,21.1,21.4,20.0,19.1,19.3,20.6,21.5,19.9,19.3,19.9,20.18,1.04,-0.06,53,36,8.6,23.78,0.0,0.9181,-0.3963,21.4,20.0,20.0,station
2026-04-26,18.5,19.3,17.3,17.3,20.0,18.5,19.6,16.7,17.8,19.1,18.48,1.2,0.14,60,86,11.6,20.93,0.0,0.9112,-0.412,19.1,17.0,17.0,station
2026-04-27,21.7,20.9,20.5,20.1,20.4,21.7,21.3,20.5,21.0,20.4,20.72,0.62,-0.26,59,45,13.0,21.66,0.3,0.9039,-0.4276,21.6,21.0,21.0,station
2026-04-28,16.7,15.3,16.0,16.6,14.1,15.7,14.4,15.6,16.2,15.7,15.74,1.07,0.22,63,58,23.2,17.33,0.4,0.8965,-0.4431,17.1,16.0,16.0,station
2026-04-29,16.4,17.5,15.6,16.1,16.4,16.5,17.8,15.8,16.8,16.3,16.4,0.7,-0.24,52,11,25.2,25.28,0.0,0.8887,-0.4585,17.5,15.0,15.0,station
2026-04-30,19.2,20.9,17.6,17.7,19.2,19.2,20.9,18.1,18.1,19.8,18.92,1.35,-0.3,45,0,18.7,25.69,0.0,0.8807,-0.4737,20.4,19.0,19.0,station
2026-05-01,24.3,24.3,22.0,24.1,24.9,24.2,24.4,21.1,24.0,25.5,23.92,1.11,0.08,47,13,14.0,24.57,0.0,0.8724,-0.4888,24.3,24.0,24.0,station
2026-05-02,23.2,20.2,22.0,22.7,21.7,23.2,20.2,21.7,22.1,23.9,21.96,1.15,-0.26,63,68,14.4,20.11,1.8,0.8639,-0.5037,22.8,23.0,23.0,station
2026-05-03,20.7,18.5,20.2,19.9,19.6,19.0,17.5,19.0,19.4,18.3,19.78,0.82,1.14,74,77,10.7,17.13,1.9,0.8551,-0.5185,19.6,20.0,20.0,station
2026-05-04,18.7,16.2,18.8,18.8,19.5,18.0,15.9,16.5,18.6,19.7,18.4,1.27,0.66,81,84,10.2,10.38,0.9,0.846,-0.5331,16.4,15.0,15.0,station
2026-05-05,17.5,15.7,16.5,16.7,17.8,17.1,15.7,16.5,16.9,17.2,16.84,0.84,0.16,71,99,10.8,13.51,2.3,0.8367,-0.5476,16.6,16.0,16.0,station
2026-05-06,12.8,13.3,12.1,13.8,15.3,14.4,13.4,11.6,15.0,14.7,13.46,1.21,-0.36,67,74,16.4,14.64,0.8,0.8272,-0.5619,13.4,13.0,13.0,station
2026-05-07,15.7,15.2,15.0,16.4,15.4,14.0,15.1,15.3,14.8,17.1,15.54,0.55,0.28,72,66,12.5,13.62,0.2,0.8174,-0.5761,14.7,14.0,14.0,station
2026-05-08,18.3,18.7,18.6,17.6,18.1,18.9,18.9,18.1,17.1,19.1,18.26,0.44,-0.16,68,65,11.0,14.26,0.0,0.8074,-0.59,18.1,18.0,18.0,station
2026-05-09,20.3,20.9,18.7,19.6,19.8,19.2,20.4,18.7,19.4,19.0,19.86,0.82,0.52,56,73,14.7,24.79,0.0,0.7971,-0.6038,20.7,20.0,20.0,station
2026-05-10,17.0,14.1,16.2,15.5,15.7,16.9,14.7,14.2,15.0,15.6,15.7,1.07,0.42,66,93,20.2,9.48,0.7,0.7866,-0.6175,13.4,13.0,13.0,station
2026-05-11,13.7,12.1,13.2,12.7,13.5,12.5,12.3,11.1,14.1,14.6,13.04,0.65,0.12,64,41,16.1,12.49,1.0,0.7759,-0.6309,12.0,12.0,12.0,station
2026-05-12,15.4,17.4,16.2,15.7,17.4,16.1,17.6,15.9,16.8,17.7,16.42,0.94,-0.4,60,43,17.2,21.21,0.2,0.7649,-0.6442,15.7,17.0,17.0,station
2026-05-13,13.6,12.2,11.3,14.1,13.1,13.6,13.5,12.4,13.0,14.2,12.86,1.12,-0.48,64,50,23.6,21.13,5.9,0.7537,-0.6572,13.1,12.0,12.0,station
2026-05-14,12.3,11.4,12.7,13.2,11.5,13.7,12.3,14.3,13.3,12.5,12.22,0.77,-1.0,72,52,15.2,20.72,4.9,0.7423,-0.6701,12.0,12.0,12.0,station
2026-05-15,13.0,13.1,12.5,14.4,12.2,12.9,13.0,12.8,14.7,11.1,13.04,0.84,0.14,62,79,14.5,21.53,0.9,0.7306,-0.6828,14.7,14.0,14.0,station
2026-05-16,13.5,13.5,13.7,14.8,14.7,13.8,14.0,14.0,14.9,14.4,14.04,0.65,-0.18,61,70,15.3,16.47,1.2,0.7188,-0.6952,15.3,14.0,14.0,station
2026-05-17,16.4,16.3,16.5,16.6,15.1,15.7,15.3,16.3,16.5,14.1,16.18,0.61,0.6,67,88,16.4,20.71,0.9,0.7067,-0.7075,16.8,18.0,18.0,station
2026-05-18,14.8,14.9,14.3,15.3,16.3,14.4,14.3,14.6,15.4,15.0,15.12,0.75,0.38,68,72,18.3,19.52,3.2,0.6945,-0.7195,15.2,15.0,15.0,station
2026-05-19,17.6,16.5,18.1,18.0,16.2,17.7,16.6,17.3,17.2,17.4,17.28,0.88,0.04,78,77,24.0,16.15,4.1,0.682,-0.7314,18.2,18.0,18.0,station
2026-05-20,19.6,18.8,20.1,20.9,19.4,19.4,18.2,20.4,20.1,18.3,19.76,0.79,0.48,69,61,22.5,18.75,0.6,0.6693,-0.743,19.6,20.0,20.0,station
2026-05-21,22.7,22.7,22.2,22.6,22.0,22.0,22.1,22.7,22.7,22.8,22.44,0.32,-0.02,68,71,16.2,21.0,0.0,0.6564,-0.7544,23.7,24.0,24.0,station
2026-05-22,26.5,27.7,25.7,26.7,27.9,25.7,27.5,25.1,26.7,27.8,26.9,0.91,0.34,53,24,14.5,27.78,0.0,0.6433,-0.7656,27.7,28.0,28.0,station
2026-05-23,29.6,29.8,28.7,27.7,29.1,28.0,27.9,29.1,27.5,29.9,28.98,0.83,0.5,47,40,11.3,27.59,0.0,0.6301,-0.7765,30.5,30.0,30.0,station
2026-05-24,31.5,31.3,29.3,28.3,31.0,31.2,30.3,30.1,30.1,31.7,30.28,1.41,-0.4,55,1,13.5,28.08,0.0,0.6166,-0.7873,32.0,30.0,30.0,station
2026-05-25,32.7,33.7,31.5,32.3,32.4,32.6,33.7,30.3,32.3,32.9,32.52,0.79,0.16,49,4,10.8,27.59,0.0,0.603,-0.7978,33.0,31.0,31.0,station
2026-05-26,33.8,33.9,32.4,33.8,33.4,33.7,34.0,32.0,34.2,33.9,33.46,0.62,-0.1,35,2,14.4,28.6,0.0,0.5892,-0.808,34.0,34.0,34.0,station
2026-05-27,25.5,25.1,23.4,25.8,26.8,24.8,24.3,23.3,22.9,24.9,25.32,1.24,1.28,54,1,16.0,28.72,0.0,0.5752,-0.818,25.9,24.0,24.0,station
2026-05-28,30.0,30.1,29.1,30.7,29.2,30.8,29.7,29.3,31.5,29.2,29.82,0.67,-0.28,56,54,13.3,22.98,0.3,0.561,-0.8278,31.1,31.0,31.0,station
2026-05-29,27.4,26.2,26.0,26.2,25.1,27.2,27.2,23.1,27.5,25.4,26.18,0.82,0.1,43,66,11.5,22.82,0.0,0.5467,-0.8373,27.1,26.0,26.0,station
2026-05-30,29.2,28.2,28.2,28.2,26.4,28.7,27.7,27.8,28.1,25.2,28.04,1.01,0.54,48,55,14.2,26.51,0.1,0.5322,-0.8466,29.4,27.0,27.0,station
2026-05-31,23.3,22.6,23.6,23.0,23.3,22.6,22.2,23.8,23.5,22.3,23.16,0.38,0.28,48,72,15.4,22.06,0.0,0.5176,-0.8556,23.3,23.0,23.0,station
2026-06-01,22.8,21.6,22.3,21.5,22.5,22.2,21.3,23.3,21.1,22.4,22.14,0.57,0.08,66,81,18.4,20.21,1.6,0.5028,-0.8644,24.5,23.0,23.0,station
2026-06-02,18.6,19.4,19.8,21.8,18.7,19.3,19.2,18.3,20.1,17.5,19.66,1.3,0.78,79,80,20.7,20.66,12.2,0.4878,-0.8729,19.8,19.0,19.0,station
2026-06-03,18.2,17.2,17.0,20.7,18.6,17.6,17.4,17.2,19.8,16.3,18.34,1.48,0.68,79,58,28.7,15.22,4.3,0.4728,-0.8812,19.1,19.0,19.0,station
2026-06-04,16.3,17.3,17.2,19.0,16.8,17.4,17.5,18.1,17.9,16.3,17.32,1.02,-0.12,73,57,23.4,21.13,9.5,0.4575,-0.8892,17.9,19.0,19.0,station
2026-06-05,17.7,18.0,19.0,18.5,18.3,17.5,17.9,18.9,19.2,17.7,18.3,0.49,0.06,67,50,15.0,21.19,0.3,0.4422,-0.8969,18.1,18.0,18.0,station
2026-06-06,17.1,16.3,17.1,17.3,,16.6,15.8,16.5,17.0,16.5,16.95,0.44,0.47,78,94,25.5,12.08,5.7,0.4267,-0.9044,17.2,17.0,17.0,station
2026-06-07,19.1,18.4,19.6,20.3,,19.5,18.8,21.2,20.4,19.4,19.35,0.8,-0.51,71,75,19.2,18.0,0.0,0.4111,-0.9116,18.8,19.0,19.0,station
2026-06-08,17.7,15.9,16.2,18.5,,18.1,16.0,16.9,18.3,19.3,17.07,1.23,-0.64,78,76,14.6,11.37,8.3,0.3953,-0.9185,17.0,16.0,16.0,station
2026-06-09,16.7,17.0,18.2,17.7,,17.3,16.6,18.5,17.4,16.9,17.4,0.68,0.06,64,23,19.0,26.11,2.7,0.3795,-0.9252,17.4,19.0,19.0,station
2026-06-10,15.5,15.8,18.3,17.6,17.9,15.4,15.3,16.9,16.1,16.7,17.02,1.28,0.94,71,41,16.3,24.21,6.5,0.3635,-0.9316,17.4,17.0,17.0,station
2026-06-11,15.6,15.7,15.1,17.5,15.5,16.6,16.6,14.8,16.1,16.0,15.88,0.93,-0.14,85,88,21.3,6.53,5.3,0.3474,-0.9377,16.9,17.0,17.0,station
2026-06-12,20.9,20.8,20.9,21.8,20.7,19.8,20.6,21.7,21.5,21.2,21.02,0.44,0.06,78,82,22.2,15.25,0.0,0.3312,-0.9436,21.1,23.0,23.0,station
2026-06-13,20.3,21.2,20.9,20.8,22.3,20.4,21.3,21.5,20.8,21.9,21.1,0.74,-0.08,66,43,14.5,28.78,0.0,0.3149,-0.9491,20.1,22.0,22.0,station
2026-06-14,20.7,20.7,20.8,20.9,21.4,20.7,20.2,20.4,19.4,22.0,20.9,0.29,0.36,59,63,9.2,26.33,0.0,0.2986,-0.9544,21.1,21.0,21.0,station
2026-06-15,21.2,20.7,21.2,21.9,23.1,21.5,20.7,22.9,20.9,22.8,21.62,0.93,-0.14,70,92,13.2,23.69,1.5,0.2821,-0.9594,22.0,21.0,21.0,station
2026-06-16,25.7,24.2,25.7,24.8,26.1,25.5,24.0,25.6,24.2,26.6,25.3,0.78,0.12,68,75,16.4,22.89,1.0,0.2656,-0.9641,26.5,26.0,26.0,station
2026-06-17,24.6,24.4,26.1,24.1,25.1,23.4,23.3,25.1,23.6,26.0,24.86,0.78,0.58,75,67,19.8,20.56,1.2,0.2489,-0.9685,25.4,26.0,26.0,station
2026-06-18,26.5,25.9,27.6,27.1,26.8,26.3,27.2,28.6,27.8,27.3,26.78,0.64,-0.66,71,72,13.4,18.7,0.2,0.2322,-0.9727,25.8,26.0,26.0,station
2026-06-19,29.9,29.1,30.3,29.1,28.5,29.7,28.8,30.5,30.7,30.4,29.38,0.72,-0.64,62,7,15.8,29.37,0.0,0.2155,-0.9765,30.0,30.0,30.0,station
2026-06-20,26.0,25.6,26.3,26.8,26.8,27.3,25.7,28.9,25.8,26.3,26.3,0.52,-0.5,67,64,13.3,17.98,0.1,0.1986,-0.9801,26.3,26.0,26.0,station
2026-06-21,31.3,28.6,29.6,28.7,28.2,30.9,28.8,29.3,27.4,27.5,29.28,1.24,0.5,63,51,17.9,24.93,0.0,0.1818,-0.9833,30.2,28.0,28.0,station
2026-06-22,27.9,27.4,26.5,26.4,27.3,28.9,27.6,27.3,28.2,27.0,27.1,0.64,-0.7,67,54,15.9,28.54,1.3,0.1648,-0.9863,27.8,27.0,27.0,station
2026-06-23,31.4,33.2,35.5,34.6,34.3,36.0,33.6,36.5,34.6,34.3,33.8,1.57,-1.2,71,43,11.7,26.0,41.1,0.1478,-0.989,32.5,31.0,31.0,station
2026-06-24,32.9,33.6,35.8,34.3,33.9,35.2,35.3,35.8,34.8,35.7,34.1,1.08,-1.26,71,0,12.2,29.11,0.0,0.1308,-0.9914,33.4,34.0,34.0,station
2026-06-25,30.1,31.2,32.0,28.7,29.8,29.9,31.0,31.5,30.2,30.2,30.36,1.28,-0.2,70,7,17.0,29.1,0.0,0.1137,-0.9935,30.2,29.0,29.0,station
2026-06-26,35.7,33.7,35.3,35.9,33.2,33.9,32.8,36.2,33.5,32.8,34.76,1.23,0.92,49,42,15.1,28.51,0.0,0.0966,-0.9953,36.3,36.0,36.0,station
2026-06-27,30.9,28.9,31.6,32.1,29.7,32.4,28.5,33.2,29.7,30.8,30.64,1.33,-0.28,50,76,15.8,21.82,1.1,0.0795,-0.9968,32.0,31.0,31.0,station
2026-06-28,26.3,25.0,27.6,25.4,25.6,26.7,24.6,28.1,24.4,25.2,25.98,1.02,0.18,53,45,18.7,21.88,0.0,0.0623,-0.9981,26.2,26.0,26.0,station
2026-06-29,24.5,24.5,25.8,24.8,24.1,25.3,24.9,26.5,24.3,25.2,24.74,0.64,-0.5,49,43,13.3,27.94,0.0,0.0451,-0.999,24.4,25.0,25.0,station
2026-06-30,24.8,24.0,26.8,24.0,24.2,25.5,23.8,26.3,24.1,23.8,24.76,1.19,0.06,52,76,16.8,22.11,0.1,0.028,-0.9996,25.1,24.0,24.0,station
2026-07-01,24.8,25.2,27.9,25.9,25.5,25.1,25.5,27.7,25.5,25.9,25.86,1.21,-0.08,57,45,16.2,19.36,0.0,0.0108,-0.9999,25.4,26.0,26.0,station
2026-07-02,26.0,25.1,26.3,25.6,24.3,26.0,24.8,25.9,25.0,24.4,25.46,0.79,0.24,50,38,18.6,27.35,0.1,-0.0065,-1.0,26.2,25.0,25.0,station
2026-07-03,26.0,26.5,27.1,26.8,25.9,25.9,26.2,26.9,26.5,25.9,26.46,0.51,0.18,48,45,11.9,28.9,0.0,-0.0237,-0.9997,26.1,27.0,27.0,station
2026-07-04,28.1,28.2,29.6,29.1,28.2,28.0,28.0,28.7,28.8,28.8,28.64,0.67,0.18,57,31,18.7,25.05,0.0,-0.0408,-0.9992,29.5,29.0,29.0,station
2026-07-05,27.9,27.9,29.9,28.4,28.0,28.4,28.1,29.7,28.9,28.2,28.42,0.85,-0.24,58,66,13.5,25.14,0.0,-0.058,-0.9983,28.2,28.0,28.0,station
2026-07-06,31.8,31.5,32.0,31.0,29.7,31.3,30.6,31.9,30.1,29.7,31.2,0.92,0.48,43,54,19.7,29.2,0.0,-0.0752,-0.9972,31.9,32.0,32.0,station
2026-07-07,30.7,30.6,30.9,29.9,29.7,30.0,30.1,32.4,29.4,28.6,30.36,0.53,0.26,37,68,13.9,27.82,0.0,-0.0923,-0.9957,31.1,31.0,31.0,station
2026-07-08,32.7,31.9,33.5,32.3,31.4,31.9,31.7,33.2,31.5,30.7,32.36,0.8,0.56,44,13,13.9,26.46,0.0,-0.1094,-0.994,33.5,33.0,33.0,station
2026-07-09,34.9,33.5,35.4,34.1,32.9,34.4,33.1,34.0,33.5,32.7,34.16,1.01,0.62,40,45,17.6,27.79,0.0,-0.1265,-0.992,35.2,34.0,34.0,station
2026-07-10,30.1,30.3,30.4,28.3,28.5,30.0,30.2,30.9,30.5,29.3,29.52,1.03,-0.66,53,78,14.0,24.64,0.0,-0.1436,-0.9896,29.6,29.0,29.0,station
2026-07-11,29.4,28.4,29.8,27.0,28.6,29.6,28.0,30.4,28.5,28.0,28.64,1.08,-0.26,62,7,14.9,28.26,0.0,-0.1606,-0.987,28.4,27.0,27.0,station
2026-07-12,28.7,28.4,29.0,28.1,27.3,28.5,28.3,28.5,28.3,27.7,28.3,0.65,0.04,58,36,19.8,24.93,0.0,-0.1775,-0.9841,28.8,28.0,28.0,station
2026-07-13,27.2,24.9,28.2,26.6,26.6,26.6,25.5,28.3,26.6,26.8,26.7,1.2,-0.06,62,46,22.0,25.83,0.0,-0.1944,-0.9809,26.2,26.0,26.0,station
2026-07-14,29.3,28.0,30.0,30.0,28.9,29.4,28.1,31.3,30.0,29.3,29.24,0.84,-0.38,62,57,16.6,21.61,0.0,-0.2113,-0.9774,29.6,29.0,29.0,station
2026-07-15,28.1,27.6,28.5,27.6,27.0,28.7,27.8,29.1,28.5,27.3,27.76,0.57,-0.52,59,20,15.8,24.83,0.0,-0.2281,-0.9736,28.1,28.0,28.0,station
2026-07-16,27.9,27.7,29.7,27.6,27.2,28.9,27.6,28.9,28.0,27.5,28.02,0.97,-0.16,57,16,15.6,24.88,0.0,-0.2448,-0.9696,28.2,27.0,27.0,station
2026-07-17,28.7,27.1,29.7,28.3,28.3,29.0,26.5,29.8,27.1,27.6,28.42,0.93,0.42,58,15,13.4,26.22,0.0,-0.2614,-0.9652,27.8,27.0,27.0,station
2026-07-18,25.0,23.2,26.2,23.9,23.8,26.6,23.5,28.1,24.5,24.1,24.42,1.19,-0.94,61,40,13.3,24.46,0.0,-0.278,-0.9606,22.4,21.0,21.0,station
2026-07-19,22.9,21.9,23.1,23.0,21.4,22.9,22.6,24.3,23.4,21.7,22.46,0.76,-0.52,50,18,15.0,27.36,0.0,-0.2945,-0.9557,22.6,21.0,21.0,station
2026-07-20,25.0,24.7,25.8,24.7,24.2,24.2,24.0,25.8,23.5,23.7,24.88,0.59,0.64,51,32,13.8,26.22,0.0,-0.3109,-0.9505,25.4,25.0,25.0,station
2026-07-21,24.0,25.0,26.9,24.0,26.4,25.7,24.0,27.6,24.8,25.2,25.26,1.34,-0.2,64,48,12.9,15.62,0.0,-0.3272,-0.945,22.3,22.0,22.0,station
2026-07-22,25.9,24.7,25.0,24.3,25.6,27.0,24.8,25.9,25.6,25.6,25.1,0.65,-0.68,57,57,15.2,19.84,0.0,-0.3434,-0.9392,26.6,25.0,25.0,station
2026-07-23,26.4,26.0,27.0,25.9,26.1,24.9,24.9,26.3,25.8,25.4,26.28,0.44,0.82,57,81,14.0,17.31,0.0,-0.3595,-0.9332,26.2,26.0,26.0,station
2026-07-24,28.9,28.0,29.4,27.4,26.8,28.5,28.1,30.6,28.1,27.4,28.1,1.06,-0.44,48,95,10.4,21.86,0.0,-0.3755,-0.9268,28.8,28.0,28.0,station
2026-07-25,28.5,28.0,30.3,28.5,28.3,28.4,27.6,30.5,27.4,27.9,28.72,0.91,0.36,47,34,18.7,25.49,0.0,-0.3914,-0.9202,28.6,29.0,29.0,station
2026-07-26,26.6,25.1,27.1,26.4,24.7,25.7,24.9,25.7,26.5,24.9,25.98,1.03,0.44,57,54,21.5,18.42,0.5,-0.4071,-0.9134,26.1,26.0,26.0,station
2026-07-27,28.0,25.9,28.7,25.8,26.1,28.4,26.2,29.2,27.5,26.6,26.9,1.35,-0.68,50,30,15.3,24.35,0.0,-0.4228,-0.9062,28.1,27.0,27.0,station
2026-07-28,30.2,29.1,32.1,29.2,29.0,28.7,28.7,32.7,28.7,28.8,29.92,1.31,0.4,59,53,11.7,21.29,0.0,-0.4383,-0.8988,30.0,,,
