datum,p1_ifs,p1_aifs,p1_gfs,p1_icon,p1_gem,p2_ifs,p2_aifs,p2_gfs,p2_icon,p2_gem,mm_gem,mm_spreiding,run2run,rh_gem,bewolking_gem,wind_max,instraling_som,neerslag_som,doy_sin,doy_cos,era5_max,station_max,doel,doelbron
2023-11-01,,,25.6,,,,,25.1,,,,,,69,4,18.1,15.79,0.0,-0.8606,0.5093,27.6,28.0,28.0,station
2023-11-02,,,25.1,,,,,25.1,,,,,,73,1,23.4,15.42,0.0,-0.8517,0.524,25.8,26.0,26.0,station
2023-11-03,,,28.1,,,,,28.0,,,,,,77,26,15.9,15.01,0.0,-0.8426,0.5386,27.6,29.0,29.0,station
2023-11-04,,,27.4,,,,,27.1,,,,,,89,63,17.4,10.48,32.1,-0.8332,0.553,26.0,27.0,27.0,station
2023-11-05,,,27.5,,,,,27.6,,,,,,85,40,31.7,13.37,3.3,-0.8235,0.5672,26.5,28.0,28.0,station
2023-11-06,,,20.6,,,,,20.2,,,,,,64,85,31.1,11.64,0.0,-0.8137,0.5813,20.2,20.0,20.0,station
2023-11-07,,,17.3,,,,,17.4,,,,,,61,1,13.9,15.61,0.0,-0.8035,0.5952,16.5,19.0,19.0,station
2023-11-08,,,22.4,,,,,22.6,,,,,,77,57,22.7,10.72,0.0,-0.7932,0.609,21.5,22.0,22.0,station
2023-11-09,,,22.0,,,,,20.1,,,,,,87,97,19.5,6.81,19.4,-0.7826,0.6225,23.0,23.0,23.0,station
2023-11-10,,,17.8,,,,,17.6,,,,,,75,100,34.0,2.48,3.6,-0.7718,0.6359,18.4,18.0,18.0,station
2023-11-11,,,14.5,,,,,14.5,,,,,,69,99,24.8,5.19,0.2,-0.7607,0.6491,15.8,17.0,17.0,station
2023-11-12,,,13.5,,,,,13.5,,,,,,72,64,25.9,9.25,1.9,-0.7494,0.6621,13.4,14.0,14.0,station
2023-11-13,,,11.5,,,,,12.8,,,,,,63,31,26.5,13.86,0.0,-0.7379,0.6749,11.8,13.0,13.0,station
2023-11-14,,,15.3,,,,,15.0,,,,,,71,15,12.3,13.53,0.0,-0.7262,0.6875,14.5,16.0,16.0,station
2023-11-15,,,16.1,,,,,17.3,,,,,,73,47,10.2,13.35,0.0,-0.7143,0.6998,15.3,17.0,17.0,station
2023-11-16,,,15.1,,,,,16.5,,,,,,72,58,32.5,8.89,6.9,-0.7021,0.712,14.3,14.0,14.0,station
2023-11-17,,,14.6,,,,,14.7,,,,,,51,0,28.9,14.23,0.0,-0.6898,0.724,14.4,16.0,16.0,station
2023-11-18,,,12.6,,,,,12.8,,,,,,52,20,23.2,14.1,0.0,-0.6772,0.7358,11.9,14.0,14.0,station
2023-11-19,,,18.2,,,,,17.3,,,,,,63,1,13.6,14.13,0.0,-0.6645,0.7473,17.8,20.0,20.0,station
2023-11-20,,,18.6,,,,,18.3,,,,,,81,6,9.8,13.67,0.0,-0.6515,0.7586,17.5,20.0,20.0,station
2023-11-21,,,19.6,,,,,19.6,,,,,,80,0,15.6,13.52,0.0,-0.6384,0.7697,19.1,21.0,21.0,station
2023-11-22,,,22.9,,,,,22.1,,,,,,77,46,15.9,13.3,0.0,-0.625,0.7806,22.2,23.0,23.0,station
2023-11-23,,,21.3,,,,,21.7,,,,,,73,24,28.8,13.11,0.0,-0.6115,0.7912,20.3,22.0,22.0,station
2023-11-24,,,13.0,,,,,12.2,,,,,,58,28,23.4,12.57,0.0,-0.5978,0.8016,12.3,13.0,13.0,station
2023-11-25,,,13.3,,,,,13.3,,,,,,63,96,18.5,6.85,0.0,-0.584,0.8118,13.0,15.0,15.0,station
2023-11-26,,,16.7,,,,,16.8,,,,,,70,55,12.6,8.59,0.0,-0.5699,0.8217,16.7,18.0,18.0,station
2023-11-27,,,19.0,,,,,19.7,,,,,,68,24,19.1,13.1,0.0,-0.5557,0.8314,16.9,18.0,18.0,station
2023-11-28,,,17.2,,,,,16.3,,,,,,70,5,14.9,12.97,0.0,-0.5413,0.8408,15.4,16.0,16.0,station
2023-11-29,,,20.1,,,,,19.8,,,,,,72,55,28.1,12.7,0.1,-0.5268,0.85,20.3,22.0,22.0,station
2023-11-30,,,12.1,,,,,12.3,,,,,,61,91,26.6,11.42,0.0,-0.5121,0.859,11.8,12.0,12.0,station
2023-12-01,,,8.8,,,,,9.1,,,,,,44,31,25.9,13.28,0.0,-0.4972,0.8676,8.0,9.0,9.0,station
2023-12-02,,,11.3,,,,,11.5,,,,,,59,52,7.8,12.66,0.0,-0.4822,0.8761,10.7,12.0,12.0,station
2023-12-03,,,12.5,,,,,12.8,,,,,,62,41,9.7,12.67,0.0,-0.4671,0.8842,11.7,13.0,13.0,station
2023-12-04,,,15.7,,,,,15.5,,,,,,76,67,10.7,4.63,0.2,-0.4518,0.8921,13.5,14.0,14.0,station
2023-12-05,,,17.3,,,,,17.4,,,,,,77,25,10.3,12.61,0.0,-0.4364,0.8998,16.4,17.0,17.0,station
2023-12-06,,,17.9,,,,,18.2,,,,,,65,53,30.5,11.14,0.0,-0.4208,0.9071,17.8,18.0,18.0,station
2023-12-07,,,17.6,,,,,17.7,,,,,,63,0,19.7,12.64,0.0,-0.4052,0.9142,17.6,19.0,19.0,station
2023-12-08,,,20.1,,,,,19.7,,,,,,65,39,18.4,12.68,0.0,-0.3894,0.9211,20.8,22.0,22.0,station
2023-12-09,,,22.1,,,,,18.1,,,,,,76,70,15.9,8.09,0.0,-0.3735,0.9276,21.9,23.0,23.0,station
2023-12-10,,,17.9,,,,,16.8,,,,,,91,80,17.5,5.09,0.4,-0.3575,0.9339,19.8,19.0,19.0,station
2023-12-11,,,16.4,,,,,18.2,,,,,,87,100,30.2,3.63,7.1,-0.3413,0.9399,15.3,15.0,15.0,station
2023-12-12,,,9.7,,,,,9.6,,,,,,75,93,28.4,7.96,4.8,-0.3251,0.9457,9.0,8.0,8.0,station
2023-12-13,,,15.7,,,,,16.5,,,,,,80,88,14.8,10.62,0.0,-0.3088,0.9511,14.7,14.0,14.0,station
2023-12-14,,,20.9,,,,,21.0,,,,,,80,32,15.7,10.95,0.0,-0.2924,0.9563,22.4,23.0,23.0,station
2023-12-15,,,16.5,,,,,16.3,,,,,,84,84,31.0,2.37,4.0,-0.2759,0.9612,16.3,17.0,17.0,station
2023-12-16,,,3.7,,,,,4.9,,,,,,55,69,35.8,7.99,0.6,-0.2593,0.9658,3.3,4.0,4.0,station
2023-12-17,,,3.1,,,,,3.7,,,,,,57,50,23.9,11.49,0.0,-0.2427,0.9701,2.6,3.0,3.0,station
2023-12-18,,,8.1,,,,,8.3,,,,,,81,100,15.5,1.43,13.0,-0.226,0.9741,7.7,7.0,7.0,station
2023-12-19,,,8.6,,,,,8.7,,,,,,83,97,25.6,1.85,5.6,-0.2092,0.9779,7.6,7.0,7.0,station
2023-12-20,,,5.8,,,,,6.2,,,,,,63,28,28.5,11.6,0.0,-0.1923,0.9813,4.1,5.0,5.0,station
2023-12-21,,,-0.0,,,,,-0.2,,,,,,43,8,33.4,12.2,0.0,-0.1754,0.9845,-1.5,0.0,0.0,station
2023-12-22,,,0.7,,,,,1.1,,,,,,54,36,26.0,12.45,0.0,-0.1585,0.9874,-0.3,1.0,1.0,station
2023-12-23,,,5.0,,,,,5.4,,,,,,63,81,13.5,8.42,0.0,-0.1414,0.9899,2.9,5.0,5.0,station
2023-12-24,,,6.2,,,,,6.5,,,,,,61,3,19.9,12.39,0.0,-0.1244,0.9922,5.3,7.0,7.0,station
2023-12-25,,,7.3,,,,,6.9,,,,,,64,0,12.2,12.44,0.0,-0.1073,0.9942,5.9,7.0,7.0,station
2023-12-26,,,10.9,,,,,11.6,,,,,,72,41,12.4,10.79,0.0,-0.0902,0.9959,10.3,11.0,11.0,station
2023-12-27,,,14.6,,,,,14.4,,,,,,87,16,12.8,10.34,0.0,-0.073,0.9973,13.8,14.0,14.0,station
2023-12-28,,,14.2,,,,,13.4,,,,,,91,70,11.1,7.79,0.0,-0.0559,0.9984,12.5,14.0,14.0,station
2023-12-29,,,13.0,,,,,13.3,,,,,,95,60,13.2,9.47,0.0,-0.0387,0.9993,10.1,10.0,10.0,station
2023-12-30,,,,,,,,,,,,,,88,33,16.7,7.68,0.0,-0.0215,0.9998,14.4,15.0,15.0,station
2023-12-31,,,,,,,,,,,,,,77,56,24.1,10.05,0.0,-0.0043,1.0,8.8,,,
2024-01-01,,,,,,,,,,,,,,69,68,13.7,8.15,0.0,0.0172,0.9999,7.6,10.0,10.0,station
2024-01-02,,,,,,,,,,,,,,78,60,16.4,11.42,0.3,0.0344,0.9994,9.8,11.0,11.0,station
2024-01-03,,,,,,,,,,,,,,81,51,24.7,9.96,2.3,0.0516,0.9987,7.3,9.0,9.0,station
2024-01-04,,,,,,,,,,,,,,82,49,16.8,11.69,0.0,0.0688,0.9976,10.4,11.0,11.0,station
2024-01-05,,,,,,,,,,,,,,79,21,16.3,11.35,0.0,0.0859,0.9963,13.8,15.0,15.0,station
2024-01-06,,,,,,,,,,,,,,86,7,11.4,11.85,0.0,0.103,0.9947,10.8,11.0,11.0,station
2024-01-07,,,,,,,,,,,,,,74,11,19.5,12.57,0.0,0.1201,0.9928,7.9,9.0,9.0,station
2024-01-08,,,,,,,,,,,,,,72,77,13.3,7.7,1.0,0.1372,0.9905,9.5,9.0,9.0,station
2024-01-09,,,,,,,,,,,,,,80,46,18.4,12.17,0.0,0.1542,0.988,14.2,15.0,15.0,station
2024-01-10,,,,,,,,,,,,,,74,52,28.2,7.74,0.0,0.1712,0.9852,7.0,9.0,9.0,station
2024-01-11,,,,,,,,,,,,,,73,19,12.4,13.2,0.0,0.1881,0.9821,11.4,11.0,11.0,station
2024-01-12,,,,,,,,,,,,,,73,0,12.6,12.96,0.0,0.205,0.9788,16.1,18.0,18.0,station
2024-01-13,,,,,,,,,,,,,,84,0,17.6,12.93,0.0,0.2218,0.9751,13.3,15.0,15.0,station
2024-01-14,,,,,,,,,,,,,,76,23,27.4,13.17,0.0,0.2385,0.9711,20.1,21.0,21.0,station
2024-01-15,,,,,,,,,,,,,,68,75,26.5,9.32,0.0,0.2552,0.9669,6.8,7.0,7.0,station
2024-01-16,,,,,,,,,,,,,,68,72,18.8,7.91,0.0,0.2718,0.9624,10.9,11.0,11.0,station
2024-01-17,,,,,,,,,,,,,,76,15,22.8,12.74,0.0,0.2883,0.9575,17.8,18.0,18.0,station
2024-01-18,,,,,,,,,,,,,,89,88,16.6,4.78,4.7,0.3047,0.9524,9.9,10.0,10.0,station
2024-01-19,,,,,,,,,,,,,,87,100,20.9,3.44,7.9,0.3211,0.9471,10.5,10.0,10.0,station
2024-01-20,,,7.0,7.4,7.3,,,,,,,,,89,100,28.2,3.56,12.0,0.3373,0.9414,7.0,7.0,7.0,station
2024-01-21,,,6.6,7.7,8.4,,,7.0,6.9,8.5,,,,81,100,28.5,3.82,0.0,0.3534,0.9355,6.4,6.0,6.0,station
2024-01-22,,,3.3,3.7,3.1,,,3.9,3.7,3.3,,,,63,100,30.5,6.63,0.0,0.3695,0.9292,3.0,3.0,3.0,station
2024-01-23,,,0.1,-0.4,0.4,,,0.8,-0.7,0.3,,,,54,33,30.5,14.13,0.0,0.3854,0.9227,-0.7,0.0,0.0,station
2024-01-24,,,3.4,3.1,3.3,,,3.9,2.5,2.6,,,,56,0,22.4,14.4,0.0,0.4012,0.916,3.0,4.0,4.0,station
2024-01-25,,,6.2,5.9,6.0,,,6.5,5.4,6.3,,,,65,20,17.4,14.14,0.0,0.4169,0.9089,5.5,6.0,6.0,station
2024-01-26,,,7.3,7.4,7.5,,,7.7,7.3,7.4,,,,66,27,12.3,13.28,0.0,0.4325,0.9016,6.8,8.0,8.0,station
2024-01-27,,,8.5,7.9,8.8,,,8.1,8.4,8.7,,,,68,45,14.5,10.53,0.0,0.4479,0.8941,7.0,7.0,7.0,station
2024-01-28,,,9.2,8.8,9.0,,,8.7,8.8,9.7,,,,70,5,14.2,14.76,0.0,0.4633,0.8862,8.7,10.0,10.0,station
2024-01-29,,,10.2,8.9,9.1,,,10.4,8.3,9.7,,,,77,86,18.7,10.68,0.4,0.4784,0.8781,9.5,11.0,11.0,station
2024-01-30,,,10.2,9.1,10.1,,,10.1,9.7,9.8,,,,94,94,18.0,3.34,2.8,0.4935,0.8698,10.3,10.0,10.0,station
2024-01-31,,,11.0,8.7,10.2,,,11.4,9.9,10.1,,,,99,100,13.3,3.9,2.6,0.5084,0.8611,10.5,11.0,11.0,station
2024-02-01,,,12.6,9.0,10.4,,,11.1,9.4,10.8,,,,91,100,28.5,2.79,9.4,0.5231,0.8523,9.6,10.0,10.0,station
2024-02-02,,,6.7,6.9,8.1,,,6.9,6.8,7.1,,,,83,100,25.6,5.23,5.2,0.5377,0.8432,7.3,7.0,7.0,station
2024-02-03,,,7.1,6.7,7.5,,,8.2,7.1,8.6,,,,88,100,22.1,2.77,9.9,0.5521,0.8338,8.1,7.0,7.0,station
2024-02-04,7.3,,6.8,5.9,8.0,,,7.4,6.6,9.7,7.0,0.88,,90,100,23.5,2.64,12.7,0.5664,0.8242,7.7,6.0,6.0,station
2024-02-05,6.0,,5.3,4.2,4.7,5.5,,5.8,4.7,5.2,5.05,0.78,-0.25,77,89,31.9,10.95,0.0,0.5805,0.8143,4.1,4.0,4.0,station
2024-02-06,3.6,,4.7,3.7,4.7,5.5,,4.3,4.1,6.1,4.17,0.61,-0.83,81,100,16.9,2.43,1.2,0.5944,0.8042,3.2,4.0,4.0,station
2024-02-07,6.8,,6.9,5.6,6.4,6.5,,7.0,5.9,6.9,6.42,0.59,-0.15,74,79,20.0,4.31,0.1,0.6081,0.7938,5.4,6.0,6.0,station
2024-02-08,5.8,,6.7,6.0,6.7,6.4,,7.0,6.3,6.8,6.3,0.47,-0.33,74,91,17.3,9.79,0.0,0.6217,0.7833,5.7,7.0,7.0,station
2024-02-09,7.6,,9.6,9.7,9.1,7.4,,9.0,8.8,8.7,9.0,0.97,0.53,76,46,13.6,16.1,0.0,0.6351,0.7725,8.8,10.0,10.0,station
2024-02-10,12.3,,14.3,14.0,13.1,12.3,,14.0,13.8,12.8,13.43,0.91,0.2,69,14,15.1,16.24,0.0,0.6483,0.7614,13.4,14.0,14.0,station
2024-02-11,11.8,,13.9,14.1,14.1,11.8,,13.6,12.4,13.2,13.47,1.12,0.72,73,8,14.7,16.55,0.4,0.6613,0.7502,13.4,15.0,15.0,station
2024-02-12,13.4,,13.4,13.3,13.3,13.1,,13.6,13.1,13.5,13.35,0.06,0.03,70,1,25.4,16.73,0.0,0.6741,0.7387,13.8,16.0,16.0,station
2024-02-13,16.4,,17.4,15.4,16.2,16.3,,17.4,15.0,15.3,16.35,0.82,0.35,77,70,24.1,13.38,0.9,0.6867,0.727,17.3,19.0,19.0,station
2024-02-14,18.7,,21.8,20.7,18.7,18.5,,21.7,20.0,18.7,19.98,1.54,0.25,85,47,15.1,15.94,0.0,0.6991,0.715,20.8,23.0,23.0,station
2024-02-15,10.9,,14.4,11.0,11.5,12.3,,14.5,11.1,12.7,11.95,1.65,-0.7,79,98,34.9,3.05,6.0,0.7113,0.7029,11.4,12.0,12.0,station
2024-02-16,7.2,,7.4,8.0,8.0,7.3,,8.2,8.0,7.9,7.65,0.41,-0.2,71,42,19.9,15.88,0.0,0.7233,0.6906,7.3,9.0,9.0,station
2024-02-17,12.6,,13.4,12.7,13.0,12.8,,13.1,12.2,12.4,12.93,0.36,0.3,83,26,23.6,14.26,0.0,0.735,0.678,13.2,14.0,14.0,station
2024-02-18,18.4,,19.3,19.3,18.8,19.0,,18.5,19.3,18.3,18.95,0.44,0.18,85,23,25.6,12.08,0.4,0.7466,0.6653,19.8,22.0,22.0,station
2024-02-19,18.1,,21.2,20.9,18.0,20.3,,23.1,23.0,20.7,19.55,1.74,-2.22,88,67,28.7,9.55,2.8,0.7579,0.6523,20.1,23.0,23.0,station
2024-02-20,9.5,,8.2,9.4,9.5,9.2,,8.5,9.3,8.7,9.15,0.64,0.22,88,100,25.0,4.79,3.9,0.769,0.6392,10.0,9.0,9.0,station
2024-02-21,9.8,,9.8,9.4,9.2,10.1,,8.8,9.5,9.7,9.55,0.3,0.03,89,100,27.4,4.09,49.6,0.7799,0.6259,9.2,9.0,9.0,station
2024-02-22,5.5,,5.1,4.9,5.9,6.6,,6.6,5.9,6.2,5.35,0.44,-0.98,84,100,28.9,5.4,6.2,0.7906,0.6124,5.0,4.0,4.0,station
2024-02-23,5.9,,4.3,4.8,7.9,7.1,,4.0,5.2,7.5,5.72,1.6,-0.23,82,100,26.1,5.9,1.9,0.801,0.5987,5.0,3.0,3.0,station
2024-02-24,4.5,,2.4,3.2,4.7,6.3,,3.9,4.5,7.3,3.7,1.09,-1.8,88,100,22.6,3.18,3.7,0.8112,0.5848,4.1,3.0,3.0,station
2024-02-25,5.2,,4.7,3.7,5.5,6.6,,5.7,5.4,6.5,4.78,0.79,-1.27,70,97,27.5,8.8,0.2,0.8211,0.5708,4.8,3.0,3.0,station
2024-02-26,7.3,,8.1,7.5,8.3,7.0,,7.8,7.3,6.9,7.8,0.48,0.55,71,93,21.8,11.31,0.0,0.8308,0.5566,7.8,8.0,8.0,station
2024-02-27,9.4,,9.3,8.4,9.5,8.7,,9.1,8.4,9.6,9.15,0.51,0.2,73,91,14.3,12.28,0.0,0.8402,0.5422,8.8,10.0,10.0,station
2024-02-28,9.7,,8.5,9.8,9.1,10.9,,8.8,9.7,11.5,9.28,0.6,-0.95,92,100,15.1,2.29,15.0,0.8495,0.5277,9.6,9.0,9.0,station
2024-02-29,8.6,,8.1,8.5,8.9,9.8,,8.4,9.9,9.3,8.53,0.33,-0.83,94,100,25.9,1.85,20.7,0.8584,0.513,8.3,8.0,8.0,station
2024-03-01,7.0,,6.6,6.8,6.7,7.5,,7.2,7.0,7.0,6.78,0.17,-0.4,66,91,27.9,15.56,0.0,0.8671,0.4981,6.4,7.0,7.0,station
2024-03-02,7.3,,8.3,7.5,7.2,7.1,,6.8,6.9,7.4,7.58,0.5,0.53,69,42,19.0,16.25,0.0,0.8755,0.4831,7.9,9.0,9.0,station
2024-03-03,12.4,,12.0,11.6,11.4,12.4,,12.1,10.3,11.0,11.85,0.44,0.4,76,8,20.5,18.59,0.0,0.8837,0.468,12.9,14.0,14.0,station
2024-03-04,10.7,,10.8,10.4,10.0,11.3,,10.5,10.1,11.7,10.47,0.36,-0.43,88,93,25.8,4.63,3.8,0.8916,0.4527,12.7,11.0,11.0,station
2024-03-05,12.0,,11.0,12.7,13.2,11.8,,11.9,14.6,14.8,12.22,0.95,-1.05,94,99,24.2,7.44,8.1,0.8993,0.4373,14.3,13.0,13.0,station
2024-03-06,10.6,,10.9,10.1,9.7,10.3,,8.5,9.3,9.7,10.32,0.53,0.88,78,79,26.3,10.06,0.7,0.9067,0.4218,10.6,11.0,11.0,station
2024-03-07,9.3,,9.5,9.9,9.5,9.2,,9.8,9.2,10.0,9.55,0.25,0.0,78,13,17.0,19.57,0.0,0.9138,0.4061,10.0,11.0,11.0,station
2024-03-08,9.8,,10.5,11.4,8.7,10.1,,11.1,11.8,11.4,10.1,1.14,-1.0,75,39,28.8,15.35,0.1,0.9207,0.3904,10.7,11.0,11.0,station
2024-03-09,9.0,,9.1,9.9,9.5,8.7,,9.0,9.7,9.5,9.38,0.41,0.15,75,34,17.1,20.19,0.0,0.9272,0.3745,10.2,11.0,11.0,station
2024-03-10,10.2,,11.6,10.4,10.8,10.1,,10.8,10.4,10.7,10.75,0.62,0.25,77,17,19.9,20.78,0.0,0.9335,0.3585,11.1,12.0,12.0,station
2024-03-11,13.7,,16.7,15.6,14.6,13.6,,15.2,17.2,13.1,15.15,1.29,0.38,83,69,19.8,8.05,1.8,0.9396,0.3424,16.7,16.0,16.0,station
2024-03-12,13.1,,14.1,15.8,15.1,11.1,,14.1,13.7,12.6,14.53,1.18,1.65,76,8,28.3,19.7,0.0,0.9453,0.3261,15.0,16.0,16.0,station
2024-03-13,10.6,,11.9,11.1,10.9,10.4,,11.6,11.0,10.5,11.12,0.56,0.25,75,85,19.3,19.98,0.0,0.9508,0.3098,11.3,13.0,13.0,station
2024-03-14,10.4,,13.0,12.0,12.4,12.1,,14.8,12.9,12.9,11.95,1.11,-1.23,88,92,10.8,7.52,0.0,0.956,0.2934,11.2,12.0,12.0,station
2024-03-15,14.5,13.0,16.5,15.1,15.4,13.5,,16.3,14.6,15.0,14.9,1.29,0.05,87,40,16.9,19.08,0.0,0.9609,0.2769,15.2,17.0,17.0,station
2024-03-16,17.8,15.8,17.5,20.8,17.0,18.8,15.0,18.9,18.2,16.8,17.78,1.85,0.24,94,94,15.8,9.71,0.1,0.9655,0.2604,17.9,18.0,18.0,station
2024-03-17,13.5,11.8,12.1,12.6,11.8,11.6,11.3,12.4,11.7,12.5,12.36,0.72,0.46,87,100,26.1,5.41,0.4,0.9698,0.2437,13.0,13.0,13.0,station
2024-03-18,9.1,9.5,10.0,10.6,10.1,9.6,9.7,9.0,10.1,10.8,9.86,0.58,0.02,77,96,18.9,9.13,0.1,0.9739,0.227,11.0,10.0,10.0,station
2024-03-19,14.8,14.0,16.2,16.1,17.3,14.7,14.0,15.5,15.6,16.4,15.68,1.29,0.44,70,25,23.9,20.76,0.0,0.9777,0.2102,17.5,19.0,19.0,station
2024-03-20,13.8,13.8,12.4,15.8,17.2,14.6,13.1,11.8,15.9,16.2,14.6,1.89,0.28,64,1,22.5,22.05,0.0,0.9811,0.1934,16.2,18.0,18.0,station
2024-03-21,14.6,13.1,14.3,15.7,14.1,14.8,15.0,12.3,13.1,13.2,14.36,0.94,0.68,70,32,28.4,21.46,0.0,0.9843,0.1765,16.0,19.0,19.0,station
2024-03-22,20.1,18.2,20.9,18.5,18.3,19.8,16.4,19.0,19.2,17.9,19.2,1.22,0.74,73,26,27.4,20.28,0.0,0.9872,0.1595,22.4,22.0,22.0,station
2024-03-23,17.1,17.7,19.9,16.6,21.4,19.8,16.4,21.6,16.3,20.1,18.54,2.04,-0.3,86,99,16.9,8.96,2.4,0.9898,0.1425,18.6,23.0,23.0,station
2024-03-24,22.2,17.6,23.4,21.9,23.6,23.4,18.5,19.0,22.3,24.1,21.74,2.43,0.28,92,70,15.8,15.77,1.0,0.9921,0.1255,21.2,21.0,21.0,station
2024-03-25,23.0,18.0,20.0,26.6,21.9,23.5,16.9,20.3,26.3,23.5,21.9,3.24,-0.2,85,93,30.4,15.03,7.5,0.9941,0.1084,27.2,24.0,24.0,station
2024-03-26,13.7,13.1,14.5,14.2,14.1,14.3,13.6,14.0,14.1,13.2,13.92,0.54,0.08,77,90,33.6,14.38,0.0,0.9958,0.0913,15.0,15.0,15.0,station
2024-03-27,13.3,11.7,14.8,13.3,12.7,13.4,11.6,14.0,12.6,12.1,13.16,1.13,0.42,81,89,27.2,13.8,0.5,0.9972,0.0741,14.1,16.0,16.0,station
2024-03-28,15.2,13.9,16.4,15.8,15.3,13.8,14.1,15.5,15.5,13.2,15.32,0.93,0.9,87,86,23.9,7.85,13.1,0.9984,0.057,15.7,15.0,15.0,station
2024-03-29,23.7,21.3,24.4,21.1,21.6,21.6,21.1,23.2,21.2,19.7,22.42,1.52,1.06,76,8,20.5,22.3,0.0,0.9992,0.0398,24.4,25.0,25.0,station
2024-03-30,26.2,23.6,24.2,25.3,24.0,23.9,21.9,25.2,21.8,22.0,24.66,1.07,1.7,74,73,18.0,19.27,0.0,0.9997,0.0226,26.9,29.0,29.0,station
2024-03-31,15.1,14.8,16.6,14.8,14.8,15.1,16.2,17.2,13.7,15.0,15.22,0.78,-0.22,92,67,22.8,8.09,0.2,1.0,0.0054,17.5,17.0,17.0,station
2024-04-01,18.2,16.6,19.3,18.5,17.8,15.8,16.0,18.8,16.3,17.3,18.08,0.99,1.24,91,57,26.0,21.69,0.0,0.9999,-0.0118,18.6,21.0,21.0,station
2024-04-02,21.6,18.9,22.2,19.6,19.9,18.9,17.5,19.1,19.9,20.3,20.44,1.4,1.3,92,99,30.8,10.16,25.3,0.9996,-0.029,20.9,21.0,21.0,station
2024-04-03,20.8,17.4,21.3,19.8,18.9,24.7,18.3,23.2,25.2,25.3,19.64,1.56,-3.7,87,99,28.3,10.38,7.4,0.9989,-0.0462,21.3,21.0,21.0,station
2024-04-04,14.8,14.7,15.9,14.7,13.6,13.9,14.4,14.5,14.8,13.3,14.74,0.81,0.56,66,100,22.0,10.56,1.4,0.998,-0.0634,14.7,16.0,16.0,station
2024-04-05,14.1,13.8,14.6,14.5,13.7,14.2,14.1,11.6,13.5,13.0,14.14,0.4,0.86,76,79,18.6,22.18,0.2,0.9968,-0.0805,14.7,15.0,15.0,station
2024-04-06,14.6,14.5,13.7,13.7,15.9,16.0,14.7,14.4,13.8,13.5,14.48,0.9,0.0,89,100,12.7,10.88,1.6,0.9952,-0.0977,15.8,17.0,17.0,station
2024-04-07,15.2,13.9,14.9,14.0,14.1,14.4,14.6,16.0,14.4,13.5,14.42,0.59,-0.16,87,92,16.1,8.02,7.3,0.9934,-0.1148,15.3,15.0,15.0,station
2024-04-08,13.4,13.4,11.6,13.4,13.2,13.7,13.6,14.9,14.0,13.6,13.0,0.79,-0.96,88,93,18.8,5.05,12.2,0.9913,-0.1319,13.4,14.0,14.0,station
2024-04-09,16.8,16.7,18.6,17.8,17.4,17.5,16.8,18.6,17.9,17.3,17.46,0.78,-0.16,73,63,17.4,23.6,0.0,0.9889,-0.1489,18.9,20.0,20.0,station
2024-04-10,17.2,16.6,17.9,17.0,17.5,16.6,16.1,17.6,16.8,16.7,17.24,0.49,0.48,84,67,20.6,20.71,0.6,0.9861,-0.1659,17.9,20.0,20.0,station
2024-04-11,19.0,18.2,20.5,18.7,19.2,19.8,18.5,17.8,17.7,18.5,19.12,0.86,0.66,90,93,16.1,16.41,6.8,0.9831,-0.1828,20.4,23.0,23.0,station
2024-04-12,17.5,16.8,15.9,15.7,15.2,17.8,16.9,15.1,15.7,16.9,16.22,0.92,-0.26,94,98,19.2,6.19,10.2,0.9799,-0.1997,17.4,16.0,16.0,station
2024-04-13,17.4,16.8,17.5,17.8,17.1,17.8,17.4,18.4,17.9,16.4,17.32,0.38,-0.26,93,100,18.7,12.51,0.0,0.9763,-0.2165,17.6,18.0,18.0,station
2024-04-14,18.3,17.8,20.7,18.4,17.1,19.7,17.4,20.3,17.4,17.5,18.46,1.35,0.0,97,99,23.8,8.22,6.4,0.9724,-0.2333,18.7,21.0,21.0,station
2024-04-15,21.2,20.3,23.8,21.0,21.5,21.8,21.4,25.3,21.0,23.4,21.56,1.33,-1.02,90,52,16.7,21.06,0.0,0.9683,-0.25,22.9,25.0,25.0,station
2024-04-16,18.6,17.1,18.8,17.9,17.8,20.3,17.0,20.3,18.3,18.5,18.04,0.68,-0.84,94,100,18.4,14.5,0.1,0.9638,-0.2666,19.4,21.0,21.0,station
2024-04-17,15.5,14.8,15.6,15.6,14.8,15.9,15.0,18.3,15.3,16.0,15.26,0.42,-0.84,90,100,20.4,3.21,23.5,0.9591,-0.2831,15.0,17.0,17.0,station
2024-04-18,18.0,18.0,18.6,18.6,18.0,17.7,18.2,17.7,18.3,16.9,18.24,0.33,0.48,76,20,15.0,25.12,0.0,0.9541,-0.2996,19.1,21.0,21.0,station
2024-04-19,17.5,17.2,18.8,17.0,17.3,17.9,16.7,19.5,17.1,17.5,17.56,0.72,-0.18,76,94,33.9,13.78,12.3,0.9488,-0.316,18.4,21.0,21.0,station
2024-04-20,21.0,19.0,22.2,23.5,23.9,23.6,20.5,21.1,24.2,22.9,21.92,1.99,-0.54,83,91,31.3,16.85,2.2,0.9432,-0.3322,21.6,23.0,23.0,station
2024-04-21,19.3,18.4,18.8,18.1,18.0,19.7,18.4,17.6,16.7,17.6,18.52,0.54,0.52,84,100,15.0,12.11,8.8,0.9373,-0.3484,18.8,19.0,19.0,station
2024-04-22,17.2,17.5,17.7,17.6,17.5,18.1,17.8,16.0,18.6,15.0,17.5,0.19,0.4,87,88,13.0,12.56,3.7,0.9312,-0.3645,17.9,20.0,20.0,station
2024-04-23,18.7,17.7,17.7,19.3,18.3,18.2,17.5,16.6,17.5,16.7,18.34,0.68,1.04,88,90,10.1,11.41,5.7,0.9248,-0.3804,18.8,21.0,21.0,station
2024-04-24,22.2,21.5,24.5,21.3,22.0,21.8,20.9,23.2,23.2,19.8,22.3,1.28,0.52,63,71,15.9,24.83,0.0,0.9181,-0.3963,23.1,25.0,25.0,station
2024-04-25,21.8,19.4,21.8,20.4,21.8,20.3,19.5,21.3,20.3,19.1,21.04,1.1,0.94,57,90,22.8,15.96,0.8,0.9112,-0.412,21.7,25.0,25.0,station
2024-04-26,17.9,17.4,19.8,18.3,16.6,16.7,17.2,16.7,16.4,16.4,18.0,1.19,1.32,84,98,22.7,14.32,1.9,0.9039,-0.4276,18.5,17.0,17.0,station
2024-04-27,18.8,19.2,19.1,20.4,18.9,19.0,18.9,19.5,20.4,17.6,19.28,0.65,0.2,88,78,18.8,16.97,0.1,0.8965,-0.4431,20.0,19.0,19.0,station
2024-04-28,18.7,18.8,19.7,18.9,18.6,19.1,19.9,18.5,18.8,17.7,18.94,0.44,0.14,94,100,23.1,6.05,3.4,0.8887,-0.4585,19.2,19.0,19.0,station
2024-04-29,20.6,20.3,22.3,20.4,22.8,20.7,20.1,25.3,22.3,21.1,21.28,1.18,-0.62,85,78,22.2,16.29,0.6,0.8807,-0.4737,22.9,22.0,22.0,station
2024-04-30,16.8,16.6,16.2,17.0,15.9,17.5,16.3,16.2,17.9,16.3,16.5,0.45,-0.34,88,100,26.4,4.66,11.8,0.8724,-0.4888,16.2,18.0,18.0,station
2024-05-01,18.9,18.5,18.9,18.9,18.3,19.0,19.2,17.6,20.0,18.1,18.7,0.28,-0.08,72,91,21.3,17.9,2.5,0.8639,-0.5037,19.4,21.0,21.0,station
2024-05-02,18.1,18.2,19.6,17.6,17.8,17.7,18.3,18.3,17.7,17.3,18.26,0.79,0.4,81,69,19.6,18.48,1.4,0.8551,-0.5185,18.8,19.0,19.0,station
2024-05-03,18.5,18.9,18.7,19.0,18.8,18.3,18.6,18.6,18.7,18.1,18.78,0.19,0.32,80,62,19.9,22.58,0.0,0.846,-0.5331,19.0,20.0,20.0,station
2024-05-04,17.5,17.3,20.6,17.5,18.3,18.9,17.6,19.1,18.3,18.3,18.24,1.37,-0.2,83,100,21.5,9.18,12.1,0.8367,-0.5476,18.2,18.0,18.0,station
2024-05-05,22.2,19.7,20.7,21.1,23.9,26.1,20.6,19.4,21.3,22.3,21.52,1.6,-0.42,89,81,25.2,9.04,12.2,0.8272,-0.5619,22.8,22.0,22.0,station
2024-05-06,23.4,23.0,25.4,25.5,23.3,23.5,22.4,25.5,26.2,22.9,24.12,1.22,0.02,82,89,11.9,20.11,0.4,0.8174,-0.5761,24.2,26.0,26.0,station
2024-05-07,22.8,22.2,23.4,22.9,22.5,22.2,22.1,23.5,23.1,22.4,22.76,0.45,0.1,78,59,12.6,24.29,1.4,0.8074,-0.59,23.1,25.0,25.0,station
2024-05-08,19.2,20.0,19.3,19.1,19.1,19.3,19.6,18.4,19.6,19.9,19.34,0.38,-0.02,77,1,23.9,26.19,0.0,0.7971,-0.6038,19.8,21.0,21.0,station
2024-05-09,20.0,19.8,20.4,19.8,19.0,19.4,19.8,20.3,19.9,18.9,19.8,0.51,0.14,77,82,16.4,23.73,0.0,0.7866,-0.6175,20.6,22.0,22.0,station
2024-05-10,22.2,21.5,22.4,22.7,22.6,22.3,21.5,22.4,22.7,22.3,22.28,0.48,0.04,73,28,28.4,26.62,0.0,0.7759,-0.6309,23.0,25.0,25.0,station
2024-05-11,22.6,22.0,21.1,22.9,21.7,22.2,21.8,23.0,22.6,22.2,22.06,0.72,-0.3,85,100,19.9,11.77,19.7,0.7649,-0.6442,26.7,24.0,24.0,station
2024-05-12,20.7,19.8,21.0,21.2,20.7,21.6,21.2,22.9,22.8,20.1,20.68,0.54,-1.04,76,99,21.7,10.5,1.7,0.7537,-0.6572,20.6,22.0,22.0,station
2024-05-13,22.6,22.0,22.2,23.4,21.8,21.4,22.2,22.5,21.9,22.2,22.4,0.63,0.36,65,71,13.0,25.82,0.0,0.7423,-0.6701,22.8,25.0,25.0,station
2024-05-14,22.0,22.3,23.6,22.9,22.3,24.2,22.3,23.6,25.4,22.1,22.62,0.64,-0.9,68,0,16.0,27.05,0.0,0.7306,-0.6828,23.2,26.0,26.0,station
2024-05-15,23.2,19.7,24.1,27.2,25.0,22.6,20.0,23.2,25.2,24.7,23.84,2.75,0.7,69,2,36.0,26.12,0.0,0.7188,-0.6952,24.7,27.0,27.0,station
2024-05-16,23.2,22.2,23.7,23.6,22.5,22.7,21.2,23.7,23.0,21.4,23.04,0.67,0.64,56,2,23.1,27.64,0.0,0.7067,-0.7075,24.0,26.0,26.0,station
2024-05-17,25.2,24.0,25.0,25.6,25.1,24.5,23.4,25.6,24.6,24.7,24.98,0.59,0.42,67,19,23.2,26.79,0.0,0.6945,-0.7195,26.0,29.0,29.0,station
2024-05-18,24.5,23.8,25.6,24.1,24.8,23.9,23.2,25.4,24.1,24.9,24.56,0.69,0.26,78,2,26.9,26.54,0.0,0.682,-0.7314,25.3,27.0,27.0,station
2024-05-19,23.3,23.7,25.3,22.9,23.6,23.4,23.4,24.8,23.0,24.0,23.76,0.92,0.04,84,62,20.1,25.77,0.0,0.6693,-0.743,24.4,25.0,25.0,station
2024-05-20,24.2,23.0,25.3,22.6,22.5,23.6,22.9,25.6,23.3,22.7,23.52,1.2,-0.1,87,96,21.5,17.29,0.5,0.6564,-0.7544,25.5,26.0,26.0,station
2024-05-21,23.0,22.3,23.8,22.1,21.9,23.6,22.5,24.1,20.0,22.1,22.62,0.78,0.16,82,100,20.6,18.96,0.0,0.6433,-0.7656,23.8,25.0,25.0,station
2024-05-22,22.7,22.4,23.8,22.0,22.0,22.9,23.0,23.6,21.1,21.6,22.58,0.74,0.14,81,100,16.7,15.57,0.0,0.6301,-0.7765,23.1,25.0,25.0,station
2024-05-23,23.0,23.4,24.4,23.1,22.5,22.7,22.9,25.2,24.0,21.6,23.28,0.7,0.0,82,91,17.7,20.43,0.2,0.6166,-0.7873,24.0,25.0,25.0,station
2024-05-24,23.9,24.2,25.5,24.4,24.0,23.5,23.7,25.5,23.8,23.0,24.4,0.64,0.5,84,80,19.4,21.2,0.0,0.603,-0.7978,24.9,25.0,25.0,station
2024-05-25,23.9,23.4,25.4,23.5,22.8,23.9,23.7,25.5,23.8,22.5,23.8,0.98,-0.08,82,77,21.3,14.87,0.0,0.5892,-0.808,23.8,25.0,25.0,station
2024-05-26,30.7,28.0,34.4,31.4,30.4,29.6,28.1,33.6,31.4,29.1,30.98,2.3,0.62,79,78,21.7,22.47,2.4,0.5752,-0.818,33.7,34.0,34.0,station
2024-05-27,23.2,22.7,22.6,23.5,21.3,23.6,23.2,23.3,24.3,22.8,22.66,0.84,-0.78,84,100,34.2,6.96,29.0,0.561,-0.8278,23.4,24.0,24.0,station
2024-05-28,23.1,22.6,23.3,24.3,23.0,22.8,24.0,23.4,23.8,22.6,23.26,0.63,-0.06,65,17,23.0,27.72,0.0,0.5467,-0.8373,24.4,25.0,25.0,station
2024-05-29,22.1,22.6,23.6,22.0,22.7,21.6,21.7,23.8,22.6,22.0,22.6,0.64,0.26,73,85,20.2,24.11,0.0,0.5322,-0.8466,22.5,24.0,24.0,station
2024-05-30,23.7,23.0,24.6,22.4,22.6,24.3,22.9,22.0,22.9,22.3,23.26,0.9,0.38,79,90,20.7,16.68,3.9,0.5176,-0.8556,25.0,26.0,26.0,station
2024-05-31,23.0,22.2,21.6,22.5,21.9,22.5,22.3,21.3,21.7,20.7,22.24,0.54,0.54,90,97,14.6,5.53,9.9,0.5028,-0.8644,21.7,22.0,22.0,station
2024-06-01,24.7,22.6,24.1,25.2,23.1,23.3,22.7,23.1,23.7,21.0,23.94,1.08,1.18,84,86,21.2,18.54,0.9,0.4878,-0.8729,24.4,25.0,25.0,station
2024-06-02,23.4,23.5,24.4,23.1,22.7,22.7,23.1,23.8,24.0,21.4,23.42,0.63,0.42,69,76,13.1,23.1,0.0,0.4728,-0.8812,23.8,26.0,26.0,station
2024-06-03,28.8,27.0,30.6,29.6,27.7,27.7,26.2,28.5,28.4,26.3,28.74,1.44,1.32,61,52,16.5,25.55,0.0,0.4575,-0.8892,29.5,31.0,31.0,station
2024-06-04,24.4,24.6,24.3,23.8,23.6,24.0,23.6,24.3,23.9,24.3,24.14,0.42,0.12,82,93,20.0,23.9,0.0,0.4422,-0.8969,24.5,25.0,25.0,station
2024-06-05,21.8,21.7,21.1,21.9,22.1,23.6,22.2,21.3,22.3,22.0,21.72,0.38,-0.56,83,100,21.3,5.34,2.1,0.4267,-0.9044,21.8,23.0,23.0,station
2024-06-06,22.3,21.6,18.9,20.8,20.6,22.5,22.1,18.9,21.1,20.1,20.84,1.28,-0.1,75,89,17.7,17.09,1.7,0.4111,-0.9116,21.8,23.0,23.0,station
2024-06-07,23.1,22.6,24.4,23.1,23.5,23.2,22.7,24.5,23.7,21.7,23.34,0.67,0.18,80,92,18.5,15.51,0.3,0.3953,-0.9185,23.6,24.0,24.0,station
2024-06-08,25.7,25.2,26.9,25.8,25.2,26.6,25.0,28.9,25.2,25.7,25.76,0.69,-0.52,83,79,16.8,20.54,0.5,0.3795,-0.9252,26.5,28.0,28.0,station
2024-06-09,27.3,26.2,29.1,28.2,26.4,26.1,25.4,29.8,29.1,25.0,27.44,1.22,0.36,79,90,14.5,18.35,0.0,0.3635,-0.9316,28.4,31.0,31.0,station
2024-06-10,26.7,24.1,26.5,22.5,21.7,26.2,24.3,28.5,23.9,23.8,24.3,2.27,-1.04,77,98,20.0,13.0,1.2,0.3474,-0.9377,23.8,25.0,25.0,station
2024-06-11,24.1,23.7,23.7,22.9,22.9,25.4,23.4,26.7,23.5,22.4,23.46,0.54,-0.82,85,100,21.1,9.75,1.6,0.3312,-0.9436,24.4,24.0,24.0,station
2024-06-12,26.1,25.1,27.3,28.7,26.2,24.9,25.2,26.0,27.2,24.2,26.68,1.37,1.18,89,87,16.8,12.99,1.9,0.3149,-0.9491,25.8,27.0,27.0,station
2024-06-13,25.9,26.0,27.9,26.1,25.7,25.5,25.3,27.9,25.9,25.3,26.32,0.9,0.34,87,83,18.9,21.81,0.0,0.2986,-0.9544,25.9,28.0,28.0,station
2024-06-14,26.8,25.4,28.0,25.7,26.1,26.1,25.4,27.9,24.9,25.9,26.4,1.04,0.36,86,80,21.0,17.0,0.3,0.2821,-0.9594,27.4,29.0,29.0,station
2024-06-15,27.0,26.9,27.4,27.3,26.9,27.3,27.5,28.4,26.7,26.2,27.1,0.23,-0.12,83,34,11.9,24.99,0.0,0.2656,-0.9641,27.3,29.0,29.0,station
2024-06-16,26.5,26.7,27.7,26.3,25.8,26.2,25.4,28.0,25.9,25.1,26.6,0.7,0.48,84,82,17.9,21.59,0.0,0.2489,-0.9685,27.9,29.0,29.0,station
2024-06-17,26.1,25.2,24.4,25.3,23.0,26.6,26.3,24.4,26.5,24.2,24.8,1.17,-0.8,75,72,23.5,15.95,2.1,0.2322,-0.9727,25.7,29.0,29.0,station
2024-06-18,26.3,25.7,26.5,26.7,24.8,26.8,25.6,27.8,26.4,24.7,26.0,0.77,-0.26,69,34,21.3,27.05,0.0,0.2155,-0.9765,27.4,28.0,28.0,station
2024-06-19,26.1,25.3,24.7,24.4,24.7,25.4,24.1,27.0,26.4,26.3,25.04,0.68,-0.8,92,100,23.8,7.64,31.1,0.1986,-0.9801,27.0,26.0,26.0,station
2024-06-20,27.5,26.3,25.9,26.9,25.5,29.1,26.8,26.2,30.2,27.5,26.42,0.79,-1.54,90,82,22.2,10.18,28.2,0.1818,-0.9833,28.9,30.0,30.0,station
2024-06-21,30.0,28.0,30.6,29.0,29.3,30.1,27.9,32.0,27.7,26.1,29.38,0.99,0.62,90,96,18.9,13.99,4.6,0.1648,-0.9863,30.6,29.0,29.0,station
2024-06-22,31.8,29.0,31.1,33.5,31.3,30.9,29.4,29.6,32.9,30.9,31.34,1.61,0.6,88,100,17.3,12.25,9.3,0.1478,-0.989,31.6,34.0,34.0,station
2024-06-23,28.7,27.3,30.8,26.8,26.5,28.7,26.7,32.7,27.0,26.9,28.02,1.77,-0.38,92,100,23.5,3.77,56.7,0.1308,-0.9914,27.1,27.0,27.0,station
2024-06-24,26.4,24.9,30.8,28.7,28.5,28.4,26.7,32.8,26.9,27.1,27.86,2.27,-0.52,91,100,15.3,6.94,14.6,0.1137,-0.9935,27.8,28.0,28.0,station
2024-06-25,23.0,23.6,24.8,24.5,23.3,24.3,23.7,24.1,24.5,24.5,23.84,0.78,-0.38,92,100,11.6,3.42,36.4,0.0966,-0.9953,23.1,24.0,24.0,station
2024-06-26,24.1,23.7,24.2,24.0,23.6,25.6,23.4,23.3,25.3,24.9,23.92,0.26,-0.58,92,100,27.0,6.07,71.4,0.0795,-0.9968,24.5,25.0,25.0,station
2024-06-27,24.7,24.2,23.2,24.0,25.9,24.8,23.4,23.4,24.8,24.9,24.4,1.0,0.14,94,100,21.7,4.76,35.9,0.0623,-0.9981,24.1,25.0,25.0,station
2024-06-28,26.9,25.0,24.1,25.0,27.0,27.5,25.6,26.3,26.9,27.7,25.6,1.29,-1.2,91,100,18.5,10.6,17.3,0.0451,-0.999,27.4,28.0,28.0,station
2024-06-29,30.1,28.7,28.0,30.2,29.8,29.6,28.0,26.9,30.4,30.7,29.36,0.97,0.24,85,100,27.8,8.17,10.4,0.028,-0.9996,30.2,31.0,31.0,station
2024-06-30,27.2,26.7,26.4,27.1,27.4,27.7,26.9,25.9,28.9,28.6,26.96,0.4,-0.64,93,100,18.9,4.59,39.2,0.0108,-0.9999,27.5,28.0,28.0,station
2024-07-01,28.3,27.1,28.0,28.5,28.9,29.2,27.7,26.4,28.2,26.2,28.16,0.68,0.62,94,100,15.5,9.55,12.5,-0.0065,-1.0,28.7,31.0,31.0,station
2024-07-02,33.2,31.2,33.8,32.4,32.1,32.5,31.0,34.4,32.4,32.3,32.54,1.0,0.02,80,100,30.3,22.89,0.5,-0.0237,-0.9997,33.8,35.0,35.0,station
2024-07-03,30.2,30.1,33.2,30.2,31.4,30.4,29.2,32.3,32.4,31.5,31.02,1.33,-0.14,89,55,11.2,23.9,1.8,-0.0408,-0.9992,31.1,35.0,35.0,station
2024-07-04,33.5,33.0,35.2,34.1,32.9,33.2,32.6,34.8,32.6,32.0,33.74,0.94,0.7,81,15,17.1,26.0,0.0,-0.058,-0.9983,34.9,38.0,38.0,station
2024-07-05,33.9,33.0,34.7,34.5,32.9,33.5,32.8,34.8,34.5,33.2,33.8,0.83,0.04,75,3,20.4,26.19,0.0,-0.0752,-0.9972,35.1,38.0,38.0,station
2024-07-06,33.5,33.1,34.6,34.2,33.7,33.6,32.7,34.4,33.7,32.9,33.82,0.59,0.36,76,79,21.5,26.11,0.0,-0.0923,-0.9957,34.9,37.0,37.0,station
2024-07-07,34.5,33.7,35.3,35.4,34.1,34.4,33.8,34.9,34.3,33.2,34.6,0.74,0.48,75,95,18.3,24.9,0.0,-0.1094,-0.994,35.6,38.0,38.0,station
2024-07-08,34.5,34.4,34.8,35.7,34.9,33.6,33.7,35.0,34.8,34.2,34.86,0.51,0.6,76,93,18.7,21.4,0.0,-0.1265,-0.992,34.9,38.0,38.0,station
2024-07-09,34.0,33.6,33.1,35.1,34.3,33.9,34.0,34.9,36.0,34.7,34.02,0.75,-0.68,75,93,18.9,18.61,0.0,-0.1436,-0.9896,34.1,37.0,37.0,station
2024-07-10,30.4,30.7,35.3,35.9,31.5,30.1,29.6,28.9,37.1,33.7,32.76,2.63,0.88,82,100,19.5,9.36,8.5,-0.1606,-0.987,32.9,35.0,35.0,station
2024-07-11,26.5,26.4,26.1,28.2,26.5,26.8,26.8,26.5,29.1,28.5,26.74,0.83,-0.8,91,100,17.1,7.04,55.4,-0.1775,-0.9841,27.6,28.0,28.0,station
2024-07-12,26.3,26.2,26.3,28.0,28.0,26.2,26.9,26.3,29.0,26.3,26.96,0.95,0.02,91,95,13.3,8.35,54.0,-0.1944,-0.9809,28.2,27.0,27.0,station
2024-07-13,31.3,27.9,27.8,30.3,26.7,30.3,27.7,28.8,30.1,27.4,28.8,1.92,-0.06,90,95,16.7,11.62,16.2,-0.2113,-0.9774,31.1,30.0,30.0,station
2024-07-14,29.8,28.6,27.3,28.0,28.1,29.7,28.6,26.6,30.7,30.0,28.36,0.93,-0.76,91,100,13.5,11.91,26.7,-0.2281,-0.9736,30.8,32.0,32.0,station
2024-07-15,30.8,29.4,26.9,30.7,29.0,32.0,29.8,31.2,30.3,28.7,29.36,1.59,-1.04,88,99,13.7,12.01,1.3,-0.2448,-0.9696,31.6,32.0,32.0,station
2024-07-16,31.7,31.2,32.0,32.9,32.1,31.7,31.0,32.1,31.5,31.6,31.98,0.62,0.4,80,89,25.3,25.84,0.0,-0.2614,-0.9652,32.8,34.0,34.0,station
2024-07-17,32.4,31.9,32.6,33.6,32.3,32.1,31.7,32.0,33.6,32.1,32.56,0.63,0.26,79,98,24.1,20.86,0.0,-0.278,-0.9606,32.9,35.0,35.0,station
2024-07-18,34.4,33.9,36.7,36.9,35.0,34.0,33.5,35.2,36.9,33.8,35.38,1.36,0.7,75,100,21.8,21.55,0.2,-0.2945,-0.9557,35.8,39.0,39.0,station
2024-07-19,33.6,33.4,34.6,36.0,33.9,33.8,33.5,35.4,35.4,33.8,34.3,1.05,-0.08,79,84,14.0,20.83,0.4,-0.3109,-0.9505,35.5,38.0,38.0,station
2024-07-20,33.7,32.8,32.6,33.4,33.1,33.8,33.1,34.3,33.8,33.5,33.12,0.44,-0.58,75,94,22.0,24.87,0.0,-0.3272,-0.945,34.9,35.0,35.0,station
2024-07-21,32.8,32.9,32.6,34.0,31.2,32.6,32.5,33.1,35.2,31.9,32.7,1.0,-0.36,78,73,25.3,16.45,0.0,-0.3434,-0.9392,34.3,36.0,36.0,station
2024-07-22,33.2,32.4,32.4,34.0,32.6,33.1,32.1,31.8,33.9,31.7,32.92,0.69,0.4,77,59,28.1,26.35,0.0,-0.3595,-0.9332,34.4,36.0,36.0,station
2024-07-23,31.7,31.7,32.2,32.1,31.6,32.2,31.5,31.9,32.1,31.4,31.86,0.27,0.04,79,77,26.9,25.67,0.0,-0.3755,-0.9268,33.1,35.0,35.0,station
2024-07-24,31.0,31.9,31.2,31.2,31.0,30.7,31.7,31.4,31.1,30.8,31.26,0.37,0.12,81,34,26.1,24.7,0.0,-0.3914,-0.9202,31.8,33.0,33.0,station
2024-07-25,30.7,31.2,30.9,31.4,30.7,30.7,30.8,30.3,31.2,30.8,30.98,0.31,0.22,78,37,34.2,23.45,1.4,-0.4071,-0.9134,31.5,32.0,32.0,station
2024-07-26,30.4,29.5,29.4,30.0,29.4,30.3,30.0,28.7,30.6,28.4,29.74,0.44,0.14,81,77,45.2,10.72,6.7,-0.4228,-0.9062,30.0,32.0,32.0,station
2024-07-27,31.0,30.5,28.9,31.1,30.0,30.8,30.9,30.4,30.9,30.0,30.3,0.9,-0.3,79,74,47.1,22.96,0.7,-0.4383,-0.8988,31.7,33.0,33.0,station
2024-07-28,31.5,30.9,30.9,32.0,31.8,31.4,30.5,30.9,31.9,31.5,31.42,0.51,0.18,78,9,37.2,25.45,0.0,-0.4537,-0.8912,32.2,34.0,34.0,station
2024-07-29,32.1,31.8,31.9,32.1,32.2,32.3,31.1,31.9,32.1,32.0,32.02,0.16,0.14,80,7,25.8,26.08,0.0,-0.469,-0.8832,32.9,34.0,34.0,station
2024-07-30,32.2,31.7,32.1,32.4,32.0,32.5,31.8,32.1,33.0,32.0,32.08,0.26,-0.2,78,7,26.0,25.23,0.0,-0.4841,-0.875,33.1,35.0,35.0,station
2024-07-31,34.1,33.7,34.3,34.9,33.2,33.7,33.4,34.1,34.3,32.9,34.04,0.64,0.36,75,4,23.9,25.22,0.4,-0.4991,-0.8666,35.1,36.0,36.0,station
2024-08-01,35.7,35.9,36.7,37.5,35.6,35.8,35.5,36.6,38.4,35.9,36.28,0.81,-0.16,70,10,14.8,24.31,0.3,-0.5139,-0.8578,36.9,39.0,39.0,station
2024-08-02,35.1,35.7,38.4,38.0,33.6,34.9,35.6,37.9,37.3,34.8,36.16,2.02,0.06,67,9,12.0,24.18,0.4,-0.5286,-0.8489,37.6,37.0,37.0,station
2024-08-03,34.6,35.0,36.0,34.4,34.4,34.7,34.8,36.2,34.0,32.5,34.88,0.67,0.44,76,11,19.4,24.84,0.0,-0.5431,-0.8397,36.4,37.0,37.0,station
2024-08-04,33.4,33.8,34.7,33.3,32.9,33.7,33.3,34.7,32.8,33.0,33.62,0.68,0.12,79,12,18.7,25.73,0.0,-0.5575,-0.8302,35.3,35.0,35.0,station
2024-08-05,33.1,32.7,33.8,32.8,32.4,33.0,32.4,33.7,32.4,32.3,32.96,0.53,0.2,76,58,22.5,25.73,0.0,-0.5717,-0.8205,35.2,35.0,35.0,station
2024-08-06,33.0,32.8,33.3,32.7,32.0,32.5,32.4,32.8,33.0,31.8,32.76,0.48,0.26,77,61,23.2,25.23,0.0,-0.5857,-0.8105,34.1,35.0,35.0,station
2024-08-07,32.9,33.1,33.7,32.5,32.2,32.2,33.0,33.8,32.5,32.0,32.88,0.58,0.18,79,64,20.6,25.0,0.0,-0.5996,-0.8003,34.1,35.0,35.0,station
2024-08-08,33.8,32.8,34.2,34.0,32.6,33.5,32.7,34.2,33.5,32.4,33.48,0.73,0.22,72,52,18.7,25.34,0.0,-0.6132,-0.7899,35.7,36.0,36.0,station
2024-08-09,33.7,32.8,34.1,34.2,32.6,34.1,32.8,33.5,33.8,32.3,33.48,0.74,0.18,73,49,19.6,24.97,0.0,-0.6267,-0.7792,36.5,36.0,36.0,station
2024-08-10,34.9,33.5,33.5,34.3,33.6,34.8,33.2,34.1,34.8,33.1,33.96,0.62,-0.04,72,89,20.2,24.61,0.0,-0.64,-0.7683,36.6,36.0,36.0,station
2024-08-11,35.7,34.3,34.8,35.5,33.8,35.4,33.7,34.8,36.3,33.5,34.82,0.8,0.08,72,57,20.1,24.81,0.0,-0.6532,-0.7572,37.5,37.0,37.0,station
2024-08-12,34.2,33.9,34.8,33.8,33.6,34.2,33.3,34.8,33.5,33.5,34.06,0.47,0.2,78,33,17.3,23.91,4.5,-0.6661,-0.7459,36.1,35.0,35.0,station
2024-08-13,31.3,31.8,32.1,31.8,31.7,31.3,31.9,32.0,31.7,31.7,31.74,0.29,0.02,81,27,21.4,24.88,0.0,-0.6788,-0.7343,32.2,34.0,34.0,station
2024-08-14,30.9,31.9,31.2,31.4,31.8,31.0,31.6,30.9,31.6,31.6,31.44,0.42,0.1,70,49,17.2,24.19,0.0,-0.6914,-0.7225,32.3,33.0,33.0,station
2024-08-15,31.0,31.1,31.2,31.0,31.4,31.1,31.1,30.8,30.6,31.4,31.14,0.17,0.14,71,21,17.0,24.15,1.0,-0.7037,-0.7105,32.3,33.0,33.0,station
2024-08-16,30.8,31.3,31.3,31.3,31.9,30.8,30.9,31.1,31.0,31.3,31.32,0.39,0.3,77,40,17.6,22.05,1.9,-0.7158,-0.6983,31.2,33.0,33.0,station
2024-08-17,30.9,31.9,31.6,31.9,31.5,31.2,31.6,31.2,31.5,31.3,31.56,0.41,0.2,69,7,17.7,24.48,0.0,-0.7277,-0.6859,32.7,33.0,33.0,station
2024-08-18,31.0,31.7,32.1,31.9,32.2,31.0,31.4,31.8,31.9,32.4,31.78,0.48,0.08,72,68,21.1,21.61,2.5,-0.7394,-0.6733,32.8,33.0,33.0,station
2024-08-19,32.3,32.4,33.1,32.5,32.6,32.0,32.1,32.4,32.3,32.2,32.58,0.31,0.38,69,33,25.2,22.35,0.4,-0.7509,-0.6605,33.7,34.0,34.0,station
2024-08-20,33.9,33.1,33.5,33.6,33.4,32.9,32.8,33.9,35.5,32.6,33.5,0.29,-0.04,69,55,21.3,23.17,1.2,-0.7621,-0.6474,34.7,35.0,35.0,station
2024-08-21,34.4,33.1,34.2,35.3,33.9,33.1,31.4,34.8,35.5,33.5,34.18,0.8,0.52,71,67,28.0,22.06,11.7,-0.7731,-0.6342,35.9,35.0,35.0,station
2024-08-22,32.7,32.9,35.0,34.9,33.2,31.7,32.1,33.3,34.2,30.0,33.74,1.12,1.48,70,19,16.7,23.33,0.0,-0.7839,-0.6208,34.9,36.0,36.0,station
2024-08-23,33.4,33.3,33.1,33.4,33.6,33.2,32.5,33.1,34.4,33.4,33.36,0.18,0.04,72,6,17.9,23.75,0.0,-0.7945,-0.6073,34.6,35.0,35.0,station
2024-08-24,31.6,32.2,31.5,31.7,32.1,31.7,32.1,31.7,31.4,32.5,31.82,0.31,-0.06,78,7,18.8,24.13,0.0,-0.8048,-0.5935,32.6,32.0,32.0,station
2024-08-25,31.4,32.0,31.8,31.8,31.9,31.3,31.8,33.0,31.4,31.9,31.78,0.23,-0.1,76,8,21.7,23.0,0.0,-0.8149,-0.5796,33.1,33.0,33.0,station
2024-08-26,33.0,32.6,32.9,32.5,32.3,32.3,31.9,32.2,32.3,31.3,32.66,0.29,0.66,74,17,21.8,23.71,0.0,-0.8248,-0.5655,33.7,34.0,34.0,station
2024-08-27,35.0,31.3,35.0,34.7,32.4,34.6,32.0,32.0,35.4,31.6,33.68,1.72,0.56,78,89,16.0,13.2,6.9,-0.8344,-0.5512,34.7,35.0,35.0,station
2024-08-28,31.0,29.9,31.2,31.1,30.8,30.0,29.5,30.7,32.0,31.0,30.8,0.52,0.16,82,50,18.4,21.22,2.8,-0.8437,-0.5368,32.0,33.0,33.0,station
2024-08-29,31.9,31.5,30.7,31.8,31.5,31.3,31.0,30.7,32.1,31.6,31.48,0.47,0.14,76,10,18.9,23.1,0.4,-0.8528,-0.5222,32.2,33.0,33.0,station
2024-08-30,31.3,31.1,30.6,31.4,31.6,31.5,31.1,31.0,32.0,31.4,31.2,0.38,-0.2,79,10,15.7,22.95,0.0,-0.8617,-0.5074,32.5,33.0,33.0,station
2024-08-31,31.1,31.5,30.6,31.0,31.1,30.6,31.0,30.3,31.2,30.6,31.06,0.32,0.32,71,8,14.2,23.1,0.0,-0.8703,-0.4925,31.6,32.0,32.0,station
2024-09-01,33.0,32.4,33.4,33.0,32.4,32.7,32.0,32.7,32.4,32.1,32.84,0.43,0.46,69,52,20.9,23.03,0.0,-0.8786,-0.4775,33.5,34.0,34.0,station
2024-09-02,33.2,32.3,32.1,32.0,32.4,32.9,31.9,32.4,31.3,32.2,32.4,0.47,0.26,73,59,14.3,20.87,0.2,-0.8867,-0.4623,33.7,35.0,35.0,station
2024-09-03,30.2,29.7,31.1,29.3,31.5,29.6,29.6,30.7,29.9,31.0,30.36,0.93,0.2,79,84,12.4,8.54,3.8,-0.8945,-0.447,30.1,29.0,29.0,station
2024-09-04,31.6,30.9,31.3,31.3,31.2,31.3,31.0,31.1,31.8,31.4,31.26,0.25,-0.06,70,41,17.5,19.94,0.0,-0.9021,-0.4315,32.2,32.0,32.0,station
2024-09-05,31.5,31.5,31.5,31.0,31.2,30.9,30.9,31.1,31.1,31.1,31.34,0.23,0.32,68,7,16.2,22.18,0.0,-0.9094,-0.4159,32.4,33.0,33.0,station
2024-09-06,31.5,31.7,30.8,30.6,31.2,31.0,31.1,30.5,30.7,30.7,31.16,0.46,0.36,64,50,15.0,20.21,0.0,-0.9164,-0.4002,32.8,33.0,33.0,station
2024-09-07,31.2,31.6,31.2,31.0,31.4,31.3,31.5,31.1,30.4,30.9,31.28,0.23,0.24,66,3,15.9,22.31,0.0,-0.9232,-0.3844,32.6,33.0,33.0,station
2024-09-08,30.9,31.1,31.5,30.5,30.8,30.9,30.9,31.3,30.0,31.3,30.96,0.37,0.08,74,16,20.7,21.48,0.5,-0.9296,-0.3685,31.9,33.0,33.0,station
2024-09-09,31.0,31.4,32.0,30.8,31.6,30.6,31.2,31.6,31.0,31.1,31.36,0.48,0.26,74,13,19.5,21.53,0.4,-0.9358,-0.3524,32.1,33.0,33.0,station
2024-09-10,31.7,29.8,30.9,31.4,31.1,31.8,30.5,31.5,31.5,31.2,30.98,0.73,-0.32,80,84,26.9,8.31,18.5,-0.9418,-0.3363,30.6,31.0,31.0,station
2024-09-11,29.5,29.8,30.8,29.6,31.4,29.6,30.2,30.7,29.9,31.1,30.22,0.84,-0.08,86,98,27.6,16.76,18.9,-0.9474,-0.32,30.6,31.0,31.0,station
2024-09-12,30.4,30.2,31.3,30.1,31.0,31.0,30.1,30.8,29.8,31.0,30.6,0.52,0.06,85,94,22.0,11.24,6.0,-0.9528,-0.3037,29.7,33.0,33.0,station
2024-09-13,30.4,30.8,31.5,30.5,31.4,30.6,30.8,31.7,30.4,31.6,30.92,0.51,-0.1,80,29,16.6,21.82,0.0,-0.9579,-0.2873,31.1,33.0,33.0,station
2024-09-14,30.0,30.5,30.0,30.3,30.8,29.8,30.7,30.0,30.4,30.9,30.32,0.34,-0.04,81,60,19.6,19.74,0.2,-0.9627,-0.2707,30.3,32.0,32.0,station
2024-09-15,30.6,29.9,30.4,30.8,31.4,30.5,29.9,29.8,30.0,31.1,30.62,0.55,0.36,79,74,34.7,19.21,4.6,-0.9672,-0.2541,31.8,32.0,32.0,station
2024-09-16,28.5,28.1,27.9,28.9,29.1,29.5,28.6,29.9,30.3,30.8,28.5,0.51,-1.32,88,100,63.9,3.76,51.3,-0.9714,-0.2375,28.6,29.0,29.0,station
2024-09-17,30.5,30.2,30.8,30.7,31.1,30.3,30.2,30.8,30.4,30.2,30.66,0.34,0.28,81,51,25.0,16.8,0.5,-0.9753,-0.2207,30.5,32.0,32.0,station
2024-09-18,29.6,29.9,29.5,29.7,30.7,29.3,30.1,29.8,30.3,30.4,29.88,0.48,-0.1,81,30,26.2,17.85,1.7,-0.979,-0.2039,29.6,32.0,32.0,station
2024-09-19,29.7,29.3,28.9,28.8,29.9,29.6,28.9,29.1,28.5,30.5,29.32,0.48,0.0,83,67,38.5,17.46,2.9,-0.9824,-0.187,30.1,31.0,31.0,station
2024-09-20,29.8,29.1,30.8,29.7,31.6,30.9,28.5,30.6,30.8,30.9,30.2,0.99,-0.14,93,100,23.1,2.88,83.0,-0.9854,-0.1701,28.0,29.0,29.0,station
2024-09-21,27.8,27.1,28.5,27.2,28.3,29.6,27.3,28.5,27.9,31.8,27.78,0.63,-1.24,86,96,30.0,11.11,9.0,-0.9882,-0.1531,28.3,28.0,28.0,station
2024-09-22,25.9,25.2,25.4,24.9,25.6,24.9,25.2,23.8,25.5,25.6,25.4,0.38,0.4,69,94,31.3,11.52,0.0,-0.9907,-0.1361,25.3,26.0,26.0,station
2024-09-23,27.3,26.1,25.6,27.1,25.3,26.0,25.9,24.3,27.5,26.4,26.28,0.89,0.26,70,64,21.3,19.14,0.0,-0.9929,-0.1191,25.8,28.0,28.0,station
2024-09-24,25.2,24.2,24.6,24.8,25.1,27.1,26.0,26.2,25.1,27.5,24.78,0.4,-1.6,84,99,12.4,6.73,4.0,-0.9948,-0.102,25.2,24.0,24.0,station
2024-09-25,26.3,26.0,24.3,26.0,27.2,27.3,26.2,27.2,26.2,26.8,25.96,1.05,-0.78,85,97,8.9,10.04,4.5,-0.9964,-0.0848,27.4,27.0,27.0,station
2024-09-26,27.1,27.0,26.9,27.3,27.5,27.4,27.3,27.4,27.4,27.7,27.16,0.24,-0.28,83,88,17.6,17.16,0.1,-0.9977,-0.0677,27.3,29.0,29.0,station
2024-09-27,26.7,26.8,26.4,26.5,27.6,26.7,26.7,26.5,26.2,27.2,26.8,0.47,0.14,78,44,22.8,17.95,1.2,-0.9987,-0.0505,27.1,29.0,29.0,station
2024-09-28,26.6,27.1,26.2,26.5,27.3,26.1,26.9,25.8,26.1,26.9,26.74,0.45,0.38,73,31,22.6,18.89,0.0,-0.9994,-0.0333,26.7,28.0,28.0,station
2024-09-29,27.9,28.1,28.4,28.1,28.4,28.0,28.1,27.9,28.1,28.2,28.18,0.22,0.12,76,26,24.1,17.59,0.0,-0.9999,-0.0161,28.6,30.0,30.0,station
2024-09-30,27.3,27.7,28.1,27.3,27.3,27.5,27.8,27.8,27.3,28.4,27.54,0.36,-0.22,84,29,23.0,17.0,2.9,-1.0,0.0011,28.4,30.0,30.0,station
2024-10-01,25.3,25.4,24.7,25.1,24.2,25.5,25.5,25.5,25.2,25.2,24.94,0.49,-0.44,80,75,33.8,13.04,2.4,-0.9998,0.0183,25.3,26.0,26.0,station
2024-10-02,22.2,21.8,22.1,21.3,22.5,21.9,21.9,21.3,21.5,21.7,21.98,0.45,0.32,57,72,33.1,15.34,0.0,-0.9994,0.0355,23.5,24.0,24.0,station
2024-10-03,22.5,22.6,21.4,22.8,22.8,22.5,22.5,21.4,23.1,22.3,22.42,0.58,0.06,55,44,27.6,18.79,1.0,-0.9986,0.0527,23.4,25.0,25.0,station
2024-10-04,23.9,23.3,23.5,24.1,24.0,23.7,24.0,23.5,24.9,24.1,23.76,0.34,-0.28,57,59,29.0,16.28,0.0,-0.9976,0.0698,24.8,24.0,24.0,station
2024-10-05,25.9,23.9,23.8,24.3,25.8,24.8,24.5,22.9,25.3,23.3,24.74,1.03,0.58,71,94,27.4,7.15,8.5,-0.9962,0.087,25.4,26.0,26.0,station
2024-10-06,22.5,21.8,21.7,23.9,23.7,24.4,22.9,21.4,25.0,24.6,22.72,1.04,-0.94,87,99,24.6,3.28,20.8,-0.9946,0.1041,22.4,23.0,23.0,station
2024-10-07,21.5,20.7,20.8,21.2,21.8,22.2,21.4,20.3,22.7,22.8,21.2,0.46,-0.68,87,100,23.3,3.73,7.5,-0.9926,0.1212,20.8,21.0,21.0,station
2024-10-08,22.1,21.5,22.5,21.6,23.4,22.4,21.6,22.4,22.1,22.5,22.22,0.77,0.02,77,47,22.8,16.1,1.9,-0.9904,0.1383,22.3,23.0,23.0,station
2024-10-09,21.5,21.5,21.6,21.4,22.0,21.8,21.8,21.5,21.5,22.6,21.6,0.23,-0.24,73,63,13.0,15.19,0.0,-0.9879,0.1553,21.7,22.0,22.0,station
2024-10-10,21.9,22.7,22.5,22.7,23.0,21.9,22.6,22.3,22.3,23.2,22.56,0.41,0.1,74,72,11.9,16.62,0.0,-0.9851,0.1722,22.2,24.0,24.0,station
2024-10-11,23.2,23.5,23.2,23.5,23.9,23.3,23.5,23.2,23.7,24.1,23.46,0.29,-0.1,73,22,12.2,18.46,0.0,-0.9819,0.1892,23.5,25.0,25.0,station
2024-10-12,23.9,23.8,24.0,24.5,24.8,23.8,23.5,23.9,24.1,24.4,24.2,0.43,0.26,72,66,15.9,14.84,0.0,-0.9785,0.206,24.3,26.0,26.0,station
2024-10-13,24.7,24.8,24.9,24.5,25.4,24.8,24.5,25.1,23.7,25.7,24.86,0.34,0.1,74,68,20.8,7.27,0.0,-0.9749,0.2228,24.9,27.0,27.0,station
2024-10-14,26.2,25.4,27.7,26.6,26.6,25.0,25.3,27.1,25.7,25.6,26.5,0.83,0.76,86,81,13.0,10.87,4.3,-0.9709,0.2396,26.9,29.0,29.0,station
2024-10-15,21.9,22.4,23.1,23.6,24.6,23.2,22.7,22.7,22.6,24.3,23.12,1.05,0.02,88,90,16.2,8.14,4.1,-0.9666,0.2562,23.5,22.0,22.0,station
2024-10-16,23.3,22.6,21.7,24.3,23.8,23.9,23.4,21.4,23.7,24.5,23.14,1.02,-0.24,84,99,22.7,5.94,10.5,-0.9621,0.2728,24.2,25.0,25.0,station
2024-10-17,24.7,24.6,25.5,24.9,26.2,25.3,24.7,25.3,25.3,24.9,25.18,0.67,0.08,87,73,21.8,15.33,3.0,-0.9572,0.2893,25.3,27.0,27.0,station
2024-10-18,28.3,27.7,29.4,28.7,27.8,28.1,27.3,28.7,29.6,28.6,28.38,0.7,-0.08,86,80,17.9,14.97,2.2,-0.9521,0.3057,29.1,29.0,29.0,station
2024-10-19,23.2,22.5,20.8,22.9,24.1,23.1,22.8,20.5,21.8,23.1,22.7,1.21,0.44,77,99,34.6,6.78,0.5,-0.9467,0.3221,23.1,26.0,26.0,station
2024-10-20,22.3,20.9,21.1,21.6,22.4,22.0,21.0,20.8,20.5,22.6,21.66,0.68,0.28,74,100,25.3,6.47,3.9,-0.941,0.3383,21.9,22.0,22.0,station
2024-10-21,24.6,22.8,23.8,24.5,25.1,24.6,22.3,24.2,22.5,25.2,24.16,0.89,0.4,82,51,12.3,13.19,0.0,-0.9351,0.3545,23.8,25.0,25.0,station
2024-10-22,21.4,20.7,21.6,20.8,23.2,21.9,20.5,21.3,21.0,23.1,21.54,1.0,-0.02,83,89,27.0,8.91,0.0,-0.9288,0.3705,21.1,21.0,21.0,station
2024-10-23,18.8,18.6,19.9,19.7,20.1,19.1,18.6,20.1,19.4,20.2,19.42,0.68,-0.06,70,28,28.1,16.5,0.0,-0.9223,0.3864,19.5,20.0,20.0,station
2024-10-24,20.2,19.8,20.0,20.1,20.8,19.9,19.6,20.1,19.9,20.8,20.18,0.38,0.12,68,44,24.6,13.74,0.0,-0.9155,0.4022,20.3,20.0,20.0,station
2024-10-25,23.6,21.8,22.9,23.2,22.1,23.5,22.6,22.9,23.1,22.8,22.72,0.75,-0.26,73,70,29.7,13.27,0.8,-0.9085,0.4179,24.3,24.0,24.0,station
2024-10-26,23.1,23.0,21.9,23.1,22.6,23.6,23.0,22.3,24.0,22.2,22.74,0.51,-0.28,93,97,25.8,5.86,6.0,-0.9012,0.4335,23.6,23.0,23.0,station
2024-10-27,22.8,21.7,22.0,21.5,22.6,22.7,21.9,21.5,22.1,22.0,22.12,0.56,0.08,88,97,31.7,3.44,5.9,-0.8936,0.4489,22.6,22.0,22.0,station
2024-10-28,19.8,19.4,19.8,19.7,20.2,19.8,19.5,20.3,19.2,20.4,19.78,0.29,-0.06,77,87,21.1,9.54,0.7,-0.8857,0.4642,19.4,21.0,21.0,station
2024-10-29,19.6,19.6,19.4,19.1,20.1,19.6,19.5,19.6,19.5,20.2,19.56,0.36,-0.12,72,70,18.8,14.9,0.0,-0.8776,0.4794,20.0,20.0,20.0,station
2024-10-30,21.1,20.5,22.0,21.5,22.1,21.1,20.8,21.6,21.7,22.8,21.44,0.66,-0.16,72,100,24.0,9.27,0.0,-0.8692,0.4944,21.4,22.0,22.0,station
2024-10-31,21.9,21.0,21.4,21.6,21.9,22.8,20.7,20.8,21.8,21.6,21.56,0.38,0.02,82,89,29.4,5.78,17.5,-0.8606,0.5093,21.7,21.0,21.0,station
2024-11-01,21.5,21.3,21.0,20.1,22.2,21.9,21.2,21.2,21.6,21.9,21.22,0.77,-0.34,92,100,54.4,1.24,125.4,-0.8517,0.524,22.6,22.0,22.0,station
2024-11-02,21.4,20.6,21.3,20.2,22.0,21.8,21.1,21.4,20.3,20.8,21.1,0.71,0.02,79,25,29.0,13.66,0.0,-0.8426,0.5386,21.7,22.0,22.0,station
2024-11-03,21.4,21.4,22.1,21.3,22.0,21.5,21.0,21.3,21.1,21.2,21.64,0.38,0.42,87,9,7.7,14.7,0.0,-0.8332,0.553,21.8,23.0,23.0,station
2024-11-04,20.9,21.2,21.4,20.8,21.5,21.0,21.0,21.5,20.8,21.7,21.16,0.3,-0.04,82,38,25.0,11.7,0.0,-0.8235,0.5672,21.1,22.0,22.0,station
2024-11-05,17.1,17.9,17.7,17.2,18.1,17.5,18.1,17.5,16.7,18.1,17.6,0.44,0.02,67,23,21.7,14.09,0.0,-0.8137,0.5813,17.8,19.0,19.0,station
2024-11-06,17.8,17.3,17.0,17.6,17.5,17.5,17.6,17.1,17.9,17.7,17.44,0.3,-0.12,64,15,20.9,14.32,0.0,-0.8035,0.5952,18.1,19.0,19.0,station
2024-11-07,16.6,16.9,17.0,17.2,17.7,16.1,16.9,16.5,17.3,17.5,17.08,0.41,0.22,64,74,16.2,7.23,0.0,-0.7932,0.609,17.4,17.0,17.0,station
2024-11-08,18.7,19.4,19.2,20.0,18.8,19.7,19.1,19.3,19.6,19.6,19.22,0.52,-0.24,74,76,22.8,10.5,0.0,-0.7826,0.6225,19.5,19.0,19.0,station
2024-11-09,20.7,20.2,20.1,20.6,19.3,20.5,20.5,20.6,20.8,20.4,20.18,0.55,-0.38,78,99,22.2,8.25,0.0,-0.7718,0.6359,21.2,22.0,22.0,station
2024-11-10,19.6,19.4,19.2,19.4,19.5,19.9,20.4,20.2,20.1,20.8,19.42,0.15,-0.86,86,89,23.1,3.33,3.7,-0.7607,0.6491,18.9,19.0,19.0,station
2024-11-11,19.9,19.3,19.8,19.4,20.1,20.6,19.5,19.5,19.9,20.6,19.7,0.34,-0.32,81,13,16.2,12.74,0.0,-0.7494,0.6621,20.2,21.0,21.0,station
2024-11-12,19.8,19.5,19.7,19.9,20.2,19.5,19.4,20.0,19.2,20.3,19.82,0.26,0.14,81,11,17.2,12.17,0.0,-0.7379,0.6749,19.9,21.0,21.0,station
2024-11-13,20.6,20.1,20.1,20.7,21.3,20.6,19.9,20.8,20.8,21.7,20.56,0.5,-0.2,80,22,15.2,11.22,0.2,-0.7262,0.6875,21.1,22.0,22.0,station
2024-11-14,23.4,21.0,22.0,21.8,20.9,23.4,21.3,23.3,22.5,21.3,21.82,1.01,-0.54,90,63,14.3,5.96,17.1,-0.7143,0.6998,22.8,23.0,23.0,station
2024-11-15,20.6,20.9,22.1,21.1,20.6,21.3,20.9,20.8,21.1,20.7,21.06,0.62,0.1,96,100,13.5,5.79,2.6,-0.7021,0.712,21.7,22.0,22.0,station
2024-11-16,20.7,20.7,23.1,21.6,20.8,21.7,20.9,24.8,21.9,20.8,21.38,1.03,-0.64,92,74,16.2,7.75,1.5,-0.6898,0.724,22.4,21.0,21.0,station
2024-11-17,18.2,18.4,17.8,18.0,18.4,18.2,18.4,18.8,18.3,19.1,18.16,0.26,-0.4,76,93,30.1,4.06,1.4,-0.6772,0.7358,18.4,19.0,19.0,station
2024-11-18,14.5,14.2,14.0,14.7,15.0,14.8,14.1,14.3,14.0,14.6,14.48,0.4,0.12,61,97,27.3,5.78,0.0,-0.6645,0.7473,14.6,16.0,16.0,station
2024-11-19,14.9,14.4,15.2,15.0,15.7,14.6,14.3,14.8,14.7,15.6,15.04,0.47,0.24,63,82,18.3,6.75,0.0,-0.6515,0.7586,15.2,16.0,16.0,station
2024-11-20,15.3,14.5,15.7,15.0,15.9,15.9,14.9,15.6,15.0,16.2,15.28,0.56,-0.24,70,45,13.2,8.34,0.0,-0.6384,0.7697,15.1,16.0,16.0,station
2024-11-21,14.5,14.5,14.7,14.8,15.2,15.0,15.0,15.1,15.4,15.9,14.74,0.29,-0.54,72,2,15.7,13.2,0.0,-0.625,0.7806,14.5,16.0,16.0,station
2024-11-22,16.7,16.1,16.4,16.0,17.1,16.6,15.9,16.5,16.6,17.0,16.46,0.45,-0.06,72,39,17.7,11.96,0.0,-0.6115,0.7912,16.3,17.0,17.0,station
2024-11-23,15.1,15.1,14.1,14.9,15.5,14.6,14.9,14.4,14.4,15.4,14.94,0.52,0.2,65,71,14.5,10.29,0.0,-0.5978,0.8016,15.4,17.0,17.0,station
2024-11-24,15.4,15.7,16.3,16.4,16.8,15.0,16.2,15.8,15.4,16.3,16.12,0.56,0.38,67,88,13.7,8.88,0.0,-0.584,0.8118,15.7,17.0,17.0,station
2024-11-25,17.8,16.9,19.0,17.2,19.0,19.0,16.6,18.5,16.5,17.0,17.98,0.99,0.46,81,98,28.8,4.86,5.4,-0.5699,0.8217,19.0,19.0,19.0,station
2024-11-26,11.1,11.2,11.8,11.0,10.5,11.6,11.5,11.1,10.9,10.1,11.12,0.47,0.08,62,47,28.3,11.69,2.4,-0.5557,0.8314,10.9,12.0,12.0,station
2024-11-27,10.3,11.5,10.9,10.8,10.1,9.9,11.1,11.6,10.2,9.2,10.72,0.55,0.32,52,2,22.5,13.18,0.0,-0.5413,0.8408,11.9,13.0,13.0,station
2024-11-28,11.7,12.7,12.6,13.0,13.0,11.8,13.0,13.7,12.5,12.4,12.6,0.53,-0.08,48,0,23.4,13.3,0.0,-0.5268,0.85,13.1,15.0,15.0,station
2024-11-29,12.5,13.5,13.8,14.3,13.8,11.9,12.6,14.0,12.7,12.8,13.58,0.67,0.78,48,0,17.3,13.14,0.0,-0.5121,0.859,13.9,15.0,15.0,station
2024-11-30,14.9,15.2,16.0,16.2,16.0,13.9,14.6,15.6,15.6,14.9,15.66,0.57,0.74,62,2,10.5,12.99,0.0,-0.4972,0.8676,15.9,17.0,17.0,station
2024-12-01,17.6,17.2,18.5,18.3,18.6,17.8,16.8,18.2,18.4,18.4,18.04,0.61,0.12,65,4,11.3,12.72,0.0,-0.4822,0.8761,18.5,19.0,19.0,station
2024-12-02,18.8,18.1,19.9,19.6,19.4,18.3,17.9,19.9,19.2,18.4,19.16,0.72,0.42,73,0,10.4,12.66,0.0,-0.4671,0.8842,20.2,21.0,21.0,station
2024-12-03,14.8,14.1,14.5,15.2,16.8,14.6,14.2,13.9,13.9,15.9,15.08,1.04,0.58,77,31,16.7,9.63,0.0,-0.4518,0.8921,15.2,16.0,16.0,station
2024-12-04,13.9,12.5,13.5,13.0,15.0,13.9,12.7,13.8,12.9,15.6,13.58,0.95,-0.2,64,86,12.4,6.93,0.1,-0.4364,0.8998,14.1,14.0,14.0,station
2024-12-05,12.6,12.1,12.8,12.1,12.0,13.0,11.9,11.4,11.8,11.9,12.32,0.36,0.32,73,68,11.1,4.52,0.8,-0.4208,0.9071,12.2,12.0,12.0,station
2024-12-06,12.6,12.0,13.2,12.8,13.0,13.6,12.0,12.9,13.5,13.8,12.72,0.46,-0.44,74,62,11.6,7.55,0.0,-0.4052,0.9142,12.9,13.0,13.0,station
2024-12-07,12.9,12.4,12.5,12.8,13.4,12.8,12.1,12.4,12.9,13.6,12.8,0.39,0.04,70,48,22.2,11.34,0.0,-0.3894,0.9211,13.7,13.0,13.0,station
2024-12-08,9.9,9.1,9.8,9.4,10.1,9.6,9.0,9.9,9.2,9.5,9.66,0.4,0.22,56,28,21.8,9.87,0.0,-0.3735,0.9276,10.0,10.0,10.0,station
2024-12-09,10.6,9.8,10.4,10.1,11.1,11.0,9.8,10.6,10.4,11.4,10.4,0.49,-0.24,62,30,12.6,11.83,0.0,-0.3575,0.9339,11.0,11.0,11.0,station
2024-12-10,11.2,10.4,10.5,12.7,12.5,12.1,10.6,11.5,13.0,14.3,11.46,1.09,-0.84,76,100,13.6,1.89,4.6,-0.3413,0.9399,11.0,11.0,11.0,station
2024-12-11,9.4,9.2,9.7,10.7,10.9,10.4,9.6,10.3,11.5,10.5,9.98,0.77,-0.48,85,90,20.1,1.99,10.1,-0.3251,0.9457,9.3,10.0,10.0,station
2024-12-12,10.1,9.6,11.5,10.2,11.2,10.0,9.6,11.0,10.5,11.7,10.52,0.8,-0.04,73,66,17.3,4.72,0.0,-0.3088,0.9511,10.5,12.0,12.0,station
2024-12-13,9.9,9.2,10.6,10.0,10.6,9.8,8.7,10.9,9.6,10.6,10.06,0.58,0.14,67,80,21.9,5.23,0.0,-0.2924,0.9563,9.5,10.0,10.0,station
2024-12-14,6.7,6.7,7.4,7.1,8.3,6.6,6.7,7.6,6.3,7.9,7.24,0.66,0.22,61,2,21.7,12.37,0.0,-0.2759,0.9612,7.3,9.0,9.0,station
2024-12-15,7.7,8.2,9.0,7.7,8.4,7.3,8.0,9.1,7.5,8.0,8.2,0.54,0.22,56,3,15.7,12.57,0.0,-0.2593,0.9658,7.9,9.0,9.0,station
2024-12-16,9.5,10.3,11.1,11.0,11.0,9.3,10.6,11.3,9.6,9.7,10.58,0.68,0.48,59,0,11.1,12.5,0.0,-0.2427,0.9701,10.5,12.0,12.0,station
2024-12-17,12.1,12.0,11.6,12.1,12.9,11.5,11.5,11.7,11.4,12.5,12.14,0.47,0.42,62,28,10.4,12.51,0.0,-0.226,0.9741,13.0,14.0,14.0,station
2024-12-18,8.4,7.8,9.0,8.2,9.9,8.4,8.0,9.3,7.9,9.9,8.66,0.82,-0.04,71,20,23.5,11.03,0.7,-0.2092,0.9779,8.9,9.0,9.0,station
2024-12-19,8.2,7.2,8.4,7.8,7.8,7.8,7.5,8.6,7.1,7.8,7.88,0.46,0.12,64,100,18.2,6.08,0.0,-0.1923,0.9813,8.1,7.0,7.0,station
2024-12-20,8.5,8.4,10.7,10.2,10.2,8.7,8.4,10.5,9.4,10.1,9.6,1.07,0.18,70,11,9.9,12.11,0.0,-0.1754,0.9845,9.7,11.0,11.0,station
2024-12-21,7.1,7.3,7.9,8.1,8.6,7.3,7.3,8.3,7.5,8.2,7.8,0.61,0.08,57,21,22.5,12.09,0.0,-0.1585,0.9874,8.0,9.0,9.0,station
2024-12-22,7.2,6.3,7.8,7.4,7.3,7.1,6.6,7.8,7.2,7.1,7.2,0.55,0.04,62,98,19.7,8.02,0.0,-0.1414,0.9899,7.3,8.0,8.0,station
2024-12-23,9.4,8.2,9.7,9.1,10.0,10.6,8.7,9.5,9.5,10.3,9.28,0.69,-0.44,65,99,12.9,4.5,0.0,-0.1244,0.9922,9.4,9.0,9.0,station
2024-12-24,10.7,9.2,10.0,10.1,11.1,10.9,9.2,10.3,10.3,11.5,10.22,0.73,-0.22,68,30,12.6,11.33,0.0,-0.1073,0.9942,10.8,11.0,11.0,station
2024-12-25,12.6,10.9,13.6,11.7,13.6,13.4,10.3,13.2,11.2,13.8,12.48,1.19,0.1,80,44,8.9,4.54,0.0,-0.0902,0.9959,12.0,13.0,13.0,station
2024-12-26,10.6,9.8,10.6,10.0,11.1,11.0,10.0,10.6,9.9,11.4,10.42,0.52,-0.16,75,13,17.7,11.03,0.0,-0.073,0.9973,11.2,11.0,11.0,station
2024-12-27,8.5,8.0,8.5,7.8,9.0,8.1,8.0,8.6,7.3,8.4,8.36,0.47,0.28,70,24,15.5,10.29,0.0,-0.0559,0.9984,8.7,9.0,9.0,station
2024-12-28,4.3,5.4,5.8,5.2,5.2,4.3,5.6,5.9,4.4,4.4,5.18,0.55,0.26,47,0,23.7,12.77,0.0,-0.0387,0.9993,5.2,7.0,7.0,station
2024-12-29,8.4,7.8,8.6,8.4,8.1,7.4,7.6,8.7,8.2,7.4,8.26,0.31,0.4,47,11,13.1,12.69,0.0,-0.0215,0.9998,8.8,10.0,10.0,station
2024-12-30,12.8,12.1,13.3,13.1,13.7,13.1,11.4,12.9,12.3,12.5,13.0,0.6,0.56,56,6,15.2,12.38,0.0,-0.0043,1.0,13.7,12.0,12.0,station
2024-12-31,9.4,9.3,9.7,9.2,10.3,9.1,9.7,9.3,9.2,9.1,9.58,0.44,0.3,62,7,14.3,11.78,0.0,0.0129,0.9999,10.3,,,
2025-01-01,10.4,10.3,11.6,10.6,11.5,10.9,10.1,10.9,9.7,11.3,10.88,0.62,0.3,74,1,10.9,12.3,0.0,0.0172,0.9999,10.8,12.0,12.0,station
2025-01-02,12.1,11.1,11.4,12.1,12.8,12.6,11.1,11.8,11.5,13.5,11.9,0.67,-0.2,77,13,13.8,10.94,0.0,0.0344,0.9994,12.3,13.0,13.0,station
2025-01-03,10.0,9.3,9.9,9.9,10.7,10.1,9.5,9.8,9.1,9.9,9.96,0.5,0.28,76,17,15.6,10.84,0.0,0.0516,0.9987,11.1,11.0,11.0,station
2025-01-04,10.2,10.1,11.3,10.7,11.5,9.9,9.9,11.2,10.4,11.2,10.76,0.63,0.24,72,66,13.0,11.27,0.0,0.0688,0.9976,11.3,12.0,12.0,station
2025-01-05,12.3,11.9,13.8,13.1,13.5,12.3,12.3,13.8,14.0,13.7,12.92,0.8,-0.3,68,54,13.0,9.76,0.0,0.0859,0.9963,14.1,14.0,14.0,station
2025-01-06,10.1,10.3,10.7,10.6,10.9,9.0,9.9,10.8,10.7,10.1,10.52,0.32,0.42,58,3,18.3,12.84,0.0,0.103,0.9947,10.9,12.0,12.0,station
2025-01-07,7.8,7.8,7.8,7.8,7.9,7.4,7.8,7.2,6.8,7.0,7.82,0.04,0.58,52,78,13.0,10.99,0.0,0.1201,0.9928,8.7,9.0,9.0,station
2025-01-08,10.7,9.5,10.8,11.0,9.9,10.7,9.6,11.0,10.1,9.2,10.38,0.65,0.26,43,41,17.0,12.66,0.0,0.1372,0.9905,11.5,11.0,11.0,station
2025-01-09,4.0,4.3,5.3,4.9,5.8,4.2,4.6,5.5,5.1,5.0,4.86,0.73,-0.02,55,53,24.5,12.41,0.0,0.1542,0.988,4.9,6.0,6.0,station
2025-01-10,4.0,4.0,4.5,4.0,4.5,3.7,4.2,4.7,3.4,4.7,4.2,0.27,0.06,54,66,20.9,10.85,0.0,0.1712,0.9852,4.4,6.0,6.0,station
2025-01-11,5.4,5.6,6.1,5.6,5.5,5.5,5.4,6.1,4.8,5.6,5.64,0.27,0.16,39,65,11.1,9.22,0.0,0.1881,0.9821,5.8,7.0,7.0,station
2025-01-12,9.1,9.2,10.6,11.0,10.3,8.6,9.0,10.4,10.0,10.0,10.04,0.85,0.44,54,36,14.9,8.48,0.1,0.205,0.9788,9.4,11.0,11.0,station
2025-01-13,12.1,11.0,12.2,12.5,11.5,11.2,10.9,11.9,11.9,11.0,11.86,0.6,0.48,60,1,12.2,13.25,0.0,0.2218,0.9751,13.0,13.0,13.0,station
2025-01-14,14.5,12.5,15.4,14.6,13.8,14.1,12.0,15.2,12.9,13.5,14.16,1.09,0.62,66,83,21.6,9.29,0.0,0.2385,0.9711,15.8,17.0,17.0,station
2025-01-15,7.1,7.2,6.9,6.8,7.7,6.8,6.8,7.0,7.1,8.2,7.14,0.35,-0.04,54,27,26.0,13.25,0.0,0.2552,0.9669,7.6,8.0,8.0,station
2025-01-16,6.1,6.3,7.6,6.7,6.1,5.5,6.0,7.9,5.7,5.9,6.56,0.63,0.36,42,34,10.6,12.63,0.0,0.2718,0.9624,6.7,8.0,8.0,station
2025-01-17,8.4,8.5,9.4,9.1,9.2,8.2,8.4,9.5,9.0,9.3,8.92,0.44,0.04,44,13,7.8,14.13,0.0,0.2883,0.9575,9.5,11.0,11.0,station
2025-01-18,11.7,10.0,12.0,10.8,11.1,11.1,9.5,11.9,11.5,11.2,11.12,0.79,0.08,68,65,11.6,13.52,0.0,0.3047,0.9524,11.9,12.0,12.0,station
2025-01-19,12.9,12.4,15.1,14.7,14.1,12.7,12.1,14.9,14.3,14.7,13.84,1.16,0.1,65,13,9.9,13.35,0.0,0.3211,0.9471,14.5,14.0,14.0,station
2025-01-20,11.0,11.0,11.4,11.4,11.0,11.1,10.5,11.5,12.3,10.7,11.16,0.22,-0.06,62,32,10.6,12.9,0.0,0.3373,0.9414,13.0,13.0,13.0,station
2025-01-21,11.2,11.1,12.4,11.9,11.8,11.0,10.9,12.1,11.4,12.1,11.68,0.54,0.18,73,39,12.1,14.01,0.0,0.3534,0.9355,12.6,13.0,13.0,station
2025-01-22,13.1,12.4,15.2,12.3,13.9,13.6,12.5,15.2,12.3,14.2,13.38,1.2,-0.18,81,52,17.3,12.24,0.0,0.3695,0.9292,14.4,15.0,15.0,station
2025-01-23,12.9,11.5,13.2,13.3,13.6,12.5,11.7,18.0,14.0,14.2,12.9,0.82,-1.18,87,97,16.2,8.96,0.1,0.3854,0.9227,13.3,14.0,14.0,station
2025-01-24,12.3,11.1,13.2,11.5,12.9,12.8,11.0,13.3,12.4,13.0,12.2,0.89,-0.3,78,97,18.6,7.55,0.0,0.4012,0.916,13.2,14.0,14.0,station
2025-01-25,10.3,9.8,10.2,11.3,11.6,9.8,9.8,9.8,10.8,12.2,10.64,0.77,0.16,71,100,20.4,4.26,0.0,0.4169,0.9089,10.7,11.0,11.0,station
2025-01-26,8.8,8.7,8.2,8.9,10.9,8.8,8.2,8.1,8.5,10.7,9.1,1.04,0.24,76,100,20.2,2.64,3.7,0.4325,0.9016,9.0,9.0,9.0,station
2025-01-27,5.5,4.8,5.8,5.1,4.2,5.1,4.9,6.6,4.8,3.8,5.08,0.62,0.04,42,8,21.5,15.13,0.0,0.4479,0.8941,5.7,6.0,6.0,station
2025-01-28,6.1,5.9,7.3,6.3,6.4,6.0,5.0,7.3,5.6,6.2,6.4,0.54,0.38,33,0,19.6,15.33,0.0,0.4633,0.8862,6.9,7.0,7.0,station
2025-01-29,6.2,6.1,7.9,7.1,7.6,6.1,6.0,7.6,6.1,6.5,6.98,0.81,0.52,44,0,10.5,15.29,0.0,0.4784,0.8781,7.4,8.0,8.0,station
2025-01-30,11.9,10.5,12.8,11.8,11.6,11.8,10.6,12.9,11.3,11.7,11.72,0.82,0.06,64,13,20.4,14.78,0.0,0.4935,0.8698,13.0,13.0,13.0,station
2025-01-31,13.6,11.2,16.5,12.6,12.4,14.9,11.2,16.1,12.9,12.4,13.26,2.0,-0.24,89,88,18.9,2.52,12.7,0.5084,0.8611,12.7,13.0,13.0,station
2025-02-01,10.0,9.1,9.6,11.0,11.0,11.6,9.7,10.4,10.3,10.8,10.14,0.85,-0.42,86,98,27.2,7.24,5.8,0.5231,0.8523,11.0,10.0,10.0,station
2025-02-02,8.0,7.2,8.6,8.8,9.6,8.8,7.5,8.1,9.2,9.9,8.44,0.9,-0.26,76,97,22.5,7.67,0.3,0.5377,0.8432,9.0,8.0,8.0,station
2025-02-03,7.5,6.4,7.5,6.8,7.0,7.2,6.1,7.4,6.8,7.5,7.04,0.47,0.04,65,58,19.9,13.5,0.0,0.5521,0.8338,8.3,9.0,9.0,station
2025-02-04,6.5,7.0,8.9,8.2,8.4,5.1,6.4,8.7,5.9,7.7,7.8,1.01,1.04,67,33,16.4,12.18,0.1,0.5664,0.8242,8.0,9.0,9.0,station
2025-02-05,9.4,9.7,10.3,11.1,11.3,9.2,8.7,9.9,10.0,10.4,10.36,0.84,0.72,65,36,21.1,14.76,0.0,0.5805,0.8143,11.3,13.0,13.0,station
2025-02-06,6.4,5.5,7.4,7.3,7.9,5.9,5.4,7.5,5.2,7.1,6.9,0.95,0.68,58,30,11.5,16.06,0.0,0.5944,0.8042,7.9,8.0,8.0,station
2025-02-07,3.9,4.4,4.3,3.6,4.1,3.6,3.6,3.8,2.9,6.6,4.06,0.32,-0.04,49,14,32.3,13.77,0.0,0.6081,0.7938,3.9,5.0,5.0,station
2025-02-08,0.9,0.6,1.1,1.0,1.0,1.2,0.8,1.4,0.3,0.9,0.92,0.19,0.0,43,14,23.1,16.1,0.0,0.6217,0.7833,1.3,2.0,2.0,station
2025-02-09,2.9,3.2,3.3,3.6,3.5,2.9,2.9,3.5,3.2,3.2,3.3,0.27,0.16,44,10,13.6,17.0,0.0,0.6351,0.7725,3.5,4.0,4.0,station
2025-02-10,5.9,6.2,6.7,7.3,6.3,5.7,5.7,7.7,7.0,6.4,6.48,0.54,-0.02,58,13,12.8,16.51,0.0,0.6483,0.7614,6.3,7.0,7.0,station
2025-02-11,12.0,10.2,12.2,10.2,11.1,12.3,9.9,12.5,10.8,11.9,11.14,0.95,-0.34,77,96,22.4,6.75,2.5,0.6613,0.7502,12.0,13.0,13.0,station
2025-02-12,10.6,9.5,11.6,10.6,12.9,10.9,9.3,11.9,10.9,11.8,11.04,1.28,0.08,79,92,22.4,5.15,1.3,0.6741,0.7387,10.3,11.0,11.0,station
2025-02-13,7.1,6.7,6.7,7.6,7.4,7.5,7.0,6.9,7.6,6.9,7.1,0.41,-0.08,61,1,14.6,16.99,0.0,0.6867,0.727,7.8,8.0,8.0,station
2025-02-14,9.3,8.0,10.2,8.9,10.1,9.6,7.3,8.0,9.0,10.4,9.3,0.91,0.44,74,83,13.5,9.52,1.2,0.6991,0.715,10.6,9.0,9.0,station
2025-02-15,10.2,8.2,8.7,10.2,10.2,11.3,8.3,8.9,9.2,10.9,9.5,0.97,-0.22,94,83,12.8,2.4,10.9,0.7113,0.7029,9.6,10.0,10.0,station
2025-02-16,14.5,13.5,15.3,15.5,15.1,13.5,13.0,15.9,15.1,14.5,14.78,0.81,0.38,73,45,18.8,16.03,0.0,0.7233,0.6906,15.5,15.0,15.0,station
2025-02-17,8.1,7.5,7.7,7.2,8.0,7.2,7.2,7.2,6.9,7.6,7.7,0.37,0.48,63,69,18.0,14.04,0.0,0.735,0.678,8.7,9.0,9.0,station
2025-02-18,8.3,7.9,7.5,8.6,8.4,8.0,8.1,7.2,8.4,7.9,8.14,0.44,0.22,69,29,13.6,17.56,0.0,0.7466,0.6653,8.8,9.0,9.0,station
2025-02-19,8.6,8.1,8.8,9.3,9.5,8.4,8.0,8.1,10.0,10.0,8.86,0.56,-0.04,70,65,17.1,16.64,0.0,0.7579,0.6523,9.0,10.0,10.0,station
2025-02-20,7.6,6.6,7.3,7.2,7.9,6.8,7.0,7.7,7.3,8.1,7.32,0.49,-0.06,63,97,18.8,8.97,0.9,0.769,0.6392,7.9,9.0,9.0,station
2025-02-21,7.3,6.9,7.4,7.0,7.6,7.5,6.8,6.9,7.2,7.7,7.24,0.29,0.02,61,83,17.8,9.48,0.7,0.7799,0.6259,7.8,9.0,9.0,station
2025-02-22,8.3,7.1,7.7,7.6,7.9,8.1,7.2,7.9,7.0,8.7,7.72,0.44,-0.06,59,91,16.4,8.17,0.6,0.7906,0.6124,8.2,9.0,9.0,station
2025-02-23,6.8,6.4,6.7,7.1,7.2,7.6,5.9,6.3,7.1,7.4,6.84,0.32,-0.02,66,80,17.1,10.66,0.8,0.801,0.5987,7.8,7.0,7.0,station
2025-02-24,6.9,6.8,6.9,7.1,7.4,7.0,6.5,6.9,6.6,7.3,7.02,0.24,0.16,64,4,13.7,18.15,0.0,0.8112,0.5848,7.9,9.0,9.0,station
2025-02-25,8.8,8.0,7.7,7.8,9.8,8.5,8.1,10.5,8.5,10.3,8.42,0.88,-0.76,69,90,12.8,4.09,0.0,0.8211,0.5708,8.5,8.0,8.0,station
2025-02-26,12.2,11.0,12.6,11.6,12.4,11.6,11.1,12.0,12.2,12.4,11.96,0.65,0.1,69,95,13.9,16.19,0.0,0.8308,0.5566,12.7,13.0,13.0,station
2025-02-27,13.0,11.7,15.8,13.0,12.3,16.2,12.1,14.7,13.4,10.5,13.16,1.57,-0.22,85,62,16.7,8.28,0.7,0.8402,0.5422,15.0,14.0,14.0,station
2025-02-28,14.0,12.2,16.7,15.1,13.8,17.1,13.0,16.1,15.2,14.3,14.36,1.67,-0.78,95,84,19.9,11.24,0.0,0.8495,0.5277,13.9,17.0,17.0,station
2025-03-01,25.3,20.6,24.8,24.3,22.0,24.5,19.4,23.2,21.6,22.1,23.4,2.01,1.24,77,49,20.4,17.61,0.0,0.8584,0.513,27.3,27.0,27.0,station
2025-03-02,24.8,21.1,23.0,23.3,22.5,23.5,18.6,23.5,21.7,22.8,22.94,1.34,0.92,76,26,18.1,18.12,0.0,0.8671,0.4981,26.9,26.0,26.0,station
2025-03-03,17.7,13.3,14.6,17.1,15.1,17.5,12.4,14.6,16.8,17.0,15.56,1.82,-0.1,84,100,24.9,3.82,21.2,0.8755,0.4831,15.0,12.0,12.0,station
2025-03-04,9.0,9.2,8.9,9.2,11.4,9.1,9.7,10.3,10.0,10.6,9.54,1.05,-0.4,85,99,36.6,6.35,5.1,0.8837,0.468,8.8,10.0,10.0,station
2025-03-05,8.9,7.9,9.4,9.7,8.8,9.1,8.0,9.6,9.7,9.6,8.94,0.69,-0.26,75,100,22.0,8.82,0.0,0.8916,0.4527,9.3,9.0,9.0,station
2025-03-06,9.2,8.9,9.5,9.0,8.9,9.3,8.8,9.6,9.0,9.1,9.1,0.25,-0.06,70,66,23.4,15.36,0.3,0.8993,0.4373,9.8,10.0,10.0,station
2025-03-07,9.1,8.6,9.5,8.9,9.3,9.0,8.8,9.8,9.1,9.9,9.08,0.35,-0.24,66,81,15.4,12.44,0.0,0.9067,0.4218,9.4,10.0,10.0,station
2025-03-08,10.9,10.7,10.4,10.6,11.0,10.8,11.2,10.3,10.6,11.2,10.72,0.24,-0.1,73,17,15.5,19.66,0.0,0.9138,0.4061,11.3,12.0,12.0,station
2025-03-09,11.2,10.5,11.8,11.5,12.0,11.4,10.7,12.3,11.4,12.7,11.4,0.59,-0.3,78,78,14.5,14.43,0.0,0.9207,0.3904,11.9,12.0,12.0,station
2025-03-10,12.9,11.7,11.0,12.5,11.5,13.0,11.3,13.4,12.5,12.7,11.92,0.77,-0.66,88,89,12.9,5.0,0.7,0.9272,0.3745,13.5,11.0,11.0,station
2025-03-11,16.4,13.4,16.9,14.8,14.9,16.4,13.4,15.7,16.0,13.6,15.28,1.4,0.26,93,95,15.3,9.99,0.3,0.9335,0.3585,16.1,15.0,15.0,station
2025-03-12,12.5,12.2,13.0,13.2,14.0,13.9,11.7,14.0,12.1,14.1,12.98,0.69,-0.18,97,100,14.8,5.05,18.2,0.9396,0.3424,12.8,13.0,13.0,station
2025-03-13,11.2,11.0,10.1,10.6,11.0,11.1,11.1,10.0,10.3,11.3,10.78,0.44,0.02,80,100,19.6,7.79,4.2,0.9453,0.3261,12.0,12.0,12.0,station
2025-03-14,12.8,11.8,11.8,10.8,13.0,12.4,11.7,11.2,10.9,12.8,12.04,0.89,0.24,81,100,19.4,4.45,5.9,0.9508,0.3098,12.2,13.0,13.0,station
2025-03-15,11.4,10.7,9.9,10.1,11.2,11.0,10.3,9.8,10.6,11.1,10.66,0.66,0.1,85,100,23.8,4.92,3.4,0.956,0.2934,10.7,10.0,10.0,station
2025-03-16,8.5,8.5,9.2,10.3,9.6,10.1,8.4,9.9,12.1,11.0,9.22,0.77,-1.08,66,72,27.5,13.79,0.9,0.9609,0.2769,9.6,9.0,9.0,station
2025-03-17,11.2,11.1,12.1,11.7,12.3,10.8,11.1,12.3,10.7,11.4,11.68,0.53,0.42,56,27,13.8,21.88,0.0,0.9655,0.2604,11.5,13.0,13.0,station
2025-03-18,9.8,10.7,10.4,11.8,11.8,9.3,10.4,11.1,10.1,11.5,10.9,0.88,0.42,55,22,21.4,21.59,0.0,0.9698,0.2437,11.3,12.0,12.0,station
2025-03-19,10.8,11.1,11.5,11.5,11.2,10.9,10.9,11.0,10.9,11.0,11.22,0.29,0.28,58,9,11.6,21.82,0.0,0.9739,0.227,11.4,12.0,12.0,station
2025-03-20,17.4,16.2,18.1,16.8,16.3,17.1,16.5,16.9,16.8,15.7,16.96,0.8,0.36,63,1,16.2,21.56,0.0,0.9777,0.2102,18.2,18.0,18.0,station
2025-03-21,21.5,20.8,22.5,23.9,23.0,21.0,20.6,22.6,23.5,22.7,22.34,1.22,0.26,43,1,18.0,22.18,0.0,0.9811,0.1934,24.0,25.0,25.0,station
2025-03-22,23.6,21.8,24.3,25.5,23.8,23.1,21.5,24.0,25.1,23.5,23.8,1.34,0.36,34,0,19.9,22.11,0.0,0.9843,0.1765,26.6,26.0,26.0,station
2025-03-23,26.2,23.1,26.0,26.7,24.9,25.4,22.3,25.7,26.3,24.3,25.38,1.43,0.58,40,32,19.6,21.68,0.6,0.9872,0.1595,28.4,28.0,28.0,station
2025-03-24,26.9,24.3,27.3,27.0,24.8,26.2,23.9,26.5,27.2,24.1,26.06,1.4,0.48,46,17,17.4,22.34,1.1,0.9898,0.1425,29.3,28.0,28.0,station
2025-03-25,28.9,25.4,27.6,28.5,25.6,28.4,25.1,27.2,27.8,25.1,27.2,1.62,0.48,40,1,17.8,22.42,0.0,0.9921,0.1255,31.4,31.0,31.0,station
2025-03-26,28.5,24.6,27.4,26.2,23.6,27.9,24.6,27.6,26.3,23.5,26.06,2.0,0.08,63,10,18.5,20.87,0.0,0.9941,0.1084,28.8,30.0,30.0,station
2025-03-27,20.6,19.1,21.3,24.1,22.4,20.6,19.4,22.4,22.0,25.1,21.5,1.88,-0.4,76,90,28.2,9.17,22.5,0.9958,0.0913,19.8,22.0,22.0,station
2025-03-28,10.5,10.5,10.3,11.3,10.5,11.3,10.7,10.3,12.2,12.5,10.62,0.39,-0.78,65,100,26.6,7.92,4.4,0.9972,0.0741,12.3,11.0,11.0,station
2025-03-29,12.0,10.3,12.4,11.6,12.7,12.3,10.0,10.0,13.6,11.3,11.8,0.94,0.36,69,100,15.7,7.65,0.0,0.9984,0.057,10.6,11.0,11.0,station
2025-03-30,10.6,10.3,10.8,11.3,10.5,10.7,10.3,11.0,10.6,10.9,10.7,0.38,0.0,54,98,14.5,14.64,0.0,0.9992,0.0398,10.3,11.0,11.0,station
2025-03-31,11.2,11.3,11.6,11.5,11.5,11.7,11.6,12.0,12.4,11.9,11.42,0.16,-0.5,56,100,14.2,21.46,0.0,0.9997,0.0226,11.7,12.0,12.0,station
2025-04-01,13.0,13.1,13.0,13.3,12.7,13.3,13.2,12.8,12.9,13.1,13.02,0.22,-0.04,54,57,12.8,23.43,0.0,1.0,0.0054,13.5,14.0,14.0,station
2025-04-02,20.5,17.7,21.2,18.4,18.9,20.1,17.9,20.7,18.0,18.5,19.34,1.46,0.3,66,48,18.6,23.27,0.0,0.9999,-0.0118,20.0,21.0,21.0,station
2025-04-03,15.7,14.9,14.7,14.5,14.9,15.5,14.7,16.3,14.8,15.8,14.94,0.46,-0.48,63,49,13.1,21.43,0.0,0.9996,-0.029,15.7,17.0,17.0,station
2025-04-04,17.0,15.6,17.7,14.9,15.9,17.8,15.5,17.5,15.3,17.2,16.22,1.12,-0.44,68,87,19.7,19.17,0.0,0.9989,-0.0462,17.1,19.0,19.0,station
2025-04-05,21.1,18.7,23.4,23.4,20.4,21.8,19.5,22.8,23.9,20.9,21.4,2.02,-0.38,66,95,19.5,16.6,0.6,0.998,-0.0634,22.9,22.0,22.0,station
2025-04-06,18.7,18.0,20.7,18.9,17.0,20.0,17.7,21.2,18.4,17.5,18.66,1.36,-0.3,81,9,15.5,22.76,0.0,0.9968,-0.0805,19.9,21.0,21.0,station
2025-04-07,23.6,20.4,23.4,22.6,21.1,23.4,20.8,23.1,21.2,19.5,22.22,1.41,0.62,65,63,21.8,22.28,0.0,0.9952,-0.0977,24.8,25.0,25.0,station
2025-04-08,25.6,23.1,27.2,26.6,24.1,25.8,22.3,26.6,26.4,21.9,25.32,1.71,0.72,56,22,22.7,22.81,0.0,0.9934,-0.1148,27.9,28.0,28.0,station
2025-04-09,28.8,24.9,28.7,29.1,26.1,29.2,24.4,28.9,29.7,24.4,27.52,1.9,0.2,66,37,16.6,19.44,0.0,0.9913,-0.1319,30.7,30.0,30.0,station
2025-04-10,24.1,19.4,18.8,20.2,19.4,28.4,21.4,29.2,29.3,21.7,20.38,2.14,-5.62,81,66,16.1,17.96,0.0,0.9889,-0.1489,21.9,24.0,24.0,station
2025-04-11,21.9,19.8,26.0,24.1,20.6,20.7,19.8,23.5,22.0,23.8,22.48,2.55,0.52,84,90,24.6,17.58,0.0,0.9861,-0.1659,21.2,22.0,22.0,station
2025-04-12,19.2,18.3,19.1,19.0,20.0,19.2,18.8,18.3,18.6,18.3,19.12,0.61,0.48,75,84,43.6,7.57,17.5,0.9831,-0.1828,20.8,20.0,20.0,station
2025-04-13,17.2,17.5,18.4,17.7,19.0,18.8,18.3,19.9,17.9,19.9,17.96,0.73,-1.0,39,1,25.0,24.73,0.0,0.9799,-0.1997,19.2,20.0,20.0,station
2025-04-14,19.0,19.8,21.0,20.4,22.3,18.7,19.2,20.7,20.4,22.3,20.5,1.25,0.24,39,3,26.8,24.12,0.0,0.9763,-0.2165,22.7,24.0,24.0,station
2025-04-15,23.6,22.6,25.4,24.3,23.3,22.8,22.4,25.3,23.3,23.1,23.84,1.06,0.46,39,17,15.8,24.38,0.0,0.9724,-0.2333,25.8,25.0,25.0,station
2025-04-16,25.8,23.2,24.7,23.0,22.6,24.8,22.5,25.0,21.7,22.1,23.86,1.34,0.64,59,99,20.6,21.8,0.0,0.9683,-0.25,27.1,27.0,27.0,station
2025-04-17,29.2,25.2,24.3,26.0,26.7,29.1,25.1,28.8,27.6,26.1,26.28,1.86,-1.06,54,96,22.2,16.63,0.0,0.9638,-0.2666,29.4,28.0,28.0,station
2025-04-18,26.0,22.7,27.0,25.4,22.9,26.8,24.3,26.0,25.6,23.5,24.8,1.91,-0.44,81,34,20.4,23.43,0.0,0.9591,-0.2831,27.0,29.0,29.0,station
2025-04-19,26.7,22.7,28.6,24.6,23.6,23.7,22.9,26.7,23.8,23.5,25.24,2.4,1.12,82,98,22.1,15.64,0.1,0.9541,-0.2996,28.3,27.0,27.0,station
2025-04-20,20.3,19.1,18.8,19.5,17.9,20.3,19.0,17.0,18.6,19.7,19.12,0.88,0.2,75,88,17.4,20.76,0.0,0.9488,-0.316,21.4,21.0,21.0,station
2025-04-21,21.9,18.8,23.2,19.7,20.1,21.8,18.8,22.9,20.6,19.0,20.74,1.78,0.12,84,100,23.8,16.99,20.9,0.9432,-0.3322,23.0,23.0,23.0,station
2025-04-22,22.2,20.1,23.0,21.2,22.5,22.2,19.9,23.8,21.2,23.1,21.8,1.16,-0.24,86,95,25.4,11.21,0.9,0.9373,-0.3484,23.3,22.0,22.0,station
2025-04-23,22.1,21.1,24.0,22.4,19.8,21.1,21.4,21.9,21.2,20.9,21.88,1.56,0.58,74,63,13.2,21.25,0.3,0.9312,-0.3645,22.9,25.0,25.0,station
2025-04-24,23.8,21.8,26.3,25.6,24.3,23.7,22.0,26.6,24.6,24.1,24.36,1.74,0.16,77,63,12.4,12.99,0.6,0.9248,-0.3804,24.2,26.0,26.0,station
2025-04-25,16.8,17.4,18.2,18.6,16.9,16.7,17.2,18.1,17.8,15.6,17.58,0.79,0.5,61,74,16.7,23.06,0.0,0.9181,-0.3963,17.2,19.0,19.0,station
2025-04-26,19.1,19.1,21.3,19.6,18.7,19.4,18.9,20.7,19.9,18.1,19.56,1.02,0.16,61,76,14.6,24.35,0.0,0.9112,-0.412,20.0,23.0,23.0,station
2025-04-27,19.9,18.0,20.8,19.3,20.2,18.8,18.4,20.6,20.9,15.8,19.64,1.06,0.74,79,87,20.6,11.49,1.9,0.9039,-0.4276,21.0,20.0,20.0,station
2025-04-28,21.2,20.0,20.9,21.2,19.2,21.0,19.8,20.1,21.0,18.4,20.5,0.88,0.44,79,30,16.7,24.05,0.0,0.8965,-0.4431,21.1,21.0,21.0,station
2025-04-29,24.1,21.5,23.9,22.2,21.5,23.8,21.9,24.7,23.4,20.4,22.64,1.28,-0.2,69,70,17.2,24.57,0.0,0.8887,-0.4585,23.5,26.0,26.0,station
2025-04-30,26.0,22.8,24.3,24.7,22.5,26.3,22.8,24.0,25.0,23.2,24.06,1.44,-0.2,66,96,20.8,22.34,0.0,0.8807,-0.4737,26.0,27.0,27.0,station
2025-05-01,26.1,22.9,27.4,27.3,26.0,23.0,24.1,29.0,27.4,25.6,25.94,1.82,0.12,66,41,29.5,21.5,0.9,0.8724,-0.4888,28.7,30.0,30.0,station
2025-05-02,23.8,22.3,25.2,23.2,22.3,23.6,23.1,24.8,22.2,21.9,23.36,1.21,0.24,59,25,26.0,25.6,0.0,0.8639,-0.5037,25.0,27.0,27.0,station
2025-05-03,27.3,22.5,29.7,31.2,29.2,27.2,22.3,30.9,28.1,28.4,27.98,3.37,0.6,65,88,26.2,24.09,0.0,0.8551,-0.5185,27.8,30.0,30.0,station
2025-05-04,19.3,18.3,19.4,19.4,18.1,19.5,18.4,19.6,18.8,18.7,18.9,0.64,-0.1,63,80,18.3,24.61,0.0,0.846,-0.5331,19.1,20.0,20.0,station
2025-05-05,19.7,18.2,20.0,19.9,19.2,19.8,18.4,19.0,20.3,17.4,19.4,0.74,0.42,87,96,22.8,6.44,9.1,0.8367,-0.5476,22.4,19.0,19.0,station
2025-05-06,25.7,24.0,28.4,27.4,26.4,24.7,23.9,27.6,27.9,26.4,26.38,1.68,0.28,78,55,22.8,24.17,0.0,0.8272,-0.5619,26.3,28.0,28.0,station
2025-05-07,20.9,20.3,23.3,20.8,21.7,19.7,20.2,20.4,20.3,18.7,21.4,1.17,1.54,80,27,16.0,25.88,0.0,0.8174,-0.5761,21.0,23.0,23.0,station
2025-05-08,20.4,19.1,22.1,19.9,20.3,19.1,18.8,22.6,20.3,19.8,20.36,1.1,0.24,86,96,40.9,11.14,19.1,0.8074,-0.59,20.2,22.0,22.0,station
2025-05-09,23.3,21.3,23.6,23.9,24.2,23.1,21.9,23.5,23.6,24.5,23.26,1.15,-0.06,80,84,31.3,11.75,3.5,0.7971,-0.6038,23.6,24.0,24.0,station
2025-05-10,23.1,22.1,24.4,24.7,22.7,23.2,21.7,24.2,26.9,22.8,23.4,1.11,-0.36,70,53,21.0,22.32,0.3,0.7866,-0.6175,23.3,25.0,25.0,station
2025-05-11,22.9,22.3,25.7,25.5,24.5,22.5,22.4,25.6,22.9,23.3,24.18,1.53,0.84,65,49,14.5,22.81,0.0,0.7759,-0.6309,23.7,26.0,26.0,station
2025-05-12,27.2,25.4,27.8,27.9,26.4,27.1,25.5,27.7,27.5,26.7,26.94,1.05,0.04,55,1,18.0,26.95,0.0,0.7649,-0.6442,27.7,29.0,29.0,station
2025-05-13,25.4,23.9,24.8,24.7,24.3,24.9,23.5,24.9,24.2,24.3,24.62,0.56,0.26,61,66,25.7,24.73,0.0,0.7537,-0.6572,26.2,27.0,27.0,station
2025-05-14,28.8,26.0,28.8,27.1,28.1,28.8,25.9,29.1,27.8,27.3,27.76,1.21,-0.02,74,67,20.7,25.01,0.0,0.7423,-0.6701,30.2,31.0,31.0,station
2025-05-15,26.6,24.2,28.1,27.5,27.8,25.6,23.3,29.0,25.1,26.3,26.84,1.58,0.98,76,96,15.5,16.57,0.0,0.7306,-0.6828,29.3,28.0,28.0,station
2025-05-16,27.3,23.8,26.4,24.9,23.2,25.7,23.6,23.7,23.5,22.9,25.12,1.72,1.24,89,82,23.4,11.46,14.7,0.7188,-0.6952,25.9,25.0,25.0,station
2025-05-17,27.6,26.0,32.2,30.5,28.3,29.7,26.4,32.3,30.4,27.2,28.92,2.44,-0.28,80,75,16.6,22.19,0.0,0.7067,-0.7075,30.5,29.0,29.0,station
2025-05-18,19.9,20.5,21.6,22.6,21.0,19.5,20.7,19.6,20.8,21.0,21.12,1.04,0.8,78,100,20.3,12.22,0.0,0.6945,-0.7195,20.3,21.0,21.0,station
2025-05-19,27.0,25.1,28.4,25.9,25.9,27.0,25.3,28.2,24.9,23.6,26.46,1.28,0.66,82,64,16.6,25.52,0.0,0.682,-0.7314,28.4,29.0,29.0,station
2025-05-20,29.9,27.2,30.4,28.9,27.8,29.3,25.4,31.5,26.7,27.7,28.84,1.35,0.72,88,100,20.2,12.5,2.1,0.6693,-0.743,28.2,27.0,27.0,station
2025-05-21,27.1,26.9,28.8,27.8,26.4,27.8,27.5,31.9,29.2,26.2,27.4,0.93,-1.12,92,77,16.1,11.57,29.9,0.6564,-0.7544,28.1,29.0,29.0,station
2025-05-22,23.3,24.1,23.8,24.2,24.8,25.7,25.4,24.0,23.9,23.6,24.04,0.55,-0.48,94,84,15.0,18.8,0.0,0.6433,-0.7656,25.0,28.0,28.0,station
2025-05-23,23.9,23.0,20.0,21.6,22.9,21.6,21.3,19.8,21.5,23.3,22.28,1.52,0.78,93,100,31.7,4.31,69.0,0.6301,-0.7765,21.4,21.0,21.0,station
2025-05-24,22.5,22.1,22.8,23.7,22.7,21.9,22.0,22.9,24.4,21.3,22.76,0.59,0.26,71,87,23.1,20.1,0.0,0.6166,-0.7873,22.8,24.0,24.0,station
2025-05-25,22.2,23.0,21.8,23.2,20.2,21.6,22.7,20.9,23.4,19.8,22.08,1.2,0.4,71,98,11.9,22.45,0.0,0.603,-0.7978,23.3,24.0,24.0,station
2025-05-26,22.6,23.1,24.4,22.5,22.5,22.8,23.3,24.4,23.2,21.5,23.02,0.81,-0.02,74,45,13.1,26.73,0.0,0.5892,-0.808,23.1,25.0,25.0,station
2025-05-27,23.2,23.6,24.5,23.3,23.5,22.9,23.5,24.4,22.7,23.6,23.62,0.52,0.2,73,99,16.5,23.97,0.0,0.5752,-0.818,23.5,26.0,26.0,station
2025-05-28,21.8,22.2,21.9,22.5,21.8,21.7,22.2,22.8,21.8,21.9,22.04,0.3,-0.04,72,96,13.9,11.31,0.0,0.561,-0.8278,22.1,23.0,23.0,station
2025-05-29,24.3,23.9,23.4,23.8,22.8,23.7,23.7,22.7,23.6,22.8,23.64,0.57,0.34,79,5,11.7,26.22,0.0,0.5467,-0.8373,23.7,25.0,25.0,station
2025-05-30,24.8,24.6,25.7,25.0,24.6,24.7,24.7,25.7,25.5,24.8,24.94,0.46,-0.14,67,40,12.8,27.37,0.0,0.5322,-0.8466,26.6,28.0,28.0,station
2025-05-31,24.7,22.8,26.0,24.8,22.9,24.9,23.1,25.9,23.9,23.5,24.24,1.37,-0.02,73,99,20.6,15.21,4.7,0.5176,-0.8556,25.0,24.0,24.0,station
2025-06-01,21.1,20.9,20.9,21.1,22.7,21.8,21.2,21.0,21.4,21.8,21.34,0.77,-0.1,91,100,31.4,4.08,34.8,0.5028,-0.8644,21.1,20.0,20.0,station
2025-06-02,23.9,21.5,20.9,23.2,22.9,24.3,22.3,24.5,23.4,27.0,22.48,1.24,-1.82,91,96,19.5,7.01,5.9,0.4878,-0.8729,23.7,22.0,22.0,station
2025-06-03,24.3,24.6,26.7,26.1,24.6,24.5,24.7,26.8,26.8,24.1,25.26,1.07,-0.12,80,30,16.2,25.78,0.0,0.4728,-0.8812,25.0,26.0,26.0,station
2025-06-04,28.2,28.1,32.7,29.2,28.5,28.0,27.7,33.1,29.4,29.8,29.34,1.93,-0.26,69,42,11.6,25.88,0.0,0.4575,-0.8892,29.7,32.0,32.0,station
2025-06-05,28.3,27.5,29.8,29.1,27.8,28.9,27.7,31.0,28.6,28.8,28.5,0.95,-0.5,53,29,18.6,26.01,0.0,0.4422,-0.8969,29.7,32.0,32.0,station
2025-06-06,28.8,27.3,29.2,28.2,27.3,28.0,27.2,29.2,27.3,27.2,28.16,0.86,0.38,73,8,19.6,26.02,0.0,0.4267,-0.9044,29.6,31.0,31.0,station
2025-06-07,25.4,25.2,28.2,25.4,25.5,24.5,25.2,26.6,24.5,25.0,25.94,1.27,0.78,94,97,14.5,6.41,21.4,0.4111,-0.9116,25.8,25.0,25.0,station
2025-06-08,24.8,23.6,23.8,23.9,22.8,24.2,23.8,23.0,24.2,22.5,23.78,0.72,0.24,97,100,23.1,3.25,38.1,0.3953,-0.9185,23.8,24.0,24.0,station
2025-06-09,23.8,23.0,23.3,23.6,23.0,24.4,23.1,22.1,24.3,21.8,23.34,0.36,0.2,93,97,16.4,8.32,22.7,0.3795,-0.9252,23.6,23.0,23.0,station
2025-06-10,24.8,23.3,25.2,24.0,23.0,25.1,23.3,26.6,24.6,22.3,24.06,0.94,-0.32,89,97,14.5,13.25,33.0,0.3635,-0.9316,24.4,23.0,23.0,station
2025-06-11,23.0,22.7,22.1,22.6,22.0,23.0,22.4,22.4,22.6,22.1,22.48,0.42,-0.02,88,100,15.5,9.1,4.1,0.3474,-0.9377,23.9,22.0,22.0,station
2025-06-12,24.2,23.1,22.4,22.7,23.1,23.8,22.6,23.3,24.6,23.6,23.1,0.68,-0.48,88,100,19.8,12.34,17.9,0.3312,-0.9436,23.8,24.0,24.0,station
2025-06-13,26.6,25.8,28.5,26.5,25.0,27.6,25.6,27.4,26.6,25.4,26.48,1.3,-0.04,95,100,21.4,8.94,17.1,0.3149,-0.9491,26.3,26.0,26.0,station
2025-06-14,29.5,27.4,32.1,29.1,30.0,31.4,27.6,32.1,31.3,29.8,29.62,1.7,-0.82,92,96,15.7,13.26,4.3,0.2986,-0.9544,30.2,31.0,31.0,station
2025-06-15,28.5,26.1,26.6,26.7,27.1,28.4,26.5,30.2,27.8,26.2,27.0,0.91,-0.82,92,100,19.1,7.59,21.4,0.2821,-0.9594,27.0,27.0,27.0,station
2025-06-16,30.5,29.5,28.7,29.6,28.6,31.3,29.5,28.3,30.0,29.6,29.38,0.77,-0.36,78,67,20.1,25.49,4.5,0.2656,-0.9641,29.7,29.0,29.0,station
2025-06-17,32.0,30.9,34.8,33.2,31.4,32.5,30.6,35.6,33.3,29.9,32.46,1.56,0.08,70,39,13.8,25.49,0.1,0.2489,-0.9685,33.3,33.0,33.0,station
2025-06-18,29.3,28.6,32.1,27.9,29.5,30.9,28.8,31.2,28.6,29.9,29.48,1.59,-0.4,86,57,15.3,25.16,0.0,0.2322,-0.9727,29.5,32.0,32.0,station
2025-06-19,30.4,28.8,29.7,30.9,29.2,30.0,29.0,29.7,30.6,30.0,29.8,0.86,-0.06,85,100,17.9,12.83,2.3,0.2155,-0.9765,30.7,32.0,32.0,station
2025-06-20,30.6,29.4,26.5,31.7,30.8,28.3,29.6,28.1,27.9,30.6,29.8,2.02,0.9,80,100,20.8,12.22,0.6,0.1986,-0.9801,31.7,33.0,33.0,station
2025-06-21,30.9,28.5,32.7,33.0,31.4,29.7,27.4,27.3,31.4,30.1,31.3,1.79,2.12,83,100,20.5,15.29,7.3,0.1818,-0.9833,34.1,34.0,34.0,station
2025-06-22,22.8,22.7,22.4,23.4,23.7,23.9,23.3,24.3,26.1,26.3,23.0,0.53,-1.78,91,100,20.5,6.85,33.6,0.1648,-0.9863,23.9,24.0,24.0,station
2025-06-23,23.9,23.7,28.4,26.1,25.0,26.6,23.8,24.5,26.2,23.9,25.42,1.92,0.42,92,100,22.4,6.29,73.7,0.1478,-0.989,23.8,24.0,24.0,station
2025-06-24,25.4,24.5,24.2,24.5,23.4,26.3,24.3,24.9,26.6,26.8,24.4,0.72,-1.38,85,91,11.1,11.99,6.3,0.1308,-0.9914,25.8,24.0,24.0,station
2025-06-25,26.5,26.4,26.5,26.5,26.2,26.8,26.3,27.2,26.1,25.0,26.42,0.13,0.14,82,97,10.3,18.41,0.4,0.1137,-0.9935,26.6,27.0,27.0,station
2025-06-26,30.7,29.3,33.2,29.8,31.0,30.5,29.2,33.1,29.9,30.0,30.8,1.5,0.26,89,95,12.9,20.66,1.1,0.0966,-0.9953,30.9,31.0,31.0,station
2025-06-27,32.4,31.2,34.2,31.9,31.4,32.8,31.1,33.9,31.6,31.0,32.22,1.2,0.14,87,57,10.4,23.66,5.3,0.0795,-0.9968,33.5,36.0,36.0,station
2025-06-28,31.8,30.4,31.9,32.2,31.0,31.7,30.1,32.4,30.8,31.2,31.46,0.74,0.22,85,11,12.8,26.25,0.6,0.0623,-0.9981,32.1,34.0,34.0,station
2025-06-29,31.3,30.7,32.0,32.2,31.3,31.2,30.4,31.5,30.8,30.6,31.5,0.6,0.6,81,22,17.1,26.25,0.0,0.0451,-0.999,32.2,34.0,34.0,station
2025-06-30,31.4,30.8,32.1,31.5,31.5,31.8,30.9,32.2,32.1,31.1,31.46,0.46,-0.16,79,75,18.5,22.74,0.0,0.028,-0.9996,32.7,35.0,35.0,station
2025-07-01,32.3,31.4,32.3,32.0,31.3,32.2,31.4,32.1,31.4,31.0,31.86,0.48,0.24,78,41,19.5,26.42,0.0,0.0108,-0.9999,33.1,35.0,35.0,station
2025-07-02,32.1,31.1,31.9,31.2,30.9,32.3,31.2,32.1,31.4,30.9,31.44,0.53,-0.14,78,99,18.1,22.42,0.0,-0.0065,-1.0,32.9,35.0,35.0,station
2025-07-03,32.6,31.1,31.5,31.3,30.3,32.0,31.0,31.8,30.4,30.1,31.36,0.83,0.3,67,17,20.4,27.09,0.0,-0.0237,-0.9997,33.7,34.0,34.0,station
2025-07-04,34.3,31.8,32.5,32.6,31.0,33.5,31.4,32.4,31.6,30.1,32.44,1.22,0.64,70,93,19.4,26.9,0.0,-0.0408,-0.9992,35.1,34.0,34.0,station
2025-07-05,34.5,32.1,33.4,33.1,32.1,34.7,32.0,33.6,32.9,31.7,33.04,1.0,0.06,70,23,19.5,26.94,0.0,-0.058,-0.9983,36.3,36.0,36.0,station
2025-07-06,34.7,32.3,33.4,32.7,32.0,34.1,32.2,33.1,32.5,31.8,33.02,1.08,0.28,70,28,17.5,25.51,0.0,-0.0752,-0.9972,36.0,36.0,36.0,station
2025-07-07,31.7,30.2,30.4,30.0,28.9,30.4,30.0,32.1,29.1,29.6,30.24,1.0,0.0,74,76,22.1,20.93,0.4,-0.0923,-0.9957,32.8,33.0,33.0,station
2025-07-08,29.6,29.7,30.4,28.5,28.9,29.7,29.6,29.4,28.6,28.1,29.42,0.74,0.34,83,78,27.5,20.04,16.6,-0.1094,-0.994,30.3,33.0,33.0,station
2025-07-09,29.5,30.3,30.3,29.3,29.7,29.5,30.2,29.8,29.2,29.5,29.82,0.46,0.18,83,22,27.2,24.48,2.2,-0.1265,-0.992,30.3,32.0,32.0,station
2025-07-10,29.5,30.0,30.2,29.0,30.9,29.4,30.0,29.9,29.9,29.8,29.92,0.72,0.12,81,29,25.0,23.93,3.9,-0.1436,-0.9896,29.9,32.0,32.0,station
2025-07-11,27.1,28.1,29.6,27.4,29.6,28.1,28.3,29.6,28.1,27.4,28.36,1.19,0.06,86,84,24.1,13.45,18.2,-0.1606,-0.987,27.7,29.0,29.0,station
2025-07-12,27.1,28.0,30.0,27.8,29.3,28.6,27.9,29.6,27.9,29.7,28.44,1.18,-0.3,86,90,23.1,13.83,17.3,-0.1775,-0.9841,27.7,29.0,29.0,station
2025-07-13,30.1,30.2,28.7,29.7,28.1,28.2,29.6,29.2,28.7,29.7,29.36,0.92,0.28,79,25,15.1,24.51,0.8,-0.1944,-0.9809,30.4,30.0,30.0,station
2025-07-14,30.8,31.0,31.6,31.9,33.0,31.9,31.1,32.0,32.4,32.7,31.66,0.87,-0.36,78,43,18.2,24.08,1.8,-0.2113,-0.9774,32.8,33.0,33.0,station
2025-07-15,33.0,32.2,34.2,33.7,32.9,33.1,32.5,33.0,34.5,32.4,33.2,0.77,0.1,70,86,15.7,24.72,0.1,-0.2281,-0.9736,34.3,35.0,35.0,station
2025-07-16,35.5,33.3,34.5,33.8,33.8,34.6,32.8,34.6,34.7,33.3,34.18,0.85,0.18,78,96,17.6,17.56,0.0,-0.2448,-0.9696,35.1,35.0,35.0,station
2025-07-17,32.4,31.3,33.6,29.5,32.5,31.8,31.4,33.9,33.0,33.3,31.86,1.55,-0.82,84,86,16.6,19.8,7.7,-0.2614,-0.9652,33.7,34.0,34.0,station
2025-07-18,28.4,29.7,32.4,29.5,31.3,29.8,30.2,33.3,28.3,31.6,30.26,1.58,-0.38,90,100,10.7,13.61,22.7,-0.278,-0.9606,30.4,32.0,32.0,station
2025-07-19,29.5,29.9,30.7,29.4,30.1,29.5,30.0,30.2,29.4,31.0,29.92,0.52,-0.1,84,98,24.4,21.8,1.3,-0.2945,-0.9557,30.9,32.0,32.0,station
2025-07-20,29.9,30.3,30.2,29.7,29.7,29.5,30.3,30.0,29.3,29.9,29.96,0.28,0.16,81,21,25.6,25.67,0.2,-0.3109,-0.9505,30.9,31.0,31.0,station
2025-07-21,29.9,30.1,30.4,29.6,30.3,29.3,29.9,30.4,29.4,30.0,30.06,0.32,0.26,83,65,28.5,20.98,3.6,-0.3272,-0.945,30.1,32.0,32.0,station
2025-07-22,29.6,29.9,30.0,29.4,30.2,28.7,30.0,29.7,29.1,29.4,29.82,0.32,0.44,81,51,24.3,24.03,1.3,-0.3434,-0.9392,30.4,31.0,31.0,station
2025-07-23,29.8,30.5,30.3,29.6,29.6,29.7,30.1,29.7,29.4,29.7,29.96,0.42,0.24,82,19,22.5,24.45,1.4,-0.3595,-0.9332,30.3,32.0,32.0,station
2025-07-24,29.9,30.2,29.9,29.3,30.2,29.7,30.1,29.8,29.3,30.0,29.9,0.37,0.12,83,38,23.8,23.43,3.2,-0.3755,-0.9268,30.3,32.0,32.0,station
2025-07-25,29.8,30.3,29.7,29.0,30.1,29.6,30.6,29.8,29.3,30.0,29.78,0.5,-0.08,81,65,30.8,22.4,2.9,-0.3914,-0.9202,30.4,32.0,32.0,station
2025-07-26,28.7,29.8,29.5,28.7,28.4,29.0,30.0,29.3,29.2,29.1,29.02,0.6,-0.3,83,53,27.4,21.44,4.3,-0.4071,-0.9134,29.9,30.0,30.0,station
2025-07-27,29.6,29.4,29.7,29.8,30.1,29.0,30.0,29.0,29.2,29.6,29.72,0.26,0.36,83,38,24.1,19.23,3.2,-0.4228,-0.9062,29.8,30.0,30.0,station
2025-07-28,28.9,29.5,29.3,28.6,29.5,28.2,29.8,29.0,28.4,29.5,29.16,0.4,0.18,85,48,24.3,20.83,9.9,-0.4383,-0.8988,29.7,31.0,31.0,station
2025-07-29,28.4,28.7,29.1,28.3,29.0,27.1,30.0,26.8,27.7,26.9,28.7,0.35,1.0,84,60,27.0,17.05,19.4,-0.4537,-0.8912,29.3,31.0,31.0,station
2025-07-30,27.0,27.5,27.0,27.3,26.9,27.0,27.3,26.4,27.9,27.4,27.14,0.25,-0.06,91,99,50.3,3.64,70.5,-0.469,-0.8832,27.2,28.0,28.0,station
2025-07-31,30.9,29.1,31.9,30.5,30.5,28.7,28.7,31.1,29.0,27.2,30.58,1.01,1.64,84,76,29.0,18.01,5.1,-0.4841,-0.875,29.6,31.0,31.0,station
2025-08-01,30.4,30.2,31.2,30.2,30.9,30.7,30.2,32.2,33.6,31.3,30.58,0.45,-1.02,89,55,22.8,21.4,3.7,-0.4991,-0.8666,30.7,31.0,31.0,station
2025-08-02,30.8,30.5,32.5,32.7,32.4,32.7,31.1,32.8,33.2,32.6,31.78,1.04,-0.7,88,91,14.4,13.11,2.2,-0.5139,-0.8578,31.0,32.0,32.0,station
2025-08-03,31.7,31.7,33.6,33.1,32.1,32.2,32.0,33.1,32.1,33.3,32.44,0.86,-0.1,86,43,15.3,21.69,11.6,-0.5286,-0.8489,32.7,35.0,35.0,station
2025-08-04,31.1,31.3,32.4,31.1,29.8,31.0,30.9,32.5,31.5,31.6,31.14,0.92,-0.36,87,9,13.5,24.04,0.2,-0.5431,-0.8397,32.0,33.0,33.0,station
2025-08-05,32.0,31.5,31.6,32.7,31.9,32.4,31.6,32.0,32.1,31.7,31.94,0.47,-0.02,82,28,24.2,23.55,0.1,-0.5575,-0.8302,31.9,33.0,33.0,station
2025-08-06,32.7,32.5,33.3,33.2,33.5,32.8,32.8,32.0,33.7,32.8,33.04,0.42,0.22,78,84,15.7,22.61,2.3,-0.5717,-0.8205,33.7,36.0,36.0,station
2025-08-07,34.3,33.5,35.1,34.6,33.8,33.9,33.1,33.1,35.9,33.4,34.26,0.63,0.38,71,89,14.3,21.28,0.3,-0.5857,-0.8105,35.4,37.0,37.0,station
2025-08-08,34.2,33.1,34.3,35.4,33.3,35.2,33.4,33.9,35.2,33.0,34.06,0.92,-0.08,69,72,18.6,22.85,0.3,-0.5996,-0.8003,35.6,37.0,37.0,station
2025-08-09,36.2,34.1,34.6,36.1,35.2,36.3,34.1,34.3,36.2,34.3,35.24,0.92,0.2,63,95,21.1,20.49,0.3,-0.6132,-0.7899,37.1,37.0,37.0,station
2025-08-10,35.8,32.7,32.2,33.9,30.6,32.4,30.8,32.9,36.1,32.9,33.04,1.94,0.02,69,100,17.7,14.69,4.6,-0.6267,-0.7792,36.3,37.0,37.0,station
2025-08-11,30.5,31.7,28.2,31.7,30.8,31.8,31.1,29.0,30.3,32.6,30.58,1.43,-0.38,81,98,12.3,15.18,3.2,-0.64,-0.7683,35.1,37.0,37.0,station
2025-08-12,34.0,31.9,32.3,31.4,32.8,33.5,31.6,32.2,32.6,29.2,32.48,0.99,0.66,77,85,20.8,21.14,2.2,-0.6532,-0.7572,34.9,35.0,35.0,station
2025-08-13,33.5,31.9,31.4,32.4,32.2,33.5,31.9,31.2,32.9,32.3,32.28,0.78,-0.08,71,58,23.6,24.52,0.0,-0.6661,-0.7459,34.5,34.0,34.0,station
2025-08-14,33.0,31.8,31.2,31.2,31.5,32.8,31.6,31.2,31.3,31.7,31.74,0.75,0.02,73,29,22.3,24.37,0.0,-0.6788,-0.7343,33.7,33.0,33.0,station
2025-08-15,32.2,31.6,31.2,30.5,30.8,32.4,31.5,30.8,30.7,31.1,31.26,0.67,-0.04,72,16,20.9,22.67,0.1,-0.6914,-0.7225,33.6,33.0,33.0,station
2025-08-16,32.8,31.5,31.4,30.5,30.8,32.1,31.7,31.3,30.9,30.8,31.4,0.89,0.04,70,6,19.4,24.92,0.0,-0.7037,-0.7105,34.0,33.0,33.0,station
2025-08-17,32.6,31.6,31.0,30.6,31.0,32.1,31.6,31.0,30.6,30.9,31.36,0.78,0.12,71,18,19.9,24.43,0.3,-0.7158,-0.6983,33.8,34.0,34.0,station
2025-08-18,32.7,31.8,31.4,30.8,31.2,32.5,31.7,31.2,31.2,31.0,31.58,0.72,0.06,68,41,20.7,23.69,0.0,-0.7277,-0.6859,34.3,33.0,33.0,station
2025-08-19,33.4,32.3,32.1,31.6,31.4,33.3,32.1,31.8,30.7,31.3,32.16,0.78,0.32,70,15,20.1,23.35,0.4,-0.7394,-0.6733,35.2,35.0,35.0,station
2025-08-20,33.8,32.3,32.4,30.9,31.4,32.6,32.2,32.7,30.8,31.0,32.16,1.11,0.3,72,5,19.1,23.84,0.0,-0.7509,-0.6605,35.1,34.0,34.0,station
2025-08-21,34.4,33.0,34.1,32.0,32.8,33.3,32.8,34.2,31.8,32.9,33.26,0.98,0.26,72,8,18.1,23.65,0.0,-0.7621,-0.6474,36.2,35.0,35.0,station
2025-08-22,35.8,33.7,33.3,32.7,33.3,35.3,33.8,33.7,33.0,33.1,33.76,1.19,-0.02,66,8,17.0,22.95,0.3,-0.7731,-0.6342,36.9,36.0,36.0,station
2025-08-23,34.3,33.7,33.6,32.4,33.5,34.5,33.4,33.9,32.6,33.0,33.5,0.69,0.02,63,8,17.3,22.63,0.6,-0.7839,-0.6208,37.7,37.0,37.0,station
2025-08-24,36.2,34.0,34.5,33.7,33.9,35.6,33.8,33.8,34.6,33.3,34.46,1.02,0.24,65,13,13.8,22.35,0.3,-0.7945,-0.6073,38.6,37.0,37.0,station
2025-08-25,35.8,33.4,33.8,34.9,33.5,35.1,33.4,33.1,34.8,33.3,34.28,1.04,0.34,68,6,14.8,23.08,2.4,-0.8048,-0.5935,36.5,37.0,37.0,station
2025-08-26,34.3,32.4,33.1,31.9,31.1,34.4,33.0,33.8,31.8,33.2,32.56,1.22,-0.68,76,42,10.9,22.11,3.2,-0.8149,-0.5796,34.1,34.0,34.0,station
2025-08-27,32.3,31.7,32.5,31.6,31.7,33.8,32.0,32.0,31.9,32.0,31.96,0.41,-0.38,75,15,19.1,23.82,0.0,-0.8248,-0.5655,33.5,34.0,34.0,station
2025-08-28,33.1,32.1,32.5,32.7,31.9,33.7,32.1,32.5,32.9,31.7,32.46,0.48,-0.12,71,6,18.6,24.17,0.0,-0.8344,-0.5512,34.7,35.0,35.0,station
2025-08-29,33.1,32.0,32.3,32.0,31.6,32.9,32.1,32.4,32.0,31.5,32.2,0.56,0.02,71,54,20.8,21.82,0.0,-0.8437,-0.5368,34.4,34.0,34.0,station
2025-08-30,33.2,31.9,32.5,31.8,31.6,33.0,31.6,32.2,31.0,31.3,32.2,0.65,0.38,72,13,20.6,21.79,0.6,-0.8528,-0.5222,34.6,34.0,34.0,station
2025-08-31,34.4,32.2,33.6,32.7,31.9,34.7,31.7,33.4,32.7,32.1,32.96,1.03,0.04,75,30,14.5,19.38,4.7,-0.8617,-0.5074,34.5,34.0,34.0,station
2025-09-01,32.7,31.7,33.9,29.5,33.2,32.5,31.1,31.3,30.5,31.6,32.2,1.71,0.8,83,52,14.4,18.86,7.4,-0.8703,-0.4925,34.2,34.0,34.0,station
2025-09-02,31.5,30.7,32.6,29.9,31.3,29.2,29.9,32.1,28.3,30.3,31.2,1.0,1.24,86,93,12.9,12.99,6.4,-0.8786,-0.4775,31.1,32.0,32.0,station
2025-09-03,31.2,30.8,32.2,29.8,31.4,31.3,31.1,32.1,29.0,31.6,31.08,0.88,0.06,84,59,14.6,16.26,2.8,-0.8867,-0.4623,31.9,32.0,32.0,station
2025-09-04,31.6,31.7,32.6,30.8,31.7,30.3,31.6,32.1,31.0,31.2,31.68,0.64,0.44,82,25,12.0,19.99,2.4,-0.8945,-0.447,32.3,32.0,32.0,station
2025-09-05,32.9,32.5,32.7,31.7,32.4,33.1,32.4,32.2,32.1,32.6,32.44,0.46,-0.04,77,18,17.3,21.25,0.3,-0.9021,-0.4315,34.0,35.0,35.0,station
2025-09-06,33.9,32.5,32.9,35.1,32.9,33.9,32.5,33.1,34.5,32.8,33.46,1.05,0.1,74,11,15.3,22.51,0.1,-0.9094,-0.4159,35.1,35.0,35.0,station
2025-09-07,32.7,32.2,33.8,32.5,33.6,34.3,32.0,34.4,32.7,32.9,32.96,0.7,-0.3,84,31,9.9,18.83,6.2,-0.9164,-0.4002,32.8,33.0,33.0,station
2025-09-08,34.2,32.3,33.8,32.2,32.9,34.3,32.7,33.4,32.2,33.1,33.08,0.89,-0.06,78,44,14.3,18.55,2.8,-0.9232,-0.3844,34.1,35.0,35.0,station
2025-09-09,29.9,28.6,27.6,29.0,31.9,28.9,28.5,30.5,30.0,31.9,29.4,1.62,-0.56,86,97,15.5,10.51,8.3,-0.9296,-0.3685,30.4,30.0,30.0,station
2025-09-10,30.0,29.1,28.0,28.8,29.3,29.3,29.3,28.5,29.1,29.6,29.04,0.73,-0.12,76,56,15.8,18.23,0.4,-0.9358,-0.3524,29.2,30.0,30.0,station
2025-09-11,29.3,29.3,28.5,28.6,29.7,30.6,30.0,29.0,29.5,29.6,29.08,0.51,-0.66,70,44,13.1,21.59,0.0,-0.9418,-0.3363,29.3,30.0,30.0,station
2025-09-12,33.3,32.0,32.7,31.7,32.4,32.8,31.9,32.9,32.4,32.2,32.42,0.62,-0.02,75,72,14.3,19.35,2.2,-0.9474,-0.32,33.5,34.0,34.0,station
2025-09-13,31.0,30.2,31.8,30.0,31.8,31.8,30.2,30.4,29.2,33.3,30.96,0.85,-0.02,86,92,11.2,13.56,17.8,-0.9528,-0.3037,31.2,32.0,32.0,station
2025-09-14,30.7,30.3,31.6,29.6,30.9,30.0,30.3,29.4,29.4,30.2,30.62,0.74,0.76,88,85,9.7,15.46,20.9,-0.9579,-0.2873,31.3,32.0,32.0,station
2025-09-15,30.9,31.5,31.7,30.5,30.6,30.9,31.3,32.3,29.9,31.1,31.04,0.54,-0.06,85,50,14.5,19.76,2.7,-0.9627,-0.2707,32.1,32.0,32.0,station
2025-09-16,34.0,33.1,33.4,34.2,33.0,33.2,32.9,33.1,34.3,32.9,33.54,0.54,0.26,75,8,13.5,21.03,0.4,-0.9672,-0.2541,33.6,34.0,34.0,station
2025-09-17,34.1,31.4,34.2,34.8,33.6,35.5,32.1,32.7,35.2,33.7,33.62,1.31,-0.22,79,72,18.3,16.17,9.6,-0.9714,-0.2375,35.3,36.0,36.0,station
2025-09-18,27.7,27.6,26.6,27.5,26.9,28.4,27.9,27.1,28.1,27.7,27.26,0.48,-0.58,74,78,22.2,13.72,1.3,-0.9753,-0.2207,28.6,28.0,28.0,station
2025-09-19,27.9,29.3,28.6,28.4,29.3,28.0,29.2,28.2,28.4,28.7,28.7,0.6,0.2,73,89,18.0,11.89,0.2,-0.979,-0.2039,29.3,29.0,29.0,station
2025-09-20,27.5,26.7,26.3,27.6,28.2,27.8,26.9,25.7,27.3,28.3,27.26,0.76,0.06,80,96,18.9,8.51,3.2,-0.9824,-0.187,27.5,28.0,28.0,station
2025-09-21,29.1,27.0,26.5,26.7,27.2,28.8,27.2,26.4,26.5,27.1,27.3,1.04,0.1,60,67,21.2,16.04,0.2,-0.9854,-0.1701,28.3,28.0,28.0,station
2025-09-22,29.0,28.8,28.4,28.2,28.4,29.0,28.5,29.0,28.6,28.6,28.56,0.33,-0.18,65,31,17.7,17.21,0.3,-0.9882,-0.1531,30.0,29.0,29.0,station
2025-09-23,29.4,28.9,29.2,28.4,30.3,29.0,28.9,28.8,28.6,29.8,29.24,0.7,0.22,77,53,23.2,16.21,3.2,-0.9907,-0.1361,29.9,30.0,30.0,station
2025-09-24,30.7,29.0,29.1,29.1,30.4,30.4,29.3,28.0,29.0,30.6,29.66,0.82,0.2,80,99,17.4,7.12,0.0,-0.9929,-0.1191,30.2,31.0,31.0,station
2025-09-25,31.7,30.5,31.7,29.6,31.0,31.5,29.9,31.5,30.6,31.1,30.9,0.89,-0.02,77,42,14.9,18.4,0.7,-0.9948,-0.102,33.6,33.0,33.0,station
2025-09-26,31.5,31.2,31.4,29.3,30.9,30.8,30.7,30.6,29.5,30.5,30.86,0.9,0.44,78,12,12.4,18.71,0.3,-0.9964,-0.0848,33.2,33.0,33.0,station
2025-09-27,30.4,30.3,30.6,29.9,31.5,31.2,29.9,31.5,29.1,30.9,30.54,0.59,0.02,82,32,11.9,17.1,3.0,-0.9977,-0.0677,31.9,32.0,32.0,station
2025-09-28,32.2,30.4,32.2,31.5,32.2,32.6,30.3,32.0,31.2,32.5,31.7,0.79,-0.02,83,33,13.9,16.0,5.8,-0.9987,-0.0505,32.7,34.0,34.0,station
2025-09-29,28.6,26.9,27.6,27.5,28.3,28.6,27.3,28.5,28.0,29.0,27.78,0.68,-0.5,81,69,13.7,11.03,2.0,-0.9994,-0.0333,29.0,28.0,28.0,station
2025-09-30,27.2,25.3,25.2,26.4,26.1,27.1,26.1,24.3,26.6,28.3,26.04,0.83,-0.44,85,58,19.5,8.4,21.9,-0.9999,-0.0161,26.7,26.0,26.0,station
2025-10-01,26.6,27.0,26.5,27.0,27.1,26.5,27.2,27.2,27.5,26.7,26.84,0.27,-0.18,79,67,11.3,12.22,1.2,-1.0,0.0011,26.8,27.0,27.0,station
2025-10-02,29.4,29.6,29.7,28.7,28.7,28.4,29.4,30.2,29.2,28.4,29.22,0.49,0.1,77,78,19.4,12.51,1.6,-0.9998,0.0183,30.3,30.0,30.0,station
2025-10-03,29.8,29.5,28.2,28.4,32.6,31.5,28.7,28.6,30.3,32.5,29.7,1.76,-0.62,82,76,18.6,12.04,1.3,-0.9994,0.0355,30.6,30.0,30.0,station
2025-10-04,27.3,28.0,26.6,27.8,28.2,28.4,27.9,28.2,27.4,29.3,27.58,0.64,-0.66,83,69,12.2,13.06,0.1,-0.9986,0.0527,28.6,28.0,28.0,station
2025-10-05,30.0,30.5,31.2,29.6,31.2,29.3,30.3,30.9,31.5,31.3,30.5,0.71,-0.16,84,30,10.9,16.3,0.1,-0.9976,0.0698,31.9,33.0,33.0,station
2025-10-06,32.1,32.1,33.5,30.1,31.7,32.1,31.6,32.0,29.8,31.0,31.9,1.22,0.6,81,9,10.4,17.24,0.8,-0.9962,0.087,33.7,34.0,34.0,station
2025-10-07,30.5,28.6,26.9,28.7,29.6,31.1,28.9,26.4,27.8,30.2,28.86,1.34,-0.02,80,28,16.7,17.12,0.0,-0.9946,0.1041,30.4,28.0,28.0,station
2025-10-08,27.4,26.6,25.5,26.2,26.4,26.7,26.8,25.6,26.0,26.9,26.42,0.69,0.02,72,42,17.9,13.13,0.0,-0.9926,0.1212,28.3,27.0,27.0,station
2025-10-09,27.7,27.8,26.8,27.2,27.8,28.5,28.1,27.5,27.4,27.6,27.46,0.44,-0.36,69,31,13.8,17.3,0.0,-0.9904,0.1383,28.1,28.0,28.0,station
2025-10-10,29.2,28.7,28.4,27.8,28.5,28.6,28.7,27.8,28.2,28.5,28.52,0.51,0.16,72,7,14.0,17.6,0.0,-0.9879,0.1553,29.5,29.0,29.0,station
2025-10-11,30.8,29.8,31.2,29.3,30.1,30.9,29.5,32.0,28.1,28.8,30.24,0.76,0.38,76,4,13.4,17.75,0.0,-0.9851,0.1722,32.4,32.0,32.0,station
2025-10-12,29.2,28.5,28.9,27.5,30.0,30.6,28.5,31.2,27.7,30.3,28.82,0.92,-0.84,83,13,15.0,15.83,0.0,-0.9819,0.1892,30.0,30.0,30.0,station
2025-10-13,31.9,27.8,31.3,30.3,30.8,31.8,27.7,32.7,29.8,31.7,30.42,1.58,-0.32,87,39,11.3,13.04,14.2,-0.9785,0.206,31.0,31.0,31.0,station
2025-10-14,25.2,25.1,24.7,25.1,26.5,27.5,25.0,25.4,25.1,26.2,25.32,0.69,-0.52,84,82,15.1,9.28,2.7,-0.9749,0.2228,25.7,24.0,24.0,station
2025-10-15,26.1,26.9,29.3,27.3,28.9,27.2,26.6,29.4,26.4,28.3,27.7,1.36,0.12,82,53,12.0,13.69,10.4,-0.9709,0.2396,28.4,30.0,30.0,station
2025-10-16,25.9,25.1,26.0,25.4,26.7,26.6,25.0,25.1,24.9,26.4,25.82,0.61,0.22,85,85,21.2,12.0,8.5,-0.9666,0.2562,26.7,26.0,26.0,station
2025-10-17,26.3,26.3,26.7,26.6,27.7,28.2,26.5,28.9,26.8,29.0,26.72,0.58,-1.16,80,56,12.1,13.32,0.1,-0.9621,0.2728,27.2,28.0,28.0,station
2025-10-18,24.5,24.7,24.1,25.0,24.5,24.4,24.3,24.0,25.0,24.9,24.56,0.33,0.04,83,88,27.6,7.31,15.7,-0.9572,0.2893,24.7,25.0,25.0,station
2025-10-19,21.9,21.8,22.3,21.2,23.8,22.5,21.7,20.4,21.8,23.7,22.2,0.98,0.18,66,98,26.5,8.4,0.1,-0.9521,0.3057,22.3,23.0,23.0,station
2025-10-20,20.4,19.9,19.6,21.0,21.0,20.4,20.1,18.6,20.6,19.9,20.38,0.63,0.46,65,100,31.4,5.78,0.0,-0.9467,0.3221,19.6,20.0,20.0,station
2025-10-21,19.3,19.2,18.2,19.7,20.3,19.5,19.0,18.3,19.9,19.8,19.34,0.77,0.04,62,99,30.9,4.95,0.0,-0.941,0.3383,18.7,20.0,20.0,station
2025-10-22,19.8,19.5,19.4,19.5,20.6,19.7,19.3,19.4,20.2,20.5,19.76,0.49,-0.06,58,94,27.2,8.09,0.0,-0.9351,0.3545,19.6,19.0,19.0,station
2025-10-23,20.8,20.4,20.8,20.3,22.1,21.4,20.6,20.2,20.4,22.2,20.88,0.72,-0.08,58,69,24.3,10.71,0.0,-0.9288,0.3705,20.0,20.0,20.0,station
2025-10-24,21.8,21.2,20.2,21.1,22.8,21.3,21.0,20.8,21.5,22.4,21.42,0.96,0.02,60,57,21.4,13.6,0.0,-0.9223,0.3864,21.1,21.0,21.0,station
2025-10-25,20.5,20.1,19.8,20.5,22.5,20.6,20.5,20.8,21.5,21.6,20.68,1.06,-0.32,64,48,19.4,15.53,0.0,-0.9155,0.4022,20.5,21.0,21.0,station
2025-10-26,19.4,18.7,17.4,18.8,20.1,18.6,19.0,19.4,19.3,20.4,18.88,1.0,-0.46,69,73,17.0,8.27,0.6,-0.9085,0.4179,18.6,20.0,20.0,station
2025-10-27,18.9,18.3,18.8,18.2,19.4,18.8,18.3,18.6,17.9,19.5,18.72,0.49,0.1,67,83,18.9,11.62,0.2,-0.9012,0.4335,19.0,19.0,19.0,station
2025-10-28,18.5,18.8,18.7,18.7,19.7,18.4,18.9,19.0,18.0,19.8,18.88,0.47,0.06,60,29,18.2,15.56,0.0,-0.8936,0.4489,18.5,19.0,19.0,station
2025-10-29,21.2,20.6,20.4,20.4,21.8,20.8,20.3,21.7,21.0,21.7,20.88,0.61,-0.22,61,54,17.7,13.4,0.0,-0.8857,0.4642,20.9,21.0,21.0,station
2025-10-30,22.4,20.6,22.5,21.4,22.8,22.3,21.3,22.3,21.5,22.9,21.94,0.92,-0.12,75,100,18.5,3.08,4.1,-0.8776,0.4794,21.0,22.0,22.0,station
2025-10-31,21.7,20.7,20.5,20.4,20.2,21.4,21.1,21.8,21.3,19.5,20.7,0.59,-0.32,74,70,16.0,14.61,1.1,-0.8692,0.4944,21.4,22.0,22.0,station
2025-11-01,19.9,20.6,20.8,19.7,21.9,19.2,20.3,20.4,18.9,21.3,20.58,0.87,0.56,74,92,13.5,14.14,0.2,-0.8606,0.5093,20.5,22.0,22.0,station
2025-11-02,20.2,20.5,20.3,19.7,21.3,19.8,20.7,20.7,19.6,21.1,20.4,0.58,0.02,66,64,18.8,15.39,0.0,-0.8517,0.524,21.0,21.0,21.0,station
2025-11-03,16.8,16.8,17.0,16.1,17.5,16.6,16.5,16.8,15.9,17.3,16.84,0.5,0.22,62,92,17.1,11.63,0.0,-0.8426,0.5386,17.4,17.0,17.0,station
2025-11-04,18.1,17.1,18.2,17.3,18.6,18.1,17.7,18.3,17.8,18.6,17.86,0.63,-0.24,72,96,14.0,4.73,0.0,-0.8332,0.553,17.3,17.0,17.0,station
2025-11-05,20.5,19.4,20.9,19.4,21.3,21.5,19.9,22.1,20.1,21.8,20.3,0.87,-0.78,81,48,17.0,9.01,1.3,-0.8235,0.5672,20.3,20.0,20.0,station
2025-11-06,21.6,20.4,21.7,20.6,21.7,21.4,19.4,21.5,20.3,21.5,21.2,0.64,0.38,81,80,22.8,9.68,1.6,-0.8137,0.5813,21.5,22.0,22.0,station
2025-11-07,19.7,19.2,19.3,18.9,20.6,21.3,19.2,18.6,19.2,22.1,19.54,0.66,-0.54,87,98,11.5,3.04,2.7,-0.8035,0.5952,19.7,20.0,20.0,station
2025-11-08,20.6,20.4,20.6,20.2,23.2,21.7,20.4,20.6,21.1,24.6,21.0,1.24,-0.68,88,100,13.9,4.13,3.7,-0.7932,0.609,22.4,22.0,22.0,station
2025-11-09,19.4,18.9,19.8,19.6,19.9,20.0,18.6,18.3,19.0,19.1,19.52,0.4,0.52,83,97,19.4,6.13,0.9,-0.7826,0.6225,19.7,20.0,20.0,station
2025-11-10,17.6,17.4,17.4,17.4,18.9,17.7,17.7,17.4,16.7,18.3,17.74,0.65,0.18,66,63,19.2,12.69,0.0,-0.7718,0.6359,17.5,19.0,19.0,station
2025-11-11,17.3,17.5,17.1,16.7,18.1,17.4,17.4,17.3,16.8,18.8,17.34,0.52,-0.2,63,98,21.8,11.45,0.1,-0.7607,0.6491,18.1,18.0,18.0,station
2025-11-12,18.4,17.8,19.4,18.1,19.2,18.0,17.9,17.7,18.3,19.2,18.58,0.69,0.36,70,100,21.9,2.95,0.3,-0.7494,0.6621,18.7,19.0,19.0,station
2025-11-13,18.7,18.7,18.9,17.9,19.1,18.7,18.6,19.0,18.0,18.8,18.66,0.46,0.04,70,19,20.2,14.11,0.0,-0.7379,0.6749,19.4,20.0,20.0,station
2025-11-14,18.1,18.5,18.1,17.6,19.1,17.5,18.2,18.1,17.4,18.3,18.28,0.56,0.38,74,0,12.4,14.01,0.0,-0.7262,0.6875,19.0,19.0,19.0,station
2025-11-15,18.5,19.1,19.2,18.2,19.6,18.7,19.2,19.3,18.0,19.9,18.92,0.56,-0.1,76,4,10.6,13.65,0.0,-0.7143,0.6998,18.7,20.0,20.0,station
2025-11-16,21.2,21.3,22.3,20.1,22.0,21.3,21.1,22.4,19.9,22.0,21.38,0.85,0.04,79,61,11.0,12.72,0.0,-0.7021,0.712,22.2,23.0,23.0,station
2025-11-17,16.6,17.0,17.1,17.5,17.8,16.9,17.1,17.1,17.1,17.8,17.2,0.46,0.0,75,97,33.8,3.58,1.5,-0.6898,0.724,16.9,18.0,18.0,station
2025-11-18,8.6,9.0,9.6,9.3,10.2,8.6,9.3,9.8,8.5,9.8,9.34,0.61,0.14,46,50,25.0,14.1,0.1,-0.6772,0.7358,9.7,10.0,10.0,station
2025-11-19,10.2,11.0,11.3,10.1,11.2,10.0,11.0,10.9,9.8,10.1,10.76,0.57,0.4,40,29,19.7,13.86,0.0,-0.6645,0.7473,11.0,12.0,12.0,station
2025-11-20,12.7,14.1,13.8,12.7,13.7,12.5,14.1,13.5,12.3,13.2,13.4,0.66,0.28,47,13,9.1,13.87,0.0,-0.6515,0.7586,14.0,15.0,15.0,station
2025-11-21,15.8,16.9,16.8,15.6,17.1,15.4,16.4,16.1,15.0,16.6,16.44,0.69,0.54,54,9,10.2,13.66,0.0,-0.6384,0.7697,16.7,18.0,18.0,station
2025-11-22,16.1,16.6,17.3,15.2,17.5,16.3,16.3,16.9,15.4,17.5,16.54,0.93,0.06,67,6,9.4,13.49,0.0,-0.625,0.7806,16.9,17.0,17.0,station
2025-11-23,19.4,18.6,19.5,19.0,19.1,19.4,18.2,18.9,18.9,19.7,19.12,0.36,0.1,63,17,13.4,13.26,0.0,-0.6115,0.7912,20.3,20.0,20.0,station
2025-11-24,19.9,20.2,20.7,19.4,20.9,19.3,19.7,20.6,19.4,18.8,20.22,0.61,0.66,53,68,16.1,9.35,0.0,-0.5978,0.8016,20.6,19.0,19.0,station
2025-11-25,13.5,13.7,14.4,13.4,13.2,12.9,13.8,14.5,12.5,12.4,13.64,0.46,0.42,34,0,26.3,13.81,0.0,-0.584,0.8118,13.9,15.0,15.0,station
2025-11-26,13.8,14.4,14.5,13.0,14.6,13.5,14.3,14.3,12.5,14.4,14.06,0.67,0.26,48,0,10.3,13.62,0.0,-0.5699,0.8217,14.9,15.0,15.0,station
2025-11-27,11.8,13.2,13.1,12.1,12.8,12.1,13.3,13.0,12.5,13.2,12.6,0.62,-0.22,39,10,25.1,13.5,0.0,-0.5557,0.8314,14.0,15.0,15.0,station
2025-11-28,13.7,14.2,15.0,12.5,13.9,13.0,14.6,14.8,12.2,13.2,13.86,0.91,0.3,45,0,12.4,13.45,0.0,-0.5413,0.8408,14.7,14.0,14.0,station
2025-11-29,19.9,18.9,18.8,17.8,18.5,19.6,19.3,18.5,17.9,18.1,18.78,0.76,0.1,58,0,13.7,13.3,0.0,-0.5268,0.85,20.2,20.0,20.0,station
2025-11-30,21.4,20.1,21.5,20.5,20.1,21.2,19.8,20.9,18.7,19.5,20.72,0.69,0.7,65,37,10.0,12.46,0.0,-0.5121,0.859,22.5,23.0,23.0,station
2025-12-01,16.6,16.8,16.4,15.8,17.3,16.3,17.0,15.9,15.1,16.7,16.58,0.55,0.38,72,31,21.2,12.12,0.0,-0.4972,0.8676,17.6,18.0,18.0,station
2025-12-02,15.7,14.2,14.8,14.0,16.5,15.4,14.5,14.5,13.0,15.9,15.04,1.05,0.38,64,74,20.9,7.88,0.0,-0.4822,0.8761,15.8,15.0,15.0,station
2025-12-03,11.1,10.7,11.5,11.4,11.0,11.6,10.8,11.3,11.2,10.7,11.14,0.32,0.02,57,40,24.2,11.83,0.0,-0.4671,0.8842,11.8,11.0,11.0,station
2025-12-04,10.1,10.7,10.8,9.5,11.1,10.0,10.6,11.6,9.2,10.5,10.44,0.64,0.06,42,39,11.7,12.72,0.0,-0.4518,0.8921,11.3,12.0,12.0,station
2025-12-05,12.8,12.6,12.7,11.8,13.0,12.7,12.7,12.3,11.7,12.7,12.58,0.46,0.16,52,55,12.3,9.22,0.0,-0.4364,0.8998,12.7,12.0,12.0,station
2025-12-06,16.9,16.7,17.3,16.6,17.0,17.4,16.9,17.5,16.6,17.4,16.9,0.27,-0.26,63,0,10.1,12.64,0.0,-0.4208,0.9071,17.5,17.0,17.0,station
2025-12-07,18.3,17.9,19.9,16.1,18.4,18.4,17.6,19.3,16.4,18.7,18.12,1.36,0.04,76,0,11.7,12.43,0.0,-0.4052,0.9142,19.6,20.0,20.0,station
2025-12-08,14.5,14.0,15.0,14.1,15.5,13.9,14.2,13.7,13.7,14.6,14.62,0.63,0.6,66,4,21.6,12.23,0.0,-0.3894,0.9211,15.5,16.0,16.0,station
2025-12-09,13.8,14.2,14.4,13.9,15.3,13.9,14.3,14.4,13.3,15.1,14.32,0.6,0.12,68,19,13.7,12.07,0.0,-0.3735,0.9276,14.8,15.0,15.0,station
2025-12-10,18.3,16.8,19.2,15.9,18.3,17.8,16.5,18.5,15.5,17.9,17.7,1.32,0.46,71,87,16.8,4.36,0.1,-0.3575,0.9339,18.5,19.0,19.0,station
2025-12-11,16.2,15.5,17.2,16.0,17.0,16.6,15.5,16.9,15.3,16.6,16.38,0.71,0.2,73,33,25.2,12.13,0.0,-0.3413,0.9399,17.7,18.0,18.0,station
2025-12-12,11.8,11.3,12.0,12.5,14.0,12.8,11.1,11.6,12.3,13.8,12.32,1.03,0.0,61,91,22.5,6.88,0.0,-0.3251,0.9457,12.9,12.0,12.0,station
2025-12-13,10.9,10.4,10.9,12.3,12.0,10.4,10.2,11.1,11.6,11.8,11.3,0.81,0.28,68,91,27.8,3.39,0.4,-0.3088,0.9511,10.9,11.0,11.0,station
2025-12-14,6.5,7.4,8.7,7.4,7.8,6.3,8.2,9.4,7.6,7.7,7.56,0.8,-0.28,52,20,24.9,12.59,0.0,-0.2924,0.9563,7.7,9.0,9.0,station
2025-12-15,11.8,12.0,12.7,11.5,11.5,11.4,11.8,12.9,10.8,11.7,11.9,0.49,0.18,57,0,17.1,12.62,0.0,-0.2759,0.9612,12.3,13.0,13.0,station
2025-12-16,16.7,16.2,17.6,15.8,17.0,16.4,15.9,17.3,14.7,17.3,16.66,0.7,0.34,61,23,13.1,11.04,0.0,-0.2593,0.9658,17.7,18.0,18.0,station
2025-12-17,13.6,12.5,14.0,12.9,14.6,13.5,12.4,14.2,12.6,15.2,13.52,0.84,-0.06,66,19,17.3,10.74,0.0,-0.2427,0.9701,14.5,13.0,13.0,station
2025-12-18,13.4,13.6,14.3,12.8,14.5,13.5,13.7,14.5,12.6,14.3,13.72,0.69,0.0,71,0,15.9,12.16,0.0,-0.226,0.9741,14.1,15.0,15.0,station
2025-12-19,19.9,18.3,20.5,18.3,19.6,19.5,18.1,20.2,18.6,19.6,19.32,0.99,0.12,73,4,16.1,11.51,0.0,-0.2092,0.9779,20.3,20.0,20.0,station
2025-12-20,18.1,15.5,22.2,18.8,20.2,17.4,16.7,21.2,17.4,20.6,18.96,2.49,0.3,80,48,26.5,10.21,0.1,-0.1923,0.9813,19.9,21.0,21.0,station
2025-12-21,11.1,10.6,10.8,11.3,11.1,11.3,10.8,10.9,10.8,11.3,10.98,0.28,-0.04,60,74,27.4,4.94,1.2,-0.1754,0.9845,11.0,11.0,11.0,station
2025-12-22,11.4,12.1,12.6,11.9,13.0,12.0,12.2,12.2,11.6,12.6,12.2,0.62,0.08,63,59,16.2,4.99,0.0,-0.1585,0.9874,11.7,12.0,12.0,station
2025-12-23,18.3,15.8,18.2,17.6,18.0,18.4,16.1,18.1,16.8,17.9,17.58,1.03,0.12,68,77,17.5,8.8,0.1,-0.1414,0.9899,18.9,18.0,18.0,station
2025-12-24,10.0,9.6,10.0,10.8,10.2,10.5,9.3,10.0,10.2,10.1,10.12,0.44,0.1,82,100,19.2,3.23,4.4,-0.1244,0.9922,11.0,10.0,10.0,station
2025-12-25,8.4,8.2,9.2,8.3,8.9,8.6,8.5,8.8,8.2,8.6,8.6,0.43,0.06,55,53,26.6,9.71,0.0,-0.1073,0.9942,8.8,9.0,9.0,station
2025-12-26,6.5,7.2,7.4,6.8,7.2,6.1,7.3,8.0,6.4,6.9,7.02,0.36,0.08,57,60,17.6,8.38,0.0,-0.0902,0.9959,7.2,8.0,8.0,station
2025-12-27,11.4,10.7,11.9,11.5,12.1,10.6,10.8,12.1,11.2,12.5,11.52,0.54,0.08,61,6,10.1,11.94,0.0,-0.073,0.9973,12.6,12.0,12.0,station
2025-12-28,13.2,13.5,14.0,13.2,13.2,13.5,12.9,14.0,13.0,13.3,13.42,0.35,0.08,62,35,11.0,12.04,0.0,-0.0559,0.9984,13.8,15.0,15.0,station
2025-12-29,15.0,16.2,16.9,15.1,16.5,15.8,15.6,16.7,15.5,15.4,15.94,0.85,0.14,70,42,12.1,12.28,0.0,-0.0387,0.9993,17.3,18.0,18.0,station
2025-12-30,12.9,12.1,13.3,11.8,14.0,13.3,12.1,12.9,11.2,14.0,12.82,0.89,0.12,72,47,20.8,10.58,0.0,-0.0215,0.9998,12.8,13.0,13.0,station
2025-12-31,10.9,10.2,10.4,9.8,11.4,10.8,10.4,10.1,9.5,11.0,10.54,0.62,0.18,60,75,28.6,7.92,0.1,-0.0043,1.0,11.1,,,
2026-01-01,6.5,6.8,7.4,7.0,7.5,6.7,7.0,7.8,7.0,8.0,7.04,0.42,-0.26,65,99,22.7,2.99,1.5,0.0172,0.9999,6.5,6.0,6.0,station
2026-01-02,4.6,4.6,6.2,4.6,4.8,4.6,5.0,6.0,4.2,4.3,4.96,0.7,0.14,55,67,25.3,6.94,0.0,0.0344,0.9994,3.7,6.0,6.0,station
2026-01-03,5.8,6.1,7.5,6.0,6.6,5.9,6.3,8.0,5.5,6.1,6.4,0.68,0.04,49,12,10.4,13.02,0.0,0.0516,0.9987,6.9,7.0,7.0,station
2026-01-04,8.9,8.6,11.9,10.4,11.1,10.4,8.5,12.3,10.0,12.2,10.18,1.41,-0.5,66,63,13.9,7.95,0.9,0.0688,0.9976,11.3,11.0,11.0,station
2026-01-05,8.1,7.7,9.2,8.1,7.8,8.2,8.1,10.0,8.5,8.0,8.18,0.6,-0.38,72,78,22.8,8.48,1.9,0.0859,0.9963,7.5,9.0,9.0,station
2026-01-06,8.5,8.2,9.7,7.8,7.9,8.2,8.2,9.6,8.4,7.9,8.42,0.77,-0.04,70,40,17.8,9.33,0.5,0.103,0.9947,8.4,8.0,8.0,station
2026-01-07,8.4,9.7,10.2,8.8,10.2,8.5,10.0,10.5,8.0,9.5,9.46,0.82,0.16,55,0,16.3,12.9,0.0,0.1201,0.9928,9.6,10.0,10.0,station
2026-01-08,8.4,8.2,8.5,8.3,9.4,7.6,8.3,8.3,7.6,8.7,8.56,0.48,0.46,63,8,16.0,11.79,0.0,0.1372,0.9905,8.9,9.0,9.0,station
2026-01-09,10.6,10.7,10.6,10.3,9.7,10.3,10.5,10.6,10.3,9.7,10.38,0.41,0.1,63,25,16.6,12.99,0.0,0.1542,0.988,10.7,11.0,11.0,station
2026-01-10,10.2,10.9,11.6,10.3,12.0,9.4,11.2,11.8,9.3,11.0,11.0,0.79,0.46,42,24,22.2,13.13,0.0,0.1712,0.9852,13.3,14.0,14.0,station
2026-01-11,4.9,5.9,5.5,6.2,6.0,5.1,5.4,5.5,4.9,5.3,5.7,0.51,0.46,34,9,22.2,13.64,0.0,0.1881,0.9821,6.7,8.0,8.0,station
2026-01-12,12.3,12.5,11.8,11.1,10.9,10.6,12.3,11.2,10.2,9.9,11.72,0.71,0.88,46,36,17.3,12.57,0.0,0.205,0.9788,12.9,12.0,12.0,station
2026-01-13,12.2,13.7,12.2,13.4,13.1,11.9,13.4,13.6,10.5,11.3,12.92,0.69,0.78,48,0,15.5,13.46,0.0,0.2218,0.9751,15.0,16.0,16.0,station
2026-01-14,18.3,17.0,17.6,17.5,16.2,17.1,16.6,16.4,15.7,15.7,17.32,0.78,1.02,58,17,19.4,13.16,0.0,0.2385,0.9711,19.5,19.0,19.0,station
2026-01-15,17.2,17.9,19.1,17.7,18.1,16.2,17.5,18.9,17.3,17.1,18.0,0.7,0.6,58,1,20.6,13.2,0.0,0.2552,0.9669,19.4,19.0,19.0,station
2026-01-16,16.0,15.8,19.1,15.4,16.3,16.2,16.1,19.2,14.2,15.9,16.52,1.48,0.2,86,26,12.2,13.29,0.0,0.2718,0.9624,17.6,19.0,19.0,station
2026-01-17,12.4,11.1,12.1,11.6,13.0,12.6,11.5,12.2,10.7,13.6,12.04,0.73,-0.08,82,71,20.4,11.21,0.0,0.2883,0.9575,13.2,13.0,13.0,station
2026-01-18,12.6,12.7,13.1,12.1,13.7,12.9,12.5,13.2,11.6,13.9,12.84,0.6,0.02,84,69,13.0,5.96,0.0,0.3047,0.9524,13.0,14.0,14.0,station
2026-01-19,9.2,9.7,9.4,9.6,10.9,10.3,9.4,9.3,9.7,10.9,9.76,0.67,-0.16,78,100,28.9,2.82,1.7,0.3211,0.9471,10.7,10.0,10.0,station
2026-01-20,3.9,3.9,4.7,5.0,4.6,4.0,3.6,4.8,4.9,5.0,4.42,0.5,-0.04,68,100,27.0,2.6,0.8,0.3373,0.9414,3.3,4.0,4.0,station
2026-01-21,2.5,2.8,5.1,3.0,3.8,2.6,2.9,5.0,3.1,3.7,3.44,1.05,-0.02,64,91,24.4,8.67,0.0,0.3534,0.9355,2.6,4.0,4.0,station
2026-01-22,4.2,3.8,5.0,3.4,5.3,4.2,3.6,5.1,3.5,4.9,4.34,0.8,0.08,61,67,19.6,11.34,0.0,0.3695,0.9292,3.9,4.0,4.0,station
2026-01-23,7.5,7.5,9.3,8.2,8.5,7.2,7.3,9.3,7.5,8.8,8.2,0.75,0.18,63,4,7.8,14.23,0.0,0.3854,0.9227,8.3,9.0,9.0,station
2026-01-24,8.1,8.1,9.0,7.8,9.5,8.4,8.6,9.5,7.4,9.8,8.5,0.72,-0.24,69,20,12.1,14.38,0.0,0.4012,0.916,8.6,9.0,9.0,station
2026-01-25,10.5,9.9,11.4,10.1,12.3,10.4,9.3,10.9,10.1,12.8,10.84,1.0,0.14,76,59,21.3,8.42,0.3,0.4169,0.9089,12.0,11.0,11.0,station
2026-01-26,10.2,9.7,10.6,9.7,12.2,9.0,9.4,10.1,9.4,12.5,10.48,1.03,0.4,88,100,21.6,1.45,8.0,0.4325,0.9016,10.4,10.0,10.0,station
2026-01-27,7.0,6.7,7.8,7.1,7.3,7.8,6.9,7.3,7.3,7.6,7.18,0.41,-0.2,68,88,19.4,6.97,0.0,0.4479,0.8941,7.2,7.0,7.0,station
2026-01-28,6.8,7.3,8.0,7.1,7.3,6.9,7.4,8.1,6.3,7.1,7.3,0.44,0.14,64,86,10.8,6.52,0.0,0.4633,0.8862,7.3,8.0,8.0,station
2026-01-29,9.7,9.0,9.5,8.7,10.0,9.7,8.9,9.3,8.1,10.3,9.38,0.53,0.12,63,93,17.5,7.86,0.0,0.4784,0.8781,9.3,10.0,10.0,station
2026-01-30,7.5,7.4,7.5,7.7,8.7,7.8,7.5,8.7,7.8,9.0,7.76,0.54,-0.4,82,100,26.7,1.44,13.1,0.4935,0.8698,7.9,8.0,8.0,station
2026-01-31,6.2,5.9,7.1,6.1,7.2,6.1,6.3,6.3,5.8,7.2,6.5,0.6,0.16,78,80,19.3,4.38,4.5,0.5084,0.8611,6.4,7.0,7.0,station
2026-02-01,6.8,7.0,7.7,7.4,7.8,7.1,7.1,7.7,7.1,8.1,7.34,0.43,-0.08,75,40,10.2,11.77,0.0,0.5231,0.8523,7.4,8.0,8.0,station
2026-02-02,9.0,9.1,11.0,9.1,10.0,8.7,8.8,11.2,8.8,10.5,9.64,0.86,0.04,74,32,16.0,12.69,0.0,0.5377,0.8432,9.3,9.0,9.0,station
2026-02-03,7.9,8.5,8.8,7.7,9.2,8.4,8.8,9.1,8.2,9.1,8.42,0.62,-0.3,71,25,14.5,15.66,0.0,0.5521,0.8338,8.7,10.0,10.0,station
2026-02-04,15.0,13.5,15.9,14.8,15.0,14.7,13.3,15.6,14.3,15.8,14.84,0.86,0.1,69,36,12.9,14.47,0.0,0.5664,0.8242,16.2,16.0,16.0,station
2026-02-05,13.4,12.1,13.9,11.6,14.4,13.6,12.5,12.6,11.4,15.1,13.08,1.19,0.04,81,100,10.7,5.18,2.5,0.5805,0.8143,13.4,15.0,15.0,station
2026-02-06,8.5,9.2,8.7,9.0,9.5,9.5,9.5,9.0,8.7,9.4,8.98,0.4,-0.24,87,100,26.7,2.3,12.8,0.5944,0.8042,9.0,10.0,10.0,station
2026-02-07,3.3,3.6,4.2,4.3,4.4,3.6,3.7,4.5,4.4,3.5,3.96,0.48,0.02,70,90,22.7,7.15,0.2,0.6081,0.7938,3.3,4.0,4.0,station
2026-02-08,2.8,3.0,3.3,3.2,3.7,3.0,3.1,3.8,2.1,3.3,3.2,0.34,0.14,53,24,22.3,14.48,0.0,0.6217,0.7833,2.8,4.0,4.0,station
2026-02-09,7.4,6.8,7.0,7.2,7.3,6.3,6.9,7.0,6.9,7.3,7.14,0.24,0.26,63,57,16.5,15.43,0.2,0.6351,0.7725,7.1,8.0,8.0,station
2026-02-10,11.2,9.6,11.9,12.4,12.6,12.1,9.6,13.5,12.0,11.9,11.54,1.21,-0.28,78,89,17.9,10.35,2.8,0.6483,0.7614,11.6,12.0,12.0,station
2026-02-11,10.6,10.5,12.8,10.5,11.8,10.8,10.5,12.9,11.3,12.2,11.24,1.03,-0.3,75,16,14.2,16.07,0.0,0.6613,0.7502,11.8,12.0,12.0,station
2026-02-12,11.9,11.8,13.4,12.0,11.9,12.4,11.3,13.2,11.1,12.1,12.2,0.67,0.18,76,0,14.6,16.77,0.0,0.6741,0.7387,13.3,14.0,14.0,station
2026-02-13,15.6,13.8,17.3,13.3,15.1,15.5,13.6,17.6,12.3,13.8,15.02,1.58,0.46,79,25,13.8,15.89,0.0,0.6867,0.727,17.1,17.0,17.0,station
2026-02-14,17.7,17.1,19.5,17.6,18.2,18.5,16.5,19.6,17.4,19.5,18.02,0.91,-0.28,80,41,13.7,14.93,0.4,0.6991,0.715,20.5,21.0,21.0,station
2026-02-15,14.2,14.2,15.0,13.9,13.4,10.2,13.6,14.4,12.7,11.9,14.14,0.58,1.58,89,46,23.2,15.02,0.0,0.7113,0.7029,15.5,16.0,16.0,station
2026-02-16,8.4,8.1,8.3,9.0,8.8,8.1,8.5,7.9,8.5,8.8,8.52,0.37,0.16,77,100,27.2,3.3,7.4,0.7233,0.6906,8.9,9.0,9.0,station
2026-02-17,8.6,8.0,8.5,8.3,8.7,7.8,7.7,8.3,7.1,8.4,8.42,0.28,0.56,65,79,16.6,11.41,0.0,0.735,0.678,8.6,10.0,10.0,station
2026-02-18,10.9,11.5,12.5,10.8,12.2,11.1,11.3,12.1,11.2,12.0,11.58,0.76,0.04,60,32,14.8,17.87,0.0,0.7466,0.6653,12.3,13.0,13.0,station
2026-02-19,13.3,11.8,12.7,11.8,12.3,11.8,11.7,12.7,10.2,12.6,12.38,0.64,0.58,64,67,13.5,12.18,0.0,0.7579,0.6523,13.8,14.0,14.0,station
2026-02-20,17.5,15.6,17.7,17.6,16.2,17.8,15.7,18.2,16.9,16.8,16.92,0.96,-0.16,61,0,19.1,18.02,0.0,0.769,0.6392,18.8,19.0,19.0,station
2026-02-21,19.3,17.8,18.3,17.7,18.0,19.7,17.8,18.3,17.7,18.2,18.22,0.65,-0.12,64,0,19.1,18.12,0.0,0.7799,0.6259,21.1,21.0,21.0,station
2026-02-22,17.0,14.8,18.5,16.7,19.7,17.0,14.7,18.4,17.6,20.3,17.34,1.86,-0.26,56,0,24.7,17.99,0.0,0.7906,0.6124,20.8,23.0,23.0,station
2026-02-23,11.8,12.2,11.8,11.2,12.9,11.8,12.4,12.0,10.2,12.6,11.98,0.63,0.18,67,63,23.6,18.04,0.5,0.801,0.5987,12.5,14.0,14.0,station
2026-02-24,10.8,10.9,13.3,11.0,13.8,12.1,11.7,12.7,12.3,15.1,11.96,1.46,-0.82,87,100,21.1,5.02,17.3,0.8112,0.5848,10.4,10.0,10.0,station
2026-02-25,10.0,9.2,10.1,8.9,10.8,11.4,9.8,10.8,10.4,10.9,9.8,0.76,-0.86,82,100,15.3,8.5,0.0,0.8211,0.5708,10.0,10.0,10.0,station
2026-02-26,12.4,11.4,13.5,11.8,12.5,12.5,11.2,13.7,11.0,13.4,12.32,0.8,-0.04,93,100,17.9,4.31,15.6,0.8308,0.5566,12.6,13.0,13.0,station
2026-02-27,12.1,10.5,10.2,10.6,11.4,11.4,10.5,10.4,10.3,11.4,10.96,0.78,0.16,88,100,19.2,8.8,5.4,0.8402,0.5422,12.6,13.0,13.0,station
2026-02-28,11.3,11.4,12.4,10.6,12.1,11.9,11.5,12.3,11.3,12.8,11.56,0.71,-0.4,86,99,14.8,12.29,0.0,0.8495,0.5277,12.2,13.0,13.0,station
2026-03-01,12.2,11.5,12.7,12.3,13.0,12.5,11.3,12.8,11.5,14.3,12.34,0.57,-0.14,92,95,20.0,4.25,23.4,0.8584,0.513,12.7,13.0,13.0,station
2026-03-02,11.5,11.3,10.7,12.3,14.4,13.7,11.0,12.8,12.4,14.5,12.04,1.44,-0.84,86,100,34.9,7.12,0.5,0.8671,0.4981,12.0,13.0,13.0,station
2026-03-03,9.9,8.9,9.4,9.6,9.7,10.3,8.4,9.5,9.8,10.0,9.5,0.38,-0.1,77,100,23.2,8.58,0.1,0.8755,0.4831,9.5,8.0,8.0,station
2026-03-04,10.0,9.7,9.8,10.2,10.3,10.6,10.0,10.4,9.8,10.7,10.0,0.25,-0.3,77,99,14.5,8.54,0.1,0.8837,0.468,10.1,10.0,10.0,station
2026-03-05,13.3,11.0,13.6,11.5,12.0,12.1,11.5,14.7,14.2,11.8,12.28,1.13,-0.58,89,95,13.4,3.61,6.8,0.8916,0.4527,11.5,11.0,11.0,station
2026-03-06,10.2,9.1,10.4,9.7,11.2,11.5,9.4,12.0,10.3,11.0,10.12,0.79,-0.72,75,99,22.0,10.43,0.0,0.8993,0.4373,10.9,10.0,10.0,station
2026-03-07,7.9,7.8,7.7,7.3,8.3,7.9,8.0,7.9,7.2,8.6,7.8,0.36,-0.12,65,68,17.7,18.89,0.0,0.9067,0.4218,9.4,9.0,9.0,station
2026-03-08,9.2,9.6,10.2,9.1,10.9,9.1,9.7,9.8,9.4,10.2,9.8,0.75,0.16,73,76,12.1,14.98,0.0,0.9138,0.4061,9.8,11.0,11.0,station
2026-03-09,10.7,10.1,10.3,9.6,10.4,10.7,10.0,10.2,10.0,10.7,10.22,0.41,-0.1,69,67,20.4,19.57,0.0,0.9207,0.3904,11.1,11.0,11.0,station
2026-03-10,9.0,9.6,9.2,8.1,9.6,8.9,9.4,9.3,7.7,9.6,9.1,0.62,0.12,67,12,13.1,20.61,0.0,0.9272,0.3745,9.8,10.0,10.0,station
2026-03-11,12.6,11.7,13.7,11.1,13.1,12.4,11.8,13.2,10.3,13.3,12.44,1.05,0.24,71,40,15.5,19.36,0.8,0.9335,0.3585,12.6,13.0,13.0,station
2026-03-12,12.3,11.8,11.4,11.2,11.8,12.1,11.6,10.8,10.8,11.2,11.7,0.42,0.4,70,12,18.5,19.77,0.0,0.9396,0.3424,13.1,13.0,13.0,station
2026-03-13,12.1,11.9,11.1,10.4,11.6,12.0,11.9,11.2,10.6,11.8,11.42,0.68,-0.08,72,0,14.2,21.09,0.0,0.9453,0.3261,13.0,13.0,13.0,station
2026-03-14,14.3,13.9,14.3,12.5,13.8,13.6,13.6,13.5,12.6,13.9,13.76,0.74,0.32,69,1,20.2,21.01,0.0,0.9508,0.3098,15.4,16.0,16.0,station
2026-03-15,14.1,12.7,13.4,12.8,13.6,12.9,12.4,12.6,11.9,14.5,13.32,0.58,0.46,76,62,13.9,13.67,0.5,0.956,0.2934,15.2,15.0,15.0,station
2026-03-16,11.5,11.1,10.9,11.4,12.3,10.9,10.7,10.1,11.5,12.2,11.44,0.54,0.36,80,100,15.4,5.48,1.5,0.9609,0.2769,12.4,12.0,12.0,station
2026-03-17,12.6,12.3,12.0,12.3,14.6,12.2,12.0,11.4,12.6,13.6,12.76,1.05,0.4,90,100,18.7,4.43,6.7,0.9655,0.2604,12.9,12.0,12.0,station
2026-03-18,13.5,12.8,12.7,13.0,15.2,13.7,12.4,12.1,13.3,17.1,13.44,1.03,-0.28,92,100,18.9,3.13,12.7,0.9698,0.2437,13.6,13.0,13.0,station
2026-03-19,11.0,10.5,10.8,10.6,11.0,11.1,10.7,10.7,10.7,11.0,10.78,0.23,-0.06,76,42,14.2,18.72,0.0,0.9739,0.227,12.3,12.0,12.0,station
2026-03-20,11.7,11.5,12.7,11.8,13.1,11.9,11.3,12.5,11.1,12.6,12.16,0.7,0.28,69,66,13.5,17.02,0.3,0.9777,0.2102,13.2,13.0,13.0,station
2026-03-21,13.0,12.8,13.7,12.0,13.8,13.4,12.8,13.9,12.3,14.7,13.06,0.73,-0.36,78,46,13.0,18.92,0.1,0.9811,0.1934,13.3,14.0,14.0,station
2026-03-22,16.6,15.5,19.8,16.6,17.7,18.1,15.2,14.8,17.4,20.3,17.24,1.63,0.08,82,71,12.8,14.85,0.1,0.9843,0.1765,16.5,18.0,18.0,station
2026-03-23,14.1,13.0,13.8,13.0,14.6,14.8,13.2,14.2,13.4,13.3,13.7,0.7,-0.08,82,98,12.9,10.24,0.0,0.9872,0.1595,14.7,16.0,16.0,station
2026-03-24,12.9,11.7,13.7,11.8,13.1,12.5,12.4,11.6,12.1,11.5,12.64,0.86,0.62,87,100,11.7,5.86,9.3,0.9898,0.1425,13.5,14.0,14.0,station
2026-03-25,15.7,15.3,15.4,15.1,14.2,17.0,15.6,15.6,15.1,15.0,15.14,0.57,-0.52,84,89,14.7,14.4,0.1,0.9921,0.1255,15.8,16.0,16.0,station
2026-03-26,15.9,14.7,16.7,14.1,15.5,16.1,15.2,16.1,14.9,14.5,15.38,1.02,0.02,82,95,10.4,9.75,0.8,0.9941,0.1084,15.8,16.0,16.0,station
2026-03-27,13.2,14.0,14.3,14.4,15.0,14.2,15.6,13.9,11.9,13.5,14.18,0.66,0.36,79,65,11.9,12.76,2.5,0.9958,0.0913,16.1,18.0,18.0,station
2026-03-28,18.2,17.1,19.4,16.8,17.6,18.0,16.8,18.9,15.8,16.5,17.82,1.03,0.62,66,22,13.8,22.26,0.0,0.9972,0.0741,19.6,21.0,21.0,station
2026-03-29,20.3,17.6,19.2,18.2,14.9,21.1,18.0,18.4,19.9,14.8,18.04,2.03,-0.4,75,84,17.4,18.05,0.0,0.9984,0.057,20.4,18.0,18.0,station
2026-03-30,18.7,18.1,19.2,17.6,18.6,19.1,15.7,15.8,14.1,19.0,18.44,0.61,1.7,91,99,25.3,9.02,12.9,0.9992,0.0398,22.4,22.0,22.0,station
2026-03-31,16.1,14.4,16.3,15.5,14.2,16.7,14.7,15.3,15.2,16.7,15.3,0.96,-0.42,83,84,20.8,11.03,9.5,0.9997,0.0226,17.4,17.0,17.0,station
2026-04-01,17.3,16.8,19.0,17.8,17.5,17.5,17.1,17.3,17.8,17.5,17.68,0.82,0.24,81,53,10.9,18.7,5.9,1.0,0.0054,18.7,20.0,20.0,station
2026-04-02,18.6,18.1,18.7,18.4,19.2,19.5,18.1,20.9,18.6,19.6,18.6,0.41,-0.74,76,48,18.1,21.64,0.0,0.9999,-0.0118,20.5,22.0,22.0,station
2026-04-03,16.1,15.3,14.8,15.2,17.3,15.9,14.8,14.0,15.6,17.3,15.74,0.99,0.22,89,100,26.6,3.6,25.6,0.9996,-0.029,15.9,17.0,17.0,station
2026-04-04,19.2,18.4,18.7,20.8,20.3,18.9,18.3,21.2,20.2,20.1,19.48,1.03,-0.26,83,73,22.4,18.26,1.1,0.9989,-0.0462,20.3,20.0,20.0,station
2026-04-05,22.5,21.0,22.6,22.4,22.0,22.9,19.2,22.3,23.7,21.5,22.1,0.66,0.18,80,58,20.0,22.04,0.0,0.998,-0.0634,23.3,24.0,24.0,station
2026-04-06,22.6,22.5,23.1,19.2,22.6,22.4,21.8,24.5,22.6,23.5,22.0,1.58,-0.96,77,100,21.6,15.05,0.0,0.9968,-0.0805,25.7,27.0,27.0,station
2026-04-07,15.8,14.9,15.2,14.2,16.3,15.5,14.5,14.8,14.2,16.2,15.28,0.81,0.24,59,70,21.9,22.47,0.0,0.9952,-0.0977,15.5,17.0,17.0,station
2026-04-08,16.0,15.4,15.6,15.5,15.6,15.4,15.0,15.5,15.0,15.7,15.62,0.23,0.3,68,90,29.8,19.31,0.0,0.9934,-0.1148,16.4,17.0,17.0,station
2026-04-09,24.0,23.6,25.9,28.2,27.3,27.3,20.9,23.7,24.8,27.5,25.8,2.01,0.96,76,85,29.8,16.88,3.8,0.9913,-0.1319,28.6,29.0,29.0,station
2026-04-10,20.6,19.6,25.3,,23.3,22.3,17.7,24.4,20.6,21.6,22.2,2.59,0.88,85,88,11.9,17.8,6.9,0.9889,-0.1489,22.7,22.0,22.0,station
2026-04-11,17.7,16.0,18.9,,16.3,17.4,17.1,17.5,17.1,17.5,17.23,1.34,-0.09,83,97,19.9,9.84,5.7,0.9861,-0.1659,17.4,18.0,18.0,station
2026-04-12,15.3,15.1,13.7,,16.1,15.4,17.6,14.1,15.3,15.2,15.05,1.0,-0.47,90,100,23.9,3.33,11.3,0.9831,-0.1828,15.5,16.0,16.0,station
2026-04-13,17.5,16.4,15.5,,19.0,17.2,16.8,14.9,16.3,18.7,17.1,1.51,0.32,89,97,13.7,11.8,0.6,0.9799,-0.1997,18.4,17.0,17.0,station
2026-04-14,17.9,17.0,17.0,17.6,17.2,18.3,16.5,17.9,16.8,17.3,17.34,0.4,-0.02,89,100,12.6,9.03,2.8,0.9763,-0.2165,18.4,17.0,17.0,station
2026-04-15,18.9,18.3,18.7,18.0,18.3,18.8,18.2,16.2,18.8,15.6,18.44,0.36,0.92,84,69,14.2,21.51,0.3,0.9724,-0.2333,19.2,18.0,18.0,station
2026-04-16,18.1,17.2,19.3,16.6,17.4,18.1,17.0,17.7,16.7,16.2,17.72,1.03,0.58,82,91,16.1,13.12,6.5,0.9683,-0.25,18.7,19.0,19.0,station
2026-04-17,20.0,18.8,20.4,19.8,18.0,20.1,17.6,21.2,19.4,17.1,19.4,0.98,0.32,86,97,14.3,14.12,0.2,0.9638,-0.2666,20.9,20.0,20.0,station
2026-04-18,18.9,17.7,19.1,18.1,17.8,18.4,17.8,18.3,18.9,16.7,18.32,0.64,0.3,80,42,13.8,19.88,0.2,0.9591,-0.2831,19.8,21.0,21.0,station
2026-04-19,20.5,20.1,21.1,21.5,21.8,19.4,19.7,20.8,20.7,21.1,21.0,0.7,0.66,85,48,19.0,16.79,0.2,0.9541,-0.2996,21.6,21.0,21.0,station
2026-04-20,19.6,17.7,17.5,20.4,18.5,18.5,17.6,18.3,18.9,20.5,18.74,1.24,-0.02,85,91,24.4,13.18,0.7,0.9488,-0.316,20.6,19.0,19.0,station
2026-04-21,15.2,15.1,15.5,15.3,15.4,15.7,15.2,16.8,15.3,15.6,15.3,0.16,-0.42,72,100,18.4,9.36,1.9,0.9432,-0.3322,15.0,16.0,16.0,station
2026-04-22,18.7,16.6,15.7,18.1,19.6,17.3,16.1,15.1,18.2,20.0,17.74,1.58,0.4,93,100,19.1,5.54,32.5,0.9373,-0.3484,18.9,18.0,18.0,station
2026-04-23,15.4,15.2,15.0,14.8,15.3,15.4,15.2,13.5,15.7,14.4,15.14,0.24,0.3,79,100,20.2,4.64,3.4,0.9312,-0.3645,14.9,16.0,16.0,station
2026-04-24,18.2,18.4,17.8,17.9,17.8,18.4,18.2,18.2,17.4,17.6,18.02,0.27,0.06,80,33,11.6,23.66,0.0,0.9248,-0.3804,19.2,20.0,20.0,station
2026-04-25,18.7,19.3,18.9,18.4,18.9,17.9,19.0,18.2,17.4,17.8,18.84,0.33,0.78,76,18,10.8,24.68,0.0,0.9181,-0.3963,19.3,21.0,21.0,station
2026-04-26,20.1,20.3,21.7,20.9,21.7,19.9,20.8,22.3,19.5,20.8,20.94,0.75,0.28,77,16,13.3,25.07,0.0,0.9112,-0.412,21.3,23.0,23.0,station
2026-04-27,25.2,23.1,24.7,25.7,24.5,24.2,23.4,25.2,26.5,24.1,24.64,0.98,-0.04,74,88,12.1,23.24,0.1,0.9039,-0.4276,27.1,29.0,29.0,station
2026-04-28,19.9,20.3,19.6,19.6,19.4,19.8,20.1,19.9,19.9,19.3,19.76,0.35,-0.04,78,100,23.3,4.59,7.9,0.8965,-0.4431,20.6,22.0,22.0,station
2026-04-29,13.2,14.2,11.5,14.5,12.6,13.7,14.0,14.3,15.1,12.3,13.2,1.22,-0.68,86,100,24.3,2.63,32.3,0.8887,-0.4585,12.2,13.0,13.0,station
2026-04-30,17.5,17.3,17.5,18.1,18.0,18.0,17.6,17.7,18.3,17.2,17.68,0.35,-0.08,68,33,16.8,22.6,0.0,0.8807,-0.4737,17.7,19.0,19.0,station
2026-05-01,22.6,22.1,23.9,23.6,23.2,22.7,22.1,23.5,23.8,23.1,23.08,0.73,0.04,65,49,13.1,25.61,0.0,0.8724,-0.4888,23.1,25.0,25.0,station
2026-05-02,21.7,20.9,22.2,22.4,21.7,23.0,20.7,21.7,22.8,21.9,21.78,0.58,-0.24,77,95,25.3,19.0,0.9,0.8639,-0.5037,23.0,24.0,24.0,station
2026-05-03,21.5,20.6,21.3,22.5,23.3,22.7,20.4,20.3,20.6,21.7,21.84,1.06,0.7,81,100,24.3,11.53,11.1,0.8551,-0.5185,21.1,22.0,22.0,station
2026-05-04,23.1,21.5,23.2,23.7,23.1,22.5,21.6,23.0,23.5,20.9,22.92,0.83,0.62,74,83,10.5,21.15,0.0,0.846,-0.5331,23.0,24.0,24.0,station
2026-05-05,23.1,22.5,23.2,22.9,23.0,23.3,22.4,22.7,23.9,24.0,22.94,0.27,-0.32,68,28,19.3,25.59,0.0,0.8367,-0.5476,24.6,27.0,27.0,station
2026-05-06,22.6,21.8,22.8,21.6,21.7,22.0,21.4,22.8,21.1,21.4,22.1,0.56,0.36,72,18,19.0,26.32,0.0,0.8272,-0.5619,23.6,25.0,25.0,station
2026-05-07,26.6,24.8,29.2,27.4,25.4,26.0,24.9,29.4,26.6,24.5,26.68,1.74,0.4,77,74,23.8,18.27,0.3,0.8174,-0.5761,27.4,29.0,29.0,station
2026-05-08,19.5,19.2,19.3,18.2,17.6,20.2,19.5,20.2,19.4,17.7,18.76,0.82,-0.64,57,95,25.0,11.2,0.0,0.8074,-0.59,18.3,19.0,19.0,station
2026-05-09,21.6,20.8,21.7,21.0,20.2,21.7,20.9,22.0,20.3,19.1,21.06,0.61,0.26,53,38,15.7,26.96,0.0,0.7971,-0.6038,21.7,23.0,23.0,station
2026-05-10,23.1,21.4,22.2,21.4,21.4,22.8,20.8,22.2,21.6,20.7,21.9,0.75,0.28,67,48,19.5,26.39,0.0,0.7866,-0.6175,23.4,24.0,24.0,station
2026-05-11,26.0,23.7,26.1,24.8,24.2,27.2,23.9,25.3,23.6,24.0,24.96,1.07,0.16,82,60,17.6,24.85,0.0,0.7759,-0.6309,26.7,29.0,29.0,station
2026-05-12,27.8,25.1,29.5,24.2,25.7,27.6,25.1,29.5,23.8,27.8,26.46,2.15,-0.3,85,76,14.4,22.44,0.0,0.7649,-0.6442,28.4,28.0,28.0,station
2026-05-13,23.8,23.5,27.7,24.3,24.0,23.3,22.8,25.9,24.1,22.9,24.66,1.72,0.86,87,87,16.5,19.74,0.0,0.7537,-0.6572,24.4,26.0,26.0,station
2026-05-14,24.6,22.5,25.1,21.9,21.4,23.7,22.9,25.8,21.8,22.8,23.1,1.65,-0.3,86,96,18.9,15.63,0.3,0.7423,-0.6701,24.8,24.0,24.0,station
2026-05-15,23.3,23.4,23.9,22.1,22.4,23.1,23.5,23.7,22.4,22.7,23.02,0.75,-0.06,82,46,20.0,26.16,0.0,0.7306,-0.6828,23.9,24.0,24.0,station
2026-05-16,23.9,24.1,24.9,22.2,23.4,24.3,24.4,24.9,22.3,23.2,23.7,1.0,-0.12,80,0,22.1,27.55,0.0,0.7188,-0.6952,25.0,26.0,26.0,station
2026-05-17,25.7,24.7,26.2,22.8,24.2,25.3,24.5,26.0,23.0,24.0,24.72,1.33,0.16,74,11,24.2,27.89,0.0,0.7067,-0.7075,26.6,27.0,27.0,station
2026-05-18,25.7,25.0,26.2,24.1,24.5,25.9,24.9,26.2,23.4,24.6,25.1,0.86,0.1,72,78,25.6,26.56,0.0,0.6945,-0.7195,26.7,27.0,27.0,station
2026-05-19,26.6,24.9,25.1,24.3,25.5,26.0,25.1,22.0,24.5,26.0,25.28,0.86,0.56,72,93,22.7,15.72,0.8,0.682,-0.7314,28.0,28.0,28.0,station
2026-05-20,29.1,25.8,26.0,26.8,25.9,26.3,24.3,25.0,24.3,25.4,26.72,1.39,1.66,88,96,17.7,13.98,23.1,0.6693,-0.743,29.8,27.0,27.0,station
2026-05-21,25.6,24.1,25.8,25.7,24.4,26.1,24.5,25.6,24.9,23.3,25.12,0.8,0.24,80,74,16.2,18.05,0.0,0.6564,-0.7544,25.9,25.0,25.0,station
2026-05-22,21.9,22.5,23.5,22.6,22.3,22.5,22.4,23.9,23.2,22.6,22.56,0.59,-0.36,81,37,16.3,25.19,0.0,0.6433,-0.7656,22.6,23.0,23.0,station
2026-05-23,27.1,26.1,27.0,28.0,27.5,25.0,25.4,28.6,25.5,25.9,27.14,0.7,1.06,87,70,15.5,21.77,1.7,0.6301,-0.7765,29.0,31.0,31.0,station
2026-05-24,24.1,23.7,23.5,23.8,23.4,24.9,24.2,25.0,23.8,25.6,23.7,0.27,-1.0,95,100,22.1,9.17,13.9,0.6166,-0.7873,24.9,23.0,23.0,station
2026-05-25,30.2,26.4,30.2,28.5,24.2,28.4,26.3,29.9,27.0,24.5,27.9,2.59,0.68,95,92,12.8,19.28,5.1,0.603,-0.7978,26.8,28.0,28.0,station
2026-05-26,29.7,28.0,29.4,28.6,26.2,25.9,26.5,28.3,28.4,26.9,28.38,1.39,1.18,91,80,18.9,13.46,12.7,0.5892,-0.808,29.8,30.0,30.0,station
2026-05-27,26.9,25.8,28.3,26.2,27.6,27.7,26.2,28.9,28.2,27.0,26.96,1.02,-0.64,82,89,16.8,16.83,0.4,0.5752,-0.818,28.1,30.0,30.0,station
2026-05-28,26.1,26.1,28.2,26.8,26.0,27.7,25.9,29.0,27.6,26.0,26.64,0.93,-0.6,87,66,11.4,16.58,1.6,0.561,-0.8278,26.4,28.0,28.0,station
2026-05-29,25.3,25.1,24.8,23.4,24.4,25.6,25.0,26.3,26.1,25.1,24.6,0.75,-1.02,67,17,13.2,25.36,0.0,0.5467,-0.8373,25.9,27.0,27.0,station
2026-05-30,25.5,25.8,26.7,26.2,24.5,25.5,25.6,26.5,24.8,25.2,25.74,0.83,0.22,61,46,9.5,21.16,0.0,0.5322,-0.8466,27.2,28.0,28.0,station
2026-05-31,25.9,26.5,26.7,26.4,25.0,25.5,26.1,26.6,26.3,25.5,26.1,0.68,0.1,58,8,14.8,29.64,0.0,0.5176,-0.8556,27.0,28.0,28.0,station
2026-06-01,26.0,26.6,26.8,26.4,25.8,26.2,26.6,27.0,26.0,25.3,26.32,0.41,0.1,80,37,14.0,27.17,0.0,0.5028,-0.8644,27.0,28.0,28.0,station
2026-06-02,28.6,27.9,27.8,29.2,26.7,29.2,27.8,26.2,29.2,26.9,28.04,0.94,0.18,79,37,16.7,25.57,0.0,0.4878,-0.8729,30.8,31.0,31.0,station
2026-06-03,29.2,26.6,30.9,30.2,26.6,30.2,27.8,30.5,30.0,26.8,28.7,2.01,-0.36,87,76,13.0,17.67,19.8,0.4728,-0.8812,31.1,31.0,31.0,station
2026-06-04,26.9,25.8,29.0,28.4,24.4,27.9,27.1,26.3,29.5,27.4,26.9,1.88,-0.74,87,89,14.3,15.99,20.1,0.4575,-0.8892,28.0,28.0,28.0,station
2026-06-05,25.0,25.3,25.6,25.3,,25.8,25.2,25.4,25.6,23.9,25.3,0.24,0.12,81,75,17.4,23.41,0.2,0.4422,-0.8969,24.6,26.0,26.0,station
2026-06-06,24.1,24.5,23.9,24.8,,24.0,25.3,26.0,25.1,24.4,24.32,0.4,-0.64,72,62,18.5,21.61,0.4,0.4267,-0.9044,25.1,26.0,26.0,station
2026-06-07,25.7,25.4,26.6,25.2,,24.7,26.2,25.7,26.1,25.0,25.73,0.62,0.19,77,41,17.4,24.33,0.0,0.4111,-0.9116,26.7,27.0,27.0,station
2026-06-08,23.0,22.5,21.9,22.1,,24.9,23.0,21.6,22.3,23.8,22.38,0.49,-0.74,71,99,20.9,9.96,0.3,0.3953,-0.9185,23.5,23.0,23.0,station
2026-06-09,23.5,23.3,23.8,24.0,,23.5,23.4,24.5,22.9,22.8,23.65,0.31,0.23,70,56,12.0,18.24,0.9,0.3795,-0.9252,24.1,25.0,25.0,station
2026-06-10,25.8,26.1,27.3,26.0,25.4,27.2,26.8,27.3,25.9,25.5,26.12,0.71,-0.42,71,17,13.5,29.15,0.0,0.3635,-0.9316,26.6,28.0,28.0,station
2026-06-11,29.0,28.0,30.5,29.1,28.0,28.6,27.8,31.3,28.9,27.4,28.92,1.03,0.12,66,72,14.2,26.82,0.0,0.3474,-0.9377,30.3,32.0,32.0,station
2026-06-12,31.4,29.3,30.7,29.3,27.5,29.5,28.8,30.5,29.0,27.2,29.64,1.5,0.64,57,81,16.6,20.4,0.0,0.3312,-0.9436,31.7,30.0,30.0,station
2026-06-13,26.2,24.9,23.9,23.9,25.4,28.4,25.7,23.4,23.6,25.4,24.86,0.99,-0.44,76,100,21.8,8.09,5.5,0.3149,-0.9491,26.3,28.0,28.0,station
2026-06-14,22.9,23.7,22.9,23.5,25.5,23.5,24.0,22.2,22.8,22.0,23.7,1.07,0.8,89,100,24.5,6.94,14.0,0.2986,-0.9544,23.5,22.0,22.0,station
2026-06-15,24.3,24.3,26.1,25.7,23.5,24.3,24.7,24.9,25.7,24.0,24.78,1.08,0.06,89,99,20.7,15.2,3.9,0.2821,-0.9594,24.3,24.0,24.0,station
2026-06-16,26.3,25.1,27.1,25.8,25.1,25.0,24.8,25.2,26.3,24.4,25.88,0.85,0.74,85,100,18.9,13.29,2.4,0.2656,-0.9641,26.1,25.0,25.0,station
2026-06-17,27.7,26.8,28.5,27.7,27.9,27.5,26.7,27.7,27.7,27.1,27.72,0.61,0.38,88,81,13.8,19.17,0.3,0.2489,-0.9685,27.9,29.0,29.0,station
2026-06-18,26.9,26.6,28.3,26.5,27.3,27.7,26.6,28.3,27.5,28.4,27.12,0.73,-0.58,89,88,13.6,19.84,6.2,0.2322,-0.9727,27.4,28.0,28.0,station
2026-06-19,29.6,28.6,28.6,29.1,29.5,27.6,28.5,29.0,27.3,27.9,29.08,0.48,1.02,89,99,22.3,9.35,12.7,0.2155,-0.9765,30.4,31.0,31.0,station
2026-06-20,28.1,27.8,29.4,30.5,28.3,29.1,28.4,30.7,28.1,27.7,28.82,1.12,0.02,89,78,22.0,15.93,9.2,0.1986,-0.9801,28.4,28.0,28.0,station
2026-06-21,24.4,25.5,26.3,24.8,26.6,26.4,25.1,27.1,25.8,25.0,25.52,0.94,-0.36,89,91,14.4,18.07,12.7,0.1818,-0.9833,26.4,27.0,27.0,station
2026-06-22,25.3,25.4,24.1,26.1,24.5,24.5,25.2,25.0,23.8,24.6,25.08,0.79,0.46,93,99,26.4,7.53,28.0,0.1648,-0.9863,24.9,24.0,24.0,station
2026-06-23,23.6,23.5,23.9,25.4,25.5,23.2,24.2,22.3,25.3,24.8,24.38,0.99,0.42,93,100,15.1,8.78,18.4,0.1478,-0.989,24.1,24.0,24.0,station
2026-06-24,24.6,22.9,24.0,24.2,24.3,24.0,23.2,25.1,24.5,26.0,24.0,0.65,-0.56,89,100,17.5,11.31,29.4,0.1308,-0.9914,24.6,24.0,24.0,station
2026-06-25,24.8,23.9,25.2,24.1,23.8,24.3,23.7,26.7,25.5,23.7,24.36,0.61,-0.42,83,83,16.3,16.84,0.5,0.1137,-0.9935,24.9,25.0,25.0,station
2026-06-26,26.6,26.2,26.1,25.4,25.8,27.2,26.2,26.2,25.1,25.6,26.02,0.45,-0.04,83,31,10.6,27.85,0.0,0.0966,-0.9953,26.2,27.0,27.0,station
2026-06-27,25.3,26.0,26.5,25.5,26.4,24.6,25.8,25.8,25.4,26.0,25.94,0.53,0.42,83,48,14.6,24.24,1.0,0.0795,-0.9968,25.9,27.0,27.0,station
2026-06-28,27.5,27.7,28.7,27.8,27.7,26.5,27.4,28.1,27.6,27.7,27.88,0.47,0.42,79,18,18.1,27.28,0.9,0.0623,-0.9981,28.4,30.0,30.0,station
2026-06-29,26.4,26.6,25.9,26.2,24.9,26.1,26.9,26.6,27.4,25.1,26.0,0.67,-0.42,84,91,18.3,16.07,1.9,0.0451,-0.999,27.6,27.0,27.0,station
2026-06-30,26.3,25.8,26.0,26.1,24.2,25.4,25.7,27.9,25.6,24.8,25.68,0.85,-0.2,95,100,18.0,7.07,23.7,0.028,-0.9996,26.8,27.0,27.0,station
2026-07-01,25.3,25.4,24.3,25.2,24.9,24.8,25.5,24.3,25.7,25.0,25.02,0.44,-0.04,93,99,12.1,6.6,35.5,0.0108,-0.9999,25.8,26.0,26.0,station
2026-07-02,26.6,26.9,28.2,25.1,25.9,27.3,26.4,27.9,26.8,26.4,26.54,1.16,-0.42,92,99,13.1,13.22,18.4,-0.0065,-1.0,27.8,30.0,30.0,station
2026-07-03,27.4,29.1,31.5,29.5,28.4,27.5,28.7,29.9,31.5,28.6,29.18,1.52,-0.06,90,96,12.8,18.3,14.6,-0.0237,-0.9997,32.1,33.0,33.0,station
2026-07-04,31.1,29.2,32.5,32.1,30.3,31.6,30.5,34.4,33.3,32.4,31.04,1.34,-1.4,89,93,12.4,17.58,9.2,-0.0408,-0.9992,32.4,33.0,33.0,station
2026-07-05,29.9,27.9,27.0,29.0,28.4,30.7,28.5,27.5,28.5,30.2,28.44,1.1,-0.64,88,95,23.1,13.71,18.4,-0.058,-0.9983,29.9,31.0,31.0,station
2026-07-06,32.2,31.4,33.9,33.0,32.0,31.9,30.3,32.5,32.8,31.3,32.5,0.97,0.74,78,71,16.3,23.16,1.0,-0.0752,-0.9972,33.6,36.0,36.0,station
2026-07-07,32.4,32.1,32.7,33.7,31.8,32.6,32.0,32.3,33.2,30.8,32.54,0.73,0.36,79,69,20.0,26.06,0.0,-0.0923,-0.9957,33.5,34.0,34.0,station
2026-07-08,31.9,31.9,34.7,35.9,32.3,32.3,31.4,33.8,35.4,32.2,33.34,1.85,0.32,74,73,15.6,22.36,1.8,-0.1094,-0.994,34.4,36.0,36.0,station
2026-07-09,30.4,30.2,30.6,30.7,30.0,30.3,30.5,30.4,30.2,29.8,30.38,0.29,0.14,88,90,18.7,11.06,11.2,-0.1265,-0.992,29.9,29.0,29.0,station
2026-07-10,29.3,30.3,30.6,30.2,30.1,30.0,30.7,30.5,30.0,30.0,30.1,0.48,-0.14,83,55,20.8,24.47,0.0,-0.1436,-0.9896,30.6,32.0,32.0,station
2026-07-11,29.5,30.3,28.6,30.0,29.0,29.8,30.2,28.5,30.0,28.6,29.48,0.7,0.06,81,80,53.1,23.59,4.0,-0.1606,-0.987,30.3,31.0,31.0,station
2026-07-12,30.5,29.4,28.8,30.8,28.5,29.3,28.5,29.1,30.7,28.1,29.6,1.02,0.46,83,94,54.9,19.67,7.0,-0.1775,-0.9841,30.3,31.0,31.0,station
2026-07-13,31.6,31.1,30.9,32.6,32.4,32.2,30.7,30.3,32.4,31.2,31.72,0.76,0.36,78,90,33.7,24.93,0.4,-0.1944,-0.9809,32.7,33.0,33.0,station
2026-07-14,33.8,33.1,33.1,34.4,34.1,33.9,33.2,33.9,35.9,34.1,33.7,0.59,-0.5,74,98,24.6,24.36,0.0,-0.2113,-0.9774,35.0,36.0,36.0,station
2026-07-15,35.4,34.4,36.0,37.5,35.4,35.6,34.2,35.7,37.0,34.5,35.74,1.14,0.34,67,33,15.1,26.46,1.1,-0.2281,-0.9736,37.6,39.0,39.0,station
2026-07-16,35.9,34.7,34.8,38.0,34.6,35.6,34.3,31.6,37.9,35.2,35.6,1.44,0.68,64,81,13.0,23.77,1.7,-0.2448,-0.9696,38.0,38.0,38.0,station
2026-07-17,35.7,35.1,36.6,37.5,34.8,35.2,34.5,37.1,37.8,35.1,35.94,1.11,0.0,65,74,12.8,24.26,3.1,-0.2614,-0.9652,37.6,39.0,39.0,station
2026-07-18,33.8,33.1,33.7,36.6,34.0,35.5,33.4,34.2,37.4,34.8,34.24,1.36,-0.82,68,98,15.6,21.2,18.0,-0.278,-0.9606,36.2,37.0,37.0,station
2026-07-19,31.1,30.8,30.5,31.4,30.7,30.6,30.6,30.2,30.5,30.9,30.9,0.35,0.34,87,79,11.4,20.79,7.9,-0.2945,-0.9557,32.1,33.0,33.0,station
2026-07-20,32.2,31.6,33.0,32.9,30.2,32.8,31.1,32.0,31.6,31.6,31.98,1.15,0.16,86,93,13.4,18.66,7.3,-0.3109,-0.9505,32.7,35.0,35.0,station
2026-07-21,31.5,30.3,31.8,32.3,31.0,29.7,30.6,29.6,31.0,32.2,31.38,0.77,0.76,87,95,11.3,19.49,12.9,-0.3272,-0.945,33.3,33.0,33.0,station
2026-07-22,33.6,31.9,31.6,33.6,31.1,32.2,31.5,29.7,33.5,32.0,32.36,1.17,0.58,81,83,15.0,21.53,5.9,-0.3434,-0.9392,33.7,35.0,35.0,station
2026-07-23,33.8,32.9,32.7,34.7,33.5,33.6,32.8,32.3,34.3,33.0,33.52,0.79,0.32,74,24,20.2,25.99,0.0,-0.3595,-0.9332,35.8,35.0,35.0,station
2026-07-24,34.7,33.1,32.5,34.4,32.8,34.4,33.0,32.4,33.3,33.2,33.5,0.99,0.24,64,1,20.7,26.92,0.5,-0.3755,-0.9268,37.5,36.0,36.0,station
2026-07-25,34.2,32.9,32.3,33.1,32.3,34.2,32.8,32.3,33.1,32.0,32.96,0.78,0.08,70,18,22.6,26.32,0.0,-0.3914,-0.9202,35.9,35.0,35.0,station
2026-07-26,34.9,33.3,31.4,32.7,32.3,34.7,33.1,32.0,32.8,32.2,32.92,1.3,-0.04,67,70,20.4,25.2,0.0,-0.4071,-0.9134,36.0,34.0,34.0,station
2026-07-27,33.5,32.1,31.2,32.0,30.6,33.3,32.0,31.4,31.3,30.7,31.88,1.09,0.14,70,100,19.6,19.62,0.2,-0.4228,-0.9062,34.2,34.0,34.0,station
2026-07-28,32.1,32.0,30.6,30.7,30.6,33.1,32.2,30.6,31.8,30.9,31.2,0.78,-0.52,69,95,19.2,22.43,0.1,-0.4383,-0.8988,34.0,,,
