datum,p1_ifs,p1_aifs,p1_gfs,p1_icon,p1_gem,p2_ifs,p2_aifs,p2_gfs,p2_icon,p2_gem,mm_gem,mm_spreiding,run2run,rh_gem,bewolking_gem,wind_max,instraling_som,neerslag_som,doy_sin,doy_cos,era5_max,station_max,doel,doelbron
2023-11-01,,,23.2,,,,,23.5,,,,,,85,44,9.7,10.61,0.0,-0.8606,0.5093,23.7,22.0,22.0,station
2023-11-02,,,20.6,,,,,20.9,,,,,,93,86,8.9,3.3,5.1,-0.8517,0.524,20.0,20.0,20.0,station
2023-11-03,,,23.2,,,,,22.4,,,,,,83,99,14.1,3.8,1.1,-0.8426,0.5386,18.9,22.0,22.0,station
2023-11-04,,,21.6,,,,,21.4,,,,,,83,63,11.7,9.1,1.8,-0.8332,0.553,20.0,21.0,21.0,station
2023-11-05,,,24.4,,,,,24.0,,,,,,69,43,18.7,12.6,0.1,-0.8235,0.5672,23.7,25.0,25.0,station
2023-11-06,,,21.3,,,,,21.5,,,,,,53,39,13.8,13.26,0.0,-0.8137,0.5813,20.6,22.0,22.0,station
2023-11-07,,,21.5,,,,,20.9,,,,,,77,54,9.8,10.74,0.0,-0.8035,0.5952,21.5,22.0,22.0,station
2023-11-08,,,20.1,,,,,18.4,,,,,,82,82,10.5,7.93,0.6,-0.7932,0.609,20.6,20.0,20.0,station
2023-11-09,,,22.7,,,,,22.8,,,,,,84,51,7.9,12.1,0.0,-0.7826,0.6225,22.8,24.0,24.0,station
2023-11-10,,,19.8,,,,,22.4,,,,,,85,81,11.8,7.6,2.2,-0.7718,0.6359,21.7,22.0,22.0,station
2023-11-11,,,17.9,,,,,19.1,,,,,,89,98,21.7,2.34,11.2,-0.7607,0.6491,16.3,19.0,19.0,station
2023-11-12,,,13.1,,,,,12.5,,,,,,76,100,22.5,3.37,14.6,-0.7494,0.6621,11.9,12.0,12.0,station
2023-11-13,,,13.7,,,,,14.1,,,,,,72,60,10.1,9.78,0.2,-0.7379,0.6749,13.2,13.0,13.0,station
2023-11-14,,,11.0,,,,,11.3,,,,,,78,93,9.2,5.68,0.0,-0.7262,0.6875,13.6,11.0,11.0,station
2023-11-15,,,14.5,,,,,14.3,,,,,,77,84,9.7,9.0,0.4,-0.7143,0.6998,15.9,15.0,15.0,station
2023-11-16,,,15.2,,,,,15.2,,,,,,57,75,11.7,12.41,0.0,-0.7021,0.712,16.0,17.0,17.0,station
2023-11-17,,,15.2,,,,,15.6,,,,,,74,100,6.6,10.65,0.0,-0.6898,0.724,15.6,16.0,16.0,station
2023-11-18,,,15.1,,,,,15.2,,,,,,85,100,7.4,5.89,0.1,-0.6772,0.7358,14.3,15.0,15.0,station
2023-11-19,,,17.4,,,,,16.7,,,,,,89,84,10.5,6.94,0.1,-0.6645,0.7473,15.4,17.0,17.0,station
2023-11-20,,,15.7,,,,,15.6,,,,,,87,66,6.5,6.62,0.0,-0.6515,0.7586,16.4,15.0,15.0,station
2023-11-21,,,16.2,,,,,15.7,,,,,,83,88,11.5,5.85,0.0,-0.6384,0.7697,16.7,15.0,15.0,station
2023-11-22,,,19.0,,,,,19.4,,,,,,81,85,7.1,8.94,0.0,-0.625,0.7806,18.5,21.0,21.0,station
2023-11-23,,,16.0,,,,,15.9,,,,,,82,36,16.5,10.96,0.0,-0.6115,0.7912,19.6,19.0,19.0,station
2023-11-24,,,17.3,,,,,17.7,,,,,,87,80,8.2,5.85,0.0,-0.5978,0.8016,18.0,16.0,16.0,station
2023-11-25,,,15.1,,,,,15.6,,,,,,82,94,22.9,6.21,0.4,-0.584,0.8118,17.6,17.0,17.0,station
2023-11-26,,,19.3,,,,,20.1,,,,,,74,10,12.2,11.65,0.3,-0.5699,0.8217,19.2,22.0,22.0,station
2023-11-27,,,15.6,,,,,16.1,,,,,,87,48,12.6,4.85,0.1,-0.5557,0.8314,16.2,19.0,19.0,station
2023-11-28,,,19.1,,,,,16.5,,,,,,84,63,10.5,9.28,0.0,-0.5413,0.8408,17.6,19.0,19.0,station
2023-11-29,,,15.7,,,,,18.0,,,,,,70,69,12.6,7.4,0.0,-0.5268,0.85,17.6,19.0,19.0,station
2023-11-30,,,14.5,,,,,16.3,,,,,,66,95,16.7,7.59,0.0,-0.5121,0.859,15.5,15.0,15.0,station
2023-12-01,,,13.7,,,,,14.8,,,,,,71,96,9.2,7.08,0.2,-0.4972,0.8676,13.5,12.0,12.0,station
2023-12-02,,,14.2,,,,,12.7,,,,,,78,87,5.6,6.4,0.0,-0.4822,0.8761,12.6,12.0,12.0,station
2023-12-03,,,14.5,,,,,14.6,,,,,,83,60,8.1,7.68,0.6,-0.4671,0.8842,14.1,14.0,14.0,station
2023-12-04,,,16.5,,,,,16.5,,,,,,87,59,8.1,10.2,0.1,-0.4518,0.8921,15.8,17.0,17.0,station
2023-12-05,,,15.4,,,,,16.1,,,,,,87,97,11.8,2.37,0.3,-0.4364,0.8998,13.0,13.0,13.0,station
2023-12-06,,,18.3,,,,,18.6,,,,,,82,46,8.1,10.23,0.0,-0.4208,0.9071,16.5,18.0,18.0,station
2023-12-07,,,17.3,,,,,17.6,,,,,,88,55,8.5,6.74,0.1,-0.4052,0.9142,14.0,16.0,16.0,station
2023-12-08,,,17.6,,,,,18.1,,,,,,88,96,9.0,5.99,0.0,-0.3894,0.9211,15.0,16.0,16.0,station
2023-12-09,,,18.8,,,,,18.7,,,,,,88,76,6.8,6.9,0.0,-0.3735,0.9276,15.5,16.0,16.0,station
2023-12-10,,,15.7,,,,,16.2,,,,,,82,99,11.4,3.98,0.0,-0.3575,0.9339,15.9,15.0,15.0,station
2023-12-11,,,17.4,,,,,14.8,,,,,,66,67,10.8,8.96,0.0,-0.3413,0.9399,17.4,19.0,19.0,station
2023-12-12,,,15.1,,,,,15.2,,,,,,72,62,9.6,7.91,0.0,-0.3251,0.9457,14.9,16.0,16.0,station
2023-12-13,,,15.8,,,,,15.4,,,,,,76,59,12.3,7.0,0.0,-0.3088,0.9511,14.9,15.0,15.0,station
2023-12-14,,,18.1,,,,,16.9,,,,,,73,70,21.5,7.56,0.0,-0.2924,0.9563,15.7,17.0,17.0,station
2023-12-15,,,13.6,,,,,13.7,,,,,,33,100,22.5,2.41,0.4,-0.2759,0.9612,9.3,12.0,12.0,station
2023-12-16,,,6.7,,,,,6.7,,,,,,32,88,12.1,7.01,0.1,-0.2593,0.9658,6.4,5.0,5.0,station
2023-12-17,,,7.1,,,,,6.4,,,,,,56,51,12.9,8.8,0.0,-0.2427,0.9701,6.3,4.0,4.0,station
2023-12-18,,,9.3,,,,,9.5,,,,,,67,50,10.6,8.62,0.0,-0.226,0.9741,7.7,9.0,9.0,station
2023-12-19,,,10.2,,,,,10.5,,,,,,71,39,10.6,9.81,0.0,-0.2092,0.9779,9.8,10.0,10.0,station
2023-12-20,,,10.3,,,,,10.3,,,,,,71,48,11.0,8.37,0.0,-0.1923,0.9813,9.2,9.0,9.0,station
2023-12-21,,,10.8,,,,,10.2,,,,,,69,97,9.2,7.23,0.0,-0.1754,0.9845,9.7,10.0,10.0,station
2023-12-22,,,10.2,,,,,10.8,,,,,,79,77,15.1,6.01,0.0,-0.1585,0.9874,9.1,9.0,9.0,station
2023-12-23,,,9.4,,,,,10.0,,,,,,78,58,12.5,7.24,0.0,-0.1414,0.9899,9.2,9.0,9.0,station
2023-12-24,,,11.7,,,,,12.1,,,,,,82,30,9.1,9.92,0.0,-0.1244,0.9922,10.6,12.0,12.0,station
2023-12-25,,,11.4,,,,,11.5,,,,,,76,53,12.9,8.86,0.0,-0.1073,0.9942,10.8,10.0,10.0,station
2023-12-26,,,13.9,,,,,13.7,,,,,,81,19,8.7,10.55,0.0,-0.0902,0.9959,12.9,14.0,14.0,station
2023-12-27,,,13.8,,,,,14.1,,,,,,84,41,9.7,9.0,0.0,-0.073,0.9973,12.7,13.0,13.0,station
2023-12-28,,,12.1,,,,,11.8,,,,,,76,96,9.4,4.43,0.0,-0.0559,0.9984,12.2,11.0,11.0,station
2023-12-29,,,16.2,,,,,15.8,,,,,,73,49,7.6,10.0,0.0,-0.0387,0.9993,15.3,16.0,16.0,station
2023-12-30,,,,,,,,,,,,,,85,62,10.7,8.91,0.0,-0.0215,0.9998,13.1,15.0,15.0,station
2023-12-31,,,,,,,,,,,,,,87,100,7.0,2.32,0.3,-0.0043,1.0,10.5,,,
2024-01-01,,,,,,,,,,,,,,89,100,6.1,2.36,0.4,0.0172,0.9999,11.0,11.0,11.0,station
2024-01-02,,,,,,,,,,,,,,87,83,8.7,9.32,0.0,0.0344,0.9994,13.5,14.0,14.0,station
2024-01-03,,,,,,,,,,,,,,79,67,9.8,10.22,0.0,0.0516,0.9987,14.9,16.0,16.0,station
2024-01-04,,,,,,,,,,,,,,91,80,10.3,2.84,0.5,0.0688,0.9976,10.8,10.0,10.0,station
2024-01-05,,,,,,,,,,,,,,82,97,6.9,4.03,0.0,0.0859,0.9963,12.6,11.0,11.0,station
2024-01-06,,,,,,,,,,,,,,77,73,12.3,9.68,0.0,0.103,0.9947,15.4,15.0,15.0,station
2024-01-07,,,,,,,,,,,,,,68,87,8.2,7.25,0.0,0.1201,0.9928,15.1,15.0,15.0,station
2024-01-08,,,,,,,,,,,,,,86,86,9.9,7.55,0.1,0.1372,0.9905,14.5,15.0,15.0,station
2024-01-09,,,,,,,,,,,,,,79,30,14.8,10.84,1.3,0.1542,0.988,15.9,17.0,17.0,station
2024-01-10,,,,,,,,,,,,,,81,26,7.8,10.58,0.0,0.1712,0.9852,15.5,15.0,15.0,station
2024-01-11,,,,,,,,,,,,,,87,60,8.5,8.07,0.0,0.1881,0.9821,14.5,15.0,15.0,station
2024-01-12,,,,,,,,,,,,,,87,69,7.4,8.93,0.0,0.205,0.9788,15.5,15.0,15.0,station
2024-01-13,,,,,,,,,,,,,,84,75,8.6,5.1,0.1,0.2218,0.9751,14.6,14.0,14.0,station
2024-01-14,,,,,,,,,,,,,,80,98,11.6,5.64,0.6,0.2385,0.9711,15.9,16.0,16.0,station
2024-01-15,,,,,,,,,,,,,,72,83,14.1,7.38,0.0,0.2552,0.9669,16.5,16.0,16.0,station
2024-01-16,,,,,,,,,,,,,,71,84,13.4,6.21,0.0,0.2718,0.9624,14.4,14.0,14.0,station
2024-01-17,,,,,,,,,,,,,,77,68,9.3,7.8,0.0,0.2883,0.9575,13.4,13.0,13.0,station
2024-01-18,,,,,,,,,,,,,,73,91,8.3,9.02,0.1,0.3047,0.9524,15.5,14.0,14.0,station
2024-01-19,,,,,,,,,,,,,,74,90,11.4,7.89,0.1,0.3211,0.9471,13.8,13.0,13.0,station
2024-01-20,,,11.3,11.3,11.4,,,,,,,,,73,96,12.3,6.32,2.0,0.3373,0.9414,12.1,11.0,11.0,station
2024-01-21,,,8.2,8.7,7.7,,,7.8,8.3,6.9,,,,83,100,26.8,1.82,9.7,0.3534,0.9355,8.2,9.0,9.0,station
2024-01-22,,,8.8,7.6,4.2,,,9.1,6.9,4.7,,,,61,86,17.4,10.35,1.6,0.3695,0.9292,7.0,6.0,6.0,station
2024-01-23,,,4.6,5.7,3.2,,,5.8,6.5,2.5,,,,80,100,15.6,2.84,1.2,0.3854,0.9227,3.8,4.0,4.0,station
2024-01-24,,,6.1,4.6,2.7,,,7.0,4.2,3.1,,,,84,99,13.3,3.56,3.8,0.4012,0.916,4.1,3.0,3.0,station
2024-01-25,,,8.0,5.9,4.4,,,8.8,6.8,4.0,,,,83,83,9.9,7.39,0.3,0.4169,0.9089,6.3,6.0,6.0,station
2024-01-26,,,9.1,8.7,8.1,,,9.9,8.9,7.6,,,,78,58,11.3,9.92,0.0,0.4325,0.9016,8.6,8.0,8.0,station
2024-01-27,,,10.6,9.9,9.0,,,10.9,9.8,8.9,,,,80,81,7.2,8.75,0.1,0.4479,0.8941,8.8,10.0,10.0,station
2024-01-28,,,11.0,9.3,9.1,,,11.1,9.5,8.3,,,,76,67,7.8,8.1,0.0,0.4633,0.8862,9.5,9.0,9.0,station
2024-01-29,,,9.7,9.9,8.6,,,11.0,10.3,7.7,,,,76,91,8.7,7.4,0.5,0.4784,0.8781,10.1,8.0,8.0,station
2024-01-30,,,10.3,10.5,9.5,,,11.3,9.9,8.4,,,,73,99,9.4,4.73,0.0,0.4935,0.8698,9.1,7.0,7.0,station
2024-01-31,,,13.0,12.1,9.8,,,13.3,13.2,10.4,,,,77,100,10.2,5.19,0.0,0.5084,0.8611,10.3,10.0,10.0,station
2024-02-01,,,13.6,12.7,12.1,,,14.4,13.3,12.1,,,,73,64,9.2,10.3,0.0,0.5231,0.8523,13.2,14.0,14.0,station
2024-02-02,,,11.1,10.9,10.2,,,12.1,10.9,8.1,,,,84,100,14.7,2.92,1.5,0.5377,0.8432,9.6,9.0,9.0,station
2024-02-03,,,11.9,10.6,7.0,,,11.5,11.2,7.6,,,,79,100,12.7,2.83,3.5,0.5521,0.8338,7.4,9.0,9.0,station
2024-02-04,9.6,,10.9,11.1,9.0,,,10.3,11.7,8.8,10.15,1.01,,78,82,11.8,9.76,1.4,0.5664,0.8242,10.0,8.0,8.0,station
2024-02-05,9.3,,9.5,9.2,8.7,7.4,,10.3,9.0,7.6,9.18,0.34,0.6,79,100,12.6,4.0,0.9,0.5805,0.8143,8.6,7.0,7.0,station
2024-02-06,9.7,,8.7,8.7,8.7,8.4,,10.3,9.7,7.4,8.95,0.5,0.0,77,98,15.8,7.05,0.0,0.5944,0.8042,10.6,9.0,9.0,station
2024-02-07,9.8,,9.7,9.6,8.2,9.1,,9.4,8.9,8.7,9.32,0.75,0.3,75,98,10.0,6.02,0.4,0.6081,0.7938,9.3,9.0,9.0,station
2024-02-08,9.0,,11.4,10.5,9.7,9.5,,11.7,11.4,9.7,10.15,1.03,-0.42,78,91,7.4,8.18,0.3,0.6217,0.7833,9.9,11.0,11.0,station
2024-02-09,13.5,,14.9,13.9,11.8,14.0,,15.3,13.5,11.5,13.53,1.29,-0.05,76,51,9.7,13.8,0.0,0.6351,0.7725,14.2,16.0,16.0,station
2024-02-10,15.3,,16.3,16.3,13.7,15.2,,16.7,15.0,12.9,15.4,1.23,0.45,84,9,9.7,13.67,0.0,0.6483,0.7614,14.6,17.0,17.0,station
2024-02-11,15.6,,16.4,15.8,15.0,16.0,,16.9,15.9,13.5,15.7,0.58,0.12,84,39,9.8,12.64,0.0,0.6613,0.7502,15.6,16.0,16.0,station
2024-02-12,17.5,,18.0,18.6,17.2,17.3,,17.9,17.6,16.4,17.82,0.61,0.52,77,4,8.2,13.58,0.0,0.6741,0.7387,17.5,20.0,20.0,station
2024-02-13,19.0,,19.1,20.0,17.4,18.8,,18.9,20.0,17.3,18.88,1.08,0.12,77,13,10.2,14.43,0.0,0.6867,0.727,18.3,20.0,20.0,station
2024-02-14,16.6,,16.7,18.0,17.2,14.9,,14.6,17.8,19.1,17.12,0.64,0.52,62,84,18.7,5.34,0.3,0.6991,0.715,16.8,19.0,19.0,station
2024-02-15,14.3,,18.3,17.6,15.6,14.0,,17.9,18.5,16.2,16.45,1.83,-0.2,62,91,14.3,11.72,0.2,0.7113,0.7029,16.6,19.0,19.0,station
2024-02-16,15.2,,15.7,16.9,14.9,15.8,,15.8,17.5,14.8,15.67,0.88,-0.3,75,15,9.7,14.75,0.0,0.7233,0.6906,15.6,19.0,19.0,station
2024-02-17,16.8,,17.8,18.4,16.6,16.7,,17.8,18.2,15.7,17.4,0.85,0.3,75,10,17.6,14.36,0.0,0.735,0.678,17.7,19.0,19.0,station
2024-02-18,20.5,,20.3,20.4,19.8,20.2,,20.2,21.0,18.6,20.25,0.31,0.25,72,40,11.6,15.02,0.0,0.7466,0.6653,20.8,20.0,20.0,station
2024-02-19,17.3,,19.7,19.8,17.9,19.6,,19.2,20.4,18.9,18.68,1.27,-0.85,45,76,13.2,12.67,0.0,0.7579,0.6523,18.9,20.0,20.0,station
2024-02-20,18.5,,19.4,19.3,18.5,18.5,,18.2,19.2,18.4,18.93,0.49,0.35,54,76,22.6,12.84,0.0,0.769,0.6392,19.1,19.0,19.0,station
2024-02-21,11.1,,14.2,11.7,11.4,11.5,,13.7,12.5,11.8,12.1,1.42,-0.28,49,100,21.5,5.19,0.9,0.7799,0.6259,11.1,14.0,14.0,station
2024-02-22,7.2,,4.5,7.8,7.1,8.1,,7.4,8.6,7.4,6.65,1.47,-1.22,49,100,19.1,6.98,0.0,0.7906,0.6124,8.2,6.0,6.0,station
2024-02-23,5.4,,5.4,6.5,5.0,4.9,,4.5,7.2,5.1,5.58,0.64,0.15,66,100,16.0,4.89,0.1,0.801,0.5987,5.8,5.0,5.0,station
2024-02-24,11.1,,8.5,9.9,7.8,10.5,,7.4,10.5,7.0,9.32,1.47,0.47,67,69,7.7,11.71,0.0,0.8112,0.5848,10.0,10.0,10.0,station
2024-02-25,10.8,,10.5,10.0,9.3,11.8,,10.5,10.8,8.8,10.15,0.66,-0.33,67,70,10.1,9.12,0.2,0.8211,0.5708,9.7,8.0,8.0,station
2024-02-26,11.5,,11.1,11.3,10.1,12.2,,11.1,12.3,10.6,11.0,0.62,-0.55,65,94,9.4,7.88,0.1,0.8308,0.5566,10.5,10.0,10.0,station
2024-02-27,11.6,,12.2,11.4,11.8,13.0,,11.9,11.8,12.0,11.75,0.34,-0.43,73,94,13.7,7.14,0.2,0.8402,0.5422,11.1,10.0,10.0,station
2024-02-28,8.1,,12.7,11.1,10.1,10.4,,13.5,12.8,12.1,10.5,1.93,-1.7,84,100,12.0,2.75,1.4,0.8495,0.5277,7.7,8.0,8.0,station
2024-02-29,13.5,,13.5,12.3,12.8,14.1,,13.7,13.0,13.3,13.03,0.59,-0.5,73,78,13.6,11.71,1.7,0.8584,0.513,12.7,13.0,13.0,station
2024-03-01,9.8,,9.9,10.0,10.1,12.4,,10.4,10.7,11.1,9.95,0.13,-1.2,81,100,16.7,7.34,3.3,0.8671,0.4981,10.0,8.0,8.0,station
2024-03-02,12.8,,12.0,12.4,11.9,12.8,,12.1,12.0,10.6,12.28,0.41,0.4,79,68,10.5,8.99,1.0,0.8755,0.4831,11.9,10.0,10.0,station
2024-03-03,14.8,,12.1,12.4,12.0,16.0,,13.0,13.4,12.0,12.82,1.33,-0.78,77,89,10.2,7.57,0.0,0.8837,0.468,13.3,11.0,11.0,station
2024-03-04,16.3,,15.5,13.8,13.6,17.8,,16.0,15.1,13.4,14.8,1.31,-0.77,74,66,11.1,10.17,0.1,0.8916,0.4527,14.5,12.0,12.0,station
2024-03-05,17.5,,15.5,16.8,16.7,17.5,,15.4,17.3,16.5,16.62,0.83,-0.05,66,61,15.1,12.53,0.7,0.8993,0.4373,17.3,17.0,17.0,station
2024-03-06,16.5,,16.6,16.1,15.4,16.6,,15.9,16.3,14.1,16.15,0.54,0.43,67,94,19.0,11.58,1.5,0.9067,0.4218,15.9,14.0,14.0,station
2024-03-07,16.3,,16.7,15.8,15.7,16.4,,17.1,15.7,14.2,16.12,0.46,0.28,55,93,13.5,13.02,0.0,0.9138,0.4061,17.0,17.0,17.0,station
2024-03-08,15.2,,16.0,14.4,14.5,12.7,,15.5,15.3,14.9,15.03,0.74,0.43,63,81,12.3,11.3,0.0,0.9207,0.3904,16.2,17.0,17.0,station
2024-03-09,15.9,,13.6,16.5,15.3,15.5,,15.1,15.8,13.9,15.32,1.25,0.25,76,81,8.3,11.43,0.0,0.9272,0.3745,16.3,15.0,15.0,station
2024-03-10,15.8,,15.2,16.0,15.1,15.3,,16.3,17.3,13.5,15.53,0.44,-0.08,82,92,11.5,8.13,1.3,0.9335,0.3585,16.5,15.0,15.0,station
2024-03-11,20.8,,20.7,20.2,20.1,21.2,,21.1,21.3,19.4,20.45,0.35,-0.3,77,32,11.4,18.08,0.0,0.9396,0.3424,20.1,23.0,23.0,station
2024-03-12,14.3,,19.5,15.8,15.8,15.7,,15.1,17.3,16.1,16.35,2.22,0.3,76,99,15.3,6.51,0.7,0.9453,0.3261,16.7,17.0,17.0,station
2024-03-13,20.0,,17.9,20.0,17.3,18.0,,17.7,18.4,16.0,18.8,1.41,1.28,64,73,19.4,15.05,0.6,0.9508,0.3098,21.5,22.0,22.0,station
2024-03-14,20.3,,19.5,18.3,18.5,20.8,,18.2,16.4,20.1,19.15,0.93,0.27,75,82,10.6,14.58,1.6,0.956,0.2934,20.3,23.0,23.0,station
2024-03-15,20.8,20.9,21.3,21.8,20.8,20.3,,21.2,20.9,20.2,21.12,0.43,0.47,70,76,14.3,12.7,0.2,0.9609,0.2769,21.5,22.0,22.0,station
2024-03-16,19.7,18.3,16.6,19.6,20.8,20.6,18.7,16.2,20.7,21.3,19.0,1.61,-0.5,72,97,17.6,7.84,1.7,0.9655,0.2604,19.9,18.0,18.0,station
2024-03-17,20.1,17.7,14.9,19.3,19.3,18.8,17.5,14.9,19.4,18.0,18.26,2.07,0.54,66,88,16.2,12.64,1.4,0.9698,0.2437,20.0,19.0,19.0,station
2024-03-18,19.7,17.9,18.8,20.1,19.1,19.2,17.8,18.5,20.3,17.6,19.12,0.85,0.44,71,99,13.8,8.24,0.7,0.9739,0.227,17.4,19.0,19.0,station
2024-03-19,19.9,19.4,20.7,19.6,18.7,19.8,19.3,21.3,20.7,18.6,19.66,0.73,-0.28,69,96,13.9,12.33,4.0,0.9777,0.2102,19.3,19.0,19.0,station
2024-03-20,20.9,20.1,21.0,19.8,17.5,21.5,20.1,20.5,20.7,18.5,19.86,1.42,-0.4,63,78,8.2,16.95,0.0,0.9811,0.1934,21.3,21.0,21.0,station
2024-03-21,22.4,22.0,23.3,22.4,21.8,22.7,21.9,23.5,22.5,20.8,22.38,0.58,0.1,66,17,10.4,19.01,0.0,0.9843,0.1765,22.2,24.0,24.0,station
2024-03-22,24.4,23.2,25.0,23.6,24.2,24.1,21.5,25.5,21.7,23.9,24.08,0.7,0.74,64,61,16.1,15.76,0.0,0.9872,0.1595,25.1,26.0,26.0,station
2024-03-23,27.1,26.4,27.3,26.6,27.2,26.9,25.1,27.0,25.9,26.5,26.92,0.4,0.64,64,71,18.0,14.97,0.0,0.9898,0.1425,27.2,27.0,27.0,station
2024-03-24,19.8,19.9,19.3,19.2,19.7,22.4,19.5,20.2,20.9,21.6,19.58,0.31,-1.34,67,99,25.5,9.51,14.6,0.9921,0.1255,20.5,22.0,22.0,station
2024-03-25,22.9,23.1,23.3,23.7,21.1,24.4,23.1,23.6,23.0,21.1,22.82,1.01,-0.22,68,67,16.3,18.82,2.6,0.9941,0.1084,22.6,25.0,25.0,station
2024-03-26,21.9,20.6,16.1,21.6,19.6,22.1,19.0,16.2,19.0,20.6,19.96,2.34,0.58,71,97,19.1,9.94,0.0,0.9958,0.0913,21.7,23.0,23.0,station
2024-03-27,17.1,17.9,18.1,19.4,18.4,19.7,19.6,21.2,21.0,19.3,18.18,0.83,-1.98,81,90,13.5,5.13,11.3,0.9972,0.0741,18.3,18.0,18.0,station
2024-03-28,25.2,24.6,24.4,26.0,25.3,25.9,25.0,24.9,26.1,23.5,25.1,0.63,0.02,75,2,13.0,19.84,0.0,0.9984,0.057,24.7,27.0,27.0,station
2024-03-29,27.2,27.2,26.3,28.2,27.1,27.0,25.7,26.0,28.1,27.5,27.2,0.67,0.34,64,10,11.8,20.01,0.0,0.9992,0.0398,26.5,29.0,29.0,station
2024-03-30,27.4,26.9,27.9,28.1,26.6,28.5,26.7,27.6,29.7,27.7,27.38,0.64,-0.66,69,44,14.8,15.03,3.1,0.9997,0.0226,25.1,26.0,26.0,station
2024-03-31,27.0,27.3,26.9,27.4,27.1,28.4,28.7,28.5,28.1,28.5,27.14,0.21,-1.3,71,56,10.3,14.69,0.0,1.0,0.0054,26.1,27.0,27.0,station
2024-04-01,26.2,25.6,25.7,26.2,24.9,26.4,26.0,27.1,27.6,25.0,25.72,0.54,-0.7,74,99,12.1,12.96,1.5,0.9999,-0.0118,26.2,28.0,28.0,station
2024-04-02,27.6,27.7,27.8,27.3,24.6,27.1,26.5,27.4,29.2,25.3,27.0,1.35,-0.1,66,72,10.8,17.43,0.9,0.9996,-0.029,28.0,29.0,29.0,station
2024-04-03,24.0,23.2,21.2,20.7,22.3,25.2,23.5,23.5,22.8,21.7,22.28,1.37,-1.06,74,99,17.0,8.02,15.1,0.9989,-0.0462,22.4,22.0,22.0,station
2024-04-04,24.3,22.0,17.0,19.2,18.0,24.7,21.3,21.7,24.0,24.3,20.1,3.0,-3.1,72,100,15.5,14.81,3.9,0.998,-0.0634,24.3,26.0,26.0,station
2024-04-05,21.9,21.0,20.9,19.8,18.2,21.1,20.1,16.1,18.9,18.5,20.36,1.42,1.42,80,87,18.6,13.46,1.1,0.9968,-0.0805,22.3,22.0,22.0,station
2024-04-06,15.8,16.2,15.2,16.4,15.4,16.3,16.8,14.5,16.4,17.9,15.8,0.51,-0.58,84,100,12.5,3.51,9.7,0.9952,-0.0977,16.1,18.0,18.0,station
2024-04-07,20.7,17.1,14.9,16.9,15.7,18.2,17.5,14.7,18.7,18.1,17.06,2.22,-0.38,87,94,8.6,6.15,5.8,0.9934,-0.1148,16.9,16.0,16.0,station
2024-04-08,20.5,20.5,22.9,20.9,22.0,20.3,21.1,22.0,19.5,21.7,21.36,1.06,0.44,83,93,8.4,10.95,0.5,0.9913,-0.1319,20.6,22.0,22.0,station
2024-04-09,21.5,20.7,19.4,19.6,19.0,23.2,20.5,21.9,19.0,20.1,20.04,1.03,-0.9,80,95,11.8,12.69,0.5,0.9889,-0.1489,21.4,23.0,23.0,station
2024-04-10,23.2,21.3,19.0,22.2,21.3,22.6,21.3,19.0,21.9,22.4,21.4,1.55,-0.04,74,87,12.0,13.93,0.1,0.9861,-0.1659,24.4,24.0,24.0,station
2024-04-11,25.0,25.0,23.3,24.4,26.0,25.8,24.8,23.9,24.4,25.0,24.74,0.99,-0.04,76,59,8.9,17.37,2.0,0.9831,-0.1828,25.0,27.0,27.0,station
2024-04-12,26.1,26.9,25.0,24.6,28.1,26.8,26.5,25.0,25.7,28.2,26.14,1.42,-0.3,74,48,7.9,17.35,0.0,0.9799,-0.1997,26.1,27.0,27.0,station
2024-04-13,27.1,27.6,27.4,27.4,29.1,26.8,27.6,26.7,27.2,30.1,27.72,0.79,0.04,73,42,14.6,16.38,0.0,0.9763,-0.2165,27.1,28.0,28.0,station
2024-04-14,30.7,30.0,29.5,30.2,32.3,30.3,30.1,29.0,29.5,30.7,30.54,1.07,0.62,70,39,11.4,18.03,0.0,0.9724,-0.2333,30.2,32.0,32.0,station
2024-04-15,30.0,31.6,28.8,30.5,32.2,30.3,30.6,27.2,30.6,32.8,30.62,1.34,0.32,63,97,16.5,13.4,0.0,0.9683,-0.25,30.9,32.0,32.0,station
2024-04-16,28.0,24.6,25.8,27.2,23.1,25.3,24.8,28.9,26.3,22.6,25.74,1.97,0.16,74,98,15.0,16.18,9.4,0.9638,-0.2666,28.7,29.0,29.0,station
2024-04-17,25.4,26.5,26.4,26.2,26.0,27.2,26.3,28.0,23.2,25.5,26.1,0.44,0.06,84,94,7.3,7.53,3.1,0.9591,-0.2831,24.1,25.0,25.0,station
2024-04-18,23.8,21.2,20.8,21.4,20.2,23.8,22.6,25.1,22.3,23.1,21.48,1.38,-1.9,85,95,12.0,8.6,12.6,0.9541,-0.2996,24.2,22.0,22.0,station
2024-04-19,27.2,26.2,25.4,26.9,23.5,28.4,26.6,26.8,27.0,23.8,25.84,1.48,-0.68,74,70,13.5,18.89,0.3,0.9488,-0.316,26.6,27.0,27.0,station
2024-04-20,24.0,22.8,24.9,24.3,23.4,26.2,24.5,27.4,25.5,27.8,23.88,0.81,-2.4,76,100,20.7,6.03,8.9,0.9432,-0.3322,22.3,23.0,23.0,station
2024-04-21,25.4,24.6,25.1,23.9,22.7,25.6,24.1,23.1,26.3,23.8,24.34,1.08,-0.24,74,70,8.3,18.1,1.4,0.9373,-0.3484,25.4,27.0,27.0,station
2024-04-22,23.3,22.6,21.5,21.7,19.6,24.6,23.4,22.7,23.7,21.2,21.74,1.4,-1.38,78,81,12.0,17.54,12.9,0.9312,-0.3645,25.1,26.0,26.0,station
2024-04-23,25.0,23.4,25.1,24.4,24.0,23.4,23.7,26.3,23.6,25.0,24.38,0.71,-0.02,77,100,15.5,8.2,1.4,0.9248,-0.3804,23.1,21.0,21.0,station
2024-04-24,21.9,20.6,22.9,21.6,20.2,23.1,22.8,24.3,22.9,22.2,21.44,1.07,-1.62,76,96,11.9,16.2,0.1,0.9181,-0.3963,24.4,24.0,24.0,station
2024-04-25,25.2,25.0,25.6,24.0,25.6,26.3,24.5,25.7,25.1,24.2,25.08,0.66,-0.08,76,88,6.4,16.18,0.0,0.9112,-0.412,25.3,26.0,26.0,station
2024-04-26,26.8,27.1,27.0,26.2,28.0,28.2,27.0,25.0,25.1,28.1,27.02,0.65,0.34,74,58,8.3,16.39,0.0,0.9039,-0.4276,26.3,29.0,29.0,station
2024-04-27,27.8,29.1,29.1,27.8,28.0,28.4,28.9,28.7,27.8,28.6,28.36,0.68,-0.12,68,30,11.3,20.16,0.2,0.8965,-0.4431,28.9,31.0,31.0,station
2024-04-28,29.5,29.2,30.2,30.0,29.6,28.3,29.1,30.1,28.8,28.7,29.7,0.4,0.7,74,46,19.9,17.6,1.7,0.8887,-0.4585,29.5,30.0,30.0,station
2024-04-29,21.3,22.8,22.9,21.6,23.9,22.4,22.7,21.8,22.7,24.5,22.5,1.06,-0.32,72,97,28.0,11.49,8.5,0.8807,-0.4737,23.2,24.0,24.0,station
2024-04-30,20.8,21.8,21.4,19.4,20.1,23.6,21.4,19.2,20.8,19.4,20.7,0.97,-0.18,60,96,17.1,17.0,0.3,0.8724,-0.4888,22.1,23.0,23.0,station
2024-05-01,17.9,18.4,17.0,17.2,17.3,18.1,18.7,16.3,17.3,20.4,17.56,0.58,-0.6,86,100,10.1,5.35,4.5,0.8639,-0.5037,17.6,18.0,18.0,station
2024-05-02,18.4,17.6,15.6,17.4,16.8,18.2,18.3,15.0,18.2,20.4,17.16,1.04,-0.86,85,100,10.8,5.65,2.3,0.8551,-0.5185,18.6,17.0,17.0,station
2024-05-03,18.5,19.1,17.5,18.5,19.8,19.3,19.5,18.0,19.1,21.3,18.68,0.85,-0.76,82,95,9.9,9.8,0.7,0.846,-0.5331,20.9,21.0,21.0,station
2024-05-04,24.5,24.2,24.9,24.6,24.9,24.0,24.3,24.5,24.9,23.8,24.62,0.29,0.32,73,73,14.8,17.58,0.5,0.8367,-0.5476,25.0,27.0,27.0,station
2024-05-05,26.5,26.5,25.4,26.8,25.6,27.1,26.2,25.7,26.2,28.5,26.16,0.62,-0.58,72,67,8.7,20.42,0.0,0.8272,-0.5619,26.9,28.0,28.0,station
2024-05-06,27.8,27.6,26.8,25.7,26.8,25.6,24.6,27.2,23.8,23.7,26.94,0.83,1.96,76,83,7.9,17.6,1.4,0.8174,-0.5761,26.6,29.0,29.0,station
2024-05-07,25.4,26.4,26.2,30.0,29.6,25.4,27.3,27.5,26.9,19.0,27.52,2.12,2.3,76,75,12.8,14.85,2.5,0.8074,-0.59,26.9,25.0,25.0,station
2024-05-08,19.8,21.3,21.5,22.4,21.1,22.3,21.8,20.6,22.2,21.4,21.22,0.94,-0.44,87,99,7.6,4.85,7.4,0.7971,-0.6038,20.5,21.0,21.0,station
2024-05-09,25.6,23.8,23.8,25.8,25.1,25.2,24.1,23.3,24.1,22.8,24.82,0.97,0.92,79,47,6.8,20.28,0.4,0.7866,-0.6175,27.1,28.0,28.0,station
2024-05-10,25.7,25.2,24.8,23.6,23.9,25.9,22.8,21.3,21.8,25.0,24.64,0.88,1.28,85,96,11.0,13.48,1.9,0.7759,-0.6309,26.0,23.0,23.0,station
2024-05-11,22.6,23.3,20.0,24.6,27.5,27.1,25.1,24.8,23.9,26.9,23.6,2.75,-1.96,78,95,11.2,9.32,6.1,0.7649,-0.6442,25.3,25.0,25.0,station
2024-05-12,26.0,26.6,28.2,27.3,26.0,23.8,27.1,27.2,28.2,27.1,26.82,0.94,0.14,68,85,15.0,15.56,0.0,0.7537,-0.6572,26.9,27.0,27.0,station
2024-05-13,28.9,29.1,28.9,28.1,29.2,29.0,28.2,29.0,27.4,29.0,28.84,0.43,0.32,68,32,11.9,23.39,0.0,0.7423,-0.6701,28.8,31.0,31.0,station
2024-05-14,29.4,29.3,30.4,30.0,31.4,29.3,29.0,30.1,28.4,30.4,30.1,0.85,0.66,62,68,14.3,20.29,0.0,0.7306,-0.6828,30.3,32.0,32.0,station
2024-05-15,30.7,31.0,30.0,30.3,30.0,30.1,29.7,28.6,25.8,28.9,30.4,0.44,1.78,69,82,18.3,17.8,0.2,0.7188,-0.6952,30.7,32.0,32.0,station
2024-05-16,30.0,30.1,30.7,29.6,30.5,30.5,30.0,26.1,25.7,30.1,30.18,0.43,1.7,66,66,9.4,19.5,0.2,0.7067,-0.7075,30.4,32.0,32.0,station
2024-05-17,30.4,29.9,31.6,30.0,31.3,30.0,31.0,30.7,27.4,30.9,30.64,0.77,0.64,67,100,9.9,9.82,0.0,0.6945,-0.7195,28.6,30.0,30.0,station
2024-05-18,30.6,28.9,29.7,27.7,28.2,32.0,28.5,28.9,28.5,25.2,29.02,1.16,0.4,73,70,16.7,17.14,3.3,0.682,-0.7314,29.8,30.0,30.0,station
2024-05-19,31.8,31.2,29.5,30.9,32.0,31.4,29.9,29.6,30.9,31.0,31.08,0.99,0.52,61,35,13.4,21.09,0.0,0.6693,-0.743,31.5,33.0,33.0,station
2024-05-20,32.8,32.7,33.1,32.1,31.0,33.7,32.0,31.7,32.5,33.1,32.34,0.83,-0.26,58,21,16.8,22.18,0.0,0.6564,-0.7544,32.6,34.0,34.0,station
2024-05-21,31.7,32.0,31.9,32.0,31.6,31.6,32.6,31.3,30.3,32.2,31.84,0.18,0.24,57,29,14.1,20.76,0.0,0.6433,-0.7656,31.5,31.0,31.0,station
2024-05-22,31.8,33.4,31.2,31.9,32.5,32.3,33.5,31.5,32.5,32.6,32.16,0.83,-0.32,57,21,8.8,21.12,0.3,0.6301,-0.7765,32.6,33.0,33.0,station
2024-05-23,33.8,34.9,33.7,34.0,34.7,34.7,35.1,33.6,34.7,34.7,34.22,0.54,-0.34,52,31,11.0,18.23,0.0,0.6166,-0.7873,34.5,36.0,36.0,station
2024-05-24,36.8,35.8,35.3,36.0,35.8,36.5,36.6,35.3,36.0,35.9,35.94,0.55,-0.12,48,24,16.7,20.19,0.0,0.603,-0.7978,37.4,36.0,36.0,station
2024-05-25,32.3,30.4,32.5,30.8,29.0,31.3,29.7,32.4,30.9,28.4,31.0,1.44,0.46,58,77,24.0,17.11,3.8,0.5892,-0.808,34.4,35.0,35.0,station
2024-05-26,35.2,34.6,33.9,34.6,33.9,34.2,32.8,34.8,32.7,34.5,34.44,0.55,0.64,56,82,14.5,21.29,0.0,0.5752,-0.818,35.5,35.0,35.0,station
2024-05-27,33.7,33.1,33.1,29.0,30.1,33.0,32.4,31.9,29.9,29.5,31.8,2.1,0.46,54,75,15.5,15.95,0.0,0.561,-0.8278,34.4,31.0,31.0,station
2024-05-28,25.8,26.2,24.2,22.8,24.7,25.9,25.5,24.9,23.4,25.8,24.74,1.35,-0.36,82,98,14.5,8.77,11.2,0.5467,-0.8373,27.4,27.0,27.0,station
2024-05-29,23.7,20.4,19.7,19.8,19.8,21.6,20.6,19.4,19.8,20.1,20.68,1.71,0.38,83,100,20.4,5.0,8.8,0.5322,-0.8466,21.8,21.0,21.0,station
2024-05-30,30.4,27.0,28.9,27.6,27.4,29.9,26.5,26.9,27.3,26.5,28.26,1.39,0.84,56,50,12.6,22.12,0.0,0.5176,-0.8556,30.2,32.0,32.0,station
2024-05-31,31.8,30.7,29.2,30.8,30.5,32.3,29.2,30.9,28.4,31.1,30.6,0.93,0.22,57,45,15.8,18.57,0.0,0.5028,-0.8644,31.1,33.0,33.0,station
2024-06-01,29.0,26.1,29.4,28.4,30.4,30.0,27.2,30.0,26.7,28.9,28.66,1.61,0.1,58,100,16.4,8.15,0.2,0.4878,-0.8729,27.7,27.0,27.0,station
2024-06-02,25.3,23.1,22.4,21.2,23.4,24.7,22.0,21.6,20.5,22.2,23.08,1.5,0.88,67,87,14.0,13.92,0.5,0.4728,-0.8812,27.6,25.0,25.0,station
2024-06-03,26.9,23.5,22.7,23.5,24.3,28.5,23.7,24.7,23.7,23.8,24.18,1.62,-0.7,70,96,11.2,11.56,0.1,0.4575,-0.8892,26.1,22.0,22.0,station
2024-06-04,27.1,24.1,25.1,23.9,25.4,26.8,23.8,25.8,23.3,23.7,25.12,1.28,0.44,71,77,9.7,18.31,3.3,0.4422,-0.8969,27.5,26.0,26.0,station
2024-06-05,25.7,27.1,27.5,27.0,27.3,28.0,25.5,25.9,25.1,28.5,26.92,0.71,0.32,69,75,9.8,15.16,0.0,0.4267,-0.9044,28.0,29.0,29.0,station
2024-06-06,27.0,25.7,23.2,27.0,28.2,28.2,26.5,26.6,26.5,27.3,26.22,1.91,-0.8,73,94,16.4,12.09,1.5,0.4111,-0.9116,27.6,25.0,25.0,station
2024-06-07,27.1,25.1,22.5,26.7,27.2,28.9,25.5,26.2,26.0,28.5,25.72,1.99,-1.3,79,73,10.1,8.77,0.3,0.3953,-0.9185,26.2,26.0,26.0,station
2024-06-08,26.6,25.2,25.7,22.3,23.9,25.9,24.1,22.1,22.5,24.7,24.74,1.68,0.88,72,82,16.1,13.95,0.1,0.3795,-0.9252,27.7,27.0,27.0,station
2024-06-09,28.6,25.7,25.5,27.2,27.0,29.3,25.9,27.2,26.7,30.0,26.8,1.26,-1.02,72,50,7.1,11.14,0.0,0.3635,-0.9316,27.1,28.0,28.0,station
2024-06-10,30.4,27.6,30.1,29.2,29.6,31.2,26.9,29.9,26.8,28.1,29.38,1.1,0.8,69,54,7.6,15.38,0.0,0.3474,-0.9377,28.5,30.0,30.0,station
2024-06-11,28.8,30.0,32.6,27.0,26.5,31.2,29.0,30.8,30.2,32.0,28.98,2.46,-1.66,63,51,11.2,21.34,2.1,0.3312,-0.9436,31.7,33.0,33.0,station
2024-06-12,33.0,30.5,31.9,31.3,32.4,32.7,29.6,33.5,28.1,31.3,31.82,0.97,0.78,68,58,10.7,22.0,0.0,0.3149,-0.9491,32.4,32.0,32.0,station
2024-06-13,32.9,32.1,34.3,32.0,34.4,33.0,30.6,34.1,31.5,34.5,33.14,1.16,0.4,59,59,9.8,21.12,0.1,0.2986,-0.9544,34.0,34.0,34.0,station
2024-06-14,36.4,33.6,35.5,36.5,34.9,36.1,32.6,36.3,35.2,36.3,35.38,1.19,0.08,55,43,8.4,20.68,0.1,0.2821,-0.9594,35.3,36.0,36.0,station
2024-06-15,34.5,33.8,36.5,37.1,34.0,35.2,33.1,36.2,35.2,35.8,35.18,1.52,0.08,54,50,9.7,15.96,1.0,0.2656,-0.9641,35.7,35.0,35.0,station
2024-06-16,33.3,28.0,29.3,28.0,30.4,32.9,27.3,28.1,28.0,29.4,29.8,2.2,0.66,61,81,20.9,15.94,1.0,0.2489,-0.9685,31.3,30.0,30.0,station
2024-06-17,34.3,30.0,30.7,30.0,32.4,32.2,27.2,32.9,31.7,31.5,31.48,1.86,0.38,57,56,12.7,20.29,0.0,0.2322,-0.9727,33.0,32.0,32.0,station
2024-06-18,32.2,27.2,27.4,28.0,29.3,32.4,28.1,28.8,30.3,29.6,28.82,2.06,-1.02,67,83,15.2,14.99,3.8,0.2155,-0.9765,30.9,27.0,27.0,station
2024-06-19,30.6,28.3,29.8,28.2,30.7,32.7,28.2,28.7,29.9,31.7,29.52,1.21,-0.72,75,75,15.1,19.97,2.7,0.1986,-0.9801,31.2,31.0,31.0,station
2024-06-20,30.0,28.9,28.7,29.0,27.4,32.6,28.4,30.7,28.8,30.3,28.8,0.93,-1.36,78,81,16.3,18.23,1.5,0.1818,-0.9833,31.3,30.0,30.0,station
2024-06-21,28.2,27.9,25.5,30.1,29.9,30.8,28.3,24.9,30.5,31.8,28.32,1.86,-0.94,71,89,16.5,16.74,0.6,0.1648,-0.9863,31.1,31.0,31.0,station
2024-06-22,35.6,31.7,32.5,32.7,33.0,36.0,30.6,31.8,34.2,33.3,33.1,1.48,-0.08,56,73,16.4,19.06,0.0,0.1478,-0.989,35.0,35.0,35.0,station
2024-06-23,32.8,31.5,31.8,31.6,34.7,34.2,30.1,31.1,25.7,34.4,32.48,1.34,1.38,63,84,8.8,11.05,0.0,0.1308,-0.9914,31.3,30.0,30.0,station
2024-06-24,32.0,28.1,30.2,31.7,30.8,33.8,30.7,25.7,31.5,31.2,30.56,1.55,-0.02,63,77,12.4,11.07,0.0,0.1137,-0.9935,32.3,30.0,30.0,station
2024-06-25,31.9,29.8,30.3,28.5,31.0,31.4,29.7,28.5,31.1,32.7,30.3,1.28,-0.38,67,41,11.6,21.81,0.8,0.0966,-0.9953,31.4,33.0,33.0,station
2024-06-26,25.7,25.2,25.7,23.3,24.6,24.6,25.2,24.1,23.2,27.2,24.9,1.0,0.04,83,99,6.7,6.87,7.6,0.0795,-0.9968,25.0,26.0,26.0,station
2024-06-27,28.0,24.5,27.3,25.1,25.7,28.6,25.5,26.5,25.4,27.5,26.12,1.48,-0.58,81,85,8.0,14.12,5.4,0.0623,-0.9981,28.3,27.0,27.0,station
2024-06-28,28.6,26.6,26.5,27.0,28.6,30.2,26.2,26.4,27.1,27.5,27.46,1.06,-0.02,81,100,6.7,13.42,0.7,0.0451,-0.999,29.1,27.0,27.0,station
2024-06-29,32.8,29.2,31.2,31.2,30.3,33.2,29.1,30.3,30.2,29.8,30.94,1.33,0.42,75,86,12.1,12.7,0.0,0.028,-0.9996,30.4,34.0,34.0,station
2024-06-30,33.2,32.3,33.5,32.0,32.8,33.6,31.0,33.5,31.6,32.2,32.76,0.62,0.38,77,39,16.6,20.88,9.6,0.0108,-0.9999,33.2,36.0,36.0,station
2024-07-01,32.0,30.5,31.0,33.1,32.4,32.9,31.5,32.6,30.7,32.3,31.8,1.05,-0.2,76,47,19.5,21.46,20.1,-0.0065,-1.0,30.8,33.0,33.0,station
2024-07-02,32.2,31.0,31.8,32.0,33.5,33.7,32.2,32.5,34.2,35.3,32.1,0.91,-1.48,71,71,13.3,17.54,0.0,-0.0237,-0.9997,32.1,34.0,34.0,station
2024-07-03,28.8,26.7,27.3,25.8,26.1,29.5,26.2,28.6,26.9,26.5,26.94,1.19,-0.6,78,78,11.5,18.15,3.6,-0.0408,-0.9992,30.3,30.0,30.0,station
2024-07-04,30.9,28.1,30.2,29.1,28.3,30.2,26.8,25.4,27.8,29.7,29.32,1.21,1.34,81,87,9.5,12.63,3.4,-0.058,-0.9983,29.7,29.0,29.0,station
2024-07-05,32.1,30.5,32.2,32.6,33.4,32.4,30.6,31.6,31.1,32.3,32.16,1.06,0.56,78,40,8.2,21.19,0.6,-0.0752,-0.9972,32.0,33.0,33.0,station
2024-07-06,30.8,30.1,30.9,29.3,32.3,32.1,28.6,31.7,31.4,31.1,30.68,1.11,-0.3,83,86,10.6,15.8,4.9,-0.0923,-0.9957,31.5,32.0,32.0,station
2024-07-07,31.4,27.0,29.3,31.4,27.5,29.8,26.7,29.9,30.4,27.8,29.32,2.08,0.4,84,95,18.7,16.24,3.7,-0.1094,-0.994,32.1,30.0,30.0,station
2024-07-08,30.7,26.3,25.7,26.3,27.4,28.2,26.2,26.0,28.5,28.4,27.28,2.01,-0.18,86,100,19.5,13.01,26.2,-0.1265,-0.992,29.3,26.0,26.0,station
2024-07-09,28.8,26.0,25.6,29.1,26.2,31.2,27.3,23.6,25.2,25.2,27.14,1.67,0.64,90,100,15.5,6.7,17.5,-0.1436,-0.9896,28.8,26.0,26.0,station
2024-07-10,28.7,26.9,25.8,28.9,25.6,27.7,26.8,28.5,31.2,30.6,27.18,1.56,-1.78,87,99,11.0,7.33,12.0,-0.1606,-0.987,28.1,27.0,27.0,station
2024-07-11,31.7,30.2,29.3,31.1,29.1,32.1,28.9,31.3,31.1,31.6,30.28,1.12,-0.72,78,65,7.5,20.62,1.4,-0.1775,-0.9841,32.0,32.0,32.0,station
2024-07-12,32.5,32.1,32.2,32.5,33.6,32.0,30.7,31.5,32.2,31.0,32.58,0.6,1.1,84,69,15.0,20.04,1.9,-0.1944,-0.9809,32.1,35.0,35.0,station
2024-07-13,29.4,27.4,29.4,27.0,27.3,29.1,27.2,28.7,27.4,30.4,28.1,1.2,-0.46,88,97,16.4,12.6,7.3,-0.2113,-0.9774,29.0,28.0,28.0,station
2024-07-14,30.2,26.8,25.4,28.2,26.5,29.6,26.2,26.6,25.5,26.6,27.42,1.85,0.52,84,100,20.7,14.26,0.8,-0.2281,-0.9736,27.8,27.0,27.0,station
2024-07-15,30.9,28.3,26.7,29.2,28.6,31.3,28.1,29.0,29.4,29.7,28.74,1.52,-0.76,84,96,12.4,16.78,2.0,-0.2448,-0.9696,31.2,30.0,30.0,station
2024-07-16,30.2,29.1,29.4,29.6,27.8,30.9,28.6,28.3,29.3,28.0,29.22,0.89,0.2,91,99,11.7,13.3,39.3,-0.2614,-0.9652,30.1,30.0,30.0,station
2024-07-17,29.1,27.7,26.9,27.4,25.4,28.7,27.5,25.3,27.8,25.6,27.3,1.34,0.32,93,100,17.9,10.35,39.2,-0.278,-0.9606,27.9,27.0,27.0,station
2024-07-18,32.6,30.1,26.8,32.1,28.3,30.0,28.5,29.2,32.8,26.6,29.98,2.47,0.56,84,82,9.8,19.25,1.8,-0.2945,-0.9557,31.3,30.0,30.0,station
2024-07-19,31.1,30.1,28.6,28.9,28.0,29.4,30.3,29.2,28.9,31.6,29.34,1.25,-0.54,89,92,12.7,14.8,4.7,-0.3109,-0.9505,31.0,31.0,31.0,station
2024-07-20,30.5,28.0,28.6,27.9,25.1,30.4,27.3,25.0,28.8,25.5,28.02,1.94,0.62,87,78,13.5,16.92,34.9,-0.3272,-0.945,30.8,28.0,28.0,station
2024-07-21,30.9,29.3,30.3,28.9,27.1,31.2,29.3,30.8,27.2,27.3,29.3,1.46,0.14,90,91,13.6,13.62,7.5,-0.3434,-0.9392,30.1,28.0,28.0,station
2024-07-22,31.8,31.1,30.5,30.3,27.4,31.8,30.4,29.9,30.1,29.0,30.22,1.68,-0.02,87,94,11.2,15.62,6.6,-0.3595,-0.9332,31.5,33.0,33.0,station
2024-07-23,32.2,31.2,31.7,32.0,28.6,32.6,30.9,30.8,31.8,29.5,31.14,1.47,0.02,89,99,10.9,13.07,13.7,-0.3755,-0.9268,31.0,33.0,33.0,station
2024-07-24,27.5,28.5,28.5,30.2,26.6,26.6,28.6,28.4,30.3,28.8,28.26,1.34,-0.28,88,100,23.6,8.49,36.7,-0.3914,-0.9202,29.4,29.0,29.0,station
2024-07-25,29.1,29.4,31.9,31.0,29.1,29.5,30.1,32.3,26.5,26.1,30.1,1.28,1.2,80,75,6.8,19.43,0.0,-0.4071,-0.9134,33.2,32.0,32.0,station
2024-07-26,33.5,33.8,32.5,34.2,34.0,33.0,33.3,33.0,33.9,34.4,33.6,0.67,0.08,79,75,16.8,19.82,1.2,-0.4228,-0.9062,33.8,37.0,37.0,station
2024-07-27,29.8,28.8,28.6,32.7,30.4,33.3,29.4,28.2,33.2,33.2,30.06,1.65,-1.4,79,98,14.2,10.32,0.1,-0.4383,-0.8988,30.3,29.0,29.0,station
2024-07-28,30.0,28.9,27.8,26.9,27.5,28.1,27.5,31.2,27.6,30.1,28.22,1.23,-0.68,84,94,10.7,6.97,13.6,-0.4537,-0.8912,26.7,26.0,26.0,station
2024-07-29,27.5,26.7,27.4,25.6,28.9,29.4,26.9,28.1,25.7,30.0,27.22,1.21,-0.8,80,90,11.3,12.13,0.0,-0.469,-0.8832,31.3,27.0,27.0,station
2024-07-30,30.3,31.1,28.5,29.7,30.1,27.8,30.1,29.1,28.9,31.0,29.94,0.95,0.56,80,94,9.0,16.88,0.0,-0.4841,-0.875,30.7,33.0,33.0,station
2024-07-31,32.5,32.6,31.7,32.4,34.8,32.7,32.6,30.4,31.8,34.5,32.8,1.17,0.4,81,20,7.8,21.81,0.0,-0.4991,-0.8666,32.3,35.0,35.0,station
2024-08-01,32.8,33.4,32.5,33.6,35.8,33.3,33.4,32.4,33.2,35.8,33.62,1.3,0.0,78,11,10.1,21.63,0.0,-0.5139,-0.8578,33.1,36.0,36.0,station
2024-08-02,33.7,33.5,32.0,35.1,36.3,33.5,33.2,32.5,34.4,36.5,34.12,1.64,0.1,81,71,20.1,20.47,3.0,-0.5286,-0.8489,33.4,38.0,38.0,station
2024-08-03,30.1,30.8,32.6,32.5,34.8,30.8,30.4,31.4,31.9,35.4,32.16,1.83,0.18,86,94,14.0,15.95,23.4,-0.5431,-0.8397,30.5,35.0,35.0,station
2024-08-04,30.3,28.9,32.0,29.3,30.3,29.9,29.5,32.0,30.2,29.5,30.16,1.2,-0.06,83,70,9.7,18.32,3.8,-0.5575,-0.8302,31.6,33.0,33.0,station
2024-08-05,32.2,32.2,31.9,32.4,33.5,31.0,31.8,32.1,31.0,28.9,32.44,0.62,1.48,80,25,5.8,20.65,0.0,-0.5717,-0.8205,32.9,35.0,35.0,station
2024-08-06,32.1,32.9,32.8,33.0,32.5,31.3,32.7,33.0,32.1,30.2,32.66,0.36,0.8,81,41,12.8,20.18,4.7,-0.5857,-0.8105,32.6,37.0,37.0,station
2024-08-07,32.1,32.2,32.8,32.2,33.9,31.8,32.3,32.3,32.1,30.1,32.64,0.76,0.92,85,88,14.4,15.94,4.6,-0.5996,-0.8003,31.9,37.0,37.0,station
2024-08-08,31.6,31.6,31.8,32.0,32.1,31.9,30.4,31.3,31.5,31.0,31.82,0.23,0.6,85,97,12.8,18.75,1.0,-0.6132,-0.7899,32.2,35.0,35.0,station
2024-08-09,27.6,28.4,27.6,30.1,28.5,27.8,27.3,29.3,33.1,31.6,28.44,1.02,-1.38,86,100,25.1,8.58,18.7,-0.6267,-0.7792,29.5,29.0,29.0,station
2024-08-10,28.6,28.7,22.6,26.8,28.6,28.5,27.0,23.5,27.0,30.1,27.06,2.62,-0.16,81,94,12.1,12.12,2.3,-0.64,-0.7683,30.1,30.0,30.0,station
2024-08-11,34.5,33.4,31.8,32.8,36.4,34.5,33.2,30.0,30.2,33.6,33.78,1.76,1.48,78,34,8.0,22.33,0.0,-0.6532,-0.7572,34.1,37.0,37.0,station
2024-08-12,34.2,34.1,32.4,33.7,36.8,34.1,33.7,32.1,32.7,37.0,34.24,1.6,0.32,75,1,8.4,22.4,0.0,-0.6661,-0.7459,33.7,36.0,36.0,station
2024-08-13,34.4,35.2,32.7,35.1,38.7,34.3,34.6,32.6,33.8,37.6,35.22,2.19,0.64,70,1,7.6,22.16,0.0,-0.6788,-0.7343,34.6,37.0,37.0,station
2024-08-14,33.7,34.6,32.6,36.0,36.5,33.2,34.3,32.6,34.9,39.1,34.68,1.61,-0.14,66,26,12.2,20.49,0.0,-0.6914,-0.7225,34.2,38.0,38.0,station
2024-08-15,29.1,30.0,32.6,31.6,27.8,29.1,30.1,33.0,33.5,33.3,30.22,1.92,-1.58,73,95,23.3,14.19,0.4,-0.7037,-0.7105,30.4,31.0,31.0,station
2024-08-16,32.6,32.3,31.5,32.3,32.5,28.2,29.5,31.2,30.8,30.8,32.24,0.43,2.14,72,91,6.6,14.3,0.0,-0.7158,-0.6983,32.8,34.0,34.0,station
2024-08-17,33.5,33.4,31.8,33.6,34.0,32.6,32.9,31.9,33.5,34.7,33.26,0.85,0.14,71,78,9.8,17.03,0.1,-0.7277,-0.6859,32.5,35.0,35.0,station
2024-08-18,33.0,33.1,32.4,32.3,32.7,32.1,32.7,32.5,31.9,34.3,32.7,0.35,0.0,74,34,9.7,19.61,0.1,-0.7394,-0.6733,32.7,36.0,36.0,station
2024-08-19,34.5,34.0,32.5,34.4,37.7,34.5,34.4,33.2,35.4,36.5,34.62,1.9,-0.18,70,9,8.8,20.7,0.0,-0.7509,-0.6605,34.5,37.0,37.0,station
2024-08-20,35.5,35.2,33.1,35.8,38.1,35.6,34.4,32.6,35.5,38.6,35.54,1.78,0.2,64,23,12.0,19.24,0.7,-0.7621,-0.6474,35.2,37.0,37.0,station
2024-08-21,36.5,36.0,33.1,36.4,37.4,36.3,35.6,34.0,36.5,39.6,35.88,1.64,-0.52,64,30,9.7,19.74,1.5,-0.7731,-0.6342,36.5,38.0,38.0,station
2024-08-22,37.2,37.1,35.3,39.0,38.8,37.1,36.3,34.2,38.7,38.9,37.48,1.5,0.44,57,23,12.8,19.66,0.2,-0.7839,-0.6208,37.5,39.0,39.0,station
2024-08-23,38.2,37.0,35.7,38.2,37.5,38.0,36.7,35.2,38.7,38.6,37.32,1.04,-0.12,62,23,17.8,19.31,0.2,-0.7945,-0.6073,38.6,40.0,40.0,station
2024-08-24,38.4,37.8,35.3,38.4,38.9,37.7,36.7,35.5,39.0,38.3,37.76,1.43,0.32,62,51,13.6,19.52,0.0,-0.8048,-0.5935,38.8,39.0,39.0,station
2024-08-25,38.2,37.7,34.9,37.7,37.7,37.9,36.8,35.2,38.5,37.0,37.24,1.33,0.16,57,29,13.1,19.95,0.0,-0.8149,-0.5796,38.3,40.0,40.0,station
2024-08-26,38.5,37.7,35.0,37.6,35.8,38.8,37.4,35.2,38.8,38.9,36.92,1.46,-0.9,52,73,12.3,19.97,0.0,-0.8248,-0.5655,39.0,38.0,38.0,station
2024-08-27,38.8,37.5,35.7,38.6,38.8,39.4,37.7,34.9,39.4,39.1,37.88,1.33,-0.22,52,52,15.7,18.35,0.0,-0.8344,-0.5512,38.8,39.0,39.0,station
2024-08-28,38.4,38.0,36.3,37.3,38.2,38.7,36.6,36.2,39.4,38.4,37.64,0.86,-0.22,50,50,20.0,18.81,0.3,-0.8437,-0.5368,38.2,38.0,38.0,station
2024-08-29,38.0,36.8,35.1,34.8,37.6,37.9,37.0,35.4,36.5,37.0,36.46,1.45,-0.3,58,42,20.9,18.24,2.9,-0.8528,-0.5222,37.4,34.0,34.0,station
2024-08-30,34.9,33.7,32.8,31.4,35.8,37.7,35.1,32.3,34.1,38.3,33.72,1.73,-1.78,73,86,17.1,16.94,4.8,-0.8617,-0.5074,35.5,34.0,34.0,station
2024-08-31,31.3,31.4,31.5,30.4,30.5,33.3,32.2,31.9,29.7,35.1,31.02,0.53,-1.42,75,61,12.1,17.16,10.4,-0.8703,-0.4925,33.1,31.0,31.0,station
2024-09-01,35.0,34.3,34.4,32.7,34.6,33.4,33.3,34.3,34.1,34.4,34.2,0.88,0.3,74,39,10.9,19.32,7.0,-0.8786,-0.4775,34.3,37.0,37.0,station
2024-09-02,34.5,34.4,33.6,32.9,34.7,34.2,33.8,34.4,33.5,31.7,34.02,0.75,0.5,76,47,14.2,18.78,7.5,-0.8867,-0.4623,35.2,38.0,38.0,station
2024-09-03,35.2,33.3,33.7,31.5,33.8,33.6,33.0,33.7,30.1,31.5,33.5,1.33,1.12,80,67,13.6,15.8,9.6,-0.8945,-0.447,33.8,35.0,35.0,station
2024-09-04,34.9,34.6,35.1,35.6,34.9,35.7,33.9,34.6,34.5,33.6,35.02,0.37,0.56,79,15,20.1,17.38,4.3,-0.9021,-0.4315,34.7,37.0,37.0,station
2024-09-05,33.3,31.6,32.2,35.0,30.2,33.6,30.4,32.3,33.1,30.5,32.46,1.81,0.48,64,17,23.0,19.51,0.0,-0.9094,-0.4159,34.2,35.0,35.0,station
2024-09-06,32.6,33.2,32.2,30.6,34.5,33.5,30.9,33.2,31.0,33.7,32.62,1.43,0.16,73,46,17.5,15.28,18.0,-0.9164,-0.4002,32.1,33.0,33.0,station
2024-09-07,30.6,29.9,31.9,27.7,33.6,31.6,29.7,32.6,29.2,30.2,30.74,2.21,0.08,78,46,11.8,17.47,7.3,-0.9232,-0.3844,31.8,35.0,35.0,station
2024-09-08,33.0,32.8,32.5,31.7,33.5,32.5,31.9,32.3,31.0,35.1,32.7,0.67,0.14,78,23,11.9,17.12,1.3,-0.9296,-0.3685,33.0,35.0,35.0,station
2024-09-09,31.4,31.2,32.4,31.2,31.2,30.9,31.4,32.1,29.3,30.6,31.48,0.52,0.62,79,64,18.2,14.77,29.0,-0.9358,-0.3524,31.3,35.0,35.0,station
2024-09-10,30.3,30.1,30.8,30.3,28.3,29.8,29.6,30.8,29.0,27.8,29.96,0.96,0.56,77,39,14.1,18.05,24.7,-0.9418,-0.3363,31.6,32.0,32.0,station
2024-09-11,29.6,31.4,31.4,27.0,29.1,30.9,29.9,31.7,28.8,29.7,29.7,1.83,-0.5,84,68,22.5,12.44,19.7,-0.9474,-0.32,28.4,33.0,33.0,station
2024-09-12,29.2,28.5,30.3,29.0,27.7,29.8,29.1,29.5,28.9,28.4,28.94,0.96,-0.2,84,72,14.1,14.16,4.9,-0.9528,-0.3037,29.8,30.0,30.0,station
2024-09-13,30.5,28.9,30.1,29.9,29.5,29.6,28.0,28.2,29.5,27.5,29.78,0.61,1.22,81,78,17.7,14.23,1.8,-0.9579,-0.2873,29.0,32.0,32.0,station
2024-09-14,30.5,30.1,29.5,30.6,31.0,30.0,29.6,28.5,30.9,33.2,30.34,0.57,-0.1,83,65,12.0,12.5,23.4,-0.9627,-0.2707,30.5,31.0,31.0,station
2024-09-15,27.8,26.6,29.1,26.0,25.5,27.9,28.5,30.9,25.6,26.4,27.0,1.45,-0.86,86,91,17.0,11.11,15.7,-0.9672,-0.2541,28.5,27.0,27.0,station
2024-09-16,31.4,29.7,30.9,29.2,30.4,30.9,29.7,30.8,30.9,33.5,30.32,0.89,-0.84,80,53,18.3,15.11,0.4,-0.9714,-0.2375,31.2,30.0,30.0,station
2024-09-17,31.7,32.2,32.3,30.9,31.9,31.6,32.2,32.4,30.9,31.6,31.8,0.56,0.06,80,18,7.1,17.88,0.3,-0.9753,-0.2207,31.9,34.0,34.0,station
2024-09-18,32.3,32.8,32.1,32.8,31.7,32.4,33.0,32.5,31.5,33.3,32.34,0.47,-0.2,76,5,10.0,18.04,0.0,-0.979,-0.2039,32.3,35.0,35.0,station
2024-09-19,32.9,33.2,32.6,33.9,35.3,33.1,32.9,32.9,33.5,32.8,33.58,1.08,0.54,76,8,14.2,17.95,0.0,-0.9824,-0.187,33.0,33.0,33.0,station
2024-09-20,32.9,33.8,34.8,34.4,35.4,33.6,33.8,34.3,34.8,37.0,34.26,0.96,-0.44,69,17,20.8,17.51,0.8,-0.9854,-0.1701,32.9,35.0,35.0,station
2024-09-21,31.1,30.8,31.1,30.5,29.7,31.9,31.2,31.0,31.8,33.3,30.64,0.58,-1.2,60,37,14.9,18.53,0.0,-0.9882,-0.1531,31.6,33.0,33.0,station
2024-09-22,30.2,29.5,31.5,30.8,32.1,30.4,29.6,31.5,30.4,28.3,30.82,1.03,0.78,54,56,14.8,18.53,0.0,-0.9907,-0.1361,30.4,32.0,32.0,station
2024-09-23,29.2,28.7,30.6,28.7,25.5,29.8,27.5,28.3,26.1,28.9,28.54,1.87,0.42,69,67,9.8,13.74,1.4,-0.9929,-0.1191,28.1,28.0,28.0,station
2024-09-24,30.5,30.0,31.1,31.1,33.4,31.2,30.3,30.9,30.3,32.7,31.22,1.3,0.14,78,82,7.7,8.99,0.0,-0.9948,-0.102,28.2,30.0,30.0,station
2024-09-25,30.6,30.6,32.4,29.9,30.2,28.6,29.0,31.3,29.4,27.5,30.74,0.97,1.58,76,86,6.7,15.6,0.0,-0.9964,-0.0848,30.3,32.0,32.0,station
2024-09-26,32.0,31.5,31.9,31.2,30.4,30.9,30.9,31.9,30.9,30.9,31.4,0.64,0.3,77,53,8.1,16.83,0.1,-0.9977,-0.0677,31.3,34.0,34.0,station
2024-09-27,32.3,31.6,32.1,32.4,34.0,32.0,31.2,31.7,31.0,31.5,32.48,0.9,1.0,74,25,9.6,15.7,0.3,-0.9987,-0.0505,31.5,35.0,35.0,station
2024-09-28,28.7,28.6,27.9,27.5,28.6,29.8,28.2,29.3,29.5,28.9,28.26,0.53,-0.88,78,89,17.8,10.5,5.8,-0.9994,-0.0333,28.8,29.0,29.0,station
2024-09-29,27.0,24.7,23.6,24.7,26.1,29.1,25.9,24.7,25.3,23.9,25.22,1.33,-0.56,84,100,38.7,7.09,12.7,-0.9999,-0.0161,26.4,25.0,25.0,station
2024-09-30,22.2,21.2,17.6,20.7,16.4,24.4,20.1,19.2,21.0,16.8,19.62,2.49,-0.68,77,97,13.8,10.66,0.5,-1.0,0.0011,21.9,19.0,19.0,station
2024-10-01,22.7,23.2,18.6,22.7,20.8,22.6,22.6,19.2,21.3,21.3,21.6,1.91,0.2,63,81,9.4,13.17,0.0,-0.9998,0.0183,22.6,25.0,25.0,station
2024-10-02,22.4,21.4,18.2,21.8,21.7,21.9,19.0,16.9,21.1,21.0,21.1,1.66,1.12,67,96,11.8,10.49,0.0,-0.9994,0.0355,22.2,22.0,22.0,station
2024-10-03,18.9,19.1,17.6,17.0,16.4,20.3,19.3,16.3,19.2,17.9,17.8,1.18,-0.8,81,95,8.8,8.78,6.1,-0.9986,0.0527,19.8,20.0,20.0,station
2024-10-04,19.8,19.2,15.9,16.6,18.1,20.9,19.2,16.6,17.2,20.1,17.92,1.66,-0.88,81,100,9.9,7.07,1.7,-0.9976,0.0698,20.1,19.0,19.0,station
2024-10-05,20.2,19.5,16.1,17.7,19.7,21.3,19.4,16.8,17.9,20.2,18.64,1.71,-0.48,82,94,7.6,10.15,6.3,-0.9962,0.087,20.8,20.0,20.0,station
2024-10-06,22.1,20.8,15.8,16.6,19.0,20.9,20.3,16.1,18.1,20.9,18.86,2.68,-0.4,80,99,6.5,10.02,5.0,-0.9946,0.1041,22.3,19.0,19.0,station
2024-10-07,23.7,22.4,21.8,19.9,21.1,24.0,22.5,19.9,19.6,22.3,21.78,1.42,0.12,82,46,6.6,14.9,1.7,-0.9926,0.1212,22.9,22.0,22.0,station
2024-10-08,21.0,21.3,19.7,20.0,19.8,22.0,21.4,21.7,18.5,22.1,20.36,0.74,-0.78,85,67,9.6,10.58,1.0,-0.9904,0.1383,22.0,20.0,20.0,station
2024-10-09,22.5,20.6,22.3,21.9,22.4,23.9,21.1,19.3,22.9,21.0,21.94,0.78,0.3,86,82,8.4,8.42,2.9,-0.9879,0.1553,21.1,21.0,21.0,station
2024-10-10,21.6,20.7,18.7,21.7,21.3,21.6,20.7,20.1,21.0,18.2,20.8,1.24,0.48,79,88,7.7,12.06,0.7,-0.9851,0.1722,23.3,23.0,23.0,station
2024-10-11,18.0,19.5,18.1,17.5,18.4,18.5,18.7,17.4,17.7,16.8,18.3,0.74,0.48,85,100,9.9,5.23,3.9,-0.9819,0.1892,19.7,19.0,19.0,station
2024-10-12,21.0,19.9,17.3,19.7,19.5,22.1,20.1,17.4,19.8,20.9,19.48,1.35,-0.58,84,99,11.8,10.18,1.5,-0.9785,0.206,21.3,21.0,21.0,station
2024-10-13,23.4,22.1,21.3,21.9,21.0,23.1,21.3,20.8,21.4,22.0,21.94,0.93,0.22,84,76,6.4,11.02,1.3,-0.9749,0.2228,23.1,22.0,22.0,station
2024-10-14,24.2,23.4,23.3,23.4,23.5,24.3,23.1,23.6,23.0,23.6,23.56,0.36,0.04,83,86,12.1,11.73,0.3,-0.9709,0.2396,23.6,24.0,24.0,station
2024-10-15,25.0,25.0,26.0,24.6,26.2,24.8,24.2,25.3,23.4,24.1,25.36,0.7,1.0,82,70,8.6,12.26,0.7,-0.9666,0.2562,25.2,27.0,27.0,station
2024-10-16,22.5,22.3,23.0,22.1,24.1,21.3,21.0,24.2,20.7,18.6,22.8,0.8,1.64,83,89,14.5,6.33,3.5,-0.9621,0.2728,22.1,22.0,22.0,station
2024-10-17,24.0,22.7,24.4,23.5,22.2,24.9,23.0,24.5,23.5,24.0,23.36,0.91,-0.62,81,72,9.4,11.73,5.2,-0.9572,0.2893,23.9,26.0,26.0,station
2024-10-18,23.1,23.2,21.7,20.6,22.9,23.6,22.3,22.2,20.8,22.3,22.3,1.12,0.06,85,87,10.5,7.26,0.8,-0.9521,0.3057,22.6,22.0,22.0,station
2024-10-19,19.2,19.3,18.8,19.1,18.3,19.3,19.7,20.9,20.2,18.9,18.94,0.4,-0.86,87,99,13.3,4.27,16.2,-0.9467,0.3221,20.5,20.0,20.0,station
2024-10-20,19.1,19.4,19.6,18.4,18.2,18.7,19.1,17.6,18.4,18.1,18.94,0.61,0.56,86,99,17.3,6.98,2.2,-0.941,0.3383,21.1,19.0,19.0,station
2024-10-21,20.7,19.8,20.8,20.9,19.0,19.8,19.4,19.1,20.2,19.1,20.24,0.82,0.72,83,81,21.7,6.66,0.1,-0.9351,0.3545,21.4,21.0,21.0,station
2024-10-22,22.2,22.9,23.3,22.7,21.3,22.7,22.9,23.5,23.2,21.6,22.48,0.77,-0.3,71,23,8.8,14.9,0.0,-0.9288,0.3705,21.6,25.0,25.0,station
2024-10-23,23.3,23.4,23.3,23.3,23.8,23.3,23.0,22.8,22.8,22.7,23.42,0.22,0.5,79,49,11.9,14.14,0.0,-0.9223,0.3864,23.0,25.0,25.0,station
2024-10-24,19.5,21.3,19.3,20.6,19.4,19.5,20.8,20.3,20.4,19.1,20.02,0.89,0.0,86,100,8.9,5.23,3.6,-0.9155,0.4022,20.7,22.0,22.0,station
2024-10-25,22.7,21.9,22.0,19.2,24.7,22.9,21.6,19.3,20.3,24.2,22.1,1.97,0.44,81,90,11.8,9.82,0.1,-0.9085,0.4179,23.1,22.0,22.0,station
2024-10-26,20.5,19.2,19.2,17.5,21.6,20.3,18.6,19.6,18.6,21.1,19.6,1.54,-0.04,76,97,14.6,3.45,3.7,-0.9012,0.4335,19.1,20.0,20.0,station
2024-10-27,21.7,21.8,21.4,21.3,23.1,22.2,22.5,21.2,21.9,23.9,21.86,0.72,-0.48,80,20,8.5,13.91,0.0,-0.8936,0.4489,22.2,24.0,24.0,station
2024-10-28,22.7,22.8,22.3,22.3,23.5,22.7,22.4,22.4,21.9,24.3,22.72,0.49,-0.02,77,41,8.1,13.04,0.4,-0.8857,0.4642,22.7,25.0,25.0,station
2024-10-29,20.1,19.2,18.9,20.0,20.4,20.7,19.8,18.9,20.5,21.5,19.72,0.64,-0.56,82,94,13.4,3.96,0.2,-0.8776,0.4794,19.4,19.0,19.0,station
2024-10-30,20.6,19.7,18.4,19.3,23.0,20.9,19.3,19.2,19.3,22.7,20.2,1.75,-0.08,81,89,11.2,7.88,1.4,-0.8692,0.4944,20.8,21.0,21.0,station
2024-10-31,21.5,19.7,19.4,18.9,23.2,20.5,19.4,20.0,19.8,23.4,20.54,1.78,-0.08,78,100,12.9,6.98,0.2,-0.8606,0.5093,21.1,21.0,21.0,station
2024-11-01,22.7,21.8,18.9,22.1,23.4,23.0,22.1,19.4,21.4,24.5,21.78,1.72,-0.3,75,64,8.1,12.96,0.2,-0.8517,0.524,23.0,24.0,24.0,station
2024-11-02,22.9,22.5,22.4,22.1,22.0,23.6,21.7,21.8,22.0,23.4,22.38,0.36,-0.12,76,82,9.0,11.68,0.1,-0.8426,0.5386,22.3,24.0,24.0,station
2024-11-03,18.4,19.3,19.0,17.9,20.6,18.9,19.5,18.0,18.2,20.9,19.04,1.03,-0.06,84,90,8.8,3.55,1.0,-0.8332,0.553,18.8,19.0,19.0,station
2024-11-04,21.6,21.0,20.0,20.0,17.9,21.4,20.9,20.6,19.2,20.3,20.1,1.41,-0.38,76,84,10.8,6.99,1.1,-0.8235,0.5672,20.5,22.0,22.0,station
2024-11-05,18.3,19.5,21.3,19.1,19.8,18.1,19.5,20.0,19.3,18.7,19.6,1.1,0.48,80,39,7.6,11.74,0.0,-0.8137,0.5813,20.6,23.0,23.0,station
2024-11-06,18.7,19.4,18.2,17.9,17.6,18.3,18.7,19.2,19.0,16.4,18.36,0.71,0.04,84,89,7.7,7.55,0.0,-0.8035,0.5952,20.0,19.0,19.0,station
2024-11-07,19.3,19.1,19.5,18.8,20.1,18.6,18.6,18.6,18.5,18.0,19.36,0.49,0.9,83,100,5.2,6.61,0.0,-0.7932,0.609,19.7,19.0,19.0,station
2024-11-08,19.6,19.2,20.2,19.1,20.1,20.2,19.2,19.9,18.8,19.6,19.64,0.5,0.1,87,98,6.8,6.67,0.0,-0.7826,0.6225,20.5,19.0,19.0,station
2024-11-09,19.8,19.0,18.3,20.0,17.8,19.9,19.2,19.7,19.8,20.9,18.98,0.94,-0.92,94,97,11.8,3.99,5.3,-0.7718,0.6359,18.0,18.0,18.0,station
2024-11-10,17.1,17.3,17.0,16.2,16.4,20.3,18.5,17.5,17.2,17.8,16.8,0.47,-1.46,87,98,10.6,4.56,4.4,-0.7607,0.6491,18.2,17.0,17.0,station
2024-11-11,18.8,17.9,15.9,16.3,16.9,16.9,17.6,16.2,16.1,16.5,17.16,1.19,0.5,86,100,9.9,3.92,0.1,-0.7494,0.6621,18.2,17.0,17.0,station
2024-11-12,20.2,19.1,19.0,18.6,20.3,19.9,18.6,17.9,19.2,19.9,19.44,0.76,0.34,84,77,10.8,7.65,0.3,-0.7379,0.6749,20.3,18.0,18.0,station
2024-11-13,20.1,19.6,19.2,19.9,20.4,20.6,19.7,19.0,19.8,18.3,19.84,0.46,0.36,88,80,7.1,7.25,0.1,-0.7262,0.6875,20.1,19.0,19.0,station
2024-11-14,21.8,20.9,21.3,20.2,20.1,21.9,20.5,20.9,20.7,20.5,20.86,0.72,-0.04,88,70,6.0,8.5,0.3,-0.7143,0.6998,21.0,20.0,20.0,station
2024-11-15,19.6,19.5,19.6,19.1,19.9,20.2,19.7,19.3,18.6,20.1,19.54,0.29,-0.04,89,93,10.0,3.74,0.4,-0.7021,0.712,19.5,19.0,19.0,station
2024-11-16,17.5,18.3,17.8,16.9,16.5,17.4,17.4,17.7,17.1,17.1,17.4,0.71,0.06,72,100,11.8,3.51,0.0,-0.6898,0.724,17.7,19.0,19.0,station
2024-11-17,14.5,14.4,14.0,13.5,13.7,14.3,14.1,12.3,12.8,13.6,14.02,0.43,0.6,72,100,9.4,3.43,0.3,-0.6772,0.7358,13.8,16.0,16.0,station
2024-11-18,14.4,12.7,11.2,13.0,14.0,13.7,12.5,10.8,13.0,13.0,13.06,1.25,0.46,74,95,10.8,7.98,0.1,-0.6645,0.7473,14.0,13.0,13.0,station
2024-11-19,12.2,12.0,10.7,12.5,13.0,11.1,11.8,10.4,12.2,12.9,12.08,0.86,0.4,76,95,10.6,6.18,0.0,-0.6515,0.7586,12.3,13.0,13.0,station
2024-11-20,15.6,14.9,15.6,15.1,15.2,12.3,14.0,15.6,14.6,14.9,15.28,0.31,1.0,78,49,4.9,11.77,0.0,-0.6384,0.7697,16.2,18.0,18.0,station
2024-11-21,17.1,16.9,17.1,16.1,16.6,17.2,16.3,16.9,16.1,16.5,16.76,0.42,0.16,80,94,5.9,9.92,0.0,-0.625,0.7806,16.4,19.0,19.0,station
2024-11-22,16.9,16.8,17.1,15.6,16.5,16.9,16.4,15.9,16.1,16.7,16.58,0.59,0.18,85,90,6.0,8.14,0.0,-0.6115,0.7912,15.9,16.0,16.0,station
2024-11-23,14.4,14.6,15.5,14.1,15.5,15.0,14.6,15.7,14.9,15.0,14.82,0.65,-0.22,85,98,8.2,4.59,0.3,-0.5978,0.8016,15.3,15.0,15.0,station
2024-11-24,12.5,12.6,13.2,12.7,13.2,13.3,12.6,13.1,13.7,12.8,12.84,0.34,-0.26,92,100,17.2,2.32,5.9,-0.584,0.8118,12.7,12.0,12.0,station
2024-11-25,11.7,13.5,13.4,12.6,9.2,10.5,13.5,13.7,12.8,9.6,12.08,1.77,0.06,65,94,17.5,5.49,0.5,-0.5699,0.8217,12.0,13.0,13.0,station
2024-11-26,10.0,11.2,11.9,11.6,9.0,10.7,11.2,12.7,12.5,8.2,10.74,1.21,-0.32,77,99,8.6,5.93,0.0,-0.5557,0.8314,10.7,11.0,11.0,station
2024-11-27,12.7,13.9,13.9,12.5,11.5,12.7,14.5,14.0,13.0,10.6,12.9,1.02,-0.06,78,74,6.4,9.2,0.0,-0.5413,0.8408,13.5,15.0,15.0,station
2024-11-28,14.0,14.7,14.8,13.5,13.8,12.9,14.7,14.7,13.5,12.7,14.16,0.57,0.46,82,46,8.0,11.02,0.0,-0.5268,0.85,14.4,14.0,14.0,station
2024-11-29,15.1,14.4,14.9,13.6,13.7,15.5,14.4,15.2,14.0,13.5,14.34,0.68,-0.18,84,33,4.5,10.46,0.0,-0.5121,0.859,14.7,17.0,17.0,station
2024-11-30,15.5,15.7,15.0,15.2,15.5,15.8,15.5,14.9,14.8,14.5,15.38,0.28,0.28,83,20,4.7,11.26,0.4,-0.4972,0.8676,15.8,19.0,19.0,station
2024-12-01,16.3,16.3,15.3,16.5,16.1,15.8,15.6,15.9,15.5,15.7,16.1,0.47,0.4,79,10,6.7,11.13,0.0,-0.4822,0.8761,16.4,18.0,18.0,station
2024-12-02,15.7,15.3,14.2,15.5,13.8,16.0,14.6,15.9,15.8,13.7,14.9,0.85,-0.3,86,66,9.6,7.05,0.0,-0.4671,0.8842,14.4,15.0,15.0,station
2024-12-03,16.3,15.4,14.3,15.7,15.4,14.7,16.1,13.1,13.7,16.7,15.42,0.73,0.56,80,70,6.5,7.64,0.0,-0.4518,0.8921,16.3,16.0,16.0,station
2024-12-04,12.9,13.9,12.4,13.2,15.0,12.5,12.9,12.1,14.5,14.8,13.48,1.01,0.12,82,93,7.7,4.07,0.0,-0.4364,0.8998,13.9,15.0,15.0,station
2024-12-05,12.1,14.1,15.4,14.0,13.3,12.1,13.7,15.3,14.3,13.5,13.78,1.21,0.0,70,95,9.7,5.22,0.0,-0.4208,0.9071,12.5,15.0,15.0,station
2024-12-06,12.6,13.0,13.6,13.5,10.4,12.1,13.0,14.1,12.6,11.6,12.62,1.3,-0.06,77,86,8.1,7.53,0.3,-0.4052,0.9142,13.0,12.0,12.0,station
2024-12-07,9.3,10.9,13.7,11.5,9.5,8.6,10.7,13.8,11.2,8.4,10.98,1.78,0.44,80,99,16.6,4.26,2.0,-0.3894,0.9211,10.6,12.0,12.0,station
2024-12-08,7.2,7.8,8.6,8.6,6.6,6.2,7.8,9.7,8.8,6.7,7.76,0.88,-0.08,87,100,12.4,2.73,4.2,-0.3735,0.9276,8.6,7.0,7.0,station
2024-12-09,8.1,7.0,7.2,8.1,7.2,8.7,7.2,7.4,8.9,6.9,7.52,0.54,-0.3,88,100,16.4,3.23,3.8,-0.3575,0.9339,8.4,7.0,7.0,station
2024-12-10,9.1,8.8,9.7,9.7,8.3,9.2,8.5,10.4,10.4,8.6,9.12,0.6,-0.3,82,99,7.9,4.78,0.3,-0.3413,0.9399,9.2,10.0,10.0,station
2024-12-11,11.8,11.3,11.5,11.8,11.0,11.8,11.1,11.9,11.6,10.6,11.48,0.34,0.08,76,18,6.3,11.09,0.0,-0.3251,0.9457,11.4,11.0,11.0,station
2024-12-12,8.0,8.6,10.7,10.4,9.7,8.4,9.2,10.8,10.3,9.8,9.48,1.16,-0.22,82,100,10.1,3.25,0.2,-0.3088,0.9511,8.7,9.0,9.0,station
2024-12-13,6.8,7.5,9.5,8.3,6.1,7.0,7.8,9.6,8.4,5.7,7.64,1.32,-0.06,55,100,12.4,2.95,0.0,-0.2924,0.9563,6.6,8.0,8.0,station
2024-12-14,9.9,10.4,10.6,10.0,8.3,9.9,10.3,10.0,10.1,7.3,9.84,0.91,0.32,62,52,8.5,11.07,0.0,-0.2759,0.9612,9.4,11.0,11.0,station
2024-12-15,10.9,11.5,10.6,10.9,9.5,11.5,11.9,11.0,10.5,9.1,10.68,0.74,-0.12,75,28,7.7,10.92,0.0,-0.2593,0.9658,10.2,13.0,13.0,station
2024-12-16,11.8,11.5,11.4,11.5,10.2,11.8,10.9,11.4,10.9,9.4,11.28,0.62,0.4,80,17,7.1,10.61,0.0,-0.2427,0.9701,11.5,13.0,13.0,station
2024-12-17,11.7,11.7,12.9,12.2,11.6,12.0,11.9,12.8,11.9,10.7,12.02,0.54,0.16,83,49,4.7,10.36,0.0,-0.226,0.9741,11.7,14.0,14.0,station
2024-12-18,11.6,11.1,12.4,10.9,10.5,10.4,9.7,12.5,10.2,8.2,11.3,0.73,1.1,92,76,9.3,6.5,0.3,-0.2092,0.9779,9.5,10.0,10.0,station
2024-12-19,10.4,8.7,10.2,11.0,9.2,10.3,8.8,10.3,10.5,9.0,9.9,0.93,0.12,86,81,9.6,6.3,0.1,-0.1923,0.9813,10.3,11.0,11.0,station
2024-12-20,11.0,9.5,8.8,11.1,9.3,11.5,9.6,9.4,10.1,8.0,9.94,1.05,0.22,84,96,8.5,5.37,0.4,-0.1754,0.9845,10.5,10.0,10.0,station
2024-12-21,10.0,9.8,11.7,9.8,10.1,9.9,9.4,11.2,10.8,10.2,10.28,0.8,-0.02,90,92,6.1,4.31,1.5,-0.1585,0.9874,9.2,10.0,10.0,station
2024-12-22,7.0,7.0,9.5,7.8,7.9,7.4,7.7,8.6,8.5,8.5,7.84,1.02,-0.3,86,100,9.4,3.45,2.3,-0.1414,0.9899,8.0,7.0,7.0,station
2024-12-23,8.6,7.1,8.2,8.4,6.4,9.0,7.3,8.9,8.6,6.4,7.74,0.95,-0.3,87,100,10.2,2.87,0.9,-0.1244,0.9922,8.0,6.0,6.0,station
2024-12-24,10.5,8.6,9.9,10.4,8.8,11.1,8.3,10.1,10.1,8.8,9.64,0.89,-0.04,78,75,11.4,9.06,0.8,-0.1073,0.9942,10.7,10.0,10.0,station
2024-12-25,10.3,10.3,11.1,10.8,9.8,9.3,9.9,10.6,11.1,8.6,10.46,0.5,0.56,78,90,7.2,5.68,0.0,-0.0902,0.9959,9.7,10.0,10.0,station
2024-12-26,12.8,12.4,12.3,12.0,10.9,12.9,12.5,12.3,12.2,10.3,12.08,0.72,0.04,81,53,6.1,9.82,0.0,-0.073,0.9973,12.2,14.0,14.0,station
2024-12-27,8.6,10.5,11.6,10.4,7.7,10.0,10.9,11.7,10.1,8.2,9.76,1.58,-0.42,76,91,11.5,2.3,1.6,-0.0559,0.9984,8.3,10.0,10.0,station
2024-12-28,10.4,10.6,10.3,10.0,8.2,10.2,10.8,10.7,10.2,8.1,9.9,0.97,-0.1,64,66,5.4,9.1,0.0,-0.0387,0.9993,10.9,10.0,10.0,station
2024-12-29,6.9,8.1,7.4,7.7,6.2,7.5,7.9,8.0,7.9,6.4,7.26,0.74,-0.28,74,100,10.2,2.52,0.0,-0.0215,0.9998,6.9,8.0,8.0,station
2024-12-30,13.7,14.3,13.2,12.8,12.3,13.9,14.7,13.0,12.8,12.2,13.26,0.78,-0.06,72,48,7.0,11.02,0.0,-0.0043,1.0,13.0,17.0,17.0,station
2024-12-31,13.7,13.7,12.7,13.8,11.7,14.0,14.2,12.9,12.9,10.8,13.12,0.91,0.16,72,32,5.0,10.92,0.0,0.0129,0.9999,13.4,,,
2025-01-01,12.4,12.8,12.7,13.3,12.1,12.8,12.4,12.6,12.9,10.8,12.66,0.45,0.36,80,16,8.9,10.23,0.1,0.0172,0.9999,12.2,14.0,14.0,station
2025-01-02,14.6,15.8,15.0,15.8,14.2,14.5,15.4,15.1,15.3,12.8,15.08,0.72,0.46,77,60,8.3,8.95,0.0,0.0344,0.9994,14.7,17.0,17.0,station
2025-01-03,14.2,13.9,14.3,14.6,12.9,13.3,13.6,13.6,14.5,12.2,13.98,0.65,0.54,80,36,12.7,10.57,0.0,0.0516,0.9987,13.7,15.0,15.0,station
2025-01-04,14.0,13.4,14.9,14.1,13.9,13.8,13.3,13.2,12.4,13.0,14.06,0.54,0.92,78,55,9.4,8.85,0.9,0.0688,0.9976,13.9,15.0,15.0,station
2025-01-05,12.2,11.5,13.3,13.9,12.4,13.2,11.7,13.9,14.3,12.9,12.66,0.94,-0.54,81,27,9.3,10.36,0.0,0.0859,0.9963,12.1,14.0,14.0,station
2025-01-06,13.2,12.4,14.1,13.3,12.8,13.5,12.4,13.5,13.7,12.4,13.16,0.63,0.06,81,57,8.5,10.34,0.0,0.103,0.9947,12.6,14.0,14.0,station
2025-01-07,7.7,9.1,10.2,9.7,8.0,7.5,9.7,10.6,9.5,7.6,8.94,1.07,-0.04,82,100,10.5,2.88,2.0,0.1201,0.9928,7.8,10.0,10.0,station
2025-01-08,9.0,10.7,11.3,10.7,8.5,8.3,9.9,11.5,10.8,8.4,10.04,1.22,0.26,77,98,8.3,8.85,0.0,0.1372,0.9905,10.2,12.0,12.0,station
2025-01-09,12.0,11.7,11.7,12.1,10.7,11.7,11.3,12.1,11.5,10.1,11.64,0.55,0.3,81,72,6.6,8.1,0.4,0.1542,0.988,11.1,14.0,14.0,station
2025-01-10,7.2,8.2,9.4,9.3,7.5,7.0,8.9,10.8,9.2,7.2,8.32,1.01,-0.3,90,100,10.5,3.36,3.0,0.1712,0.9852,7.8,9.0,9.0,station
2025-01-11,11.7,11.1,11.8,11.8,10.0,12.0,11.1,12.0,11.8,10.1,11.28,0.77,-0.12,75,50,9.9,11.48,0.5,0.1881,0.9821,11.4,14.0,14.0,station
2025-01-12,10.4,9.5,10.0,10.7,7.7,10.4,8.9,11.5,11.1,7.7,9.66,1.18,-0.26,83,65,8.1,7.11,0.0,0.205,0.9788,9.3,9.0,9.0,station
2025-01-13,10.1,12.2,11.8,11.0,11.0,11.5,11.9,11.9,12.2,10.1,11.22,0.81,-0.3,83,77,8.0,8.34,2.8,0.2218,0.9751,11.4,14.0,14.0,station
2025-01-14,12.1,13.7,12.8,12.6,10.9,11.8,12.9,13.2,12.8,10.3,12.42,1.03,0.22,80,90,6.4,8.35,1.6,0.2385,0.9711,13.1,13.0,13.0,station
2025-01-15,9.9,10.0,11.6,11.3,9.9,11.1,10.3,11.7,10.7,9.0,10.54,0.84,-0.02,87,94,12.3,6.24,0.8,0.2552,0.9669,10.6,12.0,12.0,station
2025-01-16,12.1,10.7,12.1,12.2,9.6,12.0,10.9,12.7,11.8,10.5,11.34,1.15,-0.24,83,76,10.2,8.81,0.1,0.2718,0.9624,11.8,11.0,11.0,station
2025-01-17,9.0,8.7,8.4,10.1,8.0,9.3,8.7,9.3,10.5,7.9,8.84,0.8,-0.3,89,100,9.9,3.79,0.4,0.2883,0.9575,9.9,9.0,9.0,station
2025-01-18,14.0,12.8,13.6,13.3,13.2,14.2,12.8,12.5,13.5,12.7,13.38,0.45,0.24,79,42,8.9,11.71,0.1,0.3047,0.9524,13.3,15.0,15.0,station
2025-01-19,14.7,14.2,13.0,13.7,12.1,15.1,14.2,13.2,13.6,12.8,13.54,1.02,-0.24,84,66,6.3,9.45,0.0,0.3211,0.9471,13.4,14.0,14.0,station
2025-01-20,15.5,15.2,15.7,14.9,13.7,16.0,15.4,15.4,14.8,13.5,15.0,0.79,-0.02,85,50,6.4,11.07,0.0,0.3373,0.9414,15.1,17.0,17.0,station
2025-01-21,13.4,13.7,13.4,13.0,13.2,14.0,13.9,14.8,13.8,13.7,13.34,0.26,-0.7,85,81,8.3,8.96,0.0,0.3534,0.9355,14.8,14.0,14.0,station
2025-01-22,13.6,15.0,13.1,15.0,14.6,13.2,14.1,12.3,13.9,14.6,14.26,0.86,0.64,86,87,8.4,4.29,0.0,0.3695,0.9292,13.3,14.0,14.0,station
2025-01-23,12.8,12.9,11.2,13.3,13.9,13.0,12.8,11.3,12.8,13.2,12.82,1.0,0.2,89,92,10.1,5.66,0.1,0.3854,0.9227,13.6,12.0,12.0,station
2025-01-24,10.9,11.7,10.3,11.1,11.8,11.9,12.3,10.4,12.5,11.9,11.16,0.61,-0.64,89,100,12.0,2.9,3.5,0.4012,0.916,11.1,11.0,11.0,station
2025-01-25,9.9,10.1,9.4,10.3,9.8,9.1,10.3,11.2,10.6,10.8,9.9,0.34,-0.5,72,100,16.3,4.44,2.4,0.4169,0.9089,9.8,10.0,10.0,station
2025-01-26,9.0,10.2,11.2,10.4,6.3,9.3,10.5,11.7,10.1,7.2,9.42,1.91,-0.34,58,57,8.6,10.84,0.0,0.4325,0.9016,10.2,12.0,12.0,station
2025-01-27,10.1,7.3,9.5,8.4,6.3,8.6,7.6,9.8,9.0,5.2,8.32,1.56,0.28,72,56,9.9,4.71,0.0,0.4479,0.8941,7.3,7.0,7.0,station
2025-01-28,11.3,10.6,10.8,11.0,10.0,12.1,10.6,11.2,11.1,8.8,10.74,0.49,-0.02,78,64,5.7,11.08,0.0,0.4633,0.8862,10.7,13.0,13.0,station
2025-01-29,12.5,11.5,12.1,11.9,10.6,12.2,11.4,12.1,11.8,10.2,11.72,0.72,0.18,80,59,6.0,11.19,0.0,0.4784,0.8781,12.3,14.0,14.0,station
2025-01-30,9.1,9.2,9.3,10.6,9.8,9.8,9.2,9.0,10.0,8.4,9.6,0.62,0.32,79,100,8.0,3.7,1.8,0.4935,0.8698,9.9,10.0,10.0,station
2025-01-31,11.6,11.0,10.0,12.1,10.3,11.6,10.7,9.8,12.3,11.4,11.0,0.87,-0.16,83,90,12.9,6.97,1.1,0.5084,0.8611,11.6,10.0,10.0,station
2025-02-01,8.9,9.8,9.3,10.2,9.0,9.5,10.2,10.3,11.8,10.4,9.44,0.55,-1.0,85,99,11.8,5.46,0.2,0.5231,0.8523,9.9,11.0,11.0,station
2025-02-02,10.2,12.0,12.6,12.1,9.1,10.7,11.4,12.5,12.6,11.1,11.2,1.48,-0.46,78,89,9.7,7.5,0.0,0.5377,0.8432,12.0,14.0,14.0,station
2025-02-03,12.2,12.2,12.7,12.4,10.4,11.9,11.7,12.3,12.3,10.2,11.98,0.91,0.3,66,56,9.6,12.9,0.1,0.5521,0.8338,12.9,15.0,15.0,station
2025-02-04,13.6,11.3,9.5,10.8,10.7,13.5,11.3,11.1,11.8,9.5,11.18,1.51,-0.26,77,56,9.5,8.56,0.0,0.5664,0.8242,12.6,14.0,14.0,station
2025-02-05,7.8,8.9,7.8,10.5,7.6,7.8,9.1,9.5,10.0,7.3,8.52,1.22,-0.22,79,100,12.1,4.85,0.6,0.5805,0.8143,8.9,10.0,10.0,station
2025-02-06,7.1,7.7,10.6,9.9,7.3,6.8,8.0,11.6,8.7,6.1,8.52,1.61,0.28,79,98,11.4,4.42,1.5,0.5944,0.8042,8.1,11.0,11.0,station
2025-02-07,6.5,8.5,10.9,9.9,7.7,6.9,8.9,11.0,9.5,7.3,8.7,1.74,-0.02,81,100,12.7,2.98,1.3,0.6081,0.7938,7.5,9.0,9.0,station
2025-02-08,6.9,7.4,6.3,7.3,5.6,4.6,7.7,6.8,7.7,4.5,6.7,0.75,0.44,88,100,15.7,5.52,4.2,0.6217,0.7833,8.9,7.0,7.0,station
2025-02-09,9.2,8.0,7.9,9.0,7.6,9.3,8.3,7.5,8.1,6.7,8.34,0.71,0.36,88,98,7.8,4.16,2.9,0.6351,0.7725,8.3,9.0,9.0,station
2025-02-10,12.0,11.0,11.1,11.0,10.2,12.0,10.5,11.4,10.4,9.3,11.06,0.64,0.34,81,85,6.0,9.9,2.0,0.6483,0.7614,11.1,12.0,12.0,station
2025-02-11,12.9,12.1,12.2,11.8,11.2,13.7,11.9,11.9,12.3,11.3,12.04,0.62,-0.18,79,99,11.3,6.47,0.0,0.6613,0.7502,11.0,11.0,11.0,station
2025-02-12,10.0,10.7,10.5,8.9,7.5,9.4,10.6,10.7,11.2,7.8,9.52,1.33,-0.42,63,99,11.9,9.18,1.6,0.6741,0.7387,10.7,11.0,11.0,station
2025-02-13,9.6,10.3,11.2,10.3,9.0,10.0,10.8,10.5,10.8,8.3,10.08,0.83,-0.0,74,94,11.4,8.28,0.0,0.6867,0.727,10.1,9.0,9.0,station
2025-02-14,11.1,11.4,11.0,10.4,11.0,12.2,11.9,12.0,11.6,11.2,10.98,0.36,-0.8,79,99,7.8,10.65,0.3,0.6991,0.715,10.0,10.0,10.0,station
2025-02-15,13.9,14.3,14.0,13.6,12.6,15.2,14.6,14.1,13.8,13.6,13.68,0.65,-0.58,79,78,7.3,11.01,3.3,0.7113,0.7029,13.2,14.0,14.0,station
2025-02-16,12.1,13.9,14.1,12.3,13.4,12.3,13.7,14.4,12.9,13.0,13.16,0.92,-0.1,85,100,9.5,6.46,1.8,0.7233,0.6906,12.5,15.0,15.0,station
2025-02-17,13.9,13.5,14.4,13.3,13.3,13.8,13.7,12.8,12.9,12.2,13.68,0.47,0.6,81,89,6.4,10.38,1.2,0.735,0.678,14.2,14.0,14.0,station
2025-02-18,11.5,11.3,9.9,11.5,11.4,9.9,11.7,12.4,12.0,9.2,11.12,0.69,0.08,90,98,7.9,4.63,5.7,0.7466,0.6653,11.6,12.0,12.0,station
2025-02-19,10.5,11.3,9.9,11.3,10.4,10.8,11.5,13.2,11.9,12.1,10.68,0.61,-1.22,92,100,7.8,2.92,3.2,0.7579,0.6523,9.9,9.0,9.0,station
2025-02-20,11.9,11.6,10.6,12.4,11.8,12.8,11.9,10.9,12.5,12.4,11.66,0.66,-0.44,87,97,10.3,6.39,2.2,0.769,0.6392,12.2,10.0,10.0,station
2025-02-21,9.1,9.6,9.3,10.8,10.6,10.0,9.3,9.5,10.7,10.5,9.88,0.77,-0.12,90,100,10.0,2.48,2.8,0.7799,0.6259,9.7,9.0,9.0,station
2025-02-22,8.9,9.1,8.2,10.7,10.3,9.5,9.3,8.1,10.4,10.8,9.44,1.03,-0.18,93,100,14.6,2.57,5.3,0.7906,0.6124,8.9,9.0,9.0,station
2025-02-23,9.9,8.7,9.7,9.6,9.4,10.6,8.9,10.9,10.2,9.3,9.46,0.46,-0.52,88,100,11.3,3.98,1.2,0.801,0.5987,8.7,9.0,9.0,station
2025-02-24,7.8,7.3,9.5,9.7,9.2,8.5,7.3,8.4,9.9,9.0,8.7,1.08,0.08,86,100,12.3,5.03,1.1,0.8112,0.5848,8.8,8.0,8.0,station
2025-02-25,14.5,13.3,13.9,13.2,12.6,14.7,12.9,12.7,13.7,12.9,13.5,0.72,0.12,79,82,8.5,14.26,0.1,0.8211,0.5708,13.6,16.0,16.0,station
2025-02-26,15.4,13.7,13.0,13.5,13.7,16.2,14.0,12.8,13.2,14.0,13.86,0.91,-0.18,80,85,7.4,12.18,0.2,0.8308,0.5566,14.0,16.0,16.0,station
2025-02-27,14.6,13.0,15.1,14.2,14.7,16.7,12.9,14.5,14.2,13.9,14.32,0.8,-0.12,80,91,9.1,8.12,0.0,0.8402,0.5422,14.0,12.0,12.0,station
2025-02-28,18.6,18.5,17.9,17.2,17.9,19.3,18.0,18.2,17.4,17.5,18.02,0.56,-0.06,82,58,5.8,16.03,0.0,0.8495,0.5277,17.9,18.0,18.0,station
2025-03-01,18.6,16.8,18.3,16.7,17.2,18.8,16.9,18.7,18.2,18.5,17.52,0.88,-0.7,81,61,10.5,10.65,0.5,0.8584,0.513,16.9,17.0,17.0,station
2025-03-02,19.3,17.1,16.4,16.9,16.7,17.8,17.0,15.1,17.4,16.7,17.28,1.16,0.48,82,99,10.1,9.71,2.1,0.8671,0.4981,19.0,18.0,18.0,station
2025-03-03,17.5,16.8,13.5,17.8,16.9,16.9,16.5,13.1,18.0,14.6,16.5,1.73,0.68,78,95,10.5,12.69,1.9,0.8755,0.4831,18.0,20.0,20.0,station
2025-03-04,14.9,12.9,12.4,12.8,13.1,14.1,12.7,10.8,13.0,11.7,13.22,0.97,0.76,82,90,11.2,8.39,3.8,0.8837,0.468,14.0,13.0,13.0,station
2025-03-05,11.0,11.2,10.4,12.4,11.5,10.2,10.6,10.1,12.6,10.3,11.3,0.73,0.54,92,100,12.9,2.71,14.3,0.8916,0.4527,11.1,13.0,13.0,station
2025-03-06,11.4,11.9,12.5,9.8,10.2,11.6,10.6,9.7,11.1,10.1,11.16,1.14,0.54,87,100,11.7,4.77,3.7,0.8993,0.4373,9.8,11.0,11.0,station
2025-03-07,10.4,9.9,12.4,10.5,11.1,11.1,10.2,11.1,10.2,10.5,10.86,0.96,0.24,89,94,6.4,5.66,2.3,0.9067,0.4218,11.0,11.0,11.0,station
2025-03-08,12.8,12.1,12.1,12.2,12.6,13.5,12.0,13.9,12.2,13.0,12.36,0.32,-0.56,87,99,7.3,7.42,1.7,0.9138,0.4061,12.4,12.0,12.0,station
2025-03-09,14.5,13.3,14.9,14.1,14.2,15.3,14.1,14.0,14.9,14.2,14.2,0.59,-0.3,82,86,5.3,10.18,0.5,0.9207,0.3904,13.9,14.0,14.0,station
2025-03-10,16.0,15.0,14.6,15.4,15.6,16.9,14.5,14.6,16.3,16.3,15.32,0.54,-0.4,83,75,7.2,9.08,0.0,0.9272,0.3745,15.1,15.0,15.0,station
2025-03-11,17.1,15.1,18.0,16.9,17.9,16.0,14.0,15.8,14.6,16.5,17.0,1.17,1.62,81,99,10.3,10.05,0.4,0.9335,0.3585,16.7,18.0,18.0,station
2025-03-12,18.8,17.6,15.7,15.9,15.4,18.6,16.7,14.6,16.6,17.1,16.68,1.46,-0.04,71,90,14.5,13.62,0.0,0.9396,0.3424,17.9,19.0,19.0,station
2025-03-13,17.3,16.1,16.7,15.9,16.7,16.6,16.3,15.8,16.4,16.1,16.54,0.55,0.3,77,97,6.7,9.17,0.2,0.9453,0.3261,16.2,15.0,15.0,station
2025-03-14,15.4,15.2,15.6,15.4,17.4,16.4,15.6,17.0,16.8,15.6,15.8,0.91,-0.48,83,100,11.5,8.95,4.9,0.9508,0.3098,17.1,17.0,17.0,station
2025-03-15,14.4,14.1,15.1,13.0,12.6,12.0,13.6,15.0,14.1,12.4,13.84,1.03,0.42,71,100,14.3,7.16,4.2,0.956,0.2934,13.2,13.0,13.0,station
2025-03-16,10.0,11.7,13.7,12.2,11.7,11.1,11.2,13.8,12.6,9.9,11.86,1.32,0.14,68,100,13.0,3.85,1.9,0.9609,0.2769,10.7,11.0,11.0,station
2025-03-17,9.1,9.1,12.8,10.5,10.0,9.5,9.4,12.5,10.5,10.1,10.3,1.52,-0.1,88,94,8.1,4.4,1.6,0.9655,0.2604,8.8,9.0,9.0,station
2025-03-18,12.1,12.3,13.6,11.2,12.4,13.1,13.4,13.4,12.1,13.2,12.32,0.86,-0.72,82,100,7.6,7.15,0.2,0.9698,0.2437,12.3,13.0,13.0,station
2025-03-19,15.8,14.9,14.3,14.0,14.0,15.4,15.0,15.9,14.6,13.7,14.6,0.76,-0.32,80,89,7.8,15.12,0.0,0.9739,0.227,15.9,18.0,18.0,station
2025-03-20,13.4,16.3,17.6,15.9,14.1,14.0,16.3,18.1,15.8,13.6,15.46,1.7,-0.1,78,83,8.4,12.47,0.1,0.9777,0.2102,16.7,17.0,17.0,station
2025-03-21,18.1,19.0,19.1,17.3,16.6,18.8,19.2,19.2,17.3,16.5,18.02,1.08,-0.18,70,37,7.5,18.24,0.0,0.9811,0.1934,19.0,19.0,19.0,station
2025-03-22,18.0,18.8,20.7,18.1,17.5,19.8,19.0,20.6,18.8,16.7,18.62,1.25,-0.36,71,89,6.5,11.37,0.0,0.9843,0.1765,18.8,18.0,18.0,station
2025-03-23,21.9,23.1,23.1,21.4,22.1,23.1,23.1,22.2,22.3,21.8,22.32,0.76,-0.18,65,82,11.7,16.53,0.2,0.9872,0.1595,22.4,23.0,23.0,station
2025-03-24,24.2,25.3,24.2,23.9,22.6,23.8,25.1,24.1,22.6,23.4,24.04,0.97,0.24,65,28,8.8,20.36,0.0,0.9898,0.1425,24.5,27.0,27.0,station
2025-03-25,25.7,27.0,26.1,25.9,24.0,25.4,27.1,25.7,24.9,23.5,25.74,1.09,0.42,60,0,8.8,20.63,0.0,0.9921,0.1255,26.9,29.0,29.0,station
2025-03-26,29.7,30.1,28.3,29.0,27.9,28.5,29.1,27.5,27.7,25.7,29.0,0.92,1.3,56,0,9.9,20.48,0.0,0.9941,0.1084,30.0,30.0,30.0,station
2025-03-27,25.1,27.9,23.2,22.5,23.2,25.3,26.0,22.3,20.8,24.5,24.38,2.19,0.6,26,19,25.8,20.37,0.0,0.9958,0.0913,27.3,28.0,28.0,station
2025-03-28,15.6,17.1,13.6,13.6,14.7,16.7,15.1,13.8,15.3,15.3,14.92,1.48,-0.32,26,89,26.7,10.84,0.0,0.9972,0.0741,14.2,18.0,18.0,station
2025-03-29,13.9,9.9,13.1,14.2,12.1,15.0,10.3,12.8,14.5,13.7,12.64,1.73,-0.62,44,96,15.4,12.69,0.0,0.9984,0.057,12.0,12.0,12.0,station
2025-03-30,13.7,11.8,13.0,12.7,12.6,14.6,11.5,12.2,12.3,11.1,12.76,0.69,0.42,65,89,7.4,8.67,5.6,0.9992,0.0398,12.6,11.0,11.0,station
2025-03-31,12.0,11.9,12.8,11.2,13.2,13.2,12.7,14.2,11.8,12.6,12.22,0.79,-0.68,86,100,7.9,4.05,3.7,0.9997,0.0226,9.2,9.0,9.0,station
2025-04-01,13.4,14.2,15.6,15.3,14.1,13.4,15.4,16.5,16.0,13.4,14.52,0.91,-0.42,82,99,8.2,9.72,2.0,1.0,0.0054,14.1,13.0,13.0,station
2025-04-02,19.9,18.8,19.9,17.8,16.3,19.9,18.6,18.9,18.2,16.1,18.54,1.53,0.2,69,67,9.5,17.65,1.4,0.9999,-0.0118,19.8,21.0,21.0,station
2025-04-03,20.0,20.0,22.4,19.6,17.5,21.3,19.7,20.3,18.8,17.3,19.9,1.74,0.42,69,84,7.9,15.18,2.5,0.9996,-0.029,21.7,22.0,22.0,station
2025-04-04,22.6,20.2,22.5,20.2,20.6,20.8,19.1,22.0,19.3,20.3,21.22,1.23,0.92,74,95,10.1,13.44,1.9,0.9989,-0.0462,22.6,23.0,23.0,station
2025-04-05,15.7,19.9,19.8,18.8,19.8,19.6,21.0,23.9,18.0,17.0,18.8,1.79,-1.1,72,100,13.1,7.68,1.7,0.998,-0.0634,20.9,18.0,18.0,station
2025-04-06,20.9,20.8,21.2,20.5,19.1,21.2,21.2,20.8,21.7,20.8,20.5,0.82,-0.64,77,90,10.9,13.47,0.2,0.9968,-0.0805,21.5,23.0,23.0,station
2025-04-07,23.8,24.3,23.4,22.9,23.9,25.1,24.7,23.3,24.1,22.1,23.66,0.53,-0.2,72,42,8.5,17.88,0.0,0.9952,-0.0977,24.5,25.0,25.0,station
2025-04-08,27.7,28.4,27.2,27.3,26.1,27.6,28.3,27.0,26.4,26.4,27.34,0.84,0.2,64,32,8.9,20.13,0.0,0.9934,-0.1148,28.0,30.0,30.0,station
2025-04-09,29.4,29.6,29.1,29.1,26.8,29.4,28.2,29.1,27.9,27.9,28.8,1.14,0.3,56,44,12.9,19.8,0.5,0.9913,-0.1319,29.9,31.0,31.0,station
2025-04-10,28.7,29.2,28.6,30.2,27.5,29.3,28.1,27.2,29.4,27.9,28.84,0.98,0.46,53,56,12.3,17.01,0.2,0.9889,-0.1489,30.5,30.0,30.0,station
2025-04-11,23.1,23.6,22.2,23.7,24.5,24.0,25.3,26.1,25.4,24.1,23.42,0.85,-1.56,66,99,22.5,7.12,7.4,0.9861,-0.1659,26.9,25.0,25.0,station
2025-04-12,15.8,20.4,17.8,18.6,17.6,16.4,21.3,19.1,18.4,17.2,18.04,1.67,-0.44,73,100,18.1,9.33,9.7,0.9831,-0.1828,18.0,18.0,18.0,station
2025-04-13,26.2,26.1,25.3,24.9,25.1,25.7,27.1,24.1,25.6,23.8,25.52,0.59,0.26,63,55,8.7,21.95,0.0,0.9799,-0.1997,25.6,28.0,28.0,station
2025-04-14,25.7,28.1,27.4,26.3,25.3,25.1,29.5,28.2,24.5,27.4,26.56,1.17,-0.38,66,97,6.6,15.72,0.0,0.9763,-0.2165,26.5,26.0,26.0,station
2025-04-15,29.5,29.3,28.3,27.5,28.8,28.7,29.1,26.7,28.0,26.1,28.68,0.81,0.96,59,88,8.5,20.5,0.0,0.9724,-0.2333,29.2,30.0,30.0,station
2025-04-16,29.9,30.3,27.7,28.7,29.0,30.0,29.7,27.5,29.4,29.8,29.12,1.03,-0.16,58,90,7.2,19.18,0.0,0.9683,-0.25,29.0,31.0,31.0,station
2025-04-17,32.4,32.9,31.6,32.1,32.5,32.4,32.5,30.5,30.8,32.3,32.3,0.48,0.6,56,24,13.1,21.86,0.0,0.9638,-0.2666,31.7,33.0,33.0,station
2025-04-18,33.9,33.6,31.8,33.2,34.3,33.0,33.3,31.7,32.8,33.8,33.36,0.96,0.44,52,36,20.7,19.41,0.1,0.9591,-0.2831,33.9,33.0,33.0,station
2025-04-19,33.2,34.4,31.8,32.8,33.9,34.7,34.1,31.9,34.2,31.1,33.22,1.01,0.02,47,51,14.9,21.96,0.1,0.9541,-0.2996,34.6,35.0,35.0,station
2025-04-20,33.0,33.2,33.4,31.5,33.5,33.0,33.0,32.1,32.5,33.0,32.92,0.82,0.2,54,54,9.6,19.36,0.1,0.9488,-0.316,33.0,33.0,33.0,station
2025-04-21,29.3,26.7,26.0,25.8,27.0,31.4,26.5,25.8,26.5,26.2,26.96,1.4,-0.32,48,71,27.4,14.36,1.3,0.9432,-0.3322,30.8,27.0,27.0,station
2025-04-22,29.7,27.4,26.9,26.5,24.7,29.8,26.2,27.1,26.9,27.0,27.04,1.8,-0.36,52,79,10.4,19.66,2.9,0.9373,-0.3484,28.8,27.0,27.0,station
2025-04-23,23.2,23.8,20.5,21.7,23.7,25.9,23.9,21.8,22.8,23.8,22.58,1.43,-1.06,69,94,9.0,11.27,1.4,0.9312,-0.3645,22.4,25.0,25.0,station
2025-04-24,24.6,25.7,23.8,25.4,24.3,24.1,25.6,25.6,25.2,24.9,24.76,0.78,-0.32,72,98,11.4,14.73,2.6,0.9248,-0.3804,23.7,26.0,26.0,station
2025-04-25,22.1,22.0,20.2,20.9,20.0,22.4,22.0,20.9,20.5,24.3,21.04,0.98,-0.98,81,100,8.7,10.29,4.9,0.9181,-0.3963,22.3,21.0,21.0,station
2025-04-26,19.6,18.8,20.0,19.3,21.1,20.7,19.4,17.8,21.7,23.6,19.76,0.87,-0.88,87,99,9.3,9.07,5.5,0.9112,-0.412,20.9,20.0,20.0,station
2025-04-27,25.2,26.1,27.0,24.1,25.3,26.7,25.8,27.5,25.8,27.3,25.54,1.08,-1.08,73,80,6.7,20.21,0.1,0.9039,-0.4276,26.2,28.0,28.0,station
2025-04-28,25.9,25.4,26.9,25.2,24.3,26.6,24.6,27.8,25.9,28.1,25.54,0.96,-1.06,70,100,15.2,12.3,0.3,0.8965,-0.4431,26.0,27.0,27.0,station
2025-04-29,23.7,20.8,22.1,22.2,20.6,21.1,19.5,24.6,21.0,23.2,21.88,1.25,0.0,79,100,9.2,5.21,7.0,0.8887,-0.4585,20.0,21.0,21.0,station
2025-04-30,27.4,26.8,26.8,26.7,26.3,29.7,26.9,27.2,29.2,26.5,26.8,0.39,-1.1,67,83,10.0,20.68,0.0,0.8807,-0.4737,26.7,29.0,29.0,station
2025-05-01,30.7,31.3,31.1,30.6,30.9,31.1,31.1,30.8,29.4,29.8,30.92,0.29,0.48,68,95,11.2,22.04,0.0,0.8724,-0.4888,30.8,32.0,32.0,station
2025-05-02,32.0,32.5,31.8,31.9,32.0,31.6,32.1,30.9,31.4,32.7,32.04,0.27,0.3,65,100,8.0,20.61,0.0,0.8639,-0.5037,31.2,33.0,33.0,station
2025-05-03,30.5,31.2,31.1,29.5,30.4,29.2,32.3,26.2,27.6,29.8,30.54,0.68,1.52,51,96,7.3,15.0,0.0,0.8551,-0.5185,32.5,32.0,32.0,station
2025-05-04,29.8,30.3,29.0,31.9,25.8,31.0,30.9,28.0,31.0,29.1,29.36,2.25,-0.64,65,81,22.6,17.62,9.1,0.846,-0.5331,29.4,30.0,30.0,station
2025-05-05,27.5,27.7,27.5,26.9,26.7,28.6,26.9,27.8,26.7,28.2,27.26,0.43,-0.38,65,66,19.5,22.13,4.1,0.8367,-0.5476,26.7,29.0,29.0,station
2025-05-06,27.6,24.9,25.8,27.5,23.0,25.2,26.6,25.9,26.0,29.4,25.76,1.92,-0.86,67,87,13.8,14.85,0.0,0.8272,-0.5619,27.3,24.0,24.0,station
2025-05-07,26.7,26.1,24.3,25.9,28.1,27.3,25.6,25.8,27.9,25.5,26.22,1.38,-0.2,73,80,13.2,15.57,4.2,0.8174,-0.5761,26.3,27.0,27.0,station
2025-05-08,29.0,28.1,28.4,27.1,24.9,28.0,27.8,27.5,28.1,27.0,27.5,1.61,-0.18,73,60,11.2,21.76,5.1,0.8074,-0.59,28.6,30.0,30.0,station
2025-05-09,26.8,25.3,25.7,24.8,27.0,26.5,24.7,26.6,24.3,22.7,25.92,0.95,0.96,51,94,20.2,14.87,0.1,0.7971,-0.6038,25.4,26.0,26.0,station
2025-05-10,26.5,26.0,27.2,26.2,27.1,27.1,25.7,28.4,24.4,27.7,26.6,0.53,-0.06,55,63,16.7,18.59,0.6,0.7866,-0.6175,25.7,27.0,27.0,station
2025-05-11,27.9,28.7,28.0,28.0,29.8,28.9,28.5,29.0,28.7,29.7,28.48,0.8,-0.48,54,2,11.9,23.96,0.0,0.7759,-0.6309,28.2,30.0,30.0,station
2025-05-12,31.3,31.3,29.8,30.8,30.8,30.9,30.6,28.6,29.7,31.0,30.8,0.61,0.64,41,36,19.1,23.51,0.0,0.7649,-0.6442,31.9,32.0,32.0,station
2025-05-13,32.7,30.0,25.9,27.6,31.2,32.1,27.9,25.1,25.6,28.7,29.48,2.74,1.6,37,71,15.4,22.31,0.0,0.7537,-0.6572,33.7,31.0,31.0,station
2025-05-14,30.9,27.3,30.1,28.4,28.3,32.4,26.7,30.9,29.4,30.9,29.0,1.46,-1.06,43,100,13.7,9.78,0.0,0.7423,-0.6701,30.0,29.0,29.0,station
2025-05-15,32.3,29.8,31.2,29.9,29.7,33.4,28.3,32.0,30.3,32.4,30.58,1.14,-0.7,43,93,11.5,15.89,0.0,0.7306,-0.6828,31.7,29.0,29.0,station
2025-05-16,26.9,28.0,30.6,26.6,27.6,29.8,27.7,31.1,31.3,29.4,27.94,1.59,-1.92,58,94,6.3,7.03,0.3,0.7188,-0.6952,26.6,26.0,26.0,station
2025-05-17,27.0,27.9,27.9,28.8,32.0,28.7,28.8,31.9,31.0,32.9,28.72,1.94,-1.94,65,98,7.7,10.32,0.0,0.7067,-0.7075,28.6,25.0,25.0,station
2025-05-18,32.4,29.6,30.6,29.0,30.0,32.3,30.3,29.1,32.2,29.2,30.32,1.3,-0.3,63,100,9.0,17.34,0.0,0.6945,-0.7195,31.2,31.0,31.0,station
2025-05-19,33.8,32.9,33.6,31.0,32.4,34.3,32.3,33.0,31.7,33.4,32.74,1.12,-0.2,50,63,9.7,22.29,0.0,0.682,-0.7314,34.5,34.0,34.0,station
2025-05-20,35.8,36.5,35.4,34.0,34.3,35.8,36.0,35.1,32.5,31.4,35.2,1.04,1.04,42,25,10.0,22.97,0.0,0.6693,-0.743,36.5,36.0,36.0,station
2025-05-21,36.8,32.5,34.4,33.4,31.5,37.7,33.7,35.8,33.9,32.3,33.72,2.03,-0.96,44,72,12.2,17.0,0.1,0.6564,-0.7544,35.5,32.0,32.0,station
2025-05-22,35.4,34.7,34.2,34.9,33.2,34.7,34.2,34.0,33.8,33.4,34.48,0.83,0.46,50,65,19.9,20.6,0.0,0.6433,-0.7656,34.6,35.0,35.0,station
2025-05-23,28.1,30.0,33.9,28.5,30.3,34.4,30.7,34.9,31.4,30.4,30.16,2.29,-2.2,52,100,17.2,8.3,0.3,0.6301,-0.7765,29.6,28.0,28.0,station
2025-05-24,27.0,29.9,30.2,29.5,29.3,30.8,30.1,32.3,30.9,29.8,29.18,1.27,-1.6,49,93,18.0,17.39,0.0,0.6166,-0.7873,30.5,30.0,30.0,station
2025-05-25,31.4,30.9,29.1,28.7,30.1,29.2,31.2,30.2,29.5,30.2,30.04,1.15,-0.02,49,72,12.5,17.53,0.0,0.603,-0.7978,30.9,32.0,32.0,station
2025-05-26,29.8,29.3,25.5,26.9,29.2,30.4,29.8,26.5,27.8,28.7,28.14,1.85,-0.5,56,86,12.3,15.11,1.3,0.5892,-0.808,29.3,29.0,29.0,station
2025-05-27,25.2,23.2,21.1,22.8,23.1,25.3,22.7,22.5,24.8,21.8,23.08,1.46,-0.34,87,100,20.0,5.76,40.2,0.5752,-0.818,24.4,25.0,25.0,station
2025-05-28,27.8,27.9,28.5,27.3,26.1,30.7,27.4,28.7,27.8,26.2,27.52,0.9,-0.64,75,64,8.0,18.22,0.0,0.561,-0.8278,27.3,28.0,28.0,station
2025-05-29,28.9,28.6,29.1,26.6,27.8,30.2,28.6,29.7,26.1,25.7,28.2,1.02,0.14,74,52,8.3,18.24,0.9,0.5467,-0.8373,27.3,26.0,26.0,station
2025-05-30,23.5,24.1,22.9,22.8,24.1,25.1,24.6,24.3,23.4,21.3,23.48,0.63,-0.26,81,100,16.6,10.26,5.2,0.5322,-0.8466,26.1,23.0,23.0,station
2025-05-31,22.7,23.3,20.6,20.9,24.0,24.6,22.8,22.1,22.1,24.4,22.3,1.49,-0.9,85,100,10.3,7.29,3.2,0.5176,-0.8556,22.5,22.0,22.0,station
2025-06-01,25.0,24.3,21.8,22.4,25.3,28.5,24.4,22.5,24.9,28.0,23.76,1.57,-1.9,85,100,8.2,7.17,1.6,0.5028,-0.8644,23.8,27.0,27.0,station
2025-06-02,26.0,26.5,22.7,26.0,28.0,26.4,26.7,22.5,27.4,27.7,25.84,1.94,-0.3,79,100,11.5,7.97,0.3,0.4878,-0.8729,25.6,27.0,27.0,station
2025-06-03,27.8,27.6,22.4,28.5,29.9,29.4,28.1,29.0,27.7,30.7,27.24,2.85,-1.74,69,98,11.5,11.08,0.0,0.4728,-0.8812,27.4,29.0,29.0,station
2025-06-04,30.0,29.4,29.0,28.9,29.7,28.9,29.0,28.7,28.5,29.2,29.4,0.46,0.54,63,66,8.7,18.98,0.4,0.4575,-0.8892,29.2,30.0,30.0,station
2025-06-05,31.0,30.6,30.3,30.4,30.9,31.0,30.0,28.9,28.8,30.6,30.64,0.3,0.78,61,71,9.0,15.64,0.0,0.4422,-0.8969,30.9,31.0,31.0,station
2025-06-06,32.0,31.1,29.0,29.5,32.0,32.8,31.3,30.1,30.1,31.4,30.72,1.4,-0.42,56,65,13.1,16.16,0.0,0.4267,-0.9044,33.2,32.0,32.0,station
2025-06-07,34.9,29.8,24.9,29.9,32.0,32.8,28.6,25.1,28.5,29.4,30.3,3.66,1.42,52,88,11.3,14.2,0.0,0.4111,-0.9116,31.9,31.0,31.0,station
2025-06-08,35.8,33.6,34.4,34.9,34.1,37.0,33.3,32.8,34.3,33.7,34.56,0.84,0.34,46,77,10.5,20.84,0.0,0.3953,-0.9185,36.7,33.0,33.0,station
2025-06-09,33.2,32.7,33.4,30.7,32.9,30.8,31.3,33.9,29.8,34.7,32.58,1.08,0.48,55,93,11.2,11.41,0.0,0.3795,-0.9252,33.1,29.0,29.0,station
2025-06-10,37.5,36.4,35.9,35.6,36.1,36.9,36.0,35.6,37.5,35.7,36.3,0.73,-0.04,45,45,16.3,20.62,0.0,0.3635,-0.9316,36.7,36.0,36.0,station
2025-06-11,37.0,37.5,35.2,35.3,35.1,37.4,37.2,34.5,34.4,36.3,36.02,1.14,0.06,34,27,8.9,22.77,0.0,0.3474,-0.9377,37.9,36.0,36.0,station
2025-06-12,38.2,38.8,36.1,36.2,37.1,38.2,38.7,36.0,36.0,35.6,37.28,1.2,0.38,32,8,11.5,24.42,0.0,0.3312,-0.9436,39.0,37.0,37.0,station
2025-06-13,39.0,39.1,36.6,36.5,37.6,38.9,39.3,35.7,36.5,37.1,37.76,1.25,0.26,36,16,9.2,22.62,0.0,0.3149,-0.9491,39.4,38.0,38.0,station
2025-06-14,34.3,32.1,28.7,31.2,29.7,33.4,32.4,28.9,29.1,33.4,31.2,2.17,-0.24,39,65,24.5,13.13,0.0,0.2986,-0.9544,34.0,31.0,31.0,station
2025-06-15,37.3,36.6,35.0,34.9,35.5,38.1,36.8,34.6,37.2,35.5,35.86,1.05,-0.58,46,44,13.7,24.01,0.0,0.2821,-0.9594,36.4,37.0,37.0,station
2025-06-16,38.2,38.0,36.1,33.1,36.4,39.2,37.8,36.0,34.6,36.7,36.36,2.05,-0.5,36,47,12.8,22.23,0.0,0.2656,-0.9641,39.8,38.0,38.0,station
2025-06-17,39.7,38.0,37.0,36.4,37.7,40.2,38.7,36.6,31.7,38.3,37.76,1.25,0.66,45,84,19.9,20.62,12.2,0.2489,-0.9685,40.1,38.0,38.0,station
2025-06-18,27.5,28.3,26.9,26.0,27.6,30.9,28.3,30.1,25.0,26.5,27.26,0.86,-0.9,89,99,21.6,11.62,27.8,0.2322,-0.9727,27.2,29.0,29.0,station
2025-06-19,32.1,29.2,26.3,31.7,31.1,29.8,27.4,31.9,30.9,27.4,30.08,2.39,0.6,75,87,8.8,18.39,1.3,0.2155,-0.9765,31.6,33.0,33.0,station
2025-06-20,32.3,29.8,27.3,32.2,31.4,28.0,27.7,31.1,28.5,32.2,30.6,2.1,1.1,78,100,11.3,8.4,0.0,0.1986,-0.9801,29.8,31.0,31.0,station
2025-06-21,29.4,30.8,28.8,31.3,34.1,27.9,28.6,27.1,30.2,29.6,30.88,2.07,2.2,72,67,13.1,17.44,0.8,0.1818,-0.9833,29.9,34.0,34.0,station
2025-06-22,30.1,30.8,31.8,32.2,31.3,28.6,30.8,32.0,32.5,30.0,31.24,0.83,0.46,84,59,12.1,20.2,9.4,0.1648,-0.9863,28.8,33.0,33.0,station
2025-06-23,26.6,27.4,28.3,26.5,27.9,29.4,29.0,29.7,28.1,27.8,27.34,0.79,-1.46,79,91,14.6,13.63,1.4,0.1478,-0.989,28.5,25.0,25.0,station
2025-06-24,22.8,23.3,21.8,22.3,24.4,22.9,23.1,21.7,23.0,25.6,22.92,1.0,-0.34,92,100,15.9,2.83,54.7,0.1308,-0.9914,22.4,23.0,23.0,station
2025-06-25,27.2,26.8,25.5,26.2,25.1,28.8,27.1,25.9,29.1,23.8,26.16,0.87,-0.78,81,83,6.1,19.16,1.6,0.1137,-0.9935,28.3,28.0,28.0,station
2025-06-26,29.5,30.0,29.1,29.4,29.6,29.6,29.3,28.8,28.8,28.5,29.52,0.33,0.52,79,28,5.9,20.2,0.5,0.0966,-0.9953,29.3,29.0,29.0,station
2025-06-27,29.7,30.9,30.0,29.2,33.0,31.1,31.0,30.3,29.5,32.7,30.56,1.5,-0.36,80,60,5.7,17.06,1.4,0.0795,-0.9968,29.5,32.0,32.0,station
2025-06-28,31.0,32.5,32.3,30.6,33.8,31.0,32.4,31.9,30.1,34.1,32.04,1.28,0.14,80,64,8.2,18.94,0.5,0.0623,-0.9981,31.2,33.0,33.0,station
2025-06-29,25.1,27.2,25.8,25.7,25.9,26.7,27.0,29.2,26.0,28.6,25.94,0.77,-1.56,91,91,12.8,10.99,29.8,0.0451,-0.999,27.3,29.0,29.0,station
2025-06-30,30.4,30.8,31.2,31.3,30.1,29.8,30.9,30.9,32.4,28.4,30.76,0.51,0.28,79,26,10.8,23.14,0.6,0.028,-0.9996,30.7,34.0,34.0,station
2025-07-01,30.6,31.0,30.3,31.6,30.8,31.2,30.9,31.5,31.8,32.0,30.86,0.49,-0.62,82,51,10.5,20.53,0.6,0.0108,-0.9999,30.6,34.0,34.0,station
2025-07-02,30.6,29.7,30.1,30.1,28.2,30.3,28.0,28.9,27.5,29.4,29.74,0.92,0.92,85,99,11.5,12.2,1.8,-0.0065,-1.0,28.9,29.0,29.0,station
2025-07-03,27.5,28.8,27.9,27.0,28.7,27.2,27.7,29.2,26.4,24.3,27.98,0.77,1.02,92,100,13.6,7.29,27.2,-0.0237,-0.9997,26.8,27.0,27.0,station
2025-07-04,30.1,30.5,28.9,29.1,27.8,30.4,30.2,27.1,29.2,28.6,29.28,1.06,0.18,87,96,21.1,18.1,40.7,-0.0408,-0.9992,30.7,31.0,31.0,station
2025-07-05,28.9,25.6,23.5,25.1,23.4,28.1,25.9,23.7,24.9,24.0,25.3,2.23,-0.02,74,70,18.9,18.12,6.9,-0.058,-0.9983,28.5,29.0,29.0,station
2025-07-06,27.9,26.4,24.6,28.0,25.7,28.7,26.6,24.2,24.6,25.8,26.52,1.45,0.54,85,100,10.6,10.93,10.3,-0.0752,-0.9972,26.3,29.0,29.0,station
2025-07-07,28.4,26.6,24.4,29.4,27.2,29.3,26.9,26.5,29.4,27.1,27.2,1.9,-0.64,86,98,9.4,12.82,9.6,-0.0923,-0.9957,28.3,28.0,28.0,station
2025-07-08,30.0,29.3,29.7,29.1,30.9,29.6,29.1,29.4,31.7,30.1,29.8,0.71,-0.18,84,61,8.4,17.87,0.7,-0.1094,-0.994,29.6,31.0,31.0,station
2025-07-09,30.8,32.1,30.4,32.6,33.1,29.7,31.5,29.9,30.9,31.5,31.8,1.16,1.1,81,41,10.1,21.54,0.6,-0.1265,-0.992,31.4,34.0,34.0,station
2025-07-10,31.0,33.1,31.3,32.9,32.3,30.4,32.5,31.7,30.8,33.5,32.12,0.94,0.34,87,39,10.8,19.22,2.1,-0.1436,-0.9896,30.3,35.0,35.0,station
2025-07-11,28.5,29.2,30.8,28.1,27.9,29.8,29.3,31.6,28.2,29.5,28.9,1.17,-0.78,92,79,9.1,12.78,17.9,-0.1606,-0.987,29.1,31.0,31.0,station
2025-07-12,31.0,32.3,31.0,31.4,32.5,30.5,31.3,31.8,30.0,32.4,31.64,0.72,0.44,86,50,8.9,21.55,0.7,-0.1775,-0.9841,30.9,35.0,35.0,station
2025-07-13,32.3,33.6,31.4,33.7,35.1,31.7,33.2,31.5,31.9,34.4,33.22,1.42,0.68,81,14,7.8,21.65,0.3,-0.1944,-0.9809,32.2,35.0,35.0,station
2025-07-14,32.1,34.6,31.6,34.5,37.2,32.2,34.5,32.0,34.3,37.4,34.0,2.25,-0.08,81,23,7.9,21.43,1.3,-0.2113,-0.9774,33.4,36.0,36.0,station
2025-07-15,34.8,36.4,32.6,35.7,38.3,34.1,35.9,32.6,36.0,39.3,35.56,2.1,-0.02,74,14,8.5,21.81,0.1,-0.2281,-0.9736,35.2,37.0,37.0,station
2025-07-16,36.8,37.6,34.0,37.6,38.7,36.5,37.8,33.8,38.2,40.2,36.94,1.78,-0.36,69,23,9.7,21.29,0.1,-0.2448,-0.9696,37.5,38.0,38.0,station
2025-07-17,38.0,38.2,34.2,39.5,38.6,38.2,38.2,34.5,39.9,40.1,37.7,2.04,-0.48,59,76,8.2,22.09,0.0,-0.2614,-0.9652,39.1,37.0,37.0,station
2025-07-18,36.3,36.4,32.8,32.4,37.2,38.8,37.1,33.1,36.6,38.8,35.02,2.24,-1.86,74,97,18.4,15.22,9.8,-0.278,-0.9606,33.5,32.0,32.0,station
2025-07-19,30.0,29.9,31.7,27.5,29.8,29.6,30.3,32.7,27.6,29.2,29.78,1.5,-0.1,86,98,14.8,15.95,32.5,-0.2945,-0.9557,31.8,33.0,33.0,station
2025-07-20,31.3,32.0,32.5,32.1,29.9,31.7,31.3,33.2,33.3,33.9,31.56,1.02,-1.12,82,90,13.2,19.99,1.0,-0.3109,-0.9505,31.7,34.0,34.0,station
2025-07-21,33.1,33.5,32.9,33.8,34.1,32.6,33.4,32.0,33.3,33.6,33.48,0.49,0.5,73,55,10.3,22.17,0.0,-0.3272,-0.945,32.6,35.0,35.0,station
2025-07-22,32.2,33.8,31.4,34.5,33.1,31.6,33.4,32.9,33.7,33.4,33.0,1.23,0.0,83,50,12.3,16.92,1.9,-0.3434,-0.9392,32.4,35.0,35.0,station
2025-07-23,29.4,29.9,31.9,29.2,29.6,29.7,30.0,32.3,28.5,29.6,30.0,1.09,-0.02,86,81,12.6,18.63,35.9,-0.3595,-0.9332,31.6,34.0,34.0,station
2025-07-24,30.0,30.4,29.5,27.9,28.6,29.6,30.3,29.6,28.0,28.7,29.28,1.02,0.04,89,97,9.7,15.6,25.2,-0.3755,-0.9268,30.2,32.0,32.0,station
2025-07-25,30.7,30.9,30.5,29.2,30.6,29.2,30.8,29.5,29.2,30.2,30.38,0.68,0.6,92,100,11.2,12.2,30.9,-0.3914,-0.9202,29.6,33.0,33.0,station
2025-07-26,29.7,30.2,29.9,28.6,32.4,29.8,29.6,31.4,28.3,32.4,30.16,1.39,-0.14,87,95,14.5,14.39,21.4,-0.4071,-0.9134,31.0,32.0,32.0,station
2025-07-27,32.9,33.9,32.1,33.9,34.5,32.3,33.7,31.9,31.2,35.5,33.46,0.95,0.54,84,30,6.0,21.48,0.1,-0.4228,-0.9062,32.6,35.0,35.0,station
2025-07-28,33.6,34.9,32.9,34.7,36.6,33.6,34.5,32.8,35.4,36.3,34.54,1.41,0.02,79,26,7.5,22.01,0.0,-0.4383,-0.8988,34.0,36.0,36.0,station
2025-07-29,34.3,35.4,33.5,36.8,38.4,34.2,35.4,33.0,35.9,38.3,35.68,1.96,0.32,78,36,6.9,20.57,1.0,-0.4537,-0.8912,34.6,38.0,38.0,station
2025-07-30,34.9,35.5,34.1,35.3,38.9,34.6,33.9,33.6,35.6,39.8,35.74,1.85,0.24,79,19,8.1,21.45,1.8,-0.469,-0.8832,34.1,37.0,37.0,station
2025-07-31,35.1,35.8,33.4,35.4,36.2,35.0,35.8,33.4,35.4,39.4,35.18,1.08,-0.62,74,12,10.8,21.82,0.0,-0.4841,-0.875,35.3,37.0,37.0,station
2025-08-01,35.5,36.0,33.4,37.0,36.6,35.7,35.8,33.8,35.0,35.2,35.7,1.41,0.6,62,34,9.8,21.86,0.0,-0.4991,-0.8666,36.1,39.0,39.0,station
2025-08-02,37.0,37.3,33.7,37.6,37.7,36.7,36.8,33.6,38.4,38.6,36.66,1.68,-0.16,58,11,9.9,22.32,0.0,-0.5139,-0.8578,39.0,39.0,39.0,station
2025-08-03,38.9,38.7,34.1,38.1,39.9,38.3,38.1,33.5,38.4,39.6,37.94,2.24,0.36,51,29,13.5,20.31,0.0,-0.5286,-0.8489,39.6,40.0,40.0,station
2025-08-04,40.4,38.4,33.6,38.3,36.0,40.1,39.0,33.5,38.5,40.5,37.34,2.61,-0.98,50,99,12.1,19.14,2.2,-0.5431,-0.8397,38.3,37.0,37.0,station
2025-08-05,37.2,38.3,33.6,36.4,35.8,39.6,38.9,33.7,36.4,37.3,36.26,1.76,-0.92,64,99,16.6,20.69,10.2,-0.5575,-0.8302,39.4,39.0,39.0,station
2025-08-06,35.6,35.7,32.5,29.3,32.9,36.1,35.9,30.6,30.4,32.5,33.2,2.64,0.1,83,100,14.2,10.36,23.5,-0.5717,-0.8205,32.9,37.0,37.0,station
2025-08-07,32.1,32.6,30.8,28.9,28.7,31.0,31.3,31.2,28.2,28.4,30.62,1.79,0.6,87,100,7.6,13.42,7.7,-0.5857,-0.8105,31.4,34.0,34.0,station
2025-08-08,33.0,34.0,32.7,30.6,33.1,31.5,32.0,32.1,30.7,34.7,32.68,1.26,0.48,85,96,13.5,16.26,8.3,-0.5996,-0.8003,31.9,35.0,35.0,station
2025-08-09,31.0,30.0,32.6,30.2,29.6,32.5,30.7,31.8,32.0,28.7,30.68,1.19,-0.46,89,100,13.4,11.7,47.3,-0.6132,-0.7899,30.4,31.0,31.0,station
2025-08-10,28.1,26.3,24.9,26.8,25.3,27.7,26.7,27.5,28.4,27.3,26.28,1.27,-1.24,93,100,11.7,6.62,24.1,-0.6267,-0.7792,28.4,27.0,27.0,station
2025-08-11,30.1,29.3,27.3,31.0,26.8,27.0,29.1,26.1,30.6,29.6,28.9,1.8,0.42,81,86,9.8,13.24,0.4,-0.64,-0.7683,31.2,34.0,34.0,station
2025-08-12,32.0,32.2,30.0,33.0,32.5,31.1,31.2,29.5,32.3,31.9,31.94,1.15,0.74,82,34,5.8,19.94,0.4,-0.6532,-0.7572,31.1,35.0,35.0,station
2025-08-13,33.8,34.2,31.7,34.7,36.9,32.4,32.5,30.5,34.7,34.5,34.26,1.87,1.34,78,50,6.1,18.26,0.0,-0.6661,-0.7459,33.4,36.0,36.0,station
2025-08-14,32.5,33.4,31.1,33.4,36.2,32.0,33.5,31.2,32.6,36.5,33.32,1.86,0.16,82,68,9.6,17.07,2.5,-0.6788,-0.7343,31.8,36.0,36.0,station
2025-08-15,32.7,34.3,32.6,33.2,32.8,31.6,33.5,32.3,31.7,34.1,33.12,0.7,0.48,73,42,7.9,19.32,2.6,-0.6914,-0.7225,34.0,34.0,34.0,station
2025-08-16,30.3,30.6,30.5,28.5,30.9,29.4,31.2,28.6,29.9,27.9,30.16,0.95,0.76,85,76,11.1,13.12,6.9,-0.7037,-0.7105,29.4,31.0,31.0,station
2025-08-17,30.1,30.3,29.2,29.1,31.3,30.0,30.5,30.2,30.6,30.9,30.0,0.9,-0.44,84,92,10.2,14.55,14.8,-0.7158,-0.6983,31.5,31.0,31.0,station
2025-08-18,30.7,31.6,29.8,30.8,29.0,30.6,31.5,31.4,30.5,33.6,30.38,1.0,-1.14,85,80,8.3,16.13,6.0,-0.7277,-0.6859,31.0,32.0,32.0,station
2025-08-19,31.6,32.9,30.7,32.7,31.6,32.2,32.3,31.2,32.5,33.3,31.9,0.9,-0.4,84,41,13.1,17.92,3.5,-0.7394,-0.6733,31.2,35.0,35.0,station
2025-08-20,32.2,32.7,31.2,32.0,31.8,30.7,32.6,30.6,31.5,34.2,31.98,0.55,0.06,80,56,14.1,18.35,1.3,-0.7509,-0.6605,32.9,33.0,33.0,station
2025-08-21,29.7,30.2,28.6,30.8,28.7,29.8,30.4,28.9,30.6,32.8,29.6,0.95,-0.9,81,84,15.3,15.17,13.6,-0.7621,-0.6474,32.4,34.0,34.0,station
2025-08-22,28.9,28.8,29.5,29.4,29.5,28.2,27.6,28.5,29.0,30.6,29.22,0.34,0.44,79,95,9.4,17.0,3.1,-0.7731,-0.6342,30.8,29.0,29.0,station
2025-08-23,28.2,27.4,28.5,27.0,27.7,28.9,27.0,30.1,27.2,31.4,27.76,0.6,-1.16,85,89,13.9,16.62,17.2,-0.7839,-0.6208,29.6,29.0,29.0,station
2025-08-24,27.6,27.8,28.3,28.9,26.5,29.1,27.8,28.7,27.9,25.7,27.82,0.89,-0.02,88,70,9.3,15.22,8.9,-0.7945,-0.6073,29.2,31.0,31.0,station
2025-08-25,29.4,28.8,28.1,28.6,25.7,29.2,28.8,28.2,28.4,25.8,28.12,1.43,0.04,93,93,10.2,11.07,26.9,-0.8048,-0.5935,28.3,29.0,29.0,station
2025-08-26,29.9,30.3,29.6,29.5,30.7,31.2,30.7,29.3,30.0,31.3,30.0,0.5,-0.5,88,99,12.6,14.54,21.4,-0.8149,-0.5796,30.6,34.0,34.0,station
2025-08-27,31.6,31.3,30.2,32.4,34.0,31.9,30.9,29.9,31.9,34.3,31.9,1.41,0.12,88,96,16.5,14.63,16.1,-0.8248,-0.5655,28.4,34.0,34.0,station
2025-08-28,26.4,25.9,26.5,26.4,26.2,29.4,25.7,26.4,29.1,27.1,26.28,0.24,-1.26,88,100,19.8,6.29,60.5,-0.8344,-0.5512,24.7,27.0,27.0,station
2025-08-29,24.2,20.9,21.8,21.4,22.7,27.5,21.8,22.0,23.6,22.5,22.2,1.3,-1.28,89,100,13.5,5.04,23.2,-0.8437,-0.5368,22.9,21.0,21.0,station
2025-08-30,23.8,22.4,24.4,24.3,25.9,25.7,22.3,25.1,24.8,24.6,24.16,1.26,-0.34,87,92,5.6,8.33,4.5,-0.8528,-0.5222,24.1,23.0,23.0,station
2025-08-31,26.1,25.5,26.2,25.9,27.0,26.6,26.7,24.8,26.4,28.0,26.14,0.55,-0.36,84,82,7.6,12.54,0.0,-0.8617,-0.5074,25.4,27.0,27.0,station
2025-09-01,29.0,29.0,28.5,28.9,29.3,29.0,28.7,28.9,28.3,30.3,28.94,0.29,-0.1,85,60,5.4,15.95,0.3,-0.8703,-0.4925,27.9,28.0,28.0,station
2025-09-02,28.4,27.3,26.7,28.7,27.6,29.1,27.8,28.1,28.6,28.3,27.74,0.81,-0.64,84,99,15.1,11.9,0.3,-0.8786,-0.4775,28.2,28.0,28.0,station
2025-09-03,30.2,29.1,28.7,29.5,30.8,30.4,29.0,29.1,30.4,30.2,29.66,0.84,-0.16,74,97,10.6,17.12,0.0,-0.8867,-0.4623,29.6,32.0,32.0,station
2025-09-04,30.7,30.4,29.3,29.8,31.2,30.9,29.8,29.2,29.4,32.6,30.28,0.75,-0.1,78,96,6.3,17.13,0.9,-0.8945,-0.447,31.3,32.0,32.0,station
2025-09-05,25.4,26.3,24.5,26.7,25.1,24.9,25.7,25.9,26.1,25.7,25.6,0.89,-0.06,89,100,16.7,4.67,26.2,-0.9021,-0.4315,26.2,27.0,27.0,station
2025-09-06,28.6,28.1,25.4,26.7,25.3,28.2,26.9,25.3,28.0,30.0,26.82,1.51,-0.86,80,86,12.6,11.64,0.8,-0.9094,-0.4159,26.6,29.0,29.0,station
2025-09-07,28.5,28.3,27.2,27.8,31.0,29.0,27.6,27.1,28.3,30.1,28.56,1.45,0.14,81,87,9.8,15.82,0.6,-0.9164,-0.4002,28.3,30.0,30.0,station
2025-09-08,29.3,28.9,26.5,27.8,28.0,29.9,27.9,24.1,27.1,28.9,28.1,1.09,0.52,82,57,7.5,17.31,2.0,-0.9232,-0.3844,29.0,31.0,31.0,station
2025-09-09,29.3,29.3,30.0,30.0,31.2,29.7,28.8,28.1,29.6,31.2,29.96,0.78,0.48,84,42,10.7,17.74,3.3,-0.9296,-0.3685,29.1,33.0,33.0,station
2025-09-10,28.3,26.7,28.5,25.9,28.9,27.2,27.2,25.8,27.4,32.1,27.66,1.29,-0.28,90,100,7.6,8.93,10.4,-0.9358,-0.3524,26.7,27.0,27.0,station
2025-09-11,27.4,24.4,26.5,27.0,25.8,28.3,25.0,29.5,25.3,25.8,26.22,1.18,-0.56,91,95,12.0,8.69,14.7,-0.9418,-0.3363,26.3,24.0,24.0,station
2025-09-12,31.6,30.0,30.5,30.9,29.1,30.4,30.1,30.8,31.3,31.6,30.42,0.94,-0.42,87,85,9.8,5.62,3.6,-0.9474,-0.32,26.1,30.0,30.0,station
2025-09-13,29.9,29.6,30.3,30.8,30.5,31.7,31.0,31.8,31.7,31.5,30.22,0.48,-1.32,86,49,6.7,13.0,1.6,-0.9528,-0.3037,29.6,33.0,33.0,station
2025-09-14,30.9,31.3,31.3,30.6,32.1,31.6,31.0,31.6,31.3,31.0,31.24,0.56,-0.06,82,49,6.5,15.21,0.4,-0.9579,-0.2873,30.8,33.0,33.0,station
2025-09-15,29.5,30.3,31.9,30.2,30.8,30.0,30.3,31.8,30.7,31.4,30.54,0.89,-0.3,85,70,12.1,14.82,5.0,-0.9627,-0.2707,29.5,35.0,35.0,station
2025-09-16,27.1,25.8,28.6,25.2,24.6,27.0,25.8,29.1,24.8,23.8,26.26,1.6,0.16,92,92,18.2,6.3,50.6,-0.9672,-0.2541,25.5,28.0,28.0,station
2025-09-17,24.8,24.7,22.6,28.1,23.9,25.9,24.1,23.8,26.9,24.8,24.82,2.03,-0.28,84,98,15.2,9.89,8.2,-0.9714,-0.2375,27.8,25.0,25.0,station
2025-09-18,27.1,23.8,20.8,24.7,22.7,26.1,22.7,20.0,25.7,25.2,23.82,2.34,-0.12,76,100,13.0,14.55,0.8,-0.9753,-0.2207,26.1,24.0,24.0,station
2025-09-19,28.5,28.0,24.8,26.3,25.7,27.4,26.5,23.6,24.7,29.8,26.66,1.56,0.26,79,73,12.9,13.32,1.5,-0.979,-0.2039,24.8,29.0,29.0,station
2025-09-20,27.2,26.5,26.6,26.6,28.2,27.2,25.8,24.4,26.3,26.6,27.02,0.72,0.96,82,65,9.9,14.06,1.2,-0.9824,-0.187,26.5,29.0,29.0,station
2025-09-21,22.6,22.6,20.7,21.9,20.6,23.0,22.3,20.6,22.7,21.8,21.68,0.98,-0.4,86,100,14.4,7.26,5.8,-0.9854,-0.1701,23.5,23.0,23.0,station
2025-09-22,23.9,22.0,23.1,21.2,23.8,22.3,21.7,21.0,22.2,23.6,22.8,1.17,0.64,84,96,11.8,8.48,12.4,-0.9882,-0.1531,23.6,25.0,25.0,station
2025-09-23,25.3,26.2,24.0,25.8,25.0,26.9,25.5,24.7,26.3,25.4,25.26,0.84,-0.5,81,60,8.9,13.98,7.4,-0.9907,-0.1361,25.9,28.0,28.0,station
2025-09-24,27.8,27.9,26.7,27.0,28.0,27.5,28.2,27.8,27.4,28.1,27.48,0.59,-0.32,80,21,7.9,16.27,0.0,-0.9929,-0.1191,26.8,30.0,30.0,station
2025-09-25,28.0,27.7,27.8,27.5,30.2,28.7,27.7,27.2,27.7,29.0,28.24,1.11,0.18,80,15,8.9,16.43,0.0,-0.9948,-0.102,27.4,30.0,30.0,station
2025-09-26,26.5,26.5,24.3,26.0,30.1,28.1,26.6,25.7,24.1,28.2,26.68,2.11,0.14,86,97,9.1,10.33,1.4,-0.9964,-0.0848,25.9,27.0,27.0,station
2025-09-27,25.6,25.5,23.4,25.4,28.0,26.0,25.8,24.5,26.7,30.1,25.58,1.63,-1.04,89,97,9.7,8.58,4.7,-0.9977,-0.0677,26.1,24.0,24.0,station
2025-09-28,27.1,24.8,22.3,24.4,23.0,26.9,25.2,23.7,23.5,25.1,24.32,1.86,-0.56,84,97,14.0,5.9,0.9,-0.9987,-0.0505,24.5,24.0,24.0,station
2025-09-29,27.7,25.7,21.4,23.4,25.4,26.9,25.2,20.8,26.1,24.6,24.72,2.4,0.0,81,77,8.5,11.44,0.1,-0.9994,-0.0333,25.7,27.0,27.0,station
2025-09-30,26.5,25.5,24.4,26.6,26.4,26.2,25.8,26.4,25.9,27.4,25.88,0.94,-0.46,80,93,6.3,11.03,0.0,-0.9999,-0.0161,26.0,25.0,25.0,station
2025-10-01,25.6,24.8,23.7,25.8,27.6,25.7,24.7,24.2,25.5,27.8,25.5,1.44,-0.08,84,96,11.0,9.73,0.0,-1.0,0.0011,24.8,24.0,24.0,station
2025-10-02,27.9,28.2,25.8,26.5,28.8,28.2,27.8,26.9,28.5,30.1,27.44,1.25,-0.86,79,75,8.8,16.47,0.1,-0.9998,0.0183,27.2,29.0,29.0,station
2025-10-03,26.7,27.4,27.8,26.5,29.3,27.4,26.7,26.2,25.8,29.6,27.54,1.11,0.4,80,82,9.6,12.25,0.0,-0.9994,0.0355,26.2,28.0,28.0,station
2025-10-04,25.6,25.8,24.7,24.5,27.0,25.8,25.8,24.7,25.0,27.9,25.52,1.0,-0.32,80,95,9.7,10.48,0.0,-0.9986,0.0527,25.3,26.0,26.0,station
2025-10-05,24.7,24.1,22.0,24.0,24.5,24.4,23.7,21.7,23.4,26.4,23.86,1.08,-0.06,83,100,10.4,5.09,1.0,-0.9976,0.0698,22.4,24.0,24.0,station
2025-10-06,23.9,21.6,21.2,22.4,23.9,25.6,21.5,20.9,24.6,22.3,22.6,1.26,-0.38,84,92,11.3,6.12,5.0,-0.9962,0.087,22.7,24.0,24.0,station
2025-10-07,24.4,23.2,26.3,22.7,24.7,25.0,22.6,24.4,26.1,25.7,24.26,1.41,-0.5,85,86,6.9,9.42,0.5,-0.9946,0.1041,24.7,25.0,25.0,station
2025-10-08,27.3,26.3,26.3,25.4,26.5,26.9,26.0,27.4,24.7,26.4,26.36,0.68,0.08,88,81,10.5,10.74,1.8,-0.9926,0.1212,26.9,27.0,27.0,station
2025-10-09,28.6,27.9,28.2,26.7,25.1,28.1,27.6,27.2,26.7,24.9,27.3,1.42,0.4,87,63,11.6,11.61,9.4,-0.9904,0.1383,27.7,26.0,26.0,station
2025-10-10,27.9,27.2,27.7,27.6,24.9,28.9,25.9,26.9,26.5,24.2,27.06,1.23,0.58,84,71,12.6,13.46,0.7,-0.9879,0.1553,28.0,29.0,29.0,station
2025-10-11,24.5,23.5,22.5,22.7,21.8,24.2,22.7,22.4,24.0,21.6,23.0,1.03,0.02,81,91,22.1,4.78,3.3,-0.9851,0.1722,22.7,24.0,24.0,station
2025-10-12,21.4,20.2,18.8,20.0,18.0,21.6,19.8,18.9,21.0,19.7,19.68,1.32,-0.52,81,98,12.1,3.92,1.0,-0.9819,0.1892,21.3,22.0,22.0,station
2025-10-13,23.3,24.8,18.0,22.6,23.7,25.1,25.0,21.5,22.3,24.3,22.48,2.63,-1.16,80,72,10.3,10.84,0.1,-0.9785,0.206,22.8,26.0,26.0,station
2025-10-14,23.7,24.0,23.5,23.8,24.7,24.7,23.5,22.5,24.0,24.9,23.94,0.46,0.02,82,80,9.5,13.32,0.4,-0.9749,0.2228,24.2,26.0,26.0,station
2025-10-15,26.4,26.9,26.3,26.2,27.9,26.6,26.0,26.2,25.8,27.4,26.74,0.7,0.34,79,57,10.5,15.34,1.5,-0.9709,0.2396,26.1,29.0,29.0,station
2025-10-16,24.6,24.6,24.5,24.1,26.2,23.7,24.1,25.3,24.6,27.2,24.8,0.81,-0.18,84,80,10.3,7.83,1.1,-0.9666,0.2562,24.0,25.0,25.0,station
2025-10-17,22.4,22.3,20.8,20.8,22.3,22.5,23.1,21.4,21.0,22.5,21.72,0.84,-0.38,76,95,15.7,6.06,0.5,-0.9621,0.2728,20.6,22.0,22.0,station
2025-10-18,23.1,23.3,23.0,22.9,22.6,24.3,23.5,23.7,24.6,23.6,22.98,0.26,-0.96,75,58,8.1,12.06,1.1,-0.9572,0.2893,21.6,22.0,22.0,station
2025-10-19,20.8,20.9,19.0,19.0,19.0,19.3,20.1,18.2,19.3,19.4,19.74,1.01,0.48,79,99,12.5,9.2,0.0,-0.9521,0.3057,20.6,20.0,20.0,station
2025-10-20,16.8,16.8,17.1,16.7,15.7,16.5,17.1,16.3,17.0,16.3,16.62,0.54,-0.02,85,100,14.3,4.69,3.8,-0.9467,0.3221,17.1,17.0,17.0,station
2025-10-21,17.7,17.4,16.6,17.1,14.1,17.6,17.4,17.0,16.9,15.8,16.58,1.44,-0.36,79,85,9.3,8.18,0.2,-0.941,0.3383,17.4,18.0,18.0,station
2025-10-22,16.9,16.5,14.7,14.6,14.6,16.0,16.1,14.2,14.5,14.1,15.46,1.14,0.48,87,100,11.3,3.89,1.4,-0.9351,0.3545,16.5,17.0,17.0,station
2025-10-23,14.1,14.3,13.3,13.7,13.9,14.3,14.4,13.2,13.6,13.4,13.86,0.38,0.08,96,100,11.4,2.04,9.1,-0.9288,0.3705,14.5,15.0,15.0,station
2025-10-24,14.0,14.4,13.1,14.0,13.0,13.7,14.2,13.1,13.6,13.1,13.7,0.62,0.16,91,100,11.3,3.01,4.2,-0.9223,0.3864,14.6,15.0,15.0,station
2025-10-25,18.7,18.4,18.1,17.5,16.6,18.4,17.9,15.4,17.8,16.0,17.86,0.83,0.76,81,92,7.6,10.64,0.7,-0.9155,0.4022,18.1,19.0,19.0,station
2025-10-26,17.7,18.4,19.3,16.9,18.1,16.5,18.4,19.6,17.2,18.1,18.08,0.88,0.12,83,99,5.3,8.97,2.4,-0.9085,0.4179,18.2,18.0,18.0,station
2025-10-27,19.7,19.6,20.3,19.1,19.7,19.9,20.0,19.7,18.4,19.5,19.68,0.43,0.18,85,73,8.6,12.96,0.9,-0.9012,0.4335,19.4,22.0,22.0,station
2025-10-28,18.7,18.8,17.2,17.9,18.8,19.7,19.2,18.0,17.1,17.6,18.28,0.71,-0.04,85,85,8.5,8.29,0.5,-0.8936,0.4489,19.1,19.0,19.0,station
2025-10-29,17.4,18.1,17.9,16.9,18.6,17.5,17.4,19.2,16.3,19.0,17.78,0.65,-0.1,90,100,8.2,4.38,3.1,-0.8857,0.4642,17.2,17.0,17.0,station
2025-10-30,20.3,19.5,20.3,19.0,19.9,21.2,20.6,21.0,20.5,21.3,19.8,0.56,-1.12,87,97,7.5,7.88,0.1,-0.8776,0.4794,18.9,19.0,19.0,station
2025-10-31,16.4,17.6,18.0,16.3,17.9,16.6,17.6,20.5,16.7,18.5,17.24,0.83,-0.74,93,100,6.8,3.19,12.4,-0.8692,0.4944,16.5,17.0,17.0,station
2025-11-01,14.4,16.9,14.7,15.1,16.1,15.6,17.4,15.6,15.2,15.3,15.44,1.04,-0.38,93,97,9.8,4.04,3.3,-0.8606,0.5093,15.2,18.0,18.0,station
2025-11-02,17.5,17.4,14.6,16.5,17.3,17.9,17.4,16.8,15.3,16.6,16.66,1.22,-0.14,90,100,4.4,5.8,1.5,-0.8517,0.524,16.5,17.0,17.0,station
2025-11-03,15.4,16.2,16.7,14.8,14.9,14.2,16.0,14.8,15.1,15.0,15.6,0.83,0.58,94,100,6.7,2.83,3.5,-0.8426,0.5386,15.7,16.0,16.0,station
2025-11-04,17.6,17.1,18.3,17.0,17.5,17.9,18.0,19.3,16.9,17.0,17.5,0.51,-0.32,88,92,7.6,8.54,0.6,-0.8332,0.553,17.7,18.0,18.0,station
2025-11-05,17.9,16.5,15.7,15.4,17.0,17.8,16.2,17.0,15.7,16.2,16.5,1.01,-0.08,90,100,8.3,4.01,3.0,-0.8235,0.5672,16.6,16.0,16.0,station
2025-11-06,17.6,17.3,14.5,15.4,16.3,18.6,17.5,14.5,15.9,17.3,16.22,1.29,-0.54,87,100,9.2,4.85,0.6,-0.8137,0.5813,17.4,17.0,17.0,station
2025-11-07,17.5,18.2,14.7,15.6,17.4,16.5,17.8,14.6,15.9,17.8,16.68,1.47,0.16,84,98,8.3,5.32,0.3,-0.8035,0.5952,18.6,18.0,18.0,station
2025-11-08,20.8,19.9,16.8,18.1,19.0,18.7,19.1,14.9,16.8,18.5,18.92,1.55,1.32,78,78,6.7,9.93,0.0,-0.7932,0.609,20.1,21.0,21.0,station
2025-11-09,19.0,18.7,15.4,18.9,18.2,19.0,18.8,14.5,18.1,17.4,18.04,1.51,0.48,79,77,8.7,10.24,0.3,-0.7826,0.6225,19.4,20.0,20.0,station
2025-11-10,18.1,17.1,14.3,14.9,15.5,15.9,16.3,13.8,14.7,15.9,15.98,1.58,0.66,81,80,16.0,6.81,0.0,-0.7718,0.6359,16.1,16.0,16.0,station
2025-11-11,17.4,17.2,14.4,16.9,15.5,17.0,17.0,14.5,16.8,16.9,16.28,1.29,-0.16,81,88,7.0,7.68,0.0,-0.7607,0.6491,17.1,18.0,18.0,station
2025-11-12,16.0,16.6,14.0,16.4,19.2,14.2,16.1,13.4,15.8,17.0,16.44,1.86,1.14,88,100,5.5,3.52,2.3,-0.7494,0.6621,15.8,16.0,16.0,station
2025-11-13,19.7,19.4,14.9,18.1,19.7,18.9,18.2,13.9,17.5,19.1,18.36,2.04,0.84,82,79,7.4,7.83,0.4,-0.7379,0.6749,19.0,18.0,18.0,station
2025-11-14,15.2,16.2,15.6,16.3,14.2,15.6,16.2,13.2,16.1,13.9,15.5,0.85,0.5,84,100,8.3,4.75,0.5,-0.7262,0.6875,16.3,17.0,17.0,station
2025-11-15,18.9,19.2,16.6,18.5,18.3,18.2,18.8,15.5,18.7,18.5,18.3,1.01,0.36,78,60,6.8,11.72,0.0,-0.7143,0.6998,19.6,21.0,21.0,station
2025-11-16,16.8,16.9,17.0,16.2,17.4,15.9,17.1,18.5,16.8,16.9,16.86,0.43,-0.18,86,90,11.0,4.49,0.9,-0.7021,0.712,17.2,16.0,16.0,station
2025-11-17,12.5,14.3,14.3,13.8,12.5,12.4,14.5,15.3,13.3,12.9,13.48,0.92,-0.2,62,97,15.0,6.7,1.4,-0.6898,0.724,14.0,15.0,15.0,station
2025-11-18,11.2,11.7,11.9,10.3,10.9,11.9,12.3,11.8,11.4,11.0,11.2,0.64,-0.48,48,76,10.5,9.49,0.0,-0.6772,0.7358,11.1,12.0,12.0,station
2025-11-19,13.3,14.2,13.2,12.2,13.2,13.5,14.1,13.2,11.7,12.2,13.22,0.71,0.28,59,43,10.1,12.46,0.0,-0.6645,0.7473,13.1,16.0,16.0,station
2025-11-20,14.1,14.7,14.1,14.4,14.2,14.1,14.8,14.0,13.9,13.9,14.3,0.25,0.16,74,32,5.5,12.13,0.0,-0.6515,0.7586,13.8,16.0,16.0,station
2025-11-21,15.4,15.8,15.5,14.7,14.6,15.7,16.0,15.4,14.4,14.5,15.2,0.52,0.0,72,69,6.1,11.53,0.0,-0.6384,0.7697,14.7,15.0,15.0,station
2025-11-22,14.0,15.0,15.5,14.0,15.7,15.4,14.9,15.7,14.1,14.8,14.84,0.81,-0.14,75,95,6.9,9.01,0.0,-0.625,0.7806,14.5,15.0,15.0,station
2025-11-23,13.2,16.8,16.8,15.8,15.5,13.1,16.9,16.9,15.5,14.7,15.62,1.47,0.2,74,75,7.5,10.84,0.0,-0.6115,0.7912,16.7,19.0,19.0,station
2025-11-24,14.8,15.6,15.2,14.9,12.9,14.8,16.3,15.9,15.2,14.9,14.68,1.04,-0.74,77,52,14.2,8.69,0.0,-0.5978,0.8016,13.8,15.0,15.0,station
2025-11-25,14.4,15.7,15.2,14.8,14.5,13.8,16.1,15.5,15.1,13.7,14.92,0.54,0.08,80,34,7.0,11.01,0.0,-0.584,0.8118,15.5,17.0,17.0,station
2025-11-26,15.0,15.5,13.9,14.8,16.1,15.4,15.5,14.9,15.5,15.6,15.06,0.82,-0.32,85,48,11.4,8.03,0.1,-0.5699,0.8217,13.7,15.0,15.0,station
2025-11-27,16.2,16.0,16.2,16.0,17.1,16.3,16.7,16.2,15.9,16.5,16.3,0.46,-0.02,89,41,6.7,11.13,0.0,-0.5557,0.8314,15.2,19.0,19.0,station
2025-11-28,15.2,13.7,16.0,16.0,16.0,15.3,13.9,15.9,15.1,15.9,15.38,1.0,0.16,90,69,6.8,5.35,0.1,-0.5413,0.8408,12.8,17.0,17.0,station
2025-11-29,15.6,15.9,16.7,16.9,17.4,16.5,16.0,16.7,16.0,16.6,16.5,0.74,0.14,86,54,6.5,8.76,0.0,-0.5268,0.85,14.9,16.0,16.0,station
2025-11-30,17.7,18.5,18.5,19.0,19.7,18.1,18.5,18.9,19.0,19.1,18.68,0.74,-0.04,81,19,6.9,11.17,0.0,-0.5121,0.859,17.4,18.0,18.0,station
2025-12-01,17.2,17.0,17.7,16.8,17.7,17.3,17.6,17.8,17.4,17.4,17.28,0.41,-0.22,84,16,10.6,10.57,0.0,-0.4972,0.8676,16.8,17.0,17.0,station
2025-12-02,16.6,17.9,14.6,16.8,16.4,16.1,18.0,14.5,16.4,15.6,16.46,1.19,0.34,72,77,15.0,10.43,0.0,-0.4822,0.8761,16.7,18.0,18.0,station
2025-12-03,12.4,13.7,15.6,13.6,12.2,11.4,13.8,14.9,13.1,12.8,13.5,1.36,0.3,65,100,10.3,4.1,0.0,-0.4671,0.8842,11.3,13.0,13.0,station
2025-12-04,11.5,12.7,13.7,13.6,13.8,11.5,12.8,13.6,12.5,13.8,13.06,0.98,0.22,77,84,9.6,5.21,0.0,-0.4518,0.8921,11.6,13.0,13.0,station
2025-12-05,14.3,13.8,14.3,13.9,15.1,14.3,14.6,15.0,14.7,14.7,14.28,0.51,-0.38,85,58,5.4,10.67,1.1,-0.4364,0.8998,14.0,15.0,15.0,station
2025-12-06,11.9,10.5,11.8,10.8,13.0,13.5,10.7,12.5,10.9,12.9,11.6,0.99,-0.5,89,78,7.9,3.35,0.0,-0.4208,0.9071,10.8,11.0,11.0,station
2025-12-07,17.2,16.9,17.4,17.4,17.4,16.9,16.2,16.6,17.9,16.4,17.26,0.22,0.46,78,44,8.0,10.29,0.0,-0.4052,0.9142,16.9,18.0,18.0,station
2025-12-08,11.9,12.1,15.2,14.0,12.2,11.1,11.3,16.0,13.0,12.5,13.08,1.45,0.3,90,73,7.8,3.84,0.0,-0.3894,0.9211,11.7,12.0,12.0,station
2025-12-09,12.7,12.8,13.6,14.2,12.9,13.8,12.8,13.3,14.7,14.0,13.24,0.64,-0.48,88,98,8.2,5.6,0.1,-0.3735,0.9276,13.4,15.0,15.0,station
2025-12-10,17.3,17.0,17.1,16.5,15.1,16.8,16.2,16.9,17.0,15.4,16.6,0.89,0.14,84,27,7.2,10.78,0.0,-0.3575,0.9339,16.5,18.0,18.0,station
2025-12-11,15.6,14.2,14.4,14.8,13.3,16.6,14.7,14.8,15.2,13.1,14.46,0.84,-0.42,91,82,8.1,5.76,0.0,-0.3413,0.9399,14.7,14.0,14.0,station
2025-12-12,12.6,14.1,13.7,16.0,12.4,12.9,14.5,14.1,15.6,11.9,13.76,1.44,-0.04,73,96,15.8,4.12,0.3,-0.3251,0.9457,15.4,15.0,15.0,station
2025-12-13,9.4,11.5,12.3,11.2,8.2,9.9,11.9,11.3,11.3,9.0,10.52,1.68,-0.16,50,55,10.5,10.05,0.0,-0.3088,0.9511,9.3,11.0,11.0,station
2025-12-14,11.3,11.2,11.9,11.1,11.3,11.5,11.3,12.1,12.1,9.0,11.36,0.31,0.16,72,70,6.0,7.64,0.0,-0.2924,0.9563,10.4,12.0,12.0,station
2025-12-15,12.0,11.7,12.8,12.4,11.7,12.3,12.1,13.2,12.8,11.0,12.12,0.48,-0.16,81,29,3.8,10.8,0.0,-0.2759,0.9612,12.0,14.0,14.0,station
2025-12-16,13.0,12.3,15.0,13.4,11.2,13.2,11.9,14.4,12.8,11.9,12.98,1.4,0.14,83,47,7.6,10.54,0.1,-0.2593,0.9658,13.1,14.0,14.0,station
2025-12-17,14.4,13.5,15.2,13.7,14.2,14.2,12.6,15.6,12.9,13.1,14.2,0.67,0.52,88,65,4.4,9.98,0.0,-0.2427,0.9701,14.1,16.0,16.0,station
2025-12-18,14.2,12.8,15.1,13.5,14.2,14.9,12.7,15.1,13.7,13.6,13.96,0.86,-0.04,91,90,4.3,6.66,0.0,-0.226,0.9741,12.6,14.0,14.0,station
2025-12-19,12.8,12.1,15.4,13.4,13.1,13.5,12.5,15.4,13.6,12.8,13.36,1.24,-0.2,84,97,9.4,5.79,0.1,-0.2092,0.9779,12.4,12.0,12.0,station
2025-12-20,13.1,15.0,13.0,13.9,13.5,12.5,14.7,13.8,14.4,13.3,13.7,0.81,-0.04,70,84,12.2,5.15,0.0,-0.1923,0.9813,12.9,14.0,14.0,station
2025-12-21,13.0,11.4,12.0,12.4,11.4,12.3,11.3,12.4,12.3,11.9,12.04,0.68,0.0,76,30,4.2,10.29,0.0,-0.1754,0.9845,12.8,13.0,13.0,station
2025-12-22,12.8,10.0,11.2,10.8,11.6,12.7,10.2,11.4,11.1,11.3,11.28,1.04,-0.06,79,83,10.9,7.75,0.0,-0.1585,0.9874,12.1,11.0,11.0,station
2025-12-23,15.0,14.6,15.7,14.3,14.5,14.1,14.1,15.6,14.3,15.0,14.82,0.55,0.2,69,75,12.0,9.53,0.2,-0.1414,0.9899,14.1,17.0,17.0,station
2025-12-24,11.9,13.5,13.5,13.2,12.1,12.2,13.9,14.6,13.4,12.9,12.84,0.78,-0.56,72,73,7.3,5.79,0.0,-0.1244,0.9922,11.6,11.0,11.0,station
2025-12-25,12.9,13.7,14.3,13.8,12.7,12.6,13.6,14.4,13.1,12.6,13.48,0.66,0.22,73,58,8.0,9.93,0.0,-0.1073,0.9942,13.0,13.0,13.0,station
2025-12-26,12.7,11.4,11.3,11.3,10.9,12.7,11.3,11.6,12.4,10.8,11.52,0.69,-0.24,75,81,5.7,7.66,0.0,-0.0902,0.9959,12.3,12.0,12.0,station
2025-12-27,12.9,11.8,12.3,12.2,9.6,13.0,11.3,12.8,12.1,10.3,11.76,1.27,-0.14,84,73,7.2,6.81,0.0,-0.073,0.9973,12.2,13.0,13.0,station
2025-12-28,13.2,10.9,14.4,13.3,11.7,14.1,12.3,14.1,13.2,10.6,12.7,1.39,-0.16,88,99,7.9,4.92,0.7,-0.0559,0.9984,12.4,14.0,14.0,station
2025-12-29,14.0,11.8,12.0,11.8,13.4,13.2,12.2,11.5,11.6,12.3,12.6,1.03,0.44,81,67,10.4,8.36,0.5,-0.0387,0.9993,13.7,12.0,12.0,station
2025-12-30,9.9,11.0,10.4,11.8,9.7,9.1,10.4,11.4,11.2,9.9,10.56,0.86,0.16,92,96,9.1,1.94,0.5,-0.0215,0.9998,10.5,11.0,11.0,station
2025-12-31,13.3,12.4,12.3,13.2,11.2,12.3,12.7,9.7,13.0,9.7,12.48,0.85,1.0,84,100,12.9,5.05,2.0,-0.0043,1.0,12.4,,,
2026-01-01,8.4,9.3,9.0,9.0,8.7,8.1,9.0,8.7,9.0,7.9,8.88,0.34,0.34,67,100,9.2,3.39,0.5,0.0172,0.9999,8.6,9.0,9.0,station
2026-01-02,6.7,6.6,6.9,7.1,6.3,6.5,6.4,7.4,7.3,6.1,6.72,0.3,-0.02,85,100,11.8,2.31,2.2,0.0344,0.9994,6.2,8.0,8.0,station
2026-01-03,5.3,5.3,6.1,6.7,5.8,5.4,5.6,6.6,7.0,5.8,5.84,0.59,-0.24,88,100,11.3,1.78,1.6,0.0516,0.9987,5.7,6.0,6.0,station
2026-01-04,10.9,10.7,11.0,10.5,10.0,11.0,10.6,11.3,11.1,10.2,10.62,0.4,-0.22,77,74,7.9,10.5,0.0,0.0688,0.9976,10.8,13.0,13.0,station
2026-01-05,10.7,9.4,11.0,11.0,9.8,10.9,9.4,11.4,10.9,9.3,10.38,0.74,-0.0,75,64,12.8,7.06,0.0,0.0859,0.9963,9.1,10.0,10.0,station
2026-01-06,11.3,11.9,12.1,11.3,9.3,11.4,11.8,12.3,10.9,10.2,11.18,1.11,-0.14,63,32,8.1,11.43,0.0,0.103,0.9947,10.9,14.0,14.0,station
2026-01-07,11.6,11.3,11.5,11.1,10.1,12.0,11.4,11.4,10.8,9.3,11.12,0.6,0.14,65,45,5.9,11.19,0.0,0.1201,0.9928,11.1,13.0,13.0,station
2026-01-08,12.5,12.4,12.4,12.1,9.5,12.4,12.1,12.2,11.3,9.1,11.78,1.28,0.36,73,23,6.1,11.47,0.0,0.1372,0.9905,12.1,14.0,14.0,station
2026-01-09,12.7,12.0,12.8,12.9,11.4,12.8,12.0,12.5,12.8,10.2,12.36,0.64,0.3,77,2,5.2,11.4,0.0,0.1542,0.988,12.4,15.0,15.0,station
2026-01-10,12.7,13.2,14.0,14.1,13.1,13.2,13.2,13.6,13.4,12.1,13.42,0.61,0.32,77,23,11.0,11.01,0.0,0.1712,0.9852,12.4,13.0,13.0,station
2026-01-11,10.8,10.5,13.5,12.6,11.3,8.4,11.0,13.4,11.6,9.8,11.74,1.27,0.9,85,59,7.4,6.6,0.0,0.1881,0.9821,10.0,11.0,11.0,station
2026-01-12,14.4,14.6,15.0,14.7,14.0,14.7,14.8,14.8,15.2,13.2,14.54,0.37,0.0,80,28,6.3,11.47,0.0,0.205,0.9788,14.0,16.0,16.0,station
2026-01-13,14.7,12.7,14.7,14.0,12.4,14.7,12.1,14.6,13.5,13.0,13.7,1.09,0.12,81,51,9.4,9.46,0.0,0.2218,0.9751,13.6,15.0,15.0,station
2026-01-14,18.3,18.1,17.6,18.2,17.4,18.5,17.3,16.5,18.5,16.3,17.92,0.4,0.5,68,11,9.0,11.76,0.0,0.2385,0.9711,18.5,20.0,20.0,station
2026-01-15,17.3,16.4,16.9,15.6,15.1,16.6,15.6,16.4,15.8,14.6,16.26,0.91,0.46,67,10,8.1,11.94,0.0,0.2552,0.9669,16.3,19.0,19.0,station
2026-01-16,16.6,16.8,17.0,17.1,15.8,17.3,16.5,17.1,17.0,14.3,16.66,0.52,0.22,69,18,7.8,11.39,0.0,0.2718,0.9624,16.5,17.0,17.0,station
2026-01-17,17.2,16.5,17.5,16.9,16.1,17.6,17.5,17.5,17.6,15.8,16.84,0.55,-0.36,75,1,7.5,11.96,0.0,0.2883,0.9575,16.6,18.0,18.0,station
2026-01-18,17.3,14.8,17.7,16.6,16.3,18.0,15.0,17.9,17.4,16.4,16.54,1.12,-0.4,72,36,11.8,10.47,0.0,0.3047,0.9524,16.8,17.0,17.0,station
2026-01-19,11.8,12.2,14.3,10.3,10.1,12.4,12.1,14.6,10.7,11.0,11.74,1.7,-0.42,60,100,17.9,2.97,1.2,0.3211,0.9471,12.0,13.0,13.0,station
2026-01-20,7.7,6.7,6.6,7.7,6.9,8.2,6.5,7.4,8.2,7.4,7.12,0.54,-0.42,54,100,12.3,3.38,0.0,0.3373,0.9414,6.4,7.0,7.0,station
2026-01-21,7.6,4.6,7.5,8.0,6.8,6.3,4.3,7.7,7.6,6.5,6.9,1.36,0.42,63,82,11.0,9.73,0.0,0.3534,0.9355,7.8,8.0,8.0,station
2026-01-22,9.3,6.8,9.0,7.9,7.3,9.2,6.0,9.6,9.2,6.0,8.06,1.07,0.06,77,64,7.0,8.98,0.0,0.3695,0.9292,7.7,7.0,7.0,station
2026-01-23,9.5,6.2,8.8,8.3,6.1,11.2,6.2,9.4,8.4,7.0,7.78,1.55,-0.66,78,98,6.1,5.93,0.2,0.3854,0.9227,8.0,7.0,7.0,station
2026-01-24,9.4,6.8,10.6,8.2,7.2,11.7,6.5,10.4,9.3,5.7,8.44,1.57,-0.28,85,65,7.0,5.57,0.1,0.4012,0.916,7.3,7.0,7.0,station
2026-01-25,10.3,8.5,8.9,10.6,9.1,9.8,8.0,9.6,10.1,8.8,9.48,0.92,0.22,71,78,12.5,8.14,0.0,0.4169,0.9089,10.2,9.0,9.0,station
2026-01-26,14.0,13.6,13.7,13.2,12.9,14.6,13.2,13.6,14.2,13.3,13.48,0.43,-0.3,72,45,7.6,12.74,0.0,0.4325,0.9016,13.5,14.0,14.0,station
2026-01-27,13.4,12.5,12.5,12.3,11.9,14.0,12.2,13.0,11.9,12.1,12.52,0.55,-0.12,74,50,7.7,11.86,0.0,0.4479,0.8941,13.4,14.0,14.0,station
2026-01-28,13.6,11.9,13.2,12.9,11.6,14.1,10.8,12.9,11.8,11.1,12.64,0.86,0.5,73,96,5.2,7.77,0.0,0.4633,0.8862,13.0,12.0,12.0,station
2026-01-29,12.1,10.4,13.5,12.5,10.6,12.9,10.2,12.6,13.2,10.9,11.82,1.31,-0.14,76,94,13.2,4.28,0.1,0.4784,0.8781,10.9,11.0,11.0,station
2026-01-30,10.0,11.0,11.4,12.0,10.9,9.5,10.1,11.1,11.7,9.6,11.06,0.73,0.66,63,87,11.8,9.33,0.0,0.4935,0.8698,11.1,13.0,13.0,station
2026-01-31,12.5,11.6,11.7,11.9,11.6,12.6,10.6,12.6,11.9,11.6,11.86,0.38,0.0,70,77,9.2,6.02,0.0,0.5084,0.8611,10.9,11.0,11.0,station
2026-02-01,13.1,11.8,13.1,12.2,12.6,13.6,10.4,12.3,12.8,11.9,12.56,0.57,0.36,70,64,8.7,11.43,0.0,0.5231,0.8523,13.4,13.0,13.0,station
2026-02-02,14.1,12.3,13.8,12.8,12.4,14.4,11.2,13.8,13.0,12.7,13.08,0.82,0.06,74,45,8.7,9.86,0.1,0.5377,0.8432,13.0,13.0,13.0,station
2026-02-03,13.6,12.0,13.8,12.8,11.7,15.2,11.7,12.3,12.9,11.9,12.78,0.93,-0.02,76,81,8.3,8.29,0.0,0.5521,0.8338,12.5,13.0,13.0,station
2026-02-04,13.9,12.1,13.5,13.2,12.4,13.7,11.4,13.1,13.9,10.5,13.02,0.75,0.5,67,86,9.2,7.15,0.0,0.5664,0.8242,13.6,16.0,16.0,station
2026-02-05,16.1,15.7,16.1,15.4,14.2,16.8,15.3,16.4,15.3,14.6,15.5,0.78,-0.18,71,37,6.6,13.37,0.5,0.5805,0.8143,15.1,16.0,16.0,station
2026-02-06,17.1,17.6,17.2,16.8,15.6,17.1,17.3,17.7,16.6,15.8,16.86,0.76,-0.04,73,52,12.6,13.46,1.3,0.5944,0.8042,18.0,19.0,19.0,station
2026-02-07,9.9,11.9,11.4,11.2,9.5,8.9,12.0,10.9,10.7,8.5,10.78,1.03,0.58,65,100,17.5,2.58,3.0,0.6081,0.7938,11.9,14.0,14.0,station
2026-02-08,7.7,8.2,11.7,9.3,7.5,7.3,8.3,13.0,10.5,7.2,8.88,1.72,-0.38,86,100,11.6,2.56,5.3,0.6217,0.7833,7.6,8.0,8.0,station
2026-02-09,10.0,8.6,11.1,9.5,9.2,9.9,8.8,12.4,9.9,9.4,9.68,0.94,-0.4,84,100,9.9,6.68,1.6,0.6351,0.7725,9.1,8.0,8.0,station
2026-02-10,13.9,13.4,13.9,13.6,13.5,14.9,14.1,14.3,13.6,12.7,13.66,0.23,-0.26,74,46,8.8,14.1,0.0,0.6483,0.7614,13.2,15.0,15.0,station
2026-02-11,15.2,14.8,14.8,13.3,13.1,16.0,14.3,14.9,13.8,13.7,14.24,0.97,-0.3,73,37,8.4,14.65,0.0,0.6613,0.7502,14.4,17.0,17.0,station
2026-02-12,16.0,16.7,16.3,15.2,14.8,16.8,16.2,16.1,14.5,14.2,15.8,0.78,0.24,71,19,6.4,14.67,0.0,0.6741,0.7387,15.2,17.0,17.0,station
2026-02-13,18.6,18.9,18.2,16.6,15.6,17.5,19.2,18.3,16.9,14.3,17.58,1.42,0.34,71,72,6.3,14.3,0.0,0.6867,0.727,18.2,20.0,20.0,station
2026-02-14,18.6,18.1,17.7,16.9,17.1,19.0,18.5,18.2,17.0,17.2,17.68,0.7,-0.3,73,52,6.6,12.96,0.0,0.6991,0.715,18.1,20.0,20.0,station
2026-02-15,18.4,19.9,17.4,19.5,16.7,18.5,20.7,18.0,20.1,18.5,18.38,1.36,-0.78,58,39,20.6,14.03,0.0,0.7113,0.7029,19.7,21.0,21.0,station
2026-02-16,15.0,16.4,16.5,15.6,13.9,13.6,16.9,16.1,15.4,13.1,15.48,1.08,0.46,48,78,11.0,14.1,0.0,0.7233,0.6906,16.0,16.0,16.0,station
2026-02-17,15.9,14.8,13.0,15.9,15.1,15.2,14.8,11.9,15.7,14.0,14.94,1.19,0.62,63,100,9.6,5.96,0.2,0.735,0.678,14.9,13.0,13.0,station
2026-02-18,17.8,16.0,16.6,16.1,17.0,18.3,14.7,17.6,17.7,15.4,16.7,0.73,-0.04,56,79,10.1,11.79,0.6,0.7466,0.6653,17.9,17.0,17.0,station
2026-02-19,20.2,20.0,18.9,18.8,18.0,19.0,19.3,18.8,18.9,18.0,19.18,0.91,0.38,68,47,8.2,15.22,1.9,0.7579,0.6523,19.4,21.0,21.0,station
2026-02-20,21.9,20.9,20.4,20.5,19.5,21.0,21.1,20.3,20.1,19.3,20.64,0.87,0.28,64,68,6.3,15.4,0.0,0.769,0.6392,20.9,22.0,22.0,station
2026-02-21,22.5,22.3,21.8,21.7,21.3,23.0,22.3,21.7,21.5,20.3,21.92,0.48,0.16,64,8,9.0,15.89,0.0,0.7799,0.6259,22.1,23.0,23.0,station
2026-02-22,24.7,24.5,23.1,19.3,22.1,23.3,23.7,20.4,21.0,19.3,22.74,2.2,1.2,59,80,8.1,12.54,0.0,0.7906,0.6124,23.5,22.0,22.0,station
2026-02-23,18.9,20.5,22.7,21.6,21.1,19.4,21.2,18.3,18.5,18.4,20.96,1.41,1.8,56,96,15.9,6.68,0.5,0.801,0.5987,21.0,21.0,21.0,station
2026-02-24,23.1,23.1,21.5,22.5,20.5,21.5,21.3,21.9,21.7,21.0,22.14,1.13,0.66,55,61,14.2,15.82,0.3,0.8112,0.5848,23.3,25.0,25.0,station
2026-02-25,22.7,22.0,21.2,21.5,20.4,22.8,21.8,21.2,21.8,19.9,21.56,0.86,0.06,50,54,15.0,13.86,0.0,0.8211,0.5708,23.1,23.0,23.0,station
2026-02-26,22.6,22.5,22.0,22.2,23.1,22.9,22.5,22.4,23.2,22.1,22.48,0.42,-0.14,54,71,10.4,16.05,1.3,0.8308,0.5566,23.5,24.0,24.0,station
2026-02-27,22.7,21.2,19.5,18.9,20.7,22.6,18.3,17.5,18.9,18.6,20.6,1.49,1.42,64,79,10.6,10.66,0.1,0.8402,0.5422,22.0,21.0,21.0,station
2026-02-28,16.9,16.2,15.0,15.2,16.6,17.3,16.7,16.2,15.8,18.7,15.98,0.84,-0.96,84,100,12.0,3.69,7.4,0.8495,0.5277,16.7,15.0,15.0,station
2026-03-01,19.1,16.2,13.3,17.7,18.1,18.8,15.5,14.3,17.7,17.5,16.88,2.26,0.12,73,89,13.7,13.31,2.2,0.8584,0.513,19.9,19.0,19.0,station
2026-03-02,18.2,17.1,16.6,16.0,16.1,16.6,14.9,17.1,16.9,18.5,16.8,0.9,0.0,81,100,7.1,6.43,0.8,0.8671,0.4981,16.5,16.0,16.0,station
2026-03-03,20.2,17.1,20.3,17.8,17.1,20.5,16.2,18.6,18.1,17.1,18.5,1.62,0.4,81,99,9.7,8.42,3.5,0.8755,0.4831,17.9,20.0,20.0,station
2026-03-04,21.8,20.5,21.3,20.7,20.1,23.3,20.3,21.5,20.8,19.3,20.88,0.67,-0.16,78,64,13.7,14.65,0.0,0.8837,0.468,20.3,22.0,22.0,station
2026-03-05,22.7,21.1,18.6,19.8,18.4,21.7,20.5,17.1,19.1,16.2,20.12,1.8,1.2,68,92,16.9,11.84,2.5,0.8916,0.4527,21.4,20.0,20.0,station
2026-03-06,21.0,18.9,18.3,17.5,17.6,22.7,19.2,16.7,18.2,16.7,18.66,1.43,-0.04,76,100,9.8,7.36,1.7,0.8993,0.4373,18.4,19.0,19.0,station
2026-03-07,16.3,15.5,14.3,15.5,14.7,17.0,15.4,14.4,15.7,15.2,15.26,0.78,-0.28,87,100,13.1,3.55,1.9,0.9067,0.4218,14.7,15.0,15.0,station
2026-03-08,17.5,14.5,12.0,13.5,15.0,15.5,14.7,12.4,15.0,14.6,14.5,2.03,0.06,84,95,12.8,4.35,4.7,0.9138,0.4061,14.1,14.0,14.0,station
2026-03-09,20.5,19.5,18.9,18.2,17.4,20.8,18.9,18.1,18.8,16.5,18.9,1.19,0.28,72,76,10.5,15.88,2.0,0.9207,0.3904,19.7,22.0,22.0,station
2026-03-10,21.6,20.3,19.2,19.4,18.7,21.7,19.6,18.9,19.1,18.4,19.84,1.14,0.3,70,60,11.7,14.48,0.0,0.9272,0.3745,20.5,21.0,21.0,station
2026-03-11,23.4,23.5,22.3,22.0,21.9,23.5,23.3,22.6,18.1,20.3,22.62,0.77,1.06,66,49,9.8,17.51,0.0,0.9335,0.3585,24.5,24.0,24.0,station
2026-03-12,19.2,19.3,18.0,17.1,16.2,20.8,18.8,19.6,19.1,18.0,17.96,1.34,-1.3,73,99,12.2,8.16,2.9,0.9396,0.3424,20.4,19.0,19.0,station
2026-03-13,17.2,15.7,13.5,14.9,14.9,16.0,15.1,13.1,14.9,13.9,15.24,1.35,0.64,82,100,15.9,5.97,3.0,0.9453,0.3261,15.8,16.0,16.0,station
2026-03-14,12.0,12.1,11.7,12.2,11.2,11.7,12.0,11.2,12.6,11.1,11.84,0.4,0.12,83,100,12.5,5.09,8.1,0.9508,0.3098,12.2,11.0,11.0,station
2026-03-15,15.5,13.8,12.8,13.7,12.7,16.6,13.2,13.4,15.7,15.2,13.7,1.12,-1.12,72,100,10.6,10.81,0.2,0.956,0.2934,14.4,17.0,17.0,station
2026-03-16,14.6,12.7,11.5,13.6,14.2,14.3,12.6,12.2,14.0,14.2,13.32,1.24,-0.14,77,98,7.5,9.8,3.1,0.9609,0.2769,13.7,14.0,14.0,station
2026-03-17,14.0,13.3,11.8,14.7,16.1,14.7,12.7,13.7,15.1,15.4,13.98,1.6,-0.34,85,100,11.6,6.89,0.7,0.9655,0.2604,14.6,14.0,14.0,station
2026-03-18,16.8,16.2,16.6,15.4,15.5,17.2,16.5,17.1,16.0,15.1,16.1,0.63,-0.28,71,94,13.1,9.98,0.4,0.9698,0.2437,14.2,14.0,14.0,station
2026-03-19,14.9,15.5,16.4,17.0,16.4,17.3,16.2,14.3,16.6,16.3,16.04,0.83,-0.1,72,93,10.6,8.54,0.4,0.9739,0.227,14.9,15.0,15.0,station
2026-03-20,19.6,19.8,19.1,19.4,19.1,19.9,19.5,19.6,20.4,19.4,19.4,0.31,-0.36,72,67,10.0,16.01,0.8,0.9777,0.2102,19.2,22.0,22.0,station
2026-03-21,19.8,19.5,19.5,19.4,20.4,20.7,19.7,18.6,17.9,20.3,19.72,0.41,0.28,75,61,14.3,13.3,0.1,0.9811,0.1934,19.0,21.0,21.0,station
2026-03-22,21.7,20.6,21.6,20.7,21.8,22.5,20.7,21.1,20.9,21.0,21.28,0.58,0.04,68,93,10.6,14.41,0.3,0.9843,0.1765,20.9,21.0,21.0,station
2026-03-23,18.6,18.5,15.5,17.6,19.0,19.9,17.6,14.5,19.2,19.5,17.84,1.4,-0.3,72,100,11.0,8.61,1.0,0.9872,0.1595,19.0,19.0,19.0,station
2026-03-24,22.7,22.0,21.9,21.2,20.7,22.7,21.2,21.8,22.0,21.6,21.7,0.77,-0.16,72,77,11.4,18.05,1.9,0.9898,0.1425,22.5,25.0,25.0,station
2026-03-25,18.9,18.1,16.2,17.2,16.7,19.9,17.6,17.7,17.1,18.1,17.42,1.08,-0.66,81,100,9.8,6.51,1.2,0.9921,0.1255,17.0,18.0,18.0,station
2026-03-26,23.6,22.9,20.4,22.4,22.2,23.9,22.2,21.3,22.4,21.5,22.3,1.19,0.04,64,68,8.0,16.13,0.6,0.9941,0.1084,22.9,24.0,24.0,station
2026-03-27,22.3,21.3,17.4,20.3,19.0,22.9,21.0,16.6,21.3,21.1,20.06,1.92,-0.52,67,92,10.3,6.9,3.4,0.9958,0.0913,20.5,24.0,24.0,station
2026-03-28,24.1,22.0,22.5,21.0,22.0,24.7,21.8,20.9,21.7,19.6,22.32,1.13,0.58,76,75,7.6,15.31,6.7,0.9972,0.0741,22.3,24.0,24.0,station
2026-03-29,19.1,17.5,18.3,17.3,17.3,20.3,17.9,16.5,18.5,17.5,17.9,0.79,-0.24,89,95,10.7,6.28,5.1,0.9984,0.057,18.1,18.0,18.0,station
2026-03-30,17.6,17.3,14.7,16.1,18.6,17.7,17.7,15.9,16.6,19.8,16.86,1.5,-0.68,74,99,12.3,4.09,8.3,0.9992,0.0398,15.6,16.0,16.0,station
2026-03-31,21.6,22.0,21.9,22.2,22.3,22.4,22.8,22.1,22.8,22.4,22.0,0.27,-0.5,72,46,11.9,16.22,0.2,0.9997,0.0226,22.0,24.0,24.0,station
2026-04-01,22.8,22.4,21.5,21.7,21.7,23.0,22.0,22.3,20.6,21.5,22.02,0.55,0.14,72,63,8.2,15.47,1.1,1.0,0.0054,21.8,24.0,24.0,station
2026-04-02,22.0,21.0,19.6,21.4,20.9,22.1,20.9,22.2,21.1,20.5,20.98,0.88,-0.38,83,93,11.2,14.09,9.8,0.9999,-0.0118,21.3,21.0,21.0,station
2026-04-03,24.1,23.7,25.4,24.1,22.7,25.5,23.8,23.7,25.6,22.0,24.0,0.97,-0.12,78,50,10.7,18.39,1.3,0.9996,-0.029,23.9,25.0,25.0,station
2026-04-04,25.9,26.3,25.6,25.7,25.5,26.2,26.1,25.2,25.3,25.1,25.8,0.32,0.22,67,37,9.3,19.81,0.0,0.9989,-0.0462,26.8,29.0,29.0,station
2026-04-05,27.4,26.6,27.7,25.9,27.2,26.8,26.5,26.9,25.4,25.8,26.96,0.72,0.68,63,100,9.9,12.68,0.1,0.998,-0.0634,26.8,28.0,28.0,station
2026-04-06,19.4,19.7,19.8,21.8,19.6,18.9,20.1,20.4,20.5,19.8,20.06,0.98,0.12,87,100,11.5,4.87,10.1,0.9968,-0.0805,20.5,22.0,22.0,station
2026-04-07,23.0,21.7,21.1,20.6,19.7,23.4,22.4,22.7,22.3,19.8,21.22,1.24,-0.9,80,97,12.1,12.68,1.0,0.9952,-0.0977,21.0,22.0,22.0,station
2026-04-08,23.4,22.0,22.6,23.2,23.9,24.4,22.1,20.6,22.3,23.5,23.02,0.74,0.44,79,80,11.9,12.3,0.0,0.9934,-0.1148,22.3,24.0,24.0,station
2026-04-09,28.7,28.9,28.4,28.7,29.7,30.1,26.5,27.3,29.2,30.4,28.88,0.49,0.18,70,52,8.2,19.8,0.0,0.9913,-0.1319,28.6,31.0,31.0,station
2026-04-10,26.1,23.4,21.3,,25.3,24.7,20.7,22.2,25.4,24.9,24.02,2.14,0.45,74,86,14.1,11.72,15.6,0.9889,-0.1489,24.1,23.0,23.0,station
2026-04-11,25.7,24.9,23.2,,22.5,24.6,25.3,22.0,25.1,24.0,24.07,1.48,-0.12,70,71,9.0,16.93,0.0,0.9861,-0.1659,24.5,26.0,26.0,station
2026-04-12,22.4,21.8,23.0,,24.1,24.9,24.0,18.8,21.8,22.1,22.82,0.98,0.5,82,100,6.7,7.73,1.0,0.9831,-0.1828,20.3,20.0,20.0,station
2026-04-13,21.1,22.4,20.4,,20.1,20.7,21.3,18.2,22.7,24.7,21.0,1.02,-0.52,85,99,10.2,10.23,11.5,0.9799,-0.1997,21.8,22.0,22.0,station
2026-04-14,24.4,24.8,20.6,25.8,21.2,25.0,23.8,24.5,26.2,24.4,23.36,2.31,-1.42,79,79,14.4,15.68,11.3,0.9763,-0.2165,24.2,26.0,26.0,station
2026-04-15,22.9,23.2,21.8,22.1,22.3,23.5,22.8,22.2,22.5,21.9,22.46,0.58,-0.12,82,83,8.9,16.84,5.6,0.9724,-0.2333,23.0,24.0,24.0,station
2026-04-16,25.0,22.4,22.8,21.1,23.9,26.5,21.9,24.3,20.5,23.8,23.04,1.48,-0.36,78,96,12.3,12.71,3.5,0.9683,-0.25,23.0,25.0,25.0,station
2026-04-17,26.6,26.9,25.9,26.8,26.4,27.8,26.5,25.3,26.7,27.7,26.52,0.4,-0.28,76,32,11.7,21.1,0.0,0.9638,-0.2666,25.7,29.0,29.0,station
2026-04-18,27.3,28.2,27.1,27.8,28.5,27.6,27.9,26.8,28.1,28.5,27.78,0.59,0.0,70,34,7.0,20.31,0.0,0.9591,-0.2831,27.9,30.0,30.0,station
2026-04-19,25.8,27.4,25.2,24.6,25.7,26.5,25.9,24.1,24.3,29.1,25.74,1.04,-0.24,62,81,24.6,16.35,4.3,0.9541,-0.2996,28.9,30.0,30.0,station
2026-04-20,24.8,24.0,18.3,21.3,18.6,25.7,22.3,21.2,20.6,22.0,21.4,2.99,-0.96,45,94,16.6,12.93,2.2,0.9488,-0.316,23.0,24.0,24.0,station
2026-04-21,22.5,19.2,18.5,18.2,20.7,21.3,18.8,18.5,19.5,17.9,19.82,1.78,0.62,70,99,18.8,11.59,2.4,0.9432,-0.3322,20.7,21.0,21.0,station
2026-04-22,22.7,22.6,22.0,22.2,22.0,22.1,22.3,20.8,21.2,22.8,22.3,0.33,0.46,74,100,11.7,10.75,1.0,0.9373,-0.3484,22.0,23.0,23.0,station
2026-04-23,26.7,26.5,25.8,26.4,26.0,27.2,26.4,25.3,26.8,26.4,26.28,0.37,-0.14,69,71,11.7,20.89,0.0,0.9312,-0.3645,26.4,28.0,28.0,station
2026-04-24,27.1,27.8,26.7,27.4,27.5,27.2,27.1,26.9,28.1,27.3,27.3,0.42,-0.02,57,58,13.6,17.54,6.1,0.9248,-0.3804,28.0,30.0,30.0,station
2026-04-25,30.0,31.1,29.5,30.4,31.1,29.7,30.4,28.8,30.0,30.4,30.42,0.7,0.56,49,42,15.1,21.5,0.0,0.9181,-0.3963,31.3,31.0,31.0,station
2026-04-26,27.8,25.7,27.6,22.9,22.2,26.0,25.1,22.4,22.2,27.7,25.24,2.6,0.56,64,99,12.5,13.3,6.2,0.9112,-0.412,25.9,29.0,29.0,station
2026-04-27,27.4,22.8,20.2,25.3,24.6,23.0,21.3,19.6,27.2,25.9,24.06,2.71,0.66,78,100,13.0,4.75,2.4,0.9039,-0.4276,22.2,23.0,23.0,station
2026-04-28,18.9,20.0,19.7,21.9,18.3,20.4,19.5,24.1,21.6,18.6,19.76,1.37,-1.08,84,100,12.9,5.53,8.1,0.8965,-0.4431,17.2,19.0,19.0,station
2026-04-29,23.5,23.0,22.1,24.0,22.6,24.0,23.8,23.0,24.7,21.2,23.04,0.74,-0.3,74,65,8.3,17.79,0.0,0.8887,-0.4585,21.9,23.0,23.0,station
2026-04-30,22.7,22.3,21.5,20.1,23.4,23.3,22.2,19.4,20.2,24.5,22.0,1.26,0.08,72,96,8.2,14.79,0.1,0.8807,-0.4737,22.3,22.0,22.0,station
2026-05-01,22.7,21.6,17.3,19.6,21.9,24.4,20.9,18.4,18.9,20.9,20.62,2.18,-0.08,80,100,12.3,7.84,3.1,0.8724,-0.4888,20.3,20.0,20.0,station
2026-05-02,23.2,22.8,16.9,20.2,21.3,19.7,22.3,18.4,21.8,23.5,20.88,2.53,-0.26,74,100,14.1,13.31,1.4,0.8639,-0.5037,22.8,25.0,25.0,station
2026-05-03,22.1,23.1,23.3,20.9,24.7,21.9,24.0,23.9,22.2,24.5,22.82,1.42,-0.48,69,100,15.8,10.92,9.4,0.8551,-0.5185,20.7,23.0,23.0,station
2026-05-04,25.9,26.9,25.6,27.1,28.6,26.5,27.5,25.9,26.6,28.0,26.82,1.18,-0.08,63,36,10.0,23.0,0.0,0.846,-0.5331,26.1,29.0,29.0,station
2026-05-05,29.2,29.6,28.1,30.5,30.5,28.9,29.3,27.7,28.7,30.6,29.58,1.0,0.54,60,13,17.2,22.58,0.0,0.8367,-0.5476,29.5,31.0,31.0,station
2026-05-06,28.2,28.4,23.7,28.3,26.8,29.6,27.6,24.1,28.9,27.2,27.08,2.0,-0.4,52,91,20.0,11.0,0.0,0.8272,-0.5619,28.3,29.0,29.0,station
2026-05-07,29.8,28.7,30.1,30.5,28.7,31.0,27.6,28.7,30.9,30.0,29.56,0.82,-0.08,41,100,15.5,9.66,0.0,0.8174,-0.5761,29.4,29.0,29.0,station
2026-05-08,24.3,24.2,21.5,24.6,21.7,24.6,24.5,25.8,26.2,25.2,23.26,1.52,-2.0,52,92,12.9,10.01,0.6,0.8074,-0.59,23.3,24.0,24.0,station
2026-05-09,27.0,27.6,26.5,26.5,28.3,26.1,28.3,25.8,26.0,27.7,27.18,0.77,0.4,59,84,9.3,18.48,0.0,0.7971,-0.6038,27.4,29.0,29.0,station
2026-05-10,30.8,31.4,29.9,29.6,31.2,32.0,31.5,29.6,31.1,31.8,30.58,0.79,-0.62,51,94,11.5,21.04,0.0,0.7866,-0.6175,30.7,31.0,31.0,station
2026-05-11,28.4,31.3,30.4,25.9,30.3,31.4,32.1,28.9,28.5,31.0,29.26,2.15,-1.12,55,100,9.2,11.04,0.0,0.7759,-0.6309,27.6,28.0,28.0,station
2026-05-12,28.8,27.4,29.8,27.7,30.4,29.9,30.1,32.1,28.7,30.9,28.82,1.3,-1.52,52,85,10.6,15.47,0.0,0.7649,-0.6442,28.6,30.0,30.0,station
2026-05-13,29.4,28.4,25.5,28.7,29.8,29.1,28.8,27.4,27.7,31.0,28.36,1.69,-0.44,51,64,12.4,15.28,0.0,0.7537,-0.6572,28.0,27.0,27.0,station
2026-05-14,28.7,27.8,24.0,22.6,27.7,28.7,27.5,23.3,23.1,29.0,26.16,2.69,-0.16,54,94,12.3,10.13,0.0,0.7423,-0.6701,26.3,25.0,25.0,station
2026-05-15,28.2,25.2,19.3,21.2,25.5,27.1,25.5,19.6,22.5,26.0,23.88,3.58,-0.26,70,100,13.4,10.11,1.4,0.7306,-0.6828,24.5,23.0,23.0,station
2026-05-16,28.9,26.9,26.4,26.3,27.7,28.5,27.3,25.9,27.4,30.1,27.24,1.08,-0.6,75,58,6.4,16.55,0.1,0.7188,-0.6952,26.0,27.0,27.0,station
2026-05-17,28.7,28.2,27.6,28.1,30.0,31.7,28.4,28.6,27.6,26.7,28.52,0.91,-0.08,75,76,12.3,21.72,1.9,0.7067,-0.7075,28.6,31.0,31.0,station
2026-05-18,30.3,28.7,24.9,30.5,27.2,28.9,27.3,30.9,31.6,32.3,28.32,2.33,-1.88,71,95,11.8,12.92,5.3,0.6945,-0.7195,27.7,31.0,31.0,station
2026-05-19,30.1,29.4,29.2,30.5,30.0,30.8,28.9,29.9,30.4,31.0,29.84,0.53,-0.36,69,51,11.2,23.89,1.3,0.682,-0.7314,29.9,33.0,33.0,station
2026-05-20,31.6,32.2,30.7,32.7,32.7,31.1,30.7,29.2,32.1,32.3,31.98,0.85,0.9,56,38,11.9,23.74,0.0,0.6693,-0.743,32.7,34.0,34.0,station
2026-05-21,32.7,31.0,30.0,31.6,28.8,31.6,30.8,30.1,31.3,31.8,30.82,1.49,-0.3,57,74,14.2,15.7,0.2,0.6564,-0.7544,32.9,33.0,33.0,station
2026-05-22,31.6,31.8,31.6,33.1,31.5,33.6,31.6,31.9,32.9,31.1,31.92,0.67,-0.3,63,55,16.3,14.49,1.2,0.6433,-0.7656,31.9,31.0,31.0,station
2026-05-23,31.2,28.5,30.4,30.0,30.7,33.1,30.0,31.1,28.5,29.8,30.16,1.03,-0.34,80,68,10.7,17.41,8.7,0.6301,-0.7765,30.2,30.0,30.0,station
2026-05-24,30.9,29.6,29.3,27.8,29.1,31.3,29.8,30.2,29.7,30.1,29.34,1.11,-0.88,81,76,10.4,17.81,2.5,0.6166,-0.7873,29.6,30.0,30.0,station
2026-05-25,29.8,30.0,29.7,25.1,30.4,32.0,30.3,30.1,30.7,32.9,29.0,2.2,-2.2,75,74,14.8,18.2,0.7,0.603,-0.7978,29.7,29.0,29.0,station
2026-05-26,30.5,31.9,30.6,28.4,33.0,33.0,31.7,30.6,30.8,33.5,30.88,1.73,-1.04,62,67,11.0,17.71,0.0,0.5892,-0.808,30.7,34.0,34.0,station
2026-05-27,30.2,29.7,25.7,32.0,28.6,29.7,29.2,25.7,30.7,31.2,29.24,2.33,-0.06,59,100,12.9,10.76,0.0,0.5752,-0.818,28.9,29.0,29.0,station
2026-05-28,29.0,26.7,22.3,25.4,27.0,28.5,26.7,22.5,25.9,27.0,26.08,2.48,-0.04,62,99,11.8,12.73,0.2,0.561,-0.8278,26.8,29.0,29.0,station
2026-05-29,29.2,28.1,24.1,28.1,29.5,30.7,28.4,26.2,29.0,28.8,27.8,2.16,-0.82,57,64,10.9,23.85,0.0,0.5467,-0.8373,28.5,31.0,31.0,station
2026-05-30,29.3,31.0,29.4,30.8,32.0,30.8,30.4,28.8,28.8,32.4,30.5,1.14,0.26,58,63,9.4,21.24,0.0,0.5322,-0.8466,29.8,30.0,30.0,station
2026-05-31,30.8,30.5,26.8,30.8,33.8,30.6,29.8,30.1,29.5,33.4,30.54,2.49,-0.14,65,85,11.8,10.63,1.5,0.5176,-0.8556,28.3,28.0,28.0,station
2026-06-01,34.8,31.4,30.3,29.6,31.6,34.0,31.6,31.9,31.0,35.1,31.54,2.0,-1.18,52,79,11.0,19.7,0.0,0.5028,-0.8644,32.8,31.0,31.0,station
2026-06-02,32.9,31.3,30.6,29.5,31.0,34.6,31.8,30.9,31.4,33.8,31.06,1.23,-1.44,64,86,9.0,14.77,0.9,0.4878,-0.8729,29.6,31.0,31.0,station
2026-06-03,32.7,32.8,33.5,32.4,26.1,36.7,34.0,34.1,32.0,33.4,31.5,3.05,-2.54,63,63,11.1,24.6,0.0,0.4728,-0.8812,32.8,34.0,34.0,station
2026-06-04,31.1,34.6,35.4,30.8,31.3,32.8,33.5,34.9,31.3,34.5,32.64,2.18,-0.76,52,80,8.7,16.35,0.0,0.4575,-0.8892,34.0,32.0,32.0,station
2026-06-05,34.0,33.9,34.3,33.8,,33.5,34.4,34.9,34.7,33.8,34.0,0.22,-0.26,42,75,10.6,17.37,0.2,0.4422,-0.8969,33.9,34.0,34.0,station
2026-06-06,35.0,35.9,34.3,33.4,,36.1,35.5,34.4,32.9,34.4,34.65,1.06,-0.01,49,36,10.7,23.33,4.2,0.4267,-0.9044,37.2,36.0,36.0,station
2026-06-07,28.0,27.3,24.0,26.4,,25.7,26.8,23.9,26.0,26.4,26.43,1.74,0.66,66,98,17.7,7.9,7.5,0.4111,-0.9116,26.9,25.0,25.0,station
2026-06-08,24.2,25.1,24.0,23.9,,25.3,24.8,20.5,25.3,20.8,24.3,0.55,0.96,70,86,10.3,16.89,2.2,0.3953,-0.9185,25.4,27.0,27.0,station
2026-06-09,28.2,28.5,27.6,26.1,,26.3,27.2,28.1,26.7,25.3,27.6,1.07,0.88,60,49,10.0,27.07,0.0,0.3795,-0.9252,28.9,30.0,30.0,station
2026-06-10,29.5,28.4,30.3,30.4,31.5,30.2,28.3,30.1,29.2,28.9,30.02,1.15,0.68,56,86,11.1,16.87,0.0,0.3635,-0.9316,30.0,31.0,31.0,station
2026-06-11,30.8,27.7,29.7,29.0,29.9,28.7,27.4,29.6,29.8,28.1,29.42,1.16,0.7,47,92,13.1,18.89,0.2,0.3474,-0.9377,29.0,28.0,28.0,station
2026-06-12,31.2,28.7,28.6,28.9,29.7,30.8,27.9,29.3,28.9,30.0,29.42,1.08,0.04,52,76,13.7,22.76,0.0,0.3312,-0.9436,29.6,29.0,29.0,station
2026-06-13,32.2,31.0,29.0,28.5,31.9,29.0,31.0,30.4,31.2,33.9,30.52,1.68,-0.58,58,74,12.3,20.76,0.1,0.3149,-0.9491,31.0,31.0,31.0,station
2026-06-14,33.4,31.8,32.0,32.7,33.5,33.7,32.2,32.4,30.6,33.5,32.68,0.78,0.2,57,70,9.8,20.25,0.0,0.2986,-0.9544,33.0,33.0,33.0,station
2026-06-15,31.6,29.3,30.5,27.8,30.3,34.6,29.7,30.2,28.4,32.9,29.9,1.43,-1.26,66,97,9.0,10.43,0.3,0.2821,-0.9594,29.3,28.0,28.0,station
2026-06-16,27.8,25.2,24.6,24.8,25.4,30.1,26.1,28.4,25.8,26.3,25.56,1.29,-1.78,72,100,9.8,9.09,0.3,0.2656,-0.9641,27.3,25.0,25.0,station
2026-06-17,26.0,24.6,23.4,22.6,22.4,25.9,24.4,26.7,23.8,23.3,23.8,1.5,-1.02,81,93,11.7,12.89,5.3,0.2489,-0.9685,25.9,25.0,25.0,station
2026-06-18,29.9,28.5,29.3,27.6,28.6,32.0,29.7,29.4,27.3,28.4,28.78,0.87,-0.58,77,60,8.8,19.69,0.3,0.2322,-0.9727,29.0,31.0,31.0,station
2026-06-19,31.2,32.5,31.1,31.9,31.0,34.0,32.7,32.9,31.1,31.0,31.54,0.64,-0.8,75,48,7.5,18.84,0.0,0.2155,-0.9765,30.7,34.0,34.0,station
2026-06-20,27.4,27.0,25.8,26.1,25.9,29.8,27.7,28.9,24.7,32.9,26.44,0.72,-2.36,86,100,11.4,8.62,6.9,0.1986,-0.9801,25.9,28.0,28.0,station
2026-06-21,26.7,25.4,21.8,22.0,22.2,29.3,27.0,23.1,25.2,24.8,23.62,2.27,-2.26,84,100,12.4,10.85,11.8,0.1818,-0.9833,24.6,24.0,24.0,station
2026-06-22,30.2,29.1,28.7,29.9,28.0,29.7,28.6,28.5,28.1,25.3,29.18,0.89,1.14,75,81,10.7,22.32,0.2,0.1648,-0.9863,29.8,33.0,33.0,station
2026-06-23,30.0,27.4,26.2,27.8,27.0,29.2,26.8,26.7,27.5,27.2,27.68,1.43,0.2,81,87,9.9,16.71,0.9,0.1478,-0.989,27.6,30.0,30.0,station
2026-06-24,28.0,26.2,22.9,25.4,27.5,28.6,26.2,22.4,26.5,25.3,26.0,2.02,0.2,82,89,11.9,12.82,2.9,0.1308,-0.9914,26.4,28.0,28.0,station
2026-06-25,23.9,24.0,22.0,22.3,25.0,26.7,24.5,22.1,24.1,24.1,23.44,1.26,-0.86,83,100,12.0,10.65,4.8,0.1137,-0.9935,24.9,27.0,27.0,station
2026-06-26,29.5,28.3,24.5,31.2,27.2,28.1,27.8,23.1,27.6,30.6,28.14,2.52,0.7,74,73,8.6,17.85,0.0,0.0966,-0.9953,29.4,31.0,31.0,station
2026-06-27,29.6,28.1,29.5,32.8,31.9,30.2,29.1,28.0,31.1,31.1,30.38,1.92,0.48,81,68,7.2,15.04,3.9,0.0795,-0.9968,28.0,28.0,28.0,station
2026-06-28,28.2,28.7,29.1,29.7,30.8,27.2,26.9,29.3,30.5,30.9,29.3,1.0,0.34,79,83,10.3,23.01,0.0,0.0623,-0.9981,29.2,30.0,30.0,station
2026-06-29,29.8,29.4,30.5,30.5,31.2,27.4,28.7,31.0,28.6,30.9,30.28,0.7,0.96,74,73,14.0,23.6,0.0,0.0451,-0.999,30.6,33.0,33.0,station
2026-06-30,30.3,29.0,29.9,30.9,30.5,26.7,27.4,31.4,29.9,31.8,30.12,0.72,0.68,75,95,12.0,13.66,0.0,0.028,-0.9996,29.6,32.0,32.0,station
2026-07-01,32.6,30.2,30.6,29.0,32.0,27.8,29.3,32.5,29.2,34.1,30.88,1.44,0.3,74,80,10.8,13.6,0.6,0.0108,-0.9999,30.2,32.0,32.0,station
2026-07-02,29.7,30.6,31.5,30.5,30.7,29.4,29.6,31.8,29.5,31.5,30.6,0.64,0.24,73,57,9.4,24.8,9.9,-0.0065,-1.0,31.3,34.0,34.0,station
2026-07-03,29.1,29.8,29.5,29.7,28.9,30.6,30.4,30.5,29.2,29.9,29.4,0.39,-0.72,82,47,9.8,21.56,9.7,-0.0237,-0.9997,29.5,31.0,31.0,station
2026-07-04,32.0,32.2,31.3,33.1,32.6,32.1,31.8,31.7,33.1,31.2,32.24,0.67,0.26,73,35,11.4,24.12,2.6,-0.0408,-0.9992,33.1,34.0,34.0,station
2026-07-05,35.7,35.5,32.6,35.5,34.5,35.0,34.5,32.8,34.7,33.4,34.76,1.3,0.68,56,39,14.1,23.18,0.1,-0.058,-0.9983,37.5,37.0,37.0,station
2026-07-06,36.5,37.1,34.6,35.6,35.7,36.0,36.6,33.9,36.6,35.8,35.9,0.95,0.12,57,38,9.2,22.82,2.0,-0.0752,-0.9972,37.5,37.0,37.0,station
2026-07-07,35.9,33.1,34.4,35.5,36.0,35.3,36.3,36.3,38.1,39.0,34.98,1.23,-2.02,65,59,13.1,19.12,14.9,-0.0923,-0.9957,37.9,37.0,37.0,station
2026-07-08,38.9,39.1,35.1,35.8,38.8,37.0,36.7,34.7,37.2,37.6,37.54,1.93,0.9,63,15,8.3,24.65,0.2,-0.1094,-0.994,37.9,39.0,39.0,station
2026-07-09,39.3,38.8,34.3,38.4,38.3,38.6,38.9,34.2,35.5,39.4,37.82,2.01,0.5,57,63,12.3,22.79,2.6,-0.1265,-0.992,38.7,39.0,39.0,station
2026-07-10,38.7,37.3,34.9,37.6,34.5,38.3,37.5,34.3,38.1,36.4,36.6,1.82,-0.32,69,89,16.1,21.14,7.2,-0.1436,-0.9896,37.9,36.0,36.0,station
2026-07-11,31.5,32.6,32.4,35.8,33.3,33.2,32.6,33.4,37.2,35.4,33.12,1.63,-1.24,84,93,14.6,17.65,20.0,-0.1606,-0.987,31.6,31.0,31.0,station
2026-07-12,33.8,34.4,32.0,35.8,29.3,32.5,33.0,32.5,35.2,29.0,33.06,2.51,0.62,72,40,14.2,24.34,1.1,-0.1775,-0.9841,33.0,33.0,33.0,station
2026-07-13,35.7,36.9,32.9,37.6,34.1,35.4,36.7,33.2,36.7,32.6,35.44,1.94,0.52,68,12,8.1,25.7,0.8,-0.1944,-0.9809,35.8,38.0,38.0,station
2026-07-14,38.0,37.4,34.3,37.2,37.2,37.2,37.3,33.5,37.1,32.5,36.82,1.45,1.3,67,90,18.1,22.58,4.8,-0.2113,-0.9774,37.7,38.0,38.0,station
2026-07-15,35.3,36.5,32.8,37.9,37.2,34.6,36.6,33.5,39.0,38.1,35.94,2.0,-0.42,67,40,16.0,24.4,4.1,-0.2281,-0.9736,37.0,38.0,38.0,station
2026-07-16,36.2,36.0,32.5,37.6,36.1,36.8,36.8,33.2,38.0,36.7,35.68,1.89,-0.62,70,70,16.5,23.34,7.3,-0.2448,-0.9696,38.6,38.0,38.0,station
2026-07-17,34.4,28.5,28.2,29.9,32.7,34.8,28.2,31.8,29.1,34.6,30.74,2.71,-0.96,74,98,19.1,11.39,4.7,-0.2614,-0.9652,30.9,29.0,29.0,station
2026-07-18,33.5,32.3,30.7,33.4,33.6,34.6,31.0,27.3,35.7,35.0,32.7,1.23,-0.02,66,95,10.6,14.4,0.0,-0.278,-0.9606,34.8,34.0,34.0,station
2026-07-19,37.5,36.5,32.6,36.0,36.0,37.4,36.2,32.9,36.5,38.4,35.72,1.85,-0.56,52,10,10.8,27.02,0.0,-0.2945,-0.9557,37.2,37.0,37.0,station
2026-07-20,38.2,38.5,32.1,36.5,37.7,38.5,38.0,32.5,36.7,36.5,36.6,2.63,0.16,47,2,12.8,27.05,0.0,-0.3109,-0.9505,38.9,38.0,38.0,station
2026-07-21,40.2,39.9,33.0,38.3,40.3,39.3,39.2,32.5,37.4,39.0,38.34,3.09,0.86,43,5,16.3,26.72,0.0,-0.3272,-0.945,39.6,38.0,38.0,station
2026-07-22,40.9,40.7,34.2,38.5,39.3,40.6,40.5,33.0,39.2,40.6,38.72,2.72,-0.06,41,2,16.2,26.77,0.0,-0.3434,-0.9392,40.2,39.0,39.0,station
2026-07-23,40.7,40.1,34.2,38.1,40.4,40.7,40.5,34.3,36.8,39.3,38.7,2.71,0.38,38,25,10.7,21.21,0.2,-0.3595,-0.9332,39.3,37.0,37.0,station
2026-07-24,40.4,40.5,34.1,38.4,38.6,40.2,40.7,33.9,37.9,40.2,38.4,2.6,-0.18,39,17,10.8,24.35,0.1,-0.3755,-0.9268,39.5,39.0,39.0,station
2026-07-25,40.1,40.4,32.7,38.1,36.7,40.4,40.8,33.6,39.5,34.2,37.6,3.13,-0.1,41,24,9.3,24.15,0.3,-0.3914,-0.9202,40.7,41.0,41.0,station
2026-07-26,39.1,38.8,33.3,37.3,37.2,39.0,39.7,32.6,37.6,35.9,37.14,2.31,0.18,44,41,13.1,23.59,1.9,-0.4071,-0.9134,38.9,37.0,37.0,station
2026-07-27,29.9,29.7,27.5,30.4,27.4,30.3,30.3,27.5,28.9,26.9,28.98,1.42,0.2,81,89,12.4,12.94,20.7,-0.4228,-0.9062,30.5,30.0,30.0,station
2026-07-28,30.2,30.2,27.0,28.0,27.5,29.9,31.0,30.3,28.7,27.8,28.58,1.52,-0.96,80,76,10.1,18.04,8.5,-0.4383,-0.8988,30.2,,,
