datum,p1_ifs,p1_aifs,p1_gfs,p1_icon,p1_gem,p2_ifs,p2_aifs,p2_gfs,p2_icon,p2_gem,mm_gem,mm_spreiding,run2run,rh_gem,bewolking_gem,wind_max,instraling_som,neerslag_som,doy_sin,doy_cos,era5_max,station_max,doel,doelbron
2023-11-01,,,14.3,,,,,14.2,,,,,,85,92,26.6,3.66,4.7,-0.8606,0.5093,13.8,15.0,15.0,station
2023-11-02,,,13.7,,,,,13.2,,,,,,70,72,47.5,7.7,4.9,-0.8517,0.524,13.7,14.0,14.0,station
2023-11-03,,,11.2,,,,,12.4,,,,,,82,70,22.9,6.42,0.0,-0.8426,0.5386,10.5,10.0,10.0,station
2023-11-04,,,13.9,,,,,13.6,,,,,,85,81,33.8,4.44,16.8,-0.8332,0.553,13.7,15.0,15.0,station
2023-11-05,,,13.9,,,,,13.7,,,,,,79,74,33.3,5.43,8.7,-0.8235,0.5672,13.1,13.0,13.0,station
2023-11-06,,,13.9,,,,,13.9,,,,,,82,44,27.7,6.36,3.8,-0.8137,0.5813,12.7,14.0,14.0,station
2023-11-07,,,13.0,,,,,12.9,,,,,,84,29,22.7,7.53,0.7,-0.8035,0.5952,11.8,13.0,13.0,station
2023-11-08,,,13.1,,,,,13.0,,,,,,87,76,30.8,3.17,3.8,-0.7932,0.609,12.1,13.0,13.0,station
2023-11-09,,,12.5,,,,,13.0,,,,,,86,91,28.8,5.07,10.3,-0.7826,0.6225,11.9,12.0,12.0,station
2023-11-10,,,11.5,,,,,11.3,,,,,,83,58,33.9,4.77,2.2,-0.7718,0.6359,11.2,12.0,12.0,station
2023-11-11,,,12.5,,,,,11.5,,,,,,90,51,16.2,6.53,1.0,-0.7607,0.6491,11.2,11.0,11.0,station
2023-11-12,,,13.6,,,,,13.6,,,,,,91,100,23.7,1.37,8.9,-0.7494,0.6621,13.0,13.0,13.0,station
2023-11-13,,,17.0,,,,,17.0,,,,,,89,83,33.2,1.93,8.4,-0.7379,0.6749,16.9,17.0,17.0,station
2023-11-14,,,13.7,,,,,14.3,,,,,,84,74,30.3,1.67,2.5,-0.7262,0.6875,13.0,14.0,14.0,station
2023-11-15,,,14.2,,,,,13.8,,,,,,87,53,24.6,4.49,0.7,-0.7143,0.6998,12.5,14.0,14.0,station
2023-11-16,,,12.3,,,,,13.3,,,,,,93,97,26.6,1.66,14.4,-0.7021,0.712,10.0,10.0,10.0,station
2023-11-17,,,11.4,,,,,11.5,,,,,,89,57,19.6,5.94,0.6,-0.6898,0.724,11.1,12.0,12.0,station
2023-11-18,,,13.9,,,,,13.5,,,,,,93,100,23.7,0.84,16.2,-0.6772,0.7358,14.0,15.0,15.0,station
2023-11-19,,,14.8,,,,,15.3,,,,,,83,72,28.1,5.7,2.4,-0.6645,0.7473,14.8,16.0,16.0,station
2023-11-20,,,12.9,,,,,12.7,,,,,,83,82,29.2,3.49,5.9,-0.6515,0.7586,12.0,13.0,13.0,station
2023-11-21,,,12.6,,,,,12.5,,,,,,92,73,20.1,3.51,0.3,-0.6384,0.7697,11.9,12.0,12.0,station
2023-11-22,,,9.8,,,,,10.0,,,,,,85,86,18.0,6.03,0.0,-0.625,0.7806,9.0,10.0,10.0,station
2023-11-23,,,13.4,,,,,12.1,,,,,,87,100,18.7,2.33,0.2,-0.6115,0.7912,12.8,12.0,12.0,station
2023-11-24,,,12.0,,,,,11.7,,,,,,77,75,23.7,2.26,0.6,-0.5978,0.8016,11.3,12.0,12.0,station
2023-11-25,,,7.7,,,,,7.7,,,,,,78,26,21.1,4.52,0.0,-0.584,0.8118,7.7,8.0,8.0,station
2023-11-26,,,7.1,,,,,7.5,,,,,,87,99,13.9,4.17,0.0,-0.5699,0.8217,6.3,7.0,7.0,station
2023-11-27,,,10.0,,,,,8.9,,,,,,88,99,22.0,0.78,6.0,-0.5557,0.8314,8.7,9.0,9.0,station
2023-11-28,,,7.7,,,,,8.0,,,,,,86,53,21.4,5.34,0.2,-0.5413,0.8408,7.1,7.0,7.0,station
2023-11-29,,,6.9,,,,,7.5,,,,,,91,73,12.4,4.4,0.4,-0.5268,0.85,7.9,9.0,9.0,station
2023-11-30,,,6.9,,,,,5.5,,,,,,89,69,13.2,3.99,0.7,-0.5121,0.859,6.8,7.0,7.0,station
2023-12-01,,,4.9,,,,,4.5,,,,,,87,90,16.1,3.31,0.1,-0.4972,0.8676,3.5,4.0,4.0,station
2023-12-02,,,3.2,,,,,3.7,,,,,,82,45,16.1,5.46,0.0,-0.4822,0.8761,2.6,4.0,4.0,station
2023-12-03,,,3.9,,,,,4.0,,,,,,76,89,21.5,2.47,0.1,-0.4671,0.8842,3.7,4.0,4.0,station
2023-12-04,,,8.4,,,,,7.7,,,,,,76,97,28.8,1.72,7.2,-0.4518,0.8921,9.3,10.0,10.0,station
2023-12-05,,,7.4,,,,,7.2,,,,,,90,96,29.0,1.23,9.7,-0.4364,0.8998,8.1,9.0,9.0,station
2023-12-06,,,8.4,,,,,7.7,,,,,,91,73,12.5,4.59,0.1,-0.4208,0.9071,7.5,8.0,8.0,station
2023-12-07,,,7.0,,,,,7.1,,,,,,89,100,19.3,2.2,4.5,-0.4052,0.9142,6.0,6.0,6.0,station
2023-12-08,,,10.9,,,,,10.3,,,,,,95,78,12.1,2.03,7.0,-0.3894,0.9211,9.9,11.0,11.0,station
2023-12-09,,,13.2,,,,,12.9,,,,,,91,80,32.8,0.62,18.6,-0.3735,0.9276,13.6,14.0,14.0,station
2023-12-10,,,13.4,,,,,12.4,,,,,,83,81,31.5,2.99,1.4,-0.3575,0.9339,13.1,12.0,12.0,station
2023-12-11,,,12.9,,,,,13.8,,,,,,88,93,23.8,4.05,0.1,-0.3413,0.9399,12.5,12.0,12.0,station
2023-12-12,,,13.6,,,,,13.1,,,,,,92,80,25.7,2.38,1.3,-0.3251,0.9457,12.5,14.0,14.0,station
2023-12-13,,,11.3,,,,,11.2,,,,,,91,70,19.9,1.98,1.7,-0.3088,0.9511,9.6,11.0,11.0,station
2023-12-14,,,9.1,,,,,9.1,,,,,,85,100,21.9,1.79,0.4,-0.2924,0.9563,8.3,8.0,8.0,station
2023-12-15,,,10.2,,,,,10.2,,,,,,92,96,10.5,1.55,0.8,-0.2759,0.9612,9.6,11.0,11.0,station
2023-12-16,,,9.3,,,,,8.9,,,,,,91,20,8.0,4.8,0.0,-0.2593,0.9658,9.2,11.0,11.0,station
2023-12-17,,,9.2,,,,,9.1,,,,,,97,51,11.3,3.48,0.0,-0.2427,0.9701,6.7,7.0,7.0,station
2023-12-18,,,9.1,,,,,8.9,,,,,,94,85,13.4,2.17,0.0,-0.226,0.9741,3.4,4.0,4.0,station
2023-12-19,,,9.8,,,,,9.3,,,,,,91,100,23.7,1.64,5.0,-0.2092,0.9779,9.7,9.0,9.0,station
2023-12-20,,,9.5,,,,,9.2,,,,,,88,71,20.6,2.96,0.3,-0.1923,0.9813,9.3,10.0,10.0,station
2023-12-21,,,12.1,,,,,12.0,,,,,,86,100,30.2,0.84,1.6,-0.1754,0.9845,11.7,12.0,12.0,station
2023-12-22,,,12.2,,,,,12.1,,,,,,80,98,28.3,1.94,1.3,-0.1585,0.9874,11.0,11.0,11.0,station
2023-12-23,,,12.1,,,,,11.3,,,,,,82,95,23.8,1.98,0.6,-0.1414,0.9899,11.2,12.0,12.0,station
2023-12-24,,,11.5,,,,,11.8,,,,,,81,99,26.1,1.74,0.2,-0.1244,0.9922,11.5,13.0,13.0,station
2023-12-25,,,11.9,,,,,12.0,,,,,,83,100,25.2,0.98,0.2,-0.1073,0.9942,12.0,13.0,13.0,station
2023-12-26,,,11.1,,,,,12.0,,,,,,83,100,23.0,1.45,0.1,-0.0902,0.9959,11.5,12.0,12.0,station
2023-12-27,,,10.5,,,,,10.7,,,,,,82,100,26.8,3.96,3.4,-0.073,0.9973,10.0,11.0,11.0,station
2023-12-28,,,12.2,,,,,11.8,,,,,,87,74,27.3,3.84,0.5,-0.0559,0.9984,11.8,12.0,12.0,station
2023-12-29,,,11.7,,,,,11.4,,,,,,86,90,31.1,2.29,2.6,-0.0387,0.9993,11.5,12.0,12.0,station
2023-12-30,,,,,,,,,,,,,,90,98,24.7,1.98,0.4,-0.0215,0.9998,11.4,12.0,12.0,station
2023-12-31,,,,,,,,,,,,,,77,86,35.2,4.14,3.2,-0.0043,1.0,10.3,,,
2024-01-01,,,,,,,,,,,,,,79,85,29.7,3.46,2.2,0.0172,0.9999,9.4,11.0,11.0,station
2024-01-02,,,,,,,,,,,,,,90,85,38.5,0.66,15.9,0.0344,0.9994,11.7,12.0,12.0,station
2024-01-03,,,,,,,,,,,,,,85,49,33.9,3.1,4.6,0.0516,0.9987,11.5,13.0,13.0,station
2024-01-04,,,,,,,,,,,,,,84,72,29.4,3.36,0.5,0.0688,0.9976,10.4,11.0,11.0,station
2024-01-05,,,,,,,,,,,,,,85,33,25.2,4.62,0.4,0.0859,0.9963,10.0,10.0,10.0,station
2024-01-06,,,,,,,,,,,,,,88,77,22.7,3.19,1.4,0.103,0.9947,7.4,7.0,7.0,station
2024-01-07,,,,,,,,,,,,,,85,84,22.4,1.57,0.0,0.1201,0.9928,4.5,5.0,5.0,station
2024-01-08,,,,,,,,,,,,,,69,78,23.4,2.07,0.3,0.1372,0.9905,0.2,0.0,0.0,station
2024-01-09,,,,,,,,,,,,,,63,99,17.7,3.0,0.9,0.1542,0.988,-1.4,-1.0,-1.0,station
2024-01-10,,,,,,,,,,,,,,70,91,13.0,3.66,0.0,0.1712,0.9852,0.5,1.0,1.0,station
2024-01-11,,,,,,,,,,,,,,69,10,19.5,5.76,0.0,0.1881,0.9821,1.8,2.0,2.0,station
2024-01-12,,,,,,,,,,,,,,84,96,17.4,2.75,0.0,0.205,0.9788,3.0,3.0,3.0,station
2024-01-13,,,,,,,,,,,,,,87,100,10.1,2.5,0.0,0.2218,0.9751,0.3,0.0,0.0,station
2024-01-14,,,,,,,,,,,,,,85,99,10.5,3.14,0.0,0.2385,0.9711,0.1,0.0,0.0,station
2024-01-15,,,,,,,,,,,,,,78,74,18.0,4.78,0.3,0.2552,0.9669,4.3,5.0,5.0,station
2024-01-16,,,,,,,,,,,,,,80,69,11.9,6.06,0.0,0.2718,0.9624,2.8,4.0,4.0,station
2024-01-17,,,,,,,,,,,,,,95,100,16.7,0.54,29.2,0.2883,0.9575,6.1,2.0,2.0,station
2024-01-18,,,,,,,,,,,,,,87,64,23.7,5.5,5.8,0.3047,0.9524,2.6,3.0,3.0,station
2024-01-19,,,,,,,,,,,,,,86,19,8.3,6.17,0.0,0.3211,0.9471,3.1,3.0,3.0,station
2024-01-20,,,0.8,1.0,-0.8,,,,,,,,,86,32,13.5,6.27,0.0,0.3373,0.9414,1.1,3.0,3.0,station
2024-01-21,,,7.9,6.8,7.9,,,6.5,5.6,7.8,,,,76,99,28.8,3.51,0.0,0.3534,0.9355,7.7,10.0,10.0,station
2024-01-22,,,12.3,12.3,10.7,,,12.1,10.8,11.1,,,,83,71,41.8,3.42,5.9,0.3695,0.9292,11.8,13.0,13.0,station
2024-01-23,,,12.4,12.2,13.3,,,13.2,11.2,13.3,,,,87,88,28.2,1.54,0.6,0.3854,0.9227,12.9,14.0,14.0,station
2024-01-24,,,13.7,13.9,13.7,,,13.5,13.9,13.3,,,,83,98,29.4,4.36,1.3,0.4012,0.916,13.0,14.0,14.0,station
2024-01-25,,,12.8,12.6,13.0,,,12.2,12.5,11.9,,,,91,100,17.4,2.66,2.4,0.4169,0.9089,12.7,14.0,14.0,station
2024-01-26,,,11.8,12.2,12.0,,,12.1,12.3,11.8,,,,84,64,24.1,5.18,0.7,0.4325,0.9016,11.8,12.0,12.0,station
2024-01-27,,,8.2,7.6,7.1,,,8.3,8.2,7.8,,,,85,70,11.2,5.88,0.0,0.4479,0.8941,7.5,8.0,8.0,station
2024-01-28,,,10.5,10.3,10.8,,,11.2,10.3,11.0,,,,87,75,12.5,5.62,0.0,0.4633,0.8862,8.9,9.0,9.0,station
2024-01-29,,,12.3,13.0,12.6,,,11.2,13.0,12.7,,,,88,98,13.7,6.12,0.0,0.4784,0.8781,12.3,14.0,14.0,station
2024-01-30,,,12.3,12.1,12.9,,,11.7,13.8,13.7,,,,86,94,13.8,2.37,0.1,0.4935,0.8698,10.9,12.0,12.0,station
2024-01-31,,,11.7,10.5,10.6,,,11.3,12.7,13.1,,,,86,87,13.7,5.08,0.0,0.5084,0.8611,10.4,10.0,10.0,station
2024-02-01,,,10.5,11.7,10.9,,,9.7,11.2,11.2,,,,91,100,18.1,1.62,1.8,0.5231,0.8523,11.4,12.0,12.0,station
2024-02-02,,,11.9,10.0,11.7,,,11.8,10.8,9.8,,,,94,98,15.4,3.73,0.0,0.5377,0.8432,8.5,10.0,10.0,station
2024-02-03,,,11.8,11.8,11.4,,,14.0,12.2,10.9,,,,88,100,17.8,2.18,0.2,0.5521,0.8338,10.6,11.0,11.0,station
2024-02-04,11.0,,13.6,12.5,12.2,,,13.4,12.2,12.5,12.32,1.07,,83,100,20.6,3.13,0.0,0.5664,0.8242,11.9,11.0,11.0,station
2024-02-05,9.2,,13.2,10.1,10.7,9.7,,14.2,9.7,10.8,10.8,1.71,-0.3,82,98,18.7,3.46,0.0,0.5805,0.8143,9.6,11.0,11.0,station
2024-02-06,12.5,,12.7,12.7,12.0,11.6,,13.7,12.3,12.4,12.47,0.33,-0.03,80,91,29.0,4.65,0.3,0.5944,0.8042,12.1,12.0,12.0,station
2024-02-07,11.7,,11.5,12.5,12.4,12.0,,11.8,11.6,12.3,12.03,0.5,0.1,90,100,29.4,1.81,10.5,0.6081,0.7938,12.1,12.0,12.0,station
2024-02-08,13.3,,13.0,13.6,12.5,14.2,,12.8,12.6,12.3,13.1,0.47,0.12,90,100,30.5,2.21,7.8,0.6217,0.7833,13.4,14.0,14.0,station
2024-02-09,13.6,,12.5,14.4,11.7,14.1,,13.0,14.3,11.5,13.05,1.19,-0.17,82,87,28.9,4.24,5.1,0.6351,0.7725,13.9,14.0,14.0,station
2024-02-10,9.8,,10.6,10.6,10.8,10.0,,10.5,11.3,11.1,10.45,0.44,-0.28,94,98,20.4,2.03,7.6,0.6483,0.7614,9.9,11.0,11.0,station
2024-02-11,10.0,,9.9,10.4,9.4,10.5,,10.8,9.9,8.9,9.93,0.41,-0.1,87,86,29.5,4.27,1.6,0.6613,0.7502,10.4,10.0,10.0,station
2024-02-12,9.7,,11.0,10.3,9.4,9.6,,11.5,10.8,9.3,10.1,0.71,-0.2,89,67,13.1,6.56,0.3,0.6741,0.7387,10.3,11.0,11.0,station
2024-02-13,9.7,,11.0,11.4,10.6,8.8,,11.1,10.8,9.8,10.68,0.73,0.55,86,77,22.7,7.11,0.6,0.6867,0.727,10.6,11.0,11.0,station
2024-02-14,14.5,,14.6,14.7,14.6,15.2,,13.7,14.5,14.2,14.6,0.08,0.2,90,100,23.5,4.04,4.5,0.6991,0.715,14.3,15.0,15.0,station
2024-02-15,14.4,,16.4,16.0,15.8,16.5,,16.4,16.6,14.6,15.65,0.87,-0.37,81,96,15.5,8.24,1.7,0.7113,0.7029,17.0,18.0,18.0,station
2024-02-16,13.9,,13.2,14.0,15.1,12.9,,14.4,13.4,13.9,14.05,0.79,0.4,86,84,20.5,2.42,5.2,0.7233,0.6906,13.6,15.0,15.0,station
2024-02-17,14.4,,13.8,13.8,13.4,13.4,,13.8,12.7,12.3,13.85,0.41,0.8,77,85,11.2,7.19,0.0,0.735,0.678,13.5,15.0,15.0,station
2024-02-18,12.0,,11.5,11.2,12.4,11.6,,10.7,10.5,10.9,11.78,0.53,0.85,87,100,18.9,1.78,6.8,0.7466,0.6653,11.4,12.0,12.0,station
2024-02-19,11.7,,13.2,13.1,11.2,11.3,,13.2,13.0,11.0,12.3,1.0,0.17,89,99,21.3,3.62,1.1,0.7579,0.6523,11.4,12.0,12.0,station
2024-02-20,11.5,,12.4,12.1,12.3,11.9,,12.3,11.6,12.7,12.07,0.4,-0.05,88,100,15.3,4.89,0.2,0.769,0.6392,10.5,10.0,10.0,station
2024-02-21,9.8,,10.8,10.1,10.8,10.1,,11.0,10.4,10.9,10.38,0.51,-0.22,87,100,28.1,1.99,11.3,0.7799,0.6259,10.1,11.0,11.0,station
2024-02-22,12.9,,12.5,12.8,12.2,12.5,,12.6,12.6,12.2,12.6,0.32,0.12,86,90,43.5,4.67,14.5,0.7906,0.6124,14.0,13.0,13.0,station
2024-02-23,8.9,,9.5,9.8,8.7,8.9,,9.2,9.8,9.0,9.22,0.51,0.0,77,59,30.5,7.55,5.5,0.801,0.5987,8.8,9.0,9.0,station
2024-02-24,8.5,,10.2,9.5,8.5,8.7,,9.5,9.2,8.6,9.18,0.83,0.18,84,67,27.7,8.61,7.3,0.8112,0.5848,8.3,9.0,9.0,station
2024-02-25,7.9,,8.5,8.9,7.4,7.8,,8.0,8.9,8.1,8.18,0.66,-0.02,91,82,24.3,2.86,6.5,0.8211,0.5708,8.9,9.0,9.0,station
2024-02-26,9.2,,9.1,9.2,9.1,9.9,,11.7,11.0,9.6,9.15,0.06,-1.4,93,89,32.2,2.76,6.6,0.8308,0.5566,9.1,10.0,10.0,station
2024-02-27,10.1,,10.4,9.8,6.0,10.0,,9.9,9.3,5.9,9.07,2.06,0.3,79,98,29.4,6.87,0.0,0.8402,0.5422,9.4,10.0,10.0,station
2024-02-28,11.4,,11.3,11.5,10.1,11.6,,11.6,11.4,9.8,11.07,0.66,-0.03,85,71,13.8,8.33,0.0,0.8495,0.5277,10.2,11.0,11.0,station
2024-02-29,10.7,,9.9,10.5,9.8,10.1,,9.4,11.2,9.9,10.22,0.44,0.07,91,100,21.6,1.74,2.3,0.8584,0.513,9.9,11.0,11.0,station
2024-03-01,10.4,,9.2,10.8,9.9,9.1,,8.7,9.5,8.5,10.07,0.69,1.12,87,79,36.7,6.34,6.5,0.8671,0.4981,10.8,11.0,11.0,station
2024-03-02,8.3,,9.7,10.0,9.6,9.9,,8.7,8.0,8.6,9.4,0.75,0.6,90,86,24.5,2.99,12.4,0.8755,0.4831,8.6,9.0,9.0,station
2024-03-03,9.2,,9.8,9.5,8.0,9.2,,9.5,8.1,8.4,9.12,0.79,0.32,89,95,13.4,5.14,5.5,0.8837,0.468,8.2,9.0,9.0,station
2024-03-04,10.9,,11.1,10.8,9.2,10.7,,11.2,11.0,9.0,10.5,0.88,0.03,80,49,11.8,13.49,0.2,0.8916,0.4527,10.9,12.0,12.0,station
2024-03-05,9.4,,9.5,10.3,8.7,9.2,,9.8,11.1,10.1,9.47,0.66,-0.58,86,92,17.6,7.85,10.9,0.8993,0.4373,9.2,10.0,10.0,station
2024-03-06,9.1,,10.3,10.2,9.2,9.5,,10.4,11.8,10.7,9.7,0.64,-0.9,86,73,7.6,8.12,2.2,0.9067,0.4218,9.4,10.0,10.0,station
2024-03-07,12.7,,12.0,12.4,11.8,12.8,,13.1,12.7,11.3,12.22,0.4,-0.25,79,13,20.3,13.3,0.1,0.9138,0.4061,12.9,14.0,14.0,station
2024-03-08,14.0,,13.8,14.0,12.9,14.0,,14.1,13.7,12.8,13.68,0.53,0.03,71,68,26.2,11.84,0.0,0.9207,0.3904,13.2,14.0,14.0,station
2024-03-09,13.6,,12.7,13.8,13.2,13.1,,12.5,14.4,13.3,13.32,0.49,0.0,74,80,30.1,8.81,5.5,0.9272,0.3745,14.0,14.0,14.0,station
2024-03-10,10.7,,11.3,12.3,9.9,10.9,,12.0,11.2,8.5,11.05,1.01,0.4,89,100,19.4,5.17,4.3,0.9335,0.3585,10.1,10.0,10.0,station
2024-03-11,12.0,,14.0,12.9,11.5,12.6,,9.9,13.4,9.4,12.6,1.1,1.28,88,80,21.0,9.92,3.5,0.9396,0.3424,11.6,12.0,12.0,station
2024-03-12,10.6,,11.8,10.8,11.8,10.1,,11.6,10.7,11.7,11.25,0.64,0.23,92,98,18.8,2.96,7.2,0.9453,0.3261,11.1,12.0,12.0,station
2024-03-13,13.9,,15.3,15.4,14.2,13.7,,14.7,15.1,13.8,14.7,0.76,0.38,84,100,16.1,8.34,0.0,0.9508,0.3098,14.4,14.0,14.0,station
2024-03-14,16.7,16.3,17.2,17.1,16.1,16.5,,16.7,17.0,16.3,16.68,0.48,0.05,83,70,15.7,13.15,0.0,0.956,0.2934,17.2,19.0,19.0,station
2024-03-15,15.2,14.2,15.5,15.8,15.8,15.4,14.5,15.5,14.4,15.8,15.3,0.66,0.18,84,88,30.8,10.43,7.1,0.9609,0.2769,15.7,17.0,17.0,station
2024-03-16,14.5,13.0,15.3,15.6,13.1,14.4,13.3,15.0,14.7,13.7,14.3,1.21,0.08,75,87,21.1,12.5,0.4,0.9655,0.2604,14.6,15.0,15.0,station
2024-03-17,14.9,14.1,13.3,15.2,16.2,14.4,14.1,13.1,15.2,16.3,14.74,1.1,0.12,91,97,18.1,3.39,5.3,0.9698,0.2437,14.6,15.0,15.0,station
2024-03-18,15.7,14.2,17.4,16.7,16.7,15.8,14.3,17.2,16.4,16.9,16.14,1.24,0.02,84,78,12.7,11.93,3.8,0.9739,0.227,16.0,17.0,17.0,station
2024-03-19,17.2,16.7,18.5,18.0,18.0,17.0,16.3,19.6,18.0,17.8,17.68,0.72,-0.06,81,87,9.7,15.45,0.0,0.9777,0.2102,17.3,19.0,19.0,station
2024-03-20,18.8,19.1,18.5,19.4,17.9,18.9,19.0,18.1,18.5,18.3,18.74,0.58,0.18,81,100,9.0,14.28,0.0,0.9811,0.1934,19.0,20.0,20.0,station
2024-03-21,18.1,17.0,18.9,18.7,18.7,16.9,16.9,20.2,19.1,17.2,18.28,0.78,0.22,80,77,10.1,16.73,0.0,0.9843,0.1765,17.8,19.0,19.0,station
2024-03-22,14.5,14.8,18.6,17.1,17.9,17.0,14.7,19.8,19.0,18.3,16.58,1.84,-1.18,85,78,17.7,14.19,0.2,0.9872,0.1595,16.5,17.0,17.0,station
2024-03-23,10.5,10.1,10.2,11.4,10.0,10.6,9.6,10.2,10.5,10.1,10.44,0.57,0.24,81,56,27.6,13.72,7.5,0.9898,0.1425,10.5,11.0,11.0,station
2024-03-24,11.5,10.1,10.8,11.7,8.6,11.2,10.1,10.8,12.5,8.9,10.54,1.25,-0.16,77,27,27.9,14.32,0.7,0.9921,0.1255,11.1,12.0,12.0,station
2024-03-25,11.8,12.7,11.9,13.3,12.2,11.6,12.9,11.9,12.4,10.9,12.38,0.62,0.44,74,85,21.7,15.45,0.0,0.9941,0.1084,12.7,14.0,14.0,station
2024-03-26,12.3,11.9,10.0,13.8,12.7,12.1,11.9,10.4,13.6,10.4,12.14,1.39,0.46,82,100,24.9,6.62,6.6,0.9958,0.0913,12.4,13.0,13.0,station
2024-03-27,12.2,11.4,13.3,13.6,11.5,11.7,11.6,12.9,13.4,10.0,12.4,1.01,0.48,79,89,26.9,10.89,1.4,0.9972,0.0741,12.5,13.0,13.0,station
2024-03-28,11.8,12.0,12.3,12.4,11.4,11.7,11.4,11.6,13.0,10.4,11.98,0.4,0.36,70,73,40.6,15.15,3.9,0.9984,0.057,11.7,12.0,12.0,station
2024-03-29,15.0,12.9,14.0,15.1,12.2,15.4,12.2,13.3,14.1,13.1,13.84,1.28,0.22,80,100,23.2,7.82,5.9,0.9992,0.0398,13.4,15.0,15.0,station
2024-03-30,12.3,11.2,9.9,12.5,12.5,12.6,11.5,12.1,12.1,11.6,11.68,1.13,-0.3,83,97,12.6,7.75,10.7,0.9997,0.0226,12.0,12.0,12.0,station
2024-03-31,12.9,13.0,11.6,12.3,12.0,14.0,13.9,11.7,14.0,15.2,12.36,0.59,-1.4,83,90,25.2,12.4,4.2,1.0,0.0054,13.5,15.0,15.0,station
2024-04-01,13.1,13.4,14.2,15.3,13.3,13.5,13.2,14.5,14.0,12.3,13.86,0.91,0.36,80,73,21.8,12.14,4.6,0.9999,-0.0118,13.5,13.0,13.0,station
2024-04-02,13.9,14.2,14.7,15.1,15.2,13.8,13.2,15.8,15.0,15.6,14.62,0.56,-0.06,76,70,33.5,12.36,0.7,0.9996,-0.029,13.9,14.0,14.0,station
2024-04-03,15.9,15.5,16.1,17.1,15.6,15.7,15.0,17.0,16.2,17.1,16.04,0.64,-0.16,79,88,28.8,12.73,8.5,0.9989,-0.0462,15.9,17.0,17.0,station
2024-04-04,18.1,17.0,16.8,18.6,17.2,17.7,17.0,16.9,17.3,17.6,17.54,0.77,0.24,78,80,37.7,14.66,10.9,0.998,-0.0634,17.9,19.0,19.0,station
2024-04-05,17.8,18.0,19.1,19.1,19.1,16.2,18.8,17.5,18.5,20.9,18.62,0.66,0.24,83,97,29.6,7.68,2.9,0.9968,-0.0805,18.5,18.0,18.0,station
2024-04-06,24.5,25.1,25.8,27.5,29.6,26.2,25.7,25.6,24.9,29.6,26.5,2.07,0.1,67,92,23.0,18.45,0.0,0.9952,-0.0977,23.4,24.0,24.0,station
2024-04-07,16.6,16.9,18.1,16.8,21.5,18.5,17.6,17.0,19.1,21.8,17.98,2.05,-0.82,78,99,18.9,8.78,5.2,0.9934,-0.1148,17.1,18.0,18.0,station
2024-04-08,20.4,18.4,20.3,23.6,17.8,20.7,19.7,19.6,20.1,19.9,20.1,2.27,0.1,82,82,20.5,15.75,7.8,0.9913,-0.1319,20.8,22.0,22.0,station
2024-04-09,13.1,12.7,12.1,14.4,12.8,13.3,13.4,12.9,14.6,12.9,13.02,0.85,-0.4,71,58,31.6,15.92,6.2,0.9889,-0.1489,12.6,14.0,14.0,station
2024-04-10,15.3,14.8,16.2,15.5,15.1,15.4,14.8,16.1,15.6,14.8,15.38,0.53,0.04,72,52,13.0,17.78,0.0,0.9861,-0.1659,15.2,17.0,17.0,station
2024-04-11,16.5,15.8,17.6,19.5,20.6,16.1,16.4,17.8,17.9,19.3,18.0,2.02,0.5,80,95,11.9,9.96,0.2,0.9831,-0.1828,17.2,17.0,17.0,station
2024-04-12,21.2,21.8,22.4,23.4,22.7,20.7,20.9,23.0,22.7,24.3,22.3,0.84,-0.02,82,73,12.5,18.82,0.0,0.9799,-0.1997,21.6,24.0,24.0,station
2024-04-13,23.4,24.7,25.2,26.4,26.9,23.3,24.8,24.5,25.5,26.0,25.32,1.39,0.5,79,98,17.9,21.47,0.0,0.9763,-0.2165,23.9,26.0,26.0,station
2024-04-14,17.2,17.2,20.3,19.9,19.7,18.6,17.5,19.0,19.2,19.9,18.86,1.53,0.02,75,99,16.8,15.51,0.0,0.9724,-0.2333,19.0,20.0,20.0,station
2024-04-15,12.5,12.7,14.7,14.3,15.1,12.6,12.4,14.2,14.0,14.9,13.86,1.19,0.24,75,66,37.4,11.07,3.4,0.9683,-0.25,13.2,14.0,14.0,station
2024-04-16,12.5,11.2,12.8,13.3,11.3,12.5,11.1,14.1,12.9,11.9,12.22,0.93,-0.28,72,45,27.4,17.13,1.5,0.9638,-0.2666,12.6,14.0,14.0,station
2024-04-17,10.1,9.6,11.6,11.4,9.8,10.6,9.6,11.1,11.6,9.5,10.5,0.93,0.02,77,38,22.8,17.41,2.2,0.9591,-0.2831,11.0,12.0,12.0,station
2024-04-18,11.7,11.6,13.2,12.8,12.1,11.4,11.6,13.6,12.7,11.9,12.28,0.7,0.04,72,76,15.4,16.42,2.1,0.9541,-0.2996,11.5,14.0,14.0,station
2024-04-19,11.8,12.0,11.7,12.4,13.5,11.7,11.8,12.4,13.8,12.8,12.28,0.73,-0.22,78,89,29.2,5.51,1.9,0.9488,-0.316,11.8,12.0,12.0,station
2024-04-20,9.8,9.7,9.6,10.8,10.1,10.5,10.1,9.9,11.1,9.7,10.0,0.48,-0.26,72,44,21.4,14.21,0.2,0.9432,-0.3322,10.0,10.0,10.0,station
2024-04-21,11.2,9.9,12.2,11.9,9.9,11.9,9.7,10.8,11.6,10.8,11.02,1.08,0.06,67,45,28.7,19.13,0.5,0.9373,-0.3484,10.5,11.0,11.0,station
2024-04-22,10.3,10.4,12.2,11.2,11.2,10.7,10.8,11.6,11.7,10.3,11.06,0.77,0.04,71,34,18.1,20.99,1.3,0.9312,-0.3645,10.0,12.0,12.0,station
2024-04-23,10.8,10.8,11.7,11.3,10.9,10.1,10.7,12.2,10.6,10.3,11.1,0.39,0.32,67,42,18.5,21.88,0.0,0.9248,-0.3804,11.1,12.0,12.0,station
2024-04-24,10.3,10.0,9.0,10.2,11.4,9.5,9.8,10.1,11.0,10.0,10.18,0.86,0.1,72,68,26.5,16.84,0.7,0.9181,-0.3963,10.0,11.0,11.0,station
2024-04-25,11.4,11.8,13.6,12.8,13.6,11.0,11.9,13.3,14.0,14.3,12.64,1.01,-0.26,72,52,12.0,16.51,0.0,0.9112,-0.412,12.0,13.0,13.0,station
2024-04-26,14.4,14.5,15.0,16.4,16.0,14.7,14.0,14.7,15.3,15.5,15.26,0.9,0.42,78,81,17.6,15.81,0.5,0.9039,-0.4276,14.5,16.0,16.0,station
2024-04-27,14.8,15.8,15.9,15.2,14.4,14.9,14.3,16.1,15.1,15.4,15.22,0.64,0.06,87,100,19.4,10.34,16.1,0.8965,-0.4431,15.1,15.0,15.0,station
2024-04-28,15.9,14.9,17.4,16.8,14.9,15.4,15.0,15.9,17.4,15.0,15.98,1.12,0.24,73,52,29.6,20.43,5.0,0.8887,-0.4585,15.1,16.0,16.0,station
2024-04-29,17.8,17.8,18.3,19.0,17.8,18.3,18.2,18.2,19.1,18.0,18.14,0.53,-0.22,76,69,15.1,20.73,0.4,0.8807,-0.4737,17.7,19.0,19.0,station
2024-04-30,18.7,17.9,17.7,18.4,18.8,16.6,17.0,15.8,17.5,18.1,18.3,0.48,1.3,84,98,22.0,12.94,4.2,0.8724,-0.4888,18.3,19.0,19.0,station
2024-05-01,20.8,17.7,20.2,22.4,19.6,20.0,16.9,19.6,18.3,17.9,20.14,1.72,1.6,82,99,16.3,18.37,5.4,0.8639,-0.5037,20.5,21.0,21.0,station
2024-05-02,14.5,13.0,12.7,15.2,14.2,13.5,12.5,14.1,15.4,13.3,13.92,1.05,0.16,88,100,22.0,7.43,11.5,0.8551,-0.5185,15.0,14.0,14.0,station
2024-05-03,15.4,15.4,17.1,16.9,14.6,15.9,15.2,16.8,17.2,15.0,15.88,1.08,-0.14,76,60,22.0,20.85,2.5,0.846,-0.5331,15.1,17.0,17.0,station
2024-05-04,14.0,12.7,15.8,15.4,14.8,13.5,12.5,18.4,13.2,13.2,14.54,1.23,0.38,83,60,12.8,17.31,0.6,0.8367,-0.5476,14.5,15.0,15.0,station
2024-05-05,17.2,16.9,17.6,17.1,17.5,15.8,16.2,18.4,17.5,19.4,17.26,0.29,-0.2,86,95,19.2,11.01,2.4,0.8272,-0.5619,17.3,18.0,18.0,station
2024-05-06,17.1,16.2,18.5,18.1,16.1,16.8,16.0,17.9,18.1,16.5,17.2,1.09,0.14,79,73,16.8,21.35,2.9,0.8174,-0.5761,16.8,18.0,18.0,station
2024-05-07,18.6,18.4,19.9,19.5,20.9,17.9,17.8,19.2,19.9,18.8,19.46,1.02,0.74,81,41,22.9,22.62,0.7,0.8074,-0.59,18.3,19.0,19.0,station
2024-05-08,16.6,16.2,20.2,18.8,20.6,16.3,17.0,20.5,18.3,22.0,18.48,2.02,-0.34,78,64,17.3,17.61,0.0,0.7971,-0.6038,15.9,14.0,14.0,station
2024-05-09,19.3,21.0,20.8,20.4,20.6,19.8,21.3,21.5,20.6,22.1,20.42,0.66,-0.64,78,46,13.0,21.41,0.0,0.7866,-0.6175,19.2,21.0,21.0,station
2024-05-10,21.5,23.6,22.8,23.2,22.8,21.5,24.0,22.2,21.9,23.4,22.78,0.79,0.18,71,61,15.6,26.4,0.0,0.7759,-0.6309,22.1,23.0,23.0,station
2024-05-11,23.8,25.5,24.1,25.9,26.3,23.5,25.6,24.3,24.0,25.3,25.12,1.11,0.58,69,57,14.8,26.6,0.0,0.7649,-0.6442,24.2,26.0,26.0,station
2024-05-12,23.3,24.8,25.3,27.0,26.6,23.7,23.1,23.7,23.7,27.8,25.4,1.48,1.0,79,72,18.4,18.65,6.2,0.7537,-0.6572,25.1,26.0,26.0,station
2024-05-13,20.2,20.5,22.6,22.6,24.2,20.0,20.5,21.4,22.9,24.0,22.02,1.66,0.26,77,75,18.5,17.47,0.0,0.7423,-0.6701,20.3,22.0,22.0,station
2024-05-14,16.2,17.3,17.2,17.7,19.1,16.0,17.3,17.5,18.4,19.9,17.5,1.05,-0.32,89,100,14.7,6.22,22.5,0.7306,-0.6828,16.6,17.0,17.0,station
2024-05-15,18.3,17.9,19.4,19.8,18.9,18.6,17.8,19.2,19.5,17.4,18.86,0.78,0.36,79,76,13.6,22.98,3.2,0.7188,-0.6952,18.5,21.0,21.0,station
2024-05-16,18.2,18.0,19.1,19.6,20.1,18.6,18.1,19.5,19.0,16.3,19.0,0.9,0.7,78,75,12.4,24.13,5.4,0.7067,-0.7075,18.1,20.0,20.0,station
2024-05-17,19.2,19.0,21.6,20.0,18.5,19.7,19.6,21.3,20.0,21.1,19.66,1.21,-0.68,77,100,8.4,19.28,0.1,0.6945,-0.7195,18.7,20.0,20.0,station
2024-05-18,19.0,19.6,20.5,21.0,19.2,19.3,19.0,20.8,19.7,18.1,19.86,0.86,0.48,78,87,13.4,22.35,0.8,0.682,-0.7314,19.6,21.0,21.0,station
2024-05-19,19.6,19.0,21.3,21.2,20.1,19.6,19.5,21.2,21.1,20.5,20.24,1.0,-0.14,85,73,11.9,16.5,1.1,0.6693,-0.743,19.2,21.0,21.0,station
2024-05-20,20.7,20.5,22.5,22.6,21.7,20.5,20.2,22.3,20.7,21.8,21.6,0.98,0.5,83,46,13.8,21.64,4.3,0.6564,-0.7544,21.1,22.0,22.0,station
2024-05-21,19.1,18.0,19.2,20.0,18.4,19.2,17.7,18.7,18.2,19.1,18.94,0.77,0.36,86,87,12.0,18.21,9.7,0.6433,-0.7656,19.4,20.0,20.0,station
2024-05-22,18.9,18.8,19.0,20.2,19.0,17.8,17.9,20.3,19.7,19.1,19.18,0.58,0.22,79,54,21.2,20.64,2.2,0.6301,-0.7765,18.3,20.0,20.0,station
2024-05-23,18.8,18.4,20.4,20.5,18.6,18.7,18.7,18.7,20.0,19.5,19.34,1.02,0.22,80,61,15.1,20.75,2.1,0.6166,-0.7873,18.4,20.0,20.0,station
2024-05-24,17.8,17.7,18.7,19.8,19.2,18.2,18.6,19.4,18.9,18.4,18.64,0.9,-0.06,81,51,15.8,21.87,5.0,0.603,-0.7978,19.2,20.0,20.0,station
2024-05-25,20.0,20.4,21.3,21.4,20.8,20.3,20.4,21.7,22.1,21.2,20.78,0.59,-0.36,79,69,14.7,21.65,2.8,0.5892,-0.808,19.8,22.0,22.0,station
2024-05-26,20.3,20.1,21.5,22.1,22.1,20.6,20.3,21.6,23.2,21.8,21.22,0.97,-0.28,77,80,21.6,20.04,4.6,0.5752,-0.818,20.1,22.0,22.0,station
2024-05-27,16.8,16.7,18.3,17.8,16.5,15.9,17.0,16.9,18.3,18.4,17.22,0.79,-0.08,81,71,15.7,15.99,2.8,0.561,-0.8278,16.5,18.0,18.0,station
2024-05-28,17.1,16.8,16.3,17.3,18.8,17.0,16.4,16.8,16.8,18.5,17.26,0.94,0.16,87,85,20.2,5.64,3.9,0.5467,-0.8373,16.1,17.0,17.0,station
2024-05-29,16.6,15.9,15.5,17.4,18.3,17.2,16.9,16.1,18.8,17.9,16.74,1.13,-0.64,89,94,22.7,9.29,11.5,0.5322,-0.8466,17.0,17.0,17.0,station
2024-05-30,15.0,15.0,17.7,16.3,14.9,17.1,16.2,17.9,16.5,16.4,15.78,1.22,-1.04,84,84,25.5,16.15,9.3,0.5176,-0.8556,16.0,16.0,16.0,station
2024-05-31,16.4,15.3,14.7,15.5,16.2,15.5,15.1,16.0,15.8,16.5,15.62,0.69,-0.16,85,74,22.0,14.31,6.2,0.5028,-0.8644,16.5,15.0,15.0,station
2024-06-01,16.2,13.8,14.1,14.7,16.9,15.4,14.4,13.0,14.1,15.3,15.14,1.35,0.7,85,99,22.4,7.96,2.4,0.4878,-0.8729,15.0,14.0,14.0,station
2024-06-02,18.9,16.1,21.1,20.3,20.6,19.9,16.0,21.0,19.6,20.1,19.4,2.02,0.08,78,84,20.4,13.76,0.0,0.4728,-0.8812,17.1,17.0,17.0,station
2024-06-03,19.4,20.4,22.0,20.2,21.4,19.2,20.0,21.6,20.9,22.5,20.68,1.03,-0.16,79,53,11.2,22.18,0.2,0.4575,-0.8892,19.7,22.0,22.0,station
2024-06-04,22.0,21.7,23.4,23.4,24.9,20.7,20.9,21.3,22.4,25.2,23.08,1.28,0.98,79,79,19.0,21.01,0.9,0.4422,-0.8969,21.4,24.0,24.0,station
2024-06-05,18.7,19.5,18.8,20.4,21.6,18.7,20.1,20.6,19.5,21.9,19.8,1.21,-0.36,78,67,17.7,16.62,0.6,0.4267,-0.9044,18.4,21.0,21.0,station
2024-06-06,18.0,19.1,20.7,20.1,21.5,18.7,20.1,20.4,19.6,21.4,19.88,1.37,-0.16,72,28,13.8,24.42,0.0,0.4111,-0.9116,18.8,21.0,21.0,station
2024-06-07,19.3,20.7,21.7,21.1,22.3,19.2,21.2,22.5,21.1,22.5,21.02,1.14,-0.28,70,12,11.4,28.29,0.0,0.3953,-0.9185,19.9,22.0,22.0,station
2024-06-08,20.2,20.4,22.2,22.2,23.8,20.3,20.5,22.4,22.1,24.4,21.76,1.49,-0.18,71,41,19.4,27.05,0.0,0.3795,-0.9252,20.8,22.0,22.0,station
2024-06-09,19.7,19.8,20.6,21.7,21.8,19.9,19.9,20.5,21.5,22.4,20.72,1.0,-0.12,69,17,19.5,26.54,0.0,0.3635,-0.9316,19.8,21.0,21.0,station
2024-06-10,15.3,16.2,17.5,17.5,18.6,16.4,16.0,17.1,18.2,20.1,17.02,1.28,-0.54,76,45,26.3,14.2,2.3,0.3474,-0.9377,15.6,18.0,18.0,station
2024-06-11,16.8,16.9,18.5,17.5,15.4,16.4,17.0,18.9,17.9,17.5,17.02,1.13,-0.52,74,19,19.0,24.0,3.1,0.3312,-0.9436,16.5,17.0,17.0,station
2024-06-12,16.8,17.4,20.4,18.5,19.9,17.3,17.9,18.3,18.4,19.0,18.6,1.55,0.42,78,33,15.0,22.27,3.5,0.3149,-0.9491,16.5,19.0,19.0,station
2024-06-13,19.3,20.1,19.5,21.8,21.6,20.1,20.4,19.9,22.0,21.9,20.46,1.17,-0.4,69,69,20.1,20.3,0.5,0.2986,-0.9544,19.4,21.0,21.0,station
2024-06-14,21.1,20.0,21.7,23.1,24.0,21.3,20.3,21.3,22.7,23.6,21.98,1.59,0.14,72,83,26.6,20.69,4.6,0.2821,-0.9594,20.9,22.0,22.0,station
2024-06-15,17.4,17.1,16.9,17.5,19.8,17.5,16.8,17.6,18.1,20.4,17.74,1.18,-0.34,72,60,30.8,16.41,4.3,0.2656,-0.9641,17.2,18.0,18.0,station
2024-06-16,18.5,18.6,18.0,19.7,19.2,19.5,17.5,19.4,17.8,18.4,18.8,0.66,0.28,79,80,26.2,13.02,2.4,0.2489,-0.9685,19.1,19.0,19.0,station
2024-06-17,22.1,21.4,22.4,21.4,22.1,21.7,21.1,21.6,24.4,22.7,21.88,0.45,-0.42,79,84,13.9,20.87,3.0,0.2322,-0.9727,21.7,24.0,24.0,station
2024-06-18,22.4,21.8,25.6,23.8,20.8,23.9,21.1,24.2,21.4,20.5,22.88,1.87,0.66,91,97,16.7,12.48,22.1,0.2155,-0.9765,22.3,24.0,24.0,station
2024-06-19,21.3,20.2,21.6,21.6,19.9,21.3,19.8,22.2,19.2,16.8,20.92,0.81,1.06,79,94,24.5,15.94,1.1,0.1986,-0.9801,21.0,22.0,22.0,station
2024-06-20,21.7,20.1,23.4,22.3,18.5,22.3,19.8,23.1,22.7,18.1,21.2,1.92,0.0,79,97,18.4,16.1,1.5,0.1818,-0.9833,22.2,22.0,22.0,station
2024-06-21,22.7,20.6,19.8,23.2,23.1,22.6,21.6,21.1,23.7,22.6,21.88,1.57,-0.44,82,76,13.2,15.4,9.5,0.1648,-0.9863,21.4,24.0,24.0,station
2024-06-22,19.8,19.0,19.8,20.7,18.8,20.0,19.7,20.4,20.5,20.5,19.62,0.76,-0.6,80,80,20.2,16.51,12.2,0.1478,-0.989,19.4,21.0,21.0,station
2024-06-23,21.8,23.0,24.5,23.6,23.5,22.3,23.2,24.3,23.9,23.3,23.28,0.99,-0.12,73,30,14.6,25.44,0.0,0.1308,-0.9914,24.3,24.0,24.0,station
2024-06-24,24.8,26.9,26.6,27.8,28.6,23.9,26.8,25.9,27.1,28.5,26.94,1.43,0.5,73,25,12.4,24.03,0.0,0.1137,-0.9935,26.0,28.0,28.0,station
2024-06-25,27.0,28.8,28.0,29.7,30.9,26.8,29.0,28.2,29.9,31.7,28.88,1.51,-0.24,69,44,12.1,24.59,0.0,0.0966,-0.9953,27.5,29.0,29.0,station
2024-06-26,28.1,29.6,31.1,30.5,32.0,28.3,29.9,30.5,30.5,32.3,30.26,1.49,-0.04,69,45,13.1,26.57,0.0,0.0795,-0.9968,29.4,30.0,30.0,station
2024-06-27,28.2,28.5,29.2,31.7,31.4,28.3,28.4,30.0,31.9,33.3,29.8,1.64,-0.58,70,50,17.4,23.7,1.3,0.0623,-0.9981,28.3,30.0,30.0,station
2024-06-28,21.8,22.4,24.6,24.2,23.6,22.3,23.0,25.8,23.8,24.3,23.32,1.19,-0.52,67,45,14.0,26.88,0.0,0.0451,-0.999,21.7,23.0,23.0,station
2024-06-29,21.5,21.2,23.3,25.8,21.3,21.8,20.7,24.4,22.2,22.0,22.62,1.97,0.4,74,83,19.0,13.78,25.9,0.028,-0.9996,22.2,23.0,23.0,station
2024-06-30,22.1,21.7,22.8,22.5,24.1,23.0,20.9,20.2,23.0,22.3,22.64,0.92,0.76,76,99,17.3,15.06,1.9,0.0108,-0.9999,21.8,24.0,24.0,station
2024-07-01,19.5,19.8,20.6,23.0,21.5,20.3,20.3,22.0,22.4,23.3,20.88,1.42,-0.78,75,82,17.1,21.18,2.3,-0.0065,-1.0,19.6,20.0,20.0,station
2024-07-02,19.3,18.0,20.6,19.4,18.7,19.7,18.3,19.7,21.0,19.7,19.2,0.96,-0.48,76,86,15.9,9.91,1.0,-0.0237,-0.9997,19.3,21.0,21.0,station
2024-07-03,20.0,18.8,20.0,20.5,20.0,19.8,18.4,20.5,20.7,19.7,19.86,0.63,0.04,75,94,20.1,12.0,0.1,-0.0408,-0.9992,19.9,20.0,20.0,station
2024-07-04,20.4,20.6,22.8,22.5,21.6,21.1,20.4,22.4,21.6,21.0,21.58,1.08,0.28,70,59,22.7,21.96,1.3,-0.058,-0.9983,20.8,22.0,22.0,station
2024-07-05,23.5,24.1,24.1,25.7,24.6,24.0,24.3,24.4,25.4,24.4,24.4,0.82,-0.1,65,92,18.3,22.0,0.0,-0.0752,-0.9972,23.6,26.0,26.0,station
2024-07-06,21.0,20.2,21.8,21.8,21.6,21.0,20.2,21.8,21.4,21.7,21.28,0.69,0.06,61,61,27.5,20.7,0.1,-0.0923,-0.9957,20.4,21.0,21.0,station
2024-07-07,19.9,20.6,21.5,20.9,22.4,20.7,20.3,22.7,22.0,22.5,21.06,0.94,-0.58,63,52,20.7,19.97,0.8,-0.1094,-0.994,20.7,22.0,22.0,station
2024-07-08,22.3,23.2,23.3,22.7,23.4,22.4,23.0,23.8,22.9,24.6,22.98,0.47,-0.36,67,65,11.3,16.0,0.0,-0.1265,-0.992,23.4,24.0,24.0,station
2024-07-09,25.5,24.2,29.6,30.8,27.2,29.0,24.2,27.5,23.6,27.4,27.46,2.75,1.12,72,74,11.9,19.2,1.2,-0.1436,-0.9896,28.0,26.0,26.0,station
2024-07-10,25.3,23.8,24.8,26.9,25.7,24.8,23.9,24.9,25.2,25.3,25.3,1.14,0.48,69,75,20.1,21.6,0.6,-0.1606,-0.987,25.0,26.0,26.0,station
2024-07-11,24.6,23.1,26.1,25.2,24.6,25.3,22.2,26.4,19.8,21.8,24.72,1.09,1.62,68,60,12.5,20.12,0.3,-0.1775,-0.9841,23.8,25.0,25.0,station
2024-07-12,19.1,17.5,18.2,19.9,18.6,20.1,17.7,20.0,18.8,16.7,18.66,0.91,0.0,78,89,16.5,12.5,12.3,-0.1944,-0.9809,19.3,21.0,21.0,station
2024-07-13,21.2,20.7,22.8,21.8,20.6,20.8,20.2,22.0,21.1,21.4,21.42,0.91,0.32,79,64,14.6,18.68,2.2,-0.2113,-0.9774,20.9,21.0,21.0,station
2024-07-14,22.0,23.3,22.7,24.7,22.1,22.9,23.4,23.9,23.6,22.2,22.96,1.1,-0.24,72,47,9.8,15.89,0.0,-0.2281,-0.9736,22.2,23.0,23.0,station
2024-07-15,26.1,24.2,26.2,26.4,25.7,26.5,23.4,24.2,26.7,26.6,25.72,0.89,0.24,69,60,23.7,19.36,0.5,-0.2448,-0.9696,26.6,27.0,27.0,station
2024-07-16,22.8,21.8,23.0,24.4,23.2,22.3,22.1,23.4,24.3,23.5,23.04,0.93,-0.08,68,45,26.4,21.01,0.9,-0.2614,-0.9652,22.1,24.0,24.0,station
2024-07-17,23.7,24.6,27.5,25.2,26.5,24.9,25.2,27.6,25.7,26.7,25.5,1.51,-0.52,69,61,8.7,21.21,0.0,-0.278,-0.9606,24.0,26.0,26.0,station
2024-07-18,28.0,28.6,29.1,29.7,30.2,27.3,28.3,29.1,28.3,29.2,29.12,0.87,0.68,63,80,10.2,25.19,0.0,-0.2945,-0.9557,28.7,30.0,30.0,station
2024-07-19,31.1,31.2,33.0,33.7,33.2,30.9,31.1,33.0,32.4,33.4,32.44,1.21,0.28,58,72,9.4,23.72,0.0,-0.3109,-0.9505,31.1,34.0,34.0,station
2024-07-20,29.9,29.4,31.0,33.0,31.3,29.5,28.8,30.6,32.3,33.0,30.92,1.4,0.08,62,59,16.1,23.59,5.1,-0.3272,-0.945,30.1,31.0,31.0,station
2024-07-21,26.0,24.6,24.1,25.7,26.0,25.5,24.4,25.8,26.2,26.2,25.28,0.88,-0.34,77,85,19.9,18.66,3.2,-0.3434,-0.9392,25.0,26.0,26.0,station
2024-07-22,24.0,23.5,24.3,24.9,26.5,25.3,23.8,25.7,25.8,26.4,24.64,1.16,-0.76,65,67,18.7,16.56,0.0,-0.3595,-0.9332,24.7,25.0,25.0,station
2024-07-23,22.6,23.4,24.8,25.2,24.7,23.4,23.2,24.8,25.6,25.1,24.14,1.09,-0.28,71,88,25.1,18.15,3.4,-0.3755,-0.9268,23.6,23.0,23.0,station
2024-07-24,24.9,24.3,25.7,24.9,26.0,24.4,25.0,27.2,25.7,26.5,25.16,0.68,-0.6,66,71,9.4,20.13,0.0,-0.3914,-0.9202,24.6,26.0,26.0,station
2024-07-25,27.1,27.3,28.2,28.4,28.5,28.9,26.7,28.9,27.9,29.3,27.9,0.65,-0.44,58,82,14.7,19.82,0.1,-0.4071,-0.9134,28.1,29.0,29.0,station
2024-07-26,24.3,21.6,23.3,20.6,24.0,23.2,22.4,23.9,21.9,23.9,22.76,1.6,-0.3,81,98,10.4,11.24,6.8,-0.4228,-0.9062,23.8,22.0,22.0,station
2024-07-27,20.7,20.1,19.4,22.9,20.7,20.3,20.5,20.2,21.0,20.2,20.76,1.31,0.32,89,100,10.1,6.75,7.0,-0.4383,-0.8988,19.9,20.0,20.0,station
2024-07-28,24.4,25.3,25.4,24.9,23.7,25.1,25.6,25.8,25.5,24.2,24.74,0.7,-0.5,73,32,15.1,26.62,0.0,-0.4537,-0.8912,24.2,26.0,26.0,station
2024-07-29,28.5,28.8,29.8,29.5,31.7,28.2,29.3,30.0,28.3,30.1,29.66,1.25,0.48,67,20,13.3,25.19,0.0,-0.469,-0.8832,28.9,31.0,31.0,station
2024-07-30,32.4,32.0,34.9,35.7,36.0,31.9,31.8,33.9,34.0,36.3,34.2,1.87,0.62,67,38,8.1,24.17,1.1,-0.4841,-0.875,33.9,36.0,36.0,station
2024-07-31,31.4,30.6,30.6,31.8,29.2,28.6,29.0,31.0,31.6,29.4,30.72,1.0,0.8,76,60,18.8,19.8,2.9,-0.4991,-0.8666,31.1,31.0,31.0,station
2024-08-01,26.6,27.9,31.2,30.4,27.3,27.2,27.6,29.4,29.2,31.7,28.68,2.01,-0.34,86,46,21.8,18.4,27.5,-0.5139,-0.8578,28.4,31.0,31.0,station
2024-08-02,25.7,26.0,28.3,28.7,26.9,26.4,26.8,28.8,27.2,24.9,27.12,1.34,0.3,75,37,19.4,21.76,2.5,-0.5286,-0.8489,27.1,28.0,28.0,station
2024-08-03,25.0,23.9,26.3,23.5,25.8,25.4,24.3,26.9,23.8,25.6,24.9,1.2,-0.3,72,70,14.8,14.17,0.7,-0.5431,-0.8397,24.1,24.0,24.0,station
2024-08-04,22.7,24.3,25.7,25.6,24.0,23.0,24.6,24.3,26.4,24.0,24.46,1.24,0.0,72,93,15.0,21.63,0.0,-0.5575,-0.8302,23.2,24.0,24.0,station
2024-08-05,27.0,28.6,29.9,29.2,28.4,27.4,29.5,30.5,29.3,28.0,28.62,1.08,-0.32,68,5,11.6,25.59,0.0,-0.5717,-0.8205,27.4,29.0,29.0,station
2024-08-06,27.9,27.9,30.3,29.2,29.9,28.4,29.1,31.0,28.5,29.6,29.04,1.11,-0.28,67,39,14.5,24.4,0.0,-0.5857,-0.8105,28.3,29.0,29.0,station
2024-08-07,24.6,24.0,25.8,25.6,24.9,24.8,24.4,26.2,25.3,25.7,24.98,0.74,-0.3,65,79,14.8,19.48,1.1,-0.5996,-0.8003,23.7,25.0,25.0,station
2024-08-08,25.6,25.8,28.3,26.5,27.3,25.9,26.5,28.2,26.0,27.5,26.7,1.12,-0.12,61,82,15.3,16.79,0.0,-0.6132,-0.7899,26.4,27.0,27.0,station
2024-08-09,25.7,26.3,26.9,27.8,28.9,25.9,26.4,26.3,26.5,28.2,27.12,1.26,0.46,70,74,19.1,12.6,0.2,-0.6267,-0.7792,25.1,26.0,26.0,station
2024-08-10,27.5,27.2,30.5,28.7,27.7,28.6,29.4,31.0,30.3,29.2,28.32,1.34,-1.38,67,34,9.7,24.36,0.0,-0.64,-0.7683,27.5,30.0,30.0,station
2024-08-11,31.0,31.9,31.6,32.1,33.0,30.9,31.9,31.4,32.0,31.2,31.92,0.73,0.44,54,54,17.0,23.58,0.0,-0.6532,-0.7572,31.5,32.0,32.0,station
2024-08-12,36.4,34.7,37.5,36.4,36.3,36.6,35.2,37.8,36.0,36.8,36.26,1.0,-0.22,55,9,16.0,23.25,0.0,-0.6661,-0.7459,35.7,37.0,37.0,station
2024-08-13,31.0,26.3,29.7,29.5,31.2,30.4,25.6,30.1,28.6,30.2,29.54,1.96,0.56,71,81,17.9,14.25,0.9,-0.6788,-0.7343,27.4,27.0,27.0,station
2024-08-14,26.4,25.1,26.6,26.7,26.6,26.8,26.3,27.4,25.9,24.1,26.28,0.67,0.18,74,87,12.0,16.16,4.8,-0.6914,-0.7225,26.3,28.0,28.0,station
2024-08-15,27.2,26.9,29.3,27.7,25.9,26.5,26.9,29.0,26.1,25.7,27.4,1.25,0.56,67,55,14.4,20.09,0.2,-0.7037,-0.7105,26.4,28.0,28.0,station
2024-08-16,25.6,24.9,26.7,25.1,26.0,28.5,25.7,27.5,21.5,25.6,25.66,0.72,-0.1,70,66,19.5,12.31,1.2,-0.7158,-0.6983,25.9,27.0,27.0,station
2024-08-17,22.1,21.6,24.4,23.2,22.2,24.6,21.5,23.8,23.4,25.4,22.7,1.11,-1.04,88,100,14.4,4.99,20.1,-0.7277,-0.6859,21.7,24.0,24.0,station
2024-08-18,22.6,21.0,24.5,22.6,20.0,22.6,20.9,23.7,22.3,21.7,22.14,1.72,-0.1,74,92,18.7,14.58,8.3,-0.7394,-0.6733,22.2,21.0,21.0,station
2024-08-19,22.8,22.9,26.3,23.6,22.4,22.8,23.0,26.4,23.3,22.6,23.6,1.57,-0.02,73,44,7.6,23.01,0.0,-0.7509,-0.6605,22.0,24.0,24.0,station
2024-08-20,22.5,22.4,24.6,20.1,22.4,22.7,20.5,26.6,21.7,23.4,22.4,1.59,-0.58,81,51,20.9,12.5,17.5,-0.7621,-0.6474,23.2,24.0,24.0,station
2024-08-21,21.0,20.9,23.1,21.5,20.0,22.1,20.9,22.6,21.3,20.1,21.3,1.14,-0.1,72,79,14.9,16.58,0.0,-0.7731,-0.6342,20.7,22.0,22.0,station
2024-08-22,24.3,25.8,26.7,25.0,25.2,24.4,25.6,27.6,24.1,23.6,25.4,0.9,0.34,66,56,18.4,22.75,0.0,-0.7839,-0.6208,24.2,26.0,26.0,station
2024-08-23,24.4,24.4,26.0,25.5,28.2,25.7,25.0,26.5,26.4,27.9,25.7,1.56,-0.6,76,81,29.3,7.17,0.9,-0.7945,-0.6073,23.8,26.0,26.0,station
2024-08-24,28.2,27.8,30.3,29.4,30.6,27.7,27.0,28.1,27.5,29.5,29.26,1.24,1.3,75,25,25.7,19.47,3.6,-0.8048,-0.5935,28.9,30.0,30.0,station
2024-08-25,21.4,21.8,23.5,22.1,22.1,21.5,21.5,23.2,21.5,21.4,22.18,0.79,0.36,66,23,18.7,18.79,0.0,-0.8149,-0.5796,21.0,22.0,22.0,station
2024-08-26,22.5,23.3,26.0,23.7,24.3,23.5,24.0,26.0,23.3,24.7,23.96,1.31,-0.34,68,46,10.1,18.72,0.0,-0.8248,-0.5655,22.8,24.0,24.0,station
2024-08-27,26.0,27.2,27.4,27.2,27.6,25.7,27.0,27.9,26.1,28.0,27.08,0.63,0.14,66,47,9.9,21.89,0.0,-0.8344,-0.5512,25.8,27.0,27.0,station
2024-08-28,30.0,30.2,32.3,31.9,31.0,29.4,30.8,31.3,30.8,30.9,31.08,1.01,0.44,67,20,16.2,21.52,0.0,-0.8437,-0.5368,30.4,32.0,32.0,station
2024-08-29,25.2,23.9,26.1,24.9,25.6,26.0,25.1,27.0,26.7,26.5,25.14,0.83,-1.12,71,77,14.7,15.41,4.6,-0.8528,-0.5222,25.4,26.0,26.0,station
2024-08-30,20.6,20.4,23.2,23.8,23.2,20.4,20.6,22.5,21.0,19.3,22.24,1.61,1.48,84,96,18.3,8.34,11.5,-0.8617,-0.5074,22.8,19.0,19.0,station
2024-08-31,25.9,24.9,30.8,28.0,26.9,28.2,25.5,30.2,28.9,28.9,27.3,2.27,-1.04,87,61,15.1,13.65,0.9,-0.8703,-0.4925,26.0,24.0,24.0,station
2024-09-01,29.1,28.1,31.1,30.4,28.3,30.1,28.2,31.7,29.5,30.1,29.4,1.31,-0.52,77,56,18.4,18.32,0.3,-0.8786,-0.4775,27.8,29.0,29.0,station
2024-09-02,25.3,25.5,27.8,25.7,24.9,25.9,25.3,25.5,25.2,23.3,25.84,1.13,0.8,78,49,17.2,17.16,0.0,-0.8867,-0.4623,24.7,26.0,26.0,station
2024-09-03,23.3,20.5,23.7,21.6,21.6,23.5,20.5,23.9,22.7,22.2,22.14,1.33,-0.42,81,100,15.8,8.93,5.7,-0.8945,-0.447,21.7,22.0,22.0,station
2024-09-04,22.3,21.0,23.7,22.5,21.3,22.4,20.7,24.6,22.7,20.5,22.16,1.07,-0.02,76,91,11.7,15.08,1.2,-0.9021,-0.4315,21.8,23.0,23.0,station
2024-09-05,20.3,16.8,19.5,17.3,16.4,19.9,18.2,19.8,17.7,16.3,18.06,1.73,-0.32,85,100,21.7,5.24,20.8,-0.9094,-0.4159,17.2,17.0,17.0,station
2024-09-06,22.6,21.7,24.4,23.6,20.5,22.7,22.0,24.0,22.9,21.6,22.56,1.54,-0.08,79,79,10.1,16.46,0.0,-0.9164,-0.4002,22.6,23.0,23.0,station
2024-09-07,24.9,20.9,27.2,20.7,21.5,24.2,20.0,27.8,24.6,22.1,23.04,2.88,-0.7,82,85,14.4,12.81,3.5,-0.9232,-0.3844,23.8,23.0,23.0,station
2024-09-08,20.0,19.9,22.2,20.3,19.7,20.8,19.7,20.3,20.0,18.4,20.42,1.02,0.58,81,71,23.6,11.96,6.5,-0.9296,-0.3685,20.1,22.0,22.0,station
2024-09-09,19.3,18.0,18.1,18.2,17.2,17.9,17.7,18.6,20.3,16.7,18.16,0.75,-0.08,85,82,27.7,8.32,1.4,-0.9358,-0.3524,20.0,18.0,18.0,station
2024-09-10,17.9,16.7,19.3,18.0,18.7,17.6,17.1,19.9,18.3,19.1,18.12,0.98,-0.28,75,92,25.8,9.66,0.3,-0.9418,-0.3363,17.5,18.0,18.0,station
2024-09-11,16.9,16.5,17.0,17.3,16.5,16.1,16.2,17.1,16.8,15.8,16.84,0.34,0.44,73,63,27.7,13.94,4.9,-0.9474,-0.32,16.1,17.0,17.0,station
2024-09-12,15.1,15.0,16.9,15.6,15.3,15.7,15.2,17.1,14.5,15.1,15.58,0.77,0.06,75,23,19.8,16.65,1.2,-0.9528,-0.3037,15.0,16.0,16.0,station
2024-09-13,16.9,16.1,18.0,17.4,17.3,16.5,16.2,19.3,16.2,17.4,17.14,0.7,0.02,77,21,18.4,14.77,0.6,-0.9579,-0.2873,16.6,17.0,17.0,station
2024-09-14,16.5,17.3,18.9,18.0,16.7,16.8,17.6,18.8,16.9,16.6,17.48,0.99,0.14,76,46,10.5,14.54,0.0,-0.9627,-0.2707,16.3,18.0,18.0,station
2024-09-15,18.3,18.7,21.1,19.5,18.8,18.2,18.8,21.2,18.5,18.0,19.28,1.11,0.34,75,19,9.0,18.24,0.0,-0.9672,-0.2541,18.2,20.0,20.0,station
2024-09-16,19.5,19.6,21.1,20.6,20.7,19.7,20.0,21.1,21.0,21.2,20.3,0.71,-0.3,80,69,18.3,10.61,0.2,-0.9714,-0.2375,18.9,20.0,20.0,station
2024-09-17,20.9,19.7,23.6,21.9,20.9,20.4,19.6,22.9,21.6,21.0,21.4,1.46,0.3,76,35,26.0,12.7,0.0,-0.9753,-0.2207,21.0,22.0,22.0,station
2024-09-18,24.0,23.0,26.1,24.2,23.1,24.2,23.3,25.0,22.9,23.1,24.08,1.25,0.38,73,19,27.9,16.06,0.4,-0.979,-0.2039,23.5,24.0,24.0,station
2024-09-19,24.2,24.1,25.3,25.5,24.0,24.0,23.8,25.0,24.5,23.6,24.62,0.72,0.44,60,5,24.3,16.77,0.0,-0.9824,-0.187,24.7,26.0,26.0,station
2024-09-20,22.9,21.8,25.0,23.3,24.2,22.1,22.0,24.4,23.0,22.6,23.44,1.23,0.62,77,40,17.6,11.58,16.0,-0.9854,-0.1701,21.3,24.0,24.0,station
2024-09-21,23.8,23.6,25.4,24.2,23.3,23.2,23.1,24.6,23.9,21.7,24.06,0.82,0.76,79,49,16.9,13.23,3.4,-0.9882,-0.1531,23.9,25.0,25.0,station
2024-09-22,17.8,19.5,20.6,19.7,19.8,17.9,19.2,18.1,19.2,17.1,19.48,1.03,1.18,85,95,14.8,9.25,10.3,-0.9907,-0.1361,21.3,21.0,21.0,station
2024-09-23,18.3,18.5,18.1,19.2,16.6,18.2,18.2,21.3,18.7,17.3,18.14,0.96,-0.6,87,75,18.8,10.5,12.7,-0.9929,-0.1191,18.6,19.0,19.0,station
2024-09-24,17.2,16.5,17.5,17.7,15.7,18.3,16.7,16.7,17.0,16.4,16.92,0.82,-0.1,88,84,26.9,5.24,4.6,-0.9948,-0.102,17.6,17.0,17.0,station
2024-09-25,15.9,16.2,18.9,17.9,16.2,16.0,15.7,16.1,17.4,16.2,17.02,1.31,0.74,91,93,26.3,3.8,19.2,-0.9964,-0.0848,16.4,17.0,17.0,station
2024-09-26,19.1,18.9,19.2,20.2,17.5,17.8,18.9,19.2,19.3,17.0,18.98,0.97,0.54,87,80,31.9,5.45,13.9,-0.9977,-0.0677,18.8,19.0,19.0,station
2024-09-27,16.4,16.1,17.7,15.6,14.3,16.6,16.1,16.8,16.1,15.1,16.02,1.24,-0.12,76,65,30.4,10.58,2.4,-0.9987,-0.0505,15.7,16.0,16.0,station
2024-09-28,14.2,13.7,15.6,14.3,14.0,13.5,13.8,14.9,13.6,11.5,14.36,0.73,0.9,75,37,17.7,12.11,0.5,-0.9994,-0.0333,13.7,15.0,15.0,station
2024-09-29,14.0,13.9,14.8,14.6,13.7,13.7,13.6,14.7,13.4,12.8,14.2,0.47,0.56,76,92,21.9,8.47,0.0,-0.9999,-0.0161,14.8,14.0,14.0,station
2024-09-30,17.8,17.7,16.7,16.9,16.3,17.3,17.3,17.1,16.8,16.7,17.08,0.65,0.04,80,96,33.8,5.0,1.3,-1.0,0.0011,17.7,18.0,18.0,station
2024-10-01,17.7,16.5,17.6,18.0,16.0,17.2,16.8,17.7,15.8,15.9,17.16,0.86,0.48,77,64,20.7,10.54,0.0,-0.9998,0.0183,16.9,18.0,18.0,station
2024-10-02,16.8,15.4,15.6,16.5,15.0,17.9,15.2,18.2,17.8,15.5,15.86,0.76,-1.06,82,65,20.8,6.51,0.8,-0.9994,0.0355,16.3,16.0,16.0,station
2024-10-03,14.7,13.2,16.8,15.2,13.9,14.9,13.6,16.0,13.9,12.6,14.76,1.37,0.56,78,56,21.4,8.94,0.0,-0.9986,0.0527,14.2,14.0,14.0,station
2024-10-04,15.7,15.2,17.0,15.6,15.2,15.8,15.2,17.0,15.2,15.0,15.74,0.74,0.1,79,15,11.8,12.12,0.0,-0.9976,0.0698,15.3,16.0,16.0,station
2024-10-05,16.6,16.3,17.6,17.0,16.0,16.6,16.3,17.5,16.4,15.8,16.7,0.62,0.18,77,22,16.8,14.09,0.0,-0.9962,0.087,16.3,18.0,18.0,station
2024-10-06,16.7,16.3,16.9,18.3,16.9,19.1,16.0,16.1,17.2,17.7,17.02,0.76,-0.2,85,96,19.7,3.05,1.0,-0.9946,0.1041,16.5,17.0,17.0,station
2024-10-07,18.6,18.4,18.3,18.3,17.2,17.9,18.6,18.7,17.5,18.0,18.16,0.55,0.02,91,92,21.5,6.16,12.1,-0.9926,0.1212,17.8,17.0,17.0,station
2024-10-08,18.0,18.5,20.9,19.4,17.2,19.0,18.5,20.0,19.9,18.0,18.8,1.42,-0.28,82,78,25.4,11.13,0.3,-0.9904,0.1383,18.7,19.0,19.0,station
2024-10-09,14.6,14.7,17.1,15.0,16.4,15.1,15.2,15.2,14.7,16.0,15.56,1.12,0.32,92,97,28.6,1.06,60.9,-0.9879,0.1553,16.6,17.0,17.0,station
2024-10-10,14.5,15.2,14.6,14.5,13.9,15.5,15.2,15.7,15.3,13.9,14.54,0.46,-0.58,89,67,20.6,7.62,4.3,-0.9851,0.1722,14.9,16.0,16.0,station
2024-10-11,13.9,12.5,15.0,14.5,12.0,14.6,13.5,12.9,14.1,11.6,13.58,1.29,0.24,82,28,11.6,11.51,0.0,-0.9819,0.1892,13.4,14.0,14.0,station
2024-10-12,14.0,13.0,13.6,13.3,12.5,13.2,13.7,12.6,13.4,11.8,13.28,0.57,0.34,85,93,14.6,5.68,1.9,-0.9785,0.206,14.9,14.0,14.0,station
2024-10-13,14.3,13.9,14.5,14.5,13.9,14.0,14.0,14.5,13.2,14.7,14.22,0.3,0.14,80,100,16.3,10.31,0.0,-0.9749,0.2228,14.2,15.0,15.0,station
2024-10-14,20.5,18.7,21.4,19.3,22.0,20.9,19.2,18.5,19.5,17.7,20.38,1.38,1.22,81,77,18.2,8.71,0.0,-0.9709,0.2396,21.0,18.0,18.0,station
2024-10-15,19.6,18.1,19.2,19.2,19.7,20.8,18.7,19.0,20.9,20.2,19.16,0.63,-0.76,89,100,19.4,6.95,0.4,-0.9666,0.2562,19.7,19.0,19.0,station
2024-10-16,24.1,23.6,24.7,24.3,23.1,23.6,23.3,24.7,23.3,23.8,23.96,0.62,0.22,79,60,22.9,10.86,3.6,-0.9621,0.2728,24.3,25.0,25.0,station
2024-10-17,18.1,18.4,18.5,18.9,19.4,18.5,18.3,20.2,19.4,18.6,18.66,0.5,-0.34,94,92,18.4,2.64,17.8,-0.9572,0.2893,18.0,19.0,19.0,station
2024-10-18,17.6,15.0,16.9,16.3,15.5,16.2,14.9,19.6,16.1,15.7,16.26,1.05,-0.24,89,100,18.5,3.45,6.6,-0.9521,0.3057,15.9,15.0,15.0,station
2024-10-19,14.6,15.3,15.6,15.4,14.1,16.8,15.3,16.4,15.5,13.6,15.0,0.63,-0.52,88,89,23.3,3.78,2.7,-0.9467,0.3221,16.0,16.0,16.0,station
2024-10-20,18.8,18.6,18.0,16.7,18.5,18.5,18.3,18.1,17.1,18.0,18.12,0.85,0.12,90,99,23.0,4.36,0.0,-0.941,0.3383,18.2,19.0,19.0,station
2024-10-21,21.4,18.5,18.1,20.4,19.9,19.3,18.1,16.4,18.1,18.6,19.66,1.36,1.56,88,78,26.0,6.67,5.5,-0.9351,0.3545,20.2,19.0,19.0,station
2024-10-22,16.5,15.9,18.4,17.6,16.4,16.7,15.9,16.5,16.1,14.9,16.96,1.02,0.94,87,30,16.1,9.38,0.0,-0.9288,0.3705,16.1,17.0,17.0,station
2024-10-23,16.4,16.0,17.6,16.0,16.4,16.9,16.6,17.4,15.9,16.1,16.48,0.66,-0.1,90,44,11.6,8.6,0.0,-0.9223,0.3864,16.4,17.0,17.0,station
2024-10-24,17.6,15.3,19.0,17.8,17.6,17.1,16.2,19.4,18.0,18.1,17.46,1.34,-0.3,89,13,13.6,9.81,0.0,-0.9155,0.4022,17.5,19.0,19.0,station
2024-10-25,19.7,19.4,19.8,19.9,18.1,19.9,19.0,18.1,16.8,18.1,19.38,0.74,1.0,90,61,16.8,7.78,3.1,-0.9085,0.4179,19.1,20.0,20.0,station
2024-10-26,18.3,16.9,18.8,19.1,18.5,17.8,15.0,17.5,15.2,13.9,18.32,0.85,2.44,94,82,8.7,6.21,2.6,-0.9012,0.4335,17.9,20.0,20.0,station
2024-10-27,16.8,15.4,17.6,17.4,16.5,17.2,15.3,19.0,18.0,14.7,16.74,0.87,-0.1,93,96,11.3,3.48,2.1,-0.8936,0.4489,16.2,17.0,17.0,station
2024-10-28,16.9,15.6,17.7,17.1,16.0,17.3,15.2,18.5,16.9,16.4,16.66,0.85,-0.2,93,72,11.3,5.87,0.2,-0.8857,0.4642,17.0,17.0,17.0,station
2024-10-29,15.6,13.3,18.7,15.0,13.9,16.4,14.5,18.6,15.5,14.9,15.3,2.1,-0.68,95,54,10.1,4.6,0.0,-0.8776,0.4794,13.9,14.0,14.0,station
2024-10-30,16.5,13.5,18.1,15.3,14.9,16.9,14.0,18.1,15.3,15.7,15.66,1.73,-0.34,90,98,12.2,4.44,0.0,-0.8692,0.4944,14.7,15.0,15.0,station
2024-10-31,16.1,12.5,17.8,13.4,14.6,14.7,12.4,18.2,14.6,14.8,14.88,2.12,-0.06,91,72,9.1,6.78,0.0,-0.8606,0.5093,15.7,13.0,13.0,station
2024-11-01,12.3,10.0,17.8,12.1,13.8,13.2,10.2,18.1,12.0,14.2,13.2,2.91,-0.34,92,100,6.7,3.55,0.0,-0.8517,0.524,11.6,11.0,11.0,station
2024-11-02,13.4,11.3,15.4,13.8,12.5,13.9,11.2,16.1,13.9,12.9,13.28,1.53,-0.32,85,96,16.9,3.06,0.3,-0.8426,0.5386,12.4,12.0,12.0,station
2024-11-03,14.3,9.9,16.0,12.2,13.3,14.7,9.9,16.3,12.4,13.7,13.14,2.29,-0.26,85,63,10.8,6.62,0.0,-0.8332,0.553,12.8,13.0,13.0,station
2024-11-04,15.2,9.8,16.5,14.9,13.5,15.2,9.2,16.6,14.0,13.7,13.98,2.57,0.24,94,48,9.1,6.36,0.0,-0.8235,0.5672,14.7,15.0,15.0,station
2024-11-05,14.4,11.1,17.6,12.7,12.4,15.3,11.0,17.3,15.6,14.5,13.64,2.51,-1.1,97,79,7.1,2.71,0.0,-0.8137,0.5813,12.3,12.0,12.0,station
2024-11-06,13.8,11.5,17.0,13.6,12.5,13.7,11.6,17.7,13.5,12.2,13.68,2.07,-0.06,91,92,11.1,3.55,0.0,-0.8035,0.5952,12.0,12.0,12.0,station
2024-11-07,14.3,11.2,16.4,13.3,13.4,15.0,11.1,16.8,12.3,12.2,13.72,1.88,0.24,87,98,14.4,2.47,0.0,-0.7932,0.609,13.3,13.0,13.0,station
2024-11-08,12.0,8.6,14.6,11.8,11.2,12.6,9.0,15.4,12.6,11.7,11.64,2.14,-0.62,86,100,11.5,2.66,0.0,-0.7826,0.6225,11.1,9.0,9.0,station
2024-11-09,15.3,10.9,15.2,14.2,13.0,13.7,10.7,16.4,13.5,12.5,13.72,1.83,0.36,92,94,8.0,4.64,0.0,-0.7718,0.6359,13.8,11.0,11.0,station
2024-11-10,13.5,10.9,13.6,14.3,12.4,14.5,11.8,13.2,14.3,13.2,12.94,1.33,-0.46,92,82,12.3,2.11,0.8,-0.7607,0.6491,11.9,12.0,12.0,station
2024-11-11,13.9,11.8,12.9,12.2,11.6,12.7,11.7,12.3,12.8,10.5,12.48,0.94,0.48,87,67,18.4,3.02,0.6,-0.7494,0.6621,12.9,13.0,13.0,station
2024-11-12,10.7,9.8,10.7,11.2,9.9,10.6,10.0,11.3,10.3,9.4,10.46,0.59,0.14,83,69,28.8,4.45,0.8,-0.7379,0.6749,10.4,10.0,10.0,station
2024-11-13,9.1,8.6,9.8,9.1,8.5,9.0,8.4,10.5,8.3,7.7,9.02,0.52,0.24,83,79,14.9,5.07,0.0,-0.7262,0.6875,9.1,9.0,9.0,station
2024-11-14,12.1,10.6,11.4,11.7,11.2,11.4,10.2,12.4,11.4,10.9,11.4,0.56,0.14,87,83,7.6,4.27,0.0,-0.7143,0.6998,12.2,13.0,13.0,station
2024-11-15,10.9,9.5,11.2,10.7,8.7,11.2,9.5,11.9,11.5,7.6,10.2,1.06,-0.14,85,75,9.1,4.98,0.0,-0.7021,0.712,10.5,10.0,10.0,station
2024-11-16,10.2,7.3,10.4,9.9,7.5,8.2,6.8,10.6,9.7,7.0,9.06,1.53,0.6,80,85,7.0,6.03,0.0,-0.6898,0.724,9.3,10.0,10.0,station
2024-11-17,11.3,9.5,11.5,11.2,10.0,11.2,9.2,11.1,11.3,9.9,10.7,0.89,0.16,88,81,12.5,2.46,0.2,-0.6772,0.7358,10.3,10.0,10.0,station
2024-11-18,10.2,10.3,11.3,10.0,10.5,10.2,10.4,11.1,9.9,10.2,10.46,0.5,0.1,92,90,19.5,1.19,5.3,-0.6645,0.7473,10.4,11.0,11.0,station
2024-11-19,11.4,12.5,12.2,12.4,11.1,11.4,12.6,12.0,11.8,11.3,11.92,0.63,0.1,90,98,27.5,1.08,19.1,-0.6515,0.7586,11.7,13.0,13.0,station
2024-11-20,6.8,6.0,7.7,6.4,6.6,6.9,5.8,7.3,6.7,4.7,6.7,0.63,0.42,81,60,23.3,5.58,2.0,-0.6384,0.7697,6.5,8.0,8.0,station
2024-11-21,1.4,1.1,4.7,2.5,2.0,3.1,1.1,4.7,4.3,2.9,2.34,1.43,-0.88,92,93,23.8,1.0,8.2,-0.625,0.7806,1.5,2.0,2.0,station
2024-11-22,2.7,4.1,4.7,4.9,2.7,2.9,4.1,2.8,4.2,2.1,3.82,1.06,0.6,87,62,18.7,6.4,0.3,-0.6115,0.7912,3.2,5.0,5.0,station
2024-11-23,11.9,10.9,9.0,9.5,6.2,10.2,10.9,8.0,6.1,6.2,9.5,2.17,1.22,79,94,23.4,2.78,0.0,-0.5978,0.8016,11.4,12.0,12.0,station
2024-11-24,17.0,18.1,15.9,17.2,15.7,17.5,18.1,16.0,15.0,14.4,16.78,0.99,0.58,60,92,29.2,3.68,0.0,-0.584,0.8118,17.6,18.0,18.0,station
2024-11-25,17.1,17.4,17.4,14.6,15.7,17.7,17.5,17.0,13.9,14.8,16.44,1.25,0.26,77,92,23.8,0.8,9.4,-0.5699,0.8217,17.6,17.0,17.0,station
2024-11-26,11.1,11.0,11.4,11.6,11.1,10.3,10.2,11.4,10.7,10.2,11.24,0.25,0.68,89,64,14.9,4.71,1.4,-0.5557,0.8314,10.5,11.0,11.0,station
2024-11-27,13.7,12.7,13.4,12.8,13.1,13.5,12.3,13.0,12.4,12.9,13.14,0.42,0.32,90,95,22.6,2.11,2.6,-0.5413,0.8408,12.9,14.0,14.0,station
2024-11-28,8.2,8.2,9.4,8.9,8.9,8.3,8.2,8.8,8.8,10.2,8.72,0.52,-0.14,85,58,8.9,5.6,0.0,-0.5268,0.85,8.8,10.0,10.0,station
2024-11-29,7.6,7.3,8.7,7.8,6.7,7.6,7.6,8.5,7.3,5.5,7.62,0.73,0.32,85,30,12.2,5.98,0.0,-0.5121,0.859,8.0,9.0,9.0,station
2024-11-30,7.0,5.3,9.3,7.2,6.5,6.5,5.7,9.0,6.9,6.3,7.06,1.45,0.18,89,32,10.0,4.67,0.0,-0.4972,0.8676,6.4,8.0,8.0,station
2024-12-01,11.3,9.9,10.8,10.0,11.1,11.4,9.2,10.8,9.8,11.4,10.62,0.64,0.1,96,89,13.4,2.92,0.0,-0.4822,0.8761,10.2,10.0,10.0,station
2024-12-02,11.9,12.1,12.6,11.9,11.0,11.5,12.1,12.5,12.1,11.4,11.9,0.58,-0.02,90,57,17.5,4.34,0.8,-0.4671,0.8842,11.9,13.0,13.0,station
2024-12-03,8.3,8.5,9.4,8.8,8.0,8.0,8.3,8.6,8.7,6.9,8.6,0.53,0.5,90,50,12.1,3.17,0.5,-0.4518,0.8921,8.1,9.0,9.0,station
2024-12-04,6.9,4.6,9.1,6.5,5.6,7.3,6.7,8.9,8.8,6.1,6.54,1.68,-1.02,96,93,10.4,2.22,0.0,-0.4364,0.8998,6.7,7.0,7.0,station
2024-12-05,12.5,11.6,10.3,9.6,10.9,11.5,10.9,9.6,7.9,11.3,10.98,1.13,0.74,91,100,22.7,0.87,3.8,-0.4208,0.9071,12.1,12.0,12.0,station
2024-12-06,12.9,12.4,13.1,12.3,12.4,13.2,11.3,13.2,11.0,13.3,12.62,0.36,0.22,78,56,30.8,5.05,2.5,-0.4052,0.9142,13.3,14.0,14.0,station
2024-12-07,10.7,11.2,12.0,11.3,10.7,11.7,11.5,12.9,11.2,11.9,11.18,0.54,-0.66,83,78,27.0,3.93,8.5,-0.3894,0.9211,11.6,12.0,12.0,station
2024-12-08,7.9,7.8,8.1,8.3,7.7,7.8,7.7,8.2,7.9,7.3,7.96,0.24,0.18,86,93,24.8,0.99,5.4,-0.3735,0.9276,8.1,8.0,8.0,station
2024-12-09,6.2,6.5,7.4,6.3,6.3,6.3,6.1,6.6,6.0,6.1,6.54,0.49,0.32,85,99,22.1,2.01,1.0,-0.3575,0.9339,6.3,7.0,7.0,station
2024-12-10,6.4,5.3,6.4,6.4,4.9,6.2,5.4,6.6,6.1,5.2,5.88,0.73,-0.02,83,100,18.4,1.07,0.0,-0.3413,0.9399,6.1,7.0,7.0,station
2024-12-11,6.0,5.1,6.4,5.6,4.5,6.2,4.9,6.7,5.4,3.9,5.52,0.75,0.1,82,100,13.9,1.92,0.0,-0.3251,0.9457,5.5,5.0,5.0,station
2024-12-12,4.7,4.2,6.1,4.6,3.0,5.3,3.8,6.1,5.0,3.0,4.52,1.11,-0.12,84,99,10.2,2.06,0.0,-0.3088,0.9511,4.7,5.0,5.0,station
2024-12-13,3.4,2.3,5.0,3.8,3.2,3.2,2.3,5.7,4.2,2.4,3.54,0.98,-0.02,87,86,9.0,2.33,0.0,-0.2924,0.9563,3.1,4.0,4.0,station
2024-12-14,4.6,3.7,6.5,5.9,3.7,5.3,4.0,7.1,6.0,3.1,4.88,1.28,-0.22,94,95,9.4,2.02,0.0,-0.2759,0.9612,4.7,5.0,5.0,station
2024-12-15,9.7,8.3,7.7,8.4,8.2,9.2,8.0,7.7,7.4,7.2,8.46,0.74,0.56,93,69,12.5,1.86,0.0,-0.2593,0.9658,9.3,10.0,10.0,station
2024-12-16,11.1,9.7,10.8,11.3,9.1,10.9,9.3,10.4,10.3,8.8,10.4,0.95,0.46,91,100,12.9,2.26,0.0,-0.2427,0.9701,10.1,10.0,10.0,station
2024-12-17,8.8,7.8,8.6,9.0,7.7,8.0,7.4,9.1,8.9,7.4,8.38,0.59,0.22,94,96,13.6,1.93,0.0,-0.226,0.9741,8.4,8.0,8.0,station
2024-12-18,13.0,12.9,12.2,12.4,13.3,12.6,12.5,12.7,12.1,12.7,12.76,0.45,0.24,86,96,23.0,1.49,3.2,-0.2092,0.9779,13.6,14.0,14.0,station
2024-12-19,12.8,13.0,13.0,12.0,12.3,12.2,12.5,12.5,11.8,12.0,12.62,0.45,0.42,84,74,27.5,3.22,7.3,-0.1923,0.9813,13.5,14.0,14.0,station
2024-12-20,7.6,7.0,8.0,7.7,6.7,7.7,7.2,8.0,7.6,6.6,7.4,0.53,-0.02,85,49,13.6,4.5,0.5,-0.1754,0.9845,7.8,8.0,8.0,station
2024-12-21,10.6,10.4,10.3,10.2,10.0,10.8,10.3,10.4,10.9,10.3,10.3,0.22,-0.24,91,99,23.4,1.4,6.0,-0.1585,0.9874,10.7,12.0,12.0,station
2024-12-22,10.7,11.0,11.5,11.1,10.4,10.9,10.6,11.6,11.1,10.9,10.94,0.42,-0.08,83,81,28.7,2.51,11.8,-0.1414,0.9899,11.0,11.0,11.0,station
2024-12-23,7.6,6.8,7.0,7.6,5.5,7.5,7.1,7.0,7.2,5.3,6.9,0.86,0.08,72,82,23.0,4.31,0.1,-0.1244,0.9922,7.4,8.0,8.0,station
2024-12-24,9.4,9.0,7.8,8.2,8.8,8.1,9.1,6.6,7.4,7.3,8.64,0.64,0.94,94,100,8.9,1.14,0.5,-0.1073,0.9942,8.8,9.0,9.0,station
2024-12-25,11.2,9.2,9.9,11.7,11.0,11.1,9.5,9.0,11.4,10.3,10.6,1.02,0.34,96,100,8.2,1.66,0.1,-0.0902,0.9959,10.6,10.0,10.0,station
2024-12-26,9.6,7.7,10.4,10.0,8.6,11.0,7.6,10.6,10.8,8.4,9.26,1.1,-0.42,92,56,9.9,3.9,0.0,-0.073,0.9973,8.5,9.0,9.0,station
2024-12-27,4.9,2.8,7.5,5.0,3.4,5.6,2.9,7.9,8.1,3.7,4.72,1.82,-0.92,91,16,7.4,5.03,0.0,-0.0559,0.9984,5.5,7.0,7.0,station
2024-12-28,1.3,0.0,7.3,1.1,2.5,2.5,-0.0,6.9,2.2,2.7,2.44,2.86,-0.42,98,88,7.0,1.52,0.0,-0.0387,0.9993,0.8,1.0,1.0,station
2024-12-29,3.4,2.0,6.5,5.1,4.1,4.7,1.6,7.0,4.3,4.6,4.22,1.7,-0.22,94,100,7.5,1.51,0.0,-0.0215,0.9998,4.3,5.0,5.0,station
2024-12-30,3.9,1.9,6.3,5.1,2.8,3.7,1.6,6.8,6.0,3.2,4.0,1.76,-0.26,91,100,8.7,1.61,0.0,-0.0043,1.0,3.9,5.0,5.0,station
2024-12-31,6.5,4.1,6.8,5.2,5.6,5.7,3.9,7.4,5.3,5.1,5.64,1.08,0.16,91,100,16.5,1.91,0.0,0.0129,0.9999,5.4,,,
2025-01-01,8.9,8.7,9.7,7.3,9.5,9.5,8.7,8.9,8.0,8.9,8.82,0.94,0.02,88,100,25.8,1.57,0.0,0.0172,0.9999,8.5,9.0,9.0,station
2025-01-02,9.4,9.0,9.8,8.0,9.8,9.6,8.7,9.8,8.6,9.1,9.2,0.75,0.04,94,85,27.1,0.92,23.5,0.0344,0.9994,9.1,9.0,9.0,station
2025-01-03,3.4,2.1,4.2,3.1,2.8,3.2,2.5,3.9,4.0,2.0,3.12,0.77,0.0,90,4,8.4,5.36,0.0,0.0516,0.9987,3.8,5.0,5.0,station
2025-01-04,2.4,1.0,3.7,1.5,0.4,2.6,1.5,2.6,1.1,0.2,1.8,1.29,0.2,86,90,14.5,4.15,4.3,0.0688,0.9976,2.3,3.0,3.0,station
2025-01-05,11.6,12.5,11.8,11.4,10.9,11.4,12.5,11.5,11.2,9.9,11.64,0.59,0.34,90,100,25.8,0.94,17.1,0.0859,0.9963,11.9,13.0,13.0,station
2025-01-06,11.7,12.9,12.3,11.2,10.5,11.8,13.0,12.6,11.8,10.1,11.72,0.93,-0.14,77,70,32.9,2.79,15.0,0.103,0.9947,12.5,13.0,13.0,station
2025-01-07,6.9,6.6,7.2,6.9,6.3,6.3,6.5,7.3,6.7,5.6,6.78,0.34,0.3,77,69,22.7,4.46,0.7,0.1201,0.9928,6.6,8.0,8.0,station
2025-01-08,11.6,10.8,11.3,10.7,11.5,11.3,10.6,11.5,9.1,11.4,11.18,0.41,0.4,94,100,31.1,0.45,16.6,0.1372,0.9905,11.6,13.0,13.0,station
2025-01-09,10.6,10.8,11.2,10.6,11.3,8.3,10.7,11.1,10.1,11.0,10.9,0.33,0.66,87,83,23.6,2.72,6.9,0.1542,0.988,10.6,12.0,12.0,station
2025-01-10,4.0,3.4,4.9,4.4,4.3,4.0,2.9,4.7,4.9,3.3,4.2,0.55,0.24,88,83,9.1,3.12,0.3,0.1712,0.9852,5.5,6.0,6.0,station
2025-01-11,2.4,1.0,4.9,3.3,0.9,2.7,1.2,4.6,3.2,1.6,2.5,1.67,-0.16,92,89,9.1,2.99,0.0,0.1881,0.9821,1.9,2.0,2.0,station
2025-01-12,4.6,4.1,5.1,4.0,2.1,5.1,3.6,5.8,1.9,0.9,3.98,1.14,0.52,92,61,8.8,3.19,0.0,0.205,0.9788,3.9,4.0,4.0,station
2025-01-13,3.3,2.6,4.5,1.9,0.8,3.4,2.5,4.5,1.8,-0.6,2.62,1.4,0.3,82,8,9.4,6.2,0.0,0.2218,0.9751,4.1,4.0,4.0,station
2025-01-14,2.8,0.6,4.3,2.0,-1.3,3.2,0.8,5.0,2.0,-2.1,1.68,2.14,-0.1,84,25,5.5,6.06,0.0,0.2385,0.9711,2.7,4.0,4.0,station
2025-01-15,5.2,4.9,7.9,4.6,2.8,5.1,3.8,6.7,3.8,4.4,5.08,1.83,0.32,96,86,9.0,2.0,0.1,0.2552,0.9669,5.8,7.0,7.0,station
2025-01-16,5.1,3.7,7.4,6.3,3.7,6.5,5.1,7.4,6.4,4.0,5.24,1.62,-0.64,91,75,13.1,3.42,0.0,0.2718,0.9624,5.3,5.0,5.0,station
2025-01-17,4.8,1.2,5.8,1.1,0.5,4.5,1.2,5.7,1.6,-0.2,2.68,2.43,0.12,92,52,7.2,4.26,0.0,0.2883,0.9575,3.6,4.0,4.0,station
2025-01-18,1.4,0.2,5.2,2.5,0.7,4.1,0.4,5.9,2.3,-0.9,2.0,1.99,-0.36,89,84,9.2,2.06,0.0,0.3047,0.9524,2.2,2.0,2.0,station
2025-01-19,3.5,-0.6,4.5,0.9,0.0,3.6,-0.9,5.6,0.4,0.5,1.66,2.23,-0.18,96,87,6.3,2.3,0.0,0.3211,0.9471,0.3,1.0,1.0,station
2025-01-20,2.1,-0.5,5.3,1.2,0.3,4.7,-0.1,5.9,2.7,1.0,1.68,2.25,-1.16,90,88,5.5,3.43,0.0,0.3373,0.9414,0.6,0.0,0.0,station
2025-01-21,6.5,2.8,7.0,4.3,4.5,6.6,3.4,7.5,5.5,3.8,5.02,1.72,-0.34,92,66,9.7,5.0,0.0,0.3534,0.9355,4.5,2.0,2.0,station
2025-01-22,4.9,8.7,9.8,7.7,7.8,7.0,9.0,10.1,8.2,7.6,7.78,1.82,-0.6,97,100,16.2,1.84,14.1,0.3695,0.9292,8.7,9.0,9.0,station
2025-01-23,8.2,8.8,9.1,8.2,7.8,7.2,8.1,9.7,7.2,6.2,8.42,0.52,0.74,87,97,24.0,3.82,4.8,0.3854,0.9227,8.7,9.0,9.0,station
2025-01-24,11.9,11.7,11.4,10.8,11.0,10.8,11.4,11.5,9.8,10.5,11.36,0.46,0.56,81,100,26.5,0.81,5.7,0.4012,0.916,12.0,13.0,13.0,station
2025-01-25,11.8,11.6,11.9,11.0,11.0,10.4,10.6,11.4,10.0,10.2,11.46,0.43,0.94,88,100,21.8,1.96,11.5,0.4169,0.9089,12.1,13.0,13.0,station
2025-01-26,9.0,10.3,9.1,9.1,9.0,8.7,10.7,8.3,8.1,8.8,9.3,0.56,0.38,87,89,26.3,2.33,3.0,0.4325,0.9016,9.7,10.0,10.0,station
2025-01-27,11.7,11.7,12.6,12.0,10.8,12.0,11.5,10.8,11.3,10.9,11.76,0.65,0.46,80,68,30.4,5.87,5.6,0.4479,0.8941,12.2,12.0,12.0,station
2025-01-28,9.8,9.4,10.2,11.4,10.4,11.0,10.3,9.8,11.1,10.0,10.24,0.75,-0.2,82,74,25.9,3.42,3.4,0.4633,0.8862,10.5,12.0,12.0,station
2025-01-29,8.4,8.6,9.3,9.6,8.3,8.9,9.2,9.0,8.2,8.2,8.84,0.58,0.14,89,92,27.2,2.29,9.9,0.4784,0.8781,8.3,9.0,9.0,station
2025-01-30,7.5,8.0,8.3,8.3,7.6,8.1,8.0,8.5,8.9,7.9,7.94,0.38,-0.34,89,64,18.8,3.45,2.9,0.4935,0.8698,7.9,8.0,8.0,station
2025-01-31,4.0,4.5,6.1,4.5,4.5,6.1,6.1,6.9,2.2,3.7,4.72,0.8,-0.28,92,76,12.7,2.1,3.8,0.5084,0.8611,4.9,7.0,7.0,station
2025-02-01,6.9,4.8,7.2,6.2,4.7,6.6,4.8,7.4,5.9,3.7,5.96,1.16,0.28,84,16,9.2,8.32,0.0,0.5231,0.8523,6.6,6.0,6.0,station
2025-02-02,5.8,1.8,6.6,5.8,4.8,5.9,2.4,7.1,1.7,4.0,4.96,1.88,0.74,87,0,7.7,8.32,0.0,0.5377,0.8432,6.3,7.0,7.0,station
2025-02-03,6.3,1.4,8.7,2.7,4.9,5.9,0.7,7.7,1.6,2.6,4.8,2.89,1.1,96,64,5.1,4.92,0.0,0.5521,0.8338,4.4,8.0,8.0,station
2025-02-04,7.0,2.5,9.5,5.6,6.4,7.4,2.0,9.8,6.2,7.0,6.2,2.53,-0.28,94,73,10.6,4.33,0.0,0.5664,0.8242,3.4,2.0,2.0,station
2025-02-05,9.0,6.8,10.0,9.3,8.8,10.9,7.2,10.3,10.2,8.0,8.78,1.2,-0.54,92,92,7.5,4.32,0.0,0.5805,0.8143,8.0,6.0,6.0,station
2025-02-06,4.8,4.7,8.1,6.4,3.4,5.4,5.2,7.4,6.4,4.6,5.48,1.81,-0.32,87,99,17.8,3.26,0.3,0.5944,0.8042,5.4,5.0,5.0,station
2025-02-07,6.8,5.4,6.7,5.8,6.0,5.8,3.9,6.0,3.9,4.5,6.14,0.6,1.32,77,100,16.6,3.53,0.5,0.6081,0.7938,6.2,6.0,6.0,station
2025-02-08,7.1,6.2,8.2,7.5,7.2,7.7,5.5,7.8,8.3,6.7,7.24,0.72,0.04,81,98,16.7,4.88,1.5,0.6217,0.7833,6.7,7.0,7.0,station
2025-02-09,6.2,5.5,8.2,7.4,6.1,6.4,5.8,8.8,6.4,7.2,6.68,1.09,-0.24,87,93,11.5,4.68,6.3,0.6351,0.7725,7.1,7.0,7.0,station
2025-02-10,6.6,5.7,6.4,7.6,6.1,4.4,4.1,6.4,6.0,3.9,6.48,0.71,1.52,93,97,15.3,2.19,12.6,0.6483,0.7614,6.4,6.0,6.0,station
2025-02-11,6.7,4.4,8.1,7.6,5.0,6.9,4.7,8.2,6.3,4.2,6.36,1.61,0.3,87,97,13.0,3.92,0.2,0.6613,0.7502,5.9,6.0,6.0,station
2025-02-12,6.1,5.4,7.2,7.7,5.4,8.3,5.2,7.8,6.9,5.0,6.36,1.05,-0.28,86,100,9.1,2.36,0.0,0.6741,0.7387,5.5,6.0,6.0,station
2025-02-13,6.9,5.5,7.9,6.7,4.7,4.9,4.4,7.9,6.7,4.0,6.34,1.25,0.76,80,81,9.0,6.39,0.0,0.6867,0.727,6.4,6.0,6.0,station
2025-02-14,4.5,3.8,6.4,4.6,3.6,4.9,3.8,6.7,4.6,3.6,4.58,1.11,-0.14,77,39,11.3,10.19,0.0,0.6991,0.715,4.5,5.0,5.0,station
2025-02-15,4.9,3.6,6.2,4.7,3.7,5.2,3.8,6.9,4.7,4.6,4.62,1.06,-0.42,78,64,12.8,7.94,0.0,0.7113,0.7029,4.2,4.0,4.0,station
2025-02-16,6.9,5.1,7.6,6.3,5.6,7.7,5.3,8.6,6.8,5.8,6.3,1.0,-0.54,79,43,10.9,10.3,0.0,0.7233,0.6906,6.6,6.0,6.0,station
2025-02-17,6.6,4.2,7.3,6.1,5.1,6.3,4.4,8.3,6.0,5.2,5.86,1.23,-0.18,79,41,10.0,10.62,0.0,0.735,0.678,6.4,6.0,6.0,station
2025-02-18,8.2,5.3,8.6,8.2,6.9,8.2,5.3,8.7,7.6,6.5,7.44,1.36,0.18,77,92,13.5,10.6,0.0,0.7466,0.6653,7.7,8.0,8.0,station
2025-02-19,10.6,8.9,10.3,11.9,11.9,10.1,8.9,11.2,11.1,11.6,10.72,1.25,0.14,78,89,12.5,7.11,0.0,0.7579,0.6523,9.9,10.0,10.0,station
2025-02-20,13.1,13.4,11.7,14.6,14.8,13.0,13.4,14.0,13.2,13.9,13.52,1.26,0.02,93,98,14.4,3.28,0.4,0.769,0.6392,13.0,14.0,14.0,station
2025-02-21,16.5,15.5,15.5,17.4,14.9,15.5,15.9,16.0,18.0,14.7,15.96,0.99,-0.06,83,99,13.7,6.35,0.3,0.7799,0.6259,15.7,16.0,16.0,station
2025-02-22,12.5,13.3,12.9,14.0,12.9,12.5,13.3,12.9,12.8,13.5,13.12,0.57,0.12,83,80,20.9,4.98,3.5,0.7906,0.6124,12.4,14.0,14.0,station
2025-02-23,13.9,12.1,14.3,14.5,13.1,13.5,12.1,14.3,12.9,12.6,13.58,0.99,0.5,84,41,16.8,11.43,0.0,0.801,0.5987,13.8,15.0,15.0,station
2025-02-24,13.0,12.4,12.9,12.0,13.5,11.3,12.6,13.2,11.3,12.5,12.76,0.58,0.58,83,86,17.8,2.22,3.1,0.8112,0.5848,12.1,14.0,14.0,station
2025-02-25,9.1,9.4,10.2,10.6,10.6,10.1,10.7,10.6,11.2,10.3,9.98,0.69,-0.6,95,92,25.3,1.48,16.7,0.8211,0.5708,8.9,10.0,10.0,station
2025-02-26,10.4,9.8,11.6,11.3,9.1,9.2,10.0,11.4,10.4,10.8,10.44,1.04,0.08,83,56,23.8,8.63,3.4,0.8308,0.5566,10.7,11.0,11.0,station
2025-02-27,8.9,8.5,8.2,9.8,8.2,9.1,9.1,8.8,9.7,7.7,8.72,0.67,-0.16,82,25,18.3,10.17,0.8,0.8402,0.5422,9.5,9.0,9.0,station
2025-02-28,9.2,8.0,9.2,9.3,7.5,8.7,7.7,9.7,9.1,8.5,8.64,0.83,-0.1,83,26,12.2,9.24,0.3,0.8495,0.5277,8.9,9.0,9.0,station
2025-03-01,6.9,7.2,8.6,7.5,6.5,7.6,7.1,9.8,6.8,7.3,7.34,0.8,-0.38,83,39,19.0,7.96,0.1,0.8584,0.513,7.1,7.0,7.0,station
2025-03-02,10.5,8.5,10.6,10.4,9.3,10.3,8.8,10.8,10.0,9.4,9.86,0.92,-0.0,77,20,14.8,13.51,0.0,0.8671,0.4981,10.3,11.0,11.0,station
2025-03-03,11.1,10.0,11.5,11.1,10.1,11.1,9.1,11.5,8.6,9.3,10.76,0.67,0.84,79,13,8.4,13.84,0.0,0.8755,0.4831,11.4,12.0,12.0,station
2025-03-04,12.8,12.0,12.8,13.8,12.6,13.1,11.9,13.0,12.1,11.7,12.8,0.65,0.44,78,76,9.4,11.91,0.0,0.8837,0.468,13.3,14.0,14.0,station
2025-03-05,15.8,15.0,15.6,16.9,15.8,15.5,14.5,15.1,16.9,14.2,15.82,0.69,0.58,79,0,6.5,14.12,0.0,0.8916,0.4527,16.3,18.0,18.0,station
2025-03-06,15.7,16.0,16.4,18.0,17.0,15.7,15.8,16.6,17.2,15.8,16.62,0.91,0.4,71,8,9.9,14.42,0.0,0.8993,0.4373,16.5,18.0,18.0,station
2025-03-07,16.0,16.5,16.4,17.9,17.2,16.4,16.8,16.5,18.2,17.6,16.8,0.75,-0.3,69,21,10.7,13.24,0.0,0.9067,0.4218,16.4,18.0,18.0,station
2025-03-08,17.1,17.0,17.2,19.0,19.2,16.7,16.9,16.8,18.2,19.0,17.9,1.1,0.38,66,41,13.5,13.64,0.0,0.9138,0.4061,17.9,19.0,19.0,station
2025-03-09,17.1,16.8,18.9,19.2,19.7,17.6,16.6,18.3,18.4,19.5,18.34,1.3,0.26,66,75,13.9,12.25,0.2,0.9207,0.3904,17.5,19.0,19.0,station
2025-03-10,14.0,12.3,13.5,15.1,14.1,12.4,12.3,13.1,14.5,13.6,13.8,1.02,0.62,84,99,10.0,6.32,3.8,0.9272,0.3745,12.8,13.0,13.0,station
2025-03-11,12.0,11.2,11.1,12.9,10.7,9.4,10.7,11.2,12.2,9.9,11.58,0.88,0.9,90,91,14.8,7.72,0.3,0.9335,0.3585,11.5,10.0,10.0,station
2025-03-12,8.0,7.5,8.8,8.2,8.1,8.4,7.0,7.9,8.9,8.2,8.12,0.47,0.04,82,95,13.3,7.28,1.5,0.9396,0.3424,7.1,8.0,8.0,station
2025-03-13,8.1,6.9,9.1,8.2,8.0,7.2,6.9,9.1,8.3,8.0,8.06,0.78,0.16,81,70,11.0,10.77,0.7,0.9453,0.3261,7.5,8.0,8.0,station
2025-03-14,7.5,7.1,7.3,8.3,7.6,6.4,7.0,8.7,8.3,7.2,7.56,0.46,0.04,80,37,13.9,9.89,2.1,0.9508,0.3098,6.6,7.0,7.0,station
2025-03-15,7.5,7.1,8.0,7.5,6.7,7.3,7.2,8.3,8.6,4.7,7.36,0.49,0.14,68,85,21.9,9.76,0.1,0.956,0.2934,8.2,9.0,9.0,station
2025-03-16,10.1,9.1,11.1,11.5,9.3,9.6,8.6,10.6,8.9,7.5,10.22,1.06,1.18,68,74,16.8,11.28,0.0,0.9609,0.2769,10.7,11.0,11.0,station
2025-03-17,11.1,10.2,11.7,11.8,11.1,10.3,9.8,12.1,11.5,11.1,11.18,0.64,0.22,66,6,17.7,16.1,0.0,0.9655,0.2604,11.2,12.0,12.0,station
2025-03-18,11.5,11.2,12.4,13.5,12.6,12.3,11.2,13.0,13.2,12.5,12.24,0.92,-0.2,63,0,14.8,17.4,0.0,0.9698,0.2437,12.2,13.0,13.0,station
2025-03-19,15.8,16.5,16.1,17.4,17.1,15.8,16.4,16.4,16.6,17.2,16.58,0.67,0.1,71,4,10.3,16.87,0.0,0.9739,0.227,16.5,18.0,18.0,station
2025-03-20,17.7,17.9,18.4,20.0,19.6,17.6,17.9,18.2,18.4,19.2,18.72,1.03,0.46,75,29,9.9,16.9,0.0,0.9777,0.2102,18.2,20.0,20.0,station
2025-03-21,19.1,17.9,20.5,21.6,21.7,19.3,17.8,20.7,21.4,22.4,20.16,1.64,-0.16,73,100,15.2,13.9,1.2,0.9811,0.1934,19.3,20.0,20.0,station
2025-03-22,15.6,16.2,15.7,18.8,16.6,16.9,16.3,16.6,17.4,15.7,16.58,1.3,0.0,87,97,16.9,9.68,4.0,0.9843,0.1765,16.5,18.0,18.0,station
2025-03-23,13.6,12.4,14.3,14.4,13.4,13.0,13.0,14.6,15.4,12.9,13.62,0.81,-0.16,83,65,13.4,11.28,1.5,0.9872,0.1595,13.6,13.0,13.0,station
2025-03-24,14.5,14.5,17.3,15.9,15.1,15.3,13.9,17.1,16.2,15.5,15.46,1.18,-0.14,83,47,10.1,14.11,0.3,0.9898,0.1425,15.6,17.0,17.0,station
2025-03-25,14.0,11.7,16.3,14.4,14.8,14.4,11.1,15.9,15.6,15.6,14.24,1.67,-0.28,81,88,11.6,13.08,0.0,0.9921,0.1255,13.5,15.0,15.0,station
2025-03-26,15.5,12.3,17.1,15.9,14.9,15.3,12.6,16.4,14.6,16.0,15.14,1.78,0.16,82,68,12.7,10.26,0.4,0.9941,0.1084,14.1,15.0,15.0,station
2025-03-27,14.9,13.8,16.8,14.7,14.7,15.4,13.8,18.1,15.8,15.4,14.98,1.1,-0.72,78,0,8.8,19.09,0.0,0.9958,0.0913,14.8,17.0,17.0,station
2025-03-28,12.5,11.8,17.1,16.3,15.4,12.6,12.4,17.0,15.3,14.5,14.62,2.35,0.26,87,80,17.6,8.94,2.1,0.9972,0.0741,12.5,13.0,13.0,station
2025-03-29,13.1,12.4,13.8,13.2,12.6,13.0,12.6,13.4,13.2,12.4,13.02,0.55,0.1,71,41,16.2,19.01,0.3,0.9984,0.057,13.1,14.0,14.0,station
2025-03-30,15.6,14.6,17.0,15.7,16.8,15.5,13.5,16.7,15.5,15.3,15.94,0.98,0.64,74,69,18.9,10.84,0.3,0.9992,0.0398,15.5,17.0,17.0,station
2025-03-31,13.8,13.7,15.7,14.6,13.9,13.7,14.1,15.7,13.2,15.1,14.34,0.84,-0.02,77,5,12.5,19.22,0.0,0.9997,0.0226,13.6,15.0,15.0,station
2025-04-01,13.7,14.3,14.5,14.9,14.4,13.8,14.6,14.6,14.1,14.7,14.36,0.43,0.0,63,2,25.7,20.0,0.0,1.0,0.0054,14.1,15.0,15.0,station
2025-04-02,15.6,15.6,15.6,17.9,17.7,15.5,15.2,14.2,16.3,17.3,16.48,1.21,0.78,61,6,19.2,20.11,0.0,0.9999,-0.0118,16.3,18.0,18.0,station
2025-04-03,19.2,19.8,20.9,22.2,20.9,19.2,19.7,20.6,21.8,21.4,20.6,1.16,0.06,66,40,15.3,19.74,0.1,0.9996,-0.029,19.9,22.0,22.0,station
2025-04-04,21.0,21.7,22.6,23.8,24.1,20.7,21.6,21.5,23.1,23.7,22.64,1.33,0.52,65,55,14.0,19.19,0.0,0.9989,-0.0462,22.4,24.0,24.0,station
2025-04-05,21.5,22.7,23.0,24.0,24.6,20.9,22.2,22.7,23.9,24.4,23.16,1.2,0.34,60,6,15.4,20.85,0.0,0.998,-0.0634,23.2,24.0,24.0,station
2025-04-06,15.3,16.3,16.9,17.3,18.4,14.7,16.0,16.3,17.8,16.3,16.84,1.15,0.62,52,21,16.1,21.32,0.0,0.9968,-0.0805,17.2,18.0,18.0,station
2025-04-07,14.6,15.9,16.4,16.6,17.2,13.9,16.1,16.4,16.4,17.0,16.14,0.98,0.18,44,0,10.5,21.99,0.0,0.9952,-0.0977,16.5,17.0,17.0,station
2025-04-08,16.3,17.2,17.3,17.9,17.9,15.8,17.3,16.9,17.4,18.5,17.32,0.66,0.14,51,34,9.9,21.58,0.0,0.9934,-0.1148,18.0,18.0,18.0,station
2025-04-09,17.1,17.9,18.3,18.6,19.1,17.1,17.8,18.2,18.1,19.1,18.2,0.75,0.14,57,3,16.8,21.62,0.0,0.9913,-0.1319,18.0,18.0,18.0,station
2025-04-10,14.6,14.3,18.1,16.7,17.1,15.3,15.0,18.2,17.2,17.7,16.16,1.65,-0.52,68,6,14.7,21.79,0.0,0.9889,-0.1489,15.3,16.0,16.0,station
2025-04-11,19.4,19.5,20.6,20.5,19.2,18.6,18.4,20.7,20.3,20.7,19.84,0.66,0.1,59,0,13.8,22.22,0.0,0.9861,-0.1659,21.1,21.0,21.0,station
2025-04-12,21.0,20.3,21.2,21.5,22.1,20.4,22.2,19.8,18.8,20.0,21.22,0.66,0.98,58,58,20.6,17.25,1.7,0.9831,-0.1828,22.3,22.0,22.0,station
2025-04-13,18.4,16.5,18.9,19.4,16.7,18.6,16.4,19.5,18.9,18.5,17.98,1.31,-0.4,75,76,15.5,14.73,3.6,0.9799,-0.1997,17.4,17.0,17.0,station
2025-04-14,18.3,18.5,20.4,19.9,19.5,18.9,18.7,19.7,18.7,18.5,19.32,0.9,0.42,67,75,13.2,16.92,0.0,0.9763,-0.2165,19.6,20.0,20.0,station
2025-04-15,19.1,17.5,17.6,17.1,17.2,18.4,16.2,17.2,18.8,17.4,17.7,0.81,0.1,74,86,19.2,14.68,3.8,0.9724,-0.2333,19.0,19.0,19.0,station
2025-04-16,15.4,14.4,15.5,15.2,14.6,14.7,14.4,15.3,15.2,14.4,15.02,0.49,0.22,58,99,11.3,12.43,0.0,0.9683,-0.25,14.8,13.0,13.0,station
2025-04-17,16.0,15.7,18.0,17.4,16.4,16.0,16.2,16.6,16.9,17.7,16.7,0.97,0.02,58,86,11.9,16.9,0.0,0.9638,-0.2666,16.2,16.0,16.0,station
2025-04-18,17.9,18.0,18.4,17.7,18.2,16.5,17.5,18.5,17.9,17.8,18.04,0.27,0.4,58,48,18.2,19.68,0.0,0.9591,-0.2831,18.6,18.0,18.0,station
2025-04-19,16.6,17.5,18.9,19.7,17.4,18.0,17.2,19.2,19.5,16.4,18.02,1.25,-0.04,64,88,17.9,15.83,6.2,0.9541,-0.2996,19.9,20.0,20.0,station
2025-04-20,16.2,14.7,15.7,18.4,15.7,14.6,14.9,15.5,16.0,15.8,16.14,1.38,0.78,74,85,16.6,14.8,2.4,0.9488,-0.316,15.9,16.0,16.0,station
2025-04-21,16.9,15.0,15.8,17.0,16.1,16.0,15.1,14.0,17.5,16.1,16.16,0.83,0.42,81,91,11.5,10.66,1.4,0.9432,-0.3322,15.1,14.0,14.0,station
2025-04-22,16.5,15.9,17.6,16.5,15.3,16.9,16.7,18.2,15.7,15.1,16.36,0.85,-0.16,80,73,6.8,17.68,0.0,0.9373,-0.3484,16.4,17.0,17.0,station
2025-04-23,14.6,12.6,15.7,15.2,13.4,14.3,12.2,13.2,13.7,12.0,14.3,1.28,1.22,83,68,19.4,10.06,8.2,0.9312,-0.3645,14.1,15.0,15.0,station
2025-04-24,15.7,14.2,15.5,15.2,15.6,14.7,14.0,16.3,15.9,15.9,15.24,0.61,-0.12,80,65,13.4,17.33,0.4,0.9248,-0.3804,16.2,15.0,15.0,station
2025-04-25,16.2,15.4,17.9,16.4,17.0,16.3,14.7,15.9,17.8,17.6,16.58,0.93,0.12,79,80,11.8,12.55,0.5,0.9181,-0.3963,15.6,16.0,16.0,station
2025-04-26,18.1,19.1,18.8,18.6,18.9,18.1,18.6,19.2,18.5,19.0,18.7,0.38,0.02,73,68,14.4,20.53,0.1,0.9112,-0.412,18.4,20.0,20.0,station
2025-04-27,19.3,21.4,22.1,21.0,21.5,20.0,20.8,20.7,19.9,21.3,21.06,1.06,0.52,69,32,12.4,21.81,0.0,0.9039,-0.4276,20.1,22.0,22.0,station
2025-04-28,22.2,24.1,23.2,23.1,24.0,21.7,23.7,22.6,21.8,24.1,23.32,0.77,0.54,64,4,12.5,24.5,0.0,0.8965,-0.4431,23.4,24.0,24.0,station
2025-04-29,23.4,25.9,23.9,24.9,25.6,22.6,25.5,23.7,24.0,25.7,24.74,1.07,0.44,51,0,14.2,25.44,0.0,0.8887,-0.4585,25.5,25.0,25.0,station
2025-04-30,26.7,28.3,26.3,27.3,27.5,25.7,27.7,25.5,27.1,27.9,27.22,0.77,0.44,44,0,10.8,25.39,0.0,0.8807,-0.4737,28.0,27.0,27.0,station
2025-05-01,28.6,29.4,27.5,28.9,28.5,27.7,29.0,26.6,28.6,28.6,28.58,0.7,0.48,46,24,15.3,24.44,0.0,0.8724,-0.4888,29.9,28.0,28.0,station
2025-05-02,28.1,28.8,27.5,28.1,27.9,27.2,28.6,28.2,27.9,28.9,28.08,0.47,-0.08,53,38,12.9,23.91,0.0,0.8639,-0.5037,28.3,27.0,27.0,station
2025-05-03,25.6,23.8,23.7,25.5,25.1,24.9,24.4,25.6,22.0,27.0,24.74,0.92,-0.04,73,63,15.3,18.93,10.3,0.8551,-0.5185,24.8,25.0,25.0,station
2025-05-04,15.4,15.7,16.7,17.2,15.3,14.9,15.3,16.4,16.6,15.9,16.06,0.84,0.24,67,69,18.7,17.73,0.8,0.846,-0.5331,14.7,16.0,16.0,station
2025-05-05,13.4,14.6,13.9,14.7,15.0,12.5,14.7,15.0,15.8,15.3,14.32,0.65,-0.34,64,55,18.6,17.97,0.0,0.8367,-0.5476,13.2,14.0,14.0,station
2025-05-06,14.3,16.3,15.6,15.8,17.1,15.2,16.2,16.6,16.8,16.9,15.82,1.03,-0.52,63,41,21.1,19.82,0.0,0.8272,-0.5619,15.0,16.0,16.0,station
2025-05-07,14.9,15.8,18.0,16.4,16.6,13.8,14.8,18.3,15.9,17.4,16.34,1.14,0.3,68,61,16.8,17.94,0.1,0.8174,-0.5761,15.0,16.0,16.0,station
2025-05-08,17.9,18.4,17.6,18.7,18.2,16.9,18.5,18.3,17.5,18.7,18.16,0.43,0.18,61,81,16.5,20.01,0.0,0.8074,-0.59,17.4,18.0,18.0,station
2025-05-09,18.6,20.0,19.0,19.7,20.4,18.7,20.2,18.8,19.3,20.9,19.54,0.73,-0.04,50,41,17.0,20.49,0.0,0.7971,-0.6038,19.2,20.0,20.0,station
2025-05-10,22.7,23.4,22.0,23.5,23.9,22.6,23.0,22.5,23.4,23.5,23.1,0.75,0.1,47,18,16.9,24.53,0.0,0.7866,-0.6175,23.2,23.0,23.0,station
2025-05-11,24.4,23.0,23.3,24.8,24.2,24.6,22.7,23.6,24.7,24.4,23.94,0.76,-0.06,60,37,16.3,22.38,9.0,0.7759,-0.6309,24.6,25.0,25.0,station
2025-05-12,19.8,17.8,19.4,20.3,17.8,17.3,17.8,20.7,18.6,18.5,19.02,1.16,0.44,73,95,9.2,18.42,2.0,0.7649,-0.6442,19.3,19.0,19.0,station
2025-05-13,21.5,22.0,22.2,22.2,21.4,22.3,22.5,21.9,22.6,21.7,21.86,0.38,-0.34,75,63,7.1,19.58,0.2,0.7537,-0.6572,20.7,23.0,23.0,station
2025-05-14,24.4,25.4,24.5,25.4,24.7,25.0,25.5,23.9,25.3,24.1,24.88,0.49,0.12,66,12,15.6,24.12,0.1,0.7423,-0.6701,24.3,25.0,25.0,station
2025-05-15,19.7,17.6,19.1,19.6,21.1,18.5,17.5,18.9,18.9,20.5,19.42,1.26,0.56,64,51,18.8,22.01,0.0,0.7306,-0.6828,17.6,16.0,16.0,station
2025-05-16,19.6,20.6,19.8,20.0,19.1,20.0,20.3,20.2,20.3,21.2,19.82,0.55,-0.58,62,1,16.2,27.85,0.0,0.7188,-0.6952,19.3,20.0,20.0,station
2025-05-17,18.5,18.8,18.5,20.3,20.3,19.2,19.1,20.6,19.9,20.5,19.28,0.94,-0.58,63,74,13.7,15.39,0.0,0.7067,-0.7075,18.1,19.0,19.0,station
2025-05-18,22.1,21.2,21.3,20.2,20.3,20.5,20.7,21.9,20.3,21.9,21.02,0.79,-0.04,67,30,11.3,24.12,0.0,0.6945,-0.7195,19.0,20.0,20.0,station
2025-05-19,22.6,23.2,21.8,22.3,21.8,23.0,23.4,21.9,22.6,22.1,22.34,0.59,-0.26,61,34,13.1,27.34,0.0,0.682,-0.7314,22.0,22.0,22.0,station
2025-05-20,24.0,25.0,24.1,24.4,24.5,24.0,25.2,24.4,23.8,24.0,24.4,0.39,0.12,51,48,16.3,25.57,0.0,0.6693,-0.743,24.0,24.0,24.0,station
2025-05-21,16.8,16.8,17.6,19.3,18.5,19.9,17.4,20.9,20.9,16.9,17.8,1.09,-1.4,67,100,14.7,8.11,7.1,0.6564,-0.7544,16.4,18.0,18.0,station
2025-05-22,17.7,17.8,18.5,18.6,18.9,19.3,18.3,19.5,19.4,18.1,18.3,0.52,-0.62,68,62,15.2,22.48,0.8,0.6433,-0.7656,18.7,20.0,20.0,station
2025-05-23,16.3,18.4,18.3,17.5,17.8,17.5,18.0,18.0,18.9,17.5,17.66,0.84,-0.32,53,39,11.3,25.94,0.0,0.6301,-0.7765,17.5,18.0,18.0,station
2025-05-24,18.9,19.5,18.2,19.5,21.9,18.7,18.5,17.7,18.8,20.7,19.6,1.39,0.72,64,96,19.2,9.22,0.0,0.6166,-0.7873,20.2,20.0,20.0,station
2025-05-25,20.9,18.9,20.9,21.4,20.6,20.4,19.0,23.3,21.9,21.0,20.54,0.96,-0.58,72,86,20.7,15.58,4.2,0.603,-0.7978,20.2,21.0,21.0,station
2025-05-26,18.2,18.6,18.6,20.1,18.1,18.4,18.5,20.8,18.9,17.6,18.72,0.8,-0.12,63,76,14.2,16.04,0.0,0.5892,-0.808,18.7,20.0,20.0,station
2025-05-27,18.9,20.1,19.3,19.3,21.6,20.1,19.8,20.1,19.2,21.8,19.84,1.08,-0.36,69,95,24.8,12.53,0.3,0.5752,-0.818,19.7,19.0,19.0,station
2025-05-28,20.6,19.7,20.8,21.8,19.6,20.5,20.4,21.3,22.1,21.3,20.5,0.9,-0.62,72,82,21.4,18.57,5.6,0.561,-0.8278,21.1,22.0,22.0,station
2025-05-29,22.9,24.5,25.5,25.8,25.8,24.1,23.9,25.2,23.4,24.7,24.9,1.24,0.64,65,85,14.3,20.64,0.0,0.5467,-0.8373,24.4,24.0,24.0,station
2025-05-30,28.9,30.3,29.4,29.6,29.7,28.6,29.9,30.1,29.3,30.3,29.58,0.51,-0.06,63,6,9.4,27.5,0.0,0.5322,-0.8466,30.3,30.0,30.0,station
2025-05-31,29.9,27.9,26.0,30.1,30.5,27.6,27.3,27.1,28.9,31.2,28.88,1.9,0.46,74,76,17.3,18.19,1.7,0.5176,-0.8556,29.3,30.0,30.0,station
2025-06-01,24.9,23.3,23.9,23.1,22.3,23.3,22.2,23.7,23.3,22.9,23.5,0.97,0.42,72,81,12.3,21.96,7.2,0.5028,-0.8644,21.7,23.0,23.0,station
2025-06-02,20.3,22.1,22.5,22.2,22.5,22.4,22.4,22.7,21.8,22.9,21.92,0.92,-0.52,67,47,10.7,22.46,0.9,0.4878,-0.8729,20.8,23.0,23.0,station
2025-06-03,24.3,25.4,24.0,25.2,24.6,24.3,24.8,24.1,25.5,24.8,24.7,0.59,0.0,59,17,19.8,27.03,0.0,0.4728,-0.8812,23.5,24.0,24.0,station
2025-06-04,21.8,19.8,22.9,22.1,21.9,21.8,19.0,20.8,21.2,20.6,21.7,1.15,1.02,69,84,11.7,8.9,1.4,0.4575,-0.8892,19.6,20.0,20.0,station
2025-06-05,18.1,17.4,20.4,20.5,18.7,19.2,16.9,20.2,21.9,20.5,19.02,1.38,-0.72,78,87,23.5,8.38,6.8,0.4422,-0.8969,18.2,19.0,19.0,station
2025-06-06,20.4,19.9,21.7,21.8,20.9,20.3,19.9,22.5,21.6,17.8,20.94,0.82,0.52,76,87,20.5,21.26,7.0,0.4267,-0.9044,20.5,21.0,21.0,station
2025-06-07,16.7,17.8,18.6,19.4,18.3,19.3,18.0,19.5,19.2,19.0,18.16,1.0,-0.84,76,89,20.8,17.43,3.9,0.4111,-0.9116,19.7,20.0,20.0,station
2025-06-08,18.3,19.4,20.0,19.3,18.2,18.2,19.6,20.4,19.3,17.8,19.04,0.77,-0.02,71,50,19.7,22.81,4.4,0.3953,-0.9185,18.4,20.0,20.0,station
2025-06-09,21.5,23.4,23.4,22.6,24.5,20.8,22.9,23.2,22.2,24.0,23.08,1.11,0.46,70,38,9.7,25.16,0.0,0.3795,-0.9252,21.8,23.0,23.0,station
2025-06-10,22.9,24.9,24.6,24.4,26.3,22.7,25.1,25.3,23.9,26.8,24.62,1.22,-0.14,73,65,19.5,26.76,0.0,0.3635,-0.9316,25.5,24.0,24.0,station
2025-06-11,25.8,27.5,26.6,26.5,28.1,25.8,27.6,26.7,27.4,29.6,26.9,0.9,-0.52,70,23,13.8,28.84,0.0,0.3474,-0.9377,26.4,27.0,27.0,station
2025-06-12,31.2,31.3,30.9,30.5,31.6,31.6,31.8,31.1,30.9,32.3,31.1,0.42,-0.44,54,51,14.8,25.74,0.0,0.3312,-0.9436,31.4,32.0,32.0,station
2025-06-13,31.2,33.5,32.5,32.4,33.7,30.2,33.3,33.0,29.8,30.7,32.66,1.0,1.26,67,52,11.2,25.97,8.2,0.3149,-0.9491,32.0,33.0,33.0,station
2025-06-14,27.3,27.7,29.0,29.6,27.7,26.3,28.0,30.4,28.5,27.4,28.26,0.99,0.14,82,84,12.6,20.84,16.0,0.2986,-0.9544,26.6,27.0,27.0,station
2025-06-15,21.3,22.3,23.3,23.5,22.5,22.7,23.4,22.9,23.8,24.2,22.58,0.88,-0.82,67,70,14.2,14.53,0.0,0.2821,-0.9594,21.6,23.0,23.0,station
2025-06-16,25.0,26.6,26.0,25.1,24.5,23.4,26.1,25.4,25.2,24.5,25.44,0.84,0.52,64,21,10.7,26.83,0.0,0.2656,-0.9641,25.3,26.0,26.0,station
2025-06-17,27.4,29.4,28.6,28.1,28.0,27.6,29.5,28.6,27.0,27.4,28.3,0.75,0.28,58,18,12.6,24.93,0.0,0.2489,-0.9685,27.8,29.0,29.0,station
2025-06-18,27.9,29.7,29.0,28.0,28.4,27.9,30.3,29.6,28.8,28.4,28.6,0.75,-0.4,55,12,11.0,29.26,0.0,0.2322,-0.9727,28.4,29.0,29.0,station
2025-06-19,30.0,31.7,30.3,30.5,31.4,29.4,31.7,29.9,29.6,30.7,30.78,0.73,0.52,53,0,16.4,29.23,0.0,0.2155,-0.9765,30.3,31.0,31.0,station
2025-06-20,30.4,32.0,31.0,30.8,31.4,30.5,32.8,30.7,31.8,32.0,31.12,0.61,-0.44,47,39,12.9,26.3,0.0,0.1986,-0.9801,30.6,31.0,31.0,station
2025-06-21,33.7,34.4,35.1,33.9,33.7,33.5,34.7,34.0,35.0,33.9,34.16,0.6,-0.06,42,20,12.6,29.4,0.0,0.1818,-0.9833,34.5,34.0,34.0,station
2025-06-22,30.1,28.7,31.7,29.4,31.8,30.2,28.6,32.3,30.0,30.0,30.34,1.38,0.12,46,68,11.7,24.39,0.0,0.1648,-0.9863,29.0,29.0,29.0,station
2025-06-23,24.1,24.5,26.6,25.8,25.7,24.7,24.5,26.9,25.8,26.9,25.34,1.02,-0.42,60,52,22.5,16.57,1.3,0.1478,-0.989,24.7,26.0,26.0,station
2025-06-24,28.8,30.2,31.0,28.5,29.3,28.6,29.9,30.8,28.2,29.5,29.56,1.03,0.16,51,2,10.6,29.27,0.0,0.1308,-0.9914,29.6,30.0,30.0,station
2025-06-25,34.2,31.9,36.6,34.6,34.2,33.0,31.1,36.2,32.8,33.3,34.3,1.67,1.02,54,68,19.9,22.59,1.3,0.1137,-0.9935,35.7,36.0,36.0,station
2025-06-26,25.9,25.2,25.5,26.0,25.7,26.1,25.3,27.3,25.7,27.5,25.66,0.32,-0.72,77,78,17.5,21.38,5.6,0.0966,-0.9953,24.9,26.0,26.0,station
2025-06-27,25.8,27.1,28.7,28.3,29.0,26.2,27.1,29.3,28.1,29.8,27.78,1.32,-0.32,76,72,12.9,18.55,0.3,0.0795,-0.9968,26.1,27.0,27.0,station
2025-06-28,28.2,29.9,31.9,29.6,29.6,27.3,29.6,32.6,30.2,32.4,29.84,1.33,-0.58,77,33,8.2,22.4,0.0,0.0623,-0.9981,26.7,29.0,29.0,station
2025-06-29,29.0,29.9,33.9,29.6,30.1,29.2,30.7,33.3,30.7,31.2,30.5,1.95,-0.52,74,17,11.7,27.55,0.0,0.0451,-0.999,28.7,29.0,29.0,station
2025-06-30,32.8,35.1,36.7,33.5,33.0,32.7,35.1,37.5,33.7,33.0,34.22,1.65,-0.18,63,24,10.0,27.21,0.0,0.028,-0.9996,33.3,35.0,35.0,station
2025-07-01,37.6,38.2,39.2,38.0,37.6,37.1,38.0,38.4,37.7,37.3,38.12,0.66,0.42,46,8,11.1,27.19,0.0,0.0108,-0.9999,38.2,38.0,38.0,station
2025-07-02,33.4,32.7,34.0,33.6,33.3,32.6,30.7,34.6,34.8,33.6,33.4,0.47,0.14,60,14,21.4,26.62,2.4,-0.0065,-1.0,32.4,33.0,33.0,station
2025-07-03,25.1,26.0,27.7,25.2,24.3,26.0,26.2,28.0,25.6,26.2,25.66,1.29,-0.74,54,7,13.3,29.71,0.0,-0.0237,-0.9997,25.3,26.0,26.0,station
2025-07-04,26.5,28.0,29.1,27.4,27.2,26.9,28.3,29.6,26.7,26.7,27.64,0.98,0.0,45,23,11.6,29.67,0.0,-0.0408,-0.9992,27.0,27.0,27.0,station
2025-07-05,26.9,26.9,29.7,27.8,27.3,27.2,26.9,29.4,27.4,25.9,27.72,1.17,0.36,46,70,13.4,22.79,0.0,-0.058,-0.9983,26.1,26.0,26.0,station
2025-07-06,20.5,20.3,19.6,21.2,21.5,21.5,20.5,20.8,21.1,21.4,20.62,0.75,-0.44,83,88,19.1,8.29,27.7,-0.0752,-0.9972,20.2,21.0,21.0,station
2025-07-07,18.9,17.7,17.2,18.2,16.9,18.7,18.0,20.6,18.5,15.7,17.78,0.8,-0.52,84,75,17.7,12.07,28.9,-0.0923,-0.9957,18.3,19.0,19.0,station
2025-07-08,19.2,20.7,21.4,21.3,19.4,19.6,21.1,22.8,21.1,20.0,20.4,1.04,-0.52,71,41,16.6,21.74,0.6,-0.1094,-0.994,20.0,22.0,22.0,station
2025-07-09,23.4,25.4,26.4,24.9,24.7,22.7,25.0,26.3,23.6,23.6,24.96,1.09,0.72,68,20,8.1,27.59,0.0,-0.1265,-0.992,24.0,25.0,25.0,station
2025-07-10,25.1,28.1,29.7,27.6,29.0,24.5,27.6,28.6,26.8,28.6,27.9,1.76,0.68,64,21,10.3,25.92,0.0,-0.1436,-0.9896,26.3,29.0,29.0,station
2025-07-11,27.6,29.0,30.2,29.2,29.7,26.8,28.7,30.5,28.7,30.8,29.14,0.98,0.04,59,2,15.4,28.09,0.0,-0.1606,-0.987,28.5,29.0,29.0,station
2025-07-12,28.6,29.1,29.8,28.7,30.1,28.3,28.7,30.3,28.9,30.4,29.26,0.67,-0.06,58,15,11.8,23.55,0.0,-0.1775,-0.9841,28.0,28.0,28.0,station
2025-07-13,29.1,30.4,31.7,30.2,31.0,30.0,30.5,32.1,30.6,31.7,30.48,0.97,-0.5,51,13,13.1,27.38,0.0,-0.1944,-0.9809,29.8,31.0,31.0,station
2025-07-14,28.2,26.8,30.2,27.9,29.2,28.3,26.8,29.3,28.4,28.5,28.46,1.3,0.2,64,64,17.3,23.74,2.3,-0.2113,-0.9774,27.3,27.0,27.0,station
2025-07-15,24.2,24.7,27.2,25.1,25.2,24.7,24.3,28.3,25.1,25.4,25.28,1.14,-0.28,58,83,19.8,17.84,0.7,-0.2281,-0.9736,24.6,24.0,24.0,station
2025-07-16,21.2,20.7,23.8,21.3,22.9,20.8,20.8,25.1,21.0,24.4,21.98,1.31,-0.44,71,90,22.2,7.16,2.8,-0.2448,-0.9696,21.3,22.0,22.0,station
2025-07-17,26.0,26.0,28.6,25.7,26.0,25.3,25.7,30.1,24.2,26.8,26.46,1.2,0.04,75,52,7.0,21.44,0.5,-0.2614,-0.9652,25.1,27.0,27.0,station
2025-07-18,29.4,30.2,35.0,31.4,30.1,29.3,29.0,33.9,30.7,30.6,31.22,2.23,0.52,62,68,11.1,24.96,0.0,-0.278,-0.9606,29.9,31.0,31.0,station
2025-07-19,27.3,25.4,28.5,26.1,26.1,28.0,25.4,31.3,26.9,25.9,26.68,1.23,-0.82,61,85,21.0,20.52,1.6,-0.2945,-0.9557,26.5,26.0,26.0,station
2025-07-20,24.0,21.9,25.0,25.9,21.9,24.4,21.6,23.9,25.8,21.8,23.74,1.81,0.24,77,66,18.6,13.4,22.0,-0.3109,-0.9505,23.1,24.0,24.0,station
2025-07-21,20.8,20.4,21.1,21.6,18.7,20.7,20.6,23.3,22.2,17.8,20.52,1.11,-0.4,78,83,23.8,14.96,16.7,-0.3272,-0.945,20.5,22.0,22.0,station
2025-07-22,22.5,21.8,24.1,23.5,22.8,22.2,22.0,24.3,23.8,22.7,22.94,0.89,-0.06,72,73,19.6,18.31,0.5,-0.3434,-0.9392,21.7,23.0,23.0,station
2025-07-23,20.1,21.5,23.7,22.2,22.6,22.1,21.1,24.9,20.6,23.3,22.02,1.34,-0.38,82,83,7.6,17.45,9.8,-0.3595,-0.9332,21.3,22.0,22.0,station
2025-07-24,21.7,20.3,20.9,23.4,19.9,22.1,20.8,21.8,23.2,19.8,21.24,1.38,-0.3,85,91,17.5,15.1,20.5,-0.3755,-0.9268,22.4,21.0,21.0,station
2025-07-25,24.1,24.8,26.0,25.1,24.7,23.4,22.8,25.6,26.0,21.1,24.94,0.69,1.16,79,19,9.9,24.82,0.9,-0.3914,-0.9202,24.1,26.0,26.0,station
2025-07-26,24.1,24.5,27.9,26.2,26.3,23.7,24.4,27.9,26.5,26.2,25.8,1.53,0.06,77,28,18.2,24.31,0.2,-0.4071,-0.9134,25.3,26.0,26.0,station
2025-07-27,20.1,20.7,25.5,23.4,21.0,22.1,21.5,25.7,22.7,23.6,22.14,2.26,-0.98,83,83,18.5,15.87,6.8,-0.4228,-0.9062,21.3,22.0,22.0,station
2025-07-28,22.2,22.6,22.7,22.5,21.9,21.9,22.9,23.0,22.3,22.2,22.38,0.33,-0.08,71,39,13.0,22.81,1.0,-0.4383,-0.8988,21.8,23.0,23.0,station
2025-07-29,20.7,22.6,25.3,23.9,24.1,22.9,22.8,25.9,22.8,22.3,23.32,1.75,-0.02,78,37,13.0,21.06,1.4,-0.4537,-0.8912,22.1,22.0,22.0,station
2025-07-30,22.8,22.0,25.9,22.8,24.5,22.7,22.1,25.5,23.3,23.9,23.6,1.58,0.1,82,67,10.3,17.22,1.9,-0.469,-0.8832,22.5,24.0,24.0,station
2025-07-31,24.1,24.3,26.6,25.2,25.0,23.6,23.2,26.5,24.1,24.4,25.04,0.99,0.68,78,50,13.5,20.37,1.1,-0.4841,-0.875,24.0,25.0,25.0,station
2025-08-01,22.9,22.6,25.6,24.0,22.9,22.4,22.3,24.8,21.4,21.7,23.6,1.24,1.08,79,62,15.8,19.59,9.7,-0.4991,-0.8666,22.3,23.0,23.0,station
2025-08-02,20.3,20.6,22.1,21.8,21.1,22.3,21.5,23.3,23.0,21.0,21.18,0.77,-1.04,75,57,13.3,18.29,0.6,-0.5139,-0.8578,20.6,22.0,22.0,station
2025-08-03,22.9,23.9,26.4,24.4,23.8,23.5,23.6,26.7,25.0,24.1,24.28,1.3,-0.3,70,53,12.2,23.79,0.0,-0.5286,-0.8489,23.8,25.0,25.0,station
2025-08-04,26.0,27.5,32.1,28.6,29.5,25.2,27.5,31.4,27.0,28.1,28.74,2.29,0.9,74,78,13.7,14.11,0.2,-0.5431,-0.8397,27.7,29.0,29.0,station
2025-08-05,22.1,23.0,24.9,23.5,23.3,22.2,23.1,25.1,23.2,23.5,23.36,1.01,-0.06,68,26,16.7,25.05,4.9,-0.5575,-0.8302,22.2,24.0,24.0,station
2025-08-06,22.9,24.1,26.8,23.8,23.5,22.6,24.6,26.6,24.3,23.5,24.22,1.51,-0.1,65,69,6.3,23.49,0.0,-0.5717,-0.8205,22.7,24.0,24.0,station
2025-08-07,27.9,29.2,31.6,27.9,28.8,28.0,29.6,31.7,28.0,27.6,29.08,1.52,0.1,52,17,9.2,24.38,0.0,-0.5857,-0.8105,28.6,29.0,29.0,station
2025-08-08,27.7,27.4,30.6,27.8,29.8,28.5,28.2,31.6,28.9,30.4,28.66,1.44,-0.86,63,44,13.5,21.87,0.0,-0.5996,-0.8003,26.6,27.0,27.0,station
2025-08-09,28.0,27.8,31.2,27.7,29.4,28.7,28.1,32.3,30.3,30.8,28.82,1.5,-1.22,62,35,14.6,24.43,0.0,-0.6132,-0.7899,27.3,27.0,27.0,station
2025-08-10,27.5,27.9,30.3,27.4,27.9,28.4,28.2,30.7,27.9,28.6,28.2,1.2,-0.56,59,0,10.4,25.28,0.0,-0.6267,-0.7792,27.7,28.0,28.0,station
2025-08-11,31.1,31.9,33.8,31.2,31.9,30.8,31.4,33.7,30.4,31.4,31.98,1.08,0.44,49,0,11.3,25.12,0.0,-0.64,-0.7683,31.0,32.0,32.0,station
2025-08-12,34.7,34.3,37.5,34.3,35.1,35.1,34.6,37.9,35.0,36.0,35.18,1.34,-0.54,46,2,12.8,24.6,0.0,-0.6532,-0.7572,35.1,36.0,36.0,station
2025-08-13,34.8,32.6,39.3,35.2,35.0,34.3,32.5,38.2,34.4,34.3,35.38,2.43,0.64,58,70,10.2,17.46,0.0,-0.6661,-0.7459,33.7,34.0,34.0,station
2025-08-14,33.0,30.6,34.9,32.5,31.3,34.3,31.3,36.4,34.9,29.1,32.46,1.66,-0.74,64,48,13.8,23.11,0.0,-0.6788,-0.7343,30.6,31.0,31.0,station
2025-08-15,30.7,30.8,34.4,31.3,29.5,32.7,31.4,35.3,31.8,31.1,31.34,1.83,-1.12,55,0,12.7,23.89,0.0,-0.6914,-0.7225,30.8,31.0,31.0,station
2025-08-16,27.9,27.6,30.4,28.3,29.5,28.0,28.0,31.4,28.4,28.5,28.74,1.18,-0.12,62,5,16.6,22.87,0.0,-0.7037,-0.7105,27.5,28.0,28.0,station
2025-08-17,26.2,25.7,30.1,26.3,25.1,26.9,26.1,29.3,26.2,27.2,26.68,1.97,-0.46,58,0,13.1,23.8,0.0,-0.7158,-0.6983,26.3,27.0,27.0,station
2025-08-18,27.2,27.0,30.1,27.5,28.8,27.5,26.9,31.4,26.7,26.9,28.12,1.31,0.24,58,13,11.6,23.45,0.0,-0.7277,-0.6859,27.6,28.0,28.0,station
2025-08-19,29.5,26.8,30.3,28.6,28.4,28.9,26.9,31.4,26.9,28.0,28.72,1.31,0.3,59,81,12.3,16.89,0.4,-0.7394,-0.6733,29.9,29.0,29.0,station
2025-08-20,23.3,20.9,23.6,22.4,23.3,24.1,21.3,24.6,20.5,21.7,22.7,1.1,0.26,79,99,13.4,9.46,2.5,-0.7509,-0.6605,23.3,22.0,22.0,station
2025-08-21,23.9,24.0,27.2,24.4,24.0,25.0,23.3,26.8,24.9,25.8,24.7,1.41,-0.46,69,64,17.6,20.04,1.2,-0.7621,-0.6474,23.4,24.0,24.0,station
2025-08-22,20.8,21.0,24.3,21.9,22.3,20.4,20.8,25.1,21.7,22.5,22.06,1.4,-0.04,63,38,13.7,17.1,0.0,-0.7731,-0.6342,20.8,22.0,22.0,station
2025-08-23,22.9,23.6,25.5,23.2,23.9,23.0,23.6,25.4,22.2,24.5,23.82,1.01,0.08,63,66,12.2,17.66,0.0,-0.7839,-0.6208,23.6,24.0,24.0,station
2025-08-24,23.3,24.2,26.5,23.4,24.7,23.3,24.2,27.0,23.9,25.5,24.42,1.3,-0.36,58,4,8.7,22.58,0.0,-0.7945,-0.6073,23.5,25.0,25.0,station
2025-08-25,26.9,27.6,29.6,27.5,27.7,26.3,26.7,30.3,25.2,27.0,27.86,1.02,0.76,49,23,9.1,22.08,0.0,-0.8048,-0.5935,27.8,28.0,28.0,station
2025-08-26,29.3,28.5,29.9,27.8,28.1,28.4,27.9,30.3,27.3,28.8,28.72,0.87,0.18,49,60,14.9,17.8,0.0,-0.8149,-0.5796,29.0,30.0,30.0,station
2025-08-27,26.2,25.7,27.1,25.9,26.8,26.5,25.8,26.9,26.4,27.3,26.34,0.59,-0.24,57,87,15.8,19.23,0.4,-0.8248,-0.5655,26.4,26.0,26.0,station
2025-08-28,24.1,22.8,26.0,24.1,22.1,24.5,22.3,25.1,24.1,22.1,23.82,1.49,0.2,57,67,17.0,16.06,0.4,-0.8344,-0.5512,23.6,24.0,24.0,station
2025-08-29,20.2,19.3,22.7,22.3,18.8,20.5,19.2,22.2,21.2,17.5,20.66,1.76,0.54,75,73,22.0,10.93,4.6,-0.8437,-0.5368,20.7,21.0,21.0,station
2025-08-30,22.0,22.1,23.3,23.1,21.6,22.5,21.9,22.5,23.0,21.5,22.42,0.74,0.14,74,69,20.1,13.38,0.4,-0.8528,-0.5222,22.0,23.0,23.0,station
2025-08-31,21.1,21.5,23.6,21.9,21.1,23.0,22.3,23.6,22.6,22.3,21.84,1.04,-0.92,83,99,17.7,7.88,4.9,-0.8617,-0.5074,21.7,22.0,22.0,station
2025-09-01,21.4,21.1,24.4,22.7,22.0,21.6,21.2,23.9,22.7,21.8,22.32,1.31,0.08,81,65,14.9,17.26,1.1,-0.8703,-0.4925,21.1,24.0,24.0,station
2025-09-02,18.4,19.3,21.3,19.4,19.4,17.7,19.2,22.3,18.6,19.9,19.56,1.06,0.02,85,62,20.5,8.47,4.0,-0.8786,-0.4775,18.2,18.0,18.0,station
2025-09-03,21.7,23.4,24.2,23.3,22.9,21.7,22.7,24.2,23.2,21.7,23.1,0.91,0.4,78,73,28.6,11.42,0.6,-0.8867,-0.4623,24.4,25.0,25.0,station
2025-09-04,20.6,19.8,22.0,21.3,21.8,21.8,20.2,21.7,20.1,20.1,21.1,0.91,0.32,77,62,18.5,13.23,3.2,-0.8945,-0.447,21.2,23.0,23.0,station
2025-09-05,20.9,20.9,23.9,21.4,21.8,21.0,20.8,24.4,21.4,21.1,21.78,1.24,0.04,76,41,11.4,16.77,6.7,-0.9021,-0.4315,21.1,23.0,23.0,station
2025-09-06,23.6,24.4,26.0,24.4,24.7,23.4,23.3,25.8,23.8,24.8,24.62,0.87,0.4,69,51,16.0,20.13,0.0,-0.9094,-0.4159,24.0,25.0,25.0,station
2025-09-07,28.4,29.2,31.8,30.4,30.8,27.7,28.5,30.5,29.2,30.5,30.12,1.34,0.84,66,35,14.5,18.38,0.0,-0.9164,-0.4002,30.2,31.0,31.0,station
2025-09-08,21.9,21.7,25.2,22.4,24.2,22.2,21.3,25.6,22.1,23.7,23.08,1.54,0.1,67,70,11.5,15.88,0.1,-0.9232,-0.3844,23.0,23.0,23.0,station
2025-09-09,22.3,22.2,24.1,22.9,23.0,21.1,21.9,24.9,22.2,20.2,22.9,0.76,0.84,59,54,11.1,17.6,0.0,-0.9296,-0.3685,22.5,23.0,23.0,station
2025-09-10,18.9,19.9,22.2,21.7,20.9,20.5,19.0,23.3,22.0,19.6,20.72,1.34,-0.16,69,70,21.1,12.93,3.6,-0.9358,-0.3524,21.2,21.0,21.0,station
2025-09-11,19.7,19.7,21.8,20.4,19.3,20.1,19.4,21.2,21.0,19.8,20.18,0.99,-0.12,77,44,22.5,14.84,2.5,-0.9418,-0.3363,19.9,20.0,20.0,station
2025-09-12,20.2,20.1,21.7,20.3,20.0,20.0,19.6,22.2,20.5,19.6,20.46,0.7,0.08,69,30,18.7,17.14,0.6,-0.9474,-0.32,19.5,21.0,21.0,station
2025-09-13,19.4,18.1,20.4,20.1,19.6,19.6,18.2,21.1,18.7,19.3,19.52,0.89,0.14,83,92,25.0,9.86,9.7,-0.9528,-0.3037,18.5,20.0,20.0,station
2025-09-14,19.6,20.4,19.4,20.4,19.4,19.7,20.0,20.3,19.3,19.1,19.84,0.52,0.16,90,83,19.8,4.07,1.1,-0.9579,-0.2873,20.0,21.0,21.0,station
2025-09-15,19.9,20.4,23.3,20.9,19.8,20.0,20.1,23.4,20.6,19.9,20.86,1.43,0.06,72,50,26.6,15.4,1.7,-0.9627,-0.2707,19.8,21.0,21.0,station
2025-09-16,18.5,18.6,19.7,19.8,18.4,18.5,18.4,19.0,18.9,18.4,19.0,0.69,0.36,73,78,21.7,11.85,0.4,-0.9672,-0.2541,18.7,20.0,20.0,station
2025-09-17,21.3,21.4,25.3,22.8,22.8,21.2,21.8,25.4,22.4,23.6,22.72,1.61,-0.16,77,52,12.6,13.54,0.0,-0.9714,-0.2375,21.3,23.0,23.0,station
2025-09-18,23.7,24.2,27.4,25.8,25.8,23.9,24.7,28.8,25.1,25.4,25.38,1.47,-0.2,77,4,6.9,17.12,0.0,-0.9753,-0.2207,23.5,26.0,26.0,station
2025-09-19,28.1,29.1,31.9,30.9,27.9,27.9,29.3,31.9,29.7,27.8,29.58,1.76,0.26,66,21,10.2,17.7,0.0,-0.979,-0.2039,29.7,31.0,31.0,station
2025-09-20,23.4,22.4,26.2,25.7,27.8,22.1,22.1,26.5,26.7,24.6,25.1,2.18,0.7,74,91,19.3,4.14,5.7,-0.9824,-0.187,22.0,23.0,23.0,station
2025-09-21,18.1,18.6,19.7,19.2,19.1,18.2,18.2,20.0,20.1,18.9,18.94,0.61,-0.14,75,69,15.5,9.81,0.8,-0.9854,-0.1701,18.8,19.0,19.0,station
2025-09-22,16.9,16.2,18.6,17.3,15.7,17.1,16.0,18.7,17.0,15.3,16.94,1.11,0.12,72,43,23.4,14.13,0.9,-0.9882,-0.1531,16.8,17.0,17.0,station
2025-09-23,15.9,13.6,14.8,16.0,14.8,15.2,13.0,13.2,14.7,15.2,15.02,0.98,0.76,77,98,19.2,6.22,7.3,-0.9907,-0.1361,14.8,15.0,15.0,station
2025-09-24,12.2,11.2,11.6,12.0,13.0,11.8,11.7,14.2,13.1,12.1,12.0,0.68,-0.58,91,100,18.7,3.51,11.8,-0.9929,-0.1191,11.5,11.0,11.0,station
2025-09-25,12.2,12.0,10.7,12.4,12.0,12.4,12.2,12.5,11.7,13.0,11.86,0.67,-0.5,84,100,11.2,4.46,0.7,-0.9948,-0.102,12.2,12.0,12.0,station
2025-09-26,15.1,13.3,13.3,13.7,14.8,14.9,13.7,12.6,15.3,15.5,14.04,0.85,-0.36,83,81,7.4,7.33,0.9,-0.9964,-0.0848,14.3,15.0,15.0,station
2025-09-27,16.1,15.6,18.3,16.7,16.1,16.6,15.5,17.5,15.6,15.6,16.56,1.05,0.4,84,75,8.5,10.75,0.3,-0.9977,-0.0677,15.2,16.0,16.0,station
2025-09-28,18.9,18.9,20.7,18.7,19.5,18.3,18.5,20.2,18.6,18.7,19.34,0.82,0.48,80,73,8.7,15.17,0.0,-0.9987,-0.0505,18.8,20.0,20.0,station
2025-09-29,19.5,19.8,21.2,20.1,21.0,19.5,19.9,21.9,19.4,20.6,20.32,0.75,0.06,78,37,10.4,13.78,0.1,-0.9994,-0.0333,19.5,21.0,21.0,station
2025-09-30,18.0,18.5,20.2,18.2,19.1,18.1,18.4,20.8,18.8,20.3,18.8,0.89,-0.48,76,32,10.8,14.43,0.0,-0.9999,-0.0161,17.9,19.0,19.0,station
2025-10-01,19.0,19.2,20.0,19.3,19.6,18.7,19.0,20.1,19.4,19.9,19.42,0.39,0.0,78,34,8.9,13.7,0.0,-1.0,0.0011,19.2,20.0,20.0,station
2025-10-02,17.3,18.3,19.0,18.7,18.0,17.8,18.8,19.4,17.9,18.3,18.26,0.66,-0.18,72,61,8.4,12.4,0.0,-0.9998,0.0183,17.6,19.0,19.0,station
2025-10-03,16.0,15.9,17.3,17.1,19.0,15.7,16.4,16.4,15.6,18.3,17.06,1.25,0.58,80,100,18.5,2.89,4.2,-0.9994,0.0355,15.7,16.0,16.0,station
2025-10-04,17.6,18.1,18.2,19.5,18.3,17.7,18.1,18.6,19.2,18.1,18.34,0.7,0.0,79,63,28.5,10.66,9.1,-0.9986,0.0527,18.0,19.0,19.0,station
2025-10-05,16.9,16.1,17.1,17.2,15.7,16.7,15.7,18.2,17.6,15.6,16.6,0.66,-0.16,73,29,21.9,12.38,0.4,-0.9976,0.0698,16.1,17.0,17.0,station
2025-10-06,16.3,16.5,18.0,17.5,17.5,16.4,16.1,16.5,17.0,16.5,17.16,0.73,0.66,82,74,11.4,7.1,0.2,-0.9962,0.087,15.9,16.0,16.0,station
2025-10-07,18.9,18.3,21.1,18.8,19.2,18.5,18.6,20.9,18.8,19.8,19.26,1.08,-0.06,86,59,4.1,12.39,0.0,-0.9946,0.1041,17.9,20.0,20.0,station
2025-10-08,18.1,16.1,20.5,17.4,19.8,18.7,17.2,21.2,17.9,20.4,18.38,1.79,-0.7,86,89,8.2,7.94,0.0,-0.9926,0.1212,17.2,17.0,17.0,station
2025-10-09,17.6,17.5,20.3,17.8,18.3,17.9,17.9,20.1,18.5,19.2,18.3,1.16,-0.42,80,74,10.3,10.35,0.1,-0.9904,0.1383,18.1,20.0,20.0,station
2025-10-10,16.3,16.1,20.5,17.6,19.2,17.0,17.2,20.6,17.6,18.1,17.94,1.89,-0.16,84,82,9.7,6.82,0.0,-0.9879,0.1553,14.7,15.0,15.0,station
2025-10-11,18.8,17.5,21.3,19.2,18.5,19.0,17.5,21.3,18.7,19.8,19.06,1.4,-0.2,82,47,12.7,11.57,0.0,-0.9851,0.1722,18.1,18.0,18.0,station
2025-10-12,17.6,17.0,20.2,17.8,17.7,17.2,16.6,21.1,17.6,17.3,18.06,1.24,0.1,83,3,11.9,12.38,0.0,-0.9819,0.1892,17.2,18.0,18.0,station
2025-10-13,18.1,17.5,19.5,19.1,18.8,17.8,17.4,20.3,19.1,18.0,18.6,0.8,0.08,84,50,16.4,5.82,0.2,-0.9785,0.206,16.6,16.0,16.0,station
2025-10-14,15.9,15.3,19.2,16.6,16.2,16.1,15.8,18.6,16.7,17.4,16.64,1.51,-0.28,81,60,16.1,10.46,0.0,-0.9749,0.2228,16.8,17.0,17.0,station
2025-10-15,16.2,14.8,18.6,17.6,16.3,15.9,15.1,18.6,17.1,15.1,16.7,1.45,0.34,83,66,13.5,6.7,0.0,-0.9709,0.2396,15.6,15.0,15.0,station
2025-10-16,15.7,14.8,16.6,16.2,15.4,14.9,15.1,17.5,17.0,15.3,15.74,0.7,-0.22,79,80,14.6,6.17,0.0,-0.9666,0.2562,14.3,15.0,15.0,station
2025-10-17,16.0,16.2,18.5,16.5,15.8,14.9,16.1,18.6,16.3,15.9,16.6,1.09,0.24,80,22,13.6,10.5,0.0,-0.9621,0.2728,16.5,17.0,17.0,station
2025-10-18,16.0,15.7,16.8,16.7,15.6,15.3,16.1,17.6,16.7,15.0,16.16,0.56,0.02,73,62,13.0,10.86,0.0,-0.9572,0.2893,16.2,17.0,17.0,station
2025-10-19,15.9,15.3,19.7,18.1,16.9,16.2,15.8,16.2,17.4,16.0,17.18,1.76,0.86,83,100,17.3,2.21,1.6,-0.9521,0.3057,15.2,15.0,15.0,station
2025-10-20,15.5,16.9,18.0,18.3,17.2,17.4,16.9,17.8,17.3,15.9,17.18,1.1,0.12,87,88,24.8,5.86,10.3,-0.9467,0.3221,17.0,18.0,18.0,station
2025-10-21,17.3,16.2,18.0,17.6,16.0,16.9,16.4,17.5,17.9,16.6,17.02,0.88,-0.04,83,83,22.0,7.38,2.3,-0.941,0.3383,16.3,17.0,17.0,station
2025-10-22,15.8,15.9,16.4,16.5,15.6,16.2,16.1,16.7,16.0,16.3,16.04,0.39,-0.22,89,97,23.9,3.94,2.3,-0.9351,0.3545,16.0,18.0,18.0,station
2025-10-23,15.7,17.0,16.9,17.2,16.2,16.0,16.9,17.6,16.8,16.0,16.6,0.63,-0.06,80,68,29.2,4.5,7.4,-0.9288,0.3705,16.2,17.0,17.0,station
2025-10-24,12.8,12.6,14.0,13.2,11.8,12.7,12.4,13.1,13.1,11.7,12.88,0.81,0.28,79,50,22.1,8.71,1.7,-0.9223,0.3864,12.1,13.0,13.0,station
2025-10-25,13.3,13.1,14.0,13.7,13.7,13.4,13.2,14.6,14.5,13.3,13.56,0.36,-0.24,83,49,22.3,7.33,0.9,-0.9155,0.4022,12.3,14.0,14.0,station
2025-10-26,11.7,11.5,12.5,12.2,10.2,11.6,11.1,11.5,12.2,10.0,11.62,0.89,0.34,77,63,18.3,8.42,2.8,-0.9085,0.4179,11.1,12.0,12.0,station
2025-10-27,15.0,14.6,14.3,15.7,12.4,14.9,14.2,15.3,14.7,12.9,14.4,1.23,0.0,79,79,24.9,6.71,4.7,-0.9012,0.4335,14.8,15.0,15.0,station
2025-10-28,15.1,14.5,14.8,16.3,14.7,15.1,14.3,14.8,15.0,14.4,15.08,0.72,0.36,84,81,20.8,4.93,0.1,-0.8936,0.4489,15.2,15.0,15.0,station
2025-10-29,14.6,13.8,15.3,15.2,14.6,13.0,13.2,13.8,12.6,13.3,14.7,0.6,1.52,90,91,16.2,4.97,10.5,-0.8857,0.4642,14.3,15.0,15.0,station
2025-10-30,13.3,13.6,15.2,14.2,11.6,13.2,13.6,15.4,13.7,12.0,13.58,1.32,0.0,84,59,16.9,8.51,0.1,-0.8776,0.4794,13.2,14.0,14.0,station
2025-10-31,16.0,15.5,17.6,17.4,16.6,15.3,15.8,17.7,15.6,15.8,16.62,0.9,0.58,83,75,15.9,5.72,0.0,-0.8692,0.4944,15.8,17.0,17.0,station
2025-11-01,14.9,14.5,15.3,16.3,15.8,16.2,14.8,16.4,15.6,17.0,15.36,0.71,-0.64,84,81,18.5,2.07,5.6,-0.8606,0.5093,15.5,16.0,16.0,station
2025-11-02,12.9,12.5,14.2,13.5,12.4,12.5,12.7,13.4,12.7,12.2,13.1,0.75,0.4,84,53,21.2,6.31,1.8,-0.8517,0.524,13.0,14.0,14.0,station
2025-11-03,14.6,14.2,16.3,15.2,15.6,14.2,13.9,16.6,15.1,15.2,15.18,0.83,0.18,87,56,19.2,4.34,0.3,-0.8426,0.5386,15.4,16.0,16.0,station
2025-11-04,16.0,16.0,16.5,17.3,15.2,16.0,15.8,16.5,16.6,15.4,16.2,0.77,0.14,84,82,13.3,7.97,0.0,-0.8332,0.553,16.1,17.0,17.0,station
2025-11-05,16.7,17.6,19.3,18.1,16.7,17.5,18.4,19.5,18.4,17.7,17.68,1.09,-0.62,75,61,14.1,7.41,0.0,-0.8235,0.5672,17.0,18.0,18.0,station
2025-11-06,15.9,15.5,15.1,16.1,17.8,17.0,16.0,17.2,16.6,18.4,16.08,1.04,-0.96,91,96,12.4,2.82,2.1,-0.8137,0.5813,14.6,16.0,16.0,station
2025-11-07,14.1,14.3,16.5,16.0,16.0,14.0,14.6,16.5,15.4,16.3,15.38,1.1,0.02,91,60,13.6,3.59,0.2,-0.8035,0.5952,14.5,14.0,14.0,station
2025-11-08,12.6,13.3,13.8,13.3,13.6,14.0,13.2,14.1,12.8,14.3,13.32,0.45,-0.36,96,61,8.7,1.29,1.0,-0.7932,0.609,12.7,14.0,14.0,station
2025-11-09,13.3,10.8,14.8,13.3,13.0,12.3,11.4,14.7,13.8,13.4,13.04,1.44,-0.08,94,74,10.3,4.54,0.0,-0.7826,0.6225,12.0,13.0,13.0,station
2025-11-10,11.7,11.4,12.4,11.5,11.8,12.2,11.5,12.2,11.2,11.9,11.76,0.39,-0.04,90,87,17.2,4.43,4.8,-0.7718,0.6359,11.6,12.0,12.0,station
2025-11-11,14.2,13.7,15.2,15.3,15.4,14.2,13.3,15.0,14.3,14.6,14.76,0.76,0.48,91,85,17.8,3.22,0.0,-0.7607,0.6491,14.5,15.0,15.0,station
2025-11-12,16.2,16.2,16.6,17.2,15.9,16.0,16.3,16.4,16.8,15.8,16.42,0.5,0.16,80,89,13.6,6.64,0.0,-0.7494,0.6621,15.1,15.0,15.0,station
2025-11-13,16.8,17.8,18.3,17.9,18.0,18.4,18.2,18.3,16.3,18.9,17.76,0.57,-0.26,76,88,17.1,4.96,0.1,-0.7379,0.6749,16.3,17.0,17.0,station
2025-11-14,16.8,17.6,19.2,18.8,17.3,16.7,17.2,19.3,17.2,19.1,17.94,1.02,0.04,75,99,14.6,3.06,3.2,-0.7262,0.6875,18.1,20.0,20.0,station
2025-11-15,15.4,14.3,15.8,16.0,15.5,14.0,13.8,16.2,14.9,15.6,15.4,0.66,0.5,96,96,13.4,3.02,11.7,-0.7143,0.6998,14.0,15.0,15.0,station
2025-11-16,12.7,11.6,14.3,14.4,12.5,11.8,11.8,14.4,13.3,12.8,13.1,1.21,0.28,95,91,13.5,3.04,0.4,-0.7021,0.712,12.6,12.0,12.0,station
2025-11-17,9.6,9.2,9.9,9.8,8.6,9.3,9.3,9.7,10.4,8.0,9.42,0.53,0.08,80,50,19.0,4.4,0.3,-0.6898,0.724,8.8,10.0,10.0,station
2025-11-18,7.2,7.2,9.2,9.2,7.0,8.8,7.4,8.8,8.6,7.2,7.96,1.13,-0.2,87,50,14.0,5.14,0.0,-0.6772,0.7358,7.5,9.0,9.0,station
2025-11-19,7.3,7.0,7.9,7.7,6.9,6.7,7.1,7.5,8.0,6.5,7.36,0.43,0.2,85,90,22.4,2.74,4.9,-0.6645,0.7473,6.8,8.0,8.0,station
2025-11-20,5.5,4.3,5.5,5.8,3.9,5.6,4.2,5.3,5.8,3.9,5.0,0.84,0.04,83,74,15.7,5.66,0.2,-0.6515,0.7586,4.4,6.0,6.0,station
2025-11-21,4.7,4.0,5.1,5.0,5.0,4.6,3.3,6.1,6.0,4.4,4.76,0.45,-0.12,86,60,15.2,2.82,0.1,-0.6384,0.7697,4.2,4.0,4.0,station
2025-11-22,3.1,1.1,5.0,3.8,2.2,3.2,2.2,5.4,3.6,1.7,3.04,1.49,-0.18,92,84,15.9,4.14,0.0,-0.625,0.7806,1.1,1.0,1.0,station
2025-11-23,5.2,6.7,6.6,6.2,7.4,7.7,7.4,9.1,7.5,8.8,6.42,0.81,-1.68,94,100,20.2,0.87,14.4,-0.6115,0.7912,6.0,7.0,7.0,station
2025-11-24,9.2,9.2,9.6,10.3,8.0,8.8,9.2,9.6,9.0,7.6,9.26,0.84,0.42,91,82,18.0,4.64,8.4,-0.5978,0.8016,9.2,11.0,11.0,station
2025-11-25,7.7,7.1,8.1,8.6,6.6,8.2,7.3,8.0,9.2,6.5,7.62,0.79,-0.22,86,49,22.1,3.6,0.8,-0.584,0.8118,7.8,8.0,8.0,station
2025-11-26,8.4,7.5,8.4,9.1,7.5,8.4,7.4,6.8,8.1,6.9,8.18,0.68,0.66,87,33,14.1,5.39,0.2,-0.5699,0.8217,8.3,8.0,8.0,station
2025-11-27,5.9,6.4,6.6,6.3,6.9,7.6,6.7,5.3,6.1,6.2,6.42,0.37,0.04,89,95,12.9,1.14,0.1,-0.5557,0.8314,7.7,8.0,8.0,station
2025-11-28,10.2,10.3,10.5,10.7,10.6,11.5,10.2,9.9,11.3,11.2,10.46,0.21,-0.36,96,96,14.3,1.29,9.7,-0.5413,0.8408,10.5,11.0,11.0,station
2025-11-29,12.2,11.7,11.6,11.9,10.6,11.5,11.6,11.4,11.0,10.6,11.6,0.6,0.38,96,100,20.9,1.23,4.3,-0.5268,0.85,11.4,12.0,12.0,station
2025-11-30,8.7,8.6,9.2,9.5,9.2,9.6,9.5,9.1,10.5,9.8,9.04,0.38,-0.66,88,53,14.5,4.89,0.1,-0.5121,0.859,8.4,9.0,9.0,station
2025-12-01,7.4,7.0,8.3,7.8,7.3,7.7,7.5,8.0,6.2,6.6,7.56,0.5,0.36,85,91,17.6,3.27,0.0,-0.4972,0.8676,7.5,8.0,8.0,station
2025-12-02,9.8,8.8,10.1,8.8,9.7,9.9,8.5,9.3,7.4,8.6,9.44,0.6,0.7,78,97,16.9,3.12,0.4,-0.4822,0.8761,9.3,10.0,10.0,station
2025-12-03,8.3,8.1,9.4,10.2,9.5,8.8,8.1,9.3,9.7,9.6,9.1,0.88,0.0,89,79,9.6,2.77,0.1,-0.4671,0.8842,9.7,11.0,11.0,station
2025-12-04,8.5,7.7,7.9,9.9,9.0,7.7,7.3,8.5,7.8,9.3,8.6,0.89,0.48,93,84,20.0,1.43,2.5,-0.4518,0.8921,8.1,10.0,10.0,station
2025-12-05,6.5,6.0,7.9,7.7,5.8,4.8,5.1,7.7,6.8,6.2,6.78,0.97,0.66,92,67,22.5,3.91,0.2,-0.4364,0.8998,6.8,7.0,7.0,station
2025-12-06,12.4,11.7,12.3,13.1,10.3,12.3,11.6,12.0,12.7,10.2,11.96,1.05,0.2,87,78,25.0,3.78,3.6,-0.4208,0.9071,11.8,13.0,13.0,station
2025-12-07,14.8,15.1,14.7,15.0,14.5,15.0,15.0,14.4,15.0,14.5,14.82,0.24,0.04,92,100,22.3,0.95,10.4,-0.4052,0.9142,14.7,15.0,15.0,station
2025-12-08,14.8,14.9,14.6,15.9,13.6,14.4,14.9,14.5,14.7,14.0,14.76,0.82,0.26,86,98,19.0,2.15,0.2,-0.3894,0.9211,15.5,17.0,17.0,station
2025-12-09,14.1,14.7,15.2,15.2,13.8,14.6,14.7,14.9,15.0,13.6,14.6,0.64,0.04,84,92,16.2,4.58,0.3,-0.3735,0.9276,14.6,16.0,16.0,station
2025-12-10,13.5,13.1,14.1,14.5,13.8,13.9,13.2,13.8,13.6,13.8,13.8,0.54,0.14,92,98,15.1,2.39,0.4,-0.3575,0.9339,13.4,14.0,14.0,station
2025-12-11,10.3,9.6,11.5,10.8,10.8,10.9,9.6,11.7,10.4,10.5,10.6,0.7,-0.02,97,85,11.4,1.57,0.0,-0.3413,0.9399,9.9,10.0,10.0,station
2025-12-12,10.7,10.7,11.9,12.3,12.0,10.9,11.1,12.3,11.3,11.8,11.52,0.76,0.04,95,96,9.7,2.53,0.0,-0.3251,0.9457,11.0,12.0,12.0,station
2025-12-13,9.2,8.5,10.3,9.7,9.4,9.6,9.3,11.1,9.2,9.1,9.42,0.66,-0.24,98,99,7.6,1.31,0.0,-0.3088,0.9511,9.7,11.0,11.0,station
2025-12-14,7.6,7.5,10.9,9.7,7.9,8.4,7.4,10.8,8.5,8.9,8.72,1.51,-0.08,96,100,12.2,1.27,0.0,-0.2924,0.9563,7.9,9.0,9.0,station
2025-12-15,11.5,10.3,10.9,12.1,10.7,11.6,10.1,11.5,12.0,11.1,11.1,0.71,-0.16,90,71,16.6,3.91,0.1,-0.2759,0.9612,10.5,12.0,12.0,station
2025-12-16,11.9,12.0,12.1,13.4,13.2,11.8,12.1,12.7,12.8,13.1,12.52,0.72,0.02,87,60,16.6,4.01,0.0,-0.2593,0.9658,13.3,15.0,15.0,station
2025-12-17,10.2,8.5,11.5,11.7,9.5,10.1,8.8,11.2,8.8,8.9,10.28,1.35,0.72,92,82,12.5,3.84,0.0,-0.2427,0.9701,9.9,11.0,11.0,station
2025-12-18,13.5,13.7,14.0,14.5,12.9,13.2,13.3,13.6,13.5,12.8,13.72,0.59,0.44,80,96,22.0,3.37,0.0,-0.226,0.9741,14.1,15.0,15.0,station
2025-12-19,12.8,12.9,13.3,13.2,12.3,12.9,12.7,13.0,12.4,12.4,12.9,0.39,0.22,90,99,21.2,1.93,6.1,-0.2092,0.9779,13.1,14.0,14.0,station
2025-12-20,10.0,9.3,10.3,10.6,10.1,9.9,9.1,10.2,10.1,8.2,10.06,0.48,0.56,96,99,11.5,1.41,2.4,-0.1923,0.9813,9.9,10.0,10.0,station
2025-12-21,11.1,11.3,11.2,12.4,11.8,10.2,10.8,10.5,10.6,10.8,11.56,0.54,0.98,95,93,20.4,1.63,9.6,-0.1754,0.9845,11.3,11.0,11.0,station
2025-12-22,10.9,10.5,11.5,11.6,10.7,10.5,9.7,11.1,9.2,11.9,11.04,0.49,0.56,88,99,17.4,2.68,0.0,-0.1585,0.9874,10.5,10.0,10.0,station
2025-12-23,5.9,5.8,9.0,8.0,5.7,5.9,5.3,8.9,6.1,6.8,6.88,1.52,0.28,86,97,13.8,2.23,0.0,-0.1414,0.9899,8.0,8.0,8.0,station
2025-12-24,4.9,4.2,5.4,4.5,3.3,5.0,3.9,5.0,4.5,3.5,4.46,0.79,0.08,70,65,23.0,4.57,0.0,-0.1244,0.9922,5.2,6.0,6.0,station
2025-12-25,2.8,1.6,3.3,2.6,3.3,3.1,1.9,3.8,1.3,3.0,2.72,0.7,0.1,72,34,22.5,4.83,0.0,-0.1073,0.9942,1.4,2.0,2.0,station
2025-12-26,3.7,1.3,4.7,3.8,4.0,3.9,0.9,4.5,2.4,3.7,3.5,1.29,0.42,82,16,11.4,4.94,0.0,-0.0902,0.9959,3.1,3.0,3.0,station
2025-12-27,4.5,2.5,5.6,4.7,4.1,5.1,2.0,5.5,4.1,5.0,4.28,1.14,-0.06,83,3,12.1,4.95,0.0,-0.073,0.9973,3.6,4.0,4.0,station
2025-12-28,3.2,2.9,5.7,4.0,3.2,3.1,3.0,5.5,3.5,2.9,3.8,1.14,0.2,89,48,14.5,3.04,0.0,-0.0559,0.9984,2.9,3.0,3.0,station
2025-12-29,2.7,1.3,5.1,2.6,0.8,2.8,0.4,5.1,2.6,0.6,2.5,1.67,0.2,82,15,13.8,5.27,0.0,-0.0387,0.9993,3.0,3.0,3.0,station
2025-12-30,4.4,5.1,6.7,4.8,3.0,5.0,5.2,5.8,4.2,2.8,4.8,1.33,0.2,85,39,13.2,4.96,0.0,-0.0215,0.9998,4.9,6.0,6.0,station
2025-12-31,3.9,3.8,4.8,4.4,1.6,3.7,3.8,4.4,3.3,0.7,3.7,1.24,0.52,92,29,11.0,4.15,0.0,-0.0043,1.0,3.6,,,
2026-01-01,3.4,2.8,4.8,4.4,3.5,3.2,2.6,4.9,3.2,4.2,3.78,0.81,0.16,92,74,15.5,2.24,0.0,0.0172,0.9999,3.5,5.0,5.0,station
2026-01-02,3.1,4.3,3.9,5.7,4.6,4.4,4.3,4.2,5.7,2.7,4.32,0.95,0.06,94,62,16.3,2.32,2.3,0.0344,0.9994,3.6,5.0,5.0,station
2026-01-03,3.6,2.1,3.2,3.2,2.0,3.5,2.1,2.7,3.3,1.5,2.82,0.72,0.2,83,14,13.9,5.09,0.0,0.0516,0.9987,3.0,4.0,4.0,station
2026-01-04,2.9,1.4,2.5,2.4,2.1,2.6,1.1,1.7,1.9,1.0,2.26,0.56,0.6,83,24,8.8,5.45,0.0,0.0688,0.9976,2.6,4.0,4.0,station
2026-01-05,1.0,0.3,2.8,-0.0,1.5,1.9,0.4,1.8,1.2,1.1,1.12,1.11,-0.16,91,53,12.5,2.51,3.0,0.0859,0.9963,-0.9,0.0,0.0,station
2026-01-06,-0.1,0.1,1.4,1.2,1.7,0.8,0.7,1.9,1.8,1.3,0.86,0.81,-0.44,92,25,9.9,5.68,0.0,0.103,0.9947,-0.2,2.0,2.0,station
2026-01-07,2.1,1.7,1.9,2.4,1.3,2.2,1.2,1.9,0.9,1.9,1.88,0.41,0.26,91,88,20.1,2.67,4.9,0.1201,0.9928,2.0,3.0,3.0,station
2026-01-08,9.1,9.8,9.6,10.4,9.7,9.2,10.2,9.6,7.4,9.4,9.72,0.47,0.56,95,100,28.8,1.97,9.2,0.1372,0.9905,9.8,11.0,11.0,station
2026-01-09,9.0,9.7,10.8,10.7,9.0,8.8,10.2,10.3,9.2,8.9,9.84,0.88,0.36,83,96,35.1,1.19,5.5,0.1542,0.988,9.7,10.0,10.0,station
2026-01-10,4.0,4.3,4.9,5.0,4.1,4.8,4.4,5.7,4.8,4.1,4.46,0.46,-0.3,80,97,23.3,2.48,0.6,0.1712,0.9852,4.1,5.0,5.0,station
2026-01-11,4.1,3.4,4.9,4.1,3.5,2.5,3.1,4.2,2.6,4.1,4.0,0.6,0.7,85,97,17.7,4.82,0.0,0.1881,0.9821,4.3,5.0,5.0,station
2026-01-12,12.1,11.0,11.2,11.8,10.4,12.0,10.4,10.7,9.9,9.3,11.3,0.67,0.84,86,100,21.6,1.06,4.6,0.205,0.9788,11.2,12.0,12.0,station
2026-01-13,11.0,10.7,11.6,12.3,11.3,11.2,10.8,10.7,11.3,11.1,11.38,0.61,0.36,81,98,15.4,4.77,0.8,0.2218,0.9751,11.8,13.0,13.0,station
2026-01-14,10.2,10.9,11.3,12.6,13.3,12.3,11.2,10.5,11.1,13.0,11.66,1.27,0.04,89,99,13.5,2.83,4.3,0.2385,0.9711,11.6,13.0,13.0,station
2026-01-15,11.2,11.3,12.0,12.9,11.9,9.9,10.8,11.5,11.2,12.1,11.86,0.68,0.76,85,95,21.3,3.2,1.0,0.2552,0.9669,12.0,13.0,13.0,station
2026-01-16,11.0,10.9,11.1,11.9,10.9,10.3,10.6,10.6,10.8,11.6,11.16,0.42,0.38,88,93,22.5,4.76,1.0,0.2718,0.9624,10.8,11.0,11.0,station
2026-01-17,11.3,9.8,10.2,11.7,11.3,10.6,9.8,10.7,10.8,10.9,10.86,0.81,0.3,93,98,11.0,4.26,0.6,0.2883,0.9575,11.3,12.0,12.0,station
2026-01-18,8.4,8.6,10.1,9.7,9.3,9.5,8.8,10.4,8.7,9.5,9.22,0.72,-0.16,83,82,11.3,4.58,0.0,0.3047,0.9524,9.6,10.0,10.0,station
2026-01-19,10.9,8.8,11.1,11.6,11.9,10.0,8.0,12.0,11.3,11.9,10.86,1.22,0.22,89,85,10.3,5.17,0.1,0.3211,0.9471,9.9,11.0,11.0,station
2026-01-20,10.5,8.0,11.5,10.8,10.9,10.0,8.2,10.3,11.0,11.3,10.34,1.36,0.18,89,84,18.6,3.78,0.5,0.3373,0.9414,9.0,9.0,9.0,station
2026-01-21,12.4,10.3,12.6,12.4,11.1,11.4,9.7,12.1,10.4,10.3,11.76,1.01,0.98,79,90,18.5,5.39,3.7,0.3534,0.9355,12.5,14.0,14.0,station
2026-01-22,11.0,10.1,10.8,11.1,10.9,11.1,10.0,10.5,10.8,10.3,10.78,0.4,0.24,88,77,19.1,3.83,3.3,0.3695,0.9292,10.8,11.0,11.0,station
2026-01-23,9.3,8.1,9.6,10.6,8.9,9.5,7.7,9.7,8.6,8.7,9.3,0.92,0.46,88,94,18.3,3.27,2.7,0.3854,0.9227,8.8,9.0,9.0,station
2026-01-24,8.7,6.9,8.8,9.0,8.4,9.5,7.5,7.6,10.2,8.7,8.36,0.84,-0.34,85,53,14.6,5.74,0.2,0.4012,0.916,8.8,10.0,10.0,station
2026-01-25,7.4,6.2,8.7,8.3,7.8,7.9,6.1,7.6,8.6,7.6,7.68,0.96,0.12,92,93,15.6,2.53,2.1,0.4169,0.9089,7.5,8.0,8.0,station
2026-01-26,6.4,5.7,9.2,9.1,6.3,6.7,5.1,8.7,8.5,7.1,7.34,1.67,0.12,94,84,11.7,3.0,0.0,0.4325,0.9016,7.7,8.0,8.0,station
2026-01-27,9.1,8.0,9.1,9.6,9.4,7.7,7.4,9.1,8.8,9.9,9.04,0.62,0.46,91,98,20.3,0.74,10.1,0.4479,0.8941,8.6,10.0,10.0,station
2026-01-28,7.4,5.6,7.8,7.8,6.2,7.5,5.6,8.4,8.7,5.4,6.96,1.0,-0.16,94,100,8.8,3.88,0.0,0.4633,0.8862,7.0,8.0,8.0,station
2026-01-29,5.9,4.9,8.7,5.7,6.1,7.2,4.3,8.4,7.6,6.6,6.26,1.44,-0.56,95,95,11.6,2.91,0.0,0.4784,0.8781,5.2,5.0,5.0,station
2026-01-30,10.3,9.6,10.5,11.7,9.0,9.7,9.6,10.9,11.0,9.6,10.22,1.02,0.06,89,93,18.9,4.61,3.5,0.4935,0.8698,10.7,11.0,11.0,station
2026-01-31,8.1,8.7,9.5,10.2,9.7,8.8,8.7,10.0,9.0,9.2,9.24,0.84,0.1,93,87,16.4,3.6,0.0,0.5084,0.8611,8.1,9.0,9.0,station
2026-02-01,7.3,8.5,8.2,9.4,8.5,7.9,8.4,9.9,8.1,8.7,8.38,0.75,-0.22,96,81,14.2,2.13,1.9,0.5231,0.8523,8.8,9.0,9.0,station
2026-02-02,9.8,7.9,10.3,10.3,8.9,9.4,9.2,9.8,9.3,8.8,9.44,1.03,0.14,89,93,15.5,3.63,3.8,0.5377,0.8432,10.0,10.0,10.0,station
2026-02-03,9.6,9.1,9.9,10.4,8.8,9.9,9.0,9.9,9.3,9.1,9.56,0.63,0.12,91,94,20.5,1.95,12.0,0.5521,0.8338,9.7,10.0,10.0,station
2026-02-04,11.5,9.9,11.9,12.2,9.8,11.5,9.1,12.0,11.0,9.6,11.06,1.13,0.42,85,61,18.7,7.55,0.2,0.5664,0.8242,10.4,13.0,13.0,station
2026-02-05,12.1,11.2,10.8,13.2,10.4,12.6,11.2,12.0,12.5,10.3,11.54,1.12,-0.18,89,100,16.6,2.83,4.6,0.5805,0.8143,10.8,12.0,12.0,station
2026-02-06,11.6,11.7,10.6,13.4,11.0,12.1,11.6,12.6,12.6,11.2,11.66,1.07,-0.36,87,83,17.0,7.39,2.9,0.5944,0.8042,12.7,13.0,13.0,station
2026-02-07,12.4,11.8,11.9,13.1,11.1,11.2,10.8,10.3,12.0,11.5,12.06,0.74,0.9,84,65,20.0,6.92,0.1,0.6081,0.7938,12.4,13.0,13.0,station
2026-02-08,12.5,11.1,12.3,13.1,11.6,12.0,10.9,11.7,11.8,11.3,12.12,0.78,0.58,82,72,10.8,8.78,0.0,0.6217,0.7833,12.7,13.0,13.0,station
2026-02-09,10.6,8.3,11.7,11.2,10.5,10.9,7.8,11.4,10.9,9.3,10.46,1.3,0.4,89,94,16.3,5.92,0.4,0.6351,0.7725,10.1,10.0,10.0,station
2026-02-10,11.3,11.7,12.5,13.4,12.0,11.3,11.6,12.8,13.0,12.2,12.18,0.81,0.0,91,92,19.7,4.9,19.9,0.6483,0.7614,12.6,12.0,12.0,station
2026-02-11,13.1,12.4,12.7,14.0,11.9,13.4,12.2,12.1,13.8,12.0,12.82,0.79,0.12,87,97,26.5,6.16,15.7,0.6613,0.7502,12.6,14.0,14.0,station
2026-02-12,11.2,11.1,11.6,12.4,10.7,10.7,11.0,12.5,12.6,11.1,11.4,0.64,-0.18,83,90,26.4,5.5,8.3,0.6741,0.7387,11.6,12.0,12.0,station
2026-02-13,9.9,9.0,9.3,9.4,9.1,8.0,9.0,9.0,9.0,8.6,9.34,0.35,0.62,93,92,14.9,2.92,6.4,0.6867,0.727,9.5,10.0,10.0,station
2026-02-14,7.3,8.0,8.1,7.4,8.1,6.6,7.1,8.2,6.8,6.7,7.78,0.4,0.7,78,87,22.7,5.14,5.1,0.6991,0.715,7.5,8.0,8.0,station
2026-02-15,6.3,7.6,8.5,9.2,9.1,7.0,8.5,8.4,8.9,7.3,8.14,1.21,0.12,88,94,24.8,1.73,7.4,0.7113,0.7029,8.6,9.0,9.0,station
2026-02-16,9.6,8.7,9.7,10.8,8.5,10.2,8.7,9.7,9.7,7.3,9.46,0.92,0.34,79,54,27.5,8.48,1.8,0.7233,0.6906,9.9,11.0,11.0,station
2026-02-17,8.4,7.9,7.8,8.2,6.7,8.4,8.0,8.2,8.0,6.3,7.8,0.66,0.02,72,79,19.5,9.51,0.3,0.735,0.678,7.7,9.0,9.0,station
2026-02-18,8.8,8.9,10.0,10.9,10.2,8.7,7.7,9.9,7.4,9.8,9.76,0.9,1.06,90,100,19.3,2.4,16.7,0.7466,0.6653,8.4,10.0,10.0,station
2026-02-19,9.3,9.0,9.6,10.4,10.0,8.9,9.1,9.7,9.3,8.9,9.66,0.55,0.48,90,96,18.1,4.35,7.5,0.7579,0.6523,10.7,10.0,10.0,station
2026-02-20,10.6,10.3,10.2,11.0,8.8,10.2,10.2,10.6,11.5,8.4,10.18,0.83,0.0,80,97,18.5,6.36,0.2,0.769,0.6392,11.1,12.0,12.0,station
2026-02-21,13.9,13.4,14.9,14.5,14.2,13.7,13.1,13.6,14.0,13.3,14.18,0.57,0.64,81,95,20.2,8.74,0.8,0.7799,0.6259,15.2,16.0,16.0,station
2026-02-22,13.4,13.0,13.9,13.8,14.0,13.6,13.1,12.5,12.6,13.6,13.62,0.41,0.54,88,100,19.7,2.45,6.3,0.7906,0.6124,13.4,14.0,14.0,station
2026-02-23,14.2,13.7,14.7,13.7,13.5,13.5,13.2,14.8,15.1,14.1,13.96,0.49,-0.18,79,97,21.0,8.85,1.1,0.801,0.5987,14.6,16.0,16.0,station
2026-02-24,16.2,13.8,17.5,16.7,14.6,15.0,13.8,17.4,14.6,13.8,15.76,1.52,0.84,86,75,14.7,6.96,0.2,0.8112,0.5848,15.2,16.0,16.0,station
2026-02-25,18.5,16.0,19.1,19.6,17.6,18.6,16.0,18.5,18.3,17.2,18.16,1.42,0.44,84,37,9.9,12.02,0.0,0.8211,0.5708,18.9,21.0,21.0,station
2026-02-26,17.6,16.6,18.0,19.1,17.4,17.5,15.9,18.0,17.6,16.7,17.74,0.92,0.6,79,35,12.8,12.1,0.0,0.8308,0.5566,17.6,19.0,19.0,station
2026-02-27,14.8,15.3,14.8,17.4,14.0,14.5,13.4,17.1,13.7,15.0,15.26,1.28,0.52,83,47,18.6,7.26,4.1,0.8402,0.5422,14.4,16.0,16.0,station
2026-02-28,12.3,11.7,12.5,13.3,12.3,12.1,11.5,12.1,12.6,12.1,12.42,0.58,0.34,74,45,25.4,10.68,0.4,0.8495,0.5277,12.2,13.0,13.0,station
2026-03-01,12.5,12.1,13.5,13.0,12.6,12.2,11.9,13.6,11.7,12.3,12.74,0.53,0.4,79,45,19.3,10.1,0.0,0.8584,0.513,12.3,13.0,13.0,station
2026-03-02,16.0,15.5,16.7,16.8,14.4,15.9,15.5,16.0,16.2,14.1,15.88,0.98,0.34,71,10,11.2,13.14,0.0,0.8671,0.4981,16.4,18.0,18.0,station
2026-03-03,16.4,16.0,16.9,17.7,17.7,15.5,16.0,16.1,17.5,16.1,16.94,0.76,0.7,76,14,9.2,13.22,0.0,0.8755,0.4831,16.9,18.0,18.0,station
2026-03-04,17.5,17.1,17.7,18.7,17.9,17.5,16.8,17.5,18.7,17.4,17.78,0.59,0.2,70,0,11.8,13.76,0.0,0.8837,0.468,17.6,19.0,19.0,station
2026-03-05,17.7,17.4,18.6,19.4,18.8,17.7,17.3,18.9,19.1,18.6,18.38,0.82,0.06,72,33,9.8,13.0,0.0,0.8916,0.4527,17.2,18.0,18.0,station
2026-03-06,18.1,17.5,16.9,18.5,19.3,17.4,17.2,18.5,19.8,19.0,18.06,0.92,-0.32,81,88,7.1,10.76,0.0,0.8993,0.4373,17.0,17.0,17.0,station
2026-03-07,18.3,15.5,18.3,18.2,18.7,18.7,16.2,18.6,19.7,19.0,17.8,1.3,-0.64,83,57,10.9,13.46,0.0,0.9067,0.4218,17.5,17.0,17.0,station
2026-03-08,17.3,14.3,18.8,16.6,17.4,18.2,14.9,18.4,17.8,18.5,16.88,1.65,-0.68,89,40,8.5,12.61,0.0,0.9138,0.4061,16.2,16.0,16.0,station
2026-03-09,16.6,16.6,17.8,18.0,16.5,16.3,16.3,17.7,17.2,16.5,17.1,0.73,0.3,80,19,10.8,13.64,0.0,0.9207,0.3904,16.7,18.0,18.0,station
2026-03-10,15.4,15.1,16.4,16.2,15.5,14.0,14.3,16.3,16.4,13.3,15.72,0.55,0.86,83,81,11.1,10.23,4.3,0.9272,0.3745,15.1,16.0,16.0,station
2026-03-11,13.1,11.4,13.2,14.5,10.9,13.2,10.8,12.3,13.0,10.4,12.62,1.46,0.68,82,67,22.3,6.04,16.4,0.9335,0.3585,12.6,14.0,14.0,station
2026-03-12,12.3,12.2,13.9,13.8,12.4,12.2,12.5,12.9,13.3,11.5,12.92,0.85,0.44,78,42,22.8,11.49,0.0,0.9396,0.3424,12.5,14.0,14.0,station
2026-03-13,11.3,11.1,11.9,11.6,11.7,10.6,10.7,11.1,11.2,11.2,11.52,0.32,0.56,89,93,24.8,2.08,17.2,0.9453,0.3261,11.6,12.0,12.0,station
2026-03-14,9.4,8.2,10.2,10.6,8.4,9.3,8.3,9.7,9.8,9.0,9.36,1.06,0.14,83,64,16.1,12.21,8.8,0.9508,0.3098,9.0,10.0,10.0,station
2026-03-15,11.6,11.4,12.9,13.0,10.9,11.6,11.5,12.6,11.8,10.3,11.96,0.94,0.4,73,25,14.3,16.27,0.0,0.956,0.2934,11.8,13.0,13.0,station
2026-03-16,11.9,11.7,12.0,12.9,12.2,11.5,11.6,12.8,12.2,11.0,12.14,0.46,0.32,73,98,17.3,6.84,0.2,0.9609,0.2769,11.4,12.0,12.0,station
2026-03-17,15.3,15.4,17.1,16.4,15.3,15.4,15.6,16.6,16.3,15.1,15.9,0.82,0.1,77,47,10.6,15.96,0.0,0.9655,0.2604,15.6,17.0,17.0,station
2026-03-18,14.4,14.7,14.9,16.0,14.6,14.7,14.6,14.4,15.9,14.4,14.92,0.63,0.12,63,0,20.0,17.2,0.0,0.9698,0.2437,14.7,16.0,16.0,station
2026-03-19,16.0,16.4,16.6,17.2,17.0,16.0,16.3,16.4,17.0,15.9,16.64,0.48,0.32,63,7,14.7,17.39,0.0,0.9739,0.227,16.1,17.0,17.0,station
2026-03-20,15.9,16.6,16.7,17.5,17.1,16.3,17.1,16.7,17.0,16.2,16.76,0.6,0.1,65,41,12.7,17.13,0.0,0.9777,0.2102,16.2,17.0,17.0,station
2026-03-21,15.7,16.0,16.5,16.6,17.2,15.2,16.1,16.6,16.2,17.5,16.4,0.58,0.08,71,23,11.9,16.79,0.0,0.9811,0.1934,16.0,17.0,17.0,station
2026-03-22,14.7,15.1,15.2,15.5,15.7,14.2,15.1,15.0,15.0,15.7,15.24,0.38,0.24,71,30,12.6,15.8,0.0,0.9843,0.1765,14.5,15.0,15.0,station
2026-03-23,16.0,15.8,16.3,16.8,16.3,15.9,16.3,16.2,16.7,16.7,16.24,0.38,-0.12,72,79,11.9,17.4,0.0,0.9872,0.1595,15.6,17.0,17.0,station
2026-03-24,16.8,17.7,17.2,18.8,18.2,16.8,17.3,17.7,18.1,18.7,17.74,0.79,0.02,72,84,18.1,15.71,0.0,0.9898,0.1425,16.9,18.0,18.0,station
2026-03-25,10.9,12.2,12.4,12.4,13.7,10.8,12.0,12.6,11.4,14.3,12.32,0.99,0.1,72,69,28.6,13.43,5.9,0.9921,0.1255,11.5,13.0,13.0,station
2026-03-26,9.3,9.1,10.4,10.1,8.6,9.3,9.1,10.4,10.2,8.4,9.5,0.74,0.02,71,36,17.3,16.58,1.2,0.9941,0.1084,8.9,11.0,11.0,station
2026-03-27,9.5,10.8,11.6,11.1,11.5,9.6,10.6,11.2,10.4,11.7,10.9,0.85,0.2,71,62,10.1,11.46,0.1,0.9958,0.0913,10.1,11.0,11.0,station
2026-03-28,10.6,10.4,10.7,11.2,8.6,11.0,10.2,10.8,11.5,9.0,10.3,0.99,-0.2,73,58,20.2,16.2,10.8,0.9972,0.0741,10.2,12.0,12.0,station
2026-03-29,10.8,11.5,11.8,11.9,11.7,10.9,11.1,11.7,11.5,10.3,11.54,0.44,0.44,70,49,12.8,14.73,0.0,0.9984,0.057,10.8,12.0,12.0,station
2026-03-30,12.4,13.0,13.1,12.4,12.1,13.5,12.6,13.9,12.5,11.3,12.6,0.43,-0.16,72,63,24.4,13.88,0.8,0.9992,0.0398,12.0,13.0,13.0,station
2026-03-31,11.5,12.0,11.3,12.2,13.3,11.9,12.4,10.7,10.0,12.1,12.06,0.78,0.64,81,90,12.7,5.83,0.4,0.9997,0.0226,10.8,11.0,11.0,station
2026-04-01,12.9,11.4,11.5,13.8,13.1,12.2,10.9,13.6,13.3,14.1,12.54,1.05,-0.28,90,93,6.5,5.59,2.4,1.0,0.0054,11.9,11.0,11.0,station
2026-04-02,13.4,13.0,12.6,13.5,13.0,14.1,12.7,14.3,14.2,13.2,13.1,0.36,-0.6,83,75,13.2,10.2,1.1,0.9999,-0.0118,13.0,14.0,14.0,station
2026-04-03,11.6,12.2,13.3,11.9,13.2,12.3,11.9,13.2,12.4,13.2,12.44,0.77,-0.16,84,77,19.1,9.86,0.6,0.9996,-0.029,12.8,13.0,13.0,station
2026-04-04,15.7,16.0,18.7,18.1,17.4,16.3,15.6,17.5,16.0,17.5,17.18,1.3,0.6,79,80,17.2,15.39,1.3,0.9989,-0.0462,17.3,19.0,19.0,station
2026-04-05,13.3,14.9,15.2,14.6,15.4,14.0,14.1,14.9,14.2,14.9,14.68,0.83,0.26,71,74,18.3,9.92,0.6,0.998,-0.0634,14.7,16.0,16.0,station
2026-04-06,16.1,17.5,17.7,17.0,17.8,15.1,17.4,16.5,15.9,16.7,17.22,0.7,0.9,72,52,11.2,20.77,0.0,0.9968,-0.0805,16.2,17.0,17.0,station
2026-04-07,20.4,22.4,22.3,22.9,23.3,20.1,23.8,21.5,22.3,23.3,22.26,1.11,0.06,68,6,12.1,21.14,0.0,0.9952,-0.0977,22.3,24.0,24.0,station
2026-04-08,21.3,23.5,23.5,23.8,24.5,20.9,25.6,22.9,23.4,24.6,23.32,1.2,-0.16,62,0,10.0,21.5,0.0,0.9934,-0.1148,23.4,25.0,25.0,station
2026-04-09,22.8,24.5,25.3,26.1,26.6,22.0,20.3,24.3,25.2,26.9,25.06,1.49,1.32,68,36,19.3,20.02,1.3,0.9913,-0.1319,25.7,26.0,26.0,station
2026-04-10,13.9,14.2,15.3,15.4,15.1,14.2,14.4,15.0,14.5,15.7,14.78,0.68,0.02,55,95,17.8,18.79,0.0,0.9889,-0.1489,16.1,16.0,16.0,station
2026-04-11,17.2,15.6,17.1,14.5,19.6,16.7,14.2,17.2,14.4,19.6,16.8,1.92,0.38,71,98,20.2,8.43,4.6,0.9861,-0.1659,16.6,16.0,16.0,station
2026-04-12,14.0,14.1,14.0,15.4,14.3,14.4,15.7,14.2,14.9,14.8,14.36,0.59,-0.44,68,100,10.2,15.56,0.0,0.9831,-0.1828,14.0,14.0,14.0,station
2026-04-13,12.7,13.0,14.2,13.1,12.7,13.6,13.8,13.5,12.1,15.1,13.14,0.62,-0.48,73,82,9.6,14.63,4.5,0.9799,-0.1997,14.2,14.0,14.0,station
2026-04-14,16.3,16.6,18.1,17.1,16.7,15.7,16.7,18.1,16.7,16.4,16.96,0.7,0.24,66,38,8.5,21.75,0.0,0.9763,-0.2165,17.1,18.0,18.0,station
2026-04-15,16.9,19.2,18.7,19.7,21.3,18.6,19.0,19.2,17.5,20.1,19.16,1.6,0.28,60,47,15.0,13.42,0.4,0.9724,-0.2333,17.8,18.0,18.0,station
2026-04-16,18.3,18.5,19.6,18.6,19.6,17.7,18.5,19.6,19.3,20.5,18.92,0.63,-0.2,63,65,11.0,19.27,0.0,0.9683,-0.25,18.9,19.0,19.0,station
2026-04-17,20.3,21.1,21.0,20.0,21.8,20.4,21.0,20.4,21.0,22.3,20.84,0.71,-0.18,57,76,8.7,17.65,0.0,0.9638,-0.2666,21.3,21.0,21.0,station
2026-04-18,20.0,20.4,17.9,22.2,19.8,20.3,20.2,19.0,20.2,20.7,20.06,1.54,-0.02,63,47,15.9,18.14,1.4,0.9591,-0.2831,21.8,22.0,22.0,station
2026-04-19,16.5,17.3,18.3,17.7,17.9,16.5,17.5,17.4,17.1,17.3,17.54,0.68,0.38,64,45,14.8,19.07,0.0,0.9541,-0.2996,17.5,17.0,17.0,station
2026-04-20,14.5,14.8,15.7,15.8,14.7,14.9,15.0,14.8,15.6,16.8,15.1,0.6,-0.32,60,64,15.7,20.1,0.0,0.9488,-0.316,15.1,15.0,15.0,station
2026-04-21,14.3,15.6,15.7,16.6,16.7,13.4,15.7,15.0,15.4,16.8,15.78,0.97,0.52,59,23,20.4,18.8,0.0,0.9432,-0.3322,14.6,15.0,15.0,station
2026-04-22,17.2,18.3,17.8,19.3,18.9,17.4,18.4,17.6,18.8,19.4,18.3,0.84,-0.02,48,19,20.6,24.76,0.0,0.9373,-0.3484,18.2,19.0,19.0,station
2026-04-23,19.9,21.8,20.6,22.5,22.3,19.8,21.8,20.2,21.5,22.1,21.42,1.13,0.34,41,0,17.6,25.14,0.0,0.9312,-0.3645,21.2,22.0,22.0,station
2026-04-24,21.0,23.0,21.1,22.6,22.2,20.1,22.1,20.7,22.0,22.1,21.98,0.9,0.58,39,1,14.6,25.5,0.0,0.9248,-0.3804,22.3,22.0,22.0,station
2026-04-25,22.0,22.9,21.4,22.6,21.7,21.7,22.9,20.7,23.1,22.3,22.12,0.62,-0.02,46,30,12.7,25.21,0.0,0.9181,-0.3963,22.9,23.0,23.0,station
2026-04-26,21.3,22.8,20.9,22.2,22.0,21.0,22.8,20.0,21.9,21.9,21.84,0.75,0.32,40,47,10.7,24.68,0.0,0.9112,-0.412,22.1,22.0,22.0,station
2026-04-27,21.6,22.7,21.2,22.4,22.1,21.7,22.7,20.4,21.7,22.2,22.0,0.6,0.26,50,94,13.4,21.57,0.0,0.9039,-0.4276,21.9,22.0,22.0,station
2026-04-28,21.2,21.0,21.1,21.0,20.8,21.9,20.8,20.7,22.8,21.9,21.02,0.15,-0.6,49,47,16.1,22.82,0.1,0.8965,-0.4431,20.6,20.0,20.0,station
2026-04-29,23.0,23.6,21.3,24.3,24.2,22.9,23.5,20.7,23.4,23.6,23.28,1.22,0.46,40,54,22.8,23.26,0.0,0.8887,-0.4585,23.8,23.0,23.0,station
2026-04-30,22.2,23.4,20.1,23.5,23.3,22.5,23.7,20.1,23.7,24.0,22.5,1.44,-0.3,30,0,19.9,26.17,0.0,0.8807,-0.4737,23.4,23.0,23.0,station
2026-05-01,24.6,24.6,24.3,25.2,26.1,24.8,25.5,25.2,23.6,27.0,24.96,0.72,-0.26,45,28,13.0,22.42,6.1,0.8724,-0.4888,25.5,26.0,26.0,station
2026-05-02,23.6,24.0,24.4,26.1,23.3,24.4,23.4,24.0,25.3,25.5,24.28,1.1,-0.24,68,79,18.9,19.91,0.0,0.8639,-0.5037,25.2,26.0,26.0,station
2026-05-03,18.9,17.8,19.2,21.8,19.4,17.2,17.2,18.3,18.5,20.7,19.42,1.47,1.04,79,92,13.1,12.92,9.4,0.8551,-0.5185,19.0,21.0,21.0,station
2026-05-04,17.2,16.3,16.9,18.3,15.3,17.4,15.9,17.6,19.2,17.0,16.8,1.11,-0.62,90,99,8.0,9.61,7.7,0.846,-0.5331,17.1,18.0,18.0,station
2026-05-05,16.8,14.4,14.9,15.7,14.8,17.3,14.0,15.1,15.6,14.5,15.32,0.95,0.02,92,100,15.4,6.74,12.2,0.8367,-0.5476,15.4,15.0,15.0,station
2026-05-06,13.6,13.1,15.2,14.7,12.4,13.0,12.0,12.7,15.9,11.3,13.8,1.15,0.82,82,100,17.6,11.74,6.2,0.8272,-0.5619,13.8,14.0,14.0,station
2026-05-07,15.6,16.1,17.4,16.0,16.4,15.7,16.0,16.9,16.8,16.4,16.3,0.68,-0.06,72,65,8.7,17.52,0.3,0.8174,-0.5761,15.9,17.0,17.0,station
2026-05-08,18.7,20.3,20.7,20.0,20.8,19.4,20.5,20.7,20.7,19.3,20.1,0.85,-0.02,70,12,9.8,25.16,0.0,0.8074,-0.59,19.1,20.0,20.0,station
2026-05-09,21.8,23.2,23.2,24.3,24.7,21.9,22.8,23.6,22.8,24.6,23.44,1.13,0.3,70,53,12.9,24.52,2.7,0.7971,-0.6038,22.8,23.0,23.0,station
2026-05-10,16.7,16.6,17.6,17.6,19.7,19.0,16.6,16.1,20.4,21.8,17.64,1.25,-1.14,81,100,15.2,7.42,18.3,0.7866,-0.6175,17.4,18.0,18.0,station
2026-05-11,13.7,12.6,15.5,15.0,13.1,14.3,13.7,15.3,15.7,14.0,13.98,1.24,-0.62,80,87,16.9,13.17,4.9,0.7759,-0.6309,13.1,14.0,14.0,station
2026-05-12,13.8,15.7,16.6,15.6,13.8,14.5,16.0,16.6,15.9,14.0,15.1,1.25,-0.3,71,53,11.6,19.12,0.2,0.7649,-0.6442,14.0,16.0,16.0,station
2026-05-13,13.6,12.9,14.8,15.2,14.5,14.1,14.0,15.8,14.9,13.8,14.2,0.94,-0.32,78,61,24.6,17.57,7.7,0.7537,-0.6572,12.9,14.0,14.0,station
2026-05-14,11.0,10.8,12.6,13.3,11.7,11.3,11.1,11.1,11.9,11.0,11.88,1.06,0.6,77,49,16.4,19.32,3.7,0.7423,-0.6701,12.1,12.0,12.0,station
2026-05-15,13.0,12.7,13.4,13.7,13.4,13.0,12.5,13.4,13.3,12.8,13.24,0.39,0.24,79,52,19.5,21.28,2.5,0.7306,-0.6828,12.6,13.0,13.0,station
2026-05-16,14.1,15.1,16.2,15.5,15.0,14.1,14.8,14.3,15.7,14.4,15.18,0.77,0.52,74,64,14.4,21.43,2.3,0.7188,-0.6952,14.3,15.0,15.0,station
2026-05-17,15.6,15.2,16.1,16.2,16.7,14.9,14.3,15.1,16.0,15.2,15.96,0.58,0.86,85,99,11.3,13.07,9.7,0.7067,-0.7075,15.4,16.0,16.0,station
2026-05-18,14.4,14.9,14.7,16.3,13.1,14.6,15.0,14.6,16.3,14.2,14.68,1.15,-0.26,78,80,12.3,20.19,1.9,0.6945,-0.7195,14.8,15.0,15.0,station
2026-05-19,16.6,16.3,14.2,17.2,15.8,16.8,16.7,16.8,17.3,15.3,16.02,1.14,-0.56,82,83,22.0,13.53,3.1,0.682,-0.7314,17.0,17.0,17.0,station
2026-05-20,19.6,19.7,19.9,20.8,21.3,19.9,19.3,20.1,21.1,21.0,20.26,0.75,-0.02,75,65,19.3,18.79,2.3,0.6693,-0.743,19.1,20.0,20.0,station
2026-05-21,22.0,23.8,24.2,24.2,24.1,22.5,23.8,24.1,25.5,24.7,23.66,0.94,-0.46,75,49,10.3,25.99,0.0,0.6564,-0.7544,23.0,24.0,24.0,station
2026-05-22,25.6,28.1,27.5,28.0,27.7,25.2,28.1,27.5,27.8,28.3,27.38,1.02,0.0,70,14,8.0,28.54,0.0,0.6433,-0.7656,26.7,29.0,29.0,station
2026-05-23,27.6,30.1,29.7,30.8,31.0,27.2,30.2,29.0,29.8,30.6,29.84,1.36,0.48,66,22,5.5,28.47,0.0,0.6301,-0.7765,28.4,30.0,30.0,station
2026-05-24,29.2,30.8,30.7,32.0,32.9,28.9,31.1,30.4,31.6,33.7,31.12,1.41,-0.02,68,13,11.2,28.49,0.0,0.6166,-0.7873,29.7,31.0,31.0,station
2026-05-25,29.7,31.3,31.5,32.4,33.2,29.5,30.8,30.5,32.8,33.9,31.62,1.31,0.12,66,21,12.5,28.41,0.0,0.603,-0.7978,30.5,31.0,31.0,station
2026-05-26,29.6,31.6,32.6,31.9,31.9,29.3,31.4,31.9,32.4,32.6,31.52,1.13,0.0,54,4,11.2,29.39,0.0,0.5892,-0.808,30.7,31.0,31.0,station
2026-05-27,29.9,31.5,31.4,31.9,32.3,30.0,31.3,31.4,32.0,32.2,31.4,0.91,0.02,53,3,10.3,29.09,0.0,0.5752,-0.818,30.9,31.0,31.0,station
2026-05-28,29.8,31.3,31.5,32.7,34.3,30.1,31.2,32.2,32.8,34.3,31.92,1.68,-0.2,55,41,11.6,25.8,0.0,0.561,-0.8278,31.4,32.0,32.0,station
2026-05-29,32.1,32.0,32.6,34.0,33.4,32.5,32.1,33.3,33.7,35.1,32.82,0.86,-0.52,56,63,14.0,26.01,0.0,0.5467,-0.8373,32.3,33.0,33.0,station
2026-05-30,31.9,32.0,33.3,33.9,33.4,32.4,32.1,32.7,33.6,33.3,32.9,0.9,0.08,67,54,14.8,25.74,0.6,0.5322,-0.8466,31.9,33.0,33.0,station
2026-05-31,22.6,23.0,25.3,23.3,23.5,22.8,22.7,23.5,26.0,25.4,23.54,1.04,-0.54,65,79,16.2,16.64,1.4,0.5176,-0.8556,22.0,25.0,25.0,station
2026-06-01,26.7,24.9,26.1,26.5,25.8,26.0,24.5,26.1,25.5,25.8,26.0,0.71,0.42,61,80,11.1,23.95,0.0,0.5028,-0.8644,25.0,26.0,26.0,station
2026-06-02,20.9,20.6,20.4,23.5,21.3,20.5,20.4,20.4,21.0,19.5,21.34,1.25,0.98,77,83,20.0,17.41,14.5,0.4878,-0.8729,20.7,22.0,22.0,station
2026-06-03,18.8,19.4,19.7,20.6,20.1,18.4,19.5,20.5,21.3,20.3,19.72,0.68,-0.28,76,80,26.9,14.55,2.3,0.4728,-0.8812,19.8,19.0,19.0,station
2026-06-04,19.0,19.1,21.2,21.4,18.4,19.1,19.2,21.0,21.0,19.1,19.82,1.38,-0.06,76,80,22.9,19.23,6.8,0.4575,-0.8892,19.3,20.0,20.0,station
2026-06-05,18.9,19.3,18.7,20.5,19.6,18.2,19.2,19.6,20.8,19.1,19.4,0.71,0.02,68,64,14.2,19.14,0.5,0.4422,-0.8969,18.2,20.0,20.0,station
2026-06-06,20.5,19.9,22.5,21.7,,20.4,19.8,23.0,21.5,20.3,21.15,1.17,0.15,62,71,23.3,18.75,1.1,0.4267,-0.9044,20.4,21.0,21.0,station
2026-06-07,21.2,21.2,23.2,22.0,,19.3,21.2,24.0,22.1,22.8,21.9,0.95,0.02,56,65,16.0,25.02,0.0,0.4111,-0.9116,22.7,23.0,23.0,station
2026-06-08,20.2,20.9,23.5,21.2,,21.8,20.1,23.8,20.8,22.3,21.45,1.43,-0.31,63,89,21.6,17.98,3.5,0.3953,-0.9185,22.6,22.0,22.0,station
2026-06-09,19.0,18.3,19.1,20.2,,18.8,18.1,18.7,19.2,18.9,19.15,0.79,0.41,64,57,17.7,25.25,0.7,0.3795,-0.9252,19.0,19.0,19.0,station
2026-06-10,17.2,17.7,18.8,18.3,18.5,18.4,17.9,19.1,18.7,18.3,18.1,0.64,-0.38,70,78,15.0,23.27,5.5,0.3635,-0.9316,17.7,19.0,19.0,station
2026-06-11,17.5,18.2,20.8,18.2,19.0,18.1,18.0,20.6,18.5,20.9,18.74,1.27,-0.48,68,76,18.4,16.27,0.0,0.3474,-0.9377,18.3,19.0,19.0,station
2026-06-12,21.9,23.8,26.1,24.8,25.8,22.2,24.4,25.9,23.8,26.8,24.48,1.7,-0.14,69,81,19.8,14.1,0.5,0.3312,-0.9436,24.7,26.0,26.0,station
2026-06-13,24.9,25.9,26.7,25.7,26.3,23.8,25.3,26.5,24.6,25.5,25.9,0.68,0.76,60,43,16.6,28.93,0.0,0.3149,-0.9491,27.0,27.0,27.0,station
2026-06-14,24.3,25.1,25.1,25.2,26.4,24.7,24.6,24.6,23.5,27.0,25.22,0.75,0.34,50,24,11.4,29.79,0.0,0.2986,-0.9544,25.1,25.0,25.0,station
2026-06-15,28.1,28.5,29.1,29.6,29.7,26.7,26.6,25.5,26.6,30.0,29.0,0.69,1.92,52,57,11.3,26.86,1.6,0.2821,-0.9594,28.7,27.0,27.0,station
2026-06-16,27.4,28.1,28.9,26.8,29.1,27.1,28.5,28.3,27.9,28.8,28.06,0.98,-0.06,57,64,12.5,25.41,1.2,0.2656,-0.9641,26.2,28.0,28.0,station
2026-06-17,29.7,31.9,32.0,32.1,31.3,30.7,32.0,32.5,31.0,31.4,31.4,1.0,-0.12,52,23,9.7,28.43,0.0,0.2489,-0.9685,32.3,32.0,32.0,station
2026-06-18,33.3,34.3,37.2,36.3,35.2,35.0,35.1,36.3,34.0,34.7,35.26,1.55,0.24,62,35,15.1,26.11,4.8,0.2322,-0.9727,36.2,36.0,36.0,station
2026-06-19,34.8,34.9,36.9,37.2,36.2,34.4,34.6,37.5,36.3,34.4,36.0,1.11,0.56,56,35,21.0,25.52,0.1,0.2155,-0.9765,34.2,36.0,36.0,station
2026-06-20,33.3,31.9,35.2,35.6,34.0,31.9,32.2,35.4,32.3,31.5,34.0,1.49,1.34,65,42,13.8,25.11,1.4,0.1986,-0.9801,31.4,35.0,35.0,station
2026-06-21,34.8,36.0,34.9,37.0,34.7,34.1,35.5,37.5,36.2,35.0,35.48,1.0,-0.18,61,26,15.5,28.35,1.8,0.1818,-0.9833,36.1,36.0,36.0,station
2026-06-22,35.6,36.8,38.6,38.6,36.8,36.0,37.6,36.1,38.2,37.6,37.28,1.3,0.18,57,26,14.8,27.09,0.0,0.1648,-0.9863,35.3,37.0,37.0,station
2026-06-23,35.8,36.0,40.2,39.1,36.7,36.2,37.2,41.0,38.7,37.1,37.56,1.98,-0.48,55,40,16.4,26.5,0.3,0.1478,-0.989,34.5,35.0,35.0,station
2026-06-24,38.7,39.1,40.9,39.9,38.0,37.6,38.6,40.9,39.7,39.2,39.32,1.12,0.12,41,30,11.3,27.13,0.2,0.1308,-0.9914,40.1,41.0,41.0,station
2026-06-25,37.9,39.7,39.7,40.5,38.3,37.6,39.5,40.8,39.4,37.2,39.22,1.08,0.32,38,54,16.5,26.6,0.0,0.1137,-0.9935,39.2,40.0,40.0,station
2026-06-26,36.2,37.1,39.1,38.4,35.6,37.2,36.6,39.2,36.7,35.0,37.28,1.47,0.34,42,39,17.3,26.02,0.6,0.0966,-0.9953,36.2,37.0,37.0,station
2026-06-27,35.6,34.4,38.0,37.3,34.9,38.7,35.1,38.4,37.1,37.0,36.04,1.55,-1.22,52,35,18.2,26.76,5.2,0.0795,-0.9968,35.4,37.0,37.0,station
2026-06-28,31.8,28.9,33.9,30.4,28.7,31.7,29.0,35.1,30.7,29.6,30.74,2.17,-0.48,72,42,15.1,22.29,2.3,0.0623,-0.9981,29.3,31.0,31.0,station
2026-06-29,26.1,26.2,29.4,27.5,26.4,27.0,26.2,29.3,27.4,26.2,27.12,1.39,-0.1,59,52,14.6,24.57,1.9,0.0451,-0.999,26.5,28.0,28.0,station
2026-06-30,27.4,26.9,30.2,27.1,28.2,27.2,28.0,31.4,27.2,27.7,27.96,1.35,-0.34,58,49,15.2,23.81,0.1,0.028,-0.9996,27.0,29.0,29.0,station
2026-07-01,24.0,24.4,29.9,26.8,26.4,24.7,25.1,29.8,25.7,27.0,26.3,2.35,-0.16,56,48,15.1,17.38,0.0,0.0108,-0.9999,24.0,25.0,25.0,station
2026-07-02,23.7,23.7,26.6,23.9,25.7,23.0,24.0,28.3,23.9,27.5,24.72,1.35,-0.62,66,36,20.2,18.12,0.1,-0.0065,-1.0,24.9,26.0,26.0,station
2026-07-03,27.1,27.9,28.8,28.1,24.8,27.4,27.4,28.7,27.9,26.3,27.34,1.54,-0.2,58,28,14.5,29.15,0.0,-0.0237,-0.9997,27.6,28.0,28.0,station
2026-07-04,28.5,29.1,31.9,30.0,29.8,28.7,29.1,31.9,29.3,28.6,29.86,1.29,0.34,46,0,16.2,30.03,0.0,-0.0408,-0.9992,29.6,30.0,30.0,station
2026-07-05,28.3,28.6,31.6,29.6,31.0,29.0,29.5,31.3,29.5,30.4,29.82,1.45,-0.12,60,36,13.5,28.34,0.0,-0.058,-0.9983,28.7,29.0,29.0,station
2026-07-06,32.4,33.1,34.7,34.0,31.5,32.4,33.2,34.3,33.1,33.1,33.14,1.27,-0.08,47,63,11.9,28.65,0.0,-0.0752,-0.9972,33.2,34.0,34.0,station
2026-07-07,32.6,33.6,35.0,34.2,33.3,32.8,33.2,36.3,33.8,32.4,33.74,0.91,0.04,33,72,17.4,25.11,0.0,-0.0923,-0.9957,33.0,33.0,33.0,station
2026-07-08,33.7,33.5,36.2,33.4,34.1,32.6,33.4,35.4,33.2,33.9,34.18,1.16,0.48,39,18,15.6,27.68,0.0,-0.1094,-0.994,34.0,33.0,33.0,station
2026-07-09,31.9,32.3,35.4,33.4,32.9,32.0,32.1,35.2,34.0,33.8,33.18,1.37,-0.24,47,1,14.2,28.84,0.0,-0.1265,-0.992,32.3,33.0,33.0,station
2026-07-10,33.2,34.1,36.5,34.8,34.4,33.4,33.8,36.5,35.3,34.2,34.6,1.21,-0.04,43,53,16.9,26.41,0.2,-0.1436,-0.9896,33.2,35.0,35.0,station
2026-07-11,34.2,35.4,37.1,35.7,35.1,34.3,35.2,37.3,36.0,35.0,35.5,1.06,-0.06,36,22,16.0,29.08,0.0,-0.1606,-0.987,34.6,35.0,35.0,station
2026-07-12,34.5,35.3,37.0,36.1,34.8,34.3,35.7,36.7,36.7,34.5,35.54,1.02,-0.04,36,47,18.5,28.89,0.0,-0.1775,-0.9841,34.4,35.0,35.0,station
2026-07-13,33.3,33.4,35.8,33.2,33.1,33.9,33.2,36.6,35.0,33.6,33.76,1.15,-0.7,37,67,18.7,24.8,0.0,-0.1944,-0.9809,34.1,35.0,35.0,station
2026-07-14,34.5,33.8,35.8,34.8,34.3,34.7,33.5,37.1,35.2,35.1,34.64,0.74,-0.48,47,68,16.3,25.29,0.7,-0.2113,-0.9774,33.6,34.0,34.0,station
2026-07-15,30.8,31.3,32.4,31.5,31.3,30.2,31.7,34.8,33.0,30.8,31.46,0.59,-0.64,38,75,14.1,25.47,0.0,-0.2281,-0.9736,31.7,31.0,31.0,station
2026-07-16,33.1,31.5,35.4,32.6,32.4,33.2,31.4,35.5,30.9,30.7,33.0,1.46,0.66,46,58,13.4,25.23,9.2,-0.2448,-0.9696,32.4,33.0,33.0,station
2026-07-17,28.9,27.3,30.6,29.7,28.2,26.1,27.0,29.7,27.7,29.3,28.94,1.28,0.98,80,73,15.1,20.72,8.2,-0.2614,-0.9652,24.1,26.0,26.0,station
2026-07-18,26.6,27.6,31.5,29.2,28.4,29.2,28.1,31.6,29.8,30.3,28.66,1.86,-1.14,64,18,17.0,26.38,0.7,-0.278,-0.9606,27.1,29.0,29.0,station
2026-07-19,23.1,23.7,26.3,24.4,24.2,23.1,23.7,26.0,24.0,23.7,24.34,1.21,0.24,59,54,16.0,25.56,0.0,-0.2945,-0.9557,23.1,24.0,24.0,station
2026-07-20,22.7,23.7,25.3,24.2,23.3,22.7,23.4,26.6,24.4,24.1,23.84,0.98,-0.4,54,46,16.3,24.42,0.0,-0.3109,-0.9505,23.1,24.0,24.0,station
2026-07-21,24.9,25.8,28.1,25.1,25.6,25.1,25.7,27.9,25.3,25.9,25.9,1.28,-0.08,52,5,13.7,28.5,0.0,-0.3272,-0.945,24.8,26.0,26.0,station
2026-07-22,25.5,25.5,28.3,25.9,26.6,25.7,26.3,28.6,25.9,28.3,26.36,1.17,-0.6,57,34,16.9,26.25,0.0,-0.3434,-0.9392,24.6,25.0,25.0,station
2026-07-23,24.7,24.8,27.4,25.3,25.2,24.7,24.7,27.0,25.6,25.9,25.48,1.1,-0.1,55,40,14.6,22.35,0.0,-0.3595,-0.9332,23.8,25.0,25.0,station
2026-07-24,26.8,27.3,30.3,27.2,26.9,27.9,27.2,30.2,28.2,27.9,27.7,1.47,-0.58,53,51,13.7,25.75,0.0,-0.3755,-0.9268,27.2,28.0,28.0,station
2026-07-25,29.2,29.7,32.7,30.5,29.9,29.3,29.1,34.0,29.3,28.8,30.4,1.37,0.3,50,17,17.6,27.19,0.0,-0.3914,-0.9202,30.1,30.0,30.0,station
2026-07-26,24.7,24.2,23.0,25.7,26.1,24.8,23.8,24.5,26.1,25.7,24.74,1.23,-0.24,62,48,23.4,12.19,0.1,-0.4071,-0.9134,24.7,26.0,26.0,station
2026-07-27,26.6,26.1,29.6,26.4,26.6,26.7,26.4,29.8,27.5,27.8,27.06,1.43,-0.58,57,24,15.4,20.73,0.0,-0.4228,-0.9062,26.5,27.0,27.0,station
2026-07-28,30.4,31.9,33.6,31.6,30.4,30.3,31.1,35.6,31.1,31.0,31.58,1.32,-0.24,50,0,9.1,27.06,0.0,-0.4383,-0.8988,31.5,,,
