datum,p1_ifs,p1_aifs,p1_gfs,p1_icon,p1_gem,p2_ifs,p2_aifs,p2_gfs,p2_icon,p2_gem,mm_gem,mm_spreiding,run2run,rh_gem,bewolking_gem,wind_max,instraling_som,neerslag_som,doy_sin,doy_cos,era5_max,station_max,doel,doelbron
2023-11-01,,,26.3,,,,,27.0,,,,,,75,42,22.0,15.88,0.0,-0.8606,0.5093,27.5,29.0,29.0,station
2023-11-02,,,30.3,,,,,29.8,,,,,,78,32,15.7,17.42,0.0,-0.8517,0.524,29.6,32.0,32.0,station
2023-11-03,,,31.2,,,,,31.7,,,,,,78,9,9.8,17.01,0.2,-0.8426,0.5386,29.9,32.0,32.0,station
2023-11-04,,,31.7,,,,,31.5,,,,,,76,6,9.7,17.61,0.0,-0.8332,0.553,30.7,32.0,32.0,station
2023-11-05,,,32.6,,,,,32.5,,,,,,77,13,7.6,17.44,0.0,-0.8235,0.5672,31.1,33.0,33.0,station
2023-11-06,,,31.6,,,,,31.9,,,,,,76,48,16.1,16.61,1.3,-0.8137,0.5813,31.6,33.0,33.0,station
2023-11-07,,,24.1,,,,,23.7,,,,,,63,61,22.3,14.81,0.1,-0.8035,0.5952,24.4,26.0,26.0,station
2023-11-08,,,28.4,,,,,27.4,,,,,,66,39,21.5,16.96,0.0,-0.7932,0.609,28.5,31.0,31.0,station
2023-11-09,,,30.8,,,,,31.1,,,,,,71,45,18.3,16.61,0.0,-0.7826,0.6225,31.1,31.0,31.0,station
2023-11-10,,,30.8,,,,,28.7,,,,,,80,70,15.5,14.18,2.5,-0.7718,0.6359,30.2,31.0,31.0,station
2023-11-11,,,23.5,,,,,23.7,,,,,,84,98,17.7,6.49,1.1,-0.7607,0.6491,23.8,25.0,25.0,station
2023-11-12,,,21.4,,,,,21.5,,,,,,83,98,21.7,5.98,1.9,-0.7494,0.6621,22.8,23.0,23.0,station
2023-11-13,,,18.9,,,,,19.6,,,,,,74,99,22.0,5.09,1.3,-0.7379,0.6749,18.7,18.0,18.0,station
2023-11-14,,,19.2,,,,,19.6,,,,,,80,100,17.1,4.3,1.1,-0.7262,0.6875,20.3,20.0,20.0,station
2023-11-15,,,20.8,,,,,20.9,,,,,,78,75,24.7,7.91,0.0,-0.7143,0.6998,23.1,24.0,24.0,station
2023-11-16,,,24.4,,,,,22.6,,,,,,86,79,20.6,6.56,4.9,-0.7021,0.712,23.5,27.0,27.0,station
2023-11-17,,,19.3,,,,,19.2,,,,,,66,89,12.5,15.7,0.1,-0.6898,0.724,19.4,21.0,21.0,station
2023-11-18,,,18.9,,,,,18.9,,,,,,70,71,17.6,15.91,0.0,-0.6772,0.7358,19.9,21.0,21.0,station
2023-11-19,,,22.5,,,,,22.4,,,,,,72,29,16.2,14.86,0.0,-0.6645,0.7473,23.2,24.0,24.0,station
2023-11-20,,,24.1,,,,,23.9,,,,,,66,15,22.4,14.72,0.0,-0.6515,0.7586,24.2,25.0,25.0,station
2023-11-21,,,24.8,,,,,24.5,,,,,,71,17,21.0,14.08,0.0,-0.6384,0.7697,25.2,27.0,27.0,station
2023-11-22,,,27.0,,,,,27.3,,,,,,72,12,16.0,16.36,0.0,-0.625,0.7806,27.0,29.0,29.0,station
2023-11-23,,,27.5,,,,,27.2,,,,,,76,27,16.3,15.96,0.0,-0.6115,0.7912,27.0,29.0,29.0,station
2023-11-24,,,21.0,,,,,21.0,,,,,,69,65,28.3,6.22,0.0,-0.5978,0.8016,21.3,22.0,22.0,station
2023-11-25,,,22.5,,,,,21.9,,,,,,76,69,26.5,8.85,0.7,-0.584,0.8118,21.6,22.0,22.0,station
2023-11-26,,,20.8,,,,,21.4,,,,,,80,86,20.3,6.52,0.2,-0.5699,0.8217,21.6,21.0,21.0,station
2023-11-27,,,24.3,,,,,23.8,,,,,,79,39,13.3,12.66,0.0,-0.5557,0.8314,24.4,25.0,25.0,station
2023-11-28,,,23.8,,,,,23.4,,,,,,65,3,27.5,16.48,0.0,-0.5413,0.8408,24.1,26.0,26.0,station
2023-11-29,,,27.8,,,,,27.5,,,,,,59,78,20.5,10.89,0.0,-0.5268,0.85,28.5,27.0,27.0,station
2023-11-30,,,22.1,,,,,22.6,,,,,,80,98,25.5,5.05,2.5,-0.5121,0.859,22.4,22.0,22.0,station
2023-12-01,,,18.6,,,,,18.4,,,,,,84,100,21.3,3.55,10.0,-0.4972,0.8676,17.9,18.0,18.0,station
2023-12-02,,,17.9,,,,,18.0,,,,,,80,99,23.1,5.34,2.5,-0.4822,0.8761,19.7,21.0,21.0,station
2023-12-03,,,19.0,,,,,18.7,,,,,,88,99,18.2,4.86,5.7,-0.4671,0.8842,19.8,22.0,22.0,station
2023-12-04,,,20.0,,,,,19.7,,,,,,93,100,11.5,4.38,28.2,-0.4518,0.8921,21.3,20.0,20.0,station
2023-12-05,,,18.9,,,,,20.5,,,,,,87,100,10.0,3.5,1.1,-0.4364,0.8998,19.9,20.0,20.0,station
2023-12-06,,,18.3,,,,,18.8,,,,,,91,98,9.2,2.74,4.7,-0.4208,0.9071,19.4,20.0,20.0,station
2023-12-07,,,21.6,,,,,21.8,,,,,,76,36,20.6,15.06,0.0,-0.4052,0.9142,21.6,24.0,24.0,station
2023-12-08,,,25.6,,,,,24.8,,,,,,75,12,11.6,14.92,0.0,-0.3894,0.9211,25.8,28.0,28.0,station
2023-12-09,,,27.3,,,,,27.8,,,,,,84,20,7.4,13.72,0.0,-0.3735,0.9276,26.4,29.0,29.0,station
2023-12-10,,,28.5,,,,,27.2,,,,,,83,33,8.0,12.65,0.0,-0.3575,0.9339,28.8,31.0,31.0,station
2023-12-11,,,29.9,,,,,29.5,,,,,,84,13,8.5,13.88,0.0,-0.3413,0.9399,29.1,31.0,31.0,station
2023-12-12,,,22.9,,,,,24.3,,,,,,87,97,16.2,4.19,2.8,-0.3251,0.9457,22.0,25.0,25.0,station
2023-12-13,,,22.8,,,,,22.1,,,,,,84,62,24.1,8.8,0.0,-0.3088,0.9511,23.1,24.0,24.0,station
2023-12-14,,,28.1,,,,,28.7,,,,,,86,11,7.4,13.99,0.0,-0.2924,0.9563,27.8,30.0,30.0,station
2023-12-15,,,28.8,,,,,28.8,,,,,,85,46,8.9,13.83,0.0,-0.2759,0.9612,27.0,31.0,31.0,station
2023-12-16,,,21.8,,,,,21.9,,,,,,82,97,20.5,3.67,3.1,-0.2593,0.9658,20.5,23.0,23.0,station
2023-12-17,,,15.1,,,,,15.1,,,,,,78,99,25.0,4.66,1.3,-0.2427,0.9701,15.0,15.0,15.0,station
2023-12-18,,,23.3,,,,,22.5,,,,,,83,54,24.6,11.08,0.4,-0.226,0.9741,22.9,23.0,23.0,station
2023-12-19,,,19.1,,,,,20.2,,,,,,86,89,12.6,4.64,0.9,-0.2092,0.9779,20.0,21.0,21.0,station
2023-12-20,,,16.0,,,,,15.9,,,,,,83,100,14.3,2.88,3.0,-0.1923,0.9813,16.3,17.0,17.0,station
2023-12-21,,,13.4,,,,,13.2,,,,,,80,100,21.9,3.12,2.9,-0.1754,0.9845,13.4,14.0,14.0,station
2023-12-22,,,11.6,,,,,11.9,,,,,,70,99,22.6,6.2,0.3,-0.1585,0.9874,11.7,12.0,12.0,station
2023-12-23,,,15.4,,,,,14.8,,,,,,77,98,21.3,4.72,1.0,-0.1414,0.9899,16.9,17.0,17.0,station
2023-12-24,,,15.3,,,,,15.7,,,,,,80,100,18.2,4.02,1.7,-0.1244,0.9922,15.7,15.0,15.0,station
2023-12-25,,,14.7,,,,,14.7,,,,,,63,79,21.9,9.0,0.0,-0.1073,0.9942,14.9,17.0,17.0,station
2023-12-26,,,20.8,,,,,21.3,,,,,,66,22,22.3,15.13,0.0,-0.0902,0.9959,21.3,24.0,24.0,station
2023-12-27,,,25.1,,,,,24.2,,,,,,76,64,13.1,12.02,0.2,-0.073,0.9973,25.3,26.0,26.0,station
2023-12-28,,,23.9,,,,,25.0,,,,,,94,99,7.4,2.19,8.2,-0.0559,0.9984,20.2,21.0,21.0,station
2023-12-29,,,19.4,,,,,22.4,,,,,,87,86,16.6,6.5,0.0,-0.0387,0.9993,20.7,21.0,21.0,station
2023-12-30,,,,,,,,,,,,,,88,82,7.6,10.67,0.0,-0.0215,0.9998,23.9,25.0,25.0,station
2023-12-31,,,,,,,,,,,,,,80,89,22.1,9.72,0.0,-0.0043,1.0,22.3,,,
2024-01-01,,,,,,,,,,,,,,66,57,21.3,8.9,0.0,0.0172,0.9999,18.2,19.0,19.0,station
2024-01-02,,,,,,,,,,,,,,74,2,20.1,14.84,0.0,0.0344,0.9994,23.1,24.0,24.0,station
2024-01-03,,,,,,,,,,,,,,81,72,14.8,3.09,1.3,0.0516,0.9987,16.7,17.0,17.0,station
2024-01-04,,,,,,,,,,,,,,65,23,20.5,14.37,0.0,0.0688,0.9976,19.5,18.0,18.0,station
2024-01-05,,,,,,,,,,,,,,79,14,8.8,14.71,0.0,0.0859,0.9963,21.8,23.0,23.0,station
2024-01-06,,,,,,,,,,,,,,83,60,12.3,13.06,0.0,0.103,0.9947,22.4,24.0,24.0,station
2024-01-07,,,,,,,,,,,,,,70,53,18.7,11.16,0.0,0.1201,0.9928,18.4,19.0,19.0,station
2024-01-08,,,,,,,,,,,,,,75,48,24.5,12.11,0.0,0.1372,0.9905,21.4,22.0,22.0,station
2024-01-09,,,,,,,,,,,,,,86,61,11.7,12.01,3.9,0.1542,0.988,22.5,22.0,22.0,station
2024-01-10,,,,,,,,,,,,,,80,65,17.9,7.69,2.2,0.1712,0.9852,18.1,19.0,19.0,station
2024-01-11,,,,,,,,,,,,,,70,7,17.4,16.23,0.0,0.1881,0.9821,16.8,19.0,19.0,station
2024-01-12,,,,,,,,,,,,,,77,2,14.2,16.0,0.0,0.205,0.9788,21.0,23.0,23.0,station
2024-01-13,,,,,,,,,,,,,,70,2,22.0,16.28,0.0,0.2218,0.9751,21.4,24.0,24.0,station
2024-01-14,,,,,,,,,,,,,,67,5,14.9,15.7,0.0,0.2385,0.9711,24.8,27.0,27.0,station
2024-01-15,,,,,,,,,,,,,,81,59,21.9,8.57,1.3,0.2552,0.9669,20.0,20.0,20.0,station
2024-01-16,,,,,,,,,,,,,,74,82,24.4,7.98,0.0,0.2718,0.9624,19.5,20.0,20.0,station
2024-01-17,,,,,,,,,,,,,,72,8,19.0,15.89,0.0,0.2883,0.9575,24.5,25.0,25.0,station
2024-01-18,,,,,,,,,,,,,,79,22,7.3,14.34,0.0,0.3047,0.9524,24.6,27.0,27.0,station
2024-01-19,,,,,,,,,,,,,,87,55,17.5,11.81,0.4,0.3211,0.9471,24.2,26.0,26.0,station
2024-01-20,,,21.2,22.3,25.6,,,,,,,,,87,83,14.2,9.52,0.9,0.3373,0.9414,24.2,24.0,24.0,station
2024-01-21,,,16.7,17.5,16.1,,,17.1,18.0,17.0,,,,80,100,14.8,5.47,3.7,0.3534,0.9355,16.5,17.0,17.0,station
2024-01-22,,,13.7,15.5,13.2,,,14.3,15.8,13.3,,,,80,100,19.1,3.41,2.9,0.3695,0.9292,15.1,16.0,16.0,station
2024-01-23,,,9.4,9.7,9.2,,,9.6,10.5,9.1,,,,79,100,17.4,3.64,11.5,0.3854,0.9227,9.3,10.0,10.0,station
2024-01-24,,,11.0,11.5,10.7,,,10.6,11.0,10.5,,,,69,99,19.0,7.11,0.1,0.4012,0.916,11.7,12.0,12.0,station
2024-01-25,,,12.9,14.0,12.9,,,13.5,13.2,12.9,,,,76,100,12.5,4.02,0.2,0.4169,0.9089,14.2,12.0,12.0,station
2024-01-26,,,14.0,14.9,14.3,,,15.1,15.6,14.9,,,,75,100,14.3,7.12,0.0,0.4325,0.9016,15.2,15.0,15.0,station
2024-01-27,,,15.7,14.5,15.2,,,15.4,15.4,15.0,,,,78,100,11.6,4.0,1.1,0.4479,0.8941,15.1,14.0,14.0,station
2024-01-28,,,14.1,14.5,14.1,,,13.7,14.2,13.8,,,,77,100,19.4,6.65,3.1,0.4633,0.8862,14.7,15.0,15.0,station
2024-01-29,,,22.1,19.4,20.7,,,21.7,22.9,21.0,,,,84,69,16.2,10.56,6.7,0.4784,0.8781,22.8,25.0,25.0,station
2024-01-30,,,23.3,23.5,23.5,,,22.8,23.1,23.9,,,,89,67,8.4,6.53,0.1,0.4935,0.8698,20.6,23.0,23.0,station
2024-01-31,,,26.3,26.9,24.7,,,27.2,26.3,25.1,,,,86,28,7.6,13.08,0.0,0.5084,0.8611,25.0,27.0,27.0,station
2024-02-01,,,26.6,26.7,25.4,,,27.7,27.1,24.9,,,,81,40,6.8,16.19,0.0,0.5231,0.8523,27.7,31.0,31.0,station
2024-02-02,,,20.8,19.9,19.4,,,21.7,21.9,23.2,,,,88,99,13.0,4.78,0.1,0.5377,0.8432,21.0,22.0,22.0,station
2024-02-03,,,22.4,24.5,23.8,,,22.4,23.3,23.3,,,,85,80,11.6,11.6,0.0,0.5521,0.8338,24.5,26.0,26.0,station
2024-02-04,25.3,,22.7,26.0,24.3,,,25.6,28.8,26.3,24.57,1.43,,85,85,18.9,9.65,1.1,0.5664,0.8242,23.1,24.0,24.0,station
2024-02-05,18.1,,18.4,18.9,17.5,20.2,,19.5,18.4,17.6,18.23,0.59,-0.7,86,97,21.0,5.98,6.7,0.5805,0.8143,18.4,18.0,18.0,station
2024-02-06,18.4,,17.2,18.8,17.7,19.7,,21.0,19.9,17.9,18.02,0.71,-1.6,80,99,20.4,7.22,0.1,0.5944,0.8042,19.3,18.0,18.0,station
2024-02-07,17.1,,16.5,17.6,17.4,19.0,,17.1,18.8,18.6,17.15,0.48,-1.23,85,100,13.7,5.13,6.0,0.6081,0.7938,18.4,19.0,19.0,station
2024-02-08,14.6,,14.5,14.6,13.6,15.5,,14.7,15.1,15.0,14.32,0.49,-0.75,85,100,13.0,3.95,12.6,0.6217,0.7833,14.9,16.0,16.0,station
2024-02-09,12.9,,12.8,12.9,12.1,14.1,,13.7,13.7,12.4,12.68,0.39,-0.8,82,100,12.0,4.28,9.8,0.6351,0.7725,12.9,13.0,13.0,station
2024-02-10,16.7,,16.1,15.8,14.9,17.0,,14.9,15.3,14.9,15.88,0.75,0.35,67,66,15.5,13.14,0.0,0.6483,0.7614,16.0,17.0,17.0,station
2024-02-11,19.8,,20.0,19.8,18.9,20.0,,19.5,19.0,18.6,19.62,0.49,0.35,72,0,17.9,19.92,0.0,0.6613,0.7502,19.1,22.0,22.0,station
2024-02-12,21.0,,21.0,22.5,20.9,20.5,,20.5,21.5,20.8,21.35,0.77,0.53,64,1,23.5,19.73,0.0,0.6741,0.7387,20.5,24.0,24.0,station
2024-02-13,22.9,,23.5,22.1,22.5,22.9,,24.2,22.7,22.6,22.75,0.6,-0.35,68,23,9.6,18.96,0.0,0.6867,0.727,23.0,25.0,25.0,station
2024-02-14,25.2,,26.4,26.1,25.4,24.6,,26.0,25.6,24.8,25.77,0.57,0.52,62,1,7.6,19.66,0.0,0.6991,0.715,25.1,28.0,28.0,station
2024-02-15,25.4,,26.8,26.5,27.2,25.6,,26.9,27.0,27.0,26.48,0.77,-0.15,72,23,16.9,19.1,0.4,0.7113,0.7029,25.9,28.0,28.0,station
2024-02-16,17.7,,16.9,17.7,15.9,16.8,,16.6,19.1,15.1,17.05,0.85,0.15,80,93,14.4,7.18,0.1,0.7233,0.6906,17.4,17.0,17.0,station
2024-02-17,24.0,,26.5,24.0,25.4,24.6,,26.7,24.7,25.0,24.98,1.21,-0.27,85,34,7.5,14.64,0.0,0.735,0.678,24.3,24.0,24.0,station
2024-02-18,24.9,,27.9,26.0,25.3,25.1,,28.0,26.1,25.5,26.02,1.33,-0.15,82,88,8.9,14.78,0.0,0.7466,0.6653,25.7,29.0,29.0,station
2024-02-19,27.8,,30.0,28.2,27.7,27.8,,29.8,27.3,29.2,28.43,1.07,-0.1,77,81,12.0,16.96,0.0,0.7579,0.6523,28.8,32.0,32.0,station
2024-02-20,28.0,,29.8,29.4,29.0,28.0,,30.0,27.9,28.2,29.05,0.77,0.53,81,47,9.9,16.54,0.0,0.769,0.6392,28.8,31.0,31.0,station
2024-02-21,28.5,,27.6,26.8,27.4,28.3,,30.8,29.3,27.5,27.57,0.7,-1.4,81,45,9.4,16.67,0.0,0.7799,0.6259,29.2,30.0,30.0,station
2024-02-22,21.9,,22.9,22.1,20.8,23.2,,23.3,23.6,20.0,21.93,0.87,-0.6,85,81,19.5,7.91,0.7,0.7906,0.6124,24.1,24.0,24.0,station
2024-02-23,18.1,,16.5,18.0,15.8,18.2,,17.6,18.0,15.7,17.1,1.13,-0.27,79,100,17.6,6.69,0.0,0.801,0.5987,17.0,18.0,18.0,station
2024-02-24,18.9,,16.8,19.3,18.6,20.2,,18.3,21.7,18.4,18.4,1.1,-1.25,79,98,21.3,8.33,0.0,0.8112,0.5848,18.3,19.0,19.0,station
2024-02-25,15.4,,15.2,15.8,14.7,16.3,,16.0,16.9,15.1,15.28,0.46,-0.8,80,100,20.9,5.32,1.5,0.8211,0.5708,15.9,16.0,16.0,station
2024-02-26,14.8,,14.8,15.1,14.5,15.0,,15.4,17.4,14.2,14.8,0.24,-0.7,78,100,17.4,6.67,0.9,0.8308,0.5566,15.8,14.0,14.0,station
2024-02-27,15.4,,15.4,15.1,14.3,16.5,,16.3,16.1,14.4,15.05,0.52,-0.78,83,100,12.0,4.45,4.0,0.8402,0.5422,15.6,15.0,15.0,station
2024-02-28,23.3,,23.2,22.0,22.0,23.7,,24.9,23.2,21.0,22.62,0.72,-0.57,81,100,17.0,10.82,0.0,0.8495,0.5277,22.6,25.0,25.0,station
2024-02-29,24.3,,24.3,22.5,21.1,23.9,,23.1,24.3,21.4,23.05,1.55,-0.12,82,80,13.3,15.59,0.7,0.8584,0.513,26.0,27.0,27.0,station
2024-03-01,15.5,,15.9,15.4,12.9,15.9,,16.3,17.1,13.6,14.93,1.37,-0.8,83,100,14.2,5.17,24.6,0.8671,0.4981,14.4,15.0,15.0,station
2024-03-02,13.6,,13.4,14.1,12.4,14.3,,14.1,13.8,14.0,13.38,0.71,-0.68,85,100,13.6,4.02,7.1,0.8755,0.4831,13.3,12.0,12.0,station
2024-03-03,19.4,,20.8,18.2,17.0,20.3,,23.1,19.8,19.5,18.85,1.63,-1.82,83,79,20.8,7.45,0.1,0.8837,0.468,18.4,16.0,16.0,station
2024-03-04,23.0,,27.5,21.0,22.9,23.7,,27.1,22.2,22.9,23.6,2.76,-0.38,85,45,11.8,19.71,0.0,0.8916,0.4527,24.4,24.0,24.0,station
2024-03-05,28.7,,31.0,26.9,28.7,28.5,,30.4,27.4,29.0,28.82,1.68,0.0,78,34,18.6,20.51,0.0,0.8993,0.4373,30.2,31.0,31.0,station
2024-03-06,23.1,,23.0,22.6,22.9,22.8,,23.2,22.8,23.5,22.9,0.22,-0.18,81,86,23.1,5.18,7.4,0.9067,0.4218,24.4,27.0,27.0,station
2024-03-07,16.2,,14.9,16.0,14.0,14.9,,16.3,15.9,14.6,15.28,1.02,-0.15,83,100,13.4,6.11,10.0,0.9138,0.4061,16.8,15.0,15.0,station
2024-03-08,17.0,,16.9,17.3,16.4,17.2,,16.9,16.4,15.7,16.9,0.37,0.35,68,55,17.4,16.6,2.5,0.9207,0.3904,16.2,17.0,17.0,station
2024-03-09,17.4,,17.6,17.5,17.1,18.1,,17.3,17.4,17.0,17.4,0.22,-0.05,66,54,18.0,7.04,0.1,0.9272,0.3745,14.6,16.0,16.0,station
2024-03-10,20.6,,19.5,19.7,20.4,21.2,,18.2,21.4,19.4,20.05,0.53,0.0,70,90,23.8,11.83,0.0,0.9335,0.3585,20.2,20.0,20.0,station
2024-03-11,21.4,,23.5,17.9,20.0,20.4,,20.5,18.1,19.4,20.7,2.36,1.1,90,96,11.3,6.34,18.1,0.9396,0.3424,19.2,20.0,20.0,station
2024-03-12,21.4,,23.3,22.5,19.7,21.9,,22.6,23.3,19.9,21.73,1.56,-0.2,71,27,13.2,23.08,0.1,0.9453,0.3261,21.1,24.0,24.0,station
2024-03-13,20.6,,20.1,22.1,20.7,20.6,,20.9,22.0,20.5,20.88,0.86,-0.12,62,49,25.4,19.23,0.0,0.9508,0.3098,21.0,22.0,22.0,station
2024-03-14,23.9,,24.9,23.8,23.4,24.6,,22.6,24.4,24.2,24.0,0.64,0.05,73,59,10.8,11.07,0.0,0.956,0.2934,22.7,26.0,26.0,station
2024-03-15,25.7,21.1,26.8,20.8,25.8,25.3,,27.2,26.1,25.7,24.04,2.86,-2.04,86,75,7.8,5.17,0.5,0.9609,0.2769,20.8,22.0,22.0,station
2024-03-16,24.7,22.0,25.9,21.9,27.1,20.9,20.4,27.0,23.2,27.1,24.32,2.32,0.6,86,54,6.2,11.01,0.0,0.9655,0.2604,25.0,26.0,26.0,station
2024-03-17,26.6,23.1,27.8,27.0,27.3,26.0,23.3,28.0,27.3,27.9,26.36,1.87,-0.14,85,59,13.3,18.77,0.7,0.9698,0.2437,26.9,29.0,29.0,station
2024-03-18,21.3,18.7,20.8,20.6,23.7,22.0,18.2,20.0,21.2,22.0,21.02,1.79,0.34,80,89,22.0,9.81,0.0,0.9739,0.227,19.7,20.0,20.0,station
2024-03-19,18.2,15.5,18.1,17.7,18.2,18.7,15.1,17.6,18.3,17.3,17.54,1.16,0.14,81,73,12.4,10.34,4.2,0.9777,0.2102,17.6,18.0,18.0,station
2024-03-20,18.5,16.3,19.2,19.1,18.4,18.4,16.2,19.6,18.8,18.0,18.3,1.17,0.1,67,21,22.9,21.13,0.0,0.9811,0.1934,18.3,20.0,20.0,station
2024-03-21,22.3,19.7,22.5,23.2,21.9,22.3,19.7,22.3,23.4,20.4,21.92,1.33,0.3,60,44,23.0,22.47,0.0,0.9843,0.1765,21.7,25.0,25.0,station
2024-03-22,24.7,22.7,26.8,25.5,25.7,25.3,22.5,27.0,25.9,25.4,25.08,1.53,-0.14,71,68,11.3,17.79,0.0,0.9872,0.1595,26.5,28.0,28.0,station
2024-03-23,29.5,25.4,30.0,30.4,28.5,28.9,25.2,30.1,30.1,27.7,28.76,2.01,0.36,80,91,13.8,18.61,2.9,0.9898,0.1425,29.6,32.0,32.0,station
2024-03-24,30.8,27.6,32.8,30.7,29.8,30.4,27.3,32.4,31.1,30.0,30.34,1.88,0.1,81,90,12.3,19.57,1.5,0.9921,0.1255,30.3,32.0,32.0,station
2024-03-25,29.8,28.0,33.2,30.5,29.9,29.6,28.5,33.4,30.8,30.0,30.28,1.88,-0.18,80,44,14.8,19.11,1.3,0.9941,0.1084,31.4,32.0,32.0,station
2024-03-26,23.2,22.0,25.7,23.6,22.0,23.3,21.5,26.4,27.1,23.3,23.3,1.52,-1.02,82,75,22.3,10.24,1.5,0.9958,0.0913,23.1,25.0,25.0,station
2024-03-27,27.2,22.3,27.5,27.7,26.4,26.2,22.7,26.6,26.7,27.2,26.22,2.25,0.34,73,86,23.8,17.56,0.0,0.9972,0.0741,26.5,23.0,23.0,station
2024-03-28,28.8,25.6,32.1,29.5,27.5,28.5,25.1,29.6,28.5,27.9,28.7,2.41,0.78,80,84,24.6,16.0,0.6,0.9984,0.057,28.4,31.0,31.0,station
2024-03-29,27.1,24.1,27.5,28.4,26.9,26.7,24.0,28.7,29.1,24.4,26.8,1.62,0.22,80,98,14.8,16.19,0.4,0.9992,0.0398,26.5,28.0,28.0,station
2024-03-30,27.9,24.0,31.2,29.7,28.6,26.7,25.3,32.0,28.7,28.7,28.28,2.7,0.0,81,78,10.6,12.3,3.6,0.9997,0.0226,29.1,30.0,30.0,station
2024-03-31,28.0,25.4,32.4,31.2,29.6,30.9,23.9,28.7,31.6,29.6,29.32,2.75,0.38,74,97,25.4,13.36,0.6,1.0,0.0054,29.2,30.0,30.0,station
2024-04-01,27.5,23.8,27.9,27.1,25.9,26.2,24.4,28.6,26.4,25.3,26.44,1.65,0.26,76,97,20.2,19.07,19.5,0.9999,-0.0118,27.5,29.0,29.0,station
2024-04-02,30.9,27.7,33.0,30.6,30.5,30.9,27.7,31.8,30.7,29.7,30.54,1.89,0.38,79,28,12.7,20.4,0.0,0.9996,-0.029,31.4,34.0,34.0,station
2024-04-03,31.4,28.7,35.3,33.2,30.7,31.6,29.1,35.0,33.0,31.0,31.86,2.51,-0.08,76,34,18.4,21.77,0.0,0.9989,-0.0462,32.4,34.0,34.0,station
2024-04-04,30.9,25.6,29.0,29.6,29.7,30.1,25.3,26.7,28.5,29.7,28.96,2.0,0.9,81,82,9.7,13.29,2.0,0.998,-0.0634,29.0,31.0,31.0,station
2024-04-05,21.9,20.7,22.2,22.2,22.6,21.9,20.8,23.3,23.3,22.8,21.92,0.73,-0.5,83,100,17.9,7.51,0.9,0.9968,-0.0805,22.3,22.0,22.0,station
2024-04-06,26.5,22.7,27.6,27.8,27.7,25.8,21.2,26.7,26.6,26.9,26.46,2.17,1.02,86,95,16.8,11.34,8.9,0.9952,-0.0977,26.5,26.0,26.0,station
2024-04-07,26.3,22.1,25.7,23.0,24.6,28.6,21.8,23.8,25.9,29.6,24.34,1.77,-1.6,88,84,15.0,10.78,6.5,0.9934,-0.1148,25.3,25.0,25.0,station
2024-04-08,25.5,21.8,25.2,23.5,23.0,25.4,21.6,26.0,24.2,24.6,23.8,1.55,-0.56,87,90,15.6,14.88,15.3,0.9913,-0.1319,26.1,24.0,24.0,station
2024-04-09,20.1,17.9,19.4,19.6,18.8,21.0,18.2,19.5,20.2,20.0,19.16,0.84,-0.62,83,89,17.6,6.81,9.6,0.9889,-0.1489,19.4,19.0,19.0,station
2024-04-10,25.8,21.5,23.7,23.7,21.8,25.8,22.0,24.4,23.4,24.2,23.3,1.74,-0.66,76,58,23.9,18.01,0.0,0.9861,-0.1659,25.6,23.0,23.0,station
2024-04-11,29.0,25.9,31.8,28.5,28.5,29.3,25.6,31.6,30.2,28.9,28.74,2.1,-0.38,80,39,7.6,22.02,0.0,0.9831,-0.1828,29.7,30.0,30.0,station
2024-04-12,28.7,26.8,30.4,29.8,28.7,28.8,26.1,31.1,29.6,28.5,28.88,1.37,0.06,84,80,14.1,19.42,3.5,0.9799,-0.1997,30.0,30.0,30.0,station
2024-04-13,29.5,26.3,27.6,30.2,30.1,29.9,26.4,27.9,30.7,30.2,28.74,1.72,-0.28,83,39,16.1,20.48,4.1,0.9763,-0.2165,30.1,30.0,30.0,station
2024-04-14,29.5,27.4,31.6,29.6,30.4,29.1,27.7,30.0,29.7,30.8,29.7,1.54,0.24,82,44,17.4,17.88,0.0,0.9724,-0.2333,30.0,30.0,30.0,station
2024-04-15,31.7,28.0,34.4,31.1,29.9,31.2,28.8,34.2,31.0,30.2,31.02,2.36,-0.06,80,56,14.1,22.44,1.0,0.9683,-0.25,32.2,34.0,34.0,station
2024-04-16,30.0,27.1,33.9,30.1,30.4,30.7,28.4,33.5,30.3,30.2,30.3,2.42,-0.32,81,76,16.7,19.8,0.8,0.9638,-0.2666,31.6,32.0,32.0,station
2024-04-17,31.9,28.0,34.3,31.2,30.3,30.5,27.9,32.7,31.2,31.2,31.14,2.3,0.44,74,68,21.2,22.64,0.0,0.9591,-0.2831,31.8,32.0,32.0,station
2024-04-18,25.0,23.6,26.5,25.5,23.3,26.3,23.3,26.4,26.2,23.3,24.78,1.33,-0.32,78,87,20.8,13.79,2.9,0.9541,-0.2996,24.5,26.0,26.0,station
2024-04-19,29.7,25.6,27.7,29.4,27.6,28.7,25.5,27.5,29.6,25.6,28.0,1.65,0.62,73,84,15.2,18.59,0.0,0.9488,-0.316,29.3,30.0,30.0,station
2024-04-20,30.6,27.5,33.1,32.1,29.8,31.7,27.4,33.5,31.2,31.2,30.62,2.16,-0.38,78,78,18.2,19.39,0.8,0.9432,-0.3322,30.7,33.0,33.0,station
2024-04-21,31.6,28.2,33.7,32.7,30.9,31.8,27.6,32.6,33.1,31.2,31.42,2.09,0.16,78,90,14.3,18.7,0.4,0.9373,-0.3484,31.6,32.0,32.0,station
2024-04-22,29.3,25.3,31.9,31.2,29.7,31.2,26.1,31.7,32.4,31.4,29.48,2.57,-1.08,87,93,15.5,10.79,2.6,0.9312,-0.3645,28.1,29.0,29.0,station
2024-04-23,29.1,25.3,31.4,27.0,25.6,28.0,25.1,31.5,26.2,25.0,27.68,2.56,0.52,82,87,14.6,15.93,8.6,0.9248,-0.3804,30.1,30.0,30.0,station
2024-04-24,23.8,21.8,25.1,24.6,23.3,24.5,21.3,25.2,24.3,22.8,23.72,1.28,0.1,90,98,19.6,6.78,27.6,0.9181,-0.3963,23.2,25.0,25.0,station
2024-04-25,27.2,23.8,27.6,27.4,24.6,27.4,23.6,27.6,28.9,26.3,26.12,1.78,-0.64,86,100,14.9,9.17,13.0,0.9112,-0.412,27.5,29.0,29.0,station
2024-04-26,26.4,22.6,27.6,26.0,24.2,26.4,22.8,25.1,29.0,24.1,25.36,1.97,-0.12,93,90,8.1,7.92,12.1,0.9039,-0.4276,26.0,28.0,28.0,station
2024-04-27,28.9,25.6,31.4,27.0,25.8,30.0,25.6,29.9,27.4,25.5,27.74,2.43,0.06,88,88,12.7,15.02,1.1,0.8965,-0.4431,27.2,30.0,30.0,station
2024-04-28,29.5,25.6,32.1,28.8,29.2,30.2,26.1,31.6,30.4,29.5,29.04,2.32,-0.52,87,77,18.9,11.32,4.3,0.8887,-0.4585,28.5,34.0,34.0,station
2024-04-29,31.5,29.7,34.9,31.1,30.8,31.4,29.4,34.4,31.8,31.3,31.6,1.96,-0.06,80,45,19.4,25.44,0.1,0.8807,-0.4737,31.8,36.0,36.0,station
2024-04-30,30.9,27.8,32.6,32.5,32.0,31.1,27.7,31.4,31.5,32.4,31.16,2.0,0.34,84,96,28.3,16.96,2.6,0.8724,-0.4888,30.2,34.0,34.0,station
2024-05-01,25.6,22.0,24.9,24.8,22.8,25.8,22.6,24.5,25.9,24.5,24.02,1.54,-0.64,86,100,10.5,8.17,13.7,0.8639,-0.5037,25.1,27.0,27.0,station
2024-05-02,24.7,21.8,21.9,25.0,22.6,24.4,22.2,21.9,25.0,25.9,23.2,1.54,-0.68,86,86,17.1,11.31,5.9,0.8551,-0.5185,23.8,24.0,24.0,station
2024-05-03,27.0,24.8,27.0,26.7,26.1,26.7,23.5,25.7,28.2,26.1,26.32,0.93,0.28,81,74,19.6,14.13,0.0,0.846,-0.5331,26.1,26.0,26.0,station
2024-05-04,30.4,27.1,31.8,32.9,30.5,31.3,27.7,30.9,32.0,29.1,30.54,2.18,0.34,83,63,14.4,21.55,8.5,0.8367,-0.5476,30.1,33.0,33.0,station
2024-05-05,29.0,25.3,27.7,31.2,28.1,30.8,25.9,31.6,30.8,29.6,28.26,2.14,-1.48,87,64,10.8,17.78,1.2,0.8272,-0.5619,29.5,33.0,33.0,station
2024-05-06,28.2,27.6,31.3,29.2,25.5,28.0,27.4,31.8,30.0,26.5,28.36,2.13,-0.38,87,68,17.9,21.82,2.4,0.8174,-0.5761,28.4,31.0,31.0,station
2024-05-07,27.8,26.4,28.6,29.0,27.4,28.0,26.0,29.4,29.5,27.7,27.84,1.02,-0.28,79,81,20.6,18.4,0.0,0.8074,-0.59,27.9,30.0,30.0,station
2024-05-08,27.0,25.2,29.0,28.4,27.2,26.7,26.0,26.4,28.9,26.8,27.36,1.47,0.4,76,73,23.0,19.52,0.5,0.7971,-0.6038,27.7,29.0,29.0,station
2024-05-09,25.6,23.7,26.1,25.9,25.4,25.9,23.8,26.0,25.8,25.5,25.34,0.96,-0.06,66,96,23.4,25.35,0.0,0.7866,-0.6175,24.6,26.0,26.0,station
2024-05-10,30.3,27.4,30.2,32.6,29.9,29.1,26.9,29.5,30.4,28.9,30.08,1.85,1.12,65,80,19.2,24.05,0.0,0.7759,-0.6309,29.6,33.0,33.0,station
2024-05-11,27.5,26.3,31.6,31.3,29.0,29.7,26.3,31.7,30.8,29.6,29.14,2.32,-0.48,75,94,8.1,18.38,0.0,0.7649,-0.6442,30.2,34.0,34.0,station
2024-05-12,30.2,27.0,31.8,31.5,29.8,30.0,26.1,30.9,30.8,30.2,30.06,1.91,0.46,80,95,16.0,19.31,32.2,0.7537,-0.6572,31.0,33.0,33.0,station
2024-05-13,23.2,21.4,22.8,24.7,22.1,22.2,20.4,23.4,23.0,22.1,22.84,1.25,0.62,75,100,17.7,11.57,2.8,0.7423,-0.6701,23.2,22.0,22.0,station
2024-05-14,26.5,22.5,24.4,24.9,22.8,25.0,23.2,25.9,25.9,23.5,24.22,1.63,-0.48,76,66,15.9,16.82,0.7,0.7306,-0.6828,24.5,23.0,23.0,station
2024-05-15,27.1,25.2,28.3,27.3,28.4,27.3,25.5,28.6,27.4,26.3,27.26,1.29,0.24,80,44,13.7,27.59,0.0,0.7188,-0.6952,26.1,28.0,28.0,station
2024-05-16,25.7,23.2,25.6,25.7,26.0,26.5,24.3,25.7,26.4,26.4,25.24,1.15,-0.62,70,65,22.7,25.48,0.0,0.7067,-0.7075,24.9,26.0,26.0,station
2024-05-17,29.2,25.7,30.5,30.2,28.0,29.4,25.7,30.7,30.8,28.3,28.72,1.95,-0.26,70,62,12.7,23.26,0.9,0.6945,-0.7195,29.7,31.0,31.0,station
2024-05-18,31.3,27.0,31.9,30.5,30.8,30.0,26.6,30.1,29.5,31.0,30.3,1.92,0.86,80,79,19.9,24.47,3.7,0.682,-0.7314,29.2,32.0,32.0,station
2024-05-19,29.9,26.4,30.0,30.5,30.9,29.9,25.9,29.5,28.7,31.1,29.54,1.8,0.52,76,93,19.5,22.29,5.3,0.6693,-0.743,30.6,33.0,33.0,station
2024-05-20,31.3,26.1,30.1,32.1,29.7,29.1,25.3,24.9,29.3,28.3,29.86,2.31,2.48,82,100,22.8,12.73,0.7,0.6564,-0.7544,29.5,29.0,29.0,station
2024-05-21,27.5,24.9,25.8,28.0,25.9,26.9,25.2,28.0,29.0,27.8,26.42,1.29,-0.96,93,100,12.6,5.66,15.9,0.6433,-0.7656,26.3,30.0,30.0,station
2024-05-22,28.1,23.2,27.7,27.9,27.3,25.9,23.7,23.9,28.5,25.1,26.84,2.06,1.42,90,100,11.6,12.91,6.4,0.6301,-0.7765,28.4,28.0,28.0,station
2024-05-23,26.6,24.5,24.6,26.7,24.5,26.2,23.7,27.9,27.7,25.1,25.38,1.16,-0.74,89,99,9.2,9.1,1.5,0.6166,-0.7873,27.5,27.0,27.0,station
2024-05-24,28.2,25.3,26.5,27.3,25.6,26.4,24.7,28.3,28.4,27.3,26.58,1.2,-0.44,88,99,11.9,14.57,2.7,0.603,-0.7978,28.8,29.0,29.0,station
2024-05-25,28.4,26.1,27.4,30.4,28.2,28.0,26.7,31.0,30.1,29.5,28.1,1.57,-0.96,87,97,16.2,13.53,3.1,0.5892,-0.808,29.7,31.0,31.0,station
2024-05-26,29.3,27.2,34.0,30.2,29.9,29.7,27.7,32.5,32.4,30.4,30.12,2.47,-0.42,85,78,13.8,19.45,9.1,0.5752,-0.818,30.1,33.0,33.0,station
2024-05-27,30.4,27.2,33.3,30.8,29.1,30.3,27.2,33.0,31.2,28.9,30.16,2.25,0.04,88,71,11.2,17.14,13.9,0.561,-0.8278,30.3,34.0,34.0,station
2024-05-28,25.3,24.2,25.6,26.7,25.3,28.6,24.1,26.1,28.1,25.8,25.42,0.89,-1.12,82,97,15.5,7.74,44.7,0.5467,-0.8373,26.7,27.0,27.0,station
2024-05-29,26.3,24.7,28.5,25.2,24.7,27.3,24.9,28.1,26.3,24.5,25.88,1.6,-0.34,74,69,20.5,10.95,0.0,0.5322,-0.8466,26.1,26.0,26.0,station
2024-05-30,31.9,28.2,34.0,32.8,31.5,32.0,28.3,32.8,30.7,30.1,31.68,2.17,0.9,85,53,12.2,19.18,15.7,0.5176,-0.8556,31.4,34.0,34.0,station
2024-05-31,31.2,28.3,34.0,32.1,29.2,30.7,28.2,31.8,33.4,30.9,30.96,2.28,-0.04,87,65,12.3,18.66,13.5,0.5028,-0.8644,32.2,34.0,34.0,station
2024-06-01,28.1,26.5,30.4,30.8,27.1,29.4,26.5,28.5,29.9,28.3,28.58,1.94,0.06,91,100,13.0,10.9,7.8,0.4878,-0.8729,28.8,33.0,33.0,station
2024-06-02,26.3,24.0,24.4,26.5,24.9,27.7,24.6,25.0,26.2,25.9,25.22,1.13,-0.66,94,100,17.4,4.66,63.7,0.4728,-0.8812,25.9,25.0,25.0,station
2024-06-03,26.1,22.4,23.5,25.1,23.1,25.6,22.2,25.2,24.2,22.4,24.04,1.52,0.12,77,95,14.5,17.62,1.2,0.4575,-0.8892,25.7,26.0,26.0,station
2024-06-04,28.0,24.6,25.6,27.1,25.5,28.7,24.4,24.3,26.6,25.2,26.16,1.36,0.32,74,100,20.0,9.14,0.1,0.4422,-0.8969,26.5,27.0,27.0,station
2024-06-05,28.4,23.8,24.8,24.5,25.0,26.5,23.2,25.2,24.9,24.7,25.3,1.79,0.4,86,100,11.8,7.21,20.5,0.4267,-0.9044,25.7,26.0,26.0,station
2024-06-06,27.1,23.5,23.8,25.1,24.7,27.9,23.3,23.9,26.1,24.3,24.84,1.42,-0.26,91,99,11.2,8.86,2.5,0.4111,-0.9116,25.7,24.0,24.0,station
2024-06-07,29.3,26.4,31.2,29.1,27.0,29.5,26.0,27.4,29.3,28.5,28.6,1.93,0.46,88,84,8.2,14.57,1.5,0.3953,-0.9185,28.7,31.0,31.0,station
2024-06-08,30.1,27.3,31.9,29.5,28.4,29.2,27.3,31.6,30.3,27.9,29.44,1.74,0.18,87,69,7.7,17.74,0.4,0.3795,-0.9252,29.9,32.0,32.0,station
2024-06-09,29.3,27.3,30.9,30.8,29.1,29.7,27.6,31.1,30.0,29.9,29.48,1.47,-0.18,88,64,16.2,19.32,39.6,0.3635,-0.9316,29.8,32.0,32.0,station
2024-06-10,29.5,28.1,32.3,32.1,29.8,29.6,28.0,29.9,32.4,29.6,30.36,1.8,0.46,86,97,19.3,15.54,2.9,0.3474,-0.9377,30.5,34.0,34.0,station
2024-06-11,32.3,29.4,34.4,34.0,31.3,31.7,29.6,29.5,33.3,30.4,32.28,2.04,1.38,79,89,27.5,22.97,1.1,0.3312,-0.9436,32.1,36.0,36.0,station
2024-06-12,33.0,30.1,36.2,35.0,31.6,33.5,30.2,34.9,35.3,31.9,33.18,2.47,0.02,72,79,26.3,22.33,0.3,0.3149,-0.9491,32.4,36.0,36.0,station
2024-06-13,32.8,29.5,31.9,35.9,31.8,33.8,29.7,32.4,34.8,30.1,32.38,2.31,0.22,78,100,24.3,16.44,1.1,0.2986,-0.9544,31.9,37.0,37.0,station
2024-06-14,30.2,27.5,36.1,34.9,30.7,31.9,29.0,35.6,35.6,32.2,31.88,3.55,-0.98,82,98,22.3,18.5,2.3,0.2821,-0.9594,32.0,34.0,34.0,station
2024-06-15,32.5,30.5,35.8,34.2,32.2,31.0,29.6,35.7,33.9,32.2,33.04,2.03,0.56,78,99,23.4,18.57,0.0,0.2656,-0.9641,32.0,35.0,35.0,station
2024-06-16,31.6,29.4,32.1,34.3,29.2,32.1,30.3,30.6,34.2,29.9,31.32,2.11,-0.1,84,100,11.2,17.7,0.7,0.2489,-0.9685,33.2,34.0,34.0,station
2024-06-17,28.9,29.1,29.9,32.0,30.5,31.7,30.1,34.1,33.4,30.3,30.08,1.25,-1.84,84,99,10.2,13.13,1.5,0.2322,-0.9727,31.0,34.0,34.0,station
2024-06-18,30.0,27.7,28.9,31.4,29.8,30.5,27.7,27.5,31.9,31.0,29.56,1.37,-0.16,85,98,6.2,7.95,2.4,0.2155,-0.9765,28.8,32.0,32.0,station
2024-06-19,31.7,29.2,33.6,32.9,30.5,31.2,28.9,32.0,32.8,30.9,31.58,1.78,0.42,86,84,12.6,20.54,16.1,0.1986,-0.9801,31.7,34.0,34.0,station
2024-06-20,32.8,30.5,36.2,34.4,31.3,31.8,30.5,35.5,33.9,30.7,33.04,2.31,0.56,84,90,11.8,23.91,1.6,0.1818,-0.9833,32.1,36.0,36.0,station
2024-06-21,33.4,30.6,37.2,34.9,31.2,31.9,30.4,34.9,34.0,31.5,33.46,2.71,0.92,81,68,9.4,23.9,2.0,0.1648,-0.9863,33.2,36.0,36.0,station
2024-06-22,33.5,31.3,37.3,35.1,31.6,34.0,31.3,37.1,34.9,32.3,33.76,2.51,-0.16,83,92,11.4,23.4,1.7,0.1478,-0.989,33.6,36.0,36.0,station
2024-06-23,33.2,31.1,36.9,36.0,31.8,32.6,31.5,36.2,34.7,31.8,33.8,2.55,0.44,80,85,12.0,23.07,2.9,0.1308,-0.9914,34.0,36.0,36.0,station
2024-06-24,32.3,30.4,36.8,35.4,32.6,32.7,30.8,37.3,35.5,32.2,33.5,2.57,-0.2,80,48,10.7,24.03,1.9,0.1137,-0.9935,33.7,36.0,36.0,station
2024-06-25,32.3,29.9,35.3,33.5,32.7,32.3,29.9,35.2,33.2,32.0,32.74,1.96,0.22,81,91,10.0,22.62,2.4,0.0966,-0.9953,33.4,36.0,36.0,station
2024-06-26,33.0,30.1,35.4,34.8,32.8,33.3,30.2,33.4,35.0,33.2,33.22,2.07,0.2,81,72,5.9,22.1,1.3,0.0795,-0.9968,33.3,35.0,35.0,station
2024-06-27,33.9,31.5,36.0,35.8,33.8,32.4,31.0,35.5,35.1,33.4,34.2,1.83,0.72,76,40,8.3,26.91,0.0,0.0623,-0.9981,33.6,35.0,35.0,station
2024-06-28,32.2,30.5,35.6,33.5,32.9,32.7,30.4,33.4,34.3,34.2,32.94,1.86,-0.06,81,75,8.0,21.91,5.8,0.0451,-0.999,33.3,37.0,37.0,station
2024-06-29,33.5,30.3,35.4,34.3,32.1,33.1,30.3,32.8,34.6,32.5,33.12,1.98,0.46,79,83,9.1,23.83,5.2,0.028,-0.9996,33.8,35.0,35.0,station
2024-06-30,32.3,30.3,35.6,35.6,31.7,32.1,30.8,35.5,35.7,32.1,33.1,2.39,-0.14,76,92,12.2,24.17,3.8,0.0108,-0.9999,33.8,36.0,36.0,station
2024-07-01,34.4,30.6,34.4,36.2,32.2,34.4,30.9,37.1,36.2,32.5,33.56,2.18,-0.66,77,86,9.6,24.81,2.6,-0.0065,-1.0,34.9,36.0,36.0,station
2024-07-02,34.4,30.8,34.5,34.6,32.9,33.5,30.8,36.4,34.6,32.2,33.44,1.63,-0.06,80,65,8.9,22.68,1.3,-0.0237,-0.9997,33.8,36.0,36.0,station
2024-07-03,33.4,31.1,37.0,34.0,32.7,33.4,31.0,36.4,33.6,32.8,33.64,2.17,0.2,77,28,5.5,24.83,0.7,-0.0408,-0.9992,33.5,36.0,36.0,station
2024-07-04,33.7,31.7,36.6,35.5,33.5,34.0,31.8,37.0,34.8,33.3,34.2,1.9,0.02,79,12,13.3,24.09,0.7,-0.058,-0.9983,34.7,37.0,37.0,station
2024-07-05,36.1,32.1,36.9,37.0,33.5,36.1,32.4,36.9,36.6,34.6,35.12,2.2,-0.2,75,14,11.5,26.56,0.4,-0.0752,-0.9972,35.1,37.0,37.0,station
2024-07-06,35.0,31.6,35.0,36.2,31.2,34.8,31.6,34.7,36.8,33.5,33.8,2.25,-0.48,78,17,8.7,23.71,5.6,-0.0923,-0.9957,34.7,37.0,37.0,station
2024-07-07,34.1,30.4,35.6,34.4,32.1,33.6,31.0,34.8,36.9,31.9,33.32,2.06,-0.32,77,12,13.8,24.36,1.9,-0.1094,-0.994,33.9,37.0,37.0,station
2024-07-08,32.2,29.2,34.4,34.0,31.7,33.9,29.9,36.2,35.0,31.6,32.3,2.08,-1.02,82,20,18.4,21.71,2.8,-0.1265,-0.992,32.6,36.0,36.0,station
2024-07-09,33.5,30.4,36.0,34.2,32.5,33.3,30.3,36.2,34.0,32.5,33.32,2.07,0.06,77,17,13.2,25.51,1.2,-0.1436,-0.9896,34.2,36.0,36.0,station
2024-07-10,33.6,29.9,36.2,35.2,33.8,33.6,30.4,36.6,35.1,32.7,33.74,2.4,0.06,80,45,14.7,22.75,8.6,-0.1606,-0.987,33.5,35.0,35.0,station
2024-07-11,34.0,30.1,37.0,35.6,32.4,33.2,30.6,36.7,36.4,32.3,33.82,2.7,-0.02,77,79,18.0,24.22,4.3,-0.1775,-0.9841,33.6,35.0,35.0,station
2024-07-12,34.1,31.4,37.7,36.8,34.8,34.6,31.6,37.5,36.4,33.1,34.96,2.47,0.32,72,98,15.6,24.9,1.0,-0.1944,-0.9809,34.5,36.0,36.0,station
2024-07-13,35.4,30.6,36.7,34.9,33.8,34.9,31.4,36.2,34.1,33.4,34.28,2.31,0.28,76,52,11.3,23.99,0.4,-0.2113,-0.9774,35.3,36.0,36.0,station
2024-07-14,36.9,32.2,35.8,37.1,33.0,35.8,32.2,35.0,37.4,34.1,35.0,2.26,0.1,73,40,14.8,25.69,0.5,-0.2281,-0.9736,35.1,36.0,36.0,station
2024-07-15,36.3,32.4,35.6,37.4,35.8,36.5,32.4,36.6,37.6,34.7,35.5,1.87,-0.06,71,79,22.1,26.13,0.1,-0.2448,-0.9696,35.7,36.0,36.0,station
2024-07-16,35.6,32.5,37.3,36.7,35.6,36.6,32.3,37.2,38.3,35.8,35.54,1.85,-0.5,70,40,7.9,25.68,2.1,-0.2614,-0.9652,35.3,37.0,37.0,station
2024-07-17,36.2,32.0,38.2,34.8,34.7,35.9,31.9,37.8,35.3,35.6,35.18,2.27,-0.12,69,13,7.1,24.98,0.2,-0.278,-0.9606,35.3,36.0,36.0,station
2024-07-18,35.4,31.4,37.4,35.0,33.9,35.7,31.5,37.3,35.8,33.8,34.62,2.2,-0.2,72,24,10.4,23.35,1.2,-0.2945,-0.9557,35.4,36.0,36.0,station
2024-07-19,35.5,32.0,38.2,34.9,33.1,34.4,32.0,36.4,34.3,34.3,34.74,2.39,0.46,76,14,13.0,25.02,2.0,-0.3109,-0.9505,36.0,36.0,36.0,station
2024-07-20,36.2,31.9,38.6,36.1,35.4,36.7,32.3,38.8,36.3,34.1,35.64,2.42,0.0,74,51,8.8,22.92,2.3,-0.3272,-0.945,34.7,37.0,37.0,station
2024-07-21,36.1,32.3,38.0,37.9,35.4,36.8,32.6,38.0,37.1,35.8,35.94,2.33,-0.12,73,59,23.8,23.65,0.3,-0.3434,-0.9392,35.3,36.0,36.0,station
2024-07-22,36.8,32.6,37.2,37.5,35.4,36.7,32.0,38.0,37.5,35.7,35.9,2.01,-0.08,69,26,23.8,27.13,0.0,-0.3595,-0.9332,35.6,37.0,37.0,station
2024-07-23,33.8,29.4,36.5,33.7,34.9,32.2,30.0,36.1,34.5,31.8,33.66,2.63,0.74,76,68,25.3,20.54,4.3,-0.3755,-0.9268,33.5,33.0,33.0,station
2024-07-24,27.6,26.5,27.8,29.4,27.5,27.8,26.4,28.4,29.2,28.0,27.76,1.05,-0.2,92,100,36.4,4.31,75.3,-0.3914,-0.9202,28.1,30.0,30.0,station
2024-07-25,28.0,26.7,27.3,30.7,27.9,28.8,26.6,28.9,29.0,28.2,28.12,1.53,-0.18,93,100,30.9,2.72,83.5,-0.4071,-0.9134,27.8,29.0,29.0,station
2024-07-26,29.8,27.3,31.2,32.1,31.2,31.9,28.2,31.1,34.1,30.1,30.32,1.88,-0.76,94,100,7.1,6.0,15.8,-0.4228,-0.9062,28.6,30.0,30.0,station
2024-07-27,32.2,28.3,30.7,33.5,31.1,31.2,28.5,30.7,34.2,32.9,31.16,1.93,-0.34,89,100,7.2,8.25,5.9,-0.4383,-0.8988,29.2,32.0,32.0,station
2024-07-28,33.0,31.0,35.2,35.2,32.6,32.8,30.5,33.7,34.9,32.7,33.4,1.81,0.48,81,25,22.2,25.7,0.0,-0.4537,-0.8912,32.6,34.0,34.0,station
2024-07-29,32.1,29.4,34.2,34.7,32.0,32.7,30.3,34.2,34.5,32.8,32.48,2.11,-0.42,82,57,21.0,23.16,0.7,-0.469,-0.8832,31.4,34.0,34.0,station
2024-07-30,31.4,29.9,35.1,33.9,33.2,31.7,29.8,34.4,35.4,31.7,32.7,2.06,0.1,84,46,8.7,19.32,1.8,-0.4841,-0.875,31.3,33.0,33.0,station
2024-07-31,32.1,29.6,33.2,34.3,32.3,32.1,29.8,32.5,33.5,31.5,32.3,1.74,0.42,83,49,9.2,22.21,4.1,-0.4991,-0.8666,32.8,35.0,35.0,station
2024-08-01,31.8,30.8,36.8,35.1,31.7,32.9,31.1,36.2,34.8,32.0,33.24,2.58,-0.16,80,16,15.9,25.1,0.8,-0.5139,-0.8578,33.0,36.0,36.0,station
2024-08-02,33.7,31.2,37.5,35.8,34.1,34.0,31.5,37.6,35.7,33.5,34.46,2.36,0.0,78,1,16.3,26.91,0.0,-0.5286,-0.8489,33.7,36.0,36.0,station
2024-08-03,34.8,32.3,37.9,36.1,35.3,34.9,31.8,37.6,35.1,35.3,35.28,2.04,0.34,76,3,12.3,26.64,0.0,-0.5431,-0.8397,35.2,38.0,38.0,station
2024-08-04,34.4,32.0,37.0,35.2,35.3,34.1,32.0,36.6,34.6,34.7,34.78,1.82,0.38,78,14,10.0,25.68,0.1,-0.5575,-0.8302,34.5,37.0,37.0,station
2024-08-05,33.5,31.0,36.1,33.8,33.8,33.5,31.3,35.7,33.7,34.0,33.64,1.81,0.0,80,19,9.2,24.8,0.8,-0.5717,-0.8205,33.5,36.0,36.0,station
2024-08-06,33.1,30.4,34.5,34.1,34.0,32.8,29.3,35.5,33.4,34.4,33.22,1.66,0.14,82,84,9.5,21.83,8.9,-0.5857,-0.8105,32.9,34.0,34.0,station
2024-08-07,32.2,29.1,35.3,32.7,32.0,31.1,29.3,34.6,32.1,33.9,32.26,2.21,0.06,87,100,10.0,16.39,6.5,-0.5996,-0.8003,32.1,35.0,35.0,station
2024-08-08,31.5,29.1,35.7,33.8,33.0,32.3,28.8,36.2,34.0,33.5,32.62,2.48,-0.34,86,80,13.0,21.1,18.0,-0.6132,-0.7899,31.3,32.0,32.0,station
2024-08-09,32.9,29.6,36.9,34.5,34.1,32.1,29.8,37.8,34.0,33.8,33.6,2.67,0.1,87,54,12.9,20.38,13.0,-0.6267,-0.7792,31.9,35.0,35.0,station
2024-08-10,31.4,29.4,36.8,34.0,32.1,32.4,29.3,35.9,34.6,32.2,32.74,2.8,-0.14,83,46,6.9,20.64,8.7,-0.64,-0.7683,32.4,34.0,34.0,station
2024-08-11,32.9,30.4,37.0,35.0,32.7,32.5,30.4,36.9,35.3,32.3,33.6,2.5,0.12,80,50,10.8,22.27,0.4,-0.6532,-0.7572,32.6,36.0,36.0,station
2024-08-12,32.9,30.1,35.2,34.9,33.0,32.9,30.4,36.0,35.3,32.8,33.22,2.04,-0.26,79,42,9.8,22.21,1.2,-0.6661,-0.7459,33.6,37.0,37.0,station
2024-08-13,33.2,29.4,33.1,34.0,32.6,32.9,29.2,32.9,34.0,32.7,32.46,1.78,0.12,81,91,9.8,20.83,10.2,-0.6788,-0.7343,33.0,37.0,37.0,station
2024-08-14,32.9,28.3,32.0,32.6,31.8,31.3,27.8,33.8,32.0,31.5,31.52,1.85,0.24,89,98,10.7,13.72,11.6,-0.6914,-0.7225,31.8,35.0,35.0,station
2024-08-15,29.3,27.5,30.5,30.9,30.1,30.6,27.8,35.1,30.5,32.4,29.66,1.34,-1.62,88,95,7.1,14.72,35.2,-0.7037,-0.7105,30.7,32.0,32.0,station
2024-08-16,30.4,28.2,32.3,32.0,30.3,30.9,28.9,34.4,31.9,31.2,30.64,1.64,-0.82,87,100,12.5,16.06,6.3,-0.7158,-0.6983,30.9,34.0,34.0,station
2024-08-17,29.6,28.1,31.5,30.6,30.2,29.8,28.1,32.3,31.2,29.8,30.0,1.27,-0.24,90,100,17.2,16.11,19.0,-0.7277,-0.6859,30.4,32.0,32.0,station
2024-08-18,30.0,28.8,33.5,31.6,29.9,29.6,28.5,35.2,32.0,30.3,30.76,1.83,-0.36,87,87,19.8,16.31,9.3,-0.7394,-0.6733,29.6,33.0,33.0,station
2024-08-19,31.8,28.0,33.5,32.5,32.2,31.6,28.2,34.3,33.4,32.3,31.6,2.11,-0.36,84,100,7.2,17.13,3.6,-0.7509,-0.6605,32.6,34.0,34.0,station
2024-08-20,31.9,29.0,31.4,33.5,30.4,31.0,28.8,32.2,33.7,29.0,31.24,1.68,0.3,88,98,13.1,17.08,13.1,-0.7621,-0.6474,31.8,35.0,35.0,station
2024-08-21,32.6,30.0,35.3,34.6,32.7,33.3,30.2,32.9,35.4,32.5,33.04,2.07,0.18,82,61,15.2,23.85,1.5,-0.7731,-0.6342,33.3,36.0,36.0,station
2024-08-22,33.3,30.7,37.3,34.9,32.6,31.9,30.7,35.6,34.5,32.6,33.76,2.49,0.7,76,47,13.5,24.59,0.1,-0.7839,-0.6208,33.8,37.0,37.0,station
2024-08-23,32.8,30.1,35.7,34.4,32.4,32.2,30.3,35.3,34.2,33.4,33.08,2.12,0.0,79,25,11.6,23.12,2.9,-0.7945,-0.6073,32.6,37.0,37.0,station
2024-08-24,32.4,30.0,35.9,33.6,32.2,33.0,30.1,35.6,33.7,33.2,32.82,2.16,-0.3,83,32,10.4,21.57,3.7,-0.8048,-0.5935,33.1,34.0,34.0,station
2024-08-25,31.4,29.3,34.5,32.3,31.6,31.9,29.6,34.9,32.8,31.8,31.82,1.87,-0.38,85,47,7.9,22.29,1.5,-0.8149,-0.5796,31.7,34.0,34.0,station
2024-08-26,31.8,29.7,33.7,31.3,31.9,32.1,30.0,33.0,32.6,30.6,31.68,1.43,0.02,84,66,12.4,22.54,1.0,-0.8248,-0.5655,31.3,35.0,35.0,station
2024-08-27,33.9,31.5,36.2,35.6,34.4,33.3,31.9,35.9,35.4,33.5,34.32,1.82,0.32,78,28,16.3,25.86,0.0,-0.8344,-0.5512,33.3,36.0,36.0,station
2024-08-28,34.8,31.0,37.3,36.6,35.3,35.4,31.4,37.4,35.5,34.6,35.0,2.45,0.14,78,52,11.0,23.31,1.0,-0.8437,-0.5368,34.4,36.0,36.0,station
2024-08-29,32.0,29.5,34.0,33.7,31.2,32.4,29.8,32.6,33.0,30.7,32.08,1.85,0.38,85,66,6.0,18.35,4.0,-0.8528,-0.5222,33.0,36.0,36.0,station
2024-08-30,33.0,31.0,33.9,34.2,32.0,32.5,31.0,33.0,34.3,33.2,32.82,1.33,0.02,84,39,9.2,20.88,2.5,-0.8617,-0.5074,32.5,36.0,36.0,station
2024-08-31,34.2,31.7,35.9,35.5,33.6,34.1,31.8,35.5,35.4,33.1,34.18,1.67,0.2,80,40,13.9,23.29,0.2,-0.8703,-0.4925,33.9,37.0,37.0,station
2024-09-01,35.3,32.2,36.9,36.0,35.7,33.7,32.1,36.5,36.3,35.4,35.22,1.79,0.42,77,26,15.6,24.57,0.0,-0.8786,-0.4775,34.8,37.0,37.0,station
2024-09-02,36.3,32.1,37.2,35.5,36.1,35.6,31.7,37.1,35.8,35.7,35.44,1.96,0.26,74,7,18.4,24.69,0.0,-0.8867,-0.4623,35.3,38.0,38.0,station
2024-09-03,34.0,30.4,34.7,33.8,34.2,33.7,30.3,34.7,33.8,34.4,33.42,1.72,0.04,73,20,26.6,22.21,0.0,-0.8945,-0.447,33.4,33.0,33.0,station
2024-09-04,34.6,31.1,34.8,34.8,35.1,34.4,30.9,35.0,35.2,34.1,34.08,1.68,0.16,73,13,25.8,23.53,0.0,-0.9021,-0.4315,33.7,35.0,35.0,station
2024-09-05,34.8,31.4,34.8,35.4,34.9,34.9,31.4,35.6,35.2,35.0,34.26,1.62,-0.16,72,15,26.1,23.81,0.0,-0.9094,-0.4159,34.1,35.0,35.0,station
2024-09-06,35.3,31.8,35.9,35.7,35.8,35.4,31.5,35.4,35.9,35.3,34.9,1.75,0.2,73,17,21.9,22.28,1.9,-0.9164,-0.4002,34.1,36.0,36.0,station
2024-09-07,34.4,29.5,36.2,32.0,32.5,34.6,29.4,34.8,33.8,31.5,32.92,2.53,0.1,82,74,7.7,16.05,13.6,-0.9232,-0.3844,34.2,34.0,34.0,station
2024-09-08,31.9,28.2,31.9,32.3,31.7,32.7,28.4,32.5,32.7,32.4,31.2,1.69,-0.54,85,68,13.4,17.24,17.4,-0.9296,-0.3685,31.2,34.0,34.0,station
2024-09-09,32.0,29.4,33.9,33.4,31.4,31.3,29.0,32.8,32.4,32.6,32.02,1.78,0.4,81,29,18.7,21.86,0.5,-0.9358,-0.3524,31.9,34.0,34.0,station
2024-09-10,31.6,29.0,33.2,32.1,29.2,30.7,28.4,32.7,33.1,30.6,31.02,1.85,-0.08,83,34,14.8,20.66,2.0,-0.9418,-0.3363,31.6,35.0,35.0,station
2024-09-11,35.0,31.1,36.4,35.5,33.4,34.7,31.1,36.2,35.6,33.0,34.28,2.08,0.16,75,73,10.1,22.4,1.5,-0.9474,-0.32,34.7,37.0,37.0,station
2024-09-12,33.7,29.8,34.5,34.3,32.5,33.2,29.7,32.5,35.4,33.3,32.96,1.93,0.14,79,47,22.9,19.98,0.1,-0.9528,-0.3037,32.7,36.0,36.0,station
2024-09-13,33.3,30.4,33.6,33.6,32.5,33.7,30.2,34.0,34.0,33.1,32.68,1.35,-0.32,74,36,21.3,21.82,0.5,-0.9579,-0.2873,32.1,34.0,34.0,station
2024-09-14,30.9,27.0,32.7,30.8,29.0,31.2,26.1,31.9,33.0,28.2,30.08,2.16,0.0,82,57,10.5,20.18,2.8,-0.9627,-0.2707,31.2,32.0,32.0,station
2024-09-15,32.7,29.1,33.4,32.5,32.5,33.2,29.4,32.8,29.1,27.0,32.04,1.68,1.74,83,85,6.7,20.8,0.1,-0.9672,-0.2541,32.8,36.0,36.0,station
2024-09-16,34.4,30.8,34.4,34.4,34.6,33.8,30.5,34.3,35.5,34.1,33.72,1.63,0.08,81,95,26.4,18.65,0.4,-0.9714,-0.2375,33.5,35.0,35.0,station
2024-09-17,33.9,30.4,33.8,34.2,33.4,33.5,30.7,34.2,33.5,33.9,33.14,1.56,-0.02,71,36,27.5,22.26,0.3,-0.9753,-0.2207,33.1,35.0,35.0,station
2024-09-18,32.2,28.5,31.7,32.7,32.5,31.1,28.5,31.6,30.5,29.0,31.52,1.73,1.38,80,76,21.3,18.62,2.2,-0.979,-0.2039,32.2,33.0,33.0,station
2024-09-19,33.5,28.9,35.0,32.1,32.0,32.0,28.6,34.0,32.4,31.0,32.3,2.26,0.7,82,71,12.3,18.47,5.5,-0.9824,-0.187,32.9,34.0,34.0,station
2024-09-20,33.6,30.2,35.0,34.1,30.5,32.6,29.8,36.0,32.8,32.3,32.68,2.19,-0.02,79,93,16.0,19.12,3.1,-0.9854,-0.1701,32.6,35.0,35.0,station
2024-09-21,31.1,26.8,33.6,30.5,27.1,31.0,27.7,34.5,34.6,31.5,29.82,2.87,-2.04,90,97,10.7,10.63,61.7,-0.9882,-0.1531,30.2,29.0,29.0,station
2024-09-22,29.1,25.6,28.6,27.9,25.9,28.6,26.1,28.5,29.8,30.7,27.42,1.59,-1.32,92,100,8.9,7.87,52.8,-0.9907,-0.1361,29.2,30.0,30.0,station
2024-09-23,27.7,26.8,27.4,29.9,26.7,29.8,26.7,27.0,27.5,25.3,27.7,1.3,0.44,90,99,13.2,12.06,13.0,-0.9929,-0.1191,29.7,32.0,32.0,station
2024-09-24,28.5,27.2,30.5,29.6,28.7,30.1,27.7,32.0,32.0,31.0,28.9,1.24,-1.66,91,100,10.2,11.78,22.7,-0.9948,-0.102,29.2,33.0,33.0,station
2024-09-25,28.2,27.3,28.9,28.5,29.2,28.8,27.1,29.0,29.0,28.2,28.42,0.73,0.0,93,99,16.0,11.36,22.5,-0.9964,-0.0848,28.5,32.0,32.0,station
2024-09-26,28.7,26.9,29.6,30.6,29.1,26.8,27.2,29.8,29.1,28.2,28.98,1.36,0.76,90,96,5.7,10.64,31.1,-0.9977,-0.0677,28.6,31.0,31.0,station
2024-09-27,29.9,27.1,30.7,29.8,28.2,28.3,27.0,31.7,29.1,27.1,29.14,1.46,0.5,90,67,10.6,14.04,12.8,-0.9987,-0.0505,29.3,33.0,33.0,station
2024-09-28,27.7,26.5,30.7,29.7,29.7,28.3,26.6,30.3,30.5,29.8,28.86,1.71,-0.24,86,65,21.0,16.13,3.7,-0.9994,-0.0333,29.0,32.0,32.0,station
2024-09-29,29.9,27.8,32.4,32.1,30.9,29.3,28.4,31.9,31.3,29.0,30.62,1.86,0.64,86,81,25.2,16.65,1.7,-0.9999,-0.0161,28.8,32.0,32.0,station
2024-09-30,29.3,27.3,31.0,30.9,29.4,29.7,27.6,32.5,31.2,28.7,29.58,1.51,-0.36,86,100,29.7,15.91,7.9,-1.0,0.0011,29.7,30.0,30.0,station
2024-10-01,32.0,28.3,32.9,31.3,30.5,30.8,27.7,30.3,33.3,29.4,31.0,1.75,0.7,79,91,34.4,16.8,0.3,-0.9998,0.0183,30.5,33.0,33.0,station
2024-10-02,28.8,25.2,28.1,28.0,28.5,28.3,24.7,33.8,28.2,26.7,27.72,1.44,-0.62,88,100,33.7,5.88,24.5,-0.9994,0.0355,27.1,29.0,29.0,station
2024-10-03,26.1,23.7,26.1,27.1,28.7,26.8,23.1,23.9,25.2,23.1,26.34,1.82,1.92,92,100,32.6,4.81,94.8,-0.9986,0.0527,25.2,26.0,26.0,station
2024-10-04,29.6,25.3,31.6,26.6,28.5,28.0,25.6,27.6,26.6,26.0,28.32,2.48,1.56,92,100,28.2,6.3,39.5,-0.9976,0.0698,26.6,29.0,29.0,station
2024-10-05,30.5,26.6,31.8,31.7,30.3,30.8,27.0,31.3,30.5,30.7,30.18,2.11,0.12,88,96,15.2,11.13,0.4,-0.9962,0.087,29.7,32.0,32.0,station
2024-10-06,32.0,28.6,32.5,32.5,31.5,32.2,28.8,32.3,32.6,31.6,31.42,1.63,-0.08,83,23,18.2,19.66,0.0,-0.9946,0.1041,30.9,33.0,33.0,station
2024-10-07,29.5,26.6,30.0,31.4,30.4,29.0,26.0,30.2,29.6,28.6,29.58,1.81,0.9,86,37,18.1,16.35,2.7,-0.9926,0.1212,29.1,30.0,30.0,station
2024-10-08,25.2,23.6,24.6,25.8,24.8,25.8,23.1,24.5,26.7,26.3,24.8,0.81,-0.48,88,96,19.4,7.18,4.9,-0.9904,0.1383,25.6,25.0,25.0,station
2024-10-09,25.7,23.0,23.0,25.9,24.1,26.1,23.0,24.0,25.5,23.9,24.34,1.41,-0.16,83,90,17.6,11.51,0.3,-0.9879,0.1553,25.9,25.0,25.0,station
2024-10-10,25.5,23.1,25.3,24.8,24.9,26.0,23.1,24.7,25.3,24.6,24.72,0.95,-0.02,77,63,14.8,13.24,0.0,-0.9851,0.1722,25.5,27.0,27.0,station
2024-10-11,26.8,24.2,25.6,26.4,25.1,26.3,24.3,25.6,26.5,25.2,25.62,1.04,0.04,72,22,19.8,17.28,0.0,-0.9819,0.1892,26.6,27.0,27.0,station
2024-10-12,27.8,26.3,29.4,29.6,27.6,28.2,26.1,28.6,28.6,27.5,28.14,1.37,0.34,80,38,20.7,15.82,0.7,-0.9785,0.206,26.8,29.0,29.0,station
2024-10-13,30.0,28.0,31.1,30.8,29.3,30.2,28.3,30.7,31.0,29.3,29.84,1.25,-0.06,76,23,23.3,19.49,0.0,-0.9749,0.2228,29.0,32.0,32.0,station
2024-10-14,30.9,29.2,32.0,32.3,30.3,31.1,29.2,32.1,32.1,30.1,30.94,1.27,0.02,77,23,19.3,19.24,0.0,-0.9709,0.2396,30.2,33.0,33.0,station
2024-10-15,31.5,28.3,31.8,32.1,30.5,31.3,28.3,31.7,31.4,29.0,30.84,1.54,0.5,81,15,20.2,18.4,0.0,-0.9666,0.2562,30.0,32.0,32.0,station
2024-10-16,28.8,26.5,29.9,29.5,29.2,28.5,26.9,30.9,29.7,28.7,28.78,1.34,-0.16,84,76,19.9,14.24,1.3,-0.9621,0.2728,28.2,28.0,28.0,station
2024-10-17,30.4,28.4,31.7,30.7,30.3,29.5,27.4,30.8,30.2,28.3,30.3,1.2,1.06,86,31,17.9,16.44,0.7,-0.9572,0.2893,29.6,31.0,31.0,station
2024-10-18,32.5,29.6,33.8,31.8,31.1,30.5,29.7,33.6,33.6,31.7,31.76,1.57,-0.06,82,11,13.8,18.37,0.0,-0.9521,0.3057,32.6,35.0,35.0,station
2024-10-19,31.1,28.2,32.5,31.1,29.7,29.5,27.5,31.0,30.3,29.7,30.52,1.63,0.92,86,54,21.3,18.1,3.7,-0.9467,0.3221,31.2,33.0,33.0,station
2024-10-20,25.7,23.9,24.1,25.6,24.6,25.4,23.8,23.3,25.2,23.9,24.78,0.83,0.46,85,96,26.2,9.21,3.4,-0.941,0.3383,25.5,26.0,26.0,station
2024-10-21,28.4,26.4,29.6,30.1,29.1,28.9,26.5,29.4,29.3,28.1,28.72,1.44,0.28,85,74,21.4,11.73,0.3,-0.9351,0.3545,27.5,29.0,29.0,station
2024-10-22,28.0,25.2,28.8,27.9,28.3,29.4,25.5,29.8,30.2,28.8,27.64,1.41,-1.1,84,70,22.8,12.1,0.8,-0.9288,0.3705,27.4,29.0,29.0,station
2024-10-23,23.6,22.2,23.2,24.3,23.2,23.9,22.2,23.5,25.0,23.3,23.3,0.76,-0.28,84,100,24.0,4.72,7.4,-0.9223,0.3864,23.2,24.0,24.0,station
2024-10-24,23.8,21.9,23.2,24.4,23.7,23.9,22.1,23.5,25.2,25.1,23.4,0.94,-0.56,90,100,26.1,4.15,31.2,-0.9155,0.4022,22.6,24.0,24.0,station
2024-10-25,29.1,26.9,30.5,28.5,27.7,27.6,26.3,30.6,29.8,27.0,28.54,1.37,0.28,87,96,33.1,10.57,14.2,-0.9085,0.4179,28.4,31.0,31.0,station
2024-10-26,31.4,27.4,31.2,32.1,28.7,31.4,27.5,31.2,29.8,27.7,30.16,2.01,0.64,83,78,30.5,13.18,0.9,-0.9012,0.4335,30.5,32.0,32.0,station
2024-10-27,31.1,26.9,31.2,30.8,29.7,29.3,27.0,31.0,29.7,29.1,29.94,1.8,0.72,85,57,16.2,15.08,0.5,-0.8936,0.4489,30.1,32.0,32.0,station
2024-10-28,24.8,22.8,23.8,25.6,24.6,24.9,23.0,24.3,25.5,25.0,24.32,1.06,-0.22,87,97,18.3,5.3,3.9,-0.8857,0.4642,24.3,27.0,27.0,station
2024-10-29,24.6,22.3,22.1,24.0,23.2,23.9,22.0,22.0,23.9,23.1,23.24,1.07,0.26,82,100,18.3,5.93,1.8,-0.8776,0.4794,24.0,25.0,25.0,station
2024-10-30,25.2,23.2,24.5,25.9,25.5,24.5,23.2,24.4,25.9,25.0,24.86,1.06,0.26,88,100,29.8,4.36,18.6,-0.8692,0.4944,24.5,25.0,25.0,station
2024-10-31,26.4,24.5,25.9,27.7,26.1,26.9,24.5,26.2,27.8,26.2,26.12,1.15,-0.2,90,100,59.6,1.85,129.4,-0.8606,0.5093,25.7,27.0,27.0,station
2024-11-01,25.9,24.0,25.9,27.6,25.7,27.0,24.5,26.2,27.9,25.7,25.82,1.28,-0.44,91,100,54.6,4.0,30.5,-0.8517,0.524,25.3,28.0,28.0,station
2024-11-02,23.4,22.3,23.2,24.3,23.2,24.2,22.6,25.5,24.5,24.1,23.28,0.71,-0.9,85,97,18.4,6.13,0.0,-0.8426,0.5386,23.6,25.0,25.0,station
2024-11-03,25.7,23.4,23.6,25.3,25.3,25.3,23.0,23.2,24.3,24.0,24.66,1.07,0.7,77,45,20.2,12.86,0.0,-0.8332,0.553,25.5,27.0,27.0,station
2024-11-04,26.0,24.3,26.6,26.2,26.0,25.6,23.8,26.6,26.4,25.3,25.82,0.88,0.28,82,53,20.6,12.1,0.0,-0.8235,0.5672,26.0,28.0,28.0,station
2024-11-05,24.3,21.7,25.7,23.4,23.2,23.6,21.7,22.2,24.1,24.4,23.66,1.47,0.46,83,93,21.1,9.45,3.2,-0.8137,0.5813,23.8,24.0,24.0,station
2024-11-06,22.2,19.7,20.4,22.1,21.9,22.4,19.9,20.2,21.6,21.3,21.26,1.14,0.18,69,96,24.5,6.73,0.4,-0.8035,0.5952,21.6,22.0,22.0,station
2024-11-07,23.0,20.1,20.7,22.6,22.2,22.9,20.4,20.4,23.2,21.6,21.72,1.26,0.02,73,100,24.0,6.89,0.2,-0.7932,0.609,22.2,22.0,22.0,station
2024-11-08,24.9,22.0,21.8,24.7,23.5,25.0,21.5,22.1,24.6,23.9,23.38,1.45,-0.04,84,100,22.6,5.58,1.0,-0.7826,0.6225,24.4,23.0,23.0,station
2024-11-09,26.1,24.0,23.5,27.1,28.1,28.3,23.7,25.9,28.6,27.8,25.76,1.97,-1.1,92,100,14.5,4.94,2.1,-0.7718,0.6359,25.7,27.0,27.0,station
2024-11-10,25.0,22.8,23.4,25.0,24.0,27.7,23.2,29.2,26.9,27.8,24.04,0.97,-2.92,89,100,10.4,4.03,0.3,-0.7607,0.6491,24.7,26.0,26.0,station
2024-11-11,25.3,23.5,25.7,26.5,24.8,25.1,23.4,23.7,24.9,24.9,25.16,1.12,0.76,87,93,19.1,8.33,0.5,-0.7494,0.6621,24.7,27.0,27.0,station
2024-11-12,25.9,23.4,24.0,25.4,25.3,25.3,22.7,25.4,24.8,24.5,24.8,1.05,0.26,92,100,25.7,3.11,10.8,-0.7379,0.6749,24.4,25.0,25.0,station
2024-11-13,27.3,25.2,26.1,28.4,27.2,28.7,25.4,29.3,28.4,28.2,26.84,1.23,-1.16,87,94,25.1,9.26,1.5,-0.7262,0.6875,27.2,28.0,28.0,station
2024-11-14,32.1,27.8,31.3,31.2,29.3,31.0,27.8,31.1,30.9,29.4,30.34,1.75,0.3,77,60,20.2,14.83,0.2,-0.7143,0.6998,31.0,31.0,31.0,station
2024-11-15,31.2,28.4,30.8,28.8,30.2,28.4,27.5,28.5,31.4,29.6,29.88,1.23,0.8,81,76,8.4,10.36,0.0,-0.7021,0.712,30.7,32.0,32.0,station
2024-11-16,29.2,26.3,30.0,28.9,27.7,28.6,24.3,31.4,30.9,29.0,28.42,1.44,-0.42,89,99,15.3,8.29,2.9,-0.6898,0.724,27.1,29.0,29.0,station
2024-11-17,24.2,22.3,24.3,24.6,25.1,24.7,22.4,24.8,24.8,24.3,24.1,1.07,-0.1,90,100,15.3,3.77,10.9,-0.6772,0.7358,24.1,24.0,24.0,station
2024-11-18,21.8,20.7,21.8,22.6,21.4,21.6,20.4,22.0,21.7,21.9,21.66,0.69,0.14,87,100,20.7,4.36,9.9,-0.6645,0.7473,21.3,22.0,22.0,station
2024-11-19,21.5,18.7,20.4,19.8,20.2,21.1,18.3,20.1,20.6,20.5,20.12,1.01,-0.0,89,100,21.1,3.67,9.1,-0.6515,0.7586,20.9,20.0,20.0,station
2024-11-20,21.6,19.7,20.8,21.0,20.9,22.3,19.4,20.9,21.1,21.6,20.8,0.69,-0.26,90,99,16.1,4.52,10.6,-0.6384,0.7697,21.9,23.0,23.0,station
2024-11-21,20.9,18.7,20.4,20.4,20.4,21.3,18.9,20.3,20.8,20.3,20.16,0.84,-0.16,89,99,12.6,3.62,4.2,-0.625,0.7806,20.5,21.0,21.0,station
2024-11-22,21.9,18.8,19.3,20.7,19.6,21.6,18.8,19.5,20.3,20.4,20.06,1.24,-0.06,80,100,16.2,5.03,0.4,-0.6115,0.7912,21.1,21.0,21.0,station
2024-11-23,22.3,19.8,20.0,21.9,20.4,22.1,19.4,19.6,20.8,20.4,20.88,1.14,0.42,72,96,19.8,6.6,0.0,-0.5978,0.8016,22.3,23.0,23.0,station
2024-11-24,23.2,20.9,20.7,23.8,22.5,23.0,20.6,21.3,23.4,22.6,22.22,1.38,0.04,71,87,20.9,9.04,0.0,-0.584,0.8118,23.1,24.0,24.0,station
2024-11-25,27.3,24.6,28.0,28.4,25.6,27.6,24.2,26.3,28.2,25.9,26.78,1.62,0.34,80,49,17.4,12.77,0.4,-0.5699,0.8217,27.1,30.0,30.0,station
2024-11-26,21.1,19.6,21.3,22.1,19.5,20.4,19.4,21.0,21.7,19.9,20.72,1.13,0.24,83,95,12.7,4.49,3.5,-0.5557,0.8314,20.2,22.0,22.0,station
2024-11-27,19.3,17.0,18.8,18.8,17.6,19.6,17.4,19.2,18.8,17.4,18.3,0.96,-0.18,67,49,14.8,14.14,0.0,-0.5413,0.8408,19.7,21.0,21.0,station
2024-11-28,20.8,18.0,20.3,19.8,19.7,20.6,17.8,19.9,18.6,19.3,19.72,1.06,0.48,77,43,10.2,13.6,0.0,-0.5268,0.85,20.5,22.0,22.0,station
2024-11-29,19.4,17.2,18.9,18.6,18.8,19.3,16.9,18.4,18.0,18.2,18.58,0.83,0.42,74,56,13.4,16.26,0.0,-0.5121,0.859,19.1,21.0,21.0,station
2024-11-30,22.5,18.6,21.0,21.6,20.9,22.2,18.6,20.7,20.7,19.9,20.92,1.44,0.5,69,22,13.9,15.91,0.0,-0.4972,0.8676,22.2,23.0,23.0,station
2024-12-01,25.6,22.9,25.2,25.2,24.2,26.1,22.5,25.2,25.2,23.9,24.62,1.09,0.04,77,74,7.5,15.8,0.0,-0.4822,0.8761,26.0,28.0,28.0,station
2024-12-02,26.9,23.7,25.4,26.6,25.6,25.8,23.7,25.6,27.1,25.1,25.64,1.26,0.18,77,22,16.1,15.47,0.0,-0.4671,0.8842,26.9,29.0,29.0,station
2024-12-03,24.6,21.3,24.1,25.3,25.1,24.6,22.5,22.5,24.9,23.7,24.08,1.62,0.44,76,25,20.4,13.75,0.2,-0.4518,0.8921,24.4,26.0,26.0,station
2024-12-04,22.6,19.7,21.0,22.8,23.2,22.5,19.4,23.7,22.5,23.3,21.86,1.47,-0.42,77,68,20.3,9.65,0.4,-0.4364,0.8998,22.6,24.0,24.0,station
2024-12-05,20.9,19.2,19.8,22.1,22.8,21.7,18.9,19.8,23.1,21.2,20.96,1.51,0.02,78,81,16.5,7.25,0.0,-0.4208,0.9071,21.3,23.0,23.0,station
2024-12-06,22.0,20.4,22.7,24.1,20.3,22.2,20.2,21.1,25.1,21.8,21.9,1.6,-0.18,77,73,18.0,9.26,0.0,-0.4052,0.9142,23.8,24.0,24.0,station
2024-12-07,20.4,18.7,19.4,21.4,20.1,21.4,18.6,19.6,21.6,18.8,20.0,1.02,0.0,88,99,12.3,3.34,1.6,-0.3894,0.9211,20.0,21.0,21.0,station
2024-12-08,16.9,15.3,16.3,18.9,16.5,17.3,15.2,15.9,19.0,16.6,16.78,1.32,-0.02,82,100,19.5,4.62,1.0,-0.3735,0.9276,17.6,18.0,18.0,station
2024-12-09,20.2,17.2,17.7,19.1,18.2,20.6,17.1,18.3,19.8,18.3,18.48,1.19,-0.34,76,85,20.6,7.17,0.0,-0.3575,0.9339,19.9,21.0,21.0,station
2024-12-10,22.9,20.2,24.5,23.5,21.8,22.9,20.4,24.1,23.6,20.5,22.58,1.65,0.28,85,50,19.1,10.5,0.5,-0.3413,0.9399,22.0,21.0,21.0,station
2024-12-11,23.3,20.2,24.2,23.2,23.1,25.5,20.7,24.6,23.5,24.0,22.8,1.52,-0.86,85,76,9.8,11.58,0.7,-0.3251,0.9457,23.9,24.0,24.0,station
2024-12-12,18.8,16.7,17.5,18.4,18.1,18.8,16.9,18.4,18.4,17.6,17.9,0.82,-0.12,83,99,16.6,5.86,0.8,-0.3088,0.9511,19.0,20.0,20.0,station
2024-12-13,18.0,15.7,18.4,19.3,17.4,19.0,16.3,17.9,19.4,17.5,17.76,1.34,-0.26,87,100,11.8,4.85,1.6,-0.2924,0.9563,19.4,19.0,19.0,station
2024-12-14,14.9,12.6,14.4,15.6,13.3,15.3,12.8,14.7,15.4,13.4,14.16,1.21,-0.16,76,100,13.2,4.65,0.0,-0.2759,0.9612,14.4,15.0,15.0,station
2024-12-15,15.6,12.1,14.5,14.5,14.4,15.6,12.2,14.3,14.7,13.9,14.22,1.28,0.08,74,100,13.8,5.54,0.0,-0.2593,0.9658,15.2,15.0,15.0,station
2024-12-16,17.2,13.9,16.0,16.0,17.2,17.4,14.0,15.5,15.2,15.9,16.06,1.35,0.46,70,97,12.9,4.72,0.0,-0.2427,0.9701,16.2,17.0,17.0,station
2024-12-17,20.3,16.9,17.4,19.1,18.7,20.1,17.0,18.4,18.6,20.2,18.48,1.36,-0.38,80,89,18.9,7.06,0.0,-0.226,0.9741,19.1,20.0,20.0,station
2024-12-18,16.7,14.4,16.4,16.8,16.6,17.3,14.3,16.9,16.4,16.6,16.18,1.01,-0.12,71,98,14.1,4.59,0.3,-0.2092,0.9779,16.6,17.0,17.0,station
2024-12-19,14.8,11.7,13.6,14.5,14.2,16.1,12.1,13.5,14.6,14.0,13.76,1.23,-0.3,79,100,14.2,3.15,6.1,-0.1923,0.9813,13.6,14.0,14.0,station
2024-12-20,18.0,15.0,17.0,17.9,15.6,17.6,15.2,16.3,17.8,15.4,16.7,1.35,0.24,86,97,14.9,6.35,0.6,-0.1754,0.9845,18.2,18.0,18.0,station
2024-12-21,16.8,14.6,16.2,16.9,16.4,17.3,14.6,16.6,18.2,16.3,16.18,0.93,-0.42,86,96,13.7,3.55,2.9,-0.1585,0.9874,16.4,18.0,18.0,station
2024-12-22,14.6,11.8,13.7,14.6,13.9,15.2,12.5,14.2,14.4,13.9,13.72,1.15,-0.32,75,100,17.2,5.0,0.4,-0.1414,0.9899,14.9,15.0,15.0,station
2024-12-23,17.8,13.9,15.9,15.5,17.0,17.9,13.9,15.3,16.4,16.8,16.02,1.49,-0.04,79,99,18.0,3.43,8.1,-0.1244,0.9922,17.5,19.0,19.0,station
2024-12-24,18.2,15.8,17.4,18.7,18.3,19.8,15.6,16.7,18.7,17.8,17.68,1.15,-0.04,86,100,19.0,3.45,4.8,-0.1073,0.9942,17.5,18.0,18.0,station
2024-12-25,25.3,20.4,23.5,24.6,23.5,23.3,20.6,24.1,23.8,22.1,23.46,1.87,0.68,88,94,17.0,6.98,0.0,-0.0902,0.9959,22.2,23.0,23.0,station
2024-12-26,19.7,17.7,19.1,19.6,18.5,19.9,17.5,18.8,19.7,18.2,18.92,0.83,0.1,85,100,12.6,4.36,0.5,-0.073,0.9973,18.9,20.0,20.0,station
2024-12-27,18.0,15.3,17.3,17.9,16.8,17.8,15.2,17.5,16.6,16.5,17.06,1.1,0.34,80,100,15.0,3.53,1.3,-0.0559,0.9984,18.0,19.0,19.0,station
2024-12-28,15.0,13.4,14.7,15.5,14.2,15.0,13.1,14.7,15.0,14.1,14.56,0.8,0.18,70,91,15.8,5.79,0.2,-0.0387,0.9993,15.2,16.0,16.0,station
2024-12-29,17.7,14.6,17.3,16.9,16.8,17.2,15.0,17.2,15.8,16.9,16.66,1.21,0.24,64,58,22.2,10.98,0.0,-0.0215,0.9998,17.4,19.0,19.0,station
2024-12-30,21.0,18.9,22.7,20.2,19.5,22.5,18.5,22.1,20.8,20.7,20.46,1.48,-0.46,81,58,13.0,9.58,0.0,-0.0043,1.0,19.3,20.0,20.0,station
2024-12-31,19.1,16.0,18.3,18.3,18.8,19.0,15.9,17.4,18.6,18.1,18.1,1.22,0.3,77,63,15.9,9.11,0.0,0.0129,0.9999,18.8,,,
2025-01-01,18.8,15.9,18.5,18.2,17.3,21.3,16.1,19.1,18.0,17.5,17.74,1.17,-0.66,77,91,17.0,4.59,3.0,0.0172,0.9999,18.5,18.0,18.0,station
2025-01-02,18.3,16.2,16.8,18.4,17.1,19.5,16.7,17.5,18.5,17.9,17.36,0.96,-0.66,89,100,9.2,2.52,2.7,0.0344,0.9994,18.0,19.0,19.0,station
2025-01-03,16.8,15.1,15.8,17.2,16.0,17.6,15.1,16.5,16.7,16.4,16.18,0.83,-0.28,73,87,15.9,4.99,0.3,0.0516,0.9987,17.6,17.0,17.0,station
2025-01-04,19.3,17.6,18.3,18.7,19.9,20.1,17.9,20.1,19.6,19.4,18.76,0.89,-0.66,70,62,23.6,9.41,0.0,0.0688,0.9976,19.7,20.0,20.0,station
2025-01-05,21.6,19.2,21.5,20.2,20.8,23.5,19.2,21.7,20.0,20.8,20.66,0.99,-0.38,85,60,16.4,11.72,1.1,0.0859,0.9963,20.7,24.0,24.0,station
2025-01-06,19.1,16.2,18.2,18.5,18.5,19.7,17.4,18.4,18.6,18.1,18.1,1.11,-0.34,76,44,15.2,15.08,0.0,0.103,0.9947,18.7,20.0,20.0,station
2025-01-07,18.2,15.2,17.4,17.4,18.1,18.1,15.2,17.3,17.7,17.6,17.26,1.21,0.08,64,40,18.5,11.56,0.0,0.1201,0.9928,18.2,19.0,19.0,station
2025-01-08,19.1,16.3,19.1,19.9,20.7,20.8,16.9,18.9,20.2,20.1,19.02,1.66,-0.36,78,94,16.6,5.85,0.1,0.1372,0.9905,17.4,17.0,17.0,station
2025-01-09,16.0,13.5,14.8,16.4,15.3,15.7,13.8,15.5,16.1,15.4,15.2,1.13,-0.1,77,100,16.6,3.7,0.5,0.1542,0.988,15.4,16.0,16.0,station
2025-01-10,12.9,9.5,11.6,12.1,11.5,13.1,9.6,11.9,11.9,11.6,11.52,1.26,-0.1,74,99,16.4,5.59,0.2,0.1712,0.9852,12.6,13.0,13.0,station
2025-01-11,13.8,9.8,12.8,13.9,12.3,14.4,9.6,12.7,13.9,14.0,12.52,1.66,-0.4,74,100,16.9,5.45,0.8,0.1881,0.9821,14.3,14.0,14.0,station
2025-01-12,16.9,13.5,16.6,15.8,16.0,17.2,13.9,16.9,15.7,15.5,15.76,1.34,-0.08,71,24,10.6,16.69,0.0,0.205,0.9788,16.1,19.0,19.0,station
2025-01-13,19.2,16.3,18.3,19.0,18.1,19.2,16.6,18.0,18.5,18.1,18.18,1.15,0.1,62,3,20.3,16.63,0.0,0.2218,0.9751,18.6,20.0,20.0,station
2025-01-14,24.4,20.5,23.3,24.0,22.7,24.0,20.3,23.0,23.2,21.7,22.98,1.53,0.54,67,15,14.3,16.2,0.0,0.2385,0.9711,24.3,26.0,26.0,station
2025-01-15,15.7,14.2,18.0,16.4,14.7,15.8,14.1,17.6,17.0,13.9,15.8,1.5,0.12,83,96,13.0,2.38,3.6,0.2552,0.9669,15.1,17.0,17.0,station
2025-01-16,15.2,11.7,15.1,14.7,14.8,15.4,11.9,15.0,14.1,15.7,14.3,1.47,-0.12,69,78,16.9,8.16,0.1,0.2718,0.9624,15.0,17.0,17.0,station
2025-01-17,17.4,12.7,16.2,15.5,16.2,16.9,12.9,16.4,15.2,16.4,15.6,1.76,0.04,62,61,17.0,11.83,0.0,0.2883,0.9575,15.9,16.0,16.0,station
2025-01-18,20.2,16.9,20.2,18.6,19.8,20.1,16.6,20.2,19.5,20.1,19.14,1.41,-0.16,67,58,18.8,11.27,0.6,0.3047,0.9524,20.4,21.0,21.0,station
2025-01-19,17.3,15.3,16.3,18.6,15.6,19.6,15.6,21.5,18.3,16.8,16.62,1.35,-1.74,85,72,7.3,7.01,3.7,0.3211,0.9471,18.1,18.0,18.0,station
2025-01-20,20.0,16.8,20.0,19.6,19.8,20.2,17.1,19.9,19.3,19.6,19.24,1.37,0.02,74,14,17.3,15.99,0.0,0.3373,0.9414,19.2,21.0,21.0,station
2025-01-21,20.9,18.1,20.3,20.2,20.8,21.1,18.3,19.6,19.8,20.5,20.06,1.14,0.2,65,11,20.7,16.34,0.0,0.3534,0.9355,20.8,22.0,22.0,station
2025-01-22,24.3,19.9,23.9,23.6,24.0,24.3,19.7,24.3,23.4,23.8,23.14,1.83,0.04,70,55,18.4,10.65,0.0,0.3695,0.9292,23.5,23.0,23.0,station
2025-01-23,19.2,17.3,21.5,18.6,19.6,18.7,17.0,22.7,19.5,22.7,19.24,1.53,-0.88,88,100,12.9,8.41,0.5,0.3854,0.9227,18.3,20.0,20.0,station
2025-01-24,21.9,18.2,19.4,21.6,20.9,22.5,17.9,22.9,20.2,19.7,20.4,1.56,-0.24,85,73,13.5,9.22,0.1,0.4012,0.916,21.0,24.0,24.0,station
2025-01-25,20.8,16.9,18.0,20.3,18.8,20.3,16.2,18.1,18.8,21.0,18.96,1.61,0.08,83,59,14.5,9.9,0.0,0.4169,0.9089,20.2,20.0,20.0,station
2025-01-26,19.5,14.9,17.2,17.9,18.6,20.0,15.0,17.5,18.3,19.1,17.62,1.74,-0.36,79,92,14.3,6.72,4.7,0.4325,0.9016,19.2,19.0,19.0,station
2025-01-27,12.9,10.4,12.8,13.0,12.4,12.9,10.9,13.4,12.8,12.5,12.3,1.09,-0.2,80,65,12.0,6.64,8.0,0.4479,0.8941,12.6,15.0,15.0,station
2025-01-28,15.6,12.7,15.3,14.2,14.3,15.3,12.3,15.5,13.5,13.2,14.42,1.14,0.46,77,43,18.1,16.37,0.0,0.4633,0.8862,15.6,18.0,18.0,station
2025-01-29,16.8,13.4,16.5,16.2,16.8,17.3,13.6,16.7,15.2,16.1,15.94,1.44,0.16,64,8,19.4,18.04,0.0,0.4784,0.8781,17.0,18.0,18.0,station
2025-01-30,20.6,18.3,20.6,21.1,20.4,20.1,17.8,20.2,20.9,19.9,20.2,1.09,0.42,62,3,18.6,17.81,0.0,0.4935,0.8698,20.2,23.0,23.0,station
2025-01-31,23.6,19.4,23.9,21.6,23.8,24.9,19.5,24.2,25.6,24.5,22.46,1.95,-1.28,79,80,16.4,5.57,2.6,0.5084,0.8611,20.4,23.0,23.0,station
2025-02-01,25.0,19.3,24.2,23.4,23.5,24.9,19.1,25.4,24.9,23.6,23.08,2.21,-0.5,85,84,13.1,9.49,4.0,0.5231,0.8523,25.7,27.0,27.0,station
2025-02-02,18.0,15.9,16.9,18.3,17.1,18.2,16.0,18.3,19.4,17.5,17.24,0.95,-0.64,87,100,7.3,3.2,1.9,0.5377,0.8432,17.6,18.0,18.0,station
2025-02-03,15.6,13.9,15.7,16.5,15.0,15.6,14.4,16.0,17.3,15.7,15.34,0.97,-0.46,88,100,10.8,2.64,11.5,0.5521,0.8338,15.6,16.0,16.0,station
2025-02-04,15.5,10.6,14.6,14.9,13.6,15.0,10.4,13.0,13.5,13.4,13.84,1.94,0.78,71,60,15.4,16.55,3.7,0.5664,0.8242,14.9,16.0,16.0,station
2025-02-05,17.1,14.0,14.9,15.5,15.3,17.3,13.9,13.6,14.1,14.2,15.36,1.13,0.74,63,88,18.2,8.59,0.0,0.5805,0.8143,16.1,19.0,19.0,station
2025-02-06,19.5,14.4,20.1,18.9,21.3,20.6,14.6,15.1,17.2,19.8,18.84,2.64,1.38,86,100,18.0,3.82,5.5,0.5944,0.8042,16.2,17.0,17.0,station
2025-02-07,15.4,13.4,15.0,15.5,14.3,16.0,13.3,14.9,15.6,14.8,14.72,0.88,-0.2,87,100,13.1,2.5,16.2,0.6081,0.7938,14.8,16.0,16.0,station
2025-02-08,10.6,7.9,9.4,9.8,8.4,10.5,7.8,9.5,10.1,9.1,9.22,1.08,-0.18,75,100,19.1,4.36,1.7,0.6217,0.7833,10.2,11.0,11.0,station
2025-02-09,14.7,10.7,12.7,13.5,11.9,14.5,10.3,12.7,12.5,12.6,12.7,1.52,0.18,69,88,19.1,8.12,0.0,0.6351,0.7725,14.0,12.0,12.0,station
2025-02-10,18.9,16.4,18.9,19.3,18.7,18.9,15.8,19.2,18.4,18.9,18.44,1.16,0.2,68,24,17.8,15.96,0.0,0.6483,0.7614,19.2,21.0,21.0,station
2025-02-11,24.8,21.7,23.7,25.9,23.0,24.2,21.1,24.0,24.8,22.8,23.82,1.62,0.44,73,35,16.0,18.91,0.0,0.6613,0.7502,25.2,26.0,26.0,station
2025-02-12,21.1,18.7,25.1,21.8,23.5,23.1,18.8,20.2,19.1,24.7,22.04,2.43,0.86,90,100,5.9,3.93,14.7,0.6741,0.7387,21.0,24.0,24.0,station
2025-02-13,17.0,15.8,16.1,17.4,16.9,16.7,16.0,16.2,18.0,16.7,16.64,0.67,-0.08,87,100,18.9,4.28,24.6,0.6867,0.727,16.4,17.0,17.0,station
2025-02-14,21.2,18.0,21.1,20.4,20.7,22.7,17.7,17.4,20.4,21.0,20.28,1.31,0.44,81,81,21.1,9.01,0.0,0.6991,0.715,20.3,20.0,20.0,station
2025-02-15,27.3,23.3,27.1,24.7,25.0,26.9,23.0,27.6,22.8,24.9,25.48,1.7,0.44,88,42,12.7,17.81,0.0,0.7113,0.7029,25.6,29.0,29.0,station
2025-02-16,20.0,18.2,18.8,22.1,19.0,20.6,17.6,18.9,20.5,17.6,19.62,1.53,0.58,86,82,10.3,7.03,0.3,0.7233,0.6906,20.1,21.0,21.0,station
2025-02-17,20.0,17.4,19.8,18.9,18.9,20.4,17.1,19.2,18.7,18.0,19.0,1.03,0.32,67,44,20.9,16.55,0.0,0.735,0.678,19.7,21.0,21.0,station
2025-02-18,16.9,13.4,15.7,16.2,16.1,16.5,13.7,15.8,16.5,15.4,15.66,1.34,0.08,82,99,16.2,4.1,0.4,0.7466,0.6653,15.9,17.0,17.0,station
2025-02-19,18.1,15.9,16.6,17.7,17.8,18.9,15.8,16.8,18.1,18.4,17.22,0.93,-0.38,80,99,20.8,6.48,0.4,0.7579,0.6523,17.5,18.0,18.0,station
2025-02-20,23.5,18.9,23.5,24.0,22.5,22.3,17.8,24.4,24.0,22.7,22.48,2.07,0.24,85,86,15.7,12.78,2.1,0.769,0.6392,21.6,23.0,23.0,station
2025-02-21,17.2,14.4,17.6,17.8,16.6,16.8,14.5,18.9,18.1,16.0,16.72,1.38,-0.14,86,100,12.9,5.71,3.2,0.7799,0.6259,16.6,19.0,19.0,station
2025-02-22,18.3,15.8,15.9,17.3,18.1,17.9,15.1,15.6,17.4,19.0,17.08,1.18,0.08,83,99,22.8,8.1,1.9,0.7906,0.6124,18.6,19.0,19.0,station
2025-02-23,16.3,13.3,15.6,16.5,15.8,17.3,13.7,15.6,17.3,16.8,15.5,1.28,-0.64,89,100,11.7,3.58,16.2,0.801,0.5987,16.0,17.0,17.0,station
2025-02-24,13.9,10.8,12.8,13.9,12.7,14.3,11.0,13.3,14.5,13.3,12.82,1.27,-0.46,79,93,19.3,5.31,1.3,0.8112,0.5848,13.7,14.0,14.0,station
2025-02-25,21.3,17.4,20.6,20.4,19.5,21.0,17.5,20.7,20.1,19.8,19.84,1.51,0.02,71,58,18.7,16.62,0.0,0.8211,0.5708,20.7,23.0,23.0,station
2025-02-26,21.1,18.1,22.3,21.4,22.1,21.6,17.7,21.9,18.7,22.1,21.0,1.69,0.6,86,91,5.2,6.98,1.8,0.8308,0.5566,21.1,21.0,21.0,station
2025-02-27,21.5,18.8,22.1,21.2,20.6,23.2,19.4,21.9,20.4,20.2,20.84,1.26,-0.18,90,72,8.9,7.44,0.2,0.8402,0.5422,19.4,21.0,21.0,station
2025-02-28,25.5,22.4,27.2,25.2,24.8,23.9,22.7,27.4,24.2,24.8,25.02,1.73,0.42,84,7,13.6,19.08,0.0,0.8495,0.5277,26.6,27.0,27.0,station
2025-03-01,27.0,24.2,29.2,27.0,26.2,26.4,24.2,29.5,26.4,26.3,26.72,1.8,0.16,79,58,6.3,18.44,0.0,0.8584,0.513,27.8,29.0,29.0,station
2025-03-02,28.5,24.9,30.7,27.8,26.4,28.4,24.8,30.6,27.0,27.7,27.66,2.19,-0.04,78,61,9.6,19.31,0.0,0.8671,0.4981,28.5,30.0,30.0,station
2025-03-03,24.9,22.9,30.5,29.4,27.6,27.1,23.7,31.0,27.4,28.2,27.06,3.15,-0.42,85,97,9.6,10.71,4.2,0.8755,0.4831,27.1,28.0,28.0,station
2025-03-04,24.1,21.1,27.1,25.3,23.8,23.0,21.7,23.9,25.0,21.0,24.28,2.2,1.36,87,100,16.3,10.59,10.0,0.8837,0.468,26.8,26.0,26.0,station
2025-03-05,18.9,16.0,18.7,18.5,17.6,18.4,16.5,20.5,18.6,18.3,17.94,1.19,-0.52,90,99,14.8,5.07,20.7,0.8916,0.4527,18.6,19.0,19.0,station
2025-03-06,16.6,14.8,16.8,17.7,16.0,16.2,14.4,17.5,18.7,15.4,16.38,1.07,-0.06,87,100,16.4,5.43,14.9,0.8993,0.4373,16.9,17.0,17.0,station
2025-03-07,16.4,13.5,15.7,16.4,16.5,17.6,12.6,15.8,16.8,16.3,15.7,1.27,-0.12,80,99,21.7,7.73,0.5,0.9067,0.4218,16.8,17.0,17.0,station
2025-03-08,18.1,15.1,15.7,17.2,15.7,19.2,14.3,16.7,18.1,16.7,16.36,1.24,-0.64,83,100,12.5,6.88,1.0,0.9138,0.4061,17.6,17.0,17.0,station
2025-03-09,21.3,19.0,18.0,20.4,20.3,21.6,18.5,20.9,22.2,20.7,19.8,1.3,-0.98,80,99,19.4,8.73,0.0,0.9207,0.3904,20.0,21.0,21.0,station
2025-03-10,26.5,22.9,27.9,25.1,25.8,25.4,22.9,28.1,23.5,25.5,25.64,1.85,0.56,85,28,13.8,17.69,0.0,0.9272,0.3745,23.6,26.0,26.0,station
2025-03-11,26.9,23.8,29.2,28.8,26.4,26.3,24.1,28.9,28.7,24.0,27.02,2.16,0.62,84,63,6.7,17.75,0.4,0.9335,0.3585,27.5,30.0,30.0,station
2025-03-12,28.2,25.3,30.9,29.3,27.4,27.6,25.2,29.6,29.0,26.7,28.22,2.09,0.6,80,80,11.3,20.01,0.0,0.9396,0.3424,28.6,32.0,32.0,station
2025-03-13,25.6,22.6,28.4,26.0,24.4,23.7,22.8,26.1,25.2,23.2,25.4,2.14,1.2,88,89,13.7,10.54,1.7,0.9453,0.3261,23.5,24.0,24.0,station
2025-03-14,23.8,20.7,22.1,24.2,22.3,25.6,21.5,25.5,23.4,24.1,22.62,1.41,-1.4,88,95,9.0,8.56,43.2,0.9508,0.3098,23.4,22.0,22.0,station
2025-03-15,21.1,19.0,25.8,21.6,20.5,23.8,18.5,26.8,26.4,25.8,21.6,2.54,-2.66,91,99,11.5,6.82,52.5,0.956,0.2934,22.5,19.0,19.0,station
2025-03-16,15.2,12.8,16.0,15.6,13.3,16.6,12.7,16.4,16.4,15.2,14.58,1.44,-0.88,76,95,14.5,7.71,5.9,0.9609,0.2769,15.3,16.0,16.0,station
2025-03-17,14.7,11.1,14.4,13.2,13.7,14.6,11.5,13.3,13.8,13.1,13.42,1.42,0.16,64,94,13.2,5.58,0.1,0.9655,0.2604,13.8,14.0,14.0,station
2025-03-18,19.1,13.2,17.1,15.6,17.2,18.9,12.6,16.9,15.2,16.9,16.44,2.2,0.34,66,65,12.4,12.95,0.1,0.9698,0.2437,17.9,17.0,17.0,station
2025-03-19,16.1,13.7,14.4,16.3,15.6,16.1,14.0,15.3,16.1,15.5,15.22,1.13,-0.18,72,58,17.7,11.11,0.1,0.9739,0.227,16.5,19.0,19.0,station
2025-03-20,19.6,16.4,19.6,19.4,19.0,19.2,16.1,19.9,19.0,18.3,18.8,1.36,0.3,67,2,18.4,23.03,0.0,0.9777,0.2102,18.5,21.0,21.0,station
2025-03-21,22.9,20.0,22.7,23.5,21.8,22.7,19.9,22.3,23.3,21.2,22.18,1.36,0.3,61,0,15.8,23.88,0.0,0.9811,0.1934,22.3,25.0,25.0,station
2025-03-22,24.9,22.0,25.9,24.9,24.1,25.0,21.9,25.6,25.8,23.6,24.36,1.47,-0.02,65,0,11.3,23.94,0.0,0.9843,0.1765,24.6,28.0,28.0,station
2025-03-23,26.1,23.6,27.6,27.7,25.6,25.8,23.3,27.7,27.1,25.2,26.12,1.68,0.3,71,0,8.6,23.5,0.0,0.9872,0.1595,26.0,28.0,28.0,station
2025-03-24,26.8,25.3,29.4,29.3,28.2,26.9,25.5,29.0,29.2,27.9,27.8,1.75,0.1,67,0,9.8,23.25,0.0,0.9898,0.1425,26.7,30.0,30.0,station
2025-03-25,28.0,26.0,30.6,29.3,29.5,27.6,26.0,31.1,29.4,29.2,28.68,1.76,0.02,73,0,11.7,23.08,0.0,0.9921,0.1255,27.7,32.0,32.0,station
2025-03-26,29.4,27.2,33.8,29.7,30.9,29.3,27.4,33.4,30.1,30.6,30.2,2.42,0.04,77,10,4.6,23.2,0.0,0.9941,0.1084,29.8,32.0,32.0,station
2025-03-27,28.7,29.4,35.5,31.2,31.4,30.3,28.8,35.4,31.3,30.8,31.24,2.65,-0.08,81,58,9.3,20.37,0.0,0.9958,0.0913,32.0,35.0,35.0,station
2025-03-28,20.8,20.9,26.0,23.6,22.1,21.3,21.1,26.1,23.4,23.1,22.68,2.17,-0.32,84,94,15.5,6.48,2.8,0.9972,0.0741,22.0,26.0,26.0,station
2025-03-29,19.0,14.3,17.0,18.2,17.0,18.3,14.6,16.6,16.9,16.0,17.1,1.78,0.62,81,99,19.6,7.92,1.5,0.9984,0.057,17.7,16.0,16.0,station
2025-03-30,16.6,12.3,15.7,17.0,16.1,16.3,13.2,15.7,16.8,15.9,15.54,1.88,-0.04,89,100,17.0,3.85,27.7,0.9992,0.0398,15.5,15.0,15.0,station
2025-03-31,17.5,13.7,16.7,17.4,16.8,19.5,14.3,16.5,18.4,17.0,16.42,1.56,-0.72,91,100,11.7,4.15,29.1,0.9997,0.0226,17.3,16.0,16.0,station
2025-04-01,16.4,13.1,15.2,15.7,15.1,18.1,13.1,15.8,16.5,16.5,15.1,1.23,-0.9,90,100,9.6,4.99,12.7,1.0,0.0054,16.0,15.0,15.0,station
2025-04-02,19.0,16.0,17.3,17.1,17.1,19.4,15.2,19.4,17.9,17.9,17.3,1.08,-0.66,76,87,9.8,12.21,0.0,0.9999,-0.0118,18.2,19.0,19.0,station
2025-04-03,23.0,19.8,23.1,21.9,21.9,23.8,20.1,22.2,21.3,22.4,21.94,1.33,-0.02,68,80,18.3,8.6,0.0,0.9996,-0.029,21.2,24.0,24.0,station
2025-04-04,25.6,22.1,24.5,25.7,24.8,25.3,22.1,23.6,25.5,24.8,24.54,1.46,0.28,64,26,19.5,24.07,0.0,0.9989,-0.0462,24.8,27.0,27.0,station
2025-04-05,19.9,17.9,19.4,20.2,20.2,19.8,18.1,24.8,20.2,20.2,19.52,0.96,-1.1,87,100,7.2,4.82,10.7,0.998,-0.0634,19.7,21.0,21.0,station
2025-04-06,22.8,20.0,20.5,22.9,19.3,23.2,20.4,21.8,21.9,19.6,21.1,1.65,-0.28,84,84,12.2,7.3,1.2,0.9968,-0.0805,21.9,22.0,22.0,station
2025-04-07,26.2,23.2,25.9,24.8,22.9,26.1,23.0,26.3,25.6,23.7,24.6,1.51,-0.34,71,61,17.1,16.23,0.0,0.9952,-0.0977,25.9,27.0,27.0,station
2025-04-08,27.4,25.1,29.6,28.1,27.0,25.3,24.1,30.2,27.6,27.2,27.44,1.64,0.56,81,91,6.8,14.8,0.0,0.9934,-0.1148,26.2,29.0,29.0,station
2025-04-09,28.4,25.5,30.4,28.3,27.5,28.4,25.8,30.1,28.3,26.8,28.02,1.77,0.14,81,88,9.3,22.1,1.5,0.9913,-0.1319,27.9,30.0,30.0,station
2025-04-10,25.2,22.7,24.2,25.6,22.0,24.5,23.2,27.0,26.7,26.1,23.94,1.56,-1.56,94,84,20.6,4.53,60.3,0.9889,-0.1489,21.3,23.0,23.0,station
2025-04-11,29.9,26.9,31.1,30.0,28.5,29.4,27.1,29.2,30.0,28.1,29.28,1.62,0.52,82,46,11.4,22.36,4.8,0.9861,-0.1659,30.5,32.0,32.0,station
2025-04-12,30.3,26.6,30.9,29.8,30.6,29.4,26.4,27.2,28.9,30.2,29.64,1.75,1.22,85,93,35.0,14.98,41.9,0.9831,-0.1828,29.6,31.0,31.0,station
2025-04-13,20.7,17.3,19.4,21.2,16.2,21.6,17.7,23.1,20.8,16.9,18.96,2.16,-1.06,67,95,8.8,14.29,6.0,0.9799,-0.1997,18.9,20.0,20.0,station
2025-04-14,26.9,26.7,29.1,27.1,25.1,27.0,26.5,29.2,27.3,24.0,26.98,1.43,0.18,68,30,13.0,26.07,0.0,0.9763,-0.2165,26.3,30.0,30.0,station
2025-04-15,25.3,23.3,25.6,26.8,26.4,25.6,23.3,27.5,25.0,25.6,25.48,1.36,0.08,71,36,16.2,25.05,0.0,0.9724,-0.2333,24.9,27.0,27.0,station
2025-04-16,28.9,25.7,29.9,29.1,28.5,28.2,26.1,29.2,29.5,28.1,28.42,1.6,0.2,69,40,13.7,25.26,0.0,0.9683,-0.25,28.3,32.0,32.0,station
2025-04-17,29.3,25.8,30.6,30.0,30.5,28.5,25.8,30.1,30.0,29.6,29.24,1.99,0.44,75,81,9.8,21.42,0.0,0.9638,-0.2666,28.9,,,
2025-04-18,27.1,25.4,32.1,28.8,27.4,27.0,26.5,32.1,29.4,29.4,28.16,2.51,-0.72,87,84,12.5,12.48,8.0,0.9591,-0.2831,28.6,,,
2025-04-19,29.6,27.2,30.9,31.7,29.6,29.7,26.8,30.9,31.8,30.5,29.8,1.71,-0.14,89,91,13.4,16.32,6.2,0.9541,-0.2996,28.7,33.0,33.0,station
2025-04-20,29.9,26.5,32.2,31.9,30.0,30.8,27.4,27.5,31.9,30.4,30.1,2.27,0.5,86,91,15.7,18.22,5.7,0.9488,-0.316,29.0,30.0,30.0,station
2025-04-21,29.6,27.8,33.2,31.0,29.5,30.8,27.9,32.4,30.6,30.6,30.22,2.02,-0.24,84,67,11.8,19.66,0.5,0.9432,-0.3322,30.9,33.0,33.0,station
2025-04-22,31.8,30.4,37.3,31.8,31.7,31.6,30.8,37.3,32.5,31.6,32.6,2.69,-0.16,81,55,13.0,24.9,0.0,0.9373,-0.3484,31.2,35.0,35.0,station
2025-04-23,28.1,24.5,27.7,27.0,30.5,27.6,24.4,32.0,30.1,32.4,27.56,2.16,-1.74,88,94,14.6,11.54,8.3,0.9312,-0.3645,27.8,31.0,31.0,station
2025-04-24,26.6,24.6,27.0,27.5,27.9,27.3,25.6,27.3,29.2,25.8,26.72,1.28,-0.32,85,95,11.7,12.28,4.9,0.9248,-0.3804,27.0,24.0,24.0,station
2025-04-25,23.0,21.3,23.9,24.1,23.5,23.7,21.4,24.1,25.0,23.6,23.16,1.12,-0.4,91,100,15.7,6.86,16.8,0.9181,-0.3963,22.9,23.0,23.0,station
2025-04-26,23.7,21.1,21.4,22.0,23.0,22.7,20.2,21.6,22.2,26.4,22.24,1.09,-0.38,90,88,14.7,8.07,9.1,0.9112,-0.412,23.5,21.0,21.0,station
2025-04-27,28.2,25.1,30.7,27.3,27.9,27.0,25.0,30.1,28.9,27.6,27.84,2.01,0.12,85,42,12.9,19.38,6.5,0.9039,-0.4276,28.4,30.0,30.0,station
2025-04-28,24.7,21.8,23.4,23.4,22.5,24.3,21.8,23.1,24.2,24.5,23.16,1.09,-0.42,86,76,13.4,10.3,4.9,0.8965,-0.4431,24.9,27.0,27.0,station
2025-04-29,26.8,23.9,26.7,26.9,25.0,27.3,24.2,27.0,26.6,25.6,25.86,1.35,-0.28,72,45,17.0,26.66,0.0,0.8887,-0.4585,25.7,27.0,27.0,station
2025-04-30,29.3,26.7,30.2,29.5,29.5,29.2,26.7,30.8,30.1,29.0,29.04,1.35,-0.12,74,37,13.9,24.07,0.2,0.8807,-0.4737,29.4,32.0,32.0,station
2025-05-01,27.2,24.3,30.0,28.0,27.3,26.7,23.8,30.7,27.9,27.1,27.36,2.05,0.12,77,90,14.3,15.8,0.0,0.8724,-0.4888,27.3,30.0,30.0,station
2025-05-02,29.2,26.5,29.5,29.9,29.3,29.7,26.5,29.6,29.9,28.6,28.88,1.36,0.02,74,31,24.5,24.57,0.0,0.8639,-0.5037,28.5,30.0,30.0,station
2025-05-03,29.1,26.6,32.4,30.2,29.6,29.7,27.6,32.1,29.7,30.1,29.58,2.09,-0.26,79,82,10.3,18.09,0.5,0.8551,-0.5185,29.0,31.0,31.0,station
2025-05-04,28.7,25.5,28.5,28.9,30.9,28.9,24.9,26.4,29.3,30.5,28.5,1.93,0.5,83,85,18.7,18.66,4.8,0.846,-0.5331,28.2,28.0,28.0,station
2025-05-05,30.6,27.5,30.0,29.7,29.7,29.6,26.7,30.8,30.2,27.8,29.5,1.18,0.48,85,83,14.9,20.26,5.0,0.8367,-0.5476,29.1,31.0,31.0,station
2025-05-06,28.6,25.9,31.2,28.9,28.9,27.3,25.2,31.3,29.9,28.0,28.7,1.88,0.36,85,81,19.3,20.17,18.2,0.8272,-0.5619,28.6,30.0,30.0,station
2025-05-07,23.6,22.0,24.4,24.0,23.1,27.4,22.8,24.8,24.4,26.4,23.42,0.93,-1.74,91,100,19.1,5.4,79.1,0.8174,-0.5761,23.2,25.0,25.0,station
2025-05-08,30.4,26.8,28.2,32.4,28.7,31.2,27.1,29.8,32.0,29.2,29.3,2.16,-0.56,78,93,14.5,20.89,0.2,0.8074,-0.59,30.9,31.0,31.0,station
2025-05-09,31.8,27.6,32.5,32.3,32.3,31.5,28.0,32.7,32.8,32.5,31.3,2.08,-0.2,84,100,12.0,19.59,6.9,0.7971,-0.6038,32.0,34.0,34.0,station
2025-05-10,24.9,23.7,27.3,26.6,24.3,25.9,23.5,28.6,26.5,25.5,25.36,1.53,-0.64,89,90,9.8,9.55,15.1,0.7866,-0.6175,27.1,27.0,27.0,station
2025-05-11,22.3,20.1,20.7,23.1,21.9,22.7,20.2,21.3,22.5,21.0,21.62,1.21,0.08,93,100,8.0,5.88,45.2,0.7759,-0.6309,22.1,23.0,23.0,station
2025-05-12,24.7,22.6,25.2,24.3,22.4,25.3,22.8,24.7,25.4,23.8,23.84,1.27,-0.56,70,99,19.9,19.54,0.0,0.7649,-0.6442,25.9,27.0,27.0,station
2025-05-13,31.2,27.2,31.4,31.8,28.9,30.1,26.9,31.0,31.5,29.0,30.1,1.98,0.4,73,16,10.2,24.67,0.0,0.7537,-0.6572,30.3,32.0,32.0,station
2025-05-14,32.3,28.2,33.1,33.6,30.4,31.5,28.1,32.0,33.5,29.0,31.52,2.22,0.7,77,36,11.1,25.2,0.0,0.7423,-0.6701,31.7,33.0,33.0,station
2025-05-15,31.9,28.9,33.2,33.6,31.0,32.6,29.2,33.1,34.5,31.9,31.72,1.89,-0.54,76,16,7.6,24.63,0.3,0.7306,-0.6828,31.3,34.0,34.0,station
2025-05-16,31.1,28.8,33.6,31.8,30.5,31.8,28.9,33.4,31.5,31.7,31.16,1.76,-0.3,76,35,9.3,24.79,0.6,0.7188,-0.6952,32.3,34.0,34.0,station
2025-05-17,31.8,28.8,34.4,33.0,31.8,32.0,28.8,34.8,32.7,31.0,31.96,2.07,0.1,84,36,14.1,22.87,5.0,0.7067,-0.7075,31.1,33.0,33.0,station
2025-05-18,31.9,27.6,31.9,31.4,27.9,31.5,27.8,31.7,32.3,27.7,30.14,2.19,-0.06,88,85,12.5,16.46,3.0,0.6945,-0.7195,31.4,33.0,33.0,station
2025-05-19,30.2,28.2,32.0,31.2,29.2,30.8,27.9,32.7,32.5,28.9,30.16,1.52,-0.4,86,83,10.4,17.15,1.5,0.682,-0.7314,30.9,33.0,33.0,station
2025-05-20,32.8,29.4,34.2,34.4,30.7,31.8,29.8,34.6,33.7,29.6,32.3,2.19,0.4,81,85,10.1,21.77,0.5,0.6693,-0.743,32.0,35.0,35.0,station
2025-05-21,32.3,29.6,35.8,32.7,31.9,32.4,29.8,35.1,34.0,31.6,32.46,2.22,-0.12,82,98,11.7,17.69,3.8,0.6564,-0.7544,31.3,34.0,34.0,station
2025-05-22,33.0,29.4,34.7,34.1,32.5,33.3,29.8,35.7,33.6,32.3,32.74,2.06,-0.2,81,86,9.7,19.7,1.2,0.6433,-0.7656,32.7,35.0,35.0,station
2025-05-23,33.2,30.7,35.6,35.5,32.4,32.7,30.4,35.0,34.6,32.3,33.48,2.09,0.48,76,96,12.3,22.35,0.3,0.6301,-0.7765,33.3,35.0,35.0,station
2025-05-24,26.0,24.7,28.4,28.6,26.8,27.4,24.9,27.8,28.0,29.9,26.9,1.64,-0.7,88,100,10.6,5.24,35.3,0.6166,-0.7873,26.9,30.0,30.0,station
2025-05-25,22.7,20.4,21.2,22.8,21.2,24.0,20.6,21.5,23.3,21.2,21.66,1.05,-0.46,84,100,12.0,5.73,9.5,0.603,-0.7978,22.3,22.0,22.0,station
2025-05-26,22.8,20.3,20.2,21.7,20.8,24.3,20.3,22.3,24.4,21.9,21.16,1.09,-1.48,85,97,14.5,6.81,8.7,0.5892,-0.808,22.6,21.0,21.0,station
2025-05-27,28.8,25.2,28.6,27.8,25.5,28.5,24.9,28.6,27.7,26.7,27.18,1.72,-0.1,80,99,20.7,22.58,0.3,0.5752,-0.818,28.9,29.0,29.0,station
2025-05-28,28.3,24.4,29.3,30.2,27.6,28.0,23.9,24.8,29.4,25.9,27.96,2.22,1.56,90,100,15.2,7.61,21.9,0.561,-0.8278,26.9,28.0,28.0,station
2025-05-29,23.9,21.0,22.7,23.5,23.1,23.5,21.0,23.0,23.7,23.1,22.84,1.12,-0.02,96,100,10.5,5.08,59.0,0.5467,-0.8373,23.6,24.0,24.0,station
2025-05-30,26.8,24.1,26.8,26.6,25.1,26.8,24.0,26.6,26.6,24.6,25.88,1.22,0.16,78,54,18.3,24.6,0.0,0.5322,-0.8466,26.6,28.0,28.0,station
2025-05-31,30.3,28.4,30.5,30.8,29.2,30.4,28.2,30.0,31.0,29.0,29.84,1.01,0.12,69,53,15.1,25.47,0.0,0.5176,-0.8556,31.8,34.0,34.0,station
2025-06-01,31.8,28.6,30.9,33.5,32.5,32.3,28.6,32.8,32.5,31.2,31.46,1.86,-0.02,80,99,12.1,17.27,0.2,0.5028,-0.8644,30.8,34.0,34.0,station
2025-06-02,33.4,31.0,35.6,35.4,32.7,33.6,31.2,35.9,34.4,32.7,33.62,1.93,0.06,79,97,18.3,25.0,0.0,0.4878,-0.8729,32.8,35.0,35.0,station
2025-06-03,29.7,27.6,32.8,30.6,29.7,30.5,27.3,30.4,29.8,29.2,30.08,1.88,0.64,90,100,10.0,6.0,38.4,0.4728,-0.8812,29.9,31.0,31.0,station
2025-06-04,27.7,24.4,25.1,25.1,24.4,25.7,24.1,23.7,26.1,24.7,25.34,1.36,0.48,90,97,17.4,9.33,16.4,0.4575,-0.8892,25.0,25.0,25.0,station
2025-06-05,28.5,26.0,29.8,26.7,28.8,30.9,26.8,31.7,28.9,28.0,27.96,1.57,-1.3,81,74,14.3,11.93,0.5,0.4422,-0.8969,29.8,27.0,27.0,station
2025-06-06,29.9,27.8,32.2,28.9,29.6,29.6,27.7,31.9,29.6,31.0,29.68,1.62,-0.28,89,46,9.6,16.81,14.8,0.4267,-0.9044,29.5,33.0,33.0,station
2025-06-07,32.2,28.9,33.2,29.5,30.0,31.7,28.6,32.4,29.5,30.2,30.76,1.85,0.28,85,37,7.1,20.74,1.0,0.4111,-0.9116,32.8,35.0,35.0,station
2025-06-08,32.9,29.5,34.7,31.0,29.6,31.9,29.4,33.4,30.0,30.3,31.54,2.24,0.54,85,97,7.1,22.24,1.3,0.3953,-0.9185,32.3,34.0,34.0,station
2025-06-09,32.0,29.5,35.1,31.3,31.2,33.0,29.7,32.6,30.8,29.9,31.82,2.05,0.62,85,92,8.3,19.66,4.7,0.3795,-0.9252,32.7,35.0,35.0,station
2025-06-10,33.1,31.1,35.6,31.3,32.1,34.7,31.5,35.6,31.9,32.2,32.64,1.83,-0.54,81,54,12.1,25.71,0.0,0.3635,-0.9316,34.2,35.0,35.0,station
2025-06-11,34.4,31.2,36.1,34.9,33.8,34.8,31.5,35.5,34.9,33.3,34.08,1.82,0.08,76,47,20.1,26.41,0.0,0.3474,-0.9377,35.6,35.0,35.0,station
2025-06-12,29.5,26.9,33.4,32.2,31.0,30.1,27.7,37.2,32.0,30.7,30.6,2.52,-0.94,86,89,25.0,5.16,16.5,0.3312,-0.9436,28.1,30.0,30.0,station
2025-06-13,28.8,26.7,27.7,29.2,28.4,28.3,26.9,34.4,28.9,27.9,28.16,0.99,-1.12,94,100,6.5,7.63,25.1,0.3149,-0.9491,29.8,31.0,31.0,station
2025-06-14,32.6,28.6,34.3,31.7,31.5,32.0,29.0,26.5,30.2,30.5,31.74,2.07,2.1,82,91,8.3,20.72,1.3,0.2986,-0.9544,33.0,36.0,36.0,station
2025-06-15,34.2,30.8,36.3,32.1,33.1,34.4,31.2,36.2,32.0,33.6,33.3,2.09,-0.18,77,63,10.9,26.42,0.0,0.2821,-0.9594,34.5,37.0,37.0,station
2025-06-16,32.9,29.8,33.5,31.9,32.4,32.9,30.3,31.3,31.6,32.6,32.1,1.42,0.36,78,94,18.0,23.25,3.5,0.2656,-0.9641,33.5,36.0,36.0,station
2025-06-17,30.5,27.8,31.3,29.1,29.4,30.9,27.2,31.0,28.0,31.8,29.62,1.34,-0.16,85,94,17.6,16.21,5.4,0.2489,-0.9685,30.3,33.0,33.0,station
2025-06-18,32.9,29.9,35.1,31.8,31.8,31.7,29.8,35.4,31.1,30.9,32.3,1.9,0.52,77,68,11.5,24.45,0.3,0.2322,-0.9727,34.2,36.0,36.0,station
2025-06-19,33.4,30.2,34.7,32.5,31.4,32.6,29.9,34.4,32.1,32.1,32.44,1.74,0.22,76,91,13.8,22.44,0.2,0.2155,-0.9765,33.4,35.0,35.0,station
2025-06-20,32.5,30.4,33.7,32.4,32.1,33.0,30.1,34.5,32.1,31.3,32.22,1.19,0.02,81,80,9.1,22.55,2.5,0.1986,-0.9801,33.6,37.0,37.0,station
2025-06-21,32.5,29.8,34.5,31.2,32.5,32.6,29.8,32.9,31.3,31.7,32.1,1.74,0.44,81,72,14.1,23.26,2.2,0.1818,-0.9833,32.8,33.0,33.0,station
2025-06-22,33.0,30.4,36.0,32.8,32.3,32.8,30.5,36.3,32.1,32.7,32.9,2.01,0.02,77,89,10.7,24.02,0.7,0.1648,-0.9863,33.2,35.0,35.0,station
2025-06-23,33.6,30.7,33.7,32.4,33.1,34.1,30.7,33.4,33.1,33.2,32.7,1.23,-0.2,74,73,9.3,22.47,0.5,0.1478,-0.989,34.4,36.0,36.0,station
2025-06-24,34.6,30.7,34.9,32.2,33.2,34.4,30.6,35.7,31.5,32.2,33.12,1.74,0.24,77,86,10.9,23.21,0.7,0.1308,-0.9914,35.2,36.0,36.0,station
2025-06-25,33.7,29.8,33.5,32.2,32.7,34.3,30.3,33.1,33.0,32.1,32.38,1.56,-0.18,82,92,8.2,20.69,4.0,0.1137,-0.9935,33.4,36.0,36.0,station
2025-06-26,33.9,29.9,34.0,31.7,30.8,33.1,30.3,35.6,32.6,31.5,32.06,1.84,-0.56,77,56,9.2,24.12,0.7,0.0966,-0.9953,33.3,35.0,35.0,station
2025-06-27,32.8,29.8,35.6,33.1,32.8,33.8,29.8,35.5,31.7,32.6,32.82,2.06,0.14,79,27,8.1,23.64,2.6,0.0795,-0.9968,33.5,36.0,36.0,station
2025-06-28,32.3,30.3,34.8,31.6,32.0,33.2,29.7,33.2,31.6,33.4,32.2,1.64,-0.02,77,51,9.4,25.17,0.9,0.0623,-0.9981,34.5,35.0,35.0,station
2025-06-29,34.4,30.2,35.1,33.8,31.7,34.3,30.2,35.5,33.2,32.2,33.04,2.03,-0.04,75,82,16.6,21.35,2.1,0.0451,-0.999,35.3,36.0,36.0,station
2025-06-30,35.8,31.8,36.1,35.1,34.3,35.7,32.2,36.5,34.7,33.8,34.62,1.72,0.04,71,10,25.5,27.39,0.0,0.028,-0.9996,36.3,36.0,36.0,station
2025-07-01,36.3,32.5,36.7,36.7,35.4,36.2,32.4,36.6,36.9,35.3,35.52,1.77,0.04,65,16,23.3,26.62,0.0,0.0108,-0.9999,36.5,35.0,35.0,station
2025-07-02,36.4,31.5,36.0,35.4,35.9,36.4,31.4,36.0,35.4,34.8,35.04,2.01,0.24,65,10,19.6,27.24,0.0,-0.0065,-1.0,36.4,36.0,36.0,station
2025-07-03,35.2,31.1,36.6,33.9,34.7,35.5,31.5,35.9,34.4,34.8,34.3,2.04,-0.12,66,35,21.7,26.19,0.0,-0.0237,-0.9997,35.1,35.0,35.0,station
2025-07-04,36.1,31.6,36.2,35.6,35.6,36.8,30.9,36.2,35.7,35.4,35.02,1.93,0.02,64,45,20.6,25.5,1.1,-0.0408,-0.9992,36.9,36.0,36.0,station
2025-07-05,37.0,30.3,35.7,35.6,34.8,36.4,29.9,36.4,35.4,35.4,34.68,2.57,-0.02,67,49,11.2,23.25,2.3,-0.058,-0.9983,35.0,35.0,35.0,station
2025-07-06,32.0,26.5,32.8,31.6,30.8,30.1,28.1,31.6,30.2,31.3,30.74,2.48,0.48,77,84,23.0,16.0,8.5,-0.0752,-0.9972,33.3,34.0,34.0,station
2025-07-07,28.6,25.9,36.2,29.6,30.0,32.0,26.6,29.4,28.8,28.5,30.06,3.79,1.0,85,97,24.2,7.76,33.3,-0.0923,-0.9957,29.9,29.0,29.0,station
2025-07-08,34.8,31.9,35.7,33.7,34.0,33.2,31.1,37.3,32.9,32.8,34.02,1.42,0.56,70,100,20.2,15.62,4.1,-0.1094,-0.994,33.6,35.0,35.0,station
2025-07-09,31.5,27.5,29.1,32.3,29.9,30.1,27.7,29.2,33.4,30.0,30.06,1.91,-0.02,89,100,16.8,8.52,6.2,-0.1265,-0.992,30.3,28.0,28.0,station
2025-07-10,30.5,27.5,28.7,28.7,28.7,28.1,27.2,26.6,30.2,31.6,28.82,1.07,0.08,93,100,7.8,6.18,15.4,-0.1436,-0.9896,27.7,30.0,30.0,station
2025-07-11,29.1,26.6,26.2,29.8,26.5,29.9,27.0,28.0,29.1,27.9,27.64,1.68,-0.74,88,100,9.4,9.72,5.5,-0.1606,-0.987,29.3,30.0,30.0,station
2025-07-12,31.8,29.1,34.6,30.8,31.9,31.9,29.2,33.7,30.7,32.2,31.64,2.0,0.1,86,97,15.1,17.68,3.1,-0.1775,-0.9841,32.2,34.0,34.0,station
2025-07-13,33.5,31.3,35.9,31.3,31.6,34.2,31.5,35.9,31.3,31.8,32.72,2.0,-0.22,79,99,17.6,26.03,0.2,-0.1944,-0.9809,33.0,35.0,35.0,station
2025-07-14,32.0,29.0,31.5,31.4,30.8,33.3,29.6,28.5,30.9,31.5,30.94,1.17,0.18,78,97,17.9,16.54,0.2,-0.2113,-0.9774,32.0,33.0,33.0,station
2025-07-15,34.1,30.7,35.6,31.9,31.9,34.2,30.6,36.0,31.9,32.6,32.84,1.97,-0.22,80,79,13.6,24.25,3.3,-0.2281,-0.9736,33.8,37.0,37.0,station
2025-07-16,34.6,30.3,36.2,33.1,31.0,32.5,30.8,37.0,32.8,32.0,33.04,2.45,0.02,82,58,8.2,22.68,11.8,-0.2448,-0.9696,34.7,36.0,36.0,station
2025-07-17,34.4,30.8,36.3,32.7,31.5,33.6,31.1,36.2,32.6,32.1,33.14,2.23,0.02,84,96,12.1,21.96,5.1,-0.2614,-0.9652,34.5,36.0,36.0,station
2025-07-18,33.4,30.1,34.5,34.2,33.4,34.2,30.2,34.2,34.8,32.8,33.12,1.76,-0.12,81,100,24.4,24.61,2.9,-0.278,-0.9606,33.2,35.0,35.0,station
2025-07-19,27.9,26.7,29.9,31.3,30.0,28.7,26.8,31.8,32.6,30.1,29.16,1.84,-0.84,88,100,27.2,6.33,22.0,-0.2945,-0.9557,27.5,30.0,30.0,station
2025-07-20,31.1,28.1,32.3,32.4,32.5,31.7,28.7,31.3,33.6,31.4,31.28,1.87,-0.06,85,97,24.4,8.69,2.6,-0.3109,-0.9505,28.6,31.0,31.0,station
2025-07-21,28.0,26.1,26.7,28.6,29.8,28.3,26.0,27.8,30.4,30.3,27.84,1.48,-0.72,92,100,14.9,6.47,24.6,-0.3272,-0.945,27.9,30.0,30.0,station
2025-07-22,29.8,27.8,31.9,30.5,31.1,29.6,27.7,26.6,29.9,28.2,30.22,1.56,1.82,82,100,21.7,16.35,0.9,-0.3434,-0.9392,30.8,32.0,32.0,station
2025-07-23,32.8,29.3,33.4,31.9,32.4,32.7,29.0,32.6,32.1,30.4,31.96,1.59,0.6,79,36,22.9,26.29,0.4,-0.3595,-0.9332,32.2,34.0,34.0,station
2025-07-24,28.6,26.9,32.4,30.6,30.0,30.8,27.2,31.9,30.2,30.5,29.7,2.08,-0.42,87,66,18.2,19.79,15.5,-0.3755,-0.9268,30.9,32.0,32.0,station
2025-07-25,28.5,27.2,29.4,28.0,26.4,29.6,27.0,28.4,27.9,26.9,27.9,1.16,-0.06,94,98,13.4,13.36,17.8,-0.3914,-0.9202,28.6,29.0,29.0,station
2025-07-26,32.5,28.5,33.7,27.3,30.8,31.6,28.4,28.5,27.8,28.3,30.56,2.67,1.64,83,82,18.3,20.29,0.9,-0.4071,-0.9134,32.1,35.0,35.0,station
2025-07-27,32.9,29.0,29.5,31.0,31.3,31.6,28.1,35.1,27.9,30.5,30.74,1.55,0.1,83,95,15.7,18.46,8.1,-0.4228,-0.9062,32.5,34.0,34.0,station
2025-07-28,29.9,27.0,33.4,28.8,28.4,31.1,27.4,32.9,28.2,28.4,29.5,2.41,-0.1,88,87,16.3,19.78,21.3,-0.4383,-0.8988,31.5,32.0,32.0,station
2025-07-29,30.4,28.8,29.9,29.1,30.4,31.4,27.7,33.3,30.4,31.0,29.72,0.74,-1.04,87,68,17.9,16.86,7.1,-0.4537,-0.8912,30.4,32.0,32.0,station
2025-07-30,34.0,31.7,36.3,31.4,32.6,33.2,31.7,36.5,31.3,32.6,33.2,2.01,0.14,76,57,19.1,20.95,3.8,-0.469,-0.8832,33.0,36.0,36.0,station
2025-07-31,33.5,30.4,35.9,32.8,33.4,32.0,29.8,33.0,31.5,28.3,33.2,1.96,2.28,82,88,9.3,18.93,20.3,-0.4841,-0.875,33.1,37.0,37.0,station
2025-08-01,33.7,29.3,34.1,32.1,31.6,33.5,29.2,33.7,30.9,28.9,32.16,1.91,0.92,86,88,6.0,15.53,1.8,-0.4991,-0.8666,32.0,34.0,34.0,station
2025-08-02,34.3,28.8,34.6,31.5,32.3,32.7,28.9,33.4,31.3,29.3,32.3,2.35,1.18,89,95,7.8,16.46,20.0,-0.5139,-0.8578,33.2,35.0,35.0,station
2025-08-03,30.1,29.1,34.6,32.7,30.8,33.2,28.9,34.9,32.3,32.9,31.46,2.19,-0.98,85,80,12.5,16.35,2.0,-0.5286,-0.8489,32.2,37.0,37.0,station
2025-08-04,31.6,28.7,29.5,31.6,28.8,33.4,28.7,30.0,32.6,32.1,30.04,1.46,-1.32,84,97,11.7,15.34,4.2,-0.5431,-0.8397,34.4,36.0,36.0,station
2025-08-05,31.0,28.4,31.2,30.7,32.0,31.0,28.5,33.3,31.7,31.9,30.66,1.35,-0.62,85,89,8.7,16.68,8.7,-0.5575,-0.8302,32.7,35.0,35.0,station
2025-08-06,32.6,29.8,33.8,31.4,31.6,33.6,30.3,33.5,31.6,30.1,31.84,1.49,0.02,84,38,10.6,22.82,2.5,-0.5717,-0.8205,33.5,36.0,36.0,station
2025-08-07,33.0,30.5,35.6,30.8,31.0,33.5,30.4,34.6,31.4,31.3,32.18,2.15,-0.06,81,44,6.3,24.03,0.0,-0.5857,-0.8105,33.7,35.0,35.0,station
2025-08-08,33.3,30.6,35.9,31.3,32.4,33.5,30.7,35.8,32.8,31.2,32.7,2.07,-0.1,80,96,13.6,24.62,0.0,-0.5996,-0.8003,34.6,36.0,36.0,station
2025-08-09,34.7,31.0,36.5,32.0,32.5,33.9,31.0,36.0,32.1,32.1,33.34,2.23,0.32,76,93,8.1,23.98,0.4,-0.6132,-0.7899,34.3,35.0,35.0,station
2025-08-10,33.2,29.9,34.1,31.6,31.3,33.8,30.3,34.6,31.0,31.2,32.02,1.65,-0.16,79,91,10.8,20.62,5.4,-0.6267,-0.7792,34.1,34.0,34.0,station
2025-08-11,32.9,29.4,35.0,31.2,31.5,33.6,29.7,35.7,31.9,30.5,32.0,2.09,-0.28,79,87,12.9,21.52,0.9,-0.64,-0.7683,34.4,35.0,35.0,station
2025-08-12,34.8,30.3,32.9,32.2,31.7,33.5,30.2,33.0,32.0,31.4,32.38,1.65,0.36,78,86,13.3,24.05,2.7,-0.6532,-0.7572,34.5,34.0,34.0,station
2025-08-13,29.6,27.4,30.5,31.7,29.2,29.7,26.9,27.0,31.5,29.7,29.68,1.6,0.72,80,98,39.0,13.32,5.3,-0.6661,-0.7459,30.8,33.0,33.0,station
2025-08-14,34.4,30.7,34.5,34.5,32.4,34.1,30.8,34.8,35.3,32.3,33.3,1.71,-0.16,68,20,26.2,25.11,0.0,-0.6788,-0.7343,33.8,34.0,34.0,station
2025-08-15,34.3,30.2,33.1,33.8,32.8,33.7,30.4,32.6,33.8,31.9,32.84,1.59,0.36,67,49,24.8,25.22,0.0,-0.6914,-0.7225,34.8,34.0,34.0,station
2025-08-16,34.4,29.9,33.6,32.9,33.1,34.2,30.1,33.6,33.5,32.6,32.78,1.71,-0.02,69,10,22.6,24.79,0.0,-0.7037,-0.7105,33.8,34.0,34.0,station
2025-08-17,35.1,30.6,34.7,34.1,33.5,34.5,30.8,34.4,34.3,33.1,33.6,1.78,0.18,66,38,18.1,24.98,0.0,-0.7158,-0.6983,36.2,35.0,35.0,station
2025-08-18,35.3,29.9,35.4,32.7,33.5,34.6,29.6,35.4,32.5,32.8,33.36,2.26,0.38,70,15,11.6,23.14,0.6,-0.7277,-0.6859,35.6,35.0,35.0,station
2025-08-19,34.5,29.3,34.7,31.1,32.8,33.6,29.4,35.3,31.0,32.4,32.48,2.3,0.14,68,50,12.0,23.07,1.2,-0.7394,-0.6733,34.4,35.0,35.0,station
2025-08-20,35.0,29.5,36.4,32.1,33.2,34.5,29.0,36.6,32.4,33.0,33.24,2.66,0.14,65,44,10.9,21.98,3.4,-0.7509,-0.6605,36.4,37.0,37.0,station
2025-08-21,35.1,30.1,36.7,32.2,32.5,34.9,29.7,36.0,31.3,33.4,33.32,2.59,0.26,70,25,15.5,22.37,1.3,-0.7621,-0.6474,36.0,36.0,36.0,station
2025-08-22,37.0,31.4,37.4,32.9,33.3,35.0,30.9,37.1,32.2,33.8,34.4,2.66,0.6,70,44,14.5,24.2,0.7,-0.7731,-0.6342,37.5,37.0,37.0,station
2025-08-23,36.8,31.2,37.0,33.4,33.9,37.3,31.5,37.8,34.3,34.0,34.46,2.45,-0.52,68,30,10.6,24.66,0.0,-0.7839,-0.6208,37.2,36.0,36.0,station
2025-08-24,37.2,32.1,36.6,33.5,34.1,36.1,31.3,36.4,33.6,34.7,34.7,2.15,0.28,65,19,23.4,25.27,0.0,-0.7945,-0.6073,37.9,36.0,36.0,station
2025-08-25,35.3,31.3,36.1,35.7,34.3,35.7,31.3,36.5,35.5,33.9,34.54,1.93,-0.04,65,10,20.5,24.91,0.0,-0.8048,-0.5935,36.3,36.0,36.0,station
2025-08-26,35.4,30.4,35.9,34.7,34.0,34.8,29.8,36.0,34.0,34.4,34.08,2.18,0.28,67,55,21.2,21.47,0.0,-0.8149,-0.5796,35.8,35.0,35.0,station
2025-08-27,35.0,29.3,35.5,34.8,33.3,35.3,30.0,35.2,35.1,33.5,33.58,2.53,-0.24,64,82,18.9,17.45,1.8,-0.8248,-0.5655,34.1,35.0,35.0,station
2025-08-28,35.4,31.8,34.9,35.3,33.4,35.5,31.5,36.0,35.3,33.7,34.16,1.54,-0.24,64,43,22.2,22.65,0.0,-0.8344,-0.5512,35.2,35.0,35.0,station
2025-08-29,35.3,32.1,34.7,35.2,33.8,35.3,32.1,34.7,35.2,33.5,34.22,1.33,0.06,64,4,20.6,24.9,0.0,-0.8437,-0.5368,35.6,35.0,35.0,station
2025-08-30,36.7,30.9,36.5,34.7,33.0,35.4,30.8,37.1,35.7,34.3,34.36,2.45,-0.3,66,32,11.0,21.46,1.8,-0.8528,-0.5222,37.3,36.0,36.0,station
2025-08-31,35.7,29.7,35.9,34.6,31.3,35.4,30.3,34.2,33.7,33.1,33.44,2.79,0.1,68,47,8.3,21.42,0.8,-0.8617,-0.5074,35.5,36.0,36.0,station
2025-09-01,32.3,29.0,32.7,30.6,30.1,33.3,29.4,34.3,33.8,29.4,30.94,1.54,-1.1,67,92,6.9,13.53,0.2,-0.8703,-0.4925,34.6,33.0,33.0,station
2025-09-02,33.9,28.7,36.0,30.8,32.2,34.9,28.8,35.7,31.6,31.6,32.32,2.8,-0.2,78,72,9.7,17.52,3.8,-0.8786,-0.4775,32.4,33.0,33.0,station
2025-09-03,33.5,28.8,36.2,31.8,32.6,34.6,29.7,35.7,31.7,32.9,32.58,2.69,-0.34,82,26,8.5,21.03,1.4,-0.8867,-0.4623,32.9,34.0,34.0,station
2025-09-04,32.3,29.4,35.8,31.9,31.3,34.0,29.2,34.9,32.2,30.6,32.14,2.33,-0.04,81,23,8.7,21.13,2.2,-0.8945,-0.447,33.5,36.0,36.0,station
2025-09-05,34.3,30.8,36.1,33.9,33.1,34.8,30.6,36.6,34.2,32.6,33.64,1.93,-0.12,77,27,20.1,23.73,0.0,-0.9021,-0.4315,34.8,36.0,36.0,station
2025-09-06,34.8,32.2,35.5,36.2,34.5,34.6,32.5,35.7,35.2,33.8,34.64,1.51,0.28,71,53,22.4,22.87,0.0,-0.9094,-0.4159,34.5,36.0,36.0,station
2025-09-07,34.6,28.5,33.7,30.6,31.5,34.1,28.4,36.6,30.2,33.2,31.78,2.44,-0.72,80,69,6.4,17.55,4.5,-0.9164,-0.4002,34.2,34.0,34.0,station
2025-09-08,34.2,29.9,36.1,32.1,32.0,34.0,29.9,35.7,33.1,32.3,32.86,2.36,-0.14,75,86,10.5,19.93,1.8,-0.9232,-0.3844,34.4,34.0,34.0,station
2025-09-09,34.6,29.4,36.4,31.8,32.6,35.1,29.7,37.0,32.6,32.6,32.96,2.68,-0.44,72,97,12.9,19.63,1.1,-0.9296,-0.3685,34.6,34.0,34.0,station
2025-09-10,34.7,29.3,35.9,32.1,32.9,34.8,29.3,34.9,32.0,33.3,32.98,2.54,0.12,78,95,9.1,19.83,6.0,-0.9358,-0.3524,35.5,37.0,37.0,station
2025-09-11,35.1,30.7,35.8,32.3,31.9,35.7,30.4,34.5,32.7,32.0,33.16,2.19,0.1,73,52,16.5,21.43,0.9,-0.9418,-0.3363,35.9,36.0,36.0,station
2025-09-12,35.3,29.1,35.1,31.1,31.6,33.5,29.7,35.0,32.0,31.2,32.44,2.69,0.16,76,21,9.0,18.25,1.8,-0.9474,-0.32,34.2,34.0,34.0,station
2025-09-13,35.3,29.8,35.0,31.4,31.9,35.2,29.8,36.2,31.1,31.9,32.68,2.39,-0.16,72,17,10.2,21.33,2.2,-0.9528,-0.3037,36.3,35.0,35.0,station
2025-09-14,35.6,29.6,36.0,31.7,32.7,35.1,29.4,34.8,31.9,32.1,33.12,2.69,0.46,73,31,12.8,21.78,6.7,-0.9579,-0.2873,37.2,37.0,37.0,station
2025-09-15,36.3,32.3,36.8,37.0,32.9,37.1,32.1,36.6,36.7,33.5,35.06,2.27,-0.14,71,18,22.5,22.99,0.0,-0.9627,-0.2707,36.1,36.0,36.0,station
2025-09-16,36.0,32.0,36.9,35.9,34.6,35.2,31.8,36.9,35.8,34.3,35.08,1.91,0.28,67,55,21.0,22.17,0.0,-0.9672,-0.2541,35.6,35.0,35.0,station
2025-09-17,36.2,31.6,36.5,35.2,34.9,36.6,31.7,36.4,35.9,34.6,34.88,1.95,-0.16,66,50,22.4,22.5,0.0,-0.9714,-0.2375,35.8,35.0,35.0,station
2025-09-18,33.7,30.5,34.2,34.3,33.9,33.9,30.6,34.0,35.1,34.3,33.32,1.59,-0.26,67,90,25.7,20.83,0.0,-0.9753,-0.2207,34.1,,,
2025-09-19,36.1,30.3,36.0,35.6,34.1,35.6,30.0,35.1,35.2,34.1,34.42,2.44,0.42,58,98,21.8,18.3,0.1,-0.979,-0.2039,36.3,,,
2025-09-20,34.6,29.1,33.9,31.9,32.4,34.3,28.8,35.7,34.8,33.9,32.38,2.13,-1.12,70,86,9.8,17.11,2.0,-0.9824,-0.187,35.4,,,
2025-09-21,34.6,29.8,33.4,32.6,32.1,33.4,30.1,33.1,33.2,31.7,32.5,1.78,0.2,73,68,23.1,19.19,2.4,-0.9854,-0.1701,33.4,30.0,30.0,station
2025-09-22,31.1,26.7,30.8,30.6,30.1,30.5,26.3,29.4,30.9,29.2,29.86,1.8,0.6,84,92,28.3,15.63,9.0,-0.9882,-0.1531,29.9,32.0,32.0,station
2025-09-23,27.1,26.7,28.1,31.0,27.8,27.2,27.2,28.8,31.4,29.2,28.14,1.69,-0.62,88,100,28.8,4.1,15.1,-0.9907,-0.1361,26.9,29.0,29.0,station
2025-09-24,33.2,29.1,35.5,34.6,33.0,32.5,29.5,34.1,34.8,33.0,33.08,2.45,0.3,74,65,28.3,18.39,3.5,-0.9929,-0.1191,32.4,35.0,35.0,station
2025-09-25,33.5,31.5,33.9,35.0,33.2,33.4,31.2,33.9,35.5,33.1,33.42,1.27,0.0,70,29,25.8,22.6,0.0,-0.9948,-0.102,32.8,,,
2025-09-26,31.3,29.9,31.9,32.2,31.5,30.0,28.3,33.5,32.7,32.7,31.36,0.89,-0.08,82,89,21.7,7.14,2.5,-0.9964,-0.0848,28.5,,,
2025-09-27,33.9,30.7,34.9,34.0,33.5,34.1,31.0,34.9,34.5,33.5,33.4,1.59,-0.2,73,40,20.1,20.28,0.0,-0.9977,-0.0677,34.0,,,
2025-09-28,37.0,31.7,36.4,32.9,34.2,35.3,31.3,36.2,33.1,33.8,34.44,2.25,0.5,68,11,6.0,21.42,0.0,-0.9987,-0.0505,37.0,,,
2025-09-29,36.0,30.5,36.4,30.7,33.1,35.5,30.9,34.2,31.9,34.1,33.34,2.81,0.02,74,20,12.2,18.36,1.1,-0.9994,-0.0333,36.5,,,
2025-09-30,35.1,30.8,35.9,33.6,32.5,36.0,30.7,35.5,34.6,33.2,33.58,2.04,-0.42,68,33,8.1,21.43,0.0,-0.9999,-0.0161,37.2,,,
2025-10-01,35.6,30.8,35.9,31.5,33.0,35.9,31.1,36.1,32.6,33.0,33.36,2.32,-0.38,69,44,15.9,19.96,0.0,-1.0,0.0011,36.1,,,
2025-10-02,36.9,31.0,36.1,34.1,33.5,37.3,30.8,35.8,32.3,33.8,34.32,2.32,0.32,64,36,15.7,21.81,0.0,-0.9998,0.0183,36.1,,,
2025-10-03,36.9,31.5,35.9,33.4,34.2,36.3,31.8,36.4,32.3,33.9,34.38,2.12,0.24,65,5,16.3,21.63,0.0,-0.9994,0.0355,36.4,,,
2025-10-04,36.6,31.2,37.4,33.3,34.4,36.9,31.3,37.0,34.2,34.8,34.58,2.51,-0.26,67,5,15.5,21.18,0.0,-0.9986,0.0527,37.7,,,
2025-10-05,36.0,30.8,36.6,32.6,33.7,36.5,30.9,35.9,31.5,33.4,33.94,2.4,0.3,73,23,9.3,19.9,0.7,-0.9976,0.0698,36.7,,,
2025-10-06,36.6,31.3,36.1,34.5,33.6,36.2,31.2,35.6,34.4,33.5,34.42,2.12,0.24,73,15,16.8,19.41,0.1,-0.9962,0.087,36.6,,,
2025-10-07,34.7,30.6,34.2,32.7,33.2,34.4,30.8,33.9,32.6,32.5,33.08,1.6,0.24,70,13,20.4,18.69,0.0,-0.9946,0.1041,33.7,,,
2025-10-08,34.2,29.4,34.9,31.6,32.1,33.7,29.4,34.5,30.8,30.5,32.44,2.19,0.66,71,28,20.5,18.77,0.2,-0.9926,0.1212,34.7,,,
2025-10-09,32.2,28.8,33.6,31.8,31.2,32.9,29.0,32.9,31.5,30.6,31.52,1.76,0.14,73,34,17.6,17.51,0.0,-0.9904,0.1383,32.8,,,
2025-10-10,34.1,29.6,34.0,33.2,32.8,35.0,30.0,33.9,33.2,32.6,32.74,1.84,-0.2,73,51,16.9,19.21,0.0,-0.9879,0.1553,34.2,,,
2025-10-11,36.9,30.6,36.7,34.8,33.7,36.0,30.1,36.1,33.1,34.5,34.54,2.58,0.58,70,91,14.5,18.45,0.4,-0.9851,0.1722,36.6,,,
2025-10-12,35.7,30.7,35.9,33.0,32.6,35.9,30.5,36.1,32.7,33.5,33.58,2.21,-0.16,71,52,13.0,19.5,0.2,-0.9819,0.1892,36.8,,,
2025-10-13,36.7,31.8,36.5,33.6,33.1,36.2,31.6,36.4,34.0,33.1,34.34,2.17,0.08,73,14,13.4,18.28,1.5,-0.9785,0.206,36.8,,,
2025-10-14,35.6,30.9,35.3,34.1,33.6,35.9,31.5,35.7,33.9,32.7,33.9,1.87,-0.04,72,23,16.2,19.36,0.0,-0.9749,0.2228,35.7,,,
2025-10-15,33.5,30.1,33.1,33.3,32.8,33.6,30.1,33.7,32.9,32.9,32.56,1.4,-0.08,66,5,18.1,19.55,0.0,-0.9709,0.2396,34.0,,,
2025-10-16,34.3,30.1,34.0,33.1,33.2,34.3,29.7,33.7,33.0,33.5,32.94,1.67,0.1,69,3,19.0,20.04,0.0,-0.9666,0.2562,34.5,,,
2025-10-17,33.8,30.4,33.3,33.0,33.4,34.2,30.2,34.3,33.3,33.6,32.78,1.36,-0.34,69,29,20.4,18.26,0.0,-0.9621,0.2728,34.2,,,
2025-10-18,34.0,30.2,33.4,33.2,32.5,34.0,30.1,33.7,32.5,32.6,32.66,1.48,0.08,71,20,22.3,18.45,0.2,-0.9572,0.2893,33.7,,,
2025-10-19,30.9,25.3,30.5,29.3,30.9,30.6,25.0,31.5,29.6,31.1,29.38,2.37,-0.18,88,96,19.2,4.77,42.6,-0.9521,0.3057,29.1,26.0,26.0,station
2025-10-20,24.9,22.8,28.2,26.6,25.9,26.9,23.2,25.2,25.8,25.3,25.68,2.01,0.4,95,100,23.0,2.07,145.8,-0.9467,0.3221,24.3,26.0,26.0,station
2025-10-21,23.9,21.3,23.8,24.9,24.0,24.5,21.6,24.1,25.1,24.4,23.58,1.35,-0.36,91,100,18.9,3.11,74.5,-0.941,0.3383,23.2,,,
2025-10-22,23.8,21.2,22.6,24.4,23.7,23.8,21.1,22.8,24.4,24.1,23.14,1.26,-0.1,93,100,23.6,2.6,62.3,-0.9351,0.3545,22.8,23.0,23.0,station
2025-10-23,24.8,21.8,22.6,24.4,24.5,25.3,21.4,23.0,25.3,24.3,23.62,1.33,-0.24,88,99,18.9,5.16,19.8,-0.9288,0.3705,25.6,25.0,25.0,station
2025-10-24,25.3,22.2,22.9,24.9,23.7,25.3,22.1,22.9,25.0,25.5,23.8,1.31,-0.36,89,100,17.5,4.42,11.7,-0.9223,0.3864,23.9,,,
2025-10-25,25.8,23.1,23.4,24.7,24.7,26.1,23.2,23.3,25.8,26.4,24.34,1.1,-0.62,88,96,19.1,7.53,4.3,-0.9155,0.4022,25.7,,,
2025-10-26,25.3,22.8,22.7,24.4,23.9,24.6,22.4,23.3,24.8,24.0,23.82,1.1,0.0,84,97,14.4,5.51,1.4,-0.9085,0.4179,24.9,,,
2025-10-27,23.6,20.9,21.4,23.1,21.7,23.7,21.1,21.5,22.9,22.7,22.14,1.15,-0.24,83,99,19.7,5.17,1.0,-0.9012,0.4335,23.8,,,
2025-10-28,23.8,20.8,23.2,23.0,22.0,23.1,20.4,21.9,23.7,22.4,22.56,1.18,0.26,91,98,15.9,4.28,12.3,-0.8936,0.4489,22.6,,,
2025-10-29,25.6,22.9,24.4,25.6,23.6,26.3,22.8,25.3,25.3,24.7,24.42,1.2,-0.46,78,86,25.3,10.74,0.4,-0.8857,0.4642,26.5,24.0,24.0,station
2025-10-30,29.7,26.4,28.9,27.9,26.5,28.4,25.8,28.1,27.4,27.6,27.88,1.45,0.42,82,61,19.5,14.56,2.0,-0.8776,0.4794,28.9,,,
2025-10-31,26.5,22.7,24.1,24.4,25.2,26.5,22.5,23.6,24.8,24.5,24.58,1.4,0.2,83,96,11.8,13.01,1.9,-0.8692,0.4944,26.3,,,
2025-11-01,25.1,22.0,25.5,24.2,24.2,25.4,22.4,25.4,23.9,24.8,24.2,1.35,-0.18,75,100,16.1,7.58,1.3,-0.8606,0.5093,24.7,,,
2025-11-02,22.7,20.6,21.7,22.7,22.7,25.3,21.4,21.6,22.6,23.8,22.08,0.93,-0.86,79,99,14.2,5.79,8.0,-0.8517,0.524,23.7,,,
2025-11-03,23.0,18.9,20.8,22.6,20.9,24.3,20.0,19.6,22.6,22.1,21.24,1.64,-0.48,85,100,17.8,3.46,7.6,-0.8426,0.5386,21.4,,,
2025-11-04,26.1,21.9,21.0,22.6,23.8,24.0,21.2,21.3,22.7,24.3,23.08,1.97,0.38,89,99,17.1,5.32,7.8,-0.8332,0.553,23.5,24.0,24.0,station
2025-11-05,26.2,22.5,23.1,24.0,23.6,25.2,22.5,23.8,25.1,26.9,23.88,1.41,-0.82,88,82,14.7,9.09,1.2,-0.8235,0.5672,25.6,26.0,26.0,station
2025-11-06,27.2,24.1,25.2,26.3,25.6,28.0,24.1,26.8,26.5,24.5,25.68,1.16,-0.3,81,62,22.5,11.32,0.0,-0.8137,0.5813,26.6,,,
2025-11-07,30.0,26.6,29.3,27.6,28.4,29.4,26.4,29.3,27.2,27.4,28.38,1.35,0.44,79,35,16.9,15.18,0.0,-0.8035,0.5952,29.5,,,
2025-11-08,29.5,26.5,29.5,28.5,28.1,29.6,26.7,28.8,27.6,28.3,28.42,1.24,0.22,76,12,18.4,16.52,0.0,-0.7932,0.609,29.2,,,
2025-11-09,29.2,25.6,29.0,27.4,26.6,28.3,25.8,29.1,26.9,27.5,27.56,1.55,0.04,83,70,23.4,13.54,1.0,-0.7826,0.6225,29.0,30.0,30.0,station
2025-11-10,23.9,21.4,24.2,24.4,24.0,24.4,21.6,23.3,23.8,23.2,23.58,1.23,0.32,90,99,28.8,3.42,16.8,-0.7718,0.6359,23.5,24.0,24.0,station
2025-11-11,26.6,22.0,24.7,24.6,24.7,27.0,22.2,25.0,24.3,25.0,24.52,1.64,-0.18,92,100,28.3,3.76,39.4,-0.7607,0.6491,23.3,24.0,24.0,station
2025-11-12,29.7,23.6,29.2,25.2,28.4,29.0,23.7,27.6,26.5,28.7,27.22,2.68,0.12,88,99,28.2,10.69,9.3,-0.7494,0.6621,29.0,,,
2025-11-13,24.4,21.6,24.8,24.0,24.2,24.2,21.2,24.8,25.5,24.7,23.8,1.26,-0.28,89,100,24.7,4.27,11.9,-0.7379,0.6749,23.3,26.0,26.0,station
2025-11-14,24.7,21.0,23.2,22.3,22.8,24.4,20.5,23.0,22.4,21.6,22.8,1.35,0.42,73,58,18.0,12.41,0.6,-0.7262,0.6875,24.5,,,
2025-11-15,26.5,22.8,25.5,23.2,24.0,26.4,22.5,24.6,23.3,23.8,24.4,1.56,0.28,68,33,18.0,12.22,0.0,-0.7143,0.6998,25.1,,,
2025-11-16,27.3,24.0,27.4,26.5,24.3,27.8,24.2,27.0,25.5,25.4,25.9,1.64,-0.08,79,16,17.9,14.95,0.0,-0.7021,0.712,26.7,,,
2025-11-17,26.1,21.6,23.5,23.9,22.9,23.9,21.4,23.4,23.4,24.8,23.6,1.65,0.22,88,77,15.6,9.01,7.1,-0.6898,0.724,25.3,,,
2025-11-18,20.4,18.2,20.3,20.8,19.9,20.0,18.2,19.8,20.8,20.2,19.92,1.01,0.12,86,100,14.4,3.48,7.4,-0.6772,0.7358,19.8,,,
2025-11-19,16.7,13.9,15.6,16.7,15.4,16.4,13.8,15.8,16.8,15.8,15.66,1.15,-0.06,80,100,15.3,4.94,1.9,-0.6645,0.7473,16.7,,,
2025-11-20,20.9,16.9,19.2,18.6,19.0,21.1,16.7,18.6,19.3,18.4,18.92,1.43,0.1,66,95,17.4,9.18,0.0,-0.6515,0.7586,20.9,,,
2025-11-21,22.2,18.8,19.3,21.7,20.9,22.6,18.6,19.0,20.3,19.0,20.58,1.48,0.68,70,99,18.9,5.94,0.0,-0.6384,0.7697,21.9,,,
2025-11-22,22.8,20.2,20.5,22.1,21.8,23.5,20.5,21.8,21.9,21.5,21.48,1.1,-0.36,70,77,20.4,7.83,0.0,-0.625,0.7806,22.5,,,
2025-11-23,26.7,24.0,26.1,26.1,25.2,26.4,23.9,26.5,26.7,25.3,25.62,1.05,-0.14,80,14,15.3,14.01,0.0,-0.6115,0.7912,27.3,,,
2025-11-24,28.0,24.5,26.7,25.6,26.5,27.3,24.1,26.4,26.3,26.0,26.26,1.3,0.24,80,22,13.7,15.04,0.7,-0.5978,0.8016,28.7,,,
2025-11-25,21.1,19.0,20.8,21.1,20.7,21.9,19.0,20.5,21.0,20.2,20.54,0.88,0.02,66,94,18.0,7.97,1.9,-0.584,0.8118,21.5,,,
2025-11-26,21.8,18.3,21.0,21.4,20.5,22.0,18.4,21.1,20.8,20.9,20.6,1.37,-0.04,62,87,24.0,13.69,0.0,-0.5699,0.8217,21.2,,,
2025-11-27,22.0,18.5,21.6,20.5,20.1,22.1,18.8,20.0,20.5,18.9,20.54,1.38,0.48,65,89,16.6,9.37,0.0,-0.5557,0.8314,21.8,,,
2025-11-28,20.0,17.3,20.0,20.0,19.6,21.0,18.3,20.5,19.1,18.9,19.38,1.18,-0.18,63,84,20.7,10.63,0.0,-0.5413,0.8408,20.5,,,
2025-11-29,26.1,22.4,24.3,25.1,24.0,25.6,22.4,23.9,24.5,23.5,24.38,1.37,0.4,74,2,15.5,15.97,0.0,-0.5268,0.85,25.6,,,
2025-11-30,28.2,24.5,28.0,26.9,26.1,28.1,24.3,27.6,27.6,26.1,26.74,1.51,-0.0,80,30,11.7,14.11,0.6,-0.5121,0.859,29.2,,,
2025-12-01,26.6,23.6,27.2,23.4,25.3,25.7,24.3,26.5,23.9,23.1,25.22,1.72,0.52,85,62,9.9,13.35,9.5,-0.4972,0.8676,26.3,,,
2025-12-02,25.0,22.6,24.1,22.2,23.3,23.9,22.9,24.3,22.1,21.9,23.44,1.13,0.42,84,49,12.9,10.52,1.2,-0.4822,0.8761,25.0,,,
2025-12-03,19.5,18.4,19.6,20.2,19.0,18.8,18.4,20.5,19.4,19.2,19.34,0.68,0.08,77,96,16.9,3.55,1.5,-0.4671,0.8842,19.4,,,
2025-12-04,19.4,17.3,17.4,18.2,18.3,19.9,17.1,18.3,18.2,18.6,18.12,0.85,-0.3,63,67,19.5,12.0,0.0,-0.4518,0.8921,20.8,,,
2025-12-05,19.8,17.5,18.4,19.3,19.3,20.4,18.1,17.6,19.7,20.7,18.86,0.91,-0.44,75,83,18.4,7.25,0.2,-0.4364,0.8998,20.8,,,
2025-12-06,23.3,20.2,21.1,22.1,21.2,23.2,20.0,21.3,21.6,20.4,21.58,1.17,0.28,80,56,18.3,9.79,0.2,-0.4208,0.9071,21.6,,,
2025-12-07,24.9,22.2,24.0,24.4,23.5,24.3,21.8,24.3,23.8,23.2,23.8,1.03,0.32,74,11,19.8,14.14,0.1,-0.4052,0.9142,24.2,,,
2025-12-08,22.6,19.7,23.5,21.6,20.4,21.4,19.7,21.3,21.1,20.0,21.56,1.55,0.86,83,65,20.5,9.31,2.1,-0.3894,0.9211,22.5,,,
2025-12-09,21.8,19.2,19.8,22.3,20.4,21.7,18.9,20.4,22.1,21.7,20.7,1.32,-0.26,87,80,27.3,7.14,5.5,-0.3735,0.9276,21.9,,,
2025-12-10,26.4,22.5,26.6,25.4,23.6,26.1,22.6,26.2,25.5,23.5,24.9,1.79,0.12,88,50,14.8,12.36,0.0,-0.3575,0.9339,24.7,,,
2025-12-11,23.7,20.2,22.9,21.8,21.8,23.6,20.4,24.2,22.0,22.7,22.08,1.32,-0.5,85,45,11.5,12.65,0.1,-0.3413,0.9399,23.3,,,
2025-12-12,20.8,18.8,19.3,21.6,19.7,21.1,19.1,19.6,21.0,20.7,20.04,1.14,-0.26,84,94,19.8,5.67,0.5,-0.3251,0.9457,20.8,,,
2025-12-13,20.8,17.6,19.5,21.0,21.0,20.9,17.5,19.4,20.9,21.1,19.98,1.47,0.02,89,100,8.6,2.53,4.0,-0.3088,0.9511,20.1,,,
2025-12-14,16.4,14.1,16.0,16.8,15.4,16.8,14.3,15.8,17.1,15.7,15.74,1.05,-0.2,69,80,17.6,9.14,0.2,-0.2924,0.9563,15.6,,,
2025-12-15,20.7,17.8,20.4,19.4,19.6,20.3,17.8,20.3,19.6,19.4,19.58,1.13,0.1,66,39,23.4,13.05,0.0,-0.2759,0.9612,20.3,,,
2025-12-16,25.3,21.7,25.1,22.3,23.4,25.6,22.2,25.1,24.1,23.1,23.56,1.62,-0.46,80,6,10.1,15.02,0.0,-0.2593,0.9658,24.5,,,
2025-12-17,23.1,20.6,22.3,23.5,23.9,24.9,20.7,24.2,21.9,24.2,22.68,1.3,-0.5,82,61,14.0,12.82,0.2,-0.2427,0.9701,23.7,,,
2025-12-18,21.0,19.1,19.6,21.5,19.8,20.8,19.0,19.7,21.4,21.0,20.2,1.01,-0.18,81,80,22.2,6.51,0.1,-0.226,0.9741,22.2,,,
2025-12-19,23.9,20.5,23.3,21.1,23.6,22.0,20.0,26.6,22.0,24.0,22.48,1.56,-0.44,86,88,9.7,9.54,1.0,-0.2092,0.9779,25.4,,,
2025-12-20,23.9,20.9,24.1,22.8,24.7,24.3,22.7,25.7,25.0,23.5,23.28,1.5,-0.96,87,68,10.5,8.79,0.3,-0.1923,0.9813,25.1,,,
2025-12-21,20.1,18.1,20.7,21.1,19.7,20.6,18.6,19.8,21.1,19.7,19.94,1.16,-0.02,86,96,18.8,5.25,2.1,-0.1754,0.9845,20.1,,,
2025-12-22,21.4,18.4,20.3,20.0,20.3,21.1,18.5,18.8,20.3,20.1,20.08,1.08,0.32,75,83,24.2,7.69,0.0,-0.1585,0.9874,20.5,,,
2025-12-23,26.7,23.1,26.3,25.5,24.3,26.2,23.0,26.4,24.4,24.3,25.18,1.48,0.32,80,39,15.7,8.77,0.0,-0.1414,0.9899,25.4,,,
2025-12-24,25.3,22.1,22.4,23.5,25.0,23.9,21.5,21.6,23.0,25.1,23.66,1.46,0.64,85,41,18.5,12.78,0.2,-0.1244,0.9922,23.6,,,
2025-12-25,18.9,17.7,18.7,19.9,19.1,18.7,17.3,18.3,19.1,18.8,18.86,0.79,0.42,85,98,17.4,3.45,12.0,-0.1073,0.9942,18.5,,,
2025-12-26,15.6,11.8,14.0,15.5,13.9,15.5,12.3,14.3,15.3,13.8,14.16,1.54,-0.08,76,99,17.0,2.86,2.3,-0.0902,0.9959,15.0,14.0,14.0,station
2025-12-27,19.1,16.4,18.4,18.7,16.4,19.3,15.9,20.3,18.6,17.7,17.8,1.3,-0.56,86,97,12.4,4.64,2.6,-0.073,0.9973,18.6,,,
2025-12-28,19.2,16.7,17.4,20.9,19.0,20.1,16.7,20.4,19.7,20.8,18.64,1.65,-0.9,86,92,13.4,3.57,0.2,-0.0559,0.9984,18.9,,,
2025-12-29,22.6,19.4,19.7,21.6,21.5,20.5,18.3,21.1,21.9,22.5,20.96,1.36,0.1,79,64,18.9,8.58,0.0,-0.0387,0.9993,22.5,,,
2025-12-30,21.1,18.6,19.0,21.0,19.4,21.1,18.9,18.6,20.0,19.2,19.82,1.16,0.26,90,85,10.5,3.7,2.1,-0.0215,0.9998,19.7,,,
2025-12-31,18.9,16.2,17.7,19.7,18.1,19.7,16.8,18.0,19.0,18.6,18.12,1.32,-0.3,90,100,11.6,3.51,8.0,-0.0043,1.0,17.9,,,
2026-01-01,16.6,14.6,16.6,18.0,16.6,16.9,14.4,16.5,18.2,17.0,16.48,1.21,-0.12,86,100,11.7,3.09,1.9,0.0172,0.9999,16.7,,,
2026-01-02,13.4,11.8,13.8,15.4,13.4,13.9,11.9,14.2,15.0,13.5,13.56,1.28,-0.14,79,94,15.3,3.19,2.0,0.0344,0.9994,13.4,,,
2026-01-03,16.2,12.9,15.2,14.6,14.5,16.4,13.1,15.9,15.4,15.3,14.68,1.2,-0.54,65,69,19.0,9.46,0.0,0.0516,0.9987,16.2,,,
2026-01-04,21.8,19.2,21.4,21.3,19.3,21.8,18.8,21.6,21.1,20.1,20.6,1.25,-0.08,71,1,12.8,15.56,0.0,0.0688,0.9976,21.7,,,
2026-01-05,18.7,16.1,20.8,18.4,19.2,20.6,16.3,21.6,18.4,18.4,18.64,1.69,-0.42,84,65,11.0,11.96,1.5,0.0859,0.9963,19.2,,,
2026-01-06,15.1,11.9,13.7,14.2,14.0,15.7,11.9,14.3,14.2,14.0,13.78,1.17,-0.24,78,100,10.8,5.51,0.0,0.103,0.9947,15.3,,,
2026-01-07,14.1,10.4,14.4,13.1,12.9,14.6,10.8,14.9,13.2,13.2,12.98,1.58,-0.36,65,95,15.5,7.92,0.0,0.1201,0.9928,13.2,,,
2026-01-08,14.7,11.3,14.0,14.3,14.6,15.8,11.9,14.2,13.8,14.4,13.78,1.41,-0.24,65,75,14.7,7.65,0.1,0.1372,0.9905,15.0,,,
2026-01-09,17.8,14.4,17.2,15.8,16.3,18.7,14.5,17.3,15.8,16.7,16.3,1.32,-0.3,74,8,12.6,15.33,0.0,0.1542,0.988,16.9,,,
2026-01-10,20.3,16.6,19.0,18.1,19.0,20.9,16.6,17.9,18.2,18.1,18.6,1.37,0.26,77,52,14.9,10.88,0.0,0.1712,0.9852,20.2,,,
2026-01-11,17.9,14.0,17.3,17.0,16.6,17.2,13.9,15.7,15.6,16.3,16.56,1.51,0.82,65,51,21.4,12.33,0.0,0.1881,0.9821,17.3,,,
2026-01-12,20.7,17.1,21.1,19.7,19.7,20.9,16.9,20.9,18.9,19.3,19.66,1.56,0.28,71,77,16.8,4.81,0.8,0.205,0.9788,18.0,,,
2026-01-13,21.2,18.3,21.6,19.9,19.7,21.5,18.3,22.1,19.7,19.3,20.14,1.31,-0.04,75,5,10.0,16.27,0.0,0.2218,0.9751,20.5,,,
2026-01-14,22.7,20.1,22.1,23.2,21.4,22.7,20.3,21.8,23.2,21.2,21.9,1.21,0.06,69,2,20.7,16.55,0.0,0.2385,0.9711,22.3,,,
2026-01-15,22.3,20.6,23.9,20.7,21.3,22.4,20.5,23.9,20.4,21.8,21.76,1.37,-0.04,73,33,8.0,15.66,0.0,0.2552,0.9669,23.6,,,
2026-01-16,21.3,21.1,25.5,22.3,23.9,26.6,21.3,25.5,22.7,24.6,22.82,1.86,-1.32,89,96,7.7,4.69,0.9,0.2718,0.9624,21.3,,,
2026-01-17,22.9,19.0,23.8,22.5,21.5,21.9,20.5,23.8,22.3,24.8,21.94,1.84,-0.72,82,65,15.0,14.63,0.2,0.2883,0.9575,23.2,,,
2026-01-18,21.5,19.2,23.3,22.1,21.8,22.2,19.5,23.4,21.9,20.2,21.58,1.5,0.14,83,82,14.1,9.56,0.0,0.3047,0.9524,22.7,,,
2026-01-19,22.3,17.8,21.0,21.2,21.3,21.7,17.5,23.6,21.7,20.7,20.72,1.71,-0.32,86,66,15.2,12.27,3.6,0.3211,0.9471,21.9,,,
2026-01-20,16.5,14.6,17.1,17.5,16.3,16.0,14.3,16.7,18.5,16.7,16.4,1.11,-0.04,81,99,17.4,5.87,2.1,0.3373,0.9414,16.3,,,
2026-01-21,12.7,10.5,12.9,13.6,11.5,12.8,10.5,13.0,13.5,11.6,12.24,1.23,-0.04,82,100,14.4,4.04,2.3,0.3534,0.9355,13.3,,,
2026-01-22,13.3,9.9,12.2,13.5,12.0,13.6,9.8,12.3,13.7,12.5,12.18,1.43,-0.2,86,100,14.5,3.44,4.6,0.3695,0.9292,12.9,12.0,12.0,station
2026-01-23,18.2,14.8,18.2,17.0,16.5,18.0,14.3,16.7,16.0,16.3,16.94,1.41,0.68,86,97,18.6,6.96,3.0,0.3854,0.9227,17.7,,,
2026-01-24,19.6,16.1,17.8,21.1,19.3,20.4,16.9,21.3,19.6,19.3,18.78,1.9,-0.72,88,91,17.9,6.49,11.8,0.4012,0.916,18.5,,,
2026-01-25,23.6,19.6,22.2,23.0,21.7,23.1,19.6,20.0,23.9,21.3,22.02,1.54,0.44,84,46,20.4,11.24,0.0,0.4169,0.9089,22.4,,,
2026-01-26,22.9,20.6,22.1,18.0,23.0,22.7,20.5,23.2,17.7,23.1,21.32,2.09,-0.12,87,69,9.2,9.34,0.4,0.4325,0.9016,21.6,,,
2026-01-27,18.7,15.9,18.5,17.4,16.3,19.3,16.0,19.1,18.2,16.5,17.36,1.26,-0.46,90,100,11.0,3.61,4.8,0.4479,0.8941,17.6,,,
2026-01-28,17.1,13.7,15.5,16.5,15.3,17.2,14.0,16.0,16.2,15.2,15.62,1.3,-0.1,83,92,14.1,6.99,1.1,0.4633,0.8862,17.7,,,
2026-01-29,21.7,18.3,19.0,19.8,19.7,21.0,17.3,19.3,17.9,20.1,19.7,1.27,0.58,73,58,19.7,13.75,0.0,0.4784,0.8781,20.6,,,
2026-01-30,24.6,20.3,25.0,20.0,23.8,23.9,20.4,23.2,21.9,23.5,22.74,2.41,0.16,83,73,17.7,11.26,1.5,0.4935,0.8698,23.9,,,
2026-01-31,18.4,16.1,18.5,17.6,17.0,19.0,15.6,20.0,17.5,17.4,17.52,1.0,-0.38,89,100,10.3,3.78,4.1,0.5084,0.8611,17.9,19.0,19.0,station
2026-02-01,15.9,13.6,14.6,15.3,15.3,16.2,13.4,15.0,15.6,15.2,14.94,0.88,-0.14,87,97,14.1,4.11,6.3,0.5231,0.8523,16.0,,,
2026-02-02,16.3,13.4,14.6,15.9,15.6,17.1,13.4,15.0,15.4,15.5,15.16,1.17,-0.12,87,100,14.0,4.31,3.0,0.5377,0.8432,16.3,,,
2026-02-03,18.7,14.9,16.9,17.5,17.6,18.7,15.9,17.4,17.5,17.3,17.12,1.4,-0.24,74,96,22.7,9.96,0.0,0.5521,0.8338,18.6,,,
2026-02-04,24.1,22.1,25.1,21.3,23.4,24.0,21.5,24.6,21.9,23.6,23.2,1.52,0.08,76,22,15.5,17.42,0.0,0.5664,0.8242,24.9,,,
2026-02-05,25.9,23.4,27.2,24.2,24.6,25.5,22.8,26.5,24.4,25.0,25.06,1.5,0.22,78,68,8.4,10.88,0.4,0.5805,0.8143,24.9,,,
2026-02-06,23.3,20.3,24.3,20.3,22.3,24.0,20.6,23.0,21.4,20.1,22.1,1.79,0.28,85,75,8.5,9.25,0.8,0.5944,0.8042,24.0,,,
2026-02-07,18.0,15.5,17.4,17.4,17.0,17.0,15.5,17.4,17.8,16.6,17.06,0.94,0.2,85,100,14.8,3.96,2.6,0.6081,0.7938,17.2,,,
2026-02-08,12.2,9.7,11.7,12.7,11.0,12.6,10.2,12.6,14.2,11.4,11.46,1.17,-0.74,73,99,17.6,5.36,1.7,0.6217,0.7833,11.6,,,
2026-02-09,17.0,13.7,16.0,15.3,15.8,16.6,13.8,16.1,15.2,15.8,15.56,1.21,0.06,68,70,25.2,11.93,0.0,0.6351,0.7725,16.8,,,
2026-02-10,20.6,18.5,22.1,18.8,19.9,21.7,18.3,21.8,18.3,20.4,19.98,1.45,-0.12,73,42,9.7,18.41,0.0,0.6483,0.7614,22.2,,,
2026-02-11,19.7,15.7,18.8,18.9,18.1,21.2,15.5,18.0,18.0,20.4,18.24,1.53,-0.38,85,85,12.0,7.77,1.2,0.6613,0.7502,19.1,,,
2026-02-12,21.7,18.4,19.6,20.7,20.2,21.7,18.1,20.3,19.9,20.6,20.12,1.23,0.0,78,71,16.4,12.11,0.2,0.6741,0.7387,20.7,,,
2026-02-13,25.9,23.2,26.6,21.8,24.4,25.8,22.9,26.3,22.9,24.4,24.38,1.95,-0.08,79,16,11.6,18.58,0.0,0.6867,0.727,26.2,,,
2026-02-14,26.8,24.0,26.9,24.8,25.2,26.4,23.9,27.9,23.0,25.0,25.54,1.27,0.3,75,26,10.5,19.24,0.0,0.6991,0.715,27.6,,,
2026-02-15,28.1,24.6,28.3,26.4,26.5,28.6,24.3,28.2,26.5,26.1,26.78,1.5,0.04,73,3,10.2,18.73,0.0,0.7113,0.7029,28.4,,,
2026-02-16,23.1,21.2,25.7,20.9,23.6,22.0,21.2,22.8,20.4,23.1,22.9,1.95,1.0,88,87,12.5,9.58,0.7,0.7233,0.6906,23.0,,,
2026-02-17,16.9,14.3,16.8,17.2,16.0,17.2,15.1,16.5,17.9,16.1,16.24,1.17,-0.32,82,99,12.1,5.24,2.7,0.735,0.678,17.0,,,
2026-02-18,17.4,12.9,15.5,15.6,15.5,18.4,13.1,15.4,15.7,16.2,15.38,1.61,-0.38,76,98,14.5,8.7,2.5,0.7466,0.6653,16.9,,,
2026-02-19,20.8,18.1,20.2,20.0,20.7,21.6,18.0,21.2,19.5,21.1,19.96,1.09,-0.32,71,73,16.5,8.75,0.2,0.7579,0.6523,20.2,,,
2026-02-20,21.0,17.4,18.5,19.0,17.6,22.3,17.3,21.3,19.3,19.0,18.7,1.44,-1.14,83,63,11.5,11.94,0.7,0.769,0.6392,21.5,,,
2026-02-21,24.1,20.7,25.5,20.8,22.3,24.1,21.6,26.3,21.0,22.8,22.68,2.1,-0.48,80,23,10.7,18.01,0.0,0.7799,0.6259,25.4,,,
2026-02-22,24.9,22.6,27.3,22.6,24.5,25.7,22.5,28.2,23.0,24.4,24.38,1.95,-0.38,77,20,13.3,19.59,0.0,0.7906,0.6124,26.8,29.0,29.0,station
2026-02-23,25.5,23.5,25.7,26.2,24.9,26.5,23.2,26.1,23.6,24.1,25.16,1.04,0.46,74,21,23.2,18.91,0.0,0.801,0.5987,27.4,29.0,29.0,station
2026-02-24,26.4,21.9,26.4,23.1,25.2,27.6,21.8,27.1,21.5,25.8,24.6,2.02,-0.16,84,92,9.2,9.43,3.6,0.8112,0.5848,25.2,26.0,26.0,station
2026-02-25,20.2,17.7,21.5,20.3,19.0,22.1,18.1,21.5,20.7,20.0,19.74,1.44,-0.74,85,100,14.9,6.66,0.8,0.8211,0.5708,20.1,20.0,20.0,station
2026-02-26,27.2,22.6,26.5,23.9,25.5,26.5,23.1,25.9,24.9,25.6,25.14,1.88,-0.06,77,90,17.0,12.38,0.0,0.8308,0.5566,27.3,25.0,25.0,station
2026-02-27,23.1,19.8,21.2,22.6,20.7,22.2,19.6,21.9,20.8,20.4,21.48,1.36,0.5,84,97,15.7,12.11,12.5,0.8402,0.5422,24.8,27.0,27.0,station
2026-02-28,22.1,18.6,21.9,20.3,21.6,21.0,18.1,23.1,21.0,21.7,20.9,1.46,-0.08,88,98,16.7,6.99,6.3,0.8495,0.5277,21.8,21.0,21.0,station
2026-03-01,25.4,22.2,25.7,21.0,26.8,26.9,23.1,27.0,23.0,26.6,24.22,2.48,-1.1,86,76,15.4,11.33,3.5,0.8584,0.513,27.4,29.0,29.0,station
2026-03-02,26.8,23.8,28.2,24.1,25.3,26.6,22.1,28.4,23.2,28.2,25.64,1.86,-0.06,89,74,15.3,14.3,27.5,0.8671,0.4981,26.4,27.0,27.0,station
2026-03-03,18.5,16.5,18.4,18.5,18.0,19.4,16.0,18.4,18.9,19.6,17.98,0.85,-0.48,85,100,15.8,5.32,4.2,0.8755,0.4831,18.2,19.0,19.0,station
2026-03-04,20.9,16.1,19.0,18.7,17.9,21.1,16.4,19.5,19.4,17.5,18.52,1.74,-0.26,85,100,18.4,6.87,5.9,0.8837,0.468,18.5,18.0,18.0,station
2026-03-05,24.9,20.7,24.9,23.4,23.5,25.8,21.1,23.9,25.2,22.3,23.48,1.72,-0.18,90,82,14.4,8.5,6.5,0.8916,0.4527,23.8,23.0,23.0,station
2026-03-06,18.7,16.6,19.5,19.1,18.4,19.7,16.5,19.3,18.9,18.1,18.46,1.12,-0.04,89,88,15.7,6.07,2.7,0.8993,0.4373,18.1,21.0,21.0,station
2026-03-07,16.8,14.1,16.2,16.7,16.7,17.6,14.3,16.0,16.9,16.2,16.1,1.14,-0.1,72,99,22.3,9.22,0.0,0.9067,0.4218,17.3,17.0,17.0,station
2026-03-08,22.0,17.2,17.7,20.4,21.2,20.1,17.5,17.3,19.5,21.4,19.7,2.14,0.54,77,94,19.8,10.84,0.3,0.9138,0.4061,20.1,20.0,20.0,station
2026-03-09,18.0,15.3,17.1,18.3,17.8,19.2,15.8,17.4,18.8,19.1,17.3,1.2,-0.76,85,99,15.9,4.62,2.6,0.9207,0.3904,17.1,17.0,17.0,station
2026-03-10,14.6,11.8,13.7,14.4,13.4,16.6,11.9,13.9,15.1,13.8,13.58,1.11,-0.68,82,95,12.5,3.33,9.4,0.9272,0.3745,14.4,14.0,14.0,station
2026-03-11,20.5,16.7,19.7,18.3,18.9,20.6,17.3,20.0,17.9,19.6,18.82,1.45,-0.26,75,42,15.2,19.78,0.0,0.9335,0.3585,19.0,21.0,21.0,station
2026-03-12,19.6,15.9,18.7,17.7,18.9,19.6,15.7,18.6,18.6,20.1,18.16,1.43,-0.36,74,22,16.4,19.11,0.0,0.9396,0.3424,19.0,21.0,21.0,station
2026-03-13,18.5,15.5,18.6,16.8,17.1,18.4,15.4,17.8,16.9,17.2,17.3,1.29,0.16,62,38,19.2,18.48,0.0,0.9453,0.3261,17.7,20.0,20.0,station
2026-03-14,22.0,18.9,22.2,20.0,21.2,22.2,18.7,21.4,19.9,21.4,20.86,1.4,0.14,64,6,19.7,22.7,0.0,0.9508,0.3098,21.3,23.0,23.0,station
2026-03-15,24.7,22.5,24.2,24.5,24.0,24.3,21.8,24.1,24.0,23.9,23.98,0.87,0.36,68,10,15.8,22.44,0.0,0.956,0.2934,24.8,26.0,26.0,station
2026-03-16,24.9,22.8,24.1,25.2,24.3,24.4,22.8,24.4,24.6,24.2,24.26,0.93,0.18,74,21,17.8,19.91,0.0,0.9609,0.2769,25.6,28.0,28.0,station
2026-03-17,26.0,22.6,27.0,23.6,25.5,26.5,23.1,27.4,25.2,25.5,24.94,1.8,-0.6,72,19,14.4,19.45,0.0,0.9655,0.2604,26.0,27.0,27.0,station
2026-03-18,26.5,24.6,28.6,25.0,26.7,26.8,24.9,28.4,24.0,26.0,26.28,1.59,0.26,74,5,12.7,21.99,0.0,0.9698,0.2437,26.4,29.0,29.0,station
2026-03-19,22.0,18.2,22.4,21.4,23.4,24.4,18.1,21.9,22.5,23.4,21.48,1.97,-0.58,85,75,13.0,9.84,0.2,0.9739,0.227,21.4,22.0,22.0,station
2026-03-20,24.0,20.2,24.5,24.8,22.9,23.3,19.9,24.9,27.8,21.4,23.28,1.87,-0.18,83,87,20.4,11.98,0.0,0.9777,0.2102,23.7,23.0,23.0,station
2026-03-21,22.1,18.0,20.5,21.2,23.6,22.7,18.1,22.6,23.2,24.2,21.08,2.08,-1.08,84,91,13.5,9.64,0.0,0.9811,0.1934,21.1,23.0,23.0,station
2026-03-22,27.1,22.0,28.1,26.7,26.4,28.3,22.8,28.4,25.9,24.0,26.06,2.36,0.18,80,63,8.4,16.5,0.0,0.9843,0.1765,28.0,28.0,28.0,station
2026-03-23,27.8,23.1,24.5,27.2,27.0,27.2,22.3,26.0,26.5,25.4,25.92,2.02,0.44,85,76,8.3,17.33,1.8,0.9872,0.1595,28.0,28.0,28.0,station
2026-03-24,25.6,22.8,26.2,25.6,26.0,26.6,22.6,26.1,23.7,26.3,25.24,1.39,0.18,86,74,14.0,12.78,0.0,0.9898,0.1425,26.6,28.0,28.0,station
2026-03-25,24.2,20.9,24.8,22.3,21.5,24.7,20.8,25.7,22.8,26.0,22.74,1.69,-1.26,83,55,14.4,14.8,0.0,0.9921,0.1255,25.4,25.0,25.0,station
2026-03-26,26.2,22.1,25.4,23.8,25.3,26.4,21.3,24.9,24.6,25.5,24.56,1.63,0.02,72,56,17.8,19.49,0.2,0.9941,0.1084,27.8,24.0,24.0,station
2026-03-27,25.3,21.2,21.8,20.6,22.9,23.2,20.7,25.5,20.4,20.7,22.36,1.85,0.26,87,97,9.4,10.59,5.1,0.9958,0.0913,24.8,21.0,21.0,station
2026-03-28,23.8,20.1,21.8,21.5,21.7,23.5,20.3,22.1,23.4,26.1,21.78,1.32,-1.3,86,85,15.2,9.13,0.1,0.9972,0.0741,23.5,24.0,24.0,station
2026-03-29,25.1,22.3,27.1,23.7,23.3,26.1,22.5,27.9,24.6,26.3,24.3,1.86,-1.18,90,76,11.3,10.63,1.1,0.9984,0.057,22.8,23.0,23.0,station
2026-03-30,29.0,24.5,31.5,25.6,27.9,30.1,24.8,30.3,26.7,28.8,27.7,2.78,-0.44,85,48,17.9,19.03,1.1,0.9992,0.0398,29.0,30.0,30.0,station
2026-03-31,28.7,24.7,28.3,25.3,27.7,28.9,23.9,28.7,25.6,27.7,26.94,1.82,-0.02,81,51,12.0,19.74,0.1,0.9997,0.0226,29.8,31.0,31.0,station
2026-04-01,21.8,20.0,22.5,22.0,22.1,21.6,20.1,22.4,21.9,22.3,21.68,0.97,0.02,81,98,14.0,8.24,2.2,1.0,0.0054,21.7,24.0,24.0,station
2026-04-02,25.8,22.3,26.1,24.8,23.2,26.4,21.9,26.2,24.8,24.6,24.44,1.65,-0.34,69,59,20.2,22.49,0.9,0.9999,-0.0118,25.6,27.0,27.0,station
2026-04-03,28.5,24.4,30.2,25.5,27.8,28.1,23.9,29.5,25.6,28.3,27.28,2.33,0.2,87,91,9.1,12.86,48.2,0.9996,-0.029,27.6,28.0,28.0,station
2026-04-04,24.2,20.8,28.3,24.7,21.8,23.9,21.0,28.0,24.4,22.5,23.96,2.92,0.0,85,96,9.7,10.93,21.3,0.9989,-0.0462,24.5,22.0,22.0,station
2026-04-05,27.9,24.5,27.4,26.7,24.3,26.1,24.1,29.0,25.9,24.6,26.16,1.66,0.22,82,79,11.0,16.91,5.7,0.998,-0.0634,27.6,28.0,28.0,station
2026-04-06,25.9,24.1,29.0,26.5,26.5,26.3,24.9,26.5,24.4,26.4,26.4,1.75,0.7,86,92,12.1,16.14,23.2,0.9968,-0.0805,28.9,28.0,28.0,station
2026-04-07,22.8,21.6,24.2,25.6,23.3,23.7,21.4,23.7,25.4,23.6,23.5,1.5,-0.06,87,96,13.8,6.83,11.5,0.9952,-0.0977,23.8,23.0,23.0,station
2026-04-08,27.8,23.8,27.4,24.4,24.3,26.3,23.2,25.9,26.4,23.5,25.54,1.9,0.48,85,93,15.7,11.25,5.5,0.9934,-0.1148,26.6,25.0,25.0,station
2026-04-09,29.7,27.6,34.1,29.0,28.9,30.0,27.9,33.6,27.6,28.8,29.86,2.49,0.28,86,68,14.5,21.01,0.1,0.9913,-0.1319,29.8,31.0,31.0,station
2026-04-10,31.2,30.0,34.7,,30.2,31.0,30.8,34.8,28.2,29.9,31.52,2.18,0.59,79,20,20.0,24.52,0.1,0.9889,-0.1489,30.2,33.0,33.0,station
2026-04-11,30.4,27.0,32.7,,29.5,30.2,26.4,32.7,27.0,29.0,29.9,2.36,0.84,82,52,14.0,21.85,1.0,0.9861,-0.1659,30.8,33.0,33.0,station
2026-04-12,30.9,27.8,31.9,,29.4,30.6,23.7,30.1,27.5,29.5,30.0,1.79,1.72,79,37,16.1,21.42,0.0,0.9831,-0.1828,30.6,34.0,34.0,station
2026-04-13,31.1,27.3,32.2,,29.4,30.9,27.8,28.7,27.9,29.6,30.0,2.14,1.02,79,30,11.2,22.2,0.7,0.9799,-0.1997,30.7,32.0,32.0,station
2026-04-14,30.4,28.0,33.4,28.7,29.9,30.3,27.6,29.6,28.6,29.6,30.08,2.08,0.94,78,44,12.2,23.21,0.8,0.9763,-0.2165,31.2,34.0,34.0,station
2026-04-15,30.3,26.4,32.3,28.6,29.7,29.8,26.0,32.1,27.4,29.4,29.46,2.18,0.52,82,50,14.1,20.97,12.4,0.9724,-0.2333,31.1,32.0,32.0,station
2026-04-16,30.5,26.7,32.3,28.8,30.2,30.2,26.7,32.3,28.4,29.9,29.7,2.09,0.2,88,62,15.4,16.96,15.7,0.9683,-0.25,30.2,28.0,28.0,station
2026-04-17,29.1,25.6,29.4,26.5,26.7,28.8,25.7,30.7,27.5,27.3,27.46,1.69,-0.54,87,66,8.6,18.35,14.2,0.9638,-0.2666,28.7,30.0,30.0,station
2026-04-18,24.3,23.9,25.1,25.7,24.2,26.5,23.8,24.1,24.7,25.3,24.64,0.74,-0.24,85,60,11.5,16.92,22.3,0.9591,-0.2831,28.9,26.0,26.0,station
2026-04-19,28.1,24.5,29.1,26.3,25.8,28.6,25.1,29.2,26.7,26.6,26.76,1.84,-0.48,82,27,10.9,21.4,0.0,0.9541,-0.2996,28.0,28.0,28.0,station
2026-04-20,30.3,27.9,32.7,30.4,29.4,31.6,28.0,32.6,30.5,29.8,30.14,1.75,-0.36,76,43,10.1,24.2,0.0,0.9488,-0.316,29.7,32.0,32.0,station
2026-04-21,28.8,25.5,28.2,29.9,28.6,29.2,25.2,27.4,28.3,26.8,28.2,1.64,0.82,75,78,21.9,22.24,0.0,0.9432,-0.3322,28.3,29.0,29.0,station
2026-04-22,29.7,26.7,30.8,27.9,30.3,29.7,26.3,31.8,28.4,30.0,29.08,1.72,-0.16,77,66,15.3,22.17,0.7,0.9373,-0.3484,30.1,32.0,32.0,station
2026-04-23,29.3,24.8,30.0,25.4,28.5,27.8,24.2,30.6,27.2,30.4,27.6,2.35,-0.44,80,75,18.9,17.56,23.7,0.9312,-0.3645,30.1,31.0,31.0,station
2026-04-24,21.5,18.2,20.6,20.6,19.9,22.1,18.6,20.0,20.8,20.8,20.16,1.23,-0.3,88,100,10.2,8.71,28.9,0.9248,-0.3804,22.4,21.0,21.0,station
2026-04-25,22.6,19.5,19.8,21.3,19.9,24.5,20.1,22.0,21.8,22.4,20.62,1.31,-1.54,88,98,14.9,10.36,5.7,0.9181,-0.3963,22.8,21.0,21.0,station
2026-04-26,27.9,24.7,28.5,26.8,25.5,27.7,24.7,28.5,27.1,25.1,26.68,1.59,0.06,78,31,11.2,26.06,0.0,0.9112,-0.412,27.7,29.0,29.0,station
2026-04-27,29.7,26.1,31.5,27.2,28.4,29.9,26.9,31.4,27.7,28.3,28.58,2.11,-0.26,74,88,13.9,23.89,0.0,0.9039,-0.4276,30.1,32.0,32.0,station
2026-04-28,29.6,26.9,31.8,28.7,29.5,31.6,26.9,31.7,28.5,29.6,29.3,1.77,-0.36,75,78,13.3,22.5,0.0,0.8965,-0.4431,29.9,32.0,32.0,station
2026-04-29,28.1,25.8,30.8,27.4,26.4,27.9,25.2,27.6,27.1,28.2,27.7,1.95,0.5,82,88,14.4,19.39,2.1,0.8887,-0.4585,30.6,33.0,33.0,station
2026-04-30,21.9,19.0,19.8,21.4,20.9,22.2,18.9,19.9,21.6,21.8,20.6,1.19,-0.28,87,100,9.3,5.98,5.7,0.8807,-0.4737,21.4,21.0,21.0,station
2026-05-01,25.4,21.4,24.0,21.9,22.9,26.0,21.6,23.0,22.3,23.5,23.12,1.62,-0.16,76,83,19.1,16.71,0.0,0.8724,-0.4888,24.4,23.0,23.0,station
2026-05-02,29.9,26.2,31.5,26.8,29.7,30.5,26.1,31.0,27.1,29.6,28.82,2.24,-0.04,76,71,11.1,18.89,0.0,0.8639,-0.5037,29.0,32.0,32.0,station
2026-05-03,30.5,27.3,34.9,29.2,30.0,32.1,27.3,35.5,29.2,31.2,30.38,2.8,-0.68,86,85,15.9,19.61,37.2,0.8551,-0.5185,30.5,31.0,31.0,station
2026-05-04,23.7,20.3,23.0,22.2,22.4,23.2,19.9,22.1,22.6,24.5,22.32,1.27,-0.14,77,99,19.8,12.54,11.0,0.846,-0.5331,24.4,24.0,24.0,station
2026-05-05,23.2,19.9,21.3,21.7,21.3,22.3,20.1,21.2,21.9,22.3,21.48,1.18,-0.08,93,100,17.4,5.12,28.6,0.8367,-0.5476,22.3,21.0,21.0,station
2026-05-06,28.0,24.7,27.5,26.6,26.4,27.7,24.2,28.7,26.6,26.8,26.64,1.27,-0.16,87,58,12.4,19.71,6.6,0.8272,-0.5619,26.7,28.0,28.0,station
2026-05-07,29.8,26.5,32.2,28.7,29.4,30.9,27.1,32.4,29.4,29.9,29.32,2.05,-0.62,82,43,10.8,23.08,1.3,0.8174,-0.5761,29.8,32.0,32.0,station
2026-05-08,26.5,23.8,25.2,25.4,27.4,28.2,23.5,25.8,26.7,27.9,25.66,1.37,-0.76,87,72,18.5,12.39,2.4,0.8074,-0.59,26.2,28.0,28.0,station
2026-05-09,23.6,19.1,20.9,22.5,21.4,24.5,19.4,20.9,22.5,22.8,21.5,1.7,-0.52,86,98,23.0,9.27,2.0,0.7971,-0.6038,23.3,21.0,21.0,station
2026-05-10,28.9,24.5,28.6,25.6,28.7,28.3,23.6,27.9,25.2,27.5,27.26,2.06,0.76,85,89,13.0,16.48,7.7,0.7866,-0.6175,28.5,29.0,29.0,station
2026-05-11,28.3,24.5,28.5,25.1,27.1,27.4,24.7,27.5,26.0,27.7,26.7,1.83,0.04,85,94,12.0,16.17,0.8,0.7759,-0.6309,27.7,28.0,28.0,station
2026-05-12,26.4,25.6,25.4,26.6,27.0,26.2,25.3,24.8,26.1,27.4,26.2,0.68,0.24,82,98,8.3,19.87,0.3,0.7649,-0.6442,29.8,31.0,31.0,station
2026-05-13,27.3,25.1,25.7,25.5,27.9,23.6,24.1,23.7,24.9,26.8,26.3,1.22,1.68,85,99,9.3,12.24,41.1,0.7537,-0.6572,29.0,30.0,30.0,station
2026-05-14,25.6,22.9,22.5,23.1,25.6,25.9,23.8,23.2,24.2,24.3,23.94,1.53,-0.34,93,100,10.9,5.17,39.8,0.7423,-0.6701,25.1,26.0,26.0,station
2026-05-15,27.0,24.8,24.9,24.6,25.4,27.5,25.3,25.4,26.1,25.2,25.34,0.97,-0.56,84,74,20.2,20.39,6.0,0.7306,-0.6828,26.6,28.0,28.0,station
2026-05-16,28.4,25.6,26.5,27.9,25.9,28.0,25.6,26.5,28.0,26.2,26.86,1.23,0.0,68,68,25.4,24.22,0.0,0.7188,-0.6952,28.1,30.0,30.0,station
2026-05-17,28.9,26.4,28.6,27.8,27.2,29.0,26.6,28.7,27.9,27.2,27.78,1.02,-0.1,66,44,23.6,26.7,0.0,0.7067,-0.7075,28.4,31.0,31.0,station
2026-05-18,31.2,27.8,31.5,29.9,29.9,30.0,27.8,30.1,30.0,29.4,30.06,1.46,0.6,69,15,15.9,27.2,0.0,0.6945,-0.7195,31.2,32.0,32.0,station
2026-05-19,29.8,27.7,30.0,27.5,29.7,29.9,28.0,29.8,27.7,30.2,28.94,1.23,-0.18,78,32,11.4,23.61,0.8,0.682,-0.7314,29.5,31.0,31.0,station
2026-05-20,32.3,29.0,34.0,30.9,30.4,32.2,28.8,34.0,30.5,30.8,31.32,1.91,0.06,78,66,11.5,25.34,0.0,0.6693,-0.743,31.7,34.0,34.0,station
2026-05-21,32.2,28.1,34.4,33.4,31.7,31.7,28.9,34.5,30.0,31.6,31.96,2.4,0.62,79,84,14.6,22.02,3.2,0.6564,-0.7544,32.4,35.0,35.0,station
2026-05-22,32.1,28.8,28.2,32.5,31.5,32.0,29.1,33.4,32.3,31.0,30.62,1.98,-0.94,83,74,18.2,20.27,11.5,0.6433,-0.7656,32.3,34.0,34.0,station
2026-05-23,32.9,31.1,35.2,34.5,30.1,32.7,31.0,28.2,34.3,31.5,32.76,2.17,1.22,72,51,18.2,25.77,0.0,0.6301,-0.7765,33.6,37.0,37.0,station
2026-05-24,33.4,31.3,35.9,34.3,32.3,33.2,31.0,37.0,35.1,32.1,33.44,1.78,-0.24,74,79,13.1,18.71,0.0,0.6166,-0.7873,32.1,36.0,36.0,station
2026-05-25,33.6,32.0,36.4,34.6,33.1,33.9,32.0,37.2,34.5,32.6,33.94,1.66,-0.1,74,39,18.1,27.54,0.0,0.603,-0.7978,33.1,36.0,36.0,station
2026-05-26,35.4,33.0,38.4,36.2,34.6,34.5,32.9,37.8,35.8,34.1,35.52,2.0,0.5,66,82,16.9,24.58,0.0,0.5892,-0.808,35.4,38.0,38.0,station
2026-05-27,36.5,33.0,38.3,37.1,34.6,36.1,33.2,38.1,36.3,34.9,35.9,2.1,0.18,61,67,20.3,27.28,0.0,0.5752,-0.818,36.5,38.0,38.0,station
2026-05-28,36.2,32.0,35.6,33.4,34.8,35.2,31.8,35.1,35.6,34.8,34.4,1.7,-0.1,68,51,10.5,21.87,0.3,0.561,-0.8278,37.2,38.0,38.0,station
2026-05-29,28.7,26.4,29.3,28.1,27.4,29.7,26.8,32.0,28.3,26.8,27.98,1.13,-0.74,84,67,11.6,13.55,10.2,0.5467,-0.8373,29.1,29.0,29.0,station
2026-05-30,30.5,26.9,31.1,30.6,29.4,30.2,27.2,30.7,30.8,29.4,29.7,1.68,0.04,72,17,17.5,26.09,0.0,0.5322,-0.8466,29.7,30.0,30.0,station
2026-05-31,28.9,27.3,29.9,29.0,29.8,29.6,27.6,29.8,29.3,28.9,28.98,1.04,-0.06,71,8,13.3,27.16,0.0,0.5176,-0.8556,28.9,30.0,30.0,station
2026-06-01,28.3,27.1,28.5,28.1,31.0,29.1,27.6,27.9,27.5,26.6,28.6,1.45,0.86,84,58,13.9,14.67,1.5,0.5028,-0.8644,28.4,29.0,29.0,station
2026-06-02,33.2,29.9,34.6,33.2,32.4,33.6,30.1,33.7,33.4,31.4,32.66,1.73,0.22,75,34,8.2,25.95,0.3,0.4878,-0.8729,33.9,37.0,37.0,station
2026-06-03,35.9,30.7,36.7,34.5,34.3,35.1,30.6,36.3,34.9,33.7,34.42,2.3,0.3,70,26,8.7,26.92,0.8,0.4728,-0.8812,35.4,37.0,37.0,station
2026-06-04,34.2,30.3,36.9,34.7,35.6,34.1,30.0,36.8,34.9,34.8,34.34,2.48,0.22,82,96,13.8,21.83,15.1,0.4575,-0.8892,34.7,36.0,36.0,station
2026-06-05,28.3,26.1,31.3,29.1,,28.4,26.8,29.0,30.0,26.8,28.7,2.15,0.5,92,98,7.8,7.5,20.6,0.4422,-0.8969,27.6,28.0,28.0,station
2026-06-06,27.9,27.3,26.4,29.0,,28.4,27.1,26.0,30.6,26.9,27.65,1.09,-0.15,87,88,17.5,14.13,1.6,0.4267,-0.9044,28.4,29.0,29.0,station
2026-06-07,30.4,28.0,31.2,33.6,,32.6,28.0,36.3,32.9,31.8,30.8,2.31,-1.52,85,87,9.7,18.9,9.7,0.4111,-0.9116,31.0,35.0,35.0,station
2026-06-08,29.0,26.0,30.6,30.0,,31.6,26.2,33.8,31.7,28.1,28.9,2.04,-1.38,91,96,9.6,11.51,34.5,0.3953,-0.9185,30.4,34.0,34.0,station
2026-06-09,26.3,23.6,25.5,26.8,,26.2,23.8,26.7,28.4,26.5,25.55,1.41,-0.77,93,100,9.7,6.62,34.1,0.3795,-0.9252,27.0,26.0,26.0,station
2026-06-10,25.2,22.6,23.1,24.5,23.9,24.2,22.8,23.5,25.6,23.7,23.86,1.05,-0.1,91,100,10.7,6.07,16.5,0.3635,-0.9316,24.5,25.0,25.0,station
2026-06-11,27.6,23.2,22.5,26.7,23.5,27.1,23.4,22.9,27.6,25.4,24.7,2.29,-0.58,86,92,13.3,12.88,11.6,0.3474,-0.9377,25.6,23.0,23.0,station
2026-06-12,26.7,24.1,23.7,25.9,24.6,27.2,24.1,23.8,27.2,26.8,25.0,1.26,-0.82,91,97,15.8,11.3,18.6,0.3312,-0.9436,27.5,27.0,27.0,station
2026-06-13,28.8,26.6,26.1,29.8,25.7,29.6,26.8,27.6,30.5,28.3,27.4,1.8,-1.16,83,79,13.5,20.7,2.4,0.3149,-0.9491,30.3,29.0,29.0,station
2026-06-14,29.7,25.1,25.4,30.1,28.4,28.2,25.2,24.9,30.7,27.4,27.74,2.36,0.46,88,95,7.5,8.97,11.8,0.2986,-0.9544,27.6,28.0,28.0,station
2026-06-15,28.8,25.6,25.7,27.8,26.6,29.7,25.7,26.0,29.7,26.8,26.9,1.38,-0.68,87,99,8.5,14.14,2.9,0.2821,-0.9594,29.8,30.0,30.0,station
2026-06-16,30.4,27.4,30.6,30.5,28.2,28.6,27.1,31.3,30.7,28.2,29.42,1.51,0.24,88,88,13.4,16.81,6.8,0.2656,-0.9641,32.2,34.0,34.0,station
2026-06-17,31.2,27.6,31.0,31.7,28.4,28.7,28.1,33.9,30.4,29.4,29.98,1.85,-0.12,87,90,9.3,17.64,8.0,0.2489,-0.9685,32.0,35.0,35.0,station
2026-06-18,31.7,29.2,33.9,32.2,31.4,31.8,29.2,33.0,31.7,31.8,31.68,1.69,0.18,81,81,9.1,24.23,4.5,0.2322,-0.9727,32.5,34.0,34.0,station
2026-06-19,33.2,30.6,34.9,33.7,30.9,33.3,30.4,35.1,33.2,30.7,32.66,1.85,0.12,77,56,11.9,25.46,1.1,0.2155,-0.9765,33.3,36.0,36.0,station
2026-06-20,33.3,31.2,35.8,34.1,31.5,33.0,31.2,35.2,33.5,31.6,33.18,1.9,0.28,72,81,13.9,28.28,0.0,0.1986,-0.9801,32.8,35.0,35.0,station
2026-06-21,33.7,31.3,36.7,34.6,32.1,33.5,31.3,36.9,34.1,31.6,33.68,2.13,0.2,75,18,11.1,28.08,0.0,0.1818,-0.9833,34.8,37.0,37.0,station
2026-06-22,33.6,31.4,37.4,34.0,32.6,33.3,31.4,36.8,34.3,32.2,33.8,2.25,0.2,79,26,14.4,27.88,0.0,0.1648,-0.9863,34.5,37.0,37.0,station
2026-06-23,35.0,31.5,36.4,34.2,33.2,34.7,31.2,36.5,34.2,32.4,34.06,1.85,0.26,78,86,6.9,25.21,0.0,0.1478,-0.989,33.9,37.0,37.0,station
2026-06-24,34.4,31.1,35.9,33.6,33.3,34.9,31.1,36.0,33.2,33.1,33.66,1.75,0.0,79,71,10.7,26.72,0.4,0.1308,-0.9914,33.9,36.0,36.0,station
2026-06-25,30.3,27.9,34.6,31.4,27.2,31.6,28.4,32.5,32.0,31.6,30.28,2.96,-0.94,91,90,19.3,17.17,41.1,0.1137,-0.9935,30.6,30.0,30.0,station
2026-06-26,26.5,25.3,26.3,28.3,26.7,26.7,25.1,25.5,27.4,26.7,26.62,1.08,0.34,91,99,10.0,8.61,64.9,0.0966,-0.9953,29.3,27.0,27.0,station
2026-06-27,29.4,25.6,28.2,26.8,28.3,26.0,25.6,30.3,27.4,27.6,27.66,1.48,0.28,93,98,11.2,12.21,23.5,0.0795,-0.9968,30.6,28.0,28.0,station
2026-06-28,29.6,27.3,30.2,30.6,29.6,29.9,27.0,29.1,31.1,30.2,29.46,1.28,0.0,86,77,10.7,20.11,7.8,0.0623,-0.9981,31.3,34.0,34.0,station
2026-06-29,32.5,29.0,33.2,33.3,29.3,33.0,28.7,32.9,33.2,31.3,31.46,2.13,-0.36,79,79,9.4,24.8,2.0,0.0451,-0.999,33.8,35.0,35.0,station
2026-06-30,33.1,30.6,33.9,33.4,31.2,32.9,30.2,32.5,33.6,32.4,32.44,1.45,0.12,76,90,12.9,23.53,0.9,0.028,-0.9996,33.8,35.0,35.0,station
2026-07-01,33.5,30.7,33.5,34.0,32.9,33.8,30.8,33.5,33.5,32.6,32.92,1.3,0.08,80,90,9.7,24.63,2.2,0.0108,-0.9999,33.4,35.0,35.0,station
2026-07-02,34.0,31.3,33.9,33.9,32.5,34.2,31.2,34.5,33.9,33.0,33.12,1.19,-0.24,81,46,10.8,26.29,0.3,-0.0065,-1.0,34.1,35.0,35.0,station
2026-07-03,33.7,30.7,33.3,34.1,32.2,34.1,30.5,35.1,34.0,32.7,32.8,1.37,-0.48,79,20,11.7,24.76,1.3,-0.0237,-0.9997,34.1,36.0,36.0,station
2026-07-04,33.8,31.5,33.8,33.4,32.3,33.8,30.9,33.8,35.0,31.6,32.96,1.02,-0.06,76,15,9.7,25.76,2.2,-0.0408,-0.9992,34.2,36.0,36.0,station
2026-07-05,33.8,31.1,33.8,34.8,31.2,33.3,31.0,33.2,33.9,32.9,32.94,1.68,0.08,76,27,9.2,26.09,5.4,-0.058,-0.9983,33.9,36.0,36.0,station
2026-07-06,32.7,30.7,31.9,34.4,32.3,33.7,30.7,34.5,35.0,32.1,32.4,1.35,-0.8,78,16,7.8,25.65,1.4,-0.0752,-0.9972,33.2,35.0,35.0,station
2026-07-07,33.2,30.5,33.3,32.9,30.9,32.2,30.8,33.2,33.1,32.3,32.16,1.35,-0.16,79,23,6.8,25.19,2.7,-0.0923,-0.9957,33.2,35.0,35.0,station
2026-07-08,33.8,31.0,35.7,34.1,32.4,34.3,31.1,35.5,33.3,32.0,33.4,1.78,0.16,78,24,11.0,25.03,0.0,-0.1094,-0.994,33.3,35.0,35.0,station
2026-07-09,33.7,30.6,35.5,34.1,32.7,33.7,30.7,35.4,34.3,32.2,33.32,1.82,0.06,76,29,12.5,28.08,0.0,-0.1265,-0.992,34.1,35.0,35.0,station
2026-07-10,29.7,27.9,31.3,30.5,31.7,28.4,28.0,29.9,30.8,31.0,30.22,1.51,0.6,88,66,14.8,18.13,19.0,-0.1436,-0.9896,32.0,33.0,33.0,station
2026-07-11,27.5,25.6,27.5,31.4,26.4,26.7,25.8,26.8,32.5,26.8,27.68,2.23,-0.04,91,100,36.5,3.7,105.5,-0.1606,-0.987,27.7,28.0,28.0,station
2026-07-12,33.7,29.4,33.8,36.0,33.6,33.6,30.4,33.9,36.7,32.0,33.3,2.4,-0.02,81,97,11.0,15.53,1.2,-0.1775,-0.9841,34.9,36.0,36.0,station
2026-07-13,32.1,29.3,32.5,32.6,30.8,30.6,28.8,32.4,32.4,31.4,31.46,1.4,0.34,90,78,12.2,20.61,19.2,-0.1944,-0.9809,31.7,33.0,33.0,station
2026-07-14,32.8,30.1,34.3,33.6,31.7,32.4,29.5,35.1,33.7,30.5,32.5,1.65,0.26,79,17,12.8,23.18,1.4,-0.2113,-0.9774,33.3,35.0,35.0,station
2026-07-15,33.1,30.5,34.3,33.7,32.7,33.6,30.4,34.6,33.7,32.5,32.86,1.45,-0.1,79,35,7.3,25.12,4.0,-0.2281,-0.9736,33.6,35.0,35.0,station
2026-07-16,32.8,30.8,36.1,34.7,32.5,33.0,31.0,36.2,34.4,31.8,33.38,2.06,0.1,81,46,17.1,24.74,8.3,-0.2448,-0.9696,33.7,36.0,36.0,station
2026-07-17,33.1,30.8,35.7,34.7,32.6,32.9,30.8,36.1,35.3,31.8,33.38,1.9,0.0,79,57,15.2,26.17,1.1,-0.2614,-0.9652,33.6,36.0,36.0,station
2026-07-18,33.1,30.9,36.7,35.1,32.3,33.8,30.6,36.6,34.8,32.9,33.62,2.3,-0.12,76,62,16.7,24.78,3.8,-0.278,-0.9606,33.1,36.0,36.0,station
2026-07-19,33.5,29.8,37.5,34.8,32.3,33.7,29.7,37.4,35.1,33.1,33.58,2.86,-0.22,78,36,10.6,23.9,10.4,-0.2945,-0.9557,32.9,36.0,36.0,station
2026-07-20,31.1,29.1,36.8,34.7,32.5,32.6,28.9,35.5,34.2,32.2,32.84,3.01,0.16,83,31,13.2,22.46,12.3,-0.3109,-0.9505,32.9,34.0,34.0,station
2026-07-21,33.0,29.9,35.6,34.4,32.2,32.9,29.7,36.5,34.2,31.7,33.02,2.18,0.02,83,43,11.5,23.89,6.1,-0.3272,-0.945,33.7,34.0,34.0,station
2026-07-22,33.4,30.0,35.8,33.8,32.1,33.0,29.8,35.6,32.5,31.2,33.02,2.15,0.6,79,24,11.9,24.97,5.4,-0.3434,-0.9392,33.1,36.0,36.0,station
2026-07-23,33.1,30.1,35.0,32.4,32.2,32.5,30.2,34.9,32.4,31.9,32.56,1.76,0.18,81,23,11.9,22.45,2.3,-0.3595,-0.9332,32.6,34.0,34.0,station
2026-07-24,34.2,30.1,35.2,35.8,33.0,34.4,30.0,35.7,35.7,32.5,33.66,2.26,0.0,75,42,23.4,23.03,0.2,-0.3755,-0.9268,33.4,36.0,36.0,station
2026-07-25,33.6,31.9,35.5,34.4,35.4,31.3,31.1,35.3,35.6,33.0,34.16,1.48,0.9,69,69,30.0,20.91,0.0,-0.3914,-0.9202,34.4,36.0,36.0,station
2026-07-26,34.7,30.7,35.1,35.1,32.2,35.3,30.6,35.0,34.9,34.1,33.56,2.0,-0.42,76,99,13.0,22.53,0.0,-0.4071,-0.9134,34.3,36.0,36.0,station
2026-07-27,32.7,29.6,34.3,32.7,32.2,30.9,29.2,34.5,35.4,32.6,32.3,1.7,-0.22,79,99,8.7,19.7,3.9,-0.4228,-0.9062,33.0,35.0,35.0,station
2026-07-28,33.8,32.1,33.8,34.9,32.4,34.5,31.6,32.8,35.4,31.4,33.4,1.15,0.26,75,99,19.9,23.19,0.3,-0.4383,-0.8988,34.1,,,
