datum,p1_ifs,p1_aifs,p1_gfs,p1_icon,p1_gem,p2_ifs,p2_aifs,p2_gfs,p2_icon,p2_gem,mm_gem,mm_spreiding,run2run,rh_gem,bewolking_gem,wind_max,instraling_som,neerslag_som,doy_sin,doy_cos,era5_max,station_max,doel,doelbron
2023-11-01,,,13.2,,,,,12.8,,,,,,79,100,10.5,2.82,7.6,-0.8606,0.5093,11.3,12.2,12.2,station
2023-11-02,,,14.9,,,,,15.2,,,,,,95,79,27.8,3.74,34.1,-0.8517,0.524,15.1,15.0,15.0,station
2023-11-03,,,13.4,,,,,15.0,,,,,,93,94,21.9,5.02,8.8,-0.8426,0.5386,13.9,14.4,14.4,station
2023-11-04,,,16.1,,,,,16.3,,,,,,95,82,27.0,3.6,32.8,-0.8332,0.553,15.2,17.2,17.2,station
2023-11-05,,,13.1,,,,,12.5,,,,,,89,93,18.5,4.62,5.2,-0.8235,0.5672,14.0,15.6,15.6,station
2023-11-06,,,12.0,,,,,11.9,,,,,,94,99,20.2,3.13,16.9,-0.8137,0.5813,12.2,11.1,11.1,station
2023-11-07,,,11.3,,,,,10.3,,,,,,86,74,21.1,6.67,2.3,-0.8035,0.5952,13.1,12.2,12.2,station
2023-11-08,,,12.0,,,,,11.9,,,,,,86,49,10.2,8.01,0.0,-0.7932,0.609,12.0,12.2,12.2,station
2023-11-09,,,10.9,,,,,10.8,,,,,,85,97,16.0,3.71,3.4,-0.7826,0.6225,9.5,8.3,8.3,station
2023-11-10,,,10.6,,,,,11.0,,,,,,89,96,31.3,2.93,4.6,-0.7718,0.6359,9.8,10.0,10.0,station
2023-11-11,,,10.9,,,,,11.1,,,,,,89,88,36.8,5.03,27.1,-0.7607,0.6491,10.9,11.7,11.7,station
2023-11-12,,,11.0,,,,,10.7,,,,,,90,100,15.9,3.25,9.2,-0.7494,0.6621,11.7,10.6,10.6,station
2023-11-13,,,10.6,,,,,9.6,,,,,,90,62,14.8,5.94,5.0,-0.7379,0.6749,10.5,11.1,11.1,station
2023-11-14,,,9.4,,,,,9.2,,,,,,85,19,14.6,7.98,0.0,-0.7262,0.6875,8.5,9.4,9.4,station
2023-11-15,,,8.1,,,,,7.9,,,,,,89,68,12.4,3.61,0.8,-0.7143,0.6998,7.5,8.3,8.3,station
2023-11-16,,,8.6,,,,,8.2,,,,,,82,31,14.7,7.53,0.0,-0.7021,0.712,7.8,8.9,8.9,station
2023-11-17,,,10.3,,,,,10.3,,,,,,83,25,9.7,7.44,0.0,-0.6898,0.724,9.1,10.6,10.6,station
2023-11-18,,,10.5,,,,,11.7,,,,,,77,71,16.2,6.75,4.2,-0.6772,0.7358,12.6,10.0,10.0,station
2023-11-19,,,9.4,,,,,9.7,,,,,,86,60,30.1,5.94,2.7,-0.6645,0.7473,10.0,10.6,10.6,station
2023-11-20,,,8.8,,,,,7.8,,,,,,80,81,11.5,6.45,0.0,-0.6515,0.7586,8.6,10.0,10.0,station
2023-11-21,,,11.1,,,,,12.0,,,,,,64,100,14.5,5.22,7.1,-0.6384,0.7697,10.8,11.7,11.7,station
2023-11-22,,,8.5,,,,,8.0,,,,,,91,76,15.8,4.52,6.8,-0.625,0.7806,9.2,9.4,9.4,station
2023-11-23,,,8.1,,,,,7.9,,,,,,86,45,20.2,5.87,0.0,-0.6115,0.7912,7.2,7.8,7.8,station
2023-11-24,,,7.7,,,,,7.9,,,,,,84,12,13.5,6.93,0.0,-0.5978,0.8016,6.8,7.8,7.8,station
2023-11-25,,,7.9,,,,,7.9,,,,,,85,42,11.7,6.35,0.0,-0.584,0.8118,7.1,7.8,7.8,station
2023-11-26,,,7.8,,,,,8.4,,,,,,81,28,10.7,6.39,0.0,-0.5699,0.8217,7.4,8.3,8.3,station
2023-11-27,,,8.2,,,,,8.7,,,,,,78,16,11.0,6.6,0.0,-0.5557,0.8314,6.9,7.8,7.8,station
2023-11-28,,,7.5,,,,,7.3,,,,,,87,55,8.2,5.51,0.0,-0.5413,0.8408,4.8,6.1,6.1,station
2023-11-29,,,6.5,,,,,6.8,,,,,,90,55,6.5,5.53,0.0,-0.5268,0.85,5.3,3.3,3.3,station
2023-11-30,,,6.1,,,,,5.9,,,,,,93,98,16.3,2.64,5.2,-0.5121,0.859,5.4,7.8,7.8,station
2023-12-01,,,7.3,,,,,7.9,,,,,,92,93,26.2,4.27,10.5,-0.4972,0.8676,8.4,10.0,10.0,station
2023-12-02,,,8.8,,,,,8.8,,,,,,87,75,38.6,5.74,21.9,-0.4822,0.8761,9.4,8.9,8.9,station
2023-12-03,,,10.2,,,,,10.1,,,,,,90,93,23.7,2.7,7.1,-0.4671,0.8842,11.5,11.7,11.7,station
2023-12-04,,,13.4,,,,,10.9,,,,,,95,100,30.8,0.82,25.9,-0.4518,0.8921,14.1,14.4,14.4,station
2023-12-05,,,14.1,,,,,13.6,,,,,,98,100,27.0,0.66,62.2,-0.4364,0.8998,14.0,15.0,15.0,station
2023-12-06,,,9.3,,,,,7.9,,,,,,99,100,9.5,1.32,11.8,-0.4208,0.9071,9.2,10.0,10.0,station
2023-12-07,,,8.1,,,,,7.3,,,,,,94,93,24.1,2.29,20.4,-0.4052,0.9142,7.4,8.3,8.3,station
2023-12-08,,,6.5,,,,,6.4,,,,,,93,94,13.8,3.6,0.7,-0.3894,0.9211,6.4,6.1,6.1,station
2023-12-09,,,3.5,,,,,4.1,,,,,,90,100,13.9,0.6,17.6,-0.3735,0.9276,4.7,6.1,6.1,station
2023-12-10,,,8.9,,,,,7.5,,,,,,96,94,18.6,2.64,11.2,-0.3575,0.9339,11.8,11.7,11.7,station
2023-12-11,,,8.8,,,,,8.6,,,,,,96,90,16.6,2.84,0.0,-0.3413,0.9399,8.1,8.3,8.3,station
2023-12-12,,,7.8,,,,,8.0,,,,,,86,77,14.3,5.38,0.0,-0.3251,0.9457,8.3,6.1,6.1,station
2023-12-13,,,7.7,,,,,8.2,,,,,,65,100,19.1,4.55,0.0,-0.3088,0.9511,9.3,10.0,10.0,station
2023-12-14,,,6.7,,,,,6.6,,,,,,86,99,13.1,1.91,4.6,-0.2924,0.9563,8.4,8.9,8.9,station
2023-12-15,,,9.5,,,,,9.7,,,,,,76,97,12.8,4.99,0.0,-0.2759,0.9612,11.7,10.6,10.6,station
2023-12-16,,,8.5,,,,,8.6,,,,,,85,87,10.9,4.7,0.0,-0.2593,0.9658,8.7,10.0,10.0,station
2023-12-17,,,8.3,,,,,8.6,,,,,,83,73,13.8,4.88,0.0,-0.2427,0.9701,8.6,9.4,9.4,station
2023-12-18,,,8.0,,,,,8.5,,,,,,76,98,14.6,1.21,5.0,-0.226,0.9741,7.9,8.9,8.9,station
2023-12-19,,,7.5,,,,,8.0,,,,,,82,81,18.5,0.92,6.3,-0.2092,0.9779,8.7,10.6,10.6,station
2023-12-20,,,10.4,,,,,10.0,,,,,,96,58,10.5,3.9,0.0,-0.1923,0.9813,8.7,9.4,9.4,station
2023-12-21,,,10.5,,,,,9.6,,,,,,95,99,10.7,3.86,0.0,-0.1754,0.9845,10.2,10.0,10.0,station
2023-12-22,,,7.9,,,,,8.4,,,,,,93,76,22.7,1.95,6.4,-0.1585,0.9874,7.4,7.2,7.2,station
2023-12-23,,,5.6,,,,,5.8,,,,,,95,49,12.4,4.15,0.0,-0.1414,0.9899,5.3,6.7,6.7,station
2023-12-24,,,4.6,,,,,4.7,,,,,,60,94,19.7,1.51,0.1,-0.1244,0.9922,5.3,6.7,6.7,station
2023-12-25,,,4.3,,,,,5.8,,,,,,73,100,26.6,0.63,9.1,-0.1073,0.9942,7.1,8.9,8.9,station
2023-12-26,,,9.0,,,,,9.9,,,,,,82,73,26.8,5.05,16.5,-0.0902,0.9959,10.9,11.7,11.7,station
2023-12-27,,,6.7,,,,,7.1,,,,,,61,89,31.2,1.12,2.0,-0.073,0.9973,11.0,12.2,12.2,station
2023-12-28,,,10.4,,,,,9.7,,,,,,75,90,19.8,2.29,11.5,-0.0559,0.9984,12.6,13.3,13.3,station
2023-12-29,,,9.5,,,,,8.7,,,,,,51,98,26.8,2.67,0.0,-0.0387,0.9993,14.4,16.7,16.7,station
2023-12-30,,,,,,,,,,,,,,84,96,16.5,1.93,6.3,-0.0215,0.9998,10.8,11.1,11.1,station
2023-12-31,,,,,,,,,,,,,,96,80,9.4,3.77,0.7,-0.0043,1.0,7.8,7.8,7.8,station
2024-01-01,,,,,,,,,,,,,,87,74,7.5,4.78,0.0,0.0172,0.9999,6.9,7.8,7.8,station
2024-01-02,,,,,,,,,,,,,,77,100,19.6,1.04,5.5,0.0344,0.9994,7.1,8.3,8.3,station
2024-01-03,,,,,,,,,,,,,,85,97,17.3,2.69,3.5,0.0516,0.9987,9.0,9.4,9.4,station
2024-01-04,,,,,,,,,,,,,,96,98,15.4,1.63,4.9,0.0688,0.9976,8.7,7.8,7.8,station
2024-01-05,,,,,,,,,,,,,,93,92,26.6,1.59,12.0,0.0859,0.9963,8.2,8.3,8.3,station
2024-01-06,,,,,,,,,,,,,,95,83,29.1,3.75,12.5,0.103,0.9947,6.1,6.1,6.1,station
2024-01-07,,,,,,,,,,,,,,94,93,7.2,4.26,0.3,0.1201,0.9928,5.0,5.0,5.0,station
2024-01-08,,,,,,,,,,,,,,95,100,29.5,0.72,16.2,0.1372,0.9905,8.5,9.4,9.4,station
2024-01-09,,,,,,,,,,,,,,90,97,40.5,2.93,16.2,0.1542,0.988,8.9,7.8,7.8,station
2024-01-10,,,,,,,,,,,,,,92,88,18.9,3.05,0.8,0.1712,0.9852,4.7,4.4,4.4,station
2024-01-11,,,,,,,,,,,,,,81,51,26.8,4.76,2.2,0.1881,0.9821,6.3,7.2,7.2,station
2024-01-12,,,,,,,,,,,,,,46,68,21.3,6.38,0.6,0.205,0.9788,-2.5,-3.9,-3.9,station
2024-01-13,,,,,,,,,,,,,,26,88,25.2,3.77,0.0,0.2218,0.9751,-5.2,-5.6,-5.6,station
2024-01-14,,,,,,,,,,,,,,38,58,15.6,6.08,0.0,0.2385,0.9711,-0.4,-1.1,-1.1,station
2024-01-15,,,,,,,,,,,,,,32,61,19.5,6.62,0.0,0.2552,0.9669,1.4,2.8,2.8,station
2024-01-16,,,,,,,,,,,,,,41,86,13.6,5.65,2.3,0.2718,0.9624,3.2,1.7,1.7,station
2024-01-17,,,,,,,,,,,,,,96,100,26.7,1.25,10.0,0.2883,0.9575,5.4,3.3,3.3,station
2024-01-18,,,,,,,,,,,,,,94,100,27.8,0.72,18.1,0.3047,0.9524,1.4,3.3,3.3,station
2024-01-19,,,10.4,4.4,4.9,,,,,,,,,75,99,32.5,2.52,4.3,0.3211,0.9471,6.8,7.8,7.8,station
2024-01-20,,,11.4,4.6,10.0,,,5.9,5.5,7.0,,,,73,93,19.3,4.93,2.2,0.3373,0.9414,10.2,9.4,9.4,station
2024-01-21,,,9.5,6.3,8.4,,,6.5,7.6,7.2,,,,92,97,18.3,1.99,16.6,0.3534,0.9355,7.5,8.3,8.3,station
2024-01-22,,,9.6,8.8,10.3,,,6.7,9.2,9.2,,,,95,99,19.6,0.99,21.5,0.3695,0.9292,9.4,10.6,10.6,station
2024-01-23,,,10.4,10.2,10.4,,,9.8,9.4,9.3,,,,93,85,18.0,5.27,2.3,0.3854,0.9227,10.9,10.6,10.6,station
2024-01-24,,,10.7,9.0,9.7,,,6.6,8.8,9.3,,,,93,89,19.6,2.98,16.3,0.4012,0.916,10.5,10.6,10.6,station
2024-01-25,,,9.3,9.2,10.7,,,6.6,9.1,9.8,,,,91,88,19.8,2.88,10.6,0.4169,0.9089,9.8,10.6,10.6,station
2024-01-26,,,9.3,9.6,8.8,,,9.0,8.5,8.6,,,,86,100,14.7,2.04,13.5,0.4325,0.9016,10.2,11.7,11.7,station
2024-01-27,,,14.0,10.8,12.4,,,8.9,11.3,12.9,,,,96,100,17.8,1.11,31.3,0.4479,0.8941,12.5,13.3,13.3,station
2024-01-28,,,15.8,12.4,15.8,,,13.5,12.3,13.5,,,,94,100,19.9,3.65,10.5,0.4633,0.8862,15.3,15.6,15.6,station
2024-01-29,,,16.9,15.2,17.9,,,15.4,15.3,15.1,,,,72,96,18.2,6.82,0.0,0.4784,0.8781,17.8,15.6,15.6,station
2024-01-30,,,14.1,13.6,16.1,,,14.5,15.6,14.2,,,,78,93,22.1,3.42,0.9,0.4935,0.8698,14.2,15.6,15.6,station
2024-01-31,,,13.1,13.0,11.3,,,9.8,12.5,13.3,,,,80,100,27.7,1.5,11.1,0.5084,0.8611,13.7,14.4,14.4,station
2024-02-01,,,12.1,13.8,13.0,,,13.8,13.5,13.1,,,,89,77,16.1,4.36,6.0,0.5231,0.8523,13.2,13.9,13.9,station
2024-02-02,,,9.4,10.7,12.2,,,11.4,10.6,10.9,,,,87,63,10.6,7.84,2.6,0.5377,0.8432,11.7,12.2,12.2,station
2024-02-03,,,8.5,9.2,9.6,,,8.9,8.4,9.7,,,,92,80,9.7,6.64,0.1,0.5521,0.8338,8.9,10.6,10.6,station
2024-02-04,8.2,,8.6,9.2,9.9,,,10.0,8.5,9.2,8.97,0.74,,89,71,21.2,7.42,0.2,0.5664,0.8242,8.1,10.0,10.0,station
2024-02-05,5.6,,8.0,6.6,6.8,5.7,,8.7,7.4,8.0,6.75,0.98,-0.7,87,100,20.5,1.77,4.7,0.5805,0.8143,5.9,7.2,7.2,station
2024-02-06,6.7,,7.7,7.3,7.4,7.5,,6.3,7.7,7.4,7.28,0.42,0.05,95,85,9.4,3.01,7.1,0.5944,0.8042,7.6,7.2,7.2,station
2024-02-07,6.7,,7.5,7.7,9.6,7.2,,8.4,8.1,6.6,7.88,1.23,0.3,92,65,9.1,6.69,1.4,0.6081,0.7938,7.4,8.9,8.9,station
2024-02-08,6.6,,6.7,7.6,6.5,6.6,,6.3,7.8,6.2,6.85,0.51,0.12,90,94,12.0,5.85,1.8,0.6217,0.7833,7.1,7.2,7.2,station
2024-02-09,6.9,,6.9,7.8,7.7,6.7,,6.4,6.9,7.0,7.33,0.49,0.58,88,84,8.6,7.87,1.3,0.6351,0.7725,8.4,8.3,8.3,station
2024-02-10,9.2,,9.0,8.2,9.8,10.0,,6.4,7.7,9.0,9.05,0.66,0.78,80,90,7.4,6.85,0.0,0.6483,0.7614,9.1,9.4,9.4,station
2024-02-11,10.6,,10.0,10.3,9.8,8.2,,8.3,10.4,8.6,10.18,0.35,1.3,91,98,21.8,3.37,11.2,0.6613,0.7502,10.5,11.1,11.1,station
2024-02-12,8.5,,8.1,8.7,8.0,7.9,,7.3,8.5,7.9,8.32,0.33,0.42,95,100,22.3,3.1,4.3,0.6741,0.7387,8.2,8.3,8.3,station
2024-02-13,7.0,,9.0,8.4,9.0,7.3,,9.0,8.7,7.7,8.35,0.94,0.17,88,72,15.5,7.87,0.0,0.6867,0.727,8.0,8.9,8.9,station
2024-02-14,7.9,,7.0,7.8,9.6,7.8,,9.2,7.1,8.6,8.07,1.09,-0.1,65,67,20.9,8.15,3.8,0.6991,0.715,8.3,9.4,9.4,station
2024-02-15,3.0,,5.9,5.6,3.9,5.9,,5.7,7.0,6.1,4.6,1.38,-1.58,86,84,18.1,3.39,8.6,0.7113,0.7029,4.7,6.1,6.1,station
2024-02-16,8.3,,7.6,9.9,8.4,8.6,,10.8,9.6,8.0,8.55,0.97,-0.7,52,41,20.5,11.13,0.0,0.7233,0.6906,8.8,9.4,9.4,station
2024-02-17,8.4,,12.2,9.9,7.2,10.3,,10.7,10.0,10.4,9.43,2.15,-0.92,41,95,28.7,4.21,0.0,0.735,0.678,8.9,11.1,11.1,station
2024-02-18,6.9,,8.9,8.3,9.0,8.2,,5.6,8.5,11.9,8.28,0.97,-0.28,70,96,12.5,1.75,2.5,0.7466,0.6653,7.4,9.4,9.4,station
2024-02-19,11.2,,12.1,11.3,13.0,8.7,,9.5,9.5,9.1,11.9,0.84,2.7,84,80,16.5,3.38,0.3,0.7579,0.6523,8.5,8.9,8.9,station
2024-02-20,10.8,,12.3,12.5,11.5,11.3,,10.1,13.8,12.2,11.78,0.78,-0.07,90,95,12.8,6.98,5.2,0.769,0.6392,11.7,11.7,11.7,station
2024-02-21,8.5,,10.9,9.8,10.0,10.6,,7.7,10.1,10.6,9.8,0.99,0.05,94,99,18.7,2.57,14.1,0.7799,0.6259,9.0,10.0,10.0,station
2024-02-22,12.3,,11.6,12.5,13.0,11.9,,12.3,12.0,11.1,12.35,0.58,0.53,84,40,15.2,11.05,0.1,0.7906,0.6124,12.5,13.3,13.3,station
2024-02-23,9.8,,11.3,10.7,12.8,9.9,,12.8,10.8,10.7,11.15,1.26,0.1,90,47,11.9,10.05,0.0,0.801,0.5987,9.8,10.6,10.6,station
2024-02-24,9.5,,8.1,9.8,11.5,9.8,,8.5,9.0,9.1,9.72,1.4,0.62,87,99,22.7,4.24,0.5,0.8112,0.5848,10.3,9.4,9.4,station
2024-02-25,8.2,,8.2,9.2,8.4,8.2,,8.8,9.3,8.2,8.5,0.48,-0.12,89,100,29.8,2.55,7.6,0.8211,0.5708,8.7,9.4,9.4,station
2024-02-26,5.6,,5.3,6.2,6.8,5.6,,5.5,5.9,6.0,5.97,0.67,0.22,79,69,22.5,9.78,4.4,0.8308,0.5566,6.7,6.1,6.1,station
2024-02-27,5.2,,6.3,4.4,5.6,5.1,,5.3,6.3,5.4,5.38,0.79,-0.15,80,86,27.7,5.1,1.7,0.8402,0.5422,6.1,7.8,7.8,station
2024-02-28,8.4,,9.4,9.6,8.5,8.9,,8.1,9.4,8.8,8.97,0.61,0.17,94,100,35.5,3.21,31.9,0.8495,0.5277,9.0,10.0,10.0,station
2024-02-29,5.6,,5.3,5.5,7.4,6.6,,5.8,6.1,8.4,5.95,0.97,-0.77,92,100,23.3,6.74,22.5,0.8584,0.513,7.8,5.6,5.6,station
2024-03-01,5.7,,4.3,6.3,6.0,7.8,,5.9,6.3,7.4,5.58,0.88,-1.27,84,96,21.1,7.02,10.5,0.8671,0.4981,5.7,5.0,5.0,station
2024-03-02,6.5,,3.8,5.6,6.9,5.8,,5.7,6.1,5.7,5.7,1.38,-0.12,84,91,20.4,10.43,3.6,0.8755,0.4831,6.2,6.1,6.1,station
2024-03-03,5.9,,5.0,4.9,5.3,5.1,,6.7,4.9,7.8,5.28,0.45,-0.85,78,98,21.3,8.34,6.3,0.8837,0.468,5.9,5.6,5.6,station
2024-03-04,6.2,,3.4,5.3,7.3,6.1,,7.3,6.8,6.7,5.55,1.65,-1.17,79,89,21.0,12.5,1.6,0.8916,0.4527,7.3,7.2,7.2,station
2024-03-05,6.3,,5.9,6.3,8.3,6.5,,5.3,6.0,6.6,6.7,1.08,0.6,78,22,12.9,14.25,0.0,0.8993,0.4373,6.4,6.7,6.7,station
2024-03-06,5.6,,5.4,5.8,7.6,6.0,,6.2,6.1,6.2,6.1,1.01,-0.03,73,58,8.7,13.45,0.0,0.9067,0.4218,6.6,5.6,5.6,station
2024-03-07,7.8,,6.9,7.5,9.1,7.9,,8.8,8.1,7.2,7.83,0.93,-0.17,75,39,9.6,13.97,0.0,0.9138,0.4061,7.9,8.3,8.3,station
2024-03-08,10.7,,10.8,10.4,14.3,11.7,,10.5,9.1,10.9,11.55,1.84,1.0,70,99,13.0,9.42,0.3,0.9207,0.3904,12.7,11.1,11.1,station
2024-03-09,10.5,,8.6,10.0,10.4,10.8,,9.5,9.7,10.3,9.88,0.88,-0.2,70,93,30.0,8.42,4.9,0.9272,0.3745,10.2,11.7,11.7,station
2024-03-10,8.5,,8.2,8.7,10.0,9.1,,6.4,8.9,9.5,8.85,0.79,0.38,87,94,25.6,4.47,7.8,0.9335,0.3585,8.2,10.0,10.0,station
2024-03-11,10.0,,8.0,9.0,8.5,9.3,,8.2,7.9,9.4,8.88,0.85,0.18,88,92,27.2,4.88,11.1,0.9396,0.3424,9.4,9.4,9.4,station
2024-03-12,8.3,,6.7,8.5,8.4,9.0,,8.5,8.8,8.5,7.98,0.85,-0.72,82,61,24.6,12.95,9.6,0.9453,0.3261,9.5,8.9,8.9,station
2024-03-13,9.7,,8.7,9.9,11.5,9.5,,10.5,9.5,9.2,9.95,1.16,0.27,76,70,11.3,13.49,0.0,0.9508,0.3098,9.9,10.6,10.6,station
2024-03-14,11.5,11.1,12.1,11.4,14.6,11.5,,11.9,11.2,11.4,12.14,1.42,0.64,75,51,15.3,16.44,0.0,0.956,0.2934,11.3,13.9,13.9,station
2024-03-15,14.4,12.8,15.2,14.1,18.8,14.6,13.6,15.5,14.2,14.3,15.06,2.26,0.62,81,46,19.9,16.39,0.0,0.9609,0.2769,13.4,16.1,16.1,station
2024-03-16,20.0,18.8,21.8,18.7,22.3,19.4,19.0,20.0,18.6,18.2,20.32,1.67,1.28,78,7,15.6,17.03,0.0,0.9655,0.2604,19.0,23.3,23.3,station
2024-03-17,18.3,17.4,19.2,18.6,22.5,18.7,17.8,21.0,18.9,18.7,19.2,1.96,0.18,69,0,12.7,17.14,0.0,0.9698,0.2437,19.1,21.1,21.1,station
2024-03-18,16.2,15.8,17.9,17.0,20.2,16.5,16.5,19.5,17.1,17.8,17.42,1.75,-0.06,81,51,13.4,17.09,0.0,0.9739,0.227,15.6,18.3,18.3,station
2024-03-19,17.4,15.9,16.9,17.1,19.3,18.2,16.3,20.6,16.7,17.5,17.32,1.24,-0.54,82,38,16.7,16.68,0.0,0.9777,0.2102,17.6,17.2,17.2,station
2024-03-20,10.9,10.3,10.0,10.8,11.2,11.0,10.9,14.5,11.6,12.6,10.64,0.48,-1.48,82,85,14.3,6.69,0.8,0.9811,0.1934,11.4,10.6,10.6,station
2024-03-21,12.4,11.9,12.1,12.0,11.8,12.0,12.1,12.0,13.4,13.6,12.04,0.23,-0.58,87,88,12.5,9.93,3.8,0.9843,0.1765,13.3,12.8,12.8,station
2024-03-22,11.6,12.3,16.7,11.6,14.5,11.0,12.9,11.4,11.3,14.2,13.34,2.22,1.18,94,98,13.1,5.91,5.3,0.9872,0.1595,12.0,11.7,11.7,station
2024-03-23,10.2,10.8,11.5,10.9,10.5,12.9,11.7,10.7,12.4,12.2,10.78,0.49,-1.2,93,99,12.6,7.96,9.2,0.9898,0.1425,11.1,11.1,11.1,station
2024-03-24,13.9,12.8,12.8,12.9,15.0,13.9,12.2,12.4,13.2,12.8,13.48,0.97,0.58,79,64,18.4,15.8,0.1,0.9921,0.1255,14.5,13.9,13.9,station
2024-03-25,9.7,9.7,9.0,10.1,9.2,10.2,10.0,8.8,9.7,11.6,9.54,0.44,-0.52,87,80,18.9,9.15,7.4,0.9941,0.1084,10.1,11.1,11.1,station
2024-03-26,10.9,11.5,10.9,12.0,13.4,10.3,11.1,13.1,12.1,11.4,11.74,1.04,0.14,81,74,19.1,14.45,0.8,0.9958,0.0913,11.9,12.2,12.2,station
2024-03-27,10.6,11.2,12.4,11.2,13.0,9.6,10.9,9.1,11.8,9.9,11.68,0.99,1.42,85,83,20.7,9.69,18.6,0.9972,0.0741,12.9,11.7,11.7,station
2024-03-28,10.5,9.8,9.4,10.3,10.8,10.3,9.6,10.2,10.8,11.4,10.16,0.56,-0.3,80,82,23.6,9.78,13.4,0.9984,0.057,11.2,11.1,11.1,station
2024-03-29,12.5,12.9,11.2,12.3,14.3,12.4,12.7,13.3,12.4,12.3,12.64,1.12,0.02,71,50,19.2,18.68,0.3,0.9992,0.0398,12.9,14.4,14.4,station
2024-03-30,13.5,13.0,12.9,12.7,16.6,13.7,13.0,14.2,13.0,13.9,13.74,1.63,0.18,77,62,15.6,17.9,0.0,0.9997,0.0226,13.0,13.9,13.9,station
2024-03-31,13.6,13.6,14.8,13.5,17.2,13.9,14.3,14.8,13.4,14.5,14.54,1.58,0.36,74,31,19.7,19.8,0.0,1.0,0.0054,13.5,16.1,16.1,station
2024-04-01,15.3,15.0,17.6,14.7,18.2,15.0,14.2,17.8,15.1,16.0,16.16,1.62,0.54,80,58,10.0,16.57,0.0,0.9999,-0.0118,16.5,16.1,16.1,station
2024-04-02,15.8,14.9,14.7,16.5,17.3,15.8,16.0,19.3,16.4,16.5,15.84,1.09,-0.96,81,72,27.7,19.12,0.7,0.9996,-0.029,16.6,19.4,19.4,station
2024-04-03,10.1,9.8,9.3,9.9,11.6,9.6,10.1,11.2,10.4,9.3,10.14,0.87,0.02,74,74,25.3,17.74,1.0,0.9989,-0.0462,10.3,11.1,11.1,station
2024-04-04,8.9,8.5,10.2,9.5,10.6,7.8,7.8,8.4,9.6,9.9,9.54,0.87,0.84,74,98,22.3,9.03,1.2,0.998,-0.0634,7.8,7.8,7.8,station
2024-04-05,10.2,10.3,8.8,11.5,12.9,12.9,11.3,12.9,12.1,13.2,10.74,1.54,-1.74,83,96,16.6,6.39,0.6,0.9968,-0.0805,9.4,10.0,10.0,station
2024-04-06,8.9,9.3,9.2,9.0,10.6,8.2,10.5,9.9,9.4,9.5,9.4,0.69,-0.1,83,85,19.8,9.17,1.5,0.9952,-0.0977,9.0,8.3,8.3,station
2024-04-07,10.6,10.8,9.6,10.9,9.4,11.3,11.4,11.3,12.0,11.7,10.26,0.71,-1.28,84,72,18.1,15.29,2.5,0.9934,-0.1148,11.3,11.1,11.1,station
2024-04-08,10.7,9.8,8.9,10.4,10.1,9.9,9.5,10.1,10.3,9.8,9.98,0.69,0.06,82,97,24.7,5.11,4.0,0.9913,-0.1319,10.7,11.1,11.1,station
2024-04-09,12.2,13.1,11.0,12.6,14.9,12.7,12.9,14.9,11.7,12.6,12.76,1.43,-0.2,77,61,21.7,18.05,2.4,0.9889,-0.1489,13.1,12.8,12.8,station
2024-04-10,13.6,13.3,14.5,13.6,15.5,13.8,13.7,15.6,13.9,14.1,14.1,0.9,-0.12,71,80,9.9,19.51,0.0,0.9861,-0.1659,14.1,14.4,14.4,station
2024-04-11,12.3,10.9,13.7,10.0,12.3,9.9,10.3,10.6,10.7,11.1,11.84,1.43,1.32,81,100,12.0,8.58,1.1,0.9831,-0.1828,12.1,12.8,12.8,station
2024-04-12,12.5,13.6,12.3,13.9,15.4,12.9,13.6,11.3,12.2,14.3,13.54,1.25,0.68,84,65,24.4,18.81,0.0,0.9799,-0.1997,13.0,13.3,13.3,station
2024-04-13,14.8,14.2,16.8,14.9,17.8,15.3,14.9,16.2,15.9,16.2,15.7,1.53,0.0,78,41,17.4,21.28,0.0,0.9763,-0.2165,14.8,16.7,16.7,station
2024-04-14,17.6,15.7,17.0,16.9,18.5,17.2,15.4,19.0,16.5,16.7,17.14,1.03,0.18,72,39,15.6,22.59,0.0,0.9724,-0.2333,18.1,18.3,18.3,station
2024-04-15,9.1,11.0,8.5,9.8,11.3,9.6,11.3,11.1,10.1,11.4,9.94,1.2,-0.76,67,98,18.2,9.6,0.1,0.9683,-0.25,12.3,12.8,12.8,station
2024-04-16,10.7,9.6,11.2,10.9,12.8,10.7,9.4,12.1,11.1,11.2,11.04,1.15,0.14,67,48,14.2,20.48,1.4,0.9638,-0.2666,11.3,11.7,11.7,station
2024-04-17,12.9,13.4,13.4,13.3,14.7,12.8,13.3,13.6,13.9,13.4,13.54,0.68,0.14,67,10,17.3,23.58,0.0,0.9591,-0.2831,12.6,15.0,15.0,station
2024-04-18,15.4,15.2,15.6,15.7,18.0,15.6,16.0,16.5,15.7,15.6,15.98,1.15,0.1,63,5,20.9,23.48,0.0,0.9541,-0.2996,15.3,17.8,17.8,station
2024-04-19,18.0,18.3,18.5,19.2,19.9,18.0,18.7,20.4,19.5,17.6,18.78,0.77,-0.06,46,0,20.6,24.76,0.0,0.9488,-0.316,18.5,19.4,19.4,station
2024-04-20,21.6,16.7,21.1,20.8,23.4,21.2,16.7,20.3,20.2,19.0,20.72,2.46,1.24,48,34,26.5,16.99,0.8,0.9432,-0.3322,21.2,21.1,21.1,station
2024-04-21,13.8,12.5,12.0,14.4,14.2,13.6,12.7,15.5,13.3,13.8,13.38,1.07,-0.4,69,29,19.2,19.33,0.2,0.9373,-0.3484,14.3,13.3,13.3,station
2024-04-22,14.2,14.7,14.9,14.8,17.2,14.2,15.0,15.1,15.7,15.1,15.16,1.17,0.14,67,46,19.6,23.86,0.0,0.9312,-0.3645,14.0,16.1,16.1,station
2024-04-23,19.9,17.7,20.3,19.5,22.5,18.1,17.6,21.2,18.7,18.9,19.98,1.72,1.08,64,75,15.9,23.37,0.0,0.9248,-0.3804,20.4,20.6,20.6,station
2024-04-24,12.6,11.1,12.7,13.4,12.7,11.5,11.8,13.7,12.8,14.5,12.5,0.85,-0.36,79,100,19.4,7.1,0.7,0.9181,-0.3963,12.8,11.7,11.7,station
2024-04-25,10.4,11.7,11.2,12.3,11.3,10.8,11.3,9.7,11.9,11.3,11.38,0.7,0.38,96,100,20.1,4.04,25.9,0.9112,-0.412,10.5,11.7,11.7,station
2024-04-26,14.7,14.3,12.0,14.9,13.0,14.0,14.0,14.2,14.3,12.3,13.78,1.24,0.02,83,88,16.1,14.56,2.3,0.9039,-0.4276,15.7,16.1,16.1,station
2024-04-27,9.9,11.1,10.1,10.6,11.4,10.6,11.2,9.9,11.6,11.3,10.62,0.64,-0.3,88,100,20.6,5.3,5.3,0.8965,-0.4431,10.2,11.1,11.1,station
2024-04-28,10.1,11.2,9.5,11.0,11.1,10.1,10.9,12.7,10.2,10.9,10.58,0.75,-0.38,83,94,23.5,13.15,3.3,0.8887,-0.4585,11.6,11.1,11.1,station
2024-04-29,9.1,10.1,9.4,11.0,11.2,10.2,10.0,11.9,12.0,11.2,10.16,0.93,-0.9,81,74,14.9,19.17,5.3,0.8807,-0.4737,11.1,11.1,11.1,station
2024-04-30,10.6,10.3,10.8,11.6,12.2,10.7,10.9,12.3,11.8,12.1,11.1,0.78,-0.46,81,74,12.6,17.29,2.9,0.8724,-0.4888,11.2,12.8,12.8,station
2024-05-01,13.6,13.2,13.6,13.7,15.8,14.3,13.3,14.7,13.0,14.3,13.98,1.04,0.06,72,52,12.3,23.84,0.7,0.8639,-0.5037,13.9,14.4,14.4,station
2024-05-02,15.8,16.2,18.1,16.7,19.7,15.6,16.2,17.9,16.5,16.5,17.3,1.6,0.76,71,21,21.6,25.95,0.0,0.8551,-0.5185,15.8,18.3,18.3,station
2024-05-03,17.2,16.6,20.5,16.6,20.1,18.3,16.7,18.5,16.8,16.8,18.2,1.94,0.78,72,77,15.7,18.3,0.7,0.846,-0.5331,19.1,18.3,18.3,station
2024-05-04,12.1,11.7,15.4,13.9,13.9,10.1,11.5,12.5,10.3,11.0,13.4,1.51,2.32,93,100,18.8,6.83,5.5,0.8367,-0.5476,12.6,12.8,12.8,station
2024-05-05,10.9,11.1,10.6,12.7,10.8,11.7,11.3,11.0,12.6,11.5,11.22,0.85,-0.4,91,100,26.8,4.6,4.8,0.8272,-0.5619,11.2,10.0,10.0,station
2024-05-06,11.8,11.0,10.8,12.2,12.4,11.9,11.0,12.6,12.5,12.1,11.64,0.71,-0.38,79,66,24.3,18.52,5.1,0.8174,-0.5761,12.0,12.2,12.2,station
2024-05-07,12.6,12.8,12.5,13.0,14.5,12.7,13.0,14.2,13.6,12.5,13.08,0.82,-0.12,74,48,14.8,22.08,0.1,0.8074,-0.59,13.3,15.0,15.0,station
2024-05-08,15.2,15.6,16.7,15.5,18.0,15.1,15.7,16.4,15.1,15.7,16.2,1.16,0.6,68,29,19.8,24.9,0.0,0.7971,-0.6038,15.4,17.8,17.8,station
2024-05-09,19.8,19.6,23.8,21.0,23.5,20.0,20.3,21.5,20.2,21.0,21.54,2.0,0.94,65,20,21.6,26.95,0.0,0.7866,-0.6175,19.6,23.3,23.3,station
2024-05-10,24.2,23.6,26.9,25.1,28.2,23.9,24.5,27.2,25.5,24.7,25.6,1.91,0.44,68,1,12.3,26.99,0.0,0.7759,-0.6309,25.3,28.9,28.9,station
2024-05-11,24.3,23.9,25.1,26.1,28.4,23.9,24.5,28.7,26.1,24.4,25.56,1.8,0.04,62,13,15.0,26.94,0.0,0.7649,-0.6442,25.9,27.8,27.8,station
2024-05-12,22.5,20.1,22.3,22.5,25.4,23.2,19.9,24.9,21.5,22.2,22.56,1.88,0.22,64,11,18.8,26.68,0.0,0.7537,-0.6572,23.9,23.9,23.9,station
2024-05-13,16.8,15.5,17.6,16.5,21.3,15.5,14.8,14.0,17.2,17.3,17.54,2.23,1.78,73,75,16.1,14.15,1.0,0.7423,-0.6701,19.7,16.7,16.7,station
2024-05-14,19.4,18.7,19.9,19.4,22.3,18.9,18.6,20.3,20.0,20.1,19.94,1.39,0.36,66,61,16.6,26.76,0.0,0.7306,-0.6828,19.6,21.1,21.1,station
2024-05-15,21.8,19.3,22.6,21.6,23.9,21.5,19.8,24.1,22.0,21.4,21.84,1.68,0.08,69,74,13.0,25.47,0.0,0.7188,-0.6952,23.1,23.3,23.3,station
2024-05-16,17.6,14.6,16.6,15.3,16.1,18.2,14.6,16.9,15.5,17.1,16.04,1.16,-0.42,78,82,32.3,13.55,0.6,0.7067,-0.7075,17.3,17.2,17.2,station
2024-05-17,16.8,15.6,15.8,16.7,18.2,17.2,15.5,17.5,17.1,16.7,16.62,1.03,-0.18,60,46,22.2,21.61,0.1,0.6945,-0.7195,17.0,17.2,17.2,station
2024-05-18,12.3,11.0,11.9,12.0,14.9,12.0,11.5,12.5,12.9,14.2,12.42,1.47,-0.2,79,68,13.6,15.37,8.0,0.682,-0.7314,13.8,12.8,12.8,station
2024-05-19,14.8,14.3,14.8,15.7,17.2,14.9,14.3,14.7,15.6,15.0,15.36,1.15,0.46,75,42,9.6,21.11,0.3,0.6693,-0.743,15.1,16.7,16.7,station
2024-05-20,17.5,16.4,18.3,16.9,19.6,18.2,16.8,20.6,18.2,17.4,17.74,1.26,-0.5,70,65,14.6,21.75,0.0,0.6564,-0.7544,18.3,17.2,17.2,station
2024-05-21,10.7,11.1,11.9,11.4,11.3,10.8,11.1,10.1,11.7,10.7,11.28,0.44,0.4,93,97,24.0,3.22,16.6,0.6433,-0.7656,10.7,11.1,11.1,station
2024-05-22,14.7,13.4,14.4,14.5,15.8,15.0,13.4,14.2,15.1,13.8,14.56,0.86,0.26,73,55,31.4,19.96,0.4,0.6301,-0.7765,14.4,15.0,15.0,station
2024-05-23,18.0,16.1,16.3,16.7,19.9,18.0,16.0,19.5,17.0,17.4,17.4,1.58,-0.18,72,84,15.2,17.81,0.3,0.6166,-0.7873,18.2,16.1,16.1,station
2024-05-24,13.0,13.0,13.1,12.1,14.1,13.8,13.9,20.3,17.5,14.3,13.06,0.71,-2.9,81,99,19.4,10.24,3.2,0.603,-0.7978,13.5,13.9,13.9,station
2024-05-25,14.5,13.5,13.4,14.3,15.4,14.9,13.6,16.0,14.7,14.5,14.22,0.82,-0.52,72,97,25.0,14.45,0.1,0.5892,-0.808,14.4,15.6,15.6,station
2024-05-26,13.3,13.6,11.9,13.4,13.4,14.4,13.9,13.1,13.1,13.3,13.12,0.69,-0.44,80,99,17.2,9.43,3.1,0.5752,-0.818,15.1,14.4,14.4,station
2024-05-27,17.1,17.6,18.4,18.8,20.7,17.6,17.8,21.7,18.9,17.6,18.52,1.39,-0.2,79,96,12.6,16.68,0.0,0.561,-0.8278,18.1,18.9,18.9,station
2024-05-28,13.9,13.1,13.9,13.8,13.1,14.0,13.7,14.4,13.3,13.9,13.56,0.42,-0.3,82,79,21.5,11.48,4.4,0.5467,-0.8373,15.3,14.4,14.4,station
2024-05-29,13.4,13.3,13.0,14.4,15.6,13.4,13.4,14.9,14.1,14.3,13.94,1.07,-0.08,79,49,25.5,21.83,1.2,0.5322,-0.8466,16.1,15.6,15.6,station
2024-05-30,14.8,16.0,16.5,15.3,18.5,14.9,16.2,18.8,16.0,15.4,16.22,1.43,-0.04,70,79,12.5,20.34,0.0,0.5176,-0.8556,15.2,17.2,17.2,station
2024-05-31,18.8,18.7,20.7,19.0,22.7,18.0,18.9,19.8,18.4,18.6,19.98,1.73,1.24,63,72,15.0,27.8,0.0,0.5028,-0.8644,19.1,21.1,21.1,station
2024-06-01,18.6,15.8,15.3,13.9,19.0,17.4,15.9,16.2,13.8,17.9,16.52,2.2,0.28,69,95,13.4,12.2,0.5,0.4878,-0.8729,16.7,17.2,17.2,station
2024-06-02,13.8,13.7,13.9,14.5,13.8,13.8,14.1,11.8,13.8,13.8,13.94,0.32,0.48,94,98,28.5,4.25,23.5,0.4728,-0.8812,14.0,15.0,15.0,station
2024-06-03,13.7,14.3,12.4,15.0,13.8,13.6,14.3,15.4,15.2,13.1,13.84,0.96,-0.48,82,85,31.7,16.61,14.5,0.4575,-0.8892,13.5,14.4,14.4,station
2024-06-04,16.4,15.3,14.3,16.0,16.1,14.9,15.8,18.4,16.9,14.3,15.62,0.84,-0.44,78,74,29.3,12.7,4.6,0.4422,-0.8969,16.2,15.6,15.6,station
2024-06-05,17.1,17.3,15.9,17.3,20.1,17.3,17.6,19.7,18.1,16.4,17.54,1.55,-0.28,70,40,13.0,26.39,0.0,0.4267,-0.9044,17.6,18.9,18.9,station
2024-06-06,19.2,18.9,18.7,19.1,22.4,18.9,19.4,21.1,18.8,18.4,19.66,1.54,0.34,65,52,17.6,27.99,0.0,0.4111,-0.9116,19.0,22.2,22.2,station
2024-06-07,20.6,20.5,22.9,21.8,24.6,20.8,21.8,22.8,21.4,21.3,22.08,1.72,0.46,62,3,18.5,30.05,0.0,0.3953,-0.9185,20.9,24.4,24.4,station
2024-06-08,24.6,20.8,25.5,23.9,27.1,24.7,21.6,27.1,24.4,23.0,24.38,2.33,0.22,60,49,10.8,24.56,0.0,0.3795,-0.9252,24.9,25.0,25.0,station
2024-06-09,22.7,19.6,21.7,21.7,25.4,22.1,19.6,24.9,22.8,21.5,22.22,2.11,0.04,71,54,20.6,25.16,0.1,0.3635,-0.9316,24.1,21.1,21.1,station
2024-06-10,19.0,18.4,19.3,19.9,23.2,18.6,18.7,24.8,20.0,20.6,19.96,1.89,-0.58,70,75,10.8,23.32,0.0,0.3474,-0.9377,20.9,20.6,20.6,station
2024-06-11,18.9,17.7,16.8,18.5,20.6,17.5,17.9,20.0,19.8,18.5,18.5,1.42,-0.24,72,54,29.1,21.17,0.9,0.3312,-0.9436,19.2,18.9,18.9,station
2024-06-12,16.6,17.5,17.2,18.0,19.9,16.9,17.7,18.6,18.2,17.5,17.84,1.26,0.06,64,61,14.9,24.36,0.2,0.3149,-0.9491,17.3,18.9,18.9,station
2024-06-13,19.2,18.8,20.2,18.1,21.8,19.6,19.8,19.3,20.4,18.3,19.62,1.44,0.14,63,62,12.8,22.96,0.0,0.2986,-0.9544,19.3,19.4,19.4,station
2024-06-14,16.9,16.0,17.3,17.7,16.9,17.6,16.4,18.1,17.8,16.5,16.96,0.63,-0.32,72,67,20.9,21.35,1.8,0.2821,-0.9594,18.2,17.2,17.2,station
2024-06-15,15.2,13.5,14.3,15.0,14.2,15.1,13.5,13.5,15.0,13.5,14.44,0.68,0.32,77,58,24.3,23.6,8.7,0.2656,-0.9641,14.5,15.0,15.0,station
2024-06-16,15.3,14.4,15.3,15.9,17.8,15.7,14.8,15.7,15.3,15.0,15.74,1.27,0.44,70,48,16.6,26.0,0.9,0.2489,-0.9685,16.3,17.2,17.2,station
2024-06-17,16.4,15.8,14.8,16.3,17.8,16.8,15.6,15.6,16.8,16.8,16.22,1.09,-0.1,74,90,16.3,14.56,9.1,0.2322,-0.9727,16.3,15.6,15.6,station
2024-06-18,17.8,17.8,19.0,18.6,20.6,17.9,18.2,21.2,18.8,19.8,18.76,1.15,-0.42,70,47,11.6,23.15,0.1,0.2155,-0.9765,18.6,19.4,19.4,station
2024-06-19,22.6,22.3,24.1,22.5,25.6,22.3,22.4,25.0,22.3,22.6,23.42,1.41,0.5,64,6,15.3,29.83,0.0,0.1986,-0.9801,23.1,25.6,25.6,station
2024-06-20,24.4,23.7,26.3,24.7,28.0,24.5,24.8,26.9,25.1,24.7,25.42,1.73,0.22,56,2,15.0,30.0,0.0,0.1818,-0.9833,25.8,28.3,28.3,station
2024-06-21,26.5,24.6,28.1,27.5,30.7,26.4,25.1,29.3,26.7,26.7,27.48,2.24,0.64,52,44,12.5,29.11,0.0,0.1648,-0.9863,27.8,29.4,29.4,station
2024-06-22,24.3,22.1,23.9,25.3,26.1,25.2,22.8,28.5,23.5,23.2,24.34,1.52,-0.3,60,76,18.0,19.95,0.4,0.1478,-0.989,25.2,22.8,22.8,station
2024-06-23,18.4,17.7,15.9,18.9,20.8,17.9,18.1,17.3,18.0,19.6,18.34,1.78,0.16,65,42,24.3,18.37,0.0,0.1308,-0.9914,18.6,19.4,19.4,station
2024-06-24,19.3,19.1,19.1,20.6,21.7,19.2,19.4,23.4,20.3,20.4,19.96,1.16,-0.58,68,60,14.8,21.19,0.0,0.1137,-0.9935,20.3,21.1,21.1,station
2024-06-25,23.6,21.9,25.3,24.3,27.3,23.3,22.4,27.0,24.7,24.1,24.48,2.01,0.18,61,21,14.1,29.52,0.0,0.0966,-0.9953,24.3,26.1,26.1,station
2024-06-26,20.1,17.3,19.9,19.6,21.4,19.8,18.1,22.4,19.4,21.2,19.66,1.49,-0.52,69,58,24.5,18.71,1.0,0.0795,-0.9968,20.8,19.4,19.4,station
2024-06-27,18.5,16.9,16.5,16.5,18.5,16.2,16.9,16.0,17.9,19.8,17.38,1.04,0.02,81,98,19.2,11.75,2.1,0.0623,-0.9981,19.9,18.3,18.3,station
2024-06-28,20.9,20.3,20.7,21.1,23.0,21.1,20.8,23.0,21.0,21.2,21.2,1.05,-0.22,70,98,10.6,23.36,0.7,0.0451,-0.999,22.0,21.7,21.7,station
2024-06-29,22.1,20.3,24.6,22.2,23.3,21.7,21.0,26.9,21.3,21.5,22.5,1.59,0.02,73,86,12.6,19.61,1.8,0.028,-0.9996,23.5,22.8,22.8,station
2024-06-30,23.0,21.4,22.6,24.0,24.7,23.3,21.5,24.9,23.0,22.7,23.14,1.28,0.06,75,70,19.5,20.64,1.0,0.0108,-0.9999,24.6,23.9,23.9,station
2024-07-01,22.0,20.6,21.5,22.1,23.4,21.5,21.3,25.0,21.4,22.9,21.92,1.02,-0.5,78,69,9.7,18.79,2.9,-0.0065,-1.0,22.8,23.9,23.9,station
2024-07-02,21.7,19.7,22.6,22.0,24.0,20.9,19.3,22.1,21.3,21.9,22.0,1.56,0.9,66,64,10.4,23.66,0.0,-0.0237,-0.9997,23.1,21.1,21.1,station
2024-07-03,22.2,20.2,23.6,22.6,25.2,22.7,20.6,25.0,22.4,23.7,22.76,1.84,-0.12,65,26,13.8,26.73,0.0,-0.0408,-0.9992,23.6,23.9,23.9,station
2024-07-04,24.6,23.4,26.1,24.2,27.3,25.0,23.8,27.0,25.0,25.2,25.12,1.56,-0.08,60,0,18.9,29.42,0.0,-0.058,-0.9983,25.4,27.8,27.8,station
2024-07-05,28.1,25.6,28.7,27.7,30.3,28.3,26.5,30.9,27.2,26.9,28.08,1.7,0.12,55,0,19.5,29.37,0.0,-0.0752,-0.9972,28.3,31.1,31.1,station
2024-07-06,29.2,26.8,29.1,29.0,32.2,29.2,27.6,31.7,28.5,27.8,29.26,1.92,0.3,51,0,16.1,29.45,0.0,-0.0923,-0.9957,30.1,32.2,32.2,station
2024-07-07,31.2,28.0,32.1,30.6,35.5,31.2,29.0,34.4,30.6,30.3,31.48,2.72,0.38,48,0,11.5,29.43,0.0,-0.1094,-0.994,32.4,33.3,33.3,station
2024-07-08,32.2,28.8,32.6,31.1,35.5,31.9,29.3,34.3,31.3,31.2,32.04,2.43,0.44,46,0,12.7,29.11,0.0,-0.1265,-0.992,32.9,34.4,34.4,station
2024-07-09,33.2,29.5,33.3,32.5,36.0,33.2,30.7,35.8,32.4,32.1,32.9,2.32,0.06,43,0,14.5,29.24,0.0,-0.1436,-0.9896,34.1,36.1,36.1,station
2024-07-10,30.3,26.4,28.1,27.0,31.0,32.4,27.1,31.7,27.8,29.3,28.56,2.02,-1.1,41,0,17.1,29.03,0.0,-0.1606,-0.987,32.1,31.1,31.1,station
2024-07-11,26.5,24.8,26.8,26.5,28.3,26.6,25.2,30.1,26.0,26.7,26.58,1.24,-0.34,54,0,14.1,28.71,0.0,-0.1775,-0.9841,27.7,27.2,27.2,station
2024-07-12,27.0,25.0,28.0,26.2,29.0,27.8,26.1,31.2,26.7,27.1,27.04,1.55,-0.74,58,0,14.8,28.45,0.0,-0.1944,-0.9809,26.9,27.8,27.8,station
2024-07-13,28.4,26.1,29.5,27.9,30.2,28.6,27.0,32.4,27.9,27.9,28.42,1.58,-0.34,56,0,17.3,28.6,0.0,-0.2113,-0.9774,28.3,30.6,30.6,station
2024-07-14,31.2,25.7,29.4,28.4,30.7,31.3,25.7,30.5,27.1,28.3,29.08,2.19,0.5,55,0,17.7,28.4,0.0,-0.2281,-0.9736,31.0,27.8,27.8,station
2024-07-15,26.1,23.6,27.1,24.7,29.4,27.4,24.8,30.9,26.4,27.6,26.18,2.24,-1.24,64,22,11.5,26.43,0.0,-0.2448,-0.9696,27.4,26.1,26.1,station
2024-07-16,28.8,25.7,30.2,28.2,30.9,28.9,27.1,31.1,28.1,28.2,28.76,2.02,0.08,59,11,13.7,28.43,0.0,-0.2614,-0.9652,29.6,30.6,30.6,station
2024-07-17,30.6,24.6,29.1,24.4,30.0,31.1,24.8,31.2,25.1,27.5,27.74,3.01,-0.2,57,59,18.2,22.78,0.0,-0.278,-0.9606,31.5,27.8,27.8,station
2024-07-18,29.6,24.3,27.0,25.8,28.0,28.4,24.5,31.7,26.6,26.1,26.94,2.03,-0.52,58,3,17.6,27.69,0.0,-0.2945,-0.9557,30.5,27.8,27.8,station
2024-07-19,27.8,25.0,26.7,25.7,27.2,27.2,25.3,30.7,25.4,25.8,26.48,1.13,-0.4,61,4,14.8,27.66,0.0,-0.3109,-0.9505,29.5,28.9,28.9,station
2024-07-20,28.5,26.9,28.7,28.0,29.9,28.4,27.0,30.7,27.5,27.3,28.4,1.09,0.22,58,0,14.6,28.27,0.0,-0.3272,-0.945,29.5,30.6,30.6,station
2024-07-21,27.8,22.7,25.2,26.8,28.4,27.3,22.9,28.9,25.9,26.6,26.18,2.29,-0.14,59,29,13.0,23.82,0.7,-0.3434,-0.9392,27.3,25.0,25.0,station
2024-07-22,22.7,19.3,22.2,20.8,24.5,25.3,19.8,28.6,22.8,22.8,21.9,1.97,-1.96,70,75,11.4,11.37,0.0,-0.3595,-0.9332,23.3,20.0,20.0,station
2024-07-23,22.7,21.0,23.6,22.5,24.0,22.7,20.7,25.7,23.0,21.7,22.76,1.16,0.0,54,28,14.2,27.31,0.0,-0.3755,-0.9268,23.6,24.4,24.4,station
2024-07-24,24.5,21.4,22.0,23.3,24.6,24.8,20.8,27.7,23.2,23.3,23.16,1.44,-0.8,62,32,19.7,23.38,0.3,-0.3914,-0.9202,25.3,23.9,23.9,station
2024-07-25,23.3,21.4,22.6,21.5,23.5,23.6,21.3,23.9,21.4,22.0,22.46,0.98,0.02,57,75,14.2,19.32,0.0,-0.4071,-0.9134,24.1,22.8,22.8,station
2024-07-26,23.5,22.4,24.1,23.1,24.5,24.0,23.3,25.5,23.4,22.7,23.52,0.83,-0.26,60,22,16.9,27.23,0.0,-0.4228,-0.9062,24.3,25.0,25.0,station
2024-07-27,26.8,22.5,25.9,24.5,27.1,27.1,23.9,27.3,24.4,24.1,25.36,1.89,0.0,60,31,14.4,25.41,0.0,-0.4383,-0.8988,27.3,25.6,25.6,station
2024-07-28,25.6,21.7,23.1,22.5,24.8,25.4,21.6,23.2,23.1,23.3,23.54,1.62,0.22,66,54,15.0,21.05,0.0,-0.4537,-0.8912,25.4,20.0,20.0,station
2024-07-29,18.3,17.5,17.6,16.8,18.0,18.3,17.9,16.8,17.1,18.4,17.64,0.57,-0.06,88,98,22.5,5.7,12.9,-0.469,-0.8832,19.4,20.6,20.6,station
2024-07-30,23.7,21.4,20.4,18.0,21.6,24.1,21.7,20.7,18.0,20.6,21.02,2.07,0.0,78,84,18.3,14.3,0.5,-0.4841,-0.875,23.8,23.9,23.9,station
2024-07-31,23.9,22.7,24.6,23.6,27.3,24.1,23.6,27.1,23.1,23.2,24.42,1.75,0.2,77,58,15.8,16.77,0.0,-0.4991,-0.8666,25.0,26.1,26.1,station
2024-08-01,27.7,24.8,30.0,27.3,30.3,27.9,26.4,29.9,26.3,26.1,28.02,2.24,0.7,68,11,17.7,25.82,0.0,-0.5139,-0.8578,27.6,29.4,29.4,station
2024-08-02,31.2,24.7,30.8,27.6,31.7,31.3,26.2,34.7,27.3,28.0,29.2,2.98,-0.3,64,57,11.2,23.38,0.0,-0.5286,-0.8489,31.8,28.9,28.9,station
2024-08-03,27.6,23.9,28.6,27.0,30.6,27.7,24.1,31.9,26.1,27.8,27.54,2.45,0.02,66,62,9.9,22.87,0.0,-0.5431,-0.8397,28.5,27.8,27.8,station
2024-08-04,30.5,26.4,29.7,28.3,30.1,31.0,27.0,33.6,29.0,28.1,29.0,1.67,-0.74,63,18,13.2,25.72,0.0,-0.5575,-0.8302,30.8,28.3,28.3,station
2024-08-05,28.4,24.0,26.2,26.5,28.6,29.4,26.9,32.6,27.4,26.6,26.74,1.88,-1.84,63,2,14.8,25.34,0.0,-0.5717,-0.8205,28.2,23.9,23.9,station
2024-08-06,25.3,21.3,24.4,22.2,26.7,25.5,22.0,30.2,22.3,23.2,23.98,2.22,-0.66,68,28,11.4,21.72,0.0,-0.5857,-0.8105,26.0,20.6,20.6,station
2024-08-07,25.3,22.9,28.0,24.9,28.5,26.6,23.3,29.1,25.8,25.0,25.92,2.32,-0.04,72,14,17.9,25.02,0.0,-0.5996,-0.8003,25.3,26.1,26.1,station
2024-08-08,28.4,25.2,31.3,28.2,31.5,29.7,25.7,31.5,28.7,26.0,28.92,2.6,0.6,68,23,14.5,25.06,0.0,-0.6132,-0.7899,29.1,30.0,30.0,station
2024-08-09,30.7,25.0,31.6,28.1,32.7,30.8,26.2,34.3,28.0,26.5,29.62,3.09,0.46,64,38,12.6,21.81,0.0,-0.6267,-0.7792,30.8,28.9,28.9,station
2024-08-10,28.9,24.5,29.0,26.2,30.8,29.1,24.9,31.1,25.8,26.3,27.88,2.5,0.44,68,8,15.0,23.82,0.0,-0.64,-0.7683,29.3,25.0,25.0,station
2024-08-11,22.2,18.7,22.8,20.4,24.6,23.7,19.9,25.3,21.8,21.2,21.74,2.27,-0.64,72,70,13.8,12.62,0.3,-0.6532,-0.7572,23.8,20.6,20.6,station
2024-08-12,22.6,19.6,21.3,21.2,23.4,23.1,20.0,22.2,22.4,20.8,21.62,1.46,-0.08,66,77,14.3,15.25,0.1,-0.6661,-0.7459,23.4,22.2,22.2,station
2024-08-13,19.7,18.5,21.1,20.3,22.4,21.1,19.2,22.1,21.5,20.7,20.4,1.47,-0.52,73,100,11.7,7.52,0.6,-0.6788,-0.7343,20.9,21.1,21.1,station
2024-08-14,23.4,21.3,24.7,23.9,25.9,23.7,21.6,27.4,23.4,22.1,23.84,1.71,0.2,71,60,12.7,15.9,0.0,-0.6914,-0.7225,24.3,25.0,25.0,station
2024-08-15,23.9,20.8,23.6,21.7,24.2,23.9,21.0,26.5,22.6,22.0,22.84,1.5,-0.36,72,68,14.0,14.23,0.0,-0.7037,-0.7105,24.9,23.3,23.3,station
2024-08-16,24.8,22.4,23.1,22.6,24.9,24.0,22.5,25.5,22.5,20.8,23.56,1.21,0.5,63,63,10.1,18.46,0.2,-0.7158,-0.6983,25.6,22.8,22.8,station
2024-08-17,25.3,23.3,26.4,24.7,27.0,24.7,24.4,25.5,24.9,22.6,25.34,1.45,0.92,73,51,21.4,21.31,14.0,-0.7277,-0.6859,25.4,25.6,25.6,station
2024-08-18,23.7,22.6,21.6,21.6,25.1,23.2,23.2,23.8,22.5,20.7,22.92,1.5,0.24,76,36,24.2,21.3,5.5,-0.7394,-0.6733,25.2,25.0,25.0,station
2024-08-19,24.7,22.5,24.7,22.5,25.0,23.8,23.6,25.0,23.0,22.2,23.88,1.27,0.36,70,64,18.9,20.25,0.0,-0.7509,-0.6605,25.2,23.9,23.9,station
2024-08-20,21.9,20.4,22.1,20.3,19.3,21.5,20.8,20.0,21.1,21.1,20.8,1.18,-0.1,78,72,17.3,19.27,6.8,-0.7621,-0.6474,22.6,18.9,18.9,station
2024-08-21,20.7,19.3,19.3,20.1,20.7,20.7,19.7,21.7,19.3,19.9,20.02,0.7,-0.24,81,87,15.0,11.42,0.9,-0.7731,-0.6342,22.0,20.6,20.6,station
2024-08-22,20.0,18.5,22.9,19.4,22.0,20.3,20.7,19.5,18.3,20.4,20.56,1.83,0.72,85,93,10.8,11.47,2.5,-0.7839,-0.6208,20.4,21.1,21.1,station
2024-08-23,15.8,15.4,16.4,15.5,16.6,15.6,15.7,15.4,15.7,15.9,15.94,0.54,0.28,95,100,18.2,5.04,15.6,-0.7945,-0.6073,15.3,15.0,15.0,station
2024-08-24,17.6,17.1,16.0,16.7,18.2,19.0,16.9,16.7,17.0,17.3,17.12,0.84,-0.26,93,94,20.2,7.3,10.5,-0.8048,-0.5935,17.8,16.1,16.1,station
2024-08-25,22.1,21.4,19.8,20.7,22.9,21.2,21.3,22.4,20.8,20.4,21.38,1.2,0.16,78,64,11.7,17.52,0.2,-0.8149,-0.5796,22.9,22.2,22.2,station
2024-08-26,23.7,21.0,24.6,21.3,24.6,23.3,22.6,26.0,21.2,22.6,23.04,1.77,-0.1,80,84,14.3,16.73,0.0,-0.8248,-0.5655,23.3,21.1,21.1,station
2024-08-27,19.0,17.3,18.6,18.3,19.5,18.8,17.7,19.0,17.4,18.5,18.54,0.83,0.26,79,56,17.0,17.49,5.5,-0.8344,-0.5512,19.3,18.3,18.3,station
2024-08-28,18.7,18.8,20.9,18.6,21.3,19.3,19.4,21.1,18.9,18.8,19.66,1.32,0.16,78,26,17.1,21.4,0.0,-0.8437,-0.5368,18.5,20.6,20.6,station
2024-08-29,22.6,22.0,26.3,22.8,25.4,22.5,23.1,24.7,22.4,22.5,23.82,1.9,0.78,77,9,16.7,21.66,0.0,-0.8528,-0.5222,22.3,25.6,25.6,station
2024-08-30,24.5,23.8,27.5,24.5,27.8,24.4,25.3,26.9,24.2,24.9,25.62,1.88,0.48,76,11,13.8,21.42,0.0,-0.8617,-0.5074,24.5,28.3,28.3,station
2024-08-31,25.7,23.8,30.7,26.5,29.4,25.3,25.5,28.9,25.8,25.7,27.22,2.8,0.98,76,5,14.1,21.33,0.0,-0.8703,-0.4925,25.9,28.9,28.9,station
2024-09-01,26.2,22.5,29.6,26.1,29.3,26.0,23.5,30.3,25.7,26.2,26.74,2.89,0.4,76,80,13.2,19.29,0.0,-0.8786,-0.4775,27.4,27.2,27.2,station
2024-09-02,22.4,18.2,22.1,20.2,23.0,23.3,18.4,24.8,20.6,22.0,21.18,1.97,-0.64,78,81,13.2,11.72,0.5,-0.8867,-0.4623,22.7,20.6,20.6,station
2024-09-03,21.7,19.6,22.9,22.5,23.8,22.4,19.9,24.4,22.6,23.0,22.1,1.59,-0.36,79,58,11.5,15.8,0.3,-0.8945,-0.447,22.1,21.7,21.7,station
2024-09-04,23.1,22.0,28.0,23.8,26.7,23.5,23.2,25.8,24.3,24.4,24.72,2.53,0.48,82,25,15.9,19.53,0.0,-0.9021,-0.4315,23.3,25.6,25.6,station
2024-09-05,29.0,26.7,34.6,28.6,32.3,28.9,27.4,31.5,29.2,27.3,30.24,3.16,1.38,75,27,12.4,20.1,0.0,-0.9094,-0.4159,29.4,32.2,32.2,station
2024-09-06,28.7,26.6,32.9,29.2,31.8,28.3,27.1,30.6,28.5,27.8,29.84,2.52,1.38,70,15,16.2,20.19,0.0,-0.9164,-0.4002,28.9,31.1,31.1,station
2024-09-07,26.6,23.2,29.0,27.4,28.2,26.8,25.1,28.7,26.4,26.4,26.88,2.24,0.2,66,43,13.7,18.08,0.0,-0.9232,-0.3844,27.6,24.4,24.4,station
2024-09-08,25.9,22.3,24.8,22.2,26.2,26.3,23.6,28.7,23.8,25.3,24.28,1.93,-1.26,75,12,15.1,19.05,0.0,-0.9296,-0.3685,26.0,23.3,23.3,station
2024-09-09,21.4,19.4,22.6,19.1,22.0,21.6,20.0,23.9,20.7,22.2,20.9,1.57,-0.78,81,89,8.6,12.45,0.0,-0.9358,-0.3524,22.5,18.9,18.9,station
2024-09-10,21.4,19.5,20.9,19.5,21.2,21.7,20.1,22.9,19.6,19.0,20.5,0.93,-0.16,74,96,12.4,13.34,0.4,-0.9418,-0.3363,22.1,20.6,20.6,station
2024-09-11,18.6,16.8,18.8,17.6,19.2,19.0,17.1,15.7,18.6,18.5,18.2,0.98,0.42,86,87,10.7,11.48,3.6,-0.9474,-0.32,20.3,19.4,19.4,station
2024-09-12,20.2,18.4,19.4,19.3,18.2,20.1,18.2,19.2,19.5,17.4,19.1,0.81,0.22,81,76,12.6,14.88,0.9,-0.9528,-0.3037,20.8,20.0,20.0,station
2024-09-13,20.6,17.0,18.9,18.3,20.0,20.2,18.0,20.0,17.7,18.5,18.96,1.42,0.08,83,78,9.7,13.47,1.8,-0.9579,-0.2873,19.6,17.8,17.8,station
2024-09-14,19.2,17.2,17.3,18.2,19.7,17.0,17.5,20.5,17.3,18.6,18.32,1.12,0.14,89,89,15.3,11.73,9.1,-0.9627,-0.2707,19.7,18.9,18.9,station
2024-09-15,17.0,17.5,17.1,17.0,18.3,16.6,17.4,18.7,16.8,16.5,17.38,0.55,0.18,84,66,17.3,10.86,1.2,-0.9672,-0.2541,17.4,17.8,17.8,station
2024-09-16,19.1,18.3,21.6,18.7,21.4,19.2,19.0,22.0,18.7,18.4,19.82,1.56,0.36,82,46,14.0,15.96,0.0,-0.9714,-0.2375,19.2,20.0,20.0,station
2024-09-17,16.7,16.6,16.5,15.8,16.5,16.1,16.4,14.8,15.6,16.0,16.42,0.36,0.64,86,92,15.4,6.23,0.9,-0.9753,-0.2207,16.9,16.7,16.7,station
2024-09-18,18.7,17.9,20.0,18.8,20.7,18.3,18.2,20.0,18.5,18.6,19.22,1.12,0.5,86,72,12.6,11.09,1.5,-0.979,-0.2039,18.8,21.1,21.1,station
2024-09-19,18.4,17.7,18.9,18.2,20.1,18.9,17.8,21.5,18.7,18.1,18.66,0.91,-0.34,83,82,9.5,10.95,0.1,-0.9824,-0.187,19.5,19.4,19.4,station
2024-09-20,17.6,17.2,18.4,17.7,19.1,17.5,17.3,19.5,17.1,17.1,18.0,0.75,0.3,78,69,10.6,11.51,1.3,-0.9854,-0.1701,18.1,17.8,17.8,station
2024-09-21,19.4,18.0,20.5,19.3,20.8,19.0,18.2,21.3,19.1,18.0,19.6,1.11,0.48,77,39,11.2,14.96,0.0,-0.9882,-0.1531,19.2,20.6,20.6,station
2024-09-22,19.9,18.5,20.2,18.4,20.8,20.1,18.4,21.0,18.5,19.1,19.56,1.06,0.14,77,82,11.8,13.68,0.0,-0.9907,-0.1361,21.2,20.6,20.6,station
2024-09-23,21.4,20.4,23.2,19.8,23.0,22.0,20.7,19.7,20.2,21.2,21.56,1.52,0.8,83,71,11.6,9.57,0.3,-0.9929,-0.1191,22.8,22.2,22.2,station
2024-09-24,22.1,20.9,25.9,22.8,24.9,22.0,21.6,25.2,23.7,23.1,23.32,2.05,0.2,85,59,12.3,14.92,0.0,-0.9948,-0.102,23.8,25.0,25.0,station
2024-09-25,16.8,16.4,17.7,16.2,17.2,17.1,16.7,17.6,17.7,16.5,16.86,0.61,-0.26,90,69,23.3,4.86,10.7,-0.9964,-0.0848,17.5,17.8,17.8,station
2024-09-26,19.3,17.2,18.1,16.2,19.9,19.2,16.5,20.4,16.2,17.3,18.14,1.51,0.22,76,79,21.2,11.48,2.8,-0.9977,-0.0677,19.9,18.9,18.9,station
2024-09-27,17.0,17.7,16.7,17.6,20.0,17.2,18.0,20.0,18.1,17.3,17.8,1.3,-0.32,73,37,19.5,12.81,0.4,-0.9987,-0.0505,17.8,18.9,18.9,station
2024-09-28,16.1,14.1,17.2,15.1,17.8,15.5,14.8,17.4,15.5,15.2,16.06,1.51,0.38,79,71,18.3,10.73,0.0,-0.9994,-0.0333,16.3,16.1,16.1,station
2024-09-29,16.0,15.4,15.7,15.5,17.4,16.6,16.0,15.9,15.9,15.9,16.0,0.82,-0.06,71,46,12.4,13.29,0.0,-0.9999,-0.0161,16.2,16.1,16.1,station
2024-09-30,17.2,15.8,18.2,17.0,19.0,17.3,15.8,18.0,16.8,15.9,17.44,1.22,0.68,70,47,13.9,15.28,0.0,-1.0,0.0011,17.7,19.4,19.4,station
2024-10-01,19.7,14.2,20.5,16.8,18.8,21.0,13.9,17.5,15.3,16.5,18.0,2.53,1.16,78,68,13.5,13.2,0.3,-0.9998,0.0183,22.7,19.4,19.4,station
2024-10-02,15.6,15.7,15.7,16.6,17.4,16.2,15.7,18.1,16.8,16.0,16.2,0.78,-0.36,73,41,12.9,12.96,0.1,-0.9994,0.0355,16.4,16.7,16.7,station
2024-10-03,17.0,16.8,19.3,16.8,19.7,17.0,16.4,17.3,16.5,16.5,17.92,1.45,1.18,76,55,14.4,14.05,0.0,-0.9986,0.0527,17.4,18.9,18.9,station
2024-10-04,15.5,15.0,14.5,16.4,15.1,15.8,15.3,14.0,15.7,16.7,15.3,0.71,-0.2,78,63,25.7,8.64,9.4,-0.9976,0.0698,15.9,15.6,15.6,station
2024-10-05,16.6,15.4,15.6,16.1,18.0,16.5,15.5,18.4,16.7,16.8,16.34,1.04,-0.44,82,60,15.1,12.94,0.0,-0.9962,0.087,16.5,17.2,17.2,station
2024-10-06,19.7,17.7,19.1,18.2,19.7,19.3,18.0,20.7,17.9,18.3,18.88,0.9,0.04,83,35,14.1,13.6,0.0,-0.9946,0.1041,19.6,19.4,19.4,station
2024-10-07,22.1,20.0,22.5,22.4,22.8,22.6,20.3,23.3,19.7,20.9,21.96,1.12,0.6,79,28,8.1,13.27,0.0,-0.9926,0.1212,23.6,23.9,23.9,station
2024-10-08,18.4,17.4,16.3,18.6,18.0,19.2,17.5,16.1,17.5,19.3,17.74,0.93,-0.18,87,75,16.0,8.81,4.6,-0.9904,0.1383,20.1,18.3,18.3,station
2024-10-09,16.4,16.2,14.8,15.9,17.1,16.3,16.5,17.1,16.3,16.3,16.08,0.84,-0.42,79,69,15.6,11.24,1.8,-0.9879,0.1553,17.5,16.1,16.1,station
2024-10-10,15.2,14.3,14.2,15.1,16.8,14.4,14.5,16.3,15.0,15.6,15.12,1.04,-0.04,87,78,17.3,11.74,0.0,-0.9851,0.1722,14.5,14.4,14.4,station
2024-10-11,15.0,14.5,18.4,15.7,18.4,16.4,15.6,18.6,15.8,16.6,16.4,1.87,-0.2,87,82,13.7,6.8,0.1,-0.9819,0.1892,14.5,14.4,14.4,station
2024-10-12,19.8,16.6,20.9,19.7,19.9,21.7,17.3,21.2,19.1,19.4,19.38,1.63,-0.36,81,18,10.6,12.35,0.0,-0.9785,0.206,19.8,18.9,18.9,station
2024-10-13,21.1,18.1,20.7,21.0,19.4,21.3,18.7,21.5,21.3,20.8,20.06,1.29,-0.66,83,51,14.9,11.85,0.0,-0.9749,0.2228,21.5,21.7,21.7,station
2024-10-14,16.8,15.6,15.5,15.5,16.5,15.5,16.2,18.5,14.9,15.6,15.98,0.62,-0.16,92,85,17.5,6.81,3.0,-0.9709,0.2396,20.3,18.3,18.3,station
2024-10-15,14.1,13.7,15.6,15.0,15.5,15.2,14.5,15.0,15.5,15.1,14.78,0.85,-0.28,90,100,15.2,2.88,3.8,-0.9666,0.2562,13.7,15.0,15.0,station
2024-10-16,13.8,13.0,12.3,13.8,14.3,13.4,13.1,15.7,15.1,13.0,13.44,0.79,-0.62,77,67,19.0,10.59,2.7,-0.9621,0.2728,15.7,16.1,16.1,station
2024-10-17,11.4,11.2,12.4,11.7,12.6,11.7,11.1,12.1,11.5,13.0,11.86,0.61,-0.02,85,76,16.2,8.33,0.6,-0.9572,0.2893,12.4,12.8,12.8,station
2024-10-18,12.4,11.5,11.2,11.1,10.7,12.1,10.3,11.5,11.7,13.3,11.38,0.64,-0.4,83,100,27.5,2.13,4.6,-0.9521,0.3057,11.3,11.7,11.7,station
2024-10-19,16.9,16.6,16.0,17.1,17.6,16.9,16.7,17.7,17.0,18.0,16.84,0.59,-0.42,82,100,30.1,2.35,13.4,-0.9467,0.3221,18.1,18.3,18.3,station
2024-10-20,20.3,16.6,17.4,18.9,19.5,18.9,16.5,18.6,17.1,16.9,18.54,1.52,0.94,86,87,32.6,6.79,2.5,-0.941,0.3383,20.1,18.3,18.3,station
2024-10-21,11.7,12.5,12.6,12.0,12.5,13.4,12.4,12.9,12.5,11.8,12.26,0.39,-0.34,91,87,20.4,5.81,6.3,-0.9351,0.3545,12.6,12.2,12.2,station
2024-10-22,12.7,12.1,12.5,12.8,12.9,11.3,11.8,14.4,11.9,12.2,12.6,0.32,0.28,83,22,16.6,10.19,0.0,-0.9288,0.3705,13.5,13.3,13.3,station
2024-10-23,10.4,10.9,10.1,11.0,11.7,10.4,10.5,9.6,11.1,10.7,10.82,0.61,0.36,90,73,12.2,5.14,0.0,-0.9223,0.3864,10.9,11.1,11.1,station
2024-10-24,11.2,11.0,11.3,11.4,13.0,11.4,11.0,12.2,11.2,11.7,11.58,0.81,0.08,81,76,16.9,9.25,0.0,-0.9155,0.4022,12.1,12.8,12.8,station
2024-10-25,15.1,14.2,17.4,14.8,17.1,14.9,13.9,15.2,13.7,14.6,15.72,1.44,1.26,69,93,27.7,7.25,0.0,-0.9085,0.4179,15.4,15.0,15.0,station
2024-10-26,15.1,13.7,15.5,13.9,14.7,14.1,14.0,12.0,13.6,13.5,14.58,0.77,1.14,85,100,33.2,2.75,13.7,-0.9012,0.4335,16.9,16.1,16.1,station
2024-10-27,12.6,12.9,13.5,13.1,13.3,13.0,12.8,12.8,13.7,12.4,13.08,0.35,0.14,91,91,32.3,6.74,24.0,-0.8936,0.4489,13.0,13.3,13.3,station
2024-10-28,11.6,11.4,10.4,11.7,11.2,11.3,11.0,11.3,11.6,11.2,11.26,0.52,-0.02,87,71,20.9,7.1,1.1,-0.8857,0.4642,12.5,12.2,12.2,station
2024-10-29,10.9,11.5,10.3,11.6,12.1,11.5,11.3,11.6,11.6,10.6,11.28,0.69,-0.04,88,85,10.9,6.66,0.3,-0.8776,0.4794,11.8,12.2,12.2,station
2024-10-30,10.4,9.0,9.1,9.2,9.7,10.3,9.6,9.4,9.4,9.0,9.48,0.58,-0.06,81,92,18.2,1.49,8.8,-0.8692,0.4944,9.7,10.0,10.0,station
2024-10-31,9.3,9.5,8.8,9.6,9.0,8.9,9.5,10.0,10.8,9.5,9.24,0.34,-0.5,92,90,16.9,5.31,10.7,-0.8606,0.5093,9.8,9.4,9.4,station
2024-11-01,8.7,9.6,9.7,10.1,10.3,8.2,9.3,8.4,10.7,11.3,9.68,0.62,0.1,97,97,19.0,1.34,23.7,-0.8517,0.524,9.3,10.6,10.6,station
2024-11-02,10.4,9.8,10.7,10.8,10.8,10.3,9.8,10.0,10.4,10.5,10.5,0.42,0.3,90,99,21.0,5.37,5.0,-0.8426,0.5386,11.3,11.1,11.1,station
2024-11-03,11.0,11.0,11.0,10.7,12.0,10.8,10.7,10.2,11.1,10.8,11.14,0.5,0.42,90,88,14.1,5.82,1.1,-0.8332,0.553,11.2,10.6,10.6,station
2024-11-04,12.6,11.7,11.8,12.4,11.9,12.1,11.8,11.4,12.3,11.5,12.08,0.4,0.26,77,59,35.9,6.0,5.2,-0.8235,0.5672,12.8,12.8,12.8,station
2024-11-05,9.6,9.6,9.1,9.5,11.1,10.2,9.4,10.0,9.3,11.0,9.78,0.77,-0.2,80,79,17.2,7.26,0.1,-0.8137,0.5813,10.8,11.1,11.1,station
2024-11-06,10.4,10.2,11.4,9.9,12.7,10.0,10.3,10.6,8.7,10.5,10.92,1.14,0.9,84,46,8.6,7.84,0.0,-0.8035,0.5952,11.2,12.8,12.8,station
2024-11-07,12.3,11.2,13.2,13.4,13.5,12.7,10.9,13.0,13.7,12.5,12.72,0.97,0.16,80,37,12.2,8.27,0.0,-0.7932,0.609,13.4,14.4,14.4,station
2024-11-08,14.5,11.7,12.7,14.5,13.5,14.4,11.6,14.5,14.6,12.9,13.38,1.2,-0.22,73,95,13.6,5.38,0.0,-0.7826,0.6225,14.2,15.6,15.6,station
2024-11-09,10.3,10.5,9.6,11.6,10.1,12.0,10.5,10.4,10.0,11.7,10.42,0.74,-0.5,88,98,10.1,1.89,2.8,-0.7718,0.6359,10.9,11.1,11.1,station
2024-11-10,12.1,12.7,13.2,11.5,13.8,11.4,12.2,11.9,12.2,14.8,12.66,0.9,0.16,89,96,18.4,5.01,4.3,-0.7607,0.6491,12.4,12.2,12.2,station
2024-11-11,10.9,11.0,11.7,11.0,11.9,11.1,10.9,11.5,11.4,11.6,11.3,0.46,0.0,92,90,26.5,4.18,30.4,-0.7494,0.6621,10.3,11.1,11.1,station
2024-11-12,10.9,10.9,9.7,11.2,10.9,10.8,11.0,10.8,10.9,10.6,10.72,0.58,-0.1,85,93,26.0,4.96,7.6,-0.7379,0.6749,12.1,11.7,11.7,station
2024-11-13,13.0,11.3,11.4,12.3,11.9,11.9,10.9,11.3,11.6,11.0,11.98,0.7,0.64,85,99,21.0,3.21,35.6,-0.7262,0.6875,12.3,12.8,12.8,station
2024-11-14,10.3,9.7,8.8,9.8,10.5,10.2,9.6,10.3,10.5,10.6,9.82,0.66,-0.42,88,99,23.6,2.92,6.4,-0.7143,0.6998,9.4,10.0,10.0,station
2024-11-15,7.4,7.7,7.5,7.2,9.0,7.2,7.8,9.4,7.0,6.6,7.76,0.72,0.16,89,61,7.0,5.43,0.8,-0.7021,0.712,7.6,8.3,8.3,station
2024-11-16,8.4,7.9,7.8,6.3,7.4,8.8,7.2,6.1,6.6,8.4,7.56,0.79,0.14,86,100,20.0,1.18,11.0,-0.6898,0.724,8.1,7.8,7.8,station
2024-11-17,9.2,8.9,9.5,9.3,9.6,9.2,8.8,9.6,9.3,9.7,9.3,0.27,-0.02,91,92,30.0,2.21,7.4,-0.6772,0.7358,9.0,9.4,9.4,station
2024-11-18,6.2,5.6,5.0,6.7,5.5,6.7,5.1,7.4,6.5,6.4,5.8,0.66,-0.62,87,97,18.3,3.01,8.2,-0.6645,0.7473,5.9,6.1,6.1,station
2024-11-19,7.6,8.4,7.2,7.8,7.3,7.6,7.9,7.3,7.9,7.5,7.66,0.48,0.02,76,100,38.4,4.2,4.9,-0.6515,0.7586,7.9,8.3,8.3,station
2024-11-20,9.2,10.3,8.1,10.9,11.0,9.6,9.5,8.1,10.8,11.0,9.9,1.23,0.1,75,89,33.9,5.25,12.8,-0.6384,0.7697,12.4,11.7,11.7,station
2024-11-21,7.7,8.5,7.4,10.1,8.6,7.8,8.3,7.6,9.5,8.5,8.46,1.05,0.12,90,80,13.2,3.32,3.2,-0.625,0.7806,9.2,10.0,10.0,station
2024-11-22,12.9,11.7,10.4,12.7,12.9,13.3,11.8,11.4,12.6,12.4,12.12,1.08,-0.18,78,80,26.1,2.61,13.4,-0.6115,0.7912,13.5,13.9,13.9,station
2024-11-23,9.9,8.5,7.7,9.8,10.8,9.9,8.3,7.5,10.0,9.9,9.34,1.23,0.22,82,87,13.4,4.72,1.0,-0.5978,0.8016,9.7,9.4,9.4,station
2024-11-24,6.6,6.9,8.0,6.9,6.5,5.9,6.4,6.9,6.7,6.4,6.98,0.6,0.52,87,100,14.1,1.48,11.0,-0.584,0.8118,7.4,7.8,7.8,station
2024-11-25,7.4,7.6,8.3,7.8,8.1,7.5,7.6,6.1,7.8,9.4,7.84,0.36,0.16,93,86,11.1,3.33,16.1,-0.5699,0.8217,8.0,8.3,8.3,station
2024-11-26,7.8,6.5,7.6,7.8,8.1,7.6,6.6,7.1,7.8,7.2,7.56,0.62,0.3,91,86,7.2,3.42,0.5,-0.5557,0.8314,7.9,7.2,7.2,station
2024-11-27,6.2,6.3,6.7,7.5,7.8,5.9,6.2,7.5,7.2,6.5,6.9,0.72,0.24,90,86,6.5,3.83,0.1,-0.5413,0.8408,7.0,7.2,7.2,station
2024-11-28,6.9,4.8,5.9,6.3,7.7,6.9,4.4,6.8,6.9,4.7,6.32,1.09,0.38,88,95,11.9,5.32,0.0,-0.5268,0.85,7.0,6.1,6.1,station
2024-11-29,6.4,4.5,5.3,6.1,7.0,7.5,4.5,6.8,6.5,4.2,5.86,0.98,-0.04,93,88,7.9,4.44,0.0,-0.5121,0.859,5.1,5.6,5.6,station
2024-11-30,6.8,5.2,6.8,6.1,8.1,7.1,4.9,7.3,7.9,6.4,6.6,1.07,-0.12,89,80,8.4,5.35,0.0,-0.4972,0.8676,6.3,6.7,6.7,station
2024-12-01,7.9,6.6,8.1,8.9,9.6,7.9,5.1,8.6,8.1,6.9,8.22,1.13,0.9,91,41,9.0,5.87,0.0,-0.4822,0.8761,7.9,8.9,8.9,station
2024-12-02,5.4,4.4,8.4,4.6,5.3,5.5,4.3,8.2,5.0,5.6,5.62,1.61,-0.1,90,38,8.8,6.04,0.0,-0.4671,0.8842,5.8,3.3,3.3,station
2024-12-03,5.5,4.4,7.8,6.2,5.6,5.0,3.7,8.4,5.1,5.6,5.9,1.24,0.34,88,52,10.7,5.26,0.0,-0.4518,0.8921,5.6,5.6,5.6,station
2024-12-04,6.4,4.8,8.2,5.7,6.6,6.4,4.3,8.5,5.9,5.1,6.34,1.26,0.3,84,14,14.5,5.58,0.0,-0.4364,0.8998,6.0,1.7,1.7,station
2024-12-05,8.3,5.9,8.3,7.2,8.0,9.2,4.5,8.9,10.1,7.3,7.54,1.02,-0.46,77,59,12.5,4.94,0.0,-0.4208,0.9071,7.8,10.0,10.0,station
2024-12-06,9.1,8.4,9.0,9.3,8.2,8.8,8.5,10.2,8.4,8.8,8.8,0.47,-0.14,76,92,11.0,3.78,0.0,-0.4052,0.9142,8.4,9.4,9.4,station
2024-12-07,9.1,9.3,9.9,10.4,9.1,9.0,9.1,9.4,10.6,9.5,9.56,0.57,0.04,91,76,24.0,1.07,18.8,-0.3894,0.9211,10.0,10.6,10.6,station
2024-12-08,7.4,7.2,8.7,8.5,8.1,7.7,7.1,9.4,8.9,9.3,7.98,0.66,-0.5,92,87,26.1,2.77,5.0,-0.3735,0.9276,7.5,8.3,8.3,station
2024-12-09,6.2,5.8,7.2,7.5,7.0,6.1,5.8,8.6,7.3,7.4,6.74,0.71,-0.3,93,65,10.0,4.77,0.0,-0.3575,0.9339,7.7,8.3,8.3,station
2024-12-10,5.8,4.8,7.5,6.7,7.4,5.6,4.2,6.4,6.8,5.6,6.44,1.14,0.72,90,97,11.6,4.99,0.0,-0.3413,0.9399,5.6,6.1,6.1,station
2024-12-11,9.1,6.5,7.0,9.9,8.2,10.3,6.2,8.1,10.1,8.0,8.14,1.42,-0.4,73,75,10.7,4.73,0.0,-0.3251,0.9457,9.2,11.1,11.1,station
2024-12-12,6.3,5.9,6.7,7.1,5.0,5.5,5.7,7.5,6.9,5.3,6.2,0.81,0.02,78,100,10.9,1.36,1.8,-0.3088,0.9511,6.3,7.8,7.8,station
2024-12-13,6.7,7.0,7.8,7.9,6.3,7.7,7.1,7.5,8.2,8.1,7.14,0.69,-0.58,91,94,21.3,1.4,14.3,-0.2924,0.9563,7.5,7.2,7.2,station
2024-12-14,8.8,9.1,7.5,9.0,7.9,9.1,8.3,7.8,9.6,9.6,8.46,0.72,-0.42,81,82,32.0,3.59,10.3,-0.2759,0.9612,9.3,10.0,10.0,station
2024-12-15,7.3,6.6,6.6,7.5,8.2,7.4,6.6,7.1,7.9,8.0,7.24,0.67,-0.16,84,76,18.3,5.22,0.5,-0.2593,0.9658,7.7,8.3,8.3,station
2024-12-16,8.9,6.7,7.9,8.5,8.0,8.7,6.5,6.1,7.7,8.4,8.0,0.83,0.52,79,92,14.0,3.99,5.3,-0.2427,0.9701,9.9,9.4,9.4,station
2024-12-17,13.5,10.1,10.9,10.2,10.7,9.9,9.9,10.6,8.3,12.5,11.08,1.39,0.84,86,100,31.1,0.8,30.2,-0.226,0.9741,13.0,13.3,13.3,station
2024-12-18,13.7,10.9,11.3,13.0,11.3,11.3,11.0,11.6,12.5,12.4,12.04,1.23,0.28,84,80,38.2,4.27,10.0,-0.2092,0.9779,13.3,12.2,12.2,station
2024-12-19,13.4,10.3,11.7,11.2,10.8,13.1,9.9,8.1,11.3,10.2,11.48,1.19,0.96,76,99,13.0,2.49,10.6,-0.1923,0.9813,13.2,11.7,11.7,station
2024-12-20,14.3,10.6,13.2,11.3,11.8,11.0,9.8,10.1,12.1,14.1,12.24,1.49,0.82,77,87,20.8,1.22,0.6,-0.1754,0.9845,13.6,14.4,14.4,station
2024-12-21,12.1,9.7,10.4,10.1,8.8,11.8,8.4,9.1,9.4,10.8,10.22,1.21,0.32,78,88,18.8,1.5,5.7,-0.1585,0.9874,10.8,14.4,14.4,station
2024-12-22,8.7,8.9,9.5,8.8,9.3,9.1,8.0,7.4,9.0,10.5,9.04,0.34,0.24,87,91,22.6,0.9,26.8,-0.1414,0.9899,9.4,11.1,11.1,station
2024-12-23,10.7,9.6,9.9,11.0,11.3,11.1,9.0,9.9,11.5,10.6,10.5,0.72,0.08,80,77,32.8,4.61,7.9,-0.1244,0.9922,11.7,12.8,12.8,station
2024-12-24,9.7,9.6,8.9,10.1,9.7,10.2,9.0,8.4,10.2,11.1,9.6,0.44,-0.18,84,66,28.2,4.01,4.7,-0.1073,0.9942,9.9,10.6,10.6,station
2024-12-25,5.7,7.2,7.5,6.9,6.5,6.3,6.9,6.2,6.7,6.9,6.76,0.7,0.16,86,92,18.7,0.67,18.3,-0.0902,0.9959,5.9,6.7,6.7,station
2024-12-26,9.8,8.9,8.8,10.5,9.9,9.5,8.7,9.3,9.5,9.4,9.58,0.72,0.3,87,88,38.9,2.44,20.1,-0.073,0.9973,9.6,10.6,10.6,station
2024-12-27,8.1,8.2,8.2,8.5,8.7,7.3,8.0,7.8,8.2,9.7,8.34,0.25,0.14,93,100,22.3,0.9,16.6,-0.0559,0.9984,9.0,8.9,8.9,station
2024-12-28,9.1,9.2,8.1,9.5,9.2,9.2,8.8,9.6,9.6,9.1,9.02,0.54,-0.24,90,93,28.1,2.31,13.0,-0.0387,0.9993,9.2,9.4,9.4,station
2024-12-29,7.3,7.3,6.6,7.3,6.8,5.9,6.9,6.3,7.3,6.8,7.06,0.34,0.42,93,83,21.1,1.32,8.2,-0.0215,0.9998,6.7,8.3,8.3,station
2024-12-30,5.8,6.1,6.1,7.2,6.7,6.9,5.8,6.5,7.2,6.7,6.38,0.56,-0.24,88,80,19.6,2.74,0.5,-0.0043,1.0,7.0,7.2,7.2,station
2024-12-31,6.3,6.0,6.6,6.6,5.0,6.4,5.2,6.4,7.0,5.4,6.1,0.66,0.02,85,83,13.4,4.04,0.4,0.0129,0.9999,6.5,6.1,6.1,station
2025-01-01,6.5,5.9,6.5,6.6,6.4,6.7,5.9,4.2,6.5,6.4,6.38,0.28,0.44,83,93,9.2,3.95,2.8,0.0172,0.9999,6.9,6.7,6.7,station
2025-01-02,6.5,6.1,8.2,7.0,7.7,7.5,6.3,5.1,7.0,7.2,7.1,0.86,0.48,79,97,13.7,1.47,2.9,0.0344,0.9994,7.2,7.2,7.2,station
2025-01-03,7.1,6.6,8.4,6.7,7.0,6.7,6.6,4.5,7.3,8.4,7.16,0.72,0.46,87,98,20.6,0.63,13.5,0.0516,0.9987,6.5,7.2,7.2,station
2025-01-04,8.9,7.7,8.4,8.2,8.6,8.5,7.3,6.6,7.9,8.6,8.36,0.45,0.58,90,95,15.5,1.7,14.1,0.0688,0.9976,8.3,7.8,7.8,station
2025-01-05,9.8,8.3,9.8,9.8,10.0,10.5,8.6,8.0,10.7,9.5,9.54,0.7,0.08,96,100,15.9,1.2,5.6,0.0859,0.9963,9.8,9.4,9.4,station
2025-01-06,7.6,6.9,9.4,8.5,9.5,7.7,6.6,8.4,8.5,6.6,8.38,1.13,0.82,94,65,15.8,4.83,0.0,0.103,0.9947,7.7,7.8,7.8,station
2025-01-07,5.8,5.5,9.0,5.0,5.4,6.9,5.5,6.4,5.4,5.3,6.14,1.62,0.24,88,85,12.1,2.47,0.0,0.1201,0.9928,6.0,6.7,6.7,station
2025-01-08,9.7,6.9,9.9,8.9,9.3,8.6,6.1,8.5,8.8,8.3,8.94,1.2,0.88,89,55,13.3,5.82,2.5,0.1372,0.9905,8.9,10.0,10.0,station
2025-01-09,7.4,7.0,10.3,8.9,8.8,7.7,5.8,7.2,8.4,7.7,8.48,1.32,1.12,89,84,13.5,5.51,0.1,0.1542,0.988,9.7,10.6,10.6,station
2025-01-10,8.7,7.2,9.2,8.2,9.6,7.6,6.2,8.8,9.0,9.1,8.58,0.93,0.44,86,70,22.1,4.26,5.6,0.1712,0.9852,9.8,8.9,8.9,station
2025-01-11,7.5,6.5,7.2,7.6,8.4,6.9,6.0,6.4,7.5,7.1,7.44,0.69,0.66,90,64,11.2,4.69,0.0,0.1881,0.9821,8.1,7.8,7.8,station
2025-01-12,6.1,5.8,6.1,7.0,7.1,5.4,5.4,6.1,6.9,6.0,6.42,0.59,0.46,91,70,13.3,2.97,0.5,0.205,0.9788,6.1,6.1,6.1,station
2025-01-13,4.7,3.9,6.4,5.0,6.3,5.1,3.7,5.9,5.7,4.2,5.26,1.07,0.34,94,86,7.0,3.74,0.0,0.2218,0.9751,4.2,5.0,5.0,station
2025-01-14,5.7,3.3,7.1,5.9,5.6,5.6,3.2,6.2,5.4,4.8,5.52,1.38,0.48,95,84,8.8,4.75,0.0,0.2385,0.9711,4.7,5.0,5.0,station
2025-01-15,6.6,4.5,8.8,6.3,6.1,6.9,3.6,7.7,7.2,4.9,6.46,1.54,0.4,93,70,11.4,5.87,0.0,0.2552,0.9669,7.5,4.4,4.4,station
2025-01-16,5.2,4.9,5.0,7.6,5.5,5.9,4.5,4.8,7.5,5.1,5.64,1.12,0.08,95,79,12.5,1.97,0.3,0.2718,0.9624,6.2,5.6,5.6,station
2025-01-17,5.6,4.4,5.7,5.7,6.9,5.5,3.8,5.4,5.9,4.7,5.66,0.88,0.6,88,39,12.2,5.81,0.0,0.2883,0.9575,5.8,5.6,5.6,station
2025-01-18,4.8,4.4,6.1,4.9,6.6,4.7,2.9,5.4,5.0,2.9,5.36,0.94,1.18,78,32,9.9,6.96,0.0,0.3047,0.9524,5.1,6.1,6.1,station
2025-01-19,5.1,4.1,6.2,4.4,5.5,4.9,3.4,5.1,5.1,3.6,5.06,0.84,0.64,70,0,15.0,7.24,0.0,0.3211,0.9471,4.8,5.6,5.6,station
2025-01-20,5.6,4.3,7.0,4.9,5.3,5.6,3.6,5.5,4.6,3.1,5.42,1.01,0.94,58,62,9.9,6.61,0.0,0.3373,0.9414,4.9,6.1,6.1,station
2025-01-21,4.7,4.1,5.6,5.7,4.9,5.4,3.9,5.4,5.6,3.6,5.0,0.66,0.22,76,22,7.9,7.36,0.0,0.3534,0.9355,4.6,6.1,6.1,station
2025-01-22,4.9,2.8,6.3,5.5,6.4,5.1,2.4,5.6,5.7,4.5,5.18,1.47,0.52,76,76,12.1,7.32,0.0,0.3695,0.9292,4.5,6.1,6.1,station
2025-01-23,4.6,3.1,7.2,4.0,5.9,4.7,2.2,5.1,4.7,4.5,4.96,1.61,0.72,76,74,8.6,6.4,0.0,0.3854,0.9227,4.6,5.0,5.0,station
2025-01-24,4.8,4.6,6.3,6.2,6.7,5.2,4.5,5.9,5.7,5.3,5.72,0.95,0.4,84,46,17.1,6.56,0.0,0.4012,0.916,5.3,6.1,6.1,station
2025-01-25,5.2,6.1,6.5,6.2,6.2,5.1,5.2,6.8,6.2,4.8,6.04,0.49,0.42,68,1,16.0,7.98,0.0,0.4169,0.9089,5.2,6.7,6.7,station
2025-01-26,5.5,5.1,7.9,6.7,7.3,5.5,4.8,6.7,6.6,5.4,6.5,1.18,0.7,68,11,10.4,7.96,0.0,0.4325,0.9016,5.6,6.7,6.7,station
2025-01-27,6.0,4.8,8.3,7.7,8.0,6.2,4.5,7.5,7.6,6.8,6.96,1.5,0.44,67,0,9.2,8.22,0.0,0.4479,0.8941,5.9,8.3,8.3,station
2025-01-28,6.3,4.3,8.7,5.1,8.4,6.3,3.7,7.8,6.5,6.1,6.56,1.95,0.48,74,8,5.4,8.12,0.0,0.4633,0.8862,6.6,7.8,7.8,station
2025-01-29,7.1,4.9,6.7,6.9,7.6,7.3,4.1,7.8,6.6,6.9,6.64,1.03,0.1,80,32,8.5,8.01,0.0,0.4784,0.8781,6.7,8.3,8.3,station
2025-01-30,4.8,4.7,5.8,6.8,6.5,5.5,4.6,6.4,8.4,6.6,5.72,0.96,-0.58,84,84,10.5,3.75,1.0,0.4935,0.8698,4.8,6.1,6.1,station
2025-01-31,7.5,7.7,8.7,9.4,8.2,9.0,7.0,8.3,9.3,9.3,8.3,0.77,-0.28,90,93,29.4,2.26,19.4,0.5084,0.8611,10.0,10.0,10.0,station
2025-02-01,3.8,5.1,3.4,5.1,4.7,4.5,5.3,4.9,6.0,3.9,4.42,0.78,-0.5,83,58,20.6,5.58,1.9,0.5231,0.8523,4.3,4.4,4.4,station
2025-02-02,2.7,3.5,1.9,2.7,1.9,3.1,3.2,2.4,2.9,2.6,2.54,0.67,-0.3,85,60,15.7,6.96,9.1,0.5377,0.8432,2.0,2.2,2.2,station
2025-02-03,1.9,3.5,3.2,2.7,2.7,2.8,4.0,0.3,3.5,2.4,2.8,0.61,0.2,81,78,12.0,6.87,0.2,0.5521,0.8338,3.6,3.3,3.3,station
2025-02-04,2.1,4.5,4.3,3.7,4.5,1.8,3.9,0.8,4.5,3.7,3.82,1.02,0.88,86,33,11.8,8.83,0.4,0.5664,0.8242,3.9,5.0,5.0,station
2025-02-05,1.9,3.1,3.7,2.7,2.3,2.0,3.3,0.2,2.7,3.2,2.74,0.7,0.46,80,94,14.4,6.38,8.4,0.5805,0.8143,2.7,2.8,2.8,station
2025-02-06,1.7,4.3,3.1,3.1,3.8,2.5,4.4,0.4,3.0,1.6,3.2,0.98,0.82,85,50,15.7,9.94,0.7,0.5944,0.8042,1.8,3.9,3.9,station
2025-02-07,1.6,4.4,4.2,3.5,4.7,2.5,4.4,3.0,3.6,2.9,3.68,1.24,0.4,81,55,14.4,9.62,0.0,0.6081,0.7938,2.1,3.3,3.3,station
2025-02-08,2.6,3.0,3.7,3.3,2.9,1.5,3.0,1.7,3.4,4.2,3.1,0.42,0.34,92,100,5.8,4.1,6.5,0.6217,0.7833,2.1,3.3,3.3,station
2025-02-09,3.5,3.7,3.4,3.6,4.5,3.2,3.6,3.0,3.5,4.2,3.74,0.44,0.24,86,78,8.2,8.2,0.0,0.6351,0.7725,4.3,4.4,4.4,station
2025-02-10,2.8,3.5,3.5,2.6,4.4,2.2,3.8,3.0,2.4,2.4,3.36,0.71,0.6,70,27,14.9,9.62,0.0,0.6483,0.7614,3.4,3.9,3.9,station
2025-02-11,1.3,2.6,2.4,0.5,2.5,1.3,2.8,2.5,0.6,1.2,1.86,0.92,0.18,56,0,12.4,10.8,0.0,0.6613,0.7502,1.1,1.7,1.7,station
2025-02-12,4.5,4.5,4.9,4.1,5.3,4.7,4.7,4.1,3.8,4.7,4.66,0.46,0.26,42,22,16.0,11.14,0.0,0.6741,0.7387,4.8,5.6,5.6,station
2025-02-13,1.8,2.3,6.1,4.8,3.3,1.9,1.4,2.0,4.7,4.1,3.66,1.78,0.84,45,91,21.3,4.99,0.4,0.6867,0.727,2.1,2.2,2.2,station
2025-02-14,5.4,5.0,5.3,4.6,5.2,3.3,4.2,1.4,4.2,5.5,5.1,0.32,1.38,80,91,13.7,6.32,0.4,0.6991,0.715,5.7,3.9,3.9,station
2025-02-15,5.4,5.4,5.5,6.6,6.6,6.3,4.9,4.7,5.9,6.5,5.9,0.64,0.24,89,98,16.8,2.8,2.2,0.7113,0.7029,5.5,6.1,6.1,station
2025-02-16,8.3,6.9,8.5,9.2,7.7,8.0,7.1,4.9,9.8,8.5,8.12,0.87,0.46,89,100,13.4,4.49,11.6,0.7233,0.6906,9.5,10.6,10.6,station
2025-02-17,8.5,7.8,8.3,8.1,9.0,8.1,7.3,6.1,9.5,8.9,8.34,0.45,0.36,95,100,13.3,2.4,11.8,0.735,0.678,8.0,8.3,8.3,station
2025-02-18,11.0,9.5,10.0,10.4,9.8,9.7,8.9,9.3,10.4,9.5,10.14,0.58,0.58,85,99,16.3,5.87,0.1,0.7466,0.6653,10.8,11.1,11.1,station
2025-02-19,8.9,9.7,10.0,10.0,8.8,9.2,9.6,7.7,10.2,9.2,9.48,0.59,0.3,82,99,25.2,3.74,7.4,0.7579,0.6523,10.6,10.6,10.6,station
2025-02-20,9.9,9.8,8.3,9.5,10.7,9.6,9.5,8.7,9.4,9.2,9.64,0.87,0.36,82,82,20.7,5.51,0.6,0.769,0.6392,10.0,8.9,8.9,station
2025-02-21,9.2,9.1,11.3,8.4,10.2,10.7,9.8,9.2,10.3,10.9,9.64,1.13,-0.54,84,100,15.6,4.36,7.5,0.7799,0.6259,10.3,10.0,10.0,station
2025-02-22,10.7,10.6,12.6,11.5,11.7,10.7,10.3,11.4,11.3,14.0,11.42,0.82,-0.12,88,100,28.9,3.15,21.3,0.7906,0.6124,13.9,12.8,12.8,station
2025-02-23,10.9,10.2,11.3,11.6,13.0,11.3,10.6,11.9,12.2,12.2,11.4,1.04,-0.24,94,92,32.2,3.55,19.5,0.801,0.5987,12.1,11.1,11.1,station
2025-02-24,8.8,9.5,11.4,9.7,9.0,10.8,9.7,9.1,9.6,9.7,9.68,1.03,-0.1,85,89,30.8,3.77,8.5,0.8112,0.5848,11.6,10.0,10.0,station
2025-02-25,9.1,8.7,8.2,9.3,8.7,9.4,9.2,7.9,10.3,8.6,8.8,0.42,-0.28,87,78,45.5,5.16,16.7,0.8211,0.5708,10.2,10.0,10.0,station
2025-02-26,15.5,13.8,14.6,13.0,17.2,15.7,14.2,14.1,12.9,13.8,14.82,1.62,0.68,74,84,16.0,12.17,0.0,0.8308,0.5566,16.1,15.6,15.6,station
2025-02-27,16.2,14.0,13.8,14.0,17.1,14.5,13.0,15.4,12.6,14.4,15.02,1.52,1.04,69,39,15.2,13.23,0.0,0.8402,0.5422,16.0,17.2,17.2,station
2025-02-28,13.2,11.8,11.9,13.8,16.6,13.1,11.8,15.3,13.8,14.4,13.46,1.95,-0.22,86,47,10.5,12.51,0.0,0.8495,0.5277,13.4,15.0,15.0,station
2025-03-01,15.9,12.7,12.9,12.8,14.2,12.6,12.3,16.4,12.2,14.2,13.7,1.37,0.16,83,57,13.7,13.25,0.0,0.8584,0.513,16.1,16.1,16.1,station
2025-03-02,10.0,9.1,10.3,9.3,9.3,9.6,8.9,9.9,11.7,10.2,9.6,0.52,-0.46,89,99,11.4,6.75,0.1,0.8671,0.4981,11.2,10.0,10.0,station
2025-03-03,11.3,10.2,9.5,11.4,10.3,10.4,9.7,10.2,9.8,10.4,10.54,0.8,0.44,85,99,14.3,6.65,1.8,0.8755,0.4831,11.3,10.6,10.6,station
2025-03-04,8.1,9.5,9.0,10.0,9.3,10.2,9.0,9.8,9.7,9.2,9.18,0.7,-0.4,89,86,23.8,4.32,6.8,0.8837,0.468,9.0,9.4,9.4,station
2025-03-05,10.2,10.9,8.8,10.2,10.9,10.2,10.6,10.7,10.7,9.9,10.2,0.86,-0.22,79,60,13.9,14.02,0.9,0.8916,0.4527,10.5,11.1,11.1,station
2025-03-06,10.4,10.9,9.3,10.0,12.3,10.2,11.0,9.5,10.0,10.5,10.58,1.13,0.34,80,33,14.1,12.58,0.3,0.8993,0.4373,10.4,11.1,11.1,station
2025-03-07,10.4,10.2,9.3,10.5,12.2,11.0,10.2,11.8,10.5,11.0,10.52,1.05,-0.38,79,78,13.6,11.85,0.0,0.9067,0.4218,10.6,9.4,9.4,station
2025-03-08,11.5,11.8,12.0,12.8,14.7,11.7,11.8,14.1,12.3,13.9,12.56,1.29,-0.2,77,98,23.7,4.9,1.2,0.9138,0.4061,13.4,12.8,12.8,station
2025-03-09,11.4,9.9,11.2,11.7,12.8,11.7,9.9,12.7,11.5,12.9,11.4,1.04,-0.34,81,98,30.0,4.79,8.0,0.9207,0.3904,12.2,12.2,12.2,station
2025-03-10,8.4,8.2,7.1,8.4,8.8,8.4,8.5,9.7,9.0,8.5,8.18,0.64,-0.64,83,93,13.2,7.05,0.8,0.9272,0.3745,8.7,6.7,6.7,station
2025-03-11,9.2,7.3,8.7,8.7,8.6,9.5,8.0,8.4,8.1,9.1,8.5,0.71,-0.12,83,99,14.9,6.0,2.5,0.9335,0.3585,9.3,10.0,10.0,station
2025-03-12,9.3,8.9,11.0,9.2,12.1,9.5,8.4,9.2,9.6,10.8,10.1,1.39,0.6,91,100,15.4,4.69,12.1,0.9396,0.3424,9.3,10.6,10.6,station
2025-03-13,6.8,6.7,5.3,7.5,8.3,7.2,6.6,8.4,7.4,7.1,6.92,1.11,-0.42,84,82,22.2,13.25,9.8,0.9453,0.3261,7.9,7.8,7.8,station
2025-03-14,10.1,9.1,9.4,9.7,11.0,9.7,8.9,11.2,9.9,7.6,9.86,0.74,0.4,71,85,13.2,11.6,5.1,0.9508,0.3098,10.9,9.4,9.4,station
2025-03-15,8.0,7.3,7.1,8.2,7.1,7.8,7.6,8.6,7.7,8.0,7.54,0.52,-0.4,86,95,31.4,10.8,14.7,0.956,0.2934,7.8,8.3,8.3,station
2025-03-16,9.8,9.2,7.9,9.6,9.3,8.8,8.8,6.8,9.6,8.1,9.16,0.74,0.74,80,86,21.2,13.57,5.5,0.9609,0.2769,10.1,10.0,10.0,station
2025-03-17,8.6,7.6,7.5,9.3,9.8,9.6,7.9,10.3,9.9,9.1,8.56,1.02,-0.8,88,90,14.6,11.53,5.0,0.9655,0.2604,9.1,10.6,10.6,station
2025-03-18,9.0,9.6,8.0,9.0,10.0,8.5,9.7,9.9,9.0,9.9,9.12,0.76,-0.28,80,63,12.3,13.78,1.8,0.9698,0.2437,9.9,10.0,10.0,station
2025-03-19,11.0,10.0,11.2,10.8,11.5,11.5,10.0,9.2,9.5,11.0,10.9,0.57,0.66,66,100,24.4,6.21,1.7,0.9739,0.227,11.2,12.8,12.8,station
2025-03-20,7.5,7.7,8.5,7.8,7.1,7.9,8.0,9.1,9.3,9.0,7.72,0.51,-0.94,87,96,27.3,5.12,8.1,0.9777,0.2102,8.0,9.4,9.4,station
2025-03-21,9.1,8.2,7.5,10.1,10.6,10.0,7.9,9.6,10.6,8.9,9.1,1.29,-0.3,87,93,29.6,8.06,5.7,0.9811,0.1934,9.6,11.1,11.1,station
2025-03-22,10.2,10.1,8.9,9.9,11.6,10.8,10.3,10.7,10.6,10.3,10.14,0.97,-0.4,78,75,16.4,11.51,1.6,0.9843,0.1765,11.3,11.7,11.7,station
2025-03-23,11.5,11.2,10.6,12.0,10.7,11.8,11.0,11.2,11.9,10.7,11.2,0.58,-0.12,94,100,25.9,3.46,39.6,0.9872,0.1595,11.7,12.2,12.2,station
2025-03-24,14.6,12.3,12.5,12.5,13.3,14.1,13.1,12.6,13.2,12.2,13.04,0.95,0.0,93,100,22.9,4.59,4.8,0.9898,0.1425,15.4,13.3,13.3,station
2025-03-25,17.6,16.9,18.8,19.6,20.8,17.2,16.9,20.7,18.8,17.3,18.74,1.55,0.56,89,97,12.7,15.71,0.2,0.9921,0.1255,20.6,22.2,22.2,station
2025-03-26,21.3,16.8,20.7,19.5,24.4,18.5,15.6,16.8,21.6,19.5,20.54,2.76,2.14,87,96,22.3,14.83,9.3,0.9941,0.1084,21.5,17.8,17.8,station
2025-03-27,14.0,13.0,13.0,15.5,12.4,14.3,12.5,15.5,15.2,12.0,13.58,1.22,-0.32,76,94,18.6,12.12,7.2,0.9958,0.0913,15.4,15.0,15.0,station
2025-03-28,9.5,10.2,10.0,10.3,9.7,10.7,10.1,10.7,11.9,10.1,9.94,0.34,-0.76,84,81,21.8,5.99,11.4,0.9972,0.0741,10.4,12.2,12.2,station
2025-03-29,12.0,11.8,9.9,11.7,12.5,11.8,12.0,11.9,11.3,11.3,11.58,0.99,-0.08,76,62,12.4,13.4,0.4,0.9984,0.057,12.4,12.8,12.8,station
2025-03-30,16.9,15.0,14.6,16.4,17.8,16.7,15.2,17.0,15.5,15.2,16.14,1.33,0.22,66,95,23.7,15.89,1.3,0.9992,0.0398,17.1,17.2,17.2,station
2025-03-31,10.1,9.7,9.3,10.7,11.5,11.3,10.3,11.2,12.2,12.1,10.26,0.86,-1.16,82,97,21.5,12.41,4.4,0.9997,0.0226,11.0,11.1,11.1,station
2025-04-01,10.3,10.6,10.0,11.0,10.6,10.6,10.7,11.3,11.8,11.4,10.5,0.37,-0.66,85,87,13.0,8.21,3.1,1.0,0.0054,10.1,10.6,10.6,station
2025-04-02,10.8,10.4,9.6,10.6,12.3,10.0,10.5,11.7,10.9,10.9,10.74,0.98,-0.06,80,77,15.4,15.34,2.9,0.9999,-0.0118,11.2,11.1,11.1,station
2025-04-03,11.9,12.4,11.4,12.1,14.4,11.6,12.3,13.1,12.2,12.3,12.44,1.15,0.14,78,49,8.4,15.51,0.2,0.9996,-0.029,12.0,12.8,12.8,station
2025-04-04,16.1,15.9,16.0,16.3,18.7,16.5,15.7,18.1,16.1,16.1,16.6,1.18,0.1,71,57,10.1,20.3,0.0,0.9989,-0.0462,16.3,18.3,18.3,station
2025-04-05,19.5,17.9,19.4,17.9,20.9,19.3,17.1,18.8,17.9,17.0,19.12,1.26,1.1,59,70,9.0,19.85,0.0,0.998,-0.0634,19.6,20.6,20.6,station
2025-04-06,11.1,10.8,15.6,12.3,12.5,10.8,10.8,12.2,14.9,12.0,12.46,1.9,0.32,85,98,11.2,3.34,17.5,0.9968,-0.0805,11.2,13.9,13.9,station
2025-04-07,12.1,10.5,11.4,13.6,12.8,13.8,10.8,10.8,13.0,11.9,12.08,1.2,0.02,88,98,22.8,10.22,10.6,0.9952,-0.0977,13.0,13.3,13.3,station
2025-04-08,10.4,10.6,10.6,11.8,12.1,10.3,10.1,9.2,11.8,10.3,11.1,0.79,0.76,84,84,31.2,9.42,15.2,0.9934,-0.1148,11.8,12.2,12.2,station
2025-04-09,14.7,14.6,12.1,14.3,16.4,14.0,14.5,15.6,15.0,12.8,14.42,1.54,0.04,74,64,15.1,17.15,0.0,0.9913,-0.1319,14.4,14.4,14.4,station
2025-04-10,18.7,13.4,17.8,15.7,20.1,18.1,13.2,14.5,16.4,15.8,17.14,2.63,1.54,77,86,25.5,11.07,5.3,0.9889,-0.1489,18.0,14.4,14.4,station
2025-04-11,11.2,11.5,7.9,11.4,12.6,11.2,11.4,11.8,12.2,11.8,10.92,1.77,-0.76,76,41,13.9,16.33,0.2,0.9861,-0.1659,11.9,11.1,11.1,station
2025-04-12,10.8,11.6,9.9,11.2,13.5,10.6,11.4,12.5,11.7,12.4,11.4,1.33,-0.32,73,54,12.4,19.08,2.3,0.9831,-0.1828,11.6,12.2,12.2,station
2025-04-13,13.9,13.8,13.7,14.2,17.0,13.3,13.8,14.4,14.0,14.6,14.52,1.4,0.5,68,36,13.7,22.84,0.0,0.9799,-0.1997,13.7,15.6,15.6,station
2025-04-14,16.2,17.3,18.0,17.5,20.0,16.5,17.2,17.8,16.8,18.4,17.8,1.39,0.46,69,65,17.2,22.88,0.0,0.9763,-0.2165,16.6,19.4,19.4,station
2025-04-15,15.8,16.4,16.5,17.3,18.5,15.2,16.4,18.1,17.0,17.1,16.9,1.04,0.14,72,35,13.9,22.32,0.0,0.9724,-0.2333,16.2,18.3,18.3,station
2025-04-16,14.1,15.0,15.7,15.8,16.6,14.7,15.2,15.3,15.4,15.4,15.44,0.94,0.24,64,2,21.4,23.71,0.0,0.9683,-0.25,15.4,15.6,15.6,station
2025-04-17,16.4,17.0,16.8,17.5,19.1,16.3,16.7,18.5,17.3,16.3,17.36,1.05,0.34,58,2,12.8,24.15,0.0,0.9638,-0.2666,16.6,18.3,18.3,station
2025-04-18,20.0,19.1,20.0,21.3,21.7,20.2,19.1,21.2,20.8,19.9,20.42,1.06,0.18,58,39,10.0,23.67,0.0,0.9591,-0.2831,20.6,21.7,21.7,station
2025-04-19,13.1,13.1,14.3,14.9,16.0,13.5,13.0,14.5,14.5,14.8,14.28,1.24,0.22,75,77,16.7,12.58,3.7,0.9541,-0.2996,15.5,14.4,14.4,station
2025-04-20,12.8,11.6,11.0,12.8,12.0,11.7,11.7,11.9,13.3,14.1,12.04,0.78,-0.5,78,74,21.5,11.46,1.6,0.9488,-0.316,13.2,13.3,13.3,station
2025-04-21,13.2,12.2,12.3,13.1,14.7,13.1,12.2,12.0,13.8,13.8,13.1,1.0,0.12,71,68,14.2,16.74,0.0,0.9432,-0.3322,13.1,13.9,13.9,station
2025-04-22,13.3,14.2,13.9,14.0,16.3,13.1,14.0,14.5,14.3,14.5,14.34,1.15,0.26,72,17,13.2,22.77,0.0,0.9373,-0.3484,13.7,15.6,15.6,station
2025-04-23,16.0,16.4,17.3,16.8,18.4,16.0,16.6,17.2,16.3,17.3,16.98,0.93,0.3,66,5,11.5,24.97,0.0,0.9312,-0.3645,16.4,18.3,18.3,station
2025-04-24,19.4,19.1,22.8,20.5,22.5,19.3,19.3,21.8,20.4,20.7,20.86,1.72,0.56,66,14,11.6,24.62,0.0,0.9248,-0.3804,19.9,21.7,21.7,station
2025-04-25,19.1,19.2,20.9,20.8,22.9,19.0,19.1,21.8,21.3,20.6,20.58,1.55,0.22,63,91,14.8,23.77,0.0,0.9181,-0.3963,19.7,21.7,21.7,station
2025-04-26,19.0,15.6,19.4,19.2,22.1,19.2,15.2,20.2,20.1,19.8,19.06,2.31,0.16,70,63,15.7,20.85,0.0,0.9112,-0.412,19.4,16.7,16.7,station
2025-04-27,15.8,13.9,17.2,15.3,18.6,15.9,13.8,14.9,15.5,17.7,16.16,1.8,0.6,70,92,14.4,13.06,0.0,0.9039,-0.4276,15.6,13.9,13.9,station
2025-04-28,13.4,12.5,13.2,13.3,14.7,13.7,12.4,13.8,13.7,15.1,13.42,0.8,-0.32,73,94,15.5,10.67,1.8,0.8965,-0.4431,14.8,12.8,12.8,station
2025-04-29,13.4,13.8,11.9,15.7,16.4,15.3,14.2,12.3,16.4,16.4,14.24,1.81,-0.68,80,95,15.7,13.57,8.0,0.8887,-0.4585,15.2,14.4,14.4,station
2025-04-30,14.8,15.4,16.8,15.0,18.7,14.8,16.0,18.1,15.6,16.0,16.14,1.63,0.04,72,61,11.2,21.06,0.0,0.8807,-0.4737,15.2,15.6,15.6,station
2025-05-01,21.1,20.6,23.2,20.6,25.1,20.6,20.6,23.9,20.3,21.8,22.12,1.98,0.68,71,14,10.0,25.51,0.0,0.8724,-0.4888,21.8,23.9,23.9,station
2025-05-02,19.6,17.8,18.6,19.7,21.1,19.8,17.1,23.1,19.7,18.1,19.36,1.25,-0.2,69,21,20.7,24.8,0.0,0.8639,-0.5037,21.0,20.6,20.6,station
2025-05-03,13.1,12.2,12.2,13.3,14.9,13.2,12.1,12.7,12.9,13.2,13.14,1.11,0.32,69,69,12.5,15.43,2.8,0.8551,-0.5185,14.4,12.2,12.2,station
2025-05-04,14.2,14.3,14.7,15.1,16.5,14.3,13.9,15.3,15.3,14.4,14.96,0.93,0.32,63,25,14.2,22.65,0.0,0.846,-0.5331,15.0,15.6,15.6,station
2025-05-05,18.3,17.7,19.1,18.4,20.6,18.1,17.7,19.1,18.6,18.4,18.82,1.11,0.44,53,10,12.8,26.23,0.0,0.8367,-0.5476,19.2,20.6,20.6,station
2025-05-06,25.0,22.3,24.5,24.9,26.0,24.0,22.7,25.5,24.3,23.9,24.54,1.37,0.46,48,88,9.5,25.44,0.0,0.8272,-0.5619,26.0,25.0,25.0,station
2025-05-07,14.5,14.1,16.4,14.5,16.3,17.0,13.6,18.9,15.1,17.8,15.16,1.1,-1.32,62,77,22.2,10.7,0.0,0.8174,-0.5761,16.7,18.3,18.3,station
2025-05-08,15.0,14.9,14.8,15.9,17.3,14.7,14.7,16.2,15.3,15.5,15.58,1.06,0.3,56,59,13.7,24.82,0.0,0.8074,-0.59,16.1,17.2,17.2,station
2025-05-09,19.1,17.3,19.7,19.5,22.1,19.3,17.2,21.8,19.0,18.1,19.54,1.72,0.46,54,97,12.7,24.07,0.0,0.7971,-0.6038,20.4,20.6,20.6,station
2025-05-10,16.7,16.1,15.6,14.7,15.5,16.5,15.2,16.3,15.7,17.3,15.72,0.74,-0.48,53,100,16.9,14.1,0.0,0.7866,-0.6175,16.8,17.2,17.2,station
2025-05-11,13.9,12.8,15.3,15.2,16.8,16.4,12.9,16.8,15.1,15.0,14.8,1.52,-0.44,71,95,18.5,13.74,5.4,0.7759,-0.6309,16.5,16.1,16.1,station
2025-05-12,16.5,15.6,13.4,16.8,18.8,15.4,14.3,13.7,15.8,16.7,16.22,1.96,1.04,72,42,12.6,21.71,0.0,0.7649,-0.6442,17.0,18.9,18.9,station
2025-05-13,17.4,15.0,16.6,17.3,20.0,17.2,15.1,16.7,16.2,18.3,17.26,1.81,0.56,74,89,15.4,13.27,0.5,0.7537,-0.6572,17.4,15.6,15.6,station
2025-05-14,15.4,14.7,14.1,13.9,15.0,15.5,14.5,15.6,15.1,15.6,14.62,0.62,-0.64,68,90,18.9,11.52,1.4,0.7423,-0.6701,16.0,16.1,16.1,station
2025-05-15,11.8,11.7,13.4,12.8,14.4,11.3,11.6,13.3,13.5,13.8,12.82,1.13,0.12,74,97,15.1,10.92,2.8,0.7306,-0.6828,12.8,12.8,12.8,station
2025-05-16,12.9,13.4,11.7,11.7,12.8,13.9,13.5,9.4,12.7,14.3,12.5,0.76,-0.26,83,100,13.0,8.7,3.0,0.7188,-0.6952,14.1,15.0,15.0,station
2025-05-17,12.4,13.3,11.5,14.4,15.9,14.9,13.2,11.6,14.7,15.8,13.5,1.72,-0.54,79,77,18.3,17.11,6.7,0.7067,-0.7075,16.8,16.1,16.1,station
2025-05-18,15.4,14.1,13.3,14.5,14.4,14.8,13.6,16.4,14.8,14.7,14.34,0.76,-0.52,65,42,20.0,22.72,1.0,0.6945,-0.7195,15.5,16.1,16.1,station
2025-05-19,15.0,14.2,13.4,14.8,16.3,14.8,14.2,15.5,14.6,15.2,14.74,1.07,-0.12,79,83,23.9,14.96,7.2,0.682,-0.7314,14.1,15.6,15.6,station
2025-05-20,14.3,13.3,12.1,14.5,15.5,14.3,13.2,13.9,15.1,14.5,13.94,1.29,-0.26,77,48,21.2,22.08,2.3,0.6693,-0.743,14.6,14.4,14.4,station
2025-05-21,15.2,15.6,15.9,15.6,18.4,14.9,15.7,16.8,15.8,16.0,16.14,1.29,0.3,74,89,11.1,20.3,0.8,0.6564,-0.7544,15.6,16.1,16.1,station
2025-05-22,18.2,17.3,18.9,17.9,20.7,17.2,16.4,17.2,14.8,18.5,18.6,1.31,1.78,64,78,12.7,24.81,0.0,0.6433,-0.7656,19.8,19.4,19.4,station
2025-05-23,17.5,17.2,18.1,17.0,19.9,17.6,17.5,20.9,17.1,18.6,17.94,1.17,-0.4,68,74,12.8,24.3,0.0,0.6301,-0.7765,18.7,18.9,18.9,station
2025-05-24,22.0,20.4,22.3,22.6,23.8,20.8,20.3,24.3,21.9,22.5,22.22,1.23,0.26,60,54,8.7,28.19,0.0,0.6166,-0.7873,24.5,23.9,23.9,station
2025-05-25,20.4,17.4,19.3,19.5,21.8,20.4,17.0,22.3,19.3,19.7,19.68,1.61,-0.06,62,79,15.8,22.13,0.0,0.603,-0.7978,21.1,20.0,20.0,station
2025-05-26,18.1,16.8,15.9,18.2,19.3,18.5,16.4,20.6,19.3,18.4,17.66,1.32,-0.98,62,89,19.7,20.07,2.3,0.5892,-0.808,19.3,18.9,18.9,station
2025-05-27,20.4,20.0,22.1,21.1,22.8,20.0,19.8,21.9,20.8,21.1,21.28,1.16,0.56,56,56,13.8,27.65,0.0,0.5752,-0.818,22.2,23.9,23.9,station
2025-05-28,27.5,23.8,27.0,28.8,27.5,28.3,24.0,30.1,27.9,27.2,26.92,1.87,-0.58,56,4,20.2,28.32,0.0,0.561,-0.8278,28.5,26.7,26.7,station
2025-05-29,19.9,16.8,18.4,19.5,21.2,19.9,16.4,21.2,19.5,20.1,19.16,1.66,-0.26,68,56,21.1,19.51,2.5,0.5467,-0.8373,21.6,20.0,20.0,station
2025-05-30,23.5,21.5,25.0,22.7,26.5,23.5,21.6,26.1,23.8,23.8,23.84,1.96,0.08,54,29,12.1,28.08,0.0,0.5322,-0.8466,25.3,24.4,24.4,station
2025-05-31,18.1,15.6,19.1,16.7,19.2,18.2,16.1,23.3,16.2,18.9,17.74,1.56,-0.8,64,78,15.9,14.18,3.8,0.5176,-0.8556,17.8,16.7,16.7,station
2025-06-01,17.5,17.2,17.9,17.8,19.4,17.9,17.2,20.1,18.0,17.9,17.96,0.85,-0.26,63,17,12.3,25.28,0.0,0.5028,-0.8644,18.2,18.9,18.9,station
2025-06-02,19.1,19.0,19.6,18.9,21.2,19.1,19.1,21.9,19.0,19.1,19.56,0.96,-0.08,55,15,14.5,28.73,0.0,0.4878,-0.8729,20.3,21.1,21.1,station
2025-06-03,21.6,20.4,21.5,21.3,23.3,21.2,20.4,24.4,21.3,21.0,21.62,1.05,-0.04,52,28,12.2,28.22,0.0,0.4728,-0.8812,23.9,22.8,22.8,station
2025-06-04,19.8,17.9,20.8,18.4,21.3,21.8,19.0,21.0,19.4,22.0,19.64,1.47,-1.0,66,90,10.4,16.57,0.7,0.4575,-0.8892,21.7,18.9,18.9,station
2025-06-05,22.8,21.1,23.9,22.4,24.7,23.0,21.8,23.7,22.7,22.5,22.98,1.39,0.24,66,41,13.6,27.3,0.0,0.4422,-0.8969,23.7,25.0,25.0,station
2025-06-06,25.5,22.6,25.2,24.8,26.1,25.9,22.7,26.8,23.5,24.2,24.84,1.34,0.22,57,65,15.4,27.79,0.0,0.4267,-0.9044,27.0,25.6,25.6,station
2025-06-07,25.1,23.5,25.8,24.5,26.8,24.4,23.4,26.0,24.4,23.5,25.14,1.25,0.8,58,42,15.5,28.65,0.0,0.4111,-0.9116,26.0,26.7,26.7,station
2025-06-08,29.4,26.8,31.3,28.8,30.8,28.8,26.9,30.6,27.8,26.7,29.42,1.78,1.26,48,0,13.3,28.95,0.0,0.3953,-0.9185,30.4,31.1,31.1,station
2025-06-09,28.0,25.9,27.1,27.4,29.9,28.3,26.3,31.9,27.8,26.5,27.66,1.47,-0.5,44,0,14.1,29.36,0.0,0.3795,-0.9252,30.0,29.4,29.4,station
2025-06-10,27.3,23.3,26.8,25.9,29.0,27.6,23.7,28.6,25.4,25.9,26.46,2.1,0.22,47,14,10.7,29.32,0.0,0.3635,-0.9316,27.7,26.7,26.7,station
2025-06-11,23.0,19.1,22.5,19.8,25.2,25.0,20.9,25.8,19.3,23.5,21.92,2.49,-0.98,61,67,17.3,26.14,0.0,0.3474,-0.9377,22.9,20.0,20.0,station
2025-06-12,21.6,17.3,19.4,18.1,22.0,22.3,17.5,23.7,18.6,19.0,19.68,2.08,-0.54,59,82,19.0,18.55,0.0,0.3312,-0.9436,21.3,18.3,18.3,station
2025-06-13,18.1,15.6,17.4,18.1,20.1,18.8,15.5,18.7,18.6,19.2,17.86,1.62,-0.3,62,99,14.0,15.28,0.0,0.3149,-0.9491,18.9,17.2,17.2,station
2025-06-14,20.6,17.7,19.3,19.4,21.1,20.3,17.9,24.1,20.6,19.2,19.62,1.32,-0.8,54,84,10.8,20.47,0.0,0.2986,-0.9544,20.9,19.4,19.4,station
2025-06-15,20.7,19.8,20.6,20.5,22.7,20.9,19.8,24.2,21.3,19.8,20.86,1.09,-0.34,57,22,12.5,28.75,0.0,0.2821,-0.9594,22.0,21.7,21.7,station
2025-06-16,23.9,19.9,21.6,21.4,22.4,24.4,20.5,25.0,20.4,19.9,21.84,1.46,-0.2,55,44,15.9,26.96,0.0,0.2656,-0.9641,23.9,22.8,22.8,station
2025-06-17,23.2,21.5,22.3,21.3,24.0,23.9,21.6,25.8,21.4,20.4,22.46,1.14,-0.16,54,32,16.8,27.49,0.0,0.2489,-0.9685,24.2,22.8,22.8,station
2025-06-18,20.2,18.1,18.1,20.3,21.6,20.3,18.7,22.7,20.4,19.2,19.66,1.53,-0.6,61,55,23.7,23.99,0.6,0.2322,-0.9727,20.6,20.0,20.0,station
2025-06-19,19.5,18.0,18.9,19.4,21.6,19.3,17.8,21.9,18.7,19.9,19.48,1.33,-0.04,55,92,10.6,20.01,0.1,0.2155,-0.9765,20.6,20.0,20.0,station
2025-06-20,17.4,14.5,16.1,15.6,18.6,16.0,14.2,15.1,15.8,16.1,16.44,1.59,1.0,71,95,14.9,17.63,8.4,0.1986,-0.9801,16.8,16.7,16.7,station
2025-06-21,15.7,14.9,13.5,14.9,14.7,15.5,14.1,13.7,15.0,15.5,14.74,0.79,-0.02,85,99,19.7,11.91,6.8,0.1818,-0.9833,16.4,14.4,14.4,station
2025-06-22,19.7,18.2,19.7,18.2,22.7,20.2,18.5,24.0,19.3,20.7,19.7,1.84,-0.84,76,87,9.7,17.28,0.5,0.1648,-0.9863,19.6,19.4,19.4,station
2025-06-23,23.2,22.4,23.8,22.4,25.8,22.6,22.5,26.8,22.4,22.0,23.52,1.4,0.26,71,32,10.2,28.41,0.0,0.1478,-0.989,23.2,23.9,23.9,station
2025-06-24,25.1,22.9,25.2,24.5,27.4,24.9,23.3,25.8,22.4,23.3,25.02,1.62,1.08,66,61,11.0,24.85,0.0,0.1308,-0.9914,26.2,25.6,25.6,station
2025-06-25,19.8,18.4,19.3,19.3,21.2,19.5,17.9,22.4,18.7,20.0,19.6,1.03,-0.1,68,90,15.9,14.71,0.3,0.1137,-0.9935,20.8,21.7,21.7,station
2025-06-26,18.8,16.6,17.9,17.4,16.7,19.9,16.7,17.0,19.0,16.7,17.48,0.91,-0.38,77,93,14.0,9.4,1.1,0.0966,-0.9953,18.8,18.9,18.9,station
2025-06-27,19.3,17.7,17.6,17.6,20.7,18.8,17.3,18.9,16.5,19.3,18.58,1.39,0.42,75,91,14.4,12.49,0.5,0.0795,-0.9968,19.7,19.4,19.4,station
2025-06-28,21.2,20.3,20.3,21.6,24.0,21.7,20.9,22.8,21.4,20.4,21.48,1.52,0.04,71,51,12.8,22.73,0.2,0.0623,-0.9981,23.3,23.3,23.3,station
2025-06-29,24.5,23.7,25.2,24.2,26.4,24.2,24.0,25.4,24.0,22.5,24.8,1.05,0.78,61,0,16.9,29.48,0.0,0.0451,-0.999,24.8,26.1,26.1,station
2025-06-30,27.8,26.5,28.2,28.0,29.9,27.9,27.0,28.6,27.5,24.9,28.08,1.22,0.9,54,0,15.6,29.16,0.0,0.028,-0.9996,28.1,30.6,30.6,station
2025-07-01,27.4,24.8,28.0,27.0,29.0,27.6,25.4,31.9,27.3,25.3,27.24,1.56,-0.26,54,9,15.3,29.28,0.0,0.0108,-0.9999,28.7,30.0,30.0,station
2025-07-02,24.3,19.5,24.8,23.3,26.9,26.8,20.0,26.5,24.0,24.3,23.76,2.72,-0.56,57,33,19.3,25.39,0.0,-0.0065,-1.0,26.8,23.9,23.9,station
2025-07-03,21.6,19.2,22.0,20.8,24.1,21.3,18.7,24.6,20.5,20.7,21.54,1.79,0.38,58,57,13.9,20.66,0.0,-0.0237,-0.9997,22.3,20.6,20.6,station
2025-07-04,24.2,20.2,24.1,23.0,25.1,24.4,21.1,26.3,22.9,21.5,23.32,1.9,0.08,56,88,19.0,22.61,0.0,-0.0408,-0.9992,25.4,22.8,22.8,station
2025-07-05,24.0,20.5,22.9,21.3,24.9,23.7,20.7,26.2,22.1,20.8,22.72,1.83,0.02,56,68,14.3,27.0,0.0,-0.058,-0.9983,25.2,23.3,23.3,station
2025-07-06,24.9,23.4,24.7,24.0,26.7,25.0,23.6,25.4,23.5,21.8,24.74,1.25,0.88,52,32,14.1,28.63,0.0,-0.0752,-0.9972,25.7,25.6,25.6,station
2025-07-07,27.7,25.3,27.8,27.3,29.1,28.1,26.1,30.5,27.0,24.5,27.44,1.37,0.2,50,16,14.4,28.72,0.0,-0.0923,-0.9957,28.1,28.9,28.9,station
2025-07-08,29.9,25.3,28.0,26.1,29.8,30.3,25.4,30.8,28.2,26.9,27.82,2.1,-0.5,56,14,16.3,28.39,0.0,-0.1094,-0.994,30.6,29.4,29.4,station
2025-07-09,20.4,18.0,20.1,18.4,20.4,20.8,18.9,19.3,19.0,20.2,19.46,1.17,-0.18,76,93,21.8,8.88,1.0,-0.1265,-0.992,21.0,22.2,22.2,station
2025-07-10,22.0,20.2,21.6,19.0,24.0,21.2,19.9,23.1,20.6,20.4,21.36,1.89,0.32,65,55,12.6,18.15,0.0,-0.1436,-0.9896,22.8,22.2,22.2,station
2025-07-11,27.4,24.8,27.1,26.8,29.0,27.2,24.9,28.7,26.2,25.1,27.02,1.5,0.6,54,8,13.6,28.42,0.0,-0.1606,-0.987,27.6,28.3,28.3,station
2025-07-12,26.6,25.3,27.0,25.7,27.5,26.1,25.5,29.8,26.0,25.1,26.42,0.91,-0.08,58,35,14.1,27.69,0.0,-0.1775,-0.9841,27.1,27.8,27.8,station
2025-07-13,29.7,27.2,29.7,28.6,30.3,29.6,27.5,32.0,28.2,27.4,29.1,1.23,0.16,54,20,14.8,27.07,0.0,-0.1944,-0.9809,30.5,31.7,31.7,station
2025-07-14,23.7,20.8,25.8,24.7,24.0,22.4,21.1,27.3,24.2,23.5,23.8,1.86,0.1,59,32,17.2,22.21,0.0,-0.2113,-0.9774,26.8,25.6,25.6,station
2025-07-15,29.9,26.8,29.8,29.3,30.5,29.9,26.3,29.1,29.5,26.6,29.26,1.44,0.98,52,0,17.9,28.29,0.0,-0.2281,-0.9736,30.0,30.6,30.6,station
2025-07-16,34.0,29.5,32.8,32.9,34.0,34.7,29.5,35.8,32.8,30.0,32.64,1.85,0.08,41,0,19.2,28.17,0.0,-0.2448,-0.9696,34.1,33.3,33.3,station
2025-07-17,28.5,25.6,29.3,27.6,31.5,28.5,26.0,32.4,28.3,26.9,28.5,2.17,0.08,53,0,11.0,28.07,0.0,-0.2614,-0.9652,29.9,28.9,28.9,station
2025-07-18,23.2,19.9,24.8,20.5,25.6,24.6,20.3,25.8,22.0,25.8,22.8,2.53,-0.9,61,39,15.7,20.63,0.0,-0.278,-0.9606,23.7,21.1,21.1,station
2025-07-19,22.5,20.1,22.7,21.7,23.9,23.7,20.1,26.3,21.1,21.5,22.18,1.4,-0.36,61,82,12.0,19.76,0.0,-0.2945,-0.9557,23.7,20.6,20.6,station
2025-07-20,20.8,18.7,22.4,21.1,24.7,24.0,20.1,27.1,22.5,21.6,21.54,2.21,-1.52,65,71,11.4,19.81,0.3,-0.3109,-0.9505,21.9,17.8,17.8,station
2025-07-21,26.6,22.0,26.1,24.3,25.9,26.7,20.6,28.7,24.3,23.3,24.98,1.88,0.26,67,55,15.7,22.77,0.1,-0.3272,-0.945,27.1,24.4,24.4,station
2025-07-22,26.8,23.9,26.6,22.8,27.3,26.1,23.5,30.2,25.1,24.0,25.48,2.0,-0.3,68,26,10.9,24.87,0.0,-0.3434,-0.9392,26.5,25.0,25.0,station
2025-07-23,28.3,25.1,28.5,26.1,29.0,28.7,25.7,32.0,26.0,25.9,27.4,1.7,-0.26,67,6,10.2,26.71,0.0,-0.3595,-0.9332,29.1,28.3,28.3,station
2025-07-24,25.0,22.5,23.8,22.3,26.3,25.5,23.4,27.9,22.6,23.2,23.98,1.69,-0.54,67,25,14.5,25.34,0.0,-0.3755,-0.9268,24.8,23.3,23.3,station
2025-07-25,22.2,19.5,21.6,20.4,22.9,21.8,19.4,24.6,20.0,20.8,21.32,1.37,0.0,65,59,11.9,16.33,0.2,-0.3914,-0.9202,23.1,21.1,21.1,station
2025-07-26,23.8,21.0,22.8,21.9,24.0,24.0,20.6,25.5,22.3,20.0,22.7,1.27,0.22,66,89,16.7,21.13,0.0,-0.4071,-0.9134,23.5,21.1,21.1,station
2025-07-27,25.9,23.0,24.6,22.9,24.4,25.5,22.5,28.3,22.9,21.3,24.16,1.25,0.06,60,42,14.2,25.45,0.0,-0.4228,-0.9062,25.4,23.9,23.9,station
2025-07-28,27.3,24.2,26.8,25.4,27.0,28.1,24.8,30.0,25.2,23.5,26.14,1.31,-0.18,56,4,13.4,26.84,0.0,-0.4383,-0.8988,28.2,27.2,27.2,station
2025-07-29,28.2,25.8,28.8,26.8,29.3,28.0,26.1,30.0,26.6,24.7,27.78,1.45,0.7,49,5,12.1,26.92,0.0,-0.4537,-0.8912,28.7,28.9,28.9,station
2025-07-30,27.7,25.1,28.4,27.7,29.9,28.3,25.6,30.4,27.1,25.8,27.76,1.74,0.32,48,49,11.4,24.34,0.0,-0.469,-0.8832,29.0,28.3,28.3,station
2025-07-31,28.2,23.2,27.2,25.6,28.0,27.9,23.2,30.4,25.1,26.4,26.44,2.08,-0.16,59,73,13.3,23.58,0.0,-0.4841,-0.875,29.3,25.6,25.6,station
2025-08-01,26.9,22.9,27.4,25.1,28.3,26.0,23.1,29.5,24.8,25.7,26.12,2.15,0.3,66,45,10.7,23.11,0.0,-0.4991,-0.8666,27.3,23.9,23.9,station
2025-08-02,25.7,22.2,25.8,23.9,25.9,26.9,23.4,29.3,25.6,25.2,24.7,1.62,-1.38,69,41,13.0,18.51,0.0,-0.5139,-0.8578,26.1,22.2,22.2,station
2025-08-03,23.8,20.2,23.2,22.1,24.2,23.3,20.3,27.0,21.9,21.6,22.7,1.61,-0.12,66,77,12.9,18.8,0.0,-0.5286,-0.8489,23.5,21.1,21.1,station
2025-08-04,23.7,19.5,23.6,22.5,24.3,23.7,20.0,23.7,22.6,21.5,22.72,1.91,0.42,65,87,14.6,16.37,0.0,-0.5431,-0.8397,23.0,21.1,21.1,station
2025-08-05,25.4,23.3,24.7,22.2,25.0,24.8,22.1,24.4,21.3,22.8,24.12,1.33,1.04,62,83,15.3,21.08,0.0,-0.5575,-0.8302,25.9,25.0,25.0,station
2025-08-06,21.6,19.1,19.2,19.4,20.4,21.8,19.2,19.8,21.6,18.5,19.94,1.06,-0.24,82,73,17.8,9.33,8.8,-0.5717,-0.8205,21.2,21.7,21.7,station
2025-08-07,19.8,19.5,20.3,20.8,22.2,20.4,19.9,23.3,21.0,19.8,20.52,1.06,-0.36,73,73,12.3,18.36,0.4,-0.5857,-0.8105,20.9,20.6,20.6,station
2025-08-08,22.4,22.3,24.9,22.9,25.7,22.5,22.4,26.1,23.0,21.9,23.64,1.56,0.46,67,33,11.1,24.32,0.0,-0.5996,-0.8003,23.0,24.4,24.4,station
2025-08-09,24.8,24.0,26.2,24.7,26.8,23.7,24.2,26.4,24.1,23.1,25.3,1.16,1.0,61,70,13.5,24.31,0.0,-0.6132,-0.7899,25.3,26.7,26.7,station
2025-08-10,27.9,26.7,30.0,27.4,29.5,27.5,26.9,28.5,27.4,26.1,28.3,1.4,1.02,57,0,16.7,24.57,0.0,-0.6267,-0.7792,29.3,31.1,31.1,station
2025-08-11,28.8,27.7,30.1,28.2,29.9,28.2,27.5,29.9,27.7,26.2,28.94,1.05,1.04,55,5,18.5,24.4,0.0,-0.64,-0.7683,29.2,30.0,30.0,station
2025-08-12,30.9,28.7,33.1,30.8,33.1,31.0,29.4,35.3,30.5,28.3,31.32,1.85,0.42,49,1,16.3,24.43,0.0,-0.6532,-0.7572,32.0,32.8,32.8,station
2025-08-13,25.3,22.9,26.4,23.6,26.8,26.6,22.9,23.4,23.7,25.6,25.0,1.71,0.56,61,34,21.3,20.25,0.0,-0.6661,-0.7459,28.0,25.6,25.6,station
2025-08-14,24.1,21.1,20.3,22.8,24.5,24.3,21.7,21.1,22.2,23.1,22.56,1.83,0.08,63,86,15.7,18.5,2.0,-0.6788,-0.7343,24.7,23.9,23.9,station
2025-08-15,19.0,18.7,19.3,18.6,19.4,19.6,19.0,16.8,18.6,18.4,19.0,0.35,0.52,93,100,21.6,4.18,31.8,-0.6914,-0.7225,19.9,20.0,20.0,station
2025-08-16,22.0,20.8,19.1,21.1,22.1,21.6,21.3,24.6,22.1,19.9,21.02,1.21,-0.88,80,37,19.7,20.0,2.1,-0.7037,-0.7105,21.8,22.8,22.8,station
2025-08-17,21.9,21.6,21.0,22.7,24.3,21.4,20.8,24.4,22.0,21.2,22.3,1.27,0.34,78,82,10.4,18.11,0.2,-0.7158,-0.6983,22.4,22.8,22.8,station
2025-08-18,22.1,21.2,22.9,22.4,23.2,21.9,21.6,25.1,21.6,21.6,22.36,0.78,-0.0,72,79,12.0,20.08,0.2,-0.7277,-0.6859,22.6,22.8,22.8,station
2025-08-19,22.8,22.0,23.0,22.1,24.1,22.8,21.0,25.7,20.4,20.0,22.8,0.85,0.82,76,57,10.3,18.62,0.0,-0.7394,-0.6733,22.3,23.9,23.9,station
2025-08-20,21.2,20.7,22.5,22.8,24.1,20.8,21.4,24.3,23.0,20.9,22.26,1.35,0.18,67,48,12.8,18.85,0.0,-0.7509,-0.6605,22.2,23.9,23.9,station
2025-08-21,23.1,21.9,24.8,23.5,26.3,22.9,22.1,24.4,23.8,22.1,23.92,1.69,0.86,61,17,15.1,23.54,0.0,-0.7621,-0.6474,23.3,25.6,25.6,station
2025-08-22,28.5,25.7,30.9,27.9,30.7,28.5,26.1,28.0,27.5,25.0,28.74,2.15,1.72,56,1,15.0,23.41,0.0,-0.7731,-0.6342,28.5,31.1,31.1,station
2025-08-23,30.6,26.5,33.4,30.0,32.9,31.5,27.1,31.1,30.1,26.4,30.68,2.75,1.44,53,58,14.1,21.15,0.0,-0.7839,-0.6208,29.4,32.2,32.2,station
2025-08-24,30.8,26.6,32.2,29.6,32.6,31.1,27.1,31.9,30.0,27.4,30.36,2.41,0.86,50,37,9.6,22.35,0.0,-0.7945,-0.6073,31.1,31.7,31.7,station
2025-08-25,30.9,26.0,30.5,28.8,32.6,30.3,26.0,32.5,29.5,26.9,29.76,2.5,0.72,53,59,11.0,21.18,0.0,-0.8048,-0.5935,30.9,32.2,32.2,station
2025-08-26,29.7,24.4,30.4,26.4,31.7,30.1,24.9,32.0,29.3,27.3,28.52,3.02,-0.2,55,74,10.7,21.72,0.0,-0.8149,-0.5796,29.7,30.6,30.6,station
2025-08-27,26.7,18.8,26.2,22.8,22.5,27.6,19.0,29.2,26.1,27.2,23.4,3.2,-2.42,68,83,12.4,16.67,0.2,-0.8248,-0.5655,26.6,23.9,23.9,station
2025-08-28,27.7,23.8,27.4,26.4,29.1,25.7,22.4,31.5,26.4,26.5,26.88,1.97,0.38,74,38,11.4,20.93,0.0,-0.8344,-0.5512,27.3,27.2,27.2,station
2025-08-29,26.4,23.3,27.6,26.0,28.7,29.5,24.8,30.7,28.7,25.7,26.4,2.03,-1.48,79,80,9.7,15.07,0.6,-0.8437,-0.5368,25.6,22.2,22.2,station
2025-08-30,23.4,20.9,25.4,22.6,24.6,24.9,21.0,29.5,23.9,23.7,23.38,1.76,-1.22,81,62,9.1,16.82,0.0,-0.8528,-0.5222,23.1,20.6,20.6,station
2025-08-31,22.9,21.9,26.3,22.4,25.8,23.8,22.4,29.6,23.7,23.0,23.86,2.04,-0.64,81,17,11.1,19.75,2.8,-0.8617,-0.5074,23.9,23.9,23.9,station
2025-09-01,23.5,21.2,24.2,23.2,25.6,23.7,21.6,29.3,23.9,22.6,23.54,1.6,-0.68,83,57,8.0,16.74,0.0,-0.8703,-0.4925,24.0,21.1,21.1,station
2025-09-02,23.7,22.6,28.1,25.1,27.6,24.4,24.0,29.0,25.4,23.6,25.42,2.4,0.14,82,47,11.2,19.92,0.0,-0.8786,-0.4775,23.6,25.6,25.6,station
2025-09-03,25.0,24.1,28.4,26.2,28.4,25.1,24.3,29.4,26.4,25.1,26.42,1.95,0.36,82,43,10.4,19.89,0.0,-0.8867,-0.4623,24.8,27.8,27.8,station
2025-09-04,23.8,22.4,27.7,25.2,27.9,24.7,23.9,30.6,26.2,23.8,25.4,2.41,-0.44,81,60,10.1,18.32,0.0,-0.8945,-0.447,25.2,25.6,25.6,station
2025-09-05,24.5,21.6,30.0,25.3,28.0,25.0,22.4,33.1,27.1,24.7,25.88,3.24,-0.58,82,58,9.2,15.84,0.0,-0.9021,-0.4315,25.6,24.4,24.4,station
2025-09-06,22.9,18.4,26.1,21.6,24.1,23.1,18.6,28.7,24.0,23.0,22.62,2.88,-0.86,85,80,15.6,9.88,3.0,-0.9094,-0.4159,22.2,22.2,22.2,station
2025-09-07,21.7,19.0,23.9,20.9,19.6,21.9,19.2,23.7,18.6,19.8,21.02,1.93,0.38,80,84,11.0,10.21,0.2,-0.9164,-0.4002,21.6,21.1,21.1,station
2025-09-08,21.4,21.1,25.8,22.1,22.2,21.9,21.1,24.7,22.8,20.2,22.52,1.89,0.38,79,79,9.5,16.18,0.0,-0.9232,-0.3844,21.5,22.8,22.8,station
2025-09-09,22.2,20.1,23.5,21.7,24.1,21.9,20.5,19.7,22.1,18.3,22.32,1.57,1.82,78,75,9.4,15.56,0.0,-0.9296,-0.3685,22.2,21.1,21.1,station
2025-09-10,21.5,19.9,23.6,21.9,24.6,22.0,20.5,26.3,22.2,21.0,22.3,1.84,-0.1,79,8,9.4,18.3,0.0,-0.9358,-0.3524,21.7,23.9,23.9,station
2025-09-11,22.0,18.4,23.9,20.2,24.4,21.2,18.7,27.3,21.8,21.0,21.78,2.52,-0.22,83,63,10.4,11.36,0.0,-0.9418,-0.3363,22.0,19.4,19.4,station
2025-09-12,20.7,19.2,22.2,21.2,23.3,20.8,19.5,25.1,21.9,19.3,21.32,1.55,0.0,78,80,7.8,12.94,0.0,-0.9474,-0.32,21.3,21.7,21.7,station
2025-09-13,24.1,21.9,23.3,23.5,24.8,24.5,22.5,26.0,23.9,21.0,23.52,1.08,-0.06,75,51,13.4,18.16,0.0,-0.9528,-0.3037,24.6,23.9,23.9,station
2025-09-14,18.0,15.8,17.6,17.1,16.1,19.9,16.9,16.8,18.0,15.8,16.92,0.95,-0.56,75,94,23.9,10.67,5.4,-0.9579,-0.2873,19.8,20.0,20.0,station
2025-09-15,19.5,18.9,20.7,19.5,21.5,19.6,19.1,21.3,18.9,17.5,20.02,1.05,0.74,71,15,15.4,17.88,0.0,-0.9627,-0.2707,20.2,20.6,20.6,station
2025-09-16,30.9,28.7,32.2,30.5,31.5,30.1,28.5,32.5,30.2,23.9,30.76,1.32,1.72,53,1,21.2,18.36,0.0,-0.9672,-0.2541,31.4,32.2,32.2,station
2025-09-17,24.6,22.6,22.7,23.3,24.0,23.1,22.5,28.8,22.8,21.2,23.44,0.86,-0.24,60,0,17.6,17.76,0.0,-0.9714,-0.2375,25.0,25.0,25.0,station
2025-09-18,20.5,19.8,21.1,20.6,22.4,20.5,19.9,22.9,19.8,19.2,20.88,0.97,0.42,66,16,17.1,18.09,0.0,-0.9753,-0.2207,21.0,21.7,21.7,station
2025-09-19,22.8,20.9,24.5,21.7,23.7,22.8,21.5,25.1,22.2,21.0,22.72,1.46,0.2,69,0,12.6,17.9,0.0,-0.979,-0.2039,22.5,23.9,23.9,station
2025-09-20,23.9,21.3,21.6,21.7,22.2,23.5,21.6,26.1,21.4,21.7,22.14,1.04,-0.72,70,20,17.6,17.25,0.0,-0.9824,-0.187,24.2,22.8,22.8,station
2025-09-21,19.6,17.9,16.7,18.4,19.6,19.0,17.8,21.0,18.7,17.1,18.44,1.23,-0.28,75,58,19.4,12.7,9.5,-0.9854,-0.1701,20.0,19.4,19.4,station
2025-09-22,19.1,19.5,21.3,19.9,21.3,19.3,19.9,23.0,20.2,18.8,20.22,1.03,-0.02,78,22,10.4,16.55,0.0,-0.9882,-0.1531,19.6,21.1,21.1,station
2025-09-23,21.2,21.8,24.1,22.0,23.2,21.2,22.0,23.8,22.3,20.3,22.46,1.17,0.54,74,15,13.2,16.83,0.0,-0.9907,-0.1361,21.3,23.9,23.9,station
2025-09-24,20.4,20.2,22.8,21.4,22.3,21.0,21.2,23.8,21.8,21.1,21.42,1.14,-0.36,75,2,12.4,16.43,0.0,-0.9929,-0.1191,20.2,22.2,22.2,station
2025-09-25,17.2,15.3,17.1,16.3,18.5,17.3,15.4,18.6,16.6,17.9,16.88,1.18,-0.28,78,46,10.4,12.76,0.0,-0.9948,-0.102,17.6,16.7,16.7,station
2025-09-26,20.1,20.2,19.7,18.4,20.5,20.5,19.9,19.4,19.2,19.1,19.78,0.82,0.16,73,37,10.6,15.71,0.0,-0.9964,-0.0848,20.3,20.6,20.6,station
2025-09-27,22.0,21.2,22.6,21.4,22.9,22.8,21.3,25.1,22.2,21.3,22.02,0.74,-0.52,72,77,15.5,12.47,0.0,-0.9977,-0.0677,22.1,22.8,22.8,station
2025-09-28,22.0,20.0,22.7,21.5,22.3,23.1,20.3,24.1,22.0,19.6,21.7,1.05,-0.12,77,96,13.0,14.88,0.0,-0.9987,-0.0505,23.5,20.6,20.6,station
2025-09-29,17.7,15.6,19.2,17.4,16.8,17.6,15.6,18.8,18.4,16.7,17.34,1.31,-0.08,88,98,11.6,4.56,15.9,-0.9994,-0.0333,17.4,17.2,17.2,station
2025-09-30,19.8,17.4,19.3,20.0,20.1,20.2,16.1,21.4,20.0,19.2,19.32,1.12,-0.06,80,70,21.0,11.21,5.2,-0.9999,-0.0161,20.5,20.6,20.6,station
2025-10-01,17.6,16.6,17.6,18.4,19.4,19.2,16.7,20.2,18.7,18.6,17.92,1.04,-0.76,81,54,19.1,12.19,22.7,-1.0,0.0011,18.2,18.9,18.9,station
2025-10-02,19.4,18.4,16.2,18.1,20.3,18.1,18.6,20.1,18.7,18.3,18.48,1.54,-0.28,71,53,12.6,13.02,0.2,-0.9998,0.0183,19.3,19.4,19.4,station
2025-10-03,18.4,17.0,18.6,17.8,19.3,17.9,17.6,20.1,17.7,17.5,18.22,0.87,0.06,85,74,7.5,11.76,0.0,-0.9994,0.0355,17.8,17.2,17.2,station
2025-10-04,15.5,15.4,16.5,16.0,17.9,15.7,15.7,17.6,16.1,17.0,16.26,1.02,-0.16,84,79,11.7,10.05,0.3,-0.9986,0.0527,16.3,17.2,17.2,station
2025-10-05,16.1,17.0,17.9,17.0,18.6,16.2,17.4,18.9,17.4,15.7,17.32,0.96,0.2,79,38,14.6,13.92,0.0,-0.9976,0.0698,16.0,17.2,17.2,station
2025-10-06,18.6,18.0,21.6,18.7,21.1,18.7,18.6,21.1,18.6,17.8,19.6,1.63,0.64,72,17,12.5,14.16,0.0,-0.9962,0.087,18.3,21.1,21.1,station
2025-10-07,21.8,20.4,22.4,21.5,21.9,20.9,20.1,22.5,20.2,19.7,21.6,0.74,0.92,73,8,10.1,13.82,0.0,-0.9946,0.1041,22.4,23.3,23.3,station
2025-10-08,15.7,13.6,15.1,15.0,16.2,15.4,13.9,16.2,14.6,15.4,15.12,0.98,0.02,74,40,11.9,12.89,0.2,-0.9926,0.1212,16.5,16.1,16.1,station
2025-10-09,14.0,13.4,14.7,13.0,17.1,13.3,13.1,16.3,13.5,14.8,14.44,1.62,0.24,86,99,13.5,7.22,1.7,-0.9904,0.1383,15.6,16.7,16.7,station
2025-10-10,15.3,13.4,15.0,15.2,15.6,14.6,12.9,15.6,16.3,15.3,14.9,0.87,-0.04,89,97,13.8,7.1,2.8,-0.9879,0.1553,16.2,16.1,16.1,station
2025-10-11,13.2,12.7,12.4,12.7,13.2,12.2,12.4,11.1,13.1,13.7,12.84,0.35,0.34,87,81,17.9,5.0,1.7,-0.9851,0.1722,13.3,13.9,13.9,station
2025-10-12,11.4,10.8,13.8,10.5,12.9,10.4,10.1,14.1,10.7,13.3,11.88,1.42,0.16,83,87,21.8,7.63,6.8,-0.9819,0.1892,12.0,12.8,12.8,station
2025-10-13,12.8,12.7,14.8,13.1,13.2,12.7,13.0,12.4,13.2,12.7,13.32,0.85,0.52,75,25,23.0,12.48,4.7,-0.9785,0.206,12.9,14.4,14.4,station
2025-10-14,13.8,14.6,15.1,13.9,15.6,14.0,14.9,13.7,14.1,12.7,14.6,0.77,0.72,73,5,16.6,13.13,0.0,-0.9749,0.2228,13.1,15.0,15.0,station
2025-10-15,13.8,14.8,16.2,14.7,16.0,14.7,15.4,16.8,14.8,14.7,15.1,0.99,-0.18,76,45,10.5,11.14,0.0,-0.9709,0.2396,13.8,15.6,15.6,station
2025-10-16,13.8,13.3,14.3,13.4,15.1,12.5,13.1,15.0,14.4,14.0,13.98,0.74,0.18,78,68,11.6,9.38,0.0,-0.9666,0.2562,14.0,13.9,13.9,station
2025-10-17,14.6,14.1,13.9,14.7,15.1,14.6,13.7,13.1,14.3,14.6,14.48,0.48,0.42,77,74,17.3,7.62,0.3,-0.9621,0.2728,14.7,15.0,15.0,station
2025-10-18,11.3,9.8,9.7,10.4,11.1,11.0,10.0,9.6,10.4,13.1,10.46,0.73,-0.36,89,99,12.1,3.36,9.2,-0.9572,0.2893,11.7,12.2,12.2,station
2025-10-19,14.3,13.3,12.8,14.6,12.6,14.0,12.8,14.2,14.2,12.7,13.52,0.89,-0.06,84,57,28.3,9.21,9.3,-0.9521,0.3057,14.6,15.0,15.0,station
2025-10-20,14.2,14.2,13.1,13.5,15.3,13.5,13.3,13.7,14.1,14.2,14.06,0.84,0.3,84,80,14.2,7.32,0.3,-0.9467,0.3221,14.3,14.4,14.4,station
2025-10-21,13.9,13.8,13.8,14.4,16.5,14.0,14.3,15.5,14.3,14.9,14.48,1.16,-0.12,87,42,9.2,10.27,0.0,-0.941,0.3383,13.4,15.6,15.6,station
2025-10-22,16.6,15.1,15.4,15.6,16.6,17.2,15.5,16.8,16.2,17.0,15.86,0.7,-0.68,85,57,23.3,8.67,0.4,-0.9351,0.3545,15.9,16.7,16.7,station
2025-10-23,15.7,15.3,14.6,16.0,16.0,15.7,14.9,15.1,15.3,16.8,15.52,0.59,-0.04,85,99,10.3,5.93,0.3,-0.9288,0.3705,16.3,15.6,15.6,station
2025-10-24,15.5,13.1,13.7,14.6,14.2,13.9,12.7,15.2,14.6,15.8,14.22,0.91,-0.22,89,93,24.9,0.88,35.8,-0.9223,0.3864,13.9,13.9,13.9,station
2025-10-25,12.1,11.0,11.3,12.9,12.3,12.4,11.2,11.8,12.6,12.1,11.92,0.77,-0.1,81,92,36.4,5.29,10.5,-0.9155,0.4022,13.3,12.8,12.8,station
2025-10-26,8.3,8.6,7.4,9.5,8.3,7.4,8.6,11.1,8.9,9.4,8.42,0.75,-0.66,89,69,26.7,2.65,17.5,-0.9085,0.4179,9.0,10.0,10.0,station
2025-10-27,10.8,11.1,10.0,11.7,11.7,11.0,11.1,10.9,11.8,11.7,11.06,0.71,-0.24,84,64,13.5,7.47,0.6,-0.9012,0.4335,11.5,11.7,11.7,station
2025-10-28,12.3,11.3,10.9,10.1,10.4,12.7,11.1,8.8,10.8,12.0,11.0,0.86,-0.08,76,99,15.8,2.42,6.5,-0.8936,0.4489,12.4,13.3,13.3,station
2025-10-29,13.8,13.2,12.3,13.5,13.8,14.2,13.0,13.4,13.6,12.6,13.32,0.62,-0.04,83,32,21.7,9.26,2.7,-0.8857,0.4642,14.2,14.4,14.4,station
2025-10-30,11.0,11.9,13.5,12.4,13.4,11.5,12.0,11.5,11.4,11.0,12.44,1.05,0.96,82,85,16.8,5.08,0.0,-0.8776,0.4794,10.7,10.6,10.6,station
2025-10-31,12.6,10.6,11.8,11.2,12.6,10.7,10.0,9.6,10.7,11.9,11.76,0.88,1.18,82,100,10.9,3.75,16.7,-0.8692,0.4944,12.4,12.8,12.8,station
2025-11-01,13.9,13.3,14.1,15.2,15.1,15.8,12.8,14.4,12.8,11.9,14.32,0.81,0.78,87,68,31.8,5.45,21.9,-0.8606,0.5093,15.6,15.0,15.0,station
2025-11-02,12.0,11.6,10.3,11.7,12.4,12.5,11.6,12.2,12.1,11.5,11.6,0.79,-0.38,82,72,18.4,8.41,0.1,-0.8517,0.524,12.2,12.8,12.8,station
2025-11-03,8.9,8.2,9.5,9.0,9.2,9.2,8.4,11.8,12.0,9.0,8.96,0.48,-1.12,84,100,16.9,1.71,5.3,-0.8426,0.5386,9.3,8.9,8.9,station
2025-11-04,13.6,12.1,12.3,13.5,14.2,13.8,11.6,10.9,13.2,12.5,13.14,0.9,0.74,79,95,27.4,5.96,1.1,-0.8332,0.553,14.1,13.3,13.3,station
2025-11-05,14.0,13.0,13.6,14.7,14.3,15.4,13.1,12.6,15.2,15.2,13.92,0.65,-0.38,78,98,32.9,2.64,15.8,-0.8235,0.5672,14.2,15.0,15.0,station
2025-11-06,12.4,13.0,12.0,13.4,13.2,13.0,12.8,11.7,13.6,13.3,12.8,0.58,-0.08,89,92,27.6,2.3,23.6,-0.8137,0.5813,13.8,12.8,12.8,station
2025-11-07,12.0,11.6,9.8,11.6,12.5,11.8,11.4,11.6,11.7,10.8,11.5,1.02,0.04,81,64,20.0,7.94,0.1,-0.8035,0.5952,12.2,11.7,11.7,station
2025-11-08,13.7,13.4,12.2,12.3,14.6,13.1,12.9,12.3,11.4,11.5,13.24,1.01,1.0,79,78,11.3,7.93,0.0,-0.7932,0.609,14.1,13.9,13.9,station
2025-11-09,15.6,15.1,15.1,15.7,14.8,16.7,15.2,14.8,16.0,14.0,15.26,0.38,-0.08,64,100,12.5,7.06,0.0,-0.7826,0.6225,15.0,16.7,16.7,station
2025-11-10,14.3,12.8,12.4,14.1,14.6,12.9,12.5,13.6,13.6,12.5,13.64,0.98,0.62,88,92,15.6,4.1,2.1,-0.7718,0.6359,14.4,15.0,15.0,station
2025-11-11,11.2,10.2,9.8,11.1,12.7,10.8,10.5,11.6,11.6,11.0,11.0,1.12,-0.1,89,66,10.6,7.24,0.0,-0.7607,0.6491,11.1,12.2,12.2,station
2025-11-12,12.7,11.2,12.0,10.9,12.2,13.2,11.3,11.5,11.3,13.1,11.8,0.74,-0.28,92,100,12.9,4.35,8.7,-0.7494,0.6621,12.9,12.8,12.8,station
2025-11-13,12.4,12.0,13.1,12.8,13.6,12.6,12.1,12.6,13.8,13.5,12.78,0.62,-0.14,94,97,17.9,1.91,10.6,-0.7379,0.6749,13.8,13.3,13.3,station
2025-11-14,11.3,11.6,11.1,11.6,12.5,10.3,11.6,12.6,10.1,11.3,11.62,0.54,0.44,97,96,18.7,0.78,34.7,-0.7262,0.6875,11.2,11.7,11.7,station
2025-11-15,13.6,12.8,12.7,12.5,13.3,13.1,12.8,12.3,12.7,12.2,12.98,0.45,0.36,92,96,21.2,1.43,2.2,-0.7143,0.6998,13.5,13.3,13.3,station
2025-11-16,11.8,11.9,11.2,12.6,12.0,11.3,12.2,10.8,11.8,12.0,11.9,0.5,0.28,98,100,12.6,1.59,5.5,-0.7021,0.712,12.2,12.2,12.2,station
2025-11-17,10.9,11.0,11.0,11.1,10.5,10.1,10.8,10.7,10.4,10.7,10.9,0.23,0.36,95,80,11.7,1.1,7.9,-0.6898,0.724,11.4,11.1,11.1,station
2025-11-18,9.5,8.9,8.3,8.7,9.2,9.8,8.6,8.7,9.3,8.3,8.92,0.46,-0.02,88,61,9.2,5.43,0.0,-0.6772,0.7358,9.1,8.9,8.9,station
2025-11-19,10.7,10.5,9.7,9.3,11.6,11.2,10.7,9.7,9.3,8.8,10.36,0.9,0.42,83,79,18.2,6.4,0.0,-0.6645,0.7473,11.1,11.1,11.1,station
2025-11-20,11.6,11.0,10.1,10.9,11.5,11.0,11.0,9.9,11.6,10.7,11.02,0.6,0.18,81,71,15.1,5.3,3.8,-0.6515,0.7586,11.6,11.7,11.7,station
2025-11-21,10.7,9.9,10.2,10.4,11.6,10.7,10.3,10.0,9.3,10.7,10.56,0.65,0.36,85,99,11.4,3.24,0.0,-0.6384,0.7697,10.2,11.7,11.7,station
2025-11-22,11.1,11.2,10.5,11.7,12.1,11.5,10.9,11.4,12.8,10.9,11.32,0.61,-0.18,86,100,17.1,1.3,1.0,-0.625,0.7806,10.9,11.7,11.7,station
2025-11-23,10.4,10.5,8.8,10.8,10.7,10.4,10.5,9.9,10.7,10.4,10.24,0.82,-0.14,91,96,16.8,1.69,9.0,-0.6115,0.7912,10.2,11.1,11.1,station
2025-11-24,7.6,7.5,7.0,7.6,7.8,7.4,7.6,8.5,8.6,7.9,7.5,0.3,-0.5,91,86,15.5,3.89,2.9,-0.5978,0.8016,7.9,8.3,8.3,station
2025-11-25,5.9,5.6,6.4,7.2,5.4,5.5,5.4,5.2,6.7,5.9,6.1,0.72,0.36,91,100,9.5,0.82,15.4,-0.584,0.8118,6.4,7.2,7.2,station
2025-11-26,10.0,8.8,9.1,9.0,10.2,9.6,8.2,9.5,9.7,8.9,9.42,0.63,0.24,95,100,11.1,1.4,2.4,-0.5699,0.8217,8.9,9.4,9.4,station
2025-11-27,9.4,9.3,9.9,10.8,9.4,8.7,8.6,8.6,11.2,10.4,9.76,0.63,0.26,88,98,19.6,2.32,20.7,-0.5557,0.8314,11.1,10.6,10.6,station
2025-11-28,9.6,8.8,10.4,10.1,9.5,10.2,8.9,9.4,10.2,8.7,9.68,0.61,0.2,90,74,21.7,5.98,2.0,-0.5413,0.8408,10.0,10.0,10.0,station
2025-11-29,9.0,7.5,10.1,8.6,7.5,8.2,7.4,9.0,8.6,6.2,8.54,1.1,0.66,74,73,11.4,3.73,0.2,-0.5268,0.85,7.9,7.2,7.2,station
2025-11-30,7.0,6.1,7.8,7.2,7.7,7.6,6.2,7.3,7.1,5.4,7.16,0.68,0.44,83,58,8.4,6.0,0.0,-0.5121,0.859,6.7,7.8,7.8,station
2025-12-01,6.4,5.6,6.4,5.8,6.0,7.2,6.1,7.2,6.7,4.7,6.04,0.36,-0.34,85,84,6.8,4.93,1.7,-0.4972,0.8676,6.8,7.2,7.2,station
2025-12-02,7.6,6.1,8.6,6.9,8.2,7.7,6.0,7.9,7.0,6.6,7.48,1.0,0.44,91,81,11.1,4.7,2.1,-0.4822,0.8761,8.5,8.3,8.3,station
2025-12-03,5.8,6.3,7.2,6.8,8.7,5.9,5.9,7.2,6.7,5.3,6.96,1.11,0.76,94,100,6.0,2.18,0.2,-0.4671,0.8842,6.4,7.8,7.8,station
2025-12-04,7.8,6.8,8.1,7.1,7.1,7.0,7.0,7.1,10.5,6.6,7.38,0.54,-0.26,96,100,10.8,0.64,15.3,-0.4518,0.8921,6.6,7.2,7.2,station
2025-12-05,11.7,10.7,11.1,12.5,12.4,12.0,10.4,11.3,12.5,11.5,11.68,0.79,0.14,93,99,28.5,1.67,6.4,-0.4364,0.8998,12.1,12.8,12.8,station
2025-12-06,9.9,10.2,8.6,11.1,9.9,9.7,10.1,10.6,10.7,10.4,9.94,0.9,-0.36,85,79,30.9,4.68,0.3,-0.4208,0.9071,10.6,10.6,10.6,station
2025-12-07,11.4,11.3,10.3,10.9,11.9,10.7,11.1,9.8,11.9,11.2,11.16,0.6,0.22,92,90,27.4,2.08,13.5,-0.4052,0.9142,12.0,12.2,12.2,station
2025-12-08,12.4,12.7,12.2,13.0,12.9,12.1,12.8,12.7,12.9,12.5,12.64,0.34,0.04,94,100,32.4,0.98,46.9,-0.3894,0.9211,12.9,13.3,13.3,station
2025-12-09,11.2,10.9,10.2,10.7,12.0,11.0,11.7,12.6,13.3,11.9,11.0,0.67,-1.1,89,100,18.9,2.51,9.8,-0.3735,0.9276,11.5,11.7,11.7,station
2025-12-10,13.0,13.0,12.9,14.4,13.4,13.0,12.9,13.3,14.2,12.9,13.34,0.62,0.08,95,100,34.5,0.72,51.3,-0.3575,0.9339,13.7,13.9,13.9,station
2025-12-11,12.3,12.2,12.7,13.6,12.5,12.6,12.6,12.9,13.2,12.2,12.66,0.56,-0.04,91,100,23.0,0.86,15.1,-0.3413,0.9399,13.0,12.2,12.2,station
2025-12-12,12.7,10.4,12.5,12.7,12.1,12.7,10.3,11.1,13.3,12.4,12.08,0.97,0.12,97,100,15.3,2.2,0.3,-0.3251,0.9457,12.7,12.2,12.2,station
2025-12-13,12.3,10.6,11.9,10.9,12.1,11.9,10.0,12.8,12.5,10.4,11.56,0.76,0.04,95,85,10.2,4.77,0.0,-0.3088,0.9511,12.2,10.6,10.6,station
2025-12-14,12.6,10.6,11.1,11.8,11.2,13.0,10.5,11.5,11.5,11.8,11.46,0.77,-0.2,87,100,14.9,1.21,2.6,-0.2924,0.9563,11.8,11.7,11.7,station
2025-12-15,14.2,13.0,13.6,14.5,13.7,13.8,13.3,13.3,15.0,14.0,13.8,0.58,-0.08,88,88,35.1,1.85,18.4,-0.2759,0.9612,14.4,13.9,13.9,station
2025-12-16,11.9,11.3,10.5,11.5,12.1,11.6,11.6,11.4,12.1,11.5,11.46,0.62,-0.18,92,94,29.2,2.38,12.7,-0.2593,0.9658,13.1,12.8,12.8,station
2025-12-17,10.8,10.2,10.5,11.3,9.8,10.0,10.7,12.4,8.8,10.3,10.52,0.57,0.08,80,72,36.2,4.6,9.8,-0.2427,0.9701,11.7,10.0,10.0,station
2025-12-18,11.1,10.9,10.3,11.0,11.0,11.1,10.5,8.4,10.2,11.3,10.86,0.32,0.56,90,100,28.0,0.89,15.2,-0.226,0.9741,10.7,10.0,10.0,station
2025-12-19,6.5,7.3,4.8,7.6,6.6,6.3,7.1,7.0,6.4,6.3,6.56,1.09,-0.06,85,44,22.4,3.74,1.5,-0.2092,0.9779,6.5,5.6,5.6,station
2025-12-20,6.6,7.3,5.6,8.0,6.9,5.8,7.1,6.4,7.9,6.8,6.88,0.89,0.08,87,92,21.3,3.13,3.0,-0.1923,0.9813,7.2,7.2,7.2,station
2025-12-21,7.0,7.3,6.7,8.2,6.7,9.5,6.9,8.9,8.2,6.7,7.18,0.62,-0.86,84,94,16.9,2.95,4.8,-0.1754,0.9845,8.8,8.3,8.3,station
2025-12-22,9.5,8.7,6.7,8.2,9.0,9.1,8.6,8.8,8.9,8.2,8.42,1.07,-0.3,85,66,26.3,4.3,9.4,-0.1585,0.9874,10.0,10.6,10.6,station
2025-12-23,7.1,5.7,6.4,7.1,7.7,5.4,5.5,6.7,7.2,6.5,6.8,0.77,0.54,89,83,14.7,3.32,1.7,-0.1414,0.9899,6.5,7.2,7.2,station
2025-12-24,7.7,7.8,9.9,8.2,8.2,5.5,6.3,9.0,7.1,5.8,8.36,0.89,1.62,91,69,27.6,1.68,4.7,-0.1244,0.9922,8.6,7.8,7.8,station
2025-12-25,4.8,5.7,6.7,5.5,5.5,5.1,5.8,6.4,5.9,5.5,5.64,0.68,-0.1,96,91,19.8,1.58,2.6,-0.1073,0.9942,5.4,6.1,6.1,station
2025-12-26,4.3,5.9,4.9,6.9,5.8,4.2,5.7,6.1,6.8,5.8,5.56,1.0,-0.16,91,62,25.3,2.32,4.4,-0.0902,0.9959,6.1,6.7,6.7,station
2025-12-27,4.9,4.4,3.0,5.0,4.9,4.3,4.8,4.6,5.5,4.4,4.44,0.84,-0.28,86,70,10.7,4.25,0.0,-0.073,0.9973,4.7,5.0,5.0,station
2025-12-28,4.6,4.1,5.6,5.2,5.5,4.5,4.3,5.1,5.8,3.5,5.0,0.64,0.36,86,76,6.7,4.42,0.1,-0.0559,0.9984,4.4,5.0,5.0,station
2025-12-29,6.5,5.0,8.1,7.2,6.1,5.8,5.2,5.7,7.2,4.5,6.58,1.16,0.9,82,98,11.5,4.53,0.5,-0.0387,0.9993,5.5,6.1,6.1,station
2025-12-30,8.2,5.9,8.5,7.7,7.9,8.5,6.0,6.1,8.6,5.0,7.64,1.02,0.8,76,67,10.5,5.3,0.0,-0.0215,0.9998,7.3,8.9,8.9,station
2025-12-31,6.1,5.1,8.9,6.1,7.9,6.9,5.4,7.5,8.2,4.0,6.82,1.54,0.42,84,53,9.4,5.09,0.2,-0.0043,1.0,4.7,2.8,2.8,station
2026-01-01,3.9,4.8,7.3,4.5,5.4,6.0,4.7,6.7,5.1,4.5,5.18,1.3,-0.22,88,100,8.9,0.91,2.0,0.0172,0.9999,4.3,5.6,5.6,station
2026-01-02,7.2,6.0,10.8,7.7,7.8,8.3,6.3,10.0,7.9,9.3,7.9,1.77,-0.46,98,100,11.3,1.21,10.4,0.0344,0.9994,7.1,9.4,9.4,station
2026-01-03,12.6,8.6,11.0,12.0,9.8,11.4,8.7,10.3,13.1,9.3,10.8,1.62,0.24,85,93,15.7,3.77,18.2,0.0516,0.9987,12.8,11.7,11.7,station
2026-01-04,8.7,8.0,8.0,8.6,9.0,9.2,7.8,9.3,9.3,9.1,8.46,0.44,-0.48,89,85,20.8,4.21,17.7,0.0688,0.9976,8.9,8.9,8.9,station
2026-01-05,5.6,6.6,5.9,6.8,7.3,5.1,6.8,6.1,6.7,6.0,6.44,0.69,0.3,89,93,14.2,3.51,2.8,0.0859,0.9963,7.2,6.1,6.1,station
2026-01-06,6.0,6.2,6.5,6.8,6.7,6.4,6.2,6.0,6.5,6.7,6.44,0.34,0.08,90,91,28.0,1.05,13.3,0.103,0.9947,6.2,6.7,6.7,station
2026-01-07,4.8,5.3,4.1,5.7,4.8,4.1,5.5,5.5,5.5,5.6,4.94,0.6,-0.3,90,79,21.7,2.19,5.2,0.1201,0.9928,4.9,5.6,5.6,station
2026-01-08,6.7,6.1,6.0,6.7,6.4,5.0,5.7,6.2,6.6,6.4,6.38,0.33,0.4,89,74,21.3,3.38,1.2,0.1372,0.9905,6.3,6.7,6.7,station
2026-01-09,10.1,8.7,8.3,10.3,10.3,9.8,8.3,7.2,9.9,9.1,9.54,0.96,0.68,87,97,15.3,4.35,0.1,0.1542,0.988,10.1,10.6,10.6,station
2026-01-10,8.0,8.2,9.9,8.8,8.1,9.0,7.7,9.1,10.8,7.9,8.6,0.79,-0.3,80,100,12.2,3.77,5.6,0.1712,0.9852,8.9,8.9,8.9,station
2026-01-11,8.3,8.3,10.3,7.7,8.8,7.8,8.2,7.8,8.3,7.2,8.68,0.99,0.82,94,100,15.8,1.01,27.2,0.1881,0.9821,8.4,10.0,10.0,station
2026-01-12,11.3,11.1,11.4,11.4,10.7,12.3,11.2,9.9,11.5,10.1,11.18,0.29,0.18,87,100,18.7,1.36,12.4,0.205,0.9788,11.2,11.1,11.1,station
2026-01-13,12.5,10.5,13.5,14.6,13.1,13.2,11.5,13.8,14.6,10.7,12.84,1.52,0.08,95,98,14.9,4.65,0.0,0.2218,0.9751,13.8,13.9,13.9,station
2026-01-14,10.0,7.4,10.0,11.0,11.0,8.6,6.8,11.7,9.9,8.9,9.88,1.47,0.7,98,100,8.6,3.32,0.2,0.2385,0.9711,10.3,11.1,11.1,station
2026-01-15,8.4,6.3,8.8,9.8,9.5,7.9,6.0,9.6,10.1,7.9,8.56,1.38,0.26,95,98,19.1,3.74,0.0,0.2552,0.9669,8.9,9.4,9.4,station
2026-01-16,9.4,8.4,11.6,11.0,11.4,9.1,8.2,10.9,11.2,8.7,10.36,1.4,0.74,89,46,16.7,6.57,0.0,0.2718,0.9624,8.8,11.1,11.1,station
2026-01-17,9.8,8.4,12.7,11.2,11.5,9.9,8.3,10.8,11.4,9.0,10.72,1.66,0.84,74,2,15.2,6.85,0.0,0.2883,0.9575,9.4,11.7,11.7,station
2026-01-18,8.2,7.4,11.4,9.0,9.5,8.4,7.4,10.6,9.8,7.5,9.1,1.51,0.36,76,4,10.4,6.98,0.0,0.3047,0.9524,8.2,9.4,9.4,station
2026-01-19,8.3,7.2,11.0,6.9,10.2,8.9,7.3,10.4,9.9,7.6,8.72,1.82,-0.1,76,4,9.0,7.21,0.0,0.3211,0.9471,7.9,9.4,9.4,station
2026-01-20,7.3,6.3,9.3,7.4,8.8,8.3,6.4,9.0,6.5,7.3,7.82,1.22,0.32,77,52,15.1,6.46,0.0,0.3373,0.9414,7.8,10.0,10.0,station
2026-01-21,6.2,5.7,10.1,4.5,7.7,6.7,5.2,9.1,3.4,6.0,6.84,2.15,0.76,72,16,9.9,7.36,0.0,0.3534,0.9355,6.6,6.7,6.7,station
2026-01-22,4.2,3.4,5.7,4.7,5.0,5.0,3.9,6.7,3.3,2.9,4.6,0.86,0.24,85,73,8.4,5.04,0.0,0.3695,0.9292,4.3,4.4,4.4,station
2026-01-23,5.6,6.5,7.3,7.0,6.8,6.1,6.2,7.7,6.7,4.9,6.64,0.65,0.32,76,7,15.7,7.72,0.0,0.3854,0.9227,6.1,7.2,7.2,station
2026-01-24,5.5,4.5,7.3,6.5,6.6,5.3,4.6,7.3,6.8,4.2,6.08,1.09,0.44,74,29,7.1,7.89,0.0,0.4012,0.916,5.3,6.7,6.7,station
2026-01-25,5.0,4.9,6.8,5.9,6.3,5.2,4.5,6.3,6.4,3.0,5.78,0.82,0.7,71,54,8.3,7.84,0.0,0.4169,0.9089,4.8,6.7,6.7,station
2026-01-26,8.3,6.7,7.0,8.8,7.9,8.1,6.4,7.2,9.0,5.2,7.74,0.88,0.56,68,82,6.3,5.79,0.0,0.4325,0.9016,6.8,7.8,7.8,station
2026-01-27,8.5,7.9,11.1,8.2,9.5,10.0,6.9,8.6,10.0,9.6,9.04,1.3,0.02,62,100,19.2,5.38,0.8,0.4479,0.8941,8.7,10.0,10.0,station
2026-01-28,9.0,8.6,10.0,9.7,9.3,8.9,8.8,8.3,9.2,9.8,9.32,0.55,0.32,90,100,15.5,2.2,9.9,0.4633,0.8862,8.9,10.6,10.6,station
2026-01-29,9.9,9.3,11.5,10.2,10.0,11.5,9.3,8.2,10.9,11.2,10.18,0.81,-0.04,91,100,16.6,1.61,13.4,0.4784,0.8781,11.2,10.6,10.6,station
2026-01-30,11.3,10.6,10.3,11.3,11.4,10.0,9.5,9.0,11.3,10.2,10.98,0.5,0.98,89,99,18.0,1.66,5.5,0.4935,0.8698,12.7,11.7,11.7,station
2026-01-31,13.5,12.7,13.4,12.9,13.5,14.5,12.4,12.4,13.6,13.7,13.2,0.37,-0.12,88,99,13.1,6.29,4.9,0.5084,0.8611,15.2,13.9,13.9,station
2026-02-01,10.8,10.3,10.7,11.1,12.0,10.2,10.6,10.2,11.2,11.1,10.98,0.64,0.32,85,90,19.8,5.58,18.5,0.5231,0.8523,12.1,11.1,11.1,station
2026-02-02,10.4,9.4,10.3,10.0,10.7,10.5,9.5,7.5,9.7,10.7,10.16,0.49,0.58,90,97,14.7,2.02,7.4,0.5377,0.8432,10.6,11.7,11.7,station
2026-02-03,13.6,12.3,15.2,13.1,14.2,14.2,11.6,11.9,13.3,11.1,13.68,1.1,1.26,85,98,10.1,5.65,0.1,0.5521,0.8338,13.6,11.7,11.7,station
2026-02-04,15.0,13.9,15.9,12.7,16.5,16.0,14.1,15.2,14.1,14.8,14.8,1.53,-0.04,74,81,12.4,6.0,0.0,0.5664,0.8242,15.5,16.1,16.1,station
2026-02-05,12.3,11.8,16.0,13.2,14.1,14.2,12.9,14.1,13.2,12.5,13.48,1.66,0.1,79,56,12.6,8.21,0.0,0.5805,0.8143,12.2,13.3,13.3,station
2026-02-06,14.8,12.4,12.1,14.5,14.5,15.0,12.1,14.1,14.4,12.6,13.66,1.3,0.02,77,52,12.3,8.48,0.0,0.5944,0.8042,14.1,13.9,13.9,station
2026-02-07,10.2,10.3,10.9,11.1,11.0,10.5,10.1,10.2,11.8,10.8,10.7,0.42,0.02,89,93,23.0,1.36,19.6,0.6081,0.7938,10.4,10.6,10.6,station
2026-02-08,10.2,8.9,9.2,10.6,10.0,8.2,8.3,9.1,10.6,9.8,9.78,0.71,0.58,96,95,16.3,3.57,0.5,0.6217,0.7833,8.7,8.9,8.9,station
2026-02-09,9.1,9.2,8.7,10.0,9.5,9.1,9.2,8.9,10.1,8.7,9.3,0.48,0.1,89,73,18.7,6.55,4.0,0.6351,0.7725,9.6,10.0,10.0,station
2026-02-10,10.0,10.4,9.9,10.9,11.4,10.4,10.3,10.2,11.2,9.9,10.52,0.63,0.12,86,27,14.8,9.92,0.0,0.6483,0.7614,10.6,12.2,12.2,station
2026-02-11,9.5,9.8,10.3,9.7,11.7,9.4,9.8,10.3,9.8,8.9,10.2,0.89,0.56,88,66,15.3,9.65,0.0,0.6613,0.7502,9.2,10.6,10.6,station
2026-02-12,11.1,10.4,9.2,10.4,11.1,11.1,10.3,11.5,10.4,9.8,10.44,0.78,-0.18,86,67,11.7,9.56,0.0,0.6741,0.7387,11.4,11.1,11.1,station
2026-02-13,7.6,7.1,8.7,7.6,7.9,7.8,7.1,9.2,9.2,8.9,7.78,0.59,-0.66,91,100,14.8,1.75,11.9,0.6867,0.727,8.0,8.3,8.3,station
2026-02-14,7.8,7.3,7.0,7.5,8.5,7.9,7.1,7.9,8.0,7.2,7.62,0.57,0.0,84,87,13.2,8.94,0.3,0.6991,0.715,8.2,8.9,8.9,station
2026-02-15,7.0,7.5,7.1,7.3,9.6,7.0,7.3,6.3,7.5,6.9,7.7,1.08,0.7,81,51,17.2,11.03,0.0,0.7113,0.7029,7.5,7.8,7.8,station
2026-02-16,5.3,4.9,4.5,5.2,4.6,5.0,4.9,4.3,4.9,5.4,4.9,0.35,0.0,88,72,18.8,6.25,2.1,0.7233,0.6906,6.5,5.0,5.0,station
2026-02-17,5.6,5.8,5.0,6.4,6.8,6.1,5.7,7.3,6.4,6.5,5.92,0.7,-0.48,83,71,9.0,10.56,4.7,0.735,0.678,6.3,7.8,7.8,station
2026-02-18,5.2,4.2,5.4,5.3,4.4,3.4,4.5,4.5,6.4,6.1,4.9,0.56,-0.08,86,86,9.8,8.63,19.8,0.7466,0.6653,5.0,5.0,5.0,station
2026-02-19,1.6,3.8,4.7,3.4,4.8,2.7,4.4,3.2,3.3,4.5,3.66,1.3,0.04,78,94,16.9,6.16,1.4,0.7579,0.6523,3.5,5.0,5.0,station
2026-02-20,4.9,5.3,6.5,5.7,6.7,3.0,5.3,5.2,5.0,5.5,5.82,0.77,1.02,77,99,9.8,5.02,0.1,0.769,0.6392,5.2,5.6,5.6,station
2026-02-21,7.6,5.9,7.8,7.2,5.5,7.6,6.4,8.7,8.7,10.0,6.8,1.04,-1.48,62,93,26.4,2.6,5.6,0.7799,0.6259,7.5,8.9,8.9,station
2026-02-22,9.9,9.3,10.4,10.5,9.4,10.9,9.4,6.3,11.2,11.5,9.9,0.55,0.04,71,96,26.5,5.18,9.3,0.7906,0.6124,11.5,10.6,10.6,station
2026-02-23,8.8,7.6,7.0,8.4,9.6,8.9,7.2,7.6,8.5,8.6,8.28,1.02,0.12,87,100,20.2,3.91,13.4,0.801,0.5987,8.3,8.9,8.9,station
2026-02-24,8.0,5.9,5.7,7.6,8.6,8.2,7.6,5.8,6.0,7.4,7.16,1.29,0.16,86,70,17.7,5.08,0.1,0.8112,0.5848,7.7,8.3,8.3,station
2026-02-25,10.0,9.5,8.0,10.5,10.9,9.8,9.2,10.2,10.5,9.4,9.78,1.13,-0.04,82,61,21.0,8.74,0.2,0.8211,0.5708,9.8,10.6,10.6,station
2026-02-26,10.3,10.2,7.8,10.8,12.0,10.4,10.0,10.6,10.7,9.5,10.22,1.53,-0.02,74,74,24.2,7.79,0.0,0.8308,0.5566,10.6,11.7,11.7,station
2026-02-27,10.8,11.0,8.2,10.7,12.1,10.6,10.5,11.0,10.7,10.2,10.56,1.43,-0.04,77,65,19.9,8.88,0.5,0.8402,0.5422,10.6,10.6,10.6,station
2026-02-28,9.6,10.0,8.5,10.0,11.4,8.9,9.9,10.1,9.4,9.7,9.9,1.04,0.3,80,89,17.8,12.98,0.0,0.8495,0.5277,9.7,10.6,10.6,station
2026-03-01,11.8,10.6,12.5,12.2,14.1,11.3,11.0,12.6,11.5,11.3,12.24,1.27,0.7,84,36,14.2,13.57,0.0,0.8584,0.513,10.9,13.3,13.3,station
2026-03-02,13.7,13.0,12.5,14.1,14.3,13.7,12.5,14.4,14.2,13.6,13.52,0.76,-0.16,86,35,8.6,12.99,0.0,0.8671,0.4981,13.4,13.9,13.9,station
2026-03-03,11.0,11.0,10.5,11.5,11.5,10.3,10.7,10.3,11.3,10.6,11.1,0.42,0.46,92,100,15.1,5.29,4.8,0.8755,0.4831,11.8,11.7,11.7,station
2026-03-04,10.7,9.3,10.0,11.0,12.3,11.6,9.7,11.3,11.7,11.4,10.66,1.13,-0.48,89,79,22.4,7.41,18.0,0.8837,0.468,12.5,10.6,10.6,station
2026-03-05,9.6,9.8,8.5,10.1,11.3,9.1,9.5,9.5,9.9,9.3,9.86,1.01,0.4,79,80,14.0,8.95,0.3,0.8916,0.4527,10.7,10.6,10.6,station
2026-03-06,8.9,9.4,9.4,9.6,9.0,9.3,9.3,8.1,9.8,9.4,9.26,0.3,0.08,91,100,19.5,3.55,8.8,0.8993,0.4373,10.2,10.0,10.0,station
2026-03-07,11.5,11.5,11.5,11.1,10.9,11.1,11.3,9.6,11.4,10.5,11.3,0.28,0.52,88,96,26.7,6.57,0.6,0.9067,0.4218,12.6,12.2,12.2,station
2026-03-08,11.3,10.1,9.6,11.9,10.9,11.4,9.6,9.7,12.2,11.4,10.76,0.92,-0.1,79,66,25.0,10.12,4.7,0.9138,0.4061,12.2,11.7,11.7,station
2026-03-09,7.1,6.0,4.7,7.6,7.8,7.2,6.1,7.9,7.2,6.9,6.64,1.29,-0.42,79,37,24.5,13.15,0.5,0.9207,0.3904,7.2,7.2,7.2,station
2026-03-10,6.2,5.8,5.0,6.6,7.0,5.9,6.9,7.5,5.8,6.6,6.12,0.77,-0.42,80,52,21.6,11.44,1.8,0.9272,0.3745,8.4,8.9,8.9,station
2026-03-11,10.6,10.0,9.6,11.5,10.1,10.1,9.1,10.1,10.7,10.4,10.36,0.73,0.28,93,100,41.7,2.52,27.0,0.9335,0.3585,10.9,10.6,10.6,station
2026-03-12,7.9,9.1,5.6,8.3,8.0,8.5,8.4,6.5,9.0,10.0,7.78,1.31,-0.7,87,100,34.6,1.86,10.0,0.9396,0.3424,9.1,8.3,8.3,station
2026-03-13,4.1,2.7,3.0,3.3,3.5,4.4,2.9,3.3,3.9,3.1,3.32,0.53,-0.2,100,100,6.0,3.65,30.9,0.9453,0.3261,1.5,1.7,1.7,station
2026-03-14,5.7,7.4,6.3,6.7,7.9,7.4,7.6,5.2,7.5,6.9,6.8,0.87,-0.12,85,86,10.0,14.99,1.7,0.9508,0.3098,5.8,7.2,7.2,station
2026-03-15,7.0,6.0,7.5,5.8,9.9,5.4,6.5,5.9,5.4,5.7,7.24,1.64,1.46,76,100,11.4,5.93,1.6,0.956,0.2934,7.5,8.9,8.9,station
2026-03-16,12.9,12.1,11.3,11.5,10.8,11.4,11.8,12.7,11.3,10.7,11.72,0.81,0.14,88,98,16.5,3.56,2.4,0.9609,0.2769,13.8,12.8,12.8,station
2026-03-17,11.0,10.5,11.4,10.7,11.4,10.6,10.4,10.9,10.7,11.4,11.0,0.41,0.2,93,100,20.1,3.22,29.0,0.9655,0.2604,12.5,11.7,11.7,station
2026-03-18,14.5,12.1,12.2,12.4,11.6,12.8,12.0,10.5,12.3,11.8,12.56,1.12,0.68,93,100,19.8,5.26,12.8,0.9698,0.2437,14.6,13.3,13.3,station
2026-03-19,11.9,10.9,13.8,11.9,12.2,13.0,11.8,10.9,12.2,12.1,12.14,1.05,0.14,96,100,12.4,3.68,9.8,0.9739,0.227,12.4,12.2,12.2,station
2026-03-20,12.7,11.8,11.5,13.1,12.8,12.7,11.5,11.6,13.7,12.0,12.38,0.69,0.08,88,95,22.7,7.2,15.4,0.9777,0.2102,13.5,13.9,13.9,station
2026-03-21,9.6,9.7,8.2,9.6,11.3,8.9,9.8,8.2,9.4,8.6,9.68,1.1,0.7,73,65,14.2,11.85,0.3,0.9811,0.1934,10.1,10.6,10.6,station
2026-03-22,10.2,11.2,7.6,10.4,12.3,10.6,11.4,10.0,11.2,10.1,10.34,1.74,-0.32,76,61,13.5,13.75,0.0,0.9843,0.1765,9.8,11.1,11.1,station
2026-03-23,9.2,8.6,9.6,10.3,12.6,10.1,8.7,10.6,8.5,10.1,10.06,1.55,0.46,76,90,12.0,11.77,0.0,0.9872,0.1595,9.1,10.0,10.0,station
2026-03-24,12.2,11.4,12.1,12.6,11.7,11.2,11.0,9.6,11.4,11.3,12.0,0.46,1.1,88,82,27.5,4.13,20.1,0.9898,0.1425,12.2,12.2,12.2,station
2026-03-25,9.4,9.5,6.9,9.3,10.8,9.0,9.1,9.1,8.7,7.3,9.18,1.41,0.54,79,38,23.2,12.14,2.9,0.9921,0.1255,10.5,10.6,10.6,station
2026-03-26,11.0,11.5,8.4,10.4,11.9,10.9,11.4,10.7,10.7,9.8,10.64,1.37,-0.06,70,11,9.6,18.4,0.0,0.9941,0.1084,11.0,11.1,11.1,station
2026-03-27,12.2,12.9,10.6,12.7,14.5,11.9,12.5,12.0,11.7,10.8,12.58,1.4,0.8,66,69,13.1,19.42,0.0,0.9958,0.0913,12.6,14.4,14.4,station
2026-03-28,12.1,11.6,11.4,11.9,12.9,12.7,11.2,12.9,11.2,11.7,11.98,0.58,0.04,72,74,11.8,15.51,0.0,0.9972,0.0741,13.9,12.8,12.8,station
2026-03-29,5.8,6.8,6.9,10.2,6.4,9.0,7.0,9.2,9.0,7.4,7.22,1.72,-1.1,85,96,16.4,5.95,4.8,0.9984,0.057,8.3,7.8,7.8,station
2026-03-30,8.6,9.2,7.5,9.2,10.9,8.4,9.3,9.5,9.4,8.1,9.08,1.23,0.14,78,65,15.0,19.58,0.0,0.9992,0.0398,8.6,10.0,10.0,station
2026-03-31,13.3,12.7,11.0,12.4,13.7,12.7,13.3,13.0,13.6,11.0,12.62,1.04,-0.1,69,89,12.9,16.03,0.6,0.9997,0.0226,13.7,13.3,13.3,station
2026-04-01,9.0,9.4,10.2,8.8,9.8,9.2,9.0,7.5,10.0,8.9,9.44,0.57,0.52,92,89,24.8,3.44,19.1,1.0,0.0054,9.6,9.4,9.4,station
2026-04-02,11.3,10.6,8.9,11.8,11.6,11.7,10.3,12.0,11.9,11.4,10.84,1.18,-0.62,76,69,22.6,14.39,0.9,0.9999,-0.0118,12.0,11.7,11.7,station
2026-04-03,13.3,14.0,10.9,12.8,12.2,12.2,13.9,13.5,12.4,12.1,12.64,1.18,-0.18,71,79,10.6,13.66,0.0,0.9996,-0.029,14.0,13.9,13.9,station
2026-04-04,15.0,15.8,14.5,15.5,14.7,14.7,15.8,15.6,15.5,14.4,15.1,0.54,-0.1,78,55,15.0,20.46,0.0,0.9989,-0.0462,14.9,17.2,17.2,station
2026-04-05,16.9,17.4,18.6,17.1,22.1,16.9,18.6,17.4,17.6,16.0,18.42,2.16,1.12,79,98,13.7,17.79,0.0,0.998,-0.0634,16.6,19.4,19.4,station
2026-04-06,20.5,18.9,18.5,15.4,23.0,20.8,20.6,21.2,19.8,18.1,19.26,2.79,-0.84,78,52,8.4,18.13,0.0,0.9968,-0.0805,21.3,22.2,22.2,station
2026-04-07,11.4,11.8,11.9,11.0,14.8,11.5,10.8,13.9,12.8,12.2,12.18,1.51,-0.06,73,71,8.4,13.43,0.0,0.9952,-0.0977,12.3,12.8,12.8,station
2026-04-08,13.7,15.2,14.7,9.8,17.0,13.3,14.0,16.5,14.4,14.3,14.08,2.68,-0.42,67,1,11.6,22.25,0.0,0.9934,-0.1148,14.4,16.1,16.1,station
2026-04-09,15.8,16.8,17.6,10.4,19.5,15.8,15.9,17.3,16.9,16.4,16.02,3.42,-0.44,71,7,13.4,22.47,0.0,0.9913,-0.1319,16.5,18.9,18.9,station
2026-04-10,18.5,18.6,20.5,,22.9,20.5,16.9,20.6,18.9,18.6,20.12,2.07,1.02,74,88,9.6,16.63,0.3,0.9889,-0.1489,19.9,20.0,20.0,station
2026-04-11,12.5,11.9,12.4,,13.2,13.1,11.6,12.2,12.1,12.7,12.5,0.54,0.16,85,90,14.0,7.47,3.7,0.9861,-0.1659,13.0,12.2,12.2,station
2026-04-12,14.9,14.3,14.2,,16.2,14.5,15.1,14.4,15.4,15.4,14.9,0.92,-0.06,86,99,14.5,12.63,0.5,0.9831,-0.1828,14.9,13.3,13.3,station
2026-04-13,12.7,11.7,11.1,12.1,13.9,12.0,11.4,10.8,13.3,11.6,12.3,1.07,0.48,73,90,20.2,8.91,1.6,0.9799,-0.1997,12.6,12.8,12.8,station
2026-04-14,8.0,8.8,8.3,8.7,8.7,8.4,9.0,10.0,9.1,8.1,8.5,0.34,-0.42,87,98,30.9,3.99,19.8,0.9763,-0.2165,8.2,8.3,8.3,station
2026-04-15,9.2,7.3,7.1,9.5,9.1,8.4,7.2,9.3,9.3,8.4,8.44,1.14,-0.08,83,96,19.6,15.29,13.1,0.9724,-0.2333,9.1,8.9,8.9,station
2026-04-16,12.4,11.9,10.5,11.8,13.4,12.8,11.4,12.8,12.1,12.5,12.0,1.05,-0.32,77,50,19.3,21.68,0.4,0.9683,-0.25,12.5,12.8,12.8,station
2026-04-17,11.4,12.8,11.5,11.9,14.7,11.6,13.1,13.9,12.1,12.6,12.46,1.37,-0.2,73,70,11.1,18.24,0.1,0.9638,-0.2666,11.9,12.8,12.8,station
2026-04-18,18.4,18.7,17.3,18.0,20.8,18.3,18.5,19.9,18.4,17.4,18.64,1.32,0.14,66,88,8.7,22.77,0.0,0.9591,-0.2831,19.9,20.0,20.0,station
2026-04-19,18.7,19.7,22.2,20.3,24.1,19.6,20.5,19.8,20.4,19.8,21.0,2.15,0.98,70,87,15.2,20.53,0.0,0.9541,-0.2996,19.8,23.3,23.3,station
2026-04-20,19.3,19.9,22.4,20.3,23.6,20.4,19.8,23.5,19.6,19.7,21.1,1.82,0.5,65,91,15.7,17.78,0.0,0.9488,-0.316,21.0,21.1,21.1,station
2026-04-21,14.1,12.7,12.9,13.5,18.5,13.9,13.2,13.1,13.5,16.8,14.34,2.39,0.24,77,96,17.2,13.65,1.3,0.9432,-0.3322,15.3,14.4,14.4,station
2026-04-22,13.9,12.3,12.7,12.6,14.3,13.3,12.2,10.7,12.4,14.6,13.16,0.88,0.52,86,91,18.8,6.28,12.6,0.9373,-0.3484,13.3,11.1,11.1,station
2026-04-23,14.8,13.5,14.2,14.8,17.8,15.4,13.4,13.6,15.5,15.2,15.02,1.64,0.4,74,63,14.9,13.8,0.0,0.9312,-0.3645,14.0,13.9,13.9,station
2026-04-24,14.7,16.2,13.7,16.5,17.0,15.2,16.5,17.9,16.7,15.1,15.62,1.37,-0.66,66,13,18.3,24.61,0.0,0.9248,-0.3804,15.1,17.2,17.2,station
2026-04-25,16.0,17.7,16.0,17.2,18.7,15.9,17.8,19.2,17.1,15.7,17.12,1.16,-0.02,60,5,12.3,25.65,0.0,0.9181,-0.3963,16.5,17.8,17.8,station
2026-04-26,17.6,18.4,18.2,18.7,21.3,17.7,18.6,21.1,18.2,17.5,18.84,1.43,0.22,62,2,11.5,24.78,0.1,0.9112,-0.412,18.9,19.4,19.4,station
2026-04-27,14.6,13.7,15.9,16.5,17.9,15.1,13.8,12.9,16.5,16.7,15.72,1.64,0.72,80,76,18.3,10.59,1.6,0.9039,-0.4276,13.6,13.3,13.3,station
2026-04-28,12.9,13.3,13.2,14.1,16.6,13.1,13.2,13.7,14.8,14.5,14.02,1.51,0.16,77,86,12.9,10.87,0.6,0.8965,-0.4431,13.4,12.8,12.8,station
2026-04-29,16.2,17.8,18.4,17.0,20.8,16.4,17.9,18.9,17.1,17.2,18.04,1.75,0.54,75,10,11.7,24.86,0.0,0.8887,-0.4585,16.8,18.3,18.3,station
2026-04-30,20.3,21.0,23.0,20.9,24.3,19.6,20.9,20.6,21.2,19.7,21.9,1.68,1.5,73,52,10.5,23.29,0.0,0.8807,-0.4737,21.1,23.3,23.3,station
2026-05-01,20.0,19.7,21.0,21.1,24.2,19.3,18.5,21.5,18.7,18.9,21.2,1.78,1.82,71,95,13.1,23.68,0.0,0.8724,-0.4888,20.8,21.7,21.7,station
2026-05-02,20.3,20.1,22.8,22.3,24.3,19.6,20.7,21.2,22.2,20.1,21.96,1.77,1.2,74,63,17.9,24.42,0.9,0.8639,-0.5037,20.9,23.3,23.3,station
2026-05-03,24.2,24.0,26.9,24.9,27.4,24.0,24.1,25.9,25.0,23.6,25.48,1.57,0.96,61,8,12.8,25.95,0.0,0.8551,-0.5185,24.6,26.7,26.7,station
2026-05-04,25.4,22.9,25.8,25.2,27.7,26.2,22.5,26.4,25.4,24.6,25.4,1.71,0.38,63,56,13.6,25.72,0.0,0.846,-0.5331,25.7,25.0,25.0,station
2026-05-05,22.2,19.1,22.2,21.3,24.8,23.2,18.6,25.2,21.5,24.2,21.92,2.05,-0.62,75,41,12.3,19.66,0.0,0.8367,-0.5476,20.9,16.7,16.7,station
2026-05-06,18.9,14.9,20.1,16.9,21.5,21.0,15.3,20.8,19.4,21.3,18.46,2.61,-1.1,74,79,15.5,16.17,0.0,0.8272,-0.5619,17.2,13.9,13.9,station
2026-05-07,17.6,16.1,18.1,17.4,19.4,18.2,16.4,20.9,16.7,17.6,17.72,1.19,-0.24,68,82,9.1,20.13,0.0,0.8174,-0.5761,18.2,17.2,17.2,station
2026-05-08,16.8,16.2,16.4,15.5,18.7,16.6,16.6,20.9,15.6,17.4,16.72,1.2,-0.7,65,77,18.7,18.15,0.0,0.8074,-0.59,17.7,16.1,16.1,station
2026-05-09,20.4,20.0,20.4,19.2,22.1,19.9,20.1,22.2,18.8,18.8,20.42,1.06,0.46,63,78,9.7,21.77,0.0,0.7971,-0.6038,20.0,20.6,20.6,station
2026-05-10,19.6,17.2,19.6,18.5,20.5,19.6,16.9,21.9,18.0,18.2,19.08,1.27,0.16,67,88,17.7,16.18,0.0,0.7866,-0.6175,20.7,18.9,18.9,station
2026-05-11,20.3,19.7,20.3,19.9,21.7,19.7,19.6,21.3,19.3,18.4,20.38,0.78,0.72,58,36,16.0,26.85,0.0,0.7759,-0.6309,21.2,21.7,21.7,station
2026-05-12,28.1,24.4,27.6,25.0,27.9,25.9,24.2,29.5,22.5,23.3,26.6,1.76,1.52,56,78,20.2,25.24,0.9,0.7649,-0.6442,28.6,27.2,27.2,station
2026-05-13,15.4,13.5,13.1,16.6,13.4,15.1,14.0,17.1,15.8,15.8,14.4,1.53,-1.16,81,80,29.7,11.58,8.8,0.7537,-0.6572,16.4,13.9,13.9,station
2026-05-14,13.8,13.3,15.5,16.8,15.7,14.9,13.2,18.4,16.5,14.5,15.02,1.44,-0.48,72,70,20.2,17.56,1.7,0.7423,-0.6701,15.3,16.1,16.1,station
2026-05-15,10.2,9.9,10.9,10.6,11.4,11.2,10.2,13.2,11.0,11.8,10.6,0.59,-0.88,83,77,22.0,11.47,5.1,0.7306,-0.6828,10.7,10.0,10.0,station
2026-05-16,13.0,10.7,11.1,12.0,14.5,11.2,11.1,13.2,12.4,13.8,12.26,1.53,-0.08,83,72,16.9,18.21,11.8,0.7188,-0.6952,13.0,14.4,14.4,station
2026-05-17,15.4,16.6,16.5,16.3,17.8,15.4,16.2,17.3,16.5,15.4,16.52,0.86,0.36,77,56,9.9,21.8,0.0,0.7067,-0.7075,15.6,16.1,16.1,station
2026-05-18,16.8,17.8,18.6,17.8,20.1,17.2,18.2,20.3,18.5,17.7,18.22,1.23,-0.16,70,75,8.4,24.99,0.0,0.6945,-0.7195,18.6,18.9,18.9,station
2026-05-19,18.3,17.1,17.5,16.3,19.3,17.7,17.3,14.6,16.5,17.8,17.7,1.15,0.92,77,93,8.7,15.38,0.6,0.682,-0.7314,17.4,17.2,17.2,station
2026-05-20,17.5,19.1,19.4,18.8,21.5,17.0,19.2,19.0,19.0,18.2,19.26,1.45,0.78,74,76,11.0,19.35,0.0,0.6693,-0.743,18.4,19.4,19.4,station
2026-05-21,21.1,21.7,23.5,21.1,23.8,21.2,22.4,23.4,22.2,22.2,22.24,1.31,-0.04,65,15,11.9,28.49,0.0,0.6564,-0.7544,22.7,24.4,24.4,station
2026-05-22,22.5,22.2,22.8,23.1,25.2,21.9,21.9,23.8,22.5,22.6,23.16,1.19,0.62,61,28,14.6,28.61,0.0,0.6433,-0.7656,25.2,24.4,24.4,station
2026-05-23,21.8,19.0,22.2,19.0,22.9,21.0,19.8,23.4,20.0,20.3,20.98,1.85,0.08,71,81,14.9,18.74,0.1,0.6301,-0.7765,20.4,18.3,18.3,station
2026-05-24,20.9,19.6,20.8,19.8,22.6,20.6,19.5,21.9,20.9,20.5,20.74,1.19,0.06,61,77,10.9,27.72,0.0,0.6166,-0.7873,22.0,22.2,22.2,station
2026-05-25,14.9,14.1,16.7,14.4,15.8,15.5,13.6,16.0,14.3,17.8,15.18,1.07,-0.26,63,92,14.7,13.13,3.6,0.603,-0.7978,16.8,15.0,15.0,station
2026-05-26,15.9,15.2,15.9,15.9,18.1,15.6,15.3,13.9,14.6,16.1,16.2,1.1,1.1,81,72,13.2,14.47,1.4,0.5892,-0.808,16.0,16.1,16.1,station
2026-05-27,20.7,20.6,22.9,20.8,24.0,21.2,20.7,22.7,21.1,20.5,21.8,1.56,0.56,68,6,15.2,28.62,0.0,0.5752,-0.818,21.8,23.3,23.3,station
2026-05-28,25.0,23.2,25.6,23.9,27.6,24.7,22.5,26.7,24.8,24.2,25.06,1.7,0.48,58,35,19.7,28.02,0.0,0.561,-0.8278,28.6,26.1,26.1,station
2026-05-29,15.5,14.7,15.9,13.9,16.0,15.1,14.4,13.7,13.5,14.2,15.2,0.89,1.02,81,96,18.0,8.92,13.1,0.5467,-0.8373,15.5,15.0,15.0,station
2026-05-30,16.0,16.4,15.6,16.4,18.3,16.1,16.0,18.6,16.5,15.6,16.54,1.04,-0.02,63,72,14.0,21.89,0.3,0.5322,-0.8466,16.3,17.2,17.2,station
2026-05-31,17.9,19.3,18.8,18.3,20.5,17.8,19.1,18.8,18.2,18.3,18.96,1.01,0.52,55,6,13.4,29.58,0.0,0.5176,-0.8556,19.0,19.4,19.4,station
2026-06-01,21.8,21.9,23.8,22.2,24.8,22.1,22.1,23.7,22.4,21.0,22.9,1.33,0.64,47,50,14.2,29.14,0.0,0.5028,-0.8644,24.0,24.4,24.4,station
2026-06-02,28.5,26.4,27.4,28.2,30.0,28.1,26.6,31.7,27.6,26.9,28.1,1.34,-0.08,45,36,13.5,30.56,0.0,0.4878,-0.8729,30.4,29.4,29.4,station
2026-06-03,21.8,18.4,18.6,19.3,19.9,19.7,17.6,22.4,17.9,21.9,19.6,1.37,-0.3,50,81,18.5,17.74,0.8,0.4728,-0.8812,21.8,19.4,19.4,station
2026-06-04,20.6,18.5,17.9,19.2,22.4,20.3,18.2,22.7,19.3,19.9,19.72,1.8,-0.36,58,62,19.5,21.33,0.0,0.4575,-0.8892,20.9,20.0,20.0,station
2026-06-05,16.8,14.9,14.7,16.7,16.7,16.7,14.4,16.0,17.6,17.1,15.96,1.06,-0.4,62,70,21.8,21.42,2.3,0.4422,-0.8969,16.5,16.7,16.7,station
2026-06-06,13.8,12.4,13.6,13.8,15.3,11.8,12.3,13.1,13.7,15.7,13.78,1.03,0.46,77,67,13.9,20.71,7.7,0.4267,-0.9044,15.5,16.7,16.7,station
2026-06-07,17.0,17.0,17.4,17.5,19.9,17.3,16.8,18.9,17.2,17.2,17.76,1.22,0.28,71,68,15.0,20.89,0.2,0.4111,-0.9116,16.8,18.3,18.3,station
2026-06-08,14.9,14.9,15.0,13.6,15.7,15.5,14.1,17.3,14.0,17.3,14.82,0.76,-0.82,84,91,13.4,6.79,14.6,0.3953,-0.9185,15.1,16.1,16.1,station
2026-06-09,16.2,15.1,13.9,16.7,17.3,16.3,14.4,17.9,17.0,14.0,15.84,1.35,-0.08,79,59,29.2,25.62,14.7,0.3795,-0.9252,16.2,17.2,17.2,station
2026-06-10,17.7,17.2,17.8,17.3,19.1,18.1,16.9,18.1,18.2,18.0,17.82,0.76,-0.04,70,57,19.7,23.19,0.3,0.3635,-0.9316,18.3,18.9,18.9,station
2026-06-11,20.0,21.0,20.6,19.3,23.3,19.7,20.9,23.4,19.3,21.5,20.84,1.52,-0.12,67,6,12.0,30.76,0.0,0.3474,-0.9377,21.7,22.2,22.2,station
2026-06-12,20.4,21.9,21.9,21.6,25.1,20.2,22.4,22.1,20.6,22.8,22.18,1.75,0.56,63,33,14.2,30.55,0.0,0.3312,-0.9436,22.3,23.3,23.3,station
2026-06-13,25.2,25.2,26.8,25.5,29.4,24.3,25.2,27.1,25.1,27.7,26.42,1.79,0.54,54,11,17.3,30.82,0.0,0.3149,-0.9491,27.0,27.8,27.8,station
2026-06-14,29.1,27.6,30.2,28.7,32.4,29.0,27.7,31.3,28.0,30.5,29.6,1.82,0.3,47,41,15.3,30.62,0.0,0.2986,-0.9544,31.2,31.1,31.1,station
2026-06-15,30.7,27.5,31.4,30.6,34.2,30.6,27.7,32.7,30.7,31.3,30.88,2.39,0.28,48,72,16.1,28.3,0.0,0.2821,-0.9594,34.1,31.7,31.7,station
2026-06-16,22.6,21.5,21.4,20.8,25.6,23.8,21.7,25.0,21.1,26.3,22.38,1.91,-1.2,45,28,14.2,27.65,0.0,0.2656,-0.9641,25.4,25.0,25.0,station
2026-06-17,22.7,20.7,22.9,22.2,24.8,21.9,20.6,24.6,21.9,24.2,22.66,1.47,0.02,56,21,11.4,27.15,0.0,0.2489,-0.9685,24.2,22.2,22.2,station
2026-06-18,24.1,23.0,24.4,23.4,26.0,23.9,22.7,26.1,23.8,24.8,24.18,1.16,-0.08,53,21,16.1,31.1,0.0,0.2322,-0.9727,25.7,25.6,25.6,station
2026-06-19,27.3,25.0,27.2,25.5,28.7,25.7,25.3,30.2,26.1,25.4,26.74,1.49,0.2,50,36,16.0,27.32,0.0,0.2155,-0.9765,28.7,27.2,27.2,station
2026-06-20,23.0,19.0,24.3,20.9,24.8,23.2,19.5,25.4,20.9,24.3,22.4,2.43,-0.26,59,41,18.0,24.44,0.2,0.1986,-0.9801,22.1,21.7,21.7,station
2026-06-21,24.0,23.1,25.2,23.5,26.8,24.9,22.7,27.1,23.9,25.4,24.52,1.5,-0.28,58,30,11.2,28.98,0.0,0.1818,-0.9833,24.9,25.0,25.0,station
2026-06-22,27.6,26.3,27.9,27.0,29.5,27.8,26.6,28.8,27.5,27.2,27.66,1.2,0.08,50,11,16.1,30.8,0.0,0.1648,-0.9863,29.1,29.4,29.4,station
2026-06-23,30.0,27.4,31.6,28.2,31.2,29.2,27.5,31.9,29.0,27.8,29.68,1.84,0.6,38,65,13.1,26.49,0.0,0.1478,-0.989,32.4,31.7,31.7,station
2026-06-24,30.6,26.7,29.2,29.2,32.8,30.6,27.3,28.3,28.9,29.9,29.7,2.23,0.7,43,44,14.5,29.54,0.0,0.1308,-0.9914,32.2,30.0,30.0,station
2026-06-25,19.4,16.9,21.3,18.1,19.3,19.6,17.5,24.0,19.1,20.8,19.0,1.64,-1.2,67,89,14.2,10.88,0.0,0.1137,-0.9935,20.0,17.8,17.8,station
2026-06-26,18.7,17.4,17.0,19.6,20.7,19.3,17.2,21.2,18.1,17.7,18.68,1.53,-0.02,77,75,19.8,16.89,3.7,0.0966,-0.9953,18.2,17.8,17.8,station
2026-06-27,18.7,17.5,18.4,18.0,20.5,18.5,17.7,21.1,18.4,18.3,18.62,1.14,-0.18,71,82,15.9,22.08,1.3,0.0795,-0.9968,19.3,20.6,20.6,station
2026-06-28,20.0,18.9,19.6,18.9,21.5,19.0,18.5,17.6,18.9,19.8,19.78,1.07,1.02,74,87,13.7,16.81,0.3,0.0623,-0.9981,19.8,19.4,19.4,station
2026-06-29,19.5,17.9,20.7,18.5,21.5,19.9,18.0,20.7,17.1,19.2,19.62,1.49,0.64,73,91,11.8,12.61,0.0,0.0451,-0.999,19.2,17.2,17.2,station
2026-06-30,18.5,16.8,19.5,17.1,19.1,18.7,16.7,21.1,17.6,18.3,18.2,1.2,-0.28,71,90,13.6,13.58,0.1,0.028,-0.9996,17.6,17.8,17.8,station
2026-07-01,19.4,17.7,19.3,18.2,20.6,19.9,17.4,18.4,17.9,18.0,19.04,1.13,0.72,69,79,10.9,15.07,0.0,0.0108,-0.9999,19.0,17.2,17.2,station
2026-07-02,17.1,16.2,21.8,15.8,20.7,17.5,15.3,24.0,16.7,18.6,18.32,2.74,-0.1,74,86,15.6,13.37,1.4,-0.0065,-1.0,20.2,18.3,18.3,station
2026-07-03,23.1,21.5,21.8,23.1,24.1,21.8,20.8,25.3,22.6,21.2,22.72,1.06,0.38,70,77,14.6,19.76,0.6,-0.0237,-0.9997,23.7,22.2,22.2,station
2026-07-04,22.3,20.5,21.2,20.1,23.2,22.1,21.0,26.0,21.0,21.1,21.46,1.28,-0.78,67,54,17.0,22.76,0.0,-0.0408,-0.9992,23.7,21.1,21.1,station
2026-07-05,21.8,21.7,23.1,22.2,24.2,22.2,22.2,25.0,22.1,21.0,22.6,1.05,0.1,60,26,16.2,29.46,0.0,-0.058,-0.9983,23.7,24.4,24.4,station
2026-07-06,26.6,25.1,28.9,25.7,28.2,25.9,25.2,27.9,24.9,23.5,26.9,1.62,1.42,52,0,11.3,30.34,0.0,-0.0752,-0.9972,28.6,29.4,29.4,station
2026-07-07,24.8,21.9,24.9,22.9,26.4,24.4,22.0,28.8,23.9,22.8,24.18,1.78,-0.2,60,30,13.8,29.15,0.0,-0.0923,-0.9957,25.9,23.3,23.3,station
2026-07-08,22.2,20.6,22.6,21.5,23.9,21.6,20.1,20.6,21.9,23.4,22.16,1.23,0.64,69,70,11.2,17.09,0.1,-0.1094,-0.994,23.3,20.6,20.6,station
2026-07-09,24.6,21.9,24.6,21.8,25.8,24.4,21.6,26.6,21.5,22.2,23.74,1.79,0.48,61,42,13.6,27.51,0.0,-0.1265,-0.992,26.2,25.6,25.6,station
2026-07-10,25.3,22.7,21.7,23.1,25.9,24.1,21.9,24.2,19.3,21.9,23.74,1.79,1.46,62,31,15.6,25.04,0.0,-0.1436,-0.9896,27.3,24.4,24.4,station
2026-07-11,23.2,20.9,19.6,22.8,22.6,22.6,20.4,24.6,20.5,20.8,21.82,1.52,0.04,56,53,19.4,22.05,0.0,-0.1606,-0.987,25.1,23.9,23.9,station
2026-07-12,20.9,20.4,20.8,21.4,22.8,21.0,20.6,24.2,21.6,20.4,21.26,0.93,-0.3,58,37,18.0,24.35,0.3,-0.1775,-0.9841,22.0,22.2,22.2,station
2026-07-13,24.4,23.1,24.8,23.9,26.8,24.5,23.3,27.2,24.7,23.5,24.6,1.38,-0.04,50,2,14.3,30.05,0.0,-0.1944,-0.9809,26.2,26.1,26.1,station
2026-07-14,27.2,25.5,28.0,26.6,29.4,26.5,25.4,28.2,25.7,25.5,27.34,1.47,1.08,41,1,10.3,29.77,0.0,-0.2113,-0.9774,29.5,29.4,29.4,station
2026-07-15,28.2,24.4,28.1,27.0,29.1,27.9,25.2,30.3,27.9,27.1,27.36,1.81,-0.32,48,25,14.9,28.58,0.0,-0.2281,-0.9736,28.9,28.3,28.3,station
2026-07-16,21.9,17.1,22.2,18.6,23.2,21.4,17.6,19.6,20.5,24.3,20.6,2.61,-0.08,72,47,14.8,20.56,6.3,-0.2448,-0.9696,20.5,17.2,17.2,station
2026-07-17,21.5,20.8,22.9,22.5,23.9,23.2,21.1,27.8,22.4,24.1,22.32,1.21,-1.4,67,73,10.9,19.44,0.0,-0.2614,-0.9652,22.0,21.7,21.7,station
2026-07-18,23.0,21.7,23.8,22.5,24.9,22.9,20.9,27.3,23.4,24.8,23.18,1.23,-0.68,63,57,12.8,20.91,0.0,-0.278,-0.9606,23.5,23.3,23.3,station
2026-07-19,23.5,23.2,24.9,23.5,25.6,23.4,23.6,27.6,23.7,24.9,24.14,1.05,-0.5,64,9,15.1,28.26,0.0,-0.2945,-0.9557,24.7,25.6,25.6,station
2026-07-20,27.6,25.1,29.8,25.4,29.5,27.0,26.0,30.6,26.1,24.6,27.48,2.21,0.62,58,84,12.7,24.4,0.0,-0.3109,-0.9505,28.4,27.8,27.8,station
2026-07-21,30.9,29.1,32.2,30.1,33.8,31.0,29.3,34.4,27.2,28.1,31.22,1.83,1.22,54,48,11.9,27.39,0.0,-0.3272,-0.945,33.9,33.3,33.3,station
2026-07-22,32.8,28.9,33.3,30.8,35.1,32.0,29.2,36.3,31.2,31.6,32.18,2.39,0.12,50,38,15.3,26.55,0.1,-0.3434,-0.9392,33.4,34.4,34.4,station
2026-07-23,25.6,20.4,24.9,23.1,28.0,26.3,21.5,26.3,23.8,27.2,24.4,2.84,-0.62,74,47,16.6,18.69,7.4,-0.3595,-0.9332,23.9,23.9,23.9,station
2026-07-24,26.5,23.9,27.7,25.4,30.0,27.4,23.9,32.1,26.5,28.8,26.7,2.32,-1.04,70,10,13.7,26.13,0.0,-0.3755,-0.9268,27.9,27.8,27.8,station
2026-07-25,22.0,19.4,21.2,18.5,24.6,22.1,19.3,25.2,18.8,22.8,21.14,2.38,-0.5,67,72,19.0,14.49,0.4,-0.3914,-0.9202,22.3,22.2,22.2,station
2026-07-26,20.9,20.6,20.8,19.5,23.9,21.6,20.1,24.1,20.7,21.7,21.14,1.64,-0.5,77,94,15.2,14.16,3.8,-0.4071,-0.9134,22.6,22.2,22.2,station
2026-07-27,24.4,23.9,25.2,24.3,26.3,23.6,23.2,27.8,24.5,23.7,24.82,0.95,0.26,67,40,14.0,24.64,0.0,-0.4228,-0.9062,26.2,25.6,25.6,station
2026-07-28,22.3,21.4,22.1,22.3,23.5,22.9,21.5,24.4,21.4,22.9,22.32,0.76,-0.3,67,53,18.7,20.67,0.1,-0.4383,-0.8988,22.4,,,
