datum,p1_ifs,p1_aifs,p1_gfs,p1_icon,p1_gem,p2_ifs,p2_aifs,p2_gfs,p2_icon,p2_gem,mm_gem,mm_spreiding,run2run,rh_gem,bewolking_gem,wind_max,instraling_som,neerslag_som,doy_sin,doy_cos,era5_max,station_max,doel,doelbron
2023-11-01,,,14.5,,,,,14.0,,,,,,58,0,13.3,18.31,0.0,-0.8606,0.5093,13.8,15.0,15.0,station
2023-11-02,,,19.0,,,,,18.7,,,,,,59,24,9.7,13.16,0.0,-0.8517,0.524,16.0,18.9,18.9,station
2023-11-03,,,22.5,,,,,23.9,,,,,,75,27,17.6,13.21,0.4,-0.8426,0.5386,22.5,24.4,24.4,station
2023-11-04,,,25.2,,,,,25.5,,,,,,81,45,13.6,13.3,0.0,-0.8332,0.553,24.9,26.1,26.1,station
2023-11-05,,,26.0,,,,,25.6,,,,,,81,94,13.4,12.14,0.0,-0.8235,0.5672,25.7,26.7,26.7,station
2023-11-06,,,26.8,,,,,26.2,,,,,,76,99,26.8,11.67,0.0,-0.8137,0.5813,26.8,27.2,27.2,station
2023-11-07,,,27.8,,,,,29.0,,,,,,73,45,22.5,15.83,0.0,-0.8035,0.5952,28.8,29.4,29.4,station
2023-11-08,,,29.0,,,,,28.5,,,,,,79,68,24.9,11.05,0.0,-0.7932,0.609,28.8,27.8,27.8,station
2023-11-09,,,25.0,,,,,22.5,,,,,,92,85,21.3,2.24,21.2,-0.7826,0.6225,23.4,24.4,24.4,station
2023-11-10,,,16.4,,,,,16.8,,,,,,82,100,24.7,5.94,4.2,-0.7718,0.6359,16.4,14.4,14.4,station
2023-11-11,,,18.1,,,,,18.8,,,,,,76,99,18.3,10.36,0.3,-0.7607,0.6491,18.5,16.7,16.7,station
2023-11-12,,,15.0,,,,,15.8,,,,,,84,100,15.1,3.77,17.7,-0.7494,0.6621,16.0,16.7,16.7,station
2023-11-13,,,16.1,,,,,14.3,,,,,,83,100,18.4,3.57,4.8,-0.7379,0.6749,18.0,19.4,19.4,station
2023-11-14,,,21.3,,,,,18.8,,,,,,72,39,14.5,14.39,0.1,-0.7262,0.6875,20.4,22.2,22.2,station
2023-11-15,,,22.0,,,,,22.3,,,,,,80,5,12.3,15.3,0.0,-0.7143,0.6998,21.9,23.3,23.3,station
2023-11-16,,,22.3,,,,,21.8,,,,,,85,71,10.0,11.49,0.0,-0.7021,0.712,19.6,17.2,17.2,station
2023-11-17,,,27.7,,,,,27.6,,,,,,81,69,19.9,13.31,0.0,-0.6898,0.724,26.0,27.2,27.2,station
2023-11-18,,,23.2,,,,,23.9,,,,,,76,77,15.8,8.79,0.3,-0.6772,0.7358,21.8,20.6,20.6,station
2023-11-19,,,22.8,,,,,23.2,,,,,,90,82,23.2,3.73,3.5,-0.6645,0.7473,21.0,18.9,18.9,station
2023-11-20,,,25.7,,,,,25.2,,,,,,76,76,23.6,10.38,3.1,-0.6515,0.7586,26.5,28.9,28.9,station
2023-11-21,,,16.3,,,,,17.0,,,,,,57,55,32.8,9.54,0.0,-0.6384,0.7697,16.7,15.6,15.6,station
2023-11-22,,,16.7,,,,,16.0,,,,,,47,14,14.9,15.52,0.0,-0.625,0.7806,16.8,18.9,18.9,station
2023-11-23,,,15.4,,,,,16.0,,,,,,66,69,16.3,3.91,0.2,-0.6115,0.7912,13.4,14.4,14.4,station
2023-11-24,,,18.3,,,,,18.8,,,,,,77,40,12.6,14.79,0.0,-0.5978,0.8016,17.5,18.3,18.3,station
2023-11-25,,,15.4,,,,,15.4,,,,,,76,87,12.4,7.24,0.6,-0.584,0.8118,16.3,15.6,15.6,station
2023-11-26,,,14.1,,,,,18.1,,,,,,66,84,29.9,12.8,0.2,-0.5699,0.8217,12.5,13.3,13.3,station
2023-11-27,,,12.9,,,,,13.7,,,,,,49,80,15.3,12.36,0.0,-0.5557,0.8314,12.5,13.3,13.3,station
2023-11-28,,,16.2,,,,,15.6,,,,,,48,84,9.6,9.57,0.0,-0.5413,0.8408,14.0,16.1,16.1,station
2023-11-29,,,17.5,,,,,14.8,,,,,,62,99,17.1,6.5,0.0,-0.5268,0.85,16.6,18.3,18.3,station
2023-11-30,,,23.5,,,,,22.2,,,,,,87,90,30.3,7.22,4.6,-0.5121,0.859,23.9,23.3,23.3,station
2023-12-01,,,22.6,,,,,21.8,,,,,,70,71,16.7,13.69,0.0,-0.4972,0.8676,20.2,20.6,20.6,station
2023-12-02,,,23.8,,,,,23.4,,,,,,65,99,17.1,11.91,0.0,-0.4822,0.8761,21.0,20.6,20.6,station
2023-12-03,,,23.4,,,,,24.3,,,,,,46,76,22.1,12.74,0.0,-0.4671,0.8842,22.0,23.3,23.3,station
2023-12-04,,,19.9,,,,,19.8,,,,,,48,0,18.2,14.48,0.0,-0.4518,0.8921,18.5,20.0,20.0,station
2023-12-05,,,21.3,,,,,22.3,,,,,,60,0,11.4,14.0,0.0,-0.4364,0.8998,20.4,22.2,22.2,station
2023-12-06,,,19.3,,,,,19.5,,,,,,59,46,9.8,13.89,0.0,-0.4208,0.9071,19.1,20.6,20.6,station
2023-12-07,,,21.2,,,,,20.0,,,,,,68,91,27.2,9.12,0.0,-0.4052,0.9142,22.7,22.2,22.2,station
2023-12-08,,,25.0,,,,,26.3,,,,,,79,43,25.4,10.18,0.0,-0.3894,0.9211,25.4,23.3,23.3,station
2023-12-09,,,23.0,,,,,22.6,,,,,,68,42,30.0,12.57,0.1,-0.3735,0.9276,22.5,24.4,24.4,station
2023-12-10,,,14.9,,,,,15.1,,,,,,32,0,30.2,14.69,0.0,-0.3575,0.9339,14.0,15.0,15.0,station
2023-12-11,,,17.1,,,,,16.5,,,,,,43,7,16.9,14.22,0.0,-0.3413,0.9399,17.2,18.3,18.3,station
2023-12-12,,,20.4,,,,,20.2,,,,,,65,71,19.2,11.8,0.0,-0.3251,0.9457,20.0,20.0,20.0,station
2023-12-13,,,13.6,,,,,17.3,,,,,,64,100,16.5,3.57,4.7,-0.3088,0.9511,14.6,13.3,13.3,station
2023-12-14,,,19.0,,,,,18.5,,,,,,60,79,17.0,5.61,0.0,-0.2924,0.9563,19.2,20.6,20.6,station
2023-12-15,,,20.3,,,,,17.4,,,,,,86,97,14.5,2.6,8.5,-0.2759,0.9612,17.3,18.3,18.3,station
2023-12-16,,,18.2,,,,,18.4,,,,,,66,5,25.6,13.89,0.0,-0.2593,0.9658,17.3,18.3,18.3,station
2023-12-17,,,20.9,,,,,22.4,,,,,,61,11,13.0,14.04,0.0,-0.2427,0.9701,19.9,21.7,21.7,station
2023-12-18,,,19.7,,,,,19.6,,,,,,61,24,19.0,13.79,0.0,-0.226,0.9741,19.0,20.0,20.0,station
2023-12-19,,,17.7,,,,,19.4,,,,,,61,95,16.5,12.69,0.0,-0.2092,0.9779,18.7,20.0,20.0,station
2023-12-20,,,21.9,,,,,21.2,,,,,,80,75,23.7,9.94,0.0,-0.1923,0.9813,21.6,22.2,22.2,station
2023-12-21,,,20.1,,,,,19.8,,,,,,94,96,15.1,2.45,5.9,-0.1754,0.9845,17.3,17.8,17.8,station
2023-12-22,,,21.9,,,,,20.2,,,,,,90,72,9.0,7.85,1.9,-0.1585,0.9874,21.4,21.7,21.7,station
2023-12-23,,,22.5,,,,,21.3,,,,,,92,98,21.0,4.47,5.7,-0.1414,0.9899,21.6,21.7,21.7,station
2023-12-24,,,23.1,,,,,23.1,,,,,,77,57,21.4,9.44,16.3,-0.1244,0.9922,23.1,23.3,23.3,station
2023-12-25,,,14.6,,,,,15.2,,,,,,56,33,23.5,13.73,0.0,-0.1073,0.9942,13.6,13.9,13.9,station
2023-12-26,,,15.2,,,,,15.5,,,,,,61,25,17.3,13.55,0.0,-0.0902,0.9959,14.6,15.0,15.0,station
2023-12-27,,,17.1,,,,,17.5,,,,,,62,0,18.6,13.92,0.0,-0.073,0.9973,16.2,17.8,17.8,station
2023-12-28,,,15.3,,,,,15.2,,,,,,65,11,17.1,13.65,0.0,-0.0559,0.9984,14.4,16.1,16.1,station
2023-12-29,,,14.8,,,,,14.9,,,,,,64,1,16.2,14.07,0.0,-0.0387,0.9993,14.3,16.1,16.1,station
2023-12-30,,,,,,,,,,,,,,54,11,13.2,14.16,0.0,-0.0215,0.9998,18.4,20.6,20.6,station
2023-12-31,,,,,,,,,,,,,,62,39,18.3,13.8,0.0,-0.0043,1.0,20.9,,,
2024-01-01,,,,,,,,,,,,,,71,53,22.0,13.24,0.0,0.0172,0.9999,13.6,14.4,14.4,station
2024-01-02,,,,,,,,,,,,,,78,83,20.2,4.91,17.0,0.0344,0.9994,10.5,11.7,11.7,station
2024-01-03,,,,,,,,,,,,,,83,81,16.6,5.72,0.2,0.0516,0.9987,12.1,10.6,10.6,station
2024-01-04,,,,,,,,,,,,,,83,68,21.3,6.28,3.0,0.0688,0.9976,14.8,14.4,14.4,station
2024-01-05,,,,,,,,,,,,,,77,42,16.7,13.5,2.0,0.0859,0.9963,17.6,18.9,18.9,station
2024-01-06,,,,,,,,,,,,,,73,19,11.2,13.8,0.0,0.103,0.9947,14.9,17.2,17.2,station
2024-01-07,,,,,,,,,,,,,,72,52,24.3,13.7,0.0,0.1201,0.9928,16.9,18.3,18.3,station
2024-01-08,,,,,,,,,,,,,,64,80,47.0,7.4,23.0,0.1372,0.9905,18.3,16.7,16.7,station
2024-01-09,,,,,,,,,,,,,,39,7,32.9,14.95,0.0,0.1542,0.988,12.7,13.3,13.3,station
2024-01-10,,,,,,,,,,,,,,54,11,28.2,14.63,0.0,0.1712,0.9852,17.5,19.4,19.4,station
2024-01-11,,,,,,,,,,,,,,84,21,30.0,14.03,0.0,0.1881,0.9821,22.1,23.3,23.3,station
2024-01-12,,,,,,,,,,,,,,47,13,39.2,15.04,0.8,0.205,0.9788,17.9,20.0,20.0,station
2024-01-13,,,,,,,,,,,,,,56,49,24.9,11.36,0.0,0.2218,0.9751,16.2,16.7,16.7,station
2024-01-14,,,,,,,,,,,,,,56,81,23.0,3.9,0.6,0.2385,0.9711,4.9,1.7,1.7,station
2024-01-15,,,,,,,,,,,,,,69,65,26.8,8.48,1.6,0.2552,0.9669,3.0,-3.9,-3.9,station
2024-01-16,,,,,,,,,,,,,,37,11,28.1,15.34,0.0,0.2718,0.9624,-0.5,1.1,1.1,station
2024-01-17,,,,,,,,,,,,,,36,1,19.6,15.39,0.0,0.2883,0.9575,6.7,7.8,7.8,station
2024-01-18,,,,,,,,,,,,,,68,1,17.7,14.92,0.0,0.3047,0.9524,20.8,25.0,25.0,station
2024-01-19,,,7.4,7.7,7.5,,,,,,,,,49,0,31.7,15.1,0.0,0.3211,0.9471,8.5,9.4,9.4,station
2024-01-20,,,5.7,4.5,4.7,,,7.3,6.0,5.2,,,,39,46,17.9,14.8,0.0,0.3373,0.9414,5.0,5.6,5.6,station
2024-01-21,,,3.6,4.7,7.2,,,6.6,5.2,7.2,,,,62,100,16.1,3.26,2.5,0.3534,0.9355,4.5,4.4,4.4,station
2024-01-22,,,14.8,14.3,16.5,,,16.0,18.2,17.3,,,,92,92,19.1,5.0,34.8,0.3695,0.9292,17.7,14.4,14.4,station
2024-01-23,,,14.9,17.6,19.9,,,19.2,18.8,21.7,,,,95,100,16.3,5.43,7.6,0.3854,0.9227,19.9,15.6,15.6,station
2024-01-24,,,14.4,14.2,16.3,,,17.7,17.5,19.5,,,,94,100,15.3,5.2,22.1,0.4012,0.916,16.2,13.3,13.3,station
2024-01-25,,,13.9,15.3,16.5,,,21.0,18.0,17.0,,,,86,59,11.7,14.34,4.6,0.4169,0.9089,18.4,15.6,15.6,station
2024-01-26,,,13.0,18.2,15.4,,,19.9,19.0,17.3,,,,89,55,13.8,9.61,0.2,0.4325,0.9016,18.8,13.3,13.3,station
2024-01-27,,,12.4,14.4,13.9,,,16.1,14.8,13.6,,,,79,33,27.9,13.42,0.0,0.4479,0.8941,16.1,17.2,17.2,station
2024-01-28,,,14.8,16.1,16.4,,,17.2,17.1,15.9,,,,73,0,11.8,16.34,0.0,0.4633,0.8862,16.9,18.9,18.9,station
2024-01-29,,,18.4,19.2,20.4,,,17.2,18.3,20.1,,,,62,47,11.3,16.2,0.0,0.4784,0.8781,20.4,21.7,21.7,station
2024-01-30,,,20.9,21.8,22.9,,,18.0,19.6,20.7,,,,62,58,10.9,16.11,0.0,0.4935,0.8698,21.2,22.8,22.8,station
2024-01-31,,,22.3,21.8,22.9,,,19.6,21.5,23.3,,,,59,86,10.5,16.0,0.0,0.5084,0.8611,21.7,22.8,22.8,station
2024-02-01,,,21.6,21.6,22.9,,,20.8,20.1,21.2,,,,71,68,25.0,12.78,0.0,0.5231,0.8523,21.7,21.7,21.7,station
2024-02-02,,,20.9,20.4,24.1,,,20.2,23.2,24.1,,,,91,75,25.3,5.55,16.1,0.5377,0.8432,20.4,19.4,19.4,station
2024-02-03,,,17.9,21.9,18.2,,,19.7,21.1,18.1,,,,64,53,24.2,14.52,28.7,0.5521,0.8338,21.9,22.2,22.2,station
2024-02-04,19.6,,17.7,17.4,17.7,,,19.1,19.9,18.6,18.1,1.01,,39,3,38.5,16.64,0.0,0.5664,0.8242,18.8,19.4,19.4,station
2024-02-05,15.9,,15.8,16.4,17.0,15.2,,15.6,17.6,16.3,16.27,0.55,0.1,64,45,32.6,11.15,0.0,0.5805,0.8143,17.1,17.8,17.8,station
2024-02-06,18.5,,18.4,18.4,19.4,18.6,,18.0,18.5,19.4,18.67,0.49,0.05,69,35,9.3,17.16,0.0,0.5944,0.8042,18.9,20.6,20.6,station
2024-02-07,19.6,,20.1,19.1,22.8,19.9,,20.2,18.2,22.6,20.4,1.65,0.18,70,87,29.8,12.54,0.0,0.6081,0.7938,20.8,20.6,20.6,station
2024-02-08,22.3,,22.1,21.4,24.8,22.5,,20.5,20.5,22.9,22.65,1.48,1.05,75,100,19.1,9.3,1.8,0.6217,0.7833,21.8,22.2,22.2,station
2024-02-09,22.6,,22.7,23.1,25.2,24.1,,23.2,22.9,24.7,23.4,1.22,-0.33,84,100,17.8,6.24,0.5,0.6351,0.7725,23.8,23.3,23.3,station
2024-02-10,19.3,,21.6,20.5,21.0,18.5,,17.6,19.6,18.7,20.6,0.98,2.0,92,100,26.3,5.25,11.0,0.6483,0.7614,20.7,18.9,18.9,station
2024-02-11,18.7,,19.2,20.4,18.4,20.3,,20.5,17.4,21.2,19.17,0.88,-0.68,79,51,25.4,16.46,15.2,0.6613,0.7502,18.6,15.6,15.6,station
2024-02-12,15.1,,13.4,15.2,13.1,15.3,,16.3,16.1,13.9,14.2,1.1,-1.2,59,23,27.5,18.51,0.0,0.6741,0.7387,15.0,15.6,15.6,station
2024-02-13,17.8,,17.5,16.7,17.5,17.2,,17.4,17.5,17.6,17.38,0.47,-0.05,64,0,13.8,18.57,0.0,0.6867,0.727,18.0,19.4,19.4,station
2024-02-14,19.4,,19.4,18.0,21.8,17.7,,17.9,17.1,21.0,19.65,1.58,1.22,71,87,18.0,15.02,0.0,0.6991,0.715,19.8,20.0,20.0,station
2024-02-15,22.3,,21.8,22.0,24.8,21.3,,19.0,22.5,24.9,22.73,1.4,0.8,78,100,15.1,12.79,0.0,0.7113,0.7029,22.5,20.6,20.6,station
2024-02-16,21.2,,21.1,20.7,22.9,21.2,,19.4,21.8,21.2,21.48,0.97,0.58,77,100,23.1,9.64,1.3,0.7233,0.6906,22.3,22.8,22.8,station
2024-02-17,14.0,,12.4,13.4,15.5,14.8,,14.7,15.4,17.0,13.82,1.3,-1.65,53,80,33.6,11.75,0.0,0.735,0.678,12.1,10.6,10.6,station
2024-02-18,11.5,,12.1,11.7,12.2,12.4,,13.0,12.8,12.9,11.88,0.33,-0.9,48,7,16.8,19.57,0.0,0.7466,0.6653,10.7,11.7,11.7,station
2024-02-19,18.1,,18.6,17.3,19.4,18.1,,17.7,17.0,19.1,18.35,0.88,0.38,60,1,23.9,19.29,0.0,0.7579,0.6523,18.5,19.4,19.4,station
2024-02-20,24.6,,22.5,24.3,27.2,24.3,,23.6,23.0,26.0,24.65,1.94,0.42,76,10,19.1,19.25,0.0,0.769,0.6392,24.7,25.6,25.6,station
2024-02-21,25.2,,23.8,26.0,28.6,25.0,,25.3,25.4,28.7,25.9,2.02,-0.2,82,39,29.6,15.32,0.0,0.7799,0.6259,24.9,25.0,25.0,station
2024-02-22,28.9,,30.1,31.1,29.2,27.6,,27.8,29.9,29.2,29.82,0.99,1.2,61,49,25.1,17.28,0.0,0.7906,0.6124,29.4,30.0,30.0,station
2024-02-23,22.5,,23.1,23.4,24.2,22.1,,21.9,23.5,23.8,23.3,0.71,0.48,46,18,19.1,19.79,0.0,0.801,0.5987,22.8,23.9,23.9,station
2024-02-24,24.4,,25.4,25.6,25.5,23.9,,23.0,25.0,26.0,25.23,0.56,0.75,45,8,22.7,20.05,0.0,0.8112,0.5848,25.3,25.6,25.6,station
2024-02-25,27.4,,27.1,27.8,29.4,26.4,,25.8,26.9,28.5,27.93,1.02,1.03,61,12,28.0,19.55,0.0,0.8211,0.5708,28.3,27.8,27.8,station
2024-02-26,30.6,,30.4,28.9,32.7,30.0,,28.4,27.8,32.1,30.65,1.56,1.07,77,83,21.8,18.25,0.0,0.8308,0.5566,30.1,27.2,27.2,station
2024-02-27,30.4,,27.7,28.8,32.1,29.8,,28.8,30.4,31.3,29.75,1.92,-0.32,79,93,24.1,14.0,0.1,0.8402,0.5422,29.9,25.6,25.6,station
2024-02-28,21.8,,20.1,21.6,21.2,21.7,,21.4,22.2,23.0,21.18,0.76,-0.9,50,99,35.7,15.77,0.0,0.8495,0.5277,21.4,20.0,20.0,station
2024-02-29,10.6,,10.7,10.5,13.5,12.3,,11.0,10.3,15.0,11.32,1.45,-0.83,49,100,18.9,5.08,1.0,0.8584,0.513,11.1,8.9,8.9,station
2024-03-01,22.4,,20.4,22.2,22.0,21.9,,22.8,21.8,23.5,21.75,0.91,-0.75,73,22,11.1,20.86,0.0,0.8671,0.4981,21.9,19.4,19.4,station
2024-03-02,26.8,,22.7,23.8,26.8,26.8,,25.8,25.8,27.8,25.02,2.1,-1.53,76,21,19.5,20.99,0.0,0.8755,0.4831,26.1,26.7,26.7,station
2024-03-03,26.7,,23.7,26.5,27.5,26.8,,23.3,25.8,28.2,26.1,1.66,0.08,76,88,23.1,17.33,0.1,0.8837,0.468,27.4,26.7,26.7,station
2024-03-04,28.0,,25.6,27.9,28.4,27.3,,25.1,27.3,29.2,27.48,1.27,0.25,76,85,22.0,17.21,0.5,0.8916,0.4527,29.0,27.8,27.8,station
2024-03-05,30.3,,30.1,32.0,30.4,31.0,,30.3,31.0,28.3,30.7,0.88,0.55,59,7,14.2,21.47,0.0,0.8993,0.4373,30.2,32.2,32.2,station
2024-03-06,28.5,,25.8,29.1,29.3,28.9,,27.6,30.2,30.2,28.18,1.62,-1.05,61,76,18.4,19.74,0.0,0.9067,0.4218,28.5,27.8,27.8,station
2024-03-07,25.2,,24.8,23.7,28.2,25.1,,24.7,23.3,27.9,25.48,1.92,0.23,83,100,20.8,8.04,5.9,0.9138,0.4061,24.6,23.3,23.3,station
2024-03-08,27.9,,26.8,27.2,24.4,27.5,,27.1,26.6,26.5,26.57,1.52,-0.35,65,61,31.3,21.12,9.5,0.9207,0.3904,26.9,28.3,28.3,station
2024-03-09,16.9,,15.9,17.4,16.4,17.8,,17.1,17.4,15.5,16.65,0.65,-0.3,55,50,31.3,20.34,0.0,0.9272,0.3745,17.9,16.7,16.7,station
2024-03-10,17.2,,18.7,17.9,17.7,18.2,,17.8,16.5,15.8,17.88,0.62,0.8,49,99,11.5,18.6,0.0,0.9335,0.3585,18.0,18.9,18.9,station
2024-03-11,22.3,,23.0,22.5,23.7,21.9,,21.2,21.7,22.3,22.88,0.62,1.1,55,29,17.9,20.92,0.0,0.9396,0.3424,24.8,22.8,22.8,station
2024-03-12,25.7,,24.5,26.5,26.1,25.3,,23.1,24.9,27.1,25.7,0.86,0.6,75,89,23.1,11.96,0.1,0.9453,0.3261,25.4,24.4,24.4,station
2024-03-13,29.2,,24.4,30.0,31.4,27.8,,24.8,30.2,31.8,28.75,3.04,0.1,78,63,28.1,15.79,0.4,0.9508,0.3098,29.7,28.3,28.3,station
2024-03-14,28.5,26.2,25.7,27.3,29.7,28.7,,24.4,27.1,27.8,27.48,1.64,0.48,80,100,31.5,13.73,1.8,0.956,0.2934,29.3,26.1,26.1,station
2024-03-15,26.5,23.1,24.6,25.8,27.8,23.1,22.2,24.2,25.8,24.9,25.56,1.8,1.52,84,86,22.4,12.43,8.0,0.9609,0.2769,25.6,23.3,23.3,station
2024-03-16,21.9,18.5,23.5,20.8,19.6,22.0,18.3,20.5,21.9,20.1,20.86,1.95,0.3,86,100,18.2,7.32,3.3,0.9655,0.2604,23.8,23.3,23.3,station
2024-03-17,22.0,17.8,19.9,19.3,20.5,21.1,18.3,19.3,19.7,20.1,19.9,1.54,0.2,85,99,26.1,10.15,2.1,0.9698,0.2437,21.1,19.4,19.4,station
2024-03-18,18.3,18.0,18.7,18.5,15.1,18.9,17.7,19.2,16.9,15.4,17.72,1.49,0.1,47,81,24.8,22.06,0.0,0.9739,0.227,18.6,17.8,17.8,station
2024-03-19,17.6,17.3,18.7,18.5,16.9,17.6,17.3,15.8,17.9,15.1,17.8,0.77,1.06,54,77,12.3,15.55,0.0,0.9777,0.2102,16.3,17.8,17.8,station
2024-03-20,21.0,19.6,17.3,20.7,22.4,19.6,19.0,17.3,20.2,20.7,20.2,1.9,0.84,71,78,14.4,11.57,0.0,0.9811,0.1934,19.0,19.4,19.4,station
2024-03-21,21.0,19.4,21.0,19.3,19.8,22.6,19.1,20.7,20.9,21.1,20.1,0.84,-0.78,89,87,10.5,9.05,44.1,0.9843,0.1765,21.5,17.8,17.8,station
2024-03-22,24.1,22.9,24.3,23.9,23.6,22.1,23.0,24.5,25.2,24.1,23.76,0.55,-0.02,78,32,28.1,22.64,0.0,0.9872,0.1595,24.7,25.0,25.0,station
2024-03-23,22.2,22.2,21.6,22.3,21.5,22.5,22.7,22.3,23.4,23.1,21.96,0.38,-0.84,77,66,12.2,16.84,0.0,0.9898,0.1425,21.8,22.2,22.2,station
2024-03-24,22.3,21.7,21.8,21.0,24.8,22.8,21.3,22.0,21.4,25.2,22.32,1.46,-0.22,74,98,38.4,11.02,0.4,0.9921,0.1255,22.9,22.8,22.8,station
2024-03-25,24.7,23.8,23.6,24.9,23.3,24.7,22.5,24.0,25.0,22.6,24.06,0.7,0.3,62,53,29.9,22.19,13.8,0.9941,0.1084,24.6,26.1,26.1,station
2024-03-26,18.0,18.8,19.2,17.7,17.3,18.5,17.9,21.7,17.8,18.5,18.2,0.78,-0.68,54,23,17.0,24.79,0.0,0.9958,0.0913,17.4,18.9,18.9,station
2024-03-27,19.4,18.3,21.2,19.5,20.7,18.5,16.7,24.8,18.1,19.4,19.82,1.15,0.32,73,65,13.7,15.27,2.5,0.9972,0.0741,19.0,18.9,18.9,station
2024-03-28,23.6,24.6,24.2,24.4,26.0,22.7,24.6,23.6,24.3,24.6,24.56,0.89,0.6,74,0,22.7,24.66,0.0,0.9984,0.057,23.9,24.4,24.4,station
2024-03-29,24.5,24.3,25.9,24.5,27.7,24.1,24.2,23.1,24.4,28.1,25.38,1.45,0.6,71,58,31.8,21.86,0.0,0.9992,0.0398,25.1,25.0,25.0,station
2024-03-30,27.4,24.8,25.1,28.2,30.3,26.4,24.8,26.5,28.6,30.2,27.16,2.28,-0.14,77,88,26.8,13.21,0.2,0.9997,0.0226,25.6,24.4,24.4,station
2024-03-31,28.1,26.0,26.4,28.5,32.2,27.9,25.4,26.4,29.5,32.2,28.24,2.46,-0.04,81,97,25.1,13.34,0.4,1.0,0.0054,28.3,26.1,26.1,station
2024-04-01,30.0,28.4,30.3,28.2,32.5,31.0,28.9,31.2,30.8,34.0,29.88,1.74,-1.3,81,97,34.2,16.76,4.3,0.9999,-0.0118,29.7,27.8,27.8,station
2024-04-02,24.2,23.3,26.7,23.2,26.1,24.0,23.6,24.3,23.8,27.1,24.7,1.61,0.14,47,25,25.9,25.41,0.0,0.9996,-0.029,21.9,23.9,23.9,station
2024-04-03,25.1,26.8,26.9,25.8,26.7,24.0,27.2,26.3,24.4,25.0,26.26,0.78,0.88,49,0,19.0,25.87,0.0,0.9989,-0.0462,25.0,26.7,26.7,station
2024-04-04,27.2,29.4,29.7,29.9,29.4,26.1,30.1,28.5,28.4,28.8,29.12,1.09,0.74,50,0,12.8,25.82,0.0,0.998,-0.0634,28.7,30.0,30.0,station
2024-04-05,28.1,28.4,29.8,30.4,30.4,27.9,29.0,27.8,30.1,30.1,29.42,1.1,0.44,43,15,26.8,26.15,0.0,0.9968,-0.0805,28.2,29.4,29.4,station
2024-04-06,25.2,24.8,24.9,25.9,28.5,25.6,23.8,24.8,25.8,30.8,25.86,1.54,-0.3,75,75,32.9,12.06,0.8,0.9952,-0.0977,25.2,25.0,25.0,station
2024-04-07,26.5,26.9,27.2,28.1,28.3,26.4,27.5,26.3,28.3,28.2,27.4,0.77,0.06,59,91,19.5,16.65,0.6,0.9934,-0.1148,25.3,26.7,26.7,station
2024-04-08,28.3,26.9,25.2,30.4,32.4,26.7,26.1,24.4,31.4,32.2,28.64,2.84,0.48,82,93,29.3,14.77,8.3,0.9913,-0.1319,27.8,26.7,26.7,station
2024-04-09,30.2,26.7,31.4,30.0,23.7,26.8,24.9,26.9,31.9,27.6,28.4,3.15,0.78,87,76,24.1,16.14,39.8,0.9889,-0.1489,27.1,29.4,29.4,station
2024-04-10,21.2,19.9,22.8,22.3,21.2,22.5,22.4,23.1,22.1,20.6,21.48,1.13,-0.66,65,46,35.4,22.48,6.5,0.9861,-0.1659,22.8,21.1,21.1,station
2024-04-11,25.3,27.2,26.7,25.5,25.7,25.1,27.6,25.4,26.2,24.3,26.08,0.83,0.36,50,0,18.4,26.53,0.0,0.9831,-0.1828,25.7,27.8,27.8,station
2024-04-12,26.3,27.2,28.4,26.5,29.1,25.7,27.8,25.5,26.1,28.4,27.5,1.21,0.8,58,61,20.8,25.92,0.0,0.9799,-0.1997,26.0,26.7,26.7,station
2024-04-13,27.4,27.6,28.9,26.8,30.5,26.4,27.1,27.2,26.6,29.2,28.24,1.48,0.94,70,61,27.3,24.95,0.0,0.9763,-0.2165,27.2,27.2,27.2,station
2024-04-14,28.8,28.7,30.5,29.9,32.5,28.5,29.1,27.6,29.0,33.0,30.08,1.55,0.64,72,65,24.4,20.37,0.1,0.9724,-0.2333,29.3,28.3,28.3,station
2024-04-15,30.8,25.8,27.3,29.7,33.3,30.3,25.8,27.5,29.7,32.9,29.38,2.94,0.14,77,98,33.8,14.59,0.4,0.9683,-0.25,31.0,28.3,28.3,station
2024-04-16,28.5,27.6,28.3,27.5,31.6,29.7,27.8,27.3,27.4,33.5,28.7,1.68,-0.44,84,100,28.5,8.49,5.1,0.9638,-0.2666,28.0,26.1,26.1,station
2024-04-17,27.7,27.4,29.5,27.3,33.0,29.6,27.9,31.3,28.5,32.5,28.98,2.42,-0.98,84,100,21.8,8.68,1.5,0.9591,-0.2831,27.8,27.8,27.8,station
2024-04-18,32.3,30.0,32.8,31.9,34.8,30.9,29.4,31.0,31.5,33.2,32.36,1.73,1.16,78,92,22.1,13.81,0.3,0.9541,-0.2996,31.5,31.1,31.1,station
2024-04-19,26.4,23.3,23.8,23.6,33.2,29.3,23.7,24.2,26.6,33.2,26.06,4.18,-1.34,76,89,20.3,15.21,0.5,0.9488,-0.316,26.0,24.4,24.4,station
2024-04-20,25.3,21.3,25.3,22.9,27.1,27.1,20.7,24.6,25.9,27.1,24.38,2.28,-0.7,83,100,27.9,6.84,29.4,0.9432,-0.3322,23.1,21.7,21.7,station
2024-04-21,20.6,18.5,17.7,19.9,16.7,20.1,18.5,16.3,19.2,16.9,18.68,1.59,0.48,69,61,27.7,25.01,5.0,0.9373,-0.3484,19.8,20.0,20.0,station
2024-04-22,21.0,21.3,22.7,21.4,19.9,20.7,21.0,20.9,22.0,19.2,21.26,1.0,0.5,64,53,16.3,26.18,0.0,0.9312,-0.3645,21.4,22.8,22.8,station
2024-04-23,24.0,23.9,24.3,25.4,28.8,24.1,24.1,23.1,24.5,26.5,25.28,2.06,0.82,78,54,23.0,14.49,0.2,0.9248,-0.3804,23.8,22.8,22.8,station
2024-04-24,27.1,27.3,28.0,29.8,31.8,27.1,28.2,26.7,30.5,32.0,28.8,1.99,-0.1,81,85,20.7,17.74,1.5,0.9181,-0.3963,27.5,28.9,28.9,station
2024-04-25,28.8,27.0,27.8,29.5,30.8,28.2,27.2,30.1,30.3,33.1,28.78,1.48,-1.0,81,97,31.5,15.91,1.1,0.9112,-0.412,28.9,27.8,27.8,station
2024-04-26,26.2,26.2,28.6,27.9,30.2,27.9,25.9,28.8,26.1,26.5,27.82,1.7,0.78,86,91,38.5,10.45,18.3,0.9039,-0.4276,27.9,29.4,29.4,station
2024-04-27,29.0,27.7,30.8,28.8,31.9,29.2,28.0,30.4,29.2,29.7,29.64,1.68,0.34,82,73,40.8,19.49,1.8,0.8965,-0.4431,28.9,28.3,28.3,station
2024-04-28,26.6,26.8,28.3,25.9,25.2,25.5,27.3,25.6,27.0,25.2,26.56,1.16,0.44,85,74,32.9,12.46,15.4,0.8887,-0.4585,27.1,27.2,27.2,station
2024-04-29,29.0,30.1,30.6,29.0,27.8,29.1,29.4,30.6,29.7,26.4,29.3,1.09,0.26,75,40,14.4,25.13,0.6,0.8807,-0.4737,30.0,31.1,31.1,station
2024-04-30,28.7,28.2,32.3,29.3,28.1,29.9,29.8,30.9,28.6,30.3,29.32,1.73,-0.58,78,51,21.1,20.17,0.5,0.8724,-0.4888,29.5,30.0,30.0,station
2024-05-01,28.6,27.6,29.7,29.8,29.6,28.2,27.2,28.8,30.4,29.0,29.06,0.95,0.34,89,79,23.0,9.91,24.6,0.8639,-0.5037,26.1,26.1,26.1,station
2024-05-02,26.3,27.7,24.3,27.5,26.9,29.0,26.4,27.4,29.4,29.6,26.54,1.37,-1.82,87,86,21.2,14.36,46.2,0.8551,-0.5185,26.5,26.7,26.7,station
2024-05-03,27.5,26.5,25.6,27.7,26.7,27.2,27.4,27.6,29.5,27.9,26.8,0.84,-1.12,87,92,25.0,13.46,3.1,0.846,-0.5331,26.9,23.9,23.9,station
2024-05-04,27.9,26.9,27.8,26.7,27.5,27.5,26.8,28.5,28.6,27.0,27.36,0.54,-0.32,88,95,20.8,10.5,11.3,0.8367,-0.5476,27.0,26.7,26.7,station
2024-05-05,27.8,26.1,22.9,26.5,24.9,27.8,25.4,27.9,24.3,24.3,25.64,1.85,-0.3,87,84,18.6,16.06,21.2,0.8272,-0.5619,26.9,26.7,26.7,station
2024-05-06,29.5,28.7,26.5,29.4,28.6,29.3,28.4,32.0,30.3,28.7,28.54,1.21,-1.2,83,66,28.9,19.05,4.0,0.8174,-0.5761,28.9,29.4,29.4,station
2024-05-07,31.6,32.1,31.1,31.1,32.0,31.9,31.6,32.3,30.6,32.7,31.58,0.48,-0.24,83,82,18.9,17.42,1.6,0.8074,-0.59,30.4,31.7,31.7,station
2024-05-08,31.7,31.8,33.3,33.0,35.3,32.2,32.0,34.9,32.3,35.6,33.02,1.46,-0.38,84,86,20.3,17.06,0.7,0.7971,-0.6038,31.3,31.7,31.7,station
2024-05-09,32.7,31.6,30.7,31.9,37.1,30.2,30.6,30.7,31.3,37.1,32.8,2.51,0.82,84,66,30.4,18.89,6.8,0.7866,-0.6175,31.2,33.3,33.3,station
2024-05-10,27.3,26.8,27.7,27.0,31.4,27.5,27.0,26.1,25.8,29.8,28.04,1.91,0.8,72,56,26.3,23.79,0.3,0.7759,-0.6309,27.6,28.9,28.9,station
2024-05-11,28.4,26.4,29.7,29.0,31.6,28.0,25.9,27.0,28.3,30.1,29.02,1.9,1.16,71,87,20.0,15.04,1.1,0.7649,-0.6442,26.9,27.8,27.8,station
2024-05-12,30.3,26.7,31.3,31.1,34.1,28.7,25.7,29.6,27.3,34.5,30.7,2.66,1.54,87,99,17.7,11.2,18.9,0.7537,-0.6572,25.9,23.9,23.9,station
2024-05-13,32.1,27.8,30.7,27.1,26.9,31.8,30.0,32.8,29.3,30.2,28.92,2.34,-1.9,88,64,20.1,20.25,6.0,0.7423,-0.6701,29.0,26.1,26.1,station
2024-05-14,30.0,31.6,32.0,29.6,31.0,30.5,31.8,31.5,30.0,32.3,30.84,1.02,-0.38,65,2,10.2,28.3,0.0,0.7306,-0.6828,29.9,33.3,33.3,station
2024-05-15,30.1,31.3,33.7,30.5,33.5,30.7,31.5,31.6,29.8,34.2,31.82,1.68,0.26,68,67,17.7,25.9,0.0,0.7188,-0.6952,31.1,34.4,34.4,station
2024-05-16,27.4,25.0,27.0,29.9,25.1,31.1,25.5,28.5,28.1,28.9,26.88,2.01,-1.54,81,76,29.4,11.71,26.8,0.7067,-0.7075,29.0,28.3,28.3,station
2024-05-17,29.3,27.5,27.6,30.9,28.5,29.6,27.2,32.9,32.8,27.6,28.76,1.4,-1.26,79,54,19.2,21.89,0.0,0.6945,-0.7195,27.5,30.0,30.0,station
2024-05-18,31.7,33.1,33.9,33.7,33.9,31.5,33.0,33.6,34.3,32.9,33.26,0.93,0.2,77,5,14.5,28.07,0.0,0.682,-0.7314,31.4,35.0,35.0,station
2024-05-19,31.1,31.8,33.1,31.5,34.3,31.0,32.5,32.9,33.0,35.1,32.36,1.32,-0.54,77,19,16.8,25.23,0.2,0.6693,-0.743,31.4,33.3,33.3,station
2024-05-20,31.7,32.0,34.6,33.7,35.8,32.0,32.1,33.4,32.7,35.5,33.56,1.73,0.42,71,18,20.5,26.11,0.1,0.6564,-0.7544,32.4,33.9,33.9,station
2024-05-21,33.9,32.4,34.5,34.2,36.6,33.7,32.5,34.8,35.0,37.6,34.32,1.51,-0.4,76,92,25.4,20.05,1.0,0.6433,-0.7656,33.6,34.4,34.4,station
2024-05-22,34.8,30.9,35.7,33.9,33.8,34.1,30.4,35.1,34.0,35.6,33.82,1.8,-0.02,81,86,27.4,18.03,22.5,0.6301,-0.7765,34.0,33.9,33.9,station
2024-05-23,34.1,30.8,35.5,31.5,35.7,34.0,30.9,34.9,34.1,36.8,33.52,2.26,-0.62,84,72,32.1,11.6,35.1,0.6166,-0.7873,32.6,33.9,33.9,station
2024-05-24,34.5,32.7,36.9,35.6,37.6,34.9,32.3,37.1,34.9,38.2,35.46,1.95,-0.02,78,50,25.1,21.35,0.2,0.603,-0.7978,34.9,36.7,36.7,station
2024-05-25,34.4,33.7,36.8,37.3,37.4,34.4,34.1,37.0,36.5,37.6,35.92,1.74,0.0,73,33,23.0,24.44,0.0,0.5892,-0.808,35.2,37.2,37.2,station
2024-05-26,34.2,34.2,36.6,37.0,38.5,34.5,34.1,38.9,37.4,37.6,36.1,1.87,-0.4,81,38,19.9,18.24,1.8,0.5752,-0.818,33.6,35.6,35.6,station
2024-05-27,34.5,34.9,38.4,36.3,38.6,35.2,33.6,40.7,38.4,39.0,36.54,1.91,-0.84,78,52,20.0,22.17,0.1,0.561,-0.8278,33.8,36.1,36.1,station
2024-05-28,33.3,29.2,36.8,33.0,35.8,34.1,31.0,33.2,35.3,36.1,33.62,2.95,-0.32,78,79,26.9,22.59,13.1,0.5467,-0.8373,30.9,30.6,30.6,station
2024-05-29,30.4,30.2,34.6,33.0,32.7,31.1,29.8,35.6,27.7,30.4,32.18,1.86,1.26,76,56,29.2,24.37,1.7,0.5322,-0.8466,30.5,32.2,32.2,station
2024-05-30,31.9,31.3,35.0,32.6,34.3,32.2,29.3,33.3,30.7,33.9,33.02,1.58,1.14,85,85,19.8,17.88,23.1,0.5176,-0.8556,31.2,33.3,33.3,station
2024-05-31,29.5,29.1,29.2,28.6,30.9,33.5,30.0,33.4,29.1,35.6,29.46,0.87,-2.86,84,70,19.4,19.07,2.0,0.5028,-0.8644,30.4,31.7,31.7,station
2024-06-01,30.3,30.9,33.0,32.0,31.5,30.2,29.4,37.0,32.3,31.4,31.54,1.04,-0.52,84,41,15.3,23.41,2.0,0.4878,-0.8729,30.5,32.8,32.8,station
2024-06-02,33.4,31.9,35.6,34.6,33.5,33.4,32.3,36.8,34.7,31.1,33.8,1.39,0.14,87,80,30.6,18.6,8.1,0.4728,-0.8812,30.5,33.9,33.9,station
2024-06-03,34.0,31.9,36.1,35.2,35.8,33.3,31.2,33.7,35.9,36.5,34.6,1.71,0.48,79,71,31.3,22.4,10.3,0.4575,-0.8892,34.1,33.9,33.9,station
2024-06-04,35.1,32.3,38.8,36.8,38.1,34.7,33.1,39.0,36.4,38.3,36.22,2.61,-0.08,80,75,30.5,20.92,16.1,0.4422,-0.8969,35.7,36.1,36.1,station
2024-06-05,34.3,33.7,35.3,34.8,38.1,34.1,30.9,38.5,35.3,38.4,35.24,1.71,-0.2,84,97,27.1,13.54,36.4,0.4267,-0.9044,32.0,32.2,32.2,station
2024-06-06,32.2,33.6,37.1,32.1,37.5,32.0,33.9,38.4,34.1,38.7,34.5,2.63,-0.92,76,4,11.2,27.98,0.0,0.4111,-0.9116,32.6,35.6,35.6,station
2024-06-07,33.1,33.7,36.9,34.4,36.7,32.5,33.4,38.9,32.9,37.3,34.96,1.74,-0.04,73,4,14.4,28.02,0.0,0.3953,-0.9185,32.8,35.6,35.6,station
2024-06-08,34.1,33.8,36.6,34.4,35.9,33.4,34.0,36.7,34.4,36.1,34.96,1.22,0.04,66,15,19.3,28.41,0.0,0.3795,-0.9252,33.9,35.0,35.0,station
2024-06-09,33.8,33.5,36.3,35.4,35.5,33.4,33.4,36.9,35.2,35.9,34.9,1.2,-0.06,68,36,15.9,27.76,0.0,0.3635,-0.9316,33.5,35.0,35.0,station
2024-06-10,32.9,32.8,36.4,34.6,33.4,32.7,31.4,37.1,34.3,32.5,34.02,1.51,0.42,76,34,16.7,21.2,0.8,0.3474,-0.9377,31.7,35.0,35.0,station
2024-06-11,32.9,31.3,34.1,33.2,31.4,32.9,31.5,37.2,31.7,34.3,32.58,1.21,-0.94,79,20,13.0,24.71,2.7,0.3312,-0.9436,32.4,35.0,35.0,station
2024-06-12,30.5,30.8,30.5,30.6,28.7,31.2,31.5,32.7,29.9,28.9,30.22,0.86,-0.62,82,36,12.6,20.68,13.0,0.3149,-0.9491,30.5,32.8,32.8,station
2024-06-13,32.4,33.2,35.3,33.4,32.9,32.4,33.1,33.5,34.2,32.3,33.44,1.11,0.34,76,11,11.2,26.3,1.0,0.2986,-0.9544,32.2,35.6,35.6,station
2024-06-14,33.3,33.9,35.6,35.1,35.2,33.2,33.6,36.3,34.0,33.9,34.62,0.97,0.42,67,6,12.6,27.61,0.0,0.2821,-0.9594,33.4,35.0,35.0,station
2024-06-15,33.5,33.7,36.1,35.2,34.9,33.6,33.3,38.3,35.7,35.0,34.68,1.08,-0.5,63,10,18.0,26.55,0.1,0.2656,-0.9641,33.6,35.0,35.0,station
2024-06-16,33.7,34.3,36.6,34.8,34.5,33.3,33.9,38.1,34.9,34.9,34.78,1.09,-0.24,63,20,23.2,25.5,0.3,0.2489,-0.9685,34.8,36.1,36.1,station
2024-06-17,34.1,33.8,35.6,34.3,33.8,32.5,33.6,33.8,35.3,33.5,34.32,0.75,0.58,68,20,29.6,25.55,1.9,0.2322,-0.9727,34.4,35.6,35.6,station
2024-06-18,33.6,33.0,32.6,32.2,34.2,34.9,33.2,32.6,32.2,33.9,33.12,0.79,-0.24,67,21,25.3,25.18,1.0,0.2155,-0.9765,34.0,34.4,34.4,station
2024-06-19,26.8,27.0,29.9,25.7,29.1,26.9,27.1,24.0,25.5,31.3,27.7,1.74,0.74,83,80,26.4,8.32,42.2,0.1986,-0.9801,27.9,26.7,26.7,station
2024-06-20,29.3,29.7,31.0,30.0,32.5,31.8,30.3,30.9,31.7,32.7,30.5,1.28,-0.98,83,64,25.9,20.12,14.1,0.1818,-0.9833,30.6,31.7,31.7,station
2024-06-21,31.1,31.6,31.6,31.8,32.2,31.1,31.1,33.2,32.9,33.5,31.66,0.4,-0.7,81,56,15.3,23.25,1.1,0.1648,-0.9863,31.0,33.3,33.3,station
2024-06-22,32.3,33.2,33.7,32.8,33.4,32.5,32.7,33.8,32.4,32.8,33.08,0.54,0.24,76,13,12.0,27.34,0.1,0.1478,-0.989,32.2,33.9,33.9,station
2024-06-23,32.7,33.7,35.0,34.3,34.9,32.9,33.6,32.3,33.7,34.5,34.12,0.95,0.72,70,3,9.3,29.07,0.0,0.1308,-0.9914,33.0,33.9,33.9,station
2024-06-24,33.9,33.8,35.1,35.2,35.3,34.1,34.1,36.2,35.0,35.3,34.66,0.74,-0.28,77,11,18.2,26.21,0.5,0.1137,-0.9935,33.3,35.0,35.0,station
2024-06-25,34.8,34.8,36.0,34.4,34.9,34.3,34.3,35.4,35.6,35.6,34.98,0.6,-0.06,71,19,19.1,26.82,0.0,0.0966,-0.9953,35.0,35.0,35.0,station
2024-06-26,35.2,35.7,35.3,36.4,35.6,35.3,35.0,36.6,35.8,35.8,35.64,0.47,-0.06,68,19,18.7,26.79,0.0,0.0795,-0.9968,35.1,35.0,35.0,station
2024-06-27,36.5,36.4,38.4,38.2,37.1,36.0,36.5,36.5,37.5,36.3,37.32,0.94,0.76,66,29,12.2,27.37,0.0,0.0623,-0.9981,36.0,36.7,36.7,station
2024-06-28,36.3,36.0,37.2,37.4,35.9,36.8,35.9,36.6,38.0,35.9,36.56,0.69,-0.08,65,12,19.7,27.42,0.2,0.0451,-0.999,36.2,36.1,36.1,station
2024-06-29,37.4,35.9,36.3,36.0,35.9,36.9,35.3,36.9,36.4,36.2,36.3,0.64,-0.04,64,18,24.3,26.37,0.7,0.028,-0.9996,37.1,36.7,36.7,station
2024-06-30,36.0,35.5,37.2,35.7,36.0,35.8,35.2,37.0,36.1,35.1,36.08,0.66,0.24,64,39,20.8,26.14,0.3,0.0108,-0.9999,35.8,35.6,35.6,station
2024-07-01,36.7,36.3,37.5,38.3,36.0,37.3,36.9,38.4,37.9,36.6,36.96,0.94,-0.46,58,15,18.7,28.04,0.0,-0.0065,-1.0,36.4,36.1,36.1,station
2024-07-02,37.6,37.5,38.3,38.5,37.1,37.9,37.2,37.7,38.8,36.8,37.8,0.58,0.12,52,13,18.9,28.64,0.0,-0.0237,-0.9997,37.6,37.2,37.2,station
2024-07-03,37.0,36.9,36.8,36.9,36.4,38.4,36.6,37.4,37.4,35.9,36.8,0.23,-0.34,58,26,23.4,26.56,0.0,-0.0408,-0.9992,36.5,35.6,35.6,station
2024-07-04,37.4,37.0,37.5,38.0,36.5,37.8,37.4,38.2,37.9,36.5,37.28,0.56,-0.28,60,12,21.0,28.18,0.0,-0.058,-0.9983,37.4,36.7,36.7,station
2024-07-05,36.6,36.3,37.7,37.2,36.4,37.4,36.0,40.0,38.5,37.4,36.84,0.59,-1.02,62,31,22.0,27.73,0.0,-0.0752,-0.9972,36.0,37.2,37.2,station
2024-07-06,36.1,34.6,37.5,33.6,36.3,35.8,35.2,38.2,31.2,35.9,35.62,1.53,0.36,70,75,14.8,24.36,20.9,-0.0923,-0.9957,35.5,36.7,36.7,station
2024-07-07,35.6,33.1,36.2,33.7,35.4,36.7,35.4,37.4,34.5,35.4,34.8,1.33,-1.08,75,84,21.6,25.4,4.5,-0.1094,-0.994,34.6,33.3,33.3,station
2024-07-08,33.4,32.5,32.4,33.7,32.9,35.1,30.5,31.7,34.1,32.0,32.98,0.56,0.3,66,74,31.5,24.89,0.6,-0.1265,-0.992,33.4,32.8,32.8,station
2024-07-09,35.6,34.6,35.8,35.6,35.2,35.9,34.0,36.4,35.4,34.3,35.36,0.48,0.16,60,34,14.2,23.85,0.0,-0.1436,-0.9896,34.8,34.4,34.4,station
2024-07-10,35.7,34.9,35.7,35.2,36.9,35.0,34.7,38.5,36.0,36.1,35.68,0.76,-0.38,57,32,16.2,26.31,0.0,-0.1606,-0.987,35.2,35.6,35.6,station
2024-07-11,35.3,35.1,35.6,35.6,35.2,35.7,33.6,37.2,36.3,35.5,35.36,0.23,-0.3,59,35,20.4,26.71,0.1,-0.1775,-0.9841,34.7,35.0,35.0,station
2024-07-12,32.8,32.5,33.0,30.0,33.5,33.9,31.7,32.5,31.4,33.0,32.36,1.37,-0.14,76,51,16.0,23.56,1.5,-0.1944,-0.9809,31.9,30.0,30.0,station
2024-07-13,32.1,29.5,29.7,29.0,31.7,32.8,29.7,36.9,32.5,32.5,30.4,1.4,-2.48,82,64,15.5,21.83,2.3,-0.2113,-0.9774,31.7,31.1,31.1,station
2024-07-14,31.2,32.1,35.3,31.5,33.6,32.7,32.2,36.0,31.5,31.7,32.74,1.7,-0.08,78,73,16.9,19.76,0.0,-0.2281,-0.9736,31.8,32.8,32.8,station
2024-07-15,33.9,33.9,36.8,35.1,34.6,34.4,33.2,37.2,34.9,35.0,34.86,1.2,-0.08,69,9,18.2,27.6,0.0,-0.2448,-0.9696,34.4,35.0,35.0,station
2024-07-16,35.0,34.9,37.0,35.7,36.4,34.8,34.3,38.0,35.6,35.5,35.8,0.9,0.16,60,12,31.1,27.31,0.6,-0.2614,-0.9652,35.5,36.1,36.1,station
2024-07-17,35.7,35.7,37.0,36.9,36.1,35.5,35.2,38.4,36.7,36.9,36.28,0.63,-0.26,62,47,20.9,25.11,0.0,-0.278,-0.9606,35.8,35.0,35.0,station
2024-07-18,35.5,32.3,35.6,33.1,35.6,33.7,32.2,36.8,30.4,34.4,34.42,1.6,0.92,67,80,16.6,22.98,10.3,-0.2945,-0.9557,34.6,35.0,35.0,station
2024-07-19,33.4,33.6,34.0,33.3,31.3,34.4,34.2,37.9,33.6,33.3,33.12,1.05,-1.56,66,42,14.1,24.52,0.5,-0.3109,-0.9505,33.9,33.3,33.3,station
2024-07-20,35.2,35.2,36.4,34.7,34.2,34.8,35.2,39.1,34.0,31.7,35.14,0.82,0.18,58,28,19.7,26.7,0.2,-0.3272,-0.945,34.5,34.4,34.4,station
2024-07-21,34.6,34.5,35.0,32.4,34.9,34.0,34.5,38.7,35.5,34.0,34.28,1.07,-1.06,69,45,16.6,22.25,3.8,-0.3434,-0.9392,35.9,35.6,35.6,station
2024-07-22,30.1,30.3,30.5,30.2,30.1,32.5,30.9,37.8,29.9,27.7,30.24,0.17,-1.52,82,90,16.4,16.01,5.9,-0.3595,-0.9332,31.4,32.8,32.8,station
2024-07-23,28.9,26.1,28.9,30.0,26.7,30.0,27.4,31.9,28.6,28.4,28.12,1.65,-1.14,85,92,11.1,16.34,8.7,-0.3755,-0.9268,29.6,27.2,27.2,station
2024-07-24,30.6,31.0,29.9,28.4,30.2,29.1,29.7,30.8,29.4,30.0,30.02,1.0,0.22,83,58,10.4,22.1,1.1,-0.3914,-0.9202,30.2,31.1,31.1,station
2024-07-25,29.6,30.6,31.6,30.0,28.3,29.5,30.9,30.0,29.5,30.3,30.02,1.22,-0.02,82,41,15.2,24.18,4.4,-0.4071,-0.9134,30.0,30.6,30.6,station
2024-07-26,29.5,29.2,29.7,29.6,28.3,30.3,31.2,26.2,31.0,31.7,29.26,0.57,-0.82,84,80,11.0,17.04,1.6,-0.4228,-0.9062,28.9,30.6,30.6,station
2024-07-27,29.7,30.4,30.9,28.7,30.5,28.9,30.3,26.8,28.8,29.8,30.04,0.86,1.12,81,72,23.5,20.82,1.3,-0.4383,-0.8988,29.9,29.4,29.4,station
2024-07-28,30.1,30.1,30.2,30.8,31.9,31.2,31.7,30.1,30.2,30.7,30.62,0.77,-0.16,83,64,22.7,21.45,15.4,-0.4537,-0.8912,31.1,30.0,30.0,station
2024-07-29,33.2,33.2,34.0,32.8,33.8,33.7,33.4,35.2,33.7,33.6,33.4,0.49,-0.52,76,40,22.8,24.17,0.9,-0.469,-0.8832,32.9,34.4,34.4,station
2024-07-30,33.9,33.7,34.5,33.3,35.1,33.4,33.2,35.1,33.7,34.4,34.1,0.71,0.14,72,48,25.8,24.03,0.2,-0.4841,-0.875,34.2,33.9,33.9,station
2024-07-31,34.4,33.5,35.7,33.5,36.0,34.5,33.6,36.1,33.4,35.6,34.62,1.19,-0.02,68,7,26.1,27.0,0.0,-0.4991,-0.8666,34.6,34.4,34.4,station
2024-08-01,35.0,33.6,35.9,34.2,36.3,34.8,33.5,36.3,33.8,36.4,35.0,1.13,0.04,68,44,19.3,26.7,0.1,-0.5139,-0.8578,35.0,35.0,35.0,station
2024-08-02,36.1,36.4,37.2,35.7,37.5,35.7,35.0,37.5,35.8,37.4,36.58,0.75,0.3,66,23,15.5,26.86,0.0,-0.5286,-0.8489,36.1,35.6,35.6,station
2024-08-03,37.0,36.6,38.5,37.6,38.3,35.3,37.3,39.2,37.3,38.7,37.6,0.82,0.04,66,29,13.4,26.07,0.0,-0.5431,-0.8397,36.8,36.7,36.7,station
2024-08-04,36.7,35.2,36.0,35.8,35.1,35.3,34.3,39.2,35.7,36.6,35.76,0.65,-0.46,65,40,15.5,24.86,6.4,-0.5575,-0.8302,35.9,35.0,35.0,station
2024-08-05,36.0,35.7,36.3,36.8,36.6,35.7,35.6,37.8,36.0,35.8,36.28,0.44,0.1,60,14,10.4,25.3,0.5,-0.5717,-0.8205,35.4,36.1,36.1,station
2024-08-06,36.4,37.3,37.1,36.2,36.6,36.9,37.1,38.4,37.4,37.7,36.72,0.47,-0.78,52,1,14.2,27.15,0.0,-0.5857,-0.8105,36.2,36.7,36.7,station
2024-08-07,38.4,38.6,38.6,37.8,38.5,39.3,38.5,40.0,39.7,38.8,38.38,0.33,-0.88,54,12,16.1,25.29,0.0,-0.5996,-0.8003,37.7,38.9,38.9,station
2024-08-08,37.8,37.5,38.4,38.5,37.6,38.5,37.8,40.5,38.3,37.9,37.96,0.46,-0.64,53,2,12.3,27.05,0.0,-0.6132,-0.7899,37.3,37.2,37.2,station
2024-08-09,35.9,35.8,37.6,36.7,37.6,36.6,34.9,39.0,37.9,38.8,36.72,0.88,-0.72,65,48,17.4,21.79,14.4,-0.6267,-0.7792,34.2,37.2,37.2,station
2024-08-10,35.2,35.2,37.6,34.8,35.6,36.5,34.8,36.6,34.3,36.3,35.68,1.11,-0.02,71,32,15.1,22.58,0.9,-0.64,-0.7683,34.3,36.1,36.1,station
2024-08-11,37.1,36.4,37.0,35.9,36.3,36.6,35.6,37.3,35.9,36.1,36.54,0.5,0.24,56,11,23.0,26.07,0.0,-0.6532,-0.7572,36.7,36.1,36.1,station
2024-08-12,37.0,36.5,37.1,37.2,36.2,36.8,36.4,38.0,37.0,36.3,36.8,0.43,-0.1,61,30,20.1,25.24,0.3,-0.6661,-0.7459,36.8,36.1,36.1,station
2024-08-13,36.6,36.2,37.0,36.7,36.6,36.8,36.3,38.3,35.7,36.4,36.62,0.29,-0.08,61,44,18.9,23.97,0.4,-0.6788,-0.7343,36.8,36.1,36.1,station
2024-08-14,36.5,36.6,36.5,37.2,35.8,36.3,36.4,38.5,37.5,36.2,36.52,0.5,-0.46,59,19,20.6,24.68,0.2,-0.6914,-0.7225,36.6,36.7,36.7,station
2024-08-15,37.4,37.7,37.1,37.8,36.8,37.5,37.9,38.9,37.9,36.3,37.36,0.42,-0.34,58,36,19.5,24.91,0.0,-0.7037,-0.7105,37.3,37.2,37.2,station
2024-08-16,37.7,38.0,37.4,38.0,37.5,38.1,38.2,39.0,38.4,36.9,37.72,0.28,-0.4,55,31,20.2,25.53,0.0,-0.7158,-0.6983,37.6,37.2,37.2,station
2024-08-17,38.0,37.7,37.6,38.3,37.5,37.8,38.0,39.1,38.9,37.6,37.82,0.33,-0.46,56,41,17.6,25.22,0.0,-0.7277,-0.6859,37.1,37.2,37.2,station
2024-08-18,37.6,37.6,38.4,39.2,36.8,38.4,38.2,39.6,39.0,37.5,37.92,0.91,-0.62,52,82,17.0,24.71,0.0,-0.7394,-0.6733,37.2,37.8,37.8,station
2024-08-19,38.8,38.7,39.6,40.1,38.8,39.8,39.1,41.5,41.0,38.7,39.2,0.62,-0.82,47,37,15.0,25.99,0.0,-0.7509,-0.6605,38.5,38.9,38.9,station
2024-08-20,40.0,40.2,40.8,40.9,40.0,40.6,40.2,42.6,42.5,40.5,40.38,0.44,-0.9,40,39,17.7,25.96,0.0,-0.7621,-0.6474,40.2,40.0,40.0,station
2024-08-21,40.8,40.3,41.2,41.8,40.7,40.8,40.2,43.4,40.7,39.5,40.96,0.57,0.04,41,8,18.3,25.25,0.0,-0.7731,-0.6342,41.1,41.1,41.1,station
2024-08-22,39.0,39.6,40.0,39.4,40.3,38.4,38.5,40.9,40.0,39.5,39.66,0.51,0.2,49,64,22.7,21.18,0.3,-0.7839,-0.6208,38.8,40.6,40.6,station
2024-08-23,36.7,37.3,36.8,35.6,37.7,37.6,37.0,37.3,35.7,36.5,36.82,0.79,0.0,60,88,19.8,16.96,1.2,-0.7945,-0.6073,35.1,37.2,37.2,station
2024-08-24,35.4,34.8,36.8,35.7,35.3,36.6,35.9,36.7,36.0,37.0,35.6,0.74,-0.84,55,43,21.9,24.46,0.0,-0.8048,-0.5935,36.4,36.1,36.1,station
2024-08-25,36.2,35.5,36.4,36.5,36.2,35.0,34.3,37.2,36.4,35.4,36.16,0.39,0.5,56,10,17.3,23.19,0.7,-0.8149,-0.5796,36.1,35.6,35.6,station
2024-08-26,32.9,32.0,31.8,33.4,33.3,32.4,32.5,35.3,34.1,34.6,32.68,0.74,-1.1,61,49,23.2,18.09,3.6,-0.8248,-0.5655,31.7,32.8,32.8,station
2024-08-27,32.0,29.6,32.4,30.4,32.0,32.5,29.7,34.6,32.2,34.6,31.28,1.21,-1.44,74,57,18.3,21.62,2.0,-0.8344,-0.5512,31.8,31.7,31.7,station
2024-08-28,30.6,31.4,33.7,29.8,31.6,34.1,31.9,37.0,33.2,33.5,31.42,1.46,-2.52,80,56,14.5,19.39,5.5,-0.8437,-0.5368,31.2,34.4,34.4,station
2024-08-29,31.2,31.5,33.1,32.7,32.7,32.4,32.5,35.1,31.3,31.5,32.24,0.84,-0.32,79,22,19.9,22.19,1.7,-0.8528,-0.5222,32.3,33.9,33.9,station
2024-08-30,32.7,33.3,32.8,33.2,32.8,32.7,32.9,35.0,32.6,31.9,32.96,0.27,-0.06,73,38,15.3,19.04,0.8,-0.8617,-0.5074,32.9,33.3,33.3,station
2024-08-31,33.0,33.1,32.5,32.9,33.5,33.1,34.4,34.6,33.0,31.8,33.0,0.36,-0.38,66,45,17.4,21.7,0.7,-0.8703,-0.4925,33.3,34.4,34.4,station
2024-09-01,32.6,33.1,33.0,32.4,33.0,33.1,32.9,33.0,32.1,33.5,32.82,0.3,-0.1,66,35,21.7,19.99,0.7,-0.8786,-0.4775,32.8,34.4,34.4,station
2024-09-02,30.0,29.2,32.1,31.5,31.6,31.1,30.3,33.3,31.2,28.9,30.88,1.22,-0.08,82,86,21.4,16.19,17.7,-0.8867,-0.4623,31.4,33.9,33.9,station
2024-09-03,30.3,27.0,31.8,32.9,28.6,29.8,25.5,32.8,32.8,28.3,30.12,2.38,0.28,87,99,17.4,9.83,23.7,-0.8945,-0.447,29.4,32.2,32.2,station
2024-09-04,31.5,28.9,31.0,32.8,31.2,32.1,30.2,34.9,34.9,30.8,31.08,1.41,-1.5,82,67,22.0,12.47,7.9,-0.9021,-0.4315,29.0,31.7,31.7,station
2024-09-05,29.9,29.3,30.1,29.1,28.7,29.9,29.6,29.7,30.8,32.3,29.42,0.58,-1.04,80,62,26.6,11.66,10.3,-0.9094,-0.4159,29.4,31.1,31.1,station
2024-09-06,30.2,30.2,30.6,29.9,30.4,31.1,31.1,34.3,29.9,31.0,30.26,0.26,-1.22,73,25,30.2,20.78,0.1,-0.9164,-0.4002,31.1,33.3,33.3,station
2024-09-07,28.8,30.2,32.5,31.0,30.5,28.6,29.8,33.0,30.5,28.9,30.6,1.34,0.44,57,0,30.4,24.58,0.0,-0.9232,-0.3844,29.4,32.8,32.8,station
2024-09-08,27.1,27.3,30.0,29.1,28.4,27.2,27.0,31.5,28.6,28.5,28.38,1.22,-0.18,47,0,25.3,25.3,0.0,-0.9296,-0.3685,27.6,30.6,30.6,station
2024-09-09,28.2,28.4,31.1,30.2,29.7,28.1,27.8,31.6,30.0,29.1,29.52,1.22,0.2,44,17,17.9,24.65,0.0,-0.9358,-0.3524,28.7,32.2,32.2,station
2024-09-10,30.8,31.7,32.7,33.1,32.4,31.3,30.7,33.7,32.8,30.9,32.14,0.91,0.26,45,47,18.6,21.39,0.0,-0.9418,-0.3363,32.2,32.8,32.8,station
2024-09-11,31.1,31.8,30.7,32.8,30.7,32.2,31.8,30.9,33.2,32.8,31.42,0.89,-0.76,65,19,17.8,21.52,0.0,-0.9474,-0.32,31.9,32.8,32.8,station
2024-09-12,33.2,31.9,33.0,33.5,33.3,33.4,33.2,35.1,33.0,32.7,32.98,0.63,-0.5,67,14,17.4,21.12,0.0,-0.9528,-0.3037,33.0,34.4,34.4,station
2024-09-13,35.0,35.1,36.2,36.2,36.7,35.2,35.4,36.3,36.5,36.2,35.84,0.75,-0.08,61,41,13.7,23.03,0.0,-0.9579,-0.2873,35.1,36.1,36.1,station
2024-09-14,34.9,35.2,36.5,35.2,34.8,36.1,35.6,38.0,36.2,36.4,35.32,0.68,-1.14,61,93,16.5,18.9,0.0,-0.9627,-0.2707,35.0,36.1,36.1,station
2024-09-15,35.2,34.7,37.8,37.1,36.5,35.9,35.2,37.9,36.9,36.0,36.26,1.29,-0.12,60,61,23.1,21.38,0.4,-0.9672,-0.2541,34.8,36.7,36.7,station
2024-09-16,34.7,35.7,35.6,35.0,36.0,34.4,35.5,37.5,34.8,36.2,35.4,0.53,-0.28,59,7,11.4,22.0,0.0,-0.9714,-0.2375,34.3,36.1,36.1,station
2024-09-17,34.4,35.5,36.3,35.7,35.6,35.0,36.1,37.3,35.3,35.4,35.5,0.69,-0.32,58,16,22.6,20.97,0.3,-0.9753,-0.2207,34.1,35.0,35.0,station
2024-09-18,35.5,34.9,35.8,35.3,35.4,35.9,35.7,37.4,35.8,35.8,35.38,0.33,-0.74,60,19,18.8,20.44,0.5,-0.979,-0.2039,35.6,36.7,36.7,station
2024-09-19,35.3,36.1,36.8,35.9,35.5,35.4,36.2,37.9,35.7,35.6,35.92,0.58,-0.24,63,7,18.1,21.2,0.1,-0.9824,-0.187,35.9,36.7,36.7,station
2024-09-20,35.8,35.7,36.6,35.3,34.5,36.3,36.2,38.0,35.7,35.3,35.58,0.77,-0.72,62,9,17.2,21.48,0.0,-0.9854,-0.1701,35.9,37.2,37.2,station
2024-09-21,35.6,34.8,35.6,34.1,34.3,35.6,35.0,35.9,34.4,33.9,34.88,0.7,-0.08,58,25,20.3,21.38,0.0,-0.9882,-0.1531,36.1,35.6,35.6,station
2024-09-22,34.7,34.0,34.1,34.5,33.4,34.0,33.8,36.5,34.7,33.8,34.14,0.5,-0.42,61,39,19.9,19.67,0.8,-0.9907,-0.1361,34.9,35.6,35.6,station
2024-09-23,34.5,33.4,34.9,32.6,32.9,33.8,34.4,36.4,33.0,33.3,33.66,1.0,-0.52,62,56,17.5,18.96,0.0,-0.9929,-0.1191,32.9,34.4,34.4,station
2024-09-24,33.9,33.1,33.1,33.5,30.5,33.5,33.0,36.3,32.2,32.2,32.82,1.34,-0.62,67,36,23.5,19.84,0.8,-0.9948,-0.102,33.4,33.9,33.9,station
2024-09-25,31.1,32.9,34.2,30.5,31.6,31.7,32.3,34.4,32.4,32.4,32.06,1.49,-0.58,63,9,28.1,19.97,0.1,-0.9964,-0.0848,33.5,36.1,36.1,station
2024-09-26,30.4,29.9,30.8,30.9,29.2,30.2,30.5,32.2,29.6,28.4,30.24,0.7,0.06,48,0,20.2,22.48,0.0,-0.9977,-0.0677,30.0,31.7,31.7,station
2024-09-27,33.0,32.9,33.1,32.9,32.4,32.5,32.1,34.6,32.0,31.3,32.86,0.27,0.36,48,0,16.6,22.35,0.0,-0.9987,-0.0505,32.2,34.4,34.4,station
2024-09-28,32.8,33.0,33.7,33.3,33.4,33.4,33.3,36.0,33.0,33.4,33.24,0.35,-0.58,46,0,15.5,22.14,0.0,-0.9994,-0.0333,32.9,35.0,35.0,station
2024-09-29,33.0,33.0,34.1,33.3,32.8,32.6,32.8,35.3,33.1,32.7,33.24,0.51,-0.06,44,0,15.2,22.29,0.0,-0.9999,-0.0161,32.6,34.4,34.4,station
2024-09-30,33.3,33.9,34.3,34.7,34.1,33.6,33.9,35.6,34.4,33.7,34.06,0.52,-0.18,50,0,10.2,21.87,0.0,-1.0,0.0011,33.1,35.0,35.0,station
2024-10-01,34.7,34.6,35.0,34.9,34.5,34.7,34.3,36.7,35.4,34.3,34.74,0.21,-0.34,48,0,18.0,21.37,0.0,-0.9998,0.0183,34.0,35.6,35.6,station
2024-10-02,33.1,33.3,33.6,33.8,33.8,32.9,33.0,35.5,33.6,33.8,33.52,0.31,-0.24,46,0,10.5,21.13,0.0,-0.9994,0.0355,32.4,33.9,33.9,station
2024-10-03,33.4,33.1,34.0,34.1,33.8,33.5,32.7,35.5,34.3,34.2,33.68,0.42,-0.36,49,4,12.8,20.58,0.0,-0.9986,0.0527,33.3,34.4,34.4,station
2024-10-04,33.8,33.1,33.9,34.1,33.5,34.3,32.7,35.0,34.2,33.2,33.68,0.39,-0.2,44,0,20.3,21.11,0.0,-0.9976,0.0698,33.2,35.0,35.0,station
2024-10-05,33.1,32.4,33.1,33.5,33.2,33.5,32.4,35.5,33.2,33.2,33.06,0.4,-0.5,51,10,14.9,19.51,0.0,-0.9962,0.087,33.2,33.9,33.9,station
2024-10-06,33.4,32.6,33.0,33.5,33.9,33.8,32.7,35.6,33.4,33.8,33.28,0.5,-0.58,56,4,16.6,19.79,0.0,-0.9946,0.1041,33.1,33.9,33.9,station
2024-10-07,33.8,33.3,33.8,33.9,33.2,34.0,32.9,35.8,33.7,33.6,33.6,0.32,-0.4,44,19,18.1,19.7,0.0,-0.9926,0.1212,33.6,33.9,33.9,station
2024-10-08,33.0,33.1,33.4,32.9,32.8,33.1,32.6,35.2,33.0,31.3,33.04,0.23,-0.0,45,0,17.8,20.31,0.0,-0.9904,0.1383,32.8,33.3,33.3,station
2024-10-09,32.8,31.8,33.1,32.4,31.9,32.5,32.1,34.7,32.2,31.4,32.4,0.56,-0.18,36,0,9.7,20.56,0.0,-0.9879,0.1553,32.2,33.3,33.3,station
2024-10-10,34.5,33.8,34.2,34.6,33.9,34.0,33.5,35.9,34.6,33.1,34.2,0.35,-0.02,35,0,11.6,20.21,0.0,-0.9851,0.1722,34.2,34.4,34.4,station
2024-10-11,33.8,32.5,33.0,33.5,33.6,33.9,32.7,35.4,33.3,33.5,33.28,0.53,-0.48,44,0,14.9,20.24,0.0,-0.9819,0.1892,33.6,33.3,33.3,station
2024-10-12,34.7,33.1,33.8,33.4,33.4,34.5,33.1,34.8,32.9,34.1,33.68,0.62,-0.2,47,0,18.8,20.26,0.0,-0.9785,0.206,34.7,34.4,34.4,station
2024-10-13,37.6,36.1,36.7,36.9,35.5,36.7,35.5,35.8,36.3,34.8,36.56,0.8,0.74,44,0,20.7,20.02,0.0,-0.9749,0.2228,37.4,36.7,36.7,station
2024-10-14,34.8,33.6,34.5,34.1,34.0,35.6,34.3,36.8,34.8,34.1,34.2,0.46,-0.92,30,0,16.9,19.84,0.0,-0.9709,0.2396,34.7,36.1,36.1,station
2024-10-15,36.4,35.2,36.5,36.5,35.2,36.7,34.3,35.8,36.1,34.8,35.96,0.69,0.42,32,0,11.5,19.78,0.0,-0.9666,0.2562,35.9,36.1,36.1,station
2024-10-16,25.2,24.6,25.6,24.5,25.1,26.5,23.8,26.1,26.2,23.2,25.0,0.45,-0.16,30,2,27.3,19.08,0.0,-0.9621,0.2728,25.9,22.8,22.8,station
2024-10-17,25.4,22.5,25.6,24.5,25.9,25.3,23.0,27.0,24.4,25.2,24.78,1.38,-0.2,30,8,18.2,19.29,0.0,-0.9572,0.2893,25.2,24.4,24.4,station
2024-10-18,28.9,26.6,28.6,27.9,29.6,28.8,27.1,29.3,26.8,29.8,28.32,1.14,-0.04,53,41,22.6,12.93,0.2,-0.9521,0.3057,27.9,28.3,28.3,station
2024-10-19,28.9,26.5,27.5,28.6,29.8,29.3,27.0,30.6,28.7,29.4,28.26,1.28,-0.74,57,8,16.7,18.39,0.0,-0.9467,0.3221,29.6,29.4,29.4,station
2024-10-20,29.2,27.6,28.7,28.4,29.7,28.9,26.5,30.8,29.4,29.9,28.72,0.8,-0.38,55,0,12.6,18.92,0.0,-0.941,0.3383,29.1,30.0,30.0,station
2024-10-21,29.8,28.2,28.6,28.8,30.0,29.7,27.9,31.3,28.3,30.0,29.08,0.78,-0.36,57,8,16.6,18.39,0.0,-0.9351,0.3545,29.8,30.0,30.0,station
2024-10-22,31.4,29.3,30.8,31.1,31.7,30.8,29.2,32.3,30.8,31.3,30.86,0.93,-0.02,68,29,16.6,12.84,0.1,-0.9288,0.3705,30.9,31.1,31.1,station
2024-10-23,31.6,30.2,31.9,31.6,32.5,31.9,30.3,33.2,31.9,32.6,31.56,0.84,-0.42,65,1,15.5,18.15,0.0,-0.9223,0.3864,31.2,32.2,32.2,station
2024-10-24,31.3,29.7,30.9,31.0,31.9,31.6,29.4,32.7,31.3,32.0,30.96,0.8,-0.44,66,20,20.3,15.56,0.1,-0.9155,0.4022,31.2,31.7,31.7,station
2024-10-25,32.0,30.0,31.4,32.1,32.1,31.9,30.1,32.9,32.2,32.1,31.52,0.9,-0.32,64,24,18.3,16.84,0.0,-0.9085,0.4179,31.8,32.2,32.2,station
2024-10-26,32.2,31.5,32.7,31.8,33.0,32.2,31.0,33.3,31.8,32.9,32.24,0.62,0.0,56,22,14.5,16.8,0.0,-0.9012,0.4335,32.3,33.3,33.3,station
2024-10-27,32.5,31.8,32.0,32.5,32.5,32.5,31.6,33.5,32.4,32.4,32.26,0.34,-0.22,56,8,19.5,16.68,0.0,-0.8936,0.4489,32.8,32.8,32.8,station
2024-10-28,32.1,29.8,31.2,32.0,32.1,32.0,29.9,33.5,31.6,31.5,31.44,0.99,-0.26,61,28,29.4,12.87,0.2,-0.8857,0.4642,31.5,32.2,32.2,station
2024-10-29,30.3,28.4,31.4,28.9,31.4,28.0,27.9,29.1,29.9,31.0,30.08,1.39,0.9,67,25,32.7,14.58,0.6,-0.8776,0.4794,31.0,31.1,31.1,station
2024-10-30,31.1,30.3,32.4,32.6,33.3,31.9,30.1,32.3,32.2,32.5,31.94,1.21,0.14,69,44,28.6,12.46,1.1,-0.8692,0.4944,31.5,33.3,33.3,station
2024-10-31,30.9,26.2,28.7,29.2,28.3,30.4,25.9,31.7,28.7,26.6,28.66,1.69,0.0,66,35,20.1,14.38,1.1,-0.8606,0.5093,28.3,30.0,30.0,station
2024-11-01,28.2,25.6,26.4,27.8,26.3,29.9,25.6,30.7,29.3,27.7,26.86,1.09,-1.78,69,83,18.2,8.05,0.3,-0.8517,0.524,28.8,25.0,25.0,station
2024-11-02,26.4,25.4,28.6,26.5,27.5,28.9,26.0,29.0,25.8,26.0,26.88,1.22,-0.26,76,69,26.8,9.96,1.1,-0.8426,0.5386,29.3,27.8,27.8,station
2024-11-03,31.5,28.3,31.2,30.2,28.5,32.1,28.1,31.5,30.3,29.2,29.94,1.49,-0.3,71,63,34.1,11.17,0.0,-0.8332,0.553,31.2,31.1,31.1,station
2024-11-04,30.3,28.0,32.9,26.2,27.8,30.0,28.1,27.9,26.1,27.0,29.04,2.61,1.22,75,70,38.7,12.19,8.0,-0.8235,0.5672,29.9,30.6,30.6,station
2024-11-05,23.0,19.7,19.4,23.2,19.6,21.8,19.6,23.2,22.3,19.8,20.98,1.94,-0.36,65,60,25.3,11.53,11.2,-0.8137,0.5813,21.3,22.8,22.8,station
2024-11-06,24.2,23.0,24.5,23.8,20.8,24.6,22.7,26.9,25.4,20.0,23.26,1.49,-0.66,64,12,11.7,16.89,0.0,-0.8035,0.5952,24.5,27.2,27.2,station
2024-11-07,26.5,25.7,26.1,28.9,27.0,24.2,22.7,27.4,28.8,23.2,26.84,1.25,1.58,78,83,16.9,8.91,3.1,-0.7932,0.609,28.5,30.6,30.6,station
2024-11-08,28.0,25.4,27.2,29.7,29.7,28.9,24.7,27.1,29.3,27.7,28.0,1.82,0.46,80,70,20.5,11.8,2.2,-0.7826,0.6225,29.1,31.7,31.7,station
2024-11-09,23.0,22.1,25.2,23.8,21.4,23.7,22.5,25.0,24.4,19.9,23.1,1.48,0.0,51,8,17.5,16.26,0.0,-0.7718,0.6359,23.3,26.1,26.1,station
2024-11-10,26.7,26.9,29.0,27.6,29.5,25.6,26.2,28.0,26.8,25.7,27.94,1.25,1.48,56,25,10.7,15.91,0.0,-0.7607,0.6491,27.5,30.6,30.6,station
2024-11-11,25.8,26.8,27.7,26.8,28.7,24.4,26.9,27.8,26.2,27.4,27.16,1.09,0.62,64,15,10.4,15.44,0.0,-0.7494,0.6621,26.0,28.9,28.9,station
2024-11-12,26.2,25.1,28.1,26.7,28.4,25.3,25.6,27.8,26.5,27.6,26.9,1.37,0.34,63,1,14.2,15.6,0.0,-0.7379,0.6749,27.6,27.8,27.8,station
2024-11-13,28.4,27.4,29.2,29.3,29.9,27.8,27.1,28.4,28.8,30.4,28.84,0.97,0.34,57,21,18.2,14.8,0.0,-0.7262,0.6875,29.0,30.6,30.6,station
2024-11-14,22.3,22.2,22.9,22.9,23.1,22.3,22.4,23.8,23.0,23.2,22.68,0.4,-0.26,42,0,18.1,16.41,0.0,-0.7143,0.6998,22.9,24.4,24.4,station
2024-11-15,23.6,22.7,24.7,24.2,24.3,23.0,22.7,24.6,22.7,23.0,23.9,0.78,0.7,41,0,14.7,16.22,0.0,-0.7021,0.712,23.9,25.0,25.0,station
2024-11-16,26.5,24.8,26.1,27.8,28.4,26.1,25.0,28.1,27.6,28.0,26.72,1.42,-0.24,67,68,20.2,14.68,0.0,-0.6898,0.724,27.4,27.8,27.8,station
2024-11-17,29.1,27.5,30.1,30.8,31.9,28.5,26.8,28.2,30.1,30.7,29.88,1.68,1.02,76,93,27.3,12.05,2.4,-0.6772,0.7358,29.8,29.4,29.4,station
2024-11-18,25.7,23.9,23.4,26.3,23.8,25.2,24.1,25.6,27.1,25.6,24.62,1.29,-0.9,66,59,30.2,9.68,16.3,-0.6645,0.7473,25.9,26.1,26.1,station
2024-11-19,26.0,25.5,26.5,24.4,23.0,25.7,24.7,27.0,27.3,22.0,25.08,1.4,-0.26,48,0,14.3,15.65,0.0,-0.6515,0.7586,26.3,28.9,28.9,station
2024-11-20,18.6,18.7,18.9,18.6,19.8,18.6,18.0,19.7,17.7,18.8,18.92,0.51,0.36,41,0,20.5,15.74,0.0,-0.6384,0.7697,18.5,20.0,20.0,station
2024-11-21,21.9,20.9,22.5,21.5,22.1,21.0,20.3,20.8,20.6,21.1,21.78,0.61,1.02,47,1,7.9,15.4,0.0,-0.625,0.7806,20.8,22.2,22.2,station
2024-11-22,23.2,22.7,21.9,22.9,23.5,22.5,23.2,22.6,23.2,23.3,22.84,0.61,-0.12,48,34,9.0,15.13,0.0,-0.6115,0.7912,22.4,25.0,25.0,station
2024-11-23,24.3,23.2,24.5,24.0,24.5,24.2,23.7,24.7,23.8,24.2,24.1,0.54,-0.02,51,0,17.6,15.03,0.0,-0.5978,0.8016,24.0,25.6,25.6,station
2024-11-24,26.8,26.1,27.1,26.7,28.3,27.0,26.2,27.2,27.6,28.2,27.0,0.81,-0.24,70,12,26.7,13.96,0.0,-0.584,0.8118,27.0,28.3,28.3,station
2024-11-25,27.8,25.3,28.2,28.1,29.6,28.8,25.7,29.2,28.1,30.0,27.8,1.56,-0.56,68,6,21.3,14.14,0.0,-0.5699,0.8217,26.6,30.0,30.0,station
2024-11-26,18.6,15.9,17.3,19.0,20.3,20.1,16.6,21.4,18.4,21.3,18.22,1.68,-1.34,60,53,19.8,13.05,0.0,-0.5557,0.8314,17.7,18.3,18.3,station
2024-11-27,25.4,24.6,26.3,26.6,28.0,27.9,24.8,28.1,27.6,28.6,26.18,1.29,-1.22,68,72,24.7,12.3,0.0,-0.5413,0.8408,25.5,26.7,26.7,station
2024-11-28,17.9,17.5,18.1,18.1,18.7,18.2,17.5,18.3,18.8,19.5,18.06,0.43,-0.4,49,92,22.4,10.09,0.0,-0.5268,0.85,19.2,16.1,16.1,station
2024-11-29,14.1,12.5,13.7,14.0,15.2,14.4,12.3,15.5,14.4,15.0,13.9,0.97,-0.42,47,77,16.6,14.29,0.0,-0.5121,0.859,13.7,15.0,15.0,station
2024-11-30,17.2,15.2,17.8,17.2,17.9,16.9,15.1,18.7,17.8,14.9,17.06,1.09,0.38,58,25,9.0,13.65,0.0,-0.4972,0.8676,17.2,18.3,18.3,station
2024-12-01,19.9,18.3,19.4,20.6,18.2,20.1,17.9,21.0,19.5,16.9,19.28,1.03,0.2,74,53,8.8,9.53,0.0,-0.4822,0.8761,18.3,21.7,21.7,station
2024-12-02,19.6,19.0,19.3,19.3,19.4,19.0,17.7,20.1,18.9,18.7,19.32,0.22,0.44,61,58,12.0,13.91,0.0,-0.4671,0.8842,19.0,20.6,20.6,station
2024-12-03,17.5,16.6,18.8,19.2,18.0,16.9,16.6,19.8,19.2,16.6,18.02,1.04,0.2,55,96,13.8,6.54,0.2,-0.4518,0.8921,16.7,17.8,17.8,station
2024-12-04,16.3,16.6,15.2,18.7,15.0,15.3,17.2,18.6,19.7,16.3,16.36,1.48,-1.06,82,100,11.1,3.19,6.2,-0.4364,0.8998,18.0,15.0,15.0,station
2024-12-05,16.3,14.4,14.3,15.3,17.7,15.3,15.4,20.5,17.5,17.7,15.6,1.42,-1.68,76,100,19.7,4.22,0.1,-0.4208,0.9071,16.7,16.1,16.1,station
2024-12-06,10.3,10.0,11.5,8.0,13.8,9.0,10.3,14.7,10.4,11.3,10.72,2.13,-0.42,55,92,15.8,5.22,4.2,-0.4052,0.9142,11.4,11.1,11.1,station
2024-12-07,10.0,8.7,10.2,7.5,9.9,10.9,8.8,11.9,7.3,8.8,9.26,1.15,-0.28,84,100,12.2,2.78,10.4,-0.3894,0.9211,9.0,8.3,8.3,station
2024-12-08,16.5,12.7,15.7,14.2,19.1,18.2,14.2,19.1,15.7,16.0,15.64,2.42,-1.0,87,100,17.1,5.89,1.1,-0.3735,0.9276,17.3,15.6,15.6,station
2024-12-09,26.9,23.7,24.1,23.6,26.4,26.7,23.8,27.8,23.3,25.6,24.94,1.58,-0.5,73,31,16.2,14.01,0.0,-0.3575,0.9339,26.9,29.4,29.4,station
2024-12-10,14.5,13.3,13.4,14.4,15.6,14.4,13.4,15.7,13.5,16.4,14.24,0.94,-0.44,63,24,26.6,10.35,0.0,-0.3413,0.9399,14.7,16.1,16.1,station
2024-12-11,16.4,16.0,17.4,16.3,16.4,16.3,16.1,17.2,16.0,15.9,16.5,0.53,0.2,47,1,14.7,14.34,0.0,-0.3251,0.9457,16.1,17.8,17.8,station
2024-12-12,17.0,17.0,18.0,17.6,18.7,16.2,16.8,19.6,16.8,18.6,17.66,0.72,0.06,53,59,18.9,13.22,0.0,-0.3088,0.9511,17.4,18.9,18.9,station
2024-12-13,19.9,19.0,19.6,22.3,19.9,20.4,19.4,22.0,21.7,21.5,20.14,1.26,-0.86,84,99,21.7,4.05,2.9,-0.2924,0.9563,21.4,19.4,19.4,station
2024-12-14,23.9,22.9,22.0,25.1,23.4,24.8,22.6,22.2,26.5,25.6,23.46,1.15,-0.88,87,64,16.9,11.11,2.9,-0.2759,0.9612,26.5,25.6,25.6,station
2024-12-15,25.3,23.8,24.0,24.5,24.0,24.4,24.0,25.7,25.4,24.7,24.32,0.61,-0.52,88,79,25.4,9.0,4.5,-0.2593,0.9658,25.6,26.7,26.7,station
2024-12-16,24.7,24.9,22.7,24.4,24.7,25.0,24.8,24.2,22.9,24.4,24.28,0.9,0.02,82,70,19.6,9.93,1.9,-0.2427,0.9701,25.9,26.7,26.7,station
2024-12-17,24.9,25.0,24.9,25.1,24.7,23.8,24.4,24.8,24.0,24.6,24.92,0.15,0.6,79,29,19.0,11.01,0.0,-0.226,0.9741,26.0,26.7,26.7,station
2024-12-18,19.1,19.6,19.7,20.6,18.9,19.1,19.6,19.4,19.4,20.3,19.58,0.66,0.02,71,26,23.1,9.95,3.2,-0.2092,0.9779,19.5,20.6,20.6,station
2024-12-19,17.3,16.5,16.3,17.9,17.2,17.0,16.8,18.4,18.0,16.4,17.04,0.65,-0.28,60,0,13.5,13.63,0.0,-0.1923,0.9813,17.6,20.6,20.6,station
2024-12-20,17.4,18.0,16.3,17.3,17.3,18.0,18.2,18.9,17.9,17.7,17.26,0.61,-0.88,62,0,16.9,13.78,0.0,-0.1754,0.9845,17.9,20.0,20.0,station
2024-12-21,15.1,14.0,15.6,15.8,16.0,14.8,14.4,17.4,14.7,15.5,15.3,0.8,-0.06,56,0,9.9,13.64,0.0,-0.1585,0.9874,15.8,17.2,17.2,station
2024-12-22,18.8,17.6,19.4,19.1,20.7,18.9,16.6,18.1,19.0,20.3,19.12,1.12,0.54,63,40,19.9,11.56,0.0,-0.1414,0.9899,20.2,21.1,21.1,station
2024-12-23,23.4,21.9,22.3,25.0,24.8,23.0,22.3,24.2,24.0,24.3,23.48,1.41,-0.08,74,53,25.3,10.16,0.3,-0.1244,0.9922,24.7,25.0,25.0,station
2024-12-24,24.8,23.0,25.6,24.8,26.6,24.7,23.1,25.9,25.5,26.3,24.96,1.32,-0.14,81,91,20.6,9.1,16.6,-0.1073,0.9942,25.7,25.0,25.0,station
2024-12-25,19.3,15.5,17.4,19.7,18.0,19.7,15.9,20.4,19.7,17.0,17.98,1.67,-0.56,83,90,11.4,6.63,0.1,-0.0902,0.9959,17.6,16.1,16.1,station
2024-12-26,23.2,18.1,20.9,21.7,23.2,23.7,17.4,23.9,23.0,23.9,21.42,2.1,-0.96,76,57,24.9,9.02,5.3,-0.073,0.9973,24.5,25.6,25.6,station
2024-12-27,26.2,23.4,21.5,22.2,20.7,24.6,21.4,25.4,20.6,22.4,22.8,2.14,-0.08,72,28,14.4,13.44,0.0,-0.0559,0.9984,25.6,27.2,27.2,station
2024-12-28,24.8,23.1,26.6,25.8,22.6,25.0,25.2,25.3,23.7,25.1,24.58,1.71,-0.28,69,51,20.6,10.54,13.7,-0.0387,0.9993,25.1,27.8,27.8,station
2024-12-29,22.2,22.9,24.0,21.9,20.0,22.3,23.2,22.7,21.6,20.4,22.2,1.47,0.16,57,32,12.1,13.56,0.0,-0.0215,0.9998,22.2,25.0,25.0,station
2024-12-30,27.6,25.8,31.5,27.5,24.9,26.0,26.7,27.8,25.5,23.1,27.46,2.53,1.64,53,0,19.2,14.08,0.0,-0.0043,1.0,26.6,30.0,30.0,station
2024-12-31,17.6,16.6,17.4,17.4,17.9,17.2,16.2,18.0,16.1,17.5,17.38,0.48,0.38,46,0,20.2,14.13,0.0,0.0129,0.9999,17.8,,,
2025-01-01,14.0,12.4,14.7,15.2,15.8,14.3,11.9,15.4,14.3,16.7,14.42,1.31,-0.1,67,14,16.0,13.93,0.0,0.0172,0.9999,13.9,15.6,15.6,station
2025-01-02,16.1,14.8,14.8,19.1,15.6,16.5,14.3,18.3,20.2,16.6,16.08,1.78,-1.1,71,81,10.3,6.69,0.0,0.0344,0.9994,16.4,17.2,17.2,station
2025-01-03,17.5,16.9,17.5,20.7,18.5,17.8,16.2,21.0,20.9,19.2,18.22,1.5,-0.8,84,77,9.1,6.88,0.3,0.0516,0.9987,19.8,19.4,19.4,station
2025-01-04,21.3,21.0,21.0,22.1,25.9,24.6,20.5,24.7,25.7,25.7,22.26,2.08,-1.98,87,83,25.1,5.34,1.4,0.0688,0.9976,22.1,22.8,22.8,station
2025-01-05,22.1,19.9,22.4,22.0,25.8,22.3,20.1,24.5,22.1,24.2,22.44,2.12,-0.2,62,44,27.4,11.4,0.4,0.0859,0.9963,22.6,23.9,23.9,station
2025-01-06,7.4,5.6,7.5,6.5,6.8,7.7,5.4,8.5,5.9,7.3,6.76,0.77,-0.2,46,1,27.9,14.37,0.0,0.103,0.9947,6.6,7.8,7.8,station
2025-01-07,7.0,5.9,7.3,6.7,6.4,6.9,4.9,8.2,6.3,6.1,6.66,0.54,0.18,49,12,14.9,14.34,0.0,0.1201,0.9928,7.2,8.9,8.9,station
2025-01-08,5.0,4.6,6.9,6.2,5.9,5.2,3.8,5.2,4.4,3.5,5.72,0.93,1.3,52,76,17.1,5.33,0.0,0.1372,0.9905,4.8,5.0,5.0,station
2025-01-09,4.0,3.1,5.5,4.4,1.8,3.4,3.0,5.3,4.2,2.3,3.76,1.39,0.12,69,100,20.1,1.88,28.9,0.1542,0.988,4.4,5.0,5.0,station
2025-01-10,7.1,6.2,5.0,7.0,5.9,6.4,5.7,5.2,7.1,4.8,6.24,0.86,0.4,70,62,27.8,9.25,0.8,0.1712,0.9852,8.3,6.7,6.7,station
2025-01-11,13.2,12.9,10.9,11.6,10.7,12.2,12.2,12.1,11.8,10.0,11.86,1.14,0.2,58,18,19.2,15.12,0.0,0.1881,0.9821,13.1,15.0,15.0,station
2025-01-12,15.0,14.9,16.1,14.3,15.2,14.5,14.9,12.9,12.3,12.3,15.1,0.65,1.72,61,44,16.0,14.39,0.0,0.205,0.9788,15.6,17.2,17.2,station
2025-01-13,11.2,10.5,12.2,12.5,12.3,10.4,11.2,11.2,11.2,10.3,11.74,0.86,0.88,55,79,18.0,14.47,0.0,0.2218,0.9751,11.9,13.9,13.9,station
2025-01-14,12.8,12.2,13.7,13.8,13.7,12.5,12.0,13.1,14.5,14.1,13.24,0.71,0.0,57,100,9.1,11.02,0.0,0.2385,0.9711,13.1,12.8,12.8,station
2025-01-15,12.9,12.5,15.4,15.6,14.5,12.2,13.4,15.2,15.5,11.7,14.18,1.42,0.58,59,92,12.3,6.41,0.4,0.2552,0.9669,14.8,17.2,17.2,station
2025-01-16,16.7,16.5,16.3,16.4,15.9,16.7,16.1,15.6,16.8,17.7,16.36,0.3,-0.22,53,58,12.0,14.55,0.0,0.2718,0.9624,17.1,18.9,18.9,station
2025-01-17,16.1,15.9,20.0,15.7,20.1,17.0,17.1,18.6,18.9,19.5,17.56,2.28,-0.66,65,98,21.4,3.16,0.2,0.2883,0.9575,15.5,16.1,16.1,station
2025-01-18,16.3,14.7,15.4,15.0,17.9,17.0,14.9,14.5,13.9,19.6,15.86,1.29,-0.12,50,9,22.2,15.25,0.0,0.3047,0.9524,15.2,16.1,16.1,station
2025-01-19,5.9,5.4,5.1,5.8,5.7,6.2,5.4,6.4,4.7,6.0,5.58,0.33,-0.16,37,0,24.2,15.94,0.0,0.3211,0.9471,6.2,6.1,6.1,station
2025-01-20,3.0,1.9,5.0,2.0,3.8,3.5,1.1,6.0,1.8,6.4,3.14,1.3,-0.62,41,47,18.2,9.09,0.9,0.3373,0.9414,2.6,1.1,1.1,station
2025-01-21,3.5,2.1,4.1,2.1,0.9,3.3,1.8,4.2,1.2,-0.4,2.54,1.27,0.52,60,72,23.7,8.32,1.2,0.3534,0.9355,1.5,3.3,3.3,station
2025-01-22,8.3,8.7,10.3,8.2,6.7,9.0,9.4,7.0,8.0,4.6,8.44,1.29,0.84,58,23,22.1,16.24,0.0,0.3695,0.9292,7.3,10.0,10.0,station
2025-01-23,10.9,11.2,11.6,11.4,11.5,10.8,11.1,11.1,9.9,10.1,11.32,0.28,0.72,48,40,17.2,16.1,0.0,0.3854,0.9227,11.4,12.8,12.8,station
2025-01-24,13.8,13.7,14.6,14.3,14.1,13.2,13.4,13.0,12.5,12.8,14.1,0.37,1.12,39,0,18.0,16.49,0.0,0.4012,0.916,12.9,15.0,15.0,station
2025-01-25,18.0,16.4,16.1,16.2,12.4,17.2,16.9,13.7,17.0,11.6,15.82,2.06,0.54,58,64,20.4,7.6,0.0,0.4169,0.9089,16.3,14.4,14.4,station
2025-01-26,15.0,14.9,13.6,14.6,16.5,15.3,16.2,13.8,14.0,14.4,14.92,1.04,0.18,86,100,14.9,5.49,9.1,0.4325,0.9016,15.3,12.8,12.8,station
2025-01-27,12.0,9.6,10.2,13.0,12.9,12.4,9.2,10.9,11.0,15.0,11.54,1.56,-0.16,73,100,16.1,5.13,1.0,0.4479,0.8941,11.0,11.7,11.7,station
2025-01-28,13.9,12.5,11.3,13.3,14.1,13.6,11.7,14.2,15.2,14.1,13.02,1.15,-0.74,89,100,8.9,3.92,1.6,0.4633,0.8862,13.8,11.7,11.7,station
2025-01-29,20.0,19.4,19.3,19.6,21.1,18.7,19.2,23.7,19.5,20.9,19.88,0.73,-0.52,97,100,24.3,2.75,5.7,0.4784,0.8781,20.6,21.1,21.1,station
2025-01-30,21.3,19.2,19.4,19.3,20.5,22.0,19.7,20.9,19.6,20.3,19.94,0.92,-0.56,71,97,30.2,9.63,21.7,0.4935,0.8698,21.7,20.6,20.6,station
2025-01-31,20.0,20.1,17.7,18.5,18.0,20.2,20.3,20.9,18.6,17.0,18.86,1.12,-0.54,43,8,18.1,16.92,0.0,0.5084,0.8611,20.3,22.8,22.8,station
2025-02-01,21.1,21.6,22.9,21.2,20.3,21.2,21.9,21.9,19.1,18.8,21.42,0.95,0.84,58,0,13.3,17.28,0.0,0.5231,0.8523,21.5,23.9,23.9,station
2025-02-02,23.3,24.7,26.5,24.8,26.9,23.0,24.2,23.6,22.7,23.9,25.24,1.47,1.76,60,0,18.5,16.91,0.0,0.5377,0.8432,23.4,26.7,26.7,station
2025-02-03,25.3,25.9,26.0,27.9,29.7,24.3,26.4,27.0,26.6,29.7,26.96,1.82,0.16,83,23,20.0,13.02,0.2,0.5521,0.8338,26.2,28.9,28.9,station
2025-02-04,26.0,25.3,24.2,26.9,29.7,25.3,25.3,27.4,28.5,30.2,26.42,2.08,-0.92,82,30,16.6,12.84,0.1,0.5664,0.8242,27.0,27.8,27.8,station
2025-02-05,25.4,25.3,23.6,26.3,29.2,25.9,26.0,24.7,26.5,29.4,25.96,2.06,-0.54,84,69,21.2,9.88,0.8,0.5805,0.8143,26.2,25.0,25.0,station
2025-02-06,27.3,25.8,25.8,27.7,30.2,26.7,26.3,26.8,28.3,30.3,27.36,1.81,-0.32,82,35,18.3,10.21,0.1,0.5944,0.8042,27.1,27.8,27.8,station
2025-02-07,26.4,25.8,23.2,26.2,30.6,26.2,25.3,28.8,27.3,30.2,26.44,2.66,-1.12,81,54,21.2,13.69,0.2,0.6081,0.7938,27.5,26.7,26.7,station
2025-02-08,29.1,28.1,29.7,28.2,31.6,28.9,29.0,29.7,27.8,31.7,29.34,1.43,-0.08,75,55,25.4,14.56,0.0,0.6217,0.7833,30.0,30.6,30.6,station
2025-02-09,20.4,21.0,20.4,21.1,22.4,20.2,21.5,28.2,20.9,28.8,21.06,0.82,-2.86,77,98,16.6,5.01,0.9,0.6351,0.7725,20.4,21.1,21.1,station
2025-02-10,16.9,10.9,12.4,16.7,21.5,19.2,11.6,19.9,17.4,24.7,15.68,4.18,-2.88,78,100,15.5,5.83,0.5,0.6483,0.7614,16.4,10.6,10.6,station
2025-02-11,16.9,11.6,14.0,16.6,19.6,23.4,10.3,23.0,21.5,25.1,15.74,3.05,-4.92,90,100,16.3,6.33,25.4,0.6613,0.7502,15.4,11.1,11.1,station
2025-02-12,25.9,11.7,18.0,21.3,21.0,27.5,10.1,26.2,23.9,23.7,19.58,5.23,-2.7,82,72,22.3,11.92,10.3,0.6741,0.7387,18.3,12.2,12.2,station
2025-02-13,8.4,5.7,6.3,8.0,7.2,10.9,5.7,9.9,9.1,10.5,7.12,1.13,-2.1,59,65,23.1,10.45,0.0,0.6867,0.727,6.5,7.8,7.8,station
2025-02-14,12.7,9.6,10.6,9.5,11.4,13.9,9.4,11.4,10.1,11.4,10.76,1.34,-0.48,71,88,11.6,5.95,0.3,0.6991,0.715,10.3,8.3,8.3,station
2025-02-15,23.4,21.3,22.8,22.4,24.1,22.7,19.8,25.8,21.7,24.3,22.8,1.06,-0.06,78,68,26.3,11.66,0.5,0.7113,0.7029,23.2,22.2,22.2,station
2025-02-16,12.4,11.8,10.5,12.9,12.0,13.8,11.1,13.3,14.0,12.9,11.92,0.9,-1.1,57,10,24.4,19.16,0.0,0.7233,0.6906,12.3,12.8,12.8,station
2025-02-17,15.6,15.6,15.4,15.0,16.3,15.9,15.1,18.7,15.5,16.5,15.58,0.47,-0.76,68,37,21.2,18.39,0.0,0.735,0.678,16.7,16.7,16.7,station
2025-02-18,21.9,16.5,18.3,20.2,22.4,21.8,16.0,19.5,20.7,24.7,19.86,2.47,-0.68,87,98,24.7,8.46,5.0,0.7466,0.6653,19.7,16.1,16.1,station
2025-02-19,4.5,-0.1,2.1,2.0,4.4,5.0,-0.1,10.4,3.7,7.3,2.58,1.92,-2.68,56,66,26.6,17.07,0.0,0.7579,0.6523,3.5,-1.7,-1.7,station
2025-02-20,2.7,1.1,1.4,1.5,1.3,3.1,0.6,5.9,2.7,1.7,1.6,0.63,-1.2,52,21,22.8,19.65,0.0,0.769,0.6392,2.6,2.2,2.2,station
2025-02-21,2.9,1.6,1.7,0.5,1.7,2.3,1.7,2.1,-0.7,1.7,1.68,0.85,0.26,57,100,13.1,5.6,0.6,0.7799,0.6259,2.7,3.3,3.3,station
2025-02-22,6.6,5.9,3.6,4.3,4.1,5.4,5.1,4.9,3.2,5.1,4.9,1.28,0.16,73,100,10.9,5.19,1.2,0.7906,0.6124,5.3,5.0,5.0,station
2025-02-23,17.2,15.7,14.2,14.8,16.4,16.5,13.4,18.1,14.9,14.6,15.66,1.2,0.16,80,63,9.1,15.04,0.0,0.801,0.5987,17.5,17.8,17.8,station
2025-02-24,22.1,20.6,21.5,18.5,22.7,21.9,19.3,22.2,19.8,21.7,21.08,1.64,0.1,74,0,16.1,20.39,0.0,0.8112,0.5848,21.5,23.9,23.9,station
2025-02-25,22.4,23.2,21.0,22.8,25.2,22.9,22.5,23.4,20.3,24.7,22.92,1.52,0.16,77,7,18.5,19.62,0.0,0.8211,0.5708,22.5,25.0,25.0,station
2025-02-26,24.6,24.0,25.5,26.1,27.9,24.0,23.5,25.6,24.8,27.8,25.62,1.51,0.48,76,69,21.5,17.51,0.0,0.8308,0.5566,25.6,27.8,27.8,station
2025-02-27,19.4,19.8,21.0,20.1,20.5,17.7,19.9,17.5,18.8,20.4,20.16,0.62,1.3,55,97,23.8,11.35,0.0,0.8402,0.5422,20.2,20.0,20.0,station
2025-02-28,22.7,23.2,23.7,23.5,24.6,21.9,23.0,21.1,23.6,23.8,23.54,0.7,0.86,52,20,6.8,19.99,0.0,0.8495,0.5277,23.0,25.0,25.0,station
2025-03-01,26.7,27.6,27.5,27.9,28.6,26.4,27.0,25.1,27.6,28.7,27.66,0.69,0.7,55,32,10.9,20.52,0.0,0.8584,0.513,27.3,28.3,28.3,station
2025-03-02,26.1,25.7,26.0,25.9,28.1,25.9,24.7,25.2,25.4,28.9,26.36,0.98,0.34,60,47,29.9,19.91,0.0,0.8671,0.4981,27.0,26.1,26.1,station
2025-03-03,26.7,24.6,20.8,27.8,29.2,25.0,24.2,23.2,27.6,28.0,25.82,3.27,0.22,77,95,28.1,12.14,1.3,0.8755,0.4831,27.5,26.1,26.1,station
2025-03-04,23.4,23.9,23.7,23.5,22.0,23.4,24.0,24.6,24.8,23.4,23.3,0.75,-0.74,51,41,40.4,21.55,7.6,0.8837,0.468,23.9,24.4,24.4,station
2025-03-05,20.6,20.5,21.2,19.3,21.6,20.9,20.5,20.2,19.3,20.6,20.64,0.87,0.34,40,9,18.1,22.05,0.0,0.8916,0.4527,21.1,21.7,21.7,station
2025-03-06,21.6,22.6,22.9,22.3,23.8,22.8,23.0,22.6,20.3,23.8,22.64,0.81,0.14,43,57,24.2,21.44,0.0,0.8993,0.4373,23.0,23.3,23.3,station
2025-03-07,28.9,28.1,28.5,27.8,31.0,28.7,28.1,29.1,27.5,31.2,28.86,1.27,-0.06,67,60,22.0,17.59,0.0,0.9067,0.4218,28.8,27.8,27.8,station
2025-03-08,23.3,22.7,29.5,26.9,22.8,25.3,20.7,26.2,28.6,25.3,25.04,3.04,-0.18,77,57,25.2,16.85,1.8,0.9138,0.4061,28.0,27.2,27.2,station
2025-03-09,16.2,16.7,14.3,17.5,16.8,17.2,17.4,16.3,18.6,16.8,16.3,1.21,-0.96,56,36,27.0,17.69,0.0,0.9207,0.3904,17.9,17.2,17.2,station
2025-03-10,24.9,24.5,24.7,23.7,24.3,24.4,25.1,23.8,23.9,23.0,24.42,0.46,0.38,51,3,12.8,22.99,0.0,0.9272,0.3745,24.5,25.6,25.6,station
2025-03-11,27.1,27.3,27.3,27.0,27.1,26.9,27.2,25.9,26.0,26.8,27.16,0.13,0.6,39,5,21.6,23.03,0.0,0.9335,0.3585,26.9,27.8,27.8,station
2025-03-12,32.9,28.6,30.7,31.9,33.5,32.9,28.8,31.8,31.7,32.2,31.52,1.95,0.04,60,25,28.3,18.75,0.0,0.9396,0.3424,32.5,31.1,31.1,station
2025-03-13,33.6,31.6,33.2,32.9,31.3,33.6,31.6,30.6,32.8,31.7,32.52,1.01,0.46,22,50,20.1,22.56,0.0,0.9453,0.3261,32.1,32.8,32.8,station
2025-03-14,33.7,33.1,31.7,33.1,33.7,34.5,33.1,30.3,32.5,32.4,33.06,0.82,0.5,50,44,23.3,21.94,0.0,0.9508,0.3098,35.0,36.1,36.1,station
2025-03-15,25.3,25.1,25.2,25.2,25.0,25.6,25.9,25.2,25.3,25.1,25.16,0.11,-0.26,25,37,36.4,22.94,2.3,0.956,0.2934,24.9,25.0,25.0,station
2025-03-16,26.9,26.3,26.2,25.2,26.6,26.9,25.5,26.1,24.6,26.3,26.24,0.64,0.36,28,0,22.6,23.81,0.0,0.9609,0.2769,26.2,26.7,26.7,station
2025-03-17,28.5,28.8,27.7,28.1,29.1,29.1,28.7,25.4,27.6,28.8,28.44,0.55,0.52,38,29,24.6,23.17,0.0,0.9655,0.2604,27.2,28.9,28.9,station
2025-03-18,29.1,27.5,28.4,28.6,30.7,29.0,27.3,28.0,28.5,31.0,28.86,1.18,0.1,57,43,30.9,22.85,0.0,0.9698,0.2437,29.0,29.4,29.4,station
2025-03-19,26.2,25.1,25.2,25.3,25.7,26.8,24.8,25.5,26.1,26.2,25.5,0.45,-0.38,39,14,30.8,24.87,0.2,0.9739,0.227,25.7,26.1,26.1,station
2025-03-20,21.7,21.3,20.6,20.7,21.3,21.8,21.7,21.0,20.9,21.9,21.12,0.46,-0.34,24,0,22.6,24.75,0.0,0.9777,0.2102,20.6,21.1,21.1,station
2025-03-21,25.7,26.1,25.2,25.9,26.5,25.9,26.0,24.8,26.1,26.5,25.88,0.48,0.02,37,0,25.0,24.15,0.0,0.9811,0.1934,25.3,26.1,26.1,station
2025-03-22,29.4,28.5,28.7,28.6,30.3,29.3,28.5,29.2,29.0,30.3,29.1,0.76,-0.16,62,6,26.1,23.53,0.0,0.9843,0.1765,29.3,28.9,28.9,station
2025-03-23,30.9,27.8,28.2,30.7,28.9,31.3,29.1,32.2,30.3,30.1,29.3,1.43,-1.3,70,83,22.4,14.54,2.9,0.9872,0.1595,31.5,31.1,31.1,station
2025-03-24,29.4,29.5,28.1,26.7,30.5,28.6,29.6,29.2,28.1,30.4,28.84,1.47,-0.34,41,20,18.6,23.95,0.0,0.9898,0.1425,29.0,28.3,28.3,station
2025-03-25,32.3,32.2,31.7,31.2,33.2,32.5,31.6,29.5,29.5,33.7,32.12,0.75,0.76,53,36,14.9,22.42,0.0,0.9921,0.1255,32.4,31.7,31.7,station
2025-03-26,30.1,26.4,29.1,27.7,30.1,30.7,27.0,28.8,27.9,30.1,28.68,1.61,-0.22,78,100,15.0,11.61,12.0,0.9941,0.1084,28.6,27.2,27.2,station
2025-03-27,19.7,19.5,21.2,20.6,20.1,22.7,21.0,19.0,20.8,22.8,20.22,0.69,-1.04,95,100,19.8,6.16,32.4,0.9958,0.0913,20.4,20.0,20.0,station
2025-03-28,23.9,23.5,22.1,23.4,23.4,21.6,23.5,22.4,26.0,20.8,23.26,0.68,0.4,87,85,16.1,11.93,3.1,0.9972,0.0741,23.8,21.7,21.7,station
2025-03-29,27.5,28.0,26.5,27.9,26.3,27.6,27.9,29.0,29.0,25.7,27.24,0.79,-0.6,81,69,18.6,20.7,0.5,0.9984,0.057,28.8,29.4,29.4,station
2025-03-30,27.9,29.1,27.4,28.9,28.2,27.0,27.9,28.8,28.5,27.5,28.3,0.7,0.36,87,56,15.1,16.47,1.8,0.9992,0.0398,27.2,25.0,25.0,station
2025-03-31,24.9,23.4,23.0,23.2,24.7,25.3,23.6,27.2,25.4,27.0,23.84,0.89,-1.86,74,57,15.0,18.25,0.3,0.9997,0.0226,24.7,25.0,25.0,station
2025-04-01,27.8,26.6,26.0,29.8,31.8,27.8,26.7,31.7,29.4,31.6,28.4,2.39,-1.04,76,60,28.4,12.89,0.7,1.0,0.0054,28.3,28.3,28.3,station
2025-04-02,30.5,29.1,31.0,29.0,35.0,30.4,28.6,27.6,30.8,34.6,30.92,2.44,0.52,80,76,27.5,12.52,1.6,0.9999,-0.0118,29.3,29.4,29.4,station
2025-04-03,31.0,29.3,32.1,30.9,34.8,31.2,26.0,28.1,30.0,35.7,31.62,2.04,1.42,77,77,20.9,18.89,1.9,0.9996,-0.029,31.8,31.7,31.7,station
2025-04-04,30.8,25.3,32.3,31.6,32.3,31.3,25.7,27.4,31.2,36.5,30.46,2.95,0.04,83,78,24.8,18.16,12.9,0.9989,-0.0462,31.8,31.1,31.1,station
2025-04-05,21.6,18.1,22.1,23.6,22.6,23.3,18.3,23.0,24.2,24.7,21.6,2.09,-1.1,78,96,26.4,15.51,33.1,0.998,-0.0634,21.0,17.8,17.8,station
2025-04-06,15.5,14.6,11.0,13.4,12.2,16.3,14.9,15.2,14.2,11.2,13.34,1.8,-1.02,58,66,25.0,19.52,0.0,0.9968,-0.0805,14.4,15.0,15.0,station
2025-04-07,19.7,21.7,20.7,18.6,18.6,19.6,21.6,21.1,17.8,17.6,19.86,1.35,0.32,53,0,15.2,26.56,0.0,0.9952,-0.0977,19.6,22.2,22.2,station
2025-04-08,22.5,25.0,24.5,23.6,25.1,22.5,25.4,24.2,22.1,23.7,24.14,1.09,0.56,47,0,12.0,26.56,0.0,0.9934,-0.1148,23.5,25.6,25.6,station
2025-04-09,27.6,28.8,28.9,28.5,30.5,26.0,28.2,28.8,28.0,30.0,28.86,1.05,0.66,42,0,22.4,26.19,0.0,0.9913,-0.1319,28.6,29.4,29.4,station
2025-04-10,32.4,31.5,30.9,31.4,33.4,30.7,30.7,29.9,31.4,33.6,31.92,0.99,0.66,47,0,18.8,25.94,0.0,0.9889,-0.1489,31.3,31.7,31.7,station
2025-04-11,30.8,30.4,29.9,29.9,31.7,29.7,30.4,27.9,28.8,31.6,30.54,0.75,0.86,49,0,12.6,25.89,0.0,0.9861,-0.1659,31.3,31.1,31.1,station
2025-04-12,31.7,31.5,29.8,30.9,32.2,31.4,31.5,29.7,30.8,32.4,31.22,0.92,0.06,40,0,21.9,25.83,0.0,0.9831,-0.1828,30.9,31.1,31.1,station
2025-04-13,33.4,32.7,31.6,33.0,33.6,33.6,32.7,32.9,33.4,33.9,32.86,0.79,-0.44,50,0,28.8,26.37,0.0,0.9799,-0.1997,32.8,32.8,32.8,station
2025-04-14,33.2,31.2,31.8,32.9,34.2,33.3,31.5,31.5,32.7,34.2,32.66,1.18,0.02,60,34,23.7,25.64,0.0,0.9763,-0.2165,33.0,32.2,32.2,station
2025-04-15,29.2,26.3,28.1,25.6,29.0,28.5,27.4,27.9,27.7,29.4,27.64,1.62,-0.54,55,83,21.3,16.3,0.0,0.9724,-0.2333,26.3,27.8,27.8,station
2025-04-16,30.0,28.1,28.9,28.9,30.8,30.7,28.7,30.5,29.5,32.2,29.34,1.06,-0.98,62,65,21.2,19.59,0.0,0.9683,-0.25,30.1,29.4,29.4,station
2025-04-17,31.0,28.6,30.8,28.5,32.0,31.3,28.2,33.7,28.1,32.9,30.18,1.56,-0.66,65,68,30.8,20.64,0.1,0.9638,-0.2666,31.2,31.1,31.1,station
2025-04-18,32.8,29.8,30.7,32.7,34.8,32.2,29.2,32.4,33.0,33.4,32.16,1.96,0.12,65,70,34.8,20.18,0.2,0.9591,-0.2831,33.3,32.8,32.8,station
2025-04-19,27.5,26.9,29.5,29.4,30.9,27.8,27.1,26.9,29.0,31.0,28.84,1.62,0.48,75,94,31.2,13.13,1.6,0.9541,-0.2996,28.9,28.9,28.9,station
2025-04-20,28.3,25.8,27.3,26.7,26.7,25.7,26.5,28.2,29.1,24.9,26.96,0.92,0.08,61,43,31.5,24.12,4.4,0.9488,-0.316,29.6,30.6,30.6,station
2025-04-21,28.5,29.5,30.2,28.8,30.4,29.6,29.4,32.5,28.3,30.0,29.48,0.83,-0.48,48,0,10.5,27.51,0.0,0.9432,-0.3322,30.1,31.1,31.1,station
2025-04-22,31.3,29.9,29.7,31.3,33.4,31.4,29.2,31.3,29.9,33.1,31.12,1.48,0.14,73,35,22.9,22.18,1.0,0.9373,-0.3484,32.1,31.1,31.1,station
2025-04-23,28.2,25.6,29.7,26.3,29.1,28.0,27.3,29.9,28.6,26.9,27.78,1.77,-0.36,78,75,17.9,19.02,1.7,0.9312,-0.3645,31.0,28.9,28.9,station
2025-04-24,23.9,28.1,27.0,27.5,31.0,29.6,29.0,29.8,27.7,29.2,27.5,2.54,-1.56,86,71,20.7,18.64,22.3,0.9248,-0.3804,29.4,30.6,30.6,station
2025-04-25,28.3,28.6,27.4,31.4,31.2,28.4,29.5,31.5,32.4,32.4,29.38,1.81,-1.46,82,69,18.3,18.27,1.6,0.9181,-0.3963,29.4,30.0,30.0,station
2025-04-26,28.6,29.0,30.0,29.7,30.2,28.0,29.0,32.6,31.4,32.1,29.5,0.68,-1.12,76,51,21.6,18.33,1.8,0.9112,-0.412,29.0,29.4,29.4,station
2025-04-27,30.7,29.9,30.3,31.3,32.0,31.0,29.9,31.8,32.3,33.0,30.84,0.83,-0.76,70,78,23.5,16.16,0.0,0.9039,-0.4276,30.7,28.9,28.9,station
2025-04-28,31.4,28.3,30.8,29.7,31.9,31.1,28.4,32.0,29.0,32.8,30.42,1.44,-0.24,70,98,27.4,15.28,0.4,0.8965,-0.4431,32.0,30.0,30.0,station
2025-04-29,32.2,29.2,30.8,30.2,32.6,31.8,28.5,34.0,31.6,32.9,31.0,1.41,-0.76,67,80,27.2,18.71,0.4,0.8887,-0.4585,33.3,30.6,30.6,station
2025-04-30,29.9,27.2,30.7,27.3,31.8,30.3,26.9,29.8,29.3,29.6,29.38,2.06,0.2,78,64,38.2,19.4,6.4,0.8807,-0.4737,30.0,30.6,30.6,station
2025-05-01,31.4,30.2,31.6,32.9,32.2,31.5,28.5,33.8,31.6,31.6,31.66,1.0,0.26,84,82,18.4,17.93,21.4,0.8724,-0.4888,27.8,32.8,32.8,station
2025-05-02,27.1,25.3,32.0,29.5,27.7,29.3,24.7,31.4,31.4,29.0,28.32,2.55,-0.84,86,83,18.4,11.59,21.7,0.8639,-0.5037,27.0,30.6,30.6,station
2025-05-03,24.5,25.8,25.4,27.5,22.5,24.0,26.1,24.7,25.8,22.5,25.14,1.83,0.52,64,30,18.9,28.12,2.0,0.8551,-0.5185,24.2,26.7,26.7,station
2025-05-04,24.9,26.4,28.3,27.8,26.4,24.6,25.9,26.1,27.4,24.1,26.76,1.34,1.14,61,21,14.4,27.2,0.0,0.846,-0.5331,25.1,28.3,28.3,station
2025-05-05,21.6,22.0,26.6,22.9,23.5,21.1,23.1,20.7,25.2,23.0,23.32,1.98,0.7,81,85,22.1,11.06,30.0,0.8367,-0.5476,22.5,23.3,23.3,station
2025-05-06,27.9,27.6,29.5,29.7,27.7,28.2,27.4,29.1,28.5,28.8,28.48,1.03,0.08,88,58,18.6,17.48,19.0,0.8272,-0.5619,28.6,31.7,31.7,station
2025-05-07,28.5,27.8,26.2,29.5,27.3,29.3,27.2,30.0,30.3,26.1,27.86,1.24,-0.72,80,27,13.4,26.16,0.0,0.8174,-0.5761,26.6,27.2,27.2,station
2025-05-08,27.4,27.0,27.6,26.9,28.6,27.2,26.4,29.2,27.7,28.5,27.5,0.68,-0.3,79,40,18.3,22.73,4.5,0.8074,-0.59,26.7,28.9,28.9,station
2025-05-09,26.0,26.8,26.6,26.2,27.7,25.3,26.8,27.2,25.8,27.8,26.66,0.66,0.08,66,25,20.4,25.21,0.1,0.7971,-0.6038,26.6,27.2,27.2,station
2025-05-10,25.7,26.7,26.8,25.6,27.1,25.1,26.5,25.6,25.3,27.7,26.38,0.68,0.34,68,24,17.9,23.42,2.2,0.7866,-0.6175,25.7,27.2,27.2,station
2025-05-11,27.2,28.0,27.7,28.2,28.6,27.4,28.0,27.8,28.2,28.2,27.94,0.53,0.02,51,46,16.2,28.33,0.0,0.7759,-0.6309,27.6,28.3,28.3,station
2025-05-12,31.5,31.2,31.3,31.5,32.9,31.6,31.4,31.9,31.8,33.3,31.68,0.69,-0.32,47,30,11.6,28.58,0.0,0.7649,-0.6442,32.2,32.8,32.8,station
2025-05-13,38.6,36.6,37.9,39.3,38.2,38.8,37.1,41.6,38.2,38.9,38.12,1.0,-0.8,52,40,24.9,24.79,0.0,0.7537,-0.6572,36.9,37.8,37.8,station
2025-05-14,39.0,35.2,37.6,39.1,40.7,40.2,35.6,41.6,39.6,41.3,38.32,2.06,-1.34,64,79,22.5,26.75,0.0,0.7423,-0.6701,37.6,37.2,37.2,station
2025-05-15,36.4,32.8,36.3,34.6,36.9,38.3,33.5,40.0,35.9,37.5,35.4,1.69,-1.64,66,84,21.1,22.23,0.0,0.7306,-0.6828,34.2,36.1,36.1,station
2025-05-16,36.7,33.1,35.9,36.0,38.9,37.8,32.7,39.1,37.3,39.0,36.12,2.08,-1.06,68,86,26.3,22.85,0.1,0.7188,-0.6952,36.2,35.6,35.6,station
2025-05-17,36.3,31.7,35.9,36.0,38.4,37.3,31.5,39.1,36.4,38.9,35.66,2.44,-0.98,67,82,23.5,23.39,0.0,0.7067,-0.7075,35.8,35.6,35.6,station
2025-05-18,35.4,31.6,34.4,33.9,35.1,35.8,31.6,38.1,35.7,37.8,34.08,1.51,-1.72,67,78,27.5,21.38,0.4,0.6945,-0.7195,35.6,32.8,32.8,station
2025-05-19,33.3,31.9,35.8,30.2,34.8,34.5,31.8,40.0,34.4,36.4,33.2,2.24,-2.22,72,72,30.8,16.49,0.9,0.682,-0.7314,33.9,30.6,30.6,station
2025-05-20,32.9,31.5,34.5,32.9,33.2,34.5,31.8,37.0,32.7,30.4,33.0,1.07,-0.28,62,52,17.9,27.43,0.0,0.6693,-0.743,31.7,35.0,35.0,station
2025-05-21,32.3,32.4,35.1,33.8,34.5,32.9,31.6,37.1,31.3,33.8,33.62,1.25,0.28,51,61,14.0,26.86,0.0,0.6564,-0.7544,34.2,34.4,34.4,station
2025-05-22,35.8,34.0,36.1,35.8,37.3,35.0,32.9,38.9,36.5,37.2,35.8,1.18,-0.3,66,48,19.1,24.36,0.3,0.6433,-0.7656,36.5,36.7,36.7,station
2025-05-23,36.6,33.8,36.2,36.1,36.5,35.2,34.3,38.0,36.2,36.3,35.84,1.16,-0.16,59,38,21.1,26.39,0.0,0.6301,-0.7765,37.4,35.0,35.0,station
2025-05-24,38.0,35.2,36.0,37.4,36.8,38.0,34.7,37.7,37.1,37.0,36.68,1.11,-0.22,59,59,23.4,26.34,0.0,0.6166,-0.7873,37.7,36.1,36.1,station
2025-05-25,35.5,34.1,36.1,35.9,36.9,36.9,34.0,38.4,37.1,36.6,35.7,1.03,-0.9,66,59,23.8,21.48,2.1,0.603,-0.7978,35.5,35.6,35.6,station
2025-05-26,34.4,28.0,27.5,34.1,35.5,34.5,28.2,38.0,35.3,36.7,31.9,3.83,-2.64,88,72,20.6,8.52,46.3,0.5892,-0.808,27.5,31.7,31.7,station
2025-05-27,28.6,28.5,31.2,27.5,27.2,31.0,28.6,34.1,32.6,26.8,28.6,1.58,-2.02,75,60,22.0,24.81,2.5,0.5752,-0.818,32.0,32.8,32.8,station
2025-05-28,26.7,28.4,28.9,26.2,30.1,28.3,29.7,31.8,26.8,26.3,28.06,1.6,-0.52,82,65,15.7,20.25,22.2,0.561,-0.8278,27.6,30.6,30.6,station
2025-05-29,31.5,31.1,34.0,33.5,32.9,30.9,30.8,33.5,33.2,30.2,32.6,1.26,0.88,76,44,12.1,22.76,0.2,0.5467,-0.8373,32.4,32.2,32.2,station
2025-05-30,27.6,26.7,28.3,27.1,26.8,28.3,26.9,29.1,29.4,27.6,27.3,0.66,-0.96,84,100,18.8,12.78,13.3,0.5322,-0.8466,27.2,28.9,28.9,station
2025-05-31,29.9,30.9,31.3,30.2,29.9,29.8,31.2,29.7,31.0,29.9,30.44,0.63,0.12,76,78,8.7,24.3,0.6,0.5176,-0.8556,29.8,30.6,30.6,station
2025-06-01,33.6,34.5,35.3,34.5,34.5,34.0,34.2,35.8,34.5,34.9,34.48,0.6,-0.2,68,26,19.3,26.29,0.4,0.5028,-0.8644,34.2,35.0,35.0,station
2025-06-02,34.9,33.9,36.0,34.5,34.6,34.6,34.1,35.6,33.9,34.4,34.78,0.77,0.26,64,38,19.5,26.43,0.1,0.4878,-0.8729,36.1,33.9,33.9,station
2025-06-03,34.6,32.5,34.7,33.9,34.6,33.4,32.8,35.9,34.2,34.6,34.06,0.93,-0.12,76,53,21.7,20.71,1.5,0.4728,-0.8812,33.5,33.9,33.9,station
2025-06-04,33.7,29.8,32.8,31.0,28.5,33.7,29.7,32.7,32.7,27.9,31.16,2.13,-0.18,80,78,16.0,15.86,2.1,0.4575,-0.8892,32.3,32.8,32.8,station
2025-06-05,33.8,33.2,33.8,32.3,32.4,34.0,33.0,36.7,33.9,32.6,33.1,0.73,-0.94,71,42,15.9,26.09,0.6,0.4422,-0.8969,34.4,33.9,33.9,station
2025-06-06,35.4,34.1,34.7,35.3,35.2,35.2,33.9,35.8,35.0,33.7,34.94,0.54,0.22,63,48,18.7,26.62,0.0,0.4267,-0.9044,36.5,35.0,35.0,station
2025-06-07,37.0,34.7,35.6,36.7,36.4,37.0,35.2,37.2,37.0,36.4,36.08,0.93,-0.48,62,28,21.2,24.28,0.5,0.4111,-0.9116,36.7,35.0,35.0,station
2025-06-08,37.4,34.5,36.6,35.6,36.5,38.0,35.2,37.7,36.4,36.9,36.12,1.11,-0.72,60,29,20.5,26.17,0.0,0.3953,-0.9185,37.4,35.6,35.6,station
2025-06-09,36.0,33.4,37.6,35.4,35.0,37.8,33.3,36.3,36.3,35.5,35.48,1.53,-0.36,64,30,19.6,25.78,0.0,0.3795,-0.9252,36.5,36.7,36.7,station
2025-06-10,31.6,27.8,33.3,32.5,33.3,34.5,29.3,36.8,29.5,32.3,31.7,2.29,-0.78,70,96,18.2,19.91,5.5,0.3635,-0.9316,33.4,33.3,33.3,station
2025-06-11,26.9,27.1,30.4,26.8,30.4,29.2,25.5,32.1,27.8,33.2,28.32,1.9,-1.24,88,87,12.9,12.18,34.8,0.3474,-0.9377,27.9,31.7,31.7,station
2025-06-12,30.3,27.0,28.6,30.9,29.0,26.7,28.1,31.8,28.4,28.4,29.16,1.53,0.48,85,72,12.9,20.85,32.9,0.3312,-0.9436,29.1,26.7,26.7,station
2025-06-13,30.8,30.3,33.2,33.0,31.1,29.7,30.9,35.6,35.0,31.6,31.68,1.33,-0.88,85,52,19.4,20.65,10.1,0.3149,-0.9491,30.2,35.0,35.0,station
2025-06-14,32.4,30.7,32.9,31.1,32.5,29.5,30.0,36.0,33.3,32.7,31.92,0.96,-0.38,85,64,18.6,18.89,8.3,0.2986,-0.9544,29.6,33.9,33.9,station
2025-06-15,30.1,29.6,33.4,33.9,33.4,28.9,28.5,36.7,31.1,33.4,32.08,2.05,0.36,85,69,20.6,21.41,4.3,0.2821,-0.9594,31.2,35.6,35.6,station
2025-06-16,32.1,31.7,32.8,34.2,33.6,32.0,31.6,36.8,35.4,33.9,32.88,1.03,-1.06,81,47,18.2,24.78,2.1,0.2656,-0.9641,32.2,33.3,33.3,station
2025-06-17,32.4,32.9,33.5,34.2,32.8,32.5,33.1,37.6,34.6,33.3,33.16,0.7,-1.06,71,5,23.1,27.89,0.0,0.2489,-0.9685,33.0,33.9,33.9,station
2025-06-18,33.1,32.8,33.8,35.2,32.4,32.5,32.5,37.1,34.5,32.4,33.46,1.1,-0.34,69,8,25.2,28.21,0.0,0.2322,-0.9727,33.5,33.9,33.9,station
2025-06-19,33.4,33.2,34.5,34.6,32.9,33.2,32.9,37.4,35.1,32.7,33.72,0.78,-0.54,73,24,15.4,26.01,0.6,0.2155,-0.9765,33.8,35.0,35.0,station
2025-06-20,32.6,33.2,34.7,33.8,33.1,32.3,32.5,34.7,33.1,32.7,33.48,0.8,0.42,69,14,19.8,26.04,0.2,0.1986,-0.9801,34.0,35.0,35.0,station
2025-06-21,35.0,33.0,33.9,33.4,33.5,32.8,32.5,37.0,33.4,32.6,33.76,0.76,0.1,65,18,25.5,26.09,0.8,0.1818,-0.9833,35.3,34.4,34.4,station
2025-06-22,34.6,33.7,34.7,35.2,33.8,35.4,33.4,37.8,35.4,33.8,34.4,0.64,-0.76,66,20,25.2,25.62,0.7,0.1648,-0.9863,35.2,35.0,35.0,station
2025-06-23,34.2,33.1,35.2,33.8,34.0,34.7,33.3,38.5,33.9,33.8,34.06,0.76,-0.78,65,17,22.1,25.33,0.9,0.1478,-0.989,35.1,35.6,35.6,station
2025-06-24,34.5,32.1,32.9,33.5,33.5,34.9,32.0,36.7,33.3,33.5,33.3,0.88,-0.78,68,22,17.8,24.55,0.9,0.1308,-0.9914,34.4,34.4,34.4,station
2025-06-25,33.8,31.2,31.6,32.8,32.7,31.7,31.2,37.3,33.4,33.6,32.42,1.04,-1.02,74,70,22.7,23.42,2.1,0.1137,-0.9935,33.4,33.9,33.9,station
2025-06-26,34.2,31.8,30.9,32.6,33.4,34.2,31.6,33.4,33.3,32.8,32.58,1.3,-0.48,75,58,19.0,24.83,1.0,0.0966,-0.9953,33.4,33.9,33.9,station
2025-06-27,34.7,33.4,34.0,34.0,33.6,34.5,33.4,36.9,34.4,33.5,33.94,0.5,-0.6,69,46,15.8,26.38,0.0,0.0795,-0.9968,33.9,35.0,35.0,station
2025-06-28,34.5,33.5,35.5,34.6,34.4,35.6,33.6,37.9,35.5,34.2,34.5,0.71,-0.86,65,34,17.2,26.48,0.3,0.0623,-0.9981,34.6,34.4,34.4,station
2025-06-29,34.1,32.8,35.7,34.3,34.1,34.4,32.6,33.7,35.3,33.9,34.2,1.03,0.22,72,38,18.4,24.0,8.1,0.0451,-0.999,33.6,35.6,35.6,station
2025-06-30,33.3,32.1,33.7,34.0,34.6,34.5,32.8,35.8,35.8,35.3,33.54,0.93,-1.3,71,42,23.2,24.05,1.7,0.028,-0.9996,33.7,34.4,34.4,station
2025-07-01,35.3,32.0,34.6,33.7,34.5,35.6,32.7,37.0,34.4,35.1,34.02,1.26,-0.94,66,89,12.4,23.64,0.1,0.0108,-0.9999,33.0,33.3,33.3,station
2025-07-02,33.6,30.4,33.9,31.9,32.3,33.4,31.1,36.8,31.1,34.0,32.42,1.41,-0.86,73,99,20.3,21.06,12.3,-0.0065,-1.0,34.4,33.9,33.9,station
2025-07-03,31.8,28.3,29.8,30.0,31.1,28.9,29.7,34.4,29.7,30.6,30.2,1.34,-0.46,89,97,21.9,17.33,44.6,-0.0237,-0.9997,31.0,28.9,28.9,station
2025-07-04,30.3,28.6,30.8,30.8,28.6,34.2,30.7,32.0,33.2,31.2,29.82,1.13,-2.44,93,100,16.7,7.59,50.4,-0.0408,-0.9992,28.1,28.9,28.9,station
2025-07-05,28.1,26.6,27.3,26.4,28.2,29.1,29.7,34.6,29.1,28.4,27.32,0.83,-2.86,97,92,18.9,2.28,128.8,-0.058,-0.9983,24.4,25.6,25.6,station
2025-07-06,31.1,30.7,30.9,31.2,30.6,31.3,30.5,31.2,32.2,29.8,30.9,0.25,-0.1,87,80,15.7,19.36,12.8,-0.0752,-0.9972,31.2,32.2,32.2,station
2025-07-07,30.1,30.3,32.2,31.4,33.6,30.4,30.9,32.1,31.3,32.7,31.52,1.44,0.04,86,56,18.4,23.67,5.0,-0.0923,-0.9957,31.2,32.8,32.8,station
2025-07-08,30.4,31.4,32.9,32.4,33.6,31.2,31.3,35.6,32.5,33.1,32.14,1.26,-0.6,84,44,16.3,22.83,9.4,-0.1094,-0.994,31.1,33.9,33.9,station
2025-07-09,30.8,30.8,32.8,33.0,33.9,31.0,30.7,34.7,32.7,34.8,32.26,1.4,-0.52,88,87,12.2,13.13,16.7,-0.1265,-0.992,28.3,31.1,31.1,station
2025-07-10,31.9,32.0,33.4,34.5,34.3,32.2,32.3,35.2,35.2,36.1,33.22,1.23,-0.98,74,25,17.5,26.97,0.0,-0.1436,-0.9896,31.4,33.3,33.3,station
2025-07-11,32.0,31.5,32.4,33.0,34.0,30.8,31.6,35.5,34.9,33.7,32.58,0.97,-0.72,77,27,21.8,24.43,1.1,-0.1606,-0.987,31.9,32.8,32.8,station
2025-07-12,31.3,31.1,33.4,32.5,34.2,31.6,31.2,34.1,33.3,33.9,32.5,1.33,-0.32,81,63,17.8,16.7,3.1,-0.1775,-0.9841,29.8,33.9,33.9,station
2025-07-13,30.4,28.1,31.5,32.8,33.8,32.6,29.9,35.6,32.6,35.3,31.32,2.21,-1.88,82,100,16.5,13.72,7.3,-0.1944,-0.9809,30.5,30.0,30.0,station
2025-07-14,30.9,30.2,32.9,32.5,33.3,31.0,29.0,34.9,33.5,33.0,31.96,1.34,-0.32,80,78,14.0,23.94,1.1,-0.2113,-0.9774,31.8,33.9,33.9,station
2025-07-15,32.5,32.6,34.9,33.1,34.1,32.5,31.3,34.5,33.3,33.8,33.44,1.03,0.36,75,46,16.3,23.82,0.6,-0.2281,-0.9736,33.0,33.9,33.9,station
2025-07-16,34.5,33.7,35.1,35.3,35.9,34.2,33.7,37.2,34.8,35.7,34.9,0.84,-0.22,64,21,18.6,27.46,0.7,-0.2448,-0.9696,35.7,34.4,34.4,station
2025-07-17,35.3,33.6,35.4,35.8,35.8,34.6,33.2,36.7,35.8,35.9,35.18,0.91,-0.06,65,52,16.3,27.55,0.0,-0.2614,-0.9652,35.1,35.0,35.0,station
2025-07-18,34.3,32.8,35.3,34.5,34.5,34.6,32.9,32.2,35.8,36.7,34.28,0.91,-0.16,66,75,15.5,27.15,0.0,-0.278,-0.9606,33.7,34.4,34.4,station
2025-07-19,34.3,33.8,35.8,35.0,36.0,35.6,33.8,37.4,35.6,34.5,34.98,0.94,-0.4,68,80,18.4,19.43,0.1,-0.2945,-0.9557,33.6,33.9,33.9,station
2025-07-20,36.0,33.1,35.3,34.5,35.5,37.0,33.5,37.3,36.0,35.4,34.88,1.13,-0.96,67,79,19.9,10.21,0.0,-0.3109,-0.9505,33.0,32.8,32.8,station
2025-07-21,35.7,33.4,36.2,33.9,34.1,37.4,34.0,38.7,35.2,35.7,34.66,1.22,-1.54,66,87,18.8,24.57,0.0,-0.3272,-0.945,35.0,33.9,33.9,station
2025-07-22,35.8,33.7,35.7,34.4,35.5,36.1,33.4,38.1,33.7,35.2,35.02,0.93,-0.28,66,62,17.6,26.27,0.0,-0.3434,-0.9392,35.6,35.6,35.6,station
2025-07-23,36.1,34.8,36.5,35.7,36.4,36.2,34.4,39.2,34.8,36.4,35.9,0.69,-0.3,64,23,17.1,27.44,0.1,-0.3595,-0.9332,35.6,36.7,36.7,station
2025-07-24,36.3,34.5,37.0,36.4,36.9,36.6,34.4,40.4,36.5,37.5,36.22,1.01,-0.86,63,10,15.9,27.96,0.0,-0.3755,-0.9268,36.1,37.2,37.2,station
2025-07-25,37.6,33.3,36.9,36.9,35.7,38.2,32.9,36.3,36.6,37.2,36.08,1.7,-0.16,67,97,11.2,15.05,0.0,-0.3914,-0.9202,31.6,31.1,31.1,station
2025-07-26,34.0,31.6,32.6,33.4,33.1,34.2,31.1,33.4,33.6,34.8,32.94,0.9,-0.48,67,90,21.8,22.02,0.8,-0.4071,-0.9134,33.9,34.4,34.4,station
2025-07-27,32.3,32.5,34.6,33.3,35.6,33.5,33.0,37.3,34.6,34.2,33.66,1.41,-0.86,72,79,19.3,21.18,1.6,-0.4228,-0.9062,33.5,35.6,35.6,station
2025-07-28,34.4,34.1,35.8,34.7,35.2,34.3,34.0,39.4,34.8,36.6,34.84,0.67,-0.98,67,14,12.1,24.55,0.8,-0.4383,-0.8988,34.0,35.6,35.6,station
2025-07-29,36.6,35.0,37.1,36.5,36.8,36.6,35.0,39.3,36.2,37.0,36.4,0.82,-0.42,55,3,15.4,28.45,0.0,-0.4537,-0.8912,36.3,37.2,37.2,station
2025-07-30,38.1,36.1,37.9,37.9,38.0,38.6,35.4,39.8,37.9,37.5,37.6,0.84,-0.24,39,65,8.4,28.14,0.0,-0.469,-0.8832,36.5,37.8,37.8,station
2025-07-31,38.6,36.3,38.3,38.7,38.5,39.4,35.8,40.0,38.8,38.6,38.08,1.01,-0.44,48,62,15.3,27.06,0.0,-0.4841,-0.875,36.9,38.3,38.3,station
2025-08-01,38.3,35.9,37.7,37.8,38.6,36.9,34.6,40.7,38.2,38.7,37.66,1.05,-0.16,57,33,12.2,25.87,0.3,-0.4991,-0.8666,36.6,38.3,38.3,station
2025-08-02,35.7,34.1,36.6,34.6,37.1,36.0,33.7,37.5,35.7,38.0,35.62,1.28,-0.56,66,48,13.0,24.14,2.6,-0.5139,-0.8578,35.5,36.7,36.7,station
2025-08-03,35.1,34.9,37.1,36.4,37.3,36.6,35.1,38.9,36.0,37.3,36.16,1.11,-0.62,69,19,13.1,26.03,0.0,-0.5286,-0.8489,34.9,36.7,36.7,station
2025-08-04,34.1,31.6,37.2,36.0,36.2,35.3,32.9,36.9,33.9,37.9,35.02,2.22,-0.36,70,60,11.2,18.82,3.7,-0.5431,-0.8397,32.1,32.8,32.8,station
2025-08-05,33.6,34.1,35.4,34.5,33.9,35.8,34.3,37.5,36.8,35.7,34.3,0.7,-1.72,66,17,15.9,26.07,0.0,-0.5575,-0.8302,34.2,35.0,35.0,station
2025-08-06,35.4,35.3,36.2,35.4,34.5,34.8,35.2,38.8,34.8,33.0,35.36,0.6,0.04,64,12,13.1,25.2,0.1,-0.5717,-0.8205,35.3,37.2,37.2,station
2025-08-07,37.6,36.1,37.1,36.9,36.0,37.2,36.1,39.8,36.6,35.5,36.74,0.68,-0.3,59,9,13.8,25.76,0.0,-0.5857,-0.8105,36.5,37.2,37.2,station
2025-08-08,38.0,36.5,37.3,37.0,36.2,38.5,36.6,39.9,37.2,36.1,37.0,0.7,-0.66,54,1,17.0,26.79,0.0,-0.5996,-0.8003,36.6,37.8,37.8,station
2025-08-09,37.5,36.0,37.0,36.6,36.3,37.8,36.0,38.4,36.6,35.9,36.68,0.59,-0.26,56,10,18.4,26.43,0.0,-0.6132,-0.7899,36.1,37.2,37.2,station
2025-08-10,36.4,34.7,36.4,35.9,35.3,36.6,34.3,38.3,36.0,35.5,35.74,0.74,-0.4,63,28,12.6,24.65,0.9,-0.6267,-0.7792,35.3,36.7,36.7,station
2025-08-11,36.0,35.2,35.4,35.0,35.4,36.2,34.9,37.4,36.0,35.6,35.4,0.37,-0.62,61,17,14.3,25.03,0.0,-0.64,-0.7683,35.6,36.7,36.7,station
2025-08-12,37.3,34.6,36.9,37.8,36.7,36.7,34.4,37.0,36.2,35.8,36.66,1.23,0.64,55,21,14.8,24.22,0.1,-0.6532,-0.7572,36.0,35.6,35.6,station
2025-08-13,35.6,34.2,34.7,36.1,33.5,37.9,34.5,38.5,37.0,36.7,34.82,1.05,-2.1,64,38,12.6,19.99,11.7,-0.6661,-0.7459,34.4,35.0,35.0,station
2025-08-14,35.7,36.3,37.0,36.9,36.8,37.7,36.1,38.5,36.8,35.9,36.54,0.54,-0.46,61,27,18.2,23.93,5.4,-0.6788,-0.7343,37.1,37.2,37.2,station
2025-08-15,36.7,34.7,35.8,35.5,37.5,35.8,34.8,37.6,37.0,37.0,36.04,1.09,-0.4,65,22,21.1,23.33,1.3,-0.6914,-0.7225,34.7,35.0,35.0,station
2025-08-16,35.7,33.6,36.3,35.5,36.2,37.3,34.8,39.1,35.1,35.7,35.46,1.09,-0.94,68,37,24.4,20.9,1.0,-0.7037,-0.7105,34.8,37.2,37.2,station
2025-08-17,37.2,36.4,37.2,36.4,36.5,37.3,36.1,39.8,36.7,37.1,36.74,0.42,-0.66,60,38,14.1,25.24,0.0,-0.7158,-0.6983,37.2,37.2,37.2,station
2025-08-18,38.2,36.8,37.9,37.9,37.9,37.6,36.6,38.4,37.5,37.3,37.74,0.54,0.26,54,22,14.2,23.18,0.0,-0.7277,-0.6859,37.0,38.3,38.3,station
2025-08-19,37.2,35.1,36.5,36.8,38.1,38.5,35.2,38.3,37.6,37.3,36.74,1.1,-0.64,61,66,10.3,16.98,0.8,-0.7394,-0.6733,35.9,33.9,33.9,station
2025-08-20,36.6,34.6,37.5,36.2,37.4,38.2,35.1,39.3,37.1,36.2,36.46,1.17,-0.72,65,24,16.7,24.09,0.5,-0.7509,-0.6605,36.1,36.1,36.1,station
2025-08-21,33.6,32.7,33.9,31.7,33.0,34.1,33.0,37.0,31.9,33.8,32.98,0.86,-0.98,68,58,17.1,21.69,3.9,-0.7621,-0.6474,34.8,33.9,33.9,station
2025-08-22,32.3,32.7,34.2,32.7,34.6,32.5,32.8,36.8,33.8,34.9,33.3,1.03,-0.86,70,30,15.5,22.78,3.3,-0.7731,-0.6342,33.4,34.4,34.4,station
2025-08-23,33.8,34.0,33.7,35.1,34.0,33.7,33.9,36.5,35.1,34.8,34.12,0.56,-0.68,63,11,15.0,23.77,0.4,-0.7839,-0.6208,33.7,34.4,34.4,station
2025-08-24,36.6,36.4,36.0,36.5,35.7,35.4,35.9,38.3,36.0,35.6,36.24,0.38,0.0,49,9,13.2,24.38,0.0,-0.7945,-0.6073,36.4,36.7,36.7,station
2025-08-25,36.2,35.9,36.1,35.9,35.2,36.4,36.0,37.9,36.6,35.8,35.86,0.39,-0.68,51,8,16.7,24.35,0.0,-0.8048,-0.5935,35.4,36.1,36.1,station
2025-08-26,36.1,35.3,35.7,35.4,34.9,36.6,34.9,37.1,35.6,34.8,35.48,0.45,-0.32,61,26,20.1,24.07,0.8,-0.8149,-0.5796,35.6,36.7,36.7,station
2025-08-27,33.1,33.7,35.1,33.0,32.5,33.8,33.1,37.2,33.7,33.6,33.48,1.0,-0.8,73,53,12.0,20.97,3.8,-0.8248,-0.5655,34.0,35.0,35.0,station
2025-08-28,36.6,37.4,36.3,35.7,35.4,35.3,37.0,38.8,35.3,34.3,36.28,0.79,0.14,57,20,18.7,24.35,0.0,-0.8344,-0.5512,37.7,37.2,37.2,station
2025-08-29,37.5,35.9,37.6,37.0,36.7,37.8,35.6,39.0,36.4,37.2,36.94,0.69,-0.26,64,47,18.5,22.7,1.8,-0.8437,-0.5368,37.6,36.7,36.7,station
2025-08-30,36.1,35.1,36.4,34.7,37.4,35.6,33.9,36.2,34.2,36.9,35.94,1.07,0.58,69,62,13.2,20.96,8.1,-0.8528,-0.5222,35.9,37.2,37.2,station
2025-08-31,32.5,30.1,31.8,29.5,30.7,34.3,30.0,29.7,28.3,33.9,30.92,1.23,-0.32,75,68,11.4,18.66,4.7,-0.8617,-0.5074,32.1,31.1,31.1,station
2025-09-01,32.5,32.3,32.6,30.0,29.0,29.7,30.7,30.6,30.5,31.8,31.28,1.67,0.62,73,52,11.5,19.41,0.9,-0.8703,-0.4925,32.2,34.4,34.4,station
2025-09-02,32.8,34.6,33.9,34.0,34.0,33.5,34.0,36.4,34.1,33.1,33.86,0.65,-0.36,64,24,15.8,23.11,0.0,-0.8786,-0.4775,33.9,36.1,36.1,station
2025-09-03,34.5,34.8,35.5,35.0,35.1,33.3,34.3,37.9,34.8,34.3,34.98,0.37,0.06,49,31,14.7,22.79,0.1,-0.8867,-0.4623,35.6,36.7,36.7,station
2025-09-04,39.2,38.1,37.6,38.5,37.9,38.4,37.0,39.9,37.9,37.0,38.26,0.62,0.22,42,28,12.6,25.02,0.0,-0.8945,-0.447,37.9,38.9,38.9,station
2025-09-05,37.9,36.1,36.9,36.8,37.3,38.3,35.8,39.0,36.6,37.0,37.0,0.66,-0.34,52,86,17.4,22.71,0.0,-0.9021,-0.4315,37.5,37.2,37.2,station
2025-09-06,33.5,30.2,34.1,31.4,31.4,34.0,29.1,31.4,31.3,33.1,32.12,1.62,0.34,67,87,16.7,13.37,1.3,-0.9094,-0.4159,32.5,31.7,31.7,station
2025-09-07,28.2,26.7,28.9,28.7,27.6,29.4,26.3,32.9,29.4,31.5,28.02,0.89,-1.88,89,82,13.9,6.95,35.5,-0.9164,-0.4002,26.4,24.4,24.4,station
2025-09-08,28.9,29.4,34.0,29.0,30.7,31.2,30.3,34.7,30.9,30.4,30.4,2.14,-1.1,65,3,12.6,23.99,0.0,-0.9232,-0.3844,29.8,32.2,32.2,station
2025-09-09,31.5,31.3,32.7,31.0,32.3,30.0,30.9,36.3,29.9,32.3,31.76,0.71,-0.12,53,0,9.1,24.53,0.0,-0.9296,-0.3685,31.7,33.3,33.3,station
2025-09-10,33.8,33.0,34.7,32.8,34.7,33.3,32.8,36.7,32.5,34.6,33.8,0.9,-0.18,48,0,12.1,24.43,0.0,-0.9358,-0.3524,33.6,35.6,35.6,station
2025-09-11,34.7,33.9,35.1,34.2,35.2,33.4,33.6,37.4,33.8,35.6,34.62,0.56,-0.14,57,6,11.8,23.01,0.0,-0.9418,-0.3363,33.6,35.6,35.6,station
2025-09-12,35.5,34.3,35.8,34.2,35.2,35.9,34.2,37.5,34.3,35.3,35.0,0.72,-0.44,61,2,15.6,23.31,0.0,-0.9474,-0.32,34.8,35.0,35.0,station
2025-09-13,34.7,33.6,34.9,34.1,35.0,35.4,33.9,37.4,34.1,35.0,34.46,0.59,-0.7,58,17,15.5,21.95,0.0,-0.9528,-0.3037,33.5,35.0,35.0,station
2025-09-14,35.0,33.9,35.0,34.4,34.4,35.5,33.9,36.3,33.8,34.6,34.54,0.47,-0.28,57,78,18.4,21.66,0.0,-0.9579,-0.2873,34.7,35.0,35.0,station
2025-09-15,33.7,33.2,33.7,33.3,32.8,34.4,33.5,34.7,33.5,34.0,33.34,0.38,-0.68,60,16,14.6,20.91,0.1,-0.9627,-0.2707,33.0,35.6,35.6,station
2025-09-16,33.6,33.7,33.9,34.3,34.3,34.2,33.7,36.2,34.6,34.0,33.96,0.33,-0.58,57,21,11.8,21.55,0.0,-0.9672,-0.2541,32.7,35.0,35.0,station
2025-09-17,33.8,33.7,34.1,33.6,34.6,33.7,33.9,36.3,34.1,34.3,33.96,0.4,-0.5,55,39,14.4,21.62,0.0,-0.9714,-0.2375,33.3,35.0,35.0,station
2025-09-18,34.4,33.9,33.6,33.9,34.1,34.4,33.8,36.0,34.2,33.8,33.98,0.29,-0.46,59,45,16.7,21.57,0.1,-0.9753,-0.2207,33.7,34.4,34.4,station
2025-09-19,34.1,34.0,34.4,34.6,34.8,34.4,34.3,36.8,34.9,34.7,34.38,0.33,-0.64,60,16,12.2,21.64,0.0,-0.979,-0.2039,33.7,35.0,35.0,station
2025-09-20,34.4,34.2,34.8,34.5,34.6,34.4,34.1,36.6,34.9,34.4,34.5,0.22,-0.38,57,51,14.7,20.81,0.0,-0.9824,-0.187,33.6,34.4,34.4,station
2025-09-21,35.1,34.5,35.2,35.0,34.9,35.1,34.5,36.4,34.9,34.8,34.94,0.27,-0.2,62,14,25.6,21.01,0.1,-0.9854,-0.1701,34.8,36.7,36.7,station
2025-09-22,35.3,35.5,35.6,35.4,35.8,34.9,35.6,38.3,35.8,35.6,35.52,0.19,-0.52,65,21,18.7,19.03,0.0,-0.9882,-0.1531,35.3,36.7,36.7,station
2025-09-23,36.7,35.9,36.0,36.3,35.8,35.8,35.7,38.7,36.7,36.1,36.14,0.36,-0.46,62,11,19.6,20.45,0.1,-0.9907,-0.1361,36.3,37.8,37.8,station
2025-09-24,31.7,29.5,31.8,34.9,32.5,30.4,29.3,33.4,34.0,34.9,32.08,1.94,-0.32,71,36,18.1,14.69,10.3,-0.9929,-0.1191,31.5,33.3,33.3,station
2025-09-25,31.0,31.0,31.6,30.3,29.8,31.1,31.1,33.1,31.6,31.1,30.74,0.7,-0.86,64,18,14.5,19.51,0.8,-0.9948,-0.102,31.3,32.8,32.8,station
2025-09-26,31.2,32.4,32.6,32.1,31.5,31.4,32.4,34.5,31.2,30.7,31.96,0.59,-0.08,48,7,10.0,22.52,0.0,-0.9964,-0.0848,31.7,32.8,32.8,station
2025-09-27,33.3,32.9,33.0,32.4,32.1,32.7,33.1,35.3,31.9,31.5,32.74,0.48,-0.16,45,37,11.0,22.07,0.0,-0.9977,-0.0677,32.0,33.3,33.3,station
2025-09-28,32.4,32.0,32.2,31.6,31.7,33.2,32.3,34.4,31.1,31.2,31.98,0.33,-0.46,48,15,12.6,21.93,0.0,-0.9987,-0.0505,30.8,32.8,32.8,station
2025-09-29,31.6,31.0,32.1,30.8,31.0,32.7,31.3,33.2,31.4,31.1,31.3,0.54,-0.64,50,72,11.1,19.3,0.0,-0.9994,-0.0333,30.5,31.1,31.1,station
2025-09-30,33.2,32.9,33.7,33.3,33.2,33.3,32.8,35.6,32.7,33.0,33.26,0.29,-0.22,46,19,11.1,21.6,0.0,-0.9999,-0.0161,32.7,34.4,34.4,station
2025-10-01,35.1,34.7,34.4,35.1,34.4,35.0,34.5,36.6,34.4,34.1,34.74,0.35,-0.18,48,11,9.8,20.22,0.0,-1.0,0.0011,34.8,35.0,35.0,station
2025-10-02,35.1,34.6,34.3,34.3,35.0,35.2,34.5,37.2,34.8,34.3,34.66,0.38,-0.54,48,7,13.5,19.95,0.0,-0.9998,0.0183,34.6,35.0,35.0,station
2025-10-03,33.1,33.3,32.9,33.5,34.1,32.9,33.2,34.7,32.8,33.9,33.38,0.46,-0.12,51,14,15.5,19.87,0.0,-0.9994,0.0355,33.7,34.4,34.4,station
2025-10-04,32.6,31.7,32.7,32.4,32.5,32.7,31.6,34.7,32.5,33.0,32.38,0.4,-0.52,55,3,13.9,20.97,0.0,-0.9986,0.0527,31.9,32.8,32.8,station
2025-10-05,33.1,32.3,32.9,32.6,33.2,33.1,32.1,33.9,33.2,33.8,32.82,0.37,-0.4,55,5,11.9,20.06,0.0,-0.9976,0.0698,32.8,33.3,33.3,station
2025-10-06,33.5,32.9,31.9,32.5,33.7,33.1,33.0,34.4,33.1,33.3,32.9,0.73,-0.48,58,23,11.6,18.72,0.0,-0.9962,0.087,32.7,33.9,33.9,station
2025-10-07,34.0,32.6,31.5,33.1,34.3,33.6,33.4,33.7,33.6,34.2,33.1,1.12,-0.6,64,62,23.0,15.52,2.3,-0.9946,0.1041,33.7,33.3,33.3,station
2025-10-08,33.2,32.9,33.4,33.7,33.4,32.7,33.0,34.7,32.6,33.1,33.32,0.29,0.1,57,23,15.5,18.52,0.2,-0.9926,0.1212,33.6,35.0,35.0,station
2025-10-09,32.6,31.7,33.0,32.3,33.5,32.7,32.1,34.5,32.7,32.8,32.62,0.68,-0.34,57,13,15.6,18.53,0.0,-0.9904,0.1383,32.4,33.3,33.3,station
2025-10-10,32.5,31.6,32.8,32.5,32.1,32.6,31.2,34.1,31.8,31.9,32.3,0.46,-0.02,54,1,11.1,19.83,0.0,-0.9879,0.1553,32.4,32.8,32.8,station
2025-10-11,32.8,31.8,32.9,32.9,31.5,32.5,31.5,33.9,32.8,30.6,32.38,0.68,0.12,46,6,10.8,20.13,0.0,-0.9851,0.1722,32.6,33.3,33.3,station
2025-10-12,32.5,31.5,32.3,32.2,32.6,32.6,31.3,34.1,32.4,31.5,32.22,0.43,-0.16,50,20,16.9,19.96,0.0,-0.9819,0.1892,32.4,33.3,33.3,station
2025-10-13,31.7,30.7,31.9,31.4,32.3,31.7,30.7,33.6,31.6,32.2,31.6,0.6,-0.36,56,21,14.3,19.74,0.0,-0.9785,0.206,31.7,32.2,32.2,station
2025-10-14,31.8,30.5,32.1,32.1,32.1,32.0,30.5,33.8,31.8,32.3,31.72,0.69,-0.36,55,13,14.3,19.83,0.0,-0.9749,0.2228,31.7,32.2,32.2,station
2025-10-15,32.1,31.3,31.9,31.9,31.9,32.0,31.2,34.3,32.3,32.0,31.82,0.3,-0.54,47,0,11.2,19.29,0.0,-0.9709,0.2396,32.4,33.3,33.3,station
2025-10-16,30.2,28.6,30.7,31.3,31.7,30.3,29.0,32.5,30.8,30.7,30.5,1.21,-0.16,62,54,15.0,12.37,0.2,-0.9666,0.2562,29.8,30.6,30.6,station
2025-10-17,33.4,31.1,31.9,32.8,32.6,31.7,30.9,33.7,32.7,33.0,32.36,0.88,-0.04,62,9,18.6,18.45,0.0,-0.9621,0.2728,33.3,32.8,32.8,station
2025-10-18,33.6,32.6,33.1,33.8,34.4,33.5,32.8,34.7,34.0,34.9,33.5,0.69,-0.48,62,45,16.2,16.56,0.1,-0.9572,0.2893,34.7,34.4,34.4,station
2025-10-19,29.7,27.0,27.7,29.4,27.5,29.7,27.2,30.2,28.7,26.4,28.26,1.21,-0.18,36,0,23.2,19.59,0.0,-0.9521,0.3057,29.5,29.4,29.4,station
2025-10-20,33.2,31.9,33.0,33.2,33.5,32.2,32.0,35.1,33.5,31.8,32.96,0.62,0.04,48,15,20.9,16.7,0.0,-0.9467,0.3221,33.6,34.4,34.4,station
2025-10-21,30.1,28.2,29.9,30.3,31.1,30.3,28.9,32.3,32.1,30.1,29.92,1.06,-0.82,59,36,17.7,16.05,0.2,-0.941,0.3383,30.9,31.7,31.7,station
2025-10-22,30.1,28.8,29.9,27.7,29.6,28.4,27.6,33.9,28.3,30.1,29.22,0.98,-0.44,38,19,14.5,17.46,0.0,-0.9351,0.3545,30.0,30.6,30.6,station
2025-10-23,31.4,30.4,31.6,31.7,33.0,30.8,30.4,33.9,31.7,32.1,31.62,0.93,-0.16,63,63,19.4,13.53,0.2,-0.9288,0.3705,32.3,32.8,32.8,station
2025-10-24,31.2,28.7,31.4,28.1,31.8,27.4,28.6,30.2,29.3,30.8,30.24,1.71,0.98,75,86,22.5,13.41,10.7,-0.9223,0.3864,30.9,32.2,32.2,station
2025-10-25,26.7,22.8,24.5,24.2,24.0,24.3,24.3,26.4,24.9,24.2,24.44,1.42,-0.38,86,71,19.0,12.47,40.3,-0.9155,0.4022,25.0,25.0,25.0,station
2025-10-26,27.0,25.9,23.9,28.1,23.8,26.7,25.7,28.5,28.4,24.2,25.74,1.89,-0.96,78,38,8.9,17.41,0.0,-0.9085,0.4179,27.0,27.8,27.8,station
2025-10-27,29.3,29.3,27.6,29.5,28.0,28.3,29.2,31.2,29.9,25.4,28.74,0.87,-0.06,74,12,18.6,16.11,0.0,-0.9012,0.4335,30.3,31.7,31.7,station
2025-10-28,29.8,29.7,28.3,30.0,31.5,29.4,28.8,32.9,29.1,29.8,29.86,1.14,-0.14,73,38,28.2,15.81,0.4,-0.8936,0.4489,29.5,31.1,31.1,station
2025-10-29,19.2,18.9,19.0,19.0,18.3,19.3,19.3,20.0,19.7,18.6,18.88,0.34,-0.5,33,0,26.2,18.72,0.0,-0.8857,0.4642,19.7,20.0,20.0,station
2025-10-30,20.4,20.8,21.0,20.2,20.9,20.2,20.7,20.8,20.4,20.8,20.66,0.34,0.08,40,0,13.7,18.45,0.0,-0.8776,0.4794,21.0,22.2,22.2,station
2025-10-31,22.8,23.0,23.1,22.5,23.3,22.5,23.2,24.1,21.8,22.3,22.94,0.3,0.16,50,0,9.4,18.04,0.0,-0.8692,0.4944,23.6,23.9,23.9,station
2025-11-01,21.5,21.8,23.9,21.4,21.9,22.4,22.9,24.7,18.6,19.8,22.1,1.03,0.42,67,46,19.1,10.19,4.7,-0.8606,0.5093,22.6,21.7,21.7,station
2025-11-02,21.9,21.9,21.3,21.4,23.2,20.7,21.9,22.5,20.3,22.8,21.94,0.76,0.3,67,3,9.1,17.22,0.0,-0.8517,0.524,22.6,23.3,23.3,station
2025-11-03,24.5,25.1,25.2,24.0,25.2,24.1,25.1,24.7,23.5,25.0,24.8,0.53,0.32,55,0,11.9,17.4,0.0,-0.8426,0.5386,25.0,25.6,25.6,station
2025-11-04,25.5,25.7,26.4,25.1,26.9,25.3,25.4,26.6,24.8,26.7,25.92,0.72,0.16,64,0,14.7,17.08,0.0,-0.8332,0.553,25.8,26.7,26.7,station
2025-11-05,27.7,27.3,27.8,27.2,29.1,27.7,27.4,28.7,27.2,28.8,27.82,0.76,-0.14,67,0,16.7,16.95,0.0,-0.8235,0.5672,28.0,28.3,28.3,station
2025-11-06,28.5,28.1,28.3,27.9,29.4,28.0,27.8,28.8,27.9,29.7,28.44,0.58,0.0,68,0,15.8,16.47,0.0,-0.8137,0.5813,28.4,28.9,28.9,station
2025-11-07,32.0,30.1,33.0,30.9,32.5,31.0,29.8,31.8,31.3,32.6,31.7,1.19,0.4,63,0,17.1,16.42,0.0,-0.8035,0.5952,32.5,32.2,32.2,station
2025-11-08,30.0,28.6,29.0,29.8,30.8,29.9,28.6,32.0,30.5,30.9,29.64,0.86,-0.74,60,0,9.8,16.43,0.0,-0.7932,0.609,29.8,29.4,29.4,station
2025-11-09,21.4,20.7,19.0,20.5,19.9,21.1,20.9,21.3,20.6,20.7,20.3,0.9,-0.62,37,6,24.8,16.47,0.0,-0.7826,0.6225,20.8,21.7,21.7,station
2025-11-10,16.3,14.9,14.2,15.0,14.3,16.4,14.6,15.7,15.0,14.7,14.94,0.84,-0.34,35,0,17.8,16.7,0.0,-0.7718,0.6359,14.9,15.6,15.6,station
2025-11-11,21.6,22.1,22.1,21.7,22.1,21.7,22.1,22.8,21.3,21.3,21.92,0.25,0.08,39,0,23.3,16.51,0.0,-0.7607,0.6491,22.1,23.3,23.3,station
2025-11-12,26.6,26.6,27.3,27.1,27.7,26.6,26.9,28.0,27.3,27.8,27.06,0.47,-0.26,64,0,18.3,15.81,0.0,-0.7494,0.6621,27.4,27.8,27.8,station
2025-11-13,28.0,27.6,28.1,28.3,29.5,28.1,27.8,29.1,28.5,29.4,28.3,0.72,-0.28,69,1,19.8,15.52,0.0,-0.7379,0.6749,28.5,29.4,29.4,station
2025-11-14,28.3,27.9,28.9,28.5,29.5,27.8,27.7,28.7,28.5,29.3,28.62,0.61,0.22,69,20,23.3,14.46,0.0,-0.7262,0.6875,28.4,29.4,29.4,station
2025-11-15,28.5,27.4,28.5,29.1,30.0,28.3,27.7,29.0,28.7,29.4,28.7,0.95,0.08,71,59,18.5,12.52,0.0,-0.7143,0.6998,28.3,28.9,28.9,station
2025-11-16,29.6,27.5,30.2,29.7,30.5,29.6,28.3,31.1,29.9,30.9,29.5,1.18,-0.46,75,45,15.1,12.93,0.0,-0.7021,0.712,29.4,30.0,30.0,station
2025-11-17,30.0,28.6,30.2,29.8,31.4,29.8,28.3,31.5,30.2,31.0,30.0,1.0,-0.16,76,59,19.8,11.7,0.1,-0.6898,0.724,29.9,31.1,31.1,station
2025-11-18,28.7,27.7,27.8,29.7,30.1,27.8,27.8,31.3,30.4,30.0,28.8,1.09,-0.66,73,75,18.4,11.28,0.0,-0.6772,0.7358,29.2,29.4,29.4,station
2025-11-19,29.0,27.7,27.9,28.8,29.9,28.5,27.3,29.8,29.9,29.6,28.66,0.89,-0.36,79,98,18.0,10.14,2.2,-0.6645,0.7473,30.0,30.0,30.0,station
2025-11-20,26.3,26.4,28.5,24.3,27.6,26.2,26.4,27.6,23.9,25.7,26.62,1.58,0.66,84,88,22.9,10.12,5.5,-0.6515,0.7586,28.9,28.3,28.3,station
2025-11-21,27.2,24.3,23.6,25.8,23.5,26.6,24.1,24.9,24.9,24.1,24.88,1.59,-0.04,88,68,15.8,8.38,4.8,-0.6384,0.7697,24.1,25.0,25.0,station
2025-11-22,22.9,22.6,21.6,21.9,21.0,22.6,23.0,24.6,24.7,20.6,22.0,0.76,-1.1,70,19,13.8,14.52,0.1,-0.625,0.7806,23.6,24.4,24.4,station
2025-11-23,21.2,20.7,22.4,19.6,24.8,20.7,20.5,25.3,19.5,21.7,21.74,1.98,0.2,73,68,11.6,9.05,0.2,-0.6115,0.7912,19.8,21.1,21.1,station
2025-11-24,25.4,24.0,24.6,22.3,26.6,25.0,24.0,25.6,21.4,27.7,24.58,1.6,-0.16,91,71,21.0,6.2,13.1,-0.5978,0.8016,25.4,25.0,25.0,station
2025-11-25,25.2,24.5,23.2,24.2,21.8,23.6,24.7,26.7,24.9,21.2,23.78,1.32,-0.44,66,13,15.6,14.71,0.0,-0.584,0.8118,26.0,27.2,27.2,station
2025-11-26,17.0,16.7,15.8,17.3,15.2,17.0,16.5,18.7,17.0,13.4,16.4,0.87,-0.12,55,13,19.7,14.54,0.0,-0.5699,0.8217,18.0,18.9,18.9,station
2025-11-27,17.5,17.2,16.7,16.8,15.6,17.6,17.1,17.7,15.9,15.9,16.76,0.72,-0.08,52,66,8.4,5.19,0.0,-0.5557,0.8314,16.7,17.8,17.8,station
2025-11-28,18.9,17.4,18.1,16.6,20.9,18.3,16.7,16.4,17.7,20.4,18.38,1.65,0.48,53,94,24.3,7.33,0.6,-0.5413,0.8408,21.1,20.0,20.0,station
2025-11-29,24.2,23.1,25.0,26.7,26.7,24.5,23.3,23.9,25.4,27.1,25.14,1.58,0.3,82,73,24.0,8.83,4.9,-0.5268,0.85,25.5,27.2,27.2,station
2025-11-30,16.9,14.7,14.7,16.8,16.6,16.9,14.9,17.5,17.6,16.7,15.94,1.14,-0.78,56,100,29.7,3.94,1.4,-0.5121,0.859,17.5,13.9,13.9,station
2025-12-01,11.1,6.5,7.1,10.7,9.1,11.3,6.6,10.8,11.0,8.5,8.9,2.07,-0.74,74,99,15.8,2.51,1.0,-0.4972,0.8676,8.1,6.7,6.7,station
2025-12-02,12.3,10.8,12.0,11.8,11.1,13.1,10.7,15.4,12.1,10.9,11.6,0.63,-0.84,63,55,16.2,14.17,0.0,-0.4822,0.8761,11.8,12.2,12.2,station
2025-12-03,19.1,14.7,18.0,15.3,14.4,18.5,15.9,17.3,15.3,18.0,16.3,2.12,-0.7,79,89,11.0,4.68,1.1,-0.4671,0.8842,14.0,13.3,13.3,station
2025-12-04,15.3,13.0,15.2,14.6,13.0,15.0,13.8,15.5,13.1,12.6,14.22,1.15,0.22,83,99,27.2,5.04,2.2,-0.4518,0.8921,12.5,12.2,12.2,station
2025-12-05,13.0,11.2,11.6,11.0,10.2,11.1,11.2,9.3,10.0,10.9,11.4,1.03,0.9,75,100,12.7,6.32,0.1,-0.4364,0.8998,11.4,11.1,11.1,station
2025-12-06,21.7,19.1,23.2,21.2,22.3,22.2,19.5,24.8,20.6,21.2,21.5,1.53,-0.16,70,33,18.1,13.83,0.0,-0.4208,0.9071,22.6,25.0,25.0,station
2025-12-07,19.3,19.0,17.2,19.8,21.2,20.8,17.6,20.2,20.1,20.5,19.3,1.45,-0.54,75,1,25.6,13.68,0.0,-0.4052,0.9142,20.5,22.8,22.8,station
2025-12-08,14.0,12.9,14.2,14.7,14.7,14.2,12.0,17.0,14.2,16.1,14.1,0.74,-0.6,65,0,15.0,14.17,0.0,-0.3894,0.9211,14.9,15.6,15.6,station
2025-12-09,17.9,17.7,18.9,18.5,18.7,18.0,16.9,18.6,17.4,18.5,18.34,0.52,0.46,56,0,18.4,14.21,0.0,-0.3735,0.9276,19.1,20.6,20.6,station
2025-12-10,22.0,21.6,20.1,21.4,23.5,21.7,21.6,21.6,21.4,23.5,21.72,1.22,-0.24,56,0,23.1,13.82,0.0,-0.3575,0.9339,21.3,22.2,22.2,station
2025-12-11,19.6,19.5,20.4,20.7,20.2,20.0,19.0,20.3,20.4,20.7,20.08,0.52,0.0,44,0,14.0,13.95,0.0,-0.3413,0.9399,20.6,21.1,21.1,station
2025-12-12,22.8,21.5,20.3,24.5,24.2,24.3,21.3,26.1,24.1,24.3,22.66,1.78,-1.36,86,50,11.6,5.59,0.4,-0.3251,0.9457,22.2,24.4,24.4,station
2025-12-13,23.2,21.9,17.9,26.2,24.7,22.7,22.5,27.4,26.6,25.1,22.78,3.17,-2.08,89,63,8.4,6.76,2.3,-0.3088,0.9511,25.5,25.0,25.0,station
2025-12-14,16.5,18.0,16.4,18.1,16.1,16.7,17.9,18.1,18.2,19.0,17.02,0.95,-0.96,70,75,28.1,5.69,0.5,-0.2924,0.9563,17.4,18.3,18.3,station
2025-12-15,12.9,10.5,9.6,11.2,11.9,14.0,10.7,15.0,12.6,11.8,11.22,1.27,-1.6,55,73,10.2,13.32,0.0,-0.2759,0.9612,12.4,12.8,12.8,station
2025-12-16,15.9,13.5,16.3,13.8,17.0,15.8,13.6,15.2,13.7,17.4,15.3,1.56,0.16,66,100,12.1,5.23,9.5,-0.2593,0.9658,15.5,17.2,17.2,station
2025-12-17,19.4,17.8,16.2,20.5,21.3,18.6,18.1,17.6,20.3,20.5,19.04,2.06,0.02,96,93,11.1,4.01,13.6,-0.2427,0.9701,18.2,18.9,18.9,station
2025-12-18,23.8,22.1,22.7,23.4,26.6,24.8,22.8,27.2,23.7,24.9,23.72,1.74,-0.96,65,42,21.3,13.27,0.0,-0.226,0.9741,24.1,24.4,24.4,station
2025-12-19,18.4,18.3,18.9,17.2,18.3,18.0,18.9,19.8,17.2,19.9,18.22,0.62,-0.54,39,0,18.9,13.81,0.0,-0.2092,0.9779,19.6,20.6,20.6,station
2025-12-20,24.3,22.5,23.2,25.2,26.0,23.7,22.7,25.3,22.7,25.7,24.24,1.43,0.22,77,1,24.4,13.27,0.0,-0.1923,0.9813,23.7,23.3,23.3,station
2025-12-21,20.5,18.7,20.8,21.2,23.7,20.8,18.4,22.6,19.5,24.7,20.98,1.8,-0.22,72,4,13.6,13.18,0.0,-0.1754,0.9845,21.5,21.7,21.7,station
2025-12-22,22.9,23.1,20.1,25.6,27.6,24.3,22.5,24.6,26.0,25.8,23.86,2.86,-0.78,80,73,15.6,6.57,0.1,-0.1585,0.9874,24.5,25.0,25.0,station
2025-12-23,27.0,24.4,26.1,26.4,28.8,26.1,24.8,27.4,26.6,28.2,26.54,1.59,-0.08,83,64,18.4,9.9,0.1,-0.1414,0.9899,26.9,26.1,26.1,station
2025-12-24,25.2,23.6,24.0,25.3,27.9,25.7,24.1,27.3,25.8,27.9,25.2,1.68,-0.96,81,49,12.5,9.68,0.6,-0.1244,0.9922,26.2,26.7,26.7,station
2025-12-25,26.8,23.7,23.3,25.7,27.8,26.1,23.7,27.0,25.6,26.6,25.46,1.94,-0.34,83,49,15.1,6.76,0.0,-0.1073,0.9942,25.9,25.0,25.0,station
2025-12-26,27.5,25.4,25.9,26.6,28.7,27.1,26.0,27.8,25.8,29.1,26.82,1.31,-0.34,81,67,15.5,10.5,0.0,-0.0902,0.9959,27.7,28.9,28.9,station
2025-12-27,27.3,25.2,25.7,27.0,28.4,27.2,25.3,28.0,27.2,28.4,26.72,1.28,-0.5,79,53,20.7,9.87,0.0,-0.073,0.9973,27.3,27.2,27.2,station
2025-12-28,26.2,25.1,26.1,26.1,27.3,25.7,25.2,25.8,26.4,26.3,26.16,0.78,0.28,78,79,32.0,6.55,1.3,-0.0559,0.9984,26.0,25.6,25.6,station
2025-12-29,15.1,15.2,12.8,12.8,16.0,13.6,11.9,12.7,14.6,17.2,14.38,1.48,0.38,33,100,27.8,4.42,0.0,-0.0387,0.9993,12.5,11.7,11.7,station
2025-12-30,13.7,12.0,13.2,12.7,12.1,14.2,11.8,13.7,12.4,12.2,12.74,0.72,-0.12,29,45,17.0,14.43,0.0,-0.0215,0.9998,14.1,14.4,14.4,station
2025-12-31,20.9,19.8,20.4,19.1,20.1,20.7,19.5,18.8,18.1,18.6,20.06,0.67,0.92,37,40,14.8,14.13,0.0,-0.0043,1.0,20.9,,,
2026-01-01,22.0,21.6,22.6,21.8,22.0,21.9,21.5,22.7,21.1,21.9,22.0,0.37,0.18,38,71,20.1,13.24,0.0,0.0172,0.9999,22.6,22.8,22.8,station
2026-01-02,29.6,29.6,30.3,29.5,30.0,29.3,29.5,28.9,29.8,30.1,29.8,0.34,0.28,38,6,18.9,13.62,0.0,0.0344,0.9994,30.1,31.7,31.7,station
2026-01-03,23.5,22.5,20.6,22.3,23.7,23.1,21.4,23.5,22.6,24.7,22.52,1.23,-0.54,45,1,18.9,13.77,0.0,0.0516,0.9987,23.6,24.4,24.4,station
2026-01-04,20.7,18.6,19.5,20.0,21.7,21.3,18.9,22.5,20.6,22.5,20.1,1.18,-1.06,60,19,10.7,13.85,0.0,0.0688,0.9976,20.2,21.7,21.7,station
2026-01-05,23.4,20.7,25.3,24.4,24.7,25.0,20.6,25.7,23.8,24.2,23.7,1.81,-0.16,80,96,19.0,6.87,0.0,0.0859,0.9963,24.8,24.4,24.4,station
2026-01-06,27.6,26.4,29.2,28.6,29.1,27.6,26.4,28.5,29.1,29.3,28.18,1.18,0.0,67,45,14.6,12.63,0.0,0.103,0.9947,27.7,28.3,28.3,station
2026-01-07,26.4,25.0,27.1,26.2,27.4,27.2,24.8,27.8,26.7,28.1,26.42,0.93,-0.5,66,58,21.6,12.48,0.0,0.1201,0.9928,26.0,26.7,26.7,station
2026-01-08,26.7,24.9,26.2,26.3,27.8,26.2,25.5,26.2,26.9,27.5,26.38,1.04,-0.08,73,97,30.8,8.09,0.0,0.1372,0.9905,26.0,26.1,26.1,station
2026-01-09,19.4,18.1,19.8,19.2,21.7,20.3,21.1,24.3,24.6,24.5,19.64,1.31,-3.32,72,100,12.1,4.01,0.2,0.1542,0.988,22.0,22.2,22.2,station
2026-01-10,14.4,14.5,13.7,14.3,15.1,14.0,16.5,15.3,16.7,14.1,14.4,0.5,-0.92,50,67,26.2,14.42,0.0,0.1712,0.9852,15.5,15.6,15.6,station
2026-01-11,16.5,16.3,18.2,16.3,16.6,17.2,16.2,15.7,17.4,16.1,16.78,0.8,0.26,38,100,14.2,12.45,0.0,0.1881,0.9821,16.7,17.2,17.2,station
2026-01-12,16.1,16.2,16.5,17.1,16.4,14.4,17.0,14.0,16.9,14.5,16.46,0.39,1.1,50,82,6.1,12.32,0.2,0.205,0.9788,17.5,17.2,17.2,station
2026-01-13,15.2,14.9,16.7,17.8,14.9,17.3,16.4,17.1,17.7,17.0,15.9,1.3,-1.2,64,75,14.3,6.79,2.2,0.2218,0.9751,15.3,15.6,15.6,station
2026-01-14,19.2,19.7,19.2,19.2,19.7,19.4,20.3,20.2,21.0,20.0,19.4,0.27,-0.78,49,1,26.4,14.51,0.0,0.2385,0.9711,19.6,20.6,20.6,station
2026-01-15,17.1,16.1,17.1,17.4,18.0,17.1,16.6,17.8,16.5,17.9,17.14,0.69,-0.04,49,0,17.6,14.77,0.0,0.2552,0.9669,17.7,18.9,18.9,station
2026-01-16,21.8,20.1,21.7,23.0,23.8,23.0,20.1,21.5,22.5,23.3,22.08,1.41,0.0,42,2,23.4,14.81,0.0,0.2718,0.9624,22.8,24.4,24.4,station
2026-01-17,12.9,11.4,11.1,11.7,12.5,12.7,11.4,12.5,11.8,12.5,11.92,0.76,-0.26,27,0,26.1,15.27,0.0,0.2883,0.9575,12.0,12.8,12.8,station
2026-01-18,16.9,15.4,16.6,16.9,16.5,15.9,14.9,17.1,15.8,15.4,16.46,0.62,0.64,35,0,16.2,15.48,0.0,0.3047,0.9524,16.9,17.8,17.8,station
2026-01-19,18.3,19.1,19.0,19.1,18.7,18.1,18.4,17.9,18.7,18.3,18.84,0.34,0.56,36,23,14.0,15.62,0.0,0.3211,0.9471,18.7,20.0,20.0,station
2026-01-20,14.9,14.5,18.4,15.0,17.5,14.9,15.2,16.1,15.3,15.1,16.06,1.76,0.74,47,100,15.4,9.21,0.9,0.3373,0.9414,14.9,15.6,15.6,station
2026-01-21,23.1,20.3,21.8,24.1,20.8,21.6,20.1,21.7,25.2,20.3,22.02,1.58,0.24,81,79,17.5,8.92,1.1,0.3534,0.9355,22.9,23.9,23.9,station
2026-01-22,22.0,17.6,17.9,19.5,23.2,19.5,18.2,21.2,23.7,23.4,20.04,2.48,-1.16,84,88,13.6,10.76,0.0,0.3695,0.9292,20.7,20.6,20.6,station
2026-01-23,20.2,18.5,18.8,21.7,22.1,18.4,16.3,19.8,18.5,26.1,20.26,1.63,0.44,94,100,18.0,3.73,10.0,0.3854,0.9227,20.1,19.4,19.4,station
2026-01-24,13.1,10.3,16.8,16.7,17.9,15.7,8.5,12.5,14.7,17.7,14.96,3.17,1.14,85,100,23.5,4.08,18.5,0.4012,0.916,10.8,6.7,6.7,station
2026-01-25,3.7,-3.0,-1.4,-1.1,-1.5,3.7,-2.7,-1.8,-0.6,-2.8,-0.66,2.55,0.18,65,76,24.1,11.61,8.1,0.4169,0.9089,0.0,-1.7,-1.7,station
2026-01-26,3.8,0.7,-0.5,2.6,-1.9,3.5,0.6,-1.7,2.2,-3.0,0.94,2.3,0.62,61,6,19.3,16.32,0.0,0.4325,0.9016,2.3,2.8,2.8,station
2026-01-27,7.6,6.4,7.8,6.4,5.4,8.1,6.3,8.0,7.1,2.7,6.72,0.99,0.28,64,44,11.0,14.51,0.0,0.4479,0.8941,7.7,10.0,10.0,station
2026-01-28,10.6,12.3,10.6,10.9,10.9,11.3,11.7,13.1,10.5,9.4,11.06,0.71,-0.14,70,25,12.1,16.47,0.0,0.4633,0.8862,12.3,13.9,13.9,station
2026-01-29,19.0,18.2,19.7,19.1,21.1,17.9,18.1,19.7,16.7,18.9,19.42,1.08,1.16,66,85,20.0,15.41,0.0,0.4784,0.8781,18.9,22.2,22.2,station
2026-01-30,10.7,11.5,14.0,12.2,12.2,11.8,12.9,12.5,12.8,13.6,12.12,1.22,-0.6,57,79,16.7,11.47,0.0,0.4935,0.8698,12.2,12.8,12.8,station
2026-01-31,4.7,4.5,5.8,5.7,6.4,4.9,5.2,7.0,6.2,6.7,5.42,0.8,-0.58,57,1,20.4,16.6,0.0,0.5084,0.8611,6.3,6.7,6.7,station
2026-02-01,12.5,12.3,14.3,13.4,14.1,12.0,12.9,13.6,12.9,13.5,13.32,0.91,0.34,53,3,13.0,16.96,0.0,0.5231,0.8523,11.6,13.9,13.9,station
2026-02-02,18.7,19.3,19.7,19.6,19.9,18.7,18.8,18.5,18.8,21.1,19.44,0.47,0.26,73,75,23.8,12.37,0.0,0.5377,0.8432,20.1,20.0,20.0,station
2026-02-03,20.7,20.4,22.1,22.4,23.8,19.2,20.1,21.2,22.4,22.9,21.88,1.38,0.72,77,89,21.8,9.72,0.0,0.5521,0.8338,22.1,22.2,22.2,station
2026-02-04,15.5,17.4,16.5,17.0,17.9,15.9,17.2,18.2,18.6,19.5,16.86,0.92,-1.02,54,21,19.8,15.48,0.0,0.5664,0.8242,16.6,17.8,17.8,station
2026-02-05,19.6,19.1,20.4,20.4,20.9,19.2,19.4,18.8,20.4,20.5,20.08,0.72,0.42,55,0,13.4,17.64,0.0,0.5805,0.8143,19.4,20.6,20.6,station
2026-02-06,25.8,27.1,27.0,26.7,27.0,25.5,26.4,24.6,26.2,26.4,26.72,0.54,0.9,37,0,14.0,17.43,0.0,0.5944,0.8042,26.3,27.8,27.8,station
2026-02-07,24.8,25.2,27.3,26.9,27.5,24.1,25.5,25.3,27.4,26.6,26.34,1.25,0.56,41,15,15.5,17.42,0.0,0.6081,0.7938,27.1,28.9,28.9,station
2026-02-08,25.6,25.2,25.7,25.5,26.2,24.3,24.5,24.4,23.9,26.0,25.64,0.36,1.02,50,49,17.3,12.73,0.0,0.6217,0.7833,25.5,26.7,26.7,station
2026-02-09,28.5,27.3,29.0,29.1,29.4,27.5,27.5,26.2,27.0,29.0,28.66,0.83,1.22,64,52,20.3,17.17,0.0,0.6351,0.7725,28.2,29.4,29.4,station
2026-02-10,21.2,22.1,25.4,23.5,23.0,21.9,22.6,24.8,23.6,24.3,23.04,1.59,-0.4,83,88,18.7,5.63,2.0,0.6483,0.7614,21.2,20.6,20.6,station
2026-02-11,23.1,21.4,22.0,23.2,25.4,22.5,20.5,21.4,24.3,26.8,23.02,1.53,-0.08,67,48,13.8,16.51,1.4,0.6613,0.7502,22.9,23.9,23.9,station
2026-02-12,25.8,26.1,24.8,23.6,27.0,26.8,26.0,26.7,25.9,27.2,25.46,1.3,-1.06,59,44,11.7,15.87,0.0,0.6741,0.7387,26.0,27.2,27.2,station
2026-02-13,26.9,25.5,26.5,26.2,28.9,25.8,25.6,26.8,25.4,28.0,26.8,1.28,0.48,75,96,19.4,12.01,0.1,0.6867,0.727,26.6,27.2,27.2,station
2026-02-14,24.0,21.6,22.2,22.3,24.6,22.6,22.2,22.7,21.5,24.5,22.94,1.29,0.24,90,78,27.9,7.89,25.6,0.6991,0.715,23.8,23.3,23.3,station
2026-02-15,22.3,20.8,19.1,20.5,21.0,22.6,21.4,22.6,21.2,20.0,20.74,1.15,-0.82,67,20,24.2,18.02,0.0,0.7113,0.7029,22.2,23.3,23.3,station
2026-02-16,22.7,22.7,23.1,21.7,24.1,23.2,22.6,24.6,22.3,24.2,22.86,0.86,-0.52,74,26,14.3,18.87,0.0,0.7233,0.6906,23.5,25.0,25.0,station
2026-02-17,25.5,25.0,27.7,26.0,29.5,25.2,24.3,27.0,24.6,29.0,26.74,1.85,0.72,77,56,25.2,15.79,0.1,0.735,0.678,27.2,28.9,28.9,station
2026-02-18,26.8,25.5,26.6,28.6,29.2,26.3,25.0,26.9,27.2,29.0,27.34,1.52,0.46,81,97,18.8,11.77,0.0,0.7466,0.6653,25.0,25.0,25.0,station
2026-02-19,28.3,26.6,28.9,29.8,29.5,28.2,26.7,28.1,30.0,29.8,28.62,1.27,0.06,77,62,18.1,15.76,0.5,0.7579,0.6523,27.8,29.4,29.4,station
2026-02-20,20.7,19.3,20.9,21.0,23.3,21.9,18.3,20.3,25.2,29.7,21.04,1.44,-2.04,63,94,17.3,10.5,0.4,0.769,0.6392,20.6,19.4,19.4,station
2026-02-21,21.0,20.6,22.5,20.2,22.4,22.3,19.2,21.4,21.3,24.4,21.34,1.05,-0.38,49,51,23.7,13.71,0.0,0.7799,0.6259,20.9,22.2,22.2,station
2026-02-22,16.9,16.0,15.7,15.8,16.2,16.7,15.5,15.7,15.9,16.5,16.12,0.48,0.06,38,23,22.6,20.21,0.0,0.7906,0.6124,16.3,16.7,16.7,station
2026-02-23,17.5,17.3,16.9,17.3,17.1,17.6,17.2,16.7,16.4,17.1,17.22,0.23,0.22,40,13,7.7,20.55,0.0,0.801,0.5987,17.5,18.9,18.9,station
2026-02-24,22.3,23.4,22.6,22.8,23.4,22.3,23.6,22.8,22.6,23.3,22.9,0.49,-0.02,48,22,28.0,20.03,0.0,0.8112,0.5848,22.6,23.9,23.9,station
2026-02-25,29.0,28.9,31.1,30.9,30.6,28.7,29.1,29.2,30.4,29.8,30.1,1.07,0.66,64,46,24.5,19.39,0.0,0.8211,0.5708,28.9,30.6,30.6,station
2026-02-26,31.2,29.0,29.4,30.6,31.6,30.7,28.5,28.4,34.8,33.1,30.36,1.13,-0.74,63,21,16.2,19.98,0.0,0.8308,0.5566,28.8,29.4,29.4,station
2026-02-27,29.1,28.8,29.2,28.9,29.2,28.6,28.6,28.7,28.8,31.4,29.04,0.18,-0.18,51,0,11.2,20.34,0.0,0.8402,0.5422,29.3,30.6,30.6,station
2026-02-28,28.7,27.6,28.7,28.5,30.5,28.3,27.9,29.8,27.9,31.0,28.8,1.05,-0.18,61,11,17.8,18.89,0.0,0.8495,0.5277,28.6,30.6,30.6,station
2026-03-01,28.4,27.1,27.8,28.2,30.6,28.3,27.1,28.7,28.4,30.4,28.42,1.32,-0.16,70,48,22.1,17.34,0.4,0.8584,0.513,28.2,29.4,29.4,station
2026-03-02,28.3,26.6,27.6,28.9,30.6,27.9,26.9,28.6,29.0,30.8,28.4,1.5,-0.24,72,57,19.8,14.05,0.4,0.8671,0.4981,28.1,29.4,29.4,station
2026-03-03,29.7,29.0,29.8,30.0,31.9,29.8,28.8,31.3,30.5,31.7,30.08,1.08,-0.34,71,69,24.1,18.05,0.3,0.8755,0.4831,29.8,31.1,31.1,station
2026-03-04,27.3,26.8,29.3,29.9,30.7,27.1,26.4,29.7,28.5,30.6,28.8,1.68,0.34,76,71,25.6,16.91,3.0,0.8837,0.468,30.0,30.6,30.6,station
2026-03-05,28.4,27.7,27.6,27.5,30.8,28.2,27.5,30.0,28.7,30.7,28.4,1.39,-0.62,76,76,28.6,13.0,6.5,0.8916,0.4527,28.4,30.6,30.6,station
2026-03-06,27.8,27.1,26.0,28.1,27.3,28.6,27.0,30.8,29.1,29.4,27.26,0.81,-1.72,76,75,29.7,14.4,2.8,0.8993,0.4373,29.3,28.9,28.9,station
2026-03-07,26.3,23.9,25.6,26.1,30.2,25.6,24.9,29.1,25.6,28.2,26.42,2.31,-0.26,85,93,26.3,8.87,15.4,0.9067,0.4218,26.0,25.0,25.0,station
2026-03-08,22.2,19.1,21.1,19.3,15.6,22.9,20.0,22.8,19.7,16.9,19.46,2.51,-1.0,83,99,15.5,9.29,8.1,0.9138,0.4061,19.1,19.4,19.4,station
2026-03-09,27.0,24.8,25.2,27.1,26.4,27.6,26.1,27.9,28.0,25.7,26.1,1.05,-0.96,88,100,17.5,9.17,0.6,0.9207,0.3904,25.7,25.6,25.6,station
2026-03-10,26.8,25.5,27.7,27.4,26.7,27.9,25.5,27.6,27.3,26.2,26.82,0.85,-0.08,85,88,24.1,8.9,4.1,0.9272,0.3745,26.6,28.9,28.9,station
2026-03-11,27.2,24.9,23.4,27.6,24.8,28.0,24.0,27.6,27.9,25.5,25.58,1.77,-1.02,71,41,26.1,19.58,4.5,0.9335,0.3585,26.7,27.2,27.2,station
2026-03-12,17.7,18.7,17.7,18.1,14.9,18.4,18.4,20.5,20.6,15.6,17.42,1.47,-1.28,44,0,25.1,23.43,0.0,0.9396,0.3424,17.9,18.9,18.9,station
2026-03-13,23.6,25.5,25.9,24.0,24.9,22.6,25.3,24.8,23.3,22.6,24.78,0.97,1.06,47,0,20.1,23.03,0.0,0.9453,0.3261,24.6,27.2,27.2,station
2026-03-14,27.1,27.3,28.1,27.3,30.3,26.2,26.7,28.1,26.8,30.9,28.02,1.33,0.28,71,30,22.6,20.95,0.0,0.9508,0.3098,28.5,29.4,29.4,station
2026-03-15,34.4,28.3,35.1,35.8,34.9,33.6,28.1,34.6,35.7,34.6,33.7,3.06,0.38,59,58,34.9,19.84,0.1,0.956,0.2934,35.3,36.1,36.1,station
2026-03-16,13.6,14.2,13.3,13.4,14.1,13.8,14.9,12.2,13.1,14.3,13.72,0.41,0.06,24,90,31.0,19.77,0.0,0.9609,0.2769,12.6,12.2,12.2,station
2026-03-17,18.9,18.3,19.3,17.3,17.7,18.9,18.3,18.2,17.6,17.9,18.3,0.82,0.12,31,58,19.4,23.55,0.0,0.9655,0.2604,18.6,19.4,19.4,station
2026-03-18,24.1,24.3,24.5,23.4,25.4,24.8,25.0,24.4,23.5,25.7,24.34,0.72,-0.34,48,48,16.6,23.08,0.0,0.9698,0.2437,24.1,25.0,25.0,station
2026-03-19,28.9,28.4,28.5,27.8,29.6,29.4,28.6,28.0,27.7,29.4,28.64,0.67,0.02,59,2,18.6,23.03,0.0,0.9739,0.227,28.2,29.4,29.4,station
2026-03-20,31.0,30.2,30.6,30.9,31.9,31.3,30.3,31.3,30.9,31.8,30.92,0.63,-0.2,55,0,19.9,23.34,0.0,0.9777,0.2102,30.2,32.2,32.2,station
2026-03-21,32.3,31.7,32.4,32.4,33.8,33.0,31.9,31.8,33.1,33.7,32.52,0.77,-0.18,58,0,21.3,23.4,0.0,0.9811,0.1934,31.6,33.9,33.9,station
2026-03-22,32.5,31.2,32.2,33.0,33.2,32.6,31.2,31.8,33.1,33.5,32.42,0.79,-0.02,50,0,22.0,23.89,0.0,0.9843,0.1765,31.6,33.3,33.3,station
2026-03-23,30.5,28.9,29.5,30.0,31.7,30.8,28.8,30.8,30.7,31.5,30.12,1.06,-0.4,62,39,16.0,22.77,0.0,0.9872,0.1595,28.9,30.0,30.0,station
2026-03-24,30.2,29.5,28.4,29.8,30.9,29.9,29.6,30.5,29.3,31.5,29.76,0.92,-0.4,61,31,20.0,21.47,0.1,0.9898,0.1425,29.5,30.6,30.6,station
2026-03-25,31.5,30.1,29.0,31.0,32.7,31.5,30.2,31.6,31.1,32.4,30.86,1.4,-0.5,65,52,20.1,19.07,0.2,0.9921,0.1255,30.4,31.7,31.7,station
2026-03-26,31.1,30.1,29.9,31.3,32.4,31.0,30.2,31.9,31.6,32.3,30.96,1.01,-0.44,65,34,22.5,21.03,0.3,0.9941,0.1084,30.7,31.7,31.7,station
2026-03-27,31.7,26.1,29.5,31.1,31.8,31.8,25.7,33.0,30.9,32.5,30.04,2.39,-0.74,69,63,23.8,15.71,0.2,0.9958,0.0913,29.1,30.6,30.6,station
2026-03-28,21.9,18.9,21.8,21.4,24.3,21.1,20.2,23.4,23.5,25.8,21.66,1.92,-1.14,53,72,21.8,16.54,0.0,0.9972,0.0741,21.6,22.2,22.2,station
2026-03-29,28.7,28.3,27.8,28.9,29.5,27.9,27.7,27.6,28.8,30.1,28.64,0.64,0.22,58,13,20.8,20.66,0.0,0.9984,0.057,28.1,28.9,28.9,station
2026-03-30,30.4,28.9,29.1,30.7,31.0,30.5,29.2,31.6,31.5,31.2,30.02,0.96,-0.78,64,47,21.2,21.5,0.0,0.9992,0.0398,29.2,31.1,31.1,station
2026-03-31,29.2,28.7,30.1,30.8,32.0,29.9,29.0,33.1,31.0,31.1,30.16,1.31,-0.66,67,56,22.5,19.3,0.2,0.9997,0.0226,29.7,31.7,31.7,station
2026-04-01,31.7,29.1,31.3,32.4,33.7,31.3,29.0,32.7,33.1,33.5,31.64,1.69,-0.28,67,70,27.2,20.63,0.4,1.0,0.0054,32.0,32.8,32.8,station
2026-04-02,29.6,27.0,25.8,29.9,27.4,29.4,27.3,28.5,29.8,29.4,27.94,1.76,-0.94,78,75,24.7,14.65,14.7,0.9999,-0.0118,29.2,30.0,30.0,station
2026-04-03,28.9,27.6,29.8,27.7,28.7,31.0,27.2,32.9,28.1,28.3,28.54,0.91,-0.96,76,79,27.7,16.75,1.7,0.9996,-0.029,29.0,28.3,28.3,station
2026-04-04,25.4,24.0,23.6,22.7,22.8,24.0,23.5,27.3,22.6,27.2,23.7,1.1,-1.22,84,92,26.9,7.95,29.6,0.9989,-0.0462,22.8,25.0,25.0,station
2026-04-05,18.2,19.2,20.9,21.4,16.6,20.0,19.7,20.3,21.7,17.5,19.26,1.97,-0.58,58,100,20.7,9.99,0.7,0.998,-0.0634,18.1,18.3,18.3,station
2026-04-06,21.1,23.1,22.0,21.5,19.8,20.6,22.6,22.7,20.4,18.2,21.5,1.21,0.6,57,49,16.3,25.7,0.0,0.9968,-0.0805,21.5,22.8,22.8,station
2026-04-07,21.9,23.4,23.9,22.0,23.4,22.0,23.1,22.8,21.3,23.8,22.92,0.91,0.32,51,68,12.4,22.83,0.6,0.9952,-0.0977,23.4,23.9,23.9,station
2026-04-08,26.5,26.6,26.4,26.0,28.3,24.5,24.3,24.5,24.5,28.2,26.76,0.89,1.56,62,36,17.3,21.11,0.0,0.9934,-0.1148,25.8,26.7,26.7,station
2026-04-09,28.3,25.5,26.1,27.1,28.2,28.1,23.5,29.3,27.7,30.5,27.04,1.24,-0.78,82,87,16.2,15.42,15.8,0.9913,-0.1319,27.3,27.2,27.2,station
2026-04-10,25.5,26.1,26.6,,27.6,25.5,24.8,25.3,25.1,28.9,26.45,0.89,0.53,85,64,15.3,18.32,3.9,0.9889,-0.1489,27.0,27.8,27.8,station
2026-04-11,27.5,25.4,24.9,,26.6,27.0,25.6,27.0,25.6,27.7,26.1,1.17,-0.48,85,83,19.6,17.77,4.6,0.9861,-0.1659,27.4,28.3,28.3,station
2026-04-12,23.3,23.6,23.6,,25.2,23.8,24.1,25.5,22.9,24.8,23.93,0.86,-0.29,93,97,24.2,6.69,19.5,0.9831,-0.1828,23.0,25.6,25.6,station
2026-04-13,27.9,27.9,30.2,30.4,26.7,28.7,27.9,28.7,30.5,27.2,28.62,1.61,0.02,81,71,19.6,19.04,2.0,0.9799,-0.1997,29.1,30.6,30.6,station
2026-04-14,27.7,27.8,28.2,29.9,27.6,27.4,27.6,28.9,30.2,27.0,28.24,0.96,0.02,77,88,22.4,18.45,0.6,0.9763,-0.2165,29.6,30.6,30.6,station
2026-04-15,28.4,27.2,29.3,28.5,29.7,28.3,27.1,28.9,27.7,29.9,28.62,0.96,0.24,74,91,27.5,17.07,0.3,0.9724,-0.2333,29.4,29.4,29.4,station
2026-04-16,30.5,30.0,28.5,30.5,32.2,28.4,29.4,32.2,29.8,32.8,30.34,1.32,-0.18,71,47,22.5,18.58,0.1,0.9683,-0.25,30.2,31.1,31.1,station
2026-04-17,30.5,28.7,31.8,30.7,33.8,31.2,28.5,32.7,31.1,34.1,31.1,1.87,-0.42,70,84,24.8,16.66,0.0,0.9638,-0.2666,30.6,31.7,31.7,station
2026-04-18,23.6,24.0,23.7,24.1,24.3,23.2,23.9,22.9,24.0,24.9,23.94,0.29,0.16,82,100,24.2,6.38,20.8,0.9591,-0.2831,22.9,22.8,22.8,station
2026-04-19,21.6,21.0,23.5,20.9,21.0,24.1,20.9,21.9,22.2,21.9,21.6,1.1,-0.6,62,81,19.6,22.08,9.0,0.9541,-0.2996,20.9,21.7,21.7,station
2026-04-20,19.0,17.7,16.3,17.2,21.7,19.7,19.0,16.4,17.7,21.6,18.38,2.1,-0.5,89,96,13.0,8.27,28.6,0.9488,-0.316,16.3,16.1,16.1,station
2026-04-21,19.7,18.5,17.3,20.1,20.0,18.3,18.7,17.0,20.7,20.3,19.12,1.2,0.12,96,99,16.6,5.18,28.3,0.9432,-0.3322,19.2,17.8,17.8,station
2026-04-22,24.4,25.5,25.7,26.3,25.9,25.0,26.1,27.2,27.2,25.0,25.56,0.71,-0.54,89,77,14.7,17.42,8.1,0.9373,-0.3484,26.5,28.9,28.9,station
2026-04-23,28.2,27.0,25.1,28.9,27.1,27.5,27.0,30.4,28.5,26.7,27.26,1.44,-0.76,84,91,20.9,15.56,0.7,0.9312,-0.3645,27.1,27.8,27.8,station
2026-04-24,30.8,30.6,28.7,31.4,30.0,30.8,29.6,31.9,30.9,28.7,30.3,1.02,-0.08,79,59,19.8,21.84,0.4,0.9248,-0.3804,30.8,31.7,31.7,station
2026-04-25,30.4,30.0,30.9,31.3,33.9,30.7,29.7,32.8,31.9,33.6,31.3,1.53,-0.44,80,75,17.7,19.88,0.6,0.9181,-0.3963,30.6,31.7,31.7,station
2026-04-26,30.2,28.9,28.9,30.1,34.1,30.1,28.9,33.2,30.8,35.4,30.44,2.14,-1.24,81,91,19.2,15.9,0.8,0.9112,-0.412,29.6,30.6,30.6,station
2026-04-27,31.5,30.0,30.6,32.3,35.5,31.4,30.3,33.6,32.1,35.8,31.98,2.15,-0.66,81,78,20.8,19.9,3.8,0.9039,-0.4276,30.8,31.1,31.1,station
2026-04-28,32.5,30.3,34.1,33.0,36.2,32.7,30.4,34.5,33.2,38.4,33.22,2.16,-0.62,81,95,23.8,13.77,0.9,0.8965,-0.4431,31.6,31.7,31.7,station
2026-04-29,25.7,25.7,25.8,27.2,29.3,28.2,25.4,33.7,29.6,32.1,26.74,1.57,-3.06,88,99,18.2,9.12,14.0,0.8887,-0.4585,26.7,26.7,26.7,station
2026-04-30,26.1,20.4,23.7,20.4,23.8,24.9,19.8,24.9,23.0,25.7,22.88,2.46,-0.78,85,100,18.3,9.27,2.4,0.8807,-0.4737,22.4,21.7,21.7,station
2026-05-01,18.5,18.1,18.9,17.5,20.9,17.0,17.3,17.5,17.7,20.0,18.78,1.29,0.88,93,93,23.8,6.2,60.7,0.8724,-0.4888,18.0,17.8,17.8,station
2026-05-02,23.0,24.0,21.2,22.6,21.7,22.7,23.7,21.3,22.3,21.4,22.5,1.1,0.22,67,1,16.6,27.53,0.0,0.8639,-0.5037,22.5,23.9,23.9,station
2026-05-03,24.6,26.2,24.5,25.0,25.5,24.8,26.1,24.2,24.6,24.0,25.16,0.7,0.42,64,25,15.8,27.78,0.0,0.8551,-0.5185,25.0,26.7,26.7,station
2026-05-04,27.3,27.5,28.5,29.5,32.3,27.5,27.8,28.1,27.7,31.7,29.02,2.03,0.46,73,91,23.9,19.95,0.0,0.846,-0.5331,26.5,27.8,27.8,station
2026-05-05,30.2,29.2,28.5,32.4,35.3,30.3,29.1,31.9,33.2,35.9,31.12,2.76,-0.96,82,96,22.0,15.3,0.6,0.8367,-0.5476,29.1,28.9,28.9,station
2026-05-06,28.3,24.5,30.4,31.2,30.0,30.8,26.9,30.7,33.0,30.9,28.88,2.67,-1.58,85,97,23.8,17.07,3.7,0.8272,-0.5619,24.6,25.6,25.6,station
2026-05-07,22.6,19.2,24.1,19.3,24.8,24.1,17.8,22.3,23.8,24.2,22.0,2.63,-0.44,77,99,20.2,10.21,0.1,0.8174,-0.5761,19.6,20.0,20.0,station
2026-05-08,26.8,25.4,27.3,25.1,30.2,23.8,23.8,27.3,24.3,27.7,26.96,2.03,1.58,83,91,10.7,13.61,1.6,0.8074,-0.59,25.5,27.2,27.2,station
2026-05-09,30.3,31.2,31.6,31.0,30.0,29.4,30.4,29.3,29.5,32.8,30.82,0.66,0.54,81,45,12.9,25.05,3.0,0.7971,-0.6038,30.7,31.7,31.7,station
2026-05-10,30.9,30.5,32.1,31.9,34.3,30.5,28.9,33.1,31.6,32.5,31.94,1.48,0.62,77,28,25.0,25.88,11.3,0.7866,-0.6175,31.5,32.2,32.2,station
2026-05-11,26.2,25.5,25.9,27.0,24.2,27.8,27.8,26.3,27.9,25.8,25.76,1.03,-1.36,75,56,28.1,23.54,5.4,0.7759,-0.6309,26.4,27.2,27.2,station
2026-05-12,28.7,29.9,27.9,28.6,28.7,29.2,29.5,28.3,28.6,26.2,28.76,0.72,0.4,72,10,7.6,27.37,0.0,0.7649,-0.6442,28.3,28.9,28.9,station
2026-05-13,31.3,31.9,30.9,31.6,33.0,31.6,32.7,30.4,31.8,32.6,31.74,0.8,-0.08,67,2,9.9,28.79,0.0,0.7537,-0.6572,31.4,31.7,31.7,station
2026-05-14,31.6,31.6,32.0,32.1,33.4,31.2,31.4,31.5,32.4,34.1,32.14,0.74,0.02,59,41,18.0,28.91,0.0,0.7423,-0.6701,31.8,31.7,31.7,station
2026-05-15,32.7,30.2,31.1,31.7,33.8,32.3,30.1,32.1,31.9,34.1,31.9,1.4,-0.2,66,90,23.2,23.7,0.0,0.7306,-0.6828,32.7,31.7,31.7,station
2026-05-16,32.6,30.3,31.5,32.0,34.2,32.6,30.3,31.5,31.1,34.4,32.12,1.44,0.14,65,78,25.9,21.07,0.2,0.7188,-0.6952,31.2,32.2,32.2,station
2026-05-17,32.5,29.4,31.9,31.1,33.0,32.1,29.9,33.5,30.6,33.1,31.58,1.41,-0.26,79,89,34.2,14.74,6.5,0.7067,-0.7075,31.5,30.6,30.6,station
2026-05-18,32.5,31.0,32.9,32.8,33.0,32.9,31.1,33.2,32.8,32.0,32.44,0.83,0.04,78,71,30.1,22.38,0.9,0.6945,-0.7195,33.1,33.3,33.3,station
2026-05-19,29.7,30.1,32.7,32.2,33.0,32.8,30.8,31.8,33.4,33.1,31.54,1.53,-0.84,82,84,20.1,20.23,4.9,0.682,-0.7314,32.8,32.8,32.8,station
2026-05-20,29.4,26.2,29.7,26.5,28.6,28.7,25.2,27.9,26.2,32.2,28.08,1.63,0.04,76,80,24.2,23.62,11.9,0.6693,-0.743,29.7,28.9,28.9,station
2026-05-21,27.3,27.1,26.9,27.1,26.7,28.2,27.0,28.4,27.7,24.9,27.02,0.23,-0.22,87,95,14.1,15.56,13.9,0.6564,-0.7544,27.6,27.2,27.2,station
2026-05-22,30.1,29.0,31.1,30.0,30.0,29.8,29.7,32.1,33.1,31.7,30.04,0.74,-1.24,88,51,13.2,19.83,2.7,0.6433,-0.7656,27.1,30.6,30.6,station
2026-05-23,28.8,25.7,31.1,27.7,29.6,27.3,26.1,30.0,28.4,25.2,28.58,2.03,1.18,82,48,15.6,20.91,0.8,0.6301,-0.7765,28.5,28.3,28.3,station
2026-05-24,30.3,30.4,31.1,30.8,30.7,28.0,30.5,30.6,29.7,29.2,30.66,0.32,1.06,74,18,9.3,27.41,0.1,0.6166,-0.7873,30.5,30.6,30.6,station
2026-05-25,31.0,29.7,31.1,31.0,31.5,31.3,30.8,32.2,32.2,31.0,30.86,0.68,-0.64,77,36,10.9,24.44,2.9,0.603,-0.7978,31.6,31.1,31.1,station
2026-05-26,31.6,28.5,32.0,31.8,31.5,31.3,30.3,33.0,31.7,31.8,31.08,1.45,-0.54,82,56,16.7,23.92,18.5,0.5892,-0.808,30.3,31.1,31.1,station
2026-05-27,28.0,27.3,30.4,29.9,27.9,28.9,27.7,30.9,28.1,25.5,28.7,1.36,0.48,83,83,17.0,16.79,4.3,0.5752,-0.818,25.7,25.0,25.0,station
2026-05-28,31.4,32.0,30.5,31.4,29.6,30.3,32.2,31.7,31.9,28.3,30.98,0.94,0.1,67,17,9.1,28.82,0.0,0.561,-0.8278,32.9,31.7,31.7,station
2026-05-29,33.2,32.7,32.3,31.9,33.3,33.1,33.2,32.8,32.5,32.2,32.68,0.59,-0.08,66,52,14.2,26.77,0.0,0.5467,-0.8373,33.5,32.2,32.2,station
2026-05-30,31.7,31.1,32.7,31.1,32.6,33.0,31.9,33.1,32.0,32.8,31.84,0.78,-0.72,68,85,19.5,21.85,0.0,0.5322,-0.8466,33.3,30.6,30.6,station
2026-05-31,34.2,32.2,33.2,32.4,32.4,33.8,32.6,33.8,32.2,33.2,32.88,0.83,-0.24,69,53,15.4,21.73,0.0,0.5176,-0.8556,32.4,31.7,31.7,station
2026-06-01,34.8,32.8,33.0,33.9,32.5,34.3,32.9,33.8,33.8,32.5,33.4,0.94,-0.06,70,60,11.9,21.97,1.2,0.5028,-0.8644,33.8,33.3,33.3,station
2026-06-02,34.9,32.0,33.1,32.5,32.8,33.8,31.2,34.3,33.3,32.5,33.06,1.11,0.04,74,46,26.1,24.77,3.2,0.4878,-0.8729,34.5,33.9,33.9,station
2026-06-03,32.6,29.8,31.9,31.5,31.0,32.3,31.1,32.7,32.2,25.9,31.36,1.05,0.52,78,78,12.7,23.0,2.3,0.4728,-0.8812,32.2,31.1,31.1,station
2026-06-04,31.1,29.7,28.0,29.2,28.3,28.7,30.0,29.8,29.4,29.2,29.26,1.23,-0.16,89,73,9.0,21.75,5.4,0.4575,-0.8892,28.7,30.0,30.0,station
2026-06-05,28.9,27.6,30.2,29.7,28.4,29.3,27.8,29.8,29.0,29.7,28.96,1.03,-0.16,91,99,14.0,17.0,20.9,0.4422,-0.8969,29.1,30.0,30.0,station
2026-06-06,29.9,30.8,31.1,31.8,,29.3,29.8,32.5,29.6,28.5,30.9,0.79,0.96,85,55,15.2,26.3,10.4,0.4267,-0.9044,31.4,32.8,32.8,station
2026-06-07,32.0,31.0,33.7,33.2,,32.2,31.0,31.1,32.5,30.5,32.48,1.21,1.02,90,83,23.5,19.83,4.6,0.4111,-0.9116,31.2,32.2,32.2,station
2026-06-08,29.9,30.5,31.3,31.7,,30.8,31.7,34.0,33.0,31.4,30.85,0.81,-1.33,84,39,19.5,23.35,4.1,0.3953,-0.9185,29.9,31.1,31.1,station
2026-06-09,32.9,32.6,34.0,34.1,,32.3,32.4,34.7,34.0,32.1,33.4,0.76,0.3,75,50,16.6,22.73,0.8,0.3795,-0.9252,32.3,33.3,33.3,station
2026-06-10,32.9,33.1,32.6,34.5,31.9,34.0,33.3,33.5,35.6,32.2,33.0,0.95,-0.72,76,44,20.8,25.83,2.5,0.3635,-0.9316,33.4,32.2,32.2,station
2026-06-11,34.4,33.5,32.0,34.7,33.4,34.0,33.6,35.3,34.7,33.3,33.6,1.06,-0.58,73,41,21.1,24.4,3.7,0.3474,-0.9377,34.5,33.9,33.9,station
2026-06-12,33.4,32.5,33.6,33.3,33.0,34.3,32.7,35.5,33.6,33.0,33.16,0.43,-0.66,80,39,17.6,22.45,3.2,0.3312,-0.9436,33.4,34.4,34.4,station
2026-06-13,33.8,32.3,33.0,33.3,33.0,34.4,32.7,35.0,32.6,33.8,33.08,0.54,-0.62,77,37,19.8,26.46,7.2,0.3149,-0.9491,34.1,33.9,33.9,station
2026-06-14,31.9,30.7,32.1,33.2,32.2,33.2,30.7,32.4,32.4,32.7,32.02,0.89,-0.26,84,64,22.8,23.2,8.3,0.2986,-0.9544,33.1,33.3,33.3,station
2026-06-15,27.7,25.7,28.4,26.9,26.8,28.3,26.4,32.4,29.4,26.8,27.1,1.02,-1.56,86,99,8.5,14.32,18.7,0.2821,-0.9594,28.5,28.3,28.3,station
2026-06-16,31.1,31.1,28.9,31.1,30.6,29.2,30.0,25.7,29.9,28.6,30.56,0.95,1.88,85,56,16.1,23.91,2.3,0.2656,-0.9641,30.2,32.2,32.2,station
2026-06-17,32.9,32.7,31.3,34.7,32.5,33.1,33.3,31.9,34.9,32.1,32.82,1.22,-0.24,82,52,10.7,18.7,0.4,0.2489,-0.9685,31.5,31.7,31.7,station
2026-06-18,35.8,35.4,35.1,36.2,35.6,35.5,35.4,36.8,36.4,35.3,35.62,0.41,-0.26,78,36,17.3,22.51,0.1,0.2322,-0.9727,35.7,36.1,36.1,station
2026-06-19,33.4,29.5,31.9,33.8,35.5,34.0,29.5,31.2,34.4,35.5,32.82,2.26,-0.1,81,88,14.7,17.29,9.5,0.2155,-0.9765,30.8,31.1,31.1,station
2026-06-20,32.1,29.2,31.9,29.9,33.5,30.5,28.3,33.2,30.0,36.0,31.32,1.75,-0.28,87,55,15.2,23.68,16.8,0.1986,-0.9801,30.1,31.7,31.7,station
2026-06-21,31.5,32.2,31.7,31.9,32.3,33.9,31.9,36.3,32.7,36.0,31.92,0.33,-2.24,83,41,24.5,23.25,2.7,0.1818,-0.9833,32.2,33.9,33.9,station
2026-06-22,34.5,33.7,33.7,35.0,34.4,33.8,33.4,35.5,33.7,35.1,34.26,0.56,-0.04,71,31,27.5,26.27,0.0,0.1648,-0.9863,34.6,34.4,34.4,station
2026-06-23,35.0,33.8,33.3,34.2,35.2,34.3,33.6,34.4,34.7,34.1,34.3,0.8,0.08,69,63,18.8,26.22,0.6,0.1478,-0.989,34.4,33.9,33.9,station
2026-06-24,35.2,33.8,34.1,33.0,35.4,35.3,33.7,35.5,34.0,35.6,34.3,1.0,-0.52,64,40,20.5,27.23,0.0,0.1308,-0.9914,35.1,33.9,33.9,station
2026-06-25,34.7,34.0,33.6,33.6,35.2,35.2,34.0,36.3,33.2,35.1,34.22,0.71,-0.54,64,42,24.9,24.41,0.0,0.1137,-0.9935,34.6,33.9,33.9,station
2026-06-26,36.0,34.3,34.3,34.7,36.4,36.2,34.6,36.3,35.2,36.3,35.14,0.99,-0.58,65,49,24.6,24.59,0.1,0.0966,-0.9953,36.1,34.4,34.4,station
2026-06-27,36.2,34.5,34.3,35.1,36.0,37.0,34.5,35.8,35.5,35.5,35.22,0.86,-0.44,64,52,23.8,23.57,0.0,0.0795,-0.9968,35.9,35.0,35.0,station
2026-06-28,36.5,34.4,34.4,35.3,36.4,36.7,34.3,36.6,35.1,36.2,35.4,1.03,-0.38,65,28,25.9,23.82,0.5,0.0623,-0.9981,35.0,35.0,35.0,station
2026-06-29,37.4,34.4,35.3,34.5,35.4,37.8,34.7,38.6,35.0,35.8,35.4,1.21,-0.98,63,32,26.6,27.62,0.0,0.0451,-0.999,36.4,36.1,36.1,station
2026-06-30,35.6,34.3,35.1,35.1,34.7,36.2,34.1,37.1,35.3,34.5,34.96,0.49,-0.48,64,42,17.9,26.94,0.5,0.028,-0.9996,34.7,35.0,35.0,station
2026-07-01,34.4,33.9,35.5,35.4,35.1,35.6,34.1,36.5,35.3,34.8,34.86,0.69,-0.4,67,27,17.9,26.72,1.9,0.0108,-0.9999,34.5,35.6,35.6,station
2026-07-02,35.4,34.1,35.5,35.4,34.7,35.8,33.7,37.5,35.3,34.5,35.02,0.61,-0.34,68,50,15.2,26.46,0.8,-0.0065,-1.0,34.8,35.0,35.0,station
2026-07-03,36.4,34.9,35.6,36.1,35.2,36.6,35.0,39.4,35.7,35.4,35.64,0.62,-0.78,64,34,14.7,27.08,0.2,-0.0237,-0.9997,35.3,36.1,36.1,station
2026-07-04,36.6,35.2,36.5,36.9,35.9,36.9,35.2,38.6,37.0,35.9,36.22,0.68,-0.5,63,50,16.0,26.25,0.1,-0.0408,-0.9992,35.2,35.6,35.6,station
2026-07-05,37.0,34.6,36.7,37.4,36.5,36.0,35.3,37.7,37.1,35.6,36.44,1.08,0.1,62,58,16.2,25.97,0.0,-0.058,-0.9983,35.6,35.0,35.0,station
2026-07-06,35.0,31.2,36.7,37.1,35.8,33.6,30.5,39.2,35.9,37.0,35.16,2.36,-0.08,61,50,17.2,26.89,0.9,-0.0752,-0.9972,35.6,36.7,36.7,station
2026-07-07,35.0,33.8,36.5,35.6,36.1,34.9,31.3,38.5,35.3,36.6,35.4,1.06,0.08,65,35,18.6,25.14,2.5,-0.0923,-0.9957,35.6,36.1,36.1,station
2026-07-08,36.9,36.6,36.1,36.8,36.6,36.3,35.3,39.1,37.0,36.5,36.6,0.31,-0.24,61,18,19.8,27.37,0.4,-0.1094,-0.994,36.7,36.7,36.7,station
2026-07-09,37.0,35.8,36.3,37.6,36.3,36.9,35.9,38.2,36.0,36.3,36.6,0.7,-0.06,58,10,22.4,28.27,0.0,-0.1265,-0.992,35.9,36.1,36.1,station
2026-07-10,35.7,32.9,34.2,35.0,35.6,36.7,34.1,34.6,35.8,36.3,34.68,1.16,-0.82,70,20,19.6,25.89,2.0,-0.1436,-0.9896,34.1,34.4,34.4,station
2026-07-11,33.3,30.4,31.0,34.9,35.5,34.3,33.2,36.3,36.8,36.6,33.02,2.28,-2.42,88,60,15.2,20.17,11.6,-0.1606,-0.987,30.3,32.2,32.2,station
2026-07-12,32.2,32.4,32.7,31.4,32.2,34.5,32.7,38.6,35.6,35.4,32.18,0.48,-3.18,76,48,14.4,25.23,2.9,-0.1775,-0.9841,33.2,35.0,35.0,station
2026-07-13,32.5,31.2,34.4,33.0,31.1,30.4,30.0,38.5,32.8,32.6,32.44,1.37,-0.42,83,68,14.4,19.24,9.8,-0.1944,-0.9809,34.4,33.9,33.9,station
2026-07-14,28.6,26.4,27.4,26.6,25.6,30.5,26.5,29.5,26.8,27.5,26.92,1.14,-1.24,95,98,13.7,7.63,32.7,-0.2113,-0.9774,25.9,26.1,26.1,station
2026-07-15,27.0,25.2,26.4,25.3,29.9,28.9,25.6,26.8,26.8,26.3,26.76,1.91,-0.12,95,90,15.0,7.46,20.3,-0.2281,-0.9736,25.7,26.7,26.7,station
2026-07-16,30.0,28.5,31.6,30.8,30.8,28.9,28.5,27.0,30.0,31.9,30.34,1.17,1.08,88,94,18.8,17.18,11.8,-0.2448,-0.9696,29.8,31.7,31.7,station
2026-07-17,31.2,31.7,34.3,33.6,32.8,31.1,31.5,33.2,32.6,30.5,32.72,1.29,0.94,77,73,18.1,24.26,1.7,-0.2614,-0.9652,32.0,34.4,34.4,station
2026-07-18,32.5,33.1,35.7,34.4,35.9,32.4,32.6,35.1,34.8,34.0,34.32,1.52,0.54,74,66,17.2,24.49,0.0,-0.278,-0.9606,32.8,34.4,34.4,station
2026-07-19,33.1,33.4,35.4,34.4,36.6,33.1,33.3,37.4,34.7,37.0,34.58,1.45,-0.52,73,35,15.6,26.88,0.0,-0.2945,-0.9557,33.4,35.0,35.0,station
2026-07-20,34.5,34.5,35.9,35.4,36.8,34.0,34.3,37.5,35.3,37.5,35.42,0.98,-0.3,70,16,13.7,28.64,0.0,-0.3109,-0.9505,34.8,36.1,36.1,station
2026-07-21,37.0,36.5,38.0,37.8,38.1,36.4,36.4,38.9,37.5,38.0,37.48,0.7,0.04,65,14,13.7,28.57,0.0,-0.3272,-0.945,36.5,37.8,37.8,station
2026-07-22,39.1,38.4,40.6,40.2,38.7,39.0,37.9,42.6,40.5,40.0,39.4,0.96,-0.6,58,16,10.2,27.12,0.3,-0.3434,-0.9392,38.5,39.4,39.4,station
2026-07-23,37.8,34.8,37.5,36.3,37.2,39.1,35.2,38.8,37.4,36.3,36.72,1.21,-0.64,59,33,23.2,25.4,0.0,-0.3595,-0.9332,37.5,36.7,36.7,station
2026-07-24,35.6,34.9,34.1,35.5,34.0,35.5,34.5,38.5,35.9,35.9,34.82,0.75,-1.24,68,59,20.8,24.32,0.8,-0.3755,-0.9268,34.8,35.0,35.0,station
2026-07-25,35.6,34.5,35.7,35.3,35.8,35.5,34.5,37.1,36.6,35.0,35.38,0.53,-0.36,65,61,17.4,27.2,0.0,-0.3914,-0.9202,35.2,35.6,35.6,station
2026-07-26,36.4,34.8,35.8,35.9,35.1,36.2,34.8,38.0,36.2,36.2,35.6,0.64,-0.68,62,18,15.5,27.92,0.0,-0.4071,-0.9134,35.6,35.6,35.6,station
2026-07-27,36.5,35.3,36.9,36.4,35.9,36.9,35.4,39.2,36.0,35.3,36.2,0.62,-0.36,62,11,18.4,27.91,0.0,-0.4228,-0.9062,35.9,36.7,36.7,station
2026-07-28,36.8,35.1,36.9,37.2,36.4,37.2,35.3,39.7,36.9,37.0,36.48,0.82,-0.74,64,27,18.6,25.73,0.0,-0.4383,-0.8988,35.5,,,
