datum,p1_ifs,p1_aifs,p1_gfs,p1_icon,p1_gem,p2_ifs,p2_aifs,p2_gfs,p2_icon,p2_gem,mm_gem,mm_spreiding,run2run,rh_gem,bewolking_gem,wind_max,instraling_som,neerslag_som,doy_sin,doy_cos,era5_max,station_max,doel,doelbron
2023-11-01,,,24.5,,,,,24.3,,,,,,82,24,6.4,14.56,0.0,-0.8606,0.5093,23.7,25.0,25.0,station
2023-11-02,,,22.4,,,,,21.1,,,,,,82,50,9.7,12.06,0.3,-0.8517,0.524,24.3,25.0,25.0,station
2023-11-03,,,20.8,,,,,19.9,,,,,,91,75,12.7,5.18,16.7,-0.8426,0.5386,20.8,20.0,20.0,station
2023-11-04,,,19.7,,,,,18.5,,,,,,86,77,15.8,7.77,21.4,-0.8332,0.553,20.2,20.0,20.0,station
2023-11-05,,,20.6,,,,,18.4,,,,,,80,57,13.9,13.68,7.3,-0.8235,0.5672,22.4,22.0,22.0,station
2023-11-06,,,22.3,,,,,22.3,,,,,,78,66,10.8,7.79,0.1,-0.8137,0.5813,20.1,21.0,21.0,station
2023-11-07,,,20.1,,,,,19.3,,,,,,81,35,9.4,10.38,5.4,-0.8035,0.5952,20.9,22.0,22.0,station
2023-11-08,,,18.6,,,,,18.8,,,,,,80,74,7.2,6.45,6.3,-0.7932,0.609,20.4,20.0,20.0,station
2023-11-09,,,21.6,,,,,20.6,,,,,,82,41,8.0,12.88,0.0,-0.7826,0.6225,22.6,23.0,23.0,station
2023-11-10,,,20.5,,,,,19.8,,,,,,83,49,10.7,9.99,5.3,-0.7718,0.6359,21.1,20.0,20.0,station
2023-11-11,,,18.4,,,,,17.0,,,,,,73,83,13.5,8.91,0.0,-0.7607,0.6491,21.5,21.0,21.0,station
2023-11-12,,,15.1,,,,,14.5,,,,,,86,100,16.8,1.89,15.7,-0.7494,0.6621,16.7,17.0,17.0,station
2023-11-13,,,12.0,,,,,11.6,,,,,,79,100,12.5,3.02,2.3,-0.7379,0.6749,11.8,11.0,11.0,station
2023-11-14,,,12.1,,,,,12.6,,,,,,71,99,7.8,5.45,0.0,-0.7262,0.6875,14.1,13.0,13.0,station
2023-11-15,,,11.7,,,,,12.0,,,,,,79,94,15.3,4.1,0.8,-0.7143,0.6998,13.5,13.0,13.0,station
2023-11-16,,,15.3,,,,,15.2,,,,,,67,71,10.4,13.08,0.0,-0.7021,0.712,16.1,18.0,18.0,station
2023-11-17,,,15.7,,,,,15.6,,,,,,63,95,9.3,11.24,0.0,-0.6898,0.724,16.5,19.0,19.0,station
2023-11-18,,,15.5,,,,,15.7,,,,,,73,100,8.2,6.22,0.0,-0.6772,0.7358,14.1,15.0,15.0,station
2023-11-19,,,17.2,,,,,17.0,,,,,,85,25,8.0,12.25,0.0,-0.6645,0.7473,16.8,19.0,19.0,station
2023-11-20,,,19.0,,,,,19.0,,,,,,79,1,8.3,12.54,0.0,-0.6515,0.7586,19.1,19.0,19.0,station
2023-11-21,,,17.6,,,,,15.8,,,,,,80,42,9.4,12.15,0.4,-0.6384,0.7697,18.8,18.0,18.0,station
2023-11-22,,,17.8,,,,,17.2,,,,,,86,82,9.9,7.37,0.5,-0.625,0.7806,18.0,19.0,19.0,station
2023-11-23,,,20.6,,,,,20.4,,,,,,84,42,9.8,9.01,0.0,-0.6115,0.7912,18.8,19.0,19.0,station
2023-11-24,,,17.1,,,,,17.6,,,,,,79,70,13.0,4.41,0.7,-0.5978,0.8016,19.6,18.0,18.0,station
2023-11-25,,,15.5,,,,,15.1,,,,,,81,94,16.3,4.96,13.8,-0.584,0.8118,16.5,18.0,18.0,station
2023-11-26,,,18.8,,,,,15.8,,,,,,84,37,9.2,12.02,0.0,-0.5699,0.8217,18.2,20.0,20.0,station
2023-11-27,,,19.9,,,,,19.7,,,,,,79,10,10.3,12.25,0.0,-0.5557,0.8314,19.8,21.0,21.0,station
2023-11-28,,,19.7,,,,,18.7,,,,,,77,71,13.5,10.75,0.0,-0.5413,0.8408,20.4,21.0,21.0,station
2023-11-29,,,16.4,,,,,15.8,,,,,,83,100,10.1,2.96,0.5,-0.5268,0.85,16.0,16.0,16.0,station
2023-11-30,,,13.4,,,,,13.1,,,,,,86,100,16.9,1.54,3.9,-0.5121,0.859,14.2,14.0,14.0,station
2023-12-01,,,10.4,,,,,10.8,,,,,,85,100,12.7,2.48,3.5,-0.4972,0.8676,11.0,9.0,9.0,station
2023-12-02,,,11.0,,,,,11.4,,,,,,78,100,9.0,3.56,0.0,-0.4822,0.8761,12.8,11.0,11.0,station
2023-12-03,,,12.4,,,,,12.9,,,,,,82,99,6.5,5.8,0.2,-0.4671,0.8842,14.1,14.0,14.0,station
2023-12-04,,,14.5,,,,,14.4,,,,,,84,80,9.4,6.97,0.3,-0.4518,0.8921,15.2,15.0,15.0,station
2023-12-05,,,14.3,,,,,15.7,,,,,,81,70,9.7,5.14,0.2,-0.4364,0.8998,14.7,16.0,16.0,station
2023-12-06,,,16.8,,,,,16.8,,,,,,84,55,12.5,9.0,0.0,-0.4208,0.9071,16.5,17.0,17.0,station
2023-12-07,,,17.8,,,,,18.0,,,,,,83,20,8.9,11.62,0.0,-0.4052,0.9142,17.5,18.0,18.0,station
2023-12-08,,,18.1,,,,,18.0,,,,,,87,97,7.0,7.4,0.0,-0.3894,0.9211,15.5,15.0,15.0,station
2023-12-09,,,19.3,,,,,19.5,,,,,,86,69,8.4,7.35,0.0,-0.3735,0.9276,17.1,15.0,15.0,station
2023-12-10,,,16.0,,,,,16.1,,,,,,87,98,7.9,5.14,3.2,-0.3575,0.9339,17.1,15.0,15.0,station
2023-12-11,,,15.0,,,,,14.4,,,,,,86,69,10.9,7.44,0.9,-0.3413,0.9399,16.3,14.0,14.0,station
2023-12-12,,,15.9,,,,,13.3,,,,,,80,80,14.6,6.38,0.0,-0.3251,0.9457,15.9,13.0,13.0,station
2023-12-13,,,13.8,,,,,13.2,,,,,,71,70,14.2,9.12,0.0,-0.3088,0.9511,17.9,18.0,18.0,station
2023-12-14,,,15.9,,,,,14.2,,,,,,84,71,13.0,5.8,0.0,-0.2924,0.9563,18.0,18.0,18.0,station
2023-12-15,,,14.6,,,,,14.1,,,,,,72,79,23.9,3.02,4.4,-0.2759,0.9612,12.4,14.0,14.0,station
2023-12-16,,,2.7,,,,,2.7,,,,,,68,100,8.9,2.47,1.0,-0.2593,0.9658,4.0,5.0,5.0,station
2023-12-17,,,4.8,,,,,4.6,,,,,,69,98,12.6,3.7,0.0,-0.2427,0.9701,6.0,5.0,5.0,station
2023-12-18,,,5.2,,,,,5.5,,,,,,64,86,10.0,4.73,0.0,-0.226,0.9741,5.8,5.0,5.0,station
2023-12-19,,,8.7,,,,,9.1,,,,,,77,36,9.7,7.27,0.0,-0.2092,0.9779,7.6,8.0,8.0,station
2023-12-20,,,10.0,,,,,10.3,,,,,,73,37,8.0,9.77,0.0,-0.1923,0.9813,9.4,9.0,9.0,station
2023-12-21,,,9.7,,,,,9.3,,,,,,74,84,8.4,3.91,0.0,-0.1754,0.9845,8.9,9.0,9.0,station
2023-12-22,,,10.2,,,,,9.9,,,,,,72,80,10.4,7.98,0.0,-0.1585,0.9874,9.7,9.0,9.0,station
2023-12-23,,,10.7,,,,,10.4,,,,,,72,43,10.3,9.13,0.0,-0.1414,0.9899,10.4,11.0,11.0,station
2023-12-24,,,11.5,,,,,11.7,,,,,,77,53,8.1,9.02,0.0,-0.1244,0.9922,10.9,12.0,12.0,station
2023-12-25,,,12.1,,,,,12.2,,,,,,73,47,10.5,10.79,0.0,-0.1073,0.9942,12.8,12.0,12.0,station
2023-12-26,,,13.6,,,,,12.7,,,,,,76,54,7.3,8.65,0.0,-0.0902,0.9959,12.3,13.0,13.0,station
2023-12-27,,,14.9,,,,,15.0,,,,,,78,5,8.4,11.17,0.0,-0.073,0.9973,15.0,14.0,14.0,station
2023-12-28,,,11.9,,,,,12.5,,,,,,81,97,5.1,3.54,0.0,-0.0559,0.9984,11.3,10.0,10.0,station
2023-12-29,,,10.2,,,,,10.7,,,,,,87,80,10.2,3.22,2.2,-0.0387,0.9993,11.2,10.0,10.0,station
2023-12-30,,,,,,,,,,,,,,85,27,12.9,9.79,0.0,-0.0215,0.9998,14.8,12.0,12.0,station
2023-12-31,,,,,,,,,,,,,,89,66,6.4,3.41,0.3,-0.0043,1.0,10.3,,,
2024-01-01,,,,,,,,,,,,,,95,100,5.2,2.02,5.3,0.0172,0.9999,10.5,9.0,9.0,station
2024-01-02,,,,,,,,,,,,,,91,100,10.0,3.07,0.5,0.0344,0.9994,12.2,11.0,11.0,station
2024-01-03,,,,,,,,,,,,,,83,82,11.8,7.52,0.0,0.0516,0.9987,14.4,14.0,14.0,station
2024-01-04,,,,,,,,,,,,,,74,72,8.1,6.23,0.0,0.0688,0.9976,13.6,14.0,14.0,station
2024-01-05,,,,,,,,,,,,,,87,81,5.8,3.74,0.2,0.0859,0.9963,12.5,12.0,12.0,station
2024-01-06,,,,,,,,,,,,,,86,67,8.4,8.88,0.1,0.103,0.9947,14.9,16.0,16.0,station
2024-01-07,,,,,,,,,,,,,,87,91,9.8,2.53,3.5,0.1201,0.9928,12.2,12.0,12.0,station
2024-01-08,,,,,,,,,,,,,,84,61,8.7,8.12,0.1,0.1372,0.9905,14.9,13.0,13.0,station
2024-01-09,,,,,,,,,,,,,,81,82,8.3,5.62,0.1,0.1542,0.988,14.2,15.0,15.0,station
2024-01-10,,,,,,,,,,,,,,83,91,6.9,3.09,0.3,0.1712,0.9852,13.0,13.0,13.0,station
2024-01-11,,,,,,,,,,,,,,79,48,6.6,9.88,0.0,0.1881,0.9821,15.4,16.0,16.0,station
2024-01-12,,,,,,,,,,,,,,80,11,8.0,11.96,0.0,0.205,0.9788,17.1,18.0,18.0,station
2024-01-13,,,,,,,,,,,,,,76,50,8.9,10.55,0.0,0.2218,0.9751,19.0,17.0,17.0,station
2024-01-14,,,,,,,,,,,,,,82,88,7.6,5.9,1.3,0.2385,0.9711,16.3,15.0,15.0,station
2024-01-15,,,,,,,,,,,,,,88,100,12.4,3.32,14.4,0.2552,0.9669,14.5,13.0,13.0,station
2024-01-16,,,,,,,,,,,,,,85,98,11.8,5.17,11.6,0.2718,0.9624,15.0,13.0,13.0,station
2024-01-17,,,,,,,,,,,,,,91,98,5.4,3.09,1.2,0.2883,0.9575,13.3,12.0,12.0,station
2024-01-18,,,,,,,,,,,,,,89,86,8.3,4.54,5.7,0.3047,0.9524,14.4,12.0,12.0,station
2024-01-19,,,,,,,,,,,,,,85,100,8.9,3.96,1.8,0.3211,0.9471,13.3,12.0,12.0,station
2024-01-20,,,13.4,12.2,10.7,,,,,,,,,84,96,12.4,6.63,3.4,0.3373,0.9414,13.1,11.0,11.0,station
2024-01-21,,,8.9,9.9,7.1,,,10.4,10.3,7.4,,,,81,100,13.7,1.66,10.5,0.3534,0.9355,9.0,10.0,10.0,station
2024-01-22,,,6.8,6.1,4.8,,,6.5,6.4,5.0,,,,78,100,15.8,4.96,5.1,0.3695,0.9292,6.9,6.0,6.0,station
2024-01-23,,,7.6,6.3,2.9,,,7.9,6.3,2.2,,,,60,97,11.5,6.34,0.0,0.3854,0.9227,6.6,5.0,5.0,station
2024-01-24,,,7.4,3.8,4.0,,,7.3,4.1,2.9,,,,64,98,6.9,4.75,0.0,0.4012,0.916,4.9,4.0,4.0,station
2024-01-25,,,8.0,5.6,5.5,,,8.6,6.4,5.3,,,,73,94,9.4,6.7,0.0,0.4169,0.9089,6.8,5.0,5.0,station
2024-01-26,,,8.1,6.5,6.4,,,9.0,7.1,5.5,,,,77,94,7.4,6.83,0.4,0.4325,0.9016,7.2,6.0,6.0,station
2024-01-27,,,8.8,7.0,8.0,,,9.2,7.9,6.3,,,,76,82,5.4,8.24,0.2,0.4479,0.8941,7.9,8.0,8.0,station
2024-01-28,,,10.8,8.1,8.2,,,10.7,8.3,7.0,,,,74,72,8.1,8.94,0.0,0.4633,0.8862,9.7,8.0,8.0,station
2024-01-29,,,11.4,9.8,7.7,,,10.8,8.9,7.3,,,,71,64,10.0,9.21,0.0,0.4784,0.8781,11.4,11.0,11.0,station
2024-01-30,,,10.3,9.1,6.5,,,9.3,8.9,6.3,,,,68,92,10.8,4.48,0.0,0.4935,0.8698,11.3,10.0,10.0,station
2024-01-31,,,8.8,9.2,8.4,,,8.9,11.2,7.4,,,,84,98,6.8,5.77,1.6,0.5084,0.8611,11.2,9.0,9.0,station
2024-02-01,,,10.2,11.3,9.4,,,11.2,11.7,9.4,,,,77,94,9.4,8.95,0.8,0.5231,0.8523,13.0,11.0,11.0,station
2024-02-02,,,8.4,9.6,10.4,,,9.6,9.5,9.9,,,,76,96,13.5,6.88,0.2,0.5377,0.8432,12.7,12.0,12.0,station
2024-02-03,,,8.3,9.1,7.7,,,7.7,9.2,7.1,,,,79,100,13.3,4.17,5.8,0.5521,0.8338,10.5,9.0,9.0,station
2024-02-04,8.4,,7.2,7.8,7.6,,,7.0,8.6,6.6,7.75,0.5,,79,98,10.1,5.79,1.6,0.5664,0.8242,9.5,8.0,8.0,station
2024-02-05,10.0,,6.1,7.8,7.1,7.2,,6.5,7.5,5.7,7.75,1.65,1.03,74,100,11.6,4.64,0.1,0.5805,0.8143,8.9,8.0,8.0,station
2024-02-06,9.3,,6.6,8.1,9.0,9.2,,6.0,8.2,7.8,8.25,1.21,0.45,80,100,7.4,5.16,1.2,0.5944,0.8042,9.4,8.0,8.0,station
2024-02-07,8.2,,7.0,8.9,8.5,7.6,,6.8,8.7,8.2,8.15,0.82,0.33,83,100,10.7,3.65,2.0,0.6081,0.7938,8.2,7.0,7.0,station
2024-02-08,9.2,,9.3,8.4,7.6,10.7,,9.2,9.7,8.8,8.62,0.79,-0.97,86,88,6.1,3.16,1.3,0.6217,0.7833,7.2,8.0,8.0,station
2024-02-09,11.5,,12.5,11.0,8.5,12.0,,12.7,11.7,8.9,10.88,1.7,-0.45,82,77,8.2,7.87,0.4,0.6351,0.7725,11.4,12.0,12.0,station
2024-02-10,15.4,,15.6,14.7,12.0,15.6,,15.9,13.9,11.3,14.43,1.66,0.25,77,15,11.5,15.52,0.0,0.6483,0.7614,14.9,16.0,16.0,station
2024-02-11,17.8,,16.9,17.1,11.8,17.8,,17.2,15.9,10.5,15.9,2.76,0.55,70,1,12.0,15.69,0.0,0.6613,0.7502,18.1,20.0,20.0,station
2024-02-12,17.5,,17.8,18.4,14.3,16.6,,16.8,16.2,12.7,17.0,1.84,1.43,72,4,8.8,15.43,0.0,0.6741,0.7387,17.5,19.0,19.0,station
2024-02-13,18.8,,18.6,19.1,16.9,19.0,,19.4,18.7,15.2,18.35,0.99,0.28,67,33,8.5,15.6,0.0,0.6867,0.727,18.7,21.0,21.0,station
2024-02-14,15.9,,14.3,15.7,15.7,15.7,,14.9,16.1,14.2,15.4,0.74,0.18,72,66,15.3,9.18,0.3,0.6991,0.715,18.0,17.0,17.0,station
2024-02-15,11.1,,11.2,11.7,10.9,11.7,,11.7,12.7,10.1,11.22,0.34,-0.32,80,97,18.9,2.98,3.4,0.7113,0.7029,12.4,14.0,14.0,station
2024-02-16,16.1,,16.4,16.7,14.1,17.2,,16.5,17.0,14.7,15.82,1.18,-0.53,78,23,12.2,15.67,0.0,0.7233,0.6906,16.2,18.0,18.0,station
2024-02-17,19.6,,18.7,19.7,16.1,19.2,,18.6,19.6,15.0,18.52,1.68,0.42,68,2,14.0,16.37,0.0,0.735,0.678,19.0,20.0,20.0,station
2024-02-18,21.0,,21.9,21.6,18.6,21.4,,21.9,21.9,17.7,20.77,1.5,0.05,75,19,10.7,16.48,0.0,0.7466,0.6653,21.9,23.0,23.0,station
2024-02-19,18.7,,22.1,21.3,17.9,20.3,,21.9,21.4,18.1,20.0,2.02,-0.43,66,14,10.7,16.39,0.0,0.7579,0.6523,20.6,23.0,23.0,station
2024-02-20,17.3,,19.1,22.4,20.3,15.6,,19.6,22.2,19.4,19.77,2.14,0.57,74,82,17.4,12.34,3.2,0.769,0.6392,21.9,22.0,22.0,station
2024-02-21,14.2,,14.6,15.8,13.0,13.8,,15.6,17.7,16.1,14.4,1.15,-1.4,81,100,15.3,3.02,3.6,0.7799,0.6259,14.8,16.0,16.0,station
2024-02-22,6.8,,8.3,8.7,6.8,7.9,,9.9,11.8,8.7,7.65,0.99,-1.92,82,100,9.5,2.79,4.2,0.7906,0.6124,7.0,7.0,7.0,station
2024-02-23,6.2,,4.5,6.7,4.6,6.4,,4.9,7.2,5.0,5.5,1.12,-0.38,63,100,11.3,4.13,0.0,0.801,0.5987,6.5,6.0,6.0,station
2024-02-24,5.8,,6.3,7.3,5.4,6.1,,6.2,7.1,4.8,6.2,0.82,0.15,72,100,7.0,5.4,0.4,0.8112,0.5848,7.0,5.0,5.0,station
2024-02-25,9.1,,7.6,8.2,8.0,9.7,,9.2,9.1,7.4,8.22,0.63,-0.62,74,100,12.3,6.17,0.1,0.8211,0.5708,8.5,7.0,7.0,station
2024-02-26,10.0,,9.4,10.2,8.8,10.5,,9.2,10.8,9.0,9.6,0.63,-0.28,69,95,6.5,9.28,0.0,0.8308,0.5566,10.8,10.0,10.0,station
2024-02-27,12.0,,11.6,11.1,11.0,12.9,,11.4,9.9,10.9,11.43,0.46,0.15,64,90,10.9,9.72,0.0,0.8402,0.5422,11.7,10.0,10.0,station
2024-02-28,12.1,,10.5,10.3,11.7,11.1,,10.7,11.4,12.0,11.15,0.89,-0.15,66,73,10.4,10.5,0.8,0.8495,0.5277,12.4,11.0,11.0,station
2024-02-29,12.3,,10.6,12.1,11.9,12.0,,9.3,11.1,10.8,11.72,0.77,0.92,73,84,11.1,14.28,0.0,0.8584,0.513,12.9,11.0,11.0,station
2024-03-01,10.1,,9.2,10.0,8.8,11.1,,8.4,10.2,10.8,9.53,0.63,-0.6,76,98,15.0,8.49,1.7,0.8671,0.4981,10.8,8.0,8.0,station
2024-03-02,13.3,,12.3,12.7,12.0,13.6,,13.7,13.3,11.9,12.57,0.56,-0.55,70,56,13.0,12.56,2.7,0.8755,0.4831,12.4,14.0,14.0,station
2024-03-03,15.8,,15.2,14.3,13.3,16.2,,14.9,14.9,13.1,14.65,1.09,-0.12,62,84,12.1,12.71,0.0,0.8837,0.468,15.7,15.0,15.0,station
2024-03-04,14.8,,13.9,13.1,11.5,16.5,,14.3,13.3,12.5,13.32,1.4,-0.83,67,94,12.0,12.04,0.1,0.8916,0.4527,16.3,15.0,15.0,station
2024-03-05,16.6,,15.2,13.4,12.8,17.4,,13.1,13.5,11.9,14.5,1.73,0.53,74,88,9.2,8.25,0.0,0.8993,0.4373,15.3,14.0,14.0,station
2024-03-06,13.2,,12.2,12.6,10.8,15.7,,11.9,13.4,11.9,12.2,1.02,-1.03,80,93,12.5,9.92,0.8,0.9067,0.4218,14.8,12.0,12.0,station
2024-03-07,12.6,,10.9,13.7,13.2,13.5,,10.3,13.8,12.7,12.6,1.22,0.03,87,98,7.6,5.16,1.9,0.9138,0.4061,13.2,13.0,13.0,station
2024-03-08,14.2,,12.8,13.6,12.6,14.0,,11.7,14.8,12.3,13.3,0.74,0.1,82,98,16.6,6.87,0.6,0.9207,0.3904,15.4,13.0,13.0,station
2024-03-09,15.4,,14.0,13.7,13.6,14.7,,15.7,14.6,13.0,14.18,0.83,-0.32,68,85,10.1,9.6,0.0,0.9272,0.3745,16.4,15.0,15.0,station
2024-03-10,14.8,,12.8,13.4,11.5,14.0,,13.5,14.3,13.9,13.12,1.37,-0.8,73,97,7.9,4.9,0.0,0.9335,0.3585,14.8,14.0,14.0,station
2024-03-11,19.4,,19.5,19.2,17.4,19.4,,19.6,19.6,16.5,18.88,0.99,0.1,75,55,14.8,17.93,0.0,0.9396,0.3424,19.5,22.0,22.0,station
2024-03-12,14.6,,14.1,16.7,13.0,17.9,,14.6,13.7,14.3,14.6,1.55,-0.53,66,98,17.8,4.96,1.9,0.9453,0.3261,17.0,16.0,16.0,station
2024-03-13,14.8,,13.2,14.1,14.1,13.4,,11.7,13.3,12.4,14.05,0.66,1.35,82,96,9.8,9.5,6.7,0.9508,0.3098,19.0,18.0,18.0,station
2024-03-14,18.2,,15.4,17.2,14.5,19.0,,13.1,15.9,15.8,16.32,1.68,0.38,83,76,10.6,7.79,0.9,0.956,0.2934,17.8,21.0,21.0,station
2024-03-15,18.0,19.7,18.5,19.8,17.5,18.2,,19.0,18.7,17.2,18.7,1.02,0.43,67,72,14.4,16.03,0.0,0.9609,0.2769,21.6,21.0,21.0,station
2024-03-16,21.3,20.3,17.9,21.1,18.2,21.2,21.0,20.5,22.1,19.4,19.76,1.61,-1.08,73,86,10.5,14.02,0.5,0.9655,0.2604,21.2,23.0,23.0,station
2024-03-17,17.2,18.5,15.7,19.8,15.3,18.4,17.8,15.7,20.1,17.1,17.3,1.89,-0.52,79,97,11.3,10.67,3.1,0.9698,0.2437,19.8,20.0,20.0,station
2024-03-18,14.9,15.6,13.6,16.2,12.8,15.3,15.3,13.2,16.7,13.5,14.62,1.4,-0.18,82,91,17.6,8.56,9.8,0.9739,0.227,17.0,14.0,14.0,station
2024-03-19,19.2,18.8,16.9,17.2,14.3,19.5,17.9,17.7,18.0,14.7,17.28,1.94,-0.28,75,99,11.8,12.35,0.0,0.9777,0.2102,17.7,16.0,16.0,station
2024-03-20,20.9,19.7,21.2,20.0,16.6,21.5,19.9,19.0,19.4,17.8,19.68,1.83,0.16,69,82,6.8,15.54,0.1,0.9811,0.1934,20.3,20.0,20.0,station
2024-03-21,22.3,23.0,23.5,22.5,21.0,22.6,22.7,23.7,22.4,19.1,22.46,0.94,0.36,61,43,8.7,20.34,0.0,0.9843,0.1765,22.4,24.0,24.0,station
2024-03-22,25.6,24.4,27.1,26.2,23.3,25.2,22.0,27.2,22.4,24.6,25.32,1.5,1.04,62,62,13.4,18.22,3.8,0.9872,0.1595,25.4,26.0,26.0,station
2024-03-23,25.0,25.8,26.7,26.3,26.4,24.9,22.9,27.9,27.2,26.8,26.04,0.67,0.1,77,50,11.3,17.65,6.6,0.9898,0.1425,25.7,29.0,29.0,station
2024-03-24,25.1,26.4,27.7,27.9,27.7,25.7,23.8,26.9,28.6,24.3,26.96,1.2,1.1,74,33,24.6,18.17,2.6,0.9921,0.1255,25.4,28.0,28.0,station
2024-03-25,22.3,21.6,22.4,22.4,18.8,21.9,21.1,21.7,22.5,18.5,21.5,1.55,0.36,66,58,21.9,20.76,2.6,0.9941,0.1084,21.8,25.0,25.0,station
2024-03-26,21.0,19.7,17.1,22.1,17.2,21.9,19.0,16.2,18.4,18.5,19.42,2.24,0.62,68,98,15.5,8.25,1.1,0.9958,0.0913,21.1,20.0,20.0,station
2024-03-27,21.9,21.0,20.5,22.8,20.4,22.2,20.5,20.9,22.6,18.9,21.32,1.02,0.3,76,93,14.8,14.62,6.4,0.9972,0.0741,22.3,23.0,23.0,station
2024-03-28,23.7,24.0,23.9,24.7,23.6,24.4,24.4,23.4,24.9,20.0,23.98,0.43,0.56,77,32,9.0,18.54,0.0,0.9984,0.057,23.4,26.0,26.0,station
2024-03-29,27.2,28.8,28.5,28.8,23.7,27.3,28.1,26.2,27.1,25.8,27.4,2.17,0.5,64,30,14.6,18.76,0.0,0.9992,0.0398,27.0,30.0,30.0,station
2024-03-30,25.6,24.6,28.0,25.1,25.1,28.1,26.8,24.3,24.9,26.5,25.68,1.34,-0.44,69,51,17.0,11.03,5.1,0.9997,0.0226,24.3,25.0,25.0,station
2024-03-31,26.1,26.4,27.2,26.2,25.0,28.7,28.3,28.9,27.6,27.4,26.18,0.79,-2.0,73,27,11.6,20.43,0.0,1.0,0.0054,26.2,28.0,28.0,station
2024-04-01,23.6,22.3,23.4,24.3,22.3,22.9,22.6,23.3,24.5,19.5,23.18,0.87,0.62,78,80,11.1,15.6,50.5,0.9999,-0.0118,26.0,28.0,28.0,station
2024-04-02,23.8,22.5,20.4,23.9,20.5,25.1,21.4,22.2,21.5,20.4,22.22,1.71,0.1,80,74,16.1,14.72,18.7,0.9996,-0.029,25.0,23.0,23.0,station
2024-04-03,24.3,22.6,23.5,22.3,18.4,24.7,21.5,22.9,23.0,17.7,22.22,2.28,0.26,81,91,11.7,14.68,4.6,0.9989,-0.0462,25.3,23.0,23.0,station
2024-04-04,18.6,18.6,17.9,19.3,15.9,18.4,19.0,18.3,17.6,16.5,18.06,1.3,0.1,83,99,10.9,7.61,18.2,0.998,-0.0634,19.8,19.0,19.0,station
2024-04-05,20.1,19.1,16.8,17.4,17.1,19.6,19.0,15.1,16.8,16.5,18.1,1.43,0.7,78,99,16.0,5.5,9.7,0.9968,-0.0805,19.2,19.0,19.0,station
2024-04-06,20.0,19.3,16.3,18.8,15.1,19.0,19.3,15.2,17.9,17.0,17.9,2.1,0.22,77,89,9.3,10.74,8.1,0.9952,-0.0977,20.9,19.0,19.0,station
2024-04-07,16.4,17.2,15.7,16.5,15.8,17.0,17.5,14.5,17.2,17.1,16.32,0.61,-0.34,91,100,13.3,4.51,7.6,0.9934,-0.1148,17.1,16.0,16.0,station
2024-04-08,21.7,20.3,18.7,20.0,19.2,21.1,20.6,18.8,19.3,20.7,19.98,1.15,-0.12,82,80,5.4,13.64,2.6,0.9913,-0.1319,21.4,21.0,21.0,station
2024-04-09,21.4,19.6,17.3,18.3,21.6,21.0,19.5,17.8,18.6,18.2,19.64,1.88,0.62,83,95,10.5,10.15,1.7,0.9889,-0.1489,21.2,22.0,22.0,station
2024-04-10,20.0,19.7,18.3,19.4,20.5,20.3,19.2,18.1,20.5,19.1,19.58,0.82,0.14,81,99,7.8,7.69,3.1,0.9861,-0.1659,21.8,21.0,21.0,station
2024-04-11,24.2,22.3,21.1,23.0,21.3,23.8,21.8,21.1,23.0,21.6,22.38,1.28,0.12,83,58,6.8,17.59,1.2,0.9831,-0.1828,23.9,23.0,23.0,station
2024-04-12,26.0,26.7,25.4,24.2,23.7,26.7,26.2,24.3,25.5,23.6,25.2,1.24,-0.06,76,60,10.7,21.27,0.0,0.9799,-0.1997,26.6,25.0,25.0,station
2024-04-13,27.3,26.8,26.8,27.0,22.2,26.9,26.5,26.3,26.8,21.1,26.02,2.15,0.5,77,52,13.3,20.08,2.0,0.9763,-0.2165,27.9,28.0,28.0,station
2024-04-14,28.0,29.8,29.5,29.4,27.0,28.9,29.5,29.2,28.9,22.8,28.74,1.19,0.88,76,20,10.2,20.26,0.0,0.9724,-0.2333,28.8,30.0,30.0,station
2024-04-15,31.0,32.3,31.5,32.7,33.0,30.7,32.0,28.7,30.8,31.6,32.1,0.83,1.34,74,61,19.8,20.9,18.1,0.9683,-0.25,31.1,34.0,34.0,station
2024-04-16,22.6,24.7,27.8,26.5,23.3,22.7,24.8,30.5,24.6,24.6,24.98,2.17,-0.46,89,92,17.9,9.97,28.1,0.9638,-0.2666,22.6,28.0,28.0,station
2024-04-17,25.7,25.5,26.5,27.1,22.6,27.0,25.8,26.1,25.5,20.4,25.48,1.73,0.52,82,75,6.8,17.52,1.6,0.9591,-0.2831,26.1,25.0,25.0,station
2024-04-18,23.1,23.5,22.5,24.4,25.0,22.9,24.7,23.4,25.8,23.2,23.7,1.0,-0.3,77,94,19.7,12.43,1.6,0.9541,-0.2996,26.4,28.0,28.0,station
2024-04-19,25.8,23.6,25.5,25.6,21.8,26.6,23.6,26.0,26.4,23.1,24.46,1.73,-0.68,83,59,15.3,17.9,15.3,0.9488,-0.316,25.9,26.0,26.0,station
2024-04-20,22.0,21.9,20.1,21.2,17.9,24.0,20.6,21.6,23.8,19.6,20.62,1.7,-1.3,90,89,7.7,5.72,8.4,0.9432,-0.3322,20.5,21.0,21.0,station
2024-04-21,23.6,22.1,20.4,21.7,19.1,22.0,20.6,20.7,20.0,17.1,21.38,1.71,1.3,84,84,10.0,8.18,7.0,0.9373,-0.3484,21.0,19.0,19.0,station
2024-04-22,22.2,19.9,17.8,18.8,16.9,20.9,19.4,17.8,19.8,17.8,19.12,2.05,-0.02,87,86,10.0,10.08,5.2,0.9312,-0.3645,21.3,19.0,19.0,station
2024-04-23,23.3,23.6,23.9,23.7,21.2,24.0,23.3,23.0,24.1,19.7,23.14,1.11,0.32,81,99,7.4,15.92,5.2,0.9248,-0.3804,24.1,24.0,24.0,station
2024-04-24,19.7,19.3,18.7,18.5,18.1,20.2,20.3,19.6,18.5,19.2,18.86,0.64,-0.7,88,100,9.7,5.26,10.5,0.9181,-0.3963,20.4,19.0,19.0,station
2024-04-25,23.1,21.7,18.2,20.4,18.0,23.1,21.2,20.7,20.8,20.3,20.28,2.21,-0.94,84,72,7.6,17.66,15.8,0.9112,-0.412,23.3,21.0,21.0,station
2024-04-26,26.3,27.0,25.3,25.8,22.2,27.2,27.0,25.1,25.0,20.7,25.32,1.85,0.32,77,37,7.6,21.98,0.0,0.9039,-0.4276,26.0,28.0,28.0,station
2024-04-27,25.2,24.1,28.3,25.2,19.7,25.8,25.5,28.4,26.8,21.2,24.5,3.11,-1.04,80,59,10.7,17.4,0.2,0.8965,-0.4431,25.7,27.0,27.0,station
2024-04-28,28.6,30.5,28.8,30.5,28.6,28.6,29.9,29.7,29.5,25.4,29.4,1.01,0.78,73,26,14.4,23.4,4.0,0.8887,-0.4585,28.9,31.0,31.0,station
2024-04-29,22.6,24.1,23.8,25.9,23.5,22.1,24.2,22.6,24.0,21.5,23.98,1.21,1.1,86,94,19.0,10.66,64.3,0.8807,-0.4737,24.9,27.0,27.0,station
2024-04-30,20.9,17.6,18.0,19.0,15.4,21.0,17.8,17.2,19.1,16.0,18.18,2.01,-0.04,73,91,21.0,12.46,5.9,0.8724,-0.4888,20.1,18.0,18.0,station
2024-05-01,17.6,17.5,14.5,16.0,15.3,18.1,17.4,15.1,16.2,16.0,16.18,1.36,-0.38,85,100,8.4,5.41,2.9,0.8639,-0.5037,17.6,16.0,16.0,station
2024-05-02,17.6,18.4,14.4,16.8,15.6,18.9,19.0,14.5,16.7,16.6,16.56,1.59,-0.58,81,100,12.9,8.25,1.8,0.8551,-0.5185,20.1,19.0,19.0,station
2024-05-03,19.1,19.2,16.0,18.3,18.3,19.5,19.0,15.8,17.2,18.2,18.18,1.29,0.24,82,100,6.3,9.87,3.9,0.846,-0.5331,20.9,19.0,19.0,station
2024-05-04,20.8,20.4,18.3,20.6,21.5,18.5,20.6,19.7,17.8,19.4,20.32,1.2,1.12,85,77,12.5,11.61,4.4,0.8367,-0.5476,21.1,20.0,20.0,station
2024-05-05,25.5,26.3,24.5,25.4,24.5,26.0,26.7,24.8,25.6,26.2,25.24,0.76,-0.62,78,61,11.3,22.45,0.0,0.8272,-0.5619,25.7,27.0,27.0,station
2024-05-06,25.1,27.3,25.7,24.1,26.0,21.8,24.1,22.8,20.3,19.5,25.64,1.18,3.94,75,100,9.4,16.25,0.2,0.8174,-0.5761,26.7,28.0,28.0,station
2024-05-07,26.2,27.5,25.1,25.2,28.6,26.1,29.5,23.5,27.1,23.3,26.52,1.51,0.62,82,99,7.7,18.62,0.5,0.8074,-0.59,27.7,29.0,29.0,station
2024-05-08,26.7,25.8,23.2,26.8,26.1,25.5,26.8,23.7,26.4,27.4,25.72,1.47,-0.24,78,97,9.6,14.58,0.2,0.7971,-0.6038,27.0,26.0,26.0,station
2024-05-09,25.8,24.7,22.3,25.1,21.9,23.1,24.4,20.5,23.7,23.6,23.96,1.75,0.9,84,94,12.2,16.55,10.7,0.7866,-0.6175,24.5,26.0,26.0,station
2024-05-10,25.7,25.3,22.7,24.2,27.2,23.9,24.0,20.3,25.3,25.7,25.02,1.68,1.18,88,76,14.8,14.77,14.3,0.7759,-0.6309,24.6,25.0,25.0,station
2024-05-11,22.7,22.7,22.9,22.4,25.3,25.7,23.7,23.7,24.6,22.3,23.2,1.19,-0.8,94,99,14.6,4.43,19.2,0.7649,-0.6442,21.4,22.0,22.0,station
2024-05-12,21.9,23.6,23.8,25.4,22.7,21.6,26.3,24.5,25.5,24.6,23.48,1.31,-1.02,91,85,8.9,5.85,4.1,0.7537,-0.6572,20.1,20.0,20.0,station
2024-05-13,27.0,27.9,27.7,27.4,28.1,27.7,28.7,27.9,27.6,27.7,27.62,0.43,-0.3,81,32,8.9,23.48,0.0,0.7423,-0.6701,26.7,30.0,30.0,station
2024-05-14,24.0,27.7,27.7,28.7,27.5,22.8,28.1,27.6,27.3,28.7,27.12,1.81,0.22,70,74,28.2,21.21,9.9,0.7306,-0.6828,28.0,30.0,30.0,station
2024-05-15,28.2,29.6,30.8,27.8,26.7,28.5,29.9,30.2,24.9,23.0,28.62,1.6,1.32,76,75,9.7,22.28,2.8,0.7188,-0.6952,28.4,31.0,31.0,station
2024-05-16,27.7,29.0,29.0,27.1,23.7,27.0,29.6,24.0,21.5,22.3,27.3,2.18,2.42,71,40,12.8,23.58,0.0,0.7067,-0.7075,29.0,30.0,30.0,station
2024-05-17,29.0,29.4,29.6,27.7,27.5,29.1,30.0,29.2,26.4,25.9,28.64,0.98,0.52,71,89,7.1,20.13,0.0,0.6945,-0.7195,29.1,32.0,32.0,station
2024-05-18,26.2,24.9,24.3,25.1,23.7,25.4,24.3,23.7,23.9,22.4,24.84,0.94,0.9,88,82,10.2,10.5,27.5,0.682,-0.7314,25.3,26.0,26.0,station
2024-05-19,27.2,26.2,27.1,26.8,25.4,27.3,28.2,27.4,28.2,22.8,26.54,0.75,-0.24,85,49,13.3,17.88,1.9,0.6693,-0.743,25.9,28.0,28.0,station
2024-05-20,25.1,26.4,25.5,26.8,25.5,27.3,28.9,29.6,28.3,27.5,25.86,0.71,-2.46,86,70,10.5,17.73,11.3,0.6564,-0.7544,26.0,26.0,26.0,station
2024-05-21,26.6,27.4,27.3,26.3,24.9,26.9,29.6,28.4,27.4,27.3,26.5,1.01,-1.42,85,43,12.2,18.4,5.8,0.6433,-0.7656,26.5,28.0,28.0,station
2024-05-22,28.2,30.6,29.8,29.2,28.6,28.7,31.0,30.4,29.7,28.8,29.28,0.95,-0.44,79,7,8.5,23.22,0.1,0.6301,-0.7765,28.3,32.0,32.0,station
2024-05-23,30.4,32.6,31.9,31.7,30.7,30.8,33.2,31.9,31.4,30.7,31.46,0.9,-0.14,73,2,8.6,24.34,0.0,0.6166,-0.7873,30.6,34.0,34.0,station
2024-05-24,31.9,34.5,34.4,34.1,34.2,32.1,35.1,33.3,34.5,33.7,33.82,1.08,0.08,64,1,11.7,24.63,0.0,0.603,-0.7978,33.0,36.0,36.0,station
2024-05-25,33.1,35.2,34.8,35.9,36.2,33.6,34.2,34.0,35.5,34.7,35.04,1.22,0.64,67,65,15.8,21.57,2.0,0.5892,-0.808,33.6,37.0,37.0,station
2024-05-26,27.8,27.7,29.0,26.4,25.5,28.8,27.4,30.7,26.0,25.5,27.28,1.36,-0.4,84,78,9.7,18.73,6.8,0.5752,-0.818,29.0,29.0,29.0,station
2024-05-27,28.5,29.9,31.7,29.1,24.7,28.0,30.1,31.0,28.6,27.5,28.78,2.58,-0.26,84,54,11.2,18.23,1.0,0.561,-0.8278,28.9,29.0,29.0,station
2024-05-28,24.7,26.1,27.2,25.1,24.0,26.0,26.1,26.3,24.5,25.6,25.42,1.25,-0.28,79,98,15.5,8.91,12.4,0.5467,-0.8373,26.9,27.0,27.0,station
2024-05-29,23.7,22.5,20.8,21.3,19.2,23.9,22.1,21.2,20.1,19.9,21.5,1.71,0.06,88,100,20.9,4.11,26.8,0.5322,-0.8466,21.8,23.0,23.0,station
2024-05-30,25.4,22.7,19.9,21.5,21.1,22.2,22.7,21.9,22.2,21.9,22.12,2.09,-0.06,79,84,9.6,17.29,1.3,0.5176,-0.8556,25.9,24.0,24.0,station
2024-05-31,28.1,28.6,26.4,28.3,26.9,28.5,27.5,25.9,27.4,25.9,27.66,0.96,0.62,80,35,7.2,18.84,0.0,0.5028,-0.8644,27.3,30.0,30.0,station
2024-06-01,27.9,26.7,25.2,25.8,27.3,27.7,28.3,27.1,26.2,26.9,26.58,1.09,-0.66,78,88,8.1,13.71,0.4,0.4878,-0.8729,27.6,27.0,27.0,station
2024-06-02,23.9,22.8,19.9,23.4,25.5,23.9,22.9,20.9,22.3,23.9,23.1,2.05,0.32,81,100,13.4,5.54,1.6,0.4728,-0.8812,22.8,23.0,23.0,station
2024-06-03,21.9,21.0,17.7,20.7,20.8,22.1,20.8,18.1,20.4,21.4,20.42,1.59,-0.14,86,100,9.7,5.84,2.6,0.4575,-0.8892,21.8,20.0,20.0,station
2024-06-04,22.8,20.8,17.3,20.5,20.3,23.5,21.3,18.0,20.4,19.8,20.34,1.97,-0.26,84,91,9.7,12.59,3.8,0.4422,-0.8969,23.7,20.0,20.0,station
2024-06-05,25.9,26.2,26.7,25.3,24.5,25.7,25.4,24.7,25.9,24.7,25.72,0.85,0.44,79,64,7.2,18.77,0.1,0.4267,-0.9044,26.0,27.0,27.0,station
2024-06-06,28.9,28.9,26.4,28.9,26.5,29.0,28.9,24.0,28.0,23.4,27.92,1.34,1.26,70,73,14.8,21.88,0.0,0.4111,-0.9116,29.2,32.0,32.0,station
2024-06-07,23.9,25.1,22.8,23.3,23.0,24.4,24.5,22.5,23.8,22.4,23.62,0.93,0.1,85,79,6.7,10.09,0.9,0.3953,-0.9185,25.6,26.0,26.0,station
2024-06-08,24.2,23.2,22.0,23.6,22.6,24.2,22.7,20.6,22.8,22.5,23.12,0.86,0.56,90,89,7.9,6.34,2.4,0.3795,-0.9252,23.8,24.0,24.0,station
2024-06-09,26.2,24.4,21.0,26.3,26.0,26.7,24.4,22.3,26.5,27.5,24.78,2.25,-0.7,91,88,8.2,7.64,4.1,0.3635,-0.9316,24.1,25.0,25.0,station
2024-06-10,29.1,27.0,28.8,27.5,28.1,28.7,26.7,26.9,27.2,25.9,28.1,0.87,1.02,85,75,9.5,19.72,4.0,0.3474,-0.9377,27.8,29.0,29.0,station
2024-06-11,26.2,23.6,27.2,24.2,23.8,25.7,23.9,28.0,23.9,25.3,25.0,1.61,-0.36,88,63,13.2,8.92,8.0,0.3312,-0.9436,24.9,26.0,26.0,station
2024-06-12,29.1,29.5,30.4,29.8,29.1,30.1,29.5,31.4,28.3,26.0,29.58,0.54,0.52,79,37,14.9,21.48,0.0,0.3149,-0.9491,29.9,31.0,31.0,station
2024-06-13,29.5,28.5,29.5,29.3,31.8,28.8,27.3,27.1,28.2,27.6,29.72,1.23,1.92,75,52,9.0,17.27,0.0,0.2986,-0.9544,30.1,30.0,30.0,station
2024-06-14,30.9,31.0,32.3,31.8,32.7,31.6,30.9,32.6,31.2,34.9,31.74,0.79,-0.5,80,22,6.4,21.46,0.1,0.2821,-0.9594,31.1,33.0,33.0,station
2024-06-15,31.7,33.3,33.8,34.6,33.8,33.0,32.8,33.8,34.5,34.5,33.44,1.08,-0.28,81,11,11.9,23.8,2.6,0.2656,-0.9641,32.7,36.0,36.0,station
2024-06-16,30.8,28.4,29.5,33.7,30.2,30.4,27.8,32.0,32.1,30.8,30.52,1.99,-0.1,82,82,18.8,11.0,2.1,0.2489,-0.9685,29.3,30.0,30.0,station
2024-06-17,27.7,26.9,27.3,27.4,27.4,30.5,25.4,30.2,26.9,28.8,27.34,0.29,-1.02,82,43,5.2,19.11,0.1,0.2322,-0.9727,28.9,28.0,28.0,station
2024-06-18,29.2,26.9,28.2,28.1,29.3,26.7,26.3,28.0,26.9,27.7,28.34,0.98,1.22,82,79,6.9,15.92,3.5,0.2155,-0.9765,29.3,29.0,29.0,station
2024-06-19,30.1,25.6,23.4,26.9,24.8,26.5,25.0,23.8,24.9,26.4,26.16,2.54,0.84,88,87,8.0,11.2,3.3,0.1986,-0.9801,28.2,25.0,25.0,station
2024-06-20,30.0,28.1,27.0,29.6,26.1,30.2,26.8,26.5,27.7,26.4,28.16,1.66,0.64,85,66,9.1,17.47,2.8,0.1818,-0.9833,30.3,29.0,29.0,station
2024-06-21,27.3,25.8,26.2,25.1,24.3,25.9,25.2,26.1,25.1,25.0,25.74,1.13,0.28,86,68,14.7,14.21,78.4,0.1648,-0.9863,29.6,29.0,29.0,station
2024-06-22,31.0,28.7,27.2,30.7,26.6,31.1,27.9,29.8,30.9,28.5,28.84,1.99,-0.8,87,55,7.6,14.15,7.0,0.1478,-0.989,28.5,28.0,28.0,station
2024-06-23,30.2,29.4,30.8,30.9,28.8,30.0,29.7,31.0,28.8,27.4,30.02,0.91,0.64,87,78,10.7,12.4,0.2,0.1308,-0.9914,28.0,29.0,29.0,station
2024-06-24,27.2,25.3,25.9,25.8,25.2,26.3,25.9,24.9,25.9,25.7,25.88,0.8,0.14,91,98,12.3,6.36,5.0,0.1137,-0.9935,26.7,26.0,26.0,station
2024-06-25,29.2,27.7,22.2,25.4,28.5,25.3,27.2,23.9,27.4,25.6,26.6,2.85,0.72,81,68,10.4,22.53,0.5,0.0966,-0.9953,28.8,29.0,29.0,station
2024-06-26,24.0,25.2,23.4,26.7,24.1,24.2,24.6,23.8,23.8,25.5,24.68,1.3,0.3,83,100,12.6,4.42,12.3,0.0795,-0.9968,24.2,25.0,25.0,station
2024-06-27,23.0,22.6,20.7,22.2,21.6,24.2,23.7,21.6,22.3,23.6,22.02,0.9,-1.06,91,98,10.2,5.27,24.3,0.0623,-0.9981,23.1,22.0,22.0,station
2024-06-28,25.6,23.2,21.7,22.7,24.2,25.6,23.0,21.1,23.3,24.6,23.48,1.49,-0.04,86,99,6.9,11.23,13.6,0.0451,-0.999,26.5,25.0,25.0,station
2024-06-29,29.4,29.2,29.3,28.4,26.6,27.4,28.1,28.5,27.4,25.5,28.58,1.18,1.2,82,93,9.3,17.02,0.8,0.028,-0.9996,29.4,29.0,29.0,station
2024-06-30,31.9,32.6,31.8,31.6,30.2,31.5,32.3,30.6,31.2,29.3,31.62,0.88,0.64,78,63,8.7,22.52,0.0,0.0108,-0.9999,31.6,33.0,33.0,station
2024-07-01,28.6,27.7,27.9,29.5,28.6,29.0,27.8,29.9,31.0,27.1,28.46,0.71,-0.5,85,64,11.8,10.05,3.9,-0.0065,-1.0,27.8,29.0,29.0,station
2024-07-02,30.3,31.7,30.8,31.7,30.5,31.6,32.4,31.3,33.0,29.4,31.0,0.66,-0.54,80,42,14.1,24.3,0.0,-0.0237,-0.9997,30.4,33.0,33.0,station
2024-07-03,29.2,26.5,28.6,30.5,28.2,30.7,29.9,29.5,30.5,29.4,28.6,1.46,-1.4,81,83,15.6,9.7,21.1,-0.0408,-0.9992,28.2,32.0,32.0,station
2024-07-04,31.3,29.4,28.4,30.4,28.7,30.8,28.1,26.8,30.8,27.5,29.64,1.21,0.84,87,91,10.1,18.93,1.9,-0.058,-0.9983,30.6,32.0,32.0,station
2024-07-05,29.3,27.7,26.5,30.7,30.5,30.4,28.1,27.4,32.8,30.3,28.94,1.81,-0.86,90,72,11.0,10.13,11.1,-0.0752,-0.9972,28.1,28.0,28.0,station
2024-07-06,33.6,32.6,32.9,34.5,33.2,33.8,32.4,33.2,35.5,33.6,33.36,0.74,-0.34,83,56,17.0,21.56,0.2,-0.0923,-0.9957,31.8,34.0,34.0,station
2024-07-07,34.9,33.7,32.9,36.5,35.7,34.1,32.8,32.7,37.3,36.8,34.74,1.46,0.0,68,92,20.2,18.59,0.0,-0.1094,-0.994,34.4,35.0,35.0,station
2024-07-08,33.6,32.7,32.2,34.9,33.9,34.6,33.3,32.5,36.4,35.4,33.46,1.05,-0.98,79,100,13.0,13.68,2.2,-0.1265,-0.992,32.9,32.0,32.0,station
2024-07-09,28.8,29.4,27.8,28.6,29.4,29.7,29.5,28.8,29.9,32.0,28.8,0.66,-1.18,91,100,7.9,13.42,43.3,-0.1436,-0.9896,30.3,30.0,30.0,station
2024-07-10,30.8,28.6,26.3,29.0,26.5,30.5,28.3,28.0,27.9,26.3,28.24,1.87,0.04,92,100,11.2,11.79,12.9,-0.1606,-0.987,28.8,29.0,29.0,station
2024-07-11,29.4,27.8,26.0,29.3,25.7,29.8,28.0,26.9,27.0,25.8,27.64,1.76,0.14,93,87,15.3,14.27,10.1,-0.1775,-0.9841,29.0,29.0,29.0,station
2024-07-12,31.1,30.7,31.4,29.9,26.1,32.0,31.0,30.3,29.9,28.2,29.84,2.17,-0.44,86,60,9.5,21.38,3.1,-0.1944,-0.9809,32.0,34.0,34.0,station
2024-07-13,30.9,31.6,32.2,31.8,28.2,31.3,30.6,31.1,31.8,28.9,30.94,1.6,0.2,88,99,13.7,14.42,35.5,-0.2113,-0.9774,30.9,35.0,35.0,station
2024-07-14,31.0,30.4,25.3,34.7,27.0,33.7,32.8,27.7,34.0,26.7,29.68,3.67,-1.3,87,100,15.1,14.29,18.3,-0.2281,-0.9736,29.5,29.0,29.0,station
2024-07-15,33.3,34.3,33.1,35.4,33.5,34.1,34.5,32.5,37.8,31.2,33.92,0.94,-0.1,76,94,12.6,15.76,0.1,-0.2448,-0.9696,33.4,36.0,36.0,station
2024-07-16,34.2,35.7,33.5,36.4,35.4,34.8,35.9,33.7,36.9,33.6,35.04,1.17,0.06,65,82,16.2,21.96,0.0,-0.2614,-0.9652,34.4,38.0,38.0,station
2024-07-17,34.5,35.3,32.8,37.3,37.9,35.0,35.8,33.1,36.7,36.1,35.56,2.08,0.22,63,92,16.6,21.78,0.0,-0.278,-0.9606,34.8,35.0,35.0,station
2024-07-18,31.4,33.2,33.6,32.2,34.5,34.4,34.8,33.3,34.2,35.7,32.98,1.21,-1.5,74,82,15.4,19.81,0.3,-0.2945,-0.9557,32.3,36.0,36.0,station
2024-07-19,33.4,33.9,32.9,35.9,35.3,34.3,34.6,33.4,35.8,36.6,34.28,1.27,-0.66,71,93,19.9,22.01,0.0,-0.3109,-0.9505,34.6,38.0,38.0,station
2024-07-20,33.6,34.4,32.7,35.3,34.0,34.0,34.1,33.5,37.0,36.4,34.0,0.96,-1.0,65,70,17.7,21.51,0.2,-0.3272,-0.945,34.8,35.0,35.0,station
2024-07-21,35.2,35.6,35.2,37.9,34.8,35.5,35.6,35.3,38.6,34.6,35.74,1.24,-0.18,67,76,14.4,23.0,0.0,-0.3434,-0.9392,35.4,38.0,38.0,station
2024-07-22,35.4,36.4,36.3,38.6,33.2,35.5,36.6,36.0,38.3,35.1,35.98,1.95,-0.32,67,53,15.2,24.78,0.0,-0.3595,-0.9332,35.8,38.0,38.0,station
2024-07-23,35.6,36.7,36.2,39.3,37.9,35.5,36.5,35.5,39.4,33.0,37.14,1.47,1.16,61,81,13.7,23.22,0.0,-0.3755,-0.9268,36.2,39.0,39.0,station
2024-07-24,35.0,36.1,35.5,38.2,38.2,35.3,36.7,35.1,38.9,37.4,36.6,1.51,-0.08,62,95,13.2,22.2,0.0,-0.3914,-0.9202,35.5,38.0,38.0,station
2024-07-25,32.7,33.2,32.0,35.2,35.9,33.7,33.2,29.4,34.6,35.6,33.8,1.67,0.5,78,66,11.5,20.35,0.1,-0.4071,-0.9134,33.2,36.0,36.0,station
2024-07-26,33.5,33.9,34.0,34.9,34.5,33.3,33.8,33.5,35.9,37.2,34.16,0.55,-0.58,84,68,11.7,20.64,2.6,-0.4228,-0.9062,32.5,36.0,36.0,station
2024-07-27,31.6,32.6,33.7,35.7,35.7,33.3,33.4,34.5,36.3,34.7,33.86,1.84,-0.58,87,78,11.6,15.05,7.5,-0.4383,-0.8988,32.0,37.0,37.0,station
2024-07-28,31.0,29.2,30.1,28.6,29.3,29.7,27.9,27.5,29.8,31.8,29.64,0.93,0.3,88,88,10.7,12.36,11.8,-0.4537,-0.8912,28.5,27.0,27.0,station
2024-07-29,30.6,29.2,29.1,27.0,31.2,30.4,29.9,29.9,28.4,26.5,29.42,1.63,0.4,86,76,12.9,13.91,10.6,-0.469,-0.8832,30.0,29.0,29.0,station
2024-07-30,28.6,28.3,25.9,25.9,27.7,28.4,28.5,25.4,28.7,32.2,27.28,1.3,-1.36,86,98,12.0,16.23,2.4,-0.4841,-0.875,29.1,29.0,29.0,station
2024-07-31,29.2,31.6,31.3,31.7,31.1,29.6,32.7,31.1,32.0,29.5,30.98,1.02,0.0,80,73,8.9,18.17,0.0,-0.4991,-0.8666,31.1,33.0,33.0,station
2024-08-01,32.9,34.7,33.3,34.0,33.8,33.1,34.5,33.2,34.9,32.4,33.74,0.69,0.12,75,4,9.3,23.62,0.0,-0.5139,-0.8578,33.5,36.0,36.0,station
2024-08-02,33.2,35.4,35.0,34.8,38.5,32.3,35.4,33.6,34.2,34.7,35.38,1.93,1.34,72,13,11.3,22.85,1.0,-0.5286,-0.8489,33.5,37.0,37.0,station
2024-08-03,33.2,34.4,34.8,35.3,38.1,33.3,34.8,35.2,34.8,37.6,35.16,1.82,0.02,70,83,13.9,20.93,0.5,-0.5431,-0.8397,33.3,36.0,36.0,station
2024-08-04,31.3,32.7,32.6,34.1,33.9,31.7,33.4,33.8,34.2,36.4,32.92,1.13,-0.98,78,97,14.8,16.93,2.2,-0.5575,-0.8302,31.8,35.0,35.0,station
2024-08-05,30.8,31.8,32.5,31.1,35.9,32.1,31.5,33.6,31.4,34.4,32.42,2.05,-0.18,85,74,10.8,19.54,10.2,-0.5717,-0.8205,31.2,34.0,34.0,station
2024-08-06,32.3,34.9,34.5,34.3,33.2,32.5,34.2,35.2,34.4,37.3,33.84,1.07,-0.88,77,38,11.7,21.14,0.2,-0.5857,-0.8105,33.0,37.0,37.0,station
2024-08-07,35.2,36.8,35.9,39.5,38.2,35.3,36.9,35.2,39.4,35.9,37.12,1.74,0.58,66,37,15.5,21.77,0.0,-0.5996,-0.8003,36.0,38.0,38.0,station
2024-08-08,35.5,37.2,35.2,40.7,40.9,35.2,36.8,34.4,40.6,40.2,37.9,2.76,0.46,56,35,19.1,23.34,0.0,-0.6132,-0.7899,37.5,39.0,39.0,station
2024-08-09,35.0,36.5,34.2,39.6,38.7,35.0,35.9,34.2,39.6,40.5,36.8,2.32,-0.24,65,88,16.4,19.39,16.6,-0.6267,-0.7792,34.3,38.0,38.0,station
2024-08-10,28.2,30.1,27.2,30.6,27.0,27.6,28.6,26.5,30.5,26.4,28.62,1.65,0.7,84,85,14.1,11.94,7.6,-0.64,-0.7683,29.8,31.0,31.0,station
2024-08-11,32.5,31.1,32.2,30.7,31.7,31.6,32.1,25.8,29.0,29.2,31.64,0.75,2.1,78,53,7.9,22.32,0.0,-0.6532,-0.7572,31.9,36.0,36.0,station
2024-08-12,33.9,35.3,33.8,35.0,33.4,33.8,34.2,34.0,33.6,33.4,34.28,0.82,0.48,71,5,7.6,23.39,0.0,-0.6661,-0.7459,34.5,38.0,38.0,station
2024-08-13,34.3,36.1,35.7,37.9,38.7,34.6,35.9,34.4,36.0,35.3,36.54,1.76,1.3,66,4,7.6,23.19,0.0,-0.6788,-0.7343,35.3,39.0,39.0,station
2024-08-14,34.0,36.6,35.3,38.1,38.3,34.5,36.2,35.2,37.6,38.0,36.46,1.84,0.16,65,6,11.3,22.76,0.0,-0.6914,-0.7225,35.1,39.0,39.0,station
2024-08-15,33.5,35.0,35.0,37.3,37.4,33.9,35.0,34.7,37.1,38.6,35.64,1.68,-0.22,67,14,10.4,22.18,0.1,-0.7037,-0.7105,34.4,38.0,38.0,station
2024-08-16,32.2,32.6,32.9,32.1,32.8,31.9,31.0,32.2,33.2,33.2,32.52,0.36,0.22,75,42,13.9,16.93,0.5,-0.7158,-0.6983,32.6,35.0,35.0,station
2024-08-17,33.1,34.4,34.3,33.6,35.1,32.7,33.4,32.9,33.1,34.3,34.1,0.77,0.82,67,33,16.2,21.63,0.9,-0.7277,-0.6859,34.6,35.0,35.0,station
2024-08-18,32.2,33.4,31.9,31.6,28.0,32.1,33.4,34.0,30.8,35.2,31.42,2.03,-1.68,74,59,11.9,18.83,9.5,-0.7394,-0.6733,32.5,32.0,32.0,station
2024-08-19,33.1,34.4,34.2,35.3,34.1,33.6,36.0,34.4,35.4,35.7,34.22,0.79,-0.8,65,4,10.6,22.69,0.0,-0.7509,-0.6605,34.6,37.0,37.0,station
2024-08-20,35.4,37.0,35.2,38.1,38.8,35.0,36.1,35.0,37.9,37.5,36.9,1.6,0.6,52,6,14.8,22.88,0.0,-0.7621,-0.6474,37.2,39.0,39.0,station
2024-08-21,36.8,37.9,36.8,38.9,39.4,37.0,37.5,35.8,38.8,39.2,37.96,1.19,0.3,48,24,16.0,21.65,0.4,-0.7731,-0.6342,38.6,40.0,40.0,station
2024-08-22,38.6,39.4,38.2,40.8,39.4,37.8,38.9,38.0,40.6,40.8,39.28,1.0,0.06,45,10,14.3,22.78,0.0,-0.7839,-0.6208,40.1,41.0,41.0,station
2024-08-23,38.4,40.0,37.0,40.3,38.3,38.2,39.7,37.1,40.2,39.7,38.8,1.35,-0.18,42,10,15.8,22.28,0.0,-0.7945,-0.6073,39.5,41.0,41.0,station
2024-08-24,38.9,40.0,37.5,39.8,38.7,38.5,39.9,37.3,39.8,38.3,38.98,1.0,0.22,39,13,15.1,22.38,0.0,-0.8048,-0.5935,39.8,40.0,40.0,station
2024-08-25,38.5,39.0,38.0,39.3,39.7,38.0,38.8,37.0,39.2,38.2,38.9,0.67,0.66,40,26,14.4,22.7,0.0,-0.8149,-0.5796,39.2,39.0,39.0,station
2024-08-26,38.4,39.6,35.9,39.0,39.4,38.4,39.6,36.9,40.2,39.7,38.46,1.5,-0.5,39,81,11.3,20.88,0.2,-0.8248,-0.5655,39.2,40.0,40.0,station
2024-08-27,38.6,39.5,37.4,40.7,38.4,38.6,40.1,38.0,41.0,40.4,38.92,1.24,-0.7,38,53,12.3,21.18,0.0,-0.8344,-0.5512,39.9,41.0,41.0,station
2024-08-28,38.3,38.7,37.9,39.8,39.0,38.7,38.4,36.5,40.3,38.3,38.74,0.72,0.3,43,32,18.1,20.87,0.0,-0.8437,-0.5368,39.2,41.0,41.0,station
2024-08-29,37.9,38.1,37.2,35.5,38.0,37.3,38.3,36.2,39.2,38.9,37.34,1.09,-0.64,43,23,17.0,21.82,0.0,-0.8528,-0.5222,38.6,40.0,40.0,station
2024-08-30,37.2,37.5,36.6,36.0,35.1,37.9,37.8,37.0,37.2,39.0,36.48,0.96,-1.3,41,25,17.5,20.17,0.0,-0.8617,-0.5074,38.4,38.0,38.0,station
2024-08-31,37.5,38.5,36.1,38.6,38.2,37.9,38.5,36.9,37.5,35.4,37.78,1.03,0.54,39,6,12.9,22.21,0.0,-0.8703,-0.4925,38.5,39.0,39.0,station
2024-09-01,37.3,38.7,37.7,37.9,37.3,37.3,39.5,37.4,38.2,38.4,37.78,0.58,-0.38,52,20,13.6,20.06,0.0,-0.8786,-0.4775,38.1,39.0,39.0,station
2024-09-02,37.9,38.4,38.5,38.7,38.9,37.8,39.2,37.7,38.5,38.7,38.48,0.38,0.1,53,48,14.3,18.35,1.3,-0.8867,-0.4623,36.4,41.0,41.0,station
2024-09-03,38.9,39.2,39.6,40.3,39.9,39.4,39.3,39.4,40.1,40.4,39.58,0.55,-0.14,50,10,20.5,21.58,0.0,-0.8945,-0.447,40.4,41.0,41.0,station
2024-09-04,39.9,40.6,38.5,40.9,40.3,40.5,39.7,39.2,41.5,40.6,40.04,0.94,-0.26,37,6,19.3,21.52,0.0,-0.9021,-0.4315,40.7,41.0,41.0,station
2024-09-05,37.0,37.7,37.0,37.2,35.1,37.3,37.2,37.9,36.6,36.5,36.8,0.99,-0.3,48,28,12.9,19.76,0.1,-0.9094,-0.4159,38.7,40.0,40.0,station
2024-09-06,35.8,37.2,36.2,35.1,34.8,35.5,37.2,35.8,33.7,33.1,35.82,0.95,0.76,59,51,14.2,18.71,0.6,-0.9164,-0.4002,35.6,37.0,37.0,station
2024-09-07,35.1,34.6,35.9,35.8,35.1,35.7,35.6,35.8,34.6,35.1,35.3,0.54,-0.06,57,36,17.8,18.7,0.2,-0.9232,-0.3844,35.4,36.0,36.0,station
2024-09-08,35.7,36.6,35.1,35.2,34.9,36.4,36.5,35.1,35.7,35.3,35.5,0.68,-0.3,54,12,14.3,20.6,0.0,-0.9296,-0.3685,36.9,36.0,36.0,station
2024-09-09,36.2,37.7,36.3,36.1,37.5,36.2,37.7,35.7,35.4,37.4,36.76,0.77,0.28,50,24,13.7,19.56,0.2,-0.9358,-0.3524,36.7,38.0,38.0,station
2024-09-10,34.7,36.2,37.0,37.1,36.4,34.7,36.8,36.6,36.1,35.5,36.28,0.96,0.34,52,26,16.7,17.22,0.2,-0.9418,-0.3363,36.4,39.0,39.0,station
2024-09-11,33.9,35.5,34.9,34.5,33.6,34.7,36.1,35.3,35.0,33.0,34.48,0.76,-0.34,69,49,25.3,18.73,2.9,-0.9474,-0.32,35.3,37.0,37.0,station
2024-09-12,35.4,36.1,36.3,35.6,35.1,35.2,36.9,36.1,35.6,35.2,35.7,0.49,-0.1,53,24,13.6,20.62,0.4,-0.9528,-0.3037,35.7,37.0,37.0,station
2024-09-13,36.3,37.3,35.2,37.3,36.6,36.5,37.1,35.2,37.0,36.2,36.54,0.87,0.14,43,6,12.3,20.41,0.0,-0.9579,-0.2873,36.8,39.0,39.0,station
2024-09-14,35.6,37.6,36.5,35.9,37.2,36.1,37.8,35.7,36.5,37.2,36.56,0.84,-0.1,50,10,12.8,19.65,0.0,-0.9627,-0.2707,36.3,38.0,38.0,station
2024-09-15,36.5,37.0,37.0,37.7,36.6,36.5,37.5,37.1,37.2,37.5,36.96,0.47,-0.2,41,13,21.4,19.56,0.0,-0.9672,-0.2541,38.3,36.0,36.0,station
2024-09-16,36.3,36.6,35.4,35.2,35.8,36.3,37.2,35.5,35.4,36.7,35.86,0.59,-0.36,46,14,15.3,19.6,0.3,-0.9714,-0.2375,36.3,36.0,36.0,station
2024-09-17,35.5,36.9,35.9,34.6,35.5,36.0,37.3,36.1,35.0,35.3,35.68,0.83,-0.26,52,15,10.7,18.89,0.0,-0.9753,-0.2207,35.7,37.0,37.0,station
2024-09-18,37.1,37.6,36.2,37.1,37.4,37.5,38.2,36.6,36.3,37.3,37.08,0.54,-0.1,47,25,8.7,19.37,0.2,-0.979,-0.2039,37.0,38.0,38.0,station
2024-09-19,38.3,38.8,37.2,38.8,38.1,38.2,38.8,37.4,39.0,38.3,38.24,0.66,-0.1,39,13,14.1,19.16,0.0,-0.9824,-0.187,38.5,40.0,40.0,station
2024-09-20,38.4,39.1,37.5,38.6,38.3,38.6,39.6,37.8,39.3,38.1,38.38,0.58,-0.3,41,64,23.4,17.81,0.0,-0.9854,-0.1701,38.9,38.0,38.0,station
2024-09-21,32.9,33.2,31.3,30.9,28.8,36.0,34.7,33.6,33.7,31.5,31.42,1.77,-2.48,58,57,15.1,15.8,1.2,-0.9882,-0.1531,33.2,30.0,30.0,station
2024-09-22,27.2,28.5,29.6,24.1,25.9,30.1,30.1,29.7,27.1,25.8,27.06,2.16,-1.5,75,61,13.8,11.32,6.9,-0.9907,-0.1361,28.4,28.0,28.0,station
2024-09-23,29.4,30.2,27.9,28.0,30.2,29.5,30.2,27.8,29.4,31.4,29.14,1.13,-0.52,68,56,10.6,17.86,0.2,-0.9929,-0.1191,29.8,31.0,31.0,station
2024-09-24,31.0,31.9,32.4,32.1,31.0,31.5,31.8,32.0,31.7,32.3,31.68,0.65,-0.18,63,32,8.0,18.02,1.0,-0.9948,-0.102,30.6,34.0,34.0,station
2024-09-25,31.1,31.8,30.9,33.2,30.5,29.2,32.6,32.6,32.1,30.6,31.5,1.06,0.08,64,90,7.6,11.75,0.1,-0.9964,-0.0848,30.6,33.0,33.0,station
2024-09-26,32.6,33.0,32.0,34.0,32.6,32.4,31.7,32.2,32.0,31.0,32.84,0.74,0.98,64,39,9.3,18.68,0.0,-0.9977,-0.0677,33.2,35.0,35.0,station
2024-09-27,35.7,34.9,35.5,35.5,37.1,35.7,34.2,35.1,36.1,35.7,35.74,0.82,0.38,47,33,17.1,18.89,0.0,-0.9987,-0.0505,35.6,38.0,38.0,station
2024-09-28,34.8,34.6,34.3,35.0,35.6,34.7,34.1,31.1,35.2,36.1,34.86,0.49,0.62,45,75,22.6,17.06,0.2,-0.9994,-0.0333,35.5,37.0,37.0,station
2024-09-29,31.8,33.4,31.8,31.0,33.8,33.5,33.8,32.0,31.8,34.3,32.36,1.19,-0.72,60,96,18.9,13.62,2.1,-0.9999,-0.0161,35.4,34.0,34.0,station
2024-09-30,23.8,27.0,20.1,24.2,23.3,24.6,27.4,23.2,25.1,26.2,23.68,2.46,-1.62,89,100,17.4,2.79,36.3,-1.0,0.0011,24.1,24.0,24.0,station
2024-10-01,18.0,18.4,15.8,17.3,15.5,17.6,18.1,15.7,18.2,16.8,17.0,1.3,-0.28,83,100,8.4,3.25,10.9,-0.9998,0.0183,18.0,17.0,17.0,station
2024-10-02,20.2,19.1,15.6,20.3,18.2,19.0,18.0,14.5,18.5,18.1,18.68,1.93,1.06,85,100,6.1,3.96,0.9,-0.9994,0.0355,18.7,20.0,20.0,station
2024-10-03,20.7,21.0,16.8,18.0,19.0,19.8,20.5,15.8,19.8,19.9,19.1,1.78,-0.06,76,98,9.1,5.08,2.2,-0.9986,0.0527,20.0,22.0,22.0,station
2024-10-04,19.9,20.4,17.6,19.7,18.1,20.7,20.6,17.1,18.8,18.9,19.14,1.22,-0.08,60,99,5.8,6.19,0.0,-0.9976,0.0698,20.3,22.0,22.0,station
2024-10-05,19.4,19.0,16.8,18.5,19.2,19.1,19.3,16.3,18.6,18.8,18.58,1.05,0.16,67,100,8.0,5.62,0.2,-0.9962,0.087,19.7,20.0,20.0,station
2024-10-06,19.8,18.0,16.2,16.7,18.7,17.6,17.6,15.1,16.9,19.0,17.88,1.47,0.64,78,99,6.7,8.34,7.2,-0.9946,0.1041,19.4,18.0,18.0,station
2024-10-07,20.8,20.2,16.8,18.1,20.7,21.3,20.0,15.9,17.3,20.2,19.32,1.78,0.38,84,71,6.1,8.77,0.9,-0.9926,0.1212,20.6,19.0,19.0,station
2024-10-08,22.0,21.3,20.2,20.4,19.9,21.6,21.4,19.7,20.3,20.8,20.76,0.87,0.0,83,53,8.4,8.79,0.4,-0.9904,0.1383,20.7,21.0,21.0,station
2024-10-09,23.3,23.7,24.5,22.9,24.1,24.4,24.2,24.2,23.7,23.9,23.7,0.63,-0.38,73,21,7.5,15.11,0.0,-0.9879,0.1553,23.2,25.0,25.0,station
2024-10-10,19.6,19.8,20.0,19.5,22.4,21.2,20.1,21.3,18.7,20.5,20.26,1.21,-0.1,84,99,7.2,4.98,3.3,-0.9851,0.1722,20.5,21.0,21.0,station
2024-10-11,19.3,18.6,17.4,18.5,18.8,19.6,18.8,18.2,19.1,18.2,18.52,0.7,-0.26,90,100,12.3,3.21,5.6,-0.9819,0.1892,19.1,19.0,19.0,station
2024-10-12,19.0,18.4,16.7,18.0,19.1,19.8,18.2,16.5,17.9,18.6,18.24,0.97,0.04,88,97,9.4,4.29,9.3,-0.9785,0.206,20.1,19.0,19.0,station
2024-10-13,21.5,20.8,20.8,20.0,18.7,21.3,19.5,20.5,18.2,20.7,20.36,1.07,0.32,85,95,4.6,9.15,7.9,-0.9749,0.2228,22.0,21.0,21.0,station
2024-10-14,23.7,23.6,24.1,23.4,20.4,24.1,23.2,24.8,23.4,21.2,23.04,1.5,-0.3,83,82,6.3,11.69,0.3,-0.9709,0.2396,24.0,26.0,26.0,station
2024-10-15,25.7,26.3,25.9,25.7,25.0,25.8,25.5,26.6,24.9,24.5,25.72,0.47,0.26,76,59,7.6,15.1,0.0,-0.9666,0.2562,25.5,27.0,27.0,station
2024-10-16,24.0,25.6,25.8,24.4,21.3,21.6,23.1,22.1,21.4,20.1,24.22,1.8,2.56,73,75,14.1,12.72,6.1,-0.9621,0.2728,25.7,28.0,28.0,station
2024-10-17,23.5,21.5,22.5,21.3,21.0,22.6,21.0,20.7,21.1,21.6,21.96,1.03,0.56,88,69,16.6,6.62,14.1,-0.9572,0.2893,22.6,19.0,19.0,station
2024-10-18,25.2,24.3,23.9,24.4,22.7,25.8,23.3,23.1,22.0,20.2,24.1,0.91,1.22,82,34,8.2,10.52,0.1,-0.9521,0.3057,24.6,21.0,21.0,station
2024-10-19,20.9,20.9,21.4,20.6,21.6,22.0,21.2,24.0,21.2,21.8,21.08,0.41,-0.96,78,93,15.2,6.17,13.7,-0.9467,0.3221,23.4,22.0,22.0,station
2024-10-20,18.0,18.4,16.9,17.8,17.2,17.8,18.2,18.1,17.8,19.5,17.66,0.61,-0.62,86,99,16.3,4.5,41.5,-0.941,0.3383,18.3,18.0,18.0,station
2024-10-21,21.9,19.7,17.4,20.4,18.0,19.5,20.1,17.6,19.6,17.3,19.48,1.82,0.66,80,100,13.4,9.44,2.9,-0.9351,0.3545,23.2,20.0,20.0,station
2024-10-22,20.8,20.1,21.1,20.6,18.4,21.2,20.0,20.9,21.1,17.2,20.2,1.07,0.12,74,79,14.8,10.53,0.2,-0.9288,0.3705,22.0,23.0,23.0,station
2024-10-23,24.1,24.9,24.5,23.5,23.6,23.9,23.8,24.1,24.1,22.3,24.12,0.59,0.48,78,36,11.2,13.13,0.0,-0.9223,0.3864,23.7,26.0,26.0,station
2024-10-24,21.8,23.4,24.1,20.3,21.2,22.8,23.5,21.8,20.7,20.3,22.16,1.57,0.34,79,99,9.1,4.82,0.0,-0.9155,0.4022,21.0,22.0,22.0,station
2024-10-25,22.5,24.6,25.9,22.9,24.4,23.6,24.7,24.1,22.8,22.7,24.06,1.38,0.48,77,95,7.8,7.18,0.1,-0.9085,0.4179,22.2,24.0,24.0,station
2024-10-26,22.3,22.1,23.3,21.5,22.2,23.1,22.3,24.4,21.7,23.9,22.28,0.65,-0.8,78,98,11.5,5.61,0.1,-0.9012,0.4335,21.4,22.0,22.0,station
2024-10-27,20.2,20.5,20.1,19.9,22.7,18.5,20.9,21.7,20.9,22.2,20.68,1.15,-0.16,75,48,9.4,14.28,1.8,-0.8936,0.4489,20.9,22.0,22.0,station
2024-10-28,22.2,23.4,23.4,22.5,23.7,21.9,22.7,22.4,20.4,24.4,23.04,0.65,0.68,74,1,8.5,15.34,0.0,-0.8857,0.4642,22.2,25.0,25.0,station
2024-10-29,23.7,24.8,25.4,24.4,25.9,23.6,24.4,25.6,24.0,25.8,24.84,0.86,0.16,66,10,11.6,15.17,0.0,-0.8776,0.4794,23.9,26.0,26.0,station
2024-10-30,22.7,22.8,24.4,23.0,23.4,23.8,22.3,21.7,22.5,22.5,23.26,0.69,0.7,68,81,8.8,10.38,1.0,-0.8692,0.4944,22.9,23.0,23.0,station
2024-10-31,20.4,20.1,21.6,20.1,22.6,19.3,19.3,21.4,20.4,21.9,20.96,1.11,0.5,84,98,9.2,4.76,3.3,-0.8606,0.5093,20.3,19.0,19.0,station
2024-11-01,20.6,18.6,18.3,17.4,21.6,21.6,18.8,18.4,18.3,23.7,19.3,1.74,-0.86,83,80,11.1,7.47,1.0,-0.8517,0.524,21.0,19.0,19.0,station
2024-11-02,21.7,22.0,23.0,20.6,21.5,22.5,21.4,22.2,20.8,22.2,21.76,0.87,-0.06,82,59,8.0,11.3,0.0,-0.8426,0.5386,21.6,23.0,23.0,station
2024-11-03,23.0,21.7,19.4,20.8,20.0,22.1,20.9,19.2,20.9,21.3,20.98,1.42,0.1,78,63,9.7,8.32,0.0,-0.8332,0.553,22.2,21.0,21.0,station
2024-11-04,19.6,17.7,17.1,17.2,16.9,18.5,18.0,17.4,17.5,19.8,17.7,1.1,-0.54,90,88,7.3,3.24,3.6,-0.8235,0.5672,17.9,18.0,18.0,station
2024-11-05,20.5,20.1,20.7,20.2,17.1,19.7,19.4,18.6,19.4,17.4,19.72,1.48,0.82,86,80,6.6,8.33,0.1,-0.8137,0.5813,19.8,20.0,20.0,station
2024-11-06,20.7,21.1,20.0,19.1,17.7,21.1,20.4,17.7,19.9,19.1,19.72,1.36,0.08,78,96,8.6,4.81,0.0,-0.8035,0.5952,20.2,19.0,19.0,station
2024-11-07,21.1,21.1,19.3,19.1,20.4,20.9,20.2,17.2,18.8,18.5,20.2,0.96,1.08,84,100,6.2,7.07,2.5,-0.7932,0.609,20.4,22.0,22.0,station
2024-11-08,19.5,19.7,18.7,20.5,20.2,21.2,20.6,17.3,18.7,17.3,19.72,0.69,0.7,83,100,12.4,6.0,2.0,-0.7826,0.6225,20.3,20.0,20.0,station
2024-11-09,19.7,19.4,19.4,19.9,19.3,18.9,18.5,19.4,19.4,19.8,19.54,0.25,0.34,83,78,13.1,5.46,2.0,-0.7718,0.6359,18.3,16.0,16.0,station
2024-11-10,21.3,20.8,22.1,20.1,21.0,23.1,21.3,22.4,22.4,22.7,21.06,0.73,-1.32,81,34,7.1,10.56,0.0,-0.7607,0.6491,21.7,22.0,22.0,station
2024-11-11,20.1,20.5,19.7,19.7,19.3,19.4,19.2,19.9,19.1,19.9,19.86,0.46,0.36,88,100,5.5,4.09,3.6,-0.7494,0.6621,19.7,20.0,20.0,station
2024-11-12,18.6,18.6,18.1,18.3,17.0,18.7,18.2,18.0,19.2,18.4,18.12,0.66,-0.38,91,100,8.2,3.75,12.4,-0.7379,0.6749,19.5,18.0,18.0,station
2024-11-13,18.4,18.4,19.2,19.2,17.6,18.6,18.7,17.5,19.0,17.3,18.56,0.67,0.34,93,97,6.0,2.94,9.0,-0.7262,0.6875,18.0,17.0,17.0,station
2024-11-14,20.7,19.9,19.8,20.4,18.6,20.6,19.7,20.7,21.3,18.9,19.88,0.8,-0.36,88,73,6.6,7.2,0.3,-0.7143,0.6998,21.7,22.0,22.0,station
2024-11-15,21.7,19.9,20.8,21.3,18.4,22.7,20.4,18.8,21.8,18.2,20.42,1.31,0.04,89,83,7.3,4.94,4.9,-0.7021,0.712,21.5,22.0,22.0,station
2024-11-16,18.1,18.6,18.1,18.8,16.7,18.5,18.3,18.2,19.6,16.8,18.06,0.82,-0.22,91,100,12.0,2.97,12.5,-0.6898,0.724,18.5,19.0,19.0,station
2024-11-17,14.3,15.8,13.9,15.4,12.1,14.1,15.6,14.8,15.9,12.9,14.3,1.45,-0.36,91,100,17.1,2.38,13.4,-0.6772,0.7358,15.0,15.0,15.0,station
2024-11-18,12.9,13.8,12.0,11.9,12.2,12.8,13.7,12.0,12.4,12.4,12.56,0.8,-0.1,88,100,7.3,3.09,7.3,-0.6645,0.7473,13.5,13.0,13.0,station
2024-11-19,12.1,12.6,11.4,11.6,11.5,12.2,12.8,11.3,12.0,11.6,11.84,0.5,-0.14,93,100,6.2,1.97,3.6,-0.6515,0.7586,12.6,12.0,12.0,station
2024-11-20,14.1,13.1,12.0,12.3,12.9,13.7,12.9,12.1,11.6,11.7,12.88,0.81,0.48,90,94,8.1,3.3,1.5,-0.6384,0.7697,13.9,14.0,14.0,station
2024-11-21,13.9,13.3,13.2,12.8,12.7,13.8,13.4,12.4,12.6,12.4,13.18,0.48,0.26,92,95,3.2,2.66,1.6,-0.625,0.7806,13.3,13.0,13.0,station
2024-11-22,16.6,15.7,13.9,16.3,14.9,14.8,15.9,14.4,13.2,14.2,15.48,1.1,0.98,85,81,8.4,8.52,0.1,-0.6115,0.7912,16.6,16.0,16.0,station
2024-11-23,14.7,14.7,12.8,13.4,12.8,14.2,14.5,13.3,14.1,12.4,13.68,0.96,-0.02,81,99,12.2,2.72,2.3,-0.5978,0.8016,14.1,14.0,14.0,station
2024-11-24,12.8,13.0,11.0,12.0,11.8,12.8,13.2,11.3,11.9,11.4,12.12,0.81,0.0,90,100,10.6,2.34,5.0,-0.584,0.8118,13.4,12.0,12.0,station
2024-11-25,12.7,12.3,10.9,11.4,10.4,12.1,12.0,10.9,11.5,10.9,11.54,0.96,0.06,82,100,21.0,5.42,5.0,-0.5699,0.8217,12.9,11.0,11.0,station
2024-11-26,9.3,10.6,9.9,10.3,8.3,8.4,11.0,9.6,10.2,7.6,9.68,0.91,0.32,86,99,8.2,2.22,1.5,-0.5557,0.8314,10.4,10.0,10.0,station
2024-11-27,11.3,12.5,12.6,10.6,9.7,10.1,13.1,12.7,11.3,8.5,11.34,1.24,0.2,82,72,9.7,6.9,0.0,-0.5413,0.8408,12.4,14.0,14.0,station
2024-11-28,14.5,14.5,14.6,13.2,12.8,13.0,14.0,14.1,12.5,11.1,13.92,0.85,0.98,83,59,7.3,8.93,0.0,-0.5268,0.85,14.1,15.0,15.0,station
2024-11-29,14.0,14.7,15.4,12.8,11.9,14.1,14.7,15.0,12.6,11.0,13.76,1.42,0.28,81,40,4.9,8.11,0.0,-0.5121,0.859,14.3,11.0,11.0,station
2024-11-30,15.5,15.6,14.8,14.2,14.5,16.0,15.9,16.0,14.6,13.7,14.92,0.61,-0.32,78,41,8.3,11.15,0.0,-0.4972,0.8676,15.8,16.0,16.0,station
2024-12-01,14.0,14.6,12.6,13.7,11.5,14.4,14.2,12.7,14.1,11.6,13.28,1.23,-0.12,75,40,6.8,10.52,0.0,-0.4822,0.8761,15.9,16.0,16.0,station
2024-12-02,14.1,13.9,13.0,12.9,12.7,14.4,12.8,12.2,13.1,12.9,13.32,0.63,0.24,79,67,7.5,3.63,0.1,-0.4671,0.8842,14.6,14.0,14.0,station
2024-12-03,12.4,12.5,12.6,11.6,11.8,13.2,12.5,11.6,12.1,11.4,12.18,0.45,0.02,92,92,8.4,2.79,6.7,-0.4518,0.8921,12.7,12.0,12.0,station
2024-12-04,12.0,12.3,11.4,11.5,12.2,12.4,12.3,11.4,11.6,11.8,11.88,0.41,-0.02,93,98,7.3,2.16,3.4,-0.4364,0.8998,13.1,11.0,11.0,station
2024-12-05,11.1,12.2,11.5,11.1,9.4,10.9,11.8,11.1,10.8,10.2,11.06,1.03,0.1,96,100,7.0,1.82,5.8,-0.4208,0.9071,11.4,11.0,11.0,station
2024-12-06,11.5,11.2,10.3,11.4,10.4,11.1,11.5,10.2,11.0,10.1,10.96,0.57,0.18,91,94,8.4,3.02,1.3,-0.4052,0.9142,11.8,10.0,10.0,station
2024-12-07,10.2,11.1,9.9,10.2,10.0,9.5,11.0,10.2,10.4,8.7,10.28,0.48,0.32,88,100,9.9,1.88,6.4,-0.3894,0.9211,10.1,10.0,10.0,station
2024-12-08,10.7,10.6,11.3,9.9,9.3,9.9,10.9,11.6,10.3,9.6,10.36,0.77,-0.1,70,97,13.2,5.37,1.5,-0.3735,0.9276,11.7,11.0,11.0,station
2024-12-09,9.3,10.1,9.0,9.2,8.0,9.4,9.7,9.1,9.4,8.1,9.12,0.75,-0.02,64,100,8.6,7.31,0.2,-0.3575,0.9339,11.3,9.0,9.0,station
2024-12-10,9.4,9.9,7.7,9.4,8.2,8.8,9.7,7.2,9.1,9.1,8.92,0.93,0.14,73,99,4.7,5.2,0.0,-0.3413,0.9399,11.0,9.0,9.0,station
2024-12-11,11.5,10.5,9.7,10.4,9.5,11.9,9.9,9.5,10.2,9.5,10.32,0.79,0.12,76,81,8.3,9.95,0.0,-0.3251,0.9457,12.2,13.0,13.0,station
2024-12-12,9.2,9.4,8.6,9.7,8.2,9.2,9.0,8.2,9.4,7.8,9.02,0.61,0.3,82,99,10.1,2.47,1.1,-0.3088,0.9511,9.0,9.0,9.0,station
2024-12-13,8.7,8.8,8.3,8.7,8.3,7.9,8.6,7.6,9.1,7.6,8.56,0.24,0.4,80,100,8.3,2.64,1.4,-0.2924,0.9563,8.8,7.0,7.0,station
2024-12-14,8.1,8.3,8.7,7.4,5.4,6.9,8.4,7.6,7.6,5.0,7.58,1.31,0.48,86,79,10.3,3.27,4.4,-0.2759,0.9612,7.5,6.0,6.0,station
2024-12-15,11.1,10.3,10.6,9.7,8.6,11.4,10.8,10.6,9.8,7.4,10.06,0.96,0.06,81,57,12.6,8.4,0.0,-0.2593,0.9658,10.2,10.0,10.0,station
2024-12-16,11.7,11.2,11.2,10.9,9.3,12.1,10.9,11.4,10.6,8.8,10.86,0.92,0.1,76,16,11.3,10.34,0.0,-0.2427,0.9701,11.1,10.0,10.0,station
2024-12-17,7.9,10.1,9.0,9.1,7.6,7.7,9.6,9.7,8.3,7.3,8.74,1.01,0.22,72,97,6.6,5.86,0.0,-0.226,0.9741,10.3,9.0,9.0,station
2024-12-18,11.3,10.9,11.4,10.1,10.4,9.9,10.7,9.1,10.2,9.2,10.82,0.56,1.0,75,99,7.0,4.77,0.1,-0.2092,0.9779,11.4,9.0,9.0,station
2024-12-19,11.5,12.2,10.9,11.5,8.7,11.4,12.0,10.5,11.1,9.1,10.96,1.34,0.14,53,56,12.2,8.22,0.0,-0.1923,0.9813,11.9,13.0,13.0,station
2024-12-20,10.1,10.4,10.7,10.5,9.0,10.3,11.0,11.3,10.4,8.4,10.14,0.67,-0.14,66,95,10.0,4.69,0.0,-0.1754,0.9845,10.2,9.0,9.0,station
2024-12-21,8.9,9.1,9.5,9.5,7.6,9.9,9.8,10.0,9.8,7.9,8.92,0.78,-0.56,84,100,9.7,2.07,0.4,-0.1585,0.9874,8.1,8.0,8.0,station
2024-12-22,8.3,8.4,8.2,8.0,6.3,8.0,8.4,8.4,8.2,6.6,7.84,0.87,-0.08,63,100,11.8,2.42,0.0,-0.1414,0.9899,7.9,8.0,8.0,station
2024-12-23,11.4,10.2,10.0,9.6,8.8,11.0,10.7,9.2,10.3,8.2,10.0,0.95,0.12,65,58,8.7,9.79,0.0,-0.1244,0.9922,11.1,11.0,11.0,station
2024-12-24,8.9,9.3,8.2,8.4,6.3,8.7,9.0,7.3,8.3,7.3,8.22,1.16,0.1,73,97,7.8,6.42,0.0,-0.1073,0.9942,10.4,9.0,9.0,station
2024-12-25,9.9,9.4,8.6,9.0,8.7,9.1,9.8,8.0,8.8,8.0,9.12,0.54,0.38,81,100,6.9,3.72,0.6,-0.0902,0.9959,10.2,9.0,9.0,station
2024-12-26,12.2,10.7,10.0,10.3,8.8,10.0,10.8,9.9,10.4,9.2,10.4,1.23,0.34,83,70,8.0,9.01,0.0,-0.073,0.9973,11.9,13.0,13.0,station
2024-12-27,13.4,13.0,12.6,12.3,9.7,11.6,12.3,13.0,11.1,8.3,12.2,1.46,0.94,75,36,13.6,9.97,0.1,-0.0559,0.9984,12.8,13.0,13.0,station
2024-12-28,11.9,12.0,12.2,12.1,8.7,11.5,12.3,11.1,11.4,9.6,11.38,1.5,0.2,76,28,6.9,11.13,0.0,-0.0387,0.9993,11.9,13.0,13.0,station
2024-12-29,9.8,10.3,9.1,9.8,7.0,10.3,9.8,8.8,10.1,6.9,9.2,1.3,0.02,76,85,12.0,2.8,0.2,-0.0215,0.9998,9.8,8.0,8.0,station
2024-12-30,10.8,11.0,8.9,9.7,9.6,11.1,12.1,9.3,10.0,8.9,10.0,0.88,-0.28,81,68,10.3,7.3,0.0,-0.0043,1.0,11.2,11.0,11.0,station
2024-12-31,13.1,12.4,12.1,12.6,10.4,14.0,12.7,12.4,12.2,10.2,12.12,1.03,-0.18,75,21,8.8,11.52,0.0,0.0129,0.9999,12.5,,,
2025-01-01,14.7,14.5,14.3,14.2,9.8,10.9,13.7,13.4,11.0,8.2,13.5,2.08,2.06,78,9,8.0,11.65,0.0,0.0172,0.9999,14.5,15.0,15.0,station
2025-01-02,11.6,11.4,11.9,11.8,10.7,11.5,12.4,12.3,11.2,11.1,11.48,0.48,-0.22,84,84,7.5,4.5,0.3,0.0344,0.9994,12.2,14.0,14.0,station
2025-01-03,16.0,15.0,14.3,15.3,12.6,16.2,15.0,11.4,14.7,11.6,14.64,1.29,0.86,79,41,14.3,10.5,0.0,0.0516,0.9987,15.9,16.0,16.0,station
2025-01-04,11.5,11.7,12.5,12.1,9.7,12.8,11.8,10.6,11.6,9.1,11.5,1.08,0.32,88,100,10.7,2.42,2.6,0.0688,0.9976,11.7,11.0,11.0,station
2025-01-05,14.4,12.8,14.6,14.2,12.1,14.6,13.3,14.8,14.4,11.5,13.62,1.11,-0.1,80,50,17.6,11.65,0.1,0.0859,0.9963,15.2,15.0,15.0,station
2025-01-06,10.0,10.0,10.5,10.4,9.6,12.4,9.3,10.3,11.7,9.3,10.1,0.36,-0.5,87,83,8.7,2.78,0.6,0.103,0.9947,9.3,9.0,9.0,station
2025-01-07,8.2,9.3,9.5,9.2,7.7,9.3,9.2,9.5,9.6,7.4,8.78,0.79,-0.22,91,100,13.1,1.96,6.2,0.1201,0.9928,8.0,8.0,8.0,station
2025-01-08,7.6,8.1,7.3,8.1,6.5,7.1,8.8,7.5,8.2,6.6,7.52,0.66,-0.12,84,100,8.9,4.66,2.3,0.1372,0.9905,9.1,7.0,7.0,station
2025-01-09,9.5,9.1,7.7,8.7,8.0,9.2,9.9,9.5,8.7,7.4,8.6,0.75,-0.34,86,99,9.6,3.7,5.3,0.1542,0.988,8.8,8.0,8.0,station
2025-01-10,9.1,10.4,10.6,9.2,6.7,8.1,10.4,11.1,10.0,7.0,9.2,1.55,-0.12,74,96,8.8,4.19,0.0,0.1712,0.9852,8.9,10.0,10.0,station
2025-01-11,11.5,11.2,11.8,11.0,9.5,10.9,11.6,12.0,11.2,8.1,11.0,0.89,0.24,82,70,10.6,7.41,0.2,0.1881,0.9821,10.9,12.0,12.0,station
2025-01-12,14.9,13.2,12.4,12.2,9.0,15.0,12.7,12.4,11.7,9.3,12.34,2.15,0.12,75,11,13.9,12.71,0.0,0.205,0.9788,13.9,14.0,14.0,station
2025-01-13,9.7,10.3,13.1,9.8,7.6,13.8,9.9,13.0,9.3,7.9,10.1,1.97,-0.68,83,98,5.5,3.34,0.0,0.2218,0.9751,9.9,10.0,10.0,station
2025-01-14,9.3,10.0,11.2,9.7,8.4,9.2,9.7,11.4,9.4,7.1,9.72,1.02,0.36,91,99,8.0,2.47,3.6,0.2385,0.9711,9.5,9.0,9.0,station
2025-01-15,10.8,11.0,8.9,10.7,9.7,10.6,11.9,9.9,10.8,9.2,10.22,0.89,-0.26,83,99,10.9,5.23,0.1,0.2552,0.9669,12.5,10.0,10.0,station
2025-01-16,13.8,13.3,12.3,12.3,11.1,13.6,12.7,10.9,12.6,10.3,12.56,1.04,0.54,77,61,6.4,8.31,0.2,0.2718,0.9624,12.6,13.0,13.0,station
2025-01-17,11.2,11.5,11.1,10.8,9.2,11.9,10.8,11.7,10.2,8.7,10.76,0.91,0.1,71,96,10.4,2.84,0.2,0.2883,0.9575,11.2,10.0,10.0,station
2025-01-18,13.6,12.0,10.2,11.5,11.5,12.1,12.2,11.8,10.7,10.8,11.76,1.23,0.24,78,87,10.6,6.99,0.5,0.3047,0.9524,12.0,11.0,11.0,station
2025-01-19,15.1,13.5,13.6,13.1,11.0,16.1,14.0,12.7,12.7,12.9,13.26,1.47,-0.42,79,39,8.7,10.26,0.0,0.3211,0.9471,13.4,15.0,15.0,station
2025-01-20,14.9,15.0,14.9,13.5,12.3,15.1,14.4,13.2,12.9,12.3,14.12,1.19,0.54,77,48,7.3,11.35,0.0,0.3373,0.9414,14.4,16.0,16.0,station
2025-01-21,13.3,12.8,11.8,12.1,11.6,14.6,12.7,11.7,11.4,12.1,12.32,0.71,-0.18,78,87,6.9,4.75,0.0,0.3534,0.9355,14.1,14.0,14.0,station
2025-01-22,12.2,12.0,11.2,11.2,11.4,11.9,12.1,11.6,11.1,11.4,11.6,0.47,-0.02,90,98,5.9,3.28,2.0,0.3695,0.9292,12.0,13.0,13.0,station
2025-01-23,12.2,11.9,11.3,11.4,11.3,13.0,12.4,11.4,11.0,13.0,11.62,0.41,-0.54,94,100,11.2,2.57,3.6,0.3854,0.9227,13.0,12.0,12.0,station
2025-01-24,11.6,11.9,11.2,10.5,11.0,11.8,12.1,11.4,10.8,11.2,11.24,0.54,-0.22,96,100,8.8,2.07,11.9,0.4012,0.916,11.5,12.0,12.0,station
2025-01-25,10.3,11.6,10.8,9.8,9.4,10.6,11.7,10.8,10.0,9.3,10.38,0.86,-0.1,94,100,15.3,1.58,14.4,0.4169,0.9089,10.4,11.0,11.0,station
2025-01-26,9.2,10.2,9.5,9.6,4.9,9.1,10.1,9.0,9.2,5.4,8.68,2.14,0.12,62,66,9.6,11.06,0.2,0.4325,0.9016,10.8,11.0,11.0,station
2025-01-27,13.4,12.4,11.4,10.8,7.2,12.3,11.5,11.5,10.0,5.4,11.04,2.36,0.9,65,32,17.1,13.41,0.0,0.4479,0.8941,12.7,11.0,11.0,station
2025-01-28,12.1,11.6,11.9,10.3,9.6,11.6,11.3,11.7,10.0,7.9,11.1,1.09,0.6,71,60,6.9,10.0,0.0,0.4633,0.8862,11.6,13.0,13.0,station
2025-01-29,15.5,13.4,13.3,11.9,11.0,14.5,13.3,13.8,11.4,11.9,13.02,1.71,0.04,68,45,8.7,12.09,0.0,0.4784,0.8781,15.5,14.0,14.0,station
2025-01-30,10.1,10.1,11.4,10.1,9.4,12.5,10.1,12.1,9.7,9.2,10.22,0.73,-0.5,75,89,8.8,3.04,1.7,0.4935,0.8698,10.8,10.0,10.0,station
2025-01-31,9.0,9.3,8.8,9.6,9.2,8.8,9.3,9.3,9.4,9.1,9.18,0.3,-0.0,95,100,7.9,2.31,5.2,0.5084,0.8611,9.0,8.0,8.0,station
2025-02-01,9.3,9.7,8.5,9.5,8.5,9.6,10.0,8.7,10.0,8.8,9.1,0.57,-0.32,92,100,7.0,2.98,4.2,0.5231,0.8523,10.2,9.0,9.0,station
2025-02-02,10.2,9.9,9.0,9.6,8.8,9.7,9.6,8.5,9.8,9.0,9.5,0.59,0.18,95,100,8.0,2.42,6.6,0.5377,0.8432,9.8,9.0,9.0,station
2025-02-03,10.3,10.1,8.3,10.9,7.9,8.6,9.7,10.1,10.8,7.2,9.5,1.32,0.22,92,100,6.5,4.05,4.6,0.5521,0.8338,10.8,9.0,9.0,station
2025-02-04,15.1,12.4,13.2,12.8,10.2,14.4,12.2,12.2,11.5,8.7,12.74,1.76,0.94,75,85,14.4,12.43,0.0,0.5664,0.8242,15.0,13.0,13.0,station
2025-02-05,10.5,11.7,11.0,11.2,9.2,10.6,10.9,10.4,10.6,8.3,10.72,0.95,0.56,76,100,13.0,3.88,1.1,0.5805,0.8143,10.6,11.0,11.0,station
2025-02-06,8.3,9.4,9.7,9.9,7.7,8.4,9.4,9.5,8.9,8.0,9.0,0.95,0.16,89,99,10.0,2.97,3.7,0.5944,0.8042,9.2,8.0,8.0,station
2025-02-07,11.5,11.5,11.1,10.0,9.9,9.6,11.2,10.4,9.0,8.3,10.8,0.79,1.1,71,99,15.5,6.85,1.9,0.6081,0.7938,11.5,11.0,11.0,station
2025-02-08,10.4,10.3,10.8,9.1,8.1,9.4,10.4,10.0,9.0,7.3,9.74,1.11,0.52,49,64,11.1,14.0,0.0,0.6217,0.7833,10.6,11.0,11.0,station
2025-02-09,10.9,10.5,10.9,9.4,9.4,10.5,9.7,10.0,8.9,7.7,10.22,0.77,0.86,61,59,6.6,8.43,0.0,0.6351,0.7725,10.4,8.0,8.0,station
2025-02-10,13.5,11.6,12.1,12.1,11.5,13.9,11.4,11.8,12.3,11.6,12.16,0.8,-0.04,64,22,8.4,15.39,0.0,0.6483,0.7614,12.7,13.0,13.0,station
2025-02-11,12.6,12.0,10.4,11.8,10.7,14.1,11.7,10.6,13.3,11.8,11.5,0.92,-0.8,64,72,7.3,6.99,0.2,0.6613,0.7502,14.1,12.0,12.0,station
2025-02-12,8.8,9.6,9.2,9.5,6.5,9.8,9.9,9.2,9.8,6.4,8.72,1.28,-0.3,76,100,11.1,4.2,1.8,0.6741,0.7387,10.1,10.0,10.0,station
2025-02-13,8.0,8.7,6.6,8.1,6.9,7.4,9.5,7.5,7.7,6.0,7.66,0.88,0.04,86,100,9.9,4.29,3.0,0.6867,0.727,8.8,7.0,7.0,station
2025-02-14,9.8,9.2,8.1,8.9,9.8,10.3,9.7,9.9,9.7,9.0,9.16,0.71,-0.56,88,100,7.0,3.79,2.3,0.6991,0.715,9.0,8.0,8.0,station
2025-02-15,12.4,11.2,11.0,11.2,11.3,12.7,12.1,11.6,12.0,10.0,11.42,0.56,-0.26,81,77,7.8,8.91,2.8,0.7113,0.7029,12.2,11.0,11.0,station
2025-02-16,12.0,12.2,11.4,10.7,8.8,12.9,12.3,13.0,11.3,11.9,11.02,1.37,-1.26,75,89,7.2,9.75,0.0,0.7233,0.6906,13.6,13.0,13.0,station
2025-02-17,12.7,12.5,11.6,12.9,11.7,12.7,13.5,12.2,12.2,11.2,12.28,0.59,-0.08,76,81,9.4,8.2,0.7,0.735,0.678,13.2,12.0,12.0,station
2025-02-18,13.8,12.3,12.0,12.6,12.0,12.7,13.1,11.3,11.5,11.8,12.54,0.75,0.46,71,77,8.9,11.5,0.0,0.7466,0.6653,14.4,14.0,14.0,station
2025-02-19,12.4,12.8,11.2,12.0,11.5,12.2,13.2,10.2,14.3,12.1,11.98,0.65,-0.42,74,93,10.5,8.11,8.3,0.7579,0.6523,14.4,15.0,15.0,station
2025-02-20,12.7,11.6,9.2,12.0,11.9,12.2,12.2,10.0,12.0,10.6,11.48,1.34,0.08,79,91,10.2,7.42,2.8,0.769,0.6392,13.1,12.0,12.0,station
2025-02-21,12.1,12.3,10.2,11.0,11.7,12.7,12.0,9.7,11.3,12.2,11.46,0.86,-0.12,69,100,13.0,6.3,0.0,0.7799,0.6259,12.4,12.0,12.0,station
2025-02-22,9.6,9.9,8.9,9.9,10.5,10.5,10.1,8.7,10.3,10.3,9.76,0.58,-0.22,75,100,14.5,5.26,1.1,0.7906,0.6124,11.2,11.0,11.0,station
2025-02-23,10.1,10.6,9.3,9.8,9.4,10.5,11.1,8.2,10.2,10.3,9.84,0.53,-0.22,67,100,11.8,5.67,0.0,0.801,0.5987,11.4,11.0,11.0,station
2025-02-24,9.3,9.5,9.0,8.9,9.4,9.0,9.5,8.0,8.7,8.0,9.22,0.26,0.58,62,100,13.7,4.96,0.5,0.8112,0.5848,10.1,9.0,9.0,station
2025-02-25,11.8,10.7,7.9,11.0,10.7,11.5,11.1,7.9,11.5,11.0,10.42,1.48,-0.18,77,87,9.1,8.51,0.4,0.8211,0.5708,11.2,11.0,11.0,station
2025-02-26,15.4,13.3,13.7,14.4,12.9,16.4,13.9,14.0,13.8,12.6,13.94,0.99,-0.2,75,49,8.5,14.03,1.8,0.8308,0.5566,13.9,16.0,16.0,station
2025-02-27,19.5,16.9,17.5,17.8,15.9,20.3,15.8,17.4,17.2,15.3,17.52,1.32,0.32,67,20,14.1,17.94,0.0,0.8402,0.5422,18.8,20.0,20.0,station
2025-02-28,18.6,17.5,19.2,17.9,17.3,20.6,16.8,19.2,18.7,16.6,18.1,0.79,-0.28,66,76,11.7,11.42,0.0,0.8495,0.5277,17.7,19.0,19.0,station
2025-03-01,19.9,16.6,18.3,19.8,19.7,24.1,16.9,18.8,20.7,19.9,18.86,1.42,-1.22,78,84,12.0,6.44,0.2,0.8584,0.513,17.7,18.0,18.0,station
2025-03-02,18.1,18.1,15.9,19.4,17.3,18.4,17.9,17.1,20.6,19.5,17.76,1.28,-0.94,77,80,13.5,12.13,0.3,0.8671,0.4981,19.2,20.0,20.0,station
2025-03-03,12.6,14.8,13.5,14.9,11.5,13.6,13.9,13.7,15.0,12.1,13.46,1.45,-0.2,82,100,18.5,6.79,12.3,0.8755,0.4831,15.0,14.0,14.0,station
2025-03-04,16.1,13.4,11.3,11.9,11.6,15.5,13.4,10.8,13.5,12.9,12.86,1.98,-0.36,82,91,13.9,8.06,5.6,0.8837,0.468,15.5,11.0,11.0,station
2025-03-05,9.9,11.5,10.2,12.0,9.3,11.2,12.0,9.6,11.9,8.3,10.58,1.13,-0.02,90,100,14.0,2.9,7.0,0.8916,0.4527,10.5,11.0,11.0,station
2025-03-06,11.8,12.0,10.3,10.8,9.8,12.0,12.0,9.1,10.7,9.3,10.94,0.95,0.32,77,99,9.5,7.76,1.2,0.8993,0.4373,12.9,13.0,13.0,station
2025-03-07,14.7,13.1,13.9,13.5,12.0,14.8,13.8,13.1,12.6,12.1,13.44,1.0,0.16,69,77,10.6,10.64,0.8,0.9067,0.4218,13.3,15.0,15.0,station
2025-03-08,15.1,13.5,11.7,13.6,12.2,15.0,13.7,11.5,12.7,12.7,13.22,1.33,0.1,78,95,7.5,11.07,2.3,0.9138,0.4061,14.4,14.0,14.0,station
2025-03-09,14.7,13.9,11.9,14.5,13.9,15.5,14.0,10.9,14.2,13.4,13.78,1.11,0.18,73,93,5.4,9.16,0.0,0.9207,0.3904,14.9,14.0,14.0,station
2025-03-10,18.2,16.7,15.6,16.1,16.2,19.1,16.5,15.9,15.4,16.2,16.56,1.0,-0.06,73,45,10.8,15.05,1.4,0.9272,0.3745,18.1,19.0,19.0,station
2025-03-11,14.7,14.0,13.2,15.9,13.1,16.8,14.3,12.6,15.0,13.5,14.18,1.16,-0.26,69,92,11.6,5.76,0.5,0.9335,0.3585,17.5,17.0,17.0,station
2025-03-12,19.2,16.3,16.8,16.7,15.5,18.4,14.6,16.8,17.5,15.0,16.9,1.38,0.44,81,78,8.7,12.0,0.3,0.9396,0.3424,18.1,18.0,18.0,station
2025-03-13,16.5,14.8,13.4,14.7,13.5,15.5,15.7,13.1,14.2,12.8,14.58,1.26,0.32,84,99,10.4,5.67,0.5,0.9453,0.3261,15.2,16.0,16.0,station
2025-03-14,16.8,14.7,12.0,15.2,13.2,15.2,14.5,12.0,14.6,13.0,14.38,1.85,0.52,85,98,8.5,8.69,4.9,0.9508,0.3098,16.3,14.0,14.0,station
2025-03-15,16.2,15.3,11.8,15.0,12.1,15.0,14.2,11.4,14.3,11.1,14.08,2.0,0.88,78,100,13.2,7.44,5.8,0.956,0.2934,16.6,16.0,16.0,station
2025-03-16,11.7,12.4,10.8,11.5,8.9,11.1,12.3,12.0,12.0,8.7,11.06,1.34,-0.16,83,100,12.7,2.65,11.2,0.9609,0.2769,12.0,13.0,13.0,station
2025-03-17,7.9,9.2,9.1,9.0,9.2,7.9,9.7,8.5,9.6,8.3,8.88,0.55,0.08,94,100,11.0,3.01,8.3,0.9655,0.2604,8.1,8.0,8.0,station
2025-03-18,11.3,12.2,11.6,10.6,9.0,12.8,13.0,11.8,10.8,8.9,10.94,1.23,-0.52,81,95,7.8,9.0,0.0,0.9698,0.2437,12.9,11.0,11.0,station
2025-03-19,16.7,15.2,15.1,14.6,12.3,16.6,15.6,15.3,14.8,12.6,14.78,1.59,-0.2,75,70,7.1,13.69,0.1,0.9739,0.227,16.2,17.0,17.0,station
2025-03-20,17.7,18.1,17.3,15.4,12.9,15.6,17.8,17.9,15.8,12.6,16.28,2.15,0.34,66,70,9.9,16.37,0.0,0.9777,0.2102,17.8,19.0,19.0,station
2025-03-21,16.3,18.9,19.7,16.9,15.3,16.3,19.3,19.6,15.3,13.8,17.42,1.83,0.56,69,73,8.2,11.37,0.0,0.9811,0.1934,18.5,17.0,17.0,station
2025-03-22,14.5,15.3,16.1,13.7,13.0,14.2,15.0,16.5,13.5,12.4,14.52,1.23,0.2,78,100,5.3,5.05,0.8,0.9843,0.1765,15.4,16.0,16.0,station
2025-03-23,18.7,19.4,17.4,19.4,18.5,19.6,19.7,18.5,20.3,17.2,18.68,0.82,-0.38,78,77,13.5,16.13,1.5,0.9872,0.1595,20.4,22.0,22.0,station
2025-03-24,23.1,25.3,23.1,24.0,20.1,23.9,24.9,22.3,22.8,21.8,23.12,1.91,-0.02,63,18,9.2,21.41,0.0,0.9898,0.1425,24.1,27.0,27.0,station
2025-03-25,27.1,27.6,26.1,27.6,24.9,27.4,27.8,25.6,27.2,23.5,26.66,1.16,0.36,59,0,9.4,21.63,0.0,0.9921,0.1255,27.0,31.0,31.0,station
2025-03-26,28.9,30.8,29.1,33.2,29.4,28.8,30.5,28.6,32.3,28.1,30.28,1.79,0.62,60,0,17.8,21.75,0.0,0.9941,0.1084,29.0,33.0,33.0,station
2025-03-27,24.2,29.4,26.8,29.1,28.6,24.9,29.6,26.7,29.9,28.0,27.62,2.16,-0.2,60,17,18.3,20.72,0.0,0.9958,0.0913,26.8,31.0,31.0,station
2025-03-28,15.4,16.2,13.6,16.9,15.5,15.3,15.3,13.0,16.1,17.7,15.52,1.23,0.04,77,100,21.8,3.77,5.0,0.9972,0.0741,19.0,20.0,20.0,station
2025-03-29,8.8,9.4,7.8,9.4,8.7,12.1,9.1,7.9,9.9,9.2,8.82,0.66,-0.82,85,100,10.4,3.71,6.5,0.9984,0.057,9.1,8.0,8.0,station
2025-03-30,12.6,10.8,12.6,13.3,12.8,12.8,10.4,9.7,11.8,10.6,12.42,0.95,1.36,78,99,7.3,10.04,1.5,0.9992,0.0398,12.5,12.0,12.0,station
2025-03-31,10.9,11.9,11.8,11.7,12.5,12.5,11.1,11.3,12.3,10.8,11.76,0.57,0.16,83,100,10.4,5.14,2.2,0.9997,0.0226,11.9,12.0,12.0,station
2025-04-01,14.8,14.8,14.1,15.1,13.8,15.3,14.7,15.2,14.3,12.9,14.52,0.54,0.04,80,99,7.1,9.79,0.3,1.0,0.0054,14.6,14.0,14.0,station
2025-04-02,16.0,15.9,17.6,15.4,15.9,15.4,16.5,16.2,16.0,14.8,16.16,0.84,0.38,74,75,7.3,16.69,0.0,0.9999,-0.0118,17.8,17.0,17.0,station
2025-04-03,17.4,19.5,20.1,20.0,19.9,20.6,20.3,21.1,19.5,18.1,19.38,1.13,-0.54,64,73,14.4,19.32,1.1,0.9996,-0.029,22.0,21.0,21.0,station
2025-04-04,19.5,17.2,18.2,16.4,18.0,17.5,16.2,17.8,16.3,18.4,17.86,1.16,0.62,82,99,9.8,10.17,9.2,0.9989,-0.0462,19.8,19.0,19.0,station
2025-04-05,18.7,20.5,18.7,17.8,17.9,20.0,20.2,19.4,18.0,18.2,18.72,1.08,-0.44,87,100,9.6,6.71,0.4,0.998,-0.0634,17.7,21.0,21.0,station
2025-04-06,21.2,19.6,20.3,21.6,17.7,20.7,20.0,20.6,20.9,16.0,20.08,1.54,0.44,85,84,6.7,8.04,0.6,0.9968,-0.0805,20.0,21.0,21.0,station
2025-04-07,24.9,23.7,23.6,23.9,22.4,25.0,23.8,23.9,24.4,17.2,23.7,0.89,0.84,78,56,7.0,18.51,0.0,0.9952,-0.0977,23.5,26.0,26.0,station
2025-04-08,26.3,27.1,26.0,26.4,25.8,26.7,27.2,25.2,25.9,26.2,26.32,0.5,0.08,72,55,7.6,21.21,0.0,0.9934,-0.1148,26.6,29.0,29.0,station
2025-04-09,25.9,24.9,28.2,26.7,20.0,25.8,21.8,24.7,23.6,26.8,25.14,3.12,0.6,72,26,7.4,18.4,0.3,0.9913,-0.1319,26.7,30.0,30.0,station
2025-04-10,28.1,29.8,29.0,31.5,30.0,28.3,28.8,30.2,30.0,24.9,29.68,1.26,1.24,66,20,11.4,21.47,5.0,0.9889,-0.1489,28.9,32.0,32.0,station
2025-04-11,26.0,25.0,23.0,24.3,22.2,24.5,25.7,24.3,22.4,29.7,24.1,1.52,-1.22,84,76,18.7,12.55,52.0,0.9861,-0.1659,24.4,27.0,27.0,station
2025-04-12,18.2,20.9,17.7,21.5,17.6,17.7,21.0,18.8,21.2,18.0,19.18,1.87,-0.16,54,100,29.7,8.48,0.5,0.9831,-0.1828,21.4,23.0,23.0,station
2025-04-13,25.0,25.0,23.8,24.8,24.3,24.4,25.3,23.0,25.2,24.2,24.58,0.52,0.16,60,66,9.5,23.08,0.0,0.9799,-0.1997,24.7,28.0,28.0,station
2025-04-14,25.8,27.6,26.3,26.5,26.4,25.2,28.3,26.5,23.7,24.1,26.52,0.66,0.96,57,94,8.9,20.59,0.0,0.9763,-0.2165,26.1,28.0,28.0,station
2025-04-15,27.4,27.4,26.1,26.8,26.1,25.0,26.9,24.4,25.6,26.3,26.76,0.65,1.12,60,80,17.9,19.28,0.0,0.9724,-0.2333,27.5,30.0,30.0,station
2025-04-16,26.7,27.8,27.3,27.1,28.9,27.0,26.7,27.3,27.2,26.6,27.56,0.85,0.6,67,99,6.9,17.35,0.0,0.9683,-0.25,26.9,30.0,30.0,station
2025-04-17,28.8,30.1,29.4,29.9,28.8,28.2,29.0,28.9,28.2,30.2,29.4,0.6,0.5,70,44,9.8,21.7,0.6,0.9638,-0.2666,28.2,32.0,32.0,station
2025-04-18,31.8,33.3,32.0,34.5,35.4,30.6,32.2,31.6,32.6,33.0,33.4,1.56,1.4,66,55,12.3,20.76,0.1,0.9591,-0.2831,31.5,35.0,35.0,station
2025-04-19,28.4,29.2,28.6,28.9,28.1,29.9,29.3,29.9,32.4,21.7,28.64,0.43,0.0,79,87,11.3,15.96,0.1,0.9541,-0.2996,28.2,31.0,31.0,station
2025-04-20,30.2,31.3,32.1,33.7,28.5,31.4,31.4,32.3,33.5,32.8,31.16,1.96,-1.12,64,54,16.2,20.77,0.1,0.9488,-0.316,30.7,33.0,33.0,station
2025-04-21,26.3,26.9,30.1,26.9,30.3,25.7,27.2,30.1,29.5,30.0,28.1,1.93,-0.4,76,47,20.0,16.96,13.4,0.9432,-0.3322,28.9,31.0,31.0,station
2025-04-22,20.4,21.0,21.4,20.7,17.2,21.8,19.0,23.1,22.3,19.5,20.14,1.68,-1.0,81,97,13.1,7.74,1.1,0.9373,-0.3484,20.6,20.0,20.0,station
2025-04-23,21.5,20.3,20.8,18.9,19.1,23.7,19.7,21.3,22.1,18.6,20.12,1.11,-0.96,78,94,12.0,15.83,12.8,0.9312,-0.3645,23.3,24.0,24.0,station
2025-04-24,17.3,18.9,16.8,19.0,18.8,18.4,18.5,16.7,18.7,18.4,18.16,1.03,0.02,92,100,13.0,5.21,11.4,0.9248,-0.3804,18.8,20.0,20.0,station
2025-04-25,21.8,22.0,17.9,20.7,19.0,20.5,21.3,16.2,22.5,19.6,20.28,1.79,0.26,81,100,14.0,10.18,0.1,0.9181,-0.3963,22.9,24.0,24.0,station
2025-04-26,19.5,19.1,17.7,18.8,17.0,19.1,19.4,16.1,18.5,17.7,18.42,1.04,0.26,85,96,8.2,9.12,4.4,0.9112,-0.412,21.2,20.0,20.0,station
2025-04-27,24.8,23.3,22.2,21.2,20.2,24.6,23.1,22.2,22.8,21.4,22.34,1.79,-0.48,78,82,10.2,19.25,0.4,0.9039,-0.4276,24.7,24.0,24.0,station
2025-04-28,26.4,27.4,26.3,24.2,24.5,26.7,26.9,26.4,24.9,23.6,25.76,1.36,0.06,78,99,5.5,19.95,0.1,0.8965,-0.4431,26.5,29.0,29.0,station
2025-04-29,20.1,22.0,21.8,20.1,19.0,20.5,21.6,18.7,20.3,18.0,20.6,1.27,0.78,91,100,13.8,2.88,37.3,0.8887,-0.4585,19.7,23.0,23.0,station
2025-04-30,24.5,23.8,24.3,24.3,20.9,26.0,23.9,24.0,25.9,20.5,23.56,1.51,-0.5,79,93,8.5,17.79,0.2,0.8807,-0.4737,23.0,25.0,25.0,station
2025-05-01,27.3,28.8,28.4,27.8,25.9,27.4,28.5,28.6,27.7,24.0,27.64,1.13,0.4,75,76,7.3,23.42,0.0,0.8724,-0.4888,27.6,31.0,31.0,station
2025-05-02,33.3,32.4,31.2,33.0,32.7,31.9,32.0,31.6,31.3,32.8,32.52,0.81,0.6,69,99,11.2,20.7,0.0,0.8639,-0.5037,31.1,34.0,34.0,station
2025-05-03,26.7,31.1,26.9,28.6,33.3,24.7,30.8,24.8,26.8,29.7,29.32,2.84,1.96,65,84,10.8,21.1,0.0,0.8551,-0.5185,29.6,31.0,31.0,station
2025-05-04,24.8,23.5,21.2,23.8,24.3,24.2,24.6,22.0,24.8,24.2,23.52,1.39,-0.44,82,75,17.1,15.8,44.0,0.846,-0.5331,26.7,25.0,25.0,station
2025-05-05,24.8,25.0,26.0,26.3,24.2,25.8,25.1,23.6,26.2,27.0,25.26,0.87,-0.28,76,71,12.5,19.94,0.1,0.8367,-0.5476,25.7,27.0,27.0,station
2025-05-06,21.3,22.9,20.0,22.7,25.1,21.8,22.9,19.8,21.9,29.1,22.4,1.91,-0.7,89,95,9.0,8.46,4.9,0.8272,-0.5619,21.6,23.0,23.0,station
2025-05-07,26.8,25.1,21.5,24.2,23.5,24.9,24.4,21.7,24.2,22.6,24.22,1.96,0.66,81,88,9.6,14.36,4.1,0.8174,-0.5761,26.1,26.0,26.0,station
2025-05-08,27.1,24.3,26.4,26.9,23.7,26.7,23.7,23.3,26.4,22.6,25.68,1.57,1.14,80,94,15.0,18.18,26.8,0.8074,-0.59,26.5,26.0,26.0,station
2025-05-09,27.2,26.9,25.6,26.9,22.1,27.2,25.9,27.0,27.9,23.6,25.74,2.13,-0.58,69,59,14.8,21.12,2.9,0.7971,-0.6038,26.2,28.0,28.0,station
2025-05-10,21.3,20.0,21.6,21.0,19.6,22.5,19.8,22.1,21.9,23.8,20.7,0.86,-1.32,80,68,10.3,11.78,8.7,0.7866,-0.6175,21.1,22.0,22.0,station
2025-05-11,25.9,26.3,26.1,26.2,25.0,26.7,26.3,26.3,27.8,26.0,25.9,0.52,-0.72,70,0,10.8,24.94,0.0,0.7759,-0.6309,25.3,29.0,29.0,station
2025-05-12,28.5,30.6,28.3,29.9,32.0,28.5,29.8,27.7,29.0,31.2,29.86,1.53,0.62,59,15,16.5,24.81,0.0,0.7649,-0.6442,29.0,32.0,32.0,station
2025-05-13,26.9,25.2,22.9,25.3,29.5,26.6,25.3,24.6,23.8,27.2,25.96,2.44,0.46,73,30,13.1,20.27,2.4,0.7537,-0.6572,27.2,29.0,29.0,station
2025-05-14,27.6,26.3,25.7,27.0,25.8,26.7,25.7,24.0,25.6,28.7,26.48,0.81,0.34,78,67,10.2,19.51,0.4,0.7423,-0.6701,27.3,28.0,28.0,station
2025-05-15,25.4,23.7,23.5,25.7,28.6,26.2,23.0,24.0,24.3,27.6,25.38,2.05,0.36,85,81,8.6,9.21,0.7,0.7306,-0.6828,23.7,26.0,26.0,station
2025-05-16,23.9,25.0,27.8,26.8,23.1,25.6,25.7,28.5,27.2,22.1,25.32,1.96,-0.5,88,94,8.3,8.23,3.5,0.7188,-0.6952,23.9,23.0,23.0,station
2025-05-17,25.0,23.3,22.2,26.7,28.4,23.1,24.4,25.2,27.7,24.5,25.12,2.51,0.14,87,91,6.0,9.27,3.0,0.7067,-0.7075,24.8,25.0,25.0,station
2025-05-18,24.6,24.1,25.4,27.0,28.1,25.9,24.6,26.5,26.5,24.9,25.84,1.67,0.16,82,95,8.7,17.08,0.7,0.6945,-0.7195,27.0,29.0,29.0,station
2025-05-19,29.0,29.9,30.5,30.0,30.7,29.8,28.8,29.4,30.2,30.7,30.02,0.66,0.24,76,21,8.3,23.89,0.0,0.682,-0.7314,29.7,33.0,33.0,station
2025-05-20,31.8,33.7,33.7,34.0,35.0,31.9,33.4,33.2,32.4,30.6,33.64,1.16,1.34,71,20,5.8,24.2,0.0,0.6693,-0.743,31.5,36.0,36.0,station
2025-05-21,31.0,30.3,34.4,32.5,26.8,31.4,30.9,34.5,32.8,27.8,31.0,2.83,-0.48,74,54,10.7,20.02,0.0,0.6564,-0.7544,31.1,34.0,34.0,station
2025-05-22,30.0,27.6,28.9,30.4,24.0,27.9,27.4,27.4,28.0,24.1,28.18,2.58,1.22,81,86,15.1,19.26,24.7,0.6433,-0.7656,30.0,32.0,32.0,station
2025-05-23,28.8,29.8,30.9,30.3,24.0,30.0,29.9,31.0,30.6,23.6,28.76,2.77,-0.26,72,99,8.9,7.48,0.5,0.6301,-0.7765,26.6,30.0,30.0,station
2025-05-24,22.3,25.3,26.1,26.9,25.8,23.7,25.4,29.5,27.7,25.5,25.28,1.76,-1.08,83,100,13.9,9.25,0.2,0.6166,-0.7873,23.8,27.0,27.0,station
2025-05-25,27.9,28.4,28.8,29.3,26.4,27.6,28.7,28.4,29.1,24.2,28.16,1.11,0.56,77,86,12.8,21.4,0.0,0.603,-0.7978,26.9,28.0,28.0,station
2025-05-26,28.8,29.7,29.8,30.6,31.4,30.3,30.2,29.7,31.4,28.0,30.06,0.98,0.14,69,46,12.5,24.63,0.0,0.5892,-0.808,28.5,32.0,32.0,station
2025-05-27,23.0,25.1,23.1,24.8,25.3,23.7,25.4,23.2,25.3,25.4,24.26,1.12,-0.34,83,94,17.9,3.27,13.6,0.5752,-0.818,23.5,27.0,27.0,station
2025-05-28,25.7,24.0,25.4,24.5,21.4,26.2,24.6,24.0,27.1,21.2,24.2,1.71,-0.42,82,71,11.9,13.54,0.9,0.561,-0.8278,24.4,26.0,26.0,station
2025-05-29,28.0,28.8,28.9,28.7,28.2,28.5,28.9,30.4,29.2,26.9,28.52,0.4,-0.26,76,21,9.2,23.22,0.0,0.5467,-0.8373,27.8,31.0,31.0,station
2025-05-30,27.8,27.5,23.9,26.2,29.3,27.9,26.8,23.2,27.9,27.3,26.94,2.03,0.32,71,95,14.4,12.94,1.7,0.5322,-0.8466,28.3,29.0,29.0,station
2025-05-31,24.5,22.7,20.9,22.4,24.4,23.4,22.4,21.3,23.4,23.9,22.98,1.51,0.1,90,100,8.8,6.07,8.7,0.5176,-0.8556,22.9,22.0,22.0,station
2025-06-01,22.5,21.9,19.8,20.6,22.4,25.0,21.8,19.1,21.1,23.6,21.44,1.19,-0.68,93,100,11.8,6.25,7.4,0.5028,-0.8644,23.2,22.0,22.0,station
2025-06-02,21.5,22.1,19.1,21.3,22.0,20.8,21.8,19.4,21.0,21.0,21.2,1.22,0.4,88,93,7.9,8.31,5.4,0.4878,-0.8729,23.7,22.0,22.0,station
2025-06-03,23.3,24.0,18.5,22.8,22.7,24.2,24.9,18.9,21.6,23.0,22.26,2.16,-0.26,87,93,4.6,13.01,0.5,0.4728,-0.8812,26.0,26.0,26.0,station
2025-06-04,27.7,26.7,25.0,28.8,26.9,27.7,27.1,23.5,27.4,26.6,27.02,1.4,0.56,82,63,5.8,18.6,0.1,0.4575,-0.8892,27.5,29.0,29.0,station
2025-06-05,30.2,30.3,29.3,30.4,32.7,30.5,29.8,28.5,29.7,30.5,30.58,1.26,0.78,72,33,9.2,21.47,0.2,0.4422,-0.8969,29.8,31.0,31.0,station
2025-06-06,29.8,27.3,26.1,29.3,31.0,30.9,27.4,26.8,30.7,30.3,28.7,1.97,-0.52,81,57,6.0,17.1,0.7,0.4267,-0.9044,29.6,28.0,28.0,station
2025-06-07,30.3,26.7,24.9,27.3,25.9,29.5,26.6,26.8,29.2,25.2,27.02,2.04,-0.44,80,51,14.6,20.07,0.5,0.4111,-0.9116,29.0,29.0,29.0,station
2025-06-08,28.8,29.4,28.1,29.8,28.4,29.5,28.2,26.3,30.0,26.7,28.9,0.7,0.76,78,37,11.4,18.14,0.9,0.3953,-0.9185,28.9,29.0,29.0,station
2025-06-09,26.6,26.8,28.5,28.0,25.9,26.3,26.9,29.2,27.6,25.8,27.16,1.06,0.0,83,36,12.6,19.43,0.9,0.3795,-0.9252,28.2,28.0,28.0,station
2025-06-10,29.9,30.5,29.9,29.5,29.8,29.5,30.5,31.2,29.8,30.8,29.92,0.36,-0.44,83,43,6.0,22.06,0.0,0.3635,-0.9316,29.7,33.0,33.0,station
2025-06-11,32.2,34.0,32.7,33.5,32.0,32.8,33.9,32.5,32.6,33.1,32.88,0.85,-0.1,69,6,7.1,24.84,0.0,0.3474,-0.9377,32.0,36.0,36.0,station
2025-06-12,32.5,34.7,33.4,34.9,33.9,32.5,34.5,33.4,34.1,33.0,33.88,0.98,0.38,65,0,7.7,25.34,0.0,0.3312,-0.9436,32.5,36.0,36.0,station
2025-06-13,33.3,35.4,34.3,35.4,35.5,33.3,35.3,34.4,35.5,34.7,34.78,0.96,0.14,64,2,6.7,25.37,0.0,0.3149,-0.9491,33.2,37.0,37.0,station
2025-06-14,33.3,34.5,34.3,34.6,34.8,34.0,34.7,34.9,31.7,30.2,34.3,0.59,1.2,67,53,14.3,18.07,0.6,0.2986,-0.9544,32.2,35.0,35.0,station
2025-06-15,31.0,31.3,31.1,33.7,34.0,30.4,31.7,29.2,35.2,33.8,32.22,1.5,0.16,68,26,11.9,25.66,0.0,0.2821,-0.9594,30.4,33.0,33.0,station
2025-06-16,33.4,34.7,33.3,35.5,33.9,34.0,34.8,33.1,36.0,36.3,34.16,0.93,-0.68,59,9,8.2,25.5,0.0,0.2656,-0.9641,34.0,37.0,37.0,station
2025-06-17,35.6,36.7,35.0,39.1,37.8,35.4,36.9,34.0,38.7,37.1,36.84,1.66,0.42,60,58,13.4,23.03,0.0,0.2489,-0.9685,35.4,38.0,38.0,station
2025-06-18,30.6,30.9,28.5,32.5,30.0,30.1,31.4,27.5,33.1,31.5,30.5,1.45,-0.22,88,100,17.9,7.33,32.1,0.2322,-0.9727,30.4,33.0,33.0,station
2025-06-19,27.7,26.4,24.2,25.8,25.4,26.6,26.1,25.0,26.1,26.2,25.9,1.29,-0.1,92,98,13.9,11.11,16.4,0.2155,-0.9765,28.3,28.0,28.0,station
2025-06-20,29.1,27.5,24.4,29.7,27.5,28.9,26.0,28.2,29.3,25.3,27.64,2.06,0.1,91,97,8.9,11.19,8.8,0.1986,-0.9801,28.8,31.0,31.0,station
2025-06-21,24.8,24.8,21.7,25.1,26.1,26.8,24.0,23.0,25.3,23.7,24.5,1.65,-0.06,94,99,7.9,6.61,14.0,0.1818,-0.9833,25.1,25.0,25.0,station
2025-06-22,25.4,24.8,27.9,26.5,25.2,26.1,25.9,26.9,25.9,25.7,25.96,1.25,-0.14,94,84,12.6,7.02,5.8,0.1648,-0.9863,23.6,24.0,24.0,station
2025-06-23,29.5,29.8,30.0,30.7,29.7,30.2,30.4,30.1,31.5,29.8,29.94,0.46,-0.46,79,28,8.5,20.4,0.0,0.1478,-0.989,28.9,31.0,31.0,station
2025-06-24,31.1,29.4,29.4,31.9,30.7,29.2,27.7,29.5,27.3,30.2,30.5,1.09,1.72,77,75,18.0,18.7,12.6,0.1308,-0.9914,30.8,32.0,32.0,station
2025-06-25,23.3,22.9,21.9,24.7,22.2,24.7,24.0,22.2,24.6,26.5,23.0,1.1,-1.4,89,100,16.9,9.36,12.9,0.1137,-0.9935,24.5,23.0,23.0,station
2025-06-26,28.4,28.7,28.7,28.2,27.3,26.8,27.8,28.3,28.7,26.5,28.26,0.58,0.64,81,64,5.9,18.62,0.1,0.0966,-0.9953,28.4,31.0,31.0,station
2025-06-27,30.9,31.9,31.9,31.2,29.6,31.0,31.7,31.0,28.7,31.2,31.1,0.95,0.38,74,4,8.5,24.56,0.0,0.0795,-0.9968,31.4,34.0,34.0,station
2025-06-28,30.4,33.5,32.3,33.8,34.1,30.5,33.4,32.3,33.1,32.6,32.82,1.52,0.44,78,24,10.5,23.41,0.7,0.0623,-0.9981,31.8,36.0,36.0,station
2025-06-29,31.1,32.5,32.4,34.2,34.9,32.6,33.3,32.5,33.4,34.6,33.02,1.52,-0.26,77,93,12.9,14.74,1.3,0.0451,-0.999,31.3,33.0,33.0,station
2025-06-30,26.9,27.3,26.5,30.3,28.5,26.0,26.5,27.9,31.8,28.8,27.9,1.54,-0.3,93,83,17.9,9.33,33.3,0.028,-0.9996,26.0,30.0,30.0,station
2025-07-01,30.2,31.5,30.6,30.4,29.0,32.0,31.9,30.6,33.5,29.6,30.34,0.9,-1.18,83,19,12.8,22.88,0.5,0.0108,-0.9999,31.6,32.0,32.0,station
2025-07-02,33.8,34.8,32.2,34.5,32.1,34.2,34.5,33.3,34.1,32.0,33.48,1.27,-0.14,68,64,18.8,24.22,0.0,-0.0065,-1.0,34.4,36.0,36.0,station
2025-07-03,34.1,35.4,34.3,36.2,35.5,34.1,35.1,34.4,35.1,33.7,35.1,0.88,0.62,65,77,15.8,24.0,0.0,-0.0237,-0.9997,34.5,36.0,36.0,station
2025-07-04,35.2,36.7,35.2,36.8,38.1,35.1,36.5,35.1,36.6,36.1,36.4,1.23,0.52,63,20,15.5,24.82,0.0,-0.0408,-0.9992,35.2,38.0,38.0,station
2025-07-05,30.9,32.8,29.6,32.5,32.9,32.7,33.4,29.8,34.8,36.9,31.74,1.44,-1.78,75,19,11.0,22.56,0.4,-0.058,-0.9983,31.9,33.0,33.0,station
2025-07-06,32.3,32.3,29.8,32.0,34.7,33.3,33.0,29.7,33.3,32.3,32.22,1.74,-0.1,77,42,13.6,22.8,2.6,-0.0752,-0.9972,31.9,35.0,35.0,station
2025-07-07,32.6,31.6,29.4,33.4,32.4,32.7,31.3,29.8,32.5,33.0,31.88,1.53,0.02,81,74,10.7,18.81,0.2,-0.0923,-0.9957,32.0,34.0,34.0,station
2025-07-08,30.7,30.3,29.6,30.6,34.1,32.2,30.8,29.5,32.5,29.6,31.06,1.75,0.14,89,96,13.6,14.95,32.0,-0.1094,-0.994,29.9,33.0,33.0,station
2025-07-09,28.4,27.0,26.9,27.1,26.1,27.6,26.9,27.3,27.4,25.2,27.1,0.83,0.22,95,100,4.6,5.98,49.1,-0.1265,-0.992,27.0,26.0,26.0,station
2025-07-10,29.9,30.6,30.4,29.6,29.7,29.6,31.1,27.9,29.6,28.2,30.04,0.44,0.76,89,95,10.6,15.23,28.7,-0.1436,-0.9896,30.4,31.0,31.0,station
2025-07-11,30.7,32.4,32.2,31.5,31.2,30.1,32.3,31.9,31.4,28.9,31.6,0.7,0.68,83,67,8.1,21.82,0.1,-0.1606,-0.987,31.7,35.0,35.0,station
2025-07-12,31.6,33.0,32.3,31.3,32.2,31.6,32.6,32.3,31.2,28.7,32.08,0.66,0.8,84,36,13.1,19.92,5.1,-0.1775,-0.9841,31.5,35.0,35.0,station
2025-07-13,33.2,34.8,32.7,33.7,34.6,32.8,34.4,32.4,33.5,33.7,33.8,0.9,0.44,76,8,6.0,23.35,0.0,-0.1944,-0.9809,33.1,37.0,37.0,station
2025-07-14,34.6,36.7,33.2,36.9,38.0,34.4,36.2,33.5,36.1,37.8,35.88,1.94,0.28,72,5,6.6,24.51,0.0,-0.2113,-0.9774,34.9,38.0,38.0,station
2025-07-15,36.4,37.9,34.7,38.9,39.8,36.2,37.6,34.3,39.2,39.9,37.54,2.03,0.1,66,23,7.1,24.92,0.0,-0.2281,-0.9736,36.3,39.0,39.0,station
2025-07-16,37.3,38.4,35.9,39.5,39.2,37.2,38.5,35.3,40.5,41.2,38.06,1.48,-0.48,64,65,5.8,24.34,0.0,-0.2448,-0.9696,36.9,40.0,40.0,station
2025-07-17,38.1,38.9,35.1,40.2,40.0,38.2,38.8,35.5,40.4,40.3,38.46,2.06,-0.18,58,74,11.0,23.99,0.0,-0.2614,-0.9652,37.2,40.0,40.0,station
2025-07-18,37.4,38.2,33.0,37.5,38.9,37.2,38.3,32.9,38.7,39.4,37.0,2.32,-0.3,65,95,12.7,19.89,0.0,-0.278,-0.9606,36.4,38.0,38.0,station
2025-07-19,33.2,33.4,34.5,33.8,34.6,35.5,34.4,34.9,33.6,34.5,33.9,0.63,-0.68,82,98,10.1,20.07,12.7,-0.2945,-0.9557,32.6,37.0,37.0,station
2025-07-20,31.4,32.3,33.5,29.5,28.6,31.3,31.6,32.4,28.6,29.7,31.06,2.01,0.34,88,95,13.8,16.01,16.9,-0.3109,-0.9505,31.2,31.0,31.0,station
2025-07-21,31.1,31.7,29.1,30.1,31.1,30.6,32.0,28.6,29.7,32.6,30.62,1.03,-0.08,93,97,12.4,11.26,22.0,-0.3272,-0.945,30.5,32.0,32.0,station
2025-07-22,31.1,32.6,32.5,31.2,32.2,32.7,32.9,33.1,31.8,30.1,31.92,0.72,-0.2,91,98,7.4,15.15,5.9,-0.3434,-0.9392,31.0,34.0,34.0,station
2025-07-23,30.7,31.3,30.9,29.5,29.3,31.9,31.4,32.8,28.7,30.8,30.34,0.89,-0.78,91,98,13.6,15.52,29.8,-0.3595,-0.9332,30.7,34.0,34.0,station
2025-07-24,31.4,32.8,30.5,31.4,30.0,31.3,33.0,31.5,30.5,30.3,31.22,1.07,-0.1,83,73,19.0,20.77,6.4,-0.3755,-0.9268,31.9,34.0,34.0,station
2025-07-25,34.2,35.2,32.6,35.6,36.4,33.8,35.3,32.8,35.4,35.8,34.8,1.46,0.18,73,84,14.5,23.05,0.0,-0.3914,-0.9202,34.0,37.0,37.0,station
2025-07-26,35.0,35.8,33.9,34.6,38.3,34.7,35.7,34.0,36.2,37.7,35.52,1.7,-0.14,69,59,9.8,23.68,0.0,-0.4071,-0.9134,35.1,37.0,37.0,station
2025-07-27,34.9,35.0,34.2,34.9,37.3,34.3,34.8,34.4,34.9,35.8,35.26,1.18,0.42,79,20,11.2,22.36,7.5,-0.4228,-0.9062,33.8,37.0,37.0,station
2025-07-28,36.0,36.7,34.6,35.0,36.2,35.4,35.3,34.0,35.4,33.6,35.7,0.87,0.96,69,24,8.8,23.35,0.0,-0.4383,-0.8988,35.2,37.0,37.0,station
2025-07-29,36.3,37.3,34.8,36.6,38.6,35.3,36.6,33.8,36.4,38.0,36.72,1.39,0.7,72,29,8.3,22.49,0.0,-0.4537,-0.8912,36.0,38.0,38.0,station
2025-07-30,36.4,36.3,35.2,35.5,36.5,35.9,33.0,35.1,36.9,38.7,35.98,0.59,0.06,71,21,7.2,21.15,1.6,-0.469,-0.8832,35.0,38.0,38.0,station
2025-07-31,37.2,37.6,35.2,38.0,36.9,37.6,37.8,35.3,38.7,38.9,36.98,1.08,-0.68,61,4,9.7,24.24,0.0,-0.4841,-0.875,36.7,39.0,39.0,station
2025-08-01,37.6,38.4,35.4,39.1,38.9,38.2,38.5,35.6,39.0,38.2,37.88,1.5,-0.02,55,7,9.4,23.64,0.1,-0.4991,-0.8666,37.0,39.0,39.0,station
2025-08-02,38.6,39.2,36.2,39.2,39.9,39.2,39.4,35.9,39.9,39.7,38.62,1.43,-0.2,53,3,11.5,24.3,0.0,-0.5139,-0.8578,37.6,39.0,39.0,station
2025-08-03,40.6,40.2,36.4,39.6,41.0,40.4,40.2,36.3,40.2,41.2,39.56,1.84,-0.1,48,13,10.7,24.67,0.0,-0.5286,-0.8489,39.1,40.0,40.0,station
2025-08-04,40.4,40.9,36.9,40.5,40.8,40.8,41.2,36.9,41.1,42.1,39.9,1.69,-0.52,48,96,13.5,24.09,0.0,-0.5431,-0.8397,39.3,41.0,41.0,station
2025-08-05,38.9,40.0,37.4,37.8,36.2,39.5,40.1,37.0,38.2,36.0,38.06,1.45,-0.1,59,98,9.1,19.49,0.6,-0.5575,-0.8302,38.0,40.0,40.0,station
2025-08-06,34.5,35.2,33.9,32.7,35.0,34.1,36.6,33.1,32.6,30.6,34.26,1.01,0.86,79,100,10.3,13.77,27.7,-0.5717,-0.8205,34.8,35.0,35.0,station
2025-08-07,33.7,34.6,32.7,34.4,32.6,33.8,34.7,34.6,32.6,31.3,33.6,0.93,0.2,87,99,11.7,14.16,22.2,-0.5857,-0.8105,31.0,36.0,36.0,station
2025-08-08,35.1,36.9,35.0,36.2,34.4,36.6,36.7,34.0,35.7,35.6,35.52,1.01,-0.2,76,100,11.2,19.21,4.9,-0.5996,-0.8003,35.2,37.0,37.0,station
2025-08-09,35.4,36.8,35.0,37.4,38.4,35.7,36.9,35.3,37.0,35.7,36.6,1.41,0.48,70,100,9.9,16.84,0.5,-0.6132,-0.7899,34.6,38.0,38.0,station
2025-08-10,34.1,35.1,34.4,35.5,35.9,36.5,34.6,35.1,38.7,36.4,35.0,0.75,-1.26,84,100,12.7,13.41,14.4,-0.6267,-0.7792,32.8,37.0,37.0,station
2025-08-11,27.3,26.7,24.8,27.8,25.5,27.0,27.0,26.0,28.9,25.9,26.42,1.25,-0.54,97,100,9.2,3.48,39.1,-0.64,-0.7683,26.3,27.0,27.0,station
2025-08-12,30.5,30.1,28.9,31.9,28.6,28.3,29.2,26.6,30.5,26.6,30.0,1.33,1.76,84,66,10.5,15.58,0.9,-0.6532,-0.7572,30.3,31.0,31.0,station
2025-08-13,32.5,33.7,31.2,33.1,31.8,32.2,33.4,31.5,33.4,30.6,32.46,1.0,0.24,75,43,7.4,21.94,0.3,-0.6661,-0.7459,32.4,35.0,35.0,station
2025-08-14,32.8,34.3,31.9,34.4,36.5,34.1,34.3,31.6,34.3,32.3,33.98,1.76,0.66,67,24,10.6,22.13,0.0,-0.6788,-0.7343,33.4,36.0,36.0,station
2025-08-15,29.7,31.5,32.4,32.4,33.8,32.5,31.3,32.6,32.2,35.7,31.96,1.51,-0.9,72,67,15.4,16.72,0.8,-0.6914,-0.7225,31.2,33.0,33.0,station
2025-08-16,29.8,30.7,30.4,28.0,30.6,30.7,32.2,32.8,27.4,34.1,29.9,1.12,-1.54,64,81,16.9,19.75,0.3,-0.7037,-0.7105,32.6,31.0,31.0,station
2025-08-17,36.5,35.7,32.8,35.4,32.7,36.1,35.4,33.5,36.0,36.5,34.62,1.75,-0.88,59,36,13.6,22.67,0.0,-0.7158,-0.6983,36.4,37.0,37.0,station
2025-08-18,35.4,36.3,33.9,36.6,33.9,36.5,35.8,33.6,36.9,32.8,35.22,1.28,0.1,51,11,15.3,22.02,0.0,-0.7277,-0.6859,36.3,36.0,36.0,station
2025-08-19,35.0,35.5,33.6,35.6,37.2,35.1,34.5,33.3,35.0,35.3,35.38,1.29,0.74,51,55,15.7,20.11,0.1,-0.7394,-0.6733,36.1,35.0,35.0,station
2025-08-20,35.9,36.1,33.4,36.9,33.9,35.9,35.9,33.8,36.3,37.4,35.24,1.51,-0.62,53,13,18.0,22.46,0.2,-0.7509,-0.6605,37.3,35.0,35.0,station
2025-08-21,33.1,34.8,32.9,34.0,33.7,32.5,34.9,33.0,34.8,29.6,33.7,0.76,0.74,67,60,12.1,18.32,11.9,-0.7621,-0.6474,34.1,36.0,36.0,station
2025-08-22,30.6,33.4,33.1,31.9,28.9,30.9,33.5,32.9,30.7,25.5,31.58,1.86,0.88,73,90,15.1,18.15,10.0,-0.7731,-0.6342,34.3,34.0,34.0,station
2025-08-23,31.8,32.4,31.8,31.5,32.1,31.1,32.8,32.9,33.0,30.0,31.92,0.34,-0.04,70,91,12.2,17.96,5.1,-0.7839,-0.6208,33.7,32.0,32.0,station
2025-08-24,33.9,34.3,31.9,32.0,32.6,33.2,33.3,31.6,34.3,33.0,32.94,1.1,-0.14,80,92,11.1,17.02,4.3,-0.7945,-0.6073,31.8,36.0,36.0,station
2025-08-25,37.3,37.1,35.6,37.3,37.5,38.6,37.2,35.7,36.9,37.6,36.96,0.77,-0.24,56,78,16.5,21.9,0.0,-0.8048,-0.5935,37.6,38.0,38.0,station
2025-08-26,38.2,38.2,35.4,37.9,38.5,38.2,38.1,35.2,38.7,38.5,37.64,1.27,-0.1,43,79,19.6,23.0,0.0,-0.8149,-0.5796,38.4,39.0,39.0,station
2025-08-27,39.3,38.7,35.7,38.3,38.8,38.7,38.3,35.4,38.5,38.9,38.16,1.42,0.2,43,62,17.4,22.22,0.0,-0.8248,-0.5655,38.9,39.0,39.0,station
2025-08-28,38.9,38.6,35.5,37.4,38.1,38.8,38.4,35.3,38.2,38.2,37.7,1.35,-0.08,42,52,16.9,21.19,0.2,-0.8344,-0.5512,39.2,39.0,39.0,station
2025-08-29,33.8,32.7,27.4,32.4,31.8,33.6,32.6,27.6,35.4,34.3,31.62,2.47,-1.08,59,57,16.3,20.94,0.1,-0.8437,-0.5368,33.4,34.0,34.0,station
2025-08-30,32.5,31.9,28.3,29.4,32.4,32.7,31.1,27.7,30.7,30.7,30.9,1.92,0.32,66,77,13.1,13.04,6.4,-0.8528,-0.5222,28.9,27.0,27.0,station
2025-08-31,31.6,30.0,29.2,27.0,30.8,29.7,28.7,29.2,29.2,29.5,29.72,1.76,0.46,64,73,12.3,15.29,0.4,-0.8617,-0.5074,30.3,30.0,30.0,station
2025-09-01,33.5,33.9,31.1,31.9,32.7,31.6,33.6,31.8,33.1,33.4,32.62,1.15,-0.08,58,56,10.6,20.3,0.0,-0.8703,-0.4925,34.6,33.0,33.0,station
2025-09-02,36.0,37.7,33.5,36.6,36.5,36.0,37.2,34.0,36.4,36.7,36.06,1.56,0.0,53,70,16.3,19.95,1.1,-0.8786,-0.4775,38.4,39.0,39.0,station
2025-09-03,34.7,35.0,31.5,34.0,34.9,35.9,35.0,30.6,34.5,36.0,34.02,1.46,-0.38,69,94,9.8,16.07,0.3,-0.8867,-0.4623,34.7,34.0,34.0,station
2025-09-04,36.0,36.0,33.1,33.8,33.8,36.6,35.9,33.3,34.7,37.0,34.54,1.36,-0.96,67,99,8.9,16.79,0.0,-0.8945,-0.447,36.3,36.0,36.0,station
2025-09-05,34.0,36.1,33.5,34.6,35.1,37.2,36.2,33.5,36.3,34.2,34.66,1.01,-0.82,67,100,20.2,14.41,1.8,-0.9021,-0.4315,35.1,35.0,35.0,station
2025-09-06,27.9,23.9,22.9,23.7,22.9,25.0,24.3,25.1,24.6,23.6,24.26,2.09,-0.26,87,97,15.5,6.25,9.2,-0.9094,-0.4159,23.7,22.0,22.0,station
2025-09-07,31.0,30.7,28.9,28.7,27.8,31.9,30.3,28.2,30.4,27.3,29.42,1.37,-0.2,74,47,12.7,21.0,0.0,-0.9164,-0.4002,31.3,32.0,32.0,station
2025-09-08,28.9,25.7,26.8,23.7,24.0,29.2,27.0,26.2,25.1,27.0,25.82,2.14,-1.08,83,84,10.8,14.61,10.0,-0.9232,-0.3844,26.9,25.0,25.0,station
2025-09-09,30.5,29.7,28.1,28.9,28.6,30.5,29.5,28.4,27.7,28.6,29.16,0.95,0.22,80,62,8.5,15.85,0.4,-0.9296,-0.3685,29.4,29.0,29.0,station
2025-09-10,30.4,30.7,30.2,28.7,32.2,30.0,30.9,30.4,30.0,29.9,30.44,1.25,0.2,83,97,8.1,16.34,1.8,-0.9358,-0.3524,30.5,32.0,32.0,station
2025-09-11,32.4,32.7,31.6,31.1,33.9,33.2,32.3,30.8,31.9,33.9,32.34,1.08,-0.08,77,78,10.1,18.66,0.1,-0.9418,-0.3363,32.8,33.0,33.0,station
2025-09-12,26.8,27.1,25.2,26.3,26.4,26.9,26.9,27.6,26.1,28.8,26.36,0.72,-0.9,96,99,11.8,3.88,28.2,-0.9474,-0.32,26.4,28.0,28.0,station
2025-09-13,30.2,29.0,28.8,30.2,27.6,31.2,30.8,30.9,32.1,30.5,29.16,1.09,-1.94,86,55,7.8,17.21,5.0,-0.9528,-0.3037,29.6,28.0,28.0,station
2025-09-14,31.7,32.2,31.4,32.0,30.2,31.9,32.4,32.2,33.0,30.7,31.5,0.79,-0.54,80,11,6.3,19.11,0.6,-0.9579,-0.2873,31.4,33.0,33.0,station
2025-09-15,32.1,33.3,31.7,33.0,32.8,32.2,33.6,31.9,32.5,30.3,32.58,0.66,0.48,74,8,10.5,19.73,0.2,-0.9627,-0.2707,32.1,34.0,34.0,station
2025-09-16,32.3,33.7,32.3,32.9,35.5,32.4,33.3,31.9,33.2,33.6,33.34,1.34,0.46,74,84,11.3,15.81,5.6,-0.9672,-0.2541,32.4,35.0,35.0,station
2025-09-17,29.2,29.3,28.1,29.2,29.6,31.0,29.8,29.9,31.0,25.2,29.08,0.57,-0.3,89,97,10.1,9.13,21.7,-0.9714,-0.2375,28.9,32.0,32.0,station
2025-09-18,31.1,29.9,28.9,28.9,27.1,32.1,30.2,27.5,32.1,31.2,29.18,1.47,-1.44,78,91,20.7,13.64,1.8,-0.9753,-0.2207,31.2,35.0,35.0,station
2025-09-19,24.9,25.0,22.8,24.0,24.0,26.4,23.8,22.4,26.3,23.8,24.14,0.89,-0.4,90,98,13.0,5.71,26.6,-0.979,-0.2039,25.2,24.0,24.0,station
2025-09-20,26.3,25.7,24.1,25.1,23.1,27.9,25.9,24.9,24.4,26.5,24.86,1.28,-1.06,84,84,13.2,10.22,3.2,-0.9824,-0.187,27.2,25.0,25.0,station
2025-09-21,28.9,26.1,26.4,26.1,25.5,25.9,24.5,23.6,24.9,25.5,26.6,1.33,1.72,74,95,13.0,10.34,4.7,-0.9854,-0.1701,28.9,29.0,29.0,station
2025-09-22,24.3,23.3,22.8,24.3,25.6,23.4,24.4,22.7,23.8,21.2,24.06,1.08,0.96,83,100,9.5,6.33,31.1,-0.9882,-0.1531,24.8,26.0,26.0,station
2025-09-23,22.9,22.1,20.7,21.4,20.3,23.0,22.2,20.4,22.3,20.8,21.48,1.05,-0.26,94,96,12.2,4.47,6.3,-0.9907,-0.1361,22.1,22.0,22.0,station
2025-09-24,26.5,26.5,25.3,26.7,25.5,27.0,26.6,25.3,27.1,26.1,26.1,0.65,-0.32,82,58,7.9,14.1,0.1,-0.9929,-0.1191,26.8,27.0,27.0,station
2025-09-25,27.6,26.5,26.3,25.5,27.0,27.2,25.6,27.3,24.6,27.2,26.58,0.79,0.2,83,85,7.0,11.93,1.6,-0.9948,-0.102,27.1,28.0,28.0,station
2025-09-26,25.5,24.1,21.7,24.0,26.8,27.3,24.5,23.7,24.0,24.6,24.42,1.9,-0.4,90,100,7.1,6.5,10.3,-0.9964,-0.0848,23.6,25.0,25.0,station
2025-09-27,29.9,29.2,28.2,29.4,31.8,30.7,29.4,28.3,29.0,32.8,29.7,1.33,-0.34,80,77,16.9,16.98,2.2,-0.9977,-0.0677,30.3,32.0,32.0,station
2025-09-28,29.2,29.2,29.5,30.1,32.9,29.8,28.8,28.2,28.9,32.8,30.18,1.56,0.48,84,79,14.0,15.85,6.4,-0.9987,-0.0505,29.4,32.0,32.0,station
2025-09-29,26.1,25.6,25.2,24.1,25.4,28.3,26.2,24.3,24.5,25.0,25.28,0.74,-0.38,88,91,18.8,9.28,12.1,-0.9994,-0.0333,24.6,25.0,25.0,station
2025-09-30,26.3,26.0,26.2,25.5,25.2,25.4,25.1,25.9,24.8,22.4,25.84,0.47,1.12,86,92,13.4,10.09,0.8,-0.9999,-0.0161,26.8,26.0,26.0,station
2025-10-01,31.7,29.0,28.6,28.3,32.9,32.0,29.4,27.6,28.5,31.3,30.1,2.07,0.34,82,63,14.1,16.21,2.5,-1.0,0.0011,31.1,32.0,32.0,station
2025-10-02,27.8,26.5,25.7,27.1,30.5,29.2,26.8,26.2,29.3,32.5,27.52,1.84,-1.28,86,97,13.2,10.48,17.9,-0.9998,0.0183,27.2,27.0,27.0,station
2025-10-03,26.7,26.2,23.9,26.2,24.1,29.0,26.9,23.3,28.5,26.5,25.42,1.31,-1.42,88,90,7.9,9.95,31.3,-0.9994,0.0355,27.8,26.0,26.0,station
2025-10-04,28.4,27.3,28.0,26.9,27.6,30.0,28.1,27.1,28.2,27.8,27.64,0.59,-0.6,90,77,9.5,12.15,59.2,-0.9986,0.0527,28.4,26.0,26.0,station
2025-10-05,30.8,30.6,31.7,30.4,32.7,32.3,29.9,31.5,29.5,31.4,31.24,0.96,0.32,85,89,12.2,16.1,0.6,-0.9976,0.0698,30.8,30.0,30.0,station
2025-10-06,31.2,30.5,30.6,30.2,29.8,32.8,30.6,31.3,31.6,32.0,30.46,0.52,-1.2,82,61,11.3,16.66,0.0,-0.9962,0.087,30.8,31.0,31.0,station
2025-10-07,29.0,29.0,30.7,26.9,31.8,30.6,29.0,30.8,28.4,31.2,29.48,1.87,-0.52,87,78,6.5,13.6,0.4,-0.9946,0.1041,29.4,31.0,31.0,station
2025-10-08,31.6,31.4,31.2,30.4,32.4,31.6,31.9,32.2,30.3,31.9,31.4,0.72,-0.18,74,58,17.9,16.98,0.0,-0.9926,0.1212,31.7,34.0,34.0,station
2025-10-09,32.4,33.0,32.2,32.4,34.9,32.7,32.6,31.7,31.7,34.7,32.98,1.11,0.3,60,13,15.6,16.98,0.8,-0.9904,0.1383,32.4,35.0,35.0,station
2025-10-10,32.7,33.5,32.7,33.7,35.5,33.0,33.1,32.9,32.6,35.6,33.62,1.15,0.18,58,9,15.9,17.24,0.2,-0.9879,0.1553,33.2,36.0,36.0,station
2025-10-11,32.6,33.0,32.1,33.1,35.5,32.4,32.4,32.0,33.5,35.4,33.26,1.31,0.12,66,13,12.6,16.65,0.4,-0.9851,0.1722,32.2,34.0,34.0,station
2025-10-12,27.9,26.5,25.6,27.0,31.6,27.7,27.2,27.8,31.7,32.9,27.72,2.32,-1.74,82,35,19.4,15.38,0.5,-0.9819,0.1892,27.9,27.0,27.0,station
2025-10-13,20.4,20.1,19.3,19.4,18.8,21.3,19.9,18.5,19.2,20.3,19.6,0.64,-0.24,89,90,13.3,3.94,15.3,-0.9785,0.206,18.7,19.0,19.0,station
2025-10-14,22.7,20.8,19.2,21.9,20.5,23.4,21.4,18.6,21.6,19.8,21.02,1.34,0.06,84,92,10.3,7.56,4.0,-0.9749,0.2228,23.0,21.0,21.0,station
2025-10-15,23.3,22.8,20.6,22.1,21.8,23.2,23.0,23.1,22.4,21.8,22.12,1.03,-0.58,88,71,10.9,7.22,44.7,-0.9709,0.2396,23.7,21.0,21.0,station
2025-10-16,26.0,25.3,25.1,23.9,24.5,27.8,25.2,24.0,25.6,24.2,24.96,0.8,-0.4,83,68,17.4,11.61,6.9,-0.9666,0.2562,26.6,28.0,28.0,station
2025-10-17,22.9,22.7,21.4,22.2,21.8,23.8,22.4,22.2,22.0,21.6,22.2,0.62,-0.2,83,99,18.5,9.21,19.7,-0.9621,0.2728,23.6,24.0,24.0,station
2025-10-18,19.3,20.0,18.1,18.1,17.7,19.9,19.9,18.2,20.4,17.3,18.64,0.97,-0.5,86,100,7.9,3.54,7.3,-0.9572,0.2893,19.7,19.0,19.0,station
2025-10-19,19.6,20.0,17.8,18.7,18.3,19.7,20.1,17.6,18.2,17.5,18.88,0.91,0.26,94,100,7.2,3.29,4.6,-0.9521,0.3057,19.7,19.0,19.0,station
2025-10-20,17.7,18.3,17.2,17.9,16.6,18.6,18.5,16.7,18.4,16.7,17.54,0.66,-0.24,88,100,12.5,2.67,7.8,-0.9467,0.3221,18.4,18.0,18.0,station
2025-10-21,16.7,16.5,14.6,15.9,15.2,16.7,16.9,14.5,15.7,15.8,15.78,0.88,-0.14,77,100,12.4,5.37,1.9,-0.941,0.3383,17.4,18.0,18.0,station
2025-10-22,19.3,18.9,17.5,17.7,18.0,19.1,18.3,18.1,17.1,16.4,18.28,0.78,0.48,64,79,8.9,11.91,0.0,-0.9351,0.3545,19.8,21.0,21.0,station
2025-10-23,20.3,20.5,20.6,19.7,19.3,21.3,20.0,17.2,19.2,17.6,20.08,0.56,1.02,66,64,9.7,12.98,0.0,-0.9288,0.3705,19.5,20.0,20.0,station
2025-10-24,19.7,17.8,18.1,16.7,16.2,18.7,18.0,17.6,16.8,16.0,17.7,1.36,0.28,68,100,9.7,3.52,0.2,-0.9223,0.3864,16.8,16.0,16.0,station
2025-10-25,16.8,16.6,14.6,15.6,15.0,16.5,17.0,13.9,16.0,14.8,15.72,0.97,0.08,82,97,8.9,8.49,4.6,-0.9155,0.4022,17.6,16.0,16.0,station
2025-10-26,17.0,17.6,14.6,16.0,15.8,17.4,17.9,16.2,16.2,15.1,16.2,1.16,-0.36,85,99,5.3,5.36,1.2,-0.9085,0.4179,17.5,17.0,17.0,station
2025-10-27,19.6,19.0,16.5,18.7,17.5,17.5,19.7,17.0,16.4,16.6,18.26,1.25,0.82,85,60,6.2,11.67,4.0,-0.9012,0.4335,18.5,18.0,18.0,station
2025-10-28,21.5,21.5,20.5,20.8,20.8,21.9,21.8,20.1,20.4,19.8,21.02,0.45,0.22,75,26,9.1,14.1,0.0,-0.8936,0.4489,21.1,23.0,23.0,station
2025-10-29,16.6,16.8,17.1,16.8,14.6,17.4,17.2,17.2,16.9,16.0,16.38,1.01,-0.56,83,100,9.9,2.32,3.7,-0.8857,0.4642,16.8,18.0,18.0,station
2025-10-30,19.4,19.4,19.8,18.8,17.9,19.7,19.7,19.1,18.6,18.3,19.06,0.74,-0.02,88,94,5.9,8.06,1.4,-0.8776,0.4794,18.9,19.0,19.0,station
2025-10-31,17.3,18.4,17.5,18.2,16.2,16.7,17.5,18.6,16.0,17.9,17.52,0.87,0.18,86,97,8.1,3.82,2.6,-0.8692,0.4944,17.8,18.0,18.0,station
2025-11-01,15.4,18.0,15.0,15.7,15.6,15.9,18.6,15.3,16.0,16.1,15.94,1.18,-0.44,95,98,5.4,2.98,5.3,-0.8606,0.5093,15.4,17.0,17.0,station
2025-11-02,18.5,19.0,18.6,17.6,17.7,18.0,19.0,18.2,16.1,17.4,18.28,0.61,0.54,87,100,5.1,8.09,0.0,-0.8517,0.524,18.7,19.0,19.0,station
2025-11-03,16.2,18.3,18.1,16.0,14.1,15.3,16.9,16.2,15.1,14.4,16.54,1.72,0.96,90,96,6.4,6.0,3.9,-0.8426,0.5386,17.7,17.0,17.0,station
2025-11-04,20.0,19.6,19.9,18.7,19.4,19.9,20.1,19.8,19.1,18.7,19.52,0.52,0.0,82,48,9.0,11.96,0.3,-0.8332,0.553,19.5,22.0,22.0,station
2025-11-05,18.0,18.1,16.3,18.0,18.6,17.3,17.9,16.4,17.2,17.2,17.8,0.87,0.6,73,89,12.8,5.21,0.0,-0.8235,0.5672,18.8,18.0,18.0,station
2025-11-06,16.4,17.2,14.4,16.7,17.2,16.7,17.2,14.7,16.4,16.5,16.38,1.16,0.08,86,100,10.2,3.62,3.3,-0.8137,0.5813,17.6,17.0,17.0,station
2025-11-07,16.9,17.4,15.2,15.6,16.5,17.0,17.3,14.7,15.8,16.6,16.32,0.91,0.04,93,94,8.6,3.27,6.0,-0.8035,0.5952,17.4,17.0,17.0,station
2025-11-08,17.5,18.7,15.6,15.8,15.4,16.8,18.0,15.3,15.9,16.2,16.6,1.44,0.16,87,100,9.0,5.23,1.1,-0.7932,0.609,18.9,17.0,17.0,station
2025-11-09,15.7,17.0,15.1,16.0,15.4,16.1,17.3,14.5,14.9,14.9,15.84,0.73,0.3,95,100,5.6,2.38,7.0,-0.7826,0.6225,16.7,16.0,16.0,station
2025-11-10,17.4,17.1,14.3,15.9,15.5,15.9,17.0,13.9,15.5,14.5,16.04,1.26,0.68,85,100,7.0,3.91,2.6,-0.7718,0.6359,17.3,17.0,17.0,station
2025-11-11,18.5,17.7,15.2,15.0,17.4,19.7,18.5,14.5,15.7,15.5,16.76,1.57,-0.02,83,92,5.1,5.94,0.1,-0.7607,0.6491,17.7,17.0,17.0,station
2025-11-12,17.9,18.4,18.6,16.5,18.8,17.9,18.2,17.2,15.8,18.8,18.04,0.92,0.46,90,100,8.5,4.48,1.6,-0.7494,0.6621,17.7,18.0,18.0,station
2025-11-13,18.9,19.9,19.3,15.9,18.7,19.5,19.0,18.2,15.0,19.4,18.54,1.55,0.32,86,86,6.1,6.88,0.5,-0.7379,0.6749,18.7,18.0,18.0,station
2025-11-14,18.9,17.7,17.4,15.1,17.6,18.2,17.7,17.4,14.4,18.2,17.34,1.38,0.16,92,100,5.8,2.38,5.9,-0.7262,0.6875,17.0,17.0,17.0,station
2025-11-15,18.0,17.5,15.0,16.1,18.2,18.2,17.5,15.5,15.4,15.8,16.96,1.37,0.48,91,72,11.5,4.45,2.6,-0.7143,0.6998,16.9,16.0,16.0,station
2025-11-16,19.1,18.0,16.1,15.7,18.7,19.3,17.9,15.2,15.4,17.2,17.52,1.54,0.52,87,98,7.7,5.75,2.5,-0.7021,0.712,18.8,17.0,17.0,station
2025-11-17,14.9,16.4,14.2,14.4,14.2,15.3,16.1,13.9,14.3,14.0,14.82,0.93,0.1,88,100,20.8,2.92,16.7,-0.6898,0.724,15.4,15.0,15.0,station
2025-11-18,9.0,11.4,9.0,10.8,7.8,9.1,11.2,9.2,10.4,8.0,9.6,1.47,0.02,87,86,10.4,1.97,6.4,-0.6772,0.7358,10.0,9.0,9.0,station
2025-11-19,12.5,12.8,11.8,10.7,10.0,12.3,13.1,12.3,10.3,9.2,11.56,1.19,0.12,76,53,8.2,12.18,0.0,-0.6645,0.7473,12.1,13.0,13.0,station
2025-11-20,13.9,14.9,14.0,13.8,12.2,14.5,14.8,13.9,13.7,11.1,13.76,0.98,0.16,68,19,8.7,12.84,0.0,-0.6515,0.7586,14.2,16.0,16.0,station
2025-11-21,15.4,16.1,15.0,14.7,13.4,14.8,16.0,15.0,13.6,13.0,14.92,1.0,0.44,71,56,6.5,12.69,0.0,-0.6384,0.7697,15.4,17.0,17.0,station
2025-11-22,12.1,13.9,13.3,12.9,12.0,11.7,14.1,15.1,12.9,11.7,12.84,0.8,-0.26,84,100,4.8,2.41,2.0,-0.625,0.7806,11.9,12.0,12.0,station
2025-11-23,12.6,14.4,13.4,13.2,12.2,11.8,15.2,15.0,12.6,12.7,13.16,0.84,-0.3,92,86,9.2,5.34,2.7,-0.6115,0.7912,12.4,12.0,12.0,station
2025-11-24,16.7,16.1,16.7,15.3,14.7,17.5,17.0,16.5,15.7,14.5,15.9,0.88,-0.34,83,63,14.7,9.08,0.3,-0.5978,0.8016,16.1,16.0,16.0,station
2025-11-25,15.4,16.2,15.4,15.0,12.7,15.8,16.7,16.2,14.7,13.1,14.94,1.33,-0.36,75,22,12.4,10.8,0.0,-0.584,0.8118,15.0,16.0,16.0,station
2025-11-26,16.4,16.4,15.7,14.9,12.9,14.8,16.8,15.9,14.6,12.3,15.26,1.46,0.38,68,6,10.6,12.3,0.0,-0.5699,0.8217,16.5,16.0,16.0,station
2025-11-27,16.3,16.7,16.2,16.6,15.5,16.0,17.2,16.2,15.9,14.6,16.26,0.47,0.28,76,8,9.3,12.27,0.0,-0.5557,0.8314,16.8,19.0,19.0,station
2025-11-28,17.8,16.9,16.8,17.5,13.8,18.0,16.5,16.7,16.7,13.3,16.56,1.6,0.32,77,1,8.2,12.63,0.0,-0.5413,0.8408,17.9,18.0,18.0,station
2025-11-29,15.5,16.5,17.0,17.1,15.4,16.1,16.5,17.0,17.1,14.7,16.3,0.81,0.02,82,19,4.8,11.62,0.0,-0.5268,0.85,16.3,17.0,17.0,station
2025-11-30,16.9,17.5,15.6,16.8,16.4,17.0,17.1,17.0,17.4,15.8,16.64,0.7,-0.22,77,33,9.6,11.31,0.0,-0.5121,0.859,17.8,17.0,17.0,station
2025-12-01,18.7,17.8,17.5,17.8,18.1,18.8,18.2,18.3,18.7,17.3,17.98,0.45,-0.28,79,16,12.6,11.72,0.0,-0.4972,0.8676,18.0,18.0,18.0,station
2025-12-02,12.6,14.3,15.7,13.8,14.1,13.2,14.7,15.1,14.9,13.8,14.1,1.11,-0.24,90,100,8.2,2.67,4.1,-0.4822,0.8761,14.0,14.0,14.0,station
2025-12-03,12.0,13.2,11.5,12.4,11.0,11.6,13.3,11.3,12.4,11.0,12.02,0.84,0.1,74,100,14.0,1.97,4.0,-0.4671,0.8842,12.4,12.0,12.0,station
2025-12-04,11.7,12.1,11.2,11.2,10.9,11.5,12.3,10.2,11.2,10.9,11.42,0.48,0.2,72,96,10.5,3.24,0.1,-0.4518,0.8921,11.3,11.0,11.0,station
2025-12-05,14.0,13.7,13.7,13.0,13.2,14.4,14.3,14.8,13.0,12.9,13.52,0.41,-0.36,81,64,6.7,8.04,0.0,-0.4364,0.8998,13.7,13.0,13.0,station
2025-12-06,14.7,13.1,14.2,13.0,10.8,12.9,12.4,12.5,13.0,11.9,13.16,1.5,0.62,79,49,9.0,8.09,0.3,-0.4208,0.9071,14.3,14.0,14.0,station
2025-12-07,13.9,14.2,15.0,13.5,13.8,14.1,14.4,14.9,14.4,13.5,14.08,0.57,-0.18,83,68,8.8,6.07,0.5,-0.4052,0.9142,14.2,15.0,15.0,station
2025-12-08,16.5,15.3,16.5,15.8,12.7,17.3,14.9,13.4,14.8,14.6,15.36,1.57,0.36,81,61,8.0,6.98,0.0,-0.3894,0.9211,16.2,13.0,13.0,station
2025-12-09,14.3,13.5,13.6,12.9,12.1,15.0,13.8,13.0,13.8,11.8,13.28,0.83,-0.2,83,93,7.6,2.87,0.2,-0.3735,0.9276,13.9,12.0,12.0,station
2025-12-10,16.6,15.9,15.7,14.1,12.3,16.8,15.2,14.6,14.6,14.3,14.92,1.73,-0.18,83,85,8.6,5.72,0.3,-0.3575,0.9339,15.0,15.0,15.0,station
2025-12-11,18.0,16.7,16.6,16.7,13.4,18.8,17.0,17.0,14.9,13.1,16.28,1.71,0.12,80,81,9.2,10.41,0.0,-0.3413,0.9399,17.0,14.0,14.0,station
2025-12-12,13.2,14.9,14.6,14.1,11.3,13.1,15.3,14.6,14.0,11.0,13.62,1.45,0.02,90,99,14.3,2.74,10.0,-0.3251,0.9457,13.9,13.0,13.0,station
2025-12-13,11.3,11.8,11.7,10.9,7.4,11.2,11.6,9.7,11.6,7.4,10.62,1.83,0.32,70,97,12.7,3.72,1.0,-0.3088,0.9511,10.4,10.0,10.0,station
2025-12-14,12.4,12.3,10.7,10.9,10.2,12.6,12.9,10.8,10.8,7.5,11.3,0.99,0.38,76,87,7.7,4.55,0.0,-0.2924,0.9563,10.9,11.0,11.0,station
2025-12-15,12.1,11.9,12.3,10.5,9.9,13.4,12.5,12.1,11.4,9.6,11.34,1.07,-0.46,83,87,6.7,4.46,0.3,-0.2759,0.9612,11.8,11.0,11.0,station
2025-12-16,12.6,12.6,13.0,10.7,9.1,15.2,12.8,10.9,11.0,9.8,11.6,1.66,-0.34,88,100,5.6,3.32,0.2,-0.2593,0.9658,11.6,11.0,11.0,station
2025-12-17,15.1,14.0,14.6,12.6,12.5,14.1,13.9,15.1,12.7,12.2,13.76,1.17,0.16,87,85,8.5,4.92,0.1,-0.2427,0.9701,13.5,14.0,14.0,station
2025-12-18,17.3,15.7,16.5,15.3,13.9,17.4,15.5,16.7,15.4,12.5,15.74,1.28,0.24,84,28,7.8,10.99,0.0,-0.226,0.9741,15.6,16.0,16.0,station
2025-12-19,13.4,13.9,15.7,13.8,11.2,16.4,14.2,15.6,14.0,10.7,13.6,1.61,-0.58,88,89,13.5,4.47,0.0,-0.2092,0.9779,14.9,13.0,13.0,station
2025-12-20,11.3,12.7,13.6,12.5,10.2,11.1,12.6,14.0,12.7,10.1,12.06,1.32,-0.04,92,98,13.1,1.88,5.1,-0.1923,0.9813,11.7,12.0,12.0,station
2025-12-21,13.6,12.9,10.1,12.3,10.1,13.1,12.9,9.2,11.2,10.2,11.8,1.62,0.48,79,96,16.9,4.13,0.3,-0.1754,0.9845,13.7,10.0,10.0,station
2025-12-22,12.0,11.0,10.5,11.0,10.5,13.4,11.2,10.0,11.5,10.1,11.0,0.61,-0.24,80,100,12.0,2.58,1.3,-0.1585,0.9874,11.4,10.0,10.0,station
2025-12-23,12.2,10.8,10.0,10.8,9.1,12.0,10.8,9.8,10.8,9.7,10.58,1.15,-0.04,85,87,13.4,3.49,2.4,-0.1414,0.9899,11.9,11.0,11.0,station
2025-12-24,11.4,11.8,9.9,10.9,9.0,11.0,11.1,9.1,10.4,8.8,10.6,1.14,0.52,86,100,9.2,4.01,0.7,-0.1244,0.9922,10.7,10.0,10.0,station
2025-12-25,11.0,11.2,12.3,11.0,9.7,11.5,11.9,10.6,11.1,9.1,11.04,0.92,0.2,92,95,7.8,3.7,1.8,-0.1073,0.9942,10.6,10.0,10.0,station
2025-12-26,12.6,12.4,12.9,12.7,9.8,12.9,12.2,13.0,12.7,9.4,12.08,1.29,0.04,79,90,6.9,7.21,0.0,-0.0902,0.9959,12.3,12.0,12.0,station
2025-12-27,13.7,13.2,12.5,12.2,10.5,12.9,13.4,14.1,12.5,10.4,12.42,1.22,-0.24,76,89,6.5,6.43,0.0,-0.073,0.9973,13.0,14.0,14.0,station
2025-12-28,15.6,14.8,13.2,13.8,12.1,15.9,15.0,13.8,13.6,11.6,13.9,1.36,-0.08,79,61,8.6,9.98,0.0,-0.0559,0.9984,15.2,16.0,16.0,station
2025-12-29,11.7,11.5,10.7,10.2,10.1,9.7,11.5,11.3,10.6,11.2,10.84,0.73,-0.02,81,94,7.3,3.86,0.0,-0.0387,0.9993,12.5,12.0,12.0,station
2025-12-30,11.0,10.9,10.8,10.5,8.7,10.6,10.9,10.5,10.0,9.3,10.38,0.96,0.12,94,100,6.5,1.98,5.2,-0.0215,0.9998,11.1,10.0,10.0,station
2025-12-31,10.2,11.3,10.0,10.9,9.7,10.2,11.3,9.8,10.6,8.8,10.42,0.66,0.28,95,100,10.5,2.47,13.6,-0.0043,1.0,10.7,,,
2026-01-01,9.2,10.5,9.5,10.1,8.2,8.6,11.0,9.2,11.4,7.8,9.5,0.89,-0.1,93,100,15.3,1.85,5.5,0.0172,0.9999,9.0,8.0,8.0,station
2026-01-02,7.4,9.0,8.3,8.9,6.6,7.4,9.4,8.6,9.6,6.4,8.04,1.03,-0.24,91,100,11.3,1.85,6.8,0.0344,0.9994,7.9,7.0,7.0,station
2026-01-03,6.6,6.5,7.4,7.5,5.4,6.4,6.7,7.7,8.0,6.0,6.68,0.85,-0.28,79,100,9.6,3.04,0.5,0.0516,0.9987,7.5,7.0,7.0,station
2026-01-04,9.4,8.2,8.3,8.7,8.0,8.5,7.9,8.1,8.8,7.5,8.52,0.55,0.36,82,83,8.6,6.36,0.1,0.0688,0.9976,9.0,8.0,8.0,station
2026-01-05,10.9,10.3,10.6,10.0,8.6,11.2,10.1,10.6,9.8,8.7,10.08,0.89,0.0,78,54,8.7,7.64,0.1,0.0859,0.9963,10.1,11.0,11.0,station
2026-01-06,11.3,11.4,10.8,10.8,8.2,11.6,11.4,11.4,10.6,7.7,10.5,1.32,-0.04,66,31,7.7,12.19,0.0,0.103,0.9947,11.2,12.0,12.0,station
2026-01-07,12.1,11.5,11.1,10.9,7.4,10.6,11.1,11.2,10.2,6.1,10.6,1.85,0.76,57,32,5.0,10.53,0.0,0.1201,0.9928,11.4,10.0,10.0,station
2026-01-08,12.2,11.9,11.4,11.7,9.1,12.6,11.9,11.4,11.2,7.9,11.26,1.24,0.26,65,2,7.7,12.38,0.0,0.1372,0.9905,11.6,12.0,12.0,station
2026-01-09,12.5,12.0,12.4,12.5,9.5,12.7,12.3,12.2,12.6,8.8,11.78,1.29,0.06,70,11,7.2,12.35,0.0,0.1542,0.988,12.2,14.0,14.0,station
2026-01-10,8.9,11.7,13.0,11.7,7.3,7.9,13.1,13.4,10.0,6.4,10.52,2.34,0.36,72,15,9.7,10.8,0.0,0.1712,0.9852,12.7,13.0,13.0,station
2026-01-11,13.5,12.2,13.8,13.0,7.9,10.1,12.5,13.1,10.9,7.8,12.08,2.41,1.2,82,79,11.4,4.4,0.4,0.1881,0.9821,10.2,10.0,10.0,station
2026-01-12,13.0,13.0,12.3,13.4,10.0,14.4,14.3,14.2,14.3,9.8,12.34,1.37,-1.06,81,48,9.3,11.51,0.8,0.205,0.9788,14.3,14.0,14.0,station
2026-01-13,17.0,14.6,15.0,15.1,11.2,16.6,13.8,15.0,15.2,11.0,14.58,2.11,0.26,73,0,11.4,12.73,0.0,0.2218,0.9751,16.8,17.0,17.0,station
2026-01-14,13.1,12.6,12.2,12.4,12.0,13.2,11.7,12.5,12.2,9.8,12.46,0.42,0.58,84,29,9.9,7.03,0.0,0.2385,0.9711,14.2,14.0,14.0,station
2026-01-15,17.5,15.1,15.6,15.2,13.6,17.2,15.2,15.5,15.1,13.0,15.4,1.4,0.2,79,6,12.0,12.39,0.0,0.2552,0.9669,16.4,16.0,16.0,station
2026-01-16,11.6,14.5,13.1,14.5,9.8,10.8,14.5,13.6,12.1,10.9,12.7,2.02,0.32,83,43,8.2,7.05,0.0,0.2718,0.9624,12.7,13.0,13.0,station
2026-01-17,18.3,16.1,17.3,17.8,15.4,18.8,17.4,17.6,18.7,13.8,16.98,1.2,-0.28,81,21,13.4,12.16,0.0,0.2883,0.9575,18.0,18.0,18.0,station
2026-01-18,18.6,16.7,19.1,17.6,13.4,19.9,17.1,19.1,18.4,14.3,17.08,2.26,-0.68,80,53,10.6,8.16,0.0,0.3047,0.9524,19.0,19.0,19.0,station
2026-01-19,14.4,14.0,16.7,13.6,9.4,13.5,14.7,16.7,13.9,10.2,13.62,2.65,-0.18,94,100,10.8,1.92,9.7,0.3211,0.9471,13.7,13.0,13.0,station
2026-01-20,8.2,10.2,9.4,7.1,5.7,9.2,10.0,10.0,10.0,7.8,8.12,1.79,-1.28,91,100,11.9,1.77,6.4,0.3373,0.9414,8.8,8.0,8.0,station
2026-01-21,5.7,6.2,4.5,6.3,5.2,5.8,6.5,4.5,6.6,4.4,5.58,0.75,0.02,88,100,14.5,2.12,3.0,0.3534,0.9355,4.9,4.0,4.0,station
2026-01-22,8.9,6.8,7.5,7.0,6.6,9.9,6.9,8.0,7.2,6.3,7.36,0.92,-0.3,80,86,6.7,5.02,0.0,0.3695,0.9292,7.3,7.0,7.0,station
2026-01-23,12.1,8.4,10.7,9.5,7.9,12.4,8.0,10.8,9.6,7.9,9.72,1.71,-0.02,71,81,7.9,7.29,0.0,0.3854,0.9227,9.6,9.0,9.0,station
2026-01-24,12.9,9.1,12.6,10.3,9.5,14.8,8.8,10.6,9.6,9.5,10.88,1.76,0.22,67,86,11.1,10.72,0.0,0.4012,0.916,11.2,9.0,9.0,station
2026-01-25,8.9,7.9,10.0,8.4,6.7,9.9,7.6,9.8,8.7,6.5,8.38,1.22,-0.12,74,100,13.0,3.16,0.2,0.4169,0.9089,8.8,8.0,8.0,station
2026-01-26,12.3,11.0,10.9,10.0,10.1,12.5,10.3,8.5,10.6,8.6,10.86,0.92,0.76,75,79,9.1,9.74,0.0,0.4325,0.9016,11.3,11.0,11.0,station
2026-01-27,13.5,12.9,13.3,12.2,11.0,13.6,12.7,13.8,11.8,10.7,12.58,1.01,0.06,75,34,7.0,11.32,0.0,0.4479,0.8941,13.6,14.0,14.0,station
2026-01-28,11.1,11.3,9.6,10.5,9.9,10.8,10.7,9.8,10.4,10.2,10.48,0.74,0.1,76,58,8.1,7.18,0.0,0.4633,0.8862,12.0,11.0,11.0,station
2026-01-29,12.1,10.9,9.1,9.3,11.5,13.6,10.9,8.9,9.5,10.9,10.58,1.33,-0.18,80,94,8.7,6.45,1.5,0.4784,0.8781,13.4,10.0,10.0,station
2026-01-30,9.9,10.0,8.8,9.5,8.4,10.0,9.9,8.6,9.0,7.7,9.32,0.7,0.28,90,100,10.1,2.13,2.5,0.4935,0.8698,8.9,9.0,9.0,station
2026-01-31,12.2,10.6,10.0,10.6,8.6,10.3,10.4,8.5,10.0,9.2,10.4,1.3,0.72,81,92,9.7,8.76,0.1,0.5084,0.8611,11.0,11.0,11.0,station
2026-02-01,12.4,10.5,10.6,9.9,10.8,11.6,10.5,11.3,10.7,9.4,10.84,0.93,0.14,74,92,7.1,7.95,0.0,0.5231,0.8523,11.5,11.0,11.0,station
2026-02-02,13.3,11.8,13.2,11.1,11.2,12.3,11.7,13.3,10.9,11.0,12.12,1.07,0.28,75,99,7.9,5.61,0.0,0.5377,0.8432,11.0,10.0,10.0,station
2026-02-03,13.9,12.2,12.7,12.4,10.8,15.4,12.4,11.7,12.1,10.1,12.4,1.11,0.06,67,87,8.1,8.55,0.0,0.5521,0.8338,13.5,13.0,13.0,station
2026-02-04,13.9,12.6,14.6,12.3,10.0,14.8,12.0,14.7,12.9,9.2,12.68,1.77,-0.04,66,83,7.6,9.2,0.0,0.5664,0.8242,14.1,15.0,15.0,station
2026-02-05,14.4,14.1,15.0,14.8,10.8,15.1,13.5,15.5,14.0,10.2,13.82,1.72,0.16,69,90,8.0,8.92,0.1,0.5805,0.8143,14.3,14.0,14.0,station
2026-02-06,15.8,16.2,16.4,16.0,13.3,16.0,16.0,16.4,16.1,12.5,15.54,1.27,0.14,68,39,10.3,13.57,0.0,0.5944,0.8042,16.2,18.0,18.0,station
2026-02-07,9.9,11.8,11.8,12.8,9.6,9.7,12.0,12.1,12.7,9.7,11.18,1.37,-0.06,84,87,15.4,2.75,4.3,0.6081,0.7938,11.3,13.0,13.0,station
2026-02-08,9.5,10.4,9.6,10.8,8.9,9.8,11.2,10.0,10.4,9.4,9.84,0.76,-0.32,72,100,11.8,4.47,2.9,0.6217,0.7833,9.5,10.0,10.0,station
2026-02-09,13.5,11.0,11.2,11.2,10.3,13.4,10.7,11.2,12.1,10.3,11.44,1.21,-0.1,53,83,11.0,10.37,0.0,0.6351,0.7725,11.5,10.0,10.0,station
2026-02-10,14.2,11.6,13.1,12.6,11.9,13.5,12.1,12.9,13.0,11.5,12.68,1.03,0.08,64,58,7.9,12.26,0.1,0.6483,0.7614,12.6,14.0,14.0,station
2026-02-11,16.7,14.7,15.2,14.2,12.5,13.8,13.8,15.3,14.5,11.5,14.66,1.53,0.88,69,13,8.7,15.07,0.0,0.6613,0.7502,14.7,16.0,16.0,station
2026-02-12,11.9,14.9,13.1,12.7,10.4,12.8,14.6,13.8,11.2,11.2,12.6,1.65,-0.12,74,73,7.2,6.88,0.0,0.6741,0.7387,12.6,13.0,13.0,station
2026-02-13,15.8,17.0,16.9,15.4,14.5,17.6,17.2,17.3,15.8,13.6,15.92,1.05,-0.38,73,52,8.0,12.99,0.0,0.6867,0.727,16.5,19.0,19.0,station
2026-02-14,20.8,18.8,19.0,19.1,15.3,20.9,19.4,19.0,18.5,15.6,18.6,2.01,-0.08,66,26,11.9,16.13,0.0,0.6991,0.715,21.1,21.0,21.0,station
2026-02-15,16.8,18.7,15.0,17.5,13.5,17.3,17.7,16.0,16.9,13.0,16.3,2.06,0.12,71,71,12.9,10.61,0.2,0.7113,0.7029,19.7,18.0,18.0,station
2026-02-16,12.7,13.9,12.5,13.2,9.6,12.4,14.8,11.7,13.7,10.5,12.38,1.65,-0.24,73,97,15.5,5.26,0.1,0.7233,0.6906,13.6,14.0,14.0,station
2026-02-17,16.3,14.6,13.7,16.0,12.2,15.2,14.3,15.2,15.2,12.4,14.56,1.69,0.1,75,74,12.7,9.23,0.0,0.735,0.678,14.2,14.0,14.0,station
2026-02-18,14.5,12.6,11.0,11.6,12.4,15.4,13.9,11.0,13.6,11.0,12.42,1.33,-0.56,76,88,9.4,6.76,0.0,0.7466,0.6653,13.6,15.0,15.0,station
2026-02-19,17.3,16.5,15.7,16.8,15.7,16.9,15.5,14.5,15.7,14.8,16.4,0.7,0.92,74,85,8.2,12.67,0.4,0.7579,0.6523,17.4,19.0,19.0,station
2026-02-20,21.7,20.4,19.6,21.3,17.1,21.7,20.1,19.5,20.0,16.9,20.02,1.82,0.38,69,58,11.6,16.34,0.0,0.769,0.6392,20.7,23.0,23.0,station
2026-02-21,22.5,22.2,22.4,22.7,18.1,22.5,21.7,22.0,21.3,16.8,21.58,1.95,0.72,70,1,7.4,16.69,0.0,0.7799,0.6259,22.4,24.0,24.0,station
2026-02-22,22.8,23.9,22.6,23.9,17.6,22.4,23.5,21.5,21.1,17.5,22.16,2.62,0.96,71,11,7.6,16.23,0.1,0.7906,0.6124,22.4,24.0,24.0,station
2026-02-23,18.6,19.7,21.9,19.4,16.7,17.3,20.4,20.0,18.5,15.3,19.26,1.88,0.96,81,55,16.1,13.49,9.8,0.801,0.5987,23.0,24.0,24.0,station
2026-02-24,18.6,18.3,18.0,20.2,17.3,18.6,15.8,20.6,19.8,15.4,18.48,1.08,0.44,64,51,13.3,15.93,0.0,0.8112,0.5848,19.4,22.0,22.0,station
2026-02-25,17.6,17.0,18.5,20.3,16.5,19.4,17.3,18.9,21.7,16.1,17.98,1.5,-0.7,73,76,16.8,9.15,0.6,0.8211,0.5708,19.5,19.0,19.0,station
2026-02-26,17.6,17.6,19.4,20.2,16.6,18.7,17.9,14.9,18.8,16.1,18.28,1.47,1.0,81,79,14.5,10.16,1.2,0.8308,0.5566,20.1,20.0,20.0,station
2026-02-27,19.9,19.2,18.6,19.2,15.3,19.2,18.1,19.3,19.8,14.9,18.44,1.81,0.18,77,64,16.4,12.21,3.8,0.8402,0.5422,19.1,19.0,19.0,station
2026-02-28,15.8,16.6,16.7,18.2,16.5,16.2,16.9,17.9,19.4,15.3,16.76,0.88,-0.38,79,90,15.6,5.23,16.3,0.8495,0.5277,16.3,17.0,17.0,station
2026-03-01,14.7,15.2,15.2,14.9,14.7,16.0,15.1,14.7,15.6,13.4,14.94,0.25,-0.02,80,100,9.3,4.78,1.1,0.8584,0.513,15.5,15.0,15.0,station
2026-03-02,15.8,16.3,13.1,14.0,12.7,13.4,15.2,13.5,14.4,13.7,14.38,1.61,0.34,86,100,6.9,4.58,2.2,0.8671,0.4981,16.5,15.0,15.0,station
2026-03-03,19.0,16.9,16.3,14.9,11.9,17.0,15.8,13.1,15.5,12.6,15.8,2.63,1.0,82,91,8.4,7.66,0.7,0.8755,0.4831,15.7,17.0,17.0,station
2026-03-04,20.6,19.9,21.2,20.1,17.6,21.7,20.2,21.6,20.0,17.9,19.88,1.37,-0.4,77,73,16.0,12.82,0.1,0.8837,0.468,20.5,23.0,23.0,station
2026-03-05,20.5,17.4,18.2,19.4,17.4,20.4,17.1,19.4,19.2,18.2,18.58,1.35,-0.28,69,84,16.1,11.66,0.0,0.8916,0.4527,19.7,20.0,20.0,station
2026-03-06,20.1,19.0,16.0,17.6,17.2,20.7,18.2,14.7,19.6,17.2,17.98,1.6,-0.1,70,86,12.9,10.9,2.3,0.8993,0.4373,19.8,20.0,20.0,station
2026-03-07,14.1,14.5,14.9,15.0,11.5,13.9,14.8,13.9,14.6,12.2,14.0,1.44,0.12,82,100,14.9,2.82,5.9,0.9067,0.4218,14.2,16.0,16.0,station
2026-03-08,16.4,14.4,11.5,13.4,11.7,15.3,13.0,12.4,13.5,11.5,13.48,2.03,0.34,84,100,10.5,7.14,3.8,0.9138,0.4061,16.5,14.0,14.0,station
2026-03-09,16.4,15.3,12.8,14.1,14.6,15.1,14.1,12.2,15.0,13.4,14.64,1.34,0.68,86,77,10.4,9.5,6.2,0.9207,0.3904,16.3,17.0,17.0,station
2026-03-10,20.6,20.0,19.5,19.4,16.9,21.2,19.9,19.5,19.4,16.8,19.28,1.41,-0.08,73,29,7.6,18.87,0.0,0.9272,0.3745,19.4,22.0,22.0,station
2026-03-11,21.9,22.4,21.5,22.1,18.9,22.3,22.5,22.2,20.6,17.7,21.36,1.41,0.3,66,22,7.7,18.59,0.0,0.9335,0.3585,22.1,24.0,24.0,station
2026-03-12,23.8,23.0,22.8,21.1,22.2,23.9,22.8,19.9,20.3,20.4,22.58,1.01,1.12,56,55,20.3,14.52,0.0,0.9396,0.3424,23.7,26.0,26.0,station
2026-03-13,24.0,22.3,22.7,23.8,23.0,23.0,21.7,22.5,23.4,21.3,23.16,0.72,0.78,49,76,18.5,15.07,0.0,0.9453,0.3261,23.6,24.0,24.0,station
2026-03-14,16.6,18.2,18.0,16.9,20.2,15.5,17.3,18.3,17.7,19.3,17.98,1.42,0.36,87,100,15.0,2.56,10.8,0.9508,0.3098,16.2,18.0,18.0,station
2026-03-15,8.8,10.1,9.5,10.1,9.6,10.5,10.5,9.7,10.6,9.4,9.62,0.54,-0.52,88,100,12.0,4.31,6.8,0.956,0.2934,11.5,9.0,9.0,station
2026-03-16,13.8,12.5,9.6,12.0,11.9,13.2,11.7,10.3,11.7,10.9,11.96,1.52,0.4,84,97,7.9,7.39,3.6,0.9609,0.2769,13.3,12.0,12.0,station
2026-03-17,14.3,13.4,11.5,13.6,12.5,15.1,13.1,11.2,12.9,13.1,13.06,1.08,-0.02,82,98,9.5,7.74,6.7,0.9655,0.2604,14.6,13.0,13.0,station
2026-03-18,16.7,15.3,15.6,15.0,13.4,17.3,15.4,14.5,15.2,13.6,15.2,1.19,0.0,84,82,8.6,13.11,9.7,0.9698,0.2437,15.6,14.0,14.0,station
2026-03-19,15.9,15.5,11.2,14.3,13.0,15.8,15.7,11.1,13.6,13.0,13.98,1.92,0.14,78,100,13.7,6.21,0.5,0.9739,0.227,15.2,14.0,14.0,station
2026-03-20,16.9,16.2,13.4,14.1,16.8,17.1,16.8,12.1,15.9,15.8,15.48,1.62,-0.06,81,94,7.7,7.71,2.9,0.9777,0.2102,15.5,17.0,17.0,station
2026-03-21,20.8,19.0,17.2,19.2,18.0,19.5,18.4,13.7,16.4,18.0,18.84,1.36,1.64,71,84,10.9,12.64,0.0,0.9811,0.1934,20.1,20.0,20.0,station
2026-03-22,20.4,19.7,21.2,19.9,19.9,20.6,19.8,18.9,20.9,20.4,20.22,0.61,0.1,72,97,5.9,14.64,0.4,0.9843,0.1765,20.5,21.0,21.0,station
2026-03-23,16.5,16.9,17.6,16.0,16.0,15.8,16.6,14.9,17.2,15.6,16.6,0.67,0.58,91,99,5.2,3.92,5.8,0.9872,0.1595,15.9,17.0,17.0,station
2026-03-24,19.8,17.5,16.7,18.2,17.1,17.9,17.7,15.9,19.2,16.8,17.86,1.22,0.36,81,96,12.3,13.55,3.6,0.9898,0.1425,19.0,18.0,18.0,station
2026-03-25,18.4,17.4,14.0,16.3,14.7,18.0,17.0,14.0,17.1,15.1,16.16,1.83,-0.08,84,95,9.2,10.82,11.7,0.9921,0.1255,20.1,17.0,17.0,station
2026-03-26,22.1,20.0,18.8,20.5,19.6,21.6,21.0,19.4,20.0,18.3,20.2,1.23,0.14,81,71,8.3,16.08,1.1,0.9941,0.1084,21.5,23.0,23.0,station
2026-03-27,18.3,19.4,16.4,17.0,14.4,19.5,18.6,16.2,19.2,17.2,17.1,1.91,-1.04,82,86,9.0,8.13,6.7,0.9958,0.0913,20.1,17.0,17.0,station
2026-03-28,19.3,18.5,15.3,18.5,15.9,18.9,18.9,14.7,17.3,17.5,17.5,1.78,0.04,86,93,8.9,9.21,9.5,0.9972,0.0741,20.1,16.0,16.0,station
2026-03-29,18.5,17.1,17.4,18.6,16.5,19.3,19.1,18.9,18.7,16.6,17.62,0.91,-0.9,87,100,15.5,6.48,10.5,0.9984,0.057,18.1,18.0,18.0,station
2026-03-30,20.7,20.6,20.8,19.6,17.7,21.3,20.5,20.2,20.6,17.3,19.88,1.31,-0.1,82,82,14.4,11.56,6.3,0.9992,0.0398,20.5,20.0,20.0,station
2026-03-31,20.6,17.8,16.9,19.8,16.7,19.5,18.3,17.0,20.0,18.5,18.36,1.75,-0.3,81,72,14.8,9.45,12.0,0.9997,0.0226,19.0,21.0,21.0,station
2026-04-01,24.2,21.8,21.1,22.0,15.3,24.9,21.7,20.6,20.7,15.0,20.88,3.33,0.3,75,64,13.5,11.67,0.5,1.0,0.0054,20.9,21.0,21.0,station
2026-04-02,19.2,18.3,15.7,17.1,17.5,18.4,18.1,17.4,16.3,17.5,17.56,1.31,0.02,86,100,9.0,7.8,10.8,0.9999,-0.0118,18.7,19.0,19.0,station
2026-04-03,23.2,21.9,21.9,20.8,17.7,23.6,22.0,21.1,20.9,18.5,21.1,2.08,-0.12,77,79,12.4,16.45,0.1,0.9996,-0.029,22.2,24.0,24.0,station
2026-04-04,26.4,26.9,25.8,25.8,24.1,27.3,26.2,26.4,25.9,22.3,25.8,1.06,0.18,68,31,13.6,21.29,0.0,0.9989,-0.0462,26.6,29.0,29.0,station
2026-04-05,21.1,22.8,20.4,20.6,18.0,23.7,22.7,20.4,18.9,21.6,20.58,1.72,-0.88,80,99,11.8,10.84,8.7,0.998,-0.0634,22.7,23.0,23.0,station
2026-04-06,21.6,20.3,17.9,18.9,16.4,21.7,20.6,17.5,19.3,17.6,19.02,2.03,-0.32,86,100,10.1,5.53,16.3,0.9968,-0.0805,21.2,20.0,20.0,station
2026-04-07,23.9,20.4,16.8,18.6,17.2,22.0,20.9,17.9,22.0,17.0,19.38,2.89,-0.58,84,97,11.3,6.15,5.7,0.9952,-0.0977,20.7,23.0,23.0,station
2026-04-08,26.3,23.8,23.9,24.3,24.1,28.3,23.5,17.0,25.3,23.4,24.48,1.04,0.98,80,86,14.7,15.68,3.6,0.9934,-0.1148,26.1,27.0,27.0,station
2026-04-09,25.5,26.1,26.8,26.2,25.8,25.5,25.4,25.1,26.5,25.7,26.08,0.49,0.44,77,55,10.4,17.58,1.2,0.9913,-0.1319,26.3,28.0,28.0,station
2026-04-10,22.2,25.3,27.0,,26.1,24.7,22.5,27.2,24.8,25.1,25.15,2.09,0.29,82,64,13.5,14.86,9.8,0.9889,-0.1489,25.7,27.0,27.0,station
2026-04-11,20.9,20.9,21.4,,20.0,20.4,18.8,20.7,21.7,19.9,20.8,0.58,0.5,88,72,10.3,10.54,16.8,0.9861,-0.1659,20.0,20.0,20.0,station
2026-04-12,23.9,22.7,24.4,,17.6,23.1,24.5,21.3,22.1,18.9,22.15,3.12,0.17,82,59,6.6,15.69,1.4,0.9831,-0.1828,23.6,24.0,24.0,station
2026-04-13,20.1,19.8,20.6,,18.3,19.9,20.2,19.4,19.9,18.1,19.7,0.99,0.2,89,77,13.4,9.9,18.7,0.9799,-0.1997,20.8,21.0,21.0,station
2026-04-14,22.8,21.4,18.8,20.4,17.3,21.4,20.6,19.6,21.0,18.3,20.14,2.16,-0.04,91,83,8.6,7.49,3.4,0.9763,-0.2165,20.5,21.0,21.0,station
2026-04-15,23.5,22.2,17.0,20.7,18.1,23.5,21.5,17.4,22.4,17.2,20.3,2.73,-0.1,84,89,13.3,11.96,2.0,0.9724,-0.2333,22.8,21.0,21.0,station
2026-04-16,24.5,23.6,22.6,22.4,19.4,25.9,23.9,20.8,22.7,20.5,22.5,1.93,-0.26,77,96,9.2,15.91,4.1,0.9683,-0.25,24.5,25.0,25.0,station
2026-04-17,25.5,25.5,24.4,25.9,22.5,26.3,24.8,24.4,25.4,20.0,24.76,1.38,0.58,69,43,13.8,21.52,0.0,0.9638,-0.2666,24.3,27.0,27.0,station
2026-04-18,28.2,28.5,26.9,28.6,26.6,28.7,27.8,25.4,28.2,26.7,27.76,0.94,0.4,66,9,10.4,22.54,0.0,0.9591,-0.2831,28.1,31.0,31.0,station
2026-04-19,28.6,29.6,26.3,29.7,30.4,28.9,27.1,27.5,24.9,26.7,28.92,1.6,1.9,75,93,15.7,13.24,17.5,0.9541,-0.2996,27.9,28.0,28.0,station
2026-04-20,18.7,21.5,19.7,20.6,17.8,20.3,20.8,18.4,20.8,17.7,19.66,1.47,0.06,88,96,13.0,4.71,12.3,0.9488,-0.316,20.1,20.0,20.0,station
2026-04-21,17.3,17.5,15.7,16.6,17.8,18.1,17.5,15.2,16.5,16.1,16.98,0.84,0.3,88,100,8.6,5.79,9.1,0.9432,-0.3322,17.4,17.0,17.0,station
2026-04-22,20.0,20.1,18.7,20.7,15.9,20.2,19.5,18.8,20.7,17.5,19.08,1.92,-0.26,75,97,15.8,19.26,7.2,0.9373,-0.3484,20.9,22.0,22.0,station
2026-04-23,24.3,24.9,23.5,25.3,19.3,24.1,24.4,22.4,25.1,21.2,23.46,2.42,0.02,69,54,10.2,22.96,0.0,0.9312,-0.3645,23.8,26.0,26.0,station
2026-04-24,25.1,26.2,25.9,27.7,21.9,25.1,25.6,25.4,26.6,22.3,25.36,2.15,0.36,65,38,7.1,22.5,1.1,0.9248,-0.3804,25.2,28.0,28.0,station
2026-04-25,28.0,29.3,28.2,29.7,28.3,27.9,29.1,27.8,30.3,25.2,28.7,0.75,0.64,62,27,12.0,23.51,0.0,0.9181,-0.3963,27.8,31.0,31.0,station
2026-04-26,25.7,26.5,21.6,26.4,27.7,25.7,24.9,23.5,28.6,22.1,25.58,2.34,0.62,75,97,19.5,12.29,10.9,0.9112,-0.412,24.9,26.0,26.0,station
2026-04-27,24.0,21.0,20.3,21.6,19.4,23.1,20.8,19.2,21.2,18.7,21.26,1.74,0.66,89,99,11.8,7.37,17.7,0.9039,-0.4276,21.8,21.0,21.0,station
2026-04-28,18.8,19.2,17.0,18.9,17.2,19.1,19.0,16.4,19.4,17.1,18.22,1.04,0.02,96,100,16.4,2.16,30.2,0.8965,-0.4431,18.7,19.0,19.0,station
2026-04-29,21.0,19.7,17.6,20.1,16.8,18.6,20.2,18.8,20.7,17.9,19.04,1.77,-0.2,81,98,12.7,12.87,1.5,0.8887,-0.4585,19.5,19.0,19.0,station
2026-04-30,23.9,24.0,22.7,24.5,21.1,24.6,24.3,22.7,25.8,21.5,23.24,1.37,-0.54,68,80,9.9,21.47,0.0,0.8807,-0.4737,24.4,27.0,27.0,station
2026-05-01,26.1,23.5,19.2,26.3,24.5,22.8,22.1,18.8,22.3,21.3,23.92,2.88,2.46,62,100,16.8,9.14,2.3,0.8724,-0.4888,23.8,23.0,23.0,station
2026-05-02,23.5,21.3,20.7,21.6,19.1,19.6,19.0,20.1,19.8,18.3,21.24,1.59,1.88,80,97,13.9,14.78,16.6,0.8639,-0.5037,22.1,23.0,23.0,station
2026-05-03,22.6,23.0,22.1,21.6,21.5,22.9,23.1,22.4,21.7,22.6,22.16,0.64,-0.38,77,100,14.7,10.96,0.4,0.8551,-0.5185,21.9,23.0,23.0,station
2026-05-04,25.1,26.0,24.8,25.7,24.9,25.8,26.3,25.0,25.1,24.7,25.3,0.52,-0.08,70,43,8.1,24.18,0.0,0.846,-0.5331,24.9,28.0,28.0,station
2026-05-05,28.1,29.7,28.2,30.3,28.6,28.2,29.4,27.6,29.8,28.4,28.98,0.97,0.3,61,6,14.3,24.35,0.0,0.8367,-0.5476,28.3,31.0,31.0,station
2026-05-06,28.7,28.7,23.4,30.7,31.3,28.7,27.0,22.8,30.5,30.1,28.56,3.11,0.74,69,58,17.3,18.54,1.0,0.8272,-0.5619,29.2,30.0,30.0,station
2026-05-07,22.4,21.4,19.4,24.6,22.1,23.8,21.2,19.1,22.5,21.0,21.98,1.87,0.46,72,89,14.9,8.74,0.8,0.8174,-0.5761,22.5,25.0,25.0,station
2026-05-08,19.7,19.8,16.0,21.2,18.7,18.7,19.3,15.8,20.5,16.2,19.08,1.94,0.98,86,100,16.2,4.22,10.5,0.8074,-0.59,17.9,19.0,19.0,station
2026-05-09,22.7,23.2,23.8,24.1,23.3,22.4,24.3,22.3,23.2,20.1,23.42,0.54,0.96,78,69,7.7,16.4,0.3,0.7971,-0.6038,22.1,24.0,24.0,station
2026-05-10,25.0,26.5,26.5,26.4,24.7,26.0,26.7,26.6,25.8,25.0,25.82,0.89,-0.2,74,85,6.0,18.46,0.0,0.7866,-0.6175,24.9,28.0,28.0,station
2026-05-11,25.5,27.9,29.2,27.7,24.8,25.5,28.5,26.9,24.9,25.0,27.02,1.82,0.86,71,100,6.5,17.83,0.0,0.7759,-0.6309,27.3,29.0,29.0,station
2026-05-12,22.1,22.8,23.9,21.9,23.9,20.8,24.2,24.1,26.0,22.1,22.92,0.95,-0.52,74,76,13.9,9.71,0.9,0.7649,-0.6442,24.4,26.0,26.0,station
2026-05-13,27.4,27.4,27.0,29.5,27.0,25.5,25.7,25.3,27.5,25.8,27.66,1.05,1.7,73,10,8.9,25.18,0.0,0.7537,-0.6572,27.0,30.0,30.0,station
2026-05-14,28.2,28.2,28.3,27.9,26.3,28.8,28.6,28.8,29.5,29.0,27.78,0.84,-1.16,67,72,11.8,16.92,0.0,0.7423,-0.6701,28.1,29.0,29.0,station
2026-05-15,22.8,22.8,21.4,22.2,21.8,23.1,23.2,22.2,22.4,21.5,22.2,0.62,-0.28,89,87,11.3,9.73,20.9,0.7306,-0.6828,23.2,24.0,24.0,station
2026-05-16,26.2,22.5,20.0,21.5,21.8,25.8,22.6,19.5,21.8,23.1,22.4,2.31,-0.16,89,90,11.8,14.08,30.4,0.7188,-0.6952,24.9,22.0,22.0,station
2026-05-17,27.2,24.2,20.6,22.2,22.7,27.7,24.0,22.7,23.3,22.8,23.38,2.49,-0.72,87,89,8.4,13.92,49.6,0.7067,-0.7075,26.3,23.0,23.0,station
2026-05-18,23.9,22.9,20.8,22.8,21.9,26.3,23.6,21.9,26.0,24.0,22.46,1.17,-1.9,92,90,13.6,11.11,15.4,0.6945,-0.7195,24.0,23.0,23.0,station
2026-05-19,25.2,23.6,21.8,26.3,22.9,25.5,23.7,24.0,25.5,23.5,23.96,1.8,-0.48,83,68,6.6,17.37,4.0,0.682,-0.7314,26.9,28.0,28.0,station
2026-05-20,29.6,29.8,28.5,30.3,27.2,29.2,28.8,27.5,29.5,25.6,29.08,1.24,0.96,74,60,11.9,25.52,0.0,0.6693,-0.743,29.3,31.0,31.0,station
2026-05-21,31.9,32.2,32.0,34.0,30.3,31.2,32.1,30.7,34.4,29.5,32.08,1.31,0.5,68,31,14.7,24.95,0.4,0.6564,-0.7544,31.5,32.0,32.0,station
2026-05-22,30.0,29.5,27.0,27.0,26.2,28.0,28.4,27.6,25.7,25.7,27.94,1.69,0.86,78,43,17.2,24.39,13.5,0.6433,-0.7656,31.5,32.0,32.0,station
2026-05-23,30.0,30.5,31.7,29.8,25.3,30.6,31.0,32.2,28.5,25.4,29.46,2.44,-0.08,81,61,18.3,19.98,10.9,0.6301,-0.7765,30.4,30.0,30.0,station
2026-05-24,30.8,29.8,30.6,31.7,30.5,30.7,30.6,29.3,30.6,27.9,30.68,0.68,0.86,83,51,16.6,22.99,27.4,0.6166,-0.7873,31.0,32.0,32.0,station
2026-05-25,29.8,28.9,28.6,27.8,28.2,30.3,29.1,27.8,28.7,25.3,28.66,0.76,0.42,89,83,13.8,18.09,24.5,0.603,-0.7978,29.2,28.0,28.0,station
2026-05-26,30.3,28.6,27.9,28.1,27.1,30.0,28.8,24.5,29.1,28.7,28.4,1.19,0.18,86,58,10.2,21.43,5.0,0.5892,-0.808,29.8,30.0,30.0,station
2026-05-27,30.6,28.1,26.4,31.8,24.4,29.5,28.1,26.7,29.5,25.5,28.26,3.02,0.4,82,65,8.9,20.41,4.2,0.5752,-0.818,29.5,29.0,29.0,station
2026-05-28,26.1,24.7,22.3,26.0,23.1,24.9,24.6,22.6,25.2,21.7,24.44,1.71,0.64,88,97,13.9,13.7,19.9,0.561,-0.8278,24.6,24.0,24.0,station
2026-05-29,23.5,21.9,20.2,22.7,19.7,25.0,22.2,20.7,22.7,19.3,21.6,1.62,-0.38,79,81,15.8,12.73,3.3,0.5467,-0.8373,23.5,23.0,23.0,station
2026-05-30,26.8,27.2,25.8,27.0,22.7,27.2,26.5,26.0,26.6,22.5,25.9,1.87,0.14,75,32,9.3,21.65,0.0,0.5322,-0.8466,26.6,28.0,28.0,station
2026-05-31,29.7,30.1,29.5,30.0,27.1,30.1,30.1,29.5,30.5,27.7,29.28,1.24,-0.3,73,36,11.8,26.65,0.0,0.5176,-0.8556,29.1,31.0,31.0,station
2026-06-01,27.3,24.7,24.2,25.4,27.9,27.5,25.7,28.2,27.3,23.7,25.9,1.62,-0.58,83,70,10.8,12.96,21.9,0.5028,-0.8644,24.8,25.0,25.0,station
2026-06-02,28.6,26.9,26.5,25.9,25.9,30.2,27.6,26.4,27.7,28.1,26.76,1.11,-1.24,81,49,8.2,17.61,0.0,0.4878,-0.8729,26.6,26.0,26.0,station
2026-06-03,29.5,27.2,27.8,28.0,23.3,29.1,27.9,28.5,28.3,27.7,27.16,2.32,-1.14,83,59,7.0,19.35,3.2,0.4728,-0.8812,27.6,28.0,28.0,station
2026-06-04,27.4,30.2,30.0,29.3,21.7,28.1,29.8,31.5,29.3,28.2,27.72,3.54,-1.66,78,69,9.0,19.22,0.0,0.4575,-0.8892,30.2,32.0,32.0,station
2026-06-05,28.5,30.5,31.5,30.3,,29.4,30.6,32.6,31.5,29.1,30.2,1.25,-0.44,75,83,5.7,16.45,0.0,0.4422,-0.8969,30.5,31.0,31.0,station
2026-06-06,32.5,33.8,32.8,33.7,,31.1,33.0,32.5,32.6,30.9,33.2,0.65,1.18,70,34,10.4,25.59,1.7,0.4267,-0.9044,32.1,34.0,34.0,station
2026-06-07,25.3,27.4,25.5,27.2,,27.1,27.1,26.0,26.4,26.3,26.35,1.1,-0.23,94,95,18.9,9.37,34.1,0.4111,-0.9116,25.9,26.0,26.0,station
2026-06-08,20.6,18.2,19.9,17.5,,19.4,18.3,19.8,20.5,20.6,19.05,1.44,-0.67,92,91,13.1,5.55,25.8,0.3953,-0.9185,19.6,19.0,19.0,station
2026-06-09,24.5,23.8,23.4,24.2,,23.4,23.8,24.2,23.7,21.2,23.98,0.48,0.72,85,70,7.2,12.58,0.8,0.3795,-0.9252,23.7,25.0,25.0,station
2026-06-10,24.3,24.5,24.9,25.1,25.3,24.9,25.1,27.1,24.9,25.0,24.82,0.41,-0.58,78,98,4.2,11.42,0.0,0.3635,-0.9316,25.3,27.0,27.0,station
2026-06-11,24.5,24.5,25.5,24.6,24.6,24.9,24.6,25.7,26.1,24.6,24.74,0.43,-0.44,81,100,12.5,9.57,2.8,0.3474,-0.9377,24.2,24.0,24.0,station
2026-06-12,24.0,22.5,20.5,23.4,22.3,23.1,22.3,21.7,25.7,20.1,22.54,1.33,-0.04,81,93,7.9,11.74,2.3,0.3312,-0.9436,23.0,22.0,22.0,station
2026-06-13,27.4,26.9,26.1,26.1,26.6,26.8,25.7,26.9,27.6,27.3,26.62,0.55,-0.24,82,73,10.2,19.41,2.3,0.3149,-0.9491,26.6,28.0,28.0,station
2026-06-14,30.0,29.5,29.4,29.3,28.2,30.5,29.5,29.4,28.3,28.0,29.28,0.66,0.14,78,49,8.7,21.1,0.0,0.2986,-0.9544,29.4,31.0,31.0,station
2026-06-15,29.9,29.5,31.5,31.4,28.9,31.5,29.2,30.0,31.4,27.9,30.24,1.16,0.24,80,92,6.1,11.04,0.0,0.2821,-0.9594,28.7,28.0,28.0,station
2026-06-16,30.0,27.4,27.9,28.6,27.4,28.9,28.1,29.9,28.3,27.2,28.26,1.09,-0.22,87,88,11.3,15.27,0.4,0.2656,-0.9641,28.3,29.0,29.0,station
2026-06-17,28.5,25.6,24.5,26.7,27.4,29.2,25.7,24.7,26.1,26.2,26.54,1.55,0.16,89,100,10.7,7.8,12.3,0.2489,-0.9685,24.8,24.0,24.0,station
2026-06-18,25.9,23.4,20.8,22.2,23.1,28.0,24.0,21.0,23.8,22.3,23.08,1.87,-0.74,92,80,12.5,11.34,12.8,0.2322,-0.9727,24.8,23.0,23.0,station
2026-06-19,29.2,29.1,27.8,29.8,26.8,31.1,28.8,28.0,27.1,25.9,28.54,1.22,0.36,83,55,6.9,19.99,0.5,0.2155,-0.9765,28.9,30.0,30.0,station
2026-06-20,32.1,31.7,30.6,32.2,30.1,32.0,32.3,31.1,31.9,30.3,31.34,0.94,-0.18,77,63,10.7,23.0,2.0,0.1986,-0.9801,31.3,33.0,33.0,station
2026-06-21,29.2,27.4,27.0,27.6,26.8,30.4,27.2,23.8,28.1,28.4,27.6,0.95,0.02,91,90,8.8,16.54,25.0,0.1818,-0.9833,28.0,27.0,27.0,station
2026-06-22,27.4,24.5,23.2,23.9,23.4,26.0,25.4,21.7,23.7,23.6,24.48,1.71,0.4,91,92,14.3,10.0,17.6,0.1648,-0.9863,24.8,24.0,24.0,station
2026-06-23,29.0,26.4,25.8,26.7,23.7,29.6,26.3,24.9,27.4,23.8,26.32,1.9,-0.08,91,94,7.6,12.92,5.5,0.1478,-0.989,26.1,25.0,25.0,station
2026-06-24,27.8,26.7,23.8,27.1,26.1,29.0,26.6,21.7,25.8,24.8,26.3,1.53,0.72,92,91,5.8,12.79,9.1,0.1308,-0.9914,27.3,28.0,28.0,station
2026-06-25,26.4,25.4,22.6,23.6,24.0,29.4,26.1,23.8,24.4,27.2,24.4,1.5,-1.78,95,100,5.1,7.12,8.6,0.1137,-0.9935,25.1,25.0,25.0,station
2026-06-26,28.4,23.7,21.5,23.4,22.8,23.7,23.4,21.7,22.0,22.6,23.96,2.62,1.28,93,89,9.4,8.62,7.2,0.0966,-0.9953,24.8,23.0,23.0,station
2026-06-27,29.2,28.4,28.4,29.2,26.7,30.0,28.4,27.3,29.6,24.6,28.38,1.02,0.4,82,70,7.0,18.25,1.6,0.0795,-0.9968,26.9,29.0,29.0,station
2026-06-28,24.4,25.5,23.5,23.8,23.9,24.6,25.0,23.1,25.1,25.5,24.22,0.79,-0.44,92,99,4.3,6.43,9.3,0.0623,-0.9981,24.3,25.0,25.0,station
2026-06-29,24.2,24.7,24.0,22.9,21.9,24.7,24.6,26.3,23.3,22.8,23.54,1.13,-0.8,92,97,8.4,6.38,13.9,0.0451,-0.999,22.9,22.0,22.0,station
2026-06-30,27.4,25.5,27.5,24.2,25.4,26.2,26.1,26.7,26.3,22.9,26.0,1.42,0.36,89,100,6.5,7.31,6.4,0.028,-0.9996,25.4,27.0,27.0,station
2026-07-01,30.1,28.3,28.2,28.5,25.6,27.4,27.0,31.0,27.5,26.1,28.14,1.62,0.34,82,80,5.8,19.04,2.0,0.0108,-0.9999,29.9,32.0,32.0,station
2026-07-02,28.3,26.8,26.5,26.8,24.6,24.2,25.4,25.2,26.5,28.1,26.6,1.32,0.72,93,97,14.1,8.81,31.0,-0.0065,-1.0,25.6,28.0,28.0,station
2026-07-03,27.4,26.7,28.1,29.0,27.8,27.5,28.6,27.9,28.1,27.1,27.8,0.85,-0.04,86,99,6.3,10.67,0.7,-0.0237,-0.9997,26.9,29.0,29.0,station
2026-07-04,29.5,30.0,30.1,29.1,29.2,30.0,30.4,29.9,29.8,30.5,29.58,0.45,-0.54,84,46,9.3,22.36,2.5,-0.0408,-0.9992,29.7,34.0,34.0,station
2026-07-05,31.9,33.7,32.5,33.9,34.9,32.2,33.6,32.0,32.8,32.4,33.38,1.19,0.78,77,10,8.3,26.07,0.5,-0.058,-0.9983,32.3,36.0,36.0,station
2026-07-06,33.3,35.1,33.5,35.5,37.0,33.4,34.8,33.0,34.8,35.8,34.88,1.53,0.52,75,9,8.5,25.93,0.3,-0.0752,-0.9972,33.0,37.0,37.0,station
2026-07-07,34.2,34.7,34.5,36.5,37.5,34.4,35.9,34.4,36.9,38.8,35.48,1.44,-0.6,69,52,6.4,24.66,0.0,-0.0923,-0.9957,35.3,37.0,37.0,station
2026-07-08,34.1,35.8,34.6,34.8,37.7,32.9,33.7,33.9,35.9,37.6,35.4,1.43,0.6,66,16,8.9,26.25,0.0,-0.1094,-0.994,34.5,37.0,37.0,station
2026-07-09,34.8,36.6,34.2,37.7,37.3,35.0,36.6,35.8,36.4,38.2,36.12,1.54,-0.28,67,48,12.0,26.15,0.0,-0.1265,-0.992,35.1,38.0,38.0,station
2026-07-10,35.4,36.6,35.8,38.2,37.6,35.5,36.3,36.0,38.1,38.3,36.72,1.18,-0.12,61,62,14.0,25.88,0.2,-0.1436,-0.9896,35.9,38.0,38.0,station
2026-07-11,34.7,36.6,34.6,37.0,36.7,35.0,36.4,34.5,37.6,37.5,35.92,1.17,-0.28,59,22,14.4,26.09,0.6,-0.1606,-0.987,35.7,38.0,38.0,station
2026-07-12,32.5,34.3,33.8,32.7,34.3,31.8,34.4,33.8,33.4,34.2,33.52,0.87,0.0,75,39,12.6,24.22,1.3,-0.1775,-0.9841,34.5,35.0,35.0,station
2026-07-13,35.8,37.3,35.2,36.1,35.6,35.3,36.6,35.2,36.3,36.2,36.0,0.8,0.08,70,34,11.4,24.82,1.9,-0.1944,-0.9809,36.1,38.0,38.0,station
2026-07-14,38.5,40.4,35.5,41.6,40.9,38.3,40.1,35.7,41.0,39.2,39.38,2.45,0.52,51,27,13.2,26.71,0.0,-0.2113,-0.9774,39.4,41.0,41.0,station
2026-07-15,37.0,40.0,36.2,40.7,40.3,37.1,39.6,35.8,42.1,40.8,38.84,2.08,-0.24,49,57,11.3,25.95,0.0,-0.2281,-0.9736,39.0,40.0,40.0,station
2026-07-16,37.4,39.5,36.2,39.4,37.9,37.2,39.0,36.0,40.1,40.6,38.08,1.4,-0.5,52,54,14.6,25.86,0.4,-0.2448,-0.9696,38.3,40.0,40.0,station
2026-07-17,32.5,33.4,32.8,33.4,31.6,32.8,33.1,34.6,36.0,33.3,32.74,0.75,-1.22,82,99,12.4,19.02,13.2,-0.2614,-0.9652,34.9,34.0,34.0,station
2026-07-18,29.7,31.5,30.9,32.2,31.8,26.3,30.7,28.4,32.8,30.3,31.22,0.97,1.52,81,95,16.0,19.71,2.3,-0.278,-0.9606,33.3,34.0,34.0,station
2026-07-19,33.7,34.4,32.3,36.8,33.1,34.6,35.1,32.5,35.5,35.5,34.06,1.72,-0.58,71,52,10.0,22.08,0.1,-0.2945,-0.9557,33.6,35.0,35.0,station
2026-07-20,34.7,37.0,33.8,38.2,35.4,35.3,37.1,33.6,38.8,34.7,35.82,1.77,-0.08,61,3,7.9,26.33,0.0,-0.3109,-0.9505,35.9,38.0,38.0,station
2026-07-21,35.7,38.8,35.0,39.9,39.3,35.9,38.6,34.6,39.6,37.3,37.74,2.23,0.54,54,5,11.7,25.82,0.0,-0.3272,-0.945,36.6,39.0,39.0,station
2026-07-22,36.4,39.2,35.0,39.7,40.0,36.5,39.3,35.2,40.0,40.0,38.06,2.23,-0.14,51,2,11.7,26.73,0.0,-0.3434,-0.9392,37.0,40.0,40.0,station
2026-07-23,37.1,39.2,35.0,39.4,40.4,37.2,39.0,34.7,39.5,40.3,38.22,2.16,0.08,49,7,15.0,27.11,0.0,-0.3595,-0.9332,37.8,40.0,40.0,station
2026-07-24,36.7,39.6,36.3,39.6,40.0,36.4,39.1,35.1,39.3,40.3,38.44,1.78,0.4,46,18,14.9,25.47,0.0,-0.3755,-0.9268,38.2,40.0,40.0,station
2026-07-25,36.4,39.3,36.3,37.9,37.5,37.3,40.1,36.0,39.1,39.2,37.48,1.23,-0.86,48,10,16.6,25.36,0.0,-0.3914,-0.9202,37.8,39.0,39.0,station
2026-07-26,38.4,40.2,36.0,38.9,38.4,38.3,40.2,35.1,39.7,39.0,38.38,1.52,-0.08,45,19,16.1,24.54,0.2,-0.4071,-0.9134,38.5,41.0,41.0,station
2026-07-27,37.2,38.2,35.2,39.1,38.5,36.9,37.3,34.0,38.3,36.5,37.64,1.53,1.04,46,53,16.9,21.43,1.4,-0.4228,-0.9062,37.8,40.0,40.0,station
2026-07-28,34.8,34.4,34.1,34.9,34.3,35.4,34.8,33.2,37.8,35.3,34.5,0.34,-0.8,62,35,13.4,23.45,2.7,-0.4383,-0.8988,34.6,,,
