datum,p1_ifs,p1_aifs,p1_gfs,p1_icon,p1_gem,p2_ifs,p2_aifs,p2_gfs,p2_icon,p2_gem,mm_gem,mm_spreiding,run2run,rh_gem,bewolking_gem,wind_max,instraling_som,neerslag_som,doy_sin,doy_cos,era5_max,station_max,doel,doelbron
2023-11-01,,,13.7,,,,,13.6,,,,,,40,0,27.2,17.27,0.0,-0.8606,0.5093,11.5,12.2,12.2,station
2023-11-02,,,14.2,,,,,14.5,,,,,,46,0,15.0,16.93,0.0,-0.8517,0.524,12.4,13.9,13.9,station
2023-11-03,,,17.4,,,,,17.6,,,,,,53,0,12.3,16.51,0.0,-0.8426,0.5386,16.3,18.9,18.9,station
2023-11-04,,,21.7,,,,,21.4,,,,,,58,0,14.3,16.06,0.0,-0.8332,0.553,20.5,22.2,22.2,station
2023-11-05,,,22.6,,,,,22.8,,,,,,57,7,17.1,15.55,0.0,-0.8235,0.5672,21.9,23.9,23.9,station
2023-11-06,,,23.8,,,,,23.9,,,,,,64,20,10.3,15.55,0.0,-0.8137,0.5813,23.3,25.0,25.0,station
2023-11-07,,,26.0,,,,,26.0,,,,,,63,2,13.1,15.24,0.0,-0.8035,0.5952,25.5,26.7,26.7,station
2023-11-08,,,26.6,,,,,26.5,,,,,,70,1,13.9,14.97,0.0,-0.7932,0.609,25.2,26.1,26.1,station
2023-11-09,,,26.0,,,,,26.3,,,,,,73,69,13.0,11.2,0.0,-0.7826,0.6225,25.1,25.6,25.6,station
2023-11-10,,,22.4,,,,,20.0,,,,,,83,98,15.4,4.93,0.7,-0.7718,0.6359,20.3,18.9,18.9,station
2023-11-11,,,16.4,,,,,16.4,,,,,,90,100,20.2,2.52,16.3,-0.7607,0.6491,13.7,12.8,12.8,station
2023-11-12,,,12.5,,,,,11.6,,,,,,79,100,18.2,5.77,0.2,-0.7494,0.6621,14.6,14.4,14.4,station
2023-11-13,,,18.5,,,,,18.8,,,,,,63,88,11.4,13.51,0.0,-0.7379,0.6749,18.3,18.9,18.9,station
2023-11-14,,,18.2,,,,,16.4,,,,,,55,100,21.6,12.29,0.0,-0.7262,0.6875,18.1,20.6,20.6,station
2023-11-15,,,13.8,,,,,12.9,,,,,,50,100,20.9,5.08,3.1,-0.7143,0.6998,15.3,16.7,16.7,station
2023-11-16,,,20.1,,,,,13.8,,,,,,63,50,18.9,8.54,0.5,-0.7021,0.712,19.8,21.1,21.1,station
2023-11-17,,,18.6,,,,,20.4,,,,,,79,85,13.6,7.05,0.0,-0.6898,0.724,20.5,21.1,21.1,station
2023-11-18,,,21.5,,,,,21.5,,,,,,74,10,21.5,13.28,0.0,-0.6772,0.7358,20.7,23.3,23.3,station
2023-11-19,,,20.5,,,,,20.7,,,,,,64,1,15.1,13.99,0.0,-0.6645,0.7473,19.3,20.6,20.6,station
2023-11-20,,,17.4,,,,,20.1,,,,,,79,89,21.9,3.2,1.7,-0.6515,0.7586,16.9,19.4,19.4,station
2023-11-21,,,18.8,,,,,18.1,,,,,,91,100,32.2,3.18,41.4,-0.6384,0.7697,19.9,19.4,19.4,station
2023-11-22,,,15.2,,,,,14.7,,,,,,80,75,25.6,5.37,0.1,-0.625,0.7806,14.7,14.4,14.4,station
2023-11-23,,,13.7,,,,,14.2,,,,,,76,67,15.8,11.94,0.0,-0.6115,0.7912,12.7,13.9,13.9,station
2023-11-24,,,16.2,,,,,16.5,,,,,,67,40,11.0,13.05,0.0,-0.5978,0.8016,15.5,17.2,17.2,station
2023-11-25,,,15.5,,,,,15.5,,,,,,75,49,20.2,10.7,0.0,-0.584,0.8118,14.2,15.0,15.0,station
2023-11-26,,,12.1,,,,,13.4,,,,,,83,68,16.5,4.34,3.1,-0.5699,0.8217,10.5,10.0,10.0,station
2023-11-27,,,11.0,,,,,12.3,,,,,,69,54,24.2,13.26,0.0,-0.5557,0.8314,9.2,11.1,11.1,station
2023-11-28,,,9.6,,,,,10.3,,,,,,53,52,25.3,13.34,0.0,-0.5413,0.8408,9.1,11.1,11.1,station
2023-11-29,,,11.7,,,,,11.1,,,,,,52,23,13.0,13.58,0.0,-0.5268,0.85,10.6,12.8,12.8,station
2023-11-30,,,15.1,,,,,15.4,,,,,,64,61,15.8,11.63,0.0,-0.5121,0.859,13.5,14.4,14.4,station
2023-12-01,,,15.8,,,,,14.9,,,,,,84,100,23.7,4.2,5.3,-0.4972,0.8676,18.1,18.3,18.3,station
2023-12-02,,,16.4,,,,,16.3,,,,,,96,100,16.4,3.39,7.8,-0.4822,0.8761,18.7,19.4,19.4,station
2023-12-03,,,20.5,,,,,18.0,,,,,,81,98,19.5,7.66,4.7,-0.4671,0.8842,19.5,20.0,20.0,station
2023-12-04,,,18.0,,,,,17.3,,,,,,68,37,26.7,12.5,0.0,-0.4518,0.8921,18.0,20.0,20.0,station
2023-12-05,,,15.1,,,,,15.0,,,,,,67,3,17.5,12.66,0.0,-0.4364,0.8998,14.2,15.6,15.6,station
2023-12-06,,,10.3,,,,,10.7,,,,,,59,18,25.5,11.08,0.0,-0.4208,0.9071,9.7,11.7,11.7,station
2023-12-07,,,13.8,,,,,13.5,,,,,,68,21,10.0,12.64,0.0,-0.4052,0.9142,12.5,14.4,14.4,station
2023-12-08,,,15.7,,,,,15.3,,,,,,73,95,12.6,9.9,0.0,-0.3894,0.9211,15.2,16.7,16.7,station
2023-12-09,,,19.3,,,,,19.1,,,,,,85,73,23.4,9.33,5.7,-0.3735,0.9276,20.5,20.0,20.0,station
2023-12-10,,,17.2,,,,,17.2,,,,,,92,92,31.3,2.25,10.7,-0.3575,0.9339,16.7,17.8,17.8,station
2023-12-11,,,9.9,,,,,10.4,,,,,,61,0,28.2,12.82,0.0,-0.3413,0.9399,9.2,10.6,10.6,station
2023-12-12,,,12.2,,,,,12.3,,,,,,71,16,11.3,12.59,0.0,-0.3251,0.9457,11.2,13.3,13.3,station
2023-12-13,,,13.1,,,,,13.0,,,,,,72,78,10.9,11.5,0.0,-0.3088,0.9511,14.0,14.4,14.4,station
2023-12-14,,,13.3,,,,,12.7,,,,,,53,33,19.4,12.23,0.0,-0.2924,0.9563,12.9,15.0,15.0,station
2023-12-15,,,13.1,,,,,12.8,,,,,,55,10,18.4,12.68,0.0,-0.2759,0.9612,12.8,15.0,15.0,station
2023-12-16,,,11.1,,,,,10.7,,,,,,61,100,24.5,6.31,2.0,-0.2593,0.9658,13.2,13.9,13.9,station
2023-12-17,,,11.7,,,,,10.6,,,,,,86,100,25.7,4.54,0.8,-0.2427,0.9701,14.1,12.2,12.2,station
2023-12-18,,,12.6,,,,,13.0,,,,,,62,6,28.5,12.46,0.0,-0.226,0.9741,12.4,13.9,13.9,station
2023-12-19,,,7.9,,,,,8.7,,,,,,47,14,24.8,12.64,0.0,-0.2092,0.9779,6.2,7.8,7.8,station
2023-12-20,,,9.1,,,,,9.5,,,,,,55,75,9.7,10.49,0.0,-0.1923,0.9813,9.4,11.1,11.1,station
2023-12-21,,,12.2,,,,,13.0,,,,,,57,78,10.9,11.45,0.0,-0.1754,0.9845,12.6,13.9,13.9,station
2023-12-22,,,13.9,,,,,13.8,,,,,,58,95,8.6,9.57,0.0,-0.1585,0.9874,14.4,13.9,13.9,station
2023-12-23,,,17.1,,,,,16.1,,,,,,70,46,12.1,10.94,0.0,-0.1414,0.9899,18.0,18.9,18.9,station
2023-12-24,,,17.0,,,,,16.8,,,,,,83,94,23.1,8.47,0.5,-0.1244,0.9922,17.3,18.3,18.3,station
2023-12-25,,,14.9,,,,,14.5,,,,,,96,100,30.1,1.89,23.8,-0.1073,0.9942,15.8,17.2,17.2,station
2023-12-26,,,14.6,,,,,16.4,,,,,,94,100,19.8,2.18,9.4,-0.0902,0.9959,15.9,17.2,17.2,station
2023-12-27,,,15.4,,,,,13.8,,,,,,68,97,13.8,9.95,0.0,-0.073,0.9973,15.0,13.9,13.9,station
2023-12-28,,,10.6,,,,,10.6,,,,,,65,39,15.5,12.34,0.0,-0.0559,0.9984,11.5,12.8,12.8,station
2023-12-29,,,6.3,,,,,7.0,,,,,,63,67,24.3,6.65,0.0,-0.0387,0.9993,7.6,6.1,6.1,station
2023-12-30,,,,,,,,,,,,,,68,64,18.8,7.51,0.0,-0.0215,0.9998,6.8,8.9,8.9,station
2023-12-31,,,,,,,,,,,,,,73,24,16.9,12.45,0.0,-0.0043,1.0,12.2,,,
2024-01-01,,,,,,,,,,,,,,63,44,23.7,11.33,0.0,0.0172,0.9999,8.6,9.4,9.4,station
2024-01-02,,,,,,,,,,,,,,66,24,18.8,12.78,0.0,0.0344,0.9994,9.6,11.7,11.7,station
2024-01-03,,,,,,,,,,,,,,74,91,10.1,4.2,0.3,0.0516,0.9987,7.6,8.3,8.3,station
2024-01-04,,,,,,,,,,,,,,73,5,18.9,12.93,0.0,0.0688,0.9976,9.6,11.1,11.1,station
2024-01-05,,,,,,,,,,,,,,65,58,27.0,11.96,0.0,0.0859,0.9963,9.5,11.7,11.7,station
2024-01-06,,,,,,,,,,,,,,86,93,28.2,7.07,27.4,0.103,0.9947,13.6,10.6,10.6,station
2024-01-07,,,,,,,,,,,,,,66,77,27.9,10.46,0.0,0.1201,0.9928,9.3,10.0,10.0,station
2024-01-08,,,,,,,,,,,,,,71,97,30.3,9.27,2.7,0.1372,0.9905,9.1,10.6,10.6,station
2024-01-09,,,,,,,,,,,,,,84,83,37.8,4.31,87.5,0.1542,0.988,14.4,11.7,11.7,station
2024-01-10,,,,,,,,,,,,,,61,41,29.2,12.39,0.0,0.1712,0.9852,8.4,10.6,10.6,station
2024-01-11,,,,,,,,,,,,,,74,7,13.6,12.93,0.0,0.1881,0.9821,15.3,16.7,16.7,station
2024-01-12,,,,,,,,,,,,,,90,69,34.2,3.01,8.2,0.205,0.9788,15.7,12.8,12.8,station
2024-01-13,,,,,,,,,,,,,,63,6,30.7,13.64,0.0,0.2218,0.9751,9.1,8.3,8.3,station
2024-01-14,,,,,,,,,,,,,,60,57,18.1,13.14,0.0,0.2385,0.9711,11.5,13.9,13.9,station
2024-01-15,,,,,,,,,,,,,,58,83,15.4,11.44,0.0,0.2552,0.9669,14.4,16.1,16.1,station
2024-01-16,,,,,,,,,,,,,,67,72,32.2,10.61,1.5,0.2718,0.9624,5.5,7.2,7.2,station
2024-01-17,,,,,,,,,,,,,,44,11,22.5,14.27,0.0,0.2883,0.9575,3.1,3.3,3.3,station
2024-01-18,,,,,,,,,,,,,,40,53,14.9,13.51,0.4,0.3047,0.9524,9.8,10.6,10.6,station
2024-01-19,,,4.3,4.9,5.3,,,,,,,,,71,53,34.1,12.11,1.0,0.3211,0.9471,6.5,8.3,8.3,station
2024-01-20,,,-3.5,-1.9,-3.0,,,-0.9,-1.7,-3.5,,,,53,0,23.5,14.49,0.0,0.3373,0.9414,-1.6,0.0,0.0,station
2024-01-21,,,3.2,2.7,2.0,,,3.7,2.8,1.8,,,,38,9,17.6,14.48,0.0,0.3534,0.9355,3.9,5.0,5.0,station
2024-01-22,,,7.3,8.8,10.6,,,8.1,8.3,9.2,,,,51,84,16.2,13.11,0.0,0.3695,0.9292,10.3,9.4,9.4,station
2024-01-23,,,11.9,12.0,11.3,,,9.4,10.9,12.0,,,,81,100,19.7,6.63,0.6,0.3854,0.9227,11.9,11.1,11.1,station
2024-01-24,,,16.2,16.5,17.1,,,16.0,16.4,18.1,,,,98,100,20.2,3.51,5.2,0.4012,0.916,17.3,17.2,17.2,station
2024-01-25,,,20.4,19.2,20.0,,,17.7,20.1,18.9,,,,94,98,27.7,5.19,31.8,0.4169,0.9089,22.4,22.2,22.2,station
2024-01-26,,,18.6,19.1,19.0,,,22.7,19.7,19.5,,,,89,100,14.3,8.65,0.1,0.4325,0.9016,20.9,20.0,20.0,station
2024-01-27,,,17.5,18.2,19.7,,,17.3,19.0,18.8,,,,96,100,24.9,2.97,11.6,0.4479,0.8941,18.7,18.3,18.3,station
2024-01-28,,,11.2,13.7,15.8,,,16.2,15.2,15.8,,,,73,96,33.7,6.53,0.0,0.4633,0.8862,14.8,11.7,11.7,station
2024-01-29,,,6.3,9.4,9.1,,,10.5,9.7,9.6,,,,67,37,29.6,14.63,0.0,0.4784,0.8781,10.4,12.2,12.2,station
2024-01-30,,,10.6,13.0,12.0,,,13.5,11.8,12.1,,,,71,10,15.3,15.14,0.7,0.4935,0.8698,13.3,15.6,15.6,station
2024-01-31,,,9.7,10.8,10.5,,,10.9,9.4,9.5,,,,73,15,22.8,14.46,0.4,0.5084,0.8611,10.4,12.8,12.8,station
2024-02-01,,,14.4,13.6,14.6,,,14.6,13.4,14.5,,,,73,46,10.9,15.25,0.0,0.5231,0.8523,13.8,17.2,17.2,station
2024-02-02,,,18.8,17.8,18.6,,,17.7,17.1,18.4,,,,69,35,14.8,15.35,0.0,0.5377,0.8432,17.6,21.1,21.1,station
2024-02-03,,,15.1,14.7,16.1,,,14.9,13.9,15.3,,,,69,33,21.7,15.47,0.0,0.5521,0.8338,13.8,16.7,16.7,station
2024-02-04,7.4,,8.7,7.9,9.0,,,9.3,8.0,8.2,8.25,0.73,,72,100,34.6,2.19,17.7,0.5664,0.8242,7.7,9.4,9.4,station
2024-02-05,11.1,,8.9,13.8,12.7,14.0,,10.1,12.8,15.3,11.62,2.13,-1.43,72,82,38.3,4.8,3.3,0.5805,0.8143,12.0,15.0,15.0,station
2024-02-06,13.7,,11.8,13.4,14.4,13.1,,14.5,14.2,15.6,13.32,1.1,-1.03,68,0,11.3,16.26,0.0,0.5944,0.8042,14.0,17.8,17.8,station
2024-02-07,12.4,,11.9,12.6,13.0,12.5,,13.9,12.0,12.8,12.47,0.46,-0.33,63,25,15.6,16.53,0.0,0.6081,0.7938,12.1,14.4,14.4,station
2024-02-08,12.5,,15.5,12.3,14.4,13.0,,14.0,13.0,13.2,13.68,1.54,0.38,64,99,15.0,12.08,0.0,0.6217,0.7833,13.0,13.3,13.3,station
2024-02-09,16.1,,16.5,18.0,19.3,16.1,,18.8,18.0,19.2,17.48,1.47,-0.55,78,98,13.0,9.27,0.0,0.6351,0.7725,18.3,17.2,17.2,station
2024-02-10,18.9,,18.3,18.3,19.5,18.2,,19.2,18.6,20.7,18.75,0.57,-0.43,88,100,15.6,6.12,4.5,0.6483,0.7614,18.2,18.9,18.9,station
2024-02-11,19.7,,20.0,19.3,18.8,18.9,,15.9,19.4,18.5,19.45,0.52,1.27,91,100,23.5,6.62,18.5,0.6613,0.7502,19.9,19.4,19.4,station
2024-02-12,17.8,,17.9,18.1,16.7,18.8,,18.8,19.0,18.2,17.62,0.63,-1.07,94,92,29.9,3.11,53.6,0.6741,0.7387,15.6,15.6,15.6,station
2024-02-13,11.7,,9.1,11.6,9.8,11.7,,12.6,11.8,11.2,10.55,1.3,-1.27,63,29,33.3,17.37,0.0,0.6867,0.727,11.9,13.3,13.3,station
2024-02-14,15.9,,13.6,15.9,13.7,15.7,,16.4,15.6,13.3,14.78,1.3,-0.47,61,1,13.5,17.44,0.0,0.6991,0.715,15.8,18.3,18.3,station
2024-02-15,17.5,,16.7,17.5,16.5,17.2,,17.6,16.3,15.0,17.05,0.53,0.53,65,44,14.6,17.33,0.0,0.7113,0.7029,17.8,20.0,20.0,station
2024-02-16,16.9,,19.0,17.0,18.4,17.4,,17.3,17.1,16.9,17.82,1.04,0.65,65,100,18.7,11.89,0.0,0.7233,0.6906,18.2,18.3,18.3,station
2024-02-17,12.1,,13.0,12.1,13.1,11.9,,12.6,11.8,13.0,12.57,0.55,0.25,67,100,26.7,10.87,1.2,0.735,0.678,12.7,13.9,13.9,station
2024-02-18,9.8,,10.5,10.8,8.6,10.1,,10.2,11.2,9.1,9.93,0.98,-0.22,49,95,21.3,15.08,0.0,0.7466,0.6653,10.0,11.7,11.7,station
2024-02-19,12.3,,14.0,13.7,12.0,12.8,,14.0,14.2,11.9,13.0,1.0,-0.22,48,37,16.7,18.55,0.0,0.7579,0.6523,13.1,16.7,16.7,station
2024-02-20,13.3,,16.0,14.2,12.7,13.4,,15.2,14.0,12.6,14.05,1.44,0.25,56,33,10.8,14.91,0.0,0.769,0.6392,13.9,16.7,16.7,station
2024-02-21,16.3,,17.3,17.0,16.3,15.4,,16.5,15.9,15.4,16.73,0.51,0.93,59,38,12.6,18.43,0.0,0.7799,0.6259,16.2,18.3,18.3,station
2024-02-22,18.2,,18.9,17.9,18.6,18.0,,18.0,18.4,18.8,18.4,0.44,0.1,59,72,26.5,15.28,0.4,0.7906,0.6124,18.8,21.1,21.1,station
2024-02-23,17.2,,15.2,18.5,17.8,16.5,,17.2,18.0,17.8,17.18,1.42,-0.2,70,48,27.3,15.81,6.5,0.801,0.5987,17.9,20.0,20.0,station
2024-02-24,13.9,,15.7,15.9,14.5,13.9,,14.5,15.4,12.7,15.0,0.96,0.88,44,7,36.5,18.37,0.1,0.8112,0.5848,16.3,18.3,18.3,station
2024-02-25,15.5,,18.0,16.7,15.8,15.1,,16.5,16.3,15.5,16.5,1.12,0.65,55,36,14.1,18.14,0.0,0.8211,0.5708,15.3,17.2,17.2,station
2024-02-26,20.1,,21.9,20.5,20.8,20.0,,20.9,20.0,20.9,20.82,0.77,0.38,49,28,20.5,19.12,0.0,0.8308,0.5566,20.7,22.2,22.2,station
2024-02-27,23.4,,21.3,22.4,24.5,20.8,,19.5,20.6,22.8,22.9,1.37,1.97,77,99,33.6,8.94,3.9,0.8402,0.5422,23.3,22.8,22.8,station
2024-02-28,23.0,,22.6,22.2,26.3,23.4,,23.1,22.1,27.2,23.52,1.88,-0.43,74,96,38.2,10.81,8.8,0.8495,0.5277,24.5,23.3,23.3,station
2024-02-29,12.0,,13.3,14.0,11.3,11.9,,13.2,13.2,10.4,12.65,1.22,0.47,36,99,20.8,11.74,0.0,0.8584,0.513,12.0,11.7,11.7,station
2024-03-01,8.5,,8.4,9.2,8.4,9.0,,10.3,8.5,6.9,8.62,0.39,-0.05,81,100,23.6,3.19,24.5,0.8671,0.4981,7.7,9.4,9.4,station
2024-03-02,16.7,,15.1,15.5,15.1,16.3,,18.1,15.4,15.1,15.6,0.76,-0.63,90,74,15.5,9.78,10.3,0.8755,0.4831,17.0,16.7,16.7,station
2024-03-03,19.6,,15.6,17.1,16.8,19.0,,22.5,19.9,16.3,17.28,1.68,-2.15,91,89,13.0,10.59,0.5,0.8837,0.468,20.3,20.6,20.6,station
2024-03-04,19.6,,17.4,20.6,18.8,21.3,,23.7,19.2,20.4,19.1,1.35,-2.05,87,71,17.1,10.8,0.0,0.8916,0.4527,20.4,17.2,17.2,station
2024-03-05,19.4,,17.5,15.8,17.0,18.1,,18.2,15.4,19.6,17.43,1.5,-0.4,90,100,20.9,5.47,7.9,0.8993,0.4373,17.2,15.6,15.6,station
2024-03-06,17.2,,17.4,20.3,17.5,21.3,,21.8,21.0,19.2,18.1,1.47,-2.72,90,85,18.7,11.7,21.1,0.9067,0.4218,19.0,17.2,17.2,station
2024-03-07,20.7,,19.3,21.1,19.9,20.5,,22.4,21.8,19.8,20.25,0.81,-0.88,80,36,15.0,18.41,0.0,0.9138,0.4061,21.5,23.9,23.9,station
2024-03-08,17.5,,17.7,16.8,18.6,17.1,,19.1,16.6,17.9,17.65,0.74,-0.03,84,98,29.0,6.14,21.9,0.9207,0.3904,19.0,18.9,18.9,station
2024-03-09,20.6,,19.1,20.5,19.7,21.3,,20.3,21.0,20.3,19.98,0.71,-0.75,85,97,25.6,9.24,28.3,0.9272,0.3745,20.8,20.0,20.0,station
2024-03-10,13.1,,9.6,13.4,11.7,13.2,,14.1,14.1,10.6,11.95,1.73,-1.05,50,27,29.7,22.31,0.0,0.9335,0.3585,13.7,16.1,16.1,station
2024-03-11,15.5,,16.5,15.4,14.5,16.0,,17.7,16.2,14.2,15.47,0.82,-0.55,48,62,20.5,20.79,0.0,0.9396,0.3424,15.3,18.3,18.3,station
2024-03-12,19.0,,20.9,20.6,19.9,19.0,,20.4,19.5,18.9,20.1,0.84,0.65,53,47,13.6,21.9,0.0,0.9453,0.3261,19.5,22.2,22.2,station
2024-03-13,20.8,,22.4,22.3,22.2,21.0,,22.1,21.4,21.8,21.93,0.75,0.35,63,72,10.5,17.26,0.0,0.9508,0.3098,20.8,23.3,23.3,station
2024-03-14,24.4,25.4,25.9,25.5,26.0,23.5,,25.0,25.0,26.0,25.44,0.63,0.56,73,32,13.4,19.61,0.0,0.956,0.2934,24.9,26.7,26.7,station
2024-03-15,19.4,18.6,19.9,19.7,24.8,21.6,18.5,20.4,20.4,27.1,20.48,2.47,-1.12,85,100,26.2,9.22,4.9,0.9609,0.2769,21.7,21.7,21.7,station
2024-03-16,21.7,19.5,18.3,23.9,23.2,21.6,19.7,23.1,24.6,20.4,21.32,2.39,-0.56,78,91,16.7,17.99,0.1,0.9655,0.2604,21.7,23.3,23.3,station
2024-03-17,16.1,16.5,19.7,15.2,15.3,15.9,16.8,19.2,17.9,18.4,16.56,1.84,-1.08,76,75,16.2,12.49,0.6,0.9698,0.2437,19.3,19.4,19.4,station
2024-03-18,14.1,12.4,12.4,13.6,12.5,12.1,11.0,13.6,12.9,11.8,13.0,0.8,0.72,58,26,31.9,19.09,0.0,0.9739,0.227,13.5,15.6,15.6,station
2024-03-19,13.2,12.7,14.7,13.6,13.6,13.0,12.1,15.2,13.6,13.4,13.56,0.74,0.1,44,0,23.4,23.77,0.0,0.9777,0.2102,13.4,15.6,15.6,station
2024-03-20,20.0,20.8,21.8,20.7,21.1,18.7,20.6,20.4,19.8,21.0,20.88,0.65,0.78,51,40,16.4,22.49,0.0,0.9811,0.1934,20.4,23.3,23.3,station
2024-03-21,21.2,23.7,23.5,23.4,22.6,20.7,23.3,21.4,22.4,23.2,22.88,1.03,0.68,63,40,11.7,21.62,0.0,0.9843,0.1765,22.0,23.9,23.9,station
2024-03-22,16.8,16.7,17.1,16.1,16.3,16.3,16.4,15.4,15.9,17.5,16.6,0.4,0.3,78,100,27.4,6.74,21.9,0.9872,0.1595,17.1,17.8,17.8,station
2024-03-23,19.0,17.4,17.2,19.9,16.4,16.7,15.6,18.1,16.5,16.0,17.98,1.43,1.4,75,63,32.4,16.64,0.0,0.9898,0.1425,18.9,20.6,20.6,station
2024-03-24,15.5,17.3,15.3,17.0,16.0,16.1,17.1,18.2,18.6,15.7,16.22,0.89,-0.92,58,54,22.0,23.14,0.0,0.9921,0.1255,15.5,18.3,18.3,station
2024-03-25,14.8,14.1,16.2,15.1,17.0,14.4,14.0,15.7,14.2,16.4,15.44,1.15,0.5,57,95,31.6,21.44,0.0,0.9941,0.1084,17.1,17.8,17.8,station
2024-03-26,19.5,15.8,16.8,16.5,17.7,17.7,14.5,15.6,15.7,17.5,17.26,1.43,1.06,88,94,34.2,6.63,7.8,0.9958,0.0913,19.5,16.7,16.7,station
2024-03-27,21.0,19.9,18.0,21.7,19.5,20.3,20.0,23.4,23.1,19.2,20.02,1.43,-1.18,73,50,16.4,23.46,0.0,0.9972,0.0741,21.0,22.8,22.8,station
2024-03-28,16.9,19.2,17.2,18.5,16.6,16.9,17.7,20.0,18.8,16.3,17.68,1.12,-0.26,49,43,27.4,24.1,0.0,0.9984,0.057,17.9,20.0,20.0,station
2024-03-29,19.5,20.4,21.0,20.5,20.6,19.4,20.4,21.0,20.5,20.6,20.4,0.55,0.02,53,2,12.9,24.93,0.0,0.9992,0.0398,19.2,21.7,21.7,station
2024-03-30,21.9,23.4,23.8,23.2,23.6,21.5,23.4,23.2,22.9,23.6,23.18,0.75,0.26,54,31,19.3,24.59,0.0,0.9997,0.0226,21.9,25.0,25.0,station
2024-03-31,23.2,23.5,25.8,23.8,27.1,23.4,23.6,25.5,24.2,27.7,24.68,1.69,-0.2,67,79,18.5,19.52,0.0,1.0,0.0054,24.2,26.7,26.7,station
2024-04-01,25.1,23.9,26.3,25.9,27.7,24.6,24.2,26.9,25.4,26.6,25.78,1.41,0.24,78,100,20.8,12.63,0.6,0.9999,-0.0118,24.3,25.0,25.0,station
2024-04-02,24.8,24.0,27.0,25.5,27.6,25.0,24.2,28.0,24.7,28.6,25.78,1.5,-0.32,77,97,26.9,14.14,2.8,0.9996,-0.029,25.8,26.7,26.7,station
2024-04-03,18.7,20.6,20.4,20.2,19.4,19.7,20.2,20.7,20.1,23.7,19.86,0.79,-1.02,67,63,31.6,21.46,22.8,0.9989,-0.0462,19.6,19.4,19.4,station
2024-04-04,14.3,15.8,14.9,14.8,13.4,13.0,15.2,14.8,13.1,11.7,14.64,0.88,1.08,46,37,34.9,22.32,0.0,0.998,-0.0634,16.0,17.8,17.8,station
2024-04-05,14.1,14.0,15.5,15.4,15.5,14.3,14.6,14.9,14.6,14.8,14.9,0.78,0.26,58,2,19.9,25.86,0.0,0.9968,-0.0805,14.9,17.8,17.8,station
2024-04-06,15.3,15.5,17.9,17.0,16.8,15.7,15.5,17.4,16.3,17.2,16.5,1.09,0.08,60,53,16.1,24.48,0.0,0.9952,-0.0977,16.2,18.9,18.9,station
2024-04-07,20.6,20.7,23.2,21.8,21.4,20.3,20.4,22.6,21.7,21.8,21.54,1.05,0.18,62,74,12.7,25.48,0.0,0.9934,-0.1148,20.8,22.2,22.2,station
2024-04-08,22.9,23.2,24.1,24.3,24.5,22.3,22.8,24.5,25.0,24.7,23.8,0.71,-0.06,59,63,14.8,23.93,0.0,0.9913,-0.1319,24.1,24.4,24.4,station
2024-04-09,17.2,18.2,20.3,17.1,21.7,17.8,18.6,20.4,17.6,22.1,18.9,2.03,-0.4,84,100,20.1,7.54,16.0,0.9889,-0.1489,18.9,18.9,18.9,station
2024-04-10,22.3,21.6,24.7,22.6,24.6,23.1,21.7,25.3,23.6,25.4,23.16,1.41,-0.66,85,100,39.7,12.29,18.7,0.9861,-0.1659,22.3,22.8,22.8,station
2024-04-11,20.9,21.4,19.5,21.2,21.5,21.4,20.5,23.0,21.6,19.7,20.9,0.82,-0.34,83,82,41.3,15.31,4.8,0.9831,-0.1828,22.3,23.3,23.3,station
2024-04-12,17.1,18.8,16.9,18.6,16.8,18.0,19.0,18.8,19.0,17.6,17.64,0.98,-0.84,54,4,37.3,26.64,0.1,0.9799,-0.1997,18.1,20.0,20.0,station
2024-04-13,21.3,22.6,22.9,22.7,22.6,20.9,22.5,23.0,21.9,22.3,22.42,0.64,0.3,49,0,18.7,26.85,0.0,0.9763,-0.2165,21.7,25.0,25.0,station
2024-04-14,26.2,27.0,28.4,27.2,27.6,26.1,26.8,27.2,26.1,27.6,27.28,0.81,0.52,59,23,19.7,23.15,0.0,0.9724,-0.2333,26.5,28.3,28.3,station
2024-04-15,26.1,27.0,28.7,28.5,28.1,26.6,27.1,28.3,28.0,29.2,27.68,1.1,-0.16,61,13,16.1,26.24,0.0,0.9683,-0.25,26.6,28.3,28.3,station
2024-04-16,27.0,26.2,29.6,27.8,26.5,26.4,26.6,26.9,26.9,27.1,27.42,1.36,0.64,60,95,14.8,23.25,0.0,0.9638,-0.2666,27.5,28.3,28.3,station
2024-04-17,23.4,24.4,26.7,25.9,26.3,23.3,24.2,26.0,24.4,26.3,25.34,1.39,0.5,66,100,16.9,17.04,7.2,0.9591,-0.2831,26.0,26.1,26.1,station
2024-04-18,27.9,27.6,29.5,29.2,28.3,28.3,27.9,31.2,29.0,28.1,28.5,0.82,-0.4,75,54,16.3,24.67,1.8,0.9541,-0.2996,28.0,29.4,29.4,station
2024-04-19,26.8,27.5,28.5,27.1,29.6,27.1,27.2,30.6,26.2,28.6,27.9,1.15,-0.04,75,55,14.3,23.6,0.3,0.9488,-0.316,29.0,28.9,28.9,station
2024-04-20,24.9,24.9,25.3,24.8,22.7,24.8,24.3,25.2,24.7,23.5,24.52,1.04,0.02,75,83,19.6,22.67,1.5,0.9432,-0.3322,27.4,25.6,25.6,station
2024-04-21,17.3,16.5,17.5,15.4,14.8,17.1,15.5,17.2,16.2,14.3,16.3,1.18,0.24,81,80,22.6,7.91,32.7,0.9373,-0.3484,16.3,15.6,15.6,station
2024-04-22,16.7,17.5,16.8,17.8,15.3,17.5,17.0,18.9,18.2,15.9,16.82,0.97,-0.68,55,7,20.3,27.05,0.0,0.9312,-0.3645,17.4,19.4,19.4,station
2024-04-23,21.3,22.0,21.3,22.0,19.9,21.3,21.7,22.6,21.4,19.9,21.3,0.86,-0.08,60,1,14.1,28.0,0.0,0.9248,-0.3804,21.4,21.7,21.7,station
2024-04-24,22.0,23.9,24.8,22.8,22.9,21.9,23.9,24.8,22.4,22.6,23.28,1.08,0.16,67,37,19.2,19.94,1.0,0.9181,-0.3963,23.7,23.9,23.9,station
2024-04-25,24.3,25.3,26.2,25.2,23.2,23.7,25.4,26.6,25.3,23.4,24.84,1.14,-0.04,63,37,8.7,25.41,0.0,0.9112,-0.412,25.2,25.6,25.6,station
2024-04-26,26.9,24.1,26.0,26.1,25.3,23.6,23.3,22.8,23.8,25.1,25.68,1.05,1.96,58,71,22.3,20.36,0.0,0.9039,-0.4276,26.7,27.2,27.2,station
2024-04-27,24.3,22.9,25.6,25.0,23.8,24.1,23.3,24.4,24.2,24.5,24.32,1.05,0.22,70,96,22.2,13.9,0.0,0.8965,-0.4431,24.6,24.4,24.4,station
2024-04-28,25.6,24.4,26.4,26.5,24.4,26.7,24.7,26.9,26.6,24.1,25.46,1.03,-0.34,65,23,23.3,25.97,0.0,0.8887,-0.4585,26.7,25.6,25.6,station
2024-04-29,25.5,24.1,26.6,25.4,25.3,26.3,24.6,28.1,26.1,26.2,25.38,0.89,-0.88,65,39,17.3,19.86,0.0,0.8807,-0.4737,25.4,25.6,25.6,station
2024-04-30,21.4,22.0,25.8,22.5,23.4,25.2,22.1,28.5,23.5,22.9,23.02,1.72,-1.42,70,67,15.6,19.6,3.3,0.8724,-0.4888,25.8,25.0,25.0,station
2024-05-01,27.3,27.4,28.7,27.5,25.7,27.6,27.3,29.4,27.7,25.9,27.32,1.07,-0.26,74,43,7.6,26.52,0.0,0.8639,-0.5037,27.1,28.9,28.9,station
2024-05-02,29.0,29.2,30.2,30.3,27.8,28.7,29.1,31.1,29.9,27.8,29.3,1.02,-0.02,58,45,14.5,26.04,0.0,0.8551,-0.5185,29.2,30.0,30.0,station
2024-05-03,30.1,27.8,28.6,24.8,27.6,28.8,25.8,28.0,23.7,25.8,27.78,1.93,1.36,56,77,18.4,23.81,0.7,0.846,-0.5331,30.0,30.6,30.6,station
2024-05-04,24.9,23.8,24.6,24.6,22.2,25.5,25.5,24.7,24.9,24.1,24.02,1.1,-0.92,71,71,15.5,19.23,3.2,0.8367,-0.5476,26.7,26.7,26.7,station
2024-05-05,27.1,28.0,29.0,28.6,26.7,27.0,27.5,30.6,27.0,25.3,27.88,0.97,0.4,79,60,15.3,23.13,1.8,0.8272,-0.5619,28.2,29.4,29.4,station
2024-05-06,26.8,26.9,28.0,27.9,26.6,25.0,25.2,27.5,26.3,25.8,27.24,0.66,1.28,80,65,15.3,20.26,20.5,0.8174,-0.5761,27.3,29.4,29.4,station
2024-05-07,28.5,28.1,29.2,30.3,29.3,28.7,28.8,30.8,28.6,29.2,29.08,0.84,-0.14,72,56,19.2,21.02,0.0,0.8074,-0.59,29.0,28.3,28.3,station
2024-05-08,28.5,28.3,29.5,28.5,30.6,29.5,28.8,32.9,29.9,30.6,29.08,0.97,-1.26,68,63,19.5,23.46,0.3,0.7971,-0.6038,30.7,30.0,30.0,station
2024-05-09,26.8,23.8,25.2,25.4,25.9,26.5,25.1,28.6,26.7,26.8,25.42,1.1,-1.32,85,81,23.0,13.22,39.0,0.7866,-0.6175,26.4,25.6,25.6,station
2024-05-10,26.5,25.3,24.1,26.3,22.1,27.2,26.2,28.0,25.4,22.4,24.86,1.81,-0.98,72,58,28.5,23.52,4.4,0.7759,-0.6309,27.2,27.8,27.8,station
2024-05-11,22.8,22.9,23.6,22.7,21.7,22.9,22.9,25.2,22.7,21.9,22.74,0.68,-0.38,59,7,17.9,28.39,0.0,0.7649,-0.6442,23.2,24.4,24.4,station
2024-05-12,24.5,24.7,27.1,25.5,21.6,25.1,25.2,26.5,24.5,23.3,24.68,2.0,-0.24,57,75,10.6,25.41,0.0,0.7537,-0.6572,24.8,26.7,26.7,station
2024-05-13,18.7,18.5,21.4,18.4,20.8,19.6,19.0,20.0,20.9,21.1,19.56,1.43,-0.56,78,100,23.4,9.24,4.9,0.7423,-0.6701,20.2,19.4,19.4,station
2024-05-14,23.3,23.7,24.5,24.2,21.8,24.1,23.1,26.3,24.6,23.3,23.5,1.06,-0.78,87,80,17.7,14.77,8.1,0.7306,-0.6828,26.0,25.0,25.0,station
2024-05-15,25.7,24.8,25.0,25.3,23.1,25.8,24.9,26.0,25.7,22.3,24.78,1.0,-0.16,75,19,22.3,24.82,1.2,0.7188,-0.6952,26.2,27.2,27.2,station
2024-05-16,28.1,27.6,29.1,28.4,26.4,28.0,27.6,31.0,28.4,26.8,27.92,1.01,-0.44,68,11,16.4,28.29,0.0,0.7067,-0.7075,28.5,28.9,28.9,station
2024-05-17,20.9,21.3,22.4,22.4,21.4,20.5,22.8,24.0,23.1,23.5,21.68,0.68,-1.1,85,100,17.3,8.53,23.1,0.6945,-0.7195,22.5,22.8,22.8,station
2024-05-18,23.8,22.3,27.7,24.4,22.5,25.1,23.0,23.8,23.0,24.0,24.14,2.18,0.36,92,88,18.4,9.11,23.2,0.682,-0.7314,23.5,24.4,24.4,station
2024-05-19,26.0,24.5,25.3,24.7,22.9,25.9,26.2,25.9,24.8,24.7,24.68,1.15,-0.82,83,66,16.9,19.42,8.8,0.6693,-0.743,26.2,28.3,28.3,station
2024-05-20,26.9,26.4,27.6,28.4,25.4,26.8,26.2,28.4,26.9,24.8,26.94,1.14,0.32,72,16,13.7,27.39,0.0,0.6564,-0.7544,27.8,28.9,28.9,station
2024-05-21,29.3,27.9,29.6,29.2,27.0,28.5,27.8,30.5,29.7,26.7,28.6,1.11,-0.04,62,38,10.7,26.13,0.1,0.6433,-0.7656,29.4,29.4,29.4,station
2024-05-22,29.2,28.1,30.2,28.6,28.4,29.8,27.8,31.2,29.5,28.4,28.9,0.83,-0.44,60,85,14.8,24.43,0.0,0.6301,-0.7765,29.8,30.0,30.0,station
2024-05-23,28.6,28.2,31.2,27.5,27.6,30.6,27.8,31.5,30.6,28.8,28.62,1.51,-1.24,69,87,21.9,18.81,2.9,0.6166,-0.7873,30.3,30.6,30.6,station
2024-05-24,30.1,28.3,31.9,29.6,29.3,29.2,26.8,32.7,27.5,26.3,29.84,1.33,1.34,72,76,14.1,20.89,5.9,0.603,-0.7978,29.6,31.7,31.7,station
2024-05-25,28.6,25.5,28.4,26.1,29.5,31.2,28.2,32.6,28.8,29.2,27.62,1.73,-2.38,73,58,23.5,19.99,1.0,0.5892,-0.808,31.6,28.9,28.9,station
2024-05-26,32.6,29.0,33.5,31.0,30.6,31.0,29.8,32.6,32.0,30.7,31.34,1.76,0.12,68,53,23.2,22.69,0.6,0.5752,-0.818,33.2,31.7,31.7,station
2024-05-27,30.4,25.0,31.4,29.9,25.7,30.2,25.2,30.7,28.2,27.1,28.48,2.92,0.2,77,63,24.0,18.6,10.1,0.561,-0.8278,29.6,30.0,30.0,station
2024-05-28,28.8,28.9,29.5,29.8,28.0,30.1,29.2,30.9,29.4,27.0,29.0,0.7,-0.32,63,13,21.5,28.75,0.0,0.5467,-0.8373,29.9,30.0,30.0,station
2024-05-29,28.9,28.2,28.8,29.1,27.3,28.3,28.0,28.9,29.4,27.7,28.46,0.73,0.0,48,33,21.8,28.68,0.0,0.5322,-0.8466,29.1,30.0,30.0,station
2024-05-30,28.0,26.9,28.6,27.8,27.1,27.4,26.7,25.0,25.7,25.9,27.68,0.69,1.54,46,24,16.8,29.76,0.0,0.5176,-0.8556,29.1,28.3,28.3,station
2024-05-31,28.5,27.0,29.3,28.4,28.0,28.7,26.8,29.5,28.6,27.6,28.24,0.84,0.0,51,77,20.4,28.09,0.0,0.5028,-0.8644,28.6,27.8,27.8,station
2024-06-01,24.4,21.6,27.3,23.6,24.5,29.8,22.9,28.0,28.7,25.9,24.28,2.05,-2.78,53,91,20.9,14.05,0.2,0.4878,-0.8729,25.4,25.0,25.0,station
2024-06-02,26.6,25.1,28.1,26.8,25.3,27.1,24.5,26.9,27.7,26.3,26.38,1.22,-0.12,69,84,20.7,19.26,3.4,0.4728,-0.8812,29.9,28.9,28.9,station
2024-06-03,28.7,28.2,30.1,27.8,26.6,28.7,27.8,30.4,29.9,28.2,28.28,1.28,-0.72,76,52,13.6,22.65,1.5,0.4575,-0.8892,29.7,30.6,30.6,station
2024-06-04,28.0,28.2,30.5,28.9,28.1,28.7,26.2,28.7,29.7,28.1,28.74,1.05,0.46,76,75,20.4,22.95,1.3,0.4422,-0.8969,30.5,29.4,29.4,station
2024-06-05,32.0,26.8,31.8,31.6,29.7,30.9,26.7,32.2,30.1,29.6,30.38,2.2,0.48,79,71,20.3,22.53,4.3,0.4267,-0.9044,29.5,29.4,29.4,station
2024-06-06,29.5,28.6,28.7,30.3,25.7,27.7,28.2,32.4,26.6,28.4,28.56,1.74,-0.1,84,63,20.5,14.6,5.8,0.4111,-0.9116,28.3,29.4,29.4,station
2024-06-07,29.8,29.5,31.8,30.5,26.8,29.4,29.9,30.7,30.5,27.7,29.68,1.84,0.04,61,3,20.2,29.1,0.0,0.3953,-0.9185,30.3,30.6,30.6,station
2024-06-08,30.8,28.9,33.7,30.8,27.7,30.5,29.5,32.4,31.1,28.5,30.38,2.28,-0.02,50,28,12.6,29.39,0.0,0.3795,-0.9252,30.5,30.0,30.0,station
2024-06-09,33.3,31.0,34.2,32.5,32.5,33.3,30.2,33.1,33.5,32.6,32.7,1.18,0.16,54,38,22.4,26.54,0.4,0.3635,-0.9316,33.6,33.9,33.9,station
2024-06-10,29.9,27.8,28.8,27.9,25.7,28.6,27.0,29.8,27.3,26.0,28.02,1.55,0.28,59,60,17.6,23.11,0.1,0.3474,-0.9377,30.0,28.9,28.9,station
2024-06-11,30.0,28.6,30.9,28.4,27.4,28.9,28.7,29.7,28.8,27.4,29.06,1.38,0.36,46,49,13.2,30.12,0.0,0.3312,-0.9436,30.8,30.0,30.0,station
2024-06-12,32.7,30.0,34.1,30.1,30.3,33.2,29.3,32.4,30.3,28.0,31.44,1.86,0.8,49,64,13.5,23.09,0.0,0.3149,-0.9491,32.8,30.6,30.6,station
2024-06-13,33.3,31.5,33.5,31.7,31.6,34.1,30.7,31.9,31.9,31.6,32.32,0.99,0.28,51,33,14.5,25.51,0.0,0.2986,-0.9544,32.6,31.7,31.7,station
2024-06-14,34.9,33.8,36.1,33.7,33.5,35.6,33.3,37.3,33.7,33.3,34.4,1.1,-0.24,50,23,8.4,25.77,0.0,0.2821,-0.9594,34.8,35.0,35.0,station
2024-06-15,35.7,33.9,36.5,35.1,34.1,37.3,34.4,38.8,35.6,33.1,35.06,1.09,-0.78,58,30,14.0,23.91,0.8,0.2656,-0.9641,34.8,36.1,36.1,station
2024-06-16,35.3,33.6,36.7,34.2,33.7,35.2,32.5,35.5,34.0,33.6,34.7,1.31,0.54,54,24,18.8,26.37,0.0,0.2489,-0.9685,34.6,35.6,35.6,station
2024-06-17,34.0,32.3,33.5,32.3,33.1,34.3,31.7,33.9,32.4,32.3,33.04,0.75,0.12,56,53,17.7,27.07,0.1,0.2322,-0.9727,33.5,33.3,33.3,station
2024-06-18,31.0,29.8,33.5,31.5,31.0,31.9,29.8,33.0,31.3,30.5,31.36,1.35,0.06,55,92,25.8,25.5,0.3,0.2155,-0.9765,31.5,31.7,31.7,station
2024-06-19,30.7,28.3,32.8,31.0,30.8,30.8,28.9,31.3,29.8,30.1,30.72,1.6,0.54,54,95,23.5,25.17,0.0,0.1986,-0.9801,30.7,31.7,31.7,station
2024-06-20,31.8,29.7,33.1,31.5,31.0,32.9,28.9,33.7,31.8,31.0,31.42,1.24,-0.24,52,38,23.4,26.05,0.0,0.1818,-0.9833,32.1,31.7,31.7,station
2024-06-21,33.6,31.7,34.7,33.1,31.7,34.1,31.0,35.1,33.2,32.0,32.96,1.29,-0.12,52,7,14.8,28.13,0.0,0.1648,-0.9863,33.8,33.3,33.3,station
2024-06-22,34.8,32.8,36.1,34.4,33.3,34.8,32.6,36.3,34.8,33.0,34.28,1.3,-0.02,50,53,18.5,26.65,0.0,0.1478,-0.989,34.8,35.6,35.6,station
2024-06-23,36.3,34.6,37.3,35.3,34.4,36.5,33.8,36.6,35.3,34.4,35.58,1.22,0.26,47,20,19.0,25.69,0.0,0.1308,-0.9914,36.8,36.1,36.1,station
2024-06-24,34.9,34.5,36.2,34.8,33.4,36.6,33.9,36.8,36.2,33.9,34.76,1.0,-0.72,44,15,23.4,27.82,0.0,0.1137,-0.9935,36.2,36.1,36.1,station
2024-06-25,35.4,34.0,37.6,35.4,34.6,35.9,33.8,38.5,35.0,34.1,35.4,1.36,-0.06,40,5,11.5,29.59,0.0,0.0966,-0.9953,35.8,35.6,35.6,station
2024-06-26,37.2,34.9,38.9,36.8,35.6,38.0,35.1,38.4,36.9,35.4,36.68,1.54,-0.08,41,34,26.3,27.99,1.0,0.0795,-0.9968,37.9,37.2,37.2,station
2024-06-27,31.8,29.7,32.2,28.3,28.9,33.7,31.5,36.3,33.3,32.1,30.18,1.74,-3.2,75,87,15.9,12.87,2.7,0.0623,-0.9981,29.7,32.8,32.8,station
2024-06-28,30.3,29.8,30.6,31.7,29.9,33.1,30.5,33.0,28.9,29.4,30.46,0.76,-0.52,76,50,17.1,24.74,14.9,0.0451,-0.999,34.0,32.2,32.2,station
2024-06-29,30.3,29.7,33.6,32.3,28.5,30.6,30.4,34.8,32.5,30.3,30.88,2.05,-0.84,76,70,22.1,19.29,2.7,0.028,-0.9996,33.4,31.7,31.7,station
2024-06-30,33.4,34.2,35.5,33.4,32.2,34.4,33.6,35.9,33.5,31.1,33.74,1.22,0.04,71,78,18.7,24.05,1.6,0.0108,-0.9999,35.0,35.6,35.6,station
2024-07-01,35.6,34.0,37.4,34.0,33.1,32.7,33.1,34.4,33.9,31.1,34.82,1.7,1.78,66,28,15.6,26.0,3.3,-0.0065,-1.0,35.9,36.1,36.1,station
2024-07-02,32.4,28.7,31.4,32.4,28.7,31.2,26.8,31.9,30.7,29.8,30.72,1.89,0.64,65,61,26.0,20.3,0.0,-0.0237,-0.9997,32.7,32.2,32.2,station
2024-07-03,33.7,30.7,35.0,33.7,33.6,33.0,30.7,33.3,33.5,31.7,33.34,1.59,0.9,68,32,15.9,22.62,1.4,-0.0408,-0.9992,33.2,33.3,33.3,station
2024-07-04,33.7,33.0,35.5,32.7,34.0,35.9,32.5,33.8,33.8,34.0,33.78,1.09,-0.22,69,42,13.3,22.38,1.6,-0.058,-0.9983,33.4,35.6,35.6,station
2024-07-05,32.9,32.2,34.6,32.4,33.6,32.4,31.9,35.5,32.8,33.9,33.14,0.98,-0.16,71,46,16.8,20.71,13.2,-0.0752,-0.9972,33.3,33.9,33.9,station
2024-07-06,32.4,32.4,34.4,32.9,32.4,32.0,32.1,36.6,30.4,32.0,32.9,0.87,0.28,86,84,11.1,17.59,22.9,-0.0923,-0.9957,32.2,32.8,32.8,station
2024-07-07,30.8,31.5,30.7,31.9,29.0,31.1,32.0,35.9,33.3,33.5,30.78,1.11,-2.38,83,85,15.2,20.41,22.7,-0.1094,-0.994,31.7,32.2,32.2,station
2024-07-08,31.0,32.3,34.5,33.5,31.2,32.2,32.8,35.3,32.7,31.0,32.5,1.5,-0.3,82,94,11.5,22.88,1.5,-0.1265,-0.992,32.2,31.7,31.7,station
2024-07-09,31.2,32.1,31.7,33.2,30.3,31.2,32.5,35.0,33.5,31.5,31.7,1.07,-1.04,79,77,16.7,20.94,3.7,-0.1436,-0.9896,31.5,32.8,32.8,station
2024-07-10,30.2,28.2,32.1,31.0,29.6,31.8,30.2,32.6,33.4,29.4,30.22,1.47,-1.26,68,54,18.3,27.65,0.2,-0.1606,-0.987,31.3,30.6,30.6,station
2024-07-11,31.1,31.0,34.2,32.0,31.9,31.9,30.8,34.6,33.4,31.4,32.04,1.29,-0.38,60,62,12.1,27.49,0.0,-0.1775,-0.9841,31.0,32.8,32.8,station
2024-07-12,32.6,32.9,35.4,33.3,33.2,33.9,32.7,34.9,34.7,34.3,33.48,1.11,-0.62,56,21,8.4,24.84,0.0,-0.1944,-0.9809,33.0,34.4,34.4,station
2024-07-13,34.1,34.2,36.2,34.5,34.4,34.8,33.8,38.3,34.8,34.6,34.68,0.86,-0.58,56,14,8.4,25.84,1.0,-0.2113,-0.9774,33.6,35.6,35.6,station
2024-07-14,35.3,35.0,36.9,36.2,34.4,35.6,34.9,38.4,35.8,34.9,35.56,0.99,-0.36,51,24,9.4,25.85,0.0,-0.2281,-0.9736,35.5,36.1,36.1,station
2024-07-15,34.9,34.4,36.6,35.6,34.1,34.9,33.9,37.2,36.7,34.6,35.12,1.0,-0.34,61,57,11.9,22.32,1.6,-0.2448,-0.9696,35.1,34.4,34.4,station
2024-07-16,34.0,31.9,34.8,31.7,32.4,33.4,32.6,35.5,32.7,32.3,32.96,1.37,-0.34,73,74,23.3,23.45,4.0,-0.2614,-0.9652,30.9,32.2,32.2,station
2024-07-17,33.3,31.3,34.3,32.3,31.4,31.1,32.0,35.1,31.7,31.6,32.52,1.28,0.22,68,55,19.6,21.95,1.2,-0.278,-0.9606,33.3,32.8,32.8,station
2024-07-18,30.5,30.6,32.4,31.3,31.3,29.0,29.6,35.1,29.6,27.0,31.22,0.76,1.16,82,64,21.4,19.07,6.2,-0.2945,-0.9557,30.8,32.2,32.2,station
2024-07-19,29.1,26.5,28.9,29.0,28.6,27.0,26.8,24.7,27.8,27.6,28.42,1.09,1.64,89,98,9.0,14.14,24.8,-0.3109,-0.9505,28.3,30.0,30.0,station
2024-07-20,25.1,27.0,29.7,27.4,25.2,28.5,27.0,30.5,26.1,24.8,26.88,1.89,-0.5,89,99,14.3,16.43,14.1,-0.3272,-0.945,28.7,27.8,27.8,station
2024-07-21,27.2,28.5,28.8,27.3,28.4,27.4,27.6,31.2,28.5,29.1,28.04,0.74,-0.72,87,98,13.3,21.06,6.1,-0.3434,-0.9392,30.1,30.6,30.6,station
2024-07-22,28.6,28.9,27.7,30.8,27.4,27.7,29.0,30.9,29.9,26.4,28.68,1.34,-0.1,83,86,13.7,23.3,3.3,-0.3595,-0.9332,29.0,30.0,30.0,station
2024-07-23,27.3,28.4,31.3,30.1,27.9,27.9,28.7,31.6,29.9,28.8,29.0,1.66,-0.38,91,93,13.2,14.2,28.9,-0.3755,-0.9268,26.7,31.1,31.1,station
2024-07-24,28.2,28.9,29.9,28.2,28.2,28.2,28.9,33.9,30.2,28.1,28.68,0.75,-1.18,89,100,9.3,15.17,14.0,-0.3914,-0.9202,28.8,30.6,30.6,station
2024-07-25,27.1,28.6,27.7,27.9,26.9,26.8,28.6,30.4,27.5,28.4,27.64,0.68,-0.7,86,93,14.8,18.36,1.0,-0.4071,-0.9134,27.9,30.6,30.6,station
2024-07-26,28.5,29.4,29.0,30.5,28.9,29.3,30.1,31.0,31.5,27.5,29.26,0.76,-0.62,88,69,14.9,20.76,7.9,-0.4228,-0.9062,29.4,31.7,31.7,station
2024-07-27,28.5,28.1,28.6,30.0,29.3,28.0,28.7,30.8,29.9,28.4,28.9,0.75,-0.26,84,98,14.3,16.34,0.2,-0.4383,-0.8988,28.6,28.9,28.9,station
2024-07-28,27.3,27.3,27.4,26.4,28.6,27.7,27.0,30.9,29.5,28.6,27.4,0.78,-1.34,91,99,11.5,10.03,44.9,-0.4537,-0.8912,26.3,26.1,26.1,station
2024-07-29,27.2,26.9,27.9,27.9,26.5,26.8,27.9,30.5,27.5,25.3,27.28,0.62,-0.32,88,81,10.9,17.56,5.6,-0.469,-0.8832,29.0,30.0,30.0,station
2024-07-30,30.0,30.8,30.3,32.3,32.2,29.7,30.5,35.7,30.6,31.4,31.12,1.07,-0.46,88,69,20.0,19.43,7.1,-0.4841,-0.875,29.3,32.8,32.8,station
2024-07-31,30.5,31.5,33.5,33.4,32.3,31.9,32.6,37.2,34.7,34.3,32.24,1.28,-1.9,90,91,16.4,18.17,8.2,-0.4991,-0.8666,31.1,32.8,32.8,station
2024-08-01,32.5,32.7,34.3,34.1,33.3,33.0,32.9,37.4,35.7,34.2,33.38,0.81,-1.26,83,37,11.7,23.99,0.5,-0.5139,-0.8578,32.0,34.4,34.4,station
2024-08-02,32.8,32.7,36.1,35.0,32.9,33.7,32.8,37.2,36.1,33.9,33.9,1.56,-0.84,74,31,15.6,25.29,2.9,-0.5286,-0.8489,33.2,33.9,33.9,station
2024-08-03,29.5,30.7,32.5,31.9,27.9,29.8,30.8,35.0,32.7,29.7,30.5,1.85,-1.1,82,33,14.5,24.18,6.1,-0.5431,-0.8397,29.6,32.2,32.2,station
2024-08-04,30.7,31.1,31.3,32.0,31.4,30.3,31.3,34.7,33.1,31.4,31.3,0.47,-0.86,82,35,13.4,22.59,0.6,-0.5575,-0.8302,30.5,32.2,32.2,station
2024-08-05,30.4,30.7,30.2,31.2,29.3,30.5,30.9,31.1,30.9,28.4,30.36,0.7,0.0,77,51,21.5,24.11,1.7,-0.5717,-0.8205,30.9,33.3,33.3,station
2024-08-06,32.7,31.8,34.1,32.9,30.5,31.8,32.1,34.4,33.9,29.7,32.4,1.34,0.02,71,100,19.7,19.81,0.2,-0.5857,-0.8105,31.6,32.8,32.8,station
2024-08-07,33.3,33.0,35.3,34.5,33.1,33.9,33.1,36.3,34.9,33.3,33.84,1.01,-0.46,70,22,19.4,26.24,0.0,-0.5996,-0.8003,33.5,35.6,35.6,station
2024-08-08,33.6,32.8,34.8,33.2,33.7,33.9,32.2,32.3,34.4,33.2,33.62,0.75,0.42,68,17,19.9,24.77,0.0,-0.6132,-0.7899,33.8,35.0,35.0,station
2024-08-09,32.8,33.2,34.9,33.0,32.6,32.8,32.6,36.8,33.3,33.1,33.3,0.92,-0.42,69,13,12.3,24.18,0.2,-0.6267,-0.7792,32.7,35.0,35.0,station
2024-08-10,32.5,33.0,34.3,33.2,32.6,33.5,33.9,36.0,33.2,33.0,33.12,0.72,-0.8,63,0,12.8,26.1,0.0,-0.64,-0.7683,32.6,33.3,33.3,station
2024-08-11,32.5,31.8,34.1,32.4,31.1,32.6,32.5,37.3,32.9,31.8,32.38,1.11,-1.04,60,16,12.6,26.38,0.0,-0.6532,-0.7572,32.4,32.8,32.8,station
2024-08-12,31.9,31.3,33.6,32.2,31.6,32.5,31.9,35.6,32.4,31.4,32.12,0.89,-0.64,57,27,14.9,26.11,0.0,-0.6661,-0.7459,32.1,32.8,32.8,station
2024-08-13,32.5,32.0,33.7,32.4,32.0,32.4,32.0,35.4,32.8,31.7,32.52,0.7,-0.34,57,18,15.3,25.25,0.0,-0.6788,-0.7343,32.3,33.3,33.3,station
2024-08-14,30.6,30.2,33.0,30.9,31.3,31.8,30.2,35.6,30.1,31.5,31.2,1.08,-0.64,68,48,13.6,23.81,0.1,-0.6914,-0.7225,31.2,32.8,32.8,station
2024-08-15,31.3,30.6,30.2,31.2,30.3,31.7,30.6,33.3,31.4,30.7,30.72,0.51,-0.82,65,32,13.0,23.0,0.4,-0.7037,-0.7105,31.3,31.1,31.1,station
2024-08-16,32.9,31.5,33.8,33.0,32.3,32.8,31.3,35.1,33.2,31.6,32.7,0.86,-0.1,64,35,12.1,23.49,7.2,-0.7158,-0.6983,32.8,32.8,32.8,station
2024-08-17,34.6,31.3,34.3,33.2,29.8,34.3,31.6,37.4,34.0,32.5,32.64,2.05,-1.32,78,48,17.3,21.56,10.8,-0.7277,-0.6859,33.5,34.4,34.4,station
2024-08-18,32.3,31.5,32.8,32.3,31.2,32.6,31.4,35.7,30.8,28.6,32.02,0.65,0.2,76,28,20.7,23.51,4.6,-0.7394,-0.6733,32.8,32.2,32.2,station
2024-08-19,29.7,29.0,31.3,30.5,28.8,31.2,29.5,32.5,29.9,28.3,29.86,1.05,-0.42,68,4,18.7,24.8,0.0,-0.7509,-0.6605,30.7,31.1,31.1,station
2024-08-20,29.7,28.7,31.8,29.9,29.3,30.0,27.9,31.7,29.8,29.1,29.88,1.17,0.18,61,5,16.4,24.37,0.1,-0.7621,-0.6474,30.3,31.1,31.1,station
2024-08-21,29.5,25.7,30.1,29.1,28.9,29.6,26.0,30.2,30.2,30.0,28.66,1.72,-0.54,57,22,17.8,24.0,0.0,-0.7731,-0.6342,29.4,28.9,28.9,station
2024-08-22,29.5,26.6,28.3,28.5,28.0,29.6,26.6,32.2,29.2,28.7,28.18,1.05,-1.08,59,25,19.6,24.3,0.0,-0.7839,-0.6208,28.9,28.3,28.3,station
2024-08-23,29.1,27.2,29.6,29.1,27.2,29.9,27.0,30.9,29.1,27.5,28.44,1.15,-0.44,55,0,18.0,26.07,0.0,-0.7945,-0.6073,28.5,28.9,28.9,station
2024-08-24,30.1,27.8,31.2,30.1,29.0,30.6,28.3,32.3,30.3,28.8,29.64,1.29,-0.42,53,1,15.7,25.73,0.0,-0.8048,-0.5935,29.6,30.6,30.6,station
2024-08-25,31.4,29.0,32.8,31.5,30.3,31.9,29.1,33.8,31.6,29.9,31.0,1.43,-0.26,52,0,14.5,25.95,0.0,-0.8149,-0.5796,30.9,31.7,31.7,station
2024-08-26,32.0,30.4,33.5,32.8,31.9,32.7,29.9,34.8,32.7,32.0,32.12,1.16,-0.3,54,0,11.0,25.43,0.0,-0.8248,-0.5655,31.4,32.8,32.8,station
2024-08-27,33.1,31.5,34.2,34.0,33.2,33.5,31.7,36.4,34.3,33.3,33.2,1.07,-0.64,61,1,8.4,24.71,0.0,-0.8344,-0.5512,32.4,34.4,34.4,station
2024-08-28,33.7,33.0,35.9,34.4,34.3,33.7,32.4,37.4,35.0,34.6,34.26,1.07,-0.36,59,7,9.5,22.52,0.0,-0.8437,-0.5368,32.7,35.6,35.6,station
2024-08-29,34.5,33.7,35.8,34.1,34.0,34.4,33.6,38.3,35.1,35.1,34.42,0.82,-0.88,63,29,14.5,19.83,0.3,-0.8528,-0.5222,33.9,35.6,35.6,station
2024-08-30,34.1,33.7,34.4,33.2,31.0,33.2,33.4,34.9,33.5,32.6,33.28,1.35,-0.24,68,36,10.0,20.64,3.2,-0.8617,-0.5074,32.3,35.0,35.0,station
2024-08-31,33.4,32.1,34.2,32.8,31.5,33.9,32.8,35.9,32.4,31.5,32.8,1.06,-0.5,68,61,13.0,21.07,0.1,-0.8703,-0.4925,32.7,33.9,33.9,station
2024-09-01,32.7,32.2,34.7,32.6,32.6,33.1,32.2,34.7,34.1,32.3,32.96,0.99,-0.32,77,47,18.9,18.16,9.0,-0.8786,-0.4775,32.1,34.4,34.4,station
2024-09-02,31.6,30.3,30.5,31.2,29.9,32.9,31.2,31.6,32.6,32.1,30.7,0.69,-1.38,74,22,9.4,22.18,1.1,-0.8867,-0.4623,31.5,34.4,34.4,station
2024-09-03,29.8,27.1,29.7,29.1,25.6,29.4,27.7,30.7,29.2,26.0,28.26,1.84,-0.34,65,71,25.6,19.01,0.9,-0.8945,-0.447,29.2,29.4,29.4,station
2024-09-04,29.0,25.6,28.9,27.0,27.0,29.2,25.2,29.6,25.9,25.2,27.5,1.44,0.48,51,48,23.4,23.66,0.0,-0.9021,-0.4315,28.5,28.9,28.9,station
2024-09-05,26.6,24.6,26.5,26.4,27.8,28.8,24.5,25.8,27.2,26.5,26.38,1.15,-0.18,59,90,18.8,21.07,0.0,-0.9094,-0.4159,29.3,28.3,28.3,station
2024-09-06,24.9,23.1,28.3,23.3,25.0,22.6,23.3,23.2,25.1,24.3,24.92,2.08,1.22,67,100,15.9,8.83,1.7,-0.9164,-0.4002,26.2,26.1,26.1,station
2024-09-07,28.6,27.8,30.9,29.0,28.5,28.5,27.5,31.1,29.8,27.6,28.96,1.17,0.06,71,39,17.0,22.09,0.2,-0.9232,-0.3844,29.5,30.6,30.6,station
2024-09-08,27.2,23.3,27.5,26.5,25.8,27.3,23.2,26.0,26.0,27.0,26.06,1.68,0.16,52,9,19.4,21.82,0.0,-0.9296,-0.3685,27.4,27.8,27.8,station
2024-09-09,29.4,27.2,29.8,29.5,28.9,29.5,25.9,30.4,29.1,27.6,28.96,1.04,0.46,58,10,15.2,22.69,0.0,-0.9358,-0.3524,29.0,28.9,28.9,station
2024-09-10,29.6,27.4,30.9,30.1,28.6,30.3,27.6,31.5,30.5,30.4,29.32,1.36,-0.74,58,38,13.4,23.4,0.0,-0.9418,-0.3363,28.9,30.0,30.0,station
2024-09-11,27.4,24.7,28.6,25.1,25.2,27.7,24.3,27.2,24.9,26.7,26.2,1.71,0.04,58,100,23.6,17.04,1.5,-0.9474,-0.32,27.2,24.4,24.4,station
2024-09-12,22.3,20.7,25.8,21.5,23.1,23.5,20.8,21.4,22.0,22.4,22.68,1.96,0.66,87,94,36.2,7.55,10.0,-0.9528,-0.3037,23.1,22.8,22.8,station
2024-09-13,23.2,22.7,25.5,23.6,24.0,24.0,22.1,21.7,22.9,22.1,23.8,1.07,1.24,87,93,22.8,9.64,7.0,-0.9579,-0.2873,26.0,23.9,23.9,station
2024-09-14,22.9,22.9,24.5,21.5,22.5,23.0,22.7,21.4,22.2,21.4,22.86,1.08,0.72,88,100,29.6,7.44,10.3,-0.9627,-0.2707,25.7,22.8,22.8,station
2024-09-15,26.6,23.8,25.0,25.0,24.4,25.0,23.9,26.8,24.7,23.7,24.96,1.04,0.14,78,79,25.6,10.25,2.5,-0.9672,-0.2541,25.3,25.6,25.6,station
2024-09-16,28.3,26.2,28.8,26.0,26.4,27.6,24.6,30.1,27.0,26.1,27.14,1.31,0.06,65,14,20.9,22.38,0.0,-0.9714,-0.2375,27.6,27.8,27.8,station
2024-09-17,27.0,26.8,29.4,24.9,26.1,29.0,28.4,30.9,27.8,28.1,26.84,1.65,-2.0,72,52,22.1,16.41,0.2,-0.9753,-0.2207,25.4,28.3,28.3,station
2024-09-18,26.4,25.3,27.9,27.4,28.3,27.4,27.2,31.2,26.6,29.2,27.06,1.21,-1.26,77,29,14.8,16.85,0.2,-0.979,-0.2039,27.9,27.8,27.8,station
2024-09-19,28.3,27.4,29.8,29.1,27.8,29.1,27.5,30.2,29.4,29.4,28.48,0.97,-0.64,74,27,10.7,19.61,0.3,-0.9824,-0.187,29.0,31.1,31.1,station
2024-09-20,30.8,30.1,32.8,30.9,30.2,31.1,29.4,33.2,30.8,29.4,30.96,1.09,0.18,67,6,8.0,20.8,0.0,-0.9854,-0.1701,30.9,33.3,33.3,station
2024-09-21,31.7,31.6,33.7,31.8,32.0,31.0,30.3,33.6,31.5,30.9,32.16,0.87,0.7,63,21,11.0,20.25,0.0,-0.9882,-0.1531,31.8,33.9,33.9,station
2024-09-22,32.7,32.8,33.4,33.0,33.2,32.5,32.3,34.9,32.7,33.1,33.02,0.29,-0.08,59,10,14.0,20.23,0.0,-0.9907,-0.1361,33.0,35.6,35.6,station
2024-09-23,32.7,33.1,33.0,33.3,33.1,32.5,32.6,34.4,33.1,32.8,33.04,0.22,-0.04,59,24,10.5,18.69,0.0,-0.9929,-0.1191,32.7,33.9,33.9,station
2024-09-24,32.1,31.9,33.4,32.3,31.9,32.0,31.6,33.7,32.5,32.4,32.32,0.63,-0.12,67,35,17.1,17.15,3.4,-0.9948,-0.102,31.1,32.8,32.8,station
2024-09-25,24.0,24.6,27.7,24.2,24.8,24.3,24.8,30.8,25.3,25.6,25.06,1.51,-1.1,80,90,18.9,11.5,32.0,-0.9964,-0.0848,30.4,29.4,29.4,station
2024-09-26,22.2,20.9,23.2,22.2,21.5,21.7,20.8,21.1,22.5,21.4,22.0,0.86,0.5,96,100,15.6,2.3,103.3,-0.9977,-0.0677,22.1,22.8,22.8,station
2024-09-27,24.0,22.5,22.8,23.5,22.4,24.3,22.0,25.3,24.1,21.8,23.04,0.69,-0.46,76,59,44.6,18.1,45.4,-0.9987,-0.0505,24.4,23.3,23.3,station
2024-09-28,24.4,23.0,21.2,23.5,22.3,25.5,23.1,25.5,26.5,23.2,22.88,1.21,-1.88,72,53,29.5,13.92,0.0,-0.9994,-0.0333,24.8,25.6,25.6,station
2024-09-29,24.8,23.5,23.9,26.0,25.1,25.4,23.2,26.1,25.1,24.6,24.66,0.99,-0.22,79,43,16.7,16.29,0.3,-0.9999,-0.0161,25.2,25.6,25.6,station
2024-09-30,25.8,25.2,25.4,25.8,25.3,25.3,24.1,26.8,26.1,25.3,25.5,0.28,-0.02,84,31,14.9,16.75,0.4,-1.0,0.0011,25.5,26.1,26.1,station
2024-10-01,25.2,25.7,24.1,25.9,24.5,25.6,25.4,28.0,26.0,24.7,25.08,0.77,-0.86,80,65,14.5,13.86,0.2,-0.9998,0.0183,26.2,27.8,27.8,station
2024-10-02,26.9,27.7,27.1,27.8,26.2,26.8,27.6,29.7,28.1,26.4,27.14,0.65,-0.58,79,6,11.1,19.77,0.0,-0.9994,0.0355,27.1,30.0,30.0,station
2024-10-03,26.6,27.2,27.8,27.7,26.9,26.4,27.1,27.7,27.6,26.5,27.24,0.51,0.18,80,52,12.4,16.87,0.7,-0.9986,0.0527,26.4,29.4,29.4,station
2024-10-04,24.7,24.3,24.8,22.8,24.4,25.3,24.2,25.7,24.2,24.8,24.2,0.81,-0.64,83,97,9.7,6.45,0.3,-0.9976,0.0698,24.2,26.1,26.1,station
2024-10-05,27.3,28.0,27.7,27.6,26.7,27.2,27.7,28.4,27.1,26.6,27.46,0.49,0.06,77,44,12.8,18.83,0.0,-0.9962,0.087,27.4,30.0,30.0,station
2024-10-06,27.0,27.2,27.9,27.8,27.1,26.8,27.1,27.5,27.3,26.4,27.4,0.42,0.38,78,24,14.3,18.07,0.5,-0.9946,0.1041,26.9,28.9,28.9,station
2024-10-07,27.4,28.8,28.4,29.2,27.5,27.4,29.0,30.6,28.5,26.6,28.26,0.79,-0.16,69,3,14.8,18.46,0.0,-0.9926,0.1212,27.7,30.0,30.0,station
2024-10-08,25.3,25.6,25.2,25.7,25.6,25.4,26.5,27.1,25.5,24.4,25.48,0.22,-0.3,66,1,17.3,19.61,0.0,-0.9904,0.1383,25.3,27.2,27.2,station
2024-10-09,25.0,24.2,25.5,25.8,24.8,24.7,24.2,27.2,24.4,24.1,25.06,0.62,0.14,73,1,13.7,19.2,0.0,-0.9879,0.1553,24.8,26.7,26.7,station
2024-10-10,23.1,24.0,23.4,24.0,21.9,23.7,24.3,24.4,23.9,21.3,23.28,0.86,-0.24,56,0,20.3,19.77,0.0,-0.9851,0.1722,23.0,25.6,25.6,station
2024-10-11,21.5,21.7,22.7,22.3,21.6,21.1,22.5,24.0,21.7,20.8,21.96,0.52,-0.06,62,0,10.7,19.54,0.0,-0.9819,0.1892,21.4,24.4,24.4,station
2024-10-12,24.6,24.5,25.1,24.9,23.5,24.7,24.8,26.3,24.5,23.9,24.52,0.62,-0.32,64,0,11.2,19.44,0.0,-0.9785,0.206,24.3,26.1,26.1,station
2024-10-13,27.3,27.4,27.9,27.4,26.7,27.4,27.6,28.5,27.4,26.4,27.34,0.43,-0.12,65,0,17.0,18.71,0.0,-0.9749,0.2228,27.3,28.9,28.9,station
2024-10-14,19.6,21.4,21.6,20.5,20.7,20.7,22.0,25.5,21.6,21.6,20.76,0.8,-1.52,53,2,23.4,18.99,0.0,-0.9709,0.2396,20.8,22.8,22.8,station
2024-10-15,17.1,18.3,19.2,17.6,17.7,16.0,18.0,21.6,16.7,17.1,17.98,0.8,0.1,54,10,18.6,17.95,0.0,-0.9666,0.2562,17.9,20.0,20.0,station
2024-10-16,15.2,15.0,15.0,15.1,14.6,15.2,15.0,16.9,14.9,14.5,14.98,0.23,-0.32,52,7,20.6,19.02,0.0,-0.9621,0.2728,15.6,16.7,16.7,station
2024-10-17,16.0,16.5,16.9,16.7,15.5,16.3,16.4,19.3,16.5,15.5,16.32,0.57,-0.48,57,0,11.9,18.99,0.0,-0.9572,0.2893,16.1,18.9,18.9,station
2024-10-18,19.4,19.3,19.5,19.3,18.2,19.6,19.4,21.0,19.4,17.9,19.14,0.53,-0.32,58,0,15.5,18.7,0.0,-0.9521,0.3057,18.8,20.6,20.6,station
2024-10-19,20.9,20.8,20.8,20.9,19.5,21.1,21.0,22.1,20.5,19.3,20.58,0.61,-0.22,58,5,16.2,18.46,0.0,-0.9467,0.3221,20.8,22.2,22.2,station
2024-10-20,23.4,22.9,24.4,23.8,23.0,23.7,23.1,25.1,23.7,22.2,23.5,0.62,-0.06,57,0,11.0,18.22,0.0,-0.941,0.3383,23.3,25.6,25.6,station
2024-10-21,24.9,24.5,25.0,24.9,24.4,25.1,24.3,25.3,25.1,24.2,24.74,0.27,-0.06,59,0,12.0,18.01,0.0,-0.9351,0.3545,24.4,26.1,26.1,station
2024-10-22,24.4,24.5,24.2,24.8,25.0,23.8,24.3,24.9,24.7,24.7,24.58,0.32,0.1,65,0,12.2,17.49,0.0,-0.9288,0.3705,24.4,25.6,25.6,station
2024-10-23,26.1,25.6,26.1,25.6,26.4,26.1,25.7,27.6,25.8,26.3,25.96,0.35,-0.34,73,0,10.1,17.12,0.0,-0.9223,0.3864,25.8,27.8,27.8,station
2024-10-24,26.1,26.8,27.5,27.2,25.9,25.3,27.0,28.8,27.9,26.2,26.7,0.69,-0.34,60,0,14.3,17.09,0.0,-0.9155,0.4022,26.4,28.3,28.3,station
2024-10-25,26.8,27.5,27.6,27.0,27.7,27.2,27.6,28.0,27.1,27.2,27.32,0.4,-0.1,59,1,10.8,16.87,0.0,-0.9085,0.4179,26.7,28.3,28.3,station
2024-10-26,27.9,27.9,28.6,27.6,28.1,27.5,28.0,29.2,27.7,27.5,28.02,0.37,0.04,65,3,14.3,16.26,0.0,-0.9012,0.4335,28.4,29.4,29.4,station
2024-10-27,22.0,22.6,23.4,23.3,25.6,23.8,22.9,23.5,22.7,24.2,23.38,1.36,-0.04,75,37,17.2,14.22,0.0,-0.8936,0.4489,23.9,23.3,23.3,station
2024-10-28,22.5,18.9,20.6,21.9,20.2,21.7,18.5,23.7,21.7,20.9,20.82,1.42,-0.48,76,11,14.4,15.4,0.0,-0.8857,0.4642,21.9,20.6,20.6,station
2024-10-29,23.1,20.8,22.0,22.4,21.8,22.9,21.7,24.7,23.7,22.2,22.02,0.84,-1.02,75,2,16.8,16.26,0.0,-0.8776,0.4794,22.7,24.4,24.4,station
2024-10-30,24.9,23.2,24.4,24.0,25.0,24.6,21.8,26.6,22.8,23.8,24.3,0.73,0.38,79,36,18.4,8.91,0.5,-0.8692,0.4944,24.7,26.1,26.1,station
2024-10-31,25.7,25.0,25.5,24.7,25.1,25.4,24.8,26.8,25.0,25.7,25.2,0.4,-0.34,74,42,17.0,14.12,0.0,-0.8606,0.5093,25.4,26.1,26.1,station
2024-11-01,25.6,23.2,25.6,24.4,23.2,25.3,24.4,27.7,24.5,25.8,24.4,1.2,-1.14,80,93,13.2,9.04,0.1,-0.8517,0.524,23.8,23.3,23.3,station
2024-11-02,24.4,24.8,24.7,24.3,24.7,25.8,25.6,27.4,24.8,25.0,24.58,0.22,-1.14,81,71,8.5,13.87,0.0,-0.8426,0.5386,25.7,26.7,26.7,station
2024-11-03,22.1,20.0,20.4,20.4,21.8,20.4,20.3,24.1,20.1,21.6,20.94,0.94,-0.36,81,69,22.1,5.77,0.1,-0.8332,0.553,21.3,19.4,19.4,station
2024-11-04,19.8,17.4,16.9,16.8,20.3,19.0,17.7,19.3,16.7,20.5,18.24,1.68,-0.4,69,95,22.0,5.96,0.2,-0.8235,0.5672,18.7,17.2,17.2,station
2024-11-05,25.3,23.5,23.6,23.5,24.4,24.9,23.1,26.0,24.2,25.1,24.06,0.79,-0.6,79,57,21.4,10.48,0.1,-0.8137,0.5813,24.7,25.6,25.6,station
2024-11-06,21.8,21.7,22.7,22.5,24.1,22.3,21.1,23.5,24.5,22.1,22.56,0.96,-0.14,88,73,18.2,8.02,0.8,-0.8035,0.5952,25.0,23.3,23.3,station
2024-11-07,26.1,24.0,22.5,23.2,23.1,22.6,23.1,24.3,23.5,21.5,23.78,1.4,0.78,85,77,18.8,7.55,0.1,-0.7932,0.609,24.3,22.8,22.8,station
2024-11-08,25.8,24.2,24.4,25.9,25.2,26.6,24.7,23.1,23.7,23.7,25.1,0.78,0.74,88,78,9.7,8.16,0.5,-0.7826,0.6225,25.2,26.7,26.7,station
2024-11-09,20.8,20.7,19.6,21.1,20.5,21.5,20.6,23.0,22.4,20.8,20.54,0.57,-1.12,81,67,21.7,7.05,0.2,-0.7718,0.6359,22.7,23.3,23.3,station
2024-11-10,16.8,16.6,16.3,17.5,18.8,17.2,17.4,19.1,16.3,18.8,17.2,1.0,-0.56,79,98,21.6,3.06,1.3,-0.7607,0.6491,16.3,17.8,17.8,station
2024-11-11,21.9,21.1,24.4,22.5,22.9,22.2,19.7,22.2,23.0,22.0,22.56,1.23,0.74,87,71,11.7,8.0,11.2,-0.7494,0.6621,23.6,24.4,24.4,station
2024-11-12,22.2,22.1,22.2,21.2,19.9,22.7,22.1,24.5,21.6,19.9,21.52,1.0,-0.64,77,11,13.2,14.7,0.0,-0.7379,0.6749,22.5,24.4,24.4,station
2024-11-13,16.5,16.4,15.9,15.8,17.9,15.8,16.2,17.4,14.7,15.2,16.5,0.84,0.64,66,43,20.0,13.77,0.1,-0.7262,0.6875,17.2,18.3,18.3,station
2024-11-14,16.2,11.2,15.2,16.3,15.4,15.9,12.0,12.4,11.6,16.0,14.86,2.1,1.28,88,84,22.8,3.99,9.4,-0.7143,0.6998,15.0,13.3,13.3,station
2024-11-15,16.7,16.5,14.4,15.9,14.8,17.0,16.6,19.3,18.0,14.8,15.66,1.02,-1.48,82,10,14.0,14.29,0.0,-0.7021,0.712,16.9,18.9,18.9,station
2024-11-16,19.3,18.4,17.9,18.1,18.7,19.3,18.4,21.2,17.6,17.6,18.48,0.55,-0.34,81,1,7.8,14.38,0.0,-0.6898,0.724,19.1,21.7,21.7,station
2024-11-17,20.4,19.9,19.9,20.4,20.5,20.3,19.7,21.6,19.4,19.9,20.22,0.29,0.04,81,70,8.6,13.64,0.0,-0.6772,0.7358,19.6,21.7,21.7,station
2024-11-18,22.1,22.2,21.6,22.4,23.2,22.0,22.4,22.9,22.1,22.8,22.3,0.58,-0.14,77,51,11.1,13.78,0.0,-0.6645,0.7473,21.9,23.3,23.3,station
2024-11-19,16.5,17.1,18.8,16.8,16.6,17.3,17.4,17.8,17.0,16.8,17.16,0.94,-0.1,92,97,23.3,1.74,26.0,-0.6515,0.7586,17.0,17.8,17.8,station
2024-11-20,20.2,21.0,18.9,20.8,18.8,20.6,21.0,21.8,20.7,17.4,19.94,1.04,-0.36,78,52,24.2,11.56,1.4,-0.6384,0.7697,21.5,22.8,22.8,station
2024-11-21,12.0,14.0,9.9,12.1,9.7,11.7,13.8,12.2,11.3,9.2,11.54,1.78,-0.1,48,0,28.3,14.15,0.0,-0.625,0.7806,12.3,15.6,15.6,station
2024-11-22,9.6,9.2,9.3,9.5,10.2,9.8,9.3,10.6,9.2,9.2,9.56,0.39,-0.06,58,11,24.2,13.16,0.0,-0.6115,0.7912,10.2,11.7,11.7,station
2024-11-23,12.7,12.5,12.0,13.4,13.7,13.0,12.5,14.9,13.5,13.6,12.86,0.69,-0.64,73,3,15.3,13.58,0.0,-0.5978,0.8016,12.9,15.6,15.6,station
2024-11-24,17.8,17.6,18.5,17.5,17.2,17.4,16.7,18.6,17.4,17.3,17.72,0.49,0.24,73,2,10.2,13.51,0.0,-0.584,0.8118,17.5,19.4,19.4,station
2024-11-25,21.0,21.8,20.9,21.1,21.8,20.9,21.8,20.6,20.0,21.0,21.32,0.44,0.46,75,30,15.0,12.2,0.0,-0.5699,0.8217,21.0,21.7,21.7,station
2024-11-26,15.3,16.2,15.9,17.0,16.2,15.0,16.2,17.9,17.6,17.1,16.12,0.61,-0.64,82,46,16.8,10.08,8.0,-0.5557,0.8314,16.9,17.2,17.2,station
2024-11-27,17.0,16.2,15.5,15.7,17.3,17.2,15.3,18.5,17.9,18.7,16.34,0.79,-1.18,81,59,13.6,11.75,0.0,-0.5413,0.8408,16.7,17.8,17.8,station
2024-11-28,16.2,17.2,17.6,17.3,17.2,16.7,15.9,18.5,17.4,17.0,17.1,0.53,0.0,79,76,23.9,11.37,1.0,-0.5268,0.85,17.1,19.4,19.4,station
2024-11-29,7.0,7.9,6.6,7.9,6.5,8.2,8.0,10.7,9.1,6.9,7.18,0.68,-1.4,67,35,18.9,12.88,0.0,-0.5121,0.859,8.0,10.6,10.6,station
2024-11-30,7.4,8.5,9.0,8.6,7.6,7.9,8.2,10.9,8.8,6.7,8.22,0.69,-0.28,60,0,14.0,13.28,0.0,-0.4972,0.8676,7.7,10.0,10.0,station
2024-12-01,11.1,12.0,11.7,10.6,10.8,10.9,12.0,10.6,10.9,10.0,11.24,0.59,0.36,62,23,12.7,11.62,0.0,-0.4822,0.8761,10.1,12.8,12.8,station
2024-12-02,6.9,7.8,9.2,7.9,7.2,6.9,7.8,9.8,7.3,6.0,7.8,0.89,0.24,65,0,12.2,13.04,0.0,-0.4671,0.8842,8.0,10.6,10.6,station
2024-12-03,3.7,5.0,5.6,5.4,4.8,3.8,5.1,7.1,5.4,4.2,4.9,0.74,-0.22,64,17,14.3,13.06,0.0,-0.4518,0.8921,4.7,6.7,6.7,station
2024-12-04,10.4,10.1,11.4,10.5,9.7,10.2,9.8,11.8,10.5,9.3,10.42,0.63,0.1,57,52,14.6,12.02,0.0,-0.4364,0.8998,9.8,11.7,11.7,station
2024-12-05,8.4,13.2,9.7,11.3,13.1,9.9,13.4,12.0,10.4,12.3,11.14,2.1,-0.46,60,61,23.4,10.38,0.4,-0.4208,0.9071,11.5,14.4,14.4,station
2024-12-06,5.1,5.3,6.8,5.6,4.3,4.7,5.1,7.9,5.3,3.6,5.42,0.91,0.1,48,6,17.4,13.1,0.0,-0.4052,0.9142,5.4,7.2,7.2,station
2024-12-07,11.1,11.0,12.8,12.0,10.9,11.6,10.9,12.6,12.1,9.8,11.56,0.82,0.16,44,3,12.2,12.52,0.0,-0.3894,0.9211,10.6,14.4,14.4,station
2024-12-08,12.9,15.0,16.3,13.0,15.8,13.6,14.8,13.9,14.4,15.7,14.6,1.58,0.12,51,92,9.4,7.96,0.1,-0.3735,0.9276,15.2,16.1,16.1,station
2024-12-09,16.6,15.3,16.5,15.9,17.8,15.6,15.1,15.4,15.7,17.6,16.42,0.93,0.54,89,100,17.0,3.45,14.9,-0.3575,0.9339,16.9,18.3,18.3,station
2024-12-10,17.3,17.0,18.5,20.0,18.3,18.5,17.1,17.1,18.8,17.6,18.22,1.18,0.4,96,86,19.1,5.05,24.8,-0.3413,0.9399,19.4,19.4,19.4,station
2024-12-11,16.5,16.9,16.5,17.1,17.1,16.3,14.6,16.8,16.2,17.1,16.82,0.3,0.62,72,48,27.3,11.73,28.6,-0.3251,0.9457,16.8,17.2,17.2,station
2024-12-12,9.5,10.2,8.0,8.9,7.0,8.8,10.0,12.1,9.0,6.1,8.72,1.26,-0.48,60,3,16.1,12.4,0.0,-0.3088,0.9511,9.4,11.7,11.7,station
2024-12-13,13.0,13.6,11.1,12.6,11.3,11.7,14.4,10.5,10.5,9.6,12.32,1.08,0.98,66,72,12.5,9.06,0.0,-0.2924,0.9563,12.1,13.9,13.9,station
2024-12-14,11.4,12.8,10.1,12.5,13.8,10.9,13.5,10.8,12.8,11.0,12.12,1.42,0.32,62,74,19.9,7.44,0.0,-0.2759,0.9612,11.9,15.0,15.0,station
2024-12-15,8.9,10.0,7.9,8.5,9.8,8.8,9.5,10.6,8.9,10.0,9.02,0.88,-0.54,84,100,20.1,2.31,1.0,-0.2593,0.9658,8.7,10.0,10.0,station
2024-12-16,18.8,12.3,16.4,16.7,18.4,18.1,12.0,18.1,18.0,17.6,16.52,2.58,-0.24,88,66,12.5,10.0,0.0,-0.2427,0.9701,18.3,18.9,18.9,station
2024-12-17,21.1,19.8,17.9,19.5,20.4,20.6,17.5,20.8,19.5,21.4,19.74,1.2,-0.22,86,77,11.7,10.65,0.0,-0.226,0.9741,21.5,22.8,22.8,station
2024-12-18,20.8,21.1,19.8,21.4,22.6,21.6,20.1,20.1,21.1,22.3,21.14,1.01,0.1,89,53,16.0,8.56,0.6,-0.2092,0.9779,21.0,22.2,22.2,station
2024-12-19,12.8,14.5,12.6,14.5,15.2,14.2,14.2,16.2,14.3,14.2,13.92,1.15,-0.7,80,24,16.7,11.8,0.0,-0.1923,0.9813,13.0,14.4,14.4,station
2024-12-20,11.1,11.3,10.0,10.9,11.4,11.3,11.1,12.4,11.6,11.2,10.94,0.56,-0.58,74,19,25.5,12.12,0.0,-0.1754,0.9845,12.1,15.0,15.0,station
2024-12-21,6.1,6.4,7.6,7.1,7.1,6.7,6.7,9.5,6.1,7.0,6.86,0.6,-0.34,69,12,22.4,12.08,0.0,-0.1585,0.9874,6.9,8.3,8.3,station
2024-12-22,6.8,7.2,7.5,7.8,6.8,6.7,6.7,8.5,7.5,6.6,7.22,0.44,0.02,69,0,10.8,12.32,0.0,-0.1414,0.9899,7.1,8.9,8.9,station
2024-12-23,7.6,7.6,8.2,8.6,7.1,7.6,7.0,10.2,8.7,6.5,7.82,0.58,-0.18,64,0,12.3,12.38,0.0,-0.1244,0.9922,7.5,9.4,9.4,station
2024-12-24,12.4,12.7,13.9,13.0,11.3,13.2,12.8,13.6,13.3,11.8,12.66,0.94,-0.28,64,2,9.9,12.34,0.0,-0.1073,0.9942,11.6,15.0,15.0,station
2024-12-25,12.5,13.7,13.3,13.6,13.6,13.2,13.8,12.7,13.7,11.8,13.34,0.49,0.3,67,25,13.7,12.3,0.0,-0.0902,0.9959,11.9,15.0,15.0,station
2024-12-26,7.0,8.7,7.8,10.8,11.0,10.0,9.6,13.6,12.7,11.4,9.06,1.79,-2.4,75,100,15.9,5.4,0.9,-0.073,0.9973,9.4,10.6,10.6,station
2024-12-27,10.6,8.6,8.2,10.0,10.4,9.8,8.0,9.0,8.9,10.0,9.56,1.09,0.42,83,100,20.5,3.63,1.9,-0.0559,0.9984,11.2,10.0,10.0,station
2024-12-28,15.3,14.7,12.4,13.0,15.8,17.9,14.9,16.6,16.9,16.4,14.24,1.47,-2.3,98,100,17.4,2.42,4.5,-0.0387,0.9993,12.9,12.8,12.8,station
2024-12-29,18.6,16.9,17.0,18.7,17.5,18.7,17.9,19.6,17.9,17.8,17.74,0.86,-0.64,84,62,26.8,7.98,3.5,-0.0215,0.9998,17.9,18.3,18.3,station
2024-12-30,18.3,16.2,13.4,16.4,14.9,18.0,16.4,17.5,16.5,14.1,15.84,1.83,-0.66,79,44,13.5,11.33,0.0,-0.0043,1.0,17.5,18.9,18.9,station
2024-12-31,17.7,19.4,16.8,18.2,17.9,17.6,18.0,18.2,17.0,17.3,18.0,0.94,0.38,76,37,26.6,8.38,0.2,0.0129,0.9999,18.8,,,
2025-01-01,9.9,10.0,8.8,10.7,10.2,10.2,9.8,11.2,10.2,10.8,9.92,0.7,-0.52,67,25,22.5,10.99,0.0,0.0172,0.9999,10.2,11.1,11.1,station
2025-01-02,8.6,7.9,9.0,10.1,8.0,9.5,8.8,10.8,10.9,9.1,8.72,0.89,-1.1,65,8,14.1,12.85,0.0,0.0344,0.9994,8.7,10.6,10.6,station
2025-01-03,10.2,10.9,10.1,10.6,10.4,10.1,10.3,10.4,10.4,9.6,10.44,0.32,0.28,58,27,27.3,12.35,0.0,0.0516,0.9987,10.4,13.3,13.3,station
2025-01-04,5.9,7.0,7.9,7.3,5.9,6.0,6.1,7.9,7.3,5.3,6.8,0.88,0.28,53,0,14.5,12.62,0.0,0.0688,0.9976,6.0,8.9,8.9,station
2025-01-05,9.3,8.3,8.4,8.7,11.7,7.7,7.1,9.0,7.8,10.1,9.28,1.41,0.94,68,80,18.7,6.87,5.4,0.0859,0.9963,10.3,11.1,11.1,station
2025-01-06,13.4,11.3,13.0,14.0,14.4,13.0,10.7,13.7,14.6,13.9,13.22,1.2,0.04,78,98,29.6,5.62,10.7,0.103,0.9947,14.2,15.0,15.0,station
2025-01-07,3.9,3.4,3.5,4.4,2.9,4.1,3.1,5.6,4.8,2.3,3.62,0.56,-0.36,66,13,22.2,13.14,0.0,0.1201,0.9928,4.4,5.6,5.6,station
2025-01-08,2.4,2.6,2.7,3.0,2.0,2.9,2.4,5.8,3.7,2.2,2.54,0.37,-0.86,68,4,19.4,12.95,0.0,0.1372,0.9905,2.7,3.9,3.9,station
2025-01-09,4.4,4.1,5.2,4.5,3.7,4.5,4.3,4.8,4.6,3.2,4.38,0.55,0.1,54,13,16.7,13.6,0.0,0.1542,0.988,4.8,6.7,6.7,station
2025-01-10,0.6,0.1,1.4,0.4,-0.4,0.4,0.7,1.7,0.6,-0.5,0.42,0.66,-0.16,81,99,25.7,3.36,18.4,0.1712,0.9852,0.9,1.1,1.1,station
2025-01-11,1.0,2.4,2.5,3.9,1.9,0.7,2.6,0.3,4.3,0.3,2.34,1.05,0.7,84,75,24.1,9.17,0.3,0.1881,0.9821,1.9,1.1,1.1,station
2025-01-12,4.1,4.7,4.4,6.2,4.9,4.1,5.7,1.1,7.4,4.6,4.86,0.81,0.28,82,25,7.8,13.37,0.0,0.205,0.9788,5.1,7.2,7.2,station
2025-01-13,7.0,8.9,8.7,6.2,8.4,9.4,9.8,5.1,7.7,6.0,7.84,1.18,0.24,74,60,14.5,9.93,1.9,0.2218,0.9751,10.8,12.8,12.8,station
2025-01-14,6.2,7.6,7.9,7.2,6.0,4.9,7.6,8.3,5.5,4.5,6.98,0.84,0.82,63,50,16.5,13.69,0.0,0.2385,0.9711,7.8,10.6,10.6,station
2025-01-15,7.6,9.1,9.2,9.0,7.4,6.5,9.1,8.8,7.5,7.0,8.46,0.88,0.68,62,74,13.5,12.93,0.0,0.2552,0.9669,8.6,11.1,11.1,station
2025-01-16,11.9,13.1,12.1,12.3,11.5,11.5,12.6,11.4,12.0,11.3,12.18,0.59,0.42,56,1,21.1,13.79,0.0,0.2718,0.9624,11.8,13.9,13.9,station
2025-01-17,12.2,13.8,14.1,13.9,13.0,11.9,14.5,13.4,13.2,12.5,13.4,0.79,0.3,60,29,11.9,13.99,0.0,0.2883,0.9575,12.5,15.6,15.6,station
2025-01-18,15.2,12.3,14.9,15.5,13.1,14.8,12.1,11.2,15.8,12.8,14.2,1.41,0.86,82,80,22.9,7.93,17.6,0.3047,0.9524,15.9,15.0,15.0,station
2025-01-19,8.5,11.5,12.8,11.2,11.4,8.4,10.6,10.3,10.1,12.1,11.08,1.57,0.78,80,100,26.1,6.07,2.4,0.3211,0.9471,10.0,12.8,12.8,station
2025-01-20,-2.2,-2.5,-1.4,-1.4,-4.2,-2.5,-3.0,-0.9,-2.0,-4.5,-2.34,1.15,0.24,51,14,20.3,14.63,0.0,0.3373,0.9414,-1.7,-0.6,-0.6,station
2025-01-21,-1.1,-2.4,0.6,-1.9,-1.8,0.5,-2.2,1.3,-1.9,-1.7,-1.32,1.17,-0.52,50,86,16.7,3.26,2.1,0.3534,0.9355,-1.7,-1.1,-1.1,station
2025-01-22,0.9,0.2,1.9,0.6,-0.7,1.8,0.2,1.8,1.1,0.6,0.58,0.95,-0.52,52,19,15.8,15.24,0.0,0.3695,0.9292,-0.9,1.7,1.7,station
2025-01-23,5.0,3.4,3.6,2.1,0.5,4.2,3.3,2.8,2.4,0.1,2.92,1.7,0.36,52,88,10.1,11.65,0.0,0.3854,0.9227,5.0,4.4,4.4,station
2025-01-24,7.4,7.7,6.1,6.1,5.1,7.2,7.0,3.5,4.7,3.9,6.48,1.06,1.22,51,19,19.7,12.56,0.0,0.4012,0.916,7.2,8.9,8.9,station
2025-01-25,8.5,8.9,10.1,8.4,6.3,8.5,7.5,8.7,7.7,6.2,8.44,1.37,0.72,53,17,9.1,15.02,0.0,0.4169,0.9089,8.4,11.1,11.1,station
2025-01-26,11.0,12.5,12.9,11.2,13.0,8.3,11.2,9.6,10.2,10.4,12.12,0.95,2.18,56,89,9.4,12.27,0.4,0.4325,0.9016,12.1,12.8,12.8,station
2025-01-27,10.4,10.3,8.9,8.9,10.6,9.8,9.7,7.3,8.2,8.2,9.82,0.85,1.18,92,94,14.1,3.13,6.2,0.4479,0.8941,10.7,10.0,10.0,station
2025-01-28,12.7,12.8,12.2,12.5,10.5,12.7,12.8,13.9,12.2,10.4,12.14,0.94,-0.26,65,6,15.0,15.3,0.0,0.4633,0.8862,13.1,14.4,14.4,station
2025-01-29,16.4,17.3,17.4,17.0,16.5,16.0,17.6,16.9,16.6,16.0,16.92,0.45,0.3,60,47,17.2,15.13,0.0,0.4784,0.8781,17.1,20.6,20.6,station
2025-01-30,16.7,18.8,20.2,16.7,18.4,15.6,17.8,16.1,14.8,16.4,18.16,1.49,2.02,63,92,16.5,11.58,0.3,0.4935,0.8698,17.9,21.1,21.1,station
2025-01-31,18.1,18.4,17.8,17.8,21.0,15.5,16.2,15.2,16.8,19.2,18.62,1.35,2.04,85,97,21.5,3.37,9.3,0.5084,0.8611,18.2,16.7,16.7,station
2025-02-01,16.3,15.8,14.2,16.1,13.6,16.7,15.9,17.5,17.2,15.7,15.2,1.22,-1.4,80,6,22.1,15.41,0.1,0.5231,0.8523,16.0,17.8,17.8,station
2025-02-02,17.4,17.5,16.5,17.3,17.3,17.5,15.7,18.2,17.6,16.2,17.2,0.4,0.16,74,1,10.2,15.42,0.0,0.5377,0.8432,17.8,20.6,20.6,station
2025-02-03,21.2,20.6,21.5,21.3,22.2,21.0,19.1,20.9,19.8,21.2,21.36,0.58,0.96,66,1,13.9,15.51,0.0,0.5521,0.8338,20.7,22.8,22.8,station
2025-02-04,19.8,21.9,22.5,23.1,25.2,22.1,22.2,23.3,23.2,25.4,22.5,1.96,-0.74,73,5,15.1,15.18,0.0,0.5664,0.8242,22.5,25.0,25.0,station
2025-02-05,16.4,21.3,17.0,21.0,22.8,19.6,19.6,18.1,23.5,26.2,19.7,2.83,-1.7,85,56,11.2,11.42,0.0,0.5805,0.8143,22.6,23.3,23.3,station
2025-02-06,20.2,19.5,21.4,23.3,24.6,20.6,19.8,21.8,21.6,24.2,21.8,2.13,0.2,85,62,20.0,7.92,0.7,0.5944,0.8042,23.1,22.2,22.2,station
2025-02-07,21.4,20.6,20.9,22.5,23.1,21.4,19.1,23.8,21.9,25.2,21.7,1.07,-0.58,80,56,15.4,11.9,2.7,0.6081,0.7938,23.3,24.4,24.4,station
2025-02-08,22.4,22.5,20.7,23.0,23.9,21.4,22.3,23.9,23.3,23.9,22.5,1.17,-0.46,81,59,21.8,10.49,0.5,0.6217,0.7833,23.7,23.9,23.9,station
2025-02-09,19.3,19.6,18.2,20.4,20.8,21.1,19.4,18.8,23.0,23.2,19.66,1.01,-1.44,79,52,20.7,12.17,3.9,0.6351,0.7725,22.9,22.2,22.2,station
2025-02-10,13.1,13.8,16.3,13.7,15.5,13.3,13.3,15.2,15.4,18.5,14.48,1.35,-0.66,75,77,16.2,9.71,0.0,0.6483,0.7614,15.7,15.0,15.0,station
2025-02-11,10.6,10.3,11.6,11.4,14.3,10.8,10.0,10.7,10.4,12.2,11.64,1.58,0.82,89,100,19.7,3.49,5.2,0.6613,0.7502,11.0,10.0,10.0,station
2025-02-12,14.8,4.2,7.4,8.3,16.1,18.7,3.7,10.8,7.6,20.0,10.16,5.08,-2.0,97,100,18.8,2.55,29.9,0.6741,0.7387,9.1,6.1,6.1,station
2025-02-13,17.5,11.7,14.2,12.0,12.5,18.5,10.1,17.1,17.2,17.5,13.58,2.4,-2.5,81,89,22.7,12.3,11.2,0.6867,0.727,17.4,15.6,15.6,station
2025-02-14,12.0,12.4,8.7,11.4,8.9,11.0,11.3,12.7,9.9,7.5,10.68,1.75,0.2,63,21,14.9,15.48,0.0,0.6991,0.715,12.2,13.9,13.9,station
2025-02-15,20.3,15.4,16.0,17.1,16.3,16.6,13.9,12.4,15.1,14.1,17.02,1.93,2.6,82,91,16.8,4.7,2.7,0.7113,0.7029,18.5,11.1,11.1,station
2025-02-16,17.2,16.3,17.0,18.0,17.0,17.2,15.8,16.9,17.7,16.7,17.1,0.61,0.24,77,77,30.4,14.01,20.6,0.7233,0.6906,17.3,16.7,16.7,station
2025-02-17,7.5,6.3,5.4,8.2,5.5,7.5,6.3,10.9,8.2,6.1,6.58,1.24,-1.22,60,31,21.0,18.33,0.0,0.735,0.678,7.9,10.0,10.0,station
2025-02-18,12.1,11.5,14.0,11.2,10.6,11.9,11.8,12.1,11.4,9.0,11.88,1.3,0.64,60,84,7.6,15.86,0.0,0.7466,0.6653,11.9,14.4,14.4,station
2025-02-19,7.1,6.8,6.5,10.0,9.6,7.6,7.3,7.2,9.0,7.5,8.0,1.66,0.28,75,100,16.4,4.68,2.2,0.7579,0.6523,8.2,7.8,7.8,station
2025-02-20,2.6,2.2,1.7,3.0,2.0,0.6,2.2,2.4,2.0,-0.3,2.3,0.51,0.92,63,53,24.7,16.73,0.0,0.769,0.6392,1.0,1.1,1.1,station
2025-02-21,6.2,5.5,7.1,5.6,4.9,5.8,5.0,7.3,5.4,5.8,5.86,0.83,0.0,54,38,17.9,18.87,0.0,0.7799,0.6259,6.4,8.3,8.3,station
2025-02-22,9.9,10.1,10.3,7.9,9.9,10.8,10.6,11.5,8.7,8.6,9.62,0.98,-0.42,62,44,12.2,13.64,0.0,0.7906,0.6124,9.7,11.7,11.7,station
2025-02-23,10.9,11.1,13.0,11.1,11.7,11.8,11.4,13.0,10.7,10.9,11.56,0.86,0.0,59,65,10.3,16.89,0.0,0.801,0.5987,11.5,12.2,12.2,station
2025-02-24,17.2,16.2,18.1,17.7,16.5,11.7,15.5,12.8,12.2,16.1,17.14,0.8,3.48,64,24,7.1,18.52,0.0,0.8112,0.5848,17.3,19.4,19.4,station
2025-02-25,20.0,21.1,21.7,20.4,20.4,20.1,20.7,19.9,20.3,19.2,20.72,0.68,0.68,63,0,13.9,19.27,0.0,0.8211,0.5708,20.4,23.9,23.9,station
2025-02-26,22.4,23.2,23.7,23.5,23.4,21.2,22.8,22.7,22.7,22.5,23.24,0.5,0.86,54,0,11.4,19.58,0.0,0.8308,0.5566,22.4,25.0,25.0,station
2025-02-27,17.9,19.9,19.6,18.6,19.6,18.6,19.9,19.7,19.0,19.9,19.12,0.84,-0.3,57,35,23.4,16.41,0.0,0.8402,0.5422,20.3,23.3,23.3,station
2025-02-28,17.8,18.5,19.2,19.7,18.7,17.0,18.7,19.0,18.6,18.8,18.78,0.72,0.36,49,0,13.6,19.96,0.0,0.8495,0.5277,18.6,22.2,22.2,station
2025-03-01,17.6,19.7,19.6,20.2,20.3,18.0,20.2,18.8,20.6,20.8,19.48,1.09,-0.2,48,20,22.7,19.93,0.0,0.8584,0.513,19.5,23.3,23.3,station
2025-03-02,10.3,10.7,12.6,12.6,11.1,10.3,10.9,13.6,12.1,10.5,11.46,1.08,-0.02,50,54,19.7,19.31,0.0,0.8671,0.4981,10.8,13.9,13.9,station
2025-03-03,14.1,14.4,15.8,15.4,15.0,12.6,14.9,14.5,14.7,14.6,14.94,0.7,0.68,50,50,10.4,19.81,0.0,0.8755,0.4831,14.7,17.8,17.8,station
2025-03-04,20.4,20.1,21.7,20.2,22.4,20.1,19.6,17.9,20.5,22.0,20.96,1.03,0.94,61,87,29.3,15.62,0.0,0.8837,0.468,20.8,21.7,21.7,station
2025-03-05,17.3,18.6,17.6,15.9,20.6,16.8,18.3,17.4,16.3,20.3,18.0,1.74,0.18,72,84,31.9,10.84,16.9,0.8916,0.4527,16.6,16.7,16.7,station
2025-03-06,10.3,10.3,8.6,10.7,9.4,10.2,10.5,12.3,11.8,9.4,9.86,0.85,-0.98,57,44,26.0,20.89,0.0,0.8993,0.4373,11.2,13.3,13.3,station
2025-03-07,17.7,16.9,18.7,17.0,16.3,18.3,16.9,18.6,16.9,15.0,17.32,0.92,0.18,55,71,14.2,20.46,0.0,0.9067,0.4218,18.2,19.4,19.4,station
2025-03-08,19.2,20.4,21.0,20.8,22.4,19.2,20.1,21.6,19.7,22.7,20.76,1.15,0.1,63,74,17.9,18.99,0.5,0.9138,0.4061,20.5,23.9,23.9,station
2025-03-09,12.4,13.1,17.8,13.0,14.7,15.6,14.2,15.4,12.0,13.4,14.2,2.19,0.08,77,86,16.8,5.2,13.6,0.9207,0.3904,12.2,13.9,13.9,station
2025-03-10,13.0,10.5,12.2,11.7,10.8,13.9,10.5,10.0,12.3,10.6,11.64,1.02,0.18,87,80,17.1,5.89,23.9,0.9272,0.3745,11.4,12.8,12.8,station
2025-03-11,21.6,21.9,18.4,19.2,17.3,21.2,21.6,21.7,19.5,17.1,19.68,2.01,-0.54,52,0,12.2,22.19,0.0,0.9335,0.3585,21.5,23.9,23.9,station
2025-03-12,23.1,24.1,23.8,22.5,21.3,23.0,23.9,23.0,20.9,19.8,22.96,1.12,0.84,53,0,13.6,22.01,0.0,0.9396,0.3424,22.8,24.4,24.4,station
2025-03-13,21.6,21.4,22.8,22.5,22.5,20.3,20.4,19.5,21.8,21.2,22.16,0.62,1.52,72,64,13.2,15.83,0.6,0.9453,0.3261,21.2,21.7,21.7,station
2025-03-14,22.9,21.9,21.6,21.8,24.4,20.7,21.3,23.8,23.4,24.7,22.52,1.16,-0.26,80,58,17.1,18.23,0.1,0.9508,0.3098,22.6,23.3,23.3,station
2025-03-15,24.2,22.4,26.0,22.5,25.2,24.6,22.4,25.7,20.7,26.3,24.06,1.6,0.12,74,87,32.0,11.12,1.1,0.956,0.2934,24.0,25.0,25.0,station
2025-03-16,21.1,20.8,19.6,22.9,22.3,21.5,20.1,22.8,23.2,22.2,21.34,1.3,-0.62,66,56,36.0,20.01,28.0,0.9609,0.2769,21.7,22.8,22.8,station
2025-03-17,13.2,13.4,12.9,14.0,11.7,14.2,13.6,15.2,16.2,10.9,13.04,0.85,-0.98,57,3,23.6,23.16,0.0,0.9655,0.2604,12.9,16.7,16.7,station
2025-03-18,22.1,22.2,23.2,22.9,20.9,22.4,22.2,22.7,22.1,19.4,22.26,0.89,0.5,54,13,10.9,23.12,0.0,0.9698,0.2437,21.7,23.9,23.9,station
2025-03-19,23.9,24.1,24.3,25.1,24.4,24.1,23.6,23.9,25.3,24.1,24.36,0.46,0.16,43,49,17.5,23.28,0.0,0.9739,0.227,23.4,25.6,25.6,station
2025-03-20,15.9,17.8,17.4,16.8,19.0,15.9,17.8,17.2,17.5,19.0,17.38,1.15,-0.1,62,73,29.3,16.43,1.8,0.9777,0.2102,16.9,18.3,18.3,station
2025-03-21,15.6,14.7,17.1,16.4,15.7,15.9,15.2,17.5,17.2,15.2,15.9,0.9,-0.3,50,6,21.7,24.18,0.0,0.9811,0.1934,16.1,18.3,18.3,station
2025-03-22,19.2,20.9,21.0,20.8,20.3,19.4,21.0,20.5,21.1,20.3,20.44,0.74,-0.02,45,0,16.9,23.46,0.0,0.9843,0.1765,20.6,23.3,23.3,station
2025-03-23,23.1,24.0,23.8,24.0,23.6,22.2,23.2,23.8,23.7,23.5,23.7,0.37,0.42,42,11,19.4,23.45,0.0,0.9872,0.1595,24.2,25.0,25.0,station
2025-03-24,19.3,17.7,18.1,20.2,20.0,20.2,17.4,19.5,20.6,18.3,19.06,1.12,-0.14,62,88,19.9,10.08,2.0,0.9898,0.1425,19.4,18.9,18.9,station
2025-03-25,24.2,25.2,24.2,23.6,22.6,23.6,24.1,24.0,24.1,21.5,23.96,0.95,0.5,42,4,24.5,23.34,0.0,0.9921,0.1255,25.5,26.1,26.1,station
2025-03-26,20.5,21.6,21.3,20.8,21.4,21.5,22.7,21.1,21.4,23.3,21.12,0.45,-0.88,36,2,17.1,23.93,0.0,0.9941,0.1084,22.1,23.3,23.3,station
2025-03-27,22.7,22.5,23.2,22.4,22.3,22.9,22.7,23.4,22.1,23.7,22.62,0.36,-0.34,30,71,11.5,23.91,0.0,0.9958,0.0913,23.4,22.8,22.8,station
2025-03-28,26.8,26.0,26.0,25.4,25.5,25.5,25.3,24.9,24.7,26.4,25.94,0.55,0.58,34,66,12.1,23.73,0.0,0.9972,0.0741,26.8,26.7,26.7,station
2025-03-29,22.9,23.9,23.5,23.3,23.1,25.4,23.4,25.2,24.9,24.0,23.34,0.38,-1.24,57,99,16.9,11.25,0.6,0.9984,0.057,23.0,22.2,22.2,station
2025-03-30,23.2,20.5,21.9,21.0,26.4,21.9,20.3,23.6,19.6,23.9,22.6,2.36,0.74,79,92,17.5,11.83,2.0,0.9992,0.0398,24.4,24.4,24.4,station
2025-03-31,20.1,19.0,22.0,20.8,22.0,21.0,18.9,19.3,21.2,21.3,20.78,1.29,0.44,90,89,23.5,8.06,6.7,0.9997,0.0226,22.8,20.6,20.6,station
2025-04-01,24.2,23.2,23.2,23.9,20.9,24.7,22.2,25.2,24.8,19.2,23.08,1.29,-0.14,60,22,15.1,24.75,0.0,1.0,0.0054,24.3,25.0,25.0,station
2025-04-02,28.0,27.0,27.5,28.2,29.6,27.3,26.5,28.5,27.1,27.5,28.06,0.98,0.68,71,85,24.4,19.63,2.1,0.9999,-0.0118,28.8,28.9,28.9,station
2025-04-03,29.7,28.5,27.3,28.7,29.6,30.4,28.7,28.9,28.6,30.5,28.76,0.97,-0.66,68,79,21.3,20.12,0.9,0.9996,-0.029,29.8,28.3,28.3,station
2025-04-04,29.4,30.1,29.8,28.6,29.0,29.8,29.9,30.4,29.2,30.8,29.38,0.6,-0.64,66,72,18.2,19.62,0.1,0.9989,-0.0462,29.9,29.4,29.4,station
2025-04-05,30.0,28.8,29.6,29.2,29.3,30.6,28.6,30.0,29.0,30.1,29.38,0.45,-0.28,62,52,22.0,22.49,0.3,0.998,-0.0634,30.3,30.0,30.0,station
2025-04-06,26.8,23.1,26.5,23.4,25.4,24.8,22.9,27.5,23.2,25.8,25.04,1.72,0.2,84,100,23.1,5.64,11.0,0.9968,-0.0805,23.0,23.3,23.3,station
2025-04-07,19.7,18.6,20.2,20.6,19.0,18.8,18.7,19.8,18.9,18.6,19.62,0.83,0.66,88,100,29.4,8.79,17.1,0.9952,-0.0977,20.9,20.0,20.0,station
2025-04-08,14.3,16.6,12.1,15.3,13.4,13.4,15.9,15.3,13.8,12.4,14.34,1.73,0.18,62,5,19.7,25.96,0.0,0.9934,-0.1148,16.0,17.8,17.8,station
2025-04-09,17.3,18.7,15.1,18.0,17.7,17.0,18.6,19.5,17.0,16.1,17.36,1.36,-0.28,61,0,14.4,26.2,0.0,0.9913,-0.1319,17.8,19.4,19.4,station
2025-04-10,22.2,22.7,22.1,22.9,20.6,21.8,22.8,23.2,22.1,20.3,22.1,0.9,0.06,66,40,20.8,22.4,4.5,0.9889,-0.1489,22.6,24.4,24.4,station
2025-04-11,17.1,17.8,16.2,18.8,16.7,15.9,17.3,18.7,18.1,16.9,17.32,1.01,-0.06,74,25,24.5,24.15,0.2,0.9861,-0.1659,17.8,18.9,18.9,station
2025-04-12,14.9,16.0,15.3,16.8,14.3,14.8,16.1,16.4,17.0,13.5,15.46,0.97,-0.1,65,0,19.0,26.97,0.0,0.9831,-0.1828,15.6,18.3,18.3,station
2025-04-13,20.1,20.4,21.2,20.4,20.1,20.5,20.5,22.6,21.0,19.6,20.44,0.45,-0.4,58,7,10.7,26.61,0.0,0.9799,-0.1997,20.1,22.8,22.8,station
2025-04-14,26.5,27.8,28.1,27.6,27.0,26.4,27.6,27.2,27.0,27.0,27.4,0.64,0.36,57,21,17.2,26.22,0.0,0.9763,-0.2165,26.8,28.3,28.3,station
2025-04-15,19.2,20.8,20.0,20.5,19.6,18.8,20.7,21.0,20.9,19.9,20.02,0.65,-0.24,50,37,23.5,23.13,0.0,0.9724,-0.2333,20.4,22.8,22.8,station
2025-04-16,19.5,20.5,21.0,20.8,20.2,19.0,20.4,20.6,20.7,20.0,20.4,0.59,0.26,36,0,13.6,27.57,0.0,0.9683,-0.25,21.0,22.2,22.2,station
2025-04-17,24.9,24.8,24.6,24.7,22.9,22.5,23.9,24.5,24.0,22.8,24.38,0.83,0.84,32,11,12.6,26.81,0.0,0.9638,-0.2666,25.6,25.6,25.6,station
2025-04-18,29.9,28.6,27.7,28.5,26.9,29.4,28.1,28.0,28.0,26.8,28.32,1.12,0.26,40,22,16.6,26.04,0.0,0.9591,-0.2831,29.2,28.9,28.9,station
2025-04-19,30.6,29.4,29.4,30.0,29.1,31.5,29.3,28.9,29.8,29.1,29.7,0.6,-0.02,57,70,13.3,25.04,0.0,0.9541,-0.2996,30.3,29.4,29.4,station
2025-04-20,28.0,27.5,28.9,27.8,26.4,29.7,27.9,28.2,28.1,28.3,27.72,0.9,-0.72,63,100,12.4,18.22,0.0,0.9488,-0.316,27.9,27.8,27.8,station
2025-04-21,29.2,27.4,27.5,27.9,26.6,29.6,27.8,28.7,27.7,27.2,27.72,0.95,-0.48,51,76,15.2,25.21,0.0,0.9432,-0.3322,29.2,27.8,27.8,station
2025-04-22,25.6,22.0,24.5,22.1,24.1,24.4,21.3,25.6,22.1,25.0,23.66,1.57,-0.02,75,100,9.9,12.12,6.5,0.9373,-0.3484,23.7,23.3,23.3,station
2025-04-23,26.0,23.6,25.3,22.9,25.1,27.0,23.0,25.8,22.6,25.4,24.58,1.28,-0.18,83,88,13.1,20.46,7.4,0.9312,-0.3645,26.1,26.7,26.7,station
2025-04-24,22.8,21.4,23.9,22.5,21.7,24.2,22.3,25.2,21.7,24.6,22.46,0.99,-1.14,93,98,14.3,9.0,13.1,0.9248,-0.3804,21.2,25.6,25.6,station
2025-04-25,24.2,24.8,25.0,24.6,23.8,24.4,24.1,28.4,24.9,24.1,24.48,0.48,-0.7,83,90,18.8,19.75,8.1,0.9181,-0.3963,26.9,27.8,27.8,station
2025-04-26,26.0,25.6,27.6,27.3,25.0,26.2,26.6,29.1,26.7,26.6,26.3,1.11,-0.74,79,55,8.9,21.56,10.9,0.9112,-0.412,25.9,26.7,26.7,station
2025-04-27,25.4,26.2,25.7,25.9,25.6,25.4,26.8,29.0,26.6,25.9,25.76,0.3,-0.98,76,61,12.7,23.03,1.2,0.9039,-0.4276,26.2,27.8,27.8,station
2025-04-28,25.4,24.1,24.3,24.2,23.2,25.0,23.2,25.5,23.6,21.5,24.24,0.78,0.48,69,38,16.3,21.89,0.0,0.8965,-0.4431,25.5,25.6,25.6,station
2025-04-29,26.2,25.5,27.2,27.7,26.6,25.8,24.7,24.2,27.0,25.3,26.64,0.86,1.24,76,55,12.3,18.39,0.4,0.8887,-0.4585,26.5,27.2,27.2,station
2025-04-30,28.0,28.1,29.3,26.9,27.7,27.6,27.7,28.5,27.3,27.2,28.0,0.87,0.34,71,83,11.0,24.33,0.1,0.8807,-0.4737,27.9,29.4,29.4,station
2025-05-01,28.4,26.5,28.1,27.6,24.7,28.8,27.2,29.6,28.0,26.4,27.06,1.5,-0.94,71,76,17.0,19.67,9.4,0.8724,-0.4888,27.9,26.7,26.7,station
2025-05-02,27.8,26.8,29.0,28.2,27.0,25.2,26.0,23.2,25.0,26.7,27.76,0.9,2.54,80,73,19.3,19.5,9.6,0.8639,-0.5037,25.8,29.4,29.4,station
2025-05-03,19.7,19.2,21.6,20.8,22.6,22.2,18.6,21.2,20.7,24.1,20.78,1.38,-0.58,86,92,17.3,9.84,20.7,0.8551,-0.5185,21.1,21.1,21.1,station
2025-05-04,21.2,20.4,19.0,20.7,17.8,20.9,20.5,21.7,20.2,19.2,19.82,1.39,-0.68,73,26,16.8,23.99,0.0,0.846,-0.5331,21.1,20.6,20.6,station
2025-05-05,19.9,20.6,19.9,20.8,19.6,20.4,20.5,22.7,20.0,20.4,20.16,0.51,-0.64,67,48,13.2,21.1,0.0,0.8367,-0.5476,20.2,21.7,21.7,station
2025-05-06,24.6,25.2,25.4,25.2,23.7,24.9,24.5,25.4,24.7,23.2,24.82,0.69,0.28,62,69,8.6,25.71,0.0,0.8272,-0.5619,25.4,25.6,25.6,station
2025-05-07,21.5,22.5,22.9,19.7,19.4,21.5,21.9,19.7,18.4,18.1,21.2,1.59,1.28,77,100,10.2,11.96,6.6,0.8174,-0.5761,23.3,21.7,21.7,station
2025-05-08,28.3,27.5,28.0,25.3,27.1,24.9,27.2,29.1,26.3,23.6,27.24,1.18,1.02,82,53,15.3,22.43,3.9,0.8074,-0.59,27.4,28.3,28.3,station
2025-05-09,24.2,25.5,27.5,24.9,23.7,24.7,24.8,27.0,24.9,23.8,25.16,1.48,0.12,69,89,11.9,23.95,0.7,0.7971,-0.6038,26.9,28.3,28.3,station
2025-05-10,18.8,20.6,20.7,20.7,19.5,18.0,19.4,18.9,19.2,19.1,20.06,0.87,1.14,85,100,26.2,11.46,15.0,0.7866,-0.6175,20.6,22.8,22.8,station
2025-05-11,20.1,18.4,21.8,18.6,18.6,20.1,18.2,17.1,17.0,18.6,19.5,1.46,1.3,91,100,20.5,10.46,19.6,0.7759,-0.6309,21.2,18.3,18.3,station
2025-05-12,25.1,23.2,24.3,25.0,22.9,26.0,23.1,23.0,25.2,23.0,24.1,1.01,0.04,82,70,20.4,21.89,27.9,0.7649,-0.6442,25.5,26.7,26.7,station
2025-05-13,22.9,23.7,22.7,23.5,22.2,22.9,22.7,21.8,23.0,21.5,23.0,0.61,0.62,78,46,13.6,24.13,4.8,0.7537,-0.6572,24.9,25.0,25.0,station
2025-05-14,27.2,26.6,27.1,28.5,26.6,26.9,25.6,28.0,26.7,25.5,27.2,0.78,0.66,75,57,15.1,22.42,0.5,0.7423,-0.6701,28.1,28.9,28.9,station
2025-05-15,28.6,27.9,29.7,30.1,29.0,28.9,27.7,30.9,31.2,28.4,29.06,0.87,-0.36,72,52,17.0,26.34,0.0,0.7306,-0.6828,29.7,30.0,30.0,station
2025-05-16,29.3,28.6,31.6,30.1,30.2,30.4,28.3,33.2,33.3,31.1,29.96,1.12,-1.3,75,99,14.1,21.0,0.0,0.7188,-0.6952,30.2,31.1,31.1,station
2025-05-17,27.8,27.1,29.1,29.4,25.8,29.7,27.4,32.8,28.0,26.0,27.84,1.48,-0.94,75,97,23.2,17.13,5.1,0.7067,-0.7075,29.0,26.7,26.7,station
2025-05-18,26.9,26.9,24.0,26.8,24.5,27.6,25.9,27.7,29.2,26.6,25.82,1.44,-1.58,78,86,14.0,16.63,1.3,0.6945,-0.7195,29.1,26.1,26.1,station
2025-05-19,29.6,28.4,31.3,30.1,28.9,30.6,28.4,32.4,27.8,27.4,29.66,1.12,0.34,78,93,8.1,21.21,1.2,0.682,-0.7314,30.4,31.1,31.1,station
2025-05-20,31.1,30.7,30.2,28.6,29.9,30.6,29.6,32.5,30.2,29.0,30.1,0.96,-0.28,64,65,17.5,26.2,0.4,0.6693,-0.743,32.4,31.1,31.1,station
2025-05-21,27.6,28.2,26.5,27.3,26.2,26.9,27.9,29.9,27.8,26.6,27.16,0.81,-0.66,63,31,22.2,28.88,5.4,0.6564,-0.7544,27.6,27.8,27.8,station
2025-05-22,28.0,28.5,25.7,27.2,26.7,27.6,28.4,29.8,27.0,26.3,27.22,1.1,-0.6,52,38,24.3,28.43,0.0,0.6433,-0.7656,28.9,28.9,28.9,station
2025-05-23,26.6,26.6,25.2,25.5,26.0,26.7,27.0,28.1,26.3,25.5,25.98,0.63,-0.74,49,16,16.7,26.82,0.0,0.6301,-0.7765,28.2,26.7,26.7,station
2025-05-24,29.6,24.6,28.0,26.2,25.2,25.4,23.0,27.2,25.1,22.6,26.72,2.06,2.06,52,66,11.0,24.03,0.3,0.6166,-0.7873,30.1,26.7,26.7,station
2025-05-25,28.6,25.4,29.4,26.6,23.9,31.4,24.0,31.3,26.6,25.9,26.78,2.26,-1.06,73,86,13.4,21.04,9.4,0.603,-0.7978,28.2,26.1,26.1,station
2025-05-26,28.9,25.3,29.4,26.4,24.4,25.3,24.8,28.8,25.1,23.3,26.88,2.2,1.42,86,93,13.7,17.87,13.6,0.5892,-0.808,28.6,27.8,27.8,station
2025-05-27,23.3,21.0,24.7,19.7,23.2,23.0,20.0,22.1,21.1,21.0,22.38,2.0,0.94,93,100,16.8,9.4,38.0,0.5752,-0.818,23.8,22.2,22.2,station
2025-05-28,27.9,25.5,26.3,27.9,24.7,26.9,24.5,28.4,25.3,25.4,26.46,1.43,0.36,85,98,15.2,17.29,9.1,0.561,-0.8278,27.6,28.3,28.3,station
2025-05-29,21.7,22.0,24.0,23.5,20.8,24.6,23.0,21.8,26.3,25.5,22.4,1.32,-1.84,92,84,7.7,8.27,23.9,0.5467,-0.8373,22.3,22.8,22.8,station
2025-05-30,24.0,22.9,24.9,23.6,22.3,23.7,23.6,25.9,24.6,22.2,23.54,1.0,-0.46,82,45,21.2,19.59,2.7,0.5322,-0.8466,24.6,25.0,25.0,station
2025-05-31,25.7,26.8,24.2,26.9,23.9,25.1,27.0,27.2,26.8,23.5,25.5,1.41,-0.42,66,11,21.3,27.65,0.0,0.5176,-0.8556,26.0,27.2,27.2,station
2025-06-01,26.0,26.7,25.3,25.9,24.9,25.7,27.3,27.5,26.6,25.2,25.76,0.69,-0.7,66,31,12.9,23.19,0.0,0.5028,-0.8644,26.5,26.7,26.7,station
2025-06-02,28.3,29.0,27.4,28.4,26.7,28.3,29.3,31.1,28.3,26.9,27.96,0.91,-0.82,67,21,8.2,24.41,0.0,0.4878,-0.8729,28.4,29.4,29.4,station
2025-06-03,29.4,29.5,28.9,29.5,27.8,29.8,29.8,31.5,29.0,28.0,29.02,0.73,-0.6,66,22,15.8,25.98,0.0,0.4728,-0.8812,29.3,30.0,30.0,station
2025-06-04,26.1,26.2,28.2,26.4,26.7,28.7,27.7,29.4,26.7,27.2,26.72,0.86,-1.22,82,44,21.2,20.11,12.5,0.4575,-0.8892,26.8,26.1,26.1,station
2025-06-05,28.5,27.1,26.0,27.8,26.2,27.4,27.0,29.4,28.6,25.8,27.12,1.06,-0.52,81,62,12.1,20.61,2.2,0.4422,-0.8969,28.1,27.8,27.8,station
2025-06-06,30.8,30.6,31.4,30.3,29.2,30.7,30.5,33.4,30.7,29.6,30.46,0.81,-0.52,76,47,11.5,26.87,5.6,0.4267,-0.9044,30.9,32.2,32.2,station
2025-06-07,31.4,31.0,31.6,31.2,29.2,30.3,30.6,34.0,27.5,29.7,30.88,0.97,0.46,83,73,22.0,24.63,4.9,0.4111,-0.9116,31.2,32.8,32.8,station
2025-06-08,27.0,26.2,29.1,27.8,26.5,25.8,25.6,27.2,25.2,28.5,27.32,1.16,0.86,83,75,22.8,17.88,29.3,0.3953,-0.9185,28.1,28.3,28.3,station
2025-06-09,29.2,24.8,28.4,29.0,25.6,28.7,25.1,28.7,30.8,27.8,27.4,2.05,-0.82,89,78,22.4,17.19,10.4,0.3795,-0.9252,27.1,28.9,28.9,station
2025-06-10,27.6,27.0,25.6,29.8,25.7,29.4,27.9,30.0,28.8,26.7,27.14,1.71,-1.42,86,74,13.7,19.16,9.6,0.3635,-0.9316,27.7,28.9,28.9,station
2025-06-11,29.3,29.4,29.7,31.0,27.6,29.8,29.5,33.3,31.5,28.2,29.4,1.21,-1.06,83,81,9.2,21.64,1.0,0.3474,-0.9377,29.5,30.0,30.0,station
2025-06-12,29.1,28.7,28.6,28.5,28.5,28.4,28.3,31.4,29.1,28.0,28.68,0.25,-0.36,85,97,11.9,15.87,3.5,0.3312,-0.9436,29.5,31.7,31.7,station
2025-06-13,30.1,29.5,29.0,30.1,27.3,29.8,29.2,30.0,29.3,26.5,29.2,1.16,0.24,83,98,13.3,19.31,15.4,0.3149,-0.9491,30.0,30.6,30.6,station
2025-06-14,29.9,29.3,28.8,30.5,25.9,29.3,28.5,28.4,29.1,29.3,28.88,1.78,-0.04,84,96,14.1,21.48,5.3,0.2986,-0.9544,29.2,30.6,30.6,station
2025-06-15,31.2,29.4,29.5,28.4,27.1,28.5,29.6,31.1,29.5,27.3,29.12,1.51,-0.08,79,55,15.5,23.77,2.7,0.2821,-0.9594,30.6,31.7,31.7,station
2025-06-16,30.9,30.2,30.4,29.9,30.0,30.4,30.2,32.2,29.7,28.4,30.28,0.4,0.1,75,34,23.0,26.48,1.3,0.2656,-0.9641,31.2,31.7,31.7,station
2025-06-17,30.1,30.0,29.2,30.4,29.6,30.3,29.6,32.3,30.4,30.6,29.86,0.47,-0.78,81,64,18.0,20.13,3.0,0.2489,-0.9685,29.8,31.7,31.7,station
2025-06-18,30.0,28.8,30.0,30.8,30.6,32.1,29.5,33.5,30.5,29.0,30.04,0.78,-0.88,83,67,12.7,21.44,1.0,0.2322,-0.9727,29.7,30.0,30.0,station
2025-06-19,29.4,26.9,29.0,28.3,29.8,30.7,26.8,32.8,29.5,30.1,28.68,1.14,-1.3,84,60,19.0,20.61,2.0,0.2155,-0.9765,28.5,28.9,28.9,station
2025-06-20,30.5,30.5,32.0,30.1,29.3,31.5,31.2,34.0,31.2,28.1,30.48,0.98,-0.72,72,18,9.0,27.13,0.0,0.1986,-0.9801,31.3,31.7,31.7,station
2025-06-21,32.2,32.1,32.9,31.5,29.8,33.0,32.4,36.5,31.4,30.4,31.7,1.17,-1.04,71,50,7.5,25.28,1.3,0.1818,-0.9833,31.4,32.2,32.2,station
2025-06-22,33.0,32.8,33.4,31.4,30.2,33.9,33.3,35.9,32.7,30.3,32.16,1.33,-1.06,68,39,7.1,25.83,0.0,0.1648,-0.9863,32.6,33.9,33.9,station
2025-06-23,35.1,33.8,35.1,34.7,31.9,35.2,34.3,36.2,33.2,31.3,34.12,1.35,0.08,64,12,9.6,26.47,0.1,0.1478,-0.989,34.3,33.9,33.9,station
2025-06-24,37.6,35.7,36.6,35.6,34.0,38.4,36.5,39.4,35.9,33.4,35.9,1.33,-0.82,58,29,14.9,25.94,0.4,0.1308,-0.9914,36.9,35.0,35.0,station
2025-06-25,35.8,35.5,37.8,34.9,34.8,38.3,36.2,37.0,35.2,35.1,35.76,1.21,-0.6,65,83,17.5,23.67,2.5,0.1137,-0.9935,37.7,35.0,35.0,station
2025-06-26,34.9,29.2,34.4,30.3,34.0,33.4,29.7,30.4,31.0,34.3,32.56,2.61,0.8,73,64,15.5,22.55,4.8,0.0966,-0.9953,33.8,32.8,32.8,station
2025-06-27,32.3,32.3,33.4,31.0,31.7,32.4,31.6,33.9,27.0,31.9,32.14,0.88,0.78,81,49,9.9,23.14,7.5,0.0795,-0.9968,32.1,32.2,32.2,station
2025-06-28,31.7,30.0,31.8,30.6,31.2,29.5,30.0,35.1,30.6,31.9,31.06,0.76,-0.36,81,43,11.1,22.13,12.9,0.0623,-0.9981,29.0,32.8,32.8,station
2025-06-29,31.4,30.6,31.9,30.6,29.2,30.5,31.1,34.0,30.9,30.7,30.74,1.02,-0.7,78,39,12.9,24.83,10.1,0.0451,-0.999,31.8,31.7,31.7,station
2025-06-30,31.1,31.0,29.6,30.1,29.2,31.2,31.0,33.3,31.0,29.4,30.2,0.84,-0.98,78,50,12.1,21.52,3.4,0.028,-0.9996,31.3,31.1,31.1,station
2025-07-01,29.4,30.0,29.8,27.9,27.6,26.8,28.4,30.0,28.2,28.9,28.94,1.11,0.48,83,86,13.8,23.17,3.9,0.0108,-0.9999,31.8,30.6,30.6,station
2025-07-02,30.3,31.6,32.8,32.0,29.7,30.9,30.9,34.1,30.5,27.1,31.28,1.26,0.58,73,46,12.4,25.13,0.2,-0.0065,-1.0,31.5,32.8,32.8,station
2025-07-03,32.6,32.8,33.6,32.5,32.0,30.7,33.4,36.1,33.9,31.1,32.7,0.58,-0.34,65,47,10.2,25.93,0.0,-0.0237,-0.9997,32.3,32.8,32.8,station
2025-07-04,33.1,33.4,34.4,32.9,32.9,32.8,33.1,36.5,34.1,32.4,33.34,0.63,-0.44,59,10,13.5,26.64,0.0,-0.0408,-0.9992,33.2,33.9,33.9,station
2025-07-05,32.9,32.9,33.9,31.7,31.9,33.1,33.2,35.0,32.0,32.3,32.66,0.89,-0.46,57,5,14.9,27.34,0.0,-0.058,-0.9983,32.8,32.8,32.8,station
2025-07-06,33.5,33.3,34.4,32.6,33.0,35.1,33.7,37.3,32.2,32.7,33.36,0.67,-0.84,50,30,11.9,26.41,0.0,-0.0752,-0.9972,34.2,33.3,33.3,station
2025-07-07,35.6,34.3,35.4,33.6,33.7,36.1,34.4,37.6,34.6,34.2,34.52,0.94,-0.86,50,13,10.5,27.0,0.0,-0.0923,-0.9957,36.0,35.0,35.0,station
2025-07-08,34.4,33.8,33.9,32.9,33.8,35.6,33.9,35.3,32.5,33.5,33.76,0.54,-0.4,59,39,11.0,23.78,0.7,-0.1094,-0.994,34.8,33.9,33.9,station
2025-07-09,33.5,32.0,34.2,31.5,33.0,31.3,32.4,34.8,31.3,32.0,32.84,1.1,0.48,68,64,13.2,23.23,10.1,-0.1265,-0.992,34.5,34.4,34.4,station
2025-07-10,27.6,29.5,31.4,31.0,30.2,29.8,29.5,33.1,30.3,31.3,29.94,1.5,-0.86,83,65,12.0,19.32,17.5,-0.1436,-0.9896,30.2,30.0,30.0,station
2025-07-11,30.7,30.9,30.7,30.6,30.4,30.5,30.0,34.2,29.8,28.8,30.66,0.18,0.0,78,38,9.3,22.96,2.5,-0.1606,-0.987,31.9,32.8,32.8,station
2025-07-12,32.2,32.0,32.0,32.0,30.3,30.9,31.2,35.7,32.0,29.1,31.7,0.79,-0.08,76,21,10.8,25.68,0.2,-0.1775,-0.9841,32.3,33.3,33.3,station
2025-07-13,32.6,32.6,33.7,34.0,33.5,32.5,32.9,36.1,34.2,32.6,33.28,0.65,-0.38,72,30,13.0,25.08,1.0,-0.1944,-0.9809,33.7,34.4,34.4,station
2025-07-14,33.2,33.9,35.5,34.9,33.2,33.2,34.1,37.2,35.5,33.9,34.14,1.03,-0.64,64,20,10.9,26.73,0.5,-0.2113,-0.9774,34.9,35.0,35.0,station
2025-07-15,34.4,34.0,36.4,33.0,33.9,34.1,34.1,36.5,32.3,33.7,34.34,1.26,0.2,63,37,14.7,22.45,8.0,-0.2281,-0.9736,36.5,35.0,35.0,station
2025-07-16,34.5,32.4,33.3,33.2,32.9,34.7,32.7,34.1,33.9,31.2,33.26,0.78,-0.06,72,50,14.3,24.94,14.5,-0.2448,-0.9696,33.1,32.8,32.8,station
2025-07-17,33.0,32.5,32.9,32.1,32.3,35.0,33.3,35.3,32.6,33.1,32.56,0.38,-1.3,71,39,16.6,24.74,1.5,-0.2614,-0.9652,32.4,33.3,33.3,station
2025-07-18,32.7,31.9,33.0,32.2,32.3,33.9,32.0,36.8,32.8,33.2,32.42,0.43,-1.32,75,26,14.9,24.93,3.2,-0.278,-0.9606,33.2,33.3,33.3,station
2025-07-19,32.3,31.0,33.5,31.9,32.6,33.6,31.4,36.8,32.1,32.5,32.26,0.92,-1.02,74,70,16.4,21.52,2.1,-0.2945,-0.9557,32.9,32.8,32.8,station
2025-07-20,32.5,32.4,32.9,32.2,31.6,33.0,31.8,35.3,31.6,31.1,32.32,0.48,-0.24,74,67,14.4,22.87,2.4,-0.3109,-0.9505,33.9,32.8,32.8,station
2025-07-21,33.5,32.6,33.4,33.0,32.2,33.8,33.0,35.5,34.0,32.9,32.94,0.55,-0.9,70,45,16.2,24.02,0.3,-0.3272,-0.945,34.8,31.7,31.7,station
2025-07-22,35.2,33.4,35.9,32.7,31.7,35.0,34.1,37.1,34.4,32.9,33.78,1.74,-0.92,71,63,13.7,22.8,2.0,-0.3434,-0.9392,34.0,35.6,35.6,station
2025-07-23,30.7,29.9,31.3,30.4,29.6,29.8,30.3,32.3,30.7,28.6,30.38,0.67,0.04,76,62,16.5,18.92,2.5,-0.3595,-0.9332,30.6,31.1,31.1,station
2025-07-24,31.7,31.0,33.5,31.8,30.0,31.4,31.4,32.4,32.2,29.6,31.6,1.28,0.2,72,19,17.1,24.36,1.5,-0.3755,-0.9268,31.1,31.7,31.7,station
2025-07-25,32.7,32.2,32.7,32.4,31.1,33.4,32.3,36.2,33.3,31.2,32.22,0.66,-1.06,72,9,13.1,24.89,1.8,-0.3914,-0.9202,32.5,33.9,33.9,station
2025-07-26,33.1,32.5,34.2,33.1,32.6,33.8,32.6,36.3,33.7,31.1,33.1,0.67,-0.4,74,16,11.0,24.67,0.6,-0.4071,-0.9134,32.7,34.4,34.4,station
2025-07-27,33.7,34.4,36.6,34.5,33.8,34.7,34.0,36.2,34.5,33.9,34.6,1.17,-0.06,64,5,13.5,26.01,0.0,-0.4228,-0.9062,34.6,35.0,35.0,station
2025-07-28,35.3,34.5,35.8,34.2,34.4,35.6,35.1,37.1,34.9,34.7,34.84,0.68,-0.64,61,24,14.3,25.47,0.9,-0.4383,-0.8988,36.5,36.7,36.7,station
2025-07-29,37.1,34.9,36.5,33.9,34.5,35.3,34.7,39.0,33.3,33.9,35.38,1.36,0.14,70,49,9.5,22.54,12.8,-0.4537,-0.8912,36.9,37.2,37.2,station
2025-07-30,32.4,31.3,33.7,30.0,30.6,32.7,31.4,34.5,29.0,30.4,31.6,1.47,0.0,87,71,11.9,15.16,3.4,-0.469,-0.8832,29.9,33.3,33.3,station
2025-07-31,31.8,31.8,33.3,31.5,32.1,29.5,31.3,35.1,30.6,29.3,32.1,0.7,0.94,84,29,10.2,22.41,6.0,-0.4841,-0.875,32.5,35.0,35.0,station
2025-08-01,32.5,32.1,33.9,34.4,31.8,32.4,31.0,37.8,33.8,32.7,32.94,1.15,-0.6,90,73,13.1,19.21,19.3,-0.4991,-0.8666,30.6,33.9,33.9,station
2025-08-02,24.8,26.0,27.8,26.7,28.3,27.3,26.5,26.2,28.8,28.0,26.72,1.4,-0.64,89,96,14.3,11.06,15.7,-0.5139,-0.8578,27.8,26.1,26.1,station
2025-08-03,22.7,22.0,22.9,22.9,22.0,23.4,22.3,23.6,22.1,22.3,22.5,0.46,-0.24,92,95,23.4,11.87,38.6,-0.5286,-0.8489,22.7,23.3,23.3,station
2025-08-04,21.5,18.9,19.6,19.3,19.3,23.4,21.0,20.7,19.8,20.0,19.72,1.03,-1.26,93,100,18.0,5.07,17.6,-0.5431,-0.8397,19.5,20.6,20.6,station
2025-08-05,24.6,21.3,22.1,21.3,21.8,24.8,20.8,19.1,22.4,22.2,22.22,1.37,0.36,90,100,13.6,12.68,32.3,-0.5575,-0.8302,25.4,22.8,22.8,station
2025-08-06,26.4,25.7,24.7,25.0,24.6,26.6,25.2,23.3,22.8,23.3,25.28,0.76,1.04,84,68,13.6,17.92,2.3,-0.5717,-0.8205,27.6,28.9,28.9,station
2025-08-07,27.4,26.1,27.6,28.9,27.0,27.9,25.9,28.8,27.4,25.9,27.4,1.02,0.22,81,52,12.1,19.07,0.2,-0.5857,-0.8105,27.3,28.3,28.3,station
2025-08-08,27.0,26.1,27.3,28.2,27.2,27.5,26.2,30.3,29.3,27.4,27.16,0.75,-0.98,81,61,14.6,19.81,1.4,-0.5996,-0.8003,27.3,27.2,27.2,station
2025-08-09,27.8,26.7,27.9,27.8,27.7,28.1,27.0,30.3,28.4,27.4,27.58,0.5,-0.66,78,53,16.8,22.76,1.0,-0.6132,-0.7899,28.2,28.9,28.9,station
2025-08-10,27.9,26.4,25.9,27.8,26.1,28.4,26.9,30.9,27.1,25.1,26.82,0.96,-0.86,79,53,18.7,17.85,0.6,-0.6267,-0.7792,28.2,27.8,27.8,station
2025-08-11,27.9,26.4,27.2,26.3,27.3,27.4,26.4,27.6,26.7,26.8,27.02,0.67,0.04,88,97,14.7,13.2,9.1,-0.64,-0.7683,27.2,30.6,30.6,station
2025-08-12,25.8,28.1,26.8,26.8,26.1,27.1,28.7,30.2,27.8,27.6,26.72,0.89,-1.56,88,97,12.5,16.07,8.9,-0.6532,-0.7572,29.7,31.7,31.7,station
2025-08-13,28.6,28.9,30.6,32.2,31.4,25.0,27.5,31.3,26.7,26.7,30.34,1.56,2.9,86,82,13.0,21.25,4.4,-0.6661,-0.7459,30.4,30.6,30.6,station
2025-08-14,30.8,30.7,33.3,32.3,31.3,30.9,30.7,34.5,30.6,30.3,31.68,1.11,0.28,82,66,11.6,21.75,0.8,-0.6788,-0.7343,31.2,32.2,32.2,station
2025-08-15,32.5,32.3,32.4,32.9,33.7,31.6,31.5,35.5,32.1,32.4,32.76,0.57,0.14,79,34,18.1,23.14,5.8,-0.6914,-0.7225,32.7,34.4,34.4,station
2025-08-16,31.5,30.9,31.3,31.2,31.6,30.8,31.5,34.9,32.4,30.9,31.3,0.27,-0.8,84,33,10.2,22.22,2.7,-0.7037,-0.7105,31.4,33.3,33.3,station
2025-08-17,31.7,31.9,34.3,32.8,32.5,32.3,32.4,35.1,32.9,32.2,32.64,1.03,-0.34,78,11,6.5,23.9,1.8,-0.7158,-0.6983,31.9,33.3,33.3,station
2025-08-18,33.2,33.0,34.7,33.7,32.6,33.0,32.8,36.9,34.6,34.7,33.44,0.81,-0.96,77,13,12.2,23.32,0.2,-0.7277,-0.6859,33.0,33.3,33.3,station
2025-08-19,31.9,31.4,32.7,29.4,30.8,31.9,31.7,34.1,30.1,31.0,31.24,1.24,-0.52,81,33,11.6,18.24,4.8,-0.7394,-0.6733,31.3,31.7,31.7,station
2025-08-20,31.1,29.7,32.1,32.4,30.5,33.0,30.2,34.7,31.8,30.9,31.16,1.12,-0.96,82,57,10.5,20.17,3.1,-0.7509,-0.6605,31.0,32.2,32.2,station
2025-08-21,32.1,30.4,30.8,29.8,30.9,31.5,30.7,34.8,30.7,31.8,30.8,0.85,-1.1,85,53,17.3,20.8,30.0,-0.7621,-0.6474,31.9,33.3,33.3,station
2025-08-22,24.7,26.2,28.4,25.3,25.0,27.7,26.5,28.5,26.0,25.8,25.92,1.5,-0.98,91,89,17.2,12.4,20.7,-0.7731,-0.6342,25.8,28.3,28.3,station
2025-08-23,27.1,25.2,26.0,25.5,26.0,26.1,25.6,29.8,22.5,25.6,25.96,0.72,0.04,90,82,12.6,13.97,18.0,-0.7839,-0.6208,25.4,26.1,26.1,station
2025-08-24,28.0,27.5,30.2,29.0,28.2,28.0,28.1,30.1,28.8,28.2,28.58,1.05,-0.06,83,35,8.8,20.54,1.0,-0.7945,-0.6073,28.8,30.0,30.0,station
2025-08-25,27.2,27.7,30.2,30.0,26.6,27.6,28.6,29.9,30.4,27.1,28.34,1.65,-0.38,70,38,12.0,25.37,0.0,-0.8048,-0.5935,27.6,29.4,29.4,station
2025-08-26,26.6,26.4,28.9,26.2,26.9,26.2,26.5,27.2,24.0,26.9,27.0,1.09,0.84,65,49,12.0,21.87,0.0,-0.8149,-0.5796,26.4,28.3,28.3,station
2025-08-27,26.6,26.3,28.3,26.9,27.3,26.5,26.6,29.8,27.3,27.7,27.08,0.78,-0.5,63,35,11.0,25.21,0.0,-0.8248,-0.5655,26.5,27.2,27.2,station
2025-08-28,27.6,26.9,29.0,26.1,28.2,28.3,25.9,29.8,27.6,28.5,27.56,1.12,-0.46,71,98,5.8,16.88,0.1,-0.8344,-0.5512,27.1,27.8,27.8,station
2025-08-29,28.2,28.1,30.3,28.6,29.4,26.4,27.7,30.7,26.9,30.1,28.92,0.93,0.56,77,39,12.3,22.45,1.4,-0.8437,-0.5368,27.6,29.4,29.4,station
2025-08-30,28.8,27.6,29.2,27.9,27.9,25.4,25.9,27.9,25.8,28.6,28.28,0.68,1.56,73,37,9.5,22.37,0.0,-0.8528,-0.5222,28.6,29.4,29.4,station
2025-08-31,28.3,28.0,29.2,29.0,28.5,27.5,27.6,30.0,27.2,27.1,28.6,0.49,0.72,72,24,10.3,22.51,0.1,-0.8617,-0.5074,28.0,29.4,29.4,station
2025-09-01,27.1,26.1,27.5,26.5,26.7,27.7,26.5,29.0,26.1,26.7,26.78,0.54,-0.42,67,52,13.9,23.08,0.0,-0.8703,-0.4925,27.0,26.7,26.7,station
2025-09-02,25.4,25.5,26.5,26.8,26.6,24.1,25.6,29.0,26.8,26.9,26.16,0.66,-0.32,64,23,11.0,23.76,0.0,-0.8786,-0.4775,27.0,27.2,27.2,station
2025-09-03,27.6,27.2,28.4,28.1,28.0,26.8,27.4,29.8,27.3,28.4,27.86,0.47,-0.08,68,47,9.3,19.3,0.2,-0.8867,-0.4623,28.3,29.4,29.4,station
2025-09-04,29.0,29.2,29.6,29.5,30.3,29.7,29.6,31.4,30.2,30.6,29.52,0.5,-0.78,68,19,12.7,22.08,0.0,-0.8945,-0.447,30.1,31.1,31.1,station
2025-09-05,31.9,31.6,33.4,32.3,31.9,31.5,31.7,34.8,32.4,32.2,32.22,0.7,-0.3,70,27,13.6,22.35,0.0,-0.9021,-0.4315,31.5,32.8,32.8,station
2025-09-06,28.3,28.7,33.2,29.3,31.3,29.5,28.5,32.4,30.5,31.7,30.16,2.05,-0.36,80,90,11.3,14.36,10.0,-0.9094,-0.4159,29.6,31.1,31.1,station
2025-09-07,26.8,27.4,28.5,28.0,24.6,27.6,27.5,31.2,28.1,26.8,27.06,1.52,-1.18,70,20,15.0,23.5,0.0,-0.9164,-0.4002,27.6,28.9,28.9,station
2025-09-08,25.6,25.1,27.4,26.2,25.2,25.2,25.2,28.5,26.1,23.9,25.9,0.94,0.12,61,73,17.9,21.49,0.0,-0.9232,-0.3844,26.1,27.2,27.2,station
2025-09-09,25.8,25.5,26.8,26.2,26.2,26.1,25.5,28.1,25.9,25.9,26.1,0.49,-0.2,59,25,14.9,24.02,0.0,-0.9296,-0.3685,25.6,27.2,27.2,station
2025-09-10,27.6,26.9,28.7,27.6,27.9,27.9,27.4,30.5,27.7,28.2,27.74,0.65,-0.6,62,3,11.4,23.67,0.0,-0.9358,-0.3524,27.4,28.9,28.9,station
2025-09-11,28.6,29.2,30.5,29.6,29.4,29.7,30.0,32.1,29.3,29.6,29.46,0.69,-0.68,67,18,8.7,21.85,0.0,-0.9418,-0.3363,29.0,30.6,30.6,station
2025-09-12,29.1,28.7,30.4,29.3,29.0,28.6,28.7,31.9,29.0,29.2,29.3,0.65,-0.18,63,13,9.4,21.6,0.3,-0.9474,-0.32,28.6,30.0,30.0,station
2025-09-13,29.2,28.4,30.1,28.8,29.0,29.1,28.6,31.3,28.5,29.2,29.1,0.63,-0.24,61,8,10.1,21.37,0.0,-0.9528,-0.3037,28.8,30.0,30.0,station
2025-09-14,30.1,28.9,30.8,29.4,29.4,30.1,29.5,31.5,29.6,29.7,29.72,0.74,-0.36,61,21,7.1,18.77,0.0,-0.9579,-0.2873,29.0,30.0,30.0,station
2025-09-15,29.1,28.7,29.8,29.2,29.2,29.7,29.2,30.7,29.6,29.2,29.2,0.39,-0.48,59,10,9.8,22.23,0.0,-0.9627,-0.2707,28.7,29.4,29.4,station
2025-09-16,28.9,28.2,29.6,29.9,29.4,29.0,28.8,30.6,30.1,29.4,29.2,0.67,-0.38,64,13,9.9,21.32,0.0,-0.9672,-0.2541,29.3,31.1,31.1,station
2025-09-17,29.3,29.3,31.0,30.3,30.0,29.1,29.8,32.6,29.6,30.5,29.98,0.72,-0.34,74,24,11.1,18.69,2.4,-0.9714,-0.2375,28.8,31.7,31.7,station
2025-09-18,30.7,30.7,32.6,30.8,30.3,30.9,30.9,33.3,31.1,30.6,31.02,0.9,-0.34,71,15,6.3,19.76,0.1,-0.9753,-0.2207,29.1,32.8,32.8,station
2025-09-19,30.9,30.7,32.5,30.2,31.0,31.9,31.7,34.1,31.6,31.6,31.06,0.86,-1.12,66,9,7.2,20.87,0.0,-0.979,-0.2039,30.8,33.3,33.3,station
2025-09-20,31.6,31.0,32.8,31.6,31.7,30.8,30.4,32.4,30.5,30.2,31.74,0.65,0.88,65,42,12.1,19.81,0.8,-0.9824,-0.187,31.2,32.2,32.2,station
2025-09-21,30.2,29.0,30.5,30.5,30.2,30.0,28.8,31.8,30.6,30.4,30.08,0.62,-0.24,72,41,12.4,20.83,0.0,-0.9854,-0.1701,29.6,30.6,30.6,station
2025-09-22,29.5,28.3,30.4,29.7,29.5,29.9,28.5,31.3,30.4,29.9,29.48,0.76,-0.52,69,20,11.0,20.66,0.1,-0.9882,-0.1531,28.8,30.0,30.0,station
2025-09-23,30.6,29.5,32.6,30.9,31.3,30.3,29.4,32.9,31.3,31.2,30.98,1.13,-0.04,65,60,10.8,17.63,0.1,-0.9907,-0.1361,30.3,31.7,31.7,station
2025-09-24,32.2,30.4,32.3,31.7,31.8,31.9,30.2,34.7,31.8,32.1,31.68,0.76,-0.46,66,67,13.5,18.48,0.6,-0.9929,-0.1191,30.7,33.3,33.3,station
2025-09-25,26.7,27.4,27.3,24.7,29.0,25.3,25.7,27.2,25.2,27.3,27.02,1.55,0.88,86,91,16.2,13.98,16.6,-0.9948,-0.102,28.6,28.9,28.9,station
2025-09-26,26.9,26.5,24.1,28.1,25.6,24.5,25.8,27.7,24.5,26.1,26.24,1.5,0.52,86,87,13.5,14.75,0.8,-0.9964,-0.0848,27.5,27.8,27.8,station
2025-09-27,25.0,26.7,27.6,27.6,23.1,26.8,26.6,30.1,28.2,25.6,26.0,1.94,-1.46,83,40,8.5,17.74,0.4,-0.9977,-0.0677,27.1,31.1,31.1,station
2025-09-28,27.1,27.9,29.4,28.5,27.5,26.3,27.9,30.4,28.1,25.8,28.08,0.9,0.38,81,18,12.1,19.55,0.3,-0.9987,-0.0505,27.3,31.1,31.1,station
2025-09-29,25.6,26.8,27.7,28.2,27.9,23.8,25.8,24.1,23.9,25.0,27.24,1.05,2.72,78,36,18.0,15.03,0.1,-0.9994,-0.0333,26.5,26.7,26.7,station
2025-09-30,27.2,26.3,24.8,24.6,24.8,26.5,26.6,27.8,24.8,27.3,25.54,1.15,-1.06,79,25,16.2,17.49,1.3,-0.9999,-0.0161,26.8,27.2,27.2,station
2025-10-01,27.4,27.0,29.4,26.7,26.0,27.6,26.6,28.0,25.7,25.8,27.3,1.28,0.56,66,17,14.7,20.23,0.0,-1.0,0.0011,27.5,29.4,29.4,station
2025-10-02,24.3,23.6,24.8,24.7,24.4,23.3,23.5,25.5,23.4,23.7,24.36,0.47,0.48,63,0,17.3,20.61,0.0,-0.9998,0.0183,24.6,25.6,25.6,station
2025-10-03,25.1,24.4,25.5,24.3,25.0,24.5,24.1,25.6,24.8,25.2,24.86,0.5,0.02,64,46,14.4,19.17,0.0,-0.9994,0.0355,24.8,25.0,25.0,station
2025-10-04,26.2,24.7,26.8,25.4,24.3,26.0,25.1,26.8,24.2,25.8,25.48,1.03,-0.1,72,91,18.1,14.47,0.0,-0.9986,0.0527,24.9,26.1,26.1,station
2025-10-05,23.6,21.6,27.3,23.9,24.4,25.0,23.6,25.0,23.9,24.9,24.16,2.05,-0.32,85,93,22.9,8.77,10.0,-0.9976,0.0698,23.5,22.2,22.2,station
2025-10-06,24.0,24.2,28.3,24.5,23.9,25.1,23.6,25.7,26.5,24.4,24.98,1.87,-0.08,90,78,17.8,8.68,3.2,-0.9962,0.087,24.3,24.4,24.4,station
2025-10-07,26.1,26.0,28.2,25.4,26.2,26.8,25.8,28.7,26.3,25.4,26.38,1.06,-0.22,83,68,14.6,12.33,0.3,-0.9946,0.1041,26.5,27.2,27.2,station
2025-10-08,27.6,27.4,27.7,26.9,27.6,27.4,26.3,30.5,26.2,27.0,27.44,0.32,-0.04,77,66,12.3,16.17,0.4,-0.9926,0.1212,28.4,30.0,30.0,station
2025-10-09,21.5,20.9,23.0,22.5,21.5,22.9,21.2,24.5,21.5,21.4,21.88,0.85,-0.42,69,66,17.8,12.01,0.9,-0.9904,0.1383,21.8,22.2,22.2,station
2025-10-10,21.8,21.7,22.9,21.4,22.3,21.6,21.1,23.0,21.5,20.8,22.02,0.59,0.42,62,6,18.7,19.03,0.0,-0.9879,0.1553,23.1,23.3,23.3,station
2025-10-11,23.7,23.4,24.8,23.7,23.0,24.8,23.9,25.4,23.8,23.9,23.72,0.67,-0.64,63,6,14.2,19.38,0.0,-0.9851,0.1722,23.6,24.4,24.4,station
2025-10-12,25.7,24.9,26.4,24.3,24.8,25.6,25.1,26.9,24.2,24.8,25.22,0.83,-0.1,58,55,10.9,19.05,0.0,-0.9819,0.1892,25.6,26.7,26.7,station
2025-10-13,26.1,25.8,26.0,25.3,25.7,25.7,25.8,26.9,25.6,25.7,25.78,0.31,-0.16,63,0,12.3,18.91,0.0,-0.9785,0.206,25.9,27.2,27.2,station
2025-10-14,27.5,27.7,28.7,27.2,26.7,27.6,27.8,28.4,26.7,26.9,27.56,0.74,0.08,58,0,12.9,18.61,0.0,-0.9749,0.2228,27.6,28.9,28.9,station
2025-10-15,27.6,27.3,28.3,27.8,28.0,27.9,27.9,29.2,27.4,27.7,27.8,0.38,-0.22,59,0,11.7,18.42,0.0,-0.9709,0.2396,28.2,30.0,30.0,station
2025-10-16,26.4,27.2,27.3,26.7,26.7,26.9,28.0,26.9,26.7,26.5,26.86,0.38,-0.14,57,0,12.3,18.16,0.0,-0.9666,0.2562,26.2,28.3,28.3,station
2025-10-17,25.9,25.9,26.5,26.1,27.1,25.9,26.4,27.4,26.2,25.9,26.3,0.51,-0.06,66,30,11.8,17.91,0.0,-0.9621,0.2728,26.3,27.8,27.8,station
2025-10-18,27.4,26.7,27.4,26.0,27.9,27.3,26.8,26.6,26.3,28.6,27.08,0.74,-0.04,66,31,14.0,13.42,0.9,-0.9572,0.2893,26.1,27.2,27.2,station
2025-10-19,22.0,21.0,24.5,23.8,21.4,23.2,20.0,22.6,23.2,23.0,22.54,1.53,0.14,67,65,22.7,10.39,4.5,-0.9521,0.3057,24.2,25.6,25.6,station
2025-10-20,20.7,20.4,23.0,20.6,19.2,20.2,20.2,23.8,21.4,17.7,20.78,1.38,0.12,58,0,10.8,18.4,0.0,-0.9467,0.3221,21.3,23.9,23.9,station
2025-10-21,24.1,24.6,25.5,25.3,25.7,24.7,24.5,26.3,24.8,25.0,25.04,0.67,-0.02,68,22,18.7,15.96,0.2,-0.941,0.3383,24.9,26.7,26.7,station
2025-10-22,19.5,21.1,21.1,19.5,19.5,19.5,21.2,22.3,20.6,19.7,20.14,0.88,-0.52,59,0,15.3,18.18,0.0,-0.9351,0.3545,21.1,23.3,23.3,station
2025-10-23,22.7,23.6,24.5,23.4,23.6,22.7,23.6,24.7,22.4,23.2,23.56,0.64,0.24,50,0,12.6,17.67,0.0,-0.9288,0.3705,23.5,25.0,25.0,station
2025-10-24,20.9,22.0,23.4,22.0,21.8,20.7,22.7,24.8,22.5,21.2,22.02,0.9,-0.36,52,17,10.2,17.38,0.0,-0.9223,0.3864,22.6,24.4,24.4,station
2025-10-25,20.4,20.9,21.8,21.5,21.1,20.1,21.0,21.7,21.9,20.3,21.14,0.54,0.14,50,80,15.4,17.05,0.0,-0.9155,0.4022,20.6,22.2,22.2,station
2025-10-26,15.9,15.1,17.1,14.5,16.5,16.1,14.8,18.9,15.2,19.1,15.82,1.04,-1.0,54,99,23.7,5.57,1.6,-0.9085,0.4179,15.9,17.2,17.2,station
2025-10-27,12.5,11.3,15.1,12.7,12.6,13.6,11.1,14.5,12.1,14.0,12.84,1.38,-0.22,89,100,23.5,2.88,35.0,-0.9012,0.4335,12.5,11.7,11.7,station
2025-10-28,13.3,11.7,10.8,12.9,12.2,12.0,12.0,12.8,14.3,12.6,12.18,0.99,-0.56,86,100,18.7,6.05,0.9,-0.8936,0.4489,12.4,12.2,12.2,station
2025-10-29,12.8,9.7,10.6,12.5,12.0,13.9,10.2,12.6,12.2,11.8,11.52,1.32,-0.62,91,78,26.1,3.3,8.7,-0.8857,0.4642,11.5,12.2,12.2,station
2025-10-30,12.7,12.2,11.3,12.0,12.1,13.1,12.4,13.3,12.2,12.1,12.06,0.5,-0.56,78,81,23.1,8.27,0.2,-0.8776,0.4794,13.5,13.9,13.9,station
2025-10-31,15.6,16.2,13.8,14.5,14.4,15.2,16.3,17.1,13.0,14.0,14.9,0.97,-0.22,73,2,15.0,16.48,0.0,-0.8692,0.4944,16.5,18.3,18.3,station
2025-11-01,16.6,17.1,15.5,17.1,16.6,16.6,17.1,18.4,16.1,15.7,16.58,0.65,-0.2,70,19,9.5,16.4,0.0,-0.8606,0.5093,16.7,19.4,19.4,station
2025-11-02,16.8,16.9,17.4,17.4,17.7,16.2,16.9,18.4,17.3,16.9,17.24,0.38,0.1,76,76,16.2,12.52,25.0,-0.8517,0.524,17.1,18.3,18.3,station
2025-11-03,16.3,16.4,15.8,16.8,14.9,16.5,16.3,18.9,17.1,16.4,16.04,0.73,-1.0,84,40,13.2,15.34,0.0,-0.8426,0.5386,15.5,16.7,16.7,station
2025-11-04,18.9,20.3,18.8,19.8,18.7,18.9,21.0,21.5,19.9,18.1,19.3,0.71,-0.58,71,0,13.3,15.78,0.0,-0.8332,0.553,19.7,21.1,21.1,station
2025-11-05,21.6,22.8,22.9,22.3,22.7,21.0,22.5,23.2,21.3,21.4,22.46,0.53,0.58,68,16,11.3,15.63,0.0,-0.8235,0.5672,22.9,23.9,23.9,station
2025-11-06,21.4,23.8,23.5,23.0,23.9,20.9,23.8,23.8,22.7,23.2,23.12,1.02,0.24,67,4,11.8,15.35,0.0,-0.8137,0.5813,23.0,25.0,25.0,station
2025-11-07,22.5,22.3,23.7,23.1,24.0,22.3,22.0,24.0,22.2,24.5,23.12,0.74,0.12,83,31,14.9,11.68,1.2,-0.8035,0.5952,22.0,22.2,22.2,station
2025-11-08,22.5,21.8,23.5,22.3,22.8,22.2,22.4,22.9,22.0,22.7,22.58,0.63,0.14,86,63,13.4,11.13,1.4,-0.7932,0.609,23.8,25.6,25.6,station
2025-11-09,19.2,20.0,18.1,20.0,19.0,17.1,18.5,19.5,18.4,18.2,19.26,0.79,0.92,77,26,23.3,13.89,0.0,-0.7826,0.6225,21.6,22.8,22.8,station
2025-11-10,6.5,6.8,5.4,6.6,5.0,6.6,7.3,7.2,6.5,4.9,6.06,0.8,-0.44,54,70,25.4,10.39,0.0,-0.7718,0.6359,6.8,6.1,6.1,station
2025-11-11,7.8,6.4,8.4,8.2,7.5,7.4,6.3,10.0,9.1,6.9,7.66,0.79,-0.28,55,8,19.0,15.15,0.0,-0.7607,0.6491,8.1,9.4,9.4,station
2025-11-12,16.1,17.7,18.0,17.0,16.3,16.3,17.3,17.6,16.9,16.0,17.02,0.83,0.2,58,1,15.5,14.59,0.0,-0.7494,0.6621,18.1,20.0,20.0,station
2025-11-13,18.4,20.3,19.8,19.8,18.8,18.1,20.0,19.5,18.5,18.6,19.42,0.79,0.48,65,11,12.7,14.73,0.0,-0.7379,0.6749,19.6,21.1,21.1,station
2025-11-14,20.8,21.4,21.3,21.3,20.4,20.9,21.5,21.3,21.6,19.7,21.04,0.43,0.04,58,3,9.0,14.41,0.0,-0.7262,0.6875,21.1,23.3,23.3,station
2025-11-15,22.3,23.0,23.2,23.0,23.6,22.2,22.9,22.7,22.6,23.5,23.02,0.47,0.24,62,43,15.7,13.62,0.0,-0.7143,0.6998,22.8,23.9,23.9,station
2025-11-16,21.5,22.5,22.8,22.5,24.8,20.3,22.0,23.2,22.8,24.8,22.82,1.21,0.2,62,24,20.1,10.11,0.2,-0.7021,0.712,23.4,24.4,24.4,station
2025-11-17,17.6,18.6,19.2,19.1,17.9,17.8,18.9,19.5,19.3,18.1,18.48,0.71,-0.24,37,14,13.3,14.26,0.0,-0.6898,0.724,19.2,20.6,20.6,station
2025-11-18,22.2,22.0,23.0,22.2,22.6,21.8,21.4,23.2,23.3,21.4,22.4,0.4,0.18,49,8,12.0,13.78,0.0,-0.6772,0.7358,22.5,23.3,23.3,station
2025-11-19,23.7,23.8,24.5,23.5,27.0,24.0,24.0,24.9,25.0,26.9,24.5,1.45,-0.46,72,39,16.9,9.94,0.3,-0.6645,0.7473,23.1,23.9,23.9,station
2025-11-20,23.6,23.2,23.5,24.2,26.2,24.1,24.2,25.8,25.5,27.2,24.14,1.21,-1.22,90,84,9.5,6.87,0.1,-0.6515,0.7586,23.7,23.9,23.9,station
2025-11-21,22.3,22.7,24.2,22.2,24.7,22.9,22.8,25.2,21.6,24.8,23.22,1.15,-0.24,81,96,17.6,9.48,2.7,-0.6384,0.7697,24.1,26.1,26.1,station
2025-11-22,24.4,23.4,24.0,24.1,23.3,23.5,22.9,21.5,24.0,23.7,23.84,0.47,0.72,81,60,16.8,9.95,3.2,-0.625,0.7806,25.4,27.2,27.2,station
2025-11-23,20.0,20.6,20.6,20.6,20.1,20.1,20.5,21.7,19.9,20.0,20.38,0.3,-0.06,68,1,9.8,13.34,0.0,-0.6115,0.7912,21.8,23.3,23.3,station
2025-11-24,21.9,21.6,20.5,21.4,22.9,20.3,20.7,21.9,20.4,21.7,21.66,0.87,0.66,67,58,15.9,12.14,0.0,-0.5978,0.8016,23.2,23.9,23.9,station
2025-11-25,21.6,19.7,22.9,19.9,23.7,22.2,20.2,22.1,22.4,23.8,21.56,1.77,-0.58,79,99,17.7,5.82,7.5,-0.584,0.8118,22.0,19.4,19.4,station
2025-11-26,16.9,17.8,18.3,18.3,18.4,16.8,17.7,19.1,17.9,17.9,17.94,0.63,0.06,76,45,18.3,12.47,5.4,-0.5699,0.8217,18.9,20.0,20.0,station
2025-11-27,8.8,9.7,8.2,9.1,7.7,9.4,10.3,10.5,9.2,5.9,8.7,0.78,-0.36,47,7,19.7,13.16,0.0,-0.5557,0.8314,10.0,11.1,11.1,station
2025-11-28,6.7,8.0,7.5,7.7,7.3,6.8,7.7,8.3,7.2,6.5,7.44,0.49,0.14,49,14,16.0,13.62,0.0,-0.5413,0.8408,7.9,9.4,9.4,station
2025-11-29,8.9,10.1,9.6,9.8,9.6,9.1,10.5,11.4,9.5,9.6,9.6,0.44,-0.42,43,71,17.0,12.47,0.0,-0.5268,0.85,10.3,10.6,10.6,station
2025-11-30,8.9,8.6,7.7,8.9,11.6,9.1,8.7,10.4,8.8,12.2,9.14,1.46,-0.7,75,89,15.4,2.12,5.1,-0.5121,0.859,7.7,7.8,7.8,station
2025-12-01,11.9,9.6,7.7,10.7,9.6,12.2,9.9,13.3,9.4,10.1,9.9,1.55,-1.08,86,100,16.9,5.82,0.8,-0.4972,0.8676,10.0,11.1,11.1,station
2025-12-02,10.3,8.2,7.6,9.1,10.1,10.9,7.7,8.7,9.2,8.6,9.06,1.17,0.04,89,100,18.8,3.86,21.2,-0.4822,0.8761,9.4,9.4,9.4,station
2025-12-03,10.0,5.9,5.8,10.0,7.2,10.1,5.9,12.0,10.1,7.5,7.78,2.1,-1.34,79,79,16.5,10.05,0.0,-0.4671,0.8842,8.7,11.1,11.1,station
2025-12-04,8.5,7.1,9.2,7.7,6.7,7.0,7.0,10.5,7.5,6.5,7.84,1.02,0.14,85,95,8.4,4.46,0.2,-0.4518,0.8921,8.1,9.4,9.4,station
2025-12-05,10.4,7.5,8.2,8.0,7.7,9.9,7.6,8.9,7.5,7.7,8.36,1.17,0.04,94,100,11.4,2.46,6.2,-0.4364,0.8998,8.3,8.3,8.3,station
2025-12-06,9.0,6.5,7.5,7.8,7.1,8.4,6.9,11.5,7.8,7.4,7.58,0.93,-0.82,88,79,9.5,2.66,0.0,-0.4208,0.9071,7.6,8.3,8.3,station
2025-12-07,12.3,7.7,5.8,6.4,8.7,14.3,7.4,14.0,7.0,8.3,8.18,2.56,-2.02,92,67,8.1,6.3,0.0,-0.4052,0.9142,7.3,6.1,6.1,station
2025-12-08,9.7,8.5,7.8,8.4,7.1,10.0,8.7,10.9,9.3,7.2,8.3,0.96,-0.92,83,92,20.9,6.03,2.1,-0.3894,0.9211,9.7,10.0,10.0,station
2025-12-09,9.7,5.9,5.3,8.2,8.2,9.1,6.4,11.0,8.0,8.5,7.46,1.82,-1.14,81,34,12.7,10.32,0.0,-0.3735,0.9276,8.5,10.0,10.0,station
2025-12-10,13.7,13.1,11.3,12.6,12.2,13.8,12.5,14.7,13.2,12.5,12.58,0.91,-0.76,78,48,21.6,11.58,0.0,-0.3575,0.9339,13.2,14.4,14.4,station
2025-12-11,8.4,8.2,9.3,9.1,9.0,8.5,8.1,8.2,7.6,9.6,8.8,0.47,0.4,60,58,19.6,12.31,0.0,-0.3413,0.9399,9.5,11.7,11.7,station
2025-12-12,15.6,16.2,16.4,15.5,14.9,15.5,16.1,15.9,15.5,15.1,15.72,0.6,0.1,64,11,12.9,12.14,0.0,-0.3251,0.9457,16.5,17.8,17.8,station
2025-12-13,18.9,19.2,18.5,18.8,19.3,18.2,18.1,17.9,18.3,16.3,18.94,0.32,1.18,78,10,15.9,11.64,0.0,-0.3088,0.9511,19.5,20.6,20.6,station
2025-12-14,12.3,15.3,13.8,13.9,14.3,11.7,14.5,13.6,13.1,13.7,13.92,1.08,0.6,66,43,25.3,12.18,2.0,-0.2924,0.9563,15.1,16.1,16.1,station
2025-12-15,3.9,3.7,5.6,3.9,3.9,5.1,3.9,7.4,4.2,3.3,4.2,0.79,-0.58,48,0,16.9,12.83,0.0,-0.2759,0.9612,4.8,7.2,7.2,station
2025-12-16,11.2,11.9,13.3,11.7,11.5,11.9,11.9,12.6,11.5,10.4,11.92,0.81,0.26,47,7,8.8,12.63,0.0,-0.2593,0.9658,12.1,14.4,14.4,station
2025-12-17,15.0,15.7,15.1,15.5,15.4,13.6,14.7,14.6,14.1,14.8,15.34,0.29,0.98,60,92,10.4,10.92,0.0,-0.2427,0.9701,15.7,17.8,17.8,station
2025-12-18,13.4,14.5,15.2,15.7,14.9,13.7,14.5,14.3,15.2,15.5,14.74,0.87,0.1,93,99,20.2,3.09,2.8,-0.226,0.9741,15.4,17.2,17.2,station
2025-12-19,14.7,14.7,15.4,15.7,15.8,14.8,15.0,15.0,16.0,15.7,15.26,0.53,-0.04,63,18,30.2,12.54,4.2,-0.2092,0.9779,15.4,17.2,17.2,station
2025-12-20,14.4,16.3,16.6,14.8,15.7,13.9,15.3,15.0,15.4,15.3,15.56,0.94,0.58,56,0,13.0,12.38,0.0,-0.1923,0.9813,15.8,17.2,17.2,station
2025-12-21,11.3,14.7,17.7,12.7,18.4,14.8,14.0,13.4,14.3,18.1,14.96,3.08,0.04,65,53,11.2,5.64,0.2,-0.1754,0.9845,13.1,13.9,13.9,station
2025-12-22,12.1,13.6,14.3,13.6,13.2,12.8,13.3,13.3,14.3,14.3,13.36,0.81,-0.24,38,88,15.8,7.99,0.0,-0.1585,0.9874,14.5,15.6,15.6,station
2025-12-23,20.5,19.4,19.0,20.0,21.9,17.9,18.7,18.5,19.9,20.9,20.16,1.13,0.98,51,58,13.2,8.96,0.0,-0.1414,0.9899,21.1,19.4,19.4,station
2025-12-24,22.0,23.4,22.1,22.1,23.3,21.1,22.5,19.1,22.5,23.3,22.58,0.7,0.88,72,26,12.3,11.09,0.0,-0.1244,0.9922,23.9,25.0,25.0,station
2025-12-25,21.8,22.9,20.6,22.4,24.2,22.2,22.5,22.3,21.4,24.0,22.38,1.33,-0.1,79,24,15.3,9.12,0.0,-0.1073,0.9942,22.4,21.7,21.7,station
2025-12-26,17.6,19.8,17.2,20.7,22.2,19.0,20.4,22.5,20.9,23.1,19.5,2.1,-1.68,85,53,18.1,8.41,0.4,-0.0902,0.9959,20.7,20.0,20.0,station
2025-12-27,22.8,22.5,21.5,22.8,23.3,23.0,22.5,25.0,23.0,24.2,22.58,0.67,-0.96,79,54,15.7,8.99,0.1,-0.073,0.9973,24.3,25.0,25.0,station
2025-12-28,18.9,19.9,19.6,20.9,23.2,19.9,20.7,20.4,21.8,22.6,20.5,1.67,-0.58,90,68,18.4,6.45,1.5,-0.0559,0.9984,21.2,20.6,20.6,station
2025-12-29,16.7,17.2,16.6,16.9,17.4,16.1,17.8,17.8,16.6,17.1,16.96,0.34,-0.12,57,57,29.9,10.24,3.8,-0.0387,0.9993,17.2,17.8,17.8,station
2025-12-30,3.5,2.9,5.6,3.9,3.2,4.1,3.1,5.7,4.3,2.5,3.82,1.06,-0.12,48,16,24.7,12.68,0.0,-0.0215,0.9998,4.4,5.6,5.6,station
2025-12-31,9.7,9.3,10.1,9.3,8.8,9.6,9.0,10.3,9.4,8.6,9.44,0.49,0.06,39,10,15.9,12.64,0.0,-0.0043,1.0,10.6,,,
2026-01-01,15.1,16.1,15.7,14.9,15.1,13.4,15.5,13.9,13.6,13.6,15.38,0.5,1.38,45,9,14.7,12.37,0.0,0.0172,0.9999,16.2,16.7,16.7,station
2026-01-02,13.9,16.3,16.9,15.1,14.9,13.7,15.4,15.4,14.2,16.0,15.42,1.19,0.48,59,98,14.0,5.69,5.4,0.0344,0.9994,15.3,16.1,16.1,station
2026-01-03,12.6,12.0,11.2,12.7,11.8,14.6,12.0,15.4,14.6,12.9,12.06,0.61,-1.84,92,85,10.6,3.37,7.3,0.0516,0.9987,13.0,13.9,13.9,station
2026-01-04,15.6,12.6,13.2,15.0,12.0,14.8,13.0,15.1,14.7,12.0,13.68,1.55,-0.24,81,74,8.4,11.18,0.0,0.0688,0.9976,15.9,17.2,17.2,station
2026-01-05,17.9,14.8,11.6,15.1,17.1,18.2,12.3,17.8,13.4,16.1,15.3,2.45,-0.26,82,59,11.3,11.3,0.0,0.0859,0.9963,17.9,18.9,18.9,station
2026-01-06,16.9,16.6,15.3,18.5,18.0,18.1,16.9,20.1,18.3,18.9,17.06,1.25,-1.4,93,96,18.1,3.52,0.3,0.103,0.9947,16.0,16.7,16.7,station
2026-01-07,21.0,20.7,17.8,21.2,20.6,21.2,20.5,21.6,21.3,20.8,20.26,1.4,-0.82,82,80,9.6,10.63,0.5,0.1201,0.9928,21.5,21.1,21.1,station
2026-01-08,20.8,19.7,18.6,19.8,21.4,20.0,19.2,20.9,20.5,21.6,20.06,1.08,-0.38,80,99,14.4,9.45,0.0,0.1372,0.9905,20.9,21.1,21.1,station
2026-01-09,18.5,18.1,21.6,20.7,22.0,19.7,18.8,22.4,18.0,21.7,20.18,1.79,0.06,90,96,20.4,4.23,12.7,0.1542,0.988,21.3,21.1,21.1,station
2026-01-10,21.5,19.1,19.2,20.7,19.7,18.6,18.7,19.7,20.3,23.9,20.04,1.03,-0.2,93,99,27.8,3.64,17.5,0.1712,0.9852,20.4,21.1,21.1,station
2026-01-11,13.4,13.8,12.9,13.5,12.5,12.1,11.7,14.7,12.9,13.4,13.22,0.52,0.26,60,32,28.5,13.26,0.0,0.1881,0.9821,14.0,12.2,12.2,station
2026-01-12,8.7,7.7,7.4,7.7,6.5,8.9,7.6,9.9,7.7,5.7,7.6,0.79,-0.36,59,58,13.1,13.11,0.0,0.205,0.9788,9.0,11.1,11.1,station
2026-01-13,13.8,13.5,14.1,13.1,13.1,13.7,13.6,13.8,12.3,12.1,13.52,0.44,0.42,57,10,12.1,13.46,0.0,0.2218,0.9751,14.2,16.7,16.7,station
2026-01-14,10.4,10.8,11.6,7.8,11.8,12.6,11.9,13.2,12.2,12.4,10.48,1.6,-1.98,70,99,22.5,5.27,3.9,0.2385,0.9711,11.6,11.1,11.1,station
2026-01-15,4.1,4.9,3.9,5.9,6.0,4.3,5.6,4.4,5.9,6.5,4.96,0.98,-0.38,55,10,23.5,13.81,0.0,0.2552,0.9669,5.5,2.8,2.8,station
2026-01-16,9.8,8.5,10.3,9.7,9.4,9.2,8.2,10.6,9.0,8.4,9.54,0.67,0.46,52,1,17.0,13.66,0.0,0.2718,0.9624,9.8,11.7,11.7,station
2026-01-17,8.2,11.3,10.0,10.5,11.2,10.8,11.0,11.4,10.2,10.0,10.24,1.26,-0.44,77,81,19.9,4.66,1.3,0.2883,0.9575,11.6,11.7,11.7,station
2026-01-18,5.3,6.7,4.3,5.2,3.6,4.0,4.9,5.9,3.9,3.2,5.02,1.17,0.64,51,51,19.9,12.12,0.5,0.3047,0.9524,6.5,6.1,6.1,station
2026-01-19,5.4,7.0,6.5,5.6,6.5,6.1,6.3,7.7,6.1,5.7,6.2,0.67,-0.18,52,6,17.1,14.19,0.0,0.3211,0.9471,6.2,8.3,8.3,station
2026-01-20,4.6,6.2,6.7,5.1,4.7,3.6,6.0,6.5,4.3,4.3,5.46,0.94,0.52,52,21,12.7,14.37,0.0,0.3373,0.9414,6.1,8.3,8.3,station
2026-01-21,11.6,11.7,13.8,9.5,12.3,11.3,11.4,10.7,9.7,10.1,11.78,1.55,1.14,45,77,11.8,12.44,0.0,0.3534,0.9355,11.1,12.8,12.8,station
2026-01-22,8.3,10.0,9.6,8.2,9.5,10.2,10.2,9.1,8.9,9.0,9.12,0.82,-0.36,90,100,12.4,2.11,8.6,0.3695,0.9292,9.2,10.0,10.0,station
2026-01-23,9.2,11.4,8.7,11.4,8.5,7.5,10.2,10.3,9.8,9.9,9.84,1.45,0.3,86,99,10.5,4.63,0.2,0.3854,0.9227,11.5,12.2,12.2,station
2026-01-24,5.5,7.5,7.2,7.8,6.6,5.0,8.1,5.9,6.6,4.4,6.92,0.91,0.92,60,99,20.4,6.55,0.6,0.4012,0.916,7.9,8.3,8.3,station
2026-01-25,14.0,3.7,8.0,3.5,13.2,11.7,3.4,6.6,2.1,13.7,8.48,5.02,0.98,96,100,23.5,1.97,23.4,0.4169,0.9089,5.9,3.9,3.9,station
2026-01-26,1.6,1.7,2.1,1.5,2.7,2.5,1.2,3.5,3.1,1.7,1.92,0.49,-0.48,65,32,26.0,15.14,0.0,0.4325,0.9016,4.9,2.8,2.8,station
2026-01-27,3.9,2.4,2.8,3.0,0.1,3.6,2.4,3.5,2.9,0.8,2.44,1.42,-0.2,50,13,15.5,15.45,0.0,0.4479,0.8941,4.1,6.1,6.1,station
2026-01-28,6.4,7.1,5.8,6.6,4.1,5.6,7.6,7.3,6.4,3.7,6.0,1.16,-0.12,61,49,16.0,14.79,0.0,0.4633,0.8862,7.7,10.0,10.0,station
2026-01-29,5.8,6.8,8.9,6.3,2.9,5.7,7.0,6.2,5.6,3.3,6.14,2.16,0.58,60,69,12.7,11.33,0.0,0.4784,0.8781,6.4,8.3,8.3,station
2026-01-30,9.7,10.0,10.9,10.5,7.6,8.3,9.7,9.2,10.0,3.6,9.74,1.28,1.58,63,45,13.8,12.43,0.0,0.4935,0.8698,10.3,11.7,11.7,station
2026-01-31,1.0,3.6,1.6,0.9,0.1,-0.1,3.3,2.3,0.1,-2.6,1.44,1.32,0.84,65,77,35.6,8.56,0.4,0.5084,0.8611,2.0,1.1,1.1,station
2026-02-01,0.5,-0.9,0.6,0.3,1.7,0.1,-0.4,1.5,0.0,1.0,0.44,0.93,-0.0,47,54,30.1,15.89,0.0,0.5231,0.8523,0.6,2.2,2.2,station
2026-02-02,8.5,7.8,8.1,7.7,8.6,7.6,7.0,8.2,7.6,8.0,8.14,0.4,0.46,51,5,12.7,15.68,0.0,0.5377,0.8432,8.9,10.6,10.6,station
2026-02-03,13.5,15.2,15.2,13.4,15.5,12.9,14.9,12.2,12.2,13.4,14.56,1.02,1.44,59,85,14.7,13.23,0.9,0.5521,0.8338,14.6,15.6,15.6,station
2026-02-04,10.8,10.5,10.9,12.0,13.7,10.1,10.6,10.2,12.6,12.2,11.58,1.31,0.44,89,97,18.9,4.0,5.2,0.5664,0.8242,12.0,13.3,13.3,station
2026-02-05,6.0,4.6,5.3,6.6,5.6,5.4,4.2,8.2,6.9,5.1,5.62,0.75,-0.34,72,83,21.0,9.78,0.0,0.5805,0.8143,5.5,7.2,7.2,station
2026-02-06,14.4,15.8,15.8,13.3,13.9,13.6,14.8,14.1,13.0,13.2,14.64,1.13,0.9,60,11,22.6,16.17,0.0,0.5944,0.8042,15.5,18.3,18.3,station
2026-02-07,6.4,10.5,7.8,8.3,9.1,5.1,10.4,8.9,7.9,8.8,8.42,1.52,0.2,55,5,23.8,16.64,0.0,0.6081,0.7938,10.0,12.2,12.2,station
2026-02-08,12.3,12.6,13.6,12.8,13.1,11.8,12.4,13.0,11.4,12.8,12.88,0.5,0.6,45,35,10.2,16.04,0.0,0.6217,0.7833,14.3,15.6,15.6,station
2026-02-09,17.1,16.1,19.5,19.3,19.4,19.2,16.0,17.8,19.9,19.0,18.28,1.58,-0.1,57,28,12.2,16.05,0.0,0.6351,0.7725,18.7,19.4,19.4,station
2026-02-10,21.4,22.3,21.1,19.8,23.1,21.4,21.8,20.9,21.5,23.8,21.54,1.25,-0.34,74,56,18.1,13.63,0.0,0.6483,0.7614,21.2,20.6,20.6,station
2026-02-11,15.6,17.4,18.0,17.0,20.7,15.7,16.8,17.0,16.7,18.9,17.74,1.88,0.72,78,74,21.9,8.81,5.6,0.6613,0.7502,18.2,17.8,17.8,station
2026-02-12,14.7,15.4,15.3,15.7,14.1,14.7,15.7,16.4,16.1,14.6,15.04,0.64,-0.46,47,15,13.1,17.21,0.0,0.6741,0.7387,16.2,17.8,17.8,station
2026-02-13,14.0,15.6,15.2,14.5,14.9,14.5,15.8,16.5,15.1,14.8,14.84,0.62,-0.5,45,23,10.9,17.22,0.0,0.6867,0.727,14.9,16.7,16.7,station
2026-02-14,15.7,16.8,17.3,15.9,16.1,16.4,15.7,15.6,14.8,15.9,16.36,0.67,0.68,48,74,13.5,10.79,0.5,0.6991,0.715,16.0,16.7,16.7,station
2026-02-15,13.0,13.8,15.1,16.0,17.6,15.1,14.6,13.9,12.5,17.3,15.1,1.81,0.42,85,98,17.3,4.52,17.6,0.7113,0.7029,16.6,15.6,15.6,station
2026-02-16,18.5,16.6,15.5,18.3,14.5,18.3,15.4,18.3,19.1,15.8,16.68,1.74,-0.7,76,24,18.0,17.59,0.0,0.7233,0.6906,18.4,20.0,20.0,station
2026-02-17,19.5,18.8,16.4,18.9,17.7,19.7,16.8,19.5,18.3,16.1,18.26,1.23,0.18,70,44,12.1,16.92,0.0,0.735,0.678,19.0,20.6,20.6,station
2026-02-18,19.5,19.9,17.4,20.5,20.5,20.1,19.6,18.0,20.7,20.7,19.56,1.28,-0.26,86,94,21.3,7.98,0.1,0.7466,0.6653,18.8,20.0,20.0,station
2026-02-19,24.5,22.7,20.6,24.0,25.6,22.7,22.8,24.1,24.5,25.9,23.48,1.92,-0.52,79,77,24.1,14.21,3.2,0.7579,0.6523,24.5,26.1,26.1,station
2026-02-20,22.3,23.0,22.6,23.3,21.8,23.1,23.2,23.5,23.3,24.5,22.6,0.59,-0.92,67,55,20.9,16.64,2.5,0.769,0.6392,24.2,26.1,26.1,station
2026-02-21,19.5,16.8,17.3,17.7,20.4,19.7,18.3,19.7,18.6,17.8,18.34,1.54,-0.48,80,86,9.1,8.92,25.4,0.7799,0.6259,19.2,18.9,18.9,station
2026-02-22,13.4,13.2,16.0,15.1,16.4,13.0,14.9,17.2,14.6,14.1,14.82,1.47,0.06,56,22,30.9,18.9,0.0,0.7906,0.6124,14.9,11.7,11.7,station
2026-02-23,3.2,2.1,3.4,3.2,2.8,3.3,1.7,5.0,2.9,2.5,2.94,0.52,-0.14,52,54,24.9,17.04,0.0,0.801,0.5987,3.1,4.4,4.4,station
2026-02-24,10.2,8.4,11.2,9.7,10.2,10.4,8.1,12.0,9.8,10.3,9.94,1.02,-0.18,54,47,14.6,19.31,0.0,0.8112,0.5848,10.6,11.7,11.7,station
2026-02-25,16.3,16.0,16.9,15.9,15.9,14.4,15.2,15.7,15.7,16.8,16.2,0.42,0.64,65,97,22.9,10.74,0.0,0.8211,0.5708,16.5,16.7,16.7,station
2026-02-26,18.6,16.8,18.6,16.3,18.0,19.5,16.4,15.9,17.1,17.2,17.66,1.06,0.44,89,96,21.0,7.12,24.5,0.8308,0.5566,17.5,17.2,17.2,station
2026-02-27,19.3,17.6,17.5,20.1,17.3,19.9,18.2,21.1,18.4,15.3,18.36,1.26,-0.22,83,75,13.2,11.9,14.1,0.8402,0.5422,19.1,20.6,20.6,station
2026-02-28,19.8,17.6,17.0,19.2,18.8,18.5,17.7,18.1,19.2,16.4,18.48,1.15,0.5,80,35,10.3,17.1,0.0,0.8495,0.5277,19.5,21.7,21.7,station
2026-03-01,23.1,23.5,21.1,22.1,22.5,23.2,23.3,23.3,22.4,22.8,22.46,0.93,-0.54,66,45,7.7,18.53,0.0,0.8584,0.513,23.6,25.0,25.0,station
2026-03-02,17.9,20.7,20.7,19.9,22.9,12.8,18.1,21.4,15.7,21.8,20.42,1.8,2.46,63,54,20.0,18.31,0.0,0.8671,0.4981,22.7,24.4,24.4,station
2026-03-03,19.3,15.8,17.1,19.1,22.8,19.5,16.7,16.3,18.0,23.7,18.82,2.66,-0.02,79,80,19.3,8.35,0.0,0.8755,0.4831,15.5,17.2,17.2,station
2026-03-04,23.5,21.4,22.4,23.0,24.2,25.0,22.3,24.4,23.5,26.9,22.9,1.07,-1.52,84,66,11.3,12.3,0.0,0.8837,0.468,21.9,23.9,23.9,station
2026-03-05,25.4,25.2,25.1,24.5,26.4,25.3,24.7,27.2,25.1,26.8,25.32,0.69,-0.5,76,56,13.0,15.8,0.2,0.8916,0.4527,24.8,26.7,26.7,station
2026-03-06,26.7,26.9,24.9,24.9,26.6,26.1,26.3,27.1,24.3,27.9,26.0,1.01,-0.34,80,65,18.0,16.5,1.4,0.8993,0.4373,26.8,26.7,26.7,station
2026-03-07,26.2,26.0,27.1,25.6,26.5,25.2,25.3,28.1,25.2,26.3,26.28,0.56,0.26,77,50,18.2,17.87,4.5,0.9067,0.4218,27.3,27.8,27.8,station
2026-03-08,18.7,19.2,21.4,19.8,20.8,22.8,19.8,20.7,20.9,22.0,19.98,1.11,-1.26,92,86,11.2,6.39,9.3,0.9138,0.4061,20.0,20.6,20.6,station
2026-03-09,25.6,23.7,22.0,25.9,22.7,23.9,22.0,25.9,24.2,24.0,23.98,1.73,-0.02,79,69,14.2,17.79,6.9,0.9207,0.3904,25.5,25.0,25.0,station
2026-03-10,25.7,25.2,22.1,26.3,23.0,24.5,24.6,23.6,24.5,23.6,24.46,1.81,0.3,82,56,18.6,17.47,13.2,0.9272,0.3745,26.6,26.7,26.7,station
2026-03-11,26.5,25.4,22.6,25.4,26.5,27.1,25.3,27.5,25.1,25.5,25.28,1.6,-0.82,72,85,22.3,17.83,0.0,0.9335,0.3585,27.8,27.2,27.2,station
2026-03-12,20.5,21.5,18.0,21.4,22.5,20.4,21.1,21.7,21.4,21.8,20.78,1.71,-0.5,67,53,31.1,19.24,19.7,0.9396,0.3424,21.1,21.7,21.7,station
2026-03-13,19.1,17.9,16.3,18.4,15.0,19.6,18.1,19.5,19.5,14.8,17.34,1.67,-0.96,61,2,12.1,22.02,0.0,0.9453,0.3261,18.0,20.0,20.0,station
2026-03-14,22.7,23.0,23.8,23.6,23.7,22.9,23.0,23.5,23.4,22.2,23.36,0.48,0.36,58,23,11.6,21.97,0.0,0.9508,0.3098,23.6,25.0,25.0,station
2026-03-15,21.8,20.9,24.3,23.1,22.0,20.7,21.9,24.5,22.7,22.3,22.42,1.31,0.0,70,63,17.8,16.27,1.1,0.956,0.2934,22.6,22.2,22.2,station
2026-03-16,17.9,19.1,18.3,18.5,18.7,17.7,19.4,18.8,18.4,20.6,18.5,0.45,-0.48,77,94,29.1,5.51,21.3,0.9609,0.2769,18.1,20.0,20.0,station
2026-03-17,6.1,6.2,4.3,7.1,5.3,6.4,6.3,8.5,8.1,5.9,5.8,1.05,-1.24,53,31,17.2,22.95,0.0,0.9655,0.2604,7.5,8.9,8.9,station
2026-03-18,11.0,11.3,12.3,11.9,10.7,10.7,10.8,12.3,10.2,8.6,11.44,0.65,0.92,57,44,8.1,19.38,0.0,0.9698,0.2437,10.9,13.3,13.3,station
2026-03-19,18.4,19.4,19.7,17.8,18.6,18.3,19.1,17.8,17.4,17.3,18.78,0.77,0.8,59,16,8.4,22.45,0.0,0.9739,0.227,18.7,20.6,20.6,station
2026-03-20,23.0,23.7,24.4,22.9,23.1,22.8,24.1,22.6,22.0,23.0,23.42,0.63,0.52,56,31,13.7,22.6,0.0,0.9777,0.2102,23.1,24.4,24.4,station
2026-03-21,26.3,27.3,28.4,27.4,27.5,26.0,26.9,26.4,26.7,27.4,27.38,0.75,0.7,59,42,14.6,22.09,0.0,0.9811,0.1934,27.3,28.3,28.3,station
2026-03-22,27.4,27.7,28.2,27.9,28.1,27.0,27.3,27.7,27.9,28.2,27.86,0.32,0.24,62,2,16.5,22.34,0.0,0.9843,0.1765,27.7,28.3,28.3,station
2026-03-23,22.0,24.2,24.3,24.9,26.3,22.3,23.3,23.2,25.0,28.1,24.34,1.55,-0.04,59,38,21.6,21.61,0.0,0.9872,0.1595,25.6,26.7,26.7,station
2026-03-24,18.5,16.4,18.2,17.8,19.4,17.0,16.2,16.4,16.9,17.9,18.06,1.1,1.18,37,75,18.5,21.94,0.0,0.9898,0.1425,19.1,20.6,20.6,station
2026-03-25,20.8,18.9,20.5,18.3,21.2,20.5,18.5,15.8,17.8,15.4,19.94,1.27,2.34,57,80,14.6,16.99,0.0,0.9921,0.1255,19.7,20.0,20.0,station
2026-03-26,25.8,25.1,26.4,26.1,27.1,25.5,25.0,26.7,26.3,27.2,26.1,0.74,-0.04,67,16,13.6,19.99,0.0,0.9941,0.1084,26.1,26.1,26.1,station
2026-03-27,28.8,27.1,28.3,28.1,27.8,28.5,26.7,29.1,28.3,29.1,28.02,0.63,-0.32,63,29,23.2,19.69,0.0,0.9958,0.0913,28.6,28.3,28.3,station
2026-03-28,19.6,19.3,18.9,20.3,17.7,19.5,19.2,19.8,20.3,18.8,19.16,0.96,-0.36,41,29,22.8,24.55,0.0,0.9972,0.0741,20.1,21.1,21.1,station
2026-03-29,19.3,16.3,18.8,19.4,18.1,20.1,17.3,20.3,19.9,16.0,18.38,1.27,-0.34,49,45,17.6,18.13,0.0,0.9984,0.057,18.3,18.3,18.3,station
2026-03-30,22.7,21.4,19.9,21.8,23.1,24.3,22.3,21.5,23.3,24.2,21.78,1.25,-1.34,65,63,13.4,17.52,0.8,0.9992,0.0398,22.5,22.8,22.8,station
2026-03-31,27.1,26.7,25.9,26.1,26.8,26.9,26.4,26.7,26.3,26.6,26.52,0.5,-0.06,64,20,13.8,21.64,0.4,0.9997,0.0226,26.8,28.3,28.3,station
2026-04-01,27.9,26.9,27.1,26.1,27.3,27.6,27.0,27.1,25.9,27.9,27.06,0.65,-0.04,69,62,15.9,21.24,0.0,1.0,0.0054,28.1,28.9,28.9,station
2026-04-02,27.6,27.1,27.7,26.6,26.6,27.7,27.0,26.8,26.7,26.6,27.12,0.53,0.16,65,16,16.7,22.04,0.2,0.9999,-0.0118,26.9,27.8,27.8,station
2026-04-03,27.8,26.8,27.5,26.8,26.4,27.7,26.2,27.2,26.9,26.4,27.06,0.57,0.18,64,78,14.5,19.35,0.4,0.9996,-0.029,26.3,27.8,27.8,station
2026-04-04,28.3,26.2,26.1,25.1,26.0,27.6,25.8,27.0,25.1,28.3,26.34,1.18,-0.42,77,65,16.6,18.75,1.1,0.9989,-0.0462,27.4,27.8,27.8,station
2026-04-05,20.3,20.8,20.8,19.4,21.0,19.6,20.4,20.2,19.5,20.3,20.46,0.65,0.46,79,98,19.4,12.39,8.2,0.998,-0.0634,20.9,21.1,21.1,station
2026-04-06,19.1,18.4,21.5,20.9,16.4,19.6,18.9,18.6,18.4,17.5,19.26,2.04,0.66,52,100,17.6,17.76,0.0,0.9968,-0.0805,18.6,18.9,18.9,station
2026-04-07,23.3,23.9,24.4,22.7,21.4,22.6,21.6,21.7,23.2,21.1,23.14,1.16,1.1,45,41,12.3,25.43,0.0,0.9952,-0.0977,24.1,25.6,25.6,station
2026-04-08,19.9,19.7,20.9,20.8,19.8,19.2,18.4,17.6,18.8,18.8,20.22,0.58,1.66,47,97,20.7,24.47,0.0,0.9934,-0.1148,19.9,20.6,20.6,station
2026-04-09,21.5,20.5,21.4,22.5,20.0,20.9,20.7,20.5,20.7,20.0,21.18,0.97,0.62,39,43,16.2,26.04,0.0,0.9913,-0.1319,21.0,21.7,21.7,station
2026-04-10,24.6,24.1,25.0,,23.1,24.9,22.9,24.7,24.4,22.8,24.2,0.82,0.26,47,16,10.4,26.06,0.0,0.9889,-0.1489,24.3,25.0,25.0,station
2026-04-11,27.8,27.8,28.3,,25.9,28.7,24.8,28.8,28.3,26.1,27.45,1.06,0.11,45,4,9.3,26.13,0.0,0.9861,-0.1659,28.4,28.9,28.9,station
2026-04-12,28.8,28.4,28.9,,27.7,28.8,26.2,28.0,29.2,27.3,28.45,0.54,0.55,44,18,17.0,26.07,0.0,0.9831,-0.1828,28.8,29.4,29.4,station
2026-04-13,27.6,26.7,27.9,27.4,26.4,27.3,26.4,26.7,27.0,27.0,27.2,0.63,0.32,51,69,15.7,23.66,0.0,0.9799,-0.1997,27.0,27.8,27.8,station
2026-04-14,28.4,28.4,28.8,29.0,27.7,28.6,28.3,29.1,29.2,28.3,28.46,0.5,-0.24,51,17,12.0,25.95,0.0,0.9763,-0.2165,28.9,29.4,29.4,station
2026-04-15,29.1,28.8,29.9,29.7,28.9,29.3,28.8,29.6,29.5,28.6,29.28,0.49,0.12,50,47,12.7,26.14,0.0,0.9724,-0.2333,29.1,28.9,28.9,station
2026-04-16,28.3,28.8,29.2,29.2,27.4,28.4,28.6,30.0,29.2,28.2,28.58,0.76,-0.3,50,19,15.6,26.59,0.0,0.9683,-0.25,28.8,29.4,29.4,station
2026-04-17,31.0,29.9,31.3,30.7,29.2,28.9,29.5,31.8,30.1,28.9,30.42,0.86,0.58,46,5,11.5,25.84,0.0,0.9638,-0.2666,31.2,31.1,31.1,station
2026-04-18,29.8,28.9,30.8,29.1,29.1,30.0,28.9,30.4,30.0,28.4,29.54,0.78,0.0,56,78,14.6,23.81,0.0,0.9591,-0.2831,29.0,28.3,28.3,station
2026-04-19,21.4,22.5,21.4,20.1,22.2,21.3,22.5,23.5,20.8,23.0,21.52,0.93,-0.7,51,77,29.2,20.67,1.2,0.9541,-0.2996,20.8,21.1,21.1,station
2026-04-20,22.9,23.8,24.0,23.2,21.7,23.4,23.6,24.2,22.8,19.6,23.12,0.91,0.4,40,2,17.6,27.49,0.0,0.9488,-0.316,24.1,24.4,24.4,station
2026-04-21,25.5,25.3,25.6,25.3,23.8,25.6,26.3,26.3,24.3,23.6,25.1,0.74,-0.12,43,46,11.2,27.03,0.0,0.9432,-0.3322,25.6,25.6,25.6,station
2026-04-22,27.4,27.3,28.1,27.1,25.9,27.5,26.9,27.6,27.1,25.6,27.16,0.8,0.22,35,41,10.2,26.49,0.0,0.9373,-0.3484,27.8,28.3,28.3,station
2026-04-23,28.0,28.1,28.2,27.5,26.7,27.7,28.0,28.5,28.2,26.7,27.7,0.62,-0.12,43,19,14.6,23.4,0.0,0.9312,-0.3645,27.8,27.8,27.8,station
2026-04-24,27.0,27.0,26.8,28.4,27.1,27.5,27.1,28.3,28.1,27.2,27.26,0.65,-0.38,49,33,13.1,23.27,0.0,0.9248,-0.3804,27.8,28.9,28.9,station
2026-04-25,23.5,22.5,24.7,23.3,26.5,22.6,21.2,25.5,24.4,24.9,24.1,1.56,0.38,72,88,13.3,9.95,7.1,0.9181,-0.3963,22.9,23.3,23.3,station
2026-04-26,26.8,26.5,28.4,26.1,24.5,26.2,27.4,29.4,26.1,25.2,26.46,1.4,-0.4,70,58,9.5,23.35,0.0,0.9112,-0.412,27.5,28.3,28.3,station
2026-04-27,25.0,22.7,25.9,24.7,23.7,24.8,22.5,26.1,23.1,22.8,24.4,1.23,0.54,64,57,19.2,24.9,0.0,0.9039,-0.4276,23.4,23.9,23.9,station
2026-04-28,24.2,19.6,25.1,22.3,23.7,27.1,22.2,27.1,23.8,23.5,22.98,2.14,-1.76,78,100,18.1,11.96,5.9,0.8965,-0.4431,20.6,18.9,18.9,station
2026-04-29,26.1,24.5,25.6,27.0,22.9,26.2,24.4,27.7,25.8,22.5,25.22,1.58,-0.1,79,88,20.1,22.8,24.1,0.8887,-0.4585,27.0,28.3,28.3,station
2026-04-30,22.1,20.9,20.5,22.8,18.2,22.6,21.1,23.0,22.6,19.1,20.9,1.77,-0.78,74,100,21.1,22.25,4.2,0.8807,-0.4737,22.3,23.3,23.3,station
2026-05-01,17.6,20.0,23.5,18.4,20.9,20.2,20.0,19.8,20.4,19.3,20.08,2.31,0.14,65,100,10.2,10.57,0.1,0.8724,-0.4888,18.3,18.3,18.3,station
2026-05-02,18.3,18.1,19.9,18.6,16.7,18.0,19.0,19.1,18.4,18.0,18.32,1.15,-0.18,64,48,22.6,24.88,2.1,0.8639,-0.5037,20.7,22.2,22.2,station
2026-05-03,20.2,20.6,21.9,21.0,19.6,20.0,20.9,22.0,20.0,18.5,20.66,0.86,0.38,54,0,11.5,29.15,0.0,0.8551,-0.5185,20.8,22.2,22.2,station
2026-05-04,24.7,25.3,26.3,25.0,22.7,24.5,25.4,25.4,24.7,22.5,24.8,1.32,0.3,51,39,11.0,27.19,0.0,0.846,-0.5331,25.1,25.0,25.0,station
2026-05-05,26.4,26.1,26.9,26.2,24.6,26.0,26.4,27.1,24.8,24.4,26.04,0.86,0.3,47,38,16.9,28.2,0.0,0.8367,-0.5476,26.9,26.7,26.7,station
2026-05-06,27.5,25.3,27.3,25.0,27.5,24.2,24.7,30.1,26.8,27.3,26.52,1.26,-0.1,69,96,23.1,17.02,9.4,0.8272,-0.5619,28.7,27.2,27.2,station
2026-05-07,21.4,20.5,20.7,22.5,18.9,23.4,20.5,25.7,24.0,20.6,20.8,1.32,-2.04,85,83,16.1,15.13,30.5,0.8174,-0.5761,23.6,22.2,22.2,station
2026-05-08,21.4,21.4,22.4,21.9,19.7,21.9,20.9,22.6,22.9,19.8,21.36,1.02,-0.26,73,99,10.5,22.46,0.0,0.8074,-0.59,21.5,22.2,22.2,station
2026-05-09,24.9,22.5,25.1,24.1,23.1,25.6,23.3,20.3,24.8,22.5,23.94,1.13,0.64,82,99,12.1,13.11,0.3,0.7971,-0.6038,22.5,21.7,21.7,station
2026-05-10,27.0,26.3,28.1,26.5,26.0,27.3,27.1,29.5,28.1,26.5,26.78,0.82,-0.92,72,42,8.4,26.26,0.0,0.7866,-0.6175,26.9,27.8,27.8,station
2026-05-11,25.7,25.4,26.8,26.6,25.2,25.0,25.7,28.3,26.7,25.9,25.94,0.72,-0.38,70,72,14.0,21.37,0.1,0.7759,-0.6309,26.2,27.8,27.8,station
2026-05-12,23.1,21.2,23.8,23.7,20.8,24.4,22.9,25.7,25.5,25.1,22.52,1.42,-2.2,62,65,17.8,24.2,0.0,0.7649,-0.6442,21.8,22.8,22.8,station
2026-05-13,25.3,25.2,27.1,26.3,25.7,26.3,25.8,27.9,25.9,25.4,25.92,0.79,-0.34,56,37,14.6,27.29,0.0,0.7537,-0.6572,26.4,26.7,26.7,station
2026-05-14,21.6,22.8,22.7,22.6,21.5,21.9,22.4,23.6,23.0,22.0,22.24,0.63,-0.34,43,3,17.7,30.53,0.0,0.7423,-0.6701,23.4,24.4,24.4,station
2026-05-15,25.5,24.4,26.6,25.2,25.5,25.6,24.7,28.1,25.7,25.4,25.44,0.79,-0.46,44,7,11.9,29.99,0.0,0.7306,-0.6828,25.4,25.6,25.6,station
2026-05-16,29.4,27.8,30.1,28.8,27.2,29.8,27.6,30.4,28.6,29.2,28.66,1.17,-0.46,49,51,9.6,26.79,0.0,0.7188,-0.6952,29.2,30.0,30.0,station
2026-05-17,30.4,29.8,31.6,28.0,29.8,30.7,29.5,30.6,28.9,30.6,29.92,1.3,-0.14,62,43,14.6,25.52,2.1,0.7067,-0.7075,31.5,31.7,31.7,station
2026-05-18,31.9,30.2,32.3,31.6,29.6,29.8,29.8,32.5,31.3,29.7,31.12,1.16,0.5,65,8,13.7,27.48,0.1,0.6945,-0.7195,30.2,30.6,30.6,station
2026-05-19,31.5,29.3,32.2,31.4,29.1,31.7,28.9,33.3,30.7,29.3,30.7,1.41,-0.08,59,25,12.8,27.32,0.0,0.682,-0.7314,30.9,31.1,31.1,station
2026-05-20,30.8,29.1,32.0,30.8,29.8,31.4,29.0,34.0,32.4,30.3,30.5,1.1,-0.92,65,39,13.3,25.55,1.6,0.6693,-0.743,30.2,31.7,31.7,station
2026-05-21,29.7,27.2,28.9,27.7,27.4,28.8,26.3,31.9,30.7,28.2,28.18,1.08,-1.0,77,81,15.6,22.94,5.1,0.6564,-0.7544,30.0,30.0,30.0,station
2026-05-22,28.0,24.5,30.8,25.9,27.3,29.5,23.9,24.9,28.6,29.3,27.3,2.37,0.06,87,86,15.5,19.51,12.1,0.6433,-0.7656,29.0,29.4,29.4,station
2026-05-23,26.6,22.7,26.6,25.0,22.7,27.1,24.1,26.9,26.4,25.3,24.72,1.96,-1.24,91,86,15.6,19.36,38.9,0.6301,-0.7765,26.4,28.9,28.9,station
2026-05-24,25.5,23.8,26.2,26.6,24.8,27.6,24.4,26.9,27.4,25.7,25.38,1.12,-1.02,92,99,16.4,14.15,17.8,0.6166,-0.7873,27.1,27.8,27.8,station
2026-05-25,23.9,24.7,25.5,25.2,24.7,26.2,24.2,26.6,25.2,25.6,24.8,0.61,-0.76,93,98,11.9,13.97,37.7,0.603,-0.7978,26.9,26.1,26.1,station
2026-05-26,25.8,25.9,27.2,24.7,23.9,27.5,24.5,27.9,25.9,26.4,25.5,1.26,-0.94,93,94,20.8,13.51,13.4,0.5892,-0.808,27.9,27.2,27.2,station
2026-05-27,27.8,27.4,27.1,27.8,25.7,27.5,26.1,28.5,26.4,26.3,27.16,0.87,0.2,87,89,11.2,20.59,3.8,0.5752,-0.818,28.6,28.9,28.9,station
2026-05-28,29.3,29.0,27.9,30.9,25.8,29.7,29.0,31.0,28.7,25.8,28.58,1.89,-0.26,87,91,10.7,19.91,4.9,0.561,-0.8278,29.0,30.0,30.0,station
2026-05-29,28.1,25.6,25.6,26.7,25.9,27.0,26.3,23.6,28.8,22.8,26.38,1.06,0.68,93,100,8.6,14.99,38.3,0.5467,-0.8373,26.9,28.3,28.3,station
2026-05-30,26.5,27.3,26.4,29.8,24.6,25.3,27.3,27.1,28.5,25.9,26.92,1.89,0.1,84,74,9.4,24.22,16.6,0.5322,-0.8466,28.3,28.9,28.9,station
2026-05-31,24.3,22.6,22.5,22.1,22.5,23.4,22.4,24.0,22.8,25.6,22.8,0.86,-0.84,87,86,16.0,17.23,2.5,0.5176,-0.8556,24.3,23.9,23.9,station
2026-06-01,28.5,26.2,29.7,31.6,28.6,28.2,27.0,32.1,31.8,27.9,28.92,1.97,-0.48,84,92,14.7,17.88,2.4,0.5028,-0.8644,27.8,28.9,28.9,station
2026-06-02,25.0,24.9,28.6,28.8,26.5,26.8,25.4,24.6,29.1,22.3,26.76,1.88,1.12,81,57,18.7,24.09,5.0,0.4878,-0.8729,27.4,27.8,27.8,station
2026-06-03,24.0,24.2,25.6,25.6,23.5,24.4,23.9,26.1,26.2,21.8,24.58,0.97,0.1,65,9,13.1,30.14,0.0,0.4728,-0.8812,24.7,25.6,25.6,station
2026-06-04,26.7,26.0,27.6,28.0,26.8,27.4,26.3,28.8,27.9,26.3,27.02,0.79,-0.32,59,0,8.3,30.6,0.0,0.4575,-0.8892,26.3,27.8,27.8,station
2026-06-05,28.0,27.4,30.6,28.4,28.7,28.5,27.3,31.2,28.6,27.6,28.62,1.21,-0.02,63,63,7.0,28.28,0.0,0.4422,-0.8969,28.1,29.4,29.4,station
2026-06-06,29.5,27.9,31.6,30.2,,30.0,28.0,32.5,30.8,30.1,29.8,1.54,-0.48,67,88,8.8,23.36,0.0,0.4267,-0.9044,29.4,30.0,30.0,station
2026-06-07,26.3,25.4,29.5,26.7,,26.8,25.1,26.7,28.7,29.0,26.98,1.77,-0.29,84,95,11.1,10.02,21.7,0.4111,-0.9116,27.6,28.9,28.9,station
2026-06-08,26.2,25.3,28.1,24.6,,24.0,25.1,23.5,24.4,26.6,26.05,1.52,1.33,91,100,8.5,13.57,31.5,0.3953,-0.9185,27.8,27.2,27.2,station
2026-06-09,28.2,27.2,29.1,28.0,,26.9,26.4,25.6,24.6,27.5,28.12,0.78,1.93,93,81,9.4,17.28,16.9,0.3795,-0.9252,26.5,27.8,27.8,station
2026-06-10,30.0,29.0,30.2,29.7,30.3,30.0,29.3,31.0,30.0,30.3,29.84,0.52,-0.28,82,47,8.9,25.77,1.1,0.3635,-0.9316,30.6,31.1,31.1,station
2026-06-11,31.4,31.1,33.1,32.7,32.0,31.0,30.9,32.7,32.0,32.3,32.06,0.84,0.28,73,28,11.5,27.52,0.9,0.3474,-0.9377,32.5,33.3,33.3,station
2026-06-12,32.1,31.2,31.8,34.5,33.3,32.6,31.6,35.1,34.7,33.2,32.58,1.32,-0.86,74,58,11.8,25.1,0.8,0.3312,-0.9436,32.3,32.8,32.8,station
2026-06-13,31.3,31.4,34.1,32.8,32.9,32.3,31.4,34.6,32.7,33.2,32.5,1.17,-0.34,69,57,9.9,27.6,0.5,0.3149,-0.9491,33.5,33.9,33.9,station
2026-06-14,27.7,29.4,31.5,30.3,32.4,31.2,29.7,34.2,31.7,31.3,30.26,1.83,-1.36,72,69,20.7,25.25,2.3,0.2986,-0.9544,31.3,32.2,32.2,station
2026-06-15,27.5,26.3,29.8,26.3,25.1,27.5,27.0,28.7,29.6,27.2,27.0,1.78,-1.0,71,59,15.7,23.74,0.1,0.2821,-0.9594,28.1,26.7,26.7,station
2026-06-16,21.6,21.9,27.7,21.8,21.8,23.6,22.9,24.8,25.9,25.0,22.96,2.65,-1.48,87,100,13.6,8.16,13.5,0.2656,-0.9641,23.1,22.8,22.8,station
2026-06-17,28.6,28.1,30.0,30.3,28.5,29.0,28.4,26.7,31.2,28.5,29.1,0.98,0.34,81,55,18.1,25.21,9.6,0.2489,-0.9685,28.8,29.4,29.4,station
2026-06-18,29.3,27.1,29.7,25.2,28.1,28.8,26.6,23.0,24.5,27.5,27.88,1.81,1.8,92,89,26.6,13.24,26.7,0.2322,-0.9727,29.4,30.6,30.6,station
2026-06-19,29.2,27.9,28.8,29.6,26.8,28.9,27.9,30.7,26.9,26.7,28.46,1.12,0.24,81,91,19.5,23.22,2.8,0.2155,-0.9765,30.4,31.1,31.1,station
2026-06-20,28.5,25.9,28.9,29.6,27.9,29.3,28.4,33.1,31.0,27.7,28.16,1.41,-1.74,79,88,9.6,22.1,0.3,0.1986,-0.9801,28.1,30.0,30.0,station
2026-06-21,30.1,29.1,30.4,32.3,30.2,30.3,29.1,32.2,32.0,30.0,30.42,1.16,-0.3,81,83,8.1,23.88,1.1,0.1818,-0.9833,28.6,30.0,30.0,station
2026-06-22,28.4,29.0,31.3,30.1,28.3,30.2,29.4,33.0,30.9,29.4,29.42,1.27,-1.16,81,53,18.0,25.38,7.6,0.1648,-0.9863,30.0,31.7,31.7,station
2026-06-23,26.3,24.7,26.8,28.2,25.9,29.2,25.7,30.4,27.6,27.2,26.38,1.28,-1.64,76,37,22.0,27.92,3.3,0.1478,-0.989,27.3,28.3,28.3,station
2026-06-24,28.6,27.2,31.1,29.0,27.5,28.3,26.8,33.2,29.2,27.6,28.68,1.54,-0.34,69,55,9.2,27.79,0.0,0.1308,-0.9914,28.6,30.0,30.0,station
2026-06-25,29.1,27.6,28.3,29.5,30.5,31.0,26.7,34.1,31.1,30.6,29.0,1.11,-1.7,73,59,9.5,23.74,1.6,0.1137,-0.9935,28.5,28.3,28.3,station
2026-06-26,30.8,30.3,31.6,30.3,30.8,30.1,29.5,34.2,30.1,30.2,30.76,0.53,-0.06,73,34,9.7,27.37,0.5,0.0966,-0.9953,31.1,31.7,31.7,station
2026-06-27,30.8,31.1,32.7,33.1,32.7,31.9,30.8,34.2,30.9,31.9,32.08,1.05,0.14,74,44,18.2,25.21,1.7,0.0795,-0.9968,31.4,33.9,33.9,station
2026-06-28,33.4,32.6,35.1,34.1,32.5,33.9,31.3,32.4,32.7,32.1,33.54,1.09,1.06,65,23,16.3,27.49,0.0,0.0623,-0.9981,33.1,33.9,33.9,station
2026-06-29,35.0,33.1,36.2,34.2,33.8,35.0,32.9,37.7,34.6,34.5,34.46,1.19,-0.48,63,16,13.8,26.81,0.4,0.0451,-0.999,34.7,34.4,34.4,station
2026-06-30,35.2,32.4,35.8,32.1,33.8,35.3,32.2,36.3,32.5,34.0,33.86,1.64,-0.2,67,34,11.4,25.17,1.5,0.028,-0.9996,34.7,34.4,34.4,station
2026-07-01,34.6,32.0,36.3,32.8,33.3,35.2,32.4,36.8,32.3,33.5,33.8,1.69,-0.24,75,60,9.6,24.74,2.0,0.0108,-0.9999,32.5,35.0,35.0,station
2026-07-02,36.4,33.5,37.5,36.4,34.7,36.9,32.9,36.8,35.7,34.1,35.7,1.59,0.42,69,47,9.5,25.0,0.5,-0.0065,-1.0,35.5,36.7,36.7,station
2026-07-03,35.3,32.9,36.4,35.8,33.0,35.4,33.3,37.6,36.7,33.6,34.68,1.63,-0.64,67,67,13.4,22.63,1.2,-0.0237,-0.9997,33.6,33.9,33.9,station
2026-07-04,34.3,31.9,36.0,34.9,33.0,34.4,32.1,39.1,37.5,33.4,34.02,1.61,-1.28,71,69,9.6,24.3,2.2,-0.0408,-0.9992,32.7,33.9,33.9,station
2026-07-05,33.2,32.2,34.7,32.3,32.2,33.7,31.2,35.0,33.1,31.9,32.92,1.08,-0.06,73,43,13.1,26.11,9.8,-0.058,-0.9983,34.6,33.9,33.9,station
2026-07-06,31.2,29.9,30.9,31.4,29.6,31.6,31.1,34.0,32.3,31.8,30.6,0.8,-1.56,78,65,14.3,24.08,3.0,-0.0752,-0.9972,31.6,32.2,32.2,station
2026-07-07,31.7,32.5,33.9,33.1,31.4,33.4,32.5,36.7,33.1,30.1,32.52,1.02,-0.64,71,37,15.1,26.16,1.9,-0.0923,-0.9957,32.6,33.3,33.3,station
2026-07-08,33.7,32.6,33.5,34.8,30.6,33.5,32.9,34.9,33.8,31.3,33.04,1.57,-0.24,65,18,14.2,26.9,0.7,-0.1094,-0.994,33.3,33.9,33.9,station
2026-07-09,33.0,32.4,33.7,32.8,32.5,33.9,32.3,34.4,33.4,31.1,32.88,0.52,-0.14,69,33,16.9,25.51,2.9,-0.1265,-0.992,33.4,35.0,35.0,station
2026-07-10,33.3,31.4,32.5,32.9,31.9,33.3,31.1,34.4,32.9,31.9,32.4,0.76,-0.32,78,52,17.2,25.64,2.6,-0.1436,-0.9896,32.1,33.3,33.3,station
2026-07-11,32.5,30.5,33.7,33.0,31.7,30.9,31.0,35.4,32.4,31.2,32.28,1.23,0.1,81,50,13.6,25.39,1.8,-0.1606,-0.987,31.6,33.3,33.3,station
2026-07-12,31.3,29.0,31.6,31.1,29.3,29.3,29.2,34.2,31.7,30.4,30.46,1.21,-0.5,85,64,16.0,22.21,8.3,-0.1775,-0.9841,30.9,33.3,33.3,station
2026-07-13,26.2,26.7,27.7,28.9,24.3,25.2,26.8,28.0,28.8,24.8,26.76,1.72,0.04,91,88,10.1,20.41,17.7,-0.1944,-0.9809,27.1,27.8,27.8,station
2026-07-14,27.6,25.7,26.4,26.2,27.7,25.8,25.0,28.5,25.7,26.2,26.72,0.89,0.48,90,84,11.4,16.79,14.0,-0.2113,-0.9774,28.4,28.9,28.9,station
2026-07-15,30.6,29.0,29.5,30.8,28.1,30.7,28.5,29.4,30.0,27.2,29.6,1.12,0.44,84,78,9.8,21.57,1.3,-0.2281,-0.9736,29.8,31.7,31.7,station
2026-07-16,30.9,30.5,31.6,31.7,30.4,30.9,30.4,33.7,33.3,30.5,31.02,0.61,-0.74,86,46,14.0,23.66,5.5,-0.2448,-0.9696,30.2,33.3,33.3,station
2026-07-17,32.0,31.2,33.4,31.6,32.7,31.2,30.0,33.2,33.2,31.9,32.18,0.88,0.28,82,45,12.2,22.47,10.4,-0.2614,-0.9652,30.3,31.7,31.7,station
2026-07-18,32.1,31.7,32.7,32.7,31.0,32.1,31.3,34.5,33.7,31.9,32.04,0.72,-0.66,82,58,11.3,25.6,4.8,-0.278,-0.9606,32.6,33.9,33.9,station
2026-07-19,32.9,31.8,34.7,33.0,31.7,31.6,31.7,36.3,33.2,32.5,32.82,1.21,-0.24,87,60,16.0,22.17,19.6,-0.2945,-0.9557,29.9,32.8,32.8,station
2026-07-20,33.0,32.3,35.5,34.1,32.0,32.2,32.2,35.2,33.2,31.8,33.38,1.43,0.46,77,23,11.9,26.77,1.2,-0.3109,-0.9505,33.0,33.9,33.9,station
2026-07-21,32.3,31.3,33.6,32.9,31.6,31.6,31.0,34.2,33.5,30.5,32.34,0.94,0.18,78,51,15.0,23.5,1.8,-0.3272,-0.945,31.3,32.2,32.2,station
2026-07-22,33.1,30.1,30.9,32.6,30.2,32.2,30.4,33.4,34.6,29.7,31.38,1.39,-0.68,78,68,15.5,23.92,2.5,-0.3434,-0.9392,31.6,31.1,31.1,station
2026-07-23,31.8,30.3,32.2,30.5,29.7,32.0,30.5,34.4,32.5,30.8,30.9,1.06,-1.14,80,78,13.8,20.65,1.1,-0.3595,-0.9332,31.4,31.7,31.7,station
2026-07-24,28.9,26.8,32.1,28.1,29.4,29.4,27.2,31.4,27.9,29.5,29.06,1.96,-0.02,90,95,10.7,16.53,11.8,-0.3755,-0.9268,30.4,31.1,31.1,station
2026-07-25,27.6,28.6,30.1,29.3,30.2,27.7,27.2,31.0,29.0,28.2,29.16,1.09,0.54,88,84,12.8,21.01,8.1,-0.3914,-0.9202,30.3,31.1,31.1,station
2026-07-26,31.2,30.6,32.0,33.7,27.9,30.1,31.1,34.3,32.1,29.2,31.08,2.13,-0.28,79,54,15.3,23.23,2.1,-0.4071,-0.9134,32.2,32.8,32.8,station
2026-07-27,32.5,30.9,31.9,34.3,26.9,33.3,32.7,36.1,34.6,32.1,31.3,2.75,-2.46,84,77,11.5,18.72,8.1,-0.4228,-0.9062,32.0,32.8,32.8,station
2026-07-28,34.4,33.0,36.2,34.8,34.3,34.5,33.7,37.5,37.0,32.3,34.54,1.15,-0.46,72,65,15.4,24.09,0.6,-0.4383,-0.8988,34.6,,,
