datum,p1_ifs,p1_aifs,p1_gfs,p1_icon,p1_gem,p2_ifs,p2_aifs,p2_gfs,p2_icon,p2_gem,mm_gem,mm_spreiding,run2run,rh_gem,bewolking_gem,wind_max,instraling_som,neerslag_som,doy_sin,doy_cos,era5_max,station_max,doel,doelbron
2023-11-01,,,27.3,,,,,27.2,,,,,,89,100,9.0,8.7,20.8,-0.8606,0.5093,28.4,30.0,30.0,station
2023-11-02,,,29.4,,,,,30.8,,,,,,89,93,12.0,13.22,5.4,-0.8517,0.524,29.8,32.0,32.0,station
2023-11-03,,,31.7,,,,,31.9,,,,,,87,65,11.2,19.25,2.6,-0.8426,0.5386,31.4,34.0,34.0,station
2023-11-04,,,32.1,,,,,31.8,,,,,,84,57,15.5,19.69,3.5,-0.8332,0.553,31.7,34.0,34.0,station
2023-11-05,,,31.7,,,,,32.5,,,,,,84,84,13.3,17.87,0.8,-0.8235,0.5672,31.8,34.0,34.0,station
2023-11-06,,,32.0,,,,,31.7,,,,,,80,38,16.6,20.28,1.4,-0.8137,0.5813,32.4,34.0,34.0,station
2023-11-07,,,31.2,,,,,31.5,,,,,,79,81,15.4,17.31,2.4,-0.8035,0.5952,31.9,33.0,33.0,station
2023-11-08,,,31.8,,,,,30.7,,,,,,83,95,17.9,16.37,0.6,-0.7932,0.609,30.4,32.0,32.0,station
2023-11-09,,,31.5,,,,,31.8,,,,,,78,86,18.2,20.11,0.5,-0.7826,0.6225,32.3,34.0,34.0,station
2023-11-10,,,32.4,,,,,32.3,,,,,,77,32,16.7,20.05,0.1,-0.7718,0.6359,32.5,34.0,34.0,station
2023-11-11,,,31.1,,,,,30.6,,,,,,81,90,14.8,16.39,1.2,-0.7607,0.6491,31.5,31.0,31.0,station
2023-11-12,,,32.3,,,,,32.7,,,,,,80,74,13.8,18.36,2.1,-0.7494,0.6621,31.7,33.0,33.0,station
2023-11-13,,,31.2,,,,,30.8,,,,,,78,67,19.1,16.5,0.7,-0.7379,0.6749,31.3,31.0,31.0,station
2023-11-14,,,31.2,,,,,30.2,,,,,,78,98,21.2,16.8,1.2,-0.7262,0.6875,31.2,33.0,33.0,station
2023-11-15,,,29.3,,,,,29.2,,,,,,78,86,18.8,16.66,2.2,-0.7143,0.6998,31.1,30.0,30.0,station
2023-11-16,,,31.3,,,,,31.1,,,,,,75,53,16.9,19.08,0.0,-0.7021,0.712,32.0,34.0,34.0,station
2023-11-17,,,31.4,,,,,31.6,,,,,,73,79,16.4,20.13,0.0,-0.6898,0.724,32.5,33.0,33.0,station
2023-11-18,,,29.1,,,,,27.6,,,,,,74,90,19.7,18.72,0.4,-0.6772,0.7358,31.7,32.0,32.0,station
2023-11-19,,,29.7,,,,,29.3,,,,,,72,70,14.2,15.34,0.0,-0.6645,0.7473,31.3,32.0,32.0,station
2023-11-20,,,30.8,,,,,30.7,,,,,,71,88,13.7,17.43,0.0,-0.6515,0.7586,31.7,32.0,32.0,station
2023-11-21,,,30.5,,,,,30.0,,,,,,74,100,15.1,17.06,0.4,-0.6384,0.7697,31.7,32.0,32.0,station
2023-11-22,,,30.7,,,,,30.0,,,,,,75,79,13.1,17.59,0.4,-0.625,0.7806,31.6,32.0,32.0,station
2023-11-23,,,32.3,,,,,30.5,,,,,,82,69,9.5,15.01,3.9,-0.6115,0.7912,30.9,32.0,32.0,station
2023-11-24,,,30.4,,,,,31.5,,,,,,81,88,18.7,16.96,0.3,-0.5978,0.8016,31.0,32.0,32.0,station
2023-11-25,,,28.0,,,,,28.6,,,,,,85,97,12.9,7.76,8.2,-0.584,0.8118,28.3,30.0,30.0,station
2023-11-26,,,29.6,,,,,31.0,,,,,,80,39,18.8,17.81,1.4,-0.5699,0.8217,30.9,31.0,31.0,station
2023-11-27,,,31.5,,,,,31.2,,,,,,77,84,17.4,18.32,0.9,-0.5557,0.8314,32.3,33.0,33.0,station
2023-11-28,,,30.9,,,,,31.3,,,,,,77,62,21.6,18.63,0.2,-0.5413,0.8408,31.8,33.0,33.0,station
2023-11-29,,,30.8,,,,,29.7,,,,,,77,91,18.8,16.9,0.7,-0.5268,0.85,31.9,34.0,34.0,station
2023-11-30,,,31.1,,,,,31.4,,,,,,77,91,21.8,17.72,0.0,-0.5121,0.859,31.8,34.0,34.0,station
2023-12-01,,,29.5,,,,,29.6,,,,,,75,79,25.9,17.47,0.5,-0.4972,0.8676,31.7,33.0,33.0,station
2023-12-02,,,30.7,,,,,30.8,,,,,,74,56,22.6,17.98,0.0,-0.4822,0.8761,32.1,34.0,34.0,station
2023-12-03,,,30.5,,,,,31.4,,,,,,77,56,21.1,17.08,1.3,-0.4671,0.8842,31.4,31.0,31.0,station
2023-12-04,,,31.3,,,,,31.3,,,,,,74,57,17.3,18.77,0.0,-0.4518,0.8921,32.7,34.0,34.0,station
2023-12-05,,,31.6,,,,,31.3,,,,,,79,72,10.2,17.48,1.6,-0.4364,0.8998,31.8,33.0,33.0,station
2023-12-06,,,31.4,,,,,31.6,,,,,,82,96,13.7,16.55,8.3,-0.4208,0.9071,32.0,33.0,33.0,station
2023-12-07,,,31.1,,,,,31.8,,,,,,78,69,19.9,17.4,1.4,-0.4052,0.9142,32.1,32.0,32.0,station
2023-12-08,,,30.9,,,,,30.7,,,,,,74,65,20.8,17.82,0.0,-0.3894,0.9211,32.0,34.0,34.0,station
2023-12-09,,,31.0,,,,,31.8,,,,,,76,18,19.8,17.93,0.0,-0.3735,0.9276,32.9,33.0,33.0,station
2023-12-10,,,32.0,,,,,31.8,,,,,,74,35,20.5,17.4,0.2,-0.3575,0.9339,33.1,34.0,34.0,station
2023-12-11,,,32.3,,,,,31.7,,,,,,78,37,13.7,17.28,0.4,-0.3413,0.9399,32.1,31.0,31.0,station
2023-12-12,,,32.1,,,,,31.9,,,,,,76,51,17.8,17.69,0.0,-0.3251,0.9457,32.8,33.0,33.0,station
2023-12-13,,,31.5,,,,,30.9,,,,,,74,26,21.3,18.4,0.5,-0.3088,0.9511,32.6,34.0,34.0,station
2023-12-14,,,31.4,,,,,31.5,,,,,,71,63,23.7,15.63,0.2,-0.2924,0.9563,31.3,33.0,33.0,station
2023-12-15,,,31.7,,,,,31.7,,,,,,76,71,16.8,11.45,10.4,-0.2759,0.9612,30.8,30.0,30.0,station
2023-12-16,,,31.6,,,,,31.9,,,,,,82,61,15.0,14.72,2.4,-0.2593,0.9658,31.2,31.0,31.0,station
2023-12-17,,,29.9,,,,,30.2,,,,,,70,75,20.7,17.93,1.4,-0.2427,0.9701,31.8,32.0,32.0,station
2023-12-18,,,30.4,,,,,30.0,,,,,,78,90,23.1,15.49,1.1,-0.226,0.9741,31.5,31.0,31.0,station
2023-12-19,,,30.5,,,,,30.2,,,,,,78,93,20.4,16.95,0.4,-0.2092,0.9779,31.8,31.0,31.0,station
2023-12-20,,,30.4,,,,,30.8,,,,,,74,70,19.3,16.79,0.0,-0.1923,0.9813,32.2,33.0,33.0,station
2023-12-21,,,30.7,,,,,31.1,,,,,,75,95,16.4,12.87,0.9,-0.1754,0.9845,31.7,30.0,30.0,station
2023-12-22,,,27.8,,,,,28.3,,,,,,77,91,16.8,12.79,4.1,-0.1585,0.9874,29.8,29.0,29.0,station
2023-12-23,,,29.5,,,,,28.5,,,,,,78,78,18.3,14.14,1.4,-0.1414,0.9899,28.5,30.0,30.0,station
2023-12-24,,,30.7,,,,,30.8,,,,,,80,89,14.2,16.35,1.0,-0.1244,0.9922,30.6,30.0,30.0,station
2023-12-25,,,30.3,,,,,29.8,,,,,,77,67,22.7,15.45,1.2,-0.1073,0.9942,30.9,32.0,32.0,station
2023-12-26,,,30.1,,,,,30.1,,,,,,81,71,22.1,16.32,0.5,-0.0902,0.9959,30.5,30.0,30.0,station
2023-12-27,,,30.4,,,,,28.9,,,,,,78,31,19.5,16.7,0.6,-0.073,0.9973,31.1,32.0,32.0,station
2023-12-28,,,31.0,,,,,31.1,,,,,,75,31,18.4,17.1,0.0,-0.0559,0.9984,31.8,32.0,32.0,station
2023-12-29,,,30.8,,,,,31.0,,,,,,77,29,21.6,17.06,0.1,-0.0387,0.9993,31.7,32.0,32.0,station
2023-12-30,,,,,,,,,,,,,,77,84,20.1,17.33,1.8,-0.0215,0.9998,32.1,33.0,33.0,station
2023-12-31,,,,,,,,,,,,,,79,78,15.7,17.25,0.5,-0.0043,1.0,31.4,,,
2024-01-01,,,,,,,,,,,,,,76,77,14.3,16.47,0.2,0.0172,0.9999,31.5,33.0,33.0,station
2024-01-02,,,,,,,,,,,,,,77,70,15.9,15.65,0.4,0.0344,0.9994,31.6,32.0,32.0,station
2024-01-03,,,,,,,,,,,,,,83,56,10.2,17.68,2.6,0.0516,0.9987,31.0,32.0,32.0,station
2024-01-04,,,,,,,,,,,,,,74,47,16.6,16.96,0.0,0.0688,0.9976,32.0,32.0,32.0,station
2024-01-05,,,,,,,,,,,,,,73,91,17.0,18.22,0.0,0.0859,0.9963,31.6,31.0,31.0,station
2024-01-06,,,,,,,,,,,,,,69,64,17.7,16.43,0.0,0.103,0.9947,32.3,32.0,32.0,station
2024-01-07,,,,,,,,,,,,,,66,71,20.8,18.29,0.0,0.1201,0.9928,31.5,32.0,32.0,station
2024-01-08,,,,,,,,,,,,,,72,54,24.9,17.52,0.9,0.1372,0.9905,31.6,32.0,32.0,station
2024-01-09,,,,,,,,,,,,,,78,35,20.1,16.34,7.9,0.1542,0.988,32.2,32.0,32.0,station
2024-01-10,,,,,,,,,,,,,,79,24,13.0,18.28,0.7,0.1712,0.9852,32.2,32.0,32.0,station
2024-01-11,,,,,,,,,,,,,,71,40,18.1,16.89,0.0,0.1881,0.9821,31.6,31.0,31.0,station
2024-01-12,,,,,,,,,,,,,,68,50,20.9,16.32,0.0,0.205,0.9788,30.3,30.0,30.0,station
2024-01-13,,,,,,,,,,,,,,64,57,22.4,17.54,0.0,0.2218,0.9751,30.5,30.0,30.0,station
2024-01-14,,,,,,,,,,,,,,66,62,19.9,16.88,0.0,0.2385,0.9711,30.7,31.0,31.0,station
2024-01-15,,,,,,,,,,,,,,69,87,18.7,17.43,0.2,0.2552,0.9669,31.1,31.0,31.0,station
2024-01-16,,,,,,,,,,,,,,64,53,24.9,19.47,0.0,0.2718,0.9624,30.6,31.0,31.0,station
2024-01-17,,,,,,,,,,,,,,62,86,23.5,18.26,0.0,0.2883,0.9575,30.6,30.0,30.0,station
2024-01-18,,,,,,,,,,,,,,71,64,21.7,16.57,0.0,0.3047,0.9524,31.6,31.0,31.0,station
2024-01-19,,,,,,,,,,,,,,72,82,24.9,16.45,0.1,0.3211,0.9471,31.9,31.0,31.0,station
2024-01-20,,,31.1,32.6,31.6,,,,,,,,,73,36,16.0,17.77,2.2,0.3373,0.9414,30.7,30.0,30.0,station
2024-01-21,,,31.2,33.2,31.6,,,31.2,32.7,31.2,,,,71,86,15.9,18.34,0.3,0.3534,0.9355,31.5,33.0,33.0,station
2024-01-22,,,30.5,32.1,31.2,,,31.0,31.9,32.0,,,,74,52,22.0,14.86,0.9,0.3695,0.9292,31.8,31.0,31.0,station
2024-01-23,,,30.9,31.9,31.2,,,30.3,32.1,31.4,,,,76,95,13.4,16.45,1.6,0.3854,0.9227,30.4,31.0,31.0,station
2024-01-24,,,28.2,31.8,28.7,,,29.4,31.6,28.8,,,,69,64,19.0,15.06,0.0,0.4012,0.916,30.8,31.0,31.0,station
2024-01-25,,,28.4,31.1,28.7,,,27.4,31.4,28.9,,,,65,64,17.0,15.5,0.0,0.4169,0.9089,30.6,30.0,30.0,station
2024-01-26,,,27.9,30.1,27.8,,,28.1,30.3,28.0,,,,62,87,19.3,13.0,0.0,0.4325,0.9016,29.3,29.0,29.0,station
2024-01-27,,,28.6,29.1,28.1,,,28.3,29.8,27.3,,,,66,91,22.8,17.62,0.0,0.4479,0.8941,29.7,30.0,30.0,station
2024-01-28,,,28.4,29.6,27.7,,,28.1,29.7,28.3,,,,66,71,28.6,17.78,0.0,0.4633,0.8862,30.1,29.0,29.0,station
2024-01-29,,,28.8,29.9,28.7,,,29.3,30.3,27.9,,,,66,68,27.6,18.78,0.3,0.4784,0.8781,30.2,31.0,31.0,station
2024-01-30,,,29.7,30.8,29.4,,,29.3,31.2,29.8,,,,66,52,22.7,17.91,0.0,0.4935,0.8698,31.2,31.0,31.0,station
2024-01-31,,,29.5,31.5,30.5,,,29.9,31.2,30.3,,,,69,58,23.8,15.92,0.1,0.5084,0.8611,31.1,30.0,30.0,station
2024-02-01,,,29.3,31.9,29.5,,,30.0,32.0,30.1,,,,71,46,26.3,19.2,0.0,0.5231,0.8523,32.2,33.0,33.0,station
2024-02-02,,,30.7,32.1,29.3,,,30.3,31.8,30.6,,,,69,71,25.7,18.38,0.0,0.5377,0.8432,32.3,31.0,31.0,station
2024-02-03,,,30.7,31.8,31.2,,,30.7,32.2,29.9,,,,70,64,23.5,19.96,0.0,0.5521,0.8338,32.5,33.0,33.0,station
2024-02-04,31.2,,31.3,33.0,32.9,,,31.3,32.7,32.3,32.1,0.98,,67,12,25.4,21.23,0.0,0.5664,0.8242,33.8,33.0,33.0,station
2024-02-05,30.5,,30.6,32.4,32.1,30.8,,31.1,32.5,32.2,31.4,0.99,-0.25,71,24,25.6,18.6,0.1,0.5805,0.8143,33.3,33.0,33.0,station
2024-02-06,30.5,,31.2,33.3,32.3,30.5,,31.2,32.6,32.3,31.82,1.23,0.18,69,38,23.1,19.73,0.0,0.5944,0.8042,33.4,34.0,34.0,station
2024-02-07,30.6,,30.8,32.6,32.2,30.5,,30.7,31.8,32.3,31.55,1.0,0.23,67,30,27.4,22.1,0.0,0.6081,0.7938,32.9,33.0,33.0,station
2024-02-08,31.2,,31.9,32.0,32.8,31.0,,31.2,32.2,32.4,31.97,0.66,0.27,68,7,18.5,21.64,0.0,0.6217,0.7833,32.7,33.0,33.0,station
2024-02-09,30.0,,31.3,33.5,33.2,30.3,,30.4,33.1,33.1,32.0,1.65,0.27,69,23,20.0,20.24,1.5,0.6351,0.7725,32.2,33.0,33.0,station
2024-02-10,30.3,,30.3,32.4,31.7,31.0,,30.2,32.7,31.6,31.18,1.05,-0.2,67,39,19.2,19.7,0.5,0.6483,0.7614,32.5,31.0,31.0,station
2024-02-11,30.3,,30.4,32.1,30.2,30.4,,29.9,32.3,30.0,30.75,0.9,0.1,66,62,22.7,21.88,0.0,0.6613,0.7502,31.9,33.0,33.0,station
2024-02-12,29.5,,28.6,30.7,28.7,29.5,,28.8,31.1,29.5,29.38,0.97,-0.35,61,32,26.0,21.05,0.0,0.6741,0.7387,31.1,31.0,31.0,station
2024-02-13,29.1,,29.1,31.2,30.8,29.5,,29.9,31.1,30.4,30.05,1.11,-0.18,64,55,26.6,20.04,0.0,0.6867,0.727,31.8,32.0,32.0,station
2024-02-14,30.6,,30.5,31.6,31.6,30.0,,30.9,32.0,31.6,31.08,0.61,-0.05,68,38,28.2,20.46,0.0,0.6991,0.715,32.8,32.0,32.0,station
2024-02-15,30.4,,31.0,32.9,32.6,30.6,,31.1,32.7,32.1,31.73,1.21,0.1,68,63,21.5,19.6,0.0,0.7113,0.7029,33.5,33.0,33.0,station
2024-02-16,30.9,,31.1,33.0,31.9,30.3,,31.4,32.3,29.6,31.73,0.95,0.83,68,50,20.2,15.85,0.1,0.7233,0.6906,32.2,32.0,32.0,station
2024-02-17,30.5,,30.7,32.2,30.6,30.1,,30.5,32.1,31.7,31.0,0.8,-0.1,66,39,26.9,20.03,0.0,0.735,0.678,32.8,31.0,31.0,station
2024-02-18,30.7,,30.8,33.4,32.0,31.2,,31.1,33.5,32.4,31.73,1.26,-0.32,64,33,27.6,20.74,0.0,0.7466,0.6653,33.8,33.0,33.0,station
2024-02-19,31.3,,31.3,33.2,32.5,31.5,,31.3,32.4,32.8,32.08,0.94,0.08,65,62,27.3,21.09,0.0,0.7579,0.6523,33.2,33.0,33.0,station
2024-02-20,31.0,,30.7,33.0,32.4,31.2,,31.1,33.2,32.8,31.77,1.1,-0.3,63,60,24.5,23.5,0.0,0.769,0.6392,33.2,32.0,32.0,station
2024-02-21,31.1,,30.9,32.7,32.7,30.6,,30.8,32.9,31.7,31.85,0.98,0.35,62,54,26.0,20.04,0.0,0.7799,0.6259,32.5,33.0,33.0,station
2024-02-22,31.4,,31.8,33.1,32.4,31.6,,31.8,33.3,32.8,32.17,0.74,-0.2,67,33,25.8,20.92,0.0,0.7906,0.6124,33.7,33.0,33.0,station
2024-02-23,30.8,,31.1,33.0,33.0,30.8,,30.9,32.4,32.8,31.98,1.19,0.25,70,29,25.9,20.66,0.0,0.801,0.5987,33.2,32.0,32.0,station
2024-02-24,31.2,,32.0,33.6,32.7,31.8,,31.7,33.3,32.5,32.38,1.02,0.05,63,43,21.3,21.98,0.0,0.8112,0.5848,34.5,34.0,34.0,station
2024-02-25,30.7,,29.9,31.7,29.6,30.9,,31.0,32.3,31.9,30.48,0.94,-1.05,68,48,25.6,18.09,0.6,0.8211,0.5708,32.7,32.0,32.0,station
2024-02-26,31.2,,30.4,32.0,31.2,30.8,,30.5,32.4,30.5,31.2,0.65,0.15,61,20,24.1,23.47,0.0,0.8308,0.5566,32.6,33.0,33.0,station
2024-02-27,30.8,,30.5,31.8,31.5,31.1,,30.8,32.4,31.1,31.15,0.6,-0.2,62,34,25.9,22.41,0.0,0.8402,0.5422,33.0,33.0,33.0,station
2024-02-28,30.9,,30.3,31.8,29.8,30.7,,30.6,32.1,30.8,30.7,0.86,-0.35,61,26,27.8,23.75,0.0,0.8495,0.5277,32.1,32.0,32.0,station
2024-02-29,30.8,,30.8,31.9,32.1,30.8,,30.8,31.8,32.3,31.4,0.7,-0.03,65,42,28.6,22.08,0.0,0.8584,0.513,33.4,33.0,33.0,station
2024-03-01,30.4,,31.2,33.3,33.1,31.2,,31.3,33.5,33.9,32.0,1.43,-0.48,64,30,22.4,19.98,0.0,0.8671,0.4981,32.8,33.0,33.0,station
2024-03-02,30.6,,30.0,32.4,31.9,30.7,,29.7,33.2,31.9,31.23,1.11,-0.15,65,27,22.8,18.08,0.0,0.8755,0.4831,32.5,32.0,32.0,station
2024-03-03,30.9,,31.0,33.5,32.1,31.0,,30.7,33.1,32.4,31.88,1.21,0.07,61,60,26.6,22.97,0.0,0.8837,0.468,32.7,32.0,32.0,station
2024-03-04,30.7,,31.2,33.5,31.9,30.8,,32.1,34.0,30.7,31.82,1.22,-0.07,68,37,24.5,20.08,0.8,0.8916,0.4527,32.9,33.0,33.0,station
2024-03-05,32.0,,32.1,34.1,34.0,32.0,,32.1,33.7,33.2,33.05,1.16,0.3,62,16,20.6,24.62,0.0,0.8993,0.4373,33.9,33.0,33.0,station
2024-03-06,31.7,,34.1,34.6,34.5,31.9,,33.6,34.1,34.8,33.73,1.37,0.12,62,43,16.2,25.33,0.0,0.9067,0.4218,35.0,36.0,36.0,station
2024-03-07,31.5,,31.9,35.1,34.5,31.2,,31.4,34.7,34.6,33.25,1.81,0.27,65,38,21.3,21.56,0.0,0.9138,0.4061,34.4,34.0,34.0,station
2024-03-08,30.9,,30.2,33.2,33.5,31.0,,31.4,34.0,33.8,31.95,1.65,-0.6,66,73,23.8,20.0,0.3,0.9207,0.3904,33.2,33.0,33.0,station
2024-03-09,31.2,,30.4,32.0,31.4,30.5,,30.5,33.0,32.1,31.25,0.66,-0.27,65,95,24.3,19.67,1.8,0.9272,0.3745,32.5,31.0,31.0,station
2024-03-10,30.9,,30.6,32.1,30.3,30.4,,30.6,32.2,31.1,30.98,0.79,-0.1,63,63,22.4,21.75,0.6,0.9335,0.3585,32.9,33.0,33.0,station
2024-03-11,30.6,,30.8,32.8,31.8,30.9,,31.4,33.1,31.6,31.5,1.01,-0.25,63,98,19.3,16.07,0.2,0.9396,0.3424,32.3,32.0,32.0,station
2024-03-12,30.6,,30.7,34.3,32.0,30.9,,31.3,33.8,33.7,31.9,1.72,-0.52,75,92,19.1,21.34,10.2,0.9453,0.3261,32.1,32.0,32.0,station
2024-03-13,30.9,,30.3,32.3,30.7,31.2,,30.0,33.9,31.3,31.05,0.87,-0.55,71,71,23.9,22.64,0.1,0.9508,0.3098,32.2,32.0,32.0,station
2024-03-14,30.3,,29.9,32.1,30.9,30.5,,30.6,32.8,31.7,30.8,0.96,-0.6,67,51,23.1,22.64,1.5,0.956,0.2934,31.9,33.0,33.0,station
2024-03-15,29.8,30.5,29.9,32.1,31.8,30.6,,30.0,30.9,31.6,30.82,1.07,0.05,72,75,23.6,18.41,3.2,0.9609,0.2769,31.7,30.0,30.0,station
2024-03-16,31.0,31.4,30.9,32.3,31.2,30.4,31.6,30.8,32.7,32.1,31.36,0.56,-0.16,69,54,23.7,22.89,2.3,0.9655,0.2604,33.0,34.0,34.0,station
2024-03-17,30.1,31.7,31.0,32.9,32.5,30.7,31.8,30.2,32.6,32.9,31.64,1.13,0.0,68,66,21.4,21.78,0.1,0.9698,0.2437,32.5,33.0,33.0,station
2024-03-18,30.7,31.9,30.7,33.8,32.5,30.8,32.0,31.8,33.2,32.9,31.92,1.31,-0.22,65,35,21.7,22.68,0.7,0.9739,0.227,33.4,34.0,34.0,station
2024-03-19,30.6,31.6,31.5,32.9,29.1,30.3,32.2,31.5,32.9,33.6,31.14,1.4,-0.96,68,68,16.4,22.43,2.2,0.9777,0.2102,32.3,33.0,33.0,station
2024-03-20,28.3,29.8,30.0,32.5,31.7,30.1,31.0,31.1,33.7,31.6,30.46,1.66,-1.04,67,56,22.9,21.2,0.1,0.9811,0.1934,32.0,32.0,32.0,station
2024-03-21,30.6,30.3,30.2,32.2,30.6,30.8,30.3,30.0,32.4,30.9,30.78,0.81,-0.1,68,45,24.5,17.1,0.1,0.9843,0.1765,30.9,30.0,30.0,station
2024-03-22,30.0,30.2,30.7,31.5,31.4,30.2,30.9,31.0,32.8,31.7,30.76,0.68,-0.56,69,61,24.7,14.3,0.1,0.9872,0.1595,31.0,31.0,31.0,station
2024-03-23,30.7,30.8,31.3,33.0,31.6,30.8,31.8,32.7,33.8,31.9,31.48,0.93,-0.72,70,49,25.3,22.02,1.3,0.9898,0.1425,32.5,33.0,33.0,station
2024-03-24,31.9,32.3,32.3,33.9,32.8,31.7,32.3,31.6,34.3,33.8,32.64,0.77,-0.1,65,13,25.8,25.67,0.0,0.9921,0.1255,33.9,34.0,34.0,station
2024-03-25,32.0,32.4,32.0,34.1,33.4,32.1,32.5,32.5,33.9,32.5,32.78,0.93,0.08,64,24,25.3,25.16,0.0,0.9941,0.1084,34.4,34.0,34.0,station
2024-03-26,32.0,32.3,32.1,34.0,34.0,31.8,32.4,32.0,34.2,34.4,32.88,1.03,-0.08,66,54,24.7,22.42,0.1,0.9958,0.0913,34.8,35.0,35.0,station
2024-03-27,32.0,32.3,32.5,34.7,34.0,32.7,32.3,32.6,34.9,33.7,33.1,1.18,-0.14,73,64,23.7,20.27,12.7,0.9972,0.0741,33.4,35.0,35.0,station
2024-03-28,32.6,33.8,33.3,35.1,33.4,32.7,33.6,34.0,34.8,34.7,33.64,0.92,-0.32,70,75,22.5,23.95,2.5,0.9984,0.057,35.6,36.0,36.0,station
2024-03-29,32.3,33.1,32.5,34.8,34.1,31.9,34.0,32.7,35.2,34.7,33.36,1.07,-0.34,73,82,20.9,22.67,2.2,0.9992,0.0398,34.0,34.0,34.0,station
2024-03-30,32.5,33.8,31.9,34.4,34.2,32.3,34.2,32.0,34.2,33.5,33.36,1.1,0.12,66,89,28.7,23.33,0.0,0.9997,0.0226,34.9,35.0,35.0,station
2024-03-31,32.9,33.5,33.7,34.5,34.9,32.7,34.3,33.3,34.3,35.1,33.9,0.8,-0.04,63,66,20.9,24.59,0.0,1.0,0.0054,35.2,35.0,35.0,station
2024-04-01,32.9,34.2,33.9,35.8,35.5,33.8,34.4,33.7,35.7,35.6,34.46,1.19,-0.18,63,59,23.6,25.17,0.0,0.9999,-0.0118,36.1,35.0,35.0,station
2024-04-02,33.7,34.1,33.8,35.8,35.0,34.0,34.5,33.8,35.3,34.8,34.48,0.9,0.0,60,25,22.3,26.55,0.0,0.9996,-0.029,35.8,35.0,35.0,station
2024-04-03,32.8,33.8,33.5,35.8,33.8,33.2,34.1,33.9,35.8,35.2,33.94,1.12,-0.5,63,65,26.2,25.11,0.0,0.9989,-0.0462,35.3,35.0,35.0,station
2024-04-04,32.8,33.7,33.6,35.7,35.5,33.8,34.2,33.5,35.6,35.6,34.26,1.27,-0.28,65,64,24.4,23.07,0.4,0.998,-0.0634,35.5,35.0,35.0,station
2024-04-05,32.6,32.9,33.1,34.5,33.9,33.1,33.2,32.8,34.9,33.7,33.4,0.78,-0.14,64,58,25.3,24.77,0.0,0.9968,-0.0805,34.8,34.0,34.0,station
2024-04-06,32.6,33.0,33.0,35.1,35.4,32.9,33.6,33.4,35.0,35.3,33.82,1.32,-0.22,66,41,27.0,22.99,0.6,0.9952,-0.0977,34.5,34.0,34.0,station
2024-04-07,33.1,33.6,33.4,35.1,35.1,32.5,34.2,33.4,35.3,35.7,34.06,0.97,-0.16,65,59,24.6,24.23,0.2,0.9934,-0.1148,34.4,34.0,34.0,station
2024-04-08,32.6,33.9,33.1,35.5,34.5,32.6,34.4,32.8,35.0,34.7,33.92,1.15,0.02,64,53,30.0,24.27,0.1,0.9913,-0.1319,35.0,34.0,34.0,station
2024-04-09,32.6,33.7,32.9,35.7,35.6,32.8,34.7,33.3,35.7,35.7,34.1,1.47,-0.34,66,65,23.7,23.49,0.8,0.9889,-0.1489,35.4,35.0,35.0,station
2024-04-10,32.8,33.3,32.6,35.6,34.5,33.1,33.1,33.4,35.5,34.7,33.76,1.27,-0.2,64,31,24.3,24.55,0.0,0.9861,-0.1659,35.6,35.0,35.0,station
2024-04-11,33.3,34.2,33.1,35.0,34.7,33.5,34.3,31.3,35.6,35.0,34.06,0.84,0.12,62,66,24.6,25.34,0.0,0.9831,-0.1828,36.0,35.0,35.0,station
2024-04-12,33.3,34.3,33.2,36.0,35.2,33.3,34.6,33.0,35.8,35.4,34.4,1.21,-0.02,62,75,24.9,26.42,0.0,0.9799,-0.1997,35.5,35.0,35.0,station
2024-04-13,33.2,33.6,33.6,34.9,35.6,32.9,34.3,33.9,35.4,35.8,34.18,1.02,-0.28,65,21,24.1,24.96,0.2,0.9763,-0.2165,35.4,36.0,36.0,station
2024-04-14,33.2,34.0,33.7,35.8,33.9,32.8,34.2,33.8,35.9,34.9,34.12,0.99,-0.2,65,17,24.7,24.17,0.1,0.9724,-0.2333,35.5,36.0,36.0,station
2024-04-15,32.8,34.6,33.5,36.4,36.3,33.1,35.0,33.3,35.9,35.8,34.72,1.62,0.1,64,15,26.0,24.27,1.2,0.9683,-0.25,35.4,36.0,36.0,station
2024-04-16,33.0,34.8,33.2,36.1,36.6,33.5,35.1,34.0,36.1,36.6,34.74,1.64,-0.32,63,3,28.0,26.45,0.0,0.9638,-0.2666,35.8,35.0,35.0,station
2024-04-17,33.3,34.7,33.7,36.1,36.7,33.7,34.9,34.1,35.7,36.8,34.9,1.48,-0.14,63,20,26.1,26.91,0.0,0.9591,-0.2831,35.5,36.0,36.0,station
2024-04-18,33.7,35.1,36.4,36.6,36.0,33.5,35.3,35.7,36.6,36.3,35.56,1.19,0.08,57,33,12.9,27.0,0.0,0.9541,-0.2996,37.1,37.0,37.0,station
2024-04-19,34.2,35.2,34.5,36.4,36.7,34.3,35.4,34.4,36.7,36.7,35.4,1.12,-0.1,59,48,25.2,26.68,0.0,0.9488,-0.316,35.6,35.0,35.0,station
2024-04-20,34.7,35.1,34.7,36.7,36.2,34.8,35.3,34.2,36.9,36.4,35.48,0.92,-0.04,59,48,22.6,26.99,0.0,0.9432,-0.3322,37.1,36.0,36.0,station
2024-04-21,34.0,34.6,34.2,36.7,36.5,33.7,34.6,34.6,36.7,36.4,35.2,1.3,0.0,59,41,25.3,26.38,0.0,0.9373,-0.3484,35.5,35.0,35.0,station
2024-04-22,33.9,34.4,34.5,36.9,37.4,34.5,34.8,34.6,37.0,37.1,35.42,1.61,-0.18,62,24,23.7,25.69,0.2,0.9312,-0.3645,36.0,36.0,36.0,station
2024-04-23,33.3,34.5,34.9,36.2,35.8,33.8,33.9,35.3,36.5,37.4,34.94,1.14,-0.44,65,47,22.8,25.02,2.4,0.9248,-0.3804,35.9,36.0,36.0,station
2024-04-24,33.9,35.0,34.8,36.0,34.4,34.0,35.1,34.5,35.7,35.7,34.82,0.78,-0.18,66,38,22.6,24.87,3.7,0.9181,-0.3963,37.1,38.0,38.0,station
2024-04-25,33.9,34.7,34.7,35.9,34.5,33.6,34.8,34.8,35.8,35.5,34.74,0.73,-0.16,63,83,17.1,24.94,0.4,0.9112,-0.412,36.9,38.0,38.0,station
2024-04-26,34.1,35.6,35.3,36.9,35.3,34.9,35.7,36.2,36.2,36.1,35.44,1.0,-0.38,60,24,23.0,25.61,0.3,0.9039,-0.4276,36.7,38.0,38.0,station
2024-04-27,34.5,35.3,36.2,36.2,37.1,34.5,35.7,36.3,36.7,36.6,35.86,0.99,-0.1,62,31,20.6,25.84,0.5,0.8965,-0.4431,37.5,38.0,38.0,station
2024-04-28,34.7,35.5,36.5,37.2,37.8,34.9,35.2,36.2,37.7,37.7,36.34,1.25,-0.0,63,45,23.0,25.52,0.1,0.8887,-0.4585,36.5,37.0,37.0,station
2024-04-29,35.1,36.1,34.6,37.0,36.6,34.9,35.9,34.6,37.0,37.1,35.88,1.01,-0.02,59,44,26.6,25.72,0.1,0.8807,-0.4737,37.1,37.0,37.0,station
2024-04-30,35.6,36.1,35.6,37.1,37.0,35.2,36.1,35.6,36.9,37.0,36.28,0.73,0.12,59,39,23.1,26.78,0.0,0.8724,-0.4888,38.3,37.0,37.0,station
2024-05-01,34.8,35.1,35.9,37.0,37.4,34.4,35.5,36.2,36.6,37.6,36.04,1.14,-0.02,61,59,18.0,24.3,0.6,0.8639,-0.5037,36.7,37.0,37.0,station
2024-05-02,34.3,35.6,35.0,36.8,35.5,34.9,35.4,34.6,37.0,36.8,35.44,0.92,-0.3,59,12,24.8,24.86,0.0,0.8551,-0.5185,36.5,36.0,36.0,station
2024-05-03,34.0,34.4,34.4,36.7,37.1,34.4,34.9,34.4,36.2,35.4,35.32,1.46,0.26,61,40,25.1,24.89,0.1,0.846,-0.5331,36.4,35.0,35.0,station
2024-05-04,34.1,34.6,34.5,36.3,37.5,33.9,34.9,34.6,36.5,37.7,35.4,1.45,-0.12,62,50,24.3,25.77,0.0,0.8367,-0.5476,36.6,36.0,36.0,station
2024-05-05,34.0,35.4,34.5,36.8,37.3,34.4,34.9,34.0,36.5,36.5,35.6,1.43,0.34,61,26,24.4,25.46,0.0,0.8272,-0.5619,37.5,36.0,36.0,station
2024-05-06,34.1,35.1,34.1,37.0,35.6,34.3,35.4,34.5,37.2,36.3,35.18,1.21,-0.36,62,62,23.4,24.66,0.5,0.8174,-0.5761,36.9,36.0,36.0,station
2024-05-07,34.5,35.9,34.2,37.3,35.8,34.3,36.1,34.7,37.4,35.8,35.54,1.24,-0.12,58,8,28.2,26.92,0.0,0.8074,-0.59,36.7,36.0,36.0,station
2024-05-08,33.8,34.6,33.9,36.3,34.7,33.6,35.2,34.5,36.2,35.9,34.66,1.0,-0.42,62,48,22.6,23.37,1.6,0.7971,-0.6038,36.4,35.0,35.0,station
2024-05-09,34.7,35.2,34.4,36.3,34.4,34.4,34.8,34.5,36.5,35.4,35.0,0.8,-0.12,61,46,23.0,24.52,1.3,0.7866,-0.6175,37.3,37.0,37.0,station
2024-05-10,33.3,34.6,34.0,35.7,34.6,33.9,34.6,34.5,36.2,33.5,34.44,0.88,-0.1,61,62,20.0,24.02,0.6,0.7759,-0.6309,36.7,35.0,35.0,station
2024-05-11,34.4,35.0,35.2,37.1,35.4,34.9,35.2,35.0,37.0,36.3,35.42,1.01,-0.26,62,72,16.1,22.28,1.4,0.7649,-0.6442,35.5,35.0,35.0,station
2024-05-12,34.3,35.5,34.6,36.2,35.8,33.9,35.8,35.6,36.8,37.0,35.28,0.8,-0.54,61,41,21.3,25.2,0.9,0.7537,-0.6572,37.3,36.0,36.0,station
2024-05-13,34.5,34.4,35.7,36.0,34.0,34.4,34.4,34.5,36.2,33.3,34.92,0.88,0.36,70,70,18.4,22.54,6.2,0.7423,-0.6701,36.0,37.0,37.0,station
2024-05-14,32.9,34.2,35.0,35.1,34.0,34.1,33.8,33.7,35.5,32.6,34.24,0.89,0.3,72,87,15.0,24.3,1.5,0.7306,-0.6828,35.7,36.0,36.0,station
2024-05-15,34.1,35.2,34.4,37.4,34.2,33.7,35.3,34.6,37.4,33.0,35.06,1.38,0.26,68,84,16.6,24.62,0.5,0.7188,-0.6952,36.6,37.0,37.0,station
2024-05-16,34.0,34.9,34.1,35.9,34.8,34.1,34.8,34.0,36.0,33.3,34.74,0.76,0.3,70,71,17.8,24.99,0.8,0.7067,-0.7075,36.2,37.0,37.0,station
2024-05-17,34.1,34.3,35.1,35.1,33.3,34.2,34.4,34.1,34.9,33.8,34.38,0.76,0.1,71,57,17.7,23.52,4.7,0.6945,-0.7195,35.1,37.0,37.0,station
2024-05-18,33.0,34.3,35.8,35.1,31.1,32.0,33.7,35.1,35.2,31.4,33.86,1.86,0.38,68,93,12.0,23.69,1.4,0.682,-0.7314,35.4,35.0,35.0,station
2024-05-19,32.3,32.7,35.0,34.2,33.2,32.3,32.9,34.3,35.2,31.4,33.48,1.11,0.26,72,98,14.1,20.4,3.9,0.6693,-0.743,34.4,35.0,35.0,station
2024-05-20,33.6,34.4,34.7,34.3,32.0,32.2,33.9,34.4,34.2,34.4,33.8,1.08,-0.02,72,88,16.6,24.04,1.5,0.6564,-0.7544,34.7,37.0,37.0,station
2024-05-21,33.6,34.5,34.4,36.2,32.3,33.4,34.5,34.2,36.3,32.2,34.2,1.42,0.08,67,99,18.2,25.45,0.0,0.6433,-0.7656,36.0,37.0,37.0,station
2024-05-22,34.5,35.1,33.8,35.9,36.9,34.0,34.8,33.8,35.9,33.8,35.24,1.21,0.78,66,84,20.7,22.96,1.3,0.6301,-0.7765,36.0,36.0,36.0,station
2024-05-23,34.5,35.6,34.8,36.2,36.3,35.0,35.3,34.4,36.4,37.1,35.48,0.81,-0.16,64,46,22.2,25.28,0.0,0.6166,-0.7873,36.2,36.0,36.0,station
2024-05-24,33.5,33.7,33.8,35.4,36.6,33.4,33.9,34.2,34.5,36.6,34.6,1.35,0.08,68,88,20.9,23.88,5.7,0.603,-0.7978,35.6,36.0,36.0,station
2024-05-25,32.2,31.6,34.7,33.1,33.8,33.7,32.6,34.3,34.0,34.7,33.08,1.24,-0.78,78,100,17.4,12.69,20.0,0.5892,-0.808,33.4,32.0,32.0,station
2024-05-26,27.9,27.7,30.0,30.4,27.0,27.8,29.3,31.6,29.1,28.5,28.6,1.5,-0.66,92,100,30.2,2.48,101.6,0.5752,-0.818,27.1,27.0,27.0,station
2024-05-27,29.6,30.3,29.9,31.1,30.6,29.4,30.1,31.7,31.5,29.9,30.3,0.59,-0.22,86,96,25.3,17.74,10.4,0.561,-0.8278,30.0,32.0,32.0,station
2024-05-28,29.6,30.5,31.6,31.8,31.0,29.9,30.1,31.5,32.9,30.8,30.9,0.89,-0.14,84,85,22.4,22.2,6.8,0.5467,-0.8373,31.3,33.0,33.0,station
2024-05-29,29.5,30.9,31.3,31.6,32.6,29.7,29.9,31.4,32.2,31.6,31.18,1.13,0.22,86,93,16.8,17.58,13.3,0.5322,-0.8466,31.2,33.0,33.0,station
2024-05-30,31.6,33.8,31.0,33.5,34.7,30.9,33.1,32.2,33.3,33.4,32.92,1.56,0.34,81,100,14.0,24.42,0.9,0.5176,-0.8556,32.7,36.0,36.0,station
2024-05-31,31.6,33.9,33.3,35.2,35.3,33.0,34.3,33.8,34.7,35.7,33.86,1.52,-0.44,77,81,16.4,24.92,0.0,0.5028,-0.8644,33.9,35.0,35.0,station
2024-06-01,32.5,34.3,33.5,35.1,35.0,32.4,34.2,33.8,35.1,33.4,34.08,1.09,0.3,77,52,18.0,24.36,0.4,0.4878,-0.8729,34.6,36.0,36.0,station
2024-06-02,32.5,34.1,35.7,34.8,34.2,32.8,34.2,34.5,34.5,33.6,34.26,1.17,0.34,79,73,13.1,24.18,4.1,0.4728,-0.8812,34.0,36.0,36.0,station
2024-06-03,30.2,32.0,33.6,34.0,33.1,30.6,32.5,34.2,34.3,34.1,32.58,1.53,-0.56,82,70,14.8,24.32,6.9,0.4575,-0.8892,32.7,34.0,34.0,station
2024-06-04,31.7,34.0,33.4,34.6,35.3,31.7,33.5,33.1,33.9,34.9,33.8,1.37,0.38,77,87,11.7,20.3,1.0,0.4422,-0.8969,33.2,35.0,35.0,station
2024-06-05,30.5,31.1,30.4,31.8,32.9,30.8,31.4,30.7,33.4,32.6,31.34,1.04,-0.44,85,99,8.1,17.83,12.9,0.4267,-0.9044,31.8,32.0,32.0,station
2024-06-06,28.8,31.4,31.4,31.4,33.2,30.5,31.7,31.5,31.5,31.1,31.24,1.57,-0.02,85,100,8.8,18.3,18.3,0.4111,-0.9116,32.0,33.0,33.0,station
2024-06-07,29.9,30.8,32.0,33.1,31.2,29.5,30.8,30.6,34.1,30.3,31.4,1.21,0.34,85,100,8.4,19.4,7.6,0.3953,-0.9185,31.1,32.0,32.0,station
2024-06-08,30.3,30.9,31.8,33.0,31.1,30.0,31.0,32.8,33.4,31.0,31.42,1.03,-0.22,84,100,9.3,19.54,11.2,0.3795,-0.9252,31.0,35.0,35.0,station
2024-06-09,30.9,31.9,32.6,33.9,31.5,31.0,32.0,32.1,33.3,32.4,32.16,1.15,0.0,82,100,12.1,20.74,9.8,0.3635,-0.9316,32.2,35.0,35.0,station
2024-06-10,31.5,33.4,33.8,34.5,33.0,31.0,32.9,33.5,35.1,33.3,33.24,1.12,0.08,82,83,12.1,24.21,6.1,0.3474,-0.9377,32.6,36.0,36.0,station
2024-06-11,30.2,33.1,33.3,34.2,33.8,30.7,32.8,33.5,35.1,31.7,32.92,1.58,0.16,81,59,10.1,24.99,0.3,0.3312,-0.9436,32.4,33.0,33.0,station
2024-06-12,31.2,33.2,34.5,34.5,30.3,31.2,33.1,34.0,34.9,35.4,32.74,1.92,-0.98,82,52,9.2,23.37,2.0,0.3149,-0.9491,32.6,34.0,34.0,station
2024-06-13,30.8,33.2,32.5,34.0,34.3,30.6,33.1,33.4,34.3,33.5,32.96,1.4,-0.02,83,68,9.2,23.58,4.7,0.2986,-0.9544,32.6,34.0,34.0,station
2024-06-14,31.4,32.0,34.0,34.3,34.2,30.9,32.0,32.5,34.1,34.2,33.18,1.37,0.44,82,75,9.7,23.21,10.7,0.2821,-0.9594,33.1,33.0,33.0,station
2024-06-15,31.6,33.5,32.3,34.3,32.8,30.7,33.3,32.8,33.7,31.0,32.9,1.05,0.6,82,85,12.8,23.47,16.3,0.2656,-0.9641,32.4,35.0,35.0,station
2024-06-16,30.4,32.5,33.0,33.3,31.0,30.4,32.4,32.3,33.6,31.1,32.04,1.27,0.08,83,98,10.9,23.4,15.9,0.2489,-0.9685,32.1,33.0,33.0,station
2024-06-17,31.0,31.9,32.5,33.5,33.3,31.0,31.9,32.6,34.0,33.3,32.44,1.03,-0.12,85,99,12.0,20.44,3.5,0.2322,-0.9727,30.7,34.0,34.0,station
2024-06-18,30.2,31.0,33.0,33.9,30.5,30.5,31.7,32.3,33.8,30.7,31.72,1.64,-0.08,86,87,9.7,20.75,21.6,0.2155,-0.9765,31.3,33.0,33.0,station
2024-06-19,30.0,31.4,32.2,32.8,30.9,31.4,31.2,30.3,33.1,32.0,31.46,1.09,-0.14,84,97,12.4,23.29,14.8,0.1986,-0.9801,31.6,35.0,35.0,station
2024-06-20,30.5,30.9,32.8,34.3,30.3,30.7,31.1,32.2,33.5,30.7,31.76,1.73,0.12,83,99,22.0,22.11,14.1,0.1818,-0.9833,31.3,34.0,34.0,station
2024-06-21,30.1,31.1,31.6,33.1,30.9,29.5,31.2,32.2,34.2,28.8,31.36,1.11,0.18,85,99,16.7,19.82,21.0,0.1648,-0.9863,31.1,34.0,34.0,station
2024-06-22,30.7,32.2,32.0,33.4,31.7,30.6,31.5,31.9,33.3,31.4,32.0,0.97,0.26,84,74,9.6,23.23,2.6,0.1478,-0.989,32.3,33.0,33.0,station
2024-06-23,30.3,31.9,32.8,33.7,32.4,31.1,32.0,34.0,32.1,30.8,32.22,1.26,0.22,86,78,13.5,20.6,21.4,0.1308,-0.9914,31.0,33.0,33.0,station
2024-06-24,29.4,31.9,32.2,33.0,32.4,31.3,32.4,32.6,32.9,34.1,31.78,1.39,-0.88,83,91,16.6,21.57,13.5,0.1137,-0.9935,31.8,32.0,32.0,station
2024-06-25,30.4,31.7,32.8,33.1,31.6,30.4,31.3,32.4,33.1,31.9,31.92,1.08,0.1,82,92,25.1,23.94,3.5,0.0966,-0.9953,31.0,34.0,34.0,station
2024-06-26,30.3,31.1,32.7,32.4,33.7,30.7,30.5,32.8,33.1,33.1,32.04,1.34,0.0,81,98,19.5,17.65,3.2,0.0795,-0.9968,31.2,32.0,32.0,station
2024-06-27,29.5,29.9,30.0,32.9,31.9,30.6,30.8,32.6,32.7,34.2,30.84,1.48,-1.34,84,98,27.6,19.71,8.7,0.0623,-0.9981,30.5,34.0,34.0,station
2024-06-28,30.2,32.9,33.3,33.4,34.7,31.7,32.9,32.0,33.6,30.0,32.9,1.65,0.86,83,100,15.8,21.32,1.1,0.0451,-0.999,31.3,35.0,35.0,station
2024-06-29,31.0,32.5,33.3,33.6,34.1,30.7,32.7,34.4,34.0,34.5,32.9,1.21,-0.36,83,90,16.5,23.19,15.3,0.028,-0.9996,32.7,34.0,34.0,station
2024-06-30,30.9,32.4,34.2,32.6,32.6,30.4,32.8,33.3,33.2,34.0,32.54,1.17,-0.2,85,96,13.2,22.47,14.9,0.0108,-0.9999,32.0,33.0,33.0,station
2024-07-01,31.0,32.6,32.1,32.7,33.3,30.3,32.7,32.7,31.6,31.5,32.34,0.86,0.58,87,84,7.6,21.01,1.1,-0.0065,-1.0,31.3,34.0,34.0,station
2024-07-02,29.5,30.6,33.7,32.1,33.5,29.9,30.5,33.6,32.9,33.0,31.88,1.82,-0.1,85,82,18.4,19.77,13.7,-0.0237,-0.9997,31.3,35.0,35.0,station
2024-07-03,32.0,32.9,33.8,34.8,32.9,31.5,32.7,33.8,35.0,33.6,33.28,1.06,-0.04,80,94,18.8,24.58,6.6,-0.0408,-0.9992,32.6,35.0,35.0,station
2024-07-04,29.7,32.2,33.0,31.9,33.7,30.0,31.6,33.0,32.0,32.9,32.1,1.51,0.2,86,91,8.2,19.73,9.4,-0.058,-0.9983,30.4,32.0,32.0,station
2024-07-05,28.9,30.3,32.0,31.3,30.4,29.0,31.1,31.0,31.9,31.7,30.58,1.17,-0.36,85,92,13.6,16.51,28.0,-0.0752,-0.9972,29.8,31.0,31.0,station
2024-07-06,30.6,31.4,33.1,32.9,34.2,30.9,31.5,32.9,32.9,32.0,32.44,1.43,0.4,83,81,19.2,21.08,5.7,-0.0923,-0.9957,31.5,32.0,32.0,station
2024-07-07,30.3,32.4,32.7,32.8,32.4,30.3,32.7,32.9,33.1,32.7,32.12,1.03,-0.22,81,91,16.4,23.34,13.9,-0.1094,-0.994,31.7,34.0,34.0,station
2024-07-08,28.7,31.5,29.7,32.1,31.7,29.5,32.0,32.8,32.7,31.0,30.74,1.47,-0.86,86,100,11.8,18.01,23.1,-0.1265,-0.992,30.1,35.0,35.0,station
2024-07-09,29.8,30.8,29.5,33.1,29.4,30.0,30.7,31.0,32.3,32.0,30.52,1.54,-0.68,87,98,11.3,19.25,16.6,-0.1436,-0.9896,31.2,34.0,34.0,station
2024-07-10,29.9,29.2,31.9,31.5,29.7,29.5,30.7,30.7,31.3,30.4,30.44,1.19,-0.08,85,97,9.2,16.08,2.2,-0.1606,-0.987,30.3,32.0,32.0,station
2024-07-11,30.5,30.5,30.9,32.3,30.1,29.6,30.6,32.9,33.3,31.1,30.86,0.85,-0.64,86,94,9.8,18.17,30.8,-0.1775,-0.9841,30.9,34.0,34.0,station
2024-07-12,31.3,32.9,31.7,33.3,31.3,30.8,32.5,31.2,32.9,31.1,32.1,0.94,0.4,84,90,13.7,21.1,15.3,-0.1944,-0.9809,32.2,33.0,33.0,station
2024-07-13,29.4,31.1,32.3,32.3,29.9,29.5,31.4,32.3,33.1,30.5,31.0,1.34,-0.36,85,100,17.4,20.75,8.6,-0.2113,-0.9774,30.6,34.0,34.0,station
2024-07-14,29.7,30.7,31.5,32.4,31.4,29.7,30.8,32.1,32.7,28.4,31.14,1.01,0.4,82,100,19.5,19.52,9.3,-0.2281,-0.9736,31.0,33.0,33.0,station
2024-07-15,29.7,30.3,30.4,32.5,29.4,30.2,30.3,31.8,32.4,30.0,30.46,1.21,-0.48,85,100,15.6,17.75,16.0,-0.2448,-0.9696,30.4,33.0,33.0,station
2024-07-16,31.0,32.2,31.9,33.8,32.7,30.1,31.8,32.2,33.6,31.7,32.32,1.03,0.44,82,100,22.9,21.82,1.0,-0.2614,-0.9652,31.0,33.0,33.0,station
2024-07-17,29.4,29.4,30.3,30.5,32.0,29.1,29.6,32.0,31.8,33.1,30.32,1.07,-0.8,84,100,15.1,16.44,12.9,-0.278,-0.9606,30.4,33.0,33.0,station
2024-07-18,28.9,30.2,30.5,29.6,31.5,29.1,28.7,31.8,29.6,32.6,30.14,0.98,-0.22,88,98,9.1,15.82,21.0,-0.2945,-0.9557,31.0,29.0,29.0,station
2024-07-19,30.7,30.8,30.9,32.5,31.2,30.4,30.2,32.2,31.6,29.5,31.22,0.74,0.44,86,90,18.5,21.7,13.7,-0.3109,-0.9505,30.6,33.0,33.0,station
2024-07-20,29.7,31.9,31.2,31.9,31.0,30.0,30.9,30.9,30.8,29.6,31.14,0.9,0.7,85,100,16.6,23.37,11.1,-0.3272,-0.945,30.9,32.0,32.0,station
2024-07-21,28.4,29.3,30.5,29.6,29.8,30.2,29.3,30.2,31.8,30.0,29.52,0.77,-0.78,87,99,22.0,14.01,14.9,-0.3434,-0.9392,30.1,32.0,32.0,station
2024-07-22,27.0,27.6,26.3,28.6,26.5,27.1,27.6,27.0,28.4,26.8,27.2,0.93,-0.18,90,100,27.0,5.73,42.0,-0.3595,-0.9332,27.3,29.0,29.0,station
2024-07-23,27.1,27.1,26.3,27.7,26.7,26.9,27.0,26.5,28.2,26.5,26.98,0.52,-0.04,91,100,30.8,5.05,67.1,-0.3755,-0.9268,26.6,29.0,29.0,station
2024-07-24,26.8,27.7,27.8,28.9,27.0,27.9,27.2,26.9,29.1,26.9,27.64,0.83,0.04,90,100,28.0,9.22,36.0,-0.3914,-0.9202,27.4,29.0,29.0,station
2024-07-25,27.9,28.6,30.1,30.0,27.4,28.2,28.9,29.9,29.5,27.2,28.8,1.22,0.06,87,100,27.5,16.89,15.6,-0.4071,-0.9134,28.7,32.0,32.0,station
2024-07-26,29.8,30.1,32.5,31.3,29.7,30.5,30.4,32.3,31.7,28.3,30.68,1.2,0.04,80,100,17.6,22.3,2.7,-0.4228,-0.9062,31.6,33.0,33.0,station
2024-07-27,29.5,31.3,31.7,32.4,31.3,30.0,31.2,32.0,32.2,31.5,31.24,1.07,-0.14,83,100,10.5,22.13,1.6,-0.4383,-0.8988,31.6,33.0,33.0,station
2024-07-28,26.8,28.4,28.4,31.3,28.8,28.3,30.2,28.9,31.3,29.9,28.74,1.62,-0.98,88,100,14.8,13.72,12.6,-0.4537,-0.8912,28.4,31.0,31.0,station
2024-07-29,28.5,29.7,30.5,31.1,28.7,27.8,30.2,29.8,31.8,27.3,29.7,1.12,0.32,86,100,16.7,19.79,3.9,-0.469,-0.8832,29.7,30.0,30.0,station
2024-07-30,29.5,31.8,31.2,31.5,30.3,29.2,31.1,31.0,31.2,30.2,30.86,0.94,0.32,83,92,14.9,22.24,2.5,-0.4841,-0.875,31.1,32.0,32.0,station
2024-07-31,29.2,32.0,31.6,32.7,31.7,29.8,32.4,31.5,33.2,31.7,31.44,1.32,-0.28,84,80,13.0,23.36,0.8,-0.4991,-0.8666,31.2,33.0,33.0,station
2024-08-01,29.9,31.7,31.5,32.0,30.4,29.3,30.9,31.4,32.4,31.8,31.1,0.9,-0.06,86,85,12.5,21.98,11.4,-0.5139,-0.8578,30.6,32.0,32.0,station
2024-08-02,29.1,31.2,30.9,32.0,29.6,29.3,31.0,31.0,31.5,30.6,30.56,1.19,-0.12,83,34,12.2,23.08,12.3,-0.5286,-0.8489,31.1,33.0,33.0,station
2024-08-03,29.1,31.3,31.4,31.9,30.2,29.2,31.2,31.0,32.1,29.9,30.78,1.13,0.1,84,44,13.0,24.87,3.1,-0.5431,-0.8397,30.9,32.0,32.0,station
2024-08-04,29.8,30.8,31.1,31.4,32.0,29.0,30.7,30.9,32.5,30.3,31.02,0.81,0.34,86,69,15.9,22.37,7.8,-0.5575,-0.8302,30.2,32.0,32.0,station
2024-08-05,28.7,29.8,30.8,30.3,30.6,28.5,30.0,30.5,30.5,29.3,30.04,0.84,0.28,86,97,18.7,19.15,34.6,-0.5717,-0.8205,29.4,31.0,31.0,station
2024-08-06,28.3,29.3,29.8,30.7,30.0,28.9,29.5,28.8,29.8,29.7,29.62,0.89,0.28,85,85,21.0,20.07,4.7,-0.5857,-0.8105,29.4,31.0,31.0,station
2024-08-07,29.8,31.2,30.5,31.7,31.2,29.6,30.9,30.6,31.7,28.8,30.88,0.74,0.56,82,42,23.4,24.11,1.4,-0.5996,-0.8003,30.7,32.0,32.0,station
2024-08-08,29.5,30.1,30.1,31.1,30.7,29.4,30.0,29.3,30.9,29.2,30.3,0.62,0.54,84,71,21.7,22.29,6.2,-0.6132,-0.7899,30.3,31.0,31.0,station
2024-08-09,29.5,30.3,31.3,31.2,30.9,29.5,30.6,29.2,31.7,30.1,30.64,0.75,0.42,82,93,24.5,21.65,0.8,-0.6267,-0.7792,30.9,31.0,31.0,station
2024-08-10,28.2,30.2,30.5,30.3,30.4,28.4,30.1,30.6,31.1,30.1,29.92,0.97,-0.14,86,90,23.6,18.54,12.2,-0.64,-0.7683,28.9,32.0,32.0,station
2024-08-11,30.2,31.4,31.6,31.6,32.0,30.4,32.1,31.7,31.5,31.9,31.36,0.68,-0.16,85,58,21.2,24.72,0.9,-0.6532,-0.7572,30.7,32.0,32.0,station
2024-08-12,30.3,31.7,31.8,32.3,31.7,30.4,31.8,31.4,31.7,31.1,31.56,0.75,0.28,82,54,20.9,25.0,1.9,-0.6661,-0.7459,31.2,33.0,33.0,station
2024-08-13,30.3,32.8,32.3,32.7,32.5,30.1,32.4,31.7,32.2,31.8,32.12,1.04,0.48,80,81,14.8,25.38,0.5,-0.6788,-0.7343,31.4,33.0,33.0,station
2024-08-14,30.6,32.5,31.6,33.2,32.9,30.3,32.4,31.9,32.8,33.0,32.16,1.06,0.08,83,82,16.8,22.99,1.2,-0.6914,-0.7225,31.5,32.0,32.0,station
2024-08-15,30.5,32.9,31.6,32.8,32.0,30.4,32.7,31.5,33.2,32.7,31.96,0.98,-0.14,84,99,17.5,23.42,1.6,-0.7037,-0.7105,31.7,33.0,33.0,station
2024-08-16,30.6,33.1,32.1,33.7,33.5,30.2,33.1,31.9,33.6,33.1,32.6,1.28,0.22,85,99,10.8,20.45,3.2,-0.7158,-0.6983,32.3,33.0,33.0,station
2024-08-17,31.2,33.8,33.5,34.0,33.2,31.0,33.0,32.7,34.2,33.6,33.14,1.13,0.24,80,88,11.7,25.47,0.2,-0.7277,-0.6859,33.2,34.0,34.0,station
2024-08-18,31.5,33.2,33.4,34.3,32.3,31.3,33.6,33.7,34.8,32.2,32.94,1.07,-0.18,79,99,9.1,23.1,0.2,-0.7394,-0.6733,33.0,33.0,33.0,station
2024-08-19,31.1,32.8,31.4,33.5,33.0,31.0,32.3,31.0,33.9,32.6,32.36,1.05,0.2,79,100,8.9,22.38,3.3,-0.7509,-0.6605,33.0,36.0,36.0,station
2024-08-20,31.5,32.9,31.6,33.8,30.1,32.3,32.9,32.3,33.5,33.5,31.98,1.42,-0.92,82,82,11.0,22.68,4.6,-0.7621,-0.6474,32.3,36.0,36.0,station
2024-08-21,30.9,33.4,33.3,33.8,31.9,31.2,33.3,33.7,33.9,32.4,32.66,1.22,-0.24,83,95,13.0,22.46,5.6,-0.7731,-0.6342,33.2,35.0,35.0,station
2024-08-22,31.6,33.3,33.0,32.7,32.5,31.9,33.3,33.9,33.6,32.5,32.62,0.65,-0.42,82,83,8.5,22.1,0.7,-0.7839,-0.6208,31.8,33.0,33.0,station
2024-08-23,31.4,32.0,33.5,32.2,31.6,30.4,32.0,33.3,33.2,33.5,32.14,0.82,-0.34,85,100,11.2,17.11,14.0,-0.7945,-0.6073,31.5,33.0,33.0,station
2024-08-24,30.4,30.8,32.8,32.1,31.2,30.3,31.3,32.3,31.9,31.3,31.46,0.98,0.04,88,100,11.7,8.22,29.8,-0.8048,-0.5935,29.0,32.0,32.0,station
2024-08-25,29.6,31.4,31.4,32.9,32.0,29.7,31.2,30.4,33.4,30.7,31.46,1.21,0.38,87,96,12.5,19.32,17.3,-0.8149,-0.5796,31.0,32.0,32.0,station
2024-08-26,28.9,29.4,31.2,31.6,31.6,29.5,29.7,31.4,33.3,28.5,30.54,1.29,0.06,86,96,13.4,18.27,20.3,-0.8248,-0.5655,29.9,32.0,32.0,station
2024-08-27,27.2,29.4,28.0,29.6,32.1,28.2,29.8,30.0,29.1,29.9,29.26,1.87,-0.14,87,94,17.0,17.29,14.7,-0.8344,-0.5512,30.1,30.0,30.0,station
2024-08-28,28.0,28.5,27.5,30.2,29.2,28.9,28.8,28.1,29.4,28.0,28.68,1.06,0.04,90,100,18.1,8.77,17.6,-0.8437,-0.5368,27.9,29.0,29.0,station
2024-08-29,29.3,30.8,29.2,31.0,28.6,29.2,30.5,29.0,30.9,28.9,29.78,1.06,0.08,88,91,7.8,19.44,11.0,-0.8528,-0.5222,30.2,33.0,33.0,station
2024-08-30,29.7,31.9,30.5,32.3,30.3,30.1,31.4,30.7,33.0,30.4,30.94,1.11,-0.18,87,95,8.6,20.9,17.2,-0.8617,-0.5074,30.9,32.0,32.0,station
2024-08-31,30.5,32.2,31.5,33.0,32.4,30.6,32.4,31.5,33.5,31.4,31.92,0.96,0.04,83,86,10.7,21.1,2.0,-0.8703,-0.4925,31.5,34.0,34.0,station
2024-09-01,28.9,30.2,30.7,33.0,32.4,29.9,30.2,31.8,33.4,30.5,31.04,1.67,-0.12,87,96,10.6,17.15,42.1,-0.8786,-0.4775,30.8,32.0,32.0,station
2024-09-02,26.9,27.0,26.4,27.4,27.5,27.7,27.2,28.3,29.3,29.0,27.04,0.44,-1.26,92,100,29.3,1.46,102.1,-0.8867,-0.4623,26.2,27.0,27.0,station
2024-09-03,28.0,28.4,29.0,29.6,28.7,28.0,28.4,28.2,30.1,27.7,28.74,0.61,0.26,87,99,27.7,18.16,19.6,-0.8945,-0.447,29.6,30.0,30.0,station
2024-09-04,27.7,27.8,30.5,29.9,27.1,27.4,28.0,30.4,30.2,26.6,28.6,1.5,0.08,89,100,24.0,8.58,42.0,-0.9021,-0.4315,27.7,28.0,28.0,station
2024-09-05,28.6,28.5,30.7,30.1,29.4,28.0,28.3,31.5,29.8,27.7,29.46,0.95,0.4,88,100,14.1,10.16,10.6,-0.9094,-0.4159,28.5,28.0,28.0,station
2024-09-06,29.2,29.5,32.7,30.9,31.2,29.4,29.9,31.9,31.2,29.4,30.7,1.41,0.34,88,100,9.0,11.95,2.3,-0.9164,-0.4002,29.8,31.0,31.0,station
2024-09-07,30.6,32.7,31.6,32.2,32.4,30.7,32.4,31.1,32.7,32.1,31.9,0.83,0.1,82,97,10.8,23.18,0.2,-0.9232,-0.3844,31.7,33.0,33.0,station
2024-09-08,30.7,33.0,32.2,33.1,31.8,30.3,32.7,31.5,32.9,31.7,32.16,0.98,0.34,80,100,14.1,24.1,0.0,-0.9296,-0.3685,32.0,33.0,33.0,station
2024-09-09,29.6,30.0,27.5,32.0,31.3,29.4,31.6,27.7,31.8,31.5,30.08,1.74,-0.32,86,96,14.4,17.05,1.7,-0.9358,-0.3524,29.7,30.0,30.0,station
2024-09-10,29.6,30.6,31.2,30.8,30.9,29.6,29.8,30.9,31.3,30.2,30.62,0.61,0.26,84,62,22.1,23.62,1.9,-0.9418,-0.3363,30.3,31.0,31.0,station
2024-09-11,29.1,29.8,31.3,31.4,30.3,29.6,29.9,31.1,31.8,30.6,30.38,0.98,-0.22,87,82,14.9,20.62,42.9,-0.9474,-0.32,30.2,32.0,32.0,station
2024-09-12,28.7,29.7,30.6,30.9,29.7,28.5,30.0,31.1,31.6,29.9,29.92,0.87,-0.3,87,100,20.8,18.0,25.2,-0.9528,-0.3037,30.6,31.0,31.0,station
2024-09-13,28.2,28.8,29.1,28.9,30.0,28.0,28.7,29.6,29.4,30.0,29.0,0.65,-0.14,89,100,18.3,14.82,29.6,-0.9579,-0.2873,29.5,31.0,31.0,station
2024-09-14,26.6,28.1,26.1,28.0,29.1,27.2,27.9,28.8,27.8,27.5,27.58,1.22,-0.26,89,95,11.8,18.03,12.1,-0.9627,-0.2707,29.8,30.0,30.0,station
2024-09-15,29.4,29.9,27.2,29.4,28.4,29.1,29.3,30.0,29.9,28.7,28.86,1.08,-0.54,88,100,21.1,14.84,11.9,-0.9672,-0.2541,29.1,31.0,31.0,station
2024-09-16,29.1,29.7,28.8,30.3,28.9,28.8,29.9,29.4,30.9,30.5,29.36,0.63,-0.54,87,100,21.1,14.4,7.6,-0.9714,-0.2375,29.9,31.0,31.0,station
2024-09-17,28.6,29.3,26.6,31.3,25.8,27.7,29.8,26.1,30.4,29.5,28.32,2.19,-0.38,88,100,16.0,18.33,5.6,-0.9753,-0.2207,29.5,32.0,32.0,station
2024-09-18,28.0,27.7,26.4,27.9,26.8,27.8,28.1,25.7,29.4,27.9,27.36,0.72,-0.42,88,96,13.3,14.7,11.5,-0.979,-0.2039,29.2,30.0,30.0,station
2024-09-19,30.0,29.4,31.2,31.6,28.3,30.2,29.3,28.1,33.2,27.8,30.1,1.34,0.38,86,94,16.8,18.63,8.5,-0.9824,-0.187,31.2,31.0,31.0,station
2024-09-20,29.9,29.5,30.2,31.5,28.8,30.0,29.6,27.6,31.8,29.5,29.98,1.0,0.28,83,100,13.5,14.86,4.9,-0.9854,-0.1701,29.9,31.0,31.0,station
2024-09-21,27.8,28.9,25.7,29.5,27.7,28.6,28.7,25.7,29.7,28.6,27.92,1.45,-0.34,90,100,9.5,10.45,11.9,-0.9882,-0.1531,29.3,29.0,29.0,station
2024-09-22,28.4,30.0,28.5,31.4,29.5,30.0,30.4,26.9,31.7,30.2,29.56,1.23,-0.28,87,100,10.2,15.92,7.0,-0.9907,-0.1361,30.3,32.0,32.0,station
2024-09-23,30.6,32.4,31.6,32.2,32.6,31.1,32.4,30.5,33.3,31.2,31.88,0.81,0.18,83,52,15.4,23.11,1.2,-0.9929,-0.1191,33.0,35.0,35.0,station
2024-09-24,30.6,32.7,32.3,32.5,31.8,31.2,32.5,31.7,32.6,31.0,31.98,0.84,0.18,85,73,15.6,22.98,5.8,-0.9948,-0.102,32.7,35.0,35.0,station
2024-09-25,31.2,33.3,32.2,33.0,32.9,31.0,33.3,32.3,32.0,31.6,32.52,0.84,0.48,80,97,18.6,23.25,0.8,-0.9964,-0.0848,33.0,35.0,35.0,station
2024-09-26,30.3,32.5,32.4,34.0,32.2,30.5,33.4,32.2,33.6,31.4,32.28,1.32,0.06,83,89,13.7,21.79,6.7,-0.9977,-0.0677,32.2,34.0,34.0,station
2024-09-27,29.9,32.0,27.6,32.6,32.7,29.9,31.8,30.5,33.5,32.0,30.96,2.19,-0.58,85,100,12.1,18.91,0.2,-0.9987,-0.0505,31.1,33.0,33.0,station
2024-09-28,30.6,31.8,30.5,32.7,32.1,30.3,32.1,30.3,31.4,32.2,31.54,0.96,0.28,80,98,18.5,19.31,0.1,-0.9994,-0.0333,31.5,33.0,33.0,station
2024-09-29,28.6,29.8,29.5,29.6,30.2,29.3,29.9,29.7,30.3,30.0,29.54,0.59,-0.3,82,100,28.9,13.46,4.0,-0.9999,-0.0161,29.5,31.0,31.0,station
2024-09-30,28.0,29.7,30.5,30.1,29.0,28.3,29.9,28.7,30.0,30.8,29.46,0.99,-0.08,83,100,27.4,18.41,3.8,-1.0,0.0011,29.9,32.0,32.0,station
2024-10-01,29.5,31.1,31.2,32.3,31.2,28.4,30.8,30.9,31.4,30.9,31.06,1.0,0.58,83,100,19.9,18.75,0.4,-0.9998,0.0183,30.6,32.0,32.0,station
2024-10-02,30.0,32.0,31.4,32.6,32.4,30.1,32.1,31.1,33.0,31.8,31.68,1.04,0.06,84,95,16.3,22.69,0.0,-0.9994,0.0355,31.2,33.0,33.0,station
2024-10-03,30.8,32.7,32.0,33.8,33.1,30.3,32.2,31.8,33.9,33.3,32.48,1.14,0.18,82,89,6.0,21.2,0.2,-0.9986,0.0527,32.0,33.0,33.0,station
2024-10-04,30.1,31.6,32.1,32.2,32.0,30.0,31.8,32.1,33.0,33.6,31.6,0.87,-0.5,86,98,7.1,19.86,5.2,-0.9976,0.0698,31.1,32.0,32.0,station
2024-10-05,29.6,30.9,31.1,31.4,32.1,29.5,30.6,31.3,32.4,31.1,31.02,0.91,0.04,88,94,9.4,18.68,9.6,-0.9962,0.087,30.5,31.0,31.0,station
2024-10-06,29.2,29.0,29.8,31.5,31.3,28.8,29.7,31.8,31.3,28.8,30.16,1.17,0.08,89,92,7.4,11.97,6.5,-0.9946,0.1041,28.6,30.0,30.0,station
2024-10-07,28.6,29.2,30.9,31.3,27.7,28.2,29.1,31.1,31.3,29.5,29.54,1.53,-0.3,89,99,11.0,14.47,18.9,-0.9926,0.1212,29.3,31.0,31.0,station
2024-10-08,28.7,31.1,31.9,31.6,32.0,29.3,31.2,31.9,32.0,30.2,31.06,1.36,0.14,85,100,12.2,17.86,4.4,-0.9904,0.1383,30.2,34.0,34.0,station
2024-10-09,29.1,30.8,31.4,31.8,30.7,29.1,31.1,32.0,32.1,32.7,30.76,1.03,-0.64,86,76,16.2,20.14,5.0,-0.9879,0.1553,31.2,34.0,34.0,station
2024-10-10,29.1,30.6,31.1,31.9,32.0,29.2,30.4,31.5,32.1,32.3,30.94,1.18,-0.16,86,90,9.5,18.8,19.6,-0.9851,0.1722,30.9,34.0,34.0,station
2024-10-11,29.3,30.9,31.5,32.4,31.9,30.3,31.1,31.3,32.5,29.3,31.2,1.2,0.3,85,70,9.6,21.46,2.8,-0.9819,0.1892,31.5,35.0,35.0,station
2024-10-12,29.7,30.6,31.8,31.8,28.3,29.5,30.7,31.8,32.3,29.7,30.44,1.49,-0.36,86,57,15.6,20.2,14.4,-0.9785,0.206,31.1,35.0,35.0,station
2024-10-13,30.1,31.2,32.0,33.0,31.8,29.7,30.9,32.1,33.2,31.4,31.62,1.07,0.16,85,91,11.8,18.18,1.7,-0.9749,0.2228,30.5,34.0,34.0,station
2024-10-14,29.8,30.4,31.5,32.0,33.3,29.5,30.0,31.0,31.7,32.7,31.4,1.37,0.42,83,100,16.8,18.7,1.7,-0.9709,0.2396,30.9,31.0,31.0,station
2024-10-15,29.5,30.9,31.9,33.4,31.8,29.8,31.3,32.1,33.8,32.4,31.5,1.43,-0.38,86,99,13.7,17.84,2.7,-0.9666,0.2562,30.6,33.0,33.0,station
2024-10-16,30.7,32.5,31.8,33.0,32.4,31.2,32.9,32.1,33.2,32.2,32.08,0.88,-0.24,80,80,16.0,21.09,1.8,-0.9621,0.2728,31.6,34.0,34.0,station
2024-10-17,30.1,32.6,31.7,33.8,33.1,29.6,32.9,32.1,32.7,32.2,32.26,1.43,0.36,82,63,10.6,20.89,1.1,-0.9572,0.2893,30.7,33.0,33.0,station
2024-10-18,29.4,31.4,31.1,29.9,31.9,29.6,31.2,32.4,32.4,32.5,30.74,1.05,-0.88,84,57,10.2,19.71,3.7,-0.9521,0.3057,30.3,33.0,33.0,station
2024-10-19,29.6,31.1,32.5,31.0,32.8,29.6,30.8,32.4,29.3,32.3,31.4,1.29,0.52,84,90,8.1,16.84,1.7,-0.9467,0.3221,30.7,33.0,33.0,station
2024-10-20,28.9,29.6,31.9,32.3,33.4,30.1,30.1,32.2,33.1,33.1,31.22,1.9,-0.5,83,89,7.8,19.89,18.8,-0.941,0.3383,31.7,33.0,33.0,station
2024-10-21,31.2,29.7,33.4,33.5,32.5,30.2,30.5,32.9,30.3,31.8,32.06,1.61,0.92,87,98,9.7,15.32,7.1,-0.9351,0.3545,30.4,33.0,33.0,station
2024-10-22,29.6,29.2,30.6,30.1,33.3,30.3,30.0,30.5,31.9,33.7,30.56,1.62,-0.72,84,100,19.7,9.94,10.4,-0.9288,0.3705,29.9,30.0,30.0,station
2024-10-23,28.4,28.1,27.4,27.1,28.3,28.3,27.8,27.3,28.1,27.9,27.86,0.58,-0.02,90,100,25.4,3.74,81.2,-0.9223,0.3864,27.4,28.0,28.0,station
2024-10-24,28.3,27.1,26.9,27.8,27.8,27.4,27.0,26.6,28.1,26.3,27.58,0.57,0.5,88,100,36.2,7.84,48.8,-0.9155,0.4022,29.2,28.0,28.0,station
2024-10-25,30.1,28.6,29.7,32.0,28.2,30.3,28.3,30.2,31.4,26.9,29.72,1.49,0.3,79,92,28.3,17.06,11.1,-0.9085,0.4179,30.6,33.0,33.0,station
2024-10-26,28.6,28.7,29.4,29.8,28.5,29.0,29.6,29.8,30.5,29.8,29.0,0.57,-0.74,84,52,10.6,20.12,4.5,-0.9012,0.4335,29.6,31.0,31.0,station
2024-10-27,28.8,30.8,28.1,30.8,29.6,28.6,30.1,29.4,30.8,29.2,29.62,1.2,0.0,86,96,19.1,17.34,2.6,-0.8936,0.4489,29.6,30.0,30.0,station
2024-10-28,29.0,30.7,30.0,31.4,31.2,29.1,30.5,29.8,32.0,28.1,30.46,0.98,0.56,82,99,15.4,16.07,0.2,-0.8857,0.4642,30.1,31.0,31.0,station
2024-10-29,29.5,30.9,30.1,31.5,31.4,29.8,30.5,29.9,32.0,31.3,30.68,0.86,-0.02,79,100,20.9,12.84,0.0,-0.8776,0.4794,30.0,31.0,31.0,station
2024-10-30,28.7,29.6,28.0,30.0,30.5,28.4,29.3,28.6,29.5,29.7,29.36,1.01,0.26,83,100,25.7,12.22,1.5,-0.8692,0.4944,29.0,30.0,30.0,station
2024-10-31,27.9,28.0,29.3,28.9,28.7,28.3,28.1,27.5,28.9,29.3,28.56,0.6,0.14,86,100,23.7,12.05,12.3,-0.8606,0.5093,28.8,31.0,31.0,station
2024-11-01,29.0,29.9,30.9,31.0,30.8,29.3,30.4,30.4,31.3,30.1,30.32,0.86,0.02,87,66,9.9,19.89,1.8,-0.8517,0.524,31.1,33.0,33.0,station
2024-11-02,30.2,31.8,31.0,32.0,30.9,30.9,32.1,31.3,32.4,31.0,31.18,0.73,-0.36,82,15,17.8,19.78,1.2,-0.8426,0.5386,31.6,34.0,34.0,station
2024-11-03,29.4,31.3,30.5,32.7,30.0,29.5,30.7,31.0,31.4,30.6,30.78,1.28,0.14,82,49,19.7,19.62,1.8,-0.8332,0.553,31.5,33.0,33.0,station
2024-11-04,30.3,30.6,31.3,32.7,31.0,30.5,30.4,30.1,32.8,31.3,31.18,0.93,0.16,81,73,14.3,19.91,1.1,-0.8235,0.5672,31.7,32.0,32.0,station
2024-11-05,28.9,30.3,31.0,30.9,31.8,28.9,30.0,31.2,32.1,31.2,30.58,1.08,-0.1,86,87,15.0,19.68,12.4,-0.8137,0.5813,31.4,33.0,33.0,station
2024-11-06,29.6,31.3,30.6,31.8,31.2,29.6,30.9,31.0,31.4,30.9,30.9,0.84,0.14,85,94,9.3,18.13,1.7,-0.8035,0.5952,30.1,32.0,32.0,station
2024-11-07,29.1,30.6,30.1,31.5,29.9,29.9,30.6,30.5,31.6,30.9,30.24,0.89,-0.46,87,100,13.9,17.94,2.6,-0.7932,0.609,30.0,31.0,31.0,station
2024-11-08,29.6,31.8,30.6,31.6,31.6,29.4,31.5,31.1,31.3,31.4,31.04,0.93,0.1,85,70,13.4,18.34,5.9,-0.7826,0.6225,30.1,33.0,33.0,station
2024-11-09,30.0,32.0,31.3,32.3,32.1,30.1,32.2,31.6,31.8,31.8,31.54,0.94,0.04,86,46,10.6,19.35,1.6,-0.7718,0.6359,31.4,34.0,34.0,station
2024-11-10,29.7,31.6,30.8,33.1,32.2,29.4,31.6,30.8,33.0,32.1,31.48,1.3,0.1,85,87,10.8,16.06,1.2,-0.7607,0.6491,30.6,31.0,31.0,station
2024-11-11,29.0,28.6,29.8,30.5,28.3,28.7,28.4,29.2,30.7,31.6,29.24,0.9,-0.48,85,100,23.6,10.3,0.5,-0.7494,0.6621,29.8,31.0,31.0,station
2024-11-12,30.0,30.9,31.7,31.6,31.3,30.0,31.0,30.4,31.8,31.8,31.1,0.69,0.1,84,77,9.4,19.34,4.8,-0.7379,0.6749,31.1,33.0,33.0,station
2024-11-13,30.8,31.1,30.3,31.1,28.1,30.0,31.3,30.8,31.3,31.8,30.28,1.26,-0.76,79,85,6.8,16.98,1.5,-0.7262,0.6875,32.4,32.0,32.0,station
2024-11-14,30.3,31.4,30.2,30.6,30.1,30.3,31.4,30.1,31.2,30.6,30.52,0.53,-0.2,80,100,15.1,16.12,0.1,-0.7143,0.6998,31.4,31.0,31.0,station
2024-11-15,31.4,33.3,31.9,32.8,31.8,31.4,32.2,31.2,32.8,32.0,32.24,0.78,0.32,74,81,6.2,20.51,0.0,-0.7021,0.712,33.8,34.0,34.0,station
2024-11-16,31.5,32.9,30.9,32.3,32.8,31.6,32.9,31.3,32.6,32.3,32.08,0.86,-0.06,69,82,10.1,19.22,0.9,-0.6898,0.724,33.4,32.0,32.0,station
2024-11-17,27.9,28.0,26.9,27.9,26.6,29.2,27.4,27.8,28.0,27.9,27.46,0.66,-0.6,82,100,26.3,3.97,10.9,-0.6772,0.7358,29.7,29.0,29.0,station
2024-11-18,31.1,31.9,31.3,32.3,30.3,29.7,31.8,31.1,32.2,29.8,31.38,0.77,0.46,81,79,16.2,18.18,0.5,-0.6645,0.7473,31.8,33.0,33.0,station
2024-11-19,30.9,31.7,31.1,31.6,32.0,31.1,31.5,31.0,31.9,29.8,31.46,0.45,0.4,77,52,15.5,19.58,0.2,-0.6515,0.7586,31.8,33.0,33.0,station
2024-11-20,31.4,32.2,31.3,32.2,32.3,31.5,32.1,31.3,32.0,32.0,31.88,0.49,0.1,76,64,15.3,19.54,0.0,-0.6384,0.7697,33.2,34.0,34.0,station
2024-11-21,31.4,32.0,31.3,32.3,32.5,31.1,31.7,31.3,32.2,32.4,31.9,0.53,0.16,70,8,15.0,20.23,0.0,-0.625,0.7806,33.5,33.0,33.0,station
2024-11-22,32.2,31.8,31.5,32.6,32.0,32.0,31.7,31.7,32.6,32.3,32.02,0.41,-0.04,66,12,15.7,19.3,0.0,-0.6115,0.7912,33.9,34.0,34.0,station
2024-11-23,31.9,31.6,31.3,32.4,32.1,31.9,31.3,31.1,32.5,32.3,31.86,0.43,0.04,68,81,16.6,19.27,0.0,-0.5978,0.8016,33.1,33.0,33.0,station
2024-11-24,31.8,31.5,31.2,32.4,31.9,31.8,31.4,30.9,32.3,32.2,31.76,0.45,0.04,68,63,19.9,19.35,0.0,-0.584,0.8118,32.9,33.0,33.0,station
2024-11-25,31.4,31.5,31.1,32.2,32.3,31.4,31.2,31.0,32.1,32.4,31.7,0.52,0.08,68,91,17.2,17.8,0.1,-0.5699,0.8217,32.8,33.0,33.0,station
2024-11-26,31.6,31.8,31.6,32.5,31.4,31.5,31.5,31.4,33.0,32.3,31.78,0.43,-0.16,67,62,15.9,19.27,0.0,-0.5557,0.8314,33.9,34.0,34.0,station
2024-11-27,32.1,32.3,32.1,32.9,31.9,31.8,31.7,31.5,32.8,32.0,32.26,0.38,0.3,63,71,17.3,19.26,0.0,-0.5413,0.8408,34.9,33.0,33.0,station
2024-11-28,32.1,32.3,31.8,33.4,31.9,31.6,31.7,31.4,33.2,31.4,32.3,0.64,0.44,66,60,15.6,18.29,1.0,-0.5268,0.85,34.1,34.0,34.0,station
2024-11-29,31.4,29.2,28.6,32.2,29.8,30.8,29.4,30.3,31.8,30.7,30.24,1.51,-0.36,68,96,13.7,12.0,1.4,-0.5121,0.859,31.7,30.0,30.0,station
2024-11-30,30.6,29.8,28.9,31.7,29.3,30.6,29.6,29.8,31.3,29.7,30.06,1.11,-0.14,69,93,16.3,15.78,4.8,-0.4972,0.8676,31.7,30.0,30.0,station
2024-12-01,26.7,26.7,27.4,27.4,28.7,29.0,28.5,28.0,31.3,29.6,27.38,0.82,-1.9,93,100,10.1,3.08,60.9,-0.4822,0.8761,26.1,27.0,27.0,station
2024-12-02,26.7,27.4,28.3,29.0,30.3,28.1,28.6,31.2,30.6,30.2,28.34,1.4,-1.4,91,100,9.6,8.49,11.8,-0.4671,0.8842,27.9,28.0,28.0,station
2024-12-03,29.3,30.2,30.3,31.8,31.2,29.5,30.2,28.2,31.5,30.6,30.56,0.97,0.56,88,89,9.1,14.74,4.7,-0.4518,0.8921,30.0,32.0,32.0,station
2024-12-04,29.7,30.7,31.2,31.8,29.2,29.5,31.1,31.0,31.1,29.7,30.52,1.07,0.04,86,87,7.3,16.21,2.6,-0.4364,0.8998,31.1,33.0,33.0,station
2024-12-05,29.5,31.4,31.3,31.2,29.4,29.4,31.2,31.5,31.1,31.4,30.56,1.02,-0.36,83,60,9.8,18.62,0.1,-0.4208,0.9071,30.4,33.0,33.0,station
2024-12-06,30.4,31.6,31.7,32.9,30.3,29.6,31.3,32.1,32.0,31.4,31.38,1.07,0.1,81,77,14.4,18.18,0.2,-0.4052,0.9142,31.7,34.0,34.0,station
2024-12-07,29.9,31.3,31.9,32.8,28.6,29.4,31.2,31.8,31.8,29.5,30.9,1.66,0.16,83,92,8.7,15.76,1.4,-0.3894,0.9211,31.2,33.0,33.0,station
2024-12-08,30.6,30.4,32.3,32.5,30.8,30.5,30.4,32.2,32.1,31.1,31.32,1.0,0.06,83,95,14.6,16.56,0.7,-0.3735,0.9276,30.9,31.0,31.0,station
2024-12-09,29.2,27.7,28.9,31.1,29.7,29.7,28.0,28.2,31.4,28.6,29.32,1.24,0.14,83,97,15.9,13.32,2.6,-0.3575,0.9339,29.5,31.0,31.0,station
2024-12-10,28.5,27.2,28.4,29.7,30.0,29.5,27.9,26.9,29.4,30.3,28.76,1.12,-0.04,85,100,9.7,8.82,4.4,-0.3413,0.9399,28.7,29.0,29.0,station
2024-12-11,29.5,28.3,30.2,30.2,29.7,29.1,27.7,30.3,30.7,30.6,29.58,0.78,-0.1,85,88,17.2,14.15,5.5,-0.3251,0.9457,29.8,32.0,32.0,station
2024-12-12,29.1,29.6,29.9,30.2,30.0,29.5,29.5,30.0,30.2,29.5,29.76,0.43,0.02,80,78,17.3,15.13,0.4,-0.3088,0.9511,29.9,32.0,32.0,station
2024-12-13,29.8,30.3,30.2,31.2,30.7,29.7,30.2,29.9,30.9,30.0,30.44,0.53,0.3,78,55,15.9,18.12,0.8,-0.2924,0.9563,30.8,32.0,32.0,station
2024-12-14,30.1,30.4,29.9,31.2,30.8,30.1,30.1,30.1,31.5,30.4,30.48,0.53,0.04,74,54,16.2,18.38,0.0,-0.2759,0.9612,31.8,33.0,33.0,station
2024-12-15,30.2,30.1,29.6,31.0,29.3,29.8,29.7,28.6,30.7,29.5,30.04,0.65,0.38,75,55,15.0,17.25,0.1,-0.2593,0.9658,30.8,31.0,31.0,station
2024-12-16,27.3,27.5,27.6,30.2,29.3,28.0,27.8,26.9,30.4,29.6,28.38,1.29,-0.16,75,90,13.7,12.61,0.0,-0.2427,0.9701,29.7,32.0,32.0,station
2024-12-17,29.6,27.8,28.6,26.6,28.9,29.0,27.4,30.0,29.2,28.7,28.3,1.15,-0.56,80,98,12.8,10.03,2.1,-0.226,0.9741,29.5,29.0,29.0,station
2024-12-18,28.5,28.1,28.2,26.5,28.8,29.4,27.9,28.5,27.7,29.0,28.02,0.89,-0.48,78,91,14.4,12.42,3.4,-0.2092,0.9779,30.2,30.0,30.0,station
2024-12-19,29.8,29.4,28.9,30.1,28.3,29.2,29.2,29.2,29.5,28.5,29.3,0.72,0.18,66,81,15.6,16.34,0.0,-0.1923,0.9813,31.4,31.0,31.0,station
2024-12-20,30.2,29.2,29.5,30.3,29.3,30.4,28.6,27.9,29.9,28.3,29.7,0.51,0.68,68,77,18.6,16.25,0.0,-0.1754,0.9845,31.8,31.0,31.0,station
2024-12-21,26.4,27.1,28.1,28.5,29.4,27.6,28.3,28.3,28.2,29.4,27.9,1.18,-0.46,80,99,9.1,9.05,14.5,-0.1585,0.9874,29.2,30.0,30.0,station
2024-12-22,28.5,28.4,28.8,29.0,29.3,27.8,28.4,28.2,29.4,28.8,28.8,0.37,0.28,77,99,16.5,13.48,0.0,-0.1414,0.9899,29.0,31.0,31.0,station
2024-12-23,28.1,29.0,28.8,30.6,29.5,29.0,28.6,29.0,30.6,29.7,29.2,0.93,-0.18,78,99,16.5,12.04,0.3,-0.1244,0.9922,28.6,30.0,30.0,station
2024-12-24,27.3,27.7,28.4,29.7,29.8,28.7,28.2,28.8,30.8,30.5,28.58,1.14,-0.82,88,99,12.2,10.89,43.3,-0.1073,0.9942,29.4,29.0,29.0,station
2024-12-25,26.1,26.0,26.0,27.5,28.7,25.8,26.1,26.7,27.6,29.3,26.86,1.21,-0.24,95,100,12.3,4.79,24.2,-0.0902,0.9959,25.8,26.0,26.0,station
2024-12-26,29.1,29.1,29.5,30.8,28.8,28.7,29.6,29.1,30.4,30.6,29.46,0.79,-0.22,85,72,14.4,16.3,0.1,-0.073,0.9973,30.0,32.0,32.0,station
2024-12-27,29.1,30.0,30.5,31.1,29.5,29.0,30.0,30.4,30.9,30.0,30.04,0.79,-0.02,84,85,14.4,17.56,1.9,-0.0559,0.9984,30.3,32.0,32.0,station
2024-12-28,27.8,28.5,29.4,28.9,28.1,28.7,27.7,27.8,30.2,27.3,28.54,0.63,0.2,86,92,5.9,13.9,4.6,-0.0387,0.9993,28.9,30.0,30.0,station
2024-12-29,27.6,27.6,27.6,29.4,27.3,28.3,27.9,29.0,28.9,26.4,27.9,0.85,-0.2,84,93,10.5,12.08,1.3,-0.0215,0.9998,28.1,29.0,29.0,station
2024-12-30,29.1,29.1,29.7,30.7,30.2,29.0,29.0,29.8,30.9,29.7,29.76,0.7,0.08,88,85,14.2,13.33,11.6,-0.0043,1.0,28.9,30.0,30.0,station
2024-12-31,29.3,30.4,30.4,30.7,30.9,29.4,30.0,30.2,31.1,31.2,30.34,0.62,-0.04,82,95,14.0,17.59,1.5,0.0129,0.9999,31.0,,,
2025-01-01,27.6,28.2,29.8,29.2,28.2,28.5,28.3,29.7,30.3,30.9,28.6,0.88,-0.94,83,95,12.5,14.48,1.9,0.0172,0.9999,29.1,31.0,31.0,station
2025-01-02,29.0,29.7,30.2,30.6,26.0,27.9,29.1,30.1,30.5,29.5,29.1,1.83,-0.32,83,90,14.8,16.66,4.8,0.0344,0.9994,30.2,33.0,33.0,station
2025-01-03,28.0,29.6,28.5,30.5,26.7,27.9,30.1,30.1,30.2,28.5,28.66,1.46,-0.7,87,100,9.1,13.81,3.5,0.0516,0.9987,29.4,31.0,31.0,station
2025-01-04,28.1,29.8,28.1,30.8,28.5,27.4,29.5,28.7,30.2,29.1,29.06,1.2,0.08,81,77,12.1,17.22,0.2,0.0688,0.9976,30.2,31.0,31.0,station
2025-01-05,28.3,28.8,26.9,29.8,28.8,28.4,28.5,28.5,30.8,28.0,28.52,1.06,-0.32,80,73,15.5,16.23,0.0,0.0859,0.9963,29.1,31.0,31.0,station
2025-01-06,28.7,30.4,29.6,30.7,30.2,28.5,30.6,29.2,30.7,30.0,29.92,0.79,0.12,84,60,12.5,16.57,1.7,0.103,0.9947,29.4,30.0,30.0,station
2025-01-07,28.8,29.4,29.1,30.9,29.9,28.9,29.5,28.7,31.5,29.7,29.62,0.82,-0.04,81,51,13.8,17.34,0.6,0.1201,0.9928,29.7,30.0,30.0,station
2025-01-08,28.0,28.5,29.2,29.8,29.4,27.8,28.2,28.7,30.2,29.6,28.98,0.72,0.08,81,98,14.2,16.18,0.1,0.1372,0.9905,29.0,31.0,31.0,station
2025-01-09,28.7,28.7,28.7,29.1,28.8,27.3,28.2,28.0,29.9,28.8,28.8,0.17,0.36,76,70,17.0,17.29,0.0,0.1542,0.988,29.5,31.0,31.0,station
2025-01-10,28.4,28.6,29.0,29.2,28.5,27.4,28.2,27.1,28.7,27.7,28.74,0.34,0.92,76,74,13.0,16.97,0.3,0.1712,0.9852,29.3,31.0,31.0,station
2025-01-11,28.3,27.2,27.8,28.6,28.5,27.5,26.9,26.8,28.8,27.7,28.08,0.58,0.54,78,93,12.6,12.47,1.9,0.1881,0.9821,28.7,30.0,30.0,station
2025-01-12,25.6,26.5,26.0,28.2,27.5,27.2,26.6,26.6,27.9,27.5,26.76,1.07,-0.4,83,98,9.5,9.43,3.3,0.205,0.9788,27.4,29.0,29.0,station
2025-01-13,26.4,26.8,26.1,27.8,27.4,26.4,26.9,25.7,28.1,28.0,26.9,0.7,-0.12,84,98,13.1,10.51,4.0,0.2218,0.9751,27.4,30.0,30.0,station
2025-01-14,27.9,27.1,28.8,29.4,29.3,27.4,27.3,28.8,29.2,28.8,28.5,0.98,0.2,84,87,17.6,10.93,0.1,0.2385,0.9711,27.7,30.0,30.0,station
2025-01-15,28.6,28.7,29.4,30.2,30.0,28.9,28.7,29.2,30.5,30.3,29.38,0.73,-0.14,81,85,15.7,17.46,1.5,0.2552,0.9669,30.6,31.0,31.0,station
2025-01-16,29.4,29.6,29.5,30.7,29.0,28.7,29.1,30.4,30.2,29.3,29.64,0.63,0.1,82,45,12.4,17.01,0.3,0.2718,0.9624,29.8,33.0,33.0,station
2025-01-17,29.0,29.0,28.6,30.3,29.5,28.6,28.9,28.3,30.1,29.7,29.28,0.65,0.16,79,76,15.9,16.88,0.0,0.2883,0.9575,30.0,32.0,32.0,station
2025-01-18,29.3,29.0,28.8,30.1,30.3,29.5,29.1,29.1,29.8,30.0,29.5,0.67,0.0,80,65,17.2,16.68,1.8,0.3047,0.9524,29.8,32.0,32.0,station
2025-01-19,29.0,30.4,30.5,30.5,31.3,29.0,30.3,30.3,30.1,30.4,30.34,0.83,0.32,80,70,7.2,17.76,2.1,0.3211,0.9471,30.7,31.0,31.0,station
2025-01-20,29.6,30.7,30.2,31.0,30.9,29.3,30.5,30.6,30.1,31.3,30.48,0.58,0.12,79,58,15.5,17.52,1.1,0.3373,0.9414,30.5,30.0,30.0,station
2025-01-21,29.8,30.3,30.6,31.2,30.6,30.1,30.4,29.9,31.6,31.9,30.5,0.51,-0.28,73,56,17.4,19.34,0.3,0.3534,0.9355,31.4,32.0,32.0,station
2025-01-22,29.8,29.8,29.5,30.6,29.8,30.2,29.3,29.7,30.2,31.3,29.9,0.41,-0.24,68,30,18.5,18.33,0.1,0.3695,0.9292,31.3,31.0,31.0,station
2025-01-23,29.3,29.9,30.2,31.1,30.4,29.7,30.1,30.3,31.7,30.9,30.18,0.66,-0.36,68,46,16.8,18.36,0.8,0.3854,0.9227,32.1,32.0,32.0,station
2025-01-24,30.0,31.3,30.6,31.1,31.0,29.7,30.8,31.0,30.7,31.2,30.8,0.51,0.12,70,77,14.6,18.71,1.1,0.4012,0.916,31.9,32.0,32.0,station
2025-01-25,30.7,31.8,31.0,31.6,32.0,30.4,31.8,30.8,30.9,31.5,31.42,0.55,0.34,71,24,14.5,20.4,0.0,0.4169,0.9089,33.6,32.0,32.0,station
2025-01-26,29.5,30.8,29.2,31.2,31.6,29.9,30.9,30.1,31.2,30.7,30.46,1.06,-0.1,67,51,16.3,18.42,0.0,0.4325,0.9016,32.4,31.0,31.0,station
2025-01-27,29.5,30.6,28.8,30.0,29.4,29.6,30.3,29.3,29.8,29.3,29.66,0.68,0.0,69,45,15.2,17.78,0.6,0.4479,0.8941,30.3,31.0,31.0,station
2025-01-28,28.8,29.7,28.8,29.6,28.3,29.1,29.9,28.7,29.7,28.6,29.04,0.59,-0.16,70,94,17.5,15.94,0.1,0.4633,0.8862,30.3,30.0,30.0,station
2025-01-29,29.0,28.1,25.8,28.7,27.9,28.9,28.2,26.9,30.0,27.8,27.9,1.25,-0.46,70,79,15.5,15.9,0.1,0.4784,0.8781,29.8,30.0,30.0,station
2025-01-30,28.3,27.1,28.0,28.3,28.4,28.6,27.1,27.8,27.9,27.9,28.02,0.54,0.16,76,98,16.2,10.58,16.5,0.4935,0.8698,28.5,30.0,30.0,station
2025-01-31,29.5,28.9,30.2,29.9,30.7,28.2,29.1,29.8,29.0,29.6,29.84,0.68,0.7,84,82,15.6,13.91,2.1,0.5084,0.8611,29.1,30.0,30.0,station
2025-02-01,30.4,31.3,31.2,32.3,32.5,30.7,31.3,31.0,32.4,30.9,31.54,0.86,0.28,75,18,14.5,20.96,0.0,0.5231,0.8523,31.7,33.0,33.0,station
2025-02-02,30.7,31.6,31.7,31.4,32.6,30.3,31.3,31.6,32.3,32.8,31.6,0.68,-0.06,74,27,13.3,20.35,0.0,0.5377,0.8432,33.0,33.0,33.0,station
2025-02-03,30.0,31.7,30.5,31.1,31.2,30.3,31.4,30.5,30.4,32.9,30.9,0.66,-0.2,73,48,15.8,18.8,1.3,0.5521,0.8338,32.0,32.0,32.0,station
2025-02-04,29.5,29.2,29.2,31.0,28.9,29.8,29.5,28.9,30.8,28.0,29.56,0.83,0.16,71,83,13.8,12.88,0.6,0.5664,0.8242,30.6,30.0,30.0,station
2025-02-05,29.0,27.8,26.9,28.8,28.8,29.6,28.5,26.9,30.3,28.9,28.26,0.89,-0.58,69,61,17.1,18.25,0.1,0.5805,0.8143,30.5,32.0,32.0,station
2025-02-06,30.0,28.7,28.5,30.7,30.6,30.2,28.8,29.8,31.2,30.3,29.7,1.04,-0.36,71,74,13.8,16.34,5.1,0.5944,0.8042,30.9,30.0,30.0,station
2025-02-07,27.9,27.4,26.4,25.7,29.1,27.1,27.1,27.7,29.3,30.0,27.3,1.32,-0.94,82,100,13.8,9.72,5.5,0.6081,0.7938,28.6,29.0,29.0,station
2025-02-08,25.9,26.5,26.7,27.3,28.1,26.8,26.7,26.6,27.8,27.7,26.9,0.84,-0.22,82,96,14.0,14.57,7.6,0.6217,0.7833,28.8,30.0,30.0,station
2025-02-09,27.4,27.4,27.5,28.5,26.6,26.9,27.1,27.1,27.1,27.7,27.48,0.68,0.3,81,89,13.5,15.84,8.3,0.6351,0.7725,27.7,30.0,30.0,station
2025-02-10,26.8,27.0,26.1,27.6,29.2,27.3,27.0,26.2,28.0,29.2,27.34,1.17,-0.2,87,97,12.8,10.75,23.9,0.6483,0.7614,27.1,30.0,30.0,station
2025-02-11,26.2,27.1,25.9,28.6,29.9,26.4,26.6,26.6,28.8,29.5,27.54,1.69,-0.04,87,85,16.7,12.11,9.6,0.6613,0.7502,27.4,31.0,31.0,station
2025-02-12,28.9,30.4,30.1,31.0,31.3,28.6,29.5,30.0,30.8,31.6,30.34,0.93,0.24,78,47,15.3,22.2,0.0,0.6741,0.7387,30.5,33.0,33.0,station
2025-02-13,28.7,30.2,29.7,31.7,31.9,28.8,30.2,30.4,30.7,29.5,30.44,1.36,0.52,85,66,7.0,19.36,1.5,0.6867,0.727,30.1,32.0,32.0,station
2025-02-14,28.1,29.7,29.6,30.8,29.3,28.7,29.8,27.9,30.6,30.9,29.5,0.97,-0.08,85,72,9.8,14.61,4.9,0.6991,0.715,28.8,32.0,32.0,station
2025-02-15,28.3,29.9,31.1,31.5,31.5,28.5,30.3,30.6,31.2,31.7,30.46,1.37,0.0,85,49,12.6,18.9,9.1,0.7113,0.7029,30.4,32.0,32.0,station
2025-02-16,29.1,31.0,31.4,32.9,31.9,29.1,31.4,31.1,33.2,30.2,31.26,1.4,0.26,83,38,12.6,20.04,8.0,0.7233,0.6906,30.7,33.0,33.0,station
2025-02-17,29.4,31.2,30.9,32.1,30.2,29.4,31.4,31.0,32.1,31.9,30.76,1.02,-0.4,81,14,15.0,21.08,1.0,0.735,0.678,30.9,32.0,32.0,station
2025-02-18,29.0,29.9,30.4,31.4,30.9,29.1,30.6,30.1,31.7,31.4,30.32,0.93,-0.26,80,27,15.1,19.53,0.9,0.7466,0.6653,30.4,31.0,31.0,station
2025-02-19,29.8,30.0,30.9,31.9,30.7,29.0,29.7,30.2,31.9,30.9,30.66,0.83,0.32,76,81,12.8,20.72,0.1,0.7579,0.6523,30.8,31.0,31.0,station
2025-02-20,28.2,27.6,29.5,30.3,29.3,28.3,28.2,29.7,30.2,29.7,28.98,1.08,-0.24,78,91,19.8,16.85,6.8,0.769,0.6392,29.0,30.0,30.0,station
2025-02-21,29.6,28.2,27.2,28.9,30.0,26.6,27.5,27.6,29.9,29.5,28.78,1.12,0.56,76,99,16.2,15.4,0.2,0.7799,0.6259,28.6,31.0,31.0,station
2025-02-22,29.1,29.1,29.6,29.7,29.6,29.7,28.6,29.4,29.8,30.5,29.42,0.29,-0.18,68,59,20.6,22.32,0.0,0.7906,0.6124,30.1,32.0,32.0,station
2025-02-23,30.3,30.1,30.3,31.9,30.8,29.9,30.2,29.8,31.5,30.8,30.68,0.73,0.24,67,66,18.6,21.68,0.0,0.801,0.5987,31.4,32.0,32.0,station
2025-02-24,30.1,29.8,29.9,31.7,30.7,30.2,29.8,29.9,31.8,30.4,30.44,0.79,0.02,68,74,20.2,21.78,0.0,0.8112,0.5848,30.9,31.0,31.0,station
2025-02-25,29.4,29.0,28.5,30.4,30.0,29.8,29.2,29.2,30.7,29.5,29.46,0.76,-0.22,69,38,24.0,20.43,0.0,0.8211,0.5708,30.5,30.0,30.0,station
2025-02-26,30.3,29.4,28.8,30.6,29.7,30.3,29.6,30.0,30.9,30.7,29.76,0.72,-0.54,66,60,20.4,19.28,0.0,0.8308,0.5566,30.9,30.0,30.0,station
2025-02-27,29.5,30.1,29.0,30.5,30.2,29.7,30.1,29.8,31.0,30.6,29.86,0.6,-0.38,62,59,17.9,23.0,0.0,0.8402,0.5422,31.8,31.0,31.0,station
2025-02-28,30.2,30.6,30.1,31.1,31.3,29.8,30.4,30.2,30.8,31.0,30.66,0.53,0.22,63,42,21.3,20.69,0.0,0.8495,0.5277,32.3,33.0,33.0,station
2025-03-01,30.7,31.1,31.1,32.1,32.2,31.1,31.2,30.2,31.4,31.8,31.44,0.67,0.3,65,77,23.0,22.4,0.1,0.8584,0.513,33.2,33.0,33.0,station
2025-03-02,31.3,31.9,30.8,32.0,33.1,30.9,31.4,30.6,31.6,32.3,31.82,0.86,0.46,67,47,20.1,23.19,0.1,0.8671,0.4981,33.9,34.0,34.0,station
2025-03-03,31.0,30.7,31.3,32.6,32.7,30.3,29.7,31.1,31.9,33.2,31.66,0.93,0.42,68,78,21.1,21.15,1.3,0.8755,0.4831,33.8,34.0,34.0,station
2025-03-04,30.6,31.2,30.9,32.2,32.9,30.6,31.3,30.8,32.6,34.1,31.56,0.96,-0.32,68,69,19.3,21.12,0.1,0.8837,0.468,32.9,33.0,33.0,station
2025-03-05,31.0,32.4,33.0,33.2,34.1,30.8,32.2,31.9,34.1,32.3,32.74,1.15,0.48,67,79,13.8,23.24,0.3,0.8916,0.4527,34.1,35.0,35.0,station
2025-03-06,31.4,33.1,31.9,34.4,33.9,31.4,32.9,31.7,34.1,32.6,32.94,1.28,0.4,64,30,15.2,22.97,0.2,0.8993,0.4373,34.5,35.0,35.0,station
2025-03-07,31.4,31.2,31.7,33.1,31.3,31.0,31.0,30.7,32.7,32.4,31.74,0.78,0.18,66,50,19.1,18.87,2.2,0.9067,0.4218,33.3,32.0,32.0,station
2025-03-08,30.5,30.8,31.6,32.4,32.3,30.6,30.9,31.4,32.9,32.2,31.52,0.86,-0.08,78,78,12.6,12.1,14.1,0.9138,0.4061,30.0,29.0,29.0,station
2025-03-09,29.8,28.9,29.6,32.1,30.2,30.4,29.8,30.4,32.4,31.3,30.12,1.2,-0.74,72,100,20.2,19.38,1.3,0.9207,0.3904,30.9,31.0,31.0,station
2025-03-10,30.8,30.7,30.6,31.2,31.0,30.5,30.1,31.4,32.0,31.8,30.86,0.24,-0.3,67,87,21.2,21.91,0.0,0.9272,0.3745,32.3,33.0,33.0,station
2025-03-11,31.7,31.2,31.3,32.2,32.1,31.3,31.5,31.0,32.0,32.0,31.7,0.45,0.14,67,34,19.3,21.83,0.5,0.9335,0.3585,33.3,33.0,33.0,station
2025-03-12,31.8,31.9,31.3,32.2,32.9,31.5,32.2,31.2,31.7,33.4,32.02,0.59,0.02,67,53,22.2,23.22,1.0,0.9396,0.3424,34.4,34.0,34.0,station
2025-03-13,32.2,32.3,31.6,32.3,33.0,31.7,32.1,31.3,32.4,33.0,32.28,0.5,0.18,61,9,20.7,24.45,0.0,0.9453,0.3261,34.3,34.0,34.0,station
2025-03-14,31.9,32.3,31.7,33.2,33.2,31.7,32.3,31.4,32.4,33.3,32.46,0.71,0.24,59,70,19.8,24.02,0.0,0.9508,0.3098,33.8,33.0,33.0,station
2025-03-15,31.5,32.2,31.6,33.4,33.6,31.2,32.5,32.0,33.9,33.1,32.46,0.99,-0.08,61,57,19.9,20.67,0.0,0.956,0.2934,33.8,33.0,33.0,station
2025-03-16,31.2,32.5,32.4,33.3,34.1,32.0,32.6,32.6,32.2,34.4,32.7,1.08,-0.06,63,37,17.7,23.49,0.0,0.9609,0.2769,32.7,33.0,33.0,station
2025-03-17,31.4,31.0,31.1,32.8,31.1,31.7,30.8,30.4,33.0,32.0,31.48,0.75,-0.1,64,70,19.9,22.76,0.5,0.9655,0.2604,33.4,30.0,30.0,station
2025-03-18,31.5,31.2,30.9,32.8,31.4,31.4,30.8,30.6,32.4,31.4,31.56,0.73,0.24,64,91,17.0,22.57,1.1,0.9698,0.2437,33.5,32.0,32.0,station
2025-03-19,31.5,30.7,30.3,32.3,31.0,31.1,30.6,30.2,32.6,30.5,31.16,0.77,0.16,65,98,16.4,21.69,0.4,0.9739,0.227,33.7,32.0,32.0,station
2025-03-20,30.6,29.6,28.7,30.8,30.2,30.8,29.8,29.4,31.6,30.4,29.98,0.85,-0.42,66,90,23.1,17.75,0.3,0.9777,0.2102,31.3,29.0,29.0,station
2025-03-21,30.5,29.1,28.9,30.3,29.4,30.7,29.4,28.9,30.6,30.1,29.64,0.72,-0.3,63,76,18.3,16.56,0.0,0.9811,0.1934,31.1,30.0,30.0,station
2025-03-22,29.7,29.7,29.9,30.8,30.1,30.0,29.7,30.4,30.8,29.3,30.04,0.46,0.0,60,98,17.3,18.8,0.0,0.9843,0.1765,32.0,31.0,31.0,station
2025-03-23,30.3,30.2,30.1,31.2,31.1,30.6,30.3,30.6,31.8,31.8,30.58,0.53,-0.44,63,93,17.9,18.54,0.0,0.9872,0.1595,31.8,33.0,33.0,station
2025-03-24,31.1,31.4,31.8,33.1,31.8,30.8,31.6,31.1,32.9,32.9,31.84,0.76,-0.02,64,54,13.5,22.34,0.2,0.9898,0.1425,33.1,33.0,33.0,station
2025-03-25,31.9,32.5,32.7,33.3,34.1,31.7,32.3,33.0,32.7,33.6,32.9,0.84,0.24,62,49,17.8,23.95,0.0,0.9921,0.1255,34.5,35.0,35.0,station
2025-03-26,31.3,32.8,32.6,33.6,34.2,31.7,32.6,32.7,33.7,34.3,32.9,1.1,-0.1,64,57,20.7,23.45,1.4,0.9941,0.1084,34.7,35.0,35.0,station
2025-03-27,31.7,32.5,30.1,32.5,33.7,31.8,32.8,32.3,33.3,33.3,32.1,1.33,-0.6,66,84,17.1,22.58,1.1,0.9958,0.0913,33.8,34.0,34.0,station
2025-03-28,31.9,32.9,32.7,34.4,33.8,31.5,31.9,31.7,34.0,34.4,33.14,0.98,0.44,68,76,16.6,22.64,20.5,0.9972,0.0741,35.2,34.0,34.0,station
2025-03-29,30.2,29.6,31.2,31.6,30.9,32.5,31.8,31.1,33.5,33.1,30.7,0.8,-1.7,80,100,18.9,11.7,6.8,0.9984,0.057,30.8,31.0,31.0,station
2025-03-30,31.2,31.2,31.6,32.1,31.8,30.2,29.7,30.5,32.2,29.5,31.58,0.39,1.16,74,91,17.8,20.6,3.0,0.9992,0.0398,32.3,32.0,32.0,station
2025-03-31,30.4,30.6,31.2,33.3,32.7,30.8,31.8,31.0,32.6,33.7,31.64,1.29,-0.34,72,89,17.8,20.82,2.0,0.9997,0.0226,32.3,32.0,32.0,station
2025-04-01,31.1,32.0,32.3,33.0,32.6,31.0,32.0,32.2,33.4,33.0,32.2,0.72,-0.12,70,79,13.3,22.39,1.4,1.0,0.0054,32.9,34.0,34.0,station
2025-04-02,32.5,32.3,32.3,32.6,33.0,31.4,32.2,31.0,32.9,32.2,32.54,0.29,0.6,63,45,11.8,24.51,0.3,0.9999,-0.0118,34.9,34.0,34.0,station
2025-04-03,31.8,32.2,31.6,33.5,32.5,30.8,32.2,31.5,33.1,32.5,32.32,0.75,0.3,66,77,14.2,23.59,1.6,0.9996,-0.029,34.7,34.0,34.0,station
2025-04-04,32.2,32.1,31.0,33.1,32.0,32.0,31.5,31.8,32.7,31.6,32.08,0.75,0.16,65,75,18.5,24.0,1.0,0.9989,-0.0462,34.4,34.0,34.0,station
2025-04-05,31.9,32.3,31.9,33.4,33.2,31.2,31.4,31.8,32.9,32.7,32.54,0.72,0.54,68,61,16.0,23.54,1.3,0.998,-0.0634,33.0,33.0,33.0,station
2025-04-06,32.0,32.4,32.2,34.0,31.8,31.5,32.9,31.8,33.4,32.2,32.48,0.88,0.12,64,82,15.4,23.16,0.4,0.9968,-0.0805,34.9,35.0,35.0,station
2025-04-07,32.4,33.5,32.5,34.5,34.7,32.1,33.3,32.7,33.8,33.2,33.52,1.08,0.5,64,84,21.8,25.27,0.0,0.9952,-0.0977,35.8,35.0,35.0,station
2025-04-08,32.5,33.5,32.8,34.4,34.3,32.9,33.6,32.2,34.0,35.0,33.5,0.86,-0.04,63,39,15.7,23.37,1.2,0.9934,-0.1148,35.5,34.0,34.0,station
2025-04-09,32.1,33.7,32.9,34.6,32.7,32.4,34.0,32.5,34.6,34.1,33.2,0.97,-0.32,61,71,22.2,23.55,0.1,0.9913,-0.1319,34.8,35.0,35.0,station
2025-04-10,33.5,34.3,34.7,35.1,34.9,33.5,34.2,34.6,34.5,34.9,34.5,0.63,0.16,59,83,12.6,26.35,0.0,0.9889,-0.1489,37.4,36.0,36.0,station
2025-04-11,33.2,34.3,33.6,35.5,36.6,33.5,34.4,34.3,35.3,36.2,34.64,1.4,-0.1,62,71,18.3,24.16,0.7,0.9861,-0.1659,35.7,35.0,35.0,station
2025-04-12,33.4,34.1,34.6,35.5,36.8,33.7,34.6,34.3,34.8,37.1,34.88,1.32,-0.02,62,73,16.9,24.85,0.3,0.9831,-0.1828,36.2,36.0,36.0,station
2025-04-13,32.2,33.0,34.7,34.1,34.2,33.0,33.6,33.8,34.7,32.6,33.64,1.02,0.1,65,80,12.2,22.49,0.3,0.9799,-0.1997,34.6,36.0,36.0,station
2025-04-14,32.9,33.7,34.8,35.6,31.8,33.0,33.3,34.9,34.4,31.7,33.76,1.5,0.3,61,71,10.2,24.22,0.6,0.9763,-0.2165,35.9,35.0,35.0,station
2025-04-15,33.6,34.2,33.8,35.4,34.6,33.6,34.1,34.2,34.7,34.3,34.32,0.72,0.14,62,64,9.9,24.72,0.9,0.9724,-0.2333,35.8,35.0,35.0,station
2025-04-16,33.5,33.5,33.7,35.6,35.7,32.0,33.6,34.4,34.8,33.3,34.4,1.14,0.78,57,78,15.0,26.11,0.0,0.9683,-0.25,36.3,37.0,37.0,station
2025-04-17,33.9,34.3,34.7,35.9,35.3,33.3,34.0,35.0,36.2,35.6,34.82,0.79,0.0,58,79,15.1,25.8,0.0,0.9638,-0.2666,36.2,37.0,37.0,station
2025-04-18,32.8,34.5,34.3,35.9,36.9,33.0,34.4,35.0,35.8,36.6,34.88,1.58,-0.08,61,46,18.2,25.34,0.6,0.9591,-0.2831,36.1,36.0,36.0,station
2025-04-19,33.2,34.7,34.5,35.4,36.7,33.5,34.8,34.3,35.5,37.0,34.9,1.28,-0.12,58,44,20.7,26.17,0.3,0.9541,-0.2996,36.0,36.0,36.0,station
2025-04-20,33.1,34.2,33.8,36.2,35.2,33.3,34.8,33.8,35.9,37.7,34.5,1.22,-0.6,61,39,19.6,25.18,0.0,0.9488,-0.316,36.3,35.0,35.0,station
2025-04-21,33.4,34.8,34.6,36.2,36.0,33.2,34.9,34.2,36.2,36.2,35.0,1.14,0.06,62,18,22.2,25.1,0.3,0.9432,-0.3322,35.9,35.0,35.0,station
2025-04-22,33.6,35.1,34.8,35.9,36.5,33.9,35.1,34.5,36.6,37.2,35.18,1.11,-0.28,62,88,18.8,26.23,0.0,0.9373,-0.3484,35.7,36.0,36.0,station
2025-04-23,34.1,34.7,36.0,35.8,36.1,34.2,34.9,36.4,36.0,36.5,35.34,0.89,-0.26,60,64,13.9,25.23,0.2,0.9312,-0.3645,37.2,36.0,36.0,station
2025-04-24,33.4,34.4,35.1,35.2,35.9,33.7,34.7,35.0,35.8,36.5,34.8,0.95,-0.34,60,31,19.2,26.19,0.1,0.9248,-0.3804,36.1,36.0,36.0,station
2025-04-25,33.9,35.3,34.9,35.7,36.8,33.8,35.0,35.3,35.7,36.6,35.32,1.06,0.04,59,19,17.9,25.17,0.0,0.9181,-0.3963,35.5,37.0,37.0,station
2025-04-26,34.4,34.6,34.2,35.1,36.6,34.0,34.9,34.1,34.8,36.9,34.98,0.97,0.04,55,20,18.0,26.82,0.0,0.9112,-0.412,37.1,37.0,37.0,station
2025-04-27,33.3,33.7,33.6,34.9,37.0,32.9,33.4,34.1,35.2,35.9,34.5,1.52,0.2,56,42,18.4,25.15,0.2,0.9039,-0.4276,37.2,36.0,36.0,station
2025-04-28,32.6,33.3,34.1,35.3,33.7,32.4,32.9,34.5,35.5,35.9,33.8,1.0,-0.44,63,62,16.0,23.17,2.1,0.8965,-0.4431,34.5,36.0,36.0,station
2025-04-29,33.3,33.4,33.3,35.3,32.3,32.3,33.4,33.9,35.5,33.1,33.52,1.09,-0.12,62,98,16.1,24.72,0.9,0.8887,-0.4585,35.8,36.0,36.0,station
2025-04-30,33.3,33.5,33.1,35.4,33.9,33.3,33.6,33.1,35.5,33.6,33.84,0.92,0.02,61,64,17.0,24.66,1.4,0.8807,-0.4737,36.3,36.0,36.0,station
2025-05-01,34.0,34.3,34.6,36.1,34.1,33.9,34.3,33.8,36.2,33.1,34.62,0.86,0.36,59,51,16.3,24.95,0.6,0.8724,-0.4888,36.3,36.0,36.0,station
2025-05-02,33.5,34.3,34.5,36.1,34.2,33.4,34.4,34.4,36.1,35.8,34.52,0.96,-0.3,59,27,17.5,24.94,1.0,0.8639,-0.5037,37.3,36.0,36.0,station
2025-05-03,33.2,32.6,33.7,35.8,34.4,33.1,33.8,34.2,35.4,33.2,33.94,1.23,0.0,62,100,17.1,20.13,0.1,0.8551,-0.5185,35.2,36.0,36.0,station
2025-05-04,32.4,31.7,33.5,34.2,35.4,31.2,31.6,34.2,33.4,35.4,33.44,1.46,0.28,72,93,19.4,19.97,12.4,0.846,-0.5331,34.3,35.0,35.0,station
2025-05-05,30.8,31.9,35.1,34.2,33.1,32.0,32.2,32.5,34.3,31.6,33.02,1.73,0.5,82,94,15.9,21.75,21.2,0.8367,-0.5476,31.8,35.0,35.0,station
2025-05-06,31.0,31.7,34.8,33.9,32.3,31.4,31.7,34.7,34.2,30.0,32.74,1.57,0.34,82,96,9.2,22.87,13.8,0.8272,-0.5619,32.1,34.0,34.0,station
2025-05-07,30.3,31.1,32.4,34.0,31.2,31.2,31.9,34.2,34.6,31.2,31.8,1.44,-0.82,83,84,13.4,21.74,7.9,0.8174,-0.5761,31.8,35.0,35.0,station
2025-05-08,30.2,30.8,33.5,32.7,32.9,30.3,30.7,33.2,32.8,31.5,32.02,1.43,0.32,85,98,16.0,17.51,9.8,0.8074,-0.59,30.5,35.0,35.0,station
2025-05-09,30.2,32.4,34.6,34.6,32.8,30.7,32.2,34.0,34.2,33.9,32.92,1.83,-0.08,80,93,12.5,20.83,2.8,0.7971,-0.6038,31.3,36.0,36.0,station
2025-05-10,32.5,33.1,34.7,35.7,33.8,31.8,33.3,34.4,36.2,32.6,33.96,1.27,0.3,70,67,14.7,26.24,0.6,0.7866,-0.6175,34.2,36.0,36.0,station
2025-05-11,31.3,33.0,35.0,34.2,36.1,31.8,32.8,34.4,33.5,35.4,33.92,1.85,0.34,73,62,12.0,24.52,1.6,0.7759,-0.6309,33.3,35.0,35.0,station
2025-05-12,32.2,33.3,34.8,34.6,34.2,31.4,33.1,34.6,34.8,35.8,33.82,1.07,-0.12,76,54,11.1,24.1,25.7,0.7649,-0.6442,33.8,36.0,36.0,station
2025-05-13,31.5,32.3,32.6,34.9,31.9,31.6,32.6,33.8,34.8,31.2,32.64,1.33,-0.16,80,96,12.3,21.56,7.6,0.7537,-0.6572,32.4,36.0,36.0,station
2025-05-14,32.3,33.9,33.1,35.5,33.9,31.5,33.4,33.4,36.2,35.0,33.74,1.19,-0.16,74,50,11.5,23.31,2.0,0.7423,-0.6701,34.1,35.0,35.0,station
2025-05-15,32.1,33.0,33.5,35.1,33.6,32.1,32.8,33.3,34.9,34.2,33.46,1.09,0.0,71,55,13.3,22.4,0.4,0.7306,-0.6828,34.0,35.0,35.0,station
2025-05-16,33.4,33.7,33.2,34.7,34.8,33.2,33.6,33.5,35.3,35.4,33.96,0.74,-0.24,65,35,20.1,26.02,0.0,0.7188,-0.6952,35.0,35.0,35.0,station
2025-05-17,33.9,34.1,33.5,35.7,33.5,33.0,34.1,33.5,35.5,35.3,34.14,0.91,-0.14,62,45,18.4,24.68,0.4,0.7067,-0.7075,36.4,35.0,35.0,station
2025-05-18,34.2,34.3,33.7,35.9,34.7,34.1,34.3,33.8,36.0,35.5,34.56,0.83,-0.18,59,73,18.9,25.52,0.3,0.6945,-0.7195,36.8,36.0,36.0,station
2025-05-19,34.1,34.6,33.7,35.6,35.0,34.3,34.4,33.7,36.0,34.9,34.6,0.74,-0.06,60,68,20.3,25.65,0.1,0.682,-0.7314,36.3,35.0,35.0,station
2025-05-20,34.1,34.4,33.8,35.8,36.5,34.4,34.5,33.9,35.6,35.2,34.92,1.17,0.2,60,74,20.7,25.83,0.0,0.6693,-0.743,35.6,35.0,35.0,station
2025-05-21,33.8,34.3,33.6,35.8,36.5,34.9,34.5,34.3,35.9,37.0,34.8,1.28,-0.52,61,98,18.7,24.21,0.0,0.6564,-0.7544,34.9,35.0,35.0,station
2025-05-22,33.8,34.6,34.4,35.6,35.8,34.2,34.7,34.0,35.9,36.5,34.84,0.84,-0.22,58,55,17.8,25.89,0.0,0.6433,-0.7656,36.9,36.0,36.0,station
2025-05-23,34.7,35.2,34.7,35.9,34.2,34.1,34.8,34.7,36.2,35.6,34.94,0.64,-0.14,56,37,20.5,26.36,0.0,0.6301,-0.7765,36.5,36.0,36.0,station
2025-05-24,34.1,34.9,34.8,36.0,35.5,33.5,34.7,34.6,36.1,35.2,35.06,0.72,0.24,58,63,20.7,25.54,0.4,0.6166,-0.7873,36.6,36.0,36.0,station
2025-05-25,33.7,34.0,34.3,34.9,34.7,33.9,34.5,34.0,36.2,35.0,34.32,0.49,-0.4,59,62,19.9,24.77,0.8,0.603,-0.7978,36.3,36.0,36.0,station
2025-05-26,33.6,33.3,33.8,35.7,35.3,33.4,33.5,34.1,35.2,35.7,34.34,1.08,-0.04,61,54,20.2,24.47,0.3,0.5892,-0.808,36.6,36.0,36.0,station
2025-05-27,33.8,33.6,33.3,34.7,35.2,34.0,34.1,33.9,35.5,36.1,34.12,0.8,-0.6,59,93,20.4,24.27,0.2,0.5752,-0.818,36.3,35.0,35.0,station
2025-05-28,32.4,32.2,34.1,34.1,33.0,32.2,32.9,32.6,34.7,34.6,33.16,0.91,-0.24,68,99,16.8,18.8,3.0,0.561,-0.8278,33.1,33.0,33.0,station
2025-05-29,31.2,30.7,33.5,34.1,34.0,31.0,30.7,32.6,34.0,33.6,32.7,1.62,0.32,64,100,14.6,18.49,0.2,0.5467,-0.8373,32.9,32.0,32.0,station
2025-05-30,32.2,32.1,32.6,32.8,30.0,30.3,31.2,30.4,33.1,31.0,31.94,1.12,0.74,68,98,18.7,15.5,3.7,0.5322,-0.8466,33.5,32.0,32.0,station
2025-05-31,28.0,30.6,30.4,31.4,30.7,30.8,30.9,28.0,31.2,29.2,30.22,1.3,0.2,81,99,16.7,15.99,11.5,0.5176,-0.8556,32.2,32.0,32.0,station
2025-06-01,29.8,30.3,32.3,31.6,30.3,29.6,31.2,31.7,31.4,29.7,30.86,1.05,0.14,79,83,15.5,18.41,1.2,0.5028,-0.8644,31.7,33.0,33.0,station
2025-06-02,30.4,30.6,33.6,32.0,32.8,29.5,30.4,32.7,31.1,32.4,31.88,1.38,0.66,79,93,19.7,23.75,6.9,0.4878,-0.8729,33.0,33.0,33.0,station
2025-06-03,30.4,32.0,33.1,32.8,31.9,30.6,31.7,33.0,32.3,32.1,32.04,1.05,0.1,81,80,24.6,23.99,5.5,0.4728,-0.8812,32.4,33.0,33.0,station
2025-06-04,30.8,32.7,32.5,30.6,33.2,30.5,32.6,32.7,32.5,32.8,31.96,1.18,-0.26,84,98,16.2,22.3,14.5,0.4575,-0.8892,32.1,34.0,34.0,station
2025-06-05,30.4,31.9,32.1,31.3,33.6,31.2,32.6,32.0,31.6,32.7,31.86,1.18,-0.16,83,92,9.9,23.08,8.1,0.4422,-0.8969,32.3,32.0,32.0,station
2025-06-06,30.8,31.1,32.5,30.3,32.7,30.4,31.3,33.2,30.9,32.8,31.48,1.06,-0.24,82,98,10.6,22.45,22.3,0.4267,-0.9044,32.9,32.0,32.0,station
2025-06-07,29.3,29.0,32.7,30.2,30.4,28.9,29.2,30.4,30.7,31.3,30.32,1.45,0.22,86,100,7.4,17.18,13.8,0.4111,-0.9116,30.3,29.0,29.0,station
2025-06-08,28.5,28.3,31.2,27.8,25.9,26.9,28.3,29.8,28.4,29.4,28.34,1.9,-0.22,87,100,10.1,14.43,25.5,0.3953,-0.9185,29.3,31.0,31.0,station
2025-06-09,29.4,30.4,29.7,29.5,27.5,28.6,30.3,31.7,30.4,26.4,29.3,1.08,-0.18,83,98,9.8,22.66,6.2,0.3795,-0.9252,30.7,32.0,32.0,station
2025-06-10,28.0,29.1,27.2,29.3,27.8,28.5,29.5,27.8,29.6,30.2,28.28,0.89,-0.84,86,98,11.8,15.69,19.3,0.3635,-0.9316,30.4,32.0,32.0,station
2025-06-11,28.6,28.8,27.4,29.4,31.1,29.1,28.9,26.8,29.5,28.0,29.06,1.35,0.6,91,99,8.3,6.86,16.9,0.3474,-0.9377,28.3,30.0,30.0,station
2025-06-12,27.5,28.2,27.1,29.7,30.0,28.5,28.5,30.0,29.7,28.0,28.5,1.3,-0.44,88,100,9.8,7.95,15.0,0.3312,-0.9436,28.6,32.0,32.0,station
2025-06-13,31.3,32.0,29.1,32.7,31.9,30.8,32.2,30.9,32.5,31.9,31.4,1.38,-0.26,81,100,10.3,21.15,0.4,0.3149,-0.9491,31.5,33.0,33.0,station
2025-06-14,31.4,33.0,32.2,32.9,34.1,31.5,32.7,32.6,32.3,32.7,32.72,1.0,0.36,77,86,15.1,24.76,0.1,0.2986,-0.9544,33.5,34.0,34.0,station
2025-06-15,31.0,32.9,34.0,31.7,33.0,31.5,33.1,33.2,32.1,35.1,32.52,1.18,-0.48,79,64,11.9,25.74,3.7,0.2821,-0.9594,32.7,36.0,36.0,station
2025-06-16,30.3,31.3,33.5,32.7,32.0,31.5,31.4,34.2,32.9,33.1,31.96,1.24,-0.66,80,91,14.4,22.0,11.3,0.2656,-0.9641,31.9,35.0,35.0,station
2025-06-17,28.0,29.2,32.2,31.1,32.7,28.7,29.9,31.8,29.9,27.8,30.64,2.0,1.02,86,100,13.9,16.43,26.3,0.2489,-0.9685,29.8,34.0,34.0,station
2025-06-18,28.8,28.9,30.6,31.5,30.7,28.6,29.4,29.9,30.6,28.6,30.1,1.19,0.68,88,100,10.5,12.51,23.9,0.2322,-0.9727,28.5,32.0,32.0,station
2025-06-19,29.8,31.4,32.6,32.5,32.3,30.4,31.7,32.4,32.9,31.9,31.72,1.17,-0.14,80,80,15.9,22.7,0.7,0.2155,-0.9765,31.1,32.0,32.0,station
2025-06-20,30.2,31.6,33.1,30.7,32.8,30.2,32.5,33.1,30.2,32.3,31.68,1.27,0.02,81,98,10.5,18.2,9.8,0.1986,-0.9801,31.2,34.0,34.0,station
2025-06-21,29.8,31.3,32.4,31.8,29.6,30.5,31.3,33.3,30.0,28.8,30.98,1.23,0.2,83,100,13.4,21.01,13.5,0.1818,-0.9833,31.5,34.0,34.0,station
2025-06-22,29.6,30.9,29.5,29.9,29.5,29.4,31.3,31.2,29.6,30.4,29.88,0.59,-0.5,84,99,8.8,16.81,21.5,0.1648,-0.9863,31.1,32.0,32.0,station
2025-06-23,28.0,28.5,27.3,28.6,27.3,29.0,28.8,29.9,29.7,30.4,27.94,0.63,-1.62,87,99,7.3,9.03,14.8,0.1478,-0.989,28.6,30.0,30.0,station
2025-06-24,28.8,30.8,30.0,29.8,28.9,29.5,29.8,31.5,29.7,31.6,29.66,0.83,-0.76,86,78,10.6,22.1,14.7,0.1308,-0.9914,30.8,34.0,34.0,station
2025-06-25,29.6,31.3,31.8,30.5,29.6,29.8,31.2,31.8,30.8,31.0,30.56,0.99,-0.36,81,95,7.8,22.95,6.8,0.1137,-0.9935,31.6,32.0,32.0,station
2025-06-26,29.5,30.4,31.2,30.1,32.2,29.7,30.4,31.7,30.3,30.9,30.68,1.05,0.08,84,99,7.7,20.78,15.2,0.0966,-0.9953,30.9,30.0,30.0,station
2025-06-27,28.6,31.0,29.6,30.0,31.4,28.1,30.5,29.3,29.3,31.0,30.12,1.12,0.48,85,96,13.8,19.85,17.1,0.0795,-0.9968,29.7,31.0,31.0,station
2025-06-28,28.4,30.1,31.2,29.3,30.8,28.6,30.4,30.8,28.8,30.5,29.96,1.13,0.14,83,82,14.4,21.3,14.2,0.0623,-0.9981,30.5,32.0,32.0,station
2025-06-29,28.4,28.0,31.0,28.7,27.9,28.5,28.4,30.1,29.2,30.5,28.8,1.27,-0.54,85,99,13.4,14.3,21.0,0.0451,-0.999,29.1,30.0,30.0,station
2025-06-30,28.5,29.4,29.6,29.1,29.5,28.4,29.2,31.2,29.1,29.4,29.22,0.44,-0.24,87,99,13.3,19.31,21.9,0.028,-0.9996,29.6,31.0,31.0,station
2025-07-01,29.4,30.1,30.6,29.6,31.1,29.2,29.8,30.7,29.2,29.7,30.16,0.7,0.44,85,97,10.7,19.65,7.9,0.0108,-0.9999,30.1,31.0,31.0,station
2025-07-02,28.1,29.3,30.9,29.4,30.2,28.7,29.0,31.2,28.8,30.4,29.58,1.05,-0.04,84,97,11.5,19.21,8.3,-0.0065,-1.0,29.9,31.0,31.0,station
2025-07-03,27.6,27.9,27.6,28.0,27.0,27.3,28.0,26.9,28.2,27.4,27.62,0.39,0.06,89,100,19.2,7.22,18.8,-0.0237,-0.9997,27.0,28.0,28.0,station
2025-07-04,28.7,28.7,29.3,29.2,29.8,28.7,30.2,29.0,28.1,28.4,29.14,0.46,0.26,85,95,14.3,21.82,5.6,-0.0408,-0.9992,30.3,32.0,32.0,station
2025-07-05,28.7,28.8,30.2,30.5,30.8,28.2,29.9,30.2,29.6,30.2,29.8,0.98,0.18,87,99,12.9,13.14,14.7,-0.058,-0.9983,29.4,32.0,32.0,station
2025-07-06,29.0,29.6,31.7,30.0,31.5,29.6,30.6,31.9,29.9,30.7,30.36,1.19,-0.18,82,94,17.8,18.63,11.5,-0.0752,-0.9972,30.2,31.0,31.0,station
2025-07-07,29.7,30.6,31.3,30.0,31.1,29.6,30.9,31.2,29.1,30.5,30.54,0.69,0.28,80,100,19.1,23.73,1.9,-0.0923,-0.9957,30.8,31.0,31.0,station
2025-07-08,28.6,30.0,30.2,28.7,29.5,28.6,29.7,30.5,28.9,29.8,29.4,0.73,-0.1,83,91,21.0,22.19,11.6,-0.1094,-0.994,29.5,32.0,32.0,station
2025-07-09,27.9,29.6,30.8,28.4,30.2,28.2,29.7,29.6,28.9,29.3,29.38,1.21,0.24,83,97,22.8,19.82,9.9,-0.1265,-0.992,30.1,31.0,31.0,station
2025-07-10,28.8,29.9,30.8,29.7,29.1,28.7,30.5,30.2,29.8,29.9,29.66,0.78,-0.16,82,84,22.7,22.5,7.7,-0.1436,-0.9896,30.7,32.0,32.0,station
2025-07-11,29.3,30.4,31.4,29.8,29.1,28.6,30.2,30.9,29.6,29.2,30.0,0.93,0.3,83,80,15.0,22.39,11.4,-0.1606,-0.987,31.0,32.0,32.0,station
2025-07-12,29.8,30.5,31.1,30.1,30.5,29.8,30.5,31.2,29.6,27.8,30.4,0.49,0.62,84,83,11.2,20.05,5.5,-0.1775,-0.9841,30.5,31.0,31.0,station
2025-07-13,30.1,31.5,31.0,30.1,30.9,29.9,31.1,31.1,30.1,29.9,30.72,0.61,0.3,80,71,12.6,22.98,3.3,-0.1944,-0.9809,31.4,31.0,31.0,station
2025-07-14,29.8,31.2,31.2,29.2,30.5,30.5,31.5,31.3,29.4,31.7,30.38,0.88,-0.5,80,57,17.9,23.75,5.6,-0.2113,-0.9774,31.4,32.0,32.0,station
2025-07-15,29.7,30.7,31.3,29.4,31.9,29.4,31.1,31.1,29.3,31.1,30.6,1.05,0.2,83,97,15.5,19.8,17.6,-0.2281,-0.9736,30.6,31.0,31.0,station
2025-07-16,28.8,30.5,31.2,28.9,29.4,28.0,30.2,31.6,29.2,30.1,29.76,1.05,-0.06,85,99,15.0,17.05,7.3,-0.2448,-0.9696,30.7,31.0,31.0,station
2025-07-17,28.3,29.3,29.1,28.6,30.2,29.6,28.9,30.5,28.4,29.1,29.1,0.73,-0.2,88,100,12.3,9.36,9.6,-0.2614,-0.9652,28.5,30.0,30.0,station
2025-07-18,27.6,27.0,26.1,27.0,28.4,26.6,27.5,26.9,27.3,28.8,27.22,0.85,-0.2,92,100,16.5,4.61,29.5,-0.278,-0.9606,27.0,28.0,28.0,station
2025-07-19,27.0,27.3,27.4,27.9,26.4,27.0,27.1,27.4,27.8,26.6,27.2,0.55,0.02,90,100,25.5,7.14,35.6,-0.2945,-0.9557,27.1,29.0,29.0,station
2025-07-20,27.9,28.4,30.0,29.3,27.1,28.0,28.5,29.2,29.0,26.4,28.54,1.14,0.32,84,99,22.7,20.66,21.3,-0.3109,-0.9505,29.7,31.0,31.0,station
2025-07-21,28.0,27.9,27.9,28.4,27.0,27.5,28.0,27.4,28.8,27.5,27.84,0.51,0.0,88,100,17.8,9.16,58.2,-0.3272,-0.945,27.5,28.0,28.0,station
2025-07-22,27.2,27.2,27.5,28.1,28.2,27.7,27.4,26.8,28.1,27.4,27.64,0.48,0.16,89,98,25.3,12.6,27.2,-0.3434,-0.9392,28.0,28.0,28.0,station
2025-07-23,27.4,26.7,26.9,27.7,28.0,27.3,26.9,26.9,27.9,27.7,27.34,0.54,0.0,92,100,28.5,5.66,54.3,-0.3595,-0.9332,26.5,27.0,27.0,station
2025-07-24,27.6,26.7,26.7,28.1,26.2,28.2,26.9,26.1,27.8,26.6,27.06,0.77,-0.06,91,100,23.6,5.22,63.3,-0.3755,-0.9268,27.7,27.0,27.0,station
2025-07-25,27.8,27.9,27.9,28.6,28.0,28.1,27.8,28.8,28.3,27.5,28.04,0.32,-0.06,86,100,23.5,19.98,26.0,-0.3914,-0.9202,29.4,29.0,29.0,station
2025-07-26,29.0,29.1,31.1,29.0,26.9,28.6,28.4,30.1,29.0,27.2,29.02,1.49,0.36,84,98,21.6,17.03,4.2,-0.4071,-0.9134,29.2,31.0,31.0,station
2025-07-27,28.3,29.2,30.8,29.3,29.0,27.8,29.2,29.9,28.6,28.6,29.32,0.91,0.5,83,81,22.6,21.52,6.4,-0.4228,-0.9062,30.1,31.0,31.0,station
2025-07-28,28.8,29.2,30.3,28.6,27.9,28.4,28.8,30.4,28.7,27.1,28.96,0.88,0.28,80,100,29.5,10.69,9.5,-0.4383,-0.8988,29.2,31.0,31.0,station
2025-07-29,29.0,29.8,29.9,29.3,27.7,28.6,29.4,31.2,29.0,27.0,29.14,0.88,0.1,76,91,29.2,22.81,4.4,-0.4537,-0.8912,30.6,32.0,32.0,station
2025-07-30,30.0,30.5,31.4,30.1,29.1,30.1,30.6,31.2,29.7,27.8,30.22,0.83,0.34,73,98,24.6,22.86,1.0,-0.469,-0.8832,30.7,32.0,32.0,station
2025-07-31,29.8,30.8,31.7,30.0,29.7,29.9,31.0,31.9,30.1,28.8,30.4,0.85,0.06,70,91,21.0,25.15,0.1,-0.4841,-0.875,31.5,33.0,33.0,station
2025-08-01,30.5,31.7,31.5,30.3,30.0,30.3,31.8,31.6,30.4,29.4,30.8,0.75,0.1,73,99,18.8,24.93,0.0,-0.4991,-0.8666,31.7,32.0,32.0,station
2025-08-02,30.4,32.3,31.3,30.6,31.0,30.5,32.3,31.2,30.6,30.8,31.12,0.75,0.04,72,80,16.1,26.47,0.0,-0.5139,-0.8578,31.9,32.0,32.0,station
2025-08-03,30.8,32.5,31.7,30.2,31.2,30.8,32.4,31.6,30.1,31.3,31.28,0.88,0.04,73,87,13.7,26.01,0.0,-0.5286,-0.8489,33.0,32.0,32.0,station
2025-08-04,31.4,33.1,32.6,29.7,31.7,31.2,33.0,32.4,29.5,31.4,31.7,1.31,0.2,68,70,12.7,26.64,0.0,-0.5431,-0.8397,34.6,32.0,32.0,station
2025-08-05,31.6,32.5,33.1,30.7,31.9,31.5,32.8,33.6,30.2,31.5,31.96,0.91,0.04,71,96,9.1,21.85,6.9,-0.5575,-0.8302,35.1,33.0,33.0,station
2025-08-06,30.1,30.4,32.7,30.1,32.1,30.7,30.0,32.1,29.9,30.7,31.08,1.23,0.4,77,99,14.6,17.36,7.0,-0.5717,-0.8205,33.3,31.0,31.0,station
2025-08-07,29.5,29.5,30.4,29.7,28.9,28.1,29.3,31.6,30.0,26.8,29.6,0.54,0.44,78,100,12.1,21.47,2.4,-0.5857,-0.8105,31.1,31.0,31.0,station
2025-08-08,29.9,30.5,30.5,29.1,29.2,28.9,29.6,29.5,29.6,29.5,29.84,0.68,0.42,73,98,14.5,23.43,1.9,-0.5996,-0.8003,31.6,31.0,31.0,station
2025-08-09,29.8,30.2,31.3,29.7,31.2,30.1,29.8,31.1,30.2,31.0,30.44,0.76,0.0,71,99,14.4,21.6,0.1,-0.6132,-0.7899,32.4,31.0,31.0,station
2025-08-10,31.2,32.0,31.4,30.1,31.6,30.4,31.9,31.3,30.1,32.1,31.26,0.71,0.1,70,81,12.9,24.44,4.4,-0.6267,-0.7792,34.3,33.0,33.0,station
2025-08-11,31.3,32.0,32.0,30.4,32.5,30.4,32.0,31.6,30.0,31.7,31.64,0.81,0.5,73,83,11.1,21.73,14.3,-0.64,-0.7683,33.8,33.0,33.0,station
2025-08-12,31.6,31.8,31.4,29.9,31.9,31.0,31.8,31.2,30.1,31.5,31.32,0.82,0.2,77,91,11.4,23.23,8.1,-0.6532,-0.7572,32.5,32.0,32.0,station
2025-08-13,30.2,31.0,31.3,29.7,31.9,30.2,31.4,31.4,30.1,31.6,30.82,0.88,-0.12,77,100,12.3,23.62,1.5,-0.6661,-0.7459,32.5,32.0,32.0,station
2025-08-14,30.8,29.9,31.0,30.4,30.4,30.1,30.2,31.5,30.1,30.9,30.5,0.42,-0.06,81,100,11.2,18.32,16.2,-0.6788,-0.7343,31.0,33.0,33.0,station
2025-08-15,28.7,29.6,30.1,28.8,29.8,28.8,29.5,29.9,29.4,29.6,29.4,0.62,-0.04,85,100,12.5,13.75,13.6,-0.6914,-0.7225,29.5,33.0,33.0,station
2025-08-16,27.7,29.0,30.3,29.3,27.1,29.8,29.0,29.1,30.1,26.3,28.68,1.28,-0.18,86,98,11.8,14.24,9.5,-0.7037,-0.7105,28.5,30.0,30.0,station
2025-08-17,29.3,30.0,30.2,30.0,30.1,30.1,30.6,30.6,30.2,26.2,29.92,0.36,0.38,85,99,13.2,18.66,10.9,-0.7158,-0.6983,30.7,33.0,33.0,station
2025-08-18,31.4,32.6,32.9,32.5,32.0,30.8,32.6,33.0,33.3,33.5,32.28,0.59,-0.36,80,70,14.2,24.85,5.5,-0.7277,-0.6859,32.4,34.0,34.0,station
2025-08-19,30.1,31.7,33.0,30.3,33.3,31.2,31.3,32.9,30.2,31.8,31.68,1.48,0.2,81,68,11.8,23.29,0.9,-0.7394,-0.6733,33.1,35.0,35.0,station
2025-08-20,30.6,31.0,30.2,30.8,31.9,30.9,31.2,31.6,30.3,32.6,30.9,0.63,-0.42,76,91,15.4,23.92,0.8,-0.7509,-0.6605,33.0,34.0,34.0,station
2025-08-21,29.0,29.9,27.8,29.9,29.2,29.1,29.5,31.2,29.6,29.3,29.16,0.86,-0.58,83,99,9.6,14.82,11.5,-0.7621,-0.6474,30.4,31.0,31.0,station
2025-08-22,27.0,26.8,26.5,27.8,25.8,27.3,27.5,30.5,28.6,28.0,26.78,0.73,-1.6,91,100,14.6,7.69,38.2,-0.7731,-0.6342,27.2,28.0,28.0,station
2025-08-23,28.4,29.5,26.3,28.6,27.6,27.7,29.3,30.3,28.4,28.5,28.08,1.2,-0.76,86,100,11.1,16.17,6.1,-0.7839,-0.6208,28.1,29.0,29.0,station
2025-08-24,28.6,30.3,30.8,29.8,29.5,29.5,31.0,29.5,29.8,29.8,29.8,0.83,-0.12,83,100,7.1,21.16,9.9,-0.7945,-0.6073,31.1,32.0,32.0,station
2025-08-25,29.1,29.2,29.7,28.7,28.7,29.0,28.6,30.1,29.5,30.2,29.08,0.41,-0.4,85,100,12.3,16.73,12.6,-0.8048,-0.5935,29.8,29.0,29.0,station
2025-08-26,26.9,26.9,26.1,27.4,26.3,28.5,27.9,29.6,28.5,28.3,26.72,0.52,-1.84,89,99,12.3,10.91,35.9,-0.8149,-0.5796,28.0,29.0,29.0,station
2025-08-27,28.2,29.3,28.2,29.1,29.6,28.2,29.2,29.4,27.9,27.3,28.88,0.65,0.48,87,95,13.5,22.87,6.9,-0.8248,-0.5655,30.5,30.0,30.0,station
2025-08-28,29.2,29.8,29.5,30.3,30.4,29.6,30.2,28.9,29.7,30.0,29.84,0.51,0.16,85,96,10.7,17.28,10.8,-0.8344,-0.5512,30.8,32.0,32.0,station
2025-08-29,28.8,29.7,29.3,30.0,29.0,29.2,29.7,29.4,29.9,30.0,29.36,0.49,-0.28,87,100,9.4,15.84,11.0,-0.8437,-0.5368,30.0,30.0,30.0,station
2025-08-30,29.6,30.9,29.5,30.2,29.0,29.3,30.5,29.4,29.9,25.7,29.84,0.73,0.88,85,90,10.5,20.03,25.0,-0.8528,-0.5222,30.4,33.0,33.0,station
2025-08-31,28.7,28.8,29.9,29.0,29.0,29.4,29.2,30.8,29.6,29.2,29.08,0.48,-0.56,87,97,7.6,11.97,8.9,-0.8617,-0.5074,28.8,30.0,30.0,station
2025-09-01,27.9,28.2,28.5,28.3,29.4,27.8,27.9,28.1,29.0,28.5,28.46,0.57,0.2,89,99,11.4,10.37,21.6,-0.8703,-0.4925,28.3,28.0,28.0,station
2025-09-02,28.8,29.3,27.8,29.4,28.0,28.8,29.4,28.6,29.2,29.3,28.66,0.73,-0.4,87,100,14.1,14.57,5.6,-0.8786,-0.4775,28.9,30.0,30.0,station
2025-09-03,27.8,29.8,28.1,28.7,27.6,27.4,29.4,29.9,29.4,27.5,28.4,0.89,-0.32,85,100,11.4,16.76,8.9,-0.8867,-0.4623,29.4,31.0,31.0,station
2025-09-04,29.1,29.7,29.9,28.6,28.5,27.1,29.1,30.0,28.7,27.6,29.16,0.63,0.66,82,94,17.0,18.01,4.7,-0.8945,-0.447,29.8,31.0,31.0,station
2025-09-05,27.4,27.9,27.5,28.5,26.8,27.7,28.5,26.7,29.0,25.8,27.62,0.63,0.08,87,100,13.1,9.38,13.5,-0.9021,-0.4315,28.0,29.0,29.0,station
2025-09-06,28.6,28.7,26.0,29.2,27.1,27.6,28.1,28.3,29.4,25.3,27.92,1.33,0.18,89,100,8.4,11.89,19.8,-0.9094,-0.4159,28.7,29.0,29.0,station
2025-09-07,29.1,31.1,30.9,30.8,31.4,29.2,31.1,27.6,30.3,29.8,30.66,0.9,1.06,83,100,10.1,20.77,1.3,-0.9164,-0.4002,31.1,34.0,34.0,station
2025-09-08,28.7,30.0,28.6,30.4,28.8,27.9,30.2,29.5,31.0,29.2,29.3,0.84,-0.26,86,100,11.1,14.1,7.7,-0.9232,-0.3844,30.1,30.0,30.0,station
2025-09-09,29.4,30.0,32.0,29.4,31.1,29.4,30.4,32.0,29.7,31.1,30.38,1.14,-0.14,85,92,10.8,19.52,3.8,-0.9296,-0.3685,30.1,32.0,32.0,station
2025-09-10,27.8,27.8,31.7,28.8,31.2,29.4,28.6,31.8,28.9,30.8,29.46,1.87,-0.44,90,88,7.4,6.9,9.7,-0.9358,-0.3524,27.0,28.0,28.0,station
2025-09-11,28.1,30.2,27.7,30.2,29.4,28.9,30.1,29.7,29.8,30.7,29.12,1.17,-0.72,85,97,12.7,17.7,5.4,-0.9418,-0.3363,30.5,32.0,32.0,station
2025-09-12,29.6,30.3,30.8,30.0,30.7,30.1,31.0,31.2,30.7,29.6,30.28,0.5,-0.24,84,98,11.6,16.92,6.1,-0.9474,-0.32,30.2,33.0,33.0,station
2025-09-13,30.3,30.8,32.0,30.0,30.7,30.0,31.0,31.3,29.3,30.8,30.76,0.76,0.28,85,93,12.3,19.23,10.2,-0.9528,-0.3037,30.7,34.0,34.0,station
2025-09-14,26.6,27.4,30.0,28.9,27.0,26.2,27.2,30.7,29.1,30.3,27.98,1.43,-0.72,90,100,7.5,7.0,19.0,-0.9579,-0.2873,27.3,28.0,28.0,station
2025-09-15,28.2,29.2,30.8,30.1,29.0,29.1,29.3,31.4,29.6,31.3,29.46,1.01,-0.68,87,100,14.7,15.85,12.8,-0.9627,-0.2707,30.0,33.0,33.0,station
2025-09-16,29.1,28.3,30.7,30.6,29.3,29.1,28.9,31.0,30.9,29.9,29.6,1.03,-0.36,90,97,7.8,11.24,24.3,-0.9672,-0.2541,29.0,32.0,32.0,station
2025-09-17,28.6,29.2,30.5,29.2,26.5,28.7,29.2,28.7,30.9,27.2,28.8,1.46,-0.14,89,99,7.6,10.35,8.4,-0.9714,-0.2375,28.5,31.0,31.0,station
2025-09-18,29.3,29.9,29.6,29.1,28.0,29.2,29.7,30.0,29.7,28.8,29.18,0.73,-0.3,88,96,14.4,16.9,9.1,-0.9753,-0.2207,31.0,31.0,31.0,station
2025-09-19,29.4,30.3,30.5,29.8,30.2,29.4,30.4,30.9,29.9,29.7,30.04,0.44,-0.02,86,94,12.1,15.84,8.2,-0.979,-0.2039,29.5,31.0,31.0,station
2025-09-20,28.5,29.7,28.6,29.2,29.9,29.5,30.1,28.5,29.6,30.5,29.18,0.63,-0.46,86,100,16.3,15.73,5.8,-0.9824,-0.187,29.6,30.0,30.0,station
2025-09-21,27.5,28.6,29.4,28.3,30.0,28.6,28.8,28.9,28.5,29.1,28.76,0.97,-0.02,86,99,18.6,20.76,9.6,-0.9854,-0.1701,29.9,31.0,31.0,station
2025-09-22,27.3,27.1,27.6,28.2,26.8,27.6,27.5,27.6,28.0,29.2,27.4,0.53,-0.58,88,100,25.4,7.16,25.6,-0.9882,-0.1531,27.2,30.0,30.0,station
2025-09-23,27.4,27.3,27.3,28.9,27.3,27.9,27.5,29.7,29.1,26.9,27.64,0.71,-0.58,87,100,16.5,9.69,17.3,-0.9907,-0.1361,28.7,31.0,31.0,station
2025-09-24,28.4,27.4,28.5,29.0,27.3,27.8,27.8,30.5,29.3,26.0,28.12,0.74,-0.16,90,100,7.9,13.06,5.1,-0.9929,-0.1191,28.7,30.0,30.0,station
2025-09-25,29.3,30.1,30.2,29.8,28.3,29.1,29.9,28.6,29.8,27.6,29.54,0.78,0.54,85,99,10.0,21.07,5.1,-0.9948,-0.102,31.2,33.0,33.0,station
2025-09-26,28.3,28.7,28.4,27.7,26.7,27.2,28.9,28.4,27.5,27.1,27.96,0.79,0.14,85,100,37.1,8.43,26.6,-0.9964,-0.0848,28.7,30.0,30.0,station
2025-09-27,30.0,30.9,30.6,31.4,30.5,29.6,30.9,29.4,31.9,28.0,30.68,0.52,0.72,81,100,19.1,16.34,0.6,-0.9977,-0.0677,30.3,32.0,32.0,station
2025-09-28,29.9,31.3,31.6,31.3,31.2,30.0,31.4,30.3,31.5,30.1,31.06,0.67,0.4,85,98,11.4,16.94,2.9,-0.9987,-0.0505,30.4,33.0,33.0,station
2025-09-29,29.2,29.9,31.4,29.4,31.3,29.1,30.2,31.9,29.7,30.0,30.24,1.05,0.06,89,97,9.0,13.72,11.8,-0.9994,-0.0333,29.0,31.0,31.0,station
2025-09-30,29.0,29.2,31.9,29.9,31.4,29.0,29.4,31.7,29.5,30.8,30.28,1.31,0.2,89,100,7.2,12.57,37.8,-0.9999,-0.0161,29.2,32.0,32.0,station
2025-10-01,29.3,30.6,31.1,30.3,32.1,29.2,30.9,31.4,31.2,30.7,30.68,1.03,0.0,86,66,12.6,22.23,4.4,-1.0,0.0011,31.3,34.0,34.0,station
2025-10-02,29.4,30.6,31.0,30.2,30.1,30.0,31.2,31.7,29.9,31.0,30.26,0.6,-0.5,87,99,9.9,18.66,2.4,-0.9998,0.0183,30.9,31.0,31.0,station
2025-10-03,26.3,26.8,27.5,27.6,27.7,26.5,26.9,30.1,27.7,28.4,27.18,0.61,-0.74,91,100,20.5,2.94,32.3,-0.9994,0.0355,26.3,27.0,27.0,station
2025-10-04,29.2,29.8,30.5,29.3,28.7,29.4,29.7,30.0,29.0,29.7,29.5,0.68,-0.06,87,99,12.0,18.09,6.8,-0.9986,0.0527,30.0,33.0,33.0,station
2025-10-05,29.6,31.3,30.9,29.3,30.2,28.9,31.1,29.8,29.6,29.9,30.26,0.84,0.4,84,69,9.6,20.88,1.4,-0.9976,0.0698,31.1,32.0,32.0,station
2025-10-06,28.7,31.4,30.4,30.1,30.0,29.2,31.5,31.0,30.2,31.2,30.12,0.97,-0.5,84,63,5.9,20.72,3.6,-0.9962,0.087,30.3,31.0,31.0,station
2025-10-07,29.7,31.2,30.3,30.0,32.4,29.7,31.3,30.0,30.3,31.0,30.72,1.09,0.26,82,92,7.5,20.69,2.4,-0.9946,0.1041,31.3,32.0,32.0,station
2025-10-08,28.8,30.5,31.4,29.8,30.7,29.0,30.5,30.9,29.4,31.1,30.24,0.99,0.06,85,95,8.5,17.3,3.9,-0.9926,0.1212,30.1,30.0,30.0,station
2025-10-09,29.1,29.1,31.5,28.9,28.7,29.0,29.5,31.4,29.1,30.5,29.46,1.15,-0.44,86,98,9.0,15.83,22.5,-0.9904,0.1383,29.6,30.0,30.0,station
2025-10-10,28.6,29.1,30.4,28.8,29.3,28.7,28.6,29.2,29.4,30.2,29.24,0.7,0.02,89,100,5.9,14.66,14.0,-0.9879,0.1553,29.0,30.0,30.0,station
2025-10-11,29.5,30.3,30.0,29.0,29.2,28.8,30.0,28.8,29.1,30.0,29.6,0.54,0.26,86,96,9.8,17.58,3.0,-0.9851,0.1722,29.6,31.0,31.0,station
2025-10-12,29.3,30.6,31.2,30.2,30.6,29.5,30.5,27.8,29.4,29.8,30.38,0.7,0.98,83,96,8.9,18.54,4.8,-0.9819,0.1892,30.7,33.0,33.0,station
2025-10-13,29.4,29.7,31.2,29.2,30.2,29.2,29.9,31.5,29.5,30.9,29.94,0.8,-0.26,87,96,12.9,16.41,9.3,-0.9785,0.206,30.3,32.0,32.0,station
2025-10-14,28.6,28.9,30.0,31.5,30.5,28.9,28.9,28.4,29.6,30.5,29.9,1.19,0.64,88,97,11.4,11.99,2.5,-0.9749,0.2228,28.8,29.0,29.0,station
2025-10-15,29.9,28.8,30.0,30.9,31.5,29.4,30.1,29.7,30.3,31.5,30.22,1.03,0.02,86,90,12.1,11.17,8.5,-0.9709,0.2396,29.1,29.0,29.0,station
2025-10-16,30.3,29.0,31.5,31.0,32.1,30.4,30.5,31.1,31.2,32.3,30.78,1.19,-0.32,79,91,14.9,19.16,0.2,-0.9666,0.2562,31.4,33.0,33.0,station
2025-10-17,30.3,30.6,32.0,30.1,32.3,29.3,30.1,32.0,30.4,31.9,31.06,1.02,0.32,80,100,13.3,19.34,2.5,-0.9621,0.2728,32.4,33.0,33.0,station
2025-10-18,30.0,29.6,32.4,29.9,32.3,29.5,30.5,31.8,30.2,31.5,30.84,1.39,0.14,80,100,11.5,16.57,7.9,-0.9572,0.2893,30.7,32.0,32.0,station
2025-10-19,27.1,26.5,27.8,29.1,28.0,27.3,26.5,31.2,28.4,30.1,27.7,0.98,-1.0,90,100,15.6,6.15,31.0,-0.9521,0.3057,27.0,27.0,27.0,station
2025-10-20,29.4,31.6,31.5,32.1,31.2,29.2,31.4,32.0,31.8,32.1,31.16,1.04,-0.14,79,91,14.8,20.06,0.1,-0.9467,0.3221,32.0,34.0,34.0,station
2025-10-21,29.9,31.7,31.5,30.8,32.0,30.2,31.9,31.4,31.4,31.9,31.18,0.84,-0.18,79,89,9.6,20.84,0.8,-0.941,0.3383,31.9,32.0,32.0,station
2025-10-22,30.1,31.6,31.7,29.5,31.8,30.0,31.3,31.7,29.5,32.1,30.94,1.06,0.02,79,92,8.7,20.71,0.9,-0.9351,0.3545,32.2,34.0,34.0,station
2025-10-23,29.8,31.9,32.0,30.1,31.8,29.5,31.9,31.5,29.7,31.4,31.12,1.08,0.32,78,95,12.9,20.68,0.4,-0.9288,0.3705,32.4,34.0,34.0,station
2025-10-24,30.1,30.3,31.3,31.1,30.5,30.3,30.9,29.3,30.9,31.2,30.66,0.52,0.14,77,73,16.7,20.68,2.8,-0.9223,0.3864,31.4,34.0,34.0,station
2025-10-25,30.1,31.3,31.8,31.8,30.8,29.8,31.5,32.0,30.4,30.7,31.16,0.72,0.28,81,96,7.6,18.6,11.2,-0.9155,0.4022,31.6,32.0,32.0,station
2025-10-26,30.7,30.4,32.3,30.0,32.5,30.1,30.9,32.1,30.8,31.2,31.18,1.14,0.16,83,99,13.5,14.47,11.9,-0.9085,0.4179,30.5,32.0,32.0,station
2025-10-27,30.5,31.0,31.8,31.1,30.8,28.9,30.7,31.8,29.4,30.6,31.04,0.48,0.76,84,100,15.4,16.72,8.1,-0.9012,0.4335,31.1,33.0,33.0,station
2025-10-28,30.1,31.9,32.1,31.9,30.4,30.8,31.6,32.2,31.1,31.1,31.28,0.95,-0.08,80,98,13.7,20.08,3.6,-0.8936,0.4489,32.1,32.0,32.0,station
2025-10-29,29.7,31.1,31.2,30.7,31.2,29.1,31.0,31.0,30.2,30.6,30.78,0.64,0.4,85,98,8.6,16.57,7.1,-0.8857,0.4642,29.7,30.0,30.0,station
2025-10-30,28.7,29.7,31.1,28.9,28.6,28.8,30.0,30.2,29.1,31.2,29.4,1.04,-0.46,89,100,8.8,13.55,21.2,-0.8776,0.4794,28.6,30.0,30.0,station
2025-10-31,30.6,31.5,31.9,30.4,31.0,30.5,31.6,31.6,29.9,31.8,31.08,0.62,0.0,81,91,12.7,17.49,1.4,-0.8692,0.4944,32.4,33.0,33.0,station
2025-11-01,30.2,31.6,31.2,31.3,32.2,29.9,31.0,31.5,31.2,31.8,31.3,0.73,0.22,78,86,14.1,19.77,0.5,-0.8606,0.5093,32.0,33.0,33.0,station
2025-11-02,29.4,30.8,31.7,30.5,31.5,29.5,31.0,31.7,31.4,33.0,30.78,0.91,-0.54,79,74,10.2,18.26,1.5,-0.8517,0.524,32.2,33.0,33.0,station
2025-11-03,29.6,29.7,29.7,30.9,29.4,29.2,29.4,29.4,30.4,30.0,29.86,0.59,0.18,87,100,7.7,11.69,8.7,-0.8426,0.5386,30.1,30.0,30.0,station
2025-11-04,27.8,27.1,29.0,29.6,30.5,28.2,27.6,29.6,29.1,31.5,28.8,1.37,-0.4,85,100,12.8,8.46,4.5,-0.8332,0.553,28.2,27.0,27.0,station
2025-11-05,29.6,29.5,30.2,30.9,31.3,29.3,29.8,30.7,31.3,32.3,30.3,0.79,-0.38,78,97,22.3,19.05,0.7,-0.8235,0.5672,30.5,32.0,32.0,station
2025-11-06,30.5,31.3,31.6,31.5,31.5,30.1,31.4,32.1,31.8,32.6,31.28,0.45,-0.32,78,69,15.7,17.96,2.4,-0.8137,0.5813,31.3,34.0,34.0,station
2025-11-07,29.4,31.8,31.0,29.6,31.8,29.3,32.2,31.2,29.8,32.1,30.72,1.16,-0.2,83,70,8.8,19.44,3.0,-0.8035,0.5952,32.1,32.0,32.0,station
2025-11-08,29.9,31.7,30.1,29.5,32.3,29.7,31.8,30.1,29.7,31.2,30.7,1.22,0.2,75,96,8.9,19.41,4.3,-0.7932,0.609,33.0,31.0,31.0,station
2025-11-09,27.4,27.1,26.7,29.1,25.6,27.4,27.3,26.8,28.8,27.6,27.18,1.27,-0.4,84,100,38.7,2.45,64.6,-0.7826,0.6225,27.2,29.0,29.0,station
2025-11-10,27.3,27.9,28.5,28.0,26.5,27.5,27.8,27.4,28.1,26.2,27.64,0.77,0.24,84,97,31.9,16.44,28.3,-0.7718,0.6359,29.9,31.0,31.0,station
2025-11-11,29.3,30.3,29.7,28.9,27.7,29.4,29.8,30.2,29.2,27.6,29.18,0.98,-0.06,81,76,21.6,18.98,4.8,-0.7607,0.6491,30.0,31.0,31.0,station
2025-11-12,29.0,30.9,30.3,29.3,30.6,29.4,31.0,30.1,29.5,30.2,30.02,0.83,-0.02,83,40,9.7,19.77,1.3,-0.7494,0.6621,30.4,31.0,31.0,station
2025-11-13,29.5,31.2,30.6,29.4,31.2,29.6,31.1,31.0,29.7,30.9,30.38,0.88,-0.08,81,85,10.1,20.29,0.0,-0.7379,0.6749,31.1,32.0,32.0,station
2025-11-14,29.8,29.3,30.0,30.5,31.1,29.7,29.1,30.4,29.3,30.7,30.14,0.69,0.3,80,100,12.8,15.64,0.2,-0.7262,0.6875,31.1,32.0,32.0,station
2025-11-15,29.8,29.5,30.6,30.9,31.5,30.0,29.8,30.8,31.1,30.7,30.46,0.81,-0.02,80,90,15.3,16.64,0.1,-0.7143,0.6998,30.7,31.0,31.0,station
2025-11-16,29.6,30.2,30.8,31.7,31.5,29.9,30.5,30.9,32.3,32.2,30.76,0.88,-0.4,79,83,16.9,19.33,1.3,-0.7021,0.712,30.6,32.0,32.0,station
2025-11-17,29.7,30.8,31.4,30.7,31.9,29.7,30.8,31.4,30.9,32.3,30.9,0.83,-0.12,78,79,14.3,18.03,1.6,-0.6898,0.724,31.5,32.0,32.0,station
2025-11-18,30.7,30.6,31.4,31.4,31.3,30.3,30.4,31.3,30.6,31.2,31.08,0.4,0.32,77,85,17.0,18.76,1.1,-0.6772,0.7358,31.6,32.0,32.0,station
2025-11-19,30.1,30.9,30.6,31.8,30.7,30.4,30.8,30.6,31.8,31.4,30.82,0.62,-0.18,78,86,13.3,18.59,1.7,-0.6645,0.7473,31.6,32.0,32.0,station
2025-11-20,30.1,30.6,31.2,30.9,31.0,30.4,30.7,31.1,31.6,30.7,30.76,0.43,-0.14,78,57,14.2,16.85,2.0,-0.6515,0.7586,31.6,32.0,32.0,station
2025-11-21,30.7,30.8,29.4,31.0,31.0,30.6,30.7,29.6,30.5,30.9,30.58,0.67,0.12,75,73,13.3,17.89,1.3,-0.6384,0.7697,31.6,32.0,32.0,station
2025-11-22,31.0,30.9,30.8,31.5,30.2,30.7,30.5,31.0,30.9,30.6,30.88,0.47,0.14,71,61,17.3,17.53,2.6,-0.625,0.7806,32.1,32.0,32.0,station
2025-11-23,30.9,30.2,30.9,31.4,29.4,31.0,30.7,30.7,32.1,30.3,30.56,0.78,-0.4,71,91,18.5,16.27,1.8,-0.6115,0.7912,32.0,31.0,31.0,station
2025-11-24,31.0,30.3,31.1,30.4,29.9,30.9,30.1,31.2,31.4,30.3,30.54,0.5,-0.24,70,93,15.7,17.58,2.1,-0.5978,0.8016,32.5,31.0,31.0,station
2025-11-25,27.2,26.6,27.5,27.4,28.7,27.1,26.7,27.4,29.5,28.9,27.48,0.77,-0.44,90,100,11.9,5.04,29.9,-0.584,0.8118,27.2,29.0,29.0,station
2025-11-26,29.0,29.5,29.2,30.6,30.2,28.9,29.0,28.3,30.4,29.5,29.7,0.68,0.48,82,96,20.0,16.33,11.4,-0.5699,0.8217,30.4,32.0,32.0,station
2025-11-27,28.9,30.5,30.5,30.0,30.7,28.3,30.5,30.8,30.1,29.6,30.12,0.73,0.26,87,99,8.9,15.91,11.7,-0.5557,0.8314,30.6,32.0,32.0,station
2025-11-28,29.1,29.3,30.3,30.9,30.4,29.2,29.9,30.2,30.5,30.1,30.0,0.77,0.02,86,91,13.9,12.51,15.1,-0.5413,0.8408,29.4,32.0,32.0,station
2025-11-29,29.6,30.0,29.8,30.8,28.7,29.1,30.4,27.8,30.8,30.0,29.78,0.76,0.16,87,83,9.3,15.41,14.3,-0.5268,0.85,30.1,33.0,33.0,station
2025-11-30,29.2,30.9,30.8,29.7,29.3,29.5,30.7,29.7,29.1,29.1,29.98,0.82,0.36,84,99,7.5,17.43,1.3,-0.5121,0.859,30.4,34.0,34.0,station
2025-12-01,29.3,31.1,29.7,29.3,29.6,29.4,31.2,29.9,29.7,29.0,29.8,0.75,-0.04,86,88,9.2,12.87,2.5,-0.4972,0.8676,29.8,31.0,31.0,station
2025-12-02,29.3,31.2,29.8,29.8,31.0,29.6,31.5,30.0,30.0,30.4,30.22,0.83,-0.08,84,76,6.7,17.97,5.8,-0.4822,0.8761,30.6,31.0,31.0,station
2025-12-03,29.0,30.9,30.4,30.0,31.5,28.6,31.1,30.7,32.1,31.3,30.36,0.94,-0.4,84,85,7.3,17.92,1.0,-0.4671,0.8842,30.1,32.0,32.0,station
2025-12-04,29.6,30.1,28.9,31.6,28.8,29.4,30.0,29.0,31.6,29.4,29.8,1.14,-0.08,76,78,12.7,18.09,3.1,-0.4518,0.8921,30.6,31.0,31.0,station
2025-12-05,29.5,29.1,28.4,30.5,29.2,29.1,29.3,28.8,30.6,29.6,29.34,0.76,-0.14,71,97,14.9,16.93,0.0,-0.4364,0.8998,30.5,30.0,30.0,station
2025-12-06,29.9,28.6,27.9,30.0,29.3,29.9,28.5,29.2,30.0,29.8,29.14,0.89,-0.34,65,100,11.7,15.24,0.0,-0.4208,0.9071,30.9,30.0,30.0,station
2025-12-07,26.1,26.5,25.2,27.3,28.1,27.4,25.8,27.4,28.9,28.2,26.64,1.11,-0.9,73,100,12.7,8.41,2.6,-0.4052,0.9142,29.6,28.0,28.0,station
2025-12-08,29.5,29.7,28.7,29.3,29.1,28.8,29.1,29.5,30.2,31.0,29.26,0.38,-0.46,76,100,10.4,11.17,5.2,-0.3894,0.9211,30.8,31.0,31.0,station
2025-12-09,29.8,29.4,30.3,28.7,29.8,30.1,30.3,30.2,29.4,31.7,29.6,0.6,-0.74,87,95,9.0,11.08,8.3,-0.3735,0.9276,29.4,28.0,28.0,station
2025-12-10,30.3,30.5,30.4,30.0,29.5,30.1,29.7,31.0,30.3,30.5,30.14,0.4,-0.18,81,82,10.0,16.11,3.1,-0.3575,0.9339,31.6,31.0,31.0,station
2025-12-11,29.5,29.3,30.4,28.7,29.8,29.2,29.5,30.6,28.3,29.8,29.54,0.63,0.06,82,95,10.9,13.57,1.7,-0.3413,0.9399,30.7,32.0,32.0,station
2025-12-12,30.0,30.2,29.9,31.0,29.5,30.1,30.1,29.6,30.5,29.9,30.12,0.55,0.08,76,92,12.7,13.96,1.3,-0.3251,0.9457,30.4,32.0,32.0,station
2025-12-13,30.7,30.0,29.7,30.5,30.1,30.0,30.5,28.6,28.5,29.8,30.2,0.4,0.72,71,93,17.9,17.28,0.0,-0.3088,0.9511,31.9,32.0,32.0,station
2025-12-14,30.3,30.1,29.6,30.1,30.1,30.4,30.3,30.3,30.7,30.4,30.04,0.26,-0.38,67,59,11.9,16.07,2.2,-0.2924,0.9563,31.6,31.0,31.0,station
2025-12-15,30.3,29.6,28.6,30.0,30.0,30.2,29.9,28.5,30.2,29.6,29.7,0.66,0.02,78,79,14.0,9.6,14.3,-0.2759,0.9612,30.4,29.0,29.0,station
2025-12-16,29.4,29.3,29.9,30.2,30.3,30.5,29.4,29.2,29.7,29.9,29.82,0.45,0.08,79,54,11.1,17.74,4.8,-0.2593,0.9658,30.8,31.0,31.0,station
2025-12-17,29.5,29.2,26.4,29.7,29.4,29.2,29.1,26.1,29.8,30.0,28.84,1.38,0.0,82,96,15.5,14.13,5.8,-0.2427,0.9701,29.5,31.0,31.0,station
2025-12-18,29.2,28.7,29.3,30.1,29.3,29.7,29.2,28.9,29.9,29.2,29.32,0.5,-0.06,78,71,14.8,16.97,1.8,-0.226,0.9741,30.2,31.0,31.0,station
2025-12-19,29.4,29.1,29.6,31.0,29.8,29.8,29.0,28.5,29.9,29.7,29.78,0.73,0.4,79,91,15.2,13.45,3.1,-0.2092,0.9779,30.9,30.0,30.0,station
2025-12-20,29.5,28.9,28.5,29.2,31.1,29.4,28.8,28.8,29.1,31.0,29.44,1.0,0.02,79,98,17.2,11.12,10.2,-0.1923,0.9813,30.4,31.0,31.0,station
2025-12-21,29.3,29.2,28.5,29.4,29.5,29.1,29.4,29.5,29.7,29.4,29.18,0.4,-0.24,82,86,12.4,15.11,5.9,-0.1754,0.9845,30.9,31.0,31.0,station
2025-12-22,28.7,28.8,28.9,29.1,29.7,28.6,29.1,29.5,28.9,29.7,29.04,0.4,-0.12,84,90,13.3,11.67,3.7,-0.1585,0.9874,28.4,29.0,29.0,station
2025-12-23,28.8,29.5,29.7,31.3,29.4,29.1,29.2,29.1,30.2,29.7,29.74,0.93,0.28,83,85,13.1,16.0,8.6,-0.1414,0.9899,29.8,31.0,31.0,station
2025-12-24,29.2,29.8,29.6,30.1,30.0,29.1,30.1,29.7,30.6,30.7,29.74,0.36,-0.3,83,95,14.1,16.3,2.2,-0.1244,0.9922,29.8,30.0,30.0,station
2025-12-25,29.5,30.8,30.4,29.3,31.0,28.9,30.9,29.7,29.5,31.3,30.2,0.76,0.14,84,76,9.3,17.01,2.6,-0.1073,0.9942,29.9,31.0,31.0,station
2025-12-26,28.8,30.3,29.6,30.1,29.3,29.0,30.0,29.3,30.3,28.9,29.62,0.61,0.12,80,64,13.5,17.9,0.2,-0.0902,0.9959,30.6,32.0,32.0,station
2025-12-27,29.7,30.7,30.7,29.7,30.9,29.7,30.6,29.2,29.6,30.0,30.34,0.59,0.52,79,69,8.9,17.9,0.7,-0.073,0.9973,30.8,31.0,31.0,station
2025-12-28,30.0,31.1,30.6,29.6,31.7,29.8,31.2,30.4,29.8,31.3,30.6,0.84,0.1,77,60,6.7,17.67,0.6,-0.0559,0.9984,30.8,30.0,30.0,station
2025-12-29,30.0,31.1,30.0,28.3,31.9,29.8,30.9,30.1,29.2,32.0,30.26,1.36,-0.14,73,83,10.6,17.6,0.3,-0.0387,0.9993,31.6,31.0,31.0,station
2025-12-30,30.4,31.2,30.8,28.6,31.9,30.0,31.1,29.9,28.7,31.9,30.58,1.24,0.26,70,62,12.7,18.7,0.1,-0.0215,0.9998,32.5,32.0,32.0,station
2025-12-31,29.9,30.0,29.7,29.6,30.7,30.4,30.2,29.2,29.7,31.4,29.98,0.43,-0.2,72,83,14.4,16.78,3.8,-0.0043,1.0,31.1,,,
2026-01-01,29.2,29.5,28.5,29.1,29.6,30.0,29.1,28.9,29.3,31.0,29.18,0.43,-0.48,77,73,10.5,15.34,5.2,0.0172,0.9999,31.4,31.0,31.0,station
2026-01-02,26.1,26.1,25.4,26.8,26.8,27.1,26.4,25.7,27.8,28.2,26.24,0.59,-0.8,87,97,6.1,10.17,8.5,0.0344,0.9994,28.3,28.0,28.0,station
2026-01-03,27.3,26.8,25.6,29.0,25.3,27.8,26.8,25.7,29.0,27.0,26.8,1.48,-0.46,78,81,16.9,13.75,0.1,0.0516,0.9987,27.8,30.0,30.0,station
2026-01-04,26.5,27.6,26.5,28.2,28.1,27.1,27.5,27.2,28.4,27.6,27.38,0.83,-0.18,75,97,16.8,15.77,0.0,0.0688,0.9976,28.7,30.0,30.0,station
2026-01-05,29.0,29.0,28.7,26.1,29.9,28.4,28.6,27.2,26.2,29.6,28.54,1.44,0.54,80,95,8.8,13.65,1.9,0.0859,0.9963,28.9,29.0,29.0,station
2026-01-06,28.5,28.8,26.6,27.0,29.2,29.2,28.9,27.9,26.0,29.2,28.02,1.15,-0.22,88,96,4.8,8.51,3.4,0.103,0.9947,27.2,29.0,29.0,station
2026-01-07,28.7,27.6,27.7,26.9,28.6,28.3,28.0,27.0,27.3,28.7,27.9,0.75,0.04,78,93,7.8,12.88,0.6,0.1201,0.9928,29.6,30.0,30.0,station
2026-01-08,28.1,28.0,26.4,28.7,29.2,27.9,27.8,27.2,29.0,29.0,28.08,1.06,-0.1,82,97,5.9,11.69,2.7,0.1372,0.9905,28.3,29.0,29.0,station
2026-01-09,29.1,27.5,26.1,26.5,28.7,27.5,26.7,26.6,27.2,28.8,27.58,1.32,0.22,78,92,11.4,10.8,1.1,0.1542,0.988,28.9,30.0,30.0,station
2026-01-10,29.1,29.1,29.2,30.0,27.1,29.7,28.7,29.0,29.5,30.3,28.9,1.07,-0.54,79,94,10.2,12.77,3.1,0.1712,0.9852,30.6,30.0,30.0,station
2026-01-11,29.1,30.1,30.0,28.8,28.6,29.4,29.9,29.3,28.7,28.2,29.32,0.69,0.22,81,79,8.3,17.18,6.7,0.1881,0.9821,30.5,30.0,30.0,station
2026-01-12,28.6,27.7,28.2,29.8,29.3,29.4,29.1,29.0,29.1,29.5,28.72,0.84,-0.5,73,81,16.0,15.52,0.2,0.205,0.9788,29.6,31.0,31.0,station
2026-01-13,28.5,29.7,28.9,28.6,29.3,28.9,29.3,28.8,29.0,30.8,29.0,0.5,-0.36,81,99,6.7,13.77,0.9,0.2218,0.9751,28.9,30.0,30.0,station
2026-01-14,28.9,29.6,29.9,28.8,29.6,30.1,29.7,29.8,29.2,30.1,29.36,0.48,-0.42,83,95,13.6,13.88,0.8,0.2385,0.9711,29.4,30.0,30.0,station
2026-01-15,27.1,27.2,28.3,28.2,29.8,28.2,27.8,27.7,28.7,30.2,28.12,1.09,-0.4,81,97,11.4,14.61,1.2,0.2552,0.9669,28.8,28.0,28.0,station
2026-01-16,29.1,30.0,28.4,29.6,29.5,28.6,29.2,27.7,28.1,30.4,29.32,0.61,0.52,77,90,8.8,16.26,0.6,0.2718,0.9624,30.0,30.0,30.0,station
2026-01-17,28.6,28.8,28.1,27.1,29.8,29.5,28.4,28.3,27.1,30.5,28.48,0.99,-0.28,78,100,9.2,9.54,0.0,0.2883,0.9575,28.8,28.0,28.0,station
2026-01-18,28.9,29.9,27.8,27.5,31.0,28.6,30.0,27.3,27.9,30.3,29.02,1.46,0.2,74,89,12.9,19.88,0.0,0.3047,0.9524,30.6,29.0,29.0,station
2026-01-19,29.9,30.3,29.1,27.5,31.0,29.7,30.1,29.1,28.2,31.4,29.56,1.34,-0.14,72,42,10.2,19.07,0.8,0.3211,0.9471,31.1,31.0,31.0,station
2026-01-20,28.4,29.2,29.1,27.9,29.1,28.6,29.1,29.0,28.0,28.7,28.74,0.57,0.06,70,28,11.8,18.59,0.7,0.3373,0.9414,30.6,32.0,32.0,station
2026-01-21,29.7,29.0,28.9,29.6,29.2,30.0,29.0,29.5,29.7,29.5,29.28,0.36,-0.26,67,73,12.9,18.78,1.3,0.3534,0.9355,30.8,30.0,30.0,station
2026-01-22,28.5,28.3,27.9,29.2,28.0,28.5,28.1,27.7,29.6,27.9,28.38,0.52,0.02,61,58,14.1,20.18,0.0,0.3695,0.9292,30.2,30.0,30.0,station
2026-01-23,28.6,28.2,28.2,28.6,28.3,28.2,27.7,26.5,28.4,27.2,28.38,0.2,0.78,61,46,15.7,19.74,0.0,0.3854,0.9227,30.1,30.0,30.0,station
2026-01-24,27.9,27.6,26.8,27.8,27.9,28.1,27.3,27.1,28.1,28.9,27.6,0.46,-0.3,63,73,15.9,17.78,0.0,0.4012,0.916,29.3,30.0,30.0,station
2026-01-25,28.2,28.4,27.7,29.2,27.5,28.1,28.2,27.5,29.5,28.9,28.2,0.67,-0.24,65,89,17.9,17.16,0.0,0.4169,0.9089,30.0,30.0,30.0,station
2026-01-26,28.6,28.0,28.9,29.1,30.1,29.2,28.2,28.9,26.9,29.8,28.94,0.77,0.34,70,76,9.9,13.67,2.0,0.4325,0.9016,30.0,29.0,29.0,station
2026-01-27,28.8,28.3,29.0,28.7,30.3,29.2,28.5,28.0,28.6,30.0,29.02,0.76,0.16,72,82,17.6,16.52,0.6,0.4479,0.8941,30.5,29.0,29.0,station
2026-01-28,28.8,29.2,29.3,28.9,28.9,28.8,29.0,28.0,29.6,30.0,29.02,0.22,-0.06,65,37,17.7,19.22,0.6,0.4633,0.8862,30.8,31.0,31.0,station
2026-01-29,28.8,28.7,28.2,28.5,28.8,28.3,28.3,28.2,28.4,29.0,28.6,0.25,0.16,63,12,20.8,20.3,0.0,0.4784,0.8781,30.3,30.0,30.0,station
2026-01-30,28.0,28.1,28.3,28.8,28.9,27.8,27.8,28.5,29.5,28.8,28.42,0.41,-0.06,68,56,16.9,18.5,1.8,0.4935,0.8698,29.7,28.0,28.0,station
2026-01-31,29.0,29.0,28.6,27.9,29.5,28.9,29.2,29.4,29.1,29.9,28.8,0.6,-0.5,67,95,8.5,13.64,0.6,0.5084,0.8611,31.1,29.0,29.0,station
2026-02-01,29.7,29.0,29.5,29.8,29.3,29.3,29.5,29.2,29.7,29.9,29.46,0.32,-0.06,61,99,14.1,15.57,0.0,0.5231,0.8523,30.8,31.0,31.0,station
2026-02-02,29.9,30.2,29.8,29.6,29.9,29.5,30.0,29.4,29.7,30.0,29.88,0.22,0.16,60,81,14.4,17.09,0.0,0.5377,0.8432,31.3,31.0,31.0,station
2026-02-03,29.4,30.5,30.1,30.6,29.9,29.6,30.1,29.7,30.3,30.0,30.1,0.48,0.16,59,44,17.4,18.58,0.0,0.5521,0.8338,31.3,32.0,32.0,station
2026-02-04,29.0,29.2,28.5,29.4,29.6,29.3,29.3,28.3,29.6,30.0,29.14,0.42,-0.16,63,31,20.0,18.84,0.1,0.5664,0.8242,30.8,31.0,31.0,station
2026-02-05,29.9,30.1,30.2,30.3,29.8,29.7,29.8,29.8,30.1,29.4,30.06,0.21,0.3,59,87,18.0,21.51,0.0,0.5805,0.8143,31.8,32.0,32.0,station
2026-02-06,29.5,29.0,29.0,29.6,30.5,30.0,29.2,29.3,30.5,30.2,29.52,0.61,-0.32,62,100,14.1,14.25,0.6,0.5944,0.8042,31.5,29.0,29.0,station
2026-02-07,28.4,27.6,25.7,27.6,28.6,28.0,28.1,28.9,27.5,31.0,27.58,1.15,-1.12,81,98,8.9,12.48,10.7,0.6081,0.7938,28.2,29.0,29.0,station
2026-02-08,27.2,27.3,29.2,27.8,26.8,28.4,27.0,26.0,27.8,25.9,27.66,0.93,0.64,84,100,8.3,11.39,4.0,0.6217,0.7833,27.1,28.0,28.0,station
2026-02-09,25.9,26.5,26.5,27.3,26.2,26.0,26.4,26.5,27.1,26.7,26.48,0.52,-0.06,77,95,14.5,15.38,0.0,0.6351,0.7725,26.6,30.0,30.0,station
2026-02-10,27.7,28.1,27.7,28.9,28.8,27.1,27.8,28.5,28.7,28.9,28.24,0.58,0.04,76,89,18.6,18.41,0.0,0.6483,0.7614,29.1,30.0,30.0,station
2026-02-11,29.0,29.4,29.4,29.8,30.8,29.0,29.4,29.2,29.8,30.6,29.68,0.69,0.08,79,96,10.5,16.69,0.5,0.6613,0.7502,30.3,30.0,30.0,station
2026-02-12,29.1,29.2,29.1,30.0,30.6,28.9,29.6,28.5,30.1,30.5,29.6,0.67,0.08,76,92,16.3,15.07,0.2,0.6741,0.7387,30.1,31.0,31.0,station
2026-02-13,29.2,28.8,29.5,30.2,30.5,28.8,28.4,29.5,29.6,30.2,29.64,0.7,0.34,72,81,18.0,18.27,0.0,0.6867,0.727,31.0,32.0,32.0,station
2026-02-14,29.6,30.4,29.8,30.0,30.8,29.7,30.3,29.9,29.9,31.1,30.12,0.48,-0.06,87,94,16.2,13.64,23.3,0.6991,0.715,28.5,30.0,30.0,station
2026-02-15,28.8,29.6,30.0,30.3,30.3,29.7,30.4,30.3,30.2,30.5,29.8,0.63,-0.42,83,86,16.5,20.28,0.3,0.7113,0.7029,30.5,31.0,31.0,station
2026-02-16,30.0,31.4,31.0,30.3,29.8,29.1,31.1,30.1,31.2,30.8,30.5,0.68,0.04,78,92,15.4,20.82,0.6,0.7233,0.6906,31.3,33.0,33.0,station
2026-02-17,29.9,31.4,30.6,30.5,31.2,30.1,31.3,30.8,30.4,31.5,30.72,0.6,-0.1,75,64,17.4,21.07,0.6,0.735,0.678,31.9,32.0,32.0,station
2026-02-18,30.2,30.4,28.9,30.8,30.1,29.7,30.3,29.8,30.0,30.3,30.08,0.71,0.06,65,39,19.8,20.98,0.0,0.7466,0.6653,32.0,32.0,32.0,station
2026-02-19,29.7,29.6,28.3,30.0,29.8,29.2,29.5,29.3,29.5,29.6,29.48,0.68,0.06,61,90,23.9,20.78,0.0,0.7579,0.6523,32.1,32.0,32.0,station
2026-02-20,29.6,30.1,30.3,28.1,30.6,29.5,29.9,29.7,28.9,30.5,29.74,0.99,0.04,64,82,15.3,16.17,0.9,0.769,0.6392,31.4,30.0,30.0,station
2026-02-21,29.1,30.4,28.7,29.3,31.1,29.6,30.4,29.4,29.6,31.6,29.72,1.0,-0.4,67,38,19.5,17.77,0.1,0.7799,0.6259,31.1,31.0,31.0,station
2026-02-22,29.7,31.1,30.5,31.0,31.9,29.7,31.1,30.7,29.9,32.2,30.84,0.81,0.12,64,30,17.4,21.83,0.0,0.7906,0.6124,32.4,32.0,32.0,station
2026-02-23,30.9,31.2,30.9,30.8,31.3,31.1,31.2,30.2,30.8,30.9,31.02,0.22,0.18,61,24,19.7,21.71,0.0,0.801,0.5987,33.7,33.0,33.0,station
2026-02-24,30.2,30.6,30.9,30.5,31.4,30.2,30.9,29.9,30.9,30.9,30.72,0.45,0.16,68,58,20.1,20.33,1.0,0.8112,0.5848,32.4,32.0,32.0,station
2026-02-25,30.1,31.8,30.9,31.4,32.0,30.4,31.8,30.7,30.9,32.6,31.24,0.76,-0.04,65,69,19.4,20.96,0.0,0.8211,0.5708,33.4,32.0,32.0,station
2026-02-26,30.2,31.5,30.0,30.4,32.4,29.8,31.4,30.4,30.4,32.6,30.9,1.02,-0.02,66,31,24.4,22.44,0.0,0.8308,0.5566,33.1,32.0,32.0,station
2026-02-27,30.8,32.0,31.4,30.1,33.5,30.2,31.8,31.0,30.5,33.5,31.56,1.29,0.16,66,27,12.7,22.72,0.0,0.8402,0.5422,33.7,32.0,32.0,station
2026-02-28,30.6,31.8,30.6,31.5,32.5,30.3,32.1,30.7,31.6,33.1,31.4,0.82,-0.16,64,20,20.9,23.48,0.0,0.8495,0.5277,33.2,32.0,32.0,station
2026-03-01,30.6,30.9,30.9,31.0,32.9,30.9,31.3,31.0,30.9,33.4,31.26,0.93,-0.24,63,30,18.8,21.38,0.8,0.8584,0.513,33.2,33.0,33.0,station
2026-03-02,30.5,31.8,31.2,32.0,32.9,30.7,31.8,31.3,31.1,32.9,31.68,0.9,0.12,70,98,16.3,19.74,2.3,0.8671,0.4981,32.7,32.0,32.0,station
2026-03-03,30.5,32.6,32.2,30.9,33.3,30.9,32.7,31.4,31.3,33.7,31.9,1.17,-0.1,67,58,22.5,23.1,0.0,0.8755,0.4831,33.8,33.0,33.0,station
2026-03-04,30.7,31.9,31.1,31.1,33.0,30.4,32.0,30.9,30.0,33.0,31.56,0.92,0.3,64,45,22.2,23.22,0.0,0.8837,0.468,34.2,32.0,32.0,station
2026-03-05,30.8,32.2,31.3,31.1,32.4,30.7,32.4,30.7,31.1,33.1,31.56,0.7,-0.04,63,43,15.6,21.16,0.2,0.8916,0.4527,33.1,34.0,34.0,station
2026-03-06,30.3,31.9,31.2,30.2,32.2,30.7,31.9,31.2,30.8,32.5,31.16,0.91,-0.26,63,50,15.5,22.31,1.4,0.8993,0.4373,32.9,33.0,33.0,station
2026-03-07,30.9,31.9,31.8,30.7,32.4,31.0,31.6,31.9,30.9,33.1,31.54,0.72,-0.16,62,19,16.0,22.98,1.2,0.9067,0.4218,33.7,33.0,33.0,station
2026-03-08,30.3,29.5,30.6,30.1,30.5,30.8,29.7,30.1,30.5,30.8,30.2,0.44,-0.18,65,46,21.2,21.88,0.7,0.9138,0.4061,32.4,31.0,31.0,station
2026-03-09,30.4,30.2,29.3,30.2,30.1,30.4,30.1,29.8,30.5,30.2,30.04,0.43,-0.16,62,72,20.4,20.38,0.0,0.9207,0.3904,32.1,32.0,32.0,station
2026-03-10,29.7,30.1,29.6,29.7,30.0,29.9,29.6,29.5,30.0,29.5,29.82,0.22,0.12,58,53,19.2,20.91,0.0,0.9272,0.3745,31.8,32.0,32.0,station
2026-03-11,29.5,30.2,30.3,28.3,31.0,29.7,30.2,30.4,28.3,30.2,29.86,1.02,0.1,61,26,17.4,23.42,1.9,0.9335,0.3585,31.7,32.0,32.0,station
2026-03-12,29.5,29.9,29.6,28.6,29.9,29.4,30.1,28.9,29.1,30.1,29.5,0.53,-0.02,65,20,14.1,23.34,0.6,0.9396,0.3424,31.2,32.0,32.0,station
2026-03-13,29.0,28.0,27.5,29.3,27.7,28.8,27.9,27.1,29.1,29.2,28.3,0.8,-0.12,62,50,20.5,22.32,1.2,0.9453,0.3261,30.0,29.0,29.0,station
2026-03-14,27.6,28.1,26.9,28.3,28.3,27.9,28.1,27.3,28.4,27.9,27.84,0.6,-0.08,52,23,23.7,22.18,0.0,0.9508,0.3098,29.6,29.0,29.0,station
2026-03-15,28.4,28.1,27.8,28.7,29.7,28.5,28.1,28.0,28.4,29.5,28.54,0.73,0.04,55,28,19.1,19.76,0.0,0.956,0.2934,29.7,30.0,30.0,station
2026-03-16,28.1,28.3,29.2,28.2,30.5,28.8,28.3,29.1,28.4,30.4,28.86,1.02,-0.14,58,21,19.1,21.28,0.0,0.9609,0.2769,30.2,31.0,31.0,station
2026-03-17,28.5,29.1,29.2,28.8,29.5,28.2,29.1,29.1,28.5,28.4,29.02,0.38,0.36,65,31,13.5,22.65,1.1,0.9655,0.2604,31.3,30.0,30.0,station
2026-03-18,29.8,30.5,29.6,30.1,31.1,28.9,29.9,29.8,29.4,31.6,30.22,0.6,0.3,65,36,18.0,22.91,1.3,0.9698,0.2437,31.2,32.0,32.0,station
2026-03-19,29.8,30.8,30.2,30.1,32.4,29.6,30.6,30.1,29.9,32.4,30.66,1.04,0.14,61,20,16.5,24.07,0.3,0.9739,0.227,32.3,32.0,32.0,station
2026-03-20,29.5,30.9,30.3,29.5,31.9,29.4,30.7,29.9,29.5,33.3,30.42,1.02,-0.14,61,32,17.1,22.68,1.4,0.9777,0.2102,32.0,32.0,32.0,station
2026-03-21,30.3,31.8,30.4,30.6,32.7,30.1,31.7,30.9,30.2,33.2,31.16,1.05,-0.06,58,9,19.0,25.75,0.0,0.9811,0.1934,33.1,32.0,32.0,station
2026-03-22,30.1,30.9,30.2,30.9,32.6,29.3,31.0,30.6,30.8,32.1,30.94,1.0,0.18,64,39,19.8,23.12,0.4,0.9843,0.1765,32.0,31.0,31.0,station
2026-03-23,29.9,31.1,30.6,30.7,33.4,30.0,31.2,30.6,31.2,34.1,31.14,1.34,-0.28,61,10,22.0,24.93,0.0,0.9872,0.1595,32.8,33.0,33.0,station
2026-03-24,30.1,32.0,30.5,30.2,33.9,30.2,31.8,30.9,30.4,34.6,31.34,1.62,-0.24,59,2,20.9,26.14,0.0,0.9898,0.1425,32.7,32.0,32.0,station
2026-03-25,30.2,31.3,32.1,30.8,33.5,30.3,31.1,31.6,31.0,34.1,31.58,1.28,-0.04,62,33,14.3,22.25,0.9,0.9921,0.1255,32.4,34.0,34.0,station
2026-03-26,30.7,31.9,31.8,30.6,34.4,30.7,31.4,31.3,31.6,32.7,31.88,1.53,0.34,67,33,20.4,23.68,1.1,0.9941,0.1084,33.3,33.0,33.0,station
2026-03-27,31.3,32.8,31.5,31.6,34.3,31.7,32.6,30.7,31.9,34.9,32.3,1.26,-0.06,70,25,20.5,24.67,0.0,0.9958,0.0913,31.8,33.0,33.0,station
2026-03-28,30.9,32.3,31.8,31.8,34.5,31.0,32.4,30.8,31.6,34.7,32.26,1.35,0.16,66,17,12.9,24.56,1.2,0.9972,0.0741,32.8,35.0,35.0,station
2026-03-29,31.0,32.5,31.1,31.9,32.6,31.2,32.6,31.1,32.2,33.8,31.82,0.75,-0.36,65,13,18.7,23.82,0.5,0.9984,0.057,33.0,33.0,33.0,station
2026-03-30,30.9,32.9,31.8,32.2,34.6,31.0,33.0,31.5,32.1,34.8,32.48,1.39,0.0,63,47,19.9,24.94,0.3,0.9992,0.0398,33.8,34.0,34.0,station
2026-03-31,31.4,32.7,32.0,32.3,34.7,31.0,32.7,31.5,32.0,34.4,32.62,1.26,0.3,62,23,19.9,24.6,0.5,0.9997,0.0226,34.1,34.0,34.0,station
2026-04-01,31.5,33.3,32.5,32.0,34.3,31.6,33.3,32.1,32.3,34.3,32.72,1.11,0.0,64,33,19.8,24.83,0.0,1.0,0.0054,33.4,34.0,34.0,station
2026-04-02,31.7,32.7,31.6,32.2,34.3,31.5,32.7,32.1,32.0,34.3,32.5,1.1,-0.02,59,7,18.9,26.28,0.0,0.9999,-0.0118,34.1,33.0,33.0,station
2026-04-03,31.8,33.0,32.0,31.5,34.7,31.9,32.9,32.0,31.6,34.7,32.6,1.3,-0.02,55,15,18.9,26.85,0.0,0.9996,-0.029,33.6,34.0,34.0,station
2026-04-04,32.4,33.6,34.0,30.6,34.3,32.5,33.8,34.0,30.4,34.5,32.98,1.51,-0.06,57,0,12.3,26.83,0.0,0.9989,-0.0462,34.6,34.0,34.0,station
2026-04-05,32.7,33.8,34.1,33.5,35.6,33.8,33.9,32.8,33.5,35.0,33.94,1.06,0.14,56,1,14.4,26.92,0.0,0.998,-0.0634,36.0,36.0,36.0,station
2026-04-06,33.5,33.9,33.6,32.8,35.6,33.2,33.9,33.2,32.8,35.9,33.88,1.04,0.08,59,26,16.3,26.21,0.0,0.9968,-0.0805,35.6,35.0,35.0,station
2026-04-07,33.1,34.1,34.9,33.4,35.5,32.5,33.7,34.3,30.8,35.4,34.2,1.0,0.86,58,14,11.6,26.1,0.0,0.9952,-0.0977,36.0,37.0,37.0,station
2026-04-08,32.5,34.0,33.0,32.8,35.8,32.8,33.7,32.9,33.4,36.0,33.62,1.34,-0.14,59,26,19.1,25.41,0.2,0.9934,-0.1148,35.3,35.0,35.0,station
2026-04-09,31.9,33.2,32.4,33.5,35.8,32.5,34.0,32.6,32.7,35.5,33.36,1.5,-0.1,61,15,17.8,25.28,0.2,0.9913,-0.1319,34.7,35.0,35.0,station
2026-04-10,32.8,33.5,35.1,,35.1,32.2,34.0,35.2,31.7,35.3,34.12,1.16,0.45,61,13,13.4,25.43,0.0,0.9889,-0.1489,34.9,36.0,36.0,station
2026-04-11,32.6,33.5,34.0,,35.4,32.4,33.6,33.7,32.5,35.0,33.88,1.17,0.44,62,21,17.0,25.5,0.1,0.9861,-0.1659,35.6,35.0,35.0,station
2026-04-12,32.1,34.0,32.3,,35.2,32.3,33.7,32.9,33.0,35.5,33.4,1.47,-0.08,62,30,15.9,25.79,0.0,0.9831,-0.1828,33.9,34.0,34.0,station
2026-04-13,32.2,33.8,33.2,,35.1,32.3,34.0,32.8,32.8,34.9,33.58,1.21,0.22,57,14,13.7,26.21,0.0,0.9799,-0.1997,35.1,35.0,35.0,station
2026-04-14,32.3,33.7,33.1,33.0,35.5,32.4,33.9,33.0,32.7,35.6,33.52,1.21,0.0,62,20,23.9,25.77,0.0,0.9763,-0.2165,33.3,35.0,35.0,station
2026-04-15,32.3,33.8,32.8,33.2,35.1,31.7,33.8,32.4,32.9,35.2,33.44,1.08,0.24,57,1,19.5,26.94,0.0,0.9724,-0.2333,33.8,35.0,35.0,station
2026-04-16,32.6,33.8,33.3,33.6,35.7,32.6,34.0,33.6,34.4,35.5,33.8,1.16,-0.22,58,42,11.4,26.63,0.0,0.9683,-0.25,34.7,35.0,35.0,station
2026-04-17,32.3,33.7,34.4,32.4,34.8,32.4,33.7,33.7,32.5,35.4,33.52,1.14,-0.02,59,13,12.9,24.56,0.3,0.9638,-0.2666,34.1,35.0,35.0,station
2026-04-18,32.3,33.6,34.3,31.6,34.8,32.1,33.2,33.8,33.1,34.8,33.32,1.34,-0.08,61,15,10.9,24.86,0.2,0.9591,-0.2831,34.4,35.0,35.0,station
2026-04-19,32.3,33.2,34.0,33.8,35.1,32.0,33.3,33.9,33.0,35.1,33.68,1.03,0.22,62,35,12.2,23.96,2.1,0.9541,-0.2996,33.8,35.0,35.0,station
2026-04-20,32.3,34.1,34.1,31.6,35.4,32.3,33.8,34.0,32.3,35.7,33.5,1.53,-0.12,58,34,18.4,25.37,0.9,0.9488,-0.316,34.5,35.0,35.0,station
2026-04-21,32.4,33.6,33.4,33.4,35.0,32.5,33.7,33.1,33.6,35.6,33.56,0.93,-0.14,60,47,19.3,24.8,0.2,0.9432,-0.3322,34.3,34.0,34.0,station
2026-04-22,33.1,34.1,33.4,33.6,35.3,32.5,33.9,33.1,33.2,35.0,33.9,0.86,0.36,56,1,19.7,26.83,0.0,0.9373,-0.3484,34.7,35.0,35.0,station
2026-04-23,32.4,34.3,34.5,32.6,36.2,33.0,34.5,34.6,33.4,36.0,34.0,1.56,-0.3,60,9,20.4,26.1,0.0,0.9312,-0.3645,34.4,36.0,36.0,station
2026-04-24,33.0,34.8,35.1,34.2,36.4,32.9,34.6,34.6,34.6,36.3,34.7,1.24,0.1,60,3,19.1,26.41,0.0,0.9248,-0.3804,34.7,36.0,36.0,station
2026-04-25,32.6,34.2,33.8,33.7,36.1,33.1,34.2,34.1,34.0,36.3,34.08,1.28,-0.26,60,24,18.9,25.25,0.0,0.9181,-0.3963,35.5,36.0,36.0,station
2026-04-26,32.8,34.8,34.8,34.6,35.7,32.8,34.7,34.2,34.6,36.3,34.54,1.06,0.02,60,61,18.0,25.91,0.0,0.9112,-0.412,35.6,36.0,36.0,station
2026-04-27,32.6,34.1,33.5,33.6,32.7,32.7,34.2,33.9,33.4,34.2,33.3,0.64,-0.38,59,61,22.9,25.48,0.3,0.9039,-0.4276,35.7,36.0,36.0,station
2026-04-28,32.6,33.8,33.5,32.8,34.9,32.3,33.7,33.6,32.7,35.0,33.52,0.91,0.06,61,59,19.4,23.35,1.6,0.8965,-0.4431,34.4,35.0,35.0,station
2026-04-29,32.7,34.3,33.7,33.9,35.3,33.2,34.5,33.9,33.7,36.2,33.98,0.94,-0.32,60,66,20.8,25.02,0.6,0.8887,-0.4585,35.7,37.0,37.0,station
2026-04-30,32.9,34.5,33.6,34.2,34.5,32.7,34.6,33.4,34.4,36.3,33.94,0.69,-0.34,57,45,19.6,26.55,0.0,0.8807,-0.4737,35.8,35.0,35.0,station
2026-05-01,33.3,34.9,33.9,34.7,35.5,33.3,34.3,33.9,33.9,36.4,34.46,0.86,0.1,59,19,21.5,23.77,0.2,0.8724,-0.4888,35.8,35.0,35.0,station
2026-05-02,32.7,34.3,33.7,33.3,36.8,33.3,34.5,33.8,35.0,36.2,34.16,1.59,-0.4,57,51,20.5,25.03,0.6,0.8639,-0.5037,36.7,36.0,36.0,station
2026-05-03,33.8,34.8,33.4,34.1,37.4,32.8,34.6,33.6,34.1,37.4,34.7,1.59,0.2,58,62,20.1,26.09,0.5,0.8551,-0.5185,36.2,36.0,36.0,station
2026-05-04,33.6,34.7,33.6,33.7,36.0,33.6,34.8,33.8,33.9,37.1,34.32,1.05,-0.32,55,97,18.1,23.26,0.0,0.846,-0.5331,36.6,35.0,35.0,station
2026-05-05,33.5,34.3,33.8,33.5,36.7,33.0,34.5,33.9,33.1,36.5,34.36,1.35,0.16,59,31,18.7,24.99,0.6,0.8367,-0.5476,35.0,35.0,35.0,station
2026-05-06,33.3,34.5,33.5,33.9,36.3,33.1,34.5,34.0,33.9,36.8,34.3,1.21,-0.16,59,21,23.1,25.55,0.2,0.8272,-0.5619,36.1,36.0,36.0,station
2026-05-07,33.4,35.4,34.0,34.1,36.5,33.7,34.7,33.8,33.0,37.2,34.68,1.25,0.2,59,10,20.9,26.33,0.0,0.8174,-0.5761,36.4,36.0,36.0,station
2026-05-08,34.0,34.9,34.0,34.4,37.0,34.1,35.0,34.2,34.1,37.1,34.86,1.25,-0.04,60,26,20.1,24.29,0.2,0.8074,-0.59,36.3,36.0,36.0,station
2026-05-09,33.7,35.1,34.3,33.0,37.0,33.0,34.6,34.0,32.6,35.1,34.62,1.54,0.76,59,12,18.6,24.85,1.8,0.7971,-0.6038,36.4,37.0,37.0,station
2026-05-10,34.0,35.3,34.0,33.4,36.3,33.8,35.6,33.9,33.7,37.0,34.6,1.18,-0.2,60,8,21.6,25.33,0.1,0.7866,-0.6175,36.8,36.0,36.0,station
2026-05-11,33.0,35.1,34.8,33.6,37.0,33.5,35.3,34.4,33.9,36.5,34.7,1.55,-0.02,62,32,16.8,24.89,0.7,0.7759,-0.6309,36.0,36.0,36.0,station
2026-05-12,34.2,35.7,35.4,33.4,36.4,34.4,35.8,34.7,32.3,36.3,35.02,1.2,0.32,62,68,15.3,25.86,1.0,0.7649,-0.6442,36.9,35.0,35.0,station
2026-05-13,33.8,34.9,35.2,31.2,35.6,33.6,34.7,34.6,31.1,36.2,34.14,1.77,0.1,62,68,14.4,26.43,0.0,0.7537,-0.6572,35.4,35.0,35.0,station
2026-05-14,32.8,34.4,35.2,30.9,36.0,33.5,34.5,33.8,31.2,35.8,33.86,2.03,0.1,62,64,14.3,26.04,4.4,0.7423,-0.6701,36.0,34.0,34.0,station
2026-05-15,33.1,34.2,34.9,32.0,36.1,33.4,33.9,34.8,31.7,36.2,34.06,1.59,0.06,61,77,10.7,25.28,2.7,0.7306,-0.6828,36.4,36.0,36.0,station
2026-05-16,32.1,33.4,34.2,31.9,31.8,31.6,33.1,34.2,31.6,31.4,32.68,1.07,0.3,77,88,11.1,23.08,15.5,0.7188,-0.6952,33.3,35.0,35.0,station
2026-05-17,32.0,34.0,32.6,32.3,32.7,31.2,33.9,34.0,33.1,31.4,32.72,0.77,0.0,70,94,12.6,25.65,4.3,0.7067,-0.7075,35.4,36.0,36.0,station
2026-05-18,32.5,33.3,33.8,31.7,31.0,31.5,32.9,34.0,31.5,31.5,32.46,1.14,0.18,73,52,8.5,22.69,4.6,0.6945,-0.7195,32.9,35.0,35.0,station
2026-05-19,32.3,32.2,33.6,31.9,30.6,32.4,32.8,33.9,33.1,32.7,32.12,1.07,-0.86,74,42,10.5,19.24,8.5,0.682,-0.7314,31.0,34.0,34.0,station
2026-05-20,32.0,34.0,34.6,32.1,34.7,32.2,33.8,33.9,33.9,32.6,33.48,1.33,0.2,62,18,13.2,25.38,1.8,0.6693,-0.743,35.4,36.0,36.0,station
2026-05-21,33.5,35.4,34.0,35.8,35.2,33.1,34.6,34.0,34.9,34.6,34.78,0.98,0.54,61,16,15.5,25.29,1.4,0.6564,-0.7544,36.6,36.0,36.0,station
2026-05-22,34.5,36.2,34.1,36.3,34.5,33.6,35.7,34.3,36.6,33.7,35.12,1.04,0.34,60,34,16.9,24.53,2.0,0.6433,-0.7656,36.2,36.0,36.0,station
2026-05-23,34.4,36.0,35.0,35.8,34.6,33.8,35.2,35.0,35.5,34.9,35.16,0.71,0.28,60,45,13.5,25.29,2.8,0.6301,-0.7765,36.3,37.0,37.0,station
2026-05-24,33.7,35.8,34.6,36.0,32.8,33.4,35.4,35.3,36.2,34.6,34.58,1.36,-0.4,59,69,16.7,25.29,1.0,0.6166,-0.7873,36.0,36.0,36.0,station
2026-05-25,34.5,36.3,35.9,36.7,36.0,34.3,35.9,34.3,36.8,32.2,35.88,0.83,1.18,63,78,14.8,24.96,5.2,0.603,-0.7978,36.5,37.0,37.0,station
2026-05-26,33.5,35.8,35.0,36.5,35.2,34.2,35.7,34.9,36.0,35.2,35.2,1.12,0.0,64,44,12.3,25.28,0.8,0.5892,-0.808,35.6,35.0,35.0,station
2026-05-27,33.7,35.4,35.3,35.8,34.1,33.9,35.4,35.1,36.5,34.0,34.86,0.91,-0.12,62,20,10.5,26.06,0.2,0.5752,-0.818,35.8,34.0,34.0,station
2026-05-28,33.1,35.2,34.8,35.6,33.6,33.1,35.1,34.3,35.2,33.6,34.46,1.07,0.2,65,44,13.2,25.34,3.1,0.561,-0.8278,36.3,34.0,34.0,station
2026-05-29,32.5,35.1,34.2,35.8,34.5,32.7,34.5,33.6,36.0,34.4,34.42,1.24,0.18,70,79,15.0,25.73,9.8,0.5467,-0.8373,35.4,35.0,35.0,station
2026-05-30,33.0,35.5,33.5,34.0,33.1,32.3,34.4,34.1,34.6,33.7,33.82,1.02,0.0,77,88,17.5,23.76,3.1,0.5322,-0.8466,33.3,33.0,33.0,station
2026-05-31,30.5,32.8,32.0,32.5,34.4,31.5,33.5,32.8,32.2,34.8,32.44,1.41,-0.52,77,97,17.8,22.05,3.4,0.5176,-0.8556,32.9,33.0,33.0,station
2026-06-01,30.1,30.4,30.8,31.6,33.3,29.9,30.5,30.3,31.2,30.2,31.24,1.28,0.82,83,95,14.2,17.71,19.0,0.5028,-0.8644,31.6,32.0,32.0,station
2026-06-02,29.3,30.2,29.1,31.0,32.3,29.6,30.0,29.0,31.6,32.5,30.38,1.31,-0.16,85,99,9.1,13.79,11.1,0.4878,-0.8729,30.4,32.0,32.0,station
2026-06-03,29.7,29.7,30.4,31.5,32.1,29.0,29.8,31.2,31.7,30.9,30.68,1.08,0.16,88,97,15.1,15.85,19.4,0.4728,-0.8812,30.1,31.0,31.0,station
2026-06-04,29.5,31.7,31.4,32.1,30.5,31.2,31.5,31.5,32.5,31.8,31.04,1.04,-0.66,83,100,12.5,12.69,2.1,0.4575,-0.8892,30.4,32.0,32.0,station
2026-06-05,29.1,30.6,32.1,32.0,,30.2,30.7,32.0,31.9,32.7,30.95,1.41,-0.55,86,99,16.2,10.45,7.8,0.4422,-0.8969,29.3,30.0,30.0,station
2026-06-06,28.6,30.3,30.6,31.6,,29.5,30.7,31.5,32.9,32.3,30.28,1.25,-1.11,86,88,16.5,11.57,7.8,0.4267,-0.9044,29.5,30.0,30.0,station
2026-06-07,29.5,31.8,32.1,32.2,,30.1,31.8,32.4,32.8,32.8,31.4,1.28,-0.58,77,60,15.8,25.26,0.8,0.4111,-0.9116,32.1,33.0,33.0,station
2026-06-08,30.8,32.4,31.8,32.4,,30.2,31.6,33.1,31.5,32.1,31.85,0.75,0.15,77,98,12.9,19.66,3.7,0.3953,-0.9185,31.7,32.0,32.0,station
2026-06-09,29.9,33.2,32.2,32.2,,31.1,33.2,32.0,32.8,33.8,31.88,1.4,-0.7,72,84,17.5,24.38,0.5,0.3795,-0.9252,32.5,32.0,32.0,station
2026-06-10,30.7,32.6,33.4,33.5,34.0,30.8,32.8,32.1,33.7,34.0,32.84,1.3,0.16,72,88,17.5,24.66,1.4,0.3635,-0.9316,33.1,33.0,33.0,station
2026-06-11,32.2,33.7,34.0,34.7,34.6,30.8,33.1,33.5,33.9,34.6,33.84,1.01,0.66,74,83,15.8,25.2,5.5,0.3474,-0.9377,34.4,33.0,33.0,station
2026-06-12,31.3,33.3,34.0,33.9,32.7,30.9,32.2,34.7,33.9,34.7,33.04,1.1,-0.24,70,93,9.8,23.25,1.8,0.3312,-0.9436,35.7,34.0,34.0,station
2026-06-13,30.7,32.8,33.6,33.7,33.0,30.8,32.5,34.1,33.6,33.5,32.76,1.21,-0.14,70,76,10.0,22.98,6.3,0.3149,-0.9491,35.3,34.0,34.0,station
2026-06-14,30.6,32.6,32.6,33.4,31.3,30.5,32.5,32.4,34.0,32.7,32.1,1.13,-0.32,73,61,12.3,21.36,1.2,0.2986,-0.9544,32.6,32.0,32.0,station
2026-06-15,30.3,32.2,33.3,33.2,33.7,30.4,31.6,33.2,33.7,31.8,32.54,1.37,0.4,68,45,10.9,22.95,4.7,0.2821,-0.9594,33.9,32.0,32.0,station
2026-06-16,33.4,33.9,34.0,34.3,34.3,31.6,33.7,33.7,34.7,33.7,33.98,0.37,0.5,60,52,10.1,25.35,0.3,0.2656,-0.9641,35.9,36.0,36.0,station
2026-06-17,34.0,34.9,34.4,34.6,33.7,33.1,34.2,34.3,34.6,32.0,34.32,0.48,0.68,61,47,16.5,25.48,0.8,0.2489,-0.9685,35.5,37.0,37.0,station
2026-06-18,32.5,35.0,34.2,35.0,34.7,33.5,34.5,34.3,35.2,33.3,34.28,1.05,0.12,60,40,14.3,24.38,3.1,0.2322,-0.9727,36.3,36.0,36.0,station
2026-06-19,31.1,33.9,33.9,33.8,31.9,32.2,33.5,34.6,33.4,33.6,32.92,1.33,-0.54,73,86,11.8,21.44,10.5,0.2155,-0.9765,33.2,34.0,34.0,station
2026-06-20,32.8,35.1,33.4,35.0,32.5,31.4,35.3,32.9,32.3,34.2,33.76,1.22,0.54,70,69,8.8,24.05,1.3,0.1986,-0.9801,35.2,36.0,36.0,station
2026-06-21,33.5,35.3,34.8,33.8,34.0,32.5,34.7,34.2,32.7,33.7,34.28,0.75,0.72,66,18,12.8,25.2,3.4,0.1818,-0.9833,36.2,36.0,36.0,station
2026-06-22,32.6,34.5,32.7,34.6,31.6,31.3,33.8,32.8,34.1,32.5,33.2,1.31,0.3,70,94,16.2,25.14,1.2,0.1648,-0.9863,33.9,33.0,33.0,station
2026-06-23,31.7,33.8,32.4,32.8,33.3,30.9,34.1,32.3,32.2,31.8,32.8,0.81,0.54,71,100,21.2,17.41,1.3,0.1478,-0.989,31.8,32.0,32.0,station
2026-06-24,29.2,31.1,29.1,30.6,31.0,29.7,31.4,29.0,31.6,32.1,30.2,0.98,-0.56,79,100,19.0,11.62,2.5,0.1308,-0.9914,30.7,30.0,30.0,station
2026-06-25,30.4,31.5,31.9,30.9,30.7,29.8,31.5,31.3,31.9,30.8,31.08,0.61,0.02,79,99,21.7,20.77,6.1,0.1137,-0.9935,32.0,32.0,32.0,station
2026-06-26,29.9,30.4,31.4,31.3,30.6,29.8,30.9,30.8,31.7,29.8,30.72,0.63,0.12,80,98,17.9,15.78,8.4,0.0966,-0.9953,30.2,31.0,31.0,station
2026-06-27,30.5,32.2,30.8,31.8,31.1,30.3,31.5,31.3,32.1,28.5,31.28,0.7,0.54,75,92,14.9,20.75,1.1,0.0795,-0.9968,31.8,31.0,31.0,station
2026-06-28,31.2,32.1,30.3,31.4,33.5,30.7,31.8,30.8,31.8,32.4,31.7,1.19,0.2,73,85,13.4,23.14,1.4,0.0623,-0.9981,32.4,32.0,32.0,station
2026-06-29,31.7,31.5,33.2,34.3,31.9,31.9,31.3,33.7,33.7,33.4,32.52,1.2,-0.28,72,52,8.2,24.63,8.1,0.0451,-0.999,34.5,32.0,32.0,station
2026-06-30,29.3,28.2,30.3,30.8,31.5,29.2,28.1,32.3,29.6,29.4,30.02,1.29,0.3,86,92,14.9,12.5,16.9,0.028,-0.9996,28.4,29.0,29.0,station
2026-07-01,28.5,31.1,32.1,31.5,30.4,29.7,30.6,32.3,32.2,30.7,30.72,1.39,-0.38,82,74,13.3,21.8,7.1,0.0108,-0.9999,32.1,34.0,34.0,station
2026-07-02,29.6,31.0,27.7,32.0,30.8,29.2,31.0,28.3,32.7,32.1,30.22,1.65,-0.44,80,96,12.2,19.83,7.1,-0.0065,-1.0,31.4,35.0,35.0,station
2026-07-03,31.3,33.3,32.4,34.0,33.1,30.4,32.7,33.2,32.8,31.5,32.82,1.02,0.7,74,56,12.3,25.25,0.7,-0.0237,-0.9997,33.0,35.0,35.0,station
2026-07-04,30.8,33.7,33.8,33.9,33.5,31.4,33.2,33.2,34.2,32.8,33.14,1.32,0.18,74,25,14.7,24.63,5.9,-0.0408,-0.9992,32.9,34.0,34.0,station
2026-07-05,31.6,33.7,34.6,33.7,34.0,31.8,32.7,34.2,33.6,34.2,33.52,1.13,0.22,73,24,10.9,24.25,2.9,-0.058,-0.9983,34.1,34.0,34.0,station
2026-07-06,32.4,33.8,32.9,33.9,31.3,32.1,33.5,33.7,34.2,31.4,32.86,1.07,-0.12,73,24,9.5,25.28,6.8,-0.0752,-0.9972,34.4,34.0,34.0,station
2026-07-07,31.7,33.8,32.8,34.8,33.5,31.5,33.7,32.6,34.6,32.1,33.32,1.16,0.42,71,35,12.3,24.16,5.9,-0.0923,-0.9957,34.4,33.0,33.0,station
2026-07-08,30.9,33.4,32.1,34.0,33.3,31.4,33.7,32.2,34.5,31.7,32.74,1.24,0.04,75,89,14.8,24.32,4.1,-0.1094,-0.994,32.4,33.0,33.0,station
2026-07-09,29.7,32.3,31.0,31.1,33.2,30.3,32.5,31.4,31.5,32.6,31.46,1.34,-0.2,70,99,23.1,21.88,2.3,-0.1265,-0.992,32.4,33.0,33.0,station
2026-07-10,29.5,29.7,28.7,30.2,31.4,28.9,29.5,29.2,29.8,30.8,29.9,1.0,0.26,82,100,25.2,17.58,19.5,-0.1436,-0.9896,30.9,32.0,32.0,station
2026-07-11,27.7,27.8,27.2,29.4,28.5,27.6,28.0,27.8,29.2,28.3,28.12,0.85,-0.06,87,99,23.4,13.09,18.7,-0.1606,-0.987,28.6,30.0,30.0,station
2026-07-12,27.7,28.2,26.4,28.6,29.0,28.8,28.3,26.4,29.8,27.9,27.98,1.01,-0.26,89,100,13.4,8.68,33.0,-0.1775,-0.9841,29.2,31.0,31.0,station
2026-07-13,29.0,29.4,31.8,31.5,30.0,28.8,29.8,28.5,31.2,28.1,30.34,1.25,1.06,85,100,18.5,18.13,9.0,-0.1944,-0.9809,31.2,31.0,31.0,station
2026-07-14,30.4,32.4,31.9,33.1,32.4,30.0,31.8,30.4,33.0,32.7,32.04,1.01,0.46,76,80,8.5,25.1,0.1,-0.2113,-0.9774,32.2,32.0,32.0,station
2026-07-15,30.8,32.9,31.5,33.0,32.9,30.9,32.7,31.5,33.4,33.2,32.22,1.01,-0.12,75,80,10.9,23.64,0.0,-0.2281,-0.9736,32.6,33.0,33.0,station
2026-07-16,31.1,33.2,32.0,32.9,33.2,30.9,33.0,31.9,32.5,33.1,32.48,0.91,0.2,73,35,14.0,26.14,0.1,-0.2448,-0.9696,32.4,33.0,33.0,station
2026-07-17,30.9,33.2,31.7,31.9,33.0,30.7,33.1,30.9,31.3,32.4,32.14,0.96,0.46,70,61,16.9,26.09,0.1,-0.2614,-0.9652,33.0,32.0,32.0,station
2026-07-18,29.9,33.1,31.8,32.1,33.3,29.6,33.1,30.9,31.5,33.1,32.04,1.36,0.4,70,49,18.2,25.12,1.0,-0.278,-0.9606,33.3,32.0,32.0,station
2026-07-19,30.8,32.5,32.1,31.6,33.4,30.4,32.2,31.7,31.9,33.9,32.08,0.97,0.06,75,28,17.1,24.77,3.1,-0.2945,-0.9557,32.3,33.0,33.0,station
2026-07-20,30.2,32.3,32.1,32.9,33.4,30.6,32.4,32.1,32.9,33.3,32.18,1.22,-0.08,76,50,12.4,24.43,7.5,-0.3109,-0.9505,33.1,33.0,33.0,station
2026-07-21,30.3,32.7,32.2,33.2,32.7,29.9,32.1,31.3,33.2,33.1,32.22,1.13,0.3,74,61,8.7,23.26,3.6,-0.3272,-0.945,33.6,33.0,33.0,station
2026-07-22,31.1,33.1,32.9,33.5,31.2,30.6,32.7,33.4,33.9,31.6,32.36,1.13,-0.08,71,56,10.3,24.62,2.9,-0.3434,-0.9392,33.8,33.0,33.0,station
2026-07-23,30.8,32.6,32.2,34.1,33.5,31.1,32.5,31.8,34.3,31.4,32.64,1.27,0.42,77,93,11.4,22.14,9.2,-0.3595,-0.9332,32.1,32.0,32.0,station
2026-07-24,29.1,30.1,29.6,29.9,28.7,29.0,30.0,30.2,30.5,30.4,29.48,0.58,-0.54,82,99,20.7,14.44,5.1,-0.3755,-0.9268,29.5,30.0,30.0,station
2026-07-25,29.3,29.4,29.6,31.0,28.1,29.6,30.1,29.0,30.6,28.9,29.48,1.03,-0.16,81,100,12.5,16.59,5.3,-0.3914,-0.9202,31.1,32.0,32.0,station
2026-07-26,29.3,31.6,29.0,31.5,29.3,28.7,31.4,25.7,31.1,27.6,30.14,1.29,1.24,81,99,9.9,16.06,2.1,-0.4071,-0.9134,30.2,31.0,31.0,station
2026-07-27,28.8,30.9,30.6,31.6,30.3,29.5,30.5,29.8,32.1,29.1,30.44,1.04,0.24,78,94,11.2,19.3,5.0,-0.4228,-0.9062,32.2,33.0,33.0,station
2026-07-28,30.5,31.3,31.3,32.6,30.9,30.7,31.2,30.8,32.0,30.9,31.32,0.79,0.2,82,96,9.6,23.18,13.2,-0.4383,-0.8988,33.2,,,
