datum,p1_ifs,p1_aifs,p1_gfs,p1_icon,p1_gem,p2_ifs,p2_aifs,p2_gfs,p2_icon,p2_gem,mm_gem,mm_spreiding,run2run,rh_gem,bewolking_gem,wind_max,instraling_som,neerslag_som,doy_sin,doy_cos,era5_max,station_max,doel,doelbron
2023-11-01,,,4.4,,,,,5.7,,,,,,68,41,17.7,9.41,0.0,-0.8606,0.5093,4.7,4.0,4.0,station
2023-11-02,,,8.7,,,,,8.8,,,,,,59,67,25.2,8.4,0.0,-0.8517,0.524,9.2,11.0,11.0,station
2023-11-03,,,13.1,,,,,12.5,,,,,,57,71,24.7,10.28,0.2,-0.8426,0.5386,13.7,15.0,15.0,station
2023-11-04,,,11.1,,,,,11.1,,,,,,76,91,18.4,6.59,3.1,-0.8332,0.553,12.6,11.0,11.0,station
2023-11-05,,,10.4,,,,,10.6,,,,,,78,64,11.4,7.2,0.0,-0.8235,0.5672,9.9,9.0,9.0,station
2023-11-06,,,12.6,,,,,12.8,,,,,,81,91,28.2,5.78,1.7,-0.8137,0.5813,13.3,13.0,13.0,station
2023-11-07,,,12.7,,,,,12.5,,,,,,72,76,23.3,3.75,0.0,-0.8035,0.5952,13.2,13.0,13.0,station
2023-11-08,,,2.2,,,,,2.9,,,,,,73,82,23.9,4.43,12.8,-0.7932,0.609,3.2,3.0,3.0,station
2023-11-09,,,8.1,,,,,8.8,,,,,,74,60,23.9,6.34,9.9,-0.7826,0.6225,11.0,10.0,10.0,station
2023-11-10,,,8.8,,,,,8.9,,,,,,60,30,25.6,9.55,0.0,-0.7718,0.6359,10.2,10.0,10.0,station
2023-11-11,,,4.6,,,,,4.4,,,,,,74,72,10.8,4.35,0.0,-0.7607,0.6491,5.7,4.0,4.0,station
2023-11-12,,,5.9,,,,,5.8,,,,,,80,62,10.7,7.64,0.0,-0.7494,0.6621,5.1,5.0,5.0,station
2023-11-13,,,11.6,,,,,12.6,,,,,,77,27,23.3,9.77,0.2,-0.7379,0.6749,12.4,14.0,14.0,station
2023-11-14,,,8.9,,,,,9.4,,,,,,75,47,22.5,7.13,0.0,-0.7262,0.6875,9.1,9.0,9.0,station
2023-11-15,,,12.9,,,,,13.0,,,,,,78,61,13.9,8.15,0.0,-0.7143,0.6998,13.4,15.0,15.0,station
2023-11-16,,,13.0,,,,,13.8,,,,,,80,59,14.6,8.63,0.0,-0.7021,0.712,11.3,12.0,12.0,station
2023-11-17,,,13.7,,,,,12.7,,,,,,66,91,23.2,2.62,1.9,-0.6898,0.724,15.0,14.0,14.0,station
2023-11-18,,,7.3,,,,,7.2,,,,,,67,28,18.8,8.51,0.0,-0.6772,0.7358,7.6,9.0,9.0,station
2023-11-19,,,5.2,,,,,7.5,,,,,,70,31,22.5,6.65,0.0,-0.6645,0.7473,6.3,6.0,6.0,station
2023-11-20,,,1.9,,,,,2.5,,,,,,70,54,14.5,8.72,0.0,-0.6515,0.7586,0.9,0.0,0.0,station
2023-11-21,,,5.4,,,,,6.9,,,,,,83,100,23.5,1.63,10.2,-0.6384,0.7697,4.6,5.0,5.0,station
2023-11-22,,,5.7,,,,,8.1,,,,,,87,95,20.5,2.81,2.0,-0.625,0.7806,6.3,7.0,7.0,station
2023-11-23,,,6.7,,,,,7.6,,,,,,72,77,25.3,3.92,0.0,-0.6115,0.7912,7.7,7.0,7.0,station
2023-11-24,,,1.7,,,,,1.7,,,,,,62,55,23.4,4.0,0.0,-0.5978,0.8016,0.4,1.0,1.0,station
2023-11-25,,,3.3,,,,,3.3,,,,,,71,71,14.2,6.42,0.0,-0.584,0.8118,3.2,3.0,3.0,station
2023-11-26,,,5.4,,,,,3.6,,,,,,81,88,17.1,6.3,8.0,-0.5699,0.8217,5.8,6.0,6.0,station
2023-11-27,,,2.2,,,,,2.4,,,,,,69,85,27.6,5.56,0.5,-0.5557,0.8314,3.3,3.0,3.0,station
2023-11-28,,,-0.7,,,,,-1.2,,,,,,59,34,29.0,8.52,0.0,-0.5413,0.8408,-0.3,-1.0,-1.0,station
2023-11-29,,,-0.4,,,,,0.5,,,,,,65,72,26.8,3.54,0.5,-0.5268,0.85,0.7,0.0,0.0,station
2023-11-30,,,6.5,,,,,5.4,,,,,,75,40,21.8,8.15,0.0,-0.5121,0.859,8.9,10.0,10.0,station
2023-12-01,,,5.7,,,,,5.3,,,,,,89,100,17.1,0.98,9.7,-0.4972,0.8676,8.1,9.0,9.0,station
2023-12-02,,,2.9,,,,,4.4,,,,,,91,100,12.8,1.88,3.9,-0.4822,0.8761,4.2,3.0,3.0,station
2023-12-03,,,2.8,,,,,3.5,,,,,,88,100,14.8,1.54,5.1,-0.4671,0.8842,3.3,3.0,3.0,station
2023-12-04,,,3.0,,,,,4.4,,,,,,78,88,18.3,5.13,0.3,-0.4518,0.8921,4.4,3.0,3.0,station
2023-12-05,,,2.4,,,,,2.5,,,,,,82,88,10.4,2.2,0.6,-0.4364,0.8998,2.1,2.0,2.0,station
2023-12-06,,,1.4,,,,,1.4,,,,,,77,77,14.0,5.3,1.2,-0.4208,0.9071,1.6,0.0,0.0,station
2023-12-07,,,3.0,,,,,4.8,,,,,,81,97,19.5,4.52,1.7,-0.4052,0.9142,5.3,4.0,4.0,station
2023-12-08,,,7.1,,,,,6.7,,,,,,89,74,15.2,6.88,0.0,-0.3894,0.9211,6.8,7.0,7.0,station
2023-12-09,,,11.4,,,,,11.4,,,,,,79,98,20.3,4.37,3.4,-0.3735,0.9276,13.2,13.0,13.0,station
2023-12-10,,,11.2,,,,,9.3,,,,,,77,93,19.1,3.88,4.7,-0.3575,0.9339,9.9,10.0,10.0,station
2023-12-11,,,2.2,,,,,2.4,,,,,,65,94,24.4,3.15,0.0,-0.3413,0.9399,1.3,2.0,2.0,station
2023-12-12,,,4.3,,,,,5.2,,,,,,63,56,31.5,6.56,0.0,-0.3251,0.9457,5.5,5.0,5.0,station
2023-12-13,,,1.8,,,,,1.8,,,,,,58,43,26.1,4.87,0.0,-0.3088,0.9511,1.3,3.0,3.0,station
2023-12-14,,,4.5,,,,,4.4,,,,,,61,56,19.5,6.77,0.0,-0.2924,0.9563,6.9,5.0,5.0,station
2023-12-15,,,8.9,,,,,8.5,,,,,,74,31,25.2,7.41,0.0,-0.2759,0.9612,10.5,13.0,13.0,station
2023-12-16,,,5.2,,,,,5.9,,,,,,92,100,16.1,2.91,0.6,-0.2593,0.9658,5.2,7.0,7.0,station
2023-12-17,,,7.4,,,,,7.9,,,,,,85,98,17.3,0.96,7.0,-0.2427,0.9701,6.8,7.0,7.0,station
2023-12-18,,,6.3,,,,,6.6,,,,,,90,100,31.8,1.53,3.3,-0.226,0.9741,6.1,6.0,6.0,station
2023-12-19,,,-0.3,,,,,-0.2,,,,,,63,55,33.8,7.04,0.6,-0.2092,0.9779,-0.8,-1.0,-1.0,station
2023-12-20,,,2.7,,,,,2.8,,,,,,66,60,18.7,6.25,0.0,-0.1923,0.9813,4.6,3.0,3.0,station
2023-12-21,,,-0.1,,,,,-0.2,,,,,,73,69,16.3,6.36,0.0,-0.1754,0.9845,0.1,2.0,2.0,station
2023-12-22,,,1.3,,,,,1.3,,,,,,80,96,15.5,3.07,0.0,-0.1585,0.9874,-0.5,1.0,1.0,station
2023-12-23,,,2.4,,,,,2.9,,,,,,95,99,12.1,1.03,9.6,-0.1414,0.9899,2.6,4.0,4.0,station
2023-12-24,,,4.1,,,,,4.3,,,,,,95,98,8.8,2.27,0.2,-0.1244,0.9922,4.1,5.0,5.0,station
2023-12-25,,,6.2,,,,,6.8,,,,,,98,100,11.1,2.69,0.0,-0.1073,0.9942,7.1,7.0,7.0,station
2023-12-26,,,6.4,,,,,6.5,,,,,,97,99,10.2,1.98,0.4,-0.0902,0.9959,7.4,7.0,7.0,station
2023-12-27,,,6.5,,,,,7.3,,,,,,97,100,13.3,0.99,19.5,-0.073,0.9973,7.8,8.0,8.0,station
2023-12-28,,,6.6,,,,,6.1,,,,,,97,100,10.5,1.02,2.8,-0.0559,0.9984,7.2,8.0,8.0,station
2023-12-29,,,7.3,,,,,7.2,,,,,,92,100,16.7,2.14,11.5,-0.0387,0.9993,7.4,6.0,6.0,station
2023-12-30,,,,,,,,,,,,,,75,96,16.3,4.31,0.2,-0.0215,0.9998,2.7,2.0,2.0,station
2023-12-31,,,,,,,,,,,,,,85,100,11.3,1.96,3.3,-0.0043,1.0,1.6,,,
2024-01-01,,,,,,,,,,,,,,75,91,11.9,3.52,0.9,0.0172,0.9999,-0.4,-1.0,-1.0,station
2024-01-02,,,,,,,,,,,,,,70,67,23.4,6.89,0.0,0.0344,0.9994,3.0,1.0,1.0,station
2024-01-03,,,,,,,,,,,,,,78,99,17.7,2.96,0.0,0.0516,0.9987,3.6,2.0,2.0,station
2024-01-04,,,,,,,,,,,,,,63,44,22.1,7.19,0.0,0.0688,0.9976,-0.1,1.0,1.0,station
2024-01-05,,,,,,,,,,,,,,63,96,19.8,3.73,0.1,0.0859,0.9963,-0.1,-1.0,-1.0,station
2024-01-06,,,,,,,,,,,,,,76,100,23.2,2.73,2.1,0.103,0.9947,1.3,1.0,1.0,station
2024-01-07,,,,,,,,,,,,,,78,92,14.6,5.0,1.8,0.1201,0.9928,2.7,0.0,0.0,station
2024-01-08,,,,,,,,,,,,,,83,70,13.0,3.14,0.2,0.1372,0.9905,3.6,3.0,3.0,station
2024-01-09,,,,,,,,,,,,,,91,100,28.1,0.74,28.4,0.1542,0.988,4.0,5.0,5.0,station
2024-01-10,,,,,,,,,,,,,,77,94,35.2,4.11,3.1,0.1712,0.9852,5.0,6.0,6.0,station
2024-01-11,,,,,,,,,,,,,,85,92,13.4,2.26,3.6,0.1881,0.9821,2.4,2.0,2.0,station
2024-01-12,,,,,,,,,,,,,,87,92,38.1,3.52,10.5,0.205,0.9788,2.6,1.0,1.0,station
2024-01-13,,,,,,,,,,,,,,78,99,33.7,3.63,9.7,0.2218,0.9751,4.4,5.0,5.0,station
2024-01-14,,,,,,,,,,,,,,67,86,35.5,7.21,0.1,0.2385,0.9711,-4.3,-3.0,-3.0,station
2024-01-15,,,,,,,,,,,,,,63,46,22.1,8.87,0.0,0.2552,0.9669,-8.4,-9.0,-9.0,station
2024-01-16,,,,,,,,,,,,,,68,78,20.5,5.57,1.9,0.2718,0.9624,-7.1,-8.0,-8.0,station
2024-01-17,,,,,,,,,,,,,,59,36,30.1,9.1,0.0,0.2883,0.9575,-8.1,-9.0,-9.0,station
2024-01-18,,,,,,,,,,,,,,70,95,20.2,3.63,0.3,0.3047,0.9524,-3.3,-4.0,-4.0,station
2024-01-19,,,-10.3,-10.2,-9.5,,,,,,,,,69,100,20.0,5.44,0.0,0.3211,0.9471,-7.7,-6.0,-6.0,station
2024-01-20,,,-8.2,-8.6,-9.2,,,-6.9,-8.7,-9.9,,,,63,98,20.6,4.53,0.1,0.3373,0.9414,-7.3,-8.0,-8.0,station
2024-01-21,,,-3.3,-3.2,-1.8,,,-3.5,-3.7,-2.4,,,,66,60,17.8,6.9,0.4,0.3534,0.9355,-1.4,-2.0,-2.0,station
2024-01-22,,,-3.0,-2.1,-2.3,,,-1.2,-1.9,-2.3,,,,72,84,20.7,3.18,0.5,0.3695,0.9292,0.1,-1.0,-1.0,station
2024-01-23,,,0.8,0.0,0.1,,,0.1,-0.1,-0.2,,,,92,100,12.6,2.25,6.2,0.3854,0.9227,0.3,1.0,1.0,station
2024-01-24,,,2.7,1.3,2.6,,,0.7,1.2,3.3,,,,99,100,13.5,1.63,8.5,0.4012,0.916,1.7,2.0,2.0,station
2024-01-25,,,3.4,2.3,3.4,,,1.1,2.1,5.3,,,,95,100,10.6,3.73,0.5,0.4169,0.9089,4.2,3.0,3.0,station
2024-01-26,,,4.2,3.6,4.0,,,1.4,4.3,6.9,,,,88,93,20.9,6.04,25.6,0.4325,0.9016,6.5,4.0,4.0,station
2024-01-27,,,3.0,3.0,5.7,,,2.1,3.0,5.6,,,,91,99,9.5,4.36,0.0,0.4479,0.8941,4.6,3.0,3.0,station
2024-01-28,,,3.7,1.5,2.4,,,2.6,1.6,2.1,,,,90,100,15.5,2.21,1.3,0.4633,0.8862,3.1,3.0,3.0,station
2024-01-29,,,1.2,2.5,2.2,,,1.7,0.8,3.2,,,,80,64,15.8,8.31,0.0,0.4784,0.8781,4.5,4.0,4.0,station
2024-01-30,,,1.0,3.0,1.9,,,4.7,2.8,1.9,,,,84,100,19.1,3.22,0.4,0.4935,0.8698,2.4,2.0,2.0,station
2024-01-31,,,4.1,3.8,7.3,,,3.8,4.3,5.9,,,,86,89,16.1,5.96,0.0,0.5084,0.8611,4.8,5.0,5.0,station
2024-02-01,,,4.3,3.9,5.4,,,4.1,3.7,6.3,,,,86,100,17.9,3.09,0.3,0.5231,0.8523,4.9,4.0,4.0,station
2024-02-02,,,1.5,2.3,2.2,,,1.1,2.2,2.8,,,,82,64,21.9,8.92,0.0,0.5377,0.8432,2.3,4.0,4.0,station
2024-02-03,,,0.6,2.1,4.1,,,2.2,2.3,3.2,,,,81,2,10.6,10.89,0.0,0.5521,0.8338,3.5,3.0,3.0,station
2024-02-04,6.0,,2.4,1.8,6.6,,,4.2,2.4,5.9,4.2,2.45,,76,4,13.6,10.69,0.0,0.5664,0.8242,5.8,3.0,3.0,station
2024-02-05,4.7,,0.6,4.1,5.6,4.4,,2.9,3.1,3.4,3.75,2.19,0.3,79,57,13.4,7.48,0.0,0.5805,0.8143,4.9,3.0,3.0,station
2024-02-06,3.1,,1.3,1.9,3.6,2.9,,1.9,1.6,2.6,2.48,1.06,0.23,73,13,11.9,11.58,0.0,0.5944,0.8042,3.5,3.0,3.0,station
2024-02-07,5.0,,4.3,3.8,4.0,5.0,,4.3,3.4,3.6,4.28,0.53,0.2,75,83,10.5,10.1,0.0,0.6081,0.7938,5.5,4.0,4.0,station
2024-02-08,5.2,,8.0,5.7,7.0,5.5,,5.9,5.6,5.5,6.47,1.27,0.85,87,80,11.3,7.49,0.0,0.6217,0.7833,5.6,7.0,7.0,station
2024-02-09,12.7,,12.0,12.0,14.0,11.2,,11.0,10.7,13.2,12.68,0.94,1.15,74,36,27.6,10.88,0.7,0.6351,0.7725,14.3,15.0,15.0,station
2024-02-10,8.6,,5.7,8.3,9.5,9.9,,9.4,9.0,8.5,8.03,1.63,-1.17,73,25,19.0,11.9,0.3,0.6483,0.7614,9.6,12.0,12.0,station
2024-02-11,4.1,,3.2,3.1,4.5,3.3,,4.7,2.6,3.5,3.73,0.68,0.2,71,97,13.8,7.13,0.0,0.6613,0.7502,4.3,3.0,3.0,station
2024-02-12,4.7,,3.1,3.7,4.0,4.9,,4.9,3.2,4.0,3.88,0.67,-0.38,71,71,10.2,6.15,0.0,0.6741,0.7387,3.9,4.0,4.0,station
2024-02-13,3.4,,2.4,2.8,2.7,1.9,,3.4,2.3,3.6,2.83,0.42,0.03,68,69,26.0,10.82,0.2,0.6867,0.727,4.8,6.0,6.0,station
2024-02-14,0.1,,-1.3,-1.5,1.1,0.4,,-0.1,-1.6,0.4,-0.4,1.23,-0.17,48,44,19.2,12.83,0.0,0.6991,0.715,0.6,0.0,0.0,station
2024-02-15,-0.8,,0.5,-0.8,-0.9,-0.7,,0.7,-1.6,0.7,-0.5,0.67,-0.27,74,72,34.4,3.11,5.7,0.7113,0.7029,0.2,1.0,1.0,station
2024-02-16,-0.1,,-1.8,-1.3,-1.6,-1.2,,-1.3,-1.6,-0.2,-1.2,0.76,-0.12,68,75,29.5,5.54,1.0,0.7233,0.6906,-1.3,-1.0,-1.0,station
2024-02-17,-5.6,,-5.0,-4.9,-3.7,-3.9,,-4.5,-5.2,-3.2,-4.8,0.8,-0.6,64,76,24.0,12.09,0.1,0.735,0.678,-5.2,-4.0,-4.0,station
2024-02-18,0.0,,-0.2,-0.8,-1.6,-0.2,,0.7,-1.3,-0.1,-0.65,0.72,-0.42,67,90,31.4,8.01,1.5,0.7466,0.6653,-0.1,0.0,0.0,station
2024-02-19,-1.3,,-0.8,-2.5,-2.0,-0.8,,-1.1,-2.7,-2.5,-1.65,0.75,0.13,68,18,21.5,14.08,0.0,0.7579,0.6523,-1.7,-3.0,-3.0,station
2024-02-20,2.4,,3.8,2.2,3.5,1.7,,0.9,0.4,1.3,2.98,0.79,1.9,68,53,13.2,14.17,0.0,0.769,0.6392,3.5,3.0,3.0,station
2024-02-21,9.6,,11.8,6.7,8.8,7.8,,5.8,5.3,8.3,9.22,2.11,2.42,67,71,20.0,11.34,0.1,0.7799,0.6259,10.3,9.0,9.0,station
2024-02-22,11.0,,13.1,11.1,10.7,9.9,,3.4,6.3,10.1,11.47,1.1,4.05,74,99,15.9,9.12,3.2,0.7906,0.6124,9.8,11.0,11.0,station
2024-02-23,8.3,,9.5,7.0,8.1,6.6,,5.5,6.1,5.5,8.22,1.02,2.3,68,53,28.8,13.36,0.0,0.801,0.5987,10.3,11.0,11.0,station
2024-02-24,-3.2,,-4.7,-4.3,-3.2,-3.1,,-2.5,-4.4,-3.8,-3.85,0.77,-0.4,39,15,22.7,15.33,0.0,0.8112,0.5848,-2.9,-4.0,-4.0,station
2024-02-25,5.9,,5.2,3.5,4.9,6.0,,4.5,3.1,4.3,4.88,1.01,0.4,52,61,23.9,11.13,0.0,0.8211,0.5708,6.4,5.0,5.0,station
2024-02-26,9.0,,7.3,6.8,8.0,8.0,,6.2,6.6,8.3,7.78,0.95,0.5,71,49,11.9,15.02,0.0,0.8308,0.5566,7.6,8.0,8.0,station
2024-02-27,10.7,,11.4,10.4,12.0,12.1,,11.4,10.7,14.0,11.12,0.72,-0.93,81,61,21.3,9.94,1.6,0.8402,0.5422,14.0,11.0,11.0,station
2024-02-28,12.6,,14.5,13.5,15.7,11.9,,12.4,11.6,15.0,14.07,1.33,1.35,75,79,39.7,11.31,2.4,0.8495,0.5277,15.9,16.0,16.0,station
2024-02-29,-2.6,,-4.1,-4.0,-2.8,-2.8,,-1.3,-4.0,-2.3,-3.38,0.78,-0.77,43,59,28.7,10.57,0.0,0.8584,0.513,-2.8,-3.0,-3.0,station
2024-03-01,9.7,,8.8,5.5,8.4,9.8,,7.0,5.3,7.1,8.1,1.82,0.8,56,60,17.3,15.91,0.0,0.8671,0.4981,9.4,8.0,8.0,station
2024-03-02,7.3,,7.3,4.9,9.3,9.5,,7.0,4.7,9.3,7.2,1.8,-0.42,84,97,11.6,3.74,1.0,0.8755,0.4831,7.0,7.0,7.0,station
2024-03-03,9.4,,7.6,8.3,11.9,9.4,,9.7,8.0,9.8,9.3,1.89,0.08,95,95,14.9,7.5,0.0,0.8837,0.468,9.5,8.0,8.0,station
2024-03-04,14.3,,12.7,12.6,12.9,14.1,,15.0,12.7,14.9,13.12,0.79,-1.05,92,86,13.2,15.21,0.0,0.8916,0.4527,13.9,16.0,16.0,station
2024-03-05,17.0,,15.2,13.0,17.9,15.8,,15.3,12.7,17.4,15.77,2.16,0.47,82,55,21.3,13.9,1.4,0.8993,0.4373,18.7,15.0,15.0,station
2024-03-06,7.6,,7.2,8.6,7.7,7.0,,8.7,9.8,8.0,7.78,0.59,-0.6,87,100,19.1,3.54,2.2,0.9067,0.4218,7.2,8.0,8.0,station
2024-03-07,10.8,,10.0,9.7,11.2,11.5,,8.4,7.4,9.1,10.43,0.69,1.33,66,37,16.0,17.39,0.3,0.9138,0.4061,10.3,10.0,10.0,station
2024-03-08,7.9,,9.4,6.9,8.8,8.3,,7.2,7.0,8.3,8.25,1.09,0.55,73,98,18.0,14.02,0.7,0.9207,0.3904,9.2,9.0,9.0,station
2024-03-09,9.5,,8.6,7.6,9.6,9.0,,9.6,7.7,9.0,8.82,0.93,0.0,83,97,27.4,5.39,12.0,0.9272,0.3745,10.7,10.0,10.0,station
2024-03-10,3.3,,3.4,4.3,3.8,3.1,,5.3,4.3,3.1,3.7,0.45,-0.25,65,100,31.6,8.72,0.3,0.9335,0.3585,3.3,4.0,4.0,station
2024-03-11,7.3,,7.6,6.3,8.6,7.6,,5.7,6.1,7.8,7.45,0.95,0.65,50,44,25.2,16.47,0.0,0.9396,0.3424,7.8,7.0,7.0,station
2024-03-12,15.7,,16.4,13.1,15.6,15.5,,14.9,13.0,14.1,15.2,1.44,0.82,75,70,13.0,16.77,0.0,0.9453,0.3261,14.0,14.0,14.0,station
2024-03-13,18.4,,18.4,18.2,19.8,17.4,,18.2,18.3,16.3,18.7,0.74,1.15,58,52,19.6,18.18,0.1,0.9508,0.3098,19.2,20.0,20.0,station
2024-03-14,10.8,10.8,14.0,10.7,13.1,13.5,,11.6,11.3,12.3,11.88,1.56,-0.3,77,98,19.4,7.91,14.8,0.956,0.2934,12.4,11.0,11.0,station
2024-03-15,11.8,10.4,6.7,11.3,10.5,10.3,10.5,6.9,12.1,10.3,10.14,2.01,0.12,78,78,19.8,10.68,1.9,0.9609,0.2769,12.1,11.0,11.0,station
2024-03-16,11.0,9.3,8.5,9.6,10.3,11.5,9.4,10.0,10.9,9.6,9.74,0.96,-0.54,77,80,26.9,9.15,2.9,0.9655,0.2604,11.5,10.0,10.0,station
2024-03-17,5.0,5.0,3.8,5.6,5.3,5.1,4.4,5.2,5.3,5.3,4.94,0.68,-0.12,66,30,25.0,16.76,0.4,0.9698,0.2437,6.1,6.0,6.0,station
2024-03-18,2.9,1.7,0.5,2.1,1.7,4.2,0.8,2.5,2.3,3.6,1.78,0.87,-0.9,58,89,24.7,10.43,0.1,0.9739,0.227,3.8,2.0,2.0,station
2024-03-19,1.3,0.3,1.8,1.2,0.8,2.3,0.4,3.3,1.5,1.4,1.08,0.56,-0.7,66,95,27.8,5.84,1.6,0.9777,0.2102,1.4,1.0,1.0,station
2024-03-20,0.7,0.0,1.0,0.3,0.7,0.8,0.3,1.7,-0.3,2.4,0.54,0.39,-0.44,55,52,37.4,17.1,0.1,0.9811,0.1934,0.7,1.0,1.0,station
2024-03-21,-1.5,-2.9,-2.6,-2.4,-0.7,-1.4,-3.4,-1.8,-2.6,-1.2,-2.02,0.9,0.06,45,26,24.2,18.69,0.0,0.9843,0.1765,-0.9,-2.0,-2.0,station
2024-03-22,-2.4,-3.9,-1.2,-2.5,-3.1,-2.1,-3.5,-1.7,-3.1,-1.5,-2.62,0.99,-0.24,73,82,17.3,4.72,6.3,0.9872,0.1595,-2.5,-3.0,-3.0,station
2024-03-23,2.0,0.1,1.1,1.6,3.0,1.5,0.1,1.1,1.5,4.0,1.56,1.07,-0.08,68,56,19.3,20.24,0.9,0.9898,0.1425,1.8,2.0,2.0,station
2024-03-24,-0.1,1.5,0.7,-0.1,0.9,0.7,0.8,0.1,0.1,0.1,0.58,0.69,0.22,57,29,15.5,21.1,0.0,0.9921,0.1255,1.5,0.0,0.0,station
2024-03-25,8.2,9.0,9.8,7.7,9.6,5.2,8.0,4.5,5.9,6.4,8.86,0.9,2.86,60,58,18.4,20.12,0.0,0.9941,0.1084,9.6,9.0,9.0,station
2024-03-26,7.5,7.6,11.9,6.4,7.0,9.2,9.4,6.3,7.5,7.2,8.08,2.19,0.16,72,97,18.7,5.1,6.6,0.9958,0.0913,8.4,10.0,10.0,station
2024-03-27,11.5,8.4,9.0,11.9,11.8,11.5,8.2,9.5,12.0,11.8,10.52,1.68,-0.08,75,79,24.2,15.0,1.4,0.9972,0.0741,11.4,11.0,11.0,station
2024-03-28,9.3,8.2,5.7,7.6,9.5,8.7,7.7,8.6,8.7,7.9,8.06,1.53,-0.26,60,7,20.9,21.36,0.0,0.9984,0.057,10.1,9.0,9.0,station
2024-03-29,9.0,5.5,3.9,6.0,6.0,8.0,5.4,7.8,5.6,5.7,6.08,1.85,-0.42,63,38,22.3,14.78,0.0,0.9992,0.0398,6.4,7.0,7.0,station
2024-03-30,7.2,6.1,10.5,5.4,7.1,7.9,6.6,7.7,4.6,6.8,7.26,1.96,0.54,72,67,12.4,16.43,0.5,0.9997,0.0226,7.0,7.0,7.0,station
2024-03-31,10.9,7.9,8.0,9.5,11.5,11.2,7.5,9.3,8.3,9.0,9.56,1.64,0.5,69,89,14.8,14.22,0.0,1.0,0.0054,10.1,10.0,10.0,station
2024-04-01,11.3,10.4,10.3,11.4,13.5,11.7,9.7,11.2,10.3,11.7,11.38,1.29,0.46,62,87,14.4,20.24,0.0,0.9999,-0.0118,12.3,11.0,11.0,station
2024-04-02,4.9,5.3,6.4,6.2,7.6,8.0,5.3,6.2,5.7,5.9,6.08,1.05,-0.14,73,100,34.2,5.0,3.7,0.9996,-0.029,5.8,7.0,7.0,station
2024-04-03,5.9,6.1,7.2,4.7,5.8,6.5,6.3,6.4,6.7,5.6,5.94,0.89,-0.36,97,100,34.0,2.88,36.8,0.9989,-0.0462,6.5,6.0,6.0,station
2024-04-04,2.6,2.6,2.3,3.3,2.9,3.8,2.8,1.4,3.0,2.0,2.74,0.38,0.14,90,99,23.2,6.09,6.1,0.998,-0.0634,4.0,3.0,3.0,station
2024-04-05,5.5,3.7,3.8,4.1,3.9,4.6,4.3,5.0,5.0,5.3,4.2,0.74,-0.64,73,93,27.9,16.55,0.6,0.9968,-0.0805,6.2,6.0,6.0,station
2024-04-06,10.9,12.4,7.2,10.8,11.5,10.7,12.2,5.4,9.9,8.6,10.56,1.98,1.2,61,26,23.1,23.31,0.0,0.9952,-0.0977,11.9,12.0,12.0,station
2024-04-07,13.9,14.9,11.4,12.2,13.4,12.6,14.5,10.8,10.5,9.9,13.16,1.38,1.5,56,14,17.7,23.55,0.0,0.9934,-0.1148,14.2,15.0,15.0,station
2024-04-08,11.7,14.0,9.9,10.2,11.8,11.4,15.6,10.6,10.9,9.6,11.52,1.63,-0.1,60,72,11.8,14.75,0.0,0.9913,-0.1319,12.7,13.0,13.0,station
2024-04-09,18.3,20.2,19.7,16.7,19.6,18.2,20.3,15.7,17.0,16.8,18.9,1.42,1.3,74,49,15.3,19.79,2.0,0.9889,-0.1489,17.6,18.0,18.0,station
2024-04-10,18.4,18.6,19.0,17.6,21.2,17.8,18.0,17.2,16.6,16.7,18.96,1.35,1.7,63,77,14.4,20.23,0.0,0.9861,-0.1659,18.8,18.0,18.0,station
2024-04-11,16.5,12.9,15.3,12.3,16.0,13.4,13.6,14.5,12.8,15.5,14.6,1.89,0.64,87,100,16.9,5.6,20.4,0.9831,-0.1828,14.2,14.0,14.0,station
2024-04-12,12.9,12.2,15.1,11.2,14.1,14.0,13.3,13.6,11.7,13.7,13.1,1.54,-0.16,85,100,35.2,8.07,23.2,0.9799,-0.1997,11.8,13.0,13.0,station
2024-04-13,11.4,10.6,6.0,10.1,11.7,10.5,10.3,7.7,11.2,10.4,9.96,2.3,-0.06,68,70,37.4,15.79,3.7,0.9763,-0.2165,11.5,11.0,11.0,station
2024-04-14,20.0,16.9,15.1,18.9,13.0,18.0,20.2,12.8,13.7,14.7,16.78,2.83,0.9,75,62,12.8,17.77,4.4,0.9724,-0.2333,17.6,16.0,16.0,station
2024-04-15,16.2,16.6,15.1,15.7,17.8,15.3,16.8,12.7,15.4,15.4,16.28,1.02,1.16,65,17,27.5,21.32,0.0,0.9683,-0.25,16.7,16.0,16.0,station
2024-04-16,17.1,17.1,16.3,14.9,16.5,16.8,16.9,14.6,15.3,14.5,16.38,0.9,0.76,56,25,14.7,24.91,0.0,0.9638,-0.2666,16.6,16.0,16.0,station
2024-04-17,9.5,9.7,9.1,9.0,10.3,8.5,8.4,9.6,8.8,8.1,9.52,0.52,0.84,75,97,28.1,8.07,14.1,0.9591,-0.2831,9.6,10.0,10.0,station
2024-04-18,17.2,12.9,12.6,14.9,14.6,15.8,12.3,12.3,16.8,16.7,14.44,1.84,-0.34,76,88,19.6,14.8,0.9,0.9541,-0.2996,16.6,13.0,13.0,station
2024-04-19,14.5,11.8,12.7,14.1,14.3,16.0,11.9,14.2,15.1,14.8,13.48,1.18,-0.92,73,70,26.5,15.42,2.4,0.9488,-0.316,15.2,15.0,15.0,station
2024-04-20,7.2,6.8,5.7,7.3,8.0,7.5,6.9,8.8,8.7,8.0,7.0,0.85,-0.98,53,66,26.8,18.23,0.7,0.9432,-0.3322,9.3,8.0,8.0,station
2024-04-21,9.5,9.8,9.5,10.2,11.2,10.0,10.3,11.4,9.6,10.5,10.04,0.71,-0.32,55,57,28.5,16.83,0.0,0.9373,-0.3484,9.5,9.0,9.0,station
2024-04-22,13.8,13.6,15.0,12.6,15.8,11.8,12.6,12.0,10.0,9.5,14.16,1.25,2.98,55,24,16.7,24.03,0.0,0.9312,-0.3645,13.5,13.0,13.0,station
2024-04-23,15.1,16.2,15.5,14.3,17.2,14.1,16.1,10.1,13.6,15.9,15.66,1.1,1.7,57,100,31.1,14.57,1.9,0.9248,-0.3804,17.4,17.0,17.0,station
2024-04-24,9.1,9.1,9.5,9.6,10.0,8.8,10.2,9.4,9.7,9.8,9.46,0.38,-0.12,66,58,24.7,19.89,0.5,0.9181,-0.3963,9.7,10.0,10.0,station
2024-04-25,8.3,8.6,8.4,7.3,9.2,8.8,8.3,10.1,8.0,7.5,8.36,0.69,-0.18,62,5,14.8,26.72,0.0,0.9112,-0.412,8.3,8.0,8.0,station
2024-04-26,12.3,12.7,13.0,10.5,12.9,12.4,12.9,13.0,10.6,10.0,12.28,1.03,0.5,55,29,20.2,27.41,0.0,0.9039,-0.4276,12.0,12.0,12.0,station
2024-04-27,17.8,17.1,15.0,14.6,16.6,16.8,16.8,12.4,12.8,15.9,16.22,1.37,1.28,79,91,19.8,9.37,10.1,0.8965,-0.4431,18.6,14.0,14.0,station
2024-04-28,23.4,22.0,20.3,21.4,24.0,21.8,22.0,19.7,23.4,20.8,22.22,1.5,0.68,81,71,21.1,10.59,3.1,0.8887,-0.4585,22.0,22.0,22.0,station
2024-04-29,12.3,12.2,12.6,14.5,14.1,15.1,14.8,12.9,14.5,15.9,13.14,1.08,-1.5,83,99,18.6,13.52,22.0,0.8807,-0.4737,11.9,12.0,12.0,station
2024-04-30,19.0,15.5,13.1,14.4,18.9,16.2,17.2,21.5,20.7,13.7,16.18,2.67,-1.68,86,73,14.3,17.04,6.3,0.8724,-0.4888,16.9,15.0,15.0,station
2024-05-01,18.7,20.1,17.8,15.4,18.0,16.0,19.6,18.6,15.1,16.3,18.0,1.71,0.88,81,34,20.6,21.86,0.0,0.8639,-0.5037,18.2,16.0,16.0,station
2024-05-02,20.0,20.1,18.9,19.0,22.7,18.3,19.4,18.9,18.0,19.7,20.14,1.53,1.28,70,25,18.2,25.71,0.0,0.8551,-0.5185,19.4,20.0,20.0,station
2024-05-03,18.4,16.4,20.8,15.4,20.8,19.2,17.4,18.6,17.9,18.0,18.36,2.48,0.14,80,86,14.7,10.81,2.8,0.846,-0.5331,15.8,16.0,16.0,station
2024-05-04,19.6,19.9,19.2,17.1,22.5,20.3,19.3,15.9,16.8,15.7,19.66,1.93,2.06,83,61,16.8,22.01,0.1,0.8367,-0.5476,19.4,21.0,21.0,station
2024-05-05,20.7,19.4,20.2,19.0,18.5,21.2,18.4,17.4,16.3,20.7,19.56,0.89,0.76,85,79,11.4,11.78,11.3,0.8272,-0.5619,22.0,19.0,19.0,station
2024-05-06,19.5,20.5,20.4,18.8,20.9,20.5,20.7,19.5,19.3,19.4,20.02,0.85,0.14,52,80,14.8,24.98,0.0,0.8174,-0.5761,20.1,19.0,19.0,station
2024-05-07,18.9,20.6,20.5,18.5,21.1,19.0,21.7,19.6,18.1,17.4,19.92,1.15,0.76,60,46,14.2,27.49,0.6,0.8074,-0.59,19.2,20.0,20.0,station
2024-05-08,21.7,18.6,19.7,24.0,23.4,23.4,20.0,22.8,21.5,22.4,21.48,2.32,-0.54,70,59,37.6,22.31,24.0,0.7971,-0.6038,19.9,20.0,20.0,station
2024-05-09,15.2,16.2,15.9,15.6,18.8,15.8,15.5,13.8,14.1,14.7,16.34,1.42,1.56,76,60,13.5,17.99,0.0,0.7866,-0.6175,15.9,16.0,16.0,station
2024-05-10,15.4,16.0,15.2,16.1,18.3,14.9,16.4,15.2,16.3,15.9,16.2,1.23,0.46,69,64,12.3,21.9,2.7,0.7759,-0.6309,15.8,15.0,15.0,station
2024-05-11,15.0,12.7,15.8,14.8,14.8,14.3,13.0,13.7,13.8,14.8,14.62,1.15,0.7,78,77,21.9,16.14,2.3,0.7649,-0.6442,16.2,15.0,15.0,station
2024-05-12,17.8,17.6,18.2,17.9,18.2,17.4,17.3,15.6,18.0,17.7,17.94,0.26,0.74,73,57,15.7,21.12,1.3,0.7537,-0.6572,18.4,19.0,19.0,station
2024-05-13,24.7,23.3,22.9,22.7,23.4,22.6,22.9,21.7,23.1,20.6,23.4,0.78,1.22,69,61,23.0,23.68,4.5,0.7423,-0.6701,25.4,24.0,24.0,station
2024-05-14,20.9,19.5,22.4,20.8,21.7,17.2,18.4,15.2,19.6,16.5,21.06,1.09,3.68,81,93,13.6,15.16,5.2,0.7306,-0.6828,22.3,20.0,20.0,station
2024-05-15,20.6,21.6,22.9,20.8,23.6,20.8,21.8,20.8,21.0,20.8,21.9,1.31,0.86,76,83,16.9,17.41,1.6,0.7188,-0.6952,21.0,20.0,20.0,station
2024-05-16,21.8,22.4,22.1,20.4,23.5,22.0,22.6,21.5,19.8,21.2,22.04,1.12,0.62,72,51,13.6,26.44,0.1,0.7067,-0.7075,21.1,21.0,21.0,station
2024-05-17,19.9,19.2,22.5,21.1,18.7,22.7,18.3,20.0,16.7,17.4,20.28,1.53,1.26,92,96,11.6,9.49,4.8,0.6945,-0.7195,18.5,19.0,19.0,station
2024-05-18,21.6,21.2,20.2,21.2,22.0,22.7,22.1,22.7,21.9,21.4,21.24,0.67,-0.92,89,61,12.3,18.94,0.5,0.682,-0.7314,21.9,21.0,21.0,station
2024-05-19,23.9,25.9,24.3,21.9,25.0,22.5,26.1,26.4,22.5,22.2,24.2,1.49,0.26,87,59,13.2,24.54,0.0,0.6693,-0.743,22.1,24.0,24.0,station
2024-05-20,25.6,27.3,27.9,25.3,27.1,25.2,27.5,26.3,25.8,25.5,26.64,1.13,0.58,72,78,13.5,25.3,0.4,0.6564,-0.7544,26.1,28.0,28.0,station
2024-05-21,28.2,27.1,29.5,28.0,30.1,26.8,24.2,27.7,29.4,25.3,28.58,1.21,1.9,78,64,18.9,21.61,6.3,0.6433,-0.7656,28.2,29.0,29.0,station
2024-05-22,26.3,26.1,28.7,27.4,29.7,26.4,26.6,27.0,26.8,26.3,27.64,1.55,1.02,75,43,27.7,22.12,9.8,0.6301,-0.7765,27.9,29.0,29.0,station
2024-05-23,24.6,25.5,25.2,25.9,25.2,25.0,25.0,23.1,25.9,23.9,25.28,0.48,0.7,53,25,25.5,26.19,0.0,0.6166,-0.7873,24.7,26.0,26.0,station
2024-05-24,24.6,24.5,26.2,26.1,26.3,23.7,25.3,23.8,27.1,25.0,25.54,0.91,0.56,51,10,21.3,29.33,0.0,0.603,-0.7978,25.5,26.0,26.0,station
2024-05-25,20.3,18.7,17.5,21.6,22.8,22.7,18.0,19.2,19.6,21.5,20.18,2.14,-0.02,78,77,14.8,14.94,1.3,0.5892,-0.808,20.9,20.0,20.0,station
2024-05-26,21.6,20.7,21.5,21.6,24.3,21.9,22.3,23.0,21.9,22.0,21.94,1.37,-0.28,76,76,23.5,26.33,0.0,0.5752,-0.818,21.9,22.0,22.0,station
2024-05-27,23.7,18.2,21.0,21.7,24.5,24.2,18.7,22.8,24.4,21.2,21.82,2.48,-0.44,82,87,28.8,14.44,39.3,0.561,-0.8278,25.1,24.0,24.0,station
2024-05-28,17.1,17.4,19.4,19.5,16.3,19.1,17.5,16.4,18.8,20.5,17.94,1.44,-0.52,78,92,20.0,17.37,4.1,0.5467,-0.8373,19.7,20.0,20.0,station
2024-05-29,17.9,17.6,16.1,18.9,20.1,18.0,17.8,16.4,18.0,16.7,18.12,1.49,0.74,65,69,20.3,27.24,0.1,0.5322,-0.8466,19.1,19.0,19.0,station
2024-05-30,18.1,18.4,18.1,18.4,20.7,18.3,18.5,17.3,18.2,17.9,18.74,1.11,0.7,50,1,20.8,30.68,0.0,0.5176,-0.8556,17.8,18.0,18.0,station
2024-05-31,23.6,23.9,23.7,23.5,25.3,23.5,24.0,21.6,22.8,22.2,24.0,0.74,1.18,52,11,13.7,30.18,0.0,0.5028,-0.8644,23.7,24.0,24.0,station
2024-06-01,23.7,24.7,25.7,23.3,26.0,24.5,25.5,23.2,24.1,22.6,24.68,1.19,0.7,61,84,16.1,25.41,0.0,0.4878,-0.8729,23.5,23.0,23.0,station
2024-06-02,18.6,18.4,20.5,18.8,17.2,21.2,19.9,20.4,21.2,21.1,18.7,1.18,-2.06,82,100,10.2,7.88,6.0,0.4728,-0.8812,19.3,18.0,18.0,station
2024-06-03,23.3,22.0,23.4,22.5,25.4,23.6,22.5,23.6,24.3,23.2,23.32,1.3,-0.12,89,69,12.5,20.32,1.0,0.4575,-0.8892,22.5,23.0,23.0,station
2024-06-04,26.1,27.0,28.5,24.6,27.8,25.5,27.1,27.0,25.8,26.7,26.8,1.52,0.38,86,83,11.8,24.52,0.0,0.4422,-0.8969,25.4,27.0,27.0,station
2024-06-05,24.9,25.3,26.2,24.4,24.8,24.0,23.4,25.9,25.6,27.3,25.12,0.68,-0.12,82,100,18.0,16.17,3.0,0.4267,-0.9044,25.4,25.0,25.0,station
2024-06-06,24.0,23.3,23.7,24.6,25.4,24.4,23.1,23.8,26.0,23.8,24.2,0.82,-0.02,69,39,21.6,24.91,2.1,0.4111,-0.9116,24.8,26.0,26.0,station
2024-06-07,18.6,17.8,18.9,19.6,19.8,18.6,18.0,16.1,19.0,18.7,18.94,0.8,0.86,68,62,23.1,19.8,3.2,0.3953,-0.9185,19.8,19.0,19.0,station
2024-06-08,21.2,20.9,22.1,21.1,22.8,20.1,21.1,20.2,20.2,21.1,21.62,0.8,1.08,67,58,25.0,17.25,3.1,0.3795,-0.9252,20.4,21.0,21.0,station
2024-06-09,17.9,16.1,18.4,19.0,20.7,20.9,19.8,20.8,18.1,18.7,18.42,1.67,-1.24,75,53,22.3,17.46,4.1,0.3635,-0.9316,18.8,18.0,18.0,station
2024-06-10,17.2,14.3,14.1,14.7,14.5,16.5,15.1,16.3,18.2,15.3,14.96,1.27,-1.32,69,64,19.8,18.5,0.0,0.3474,-0.9377,18.1,16.0,16.0,station
2024-06-11,18.8,17.7,17.7,18.0,20.1,20.4,19.9,21.6,17.6,18.4,18.46,1.02,-1.12,70,79,14.2,13.95,0.0,0.3312,-0.9436,18.1,18.0,18.0,station
2024-06-12,23.7,23.4,22.6,22.7,24.8,25.0,23.6,23.7,21.9,22.9,23.44,0.89,0.02,75,62,17.7,24.42,0.3,0.3149,-0.9491,21.8,22.0,22.0,station
2024-06-13,28.9,28.3,28.1,30.0,30.0,28.9,27.5,26.1,27.6,26.7,29.06,0.91,1.7,62,78,27.5,24.45,0.9,0.2986,-0.9544,29.5,30.0,30.0,station
2024-06-14,24.2,22.9,24.7,24.0,24.6,24.5,23.4,23.1,23.7,22.3,24.08,0.72,0.68,62,16,19.5,27.05,0.4,0.2821,-0.9594,23.7,24.0,24.0,station
2024-06-15,22.0,21.7,21.9,21.6,23.1,22.5,22.0,22.4,21.1,20.4,22.06,0.6,0.38,58,20,16.2,30.35,0.0,0.2656,-0.9641,22.0,22.0,22.0,station
2024-06-16,23.4,23.1,24.2,21.7,24.1,23.1,23.4,23.4,21.0,20.7,23.3,1.01,0.98,63,96,15.4,26.69,0.0,0.2489,-0.9685,22.8,23.0,23.0,station
2024-06-17,31.6,30.2,33.0,32.2,32.3,32.7,29.4,32.0,35.4,31.9,31.86,1.05,-0.42,68,53,23.1,26.76,0.6,0.2322,-0.9727,31.0,30.0,30.0,station
2024-06-18,33.4,33.0,33.8,31.3,34.2,34.0,32.6,32.9,32.1,30.8,33.14,1.12,0.66,72,61,15.6,25.21,0.8,0.2155,-0.9765,32.7,32.0,32.0,station
2024-06-19,34.6,33.0,35.5,32.1,34.9,33.3,32.5,32.9,31.3,31.4,34.02,1.42,1.74,71,83,16.2,20.43,0.7,0.1986,-0.9801,33.7,34.0,34.0,station
2024-06-20,28.9,29.0,31.4,27.1,33.3,32.1,29.9,30.2,30.7,29.5,29.94,2.42,-0.54,78,80,12.6,20.66,15.0,0.1818,-0.9833,31.9,30.0,30.0,station
2024-06-21,26.2,25.6,27.0,25.6,28.4,28.3,26.8,29.3,26.8,28.4,26.56,1.18,-1.36,86,57,15.9,19.44,10.6,0.1648,-0.9863,26.1,25.0,25.0,station
2024-06-22,26.3,26.0,27.1,26.9,28.4,29.3,25.5,29.6,27.7,25.4,26.94,0.93,-0.56,90,99,16.5,14.4,4.8,0.1478,-0.989,25.2,24.0,24.0,station
2024-06-23,26.4,25.5,27.4,26.4,26.3,27.3,24.7,24.0,29.0,26.5,26.4,0.67,0.1,75,73,38.3,20.83,7.3,0.1308,-0.9914,27.4,26.0,26.0,station
2024-06-24,27.0,27.0,26.1,27.6,27.8,26.6,27.0,24.6,28.0,24.2,27.1,0.66,1.02,57,22,21.6,29.25,0.0,0.1137,-0.9935,27.3,28.0,28.0,station
2024-06-25,28.4,24.0,27.2,27.2,27.7,29.5,22.9,24.6,26.5,26.6,26.9,1.69,0.88,72,83,27.0,16.93,3.8,0.0966,-0.9953,26.3,27.0,27.0,station
2024-06-26,27.8,26.5,30.7,29.0,27.8,26.0,25.1,24.3,29.0,21.8,28.36,1.58,3.12,73,66,20.0,14.95,6.0,0.0795,-0.9968,29.1,29.0,29.0,station
2024-06-27,21.8,20.2,21.7,21.7,22.2,22.2,20.3,21.7,21.9,19.4,21.52,0.77,0.42,64,24,21.9,22.49,0.0,0.0623,-0.9981,22.3,22.0,22.0,station
2024-06-28,21.9,21.7,22.8,22.6,23.7,22.9,21.8,21.8,22.5,20.8,22.54,0.8,0.58,64,79,17.4,20.45,0.1,0.0451,-0.999,22.5,21.0,21.0,station
2024-06-29,26.2,25.5,25.9,25.9,27.0,27.4,24.6,22.0,24.2,23.0,26.1,0.56,1.86,82,94,26.3,13.85,10.3,0.028,-0.9996,29.0,27.0,27.0,station
2024-06-30,21.7,23.2,21.2,23.0,20.5,21.1,21.4,20.5,21.8,21.5,21.92,1.16,0.66,72,43,28.4,19.55,0.0,0.0108,-0.9999,21.6,23.0,23.0,station
2024-07-01,25.0,23.9,24.4,25.3,25.3,24.7,23.8,23.9,24.3,23.7,24.78,0.61,0.7,60,1,14.2,29.98,0.0,-0.0065,-1.0,25.4,24.0,24.0,station
2024-07-02,23.6,24.2,25.5,24.1,26.0,24.2,23.7,24.3,24.3,22.3,24.68,1.02,0.92,69,77,15.5,21.14,0.0,-0.0237,-0.9997,23.5,23.0,23.0,station
2024-07-03,29.0,28.8,30.5,29.2,32.7,28.8,28.3,28.8,29.4,28.4,30.04,1.63,1.3,74,73,27.5,19.35,8.6,-0.0408,-0.9992,31.1,29.0,29.0,station
2024-07-04,30.1,29.9,31.0,29.0,31.0,31.1,29.8,28.2,30.2,29.0,30.2,0.84,0.54,70,56,12.0,22.9,0.0,-0.058,-0.9983,30.2,29.0,29.0,station
2024-07-05,28.3,26.6,29.9,28.2,29.8,27.5,26.3,27.1,25.9,25.9,28.56,1.36,2.02,74,61,15.5,19.33,3.7,-0.0752,-0.9972,28.8,28.0,28.0,station
2024-07-06,26.9,25.8,28.4,27.1,29.5,27.8,25.4,25.8,27.5,27.0,27.54,1.43,0.84,74,19,18.8,26.79,0.6,-0.0923,-0.9957,28.3,27.0,27.0,station
2024-07-07,26.6,27.2,29.4,27.5,28.4,27.0,27.4,26.1,27.8,27.1,27.82,1.1,0.74,73,13,16.4,25.8,0.0,-0.1094,-0.994,27.2,27.0,27.0,station
2024-07-08,30.4,29.0,30.8,29.8,30.9,30.5,28.7,30.0,29.1,28.4,30.18,0.79,0.84,70,72,13.6,23.61,0.1,-0.1265,-0.992,30.0,29.0,29.0,station
2024-07-09,30.9,29.0,31.5,29.0,32.8,30.0,29.3,28.6,29.8,27.9,30.64,1.65,1.52,65,96,15.6,18.71,0.9,-0.1436,-0.9896,30.5,29.0,29.0,station
2024-07-10,23.1,22.6,22.9,24.3,24.4,24.6,23.5,20.7,25.6,22.0,23.46,0.83,0.18,85,100,20.6,7.91,37.0,-0.1606,-0.987,23.0,24.0,24.0,station
2024-07-11,25.5,24.9,26.7,24.3,24.1,26.8,24.0,22.0,24.6,23.1,25.1,1.05,1.0,77,65,23.8,19.77,11.5,-0.1775,-0.9841,26.5,27.0,27.0,station
2024-07-12,28.0,26.7,28.2,27.3,28.9,27.5,26.9,28.0,26.9,25.3,27.82,0.85,0.9,75,24,17.9,24.29,2.3,-0.1944,-0.9809,28.2,28.0,28.0,station
2024-07-13,29.5,29.5,30.8,30.1,29.7,29.7,29.3,29.6,30.1,28.5,29.92,0.55,0.48,72,4,10.1,27.91,0.0,-0.2113,-0.9774,30.0,28.0,28.0,station
2024-07-14,30.5,25.9,30.1,29.8,29.8,29.8,27.0,29.6,30.8,29.9,29.22,1.88,-0.2,79,43,19.5,20.78,9.0,-0.2281,-0.9736,27.8,28.0,28.0,station
2024-07-15,25.8,24.6,27.9,25.9,24.7,29.6,30.0,29.5,31.8,29.5,25.78,1.33,-4.3,87,70,17.0,12.64,10.5,-0.2448,-0.9696,26.6,27.0,27.0,station
2024-07-16,27.5,27.5,26.3,29.2,29.0,29.5,26.2,27.7,30.0,27.3,27.9,1.2,-0.24,80,60,25.2,16.89,11.1,-0.2614,-0.9652,29.1,28.0,28.0,station
2024-07-17,27.1,26.1,25.3,27.0,27.7,27.3,26.2,24.5,26.4,24.6,26.64,0.94,0.84,67,40,20.2,24.19,0.2,-0.278,-0.9606,27.8,27.0,27.0,station
2024-07-18,22.1,21.9,22.4,22.3,23.2,22.9,22.3,21.2,22.4,20.9,22.38,0.5,0.44,67,20,18.7,23.41,0.0,-0.2945,-0.9557,22.5,22.0,22.0,station
2024-07-19,25.3,24.3,25.3,24.7,26.6,25.4,24.6,24.3,25.1,24.0,25.24,0.87,0.56,64,20,11.0,25.03,0.0,-0.3109,-0.9505,25.5,25.0,25.0,station
2024-07-20,28.0,27.0,28.6,28.2,28.6,28.0,27.2,27.0,28.3,27.2,28.08,0.66,0.54,61,37,13.4,23.02,0.0,-0.3272,-0.945,28.0,27.0,27.0,station
2024-07-21,27.3,26.5,28.1,26.9,27.1,25.9,25.2,28.3,25.8,25.1,27.18,0.59,1.12,67,53,13.8,22.06,0.5,-0.3434,-0.9392,26.2,27.0,27.0,station
2024-07-22,27.0,27.0,29.2,26.7,29.0,27.7,27.1,27.4,27.2,25.5,27.78,1.21,0.8,65,75,13.9,26.06,0.0,-0.3595,-0.9332,27.6,27.0,27.0,station
2024-07-23,28.3,27.5,29.0,28.1,28.8,28.1,28.3,28.2,27.9,26.0,28.34,0.59,0.64,64,39,10.8,25.02,1.3,-0.3755,-0.9268,27.5,28.0,28.0,station
2024-07-24,25.6,25.0,28.0,25.4,26.2,23.9,25.0,26.8,25.8,25.0,26.04,1.18,0.74,78,60,23.7,17.81,7.8,-0.3914,-0.9202,26.3,27.0,27.0,station
2024-07-25,23.8,24.0,24.6,24.3,24.9,24.0,24.5,24.5,24.7,24.6,24.32,0.44,-0.14,64,17,19.0,24.15,0.0,-0.4071,-0.9134,23.8,24.0,24.0,station
2024-07-26,27.5,25.9,27.8,26.7,27.2,26.9,26.1,26.3,26.0,25.8,27.02,0.75,0.8,58,5,11.5,27.97,0.0,-0.4228,-0.9062,27.0,27.0,27.0,station
2024-07-27,27.7,27.0,27.9,26.9,28.1,27.5,26.8,28.8,27.3,26.0,27.52,0.54,0.24,67,28,13.2,27.62,0.0,-0.4383,-0.8988,27.0,27.0,27.0,station
2024-07-28,29.5,28.4,30.7,29.1,30.8,29.4,28.6,30.4,29.3,28.5,29.7,1.04,0.46,73,9,13.0,27.14,0.0,-0.4537,-0.8912,29.0,28.0,28.0,station
2024-07-29,29.5,29.0,31.7,28.8,30.2,30.1,29.3,31.8,29.4,28.2,29.84,1.17,0.08,74,9,12.5,27.3,0.0,-0.469,-0.8832,29.1,28.0,28.0,station
2024-07-30,25.4,24.5,29.4,24.6,27.7,26.6,26.4,29.7,27.7,25.5,26.32,2.15,-0.86,83,70,18.2,20.88,7.4,-0.4841,-0.875,28.6,29.0,29.0,station
2024-07-31,31.1,30.4,31.8,32.1,31.9,30.8,29.7,30.2,30.9,28.8,31.46,0.7,1.38,74,32,17.7,23.27,1.1,-0.4991,-0.8666,32.5,31.0,31.0,station
2024-08-01,30.9,29.7,29.8,30.1,31.6,30.6,30.0,31.3,29.4,28.6,30.42,0.81,0.44,79,53,11.0,22.33,1.6,-0.5139,-0.8578,29.8,29.0,29.0,station
2024-08-02,26.3,25.1,28.9,27.4,28.7,30.8,26.0,30.5,28.1,27.6,27.28,1.61,-1.32,86,89,7.8,12.36,4.7,-0.5286,-0.8489,27.4,28.0,28.0,station
2024-08-03,31.6,29.5,32.4,29.3,31.3,29.8,30.0,29.2,29.6,27.7,30.82,1.36,1.56,71,84,10.9,17.99,0.0,-0.5431,-0.8397,31.6,30.0,30.0,station
2024-08-04,30.1,29.6,30.0,31.6,30.5,31.3,29.9,30.3,31.8,30.1,30.36,0.76,-0.32,59,29,18.2,20.51,0.0,-0.5575,-0.8302,31.0,29.0,29.0,station
2024-08-05,26.5,25.0,27.2,27.2,28.5,27.5,26.0,27.4,27.6,27.0,26.88,1.28,-0.22,81,85,14.3,16.65,9.9,-0.5717,-0.8205,27.4,26.0,26.0,station
2024-08-06,20.7,19.1,21.2,20.5,22.8,22.6,21.8,24.5,21.0,19.8,20.86,1.34,-1.08,86,83,11.6,6.93,8.1,-0.5857,-0.8105,20.9,21.0,21.0,station
2024-08-07,24.1,23.4,24.7,23.8,25.7,24.5,23.6,25.4,23.9,23.0,24.34,0.9,0.26,67,14,18.2,26.27,0.0,-0.5996,-0.8003,23.7,24.0,24.0,station
2024-08-08,23.3,22.4,23.8,23.7,27.1,24.6,22.9,25.7,23.0,24.0,24.06,1.79,0.02,86,64,17.5,14.66,1.1,-0.6132,-0.7899,25.0,25.0,25.0,station
2024-08-09,28.1,26.2,25.8,28.0,27.3,27.9,26.1,26.8,26.4,26.5,27.08,1.04,0.34,77,62,22.1,20.94,10.9,-0.6267,-0.7792,28.4,27.0,27.0,station
2024-08-10,22.8,22.4,23.0,22.9,25.2,23.1,22.2,21.3,22.8,22.9,23.26,1.11,0.8,65,22,28.6,23.04,0.2,-0.64,-0.7683,23.4,24.0,24.0,station
2024-08-11,20.5,18.9,21.9,21.5,23.0,21.5,19.8,21.2,21.2,21.6,21.16,1.55,0.1,66,24,27.9,21.95,2.0,-0.6532,-0.7572,21.8,22.0,22.0,station
2024-08-12,23.6,22.5,24.3,23.3,25.5,23.9,22.7,23.5,23.9,23.1,23.84,1.13,0.42,70,47,16.3,21.43,0.1,-0.6661,-0.7459,24.3,24.0,24.0,station
2024-08-13,26.1,25.6,27.4,26.6,27.9,26.1,25.1,26.7,25.9,25.1,26.72,0.94,0.94,70,49,10.0,21.86,0.0,-0.6788,-0.7343,26.0,26.0,26.0,station
2024-08-14,28.6,27.3,29.3,28.1,29.5,29.1,27.5,29.1,28.4,27.3,28.56,0.9,0.28,66,7,9.2,25.38,0.0,-0.6914,-0.7225,28.5,28.0,28.0,station
2024-08-15,28.5,27.6,29.2,28.2,29.3,28.3,27.8,29.9,28.1,27.2,28.56,0.71,0.3,68,4,11.1,25.37,0.0,-0.7037,-0.7105,27.8,28.0,28.0,station
2024-08-16,26.3,24.6,25.9,24.8,26.5,26.5,24.1,26.9,26.9,24.8,25.62,0.87,-0.22,78,86,16.1,16.03,1.4,-0.7158,-0.6983,26.6,25.0,25.0,station
2024-08-17,24.2,24.1,25.1,25.3,25.9,25.5,24.7,27.6,24.9,23.9,24.92,0.76,-0.4,87,97,20.4,13.11,11.3,-0.7277,-0.6859,25.4,25.0,25.0,station
2024-08-18,23.6,23.4,25.5,24.8,25.2,23.3,23.8,23.1,24.7,25.4,24.5,0.95,0.44,86,90,24.9,14.86,12.1,-0.7394,-0.6733,26.4,26.0,26.0,station
2024-08-19,19.1,18.1,17.3,18.5,19.2,19.5,18.4,20.0,20.5,19.8,18.44,0.78,-1.2,71,86,25.6,15.67,0.1,-0.7509,-0.6605,19.2,18.0,18.0,station
2024-08-20,18.2,18.5,18.4,19.6,19.7,18.5,18.7,18.4,19.3,19.3,18.88,0.71,0.04,61,33,24.1,18.46,0.0,-0.7621,-0.6474,18.5,20.0,20.0,station
2024-08-21,20.1,20.4,20.0,20.6,21.6,20.4,20.3,20.9,20.3,20.6,20.54,0.64,0.04,62,25,21.6,19.79,0.0,-0.7731,-0.6342,20.2,21.0,21.0,station
2024-08-22,23.9,23.9,24.9,24.7,25.0,23.7,23.9,23.6,23.9,23.3,24.48,0.54,0.8,63,25,13.8,18.84,0.1,-0.7839,-0.6208,24.7,24.0,24.0,station
2024-08-23,26.3,25.3,26.7,25.9,26.7,27.3,25.3,25.5,25.5,25.2,26.18,0.59,0.42,65,48,11.9,19.86,0.0,-0.7945,-0.6073,25.9,26.0,26.0,station
2024-08-24,27.8,25.8,27.0,26.9,26.9,27.7,26.2,27.8,27.4,26.3,26.88,0.71,-0.2,70,25,9.8,21.27,0.1,-0.8048,-0.5935,27.7,25.0,25.0,station
2024-08-25,28.1,27.5,29.1,27.6,28.4,28.0,27.5,27.4,29.2,27.3,28.14,0.65,0.26,75,31,10.6,20.55,0.0,-0.8149,-0.5796,27.4,27.0,27.0,station
2024-08-26,28.9,28.4,28.3,28.7,29.0,28.6,27.9,29.0,27.9,27.9,28.66,0.3,0.4,75,15,18.0,21.63,0.0,-0.8248,-0.5655,28.2,28.0,28.0,station
2024-08-27,30.7,28.6,32.7,31.1,30.7,28.5,29.7,33.5,30.5,27.9,30.76,1.46,0.74,77,67,17.5,19.66,1.3,-0.8344,-0.5512,31.5,31.0,31.0,station
2024-08-28,23.7,24.1,23.6,24.0,21.9,23.2,23.2,25.7,25.9,24.4,23.46,0.9,-1.02,85,97,16.4,12.83,1.2,-0.8437,-0.5368,25.7,26.0,26.0,station
2024-08-29,22.6,19.7,21.5,20.8,24.0,23.9,20.1,22.7,20.8,21.3,21.72,1.65,-0.04,73,80,12.3,13.27,0.0,-0.8528,-0.5222,21.6,21.0,21.0,station
2024-08-30,26.0,25.7,27.1,25.8,28.4,26.3,25.5,28.5,26.4,27.3,26.6,1.15,-0.2,85,50,14.2,19.4,0.0,-0.8617,-0.5074,25.1,26.0,26.0,station
2024-08-31,28.3,26.1,28.5,27.1,28.2,27.5,26.0,23.9,26.4,24.2,27.64,1.02,2.04,72,56,17.7,19.58,6.6,-0.8703,-0.4925,28.9,28.0,28.0,station
2024-09-01,25.6,23.5,24.7,24.6,25.3,25.5,23.3,24.5,24.3,23.2,24.74,0.81,0.58,60,6,25.0,21.15,0.1,-0.8786,-0.4775,25.3,25.0,25.0,station
2024-09-02,19.7,18.9,19.5,19.1,20.1,19.1,18.7,19.2,18.7,18.5,19.46,0.48,0.62,54,3,19.1,22.44,0.0,-0.8867,-0.4623,20.1,20.0,20.0,station
2024-09-03,23.4,21.9,23.1,23.1,24.1,25.7,21.6,23.3,22.4,22.4,23.12,0.79,0.04,57,7,18.7,21.88,0.0,-0.8945,-0.447,23.1,22.0,22.0,station
2024-09-04,24.7,23.9,25.2,24.0,25.7,24.7,23.7,25.4,23.8,23.1,24.7,0.77,0.56,68,0,14.8,22.13,0.0,-0.9021,-0.4315,24.5,24.0,24.0,station
2024-09-05,25.6,24.6,25.8,25.6,26.6,26.3,24.8,27.3,25.6,23.9,25.64,0.71,0.06,72,6,20.4,21.97,0.0,-0.9094,-0.4159,25.4,24.0,24.0,station
2024-09-06,23.9,20.9,25.3,22.1,24.5,21.8,19.3,26.1,22.5,23.0,23.34,1.8,0.8,75,89,19.1,12.39,10.5,-0.9164,-0.4002,25.9,23.0,23.0,station
2024-09-07,15.7,14.1,12.7,15.4,16.0,15.8,13.4,13.7,16.3,16.7,14.78,1.37,-0.4,73,64,26.8,17.26,4.2,-0.9232,-0.3844,15.7,15.0,15.0,station
2024-09-08,18.2,17.5,18.1,18.1,18.9,18.4,18.0,19.0,17.6,18.6,18.16,0.5,-0.16,60,55,33.0,15.33,0.0,-0.9296,-0.3685,18.1,19.0,19.0,station
2024-09-09,17.9,20.0,23.5,19.4,20.4,21.0,20.5,21.7,23.4,18.3,20.24,2.05,-0.74,77,49,16.2,12.09,6.6,-0.9358,-0.3524,20.8,21.0,21.0,station
2024-09-10,23.7,22.6,22.0,22.2,23.3,23.2,22.6,23.0,21.9,20.3,22.76,0.72,0.56,73,38,14.3,20.46,0.0,-0.9418,-0.3363,21.9,23.0,23.0,station
2024-09-11,24.1,24.7,24.4,23.7,24.6,23.8,25.2,25.1,23.1,23.0,24.3,0.41,0.26,75,29,12.0,20.76,0.0,-0.9474,-0.32,22.9,23.0,23.0,station
2024-09-12,26.5,25.7,26.5,25.9,27.0,26.6,26.9,28.1,25.7,25.8,26.32,0.52,-0.3,83,6,10.9,20.21,0.0,-0.9528,-0.3037,24.9,24.0,24.0,station
2024-09-13,27.3,26.3,26.9,26.5,27.6,27.4,26.4,27.8,27.0,26.3,26.92,0.54,-0.06,85,2,10.8,19.94,0.0,-0.9579,-0.2873,26.8,26.0,26.0,station
2024-09-14,25.7,25.6,24.8,25.5,26.6,26.2,26.3,26.7,25.8,24.9,25.64,0.64,-0.34,84,12,11.0,19.22,0.0,-0.9627,-0.2707,25.3,25.0,25.0,station
2024-09-15,26.9,26.4,27.4,26.6,27.4,27.9,27.0,29.5,26.9,26.2,26.94,0.46,-0.56,84,5,12.0,19.58,0.0,-0.9672,-0.2541,26.0,27.0,27.0,station
2024-09-16,27.2,26.8,27.8,27.2,27.8,27.1,26.2,28.5,26.4,25.2,27.36,0.43,0.68,73,2,10.3,19.83,0.0,-0.9714,-0.2375,26.8,28.0,28.0,station
2024-09-17,25.6,25.0,26.3,24.7,26.7,24.9,24.8,25.4,24.8,24.1,25.66,0.84,0.86,78,46,11.8,18.93,0.0,-0.9753,-0.2207,24.9,25.0,25.0,station
2024-09-18,25.1,24.2,26.1,24.8,26.5,25.6,24.8,25.5,25.4,23.9,25.34,0.94,0.3,81,92,11.2,15.55,0.0,-0.979,-0.2039,24.1,25.0,25.0,station
2024-09-19,25.3,24.7,26.4,25.0,25.9,26.5,25.1,27.6,25.7,24.9,25.46,0.69,-0.5,77,2,10.4,19.13,0.0,-0.9824,-0.187,24.9,25.0,25.0,station
2024-09-20,24.7,24.4,25.6,23.9,25.3,24.9,24.8,25.3,24.1,24.6,24.78,0.68,0.04,76,49,14.4,17.6,0.0,-0.9854,-0.1701,24.6,25.0,25.0,station
2024-09-21,24.1,24.0,26.5,24.2,25.9,24.5,24.8,25.4,23.7,21.0,24.94,1.17,1.06,86,37,11.2,13.26,5.1,-0.9882,-0.1531,25.0,25.0,25.0,station
2024-09-22,25.2,24.3,25.9,24.1,23.9,23.9,24.3,24.4,23.4,22.1,24.68,0.84,1.06,91,79,12.7,10.41,1.7,-0.9907,-0.1361,24.6,23.0,23.0,station
2024-09-23,21.7,20.7,20.2,21.2,20.2,22.8,20.9,19.9,23.7,21.5,20.8,0.65,-0.96,89,89,14.6,10.2,19.9,-0.9929,-0.1191,22.6,21.0,21.0,station
2024-09-24,18.2,17.9,19.3,19.7,20.1,18.8,18.8,18.7,21.3,19.2,19.04,0.95,-0.32,92,100,19.5,3.84,5.8,-0.9948,-0.102,18.8,19.0,19.0,station
2024-09-25,24.6,22.5,22.8,22.5,23.0,23.4,21.8,22.4,23.6,20.8,23.08,0.88,0.68,87,89,25.8,9.42,21.6,-0.9964,-0.0848,23.3,24.0,24.0,station
2024-09-26,23.7,22.1,21.9,23.0,23.3,23.0,22.2,23.3,23.3,22.2,22.8,0.77,0.0,73,53,12.2,17.31,0.0,-0.9977,-0.0677,24.3,24.0,24.0,station
2024-09-27,21.7,22.4,20.8,22.4,23.1,21.9,21.8,21.1,21.0,19.9,22.08,0.87,0.94,76,96,15.4,16.61,0.0,-0.9987,-0.0505,21.8,23.0,23.0,station
2024-09-28,22.7,20.4,20.6,19.8,22.6,22.2,21.0,19.4,20.5,21.4,21.22,1.34,0.32,74,91,18.6,10.14,0.2,-0.9994,-0.0333,21.8,22.0,22.0,station
2024-09-29,23.3,22.8,23.2,22.5,24.9,23.2,20.8,20.5,21.7,20.4,23.34,0.93,2.02,83,56,14.0,11.2,0.5,-0.9999,-0.0161,24.0,25.0,25.0,station
2024-09-30,22.0,21.4,21.5,22.0,23.3,22.2,21.5,22.2,22.1,21.3,22.04,0.76,0.18,86,27,14.5,16.36,0.0,-1.0,0.0011,21.7,23.0,23.0,station
2024-10-01,22.4,21.9,21.9,22.7,24.1,22.8,21.5,22.9,22.6,22.5,22.6,0.91,0.14,91,74,21.6,7.45,17.2,-0.9998,0.0183,21.9,21.0,21.0,station
2024-10-02,19.0,17.1,16.4,17.8,18.9,19.0,17.3,18.6,18.0,17.3,17.84,1.13,-0.2,74,37,19.4,15.77,2.5,-0.9994,0.0355,18.8,18.0,18.0,station
2024-10-03,22.4,22.4,22.6,22.0,22.2,22.4,21.7,24.2,20.5,21.1,22.32,0.23,0.34,69,40,15.3,16.34,0.0,-0.9986,0.0527,23.3,23.0,23.0,station
2024-10-04,19.1,19.3,17.9,19.6,21.3,20.3,19.6,19.3,21.4,19.1,19.44,1.22,-0.5,79,44,11.0,11.91,2.8,-0.9976,0.0698,21.0,21.0,21.0,station
2024-10-05,18.0,17.8,18.3,18.5,18.3,17.6,17.4,18.5,18.5,17.7,18.18,0.28,0.24,70,5,11.6,16.58,0.0,-0.9962,0.087,18.0,18.0,18.0,station
2024-10-06,20.8,20.4,24.5,21.9,23.1,21.7,20.7,22.6,21.6,22.8,22.14,1.69,0.26,78,56,20.5,9.71,25.1,-0.9946,0.1041,22.2,23.0,23.0,station
2024-10-07,15.7,15.2,13.5,16.7,16.2,15.4,15.5,16.9,15.8,14.7,15.46,1.23,-0.2,67,28,21.9,12.03,0.1,-0.9926,0.1212,16.2,16.0,16.0,station
2024-10-08,13.6,14.5,15.0,14.4,14.5,13.7,14.5,14.2,14.2,14.6,14.4,0.5,0.16,67,15,24.4,14.83,0.5,-0.9904,0.1383,15.3,15.0,15.0,station
2024-10-09,13.2,12.1,11.5,14.0,12.9,13.1,13.1,12.2,14.0,14.4,12.74,0.97,-0.62,70,19,28.1,12.47,0.1,-0.9879,0.1553,13.7,13.0,13.0,station
2024-10-10,14.1,12.7,10.6,13.3,12.5,14.6,12.8,14.0,13.7,13.8,12.64,1.3,-1.14,76,27,18.2,12.23,0.0,-0.9851,0.1722,13.9,14.0,14.0,station
2024-10-11,20.4,21.1,21.1,20.9,20.4,20.2,20.4,21.5,20.4,20.3,20.78,0.36,0.22,68,58,23.6,13.68,0.0,-0.9819,0.1892,21.1,22.0,22.0,station
2024-10-12,16.7,16.3,15.2,15.5,14.8,16.7,16.0,17.1,15.1,18.2,15.7,0.78,-0.92,64,45,21.3,15.31,0.0,-0.9785,0.206,17.1,17.0,17.0,station
2024-10-13,12.7,11.3,10.1,11.7,13.8,13.6,11.7,9.4,11.7,14.2,11.92,1.4,-0.2,76,85,19.6,4.64,1.7,-0.9749,0.2228,12.6,12.0,12.0,station
2024-10-14,9.5,9.1,8.0,9.6,10.5,10.2,9.0,9.1,8.5,10.2,9.34,0.91,-0.06,64,100,24.8,10.99,0.4,-0.9709,0.2396,9.7,10.0,10.0,station
2024-10-15,8.7,8.6,8.8,9.3,9.4,8.9,8.3,7.2,8.9,9.3,8.96,0.36,0.44,72,74,25.0,11.4,0.3,-0.9666,0.2562,9.7,10.0,10.0,station
2024-10-16,9.9,9.7,8.4,9.8,10.5,9.4,9.1,10.7,9.6,9.5,9.66,0.77,0.0,72,44,20.6,8.79,0.0,-0.9621,0.2728,10.7,10.0,10.0,station
2024-10-17,14.4,14.2,14.4,13.4,14.8,14.0,13.9,15.8,13.0,14.5,14.24,0.52,0.0,78,2,11.8,14.25,0.0,-0.9572,0.2893,14.8,14.0,14.0,station
2024-10-18,17.7,18.0,18.1,17.7,17.1,17.9,17.5,18.6,17.0,16.6,17.72,0.39,0.2,75,0,11.4,14.29,0.0,-0.9521,0.3057,17.5,18.0,18.0,station
2024-10-19,19.7,19.9,20.6,19.6,19.8,19.5,19.8,20.8,18.8,18.9,19.92,0.4,0.36,77,0,12.6,13.89,0.0,-0.9467,0.3221,19.8,19.0,19.0,station
2024-10-20,20.9,22.8,22.7,21.7,21.2,20.4,22.3,22.0,21.5,20.0,21.86,0.86,0.62,64,9,19.1,13.53,0.0,-0.941,0.3383,21.8,23.0,23.0,station
2024-10-21,23.4,24.8,26.4,24.5,23.8,23.8,24.8,25.1,23.9,23.2,24.58,1.16,0.42,53,3,20.3,12.77,0.0,-0.9351,0.3545,24.7,26.0,26.0,station
2024-10-22,23.1,24.6,25.1,23.1,23.4,22.8,24.9,24.4,22.7,22.8,23.86,0.93,0.34,69,46,13.3,12.74,0.0,-0.9288,0.3705,23.7,23.0,23.0,station
2024-10-23,20.1,20.5,20.4,20.6,21.1,19.9,20.1,21.4,19.4,21.3,20.54,0.36,0.12,63,66,26.1,9.71,0.1,-0.9223,0.3864,21.5,21.0,21.0,station
2024-10-24,12.5,10.8,10.6,11.1,12.6,12.6,10.8,13.6,11.9,11.9,11.52,0.96,-0.64,72,66,14.9,6.44,0.0,-0.9155,0.4022,12.1,11.0,11.0,station
2024-10-25,12.2,10.3,11.8,12.7,12.3,11.6,9.8,12.1,12.2,12.1,11.86,0.93,0.3,84,65,17.1,4.88,0.4,-0.9085,0.4179,13.2,12.0,12.0,station
2024-10-26,11.0,10.4,11.1,12.4,11.6,11.3,10.4,12.3,12.3,12.2,11.3,0.75,-0.4,65,9,25.6,11.69,0.1,-0.9012,0.4335,11.9,12.0,12.0,station
2024-10-27,11.7,11.7,12.4,12.2,11.6,12.5,11.6,13.0,12.1,12.1,11.92,0.36,-0.34,62,58,17.5,10.36,0.0,-0.8936,0.4489,12.2,12.0,12.0,station
2024-10-28,10.2,9.8,9.5,10.4,12.0,9.8,10.0,11.1,11.3,10.4,10.38,0.97,-0.14,85,72,21.3,6.23,0.1,-0.8857,0.4642,10.5,10.0,10.0,station
2024-10-29,17.9,16.0,15.3,17.3,14.7,18.6,16.4,18.3,17.9,16.7,16.24,1.34,-1.34,91,88,17.4,3.27,9.6,-0.8776,0.4794,17.5,14.0,14.0,station
2024-10-30,22.2,23.1,21.2,20.3,20.6,22.0,22.7,21.5,20.7,21.0,21.48,1.16,-0.1,70,100,24.3,8.15,0.0,-0.8692,0.4944,22.5,23.0,23.0,station
2024-10-31,20.3,22.2,20.6,20.4,21.8,21.4,22.5,23.1,21.3,22.0,21.06,0.88,-1.0,70,92,34.7,6.82,1.3,-0.8606,0.5093,22.5,23.0,23.0,station
2024-11-01,17.5,17.2,16.4,18.1,15.6,17.2,17.0,18.3,17.6,18.2,16.96,0.98,-0.7,62,87,29.0,4.58,0.0,-0.8517,0.524,18.2,17.0,17.0,station
2024-11-02,10.3,8.3,8.0,8.8,10.1,10.7,8.1,10.8,9.2,9.3,9.1,1.05,-0.52,64,72,14.8,7.47,0.0,-0.8426,0.5386,9.4,9.0,9.0,station
2024-11-03,9.1,9.1,7.9,9.2,10.2,10.0,9.1,9.4,9.5,9.3,9.1,0.82,-0.36,81,66,20.8,9.21,0.0,-0.8332,0.553,8.9,10.0,10.0,station
2024-11-04,14.3,15.8,15.1,15.0,14.2,16.2,15.8,17.2,14.2,15.5,14.88,0.65,-0.9,70,100,21.3,4.04,1.0,-0.8235,0.5672,16.2,16.0,16.0,station
2024-11-05,20.7,22.5,21.0,21.2,21.6,21.1,22.0,21.9,20.5,21.3,21.4,0.7,0.04,69,88,26.3,7.48,0.5,-0.8137,0.5813,22.1,23.0,23.0,station
2024-11-06,19.9,20.2,19.0,19.1,19.9,19.1,19.3,20.6,18.0,20.4,19.62,0.54,0.14,70,84,29.8,7.33,1.7,-0.8035,0.5952,20.5,21.0,21.0,station
2024-11-07,13.6,13.2,13.7,13.8,14.3,13.6,12.8,13.9,14.0,12.8,13.72,0.4,0.3,65,42,16.2,9.8,0.0,-0.7932,0.609,13.4,14.0,14.0,station
2024-11-08,11.8,12.5,11.4,13.1,11.8,11.8,12.6,14.3,12.8,11.9,12.12,0.68,-0.56,65,41,27.6,6.53,0.0,-0.7826,0.6225,12.1,13.0,13.0,station
2024-11-09,7.5,7.9,6.9,6.7,7.6,7.0,7.5,7.7,5.9,6.1,7.32,0.5,0.48,66,23,10.4,10.56,0.0,-0.7718,0.6359,7.6,8.0,8.0,station
2024-11-10,13.2,11.7,12.5,11.9,12.3,12.7,11.8,13.7,12.0,12.0,12.32,0.58,-0.12,89,96,17.5,2.18,6.5,-0.7607,0.6491,13.0,13.0,13.0,station
2024-11-11,12.9,11.6,12.4,12.8,12.6,12.3,11.7,12.1,13.0,13.5,12.46,0.52,-0.06,76,74,27.4,4.16,0.9,-0.7494,0.6621,13.7,12.0,12.0,station
2024-11-12,6.2,5.7,4.7,6.9,6.8,6.3,5.6,6.6,7.0,6.8,6.06,0.9,-0.4,67,27,27.4,10.18,0.0,-0.7379,0.6749,6.5,7.0,7.0,station
2024-11-13,5.6,6.1,5.7,6.6,6.6,6.2,5.8,6.7,6.0,6.7,6.12,0.48,-0.16,78,75,18.4,7.04,0.0,-0.7262,0.6875,5.9,7.0,7.0,station
2024-11-14,6.8,7.7,9.4,8.6,8.8,6.4,7.6,9.9,8.0,8.0,8.26,1.02,0.28,69,100,18.4,5.01,2.7,-0.7143,0.6998,8.7,9.0,9.0,station
2024-11-15,7.6,7.9,8.2,7.2,8.1,9.0,8.0,7.4,6.6,8.2,7.8,0.41,-0.04,90,100,10.8,3.05,1.4,-0.7021,0.712,9.0,8.0,8.0,station
2024-11-16,10.1,10.5,8.5,9.7,11.6,10.5,11.3,10.9,10.4,11.9,10.08,1.13,-0.92,79,62,19.7,6.49,0.0,-0.6898,0.724,10.4,9.0,9.0,station
2024-11-17,9.5,9.2,8.3,9.4,8.4,9.4,9.3,10.1,8.9,8.6,8.96,0.57,-0.3,88,90,14.0,4.47,0.2,-0.6772,0.7358,10.3,10.0,10.0,station
2024-11-18,11.7,12.7,11.3,11.8,12.5,11.2,13.0,13.4,11.4,12.1,12.0,0.58,-0.22,81,33,19.1,9.21,0.5,-0.6645,0.7473,12.2,14.0,14.0,station
2024-11-19,8.1,8.2,8.4,9.7,8.8,8.2,8.7,9.2,9.4,9.2,8.64,0.65,-0.3,87,90,16.9,4.06,2.2,-0.6515,0.7586,9.1,10.0,10.0,station
2024-11-20,9.7,9.0,8.5,11.3,12.2,9.3,8.1,10.8,11.0,10.3,10.14,1.56,0.24,92,94,23.3,3.65,17.5,-0.6384,0.7697,10.2,9.0,9.0,station
2024-11-21,6.0,5.1,5.1,6.2,6.2,6.6,4.4,5.7,6.9,5.4,5.72,0.57,-0.08,86,81,21.0,2.13,2.8,-0.625,0.7806,4.9,5.0,5.0,station
2024-11-22,6.8,6.0,6.3,6.7,6.4,6.5,6.2,5.5,6.1,6.9,6.44,0.32,0.2,86,92,20.0,1.45,1.3,-0.6115,0.7912,6.4,7.0,7.0,station
2024-11-23,7.8,7.2,8.2,8.2,9.1,8.7,7.2,7.7,8.8,8.7,8.1,0.69,-0.12,83,74,22.1,3.24,0.0,-0.5978,0.8016,8.2,9.0,9.0,station
2024-11-24,6.5,5.5,5.4,7.0,7.0,6.7,5.2,6.5,6.8,6.8,6.28,0.79,-0.12,74,61,21.1,4.25,0.0,-0.584,0.8118,6.3,6.0,6.0,station
2024-11-25,5.5,4.2,5.3,6.9,5.3,4.5,3.4,5.4,7.0,3.8,5.44,0.96,0.62,86,94,12.4,3.96,1.9,-0.5699,0.8217,5.4,6.0,6.0,station
2024-11-26,6.0,5.2,6.1,7.3,7.0,5.9,5.0,7.9,7.4,7.6,6.32,0.84,-0.44,79,73,25.6,5.41,2.0,-0.5557,0.8314,6.9,7.0,7.0,station
2024-11-27,3.7,3.5,2.5,3.8,4.3,3.6,3.2,5.1,3.7,2.8,3.56,0.66,-0.12,71,72,17.3,7.95,0.0,-0.5413,0.8408,4.0,5.0,5.0,station
2024-11-28,4.1,3.6,5.0,5.6,6.0,4.2,3.4,5.2,5.4,5.0,4.86,1.0,0.22,77,97,15.7,4.9,1.1,-0.5268,0.85,5.1,6.0,6.0,station
2024-11-29,0.8,-0.2,2.0,0.9,1.1,1.3,-0.3,2.4,1.0,1.5,0.92,0.79,-0.26,71,90,22.1,4.7,0.0,-0.5121,0.859,0.9,2.0,2.0,station
2024-11-30,-0.8,-1.9,-0.3,-0.5,0.0,-0.1,-2.4,0.2,-0.6,-0.7,-0.7,0.73,0.02,68,84,23.9,4.19,0.2,-0.4972,0.8676,-0.1,0.0,0.0,station
2024-12-01,1.6,-1.4,0.5,-0.1,0.8,-0.4,-1.8,0.5,-0.1,0.4,0.28,1.12,0.56,68,81,21.2,5.5,0.1,-0.4822,0.8761,1.3,1.0,1.0,station
2024-12-02,2.3,0.7,1.5,1.1,1.5,2.3,0.4,1.4,1.3,2.9,1.42,0.59,-0.24,70,38,11.9,7.53,0.0,-0.4671,0.8842,2.9,3.0,3.0,station
2024-12-03,1.1,-0.4,-0.3,0.6,2.0,0.5,-0.3,0.5,1.0,1.2,0.6,1.0,0.02,74,49,12.7,7.1,0.0,-0.4518,0.8921,1.7,2.0,2.0,station
2024-12-04,0.6,-0.2,-0.1,-0.3,0.8,0.3,-0.3,0.8,-0.3,0.1,0.16,0.5,0.04,81,99,25.5,1.76,3.7,-0.4364,0.8998,0.9,1.0,1.0,station
2024-12-05,0.3,-1.0,-0.7,0.9,0.8,-0.2,-1.9,1.0,-0.2,2.2,0.06,0.87,-0.12,74,87,26.8,5.5,8.7,-0.4208,0.9071,0.5,0.0,0.0,station
2024-12-06,-2.3,-3.8,-1.8,-2.0,-1.8,-2.6,-3.5,-1.6,-1.8,-1.6,-2.34,0.84,-0.12,77,86,17.9,5.23,0.8,-0.4052,0.9142,-2.7,-2.0,-2.0,station
2024-12-07,1.3,1.3,1.1,1.0,1.9,1.0,1.1,1.8,-0.5,1.0,1.32,0.35,0.44,84,91,22.5,2.59,2.9,-0.3894,0.9211,1.9,3.0,3.0,station
2024-12-08,3.7,5.3,5.2,5.0,5.1,3.5,5.7,3.4,4.7,5.5,4.86,0.66,0.3,81,70,24.6,6.36,0.1,-0.3735,0.9276,5.1,7.0,7.0,station
2024-12-09,2.2,2.3,5.1,4.4,2.6,3.9,2.6,4.1,4.6,3.4,3.32,1.34,-0.4,95,100,17.7,1.65,7.6,-0.3575,0.9339,2.7,3.0,3.0,station
2024-12-10,4.7,6.3,7.5,6.1,6.5,4.6,6.2,7.9,5.8,6.8,6.22,1.01,-0.04,96,100,9.4,2.63,4.7,-0.3413,0.9399,6.7,8.0,8.0,station
2024-12-11,3.2,3.1,4.8,4.5,4.2,3.4,2.8,4.7,4.3,4.1,3.96,0.77,0.1,89,89,20.3,2.77,1.8,-0.3251,0.9457,3.7,5.0,5.0,station
2024-12-12,-1.7,-1.8,-0.4,-0.7,-1.0,-2.0,-1.5,-0.8,-1.0,-3.2,-1.12,0.61,0.58,71,39,34.3,7.38,0.3,-0.3088,0.9511,-1.7,-1.0,-1.0,station
2024-12-13,-5.2,-6.3,-3.7,-4.9,-2.8,-5.1,-5.9,-3.4,-4.6,-2.1,-4.58,1.36,-0.36,67,10,18.3,7.53,0.0,-0.2924,0.9563,-4.3,-3.0,-3.0,station
2024-12-14,-1.2,-2.1,-0.5,-0.7,-0.8,-2.2,-2.8,-1.0,-0.9,-1.3,-1.06,0.63,0.58,64,38,18.6,7.27,0.0,-0.2759,0.9612,-0.8,0.0,0.0,station
2024-12-15,1.6,0.8,2.8,1.6,2.3,1.3,0.8,1.2,1.5,2.7,1.82,0.76,0.32,76,99,15.9,2.0,1.0,-0.2593,0.9658,1.4,3.0,3.0,station
2024-12-16,6.7,8.0,9.6,6.7,7.0,7.8,8.4,9.0,6.5,7.9,7.6,1.24,-0.32,96,100,16.0,2.03,9.6,-0.2427,0.9701,7.4,8.0,8.0,station
2024-12-17,7.5,8.6,10.2,7.2,8.9,7.5,9.1,8.8,6.5,8.8,8.48,1.2,0.34,78,92,27.6,3.71,0.2,-0.226,0.9741,8.9,9.0,9.0,station
2024-12-18,2.1,1.6,2.8,2.0,2.7,1.4,1.6,2.0,2.1,1.6,2.24,0.5,0.5,83,90,14.5,2.07,0.6,-0.2092,0.9779,3.1,3.0,3.0,station
2024-12-19,0.5,-0.0,-0.0,0.2,1.0,-0.1,-0.2,0.4,-0.0,0.0,0.34,0.42,0.32,65,98,16.5,4.07,0.0,-0.1923,0.9813,0.4,1.0,1.0,station
2024-12-20,-3.6,-3.7,-1.8,-1.1,-4.2,-4.2,-4.3,-2.6,-1.8,-3.7,-2.88,1.35,0.44,78,100,15.7,3.27,2.1,-0.1754,0.9845,-2.6,-3.0,-3.0,station
2024-12-21,-6.7,-6.5,-9.1,-5.4,-6.2,-7.6,-7.6,-5.5,-4.8,-7.5,-6.78,1.39,-0.18,70,90,17.4,4.82,0.0,-0.1585,0.9874,-5.5,-6.0,-6.0,station
2024-12-22,-9.2,-11.7,-10.7,-9.1,-10.9,-9.9,-11.3,-7.4,-9.2,-11.5,-10.32,1.13,-0.46,63,40,10.7,7.88,0.0,-0.1414,0.9899,-8.9,-9.0,-9.0,station
2024-12-23,-0.1,-0.2,-1.0,-0.7,-2.6,-0.5,-0.9,0.8,-0.2,-1.3,-0.92,1.01,-0.5,82,97,14.7,1.92,5.7,-0.1244,0.9922,0.2,0.0,0.0,station
2024-12-24,0.5,0.6,-0.3,0.2,0.8,0.8,0.9,1.2,0.1,1.2,0.36,0.43,-0.48,89,99,10.6,4.28,2.2,-0.1073,0.9942,1.1,1.0,1.0,station
2024-12-25,-3.0,-0.8,-1.0,-0.8,0.9,-2.4,0.1,-0.7,-0.8,-0.4,-0.94,1.38,-0.1,85,95,6.2,5.04,0.0,-0.0902,0.9959,-1.8,-1.0,-1.0,station
2024-12-26,-0.3,-0.2,-0.0,-0.3,1.2,-0.8,0.5,0.2,0.0,-0.2,0.08,0.64,0.14,90,93,9.1,3.38,0.0,-0.073,0.9973,-0.5,0.0,0.0,station
2024-12-27,1.4,2.5,3.5,1.9,4.0,1.4,3.3,2.1,1.9,2.1,2.66,1.08,0.5,91,98,12.9,6.16,0.1,-0.0559,0.9984,1.7,2.0,2.0,station
2024-12-28,8.3,9.7,11.2,7.6,12.0,7.2,9.4,3.5,6.5,10.3,9.76,1.86,2.38,95,79,14.7,3.54,1.1,-0.0387,0.9993,9.9,9.0,9.0,station
2024-12-29,9.0,8.4,11.1,9.0,10.5,8.5,8.5,7.2,9.1,12.3,9.6,1.14,0.48,98,97,19.7,0.92,21.0,-0.0215,0.9998,9.3,10.0,10.0,station
2024-12-30,9.1,8.1,9.8,10.4,11.2,9.0,7.2,9.7,8.5,11.8,9.72,1.19,0.48,85,98,29.5,2.3,2.8,-0.0043,1.0,8.9,10.0,10.0,station
2024-12-31,3.2,3.5,3.3,3.5,3.7,2.5,3.2,3.6,3.4,3.6,3.44,0.19,0.18,88,74,15.2,3.41,3.0,0.0129,0.9999,3.2,,,
2025-01-01,1.7,2.1,4.2,2.6,2.5,1.7,1.6,2.5,2.7,2.3,2.62,0.95,0.46,84,97,21.5,2.99,2.2,0.0172,0.9999,2.3,3.0,3.0,station
2025-01-02,-0.5,-0.7,0.0,0.5,1.3,-0.8,-0.6,0.2,-0.2,-0.2,0.12,0.81,0.44,75,35,24.9,7.57,0.0,0.0344,0.9994,-0.6,0.0,0.0,station
2025-01-03,-2.7,-3.1,-2.5,-1.3,-0.4,-1.8,-3.3,-1.7,-1.4,-0.4,-2.0,1.12,-0.28,68,53,21.6,7.71,0.0,0.0516,0.9987,-1.0,0.0,0.0,station
2025-01-04,-3.9,-4.9,-3.8,-3.4,-3.4,-4.7,-4.7,-2.9,-3.5,-3.0,-3.88,0.61,-0.12,69,95,30.5,4.44,1.8,0.0688,0.9976,-3.0,-2.0,-2.0,station
2025-01-05,-4.4,-4.2,-1.6,-3.1,-2.5,-4.0,-4.2,-1.6,-3.4,-1.8,-3.16,1.17,-0.16,71,98,22.1,2.39,0.3,0.0859,0.9963,-2.2,-1.0,-1.0,station
2025-01-06,-6.0,-6.0,-4.6,-5.7,-5.4,-4.6,-6.1,-4.5,-5.7,-8.7,-5.54,0.58,0.38,68,76,17.8,4.86,0.0,0.103,0.9947,-3.9,-4.0,-4.0,station
2025-01-07,-6.4,-4.9,-5.4,-4.5,-4.5,-6.0,-4.0,-4.9,-4.8,-3.7,-5.14,0.8,-0.46,75,89,20.6,3.69,0.5,0.1201,0.9928,-5.4,-4.0,-4.0,station
2025-01-08,-9.0,-8.5,-8.2,-8.4,-6.6,-9.0,-7.6,-7.1,-8.6,-6.0,-8.14,0.91,-0.48,68,96,19.0,5.66,0.3,0.1372,0.9905,-7.7,-7.0,-7.0,station
2025-01-09,-7.3,-6.4,-6.0,-6.3,-4.8,-8.1,-6.2,-5.2,-6.3,-4.4,-6.16,0.9,-0.12,64,70,17.1,5.04,0.0,0.1542,0.988,-7.3,-4.0,-4.0,station
2025-01-10,-1.4,-4.2,-3.6,-4.1,-2.6,-1.9,-4.2,-2.0,-3.3,-2.7,-3.18,1.18,-0.36,71,88,12.6,6.02,1.8,0.1712,0.9852,-2.0,-3.0,-3.0,station
2025-01-11,-1.4,-1.4,-1.5,-1.3,1.3,-1.5,-1.7,0.0,-1.2,-0.1,-0.86,1.21,0.04,88,77,11.8,7.85,3.0,0.1881,0.9821,-1.5,0.0,0.0,station
2025-01-12,-0.5,-0.0,-0.1,-0.7,1.9,-1.3,-0.6,-0.9,-1.2,-0.9,0.12,1.04,1.1,84,95,15.1,6.43,1.0,0.205,0.9788,-0.3,1.0,1.0,station
2025-01-13,-0.4,0.1,-0.6,-0.9,0.0,-0.9,0.3,-0.6,-0.8,0.3,-0.36,0.42,-0.02,83,92,25.5,6.0,2.0,0.2218,0.9751,0.8,1.0,1.0,station
2025-01-14,-7.0,-6.6,-6.6,-6.8,-5.7,-5.5,-6.5,-6.4,-6.7,-6.1,-6.54,0.5,-0.3,72,71,24.4,7.6,0.0,0.2385,0.9711,-6.5,-6.0,-6.0,station
2025-01-15,-4.8,-5.0,-5.2,-4.8,-4.5,-5.8,-4.9,-4.4,-5.2,-2.7,-4.86,0.26,-0.26,79,87,16.4,5.71,0.2,0.2552,0.9669,-4.1,-4.0,-4.0,station
2025-01-16,-4.6,-4.0,-5.1,-3.9,-4.7,-4.2,-3.7,-4.1,-4.4,-6.0,-4.46,0.5,0.02,81,95,17.5,4.55,1.3,0.2718,0.9624,-4.4,-2.0,-2.0,station
2025-01-17,-0.1,1.0,0.3,0.3,2.1,-0.6,0.6,-0.3,-0.4,0.0,0.72,0.87,0.86,80,89,19.1,8.07,0.0,0.2883,0.9575,0.8,2.0,2.0,station
2025-01-18,1.3,2.8,2.4,1.3,2.1,1.7,2.5,1.2,0.4,3.4,1.98,0.67,0.14,82,93,17.9,2.12,3.6,0.3047,0.9524,1.9,4.0,4.0,station
2025-01-19,-7.0,-6.9,-5.8,-6.6,-7.4,-8.5,-6.4,-7.3,-8.0,-7.0,-6.74,0.6,0.7,73,97,12.5,4.94,0.8,0.3211,0.9471,-6.0,-6.0,-6.0,station
2025-01-20,-11.3,-9.4,-9.0,-10.1,-9.3,-12.3,-10.5,-10.0,-11.2,-9.9,-9.82,0.92,0.96,71,90,23.2,7.53,0.2,0.3373,0.9414,-11.2,-10.0,-10.0,station
2025-01-21,-13.4,-13.3,-12.4,-11.8,-11.1,-13.6,-13.7,-12.3,-12.1,-12.5,-12.4,0.98,0.44,65,23,19.8,9.6,0.0,0.3534,0.9355,-12.8,-11.0,-11.0,station
2025-01-22,-11.9,-10.3,-13.0,-10.1,-12.4,-12.4,-10.7,-8.9,-10.3,-12.0,-11.54,1.29,-0.68,69,54,18.8,7.2,0.5,0.3695,0.9292,-10.2,-10.0,-10.0,station
2025-01-23,-5.7,-4.9,-6.4,-5.2,-5.0,-6.3,-5.0,-4.8,-4.7,-6.1,-5.44,0.62,-0.06,78,87,18.0,7.81,0.6,0.3854,0.9227,-5.5,-4.0,-4.0,station
2025-01-24,-6.8,-6.4,-5.4,-6.6,-3.8,-7.2,-6.5,-6.1,-7.1,-4.8,-5.8,1.24,0.54,76,50,13.4,8.96,0.3,0.4012,0.916,-6.4,-5.0,-5.0,station
2025-01-25,-3.6,-2.1,-4.4,-2.9,-3.2,-4.6,-2.5,-3.1,-3.6,-4.6,-3.24,0.85,0.44,77,45,24.6,8.55,0.0,0.4169,0.9089,-2.9,-1.0,-1.0,station
2025-01-26,-2.5,-1.5,-1.3,-2.3,-0.1,-2.3,-1.7,-2.7,-3.2,-0.2,-1.54,0.95,0.48,76,72,24.6,7.87,1.3,0.4325,0.9016,-1.5,0.0,0.0,station
2025-01-27,-1.9,-0.0,0.5,-0.1,-0.0,-1.4,0.7,-1.3,-1.1,-1.7,-0.3,0.92,0.66,71,61,30.9,10.01,1.3,0.4479,0.8941,-0.9,1.0,1.0,station
2025-01-28,0.8,-0.0,-1.5,-2.6,-0.9,-1.5,0.8,-0.9,-2.4,-1.3,-0.84,1.32,0.22,73,85,27.4,7.64,3.4,0.4633,0.8862,1.3,-1.0,-1.0,station
2025-01-29,1.2,1.7,-0.6,-0.4,1.5,1.0,1.8,0.4,-1.4,3.3,0.68,1.09,-0.34,75,68,27.2,10.61,1.0,0.4784,0.8781,2.0,2.0,2.0,station
2025-01-30,-2.5,-0.3,-2.2,-2.4,-2.6,-2.0,-0.1,-0.1,-1.5,-0.5,-2.0,0.96,-1.16,77,85,11.7,6.54,0.0,0.4935,0.8698,-1.8,-1.0,-1.0,station
2025-01-31,0.5,2.6,0.9,0.2,2.0,0.1,2.6,-0.4,-0.3,3.1,1.24,1.02,0.22,85,86,19.4,5.67,0.7,0.5084,0.8611,1.2,1.0,1.0,station
2025-02-01,-7.6,-4.5,-6.9,-3.6,-7.5,-8.3,-3.9,-2.1,-4.9,-4.7,-6.02,1.85,-1.24,71,23,21.7,11.66,0.0,0.5231,0.8523,-6.4,-8.0,-8.0,station
2025-02-02,-4.6,-4.3,-2.3,-4.1,-4.0,-5.0,-4.6,-4.0,-3.0,-2.9,-3.86,0.9,0.04,80,99,16.2,5.8,1.0,0.5377,0.8432,-3.9,-4.0,-4.0,station
2025-02-03,1.7,1.4,2.4,0.1,3.4,2.2,1.5,1.1,1.4,7.5,1.8,1.22,-0.94,91,99,12.4,2.9,3.5,0.5521,0.8338,1.7,1.0,1.0,station
2025-02-04,-1.1,-0.8,-1.0,-0.5,-1.4,-0.4,-0.2,-3.4,-1.0,-2.0,-0.96,0.34,0.44,78,71,21.2,7.78,1.0,0.5664,0.8242,-1.0,0.0,0.0,station
2025-02-05,-5.6,-5.6,-4.4,-5.6,-4.1,-4.6,-4.9,-3.7,-6.3,-5.7,-5.06,0.75,-0.02,76,88,12.0,11.43,0.0,0.5805,0.8143,-6.6,-5.0,-5.0,station
2025-02-06,0.2,1.1,0.1,0.2,0.7,2.3,0.7,1.8,0.9,1.8,0.46,0.43,-1.04,86,83,25.8,5.55,2.5,0.5944,0.8042,0.0,1.0,1.0,station
2025-02-07,-2.7,-0.2,-3.9,-1.8,-1.1,-2.2,-0.3,-2.6,-1.0,-1.2,-1.94,1.43,-0.48,76,73,32.2,9.2,0.7,0.6081,0.7938,-0.8,-1.0,-1.0,station
2025-02-08,-4.3,-3.2,-3.2,-3.4,-3.1,-3.9,-3.1,-3.8,-3.7,-4.0,-3.44,0.49,0.26,84,98,12.4,7.06,5.3,0.6217,0.7833,-3.6,-2.0,-2.0,station
2025-02-09,-1.9,-1.4,-0.2,-1.0,-0.2,-1.9,-1.6,-0.8,-1.4,0.4,-0.94,0.75,0.12,83,92,16.6,7.89,4.1,0.6351,0.7725,-1.2,-1.0,-1.0,station
2025-02-10,-5.9,-4.3,-4.1,-5.5,-3.2,-6.4,-4.5,-4.0,-5.6,-4.3,-4.6,1.1,0.36,76,72,15.6,9.78,0.0,0.6483,0.7614,-5.7,-3.0,-3.0,station
2025-02-11,-3.4,-3.2,-3.5,-3.8,-1.7,-4.4,-3.6,-5.6,-4.5,-2.1,-3.12,0.82,0.92,79,73,13.8,9.19,0.3,0.6613,0.7502,-3.7,-2.0,-2.0,station
2025-02-12,-6.2,-5.0,-1.9,-5.1,-5.0,-7.6,-6.2,-6.8,-5.7,-5.5,-4.64,1.61,1.72,76,96,19.9,8.51,7.5,0.6741,0.7387,-3.6,-5.0,-5.0,station
2025-02-13,1.3,-2.8,0.9,-0.6,-1.8,-3.4,-3.3,-1.3,-3.0,1.2,-0.6,1.74,1.36,85,88,24.1,10.0,13.7,0.6867,0.727,-0.4,-3.0,-3.0,station
2025-02-14,-6.2,-5.1,-5.2,-6.9,-3.9,-6.9,-5.6,-5.5,-8.2,-5.5,-5.46,1.15,0.88,74,86,21.1,11.07,0.0,0.6991,0.715,-6.4,-5.0,-5.0,station
2025-02-15,-3.3,-4.0,-0.5,-3.1,-2.8,-2.9,-4.0,-2.4,-4.1,-2.3,-2.74,1.33,0.4,88,100,14.0,4.63,9.1,0.7113,0.7029,-1.9,-2.0,-2.0,station
2025-02-16,-3.6,-4.0,-1.2,-4.2,-4.1,-4.1,-5.5,-5.1,-5.9,-3.3,-3.42,1.26,1.36,86,100,22.2,5.25,19.5,0.7233,0.6906,-3.8,-4.0,-4.0,station
2025-02-17,-8.3,-7.9,-7.3,-9.4,-7.8,-8.5,-8.2,-7.5,-10.3,-8.3,-8.14,0.79,0.42,70,77,28.8,11.04,0.3,0.735,0.678,-8.4,-7.0,-7.0,station
2025-02-18,-8.4,-8.7,-7.2,-11.6,-7.7,-9.0,-8.3,-7.5,-12.5,-8.2,-8.72,1.71,0.38,72,89,25.8,10.06,1.2,0.7466,0.6653,-9.3,-7.0,-7.0,station
2025-02-19,-8.9,-6.4,-8.4,-9.1,-7.0,-9.1,-6.5,-7.0,-10.4,-9.3,-7.96,1.2,0.5,75,80,22.5,14.59,0.5,0.7579,0.6523,-8.1,-7.0,-7.0,station
2025-02-20,-8.6,-7.5,-7.9,-8.0,-9.6,-8.1,-7.2,-7.3,-7.8,-8.5,-8.32,0.82,-0.54,78,100,16.6,10.2,0.7,0.769,0.6392,-9.3,-8.0,-8.0,station
2025-02-21,-7.3,-6.4,-4.9,-4.9,-5.0,-8.0,-4.5,-4.5,-5.1,-4.9,-5.7,1.1,-0.3,75,87,15.0,13.26,0.0,0.7799,0.6259,-7.0,-6.0,-6.0,station
2025-02-22,-4.9,-1.8,-2.8,-1.5,-1.7,-5.4,-2.7,-2.7,-1.9,-4.0,-2.54,1.41,0.8,77,67,21.5,14.46,0.1,0.7906,0.6124,-3.7,-2.0,-2.0,station
2025-02-23,-1.2,1.2,0.6,-0.3,1.4,-2.3,1.4,-0.4,-0.7,-1.5,0.34,1.09,1.04,80,97,15.8,12.7,0.0,0.801,0.5987,-0.9,1.0,1.0,station
2025-02-24,3.3,6.7,4.3,4.1,6.3,2.9,7.0,2.1,3.3,4.7,4.94,1.48,0.94,80,87,34.1,12.07,0.0,0.8112,0.5848,4.2,7.0,7.0,station
2025-02-25,3.7,6.7,4.8,6.9,5.0,3.1,7.5,1.7,5.8,5.7,5.42,1.36,0.66,85,74,16.4,12.35,0.1,0.8211,0.5708,3.9,6.0,6.0,station
2025-02-26,0.5,4.3,1.0,3.0,4.7,1.4,4.3,0.8,1.8,2.2,2.7,1.9,0.6,87,58,14.0,13.39,0.0,0.8308,0.5566,2.3,6.0,6.0,station
2025-02-27,2.6,3.5,4.4,2.9,5.6,2.5,3.4,1.4,4.2,4.6,3.8,1.22,0.58,90,95,17.0,10.94,4.9,0.8402,0.5422,2.9,5.0,5.0,station
2025-02-28,3.6,3.7,4.0,2.4,4.5,3.4,3.7,2.0,0.6,4.4,3.64,0.78,0.82,82,79,19.7,8.94,2.9,0.8495,0.5277,4.0,4.0,4.0,station
2025-03-01,3.7,3.7,1.9,2.2,4.3,3.5,3.9,2.3,1.6,3.7,3.16,1.05,0.16,73,86,25.4,12.28,0.1,0.8584,0.513,3.9,4.0,4.0,station
2025-03-02,-6.6,-7.1,-5.6,-6.6,-5.4,-6.9,-5.5,-5.7,-7.8,-6.4,-6.26,0.73,0.2,75,67,15.8,16.14,0.2,0.8671,0.4981,-6.3,-5.0,-5.0,station
2025-03-03,-0.9,0.5,-0.5,0.7,2.9,-1.6,-0.1,-0.6,-0.6,0.8,0.54,1.48,0.96,77,59,15.2,15.39,0.0,0.8755,0.4831,0.3,3.0,3.0,station
2025-03-04,3.0,5.6,6.7,4.4,5.7,3.2,6.3,1.8,4.2,4.4,5.08,1.42,1.1,79,92,13.8,6.79,0.8,0.8837,0.468,3.6,7.0,7.0,station
2025-03-05,5.4,8.0,12.9,6.4,5.5,4.8,9.4,4.5,7.0,6.9,7.64,3.12,1.12,92,95,19.6,8.77,12.0,0.8916,0.4527,6.8,7.0,7.0,station
2025-03-06,3.0,3.7,7.4,3.8,4.3,3.2,5.2,3.5,3.6,3.6,4.44,1.72,0.62,82,88,31.4,7.12,1.1,0.8993,0.4373,3.3,3.0,3.0,station
2025-03-07,-0.9,1.4,-0.1,0.1,3.3,-1.8,2.4,0.8,0.8,0.9,0.76,1.64,0.14,69,50,25.3,15.69,0.0,0.9067,0.4218,-0.1,2.0,2.0,station
2025-03-08,-2.9,-0.7,-0.5,-1.3,2.0,-3.6,-0.3,-0.3,-1.8,0.3,-0.68,1.77,0.46,73,46,23.2,17.65,1.2,0.9138,0.4061,-1.8,1.0,1.0,station
2025-03-09,4.6,6.4,5.0,4.9,7.6,3.8,5.8,3.0,3.4,2.6,5.7,1.27,1.98,71,25,23.8,17.71,0.0,0.9207,0.3904,4.8,7.0,7.0,station
2025-03-10,9.3,11.1,11.8,9.4,11.2,7.0,12.0,9.6,8.2,8.8,10.56,1.14,1.44,74,20,23.8,17.77,0.0,0.9272,0.3745,10.4,11.0,11.0,station
2025-03-11,8.9,10.0,10.9,10.0,10.8,8.4,9.7,11.7,9.7,11.9,10.12,0.8,-0.16,66,50,17.7,17.7,0.0,0.9335,0.3585,10.0,12.0,12.0,station
2025-03-12,-0.9,-1.1,1.5,-0.5,0.6,-0.2,-0.2,0.0,-0.2,-0.4,-0.08,1.1,0.12,65,85,13.9,10.91,0.0,0.9396,0.3424,0.7,1.0,1.0,station
2025-03-13,8.9,7.5,11.0,7.0,10.7,9.6,6.9,5.4,7.7,5.6,9.02,1.81,1.98,58,92,7.7,17.18,0.0,0.9453,0.3261,8.5,7.0,7.0,station
2025-03-14,10.5,11.3,13.1,7.8,11.2,10.6,11.5,9.6,8.3,10.2,10.78,1.92,0.74,68,81,9.2,17.29,0.0,0.9508,0.3098,9.8,13.0,13.0,station
2025-03-15,16.1,15.5,16.2,11.6,15.8,16.9,15.7,17.1,11.9,16.8,15.04,1.94,-0.64,75,98,25.2,9.5,3.3,0.956,0.2934,17.0,14.0,14.0,station
2025-03-16,16.5,15.2,18.0,14.9,19.0,14.5,15.8,14.9,12.5,15.1,16.72,1.77,2.16,84,84,26.3,8.32,14.3,0.9609,0.2769,16.4,17.0,17.0,station
2025-03-17,5.0,3.1,3.2,4.1,6.4,4.8,3.1,5.6,5.4,3.5,4.36,1.38,-0.12,63,54,17.9,18.36,0.0,0.9655,0.2604,5.1,5.0,5.0,station
2025-03-18,14.5,13.0,14.4,11.7,14.2,14.2,11.8,13.3,12.4,6.7,13.56,1.2,1.88,67,51,13.3,18.57,0.0,0.9698,0.2437,14.9,16.0,16.0,station
2025-03-19,18.1,19.7,21.7,19.3,17.8,17.9,19.6,16.9,13.8,13.3,19.32,1.55,3.02,62,67,14.6,18.02,0.0,0.9739,0.227,19.0,21.0,21.0,station
2025-03-20,13.1,13.8,10.8,14.6,15.5,12.9,12.3,13.0,11.9,14.1,13.56,1.78,0.72,68,94,24.2,8.39,3.8,0.9777,0.2102,12.8,14.0,14.0,station
2025-03-21,8.1,7.0,8.7,8.1,8.9,8.2,6.6,8.4,8.7,8.0,8.16,0.74,0.18,60,31,19.5,19.87,0.0,0.9811,0.1934,8.0,8.0,8.0,station
2025-03-22,5.2,6.0,4.4,5.0,6.4,5.6,5.9,6.1,4.4,5.8,5.4,0.8,-0.16,60,81,24.9,11.46,0.2,0.9843,0.1765,6.2,6.0,6.0,station
2025-03-23,0.8,0.3,0.9,-0.6,2.2,-0.0,0.4,2.2,-0.8,-0.7,0.72,1.02,0.5,61,82,16.5,18.24,0.1,0.9872,0.1595,-0.5,-1.0,-1.0,station
2025-03-24,4.7,4.4,3.7,5.5,5.6,3.9,4.4,5.4,6.0,6.3,4.78,0.79,-0.42,76,91,26.5,10.59,3.3,0.9898,0.1425,6.3,6.0,6.0,station
2025-03-25,2.9,2.5,2.9,3.6,2.9,3.4,2.6,4.1,2.8,3.9,2.96,0.4,-0.4,72,91,19.9,6.15,0.2,0.9921,0.1255,3.1,4.0,4.0,station
2025-03-26,0.6,0.9,2.2,1.5,3.3,0.3,0.9,2.0,1.5,2.2,1.7,1.08,0.32,64,59,16.8,12.25,0.5,0.9941,0.1084,2.1,4.0,4.0,station
2025-03-27,10.7,10.2,12.2,9.8,11.0,10.1,10.0,9.7,9.2,10.4,10.78,0.92,0.9,51,20,17.1,20.83,0.0,0.9958,0.0913,10.7,12.0,12.0,station
2025-03-28,2.7,4.6,3.5,3.1,3.7,2.2,4.0,1.9,2.3,2.7,3.52,0.72,0.9,77,86,11.4,5.46,4.0,0.9972,0.0741,4.5,5.0,5.0,station
2025-03-29,1.4,0.8,5.2,1.1,1.6,4.2,4.1,15.4,3.7,16.5,2.02,1.8,-6.76,91,100,14.4,5.37,7.5,0.9984,0.057,3.2,2.0,2.0,station
2025-03-30,7.6,11.6,3.7,2.9,4.0,9.7,11.6,3.6,4.6,6.2,5.96,3.63,-1.18,96,100,13.2,5.95,5.0,0.9992,0.0398,8.5,4.0,4.0,station
2025-03-31,14.4,13.0,10.6,11.7,12.0,13.8,12.8,14.2,12.2,14.5,12.34,1.43,-1.16,80,92,22.1,11.97,0.5,0.9997,0.0226,11.6,12.0,12.0,station
2025-04-01,2.3,2.7,1.4,2.8,3.3,2.9,3.3,3.4,3.4,4.2,2.5,0.71,-0.94,57,45,15.1,23.1,0.0,1.0,0.0054,2.7,3.0,3.0,station
2025-04-02,2.7,4.0,4.8,1.5,4.6,3.2,2.0,3.7,3.0,5.3,3.52,1.4,0.08,77,100,26.6,5.85,14.6,0.9999,-0.0118,3.1,3.0,3.0,station
2025-04-03,17.5,17.0,16.7,18.9,19.5,18.6,17.3,17.3,18.5,18.6,17.92,1.22,-0.14,72,93,29.3,19.7,11.8,0.9996,-0.029,18.9,20.0,20.0,station
2025-04-04,11.2,8.9,8.4,10.4,12.6,11.9,9.7,11.9,9.9,10.5,10.3,1.71,-0.48,70,69,9.0,22.03,0.0,0.9989,-0.0462,11.3,11.0,11.0,station
2025-04-05,12.7,9.2,11.0,10.0,11.2,13.3,8.0,9.5,9.0,11.8,10.82,1.32,0.5,80,100,16.8,5.02,5.7,0.998,-0.0634,12.3,11.0,11.0,station
2025-04-06,6.2,5.7,5.7,6.3,6.6,7.9,6.9,6.9,6.1,6.4,6.1,0.39,-0.74,52,97,18.0,21.2,0.0,0.9968,-0.0805,5.8,6.0,6.0,station
2025-04-07,7.9,6.4,7.6,5.3,9.9,7.5,6.4,8.2,6.4,7.0,7.42,1.73,0.32,67,62,27.0,17.09,0.2,0.9952,-0.0977,7.4,6.0,6.0,station
2025-04-08,-2.3,-2.1,-2.8,0.5,-2.0,-1.9,-2.2,0.0,-0.8,-1.0,-1.74,1.29,-0.56,56,76,29.0,16.96,0.0,0.9934,-0.1148,-1.5,1.0,1.0,station
2025-04-09,4.3,3.8,4.7,4.6,4.7,3.8,3.2,4.4,3.9,4.2,4.42,0.38,0.52,51,65,16.0,15.46,0.0,0.9913,-0.1319,5.2,5.0,5.0,station
2025-04-10,3.4,1.8,5.6,3.9,7.5,2.8,2.5,3.1,4.1,4.1,4.44,2.18,1.12,79,100,16.5,6.85,3.3,0.9889,-0.1489,3.6,5.0,5.0,station
2025-04-11,4.0,5.7,4.4,6.0,5.0,3.9,5.8,3.4,4.9,7.5,5.02,0.84,-0.08,88,100,16.4,6.45,0.8,0.9861,-0.1659,4.7,4.0,4.0,station
2025-04-12,9.8,10.2,8.7,8.9,11.1,9.3,10.7,5.6,10.6,10.4,9.74,0.98,0.42,80,80,11.4,14.98,0.4,0.9831,-0.1828,10.4,10.0,10.0,station
2025-04-13,14.3,15.2,14.1,13.1,16.0,14.2,14.8,13.6,11.9,12.8,14.54,1.11,1.08,63,49,12.0,24.26,0.0,0.9799,-0.1997,14.8,14.0,14.0,station
2025-04-14,17.0,16.7,15.6,15.7,18.3,12.9,16.3,11.6,12.4,15.4,16.66,1.1,2.94,65,80,15.4,18.96,1.5,0.9763,-0.2165,18.3,15.0,15.0,station
2025-04-15,8.8,11.1,8.1,10.5,9.1,10.0,10.9,8.7,9.7,9.7,9.52,1.24,-0.28,65,64,29.3,16.02,0.6,0.9724,-0.2333,10.2,12.0,12.0,station
2025-04-16,4.8,4.7,4.6,5.6,4.9,3.9,5.1,5.0,5.9,6.1,4.92,0.4,-0.28,66,83,26.3,14.78,0.0,0.9683,-0.25,5.2,6.0,6.0,station
2025-04-17,12.5,12.5,14.1,10.5,12.0,11.7,12.5,12.6,10.9,10.4,12.32,1.29,0.7,58,19,13.1,25.76,0.0,0.9638,-0.2666,12.4,12.0,12.0,station
2025-04-18,16.8,17.8,17.9,16.4,17.5,18.4,18.1,17.7,20.1,19.4,17.28,0.65,-1.46,68,89,14.0,13.58,4.4,0.9591,-0.2831,19.3,20.0,20.0,station
2025-04-19,16.8,17.8,19.4,19.5,19.9,17.4,17.7,17.1,18.6,18.8,18.68,1.32,0.76,76,97,22.4,12.6,3.9,0.9541,-0.2996,21.3,22.0,22.0,station
2025-04-20,11.8,10.6,11.5,11.0,13.8,11.6,10.4,12.5,10.6,11.8,11.74,1.24,0.36,66,71,16.5,25.64,0.0,0.9488,-0.316,11.4,9.0,9.0,station
2025-04-21,16.9,16.5,14.0,13.2,11.1,12.8,16.2,15.5,11.1,15.7,14.34,2.4,0.08,70,75,18.9,14.32,2.7,0.9432,-0.3322,18.9,13.0,13.0,station
2025-04-22,12.8,11.6,14.2,12.0,14.4,11.7,11.2,12.9,11.6,11.5,13.0,1.26,1.22,62,47,23.1,21.65,0.0,0.9373,-0.3484,13.4,14.0,14.0,station
2025-04-23,15.2,16.7,16.9,12.6,16.6,14.9,15.7,17.4,13.4,14.6,15.6,1.81,0.4,69,64,7.8,23.14,0.0,0.9312,-0.3645,15.1,15.0,15.0,station
2025-04-24,24.6,24.2,24.9,24.0,24.5,24.4,22.5,24.6,21.5,20.0,24.44,0.35,1.84,65,45,11.9,22.27,0.0,0.9248,-0.3804,23.6,22.0,22.0,station
2025-04-25,15.9,13.8,16.7,14.4,17.2,15.2,14.5,16.6,13.8,14.3,15.6,1.46,0.72,74,95,13.1,16.61,0.4,0.9181,-0.3963,16.0,18.0,18.0,station
2025-04-26,11.6,11.3,13.7,12.0,13.8,11.1,11.8,13.6,12.3,13.8,12.48,1.19,-0.04,78,99,31.4,12.8,2.4,0.9112,-0.412,12.0,14.0,14.0,station
2025-04-27,16.4,17.7,17.5,16.7,18.1,16.2,17.7,15.2,17.6,15.7,17.28,0.71,0.8,48,9,18.8,27.38,0.0,0.9039,-0.4276,16.6,27.0,27.0,station
2025-04-28,18.9,21.2,20.3,17.9,20.3,18.1,21.0,19.5,16.4,16.5,19.72,1.31,1.42,56,31,15.2,25.96,0.0,0.8965,-0.4431,19.1,20.0,20.0,station
2025-04-29,22.5,25.4,27.4,24.1,28.6,23.5,26.9,23.4,23.7,25.9,25.6,2.46,0.92,62,76,28.8,17.62,2.2,0.8887,-0.4585,26.1,26.0,26.0,station
2025-04-30,13.6,10.6,13.1,11.7,14.6,14.1,10.9,13.1,12.0,11.8,12.72,1.58,0.34,67,61,21.8,25.83,0.0,0.8807,-0.4737,12.5,12.0,12.0,station
2025-05-01,10.5,10.4,14.4,8.1,15.1,13.7,11.0,10.5,7.4,12.5,11.7,2.96,0.68,74,90,13.7,8.21,18.0,0.8724,-0.4888,10.0,10.0,10.0,station
2025-05-02,18.4,16.8,15.1,17.9,18.7,20.4,17.4,16.8,16.9,18.1,17.38,1.47,-0.54,77,84,24.6,19.62,0.8,0.8639,-0.5037,18.4,20.0,20.0,station
2025-05-03,13.0,11.1,11.2,13.9,15.2,14.2,11.8,11.3,12.2,13.7,12.88,1.76,0.24,77,100,12.3,9.89,0.6,0.8551,-0.5185,12.0,11.0,11.0,station
2025-05-04,15.1,16.1,17.9,13.7,18.5,15.6,15.7,9.9,13.5,15.4,16.26,1.98,2.24,72,92,15.0,14.64,1.1,0.846,-0.5331,15.7,15.0,15.0,station
2025-05-05,15.8,16.2,15.8,13.0,16.4,16.1,15.3,13.3,13.8,14.6,15.44,1.39,0.82,77,92,19.1,11.98,10.5,0.8367,-0.5476,16.9,18.0,18.0,station
2025-05-06,18.7,18.6,18.9,18.7,20.0,19.5,18.3,19.6,18.6,18.8,18.98,0.58,0.02,79,82,19.1,21.81,5.0,0.8272,-0.5619,19.5,20.0,20.0,station
2025-05-07,19.6,22.2,22.4,22.4,22.5,19.7,20.2,20.2,21.6,19.6,21.82,1.25,1.56,73,39,18.4,23.85,0.6,0.8174,-0.5761,21.8,23.0,23.0,station
2025-05-08,14.2,12.3,11.6,14.9,14.6,14.0,13.8,14.3,16.5,14.3,13.52,1.48,-1.06,69,68,16.8,14.53,0.0,0.8074,-0.59,11.9,12.0,12.0,station
2025-05-09,15.2,16.7,14.1,16.3,17.4,16.0,17.1,15.9,16.0,15.8,15.94,1.3,-0.22,55,7,15.9,28.38,0.0,0.7971,-0.6038,16.7,17.0,17.0,station
2025-05-10,20.7,23.5,24.0,22.7,23.5,19.6,22.7,18.7,21.6,20.6,22.88,1.3,2.24,47,4,19.5,28.11,0.0,0.7866,-0.6175,22.9,23.0,23.0,station
2025-05-11,14.8,15.7,15.2,13.6,14.8,15.0,16.1,15.1,13.5,12.8,14.82,0.78,0.32,37,0,17.8,29.27,0.0,0.7759,-0.6309,14.7,14.0,14.0,station
2025-05-12,24.9,26.6,26.3,22.3,26.1,24.2,27.4,22.6,21.0,20.6,25.24,1.77,2.08,27,42,10.9,28.0,0.0,0.7649,-0.6442,26.5,25.0,25.0,station
2025-05-13,20.5,21.7,21.1,16.6,23.4,19.4,20.2,16.3,16.4,18.3,20.66,2.51,2.54,58,100,17.5,18.0,2.7,0.7537,-0.6572,23.5,24.0,24.0,station
2025-05-14,19.7,19.4,18.1,14.8,19.3,20.6,18.9,18.8,13.3,20.3,18.26,2.03,-0.12,81,95,16.1,16.89,3.7,0.7423,-0.6701,21.4,21.0,21.0,station
2025-05-15,23.9,23.6,24.2,20.8,24.1,23.4,23.3,23.2,20.0,21.4,23.32,1.43,1.06,76,42,11.8,25.3,0.0,0.7306,-0.6828,24.4,23.0,23.0,station
2025-05-16,27.7,28.3,26.3,28.0,27.1,27.8,28.2,26.4,29.2,25.9,27.48,0.79,-0.02,60,51,19.5,26.74,0.9,0.7188,-0.6952,28.7,27.0,27.0,station
2025-05-17,18.6,19.2,19.6,19.0,19.9,18.7,19.0,19.1,20.6,22.2,19.26,0.51,-0.66,68,90,23.9,16.62,11.2,0.7067,-0.7075,20.7,20.0,20.0,station
2025-05-18,16.2,15.0,14.7,16.5,15.4,14.9,14.1,13.0,14.7,16.7,15.56,0.77,0.88,64,83,21.8,22.36,0.0,0.6945,-0.7195,17.0,17.0,17.0,station
2025-05-19,13.0,14.5,11.9,12.7,14.8,12.5,14.2,13.8,14.4,14.2,13.38,1.23,-0.44,54,44,17.3,24.43,0.0,0.682,-0.7314,13.8,13.0,13.0,station
2025-05-20,16.9,16.1,15.2,13.5,15.6,17.9,16.9,15.5,14.6,14.4,15.46,1.27,-0.4,51,47,14.8,29.03,0.0,0.6693,-0.743,16.1,14.0,14.0,station
2025-05-21,11.7,10.0,12.8,11.0,10.8,11.6,10.9,10.3,9.2,10.4,11.26,1.05,0.78,82,97,23.2,5.77,11.5,0.6564,-0.7544,11.7,10.0,10.0,station
2025-05-22,11.6,10.4,10.7,8.5,9.7,9.1,10.3,9.3,8.6,9.1,10.18,1.16,0.9,97,100,17.9,4.76,23.1,0.6433,-0.7656,10.7,10.0,10.0,station
2025-05-23,11.3,10.9,9.7,11.8,12.1,9.6,10.0,7.4,11.2,11.1,11.16,0.94,1.3,79,100,21.7,8.67,1.6,0.6301,-0.7765,11.2,12.0,12.0,station
2025-05-24,12.6,13.6,13.7,13.5,13.0,14.7,14.3,13.9,13.9,15.4,13.28,0.47,-1.16,74,72,20.2,18.38,1.1,0.6166,-0.7873,14.6,16.0,16.0,station
2025-05-25,14.7,15.6,15.2,14.5,17.4,14.8,16.2,15.9,15.5,15.5,15.48,1.16,-0.1,75,26,14.5,20.11,1.8,0.603,-0.7978,16.6,18.0,18.0,station
2025-05-26,20.4,22.9,20.8,21.2,22.5,20.4,22.7,21.0,19.7,19.6,21.56,1.09,0.88,67,10,10.2,27.4,0.2,0.5892,-0.808,20.9,21.0,21.0,station
2025-05-27,21.2,23.5,22.7,20.7,22.4,20.9,23.7,20.2,21.0,20.0,22.1,1.14,0.94,61,79,8.3,23.67,0.0,0.5752,-0.818,21.3,21.0,21.0,station
2025-05-28,19.1,18.2,20.5,18.9,18.6,18.6,15.1,16.0,19.4,16.0,19.06,0.87,2.04,79,83,15.7,13.68,4.9,0.561,-0.8278,16.5,17.0,17.0,station
2025-05-29,20.0,17.9,17.1,21.6,20.6,18.5,17.3,17.9,20.2,18.8,19.44,1.88,0.9,79,90,17.5,17.36,5.1,0.5467,-0.8373,19.8,18.0,18.0,station
2025-05-30,21.8,23.7,24.2,22.4,25.4,21.4,24.0,22.3,23.1,23.5,23.5,1.44,0.64,67,80,16.2,20.84,0.2,0.5322,-0.8466,23.3,24.0,24.0,station
2025-05-31,14.3,14.5,15.1,14.5,15.0,14.1,15.1,15.0,15.1,15.8,14.68,0.35,-0.34,67,78,29.9,17.04,0.0,0.5176,-0.8556,13.7,15.0,15.0,station
2025-06-01,15.2,16.9,17.5,15.9,18.8,14.5,17.1,16.4,16.3,16.3,16.86,1.4,0.74,58,41,24.0,20.34,0.2,0.5028,-0.8644,15.5,16.0,16.0,station
2025-06-02,22.5,24.7,22.9,23.5,23.6,22.5,24.8,20.9,23.2,22.9,23.44,0.84,0.58,42,16,16.4,30.25,0.0,0.4878,-0.8729,23.1,23.0,23.0,station
2025-06-03,27.8,30.8,28.5,27.8,29.4,27.5,30.6,25.4,27.3,25.7,28.86,1.27,1.56,44,14,19.7,29.78,0.0,0.4728,-0.8812,29.2,28.0,28.0,station
2025-06-04,30.3,31.9,30.5,29.7,32.4,30.6,31.6,28.7,30.5,28.7,30.96,1.14,0.94,50,60,24.7,27.17,2.7,0.4575,-0.8892,31.9,31.0,31.0,station
2025-06-05,22.2,21.9,22.0,22.1,23.2,23.8,24.1,24.0,23.8,22.0,22.28,0.53,-1.26,82,78,13.0,14.48,20.3,0.4422,-0.8969,20.8,21.0,21.0,station
2025-06-06,24.9,24.8,24.1,24.5,25.6,24.3,25.0,20.5,25.1,21.0,24.78,0.55,1.6,66,74,12.8,22.4,0.2,0.4267,-0.9044,23.7,24.0,24.0,station
2025-06-07,24.2,26.8,26.1,25.3,27.0,23.9,27.2,22.0,23.8,24.4,25.88,1.15,1.62,55,43,15.7,27.78,0.0,0.4111,-0.9116,24.6,25.0,25.0,station
2025-06-08,20.0,22.3,24.3,21.3,23.8,19.8,20.9,20.6,22.4,20.1,22.34,1.77,1.58,64,63,14.8,23.74,0.0,0.3953,-0.9185,21.8,23.0,23.0,station
2025-06-09,25.3,18.8,21.0,19.6,24.4,20.3,19.5,22.2,22.9,19.3,21.82,2.89,0.98,84,72,15.4,13.9,5.6,0.3795,-0.9252,22.2,23.0,23.0,station
2025-06-10,21.6,21.8,21.2,21.7,23.6,22.2,22.2,20.8,23.0,22.4,21.98,0.93,-0.14,65,29,23.6,22.12,1.0,0.3635,-0.9316,22.1,23.0,23.0,station
2025-06-11,26.1,28.7,28.5,27.0,27.9,26.4,29.1,26.7,26.7,26.9,27.64,1.09,0.48,64,16,23.6,28.0,0.0,0.3474,-0.9377,28.1,28.0,28.0,station
2025-06-12,24.9,24.0,24.4,23.0,26.0,24.7,23.8,24.4,22.1,23.2,24.46,1.11,0.82,43,58,16.7,26.77,0.0,0.3312,-0.9436,26.0,25.0,25.0,station
2025-06-13,20.0,19.0,19.3,18.3,19.3,20.9,19.7,17.8,17.2,17.0,19.18,0.61,0.66,53,89,13.5,22.1,0.0,0.3149,-0.9491,20.7,19.0,19.0,station
2025-06-14,22.5,21.9,21.7,20.5,23.2,21.9,21.4,20.8,20.2,18.7,21.96,1.0,1.36,51,55,14.9,25.86,0.0,0.2986,-0.9544,22.1,21.0,21.0,station
2025-06-15,25.2,25.4,24.3,22.7,25.3,24.9,25.8,23.3,23.4,21.6,24.58,1.14,0.78,43,75,15.1,26.65,0.0,0.2821,-0.9594,24.9,23.0,23.0,station
2025-06-16,26.7,26.6,26.0,25.3,27.5,27.1,27.1,25.3,26.0,22.8,26.42,0.82,0.76,48,67,12.2,25.33,0.0,0.2656,-0.9641,27.1,24.0,24.0,station
2025-06-17,28.0,27.6,26.3,24.7,26.1,27.6,27.3,27.9,27.6,23.0,26.54,1.31,-0.14,73,85,14.0,23.04,0.5,0.2489,-0.9685,27.4,25.0,25.0,station
2025-06-18,28.3,27.6,29.3,26.2,29.6,30.0,25.8,26.5,26.6,25.9,28.2,1.37,1.24,76,89,12.2,19.0,6.9,0.2322,-0.9727,29.8,27.0,27.0,station
2025-06-19,24.9,23.5,21.6,22.2,23.3,25.1,22.2,21.4,25.6,23.1,23.1,1.27,-0.38,76,77,34.6,21.09,4.6,0.2155,-0.9765,25.6,24.0,24.0,station
2025-06-20,26.5,27.3,27.3,26.6,27.6,26.7,26.9,26.1,26.8,23.9,27.06,0.48,0.98,68,34,18.4,24.48,0.1,0.1986,-0.9801,26.0,26.0,26.0,station
2025-06-21,30.1,28.9,28.4,26.5,31.1,29.9,29.7,26.5,27.5,26.6,29.0,1.75,0.96,73,68,22.3,21.15,0.1,0.1818,-0.9833,28.9,28.0,28.0,station
2025-06-22,33.5,34.4,35.2,33.3,35.5,34.4,35.9,33.1,33.7,33.5,34.38,0.98,0.26,66,58,21.7,21.72,0.4,0.1648,-0.9863,35.5,35.0,35.0,station
2025-06-23,35.1,37.0,35.9,35.7,35.3,35.2,37.6,34.7,34.7,34.0,35.8,0.74,0.56,57,3,20.9,28.68,0.0,0.1478,-0.989,37.5,36.0,36.0,station
2025-06-24,32.3,33.9,34.3,33.8,35.2,32.0,34.6,33.3,33.6,32.4,33.9,1.05,0.72,53,48,20.2,26.01,3.5,0.1308,-0.9914,35.6,35.0,35.0,station
2025-06-25,31.1,31.9,28.1,30.4,31.4,30.5,31.6,27.1,29.4,27.9,30.58,1.49,1.28,48,54,10.6,23.42,0.4,0.1137,-0.9935,33.5,30.0,30.0,station
2025-06-26,23.7,24.2,23.1,23.5,25.0,25.7,24.6,20.3,22.9,21.7,23.9,0.73,0.86,57,93,15.8,14.65,0.0,0.0966,-0.9953,24.3,24.0,24.0,station
2025-06-27,27.5,27.7,28.3,23.4,27.5,28.4,27.8,32.5,26.2,21.2,26.88,1.97,-0.34,78,72,17.1,21.78,2.0,0.0795,-0.9968,26.0,25.0,25.0,station
2025-06-28,26.0,25.7,26.5,24.5,29.1,26.2,26.6,23.5,23.2,27.1,26.36,1.7,1.04,70,41,20.6,25.19,4.2,0.0623,-0.9981,26.7,26.0,26.0,station
2025-06-29,29.5,28.6,28.8,26.6,28.5,32.3,30.5,29.2,26.9,26.8,28.4,1.08,-0.74,61,3,10.7,29.24,0.0,0.0451,-0.999,29.6,27.0,27.0,station
2025-06-30,29.2,26.5,28.3,27.9,30.1,32.5,31.7,32.1,29.2,28.2,28.4,1.36,-2.34,72,51,15.2,18.21,3.5,0.028,-0.9996,30.4,26.0,26.0,station
2025-07-01,28.3,29.0,30.4,28.5,30.7,28.1,29.4,28.3,29.8,27.3,29.38,1.1,0.8,73,62,17.0,22.54,0.2,0.0108,-0.9999,28.3,30.0,30.0,station
2025-07-02,28.9,31.0,30.2,29.2,30.1,27.9,30.6,29.5,28.3,27.5,29.88,0.84,1.12,58,15,18.1,26.79,0.5,-0.0065,-1.0,29.7,31.0,31.0,station
2025-07-03,26.0,27.7,27.5,26.1,28.1,24.9,28.3,27.9,26.9,25.3,27.08,0.97,0.42,54,29,20.6,27.96,0.9,-0.0237,-0.9997,26.1,27.0,27.0,station
2025-07-04,28.1,27.5,26.2,24.9,28.8,28.3,27.9,27.6,26.4,24.7,27.1,1.56,0.12,45,21,12.4,29.76,0.0,-0.0408,-0.9992,28.1,26.0,26.0,station
2025-07-05,33.0,33.4,32.0,29.5,32.5,34.3,34.1,32.8,31.8,30.4,32.08,1.54,-0.6,50,34,17.1,26.68,0.9,-0.058,-0.9983,34.2,30.0,30.0,station
2025-07-06,34.3,34.6,34.1,32.8,36.7,34.7,34.7,32.3,32.7,31.6,34.5,1.41,1.3,49,54,21.1,25.29,0.0,-0.0752,-0.9972,35.8,34.0,34.0,station
2025-07-07,28.9,27.4,30.5,26.7,30.5,28.2,27.5,27.4,25.4,27.7,28.8,1.74,1.56,60,67,16.8,24.97,0.0,-0.0923,-0.9957,30.5,29.0,29.0,station
2025-07-08,26.8,26.2,27.6,27.8,28.1,29.9,27.0,28.8,27.1,24.7,27.3,0.78,-0.2,67,77,9.9,13.45,0.0,-0.1094,-0.994,27.7,26.0,26.0,station
2025-07-09,27.5,27.3,29.4,25.8,28.9,27.4,27.3,27.6,27.2,25.0,27.78,1.42,0.88,68,77,11.5,17.41,0.5,-0.1265,-0.992,27.4,26.0,26.0,station
2025-07-10,27.5,28.9,28.8,28.3,29.7,29.2,29.4,31.1,26.9,27.1,28.64,0.81,-0.1,70,23,9.9,24.17,2.1,-0.1436,-0.9896,28.6,28.0,28.0,station
2025-07-11,30.1,30.1,30.7,30.1,31.5,28.9,30.2,31.1,28.7,27.6,30.5,0.62,1.2,59,71,10.7,23.5,0.2,-0.1606,-0.987,32.1,31.0,31.0,station
2025-07-12,33.0,33.4,33.0,31.5,33.4,31.1,32.7,33.0,32.8,28.6,32.86,0.79,1.22,62,63,19.3,26.64,1.8,-0.1775,-0.9841,34.2,34.0,34.0,station
2025-07-13,29.9,31.4,31.7,31.5,31.3,30.6,30.2,31.5,30.0,28.9,31.16,0.72,0.92,56,32,18.1,24.22,0.4,-0.1944,-0.9809,33.1,31.0,31.0,station
2025-07-14,32.3,31.9,31.7,30.9,31.1,31.5,32.1,31.8,32.1,29.2,31.58,0.58,0.24,47,42,9.1,27.01,0.0,-0.2113,-0.9774,33.0,29.0,29.0,station
2025-07-15,33.0,33.5,32.7,32.1,32.0,32.8,33.7,33.3,31.5,30.0,32.66,0.63,0.4,48,1,12.6,28.23,0.0,-0.2281,-0.9736,34.2,32.0,32.0,station
2025-07-16,33.2,33.2,34.1,31.6,32.5,33.8,33.9,32.9,33.6,29.8,32.92,0.93,0.12,50,25,14.4,25.96,2.0,-0.2448,-0.9696,33.4,32.0,32.0,station
2025-07-17,27.6,25.4,28.9,28.4,26.7,29.3,27.9,30.6,30.0,28.2,27.4,1.39,-1.8,70,68,28.6,22.89,0.8,-0.2614,-0.9652,27.5,29.0,29.0,station
2025-07-18,24.6,24.7,23.5,23.5,24.1,25.2,24.8,25.1,23.5,21.4,24.08,0.58,0.08,50,0,14.9,29.16,0.0,-0.278,-0.9606,23.7,22.0,22.0,station
2025-07-19,29.7,27.3,28.4,27.0,28.9,29.3,27.9,30.1,28.7,26.7,28.26,1.12,-0.28,46,62,10.1,24.2,0.0,-0.2945,-0.9557,28.9,27.0,27.0,station
2025-07-20,25.7,26.4,27.1,26.6,27.8,27.0,26.8,26.0,26.9,25.4,26.72,0.79,0.3,71,32,17.4,24.9,5.4,-0.3109,-0.9505,26.5,28.0,28.0,station
2025-07-21,22.1,23.5,23.4,22.8,23.4,21.1,23.6,24.1,23.4,22.7,23.04,0.59,0.06,61,12,15.9,26.57,0.0,-0.3272,-0.945,22.2,23.0,23.0,station
2025-07-22,24.8,25.0,23.8,24.2,25.1,23.5,24.4,25.1,23.8,22.7,24.58,0.56,0.68,62,32,10.7,24.72,0.0,-0.3434,-0.9392,24.5,24.0,24.0,station
2025-07-23,28.8,29.2,29.5,28.3,29.7,29.0,29.8,30.5,30.2,27.0,29.1,0.56,-0.2,60,32,11.3,27.76,0.0,-0.3595,-0.9332,29.1,27.0,27.0,station
2025-07-24,34.7,34.8,35.9,33.9,35.2,34.7,35.0,35.5,34.3,32.1,34.9,0.73,0.58,61,60,21.6,24.82,3.0,-0.3755,-0.9268,35.3,33.0,33.0,station
2025-07-25,30.5,30.1,31.4,29.0,30.4,30.6,30.5,29.2,29.7,28.0,30.28,0.86,0.68,65,76,15.0,20.93,0.9,-0.3914,-0.9202,31.5,29.0,29.0,station
2025-07-26,30.0,30.0,30.7,27.9,30.3,29.7,29.6,32.2,27.4,26.8,29.78,1.09,0.64,74,96,9.4,18.26,4.2,-0.4071,-0.9134,29.1,29.0,29.0,station
2025-07-27,30.9,32.4,33.7,30.7,32.2,29.8,31.8,33.3,30.4,30.1,31.98,1.22,0.9,72,30,17.4,25.14,1.8,-0.4228,-0.9062,31.8,32.0,32.0,station
2025-07-28,33.0,33.9,34.9,32.4,34.0,31.8,33.9,33.8,32.1,30.8,33.64,0.97,1.16,59,24,15.5,26.51,0.0,-0.4383,-0.8988,34.8,33.0,33.0,station
2025-07-29,33.4,32.4,33.2,32.1,32.0,33.2,32.8,32.8,31.9,31.4,32.62,0.64,0.2,54,22,9.8,26.94,0.0,-0.4537,-0.8912,34.0,33.0,33.0,station
2025-07-30,30.4,30.3,29.9,29.5,30.7,31.8,29.3,32.8,26.8,28.4,30.16,0.47,0.34,56,80,19.6,22.84,1.3,-0.469,-0.8832,30.3,30.0,30.0,station
2025-07-31,25.2,24.8,25.2,24.1,25.4,25.5,24.6,25.0,24.1,22.5,24.94,0.52,0.6,64,76,11.8,16.74,4.8,-0.4841,-0.875,24.3,24.0,24.0,station
2025-08-01,24.5,25.1,25.1,22.9,25.1,24.9,25.8,25.9,24.0,22.7,24.54,0.95,-0.12,54,7,14.4,26.31,0.0,-0.4991,-0.8666,23.8,25.0,25.0,station
2025-08-02,27.0,27.7,27.5,26.3,28.3,26.9,28.5,28.6,26.5,25.7,27.36,0.75,0.12,49,19,11.5,24.17,0.0,-0.5139,-0.8578,27.8,27.0,27.0,station
2025-08-03,30.4,30.5,30.2,28.4,30.2,30.1,30.7,31.6,28.6,28.2,29.94,0.87,0.1,50,15,14.7,24.85,0.0,-0.5286,-0.8489,30.5,29.0,29.0,station
2025-08-04,30.3,30.4,30.4,28.8,30.8,30.6,31.0,31.7,28.9,28.9,30.14,0.77,-0.08,51,40,11.0,25.06,0.0,-0.5431,-0.8397,30.1,29.0,29.0,station
2025-08-05,28.1,28.3,29.4,27.1,29.4,28.6,29.3,30.0,28.4,26.5,28.46,0.97,-0.1,65,56,14.3,25.15,0.0,-0.5575,-0.8302,28.4,28.0,28.0,station
2025-08-06,28.1,28.8,29.7,26.0,28.9,28.8,28.7,30.2,26.1,26.2,28.3,1.41,0.3,62,37,11.7,22.94,1.3,-0.5717,-0.8205,28.3,28.0,28.0,station
2025-08-07,28.6,28.8,29.1,26.0,29.0,29.1,29.1,29.9,27.1,26.5,28.3,1.3,-0.04,64,63,16.2,24.41,0.0,-0.5857,-0.8105,28.4,28.0,28.0,station
2025-08-08,29.8,30.2,30.4,28.7,29.9,30.3,30.0,32.4,28.4,28.4,29.8,0.66,-0.1,63,54,14.5,22.72,0.1,-0.5996,-0.8003,30.6,29.0,29.0,station
2025-08-09,31.1,31.9,32.7,30.5,31.8,32.2,32.5,35.2,30.6,30.0,31.6,0.84,-0.5,61,31,12.9,23.95,0.0,-0.6132,-0.7899,32.0,32.0,32.0,station
2025-08-10,32.8,33.4,33.6,31.5,32.8,33.0,34.4,34.4,31.6,30.5,32.82,0.82,0.04,53,61,15.3,24.47,0.0,-0.6267,-0.7792,33.8,32.0,32.0,station
2025-08-11,32.8,33.6,33.8,31.6,32.9,33.3,34.2,35.7,31.9,32.0,32.94,0.86,-0.48,52,10,15.6,23.9,0.0,-0.64,-0.7683,33.1,32.0,32.0,station
2025-08-12,33.0,31.8,34.4,29.2,32.9,30.8,31.7,35.2,31.0,30.3,32.26,1.94,0.46,66,47,11.7,20.39,5.3,-0.6532,-0.7572,33.5,34.0,34.0,station
2025-08-13,27.8,29.5,29.4,29.9,28.4,31.0,29.6,30.9,30.3,29.7,29.0,0.87,-1.3,73,69,14.9,21.86,0.6,-0.6661,-0.7459,28.3,30.0,30.0,station
2025-08-14,27.6,28.3,28.8,27.4,29.0,26.7,28.8,30.1,27.6,28.3,28.22,0.71,-0.08,71,13,12.4,22.46,0.0,-0.6788,-0.7343,26.4,27.0,27.0,station
2025-08-15,28.6,29.1,30.1,28.0,30.5,28.2,29.4,31.0,28.2,27.9,29.26,1.04,0.32,68,8,11.0,24.67,0.0,-0.6914,-0.7225,28.5,29.0,29.0,station
2025-08-16,31.8,31.5,31.4,30.6,32.0,32.3,31.9,35.0,31.3,30.7,31.46,0.54,-0.78,65,34,11.4,24.13,0.0,-0.7037,-0.7105,30.7,30.0,30.0,station
2025-08-17,27.4,24.4,23.1,25.2,24.3,28.8,26.0,27.5,26.9,24.3,24.88,1.6,-1.82,73,64,22.2,18.53,4.6,-0.7158,-0.6983,26.3,25.0,25.0,station
2025-08-18,20.8,21.4,20.7,20.0,21.9,22.6,21.6,22.9,20.9,20.1,20.96,0.72,-0.66,60,53,12.4,24.91,0.0,-0.7277,-0.6859,20.7,21.0,21.0,station
2025-08-19,20.7,17.9,24.0,17.7,25.3,22.3,18.3,23.5,20.0,25.7,21.12,3.46,-0.84,79,100,17.7,4.95,32.9,-0.7394,-0.6733,20.4,22.0,22.0,station
2025-08-20,22.0,20.1,19.6,20.8,21.4,22.5,21.6,23.6,20.8,23.0,20.78,0.97,-1.52,87,93,16.9,11.14,14.3,-0.7509,-0.6605,22.2,21.0,21.0,station
2025-08-21,24.0,23.9,22.2,23.6,25.3,24.0,23.9,24.6,23.7,23.3,23.8,1.11,-0.1,81,10,11.8,22.41,0.0,-0.7621,-0.6474,22.9,23.0,23.0,station
2025-08-22,25.8,26.8,26.9,25.8,27.3,25.6,27.0,29.6,26.0,25.1,26.52,0.68,-0.14,72,28,12.4,23.28,0.0,-0.7731,-0.6342,25.5,26.0,26.0,station
2025-08-23,24.3,25.7,27.6,25.2,28.1,26.4,26.1,29.2,25.1,25.7,26.18,1.61,-0.32,75,97,13.1,10.07,0.1,-0.7839,-0.6208,24.4,26.0,26.0,station
2025-08-24,23.2,24.1,24.8,23.6,24.9,23.6,23.8,27.7,24.3,24.6,24.12,0.74,-0.68,71,21,16.0,21.24,0.9,-0.7945,-0.6073,23.3,25.0,25.0,station
2025-08-25,19.7,20.0,20.6,20.4,20.9,20.2,19.9,21.5,21.4,20.6,20.32,0.48,-0.4,67,28,21.1,21.36,0.1,-0.8048,-0.5935,20.0,20.0,20.0,station
2025-08-26,19.5,18.9,20.4,19.3,19.4,19.7,19.1,20.3,19.8,20.4,19.5,0.55,-0.36,69,29,19.1,19.02,2.3,-0.8149,-0.5796,19.7,20.0,20.0,station
2025-08-27,21.5,22.3,23.0,21.9,23.2,22.1,22.7,23.2,21.6,21.9,22.38,0.72,0.08,61,46,16.6,22.22,0.0,-0.8248,-0.5655,21.7,23.0,23.0,station
2025-08-28,17.6,17.1,22.3,18.1,19.4,19.6,18.2,20.7,20.6,22.2,18.9,2.08,-1.36,76,76,13.2,6.94,8.0,-0.8344,-0.5512,17.7,18.0,18.0,station
2025-08-29,17.0,17.1,14.5,17.3,18.7,16.5,17.1,18.7,17.8,18.4,16.92,1.52,-0.78,66,24,17.1,19.2,0.0,-0.8437,-0.5368,17.5,18.0,18.0,station
2025-08-30,20.5,21.3,21.6,21.2,23.0,20.4,20.5,21.7,20.9,21.3,21.52,0.92,0.56,62,33,13.0,20.85,0.0,-0.8528,-0.5222,21.3,22.0,22.0,station
2025-08-31,22.7,23.3,23.1,22.8,25.5,23.5,23.5,24.4,23.7,22.0,23.48,1.15,0.06,67,1,10.0,22.76,0.0,-0.8617,-0.5074,22.2,23.0,23.0,station
2025-09-01,24.4,24.7,24.2,23.9,25.4,24.1,24.8,24.8,24.1,22.9,24.52,0.57,0.38,63,2,8.9,22.86,0.0,-0.8703,-0.4925,23.6,24.0,24.0,station
2025-09-02,24.7,24.7,25.4,24.6,26.5,24.3,25.2,26.4,24.3,23.4,25.18,0.8,0.46,67,49,8.7,20.6,0.1,-0.8786,-0.4775,24.4,25.0,25.0,station
2025-09-03,26.3,27.1,26.9,25.7,28.5,25.8,26.8,27.7,26.2,24.3,26.9,1.05,0.74,64,35,17.5,20.36,0.0,-0.8867,-0.4623,26.0,27.0,27.0,station
2025-09-04,18.6,19.7,19.6,18.7,20.3,18.3,19.7,19.5,18.9,20.1,19.38,0.72,0.08,71,70,15.8,13.24,11.9,-0.8945,-0.447,19.6,19.0,19.0,station
2025-09-05,21.0,21.5,22.3,22.9,23.2,21.5,22.0,22.1,22.8,22.6,22.18,0.93,-0.02,68,44,30.8,18.05,0.8,-0.9021,-0.4315,21.7,23.0,23.0,station
2025-09-06,17.7,19.0,19.5,18.7,20.9,18.2,18.7,19.7,18.7,19.6,19.16,1.17,0.18,62,79,18.9,16.58,0.0,-0.9094,-0.4159,19.1,20.0,20.0,station
2025-09-07,18.1,18.0,18.6,18.0,19.6,17.8,18.0,19.4,18.0,18.0,18.46,0.68,0.22,64,39,21.2,18.59,0.4,-0.9164,-0.4002,17.4,19.0,19.0,station
2025-09-08,20.0,19.5,21.1,18.7,19.6,19.9,19.7,20.0,19.3,19.6,19.78,0.88,0.08,68,9,9.6,20.64,0.0,-0.9232,-0.3844,19.0,19.0,19.0,station
2025-09-09,22.4,23.2,22.3,21.3,23.5,22.4,23.3,23.1,21.4,21.9,22.54,0.86,0.12,77,30,10.8,20.67,0.0,-0.9296,-0.3685,20.7,22.0,22.0,station
2025-09-10,24.0,24.6,25.5,23.0,24.6,24.2,25.0,25.9,23.1,22.0,24.34,0.92,0.3,77,80,10.2,19.04,0.0,-0.9358,-0.3524,23.1,24.0,24.0,station
2025-09-11,24.3,24.7,26.0,24.4,25.6,24.9,25.0,25.8,24.2,23.0,25.0,0.76,0.42,64,12,12.2,20.39,0.0,-0.9418,-0.3363,24.6,25.0,25.0,station
2025-09-12,23.0,24.0,23.9,22.7,23.1,22.9,23.7,24.8,22.8,21.6,23.34,0.58,0.18,75,18,12.0,18.32,0.0,-0.9474,-0.32,23.4,23.0,23.0,station
2025-09-13,26.2,23.2,24.6,23.8,26.4,26.3,25.4,24.5,25.4,24.3,24.84,1.42,-0.34,68,68,11.2,13.63,0.6,-0.9528,-0.3037,25.7,25.0,25.0,station
2025-09-14,24.6,25.1,25.1,24.6,26.5,25.5,24.8,25.9,25.2,24.7,25.18,0.78,-0.04,69,16,12.5,18.63,0.2,-0.9579,-0.2873,25.9,25.0,25.0,station
2025-09-15,24.7,24.0,24.7,23.5,24.4,23.5,23.4,25.0,22.8,23.0,24.26,0.51,0.72,71,11,9.3,20.02,0.0,-0.9627,-0.2707,23.9,24.0,24.0,station
2025-09-16,25.3,25.4,25.7,24.4,24.8,25.0,25.4,25.6,24.4,23.2,25.12,0.52,0.4,65,13,11.2,20.07,0.0,-0.9672,-0.2541,24.8,25.0,25.0,station
2025-09-17,25.9,25.9,25.5,25.1,25.8,25.9,26.3,27.8,25.4,23.4,25.64,0.34,-0.12,63,21,8.7,19.63,0.0,-0.9714,-0.2375,25.6,25.0,25.0,station
2025-09-18,28.8,28.6,29.5,27.7,29.1,28.0,28.4,30.2,27.5,24.6,28.74,0.67,1.0,69,32,15.5,16.81,1.0,-0.9753,-0.2207,28.3,29.0,29.0,station
2025-09-19,21.5,21.3,21.0,21.1,21.5,20.7,21.0,21.6,19.2,20.7,21.28,0.23,0.64,64,12,13.2,19.43,0.0,-0.979,-0.2039,22.7,21.0,21.0,station
2025-09-20,18.7,18.4,18.6,17.8,19.3,18.6,18.7,18.5,17.1,17.7,18.56,0.54,0.44,54,19,14.5,17.66,0.0,-0.9824,-0.187,18.3,18.0,18.0,station
2025-09-21,24.9,24.6,25.6,24.4,25.0,25.1,24.8,26.1,24.8,23.6,24.9,0.46,0.02,71,66,13.3,17.6,2.2,-0.9854,-0.1701,24.7,24.0,24.0,station
2025-09-22,24.3,23.1,25.2,23.7,24.8,25.4,22.7,21.1,24.2,23.8,24.22,0.84,0.78,87,98,16.9,8.68,5.8,-0.9882,-0.1531,24.2,24.0,24.0,station
2025-09-23,25.3,24.7,24.8,24.3,25.8,23.7,24.2,27.4,21.4,22.3,24.98,0.58,1.18,87,90,8.9,14.67,10.3,-0.9907,-0.1361,25.3,25.0,25.0,station
2025-09-24,20.8,20.2,20.0,20.6,20.8,20.8,20.8,23.2,20.4,20.5,20.48,0.36,-0.66,91,100,12.1,6.95,8.6,-0.9929,-0.1191,21.1,21.0,21.0,station
2025-09-25,22.4,20.5,21.1,22.6,22.6,21.5,21.8,22.3,22.4,21.7,21.84,0.98,-0.1,93,72,9.8,6.41,1.0,-0.9948,-0.102,20.8,21.0,21.0,station
2025-09-26,23.2,24.2,22.7,23.5,24.5,23.5,24.4,24.6,23.7,22.8,23.62,0.73,-0.18,78,22,10.9,15.4,0.0,-0.9964,-0.0848,23.6,24.0,24.0,station
2025-09-27,24.3,25.5,25.5,25.4,24.5,23.9,25.9,24.7,24.2,23.4,25.04,0.59,0.62,83,51,12.4,14.85,0.2,-0.9977,-0.0677,24.1,25.0,25.0,station
2025-09-28,23.1,25.3,24.8,23.3,23.6,23.0,25.8,26.2,24.7,24.9,24.02,0.97,-0.9,66,1,12.6,17.91,0.0,-0.9987,-0.0505,22.4,24.0,24.0,station
2025-09-29,24.6,25.3,25.1,24.5,24.3,24.0,25.4,26.0,24.8,23.1,24.76,0.42,0.1,68,0,8.9,17.77,0.0,-0.9994,-0.0333,23.5,25.0,25.0,station
2025-09-30,22.1,22.7,22.7,22.9,22.8,21.9,22.8,22.6,21.9,21.0,22.64,0.31,0.6,70,0,11.9,17.16,0.0,-0.9999,-0.0161,21.2,22.0,22.0,station
2025-10-01,18.3,18.2,17.5,17.1,18.4,18.3,17.7,17.1,16.7,16.8,17.9,0.57,0.58,62,29,9.4,17.58,0.0,-1.0,0.0011,17.8,17.0,17.0,station
2025-10-02,17.7,18.8,18.8,17.8,19.0,17.5,18.7,17.7,17.8,17.2,18.42,0.62,0.64,76,65,9.5,16.48,0.0,-0.9998,0.0183,18.1,19.0,19.0,station
2025-10-03,25.9,25.3,25.6,24.8,25.7,24.7,25.1,26.9,23.9,23.7,25.46,0.43,0.6,79,1,9.0,16.81,0.0,-0.9994,0.0355,23.2,24.0,24.0,station
2025-10-04,27.9,29.0,27.6,28.1,26.7,27.1,28.8,28.7,26.9,25.3,27.86,0.83,0.5,66,27,11.6,16.01,0.0,-0.9986,0.0527,25.6,26.0,26.0,station
2025-10-05,27.3,29.1,27.8,27.4,27.5,26.8,29.3,28.2,27.4,24.9,27.82,0.74,0.5,65,1,15.1,15.85,0.0,-0.9976,0.0698,27.0,27.0,27.0,station
2025-10-06,27.5,28.7,27.9,27.3,28.3,28.0,28.7,28.3,27.0,26.8,27.94,0.57,0.18,62,35,16.1,14.14,0.0,-0.9962,0.087,27.8,28.0,28.0,station
2025-10-07,21.0,20.3,19.5,21.7,22.8,20.9,20.8,21.1,22.1,21.3,21.06,1.27,-0.18,79,85,15.1,7.17,7.3,-0.9946,0.1041,22.1,21.0,21.0,station
2025-10-08,13.7,14.5,13.4,13.7,14.1,13.1,13.9,14.0,13.8,15.1,13.88,0.43,-0.1,60,13,19.5,15.69,0.0,-0.9926,0.1212,14.3,14.0,14.0,station
2025-10-09,12.5,12.1,12.3,11.6,13.1,12.4,11.8,12.9,11.3,11.3,12.32,0.55,0.38,63,0,9.5,16.16,0.0,-0.9904,0.1383,12.2,12.0,12.0,station
2025-10-10,15.8,17.3,17.1,15.5,17.8,16.0,17.3,17.0,15.6,16.1,16.7,1.0,0.3,68,49,15.3,14.85,1.2,-0.9879,0.1553,16.7,17.0,17.0,station
2025-10-11,15.5,14.8,15.1,16.4,15.2,16.4,14.7,14.4,15.2,13.3,15.4,0.61,0.6,83,63,11.2,10.17,6.5,-0.9851,0.1722,16.1,18.0,18.0,station
2025-10-12,17.2,17.9,18.2,18.2,18.8,17.3,17.2,17.7,17.6,18.4,18.06,0.58,0.42,83,25,17.5,11.31,0.4,-0.9819,0.1892,17.8,18.0,18.0,station
2025-10-13,17.9,18.2,17.3,17.5,18.3,19.5,18.5,17.7,17.6,16.9,17.84,0.43,-0.2,79,26,13.0,10.35,0.0,-0.9785,0.206,17.1,18.0,18.0,station
2025-10-14,21.5,21.2,22.0,21.2,21.6,21.2,21.2,21.4,20.6,20.8,21.5,0.33,0.46,80,35,16.3,11.78,0.0,-0.9749,0.2228,20.8,21.0,21.0,station
2025-10-15,13.4,13.9,13.2,12.7,13.9,12.4,13.4,14.4,12.5,13.0,13.42,0.51,0.28,64,60,16.9,11.39,0.2,-0.9709,0.2396,13.4,14.0,14.0,station
2025-10-16,13.8,14.9,14.4,14.6,14.1,13.2,14.8,14.9,12.3,13.5,14.36,0.43,0.62,62,7,13.3,14.71,0.0,-0.9666,0.2562,14.2,15.0,15.0,station
2025-10-17,11.1,10.7,14.3,11.9,12.4,10.4,11.1,12.8,9.9,12.3,12.08,1.41,0.78,81,82,8.2,3.39,4.1,-0.9621,0.2728,11.1,12.0,12.0,station
2025-10-18,20.6,22.5,20.6,19.4,21.3,20.6,21.4,20.7,19.8,19.3,20.88,1.13,0.52,77,82,12.6,13.05,0.0,-0.9572,0.2893,21.1,21.0,21.0,station
2025-10-19,20.9,21.1,22.9,20.6,21.9,22.0,22.5,23.6,21.7,21.9,21.48,0.93,-0.86,81,98,21.3,5.47,13.8,-0.9521,0.3057,21.6,22.0,22.0,station
2025-10-20,14.7,13.8,13.8,15.7,15.5,14.4,13.5,14.1,15.4,14.4,14.7,0.9,0.34,73,51,23.3,11.96,6.8,-0.9467,0.3221,15.0,16.0,16.0,station
2025-10-21,14.7,14.1,14.0,15.0,15.9,13.6,12.2,13.3,13.0,13.6,14.74,0.77,1.6,80,41,15.6,8.38,0.6,-0.941,0.3383,15.3,16.0,16.0,station
2025-10-22,10.8,9.9,10.9,11.8,12.1,11.1,10.5,9.2,11.0,10.2,11.1,0.87,0.7,81,65,14.8,8.68,2.0,-0.9351,0.3545,11.0,11.0,11.0,station
2025-10-23,11.1,10.5,11.1,12.0,11.0,10.5,10.6,11.5,12.1,11.9,11.14,0.54,-0.18,79,62,16.1,8.7,4.7,-0.9288,0.3705,12.2,12.0,12.0,station
2025-10-24,10.3,10.0,9.9,10.6,10.1,9.7,9.4,9.8,9.7,10.7,10.18,0.28,0.32,76,53,15.8,9.36,0.0,-0.9223,0.3864,10.9,12.0,12.0,station
2025-10-25,10.8,10.5,10.0,10.5,10.8,10.0,10.3,11.1,10.8,10.2,10.52,0.33,0.04,80,52,12.3,7.35,0.2,-0.9155,0.4022,11.4,11.0,11.0,station
2025-10-26,8.4,8.9,7.6,8.1,9.2,9.6,9.3,9.9,7.3,8.0,8.44,0.63,-0.38,77,0,10.5,12.99,0.0,-0.9085,0.4179,7.6,10.0,10.0,station
2025-10-27,8.8,9.6,8.5,9.1,10.0,8.6,9.5,8.5,8.7,9.2,9.2,0.6,0.3,74,32,13.5,8.85,0.0,-0.9012,0.4335,9.0,9.0,9.0,station
2025-10-28,10.5,11.8,10.3,10.8,10.6,9.3,11.6,9.5,9.9,10.5,10.8,0.59,0.64,76,37,17.3,9.28,0.2,-0.8936,0.4489,10.7,10.0,10.0,station
2025-10-29,10.0,11.5,11.6,10.6,11.4,10.0,11.0,9.8,10.2,10.4,11.02,0.69,0.74,75,22,11.9,11.35,0.0,-0.8857,0.4642,11.2,11.0,11.0,station
2025-10-30,6.9,5.9,8.7,6.5,7.7,6.2,6.2,8.5,7.6,8.5,7.14,1.09,-0.26,88,100,22.1,2.45,11.8,-0.8776,0.4794,7.8,9.0,9.0,station
2025-10-31,6.9,8.1,7.1,8.4,9.4,8.3,7.8,6.9,9.3,9.2,7.98,1.02,-0.32,78,89,28.7,4.48,7.3,-0.8692,0.4944,8.8,9.0,9.0,station
2025-11-01,7.6,8.2,7.0,8.4,7.5,7.3,8.4,8.5,8.6,9.5,7.74,0.56,-0.72,71,59,16.5,6.56,0.0,-0.8606,0.5093,9.1,10.0,10.0,station
2025-11-02,10.6,10.8,9.1,10.4,10.2,10.6,10.7,10.2,9.8,10.0,10.22,0.66,-0.04,81,10,9.7,11.09,0.0,-0.8517,0.524,9.4,10.0,10.0,station
2025-11-03,9.0,7.8,9.5,10.7,9.1,9.8,8.3,9.3,8.6,9.1,9.22,1.04,0.2,72,61,25.7,5.23,2.1,-0.8426,0.5386,9.8,11.0,11.0,station
2025-11-04,11.6,13.0,12.4,11.8,12.6,11.5,12.9,12.5,12.8,12.3,12.28,0.58,-0.12,61,30,20.4,11.08,0.0,-0.8332,0.553,12.9,14.0,14.0,station
2025-11-05,12.0,11.5,13.2,11.2,11.0,11.5,12.2,13.7,11.3,10.7,11.78,0.88,-0.1,76,87,24.1,4.56,0.7,-0.8235,0.5672,12.3,13.0,13.0,station
2025-11-06,6.7,7.1,6.3,7.0,8.1,5.6,6.8,7.4,7.1,7.4,7.04,0.67,0.18,68,42,20.6,6.98,0.0,-0.8137,0.5813,6.7,7.0,7.0,station
2025-11-07,10.0,10.4,10.0,10.2,9.6,10.7,10.3,12.1,9.7,10.2,10.04,0.3,-0.56,82,86,19.5,4.14,3.6,-0.8035,0.5952,11.2,11.0,11.0,station
2025-11-08,8.5,8.6,7.2,7.7,7.4,7.7,8.1,8.2,8.4,9.2,7.88,0.64,-0.44,72,61,17.7,7.06,0.0,-0.7932,0.609,8.4,10.0,10.0,station
2025-11-09,0.2,0.6,1.1,1.0,2.5,1.7,0.5,4.7,1.8,0.8,1.08,0.87,-0.82,85,100,19.4,2.13,9.8,-0.7826,0.6225,0.4,2.0,2.0,station
2025-11-10,-2.2,-2.4,-3.3,-2.1,-2.7,-1.9,-1.6,-1.4,-1.3,-0.6,-2.54,0.48,-1.18,81,98,19.6,7.36,1.6,-0.7718,0.6359,-2.6,-3.0,-3.0,station
2025-11-11,2.0,2.0,2.2,2.9,3.4,1.9,1.9,2.1,2.6,3.8,2.5,0.62,0.04,82,90,18.4,8.95,0.8,-0.7607,0.6491,2.1,3.0,3.0,station
2025-11-12,3.8,5.9,7.1,5.4,6.2,3.3,4.9,4.5,5.3,6.1,5.68,1.22,0.86,84,83,20.7,6.81,0.1,-0.7494,0.6621,5.9,7.0,7.0,station
2025-11-13,6.2,6.5,5.4,6.3,7.7,5.7,6.9,7.1,6.8,6.3,6.42,0.83,-0.14,76,45,25.4,8.88,0.5,-0.7379,0.6749,6.5,6.0,6.0,station
2025-11-14,8.4,9.7,7.9,8.3,10.8,6.7,8.9,6.9,6.2,7.7,9.02,1.2,1.74,77,63,12.1,6.96,0.0,-0.7262,0.6875,9.1,9.0,9.0,station
2025-11-15,9.1,10.1,11.1,11.2,12.5,10.4,9.2,12.1,11.9,13.0,10.8,1.28,-0.52,90,97,22.5,3.54,3.1,-0.7143,0.6998,11.9,11.0,11.0,station
2025-11-16,8.0,8.9,5.9,9.6,8.5,7.1,8.0,8.8,9.5,6.9,8.18,1.4,0.12,64,45,31.1,7.89,0.0,-0.7021,0.712,8.0,8.0,8.0,station
2025-11-17,1.9,1.9,2.4,3.0,3.5,1.9,2.3,4.6,2.9,3.4,2.54,0.7,-0.48,60,35,24.1,8.2,0.0,-0.6898,0.724,3.4,4.0,4.0,station
2025-11-18,5.1,4.0,3.7,4.6,4.4,4.3,3.7,4.7,3.5,4.8,4.36,0.54,0.16,71,86,9.9,7.71,0.0,-0.6772,0.7358,5.5,6.0,6.0,station
2025-11-19,4.4,4.5,4.0,4.4,5.7,4.4,4.5,4.8,4.0,5.2,4.6,0.64,0.02,73,39,9.1,8.99,0.0,-0.6645,0.7473,5.2,6.0,6.0,station
2025-11-20,5.6,5.8,5.8,5.7,6.6,5.5,5.7,6.5,5.4,6.1,5.9,0.4,0.06,76,58,8.0,8.73,0.0,-0.6515,0.7586,5.4,6.0,6.0,station
2025-11-21,7.4,8.8,8.5,9.3,11.0,6.8,8.5,10.5,9.6,9.8,9.0,1.32,-0.04,85,87,17.8,5.02,0.4,-0.6384,0.7697,9.0,10.0,10.0,station
2025-11-22,4.7,4.8,5.8,4.9,6.9,2.9,5.0,6.4,5.5,5.1,5.42,0.94,0.44,77,83,10.3,4.85,0.0,-0.625,0.7806,5.1,6.0,6.0,station
2025-11-23,7.2,6.8,7.1,8.2,8.0,6.3,6.9,6.8,8.2,8.4,7.46,0.61,0.14,77,64,24.9,7.69,0.7,-0.6115,0.7912,7.7,10.0,10.0,station
2025-11-24,7.6,7.4,8.6,7.0,8.5,8.3,8.3,8.2,8.1,8.0,7.82,0.7,-0.36,79,60,14.4,7.83,0.0,-0.5978,0.8016,7.9,8.0,8.0,station
2025-11-25,8.7,9.1,9.5,7.4,9.9,6.9,8.2,9.5,6.8,8.9,8.92,0.96,0.86,86,100,9.2,2.9,4.7,-0.584,0.8118,8.1,10.0,10.0,station
2025-11-26,9.1,8.7,9.9,10.5,10.5,9.7,8.7,11.0,10.2,12.1,9.74,0.82,-0.6,83,77,26.4,5.37,1.0,-0.5699,0.8217,10.9,11.0,11.0,station
2025-11-27,2.6,1.9,1.9,1.9,1.3,2.3,1.5,1.8,2.8,1.8,1.92,0.46,-0.12,72,76,30.5,6.34,0.9,-0.5557,0.8314,2.3,3.0,3.0,station
2025-11-28,0.5,-0.1,0.1,1.0,0.9,0.3,-0.0,1.3,0.8,1.1,0.48,0.48,-0.22,76,69,24.7,7.13,0.0,-0.5413,0.8408,0.8,2.0,2.0,station
2025-11-29,-0.4,-0.9,0.5,-0.2,1.1,0.2,-0.5,0.5,-0.5,1.3,0.02,0.79,-0.18,78,95,17.9,4.76,0.1,-0.5268,0.85,-0.1,1.0,1.0,station
2025-11-30,1.6,2.1,2.3,1.9,2.5,2.0,1.6,1.9,1.5,3.4,2.08,0.35,0.0,87,95,24.7,3.02,9.6,-0.5121,0.859,1.9,3.0,3.0,station
2025-12-01,-1.1,-1.2,-3.4,-2.0,-0.9,-1.2,-1.7,-2.6,-2.6,-0.8,-1.72,1.03,0.06,66,77,20.3,6.66,0.2,-0.4972,0.8676,-1.2,-1.0,-1.0,station
2025-12-02,-1.1,-1.2,-0.8,-1.3,1.4,-1.4,-1.5,-0.9,-1.0,0.3,-0.6,1.13,0.3,85,60,8.6,6.79,2.4,-0.4822,0.8761,-1.0,0.0,0.0,station
2025-12-03,-2.2,-1.4,-1.8,-0.4,0.9,-2.0,-1.5,0.4,-1.1,0.8,-0.98,1.25,-0.3,83,85,21.8,4.83,0.5,-0.4671,0.8842,0.4,2.0,2.0,station
2025-12-04,-1.4,-1.9,-2.0,-2.8,-1.9,-1.6,-2.1,-1.2,-2.2,-1.7,-2.0,0.5,-0.24,70,49,22.2,7.62,0.8,-0.4518,0.8921,-1.7,-1.0,-1.0,station
2025-12-05,-3.5,-3.8,-2.1,-2.5,-0.8,-3.6,-3.8,-2.9,-2.9,-1.2,-2.54,1.2,0.34,72,68,16.5,7.38,0.0,-0.4364,0.8998,-1.9,-1.0,-1.0,station
2025-12-06,-0.3,0.2,0.7,-0.2,0.6,-0.4,-0.1,0.7,-0.0,0.6,0.2,0.45,0.04,77,93,19.2,3.8,0.1,-0.4208,0.9071,0.3,1.0,1.0,station
2025-12-07,-2.4,-2.6,-1.7,-1.9,-0.0,-2.9,-4.4,-3.0,-3.0,-2.2,-1.72,1.03,1.38,77,80,17.2,3.77,1.2,-0.4052,0.9142,-0.8,-1.0,-1.0,station
2025-12-08,-5.5,-7.1,-6.0,-7.0,-4.5,-6.4,-7.2,-6.7,-8.3,-7.0,-6.02,1.08,1.1,66,70,14.0,7.86,0.0,-0.3894,0.9211,-5.0,-4.0,-4.0,station
2025-12-09,-0.0,-1.3,-1.8,-2.4,-1.8,-0.7,-2.4,-0.2,-1.1,-2.0,-1.46,0.9,-0.18,75,86,18.2,3.28,1.5,-0.3735,0.9276,-0.3,0.0,0.0,station
2025-12-10,0.9,0.8,1.0,-0.3,1.7,0.7,0.3,0.4,0.2,2.4,0.82,0.72,0.02,93,100,26.0,2.48,10.3,-0.3575,0.9339,0.6,1.0,1.0,station
2025-12-11,-4.9,-5.5,-4.7,-5.1,-3.6,-5.0,-4.2,-4.8,-5.2,-4.0,-4.76,0.71,-0.12,72,16,24.4,8.28,0.0,-0.3413,0.9399,-5.5,-6.0,-6.0,station
2025-12-12,-2.7,-2.0,-0.8,-2.3,0.8,-2.4,-0.7,-1.7,-1.7,0.3,-1.4,1.42,-0.16,78,49,18.5,7.37,0.0,-0.3251,0.9457,-1.9,-1.0,-1.0,station
2025-12-13,-3.0,-3.3,-4.1,-3.4,-2.1,-4.4,-3.5,-3.9,-3.4,-3.0,-3.18,0.73,0.46,76,86,22.7,7.01,0.6,-0.3088,0.9511,-2.2,-2.0,-2.0,station
2025-12-14,-9.5,-9.2,-10.6,-8.6,-6.1,-9.1,-9.1,-8.7,-10.1,-8.9,-8.8,1.67,0.38,74,46,16.1,7.77,0.0,-0.2924,0.9563,-8.5,-7.0,-7.0,station
2025-12-15,-5.7,-5.8,-5.1,-5.8,-5.3,-5.5,-5.8,-5.2,-5.7,-6.2,-5.54,0.32,0.14,80,78,19.2,3.5,1.1,-0.2759,0.9612,-5.9,-5.0,-5.0,station
2025-12-16,-0.6,-0.6,-0.1,-2.0,-2.8,-1.4,-0.7,0.6,-2.3,-1.2,-1.22,1.13,-0.22,80,88,21.6,5.26,0.2,-0.2593,0.9658,-0.7,1.0,1.0,station
2025-12-17,2.7,4.6,4.4,2.8,4.4,2.5,4.5,2.4,2.6,5.0,3.78,0.94,0.38,82,63,23.0,5.85,0.0,-0.2427,0.9701,3.9,4.0,4.0,station
2025-12-18,5.6,9.7,9.8,4.4,7.9,5.3,9.2,5.5,4.3,7.5,7.48,2.42,1.12,80,94,22.2,4.87,1.7,-0.226,0.9741,7.8,8.0,8.0,station
2025-12-19,7.3,9.7,9.4,4.5,8.1,6.1,9.2,6.9,4.6,7.6,7.8,2.09,0.92,79,99,30.9,3.29,10.7,-0.2092,0.9779,9.5,9.0,9.0,station
2025-12-20,1.2,2.6,1.6,1.1,1.0,1.2,1.8,3.5,0.7,-0.2,1.5,0.66,0.1,70,95,25.4,3.14,1.0,-0.1923,0.9813,2.7,4.0,4.0,station
2025-12-21,0.2,2.3,-0.2,0.2,-0.0,0.1,1.6,1.8,0.5,0.1,0.5,1.02,-0.32,65,76,29.7,3.75,0.0,-0.1754,0.9845,2.1,3.0,3.0,station
2025-12-22,0.3,0.6,2.7,-0.1,0.8,0.2,1.5,-0.2,0.3,1.1,0.86,1.08,0.28,76,71,11.7,4.9,0.4,-0.1585,0.9874,1.9,3.0,3.0,station
2025-12-23,2.4,3.3,3.9,2.3,5.5,2.6,2.6,3.0,0.7,5.3,3.48,1.31,0.64,94,87,20.2,3.11,9.0,-0.1414,0.9899,3.0,4.0,4.0,station
2025-12-24,1.4,2.7,2.4,2.0,2.0,0.6,2.3,2.0,1.5,1.6,2.1,0.49,0.5,78,84,24.1,6.84,0.0,-0.1244,0.9922,1.9,3.0,3.0,station
2025-12-25,0.2,0.4,0.8,0.4,0.6,-0.4,1.2,0.7,1.0,1.6,0.48,0.23,-0.34,75,90,19.6,5.44,0.0,-0.1073,0.9942,1.4,2.0,2.0,station
2025-12-26,-3.2,-5.5,-2.4,-3.0,-3.3,-3.7,-5.8,-2.9,-2.9,-1.9,-3.48,1.18,-0.04,84,100,25.9,1.56,11.2,-0.0902,0.9959,-2.7,-3.0,-3.0,station
2025-12-27,-6.7,-4.8,-4.0,-4.3,-2.9,-3.6,-5.1,-4.8,-5.0,-3.0,-4.54,1.39,-0.24,87,95,12.3,6.62,0.0,-0.073,0.9973,-4.3,-3.0,-3.0,station
2025-12-28,1.9,0.6,2.0,0.5,1.9,1.6,0.6,1.2,0.5,2.0,1.38,0.76,0.2,94,100,13.8,2.6,29.2,-0.0559,0.9984,1.5,1.0,1.0,station
2025-12-29,7.2,4.1,4.4,5.5,6.4,2.6,4.3,2.7,4.9,5.5,5.52,1.31,1.52,83,99,31.5,4.13,6.2,-0.0387,0.9993,8.2,5.0,5.0,station
2025-12-30,-6.1,-5.4,-4.7,-5.5,-5.1,-5.8,-5.0,-4.7,-5.3,-4.6,-5.36,0.52,-0.28,75,99,29.0,3.85,0.4,-0.0215,0.9998,-4.9,-4.0,-4.0,station
2025-12-31,-5.2,-4.7,-3.8,-5.3,-3.2,-5.9,-4.7,-3.6,-5.3,-3.1,-4.44,0.91,0.08,77,91,24.7,3.52,1.5,-0.0043,1.0,-4.4,,,
2026-01-01,-8.5,-7.9,-7.1,-8.1,-6.2,-9.2,-8.1,-6.7,-8.1,-8.2,-7.56,0.92,0.5,66,50,20.4,6.87,0.2,0.0172,0.9999,-7.8,-7.0,-7.0,station
2026-01-02,-6.2,-5.8,-6.1,-6.9,-3.9,-6.8,-5.9,-5.4,-7.2,-4.4,-5.78,1.13,0.16,74,58,19.1,7.37,0.4,0.0344,0.9994,-5.8,-4.0,-4.0,station
2026-01-03,-4.4,-4.1,-3.4,-4.7,-3.7,-4.9,-4.2,-4.8,-5.9,-4.2,-4.06,0.52,0.74,79,89,19.3,2.72,0.3,0.0516,0.9987,-3.8,-3.0,-3.0,station
2026-01-04,-3.5,-3.2,-4.0,-3.9,-2.4,-5.1,-4.1,-5.5,-5.6,-3.8,-3.4,0.64,1.42,82,97,17.3,3.66,0.5,0.0688,0.9976,-2.3,-1.0,-1.0,station
2026-01-05,-1.5,-0.7,-1.7,-1.6,-0.3,-2.0,-1.0,-0.4,-2.2,-0.2,-1.16,0.62,0.0,89,100,13.8,2.63,2.2,0.0859,0.9963,-0.6,0.0,0.0,station
2026-01-06,0.6,0.1,1.1,-0.3,1.3,0.8,0.4,0.8,-0.2,0.8,0.56,0.67,0.04,95,100,15.0,2.87,11.1,0.103,0.9947,0.7,1.0,1.0,station
2026-01-07,2.2,3.1,2.2,1.2,4.4,1.9,3.3,1.7,1.5,3.6,2.62,1.2,0.22,92,97,15.4,4.1,2.3,0.1201,0.9928,2.6,3.0,3.0,station
2026-01-08,3.0,3.9,2.4,2.5,3.6,2.7,4.4,2.9,3.3,5.6,3.08,0.66,-0.7,93,97,12.1,4.98,0.0,0.1372,0.9905,4.8,6.0,6.0,station
2026-01-09,12.4,12.8,12.0,10.1,13.9,12.0,12.8,11.3,10.1,11.8,12.24,1.39,0.64,77,79,34.2,4.46,2.8,0.1542,0.988,15.1,14.0,14.0,station
2026-01-10,1.7,2.7,2.3,2.0,2.7,1.5,1.9,3.7,2.0,1.1,2.28,0.44,0.24,88,96,20.6,4.25,4.0,0.1712,0.9852,2.7,3.0,3.0,station
2026-01-11,1.2,1.9,2.3,1.2,1.5,1.4,1.7,2.3,0.6,1.4,1.62,0.48,0.14,72,58,25.7,4.38,0.0,0.1881,0.9821,1.9,2.0,2.0,station
2026-01-12,-0.6,-0.5,0.4,-0.5,-0.3,0.3,0.2,0.6,-0.5,-0.5,-0.3,0.41,-0.32,74,87,23.0,3.37,0.1,0.205,0.9788,0.1,0.0,0.0,station
2026-01-13,3.4,3.7,3.9,1.7,3.5,3.6,3.9,3.7,1.5,2.9,3.24,0.88,0.12,79,77,24.7,2.67,0.6,0.2218,0.9751,4.5,5.0,5.0,station
2026-01-14,3.3,3.7,4.4,2.5,3.7,3.3,3.8,3.4,2.3,3.5,3.52,0.69,0.26,86,83,23.8,4.82,2.8,0.2385,0.9711,4.7,5.0,5.0,station
2026-01-15,-9.0,-7.3,-10.5,-8.2,-7.0,-10.0,-8.4,-7.9,-7.4,-9.2,-8.4,1.41,0.18,79,99,26.3,4.18,19.5,0.2552,0.9669,-7.7,-9.0,-9.0,station
2026-01-16,-2.6,-3.1,-4.1,-3.2,-3.5,-1.4,-2.8,-0.7,-3.5,-3.8,-3.3,0.55,-0.86,82,91,16.9,5.65,2.0,0.2718,0.9624,-2.7,-1.0,-1.0,station
2026-01-17,0.5,0.7,0.9,0.2,2.0,0.6,0.1,0.3,0.0,2.5,0.86,0.69,0.16,83,67,21.8,7.34,3.0,0.2883,0.9575,1.0,2.0,2.0,station
2026-01-18,-8.8,-6.8,-6.8,-5.8,-5.3,-6.8,-6.4,-4.8,-5.7,-6.3,-6.7,1.34,-0.7,76,43,20.1,9.2,0.0,0.3047,0.9524,-8.4,-6.0,-6.0,station
2026-01-19,-6.9,-7.0,-6.5,-6.6,-6.0,-7.3,-7.3,-4.9,-6.6,-7.4,-6.6,0.39,0.1,77,89,27.0,8.57,1.8,0.3211,0.9471,-6.9,-5.0,-5.0,station
2026-01-20,-10.1,-11.2,-11.3,-11.4,-10.3,-10.6,-11.2,-10.7,-11.5,-11.7,-10.86,0.61,0.28,71,56,24.1,9.47,0.1,0.3373,0.9414,-9.7,-11.0,-11.0,station
2026-01-21,-1.2,-2.0,-3.6,-2.5,-2.1,-1.9,-3.2,-1.9,-2.7,-1.4,-2.28,0.88,-0.06,79,96,19.2,5.35,2.9,0.3534,0.9355,-1.4,-1.0,-1.0,station
2026-01-22,-1.8,-2.5,-3.8,-3.1,-2.0,-3.9,-3.4,-2.2,-3.6,-1.9,-2.64,0.82,0.36,74,67,25.1,9.55,1.7,0.3695,0.9292,-1.6,-1.0,-1.0,station
2026-01-23,-10.3,-9.7,-12.0,-11.5,-8.5,-11.0,-9.9,-9.7,-11.1,-10.3,-10.4,1.4,0.0,66,55,27.0,9.35,1.1,0.3854,0.9227,-8.7,-9.0,-9.0,station
2026-01-24,-12.4,-12.5,-11.3,-14.9,-9.6,-11.9,-12.7,-10.3,-16.4,-12.6,-12.14,1.93,0.64,74,60,12.8,10.32,0.0,0.4012,0.916,-11.7,-11.0,-11.0,station
2026-01-25,-9.0,-10.4,-7.6,-8.5,-11.6,-8.6,-10.2,-8.2,-11.3,-8.0,-9.42,1.58,-0.16,83,100,22.3,4.07,15.8,0.4169,0.9089,-8.8,-9.0,-9.0,station
2026-01-26,-10.2,-9.2,-9.4,-11.0,-9.7,-11.2,-9.1,-7.4,-11.0,-8.1,-9.9,0.72,-0.54,76,87,18.0,7.53,1.2,0.4325,0.9016,-9.6,-9.0,-9.0,station
2026-01-27,-9.9,-9.9,-8.3,-11.0,-9.4,-11.4,-10.5,-9.4,-12.3,-9.4,-9.7,0.98,0.9,73,88,20.5,9.82,0.6,0.4479,0.8941,-10.0,-9.0,-9.0,station
2026-01-28,-9.3,-9.8,-10.3,-12.0,-9.1,-11.1,-9.3,-9.3,-13.5,-11.2,-10.1,1.16,0.78,74,68,23.2,10.04,0.0,0.4633,0.8862,-9.8,-10.0,-10.0,station
2026-01-29,-11.0,-12.8,-13.3,-13.9,-10.6,-12.2,-12.9,-9.5,-13.5,-12.9,-12.32,1.45,-0.12,72,39,18.9,10.43,0.1,0.4784,0.8781,-11.8,-12.0,-12.0,station
2026-01-30,-13.7,-10.4,-12.7,-14.1,-10.6,-15.5,-10.7,-12.7,-14.8,-12.4,-12.3,1.72,0.92,73,64,14.1,10.55,0.0,0.4935,0.8698,-11.9,-10.0,-10.0,station
2026-01-31,-12.0,-10.3,-10.0,-12.1,-9.8,-13.1,-9.7,-11.1,-12.5,-11.3,-10.84,1.12,0.7,75,58,13.6,10.92,0.0,0.5084,0.8611,-10.8,-10.0,-10.0,station
2026-02-01,-8.1,-5.9,-8.4,-5.8,-6.0,-8.2,-4.9,-8.2,-6.6,-6.5,-6.84,1.29,0.04,68,0,15.4,11.85,0.0,0.5231,0.8523,-7.5,-5.0,-5.0,station
2026-02-02,-6.9,-1.9,-6.1,-4.9,-3.6,-7.5,-2.0,-4.4,-4.3,-6.2,-4.68,1.99,0.2,76,33,12.5,11.49,0.1,0.5377,0.8432,-6.5,-5.0,-5.0,station
2026-02-03,-3.9,-3.7,-3.3,-5.0,-4.5,-4.1,-2.5,-3.8,-4.7,-3.7,-4.08,0.67,-0.32,80,94,17.4,9.58,0.4,0.5521,0.8338,-4.0,-3.0,-3.0,station
2026-02-04,-7.0,-4.8,-8.0,-6.2,-4.5,-6.1,-3.8,-5.1,-5.7,-6.2,-6.1,1.47,-0.72,76,59,12.6,11.15,0.0,0.5664,0.8242,-6.8,-5.0,-5.0,station
2026-02-05,-6.0,-4.9,-5.3,-5.8,-5.6,-5.8,-4.3,-5.1,-6.4,-6.2,-5.52,0.43,0.04,81,89,11.1,9.14,0.0,0.5805,0.8143,-6.2,-5.0,-5.0,station
2026-02-06,-2.5,-1.8,-2.9,-3.0,-3.1,-3.4,-1.9,-2.9,-2.8,-3.7,-2.66,0.53,0.28,84,98,30.9,7.37,3.0,0.5944,0.8042,-2.0,-3.0,-3.0,station
2026-02-07,-13.1,-12.7,-14.2,-14.5,-12.6,-15.6,-11.9,-12.4,-13.1,-13.7,-13.42,0.88,-0.08,68,97,27.4,11.11,1.4,0.6081,0.7938,-12.7,-13.0,-13.0,station
2026-02-08,-15.4,-13.8,-16.2,-15.1,-11.1,-15.4,-13.6,-12.1,-15.2,-12.6,-14.32,2.0,-0.54,66,21,14.2,13.15,0.1,0.6217,0.7833,-16.1,-13.0,-13.0,station
2026-02-09,-8.3,-7.8,-8.8,-9.3,-8.6,-10.4,-6.9,-9.0,-11.1,-9.5,-8.56,0.56,0.82,72,72,8.6,10.73,0.0,0.6351,0.7725,-9.2,-7.0,-7.0,station
2026-02-10,1.0,1.4,1.7,-0.2,-0.4,0.5,1.2,1.4,0.7,-1.5,0.7,0.95,0.24,82,89,16.1,6.7,1.0,0.6483,0.7614,1.2,2.0,2.0,station
2026-02-11,0.3,0.5,0.2,-0.7,-0.8,-0.0,0.6,0.2,-1.0,1.3,-0.1,0.6,-0.32,79,96,23.1,7.52,0.0,0.6613,0.7502,0.9,1.0,1.0,station
2026-02-12,-4.3,-3.4,-6.3,-5.0,-2.7,-3.7,-3.3,-4.0,-4.0,-2.9,-4.34,1.4,-0.76,79,91,15.2,8.1,0.2,0.6741,0.7387,-4.5,-3.0,-3.0,station
2026-02-13,-0.7,-0.5,-2.5,-1.7,0.6,-1.3,0.3,-0.3,-2.4,-0.6,-0.96,1.19,-0.1,77,40,16.0,12.7,1.7,0.6867,0.727,-1.6,-1.0,-1.0,station
2026-02-14,1.6,3.4,1.7,2.2,3.6,1.6,4.0,1.0,1.2,2.8,2.5,0.94,0.38,85,16,16.2,13.36,0.0,0.6991,0.715,1.3,2.0,2.0,station
2026-02-15,-2.4,-0.7,-0.1,-0.5,1.0,-1.7,1.7,-0.3,-0.2,-0.0,-0.54,1.23,-0.44,90,90,15.5,11.17,0.0,0.7113,0.7029,-0.9,1.0,1.0,station
2026-02-16,1.3,3.0,1.3,2.3,4.9,1.2,3.6,1.5,0.9,4.4,2.56,1.49,0.24,90,69,9.5,12.07,1.2,0.7233,0.6906,1.5,2.0,2.0,station
2026-02-17,3.2,7.5,4.8,5.8,5.1,4.5,7.2,2.4,6.9,5.8,5.28,1.56,-0.08,89,31,13.2,13.98,0.0,0.735,0.678,3.9,8.0,8.0,station
2026-02-18,-0.1,1.8,0.3,0.3,0.0,-0.4,0.6,-0.1,0.1,0.7,0.46,0.77,0.28,88,100,23.1,2.79,14.6,0.7466,0.6653,0.6,3.0,3.0,station
2026-02-19,0.3,0.3,1.1,0.7,1.7,-1.5,-0.7,0.2,0.2,1.0,0.82,0.59,0.98,82,78,16.4,11.73,0.3,0.7579,0.6523,1.2,2.0,2.0,station
2026-02-20,2.0,2.3,3.3,3.1,3.6,2.6,2.3,1.7,3.7,1.4,2.86,0.68,0.52,92,100,23.3,5.36,6.6,0.769,0.6392,2.1,2.0,2.0,station
2026-02-21,1.6,1.5,1.8,1.6,1.2,1.1,1.3,0.9,2.0,2.9,1.54,0.22,-0.1,89,99,14.6,5.48,1.3,0.7799,0.6259,1.4,2.0,2.0,station
2026-02-22,-1.0,-0.2,0.3,-0.4,0.2,0.1,0.7,-0.9,-0.9,1.5,-0.22,0.52,-0.32,96,100,12.1,7.69,3.8,0.7906,0.6124,-0.3,0.0,0.0,station
2026-02-23,-1.8,-2.2,-1.2,-3.4,-1.4,-1.8,-2.3,-2.2,-2.2,-1.5,-2.0,0.87,0.0,84,77,25.3,13.04,0.1,0.801,0.5987,-1.9,-1.0,-1.0,station
2026-02-24,-4.4,-5.2,-5.1,-5.4,-4.5,-5.2,-4.7,-5.0,-6.1,-5.3,-4.92,0.44,0.34,74,72,21.3,14.35,0.2,0.8112,0.5848,-4.1,-4.0,-4.0,station
2026-02-25,-0.3,0.8,-0.3,0.2,1.8,-0.5,0.8,-0.2,-0.5,1.8,0.44,0.88,0.16,81,91,22.0,11.64,4.3,0.8211,0.5708,0.9,2.0,2.0,station
2026-02-26,-4.4,-3.5,-4.3,-4.0,-1.2,-4.8,-3.9,-3.4,-3.7,-2.7,-3.48,1.32,0.22,75,60,16.6,15.24,0.0,0.8308,0.5566,-4.0,-2.0,-2.0,station
2026-02-27,3.7,5.3,5.9,4.5,7.6,4.6,4.1,4.4,5.4,4.8,5.4,1.48,0.74,78,47,17.4,15.58,0.0,0.8402,0.5422,3.7,7.0,7.0,station
2026-02-28,4.7,6.2,5.1,3.6,3.8,4.9,4.6,5.2,3.7,6.8,4.68,1.05,-0.36,74,71,25.5,14.59,0.2,0.8495,0.5277,5.1,7.0,7.0,station
2026-03-01,-8.2,-5.4,-6.6,-7.2,-5.1,-6.6,-4.7,-6.1,-7.0,-6.5,-6.5,1.28,-0.32,71,38,15.9,16.98,0.5,0.8584,0.513,-6.8,-6.0,-6.0,station
2026-03-02,-7.9,-5.2,-3.9,-5.8,-4.0,-7.7,-4.5,-4.3,-5.1,-6.2,-5.36,1.63,0.2,73,2,9.1,17.41,0.0,0.8671,0.4981,-7.0,-5.0,-5.0,station
2026-03-03,-0.1,1.7,4.1,0.7,3.5,0.1,3.3,1.2,-0.1,1.2,1.98,1.79,0.84,84,91,7.2,11.57,0.0,0.8755,0.4831,-0.3,3.0,3.0,station
2026-03-04,2.7,8.0,7.8,5.8,8.5,2.5,7.5,4.3,5.2,4.6,6.56,2.39,1.74,85,18,10.7,17.5,0.0,0.8837,0.468,1.9,7.0,7.0,station
2026-03-05,1.4,2.5,3.4,1.8,5.1,2.0,4.6,2.2,4.7,2.9,2.84,1.47,-0.44,79,98,16.0,7.43,6.3,0.8916,0.4527,2.4,5.0,5.0,station
2026-03-06,1.5,3.2,3.3,0.9,1.9,1.4,2.6,1.4,0.2,2.2,2.16,1.06,0.6,92,100,12.5,7.59,0.8,0.8993,0.4373,1.5,2.0,2.0,station
2026-03-07,12.9,15.3,18.2,11.3,18.6,15.7,16.1,16.5,12.5,14.2,15.26,3.2,0.26,92,97,26.1,12.28,15.9,0.9067,0.4218,16.3,17.0,17.0,station
2026-03-08,11.6,9.3,9.0,11.0,12.0,10.2,10.2,12.3,10.3,9.6,10.58,1.36,0.06,75,58,24.1,15.63,0.0,0.9138,0.4061,12.5,12.0,12.0,station
2026-03-09,15.9,16.6,15.1,15.5,16.5,18.2,17.4,15.1,15.1,14.7,15.92,0.64,-0.18,60,55,21.9,14.48,0.0,0.9207,0.3904,17.0,19.0,19.0,station
2026-03-10,12.8,17.1,7.9,10.2,16.3,7.9,17.1,11.7,9.2,17.3,12.86,3.92,0.22,74,53,17.2,12.72,0.2,0.9272,0.3745,19.5,18.0,18.0,station
2026-03-11,15.4,11.2,10.1,13.8,7.2,12.3,8.9,13.5,15.4,9.6,11.54,3.2,-0.4,88,99,24.2,3.82,13.5,0.9335,0.3585,10.2,7.0,7.0,station
2026-03-12,0.8,2.6,0.5,1.0,0.6,2.6,2.8,0.9,1.6,7.2,1.1,0.86,-1.92,66,77,28.1,7.51,0.0,0.9396,0.3424,0.5,1.0,1.0,station
2026-03-13,1.5,2.3,1.8,2.2,2.5,2.5,1.9,2.1,6.6,2.3,2.06,0.4,-1.02,83,84,23.5,6.67,6.2,0.9453,0.3261,1.7,2.0,2.0,station
2026-03-14,1.1,1.6,1.2,0.3,3.5,-0.5,1.4,0.3,0.6,2.5,1.54,1.19,0.68,77,91,33.5,14.86,0.1,0.9508,0.3098,0.5,2.0,2.0,station
2026-03-15,7.6,6.9,7.6,5.2,6.8,7.2,7.5,7.6,5.3,7.6,6.82,0.98,-0.22,77,100,26.8,9.5,3.4,0.956,0.2934,9.0,9.0,9.0,station
2026-03-16,13.3,10.8,14.3,11.5,13.0,13.0,10.7,10.7,8.7,11.7,12.58,1.41,1.62,76,100,25.8,6.43,5.0,0.9609,0.2769,13.8,12.0,12.0,station
2026-03-17,-5.4,-4.5,-4.1,-5.0,-4.2,-3.6,-4.2,-4.6,-5.7,-4.1,-4.64,0.55,-0.2,57,84,28.6,11.02,0.5,0.9655,0.2604,-4.4,-3.0,-3.0,station
2026-03-18,0.2,-1.7,-1.2,-1.4,-1.1,-1.2,-0.7,0.0,-0.9,-2.0,-1.04,0.73,-0.08,61,87,17.6,12.18,0.6,0.9698,0.2437,-0.6,-1.0,-1.0,station
2026-03-19,8.1,4.4,4.8,3.8,8.3,8.5,3.5,4.8,5.0,5.1,5.88,2.15,0.5,69,76,20.0,14.36,0.1,0.9739,0.227,8.2,9.0,9.0,station
2026-03-20,5.9,3.3,6.3,3.8,6.4,9.6,3.7,1.7,5.5,12.4,5.14,1.47,-1.44,90,100,12.3,6.07,8.3,0.9777,0.2102,8.8,5.0,5.0,station
2026-03-21,5.4,4.2,2.7,4.6,6.1,5.7,3.6,5.4,4.2,3.9,4.6,1.29,0.04,83,87,13.7,8.78,0.8,0.9811,0.1934,5.3,3.0,3.0,station
2026-03-22,10.3,5.8,4.7,6.0,8.0,7.2,6.1,2.8,5.9,7.9,6.96,2.21,0.98,84,100,16.3,7.2,9.2,0.9843,0.1765,6.5,5.0,5.0,station
2026-03-23,2.5,1.9,0.7,2.4,2.4,1.4,2.0,2.5,2.1,3.0,1.98,0.75,-0.22,72,83,18.7,8.28,0.4,0.9872,0.1595,2.3,2.0,2.0,station
2026-03-24,4.5,3.6,1.9,2.3,4.9,5.2,3.7,4.9,2.6,3.4,3.44,1.32,-0.52,58,63,15.5,14.42,0.0,0.9898,0.1425,4.5,4.0,4.0,station
2026-03-25,5.8,6.4,6.4,4.6,6.6,6.4,5.6,7.8,4.6,3.7,5.96,0.82,0.34,73,100,13.0,14.52,0.0,0.9921,0.1255,5.2,6.0,6.0,station
2026-03-26,14.1,13.5,13.8,8.9,12.7,10.6,9.3,11.1,9.9,15.0,12.6,2.13,1.42,77,93,20.4,6.38,2.8,0.9941,0.1084,10.8,10.0,10.0,station
2026-03-27,1.0,1.6,2.3,1.3,1.6,1.4,0.8,2.4,2.3,3.2,1.56,0.48,-0.46,52,18,24.8,22.36,0.0,0.9958,0.0913,0.3,0.0,0.0,station
2026-03-28,0.8,0.5,-0.2,0.2,2.6,1.6,0.4,2.1,0.3,1.1,0.78,1.08,-0.32,49,72,20.4,12.23,0.0,0.9972,0.0741,1.2,1.0,1.0,station
2026-03-29,9.9,10.8,11.5,10.1,10.9,9.1,10.6,9.9,9.8,7.5,10.64,0.65,1.26,59,96,12.3,11.98,0.0,0.9984,0.057,10.1,10.0,10.0,station
2026-03-30,18.7,18.1,19.0,18.1,20.0,17.6,17.9,14.1,14.3,18.0,18.78,0.79,2.4,58,78,12.3,17.06,1.7,0.9992,0.0398,20.1,21.0,21.0,station
2026-03-31,17.8,17.9,10.9,19.2,20.9,19.4,15.3,8.9,19.2,16.5,17.34,3.81,1.48,88,100,19.5,10.81,3.7,0.9997,0.0226,19.7,18.0,18.0,station
2026-04-01,13.2,10.1,10.0,15.9,13.1,14.8,13.4,10.0,14.9,15.2,12.46,2.47,-1.2,76,97,18.7,11.38,0.0,1.0,0.0054,11.9,9.0,9.0,station
2026-04-02,6.3,5.8,4.3,3.2,6.8,6.2,5.9,5.6,4.3,7.4,5.28,1.49,-0.6,83,100,22.1,5.82,12.2,0.9999,-0.0118,4.7,5.0,5.0,station
2026-04-03,19.1,19.7,18.1,20.8,20.9,20.7,18.4,19.1,20.6,20.9,19.72,1.18,-0.22,77,55,28.5,19.87,2.5,0.9996,-0.029,22.4,23.0,23.0,station
2026-04-04,7.1,7.2,5.5,7.9,7.5,8.8,6.6,10.8,7.6,7.9,7.04,0.92,-1.3,83,96,20.2,11.78,8.0,0.9989,-0.0462,6.5,7.0,7.0,station
2026-04-05,9.3,8.7,7.6,8.6,10.9,9.8,8.7,9.8,9.2,10.4,9.02,1.22,-0.56,69,100,30.1,7.69,1.9,0.998,-0.0634,10.0,8.0,8.0,station
2026-04-06,6.4,5.9,5.3,4.6,8.4,6.7,4.8,5.9,6.8,6.5,6.12,1.44,-0.02,68,73,17.7,14.07,0.8,0.9968,-0.0805,6.1,5.0,5.0,station
2026-04-07,0.5,1.1,0.7,0.7,3.2,0.6,1.1,2.3,1.7,2.1,1.24,1.12,-0.32,59,48,27.0,21.27,0.8,0.9952,-0.0977,1.1,2.0,2.0,station
2026-04-08,4.6,5.9,6.0,7.5,7.6,4.9,6.7,6.3,5.4,5.0,6.32,1.25,0.66,67,19,13.5,23.87,0.0,0.9934,-0.1148,4.4,6.0,6.0,station
2026-04-09,17.1,16.8,17.3,20.8,20.0,15.8,20.3,15.1,16.7,17.7,18.4,1.86,1.28,59,77,21.1,18.32,1.6,0.9913,-0.1319,18.1,18.0,18.0,station
2026-04-10,6.8,7.7,5.4,,7.8,8.6,13.5,6.9,6.9,7.9,6.92,1.11,-1.83,80,88,14.2,6.43,7.5,0.9889,-0.1489,7.3,7.0,7.0,station
2026-04-11,9.7,9.2,7.5,,11.5,10.1,15.9,10.4,11.1,10.6,9.47,1.65,-2.15,64,22,15.8,23.05,0.0,0.9861,-0.1659,9.6,10.0,10.0,station
2026-04-12,11.4,11.7,8.1,,6.8,6.1,10.7,7.4,7.1,7.2,9.5,2.43,1.8,79,98,13.6,7.82,3.2,0.9831,-0.1828,11.0,7.0,7.0,station
2026-04-13,21.2,20.6,18.7,22.1,23.7,19.3,20.2,19.4,20.5,20.3,21.26,1.85,1.32,74,86,30.6,14.99,3.0,0.9799,-0.1997,21.1,21.0,21.0,station
2026-04-14,22.7,20.9,20.7,21.9,23.5,20.3,20.3,22.2,21.1,20.8,21.94,1.19,1.0,84,81,28.1,17.46,6.0,0.9763,-0.2165,22.2,23.0,23.0,station
2026-04-15,20.6,19.8,20.3,20.4,16.8,23.6,19.5,21.0,20.7,22.0,19.58,1.58,-1.78,90,100,11.1,8.8,5.0,0.9724,-0.2333,20.5,19.0,19.0,station
2026-04-16,19.9,19.3,18.3,19.1,22.0,20.6,19.2,18.2,19.1,20.4,19.72,1.4,0.22,90,100,17.8,9.79,7.3,0.9683,-0.25,20.8,21.0,21.0,station
2026-04-17,17.6,18.2,15.2,15.8,18.8,19.4,17.6,17.6,17.0,17.2,17.12,1.55,-0.64,82,85,13.1,21.35,0.0,0.9638,-0.2666,17.8,16.0,16.0,station
2026-04-18,17.4,17.7,16.5,18.5,20.7,18.0,15.9,18.2,20.4,19.7,18.16,1.59,-0.28,82,99,23.6,10.08,7.9,0.9591,-0.2831,21.3,20.0,20.0,station
2026-04-19,7.8,7.7,7.3,8.0,7.7,7.6,7.0,8.3,8.7,7.0,7.7,0.25,-0.02,57,66,21.5,18.94,1.6,0.9541,-0.2996,7.2,6.0,6.0,station
2026-04-20,3.2,3.9,2.8,3.5,3.5,2.8,3.3,6.5,3.8,3.0,3.38,0.41,-0.5,55,74,15.3,16.14,0.0,0.9488,-0.316,3.7,5.0,5.0,station
2026-04-21,9.8,13.1,11.9,12.7,12.6,9.2,12.3,11.1,11.6,7.1,12.02,1.31,1.76,63,54,16.6,20.65,0.0,0.9432,-0.3322,12.1,11.0,11.0,station
2026-04-22,18.7,20.1,17.6,17.2,20.7,17.9,19.2,17.9,16.9,18.0,18.86,1.52,0.88,68,11,13.5,24.31,0.0,0.9373,-0.3484,17.7,18.0,18.0,station
2026-04-23,15.3,17.9,17.6,14.6,15.6,14.6,18.2,17.5,15.8,12.9,16.2,1.46,0.4,59,53,11.4,22.51,0.0,0.9312,-0.3645,16.2,18.0,18.0,station
2026-04-24,8.9,11.1,10.3,11.3,10.5,8.8,11.0,10.4,9.7,9.0,10.42,0.94,0.64,55,58,17.1,22.41,0.0,0.9248,-0.3804,8.9,11.0,11.0,station
2026-04-25,9.5,8.0,7.9,8.6,8.1,9.8,8.5,6.9,9.0,7.1,8.42,0.66,0.16,79,79,15.5,7.25,14.6,0.9181,-0.3963,9.4,10.0,10.0,station
2026-04-26,14.4,15.2,13.0,14.6,15.3,13.6,15.1,14.7,13.6,13.4,14.5,0.92,0.42,70,40,11.5,26.02,0.0,0.9112,-0.412,14.5,14.0,14.0,station
2026-04-27,16.3,18.0,17.2,16.1,19.2,16.2,18.5,16.8,16.4,15.9,17.36,1.28,0.6,62,43,13.7,26.45,0.0,0.9039,-0.4276,17.2,18.0,18.0,station
2026-04-28,18.5,17.3,15.7,20.6,19.5,18.1,16.9,15.3,18.2,17.2,18.32,1.91,1.18,77,94,22.5,8.45,6.5,0.8965,-0.4431,16.2,17.0,17.0,station
2026-04-29,9.4,11.4,11.1,13.1,10.6,10.2,10.8,10.8,13.3,11.3,11.12,1.34,-0.16,79,89,13.9,8.36,0.9,0.8887,-0.4585,12.7,13.0,13.0,station
2026-04-30,10.2,9.5,10.1,10.6,13.0,10.2,9.5,10.0,10.1,9.8,10.68,1.36,0.76,65,60,14.8,20.23,0.1,0.8807,-0.4737,11.0,12.0,12.0,station
2026-05-01,9.1,8.7,9.9,9.7,10.6,9.3,8.4,9.7,10.1,10.5,9.6,0.73,0.0,64,48,13.6,17.76,0.1,0.8724,-0.4888,10.0,10.0,10.0,station
2026-05-02,6.9,7.8,7.4,7.9,9.5,7.2,8.2,10.0,7.9,9.6,7.9,0.98,-0.68,65,39,13.7,19.43,1.1,0.8639,-0.5037,7.5,8.0,8.0,station
2026-05-03,12.9,15.3,15.2,13.3,14.4,12.9,15.5,14.1,11.4,14.1,14.22,1.09,0.62,63,52,22.1,17.48,3.9,0.8551,-0.5185,14.5,14.0,14.0,station
2026-05-04,19.3,22.6,21.8,20.1,21.8,18.7,22.2,19.3,19.3,20.8,21.12,1.37,1.06,58,69,21.2,26.08,0.0,0.846,-0.5331,21.2,23.0,23.0,station
2026-05-05,14.2,17.4,14.5,15.8,16.9,15.0,17.8,13.8,15.7,15.6,15.76,1.42,0.18,65,97,23.3,16.43,0.8,0.8367,-0.5476,17.1,18.0,18.0,station
2026-05-06,8.2,9.2,9.5,11.8,11.4,7.7,13.2,15.0,11.3,9.8,10.02,1.53,-1.38,78,100,17.3,8.51,4.9,0.8272,-0.5619,9.4,9.0,9.0,station
2026-05-07,10.6,11.4,9.5,11.0,11.6,8.6,10.9,11.3,11.3,12.6,10.82,0.83,-0.12,60,52,16.1,22.78,1.6,0.8174,-0.5761,11.7,12.0,12.0,station
2026-05-08,12.3,13.7,14.6,13.0,15.0,12.2,13.4,13.3,13.2,14.3,13.72,1.11,0.44,66,43,13.3,21.87,2.0,0.8074,-0.59,12.7,12.0,12.0,station
2026-05-09,17.4,18.2,18.4,16.9,18.2,16.1,16.9,17.7,17.0,17.5,17.82,0.64,0.78,75,49,23.5,20.87,8.3,0.7971,-0.6038,17.9,16.0,16.0,station
2026-05-10,11.7,12.7,11.2,12.7,12.4,11.7,14.0,13.3,14.1,14.2,12.14,0.67,-1.32,52,37,19.6,21.72,0.0,0.7866,-0.6175,12.0,13.0,13.0,station
2026-05-11,10.5,12.1,10.6,12.2,13.1,10.1,12.0,11.3,11.6,12.3,11.7,1.12,0.24,53,59,15.4,18.56,0.0,0.7759,-0.6309,12.2,12.0,12.0,station
2026-05-12,12.4,12.8,13.6,12.2,14.8,12.1,12.8,13.7,12.2,13.4,13.16,1.06,0.32,57,51,10.9,25.21,1.2,0.7649,-0.6442,13.9,12.0,12.0,station
2026-05-13,14.6,13.4,15.3,15.7,17.6,14.0,14.6,14.1,15.7,16.2,15.32,1.54,0.4,79,84,21.8,19.16,8.5,0.7537,-0.6572,16.3,15.0,15.0,station
2026-05-14,11.5,11.7,9.9,9.8,11.1,10.6,11.6,7.2,10.8,12.6,10.8,0.89,0.24,75,90,23.2,12.1,0.4,0.7423,-0.6701,11.3,11.0,11.0,station
2026-05-15,18.7,20.8,19.9,18.4,20.0,17.9,20.2,17.3,18.6,18.6,19.56,0.99,1.04,53,47,13.9,25.38,0.0,0.7306,-0.6828,19.9,20.0,20.0,station
2026-05-16,20.5,22.4,23.9,20.2,24.6,20.5,22.5,20.2,18.2,19.1,22.32,1.97,2.22,69,56,18.7,19.75,0.3,0.7188,-0.6952,21.2,21.0,21.0,station
2026-05-17,23.5,27.3,28.9,24.4,27.4,22.4,27.2,25.2,23.5,22.0,26.3,2.26,2.24,68,44,15.0,27.81,3.6,0.7067,-0.7075,29.2,26.0,26.0,station
2026-05-18,28.7,31.6,31.0,30.2,30.9,28.9,31.6,28.9,29.2,28.8,30.48,1.11,1.0,60,39,24.9,28.19,0.8,0.6945,-0.7195,32.4,31.0,31.0,station
2026-05-19,29.4,30.2,27.5,29.3,29.1,28.9,30.1,26.1,30.1,28.0,29.1,0.99,0.46,65,51,25.1,24.84,5.2,0.682,-0.7314,31.1,30.0,30.0,station
2026-05-20,20.2,21.1,20.7,22.8,21.6,22.1,21.5,21.5,22.5,20.3,21.28,0.99,-0.3,55,76,17.7,26.81,0.0,0.6693,-0.743,22.9,21.0,21.0,station
2026-05-21,15.1,15.5,14.2,12.9,15.8,15.2,14.9,14.8,13.0,14.1,14.7,1.17,0.3,49,51,14.2,29.03,0.0,0.6564,-0.7544,16.8,15.0,15.0,station
2026-05-22,15.4,15.8,15.0,14.0,16.6,15.7,15.2,14.9,13.4,15.5,15.36,0.96,0.42,36,91,20.0,24.39,0.0,0.6433,-0.7656,17.4,16.0,16.0,station
2026-05-23,12.4,12.9,15.1,12.5,13.3,12.4,12.9,11.3,11.8,11.9,13.24,1.1,1.18,78,100,27.5,2.97,32.2,0.6301,-0.7765,13.8,14.0,14.0,station
2026-05-24,18.9,15.8,15.8,15.7,16.1,20.7,16.3,19.2,19.5,16.5,16.46,1.37,-1.98,91,100,19.5,7.78,4.2,0.6166,-0.7873,16.0,14.0,14.0,station
2026-05-25,23.9,24.0,21.4,21.4,24.6,23.7,23.6,23.0,22.9,21.4,23.06,1.54,0.14,80,24,12.8,27.9,0.9,0.603,-0.7978,21.6,23.0,23.0,station
2026-05-26,25.9,28.8,27.7,27.0,29.4,25.6,28.9,25.9,27.6,27.0,27.76,1.4,0.76,56,59,16.4,29.31,0.0,0.5892,-0.808,28.0,28.0,28.0,station
2026-05-27,22.8,25.6,25.3,25.9,26.1,23.7,25.9,24.4,24.2,24.9,25.14,1.34,0.52,52,46,20.9,29.03,0.0,0.5752,-0.818,25.2,25.0,25.0,station
2026-05-28,17.2,19.2,18.4,19.1,20.6,17.4,20.0,18.9,19.6,20.9,18.9,1.24,-0.46,57,37,19.5,27.81,0.0,0.561,-0.8278,19.5,20.0,20.0,station
2026-05-29,22.8,24.9,23.1,24.8,24.8,22.5,24.7,21.4,24.3,23.6,24.08,1.04,0.78,48,8,28.9,29.7,0.0,0.5467,-0.8373,25.4,25.0,25.0,station
2026-05-30,20.3,20.8,18.9,18.4,21.2,20.8,20.4,19.6,18.5,19.5,19.92,1.22,0.16,44,15,19.0,28.07,0.0,0.5322,-0.8466,21.1,20.0,20.0,station
2026-05-31,22.9,24.4,23.3,23.4,25.2,22.5,24.2,21.5,23.8,23.2,23.84,0.94,0.8,38,25,18.2,30.55,0.0,0.5176,-0.8556,24.4,24.0,24.0,station
2026-06-01,21.5,22.3,19.5,20.3,21.3,22.2,22.4,21.5,19.4,18.9,20.98,1.09,0.1,41,11,13.9,28.44,0.0,0.5028,-0.8644,21.6,19.0,19.0,station
2026-06-02,24.0,26.3,23.6,25.2,25.9,23.6,26.2,22.6,25.3,21.9,25.0,1.17,1.08,35,31,18.1,30.38,0.0,0.4878,-0.8729,26.2,25.0,25.0,station
2026-06-03,28.6,29.7,28.6,26.7,30.2,27.7,29.4,25.7,28.7,25.4,28.76,1.35,1.38,30,7,15.0,30.86,0.0,0.4728,-0.8812,30.1,29.0,29.0,station
2026-06-04,28.6,30.1,29.0,29.1,32.2,28.7,29.9,25.6,29.2,26.4,29.8,1.45,1.84,34,72,17.3,28.66,0.0,0.4575,-0.8892,30.3,30.0,30.0,station
2026-06-05,29.6,30.0,30.1,30.4,32.8,28.7,30.1,28.5,30.4,29.0,30.58,1.27,1.24,42,74,21.8,21.51,0.4,0.4422,-0.8969,31.7,31.0,31.0,station
2026-06-06,25.3,25.3,25.7,25.8,27.9,24.8,24.9,23.8,27.3,27.5,26.0,1.09,0.34,71,60,31.1,24.24,6.7,0.4267,-0.9044,24.9,26.0,26.0,station
2026-06-07,24.6,26.0,22.2,25.2,27.0,23.6,26.0,22.6,25.8,26.2,25.0,1.81,0.16,66,38,17.9,21.57,0.0,0.4111,-0.9116,24.9,24.0,24.0,station
2026-06-08,24.4,24.1,24.3,22.8,25.8,25.5,25.1,22.6,23.3,24.9,24.28,1.07,0.0,63,41,12.0,30.19,0.0,0.3953,-0.9185,25.3,23.0,23.0,station
2026-06-09,28.0,27.2,28.4,24.9,26.1,28.6,27.0,26.7,25.7,26.5,26.92,1.43,0.02,65,62,12.8,24.67,1.8,0.3795,-0.9252,28.5,24.0,24.0,station
2026-06-10,29.7,29.5,28.4,29.7,29.8,29.2,29.4,27.2,28.9,27.0,29.42,0.58,1.08,70,64,20.9,23.9,1.4,0.3635,-0.9316,31.2,29.0,29.0,station
2026-06-11,30.6,31.2,31.3,31.7,32.6,30.1,30.6,29.6,32.1,28.4,31.48,0.74,1.32,67,77,18.8,21.07,2.2,0.3474,-0.9377,32.2,31.0,31.0,station
2026-06-12,27.1,26.5,26.7,26.5,27.1,28.3,26.5,24.4,26.5,26.3,26.78,0.3,0.38,59,57,20.2,26.31,0.0,0.3312,-0.9436,25.7,26.0,26.0,station
2026-06-13,27.2,29.3,29.1,28.0,29.7,27.5,29.1,27.1,28.6,27.1,28.66,1.03,0.78,50,22,22.8,27.73,0.6,0.3149,-0.9491,30.3,29.0,29.0,station
2026-06-14,22.4,23.5,20.4,22.3,23.1,21.0,23.2,19.6,21.2,21.2,22.34,1.19,1.1,73,69,17.4,12.53,13.0,0.2986,-0.9544,23.9,24.0,24.0,station
2026-06-15,19.8,20.0,20.5,19.3,20.6,19.6,19.6,20.2,20.9,19.3,20.04,0.53,0.12,57,46,19.8,22.3,0.0,0.2821,-0.9594,20.0,20.0,20.0,station
2026-06-16,20.2,21.9,22.7,21.3,24.5,23.6,22.8,22.6,21.3,23.1,22.12,1.61,-0.56,60,63,17.4,25.0,3.4,0.2656,-0.9641,21.8,24.0,24.0,station
2026-06-17,22.1,21.8,22.2,22.1,22.6,21.3,22.5,21.3,23.1,20.8,22.16,0.29,0.36,70,75,19.3,22.11,4.8,0.2489,-0.9685,23.6,22.0,22.0,station
2026-06-18,21.0,20.8,21.4,21.6,22.4,19.5,21.2,19.7,21.2,22.2,21.44,0.62,0.68,81,65,30.8,24.25,17.2,0.2322,-0.9727,21.6,22.0,22.0,station
2026-06-19,20.6,22.3,22.1,21.9,23.0,21.5,22.7,21.2,22.7,21.6,21.98,0.88,0.04,64,11,24.0,28.19,0.2,0.2155,-0.9765,21.2,22.0,22.0,station
2026-06-20,21.0,23.0,22.5,23.5,24.6,22.0,23.4,21.9,23.3,21.9,22.92,1.33,0.42,54,18,16.2,28.86,0.0,0.1986,-0.9801,23.0,23.0,23.0,station
2026-06-21,23.2,24.3,24.6,24.3,25.2,22.9,24.2,22.9,24.8,23.7,24.32,0.73,0.62,56,44,10.3,26.25,0.0,0.1818,-0.9833,24.1,24.0,24.0,station
2026-06-22,21.8,21.7,18.1,19.6,20.0,24.1,22.0,22.1,20.3,20.8,20.24,1.55,-1.62,78,75,9.9,17.42,3.1,0.1648,-0.9863,20.5,19.0,19.0,station
2026-06-23,22.7,24.3,23.8,23.7,24.5,23.8,24.4,23.5,25.5,23.2,23.8,0.7,-0.28,61,20,16.3,29.23,0.0,0.1478,-0.989,23.4,24.0,24.0,station
2026-06-24,24.4,25.1,25.7,25.3,25.8,24.3,25.3,24.1,25.7,25.1,25.26,0.56,0.36,52,65,13.8,19.58,0.0,0.1308,-0.9914,25.8,24.0,24.0,station
2026-06-25,20.0,17.7,18.4,18.9,19.7,20.7,19.5,20.1,20.0,20.6,18.94,0.94,-1.24,72,82,16.4,21.82,1.2,0.1137,-0.9935,22.1,20.0,20.0,station
2026-06-26,24.5,23.8,23.9,25.9,24.2,23.5,23.4,22.4,24.1,22.3,24.46,0.85,1.32,71,63,10.5,24.8,1.2,0.0966,-0.9953,25.3,24.0,24.0,station
2026-06-27,26.3,26.0,25.7,24.0,27.9,24.8,26.0,25.6,24.9,23.5,25.98,1.4,1.02,59,9,11.4,28.66,0.0,0.0795,-0.9968,27.2,26.0,26.0,station
2026-06-28,27.5,27.9,28.0,25.9,28.9,26.8,28.0,26.3,25.9,25.4,27.64,1.1,1.16,48,12,12.0,30.18,0.0,0.0623,-0.9981,29.1,28.0,28.0,station
2026-06-29,28.8,28.8,28.9,27.7,30.5,28.6,28.7,28.0,27.4,26.7,28.94,1.0,1.06,45,62,12.7,26.7,0.0,0.0451,-0.999,30.2,28.0,28.0,station
2026-06-30,32.1,33.9,34.3,33.7,35.4,32.2,33.5,34.3,34.4,33.3,33.88,1.19,0.34,58,54,19.1,25.58,6.4,0.028,-0.9996,35.9,34.0,34.0,station
2026-07-01,34.8,35.9,36.0,35.0,36.5,33.0,35.4,33.9,35.4,35.2,35.64,0.72,1.06,63,40,23.3,26.92,1.7,0.0108,-0.9999,37.8,36.0,36.0,station
2026-07-02,34.4,35.1,35.0,34.9,35.8,34.6,35.4,34.0,35.3,34.8,35.04,0.5,0.22,56,12,20.8,27.47,0.9,-0.0065,-1.0,35.2,34.0,34.0,station
2026-07-03,32.4,32.8,34.0,31.4,33.9,32.8,32.2,31.6,33.6,30.6,32.9,1.09,0.74,59,40,18.8,21.3,9.6,-0.0237,-0.9997,32.9,35.0,35.0,station
2026-07-04,25.8,26.5,27.3,27.8,27.5,30.0,26.4,29.8,28.2,27.2,26.98,0.82,-1.34,75,81,11.6,13.52,10.6,-0.0408,-0.9992,28.0,27.0,27.0,station
2026-07-05,27.1,26.9,26.8,26.0,27.1,25.8,24.5,23.8,25.7,25.0,26.78,0.45,1.82,72,86,12.0,21.2,0.0,-0.058,-0.9983,26.4,26.0,26.0,station
2026-07-06,26.9,26.2,26.9,25.5,29.3,26.2,26.0,24.4,27.0,24.0,26.96,1.43,1.44,66,63,13.9,27.08,0.2,-0.0752,-0.9972,27.1,26.0,26.0,station
2026-07-07,27.1,27.2,28.1,25.7,29.4,27.6,26.9,25.7,25.6,25.9,27.5,1.37,1.16,74,30,13.5,26.23,0.0,-0.0923,-0.9957,26.6,27.0,27.0,station
2026-07-08,31.5,30.7,32.4,28.8,34.3,31.3,30.4,30.2,28.0,28.4,31.54,2.04,1.88,65,15,9.5,26.65,0.2,-0.1094,-0.994,31.1,29.0,29.0,station
2026-07-09,29.9,27.4,30.1,29.0,30.9,27.9,28.1,27.6,31.9,27.5,29.46,1.34,0.86,68,52,17.0,20.02,10.6,-0.1265,-0.992,30.4,29.0,29.0,station
2026-07-10,27.7,27.2,27.9,26.9,28.6,27.1,27.1,29.1,28.8,25.8,27.66,0.66,0.08,76,59,9.7,26.36,1.9,-0.1436,-0.9896,27.0,26.0,26.0,station
2026-07-11,27.3,28.4,28.5,26.1,29.7,27.3,28.5,27.2,27.7,26.6,28.0,1.36,0.54,65,19,10.5,27.64,0.3,-0.1606,-0.987,28.0,26.0,26.0,station
2026-07-12,27.7,27.9,28.0,26.9,28.6,27.3,28.4,27.1,26.8,25.8,27.82,0.61,0.74,61,17,10.3,29.57,0.0,-0.1775,-0.9841,27.2,27.0,27.0,station
2026-07-13,32.1,32.3,32.9,31.5,33.3,31.9,32.4,30.7,30.5,29.8,32.42,0.7,1.36,53,17,15.1,28.32,0.0,-0.1944,-0.9809,32.6,33.0,33.0,station
2026-07-14,35.8,36.3,36.9,36.2,38.4,36.4,36.6,34.9,36.5,34.6,36.72,1.02,0.92,56,34,20.3,28.2,0.0,-0.2113,-0.9774,36.4,36.0,36.0,station
2026-07-15,33.4,31.6,32.6,31.5,35.3,33.1,31.7,32.5,31.9,30.6,32.88,1.56,0.92,57,65,17.0,18.71,0.6,-0.2281,-0.9736,31.5,28.0,28.0,station
2026-07-16,29.7,30.7,27.4,28.4,31.5,31.6,31.1,30.5,29.3,30.0,29.54,1.67,-0.96,55,42,18.5,28.09,0.0,-0.2448,-0.9696,30.2,30.0,30.0,station
2026-07-17,28.7,27.7,27.1,25.3,27.6,30.1,28.2,29.6,25.2,24.8,27.28,1.25,-0.3,60,55,12.2,27.05,0.0,-0.2614,-0.9652,28.7,26.0,26.0,station
2026-07-18,27.0,26.2,33.2,28.1,28.2,27.6,26.5,32.0,28.0,25.9,28.54,2.73,0.54,68,61,24.5,20.87,5.2,-0.278,-0.9606,29.1,28.0,28.0,station
2026-07-19,24.3,24.5,23.4,23.3,23.6,24.9,24.7,24.3,24.3,23.1,23.82,0.54,-0.44,55,11,19.1,29.15,0.0,-0.2945,-0.9557,24.9,25.0,25.0,station
2026-07-20,26.1,25.8,26.5,25.4,26.9,27.2,25.8,28.4,23.8,24.1,26.14,0.59,0.28,52,43,16.8,27.46,0.1,-0.3109,-0.9505,28.3,27.0,27.0,station
2026-07-21,25.5,24.9,26.7,26.2,25.9,26.6,25.8,29.2,25.9,26.1,25.84,0.68,-0.88,81,81,20.4,15.08,27.8,-0.3272,-0.945,24.6,24.0,24.0,station
2026-07-22,20.1,20.2,19.6,22.1,21.9,20.5,20.4,20.2,20.5,21.1,20.78,1.14,0.24,64,31,21.4,20.99,0.0,-0.3434,-0.9392,21.7,22.0,22.0,station
2026-07-23,23.4,24.8,24.7,24.6,26.0,23.0,24.7,25.3,24.0,24.9,24.7,0.92,0.32,55,11,12.4,26.43,0.0,-0.3595,-0.9332,25.0,25.0,25.0,station
2026-07-24,26.1,26.0,25.8,24.8,27.6,25.8,26.0,26.5,25.0,25.6,26.06,1.0,0.28,60,13,10.6,28.82,0.0,-0.3755,-0.9268,24.9,25.0,25.0,station
2026-07-25,26.7,26.8,26.7,26.0,30.3,27.2,26.9,27.1,26.1,25.6,27.3,1.71,0.72,66,70,11.2,21.69,0.5,-0.3914,-0.9202,26.6,26.0,26.0,station
2026-07-26,29.4,27.6,28.9,27.1,31.2,29.6,28.1,27.1,26.4,26.3,28.84,1.62,1.34,70,36,11.9,21.61,2.4,-0.4071,-0.9134,28.1,27.0,27.0,station
2026-07-27,30.4,28.6,28.6,27.4,29.9,27.7,28.5,31.4,26.3,26.4,28.98,1.19,0.92,78,42,12.4,24.05,5.2,-0.4228,-0.9062,29.7,29.0,29.0,station
2026-07-28,26.2,26.0,24.2,26.0,26.5,24.1,24.2,25.3,25.2,20.1,25.78,0.91,2.0,79,57,20.1,22.38,7.0,-0.4383,-0.8988,25.8,,,
