datum,p1_ifs,p1_aifs,p1_gfs,p1_icon,p1_gem,p2_ifs,p2_aifs,p2_gfs,p2_icon,p2_gem,mm_gem,mm_spreiding,run2run,rh_gem,bewolking_gem,wind_max,instraling_som,neerslag_som,doy_sin,doy_cos,era5_max,station_max,doel,doelbron
2023-11-01,,,35.6,,,,,35.4,,,,,,28,16,20.9,16.17,0.0,-0.8606,0.5093,37.0,36.0,36.0,station
2023-11-02,,,35.3,,,,,33.9,,,,,,34,0,27.4,17.83,0.0,-0.8517,0.524,36.6,37.0,37.0,station
2023-11-03,,,34.2,,,,,34.5,,,,,,51,22,24.4,18.01,0.0,-0.8426,0.5386,35.7,36.0,36.0,station
2023-11-04,,,32.0,,,,,33.0,,,,,,74,35,19.9,17.33,0.0,-0.8332,0.553,33.5,33.0,33.0,station
2023-11-05,,,33.6,,,,,33.5,,,,,,69,17,18.7,16.91,0.0,-0.8235,0.5672,35.3,35.0,35.0,station
2023-11-06,,,32.9,,,,,33.5,,,,,,53,10,18.2,16.37,0.0,-0.8137,0.5813,36.0,35.0,35.0,station
2023-11-07,,,31.5,,,,,31.6,,,,,,40,13,20.2,16.24,0.0,-0.8035,0.5952,34.8,34.0,34.0,station
2023-11-08,,,32.1,,,,,31.2,,,,,,50,58,14.0,15.52,0.0,-0.7932,0.609,33.4,32.0,32.0,station
2023-11-09,,,32.4,,,,,32.6,,,,,,59,16,16.6,16.35,0.0,-0.7826,0.6225,33.9,32.0,32.0,station
2023-11-10,,,33.2,,,,,32.7,,,,,,50,0,17.4,17.69,0.0,-0.7718,0.6359,34.8,35.0,35.0,station
2023-11-11,,,34.0,,,,,34.1,,,,,,29,0,20.0,17.82,0.0,-0.7607,0.6491,33.4,33.0,33.0,station
2023-11-12,,,31.8,,,,,32.5,,,,,,42,62,21.5,17.49,0.0,-0.7494,0.6621,32.8,33.0,33.0,station
2023-11-13,,,30.0,,,,,30.7,,,,,,52,91,11.8,14.94,0.0,-0.7379,0.6749,31.2,32.0,32.0,station
2023-11-14,,,32.0,,,,,32.2,,,,,,40,28,19.6,17.29,0.0,-0.7262,0.6875,31.6,32.0,32.0,station
2023-11-15,,,31.5,,,,,32.0,,,,,,36,14,26.2,17.03,0.0,-0.7143,0.6998,30.8,31.0,31.0,station
2023-11-16,,,31.4,,,,,31.8,,,,,,34,33,21.6,17.0,0.0,-0.7021,0.712,30.9,31.0,31.0,station
2023-11-17,,,30.6,,,,,30.5,,,,,,34,71,24.6,14.35,0.0,-0.6898,0.724,29.5,29.0,29.0,station
2023-11-18,,,30.4,,,,,30.9,,,,,,31,10,20.1,16.7,0.0,-0.6772,0.7358,30.0,30.0,30.0,station
2023-11-19,,,31.0,,,,,31.5,,,,,,35,0,17.4,16.44,0.0,-0.6645,0.7473,31.0,30.0,30.0,station
2023-11-20,,,31.3,,,,,31.6,,,,,,36,0,26.3,16.45,0.0,-0.6515,0.7586,31.0,30.0,30.0,station
2023-11-21,,,31.3,,,,,31.4,,,,,,35,19,26.1,16.34,0.0,-0.6384,0.7697,31.2,31.0,31.0,station
2023-11-22,,,30.0,,,,,30.3,,,,,,43,9,18.9,16.16,0.0,-0.625,0.7806,31.0,31.0,31.0,station
2023-11-23,,,30.4,,,,,32.0,,,,,,66,0,17.6,15.87,0.0,-0.6115,0.7912,31.9,33.0,33.0,station
2023-11-24,,,32.0,,,,,32.2,,,,,,59,27,23.2,15.73,0.0,-0.5978,0.8016,32.6,30.0,30.0,station
2023-11-25,,,30.9,,,,,31.2,,,,,,38,76,32.4,14.24,0.0,-0.584,0.8118,31.4,30.0,30.0,station
2023-11-26,,,30.7,,,,,30.7,,,,,,59,27,35.9,15.0,6.8,-0.5699,0.8217,25.8,26.0,26.0,station
2023-11-27,,,28.5,,,,,30.2,,,,,,65,5,22.4,15.04,0.0,-0.5557,0.8314,26.7,27.0,27.0,station
2023-11-28,,,28.1,,,,,27.8,,,,,,59,2,23.6,15.65,0.0,-0.5413,0.8408,27.6,28.0,28.0,station
2023-11-29,,,29.3,,,,,28.8,,,,,,54,5,15.8,15.63,0.0,-0.5268,0.85,27.9,29.0,29.0,station
2023-11-30,,,28.9,,,,,30.0,,,,,,61,5,13.3,15.21,0.0,-0.5121,0.859,28.4,29.0,29.0,station
2023-12-01,,,29.7,,,,,29.9,,,,,,53,0,21.7,15.38,0.0,-0.4972,0.8676,29.7,29.0,29.0,station
2023-12-02,,,29.0,,,,,29.3,,,,,,51,0,26.8,15.44,0.0,-0.4822,0.8761,27.9,28.0,28.0,station
2023-12-03,,,29.0,,,,,29.4,,,,,,51,0,24.7,15.42,0.0,-0.4671,0.8842,28.2,29.0,29.0,station
2023-12-04,,,29.3,,,,,29.5,,,,,,50,0,22.3,15.38,0.0,-0.4518,0.8921,28.8,29.0,29.0,station
2023-12-05,,,28.7,,,,,29.0,,,,,,49,0,18.9,15.43,0.0,-0.4364,0.8998,27.8,29.0,29.0,station
2023-12-06,,,28.4,,,,,28.5,,,,,,45,0,23.8,15.49,0.0,-0.4208,0.9071,27.4,28.0,28.0,station
2023-12-07,,,28.2,,,,,28.5,,,,,,43,0,22.5,15.46,0.0,-0.4052,0.9142,27.2,28.0,28.0,station
2023-12-08,,,27.6,,,,,28.1,,,,,,55,0,17.0,15.44,0.0,-0.3894,0.9211,27.7,28.0,28.0,station
2023-12-09,,,27.4,,,,,29.0,,,,,,71,14,15.0,15.03,0.0,-0.3735,0.9276,28.8,29.0,29.0,station
2023-12-10,,,27.3,,,,,27.9,,,,,,61,2,14.6,15.16,0.0,-0.3575,0.9339,27.6,29.0,29.0,station
2023-12-11,,,27.9,,,,,28.4,,,,,,78,9,18.4,14.94,0.0,-0.3413,0.9399,27.8,29.0,29.0,station
2023-12-12,,,28.1,,,,,27.7,,,,,,71,57,13.9,14.9,0.0,-0.3251,0.9457,27.4,30.0,30.0,station
2023-12-13,,,28.7,,,,,28.9,,,,,,48,78,18.9,14.81,0.0,-0.3088,0.9511,28.0,28.0,28.0,station
2023-12-14,,,28.2,,,,,28.4,,,,,,49,33,15.0,15.11,0.0,-0.2924,0.9563,27.4,28.0,28.0,station
2023-12-15,,,27.0,,,,,27.5,,,,,,48,18,14.9,14.89,0.0,-0.2759,0.9612,27.1,28.0,28.0,station
2023-12-16,,,27.4,,,,,27.3,,,,,,60,8,16.1,14.09,0.0,-0.2593,0.9658,28.2,28.0,28.0,station
2023-12-17,,,27.5,,,,,27.4,,,,,,59,0,21.2,14.85,0.0,-0.2427,0.9701,27.2,27.0,27.0,station
2023-12-18,,,26.3,,,,,26.5,,,,,,38,26,31.2,15.22,0.0,-0.226,0.9741,25.9,26.0,26.0,station
2023-12-19,,,26.1,,,,,26.5,,,,,,36,60,28.5,14.71,0.0,-0.2092,0.9779,25.6,25.0,25.0,station
2023-12-20,,,27.1,,,,,26.8,,,,,,34,28,21.3,14.97,0.1,-0.1923,0.9813,25.8,27.0,27.0,station
2023-12-21,,,27.8,,,,,27.6,,,,,,32,44,14.7,14.59,0.0,-0.1754,0.9845,26.9,27.0,27.0,station
2023-12-22,,,27.1,,,,,27.5,,,,,,32,24,12.0,14.7,0.0,-0.1585,0.9874,28.5,29.0,29.0,station
2023-12-23,,,29.4,,,,,29.3,,,,,,34,0,23.9,15.16,0.0,-0.1414,0.9899,28.6,29.0,29.0,station
2023-12-24,,,28.8,,,,,29.5,,,,,,36,15,30.6,14.95,0.0,-0.1244,0.9922,28.2,28.0,28.0,station
2023-12-25,,,29.2,,,,,29.3,,,,,,38,0,23.2,15.17,0.0,-0.1073,0.9942,28.5,31.0,31.0,station
2023-12-26,,,28.3,,,,,28.6,,,,,,61,3,16.7,15.02,0.0,-0.0902,0.9959,27.8,28.0,28.0,station
2023-12-27,,,29.6,,,,,30.1,,,,,,51,48,20.5,14.07,0.0,-0.073,0.9973,28.3,28.0,28.0,station
2023-12-28,,,28.6,,,,,29.4,,,,,,44,38,24.2,14.23,0.0,-0.0559,0.9984,27.5,28.0,28.0,station
2023-12-29,,,28.8,,,,,29.2,,,,,,38,0,17.6,15.18,0.0,-0.0387,0.9993,28.6,30.0,30.0,station
2023-12-30,,,,,,,,,,,,,,40,0,20.8,15.03,0.0,-0.0215,0.9998,27.9,29.0,29.0,station
2023-12-31,,,,,,,,,,,,,,45,0,20.0,14.99,0.0,-0.0043,1.0,26.8,,,
2024-01-01,,,,,,,,,,,,,,50,0,18.0,14.99,0.0,0.0172,0.9999,26.8,27.0,27.0,station
2024-01-02,,,,,,,,,,,,,,64,13,20.3,13.51,0.3,0.0344,0.9994,26.6,26.0,26.0,station
2024-01-03,,,,,,,,,,,,,,53,27,17.9,14.26,0.0,0.0516,0.9987,25.6,25.0,25.0,station
2024-01-04,,,,,,,,,,,,,,47,14,21.7,14.7,0.0,0.0688,0.9976,24.5,24.0,24.0,station
2024-01-05,,,,,,,,,,,,,,54,18,19.4,14.01,0.0,0.0859,0.9963,24.7,25.0,25.0,station
2024-01-06,,,,,,,,,,,,,,56,2,24.7,14.87,0.0,0.103,0.9947,24.5,24.0,24.0,station
2024-01-07,,,,,,,,,,,,,,54,0,23.5,15.25,0.0,0.1201,0.9928,24.9,25.0,25.0,station
2024-01-08,,,,,,,,,,,,,,53,0,15.5,15.02,0.0,0.1372,0.9905,25.4,26.0,26.0,station
2024-01-09,,,,,,,,,,,,,,52,0,30.3,15.77,0.0,0.1542,0.988,24.3,25.0,25.0,station
2024-01-10,,,,,,,,,,,,,,47,0,19.8,16.06,0.0,0.1712,0.9852,24.7,25.0,25.0,station
2024-01-11,,,,,,,,,,,,,,50,12,11.5,16.0,0.0,0.1881,0.9821,25.6,26.0,26.0,station
2024-01-12,,,,,,,,,,,,,,46,0,13.0,16.15,0.0,0.205,0.9788,26.3,26.0,26.0,station
2024-01-13,,,,,,,,,,,,,,73,11,20.7,15.53,0.0,0.2218,0.9751,25.8,26.0,26.0,station
2024-01-14,,,,,,,,,,,,,,76,26,17.7,14.75,0.0,0.2385,0.9711,26.9,28.0,28.0,station
2024-01-15,,,,,,,,,,,,,,69,12,19.6,14.96,0.0,0.2552,0.9669,25.2,26.0,26.0,station
2024-01-16,,,,,,,,,,,,,,80,33,20.6,15.54,0.0,0.2718,0.9624,27.5,28.0,28.0,station
2024-01-17,,,,,,,,,,,,,,58,69,19.7,15.88,0.0,0.2883,0.9575,26.9,26.0,26.0,station
2024-01-18,,,,,,,,,,,,,,50,13,18.1,16.12,0.0,0.3047,0.9524,26.6,26.0,26.0,station
2024-01-19,,,,,,,,,,,,,,46,1,14.5,16.0,0.0,0.3211,0.9471,27.0,27.0,27.0,station
2024-01-20,,,26.4,26.6,26.5,,,,,,,,,75,20,16.1,14.05,0.3,0.3373,0.9414,26.1,26.0,26.0,station
2024-01-21,,,26.1,27.0,27.1,,,26.9,26.6,26.7,,,,58,59,18.2,16.11,0.0,0.3534,0.9355,27.2,27.0,27.0,station
2024-01-22,,,26.5,27.0,27.5,,,27.7,26.7,27.3,,,,63,36,19.6,15.7,0.0,0.3695,0.9292,25.9,28.0,28.0,station
2024-01-23,,,26.8,27.1,26.6,,,27.4,26.5,26.6,,,,64,0,14.5,16.73,0.0,0.3854,0.9227,27.2,27.0,27.0,station
2024-01-24,,,26.4,25.5,26.1,,,26.2,25.7,26.0,,,,59,5,11.2,16.89,0.0,0.4012,0.916,25.8,25.0,25.0,station
2024-01-25,,,25.3,25.0,25.5,,,25.2,25.5,26.0,,,,67,47,13.3,16.66,0.0,0.4169,0.9089,25.1,25.0,25.0,station
2024-01-26,,,26.3,24.5,24.8,,,26.7,24.8,25.1,,,,61,79,18.7,16.51,0.0,0.4325,0.9016,25.5,25.0,25.0,station
2024-01-27,,,26.9,25.4,25.6,,,27.7,25.1,24.9,,,,51,71,21.4,16.82,0.0,0.4479,0.8941,25.6,26.0,26.0,station
2024-01-28,,,25.0,25.8,24.6,,,25.4,26.1,24.7,,,,66,92,23.1,16.16,0.0,0.4633,0.8862,25.7,25.0,25.0,station
2024-01-29,,,27.5,27.5,27.4,,,27.2,26.7,27.4,,,,74,92,19.5,15.51,0.7,0.4784,0.8781,28.4,28.0,28.0,station
2024-01-30,,,26.9,26.0,24.5,,,26.3,25.5,21.3,,,,80,95,18.3,13.81,1.1,0.4935,0.8698,26.2,27.0,27.0,station
2024-01-31,,,27.2,28.1,27.3,,,27.5,28.4,26.6,,,,79,71,23.1,15.24,1.2,0.5084,0.8611,27.4,28.0,28.0,station
2024-02-01,,,29.2,30.4,28.2,,,28.9,30.7,27.5,,,,63,38,14.0,17.0,0.0,0.5231,0.8523,30.4,30.0,30.0,station
2024-02-02,,,27.7,28.2,27.8,,,27.8,28.5,28.0,,,,71,47,16.3,10.88,0.2,0.5377,0.8432,26.0,27.0,27.0,station
2024-02-03,,,25.6,26.1,27.7,,,25.6,26.9,25.8,,,,74,68,29.3,13.7,3.8,0.5521,0.8338,26.1,25.0,25.0,station
2024-02-04,26.2,,26.9,25.8,26.1,,,27.0,26.8,28.2,26.25,0.47,,79,49,23.9,14.89,1.6,0.5664,0.8242,26.4,21.0,21.0,station
2024-02-05,25.4,,26.2,24.7,25.2,26.6,,26.1,26.4,26.0,25.38,0.62,-0.9,80,47,18.2,17.01,0.0,0.5805,0.8143,25.8,24.0,24.0,station
2024-02-06,25.0,,24.6,24.6,24.6,24.0,,25.4,24.2,23.4,24.7,0.2,0.45,76,95,18.3,14.79,0.0,0.5944,0.8042,25.9,25.0,25.0,station
2024-02-07,24.2,,25.5,24.5,25.8,24.5,,25.3,24.6,24.3,25.0,0.77,0.32,67,100,23.1,16.44,0.0,0.6081,0.7938,26.0,24.0,24.0,station
2024-02-08,24.8,,25.6,25.4,25.3,24.3,,26.0,24.6,25.1,25.27,0.34,0.27,48,54,23.8,17.5,0.0,0.6217,0.7833,25.1,25.0,25.0,station
2024-02-09,26.5,,26.3,26.6,26.7,26.5,,26.4,26.2,26.5,26.52,0.17,0.12,55,1,19.9,18.92,0.0,0.6351,0.7725,26.9,27.0,27.0,station
2024-02-10,27.4,,27.3,28.2,28.5,27.5,,27.5,27.7,27.3,27.85,0.59,0.35,60,6,13.0,17.77,0.0,0.6483,0.7614,28.1,28.0,28.0,station
2024-02-11,27.1,,27.4,27.7,28.1,27.1,,27.4,26.6,27.4,27.57,0.43,0.45,37,37,20.8,19.12,0.0,0.6613,0.7502,27.6,28.0,28.0,station
2024-02-12,27.2,,27.2,27.5,28.7,26.7,,27.8,25.5,27.5,27.65,0.71,0.77,38,45,15.1,18.66,0.0,0.6741,0.7387,27.4,28.0,28.0,station
2024-02-13,25.2,,23.5,22.9,25.7,25.4,,26.8,23.7,25.6,24.32,1.34,-1.05,47,63,13.4,13.38,0.0,0.6867,0.727,26.9,25.0,25.0,station
2024-02-14,28.1,,27.8,28.5,29.3,28.5,,28.9,27.7,29.4,28.43,0.65,-0.2,46,0,14.9,19.57,0.0,0.6991,0.715,28.7,28.0,28.0,station
2024-02-15,29.5,,29.4,29.3,29.9,29.4,,28.9,29.2,29.9,29.52,0.26,0.18,49,0,17.6,19.85,0.0,0.7113,0.7029,29.7,30.0,30.0,station
2024-02-16,30.5,,30.4,30.7,31.2,30.9,,30.3,30.2,30.9,30.7,0.36,0.12,36,16,14.8,20.31,0.0,0.7233,0.6906,31.4,31.0,31.0,station
2024-02-17,30.6,,29.7,30.9,30.5,30.6,,29.8,30.7,30.3,30.43,0.51,0.07,42,27,20.1,20.29,0.0,0.735,0.678,30.9,31.0,31.0,station
2024-02-18,27.9,,26.9,27.6,28.5,27.8,,26.9,27.3,28.2,27.73,0.67,0.18,76,43,31.1,19.47,0.0,0.7466,0.6653,27.5,28.0,28.0,station
2024-02-19,29.3,,28.0,28.1,29.3,28.6,,28.1,29.1,29.6,28.68,0.72,-0.18,74,37,34.3,18.94,0.0,0.7579,0.6523,29.2,28.0,28.0,station
2024-02-20,28.8,,27.1,28.4,28.4,28.5,,27.3,28.6,28.0,28.18,0.74,0.07,76,14,26.1,19.89,0.0,0.769,0.6392,27.5,29.0,29.0,station
2024-02-21,29.3,,28.4,28.9,28.6,30.1,,28.0,29.1,27.9,28.8,0.39,0.03,70,8,26.7,19.95,0.0,0.7799,0.6259,28.4,29.0,29.0,station
2024-02-22,28.5,,28.0,29.4,28.5,28.3,,28.0,29.1,28.2,28.6,0.58,0.2,42,0,20.9,21.17,0.0,0.7906,0.6124,28.8,29.0,29.0,station
2024-02-23,28.9,,27.7,28.8,28.6,28.2,,27.6,28.0,27.6,28.5,0.55,0.65,37,0,20.0,20.99,0.0,0.801,0.5987,28.8,28.0,28.0,station
2024-02-24,30.3,,29.4,30.6,30.7,30.2,,29.3,30.4,29.5,30.25,0.59,0.4,52,4,21.2,20.93,0.0,0.8112,0.5848,30.7,30.0,30.0,station
2024-02-25,28.8,,28.9,29.0,29.4,28.5,,28.4,28.2,28.8,29.02,0.26,0.55,37,76,26.6,18.27,0.0,0.8211,0.5708,29.0,28.0,28.0,station
2024-02-26,27.5,,28.6,29.6,30.8,28.1,,29.9,28.6,30.3,29.12,1.41,-0.1,31,50,36.7,19.59,0.0,0.8308,0.5566,29.1,29.0,29.0,station
2024-02-27,26.0,,27.2,27.8,29.6,26.3,,27.7,27.8,29.1,27.65,1.5,-0.08,50,18,41.2,20.43,0.0,0.8402,0.5422,26.7,26.0,26.0,station
2024-02-28,28.2,,29.7,29.1,30.2,28.6,,30.1,29.6,30.9,29.3,0.86,-0.5,43,0,28.7,20.82,0.0,0.8495,0.5277,28.7,29.0,29.0,station
2024-02-29,32.0,,28.8,31.5,31.2,32.2,,29.8,31.7,31.9,30.88,1.42,-0.52,40,20,16.6,20.96,0.0,0.8584,0.513,31.9,31.0,31.0,station
2024-03-01,23.4,,26.4,24.6,25.0,25.3,,25.9,25.2,20.6,24.85,1.24,0.6,70,61,31.1,13.51,9.8,0.8671,0.4981,26.8,25.0,25.0,station
2024-03-02,20.4,,21.9,20.5,18.6,20.0,,22.0,20.7,17.9,20.35,1.35,0.2,52,3,30.4,22.57,0.0,0.8755,0.4831,19.9,21.0,21.0,station
2024-03-03,21.1,,23.2,21.7,21.3,21.5,,22.9,21.9,20.5,21.82,0.95,0.12,42,0,22.4,22.82,0.0,0.8837,0.468,21.6,23.0,23.0,station
2024-03-04,24.6,,24.4,25.5,25.6,23.9,,24.9,25.4,24.1,25.02,0.61,0.45,47,0,16.7,22.66,0.0,0.8916,0.4527,24.9,25.0,25.0,station
2024-03-05,25.7,,26.1,26.2,27.2,25.6,,26.1,25.7,26.5,26.3,0.64,0.32,28,24,25.2,21.5,0.0,0.8993,0.4373,25.8,25.0,25.0,station
2024-03-06,26.4,,26.1,27.5,26.7,26.9,,26.2,27.9,27.4,26.68,0.6,-0.42,35,12,21.3,21.68,0.0,0.9067,0.4218,27.0,27.0,27.0,station
2024-03-07,28.3,,28.5,29.7,29.3,28.9,,29.1,29.8,28.8,28.95,0.66,-0.2,55,4,26.5,21.93,0.0,0.9138,0.4061,29.1,29.0,29.0,station
2024-03-08,30.0,,29.1,30.7,30.0,29.8,,28.5,30.6,30.0,29.95,0.66,0.22,42,1,21.6,22.33,0.0,0.9207,0.3904,30.3,29.0,29.0,station
2024-03-09,29.7,,29.7,30.3,30.5,30.0,,30.0,29.6,30.9,30.05,0.41,-0.07,34,55,19.2,21.87,0.0,0.9272,0.3745,31.0,30.0,30.0,station
2024-03-10,29.8,,27.8,28.6,29.3,29.9,,29.4,31.1,30.7,28.88,0.87,-1.4,46,66,19.0,8.42,2.1,0.9335,0.3585,25.7,28.0,28.0,station
2024-03-11,29.8,,28.0,29.8,29.6,30.5,,28.1,29.0,30.0,29.3,0.87,-0.1,67,7,24.3,21.81,0.0,0.9396,0.3424,28.8,29.0,29.0,station
2024-03-12,31.1,,30.2,31.0,31.5,30.7,,31.3,32.0,31.9,30.95,0.54,-0.53,77,25,25.4,22.15,0.0,0.9453,0.3261,30.0,31.0,31.0,station
2024-03-13,31.4,,29.5,30.9,29.1,31.5,,31.2,31.3,30.0,30.23,1.1,-0.77,57,2,26.5,23.26,0.0,0.9508,0.3098,31.8,31.0,31.0,station
2024-03-14,31.0,30.6,31.4,31.8,31.3,30.8,,31.7,32.3,30.5,31.22,0.45,-0.11,29,0,23.3,23.71,0.0,0.956,0.2934,31.2,31.0,31.0,station
2024-03-15,32.5,31.6,32.8,32.6,33.2,32.4,31.4,32.8,32.0,32.2,32.54,0.59,0.38,28,0,22.0,23.6,0.0,0.9609,0.2769,32.5,31.0,31.0,station
2024-03-16,33.7,32.3,32.4,34.3,33.0,33.3,31.9,32.7,33.9,33.2,33.14,0.86,0.14,28,8,24.1,23.7,0.0,0.9655,0.2604,33.6,33.0,33.0,station
2024-03-17,35.0,34.0,34.1,35.3,34.9,34.6,34.0,34.1,35.3,34.8,34.66,0.58,0.1,24,11,23.1,23.48,0.0,0.9698,0.2437,35.4,35.0,35.0,station
2024-03-18,35.0,33.9,33.4,36.2,35.0,35.3,34.0,34.2,36.0,35.1,34.7,1.09,-0.22,28,27,22.3,23.31,0.0,0.9739,0.227,35.6,35.0,35.0,station
2024-03-19,37.2,33.3,35.2,35.8,36.0,38.0,32.9,35.6,37.6,36.1,35.5,1.43,-0.54,44,68,23.0,22.6,0.0,0.9777,0.2102,37.0,36.0,36.0,station
2024-03-20,36.7,32.9,35.8,34.4,36.0,36.4,32.0,33.4,35.2,35.0,35.16,1.51,0.76,56,87,22.5,21.2,0.0,0.9811,0.1934,35.6,34.0,34.0,station
2024-03-21,36.3,31.7,33.0,36.8,34.1,35.7,30.6,33.2,36.7,34.1,34.38,2.16,0.32,48,51,28.0,20.47,0.0,0.9843,0.1765,35.2,35.0,35.0,station
2024-03-22,36.0,31.4,32.8,33.6,32.6,34.6,30.2,32.4,34.2,31.4,33.28,1.71,0.72,65,0,25.2,23.6,0.0,0.9872,0.1595,34.4,33.0,33.0,station
2024-03-23,35.1,30.2,31.9,32.8,33.5,35.8,30.6,31.6,33.5,32.3,32.7,1.82,-0.06,76,68,26.2,22.32,0.0,0.9898,0.1425,33.6,31.0,31.0,station
2024-03-24,35.1,31.8,33.0,32.8,33.1,34.2,31.3,33.0,33.4,33.4,33.16,1.2,0.1,69,49,29.6,23.35,0.0,0.9921,0.1255,34.2,32.0,32.0,station
2024-03-25,37.6,33.2,33.6,35.2,35.1,37.8,32.7,32.9,34.7,35.2,34.94,1.73,0.28,63,16,28.7,23.37,0.0,0.9941,0.1084,36.7,34.0,34.0,station
2024-03-26,37.9,33.1,34.3,37.0,35.2,37.5,32.7,34.2,35.1,34.5,35.5,1.96,0.7,60,57,26.9,23.3,0.0,0.9958,0.0913,37.3,36.0,36.0,station
2024-03-27,34.8,31.3,31.9,32.8,32.5,35.5,31.9,32.5,31.1,31.2,32.66,1.33,0.22,69,97,29.2,21.8,0.0,0.9972,0.0741,34.4,33.0,33.0,station
2024-03-28,36.2,32.6,33.9,35.7,33.2,36.3,32.1,33.2,32.9,33.0,34.32,1.57,0.82,54,75,26.3,23.58,0.0,0.9984,0.057,36.0,35.0,35.0,station
2024-03-29,32.0,29.5,30.2,31.0,31.3,32.5,30.0,30.7,31.6,30.8,30.8,0.97,-0.32,64,5,25.8,24.47,0.0,0.9992,0.0398,30.9,30.0,30.0,station
2024-03-30,31.0,29.6,29.6,30.5,30.4,31.5,29.8,29.7,30.8,30.5,30.22,0.61,-0.24,70,0,29.4,24.66,0.0,0.9997,0.0226,30.5,30.0,30.0,station
2024-03-31,35.2,33.7,32.4,35.6,34.1,34.2,33.4,33.2,34.3,33.4,34.2,1.27,0.5,50,79,26.1,24.52,0.0,1.0,0.0054,35.9,34.0,34.0,station
2024-04-01,35.2,32.3,34.4,36.8,33.4,36.2,32.4,34.9,36.4,33.2,34.42,1.72,-0.2,48,95,24.1,24.31,0.0,0.9999,-0.0118,34.2,34.0,34.0,station
2024-04-02,33.2,30.7,31.0,31.7,32.3,33.3,30.6,30.9,31.9,31.7,31.78,1.01,0.1,67,51,29.7,24.19,0.0,0.9996,-0.029,32.4,31.0,31.0,station
2024-04-03,33.8,31.2,33.0,33.3,31.8,35.1,31.1,32.1,37.1,32.6,32.62,1.08,-0.98,75,82,23.6,21.63,0.0,0.9989,-0.0462,32.3,32.0,32.0,station
2024-04-04,34.7,31.0,32.9,31.1,32.4,35.5,31.5,33.9,34.7,31.8,32.42,1.52,-1.06,66,96,27.6,21.08,0.0,0.998,-0.0634,34.1,34.0,34.0,station
2024-04-05,34.4,31.7,33.3,34.5,33.1,34.3,31.7,33.2,32.3,30.8,33.4,1.14,0.94,52,80,30.5,23.79,0.0,0.9968,-0.0805,33.5,33.0,33.0,station
2024-04-06,34.8,31.8,32.3,33.9,32.8,35.6,31.9,34.6,34.7,32.4,33.12,1.22,-0.72,54,0,25.1,25.14,0.0,0.9952,-0.0977,33.0,33.0,33.0,station
2024-04-07,37.3,33.0,34.7,35.4,33.8,37.7,32.4,33.2,32.9,33.8,34.84,1.65,0.84,70,2,23.7,24.87,0.0,0.9934,-0.1148,35.5,36.0,36.0,station
2024-04-08,39.2,34.8,36.3,38.4,36.8,37.6,33.0,35.9,38.0,35.6,37.1,1.74,1.08,61,8,22.4,25.73,0.0,0.9913,-0.1319,38.2,38.0,38.0,station
2024-04-09,39.5,35.4,36.3,35.6,35.4,39.9,33.8,35.3,38.5,36.6,36.44,1.75,-0.38,50,9,26.7,25.69,0.0,0.9889,-0.1489,38.4,38.0,38.0,station
2024-04-10,36.5,32.0,33.5,31.8,34.2,37.0,31.9,33.2,32.9,34.6,33.6,1.91,-0.32,73,66,25.6,20.87,0.0,0.9861,-0.1659,34.7,34.0,34.0,station
2024-04-11,35.0,32.0,30.5,32.8,33.1,35.6,31.7,31.2,32.7,33.2,32.68,1.64,-0.2,76,36,20.4,24.91,0.0,0.9831,-0.1828,33.7,32.0,32.0,station
2024-04-12,36.8,32.5,33.2,33.8,34.1,36.9,32.0,33.1,32.4,32.6,34.08,1.64,0.68,72,42,24.8,24.85,0.0,0.9799,-0.1997,36.1,33.0,33.0,station
2024-04-13,34.0,31.2,33.2,33.8,32.4,33.8,31.1,33.1,33.9,31.3,32.92,1.15,0.28,74,85,23.0,19.62,0.0,0.9763,-0.2165,34.2,32.0,32.0,station
2024-04-14,28.3,26.4,31.1,28.4,28.1,30.6,28.1,30.4,29.2,28.7,28.46,1.69,-0.94,80,99,12.1,10.33,3.1,0.9724,-0.2333,29.9,27.0,27.0,station
2024-04-15,29.6,29.1,30.7,31.1,31.8,31.1,28.9,30.1,30.2,30.4,30.46,1.1,0.32,75,98,22.3,18.69,0.0,0.9683,-0.25,31.3,30.0,30.0,station
2024-04-16,34.6,32.7,35.6,35.5,35.6,34.6,32.2,34.0,36.0,35.7,34.8,1.25,0.3,72,94,19.2,18.61,0.0,0.9638,-0.2666,34.6,36.0,36.0,station
2024-04-17,35.4,34.2,33.4,34.9,33.9,36.6,33.8,35.1,34.7,34.2,34.36,0.8,-0.52,52,57,20.9,22.63,0.0,0.9591,-0.2831,35.8,35.0,35.0,station
2024-04-18,30.5,30.1,30.3,30.3,30.0,30.5,29.9,29.9,32.6,29.8,30.24,0.19,-0.3,77,39,29.3,18.37,1.0,0.9541,-0.2996,30.7,31.0,31.0,station
2024-04-19,29.5,30.8,30.1,30.5,30.3,30.3,30.4,30.2,30.5,29.9,30.24,0.49,-0.02,72,3,33.4,25.41,0.0,0.9488,-0.316,30.3,31.0,31.0,station
2024-04-20,33.6,32.5,33.2,34.1,32.3,32.5,32.4,32.7,34.1,32.1,33.14,0.75,0.38,64,80,25.0,23.39,0.0,0.9432,-0.3322,34.2,34.0,34.0,station
2024-04-21,35.5,32.6,34.1,34.2,33.5,35.4,32.5,34.5,33.3,33.7,33.98,1.06,0.1,68,18,28.2,25.25,0.0,0.9373,-0.3484,33.2,32.0,32.0,station
2024-04-22,36.2,33.1,33.6,36.1,33.6,36.2,32.6,33.1,35.3,33.2,34.52,1.5,0.44,71,1,31.8,25.96,0.0,0.9312,-0.3645,34.3,34.0,34.0,station
2024-04-23,35.2,32.5,32.8,34.6,33.7,35.2,32.3,32.9,33.4,33.1,33.76,1.15,0.38,75,0,25.9,26.0,0.0,0.9248,-0.3804,34.7,34.0,34.0,station
2024-04-24,35.4,32.4,32.5,33.6,33.4,36.0,32.3,32.7,33.9,33.6,33.46,1.21,-0.24,75,24,24.2,25.48,0.0,0.9181,-0.3963,34.3,35.0,35.0,station
2024-04-25,35.0,32.1,32.6,32.1,32.7,35.7,32.1,32.3,32.9,32.6,32.9,1.21,-0.22,75,33,30.5,25.93,0.0,0.9112,-0.412,33.9,33.0,33.0,station
2024-04-26,33.8,32.8,33.0,32.5,32.7,34.3,32.4,32.2,33.6,31.9,32.96,0.5,0.08,72,38,28.9,24.31,0.0,0.9039,-0.4276,33.4,36.0,36.0,station
2024-04-27,34.9,32.7,33.1,33.8,33.2,34.7,32.6,32.6,34.3,32.7,33.54,0.86,0.16,71,24,26.3,25.42,0.0,0.8965,-0.4431,34.4,33.0,33.0,station
2024-04-28,37.6,34.1,35.6,37.3,34.5,37.8,34.0,35.4,37.3,34.9,35.82,1.59,-0.06,68,24,25.8,24.34,0.0,0.8887,-0.4585,37.5,36.0,36.0,station
2024-04-29,37.3,36.3,36.2,38.6,34.9,37.1,36.1,35.8,37.7,34.4,36.66,1.38,0.44,40,0,28.7,26.77,0.0,0.8807,-0.4737,38.2,38.0,38.0,station
2024-04-30,38.1,37.4,37.3,37.8,35.9,37.0,37.1,37.0,37.6,34.9,37.3,0.85,0.58,35,10,27.7,27.51,0.0,0.8724,-0.4888,38.9,38.0,38.0,station
2024-05-01,37.6,36.2,36.8,38.2,35.8,37.4,36.3,36.2,37.7,35.1,36.92,0.99,0.38,15,13,26.8,28.26,0.0,0.8639,-0.5037,38.1,38.0,38.0,station
2024-05-02,39.5,35.4,37.1,38.8,37.4,40.1,36.1,37.5,39.5,36.6,37.64,1.59,-0.32,48,72,31.2,26.31,0.0,0.8551,-0.5185,38.4,37.0,37.0,station
2024-05-03,34.7,32.9,34.8,36.2,32.4,35.7,32.9,34.2,36.1,32.8,34.2,1.54,-0.14,67,99,30.5,14.22,0.0,0.846,-0.5331,33.9,33.0,33.0,station
2024-05-04,35.2,33.1,34.6,34.7,34.8,34.9,32.9,33.8,34.4,35.2,34.48,0.8,0.24,63,72,33.2,23.77,0.0,0.8367,-0.5476,35.5,39.0,39.0,station
2024-05-05,35.4,33.5,34.5,34.5,34.7,35.4,33.4,34.5,35.2,34.7,34.52,0.68,-0.12,69,27,31.3,25.81,0.0,0.8272,-0.5619,34.7,34.0,34.0,station
2024-05-06,38.5,35.2,36.2,36.8,36.2,38.5,34.4,36.3,36.1,35.4,36.58,1.22,0.44,61,0,27.5,26.24,0.0,0.8174,-0.5761,38.1,36.0,36.0,station
2024-05-07,38.9,35.7,35.8,36.8,37.4,38.6,35.3,36.0,37.3,36.5,36.92,1.31,0.18,62,0,28.7,26.42,0.0,0.8074,-0.59,38.0,36.0,36.0,station
2024-05-08,39.6,35.3,38.3,34.9,37.6,38.9,34.4,38.3,35.5,36.9,37.14,2.0,0.34,73,17,25.9,25.67,0.0,0.7971,-0.6038,39.2,36.0,36.0,station
2024-05-09,38.2,34.8,35.3,35.2,36.4,38.9,34.0,33.7,35.5,37.2,35.98,1.38,0.12,76,29,25.9,25.84,0.0,0.7866,-0.6175,38.0,35.0,35.0,station
2024-05-10,36.7,33.6,32.2,33.7,33.6,36.2,33.6,31.2,34.4,34.7,33.96,1.65,-0.06,76,35,26.3,25.74,0.0,0.7759,-0.6309,35.3,34.0,34.0,station
2024-05-11,34.3,33.7,31.9,33.7,33.4,34.5,33.2,32.0,34.5,33.5,33.4,0.9,-0.14,73,8,22.4,24.78,0.0,0.7649,-0.6442,33.4,34.0,34.0,station
2024-05-12,35.8,34.7,35.0,36.3,36.8,35.3,34.2,32.2,37.6,36.5,35.72,0.88,0.56,74,23,23.3,25.37,0.0,0.7537,-0.6572,35.0,36.0,36.0,station
2024-05-13,36.6,35.0,32.7,35.4,35.9,35.9,34.7,31.9,34.6,36.5,35.12,1.48,0.4,75,7,24.7,25.66,0.0,0.7423,-0.6701,35.5,35.0,35.0,station
2024-05-14,38.6,35.5,33.3,35.5,34.7,39.1,35.5,32.8,36.2,37.5,35.52,1.94,-0.7,72,18,22.6,25.98,0.0,0.7306,-0.6828,35.9,37.0,37.0,station
2024-05-15,39.5,37.1,37.0,37.1,36.1,38.6,34.7,37.3,38.0,36.0,37.36,1.27,0.44,62,4,21.4,26.01,0.0,0.7188,-0.6952,39.5,40.0,40.0,station
2024-05-16,38.7,36.3,36.9,38.7,36.9,39.0,35.9,36.9,38.2,36.6,37.5,1.12,0.18,65,5,23.7,26.25,0.0,0.7067,-0.7075,38.0,37.0,37.0,station
2024-05-17,38.4,36.1,36.5,38.1,37.2,38.5,35.5,36.3,37.7,36.7,37.26,0.99,0.32,64,1,27.4,26.32,0.0,0.6945,-0.7195,39.0,39.0,39.0,station
2024-05-18,39.2,37.2,37.3,39.3,37.7,38.6,35.9,35.4,39.4,36.7,38.14,1.03,0.94,60,0,30.5,26.59,0.0,0.682,-0.7314,40.1,39.0,39.0,station
2024-05-19,37.7,35.2,36.0,36.4,35.8,37.4,35.0,35.5,36.9,36.5,36.22,0.93,-0.04,72,15,27.3,26.1,0.0,0.6693,-0.743,36.3,35.0,35.0,station
2024-05-20,37.8,35.3,35.6,35.6,36.4,37.5,35.1,35.3,36.6,36.1,36.14,1.01,0.02,71,2,31.9,25.96,0.0,0.6564,-0.7544,36.9,36.0,36.0,station
2024-05-21,39.3,35.9,37.2,36.9,36.6,37.6,35.4,36.4,37.1,36.3,37.18,1.28,0.62,69,1,30.5,26.04,0.0,0.6433,-0.7656,38.8,38.0,38.0,station
2024-05-22,39.7,36.6,36.6,37.0,37.3,38.6,35.7,35.9,36.6,36.7,37.44,1.3,0.74,64,0,28.8,26.17,0.0,0.6301,-0.7765,38.8,36.0,36.0,station
2024-05-23,39.9,36.8,36.2,37.6,36.9,40.5,36.2,36.2,35.6,37.1,37.48,1.44,0.36,67,0,31.8,26.23,0.0,0.6166,-0.7873,37.9,38.0,38.0,station
2024-05-24,40.1,36.0,35.5,36.4,36.4,39.1,35.7,34.5,36.5,36.5,36.88,1.84,0.42,72,4,28.2,26.24,0.0,0.603,-0.7978,37.5,36.0,36.0,station
2024-05-25,39.0,35.8,37.6,36.2,37.5,40.5,35.7,35.8,37.3,36.7,37.22,1.27,0.02,74,11,25.9,26.2,0.0,0.5892,-0.808,36.8,36.0,36.0,station
2024-05-26,38.1,35.6,35.9,37.1,37.0,38.8,35.1,37.0,36.7,37.1,36.74,1.01,-0.2,73,13,28.5,25.95,0.0,0.5752,-0.818,37.7,36.0,36.0,station
2024-05-27,38.0,35.6,35.7,37.4,36.0,37.7,35.1,35.0,37.0,35.2,36.54,1.09,0.54,74,5,33.5,25.56,0.0,0.561,-0.8278,36.8,37.0,37.0,station
2024-05-28,39.4,35.7,36.2,36.4,36.1,38.2,35.2,35.8,37.0,35.5,36.76,1.5,0.42,71,1,37.1,26.18,0.0,0.5467,-0.8373,36.9,36.0,36.0,station
2024-05-29,45.1,37.3,41.7,43.6,38.9,46.4,36.5,41.8,42.7,38.1,41.32,3.23,0.22,57,0,33.5,27.38,0.0,0.5322,-0.8466,45.0,41.0,41.0,station
2024-05-30,47.7,37.3,45.8,42.3,40.4,46.6,36.9,43.7,46.8,41.7,42.7,4.16,-0.44,61,1,31.7,27.09,0.0,0.5176,-0.8556,47.3,39.0,39.0,station
2024-05-31,39.3,36.1,36.3,35.8,39.3,44.2,35.4,40.2,44.8,40.7,37.36,1.78,-3.7,76,9,27.2,26.7,0.0,0.5028,-0.8644,38.0,35.0,35.0,station
2024-06-01,42.0,37.2,38.5,38.6,37.1,41.1,35.7,38.8,41.5,39.1,38.68,1.98,-0.56,66,3,27.0,27.05,0.0,0.4878,-0.8729,40.8,38.0,38.0,station
2024-06-02,35.2,35.0,32.2,35.3,34.8,35.1,34.8,32.5,34.8,35.0,34.5,1.3,0.06,76,16,25.5,25.62,0.0,0.4728,-0.8812,35.0,35.0,35.0,station
2024-06-03,35.2,34.2,33.6,35.0,34.1,35.7,34.1,33.8,35.2,34.2,34.42,0.66,-0.18,72,21,27.9,25.44,0.0,0.4575,-0.8892,34.3,35.0,35.0,station
2024-06-04,34.8,33.1,33.3,34.5,33.3,34.6,33.3,33.3,34.9,34.1,33.8,0.79,-0.24,70,42,32.9,20.61,0.0,0.4422,-0.8969,34.0,35.0,35.0,station
2024-06-05,34.4,32.9,33.3,33.9,33.3,34.1,32.8,33.1,34.4,33.6,33.56,0.59,-0.04,69,44,34.9,19.13,0.0,0.4267,-0.9044,33.8,34.0,34.0,station
2024-06-06,35.0,33.6,33.8,35.3,33.1,34.6,33.4,33.4,34.4,33.6,34.16,0.94,0.28,71,48,31.6,17.45,0.0,0.4111,-0.9116,34.5,34.0,34.0,station
2024-06-07,35.6,34.1,33.9,35.3,34.3,35.7,33.9,34.4,35.8,34.0,34.64,0.76,-0.12,71,7,30.9,25.15,0.0,0.3953,-0.9185,35.3,35.0,35.0,station
2024-06-08,36.1,34.3,34.9,35.4,34.5,35.7,34.2,34.0,35.1,34.6,35.04,0.73,0.32,71,16,33.2,24.57,0.0,0.3795,-0.9252,35.2,36.0,36.0,station
2024-06-09,35.9,34.5,34.4,35.8,35.0,35.5,34.9,34.7,35.6,35.4,35.12,0.7,-0.1,72,19,29.8,22.73,0.0,0.3635,-0.9316,35.1,35.0,35.0,station
2024-06-10,36.3,34.4,34.4,35.3,34.7,36.3,34.3,34.8,35.5,35.1,35.02,0.8,-0.18,73,18,32.0,24.76,0.0,0.3474,-0.9377,34.8,35.0,35.0,station
2024-06-11,35.3,34.1,34.0,34.7,34.6,35.6,33.8,33.8,34.9,34.3,34.54,0.52,0.06,72,21,32.8,23.97,0.0,0.3312,-0.9436,34.5,35.0,35.0,station
2024-06-12,35.3,33.9,33.4,35.2,34.6,35.0,33.7,33.2,34.8,34.5,34.48,0.82,0.24,69,35,33.5,22.27,0.0,0.3149,-0.9491,34.4,35.0,35.0,station
2024-06-13,35.7,33.9,33.7,34.4,34.8,35.2,33.7,34.2,35.1,34.9,34.5,0.8,-0.12,67,53,31.4,20.38,0.0,0.2986,-0.9544,34.5,35.0,35.0,station
2024-06-14,35.9,34.1,34.1,35.1,34.9,35.9,33.9,34.2,34.5,34.7,34.82,0.76,0.18,69,43,30.1,21.89,0.3,0.2821,-0.9594,35.1,35.0,35.0,station
2024-06-15,36.0,34.5,33.9,35.8,34.4,36.2,34.3,34.5,35.4,34.8,34.92,0.93,-0.12,72,42,25.2,22.62,0.6,0.2656,-0.9641,35.0,36.0,36.0,station
2024-06-16,36.6,34.5,33.2,35.6,34.4,36.2,34.3,34.0,36.3,34.8,34.86,1.29,-0.26,71,17,27.5,23.48,0.0,0.2489,-0.9685,35.9,36.0,36.0,station
2024-06-17,36.0,34.3,32.6,34.9,34.7,35.9,34.2,32.4,35.7,35.1,34.5,1.23,-0.16,69,32,26.7,20.8,0.0,0.2322,-0.9727,34.5,35.0,35.0,station
2024-06-18,35.7,34.0,33.8,35.4,34.7,35.5,33.9,33.4,35.2,35.0,34.72,0.83,0.12,68,52,28.3,18.31,0.2,0.2155,-0.9765,34.5,35.0,35.0,station
2024-06-19,36.5,34.5,34.2,35.2,35.6,36.6,34.5,34.2,35.6,36.3,35.2,0.91,-0.24,73,50,31.7,25.51,0.0,0.1986,-0.9801,35.8,35.0,35.0,station
2024-06-20,37.1,36.1,32.8,35.5,36.0,37.6,36.1,33.0,35.2,36.3,35.5,1.62,-0.14,78,53,29.1,25.37,0.0,0.1818,-0.9833,35.2,35.0,35.0,station
2024-06-21,36.9,35.5,33.9,35.5,36.1,37.9,35.6,34.2,36.1,36.2,35.58,1.1,-0.42,76,24,25.0,22.48,0.0,0.1648,-0.9863,35.6,37.0,37.0,station
2024-06-22,36.1,36.2,32.8,36.7,37.6,37.8,35.9,33.3,39.0,37.7,35.88,1.82,-0.86,73,12,23.8,23.35,0.1,0.1478,-0.989,36.3,36.0,36.0,station
2024-06-23,41.5,37.7,36.3,38.6,38.0,39.7,37.4,33.5,40.3,38.7,38.42,1.92,0.5,69,9,25.2,24.27,0.0,0.1308,-0.9914,38.3,40.0,40.0,station
2024-06-24,42.8,37.7,35.8,40.3,37.8,41.7,37.1,34.3,41.8,40.0,38.88,2.71,-0.1,64,24,32.3,24.4,0.0,0.1137,-0.9935,43.3,41.0,41.0,station
2024-06-25,41.1,36.5,34.4,38.2,36.9,40.0,35.9,35.2,38.2,37.5,37.42,2.47,0.06,69,18,31.4,24.63,0.0,0.0966,-0.9953,41.6,41.0,41.0,station
2024-06-26,38.3,36.7,33.4,38.5,37.7,37.6,36.1,33.1,36.8,38.0,36.92,2.09,0.6,70,74,22.0,23.86,0.0,0.0795,-0.9968,37.6,39.0,39.0,station
2024-06-27,40.2,37.3,34.5,36.8,37.2,39.7,36.7,34.2,39.4,36.5,37.2,2.03,-0.1,65,68,24.8,22.86,0.2,0.0623,-0.9981,38.7,40.0,40.0,station
2024-06-28,35.5,37.1,33.7,38.3,35.6,36.4,37.2,33.9,38.1,37.3,36.04,1.75,-0.54,68,79,28.4,14.67,10.2,0.0451,-0.999,37.0,37.0,37.0,station
2024-06-29,36.6,35.9,34.1,38.1,36.6,38.0,36.9,33.3,38.7,36.7,36.26,1.45,-0.46,71,71,25.8,21.05,0.3,0.028,-0.9996,38.2,37.0,37.0,station
2024-06-30,38.3,36.2,36.3,36.5,36.9,39.0,35.8,33.7,38.3,36.4,36.84,0.86,0.2,71,82,25.2,21.55,0.0,0.0108,-0.9999,36.6,37.0,37.0,station
2024-07-01,36.3,35.4,35.2,35.6,36.2,36.1,35.3,33.8,35.5,36.6,35.74,0.49,0.28,70,61,30.6,24.26,0.0,-0.0065,-1.0,38.1,37.0,37.0,station
2024-07-02,36.5,35.1,34.0,36.5,35.8,36.1,34.8,32.9,34.6,34.8,35.58,1.06,0.94,69,81,25.5,21.41,0.0,-0.0237,-0.9997,35.8,35.0,35.0,station
2024-07-03,37.3,35.3,34.5,36.3,36.2,36.9,34.6,34.6,36.2,37.4,35.92,1.06,-0.02,71,51,27.5,21.88,0.1,-0.0408,-0.9992,36.1,36.0,36.0,station
2024-07-04,36.0,34.8,34.0,35.8,36.4,36.4,34.8,34.0,36.0,38.9,35.4,0.98,-0.62,71,95,23.5,19.49,0.0,-0.058,-0.9983,34.9,35.0,35.0,station
2024-07-05,35.5,34.2,33.4,34.8,36.2,36.0,33.8,33.5,35.5,36.5,34.82,1.09,-0.24,70,99,25.1,17.25,0.1,-0.0752,-0.9972,34.4,33.0,33.0,station
2024-07-06,36.1,34.2,32.8,36.4,35.2,36.9,33.9,32.7,35.9,35.0,34.94,1.47,0.06,68,82,30.3,17.29,0.0,-0.0923,-0.9957,35.8,35.0,35.0,station
2024-07-07,38.5,35.5,34.3,36.7,37.5,39.4,35.2,34.3,38.3,37.2,36.5,1.65,-0.38,73,41,30.0,20.49,0.0,-0.1094,-0.994,36.7,36.0,36.0,station
2024-07-08,35.4,34.7,33.3,36.5,35.9,36.7,34.5,34.3,36.8,38.6,35.16,1.23,-1.02,73,67,19.6,19.02,0.9,-0.1265,-0.992,36.1,36.0,36.0,station
2024-07-09,35.4,35.4,34.6,36.7,34.6,36.5,35.0,33.4,35.9,36.4,35.34,0.86,-0.1,79,93,19.7,13.08,0.4,-0.1436,-0.9896,35.9,37.0,37.0,station
2024-07-10,34.2,35.7,34.3,37.3,32.3,33.9,34.9,33.9,32.8,35.5,34.76,1.86,0.56,78,66,24.0,21.59,0.1,-0.1606,-0.987,36.6,37.0,37.0,station
2024-07-11,35.9,34.5,33.9,36.3,35.1,34.8,34.5,33.2,35.6,34.0,35.14,0.98,0.72,74,63,32.4,20.21,0.5,-0.1775,-0.9841,35.3,35.0,35.0,station
2024-07-12,34.1,33.2,32.5,34.6,35.3,33.8,33.5,32.3,35.2,35.0,33.94,1.11,-0.02,74,53,40.4,16.99,0.3,-0.1944,-0.9809,34.2,34.0,34.0,station
2024-07-13,34.2,33.7,32.6,35.5,35.0,34.7,33.5,33.1,35.3,34.6,34.2,1.13,-0.04,76,56,31.7,16.48,0.8,-0.2113,-0.9774,33.9,35.0,35.0,station
2024-07-14,35.4,33.9,34.6,36.1,35.7,35.9,34.2,34.6,36.5,35.3,35.14,0.88,-0.16,76,46,28.0,18.82,0.3,-0.2281,-0.9736,34.3,36.0,36.0,station
2024-07-15,37.7,35.2,34.7,37.3,37.7,37.5,35.4,34.1,38.1,38.7,36.52,1.45,-0.24,72,46,23.9,21.58,0.0,-0.2448,-0.9696,36.2,36.0,36.0,station
2024-07-16,41.4,37.9,37.0,40.0,37.6,41.0,37.5,35.5,41.1,39.2,38.78,1.85,-0.08,70,74,26.8,18.17,0.5,-0.2614,-0.9652,37.8,40.0,40.0,station
2024-07-17,40.1,37.6,35.9,37.4,37.9,44.0,36.6,33.2,38.0,37.7,37.78,1.51,-0.12,72,93,28.8,19.34,0.0,-0.278,-0.9606,38.7,40.0,40.0,station
2024-07-18,37.2,36.8,34.1,36.1,35.9,37.3,35.9,33.8,36.5,35.3,36.02,1.19,0.26,73,89,28.4,20.56,0.0,-0.2945,-0.9557,36.5,38.0,38.0,station
2024-07-19,40.2,35.5,34.4,36.7,35.1,38.3,36.2,33.6,36.7,35.2,36.38,2.29,0.38,69,72,26.8,20.98,0.0,-0.3109,-0.9505,37.1,39.0,39.0,station
2024-07-20,37.7,36.1,35.3,36.1,35.2,37.6,36.2,34.1,35.9,34.8,36.08,1.0,0.36,68,64,26.3,19.49,0.2,-0.3272,-0.945,39.6,38.0,38.0,station
2024-07-21,38.4,37.9,35.3,37.4,35.2,40.9,36.8,34.3,36.9,34.9,36.84,1.49,0.08,68,48,21.3,20.9,1.5,-0.3434,-0.9392,39.7,39.0,39.0,station
2024-07-22,36.9,36.1,34.4,35.3,36.6,35.6,36.2,33.3,34.6,34.7,35.86,1.02,0.98,75,92,28.4,19.1,6.2,-0.3595,-0.9332,37.0,38.0,38.0,station
2024-07-23,33.9,33.7,33.1,34.8,33.8,34.5,33.5,32.8,35.2,35.0,33.86,0.61,-0.34,76,92,28.8,13.2,0.0,-0.3755,-0.9268,34.3,35.0,35.0,station
2024-07-24,32.5,33.2,32.9,34.1,34.3,34.5,33.2,33.0,35.6,34.8,33.4,0.77,-0.82,76,79,29.3,12.09,0.1,-0.3914,-0.9202,33.2,33.0,33.0,station
2024-07-25,36.0,33.5,33.1,36.0,35.3,34.8,33.7,33.4,36.7,34.6,34.78,1.39,0.14,76,63,26.5,16.46,0.1,-0.4071,-0.9134,33.7,34.0,34.0,station
2024-07-26,35.9,33.9,34.0,35.1,34.9,35.9,33.8,33.3,35.9,36.0,34.76,0.83,-0.22,74,79,27.2,20.31,0.0,-0.4228,-0.9062,35.4,34.0,34.0,station
2024-07-27,35.0,34.1,33.9,35.5,35.6,35.5,33.9,34.1,35.3,35.2,34.82,0.79,0.02,73,74,27.8,21.88,0.0,-0.4383,-0.8988,35.0,34.0,34.0,station
2024-07-28,37.3,35.1,33.1,35.4,35.1,36.7,35.0,32.4,36.5,36.0,35.2,1.49,-0.12,72,91,17.8,19.24,0.0,-0.4537,-0.8912,34.2,34.0,34.0,station
2024-07-29,36.0,35.3,32.5,32.9,36.3,32.5,34.5,33.0,33.7,36.2,34.6,1.78,0.62,75,99,23.2,15.92,3.4,-0.469,-0.8832,34.5,35.0,35.0,station
2024-07-30,33.7,33.8,34.7,33.0,31.2,32.9,32.3,33.6,32.5,33.3,33.28,1.31,0.36,85,92,14.8,14.14,20.3,-0.4841,-0.875,33.1,33.0,33.0,station
2024-07-31,31.2,32.7,33.6,30.7,30.3,31.5,32.8,33.6,30.1,32.9,31.7,1.4,-0.48,87,93,19.9,14.44,5.7,-0.4991,-0.8666,30.8,33.0,33.0,station
2024-08-01,31.4,31.6,32.2,32.0,31.5,30.4,31.5,32.0,30.9,30.6,31.74,0.34,0.66,84,96,34.7,13.87,0.6,-0.5139,-0.8578,31.2,31.0,31.0,station
2024-08-02,30.7,31.2,31.7,30.8,29.1,30.9,31.6,31.8,31.0,31.6,30.7,0.98,-0.68,86,99,28.5,11.51,1.3,-0.5286,-0.8489,31.2,30.0,30.0,station
2024-08-03,31.2,30.9,30.9,31.8,31.8,31.8,30.7,32.0,31.5,32.2,31.32,0.45,-0.32,83,100,24.0,13.25,0.3,-0.5431,-0.8397,31.0,31.0,31.0,station
2024-08-04,31.0,30.8,29.7,32.7,28.8,30.9,28.7,32.9,31.3,27.3,30.6,1.47,0.38,84,87,22.5,11.92,1.1,-0.5575,-0.8302,30.9,33.0,33.0,station
2024-08-05,31.2,31.3,33.0,31.3,31.6,31.3,30.9,32.2,33.2,30.2,31.68,0.75,0.12,83,83,19.4,19.95,1.5,-0.5717,-0.8205,31.0,32.0,32.0,station
2024-08-06,30.5,30.5,31.3,30.4,30.4,29.6,30.2,29.9,30.0,30.7,30.62,0.38,0.54,85,100,23.9,6.49,1.4,-0.5857,-0.8105,29.4,30.0,30.0,station
2024-08-07,31.0,30.1,31.2,30.7,30.5,30.4,30.3,31.5,29.9,28.1,30.7,0.43,0.66,80,94,32.0,9.61,0.2,-0.5996,-0.8003,30.0,31.0,31.0,station
2024-08-08,31.4,30.9,32.4,31.7,31.4,31.2,31.0,32.7,31.9,32.7,31.56,0.55,-0.34,77,76,25.3,18.51,0.1,-0.6132,-0.7899,32.1,31.0,31.0,station
2024-08-09,32.0,31.7,31.8,32.1,32.1,32.1,31.2,32.5,32.4,30.8,31.94,0.18,0.14,77,88,28.0,16.59,0.2,-0.6267,-0.7792,32.2,32.0,32.0,station
2024-08-10,31.9,31.0,32.7,31.5,30.8,31.2,30.8,31.9,30.7,31.9,31.58,0.76,0.28,77,67,33.8,18.23,0.1,-0.64,-0.7683,33.3,31.0,31.0,station
2024-08-11,31.0,30.7,32.2,32.0,31.5,31.5,30.5,32.4,32.3,32.4,31.48,0.64,-0.34,80,81,34.5,13.67,0.7,-0.6532,-0.7572,32.0,31.0,31.0,station
2024-08-12,30.6,31.1,32.5,32.0,31.7,31.3,31.1,32.7,32.1,32.0,31.58,0.75,-0.26,82,95,25.9,10.71,1.5,-0.6661,-0.7459,30.7,32.0,32.0,station
2024-08-13,31.8,31.9,33.0,33.7,33.6,32.0,31.6,32.7,34.2,32.9,32.8,0.91,0.12,80,86,21.7,14.53,0.3,-0.6788,-0.7343,32.6,34.0,34.0,station
2024-08-14,32.4,32.1,31.9,33.3,32.9,32.2,31.6,32.4,33.8,33.4,32.52,0.58,-0.16,78,95,23.7,16.39,0.0,-0.6914,-0.7225,32.8,33.0,33.0,station
2024-08-15,31.9,32.0,31.6,32.2,31.6,31.5,31.7,31.8,32.5,35.0,31.86,0.26,-0.64,80,97,25.7,14.84,0.8,-0.7037,-0.7105,32.8,32.0,32.0,station
2024-08-16,31.2,31.5,32.2,31.0,32.0,31.8,31.6,31.4,30.9,29.6,31.58,0.51,0.52,80,100,23.5,11.7,1.2,-0.7158,-0.6983,31.8,31.0,31.0,station
2024-08-17,29.9,30.0,30.8,31.7,30.4,31.7,31.0,30.3,31.3,29.6,30.56,0.73,-0.22,78,100,21.0,11.22,1.4,-0.7277,-0.6859,31.3,31.0,31.0,station
2024-08-18,30.6,30.3,30.4,31.6,27.9,29.4,29.4,31.9,29.8,27.9,30.16,1.36,0.48,78,91,25.4,19.08,2.1,-0.7394,-0.6733,32.4,31.0,31.0,station
2024-08-19,31.7,30.8,32.7,31.0,28.0,32.0,30.8,32.6,30.7,28.8,30.84,1.75,-0.14,77,59,25.5,19.66,1.0,-0.7509,-0.6605,32.2,33.0,33.0,station
2024-08-20,32.7,31.3,32.3,31.9,30.9,32.5,30.9,32.0,30.3,28.7,31.82,0.73,0.94,74,49,26.4,17.96,1.0,-0.7621,-0.6474,32.7,31.0,31.0,station
2024-08-21,32.5,32.1,32.6,33.9,31.8,33.5,32.1,32.2,33.5,32.0,32.58,0.8,-0.08,74,71,25.6,12.93,0.2,-0.7731,-0.6342,32.0,33.0,33.0,station
2024-08-22,34.0,32.6,32.7,34.7,32.8,33.4,32.4,33.0,34.1,33.4,33.36,0.94,0.1,69,36,24.8,20.53,0.0,-0.7839,-0.6208,35.1,34.0,34.0,station
2024-08-23,34.9,33.0,32.5,34.1,33.1,34.1,32.5,32.4,34.0,34.7,33.52,0.97,-0.02,71,47,26.1,18.53,0.0,-0.7945,-0.6073,34.0,33.0,33.0,station
2024-08-24,34.5,32.7,32.5,34.5,33.4,34.1,32.6,32.1,34.6,34.2,33.52,0.95,-0.0,72,65,27.9,20.2,0.0,-0.8048,-0.5935,34.5,34.0,34.0,station
2024-08-25,34.9,32.7,32.5,34.5,33.8,34.7,32.4,31.9,35.5,33.8,33.68,1.06,0.02,71,75,27.9,21.31,0.1,-0.8149,-0.5796,34.7,34.0,34.0,station
2024-08-26,35.8,32.6,33.1,35.0,34.8,36.8,32.8,33.3,36.0,34.4,34.26,1.35,-0.4,70,100,29.9,21.56,0.5,-0.8248,-0.5655,34.9,35.0,35.0,station
2024-08-27,33.2,30.1,36.5,36.8,35.0,35.9,31.6,36.9,38.0,35.5,34.32,2.76,-1.26,81,100,22.9,10.02,68.8,-0.8344,-0.5512,32.5,33.0,33.0,station
2024-08-28,29.0,28.0,30.2,28.3,30.0,29.1,27.5,28.9,28.6,30.6,29.1,0.98,0.16,86,100,24.3,4.41,26.2,-0.8437,-0.5368,28.3,29.0,29.0,station
2024-08-29,32.4,29.5,32.0,28.4,28.6,29.5,28.4,30.7,28.4,31.5,30.18,1.9,0.48,88,100,23.3,5.07,32.5,-0.8528,-0.5222,29.6,29.0,29.0,station
2024-08-30,29.3,28.8,31.5,28.6,27.7,29.9,29.5,31.4,29.1,27.2,29.18,1.42,-0.24,83,92,49.0,13.22,12.5,-0.8617,-0.5074,30.0,29.0,29.0,station
2024-08-31,28.3,28.6,32.8,29.0,27.0,30.0,28.5,30.3,27.6,27.5,29.14,2.18,0.36,87,88,43.9,7.88,11.2,-0.8703,-0.4925,28.4,30.0,30.0,station
2024-09-01,29.1,30.7,32.9,32.6,31.3,30.5,30.9,33.2,32.4,28.4,31.32,1.54,0.24,88,44,19.7,17.87,2.2,-0.8786,-0.4775,30.0,32.0,32.0,station
2024-09-02,32.0,31.3,33.4,32.6,32.3,32.4,30.9,33.7,32.1,32.3,32.32,0.77,0.04,86,32,17.4,20.34,0.0,-0.8867,-0.4623,30.7,32.0,32.0,station
2024-09-03,32.5,31.7,32.5,32.6,33.0,32.8,31.7,32.4,33.9,32.8,32.46,0.47,-0.26,86,48,23.5,21.73,0.0,-0.8945,-0.447,31.4,33.0,33.0,station
2024-09-04,31.0,31.4,32.6,33.2,32.3,31.4,31.3,30.8,32.9,33.8,32.1,0.89,0.06,83,93,20.8,15.24,0.2,-0.9021,-0.4315,30.6,34.0,34.0,station
2024-09-05,31.1,31.3,32.4,32.3,31.6,30.8,31.6,32.2,32.6,32.4,31.74,0.59,-0.18,84,53,29.7,18.53,0.0,-0.9094,-0.4159,30.8,31.0,31.0,station
2024-09-06,31.2,31.0,31.7,32.1,31.7,30.9,31.4,32.2,32.5,31.1,31.54,0.44,-0.08,85,51,25.8,14.67,0.2,-0.9164,-0.4002,30.5,30.0,30.0,station
2024-09-07,30.2,30.7,31.7,32.4,32.0,30.8,31.0,32.0,33.6,32.6,31.4,0.92,-0.6,85,43,21.0,15.2,0.1,-0.9232,-0.3844,29.9,31.0,31.0,station
2024-09-08,31.7,30.8,31.7,33.2,33.0,31.3,31.0,31.7,32.8,33.1,32.08,1.0,0.1,85,46,22.0,18.6,0.0,-0.9296,-0.3685,30.8,32.0,32.0,station
2024-09-09,30.9,30.8,31.8,32.7,32.1,31.2,30.8,31.8,32.7,32.2,31.66,0.81,-0.08,83,38,25.4,18.6,0.0,-0.9358,-0.3524,31.1,32.0,32.0,station
2024-09-10,31.2,31.2,30.6,32.7,32.7,32.1,31.4,30.7,32.6,32.2,31.68,0.96,-0.12,83,32,21.8,17.02,0.1,-0.9418,-0.3363,31.0,32.0,32.0,station
2024-09-11,32.3,31.5,31.2,32.8,32.7,32.3,31.6,30.5,33.1,33.0,32.1,0.72,0.0,83,20,19.6,19.72,0.0,-0.9474,-0.32,31.6,33.0,33.0,station
2024-09-12,31.6,31.0,31.4,32.2,33.3,31.9,31.4,31.3,32.1,33.6,31.9,0.89,-0.16,80,25,25.3,19.6,0.0,-0.9528,-0.3037,31.6,32.0,32.0,station
2024-09-13,31.6,30.8,30.3,31.4,32.6,31.6,30.7,30.6,31.8,32.6,31.34,0.87,-0.12,75,36,31.1,17.55,0.0,-0.9579,-0.2873,31.1,32.0,32.0,station
2024-09-14,31.9,30.6,30.6,32.0,32.7,31.8,30.7,30.9,31.9,32.8,31.56,0.93,-0.06,73,30,31.9,19.32,0.0,-0.9627,-0.2707,31.6,31.0,31.0,station
2024-09-15,31.9,30.9,30.6,32.0,32.2,31.7,30.6,30.5,32.3,32.7,31.52,0.72,-0.04,72,40,27.1,16.37,0.0,-0.9672,-0.2541,31.2,31.0,31.0,station
2024-09-16,32.2,30.8,30.5,32.7,31.5,32.3,31.0,30.3,32.5,31.8,31.54,0.92,-0.04,76,57,26.4,11.76,0.0,-0.9714,-0.2375,30.5,32.0,32.0,station
2024-09-17,33.1,31.2,31.8,32.0,32.4,33.1,31.5,31.0,32.9,32.3,32.1,0.71,-0.06,76,18,25.2,20.23,0.0,-0.9753,-0.2207,32.6,33.0,33.0,station
2024-09-18,34.1,31.9,30.9,32.8,32.9,33.9,31.9,31.4,32.6,32.9,32.52,1.2,-0.02,78,19,22.9,21.24,0.0,-0.979,-0.2039,33.6,33.0,33.0,station
2024-09-19,34.6,32.5,33.3,34.2,33.5,35.2,32.4,32.6,33.9,34.8,33.62,0.82,-0.16,78,14,23.7,21.75,0.0,-0.9824,-0.187,33.7,34.0,34.0,station
2024-09-20,35.6,32.8,33.7,34.5,34.6,34.8,32.4,33.5,34.1,35.2,34.24,1.05,0.24,78,16,24.8,21.85,0.0,-0.9854,-0.1701,34.3,34.0,34.0,station
2024-09-21,33.3,31.8,32.4,33.3,33.4,33.4,31.8,31.8,33.4,33.7,32.84,0.71,0.02,75,29,26.0,21.57,0.0,-0.9882,-0.1531,33.0,34.0,34.0,station
2024-09-22,34.2,32.0,31.5,33.2,33.4,33.7,31.7,31.7,33.5,33.3,32.86,1.09,0.08,72,11,25.4,21.28,0.0,-0.9907,-0.1361,33.3,34.0,34.0,station
2024-09-23,34.0,32.3,31.8,33.9,33.8,34.0,32.2,31.5,33.8,33.6,33.16,1.03,0.14,72,30,26.0,20.87,0.0,-0.9929,-0.1191,33.5,34.0,34.0,station
2024-09-24,34.2,32.8,32.3,34.5,34.1,34.5,32.5,31.9,34.9,34.5,33.58,0.97,-0.08,72,65,26.4,21.21,0.0,-0.9948,-0.102,33.8,34.0,34.0,station
2024-09-25,35.1,32.3,33.3,34.4,33.8,34.9,32.2,32.2,36.0,34.3,33.78,1.07,-0.14,74,50,24.6,20.74,0.0,-0.9964,-0.0848,33.9,34.0,34.0,station
2024-09-26,35.3,32.9,34.0,34.8,35.2,35.2,32.8,33.6,36.0,35.1,34.44,1.0,-0.1,73,42,24.9,20.39,0.0,-0.9977,-0.0677,34.7,35.0,35.0,station
2024-09-27,34.8,32.5,33.1,34.1,34.5,35.5,32.5,33.2,34.8,35.7,33.8,0.97,-0.54,75,55,27.5,21.19,0.0,-0.9987,-0.0505,34.1,35.0,35.0,station
2024-09-28,34.2,32.3,32.2,33.6,33.8,34.1,32.0,32.0,34.0,34.8,33.22,0.91,-0.16,73,54,25.1,20.38,0.0,-0.9994,-0.0333,34.4,33.0,33.0,station
2024-09-29,34.1,32.6,32.6,34.5,34.0,34.5,32.5,32.1,34.9,35.0,33.56,0.9,-0.24,73,27,25.0,19.52,0.0,-0.9999,-0.0161,33.9,35.0,35.0,station
2024-09-30,34.3,32.6,33.5,33.9,33.8,34.5,32.8,32.7,35.2,35.0,33.62,0.64,-0.42,73,10,24.4,20.92,0.0,-1.0,0.0011,34.1,35.0,35.0,station
2024-10-01,34.5,32.5,32.9,34.5,33.9,34.5,32.4,32.9,34.5,33.8,33.66,0.92,0.04,75,10,25.2,21.04,0.0,-0.9998,0.0183,34.7,34.0,34.0,station
2024-10-02,34.7,32.6,33.1,34.0,33.6,34.0,32.2,32.6,33.9,33.3,33.6,0.81,0.4,77,15,27.8,20.88,0.0,-0.9994,0.0355,34.3,35.0,35.0,station
2024-10-03,34.0,32.3,32.7,33.8,33.8,33.7,32.2,32.8,33.3,33.0,33.32,0.77,0.32,77,16,29.9,20.33,0.0,-0.9986,0.0527,33.7,34.0,34.0,station
2024-10-04,33.7,31.7,32.4,32.8,33.5,33.7,31.6,32.8,33.1,33.2,32.82,0.82,-0.06,77,21,31.9,17.9,0.0,-0.9976,0.0698,33.3,33.0,33.0,station
2024-10-05,34.2,31.6,31.9,33.8,33.5,33.8,31.6,32.1,33.3,33.3,33.0,1.17,0.18,76,30,25.7,18.0,0.0,-0.9962,0.087,33.7,32.0,32.0,station
2024-10-06,34.2,32.3,32.8,33.9,33.5,33.5,32.1,33.4,34.0,33.9,33.34,0.78,-0.04,76,21,25.2,19.53,0.0,-0.9946,0.1041,33.8,33.0,33.0,station
2024-10-07,36.4,35.4,34.5,37.5,35.6,36.0,34.5,33.1,37.4,34.7,35.88,1.13,0.74,62,1,19.0,20.76,0.0,-0.9926,0.1212,36.3,37.0,37.0,station
2024-10-08,39.0,37.4,36.8,38.9,36.6,37.9,36.8,37.7,38.2,36.7,37.74,1.14,0.28,44,8,23.4,19.56,0.0,-0.9904,0.1383,38.9,38.0,38.0,station
2024-10-09,38.6,37.1,37.7,38.2,37.4,38.9,36.5,36.7,38.5,36.1,37.8,0.6,0.46,41,7,16.4,19.43,0.0,-0.9879,0.1553,39.1,39.0,39.0,station
2024-10-10,38.2,37.1,36.5,38.4,37.3,38.7,36.8,35.6,39.0,37.7,37.5,0.79,-0.06,47,6,24.4,18.95,0.0,-0.9851,0.1722,38.5,39.0,39.0,station
2024-10-11,39.5,36.6,32.5,39.1,38.3,39.7,36.5,36.5,39.4,37.9,37.2,2.85,-0.8,38,11,14.0,19.31,0.0,-0.9819,0.1892,39.7,38.0,38.0,station
2024-10-12,38.5,35.7,34.3,39.5,37.8,38.7,34.0,34.8,39.7,38.5,37.16,2.12,0.02,47,25,20.9,20.18,0.0,-0.9785,0.206,38.9,38.0,38.0,station
2024-10-13,35.1,33.8,33.8,38.5,38.0,37.6,34.0,35.0,38.1,37.5,35.84,2.27,-0.6,60,83,19.0,14.41,0.0,-0.9749,0.2228,36.2,35.0,35.0,station
2024-10-14,36.4,31.8,33.5,35.1,36.7,37.3,32.2,36.0,38.7,37.3,34.7,2.06,-1.6,55,99,19.2,8.2,0.0,-0.9709,0.2396,34.6,34.0,34.0,station
2024-10-15,37.3,35.4,36.1,38.2,37.1,37.7,35.0,36.4,38.2,37.5,36.82,1.09,-0.14,51,51,25.1,19.26,0.0,-0.9666,0.2562,38.3,38.0,38.0,station
2024-10-16,38.3,35.3,34.8,36.4,36.8,37.1,34.2,34.7,37.6,36.6,36.32,1.37,0.28,59,23,28.0,19.56,0.0,-0.9621,0.2728,38.6,37.0,37.0,station
2024-10-17,37.3,34.7,35.1,35.6,36.0,37.0,34.0,34.4,35.6,36.3,35.74,1.0,0.28,71,28,25.6,18.26,0.0,-0.9572,0.2893,36.6,37.0,37.0,station
2024-10-18,38.1,35.4,33.1,37.6,36.3,38.2,34.7,34.4,39.4,37.0,36.1,1.99,-0.64,67,13,21.2,19.47,0.0,-0.9521,0.3057,37.7,36.0,36.0,station
2024-10-19,38.6,37.1,37.2,39.1,37.9,39.2,36.7,36.3,39.4,38.3,37.98,0.87,0.0,50,3,24.9,19.25,0.0,-0.9467,0.3221,38.6,38.0,38.0,station
2024-10-20,38.3,36.3,35.3,38.0,37.0,38.2,35.8,37.4,38.9,37.5,36.98,1.23,-0.58,49,0,25.4,19.28,0.0,-0.941,0.3383,38.7,38.0,38.0,station
2024-10-21,37.9,35.2,35.4,36.7,36.0,37.4,34.1,34.2,37.2,36.9,36.24,1.1,0.28,67,7,29.8,18.6,0.0,-0.9351,0.3545,37.6,37.0,37.0,station
2024-10-22,38.4,35.5,35.6,37.6,35.8,37.9,34.7,35.8,37.1,36.3,36.58,1.33,0.22,63,0,29.5,19.35,0.0,-0.9288,0.3705,38.6,38.0,38.0,station
2024-10-23,38.5,35.1,37.1,37.2,36.2,38.2,35.2,37.1,37.7,37.5,36.82,1.26,-0.32,64,4,23.6,18.21,0.0,-0.9223,0.3864,37.7,37.0,37.0,station
2024-10-24,37.9,36.7,36.1,39.4,36.2,38.5,36.1,36.8,38.4,36.5,37.26,1.39,0.0,50,0,23.3,19.1,0.0,-0.9155,0.4022,38.3,39.0,39.0,station
2024-10-25,39.1,36.8,37.5,39.4,37.3,39.3,36.0,37.3,39.5,36.7,38.02,1.16,0.26,48,25,20.7,19.06,0.0,-0.9085,0.4179,39.0,39.0,39.0,station
2024-10-26,39.7,35.0,36.7,39.1,37.2,39.6,34.4,37.6,40.0,37.3,37.54,1.9,-0.24,65,3,20.7,18.75,0.0,-0.9012,0.4335,38.8,39.0,39.0,station
2024-10-27,39.8,35.8,37.7,38.2,37.6,38.5,35.2,38.4,39.1,37.4,37.82,1.43,0.1,62,17,21.5,18.82,0.0,-0.8936,0.4489,39.2,39.0,39.0,station
2024-10-28,39.0,34.9,35.9,40.1,36.4,38.8,34.2,36.9,40.2,37.3,37.26,2.19,-0.22,74,1,18.2,18.86,0.0,-0.8857,0.4642,36.9,37.0,37.0,station
2024-10-29,35.6,33.1,34.2,35.0,35.3,37.0,32.9,36.4,35.8,34.9,34.64,1.01,-0.76,80,36,21.0,17.95,0.0,-0.8776,0.4794,34.3,34.0,34.0,station
2024-10-30,35.9,32.9,32.7,33.6,34.7,35.4,32.8,32.1,35.5,35.3,33.96,1.34,-0.26,81,37,23.2,18.22,0.0,-0.8692,0.4944,34.2,34.0,34.0,station
2024-10-31,36.4,33.4,34.2,35.7,35.0,36.7,33.6,33.0,36.5,35.5,34.94,1.19,-0.12,75,41,20.5,17.68,0.0,-0.8606,0.5093,35.5,35.0,35.0,station
2024-11-01,37.0,34.4,34.8,37.3,35.6,37.3,33.9,34.2,37.8,35.4,35.82,1.29,0.1,67,20,20.5,18.1,0.0,-0.8517,0.524,36.7,37.0,37.0,station
2024-11-02,35.6,33.0,32.8,36.0,34.9,34.9,32.6,33.0,36.2,35.7,34.46,1.48,-0.02,78,2,19.6,17.96,0.0,-0.8426,0.5386,34.2,35.0,35.0,station
2024-11-03,34.6,32.5,31.1,33.4,34.7,34.6,31.9,31.2,33.4,34.5,33.26,1.51,0.14,79,38,16.0,16.46,0.0,-0.8332,0.553,33.5,34.0,34.0,station
2024-11-04,35.5,33.0,32.0,35.4,34.0,35.4,32.6,31.8,35.7,35.2,33.98,1.52,-0.16,70,26,20.0,17.63,0.0,-0.8235,0.5672,34.7,35.0,35.0,station
2024-11-05,35.4,32.7,32.6,35.0,34.2,35.5,32.7,32.2,35.3,35.0,33.98,1.29,-0.16,69,13,18.4,17.37,0.0,-0.8137,0.5813,34.3,35.0,35.0,station
2024-11-06,36.1,33.1,34.2,35.9,35.2,36.2,33.0,33.7,36.6,35.0,34.9,1.25,0.0,69,0,20.3,17.51,0.0,-0.8035,0.5952,35.5,36.0,36.0,station
2024-11-07,35.0,31.9,32.4,34.6,35.0,35.2,31.8,32.8,35.5,35.1,33.78,1.51,-0.3,80,12,21.9,16.97,0.0,-0.7932,0.609,33.3,34.0,34.0,station
2024-11-08,34.2,31.5,32.1,33.0,34.5,34.5,31.3,32.2,34.7,34.7,33.06,1.3,-0.42,79,9,20.0,16.64,0.0,-0.7826,0.6225,33.0,33.0,33.0,station
2024-11-09,33.8,31.4,31.6,33.4,33.9,34.2,31.5,31.8,34.3,34.4,32.82,1.22,-0.42,78,4,18.6,16.71,0.0,-0.7718,0.6359,32.3,34.0,34.0,station
2024-11-10,33.5,31.0,31.8,34.4,33.4,33.7,31.0,31.7,34.4,33.6,32.82,1.38,-0.06,76,17,19.8,16.46,0.0,-0.7607,0.6491,32.6,33.0,33.0,station
2024-11-11,33.9,30.9,31.9,32.9,33.0,33.6,30.6,32.2,34.2,33.3,32.52,1.15,-0.26,77,14,19.8,15.95,0.0,-0.7494,0.6621,32.9,33.0,33.0,station
2024-11-12,33.0,30.9,30.9,32.4,32.7,33.1,30.5,30.4,32.6,32.7,31.98,1.01,0.12,76,14,18.9,15.92,0.0,-0.7379,0.6749,32.2,32.0,32.0,station
2024-11-13,32.6,30.9,30.5,33.4,32.4,33.1,30.9,30.2,33.6,32.6,31.96,1.22,-0.12,64,10,12.1,16.61,0.0,-0.7262,0.6875,33.1,33.0,33.0,station
2024-11-14,32.4,31.3,30.6,33.5,32.9,32.3,31.0,30.3,33.9,32.8,32.14,1.18,0.08,58,2,14.8,16.29,0.0,-0.7143,0.6998,33.1,33.0,33.0,station
2024-11-15,32.0,31.1,31.0,33.8,32.3,32.1,31.1,30.8,33.8,33.1,32.04,1.13,-0.14,49,0,9.5,16.56,0.0,-0.7021,0.712,33.0,33.0,33.0,station
2024-11-16,31.9,30.8,31.9,34.1,33.2,31.9,30.8,31.7,33.9,32.9,32.38,1.28,0.14,62,2,7.8,15.5,0.0,-0.6898,0.724,33.1,33.0,33.0,station
2024-11-17,32.5,30.9,31.1,33.2,33.1,32.0,31.1,31.6,33.5,33.2,32.16,1.09,-0.12,65,11,9.4,15.65,0.0,-0.6772,0.7358,33.8,33.0,33.0,station
2024-11-18,31.9,31.7,32.6,33.2,32.5,32.0,31.5,32.6,32.8,32.6,32.38,0.6,0.08,53,7,8.6,16.02,0.0,-0.6645,0.7473,33.4,33.0,33.0,station
2024-11-19,32.2,31.0,31.4,32.8,32.4,32.3,31.1,31.7,32.8,32.6,31.96,0.74,-0.14,49,0,10.2,16.02,0.0,-0.6515,0.7586,33.1,32.0,32.0,station
2024-11-20,31.7,30.0,31.5,32.4,31.9,31.9,30.1,32.1,31.8,32.0,31.5,0.9,-0.08,54,0,9.2,16.04,0.0,-0.6384,0.7697,32.8,31.0,31.0,station
2024-11-21,31.9,29.9,30.8,32.0,31.4,31.7,29.5,30.9,31.7,31.6,31.2,0.87,0.12,63,0,9.8,15.67,0.0,-0.625,0.7806,31.8,32.0,32.0,station
2024-11-22,31.0,29.6,30.2,32.1,31.2,31.2,29.7,30.4,31.9,30.8,30.82,0.96,0.02,66,5,8.8,15.21,0.0,-0.6115,0.7912,31.7,32.0,32.0,station
2024-11-23,30.8,29.4,29.9,32.1,31.2,30.6,29.5,30.0,31.4,30.7,30.68,1.07,0.24,66,9,8.1,15.06,0.0,-0.5978,0.8016,31.4,31.0,31.0,station
2024-11-24,31.4,30.1,29.0,32.1,31.4,30.9,30.0,28.7,32.1,31.7,30.8,1.24,0.12,66,35,8.2,14.66,0.0,-0.584,0.8118,31.8,32.0,32.0,station
2024-11-25,31.2,31.0,30.5,32.3,32.2,30.8,30.9,31.2,32.2,31.7,31.44,0.78,0.08,48,2,7.3,15.7,0.0,-0.5699,0.8217,32.1,32.0,32.0,station
2024-11-26,31.8,30.0,31.5,31.9,32.9,32.0,30.3,32.2,32.7,32.7,31.62,1.05,-0.36,51,0,9.7,15.47,0.0,-0.5557,0.8314,32.7,32.0,32.0,station
2024-11-27,31.9,29.9,30.4,31.3,32.3,31.7,29.5,30.7,32.3,32.6,31.16,1.0,-0.2,67,2,10.4,14.54,0.0,-0.5413,0.8408,31.7,31.0,31.0,station
2024-11-28,31.0,29.3,30.8,32.6,31.6,31.0,29.1,29.9,32.2,31.6,31.06,1.21,0.3,72,4,10.1,14.44,0.0,-0.5268,0.85,31.5,30.0,30.0,station
2024-11-29,31.1,29.2,30.6,32.0,31.7,31.0,28.7,30.8,32.4,32.2,30.92,1.1,-0.1,69,4,8.9,14.87,0.0,-0.5121,0.859,31.8,31.0,31.0,station
2024-11-30,29.9,29.1,31.1,30.7,31.5,30.2,28.7,30.7,31.3,31.6,30.46,0.96,-0.04,57,2,10.1,14.95,0.0,-0.4972,0.8676,30.7,31.0,31.0,station
2024-12-01,29.4,28.8,29.8,30.0,30.6,29.7,29.3,30.8,30.4,30.7,29.72,0.67,-0.46,45,1,6.7,15.03,0.0,-0.4822,0.8761,30.2,31.0,31.0,station
2024-12-02,29.5,29.3,29.5,30.4,30.4,29.2,29.0,27.6,30.0,30.7,29.82,0.54,0.52,44,0,11.4,15.12,0.0,-0.4671,0.8842,30.2,31.0,31.0,station
2024-12-03,29.1,27.7,30.9,30.5,30.2,29.0,28.7,31.0,29.5,30.0,29.68,1.29,0.04,48,1,16.3,15.02,0.0,-0.4518,0.8921,29.8,30.0,30.0,station
2024-12-04,28.8,27.6,30.1,28.9,29.6,28.7,28.1,30.4,29.4,29.0,29.0,0.95,-0.12,46,4,16.6,14.99,0.0,-0.4364,0.8998,29.2,30.0,30.0,station
2024-12-05,29.0,27.5,28.4,29.6,29.4,29.1,27.3,29.5,29.4,29.9,28.78,0.85,-0.26,51,19,9.1,15.07,0.0,-0.4208,0.9071,29.8,29.0,29.0,station
2024-12-06,28.8,28.2,28.1,29.6,28.7,29.3,27.8,29.2,29.0,28.4,28.68,0.6,-0.06,58,43,7.7,15.09,0.0,-0.4052,0.9142,29.8,30.0,30.0,station
2024-12-07,27.8,27.8,29.3,28.1,27.2,27.8,27.9,29.2,28.1,26.2,28.04,0.78,0.2,43,0,8.5,15.75,0.0,-0.3894,0.9211,28.1,30.0,30.0,station
2024-12-08,26.7,26.7,28.7,27.3,28.3,26.1,27.0,28.7,27.5,26.5,27.54,0.92,0.38,24,0,11.1,15.9,0.0,-0.3735,0.9276,27.6,29.0,29.0,station
2024-12-09,26.3,25.0,26.1,26.8,26.9,26.0,24.6,26.2,26.1,25.6,26.22,0.76,0.52,26,0,10.5,15.76,0.0,-0.3575,0.9339,27.0,27.0,27.0,station
2024-12-10,24.9,24.1,25.7,25.1,25.5,24.4,23.7,25.7,24.3,24.7,25.06,0.62,0.5,31,0,9.3,15.54,0.0,-0.3413,0.9399,25.3,26.0,26.0,station
2024-12-11,25.0,24.6,25.4,25.8,26.5,25.0,24.5,25.6,25.6,26.3,25.46,0.73,0.06,38,2,7.6,15.25,0.0,-0.3251,0.9457,25.5,26.0,26.0,station
2024-12-12,24.0,23.6,24.5,24.8,25.3,24.1,23.9,24.8,24.5,25.0,24.44,0.67,-0.02,33,0,10.3,15.4,0.0,-0.3088,0.9511,24.6,25.0,25.0,station
2024-12-13,23.5,23.1,24.4,24.5,23.9,22.9,22.9,24.6,24.3,23.3,23.88,0.59,0.28,29,9,19.6,15.55,0.0,-0.2924,0.9563,23.6,24.0,24.0,station
2024-12-14,24.1,24.1,25.2,25.0,25.1,24.0,24.1,25.3,24.4,24.3,24.7,0.55,0.28,29,0,14.8,15.47,0.0,-0.2759,0.9612,24.4,25.0,25.0,station
2024-12-15,25.2,25.3,26.0,26.0,26.5,25.1,25.2,26.3,26.1,26.2,25.8,0.54,0.02,29,0,8.1,15.45,0.0,-0.2593,0.9658,25.6,27.0,27.0,station
2024-12-16,26.0,25.3,25.4,27.1,26.6,25.8,25.4,26.3,26.5,26.5,26.08,0.77,-0.02,36,0,7.4,15.15,0.0,-0.2427,0.9701,26.5,28.0,28.0,station
2024-12-17,26.0,25.0,26.8,26.5,26.8,25.6,24.9,26.9,26.3,26.2,26.22,0.76,0.24,37,12,13.8,15.15,0.0,-0.226,0.9741,26.6,27.0,27.0,station
2024-12-18,25.4,24.3,25.8,25.6,26.0,24.9,24.6,26.0,25.8,25.7,25.42,0.66,0.02,30,53,11.3,15.22,0.0,-0.2092,0.9779,25.8,26.0,26.0,station
2024-12-19,24.6,23.5,24.9,25.0,25.5,24.6,23.8,24.6,25.0,25.0,24.7,0.74,0.1,36,52,9.3,15.02,0.0,-0.1923,0.9813,25.0,26.0,26.0,station
2024-12-20,23.7,23.0,25.1,24.6,25.0,23.6,23.0,25.5,24.3,24.4,24.28,0.9,0.12,36,7,15.2,15.38,0.0,-0.1754,0.9845,24.1,25.0,25.0,station
2024-12-21,23.5,22.2,25.1,24.3,25.4,23.4,22.8,25.2,24.9,24.7,24.1,1.29,-0.1,34,4,14.4,15.61,0.0,-0.1585,0.9874,23.7,25.0,25.0,station
2024-12-22,23.5,22.9,23.9,24.2,24.5,23.7,22.8,24.0,24.5,25.3,23.8,0.62,-0.26,46,0,13.0,14.98,0.0,-0.1414,0.9899,24.7,25.0,25.0,station
2024-12-23,24.2,23.2,24.5,24.6,25.1,24.1,23.2,25.1,24.5,25.1,24.32,0.7,-0.08,51,0,8.3,14.82,0.0,-0.1244,0.9922,25.3,25.0,25.0,station
2024-12-24,23.2,21.7,24.5,23.2,24.0,23.0,22.5,25.0,23.2,23.8,23.32,1.06,-0.18,42,0,13.4,15.12,0.0,-0.1073,0.9942,23.9,23.0,23.0,station
2024-12-25,22.3,21.4,23.9,22.7,23.1,22.6,21.9,24.0,22.9,23.1,22.68,0.93,-0.22,44,0,15.7,15.11,0.0,-0.0902,0.9959,23.0,24.0,24.0,station
2024-12-26,22.9,22.0,24.5,23.2,24.0,22.8,22.0,24.7,23.4,23.9,23.32,0.97,-0.04,42,0,12.9,15.07,0.0,-0.073,0.9973,23.6,25.0,25.0,station
2024-12-27,24.4,23.7,25.6,25.0,24.6,24.5,23.6,25.8,24.6,24.3,24.66,0.71,0.1,39,0,7.2,15.37,0.0,-0.0559,0.9984,25.0,27.0,27.0,station
2024-12-28,24.9,24.7,25.2,25.7,25.3,24.9,24.2,26.1,25.3,25.4,25.16,0.38,-0.02,33,0,7.3,15.53,0.0,-0.0387,0.9993,25.7,26.0,26.0,station
2024-12-29,24.4,23.8,25.2,25.1,24.9,24.4,23.7,25.5,24.5,24.3,24.68,0.58,0.2,37,7,12.0,15.38,0.0,-0.0215,0.9998,24.7,26.0,26.0,station
2024-12-30,24.5,24.1,25.2,25.5,25.7,24.7,23.9,25.5,25.1,25.5,25.0,0.68,0.06,34,7,9.4,15.24,0.0,-0.0043,1.0,24.9,26.0,26.0,station
2024-12-31,25.1,23.8,25.4,26.0,26.1,25.8,23.8,26.0,26.0,26.5,25.28,0.93,-0.34,40,58,9.4,14.71,0.0,0.0129,0.9999,25.8,,,
2025-01-01,25.2,24.4,26.9,26.0,26.2,26.2,24.5,25.8,26.2,26.6,25.74,0.96,-0.12,40,60,9.9,14.98,0.0,0.0172,0.9999,26.0,26.0,26.0,station
2025-01-02,25.9,25.0,26.2,25.5,26.3,25.8,25.2,25.3,26.0,26.2,25.78,0.54,0.08,45,79,8.6,13.86,0.0,0.0344,0.9994,26.1,27.0,27.0,station
2025-01-03,25.4,24.3,25.0,25.8,25.6,25.5,25.0,25.6,25.9,25.9,25.22,0.59,-0.36,56,22,8.6,15.09,0.0,0.0516,0.9987,26.1,28.0,28.0,station
2025-01-04,23.6,23.3,24.0,24.0,22.7,23.6,23.4,23.9,24.4,22.7,23.52,0.54,-0.08,59,8,10.5,15.15,0.1,0.0688,0.9976,24.5,26.0,26.0,station
2025-01-05,23.6,22.8,24.3,23.8,23.5,23.0,22.9,23.3,23.8,22.2,23.6,0.54,0.56,48,0,8.6,15.6,0.0,0.0859,0.9963,24.1,24.0,24.0,station
2025-01-06,24.2,23.7,24.6,25.1,24.9,24.1,23.7,24.6,24.5,24.3,24.5,0.56,0.26,40,0,8.9,15.84,0.0,0.103,0.9947,24.8,25.0,25.0,station
2025-01-07,23.9,24.3,25.0,24.8,24.8,24.0,24.2,25.1,24.9,24.4,24.56,0.45,0.04,27,0,9.9,16.11,0.0,0.1201,0.9928,24.6,25.0,25.0,station
2025-01-08,24.9,24.0,23.3,26.0,24.7,24.8,23.8,23.9,25.8,24.3,24.58,1.01,0.06,39,0,6.8,16.1,0.0,0.1372,0.9905,25.3,26.0,26.0,station
2025-01-09,25.4,25.2,25.7,26.7,26.0,25.1,24.7,25.4,26.3,25.3,25.8,0.59,0.44,53,0,7.7,16.11,0.0,0.1542,0.988,25.5,26.0,26.0,station
2025-01-10,25.5,24.7,25.2,25.9,26.1,25.8,24.3,25.5,25.7,26.0,25.48,0.56,0.02,40,15,9.4,14.88,0.0,0.1712,0.9852,26.2,26.0,26.0,station
2025-01-11,25.8,25.5,26.3,26.6,26.7,25.7,25.2,26.5,26.3,26.3,26.18,0.52,0.18,44,0,8.7,15.85,0.0,0.1881,0.9821,26.5,27.0,27.0,station
2025-01-12,24.4,23.4,25.3,25.8,25.3,25.0,25.0,26.1,25.9,25.5,24.84,0.95,-0.66,36,0,12.6,16.01,0.0,0.205,0.9788,25.3,26.0,26.0,station
2025-01-13,22.7,22.0,24.2,23.6,24.0,23.4,22.0,24.6,24.0,24.2,23.3,0.93,-0.34,46,4,15.1,16.03,0.0,0.2218,0.9751,23.0,24.0,24.0,station
2025-01-14,24.2,23.0,24.7,24.0,25.3,24.7,23.3,24.9,24.5,25.3,24.24,0.86,-0.3,55,0,9.8,15.83,0.0,0.2385,0.9711,24.2,25.0,25.0,station
2025-01-15,24.9,24.2,25.4,25.1,25.7,24.8,23.7,25.7,24.5,25.0,25.06,0.57,0.32,50,2,9.0,15.61,0.0,0.2552,0.9669,25.2,25.0,25.0,station
2025-01-16,24.3,23.5,24.5,25.6,24.8,24.6,23.9,25.2,24.4,25.1,24.54,0.76,-0.1,53,0,8.5,16.15,0.0,0.2718,0.9624,24.8,25.0,25.0,station
2025-01-17,23.5,22.5,24.4,24.0,23.8,23.3,22.5,24.7,23.4,23.2,23.64,0.72,0.22,42,1,17.5,16.43,0.0,0.2883,0.9575,24.2,25.0,25.0,station
2025-01-18,23.9,22.7,25.3,25.0,25.3,24.1,22.9,25.6,24.6,24.8,24.44,1.13,0.04,38,2,14.2,16.42,0.0,0.3047,0.9524,24.7,25.0,25.0,station
2025-01-19,25.2,23.4,26.1,25.8,26.5,25.1,24.0,26.3,26.2,26.8,25.4,1.21,-0.28,37,0,11.3,16.31,0.0,0.3211,0.9471,25.8,26.0,26.0,station
2025-01-20,25.9,25.2,25.7,26.2,26.4,25.8,24.9,26.2,25.9,26.4,25.88,0.47,0.04,37,0,10.5,16.38,0.0,0.3373,0.9414,26.3,27.0,27.0,station
2025-01-21,26.1,24.8,24.2,26.5,25.4,25.9,24.4,24.2,25.9,26.1,25.4,0.94,0.1,50,0,9.6,16.5,0.0,0.3534,0.9355,26.6,27.0,27.0,station
2025-01-22,25.5,24.6,25.9,26.1,25.5,25.5,24.3,25.9,25.4,24.9,25.52,0.58,0.32,62,1,8.0,16.46,0.0,0.3695,0.9292,26.2,27.0,27.0,station
2025-01-23,25.9,25.5,25.8,26.3,26.0,25.9,25.8,25.8,26.2,25.8,25.9,0.29,0.0,36,0,13.0,17.01,0.0,0.3854,0.9227,26.4,27.0,27.0,station
2025-01-24,25.2,25.5,26.0,25.7,25.6,25.4,26.0,26.4,25.7,25.1,25.6,0.29,-0.12,28,0,16.9,17.31,0.0,0.4012,0.916,25.6,26.0,26.0,station
2025-01-25,26.1,26.4,27.0,26.9,26.9,26.1,26.5,27.1,26.3,26.5,26.66,0.39,0.16,26,0,10.2,17.55,0.0,0.4169,0.9089,26.6,28.0,28.0,station
2025-01-26,27.4,27.2,26.0,28.4,27.9,27.3,26.9,26.1,27.7,27.4,27.38,0.9,0.3,38,0,7.6,17.63,0.0,0.4325,0.9016,28.1,29.0,29.0,station
2025-01-27,28.9,27.9,28.3,30.0,27.5,28.7,27.4,27.9,29.2,27.5,28.52,0.98,0.38,51,0,8.9,17.63,0.0,0.4479,0.8941,29.6,31.0,31.0,station
2025-01-28,28.8,26.2,27.8,29.5,27.8,28.4,25.5,27.9,29.3,26.6,28.02,1.25,0.48,57,5,9.8,17.32,0.0,0.4633,0.8862,28.7,28.0,28.0,station
2025-01-29,29.4,27.1,29.6,29.1,28.9,29.3,27.1,29.4,28.9,28.6,28.82,1.0,0.16,78,23,10.4,16.73,0.0,0.4784,0.8781,28.5,28.0,28.0,station
2025-01-30,27.2,26.5,26.6,27.0,28.2,26.5,26.8,26.3,26.3,28.1,27.1,0.68,0.3,50,0,11.0,17.68,0.0,0.4935,0.8698,28.1,29.0,29.0,station
2025-01-31,25.3,24.8,25.4,25.2,24.6,25.3,24.9,25.1,25.1,24.5,25.06,0.34,0.08,29,0,11.2,18.2,0.0,0.5084,0.8611,25.6,26.0,26.0,station
2025-02-01,25.6,25.7,26.2,26.2,26.5,25.6,25.8,26.4,25.8,27.8,26.04,0.38,-0.24,41,0,8.6,18.17,0.0,0.5231,0.8523,26.1,26.0,26.0,station
2025-02-02,25.8,25.8,26.1,26.7,26.9,25.6,26.2,26.3,26.9,26.4,26.26,0.51,-0.02,28,0,18.6,18.08,0.0,0.5377,0.8432,26.5,27.0,27.0,station
2025-02-03,26.2,25.2,24.7,27.7,26.7,26.3,25.2,25.0,27.0,26.7,26.1,1.19,0.06,32,1,14.3,18.15,0.0,0.5521,0.8338,26.5,27.0,27.0,station
2025-02-04,26.0,24.8,25.3,26.2,26.7,25.7,24.8,26.1,26.0,26.5,25.8,0.75,-0.02,50,3,11.2,18.04,0.0,0.5664,0.8242,25.9,27.0,27.0,station
2025-02-05,26.8,26.0,25.5,26.9,27.3,26.2,25.8,24.9,26.3,27.1,26.5,0.73,0.44,42,0,10.2,18.85,0.0,0.5805,0.8143,27.6,27.0,27.0,station
2025-02-06,26.5,26.5,26.9,27.2,27.3,25.8,26.4,27.0,26.7,27.0,26.88,0.38,0.3,27,24,13.7,18.75,0.0,0.5944,0.8042,27.2,27.0,27.0,station
2025-02-07,27.5,26.7,28.1,27.9,28.4,27.3,26.5,27.6,27.3,27.8,27.72,0.66,0.42,20,46,15.5,18.81,0.0,0.6081,0.7938,28.2,28.0,28.0,station
2025-02-08,29.3,28.2,28.6,29.6,29.7,29.2,27.8,28.4,28.9,29.2,29.08,0.65,0.38,25,63,9.5,18.5,0.0,0.6217,0.7833,29.2,29.0,29.0,station
2025-02-09,29.5,27.7,27.1,28.8,28.8,29.4,27.4,27.2,29.2,29.8,28.38,0.96,-0.22,30,24,10.2,19.01,0.0,0.6351,0.7725,29.6,29.0,29.0,station
2025-02-10,28.2,25.9,27.8,26.8,27.6,28.9,26.5,28.7,28.2,29.1,27.26,0.92,-1.02,65,33,10.4,18.73,0.0,0.6483,0.7614,28.5,28.0,28.0,station
2025-02-11,30.4,27.9,29.2,29.6,28.8,29.8,27.3,29.1,29.1,28.8,29.18,0.93,0.36,70,27,11.6,18.61,0.0,0.6613,0.7502,30.6,30.0,30.0,station
2025-02-12,30.9,29.6,31.0,31.3,31.9,31.0,29.7,30.8,31.0,31.4,30.94,0.84,0.16,52,0,7.9,18.9,0.0,0.6741,0.7387,32.0,31.0,31.0,station
2025-02-13,31.5,28.3,29.3,31.4,30.7,31.9,28.6,29.8,30.5,30.2,30.24,1.4,0.04,41,0,10.8,19.08,0.0,0.6867,0.727,31.4,31.0,31.0,station
2025-02-14,33.9,28.8,30.9,31.8,31.6,33.4,28.3,31.0,30.6,31.7,31.4,1.83,0.4,59,23,11.9,18.95,0.0,0.6991,0.715,33.4,32.0,32.0,station
2025-02-15,33.0,28.7,29.9,31.4,31.1,31.6,28.5,30.1,30.9,30.0,30.82,1.62,0.6,60,20,12.4,19.03,0.0,0.7113,0.7029,32.6,31.0,31.0,station
2025-02-16,33.8,28.8,29.5,31.7,30.6,33.6,28.2,30.1,32.1,31.0,30.88,1.97,-0.12,62,9,12.2,18.36,0.0,0.7233,0.6906,33.5,31.0,31.0,station
2025-02-17,32.8,30.1,30.9,31.8,32.6,33.0,29.3,30.4,32.4,32.2,31.64,1.14,0.18,53,34,11.8,18.37,0.0,0.735,0.678,34.0,32.0,32.0,station
2025-02-18,32.9,28.8,32.1,32.5,32.6,32.6,29.6,31.5,31.5,32.4,31.78,1.69,0.26,50,37,11.7,19.24,0.0,0.7466,0.6653,33.2,32.0,32.0,station
2025-02-19,31.8,28.1,30.9,31.7,30.4,31.5,27.8,31.0,32.1,30.7,30.58,1.5,-0.04,55,31,19.3,19.58,0.0,0.7579,0.6523,31.5,31.0,31.0,station
2025-02-20,31.9,29.2,31.8,32.1,31.0,31.1,28.5,31.2,31.6,30.3,31.2,1.19,0.66,44,0,13.3,20.11,0.0,0.769,0.6392,32.9,31.0,31.0,station
2025-02-21,31.7,26.9,30.7,29.8,30.2,31.0,26.2,30.6,29.5,29.7,29.86,1.8,0.46,36,56,7.2,11.41,0.0,0.7799,0.6259,30.4,30.0,30.0,station
2025-02-22,31.0,28.7,29.2,30.9,30.7,31.1,29.0,29.5,31.5,30.7,30.1,1.07,-0.26,39,2,10.6,20.38,0.0,0.7906,0.6124,31.6,31.0,31.0,station
2025-02-23,30.6,27.0,29.1,30.4,30.1,30.6,27.0,30.1,30.6,30.0,29.44,1.48,-0.22,65,39,10.9,19.89,0.0,0.801,0.5987,30.3,29.0,29.0,station
2025-02-24,32.8,28.2,29.3,32.6,29.9,31.8,28.1,29.7,32.6,30.0,30.56,2.05,0.12,70,84,10.4,18.14,0.0,0.8112,0.5848,32.5,32.0,32.0,station
2025-02-25,31.9,27.3,27.9,31.0,29.0,32.7,27.8,28.9,30.1,29.6,29.42,1.98,-0.4,57,97,7.9,14.17,0.0,0.8211,0.5708,31.4,31.0,31.0,station
2025-02-26,33.0,28.4,29.9,30.4,29.7,33.3,27.8,30.1,31.5,29.7,30.28,1.69,-0.2,57,99,8.7,18.55,0.0,0.8308,0.5566,31.8,30.0,30.0,station
2025-02-27,30.4,25.6,28.5,27.1,28.2,30.2,26.0,29.1,29.7,28.9,27.96,1.78,-0.82,74,97,10.3,14.6,0.0,0.8402,0.5422,28.8,29.0,29.0,station
2025-02-28,29.4,26.6,27.8,29.2,28.1,29.2,26.5,27.5,28.5,28.4,28.22,1.14,0.2,71,87,17.8,18.66,0.0,0.8495,0.5277,29.0,29.0,29.0,station
2025-03-01,31.2,27.0,28.3,30.0,30.0,31.4,27.4,28.5,29.8,29.1,29.3,1.65,0.06,67,15,13.3,20.98,0.0,0.8584,0.513,30.3,30.0,30.0,station
2025-03-02,31.2,27.6,27.6,31.1,29.0,30.6,27.9,30.9,30.8,29.5,29.3,1.78,-0.64,66,14,14.4,20.68,0.0,0.8671,0.4981,30.8,30.0,30.0,station
2025-03-03,30.9,27.6,29.5,30.5,29.3,30.4,27.6,28.9,30.4,29.2,29.56,1.28,0.26,67,3,15.4,20.96,0.0,0.8755,0.4831,30.6,31.0,31.0,station
2025-03-04,29.9,28.4,29.3,30.9,27.7,29.3,28.4,29.0,29.5,26.9,29.24,1.25,0.62,27,1,13.8,23.01,0.0,0.8837,0.468,31.1,31.0,31.0,station
2025-03-05,31.4,29.8,29.9,31.2,29.5,30.7,29.3,29.6,31.1,28.2,30.36,0.87,0.58,19,0,9.0,22.75,0.0,0.8916,0.4527,31.3,31.0,31.0,station
2025-03-06,35.8,31.3,33.3,35.4,33.0,35.7,30.0,33.8,34.9,31.2,33.76,1.85,0.64,47,0,10.1,22.09,0.0,0.8993,0.4373,35.7,35.0,35.0,station
2025-03-07,38.1,32.8,35.7,36.8,35.3,38.4,32.6,37.2,37.3,34.2,35.74,1.97,-0.2,46,0,11.2,22.05,0.0,0.9067,0.4218,37.0,38.0,38.0,station
2025-03-08,37.2,34.3,35.9,37.2,37.3,37.0,34.5,35.0,36.9,36.5,36.38,1.3,0.4,34,2,13.3,21.92,0.0,0.9138,0.4061,38.0,38.0,38.0,station
2025-03-09,38.4,34.8,36.6,39.1,38.2,38.1,34.1,37.3,38.6,37.6,37.42,1.73,0.28,35,58,12.1,20.95,0.0,0.9207,0.3904,40.1,36.0,36.0,station
2025-03-10,39.0,34.1,36.8,39.1,37.8,38.8,33.5,37.8,38.8,38.1,37.36,2.05,-0.04,34,65,9.7,22.46,0.0,0.9272,0.3745,38.7,38.0,38.0,station
2025-03-11,38.7,34.1,35.3,38.1,38.2,38.9,33.3,36.5,38.7,37.3,36.88,2.05,-0.06,31,10,11.1,23.01,0.0,0.9335,0.3585,38.6,38.0,38.0,station
2025-03-12,37.1,31.9,33.8,33.8,35.5,36.8,31.3,34.6,34.1,36.1,34.42,1.97,-0.16,55,26,12.5,22.28,0.0,0.9396,0.3424,36.6,35.0,35.0,station
2025-03-13,36.5,31.4,33.1,35.3,35.3,36.6,31.0,32.9,35.3,33.9,34.32,2.04,0.38,54,2,14.8,22.32,0.0,0.9453,0.3261,36.9,36.0,36.0,station
2025-03-14,36.0,31.5,32.8,32.3,35.0,35.7,31.5,33.5,32.8,33.8,33.52,1.9,0.06,52,31,16.0,21.89,0.0,0.9508,0.3098,34.7,34.0,34.0,station
2025-03-15,34.4,31.6,33.0,33.8,32.9,34.5,31.6,32.9,33.6,32.9,33.14,1.06,0.04,48,20,15.6,22.88,0.0,0.956,0.2934,34.7,33.0,33.0,station
2025-03-16,33.3,30.7,33.0,33.7,33.1,33.6,31.1,32.9,33.0,32.3,32.76,1.18,0.18,40,0,15.4,23.49,0.0,0.9609,0.2769,33.8,32.0,32.0,station
2025-03-17,34.1,32.2,30.6,33.4,33.0,34.2,31.8,32.1,34.3,33.2,32.66,1.34,-0.46,31,19,14.3,23.42,0.0,0.9655,0.2604,34.4,33.0,33.0,station
2025-03-18,33.9,30.7,30.4,32.9,32.5,34.0,30.8,30.9,32.5,33.1,32.08,1.49,-0.18,47,11,12.5,23.15,0.0,0.9698,0.2437,33.3,34.0,34.0,station
2025-03-19,33.0,29.9,31.3,31.5,32.5,32.2,29.6,31.3,32.4,31.8,31.64,1.2,0.18,60,0,12.5,23.42,0.0,0.9739,0.227,33.0,33.0,33.0,station
2025-03-20,35.6,31.2,34.0,34.2,34.4,35.7,31.3,33.8,35.4,34.8,33.88,1.62,-0.32,63,11,12.6,22.1,0.0,0.9777,0.2102,35.5,33.0,33.0,station
2025-03-21,37.0,33.1,36.5,37.6,36.0,37.3,33.6,34.9,37.4,36.4,36.04,1.75,0.12,52,0,15.5,23.74,0.0,0.9811,0.1934,37.1,36.0,36.0,station
2025-03-22,37.3,32.0,34.1,35.6,34.6,36.7,31.8,35.4,37.0,35.3,34.72,1.95,-0.52,58,0,12.9,23.89,0.0,0.9843,0.1765,34.9,33.0,33.0,station
2025-03-23,37.7,32.4,33.7,35.5,35.7,37.9,31.6,35.1,35.2,36.4,35.0,2.03,-0.24,47,0,13.4,24.29,0.0,0.9872,0.1595,37.0,37.0,37.0,station
2025-03-24,36.3,32.3,32.9,35.7,34.3,35.9,31.6,33.2,36.6,34.8,34.3,1.73,-0.12,40,0,11.7,24.7,0.0,0.9898,0.1425,35.6,36.0,36.0,station
2025-03-25,33.2,29.3,30.4,31.6,32.1,32.9,29.5,30.0,30.8,32.9,31.32,1.51,0.1,67,13,13.4,22.82,0.0,0.9921,0.1255,32.6,31.0,31.0,station
2025-03-26,33.3,29.2,30.0,31.1,31.5,32.7,29.6,29.3,31.8,31.3,31.02,1.56,0.08,65,1,15.2,24.01,0.0,0.9941,0.1084,32.1,31.0,31.0,station
2025-03-27,33.5,31.5,32.8,34.0,32.6,32.9,32.0,33.0,33.3,32.5,32.88,0.95,0.14,40,0,16.1,25.3,0.0,0.9958,0.0913,34.2,34.0,34.0,station
2025-03-28,33.0,31.5,30.6,33.1,32.5,33.1,31.5,33.1,33.7,31.8,32.14,1.07,-0.5,22,45,15.1,25.59,0.0,0.9972,0.0741,34.0,33.0,33.0,station
2025-03-29,34.3,33.0,33.6,34.5,32.8,34.4,32.6,34.4,34.7,33.2,33.64,0.76,-0.22,16,50,11.2,23.15,0.0,0.9984,0.057,34.7,35.0,35.0,station
2025-03-30,36.4,33.5,34.1,37.4,36.0,36.9,33.7,34.9,37.0,36.0,35.48,1.63,-0.22,29,0,13.5,25.6,0.0,0.9992,0.0398,36.4,36.0,36.0,station
2025-03-31,37.5,34.3,33.3,37.3,37.0,38.3,34.9,34.5,37.9,37.6,35.88,1.94,-0.76,49,1,12.0,25.14,0.0,0.9997,0.0226,36.0,38.0,38.0,station
2025-04-01,38.6,35.0,38.2,39.4,38.3,37.9,35.0,35.3,38.4,37.5,37.9,1.69,1.08,53,0,13.0,25.12,0.0,1.0,0.0054,37.7,38.0,38.0,station
2025-04-02,39.2,35.2,33.1,39.7,37.0,39.0,34.8,33.1,38.8,37.1,36.84,2.76,0.28,45,1,13.7,25.29,0.0,0.9999,-0.0118,38.4,38.0,38.0,station
2025-04-03,39.7,33.8,35.1,36.8,36.3,38.5,33.8,33.5,38.2,35.9,36.34,2.21,0.36,55,2,13.5,24.62,0.0,0.9996,-0.029,36.6,35.0,35.0,station
2025-04-04,39.7,34.8,37.8,38.8,39.0,39.5,34.3,37.2,39.5,38.6,38.02,1.92,0.2,49,0,11.9,25.12,0.0,0.9989,-0.0462,39.2,38.0,38.0,station
2025-04-05,41.0,34.8,38.7,39.1,39.2,41.1,34.7,37.9,37.9,40.1,38.56,2.28,0.22,52,0,12.9,25.18,0.0,0.998,-0.0634,38.6,39.0,39.0,station
2025-04-06,40.3,35.1,36.9,40.1,38.1,40.5,35.0,36.8,38.9,38.2,38.1,2.2,0.22,36,0,18.2,25.58,0.0,0.9968,-0.0805,40.2,40.0,40.0,station
2025-04-07,38.1,33.8,34.7,36.7,37.0,38.0,33.6,34.7,39.4,37.2,36.06,1.76,-0.52,45,0,15.9,25.17,0.0,0.9952,-0.0977,36.9,36.0,36.0,station
2025-04-08,37.1,32.8,35.1,36.5,34.1,36.6,32.9,35.0,35.5,35.0,35.12,1.75,0.12,60,18,13.6,25.14,0.0,0.9934,-0.1148,34.5,34.0,34.0,station
2025-04-09,36.4,31.9,35.3,35.1,34.4,37.4,32.4,35.4,36.6,35.2,34.62,1.68,-0.78,65,51,14.6,24.78,0.0,0.9913,-0.1319,34.6,36.0,36.0,station
2025-04-10,36.8,31.4,34.4,33.4,33.7,36.0,31.5,33.7,33.4,33.4,33.94,1.95,0.34,69,31,15.0,24.56,0.0,0.9889,-0.1489,35.4,35.0,35.0,station
2025-04-11,36.5,32.2,33.1,33.0,34.2,36.6,31.9,32.5,33.4,33.4,33.8,1.67,0.24,70,13,14.3,25.14,0.0,0.9861,-0.1659,35.6,35.0,35.0,station
2025-04-12,40.0,33.3,36.0,37.4,36.6,39.7,33.6,34.7,36.5,36.3,36.66,2.42,0.5,59,0,15.2,25.7,0.0,0.9831,-0.1828,39.2,39.0,39.0,station
2025-04-13,38.6,32.9,34.8,36.0,35.6,38.6,33.0,34.5,36.9,35.9,35.58,2.07,-0.2,64,0,16.5,25.57,0.0,0.9799,-0.1997,36.8,36.0,36.0,station
2025-04-14,36.2,32.4,34.6,36.2,34.9,36.2,32.4,33.8,35.8,34.9,34.86,1.56,0.24,67,1,17.0,25.46,0.0,0.9763,-0.2165,35.7,36.0,36.0,station
2025-04-15,38.2,33.0,33.7,36.3,35.5,36.7,32.8,33.4,35.6,34.8,35.34,2.08,0.68,69,2,15.9,25.39,0.0,0.9724,-0.2333,37.0,37.0,37.0,station
2025-04-16,37.6,33.0,33.6,34.3,35.0,37.7,33.0,33.7,34.5,35.3,34.7,1.79,-0.14,64,1,17.3,25.53,0.0,0.9683,-0.25,37.1,35.0,35.0,station
2025-04-17,38.0,33.1,34.6,35.9,35.9,37.9,33.4,33.5,35.8,36.5,35.5,1.81,0.08,59,0,17.9,25.77,0.0,0.9638,-0.2666,37.3,38.0,38.0,station
2025-04-18,37.6,32.6,33.2,34.8,34.4,37.8,32.8,32.6,34.8,35.2,34.52,1.94,-0.12,64,0,16.7,25.98,0.0,0.9591,-0.2831,35.3,34.0,34.0,station
2025-04-19,39.9,33.4,36.4,37.5,35.4,38.9,33.1,36.0,38.3,35.9,36.52,2.42,0.08,53,0,14.3,25.93,0.0,0.9541,-0.2996,37.7,36.0,36.0,station
2025-04-20,39.8,36.4,38.5,40.6,37.4,39.7,36.3,37.6,39.9,37.3,38.54,1.71,0.38,33,0,15.4,26.82,0.0,0.9488,-0.316,40.5,40.0,40.0,station
2025-04-21,39.8,36.3,38.6,39.9,38.1,39.7,36.4,38.4,40.9,38.5,38.54,1.47,-0.24,37,0,14.5,26.79,0.0,0.9432,-0.3322,40.0,40.0,40.0,station
2025-04-22,41.1,36.6,39.1,41.8,38.8,41.0,36.6,39.0,41.1,39.8,39.48,2.06,-0.02,46,0,13.5,26.56,0.0,0.9373,-0.3484,40.3,38.0,38.0,station
2025-04-23,39.3,35.4,37.1,39.9,37.0,39.3,35.4,39.7,42.0,37.8,37.74,1.84,-1.1,56,0,11.9,26.63,0.0,0.9312,-0.3645,39.1,39.0,39.0,station
2025-04-24,39.7,34.2,35.7,38.0,37.1,39.0,34.3,36.0,38.4,36.6,36.94,2.11,0.08,62,0,13.7,26.21,0.0,0.9248,-0.3804,37.3,38.0,38.0,station
2025-04-25,38.3,34.2,36.8,35.8,36.0,38.2,34.2,36.4,36.2,35.8,36.22,1.5,0.06,69,8,14.1,25.97,0.0,0.9181,-0.3963,36.8,35.0,35.0,station
2025-04-26,44.1,35.9,39.9,39.5,38.9,42.3,35.6,36.5,39.1,37.1,39.66,2.94,1.54,47,2,17.6,26.43,0.0,0.9112,-0.412,43.1,39.0,39.0,station
2025-04-27,40.3,35.0,36.8,37.7,35.8,39.6,34.8,35.7,35.1,35.9,37.12,2.05,0.9,54,3,13.8,26.31,0.0,0.9039,-0.4276,38.5,36.0,36.0,station
2025-04-28,40.3,35.3,37.3,37.5,37.3,40.5,35.6,36.5,37.6,37.0,37.54,1.79,0.1,53,0,16.0,26.33,0.0,0.8965,-0.4431,39.1,38.0,38.0,station
2025-04-29,39.8,35.5,36.0,37.8,37.7,39.5,35.2,35.0,36.4,37.1,37.36,1.7,0.72,44,25,18.0,26.33,0.0,0.8887,-0.4585,38.6,39.0,39.0,station
2025-04-30,39.4,34.5,35.7,36.8,37.2,39.0,34.9,34.8,35.7,36.6,36.72,1.83,0.52,49,29,18.1,26.34,0.0,0.8807,-0.4737,39.0,39.0,39.0,station
2025-05-01,38.0,34.3,34.9,34.9,35.8,37.6,34.1,33.9,34.1,35.7,35.58,1.45,0.5,58,0,19.1,26.03,0.0,0.8724,-0.4888,36.3,36.0,36.0,station
2025-05-02,36.8,34.1,34.0,34.5,35.7,36.7,34.4,32.9,34.8,34.9,35.02,1.2,0.28,62,12,17.7,25.81,0.0,0.8639,-0.5037,36.1,35.0,35.0,station
2025-05-03,38.8,34.2,34.8,36.0,36.2,38.3,34.6,33.6,36.4,35.4,36.0,1.77,0.34,63,8,15.6,25.41,0.0,0.8551,-0.5185,37.9,38.0,38.0,station
2025-05-04,37.6,33.1,34.4,35.8,34.8,38.2,33.5,33.9,35.9,35.8,35.14,1.68,-0.32,66,12,17.3,25.47,0.0,0.846,-0.5331,36.7,34.0,34.0,station
2025-05-05,37.4,34.4,32.7,34.8,37.1,39.7,34.4,32.9,38.6,36.3,35.28,1.97,-1.1,60,11,13.7,25.17,0.0,0.8367,-0.5476,35.9,37.0,37.0,station
2025-05-06,39.7,35.3,32.1,36.5,36.3,38.1,35.0,32.4,34.4,35.2,35.98,2.73,0.96,61,7,12.9,24.85,0.0,0.8272,-0.5619,35.6,37.0,37.0,station
2025-05-07,38.6,35.1,32.8,34.8,34.0,37.5,35.5,31.8,33.6,34.6,35.06,2.17,0.46,66,14,14.8,24.03,0.2,0.8174,-0.5761,38.3,36.0,36.0,station
2025-05-08,36.0,34.1,33.6,35.5,33.9,36.3,34.4,32.6,34.9,33.7,34.62,1.06,0.24,69,9,13.4,25.12,0.0,0.8074,-0.59,34.5,34.0,34.0,station
2025-05-09,36.7,33.8,32.7,35.1,35.9,37.1,34.1,32.7,35.7,35.4,34.84,1.61,-0.16,65,18,13.9,24.99,0.0,0.7971,-0.6038,35.3,36.0,36.0,station
2025-05-10,36.6,34.1,35.3,35.9,34.8,37.6,33.7,33.9,35.2,35.3,35.34,0.97,0.2,64,6,14.5,25.62,0.0,0.7866,-0.6175,37.2,38.0,38.0,station
2025-05-11,37.3,33.4,34.7,34.6,34.6,36.1,33.4,33.0,34.6,35.1,34.92,1.43,0.48,71,16,15.6,25.83,0.0,0.7759,-0.6309,35.1,,,
2025-05-12,35.8,32.7,33.7,34.2,33.9,35.7,32.7,33.1,34.8,34.3,34.06,1.12,-0.06,72,32,15.2,20.44,0.0,0.7649,-0.6442,34.5,,,
2025-05-13,35.3,32.7,33.0,34.2,34.2,34.9,32.7,34.1,34.7,34.4,33.88,1.05,-0.28,73,10,14.9,24.21,0.0,0.7537,-0.6572,35.0,34.0,34.0,station
2025-05-14,36.9,34.2,35.3,35.1,35.4,35.5,34.0,35.2,34.2,34.5,35.38,0.97,0.7,72,2,14.5,25.97,0.0,0.7423,-0.6701,37.0,36.0,36.0,station
2025-05-15,36.9,34.1,33.9,35.3,37.1,36.0,34.1,35.6,34.8,35.6,35.46,1.51,0.24,72,0,15.2,26.19,0.0,0.7306,-0.6828,36.0,35.0,35.0,station
2025-05-16,36.2,34.0,32.2,34.5,34.7,36.0,33.7,33.1,35.0,35.2,34.32,1.44,-0.28,76,14,14.7,25.97,0.0,0.7188,-0.6952,35.0,35.0,35.0,station
2025-05-17,35.8,33.3,32.2,34.5,34.2,35.0,33.5,31.5,34.4,34.9,34.0,1.35,0.14,72,22,15.9,25.76,0.0,0.7067,-0.7075,34.3,34.0,34.0,station
2025-05-18,35.7,33.4,33.3,35.5,34.4,36.0,33.5,31.6,35.3,34.9,34.46,1.13,0.2,70,12,15.1,25.96,0.0,0.6945,-0.7195,34.5,35.0,35.0,station
2025-05-19,36.6,33.6,33.3,35.3,34.1,36.4,33.6,33.1,35.6,34.9,34.58,1.36,-0.14,70,12,15.5,25.44,0.0,0.682,-0.7314,34.4,34.0,34.0,station
2025-05-20,36.3,33.5,33.8,35.4,34.7,36.0,33.5,33.1,35.8,34.9,34.74,1.15,0.08,68,18,14.7,25.24,0.0,0.6693,-0.743,35.2,35.0,35.0,station
2025-05-21,36.6,33.3,34.7,35.7,34.8,36.6,33.6,34.3,36.3,35.1,35.02,1.23,-0.16,69,20,13.9,25.21,0.0,0.6564,-0.7544,35.5,36.0,36.0,station
2025-05-22,37.1,33.4,35.3,35.4,35.4,36.9,33.7,34.0,35.8,34.8,35.32,1.31,0.28,70,17,15.1,25.46,0.0,0.6433,-0.7656,35.0,36.0,36.0,station
2025-05-23,38.1,33.7,35.0,37.0,35.5,37.6,33.8,35.3,36.8,35.5,35.86,1.72,0.06,70,13,15.4,26.17,0.0,0.6301,-0.7765,37.2,37.0,37.0,station
2025-05-24,37.6,33.6,34.9,35.5,35.3,36.8,33.7,34.2,35.5,36.0,35.38,1.44,0.14,68,14,15.7,25.55,0.0,0.6166,-0.7873,36.0,37.0,37.0,station
2025-05-25,39.8,35.0,36.7,38.3,37.2,39.1,35.0,35.0,38.6,37.9,37.4,1.79,0.28,69,16,14.9,25.53,0.0,0.603,-0.7978,37.3,37.0,37.0,station
2025-05-26,41.1,35.6,36.5,38.4,38.2,42.1,36.3,36.3,40.7,37.6,37.96,2.11,-0.64,67,16,13.8,25.51,0.0,0.5892,-0.808,39.7,38.0,38.0,station
2025-05-27,38.8,34.2,36.0,36.2,35.9,39.7,34.4,35.4,38.7,36.4,36.22,1.65,-0.7,70,13,16.1,25.9,0.0,0.5752,-0.818,37.4,35.0,35.0,station
2025-05-28,39.6,34.7,38.0,37.3,37.2,39.7,34.9,40.3,43.5,38.5,37.36,1.77,-2.02,72,24,14.1,24.44,0.0,0.561,-0.8278,37.9,37.0,37.0,station
2025-05-29,45.8,37.8,43.4,45.3,39.6,46.7,36.8,43.2,46.3,39.5,42.38,3.53,-0.12,58,4,16.2,26.42,0.0,0.5467,-0.8373,40.1,38.0,38.0,station
2025-05-30,42.5,38.3,41.4,42.6,38.8,43.0,37.0,38.7,43.9,38.2,40.72,2.04,0.56,49,0,18.7,27.03,0.0,0.5322,-0.8466,42.4,39.0,39.0,station
2025-05-31,42.3,35.4,40.5,43.1,37.6,42.8,35.3,38.6,43.3,38.3,39.78,3.23,0.12,66,8,17.8,26.73,0.0,0.5176,-0.8556,39.5,37.0,37.0,station
2025-06-01,44.6,36.2,39.3,40.7,38.9,43.3,35.5,39.9,42.9,39.3,39.94,3.07,-0.24,61,37,16.1,26.89,0.0,0.5028,-0.8644,40.5,37.0,37.0,station
2025-06-02,36.9,34.3,33.0,34.1,36.7,38.7,34.7,32.3,34.5,37.2,35.0,1.72,-0.48,72,54,18.0,26.56,0.0,0.4878,-0.8729,35.8,36.0,36.0,station
2025-06-03,35.1,33.4,31.5,33.8,34.2,35.1,33.2,31.5,33.8,34.4,33.6,1.33,0.0,74,37,17.1,25.72,0.0,0.4728,-0.8812,33.9,34.0,34.0,station
2025-06-04,35.3,33.3,32.9,33.5,34.5,35.4,33.3,32.8,34.2,34.5,33.9,0.98,-0.14,71,36,17.6,23.39,0.0,0.4575,-0.8892,34.2,35.0,35.0,station
2025-06-05,35.3,33.5,32.8,34.1,34.2,35.5,33.6,33.2,34.3,34.3,33.98,0.93,-0.2,66,27,14.9,24.6,0.0,0.4422,-0.8969,34.3,36.0,36.0,station
2025-06-06,36.1,33.6,34.1,34.6,34.5,36.4,33.6,33.7,34.4,35.2,34.58,0.94,-0.08,65,29,15.6,24.33,0.0,0.4267,-0.9044,35.3,36.0,36.0,station
2025-06-07,35.9,33.4,34.3,33.7,34.6,36.1,33.2,33.4,33.9,34.7,34.38,0.97,0.12,68,9,17.7,25.88,0.0,0.4111,-0.9116,34.9,35.0,35.0,station
2025-06-08,35.8,33.3,34.2,33.3,34.7,35.5,33.2,33.4,33.3,34.5,34.26,1.05,0.28,67,17,17.7,25.85,0.0,0.3953,-0.9185,34.7,35.0,35.0,station
2025-06-09,35.7,33.0,33.4,33.4,34.4,35.5,33.1,33.0,33.2,34.4,33.98,1.09,0.14,66,12,17.9,25.7,0.0,0.3795,-0.9252,34.7,34.0,34.0,station
2025-06-10,35.2,32.9,33.2,33.8,34.3,35.4,32.9,33.1,33.7,34.5,33.88,0.91,-0.04,65,26,18.4,24.42,0.0,0.3635,-0.9316,35.1,34.0,34.0,station
2025-06-11,35.7,32.9,33.6,33.8,34.6,35.9,33.0,33.7,34.1,34.4,34.12,1.07,-0.1,67,26,18.0,21.75,0.0,0.3474,-0.9377,34.9,33.0,33.0,station
2025-06-12,36.8,33.1,34.5,34.3,35.6,37.1,33.5,34.1,34.8,35.0,34.86,1.4,-0.04,71,38,16.6,24.89,0.0,0.3312,-0.9436,35.4,37.0,37.0,station
2025-06-13,41.8,34.6,38.5,36.9,38.3,39.1,33.9,37.0,35.9,36.6,38.02,2.62,1.52,73,28,17.5,25.76,0.0,0.3149,-0.9491,39.9,39.0,39.0,station
2025-06-14,37.2,34.1,35.5,34.7,38.4,37.4,34.2,39.1,34.0,38.3,35.98,1.79,-0.62,76,28,13.9,25.34,0.0,0.2986,-0.9544,35.8,36.0,36.0,station
2025-06-15,38.4,35.3,33.4,33.8,35.1,37.5,34.2,32.5,33.8,35.3,35.2,1.97,0.54,71,31,12.2,24.97,0.0,0.2821,-0.9594,36.3,37.0,37.0,station
2025-06-16,41.8,36.3,34.2,34.6,36.0,40.9,36.1,33.0,35.9,35.6,36.58,3.05,0.28,69,65,14.4,20.57,1.9,0.2656,-0.9641,41.7,40.0,40.0,station
2025-06-17,39.8,35.8,37.0,36.3,39.5,44.4,36.5,34.6,35.9,37.2,37.68,1.85,-0.04,70,81,12.1,18.46,0.0,0.2489,-0.9685,37.8,40.0,40.0,station
2025-06-18,36.3,33.7,34.8,34.0,35.9,37.4,34.2,34.5,34.0,37.1,34.94,1.14,-0.5,76,83,16.9,24.53,0.0,0.2322,-0.9727,35.3,35.0,35.0,station
2025-06-19,35.0,32.4,33.5,33.8,34.8,34.8,32.7,33.6,33.6,35.2,33.9,1.05,-0.08,73,69,24.1,18.1,0.1,0.2155,-0.9765,34.2,34.0,34.0,station
2025-06-20,34.0,32.4,32.1,33.8,35.1,34.7,32.3,32.5,33.8,34.1,33.48,1.23,0.0,78,83,21.1,15.02,1.0,0.1986,-0.9801,32.4,34.0,34.0,station
2025-06-21,34.7,32.4,33.2,33.7,34.7,34.9,32.4,33.2,33.5,35.2,33.74,0.99,-0.1,80,94,20.0,17.37,1.2,0.1818,-0.9833,33.1,35.0,35.0,station
2025-06-22,35.0,31.4,32.2,33.3,34.3,33.3,31.9,33.9,33.6,35.2,33.24,1.47,-0.34,77,98,17.6,14.68,0.3,0.1648,-0.9863,33.9,33.0,33.0,station
2025-06-23,35.0,33.0,33.7,33.2,34.7,35.4,32.6,33.6,33.5,34.0,33.92,0.89,0.1,75,91,16.8,18.71,0.1,0.1478,-0.989,34.2,35.0,35.0,station
2025-06-24,35.2,32.7,33.1,33.5,34.9,35.5,32.8,33.8,33.8,35.1,33.88,1.11,-0.32,74,68,16.1,22.1,0.0,0.1308,-0.9914,34.2,34.0,34.0,station
2025-06-25,37.6,33.5,33.3,33.7,35.4,36.9,33.7,33.1,34.5,36.8,34.7,1.82,-0.3,75,81,13.3,20.5,0.0,0.1137,-0.9935,34.2,34.0,34.0,station
2025-06-26,39.5,35.5,34.2,33.0,37.1,39.9,34.9,33.8,31.7,37.4,35.86,2.54,0.32,69,88,12.3,19.99,0.0,0.0966,-0.9953,37.4,36.0,36.0,station
2025-06-27,34.8,31.6,36.7,34.3,35.4,38.5,33.1,33.1,34.0,35.6,34.56,1.88,-0.3,80,99,14.3,11.82,14.4,0.0795,-0.9968,36.7,31.0,31.0,station
2025-06-28,32.9,30.7,34.1,29.0,28.7,32.3,31.2,33.1,29.8,29.3,31.08,2.38,-0.06,88,98,14.8,13.72,35.2,0.0623,-0.9981,31.1,29.0,29.0,station
2025-06-29,33.1,31.3,33.9,30.1,29.8,34.4,31.2,32.7,27.8,29.6,31.64,1.81,0.5,85,63,16.3,22.19,0.8,0.0451,-0.999,31.0,33.0,33.0,station
2025-06-30,33.2,32.1,33.5,32.2,32.4,34.4,31.9,33.6,31.6,32.0,32.68,0.63,-0.02,81,73,20.3,20.37,0.6,0.028,-0.9996,32.4,34.0,34.0,station
2025-07-01,34.1,32.2,33.8,33.1,32.9,33.8,32.1,33.8,32.4,33.2,33.22,0.75,0.16,81,67,17.1,20.34,0.3,0.0108,-0.9999,32.7,34.0,34.0,station
2025-07-02,34.1,32.0,33.1,33.3,33.1,34.1,32.1,33.6,33.4,32.8,33.12,0.75,-0.08,81,79,16.6,20.01,0.1,-0.0065,-1.0,32.7,34.0,34.0,station
2025-07-03,33.5,31.7,33.8,31.4,32.7,33.4,32.1,33.4,31.7,32.5,32.62,1.06,0.0,82,100,12.9,12.66,0.5,-0.0237,-0.9997,33.2,34.0,34.0,station
2025-07-04,35.0,32.2,33.3,32.4,32.9,34.1,32.4,33.6,31.5,34.1,33.16,1.11,0.02,78,100,13.1,17.6,1.1,-0.0408,-0.9992,34.6,34.0,34.0,station
2025-07-05,35.7,33.2,33.2,33.8,33.4,35.4,32.7,32.9,31.6,33.1,33.86,1.06,0.72,76,82,17.3,21.5,0.2,-0.058,-0.9983,35.7,33.0,33.0,station
2025-07-06,33.7,32.3,31.8,33.8,32.4,34.5,32.5,32.6,32.9,33.0,32.8,0.9,-0.3,75,68,15.5,18.41,0.1,-0.0752,-0.9972,33.7,36.0,36.0,station
2025-07-07,33.6,31.9,31.9,32.5,32.7,34.0,32.2,32.8,33.8,33.0,32.52,0.7,-0.64,77,81,14.1,17.76,0.0,-0.0923,-0.9957,35.0,33.0,33.0,station
2025-07-08,34.9,32.8,33.2,32.6,34.4,34.8,32.4,33.1,33.1,34.4,33.58,1.02,0.02,75,46,16.1,21.11,0.1,-0.1094,-0.994,35.5,34.0,34.0,station
2025-07-09,34.0,32.5,32.7,33.2,33.0,34.2,32.3,32.7,33.2,33.2,33.08,0.58,-0.04,74,40,15.2,20.71,0.0,-0.1265,-0.992,34.6,33.0,33.0,station
2025-07-10,33.3,32.5,33.0,33.3,34.1,33.4,32.4,32.2,33.1,33.3,33.24,0.58,0.36,76,79,12.9,14.67,0.2,-0.1436,-0.9896,32.9,33.0,33.0,station
2025-07-11,33.9,32.4,32.2,33.9,33.0,33.5,32.4,32.6,33.2,33.8,33.08,0.8,-0.02,73,95,15.3,19.37,0.3,-0.1606,-0.987,34.3,34.0,34.0,station
2025-07-12,34.3,32.7,33.3,33.0,32.9,32.7,32.3,33.1,33.9,32.6,33.24,0.63,0.32,72,53,14.2,16.22,0.0,-0.1775,-0.9841,33.7,35.0,35.0,station
2025-07-13,36.2,32.4,31.9,33.5,34.1,35.3,32.2,33.0,33.0,33.9,33.62,1.68,0.14,72,66,16.2,15.81,0.0,-0.1944,-0.9809,34.3,34.0,34.0,station
2025-07-14,35.0,32.3,33.6,33.3,35.0,36.0,32.4,33.7,33.9,35.0,33.84,1.16,-0.36,73,59,16.0,17.9,0.1,-0.2113,-0.9774,35.0,35.0,35.0,station
2025-07-15,35.8,32.2,33.0,33.4,34.7,35.8,32.2,33.4,33.6,35.2,33.82,1.43,-0.22,71,90,15.2,19.22,0.0,-0.2281,-0.9736,34.4,35.0,35.0,station
2025-07-16,34.4,32.3,32.3,33.3,33.9,34.2,32.1,32.0,32.4,34.1,33.24,0.94,0.28,70,72,16.2,18.82,0.0,-0.2448,-0.9696,33.8,34.0,34.0,station
2025-07-17,33.9,32.3,31.9,33.0,34.4,34.4,32.4,31.8,33.1,34.2,33.1,1.05,-0.08,72,82,15.0,18.71,0.4,-0.2614,-0.9652,33.4,34.0,34.0,station
2025-07-18,34.7,33.2,32.7,33.8,34.2,34.2,33.0,32.0,33.1,34.8,33.72,0.79,0.3,66,94,15.1,22.72,0.0,-0.278,-0.9606,35.3,35.0,35.0,station
2025-07-19,35.4,32.2,32.4,33.1,32.5,34.7,32.2,29.8,32.2,34.8,33.12,1.32,0.38,70,90,15.3,18.7,0.9,-0.2945,-0.9557,35.4,35.0,35.0,station
2025-07-20,34.4,30.9,30.0,32.5,31.5,32.9,31.0,29.6,31.3,31.9,31.86,1.69,0.52,74,93,12.5,11.67,0.0,-0.3109,-0.9505,33.7,34.0,34.0,station
2025-07-21,33.5,32.1,33.2,31.0,32.6,34.1,32.0,32.1,32.2,33.2,32.48,0.99,-0.24,76,78,15.1,18.66,1.7,-0.3272,-0.945,33.4,35.0,35.0,station
2025-07-22,34.1,32.7,32.9,32.7,33.8,32.8,32.1,32.5,31.7,32.8,33.24,0.66,0.86,73,78,15.7,20.49,0.3,-0.3434,-0.9392,34.0,35.0,35.0,station
2025-07-23,31.9,31.4,31.9,32.9,31.8,33.7,31.5,31.4,32.4,32.5,31.98,0.55,-0.32,75,84,18.6,13.16,0.5,-0.3595,-0.9332,32.0,32.0,32.0,station
2025-07-24,33.2,31.6,32.1,32.8,32.6,33.4,31.9,32.1,32.6,32.8,32.46,0.62,-0.1,74,65,15.6,18.5,0.5,-0.3755,-0.9268,33.8,34.0,34.0,station
2025-07-25,33.9,32.1,33.1,33.4,33.6,33.1,32.1,32.9,33.7,33.4,33.22,0.69,0.18,73,46,14.7,17.78,0.0,-0.3914,-0.9202,33.9,34.0,34.0,station
2025-07-26,34.4,31.8,33.0,33.7,34.0,34.6,32.0,32.7,33.2,34.2,33.38,1.02,0.04,71,66,16.9,17.96,0.2,-0.4071,-0.9134,34.0,33.0,33.0,station
2025-07-27,32.3,30.7,31.9,32.8,33.5,34.9,31.2,31.2,32.7,33.6,32.24,1.05,-0.48,72,92,17.2,16.8,0.1,-0.4228,-0.9062,33.4,34.0,34.0,station
2025-07-28,33.4,30.8,31.8,32.3,33.2,34.2,30.6,31.0,32.1,32.7,32.3,1.06,0.18,71,99,19.3,16.72,0.2,-0.4383,-0.8988,33.1,32.0,32.0,station
2025-07-29,33.8,31.1,31.4,32.7,33.2,33.7,30.8,31.9,32.3,34.0,32.44,1.16,-0.1,73,96,23.3,17.09,0.2,-0.4537,-0.8912,33.0,31.0,31.0,station
2025-07-30,34.0,31.1,31.1,32.4,33.4,34.1,31.1,31.2,32.5,33.7,32.4,1.32,-0.12,75,88,20.1,16.18,0.3,-0.469,-0.8832,32.8,32.0,32.0,station
2025-07-31,33.1,31.1,31.9,32.7,32.3,33.5,31.3,32.0,33.0,32.7,32.22,0.77,-0.28,76,79,15.4,18.8,0.3,-0.4841,-0.875,32.7,32.0,32.0,station
2025-08-01,32.9,30.7,32.1,31.7,32.2,32.4,31.1,31.6,32.0,32.7,31.92,0.81,-0.04,76,73,17.7,18.98,1.0,-0.4991,-0.8666,32.0,33.0,33.0,station
2025-08-02,31.2,30.3,31.9,31.2,30.2,31.2,30.6,31.4,31.3,31.6,30.96,0.71,-0.26,79,78,17.4,10.84,0.6,-0.5139,-0.8578,31.0,32.0,32.0,station
2025-08-03,33.4,30.6,32.1,31.9,31.3,32.1,30.3,31.8,31.5,31.1,31.86,1.04,0.5,77,66,16.1,13.56,0.3,-0.5286,-0.8489,31.5,31.0,31.0,station
2025-08-04,32.3,30.4,31.7,31.4,30.9,32.8,30.6,32.3,31.0,31.7,31.34,0.73,-0.34,76,74,18.5,18.85,0.1,-0.5431,-0.8397,32.2,32.0,32.0,station
2025-08-05,31.9,29.9,30.9,31.7,30.1,32.3,29.9,31.0,31.4,30.9,30.9,0.91,-0.2,77,100,19.1,14.72,0.3,-0.5575,-0.8302,31.2,32.0,32.0,station
2025-08-06,32.4,30.0,30.8,31.5,30.5,31.7,29.8,31.6,31.6,30.3,31.04,0.93,0.04,76,64,18.0,18.01,0.8,-0.5717,-0.8205,31.7,32.0,32.0,station
2025-08-07,31.8,30.1,31.2,31.0,31.0,32.4,30.2,32.2,31.4,30.5,31.02,0.61,-0.32,76,61,17.0,17.78,0.8,-0.5857,-0.8105,31.7,33.0,33.0,station
2025-08-08,32.1,30.1,32.0,31.8,31.6,32.5,30.1,31.9,31.2,31.1,31.52,0.82,0.16,73,62,17.9,19.72,0.4,-0.5996,-0.8003,32.2,34.0,34.0,station
2025-08-09,32.9,30.2,31.6,32.0,30.6,32.8,30.1,31.5,31.9,31.3,31.46,1.09,-0.06,75,80,16.7,17.3,0.7,-0.6132,-0.7899,32.2,32.0,32.0,station
2025-08-10,32.8,30.3,30.6,31.5,31.9,32.5,30.1,30.5,31.3,31.8,31.42,1.01,0.18,75,75,17.9,16.28,0.3,-0.6267,-0.7792,31.6,33.0,33.0,station
2025-08-11,31.7,29.8,31.5,31.7,31.4,31.7,29.9,30.9,31.3,30.5,31.22,0.8,0.36,78,79,18.2,12.48,0.7,-0.64,-0.7683,30.5,31.0,31.0,station
2025-08-12,32.0,29.3,31.6,31.7,31.1,31.5,29.4,31.1,31.5,30.7,31.14,1.08,0.3,75,87,19.9,15.77,0.1,-0.6532,-0.7572,31.2,30.0,30.0,station
2025-08-13,31.6,29.6,30.4,31.8,30.9,31.9,29.7,30.9,31.4,30.8,30.86,0.9,-0.08,78,99,14.4,13.54,0.5,-0.6661,-0.7459,30.9,30.0,30.0,station
2025-08-14,32.7,31.3,31.2,32.6,33.1,32.4,30.8,30.9,32.4,32.0,32.18,0.87,0.48,78,97,11.2,16.43,0.3,-0.6788,-0.7343,33.0,33.0,33.0,station
2025-08-15,35.4,32.8,32.3,33.7,34.9,34.2,32.6,32.8,33.1,35.0,33.82,1.33,0.28,71,80,13.5,19.79,0.4,-0.6914,-0.7225,35.8,35.0,35.0,station
2025-08-16,35.7,32.8,33.1,31.9,34.4,34.6,33.0,32.3,31.7,35.3,33.58,1.49,0.2,70,74,12.7,19.22,0.5,-0.7037,-0.7105,36.0,36.0,36.0,station
2025-08-17,36.6,33.8,33.2,34.8,35.7,36.6,33.4,33.4,35.2,35.7,34.82,1.38,-0.04,70,76,9.6,19.67,0.6,-0.7158,-0.6983,35.5,35.0,35.0,station
2025-08-18,34.3,33.6,35.4,32.7,35.3,35.5,33.4,34.2,33.8,35.5,34.26,1.15,-0.22,72,68,11.4,20.3,3.7,-0.7277,-0.6859,38.2,37.0,37.0,station
2025-08-19,34.8,32.3,35.7,29.6,30.2,33.3,31.8,34.0,31.3,32.2,32.52,2.7,0.0,85,99,10.5,12.4,31.2,-0.7394,-0.6733,32.9,33.0,33.0,station
2025-08-20,33.4,32.6,36.8,33.6,28.0,34.2,32.3,37.6,32.4,29.7,32.88,3.16,-0.36,86,95,10.8,15.24,31.3,-0.7509,-0.6605,33.5,35.0,35.0,station
2025-08-21,34.1,30.4,31.8,31.9,28.2,34.0,31.2,32.8,33.6,29.1,31.28,2.17,-0.86,90,90,17.2,14.16,32.2,-0.7621,-0.6474,32.5,33.0,33.0,station
2025-08-22,31.8,31.1,32.5,31.6,29.9,32.8,30.7,31.6,31.5,29.8,31.38,0.97,0.1,89,91,14.4,12.23,1.2,-0.7731,-0.6342,30.1,32.0,32.0,station
2025-08-23,31.4,30.4,31.6,31.3,30.7,30.8,30.2,31.4,31.4,30.7,31.08,0.51,0.18,86,82,18.2,15.22,0.9,-0.7839,-0.6208,30.2,29.0,29.0,station
2025-08-24,31.9,30.7,32.3,30.7,31.4,31.9,30.6,31.7,31.7,30.9,31.4,0.71,0.04,87,70,19.9,18.32,1.0,-0.7945,-0.6073,30.9,30.0,30.0,station
2025-08-25,32.3,30.9,33.0,31.5,31.9,32.1,31.1,33.3,31.3,32.0,31.92,0.79,-0.04,87,50,13.9,17.15,0.6,-0.8048,-0.5935,30.6,31.0,31.0,station
2025-08-26,32.2,30.8,31.7,31.0,31.3,32.6,30.5,32.5,31.4,32.7,31.4,0.56,-0.54,86,49,13.0,19.73,0.1,-0.8149,-0.5796,30.7,32.0,32.0,station
2025-08-27,33.3,31.0,32.2,32.1,32.5,33.5,31.0,32.5,32.1,33.0,32.22,0.83,-0.2,85,70,11.9,20.13,0.0,-0.8248,-0.5655,31.5,32.0,32.0,station
2025-08-28,33.5,30.8,32.7,30.8,32.5,33.3,30.7,31.8,31.3,32.7,32.06,1.21,0.1,84,61,13.0,22.68,0.0,-0.8344,-0.5512,32.7,33.0,33.0,station
2025-08-29,32.9,30.4,32.1,31.0,31.9,32.6,30.4,31.9,31.4,31.6,31.66,0.98,0.08,84,80,13.5,19.57,0.0,-0.8437,-0.5368,31.0,33.0,33.0,station
2025-08-30,33.3,30.5,31.1,31.3,32.7,33.3,30.6,30.4,31.4,32.8,31.78,1.17,0.08,82,89,12.6,21.52,0.0,-0.8528,-0.5222,32.0,33.0,33.0,station
2025-08-31,33.2,30.5,30.9,31.5,32.4,33.1,30.3,30.8,31.5,33.0,31.7,1.1,-0.04,78,79,15.8,20.55,0.0,-0.8617,-0.5074,32.5,32.0,32.0,station
2025-09-01,32.6,29.6,30.9,31.2,31.1,32.4,29.4,30.3,31.4,31.3,31.08,1.07,0.12,74,58,16.9,18.85,0.0,-0.8703,-0.4925,32.6,30.0,30.0,station
2025-09-02,33.2,29.8,31.1,31.2,32.0,33.5,29.9,31.6,31.5,32.2,31.46,1.25,-0.28,75,46,14.1,17.16,0.0,-0.8786,-0.4775,31.8,32.0,32.0,station
2025-09-03,33.9,30.5,31.1,31.3,33.4,34.0,30.4,31.8,31.3,33.5,32.04,1.51,-0.16,71,16,13.1,21.98,0.0,-0.8867,-0.4623,33.6,33.0,33.0,station
2025-09-04,35.3,31.8,33.2,32.0,34.5,35.3,31.4,32.7,32.3,34.9,33.36,1.53,0.04,73,29,12.3,22.6,0.0,-0.8945,-0.447,34.8,34.0,34.0,station
2025-09-05,37.2,32.4,36.0,32.1,35.5,35.8,32.4,33.8,32.0,35.7,34.64,2.27,0.7,73,18,13.5,22.39,0.0,-0.9021,-0.4315,36.9,34.0,34.0,station
2025-09-06,35.6,31.6,33.5,32.2,34.7,35.4,31.5,33.0,31.6,34.3,33.52,1.67,0.36,73,69,13.7,22.18,0.0,-0.9094,-0.4159,35.5,34.0,34.0,station
2025-09-07,34.1,30.5,32.0,31.1,33.3,34.7,30.3,33.1,31.4,33.0,32.2,1.5,-0.3,74,84,15.5,18.36,0.2,-0.9164,-0.4002,34.4,32.0,32.0,station
2025-09-08,28.6,28.6,28.4,29.2,27.4,29.9,28.6,30.3,29.2,28.3,28.44,0.65,-0.82,85,100,14.4,8.19,18.0,-0.9232,-0.3844,29.9,29.0,29.0,station
2025-09-09,26.7,26.4,27.4,27.5,27.0,29.2,28.0,27.9,29.6,27.0,27.0,0.46,-1.34,94,99,15.9,4.93,85.6,-0.9296,-0.3685,27.9,29.0,29.0,station
2025-09-10,28.9,28.2,29.7,27.8,28.0,29.4,28.4,30.3,29.2,27.6,28.52,0.78,-0.46,88,82,14.9,16.66,10.4,-0.9358,-0.3524,29.4,28.0,28.0,station
2025-09-11,30.1,29.6,31.0,29.1,30.1,30.4,29.6,31.9,30.0,29.5,29.98,0.7,-0.3,90,68,11.7,8.06,3.6,-0.9418,-0.3363,27.5,29.0,29.0,station
2025-09-12,30.8,30.1,31.6,30.5,30.3,30.8,30.3,31.8,30.3,30.8,30.66,0.59,-0.14,85,19,13.7,19.94,1.4,-0.9474,-0.32,29.5,31.0,31.0,station
2025-09-13,31.5,30.4,32.2,31.0,31.3,31.4,30.5,31.9,30.9,31.5,31.28,0.66,0.04,83,33,13.3,20.07,0.1,-0.9528,-0.3037,30.1,32.0,32.0,station
2025-09-14,32.1,30.2,31.5,30.9,31.8,31.7,30.0,31.3,31.1,31.9,31.3,0.76,0.1,83,44,15.4,17.75,0.5,-0.9579,-0.2873,30.2,32.0,32.0,station
2025-09-15,29.9,29.5,31.2,30.7,31.0,30.3,29.6,31.0,30.9,30.5,30.46,0.73,0.0,84,65,18.3,9.94,0.6,-0.9627,-0.2707,28.8,31.0,31.0,station
2025-09-16,30.5,29.7,30.2,31.1,31.6,30.7,29.7,30.9,30.6,31.6,30.62,0.75,-0.08,85,81,16.7,12.7,0.9,-0.9672,-0.2541,29.4,28.0,28.0,station
2025-09-17,31.5,30.3,31.2,31.2,31.1,31.6,30.3,32.0,32.0,32.1,31.06,0.45,-0.54,85,49,12.0,14.62,0.8,-0.9714,-0.2375,29.8,31.0,31.0,station
2025-09-18,31.4,30.2,31.5,31.0,31.7,31.8,30.4,32.0,31.8,31.6,31.16,0.59,-0.36,86,74,12.5,19.18,0.6,-0.9753,-0.2207,30.5,32.0,32.0,station
2025-09-19,30.9,30.0,30.6,30.8,31.1,31.6,30.0,31.0,31.0,31.5,30.68,0.42,-0.34,84,79,14.4,17.02,0.1,-0.979,-0.2039,30.0,31.0,31.0,station
2025-09-20,30.5,29.7,29.7,30.4,31.2,30.8,29.7,30.0,30.9,31.7,30.3,0.63,-0.32,83,52,13.1,14.79,0.1,-0.9824,-0.187,30.2,31.0,31.0,station
2025-09-21,31.1,29.4,29.8,30.7,30.3,30.7,29.4,30.3,31.1,31.7,30.26,0.68,-0.38,79,45,14.0,18.32,0.0,-0.9854,-0.1701,30.8,31.0,31.0,station
2025-09-22,30.7,29.2,29.9,31.1,29.5,31.3,29.0,30.3,30.8,30.5,30.08,0.8,-0.3,77,55,14.8,14.08,0.0,-0.9882,-0.1531,30.7,31.0,31.0,station
2025-09-23,30.2,29.1,29.6,31.0,29.7,30.5,28.9,28.8,30.7,29.9,29.92,0.72,0.16,80,78,16.8,12.5,0.0,-0.9907,-0.1361,29.7,30.0,30.0,station
2025-09-24,30.2,29.2,29.4,31.3,30.2,30.0,29.0,29.3,30.9,29.8,30.06,0.83,0.26,81,74,15.6,10.9,0.1,-0.9929,-0.1191,29.3,31.0,31.0,station
2025-09-25,31.0,30.1,30.5,31.5,30.5,31.1,30.0,29.9,32.0,30.5,30.72,0.54,0.02,83,38,12.2,13.72,0.3,-0.9948,-0.102,30.4,31.0,31.0,station
2025-09-26,33.4,31.0,31.8,31.4,32.1,33.5,30.8,31.9,32.0,32.5,31.94,0.92,-0.2,78,15,11.0,20.77,0.0,-0.9964,-0.0848,33.1,33.0,33.0,station
2025-09-27,34.8,31.8,33.4,32.8,34.3,34.4,31.2,32.8,33.3,34.3,33.42,1.19,0.22,75,10,8.7,21.56,0.0,-0.9977,-0.0677,35.7,35.0,35.0,station
2025-09-28,36.2,32.7,36.0,35.3,36.1,35.2,32.2,34.3,33.9,35.8,35.26,1.47,0.98,78,81,12.2,21.04,0.0,-0.9987,-0.0505,36.5,37.0,37.0,station
2025-09-29,38.6,36.1,39.3,39.5,39.9,38.8,35.5,36.9,40.1,37.3,38.68,1.52,0.96,62,97,15.1,20.68,0.0,-0.9994,-0.0333,39.1,38.0,38.0,station
2025-09-30,34.2,33.1,37.7,37.7,38.4,36.7,33.3,37.9,38.6,36.9,36.22,2.4,-0.46,71,50,17.1,18.31,8.6,-0.9999,-0.0161,35.7,36.0,36.0,station
2025-10-01,34.5,32.3,37.1,35.5,34.4,34.7,32.6,37.9,35.0,35.8,34.76,1.75,-0.44,73,10,15.3,19.81,0.0,-1.0,0.0011,33.4,33.0,33.0,station
2025-10-02,34.5,32.6,35.9,34.2,36.3,34.4,31.9,36.1,33.3,36.1,34.7,1.47,0.34,71,9,17.6,18.98,1.3,-0.9998,0.0183,33.3,34.0,34.0,station
2025-10-03,32.1,30.3,33.3,33.8,34.0,31.2,30.2,31.2,32.5,31.0,32.7,1.53,1.48,78,80,16.9,10.21,2.1,-0.9994,0.0355,30.8,32.0,32.0,station
2025-10-04,31.8,31.1,32.0,33.5,33.4,33.0,31.1,30.6,35.6,34.6,32.36,1.05,-0.62,80,73,11.0,18.18,6.5,-0.9986,0.0527,31.9,33.0,33.0,station
2025-10-05,31.3,30.5,31.4,31.4,32.3,31.6,30.5,30.8,31.7,32.5,31.38,0.64,-0.04,81,45,16.5,18.59,0.6,-0.9976,0.0698,31.9,32.0,32.0,station
2025-10-06,33.2,30.8,32.5,33.5,31.8,33.5,30.6,32.6,32.8,32.5,32.36,1.09,-0.04,69,7,17.5,20.49,0.0,-0.9962,0.087,32.3,33.0,33.0,station
2025-10-07,32.9,30.9,32.4,33.8,32.7,32.6,30.7,32.8,33.9,32.8,32.54,1.05,-0.02,65,3,11.5,21.42,0.0,-0.9946,0.1041,33.0,34.0,34.0,station
2025-10-08,33.0,31.4,31.6,32.0,33.6,32.7,31.5,31.1,33.1,33.1,32.32,0.94,0.02,66,2,6.7,20.51,0.0,-0.9926,0.1212,33.1,33.0,33.0,station
2025-10-09,32.9,31.4,33.1,33.6,33.1,32.6,31.5,33.1,32.2,33.6,32.82,0.83,0.22,66,1,11.6,20.4,0.0,-0.9904,0.1383,33.1,34.0,34.0,station
2025-10-10,33.1,30.8,32.0,33.5,33.0,33.0,30.5,31.3,33.0,32.9,32.48,1.09,0.34,65,4,11.7,19.59,0.0,-0.9879,0.1553,33.0,33.0,33.0,station
2025-10-11,33.3,31.0,31.8,33.7,33.1,33.1,30.6,31.7,33.0,33.3,32.58,1.13,0.24,62,3,10.6,19.4,0.0,-0.9851,0.1722,33.2,33.0,33.0,station
2025-10-12,33.9,31.9,32.5,34.8,33.4,33.9,31.9,32.5,35.6,33.6,33.3,1.14,-0.2,54,2,11.0,20.52,0.0,-0.9819,0.1892,34.5,34.0,34.0,station
2025-10-13,33.7,31.7,32.7,34.7,33.0,33.7,31.9,32.9,34.6,33.3,33.16,1.12,-0.12,56,3,10.2,20.3,0.0,-0.9785,0.206,34.0,33.0,33.0,station
2025-10-14,33.6,31.8,32.4,34.8,33.2,33.3,32.0,32.9,33.9,33.2,33.16,1.15,0.1,56,0,14.0,20.34,0.0,-0.9749,0.2228,34.8,34.0,34.0,station
2025-10-15,33.9,32.9,34.1,35.2,33.5,33.4,32.5,33.2,35.3,33.6,33.92,0.85,0.32,51,0,14.2,20.43,0.0,-0.9709,0.2396,35.0,35.0,35.0,station
2025-10-16,35.2,34.3,34.9,36.3,35.2,35.2,34.4,35.0,36.7,35.1,35.18,0.73,-0.1,39,0,11.0,20.45,0.0,-0.9666,0.2562,36.0,35.0,35.0,station
2025-10-17,35.6,34.7,35.3,36.7,36.3,35.5,34.7,35.6,36.9,36.2,35.72,0.79,-0.06,37,0,11.4,20.47,0.0,-0.9621,0.2728,36.3,36.0,36.0,station
2025-10-18,35.6,34.2,35.4,36.9,36.0,35.6,34.4,35.8,37.1,36.3,35.62,0.98,-0.22,42,0,10.2,20.35,0.0,-0.9572,0.2893,37.2,36.0,36.0,station
2025-10-19,35.7,33.6,35.4,36.9,36.1,35.9,34.2,35.5,36.9,36.3,35.54,1.22,-0.22,44,0,12.0,20.1,0.0,-0.9521,0.3057,37.0,37.0,37.0,station
2025-10-20,35.8,34.5,36.3,36.6,36.1,35.9,34.5,36.5,37.0,36.6,35.86,0.81,-0.24,35,0,10.4,19.94,0.0,-0.9467,0.3221,37.0,37.0,37.0,station
2025-10-21,36.1,34.4,36.4,37.1,36.9,35.6,34.4,36.3,37.3,36.5,36.18,1.07,0.16,34,0,15.7,19.43,0.0,-0.941,0.3383,37.2,36.0,36.0,station
2025-10-22,35.4,34.2,37.1,36.8,36.2,35.5,34.3,37.2,37.0,36.6,35.94,1.17,-0.18,31,0,15.3,19.57,0.0,-0.9351,0.3545,36.4,37.0,37.0,station
2025-10-23,35.6,35.0,37.3,36.9,36.6,36.0,34.7,37.4,37.0,36.7,36.28,0.95,-0.08,32,0,11.4,19.7,0.0,-0.9288,0.3705,37.2,38.0,38.0,station
2025-10-24,35.9,34.8,36.6,37.2,36.4,35.8,34.7,36.5,36.6,36.6,36.18,0.9,0.14,31,0,10.3,19.58,0.0,-0.9223,0.3864,37.0,37.0,37.0,station
2025-10-25,35.7,34.6,37.0,37.4,36.2,35.1,34.2,37.5,36.9,36.2,36.18,1.11,0.2,28,0,13.7,19.45,0.0,-0.9155,0.4022,37.2,37.0,37.0,station
2025-10-26,34.4,33.2,36.3,36.7,35.8,34.1,32.7,36.0,35.8,35.3,35.28,1.45,0.5,27,2,18.5,19.27,0.0,-0.9085,0.4179,35.4,36.0,36.0,station
2025-10-27,33.6,32.3,36.1,35.7,34.8,33.4,32.1,36.0,35.0,34.7,34.5,1.56,0.26,27,31,22.7,19.27,0.0,-0.9012,0.4335,34.8,36.0,36.0,station
2025-10-28,32.9,31.1,35.2,34.7,34.0,32.9,31.2,35.5,34.5,34.2,33.58,1.63,-0.08,35,59,24.3,18.76,0.0,-0.8936,0.4489,33.3,34.0,34.0,station
2025-10-29,32.2,30.6,34.5,33.4,33.4,32.8,30.7,35.0,34.0,33.1,32.82,1.48,-0.3,39,4,24.0,18.77,0.0,-0.8857,0.4642,32.7,33.0,33.0,station
2025-10-30,32.4,31.2,35.2,33.8,33.3,32.3,30.6,35.1,33.5,33.9,33.18,1.5,0.1,38,32,22.3,18.03,0.0,-0.8776,0.4794,33.2,34.0,34.0,station
2025-10-31,33.3,32.2,34.8,34.8,34.4,33.3,31.5,34.8,34.5,33.8,33.9,1.13,0.32,32,14,13.1,18.52,0.0,-0.8692,0.4944,34.9,35.0,35.0,station
2025-11-01,33.9,32.5,35.4,35.7,35.2,34.9,31.8,35.1,35.3,35.0,34.54,1.33,0.12,37,11,7.4,18.49,0.0,-0.8606,0.5093,35.4,35.0,35.0,station
2025-11-02,34.8,32.3,34.3,36.2,34.2,34.4,31.7,34.0,34.5,34.2,34.36,1.4,0.6,39,12,10.4,18.4,0.0,-0.8517,0.524,35.9,36.0,36.0,station
2025-11-03,33.3,29.9,31.9,32.0,31.7,33.7,29.7,32.8,32.7,31.7,31.76,1.22,-0.36,68,0,11.9,18.2,0.0,-0.8426,0.5386,33.1,33.0,33.0,station
2025-11-04,34.3,32.1,35.3,35.2,32.4,34.7,32.3,35.8,36.3,32.5,33.86,1.52,-0.46,45,11,16.2,18.62,0.0,-0.8332,0.553,35.5,38.0,38.0,station
2025-11-05,32.7,31.5,34.2,34.1,34.1,32.2,31.2,34.5,34.2,33.1,33.32,1.19,0.28,19,8,12.6,18.77,0.0,-0.8235,0.5672,34.9,35.0,35.0,station
2025-11-06,32.5,31.0,31.3,33.9,32.8,31.5,30.6,32.1,32.4,33.0,32.3,1.18,0.38,34,0,8.3,18.58,0.0,-0.8137,0.5813,33.5,33.0,33.0,station
2025-11-07,32.2,30.4,31.5,33.1,31.7,31.9,30.0,31.4,31.8,31.9,31.78,0.99,0.38,43,0,10.4,18.2,0.0,-0.8035,0.5952,32.7,33.0,33.0,station
2025-11-08,30.7,28.6,29.7,31.5,30.0,30.8,28.5,29.5,31.1,30.5,30.1,1.09,0.02,59,0,10.4,17.76,0.0,-0.7932,0.609,30.7,30.0,30.0,station
2025-11-09,29.4,27.8,27.4,30.1,29.8,29.8,27.7,27.1,29.6,29.6,28.9,1.22,0.14,70,11,9.3,17.18,0.0,-0.7826,0.6225,29.4,30.0,30.0,station
2025-11-10,29.3,27.2,27.7,28.5,29.0,29.1,27.3,27.4,29.1,28.8,28.34,0.88,0.0,67,2,10.3,17.15,0.0,-0.7718,0.6359,28.9,29.0,29.0,station
2025-11-11,28.8,27.4,27.8,29.2,29.6,28.8,27.2,27.8,28.5,29.3,28.56,0.93,0.24,67,16,11.6,17.05,0.0,-0.7607,0.6491,29.7,30.0,30.0,station
2025-11-12,29.8,28.3,29.2,30.3,30.3,29.8,28.2,29.2,30.1,30.5,29.58,0.85,0.02,67,1,10.5,17.04,0.0,-0.7494,0.6621,30.5,30.0,30.0,station
2025-11-13,30.4,28.9,30.5,31.1,31.3,30.4,28.7,30.1,31.0,31.2,30.44,0.94,0.16,63,0,9.9,17.05,0.0,-0.7379,0.6749,30.9,31.0,31.0,station
2025-11-14,30.2,28.9,29.8,30.6,30.7,30.2,28.9,29.9,30.8,31.2,30.04,0.73,-0.16,55,0,10.6,17.08,0.0,-0.7262,0.6875,31.4,31.0,31.0,station
2025-11-15,30.3,29.2,30.2,30.2,30.8,30.0,28.9,29.9,30.2,31.1,30.14,0.58,0.12,44,0,8.8,17.09,0.0,-0.7143,0.6998,30.8,31.0,31.0,station
2025-11-16,30.2,29.0,30.8,30.6,31.6,30.0,28.9,31.0,30.6,31.5,30.44,0.95,0.04,35,0,10.2,17.02,0.0,-0.7021,0.712,30.9,31.0,31.0,station
2025-11-17,30.0,28.8,29.3,30.2,31.3,29.6,28.8,29.5,29.6,31.0,29.92,0.95,0.22,43,0,6.7,17.01,0.0,-0.6898,0.724,30.8,30.0,30.0,station
2025-11-18,29.4,28.6,29.2,30.6,31.0,29.5,28.3,29.3,30.2,31.0,29.76,1.0,0.1,53,0,6.8,16.79,0.0,-0.6772,0.7358,30.4,31.0,31.0,station
2025-11-19,29.3,28.0,28.5,29.4,30.6,29.3,28.3,29.2,29.7,30.5,29.16,0.99,-0.24,52,0,9.6,16.59,0.0,-0.6645,0.7473,29.8,30.0,30.0,station
2025-11-20,29.6,28.4,29.4,30.0,30.5,29.4,28.5,29.3,30.0,30.8,29.58,0.78,-0.02,60,0,7.5,16.5,0.0,-0.6515,0.7586,30.4,30.0,30.0,station
2025-11-21,29.8,28.2,31.1,30.9,31.8,29.9,28.5,30.1,31.0,31.9,30.36,1.4,0.08,48,1,7.3,16.35,0.0,-0.6384,0.7697,30.8,31.0,31.0,station
2025-11-22,29.3,27.7,30.4,29.9,31.1,29.1,27.7,29.9,30.3,31.3,29.68,1.29,0.02,45,12,7.3,16.26,0.0,-0.625,0.7806,30.4,30.0,30.0,station
2025-11-23,28.7,27.2,29.7,29.3,30.3,28.9,27.0,29.9,28.7,30.4,29.04,1.18,0.06,50,3,5.8,16.21,0.0,-0.6115,0.7912,29.1,30.0,30.0,station
2025-11-24,28.3,26.8,29.3,28.6,29.6,28.3,26.7,29.7,28.6,29.4,28.52,1.09,-0.02,39,0,9.9,16.37,0.0,-0.5978,0.8016,29.0,30.0,30.0,station
2025-11-25,28.3,26.5,29.0,28.9,29.3,28.3,26.4,29.1,28.0,29.1,28.4,1.12,0.22,35,0,13.4,16.21,0.0,-0.584,0.8118,28.6,29.0,29.0,station
2025-11-26,27.8,26.5,28.7,29.0,29.1,28.1,26.5,28.6,28.6,29.3,28.22,1.09,0.0,31,0,10.1,15.99,0.0,-0.5699,0.8217,28.5,29.0,29.0,station
2025-11-27,27.4,25.4,28.3,28.8,28.3,27.5,25.4,28.5,28.4,28.6,27.64,1.35,-0.04,30,0,17.4,16.0,0.0,-0.5557,0.8314,27.9,28.0,28.0,station
2025-11-28,26.8,24.8,27.8,28.0,28.7,26.8,24.6,28.5,28.0,29.1,27.22,1.51,-0.18,32,0,15.0,15.91,0.0,-0.5413,0.8408,27.2,27.0,27.0,station
2025-11-29,26.4,24.5,28.2,27.4,28.3,26.4,24.5,28.2,27.9,29.4,26.96,1.57,-0.32,34,5,12.2,15.93,0.0,-0.5268,0.85,27.3,28.0,28.0,station
2025-11-30,27.3,25.6,27.9,28.1,27.6,26.9,25.6,28.2,27.0,27.8,27.3,1.0,0.2,35,0,7.3,15.57,0.0,-0.5121,0.859,28.3,29.0,29.0,station
2025-12-01,27.6,25.7,28.3,27.9,26.8,27.6,25.5,28.6,27.5,27.1,27.26,1.03,0.0,42,0,8.5,15.87,0.0,-0.4972,0.8676,28.2,28.0,28.0,station
2025-12-02,26.4,25.4,27.5,27.2,26.7,26.3,25.5,27.6,27.0,26.2,26.64,0.81,0.12,39,0,8.5,15.78,0.0,-0.4822,0.8761,27.5,28.0,28.0,station
2025-12-03,26.5,24.9,27.7,27.1,27.4,26.5,24.9,28.0,27.1,26.9,26.72,1.11,0.04,30,44,13.6,15.79,0.0,-0.4671,0.8842,27.3,28.0,28.0,station
2025-12-04,27.0,25.6,28.1,28.2,28.5,26.8,25.1,28.0,27.6,28.1,27.48,1.19,0.36,28,0,12.9,15.47,0.0,-0.4518,0.8921,27.8,28.0,28.0,station
2025-12-05,27.7,26.0,29.1,29.0,29.4,27.7,25.6,28.8,28.3,29.4,28.24,1.41,0.28,35,25,10.0,15.47,0.0,-0.4364,0.8998,28.8,30.0,30.0,station
2025-12-06,27.3,25.4,28.6,27.7,27.6,27.3,25.4,29.4,29.1,27.4,27.32,1.18,-0.4,30,68,13.8,12.36,0.0,-0.4208,0.9071,27.8,28.0,28.0,station
2025-12-07,28.1,26.9,29.1,28.8,28.7,28.4,26.5,29.1,29.2,28.9,28.32,0.87,-0.1,30,32,7.6,15.06,0.0,-0.4052,0.9142,29.0,30.0,30.0,station
2025-12-08,29.1,27.3,30.4,30.7,30.0,28.9,27.1,30.5,31.1,29.8,29.5,1.37,0.02,33,0,11.1,15.51,0.0,-0.3894,0.9211,30.1,31.0,31.0,station
2025-12-09,29.6,28.2,28.9,31.0,30.1,29.6,28.0,29.5,30.6,30.5,29.56,1.08,-0.08,32,0,7.8,15.49,0.0,-0.3735,0.9276,30.5,32.0,32.0,station
2025-12-10,29.4,27.0,29.0,29.9,29.6,29.5,26.4,29.0,29.9,29.2,28.98,1.15,0.18,41,0,9.5,15.48,0.0,-0.3575,0.9339,29.9,31.0,31.0,station
2025-12-11,28.4,25.9,27.7,27.5,28.5,28.0,25.8,27.9,27.6,28.5,27.6,1.04,0.04,74,0,9.4,15.19,0.0,-0.3413,0.9399,28.2,29.0,29.0,station
2025-12-12,27.1,25.0,27.3,26.5,27.1,27.2,25.0,27.6,26.9,27.4,26.6,0.94,-0.22,79,59,9.3,14.01,0.0,-0.3251,0.9457,26.9,28.0,28.0,station
2025-12-13,27.6,25.2,27.6,27.4,27.9,27.9,25.2,27.9,27.3,27.6,27.14,1.1,-0.04,72,22,8.4,14.75,0.0,-0.3088,0.9511,27.8,29.0,29.0,station
2025-12-14,27.1,24.6,26.7,27.8,28.2,27.0,24.7,26.8,27.7,28.2,26.88,1.4,0.0,60,55,11.1,14.36,0.0,-0.2924,0.9563,27.2,28.0,28.0,station
2025-12-15,26.8,25.3,28.3,28.5,28.3,27.0,25.6,28.2,28.6,28.2,27.44,1.38,-0.08,48,22,10.8,14.86,0.0,-0.2759,0.9612,27.4,28.0,28.0,station
2025-12-16,27.1,25.7,29.4,28.7,28.6,27.2,25.6,29.5,28.9,28.9,27.9,1.49,-0.12,47,0,14.4,15.0,0.0,-0.2593,0.9658,27.8,28.0,28.0,station
2025-12-17,27.6,26.3,29.4,28.9,28.9,27.6,26.3,29.8,29.0,29.2,28.22,1.26,-0.16,43,12,13.3,15.02,0.0,-0.2427,0.9701,28.1,28.0,28.0,station
2025-12-18,28.0,26.3,27.9,28.7,29.3,28.2,26.2,28.8,28.9,29.8,28.04,1.13,-0.34,45,70,7.6,14.32,0.0,-0.226,0.9741,28.9,29.0,29.0,station
2025-12-19,29.3,27.1,27.4,29.9,29.9,29.4,27.0,27.5,29.5,29.7,28.72,1.37,0.1,40,14,6.2,12.79,0.0,-0.2092,0.9779,30.0,30.0,30.0,station
2025-12-20,29.1,26.7,28.0,27.3,29.1,29.5,26.3,27.4,28.3,28.7,28.04,1.07,0.0,45,90,7.4,13.02,0.0,-0.1923,0.9813,29.2,30.0,30.0,station
2025-12-21,27.9,26.4,27.7,27.7,28.7,27.3,26.0,26.9,27.4,28.2,27.68,0.83,0.52,69,76,8.7,12.54,0.0,-0.1754,0.9845,27.9,29.0,29.0,station
2025-12-22,27.7,25.5,27.5,28.3,28.8,27.7,25.9,27.5,28.5,28.8,27.56,1.26,-0.12,53,0,7.9,14.56,0.0,-0.1585,0.9874,28.3,29.0,29.0,station
2025-12-23,25.9,24.7,28.0,27.3,27.3,25.7,24.7,28.1,26.8,27.6,26.64,1.33,0.06,51,9,13.0,14.96,0.0,-0.1414,0.9899,26.8,27.0,27.0,station
2025-12-24,25.9,25.1,27.3,26.8,27.2,25.9,24.8,27.1,26.3,26.9,26.46,0.94,0.26,43,11,7.2,15.25,0.0,-0.1244,0.9922,26.7,27.0,27.0,station
2025-12-25,25.3,23.9,24.7,26.0,25.9,25.2,23.9,25.8,25.6,26.0,25.16,0.88,-0.14,56,78,6.4,13.95,0.0,-0.1073,0.9942,25.4,26.0,26.0,station
2025-12-26,25.4,24.0,24.7,26.4,25.6,25.4,24.0,24.7,26.2,26.4,25.22,0.91,-0.12,62,23,5.7,14.88,0.0,-0.0902,0.9959,25.6,26.0,26.0,station
2025-12-27,25.7,24.6,26.5,27.2,26.5,25.6,24.4,26.1,27.6,26.7,26.1,0.99,0.02,47,7,6.2,14.87,0.0,-0.073,0.9973,26.4,27.0,27.0,station
2025-12-28,26.0,24.2,25.5,26.6,27.4,26.3,23.9,25.7,27.1,27.3,25.94,1.2,-0.12,42,26,6.2,14.46,0.0,-0.0559,0.9984,26.8,27.0,27.0,station
2025-12-29,26.1,24.4,25.6,26.5,26.8,26.2,23.9,25.8,26.8,27.4,25.88,0.94,-0.14,49,0,7.4,14.86,0.0,-0.0387,0.9993,26.7,27.0,27.0,station
2025-12-30,25.9,23.7,25.0,25.8,25.6,25.5,23.4,25.0,25.8,25.9,25.2,0.91,0.08,69,16,11.8,13.27,0.3,-0.0215,0.9998,25.7,26.0,26.0,station
2025-12-31,24.5,22.9,24.8,24.7,24.7,24.3,22.5,24.4,24.7,24.7,24.32,0.8,0.2,67,10,14.4,14.68,1.4,-0.0043,1.0,25.1,,,
2026-01-01,24.0,22.4,25.3,25.7,25.3,24.0,22.2,25.6,25.6,26.0,24.54,1.36,-0.14,65,1,8.9,14.72,0.0,0.0172,0.9999,24.6,25.0,25.0,station
2026-01-02,23.9,22.6,24.9,24.7,25.2,24.0,22.1,25.5,24.9,24.8,24.26,1.05,0.0,54,0,7.7,15.06,0.0,0.0344,0.9994,24.5,24.0,24.0,station
2026-01-03,24.1,23.1,24.4,24.9,24.1,24.1,22.5,24.6,24.2,24.6,24.12,0.66,0.12,62,1,7.9,14.91,0.0,0.0516,0.9987,24.5,24.0,24.0,station
2026-01-04,24.5,23.2,25.7,24.8,24.7,25.0,23.3,26.8,24.9,24.5,24.58,0.9,-0.32,70,0,7.0,15.03,0.0,0.0688,0.9976,25.4,25.0,25.0,station
2026-01-05,24.5,23.3,25.5,25.5,26.1,24.5,22.9,26.0,25.3,25.4,24.98,1.1,0.16,66,1,9.2,14.98,0.0,0.0859,0.9963,25.1,26.0,26.0,station
2026-01-06,23.8,22.0,25.5,24.5,24.6,23.7,22.1,25.7,24.4,24.5,24.08,1.31,0.0,52,1,13.4,15.28,0.0,0.103,0.9947,24.6,25.0,25.0,station
2026-01-07,23.0,21.5,23.9,23.5,23.5,22.7,21.2,24.6,23.1,23.4,23.08,0.94,0.08,48,0,14.1,15.43,0.0,0.1201,0.9928,23.5,24.0,24.0,station
2026-01-08,22.0,20.7,23.3,23.2,22.6,22.3,20.9,23.5,22.5,22.8,22.36,1.06,-0.04,41,1,14.3,15.51,0.0,0.1372,0.9905,22.2,23.0,23.0,station
2026-01-09,22.7,21.5,23.2,23.8,23.4,22.8,21.9,23.8,23.3,23.1,22.92,0.89,-0.06,38,0,11.0,15.74,0.0,0.1542,0.988,22.7,26.0,26.0,station
2026-01-10,23.0,21.7,23.6,23.4,23.8,23.6,21.5,24.2,23.6,23.5,23.1,0.84,-0.18,38,0,9.3,15.85,0.0,0.1712,0.9852,23.2,24.0,24.0,station
2026-01-11,23.1,21.3,24.0,24.0,23.7,23.2,21.5,24.3,23.2,23.5,23.22,1.13,0.08,43,4,12.2,16.2,0.0,0.1881,0.9821,23.6,25.0,25.0,station
2026-01-12,23.4,22.4,24.4,24.5,24.1,23.5,22.8,24.2,24.6,23.9,23.76,0.87,-0.04,48,18,9.5,15.84,0.0,0.205,0.9788,24.6,24.0,24.0,station
2026-01-13,24.1,22.7,25.5,25.3,24.2,23.9,22.7,25.6,25.1,24.3,24.36,1.12,0.04,45,0,8.1,15.77,0.0,0.2218,0.9751,24.6,26.0,26.0,station
2026-01-14,26.1,23.9,26.1,25.0,24.9,26.2,23.5,26.0,25.5,24.5,25.2,0.93,0.06,60,0,9.9,15.53,0.0,0.2385,0.9711,26.2,26.0,26.0,station
2026-01-15,26.2,24.5,25.3,25.5,25.1,26.4,24.2,25.2,25.5,25.4,25.32,0.62,-0.02,76,3,11.1,15.43,0.0,0.2552,0.9669,26.1,27.0,27.0,station
2026-01-16,25.9,24.4,25.7,25.7,26.0,25.9,24.3,25.9,25.3,24.9,25.54,0.65,0.28,72,51,12.4,14.4,0.0,0.2718,0.9624,26.5,27.0,27.0,station
2026-01-17,26.6,24.7,25.8,26.7,26.3,26.4,24.4,26.1,26.0,25.6,26.02,0.82,0.32,69,26,11.4,14.16,0.0,0.2883,0.9575,26.8,27.0,27.0,station
2026-01-18,26.0,24.1,24.5,25.7,25.8,25.8,23.9,24.9,25.1,25.4,25.22,0.86,0.2,69,8,11.2,14.7,0.0,0.3047,0.9524,25.6,26.0,26.0,station
2026-01-19,26.2,24.5,24.6,26.2,25.7,26.2,24.3,24.7,25.6,25.9,25.44,0.84,0.1,68,1,12.2,16.02,0.0,0.3211,0.9471,26.1,27.0,27.0,station
2026-01-20,25.8,24.4,23.9,25.7,25.9,25.9,24.5,24.1,25.9,25.8,25.14,0.92,-0.1,59,1,11.8,16.26,0.0,0.3373,0.9414,25.2,26.0,26.0,station
2026-01-21,25.8,24.3,24.6,26.1,26.2,26.1,24.5,25.0,26.5,26.3,25.4,0.89,-0.28,62,0,8.5,16.39,0.0,0.3534,0.9355,24.7,26.0,26.0,station
2026-01-22,23.0,21.7,23.9,24.2,23.3,23.0,21.7,24.4,23.8,25.0,23.22,0.97,-0.36,70,34,20.1,10.31,3.9,0.3695,0.9292,23.7,26.0,26.0,station
2026-01-23,17.9,17.6,18.3,18.6,15.9,17.7,18.5,18.0,19.4,16.9,17.66,1.05,-0.44,42,10,15.4,17.54,0.0,0.3854,0.9227,18.3,19.0,19.0,station
2026-01-24,19.8,18.6,20.4,20.2,19.6,18.8,17.6,20.8,20.7,19.1,19.72,0.7,0.32,42,64,17.9,16.65,0.0,0.4012,0.916,19.8,21.0,21.0,station
2026-01-25,19.9,18.5,21.3,20.6,20.9,19.7,18.2,21.3,20.5,20.4,20.24,1.1,0.22,37,98,18.1,15.9,0.0,0.4169,0.9089,20.5,21.0,21.0,station
2026-01-26,20.7,19.1,22.8,21.6,22.3,19.8,18.8,23.4,21.6,21.6,21.3,1.46,0.26,39,49,16.1,14.83,0.2,0.4325,0.9016,21.5,22.0,22.0,station
2026-01-27,22.8,21.8,23.7,23.5,23.4,22.5,21.4,23.8,23.5,23.4,23.04,0.77,0.12,39,15,10.0,17.24,0.0,0.4479,0.8941,23.2,25.0,25.0,station
2026-01-28,23.7,22.8,24.0,24.3,25.3,23.3,22.5,23.8,24.1,24.9,24.02,0.91,0.3,47,35,8.3,17.33,0.0,0.4633,0.8862,24.4,25.0,25.0,station
2026-01-29,23.3,22.4,24.3,24.4,24.5,23.3,21.7,24.2,24.2,24.2,23.78,0.91,0.26,46,98,11.8,15.14,0.0,0.4784,0.8781,23.7,24.0,24.0,station
2026-01-30,24.7,23.5,25.5,25.9,26.2,24.8,22.9,25.4,25.5,26.6,25.16,1.09,0.12,43,13,10.6,17.59,0.0,0.4935,0.8698,25.3,26.0,26.0,station
2026-01-31,26.3,24.2,24.2,26.9,27.2,26.2,24.2,24.3,26.7,26.7,25.76,1.46,0.14,50,1,9.5,17.4,0.0,0.5084,0.8611,26.7,27.0,27.0,station
2026-02-01,27.6,25.3,26.3,27.4,28.1,27.2,25.1,25.7,27.6,28.4,26.94,1.13,0.14,64,0,9.6,17.31,0.0,0.5231,0.8523,28.2,28.0,28.0,station
2026-02-02,27.1,26.1,27.5,28.2,28.6,27.0,26.0,27.4,27.9,27.9,27.5,0.98,0.26,44,0,13.3,17.49,0.0,0.5377,0.8432,28.1,29.0,29.0,station
2026-02-03,28.0,27.3,28.6,28.4,29.0,27.7,26.9,28.3,28.3,29.0,28.26,0.65,0.22,40,8,11.4,17.68,0.0,0.5521,0.8338,28.9,29.0,29.0,station
2026-02-04,27.9,26.4,28.3,28.4,28.9,27.5,26.2,28.5,28.0,29.3,27.98,0.95,0.08,37,1,16.8,18.03,0.0,0.5664,0.8242,28.7,29.0,29.0,station
2026-02-05,28.5,27.4,28.5,28.7,30.2,28.4,27.0,28.8,28.5,29.8,28.66,1.0,0.16,34,2,14.6,18.2,0.0,0.5805,0.8143,29.0,30.0,30.0,station
2026-02-06,29.5,27.8,28.9,29.2,30.3,29.7,27.6,28.5,29.3,30.6,29.14,0.91,0.0,42,26,10.9,18.33,0.0,0.5944,0.8042,30.1,30.0,30.0,station
2026-02-07,30.3,27.7,27.0,29.7,30.0,30.1,27.3,28.0,29.8,30.2,28.94,1.49,-0.14,58,95,10.0,18.06,0.0,0.6081,0.7938,30.8,31.0,31.0,station
2026-02-08,29.5,26.7,25.2,28.3,28.5,29.7,26.3,25.6,27.5,28.8,27.64,1.69,0.06,52,19,9.6,18.39,0.0,0.6217,0.7833,29.4,29.0,29.0,station
2026-02-09,27.7,25.3,26.6,26.3,27.3,27.1,25.1,26.6,25.8,27.4,26.64,0.93,0.24,75,11,14.6,16.89,0.0,0.6351,0.7725,27.2,29.0,29.0,station
2026-02-10,29.4,26.8,29.0,28.6,28.5,29.1,26.5,27.8,27.0,28.4,28.46,0.99,0.7,68,38,11.6,16.65,0.2,0.6483,0.7614,29.3,28.0,28.0,station
2026-02-11,28.6,26.7,29.7,29.7,29.0,28.6,27.4,30.2,29.6,28.9,28.74,1.23,-0.2,49,41,18.5,18.45,0.0,0.6613,0.7502,29.0,29.0,29.0,station
2026-02-12,30.5,28.3,30.1,30.3,30.6,30.4,28.4,30.5,31.1,30.6,29.96,0.95,-0.24,40,76,10.3,18.81,0.0,0.6741,0.7387,31.0,31.0,31.0,station
2026-02-13,31.6,28.0,29.3,29.2,30.0,31.7,27.6,30.3,29.1,30.2,29.62,1.32,-0.16,58,35,12.4,19.05,0.0,0.6867,0.727,30.2,30.0,30.0,station
2026-02-14,31.1,27.8,28.7,30.3,29.7,31.0,26.9,28.8,29.9,30.2,29.52,1.3,0.16,66,1,9.3,19.32,0.0,0.6991,0.715,30.1,30.0,30.0,station
2026-02-15,30.6,26.8,28.2,30.1,29.1,31.3,26.6,27.5,29.6,28.7,28.96,1.52,0.22,79,42,10.4,18.42,0.0,0.7113,0.7029,29.8,29.0,29.0,station
2026-02-16,27.4,25.0,26.5,24.6,27.7,27.6,25.5,26.6,24.9,26.9,26.24,1.39,-0.06,75,29,13.5,18.68,0.0,0.7233,0.6906,27.2,27.0,27.0,station
2026-02-17,27.9,25.2,25.3,26.7,26.8,27.5,24.5,26.0,24.2,28.1,26.38,1.13,0.32,71,24,8.3,16.13,0.9,0.735,0.678,26.7,26.0,26.0,station
2026-02-18,29.4,27.3,29.8,28.8,30.2,29.3,28.3,31.2,30.4,30.1,29.1,1.13,-0.76,53,12,8.0,18.51,0.0,0.7466,0.6653,28.9,28.0,28.0,station
2026-02-19,29.3,29.0,31.0,30.2,30.5,30.0,29.0,31.5,31.2,31.2,30.0,0.83,-0.58,39,0,19.1,19.93,0.0,0.7579,0.6523,29.7,31.0,31.0,station
2026-02-20,29.9,29.2,30.9,30.8,31.6,29.9,29.2,31.7,31.4,31.9,30.48,0.94,-0.34,37,0,20.7,19.99,0.0,0.769,0.6392,30.0,31.0,31.0,station
2026-02-21,31.6,30.3,31.4,30.9,32.3,31.7,30.4,32.4,31.8,33.1,31.3,0.75,-0.58,35,0,13.8,20.13,0.0,0.7799,0.6259,32.6,32.0,32.0,station
2026-02-22,30.1,27.8,26.7,27.3,29.3,30.0,28.0,27.5,27.7,31.0,28.24,1.42,-0.6,62,0,12.8,20.35,0.0,0.7906,0.6124,30.1,31.0,31.0,station
2026-02-23,30.6,28.0,27.2,27.7,29.6,29.7,28.4,26.6,27.8,28.6,28.62,1.43,0.4,71,16,10.7,19.69,0.0,0.801,0.5987,31.4,30.0,30.0,station
2026-02-24,33.3,31.0,28.6,33.0,32.2,32.7,30.7,29.5,32.0,32.2,31.62,1.91,0.2,61,34,9.3,19.49,0.0,0.8112,0.5848,33.1,34.0,34.0,station
2026-02-25,33.8,31.1,31.1,33.1,31.6,33.8,31.7,32.7,33.5,32.2,32.14,1.24,-0.64,47,1,12.8,20.36,0.0,0.8211,0.5708,33.3,32.0,32.0,station
2026-02-26,33.5,31.0,31.7,33.8,33.7,33.7,31.2,32.4,33.5,33.2,32.74,1.3,-0.06,55,6,13.6,20.48,0.0,0.8308,0.5566,33.3,32.0,32.0,station
2026-02-27,31.4,28.4,28.5,32.2,30.3,31.0,28.8,27.8,32.7,30.1,30.16,1.7,0.08,63,0,13.4,20.66,0.0,0.8402,0.5422,30.4,31.0,31.0,station
2026-02-28,31.7,28.0,29.0,30.2,30.4,31.6,28.0,29.0,30.9,30.0,29.86,1.41,-0.04,69,2,12.3,20.65,0.0,0.8495,0.5277,31.1,31.0,31.0,station
2026-03-01,31.2,27.5,29.3,27.7,29.2,31.4,27.3,28.7,27.7,29.0,28.98,1.49,0.16,72,31,11.1,20.44,0.0,0.8584,0.513,30.4,30.0,30.0,station
2026-03-02,33.4,29.3,29.8,29.7,31.2,33.1,28.3,29.4,29.3,31.6,30.68,1.68,0.34,75,27,12.4,20.5,0.0,0.8671,0.4981,32.3,31.0,31.0,station
2026-03-03,33.6,30.0,30.0,32.4,32.9,33.7,29.4,29.0,33.0,34.7,31.78,1.68,-0.18,63,26,11.9,21.66,0.0,0.8755,0.4831,33.0,32.0,32.0,station
2026-03-04,32.4,27.9,30.2,31.2,31.1,32.8,28.4,30.2,31.7,32.5,30.56,1.68,-0.56,71,32,12.0,21.29,0.0,0.8837,0.468,31.0,31.0,31.0,station
2026-03-05,30.7,27.6,29.9,29.2,29.4,31.1,27.3,30.0,31.0,30.7,29.36,1.14,-0.66,72,0,14.4,21.89,0.0,0.8916,0.4527,30.5,30.0,30.0,station
2026-03-06,32.8,28.6,30.7,29.5,31.7,32.8,28.7,30.6,29.8,31.1,30.66,1.68,0.06,74,11,13.1,21.83,0.0,0.8993,0.4373,32.1,33.0,33.0,station
2026-03-07,35.1,29.4,31.3,29.5,33.7,35.0,29.4,31.1,30.5,32.0,31.8,2.54,0.2,78,2,11.1,21.8,0.0,0.9067,0.4218,32.6,31.0,31.0,station
2026-03-08,33.8,29.8,31.2,29.5,32.5,33.9,29.6,31.1,29.4,32.4,31.36,1.81,0.08,77,41,9.9,21.41,0.0,0.9138,0.4061,31.7,32.0,32.0,station
2026-03-09,35.5,30.7,33.1,31.2,33.5,35.9,30.7,31.9,31.0,34.3,32.8,1.93,0.04,63,26,11.2,22.22,0.0,0.9207,0.3904,35.0,36.0,36.0,station
2026-03-10,34.7,31.1,33.0,30.7,33.8,33.8,29.9,32.2,33.0,33.2,32.66,1.72,0.24,62,34,12.4,22.18,0.0,0.9272,0.3745,35.0,36.0,36.0,station
2026-03-11,34.7,30.1,32.9,30.9,33.0,34.8,30.1,32.8,31.5,34.1,32.32,1.83,-0.34,76,65,11.3,21.69,0.0,0.9335,0.3585,33.0,33.0,33.0,station
2026-03-12,36.6,32.8,34.8,35.7,35.8,36.1,32.9,35.0,36.4,35.6,35.14,1.46,-0.06,47,57,14.4,21.97,0.0,0.9396,0.3424,37.2,38.0,38.0,station
2026-03-13,36.0,32.1,31.0,33.5,34.5,34.8,31.8,34.5,33.2,34.2,33.42,1.96,-0.28,43,2,12.8,22.65,0.0,0.9453,0.3261,35.6,34.0,34.0,station
2026-03-14,36.0,31.6,34.8,35.6,35.5,35.6,31.6,34.2,35.4,33.4,34.7,1.79,0.66,51,0,14.4,22.61,0.0,0.9508,0.3098,35.6,35.0,35.0,station
2026-03-15,35.8,34.2,36.0,36.8,35.3,36.1,34.1,36.3,36.7,35.4,35.62,0.96,-0.1,41,19,14.9,23.68,0.0,0.956,0.2934,36.9,37.0,37.0,station
2026-03-16,36.0,33.1,35.5,36.0,35.6,35.5,32.7,35.3,36.2,36.1,35.24,1.22,0.08,39,7,15.9,23.43,0.0,0.9609,0.2769,36.6,37.0,37.0,station
2026-03-17,32.8,29.8,30.5,30.0,32.9,32.4,30.0,31.1,29.9,31.5,31.2,1.53,0.22,67,73,14.4,22.58,0.0,0.9655,0.2604,31.5,30.0,30.0,station
2026-03-18,31.1,28.9,28.8,29.8,32.2,31.7,28.6,30.9,28.8,31.7,30.16,1.47,-0.18,75,68,14.6,18.73,2.0,0.9698,0.2437,31.5,30.0,30.0,station
2026-03-19,29.4,25.7,26.3,26.6,30.5,29.6,25.0,27.1,29.1,30.5,27.7,2.12,-0.56,78,71,9.6,11.54,6.0,0.9739,0.227,26.3,25.0,25.0,station
2026-03-20,30.4,27.8,29.7,28.4,30.7,30.8,27.8,29.6,30.1,31.8,29.4,1.26,-0.62,75,8,11.1,23.01,0.0,0.9777,0.2102,27.9,29.0,29.0,station
2026-03-21,30.0,27.8,29.1,28.0,30.3,29.3,27.8,29.0,28.1,30.1,29.04,1.13,0.18,80,87,12.1,18.93,0.1,0.9811,0.1934,28.6,29.0,29.0,station
2026-03-22,30.7,28.0,30.6,29.3,31.9,29.7,27.5,30.8,29.5,30.7,30.1,1.49,0.46,78,86,11.3,19.26,0.0,0.9843,0.1765,29.7,30.0,30.0,station
2026-03-23,31.8,28.7,30.7,30.5,32.0,31.6,28.9,31.7,30.8,30.9,30.74,1.32,-0.04,70,69,12.1,22.05,0.0,0.9872,0.1595,32.8,32.0,32.0,station
2026-03-24,32.6,29.5,30.6,31.4,32.9,32.5,29.2,30.8,32.0,32.1,31.4,1.41,0.08,72,76,9.5,14.98,0.0,0.9898,0.1425,31.5,34.0,34.0,station
2026-03-25,33.7,29.4,29.7,29.1,30.8,33.4,28.7,29.1,29.5,30.6,30.54,1.88,0.28,65,72,15.3,21.73,0.0,0.9921,0.1255,32.0,32.0,32.0,station
2026-03-26,31.9,29.2,30.1,30.5,31.0,32.9,29.2,31.1,29.5,30.3,30.54,1.01,-0.06,63,80,14.2,20.65,0.1,0.9941,0.1084,32.4,33.0,33.0,station
2026-03-27,34.2,30.1,31.9,31.9,33.2,33.5,30.1,31.4,32.6,32.3,32.26,1.55,0.28,69,30,17.5,22.64,0.3,0.9958,0.0913,32.9,32.0,32.0,station
2026-03-28,32.2,28.8,31.0,30.2,30.5,32.4,28.8,31.4,30.7,32.3,30.54,1.24,-0.58,66,76,20.9,20.82,0.0,0.9972,0.0741,32.0,32.0,32.0,station
2026-03-29,32.0,29.0,29.1,30.8,29.2,31.2,29.1,29.1,30.9,28.5,30.02,1.33,0.26,54,40,19.4,23.31,0.1,0.9984,0.057,30.8,31.0,31.0,station
2026-03-30,31.1,28.3,28.8,28.8,29.3,29.8,27.9,29.0,29.0,29.2,29.26,1.09,0.28,52,22,15.4,24.27,0.0,0.9992,0.0398,30.0,30.0,30.0,station
2026-03-31,29.6,27.4,27.2,28.2,29.0,30.4,27.3,27.7,29.4,27.6,28.28,1.03,-0.2,55,91,13.4,19.93,0.0,0.9997,0.0226,28.5,29.0,29.0,station
2026-04-01,31.8,28.4,28.7,29.5,31.2,32.7,28.2,29.4,29.5,31.2,29.92,1.51,-0.28,59,95,13.5,22.17,0.0,1.0,0.0054,30.8,30.0,30.0,station
2026-04-02,25.0,23.4,27.0,25.2,28.0,26.0,23.8,25.7,25.0,29.3,25.72,1.8,-0.24,81,93,14.5,12.21,8.4,0.9999,-0.0118,25.3,26.0,26.0,station
2026-04-03,28.2,25.6,28.1,26.0,24.4,26.6,25.5,27.7,26.3,26.5,26.46,1.65,-0.06,76,37,12.8,23.18,1.3,0.9996,-0.029,26.1,27.0,27.0,station
2026-04-04,28.6,27.6,29.0,29.3,29.0,29.9,27.8,29.3,28.9,28.8,28.7,0.66,-0.24,68,15,13.5,24.53,0.0,0.9989,-0.0462,28.5,31.0,31.0,station
2026-04-05,31.0,27.5,29.0,28.0,30.0,30.3,27.5,29.0,29.0,29.5,29.1,1.43,0.04,70,60,11.2,18.42,0.0,0.998,-0.0634,28.6,30.0,30.0,station
2026-04-06,29.5,28.0,28.7,29.4,30.7,29.9,27.8,28.2,28.9,30.0,29.26,1.01,0.3,73,28,20.4,21.26,2.5,0.9968,-0.0805,29.3,30.0,30.0,station
2026-04-07,31.7,29.1,30.0,30.0,30.4,30.5,28.8,30.1,29.9,30.7,30.24,0.94,0.24,69,5,17.1,24.93,2.2,0.9952,-0.0977,30.5,31.0,31.0,station
2026-04-08,32.6,30.1,30.0,30.2,31.7,32.8,29.3,31.7,31.5,32.2,30.92,1.17,-0.58,73,3,12.8,23.86,0.0,0.9934,-0.1148,32.3,31.0,31.0,station
2026-04-09,34.9,30.8,31.9,29.6,31.4,35.3,29.7,32.4,32.7,32.0,31.72,1.97,-0.7,70,33,15.2,24.35,0.0,0.9913,-0.1319,34.2,33.0,33.0,station
2026-04-10,35.4,31.7,31.6,,33.5,35.5,30.2,31.4,33.4,33.1,33.05,1.79,0.33,57,26,12.6,23.29,0.0,0.9889,-0.1489,34.9,35.0,35.0,station
2026-04-11,36.5,32.5,36.3,,34.3,36.3,31.5,36.1,32.4,34.3,34.9,1.88,0.78,58,7,12.6,25.15,0.0,0.9861,-0.1659,36.2,35.0,35.0,station
2026-04-12,39.3,35.7,37.4,,37.3,39.4,33.9,37.6,37.9,37.3,37.42,1.47,0.2,45,9,14.8,25.69,0.0,0.9831,-0.1828,39.7,38.0,38.0,station
2026-04-13,37.1,32.8,35.0,33.6,34.3,38.7,32.8,35.9,35.1,35.8,34.56,1.64,-1.1,54,17,17.7,25.24,0.0,0.9799,-0.1997,36.8,36.0,36.0,station
2026-04-14,37.6,33.3,35.1,36.3,34.9,36.7,33.0,34.6,35.5,33.2,35.44,1.61,0.84,53,31,13.5,25.48,0.0,0.9763,-0.2165,37.3,36.0,36.0,station
2026-04-15,37.2,33.2,33.9,32.3,33.5,36.7,32.7,33.1,36.2,34.6,34.02,1.87,-0.64,64,82,12.8,25.18,0.0,0.9724,-0.2333,36.1,34.0,34.0,station
2026-04-16,35.0,30.8,32.4,31.7,32.6,34.7,30.7,32.1,30.7,32.2,32.5,1.57,0.42,58,84,14.1,24.27,0.0,0.9683,-0.25,32.9,32.0,32.0,station
2026-04-17,37.8,32.5,33.7,33.7,35.5,37.8,32.7,33.7,33.2,35.0,34.64,2.07,0.16,53,40,14.6,25.87,0.0,0.9638,-0.2666,37.4,37.0,37.0,station
2026-04-18,34.6,30.5,32.6,31.9,33.0,35.1,30.8,32.0,31.3,32.4,32.52,1.5,0.2,63,58,13.2,25.26,0.0,0.9591,-0.2831,33.6,33.0,33.0,station
2026-04-19,34.9,31.3,33.8,31.4,32.9,35.2,31.7,32.9,31.9,33.3,32.86,1.55,-0.14,66,3,11.9,25.49,0.0,0.9541,-0.2996,34.2,33.0,33.0,station
2026-04-20,35.8,31.3,33.7,31.6,34.1,35.9,31.7,33.3,31.6,34.0,33.3,1.87,0.0,69,26,12.7,24.73,0.0,0.9488,-0.316,35.3,34.0,34.0,station
2026-04-21,35.1,30.5,32.1,30.8,32.6,34.5,30.4,32.3,30.4,32.9,32.22,1.83,0.12,67,30,13.9,25.65,0.0,0.9432,-0.3322,33.9,33.0,33.0,station
2026-04-22,34.4,30.0,31.5,30.9,32.4,34.7,30.1,31.9,31.0,32.5,31.84,1.68,-0.2,72,24,16.2,25.29,0.0,0.9373,-0.3484,34.6,33.0,33.0,station
2026-04-23,35.8,31.2,32.7,31.6,33.5,35.1,31.4,32.9,32.1,32.9,32.96,1.83,0.08,70,39,15.3,24.91,0.0,0.9312,-0.3645,34.8,34.0,34.0,station
2026-04-24,37.1,31.5,32.8,31.6,33.0,36.3,31.9,33.3,32.2,33.3,33.2,2.28,-0.2,74,62,13.9,24.65,0.0,0.9248,-0.3804,34.5,34.0,34.0,station
2026-04-25,38.6,33.0,35.4,34.2,35.0,39.6,33.4,34.5,33.1,34.4,35.24,2.09,0.24,69,39,11.8,25.38,0.0,0.9181,-0.3963,37.1,35.0,35.0,station
2026-04-26,38.8,34.6,37.9,35.2,35.9,38.8,34.6,36.1,34.9,35.5,36.48,1.8,0.5,56,7,14.8,25.99,0.0,0.9112,-0.412,38.9,39.0,39.0,station
2026-04-27,37.7,33.3,35.5,33.2,34.2,37.2,33.5,35.3,33.6,34.0,34.78,1.88,0.06,62,11,15.6,25.8,0.0,0.9039,-0.4276,36.5,35.0,35.0,station
2026-04-28,36.6,33.1,35.1,32.9,34.1,36.3,33.2,34.1,33.3,33.9,34.36,1.53,0.2,62,0,16.3,25.76,0.0,0.8965,-0.4431,35.7,34.0,34.0,station
2026-04-29,37.0,33.5,35.6,32.7,34.9,37.2,33.9,35.4,33.8,34.2,34.74,1.7,-0.16,67,8,12.9,25.63,0.0,0.8887,-0.4585,36.1,34.0,34.0,station
2026-04-30,38.6,33.8,36.4,33.8,35.0,38.3,34.1,35.8,33.3,34.6,35.52,2.03,0.3,66,0,14.4,25.81,0.0,0.8807,-0.4737,37.5,36.0,36.0,station
2026-05-01,41.6,34.9,36.5,35.7,36.4,41.4,35.0,36.8,36.3,35.6,37.02,2.64,0.0,53,0,14.4,26.01,0.0,0.8724,-0.4888,40.4,38.0,38.0,station
2026-05-02,39.8,35.7,38.5,36.2,36.3,39.2,35.3,38.7,35.8,35.9,37.3,1.76,0.32,45,0,17.9,26.83,0.0,0.8639,-0.5037,39.4,39.0,39.0,station
2026-05-03,43.6,36.9,35.9,38.5,37.9,42.0,36.4,36.2,39.9,35.9,38.56,2.99,0.48,49,4,12.8,26.11,0.0,0.8551,-0.5185,41.1,40.0,40.0,station
2026-05-04,41.8,39.9,42.6,40.8,38.8,41.8,39.8,41.7,39.7,39.3,40.78,1.5,0.32,23,0,17.3,27.44,0.0,0.846,-0.5331,43.1,43.0,43.0,station
2026-05-05,39.0,35.5,39.3,35.2,39.9,40.9,35.0,40.5,37.2,36.6,37.78,2.24,-0.26,53,4,14.7,25.13,0.0,0.8367,-0.5476,37.0,37.0,37.0,station
2026-05-06,38.8,35.3,34.4,32.6,36.7,39.8,34.6,35.4,34.1,38.6,35.56,2.34,-0.94,69,13,14.6,26.11,0.0,0.8272,-0.5619,37.6,38.0,38.0,station
2026-05-07,36.3,32.7,33.4,32.9,34.3,36.8,32.9,33.1,32.7,34.7,33.92,1.47,-0.12,74,15,16.5,25.27,0.0,0.8174,-0.5761,35.4,34.0,34.0,station
2026-05-08,35.5,32.4,32.7,33.1,34.2,36.4,33.0,34.2,32.8,33.9,33.58,1.27,-0.48,74,13,14.1,25.48,0.0,0.8074,-0.59,34.2,34.0,34.0,station
2026-05-09,36.1,33.2,33.4,33.0,34.2,36.5,33.3,33.2,33.1,34.8,33.98,1.27,-0.2,73,11,13.7,25.88,0.0,0.7971,-0.6038,35.0,34.0,34.0,station
2026-05-10,37.0,33.1,34.0,33.9,34.7,37.3,33.3,33.7,33.4,34.5,34.54,1.49,0.1,71,10,14.5,25.89,0.0,0.7866,-0.6175,35.5,35.0,35.0,station
2026-05-11,37.5,33.0,33.9,34.2,34.8,37.1,33.4,33.5,33.7,34.4,34.68,1.7,0.26,74,16,13.5,24.82,0.0,0.7759,-0.6309,35.5,35.0,35.0,station
2026-05-12,39.1,34.0,34.0,34.2,36.1,38.9,34.4,34.5,35.0,35.0,35.48,2.21,-0.08,67,26,12.0,25.28,0.0,0.7649,-0.6442,38.4,37.0,37.0,station
2026-05-13,40.4,36.0,36.6,37.6,38.6,39.2,35.4,35.6,34.8,39.5,37.84,1.74,0.94,54,1,19.5,26.01,0.0,0.7537,-0.6572,39.8,40.0,40.0,station
2026-05-14,36.7,33.6,34.1,35.0,35.7,38.2,34.1,34.3,35.4,36.1,35.02,1.24,-0.6,64,9,17.3,25.57,0.0,0.7423,-0.6701,35.5,35.0,35.0,station
2026-05-15,35.2,33.1,33.8,34.0,35.1,35.0,33.2,34.0,33.8,34.1,34.24,0.9,0.22,67,24,15.6,23.44,0.3,0.7306,-0.6828,35.0,35.0,35.0,station
2026-05-16,36.8,33.7,33.9,34.5,35.2,36.5,33.7,34.5,34.4,35.2,34.82,1.25,-0.04,66,20,13.1,25.55,0.0,0.7188,-0.6952,36.4,36.0,36.0,station
2026-05-17,38.0,34.2,35.5,35.2,35.9,37.5,34.2,35.2,35.4,35.5,35.76,1.4,0.2,63,14,13.3,26.57,0.0,0.7067,-0.7075,37.9,37.0,37.0,station
2026-05-18,34.8,32.8,33.5,33.2,34.4,35.6,33.0,33.7,33.3,34.2,33.74,0.84,-0.22,68,19,17.7,26.04,0.0,0.6945,-0.7195,34.8,34.0,34.0,station
2026-05-19,36.8,33.5,35.5,33.9,35.7,36.0,33.7,35.6,34.4,35.2,35.08,1.36,0.1,69,15,17.8,25.28,0.0,0.682,-0.7314,35.9,36.0,36.0,station
2026-05-20,36.6,33.6,34.5,33.7,34.7,37.2,33.6,34.2,34.1,34.8,34.62,1.21,-0.16,68,9,16.1,26.09,0.0,0.6693,-0.743,36.2,35.0,35.0,station
2026-05-21,35.1,33.2,33.8,34.4,35.0,35.5,33.4,33.6,33.3,35.1,34.3,0.81,0.12,70,20,16.0,25.1,0.0,0.6564,-0.7544,34.7,34.0,34.0,station
2026-05-22,37.2,34.4,33.9,35.4,34.8,36.7,34.2,33.8,35.1,35.0,35.14,1.28,0.18,69,15,14.5,25.51,0.0,0.6433,-0.7656,36.1,36.0,36.0,station
2026-05-23,35.8,33.9,33.9,34.5,34.6,36.1,34.2,34.2,34.8,35.3,34.54,0.78,-0.38,67,10,15.4,26.15,0.0,0.6301,-0.7765,35.5,35.0,35.0,station
2026-05-24,34.9,33.3,34.4,34.1,34.4,35.5,33.4,34.5,34.3,34.7,34.22,0.59,-0.26,68,19,17.2,25.07,0.0,0.6166,-0.7873,35.1,35.0,35.0,station
2026-05-25,36.4,33.6,34.1,35.1,35.3,36.4,33.9,34.1,35.3,34.9,34.9,1.09,-0.02,71,18,17.6,22.67,0.0,0.603,-0.7978,35.6,35.0,35.0,station
2026-05-26,38.7,34.4,35.3,36.5,36.3,38.4,34.4,35.1,37.4,36.0,36.24,1.61,-0.02,73,11,13.9,25.64,0.0,0.5892,-0.808,36.9,36.0,36.0,station
2026-05-27,37.2,33.9,34.6,35.7,34.9,37.1,34.0,34.6,35.3,34.8,35.26,1.26,0.1,73,11,15.4,25.54,0.0,0.5752,-0.818,36.6,35.0,35.0,station
2026-05-28,37.4,33.9,34.5,35.4,35.1,36.9,33.7,34.8,34.9,35.1,35.26,1.33,0.18,72,25,16.4,24.92,0.0,0.561,-0.8278,36.6,36.0,36.0,station
2026-05-29,38.6,34.5,34.7,36.7,36.2,38.0,34.2,33.9,35.9,35.6,36.14,1.67,0.62,71,13,17.7,25.42,0.0,0.5467,-0.8373,38.2,37.0,37.0,station
2026-05-30,38.8,35.3,36.7,37.0,36.9,40.4,35.3,36.5,37.2,38.6,36.94,1.25,-0.66,72,3,16.4,25.97,0.0,0.5322,-0.8466,37.9,36.0,36.0,station
2026-05-31,36.2,33.7,33.1,35.6,37.9,36.5,33.7,33.5,35.9,35.5,35.3,1.94,0.28,72,45,15.7,21.59,0.0,0.5176,-0.8556,35.3,35.0,35.0,station
2026-06-01,36.4,33.6,34.5,35.2,36.2,36.4,33.6,34.6,35.3,35.1,35.18,1.17,0.18,70,25,14.3,22.81,0.1,0.5028,-0.8644,35.6,36.0,36.0,station
2026-06-02,36.8,34.7,34.1,35.7,37.2,36.1,34.2,34.9,35.4,35.9,35.7,1.32,0.4,68,11,14.5,24.04,0.0,0.4878,-0.8729,36.4,37.0,37.0,station
2026-06-03,35.4,33.6,32.2,34.8,37.6,35.8,33.7,32.3,34.9,34.6,34.72,2.02,0.46,68,10,14.6,25.27,0.0,0.4728,-0.8812,35.1,36.0,36.0,station
2026-06-04,37.0,34.1,32.7,36.0,36.5,36.0,34.1,32.7,35.5,35.1,35.26,1.8,0.58,69,31,15.6,21.69,0.0,0.4575,-0.8892,34.8,35.0,35.0,station
2026-06-05,37.4,34.1,34.3,36.5,,37.0,34.3,33.3,36.9,35.9,35.58,1.63,0.1,71,30,14.1,23.71,0.0,0.4422,-0.8969,36.0,35.0,35.0,station
2026-06-06,36.5,33.7,33.7,35.7,,37.0,34.0,33.4,35.7,34.6,34.9,1.42,-0.04,70,19,15.4,24.8,0.0,0.4267,-0.9044,35.6,36.0,36.0,station
2026-06-07,37.9,34.3,34.5,37.4,,37.9,34.3,34.4,37.0,36.5,36.02,1.89,0.01,69,22,14.8,24.9,0.0,0.4111,-0.9116,36.7,36.0,36.0,station
2026-06-08,38.9,34.5,35.4,37.5,,40.4,34.8,35.4,37.6,37.2,36.58,2.0,-0.5,70,17,16.5,24.71,0.0,0.3953,-0.9185,36.7,36.0,36.0,station
2026-06-09,39.0,34.9,34.1,37.3,,40.6,35.2,33.8,37.5,37.1,36.33,2.24,-0.51,72,15,17.8,24.76,0.0,0.3795,-0.9252,36.6,36.0,36.0,station
2026-06-10,38.6,35.2,37.4,37.5,38.3,39.6,35.6,36.3,36.8,38.1,37.4,1.33,0.12,71,8,18.6,24.44,0.0,0.3635,-0.9316,37.1,37.0,37.0,station
2026-06-11,44.1,37.3,42.3,41.6,39.7,44.4,37.5,42.5,43.2,38.6,41.0,2.6,-0.24,63,1,15.1,26.01,0.0,0.3474,-0.9377,41.5,40.0,40.0,station
2026-06-12,38.8,34.9,36.6,37.7,37.2,39.4,34.5,36.1,38.0,38.1,37.04,1.44,-0.18,71,9,17.3,25.46,0.0,0.3312,-0.9436,37.2,37.0,37.0,station
2026-06-13,37.0,33.8,34.3,35.5,35.5,36.6,33.7,34.0,35.5,35.7,35.22,1.24,0.12,67,25,16.5,23.03,0.0,0.3149,-0.9491,35.5,36.0,36.0,station
2026-06-14,35.3,33.4,33.4,34.9,34.5,35.3,33.6,33.4,35.1,34.3,34.3,0.87,-0.04,65,53,20.6,19.18,0.1,0.2986,-0.9544,34.7,35.0,35.0,station
2026-06-15,35.2,32.8,32.5,34.8,33.7,35.2,33.2,32.7,35.3,33.8,33.8,1.19,-0.24,68,64,20.4,19.0,0.1,0.2821,-0.9594,33.9,34.0,34.0,station
2026-06-16,34.8,32.9,31.9,34.5,33.5,35.0,33.0,32.0,34.9,33.8,33.52,1.18,-0.22,69,47,16.8,19.21,0.2,0.2656,-0.9641,34.1,34.0,34.0,station
2026-06-17,35.2,32.9,32.6,34.5,34.0,35.3,33.1,32.7,34.2,33.9,33.84,1.09,0.0,65,54,15.2,21.82,0.0,0.2489,-0.9685,34.7,35.0,35.0,station
2026-06-18,35.1,33.0,32.1,34.8,32.9,34.9,32.9,32.3,35.0,33.9,33.58,1.3,-0.22,66,55,16.6,20.11,0.4,0.2322,-0.9727,34.6,34.0,34.0,station
2026-06-19,35.3,32.8,32.3,35.0,33.5,34.7,32.8,32.2,34.9,33.9,33.78,1.33,0.08,67,40,16.4,20.88,0.0,0.2155,-0.9765,34.5,35.0,35.0,station
2026-06-20,35.9,33.1,32.1,34.4,34.3,35.3,33.0,32.3,34.9,34.3,33.96,1.44,0.0,68,43,15.3,19.47,0.3,0.1986,-0.9801,34.0,35.0,35.0,station
2026-06-21,35.0,32.9,32.3,33.9,33.8,35.1,33.0,31.9,34.0,34.0,33.58,1.03,-0.02,67,36,17.7,22.54,0.1,0.1818,-0.9833,34.0,34.0,34.0,station
2026-06-22,35.2,33.1,32.4,34.2,33.9,35.0,33.1,32.5,34.1,34.1,33.76,1.07,0.0,67,43,17.5,21.84,0.2,0.1648,-0.9863,34.1,35.0,35.0,station
2026-06-23,35.0,33.2,33.3,34.4,32.9,35.4,33.4,33.5,35.1,33.9,33.76,0.9,-0.5,65,52,18.3,20.79,0.3,0.1478,-0.989,34.8,34.0,34.0,station
2026-06-24,34.8,32.7,32.8,34.3,33.6,34.8,33.0,33.1,34.0,34.0,33.64,0.92,-0.14,68,70,19.7,15.94,0.0,0.1308,-0.9914,33.8,34.0,34.0,station
2026-06-25,35.0,32.5,32.8,34.3,33.8,35.1,32.9,33.0,34.3,33.2,33.68,1.04,-0.02,68,59,17.3,17.83,0.3,0.1137,-0.9935,33.9,33.0,33.0,station
2026-06-26,35.3,32.9,32.5,34.8,33.4,35.4,32.9,32.5,34.9,33.8,33.78,1.22,-0.12,68,46,15.6,18.55,0.0,0.0966,-0.9953,34.5,35.0,35.0,station
2026-06-27,35.8,33.1,32.6,35.2,33.3,36.4,33.2,32.4,34.8,34.0,34.0,1.41,-0.16,69,52,14.4,16.67,0.0,0.0795,-0.9968,34.4,35.0,35.0,station
2026-06-28,35.2,32.8,32.3,34.0,33.2,34.8,33.0,31.8,33.9,33.0,33.5,1.14,0.2,70,51,18.1,18.16,0.2,0.0623,-0.9981,33.9,34.0,34.0,station
2026-06-29,34.2,32.2,32.3,33.8,33.1,34.3,32.6,32.6,34.0,32.8,33.12,0.89,-0.14,67,55,17.9,20.16,0.1,0.0451,-0.999,34.0,34.0,34.0,station
2026-06-30,34.7,32.3,32.8,33.9,32.6,34.1,32.2,33.0,33.6,32.2,33.26,1.01,0.24,69,58,18.8,16.55,0.3,0.028,-0.9996,33.4,34.0,34.0,station
2026-07-01,34.1,32.1,31.9,34.3,32.6,33.8,32.2,31.8,34.1,33.0,33.0,1.13,0.02,73,55,16.6,15.37,0.8,0.0108,-0.9999,32.9,32.0,32.0,station
2026-07-02,34.1,32.0,32.2,34.5,33.6,34.6,32.2,32.5,34.2,32.8,33.28,1.13,0.02,73,45,14.6,20.33,0.1,-0.0065,-1.0,34.3,34.0,34.0,station
2026-07-03,35.3,32.5,32.9,35.4,33.9,35.3,32.8,32.8,35.3,34.1,34.0,1.33,-0.06,70,52,15.2,20.42,0.0,-0.0237,-0.9997,35.2,36.0,36.0,station
2026-07-04,35.8,32.9,32.8,34.5,34.4,36.0,32.8,32.7,35.1,34.4,34.08,1.25,-0.12,71,64,14.8,18.22,0.0,-0.0408,-0.9992,34.6,34.0,34.0,station
2026-07-05,36.9,32.9,33.4,35.0,34.8,36.3,33.1,33.7,35.2,34.5,34.6,1.57,0.04,70,66,15.0,22.69,0.0,-0.058,-0.9983,35.3,34.0,34.0,station
2026-07-06,36.3,33.6,33.4,35.7,34.8,37.9,33.5,33.6,36.4,35.1,34.76,1.27,-0.54,71,37,14.3,24.0,0.0,-0.0752,-0.9972,36.3,36.0,36.0,station
2026-07-07,37.0,33.7,32.0,34.8,35.7,36.3,33.4,32.2,35.3,35.1,34.64,1.91,0.18,73,39,15.0,23.46,0.0,-0.0923,-0.9957,36.4,35.0,35.0,station
2026-07-08,35.9,33.2,32.8,34.3,34.4,37.6,33.3,33.3,35.0,34.9,34.12,1.21,-0.7,72,85,16.9,20.95,0.0,-0.1094,-0.994,34.2,34.0,34.0,station
2026-07-09,35.2,32.5,32.7,34.1,33.7,35.7,32.6,32.2,33.9,34.2,33.64,1.1,-0.08,70,53,19.7,21.11,0.1,-0.1265,-0.992,34.1,34.0,34.0,station
2026-07-10,34.1,32.0,32.2,33.6,33.2,34.2,32.0,31.9,33.1,33.6,33.02,0.9,0.06,71,82,21.7,18.59,0.0,-0.1436,-0.9896,33.4,33.0,33.0,station
2026-07-11,33.9,31.8,31.7,33.4,33.3,34.3,31.9,30.9,33.5,33.8,32.82,1.0,-0.06,75,64,22.7,17.38,0.1,-0.1606,-0.987,32.7,34.0,34.0,station
2026-07-12,35.8,32.5,31.2,32.9,33.9,35.3,32.3,31.4,33.9,33.9,33.26,1.72,-0.1,72,29,20.0,23.09,0.0,-0.1775,-0.9841,34.4,33.0,33.0,station
2026-07-13,34.8,31.8,31.3,33.3,33.6,34.4,31.8,30.4,33.0,32.8,32.96,1.42,0.48,70,69,22.4,22.45,0.3,-0.1944,-0.9809,33.7,33.0,33.0,station
2026-07-14,32.9,31.1,31.2,32.8,32.4,33.1,31.2,31.7,32.6,32.7,32.08,0.87,-0.18,76,71,19.1,17.85,2.1,-0.2113,-0.9774,32.6,33.0,33.0,station
2026-07-15,32.3,31.4,31.6,32.1,31.2,32.5,31.3,31.7,32.7,32.8,31.72,0.47,-0.48,71,59,16.2,19.61,0.2,-0.2281,-0.9736,33.0,34.0,34.0,station
2026-07-16,33.3,32.0,32.1,32.9,31.5,33.3,31.9,32.0,33.2,31.8,32.36,0.73,-0.08,73,53,14.8,18.55,0.4,-0.2448,-0.9696,33.0,33.0,33.0,station
2026-07-17,33.5,31.6,32.1,33.1,32.5,33.8,31.7,32.5,32.6,32.6,32.56,0.76,-0.08,71,50,16.7,19.29,0.3,-0.2614,-0.9652,33.1,34.0,34.0,station
2026-07-18,33.6,31.2,32.0,33.0,32.6,33.2,31.2,31.9,32.9,31.8,32.48,0.92,0.28,70,63,18.5,18.71,0.3,-0.278,-0.9606,32.9,33.0,33.0,station
2026-07-19,32.4,30.7,31.4,32.1,31.3,33.0,30.9,31.1,32.1,31.1,31.58,0.68,-0.06,75,83,15.2,13.04,0.6,-0.2945,-0.9557,31.2,32.0,32.0,station
2026-07-20,32.7,30.7,31.6,31.7,32.0,33.8,30.9,32.1,32.3,31.6,31.74,0.72,-0.4,76,80,14.5,16.01,0.4,-0.3109,-0.9505,32.6,32.0,32.0,station
2026-07-21,32.0,31.1,32.0,32.4,32.2,32.9,31.3,32.1,33.3,31.9,31.94,0.5,-0.36,77,86,12.9,10.43,0.3,-0.3272,-0.945,31.4,33.0,33.0,station
2026-07-22,34.1,32.5,32.2,33.6,33.7,34.0,32.5,32.2,33.9,33.5,33.22,0.82,0.0,75,60,12.6,16.06,0.1,-0.3434,-0.9392,32.9,34.0,34.0,station
2026-07-23,35.2,34.0,32.3,35.1,34.3,35.5,33.7,31.5,35.7,34.2,34.18,1.17,0.06,70,54,14.4,19.93,0.0,-0.3595,-0.9332,36.0,34.0,34.0,station
2026-07-24,35.5,33.8,31.7,35.4,34.2,32.8,33.3,31.1,34.4,34.4,34.12,1.54,0.92,71,86,13.4,20.66,0.1,-0.3755,-0.9268,35.3,34.0,34.0,station
2026-07-25,35.4,32.1,33.1,34.1,34.5,35.7,32.7,31.1,35.0,34.0,33.84,1.28,0.14,72,100,14.3,12.34,0.4,-0.3914,-0.9202,34.2,33.0,33.0,station
2026-07-26,37.3,33.1,34.0,34.5,34.6,34.6,32.9,31.3,35.0,35.3,34.7,1.57,0.88,69,82,11.6,15.42,0.1,-0.4071,-0.9134,35.0,35.0,35.0,station
2026-07-27,34.5,32.4,32.6,34.0,33.5,35.3,32.5,32.0,34.4,34.0,33.4,0.9,-0.24,68,60,15.8,21.16,0.0,-0.4228,-0.9062,34.7,34.0,34.0,station
2026-07-28,34.5,31.8,32.4,34.3,34.0,33.4,31.9,32.2,34.2,33.7,33.4,1.22,0.32,70,55,17.3,20.42,0.0,-0.4383,-0.8988,33.2,,,
