datum,p1_ifs,p1_aifs,p1_gfs,p1_icon,p1_gem,p2_ifs,p2_aifs,p2_gfs,p2_icon,p2_gem,mm_gem,mm_spreiding,run2run,rh_gem,bewolking_gem,wind_max,instraling_som,neerslag_som,doy_sin,doy_cos,era5_max,station_max,doel,doelbron
2023-11-01,,,30.5,,,,,30.1,,,,,,74,16,26.7,16.44,0.9,-0.8606,0.5093,28.6,30.6,30.6,station
2023-11-02,,,25.5,,,,,24.9,,,,,,73,63,33.4,13.06,2.3,-0.8517,0.524,26.7,26.7,26.7,station
2023-11-03,,,26.4,,,,,26.6,,,,,,66,64,26.6,13.49,0.0,-0.8426,0.5386,27.5,28.3,28.3,station
2023-11-04,,,26.7,,,,,28.9,,,,,,75,94,18.3,12.54,0.0,-0.8332,0.553,28.0,28.3,28.3,station
2023-11-05,,,29.8,,,,,28.9,,,,,,77,57,20.0,16.21,0.4,-0.8235,0.5672,28.2,29.4,29.4,station
2023-11-06,,,28.6,,,,,28.3,,,,,,67,87,19.4,18.32,0.0,-0.8137,0.5813,28.4,29.4,29.4,station
2023-11-07,,,28.6,,,,,28.6,,,,,,77,47,18.0,16.2,0.0,-0.8035,0.5952,29.1,29.4,29.4,station
2023-11-08,,,28.4,,,,,28.2,,,,,,76,43,17.7,14.07,0.5,-0.7932,0.609,28.6,29.4,29.4,station
2023-11-09,,,28.7,,,,,28.7,,,,,,77,43,16.1,14.58,0.3,-0.7826,0.6225,28.6,29.4,29.4,station
2023-11-10,,,30.0,,,,,28.4,,,,,,81,21,14.6,15.95,0.9,-0.7718,0.6359,29.7,30.6,30.6,station
2023-11-11,,,29.7,,,,,29.4,,,,,,80,27,16.5,16.51,0.0,-0.7607,0.6491,29.9,31.1,31.1,station
2023-11-12,,,29.4,,,,,29.2,,,,,,76,79,14.1,15.74,0.1,-0.7494,0.6621,29.6,30.6,30.6,station
2023-11-13,,,28.9,,,,,28.9,,,,,,83,95,19.0,12.69,3.8,-0.7379,0.6749,29.0,30.0,30.0,station
2023-11-14,,,27.7,,,,,28.9,,,,,,83,95,24.1,10.79,2.6,-0.7262,0.6875,28.2,28.3,28.3,station
2023-11-15,,,25.3,,,,,25.8,,,,,,86,100,34.6,2.23,104.0,-0.7143,0.6998,24.5,26.1,26.1,station
2023-11-16,,,24.8,,,,,27.0,,,,,,86,64,40.0,11.78,170.6,-0.7021,0.712,28.3,26.7,26.7,station
2023-11-17,,,30.5,,,,,29.7,,,,,,86,52,13.6,14.67,0.0,-0.6898,0.724,28.4,28.3,28.3,station
2023-11-18,,,27.9,,,,,28.7,,,,,,85,55,21.0,12.4,0.4,-0.6772,0.7358,26.2,26.1,26.1,station
2023-11-19,,,28.3,,,,,28.8,,,,,,82,12,14.6,16.23,0.1,-0.6645,0.7473,26.8,29.4,29.4,station
2023-11-20,,,28.0,,,,,27.7,,,,,,81,13,15.8,15.74,0.3,-0.6515,0.7586,27.3,29.4,29.4,station
2023-11-21,,,27.5,,,,,27.2,,,,,,72,17,20.1,16.5,0.0,-0.6384,0.7697,26.5,28.3,28.3,station
2023-11-22,,,29.0,,,,,28.5,,,,,,76,36,14.1,14.98,0.0,-0.625,0.7806,28.0,30.0,30.0,station
2023-11-23,,,29.6,,,,,29.0,,,,,,87,69,12.3,13.71,0.7,-0.6115,0.7912,27.0,28.9,28.9,station
2023-11-24,,,27.9,,,,,27.9,,,,,,92,94,10.4,9.69,9.9,-0.5978,0.8016,25.9,27.8,27.8,station
2023-11-25,,,26.6,,,,,26.6,,,,,,89,76,12.8,11.51,4.4,-0.584,0.8118,26.6,28.3,28.3,station
2023-11-26,,,28.2,,,,,27.0,,,,,,84,47,20.9,12.67,1.1,-0.5699,0.8217,27.5,28.9,28.9,station
2023-11-27,,,29.2,,,,,29.7,,,,,,85,15,17.1,15.64,0.0,-0.5557,0.8314,26.4,26.7,26.7,station
2023-11-28,,,25.3,,,,,25.9,,,,,,77,67,18.8,15.56,0.0,-0.5413,0.8408,23.6,24.4,24.4,station
2023-11-29,,,23.6,,,,,23.7,,,,,,74,91,18.9,12.92,0.0,-0.5268,0.85,23.5,24.4,24.4,station
2023-11-30,,,25.4,,,,,25.9,,,,,,75,72,18.6,14.76,0.0,-0.5121,0.859,25.4,27.2,27.2,station
2023-12-01,,,27.7,,,,,27.7,,,,,,82,69,17.1,13.02,0.0,-0.4972,0.8676,27.7,29.4,29.4,station
2023-12-02,,,28.4,,,,,28.4,,,,,,87,95,20.5,13.28,0.6,-0.4822,0.8761,28.4,29.4,29.4,station
2023-12-03,,,30.3,,,,,29.7,,,,,,85,49,15.6,13.72,1.5,-0.4671,0.8842,29.0,31.1,31.1,station
2023-12-04,,,30.9,,,,,30.7,,,,,,84,80,9.5,13.69,0.0,-0.4518,0.8921,29.2,29.4,29.4,station
2023-12-05,,,29.1,,,,,28.4,,,,,,73,96,14.5,14.64,0.0,-0.4364,0.8998,27.5,28.3,28.3,station
2023-12-06,,,23.1,,,,,24.0,,,,,,57,86,19.8,13.18,0.0,-0.4208,0.9071,21.5,21.7,21.7,station
2023-12-07,,,23.2,,,,,23.6,,,,,,68,87,15.9,12.92,0.0,-0.4052,0.9142,23.5,23.9,23.9,station
2023-12-08,,,24.2,,,,,24.1,,,,,,64,98,22.9,9.51,0.0,-0.3894,0.9211,25.2,25.6,25.6,station
2023-12-09,,,26.7,,,,,27.1,,,,,,69,65,22.4,11.22,0.0,-0.3735,0.9276,26.6,27.2,27.2,station
2023-12-10,,,27.5,,,,,27.5,,,,,,73,78,23.7,12.6,1.4,-0.3575,0.9339,27.4,27.8,27.8,station
2023-12-11,,,24.5,,,,,24.9,,,,,,77,90,19.1,13.14,0.1,-0.3413,0.9399,22.7,22.2,22.2,station
2023-12-12,,,24.3,,,,,23.9,,,,,,73,96,22.1,10.28,0.0,-0.3251,0.9457,25.0,24.4,24.4,station
2023-12-13,,,24.1,,,,,25.7,,,,,,87,97,27.8,1.25,147.7,-0.3088,0.9511,23.1,23.9,23.9,station
2023-12-14,,,23.1,,,,,25.0,,,,,,82,86,35.8,7.57,17.9,-0.2924,0.9563,23.6,22.8,22.8,station
2023-12-15,,,23.7,,,,,23.0,,,,,,76,100,34.6,5.31,5.4,-0.2759,0.9612,22.6,23.3,23.3,station
2023-12-16,,,24.0,,,,,23.5,,,,,,90,100,34.1,2.07,46.8,-0.2593,0.9658,23.2,24.4,24.4,station
2023-12-17,,,25.9,,,,,24.6,,,,,,82,54,37.2,11.99,31.3,-0.2427,0.9701,25.2,25.6,25.6,station
2023-12-18,,,24.2,,,,,23.7,,,,,,79,14,19.8,13.85,0.0,-0.226,0.9741,22.7,23.3,23.3,station
2023-12-19,,,22.9,,,,,22.9,,,,,,77,4,19.4,15.77,0.0,-0.2092,0.9779,21.0,22.8,22.8,station
2023-12-20,,,20.9,,,,,20.8,,,,,,69,74,25.3,9.39,0.0,-0.1923,0.9813,21.5,21.7,21.7,station
2023-12-21,,,23.2,,,,,22.3,,,,,,65,69,24.6,12.54,0.0,-0.1754,0.9845,23.1,25.0,25.0,station
2023-12-22,,,23.4,,,,,23.8,,,,,,73,95,18.3,8.96,0.0,-0.1585,0.9874,23.1,23.9,23.9,station
2023-12-23,,,24.3,,,,,24.3,,,,,,75,65,20.6,13.0,0.6,-0.1414,0.9899,24.0,24.4,24.4,station
2023-12-24,,,24.3,,,,,24.9,,,,,,74,98,24.9,9.03,1.8,-0.1244,0.9922,23.9,25.6,25.6,station
2023-12-25,,,25.0,,,,,24.2,,,,,,77,99,25.8,5.37,10.9,-0.1073,0.9942,24.5,24.4,24.4,station
2023-12-26,,,27.6,,,,,27.9,,,,,,87,71,22.1,12.09,8.6,-0.0902,0.9959,26.7,27.8,27.8,station
2023-12-27,,,27.1,,,,,27.5,,,,,,84,86,11.5,15.12,0.0,-0.073,0.9973,24.1,24.4,24.4,station
2023-12-28,,,22.3,,,,,22.9,,,,,,91,91,21.6,3.69,19.2,-0.0559,0.9984,18.7,20.0,20.0,station
2023-12-29,,,21.6,,,,,22.1,,,,,,81,89,18.8,12.04,0.0,-0.0387,0.9993,21.4,21.1,21.1,station
2023-12-30,,,,,,,,,,,,,,82,80,11.9,5.97,0.0,-0.0215,0.9998,18.1,18.3,18.3,station
2023-12-31,,,,,,,,,,,,,,78,10,10.1,15.94,0.0,-0.0043,1.0,20.1,,,
2024-01-01,,,,,,,,,,,,,,81,17,10.7,15.98,0.0,0.0172,0.9999,21.3,22.2,22.2,station
2024-01-02,,,,,,,,,,,,,,78,94,13.4,13.85,0.0,0.0344,0.9994,21.0,21.7,21.7,station
2024-01-03,,,,,,,,,,,,,,77,92,19.1,12.82,0.0,0.0516,0.9987,21.8,22.8,22.8,station
2024-01-04,,,,,,,,,,,,,,82,59,20.9,10.49,0.8,0.0688,0.9976,24.3,25.6,25.6,station
2024-01-05,,,,,,,,,,,,,,81,69,20.9,12.9,0.9,0.0859,0.9963,24.1,25.0,25.0,station
2024-01-06,,,,,,,,,,,,,,84,77,26.9,9.99,12.7,0.103,0.9947,26.3,26.7,26.7,station
2024-01-07,,,,,,,,,,,,,,87,66,22.3,7.17,5.0,0.1201,0.9928,23.5,22.8,22.8,station
2024-01-08,,,,,,,,,,,,,,77,98,26.0,10.26,0.0,0.1372,0.9905,24.3,23.9,23.9,station
2024-01-09,,,,,,,,,,,,,,80,98,39.0,11.95,0.4,0.1542,0.988,26.5,26.1,26.1,station
2024-01-10,,,,,,,,,,,,,,82,97,25.2,10.74,3.3,0.1712,0.9852,24.9,22.8,22.8,station
2024-01-11,,,,,,,,,,,,,,90,100,14.2,4.83,26.0,0.1881,0.9821,22.1,21.7,21.7,station
2024-01-12,,,,,,,,,,,,,,88,76,24.5,13.46,4.6,0.205,0.9788,28.4,30.0,30.0,station
2024-01-13,,,,,,,,,,,,,,84,52,28.6,12.86,1.9,0.2218,0.9751,27.9,30.0,30.0,station
2024-01-14,,,,,,,,,,,,,,87,99,19.6,5.98,3.3,0.2385,0.9711,23.7,23.9,23.9,station
2024-01-15,,,,,,,,,,,,,,85,83,20.9,12.45,0.6,0.2552,0.9669,26.9,26.7,26.7,station
2024-01-16,,,,,,,,,,,,,,92,76,22.1,9.9,10.0,0.2718,0.9624,26.8,28.9,28.9,station
2024-01-17,,,,,,,,,,,,,,86,93,19.2,6.88,0.1,0.2883,0.9575,22.0,23.9,23.9,station
2024-01-18,,,,,,,,,,,,,,85,92,18.9,11.6,3.3,0.3047,0.9524,26.2,26.7,26.7,station
2024-01-19,,,27.0,25.9,28.5,,,,,,,,,93,100,20.4,9.64,9.5,0.3211,0.9471,26.0,24.4,24.4,station
2024-01-20,,,20.9,21.5,22.6,,,21.1,20.5,22.8,,,,78,63,19.8,15.53,0.1,0.3373,0.9414,21.8,22.8,22.8,station
2024-01-21,,,19.1,19.7,22.1,,,21.2,19.3,21.6,,,,68,74,27.3,14.48,0.0,0.3534,0.9355,21.2,21.1,21.1,station
2024-01-22,,,22.3,22.2,23.6,,,21.5,22.4,23.3,,,,63,95,29.2,10.51,0.0,0.3695,0.9292,22.3,23.9,23.9,station
2024-01-23,,,24.9,25.5,26.3,,,25.2,25.1,26.5,,,,68,88,28.4,11.87,0.0,0.3854,0.9227,24.8,26.1,26.1,station
2024-01-24,,,26.0,26.5,27.6,,,26.3,26.1,27.3,,,,79,88,25.6,13.91,0.1,0.4012,0.916,25.8,27.2,27.2,station
2024-01-25,,,26.3,26.0,27.0,,,26.3,26.0,27.8,,,,81,100,22.7,12.55,0.0,0.4169,0.9089,25.9,26.1,26.1,station
2024-01-26,,,25.7,26.3,27.5,,,27.5,26.2,27.7,,,,82,78,16.1,15.79,0.0,0.4325,0.9016,26.4,27.2,27.2,station
2024-01-27,,,25.8,26.8,27.4,,,27.2,26.5,27.9,,,,86,40,26.4,14.36,1.0,0.4479,0.8941,26.5,27.2,27.2,station
2024-01-28,,,30.1,28.4,30.4,,,29.9,28.9,29.8,,,,81,18,24.4,14.41,1.0,0.4633,0.8862,28.1,28.9,28.9,station
2024-01-29,,,17.7,19.2,20.1,,,19.8,19.6,20.2,,,,70,0,23.4,18.67,0.0,0.4784,0.8781,18.5,19.4,19.4,station
2024-01-30,,,21.6,21.9,23.6,,,22.4,22.5,23.4,,,,76,25,13.0,15.97,0.0,0.4935,0.8698,21.1,21.7,21.7,station
2024-01-31,,,23.4,22.6,23.0,,,23.2,22.4,23.2,,,,70,9,19.5,18.15,0.0,0.5084,0.8611,22.3,22.2,22.2,station
2024-02-01,,,23.3,23.3,24.9,,,23.3,23.7,24.8,,,,71,80,13.7,16.78,0.0,0.5231,0.8523,22.9,22.2,22.2,station
2024-02-02,,,24.2,24.7,26.3,,,24.1,23.9,25.8,,,,70,76,9.5,12.4,0.0,0.5377,0.8432,23.8,23.9,23.9,station
2024-02-03,,,25.2,24.3,24.2,,,23.5,24.6,25.2,,,,79,18,15.3,17.0,0.1,0.5521,0.8338,24.0,25.0,25.0,station
2024-02-04,24.5,,23.4,24.1,22.9,,,24.4,23.8,25.3,23.73,0.71,,78,55,26.1,6.6,9.1,0.5664,0.8242,23.8,23.3,23.3,station
2024-02-05,18.9,,18.6,20.5,19.9,21.8,,23.4,21.2,19.4,19.48,0.88,-1.97,84,78,18.1,10.54,5.3,0.5805,0.8143,19.9,20.0,20.0,station
2024-02-06,20.6,,16.1,19.2,17.0,20.2,,20.5,19.4,16.3,18.23,2.05,-0.88,77,44,28.8,16.16,0.1,0.5944,0.8042,20.7,21.1,21.1,station
2024-02-07,23.4,,22.7,22.6,23.5,22.6,,23.7,22.4,23.5,23.05,0.47,0.0,67,8,23.7,18.53,0.0,0.6081,0.7938,23.6,24.4,24.4,station
2024-02-08,23.2,,22.8,23.3,25.0,22.8,,22.8,23.5,25.1,23.57,0.97,0.02,76,53,18.4,15.75,0.0,0.6217,0.7833,23.5,24.4,24.4,station
2024-02-09,23.5,,22.7,24.3,25.5,23.6,,23.7,24.2,25.5,24.0,1.19,-0.25,70,60,19.0,15.02,0.0,0.6351,0.7725,24.4,24.4,24.4,station
2024-02-10,23.9,,24.4,24.5,25.7,23.6,,24.1,25.0,26.1,24.62,0.76,-0.08,69,59,19.3,15.4,0.2,0.6483,0.7614,24.5,25.6,25.6,station
2024-02-11,24.8,,25.7,25.4,27.7,24.8,,25.9,25.5,26.7,25.9,1.26,0.17,78,26,25.1,15.92,1.2,0.6613,0.7502,25.8,26.1,26.1,station
2024-02-12,26.2,,27.5,27.8,29.9,26.3,,29.1,28.1,30.0,27.85,1.53,-0.52,78,27,29.3,17.67,0.2,0.6741,0.7387,28.2,29.4,29.4,station
2024-02-13,26.4,,25.4,27.7,28.0,25.7,,27.4,27.5,28.7,26.88,1.2,-0.45,78,56,17.9,11.8,1.1,0.6867,0.727,27.3,27.2,27.2,station
2024-02-14,24.0,,24.0,23.9,26.3,24.1,,24.5,23.5,26.0,24.55,1.17,0.03,74,12,17.6,17.81,0.0,0.6991,0.715,25.7,26.1,26.1,station
2024-02-15,23.9,,24.7,25.6,26.2,24.4,,24.7,25.3,26.1,25.1,1.01,-0.02,67,31,17.1,17.36,0.0,0.7113,0.7029,24.4,25.0,25.0,station
2024-02-16,24.8,,25.5,25.2,26.7,25.0,,25.7,25.6,26.8,25.55,0.82,-0.22,71,61,20.0,17.17,0.0,0.7233,0.6906,27.1,25.0,25.0,station
2024-02-17,27.1,,29.0,28.7,30.1,26.8,,29.9,29.3,28.3,28.73,1.24,0.15,79,99,21.4,16.02,4.2,0.735,0.678,27.9,28.3,28.3,station
2024-02-18,23.3,,24.8,23.9,23.7,23.1,,26.5,23.2,28.1,23.93,0.63,-1.3,93,100,14.3,4.26,47.9,0.7466,0.6653,23.1,24.4,24.4,station
2024-02-19,22.3,,18.9,21.1,19.6,21.7,,21.9,20.9,19.9,20.48,1.52,-0.62,85,76,25.5,11.25,11.0,0.7579,0.6523,21.3,20.6,20.6,station
2024-02-20,20.2,,18.0,19.5,18.3,20.6,,23.4,19.9,18.6,19.0,1.03,-1.62,72,0,14.9,21.62,0.0,0.769,0.6392,20.5,21.1,21.1,station
2024-02-21,21.1,,21.0,20.6,21.7,20.8,,23.2,20.8,21.1,21.1,0.45,-0.38,70,1,18.2,21.63,0.0,0.7799,0.6259,21.3,22.8,22.8,station
2024-02-22,22.2,,23.5,23.3,24.3,22.5,,23.8,23.0,24.3,23.32,0.87,-0.07,75,32,12.2,18.14,0.0,0.7906,0.6124,22.8,23.3,23.3,station
2024-02-23,24.1,,23.7,25.6,28.8,23.3,,26.6,25.7,28.7,25.55,2.32,-0.52,78,21,23.2,17.32,0.0,0.801,0.5987,24.3,26.1,26.1,station
2024-02-24,23.3,,23.1,23.7,25.4,23.0,,24.6,24.9,25.2,23.88,1.05,-0.55,70,50,20.9,17.75,1.8,0.8112,0.5848,24.0,24.4,24.4,station
2024-02-25,22.6,,24.3,23.8,25.3,21.7,,23.8,23.4,24.8,24.0,1.12,0.57,57,0,15.3,22.23,0.0,0.8211,0.5708,23.0,24.4,24.4,station
2024-02-26,23.2,,23.8,24.2,25.2,22.8,,23.4,23.7,25.0,24.1,0.84,0.38,71,12,15.4,19.63,0.0,0.8308,0.5566,23.7,24.4,24.4,station
2024-02-27,24.2,,24.7,24.8,25.8,24.1,,24.6,24.9,25.5,24.88,0.67,0.1,67,10,19.7,21.19,0.0,0.8402,0.5422,24.6,25.0,25.0,station
2024-02-28,24.7,,25.6,25.7,27.7,24.6,,25.9,25.9,27.2,25.93,1.27,0.03,70,46,20.8,18.17,0.0,0.8495,0.5277,25.9,26.1,26.1,station
2024-02-29,25.4,,26.9,26.4,28.5,25.5,,26.5,26.4,28.4,26.8,1.29,0.1,77,98,15.7,19.27,0.1,0.8584,0.513,27.1,27.2,27.2,station
2024-03-01,24.8,,26.0,25.8,27.2,25.4,,26.6,25.9,26.9,25.95,0.98,-0.25,77,100,26.0,16.66,1.3,0.8671,0.4981,25.5,26.1,26.1,station
2024-03-02,25.7,,26.5,26.4,27.3,26.0,,26.2,26.4,27.2,26.48,0.66,0.03,75,100,20.1,16.47,0.5,0.8755,0.4831,26.3,26.1,26.1,station
2024-03-03,26.3,,27.6,27.1,28.9,25.3,,28.0,26.9,27.2,27.48,1.09,0.62,82,80,17.8,17.29,25.5,0.8837,0.468,27.6,27.8,27.8,station
2024-03-04,26.0,,26.0,27.2,25.4,26.3,,28.6,27.6,29.6,26.15,0.75,-1.88,85,74,12.9,17.42,4.0,0.8916,0.4527,27.4,28.9,28.9,station
2024-03-05,25.8,,27.5,27.3,27.7,25.6,,26.8,27.0,26.5,27.07,0.87,0.6,83,96,16.2,19.56,0.0,0.8993,0.4373,27.9,27.8,27.8,station
2024-03-06,24.5,,24.1,26.5,28.1,25.6,,28.0,26.0,28.4,25.8,1.86,-1.2,88,85,19.5,10.72,12.5,0.9067,0.4218,26.2,26.7,26.7,station
2024-03-07,25.1,,25.8,26.1,27.6,25.9,,29.6,26.1,26.3,26.15,1.05,-0.82,89,45,19.4,15.02,17.0,0.9138,0.4061,26.2,30.0,30.0,station
2024-03-08,27.3,,27.1,27.5,30.4,27.0,,28.6,27.2,29.3,28.07,1.56,0.05,86,76,17.3,19.54,0.7,0.9207,0.3904,28.7,28.9,28.9,station
2024-03-09,27.6,,29.1,28.9,30.8,27.9,,29.2,28.6,30.8,29.1,1.31,-0.02,86,92,25.2,19.27,2.9,0.9272,0.3745,28.7,29.4,29.4,station
2024-03-10,29.0,,29.3,29.0,31.2,29.5,,31.7,29.0,32.1,29.62,1.06,-0.95,83,56,24.5,16.1,0.5,0.9335,0.3585,30.6,30.6,30.6,station
2024-03-11,24.1,,25.7,24.6,27.0,23.8,,25.6,24.5,26.6,25.35,1.29,0.23,75,20,18.7,23.39,0.0,0.9396,0.3424,25.4,26.1,26.1,station
2024-03-12,25.2,,26.1,26.1,27.8,25.2,,25.7,25.7,27.5,26.3,1.09,0.28,70,23,14.7,20.71,0.0,0.9453,0.3261,25.8,26.1,26.1,station
2024-03-13,27.2,,25.9,28.0,30.0,26.9,,27.2,27.3,29.4,27.77,1.72,0.07,70,41,14.7,19.11,0.0,0.9508,0.3098,27.4,27.2,27.2,station
2024-03-14,26.6,26.2,27.8,27.5,29.4,26.8,,27.2,28.2,30.1,27.5,1.24,-0.57,73,77,17.0,21.15,0.0,0.956,0.2934,27.9,28.9,28.9,station
2024-03-15,27.0,26.5,27.4,27.9,29.1,26.8,26.5,27.5,27.7,29.0,27.58,0.99,0.08,72,43,20.2,22.11,0.0,0.9609,0.2769,28.1,27.8,27.8,station
2024-03-16,27.7,27.7,29.2,29.9,30.8,27.9,27.6,29.6,29.9,31.0,29.06,1.36,-0.14,79,90,20.8,19.62,0.6,0.9655,0.2604,30.5,30.0,30.0,station
2024-03-17,28.3,28.1,29.4,30.1,31.1,28.2,28.2,30.3,29.6,31.1,29.4,1.25,-0.08,79,29,19.1,20.79,1.3,0.9698,0.2437,30.2,29.4,29.4,station
2024-03-18,30.6,28.7,31.4,31.0,31.6,30.7,28.8,34.2,32.5,31.4,30.66,1.16,-0.86,74,53,23.1,20.4,1.1,0.9739,0.227,31.1,32.2,32.2,station
2024-03-19,23.7,24.1,24.3,23.8,25.4,23.4,24.5,26.1,23.5,24.9,24.26,0.68,-0.22,70,44,21.6,23.23,0.2,0.9777,0.2102,26.0,25.0,25.0,station
2024-03-20,25.1,24.7,25.6,25.2,26.9,24.8,24.3,25.1,24.8,26.9,25.5,0.85,0.32,68,31,16.1,19.94,0.0,0.9811,0.1934,25.9,25.0,25.0,station
2024-03-21,25.5,24.8,26.8,25.7,27.9,25.9,24.8,25.7,26.4,27.4,26.14,1.22,0.1,69,74,20.5,20.35,0.7,0.9843,0.1765,26.7,26.1,26.1,station
2024-03-22,23.4,22.9,23.9,24.0,23.8,24.6,23.1,27.0,23.8,23.1,23.6,0.45,-0.72,80,100,25.4,3.81,48.4,0.9872,0.1595,23.7,23.9,23.9,station
2024-03-23,26.6,24.6,22.7,26.3,22.7,26.0,23.6,26.2,27.2,24.8,24.58,1.88,-0.98,86,72,26.6,8.96,78.0,0.9898,0.1425,25.0,26.1,26.1,station
2024-03-24,24.7,25.0,23.6,25.0,23.4,24.9,24.9,25.8,24.6,23.0,24.34,0.78,-0.3,76,23,20.9,22.27,1.1,0.9921,0.1255,25.6,27.2,27.2,station
2024-03-25,24.8,24.6,24.2,24.8,25.4,24.6,24.5,25.1,24.8,24.7,24.76,0.43,0.02,72,79,26.3,21.64,0.1,0.9941,0.1084,25.4,26.1,26.1,station
2024-03-26,25.7,25.8,25.1,26.6,28.8,25.5,25.4,26.9,25.7,28.5,26.4,1.44,0.0,72,75,23.0,19.8,0.0,0.9958,0.0913,26.7,27.2,27.2,station
2024-03-27,26.6,26.4,26.4,26.7,30.6,26.3,26.3,28.4,27.6,30.4,27.34,1.83,-0.46,78,61,20.3,19.46,1.1,0.9972,0.0741,27.1,27.8,27.8,station
2024-03-28,28.3,27.2,29.9,26.7,29.0,27.8,27.1,31.0,26.2,32.1,28.22,1.3,-0.62,74,47,35.5,22.64,3.7,0.9984,0.057,30.2,29.4,29.4,station
2024-03-29,24.3,24.5,24.8,24.1,27.0,24.7,24.5,25.5,24.4,26.7,24.94,1.18,-0.22,70,13,21.7,23.09,0.1,0.9992,0.0398,25.2,26.7,26.7,station
2024-03-30,24.3,24.5,25.0,25.0,26.8,23.9,24.5,24.6,23.7,26.4,25.12,0.99,0.5,64,39,19.1,21.75,0.0,0.9997,0.0226,24.6,25.0,25.0,station
2024-03-31,24.7,24.3,25.9,25.9,27.4,24.6,24.7,26.1,25.6,27.5,25.64,1.22,-0.06,68,7,15.8,25.54,0.0,1.0,0.0054,25.2,26.1,26.1,station
2024-04-01,26.4,25.8,26.8,27.0,28.6,25.4,25.8,26.8,27.4,29.1,26.92,1.04,0.02,70,66,16.4,22.31,0.0,0.9999,-0.0118,26.9,27.2,27.2,station
2024-04-02,27.1,26.5,28.1,28.5,30.1,27.0,26.7,28.7,28.7,30.8,28.06,1.39,-0.32,76,77,19.4,21.94,0.1,0.9996,-0.029,28.2,28.9,28.9,station
2024-04-03,29.2,28.7,30.9,30.5,33.8,29.2,28.6,32.6,30.6,33.9,30.62,1.99,-0.36,74,82,32.2,24.27,0.9,0.9989,-0.0462,31.2,31.7,31.7,station
2024-04-04,26.4,25.4,23.9,24.6,27.5,26.2,25.8,26.7,24.7,25.2,25.56,1.43,-0.16,70,77,21.7,18.07,5.9,0.998,-0.0634,26.4,26.7,26.7,station
2024-04-05,26.2,24.3,28.5,27.9,27.5,25.9,24.0,28.4,27.6,27.3,26.88,1.67,0.24,64,14,15.6,27.0,0.0,0.9968,-0.0805,26.6,26.1,26.1,station
2024-04-06,27.1,25.7,28.3,28.3,28.9,26.2,24.8,28.4,28.3,29.7,27.66,1.28,0.18,58,5,16.7,26.22,0.0,0.9952,-0.0977,27.7,27.2,27.2,station
2024-04-07,25.9,25.2,26.4,27.0,27.8,25.6,25.3,26.3,25.8,28.0,26.46,1.0,0.26,63,71,19.8,22.94,0.0,0.9934,-0.1148,26.9,26.1,26.1,station
2024-04-08,25.1,24.5,25.4,24.9,27.0,24.8,24.3,25.7,24.8,27.1,25.38,0.96,0.04,62,60,24.7,20.82,0.0,0.9913,-0.1319,26.1,26.7,26.7,station
2024-04-09,25.2,25.2,25.7,25.6,27.3,25.1,25.3,26.3,26.4,27.1,25.8,0.87,-0.24,61,72,25.9,18.75,0.1,0.9889,-0.1489,26.0,26.7,26.7,station
2024-04-10,26.6,26.6,27.4,27.8,29.3,26.1,26.3,27.4,27.7,29.1,27.54,1.11,0.22,64,70,23.7,22.25,0.3,0.9861,-0.1659,27.8,27.2,27.2,station
2024-04-11,29.8,28.0,31.8,30.1,33.6,28.7,28.0,32.0,30.0,33.6,30.66,2.13,0.2,74,82,32.8,22.9,1.5,0.9831,-0.1828,30.5,30.6,30.6,station
2024-04-12,27.8,25.3,28.7,28.7,30.9,28.3,25.1,30.7,29.2,31.6,28.28,2.02,-0.7,71,19,17.8,26.85,0.1,0.9799,-0.1997,28.7,28.3,28.3,station
2024-04-13,25.7,25.3,26.4,26.3,28.5,25.6,25.1,26.9,26.1,28.6,26.44,1.24,-0.02,59,51,22.5,27.63,0.0,0.9763,-0.2165,26.9,27.2,27.2,station
2024-04-14,24.7,24.9,26.0,25.6,27.3,24.4,24.6,25.8,25.1,27.0,25.7,1.04,0.32,65,13,20.2,27.42,0.0,0.9724,-0.2333,25.9,26.1,26.1,station
2024-04-15,25.8,25.0,26.9,26.9,28.0,25.8,25.3,26.7,26.6,28.2,26.52,1.15,0.0,65,6,18.5,26.77,0.0,0.9683,-0.25,26.9,26.7,26.7,station
2024-04-16,27.1,26.4,27.9,27.3,28.5,27.1,26.1,27.2,27.6,28.6,27.44,0.8,0.12,61,27,27.2,25.07,0.0,0.9638,-0.2666,27.6,27.8,27.8,station
2024-04-17,26.5,26.0,27.9,27.1,28.7,26.7,26.3,27.6,27.7,29.0,27.24,1.08,-0.22,64,48,22.8,25.21,0.0,0.9591,-0.2831,27.1,27.2,27.2,station
2024-04-18,27.7,26.8,28.1,28.5,29.6,27.7,26.8,27.9,27.9,29.7,28.14,1.03,0.14,65,36,15.9,25.4,0.0,0.9541,-0.2996,28.9,28.3,28.3,station
2024-04-19,27.7,26.9,28.5,28.1,30.6,27.7,27.0,29.4,28.2,30.5,28.36,1.38,-0.2,74,28,17.4,25.48,0.0,0.9488,-0.316,28.8,28.9,28.9,station
2024-04-20,28.1,27.5,29.3,28.9,31.8,28.1,27.4,30.0,28.4,30.8,29.12,1.65,0.18,73,15,17.6,24.65,0.0,0.9432,-0.3322,29.8,28.9,28.9,station
2024-04-21,27.8,28.2,28.7,29.1,30.9,28.0,28.3,29.2,29.1,31.1,28.94,1.2,-0.2,71,21,21.5,24.71,0.0,0.9373,-0.3484,29.3,30.0,30.0,station
2024-04-22,28.4,27.8,30.5,29.3,32.1,30.0,28.4,32.0,31.2,34.5,29.62,1.72,-1.6,81,52,19.9,18.25,7.5,0.9312,-0.3645,30.7,28.9,28.9,station
2024-04-23,24.4,24.8,27.0,25.5,25.4,25.2,24.9,26.7,25.6,26.6,25.42,0.99,-0.38,70,30,22.5,23.75,0.2,0.9248,-0.3804,26.0,26.7,26.7,station
2024-04-24,26.3,25.3,27.0,26.3,28.4,25.4,25.4,26.4,26.0,28.1,26.66,1.15,0.4,61,15,20.1,24.66,0.0,0.9181,-0.3963,27.6,26.7,26.7,station
2024-04-25,27.3,26.2,28.1,27.7,29.0,27.0,26.3,27.8,27.5,28.9,27.66,1.03,0.16,62,6,17.7,26.87,0.0,0.9112,-0.412,27.8,27.8,27.8,station
2024-04-26,26.9,26.2,27.8,27.1,28.6,26.5,26.0,27.1,26.7,28.7,27.32,0.91,0.32,63,36,22.3,23.1,0.0,0.9039,-0.4276,27.6,27.8,27.8,station
2024-04-27,26.2,25.9,26.4,26.6,27.5,26.2,26.0,27.0,26.4,27.7,26.52,0.61,-0.14,61,67,30.6,24.41,0.6,0.8965,-0.4431,26.9,27.2,27.2,station
2024-04-28,26.6,25.3,25.3,26.1,26.6,26.1,25.5,26.5,26.1,27.4,25.98,0.65,-0.34,66,62,27.3,20.73,0.5,0.8887,-0.4585,26.7,27.8,27.8,station
2024-04-29,26.5,26.1,27.6,27.6,28.6,26.7,26.2,27.4,27.8,28.6,27.28,0.99,-0.06,57,41,22.5,22.7,0.3,0.8807,-0.4737,27.8,27.8,27.8,station
2024-04-30,26.9,26.8,28.5,28.4,30.0,27.4,26.6,28.3,27.8,30.0,28.12,1.32,0.1,77,58,19.1,17.97,14.2,0.8724,-0.4888,27.0,28.3,28.3,station
2024-05-01,25.8,26.6,28.7,27.4,27.8,27.1,26.7,29.6,28.1,29.0,27.26,1.11,-0.84,79,36,13.7,23.03,3.7,0.8639,-0.5037,28.1,28.3,28.3,station
2024-05-02,28.0,27.1,29.1,28.1,30.2,27.1,27.2,28.9,28.2,29.0,28.5,1.19,0.42,75,18,18.6,24.62,1.8,0.8551,-0.5185,28.0,28.9,28.9,station
2024-05-03,27.2,26.7,29.2,27.8,30.5,27.5,26.8,29.1,27.9,30.0,28.28,1.55,0.02,71,22,19.9,25.87,0.5,0.846,-0.5331,29.1,29.4,29.4,station
2024-05-04,28.1,27.3,29.0,28.7,30.3,27.4,27.1,29.1,28.1,30.0,28.68,1.11,0.34,72,28,19.1,24.66,2.0,0.8367,-0.5476,28.7,29.4,29.4,station
2024-05-05,27.6,27.5,28.9,28.8,30.2,27.3,27.4,29.0,27.9,30.0,28.6,1.11,0.28,68,21,21.5,26.02,0.2,0.8272,-0.5619,28.7,28.3,28.3,station
2024-05-06,28.3,27.5,29.4,28.6,30.4,28.4,27.7,29.1,28.8,30.4,28.84,1.11,-0.04,70,18,21.5,25.73,0.2,0.8174,-0.5761,29.1,28.9,28.9,station
2024-05-07,28.9,28.1,29.7,28.7,31.4,28.3,28.1,30.2,29.2,31.7,29.36,1.28,-0.14,72,24,14.7,24.49,1.2,0.8074,-0.59,29.9,29.4,29.4,station
2024-05-08,29.4,28.7,30.3,29.9,32.3,29.4,28.6,30.5,30.1,32.1,30.12,1.36,-0.02,75,15,18.7,27.09,0.1,0.7971,-0.6038,30.6,30.0,30.0,station
2024-05-09,29.7,29.4,30.2,29.7,32.8,29.8,29.2,30.5,29.9,32.5,30.36,1.39,-0.02,72,16,19.9,27.65,0.0,0.7866,-0.6175,30.5,30.0,30.0,station
2024-05-10,31.8,31.3,33.6,32.0,37.2,31.3,31.1,33.9,34.7,37.3,33.18,2.41,-0.48,69,21,26.6,27.09,0.0,0.7759,-0.6309,34.2,33.9,33.9,station
2024-05-11,33.9,32.0,34.5,35.2,37.5,34.4,31.5,37.1,34.9,36.0,34.62,2.0,-0.16,68,18,20.3,23.49,1.1,0.7649,-0.6442,34.7,33.9,33.9,station
2024-05-12,31.1,30.2,32.6,32.9,34.6,31.4,30.4,32.9,34.1,32.2,32.28,1.7,0.08,74,20,22.3,25.31,0.7,0.7537,-0.6572,33.0,32.2,32.2,station
2024-05-13,30.2,29.6,31.0,31.3,32.7,30.5,29.5,30.7,31.1,32.8,30.96,1.18,0.04,77,43,23.0,23.82,0.3,0.7423,-0.6701,30.8,31.1,31.1,station
2024-05-14,30.5,30.3,32.2,31.0,32.9,30.8,30.4,31.9,31.5,32.8,31.38,1.13,-0.1,74,53,24.1,25.39,1.8,0.7306,-0.6828,32.9,32.2,32.2,station
2024-05-15,32.4,31.5,35.9,35.7,36.7,35.0,30.7,38.1,35.2,37.3,34.44,2.33,-0.82,71,49,25.7,22.74,1.5,0.7188,-0.6952,35.6,34.4,34.4,station
2024-05-16,33.3,31.5,35.5,34.2,31.8,32.6,31.3,37.1,35.1,36.8,33.26,1.67,-1.32,69,53,25.7,23.74,1.1,0.7067,-0.7075,36.3,33.9,33.9,station
2024-05-17,32.3,30.9,33.6,34.1,33.4,31.8,30.7,36.7,33.6,32.8,32.86,1.28,-0.26,78,62,17.8,22.55,3.6,0.6945,-0.7195,33.2,33.3,33.3,station
2024-05-18,31.5,31.9,33.6,32.9,34.4,31.8,31.0,33.6,32.6,34.6,32.86,1.19,0.14,78,39,21.4,25.07,4.2,0.682,-0.7314,34.2,33.9,33.9,station
2024-05-19,32.2,30.9,33.0,32.0,34.9,31.4,31.0,33.8,33.1,35.0,32.6,1.49,-0.26,77,79,18.4,22.04,2.3,0.6693,-0.743,35.9,35.0,35.0,station
2024-05-20,32.7,30.6,33.3,32.4,31.8,30.6,29.2,36.4,29.8,30.9,32.16,1.03,0.78,72,39,22.0,21.86,7.8,0.6564,-0.7544,33.2,33.9,33.9,station
2024-05-21,29.3,28.8,31.4,31.6,30.5,29.7,29.5,32.8,30.8,29.2,30.32,1.24,-0.08,73,28,13.0,23.48,1.8,0.6433,-0.7656,32.0,31.7,31.7,station
2024-05-22,30.0,29.7,31.2,30.1,31.0,29.9,29.1,31.9,30.4,30.0,30.4,0.66,0.14,75,27,16.6,24.9,1.6,0.6301,-0.7765,31.5,31.7,31.7,station
2024-05-23,30.1,29.8,31.4,30.7,33.0,30.5,29.7,32.8,30.7,32.3,31.0,1.27,-0.2,70,14,20.5,27.4,0.2,0.6166,-0.7873,31.9,31.7,31.7,station
2024-05-24,31.1,30.4,32.2,32.6,33.4,31.0,30.5,33.0,31.8,33.9,31.94,1.19,-0.1,66,12,18.4,28.43,0.0,0.603,-0.7978,32.9,31.7,31.7,station
2024-05-25,31.6,30.9,34.2,33.5,35.8,31.6,30.9,34.4,33.7,34.4,33.2,1.98,0.2,67,29,16.5,25.32,1.4,0.5892,-0.808,33.9,32.8,32.8,station
2024-05-26,31.9,31.2,32.9,32.4,33.2,31.6,31.1,33.4,32.7,35.2,32.32,0.8,-0.48,67,14,24.6,26.84,0.1,0.5752,-0.818,34.6,35.0,35.0,station
2024-05-27,31.7,31.4,33.3,33.1,34.3,32.3,31.4,33.3,33.4,33.8,32.76,1.2,-0.08,68,35,16.3,25.55,1.2,0.561,-0.8278,33.7,33.3,33.3,station
2024-05-28,31.7,31.3,33.0,32.7,31.1,30.9,31.2,35.2,32.9,32.6,31.96,0.85,-0.6,69,49,14.1,24.49,1.3,0.5467,-0.8373,33.2,32.8,32.8,station
2024-05-29,32.6,30.9,35.8,34.2,31.0,31.7,31.0,35.5,33.6,33.6,32.9,2.11,-0.18,72,31,23.1,25.68,14.2,0.5322,-0.8466,34.2,34.4,34.4,station
2024-05-30,31.9,30.2,33.0,32.0,32.5,32.2,30.2,33.3,32.9,31.8,31.92,1.06,-0.16,75,37,13.5,23.58,4.4,0.5176,-0.8556,32.4,32.2,32.2,station
2024-05-31,30.8,30.3,32.2,31.3,32.7,30.8,30.1,32.1,31.0,33.0,31.46,0.99,0.06,65,12,25.4,26.01,1.8,0.5028,-0.8644,31.5,31.7,31.7,station
2024-06-01,28.8,28.9,31.6,29.9,32.4,28.3,29.5,30.8,29.9,32.0,30.32,1.62,0.22,66,33,25.7,24.36,1.0,0.4878,-0.8729,30.1,30.6,30.6,station
2024-06-02,28.1,28.1,30.9,28.8,31.7,28.2,27.7,29.9,28.7,31.7,29.52,1.67,0.28,77,68,18.4,22.06,9.0,0.4728,-0.8812,29.2,29.4,29.4,station
2024-06-03,29.4,28.7,30.5,28.9,31.3,28.5,27.3,31.6,29.8,31.8,29.76,1.11,-0.04,70,33,18.0,25.19,0.5,0.4575,-0.8892,31.0,30.0,30.0,station
2024-06-04,30.9,29.7,31.9,31.1,33.1,30.3,29.6,31.2,30.8,33.1,31.34,1.26,0.34,70,11,15.5,27.52,0.0,0.4422,-0.8969,31.5,31.7,31.7,station
2024-06-05,30.3,30.0,32.7,31.5,32.9,30.6,29.7,32.8,31.4,33.6,31.48,1.33,-0.14,76,32,15.5,23.65,3.0,0.4267,-0.9044,31.6,32.2,32.2,station
2024-06-06,30.7,30.4,32.5,32.2,33.2,30.4,30.6,33.9,32.1,31.0,31.8,1.2,0.2,75,62,14.0,23.81,3.0,0.4111,-0.9116,32.9,32.8,32.8,station
2024-06-07,32.1,30.0,34.6,32.9,32.9,30.1,28.8,34.7,32.8,32.4,32.5,1.67,0.74,79,49,17.8,20.73,4.0,0.3953,-0.9185,32.5,33.3,33.3,station
2024-06-08,29.4,29.1,30.6,31.1,31.2,31.1,28.9,34.5,31.7,32.7,30.28,0.97,-1.5,82,39,16.2,21.85,9.7,0.3795,-0.9252,31.6,31.7,31.7,station
2024-06-09,30.2,30.5,30.7,30.4,31.2,30.4,30.0,33.5,31.3,31.3,30.6,0.38,-0.7,83,35,13.0,24.02,16.5,0.3635,-0.9316,32.4,33.3,33.3,station
2024-06-10,30.5,29.9,27.5,30.9,30.4,30.9,29.9,32.9,30.1,31.8,29.84,1.36,-1.28,81,52,17.8,22.26,3.9,0.3474,-0.9377,31.7,32.2,32.2,station
2024-06-11,27.5,27.8,28.6,28.4,28.9,26.9,27.7,32.4,28.3,31.3,28.24,0.58,-1.08,92,94,20.6,3.36,62.4,0.3312,-0.9436,27.1,28.9,28.9,station
2024-06-12,26.9,27.8,29.1,28.4,30.1,27.7,27.8,27.8,29.0,29.7,28.46,1.22,0.06,91,99,28.4,6.21,84.2,0.3149,-0.9491,28.9,28.3,28.3,station
2024-06-13,27.8,27.6,29.4,27.8,30.0,26.9,27.8,28.1,28.5,29.9,28.52,1.1,0.28,88,100,19.8,10.66,40.3,0.2986,-0.9544,29.4,30.0,30.0,station
2024-06-14,28.2,27.4,26.9,28.1,26.6,27.8,27.2,32.0,27.9,29.0,27.44,0.71,-1.34,88,100,16.9,14.58,30.9,0.2821,-0.9594,28.5,30.0,30.0,station
2024-06-15,28.0,28.1,28.5,30.0,28.6,28.5,28.2,28.9,30.8,29.0,28.64,0.8,-0.44,91,100,10.0,5.6,16.4,0.2656,-0.9641,26.1,28.9,28.9,station
2024-06-16,29.9,30.0,29.8,30.2,29.7,29.7,30.1,32.7,30.3,31.1,29.92,0.19,-0.86,84,93,15.1,13.72,1.3,0.2489,-0.9685,30.2,32.2,32.2,station
2024-06-17,28.9,29.5,29.2,29.5,31.3,29.3,29.6,31.6,29.9,31.5,29.68,0.94,-0.7,80,94,27.1,23.87,1.7,0.2322,-0.9727,29.4,30.6,30.6,station
2024-06-18,29.7,29.7,30.9,30.3,31.6,30.0,30.0,32.0,30.0,32.1,30.44,0.82,-0.38,72,51,21.6,27.76,0.0,0.2155,-0.9765,30.2,31.7,31.7,station
2024-06-19,28.7,28.3,30.0,29.6,31.5,29.1,28.6,30.9,29.9,31.3,29.62,1.25,-0.34,77,56,25.2,20.85,4.3,0.1986,-0.9801,29.6,31.7,31.7,station
2024-06-20,29.5,29.4,30.7,29.2,32.1,29.6,29.4,32.1,30.4,32.5,30.18,1.22,-0.62,80,43,23.3,25.7,1.2,0.1818,-0.9833,29.8,31.1,31.1,station
2024-06-21,30.1,30.1,31.8,30.8,33.1,30.3,30.2,32.3,31.1,33.2,31.18,1.28,-0.24,83,75,17.3,25.17,6.4,0.1648,-0.9863,31.2,32.2,32.2,station
2024-06-22,28.5,28.3,30.9,29.9,32.7,29.7,28.7,33.5,30.8,32.4,30.06,1.82,-0.96,88,96,16.7,12.65,13.8,0.1478,-0.989,29.4,31.7,31.7,station
2024-06-23,28.9,28.0,27.5,29.3,32.7,29.7,28.5,32.2,29.7,32.3,29.28,2.04,-1.2,83,85,19.1,25.06,4.7,0.1308,-0.9914,29.3,30.6,30.6,station
2024-06-24,28.0,28.0,28.9,29.1,32.1,28.2,28.2,31.8,29.7,30.9,29.22,1.69,-0.54,86,55,17.9,20.8,20.1,0.1137,-0.9935,30.4,30.6,30.6,station
2024-06-25,29.7,28.9,31.5,30.3,30.0,30.3,29.6,33.1,31.8,32.1,30.08,0.95,-1.3,88,59,17.2,19.42,22.5,0.0966,-0.9953,30.4,31.1,31.1,station
2024-06-26,27.9,29.2,29.8,30.6,30.3,29.2,29.6,34.1,30.4,32.0,29.56,1.07,-1.5,87,61,16.1,20.17,4.6,0.0795,-0.9968,30.2,32.2,32.2,station
2024-06-27,29.5,30.3,30.1,31.1,30.8,29.3,29.8,35.6,32.4,32.6,30.36,0.62,-1.58,83,40,16.4,24.35,5.3,0.0623,-0.9981,31.6,33.3,33.3,station
2024-06-28,30.4,30.3,30.1,31.2,33.3,30.5,30.5,35.1,31.2,33.7,31.06,1.32,-1.14,84,58,9.2,24.95,9.7,0.0451,-0.999,31.7,32.2,32.2,station
2024-06-29,30.5,29.9,30.5,31.3,32.9,30.8,30.6,34.0,31.3,33.6,31.02,1.16,-1.04,88,99,17.2,18.77,3.7,0.028,-0.9996,30.4,32.8,32.8,station
2024-06-30,28.5,27.8,28.2,29.3,32.1,27.2,27.9,31.0,29.2,32.5,29.18,1.72,-0.38,88,98,13.9,15.09,8.5,0.0108,-0.9999,29.5,28.9,28.9,station
2024-07-01,29.1,28.7,30.2,30.5,32.5,29.1,29.0,32.6,30.2,33.0,30.2,1.49,-0.58,87,67,14.5,19.23,14.0,-0.0065,-1.0,29.5,31.1,31.1,station
2024-07-02,30.4,30.1,30.1,30.3,32.9,29.9,30.3,33.8,30.7,32.9,30.76,1.2,-0.76,82,35,15.6,25.48,5.1,-0.0237,-0.9997,31.6,32.8,32.8,station
2024-07-03,30.5,30.9,30.5,30.5,33.5,29.8,30.9,33.6,31.4,33.4,31.18,1.31,-0.64,83,21,14.8,24.8,6.1,-0.0408,-0.9992,31.1,32.8,32.8,station
2024-07-04,30.6,31.2,32.7,31.3,33.7,30.7,31.0,33.5,31.0,33.5,31.9,1.27,-0.04,80,24,18.2,26.5,1.1,-0.058,-0.9983,31.3,32.8,32.8,station
2024-07-05,31.0,31.2,32.4,32.1,34.0,30.9,31.5,34.7,32.6,34.1,32.14,1.19,-0.62,84,89,10.9,23.01,7.3,-0.0752,-0.9972,32.2,32.8,32.8,station
2024-07-06,30.2,29.9,31.5,33.2,32.5,31.1,30.8,34.0,32.9,33.0,31.46,1.43,-0.9,84,59,9.5,22.58,2.4,-0.0923,-0.9957,31.2,32.2,32.2,station
2024-07-07,31.0,31.2,32.1,31.5,33.7,31.1,31.0,34.3,32.4,33.5,31.9,1.09,-0.56,81,60,12.4,23.77,1.7,-0.1094,-0.994,32.2,33.3,33.3,station
2024-07-08,31.6,31.7,32.8,32.2,34.0,31.5,31.7,34.8,32.3,33.5,32.46,0.98,-0.3,79,92,14.8,23.07,1.1,-0.1265,-0.992,31.8,32.8,32.8,station
2024-07-09,30.8,31.5,33.1,31.4,33.7,31.3,31.3,33.2,31.6,32.7,32.1,1.23,0.08,81,71,14.6,23.87,1.1,-0.1436,-0.9896,32.3,33.3,33.3,station
2024-07-10,32.2,31.4,33.2,33.1,34.2,31.6,30.9,34.1,32.6,33.9,32.82,1.06,0.2,82,72,10.9,19.54,8.6,-0.1606,-0.987,32.5,32.8,32.8,station
2024-07-11,29.2,28.0,32.0,28.5,33.1,31.1,28.6,31.8,28.5,33.1,30.16,2.26,-0.46,81,99,15.9,12.42,9.0,-0.1775,-0.9841,30.4,32.2,32.2,station
2024-07-12,31.8,29.7,29.7,31.0,32.5,28.3,28.9,32.4,31.9,32.9,30.94,1.25,0.06,83,92,14.5,19.94,9.4,-0.1944,-0.9809,30.1,31.7,31.7,station
2024-07-13,29.8,29.8,31.2,31.3,32.9,30.1,29.6,32.7,30.6,33.1,31.0,1.29,-0.22,86,100,15.1,18.57,7.5,-0.2113,-0.9774,30.3,32.8,32.8,station
2024-07-14,30.6,30.9,32.9,31.6,33.7,30.0,31.1,33.6,31.2,33.3,31.94,1.32,0.1,81,68,18.6,23.99,4.9,-0.2281,-0.9736,31.5,32.8,32.8,station
2024-07-15,29.8,30.2,33.7,30.4,33.5,29.4,29.8,33.6,30.8,33.2,31.52,1.91,0.16,84,81,16.3,19.54,7.8,-0.2448,-0.9696,30.0,31.1,31.1,station
2024-07-16,31.0,30.9,32.8,31.3,33.2,31.0,31.0,33.5,31.3,33.5,31.84,1.08,-0.22,78,67,14.1,25.32,0.5,-0.2614,-0.9652,32.0,32.2,32.2,station
2024-07-17,31.0,31.0,33.0,31.5,33.3,29.5,30.9,33.3,31.3,33.4,31.96,1.11,0.28,76,78,13.7,24.31,1.4,-0.278,-0.9606,31.9,33.3,33.3,station
2024-07-18,31.2,30.7,33.7,31.6,33.5,30.5,30.9,33.9,31.8,33.8,32.14,1.37,-0.04,74,55,15.2,24.54,5.7,-0.2945,-0.9557,32.5,33.3,33.3,station
2024-07-19,30.7,30.8,33.6,31.3,33.8,31.1,30.6,34.0,31.5,33.9,32.04,1.53,-0.18,78,78,15.6,22.55,2.4,-0.3109,-0.9505,31.8,33.3,33.3,station
2024-07-20,31.2,31.1,33.6,32.1,33.5,31.1,31.0,34.1,32.1,33.4,32.3,1.21,-0.04,76,40,18.4,25.97,4.3,-0.3272,-0.945,32.9,32.8,32.8,station
2024-07-21,31.0,30.9,33.5,30.9,34.1,30.8,30.8,33.7,31.8,33.7,32.08,1.58,-0.08,79,51,19.1,23.48,10.4,-0.3434,-0.9392,32.0,32.8,32.8,station
2024-07-22,29.1,28.6,30.1,30.2,30.3,28.2,29.0,32.8,30.6,33.7,29.66,0.76,-1.2,85,91,11.7,15.54,10.0,-0.3595,-0.9332,29.5,32.2,32.2,station
2024-07-23,29.7,29.4,31.0,31.9,32.5,31.6,29.8,32.2,32.9,32.8,30.9,1.35,-0.96,82,88,15.6,20.15,5.1,-0.3755,-0.9268,30.7,32.8,32.8,station
2024-07-24,30.5,31.0,32.1,31.5,33.3,30.5,30.6,33.5,31.9,33.2,31.68,1.08,-0.26,76,38,21.0,25.42,1.5,-0.3914,-0.9202,31.8,32.8,32.8,station
2024-07-25,30.9,31.0,32.4,31.2,33.3,31.0,31.0,33.0,31.6,33.0,31.76,1.05,-0.16,74,22,19.1,26.06,0.0,-0.4071,-0.9134,31.8,32.2,32.2,station
2024-07-26,30.1,30.7,31.9,31.2,33.5,30.5,30.6,33.5,31.5,33.3,31.48,1.31,-0.4,76,20,16.4,26.38,0.7,-0.4228,-0.9062,31.6,32.8,32.8,station
2024-07-27,31.0,30.9,32.4,31.4,33.8,30.3,30.9,33.3,31.4,34.0,31.9,1.22,-0.08,77,45,14.3,25.24,0.0,-0.4383,-0.8988,32.6,33.9,33.9,station
2024-07-28,32.2,31.7,34.1,32.3,32.8,31.5,31.3,34.1,32.3,33.8,32.62,0.91,0.02,82,87,16.6,22.79,22.5,-0.4537,-0.8912,33.1,32.8,32.8,station
2024-07-29,31.5,30.2,31.9,32.3,32.4,30.6,29.9,34.1,31.6,32.7,31.66,0.89,-0.12,86,86,7.0,16.21,11.5,-0.469,-0.8832,31.3,33.3,33.3,station
2024-07-30,29.5,29.5,31.3,30.3,32.8,29.7,29.6,33.2,31.4,33.1,30.68,1.4,-0.72,86,97,12.0,19.46,7.9,-0.4841,-0.875,31.3,32.8,32.8,station
2024-07-31,31.2,31.1,33.3,31.9,33.5,31.1,31.2,33.8,32.3,33.6,32.2,1.14,-0.2,74,81,14.5,25.82,0.0,-0.4991,-0.8666,32.3,32.8,32.8,station
2024-08-01,30.7,31.3,33.7,32.4,33.8,31.6,31.3,34.4,32.3,33.8,32.38,1.39,-0.3,79,84,15.3,19.77,3.5,-0.5139,-0.8578,31.7,33.9,33.9,station
2024-08-02,30.4,30.2,31.7,31.8,33.4,29.6,30.1,33.8,32.2,33.7,31.5,1.29,-0.38,77,45,20.5,23.59,13.7,-0.5286,-0.8489,32.2,33.3,33.3,station
2024-08-03,27.8,29.5,29.1,29.1,29.0,28.1,28.6,31.0,28.9,31.1,28.9,0.64,-0.64,83,91,32.1,15.75,52.7,-0.5431,-0.8397,29.8,31.1,31.1,station
2024-08-04,28.7,29.8,31.2,30.7,33.2,28.3,30.4,34.2,30.9,32.1,30.72,1.68,-0.46,85,100,33.0,12.39,25.6,-0.5575,-0.8302,29.6,31.7,31.7,station
2024-08-05,30.5,30.8,30.8,32.9,34.1,30.9,30.9,35.0,33.2,33.2,31.82,1.6,-0.82,76,96,25.2,22.66,3.5,-0.5717,-0.8205,32.4,33.3,33.3,station
2024-08-06,29.9,30.0,30.6,32.0,33.5,29.9,30.7,35.7,32.5,31.3,31.2,1.53,-0.82,83,85,20.2,20.74,11.6,-0.5857,-0.8105,31.3,32.8,32.8,station
2024-08-07,30.5,31.6,31.2,33.4,32.1,32.8,31.9,36.7,35.3,34.2,31.76,1.09,-2.42,82,40,14.0,21.91,7.0,-0.5996,-0.8003,32.0,35.0,35.0,station
2024-08-08,30.8,31.0,32.5,31.8,33.4,30.5,31.2,34.2,32.8,33.9,31.9,1.08,-0.62,79,53,14.8,23.39,0.7,-0.6132,-0.7899,32.6,33.3,33.3,station
2024-08-09,30.3,30.4,33.6,31.6,30.7,31.4,30.3,34.8,31.3,34.2,31.32,1.37,-1.08,84,60,18.8,21.19,8.8,-0.6267,-0.7792,31.8,33.9,33.9,station
2024-08-10,31.4,31.0,30.4,32.2,31.5,31.1,30.9,35.1,32.6,33.8,31.3,0.66,-1.4,83,56,13.8,23.67,6.0,-0.64,-0.7683,32.3,33.3,33.3,station
2024-08-11,31.0,31.2,32.1,31.7,33.6,31.2,31.1,34.1,32.1,33.1,31.92,1.03,-0.4,83,32,12.0,24.49,0.5,-0.6532,-0.7572,32.3,33.3,33.3,station
2024-08-12,30.9,31.3,32.1,31.7,33.8,30.8,31.1,33.7,32.0,33.1,31.96,1.12,-0.18,81,33,12.5,24.64,2.0,-0.6661,-0.7459,32.6,33.3,33.3,station
2024-08-13,30.5,31.2,33.1,32.1,34.2,30.7,31.2,34.7,32.1,34.3,32.22,1.48,-0.38,84,21,10.1,23.52,5.0,-0.6788,-0.7343,32.4,33.3,33.3,station
2024-08-14,31.5,31.5,32.9,32.6,33.4,31.5,31.4,34.0,32.3,33.7,32.38,0.85,-0.2,82,23,10.0,23.16,5.4,-0.6914,-0.7225,32.9,33.3,33.3,station
2024-08-15,32.3,30.8,32.4,33.3,33.5,31.0,30.1,35.1,33.5,33.9,32.46,1.07,-0.26,84,49,12.4,22.88,6.9,-0.7037,-0.7105,32.7,36.7,36.7,station
2024-08-16,29.6,29.1,30.8,29.7,28.7,29.3,28.9,32.1,30.6,27.7,29.58,0.79,-0.14,83,73,16.5,20.92,4.3,-0.7158,-0.6983,30.5,31.7,31.7,station
2024-08-17,28.9,29.0,29.9,32.1,32.1,31.0,29.8,31.8,31.5,29.8,30.4,1.6,-0.38,76,64,15.6,19.81,6.9,-0.7277,-0.6859,31.1,31.7,31.7,station
2024-08-18,28.4,28.8,31.3,28.6,33.2,28.3,28.6,31.8,30.3,33.3,30.06,2.11,-0.4,81,75,12.1,16.79,9.6,-0.7394,-0.6733,30.5,30.6,30.6,station
2024-08-19,30.7,30.3,31.3,31.8,35.4,29.6,30.3,34.2,31.7,32.3,31.9,2.04,0.28,85,90,14.5,15.59,21.3,-0.7509,-0.6605,31.4,31.7,31.7,station
2024-08-20,31.8,30.5,32.3,34.2,33.7,31.5,30.9,36.6,35.2,35.8,32.5,1.49,-1.5,83,79,22.2,19.14,4.7,-0.7621,-0.6474,31.1,33.9,33.9,station
2024-08-21,31.6,30.6,33.2,32.5,32.2,31.6,31.0,36.1,32.4,31.4,32.02,0.98,-0.48,82,72,13.2,21.24,5.4,-0.7731,-0.6342,32.8,32.8,32.8,station
2024-08-22,29.9,29.1,31.1,31.7,33.0,30.6,29.7,34.6,31.3,33.0,30.96,1.53,-0.88,87,55,9.4,15.39,9.3,-0.7839,-0.6208,30.6,32.8,32.8,station
2024-08-23,29.5,29.6,31.0,32.0,32.6,30.0,29.5,33.6,31.8,33.3,30.94,1.39,-0.7,82,55,15.3,21.13,12.7,-0.7945,-0.6073,31.1,32.2,32.2,station
2024-08-24,30.5,29.9,28.8,30.6,31.6,29.2,29.5,33.1,29.6,32.3,30.28,1.03,-0.46,83,66,16.8,19.01,3.9,-0.8048,-0.5935,30.5,28.3,28.3,station
2024-08-25,29.2,29.1,29.6,30.4,33.0,29.9,29.6,32.4,29.5,33.0,30.26,1.61,-0.62,81,61,14.3,21.12,4.9,-0.8149,-0.5796,31.3,32.2,32.2,station
2024-08-26,31.1,30.9,31.1,31.4,32.1,30.5,30.9,33.2,31.5,33.0,31.32,0.47,-0.5,77,81,17.4,22.64,0.5,-0.8248,-0.5655,31.8,32.8,32.8,station
2024-08-27,30.8,31.1,32.0,30.7,33.3,30.6,30.7,33.2,30.9,33.1,31.58,1.09,-0.12,80,74,20.9,20.65,15.7,-0.8344,-0.5512,32.1,33.3,33.3,station
2024-08-28,30.1,29.6,32.0,29.8,32.5,29.3,29.1,32.8,29.2,33.0,30.8,1.35,0.12,85,88,18.8,15.46,9.9,-0.8437,-0.5368,29.1,30.6,30.6,station
2024-08-29,28.3,28.6,31.1,30.6,32.8,28.9,29.4,33.3,30.2,33.2,30.28,1.86,-0.72,84,88,19.8,19.82,12.2,-0.8528,-0.5222,30.6,31.1,31.1,station
2024-08-30,29.6,28.9,31.2,30.6,32.9,29.2,28.8,33.0,30.5,32.8,30.64,1.54,-0.22,84,65,24.7,20.42,5.9,-0.8617,-0.5074,29.3,31.7,31.7,station
2024-08-31,27.3,28.4,28.4,28.2,30.2,27.9,28.5,32.3,29.3,32.7,28.5,1.05,-1.64,86,72,16.6,17.32,9.2,-0.8703,-0.4925,28.3,31.1,31.1,station
2024-09-01,28.2,28.3,30.0,29.2,30.8,27.6,28.1,32.4,27.9,32.5,29.3,1.11,-0.4,87,83,22.4,12.13,29.6,-0.8786,-0.4775,28.1,30.6,30.6,station
2024-09-02,28.2,28.9,31.4,29.6,31.8,29.0,29.1,31.8,29.3,32.9,29.98,1.57,-0.44,84,88,17.3,14.87,5.6,-0.8867,-0.4623,28.7,31.1,31.1,station
2024-09-03,29.6,29.7,29.8,30.5,32.9,30.3,30.1,33.6,30.3,33.1,30.5,1.39,-0.98,87,79,15.6,13.31,5.3,-0.8945,-0.447,29.6,31.7,31.7,station
2024-09-04,30.8,31.0,31.7,30.8,33.0,30.4,30.7,33.4,31.2,33.3,31.46,0.94,-0.34,85,85,18.4,15.83,4.0,-0.9021,-0.4315,31.0,32.2,32.2,station
2024-09-05,30.7,30.9,32.3,31.4,32.9,30.6,31.1,33.2,31.3,33.0,31.64,0.94,-0.2,79,72,19.0,23.05,0.3,-0.9094,-0.4159,31.5,32.8,32.8,station
2024-09-06,30.5,30.8,32.1,31.3,32.9,30.5,30.9,33.0,31.3,32.6,31.52,0.98,-0.14,80,93,17.8,22.69,0.4,-0.9164,-0.4002,31.3,32.2,32.2,station
2024-09-07,30.6,30.6,31.9,31.2,32.9,30.9,30.8,33.2,31.2,33.1,31.44,0.98,-0.4,79,91,16.6,23.05,0.3,-0.9232,-0.3844,31.5,32.2,32.2,station
2024-09-08,30.9,31.0,32.5,31.8,33.4,30.8,30.8,33.1,31.6,33.1,31.92,1.05,0.04,77,69,17.6,24.11,0.4,-0.9296,-0.3685,31.8,32.8,32.8,station
2024-09-09,31.4,30.8,32.0,31.1,33.3,31.1,30.7,33.4,30.8,33.6,31.72,0.99,-0.2,83,85,14.2,20.93,3.5,-0.9358,-0.3524,32.1,32.8,32.8,station
2024-09-10,30.9,30.5,32.7,31.4,32.9,30.4,30.1,33.8,31.3,32.6,31.68,1.07,0.04,88,89,12.8,17.24,10.0,-0.9418,-0.3363,31.5,31.1,31.1,station
2024-09-11,29.6,30.1,30.7,30.8,29.8,30.3,30.4,33.5,31.4,32.9,30.2,0.53,-1.5,87,91,13.5,18.37,19.3,-0.9474,-0.32,30.9,31.1,31.1,station
2024-09-12,30.5,31.3,31.8,31.0,30.1,31.0,31.2,34.0,31.8,32.6,30.94,0.67,-1.18,84,99,12.3,16.6,6.9,-0.9528,-0.3037,31.8,32.2,32.2,station
2024-09-13,30.2,31.2,30.7,31.5,31.6,31.2,31.5,33.9,32.1,31.1,31.04,0.59,-0.92,84,80,10.9,19.65,5.9,-0.9579,-0.2873,32.0,35.0,35.0,station
2024-09-14,31.6,30.7,31.4,32.2,31.5,31.8,31.0,34.7,32.3,33.6,31.48,0.54,-1.2,87,62,14.2,17.54,11.6,-0.9627,-0.2707,32.0,33.9,33.9,station
2024-09-15,31.6,30.1,30.9,31.9,31.4,30.5,30.1,34.1,32.2,31.2,31.18,0.7,-0.44,87,49,11.6,18.68,14.6,-0.9672,-0.2541,31.4,32.2,32.2,station
2024-09-16,30.5,29.9,29.5,30.8,31.4,30.1,30.3,34.7,30.7,32.2,30.42,0.75,-1.18,87,70,11.3,16.34,11.8,-0.9714,-0.2375,31.9,33.9,33.9,station
2024-09-17,29.2,29.2,29.2,30.9,30.1,30.5,28.8,33.3,29.7,31.7,29.72,0.77,-1.08,89,91,9.8,12.38,21.6,-0.9753,-0.2207,30.8,32.8,32.8,station
2024-09-18,30.4,30.4,29.8,30.3,30.3,29.4,29.3,33.5,32.1,31.3,30.24,0.25,-0.88,86,67,11.5,19.24,9.8,-0.979,-0.2039,31.9,33.9,33.9,station
2024-09-19,29.8,29.3,30.3,31.5,30.6,29.4,29.1,34.4,31.1,31.7,30.3,0.83,-0.84,90,80,9.7,12.83,24.4,-0.9824,-0.187,29.8,31.1,31.1,station
2024-09-20,27.6,28.4,29.6,30.4,30.7,29.9,28.8,33.0,30.6,29.4,29.34,1.32,-1.0,87,73,12.3,20.12,1.8,-0.9854,-0.1701,30.6,32.2,32.2,station
2024-09-21,29.7,30.1,32.0,31.4,31.4,29.9,29.6,33.1,31.0,32.2,30.92,0.97,-0.24,84,37,11.9,20.88,5.0,-0.9882,-0.1531,31.0,31.1,31.1,station
2024-09-22,30.0,30.3,31.6,32.5,32.7,30.1,30.3,33.5,31.2,32.5,31.42,1.24,-0.1,82,12,9.7,21.59,0.9,-0.9907,-0.1361,31.2,33.3,33.3,station
2024-09-23,30.5,30.3,30.0,31.1,32.6,30.2,30.1,32.4,30.2,32.7,30.9,1.03,-0.22,82,17,16.8,20.78,1.0,-0.9929,-0.1191,30.6,32.2,32.2,station
2024-09-24,30.5,30.6,32.0,30.0,33.3,30.1,30.6,32.2,30.3,33.2,31.28,1.35,0.0,73,73,19.3,21.31,0.3,-0.9948,-0.102,31.4,32.2,32.2,station
2024-09-25,27.8,29.1,29.5,29.3,33.0,28.3,28.8,31.5,28.9,33.6,29.74,1.94,-0.48,83,100,23.3,14.46,38.6,-0.9964,-0.0848,30.8,31.7,31.7,station
2024-09-26,30.1,30.0,28.8,30.7,29.5,29.5,29.8,31.8,30.9,32.8,29.82,0.71,-1.14,75,89,45.4,14.9,9.6,-0.9977,-0.0677,31.5,31.7,31.7,station
2024-09-27,30.6,30.0,31.3,31.5,34.1,29.6,29.7,33.1,32.1,33.9,31.5,1.57,-0.18,81,99,31.6,18.69,6.1,-0.9987,-0.0505,31.1,32.2,32.2,station
2024-09-28,30.5,30.8,32.6,32.6,33.7,30.9,30.5,34.5,32.9,34.3,32.04,1.35,-0.58,84,54,17.8,20.31,8.4,-0.9994,-0.0333,31.7,33.9,33.9,station
2024-09-29,30.8,30.8,33.1,31.7,33.6,30.7,31.0,33.5,31.7,33.3,32.0,1.3,-0.04,84,77,14.5,21.91,0.2,-0.9999,-0.0161,31.7,32.8,32.8,station
2024-09-30,30.7,30.4,33.0,31.0,33.2,30.5,30.4,33.3,31.3,33.0,31.66,1.33,-0.04,83,91,15.6,20.53,0.3,-1.0,0.0011,31.7,32.2,32.2,station
2024-10-01,30.4,30.7,32.7,31.5,33.2,30.4,30.7,32.7,30.9,32.4,31.7,1.22,0.28,83,55,11.7,20.29,1.4,-0.9998,0.0183,31.3,31.7,31.7,station
2024-10-02,30.5,30.5,33.3,32.0,32.1,30.5,30.7,33.2,31.2,32.5,31.68,1.19,0.06,80,39,10.0,21.33,0.0,-0.9994,0.0355,31.5,32.2,32.2,station
2024-10-03,30.8,30.5,32.1,31.3,32.4,30.4,30.3,32.4,30.9,32.3,31.42,0.82,0.16,82,57,12.5,12.93,0.0,-0.9986,0.0527,30.8,32.2,32.2,station
2024-10-04,29.5,29.2,31.5,30.4,33.2,30.5,29.0,32.0,30.8,32.5,30.76,1.63,-0.2,87,82,13.7,7.24,14.5,-0.9976,0.0698,28.4,30.0,30.0,station
2024-10-05,28.7,28.6,28.8,30.3,32.1,29.8,28.8,32.2,30.6,31.7,29.7,1.51,-0.92,89,91,13.1,9.0,20.5,-0.9962,0.087,28.0,27.8,27.8,station
2024-10-06,27.2,26.8,27.5,28.3,30.5,26.7,27.0,31.5,29.6,31.4,28.06,1.47,-1.18,88,100,15.5,7.48,30.1,-0.9946,0.1041,27.5,27.2,27.2,station
2024-10-07,28.4,26.5,26.1,28.5,26.3,28.3,27.2,29.3,28.5,27.5,27.16,1.19,-1.0,91,100,17.4,8.22,41.6,-0.9926,0.1212,28.1,27.8,27.8,station
2024-10-08,28.4,27.6,27.1,28.9,27.0,29.8,28.7,27.6,30.7,28.0,27.8,0.83,-1.16,92,100,10.3,8.47,22.3,-0.9904,0.1383,29.1,27.8,27.8,station
2024-10-09,30.0,28.9,29.7,28.9,29.2,29.7,28.9,31.6,29.5,29.2,29.34,0.49,-0.44,87,100,37.2,12.77,12.6,-0.9879,0.1553,30.0,30.6,30.6,station
2024-10-10,30.3,29.2,27.0,30.7,30.7,30.5,29.6,31.6,29.8,29.8,29.58,1.57,-0.68,72,94,32.4,20.24,0.6,-0.9851,0.1722,30.6,31.1,31.1,station
2024-10-11,28.0,27.1,25.1,27.0,28.8,28.2,26.6,30.7,28.4,30.1,27.2,1.38,-1.6,82,45,22.5,17.09,4.4,-0.9819,0.1892,28.5,28.3,28.3,station
2024-10-12,28.3,27.0,25.3,28.1,29.9,28.5,28.0,29.5,29.3,30.4,27.72,1.7,-1.42,80,72,19.2,11.35,2.2,-0.9785,0.206,27.6,28.3,28.3,station
2024-10-13,27.6,27.6,27.7,27.8,30.1,27.7,27.8,29.5,27.8,30.7,28.16,1.09,-0.54,89,88,15.2,14.44,52.2,-0.9749,0.2228,28.5,29.4,29.4,station
2024-10-14,28.8,28.6,28.6,29.7,29.2,29.1,28.6,31.4,29.1,28.4,28.98,0.47,-0.34,85,80,14.1,18.21,0.2,-0.9709,0.2396,29.9,31.1,31.1,station
2024-10-15,28.4,28.1,28.4,28.9,31.1,28.4,28.3,32.3,28.3,29.9,28.98,1.22,-0.46,82,88,6.6,14.01,1.4,-0.9666,0.2562,29.3,30.6,30.6,station
2024-10-16,28.2,26.9,26.9,28.2,29.3,26.0,26.6,31.2,28.1,29.6,27.9,1.02,-0.4,84,90,20.7,15.04,5.9,-0.9621,0.2728,28.2,29.4,29.4,station
2024-10-17,26.4,25.6,24.5,25.6,27.4,26.0,25.8,25.6,25.6,27.4,25.9,1.08,-0.18,68,86,30.7,16.81,0.0,-0.9572,0.2893,27.2,26.7,26.7,station
2024-10-18,25.9,25.9,26.5,26.5,27.3,26.1,26.1,26.1,26.4,27.7,26.42,0.58,-0.06,72,100,31.1,7.79,5.5,-0.9521,0.3057,26.4,25.6,25.6,station
2024-10-19,27.7,27.6,26.7,27.0,28.7,27.5,27.3,27.0,27.5,28.9,27.54,0.77,-0.1,69,89,32.6,13.69,0.7,-0.9467,0.3221,28.0,27.8,27.8,station
2024-10-20,28.1,27.7,29.2,27.7,29.5,28.3,27.7,29.8,28.0,29.1,28.44,0.85,-0.14,71,71,26.1,17.55,2.6,-0.941,0.3383,28.3,29.4,29.4,station
2024-10-21,28.4,27.7,29.0,28.1,29.9,28.0,27.7,29.8,28.0,30.0,28.62,0.86,-0.08,82,54,22.9,17.68,1.3,-0.9351,0.3545,28.4,29.4,29.4,station
2024-10-22,27.8,27.7,28.8,28.1,30.3,27.8,27.5,28.9,27.5,30.5,28.54,1.07,0.1,81,38,27.7,16.7,4.3,-0.9288,0.3705,28.4,30.0,30.0,station
2024-10-23,28.2,27.8,28.9,29.1,31.0,28.1,27.8,30.3,29.3,30.6,29.0,1.23,-0.22,77,12,19.4,18.68,0.1,-0.9223,0.3864,29.6,30.6,30.6,station
2024-10-24,26.5,27.4,26.6,27.9,29.5,27.0,27.5,29.5,28.4,29.6,27.58,1.22,-0.82,80,14,15.1,17.1,0.3,-0.9155,0.4022,28.1,28.3,28.3,station
2024-10-25,27.7,28.0,29.2,28.4,29.3,27.5,28.0,29.3,28.1,29.1,28.52,0.71,0.12,73,45,19.0,18.39,0.4,-0.9085,0.4179,28.6,29.4,29.4,station
2024-10-26,27.5,27.5,29.1,28.0,29.1,27.0,27.4,27.8,27.4,28.6,28.24,0.81,0.6,75,89,17.1,15.6,0.7,-0.9012,0.4335,28.0,30.0,30.0,station
2024-10-27,26.5,26.8,27.7,27.1,27.6,26.5,26.8,27.7,26.8,28.2,27.14,0.51,-0.06,66,90,22.1,17.38,0.0,-0.8936,0.4489,27.7,27.8,27.8,station
2024-10-28,27.1,27.0,28.6,27.5,28.4,27.9,26.7,27.6,27.1,28.0,27.72,0.74,0.26,67,100,24.3,12.0,2.4,-0.8857,0.4642,26.5,27.8,27.8,station
2024-10-29,28.6,28.1,28.3,28.6,29.3,28.3,27.9,28.7,28.2,29.3,28.58,0.45,0.1,64,69,27.1,14.64,0.3,-0.8776,0.4794,29.4,28.9,28.9,station
2024-10-30,27.3,27.4,28.6,28.1,30.0,28.0,27.5,28.7,27.8,30.3,28.28,1.1,-0.18,70,29,29.4,16.37,2.9,-0.8692,0.4944,28.9,29.4,29.4,station
2024-10-31,27.5,27.5,28.9,27.1,28.7,27.2,27.1,28.3,27.3,29.2,27.94,0.8,0.12,67,18,26.8,17.56,0.1,-0.8606,0.5093,28.0,28.9,28.9,station
2024-11-01,27.2,27.5,29.0,28.3,29.7,27.9,27.8,28.5,28.7,29.8,28.34,1.04,-0.2,72,28,22.2,16.67,1.2,-0.8517,0.524,28.2,29.4,29.4,station
2024-11-02,27.6,27.8,28.5,28.1,29.8,27.8,27.7,29.5,28.6,29.5,28.36,0.87,-0.26,79,35,21.5,15.79,3.4,-0.8426,0.5386,28.2,29.4,29.4,station
2024-11-03,27.4,27.4,28.4,28.0,29.2,27.7,27.5,28.9,27.6,28.9,28.08,0.76,-0.04,72,28,25.1,17.01,1.3,-0.8332,0.553,28.7,29.4,29.4,station
2024-11-04,28.0,27.8,28.9,28.5,30.0,28.1,27.6,29.2,28.6,29.7,28.64,0.87,0.0,70,27,28.1,16.28,0.7,-0.8235,0.5672,28.4,28.9,28.9,station
2024-11-05,27.8,27.6,27.8,28.2,28.4,27.8,27.7,29.2,27.7,29.5,27.96,0.33,-0.42,80,75,35.0,12.79,17.4,-0.8137,0.5813,28.2,28.9,28.9,station
2024-11-06,28.6,28.3,28.3,28.6,30.9,28.2,28.1,29.0,28.3,29.3,28.94,1.11,0.36,84,97,31.3,14.66,3.2,-0.8035,0.5952,29.3,29.4,29.4,station
2024-11-07,27.8,28.0,27.5,28.2,29.8,28.1,28.1,29.3,28.3,30.2,28.26,0.9,-0.54,82,94,29.0,14.57,3.1,-0.7932,0.609,28.2,29.4,29.4,station
2024-11-08,27.4,27.6,29.8,29.1,30.0,27.5,27.7,29.7,28.9,28.9,28.78,1.22,0.24,78,73,20.2,16.16,0.3,-0.7826,0.6225,28.7,29.4,29.4,station
2024-11-09,27.5,27.4,29.0,27.7,29.5,27.2,27.4,29.0,28.1,28.9,28.22,0.96,0.1,78,79,21.1,16.17,0.1,-0.7718,0.6359,28.3,29.4,29.4,station
2024-11-10,28.0,27.8,28.0,28.1,29.5,27.6,27.6,28.6,28.1,29.1,28.28,0.69,0.08,76,53,24.8,16.25,1.0,-0.7607,0.6491,28.5,29.4,29.4,station
2024-11-11,28.5,28.2,30.6,30.2,30.8,29.1,28.3,29.9,30.3,30.9,29.66,1.22,-0.04,84,56,11.8,16.24,0.7,-0.7494,0.6621,30.1,29.4,29.4,station
2024-11-12,28.5,28.2,29.6,28.7,30.6,29.0,28.3,31.2,29.6,31.1,29.12,0.98,-0.72,80,24,15.9,13.68,0.3,-0.7379,0.6749,29.9,29.4,29.4,station
2024-11-13,27.9,27.0,27.6,28.4,28.6,27.8,26.9,27.1,28.3,28.9,27.9,0.64,0.1,70,38,23.3,14.65,0.1,-0.7262,0.6875,29.4,28.9,28.9,station
2024-11-14,27.8,27.0,27.6,28.2,28.1,28.1,27.0,27.6,28.3,27.7,27.74,0.48,0.0,65,71,16.7,11.3,0.1,-0.7143,0.6998,27.6,27.8,27.8,station
2024-11-15,29.3,27.9,30.7,30.1,30.8,29.1,27.5,30.9,30.1,31.0,29.76,1.2,0.04,73,37,10.3,15.21,0.8,-0.7021,0.712,30.4,29.4,29.4,station
2024-11-16,26.6,26.1,26.4,26.1,26.5,27.2,26.1,26.6,26.5,26.8,26.34,0.23,-0.3,64,42,15.4,15.3,0.0,-0.6898,0.724,27.1,27.2,27.2,station
2024-11-17,25.8,26.1,25.8,26.6,27.0,26.5,26.2,26.5,27.0,26.7,26.26,0.53,-0.32,54,65,15.8,13.06,0.0,-0.6772,0.7358,28.1,27.2,27.2,station
2024-11-18,26.4,26.1,26.8,26.9,27.2,26.0,25.9,27.0,27.2,27.4,26.68,0.43,-0.02,55,65,14.4,12.73,0.0,-0.6645,0.7473,27.7,26.1,26.1,station
2024-11-19,27.2,26.9,27.2,27.7,28.0,26.4,26.7,27.6,27.7,27.9,27.4,0.44,0.14,55,60,15.4,15.5,0.0,-0.6515,0.7586,28.4,27.8,27.8,station
2024-11-20,28.3,27.5,28.1,29.0,29.6,28.7,27.1,28.1,29.0,29.6,28.5,0.82,0.0,72,99,17.3,8.15,9.1,-0.6384,0.7697,29.1,28.3,28.3,station
2024-11-21,25.5,24.8,25.5,25.5,25.0,25.9,24.5,26.7,26.0,27.3,25.26,0.34,-0.82,75,73,16.5,15.46,0.7,-0.625,0.7806,25.3,25.6,25.6,station
2024-11-22,22.6,21.7,22.4,21.8,21.3,22.2,21.4,22.8,21.3,19.2,21.96,0.53,0.58,54,0,16.4,17.54,0.0,-0.6115,0.7912,22.7,22.2,22.2,station
2024-11-23,21.5,20.7,22.6,21.4,21.4,21.2,20.5,22.5,20.5,20.6,21.52,0.68,0.46,57,0,10.1,17.36,0.0,-0.5978,0.8016,22.3,21.7,21.7,station
2024-11-24,25.0,23.5,25.0,24.1,25.1,25.0,23.2,24.6,23.8,25.2,24.54,0.71,0.18,63,12,9.1,16.11,0.0,-0.584,0.8118,25.2,25.0,25.0,station
2024-11-25,26.8,25.1,26.8,26.7,26.8,26.0,24.8,26.4,27.1,27.1,26.44,0.75,0.16,74,27,12.9,12.95,0.0,-0.5699,0.8217,26.7,27.2,27.2,station
2024-11-26,27.1,25.6,28.9,27.1,28.0,27.1,25.5,26.9,27.0,27.9,27.34,1.23,0.46,75,12,11.8,15.44,0.0,-0.5557,0.8314,28.8,28.3,28.3,station
2024-11-27,26.4,25.5,27.4,26.5,27.9,26.3,25.2,26.5,26.9,27.7,26.74,0.93,0.22,74,2,10.0,16.34,0.0,-0.5413,0.8408,27.6,27.2,27.2,station
2024-11-28,27.5,26.0,28.6,27.8,28.7,27.7,26.4,28.4,27.5,28.2,27.72,1.09,0.08,73,16,7.9,15.44,0.0,-0.5268,0.85,28.6,28.3,28.3,station
2024-11-29,27.7,26.4,29.4,28.4,29.5,27.7,25.9,29.1,28.0,29.2,28.28,1.29,0.3,81,13,9.4,15.0,0.9,-0.5121,0.859,29.5,28.3,28.3,station
2024-11-30,25.3,24.1,25.6,25.3,27.2,25.2,24.0,26.2,26.1,26.6,25.5,1.11,-0.12,78,39,12.0,13.37,0.1,-0.4972,0.8676,25.9,25.6,25.6,station
2024-12-01,24.9,23.2,25.2,25.5,24.2,24.6,24.3,26.4,25.5,25.9,24.6,0.92,-0.74,75,36,12.9,12.93,0.0,-0.4822,0.8761,23.7,24.4,24.4,station
2024-12-02,23.5,22.3,23.9,22.6,23.7,23.8,22.0,24.7,22.9,22.1,23.2,0.71,0.1,56,2,15.0,16.18,0.0,-0.4671,0.8842,23.8,23.9,23.9,station
2024-12-03,22.2,21.0,22.4,21.7,20.1,21.5,20.9,22.8,21.1,18.9,21.48,0.94,0.44,43,0,14.9,16.82,0.0,-0.4518,0.8921,22.2,22.2,22.2,station
2024-12-04,22.4,21.9,21.9,22.1,22.8,22.8,21.8,22.5,22.1,22.5,22.22,0.38,-0.12,57,29,14.7,14.17,0.0,-0.4364,0.8998,23.0,23.3,23.3,station
2024-12-05,25.4,24.1,25.2,24.9,25.0,25.0,24.0,24.5,25.1,25.1,24.92,0.5,0.18,60,47,9.3,15.68,0.0,-0.4208,0.9071,26.0,25.6,25.6,station
2024-12-06,26.2,24.7,27.0,26.5,26.9,26.4,24.8,25.5,26.8,26.5,26.26,0.93,0.26,64,43,7.1,15.52,0.0,-0.4052,0.9142,27.1,26.1,26.1,station
2024-12-07,23.3,23.2,25.8,24.1,26.3,23.4,24.0,25.1,24.3,25.1,24.54,1.43,0.16,72,15,16.3,13.64,0.0,-0.3894,0.9211,25.2,25.6,25.6,station
2024-12-08,24.7,23.7,24.3,24.3,25.1,24.6,23.5,24.4,23.3,24.6,24.42,0.52,0.34,64,21,13.3,15.18,0.0,-0.3735,0.9276,25.2,25.0,25.0,station
2024-12-09,25.6,24.9,25.7,24.9,26.4,25.8,25.0,25.8,25.6,26.3,25.5,0.63,-0.2,64,84,13.9,14.52,0.0,-0.3575,0.9339,26.1,26.1,26.1,station
2024-12-10,26.0,25.6,27.1,25.4,27.3,25.8,25.7,26.6,26.2,27.3,26.28,0.87,-0.04,69,77,14.4,11.21,0.0,-0.3413,0.9399,26.8,26.1,26.1,station
2024-12-11,27.7,27.2,29.2,27.9,29.7,27.4,26.8,28.0,28.0,29.9,28.34,1.06,0.32,73,40,18.1,12.38,1.4,-0.3251,0.9457,28.9,29.4,29.4,station
2024-12-12,22.3,22.0,21.8,21.7,24.0,21.9,21.6,21.8,21.8,23.6,22.36,0.94,0.22,60,87,20.9,7.92,0.0,-0.3088,0.9511,22.8,23.9,23.9,station
2024-12-13,24.3,23.6,23.8,24.7,25.3,24.5,23.7,24.3,23.9,25.2,24.34,0.69,0.02,58,63,20.7,11.54,0.0,-0.2924,0.9563,24.8,25.0,25.0,station
2024-12-14,24.4,23.6,25.4,24.7,26.3,25.0,24.5,25.9,24.7,26.5,24.88,1.02,-0.44,70,48,21.3,11.4,2.3,-0.2759,0.9612,25.3,26.1,26.1,station
2024-12-15,24.5,24.8,24.7,25.6,26.7,24.6,24.6,25.4,25.4,26.2,25.26,0.91,0.02,77,39,22.0,13.14,3.1,-0.2593,0.9658,25.6,26.7,26.7,station
2024-12-16,25.2,25.1,25.3,25.3,27.5,25.8,25.0,26.5,25.1,27.5,25.68,1.02,-0.3,81,52,19.0,12.31,5.6,-0.2427,0.9701,26.5,26.7,26.7,station
2024-12-17,25.0,25.1,26.8,25.0,23.0,24.1,24.8,26.8,25.7,26.0,24.98,1.35,-0.5,84,56,16.4,11.77,5.6,-0.226,0.9741,26.5,27.2,27.2,station
2024-12-18,25.0,25.3,26.4,25.3,25.7,25.0,25.0,27.1,25.6,24.3,25.54,0.54,0.14,86,46,11.7,12.21,2.3,-0.2092,0.9779,26.1,27.8,27.8,station
2024-12-19,26.2,26.0,27.5,27.5,28.6,25.6,25.5,28.8,27.7,28.3,27.16,1.07,-0.02,89,33,7.6,12.23,0.1,-0.1923,0.9813,26.6,28.9,28.9,station
2024-12-20,25.9,25.4,26.1,27.0,27.4,26.0,25.3,28.1,27.0,26.5,26.36,0.82,-0.22,81,10,12.3,14.26,0.0,-0.1754,0.9845,26.3,26.1,26.1,station
2024-12-21,20.8,20.3,21.2,21.6,20.4,20.0,20.3,22.0,21.1,20.0,20.86,0.55,0.18,63,33,12.1,16.2,0.0,-0.1585,0.9874,21.0,20.6,20.6,station
2024-12-22,23.3,22.0,22.7,22.9,24.3,23.2,21.5,22.1,22.8,24.0,23.04,0.85,0.32,71,22,12.3,15.14,0.0,-0.1414,0.9899,23.9,23.3,23.3,station
2024-12-23,25.5,24.7,25.3,24.9,24.9,25.7,24.7,23.9,24.9,25.0,25.06,0.33,0.22,72,61,14.1,13.0,0.0,-0.1244,0.9922,25.7,25.6,25.6,station
2024-12-24,25.5,24.2,24.4,24.9,26.1,24.5,24.5,25.7,26.0,26.2,25.02,0.79,-0.36,77,67,11.3,11.54,0.1,-0.1073,0.9942,25.0,26.1,26.1,station
2024-12-25,25.0,24.3,25.2,25.1,26.0,25.4,24.4,25.7,24.9,25.1,25.12,0.61,0.02,80,93,13.4,9.3,0.2,-0.0902,0.9959,24.9,25.6,25.6,station
2024-12-26,25.5,25.1,25.1,25.6,27.3,26.0,24.8,25.7,25.8,27.1,25.72,0.91,-0.16,74,86,11.0,12.39,0.1,-0.073,0.9973,26.9,26.7,26.7,station
2024-12-27,25.3,24.9,24.6,26.1,27.5,24.6,23.6,23.9,26.1,26.6,25.68,1.16,0.72,77,99,16.2,6.1,1.2,-0.0559,0.9984,25.4,25.0,25.0,station
2024-12-28,24.7,24.3,25.8,25.5,25.8,24.8,24.1,24.9,25.4,26.0,25.22,0.68,0.18,79,96,19.5,8.55,2.0,-0.0387,0.9993,25.0,26.7,26.7,station
2024-12-29,24.8,24.0,22.6,24.4,26.2,24.4,24.2,23.8,25.2,25.2,24.4,1.3,-0.16,88,100,20.9,1.2,60.9,-0.0215,0.9998,23.4,23.9,23.9,station
2024-12-30,25.6,25.2,25.7,27.2,24.9,25.7,25.6,27.1,26.8,24.2,25.72,0.89,-0.16,89,82,11.6,13.18,6.7,-0.0043,1.0,27.0,26.7,26.7,station
2024-12-31,26.4,26.4,25.9,28.1,26.0,26.3,26.6,29.5,26.8,27.1,26.56,0.89,-0.7,90,48,11.3,12.46,1.9,0.0129,0.9999,26.8,,,
2025-01-01,25.2,25.1,25.8,26.0,26.6,24.8,24.9,27.4,25.4,25.7,25.74,0.61,0.1,84,69,9.9,15.11,0.0,0.0172,0.9999,25.3,26.7,26.7,station
2025-01-02,23.7,23.4,25.2,23.3,24.8,23.1,23.2,24.0,22.7,24.5,24.08,0.86,0.58,76,85,11.2,14.67,0.0,0.0344,0.9994,24.2,25.6,25.6,station
2025-01-03,23.4,23.3,25.6,24.4,25.0,23.5,23.3,24.8,23.7,25.1,24.34,1.0,0.26,73,75,13.4,15.48,0.0,0.0516,0.9987,24.0,24.4,24.4,station
2025-01-04,20.9,20.5,21.5,21.5,22.2,20.3,20.7,22.4,22.0,22.2,21.32,0.65,-0.2,59,18,13.5,16.21,0.0,0.0688,0.9976,21.4,21.7,21.7,station
2025-01-05,22.8,22.2,23.2,21.8,23.0,22.8,22.2,22.7,22.2,23.2,22.6,0.58,-0.02,71,77,14.8,15.56,0.0,0.0859,0.9963,23.5,23.9,23.9,station
2025-01-06,26.7,25.5,25.5,26.2,27.9,26.8,25.4,25.4,26.2,28.1,26.36,1.0,-0.02,60,60,17.4,12.22,0.0,0.103,0.9947,26.9,26.1,26.1,station
2025-01-07,21.6,22.5,21.5,20.3,19.8,21.9,22.3,20.9,20.5,20.5,21.14,1.08,-0.08,67,25,18.2,16.11,0.0,0.1201,0.9928,21.2,21.7,21.7,station
2025-01-08,21.6,19.4,19.8,21.3,22.6,22.0,19.5,21.1,21.6,22.3,20.94,1.32,-0.36,73,8,12.0,15.78,0.0,0.1372,0.9905,21.3,21.1,21.1,station
2025-01-09,18.6,18.2,19.0,18.6,17.4,18.9,18.0,19.3,19.2,17.6,18.36,0.61,-0.24,52,1,14.0,16.69,0.0,0.1542,0.988,19.0,18.9,18.9,station
2025-01-10,22.4,21.6,21.9,20.4,22.6,22.5,21.8,22.2,20.5,22.9,21.78,0.87,-0.2,67,18,14.6,15.39,0.0,0.1712,0.9852,23.2,22.2,22.2,station
2025-01-11,25.2,24.1,24.8,25.4,27.8,26.6,24.6,26.5,25.7,28.0,25.46,1.4,-0.82,76,41,25.5,8.91,2.2,0.1881,0.9821,26.6,24.4,24.4,station
2025-01-12,22.1,19.8,22.9,23.2,24.5,23.6,20.4,23.5,23.7,24.4,22.5,1.74,-0.62,64,13,9.7,15.55,0.0,0.205,0.9788,23.5,23.3,23.3,station
2025-01-13,26.0,24.7,25.5,24.5,26.2,24.9,23.9,25.3,24.7,25.6,25.38,0.76,0.5,75,10,12.5,13.76,0.0,0.2218,0.9751,27.2,25.6,25.6,station
2025-01-14,23.4,22.6,22.6,24.7,26.2,24.3,22.9,27.7,23.2,23.6,23.9,1.55,-0.44,83,50,10.9,8.47,0.4,0.2385,0.9711,25.3,23.3,23.3,station
2025-01-15,22.9,21.8,23.4,22.0,23.6,23.4,21.6,23.4,21.7,23.6,22.74,0.81,0.0,67,34,16.0,15.46,0.0,0.2552,0.9669,23.6,23.9,23.9,station
2025-01-16,22.3,21.2,23.0,20.6,23.8,23.3,21.1,22.8,22.0,23.2,22.18,1.3,-0.3,72,78,13.3,9.13,1.1,0.2718,0.9624,23.2,22.8,22.8,station
2025-01-17,21.7,21.3,20.5,21.4,20.6,21.7,21.4,23.4,22.5,21.1,21.1,0.52,-0.92,85,91,14.9,7.56,10.9,0.2883,0.9575,21.9,22.2,22.2,station
2025-01-18,26.3,26.0,25.7,26.3,26.4,27.1,26.1,27.8,26.5,27.1,26.14,0.29,-0.78,85,79,19.9,13.46,3.8,0.3047,0.9524,26.8,27.8,27.8,station
2025-01-19,26.7,26.4,26.9,27.1,29.5,26.6,26.3,29.8,27.7,28.3,27.32,1.25,-0.42,86,53,20.0,14.51,3.4,0.3211,0.9471,26.8,28.9,28.9,station
2025-01-20,20.4,21.0,21.4,21.3,20.7,20.0,20.6,21.3,21.6,21.1,20.96,0.42,0.04,89,99,14.1,4.49,21.1,0.3373,0.9414,21.3,21.1,21.1,station
2025-01-21,24.2,23.1,18.7,24.4,22.6,24.7,21.6,25.1,22.8,25.3,22.6,2.31,-1.3,89,95,12.1,11.52,0.9,0.3534,0.9355,25.2,26.1,26.1,station
2025-01-22,21.2,21.0,20.5,20.8,19.7,19.4,19.4,20.6,19.7,20.1,20.64,0.59,0.8,92,100,18.4,5.23,3.7,0.3695,0.9292,20.6,20.0,20.0,station
2025-01-23,19.4,17.2,15.3,21.0,18.5,23.1,18.8,21.0,21.8,19.0,18.28,2.16,-2.46,90,95,13.5,10.54,0.5,0.3854,0.9227,19.6,14.4,14.4,station
2025-01-24,14.1,15.4,13.5,17.2,11.8,14.5,15.8,17.4,15.9,13.2,14.4,2.03,-0.96,81,93,14.3,7.19,0.4,0.4012,0.916,14.1,14.4,14.4,station
2025-01-25,21.0,20.3,20.2,19.8,20.9,20.7,20.1,20.3,19.1,20.8,20.44,0.5,0.24,67,15,16.1,17.61,0.0,0.4169,0.9089,20.4,22.2,22.2,station
2025-01-26,22.1,22.1,22.5,22.3,23.5,22.5,22.1,21.4,21.6,22.8,22.5,0.58,0.42,73,87,14.0,14.43,0.0,0.4325,0.9016,22.5,23.9,23.9,station
2025-01-27,23.0,22.9,24.8,24.3,25.4,23.1,22.8,24.4,24.2,24.7,24.08,1.1,0.24,74,39,9.3,12.91,0.0,0.4479,0.8941,24.4,25.6,25.6,station
2025-01-28,23.5,22.9,26.6,25.0,25.8,23.2,23.2,25.5,25.1,25.6,24.76,1.55,0.24,76,12,8.7,17.87,0.0,0.4633,0.8862,24.5,25.6,25.6,station
2025-01-29,24.9,23.0,25.4,26.0,27.2,24.4,23.5,26.0,24.6,26.3,25.3,1.55,0.34,74,52,8.1,17.7,0.0,0.4784,0.8781,26.2,26.1,26.1,station
2025-01-30,24.6,23.8,25.1,24.9,26.2,24.4,23.7,25.2,25.3,26.2,24.92,0.87,-0.04,78,46,12.6,17.02,0.0,0.4935,0.8698,26.0,25.6,25.6,station
2025-01-31,25.3,24.8,25.3,25.0,26.6,25.1,25.0,25.5,25.3,26.6,25.4,0.7,-0.1,76,26,17.9,17.1,0.0,0.5084,0.8611,26.2,25.6,25.6,station
2025-02-01,27.3,25.6,27.1,26.5,28.6,27.6,25.6,27.6,27.4,28.9,27.02,1.1,-0.4,82,60,11.2,15.59,0.6,0.5231,0.8523,28.4,28.3,28.3,station
2025-02-02,26.0,25.2,26.5,26.4,28.0,26.3,25.3,26.9,26.1,27.9,26.42,1.02,-0.08,87,30,14.1,15.11,3.0,0.5377,0.8432,26.5,27.8,27.8,station
2025-02-03,25.8,25.7,27.1,26.3,28.0,25.7,25.5,26.9,25.7,27.7,26.58,0.97,0.28,89,59,9.6,10.92,4.5,0.5521,0.8338,26.0,27.2,27.2,station
2025-02-04,25.4,25.1,27.1,26.5,27.6,26.0,25.5,27.0,26.7,27.3,26.34,1.07,-0.16,79,25,11.3,16.26,0.0,0.5664,0.8242,28.3,27.8,27.8,station
2025-02-05,26.0,25.2,26.2,26.0,26.9,25.5,25.1,26.2,25.6,27.0,26.06,0.61,0.18,76,14,11.1,18.22,0.0,0.5805,0.8143,27.3,26.7,26.7,station
2025-02-06,26.2,25.0,26.7,26.8,26.5,26.1,25.3,26.3,26.7,26.8,26.24,0.73,0.0,68,17,11.7,17.74,0.0,0.5944,0.8042,27.4,26.7,26.7,station
2025-02-07,27.0,25.4,27.2,26.7,27.5,26.7,25.2,26.9,26.9,27.4,26.76,0.81,0.14,74,15,12.0,17.39,0.0,0.6081,0.7938,28.2,27.2,27.2,station
2025-02-08,26.9,25.4,27.1,26.8,28.0,26.6,25.5,26.7,27.1,27.7,26.84,0.93,0.12,73,17,11.5,17.18,0.0,0.6217,0.7833,27.9,27.2,27.2,station
2025-02-09,26.7,25.9,27.2,27.1,27.9,26.8,25.8,26.8,27.0,27.9,26.96,0.73,0.1,77,19,10.0,17.42,0.3,0.6351,0.7725,28.1,27.8,27.8,station
2025-02-10,26.5,25.6,27.0,26.9,27.8,26.6,25.6,27.4,27.1,27.6,26.76,0.8,-0.1,76,18,11.8,16.97,0.1,0.6483,0.7614,28.4,27.8,27.8,station
2025-02-11,26.2,25.7,26.6,26.4,27.2,25.6,25.5,26.7,26.5,27.0,26.42,0.55,0.16,73,17,15.4,17.95,0.0,0.6613,0.7502,27.3,27.2,27.2,station
2025-02-12,26.4,26.2,27.1,26.7,28.2,26.3,26.3,27.1,26.5,27.8,26.92,0.79,0.12,74,35,19.9,14.86,0.6,0.6741,0.7387,27.2,27.2,27.2,station
2025-02-13,27.0,26.9,28.0,28.1,29.0,27.5,26.9,28.4,28.2,28.8,27.8,0.87,-0.16,80,30,16.0,15.7,0.7,0.6867,0.727,28.4,27.8,27.8,station
2025-02-14,27.2,26.2,28.0,27.4,28.3,27.4,26.3,28.2,27.7,28.6,27.42,0.81,-0.22,78,9,12.5,19.01,0.0,0.6991,0.715,28.5,28.9,28.9,station
2025-02-15,26.8,26.3,27.0,26.7,27.4,26.6,26.1,27.1,26.8,27.4,26.84,0.4,0.04,66,18,17.9,19.74,0.0,0.7113,0.7029,27.8,27.2,27.2,station
2025-02-16,29.3,27.3,29.3,29.8,31.4,28.7,27.4,30.3,29.3,30.7,29.42,1.47,0.14,64,62,16.6,16.56,0.1,0.7233,0.6906,29.5,29.4,29.4,station
2025-02-17,25.8,24.5,22.5,25.2,25.2,26.2,24.0,25.1,26.2,26.5,24.64,1.28,-0.96,78,74,13.3,16.83,0.5,0.735,0.678,28.5,26.7,26.7,station
2025-02-18,25.4,25.5,28.4,26.3,27.8,25.8,25.3,26.8,26.1,25.8,26.68,1.36,0.72,81,62,9.6,16.07,3.5,0.7466,0.6653,26.8,27.8,27.8,station
2025-02-19,27.1,27.2,27.5,27.7,28.7,27.0,27.2,28.8,27.8,28.7,27.64,0.64,-0.26,76,55,15.0,17.97,0.2,0.7579,0.6523,28.4,28.3,28.3,station
2025-02-20,26.3,24.1,24.8,26.8,27.8,24.9,24.7,26.4,26.7,28.1,25.96,1.5,-0.2,77,94,14.6,16.43,0.0,0.769,0.6392,27.1,24.4,24.4,station
2025-02-21,23.4,22.3,20.9,21.3,23.4,23.7,21.7,22.0,21.2,23.3,22.26,1.16,-0.12,67,89,17.3,17.93,0.0,0.7799,0.6259,23.8,23.3,23.3,station
2025-02-22,24.0,22.9,22.3,21.8,23.4,22.8,22.6,22.6,23.0,23.5,22.88,0.87,-0.02,59,59,16.7,16.04,0.0,0.7906,0.6124,23.6,22.8,22.8,station
2025-02-23,24.0,23.6,25.1,24.0,24.7,23.7,24.1,24.3,24.6,25.6,24.28,0.61,-0.18,69,52,10.6,16.02,0.3,0.801,0.5987,24.1,25.6,25.6,station
2025-02-24,25.2,22.4,25.4,24.8,25.8,24.3,21.8,25.0,24.1,25.7,24.72,1.35,0.54,76,83,19.5,4.75,10.3,0.8112,0.5848,22.4,22.8,22.8,station
2025-02-25,24.2,23.5,23.9,25.3,22.6,24.5,23.5,27.6,26.3,23.7,23.9,0.99,-1.22,79,48,16.1,18.7,1.7,0.8211,0.5708,24.5,25.6,25.6,station
2025-02-26,23.8,24.0,26.0,24.5,22.2,23.8,24.2,26.2,25.2,25.0,24.1,1.37,-0.78,80,12,11.1,20.11,0.0,0.8308,0.5566,24.9,26.7,26.7,station
2025-02-27,25.3,25.1,26.4,25.6,27.1,24.9,25.2,27.4,25.9,25.6,25.9,0.83,0.1,76,48,9.1,18.27,0.4,0.8402,0.5422,27.2,27.2,27.2,station
2025-02-28,25.1,24.1,26.8,26.1,26.7,24.7,24.0,26.8,25.8,27.0,25.76,1.15,0.1,72,12,10.3,21.85,0.0,0.8495,0.5277,26.9,26.7,26.7,station
2025-03-01,26.7,25.3,27.8,27.0,29.3,26.0,25.2,27.9,27.6,29.2,27.22,1.47,0.04,69,52,10.5,18.66,0.1,0.8584,0.513,28.7,26.1,26.1,station
2025-03-02,27.1,25.1,27.7,27.7,28.0,26.5,24.5,27.2,27.4,28.1,27.12,1.18,0.38,63,34,11.1,19.72,0.5,0.8671,0.4981,28.5,27.2,27.2,station
2025-03-03,24.4,24.1,25.6,24.5,25.4,24.5,24.6,25.1,25.1,25.3,24.8,0.66,-0.12,61,47,14.1,15.2,0.0,0.8755,0.4831,26.5,25.6,25.6,station
2025-03-04,24.8,24.3,25.1,25.3,26.8,25.3,24.4,25.2,25.9,26.2,25.26,0.94,-0.14,65,53,22.5,18.62,2.2,0.8837,0.468,25.3,26.1,26.1,station
2025-03-05,28.0,27.1,29.1,29.0,30.6,27.6,26.9,29.2,28.9,29.8,28.76,1.31,0.28,74,37,21.3,18.63,2.9,0.8916,0.4527,28.1,27.8,27.8,station
2025-03-06,24.1,22.5,24.2,24.1,23.8,24.7,22.7,26.2,24.9,24.9,23.74,0.71,-0.94,54,3,18.2,23.64,0.0,0.8993,0.4373,24.9,24.4,24.4,station
2025-03-07,24.2,23.7,24.7,24.2,25.5,23.8,23.3,25.1,24.4,25.5,24.46,0.68,0.04,66,21,10.2,23.32,0.0,0.9067,0.4218,25.0,24.4,24.4,station
2025-03-08,28.7,26.6,29.4,28.1,31.6,28.8,26.6,28.3,28.7,32.3,28.88,1.84,-0.06,69,3,10.4,22.97,0.0,0.9138,0.4061,30.2,28.3,28.3,station
2025-03-09,29.1,27.8,31.1,29.3,32.6,29.5,27.3,30.1,28.7,33.9,29.98,1.88,0.08,72,1,11.4,22.46,0.0,0.9207,0.3904,31.3,30.6,30.6,station
2025-03-10,30.0,26.8,30.1,29.4,32.1,29.3,26.4,31.9,29.0,32.1,29.68,1.9,-0.06,76,47,28.1,17.22,2.0,0.9272,0.3745,32.0,31.1,31.1,station
2025-03-11,25.4,23.7,24.6,25.6,24.6,24.8,23.1,25.1,25.5,23.7,24.78,0.76,0.34,56,0,16.1,24.49,0.0,0.9335,0.3585,25.0,25.6,25.6,station
2025-03-12,25.8,24.3,26.0,25.8,26.2,25.2,24.2,26.0,25.6,26.0,25.62,0.76,0.22,61,0,12.2,24.24,0.0,0.9396,0.3424,26.9,26.7,26.7,station
2025-03-13,25.6,25.3,26.1,26.1,27.1,26.3,25.4,26.5,26.6,27.6,26.04,0.68,-0.44,70,21,13.9,19.81,0.2,0.9453,0.3261,26.7,25.6,25.6,station
2025-03-14,26.1,25.8,27.1,27.2,26.9,26.3,25.6,27.7,26.9,27.2,26.62,0.63,-0.12,72,20,11.5,20.86,2.3,0.9508,0.3098,27.7,27.8,27.8,station
2025-03-15,26.6,26.3,27.8,27.3,28.0,26.4,26.4,27.1,27.2,27.9,27.2,0.74,0.2,70,26,21.0,19.46,2.0,0.956,0.2934,27.4,27.8,27.8,station
2025-03-16,27.5,27.9,28.5,28.7,29.7,27.7,27.8,28.1,28.2,29.3,28.46,0.84,0.24,75,51,24.0,21.58,2.2,0.9609,0.2769,29.2,29.4,29.4,station
2025-03-17,25.3,25.1,23.8,25.6,24.2,25.2,25.0,26.8,27.2,24.7,24.8,0.76,-0.98,57,27,21.7,22.4,2.2,0.9655,0.2604,26.9,26.1,26.1,station
2025-03-18,24.6,23.9,24.9,24.3,25.5,23.7,23.7,25.1,24.3,25.0,24.64,0.61,0.28,55,1,15.4,25.12,0.0,0.9698,0.2437,25.2,25.6,25.6,station
2025-03-19,25.6,24.8,26.0,25.8,26.5,25.5,24.8,26.0,25.7,26.7,25.74,0.62,0.0,68,2,11.8,24.37,0.0,0.9739,0.227,27.1,26.7,26.7,station
2025-03-20,28.8,26.8,29.3,29.4,30.3,29.0,26.5,30.3,29.3,31.0,28.92,1.3,-0.3,64,23,18.4,24.8,0.0,0.9777,0.2102,29.6,29.4,29.4,station
2025-03-21,23.1,22.2,23.2,23.2,23.1,22.8,22.0,23.2,22.0,24.3,22.96,0.43,0.1,55,22,17.5,25.88,0.0,0.9811,0.1934,25.0,23.9,23.9,station
2025-03-22,25.3,23.4,24.8,24.2,25.4,24.9,22.9,24.0,23.9,25.0,24.62,0.83,0.48,60,38,13.6,24.53,0.0,0.9843,0.1765,26.9,25.0,25.0,station
2025-03-23,25.2,24.5,25.7,24.8,25.2,25.1,24.5,24.8,24.8,25.8,25.08,0.45,0.08,63,92,13.4,21.26,0.0,0.9872,0.1595,26.6,25.6,25.6,station
2025-03-24,27.6,26.6,27.7,27.8,28.2,27.5,26.6,28.0,27.8,28.1,27.58,0.59,-0.02,67,80,13.9,21.04,0.1,0.9898,0.1425,29.4,28.3,28.3,station
2025-03-25,28.5,25.6,29.6,27.2,29.0,27.0,25.0,30.6,27.1,28.7,27.98,1.6,0.3,81,77,8.5,13.29,8.5,0.9921,0.1255,30.8,29.4,29.4,station
2025-03-26,26.5,26.7,27.8,28.3,28.1,27.3,26.0,29.3,27.6,28.5,27.48,0.83,-0.26,81,26,10.1,22.76,1.7,0.9941,0.1084,27.0,28.9,28.9,station
2025-03-27,26.0,26.2,27.2,26.4,27.2,26.0,26.1,26.6,26.5,26.7,26.6,0.57,0.22,65,21,17.4,24.24,0.0,0.9958,0.0913,26.7,28.3,28.3,station
2025-03-28,24.8,25.2,26.4,25.8,26.0,24.4,24.8,26.1,25.5,26.4,25.64,0.64,0.2,60,38,24.1,21.79,1.3,0.9972,0.0741,25.8,26.7,26.7,station
2025-03-29,26.2,25.7,26.0,26.2,27.8,25.6,25.5,27.0,27.1,27.8,26.38,0.82,-0.22,67,76,21.3,13.58,2.5,0.9984,0.057,26.6,26.1,26.1,station
2025-03-30,24.8,25.5,28.0,27.0,28.1,24.2,25.9,28.2,27.5,29.0,26.68,1.48,-0.28,85,60,17.4,17.3,6.1,0.9992,0.0398,26.7,26.7,26.7,station
2025-03-31,26.0,27.2,29.2,27.0,29.7,27.0,27.5,29.0,27.3,29.5,27.82,1.57,-0.24,87,48,13.6,21.08,12.8,0.9997,0.0226,27.7,30.0,30.0,station
2025-04-01,27.3,28.0,27.3,28.7,30.7,27.0,27.9,30.5,28.4,30.1,28.4,1.41,-0.38,87,27,11.1,22.84,0.8,1.0,0.0054,28.2,30.6,30.6,station
2025-04-02,27.1,27.8,28.2,27.8,29.2,27.0,27.6,29.1,27.5,29.3,28.02,0.77,-0.08,79,14,18.3,24.24,0.3,0.9999,-0.0118,28.2,29.4,29.4,station
2025-04-03,27.4,27.7,28.5,28.5,29.4,27.8,27.7,29.2,28.1,28.5,28.3,0.78,0.04,75,16,21.8,23.68,1.1,0.9996,-0.029,29.0,29.4,29.4,station
2025-04-04,27.6,27.4,28.3,28.3,29.1,27.0,27.2,28.4,28.2,29.0,28.14,0.67,0.18,73,40,21.1,21.86,0.8,0.9989,-0.0462,28.4,28.9,28.9,station
2025-04-05,28.0,27.5,28.0,28.2,29.2,27.8,27.5,28.4,28.5,29.4,28.18,0.63,-0.14,68,31,21.0,22.94,0.2,0.998,-0.0634,29.4,28.9,28.9,station
2025-04-06,27.5,27.3,28.7,28.1,29.0,27.7,27.5,28.9,28.6,29.4,28.12,0.74,-0.3,67,40,17.0,23.03,0.3,0.9968,-0.0805,28.7,28.3,28.3,station
2025-04-07,28.7,28.2,29.4,29.2,30.2,28.5,28.2,29.9,29.3,30.1,29.14,0.75,-0.06,69,18,17.7,23.76,0.8,0.9952,-0.0977,29.6,29.4,29.4,station
2025-04-08,28.3,26.7,29.2,26.6,30.8,25.9,26.6,31.5,26.2,29.8,28.32,1.77,0.32,84,67,14.6,16.85,14.3,0.9934,-0.1148,28.6,28.3,28.3,station
2025-04-09,25.8,25.0,25.9,27.0,28.7,27.1,25.3,29.0,26.8,27.2,26.48,1.43,-0.6,70,45,15.3,24.75,1.0,0.9913,-0.1319,25.3,27.2,27.2,station
2025-04-10,24.5,25.8,25.3,27.7,29.0,26.1,25.9,27.5,27.1,28.1,26.46,1.84,-0.48,79,28,12.5,21.43,1.6,0.9889,-0.1489,26.4,27.2,27.2,station
2025-04-11,26.7,26.5,28.2,28.1,28.3,25.3,26.5,30.7,26.8,28.9,27.56,0.88,-0.08,75,13,9.5,23.36,1.1,0.9861,-0.1659,27.3,27.8,27.8,station
2025-04-12,27.5,25.7,28.7,27.7,27.3,26.9,25.6,28.2,27.2,26.5,27.38,1.08,0.5,56,2,12.8,27.17,0.0,0.9831,-0.1828,28.3,27.2,27.2,station
2025-04-13,27.2,25.5,26.8,26.6,27.1,26.7,25.3,26.6,26.0,27.4,26.64,0.68,0.24,53,12,13.1,25.78,0.0,0.9799,-0.1997,28.3,26.7,26.7,station
2025-04-14,26.7,26.1,27.7,27.0,27.2,26.3,26.0,26.5,26.6,27.4,26.94,0.59,0.38,59,9,12.3,27.28,0.0,0.9763,-0.2165,27.3,26.7,26.7,station
2025-04-15,27.9,26.5,28.1,28.1,28.7,27.9,26.7,28.8,27.9,28.8,27.86,0.82,-0.16,59,10,15.3,25.68,0.0,0.9724,-0.2333,29.7,28.9,28.9,station
2025-04-16,28.8,26.7,29.6,29.5,30.7,28.5,26.5,30.1,30.0,30.3,29.06,1.48,-0.02,66,12,13.5,25.77,0.0,0.9683,-0.25,31.2,28.9,28.9,station
2025-04-17,27.2,26.4,28.0,27.6,27.9,26.8,26.5,27.2,27.4,28.0,27.42,0.65,0.24,62,18,13.3,25.8,0.0,0.9638,-0.2666,28.6,28.3,28.3,station
2025-04-18,26.9,26.4,27.5,27.5,27.7,26.9,26.4,27.3,27.4,28.0,27.2,0.54,0.0,56,32,19.3,21.45,0.0,0.9591,-0.2831,28.1,27.8,27.8,station
2025-04-19,26.5,26.3,27.6,26.7,27.7,26.9,26.3,27.4,26.5,27.7,26.96,0.65,0.0,55,32,22.4,24.16,0.0,0.9541,-0.2996,28.3,27.8,27.8,station
2025-04-20,28.3,27.3,28.2,28.3,28.2,27.4,27.1,28.1,28.4,28.3,28.06,0.43,0.2,51,38,21.3,25.3,0.0,0.9488,-0.316,29.3,28.3,28.3,station
2025-04-21,27.4,26.5,26.7,27.8,28.1,27.6,26.5,27.7,28.1,28.5,27.3,0.69,-0.38,57,77,15.5,22.9,0.0,0.9432,-0.3322,28.5,27.8,27.8,station
2025-04-22,27.3,26.2,27.4,26.6,28.6,27.6,26.5,28.0,27.3,28.7,27.22,0.92,-0.4,62,95,14.9,24.43,0.0,0.9373,-0.3484,28.4,27.8,27.8,station
2025-04-23,28.0,26.9,28.0,28.2,28.9,27.8,26.9,28.3,28.4,29.0,28.0,0.72,-0.08,61,66,15.7,24.63,0.0,0.9312,-0.3645,29.6,27.8,27.8,station
2025-04-24,28.6,27.0,28.6,27.9,28.6,27.6,26.5,28.3,27.9,28.9,28.14,0.71,0.3,59,42,17.8,24.36,0.4,0.9248,-0.3804,29.3,28.3,28.3,station
2025-04-25,27.7,27.0,28.4,27.5,28.2,27.9,26.9,27.9,28.0,28.4,27.76,0.56,-0.06,61,34,17.2,23.57,0.4,0.9181,-0.3963,28.3,28.3,28.3,station
2025-04-26,27.9,27.1,29.1,28.7,28.8,28.1,27.0,28.3,27.9,28.8,28.32,0.81,0.3,62,43,15.0,25.16,0.0,0.9112,-0.412,29.6,28.9,28.9,station
2025-04-27,27.9,27.5,29.3,28.5,29.0,28.3,27.6,29.1,28.6,29.5,28.44,0.75,-0.18,66,13,12.6,26.62,0.0,0.9039,-0.4276,29.6,29.4,29.4,station
2025-04-28,28.0,27.5,28.9,28.5,29.1,28.3,27.4,28.6,28.5,29.1,28.4,0.66,0.02,65,15,15.4,26.83,0.0,0.8965,-0.4431,29.6,28.9,28.9,station
2025-04-29,26.3,26.4,27.3,26.6,28.4,26.1,26.6,27.7,26.3,28.5,27.0,0.87,-0.04,69,33,17.3,22.1,2.7,0.8887,-0.4585,28.0,28.9,28.9,station
2025-04-30,27.7,26.6,27.1,27.9,27.8,27.0,26.5,27.5,27.1,27.4,27.42,0.55,0.32,58,48,18.6,25.42,0.2,0.8807,-0.4737,28.4,27.8,27.8,station
2025-05-01,28.1,26.7,27.6,27.7,28.5,27.5,26.7,28.0,27.7,28.2,27.72,0.67,0.1,57,57,15.7,22.86,0.2,0.8724,-0.4888,28.7,28.9,28.9,station
2025-05-02,27.6,27.2,28.8,28.3,28.7,27.8,27.1,28.4,27.8,28.1,28.12,0.7,0.28,57,66,13.9,23.1,0.0,0.8639,-0.5037,29.8,28.3,28.3,station
2025-05-03,27.9,27.6,28.8,29.0,29.9,27.1,27.6,29.0,28.4,29.5,28.64,0.92,0.32,67,55,14.8,23.22,4.5,0.8551,-0.5185,28.8,27.8,27.8,station
2025-05-04,27.5,26.9,29.0,28.1,30.0,28.7,27.2,30.2,29.4,30.3,28.3,1.23,-0.86,73,74,14.5,17.34,8.8,0.846,-0.5331,28.7,28.3,28.3,station
2025-05-05,28.8,28.0,27.3,28.8,30.4,26.2,27.7,30.1,30.2,29.7,28.66,1.16,-0.12,80,31,10.1,22.86,11.6,0.8367,-0.5476,29.5,30.0,30.0,station
2025-05-06,28.4,28.6,27.7,28.8,30.4,27.9,28.5,30.3,29.4,30.3,28.78,1.0,-0.5,79,39,13.9,24.8,10.4,0.8272,-0.5619,29.4,30.0,30.0,station
2025-05-07,28.2,28.2,29.3,28.3,29.8,28.3,28.0,29.6,28.8,29.4,28.76,0.74,-0.06,70,60,12.9,27.49,0.0,0.8174,-0.5761,29.5,29.4,29.4,station
2025-05-08,29.5,28.4,29.5,29.2,30.5,28.8,28.3,30.6,29.3,30.3,29.42,0.75,-0.04,66,41,12.3,27.18,0.0,0.8074,-0.59,31.2,30.0,30.0,station
2025-05-09,29.4,28.6,30.2,29.4,30.5,29.7,28.7,30.5,29.7,30.4,29.62,0.75,-0.18,64,54,14.7,26.72,0.0,0.7971,-0.6038,30.6,30.0,30.0,station
2025-05-10,29.7,28.8,29.9,29.7,30.5,29.7,28.8,29.7,29.7,30.7,29.72,0.61,0.0,63,77,17.4,24.45,0.0,0.7866,-0.6175,31.0,30.6,30.6,station
2025-05-11,29.3,28.9,29.4,30.3,30.8,29.8,28.9,30.1,30.0,30.4,29.74,0.78,-0.1,64,88,20.1,23.76,0.0,0.7759,-0.6309,31.1,29.4,29.4,station
2025-05-12,27.0,26.7,25.3,28.8,26.6,27.7,26.7,30.2,29.3,30.8,26.88,1.26,-2.06,90,99,17.6,8.58,87.2,0.7649,-0.6442,27.3,28.9,28.9,station
2025-05-13,28.0,28.4,28.5,29.0,28.6,27.4,28.2,31.4,29.2,27.1,28.5,0.36,-0.16,85,60,13.2,23.37,7.4,0.7537,-0.6572,28.7,30.6,30.6,station
2025-05-14,28.8,28.7,28.5,30.3,32.1,28.5,28.8,32.5,30.9,30.9,29.68,1.53,-0.64,74,3,12.0,28.45,0.0,0.7423,-0.6701,30.7,32.8,32.8,station
2025-05-15,28.2,29.1,29.4,30.0,32.3,28.1,29.1,32.0,30.1,31.7,29.8,1.54,-0.4,80,22,11.1,26.42,0.0,0.7306,-0.6828,30.2,31.1,31.1,station
2025-05-16,29.0,29.5,30.7,30.7,32.3,28.9,29.3,32.2,30.1,32.3,30.44,1.28,-0.12,77,28,8.6,27.57,0.0,0.7188,-0.6952,30.5,31.7,31.7,station
2025-05-17,30.6,29.8,31.5,31.3,33.5,30.4,29.8,32.2,30.8,33.4,31.34,1.38,0.02,75,58,12.1,26.86,0.0,0.7067,-0.7075,32.7,32.2,32.2,station
2025-05-18,31.0,29.8,31.3,31.3,33.1,30.7,29.7,32.0,30.9,32.4,31.3,1.18,0.16,71,11,12.1,26.98,0.0,0.6945,-0.7195,32.3,31.7,31.7,station
2025-05-19,30.7,29.8,31.1,31.2,32.6,30.9,29.7,31.7,30.9,32.5,31.08,1.01,-0.06,68,11,13.8,26.93,0.0,0.682,-0.7314,33.4,31.7,31.7,station
2025-05-20,31.2,30.3,31.4,31.4,32.9,31.3,30.2,32.2,31.8,32.7,31.44,0.93,-0.2,68,27,15.5,26.87,0.0,0.6693,-0.743,33.7,32.2,32.2,station
2025-05-21,32.3,30.7,33.9,33.8,35.6,32.3,30.7,33.6,33.3,34.6,33.26,1.85,0.36,71,35,11.5,26.5,1.0,0.6564,-0.7544,35.3,33.9,33.9,station
2025-05-22,32.6,30.7,33.2,33.4,34.7,32.2,30.6,34.7,33.6,35.3,32.92,1.46,-0.36,72,36,12.2,25.95,4.0,0.6433,-0.7656,34.9,33.9,33.9,station
2025-05-23,31.0,30.1,32.0,30.4,32.0,31.5,29.1,33.7,34.2,34.7,31.1,0.88,-1.54,79,49,9.9,23.41,9.8,0.6301,-0.7765,31.9,32.2,32.2,station
2025-05-24,31.3,30.3,31.6,30.7,31.9,29.8,30.1,32.6,30.7,32.0,31.16,0.65,0.12,77,47,11.3,22.87,9.4,0.6166,-0.7873,31.0,32.2,32.2,station
2025-05-25,30.8,30.6,31.6,31.6,32.3,30.1,30.4,32.4,31.7,32.1,31.38,0.69,0.04,73,29,13.0,26.22,0.3,0.603,-0.7978,31.5,31.7,31.7,station
2025-05-26,30.8,30.4,31.2,31.3,32.8,30.0,30.1,32.7,31.3,32.6,31.3,0.91,-0.04,68,47,13.2,25.11,2.3,0.5892,-0.808,32.5,32.2,32.2,station
2025-05-27,30.1,30.9,29.7,31.4,32.5,29.4,30.5,32.7,30.9,32.9,30.92,1.11,-0.36,72,41,13.9,25.16,1.0,0.5752,-0.818,32.1,32.2,32.2,station
2025-05-28,30.7,30.9,31.7,31.7,32.8,31.1,30.8,32.8,31.1,32.4,31.56,0.83,-0.08,69,70,11.9,23.18,3.5,0.561,-0.8278,32.6,32.2,32.2,station
2025-05-29,31.2,30.7,31.3,31.2,32.6,30.5,30.8,32.3,31.3,32.4,31.4,0.71,-0.06,67,61,13.3,25.37,0.1,0.5467,-0.8373,33.2,31.7,31.7,station
2025-05-30,32.5,31.1,32.6,34.2,33.5,33.0,31.0,33.3,33.7,32.8,32.78,1.17,0.02,64,62,10.9,24.65,0.6,0.5322,-0.8466,34.0,33.3,33.3,station
2025-05-31,32.0,30.5,34.2,34.9,33.4,32.4,30.5,35.3,33.3,33.9,33.0,1.76,-0.08,70,93,13.0,21.7,4.0,0.5176,-0.8556,32.7,32.8,32.8,station
2025-06-01,29.4,28.0,28.0,32.3,32.3,30.7,28.5,34.5,33.4,33.8,30.0,2.18,-2.18,79,83,9.3,18.22,8.1,0.5028,-0.8644,30.3,29.4,29.4,station
2025-06-02,27.3,27.0,31.9,29.6,30.8,27.9,26.9,33.9,30.4,31.5,29.32,2.14,-0.8,85,80,14.6,15.73,7.3,0.4878,-0.8729,29.6,31.7,31.7,station
2025-06-03,25.8,25.6,25.6,26.6,26.8,25.6,25.4,28.2,27.2,26.0,26.08,0.58,-0.4,92,100,16.5,6.23,46.5,0.4728,-0.8812,25.5,25.6,25.6,station
2025-06-04,28.1,27.9,27.9,30.3,29.3,27.6,27.8,27.4,30.3,27.8,28.7,1.07,0.52,88,98,14.2,12.26,26.9,0.4575,-0.8892,28.4,30.6,30.6,station
2025-06-05,28.7,29.6,28.7,30.6,31.0,29.1,29.7,31.7,31.0,31.8,29.72,1.06,-0.94,80,100,15.2,15.13,0.0,0.4422,-0.8969,29.2,30.0,30.0,station
2025-06-06,29.3,30.3,28.7,31.0,32.3,29.4,30.1,32.2,30.8,32.1,30.32,1.42,-0.6,81,56,10.2,25.95,0.3,0.4267,-0.9044,30.2,31.1,31.1,station
2025-06-07,29.4,30.4,29.3,31.4,33.0,29.9,30.2,32.7,31.2,32.3,30.7,1.54,-0.56,83,21,11.2,26.11,0.1,0.4111,-0.9116,30.4,31.7,31.7,station
2025-06-08,29.8,30.2,30.8,31.7,32.5,29.7,30.3,33.2,32.1,32.5,31.0,1.1,-0.56,80,16,10.3,25.86,0.3,0.3953,-0.9185,31.0,31.7,31.7,station
2025-06-09,30.2,29.9,28.7,31.8,32.6,29.8,29.8,32.5,31.5,32.5,30.64,1.56,-0.58,73,16,12.8,26.28,0.1,0.3795,-0.9252,31.6,32.2,32.2,station
2025-06-10,29.4,28.9,31.5,31.1,32.4,30.2,29.1,32.9,30.9,32.7,30.66,1.47,-0.5,80,82,16.7,20.91,7.0,0.3635,-0.9316,29.9,31.7,31.7,station
2025-06-11,28.2,28.5,29.4,29.7,32.2,27.4,28.4,31.4,29.6,31.7,29.6,1.58,-0.1,80,75,13.9,24.3,8.1,0.3474,-0.9377,29.6,31.7,31.7,station
2025-06-12,29.5,29.8,30.7,31.7,31.9,29.4,29.7,31.8,31.1,32.2,30.72,1.08,-0.12,75,40,16.3,25.79,5.5,0.3312,-0.9436,31.4,31.7,31.7,station
2025-06-13,31.0,30.4,31.2,32.2,32.4,30.7,30.2,32.4,32.2,32.2,31.44,0.84,-0.1,69,24,15.0,26.9,0.2,0.3149,-0.9491,31.1,31.7,31.7,station
2025-06-14,30.6,30.3,31.2,32.0,32.2,30.4,30.2,32.2,32.4,32.4,31.26,0.84,-0.26,67,18,14.0,26.09,1.3,0.2986,-0.9544,31.4,31.7,31.7,station
2025-06-15,30.8,30.3,31.5,31.5,32.2,30.8,30.2,32.5,32.2,32.4,31.26,0.73,-0.36,67,46,14.9,27.11,1.2,0.2821,-0.9594,31.7,31.7,31.7,station
2025-06-16,30.7,30.2,31.6,32.0,31.8,30.4,30.2,32.3,32.0,31.8,31.26,0.77,-0.08,65,12,13.8,26.69,0.0,0.2656,-0.9641,31.6,31.7,31.7,station
2025-06-17,30.8,30.3,31.7,32.2,32.0,31.0,30.3,32.5,32.3,32.0,31.4,0.82,-0.22,63,25,15.7,27.34,0.1,0.2489,-0.9685,31.9,31.7,31.7,station
2025-06-18,30.1,30.1,31.6,31.3,32.8,29.5,30.0,31.9,31.8,32.7,31.18,1.13,0.0,73,65,13.5,23.72,1.6,0.2322,-0.9727,31.1,31.7,31.7,station
2025-06-19,30.3,30.0,31.4,31.3,32.6,29.6,29.8,32.5,31.7,32.1,31.12,1.03,-0.02,75,74,11.1,24.15,5.9,0.2155,-0.9765,31.5,31.7,31.7,station
2025-06-20,31.1,30.0,31.4,32.2,32.4,30.9,29.8,32.5,32.3,32.2,31.42,0.96,-0.12,75,69,11.2,25.22,1.5,0.1986,-0.9801,31.4,31.7,31.7,station
2025-06-21,31.0,29.8,31.6,32.0,32.7,30.0,29.7,32.8,32.5,32.3,31.42,1.1,-0.04,68,60,11.9,23.55,1.6,0.1818,-0.9833,31.2,30.6,30.6,station
2025-06-22,28.3,29.0,31.7,31.1,32.5,28.2,29.1,31.9,32.1,32.3,30.52,1.79,-0.2,76,75,14.3,21.08,8.0,0.1648,-0.9863,31.2,31.1,31.1,station
2025-06-23,29.7,30.7,31.9,32.1,32.2,29.6,30.7,32.0,32.2,32.0,31.32,1.09,0.02,70,25,17.5,26.88,0.3,0.1478,-0.989,31.3,31.7,31.7,station
2025-06-24,29.7,29.8,31.4,32.1,32.4,30.5,30.2,32.3,32.5,32.4,31.08,1.27,-0.5,70,61,15.0,23.36,2.0,0.1308,-0.9914,30.5,32.2,32.2,station
2025-06-25,29.6,28.4,31.1,32.2,31.9,28.8,28.3,32.4,32.1,32.1,30.64,1.61,-0.1,80,43,18.3,21.37,16.5,0.1137,-0.9935,28.7,31.1,31.1,station
2025-06-26,28.1,27.6,28.4,31.7,28.6,28.6,28.3,32.6,33.2,31.8,28.88,1.62,-2.02,86,55,11.1,19.55,24.4,0.0966,-0.9953,28.5,30.0,30.0,station
2025-06-27,30.2,29.4,32.5,31.7,32.7,28.2,29.4,33.9,33.1,32.3,31.3,1.45,-0.08,85,80,14.6,21.43,4.9,0.0795,-0.9968,29.2,31.7,31.7,station
2025-06-28,29.8,30.3,31.8,32.2,32.2,29.8,30.4,32.7,32.3,32.4,31.26,1.13,-0.26,81,33,13.3,25.08,0.9,0.0623,-0.9981,31.0,31.7,31.7,station
2025-06-29,29.8,29.7,31.1,31.8,31.4,28.4,29.6,32.0,31.7,32.4,30.76,0.96,-0.06,81,92,12.8,13.54,2.3,0.0451,-0.999,29.8,31.7,31.7,station
2025-06-30,30.2,29.7,31.1,31.8,32.2,28.8,28.9,31.5,31.5,32.1,31.0,1.05,0.44,82,84,12.8,20.96,14.7,0.028,-0.9996,29.5,32.2,32.2,station
2025-07-01,28.6,28.1,29.9,31.2,30.8,30.7,29.0,32.7,32.6,32.6,29.72,1.35,-1.8,85,78,11.3,21.08,18.5,0.0108,-0.9999,29.3,30.6,30.6,station
2025-07-02,29.3,28.4,31.5,32.2,32.4,31.3,28.8,32.7,33.0,29.8,30.76,1.8,-0.36,88,100,9.2,17.97,15.3,-0.0065,-1.0,30.2,30.6,30.6,station
2025-07-03,29.6,28.4,31.8,32.6,28.6,29.0,27.8,33.4,33.9,31.8,30.2,1.9,-0.98,86,96,13.0,17.4,13.9,-0.0237,-0.9997,30.1,30.6,30.6,station
2025-07-04,27.3,28.3,27.5,31.3,29.2,28.9,28.5,32.0,30.6,30.2,28.72,1.63,-1.32,87,98,11.5,16.05,7.9,-0.0408,-0.9992,28.8,29.4,29.4,station
2025-07-05,30.2,28.6,31.3,31.8,30.1,30.4,28.5,36.0,33.0,32.3,30.4,1.24,-1.64,87,69,16.2,19.39,21.8,-0.058,-0.9983,29.7,31.1,31.1,station
2025-07-06,30.1,29.7,30.2,31.7,32.7,30.4,29.8,34.1,32.4,32.0,30.88,1.27,-0.86,86,59,12.4,22.24,4.4,-0.0752,-0.9972,30.1,31.1,31.1,station
2025-07-07,30.0,30.5,31.3,32.1,33.0,30.1,30.5,33.7,32.2,32.9,31.38,1.21,-0.5,81,89,8.4,25.81,1.2,-0.0923,-0.9957,31.9,32.8,32.8,station
2025-07-08,31.1,30.8,32.4,32.7,33.3,29.9,30.6,33.2,32.9,33.2,32.06,1.07,0.1,78,45,13.4,26.12,4.0,-0.1094,-0.994,31.8,32.8,32.8,station
2025-07-09,31.3,29.8,33.6,30.4,32.8,30.0,29.0,33.3,30.6,33.0,31.58,1.6,0.4,81,79,9.7,22.05,5.0,-0.1265,-0.992,31.7,32.8,32.8,station
2025-07-10,29.5,29.8,31.7,31.6,32.9,30.2,29.4,32.0,31.0,33.3,31.1,1.42,-0.08,86,99,16.1,19.69,7.5,-0.1436,-0.9896,29.9,32.2,32.2,station
2025-07-11,29.6,29.9,32.3,31.0,33.0,30.5,30.6,32.9,31.2,32.9,31.16,1.48,-0.46,85,99,11.7,21.3,17.4,-0.1606,-0.987,30.8,32.2,32.2,station
2025-07-12,29.3,29.9,31.5,31.9,33.2,29.2,29.8,33.8,31.5,33.4,31.16,1.57,-0.38,84,80,5.6,22.14,9.1,-0.1775,-0.9841,32.1,32.8,32.8,station
2025-07-13,32.3,30.3,32.9,32.3,32.4,29.7,29.6,34.1,33.3,33.7,32.04,1.0,-0.04,83,89,8.0,22.29,9.5,-0.1944,-0.9809,31.7,30.0,30.0,station
2025-07-14,29.2,27.7,32.2,31.0,29.4,28.8,27.6,33.6,30.4,30.6,29.9,1.74,-0.3,88,92,13.2,15.9,14.9,-0.2113,-0.9774,30.7,32.2,32.2,station
2025-07-15,28.7,28.0,28.2,29.1,28.2,26.9,27.3,28.8,30.3,26.5,28.44,0.45,0.48,83,76,12.5,20.74,7.0,-0.2281,-0.9736,29.2,31.1,31.1,station
2025-07-16,29.0,29.3,29.1,30.5,31.8,27.8,29.1,30.8,30.9,29.5,29.94,1.2,0.32,81,45,15.3,23.65,4.1,-0.2448,-0.9696,29.8,31.7,31.7,station
2025-07-17,30.0,30.3,31.1,31.1,33.1,29.8,30.3,32.6,32.2,31.5,31.12,1.21,-0.16,85,83,13.0,19.4,15.0,-0.2614,-0.9652,30.2,31.7,31.7,station
2025-07-18,30.9,31.3,31.8,32.2,33.2,30.5,31.2,32.9,32.1,33.0,31.88,0.89,-0.06,79,63,13.7,26.13,0.0,-0.278,-0.9606,31.3,32.8,32.8,station
2025-07-19,31.4,31.2,32.2,32.6,33.0,31.8,31.2,33.5,33.0,33.2,32.08,0.77,-0.46,74,37,12.7,27.48,0.0,-0.2945,-0.9557,31.7,32.2,32.2,station
2025-07-20,31.7,31.2,32.4,33.6,33.2,31.4,31.2,33.6,33.9,33.1,32.42,1.0,-0.22,74,13,10.9,25.75,0.3,-0.3109,-0.9505,32.8,32.2,32.2,station
2025-07-21,32.2,31.2,32.8,33.7,33.6,31.7,31.1,34.3,34.6,33.4,32.7,1.04,-0.32,75,58,10.9,25.39,0.4,-0.3272,-0.945,33.0,32.8,32.8,station
2025-07-22,32.6,30.7,33.3,33.8,32.8,32.3,30.3,32.5,33.8,32.7,32.64,1.18,0.32,79,84,8.2,21.23,7.4,-0.3434,-0.9392,33.3,33.3,33.3,station
2025-07-23,29.8,29.0,32.0,31.8,32.4,29.8,29.1,31.6,31.8,32.7,31.0,1.5,0.0,84,61,9.4,17.65,10.0,-0.3595,-0.9332,30.2,31.1,31.1,station
2025-07-24,29.7,30.1,31.5,30.9,33.1,30.4,30.9,33.1,32.3,33.4,31.06,1.34,-0.96,80,51,15.0,23.38,4.8,-0.3755,-0.9268,30.5,32.2,32.2,station
2025-07-25,31.0,31.2,32.3,33.0,32.9,30.6,31.1,32.8,32.9,33.0,32.08,0.94,0.0,74,18,15.3,26.54,0.0,-0.3914,-0.9202,31.6,32.8,32.8,station
2025-07-26,31.8,31.3,32.8,33.2,33.5,31.6,31.2,33.6,33.0,33.0,32.52,0.94,0.04,71,26,11.7,26.37,0.0,-0.4071,-0.9134,32.9,32.2,32.2,station
2025-07-27,32.7,31.6,33.4,33.2,33.1,32.6,31.7,33.7,33.5,33.1,32.8,0.72,-0.12,69,53,13.6,26.52,0.0,-0.4228,-0.9062,34.0,32.8,32.8,station
2025-07-28,32.6,31.3,33.5,32.0,33.6,32.5,31.3,33.5,32.4,33.8,32.6,0.98,-0.1,71,41,11.3,24.63,0.3,-0.4383,-0.8988,34.3,33.3,33.3,station
2025-07-29,32.6,31.1,33.1,33.1,33.5,31.0,31.0,33.4,32.5,34.2,32.68,0.94,0.26,77,20,9.8,24.31,3.5,-0.4537,-0.8912,34.0,31.7,31.7,station
2025-07-30,32.1,32.0,33.0,34.2,33.7,32.9,32.0,34.4,34.1,33.6,33.0,0.97,-0.4,71,12,10.6,25.9,0.2,-0.469,-0.8832,34.2,33.3,33.3,station
2025-07-31,33.0,31.8,33.7,34.8,34.1,32.0,31.8,34.6,34.3,34.0,33.48,1.14,0.14,71,58,11.6,25.08,0.1,-0.4841,-0.875,35.0,34.4,34.4,station
2025-08-01,33.2,32.0,33.1,34.2,33.7,32.6,31.8,34.0,34.1,33.4,33.24,0.82,0.06,69,39,13.5,25.96,0.3,-0.4991,-0.8666,34.7,33.3,33.3,station
2025-08-02,33.1,31.9,34.0,34.2,33.8,33.1,32.4,34.5,35.2,33.8,33.4,0.94,-0.4,69,5,12.3,26.22,0.0,-0.5139,-0.8578,34.9,33.9,33.9,station
2025-08-03,32.4,31.8,33.4,35.2,33.7,32.8,31.7,34.3,35.0,33.3,33.3,1.31,-0.12,75,32,11.2,23.29,13.8,-0.5286,-0.8489,34.5,33.3,33.3,station
2025-08-04,30.5,31.3,33.5,33.0,33.7,31.8,31.5,34.7,33.1,34.0,32.4,1.42,-0.62,77,45,11.1,23.27,9.0,-0.5431,-0.8397,33.4,32.8,32.8,station
2025-08-05,31.7,31.7,33.2,34.2,34.2,31.8,31.7,34.9,34.8,34.1,33.0,1.25,-0.46,77,58,7.8,23.44,2.3,-0.5575,-0.8302,34.2,32.8,32.8,station
2025-08-06,32.8,30.9,33.3,33.5,33.4,31.5,30.7,34.0,33.6,34.4,32.78,1.08,-0.06,79,64,9.8,23.96,6.2,-0.5717,-0.8205,33.3,33.9,33.9,station
2025-08-07,29.0,28.3,30.0,31.2,33.2,28.1,28.5,33.8,30.8,33.5,30.34,1.94,-0.6,86,99,10.5,13.07,20.5,-0.5857,-0.8105,29.3,30.6,30.6,station
2025-08-08,28.1,28.1,29.6,30.6,33.6,28.6,28.2,33.8,32.0,33.2,30.0,2.27,-1.16,86,99,11.5,18.9,19.5,-0.5996,-0.8003,29.8,31.1,31.1,station
2025-08-09,28.5,28.0,29.9,31.3,31.4,28.3,27.4,30.4,30.9,32.9,29.82,1.56,-0.16,88,99,12.6,8.91,12.3,-0.6132,-0.7899,28.7,28.3,28.3,station
2025-08-10,28.4,29.3,30.0,31.2,33.6,28.8,29.5,32.7,31.9,33.5,30.5,2.01,-0.78,82,89,12.5,18.84,15.2,-0.6267,-0.7792,29.9,31.1,31.1,station
2025-08-11,30.6,31.1,30.6,31.8,32.8,30.4,30.9,32.9,32.2,33.6,31.38,0.93,-0.62,78,18,14.7,25.11,0.3,-0.64,-0.7683,31.1,32.2,32.2,station
2025-08-12,30.3,31.1,30.3,31.9,33.7,30.6,31.0,33.3,32.1,33.8,31.46,1.42,-0.7,77,35,13.5,25.26,1.3,-0.6532,-0.7572,31.6,32.2,32.2,station
2025-08-13,31.0,31.2,31.3,31.8,33.4,30.9,31.0,33.6,31.6,33.8,31.74,0.97,-0.44,77,52,9.3,24.36,3.8,-0.6661,-0.7459,32.4,32.8,32.8,station
2025-08-14,31.8,30.9,32.2,33.0,33.5,31.0,31.0,34.3,32.3,33.1,32.28,1.02,-0.06,78,36,9.7,23.54,3.0,-0.6788,-0.7343,33.1,32.2,32.2,station
2025-08-15,32.4,31.5,33.1,33.1,33.7,31.9,31.6,33.7,33.2,33.6,32.76,0.84,-0.04,74,21,12.2,25.57,0.0,-0.6914,-0.7225,33.2,33.9,33.9,station
2025-08-16,32.3,31.3,32.7,33.4,33.9,31.4,30.8,33.5,33.5,33.8,32.72,1.01,0.12,74,38,8.1,24.23,2.9,-0.7037,-0.7105,33.5,33.3,33.3,station
2025-08-17,32.3,31.5,32.8,33.3,33.9,32.3,31.4,34.3,33.1,33.9,32.76,0.92,-0.24,77,22,9.9,23.1,5.3,-0.7158,-0.6983,33.7,33.3,33.3,station
2025-08-18,32.3,32.0,33.2,35.7,33.8,32.5,32.2,35.4,35.7,34.4,33.4,1.47,-0.64,75,15,11.6,24.48,0.6,-0.7277,-0.6859,33.9,33.9,33.9,station
2025-08-19,32.2,31.8,33.8,34.1,34.2,32.9,32.1,34.5,34.6,34.3,33.22,1.13,-0.46,81,44,8.8,21.38,9.2,-0.7394,-0.6733,34.6,33.9,33.9,station
2025-08-20,33.6,32.6,34.9,36.3,35.0,33.1,33.0,36.2,35.8,35.3,34.48,1.42,-0.2,78,18,14.2,24.63,1.9,-0.7509,-0.6605,34.1,35.0,35.0,station
2025-08-21,33.4,31.0,33.0,33.3,33.1,31.3,31.0,37.1,33.9,31.3,32.76,1.0,-0.16,78,30,11.9,22.05,3.7,-0.7621,-0.6474,33.1,33.3,33.3,station
2025-08-22,33.0,30.7,33.6,33.8,32.6,33.6,30.8,36.2,34.3,34.2,32.74,1.24,-1.08,79,43,9.5,20.9,4.9,-0.7731,-0.6342,33.9,35.0,35.0,station
2025-08-23,30.4,30.0,34.8,33.4,32.2,30.7,30.2,36.1,32.8,34.5,32.16,2.02,-0.7,85,93,12.9,16.79,10.8,-0.7839,-0.6208,31.0,31.1,31.1,station
2025-08-24,30.2,30.2,33.2,32.6,32.1,30.3,30.3,35.9,34.9,33.0,31.66,1.39,-1.22,87,93,12.3,20.83,16.3,-0.7945,-0.6073,32.3,33.3,33.3,station
2025-08-25,30.3,31.3,31.6,34.8,33.1,31.8,31.1,34.5,34.5,31.0,32.22,1.76,-0.36,83,72,8.3,23.24,0.9,-0.8048,-0.5935,32.1,33.9,33.9,station
2025-08-26,32.5,31.8,33.5,34.2,34.2,31.2,31.6,34.2,33.9,33.7,33.24,1.06,0.32,79,44,7.9,24.81,4.1,-0.8149,-0.5796,32.6,33.9,33.9,station
2025-08-27,31.6,31.1,32.3,33.4,32.5,31.7,30.8,34.4,33.6,33.8,32.18,0.88,-0.68,83,58,8.9,22.01,8.4,-0.8248,-0.5655,32.9,33.9,33.9,station
2025-08-28,30.8,31.3,31.3,32.8,32.8,30.7,31.0,33.6,32.3,33.4,31.8,0.94,-0.4,80,60,9.6,21.64,8.8,-0.8344,-0.5512,32.7,32.8,32.8,station
2025-08-29,31.7,31.0,31.9,32.9,32.6,30.2,30.5,34.6,31.8,33.5,32.02,0.75,-0.1,82,67,10.5,22.04,15.1,-0.8437,-0.5368,33.4,33.3,33.3,station
2025-08-30,30.6,30.2,32.8,33.1,33.1,30.7,30.8,34.7,32.6,33.5,31.96,1.44,-0.5,86,82,13.8,18.5,8.3,-0.8528,-0.5222,32.6,32.8,32.8,station
2025-08-31,29.5,29.9,30.7,32.1,32.8,30.4,30.1,34.6,32.4,33.0,31.0,1.41,-1.1,84,64,9.2,19.34,11.4,-0.8617,-0.5074,31.7,33.9,33.9,station
2025-09-01,29.1,30.1,31.6,31.6,30.2,29.5,29.7,35.2,33.2,31.9,30.52,1.08,-1.38,85,85,15.6,20.71,2.7,-0.8703,-0.4925,31.5,33.3,33.3,station
2025-09-02,31.7,31.5,33.0,34.5,33.9,31.9,31.2,34.7,33.2,30.2,32.92,1.32,0.68,81,55,10.7,22.63,0.6,-0.8786,-0.4775,32.4,33.9,33.9,station
2025-09-03,30.6,28.9,32.6,32.1,32.0,30.5,30.1,34.0,31.8,32.4,31.24,1.5,-0.52,90,96,12.4,12.81,28.2,-0.8867,-0.4623,30.2,31.7,31.7,station
2025-09-04,28.9,27.9,26.5,29.6,29.8,28.8,28.6,34.3,30.4,31.2,28.54,1.36,-2.12,90,100,12.9,15.26,15.0,-0.8945,-0.447,30.2,31.1,31.1,station
2025-09-05,27.4,28.5,29.3,29.5,29.2,27.6,28.0,33.7,28.6,31.0,28.78,0.86,-1.0,91,96,8.4,13.06,7.6,-0.9021,-0.4315,29.4,32.2,32.2,station
2025-09-06,29.5,28.7,27.9,29.2,29.7,28.8,28.8,31.1,29.6,28.9,29.0,0.72,-0.44,88,99,8.6,14.02,8.2,-0.9094,-0.4159,29.1,29.4,29.4,station
2025-09-07,30.6,30.0,29.8,31.5,31.2,28.0,29.6,33.4,30.6,30.1,30.62,0.74,0.28,86,99,8.7,14.77,10.5,-0.9164,-0.4002,30.3,32.2,32.2,station
2025-09-08,29.4,29.4,32.9,31.2,29.7,29.6,29.0,33.7,31.2,30.1,30.52,1.53,-0.2,85,94,8.7,19.05,17.0,-0.9232,-0.3844,31.4,32.8,32.8,station
2025-09-09,29.0,28.8,31.1,30.7,29.5,28.3,28.6,33.1,30.6,32.1,29.82,1.03,-0.72,91,97,9.5,14.37,10.9,-0.9296,-0.3685,30.5,31.1,31.1,station
2025-09-10,29.0,29.2,30.5,31.2,30.3,29.2,29.2,34.4,31.2,31.2,30.04,0.92,-1.0,88,93,11.4,17.86,4.9,-0.9358,-0.3524,30.7,32.2,32.2,station
2025-09-11,30.7,30.3,30.3,31.9,30.7,28.5,29.8,35.0,30.7,31.9,30.78,0.66,-0.4,90,65,9.7,15.83,29.9,-0.9418,-0.3363,31.1,33.3,33.3,station
2025-09-12,27.2,28.2,29.7,31.1,30.6,30.1,28.9,32.5,30.6,31.0,29.36,1.63,-1.26,89,95,8.5,17.0,11.5,-0.9474,-0.32,30.4,31.7,31.7,station
2025-09-13,27.0,28.5,28.3,29.1,30.5,27.1,28.4,30.1,29.5,31.4,28.68,1.27,-0.62,89,74,9.9,18.08,9.4,-0.9528,-0.3037,29.5,31.7,31.7,station
2025-09-14,29.3,29.7,28.7,32.1,31.5,29.6,29.7,31.9,31.8,31.2,30.26,1.47,-0.58,87,43,7.7,21.78,2.2,-0.9579,-0.2873,30.4,32.2,32.2,station
2025-09-15,29.6,29.7,28.8,30.7,31.4,29.5,29.8,33.1,30.5,31.3,30.04,1.02,-0.8,88,61,10.0,20.22,10.7,-0.9627,-0.2707,30.3,31.7,31.7,station
2025-09-16,29.6,30.0,29.7,32.2,32.1,29.1,29.8,32.0,30.7,30.8,30.72,1.31,0.24,86,57,11.1,20.81,6.2,-0.9672,-0.2541,31.0,32.8,32.8,station
2025-09-17,27.2,27.7,28.3,29.4,29.6,28.5,28.0,29.9,30.2,31.9,28.44,1.05,-1.26,90,99,11.7,7.17,9.2,-0.9714,-0.2375,27.7,28.9,28.9,station
2025-09-18,27.0,27.3,26.9,30.2,29.6,26.9,27.4,29.6,29.8,30.8,28.2,1.57,-0.7,91,93,12.2,12.03,21.6,-0.9753,-0.2207,28.6,29.4,29.4,station
2025-09-19,30.1,29.7,30.1,32.7,31.9,30.1,29.8,31.8,32.4,31.6,30.9,1.32,-0.24,87,74,9.3,20.83,4.1,-0.979,-0.2039,30.3,32.8,32.8,station
2025-09-20,28.6,29.5,29.3,30.7,31.8,29.5,29.7,32.7,33.5,32.5,29.98,1.27,-1.6,86,73,13.7,20.09,5.5,-0.9824,-0.187,30.5,31.1,31.1,station
2025-09-21,28.5,29.2,28.3,30.0,32.1,29.0,29.1,31.9,30.5,32.7,29.62,1.54,-1.02,87,54,11.4,16.85,6.4,-0.9854,-0.1701,29.8,29.4,29.4,station
2025-09-22,29.2,29.2,29.3,29.7,31.7,27.6,28.9,31.9,29.6,32.2,29.82,1.07,-0.22,88,78,7.7,17.14,12.5,-0.9882,-0.1531,30.8,31.7,31.7,station
2025-09-23,28.8,29.4,29.8,29.7,32.5,28.8,29.6,33.3,30.9,32.9,30.04,1.43,-1.06,89,97,7.4,15.66,16.0,-0.9907,-0.1361,30.6,30.6,30.6,station
2025-09-24,29.7,29.6,29.7,32.2,30.1,29.3,30.2,33.0,31.8,31.6,30.26,1.1,-0.92,89,91,7.7,17.05,9.5,-0.9929,-0.1191,30.2,30.6,30.6,station
2025-09-25,29.6,30.4,30.2,32.2,30.7,29.9,30.4,33.7,33.2,32.7,30.62,0.97,-1.36,88,80,10.3,17.25,11.3,-0.9948,-0.102,30.8,32.2,32.2,station
2025-09-26,29.8,30.1,29.5,31.8,30.2,30.1,30.2,33.7,32.4,32.2,30.28,0.89,-1.44,84,26,9.2,20.95,4.3,-0.9964,-0.0848,30.9,32.2,32.2,station
2025-09-27,29.3,29.9,30.6,32.0,32.6,29.6,30.0,34.0,32.0,33.1,30.88,1.39,-0.86,87,49,10.7,19.1,4.3,-0.9977,-0.0677,30.1,32.2,32.2,station
2025-09-28,27.9,28.5,26.9,30.9,30.5,29.0,28.4,33.9,31.3,32.3,28.94,1.71,-2.04,85,65,14.4,19.45,7.0,-0.9987,-0.0505,29.6,31.1,31.1,station
2025-09-29,29.7,30.5,30.8,31.8,31.9,31.5,30.8,32.9,33.0,31.4,30.94,0.92,-0.98,81,39,16.6,19.63,0.9,-0.9994,-0.0333,30.2,32.2,32.2,station
2025-09-30,32.0,31.2,31.9,32.7,32.3,31.5,31.3,34.0,33.2,32.6,32.02,0.55,-0.5,77,10,19.9,21.31,0.0,-0.9999,-0.0161,31.5,32.8,32.8,station
2025-10-01,31.2,29.8,30.9,32.0,31.9,31.3,30.0,34.3,31.9,32.0,31.16,0.89,-0.74,83,55,8.5,17.73,9.5,-1.0,0.0011,31.6,32.8,32.8,station
2025-10-02,29.4,28.2,29.7,29.6,30.9,29.0,28.3,31.0,30.3,31.2,29.56,0.96,-0.4,85,56,15.8,18.79,14.4,-0.9998,0.0183,30.4,31.1,31.1,station
2025-10-03,28.9,27.9,26.7,28.6,29.5,27.3,27.5,29.2,28.4,29.9,28.32,1.07,-0.14,82,49,15.6,17.83,12.6,-0.9994,0.0355,29.1,30.6,30.6,station
2025-10-04,28.3,28.8,29.3,30.6,30.9,27.5,28.3,31.3,30.8,31.2,29.58,1.13,-0.24,81,71,13.7,17.86,2.0,-0.9986,0.0527,29.9,31.1,31.1,station
2025-10-05,28.8,29.1,28.3,30.5,31.5,29.8,29.1,32.5,32.0,32.1,29.64,1.32,-1.46,86,95,9.2,13.62,13.9,-0.9976,0.0698,30.0,30.6,30.6,station
2025-10-06,28.6,29.0,30.9,31.2,31.8,28.9,28.8,31.7,31.4,32.4,30.3,1.41,-0.34,91,91,10.1,14.06,18.0,-0.9962,0.087,28.3,31.1,31.1,station
2025-10-07,27.4,28.1,30.0,28.8,31.3,27.6,28.3,30.2,30.4,31.1,29.12,1.55,-0.4,86,77,15.0,15.0,16.1,-0.9946,0.1041,29.9,31.1,31.1,station
2025-10-08,27.7,29.3,28.3,30.1,31.1,27.7,29.0,30.5,29.2,29.1,29.3,1.36,0.2,81,42,14.4,17.27,3.5,-0.9926,0.1212,29.0,30.6,30.6,station
2025-10-09,27.1,27.8,28.6,29.1,31.9,27.7,28.3,31.0,29.9,31.5,28.9,1.84,-0.78,88,66,9.3,14.77,6.0,-0.9904,0.1383,28.8,30.6,30.6,station
2025-10-10,26.2,26.1,27.2,28.7,26.2,27.1,26.5,30.9,29.0,26.4,26.88,1.11,-1.1,92,96,10.1,7.64,21.1,-0.9879,0.1553,26.7,26.7,26.7,station
2025-10-11,26.6,26.4,26.0,29.2,25.4,28.4,27.0,30.1,30.8,28.1,26.72,1.46,-2.16,88,73,9.8,16.78,10.5,-0.9851,0.1722,28.9,29.4,29.4,station
2025-10-12,29.1,27.7,29.5,28.9,28.0,28.5,27.6,31.6,28.9,29.8,28.64,0.76,-0.64,87,45,10.4,17.7,3.1,-0.9819,0.1892,28.8,29.4,29.4,station
2025-10-13,28.0,28.3,28.3,29.7,29.1,28.4,28.3,30.4,29.5,30.3,28.68,0.7,-0.7,81,19,10.6,18.98,0.9,-0.9785,0.206,29.4,30.6,30.6,station
2025-10-14,28.5,28.5,29.4,29.4,29.4,28.3,28.5,30.3,29.3,29.8,29.04,0.49,-0.2,75,21,13.1,19.45,0.0,-0.9749,0.2228,28.9,29.4,29.4,station
2025-10-15,27.9,28.2,29.8,29.2,29.5,28.4,28.1,30.7,29.5,29.0,28.92,0.83,-0.22,79,22,11.4,18.49,0.9,-0.9709,0.2396,28.9,30.0,30.0,station
2025-10-16,27.5,27.6,28.8,28.5,29.9,27.3,27.4,30.1,27.9,27.4,28.46,0.98,0.44,82,26,10.5,15.83,0.4,-0.9666,0.2562,28.2,30.0,30.0,station
2025-10-17,26.7,27.4,27.3,28.0,29.0,28.1,27.5,27.9,28.0,28.8,27.68,0.87,-0.38,73,42,16.3,17.83,0.0,-0.9621,0.2728,27.9,28.3,28.3,station
2025-10-18,28.3,27.8,28.9,28.2,28.7,28.1,27.6,27.7,27.8,28.6,28.38,0.43,0.42,64,23,13.5,19.41,0.0,-0.9572,0.2893,28.4,28.9,28.9,station
2025-10-19,27.7,27.9,28.3,29.9,30.2,28.1,28.0,29.2,30.1,30.3,28.8,1.17,-0.34,76,47,15.1,16.55,9.6,-0.9521,0.3057,29.4,29.4,29.4,station
2025-10-20,28.2,27.3,30.5,29.5,31.3,27.0,27.3,30.5,30.0,31.2,29.36,1.63,0.16,88,41,7.2,17.0,2.4,-0.9467,0.3221,29.5,31.1,31.1,station
2025-10-21,28.4,28.6,29.6,29.3,30.7,28.3,28.2,30.6,30.5,30.6,29.32,0.91,-0.32,82,27,8.3,16.75,0.7,-0.941,0.3383,29.7,30.6,30.6,station
2025-10-22,28.9,29.1,30.0,31.0,30.5,28.3,29.0,30.0,30.5,30.2,29.9,0.9,0.3,76,11,9.4,18.59,0.1,-0.9351,0.3545,30.0,31.1,31.1,station
2025-10-23,29.0,29.1,30.2,30.2,29.7,28.6,28.8,30.1,29.8,29.9,29.64,0.58,0.2,71,9,15.2,19.55,0.0,-0.9288,0.3705,30.2,30.6,30.6,station
2025-10-24,29.0,28.6,30.2,29.8,29.5,29.1,28.2,29.8,29.8,30.0,29.42,0.63,0.04,62,14,20.4,18.71,0.0,-0.9223,0.3864,30.3,30.0,30.0,station
2025-10-25,27.1,27.9,29.1,28.7,30.6,27.6,28.2,29.0,28.7,30.4,28.68,1.32,-0.1,74,46,23.1,15.92,5.6,-0.9155,0.4022,28.3,28.9,28.9,station
2025-10-26,26.9,28.2,29.4,29.6,31.2,27.4,28.3,29.8,29.7,30.0,29.06,1.61,0.02,83,47,21.8,15.31,15.0,-0.9085,0.4179,28.4,29.4,29.4,station
2025-10-27,28.7,29.2,29.5,30.3,31.1,28.8,28.7,30.3,30.6,31.1,29.76,0.95,-0.14,83,51,12.6,17.55,1.1,-0.9012,0.4335,29.6,30.6,30.6,station
2025-10-28,28.5,28.2,30.7,30.4,31.8,28.6,28.9,32.1,31.3,31.4,29.92,1.53,-0.54,88,52,8.1,14.82,3.1,-0.8936,0.4489,29.5,31.1,31.1,station
2025-10-29,28.3,27.9,27.5,29.6,30.7,27.8,27.6,31.6,31.7,31.0,28.8,1.32,-1.14,88,53,8.9,14.62,3.4,-0.8857,0.4642,28.8,30.0,30.0,station
2025-10-30,25.6,24.6,25.6,25.6,25.2,26.6,24.8,27.9,27.4,25.3,25.32,0.44,-1.08,73,23,19.5,17.66,0.1,-0.8776,0.4794,25.5,26.1,26.1,station
2025-10-31,23.8,24.0,22.8,25.0,25.3,23.8,24.0,25.5,24.9,25.4,24.18,1.0,-0.54,76,17,11.1,17.1,0.0,-0.8692,0.4944,25.0,24.4,24.4,station
2025-11-01,25.9,25.2,24.6,26.1,26.3,25.3,25.2,26.7,26.5,26.6,25.62,0.7,-0.44,68,43,9.4,17.17,0.0,-0.8606,0.5093,25.8,27.2,27.2,station
2025-11-02,27.8,27.0,27.7,27.9,28.8,27.3,26.7,28.1,27.9,28.7,27.84,0.64,0.1,77,55,13.1,13.96,2.5,-0.8517,0.524,28.1,28.3,28.3,station
2025-11-03,27.7,26.5,28.4,30.2,29.1,28.8,26.4,29.3,30.4,31.0,28.38,1.4,-0.8,82,30,12.6,16.55,1.6,-0.8426,0.5386,28.6,29.4,29.4,station
2025-11-04,24.9,25.9,26.8,25.7,26.6,26.3,25.8,27.0,25.7,27.2,25.98,0.76,-0.42,71,74,15.7,13.01,0.0,-0.8332,0.553,26.2,26.7,26.7,station
2025-11-05,27.6,26.8,27.1,27.1,27.8,27.4,26.7,27.7,27.2,27.9,27.28,0.41,-0.1,68,91,15.9,13.7,0.0,-0.8235,0.5672,28.3,27.8,27.8,station
2025-11-06,27.4,26.8,27.4,28.2,28.2,27.3,27.0,28.2,28.1,27.9,27.6,0.6,-0.1,76,90,10.7,12.96,0.3,-0.8137,0.5813,27.7,28.3,28.3,station
2025-11-07,28.3,27.9,28.2,29.4,29.9,27.3,27.1,28.8,28.8,29.4,28.74,0.86,0.46,75,71,5.8,14.79,0.6,-0.8035,0.5952,29.4,30.6,30.6,station
2025-11-08,28.9,28.4,30.1,31.1,30.7,26.8,28.3,31.2,29.2,30.6,29.84,1.16,0.62,80,36,7.7,15.2,0.3,-0.7932,0.609,29.5,30.0,30.0,station
2025-11-09,27.7,28.4,29.6,30.5,31.1,28.3,28.6,30.3,30.8,30.7,29.46,1.42,-0.28,81,10,7.6,16.21,1.7,-0.7826,0.6225,29.5,29.4,29.4,station
2025-11-10,27.1,26.7,27.5,27.9,28.9,27.3,25.9,28.2,27.8,27.3,27.62,0.84,0.32,75,86,18.8,14.43,0.3,-0.7718,0.6359,27.5,28.3,28.3,station
2025-11-11,19.3,18.8,16.7,17.7,19.7,18.6,19.1,20.4,18.0,18.5,18.44,1.23,-0.48,59,95,15.7,16.85,0.0,-0.7607,0.6491,18.4,20.0,20.0,station
2025-11-12,23.8,23.1,22.4,23.0,24.2,23.6,23.2,23.7,22.9,24.0,23.3,0.71,-0.18,72,89,13.2,16.46,0.0,-0.7494,0.6621,23.4,23.3,23.3,station
2025-11-13,24.2,23.8,24.4,24.2,25.0,24.9,24.0,24.7,24.0,24.8,24.32,0.44,-0.16,70,62,11.8,13.56,0.0,-0.7379,0.6749,24.4,25.6,25.6,station
2025-11-14,25.7,25.3,26.2,25.8,26.3,25.6,25.2,26.2,25.9,26.6,25.86,0.4,-0.04,69,22,12.5,15.78,0.0,-0.7262,0.6875,25.8,27.2,27.2,station
2025-11-15,25.3,26.0,27.7,26.2,26.1,25.6,25.9,26.4,26.0,26.6,26.26,0.88,0.16,71,11,10.2,16.3,0.0,-0.7143,0.6998,26.3,26.7,26.7,station
2025-11-16,27.1,26.1,28.1,27.6,28.2,27.6,26.4,27.6,27.0,28.3,27.42,0.86,0.04,73,13,8.1,16.26,0.0,-0.7021,0.712,26.9,27.8,27.8,station
2025-11-17,26.9,25.7,27.8,26.6,27.6,26.4,25.5,27.5,26.6,27.4,26.92,0.84,0.24,74,7,8.1,17.3,0.0,-0.6898,0.724,26.9,26.7,26.7,station
2025-11-18,26.4,26.2,27.6,27.3,27.7,26.6,26.2,27.8,27.7,27.7,27.04,0.69,-0.16,73,3,10.7,17.02,0.0,-0.6772,0.7358,27.7,27.8,27.8,station
2025-11-19,27.7,27.0,28.3,28.3,28.3,27.5,26.7,27.9,27.8,28.1,27.92,0.58,0.32,68,12,10.7,16.43,0.0,-0.6645,0.7473,28.6,28.3,28.3,station
2025-11-20,26.9,26.7,28.6,28.4,28.2,26.7,26.6,27.5,27.1,27.8,27.76,0.89,0.62,77,33,11.8,14.22,0.2,-0.6515,0.7586,27.9,28.9,28.9,station
2025-11-21,26.8,26.8,28.1,27.7,27.9,27.0,26.7,27.6,27.8,27.7,27.46,0.62,0.1,72,10,10.6,16.54,0.0,-0.6384,0.7697,27.9,28.3,28.3,station
2025-11-22,27.3,26.8,28.8,28.3,28.2,27.3,26.8,27.5,27.4,27.8,27.88,0.81,0.52,74,31,9.9,15.27,0.0,-0.625,0.7806,28.2,27.8,27.8,station
2025-11-23,27.5,27.0,28.8,29.0,28.2,27.8,26.9,28.5,28.9,28.2,28.1,0.85,0.04,70,2,10.4,16.51,0.0,-0.6115,0.7912,29.2,29.4,29.4,station
2025-11-24,27.0,26.6,28.0,27.5,28.2,25.8,26.6,27.6,27.2,27.5,27.46,0.67,0.52,77,20,10.8,14.83,0.9,-0.5978,0.8016,27.9,28.3,28.3,station
2025-11-25,26.9,27.1,27.9,28.5,28.1,27.4,27.0,27.6,28.2,28.1,27.7,0.68,0.04,69,23,13.5,14.57,0.0,-0.584,0.8118,27.5,27.8,27.8,station
2025-11-26,26.5,26.6,28.7,27.8,29.2,27.6,27.4,28.7,28.3,29.2,27.76,1.21,-0.48,78,59,13.6,13.32,3.9,-0.5699,0.8217,28.6,28.9,28.9,station
2025-11-27,27.1,26.0,29.4,28.7,27.9,25.9,25.7,29.5,27.3,28.8,27.82,1.33,0.38,86,97,12.9,11.07,6.1,-0.5557,0.8314,27.8,28.3,28.3,station
2025-11-28,22.3,22.4,22.7,23.7,23.6,21.4,21.7,23.7,23.5,23.5,22.94,0.67,0.18,72,86,14.8,8.49,0.0,-0.5413,0.8408,22.2,23.9,23.9,station
2025-11-29,24.5,24.7,24.9,24.9,25.7,24.0,24.5,23.9,25.0,25.2,24.94,0.46,0.42,74,57,22.7,10.5,1.1,-0.5268,0.85,24.7,25.6,25.6,station
2025-11-30,24.9,25.8,25.5,26.2,28.1,24.7,26.1,27.2,25.9,28.2,26.1,1.21,-0.32,84,49,14.7,11.16,2.5,-0.5121,0.859,24.8,26.7,26.7,station
2025-12-01,26.6,27.0,27.8,27.6,28.8,26.3,27.1,27.3,27.2,28.0,27.56,0.84,0.38,84,21,10.0,14.51,0.8,-0.4972,0.8676,27.3,28.9,28.9,station
2025-12-02,27.9,27.9,29.3,29.9,30.6,27.9,27.9,29.5,28.7,30.4,29.12,1.2,0.24,78,51,16.8,13.84,0.3,-0.4822,0.8761,28.5,29.4,29.4,station
2025-12-03,26.8,26.5,28.2,28.7,29.3,27.0,25.8,28.7,28.7,28.9,27.9,1.21,0.08,86,58,9.9,12.49,0.1,-0.4671,0.8842,27.0,27.8,27.8,station
2025-12-04,26.8,26.1,27.3,27.0,28.2,26.5,26.1,27.5,27.9,27.7,27.08,0.77,-0.06,84,67,8.7,15.29,0.0,-0.4518,0.8921,26.7,27.8,27.8,station
2025-12-05,27.2,27.5,27.6,28.4,28.4,27.5,27.2,27.4,28.3,28.4,27.82,0.55,0.06,81,28,12.6,14.05,0.0,-0.4364,0.8998,28.2,28.3,28.3,station
2025-12-06,27.9,27.6,28.8,29.2,29.4,27.7,27.7,29.1,29.5,29.9,28.58,0.79,-0.2,86,53,12.0,13.62,0.0,-0.4208,0.9071,28.9,28.3,28.3,station
2025-12-07,28.1,27.8,28.7,29.5,29.6,28.0,27.4,28.9,30.3,29.8,28.74,0.81,-0.14,89,70,10.6,13.6,1.5,-0.4052,0.9142,27.8,28.9,28.9,station
2025-12-08,27.4,27.1,28.6,28.2,30.4,27.2,26.7,30.6,27.8,29.5,28.34,1.3,-0.02,87,74,12.2,13.54,13.0,-0.3894,0.9211,29.0,30.0,30.0,station
2025-12-09,22.8,23.0,21.3,23.4,23.8,24.0,23.3,24.6,23.3,22.6,22.86,0.95,-0.7,91,94,16.4,6.23,4.5,-0.3735,0.9276,23.3,23.3,23.3,station
2025-12-10,25.0,25.7,22.2,27.1,25.8,25.5,25.3,26.8,27.8,28.2,25.16,1.82,-1.56,87,43,9.8,13.34,0.3,-0.3575,0.9339,26.3,28.3,28.3,station
2025-12-11,22.5,23.0,23.3,23.0,23.4,22.4,22.6,24.1,22.7,23.6,23.04,0.35,-0.04,78,69,15.1,12.74,0.0,-0.3413,0.9399,22.4,23.3,23.3,station
2025-12-12,23.6,24.3,24.5,24.6,24.7,23.7,24.5,24.5,23.8,25.0,24.34,0.44,0.04,77,75,8.8,14.53,0.0,-0.3251,0.9457,24.4,25.0,25.0,station
2025-12-13,25.8,25.8,26.8,26.7,26.8,25.5,25.4,25.8,26.9,27.1,26.38,0.53,0.24,74,67,13.6,11.91,1.3,-0.3088,0.9511,26.3,26.1,26.1,station
2025-12-14,24.1,25.6,27.7,25.9,27.8,23.8,24.8,27.6,25.4,28.1,26.22,1.55,0.28,88,74,10.7,11.63,8.1,-0.2924,0.9563,27.0,27.8,27.8,station
2025-12-15,22.1,22.5,21.4,22.8,23.9,21.9,22.3,24.1,22.6,23.9,22.54,0.92,-0.42,83,42,20.6,9.85,2.1,-0.2759,0.9612,22.8,23.3,23.3,station
2025-12-16,22.9,23.5,24.2,23.3,23.8,23.0,23.2,23.3,23.2,24.4,23.54,0.49,0.12,70,25,16.8,13.47,0.0,-0.2593,0.9658,23.3,24.4,24.4,station
2025-12-17,24.5,25.1,26.1,25.3,26.1,24.3,24.9,24.8,26.3,25.9,25.42,0.69,0.18,73,55,15.8,13.53,0.0,-0.2427,0.9701,24.7,26.7,26.7,station
2025-12-18,26.2,26.5,26.7,27.3,28.2,26.6,26.6,26.4,27.6,28.0,26.98,0.79,-0.06,81,76,17.4,13.56,1.2,-0.226,0.9741,26.9,27.2,27.2,station
2025-12-19,28.6,27.7,30.1,28.3,30.9,28.7,27.5,30.0,28.9,30.9,29.12,1.33,-0.08,84,86,15.0,13.08,0.8,-0.2092,0.9779,28.8,30.0,30.0,station
2025-12-20,26.2,26.6,27.9,27.7,28.5,26.2,26.5,27.5,27.1,28.6,27.38,0.95,0.2,83,21,10.1,14.22,0.2,-0.1923,0.9813,27.4,27.2,27.2,station
2025-12-21,25.4,26.0,27.2,26.7,28.2,25.7,26.2,27.0,26.6,27.8,26.7,1.08,0.04,83,41,11.1,13.19,0.5,-0.1754,0.9845,27.0,27.8,27.8,station
2025-12-22,25.3,25.9,26.0,25.3,26.5,25.1,25.4,25.9,25.3,26.1,25.8,0.51,0.24,68,29,19.4,14.26,0.0,-0.1585,0.9874,26.1,26.1,26.1,station
2025-12-23,25.4,24.6,26.0,25.4,25.9,24.4,25.1,26.1,25.0,25.8,25.46,0.55,0.18,68,41,19.1,12.38,0.3,-0.1414,0.9899,25.7,27.2,27.2,station
2025-12-24,25.5,25.3,26.1,25.2,26.0,24.3,25.2,25.6,25.1,25.9,25.62,0.41,0.4,71,20,14.6,15.24,0.0,-0.1244,0.9922,25.4,26.1,26.1,station
2025-12-25,26.1,25.5,25.4,26.7,26.4,25.2,25.4,25.7,25.3,25.6,26.02,0.56,0.58,76,40,9.6,14.03,0.2,-0.1073,0.9942,26.5,27.2,27.2,station
2025-12-26,25.2,25.2,27.6,26.9,26.3,25.6,25.2,26.7,25.6,26.3,26.24,1.05,0.36,73,7,8.9,15.37,0.0,-0.0902,0.9959,26.5,27.2,27.2,station
2025-12-27,25.9,24.9,27.5,26.9,27.1,25.6,24.8,26.9,26.6,27.0,26.46,1.05,0.28,76,1,7.4,15.4,0.0,-0.073,0.9973,26.5,27.2,27.2,station
2025-12-28,25.8,25.1,26.5,27.0,27.0,26.1,24.9,26.7,27.0,26.6,26.28,0.82,0.02,75,5,9.1,15.18,0.0,-0.0559,0.9984,26.9,26.7,26.7,station
2025-12-29,26.4,25.4,27.7,27.3,28.6,26.3,25.4,27.8,27.9,28.1,27.08,1.23,-0.02,75,8,10.0,15.18,0.0,-0.0387,0.9993,27.4,27.8,27.8,station
2025-12-30,21.4,21.3,21.9,22.4,21.2,21.4,21.2,22.4,22.6,20.5,21.64,0.5,0.02,70,33,14.5,14.67,0.0,-0.0215,0.9998,20.9,20.0,20.0,station
2025-12-31,16.9,17.1,18.1,17.7,17.3,17.3,17.0,19.4,18.8,17.0,17.42,0.48,-0.48,54,2,12.5,16.71,0.0,-0.0043,1.0,17.4,,,
2026-01-01,18.6,18.1,20.0,18.9,20.0,18.5,18.0,20.2,19.2,19.9,19.12,0.85,-0.04,60,0,10.3,16.2,0.0,0.0172,0.9999,19.2,20.0,20.0,station
2026-01-02,21.7,20.5,22.4,21.5,21.6,22.1,20.5,21.2,21.5,21.9,21.54,0.68,0.1,65,18,6.1,16.14,0.0,0.0344,0.9994,21.4,21.7,21.7,station
2026-01-03,23.4,22.5,24.2,23.9,23.9,23.8,22.5,23.0,23.8,24.0,23.58,0.67,0.16,68,10,7.5,16.02,0.0,0.0516,0.9987,24.9,25.0,25.0,station
2026-01-04,26.0,24.9,26.8,26.6,27.0,25.0,24.8,28.0,26.6,27.1,26.26,0.85,-0.04,75,43,11.2,10.67,0.2,0.0688,0.9976,25.7,26.7,26.7,station
2026-01-05,25.3,24.6,26.5,26.2,26.6,25.0,24.6,26.1,25.9,26.1,25.84,0.86,0.3,80,21,8.7,14.17,0.4,0.0859,0.9963,26.2,26.7,26.7,station
2026-01-06,25.3,24.7,26.7,26.5,27.3,25.3,24.9,26.5,26.3,26.8,26.1,1.07,0.14,84,40,7.6,12.45,2.1,0.103,0.9947,25.1,26.7,26.7,station
2026-01-07,25.4,25.4,26.8,27.7,27.5,24.2,24.9,26.9,26.4,27.1,26.56,1.11,0.66,81,18,7.1,14.06,0.3,0.1201,0.9928,26.0,27.2,27.2,station
2026-01-08,25.0,25.7,26.8,27.0,27.9,25.6,25.7,26.3,27.2,26.7,26.48,1.14,0.18,77,20,12.0,14.2,0.3,0.1372,0.9905,27.1,27.8,27.8,station
2026-01-09,26.0,25.9,26.6,27.4,27.2,25.5,25.8,26.3,26.9,26.6,26.62,0.68,0.4,73,40,14.5,14.83,0.0,0.1542,0.988,26.4,27.2,27.2,station
2026-01-10,25.9,26.0,26.8,27.7,27.7,25.7,25.8,26.9,27.7,26.7,26.82,0.88,0.26,73,33,13.7,12.99,0.1,0.1712,0.9852,26.5,27.2,27.2,station
2026-01-11,26.6,26.0,28.2,28.7,28.8,25.7,25.8,26.8,29.4,28.4,27.66,1.28,0.44,75,91,5.7,14.14,0.8,0.1881,0.9821,28.4,28.9,28.9,station
2026-01-12,23.4,24.2,22.6,25.1,24.8,24.0,24.1,24.3,24.9,25.2,24.02,1.03,-0.48,87,90,12.5,6.25,6.4,0.205,0.9788,23.4,24.4,24.4,station
2026-01-13,22.9,23.2,23.5,24.9,25.4,24.1,24.1,26.6,25.3,25.5,23.98,1.1,-1.14,91,82,9.8,8.62,14.4,0.2218,0.9751,23.5,22.8,22.8,station
2026-01-14,23.5,23.3,24.4,25.5,27.6,24.4,23.4,26.5,26.3,24.3,24.86,1.76,-0.12,86,71,12.9,11.02,1.1,0.2385,0.9711,25.7,26.1,26.1,station
2026-01-15,22.7,20.8,19.4,23.1,23.9,22.6,20.5,22.8,23.5,24.8,21.98,1.84,-0.86,76,49,21.1,9.51,0.6,0.2552,0.9669,22.2,21.7,21.7,station
2026-01-16,18.6,18.1,18.4,19.2,19.8,18.6,18.4,19.9,19.2,19.5,18.82,0.68,-0.3,67,22,11.3,17.04,0.0,0.2718,0.9624,18.8,20.0,20.0,station
2026-01-17,23.6,23.8,24.5,24.6,25.1,22.6,23.0,22.9,22.9,25.3,24.32,0.61,0.98,78,56,10.2,13.83,1.0,0.2883,0.9575,24.4,25.0,25.0,station
2026-01-18,26.5,24.8,27.2,25.7,29.2,26.9,24.5,26.1,25.1,28.8,26.68,1.67,0.4,82,99,19.8,9.27,11.2,0.3047,0.9524,26.6,27.2,27.2,station
2026-01-19,18.0,17.4,18.6,18.8,20.0,19.7,17.5,20.2,18.2,19.9,18.56,0.97,-0.54,71,67,14.6,17.15,0.0,0.3211,0.9471,19.0,19.4,19.4,station
2026-01-20,22.6,22.1,22.0,22.2,22.8,21.7,21.5,22.8,22.0,23.1,22.34,0.34,0.12,67,53,21.3,15.35,0.0,0.3373,0.9414,22.7,23.3,23.3,station
2026-01-21,22.6,23.0,23.8,22.9,23.3,22.5,23.2,22.0,23.5,23.4,23.12,0.45,0.2,66,86,18.4,5.79,0.1,0.3534,0.9355,21.8,21.7,21.7,station
2026-01-22,24.5,23.8,26.4,25.8,23.7,25.1,24.5,26.5,25.8,28.2,24.84,1.21,-1.18,89,79,13.2,9.43,6.0,0.3695,0.9292,23.5,24.4,24.4,station
2026-01-23,24.5,25.2,25.9,27.3,27.6,24.9,25.2,26.9,27.4,27.7,26.1,1.33,-0.32,91,40,5.7,14.82,0.8,0.3854,0.9227,26.0,27.8,27.8,station
2026-01-24,25.0,25.3,25.2,26.5,27.7,24.5,25.3,27.3,27.3,27.6,25.94,1.15,-0.46,87,23,10.9,14.7,2.3,0.4012,0.916,25.8,27.8,27.8,station
2026-01-25,25.4,26.5,26.3,27.9,28.3,25.4,26.5,27.4,27.7,28.1,26.88,1.2,-0.14,86,18,19.4,15.67,1.4,0.4169,0.9089,25.9,27.8,27.8,station
2026-01-26,27.7,27.5,30.1,29.7,30.4,27.6,27.4,30.4,29.9,30.4,29.08,1.38,-0.06,82,23,21.2,15.65,3.2,0.4325,0.9016,29.2,30.0,30.0,station
2026-01-27,18.1,18.3,18.4,19.5,19.6,17.7,18.9,21.6,20.0,20.9,18.78,0.71,-1.04,67,2,19.7,18.14,0.0,0.4479,0.8941,17.9,18.9,18.9,station
2026-01-28,18.5,19.0,11.1,19.6,20.1,19.5,19.9,21.7,20.2,21.9,17.66,3.72,-2.98,71,61,14.4,8.24,0.1,0.4633,0.8862,17.0,17.2,17.2,station
2026-01-29,20.7,20.6,21.6,21.7,21.3,20.5,20.5,20.6,21.4,21.0,21.18,0.51,0.38,62,53,12.7,16.94,0.0,0.4784,0.8781,21.0,22.2,22.2,station
2026-01-30,18.8,19.1,17.3,21.4,22.2,17.7,19.6,21.0,20.1,22.8,19.76,2.0,-0.48,85,80,8.9,4.1,2.2,0.4935,0.8698,18.4,20.0,20.0,station
2026-01-31,17.4,17.2,14.7,15.0,19.2,17.5,18.1,21.7,17.6,18.1,16.7,1.86,-1.9,83,48,23.5,7.12,1.2,0.5084,0.8611,18.5,18.3,18.3,station
2026-02-01,9.7,10.0,9.0,10.7,8.9,9.8,10.5,11.9,10.7,9.3,9.66,0.74,-0.78,57,2,24.1,19.59,0.0,0.5231,0.8523,10.0,10.6,10.6,station
2026-02-02,12.6,12.7,14.0,14.3,12.7,13.1,12.7,15.0,15.1,13.2,13.26,0.82,-0.56,56,0,13.2,19.81,0.0,0.5377,0.8432,13.1,13.9,13.9,station
2026-02-03,19.4,18.3,18.3,19.1,19.8,18.3,18.1,18.5,19.3,19.8,18.98,0.67,0.18,61,37,12.3,16.21,0.0,0.5521,0.8338,19.0,20.6,20.6,station
2026-02-04,21.2,22.0,22.9,23.3,23.2,21.7,22.1,23.6,23.2,20.0,22.52,0.9,0.4,70,39,9.8,15.2,0.0,0.5664,0.8242,22.4,22.8,22.8,station
2026-02-05,21.8,20.3,24.2,20.6,24.0,22.4,19.2,24.4,20.6,23.8,22.18,1.84,0.1,77,36,21.7,10.51,1.8,0.5805,0.8143,22.6,23.3,23.3,station
2026-02-06,18.1,16.6,18.3,19.1,18.3,18.4,17.0,19.3,18.6,18.4,18.08,0.91,-0.26,63,0,14.9,19.69,0.0,0.5944,0.8042,17.9,18.9,18.9,station
2026-02-07,23.3,23.6,24.0,24.8,24.3,22.0,22.6,24.0,23.4,24.0,24.0,0.59,0.8,69,0,14.5,19.47,0.0,0.6081,0.7938,25.0,26.1,26.1,station
2026-02-08,21.9,22.0,22.3,21.5,22.6,21.8,21.7,22.0,21.1,22.6,22.06,0.42,0.22,65,12,11.6,18.28,0.0,0.6217,0.7833,22.5,22.8,22.8,station
2026-02-09,22.8,22.1,23.3,23.8,23.2,22.1,22.1,22.4,22.1,23.2,23.04,0.63,0.66,71,11,11.2,17.25,0.0,0.6351,0.7725,22.6,23.3,23.3,station
2026-02-10,22.8,22.9,23.8,23.9,23.8,23.3,23.1,23.3,24.2,23.7,23.44,0.54,-0.08,67,6,11.9,18.85,0.0,0.6483,0.7614,23.7,24.4,24.4,station
2026-02-11,23.4,23.6,25.0,25.4,25.5,23.6,23.6,25.1,25.3,24.7,24.58,1.01,0.12,74,36,10.0,16.29,0.2,0.6613,0.7502,24.3,25.0,25.0,station
2026-02-12,24.8,24.3,27.1,27.3,26.7,24.9,24.4,26.4,27.3,27.2,26.04,1.39,0.0,74,25,11.9,18.1,0.0,0.6741,0.7387,26.6,27.2,27.2,station
2026-02-13,25.3,24.1,26.3,27.1,27.3,25.3,24.2,26.7,26.1,26.6,26.02,1.33,0.24,74,14,9.9,18.55,0.3,0.6867,0.727,26.4,27.2,27.2,station
2026-02-14,23.9,24.0,25.2,24.8,25.0,24.4,24.0,24.8,24.8,25.1,24.58,0.59,-0.04,78,32,13.1,17.51,0.1,0.6991,0.715,25.3,25.6,25.6,station
2026-02-15,24.4,24.5,25.6,25.8,26.1,24.8,24.6,25.3,26.6,25.6,25.28,0.78,-0.1,73,42,22.3,15.71,1.0,0.7113,0.7029,25.5,26.7,26.7,station
2026-02-16,27.7,25.6,26.7,28.6,28.6,28.1,25.0,29.9,28.5,27.9,27.44,1.29,-0.44,76,32,14.9,17.49,1.0,0.7233,0.6906,29.0,29.4,29.4,station
2026-02-17,24.5,24.5,26.3,26.1,26.2,25.3,24.5,24.9,26.5,26.1,25.52,0.93,0.06,76,35,12.2,17.17,0.2,0.735,0.678,25.3,26.7,26.7,station
2026-02-18,24.7,24.9,25.6,27.1,26.5,25.2,25.1,26.3,26.7,26.7,25.76,1.03,-0.24,73,30,14.2,16.89,0.2,0.7466,0.6653,25.9,26.1,26.1,station
2026-02-19,25.9,25.7,26.7,27.3,28.1,26.3,25.8,27.6,28.4,27.8,26.74,0.99,-0.44,80,27,12.4,17.11,0.3,0.7579,0.6523,27.4,27.2,27.2,station
2026-02-20,26.1,26.1,27.2,27.6,27.8,26.4,26.0,27.5,28.6,28.1,26.96,0.81,-0.36,73,7,12.0,20.24,0.0,0.769,0.6392,28.4,28.3,28.3,station
2026-02-21,27.3,26.3,28.3,28.7,28.2,26.8,26.4,28.0,28.2,28.3,27.76,0.96,0.22,72,43,12.1,19.92,0.0,0.7799,0.6259,29.8,28.3,28.3,station
2026-02-22,30.1,27.8,29.7,30.5,29.6,29.6,27.6,31.2,31.4,29.7,29.54,1.04,-0.36,70,36,22.3,20.26,0.2,0.7906,0.6124,31.6,31.1,31.1,station
2026-02-23,19.8,19.2,17.3,19.5,19.7,20.1,18.9,18.4,18.5,20.1,19.1,1.03,-0.1,39,7,19.8,22.63,0.0,0.801,0.5987,20.0,17.8,17.8,station
2026-02-24,17.5,17.3,19.0,19.6,18.5,17.1,17.2,18.2,19.5,19.1,18.38,0.98,0.16,46,0,13.2,23.03,0.0,0.8112,0.5848,18.7,18.3,18.3,station
2026-02-25,22.5,22.2,22.4,23.1,22.9,22.5,22.8,21.9,24.0,23.2,22.62,0.37,-0.26,60,3,12.4,21.63,0.0,0.8211,0.5708,22.1,22.2,22.2,station
2026-02-26,24.9,24.7,25.2,26.2,25.3,25.2,25.1,25.9,26.5,26.6,25.26,0.58,-0.6,67,26,15.2,17.0,0.4,0.8308,0.5566,26.0,25.6,25.6,station
2026-02-27,26.1,26.3,26.8,27.9,28.3,26.0,26.3,28.4,28.3,28.3,27.08,0.98,-0.38,81,31,15.2,18.58,1.7,0.8402,0.5422,27.3,27.8,27.8,station
2026-02-28,27.9,26.7,27.8,30.8,29.7,27.7,26.4,28.4,30.1,29.5,28.58,1.64,0.16,81,44,13.2,17.44,3.4,0.8495,0.5277,29.6,28.9,28.9,station
2026-03-01,25.0,25.0,26.7,25.5,27.4,24.4,24.8,27.5,25.6,26.1,25.92,1.08,0.24,88,64,11.7,16.45,1.9,0.8584,0.513,26.6,28.3,28.3,station
2026-03-02,25.3,25.6,26.5,26.8,26.7,24.6,25.1,26.4,25.4,26.6,26.18,0.68,0.56,81,17,15.0,19.34,0.5,0.8671,0.4981,25.3,27.2,27.2,station
2026-03-03,24.9,25.6,26.6,27.1,27.8,25.6,25.6,27.0,26.7,27.3,26.4,1.16,-0.04,81,34,16.8,18.04,2.3,0.8755,0.4831,25.6,28.3,28.3,station
2026-03-04,25.3,25.9,26.1,27.5,27.6,25.6,26.0,27.4,27.5,27.9,26.48,1.02,-0.4,82,39,18.2,18.21,2.7,0.8837,0.468,26.2,27.2,27.2,station
2026-03-05,25.9,26.4,27.2,27.2,28.2,25.5,26.3,27.7,27.3,28.2,26.98,0.88,-0.02,80,49,18.5,20.65,0.6,0.8916,0.4527,26.8,27.8,27.8,station
2026-03-06,26.4,26.7,27.7,28.0,28.5,26.0,26.6,27.5,28.4,28.3,27.46,0.88,0.1,77,32,16.1,20.64,0.8,0.8993,0.4373,27.5,28.9,28.9,station
2026-03-07,26.4,26.8,27.5,28.4,28.3,26.5,26.7,27.7,28.0,28.2,27.48,0.89,0.06,73,29,18.3,20.85,0.5,0.9067,0.4218,28.3,27.8,27.8,station
2026-03-08,27.0,27.2,27.9,28.9,28.4,27.0,27.2,28.0,28.5,28.3,27.88,0.8,0.08,72,18,16.1,21.54,0.2,0.9138,0.4061,28.2,28.9,28.9,station
2026-03-09,27.9,27.3,28.3,29.1,29.0,27.1,27.3,28.5,29.0,28.9,28.32,0.76,0.16,74,15,12.4,21.22,0.3,0.9207,0.3904,29.0,28.9,28.9,station
2026-03-10,27.4,27.6,28.6,29.1,29.0,27.6,27.4,28.3,29.3,28.7,28.34,0.79,0.08,75,9,13.9,21.54,0.3,0.9272,0.3745,28.8,28.9,28.9,station
2026-03-11,27.4,27.4,27.6,29.4,28.6,27.3,27.5,28.3,28.8,28.5,28.08,0.89,0.0,72,10,14.3,22.5,0.0,0.9335,0.3585,28.7,28.9,28.9,station
2026-03-12,28.0,27.6,29.5,30.0,31.5,28.1,27.9,30.5,30.6,30.7,29.32,1.58,-0.24,69,40,13.7,19.23,1.6,0.9396,0.3424,29.7,29.4,29.4,station
2026-03-13,26.3,26.0,26.6,27.1,28.2,26.4,25.9,28.7,28.6,28.4,26.84,0.86,-0.76,88,60,9.9,14.79,13.2,0.9453,0.3261,26.3,25.6,25.6,station
2026-03-14,25.8,26.5,27.6,27.4,25.9,26.6,25.8,29.1,26.9,28.4,26.64,0.83,-0.72,86,42,8.4,19.75,2.6,0.9508,0.3098,27.7,29.4,29.4,station
2026-03-15,24.6,24.5,26.1,25.8,25.1,25.2,25.0,28.0,26.0,27.3,25.22,0.71,-1.08,89,86,16.6,9.14,13.7,0.956,0.2934,25.1,26.1,26.1,station
2026-03-16,26.7,27.1,27.3,30.0,29.3,27.5,27.1,31.8,29.9,29.1,28.08,1.47,-1.0,81,51,18.2,20.86,11.3,0.9609,0.2769,28.2,30.6,30.6,station
2026-03-17,21.8,23.1,21.6,22.7,22.5,21.4,22.9,25.9,22.3,22.4,22.34,0.63,-0.64,89,100,13.4,7.76,19.2,0.9655,0.2604,21.2,21.7,21.7,station
2026-03-18,21.4,21.2,17.4,22.5,20.4,21.5,21.2,22.5,22.7,21.1,20.58,1.93,-1.22,87,99,17.8,10.74,13.4,0.9698,0.2437,22.3,20.6,20.6,station
2026-03-19,23.8,23.7,22.3,24.6,23.4,23.5,23.7,25.0,26.0,20.8,23.56,0.83,-0.24,74,46,17.1,20.78,0.4,0.9739,0.227,24.7,25.0,25.0,station
2026-03-20,22.9,23.3,23.4,24.2,23.4,22.7,23.5,24.5,24.9,22.9,23.44,0.47,-0.26,74,19,17.1,21.96,0.7,0.9777,0.2102,23.5,24.4,24.4,station
2026-03-21,25.1,24.4,26.0,26.2,26.2,25.0,24.4,25.8,25.9,25.5,25.58,0.8,0.26,69,15,10.5,22.27,0.0,0.9811,0.1934,25.8,26.1,26.1,station
2026-03-22,25.7,25.1,26.3,27.5,26.9,25.5,25.0,27.6,27.7,26.6,26.3,0.95,-0.18,70,1,11.5,24.39,0.0,0.9843,0.1765,27.3,26.7,26.7,station
2026-03-23,26.9,25.6,27.3,28.7,27.7,26.8,25.4,28.3,29.0,28.0,27.24,1.13,-0.26,66,8,14.0,24.46,0.0,0.9872,0.1595,28.3,27.2,27.2,station
2026-03-24,27.9,25.6,28.2,29.3,28.6,27.8,25.7,28.3,29.3,28.9,27.92,1.4,-0.08,60,2,11.7,25.15,0.0,0.9898,0.1425,29.4,29.4,29.4,station
2026-03-25,26.4,26.1,27.0,27.5,27.8,26.6,25.9,27.3,28.0,27.4,26.96,0.72,-0.08,63,6,13.0,24.44,0.0,0.9921,0.1255,27.8,27.2,27.2,station
2026-03-26,27.3,26.5,28.0,29.0,27.7,27.0,26.4,27.1,28.2,27.4,27.7,0.92,0.48,64,13,13.2,23.88,0.0,0.9941,0.1084,28.2,28.3,28.3,station
2026-03-27,26.6,26.3,27.0,28.7,28.5,25.8,26.1,28.3,29.0,27.6,27.42,1.11,0.06,70,18,14.1,21.84,0.4,0.9958,0.0913,27.9,27.8,27.8,station
2026-03-28,27.6,26.9,28.4,29.6,29.2,27.5,26.8,29.1,29.2,28.9,28.34,1.11,0.04,74,25,11.3,21.53,0.7,0.9972,0.0741,28.9,28.9,28.9,station
2026-03-29,26.9,25.4,24.3,26.9,27.3,23.5,24.2,25.6,25.2,27.5,26.16,1.27,0.96,76,53,16.4,18.33,7.1,0.9984,0.057,26.0,25.6,25.6,station
2026-03-30,24.3,24.5,26.3,25.8,27.1,25.1,24.6,26.6,25.6,26.3,25.6,1.19,-0.04,81,58,19.1,19.4,4.7,0.9992,0.0398,25.2,25.6,25.6,station
2026-03-31,25.3,25.8,26.9,26.3,27.1,24.8,25.8,26.3,26.8,27.3,26.28,0.75,0.08,74,24,16.7,23.64,1.4,0.9997,0.0226,25.9,27.2,27.2,station
2026-04-01,24.9,25.8,27.4,27.7,27.1,25.3,26.0,27.0,27.6,27.0,26.58,1.19,0.0,70,52,15.9,22.35,0.8,1.0,0.0054,26.7,26.1,26.1,station
2026-04-02,24.5,25.4,26.9,26.9,28.0,24.9,25.8,27.1,26.5,27.6,26.34,1.38,-0.04,76,95,20.0,19.88,5.3,0.9999,-0.0118,27.0,27.8,27.8,station
2026-04-03,26.2,26.5,27.6,27.8,28.3,25.9,26.4,27.8,28.0,28.3,27.28,0.89,0.0,74,46,22.4,22.38,3.3,0.9996,-0.029,26.3,28.3,28.3,station
2026-04-04,25.5,26.3,26.8,26.7,28.0,25.1,25.8,27.5,26.7,28.0,26.66,0.91,0.04,74,23,18.3,23.47,1.0,0.9989,-0.0462,27.0,27.8,27.8,station
2026-04-05,26.3,26.7,24.9,27.1,28.5,25.7,26.1,26.7,27.3,28.1,26.7,1.3,-0.08,76,38,16.6,21.75,4.1,0.998,-0.0634,26.9,27.8,27.8,station
2026-04-06,26.1,26.2,27.2,29.5,27.4,26.5,26.5,27.9,29.3,28.5,27.28,1.37,-0.46,78,50,12.6,22.95,11.4,0.9968,-0.0805,27.7,28.9,28.9,station
2026-04-07,25.5,24.9,24.6,26.1,24.6,24.4,23.8,27.8,28.5,23.1,25.14,0.65,-0.38,86,85,7.9,15.21,35.1,0.9952,-0.0977,27.2,27.8,27.8,station
2026-04-08,25.6,25.0,24.9,24.3,25.1,25.1,23.4,30.9,27.5,26.2,24.98,0.47,-1.64,87,54,21.1,19.45,16.9,0.9934,-0.1148,25.7,27.2,27.2,station
2026-04-09,24.8,24.9,24.9,24.8,23.9,24.2,23.6,25.2,27.4,24.7,24.66,0.43,-0.36,81,45,19.3,21.44,2.3,0.9913,-0.1319,25.5,25.6,25.6,station
2026-04-10,25.1,25.6,25.0,,26.8,25.0,24.8,27.0,27.0,26.9,25.62,0.83,-0.51,71,35,18.7,24.85,1.3,0.9889,-0.1489,25.9,26.7,26.7,station
2026-04-11,24.4,25.3,25.7,,26.3,24.5,24.7,26.1,26.9,26.3,25.43,0.8,-0.27,64,61,18.2,19.86,0.0,0.9861,-0.1659,25.8,26.7,26.7,station
2026-04-12,26.5,25.9,26.5,,26.8,25.8,25.3,27.2,26.0,27.1,26.43,0.38,0.14,59,39,21.5,23.28,0.0,0.9831,-0.1828,27.1,26.7,26.7,station
2026-04-13,27.1,25.9,26.9,27.0,27.2,26.6,25.8,27.0,27.2,27.3,26.82,0.53,0.04,56,42,19.1,25.48,0.0,0.9799,-0.1997,27.0,27.2,27.2,station
2026-04-14,27.4,26.2,27.4,27.6,27.3,27.0,26.3,27.1,28.3,27.0,27.18,0.56,0.04,58,81,19.3,20.62,0.0,0.9763,-0.2165,27.0,27.2,27.2,station
2026-04-15,26.1,25.5,26.5,27.7,26.6,25.7,25.6,27.3,27.6,27.1,26.48,0.81,-0.18,57,58,16.6,20.43,0.0,0.9724,-0.2333,27.1,26.7,26.7,station
2026-04-16,27.1,26.3,26.8,28.4,27.5,27.1,26.2,27.7,28.6,27.6,27.22,0.79,-0.22,57,43,13.8,25.3,0.0,0.9683,-0.25,28.2,27.2,27.2,station
2026-04-17,27.2,26.8,29.0,28.9,29.7,27.9,27.0,29.5,29.0,29.5,28.32,1.25,-0.26,78,48,11.9,23.01,1.3,0.9638,-0.2666,28.3,28.9,28.9,station
2026-04-18,27.6,27.5,29.7,30.0,29.7,28.0,27.6,29.4,30.1,29.6,28.9,1.24,-0.04,77,34,11.6,23.76,0.6,0.9591,-0.2831,28.8,29.4,29.4,station
2026-04-19,28.7,27.8,28.7,30.6,30.5,28.9,27.5,31.4,30.5,30.6,29.26,1.23,-0.52,70,74,12.1,20.84,3.1,0.9541,-0.2996,31.1,31.1,31.1,station
2026-04-20,26.3,26.6,29.4,27.7,28.2,26.9,27.4,29.6,27.0,27.8,27.64,1.25,-0.1,78,58,15.2,22.43,7.3,0.9488,-0.316,29.7,30.0,30.0,station
2026-04-21,24.7,25.0,24.9,25.8,25.5,24.6,25.0,26.1,25.8,25.1,25.18,0.45,-0.14,60,53,25.1,25.08,0.0,0.9432,-0.3322,26.1,26.7,26.7,station
2026-04-22,24.4,25.2,25.6,26.1,26.4,25.2,25.3,24.5,26.9,25.3,25.54,0.79,0.1,52,57,19.3,19.96,0.0,0.9373,-0.3484,26.4,26.1,26.1,station
2026-04-23,25.5,24.9,26.5,25.8,25.0,25.2,25.0,25.3,27.0,25.3,25.54,0.65,-0.02,62,76,16.2,20.19,1.7,0.9312,-0.3645,25.6,25.6,25.6,station
2026-04-24,26.1,25.2,27.7,28.1,27.8,27.5,25.7,26.9,28.6,28.0,26.98,1.26,-0.36,69,65,12.6,22.06,4.2,0.9248,-0.3804,26.9,27.8,27.8,station
2026-04-25,27.3,26.9,28.0,28.3,29.0,26.4,26.7,28.6,29.1,29.1,27.9,0.83,-0.08,69,19,11.6,26.34,0.0,0.9181,-0.3963,28.4,28.9,28.9,station
2026-04-26,28.2,27.6,29.5,29.9,30.3,27.5,27.5,29.5,29.7,29.6,29.1,1.15,0.34,74,42,11.8,23.25,3.0,0.9112,-0.412,30.0,30.6,30.6,station
2026-04-27,28.0,28.0,27.7,31.3,30.8,27.0,27.1,31.3,30.7,30.3,29.16,1.74,-0.12,78,19,9.5,25.05,1.8,0.9039,-0.4276,29.4,30.6,30.6,station
2026-04-28,27.5,27.6,28.9,29.7,29.5,27.5,27.4,29.9,29.8,30.1,28.64,1.04,-0.3,72,12,12.8,25.23,0.3,0.8965,-0.4431,28.8,29.4,29.4,station
2026-04-29,27.6,28.0,29.5,30.5,30.2,27.7,27.9,30.1,30.2,30.4,29.16,1.3,-0.1,72,42,13.3,22.05,0.6,0.8887,-0.4585,29.6,28.9,28.9,station
2026-04-30,29.8,28.9,30.3,32.4,31.1,29.8,28.6,31.2,32.2,31.9,30.5,1.33,-0.24,71,58,14.0,22.16,0.3,0.8807,-0.4737,31.6,30.6,30.6,station
2026-05-01,29.4,28.9,30.7,31.6,31.8,30.6,29.1,31.0,32.8,32.8,30.48,1.29,-0.78,72,40,17.6,25.92,0.0,0.8724,-0.4888,31.5,30.6,30.6,station
2026-05-02,32.9,30.6,34.8,34.0,35.1,32.6,30.7,35.1,35.5,34.8,33.48,1.82,-0.26,63,71,19.1,25.64,0.1,0.8639,-0.5037,34.4,34.4,34.4,station
2026-05-03,28.5,26.2,28.5,25.8,27.2,27.8,26.3,29.6,26.1,26.9,27.24,1.26,-0.1,84,83,15.0,14.49,31.9,0.8551,-0.5185,28.7,27.2,27.2,station
2026-05-04,26.1,26.3,26.6,29.5,26.5,24.9,25.8,28.3,26.7,25.3,27.0,1.41,0.8,86,71,15.0,18.6,10.9,0.846,-0.5331,27.0,27.2,27.2,station
2026-05-05,27.0,27.4,28.8,28.5,29.0,26.5,27.8,28.7,29.5,29.0,28.14,0.89,-0.16,80,43,13.4,25.28,1.9,0.8367,-0.5476,29.3,31.1,31.1,station
2026-05-06,28.8,28.6,31.8,30.3,31.4,28.5,28.7,31.3,30.0,31.0,30.18,1.46,0.28,76,74,12.2,24.48,0.2,0.8272,-0.5619,30.2,31.1,31.1,station
2026-05-07,31.8,29.9,32.6,32.9,32.9,30.8,30.0,32.6,31.7,33.5,32.02,1.27,0.3,66,16,15.3,27.97,0.0,0.8174,-0.5761,34.2,32.8,32.8,station
2026-05-08,32.1,30.1,32.5,33.5,33.5,31.3,29.6,34.0,33.1,34.1,32.34,1.4,-0.08,63,7,13.4,28.24,0.0,0.8074,-0.59,34.6,33.3,33.3,station
2026-05-09,31.8,30.8,31.6,33.3,32.7,32.1,30.5,32.1,34.2,32.9,32.04,0.98,-0.32,71,68,14.6,25.55,0.5,0.7971,-0.6038,33.6,32.8,32.8,station
2026-05-10,30.9,30.8,31.4,32.6,32.3,30.9,30.4,31.7,32.8,32.7,31.6,0.82,-0.1,70,81,14.4,25.31,2.7,0.7866,-0.6175,33.1,32.8,32.8,station
2026-05-11,30.7,29.8,31.0,33.1,30.1,30.4,30.1,32.0,31.8,32.0,30.94,1.3,-0.32,72,95,13.9,22.81,1.7,0.7759,-0.6309,31.3,31.7,31.7,station
2026-05-12,30.3,29.8,31.6,31.7,32.1,28.7,29.6,32.9,31.4,30.7,31.1,0.99,0.44,77,81,13.5,22.89,9.8,0.7649,-0.6442,33.4,32.8,32.8,station
2026-05-13,30.8,29.5,31.4,31.6,31.7,28.8,30.3,34.4,32.5,30.4,31.0,0.91,-0.28,77,81,18.6,22.51,4.6,0.7537,-0.6572,32.2,34.4,34.4,station
2026-05-14,31.8,31.0,33.8,33.3,32.6,30.5,29.9,33.2,33.4,32.9,32.5,1.13,0.52,70,43,12.3,26.77,1.1,0.7423,-0.6701,33.7,34.4,34.4,station
2026-05-15,30.9,30.8,32.9,32.8,31.5,30.8,30.6,32.9,32.0,31.0,31.78,1.01,0.32,61,5,18.0,29.22,0.0,0.7306,-0.6828,33.7,33.3,33.3,station
2026-05-16,29.2,28.6,31.6,31.9,32.4,29.6,29.6,31.4,32.7,31.3,30.74,1.72,-0.18,67,40,12.0,25.17,4.7,0.7188,-0.6952,31.3,31.1,31.1,station
2026-05-17,27.7,29.2,30.7,30.1,31.1,28.2,28.7,29.7,30.7,31.3,29.76,1.36,0.04,74,70,14.9,23.37,6.0,0.7067,-0.7075,29.2,30.6,30.6,station
2026-05-18,28.6,28.2,29.3,29.9,30.9,28.8,28.8,30.8,31.0,30.7,29.38,1.07,-0.64,79,46,15.8,23.66,18.3,0.6945,-0.7195,28.5,30.0,30.0,station
2026-05-19,27.5,28.5,28.8,30.3,30.8,28.3,28.3,30.5,30.5,30.8,29.18,1.35,-0.5,78,33,15.7,24.79,5.5,0.682,-0.7314,28.9,30.0,30.0,station
2026-05-20,28.6,29.1,29.3,29.4,31.3,28.8,28.9,30.9,30.3,31.4,29.54,1.03,-0.52,74,32,13.4,26.28,5.1,0.6693,-0.743,29.8,31.1,31.1,station
2026-05-21,29.4,28.8,29.8,29.5,31.7,29.4,28.7,31.3,30.6,31.3,29.84,1.1,-0.42,70,29,15.5,25.87,7.6,0.6564,-0.7544,30.5,31.1,31.1,station
2026-05-22,29.8,29.8,30.6,30.4,31.7,29.9,29.6,31.1,29.9,31.5,30.46,0.78,0.06,71,64,14.8,24.0,5.8,0.6433,-0.7656,29.9,31.1,31.1,station
2026-05-23,30.3,29.6,30.2,30.2,31.9,30.0,29.8,31.3,30.9,31.6,30.44,0.86,-0.28,73,42,15.1,24.51,6.0,0.6301,-0.7765,30.0,31.1,31.1,station
2026-05-24,29.3,29.7,29.7,30.1,31.7,28.5,29.8,31.0,30.3,31.9,30.1,0.94,-0.2,74,74,17.1,24.42,7.4,0.6166,-0.7873,29.9,31.1,31.1,station
2026-05-25,29.4,29.6,30.5,30.2,31.8,29.7,29.8,31.1,30.5,32.0,30.3,0.95,-0.32,66,37,19.9,27.27,0.9,0.603,-0.7978,30.3,30.6,30.6,station
2026-05-26,29.5,29.7,30.6,30.6,31.9,29.3,29.8,31.2,30.7,32.2,30.46,0.95,-0.18,70,31,19.9,27.36,1.9,0.5892,-0.808,30.4,30.6,30.6,station
2026-05-27,29.1,29.7,30.8,29.9,31.7,28.4,29.8,31.1,30.5,32.0,30.24,1.02,-0.12,73,77,19.0,25.58,5.3,0.5752,-0.818,30.3,31.1,31.1,station
2026-05-28,28.6,29.3,30.7,29.6,31.6,27.9,29.5,30.1,29.9,31.6,29.96,1.19,0.16,83,90,13.0,18.93,24.1,0.561,-0.8278,29.0,29.4,29.4,station
2026-05-29,29.5,30.2,30.7,32.2,30.2,29.7,30.0,32.0,30.1,31.5,30.56,1.01,-0.1,85,95,9.7,23.96,23.0,0.5467,-0.8373,30.7,32.8,32.8,station
2026-05-30,29.2,30.1,30.3,29.8,30.8,29.2,30.1,33.2,31.9,32.2,30.04,0.59,-1.28,86,98,9.6,11.56,3.7,0.5322,-0.8466,30.2,30.6,30.6,station
2026-05-31,30.4,30.8,32.5,32.0,32.4,31.1,31.0,33.7,33.1,33.4,31.62,0.96,-0.84,82,71,9.9,23.68,15.8,0.5176,-0.8556,32.9,33.9,33.9,station
2026-06-01,31.7,30.9,31.5,32.4,31.2,29.7,30.7,35.9,32.1,29.7,31.54,0.57,-0.08,81,86,13.8,20.4,8.4,0.5028,-0.8644,32.4,33.3,33.3,station
2026-06-02,31.9,31.0,32.1,32.4,32.9,31.2,30.5,35.5,33.2,31.0,32.06,0.7,-0.22,79,82,10.0,25.61,4.2,0.4878,-0.8729,33.7,33.9,33.9,station
2026-06-03,28.3,26.6,28.0,26.6,26.8,27.6,26.9,28.2,29.5,27.5,27.26,0.82,-0.68,92,98,10.0,10.43,29.8,0.4728,-0.8812,27.4,29.4,29.4,station
2026-06-04,26.6,26.2,26.3,27.3,27.7,25.7,26.4,28.2,26.1,26.9,26.82,0.65,0.16,85,99,13.4,14.13,10.4,0.4575,-0.8892,27.5,28.3,28.3,station
2026-06-05,27.0,27.7,28.5,28.1,29.6,26.7,28.0,29.1,29.0,27.9,28.18,0.97,0.04,68,82,14.3,18.69,0.0,0.4422,-0.8969,27.5,28.9,28.9,station
2026-06-06,28.6,28.6,29.8,29.3,,28.6,28.8,30.2,29.1,31.4,29.08,0.59,-0.54,65,28,13.9,27.09,0.1,0.4267,-0.9044,29.7,30.0,30.0,station
2026-06-07,29.5,29.3,30.7,29.8,,29.4,29.1,30.8,29.8,32.3,29.82,0.62,-0.46,74,80,14.2,26.97,1.8,0.4111,-0.9116,30.4,31.1,31.1,station
2026-06-08,30.0,29.5,31.3,30.0,,29.9,29.5,31.9,30.1,32.6,30.2,0.77,-0.6,73,83,12.3,27.32,1.7,0.3953,-0.9185,31.5,32.2,32.2,station
2026-06-09,30.1,29.5,31.2,30.8,,30.3,29.2,31.7,29.6,31.6,30.4,0.75,-0.08,77,91,12.2,21.28,5.4,0.3795,-0.9252,30.4,31.1,31.1,station
2026-06-10,29.6,29.2,31.4,30.0,29.9,29.2,29.6,31.8,30.3,31.1,30.02,0.83,-0.38,75,91,16.0,23.28,0.6,0.3635,-0.9316,29.4,30.6,30.6,station
2026-06-11,30.0,29.5,31.8,30.6,31.7,30.8,29.7,31.0,30.4,31.3,30.72,1.02,0.08,72,68,13.6,23.37,1.1,0.3474,-0.9377,30.9,31.1,31.1,station
2026-06-12,31.2,29.9,31.9,30.4,31.6,30.5,29.6,32.5,31.3,31.8,31.0,0.83,-0.14,72,81,11.4,23.43,0.4,0.3312,-0.9436,32.5,32.2,32.2,station
2026-06-13,30.7,30.2,31.3,31.5,32.4,30.0,29.6,32.9,31.5,32.4,31.22,0.83,-0.06,77,51,9.8,23.41,4.2,0.3149,-0.9491,32.0,32.2,32.2,station
2026-06-14,31.0,30.7,32.3,32.1,33.2,31.2,30.6,33.4,31.2,33.6,31.86,1.02,-0.14,78,30,9.5,25.71,6.6,0.2986,-0.9544,32.9,33.9,33.9,station
2026-06-15,30.9,31.0,33.8,31.7,32.8,30.3,30.5,34.5,31.3,33.0,32.04,1.24,0.12,76,49,13.5,25.15,2.9,0.2821,-0.9594,33.7,34.4,34.4,station
2026-06-16,32.1,31.6,32.6,32.6,33.2,30.8,31.5,34.0,32.6,33.2,32.42,0.6,0.0,70,57,15.5,27.54,0.1,0.2656,-0.9641,33.8,34.4,34.4,station
2026-06-17,32.4,31.7,32.2,32.7,34.0,31.7,31.6,33.2,33.7,34.1,32.6,0.86,-0.26,71,60,14.6,27.62,1.9,0.2489,-0.9685,34.2,33.9,33.9,station
2026-06-18,31.7,31.5,32.5,31.8,33.7,32.2,31.5,33.4,32.6,34.1,32.24,0.9,-0.52,74,79,16.2,24.97,1.0,0.2322,-0.9727,32.3,33.3,33.3,station
2026-06-19,32.1,31.5,32.5,31.3,33.1,31.6,31.4,33.8,32.3,33.4,32.1,0.73,-0.4,72,77,14.3,26.01,4.3,0.2155,-0.9765,32.9,33.3,33.3,station
2026-06-20,30.6,31.1,31.7,32.2,32.4,29.6,30.8,33.6,32.8,32.6,31.6,0.75,-0.28,74,45,11.2,25.48,7.8,0.1986,-0.9801,34.5,33.9,33.9,station
2026-06-21,32.5,31.6,33.4,33.5,33.9,31.2,31.5,32.5,32.2,33.7,32.98,0.93,0.76,78,29,11.2,26.5,1.4,0.1818,-0.9833,33.3,34.4,34.4,station
2026-06-22,32.0,31.6,32.2,32.5,33.1,32.6,31.5,33.8,33.0,34.3,32.28,0.56,-0.76,73,46,11.5,26.56,3.3,0.1648,-0.9863,33.4,33.9,33.9,station
2026-06-23,32.2,31.4,31.8,31.7,33.6,32.7,31.1,33.4,31.6,33.3,32.14,0.86,-0.28,76,77,8.2,22.87,2.9,0.1478,-0.989,32.0,32.2,32.2,station
2026-06-24,32.3,31.0,32.8,32.5,33.1,32.8,30.6,33.7,31.6,30.5,32.34,0.81,0.5,76,67,8.2,24.36,2.7,0.1308,-0.9914,34.2,32.8,32.8,station
2026-06-25,31.5,31.0,32.1,31.7,33.2,31.9,31.3,32.9,31.2,32.9,31.9,0.83,-0.14,77,34,11.8,26.48,3.2,0.1137,-0.9935,32.0,32.8,32.8,station
2026-06-26,31.0,30.3,32.1,31.3,33.6,32.1,30.4,33.8,31.5,32.9,31.66,1.26,-0.48,76,29,10.2,25.16,3.3,0.0966,-0.9953,31.7,32.2,32.2,station
2026-06-27,31.9,30.6,32.8,31.8,33.3,30.1,30.4,33.3,32.4,33.5,32.08,1.04,0.14,73,23,8.7,26.3,5.4,0.0795,-0.9968,32.3,32.8,32.8,station
2026-06-28,31.1,30.6,32.1,31.4,33.1,31.3,30.4,33.5,30.8,33.2,31.66,0.97,-0.18,70,15,10.7,26.46,5.3,0.0623,-0.9981,32.4,33.3,33.3,station
2026-06-29,32.0,31.4,33.3,32.7,33.1,32.1,31.4,34.4,33.0,33.2,32.5,0.79,-0.32,70,9,10.0,27.56,0.1,0.0451,-0.999,32.8,33.9,33.9,station
2026-06-30,32.0,31.6,33.5,34.0,34.5,31.7,31.6,35.3,33.9,33.4,33.12,1.26,-0.06,76,40,9.8,26.91,6.2,0.028,-0.9996,34.1,33.9,33.9,station
2026-07-01,32.3,30.9,33.1,33.0,33.2,31.9,30.7,33.3,33.0,33.3,32.5,0.96,0.06,84,81,7.8,21.6,6.4,0.0108,-0.9999,32.3,33.3,33.3,station
2026-07-02,31.4,30.3,31.2,32.1,32.9,30.4,30.2,33.4,31.4,33.1,31.58,0.98,-0.12,85,70,8.8,22.65,13.9,-0.0065,-1.0,33.2,33.3,33.3,station
2026-07-03,31.5,30.3,33.3,33.0,33.2,31.8,30.5,34.5,33.1,33.4,32.26,1.32,-0.4,81,45,5.2,24.98,7.5,-0.0237,-0.9997,32.3,32.8,32.8,station
2026-07-04,31.7,30.9,32.1,31.8,32.8,29.8,30.3,33.6,31.1,33.4,31.86,0.69,0.22,77,37,10.5,26.97,3.3,-0.0408,-0.9992,32.8,32.8,32.8,station
2026-07-05,30.8,30.3,32.7,31.7,32.7,29.8,30.5,33.8,31.4,33.1,31.64,1.09,-0.08,75,60,10.8,23.71,6.0,-0.058,-0.9983,31.9,34.4,34.4,station
2026-07-06,30.1,29.9,32.6,31.5,30.6,30.5,30.5,34.4,31.5,34.0,30.94,1.11,-1.24,87,78,11.3,17.43,15.5,-0.0752,-0.9972,30.0,32.8,32.8,station
2026-07-07,30.7,30.3,31.7,32.1,33.2,30.5,30.4,34.2,32.0,33.8,31.6,1.15,-0.58,76,50,8.8,25.69,3.2,-0.0923,-0.9957,32.5,33.3,33.3,station
2026-07-08,31.9,31.8,31.3,33.1,32.9,31.6,31.7,33.7,33.2,33.3,32.2,0.77,-0.5,70,22,13.4,27.6,0.0,-0.1094,-0.994,32.7,33.3,33.3,station
2026-07-09,32.1,31.8,32.7,32.7,33.4,32.3,31.8,33.6,33.4,33.2,32.54,0.62,-0.32,70,21,12.9,26.76,0.5,-0.1265,-0.992,32.7,32.8,32.8,station
2026-07-10,32.2,30.5,32.6,32.0,33.2,29.8,29.8,33.6,31.2,33.4,32.1,1.0,0.54,74,46,14.1,23.62,3.3,-0.1436,-0.9896,32.6,33.3,33.3,station
2026-07-11,32.2,31.2,33.1,32.3,33.8,32.0,31.2,34.1,32.2,33.8,32.52,0.98,-0.14,80,95,13.5,13.67,5.2,-0.1606,-0.987,32.4,32.2,32.2,station
2026-07-12,32.1,31.8,33.2,32.7,33.1,31.9,31.8,34.4,33.1,34.0,32.58,0.61,-0.46,74,64,11.6,25.04,0.5,-0.1775,-0.9841,33.3,34.4,34.4,station
2026-07-13,31.8,31.8,33.2,32.1,33.3,32.3,31.7,34.1,33.1,34.0,32.44,0.75,-0.6,70,26,9.9,25.59,3.0,-0.1944,-0.9809,33.0,33.3,33.3,station
2026-07-14,32.2,32.1,33.1,32.6,34.0,32.8,31.9,34.6,33.2,34.6,32.8,0.78,-0.62,67,39,14.2,25.41,0.1,-0.2113,-0.9774,33.9,34.4,34.4,station
2026-07-15,33.2,32.0,33.4,32.9,34.0,33.0,32.1,34.4,32.0,34.0,33.1,0.73,0.0,65,40,11.2,26.17,0.8,-0.2281,-0.9736,34.9,33.9,33.9,station
2026-07-16,33.5,32.0,34.0,33.2,34.5,33.5,32.1,35.7,33.8,34.3,33.44,0.94,-0.44,72,60,9.1,22.34,1.0,-0.2448,-0.9696,34.5,35.6,35.6,station
2026-07-17,33.4,31.5,35.3,33.6,33.8,33.8,31.1,34.7,34.0,34.2,33.52,1.36,-0.04,75,72,13.6,24.1,14.7,-0.2614,-0.9652,34.2,33.3,33.3,station
2026-07-18,30.6,31.4,33.0,31.4,33.0,31.2,30.4,33.2,31.5,33.5,31.88,1.07,-0.08,75,94,13.7,23.61,2.5,-0.278,-0.9606,32.0,32.8,32.8,station
2026-07-19,31.7,31.3,33.7,32.6,33.2,31.9,31.4,33.5,31.8,33.9,32.5,1.0,0.0,68,58,16.1,26.02,4.7,-0.2945,-0.9557,33.3,32.8,32.8,station
2026-07-20,32.7,32.0,32.6,31.4,33.7,31.6,31.5,33.5,31.5,34.4,32.48,0.86,-0.02,74,75,18.4,23.79,11.7,-0.3109,-0.9505,32.9,33.9,33.9,station
2026-07-21,31.2,31.6,33.6,32.3,32.6,32.4,31.7,33.4,32.4,32.8,32.26,0.93,-0.28,71,39,14.4,26.61,0.2,-0.3272,-0.945,32.2,32.8,32.8,station
2026-07-22,31.6,31.5,32.8,32.3,33.0,31.3,31.6,33.4,32.6,33.0,32.24,0.68,-0.14,69,18,13.6,25.68,2.6,-0.3434,-0.9392,32.3,33.3,33.3,station
2026-07-23,31.3,31.4,34.1,32.0,33.1,30.1,31.2,33.8,32.8,33.1,32.38,1.2,0.18,70,19,14.2,25.49,2.8,-0.3595,-0.9332,33.2,33.3,33.3,station
2026-07-24,32.1,31.1,31.5,32.2,33.3,30.8,30.2,33.3,32.2,33.5,32.04,0.84,0.04,71,24,11.2,25.97,1.9,-0.3755,-0.9268,32.6,33.3,33.3,station
2026-07-25,31.2,30.7,32.9,32.1,33.0,30.9,31.0,34.1,32.1,32.9,31.98,1.02,-0.22,85,48,8.7,20.65,31.4,-0.3914,-0.9202,31.5,32.2,32.2,station
2026-07-26,30.8,30.5,32.1,32.1,30.4,30.4,30.6,34.8,32.4,30.9,31.18,0.85,-0.64,83,43,13.4,23.9,11.8,-0.4071,-0.9134,32.5,34.4,34.4,station
2026-07-27,30.7,30.2,30.0,31.8,27.4,28.6,30.3,33.6,34.9,33.1,30.02,1.62,-2.08,87,67,11.9,21.07,9.4,-0.4228,-0.9062,31.8,32.2,32.2,station
2026-07-28,31.3,31.1,31.0,32.7,34.1,31.5,30.7,35.9,34.3,33.3,32.04,1.34,-1.1,82,74,13.4,23.65,5.2,-0.4383,-0.8988,32.9,,,
