datum,p1_ifs,p1_aifs,p1_gfs,p1_icon,p1_gem,p2_ifs,p2_aifs,p2_gfs,p2_icon,p2_gem,mm_gem,mm_spreiding,run2run,rh_gem,bewolking_gem,wind_max,instraling_som,neerslag_som,doy_sin,doy_cos,era5_max,station_max,doel,doelbron
2023-11-01,,,13.5,,,,,12.6,,,,,,88,90,24.3,4.0,0.1,-0.8606,0.5093,14.2,16.0,16.0,station
2023-11-02,,,11.1,,,,,9.7,,,,,,89,91,21.6,0.83,9.5,-0.8517,0.524,11.3,12.0,12.0,station
2023-11-03,,,6.5,,,,,6.1,,,,,,84,26,14.3,5.58,0.0,-0.8426,0.5386,5.8,3.0,3.0,station
2023-11-04,,,7.8,,,,,8.0,,,,,,92,66,22.2,2.19,1.9,-0.8332,0.553,6.8,5.0,5.0,station
2023-11-05,,,12.0,,,,,12.3,,,,,,89,100,31.1,2.53,7.8,-0.8235,0.5672,12.1,13.0,13.0,station
2023-11-06,,,9.5,,,,,11.3,,,,,,94,90,20.3,1.08,8.2,-0.8137,0.5813,10.1,10.0,10.0,station
2023-11-07,,,8.9,,,,,8.9,,,,,,89,81,21.0,1.95,1.5,-0.8035,0.5952,9.0,10.0,10.0,station
2023-11-08,,,7.5,,,,,8.4,,,,,,88,79,17.7,3.09,0.0,-0.7932,0.609,7.7,8.0,8.0,station
2023-11-09,,,6.5,,,,,6.5,,,,,,93,89,13.0,3.4,0.0,-0.7826,0.6225,6.2,7.0,7.0,station
2023-11-10,,,6.6,,,,,6.5,,,,,,88,86,16.0,2.3,0.1,-0.7718,0.6359,6.3,7.0,7.0,station
2023-11-11,,,5.8,,,,,5.8,,,,,,88,99,17.1,2.72,0.0,-0.7607,0.6491,6.3,7.0,7.0,station
2023-11-12,,,7.8,,,,,6.9,,,,,,91,100,25.2,0.5,7.1,-0.7494,0.6621,7.6,8.0,8.0,station
2023-11-13,,,6.5,,,,,7.8,,,,,,89,100,27.0,0.93,6.4,-0.7379,0.6749,7.0,7.0,7.0,station
2023-11-14,,,4.3,,,,,4.2,,,,,,92,100,24.0,1.45,4.8,-0.7262,0.6875,3.7,4.0,4.0,station
2023-11-15,,,2.3,,,,,2.6,,,,,,92,82,12.3,2.69,0.0,-0.7143,0.6998,3.1,2.0,2.0,station
2023-11-16,,,1.1,,,,,1.2,,,,,,87,91,11.5,1.31,0.4,-0.7021,0.712,1.3,1.0,1.0,station
2023-11-17,,,-1.7,,,,,-1.7,,,,,,72,59,12.2,2.52,0.0,-0.6898,0.724,-1.7,-2.0,-2.0,station
2023-11-18,,,-4.4,,,,,-3.3,,,,,,78,2,6.6,4.24,0.0,-0.6772,0.7358,-4.0,-3.0,-3.0,station
2023-11-19,,,-3.8,,,,,-4.2,,,,,,69,84,6.4,1.94,0.0,-0.6645,0.7473,-5.3,-7.0,-7.0,station
2023-11-20,,,-3.7,,,,,-2.9,,,,,,69,95,14.9,1.19,0.1,-0.6515,0.7586,-5.4,-5.0,-5.0,station
2023-11-21,,,-4.7,,,,,-3.9,,,,,,63,90,17.3,2.38,0.1,-0.6384,0.7697,-6.8,-8.0,-8.0,station
2023-11-22,,,-6.5,,,,,-7.1,,,,,,65,100,20.2,2.01,0.3,-0.625,0.7806,-6.9,-8.0,-8.0,station
2023-11-23,,,-6.9,,,,,-6.4,,,,,,67,100,24.5,1.83,2.8,-0.6115,0.7912,-6.9,-8.0,-8.0,station
2023-11-24,,,0.8,,,,,0.4,,,,,,86,100,15.5,0.84,3.7,-0.5978,0.8016,-5.5,-5.0,-5.0,station
2023-11-25,,,-0.7,,,,,-0.5,,,,,,89,98,10.9,1.48,1.8,-0.584,0.8118,-5.0,-6.0,-6.0,station
2023-11-26,,,-4.3,,,,,-2.5,,,,,,91,100,19.9,1.98,0.9,-0.5699,0.8217,-4.9,-3.0,-3.0,station
2023-11-27,,,1.5,,,,,0.9,,,,,,91,100,26.6,0.53,19.6,-0.5557,0.8314,2.3,2.0,2.0,station
2023-11-28,,,-2.8,,,,,-3.5,,,,,,84,99,23.5,1.64,0.7,-0.5413,0.8408,-2.9,-2.0,-2.0,station
2023-11-29,,,-1.4,,,,,0.2,,,,,,87,84,28.0,1.75,1.8,-0.5268,0.85,-1.6,-1.0,-1.0,station
2023-11-30,,,0.1,,,,,0.3,,,,,,87,100,30.4,1.34,4.7,-0.5121,0.859,-0.2,0.0,0.0,station
2023-12-01,,,-4.1,,,,,-4.2,,,,,,88,100,22.4,1.37,1.6,-0.4972,0.8676,-3.5,-3.0,-3.0,station
2023-12-02,,,-4.7,,,,,-4.4,,,,,,91,94,11.3,2.22,0.2,-0.4822,0.8761,-5.2,-4.0,-4.0,station
2023-12-03,,,-5.5,,,,,-5.2,,,,,,92,100,18.5,0.64,9.0,-0.4671,0.8842,-5.3,-5.0,-5.0,station
2023-12-04,,,-6.6,,,,,-6.3,,,,,,85,98,18.9,1.48,0.9,-0.4518,0.8921,-6.1,-6.0,-6.0,station
2023-12-05,,,-10.5,,,,,-11.3,,,,,,87,93,11.4,2.27,0.3,-0.4364,0.8998,-8.5,-9.0,-9.0,station
2023-12-06,,,-12.8,,,,,-13.1,,,,,,89,96,8.7,1.64,0.0,-0.4208,0.9071,-12.5,-9.0,-9.0,station
2023-12-07,,,-14.7,,,,,-14.2,,,,,,86,100,11.8,1.58,0.0,-0.4052,0.9142,-11.3,-10.0,-10.0,station
2023-12-08,,,-13.5,,,,,-14.4,,,,,,83,100,17.3,1.58,0.0,-0.3894,0.9211,-13.3,-13.0,-13.0,station
2023-12-09,,,-10.5,,,,,-12.0,,,,,,82,100,18.5,1.28,2.3,-0.3735,0.9276,-13.3,-14.0,-14.0,station
2023-12-10,,,-8.5,,,,,-8.6,,,,,,85,100,17.7,0.53,2.2,-0.3575,0.9339,-9.7,-9.0,-9.0,station
2023-12-11,,,-6.0,,,,,-6.8,,,,,,86,100,20.6,0.67,2.7,-0.3413,0.9399,-6.8,-7.0,-7.0,station
2023-12-12,,,-4.8,,,,,-4.4,,,,,,85,100,21.6,0.75,3.1,-0.3251,0.9457,-4.4,-6.0,-6.0,station
2023-12-13,,,-6.1,,,,,-5.6,,,,,,82,100,21.4,0.62,2.8,-0.3088,0.9511,-7.6,-9.0,-9.0,station
2023-12-14,,,-6.8,,,,,-6.9,,,,,,83,100,21.9,0.88,6.2,-0.2924,0.9563,-9.6,-10.0,-10.0,station
2023-12-15,,,-3.4,,,,,-4.0,,,,,,87,100,19.7,0.5,9.2,-0.2759,0.9612,-6.7,-8.0,-8.0,station
2023-12-16,,,-6.5,,,,,-6.6,,,,,,86,98,17.0,1.05,0.5,-0.2593,0.9658,-3.6,-3.0,-3.0,station
2023-12-17,,,1.4,,,,,1.2,,,,,,89,81,24.9,0.45,2.9,-0.2427,0.9701,2.8,2.0,2.0,station
2023-12-18,,,0.9,,,,,1.0,,,,,,93,77,20.6,1.0,0.0,-0.226,0.9741,1.8,2.0,2.0,station
2023-12-19,,,2.1,,,,,2.2,,,,,,92,100,27.9,0.51,2.1,-0.2092,0.9779,3.5,3.0,3.0,station
2023-12-20,,,1.8,,,,,1.9,,,,,,90,100,24.1,1.04,0.2,-0.1923,0.9813,3.4,3.0,3.0,station
2023-12-21,,,0.5,,,,,0.5,,,,,,95,100,18.5,1.29,6.9,-0.1754,0.9845,0.9,1.0,1.0,station
2023-12-22,,,0.8,,,,,0.8,,,,,,90,98,21.4,1.66,0.3,-0.1585,0.9874,0.8,1.0,1.0,station
2023-12-23,,,0.5,,,,,0.6,,,,,,93,100,20.4,0.86,1.9,-0.1414,0.9899,1.2,2.0,2.0,station
2023-12-24,,,-2.7,,,,,-3.1,,,,,,93,96,14.2,1.14,1.4,-0.1244,0.9922,-1.8,-1.0,-1.0,station
2023-12-25,,,-3.2,,,,,-2.9,,,,,,90,95,16.5,1.07,1.4,-0.1073,0.9942,-2.9,-1.0,-1.0,station
2023-12-26,,,0.6,,,,,0.6,,,,,,88,100,22.0,0.89,1.2,-0.0902,0.9959,1.1,1.0,1.0,station
2023-12-27,,,-3.5,,,,,-3.9,,,,,,92,100,12.2,1.48,0.5,-0.073,0.9973,-2.3,-1.0,-1.0,station
2023-12-28,,,-5.4,,,,,-3.3,,,,,,88,99,16.3,0.97,0.2,-0.0559,0.9984,-2.8,-2.0,-2.0,station
2023-12-29,,,1.1,,,,,1.1,,,,,,91,97,17.7,0.57,2.9,-0.0387,0.9993,2.0,1.0,1.0,station
2023-12-30,,,,,,,,,,,,,,92,97,24.4,1.18,7.4,-0.0215,0.9998,2.9,3.0,3.0,station
2023-12-31,,,,,,,,,,,,,,91,100,24.2,0.57,1.8,-0.0043,1.0,1.1,,,
2024-01-01,,,,,,,,,,,,,,77,98,23.2,2.12,0.0,0.0172,0.9999,-12.2,-11.0,-11.0,station
2024-01-02,,,,,,,,,,,,,,78,71,17.9,2.58,0.0,0.0344,0.9994,-16.9,-14.0,-14.0,station
2024-01-03,,,,,,,,,,,,,,74,68,13.6,2.36,0.0,0.0516,0.9987,-23.7,-21.0,-21.0,station
2024-01-04,,,,,,,,,,,,,,75,53,10.7,2.82,0.0,0.0688,0.9976,-24.7,-21.0,-21.0,station
2024-01-05,,,,,,,,,,,,,,77,36,9.9,2.8,0.0,0.0859,0.9963,-20.4,-18.0,-18.0,station
2024-01-06,,,,,,,,,,,,,,81,96,9.2,1.77,2.9,0.103,0.9947,-14.0,-15.0,-15.0,station
2024-01-07,,,,,,,,,,,,,,77,34,12.0,2.89,0.0,0.1201,0.9928,-21.4,-19.0,-19.0,station
2024-01-08,,,,,,,,,,,,,,77,61,18.5,2.87,0.7,0.1372,0.9905,-11.8,-14.0,-14.0,station
2024-01-09,,,,,,,,,,,,,,84,100,20.2,1.56,3.5,0.1542,0.988,-4.3,-6.0,-6.0,station
2024-01-10,,,,,,,,,,,,,,86,99,29.6,1.87,2.3,0.1712,0.9852,-0.3,-1.0,-1.0,station
2024-01-11,,,,,,,,,,,,,,82,99,27.3,1.17,5.7,0.1881,0.9821,0.3,0.0,0.0,station
2024-01-12,,,,,,,,,,,,,,74,52,23.4,1.87,0.6,0.205,0.9788,-11.5,-11.0,-11.0,station
2024-01-13,,,,,,,,,,,,,,80,12,14.6,3.37,0.0,0.2218,0.9751,-21.3,-18.0,-18.0,station
2024-01-14,,,,,,,,,,,,,,79,100,18.4,2.16,0.4,0.2385,0.9711,-7.3,-11.0,-11.0,station
2024-01-15,,,,,,,,,,,,,,89,100,21.1,1.01,3.2,0.2552,0.9669,-1.6,-2.0,-2.0,station
2024-01-16,,,,,,,,,,,,,,86,100,20.7,1.39,1.1,0.2718,0.9624,-2.1,-2.0,-2.0,station
2024-01-17,,,,,,,,,,,,,,79,88,22.6,2.24,0.8,0.2883,0.9575,-4.7,-4.0,-4.0,station
2024-01-18,,,,,,,,,,,,,,83,77,36.7,1.55,10.0,0.3047,0.9524,-3.4,-7.0,-7.0,station
2024-01-19,,,,,,,,,,,,,,88,84,13.6,1.99,2.5,0.3211,0.9471,0.6,-5.0,-5.0,station
2024-01-20,,,-6.9,-6.8,-7.3,,,,,,,,,85,90,12.2,2.6,0.5,0.3373,0.9414,-4.3,-6.0,-6.0,station
2024-01-21,,,-12.1,-9.3,-8.6,,,-11.7,-9.4,-8.9,,,,87,86,11.4,2.57,0.0,0.3534,0.9355,-10.7,-7.0,-7.0,station
2024-01-22,,,-7.4,-8.6,-8.9,,,-7.7,-8.7,-9.9,,,,90,100,28.9,2.34,0.0,0.3695,0.9292,-8.5,-6.0,-6.0,station
2024-01-23,,,-2.1,-5.1,-4.1,,,-1.0,-4.1,-3.4,,,,85,100,30.2,0.93,2.3,0.3854,0.9227,-3.1,-3.0,-3.0,station
2024-01-24,,,0.3,-0.2,0.4,,,0.4,-0.5,-0.5,,,,92,100,21.4,1.16,0.5,0.4012,0.916,0.2,0.0,0.0,station
2024-01-25,,,-0.4,-0.2,-0.9,,,-0.3,-0.6,-0.9,,,,91,100,20.0,1.08,2.9,0.4169,0.9089,-0.4,0.0,0.0,station
2024-01-26,,,-1.7,-2.9,-2.0,,,-3.0,-4.1,-3.6,,,,93,100,10.1,1.4,3.0,0.4325,0.9016,-2.6,-2.0,-2.0,station
2024-01-27,,,-4.8,-5.4,-4.2,,,-3.0,-4.7,-4.3,,,,91,93,11.5,2.48,0.7,0.4479,0.8941,-5.0,-4.0,-4.0,station
2024-01-28,,,-7.3,-5.2,-5.1,,,-3.0,-5.6,-5.1,,,,90,85,11.6,2.42,0.0,0.4633,0.8862,-3.7,-4.0,-4.0,station
2024-01-29,,,-1.9,-3.0,-3.6,,,-3.5,-2.9,-3.9,,,,88,100,22.0,1.75,0.0,0.4784,0.8781,-2.3,-3.0,-3.0,station
2024-01-30,,,0.2,-0.0,0.2,,,0.2,-0.1,0.2,,,,88,100,21.6,2.22,0.0,0.4935,0.8698,1.1,1.0,1.0,station
2024-01-31,,,-0.1,-0.7,-1.5,,,-0.3,-0.8,-1.4,,,,94,99,14.5,1.54,0.0,0.5084,0.8611,-1.5,0.0,0.0,station
2024-02-01,,,0.8,0.9,1.6,,,0.8,0.7,2.0,,,,91,100,17.3,1.6,2.1,0.5231,0.8523,1.7,1.0,1.0,station
2024-02-02,,,-0.9,-0.9,-0.5,,,-0.2,-1.3,-0.2,,,,81,93,25.1,4.0,0.9,0.5377,0.8432,-0.9,0.0,0.0,station
2024-02-03,,,-2.7,-3.3,-2.0,,,-2.6,-2.6,-2.9,,,,90,70,18.9,2.96,0.7,0.5521,0.8338,-2.1,-1.0,-1.0,station
2024-02-04,1.7,,0.8,0.7,2.3,,,0.3,0.4,1.0,1.38,0.76,,87,96,28.3,3.45,5.0,0.5664,0.8242,1.2,1.0,1.0,station
2024-02-05,-2.8,,-3.6,-1.9,-1.6,-3.6,,-2.7,-2.2,-2.1,-2.48,0.91,0.18,87,67,15.5,5.54,0.0,0.5805,0.8143,-2.2,-1.0,-1.0,station
2024-02-06,-3.3,,-4.7,-4.2,-3.9,-3.3,,-3.9,-3.8,-3.8,-4.03,0.59,-0.33,85,80,16.3,2.52,0.4,0.5944,0.8042,-3.4,-3.0,-3.0,station
2024-02-07,-6.2,,-0.8,-5.4,-4.7,-7.0,,0.1,-6.3,-6.2,-4.28,2.4,0.57,89,92,21.7,1.68,7.5,0.6081,0.7938,-5.9,-6.0,-6.0,station
2024-02-08,-7.6,,-8.4,-9.0,-7.9,-7.6,,-4.6,-6.8,-8.9,-8.22,0.61,-1.25,77,63,21.5,6.2,0.7,0.6217,0.7833,-8.5,-9.0,-9.0,station
2024-02-09,-9.5,,-9.6,-10.2,-8.4,-8.1,,-11.2,-11.5,-8.5,-9.43,0.75,0.4,75,40,17.7,6.02,0.0,0.6351,0.7725,-9.6,-9.0,-9.0,station
2024-02-10,-13.7,,-11.7,-12.3,-13.3,-14.1,,-10.9,-13.3,-14.8,-12.75,0.91,0.53,80,53,12.0,6.6,0.0,0.6483,0.7614,-12.9,-11.0,-11.0,station
2024-02-11,-7.0,,-6.3,-8.6,-7.7,-6.7,,-6.5,-9.1,-9.9,-7.4,0.98,0.65,80,95,15.4,3.32,0.0,0.6613,0.7502,-6.5,-5.0,-5.0,station
2024-02-12,-1.0,,-2.0,-3.0,-2.2,-0.7,,-2.1,-3.3,-3.4,-2.05,0.82,0.33,90,100,13.2,1.52,4.3,0.6741,0.7387,-1.2,-2.0,-2.0,station
2024-02-13,-2.5,,-2.3,-3.2,-3.9,-2.9,,-1.8,-4.0,-4.6,-2.98,0.73,0.35,88,100,19.6,3.18,0.0,0.6867,0.727,-2.5,-2.0,-2.0,station
2024-02-14,-10.1,,-9.9,-9.6,-9.2,-11.6,,-11.5,-10.5,-12.0,-9.7,0.39,1.7,80,100,22.8,3.53,0.3,0.6991,0.715,-9.0,-8.0,-8.0,station
2024-02-15,-9.9,,-10.6,-10.5,-10.0,-10.2,,-10.3,-11.3,-12.1,-10.25,0.35,0.72,81,100,20.5,1.32,10.5,0.7113,0.7029,-10.0,-10.0,-10.0,station
2024-02-16,-5.9,,-5.5,-6.6,-6.2,-6.0,,-5.1,-7.1,-7.2,-6.05,0.47,0.3,86,100,12.0,1.96,2.0,0.7233,0.6906,-7.5,-7.0,-7.0,station
2024-02-17,-0.6,,-2.1,-2.4,-2.7,-0.6,,-1.2,-1.3,-2.8,-1.95,0.93,-0.48,86,90,23.8,6.64,0.0,0.735,0.678,-1.3,-1.0,-1.0,station
2024-02-18,0.8,,0.4,-0.5,0.2,0.8,,0.5,-0.4,0.1,0.23,0.54,-0.02,82,97,23.9,3.42,5.7,0.7466,0.6653,0.4,0.0,0.0,station
2024-02-19,-6.6,,-6.0,-6.0,-6.5,-6.3,,-6.2,-6.2,-6.4,-6.28,0.32,0.0,84,91,13.7,4.36,0.0,0.7579,0.6523,-5.3,-4.0,-4.0,station
2024-02-20,-7.4,,-5.5,-5.9,-6.7,-8.5,,-6.3,-5.7,-7.7,-6.38,0.85,0.67,87,100,15.5,4.84,0.0,0.769,0.6392,-6.9,-6.0,-6.0,station
2024-02-21,-4.2,,-2.3,-4.4,-4.0,-3.0,,-1.6,-4.0,-4.1,-3.73,0.96,-0.55,83,75,19.2,5.82,0.0,0.7799,0.6259,-4.4,-4.0,-4.0,station
2024-02-22,-1.3,,-1.2,-2.2,-1.0,-1.0,,0.3,-0.6,-0.6,-1.43,0.53,-0.95,88,100,16.4,3.05,0.0,0.7906,0.6124,-1.7,-2.0,-2.0,station
2024-02-23,1.6,,0.9,0.7,2.2,2.0,,1.0,0.8,1.0,1.35,0.69,0.15,91,100,23.1,3.26,1.3,0.801,0.5987,2.1,1.0,1.0,station
2024-02-24,1.3,,1.0,0.9,1.2,1.7,,0.9,0.6,1.2,1.1,0.18,0.0,88,100,25.3,3.2,1.2,0.8112,0.5848,1.4,2.0,2.0,station
2024-02-25,1.5,,0.8,0.7,1.1,2.1,,0.8,0.2,1.1,1.02,0.36,-0.03,81,100,26.5,2.46,2.8,0.8211,0.5708,1.1,2.0,2.0,station
2024-02-26,-1.3,,-1.2,-1.3,-2.0,-0.2,,-0.6,-1.1,-1.3,-1.45,0.37,-0.65,73,97,22.7,6.4,0.0,0.8308,0.5566,-1.0,1.0,1.0,station
2024-02-27,-0.8,,-0.4,2.0,0.3,-0.3,,-0.4,1.7,0.5,0.27,1.24,-0.1,78,69,18.4,6.31,0.0,0.8402,0.5422,1.3,5.0,5.0,station
2024-02-28,0.3,,0.6,2.8,1.0,0.1,,0.6,2.8,0.9,1.18,1.12,0.08,80,40,19.4,9.97,0.0,0.8495,0.5277,1.9,5.0,5.0,station
2024-02-29,1.4,,0.8,3.8,2.3,1.6,,0.7,3.9,2.0,2.07,1.3,0.02,81,99,18.4,7.67,0.0,0.8584,0.513,2.2,5.0,5.0,station
2024-03-01,2.1,,0.6,3.3,2.1,2.6,,0.6,3.3,2.5,2.02,1.11,-0.23,92,98,7.6,5.05,0.0,0.8671,0.4981,2.2,3.0,3.0,station
2024-03-02,0.7,,0.1,2.6,0.9,1.5,,-0.1,2.1,0.1,1.07,1.07,0.17,92,87,11.4,8.89,0.0,0.8755,0.4831,0.4,4.0,4.0,station
2024-03-03,3.4,,-0.1,3.6,1.0,3.6,,-0.3,3.4,-0.1,1.98,1.82,0.33,78,0,11.5,11.15,0.0,0.8837,0.468,2.9,5.0,5.0,station
2024-03-04,1.1,,-0.7,2.6,-0.5,0.7,,-0.7,2.1,-0.8,0.62,1.54,0.3,77,77,10.7,8.69,0.0,0.8916,0.4527,1.6,3.0,3.0,station
2024-03-05,-0.6,,-1.3,-0.6,-2.8,-0.5,,-1.5,-0.6,-2.0,-1.32,1.04,-0.18,82,71,19.1,6.85,0.0,0.8993,0.4373,0.3,0.0,0.0,station
2024-03-06,-3.0,,-4.4,-2.2,-3.4,-4.3,,-3.5,-2.8,-5.3,-3.25,0.91,0.72,70,14,10.6,11.88,0.0,0.9067,0.4218,-2.3,0.0,0.0,station
2024-03-07,0.4,,-1.2,0.5,-2.4,-0.0,,-2.1,-0.2,-2.4,-0.67,1.39,0.5,71,22,11.7,12.11,0.0,0.9138,0.4061,2.0,2.0,2.0,station
2024-03-08,-0.4,,0.1,-1.6,-1.9,-0.8,,-0.1,-0.6,-2.2,-0.95,0.95,-0.02,85,63,17.6,4.96,0.2,0.9207,0.3904,-0.8,-1.0,-1.0,station
2024-03-09,-4.2,,-4.5,-3.3,-3.9,-4.2,,-5.2,-3.1,-3.6,-3.98,0.51,0.05,75,80,16.6,9.22,0.0,0.9272,0.3745,-2.8,-2.0,-2.0,station
2024-03-10,-4.7,,-5.1,-3.5,-5.2,-4.0,,-4.6,-2.6,-4.0,-4.62,0.78,-0.83,71,50,13.7,12.51,0.0,0.9335,0.3585,-4.1,-3.0,-3.0,station
2024-03-11,-0.2,,-0.5,0.9,-0.8,-0.5,,-0.9,0.1,-1.5,-0.15,0.74,0.55,73,65,19.2,10.07,0.0,0.9396,0.3424,1.7,1.0,1.0,station
2024-03-12,2.1,,-1.4,3.2,1.2,1.5,,-0.2,2.8,-0.8,1.28,1.96,0.45,73,45,15.0,12.73,0.0,0.9453,0.3261,2.7,4.0,4.0,station
2024-03-13,1.7,,0.1,3.8,1.4,1.0,,0.1,3.5,0.3,1.75,1.53,0.52,73,42,16.1,13.4,0.0,0.9508,0.3098,1.5,4.0,4.0,station
2024-03-14,2.7,4.5,1.0,5.0,2.0,2.9,,0.9,5.1,1.6,3.04,1.68,0.42,78,38,16.8,13.77,0.0,0.956,0.2934,3.6,6.0,6.0,station
2024-03-15,3.6,6.2,2.3,6.8,4.1,3.7,6.4,2.0,6.2,3.2,4.6,1.87,0.3,83,40,16.7,10.31,0.0,0.9609,0.2769,3.9,5.0,5.0,station
2024-03-16,5.0,6.9,2.6,8.6,4.7,4.2,7.0,2.7,8.4,3.7,5.56,2.28,0.36,80,36,14.0,11.68,0.0,0.9655,0.2604,5.5,8.0,8.0,station
2024-03-17,4.6,6.0,1.6,7.8,4.5,4.8,4.9,1.8,8.3,3.4,4.9,2.28,0.26,81,55,12.3,11.68,0.0,0.9698,0.2437,5.3,4.0,4.0,station
2024-03-18,3.9,4.7,0.9,7.3,1.5,2.8,4.7,1.2,6.5,1.2,3.66,2.58,0.38,88,88,10.5,10.55,0.0,0.9739,0.227,4.2,4.0,4.0,station
2024-03-19,2.4,3.3,0.7,3.8,1.1,2.1,3.7,0.5,2.9,1.2,2.26,1.35,0.18,88,91,12.1,8.79,0.0,0.9777,0.2102,2.6,3.0,3.0,station
2024-03-20,4.5,5.6,0.9,6.5,3.2,3.9,5.3,0.3,7.0,0.6,4.14,2.19,0.72,84,79,10.5,13.27,0.0,0.9811,0.1934,3.9,6.0,6.0,station
2024-03-21,5.2,7.0,1.4,7.9,5.1,4.1,6.6,2.0,7.3,4.6,5.32,2.5,0.4,70,15,9.9,15.16,0.0,0.9843,0.1765,5.1,8.0,8.0,station
2024-03-22,3.9,6.6,2.3,7.9,4.9,3.3,7.2,3.4,7.4,4.8,5.12,2.2,-0.1,82,59,18.4,14.36,0.0,0.9872,0.1595,5.9,8.0,8.0,station
2024-03-23,4.0,4.4,3.5,3.8,3.1,4.3,4.7,3.0,3.8,3.3,3.76,0.49,-0.06,88,98,24.0,3.99,4.7,0.9898,0.1425,4.7,4.0,4.0,station
2024-03-24,4.6,5.6,4.6,5.1,4.1,4.9,5.6,5.2,5.1,4.0,4.8,0.57,-0.16,94,92,20.4,4.35,2.8,0.9921,0.1255,6.1,5.0,5.0,station
2024-03-25,3.9,6.1,6.2,6.9,4.5,5.5,6.2,7.1,7.1,4.8,5.52,1.26,-0.62,81,91,17.2,13.53,0.0,0.9941,0.1084,4.7,6.0,6.0,station
2024-03-26,2.9,5.0,3.3,5.6,2.7,3.9,5.6,5.4,6.3,2.3,3.9,1.31,-0.8,80,100,9.8,9.23,0.0,0.9958,0.0913,4.7,6.0,6.0,station
2024-03-27,6.5,9.4,4.9,7.9,6.0,6.4,8.7,6.5,7.8,4.8,6.94,1.75,0.1,71,11,12.4,16.87,0.0,0.9972,0.0741,7.2,9.0,9.0,station
2024-03-28,6.6,8.3,6.9,8.1,5.5,6.6,10.5,7.4,7.9,4.2,7.08,1.15,-0.24,69,48,15.9,16.24,0.0,0.9984,0.057,7.3,9.0,9.0,station
2024-03-29,7.4,6.3,9.6,8.9,5.6,5.6,5.8,6.9,6.1,5.6,7.56,1.69,1.56,79,78,16.6,8.92,0.2,0.9992,0.0398,8.0,10.0,10.0,station
2024-03-30,8.1,11.2,10.5,11.0,7.6,7.9,9.2,12.6,10.4,6.0,9.68,1.7,0.46,81,67,19.6,14.7,1.7,0.9997,0.0226,9.0,12.0,12.0,station
2024-03-31,7.8,15.3,13.2,14.5,10.8,9.9,15.4,14.2,15.0,12.4,12.32,3.05,-1.06,80,45,14.7,17.06,0.0,1.0,0.0054,11.2,16.0,16.0,station
2024-04-01,17.5,20.9,16.9,20.0,17.2,17.4,21.0,16.5,17.8,14.7,18.5,1.82,1.02,72,85,20.6,15.48,0.0,0.9999,-0.0118,18.8,21.0,21.0,station
2024-04-02,20.7,23.7,19.2,23.0,21.6,20.8,22.6,18.7,22.0,19.4,21.64,1.8,0.94,75,72,17.7,16.07,0.0,0.9996,-0.029,21.5,23.0,23.0,station
2024-04-03,14.3,15.9,12.8,16.7,15.9,14.0,15.1,13.7,15.1,15.1,15.12,1.56,0.52,66,87,36.5,11.66,1.1,0.9989,-0.0462,15.0,16.0,16.0,station
2024-04-04,4.9,5.0,4.6,5.3,5.1,6.3,5.7,5.5,9.8,5.2,4.98,0.26,-1.52,73,100,22.7,3.63,0.7,0.998,-0.0634,4.8,5.0,5.0,station
2024-04-05,3.6,3.6,5.1,4.3,3.3,4.0,3.5,5.1,5.6,2.8,3.98,0.73,-0.22,65,49,13.9,18.48,0.0,0.9968,-0.0805,3.5,4.0,4.0,station
2024-04-06,7.8,5.9,6.6,6.9,8.1,7.1,6.8,7.9,7.8,9.5,7.06,0.9,-0.76,75,81,14.5,6.76,0.6,0.9952,-0.0977,8.4,9.0,9.0,station
2024-04-07,14.0,14.7,12.8,13.9,15.4,14.0,13.5,12.9,14.0,13.6,14.16,0.97,0.56,81,73,14.5,11.65,0.2,0.9934,-0.1148,14.5,14.0,14.0,station
2024-04-08,17.6,19.1,17.9,16.6,17.5,17.9,18.1,17.2,17.2,17.9,17.74,0.9,0.08,80,93,22.5,14.55,0.8,0.9913,-0.1319,17.4,17.0,17.0,station
2024-04-09,18.8,20.5,19.2,19.4,20.1,18.9,19.4,20.5,17.3,19.1,19.6,0.69,0.56,79,91,15.3,13.15,6.9,0.9889,-0.1489,19.3,17.0,17.0,station
2024-04-10,20.2,22.7,19.8,22.3,21.1,20.9,22.8,19.2,21.6,20.2,21.22,1.27,0.28,78,8,17.5,18.77,0.0,0.9861,-0.1659,20.4,21.0,21.0,station
2024-04-11,16.5,19.0,17.0,16.7,18.3,17.2,18.6,15.6,17.3,17.9,17.5,1.09,0.18,63,72,17.8,15.27,0.0,0.9831,-0.1828,17.0,18.0,18.0,station
2024-04-12,15.6,16.2,13.0,14.2,14.7,14.2,13.9,13.2,12.8,13.3,14.74,1.24,1.26,59,80,29.9,11.69,0.3,0.9799,-0.1997,14.6,14.0,14.0,station
2024-04-13,12.3,12.6,12.2,12.7,13.0,13.1,13.8,11.3,14.4,13.2,12.56,0.32,-0.6,70,76,16.3,13.15,0.0,0.9763,-0.2165,12.9,14.0,14.0,station
2024-04-14,13.6,13.1,13.7,14.2,14.7,13.1,12.4,13.0,14.1,13.6,13.86,0.61,0.62,79,85,22.5,10.64,4.1,0.9724,-0.2333,13.3,14.0,14.0,station
2024-04-15,10.0,9.1,9.9,10.0,10.6,9.8,9.3,10.3,9.8,9.6,9.92,0.54,0.16,76,49,29.6,13.52,1.6,0.9683,-0.25,9.9,10.0,10.0,station
2024-04-16,11.4,11.6,10.2,11.3,11.8,11.4,11.8,12.1,11.5,11.7,11.26,0.62,-0.44,63,100,20.0,11.71,0.5,0.9638,-0.2666,12.3,13.0,13.0,station
2024-04-17,12.3,11.2,12.0,11.6,9.6,13.0,12.0,12.1,12.2,11.6,11.34,1.06,-0.84,71,100,13.4,10.32,6.4,0.9591,-0.2831,12.1,11.0,11.0,station
2024-04-18,12.2,8.5,10.9,10.3,9.3,11.6,9.4,10.0,11.2,11.2,10.24,1.43,-0.44,84,96,22.3,5.76,3.6,0.9541,-0.2996,9.9,11.0,11.0,station
2024-04-19,14.3,11.3,11.2,12.1,14.5,13.1,10.2,12.4,12.9,14.2,12.68,1.61,0.12,81,97,34.4,10.58,5.0,0.9488,-0.316,14.6,13.0,13.0,station
2024-04-20,11.1,11.5,11.1,11.2,10.4,12.1,12.0,11.4,11.4,10.7,11.06,0.4,-0.46,68,36,25.5,16.92,1.0,0.9432,-0.3322,10.6,12.0,12.0,station
2024-04-21,16.8,14.6,16.4,15.2,16.5,16.7,14.7,15.5,13.7,15.3,15.9,0.95,0.72,59,95,32.0,13.97,1.3,0.9373,-0.3484,15.7,17.0,17.0,station
2024-04-22,14.8,14.2,14.2,15.6,16.9,17.0,14.1,14.0,14.8,17.4,15.14,1.14,-0.32,68,77,26.6,13.91,0.0,0.9312,-0.3645,15.6,16.0,16.0,station
2024-04-23,11.9,11.7,11.2,12.1,11.4,11.9,10.7,11.6,12.1,10.6,11.66,0.36,0.28,64,80,16.9,15.55,0.0,0.9248,-0.3804,12.4,12.0,12.0,station
2024-04-24,12.0,13.5,11.8,13.0,13.5,12.2,13.4,12.4,14.5,13.8,12.76,0.81,-0.5,67,64,16.7,19.08,0.0,0.9181,-0.3963,13.8,14.0,14.0,station
2024-04-25,18.1,19.6,18.3,17.6,21.5,17.9,20.0,18.1,17.7,21.4,19.02,1.57,0.0,69,90,23.4,13.39,0.2,0.9112,-0.412,18.8,21.0,21.0,station
2024-04-26,21.1,20.9,19.1,19.6,20.8,21.4,17.4,18.1,17.5,19.2,20.3,0.89,1.58,82,100,18.0,15.86,2.1,0.9039,-0.4276,21.6,22.0,22.0,station
2024-04-27,13.8,13.8,13.7,14.9,14.8,13.6,12.2,16.7,15.4,14.9,14.2,0.6,-0.36,89,78,19.2,7.75,20.1,0.8965,-0.4431,13.8,14.0,14.0,station
2024-04-28,14.3,15.8,14.9,14.6,13.8,14.8,15.9,15.3,15.5,13.4,14.68,0.75,-0.3,66,91,11.6,15.52,0.0,0.8887,-0.4585,15.1,15.0,15.0,station
2024-04-29,17.3,19.2,17.3,18.3,18.9,18.3,19.3,18.0,17.6,18.1,18.2,0.88,-0.06,61,11,13.8,23.51,0.0,0.8807,-0.4737,18.1,19.0,19.0,station
2024-04-30,19.7,22.2,19.9,21.1,21.9,19.3,22.4,19.4,20.4,21.5,20.96,1.13,0.36,54,64,23.4,22.04,0.0,0.8724,-0.4888,21.6,22.0,22.0,station
2024-05-01,17.5,18.8,17.0,18.3,19.2,16.7,18.8,17.5,18.6,19.0,18.16,0.91,0.04,61,36,16.9,22.83,2.1,0.8639,-0.5037,18.1,19.0,19.0,station
2024-05-02,10.6,11.8,11.2,14.0,14.5,11.1,12.9,12.0,12.9,15.1,12.42,1.73,-0.38,62,56,16.8,17.38,0.0,0.8551,-0.5185,11.1,12.0,12.0,station
2024-05-03,7.9,9.0,8.2,9.1,7.9,8.0,8.8,8.4,9.8,9.2,8.42,0.59,-0.42,53,19,17.7,24.91,0.0,0.846,-0.5331,8.9,9.0,9.0,station
2024-05-04,12.8,13.7,12.4,13.4,13.1,10.4,12.3,11.4,11.7,10.0,13.08,0.51,1.92,57,45,14.1,22.54,0.2,0.8367,-0.5476,13.4,14.0,14.0,station
2024-05-05,11.8,12.2,11.8,12.3,13.1,12.1,11.8,10.7,13.0,13.2,12.24,0.53,0.08,69,58,30.4,18.81,5.3,0.8272,-0.5619,11.7,12.0,12.0,station
2024-05-06,8.5,9.4,11.2,10.5,11.1,10.2,9.8,10.6,11.2,11.6,10.14,1.16,-0.54,70,91,19.2,11.07,0.0,0.8174,-0.5761,9.3,10.0,10.0,station
2024-05-07,5.0,4.2,6.6,6.0,3.8,5.1,4.1,3.0,5.6,3.5,5.12,1.18,0.86,82,100,23.2,3.97,10.3,0.8074,-0.59,4.9,6.0,6.0,station
2024-05-08,4.6,3.9,5.7,5.3,3.6,5.7,4.0,6.6,4.6,3.9,4.62,0.89,-0.34,63,51,25.4,18.85,3.2,0.7971,-0.6038,5.9,6.0,6.0,station
2024-05-09,4.1,4.3,6.0,3.2,5.6,5.5,3.8,6.2,3.7,6.1,4.64,1.15,-0.42,57,67,27.5,17.95,1.5,0.7866,-0.6175,5.5,6.0,6.0,station
2024-05-10,10.8,10.9,7.6,9.4,10.0,8.9,10.2,9.0,8.2,9.4,9.74,1.34,0.6,62,74,23.3,16.08,0.3,0.7759,-0.6309,11.8,12.0,12.0,station
2024-05-11,9.8,8.9,9.1,9.6,10.2,9.2,8.0,7.9,9.1,8.8,9.52,0.53,0.92,69,70,21.8,22.09,3.9,0.7649,-0.6442,10.3,11.0,11.0,station
2024-05-12,5.6,5.7,8.0,7.4,7.3,5.9,6.2,7.1,6.9,7.8,6.8,1.08,0.02,63,92,15.9,10.09,0.0,0.7537,-0.6572,5.4,5.0,5.0,station
2024-05-13,7.0,8.7,10.7,7.8,9.4,7.6,8.8,10.3,8.9,10.0,8.72,1.43,-0.4,61,71,9.9,16.68,0.0,0.7423,-0.6701,9.2,8.0,8.0,station
2024-05-14,11.4,13.4,11.2,11.6,12.7,9.7,12.7,12.1,11.1,13.6,12.06,0.95,0.22,66,78,9.2,11.69,0.0,0.7306,-0.6828,11.9,13.0,13.0,station
2024-05-15,13.4,15.6,14.5,14.6,15.3,13.2,16.6,13.9,14.8,16.7,14.68,0.85,-0.36,64,41,10.1,20.41,0.0,0.7188,-0.6952,16.1,16.0,16.0,station
2024-05-16,16.7,19.1,17.4,19.3,20.3,15.0,18.4,17.5,17.2,19.4,18.56,1.47,1.06,64,76,17.1,18.22,0.1,0.7067,-0.7075,20.4,20.0,20.0,station
2024-05-17,19.1,20.1,18.9,20.6,21.8,18.1,19.1,17.6,19.2,20.7,20.1,1.18,1.16,70,44,17.1,24.09,1.3,0.6945,-0.7195,20.3,21.0,21.0,station
2024-05-18,17.4,19.3,17.3,19.5,18.5,16.7,17.8,16.8,19.4,19.6,18.4,1.03,0.34,58,3,14.3,27.3,0.0,0.682,-0.7314,18.9,20.0,20.0,station
2024-05-19,18.7,20.5,17.0,20.8,21.5,17.4,19.8,16.7,18.4,20.7,19.7,1.83,1.1,56,1,12.8,27.53,0.0,0.6693,-0.743,19.3,19.0,19.0,station
2024-05-20,21.6,23.5,21.0,24.0,24.0,20.1,23.0,19.9,23.4,24.3,22.82,1.42,0.68,55,26,14.5,23.39,0.0,0.6564,-0.7544,22.8,24.0,24.0,station
2024-05-21,21.8,22.4,23.4,23.7,23.7,22.0,22.1,22.9,24.0,23.7,23.0,0.86,0.06,65,40,13.3,22.67,5.4,0.6433,-0.7656,22.9,24.0,24.0,station
2024-05-22,20.7,22.5,20.8,23.8,21.0,20.0,22.2,21.1,23.0,21.7,21.76,1.35,0.16,53,1,15.6,27.6,0.0,0.6301,-0.7765,21.2,22.0,22.0,station
2024-05-23,17.4,19.2,17.8,20.1,19.7,16.9,19.1,17.2,20.0,19.0,18.84,1.18,0.4,45,6,15.0,28.03,0.0,0.6166,-0.7873,18.8,20.0,20.0,station
2024-05-24,19.9,20.9,17.2,20.6,20.7,18.4,20.0,17.3,20.5,21.2,19.86,1.53,0.38,47,26,10.2,28.12,0.0,0.603,-0.7978,20.7,21.0,21.0,station
2024-05-25,22.0,23.8,21.5,23.6,23.6,21.5,23.4,20.3,23.6,24.2,22.9,1.07,0.3,47,28,13.5,28.62,0.0,0.5892,-0.808,22.7,24.0,24.0,station
2024-05-26,25.0,23.9,24.7,25.5,24.6,24.2,23.1,24.3,22.9,25.9,24.74,0.59,0.66,65,27,19.0,24.04,2.2,0.5752,-0.818,23.0,23.0,23.0,station
2024-05-27,22.2,23.0,19.6,23.0,22.6,21.9,22.6,20.3,23.4,24.6,22.08,1.43,-0.48,52,7,11.3,28.22,0.0,0.561,-0.8278,22.4,22.0,22.0,station
2024-05-28,25.4,26.6,23.7,25.5,25.8,24.9,26.1,23.9,25.8,26.0,25.4,1.06,0.06,52,0,9.7,28.25,0.0,0.5467,-0.8373,25.0,26.0,26.0,station
2024-05-29,27.5,28.1,25.9,27.6,27.6,27.6,28.4,24.7,27.9,27.3,27.34,0.84,0.16,53,27,12.8,24.14,0.1,0.5322,-0.8466,26.6,27.0,27.0,station
2024-05-30,27.3,28.0,25.8,28.6,28.3,28.1,28.3,24.7,28.6,27.8,27.6,1.12,0.1,51,45,13.1,26.11,0.0,0.5176,-0.8556,27.2,28.0,28.0,station
2024-05-31,26.6,27.9,25.9,29.5,28.9,28.6,27.9,25.8,29.5,29.5,27.76,1.51,-0.5,56,66,13.1,26.2,0.0,0.5028,-0.8644,28.2,29.0,29.0,station
2024-06-01,28.6,25.7,24.3,30.3,28.5,25.7,24.5,25.9,24.2,27.6,27.48,2.43,1.9,58,98,13.5,22.99,0.0,0.4878,-0.8729,28.2,30.0,30.0,station
2024-06-02,24.8,25.6,25.5,26.0,27.9,27.9,26.1,27.0,28.2,28.7,25.96,1.17,-1.62,66,62,12.3,24.02,2.4,0.4728,-0.8812,26.5,27.0,27.0,station
2024-06-03,23.5,23.7,23.6,21.8,23.9,23.3,23.4,25.2,21.2,23.3,23.3,0.85,0.02,75,53,20.0,19.93,2.2,0.4575,-0.8892,23.3,26.0,26.0,station
2024-06-04,24.7,23.2,24.9,22.7,22.8,23.4,22.4,23.7,21.6,20.0,23.66,1.06,1.44,71,48,20.9,22.43,0.9,0.4422,-0.8969,24.2,24.0,24.0,station
2024-06-05,26.3,25.8,26.0,26.4,25.5,26.0,25.7,26.1,26.0,25.1,26.0,0.37,0.22,68,43,10.8,25.52,0.0,0.4267,-0.9044,25.9,27.0,27.0,station
2024-06-06,22.5,23.5,23.9,22.9,22.0,23.2,22.0,25.9,25.9,23.8,22.96,0.76,-1.2,78,86,11.3,19.68,4.0,0.4111,-0.9116,24.9,25.0,25.0,station
2024-06-07,23.2,21.8,22.4,20.7,21.9,24.2,22.0,22.8,22.0,21.8,22.0,0.91,-0.56,73,58,21.0,21.26,1.1,0.3953,-0.9185,23.1,22.0,22.0,station
2024-06-08,22.6,22.7,22.4,21.9,21.4,23.5,21.7,21.2,22.8,22.1,22.2,0.54,-0.06,54,56,15.0,27.0,0.0,0.3795,-0.9252,22.3,22.0,22.0,station
2024-06-09,22.6,22.0,21.6,21.8,21.5,22.8,21.5,22.0,22.4,20.8,21.9,0.44,0.0,62,51,12.4,27.46,3.3,0.3635,-0.9316,21.8,21.0,21.0,station
2024-06-10,23.0,21.7,22.1,21.5,20.4,24.1,23.0,23.0,22.6,18.2,21.74,0.94,-0.44,70,66,20.9,21.53,0.1,0.3474,-0.9377,23.0,21.0,21.0,station
2024-06-11,22.4,24.0,24.3,24.6,23.4,25.1,23.0,22.7,25.1,24.3,23.74,0.87,-0.3,82,95,26.1,19.28,22.9,0.3312,-0.9436,25.1,25.0,25.0,station
2024-06-12,24.5,24.7,25.4,24.3,25.5,24.3,23.0,25.9,21.7,25.6,24.88,0.54,0.78,84,78,17.6,18.76,21.1,0.3149,-0.9491,25.9,26.0,26.0,station
2024-06-13,21.0,19.5,20.5,21.8,19.3,20.6,17.4,17.5,19.2,18.2,20.42,1.04,1.84,86,96,17.9,14.92,7.7,0.2986,-0.9544,23.2,22.0,22.0,station
2024-06-14,22.3,21.8,22.0,21.9,21.6,22.8,20.5,23.1,22.0,21.0,21.92,0.26,0.04,73,67,20.5,22.56,1.6,0.2821,-0.9594,22.4,22.0,22.0,station
2024-06-15,23.0,23.9,23.4,24.1,23.8,23.3,23.7,23.5,24.3,23.4,23.64,0.44,0.0,69,47,7.1,26.03,0.9,0.2656,-0.9641,23.6,25.0,25.0,station
2024-06-16,24.0,25.3,25.2,26.0,26.6,24.4,25.2,24.9,25.0,25.6,25.42,0.98,0.4,69,90,18.1,22.81,0.8,0.2489,-0.9685,24.6,25.0,25.0,station
2024-06-17,24.0,23.6,22.7,23.3,23.1,23.5,24.2,23.4,23.3,27.4,23.34,0.49,-1.02,81,85,21.9,14.91,9.0,0.2322,-0.9727,24.9,23.0,23.0,station
2024-06-18,22.4,21.8,19.6,21.2,21.9,23.2,21.5,18.0,22.2,21.9,21.38,1.08,0.02,82,67,24.9,17.95,1.6,0.2155,-0.9765,23.6,24.0,24.0,station
2024-06-19,24.2,25.4,25.8,25.3,25.0,25.2,25.5,26.1,25.2,25.5,25.14,0.6,-0.36,68,47,16.2,25.27,0.1,0.1986,-0.9801,24.6,25.0,25.0,station
2024-06-20,22.4,21.5,19.3,19.9,23.2,25.3,21.2,20.2,28.3,22.2,21.26,1.64,-2.18,81,95,29.0,12.35,17.2,0.1818,-0.9833,23.8,23.0,23.0,station
2024-06-21,20.3,20.4,20.6,20.1,19.8,21.1,20.5,21.6,20.6,20.4,20.24,0.3,-0.6,66,28,24.1,24.41,0.0,0.1648,-0.9863,20.9,22.0,22.0,station
2024-06-22,21.1,22.0,21.6,21.1,21.8,21.5,22.1,21.8,21.7,21.7,21.52,0.41,-0.24,66,24,17.8,25.84,0.0,0.1478,-0.989,21.3,22.0,22.0,station
2024-06-23,20.1,21.6,21.2,21.4,21.3,19.7,21.1,21.6,19.5,21.0,21.12,0.59,0.54,64,77,10.6,22.33,0.0,0.1308,-0.9914,21.4,21.0,21.0,station
2024-06-24,20.1,21.0,20.9,22.0,21.7,20.0,20.8,21.4,21.9,22.1,21.14,0.74,-0.1,66,62,12.8,22.08,0.0,0.1137,-0.9935,20.1,21.0,21.0,station
2024-06-25,21.8,22.7,22.1,22.3,22.5,21.7,22.2,21.8,22.2,23.5,22.28,0.35,0.0,64,71,21.1,26.51,0.6,0.0966,-0.9953,22.0,23.0,23.0,station
2024-06-26,20.8,20.2,22.4,21.7,22.4,21.9,21.3,22.5,22.1,22.6,21.5,0.98,-0.58,60,62,20.3,23.37,0.9,0.0795,-0.9968,21.9,22.0,22.0,station
2024-06-27,24.1,25.8,25.1,26.4,25.3,23.9,25.5,24.9,25.6,26.0,25.34,0.86,0.16,64,21,18.1,26.21,0.0,0.0623,-0.9981,25.1,25.0,25.0,station
2024-06-28,26.7,27.2,27.8,28.1,27.1,26.8,28.1,28.4,29.5,28.0,27.38,0.56,-0.78,64,2,9.4,28.71,0.0,0.0451,-0.999,26.8,28.0,28.0,station
2024-06-29,29.0,29.7,29.6,31.2,30.9,28.4,29.5,29.9,31.3,29.6,30.08,0.93,0.34,62,15,10.5,25.64,0.1,0.028,-0.9996,29.8,30.0,30.0,station
2024-06-30,27.4,29.2,30.0,30.3,30.2,28.6,29.1,29.0,31.1,29.0,29.42,1.21,0.06,67,58,13.4,25.53,1.0,0.0108,-0.9999,28.8,29.0,29.0,station
2024-07-01,29.6,30.4,30.5,31.5,31.2,29.3,30.7,29.2,32.2,31.3,30.64,0.74,0.1,62,75,12.6,23.89,0.0,-0.0065,-1.0,30.1,30.0,30.0,station
2024-07-02,30.0,31.2,30.4,33.3,31.7,30.1,31.2,31.0,33.4,32.5,31.32,1.29,-0.32,60,34,18.7,26.02,0.0,-0.0237,-0.9997,30.0,31.0,31.0,station
2024-07-03,29.9,30.4,30.5,33.6,31.4,30.6,28.7,29.4,33.9,30.1,31.16,1.47,0.62,61,58,27.8,23.98,0.8,-0.0408,-0.9992,30.4,32.0,32.0,station
2024-07-04,32.7,32.9,31.1,34.1,33.6,32.1,32.0,30.1,33.5,33.6,32.88,1.14,0.62,63,55,16.5,26.67,0.0,-0.058,-0.9983,32.4,32.0,32.0,station
2024-07-05,26.8,27.3,30.4,31.0,30.4,28.4,27.6,30.1,31.4,31.2,29.18,1.97,-0.56,76,80,20.5,18.77,9.2,-0.0752,-0.9972,28.2,30.0,30.0,station
2024-07-06,22.4,22.0,22.5,20.9,20.6,22.7,21.8,23.7,21.0,22.0,21.68,0.88,-0.56,67,42,20.3,26.13,1.1,-0.0923,-0.9957,22.1,22.0,22.0,station
2024-07-07,25.9,26.4,25.8,26.2,25.6,25.4,25.7,25.5,25.4,24.7,25.98,0.32,0.64,59,24,9.2,28.27,0.0,-0.1094,-0.994,25.8,26.0,26.0,station
2024-07-08,27.0,28.3,27.1,28.4,28.3,26.9,27.7,27.1,27.5,26.7,27.82,0.7,0.64,62,33,11.0,28.08,0.0,-0.1265,-0.992,27.1,27.0,27.0,station
2024-07-09,28.6,29.2,29.2,31.2,30.0,28.3,29.1,29.1,30.3,30.5,29.64,1.0,0.18,64,23,18.7,26.98,0.0,-0.1436,-0.9896,28.9,30.0,30.0,station
2024-07-10,25.8,26.2,26.3,25.9,25.9,25.8,25.1,26.8,26.0,25.5,26.02,0.22,0.18,61,16,14.3,26.88,0.1,-0.1606,-0.987,25.9,26.0,26.0,station
2024-07-11,26.9,27.4,27.1,27.3,27.7,27.1,27.1,27.0,27.3,27.2,27.28,0.3,0.14,55,32,10.5,27.55,0.0,-0.1775,-0.9841,26.0,26.0,26.0,station
2024-07-12,27.5,28.3,26.8,29.3,28.5,27.5,29.0,27.4,29.1,29.6,28.08,0.96,-0.44,53,22,11.5,27.2,0.0,-0.1944,-0.9809,27.8,28.0,28.0,station
2024-07-13,28.8,28.8,28.9,29.3,29.1,28.9,29.3,28.9,30.3,28.7,28.98,0.22,-0.24,64,57,12.2,22.17,2.2,-0.2113,-0.9774,28.6,29.0,29.0,station
2024-07-14,29.5,29.5,32.1,27.9,27.1,25.6,27.3,27.4,28.7,25.9,29.22,1.92,2.24,72,56,11.4,21.77,1.0,-0.2281,-0.9736,30.1,29.0,29.0,station
2024-07-15,29.0,29.1,30.2,30.0,28.2,29.4,28.9,29.7,29.6,29.4,29.3,0.81,-0.1,75,41,10.0,22.79,0.6,-0.2448,-0.9696,29.1,29.0,29.0,station
2024-07-16,28.1,28.8,29.7,29.7,28.0,28.6,28.3,31.1,28.4,28.4,28.86,0.83,-0.1,72,31,13.5,24.1,0.3,-0.2614,-0.9652,29.0,29.0,29.0,station
2024-07-17,29.8,30.4,30.3,30.5,30.2,29.6,30.4,30.8,30.4,30.5,30.24,0.27,-0.1,65,49,9.4,26.38,0.0,-0.278,-0.9606,29.2,30.0,30.0,station
2024-07-18,29.4,29.1,30.7,30.5,30.3,28.4,29.0,31.0,28.6,26.5,30.0,0.71,1.3,68,72,10.8,20.24,2.5,-0.2945,-0.9557,26.9,25.0,25.0,station
2024-07-19,25.7,24.1,23.5,23.0,23.8,23.4,23.5,27.0,25.3,27.5,24.02,1.02,-1.32,77,77,14.5,14.57,5.4,-0.3109,-0.9505,24.4,25.0,25.0,station
2024-07-20,23.0,23.0,23.0,22.7,23.1,23.8,22.9,22.5,21.7,24.5,22.96,0.15,-0.12,74,37,13.4,21.43,1.3,-0.3272,-0.945,23.2,24.0,24.0,station
2024-07-21,23.7,24.1,21.9,24.4,23.5,23.5,23.2,24.4,22.8,21.4,23.52,0.97,0.46,74,49,11.5,21.23,1.0,-0.3434,-0.9392,24.0,25.0,25.0,station
2024-07-22,21.7,21.1,21.3,20.3,22.7,22.6,20.7,19.1,22.2,23.0,21.42,0.88,-0.1,82,76,17.1,15.66,2.4,-0.3595,-0.9332,22.4,20.0,20.0,station
2024-07-23,22.5,22.5,24.4,23.3,22.8,22.9,22.4,24.7,23.2,22.4,23.1,0.8,-0.02,63,37,14.0,23.52,0.0,-0.3755,-0.9268,23.1,23.0,23.0,station
2024-07-24,24.5,25.2,25.7,25.5,25.9,24.2,25.1,25.9,25.7,26.0,25.36,0.55,-0.02,61,25,10.9,23.03,0.0,-0.3914,-0.9202,25.5,26.0,26.0,station
2024-07-25,24.1,23.7,24.7,23.4,25.3,23.7,23.2,24.3,23.4,26.8,24.24,0.77,-0.04,69,56,14.3,20.64,4.8,-0.4071,-0.9134,24.7,26.0,26.0,station
2024-07-26,23.4,24.3,24.2,25.2,24.2,23.1,23.9,24.2,23.8,24.9,24.26,0.64,0.28,60,34,10.7,23.69,0.0,-0.4228,-0.9062,24.2,24.0,24.0,station
2024-07-27,27.1,27.7,26.7,27.2,26.0,25.8,27.1,25.6,27.8,26.7,26.94,0.63,0.34,57,5,15.5,25.66,0.0,-0.4383,-0.8988,26.7,27.0,27.0,station
2024-07-28,23.5,25.5,27.6,25.1,27.8,25.7,25.4,26.8,23.9,25.7,25.9,1.81,0.4,79,57,21.9,18.51,7.1,-0.4537,-0.8912,25.6,26.0,26.0,station
2024-07-29,20.9,20.4,20.9,19.6,18.1,20.4,19.7,19.4,20.2,19.5,19.98,1.18,0.14,78,86,19.6,13.73,7.3,-0.469,-0.8832,21.4,20.0,20.0,station
2024-07-30,20.8,19.3,20.2,20.5,18.6,20.4,19.3,20.0,20.3,19.2,19.88,0.91,0.04,73,62,18.9,20.88,0.7,-0.4841,-0.875,21.6,20.0,20.0,station
2024-07-31,19.5,19.8,18.4,18.2,19.4,19.9,19.6,20.6,18.2,19.8,19.06,0.71,-0.56,83,69,17.1,14.18,5.8,-0.4991,-0.8666,19.4,21.0,21.0,station
2024-08-01,18.0,18.1,20.1,17.4,18.3,19.7,18.2,21.9,21.5,19.7,18.38,1.02,-1.82,80,67,17.7,17.05,9.0,-0.5139,-0.8578,19.8,20.0,20.0,station
2024-08-02,20.0,20.3,18.9,19.0,20.7,19.7,20.0,20.5,20.6,20.2,19.78,0.8,-0.42,79,49,16.1,17.64,1.8,-0.5286,-0.8489,21.0,21.0,21.0,station
2024-08-03,22.2,22.8,22.6,23.1,21.9,22.6,21.9,21.2,22.2,22.2,22.52,0.48,0.5,79,35,10.8,20.33,0.7,-0.5431,-0.8397,22.3,21.0,21.0,station
2024-08-04,21.6,21.2,24.0,21.4,21.9,21.7,21.7,21.2,22.3,19.5,22.02,1.14,0.74,81,33,13.0,20.12,2.5,-0.5575,-0.8302,23.2,23.0,23.0,station
2024-08-05,23.0,23.5,24.1,24.1,21.0,23.1,23.4,23.6,22.6,21.9,23.14,1.28,0.22,79,24,10.2,19.29,0.3,-0.5717,-0.8205,23.0,24.0,24.0,station
2024-08-06,22.7,23.0,24.6,23.5,20.8,22.6,23.0,24.6,22.5,22.1,22.92,1.39,-0.04,80,82,12.1,18.54,2.1,-0.5857,-0.8105,23.2,23.0,23.0,station
2024-08-07,22.1,21.6,23.9,23.4,22.2,22.7,21.6,25.3,23.3,20.9,22.64,0.97,-0.12,77,72,8.9,18.19,0.1,-0.5996,-0.8003,23.0,23.0,23.0,station
2024-08-08,22.1,20.8,22.2,22.0,19.8,19.5,18.7,20.5,22.0,18.2,21.38,1.05,1.6,81,81,11.9,18.05,1.1,-0.6132,-0.7899,22.9,21.0,21.0,station
2024-08-09,20.2,21.1,22.8,20.4,21.6,21.0,21.0,22.4,22.3,20.4,21.22,1.04,-0.2,81,38,12.7,16.92,0.5,-0.6267,-0.7792,22.1,22.0,22.0,station
2024-08-10,23.0,23.7,24.0,25.1,23.3,22.8,23.4,24.2,24.7,23.1,23.82,0.81,0.18,77,62,11.4,20.65,0.5,-0.64,-0.7683,24.0,24.0,24.0,station
2024-08-11,19.8,18.4,19.7,19.2,17.4,19.8,18.8,19.1,18.6,17.3,18.9,1.0,0.18,80,62,20.0,16.73,8.4,-0.6532,-0.7572,19.1,20.0,20.0,station
2024-08-12,18.2,18.0,15.8,17.3,18.5,17.6,17.5,15.7,17.9,15.8,17.56,1.08,0.66,77,65,22.2,14.86,0.6,-0.6661,-0.7459,18.5,19.0,19.0,station
2024-08-13,18.5,16.7,19.3,17.7,16.2,18.0,17.5,17.9,17.5,17.5,17.68,1.27,0.0,80,55,16.8,15.53,0.3,-0.6788,-0.7343,18.4,19.0,19.0,station
2024-08-14,21.7,21.9,22.1,21.9,20.7,21.4,21.2,21.8,21.4,20.5,21.66,0.55,0.4,70,30,20.6,20.98,0.1,-0.6914,-0.7225,21.3,22.0,22.0,station
2024-08-15,20.8,21.8,21.6,21.9,21.2,20.6,21.7,21.4,21.5,21.4,21.46,0.46,0.14,67,9,17.6,22.0,0.0,-0.7037,-0.7105,20.7,22.0,22.0,station
2024-08-16,22.9,23.5,23.8,24.5,23.3,22.6,23.5,23.0,23.7,22.3,23.6,0.6,0.58,69,44,17.6,21.46,0.0,-0.7158,-0.6983,22.8,23.0,23.0,station
2024-08-17,23.3,24.2,25.0,21.7,24.6,24.9,25.1,25.4,23.0,24.7,23.76,1.31,-0.86,73,71,18.5,13.06,0.2,-0.7277,-0.6859,24.5,25.0,25.0,station
2024-08-18,24.7,26.1,27.3,25.8,24.8,24.6,25.1,26.0,25.7,23.9,25.74,1.06,0.68,77,39,15.1,18.54,0.4,-0.7394,-0.6733,25.8,26.0,26.0,station
2024-08-19,27.1,28.7,28.4,28.8,27.5,25.7,27.8,28.8,27.9,26.3,28.1,0.76,0.8,70,25,10.5,19.96,0.0,-0.7509,-0.6605,27.0,28.0,28.0,station
2024-08-20,23.2,22.7,22.2,23.8,23.9,22.9,22.5,22.2,22.6,23.4,23.16,0.72,0.44,80,76,14.9,14.44,5.1,-0.7621,-0.6474,23.8,23.0,23.0,station
2024-08-21,22.4,24.2,24.2,24.4,22.9,22.3,23.5,24.1,24.3,24.0,23.62,0.91,-0.02,70,14,12.7,20.91,0.0,-0.7731,-0.6342,22.7,23.0,23.0,station
2024-08-22,24.9,24.9,25.6,25.4,24.9,24.2,26.1,25.7,25.5,24.5,25.14,0.34,-0.06,65,45,16.6,17.8,0.2,-0.7839,-0.6208,25.0,25.0,25.0,station
2024-08-23,23.6,21.2,21.5,25.8,21.0,23.1,22.5,23.9,21.8,22.6,22.62,2.06,-0.16,75,70,15.9,12.6,12.8,-0.7945,-0.6073,23.8,24.0,24.0,station
2024-08-24,22.6,21.7,23.3,22.6,22.8,22.4,22.3,24.1,21.9,22.2,22.6,0.58,0.02,76,63,13.7,17.1,0.0,-0.8048,-0.5935,22.4,22.0,22.0,station
2024-08-25,25.8,27.3,27.0,27.6,26.6,25.7,27.6,27.1,25.8,25.5,26.86,0.7,0.52,72,16,10.3,19.17,0.0,-0.8149,-0.5796,26.8,27.0,27.0,station
2024-08-26,27.2,28.8,28.7,28.8,28.8,27.4,28.9,28.6,28.8,27.7,28.46,0.71,0.18,72,6,8.4,18.94,0.0,-0.8248,-0.5655,27.6,28.0,28.0,station
2024-08-27,27.8,29.1,29.1,29.2,29.7,27.4,29.2,28.7,29.2,29.6,28.98,0.7,0.16,68,10,9.3,18.33,0.0,-0.8344,-0.5512,28.0,29.0,29.0,station
2024-08-28,25.4,26.6,26.9,26.8,26.5,25.0,26.1,28.2,27.7,25.5,26.44,0.6,-0.06,75,35,12.7,17.25,0.0,-0.8437,-0.5368,25.3,27.0,27.0,station
2024-08-29,24.5,26.0,26.3,26.4,26.2,24.4,26.1,26.5,26.4,25.3,25.88,0.79,0.14,68,13,10.2,18.61,0.0,-0.8528,-0.5222,24.7,26.0,26.0,station
2024-08-30,23.6,25.7,25.8,25.6,26.3,23.3,26.0,26.0,25.4,27.0,25.4,1.04,-0.14,70,0,10.5,18.76,0.0,-0.8617,-0.5074,24.3,25.0,25.0,station
2024-08-31,25.7,27.3,26.9,26.5,27.2,24.9,27.5,27.7,26.9,27.0,26.72,0.65,-0.08,69,19,10.2,18.62,0.0,-0.8703,-0.4925,26.3,27.0,27.0,station
2024-09-01,28.0,29.6,29.0,28.8,29.0,27.5,29.9,30.2,28.4,29.8,28.88,0.58,-0.28,62,90,15.1,16.37,0.0,-0.8786,-0.4775,28.5,30.0,30.0,station
2024-09-02,25.7,27.2,27.2,26.4,26.7,25.0,27.4,27.5,26.4,26.5,26.64,0.63,0.08,54,1,14.3,18.34,0.0,-0.8867,-0.4623,26.2,27.0,27.0,station
2024-09-03,25.2,27.3,26.7,26.9,27.2,25.2,27.2,26.8,26.9,26.2,26.66,0.85,0.2,59,1,10.4,18.19,0.0,-0.8945,-0.447,25.1,26.0,26.0,station
2024-09-04,22.1,22.3,24.1,22.4,23.6,21.4,24.0,24.0,23.0,24.0,22.9,0.89,-0.38,72,25,15.8,13.93,0.1,-0.9021,-0.4315,21.5,23.0,23.0,station
2024-09-05,19.4,20.3,21.1,20.5,19.8,19.7,20.5,21.5,20.2,21.4,20.22,0.65,-0.44,66,0,15.5,17.93,0.0,-0.9094,-0.4159,19.9,21.0,21.0,station
2024-09-06,21.2,22.5,22.5,22.8,22.6,21.1,22.5,22.2,22.3,21.9,22.32,0.64,0.32,67,0,8.3,17.65,0.0,-0.9164,-0.4002,21.9,23.0,23.0,station
2024-09-07,23.1,24.2,24.3,24.0,24.1,22.9,24.3,24.1,24.1,23.2,23.94,0.48,0.22,66,0,8.5,17.38,0.0,-0.9232,-0.3844,23.4,25.0,25.0,station
2024-09-08,23.9,25.4,25.0,25.2,25.8,23.5,25.3,25.1,25.0,25.3,25.06,0.71,0.22,62,0,9.6,17.07,0.0,-0.9296,-0.3685,24.1,25.0,25.0,station
2024-09-09,24.9,26.1,26.1,26.0,26.6,24.8,26.3,26.7,25.6,26.9,25.94,0.63,-0.12,64,47,11.9,16.53,0.0,-0.9358,-0.3524,24.7,26.0,26.0,station
2024-09-10,25.3,25.7,27.2,26.3,27.0,25.2,25.8,26.4,26.2,26.5,26.3,0.82,0.28,64,37,18.6,14.97,0.1,-0.9418,-0.3363,25.0,26.0,26.0,station
2024-09-11,24.1,24.8,27.0,24.2,24.6,23.7,24.4,26.9,23.9,25.9,24.94,1.19,-0.02,63,36,17.0,15.44,0.0,-0.9474,-0.32,24.3,25.0,25.0,station
2024-09-12,25.2,25.7,28.7,23.8,24.9,24.1,26.4,24.8,23.3,26.1,25.66,1.84,0.72,53,96,21.6,11.16,0.0,-0.9528,-0.3037,24.6,25.0,25.0,station
2024-09-13,25.2,26.4,27.5,26.1,25.4,25.6,26.6,28.5,25.9,25.0,26.12,0.91,-0.2,44,55,22.4,15.56,0.0,-0.9579,-0.2873,25.5,27.0,27.0,station
2024-09-14,24.3,25.5,25.8,24.8,23.6,23.9,25.2,25.2,23.3,23.2,24.8,0.89,0.64,53,54,16.3,15.49,0.0,-0.9627,-0.2707,24.1,25.0,25.0,station
2024-09-15,24.9,26.9,27.0,25.9,26.0,24.6,26.4,27.0,24.9,24.6,26.14,0.86,0.64,48,44,15.2,15.37,0.0,-0.9672,-0.2541,24.9,26.0,26.0,station
2024-09-16,23.5,25.6,25.2,25.2,25.2,23.5,25.6,25.3,25.0,25.6,24.94,0.82,-0.06,59,5,13.5,15.46,0.0,-0.9714,-0.2375,23.6,25.0,25.0,station
2024-09-17,23.9,25.2,25.1,25.0,25.1,23.8,25.3,25.5,24.9,24.7,24.86,0.54,0.02,66,7,10.0,14.77,0.0,-0.9753,-0.2207,23.9,25.0,25.0,station
2024-09-18,23.3,24.3,24.4,24.2,25.0,23.0,24.6,24.3,24.3,24.7,24.24,0.61,0.06,62,0,9.5,15.01,0.0,-0.979,-0.2039,23.1,24.0,24.0,station
2024-09-19,21.5,22.2,21.9,22.1,23.2,22.0,21.8,22.0,21.7,23.6,22.18,0.63,-0.04,68,71,16.4,11.68,0.0,-0.9824,-0.187,21.3,23.0,23.0,station
2024-09-20,19.5,20.1,21.8,20.8,21.1,20.2,19.9,21.4,20.8,21.4,20.66,0.89,-0.08,72,44,11.5,14.21,0.0,-0.9854,-0.1701,19.8,20.0,20.0,station
2024-09-21,20.4,21.0,22.1,22.2,21.6,20.4,21.3,21.9,21.7,21.1,21.46,0.76,0.18,75,59,17.0,13.78,0.0,-0.9882,-0.1531,20.9,22.0,22.0,station
2024-09-22,14.3,14.6,14.0,14.0,14.4,13.4,14.5,14.0,13.6,13.6,14.26,0.26,0.44,66,3,12.5,14.41,0.0,-0.9907,-0.1361,13.6,14.0,14.0,station
2024-09-23,14.4,15.9,15.8,15.7,15.4,13.7,15.9,15.8,15.1,15.5,15.44,0.61,0.24,66,17,8.0,14.1,0.0,-0.9929,-0.1191,14.7,16.0,16.0,station
2024-09-24,18.1,20.1,19.7,19.5,19.3,18.2,20.2,19.6,20.1,18.6,19.34,0.75,0.0,61,64,14.8,12.83,0.0,-0.9948,-0.102,18.3,20.0,20.0,station
2024-09-25,21.2,24.5,23.6,23.2,22.7,21.6,25.1,24.4,23.2,22.7,23.04,1.22,-0.36,54,31,18.7,13.35,0.0,-0.9964,-0.0848,21.5,24.0,24.0,station
2024-09-26,19.3,21.3,21.6,21.2,20.4,19.6,22.3,23.0,22.0,21.3,20.76,0.93,-0.88,41,96,20.7,10.16,0.0,-0.9977,-0.0677,19.9,22.0,22.0,station
2024-09-27,17.6,18.0,22.1,20.1,21.4,19.3,19.5,22.6,20.2,22.8,19.84,2.0,-1.04,62,92,31.0,2.46,5.0,-0.9987,-0.0505,17.7,20.0,20.0,station
2024-09-28,23.0,22.6,25.3,20.4,20.5,21.6,19.1,24.6,21.7,21.8,22.36,2.03,0.6,79,90,31.7,8.37,5.3,-0.9994,-0.0333,22.6,23.0,23.0,station
2024-09-29,20.1,19.6,21.1,18.2,17.3,20.8,18.3,23.6,17.9,18.6,19.26,1.51,-0.58,80,99,20.4,9.08,8.4,-0.9999,-0.0161,20.0,20.0,20.0,station
2024-09-30,12.7,12.9,12.7,11.9,11.2,12.6,13.3,12.1,11.5,10.3,12.28,0.72,0.32,77,100,22.0,5.91,0.0,-1.0,0.0011,12.5,13.0,13.0,station
2024-10-01,17.5,19.1,19.4,15.3,18.9,16.4,19.6,17.2,13.2,16.7,18.04,1.7,1.42,72,18,22.4,12.2,0.0,-0.9998,0.0183,17.3,17.0,17.0,station
2024-10-02,18.9,21.6,20.5,20.5,19.5,18.3,21.9,21.0,18.9,20.5,20.2,1.04,0.08,61,43,14.3,11.57,0.0,-0.9994,0.0355,18.9,20.0,20.0,station
2024-10-03,20.3,23.0,21.0,21.6,21.0,19.5,23.1,21.7,22.0,20.3,21.38,1.02,0.06,55,38,12.1,11.7,0.0,-0.9986,0.0527,19.9,22.0,22.0,station
2024-10-04,12.4,11.1,14.9,12.7,14.5,12.6,12.1,13.4,14.3,14.9,13.12,1.57,-0.34,74,100,15.9,1.36,9.4,-0.9976,0.0698,12.7,13.0,13.0,station
2024-10-05,12.2,11.7,14.2,11.8,12.9,12.6,11.6,13.3,11.8,13.7,12.56,1.03,-0.04,86,97,10.8,6.28,0.5,-0.9962,0.087,12.4,11.0,11.0,station
2024-10-06,11.1,9.9,11.6,10.8,12.8,12.2,10.3,12.4,9.7,11.5,11.24,1.07,0.02,85,95,18.9,7.32,10.1,-0.9946,0.1041,11.3,11.0,11.0,station
2024-10-07,16.8,17.0,16.6,16.2,18.5,18.0,16.5,16.0,15.9,17.8,17.02,0.88,0.18,93,100,18.1,4.24,10.9,-0.9926,0.1212,18.6,17.0,17.0,station
2024-10-08,13.1,12.6,14.2,12.5,12.5,13.6,13.1,14.9,13.9,13.4,12.98,0.73,-0.8,94,100,15.6,3.23,8.5,-0.9904,0.1383,14.1,14.0,14.0,station
2024-10-09,10.0,9.8,9.3,8.6,8.5,10.1,9.4,10.3,7.4,7.3,9.24,0.68,0.34,86,100,14.1,2.56,0.6,-0.9879,0.1553,11.9,11.0,11.0,station
2024-10-10,10.3,8.6,12.1,9.5,8.8,11.0,10.1,12.6,9.3,8.5,9.86,1.42,-0.44,80,100,16.4,4.55,0.0,-0.9851,0.1722,10.8,8.0,8.0,station
2024-10-11,15.1,13.7,15.7,12.9,15.2,15.4,13.1,15.3,12.5,15.2,14.52,1.17,0.22,82,8,19.6,9.63,0.0,-0.9819,0.1892,14.9,12.0,12.0,station
2024-10-12,14.0,13.3,13.4,10.7,15.2,15.2,13.0,14.1,11.0,14.7,13.32,1.65,-0.28,76,82,21.6,8.81,0.0,-0.9785,0.206,14.2,14.0,14.0,station
2024-10-13,8.7,7.2,9.5,7.4,10.3,10.4,7.5,9.3,6.5,11.3,8.62,1.33,-0.38,66,100,23.0,4.99,0.0,-0.9749,0.2228,8.6,7.0,7.0,station
2024-10-14,5.2,4.4,5.7,3.9,5.0,6.3,4.3,7.1,3.6,6.0,4.84,0.7,-0.62,72,100,24.4,1.23,9.1,-0.9709,0.2396,5.9,6.0,6.0,station
2024-10-15,7.7,7.0,4.8,6.3,7.7,8.8,7.4,6.1,7.0,6.8,6.7,1.21,-0.52,89,98,15.9,4.69,1.5,-0.9666,0.2562,8.3,6.0,6.0,station
2024-10-16,7.1,6.9,8.3,6.4,6.1,7.4,6.7,7.4,6.9,5.9,6.96,0.85,0.1,85,92,17.1,2.74,2.5,-0.9621,0.2728,6.3,7.0,7.0,station
2024-10-17,7.1,6.3,7.0,5.7,6.4,7.4,6.1,6.8,5.0,6.3,6.5,0.57,0.18,87,24,10.4,7.78,0.0,-0.9572,0.2893,7.3,7.0,7.0,station
2024-10-18,7.5,6.6,7.6,6.1,5.3,7.5,6.8,7.1,6.7,5.6,6.62,0.97,-0.12,84,16,8.9,8.24,0.0,-0.9521,0.3057,7.7,6.0,6.0,station
2024-10-19,7.6,8.1,8.1,6.5,6.3,8.0,8.0,8.1,5.8,6.6,7.32,0.87,0.02,83,47,9.6,8.27,0.0,-0.9467,0.3221,7.6,9.0,9.0,station
2024-10-20,10.1,11.8,10.6,10.6,10.1,9.1,10.5,10.2,9.2,8.7,10.64,0.69,1.1,79,42,13.6,8.02,0.0,-0.941,0.3383,10.6,13.0,13.0,station
2024-10-21,11.8,14.8,11.7,13.3,11.9,12.5,14.3,12.3,12.6,11.0,12.7,1.34,0.16,70,51,13.8,7.9,0.0,-0.9351,0.3545,11.9,15.0,15.0,station
2024-10-22,10.9,12.7,11.9,10.2,12.6,10.0,11.7,11.1,9.3,12.2,11.66,1.09,0.8,68,72,17.3,5.81,0.0,-0.9288,0.3705,10.3,11.0,11.0,station
2024-10-23,10.7,11.2,10.8,11.1,11.9,11.0,11.9,12.1,11.3,9.9,11.14,0.47,-0.1,84,66,24.8,2.58,3.4,-0.9223,0.3864,11.1,12.0,12.0,station
2024-10-24,8.8,8.1,8.5,8.7,9.1,8.8,8.4,8.7,9.2,9.2,8.64,0.37,-0.22,79,79,23.8,3.49,1.9,-0.9155,0.4022,8.6,9.0,9.0,station
2024-10-25,6.9,7.2,7.6,7.0,7.1,7.6,7.4,7.4,7.8,6.5,7.16,0.27,-0.18,83,70,17.6,3.34,0.3,-0.9085,0.4179,6.8,7.0,7.0,station
2024-10-26,8.8,7.5,6.1,7.2,9.2,7.4,7.7,7.2,6.1,9.2,7.76,1.25,0.24,89,45,12.7,2.76,0.0,-0.9012,0.4335,8.2,8.0,8.0,station
2024-10-27,8.3,7.8,8.8,8.2,8.9,9.0,7.5,8.1,8.0,7.9,8.4,0.45,0.3,93,74,10.1,2.31,0.0,-0.8936,0.4489,8.2,8.0,8.0,station
2024-10-28,8.3,7.9,9.2,7.5,8.7,7.7,7.4,10.3,7.6,9.3,8.32,0.66,-0.14,93,82,12.6,2.14,2.1,-0.8857,0.4642,8.7,8.0,8.0,station
2024-10-29,7.8,7.3,7.8,7.4,8.0,7.4,7.4,7.4,6.9,7.1,7.66,0.3,0.42,92,70,19.7,3.04,1.2,-0.8776,0.4794,7.9,8.0,8.0,station
2024-10-30,8.6,7.7,8.3,7.7,8.2,8.0,7.9,8.8,7.8,7.2,8.1,0.39,0.16,91,96,28.0,3.14,5.4,-0.8692,0.4944,8.6,9.0,9.0,station
2024-10-31,8.5,6.8,8.7,6.8,8.0,6.9,6.2,8.6,8.1,6.6,7.76,0.91,0.48,69,56,27.5,4.68,1.4,-0.8606,0.5093,6.8,6.0,6.0,station
2024-11-01,9.4,9.3,10.5,9.9,9.4,9.5,9.0,10.0,8.7,9.0,9.7,0.5,0.46,91,97,33.3,0.81,13.7,-0.8517,0.524,9.8,11.0,11.0,station
2024-11-02,8.8,6.5,9.8,8.1,9.1,7.8,5.3,8.4,1.3,7.8,8.46,1.25,2.34,78,62,35.5,5.46,9.9,-0.8426,0.5386,7.8,8.0,8.0,station
2024-11-03,1.2,0.9,1.2,0.4,0.2,0.7,1.1,0.5,0.2,-0.0,0.78,0.46,0.28,72,99,23.3,2.04,0.3,-0.8332,0.553,1.0,1.0,1.0,station
2024-11-04,-0.1,-0.4,-0.1,-0.4,-0.8,-0.0,-0.6,0.1,-0.8,-1.2,-0.36,0.29,0.14,85,98,26.9,1.31,8.0,-0.8235,0.5672,0.1,0.0,0.0,station
2024-11-05,-0.8,-0.1,-0.5,-1.2,-0.8,-1.5,-0.1,-0.7,-1.0,-0.7,-0.68,0.41,0.12,83,99,18.8,2.53,0.6,-0.8137,0.5813,-1.1,-1.0,-1.0,station
2024-11-06,3.9,5.1,4.5,2.9,5.0,4.3,4.8,4.5,3.1,4.7,4.28,0.91,0.0,94,93,18.7,1.97,2.4,-0.8035,0.5952,3.8,4.0,4.0,station
2024-11-07,5.2,5.7,4.7,4.9,4.2,4.5,6.1,5.1,3.9,4.5,4.94,0.56,0.12,94,100,18.4,1.94,0.1,-0.7932,0.609,4.9,5.0,5.0,station
2024-11-08,4.8,5.2,4.9,4.8,4.7,4.5,5.5,5.5,4.0,3.7,4.88,0.19,0.24,88,98,19.2,1.71,0.5,-0.7826,0.6225,4.7,5.0,5.0,station
2024-11-09,6.7,6.3,7.7,5.5,8.0,7.0,6.0,7.6,5.1,7.7,6.84,1.02,0.16,89,49,21.5,4.08,0.0,-0.7718,0.6359,6.6,6.0,6.0,station
2024-11-10,5.5,5.2,6.4,5.6,4.9,5.6,4.9,6.1,5.3,5.1,5.52,0.56,0.12,82,99,15.4,1.87,0.0,-0.7607,0.6491,5.1,5.0,5.0,station
2024-11-11,1.2,1.8,1.8,1.6,1.0,1.3,1.8,1.6,0.2,0.7,1.48,0.36,0.36,75,99,9.4,2.2,0.0,-0.7494,0.6621,1.1,0.0,0.0,station
2024-11-12,0.8,0.3,2.5,0.0,0.5,1.6,1.5,2.6,1.3,1.1,0.82,0.98,-0.8,78,100,13.7,2.42,0.0,-0.7379,0.6749,0.6,0.0,0.0,station
2024-11-13,2.3,0.9,2.8,1.5,1.0,2.8,1.5,3.3,1.9,0.2,1.7,0.83,-0.24,87,100,11.9,1.53,0.0,-0.7262,0.6875,1.7,2.0,2.0,station
2024-11-14,0.7,-0.3,0.9,0.4,-1.0,1.1,0.5,1.1,0.7,-1.8,0.14,0.78,-0.18,80,100,12.8,1.07,0.3,-0.7143,0.6998,0.5,0.0,0.0,station
2024-11-15,0.8,1.0,0.9,0.6,1.0,0.9,0.5,0.6,0.7,0.3,0.86,0.17,0.26,88,99,14.5,1.07,2.5,-0.7021,0.712,0.7,0.0,0.0,station
2024-11-16,5.2,4.3,3.9,4.0,3.6,4.0,4.0,4.1,2.8,3.1,4.2,0.61,0.6,91,100,19.0,1.26,0.6,-0.6898,0.724,4.8,5.0,5.0,station
2024-11-17,6.3,5.4,6.3,5.7,5.7,6.0,5.5,6.0,5.6,4.5,5.88,0.4,0.36,91,100,20.7,0.88,1.1,-0.6772,0.7358,5.8,5.0,5.0,station
2024-11-18,4.3,4.0,4.6,3.3,3.9,4.1,3.8,3.9,3.9,3.6,4.02,0.49,0.16,84,92,21.5,1.2,0.7,-0.6645,0.7473,4.1,4.0,4.0,station
2024-11-19,3.2,2.9,3.3,2.3,2.3,2.8,2.5,3.4,2.0,2.4,2.8,0.48,0.18,81,81,16.7,1.49,0.2,-0.6515,0.7586,3.1,3.0,3.0,station
2024-11-20,6.3,5.8,4.7,3.7,5.6,6.1,5.4,4.7,4.6,5.5,5.22,1.03,-0.04,81,95,26.5,1.45,2.4,-0.6384,0.7697,6.2,6.0,6.0,station
2024-11-21,8.6,7.9,9.3,7.4,8.5,8.3,7.4,8.8,6.6,8.7,8.34,0.72,0.38,91,100,37.5,0.41,17.8,-0.625,0.7806,7.9,9.0,9.0,station
2024-11-22,1.1,4.3,1.4,1.0,0.3,0.8,3.4,1.7,0.6,0.3,1.62,1.55,0.26,78,90,25.0,2.16,0.6,-0.6115,0.7912,1.3,1.0,1.0,station
2024-11-23,0.5,0.5,0.6,-0.0,0.5,1.1,0.3,0.6,-0.0,1.0,0.42,0.24,-0.18,90,100,21.8,0.6,15.5,-0.5978,0.8016,0.5,0.0,0.0,station
2024-11-24,-0.3,-0.9,-0.9,-1.0,-0.7,-1.3,-0.5,-1.1,-1.5,-0.5,-0.76,0.28,0.22,90,96,16.7,1.56,0.8,-0.584,0.8118,-0.5,0.0,0.0,station
2024-11-25,-2.6,-3.4,-1.7,-2.8,-2.9,-2.4,-2.5,-1.3,-2.7,-3.2,-2.68,0.62,-0.26,90,98,14.5,2.11,0.0,-0.5699,0.8217,-2.8,-3.0,-3.0,station
2024-11-26,-0.2,-0.1,0.7,-0.6,-1.2,-0.6,-1.9,0.8,-1.4,-1.1,-0.28,0.7,0.56,85,55,14.6,2.55,0.0,-0.5557,0.8314,-0.6,1.0,1.0,station
2024-11-27,-1.5,-2.2,-0.3,-1.9,-4.5,-1.5,-2.8,-0.0,-1.4,-4.9,-2.08,1.53,0.04,92,83,11.9,0.88,0.0,-0.5413,0.8408,-1.5,-3.0,-3.0,station
2024-11-28,-1.5,-2.3,-0.8,-1.5,0.2,-1.1,-1.4,0.1,-1.4,0.4,-1.18,0.94,-0.5,93,100,8.3,1.05,2.2,-0.5268,0.85,-2.0,-2.0,-2.0,station
2024-11-29,1.1,0.4,0.8,0.1,0.2,0.9,0.6,0.8,0.3,0.5,0.52,0.42,-0.1,96,92,9.7,1.14,0.5,-0.5121,0.859,1.2,1.0,1.0,station
2024-11-30,0.6,0.7,0.9,0.4,0.4,0.8,0.9,1.0,0.2,-0.3,0.6,0.21,0.08,95,100,14.0,0.91,0.0,-0.4972,0.8676,0.4,1.0,1.0,station
2024-12-01,1.6,2.4,2.0,1.2,1.6,1.3,2.1,1.9,1.0,1.5,1.76,0.46,0.2,93,100,14.8,1.14,0.1,-0.4822,0.8761,1.8,1.0,1.0,station
2024-12-02,0.7,0.9,1.9,0.1,-0.1,0.9,1.2,2.4,0.1,-0.3,0.7,0.79,-0.16,95,96,15.2,1.25,0.0,-0.4671,0.8842,-0.3,0.0,0.0,station
2024-12-03,1.3,1.3,1.7,1.4,1.2,1.2,1.2,1.4,0.5,0.5,1.38,0.19,0.42,96,100,14.0,0.75,0.0,-0.4518,0.8921,1.0,0.0,0.0,station
2024-12-04,-0.2,0.5,-0.3,0.5,-1.1,-0.4,-0.1,-1.1,-0.2,-0.5,-0.12,0.66,0.34,91,98,14.8,0.37,0.7,-0.4364,0.8998,0.1,0.0,0.0,station
2024-12-05,-4.5,-3.9,-3.6,-3.8,-5.7,-4.9,-2.4,-3.4,-1.9,-6.5,-4.3,0.85,-0.48,85,100,12.6,1.76,0.0,-0.4208,0.9071,-4.2,-3.0,-3.0,station
2024-12-06,-4.5,-4.0,-5.5,-5.1,-5.6,-4.5,-3.7,-5.0,-5.6,-8.2,-4.94,0.68,0.46,85,100,18.6,0.76,0.2,-0.4052,0.9142,-4.5,-4.0,-4.0,station
2024-12-07,-1.3,-2.0,-1.9,-2.8,-2.7,-1.3,-2.2,-2.4,-2.8,-3.3,-2.14,0.62,0.26,89,100,19.0,0.74,8.4,-0.3894,0.9211,-1.7,-2.0,-2.0,station
2024-12-08,-1.3,-1.8,-1.5,-1.8,-2.5,-1.2,-1.9,-1.2,-1.2,-2.8,-1.78,0.45,-0.12,92,100,15.8,0.68,7.5,-0.3735,0.9276,-1.9,-2.0,-2.0,station
2024-12-09,-0.8,-1.6,-0.4,-0.7,-1.6,-0.3,-0.3,-0.1,-0.4,-2.7,-1.02,0.55,-0.26,94,100,9.0,0.63,1.2,-0.3575,0.9339,-1.4,-1.0,-1.0,station
2024-12-10,-1.8,-1.9,-2.3,-2.8,-3.1,-1.7,-1.2,-1.2,-1.6,-4.7,-2.38,0.56,-0.3,93,100,10.5,1.42,0.0,-0.3413,0.9399,-2.7,-2.0,-2.0,station
2024-12-11,-1.6,-2.0,-0.5,-2.5,-1.6,-1.8,-1.6,-0.5,-1.1,-2.2,-1.64,0.74,-0.2,94,100,13.1,0.99,0.1,-0.3251,0.9457,-1.4,-3.0,-3.0,station
2024-12-12,-1.5,-1.8,-3.1,-2.9,-1.5,-1.7,-1.6,-3.2,-1.8,-2.2,-2.16,0.78,-0.06,88,100,19.2,1.09,2.0,-0.3088,0.9511,-1.3,-2.0,-2.0,station
2024-12-13,-5.6,-5.7,-5.5,-5.5,-5.9,-5.8,-5.0,-6.5,-5.6,-6.2,-5.64,0.17,0.18,83,91,22.3,1.34,0.3,-0.2924,0.9563,-5.9,-5.0,-5.0,station
2024-12-14,-4.0,-4.9,-4.3,-6.2,-4.8,-4.2,-4.6,-4.4,-5.8,-4.2,-4.84,0.84,-0.2,89,96,16.5,0.76,3.2,-0.2759,0.9612,-4.3,-5.0,-5.0,station
2024-12-15,-1.9,-2.8,-3.6,-4.4,-2.8,-1.9,-2.6,-3.4,-5.4,-4.5,-3.1,0.94,0.46,89,100,18.1,0.83,3.4,-0.2593,0.9658,-2.3,-3.0,-3.0,station
2024-12-16,-0.0,-0.4,1.0,-0.8,-1.5,0.9,0.9,-0.6,0.4,-0.5,-0.34,0.93,-0.56,90,100,25.1,0.98,3.4,-0.2427,0.9701,0.0,0.0,0.0,station
2024-12-17,-0.4,0.2,-1.1,-0.9,-0.7,-0.2,0.6,-0.4,-0.7,-0.3,-0.58,0.51,-0.38,83,90,22.5,1.37,1.9,-0.226,0.9741,-0.5,1.0,1.0,station
2024-12-18,-8.9,-5.5,-5.1,-7.8,-2.6,-3.2,-5.7,-1.8,-7.4,-5.6,-5.98,2.46,-1.24,82,100,22.0,1.51,0.2,-0.2092,0.9779,-8.6,-8.0,-8.0,station
2024-12-19,-2.6,-4.9,-3.0,-4.9,-4.5,-1.6,-4.4,-2.2,-6.7,-7.3,-3.98,1.1,0.46,85,100,19.8,1.2,1.9,-0.1923,0.9813,-3.1,-5.0,-5.0,station
2024-12-20,2.2,2.6,2.2,1.6,3.8,2.2,2.4,2.0,1.6,3.3,2.48,0.82,0.18,93,100,19.2,1.16,0.8,-0.1754,0.9845,2.6,3.0,3.0,station
2024-12-21,1.3,2.4,1.2,0.9,2.3,1.2,2.2,1.0,0.9,2.0,1.62,0.68,0.16,89,71,18.4,1.67,1.0,-0.1585,0.9874,1.5,2.0,2.0,station
2024-12-22,-2.4,-1.2,-3.0,-2.7,-3.0,-3.4,-1.1,-2.7,-2.3,-3.3,-2.46,0.75,0.1,89,81,14.2,1.63,0.0,-0.1414,0.9899,-3.0,-3.0,-3.0,station
2024-12-23,-0.2,-0.6,-1.1,-0.9,-0.9,0.1,0.4,-0.8,-0.9,-0.5,-0.74,0.35,-0.4,92,100,10.2,0.89,0.0,-0.1244,0.9922,-1.2,-1.0,-1.0,station
2024-12-24,0.5,-0.1,0.1,-0.1,-0.1,0.5,0.3,0.2,-0.1,-0.7,0.06,0.26,0.02,98,100,7.3,0.63,0.4,-0.1073,0.9942,0.4,0.0,0.0,station
2024-12-25,-0.3,-0.5,0.2,-0.8,-1.6,0.5,-0.2,-0.1,-0.3,-0.8,-0.6,0.67,-0.42,94,100,13.4,1.01,2.2,-0.0902,0.9959,-0.6,0.0,0.0,station
2024-12-26,0.5,0.6,0.8,0.1,-0.2,-0.3,0.2,-1.6,-0.7,-2.8,0.36,0.4,1.4,94,100,13.1,1.08,0.1,-0.073,0.9973,0.6,0.0,0.0,station
2024-12-27,1.4,1.5,1.3,0.6,2.7,1.3,1.8,0.8,0.6,2.5,1.5,0.76,0.1,96,100,13.1,0.64,0.1,-0.0559,0.9984,1.3,1.0,1.0,station
2024-12-28,0.4,0.4,-0.4,-0.0,-0.7,0.6,0.7,0.3,-0.0,-0.7,-0.06,0.49,-0.24,98,100,7.4,0.73,0.0,-0.0387,0.9993,-0.1,0.0,0.0,station
2024-12-29,0.3,0.5,0.8,-0.0,0.4,0.4,1.0,1.1,0.4,0.2,0.4,0.29,-0.22,97,100,13.8,0.93,0.0,-0.0215,0.9998,-0.1,0.0,0.0,station
2024-12-30,1.4,1.6,2.4,0.9,1.5,1.5,2.0,2.4,0.8,0.7,1.56,0.54,0.08,95,100,25.3,0.68,0.3,-0.0043,1.0,1.7,1.0,1.0,station
2024-12-31,1.3,1.1,1.3,0.7,1.5,0.8,1.6,2.4,-0.0,1.7,1.18,0.3,-0.12,93,89,17.8,0.59,5.0,0.0129,0.9999,1.4,,,
2025-01-01,0.6,0.7,1.1,0.7,0.1,0.5,0.2,1.7,0.5,-0.6,0.64,0.36,0.18,90,92,22.3,0.74,4.2,0.0172,0.9999,1.3,1.0,1.0,station
2025-01-02,2.0,3.4,3.1,1.6,2.2,2.4,3.3,3.4,1.1,1.8,2.46,0.76,0.06,89,100,30.0,0.98,1.6,0.0344,0.9994,3.0,3.0,3.0,station
2025-01-03,1.1,2.6,0.9,0.8,1.5,0.4,2.1,0.5,0.8,1.6,1.38,0.73,0.3,87,73,19.7,2.2,3.1,0.0516,0.9987,1.2,2.0,2.0,station
2025-01-04,-3.1,-2.9,-2.5,-3.6,-4.2,-3.1,-3.1,-2.8,-3.2,-4.6,-3.26,0.66,0.1,87,98,11.9,1.85,0.7,0.0688,0.9976,-3.5,-4.0,-4.0,station
2025-01-05,-4.5,-3.8,-4.2,-4.4,-4.7,-4.4,-4.1,-4.1,-4.3,-4.1,-4.32,0.34,-0.12,86,93,17.4,1.25,0.6,0.0859,0.9963,-4.2,-3.0,-3.0,station
2025-01-06,-3.9,-4.7,-4.9,-5.4,-5.7,-4.2,-5.4,-4.6,-5.1,-6.0,-4.92,0.69,0.14,85,95,15.2,1.4,0.0,0.103,0.9947,-4.5,-5.0,-5.0,station
2025-01-07,1.2,1.7,1.5,0.7,3.1,1.3,1.5,1.6,0.5,2.8,1.64,0.9,0.1,91,100,16.6,0.73,5.6,0.1201,0.9928,1.6,2.0,2.0,station
2025-01-08,2.5,3.8,3.5,2.4,3.8,2.4,3.0,3.1,1.9,3.8,3.2,0.7,0.36,94,100,21.5,1.18,0.9,0.1372,0.9905,3.2,3.0,3.0,station
2025-01-09,-0.0,1.1,0.1,0.4,0.5,-0.1,1.6,0.9,0.5,0.7,0.42,0.43,-0.3,87,100,16.2,1.35,0.0,0.1542,0.988,0.2,1.0,1.0,station
2025-01-10,2.4,4.1,2.6,1.3,3.3,2.1,3.4,2.3,1.5,3.7,2.74,1.05,0.14,94,100,17.1,0.53,2.4,0.1712,0.9852,2.1,2.0,2.0,station
2025-01-11,3.9,4.8,4.4,3.2,6.1,3.8,4.6,3.6,3.3,6.5,4.48,1.08,0.12,99,100,18.5,0.5,5.4,0.1881,0.9821,3.6,4.0,4.0,station
2025-01-12,-0.1,0.7,-0.6,0.2,-1.1,-0.3,0.5,-0.5,-0.4,-1.9,-0.18,0.7,0.34,80,92,14.5,1.58,0.0,0.205,0.9788,-0.1,0.0,0.0,station
2025-01-13,-1.6,-1.9,-1.5,-2.0,-3.0,-1.1,-2.9,-1.9,-1.9,-2.7,-2.0,0.6,0.1,85,97,14.3,1.32,0.6,0.2218,0.9751,-1.7,-2.0,-2.0,station
2025-01-14,-0.9,-1.7,-2.0,-3.1,-2.3,-1.6,-2.5,-2.2,-3.8,-2.1,-2.0,0.81,0.44,89,99,19.4,0.48,2.2,0.2385,0.9711,-1.5,-2.0,-2.0,station
2025-01-15,1.4,1.7,0.8,0.4,2.6,1.4,1.5,1.0,0.3,2.7,1.38,0.85,0.0,92,100,16.4,0.91,0.1,0.2552,0.9669,1.6,1.0,1.0,station
2025-01-16,1.1,1.4,1.4,0.4,1.2,1.2,1.6,1.4,0.5,-0.1,1.1,0.41,0.18,91,100,18.4,0.6,3.0,0.2718,0.9624,1.2,1.0,1.0,station
2025-01-17,2.6,3.2,2.9,2.0,3.9,2.3,3.0,2.5,1.8,3.8,2.92,0.7,0.24,94,100,21.5,1.02,0.1,0.2883,0.9575,2.8,3.0,3.0,station
2025-01-18,1.8,2.4,1.5,2.2,2.5,2.2,2.5,1.6,1.8,2.1,2.08,0.42,0.04,96,100,21.6,0.62,1.7,0.3047,0.9524,1.7,2.0,2.0,station
2025-01-19,0.6,1.1,-0.2,-0.1,0.6,0.1,1.3,-0.3,0.0,0.1,0.4,0.54,0.16,76,51,21.8,3.68,0.0,0.3211,0.9471,0.9,1.0,1.0,station
2025-01-20,1.6,2.2,2.4,0.8,1.7,1.7,2.1,2.0,1.5,1.6,1.74,0.62,-0.04,82,92,21.7,1.29,0.0,0.3373,0.9414,1.7,2.0,2.0,station
2025-01-21,-3.3,-3.0,-3.9,-3.4,-4.2,-4.4,-3.7,-3.0,-1.5,-2.6,-3.56,0.48,-0.52,51,82,13.6,3.72,0.0,0.3534,0.9355,-2.7,-1.0,-1.0,station
2025-01-22,-2.0,-2.5,-2.7,-4.5,-5.4,-3.0,-2.7,-3.0,-4.0,-7.1,-3.42,1.45,0.54,63,100,19.2,0.86,1.4,0.3695,0.9292,-2.2,-2.0,-2.0,station
2025-01-23,-1.7,-2.5,-1.7,-3.4,-3.4,-1.7,-2.7,-1.4,-3.2,-4.2,-2.54,0.85,0.1,56,100,18.8,0.75,0.0,0.3854,0.9227,-2.2,-3.0,-3.0,station
2025-01-24,-0.7,-1.0,-1.2,-1.8,-2.9,-0.3,-0.7,-1.0,-1.3,-1.0,-1.52,0.87,-0.66,71,100,11.6,1.06,0.0,0.4012,0.916,-1.3,-2.0,-2.0,station
2025-01-25,1.5,0.8,1.0,0.2,1.2,1.8,0.7,1.1,0.5,1.9,0.94,0.49,-0.26,83,100,15.0,1.55,0.0,0.4169,0.9089,1.4,0.0,0.0,station
2025-01-26,2.7,2.9,2.7,1.6,3.3,2.2,2.5,2.8,1.7,2.2,2.64,0.63,0.36,93,100,16.6,1.16,1.0,0.4325,0.9016,3.0,2.0,2.0,station
2025-01-27,3.5,4.2,5.0,5.1,4.8,3.2,4.0,4.3,5.2,5.3,4.52,0.67,0.12,98,100,18.5,0.61,2.4,0.4479,0.8941,3.9,4.0,4.0,station
2025-01-28,3.2,4.4,5.5,4.8,4.7,2.6,3.9,4.9,4.3,4.9,4.52,0.84,0.4,99,100,14.9,1.18,0.7,0.4633,0.8862,3.6,4.0,4.0,station
2025-01-29,3.6,4.1,5.3,3.7,3.8,4.6,4.4,6.1,4.5,4.5,4.1,0.7,-0.72,98,100,13.9,1.12,0.1,0.4784,0.8781,3.8,4.0,4.0,station
2025-01-30,6.2,6.2,6.7,5.8,6.2,5.6,6.4,7.4,6.4,7.4,6.22,0.32,-0.42,96,97,15.7,1.83,0.3,0.4935,0.8698,6.3,7.0,7.0,station
2025-01-31,4.6,4.9,4.9,4.4,6.2,4.3,5.2,4.8,4.0,5.3,5.0,0.7,0.28,91,78,15.0,4.65,0.0,0.5084,0.8611,5.5,4.0,4.0,station
2025-02-01,3.2,4.3,5.3,4.3,3.9,3.2,3.9,5.7,4.4,4.3,4.2,0.76,-0.1,96,100,17.7,0.64,2.2,0.5231,0.8523,3.4,4.0,4.0,station
2025-02-02,1.3,2.0,2.1,1.4,0.9,1.4,1.8,1.4,0.4,1.3,1.54,0.5,0.28,83,98,17.2,1.77,0.7,0.5377,0.8432,1.1,1.0,1.0,station
2025-02-03,0.6,-0.0,0.1,-0.6,-0.3,0.4,-0.2,0.4,-0.4,-0.2,-0.04,0.45,-0.04,78,94,11.8,3.09,0.3,0.5521,0.8338,0.4,0.0,0.0,station
2025-02-04,0.1,-0.4,-0.6,-0.6,-1.1,-0.2,-1.5,-0.6,-0.8,-1.6,-0.52,0.43,0.42,80,56,7.9,4.64,0.0,0.5664,0.8242,0.4,-1.0,-1.0,station
2025-02-05,-0.7,-1.6,-0.7,-1.6,-1.5,-0.7,-2.3,-0.7,-1.8,-2.3,-1.22,0.48,0.34,78,90,17.4,1.66,0.2,0.5805,0.8143,-0.3,0.0,0.0,station
2025-02-06,-0.9,-2.5,0.7,-1.1,-1.5,-0.1,-3.0,-0.0,-1.0,-1.8,-1.06,1.16,0.12,77,97,8.7,3.27,0.0,0.5944,0.8042,-1.2,-1.0,-1.0,station
2025-02-07,-3.8,-4.3,-1.7,-2.5,-3.4,-1.5,-4.7,-1.4,-2.5,-3.6,-3.14,1.04,-0.4,74,81,14.6,3.3,0.0,0.6081,0.7938,-3.2,-2.0,-2.0,station
2025-02-08,-3.2,-5.4,-1.5,-4.0,-4.2,-3.2,-6.1,-1.2,-4.3,-5.1,-3.66,1.44,0.32,78,92,8.3,2.42,0.0,0.6217,0.7833,-3.2,-3.0,-3.0,station
2025-02-09,-3.3,-6.5,-1.2,-4.2,-3.3,-3.0,-6.9,-1.2,-3.6,-4.0,-3.7,1.91,0.04,85,100,5.1,2.56,0.0,0.6351,0.7725,-4.0,-3.0,-3.0,station
2025-02-10,-3.7,-6.3,-1.6,-4.7,-5.1,-3.5,-7.4,-0.6,-4.0,-6.1,-4.28,1.76,0.04,84,100,7.4,2.34,0.0,0.6483,0.7614,-4.5,-3.0,-3.0,station
2025-02-11,-4.1,-6.6,-1.6,-5.7,-6.5,-4.4,-8.2,-0.9,-5.2,-6.0,-4.9,2.1,0.04,79,100,7.1,2.6,0.0,0.6613,0.7502,-4.4,-5.0,-5.0,station
2025-02-12,-4.8,-7.6,-1.3,-5.9,-5.8,-4.3,-7.3,-0.9,-5.1,-6.1,-5.08,2.34,-0.34,80,100,11.3,3.47,0.0,0.6741,0.7387,-4.8,-7.0,-7.0,station
2025-02-13,-6.5,-8.2,-3.1,-7.1,-6.9,-6.3,-9.1,-2.6,-6.8,-7.4,-6.36,1.93,0.08,78,100,10.0,2.47,0.0,0.6867,0.727,-5.9,-7.0,-7.0,station
2025-02-14,-4.4,-5.8,-3.7,-5.2,-5.3,-4.2,-6.8,-3.2,-5.6,-5.8,-4.88,0.83,0.24,81,99,9.8,1.92,0.6,0.6991,0.715,-5.1,-6.0,-6.0,station
2025-02-15,-7.9,-8.5,-6.5,-8.1,-8.1,-7.4,-8.3,-5.3,-8.1,-8.0,-7.82,0.77,-0.4,76,98,13.4,3.54,0.5,0.7113,0.7029,-7.8,-7.0,-7.0,station
2025-02-16,-9.2,-9.1,-7.1,-8.4,-8.3,-9.4,-9.9,-7.1,-9.0,-8.3,-8.42,0.84,0.32,78,95,13.7,3.82,0.8,0.7233,0.6906,-9.3,-9.0,-9.0,station
2025-02-17,-9.6,-9.1,-7.0,-9.0,-9.4,-9.6,-8.9,-7.0,-9.7,-8.8,-8.82,1.04,-0.02,77,69,16.4,5.28,0.0,0.735,0.678,-9.9,-10.0,-10.0,station
2025-02-18,-6.9,-7.3,-4.7,-7.0,-6.5,-7.0,-7.6,-5.1,-7.0,-5.8,-6.48,1.04,0.02,80,91,9.9,4.98,0.8,0.7466,0.6653,-6.6,-6.0,-6.0,station
2025-02-19,-4.9,-5.8,-4.5,-5.6,-4.9,-4.8,-5.2,-4.5,-5.1,-4.9,-5.14,0.54,-0.24,82,87,9.6,6.23,0.7,0.7579,0.6523,-4.6,-5.0,-5.0,station
2025-02-20,-7.1,-6.8,-5.4,-6.5,-7.2,-6.2,-6.7,-5.3,-6.8,-7.3,-6.6,0.72,-0.14,78,91,9.8,5.18,0.0,0.769,0.6392,-6.5,-7.0,-7.0,station
2025-02-21,-3.7,-2.2,-3.3,-4.1,-4.8,-4.7,-4.4,-3.3,-4.0,-4.8,-3.62,0.97,0.62,78,67,11.6,8.7,0.0,0.7799,0.6259,-3.5,-3.0,-3.0,station
2025-02-22,-3.5,-2.1,-2.1,-2.8,-4.1,-3.6,-1.9,-2.4,-3.0,-4.9,-2.92,0.88,0.24,78,52,9.8,9.01,0.0,0.7906,0.6124,-2.7,-1.0,-1.0,station
2025-02-23,-3.7,-3.3,-3.4,-3.1,-5.7,-3.9,-2.7,-2.9,-3.2,-7.7,-3.84,1.06,0.24,80,0,8.0,9.51,0.0,0.801,0.5987,-4.0,-3.0,-3.0,station
2025-02-24,-3.9,-2.3,-3.9,-3.0,-4.6,-4.4,-2.8,-3.3,-3.3,-6.2,-3.54,0.9,0.46,72,5,10.5,9.99,0.0,0.8112,0.5848,-3.4,-3.0,-3.0,station
2025-02-25,-3.0,-0.7,-3.7,-2.0,-5.2,-2.9,-1.8,-3.2,-2.4,-5.0,-2.92,1.7,0.14,57,5,6.4,10.18,0.0,0.8211,0.5708,-2.5,0.0,0.0,station
2025-02-26,-0.9,0.3,-2.0,-0.7,-1.5,-1.2,-0.1,-2.5,-0.9,-4.7,-0.96,0.87,0.92,66,38,10.2,9.73,0.0,0.8308,0.5566,-1.0,-1.0,-1.0,station
2025-02-27,0.5,1.7,-0.3,0.5,-1.1,0.3,2.8,-0.3,1.0,-1.8,0.26,1.04,-0.14,67,1,7.6,10.36,0.0,0.8402,0.5422,1.0,2.0,2.0,station
2025-02-28,2.2,3.4,0.9,2.6,1.4,1.6,3.5,0.2,1.7,-0.8,2.1,0.98,0.86,65,39,9.9,10.37,0.0,0.8495,0.5277,2.5,3.0,3.0,station
2025-03-01,2.2,2.1,0.2,2.5,1.1,1.5,1.8,0.7,2.1,0.2,1.62,0.95,0.36,75,84,10.5,7.01,0.1,0.8584,0.513,2.7,3.0,3.0,station
2025-03-02,0.7,0.6,-0.0,0.2,0.8,0.2,0.1,0.2,-0.0,0.9,0.46,0.34,0.18,87,100,8.7,3.55,0.7,0.8671,0.4981,1.1,0.0,0.0,station
2025-03-03,1.1,0.9,1.7,1.1,2.7,2.4,0.9,0.9,0.8,2.2,1.5,0.73,0.06,90,99,14.2,3.84,1.8,0.8755,0.4831,1.4,2.0,2.0,station
2025-03-04,2.4,3.1,1.5,1.4,4.2,2.5,2.6,3.3,3.1,3.0,2.52,1.17,-0.38,93,100,19.3,4.24,6.5,0.8837,0.468,2.9,3.0,3.0,station
2025-03-05,2.1,2.4,1.8,1.2,2.2,2.0,2.2,1.7,1.7,2.1,1.94,0.47,0.0,81,98,24.6,7.06,2.8,0.8916,0.4527,2.8,2.0,2.0,station
2025-03-06,6.8,6.5,6.1,6.3,7.6,6.5,6.0,6.1,4.9,6.8,6.66,0.59,0.6,95,100,23.6,1.86,2.4,0.8993,0.4373,7.5,8.0,8.0,station
2025-03-07,8.5,9.7,7.5,7.8,8.1,9.0,9.3,6.8,8.5,9.0,8.32,0.86,-0.2,73,63,26.2,8.58,0.2,0.9067,0.4218,9.5,10.0,10.0,station
2025-03-08,9.9,10.5,8.1,9.6,9.4,10.1,10.3,7.3,7.0,8.4,9.5,0.89,0.88,74,14,15.0,11.72,0.0,0.9138,0.4061,9.9,10.0,10.0,station
2025-03-09,10.5,11.0,9.3,10.8,9.9,10.9,11.4,9.5,9.5,9.2,10.3,0.7,0.2,65,19,14.8,12.08,0.0,0.9207,0.3904,11.0,12.0,12.0,station
2025-03-10,8.8,9.8,7.3,10.3,9.1,9.1,9.7,7.0,7.7,9.1,9.06,1.15,0.54,62,82,14.3,8.38,0.0,0.9272,0.3745,9.1,8.0,8.0,station
2025-03-11,10.3,9.5,9.9,11.4,12.3,12.3,8.8,9.4,12.8,12.3,10.68,1.15,-0.44,73,100,17.6,7.57,1.6,0.9335,0.3585,11.0,11.0,11.0,station
2025-03-12,12.7,9.6,8.3,12.6,13.0,11.5,9.1,11.2,11.9,12.1,11.24,2.15,0.08,88,99,13.3,6.99,3.9,0.9396,0.3424,12.7,10.0,10.0,station
2025-03-13,12.4,9.9,11.4,12.9,12.3,13.3,10.4,11.2,14.3,13.0,11.78,1.18,-0.66,86,87,19.2,7.5,0.0,0.9453,0.3261,12.2,9.0,9.0,station
2025-03-14,13.0,11.6,11.5,12.5,12.1,12.0,11.2,12.7,13.1,11.6,12.14,0.63,0.02,79,89,36.2,7.78,7.8,0.9508,0.3098,14.1,12.0,12.0,station
2025-03-15,2.4,2.3,2.2,1.6,0.7,3.9,3.3,2.6,2.2,1.2,1.84,0.71,-0.8,62,64,18.7,7.79,0.0,0.956,0.2934,2.3,3.0,3.0,station
2025-03-16,4.6,4.3,3.5,3.4,3.8,4.6,3.8,3.7,3.5,3.6,3.92,0.52,0.08,62,23,13.9,14.25,0.0,0.9609,0.2769,5.0,4.0,4.0,station
2025-03-17,-1.5,-0.5,-0.8,-1.2,-1.5,0.0,-1.0,-0.8,-1.3,-1.1,-1.1,0.44,-0.26,65,87,18.3,4.59,2.3,0.9655,0.2604,-1.2,0.0,0.0,station
2025-03-18,0.7,1.5,1.0,0.8,0.6,-0.1,1.6,0.3,0.2,-1.9,0.92,0.36,0.9,52,18,10.4,13.85,0.1,0.9698,0.2437,1.9,2.0,2.0,station
2025-03-19,2.1,3.4,2.5,1.3,3.8,2.4,3.5,3.4,1.5,3.7,2.62,1.0,-0.28,79,79,23.3,4.87,2.2,0.9739,0.227,3.6,4.0,4.0,station
2025-03-20,7.2,7.1,5.9,7.0,6.7,7.1,7.4,4.6,5.8,5.1,6.78,0.53,0.78,68,14,17.6,13.4,0.0,0.9777,0.2102,7.6,8.0,8.0,station
2025-03-21,8.6,9.0,7.7,8.3,7.9,8.2,9.2,7.2,8.6,8.2,8.3,0.52,0.02,68,86,16.6,12.38,0.0,0.9811,0.1934,9.0,10.0,10.0,station
2025-03-22,3.8,3.6,2.8,4.4,3.0,3.8,3.5,2.6,3.9,2.6,3.52,0.64,0.24,56,30,16.0,15.54,0.0,0.9843,0.1765,3.8,4.0,4.0,station
2025-03-23,5.4,5.9,4.2,5.3,5.5,5.7,5.3,4.2,4.6,4.4,5.26,0.63,0.42,46,0,11.8,15.78,0.0,0.9872,0.1595,5.2,5.0,5.0,station
2025-03-24,10.2,10.5,9.2,10.5,11.2,10.4,10.3,9.1,10.9,12.0,10.32,0.73,-0.22,58,57,21.0,14.41,0.0,0.9898,0.1425,10.5,11.0,11.0,station
2025-03-25,3.9,5.3,5.9,4.7,8.1,5.2,5.4,6.0,6.9,9.5,5.58,1.59,-1.02,89,100,19.8,2.92,4.0,0.9921,0.1255,4.5,6.0,6.0,station
2025-03-26,6.1,4.4,4.8,8.3,8.8,7.9,5.8,3.3,9.8,10.5,6.48,2.0,-0.98,89,100,9.5,5.73,0.1,0.9941,0.1084,5.3,5.0,5.0,station
2025-03-27,6.7,6.5,4.1,7.2,8.9,6.9,6.1,8.0,9.5,8.1,6.68,1.72,-1.04,91,100,10.6,3.37,1.9,0.9958,0.0913,7.2,6.0,6.0,station
2025-03-28,10.3,9.3,7.8,9.4,10.7,11.4,10.4,10.7,11.4,11.5,9.5,1.12,-1.58,88,71,8.0,7.47,1.0,0.9972,0.0741,10.5,9.0,9.0,station
2025-03-29,12.9,11.8,11.3,11.6,13.6,13.5,11.9,9.7,10.9,13.9,12.24,0.97,0.26,76,24,10.2,14.1,0.0,0.9984,0.057,12.5,13.0,13.0,station
2025-03-30,12.8,12.4,11.4,12.6,13.2,13.1,12.2,10.1,11.0,13.1,12.48,0.67,0.58,69,51,13.1,11.95,0.0,0.9992,0.0398,11.9,12.0,12.0,station
2025-03-31,14.2,14.5,12.6,13.8,14.7,14.7,14.3,12.2,12.7,14.6,13.96,0.83,0.26,59,87,15.4,14.48,0.0,0.9997,0.0226,13.9,14.0,14.0,station
2025-04-01,11.5,11.2,12.2,13.3,14.4,9.0,8.3,10.0,9.0,10.5,12.52,1.33,3.16,73,100,16.8,4.47,7.9,1.0,0.0054,12.6,13.0,13.0,station
2025-04-02,12.7,12.3,11.2,12.5,11.5,13.0,11.0,6.3,10.2,10.8,12.04,0.65,1.78,68,40,20.2,17.22,3.1,0.9999,-0.0118,12.6,13.0,13.0,station
2025-04-03,12.8,13.9,11.9,11.5,12.9,12.5,13.8,11.7,11.0,11.5,12.6,0.94,0.5,61,47,14.5,17.33,0.0,0.9996,-0.029,13.4,14.0,14.0,station
2025-04-04,15.8,16.3,14.0,14.8,16.1,14.7,16.1,13.5,13.6,14.2,15.4,0.97,0.98,58,51,23.4,15.8,0.0,0.9989,-0.0462,15.4,17.0,17.0,station
2025-04-05,6.3,6.1,4.3,5.4,6.9,6.0,5.6,4.7,4.6,7.4,5.8,0.99,0.14,64,79,18.9,11.31,1.4,0.998,-0.0634,6.0,8.0,8.0,station
2025-04-06,1.7,1.0,0.3,-1.1,1.3,0.2,0.3,0.7,-0.8,0.1,0.64,1.1,0.54,83,100,24.9,4.71,13.4,0.9968,-0.0805,0.2,0.0,0.0,station
2025-04-07,2.8,-0.2,0.6,1.5,0.7,1.9,-0.5,0.3,0.5,-0.0,1.08,1.13,0.64,89,96,22.2,9.92,11.2,0.9952,-0.0977,2.1,2.0,2.0,station
2025-04-08,-0.5,-0.7,0.7,-0.6,0.2,0.7,-1.1,0.3,-0.2,1.0,-0.18,0.61,-0.32,91,99,15.2,7.9,4.8,0.9934,-0.1148,-0.6,-1.0,-1.0,station
2025-04-09,-0.3,-0.1,-0.5,-1.0,-0.8,-0.7,-0.3,-0.4,-0.1,-1.1,-0.54,0.36,-0.02,76,98,22.3,14.56,3.6,0.9913,-0.1319,-0.3,1.0,1.0,station
2025-04-10,1.1,1.2,1.8,1.0,0.9,0.9,1.3,1.4,1.7,0.6,1.2,0.35,0.02,83,98,16.6,9.05,1.4,0.9889,-0.1489,1.6,1.0,1.0,station
2025-04-11,1.8,3.4,3.5,2.7,2.5,3.1,3.5,2.5,2.4,3.6,2.78,0.7,-0.24,82,91,19.8,15.59,0.0,0.9861,-0.1659,2.8,3.0,3.0,station
2025-04-12,1.4,2.9,2.7,2.7,1.6,1.3,4.3,2.6,2.7,0.5,2.26,0.7,-0.02,72,95,17.1,15.56,0.9,0.9831,-0.1828,2.8,4.0,4.0,station
2025-04-13,6.0,8.5,4.6,8.0,8.7,5.0,8.6,4.9,7.2,6.8,7.16,1.79,0.66,74,50,14.2,19.12,2.7,0.9799,-0.1997,8.8,9.0,9.0,station
2025-04-14,12.0,11.9,9.0,11.2,12.9,11.9,12.7,9.5,11.2,12.0,11.4,1.47,-0.06,65,30,15.3,20.6,0.0,0.9763,-0.2165,11.6,12.0,12.0,station
2025-04-15,15.9,16.6,14.4,15.8,15.6,17.7,17.2,14.6,14.5,15.7,15.66,0.8,-0.28,59,78,20.6,15.42,0.0,0.9724,-0.2333,16.8,18.0,18.0,station
2025-04-16,19.5,21.2,17.5,19.8,20.6,19.5,20.7,16.4,19.7,20.1,19.72,1.41,0.44,53,27,10.5,20.28,0.0,0.9683,-0.25,19.8,21.0,21.0,station
2025-04-17,16.1,16.7,15.3,17.3,18.2,18.2,16.4,12.2,15.4,18.8,16.72,1.11,0.52,63,97,19.2,12.48,0.0,0.9638,-0.2666,17.9,17.0,17.0,station
2025-04-18,20.9,22.4,18.4,22.3,24.9,20.5,22.1,20.4,21.4,22.2,21.78,2.38,0.46,65,56,12.6,17.52,2.0,0.9591,-0.2831,23.0,23.0,23.0,station
2025-04-19,23.7,24.8,21.8,24.5,25.7,23.3,24.8,21.6,23.9,25.6,24.1,1.47,0.26,59,13,16.3,19.99,0.5,0.9541,-0.2996,23.9,25.0,25.0,station
2025-04-20,22.9,24.9,21.2,24.0,24.4,21.9,24.5,21.0,24.0,24.5,23.48,1.47,0.3,49,0,16.3,21.69,0.0,0.9488,-0.316,23.4,24.0,24.0,station
2025-04-21,23.2,25.1,22.0,25.3,25.1,22.6,25.0,20.9,24.7,25.0,24.14,1.47,0.5,49,42,18.3,20.79,0.0,0.9432,-0.3322,23.7,25.0,25.0,station
2025-04-22,22.0,22.6,21.3,23.8,24.5,22.4,23.3,21.0,24.6,24.2,22.84,1.3,-0.26,57,33,14.7,20.48,0.0,0.9373,-0.3484,22.4,23.0,23.0,station
2025-04-23,24.4,25.1,23.4,26.5,26.4,23.6,25.0,22.7,26.5,26.6,25.16,1.32,0.28,63,41,16.8,18.59,0.1,0.9312,-0.3645,24.3,26.0,26.0,station
2025-04-24,17.9,17.9,17.0,18.6,18.9,18.0,17.7,17.3,19.2,19.6,18.06,0.74,-0.3,63,31,12.7,22.22,0.2,0.9248,-0.3804,18.3,18.0,18.0,station
2025-04-25,17.5,15.9,15.5,17.9,17.8,16.2,15.3,15.5,16.8,18.1,16.92,1.13,0.54,62,40,19.0,18.8,2.7,0.9181,-0.3963,16.3,17.0,17.0,station
2025-04-26,7.9,6.4,7.1,6.8,6.2,7.6,5.9,7.9,6.9,6.3,6.88,0.67,-0.04,52,61,23.4,15.47,0.0,0.9112,-0.412,7.1,6.0,6.0,station
2025-04-27,6.2,4.3,5.2,5.3,5.6,5.3,4.5,5.2,4.8,4.7,5.32,0.69,0.42,59,70,19.8,13.8,0.4,0.9039,-0.4276,4.9,4.0,4.0,station
2025-04-28,9.1,10.5,9.6,8.8,9.8,9.3,10.8,10.0,8.4,9.7,9.56,0.66,-0.08,48,56,18.7,20.95,0.0,0.8965,-0.4431,9.7,10.0,10.0,station
2025-04-29,9.5,10.0,8.4,9.9,8.6,7.4,8.9,7.4,8.1,7.3,9.28,0.74,1.46,67,92,23.3,6.98,5.1,0.8887,-0.4585,10.8,10.0,10.0,station
2025-04-30,9.5,10.1,6.8,12.3,8.4,10.9,9.5,6.7,12.3,11.0,9.42,2.04,-0.66,74,94,18.3,10.57,1.1,0.8807,-0.4737,10.7,12.0,12.0,station
2025-05-01,8.0,8.2,9.0,8.4,9.7,8.0,7.6,8.8,9.0,8.1,8.66,0.69,0.36,92,100,25.3,4.26,18.6,0.8724,-0.4888,8.1,8.0,8.0,station
2025-05-02,7.9,7.9,5.2,7.4,7.4,8.1,8.1,7.7,7.4,6.8,7.16,1.12,-0.46,76,69,26.7,16.19,10.4,0.8639,-0.5037,7.8,7.0,7.0,station
2025-05-03,12.7,12.0,8.9,10.2,11.0,11.7,11.5,9.3,10.6,10.2,10.96,1.49,0.3,68,50,21.4,14.08,0.4,0.8551,-0.5185,13.7,15.0,15.0,station
2025-05-04,17.6,18.1,16.1,18.3,17.3,16.3,17.4,16.3,16.2,17.9,17.48,0.87,0.66,75,59,22.1,15.74,3.4,0.846,-0.5331,17.5,17.0,17.0,station
2025-05-05,13.4,13.1,14.1,14.7,14.5,14.0,13.0,13.0,14.5,13.8,13.96,0.69,0.3,73,90,26.3,14.89,2.0,0.8367,-0.5476,13.3,15.0,15.0,station
2025-05-06,11.2,10.7,11.3,10.4,10.3,11.7,10.8,11.4,10.7,9.6,10.78,0.45,-0.06,65,69,23.5,19.94,0.2,0.8272,-0.5619,11.4,11.0,11.0,station
2025-05-07,13.2,12.8,13.3,13.7,14.3,12.4,13.0,11.8,12.2,13.5,13.46,0.57,0.88,60,61,12.7,19.45,0.0,0.8174,-0.5761,13.1,13.0,13.0,station
2025-05-08,7.9,8.7,9.3,10.8,10.1,9.8,9.8,8.6,10.6,11.6,9.36,1.14,-0.72,72,68,14.9,17.27,0.0,0.8074,-0.59,8.8,9.0,9.0,station
2025-05-09,8.7,9.6,10.3,10.3,10.5,9.2,9.5,7.0,9.7,12.2,9.88,0.74,0.36,64,59,17.7,15.6,0.1,0.7971,-0.6038,8.5,9.0,9.0,station
2025-05-10,9.8,9.2,8.3,10.6,10.8,9.0,9.2,8.7,9.7,10.9,9.74,1.03,0.24,72,86,17.2,18.86,0.0,0.7866,-0.6175,9.4,10.0,10.0,station
2025-05-11,8.1,8.8,6.4,9.1,7.6,7.9,8.7,6.1,9.0,10.5,8.0,1.07,-0.44,79,88,19.3,12.87,1.8,0.7759,-0.6309,8.7,7.0,7.0,station
2025-05-12,7.7,7.7,3.6,8.4,9.6,7.6,8.7,4.6,8.8,9.1,7.4,2.26,-0.36,83,77,16.5,10.6,4.6,0.7649,-0.6442,8.8,8.0,8.0,station
2025-05-13,9.9,8.1,8.2,10.0,12.2,8.1,7.7,4.6,11.8,11.4,9.68,1.67,0.96,81,71,8.7,10.53,3.3,0.7537,-0.6572,9.0,10.0,10.0,station
2025-05-14,12.2,11.7,12.2,11.1,13.3,11.9,11.8,12.1,12.3,13.4,12.1,0.81,-0.2,78,60,12.1,19.41,1.5,0.7423,-0.6701,12.0,13.0,13.0,station
2025-05-15,16.4,17.7,15.6,16.5,17.7,15.8,17.0,15.3,14.9,16.8,16.78,0.91,0.82,66,49,16.3,22.62,0.0,0.7306,-0.6828,16.7,17.0,17.0,station
2025-05-16,19.2,20.5,18.8,20.8,21.8,19.3,20.0,13.9,19.6,21.1,20.22,1.22,1.44,66,80,17.5,23.66,0.0,0.7188,-0.6952,20.2,21.0,21.0,station
2025-05-17,17.9,19.4,16.5,19.9,22.0,19.5,20.1,17.8,20.3,23.5,19.14,2.08,-1.1,66,100,19.7,16.02,0.3,0.7067,-0.7075,19.5,20.0,20.0,station
2025-05-18,18.3,17.6,16.0,17.9,21.8,17.8,17.6,13.3,19.7,22.5,18.32,2.13,0.14,69,98,23.5,11.76,3.4,0.6945,-0.7195,20.6,19.0,19.0,station
2025-05-19,15.8,14.5,12.9,16.4,16.1,15.2,15.3,11.4,16.4,18.2,15.14,1.45,-0.16,81,93,17.4,14.28,1.7,0.682,-0.7314,15.6,15.0,15.0,station
2025-05-20,16.6,15.4,14.1,15.2,17.1,11.4,12.1,12.1,15.0,15.6,15.68,1.19,2.44,78,84,15.2,9.89,9.5,0.6693,-0.743,17.8,18.0,18.0,station
2025-05-21,18.7,19.6,17.0,17.6,19.6,18.6,18.7,16.8,17.0,19.0,18.5,1.17,0.48,67,44,18.1,22.2,0.4,0.6564,-0.7544,18.6,19.0,19.0,station
2025-05-22,21.0,22.2,21.2,22.0,22.3,19.9,21.7,20.7,21.1,21.9,21.74,0.6,0.68,58,37,11.3,27.26,0.0,0.6433,-0.7656,22.0,22.0,22.0,station
2025-05-23,23.1,24.7,22.8,24.7,26.4,22.1,24.7,23.2,23.3,25.7,24.34,1.45,0.54,58,16,18.7,25.66,0.1,0.6301,-0.7765,23.8,25.0,25.0,station
2025-05-24,25.1,26.2,23.6,26.8,27.3,24.4,25.9,23.8,26.4,27.6,25.8,1.48,0.18,53,7,14.6,25.92,0.0,0.6166,-0.7873,25.6,26.0,26.0,station
2025-05-25,26.2,26.8,24.5,28.2,27.7,25.7,26.6,24.0,27.5,28.5,26.68,1.44,0.22,41,25,19.4,27.4,0.0,0.603,-0.7978,26.8,27.0,27.0,station
2025-05-26,27.2,27.3,24.1,28.9,28.3,27.2,27.0,24.1,28.6,28.6,27.16,1.85,0.06,40,75,25.5,25.37,0.0,0.5892,-0.808,27.3,26.0,26.0,station
2025-05-27,25.5,25.9,22.9,25.8,25.9,25.2,25.5,23.1,26.3,26.1,25.2,1.3,-0.04,34,77,21.0,27.47,0.0,0.5752,-0.818,25.7,25.0,25.0,station
2025-05-28,26.3,26.8,24.0,27.2,27.3,26.4,26.8,24.1,27.7,27.4,26.32,1.36,-0.16,32,25,21.5,28.8,0.0,0.561,-0.8278,27.1,27.0,27.0,station
2025-05-29,28.2,28.5,26.0,28.9,28.5,27.8,28.0,25.0,28.6,28.0,28.02,1.16,0.54,33,54,24.6,24.49,0.0,0.5467,-0.8373,29.3,28.0,28.0,station
2025-05-30,25.0,23.3,21.3,26.0,26.4,25.2,24.9,23.0,27.3,27.0,24.4,2.11,-1.08,45,93,19.6,17.59,0.3,0.5322,-0.8466,25.1,22.0,22.0,station
2025-05-31,21.4,22.4,21.8,23.8,24.6,21.3,22.5,23.9,22.2,24.5,22.8,1.36,-0.08,66,79,12.7,20.1,5.6,0.5176,-0.8556,25.2,25.0,25.0,station
2025-06-01,20.6,19.6,20.6,20.1,19.2,21.4,20.1,20.8,21.6,20.2,20.02,0.62,-0.8,60,26,23.3,22.76,0.1,0.5028,-0.8644,20.9,21.0,21.0,station
2025-06-02,22.4,22.1,20.8,21.2,20.4,21.8,22.1,20.8,21.2,20.7,21.38,0.85,0.06,44,32,13.0,29.25,0.0,0.4878,-0.8729,21.8,22.0,22.0,station
2025-06-03,23.5,23.0,19.4,22.3,23.3,25.3,22.7,21.0,22.8,21.7,22.3,1.68,-0.4,60,86,17.5,20.21,1.2,0.4728,-0.8812,22.4,22.0,22.0,station
2025-06-04,21.1,20.5,20.6,20.7,20.6,21.0,20.6,20.1,21.6,21.3,20.7,0.23,-0.22,49,76,19.2,19.94,0.9,0.4575,-0.8892,22.0,22.0,22.0,station
2025-06-05,25.5,25.3,23.9,24.6,24.1,24.3,25.1,24.1,25.0,24.7,24.68,0.71,0.04,48,17,13.9,29.32,0.0,0.4422,-0.8969,24.9,24.0,24.0,station
2025-06-06,25.9,26.3,22.7,25.8,27.2,24.5,26.0,20.7,25.6,25.7,25.58,1.7,1.08,58,58,19.3,22.03,0.6,0.4267,-0.9044,26.7,25.0,25.0,station
2025-06-07,25.5,25.2,26.0,24.4,25.8,27.0,24.4,26.7,26.8,25.8,25.38,0.63,-0.76,64,56,22.0,24.17,4.0,0.4111,-0.9116,27.0,27.0,27.0,station
2025-06-08,27.5,26.8,28.2,26.4,25.3,26.5,26.9,27.1,23.8,28.1,26.84,1.1,0.36,77,89,20.8,20.8,2.1,0.3953,-0.9185,27.3,26.0,26.0,station
2025-06-09,25.8,25.3,26.0,28.2,24.7,26.0,25.8,25.4,26.3,25.3,26.0,1.33,0.24,73,43,25.0,23.43,5.8,0.3795,-0.9252,26.0,26.0,26.0,station
2025-06-10,21.2,20.6,20.3,21.1,19.3,20.8,19.2,19.2,19.9,18.4,20.5,0.76,1.0,55,45,17.4,26.61,0.0,0.3635,-0.9316,19.9,20.0,20.0,station
2025-06-11,18.9,19.7,18.7,19.3,19.8,19.6,20.0,20.3,19.6,19.9,19.28,0.48,-0.6,64,58,9.8,18.44,0.0,0.3474,-0.9377,18.9,19.0,19.0,station
2025-06-12,20.1,20.4,20.5,20.1,20.1,21.4,20.5,20.7,22.4,20.7,20.24,0.19,-0.9,60,86,13.3,21.43,0.5,0.3312,-0.9436,20.8,20.0,20.0,station
2025-06-13,20.2,17.6,17.7,20.4,20.0,20.0,17.5,19.8,21.1,20.2,19.18,1.4,-0.54,78,84,18.9,17.81,7.6,0.3149,-0.9491,20.2,19.0,19.0,station
2025-06-14,17.2,15.1,13.2,15.9,16.3,16.8,13.9,13.2,13.7,13.9,15.54,1.51,1.24,87,97,18.2,12.97,8.6,0.2986,-0.9544,16.9,16.0,16.0,station
2025-06-15,18.3,16.7,16.0,15.0,15.9,16.8,16.3,17.9,15.6,18.5,16.38,1.23,-0.64,83,95,22.0,12.72,4.7,0.2821,-0.9594,17.6,16.0,16.0,station
2025-06-16,22.6,24.1,23.9,23.7,23.3,22.8,24.4,23.3,23.2,22.8,23.52,0.59,0.22,68,24,15.0,26.65,0.1,0.2656,-0.9641,23.1,24.0,24.0,station
2025-06-17,21.4,21.8,22.3,21.3,22.4,22.5,21.6,22.3,22.2,21.4,21.84,0.5,-0.16,82,55,9.0,20.94,8.2,0.2489,-0.9685,22.4,23.0,23.0,station
2025-06-18,19.9,18.7,17.6,17.8,18.9,19.5,18.7,19.5,19.9,20.5,18.58,0.93,-1.04,86,99,10.8,13.77,4.6,0.2322,-0.9727,19.6,18.0,18.0,station
2025-06-19,15.7,15.8,14.4,15.6,15.3,16.5,15.6,14.8,14.2,15.0,15.36,0.57,0.14,83,95,23.7,16.86,6.3,0.2155,-0.9765,17.8,17.0,17.0,station
2025-06-20,15.5,14.4,16.9,15.6,15.7,16.2,15.2,16.9,15.9,17.3,15.62,0.89,-0.68,84,100,20.2,10.85,4.8,0.1986,-0.9801,16.3,14.0,14.0,station
2025-06-21,16.8,16.5,18.3,15.4,16.6,16.9,16.2,18.0,16.1,17.5,16.72,1.04,-0.22,71,75,19.2,19.71,0.2,0.1818,-0.9833,16.7,17.0,17.0,station
2025-06-22,15.4,14.8,16.7,14.4,16.3,16.3,14.3,14.5,15.0,15.5,15.52,0.97,0.4,78,95,17.1,11.46,4.1,0.1648,-0.9863,15.7,15.0,15.0,station
2025-06-23,17.9,18.1,17.5,18.4,19.8,17.4,17.4,17.9,18.7,19.1,18.34,0.88,0.24,68,50,13.4,23.95,0.0,0.1478,-0.989,19.3,20.0,20.0,station
2025-06-24,19.7,20.7,20.0,21.1,20.8,19.6,19.7,20.3,19.5,20.4,20.46,0.59,0.56,75,63,23.0,21.18,2.2,0.1308,-0.9914,20.2,21.0,21.0,station
2025-06-25,18.4,18.1,18.6,17.2,18.2,18.6,18.4,18.1,17.2,17.0,18.1,0.54,0.24,77,48,20.5,20.8,1.3,0.1137,-0.9935,18.7,18.0,18.0,station
2025-06-26,18.8,18.0,18.8,18.5,19.7,18.7,17.5,17.8,18.1,20.2,18.76,0.62,0.3,78,51,20.7,21.02,6.4,0.0966,-0.9953,19.1,19.0,19.0,station
2025-06-27,17.3,17.4,19.1,17.8,18.0,16.9,16.7,18.6,16.2,18.4,17.92,0.72,0.56,68,81,22.0,19.15,0.9,0.0795,-0.9968,18.2,17.0,17.0,station
2025-06-28,20.1,20.7,21.7,20.4,22.0,18.3,18.9,19.6,20.0,19.9,20.98,0.83,1.64,64,79,6.5,22.95,0.0,0.0623,-0.9981,20.9,22.0,22.0,station
2025-06-29,21.0,20.5,20.5,19.3,21.7,20.5,20.5,19.3,22.0,22.7,20.6,0.88,-0.4,79,76,19.2,18.37,7.6,0.0451,-0.999,21.0,20.0,20.0,station
2025-06-30,12.7,13.0,11.5,12.9,13.5,12.9,13.6,12.6,13.8,13.7,12.72,0.74,-0.6,88,92,24.6,9.43,6.9,0.028,-0.9996,14.9,14.0,14.0,station
2025-07-01,12.5,12.5,14.4,13.0,13.5,13.7,12.4,12.3,13.9,13.4,13.18,0.8,0.04,88,100,27.9,12.64,8.9,0.0108,-0.9999,14.5,14.0,14.0,station
2025-07-02,18.9,17.5,18.5,19.2,17.9,19.2,17.3,19.2,19.0,19.6,18.4,0.7,-0.46,74,89,20.2,18.79,1.7,-0.0065,-1.0,19.6,18.0,18.0,station
2025-07-03,24.0,25.3,25.3,24.3,25.3,23.7,25.4,24.2,23.2,25.0,24.84,0.64,0.54,72,53,19.0,24.43,0.0,-0.0237,-0.9997,25.1,26.0,26.0,station
2025-07-04,24.5,24.9,24.7,23.8,24.6,24.7,25.6,26.0,24.9,25.1,24.5,0.42,-0.76,71,31,18.0,25.41,2.0,-0.0408,-0.9992,24.7,26.0,26.0,station
2025-07-05,19.5,20.1,19.6,20.6,19.7,19.9,20.0,19.9,19.7,20.0,19.9,0.45,0.0,62,65,18.6,22.41,0.0,-0.058,-0.9983,20.1,21.0,21.0,station
2025-07-06,21.1,21.1,20.5,20.8,21.3,20.3,19.7,19.1,20.1,20.5,20.96,0.31,1.02,66,85,15.8,15.43,0.1,-0.0752,-0.9972,21.7,22.0,22.0,station
2025-07-07,25.2,26.7,26.0,28.2,27.0,26.0,26.7,25.8,28.0,27.0,26.62,1.12,-0.08,62,83,15.5,24.13,0.0,-0.0923,-0.9957,26.0,28.0,28.0,station
2025-07-08,30.5,31.5,30.5,32.0,31.3,29.1,30.1,30.7,31.3,28.4,31.16,0.65,1.24,70,68,20.8,24.56,0.0,-0.1094,-0.994,30.4,32.0,32.0,station
2025-07-09,29.0,30.6,31.8,30.8,31.6,27.5,29.3,31.7,33.9,32.5,30.76,1.11,-0.22,74,47,16.2,23.93,1.9,-0.1265,-0.992,30.4,32.0,32.0,station
2025-07-10,32.0,33.2,31.6,34.4,30.9,31.5,32.9,31.8,34.2,31.8,32.42,1.39,-0.02,54,16,20.6,27.55,0.0,-0.1436,-0.9896,32.0,33.0,33.0,station
2025-07-11,33.0,34.6,31.0,35.4,34.8,32.9,34.7,30.8,36.5,33.1,33.76,1.78,0.16,47,11,19.1,26.23,0.0,-0.1606,-0.987,33.7,33.0,33.0,station
2025-07-12,30.9,30.2,31.4,35.4,33.3,31.0,30.9,30.9,34.9,32.7,32.24,2.11,0.16,53,96,13.2,19.67,1.6,-0.1775,-0.9841,31.2,33.0,33.0,station
2025-07-13,30.8,29.2,27.6,30.9,27.7,28.9,27.2,29.3,30.7,30.7,29.24,1.6,-0.12,66,73,12.7,20.24,4.1,-0.1944,-0.9809,30.2,27.0,27.0,station
2025-07-14,23.7,25.2,26.9,25.4,26.6,24.7,25.4,27.9,26.4,29.1,25.56,1.27,-1.14,84,85,21.3,17.49,1.2,-0.2113,-0.9774,26.7,29.0,29.0,station
2025-07-15,22.5,24.1,24.0,23.8,25.7,22.3,23.5,25.0,22.2,23.1,24.02,1.14,0.8,83,94,11.3,18.13,7.2,-0.2281,-0.9736,26.5,25.0,25.0,station
2025-07-16,22.2,22.6,24.0,23.9,22.3,21.5,23.0,20.0,26.2,22.6,23.0,0.88,0.34,85,72,11.0,17.42,16.9,-0.2448,-0.9696,23.1,23.0,23.0,station
2025-07-17,24.7,24.5,26.1,25.8,25.9,24.7,25.6,24.6,25.7,25.0,25.4,0.74,0.28,81,75,9.6,20.54,5.3,-0.2614,-0.9652,24.8,24.0,24.0,station
2025-07-18,26.5,25.8,25.3,27.6,24.7,26.8,26.1,26.2,28.6,24.5,25.98,1.12,-0.46,67,66,14.6,23.88,0.0,-0.278,-0.9606,25.7,26.0,26.0,station
2025-07-19,26.0,25.0,23.8,23.4,24.7,23.4,24.7,23.4,25.7,25.5,24.58,1.03,0.04,71,96,19.9,19.48,3.3,-0.2945,-0.9557,25.1,25.0,25.0,station
2025-07-20,24.8,23.5,24.5,22.2,26.2,25.3,22.5,24.1,23.4,25.2,24.24,1.49,0.14,81,98,18.3,14.16,0.8,-0.3109,-0.9505,24.8,25.0,25.0,station
2025-07-21,23.9,22.3,20.2,22.9,21.2,24.2,21.6,26.1,22.6,19.4,22.1,1.44,-0.68,90,94,12.8,10.87,22.2,-0.3272,-0.945,22.6,20.0,20.0,station
2025-07-22,22.4,22.3,23.3,21.0,23.4,21.5,22.3,22.8,21.4,21.9,22.48,0.97,0.5,87,83,11.1,13.92,9.0,-0.3434,-0.9392,22.3,23.0,23.0,station
2025-07-23,24.3,23.9,24.4,23.3,23.3,24.2,23.9,25.4,24.4,23.8,23.84,0.53,-0.5,82,50,10.1,18.51,0.9,-0.3595,-0.9332,24.2,23.0,23.0,station
2025-07-24,25.2,25.3,24.7,25.3,24.0,24.3,26.1,26.6,26.1,25.2,24.9,0.56,-0.76,80,21,14.3,20.26,1.2,-0.3755,-0.9268,24.7,25.0,25.0,station
2025-07-25,26.8,27.5,27.7,28.4,27.6,27.2,27.4,28.2,27.5,27.8,27.6,0.57,-0.02,69,10,12.1,23.4,0.2,-0.3914,-0.9202,27.2,28.0,28.0,station
2025-07-26,24.8,25.8,24.2,25.5,25.5,25.3,25.8,24.8,26.5,23.9,25.16,0.65,-0.1,62,19,10.6,25.83,0.0,-0.4071,-0.9134,24.9,25.0,25.0,station
2025-07-27,26.0,27.0,24.8,26.7,27.2,25.4,27.0,25.0,26.5,27.5,26.34,0.97,0.06,63,16,9.1,25.43,0.0,-0.4228,-0.9062,26.3,26.0,26.0,station
2025-07-28,27.2,27.9,26.7,28.2,28.4,27.0,27.9,26.4,28.3,28.8,27.68,0.71,0.0,65,10,6.5,23.51,0.2,-0.4383,-0.8988,27.4,28.0,28.0,station
2025-07-29,28.2,28.9,27.7,29.4,28.6,27.8,28.7,27.5,28.7,29.4,28.56,0.65,0.14,63,7,8.3,23.72,0.0,-0.4537,-0.8912,28.5,28.0,28.0,station
2025-07-30,28.0,28.8,27.9,29.8,29.3,28.3,29.0,28.4,29.6,29.3,28.76,0.82,-0.16,60,8,12.4,23.35,0.0,-0.469,-0.8832,28.9,28.0,28.0,station
2025-07-31,28.4,28.2,26.8,29.4,28.1,28.6,29.0,26.1,29.2,28.9,28.18,0.93,-0.18,60,73,14.5,19.69,0.1,-0.4841,-0.875,28.0,28.0,28.0,station
2025-08-01,24.0,24.0,26.0,26.3,26.3,25.7,24.7,24.8,26.8,28.3,25.32,1.21,-0.74,77,76,18.1,16.92,25.4,-0.4991,-0.8666,24.9,25.0,25.0,station
2025-08-02,24.2,24.0,22.1,22.6,21.6,23.5,23.5,20.9,21.8,21.6,22.9,1.15,0.64,81,64,15.9,14.68,0.8,-0.5139,-0.8578,23.6,23.0,23.0,station
2025-08-03,25.1,25.7,26.1,25.1,26.0,26.3,26.0,26.1,25.0,24.1,25.6,0.48,0.1,72,38,10.0,19.13,0.0,-0.5286,-0.8489,25.6,26.0,26.0,station
2025-08-04,21.7,21.6,21.5,23.0,24.0,24.0,23.1,23.1,24.2,24.5,22.36,1.1,-1.42,93,100,11.7,5.03,19.2,-0.5431,-0.8397,22.5,21.0,21.0,station
2025-08-05,24.6,23.8,24.8,22.6,22.0,22.6,24.6,25.0,23.7,25.0,23.56,1.23,-0.62,87,70,20.1,11.43,10.6,-0.5575,-0.8302,24.1,24.0,24.0,station
2025-08-06,24.7,24.6,24.5,23.6,24.0,24.1,24.7,24.7,24.0,24.0,24.28,0.47,-0.02,74,33,13.1,20.41,0.0,-0.5717,-0.8205,24.5,25.0,25.0,station
2025-08-07,21.3,20.3,19.1,19.6,20.3,21.8,21.0,21.8,20.7,21.1,20.12,0.83,-1.16,79,50,16.8,12.16,6.5,-0.5857,-0.8105,20.6,20.0,20.0,station
2025-08-08,21.2,21.2,20.4,21.9,21.3,21.1,21.0,21.0,21.8,21.6,21.2,0.53,-0.1,69,23,13.3,20.93,0.3,-0.5996,-0.8003,20.9,22.0,22.0,station
2025-08-09,19.4,18.6,19.4,18.3,20.1,19.6,19.2,19.3,17.7,18.3,19.16,0.72,0.34,83,83,12.5,11.71,4.9,-0.6132,-0.7899,19.5,20.0,20.0,station
2025-08-10,21.8,21.8,22.0,21.8,21.8,21.7,21.4,22.2,22.1,21.4,21.84,0.09,0.08,74,44,13.4,20.0,0.5,-0.6267,-0.7792,21.6,22.0,22.0,station
2025-08-11,19.6,18.1,16.4,19.9,19.7,18.3,17.8,15.4,21.7,19.7,18.74,1.49,0.16,87,92,9.5,9.61,5.1,-0.64,-0.7683,19.6,18.0,18.0,station
2025-08-12,20.0,19.3,18.8,17.7,17.6,19.8,19.3,18.3,18.8,17.6,18.68,1.03,-0.08,86,75,17.0,12.81,2.9,-0.6532,-0.7572,19.8,20.0,20.0,station
2025-08-13,20.5,20.8,21.5,21.2,20.9,20.9,18.6,19.7,20.8,19.5,20.98,0.38,1.08,73,11,16.8,20.42,0.1,-0.6661,-0.7459,20.6,21.0,21.0,station
2025-08-14,18.6,16.7,18.8,18.1,18.6,18.3,16.7,18.5,20.0,16.0,18.16,0.86,0.26,80,57,16.3,13.18,0.7,-0.6788,-0.7343,17.2,16.0,16.0,station
2025-08-15,22.6,23.5,22.4,23.9,22.3,22.6,23.3,22.4,24.2,21.0,22.94,0.72,0.24,71,13,16.8,21.27,0.0,-0.6914,-0.7225,22.8,23.0,23.0,station
2025-08-16,22.6,23.1,22.9,24.2,23.4,22.8,23.1,22.8,23.1,23.0,23.24,0.61,0.28,69,57,16.2,19.5,0.0,-0.7037,-0.7105,23.0,23.0,23.0,station
2025-08-17,20.3,19.5,19.3,18.6,19.5,19.4,19.0,19.0,19.3,19.5,19.44,0.61,0.2,71,53,15.4,18.17,3.4,-0.7158,-0.6983,20.0,21.0,21.0,station
2025-08-18,16.4,16.6,18.2,17.0,17.7,16.7,16.2,18.7,17.0,16.7,17.18,0.76,0.12,81,77,15.5,12.84,5.1,-0.7277,-0.6859,16.9,16.0,16.0,station
2025-08-19,19.6,18.4,19.4,19.4,17.8,20.2,18.3,19.1,20.4,19.4,18.92,0.78,-0.56,79,75,19.6,14.37,1.1,-0.7394,-0.6733,19.3,19.0,19.0,station
2025-08-20,21.0,21.1,19.5,20.0,22.0,20.7,20.9,21.4,20.6,21.4,20.72,0.98,-0.28,82,57,21.9,15.26,6.2,-0.7509,-0.6605,21.4,21.0,21.0,station
2025-08-21,15.7,16.0,17.1,16.3,15.5,17.0,15.0,14.4,15.8,15.9,16.12,0.63,0.5,83,75,10.8,9.09,8.7,-0.7621,-0.6474,15.8,16.0,16.0,station
2025-08-22,16.6,15.9,15.9,15.4,16.2,17.2,15.7,16.2,14.9,15.2,16.0,0.44,0.16,76,74,14.9,12.82,0.0,-0.7731,-0.6342,17.6,16.0,16.0,station
2025-08-23,17.7,16.1,13.6,16.7,17.2,18.2,17.2,19.6,18.5,19.0,16.26,1.6,-2.24,79,100,11.5,10.65,0.0,-0.7839,-0.6208,17.3,14.0,14.0,station
2025-08-24,18.4,18.1,17.2,18.4,19.0,18.5,17.8,17.2,18.0,18.7,18.22,0.66,0.18,77,53,11.2,16.18,0.1,-0.7945,-0.6073,18.1,18.0,18.0,station
2025-08-25,15.0,14.8,14.5,14.9,15.2,15.5,15.1,14.3,15.6,14.9,14.88,0.26,-0.2,79,35,18.5,15.21,2.3,-0.8048,-0.5935,15.4,14.0,14.0,station
2025-08-26,13.8,14.6,14.3,13.7,15.9,13.9,14.1,12.6,13.8,13.9,14.46,0.88,0.8,84,83,16.4,9.95,2.3,-0.8149,-0.5796,15.2,16.0,16.0,station
2025-08-27,15.8,15.4,17.1,15.4,16.2,17.0,15.7,16.9,16.8,16.2,15.98,0.71,-0.54,80,55,14.4,12.98,0.5,-0.8248,-0.5655,15.9,17.0,17.0,station
2025-08-28,17.2,17.5,18.7,17.6,18.2,17.5,17.4,18.8,17.6,17.9,17.84,0.6,0.0,71,45,20.3,16.28,0.1,-0.8344,-0.5512,17.9,18.0,18.0,station
2025-08-29,19.9,20.4,22.5,17.8,22.0,21.2,19.9,20.3,19.8,22.4,20.52,1.86,-0.2,78,91,14.9,12.86,3.0,-0.8437,-0.5368,21.7,22.0,22.0,station
2025-08-30,26.4,28.8,26.7,27.4,26.6,26.0,28.4,26.4,27.1,26.6,27.18,0.98,0.28,64,39,16.8,18.61,0.0,-0.8528,-0.5222,27.3,28.0,28.0,station
2025-08-31,26.9,28.8,27.5,28.4,28.0,26.0,28.6,28.0,27.6,28.0,27.92,0.75,0.28,64,2,12.9,18.86,0.0,-0.8617,-0.5074,27.5,28.0,28.0,station
2025-09-01,22.1,22.1,22.3,23.6,22.6,22.9,23.0,22.2,24.6,22.8,22.54,0.63,-0.56,76,12,17.5,15.84,0.0,-0.8703,-0.4925,21.7,21.0,21.0,station
2025-09-02,20.3,16.2,15.3,19.1,17.1,18.6,16.9,15.9,18.7,17.4,17.6,2.06,0.1,77,92,18.7,9.46,0.0,-0.8786,-0.4775,17.8,15.0,15.0,station
2025-09-03,19.2,16.8,19.5,16.8,16.8,19.1,17.1,19.4,17.8,17.9,17.82,1.4,-0.44,72,59,15.9,14.04,0.0,-0.8867,-0.4623,19.4,17.0,17.0,station
2025-09-04,17.9,16.7,19.8,18.1,18.1,20.5,17.6,20.1,19.0,18.1,18.12,1.11,-0.94,77,65,11.9,9.35,0.2,-0.8945,-0.447,17.4,17.0,17.0,station
2025-09-05,19.4,18.8,20.6,18.8,19.8,18.6,19.2,21.0,19.1,20.4,19.48,0.76,-0.18,76,70,8.9,13.95,0.0,-0.9021,-0.4315,19.4,20.0,20.0,station
2025-09-06,20.9,21.0,21.7,20.9,21.0,20.6,21.3,21.2,19.5,20.8,21.1,0.34,0.42,73,13,10.8,16.92,0.0,-0.9094,-0.4159,21.3,21.0,21.0,station
2025-09-07,21.7,21.5,22.4,22.0,21.4,21.5,21.6,22.1,21.6,21.1,21.8,0.41,0.22,74,6,11.2,17.04,0.0,-0.9164,-0.4002,21.6,22.0,22.0,station
2025-09-08,21.2,21.4,21.7,21.3,22.0,21.2,21.3,21.8,21.1,22.1,21.52,0.33,0.02,75,17,12.2,15.45,0.0,-0.9232,-0.3844,21.1,21.0,21.0,station
2025-09-09,21.6,22.6,22.7,21.8,22.3,21.1,22.3,22.2,21.7,22.9,22.2,0.48,0.16,72,12,11.3,15.21,0.0,-0.9296,-0.3685,22.3,23.0,23.0,station
2025-09-10,18.6,20.1,19.6,19.5,19.8,19.1,20.2,19.4,18.5,20.0,19.52,0.56,0.08,74,11,10.4,16.96,0.0,-0.9358,-0.3524,19.0,20.0,20.0,station
2025-09-11,20.1,21.2,20.9,21.5,21.6,20.0,20.9,20.9,20.8,20.9,21.06,0.6,0.36,72,1,7.7,16.65,0.0,-0.9418,-0.3363,20.3,21.0,21.0,station
2025-09-12,17.9,19.0,17.9,19.2,18.9,18.8,19.1,18.8,18.4,18.8,18.58,0.63,-0.2,77,39,14.6,12.4,0.0,-0.9474,-0.32,17.1,18.0,18.0,station
2025-09-13,17.3,18.4,17.2,17.8,17.6,17.5,18.4,16.6,18.6,18.3,17.66,0.48,-0.22,73,44,10.5,16.03,0.0,-0.9528,-0.3037,17.3,18.0,18.0,station
2025-09-14,18.3,19.6,18.8,18.8,18.8,17.6,19.1,18.6,18.9,18.9,18.86,0.47,0.24,68,64,9.6,15.79,0.0,-0.9579,-0.2873,18.4,19.0,19.0,station
2025-09-15,21.3,22.4,20.8,21.8,22.0,20.8,22.2,21.4,21.4,21.3,21.66,0.62,0.24,68,30,13.3,15.51,0.0,-0.9627,-0.2707,21.4,22.0,22.0,station
2025-09-16,21.2,22.6,21.6,22.0,22.1,21.1,22.2,21.5,21.7,22.3,21.9,0.53,0.14,63,30,17.3,15.08,0.0,-0.9672,-0.2541,21.5,22.0,22.0,station
2025-09-17,20.2,21.0,20.0,20.4,20.1,17.9,20.5,20.6,20.2,18.7,20.34,0.4,0.76,58,82,16.0,11.51,0.0,-0.9714,-0.2375,20.5,22.0,22.0,station
2025-09-18,18.1,18.5,18.8,17.1,19.2,18.4,17.7,18.2,17.5,17.2,18.34,0.8,0.54,68,99,13.9,10.85,1.5,-0.9753,-0.2207,18.9,20.0,20.0,station
2025-09-19,16.2,14.5,17.7,14.0,16.0,16.2,15.5,16.8,15.3,17.1,15.68,1.47,-0.5,89,85,18.3,6.56,2.8,-0.979,-0.2039,15.7,14.0,14.0,station
2025-09-20,15.9,15.0,15.4,15.9,14.7,16.5,16.0,15.0,15.7,15.4,15.38,0.54,-0.34,80,85,19.6,8.59,0.4,-0.9824,-0.187,15.9,16.0,16.0,station
2025-09-21,21.4,20.3,22.4,21.2,21.6,22.1,19.4,22.4,21.2,21.8,21.38,0.76,0.0,79,98,18.8,11.43,0.0,-0.9854,-0.1701,21.3,21.0,21.0,station
2025-09-22,24.9,26.5,25.8,25.7,24.8,24.6,25.8,25.4,25.1,25.1,25.54,0.7,0.34,76,19,19.8,13.99,0.0,-0.9882,-0.1531,25.4,27.0,27.0,station
2025-09-23,18.3,18.2,19.1,18.2,19.9,18.6,18.1,16.9,17.1,21.1,18.74,0.75,0.38,81,73,15.5,2.75,1.7,-0.9907,-0.1361,19.0,19.0,19.0,station
2025-09-24,12.1,10.9,10.5,10.8,9.5,12.3,11.0,9.5,11.3,10.3,10.76,0.93,-0.12,71,35,19.7,10.91,0.0,-0.9929,-0.1191,11.2,10.0,10.0,station
2025-09-25,10.6,9.6,9.0,9.7,9.6,10.9,9.5,9.6,10.9,9.6,9.7,0.57,-0.4,70,87,18.4,5.52,0.3,-0.9948,-0.102,10.1,9.0,9.0,station
2025-09-26,12.8,12.5,12.8,12.6,11.8,13.8,13.5,13.2,12.4,12.1,12.5,0.41,-0.5,74,48,16.6,10.2,0.0,-0.9964,-0.0848,13.3,13.0,13.0,station
2025-09-27,11.2,10.1,10.0,10.2,10.0,10.7,9.9,8.5,9.7,10.4,10.3,0.51,0.46,92,80,13.1,4.63,3.0,-0.9977,-0.0677,10.9,10.0,10.0,station
2025-09-28,9.7,8.5,9.5,9.2,8.6,9.7,8.6,8.7,9.7,7.4,9.1,0.53,0.28,80,93,20.7,4.12,2.1,-0.9987,-0.0505,9.0,9.0,9.0,station
2025-09-29,8.7,8.5,10.3,10.0,7.6,8.4,8.3,10.1,9.9,8.1,9.02,1.12,0.06,68,87,20.5,7.75,0.0,-0.9994,-0.0333,8.5,8.0,8.0,station
2025-09-30,9.4,10.0,10.2,9.7,9.3,9.3,9.6,10.4,9.2,8.6,9.72,0.38,0.3,73,0,9.4,12.8,0.0,-0.9999,-0.0161,8.8,10.0,10.0,station
2025-10-01,10.8,12.0,11.3,12.0,11.1,10.5,11.0,11.3,10.5,10.2,11.44,0.54,0.74,78,2,10.5,12.22,0.0,-1.0,0.0011,10.8,12.0,12.0,station
2025-10-02,12.5,13.5,11.5,12.9,12.3,12.1,12.9,12.5,12.5,11.0,12.54,0.74,0.34,81,71,10.4,11.12,0.0,-0.9998,0.0183,11.7,13.0,13.0,station
2025-10-03,11.8,12.8,12.2,12.1,13.2,12.1,13.3,11.3,11.4,11.8,12.42,0.57,0.44,80,81,11.3,7.79,1.1,-0.9994,0.0355,12.2,13.0,13.0,station
2025-10-04,13.6,15.2,13.8,14.5,12.5,13.5,14.9,13.8,14.1,13.7,13.92,1.01,-0.08,71,94,18.1,9.1,0.0,-0.9986,0.0527,14.5,15.0,15.0,station
2025-10-05,10.9,11.2,14.0,12.5,11.9,12.1,11.9,14.7,10.9,13.7,12.1,1.23,-0.56,73,93,16.0,4.56,1.7,-0.9976,0.0698,12.7,11.0,11.0,station
2025-10-06,13.4,11.9,14.1,13.0,12.6,12.7,12.0,14.3,13.9,15.4,13.0,0.83,-0.66,93,95,9.4,3.22,2.8,-0.9962,0.087,13.2,12.0,12.0,station
2025-10-07,13.1,12.0,13.9,12.4,13.3,13.7,12.3,13.5,13.0,12.7,12.94,0.75,-0.1,94,97,7.3,3.49,0.8,-0.9946,0.1041,13.0,12.0,12.0,station
2025-10-08,14.5,12.7,14.0,12.4,12.6,13.5,12.2,13.4,13.0,14.0,13.24,0.94,0.02,92,96,8.3,5.33,0.4,-0.9926,0.1212,13.8,14.0,14.0,station
2025-10-09,14.1,13.5,13.4,11.8,13.6,13.6,13.4,12.9,12.0,13.7,13.28,0.87,0.16,86,93,13.6,7.67,0.0,-0.9904,0.1383,13.9,14.0,14.0,station
2025-10-10,10.9,11.0,11.1,9.5,12.9,12.3,10.7,13.2,9.9,10.6,11.08,1.21,-0.26,93,100,15.3,1.72,3.1,-0.9879,0.1553,11.0,11.0,11.0,station
2025-10-11,10.2,10.3,13.2,9.6,11.0,9.5,10.5,12.2,9.2,11.4,10.86,1.4,0.3,92,99,13.8,2.01,1.8,-0.9851,0.1722,10.9,11.0,11.0,station
2025-10-12,9.1,8.0,7.2,8.9,8.3,9.6,8.3,8.5,8.4,8.0,8.3,0.76,-0.26,84,83,14.5,5.82,1.1,-0.9819,0.1892,9.1,9.0,9.0,station
2025-10-13,4.3,4.5,4.2,4.8,3.9,4.8,4.1,4.7,6.7,4.5,4.34,0.34,-0.62,99,100,16.9,1.32,26.6,-0.9785,0.206,4.5,5.0,5.0,station
2025-10-14,4.4,4.7,4.2,5.2,4.4,5.8,4.7,5.1,5.4,4.9,4.58,0.39,-0.6,92,98,16.1,2.93,4.4,-0.9749,0.2228,5.5,6.0,6.0,station
2025-10-15,3.9,4.0,3.5,4.2,4.8,5.1,4.4,3.6,3.9,3.8,4.08,0.48,-0.08,95,77,17.2,1.83,5.2,-0.9709,0.2396,4.8,5.0,5.0,station
2025-10-16,6.1,6.1,6.0,5.3,4.9,5.2,6.1,5.5,5.2,5.2,5.68,0.55,0.24,88,85,14.4,3.99,1.1,-0.9666,0.2562,6.0,5.0,5.0,station
2025-10-17,9.4,8.7,10.1,8.5,8.2,8.5,8.8,9.9,8.7,7.7,8.98,0.77,0.26,90,97,22.0,4.09,1.8,-0.9621,0.2728,9.8,9.0,9.0,station
2025-10-18,7.2,6.8,7.1,7.0,6.6,7.3,7.0,9.4,6.6,6.2,6.94,0.24,-0.36,88,100,11.8,3.12,0.5,-0.9572,0.2893,6.9,7.0,7.0,station
2025-10-19,8.4,6.8,6.9,5.9,7.9,8.1,6.6,6.8,7.0,7.7,7.18,0.98,-0.06,91,100,13.4,2.76,0.8,-0.9521,0.3057,7.3,6.0,6.0,station
2025-10-20,7.9,7.1,8.2,7.2,7.4,8.9,7.1,8.0,7.6,6.7,7.56,0.47,-0.1,87,99,13.9,4.74,0.2,-0.9467,0.3221,8.1,6.0,6.0,station
2025-10-21,6.8,5.6,6.6,5.0,6.5,5.0,4.9,8.1,5.6,5.0,6.1,0.77,0.38,95,100,14.8,1.5,2.0,-0.941,0.3383,4.7,5.0,5.0,station
2025-10-22,7.5,6.6,7.5,6.5,7.0,8.7,6.7,7.4,7.3,5.5,7.02,0.48,-0.1,88,89,8.3,4.14,0.0,-0.9351,0.3545,7.0,5.0,5.0,station
2025-10-23,7.3,6.2,7.8,6.5,6.2,7.9,6.1,7.8,6.8,5.6,6.8,0.72,-0.04,80,76,13.3,3.79,0.1,-0.9288,0.3705,6.5,7.0,7.0,station
2025-10-24,9.9,9.6,9.2,7.3,8.5,8.8,9.7,9.4,7.8,7.7,8.9,1.04,0.22,88,87,17.1,2.3,1.7,-0.9223,0.3864,9.9,10.0,10.0,station
2025-10-25,10.8,10.4,10.1,8.7,10.6,11.5,10.7,10.4,9.5,10.6,10.12,0.83,-0.42,85,89,21.5,4.61,0.5,-0.9155,0.4022,12.2,11.0,11.0,station
2025-10-26,7.9,8.1,8.3,7.8,8.3,8.3,8.1,8.9,8.3,8.7,8.08,0.23,-0.38,89,81,22.5,2.16,4.0,-0.9085,0.4179,8.2,8.0,8.0,station
2025-10-27,9.9,8.6,9.1,8.2,8.7,9.4,8.5,9.3,8.6,8.8,8.9,0.64,-0.02,89,78,19.9,2.93,2.6,-0.9012,0.4335,8.9,8.0,8.0,station
2025-10-28,7.3,7.4,8.5,7.6,7.3,7.9,7.2,8.1,8.0,7.5,7.62,0.51,-0.12,91,91,15.4,2.44,4.2,-0.8936,0.4489,7.4,7.0,7.0,station
2025-10-29,6.3,7.1,6.1,6.6,7.0,6.5,6.7,6.2,6.9,7.4,6.62,0.43,-0.12,93,88,14.4,3.15,4.4,-0.8857,0.4642,7.7,7.0,7.0,station
2025-10-30,6.7,7.0,6.9,7.3,7.5,7.7,7.0,7.5,7.0,6.1,7.08,0.32,0.02,92,75,11.9,3.8,0.1,-0.8776,0.4794,8.7,8.0,8.0,station
2025-10-31,6.0,5.7,5.7,5.9,5.2,5.4,5.7,5.9,6.2,5.1,5.7,0.31,0.04,98,98,20.6,0.8,11.2,-0.8692,0.4944,5.9,6.0,6.0,station
2025-11-01,6.0,5.8,5.5,4.6,4.8,5.7,5.6,5.5,5.7,4.8,5.34,0.61,-0.12,90,100,11.2,2.32,0.0,-0.8606,0.5093,6.4,7.0,7.0,station
2025-11-02,6.3,6.9,6.9,5.8,4.4,6.8,6.7,6.4,5.9,3.3,6.06,1.04,0.24,86,99,12.8,3.12,0.2,-0.8517,0.524,7.4,6.0,6.0,station
2025-11-03,9.0,8.7,7.9,7.1,6.9,8.7,8.3,8.6,7.0,7.1,7.92,0.93,-0.02,85,100,17.2,1.11,1.5,-0.8426,0.5386,8.9,8.0,8.0,station
2025-11-04,9.0,8.8,8.3,8.8,8.9,8.8,8.8,9.2,8.8,8.8,8.76,0.27,-0.12,89,96,18.8,1.38,3.7,-0.8332,0.553,9.4,9.0,9.0,station
2025-11-05,9.1,8.5,8.2,6.1,7.1,8.1,8.0,8.5,7.4,6.3,7.8,1.2,0.14,86,78,14.9,4.0,0.0,-0.8235,0.5672,8.7,9.0,9.0,station
2025-11-06,8.8,8.6,8.5,7.7,8.6,8.3,7.5,8.6,7.0,9.3,8.44,0.43,0.3,89,100,17.8,1.89,1.3,-0.8137,0.5813,8.2,9.0,9.0,station
2025-11-07,9.6,9.1,8.3,8.3,9.5,10.4,8.7,8.2,8.1,9.2,8.96,0.63,0.04,91,100,14.5,1.6,2.9,-0.8035,0.5952,10.1,9.0,9.0,station
2025-11-08,10.1,9.3,9.6,8.6,10.0,9.7,8.1,9.7,8.4,9.8,9.52,0.61,0.38,88,100,18.9,3.93,1.5,-0.7932,0.609,10.7,10.0,10.0,station
2025-11-09,7.0,6.9,8.2,6.9,7.0,6.3,6.0,8.9,6.6,6.4,7.2,0.56,0.36,88,100,13.8,2.11,0.0,-0.7826,0.6225,7.5,8.0,8.0,station
2025-11-10,4.1,2.7,6.8,3.7,3.2,4.7,2.8,6.5,4.9,4.7,4.1,1.6,-0.62,87,100,10.2,1.24,0.0,-0.7718,0.6359,3.3,3.0,3.0,station
2025-11-11,5.4,3.9,5.4,4.0,3.4,5.8,3.9,5.8,5.1,3.3,4.42,0.92,-0.36,90,98,7.6,2.38,0.0,-0.7607,0.6491,5.8,4.0,4.0,station
2025-11-12,3.4,3.6,4.3,4.0,3.4,4.6,3.6,5.8,4.3,3.1,3.74,0.4,-0.54,94,100,16.2,0.93,1.1,-0.7494,0.6621,3.9,4.0,4.0,station
2025-11-13,6.3,5.6,6.4,6.4,6.3,5.8,5.1,5.5,5.3,4.6,6.2,0.34,0.94,94,100,16.1,1.18,0.4,-0.7379,0.6749,6.3,6.0,6.0,station
2025-11-14,7.3,5.9,6.6,5.9,6.4,6.8,5.8,6.1,5.8,5.7,6.42,0.58,0.38,84,100,27.1,1.42,0.6,-0.7262,0.6875,6.7,6.0,6.0,station
2025-11-15,5.8,5.3,5.7,5.2,6.0,6.4,5.1,6.4,5.7,5.8,5.6,0.34,-0.28,93,71,15.1,2.11,12.9,-0.7143,0.6998,4.9,5.0,5.0,station
2025-11-16,-2.3,-1.0,-0.5,-2.1,-2.7,-0.6,-1.0,-0.7,-1.9,-3.2,-1.72,0.93,-0.24,89,59,17.7,4.37,0.0,-0.7021,0.712,-1.9,-2.0,-2.0,station
2025-11-17,2.6,4.1,4.8,3.9,5.3,3.5,3.6,3.8,4.8,5.3,4.14,1.03,-0.06,93,99,20.9,0.66,2.3,-0.6898,0.724,3.0,3.0,3.0,station
2025-11-18,6.5,8.5,8.5,8.9,8.3,7.2,7.1,9.5,8.9,8.9,8.14,0.94,-0.18,96,98,22.7,0.88,10.3,-0.6772,0.7358,8.5,9.0,9.0,station
2025-11-19,1.2,1.0,1.3,0.6,-0.0,1.7,1.1,1.4,0.8,0.4,0.82,0.53,-0.26,81,89,18.3,1.45,0.1,-0.6645,0.7473,0.6,1.0,1.0,station
2025-11-20,-0.4,0.2,0.7,-0.6,-0.8,1.0,0.3,0.9,-0.5,-1.9,-0.18,0.62,-0.14,85,98,17.2,3.04,0.0,-0.6515,0.7586,1.1,1.0,1.0,station
2025-11-21,1.7,1.2,1.9,1.5,2.5,2.3,1.3,2.2,1.8,3.2,1.76,0.49,-0.4,90,100,16.7,0.59,0.6,-0.6384,0.7697,1.3,1.0,1.0,station
2025-11-22,1.5,1.6,1.4,2.1,2.0,1.4,1.3,1.8,2.5,2.3,1.72,0.31,-0.14,98,100,8.4,1.33,4.5,-0.625,0.7806,1.7,2.0,2.0,station
2025-11-23,0.4,-0.4,0.6,-0.2,-0.3,-0.1,-0.4,0.5,0.3,-0.5,0.02,0.45,0.06,90,81,17.6,2.71,0.1,-0.6115,0.7912,0.7,2.0,2.0,station
2025-11-24,4.5,5.2,5.4,6.2,6.9,4.4,5.4,5.6,6.3,6.2,5.64,0.93,0.06,96,100,23.8,0.49,9.2,-0.5978,0.8016,4.4,5.0,5.0,station
2025-11-25,1.0,1.0,0.7,0.7,0.6,1.0,1.0,0.4,0.1,0.2,0.8,0.19,0.26,84,100,19.6,1.93,0.0,-0.584,0.8118,0.8,1.0,1.0,station
2025-11-26,1.6,2.4,1.0,1.2,2.1,2.3,2.5,0.6,1.2,1.4,1.66,0.59,0.06,99,100,10.4,0.64,5.7,-0.5699,0.8217,1.1,2.0,2.0,station
2025-11-27,5.8,5.5,4.9,5.5,6.2,6.6,5.4,5.4,6.0,6.4,5.58,0.48,-0.38,99,100,15.6,0.42,5.4,-0.5557,0.8314,4.9,5.0,5.0,station
2025-11-28,5.9,5.7,5.4,5.9,6.8,6.9,5.7,5.5,6.3,7.6,5.94,0.52,-0.46,91,100,14.0,0.85,3.8,-0.5413,0.8408,5.4,6.0,6.0,station
2025-11-29,1.1,0.7,2.0,1.0,0.3,1.5,0.9,2.2,1.0,-0.2,1.02,0.63,-0.06,91,100,12.6,1.22,0.1,-0.5268,0.85,0.7,0.0,0.0,station
2025-11-30,3.7,2.2,3.3,3.9,4.4,2.8,2.8,2.8,3.9,3.5,3.5,0.83,0.34,95,99,10.3,0.57,0.1,-0.5121,0.859,2.9,3.0,3.0,station
2025-12-01,1.7,1.2,3.4,2.6,2.2,2.5,1.3,3.8,3.3,2.4,2.22,0.84,-0.44,95,97,13.1,1.26,0.0,-0.4972,0.8676,1.6,2.0,2.0,station
2025-12-02,1.0,0.2,2.3,1.4,0.8,1.6,0.6,2.2,1.7,-0.0,1.14,0.78,-0.08,97,100,10.2,0.61,0.0,-0.4822,0.8761,0.8,1.0,1.0,station
2025-12-03,0.9,0.4,2.7,1.3,0.4,1.6,0.2,4.2,1.5,-0.5,1.14,0.95,-0.26,96,100,8.8,0.69,0.0,-0.4671,0.8842,1.3,2.0,2.0,station
2025-12-04,2.6,2.5,2.1,3.0,2.3,1.8,1.9,2.4,3.8,2.9,2.5,0.34,-0.06,94,99,11.5,0.53,0.0,-0.4518,0.8921,2.5,3.0,3.0,station
2025-12-05,1.9,1.7,0.6,1.8,1.2,1.5,1.0,1.1,1.4,-0.3,1.44,0.54,0.5,94,100,11.4,0.52,0.1,-0.4364,0.8998,2.8,2.0,2.0,station
2025-12-06,3.0,2.7,1.1,2.4,2.8,1.5,1.6,1.1,2.4,2.5,2.4,0.76,0.58,93,98,12.5,0.75,0.0,-0.4208,0.9071,3.2,3.0,3.0,station
2025-12-07,1.1,1.0,0.4,-1.0,0.5,0.6,0.2,0.3,1.0,0.5,0.4,0.84,-0.12,87,100,11.0,1.39,0.0,-0.4052,0.9142,1.5,2.0,2.0,station
2025-12-08,0.4,-0.0,-0.1,-1.2,-0.4,0.3,-0.0,0.0,-1.6,-0.9,-0.26,0.6,0.18,88,100,17.4,0.87,0.0,-0.3894,0.9211,0.9,0.0,0.0,station
2025-12-09,-0.2,-0.7,-0.2,-1.1,-1.7,-0.3,-0.7,0.4,-1.3,-1.7,-0.78,0.64,-0.06,85,100,20.6,0.59,0.5,-0.3735,0.9276,-0.2,0.0,0.0,station
2025-12-10,0.7,0.1,-0.0,0.3,0.5,1.0,0.5,-0.2,0.1,0.1,0.32,0.29,0.02,89,100,15.8,1.03,1.9,-0.3575,0.9339,0.2,0.0,0.0,station
2025-12-11,3.0,4.3,2.9,2.6,4.6,3.7,4.6,2.8,3.5,4.6,3.48,0.9,-0.36,98,97,20.5,0.37,4.1,-0.3413,0.9399,3.0,4.0,4.0,station
2025-12-12,3.7,4.5,3.9,3.9,4.7,4.2,4.6,3.5,3.6,4.5,4.14,0.43,0.06,93,93,23.0,0.57,4.6,-0.3251,0.9457,4.0,5.0,5.0,station
2025-12-13,-4.6,-5.2,-4.6,-5.7,-5.8,-4.6,-4.9,-4.4,-5.6,-6.8,-5.18,0.58,0.08,72,91,27.2,1.11,1.1,-0.3088,0.9511,-4.6,-5.0,-5.0,station
2025-12-14,-6.0,-6.5,-5.8,-7.1,-7.3,-5.5,-7.4,-5.8,-6.8,-8.9,-6.54,0.66,0.34,74,96,19.0,1.39,0.1,-0.2924,0.9563,-5.6,-6.0,-6.0,station
2025-12-15,-4.1,-6.0,-4.9,-6.6,-6.9,-3.3,-6.8,-4.9,-6.3,-8.2,-5.7,1.18,0.2,86,98,10.1,1.39,0.2,-0.2759,0.9612,-4.8,-5.0,-5.0,station
2025-12-16,1.2,1.3,1.3,1.0,1.7,1.0,1.0,0.7,0.9,1.4,1.3,0.25,0.3,93,100,16.3,0.41,3.5,-0.2593,0.9658,1.3,1.0,1.0,station
2025-12-17,1.2,1.5,1.5,1.4,0.6,1.1,1.6,1.7,1.4,1.3,1.24,0.38,-0.18,98,100,14.6,0.63,0.1,-0.2427,0.9701,1.7,2.0,2.0,station
2025-12-18,0.9,0.6,1.0,-0.1,0.7,0.3,0.1,1.2,0.6,-0.1,0.62,0.43,0.2,96,100,17.5,0.56,0.0,-0.226,0.9741,0.8,0.0,0.0,station
2025-12-19,0.9,0.7,0.8,0.1,0.2,0.3,0.2,1.5,0.1,-0.3,0.54,0.36,0.18,94,100,13.8,0.87,0.0,-0.2092,0.9779,0.9,1.0,1.0,station
2025-12-20,-0.3,-0.9,1.9,-0.7,0.7,-0.4,-1.5,1.6,-0.2,0.2,0.14,1.16,0.2,95,100,15.7,0.77,0.0,-0.1923,0.9813,-0.5,-1.0,-1.0,station
2025-12-21,0.4,-0.4,0.4,0.4,0.6,0.5,-0.9,0.5,0.6,1.0,0.28,0.39,-0.06,95,100,16.1,0.6,0.8,-0.1754,0.9845,0.4,0.0,0.0,station
2025-12-22,0.5,0.9,0.4,0.5,1.8,0.7,0.4,0.5,0.5,1.6,0.82,0.58,0.08,89,99,21.2,0.5,1.2,-0.1585,0.9874,0.8,1.0,1.0,station
2025-12-23,-7.2,-7.2,-6.4,-6.3,-10.2,-6.0,-6.7,-5.5,-9.6,-8.9,-7.46,1.59,-0.12,64,100,19.4,1.46,0.0,-0.1414,0.9899,-5.8,-6.0,-6.0,station
2025-12-24,-4.3,-6.0,-7.0,-8.7,-8.4,-3.5,-4.9,-5.8,-7.0,-7.6,-6.88,1.81,-1.12,76,99,18.3,1.39,0.4,-0.1244,0.9922,-5.6,-7.0,-7.0,station
2025-12-25,-0.4,-1.2,-1.2,-2.3,-1.0,-0.6,-2.1,-2.4,-2.5,-0.8,-1.22,0.69,0.46,91,100,22.1,0.67,3.8,-0.1073,0.9942,-0.8,-2.0,-2.0,station
2025-12-26,0.8,0.3,0.6,0.1,0.6,0.8,0.1,0.3,-0.0,0.4,0.48,0.28,0.16,89,98,24.7,0.69,9.5,-0.0902,0.9959,0.8,0.0,0.0,station
2025-12-27,0.2,0.1,-1.1,-0.7,-0.1,0.4,-0.1,-1.5,-0.4,-0.4,-0.32,0.56,0.08,91,100,20.5,0.91,0.8,-0.073,0.9973,0.2,0.0,0.0,station
2025-12-28,-2.8,-2.5,-3.1,-3.3,-3.9,-3.2,-2.8,-3.6,-3.3,-4.3,-3.12,0.53,0.32,92,100,14.1,0.99,3.3,-0.0559,0.9984,-2.2,-3.0,-3.0,station
2025-12-29,-4.0,-3.6,-5.1,-4.3,-4.0,-4.2,-3.8,-5.2,-5.0,-5.2,-4.2,0.56,0.48,94,100,8.3,0.91,3.0,-0.0387,0.9993,-3.5,-3.0,-3.0,station
2025-12-30,-4.7,-5.4,-5.4,-6.4,-4.3,-5.7,-6.4,-6.2,-6.6,-5.1,-5.24,0.8,0.76,93,100,14.3,1.03,4.4,-0.0215,0.9998,-4.4,-4.0,-4.0,station
2025-12-31,-5.5,-7.0,-7.9,-7.1,-5.5,-5.6,-7.6,-8.0,-9.9,-6.1,-6.6,1.06,0.84,88,100,12.6,1.25,2.5,-0.0043,1.0,-5.3,,,
2026-01-01,-9.1,-10.3,-11.2,-11.6,-8.0,-8.6,-11.2,-10.0,-12.0,-8.4,-10.04,1.49,0.0,86,100,12.3,1.72,0.0,0.0172,0.9999,-8.4,-9.0,-9.0,station
2026-01-02,-6.7,-8.0,-6.0,-9.6,-7.1,-6.0,-7.0,-4.8,-9.0,-7.8,-7.48,1.39,-0.56,84,100,23.7,1.12,2.4,0.0344,0.9994,-8.1,-8.0,-8.0,station
2026-01-03,-1.5,-2.3,-3.0,-2.5,-1.3,-1.7,-2.5,-1.8,-2.5,-2.1,-2.12,0.71,0.0,91,89,11.9,1.52,1.2,0.0516,0.9987,-2.3,-3.0,-3.0,station
2026-01-04,-3.1,-2.6,-2.9,-3.2,-2.8,-2.8,-2.9,-3.0,-2.9,-3.3,-2.92,0.24,0.06,89,85,19.6,1.38,1.3,0.0688,0.9976,-2.2,-2.0,-2.0,station
2026-01-05,-4.7,-4.5,-6.6,-4.3,-4.0,-4.8,-4.5,-7.3,-5.6,-4.8,-4.82,1.03,0.58,87,84,15.8,1.87,0.1,0.0859,0.9963,-4.3,-4.0,-4.0,station
2026-01-06,-6.1,-7.1,-7.7,-6.2,-6.8,-6.3,-7.2,-7.6,-6.3,-6.4,-6.78,0.66,-0.02,89,100,16.9,1.39,0.9,0.103,0.9947,-5.3,-5.0,-5.0,station
2026-01-07,-5.2,-5.8,-3.0,-5.7,-4.5,-5.3,-6.3,-4.4,-6.2,-5.6,-4.84,1.15,0.72,91,100,18.2,0.77,3.5,0.1201,0.9928,-5.0,-5.0,-5.0,station
2026-01-08,-5.8,-6.2,-6.3,-6.6,-5.6,-6.9,-7.2,-8.4,-7.2,-6.9,-6.1,0.4,1.22,87,100,20.4,1.54,7.0,0.1372,0.9905,-5.4,-6.0,-6.0,station
2026-01-09,-0.2,-2.2,-0.0,-8.0,-4.3,-10.2,-3.6,-9.2,-10.2,-9.6,-2.94,3.32,5.62,86,100,27.3,0.55,18.6,0.1542,0.988,-4.4,-4.0,-4.0,station
2026-01-10,0.3,-2.1,0.2,-3.5,-2.7,-5.1,-3.5,-4.3,-6.9,-3.0,-1.56,1.73,3.0,86,94,14.9,2.08,0.1,0.1712,0.9852,-1.6,-2.0,-2.0,station
2026-01-11,-4.9,-6.5,-11.3,-7.5,-6.6,-8.1,-6.8,-8.6,-7.7,-5.9,-7.36,2.39,0.06,88,91,12.6,1.3,1.1,0.1881,0.9821,-3.7,-4.0,-4.0,station
2026-01-12,-2.3,-3.5,-5.6,-4.9,-4.2,-4.4,-4.3,-1.6,-5.5,-6.3,-4.1,1.27,0.32,91,100,16.0,1.11,5.0,0.205,0.9788,-3.6,-4.0,-4.0,station
2026-01-13,-8.9,-7.7,-13.2,-5.4,-4.6,-5.3,-9.3,-11.9,-7.5,-4.7,-7.96,3.4,-0.22,87,100,9.1,2.08,0.0,0.2218,0.9751,-4.7,-4.0,-4.0,station
2026-01-14,-4.3,-5.4,-8.0,-6.7,-6.2,-11.6,-10.1,-10.0,-10.3,-10.2,-6.12,1.39,4.32,91,99,8.8,0.94,3.9,0.2385,0.9711,-5.4,-5.0,-5.0,station
2026-01-15,-4.8,-6.1,-10.1,-8.0,-8.3,-5.1,-5.7,-9.9,-8.7,-9.3,-7.46,2.05,0.28,86,99,6.6,2.09,0.0,0.2552,0.9669,-8.2,-9.0,-9.0,station
2026-01-16,-8.1,-8.9,-11.9,-9.3,-10.4,-7.5,-7.0,-11.6,-7.8,-8.0,-9.72,1.47,-1.34,85,99,6.4,2.12,0.0,0.2718,0.9624,-9.2,-9.0,-9.0,station
2026-01-17,-13.5,-13.3,-14.2,-12.0,-13.4,-13.3,-14.0,-14.7,-13.8,-11.5,-13.28,0.8,0.18,88,100,6.8,2.25,0.0,0.2883,0.9575,-10.6,-9.0,-9.0,station
2026-01-18,-11.1,-10.0,-8.9,-9.6,-8.3,-10.1,-10.6,-9.1,-10.3,-12.0,-9.58,1.07,0.84,87,100,17.8,1.68,0.0,0.3047,0.9524,-9.9,-10.0,-10.0,station
2026-01-19,-8.6,-7.6,-6.6,-7.7,-9.1,-6.0,-7.0,-4.9,-6.0,-8.9,-7.92,0.97,-1.36,89,100,12.5,0.92,0.9,0.3211,0.9471,-6.3,-7.0,-7.0,station
2026-01-20,-4.4,-5.4,-2.8,-4.4,-5.9,-5.7,-6.2,-3.8,-4.8,-7.5,-4.58,1.19,1.02,91,100,10.2,1.29,0.3,0.3373,0.9414,-5.0,-7.0,-7.0,station
2026-01-21,-4.6,-5.5,-5.0,-5.8,-5.1,-3.9,-5.8,-4.9,-5.4,-5.1,-5.2,0.46,-0.18,91,100,7.2,1.25,2.4,0.3534,0.9355,-5.8,-5.0,-5.0,station
2026-01-22,-8.0,-7.7,-9.1,-9.5,-6.9,-7.4,-7.9,-8.3,-8.5,-6.7,-8.24,1.06,-0.48,88,100,11.9,1.73,0.2,0.3695,0.9292,-7.3,-6.0,-6.0,station
2026-01-23,-11.0,-12.1,-15.1,-12.7,-10.1,-10.7,-13.5,-12.5,-13.1,-9.0,-12.2,1.91,-0.44,84,100,11.4,2.47,0.0,0.3854,0.9227,-9.7,-9.0,-9.0,station
2026-01-24,-14.6,-15.8,-15.8,-15.4,-15.4,-16.3,-15.9,-15.7,-16.8,-13.9,-15.4,0.49,0.32,82,98,5.3,2.62,0.0,0.4012,0.916,-15.3,-15.0,-15.0,station
2026-01-25,-15.0,-16.7,-15.4,-20.5,-15.9,-16.0,-16.4,-16.2,-18.1,-16.7,-16.7,2.22,-0.02,81,99,7.4,3.12,0.0,0.4169,0.9089,-14.9,-15.0,-15.0,station
2026-01-26,-10.4,-10.6,-10.9,-11.6,-11.3,-12.1,-11.5,-13.0,-12.7,-12.6,-10.96,0.49,1.42,80,100,23.6,2.35,0.0,0.4325,0.9016,-10.4,-10.0,-10.0,station
2026-01-27,-7.5,-7.0,-6.2,-8.3,-6.8,-6.6,-6.5,-5.9,-7.0,-5.8,-7.16,0.79,-0.8,85,100,23.2,1.03,14.3,0.4479,0.8941,-7.3,-7.0,-7.0,station
2026-01-28,-8.8,-8.5,-7.3,-8.9,-8.9,-8.0,-8.4,-5.2,-8.4,-8.2,-8.48,0.68,-0.84,87,100,10.4,1.21,9.6,0.4633,0.8862,-8.4,-8.0,-8.0,station
2026-01-29,-10.5,-11.2,-8.2,-10.9,-10.6,-11.1,-10.7,-6.7,-11.2,-10.9,-10.28,1.19,-0.16,83,100,17.2,1.69,5.4,0.4784,0.8781,-10.4,-10.0,-10.0,station
2026-01-30,-13.3,-13.3,-11.9,-13.5,-12.6,-13.7,-13.0,-12.9,-13.9,-14.7,-12.92,0.66,0.72,79,66,16.5,4.56,0.0,0.4935,0.8698,-12.3,-12.0,-12.0,station
2026-01-31,-16.5,-14.5,-14.0,-15.9,-18.1,-16.9,-15.0,-14.3,-16.4,-18.3,-15.8,1.64,0.38,78,44,19.5,5.42,0.0,0.5084,0.8611,-17.0,-16.0,-16.0,station
2026-02-01,-19.8,-18.9,-18.0,-20.2,-19.7,-20.6,-19.8,-18.6,-20.6,-20.0,-19.32,0.88,0.6,75,100,19.4,3.31,1.8,0.5231,0.8523,-19.3,-20.0,-20.0,station
2026-02-02,-16.6,-16.2,-13.3,-17.9,-15.7,-15.1,-16.4,-14.3,-19.1,-16.3,-15.94,1.69,0.3,77,94,12.4,4.87,0.7,0.5377,0.8432,-17.2,-17.0,-17.0,station
2026-02-03,-16.9,-14.8,-13.3,-16.9,-16.0,-15.7,-15.2,-13.0,-18.3,-14.6,-15.58,1.54,-0.22,77,35,12.0,5.62,0.0,0.5521,0.8338,-15.6,-15.0,-15.0,station
2026-02-04,-13.2,-11.5,-12.1,-13.2,-13.5,-14.0,-12.6,-12.7,-14.5,-14.1,-12.7,0.86,0.88,80,92,12.8,4.73,0.0,0.5664,0.8242,-11.6,-11.0,-11.0,station
2026-02-05,-12.9,-12.2,-11.1,-16.2,-15.4,-13.8,-13.0,-11.0,-15.8,-16.9,-13.56,2.16,0.54,82,73,12.5,4.42,0.0,0.5805,0.8143,-11.2,-9.0,-9.0,station
2026-02-06,-12.6,-11.5,-9.5,-13.1,-12.6,-12.4,-10.9,-9.0,-12.6,-14.3,-11.86,1.44,-0.02,80,100,12.3,2.77,0.4,0.5944,0.8042,-10.5,-10.0,-10.0,station
2026-02-07,-10.0,-9.5,-6.6,-9.9,-10.1,-9.5,-9.4,-6.6,-10.5,-10.2,-9.22,1.48,0.02,84,95,10.5,4.36,0.1,0.6081,0.7938,-9.9,-9.0,-9.0,station
2026-02-08,-10.5,-10.9,-11.7,-11.3,-11.8,-10.6,-11.2,-13.0,-11.9,-11.9,-11.24,0.55,0.48,81,100,20.0,4.56,0.1,0.6217,0.7833,-10.1,-10.0,-10.0,station
2026-02-09,-10.9,-9.7,-10.4,-10.6,-10.7,-12.2,-10.3,-9.9,-11.5,-11.1,-10.46,0.46,0.54,81,100,16.8,3.88,0.0,0.6351,0.7725,-10.3,-10.0,-10.0,station
2026-02-10,-11.2,-9.1,-8.9,-10.4,-11.6,-11.3,-8.2,-9.5,-10.9,-12.0,-10.24,1.21,0.14,81,100,15.1,4.64,0.0,0.6483,0.7614,-8.4,-8.0,-8.0,station
2026-02-11,-5.7,-6.8,-6.9,-6.9,-7.4,-7.2,-7.8,-6.6,-7.9,-8.9,-6.74,0.63,0.94,78,98,18.9,2.23,1.8,0.6613,0.7502,-5.6,-6.0,-6.0,station
2026-02-12,0.5,-1.9,-0.0,-2.9,-2.5,0.2,-1.9,0.2,-1.8,-2.3,-1.36,1.52,-0.24,89,100,18.2,1.97,4.0,0.6741,0.7387,-2.7,-3.0,-3.0,station
2026-02-13,2.2,2.0,0.9,1.1,4.0,2.1,1.6,1.0,0.9,3.7,2.04,1.23,0.18,94,100,14.0,2.26,4.2,0.6867,0.727,1.9,2.0,2.0,station
2026-02-14,1.5,1.8,1.0,1.0,1.9,1.4,1.6,0.8,1.1,2.4,1.44,0.43,-0.02,96,100,17.0,1.98,1.3,0.6991,0.715,1.6,2.0,2.0,station
2026-02-15,0.5,-1.3,0.1,0.3,0.1,-0.2,-2.0,-0.0,0.2,-0.1,-0.06,0.71,0.36,83,100,15.6,5.34,0.6,0.7113,0.7029,0.2,1.0,1.0,station
2026-02-16,-12.5,-11.6,-12.6,-12.6,-11.8,-12.3,-11.9,-12.1,-12.4,-11.6,-12.22,0.48,-0.16,76,100,24.9,2.62,6.4,0.7233,0.6906,-12.1,-11.0,-11.0,station
2026-02-17,-10.9,-8.8,-10.0,-11.5,-11.5,-11.6,-8.3,-8.0,-12.1,-12.6,-10.54,1.15,-0.02,78,77,19.0,7.25,0.0,0.735,0.678,-10.5,-10.0,-10.0,station
2026-02-18,-14.4,-8.4,-9.9,-13.4,-13.5,-14.2,-7.7,-9.6,-12.7,-13.6,-11.92,2.61,-0.36,82,100,15.3,5.86,0.0,0.7466,0.6653,-9.7,-8.0,-8.0,station
2026-02-19,-6.3,-5.7,-5.8,-7.5,-6.0,-7.3,-6.2,-6.3,-7.8,-7.4,-6.26,0.73,0.74,84,100,23.5,1.93,18.1,0.7579,0.6523,-5.4,-6.0,-6.0,station
2026-02-20,-7.0,-6.8,-5.6,-7.8,-6.7,-7.5,-7.1,-6.0,-8.1,-8.7,-6.78,0.79,0.7,83,100,20.9,5.3,2.2,0.769,0.6392,-6.2,-6.0,-6.0,station
2026-02-21,-2.9,-0.8,-2.7,-3.9,-4.0,-3.0,-0.9,-2.5,-4.1,-3.8,-2.86,1.29,-0.0,76,70,24.2,7.18,1.0,0.7799,0.6259,-1.8,-1.0,-1.0,station
2026-02-22,-0.6,-1.3,-0.6,-2.8,-1.4,-1.2,-1.2,-0.4,-2.9,-2.3,-1.34,0.9,0.26,75,100,25.8,5.36,1.5,0.7906,0.6124,-1.0,-1.0,-1.0,station
2026-02-23,-0.6,-1.1,-0.9,-1.6,-1.3,-1.0,-1.2,-0.4,-1.5,-2.1,-1.1,0.38,0.14,76,85,20.1,8.58,0.4,0.801,0.5987,-0.8,0.0,0.0,station
2026-02-24,-5.0,-4.7,-3.2,-4.4,-5.5,-4.1,-3.8,-1.3,-3.1,-4.4,-4.56,0.86,-1.22,91,100,16.2,2.89,7.2,0.8112,0.5848,-4.9,-5.0,-5.0,station
2026-02-25,-2.8,-3.3,-1.6,-3.2,-3.3,-1.5,-3.0,-0.7,-4.0,-3.3,-2.84,0.72,-0.34,90,100,11.9,3.11,2.6,0.8211,0.5708,-4.3,-4.0,-4.0,station
2026-02-26,-5.5,-3.8,-3.2,-5.5,-5.5,-4.5,-3.6,-3.4,-5.1,-5.7,-4.7,1.12,-0.24,88,100,10.6,5.13,0.0,0.8308,0.5566,-4.9,-4.0,-4.0,station
2026-02-27,-3.3,-2.4,-1.5,-2.8,-3.4,-1.6,-1.6,-0.7,-2.3,-3.2,-2.68,0.77,-0.8,88,100,19.0,4.47,0.3,0.8402,0.5422,-1.7,-1.0,-1.0,station
2026-02-28,2.0,1.5,0.8,0.9,3.0,1.8,1.2,1.2,1.0,2.9,1.64,0.9,0.02,86,100,18.1,2.91,1.2,0.8495,0.5277,1.8,2.0,2.0,station
2026-03-01,3.3,3.7,0.8,2.8,3.4,4.0,2.9,1.1,3.0,3.6,2.8,1.16,-0.12,91,99,10.9,3.2,0.1,0.8584,0.513,3.4,3.0,3.0,station
2026-03-02,2.1,2.6,0.8,2.2,1.4,2.1,3.0,0.9,3.1,1.3,1.82,0.72,-0.26,92,100,16.0,3.17,4.9,0.8671,0.4981,3.0,3.0,3.0,station
2026-03-03,0.7,1.0,-0.1,0.7,0.2,0.6,1.2,-0.0,0.5,0.1,0.5,0.44,0.02,89,99,19.1,4.79,1.6,0.8755,0.4831,1.2,1.0,1.0,station
2026-03-04,0.6,0.5,0.3,0.6,1.0,1.0,0.4,0.3,0.1,0.8,0.6,0.25,0.08,90,100,16.7,2.63,3.6,0.8837,0.468,0.7,1.0,1.0,station
2026-03-05,1.3,1.6,0.1,0.8,1.3,0.9,1.7,-0.0,0.6,1.4,1.02,0.59,0.1,87,87,13.4,7.05,1.8,0.8916,0.4527,2.1,2.0,2.0,station
2026-03-06,-1.0,0.5,-1.7,-0.3,-2.2,-1.1,0.6,-2.5,-0.4,-1.7,-0.94,1.08,0.08,82,72,11.6,8.29,0.0,0.8993,0.4373,0.4,0.0,0.0,station
2026-03-07,2.2,3.3,0.8,1.2,2.0,1.7,2.5,0.8,0.7,1.9,1.9,0.97,0.38,82,45,21.3,7.59,0.0,0.9067,0.4218,2.5,3.0,3.0,station
2026-03-08,2.6,3.6,0.6,1.9,1.3,2.7,4.1,1.0,3.2,1.1,2.0,1.16,-0.42,81,80,20.6,9.19,1.0,0.9138,0.4061,3.1,4.0,4.0,station
2026-03-09,3.9,3.4,1.2,3.7,3.0,3.5,3.2,1.1,4.1,3.4,3.04,1.08,-0.02,81,95,15.0,6.32,0.5,0.9207,0.3904,3.9,4.0,4.0,station
2026-03-10,5.4,7.8,2.3,8.2,3.5,5.4,8.4,2.6,7.9,3.6,5.44,2.59,-0.14,72,47,17.1,11.9,0.1,0.9272,0.3745,8.1,9.0,9.0,station
2026-03-11,6.9,9.9,3.5,11.0,4.4,6.3,9.5,4.2,10.7,4.5,7.14,3.29,0.1,72,37,15.8,12.67,0.0,0.9335,0.3585,9.7,9.0,9.0,station
2026-03-12,8.2,10.1,5.2,12.3,5.1,7.6,9.9,5.0,11.9,4.6,8.18,3.12,0.38,73,26,13.7,12.85,3.4,0.9396,0.3424,10.8,12.0,12.0,station
2026-03-13,8.2,10.5,7.4,13.1,5.6,7.8,10.2,7.7,12.4,5.3,8.96,2.91,0.28,72,52,13.2,12.99,0.0,0.9453,0.3261,11.0,11.0,11.0,station
2026-03-14,8.3,11.0,7.8,11.8,5.7,8.0,10.6,8.3,11.7,5.7,8.92,2.48,0.06,71,9,14.8,13.61,0.0,0.9508,0.3098,10.0,11.0,11.0,station
2026-03-15,7.2,9.8,6.8,10.3,5.7,7.4,10.2,7.7,10.4,5.7,7.96,1.99,-0.32,69,2,12.8,13.89,0.0,0.956,0.2934,8.6,9.0,9.0,station
2026-03-16,6.4,10.0,5.9,9.3,4.8,6.3,9.7,6.8,9.5,5.1,7.28,2.25,-0.2,71,4,11.5,13.89,0.0,0.9609,0.2769,7.4,8.0,8.0,station
2026-03-17,4.9,8.6,5.1,7.4,3.5,4.8,8.5,4.1,8.6,3.3,5.9,2.06,0.04,71,37,9.9,13.06,0.0,0.9655,0.2604,7.4,8.0,8.0,station
2026-03-18,5.3,9.2,4.0,10.2,4.5,5.4,9.3,4.0,10.0,4.4,6.64,2.85,0.02,69,68,9.7,13.94,0.0,0.9698,0.2437,8.4,9.0,9.0,station
2026-03-19,4.8,9.8,3.2,10.3,4.1,4.5,9.5,3.2,9.9,4.4,6.44,3.35,0.14,71,26,10.9,14.56,0.0,0.9739,0.227,7.7,9.0,9.0,station
2026-03-20,5.5,8.0,4.8,10.5,5.7,6.0,8.4,3.3,10.4,4.0,6.9,2.34,0.48,76,57,13.4,14.31,0.0,0.9777,0.2102,8.1,10.0,10.0,station
2026-03-21,5.2,8.2,6.8,7.9,4.7,4.4,8.9,7.2,8.3,2.6,6.56,1.57,0.28,83,30,9.8,13.63,0.0,0.9811,0.1934,7.2,8.0,8.0,station
2026-03-22,6.9,10.0,8.2,10.0,6.8,6.6,10.6,8.3,10.2,6.4,8.38,1.58,-0.04,70,8,8.1,15.1,0.0,0.9843,0.1765,9.8,11.0,11.0,station
2026-03-23,7.6,11.0,5.6,11.8,8.0,7.1,11.1,8.0,10.8,7.5,8.8,2.56,-0.1,71,14,12.4,15.3,0.0,0.9872,0.1595,10.9,12.0,12.0,station
2026-03-24,7.4,10.4,8.2,11.0,6.9,7.1,10.7,8.4,10.2,6.5,8.78,1.83,0.2,68,16,12.6,15.44,0.0,0.9898,0.1425,11.3,12.0,12.0,station
2026-03-25,8.4,11.6,9.2,11.7,7.8,8.5,12.1,9.2,12.0,7.3,9.74,1.81,-0.08,66,19,12.6,15.84,0.0,0.9921,0.1255,11.7,12.0,12.0,station
2026-03-26,9.7,11.8,9.0,11.5,6.9,8.1,11.6,9.3,11.2,6.6,9.78,2.0,0.42,68,12,12.7,15.56,0.0,0.9941,0.1084,11.0,11.0,11.0,station
2026-03-27,9.2,10.0,8.0,10.9,5.3,11.3,11.3,11.0,12.0,7.4,8.68,2.17,-1.92,67,65,8.7,14.37,0.0,0.9958,0.0913,13.6,12.0,12.0,station
2026-03-28,11.8,14.1,7.8,12.5,9.2,11.5,12.8,11.8,10.7,9.0,11.08,2.55,-0.08,69,88,10.8,10.64,0.0,0.9972,0.0741,13.1,12.0,12.0,station
2026-03-29,14.5,16.9,8.0,15.7,11.4,13.1,16.6,8.3,15.2,10.4,13.3,3.6,0.58,61,15,12.1,16.12,0.0,0.9984,0.057,15.5,15.0,15.0,station
2026-03-30,14.7,17.7,7.9,17.0,11.9,13.9,17.7,7.1,16.0,10.2,13.84,4.02,0.86,61,61,13.0,16.59,0.0,0.9992,0.0398,15.6,17.0,17.0,station
2026-03-31,14.4,18.0,7.2,17.4,11.6,12.9,18.2,10.2,16.5,11.3,13.72,4.45,-0.1,67,44,11.8,15.29,0.0,0.9997,0.0226,15.5,17.0,17.0,station
2026-04-01,15.8,17.2,11.3,17.9,14.0,15.4,18.1,11.4,17.4,11.4,15.24,2.66,0.5,68,54,11.3,15.56,0.2,1.0,0.0054,16.4,16.0,16.0,station
2026-04-02,11.5,11.1,8.3,14.2,14.0,12.7,12.6,8.7,11.4,13.6,11.82,2.42,0.02,78,98,13.7,5.59,0.7,0.9999,-0.0118,10.1,11.0,11.0,station
2026-04-03,14.9,14.1,11.3,14.5,15.4,14.9,14.3,10.9,15.9,15.4,14.04,1.61,-0.24,67,81,12.6,16.38,0.1,0.9996,-0.029,14.7,15.0,15.0,station
2026-04-04,13.9,13.7,12.1,14.0,14.3,14.2,13.7,11.3,13.5,12.6,13.6,0.87,0.54,54,49,12.9,14.27,0.0,0.9989,-0.0462,14.3,15.0,15.0,station
2026-04-05,6.9,6.1,6.3,8.1,6.5,7.1,5.2,6.8,7.9,6.5,6.78,0.79,0.08,74,78,17.8,10.3,1.6,0.998,-0.0634,7.1,6.0,6.0,station
2026-04-06,8.4,7.4,5.4,7.1,8.1,5.1,8.3,9.6,5.9,7.7,7.28,1.17,-0.04,83,63,15.4,7.13,1.7,0.9968,-0.0805,8.3,6.0,6.0,station
2026-04-07,9.1,7.4,8.0,7.7,8.4,8.7,6.0,7.2,7.9,7.4,8.12,0.66,0.68,76,91,15.4,14.9,0.5,0.9952,-0.0977,8.2,7.0,7.0,station
2026-04-08,5.4,4.2,3.3,4.5,4.3,4.5,6.3,5.9,4.1,3.6,4.34,0.75,-0.54,85,96,13.2,9.19,1.8,0.9934,-0.1148,6.1,5.0,5.0,station
2026-04-09,2.4,1.8,2.1,2.8,4.0,1.4,2.1,1.7,2.7,4.3,2.62,0.86,0.18,88,100,25.5,4.01,3.6,0.9913,-0.1319,3.6,3.0,3.0,station
2026-04-10,4.5,3.2,3.5,3.0,4.2,3.3,0.4,2.2,3.8,5.8,3.68,0.65,0.58,77,99,25.2,4.04,1.9,0.9889,-0.1489,4.3,4.0,4.0,station
2026-04-11,5.2,4.9,5.6,5.8,6.5,5.9,0.8,4.0,4.9,6.6,5.6,0.61,1.16,92,90,18.8,6.03,4.3,0.9861,-0.1659,5.6,5.0,5.0,station
2026-04-12,10.7,8.7,10.1,9.0,9.6,10.8,3.9,9.7,9.4,8.8,9.62,0.81,1.1,83,72,10.0,14.75,0.3,0.9831,-0.1828,10.6,9.0,9.0,station
2026-04-13,12.4,11.6,11.1,11.3,10.9,12.9,12.0,11.7,11.3,11.9,11.46,0.59,-0.5,67,68,14.4,16.35,0.0,0.9799,-0.1997,11.3,11.0,11.0,station
2026-04-14,8.5,8.5,8.5,9.4,9.7,7.5,7.8,12.1,8.4,10.7,8.92,0.58,-0.38,65,85,20.7,7.23,3.5,0.9763,-0.2165,13.1,12.0,12.0,station
2026-04-15,12.7,10.8,8.8,11.4,13.1,14.4,12.0,9.2,14.8,12.7,11.36,1.71,-1.26,76,97,19.4,11.14,9.6,0.9724,-0.2333,13.7,10.0,10.0,station
2026-04-16,9.7,10.3,8.2,14.0,10.8,13.9,11.5,12.8,9.8,9.6,10.6,2.14,-0.92,85,88,13.7,6.6,1.9,0.9683,-0.25,12.6,11.0,11.0,station
2026-04-17,13.6,11.5,13.0,11.6,12.7,13.7,11.3,12.2,13.4,12.6,12.48,0.91,-0.16,72,64,14.5,11.27,0.8,0.9638,-0.2666,12.3,12.0,12.0,station
2026-04-18,8.4,7.3,8.2,9.0,7.5,10.1,7.7,9.8,10.4,11.3,8.08,0.69,-1.78,82,59,19.1,11.18,1.3,0.9591,-0.2831,10.6,10.0,10.0,station
2026-04-19,5.2,4.6,5.2,6.9,6.4,5.4,4.1,4.2,6.5,7.5,5.66,0.95,0.12,67,87,17.1,8.76,0.2,0.9541,-0.2996,4.8,4.0,4.0,station
2026-04-20,4.4,3.9,5.3,5.4,5.0,5.8,5.7,6.8,7.0,5.9,4.8,0.64,-1.44,59,100,23.8,9.48,1.2,0.9488,-0.316,4.7,5.0,5.0,station
2026-04-21,7.6,7.9,7.5,7.8,7.3,7.3,8.3,8.2,8.2,7.5,7.62,0.24,-0.28,46,70,18.3,18.35,0.0,0.9432,-0.3322,8.7,8.0,8.0,station
2026-04-22,11.5,13.2,10.8,11.9,12.2,11.2,12.8,10.5,10.9,11.7,11.92,0.89,0.5,47,53,17.8,20.06,0.0,0.9373,-0.3484,12.6,13.0,13.0,station
2026-04-23,6.8,8.0,6.4,6.1,7.9,7.2,7.4,5.8,4.9,6.9,7.04,0.87,0.6,80,100,26.5,6.25,8.3,0.9312,-0.3645,7.6,10.0,10.0,station
2026-04-24,5.3,5.1,7.2,6.5,5.0,4.9,5.1,6.5,6.7,4.9,5.82,0.98,0.2,59,74,22.6,12.39,0.0,0.9248,-0.3804,4.5,5.0,5.0,station
2026-04-25,8.7,9.5,9.3,9.0,9.9,8.3,8.4,8.2,7.9,8.6,9.28,0.46,1.0,55,60,15.5,21.19,0.6,0.9181,-0.3963,11.0,10.0,10.0,station
2026-04-26,11.2,8.5,10.1,9.4,10.3,10.8,8.3,10.5,8.5,12.3,9.9,1.01,-0.18,85,100,22.2,8.15,13.3,0.9112,-0.412,10.1,9.0,9.0,station
2026-04-27,3.2,3.1,5.2,3.5,3.7,4.5,3.0,2.6,3.6,3.3,3.74,0.85,0.34,86,100,35.7,6.73,17.8,0.9039,-0.4276,2.4,2.0,2.0,station
2026-04-28,2.0,2.4,1.2,4.2,1.9,3.7,2.5,3.6,1.8,2.3,2.34,1.13,-0.44,79,100,31.0,10.8,4.7,0.8965,-0.4431,2.3,1.0,1.0,station
2026-04-29,4.3,3.3,3.7,2.8,3.8,2.8,3.6,3.5,4.3,4.0,3.58,0.56,-0.06,75,95,18.1,14.36,1.5,0.8887,-0.4585,4.5,3.0,3.0,station
2026-04-30,6.4,5.7,7.0,5.4,6.3,5.3,6.2,6.8,6.1,6.7,6.16,0.63,-0.06,67,68,10.4,16.87,0.6,0.8807,-0.4737,5.4,4.0,4.0,station
2026-05-01,7.9,9.0,9.5,8.2,9.9,7.4,8.6,8.7,7.1,9.8,8.9,0.85,0.58,64,88,13.2,14.46,1.5,0.8724,-0.4888,9.1,8.0,8.0,station
2026-05-02,12.3,15.2,13.1,12.1,15.1,12.1,15.2,13.2,11.8,16.2,13.56,1.5,-0.14,63,73,15.6,19.41,0.0,0.8639,-0.5037,14.4,15.0,15.0,station
2026-05-03,18.4,21.0,18.9,19.4,22.2,17.5,20.7,18.5,17.6,21.7,19.98,1.58,0.78,61,13,16.4,23.33,0.1,0.8551,-0.5185,20.3,21.0,21.0,station
2026-05-04,22.7,24.9,22.7,24.1,24.9,21.7,25.3,22.4,22.2,25.6,23.86,1.11,0.42,60,15,18.0,21.36,0.1,0.846,-0.5331,23.4,25.0,25.0,station
2026-05-05,22.3,25.4,22.6,23.6,25.7,22.6,25.3,22.8,23.5,25.6,23.92,1.57,-0.04,60,33,23.2,21.16,1.7,0.8367,-0.5476,23.8,24.0,24.0,station
2026-05-06,23.2,24.4,21.9,25.3,25.7,21.5,24.0,21.1,24.7,27.6,24.1,1.56,0.32,63,22,13.8,22.95,0.0,0.8272,-0.5619,23.7,24.0,24.0,station
2026-05-07,24.7,26.6,24.5,28.3,28.2,23.5,25.1,24.2,28.1,28.5,26.46,1.83,0.58,57,37,23.4,22.53,0.4,0.8174,-0.5761,25.8,28.0,28.0,station
2026-05-08,17.0,16.7,14.8,16.9,16.5,17.4,15.3,14.0,18.4,23.5,16.38,0.9,-1.34,73,84,16.6,15.78,1.3,0.8074,-0.59,15.7,18.0,18.0,station
2026-05-09,11.2,11.2,11.2,11.3,11.8,12.7,11.1,13.1,12.8,13.0,11.34,0.26,-1.2,50,100,15.5,8.48,0.0,0.7971,-0.6038,12.7,12.0,12.0,station
2026-05-10,13.6,13.5,8.9,12.3,14.2,12.3,13.2,8.9,15.6,13.8,12.5,2.13,-0.26,48,100,19.7,8.55,0.1,0.7866,-0.6175,13.7,13.0,13.0,station
2026-05-11,16.0,12.5,11.0,12.0,14.9,12.9,11.6,11.9,13.0,16.1,13.28,2.09,0.18,78,99,15.5,13.57,0.1,0.7759,-0.6309,14.7,11.0,11.0,station
2026-05-12,18.7,15.7,14.7,17.4,19.5,16.4,13.9,14.9,16.7,19.1,17.2,2.0,1.0,84,79,11.0,10.41,0.1,0.7649,-0.6442,16.1,14.0,14.0,station
2026-05-13,20.6,20.4,21.4,20.9,21.1,20.7,21.1,21.9,20.1,21.0,20.88,0.4,-0.08,77,51,10.2,20.29,0.9,0.7537,-0.6572,20.9,22.0,22.0,station
2026-05-14,20.4,21.6,21.9,21.8,22.3,20.6,21.3,20.2,21.4,21.3,21.6,0.72,0.64,69,64,12.5,20.94,1.6,0.7423,-0.6701,22.3,23.0,23.0,station
2026-05-15,20.2,20.4,21.0,20.8,22.2,21.0,19.3,20.2,17.7,21.8,20.92,0.78,0.92,73,83,13.6,20.79,1.2,0.7306,-0.6828,21.8,23.0,23.0,station
2026-05-16,19.1,20.6,19.6,21.5,21.9,19.2,19.7,18.0,20.8,21.3,20.54,1.2,0.74,67,49,12.0,24.2,0.0,0.7188,-0.6952,21.8,20.0,20.0,station
2026-05-17,25.0,25.0,24.7,24.8,25.1,23.5,24.1,24.3,25.3,24.3,24.92,0.16,0.62,64,58,12.7,25.11,0.6,0.7067,-0.7075,26.4,26.0,26.0,station
2026-05-18,26.6,28.6,26.1,29.3,28.0,25.9,29.0,25.6,29.4,27.3,27.72,1.34,0.28,55,86,16.9,25.14,0.0,0.6945,-0.7195,28.1,28.0,28.0,station
2026-05-19,27.9,30.2,27.0,30.6,29.7,27.5,30.3,26.8,30.8,29.9,29.08,1.55,0.02,39,19,13.7,26.47,0.0,0.682,-0.7314,29.9,29.0,29.0,station
2026-05-20,28.1,30.3,27.8,31.0,29.9,27.7,30.5,27.2,31.3,30.1,29.42,1.4,0.06,39,44,17.1,26.12,0.0,0.6693,-0.743,30.1,29.0,29.0,station
2026-05-21,28.5,30.1,27.2,30.1,29.9,28.3,30.3,27.1,31.5,30.9,29.16,1.28,-0.46,42,30,13.4,24.9,0.1,0.6564,-0.7544,29.4,30.0,30.0,station
2026-05-22,27.9,28.0,27.2,29.6,29.3,27.6,28.7,26.8,30.1,30.1,28.4,1.01,-0.26,53,19,20.5,25.58,1.0,0.6433,-0.7656,29.0,29.0,29.0,station
2026-05-23,21.7,20.9,21.1,20.9,21.4,21.9,20.4,21.3,20.6,21.3,21.2,0.35,0.1,59,37,16.1,23.33,0.0,0.6301,-0.7765,21.4,21.0,21.0,station
2026-05-24,21.8,22.0,21.5,21.7,22.5,22.7,22.6,22.0,21.7,23.2,21.9,0.38,-0.54,64,36,12.3,21.98,3.4,0.6166,-0.7873,22.3,20.0,20.0,station
2026-05-25,18.8,17.8,18.5,18.8,18.2,19.2,17.9,18.5,19.2,18.8,18.42,0.43,-0.3,72,86,19.6,19.26,4.4,0.603,-0.7978,19.3,18.0,18.0,station
2026-05-26,14.4,12.6,13.7,13.3,13.6,15.0,12.8,14.2,14.8,14.2,13.52,0.65,-0.68,73,63,25.8,22.32,7.0,0.5892,-0.808,14.2,13.0,13.0,station
2026-05-27,13.9,12.2,13.7,13.3,14.8,12.2,11.9,14.1,14.2,13.8,13.58,0.95,0.34,76,59,14.9,20.29,10.1,0.5752,-0.818,13.3,13.0,13.0,station
2026-05-28,11.3,10.3,9.2,10.3,11.4,11.4,9.3,10.1,10.3,11.4,10.5,0.9,0.0,75,81,19.3,17.37,1.2,0.561,-0.8278,10.6,10.0,10.0,station
2026-05-29,9.5,9.1,8.2,9.1,8.8,10.6,8.8,9.0,8.8,11.1,8.94,0.48,-0.72,86,89,11.0,9.46,5.9,0.5467,-0.8373,10.2,8.0,8.0,station
2026-05-30,13.5,12.1,13.6,12.7,14.9,13.1,12.4,12.7,12.7,14.8,13.36,1.06,0.22,74,47,8.4,21.75,0.3,0.5322,-0.8466,14.4,14.0,14.0,station
2026-05-31,14.5,14.9,17.4,15.0,17.8,15.3,15.3,15.6,14.0,16.5,15.92,1.55,0.58,72,67,11.0,20.65,1.5,0.5176,-0.8556,17.0,17.0,17.0,station
2026-06-01,17.2,18.8,18.0,18.6,20.1,17.3,18.4,19.3,17.7,18.4,18.54,1.07,0.32,63,76,14.2,21.9,0.0,0.5028,-0.8644,19.4,20.0,20.0,station
2026-06-02,17.9,19.0,18.6,19.2,20.4,17.7,19.7,18.5,18.6,20.3,19.02,0.92,0.06,66,73,12.9,14.6,0.5,0.4878,-0.8729,18.4,19.0,19.0,station
2026-06-03,21.2,23.2,21.0,23.3,23.6,20.7,23.6,21.2,22.4,22.6,22.46,1.25,0.36,58,47,11.6,20.61,0.0,0.4728,-0.8812,22.7,24.0,24.0,station
2026-06-04,22.1,22.7,23.1,23.6,20.9,21.9,22.6,21.4,24.1,23.7,22.48,1.04,-0.26,62,22,9.4,26.73,0.4,0.4575,-0.8892,24.0,24.0,24.0,station
2026-06-05,23.3,23.8,22.8,24.5,,22.1,23.4,21.5,23.3,24.0,23.6,0.73,0.74,58,22,12.6,26.16,0.3,0.4422,-0.8969,24.4,24.0,24.0,station
2026-06-06,22.5,24.0,22.1,24.1,,22.0,24.4,21.9,25.2,23.1,23.18,1.02,-0.14,50,0,12.2,29.82,0.0,0.4267,-0.9044,24.7,24.0,24.0,station
2026-06-07,23.8,25.3,22.5,26.4,,23.4,25.1,22.6,25.7,25.5,24.5,1.71,0.04,52,72,8.3,27.62,0.0,0.4111,-0.9116,25.3,25.0,25.0,station
2026-06-08,25.4,26.6,26.0,28.4,,25.7,26.9,24.9,27.6,27.7,26.6,1.3,0.04,57,64,17.2,22.85,0.1,0.3953,-0.9185,26.0,26.0,26.0,station
2026-06-09,26.9,27.4,25.4,27.8,,26.5,27.4,26.2,28.7,29.1,26.88,1.05,-0.71,56,12,8.3,27.55,0.1,0.3795,-0.9252,27.4,28.0,28.0,station
2026-06-10,28.5,29.2,27.7,28.9,29.3,27.8,28.7,27.8,29.8,30.2,28.72,0.65,-0.14,52,7,9.6,29.16,0.0,0.3635,-0.9316,29.5,29.0,29.0,station
2026-06-11,29.1,29.7,28.8,29.6,29.9,29.0,29.0,28.8,30.3,28.7,29.42,0.45,0.26,55,24,11.7,26.01,0.2,0.3474,-0.9377,29.3,31.0,31.0,station
2026-06-12,29.7,29.4,28.9,30.9,31.0,29.6,29.4,28.7,30.5,30.2,29.98,0.93,0.3,59,31,12.5,26.83,0.5,0.3312,-0.9436,30.2,31.0,31.0,station
2026-06-13,28.1,26.4,26.0,25.5,29.1,27.1,26.1,25.4,28.3,30.1,27.02,1.52,-0.38,68,56,16.8,25.55,1.6,0.3149,-0.9491,28.9,29.0,29.0,station
2026-06-14,21.6,18.5,20.1,17.8,17.5,21.3,19.1,21.5,21.0,20.0,19.1,1.72,-1.48,82,71,12.7,15.78,5.9,0.2986,-0.9544,19.0,18.0,18.0,station
2026-06-15,19.7,19.1,21.0,21.6,19.8,22.0,19.5,19.5,19.3,20.3,20.24,1.03,0.12,77,52,13.4,21.57,6.8,0.2821,-0.9594,21.2,22.0,22.0,station
2026-06-16,17.7,17.0,18.1,17.3,17.2,18.7,17.2,18.3,17.4,17.0,17.46,0.44,-0.26,80,77,21.3,16.26,7.3,0.2656,-0.9641,17.3,18.0,18.0,station
2026-06-17,15.9,16.7,15.7,16.4,16.2,16.3,16.5,16.5,16.8,16.9,16.18,0.4,-0.42,77,39,19.2,22.4,1.8,0.2489,-0.9685,17.9,18.0,18.0,station
2026-06-18,15.2,14.7,15.3,15.0,15.7,15.9,14.1,12.4,18.5,16.9,15.18,0.37,-0.38,87,87,18.5,10.84,2.1,0.2322,-0.9727,15.8,16.0,16.0,station
2026-06-19,19.7,19.8,20.0,20.2,19.9,20.1,20.2,20.0,19.8,20.3,19.92,0.19,-0.16,82,52,19.1,23.68,8.1,0.2155,-0.9765,21.1,21.0,21.0,station
2026-06-20,19.8,20.3,20.7,20.3,19.7,19.1,19.7,19.7,19.3,19.8,20.16,0.41,0.64,72,31,20.2,26.52,0.4,0.1986,-0.9801,20.0,21.0,21.0,station
2026-06-21,22.4,23.4,23.9,24.2,24.2,22.2,23.5,22.8,24.4,23.1,23.62,0.76,0.42,63,13,13.2,29.99,0.0,0.1818,-0.9833,23.9,25.0,25.0,station
2026-06-22,23.3,22.5,21.5,24.4,25.1,21.7,22.0,25.8,24.1,26.0,23.36,1.44,-0.56,77,71,12.8,21.84,2.4,0.1648,-0.9863,23.7,23.0,23.0,station
2026-06-23,21.7,22.7,22.3,23.2,22.0,21.5,22.5,22.0,22.8,21.9,22.38,0.59,0.24,65,37,19.1,28.99,0.0,0.1478,-0.989,22.1,23.0,23.0,station
2026-06-24,20.7,21.3,21.5,21.5,22.8,19.6,20.9,21.1,21.7,22.5,21.56,0.77,0.4,58,86,15.3,19.18,0.0,0.1308,-0.9914,21.2,21.0,21.0,station
2026-06-25,19.4,17.0,17.3,18.4,19.4,19.3,17.0,17.0,17.9,19.7,18.3,1.13,0.12,82,73,15.3,16.11,2.6,0.1137,-0.9935,18.7,19.0,19.0,station
2026-06-26,20.1,18.6,20.6,19.1,20.0,19.7,19.6,20.8,19.7,21.7,19.68,0.81,-0.62,72,18,16.5,26.43,1.8,0.0966,-0.9953,20.1,21.0,21.0,station
2026-06-27,18.4,18.3,21.5,19.4,19.7,19.5,18.6,21.3,18.9,21.5,19.46,1.29,-0.5,77,79,13.1,17.87,1.5,0.0795,-0.9968,19.8,20.0,20.0,station
2026-06-28,21.6,22.2,21.4,22.3,22.4,22.5,22.4,22.5,22.3,23.1,21.98,0.45,-0.58,72,25,19.5,26.38,1.1,0.0623,-0.9981,21.7,23.0,23.0,station
2026-06-29,19.4,19.9,18.6,20.3,21.0,21.5,20.4,16.7,21.8,23.6,19.84,0.91,-0.96,76,78,14.3,14.17,0.0,0.0451,-0.999,20.9,21.0,21.0,station
2026-06-30,25.3,25.4,25.9,24.9,25.9,24.4,24.8,25.4,26.3,26.5,25.48,0.43,-0.0,72,29,11.6,23.5,0.0,0.028,-0.9996,25.9,25.0,25.0,station
2026-07-01,27.0,28.1,27.4,28.2,27.7,26.8,27.9,27.1,27.3,28.1,27.68,0.5,0.24,67,14,12.3,27.35,0.3,0.0108,-0.9999,27.5,29.0,29.0,station
2026-07-02,29.4,29.9,30.0,30.1,30.2,27.9,28.7,28.8,29.7,29.7,29.92,0.31,0.96,62,49,14.3,27.17,0.2,-0.0065,-1.0,29.3,30.0,30.0,station
2026-07-03,26.1,24.6,26.2,25.6,25.1,26.0,24.5,26.1,26.2,25.7,25.52,0.68,-0.18,65,44,14.0,26.89,0.0,-0.0237,-0.9997,26.2,27.0,27.0,station
2026-07-04,22.2,20.3,18.1,18.9,22.4,24.2,19.8,19.3,20.7,22.1,20.38,1.92,-0.84,84,82,13.6,13.49,9.2,-0.0408,-0.9992,20.8,22.0,22.0,station
2026-07-05,20.6,19.6,21.6,18.1,21.7,20.0,17.4,20.8,21.0,22.4,20.32,1.51,0.0,75,65,15.0,15.02,0.7,-0.058,-0.9983,21.0,20.0,20.0,station
2026-07-06,21.5,20.6,20.4,22.0,19.9,22.5,20.0,20.7,22.0,20.5,20.88,0.85,-0.26,77,68,19.4,23.21,8.1,-0.0752,-0.9972,21.9,22.0,22.0,station
2026-07-07,18.7,18.5,19.0,17.9,19.4,19.2,17.8,18.8,18.1,19.3,18.7,0.56,0.06,77,89,19.5,17.65,3.5,-0.0923,-0.9957,20.3,20.0,20.0,station
2026-07-08,21.7,20.6,19.5,19.9,21.1,22.1,20.6,19.5,19.3,21.3,20.56,0.89,-0.0,84,85,23.7,20.3,9.4,-0.1094,-0.994,22.8,22.0,22.0,station
2026-07-09,19.4,19.0,16.2,19.6,19.3,21.6,18.9,18.6,18.7,20.2,18.7,1.41,-0.9,86,95,14.9,12.4,6.2,-0.1265,-0.992,20.8,20.0,20.0,station
2026-07-10,26.9,25.4,26.1,28.7,26.9,24.0,23.2,20.2,25.7,25.8,26.8,1.23,3.02,88,94,13.7,17.03,11.3,-0.1436,-0.9896,27.2,27.0,27.0,station
2026-07-11,23.0,22.0,19.5,23.0,24.9,23.4,21.0,23.7,23.3,24.6,22.48,1.97,-0.72,77,94,15.2,17.69,1.7,-0.1606,-0.987,25.3,25.0,25.0,station
2026-07-12,23.4,19.4,17.4,19.3,18.8,23.5,19.7,17.1,21.7,21.1,19.66,2.24,-0.96,94,99,12.6,10.35,12.6,-0.1775,-0.9841,20.3,19.0,19.0,station
2026-07-13,23.4,22.1,22.4,23.6,19.6,19.6,20.6,20.6,21.4,18.9,22.22,1.6,2.0,82,77,15.1,17.85,2.9,-0.1944,-0.9809,22.8,22.0,22.0,station
2026-07-14,24.2,24.1,24.6,23.1,24.6,24.3,23.7,22.1,23.5,23.0,24.12,0.61,0.8,79,36,11.0,24.68,1.9,-0.2113,-0.9774,24.8,25.0,25.0,station
2026-07-15,22.8,22.7,24.5,24.2,23.5,23.5,22.8,25.0,24.6,23.6,23.54,0.81,-0.36,76,31,18.0,25.48,1.0,-0.2281,-0.9736,23.0,23.0,23.0,station
2026-07-16,18.7,18.6,17.9,19.6,19.3,19.8,18.5,18.8,19.6,19.4,18.82,0.66,-0.4,70,48,22.9,20.61,1.0,-0.2448,-0.9696,19.4,19.0,19.0,station
2026-07-17,19.9,21.0,20.7,20.5,19.8,20.1,21.0,20.5,20.1,20.1,20.38,0.52,0.02,63,1,18.2,28.71,0.0,-0.2614,-0.9652,20.9,21.0,21.0,station
2026-07-18,24.1,25.3,25.1,24.4,24.5,24.7,24.9,25.0,23.9,24.2,24.68,0.5,0.14,66,0,8.6,28.08,0.0,-0.278,-0.9606,24.7,23.0,23.0,station
2026-07-19,25.4,26.8,26.2,27.5,26.2,25.0,26.7,26.0,27.0,25.9,26.42,0.78,0.3,63,1,9.1,28.03,0.0,-0.2945,-0.9557,26.2,27.0,27.0,station
2026-07-20,26.5,26.8,26.9,28.1,27.9,25.4,26.8,25.9,27.9,27.1,27.24,0.71,0.62,65,78,9.9,23.95,0.0,-0.3109,-0.9505,26.6,26.0,26.0,station
2026-07-21,22.8,22.9,23.9,24.0,24.0,23.9,22.5,24.7,24.9,24.0,23.52,0.61,-0.48,78,91,10.0,18.08,3.6,-0.3272,-0.945,24.4,24.0,24.0,station
2026-07-22,23.4,22.3,23.5,23.8,23.9,24.0,22.0,24.2,25.0,24.4,23.38,0.64,-0.54,65,74,14.0,22.33,1.2,-0.3434,-0.9392,23.2,24.0,24.0,station
2026-07-23,21.6,21.2,20.8,21.0,22.1,22.0,21.3,21.8,21.5,23.0,21.34,0.52,-0.58,78,56,12.8,19.96,2.1,-0.3595,-0.9332,21.2,22.0,22.0,station
2026-07-24,22.6,21.2,22.3,21.8,22.2,22.5,21.8,22.5,21.7,22.3,22.02,0.54,-0.14,73,81,10.7,19.68,0.3,-0.3755,-0.9268,22.6,22.0,22.0,station
2026-07-25,22.4,21.3,15.9,23.0,20.2,22.0,20.6,24.0,20.6,23.5,20.56,2.82,-1.58,75,75,7.6,19.18,0.2,-0.3914,-0.9202,21.7,22.0,22.0,station
2026-07-26,20.0,20.0,21.5,21.7,22.6,23.0,17.6,22.9,22.2,23.1,21.16,1.14,-0.6,84,99,13.3,10.47,2.9,-0.4071,-0.9134,19.7,20.0,20.0,station
2026-07-27,24.5,24.8,24.4,24.3,24.8,23.2,18.3,16.6,19.3,23.6,24.56,0.23,4.36,72,26,14.4,24.41,0.4,-0.4228,-0.9062,24.9,26.0,26.0,station
2026-07-28,25.6,25.3,26.2,27.2,26.8,26.4,26.8,24.2,26.8,27.2,26.22,0.79,-0.06,65,56,19.3,23.07,0.8,-0.4383,-0.8988,27.5,,,
