datum,p1_ifs,p1_aifs,p1_gfs,p1_icon,p1_gem,p2_ifs,p2_aifs,p2_gfs,p2_icon,p2_gem,mm_gem,mm_spreiding,run2run,rh_gem,bewolking_gem,wind_max,instraling_som,neerslag_som,doy_sin,doy_cos,era5_max,station_max,doel,doelbron
2023-11-01,,,23.5,,,,,23.5,,,,,,52,21,9.4,14.24,0.0,-0.8606,0.5093,24.7,22.2,22.2,station
2023-11-02,,,23.7,,,,,23.8,,,,,,61,87,13.6,13.11,0.0,-0.8517,0.524,21.9,23.9,23.9,station
2023-11-03,,,24.6,,,,,23.2,,,,,,72,55,13.1,13.4,0.0,-0.8426,0.5386,24.6,25.6,25.6,station
2023-11-04,,,23.8,,,,,24.1,,,,,,91,89,16.8,8.18,0.0,-0.8332,0.553,21.2,23.9,23.9,station
2023-11-05,,,21.6,,,,,21.8,,,,,,90,92,16.9,7.1,5.7,-0.8235,0.5672,19.8,21.7,21.7,station
2023-11-06,,,19.5,,,,,19.0,,,,,,90,65,16.6,10.41,3.0,-0.8137,0.5813,19.3,20.6,20.6,station
2023-11-07,,,17.2,,,,,17.2,,,,,,85,10,20.8,12.63,0.3,-0.8035,0.5952,16.5,18.9,18.9,station
2023-11-08,,,19.9,,,,,19.5,,,,,,70,0,12.2,13.62,0.0,-0.7932,0.609,19.3,21.7,21.7,station
2023-11-09,,,17.9,,,,,18.7,,,,,,76,56,12.0,11.13,0.0,-0.7826,0.6225,18.8,18.3,18.3,station
2023-11-10,,,19.2,,,,,18.9,,,,,,76,60,9.7,12.42,0.6,-0.7718,0.6359,19.5,20.6,20.6,station
2023-11-11,,,19.9,,,,,19.4,,,,,,71,25,8.9,12.68,0.0,-0.7607,0.6491,20.0,20.6,20.6,station
2023-11-12,,,21.3,,,,,21.2,,,,,,76,71,13.5,12.51,0.0,-0.7494,0.6621,19.6,20.6,20.6,station
2023-11-13,,,19.5,,,,,19.8,,,,,,83,65,13.6,10.53,0.0,-0.7379,0.6749,17.8,18.9,18.9,station
2023-11-14,,,20.7,,,,,21.2,,,,,,78,84,15.9,9.36,7.7,-0.7262,0.6875,20.3,22.8,22.8,station
2023-11-15,,,18.4,,,,,18.0,,,,,,79,93,13.4,7.16,10.1,-0.7143,0.6998,18.9,18.9,18.9,station
2023-11-16,,,18.1,,,,,17.2,,,,,,91,80,11.1,8.33,16.9,-0.7021,0.712,18.3,20.0,20.0,station
2023-11-17,,,19.1,,,,,18.5,,,,,,93,90,14.0,5.05,26.2,-0.6898,0.724,18.3,18.3,18.3,station
2023-11-18,,,18.0,,,,,18.1,,,,,,92,91,25.0,7.06,9.9,-0.6772,0.7358,16.7,18.3,18.3,station
2023-11-19,,,14.9,,,,,15.1,,,,,,75,19,23.0,11.89,0.0,-0.6645,0.7473,15.4,16.7,16.7,station
2023-11-20,,,17.6,,,,,17.9,,,,,,57,0,16.7,12.03,0.0,-0.6515,0.7586,17.0,20.0,20.0,station
2023-11-21,,,17.1,,,,,16.6,,,,,,74,89,8.4,9.6,0.0,-0.6384,0.7697,17.2,17.2,17.2,station
2023-11-22,,,18.6,,,,,18.7,,,,,,75,93,9.8,9.25,0.0,-0.625,0.7806,18.0,19.4,19.4,station
2023-11-23,,,19.4,,,,,18.5,,,,,,78,16,13.0,11.43,0.0,-0.6115,0.7912,18.8,20.0,20.0,station
2023-11-24,,,16.2,,,,,16.1,,,,,,54,0,14.4,11.98,0.0,-0.5978,0.8016,14.3,17.2,17.2,station
2023-11-25,,,15.0,,,,,14.8,,,,,,56,3,12.7,11.61,0.0,-0.584,0.8118,15.5,17.8,17.8,station
2023-11-26,,,14.8,,,,,16.3,,,,,,67,92,9.4,9.72,0.0,-0.5699,0.8217,15.0,16.7,16.7,station
2023-11-27,,,15.5,,,,,15.8,,,,,,66,32,8.8,10.85,0.0,-0.5557,0.8314,15.8,18.3,18.3,station
2023-11-28,,,18.1,,,,,17.6,,,,,,71,12,12.6,10.32,0.0,-0.5413,0.8408,17.6,16.7,16.7,station
2023-11-29,,,15.2,,,,,16.4,,,,,,83,68,11.3,8.58,10.0,-0.5268,0.85,14.9,17.2,17.2,station
2023-11-30,,,15.0,,,,,15.1,,,,,,85,30,27.2,10.39,0.0,-0.5121,0.859,14.7,17.2,17.2,station
2023-12-01,,,14.2,,,,,14.4,,,,,,79,75,23.5,9.67,0.0,-0.4972,0.8676,14.3,16.1,16.1,station
2023-12-02,,,16.6,,,,,16.3,,,,,,93,97,14.1,5.26,1.8,-0.4822,0.8761,15.2,17.2,17.2,station
2023-12-03,,,17.4,,,,,17.1,,,,,,94,100,8.7,6.43,1.6,-0.4671,0.8842,16.5,18.3,18.3,station
2023-12-04,,,17.8,,,,,17.7,,,,,,93,78,9.4,8.5,0.0,-0.4518,0.8921,17.4,16.7,16.7,station
2023-12-05,,,18.8,,,,,19.2,,,,,,90,95,9.0,8.65,0.0,-0.4364,0.8998,18.3,18.3,18.3,station
2023-12-06,,,17.0,,,,,15.6,,,,,,93,72,25.9,4.09,8.4,-0.4208,0.9071,16.6,17.2,17.2,station
2023-12-07,,,14.7,,,,,14.6,,,,,,83,34,24.1,6.38,5.2,-0.4052,0.9142,15.3,16.1,16.1,station
2023-12-08,,,13.2,,,,,13.1,,,,,,80,18,13.8,10.39,0.0,-0.3894,0.9211,13.2,15.0,15.0,station
2023-12-09,,,13.9,,,,,14.0,,,,,,64,63,12.5,10.04,0.0,-0.3735,0.9276,13.7,16.1,16.1,station
2023-12-10,,,14.4,,,,,14.4,,,,,,80,97,9.4,8.42,0.0,-0.3575,0.9339,13.5,15.0,15.0,station
2023-12-11,,,16.1,,,,,16.0,,,,,,79,26,12.1,9.76,0.0,-0.3413,0.9399,15.4,16.7,16.7,station
2023-12-12,,,16.5,,,,,16.2,,,,,,92,52,10.6,8.29,0.0,-0.3251,0.9457,14.8,16.1,16.1,station
2023-12-13,,,14.9,,,,,15.2,,,,,,79,65,10.7,8.99,0.0,-0.3088,0.9511,14.4,20.0,20.0,station
2023-12-14,,,14.4,,,,,14.7,,,,,,78,100,7.0,8.01,0.0,-0.2924,0.9563,15.4,15.6,15.6,station
2023-12-15,,,14.9,,,,,14.9,,,,,,74,100,9.1,9.06,0.0,-0.2759,0.9612,16.1,16.7,16.7,station
2023-12-16,,,17.1,,,,,16.9,,,,,,67,40,9.4,9.87,0.0,-0.2593,0.9658,18.5,17.2,17.2,station
2023-12-17,,,14.5,,,,,18.8,,,,,,81,96,12.0,4.02,51.3,-0.2427,0.9701,13.2,15.0,15.0,station
2023-12-18,,,16.6,,,,,17.0,,,,,,94,95,23.0,4.69,20.9,-0.226,0.9741,17.5,17.8,17.8,station
2023-12-19,,,17.3,,,,,17.1,,,,,,93,91,22.4,7.38,6.7,-0.2092,0.9779,16.5,18.3,18.3,station
2023-12-20,,,15.1,,,,,15.2,,,,,,93,100,18.6,2.71,29.5,-0.1923,0.9813,14.0,15.6,15.6,station
2023-12-21,,,17.1,,,,,17.4,,,,,,91,65,9.1,7.61,0.0,-0.1754,0.9845,16.3,16.7,16.7,station
2023-12-22,,,18.2,,,,,17.1,,,,,,90,16,21.1,9.1,0.0,-0.1585,0.9874,16.1,17.2,17.2,station
2023-12-23,,,15.2,,,,,15.4,,,,,,86,31,11.3,9.77,0.0,-0.1414,0.9899,13.5,16.7,16.7,station
2023-12-24,,,14.7,,,,,14.7,,,,,,90,89,9.5,9.34,0.0,-0.1244,0.9922,13.2,13.3,13.3,station
2023-12-25,,,15.3,,,,,16.7,,,,,,91,95,10.0,8.43,0.0,-0.1073,0.9942,14.1,15.0,15.0,station
2023-12-26,,,15.5,,,,,16.1,,,,,,93,90,9.3,7.56,0.0,-0.0902,0.9959,13.9,14.4,14.4,station
2023-12-27,,,15.3,,,,,16.7,,,,,,86,100,25.6,2.95,3.1,-0.073,0.9973,15.2,15.6,15.6,station
2023-12-28,,,17.5,,,,,17.0,,,,,,92,94,10.9,3.11,1.5,-0.0559,0.9984,17.4,16.7,16.7,station
2023-12-29,,,18.3,,,,,18.4,,,,,,92,100,32.2,4.4,20.9,-0.0387,0.9993,17.3,18.3,18.3,station
2023-12-30,,,,,,,,,,,,,,91,56,13.8,8.65,8.7,-0.0215,0.9998,14.6,16.1,16.1,station
2023-12-31,,,,,,,,,,,,,,95,91,7.2,4.74,0.9,-0.0043,1.0,13.7,13.9,13.9,station
2024-01-01,,,,,,,,,,,,,,94,54,9.7,9.58,0.0,0.0172,0.9999,14.3,15.0,15.0,station
2024-01-02,,,,,,,,,,,,,,87,91,26.4,7.4,7.6,0.0344,0.9994,15.7,17.2,17.2,station
2024-01-03,,,,,,,,,,,,,,86,46,22.1,9.06,2.3,0.0516,0.9987,13.2,15.0,15.0,station
2024-01-04,,,,,,,,,,,,,,83,42,20.3,9.98,0.1,0.0688,0.9976,14.2,15.6,15.6,station
2024-01-05,,,,,,,,,,,,,,90,48,12.3,10.17,2.1,0.0859,0.9963,15.2,16.7,16.7,station
2024-01-06,,,,,,,,,,,,,,83,79,29.5,4.65,3.9,0.103,0.9947,13.1,13.9,13.9,station
2024-01-07,,,,,,,,,,,,,,69,2,19.5,10.74,0.0,0.1201,0.9928,11.3,12.8,12.8,station
2024-01-08,,,,,,,,,,,,,,79,67,9.4,5.82,0.0,0.1372,0.9905,12.2,12.8,12.8,station
2024-01-09,,,,,,,,,,,,,,84,57,28.7,5.29,3.5,0.1542,0.988,13.1,14.4,14.4,station
2024-01-10,,,,,,,,,,,,,,82,67,31.4,3.84,9.1,0.1712,0.9852,12.3,13.3,13.3,station
2024-01-11,,,,,,,,,,,,,,67,28,29.9,11.15,0.0,0.1881,0.9821,11.3,12.2,12.2,station
2024-01-12,,,,,,,,,,,,,,77,86,12.2,7.05,0.0,0.205,0.9788,12.0,12.2,12.2,station
2024-01-13,,,,,,,,,,,,,,91,100,29.0,2.62,13.1,0.2218,0.9751,13.1,13.9,13.9,station
2024-01-14,,,,,,,,,,,,,,92,92,27.0,9.83,1.9,0.2385,0.9711,14.3,15.0,15.0,station
2024-01-15,,,,,,,,,,,,,,92,74,10.7,9.73,0.0,0.2552,0.9669,13.7,15.0,15.0,station
2024-01-16,,,,,,,,,,,,,,95,98,21.2,5.14,9.1,0.2718,0.9624,14.0,13.9,13.9,station
2024-01-17,,,,,,,,,,,,,,92,89,17.6,10.28,0.4,0.2883,0.9575,14.6,15.6,15.6,station
2024-01-18,,,,,,,,,,,,,,87,99,9.8,7.97,0.0,0.3047,0.9524,15.8,15.0,15.0,station
2024-01-19,,,13.2,14.0,16.6,,,,,,,,,90,99,18.8,2.85,5.9,0.3211,0.9471,14.2,13.3,13.3,station
2024-01-20,,,15.1,14.5,14.1,,,15.2,13.9,14.8,,,,93,99,25.2,4.56,6.7,0.3373,0.9414,15.2,15.0,15.0,station
2024-01-21,,,15.5,16.9,14.0,,,16.4,16.6,14.1,,,,90,94,29.2,5.81,6.8,0.3534,0.9355,16.9,16.7,16.7,station
2024-01-22,,,14.7,15.1,13.6,,,15.9,15.4,14.0,,,,94,77,33.4,8.4,13.1,0.3695,0.9292,15.4,15.0,15.0,station
2024-01-23,,,13.5,15.1,13.0,,,16.0,15.2,13.0,,,,93,94,16.0,8.57,1.5,0.3854,0.9227,15.2,14.4,14.4,station
2024-01-24,,,13.9,14.2,13.1,,,14.4,13.9,13.2,,,,93,100,21.3,4.23,7.1,0.4012,0.916,15.5,15.6,15.6,station
2024-01-25,,,14.1,14.7,13.9,,,16.9,15.2,14.3,,,,91,53,12.5,11.57,0.0,0.4169,0.9089,15.3,15.6,15.6,station
2024-01-26,,,14.5,15.1,16.5,,,17.0,14.7,15.4,,,,81,92,6.9,8.49,0.0,0.4325,0.9016,16.9,14.4,14.4,station
2024-01-27,,,16.6,15.2,17.4,,,18.1,14.7,17.6,,,,86,100,11.5,8.63,0.0,0.4479,0.8941,16.7,15.6,15.6,station
2024-01-28,,,18.7,19.5,21.6,,,20.6,18.8,21.9,,,,80,52,12.3,11.78,0.1,0.4633,0.8862,20.0,18.3,18.3,station
2024-01-29,,,18.4,18.9,19.7,,,23.0,18.8,19.2,,,,77,30,6.8,12.28,0.0,0.4784,0.8781,21.5,17.2,17.2,station
2024-01-30,,,15.0,18.0,16.1,,,20.1,17.2,17.1,,,,79,88,14.0,11.02,0.0,0.4935,0.8698,17.5,16.7,16.7,station
2024-01-31,,,13.3,15.7,15.4,,,16.4,15.6,15.6,,,,87,100,32.4,3.07,32.6,0.5084,0.8611,15.0,15.6,15.6,station
2024-02-01,,,13.1,14.3,13.6,,,14.8,14.2,12.9,,,,91,75,18.6,10.58,6.0,0.5231,0.8523,13.4,14.4,14.4,station
2024-02-02,,,11.9,12.0,12.1,,,12.6,12.1,11.9,,,,84,53,20.2,10.32,3.3,0.5377,0.8432,12.7,14.4,14.4,station
2024-02-03,,,11.0,12.0,12.8,,,13.4,12.6,11.8,,,,85,99,22.7,5.69,8.6,0.5521,0.8338,12.4,12.8,12.8,station
2024-02-04,14.6,,15.4,16.1,13.5,,,16.3,15.8,13.8,14.9,1.12,,89,100,44.3,5.01,32.2,0.5664,0.8242,15.4,16.7,16.7,station
2024-02-05,13.2,,13.9,13.5,12.5,12.9,,14.1,13.9,13.1,13.28,0.59,-0.22,85,57,33.4,11.13,8.1,0.5805,0.8143,13.5,15.6,15.6,station
2024-02-06,12.5,,12.0,12.7,11.9,12.7,,13.8,12.4,12.4,12.28,0.39,-0.55,88,50,16.3,12.46,0.6,0.5944,0.8042,12.8,14.4,14.4,station
2024-02-07,10.4,,11.1,11.5,10.4,11.3,,11.0,12.0,13.0,10.85,0.54,-0.97,78,66,33.0,5.71,11.2,0.6081,0.7938,11.2,12.2,12.2,station
2024-02-08,12.0,,12.0,12.9,12.3,11.7,,13.4,12.5,12.7,12.3,0.42,-0.27,76,15,18.2,13.72,0.1,0.6217,0.7833,12.2,12.8,12.8,station
2024-02-09,12.3,,12.1,13.2,11.9,12.2,,12.6,13.0,11.5,12.38,0.57,0.05,85,80,15.7,13.24,0.0,0.6351,0.7725,12.7,13.3,13.3,station
2024-02-10,14.2,,14.6,14.5,14.1,14.2,,14.5,14.2,13.5,14.35,0.24,0.25,82,7,16.4,14.52,0.0,0.6483,0.7614,14.9,16.1,16.1,station
2024-02-11,13.8,,13.2,14.7,14.1,13.2,,14.6,14.0,14.2,13.95,0.62,-0.05,90,51,9.6,13.73,0.0,0.6613,0.7502,14.8,14.4,14.4,station
2024-02-12,13.9,,12.7,14.4,13.5,13.6,,15.3,13.8,14.7,13.62,0.72,-0.72,90,79,8.9,13.26,0.0,0.6741,0.7387,14.6,15.0,15.0,station
2024-02-13,13.8,,13.0,14.9,14.4,13.7,,16.6,14.4,15.4,14.03,0.82,-1.0,90,84,13.4,10.15,1.0,0.6867,0.727,14.4,13.9,13.9,station
2024-02-14,14.9,,14.0,14.3,14.0,12.8,,15.9,14.0,14.3,14.3,0.42,0.05,91,98,29.0,5.75,11.7,0.6991,0.715,14.1,15.0,15.0,station
2024-02-15,15.4,,14.4,15.4,14.6,15.3,,16.4,15.7,14.7,14.95,0.53,-0.57,90,76,10.6,12.33,1.1,0.7113,0.7029,15.5,15.6,15.6,station
2024-02-16,16.8,,16.3,16.1,16.8,17.0,,18.2,16.7,16.5,16.5,0.36,-0.6,85,100,8.8,9.49,0.0,0.7233,0.6906,16.4,13.9,13.9,station
2024-02-17,13.4,,13.9,14.6,14.0,14.4,,14.1,14.2,13.5,13.97,0.49,-0.08,85,98,30.4,4.68,14.2,0.735,0.678,15.6,13.9,13.9,station
2024-02-18,17.2,,16.4,17.0,16.5,17.5,,20.1,17.8,16.8,16.77,0.39,-1.28,91,82,27.2,11.65,11.4,0.7466,0.6653,18.9,18.9,18.9,station
2024-02-19,14.7,,14.6,15.3,14.2,14.6,,16.6,15.4,14.4,14.7,0.45,-0.55,89,86,35.9,10.24,8.2,0.7579,0.6523,14.7,17.2,17.2,station
2024-02-20,14.0,,14.1,15.2,12.8,14.6,,15.6,16.6,12.5,14.03,0.98,-0.8,90,93,18.0,7.47,6.4,0.769,0.6392,14.3,14.4,14.4,station
2024-02-21,14.3,,14.2,14.6,13.9,14.6,,16.3,14.9,14.3,14.25,0.29,-0.78,90,54,14.5,13.8,2.9,0.7799,0.6259,14.2,15.0,15.0,station
2024-02-22,14.7,,14.3,15.8,14.9,15.1,,17.3,15.3,15.0,14.93,0.63,-0.75,88,52,7.1,15.01,0.3,0.7906,0.6124,15.4,15.0,15.0,station
2024-02-23,16.0,,16.4,17.0,16.4,16.3,,17.1,18.0,16.6,16.45,0.41,-0.55,81,85,13.0,12.1,0.0,0.801,0.5987,17.3,18.3,18.3,station
2024-02-24,19.3,,19.3,19.4,19.7,19.4,,20.3,18.8,19.3,19.43,0.19,-0.02,72,21,7.6,16.95,0.0,0.8112,0.5848,20.7,19.4,19.4,station
2024-02-25,18.0,,15.2,17.2,15.8,16.5,,19.5,17.0,17.3,16.55,1.28,-1.02,83,31,16.1,16.7,0.0,0.8211,0.5708,17.3,18.3,18.3,station
2024-02-26,15.3,,13.7,16.7,13.6,14.1,,14.7,14.7,13.1,14.82,1.47,0.68,84,60,22.7,11.39,0.2,0.8308,0.5566,15.9,16.7,16.7,station
2024-02-27,14.1,,15.0,15.6,13.9,13.9,,14.6,15.5,13.2,14.65,0.79,0.35,76,26,17.9,17.79,0.0,0.8402,0.5422,13.9,16.1,16.1,station
2024-02-28,16.4,,15.1,16.8,14.8,16.1,,17.4,16.6,13.9,15.78,0.97,-0.22,87,45,12.0,17.25,0.0,0.8495,0.5277,16.7,17.2,17.2,station
2024-02-29,13.5,,14.8,15.4,14.5,13.5,,13.8,15.6,14.2,14.55,0.79,0.28,90,97,30.8,7.31,8.4,0.8584,0.513,13.8,13.9,13.9,station
2024-03-01,11.9,,13.2,13.3,13.2,12.3,,13.3,13.2,13.8,12.9,0.67,-0.25,86,90,35.4,8.96,15.2,0.8671,0.4981,12.5,13.9,13.9,station
2024-03-02,10.1,,10.6,11.2,10.1,10.4,,11.0,11.7,10.4,10.5,0.52,-0.38,75,74,33.4,11.16,10.5,0.8755,0.4831,10.7,12.2,12.2,station
2024-03-03,11.1,,10.6,11.8,11.6,11.4,,12.5,11.5,11.5,11.28,0.54,-0.45,76,52,24.0,13.06,3.8,0.8837,0.468,12.5,12.2,12.2,station
2024-03-04,13.0,,12.6,13.5,12.8,14.1,,14.0,14.0,13.5,12.97,0.39,-0.93,79,85,15.6,11.85,0.4,0.8916,0.4527,13.7,13.3,13.3,station
2024-03-05,15.3,,15.2,16.4,14.9,15.5,,16.3,16.0,15.8,15.45,0.66,-0.45,83,91,22.3,10.66,0.9,0.8993,0.4373,15.4,15.0,15.0,station
2024-03-06,14.3,,15.8,14.9,16.0,15.7,,17.4,14.3,15.2,15.25,0.79,-0.4,92,84,16.6,12.19,14.8,0.9067,0.4218,14.7,14.4,14.4,station
2024-03-07,14.1,,15.0,14.9,13.9,14.3,,15.4,15.1,13.6,14.47,0.56,-0.12,84,8,18.9,18.28,0.0,0.9138,0.4061,13.9,15.0,15.0,station
2024-03-08,16.6,,15.1,17.8,16.7,16.1,,19.7,17.7,16.6,16.55,1.11,-0.97,81,11,10.4,19.78,0.0,0.9207,0.3904,16.9,17.8,17.8,station
2024-03-09,15.1,,14.8,15.3,15.4,14.4,,15.0,14.3,13.6,15.15,0.26,0.83,86,89,18.9,12.03,0.0,0.9272,0.3745,14.9,15.0,15.0,station
2024-03-10,15.7,,15.1,15.0,14.8,14.5,,14.9,14.3,13.7,15.15,0.39,0.8,80,97,19.9,13.85,0.0,0.9335,0.3585,14.8,16.1,16.1,station
2024-03-11,14.7,,14.4,14.5,14.2,14.4,,15.6,14.6,13.7,14.45,0.21,-0.12,80,80,16.9,15.6,4.2,0.9396,0.3424,14.1,15.0,15.0,station
2024-03-12,15.4,,14.1,15.2,14.6,15.7,,15.4,15.7,15.1,14.82,0.59,-0.65,84,82,22.9,14.97,4.2,0.9453,0.3261,14.6,15.6,15.6,station
2024-03-13,15.3,,17.3,16.2,14.8,15.2,,16.3,17.1,15.3,15.9,1.1,-0.08,75,48,21.7,19.79,0.0,0.9508,0.3098,14.8,16.1,16.1,station
2024-03-14,17.7,19.6,19.3,19.5,19.0,17.7,,18.7,19.9,19.3,19.02,0.77,0.12,45,1,29.3,21.5,0.0,0.956,0.2934,17.7,18.3,18.3,station
2024-03-15,20.1,20.6,22.4,21.6,22.5,19.6,21.2,21.3,21.1,22.9,21.44,1.07,0.22,45,0,25.2,21.41,0.0,0.9609,0.2769,20.8,22.2,22.2,station
2024-03-16,19.5,18.5,21.1,20.3,19.5,18.6,18.1,20.7,20.3,18.5,19.78,0.98,0.54,68,4,15.1,21.1,0.0,0.9655,0.2604,19.2,21.7,21.7,station
2024-03-17,18.8,16.8,16.5,19.0,17.6,18.8,16.8,23.0,16.9,18.3,17.74,1.13,-1.02,86,21,15.1,21.04,0.0,0.9698,0.2437,18.6,17.2,17.2,station
2024-03-18,18.7,17.2,16.5,19.5,19.1,18.7,17.4,24.3,19.6,18.0,18.2,1.29,-1.4,89,40,11.2,20.64,0.0,0.9739,0.227,18.0,17.8,17.8,station
2024-03-19,17.6,16.8,13.9,18.1,14.7,17.5,16.5,22.2,18.2,14.1,16.22,1.83,-1.48,88,39,14.9,20.38,0.0,0.9777,0.2102,16.6,16.7,16.7,station
2024-03-20,17.8,17.5,14.0,17.2,14.9,17.8,17.0,20.0,18.1,15.7,16.28,1.71,-1.44,85,40,12.3,20.72,0.0,0.9811,0.1934,17.3,17.2,17.2,station
2024-03-21,18.2,17.8,17.2,19.1,17.0,18.1,17.9,21.0,19.8,17.7,17.86,0.84,-1.04,84,79,14.3,20.66,0.0,0.9843,0.1765,17.5,18.3,18.3,station
2024-03-22,18.7,16.8,15.5,17.3,15.8,18.1,16.1,18.7,17.2,17.1,16.82,1.28,-0.62,86,79,27.5,14.12,9.7,0.9872,0.1595,17.9,18.9,18.9,station
2024-03-23,12.5,13.2,12.6,13.1,13.0,13.3,13.3,14.3,13.7,13.0,12.88,0.31,-0.64,84,71,23.7,15.48,14.2,0.9898,0.1425,13.5,15.0,15.0,station
2024-03-24,13.8,14.3,13.5,14.5,13.5,13.8,14.4,14.8,15.5,12.8,13.92,0.46,-0.34,83,52,32.6,20.1,6.3,0.9921,0.1255,13.6,15.6,15.6,station
2024-03-25,14.9,14.2,14.2,14.2,13.9,14.3,14.2,14.9,15.0,13.6,14.28,0.37,-0.12,79,84,26.6,18.44,0.2,0.9941,0.1084,14.2,14.4,14.4,station
2024-03-26,15.0,15.3,15.0,15.9,15.5,14.8,15.4,17.8,15.0,15.2,15.34,0.38,-0.3,82,55,21.1,22.25,0.0,0.9958,0.0913,14.5,15.0,15.0,station
2024-03-27,15.5,14.8,14.4,15.3,13.9,14.9,14.8,17.9,15.5,14.1,14.78,0.65,-0.66,89,93,24.6,7.99,3.8,0.9972,0.0741,14.3,14.4,14.4,station
2024-03-28,15.0,14.9,13.1,14.9,13.8,14.5,14.5,15.4,14.4,13.7,14.34,0.85,-0.16,78,72,22.0,19.82,0.6,0.9984,0.057,14.6,16.1,16.1,station
2024-03-29,12.1,11.6,12.5,12.8,11.2,11.7,11.5,11.1,13.0,11.6,12.04,0.65,0.26,89,95,23.8,6.5,20.4,0.9992,0.0398,12.8,12.2,12.2,station
2024-03-30,14.9,14.3,13.7,16.0,15.2,14.2,13.8,15.1,15.2,15.1,14.82,0.88,0.14,80,83,18.3,18.75,6.6,0.9997,0.0226,15.1,16.7,16.7,station
2024-03-31,16.9,15.0,14.8,16.5,15.8,16.9,14.5,16.3,17.4,16.1,15.8,0.91,-0.44,83,34,18.0,21.79,0.0,1.0,0.0054,16.8,17.8,17.8,station
2024-04-01,18.7,19.0,19.9,19.0,18.9,19.1,18.4,21.3,19.2,18.8,19.1,0.46,-0.26,74,10,13.6,23.92,0.0,0.9999,-0.0118,19.4,21.1,21.1,station
2024-04-02,20.2,18.7,19.4,19.7,18.4,19.5,18.2,24.6,18.5,18.3,19.28,0.73,-0.54,84,12,13.8,22.76,0.0,0.9996,-0.029,18.6,18.9,18.9,station
2024-04-03,14.5,13.7,13.5,15.0,13.4,14.9,13.9,17.3,14.8,13.9,14.02,0.7,-0.94,84,96,25.5,14.91,0.3,0.9989,-0.0462,14.3,15.0,15.0,station
2024-04-04,10.5,10.0,8.9,10.4,10.8,9.9,9.7,11.4,10.4,10.2,10.12,0.74,-0.2,76,81,24.5,16.4,11.5,0.998,-0.0634,11.0,12.2,12.2,station
2024-04-05,12.0,11.6,11.4,13.4,12.1,11.8,11.5,12.3,13.3,12.6,12.1,0.78,-0.2,73,31,33.7,23.88,1.5,0.9968,-0.0805,12.2,13.3,13.3,station
2024-04-06,13.1,13.6,13.5,14.1,13.3,13.6,13.4,14.9,14.3,13.6,13.52,0.38,-0.44,72,46,16.8,21.84,0.8,0.9952,-0.0977,13.4,15.0,15.0,station
2024-04-07,14.1,14.7,14.5,14.6,14.0,13.8,14.5,15.1,14.6,13.9,14.38,0.31,0.0,79,20,23.7,23.75,0.9,0.9934,-0.1148,14.3,15.6,15.6,station
2024-04-08,18.2,17.7,19.5,19.2,17.5,18.0,17.5,19.6,18.4,16.5,18.42,0.89,0.42,79,1,18.9,25.06,0.0,0.9913,-0.1319,16.5,18.9,18.9,station
2024-04-09,21.2,20.1,20.7,22.1,20.0,20.9,20.2,24.3,23.0,20.6,20.82,0.86,-0.98,86,21,14.1,24.58,0.0,0.9889,-0.1489,19.7,21.7,21.7,station
2024-04-10,22.2,21.9,24.8,21.8,19.9,22.9,22.3,26.4,22.6,21.5,22.12,1.75,-1.02,82,57,13.7,24.3,0.0,0.9861,-0.1659,23.4,22.2,22.2,station
2024-04-11,21.6,19.6,20.7,20.9,17.1,21.1,19.0,25.4,18.6,16.1,19.98,1.76,-0.06,82,3,19.1,25.26,0.0,0.9831,-0.1828,21.1,21.1,21.1,station
2024-04-12,16.6,14.2,14.2,15.3,14.0,15.9,14.3,19.2,15.3,14.1,14.86,1.1,-0.9,82,72,26.9,19.62,0.0,0.9799,-0.1997,15.1,15.6,15.6,station
2024-04-13,12.8,12.4,12.8,14.0,12.4,12.0,12.3,13.6,13.7,12.4,12.88,0.66,0.08,81,90,25.1,10.69,16.6,0.9763,-0.2165,12.6,13.3,13.3,station
2024-04-14,13.9,14.5,12.4,14.2,11.2,13.7,14.9,14.2,12.4,12.3,13.24,1.4,-0.26,82,90,18.9,20.8,7.8,0.9724,-0.2333,14.4,15.0,15.0,station
2024-04-15,16.8,16.4,15.8,16.6,14.8,16.3,15.9,19.1,17.0,13.6,16.08,0.81,-0.3,86,49,13.4,21.89,0.4,0.9683,-0.25,16.5,17.8,17.8,station
2024-04-16,20.8,20.5,22.4,21.4,17.9,21.1,20.3,24.4,20.7,18.7,20.6,1.67,-0.44,85,48,13.7,24.95,0.0,0.9638,-0.2666,20.4,21.7,21.7,station
2024-04-17,22.1,21.4,22.3,22.6,19.3,22.9,22.1,26.5,22.0,18.5,21.54,1.33,-0.86,81,70,12.7,22.11,0.0,0.9591,-0.2831,21.9,24.4,24.4,station
2024-04-18,23.1,19.3,25.6,21.9,19.4,23.7,19.2,26.4,22.4,17.9,21.86,2.65,-0.06,83,54,16.3,24.75,0.0,0.9541,-0.2996,21.1,20.6,20.6,station
2024-04-19,20.5,17.7,19.3,18.6,16.3,20.1,17.0,24.4,18.5,15.9,18.48,1.59,-0.7,86,46,16.3,23.45,0.0,0.9488,-0.316,18.3,18.3,18.3,station
2024-04-20,21.2,19.6,16.2,19.6,16.5,20.7,19.3,22.9,19.7,16.4,18.62,2.18,-1.18,75,28,19.1,26.74,0.0,0.9432,-0.3322,17.8,19.4,19.4,station
2024-04-21,23.1,21.3,21.0,22.6,18.2,22.5,20.7,27.0,21.4,19.5,21.24,1.91,-0.98,82,30,14.0,26.5,0.0,0.9373,-0.3484,22.0,21.7,21.7,station
2024-04-22,22.8,18.3,23.8,21.2,18.6,21.8,17.2,23.8,19.1,17.1,20.94,2.46,1.14,83,36,25.8,25.84,0.0,0.9312,-0.3645,21.0,21.7,21.7,station
2024-04-23,18.4,16.2,16.2,17.3,15.5,18.3,16.0,19.9,17.6,16.1,16.72,1.14,-0.86,77,74,22.9,20.52,0.0,0.9248,-0.3804,17.4,16.7,16.7,station
2024-04-24,17.2,16.5,16.3,16.7,15.7,17.3,16.4,18.2,17.5,16.1,16.48,0.55,-0.62,77,95,15.3,16.34,1.3,0.9181,-0.3963,17.4,16.7,16.7,station
2024-04-25,16.3,15.0,14.8,16.0,14.5,15.4,15.0,17.3,15.6,14.5,15.32,0.79,-0.24,84,76,31.4,21.91,0.0,0.9112,-0.412,15.7,16.7,16.7,station
2024-04-26,16.1,15.9,15.9,16.6,14.3,16.1,15.9,17.0,16.5,14.3,15.76,0.86,-0.2,84,43,33.6,25.61,0.3,0.9039,-0.4276,15.9,17.2,17.2,station
2024-04-27,15.9,16.1,16.1,17.6,15.2,15.7,16.0,18.6,17.0,15.4,16.18,0.88,-0.36,81,21,29.5,27.12,0.0,0.8965,-0.4431,16.2,17.8,17.8,station
2024-04-28,17.4,17.8,18.4,18.9,16.3,16.5,17.2,18.4,19.3,15.7,17.76,1.0,0.34,77,4,31.4,27.9,0.0,0.8887,-0.4585,17.2,17.2,17.2,station
2024-04-29,17.1,17.3,17.1,18.0,15.8,17.0,17.2,19.2,17.3,16.7,17.06,0.8,-0.42,74,0,34.9,28.42,0.0,0.8807,-0.4737,17.1,18.3,18.3,station
2024-04-30,17.5,17.1,17.9,17.2,15.3,17.2,17.6,19.9,18.2,15.6,17.0,1.0,-0.7,73,0,25.1,28.54,0.0,0.8724,-0.4888,16.9,17.8,17.8,station
2024-05-01,21.7,19.2,21.1,20.6,17.5,21.6,19.3,23.6,21.2,18.7,20.02,1.68,-0.86,68,2,20.6,28.72,0.0,0.8639,-0.5037,19.8,21.7,21.7,station
2024-05-02,20.5,18.7,20.7,19.5,16.6,20.4,18.8,21.5,19.4,16.7,19.2,1.66,-0.16,76,11,29.4,27.61,0.0,0.8551,-0.5185,17.9,18.9,18.9,station
2024-05-03,19.4,17.7,17.9,19.7,15.4,19.4,17.7,23.9,19.9,15.9,18.02,1.71,-1.34,81,27,29.2,27.51,0.0,0.846,-0.5331,18.5,18.9,18.9,station
2024-05-04,13.1,13.1,12.3,14.1,12.2,13.2,13.4,13.7,14.1,12.5,12.96,0.77,-0.42,89,71,25.1,9.71,23.4,0.8367,-0.5476,12.2,13.9,13.9,station
2024-05-05,14.0,14.0,13.1,14.2,12.4,14.0,14.1,15.5,14.5,12.5,13.54,0.77,-0.58,74,13,24.7,28.78,0.0,0.8272,-0.5619,13.4,15.0,15.0,station
2024-05-06,16.9,16.4,15.5,17.0,14.8,16.8,16.0,17.7,16.4,14.8,16.12,0.95,-0.22,81,45,19.1,27.69,0.0,0.8174,-0.5761,16.4,17.2,17.2,station
2024-05-07,18.3,18.4,18.8,18.4,17.1,18.2,18.4,19.4,18.1,16.6,18.2,0.64,0.06,79,14,19.6,28.76,0.0,0.8074,-0.59,17.1,17.2,17.2,station
2024-05-08,23.1,22.0,25.1,25.3,21.4,22.7,22.0,24.8,24.6,20.4,23.38,1.77,0.48,58,0,22.1,29.73,0.0,0.7971,-0.6038,22.9,24.4,24.4,station
2024-05-09,25.4,23.5,28.2,26.6,26.3,25.7,22.4,27.7,27.3,27.0,26.0,1.72,-0.02,46,6,18.4,29.15,0.0,0.7866,-0.6175,27.5,28.3,28.3,station
2024-05-10,27.5,23.1,27.3,26.1,24.6,27.2,21.6,29.5,24.5,22.5,25.72,1.87,0.66,56,1,14.7,28.55,0.0,0.7759,-0.6309,27.5,26.7,26.7,station
2024-05-11,26.0,21.7,22.2,22.9,20.9,28.0,21.7,29.6,23.2,22.6,22.74,1.96,-2.28,69,17,15.8,28.97,0.0,0.7649,-0.6442,25.3,20.6,20.6,station
2024-05-12,24.3,20.0,17.6,20.9,17.4,24.3,18.9,27.3,22.6,18.1,20.04,2.82,-2.2,83,39,15.9,27.23,0.0,0.7537,-0.6572,20.2,17.8,17.8,station
2024-05-13,20.2,17.6,16.8,18.4,16.5,20.2,17.1,24.5,18.7,16.2,17.9,1.48,-1.44,85,71,19.4,23.36,0.0,0.7423,-0.6701,17.1,17.8,17.8,station
2024-05-14,21.9,18.5,21.2,20.0,16.6,21.4,19.0,23.6,20.0,16.8,19.64,2.13,-0.52,85,83,18.2,23.5,0.0,0.7306,-0.6828,19.0,19.4,19.4,station
2024-05-15,23.3,18.7,22.2,20.0,17.7,23.5,18.5,24.4,20.1,19.1,20.38,2.34,-0.74,84,74,18.5,24.81,0.0,0.7188,-0.6952,19.4,19.4,19.4,station
2024-05-16,23.1,18.1,20.4,20.1,17.6,23.5,18.2,23.3,20.1,19.0,19.86,2.18,-0.96,86,90,23.2,22.15,0.0,0.7067,-0.7075,18.9,20.6,20.6,station
2024-05-17,21.2,17.7,21.5,18.2,16.9,21.2,18.1,23.0,18.6,16.2,19.1,2.11,-0.32,81,73,20.2,25.9,0.0,0.6945,-0.7195,19.3,20.6,20.6,station
2024-05-18,21.8,16.9,20.7,19.5,17.3,22.4,17.1,21.8,18.7,18.3,19.24,2.12,-0.42,84,81,28.5,24.67,0.0,0.682,-0.7314,17.7,20.0,20.0,station
2024-05-19,20.5,17.0,19.8,18.0,16.9,20.0,17.0,21.5,17.7,17.4,18.44,1.64,-0.28,76,19,24.5,29.67,0.0,0.6693,-0.743,16.9,20.6,20.6,station
2024-05-20,22.2,18.8,22.8,21.3,17.5,22.2,18.4,24.1,21.1,18.1,20.52,2.28,-0.26,72,5,18.4,29.77,0.0,0.6564,-0.7544,19.6,22.2,22.2,station
2024-05-21,25.7,20.7,25.7,23.7,19.6,24.8,20.3,27.4,24.4,20.1,23.08,2.82,-0.32,70,2,18.8,30.21,0.0,0.6433,-0.7656,24.2,23.9,23.9,station
2024-05-22,20.8,18.8,20.9,19.6,17.6,20.3,18.3,20.1,19.5,17.1,19.54,1.39,0.48,78,9,25.6,29.45,0.0,0.6301,-0.7765,19.1,19.4,19.4,station
2024-05-23,20.6,18.0,18.9,20.3,16.0,20.9,18.2,22.5,20.3,16.0,18.76,1.87,-0.82,71,23,24.7,29.93,0.0,0.6166,-0.7873,17.6,18.9,18.9,station
2024-05-24,16.0,14.6,15.3,15.1,13.9,15.9,14.8,17.4,15.8,14.5,14.98,0.79,-0.7,81,87,29.9,19.63,0.2,0.603,-0.7978,14.9,15.0,15.0,station
2024-05-25,16.3,15.6,14.3,15.8,13.5,16.1,15.7,16.1,15.4,13.3,15.1,1.16,-0.22,80,55,24.7,23.91,0.5,0.5892,-0.808,15.6,16.7,16.7,station
2024-05-26,20.2,18.2,15.8,18.9,15.0,19.5,18.4,22.7,19.0,14.1,17.62,2.17,-1.12,77,25,16.3,29.23,0.0,0.5752,-0.818,19.2,20.0,20.0,station
2024-05-27,18.9,17.6,15.2,17.9,14.5,18.9,17.7,21.6,18.1,13.9,16.82,1.88,-1.22,81,40,20.0,28.17,0.0,0.561,-0.8278,17.1,17.8,17.8,station
2024-05-28,18.8,17.0,15.6,16.7,14.9,17.8,16.7,19.4,15.9,14.4,16.6,1.49,-0.24,78,26,23.5,29.3,0.0,0.5467,-0.8373,17.4,19.4,19.4,station
2024-05-29,23.9,21.2,21.2,22.8,18.1,23.3,20.5,23.8,22.3,17.3,21.44,2.19,0.0,68,1,20.8,30.47,0.0,0.5322,-0.8466,21.9,24.4,24.4,station
2024-05-30,26.3,22.6,23.3,23.9,18.1,25.7,22.8,28.5,27.3,19.0,22.84,2.99,-1.82,66,5,15.5,30.32,0.0,0.5176,-0.8556,24.0,23.3,23.3,station
2024-05-31,27.5,21.3,26.7,23.4,17.1,25.5,20.7,24.9,22.9,16.9,23.2,4.23,1.02,67,0,20.0,30.19,0.0,0.5028,-0.8644,25.2,21.7,21.7,station
2024-06-01,18.8,17.4,17.0,18.9,15.6,18.8,17.7,19.3,18.8,15.5,17.54,1.37,-0.48,80,16,35.3,29.96,0.0,0.4878,-0.8729,17.0,17.8,17.8,station
2024-06-02,19.9,18.9,18.1,19.6,16.5,19.4,18.8,22.5,19.1,16.8,18.6,1.36,-0.72,88,95,29.3,25.97,0.0,0.4728,-0.8812,17.7,19.4,19.4,station
2024-06-03,19.7,19.0,18.4,20.2,16.4,20.3,19.1,19.7,20.3,16.1,18.74,1.48,-0.36,90,96,20.7,17.9,0.0,0.4575,-0.8892,19.0,19.4,19.4,station
2024-06-04,27.6,25.0,24.8,26.7,20.4,26.4,25.4,28.9,27.8,22.0,24.9,2.77,-1.2,68,15,30.3,29.54,0.0,0.4422,-0.8969,24.0,25.0,25.0,station
2024-06-05,28.3,26.0,25.6,28.4,21.7,27.0,25.6,31.8,28.6,20.4,26.0,2.72,-0.68,65,0,18.8,29.75,0.0,0.4267,-0.9044,26.2,25.6,25.6,station
2024-06-06,25.3,21.7,24.0,21.4,17.0,23.8,20.7,25.3,20.0,16.7,21.88,3.17,0.58,71,0,19.7,30.02,0.0,0.4111,-0.9116,21.1,17.2,17.2,station
2024-06-07,24.5,19.6,23.5,21.2,17.2,25.1,19.5,23.1,21.1,17.3,21.2,2.95,-0.02,78,29,29.1,30.26,0.0,0.3953,-0.9185,20.0,21.7,21.7,station
2024-06-08,21.2,18.6,18.9,19.2,15.8,20.7,19.0,21.4,19.7,16.3,18.74,1.93,-0.68,75,62,26.3,28.44,0.0,0.3795,-0.9252,18.4,18.9,18.9,station
2024-06-09,21.2,18.7,18.3,18.8,15.7,20.7,18.8,20.1,18.5,15.6,18.54,1.96,-0.2,74,46,26.2,29.62,0.0,0.3635,-0.9316,18.3,18.3,18.3,station
2024-06-10,25.8,22.4,23.1,21.9,19.0,25.8,22.0,28.4,22.2,18.9,22.44,2.44,-1.02,77,39,18.1,28.43,0.0,0.3474,-0.9377,22.5,18.9,18.9,station
2024-06-11,30.3,25.7,28.0,25.8,21.3,29.5,25.9,31.4,24.9,22.0,26.22,3.33,-0.52,69,5,19.2,29.97,0.0,0.3312,-0.9436,27.5,26.7,26.7,station
2024-06-12,22.9,18.9,22.8,21.6,16.4,23.6,19.5,21.9,21.4,18.1,20.52,2.81,-0.38,76,24,28.9,30.18,0.0,0.3149,-0.9491,20.2,21.1,21.1,station
2024-06-13,21.8,18.5,21.0,19.7,15.5,21.3,18.3,21.4,20.3,15.5,19.3,2.47,-0.06,80,42,24.5,28.38,0.0,0.2986,-0.9544,17.7,19.4,19.4,station
2024-06-14,23.2,21.2,19.4,21.5,15.8,23.1,20.7,25.0,23.9,16.2,20.22,2.81,-1.56,72,9,25.4,30.74,0.0,0.2821,-0.9594,19.3,18.9,18.9,station
2024-06-15,21.4,20.0,20.6,21.2,16.3,21.6,20.2,24.4,20.9,16.5,19.9,2.09,-0.82,71,1,30.0,30.93,0.0,0.2656,-0.9641,21.0,20.0,20.0,station
2024-06-16,21.1,20.3,20.2,21.7,15.8,20.6,20.1,21.0,21.2,16.2,19.82,2.33,0.0,66,1,31.6,30.62,0.0,0.2489,-0.9685,18.6,18.9,18.9,station
2024-06-17,24.9,22.3,23.3,23.8,17.5,24.0,22.0,25.6,24.4,17.1,22.36,2.87,-0.26,59,4,29.3,31.41,0.0,0.2322,-0.9727,22.4,22.8,22.8,station
2024-06-18,25.3,21.7,20.1,23.7,17.7,26.1,21.8,23.2,23.9,18.4,21.7,2.98,-0.98,65,39,21.6,27.88,0.0,0.2155,-0.9765,22.1,22.2,22.2,station
2024-06-19,19.5,18.3,16.1,18.3,15.1,19.1,18.3,21.8,18.1,14.6,17.46,1.8,-0.92,81,61,20.3,27.24,0.0,0.1986,-0.9801,18.0,16.7,16.7,station
2024-06-20,20.5,19.2,15.6,19.6,14.6,21.1,19.2,26.5,19.9,15.9,17.9,2.62,-2.62,83,92,21.8,24.18,0.0,0.1818,-0.9833,16.6,16.7,16.7,station
2024-06-21,23.0,20.8,19.9,22.0,16.8,26.8,21.6,29.8,23.0,18.0,20.5,2.38,-3.34,82,65,19.1,25.84,0.0,0.1648,-0.9863,18.8,17.8,17.8,station
2024-06-22,29.9,25.1,29.6,24.1,20.2,29.5,25.1,32.6,25.8,19.9,25.78,4.06,-0.8,70,14,16.5,29.34,0.0,0.1478,-0.989,26.6,20.0,20.0,station
2024-06-23,25.1,23.4,22.6,23.2,16.9,24.5,23.1,24.2,23.7,16.9,22.24,3.13,-0.24,72,22,18.7,29.13,0.0,0.1308,-0.9914,22.0,19.4,19.4,station
2024-06-24,26.7,23.4,21.4,23.5,17.3,26.5,23.2,28.8,23.6,17.0,22.46,3.45,-1.36,69,13,17.9,30.46,0.0,0.1137,-0.9935,24.5,22.2,22.2,station
2024-06-25,25.8,21.9,19.3,23.3,18.0,25.0,21.4,29.1,23.8,18.0,21.66,3.12,-1.8,68,36,17.3,28.71,0.0,0.0966,-0.9953,23.9,20.0,20.0,station
2024-06-26,20.8,20.6,17.2,20.5,14.9,21.6,20.2,23.6,20.1,15.0,18.8,2.64,-1.3,83,52,21.1,26.32,0.0,0.0795,-0.9968,18.3,18.3,18.3,station
2024-06-27,21.5,19.6,18.5,20.3,15.7,21.1,19.9,23.5,19.9,15.4,19.12,2.2,-0.84,77,4,24.1,30.66,0.0,0.0623,-0.9981,19.0,18.3,18.3,station
2024-06-28,25.1,21.8,23.2,22.0,18.0,23.9,21.1,27.7,22.0,16.9,22.02,2.6,-0.3,73,12,18.5,30.11,0.0,0.0451,-0.999,24.4,21.7,21.7,station
2024-06-29,25.2,22.4,24.1,22.5,18.3,25.4,22.6,29.4,22.9,19.4,22.5,2.62,-1.44,69,17,20.6,28.68,0.0,0.028,-0.9996,24.1,21.1,21.1,station
2024-06-30,24.0,23.5,20.2,24.3,17.9,23.6,23.4,25.3,23.9,17.4,21.98,2.81,-0.74,70,6,26.4,29.86,0.0,0.0108,-0.9999,20.8,20.6,20.6,station
2024-07-01,27.8,24.3,23.1,27.4,18.3,27.8,24.7,29.3,28.0,18.7,24.18,3.85,-1.52,72,1,20.5,30.41,0.0,-0.0065,-1.0,22.4,22.8,22.8,station
2024-07-02,35.5,27.9,35.7,33.0,25.0,35.6,27.7,36.5,34.7,25.3,31.42,4.77,-0.54,56,2,16.7,30.4,0.0,-0.0237,-0.9997,33.6,31.1,31.1,station
2024-07-03,35.0,28.2,35.3,30.6,25.4,35.0,26.3,35.7,32.4,25.5,30.9,4.3,-0.08,48,4,17.9,28.86,0.0,-0.0408,-0.9992,36.5,28.9,28.9,station
2024-07-04,30.4,26.6,29.4,27.9,22.2,33.7,26.6,36.0,29.0,25.1,27.3,3.2,-2.78,59,19,16.1,27.56,0.0,-0.058,-0.9983,28.1,30.0,30.0,station
2024-07-05,30.6,27.2,22.8,29.8,21.9,31.6,25.5,35.7,29.4,20.8,26.46,3.97,-2.14,62,24,17.4,28.93,0.0,-0.0752,-0.9972,27.4,25.0,25.0,station
2024-07-06,30.8,27.7,21.7,28.9,21.6,30.3,26.1,33.9,29.0,22.1,26.14,4.25,-2.14,63,1,17.9,30.02,0.0,-0.0923,-0.9957,28.7,23.9,23.9,station
2024-07-07,30.7,23.9,25.3,27.1,20.2,29.1,23.4,32.3,26.2,19.9,25.44,3.88,-0.74,71,21,18.9,28.98,0.0,-0.1094,-0.994,26.5,22.2,22.2,station
2024-07-08,27.1,22.8,19.1,24.9,18.8,27.0,22.1,30.3,24.7,18.5,22.54,3.61,-1.98,74,10,18.3,29.9,0.0,-0.1265,-0.992,23.0,21.1,21.1,station
2024-07-09,25.9,22.5,18.5,23.7,19.3,26.3,21.7,28.0,23.7,18.2,21.98,3.08,-1.6,79,38,17.9,28.86,0.0,-0.1436,-0.9896,24.1,21.7,21.7,station
2024-07-10,30.6,25.5,24.5,25.8,22.7,30.9,25.6,33.9,27.5,23.1,25.82,2.93,-2.38,72,53,15.3,26.68,0.0,-0.1606,-0.987,28.2,22.8,22.8,station
2024-07-11,34.1,27.0,34.6,28.1,25.0,33.5,25.7,36.0,28.5,25.7,29.76,4.34,-0.12,62,13,16.7,27.29,0.0,-0.1775,-0.9841,32.3,26.7,26.7,station
2024-07-12,31.4,24.2,30.8,26.0,23.4,30.8,23.4,33.2,25.7,23.6,27.16,3.72,-0.18,66,25,18.1,28.47,0.0,-0.1944,-0.9809,27.4,20.6,20.6,station
2024-07-13,26.1,22.5,26.4,23.5,18.8,29.8,22.0,30.2,23.2,20.8,23.46,3.09,-1.74,78,80,23.2,22.45,0.0,-0.2113,-0.9774,22.6,21.7,21.7,station
2024-07-14,23.9,21.1,22.8,22.3,19.0,25.2,21.1,29.4,22.4,18.9,21.82,1.87,-1.58,82,67,22.1,25.42,0.0,-0.2281,-0.9736,21.7,20.6,20.6,station
2024-07-15,23.5,21.3,20.4,21.4,17.6,23.8,21.1,28.3,22.6,17.4,20.84,2.14,-1.8,80,63,19.6,25.8,0.0,-0.2448,-0.9696,21.2,21.1,21.1,station
2024-07-16,22.4,20.0,18.9,21.3,17.9,23.2,20.2,27.6,21.5,17.6,20.1,1.8,-1.92,79,45,22.8,27.93,0.0,-0.2614,-0.9652,20.7,20.6,20.6,station
2024-07-17,22.9,22.8,18.7,22.4,16.6,22.6,22.2,28.2,23.0,16.6,20.68,2.87,-1.84,80,52,19.9,27.23,0.0,-0.278,-0.9606,21.0,19.4,19.4,station
2024-07-18,25.8,23.0,20.4,24.7,17.8,26.1,23.4,29.2,24.1,16.4,22.34,3.25,-1.5,77,15,21.3,29.08,0.0,-0.2945,-0.9557,22.5,21.1,21.1,station
2024-07-19,31.3,27.5,28.4,30.1,23.0,29.7,26.1,30.5,27.8,20.1,28.06,3.19,1.22,66,0,22.3,29.38,0.0,-0.3109,-0.9505,28.6,26.7,26.7,station
2024-07-20,24.9,23.1,19.9,22.2,18.5,22.0,22.1,22.4,21.1,17.4,21.72,2.55,0.72,78,5,26.3,28.76,0.0,-0.3272,-0.945,21.7,20.0,20.0,station
2024-07-21,20.7,20.4,18.7,20.6,17.3,20.9,20.6,23.3,20.7,17.2,19.54,1.49,-1.0,84,63,27.6,23.67,0.0,-0.3434,-0.9392,19.2,17.8,17.8,station
2024-07-22,29.2,24.7,29.9,25.5,20.0,29.0,25.4,30.9,26.6,20.7,25.86,3.98,-0.66,74,43,17.6,26.82,0.0,-0.3595,-0.9332,26.1,22.8,22.8,station
2024-07-23,32.5,26.1,33.3,27.8,23.5,31.5,25.3,32.2,29.0,24.1,28.64,4.19,0.22,57,43,20.1,27.03,0.0,-0.3755,-0.9268,31.8,24.4,24.4,station
2024-07-24,31.6,27.0,30.3,27.5,22.7,31.0,25.2,32.0,28.4,22.2,27.82,3.44,0.06,50,11,18.4,27.09,0.0,-0.3914,-0.9202,29.3,26.1,26.1,station
2024-07-25,28.0,25.2,27.0,23.7,19.7,27.9,24.6,31.0,24.0,18.8,24.72,3.26,-0.54,68,31,15.6,26.68,0.0,-0.4071,-0.9134,25.4,24.4,24.4,station
2024-07-26,24.7,21.5,17.5,21.8,16.3,22.1,20.1,23.3,21.1,15.8,20.36,3.42,-0.12,74,22,21.4,28.54,0.0,-0.4228,-0.9062,22.0,17.8,17.8,station
2024-07-27,19.8,18.9,16.2,18.3,15.3,18.7,19.0,21.1,18.7,14.9,17.7,1.89,-0.78,81,100,22.1,15.71,0.1,-0.4383,-0.8988,18.0,15.0,15.0,station
2024-07-28,22.5,20.5,18.8,19.9,16.3,21.2,20.4,22.0,20.3,16.1,19.6,2.28,-0.4,81,80,20.0,23.91,0.0,-0.4537,-0.8912,20.5,20.0,20.0,station
2024-07-29,21.6,21.2,18.1,19.9,17.1,20.8,21.3,24.2,19.7,16.6,19.58,1.95,-0.94,84,94,24.3,21.75,0.0,-0.469,-0.8832,19.6,18.3,18.3,station
2024-07-30,22.4,22.4,20.0,21.7,17.5,22.3,22.5,24.8,21.1,17.4,20.8,2.09,-0.82,89,94,16.9,19.87,0.0,-0.4841,-0.875,20.8,20.0,20.0,station
2024-07-31,24.4,23.3,19.7,22.1,17.7,23.9,23.0,29.5,22.9,17.4,21.44,2.72,-1.9,85,88,16.6,23.22,0.0,-0.4991,-0.8666,21.6,20.0,20.0,station
2024-08-01,24.2,24.3,19.9,22.4,17.8,24.4,23.8,29.5,23.3,17.7,21.72,2.83,-2.02,86,98,15.3,21.85,0.0,-0.5139,-0.8578,21.9,20.0,20.0,station
2024-08-02,25.6,24.1,22.1,25.3,18.2,25.0,23.4,28.8,23.9,17.5,23.06,3.05,-0.66,86,97,15.9,19.81,0.0,-0.5286,-0.8489,21.6,18.9,18.9,station
2024-08-03,25.8,24.8,22.8,26.3,18.2,27.1,25.2,29.4,25.8,17.8,23.58,3.29,-1.48,82,78,17.3,23.38,0.0,-0.5431,-0.8397,22.7,20.6,20.6,station
2024-08-04,23.5,21.7,18.6,22.8,17.2,22.9,22.2,29.8,23.6,17.7,20.76,2.73,-2.48,89,96,18.4,20.12,0.0,-0.5575,-0.8302,19.2,17.2,17.2,station
2024-08-05,24.2,21.5,18.4,22.8,17.1,23.6,21.5,29.6,22.6,17.5,20.8,2.98,-2.16,88,95,18.4,21.56,0.0,-0.5717,-0.8205,19.0,17.2,17.2,station
2024-08-06,29.5,25.7,21.2,25.0,19.0,29.2,24.9,33.6,25.4,19.5,24.08,4.09,-2.44,75,36,16.3,26.9,0.0,-0.5857,-0.8105,27.0,22.8,22.8,station
2024-08-07,28.1,23.5,25.1,24.4,19.4,28.6,23.7,30.7,24.1,18.9,24.1,3.14,-1.1,74,23,20.0,27.49,0.0,-0.5996,-0.8003,24.3,21.1,21.1,station
2024-08-08,24.0,21.9,20.0,22.0,17.6,24.8,21.7,28.5,22.6,17.8,21.1,2.41,-1.98,87,88,17.4,19.95,0.0,-0.6132,-0.7899,20.2,18.3,18.3,station
2024-08-09,25.1,21.9,20.5,24.0,16.4,24.0,22.1,29.5,24.1,17.5,21.58,3.4,-1.86,86,86,20.5,22.45,0.0,-0.6267,-0.7792,20.1,17.8,17.8,station
2024-08-10,25.6,23.9,21.1,25.3,17.8,26.0,23.7,27.5,29.1,17.7,22.74,3.29,-2.06,81,42,20.3,26.0,0.0,-0.64,-0.7683,21.2,17.2,17.2,station
2024-08-11,21.7,20.7,18.9,21.6,16.5,21.4,21.1,22.9,21.6,16.4,19.88,2.2,-0.8,89,98,17.5,15.84,0.0,-0.6532,-0.7572,18.5,17.2,17.2,station
2024-08-12,21.7,20.3,17.5,21.0,15.9,20.5,20.2,23.5,19.9,15.7,19.28,2.47,-0.68,82,42,19.9,26.09,0.0,-0.6661,-0.7459,19.6,18.3,18.3,station
2024-08-13,23.9,23.1,19.4,23.2,17.7,24.4,23.0,24.9,22.7,17.0,21.46,2.74,-0.94,76,5,21.7,27.21,0.0,-0.6788,-0.7343,21.8,20.6,20.6,station
2024-08-14,23.8,23.1,18.7,23.1,17.4,23.1,22.9,23.9,22.7,17.7,21.22,2.94,-0.84,84,42,22.3,25.28,0.0,-0.6914,-0.7225,21.1,20.0,20.0,station
2024-08-15,23.5,22.7,20.7,24.3,18.1,24.1,23.3,24.6,23.7,17.8,21.86,2.49,-0.84,81,23,25.1,26.05,0.0,-0.7037,-0.7105,21.3,19.4,19.4,station
2024-08-16,23.6,22.5,20.0,24.7,18.0,24.3,22.8,26.7,24.1,17.9,21.76,2.73,-1.4,78,0,22.7,26.76,0.0,-0.7158,-0.6983,20.9,22.2,22.2,station
2024-08-17,24.2,21.9,23.9,24.0,19.8,23.9,21.7,25.9,23.5,19.4,22.76,1.9,-0.12,89,90,19.9,14.67,0.1,-0.7277,-0.6859,21.9,22.2,22.2,station
2024-08-18,22.3,21.9,20.6,21.8,17.5,22.5,21.8,24.6,21.9,18.0,20.82,1.96,-0.94,86,85,18.1,20.78,0.0,-0.7394,-0.6733,20.5,20.0,20.0,station
2024-08-19,23.1,22.3,18.9,23.1,18.3,22.5,22.0,24.3,22.3,18.2,21.14,2.35,-0.72,75,30,20.0,26.65,0.0,-0.7509,-0.6605,22.6,21.1,21.1,station
2024-08-20,25.6,23.9,22.3,24.9,19.5,25.7,23.2,25.7,25.3,18.8,23.24,2.43,-0.5,67,1,20.5,26.19,0.0,-0.7621,-0.6474,24.6,23.9,23.9,station
2024-08-21,25.1,21.9,19.4,24.0,17.6,23.9,21.5,24.7,23.3,17.3,21.6,3.12,-0.54,80,39,24.1,24.2,0.0,-0.7731,-0.6342,22.2,21.1,21.1,station
2024-08-22,21.6,20.7,19.8,20.9,18.9,20.6,20.5,22.8,20.6,18.5,20.38,1.05,-0.22,86,94,22.0,17.07,0.3,-0.7839,-0.6208,21.0,20.0,20.0,station
2024-08-23,21.7,20.6,21.5,20.7,18.7,22.3,20.2,20.5,21.2,18.8,20.64,1.19,0.04,78,78,14.2,18.77,0.3,-0.7945,-0.6073,21.9,18.9,18.9,station
2024-08-24,23.7,22.9,22.3,23.3,19.8,23.3,22.6,24.6,22.6,19.7,22.4,1.54,-0.16,75,37,17.9,22.51,0.2,-0.8048,-0.5935,23.3,22.2,22.2,station
2024-08-25,26.9,24.6,25.3,26.0,21.7,27.4,24.7,29.3,26.3,21.3,24.9,1.98,-0.9,71,32,16.3,24.26,0.0,-0.8149,-0.5796,26.6,25.0,25.0,station
2024-08-26,29.1,26.3,26.6,28.5,21.9,28.6,26.1,31.8,27.6,21.7,26.48,2.83,-0.68,68,22,14.4,24.67,0.0,-0.8248,-0.5655,27.7,28.3,28.3,station
2024-08-27,30.4,26.7,27.6,27.8,22.6,29.7,26.0,33.0,26.8,22.2,27.02,2.83,-0.52,69,36,15.7,24.22,0.0,-0.8344,-0.5512,29.8,28.9,28.9,station
2024-08-28,29.5,24.2,29.4,26.7,21.9,29.5,23.8,29.2,25.6,21.5,26.34,3.31,0.42,71,27,19.5,23.72,0.0,-0.8437,-0.5368,27.2,21.7,21.7,station
2024-08-29,25.5,22.4,24.6,23.9,19.8,26.1,22.5,29.4,23.8,20.8,23.24,2.23,-1.28,80,60,18.4,21.23,0.0,-0.8528,-0.5222,21.7,21.1,21.1,station
2024-08-30,24.4,22.5,19.6,23.0,18.6,25.4,23.0,29.6,24.2,19.4,21.62,2.43,-2.7,77,30,18.0,23.01,0.0,-0.8617,-0.5074,21.7,21.1,21.1,station
2024-08-31,23.5,21.6,19.7,23.3,17.3,23.8,22.1,28.5,23.9,17.9,21.08,2.61,-2.16,85,71,16.6,20.72,0.0,-0.8703,-0.4925,20.7,19.4,19.4,station
2024-09-01,22.6,20.8,20.2,21.9,18.0,22.4,21.1,24.3,22.0,17.2,20.7,1.77,-0.7,84,71,20.1,20.02,0.0,-0.8786,-0.4775,20.8,21.1,21.1,station
2024-09-02,22.6,22.4,21.1,23.0,19.3,22.4,22.0,24.1,22.7,18.5,21.68,1.51,-0.26,84,48,20.9,21.23,0.0,-0.8867,-0.4623,21.9,21.7,21.7,station
2024-09-03,32.1,27.6,29.0,30.8,25.7,32.2,27.2,34.2,31.3,25.7,29.04,2.53,-1.08,65,6,15.4,23.85,0.0,-0.8945,-0.447,32.7,28.3,28.3,station
2024-09-04,32.1,26.7,28.8,30.4,24.3,32.9,27.9,34.8,31.3,25.4,28.46,3.06,-2.0,68,34,15.1,21.17,0.0,-0.9021,-0.4315,28.5,21.7,21.7,station
2024-09-05,30.3,28.2,26.1,27.7,23.0,31.7,27.3,35.1,32.2,22.7,27.06,2.72,-2.74,75,66,14.4,20.96,0.0,-0.9094,-0.4159,26.9,22.2,22.2,station
2024-09-06,28.0,27.0,22.0,26.3,20.8,27.7,27.0,33.0,26.0,20.5,24.82,3.21,-2.02,77,75,14.5,20.14,0.0,-0.9164,-0.4002,24.7,20.6,20.6,station
2024-09-07,25.8,24.4,20.4,23.5,19.5,24.2,23.4,30.6,23.3,19.2,22.72,2.68,-1.42,83,71,15.3,19.71,0.0,-0.9232,-0.3844,21.4,18.9,18.9,station
2024-09-08,25.9,25.1,19.6,24.3,21.5,25.5,24.0,30.6,24.0,21.8,23.28,2.64,-1.9,79,71,14.6,19.96,0.0,-0.9296,-0.3685,23.2,20.6,20.6,station
2024-09-09,23.5,21.2,19.2,21.1,18.5,24.5,21.1,29.6,22.3,18.9,20.7,1.96,-2.58,83,77,18.1,18.95,0.0,-0.9358,-0.3524,21.2,19.4,19.4,station
2024-09-10,21.6,18.9,18.0,20.8,17.0,21.2,19.0,25.7,20.3,17.1,19.26,1.92,-1.4,83,82,19.8,18.6,0.0,-0.9418,-0.3363,18.9,19.4,19.4,station
2024-09-11,22.2,20.9,21.1,22.4,18.7,22.2,20.8,23.1,22.0,18.1,21.06,1.47,-0.18,85,32,33.4,22.18,0.0,-0.9474,-0.32,21.1,19.4,19.4,station
2024-09-12,26.0,22.2,22.2,24.9,19.6,25.1,22.0,26.6,24.6,19.1,22.98,2.52,-0.5,79,36,22.5,22.34,0.1,-0.9528,-0.3037,22.8,21.7,21.7,station
2024-09-13,28.4,22.8,26.0,26.1,20.2,26.9,22.3,27.0,24.8,20.1,24.7,3.21,0.48,75,8,16.8,21.97,0.0,-0.9579,-0.2873,25.9,22.2,22.2,station
2024-09-14,25.5,21.2,25.3,21.5,18.1,25.0,21.1,26.0,21.5,18.7,22.32,3.11,-0.14,81,45,21.4,19.77,0.0,-0.9627,-0.2707,21.2,21.1,21.1,station
2024-09-15,19.6,17.4,17.8,18.0,16.5,19.0,18.0,19.0,18.1,16.7,17.86,1.13,-0.3,85,75,32.1,16.88,0.0,-0.9672,-0.2541,18.6,17.2,17.2,station
2024-09-16,21.4,19.1,21.2,19.5,17.1,20.5,19.4,19.5,19.7,17.0,19.66,1.75,0.44,79,46,27.2,19.76,0.1,-0.9714,-0.2375,20.4,18.9,18.9,station
2024-09-17,19.5,18.5,18.0,18.5,15.4,19.3,18.0,20.0,19.3,15.7,17.98,1.54,-0.48,87,95,20.0,13.31,0.0,-0.9753,-0.2207,17.7,17.8,17.8,station
2024-09-18,20.7,19.5,19.5,20.0,17.4,20.4,19.8,21.7,19.7,17.0,19.42,1.23,-0.3,88,97,14.7,12.34,1.8,-0.979,-0.2039,21.6,21.1,21.1,station
2024-09-19,24.0,20.2,21.8,21.3,17.2,23.2,19.8,23.6,21.5,17.8,20.9,2.49,-0.28,87,86,16.8,16.87,0.0,-0.9824,-0.187,20.3,18.9,18.9,station
2024-09-20,24.4,19.9,23.2,21.0,17.9,24.1,20.3,23.9,21.2,17.5,21.28,2.59,-0.12,85,71,15.8,18.1,0.0,-0.9854,-0.1701,21.3,18.9,18.9,station
2024-09-21,25.6,21.5,26.0,22.8,20.3,26.1,21.4,25.6,23.4,20.5,23.24,2.5,-0.16,80,49,16.6,18.87,0.0,-0.9882,-0.1531,23.8,20.6,20.6,station
2024-09-22,26.9,22.8,25.1,25.6,21.6,27.5,22.8,30.6,25.6,22.1,24.4,2.16,-1.32,81,59,14.0,18.13,0.0,-0.9907,-0.1361,24.3,20.6,20.6,station
2024-09-23,32.6,28.3,30.8,30.1,25.6,32.2,27.9,34.4,30.9,25.9,29.48,2.66,-0.78,67,38,12.3,19.89,0.0,-0.9929,-0.1191,33.6,30.0,30.0,station
2024-09-24,31.8,25.1,28.9,27.4,24.0,31.6,24.6,33.2,29.5,25.1,27.44,3.1,-1.36,64,18,17.3,18.79,0.0,-0.9948,-0.102,32.2,24.4,24.4,station
2024-09-25,21.1,19.6,21.2,20.2,16.9,20.8,19.3,25.5,18.7,17.1,19.8,1.75,-0.48,85,77,23.3,15.93,0.0,-0.9964,-0.0848,18.9,20.6,20.6,station
2024-09-26,23.7,23.3,22.4,22.7,19.0,23.5,22.5,28.3,23.0,17.8,22.22,1.87,-0.8,83,50,13.3,17.91,0.0,-0.9977,-0.0677,21.8,20.0,20.0,station
2024-09-27,30.4,27.2,30.6,29.0,23.2,30.3,27.4,32.6,29.7,24.1,28.08,3.05,-0.74,70,11,12.3,19.31,0.0,-0.9987,-0.0505,29.4,30.0,30.0,station
2024-09-28,24.7,20.3,23.3,21.5,18.5,25.0,19.7,29.6,23.4,18.2,21.66,2.44,-1.52,83,50,16.1,16.08,0.0,-0.9994,-0.0333,20.7,18.3,18.3,station
2024-09-29,24.9,21.5,23.1,21.1,18.4,24.6,21.9,27.5,21.2,18.7,21.8,2.42,-0.98,78,36,16.7,19.29,0.0,-0.9999,-0.0161,22.3,19.4,19.4,station
2024-09-30,30.9,29.0,33.0,29.9,23.3,30.9,28.5,31.9,30.1,23.4,29.22,3.63,0.26,56,0,12.5,19.22,0.0,-1.0,0.0011,31.7,30.0,30.0,station
2024-10-01,35.4,32.8,36.8,33.3,27.4,35.0,31.9,35.8,33.3,27.7,33.14,3.59,0.4,35,0,13.3,19.34,0.0,-0.9998,0.0183,39.1,34.4,34.4,station
2024-10-02,35.2,31.7,37.6,33.1,28.1,34.8,32.2,38.7,34.6,27.5,33.14,3.59,-0.42,36,0,13.3,19.04,0.0,-0.9994,0.0355,38.5,32.8,32.8,station
2024-10-03,33.4,29.5,36.8,31.8,25.2,32.3,27.3,36.8,31.3,27.5,31.34,4.34,0.3,48,1,12.7,18.68,0.0,-0.9986,0.0527,31.7,31.1,31.1,station
2024-10-04,31.3,29.2,28.0,30.7,25.2,32.0,28.5,34.4,31.6,26.4,28.88,2.43,-1.7,53,10,15.1,18.38,0.0,-0.9976,0.0698,30.0,27.8,27.8,station
2024-10-05,34.4,31.4,35.1,32.6,28.6,34.6,32.7,35.0,31.6,28.0,32.42,2.59,0.04,33,2,12.8,18.27,0.0,-0.9962,0.087,36.6,34.4,34.4,station
2024-10-06,36.5,33.5,34.2,33.6,27.2,34.8,31.1,35.1,34.9,27.8,33.0,3.46,0.26,30,16,15.3,18.02,0.0,-0.9946,0.1041,37.4,36.7,36.7,station
2024-10-07,32.4,28.1,29.1,31.7,26.3,30.7,26.6,33.0,30.6,25.6,29.52,2.53,0.22,44,47,18.9,17.76,0.0,-0.9926,0.1212,34.6,29.4,29.4,station
2024-10-08,28.2,23.6,23.9,27.6,20.7,25.7,22.4,27.2,25.8,20.5,24.8,3.1,0.48,73,12,19.0,17.91,0.0,-0.9904,0.1383,23.5,21.1,21.1,station
2024-10-09,23.5,21.3,21.5,22.2,17.9,24.2,21.1,28.6,21.8,20.1,21.28,2.08,-1.88,83,93,16.1,14.88,0.0,-0.9879,0.1553,21.2,17.8,17.8,station
2024-10-10,23.6,20.9,21.9,21.3,18.0,21.7,20.8,25.7,22.8,17.6,21.14,2.04,-0.58,77,62,14.9,15.6,0.0,-0.9851,0.1722,21.8,18.3,18.3,station
2024-10-11,23.4,19.9,19.0,22.8,18.5,24.0,20.1,25.8,23.4,18.5,20.72,2.24,-1.64,75,40,16.9,17.23,0.0,-0.9819,0.1892,21.8,21.1,21.1,station
2024-10-12,23.2,21.9,22.2,21.3,19.8,23.0,21.6,23.2,22.5,19.5,21.68,1.26,-0.28,84,81,14.6,11.13,0.0,-0.9785,0.206,23.0,21.7,21.7,station
2024-10-13,22.2,21.0,18.0,22.2,17.9,21.1,20.6,25.0,22.0,18.5,20.26,2.17,-1.18,90,93,15.5,11.61,0.5,-0.9749,0.2228,22.8,23.3,23.3,station
2024-10-14,20.5,19.2,19.5,19.1,15.3,19.3,19.6,23.1,18.7,15.6,18.72,1.99,-0.54,92,80,17.7,12.03,0.0,-0.9709,0.2396,18.5,18.3,18.3,station
2024-10-15,21.2,19.9,18.9,22.3,18.3,20.6,19.9,24.3,21.7,16.8,20.12,1.64,-0.54,86,36,18.9,16.16,0.0,-0.9666,0.2562,22.2,21.1,21.1,station
2024-10-16,21.5,19.3,18.0,20.7,17.1,21.7,18.9,21.3,21.6,17.7,19.32,1.83,-0.92,87,51,18.0,13.83,2.2,-0.9621,0.2728,19.9,20.0,20.0,station
2024-10-17,19.2,19.0,20.2,19.9,16.4,19.0,18.3,18.2,19.6,16.2,18.94,1.5,0.68,70,8,31.9,16.81,0.0,-0.9572,0.2893,18.3,18.3,18.3,station
2024-10-18,22.5,21.9,23.2,22.3,18.3,22.7,21.5,23.2,23.3,18.3,21.64,1.93,-0.16,32,10,23.4,16.82,0.0,-0.9521,0.3057,22.7,22.8,22.8,station
2024-10-19,25.6,24.0,27.5,25.9,23.0,26.5,24.0,25.9,26.2,21.8,25.2,1.75,0.32,32,12,18.4,16.53,0.0,-0.9467,0.3221,26.5,26.1,26.1,station
2024-10-20,25.9,23.9,25.9,25.2,22.1,25.7,22.6,25.4,25.6,20.7,24.6,1.62,0.6,39,31,10.4,16.21,0.0,-0.941,0.3383,26.4,23.9,23.9,station
2024-10-21,20.5,20.2,19.1,20.8,17.5,22.0,20.1,24.0,21.5,18.4,19.62,1.35,-1.58,81,78,14.3,11.91,0.0,-0.9351,0.3545,19.5,19.4,19.4,station
2024-10-22,20.8,18.2,17.9,18.8,16.6,20.6,18.1,22.5,18.9,16.1,18.46,1.54,-0.78,81,39,13.0,15.31,0.0,-0.9288,0.3705,19.7,18.9,18.9,station
2024-10-23,23.9,21.8,21.3,21.9,17.4,23.0,22.4,24.0,21.5,18.6,21.26,2.38,-0.64,68,4,14.5,15.36,0.0,-0.9223,0.3864,24.3,21.7,21.7,station
2024-10-24,23.7,22.6,23.0,23.8,18.5,22.4,21.4,21.7,22.2,18.0,22.32,2.19,1.18,48,4,11.7,15.85,0.0,-0.9155,0.4022,24.4,23.9,23.9,station
2024-10-25,24.6,22.0,22.8,23.2,19.6,24.9,21.5,24.8,22.4,18.9,22.44,1.85,-0.06,53,29,12.7,14.04,0.0,-0.9085,0.4179,24.1,21.7,21.7,station
2024-10-26,22.5,21.1,20.3,22.4,19.9,23.4,21.2,24.1,23.3,21.1,21.24,1.19,-1.38,64,64,11.3,13.28,0.0,-0.9012,0.4335,24.4,21.1,21.1,station
2024-10-27,21.0,19.2,19.8,20.9,17.6,20.1,18.9,19.9,20.2,17.0,19.7,1.4,0.48,92,95,13.9,7.16,0.1,-0.8936,0.4489,19.9,20.0,20.0,station
2024-10-28,16.8,16.3,16.6,16.8,15.4,17.2,16.4,17.2,16.4,15.3,16.38,0.58,-0.12,83,12,22.7,13.83,0.3,-0.8857,0.4642,16.8,17.2,17.2,station
2024-10-29,18.3,16.1,18.6,18.3,15.3,18.4,15.9,19.0,18.4,15.1,17.32,1.51,-0.04,75,18,14.8,14.7,0.0,-0.8776,0.4794,17.8,17.2,17.2,station
2024-10-30,18.0,16.3,17.7,16.9,15.9,17.4,16.0,17.9,16.6,16.1,16.96,0.89,0.16,80,56,17.3,14.0,0.9,-0.8692,0.4944,17.7,17.2,17.2,station
2024-10-31,17.4,16.4,16.6,17.4,15.4,17.2,16.4,17.8,17.6,15.6,16.64,0.83,-0.28,82,78,20.7,13.81,1.5,-0.8606,0.5093,17.2,18.3,18.3,station
2024-11-01,18.1,16.0,17.6,17.6,16.1,18.4,16.2,18.0,17.6,16.1,17.08,0.96,-0.18,80,78,24.5,12.61,0.8,-0.8517,0.524,18.2,19.4,19.4,station
2024-11-02,16.5,16.1,16.4,17.1,14.5,17.1,15.8,17.4,16.6,14.1,16.12,0.98,-0.08,86,31,23.1,13.62,2.2,-0.8426,0.5386,15.9,17.2,17.2,station
2024-11-03,19.3,18.0,20.5,20.5,16.5,19.2,17.7,21.0,21.0,16.7,18.96,1.72,-0.16,74,2,21.0,13.83,0.0,-0.8332,0.553,17.8,19.4,19.4,station
2024-11-04,20.9,19.3,22.8,21.7,18.4,20.3,19.3,20.9,20.5,18.4,20.62,1.78,0.74,56,3,16.1,13.48,0.0,-0.8235,0.5672,20.5,22.2,22.2,station
2024-11-05,20.2,18.2,22.7,20.1,18.0,19.8,18.2,19.9,20.6,18.1,19.84,1.9,0.52,73,76,15.6,12.46,0.0,-0.8137,0.5813,19.9,21.1,21.1,station
2024-11-06,19.8,19.8,21.4,20.3,19.3,19.6,20.1,20.0,19.5,18.9,20.12,0.8,0.5,35,5,26.5,13.72,0.0,-0.8035,0.5952,19.9,18.9,18.9,station
2024-11-07,19.6,20.0,21.9,20.3,19.1,20.2,20.0,22.3,20.2,19.2,20.18,1.06,-0.2,52,0,9.1,13.38,0.0,-0.7932,0.609,21.3,20.0,20.0,station
2024-11-08,20.1,19.6,21.2,20.3,18.6,19.4,19.3,22.0,19.9,17.8,19.96,0.96,0.28,46,10,9.8,13.3,0.0,-0.7826,0.6225,20.5,20.6,20.6,station
2024-11-09,18.7,18.2,16.7,19.3,17.7,18.2,17.8,19.9,18.8,17.4,18.12,0.99,-0.3,53,64,8.8,12.87,0.0,-0.7718,0.6359,20.0,18.9,18.9,station
2024-11-10,19.6,18.5,18.9,19.5,17.4,18.7,17.8,20.5,18.9,17.6,18.78,0.89,0.08,78,53,12.7,12.11,0.0,-0.7607,0.6491,19.3,20.6,20.6,station
2024-11-11,15.5,14.9,16.4,16.5,13.8,15.8,14.6,17.6,17.0,14.9,15.42,1.12,-0.56,88,57,34.5,6.56,5.7,-0.7494,0.6621,15.8,16.7,16.7,station
2024-11-12,15.6,15.3,15.9,16.1,14.8,15.9,15.4,15.8,16.5,14.4,15.54,0.51,-0.06,84,63,10.5,11.59,0.0,-0.7379,0.6749,16.2,17.2,17.2,station
2024-11-13,18.5,15.5,15.5,18.3,15.7,18.1,15.2,16.8,18.6,14.5,16.7,1.56,0.06,81,89,23.0,7.35,0.7,-0.7262,0.6875,17.3,17.8,17.8,station
2024-11-14,15.4,14.8,15.7,14.8,15.2,15.6,14.6,16.7,15.1,14.2,15.18,0.39,-0.06,88,34,17.1,11.01,1.7,-0.7143,0.6998,16.1,16.7,16.7,station
2024-11-15,13.0,13.4,14.4,13.7,12.9,13.2,13.5,14.2,13.5,12.7,13.48,0.61,0.06,75,2,18.3,12.31,0.0,-0.7021,0.712,13.4,15.0,15.0,station
2024-11-16,14.8,13.9,16.3,14.5,12.7,14.5,13.9,15.6,13.8,12.7,14.44,1.31,0.34,68,34,8.9,11.56,0.0,-0.6898,0.724,14.1,15.6,15.6,station
2024-11-17,15.0,14.3,13.4,14.3,13.1,14.5,14.6,15.3,14.7,13.5,14.02,0.77,-0.5,84,63,20.6,4.61,1.0,-0.6772,0.7358,14.2,15.0,15.0,station
2024-11-18,13.9,13.2,13.5,13.6,12.1,13.6,13.0,13.1,13.5,12.1,13.26,0.69,0.2,70,34,20.9,11.88,0.0,-0.6645,0.7473,12.9,14.4,14.4,station
2024-11-19,14.9,13.4,14.7,14.3,13.4,14.8,13.5,14.6,14.7,13.5,14.14,0.71,-0.08,67,88,12.9,9.87,0.0,-0.6515,0.7586,14.2,13.3,13.3,station
2024-11-20,15.6,15.0,16.9,16.1,13.7,14.8,15.0,14.4,16.7,13.7,15.46,1.21,0.54,62,100,31.2,3.79,0.6,-0.6384,0.7697,15.8,17.8,17.8,station
2024-11-21,17.1,16.9,17.0,17.0,14.8,16.6,17.0,16.1,17.0,14.9,16.56,0.99,0.24,77,99,30.1,4.27,5.1,-0.625,0.7806,17.1,18.3,18.3,station
2024-11-22,16.4,16.2,16.5,16.9,14.8,16.3,15.8,16.2,17.2,15.2,16.16,0.8,0.02,92,100,29.0,2.07,45.5,-0.6115,0.7912,16.2,16.1,16.1,station
2024-11-23,14.8,14.7,13.7,14.1,13.2,14.5,14.4,15.1,13.8,13.3,14.1,0.67,-0.12,91,55,14.8,9.41,3.8,-0.5978,0.8016,14.6,15.6,15.6,station
2024-11-24,16.0,15.2,13.7,15.6,13.7,15.1,14.8,16.6,16.3,13.3,14.84,1.08,-0.38,84,47,15.4,10.21,0.1,-0.584,0.8118,16.3,16.1,16.1,station
2024-11-25,15.0,14.7,12.2,14.9,13.1,14.7,14.4,13.4,13.5,12.3,13.98,1.26,0.32,93,100,13.6,2.86,8.5,-0.5699,0.8217,13.5,13.3,13.3,station
2024-11-26,13.8,14.6,12.5,13.9,12.8,13.9,13.9,15.6,14.7,12.8,13.52,0.86,-0.66,92,99,9.8,5.0,1.5,-0.5557,0.8314,14.4,13.9,13.9,station
2024-11-27,13.2,14.1,13.4,13.8,12.2,12.9,14.1,14.2,14.4,12.2,13.34,0.73,-0.22,74,27,10.4,11.38,0.0,-0.5413,0.8408,14.1,15.6,15.6,station
2024-11-28,12.7,14.7,13.5,14.8,12.4,12.7,14.3,14.3,14.0,11.7,13.62,1.11,0.22,75,48,9.3,11.35,0.0,-0.5268,0.85,13.3,16.1,16.1,station
2024-11-29,13.7,14.9,14.6,15.4,14.8,13.6,15.3,14.6,14.7,13.9,14.68,0.62,0.26,77,83,10.6,10.97,0.0,-0.5121,0.859,14.5,15.0,15.0,station
2024-11-30,13.9,15.0,15.5,14.9,15.8,14.3,14.8,15.3,14.8,15.1,15.02,0.73,0.16,81,77,10.8,10.54,0.0,-0.4972,0.8676,15.4,15.6,15.6,station
2024-12-01,14.9,16.2,17.5,15.2,16.8,14.3,15.6,17.6,15.0,16.2,16.12,1.08,0.38,77,58,10.1,8.55,0.2,-0.4822,0.8761,16.8,17.8,17.8,station
2024-12-02,16.2,17.2,19.0,15.9,16.8,16.1,16.9,18.2,15.4,17.0,17.02,1.22,0.3,69,18,6.5,9.8,0.0,-0.4671,0.8842,17.6,17.2,17.2,station
2024-12-03,16.1,16.8,17.9,16.3,17.4,16.4,17.1,18.8,16.2,17.2,16.9,0.75,-0.24,69,0,6.1,9.94,0.0,-0.4518,0.8921,16.7,18.3,18.3,station
2024-12-04,16.3,16.2,18.2,17.5,16.8,15.9,15.8,19.7,17.2,17.2,17.0,0.85,-0.16,74,17,7.0,9.76,0.0,-0.4364,0.8998,17.5,16.1,16.1,station
2024-12-05,16.3,16.2,15.7,16.4,16.2,16.3,15.2,19.1,16.4,17.2,16.16,0.27,-0.68,84,45,7.3,9.7,0.0,-0.4208,0.9071,17.8,16.7,16.7,station
2024-12-06,16.3,16.5,18.5,18.3,17.7,15.8,15.5,18.8,16.4,16.7,17.46,1.01,0.82,80,4,6.5,10.0,0.0,-0.4052,0.9142,18.3,19.4,19.4,station
2024-12-07,15.0,15.4,17.2,16.4,15.2,15.2,14.5,18.6,16.0,15.7,15.84,0.93,-0.16,84,77,8.8,8.85,0.0,-0.3894,0.9211,15.7,15.6,15.6,station
2024-12-08,15.7,16.1,17.6,16.5,17.0,15.5,15.5,17.9,17.3,16.5,16.58,0.75,0.04,83,58,7.0,9.31,0.0,-0.3735,0.9276,17.2,18.3,18.3,station
2024-12-09,14.9,15.7,17.1,16.4,15.8,15.2,15.5,16.7,16.6,16.1,15.98,0.82,-0.04,56,13,13.0,10.72,0.0,-0.3575,0.9339,15.0,17.2,17.2,station
2024-12-10,14.0,15.2,15.4,13.9,16.3,13.7,14.7,15.1,14.8,15.8,14.96,1.01,0.14,66,64,14.0,10.2,0.0,-0.3413,0.9399,14.5,13.9,13.9,station
2024-12-11,15.6,14.4,13.7,15.4,16.2,15.4,14.9,17.3,14.2,15.3,15.06,1.0,-0.36,78,88,10.3,10.04,0.0,-0.3251,0.9457,16.3,13.9,13.9,station
2024-12-12,13.1,12.7,11.8,13.0,12.3,13.6,12.6,13.0,12.9,12.2,12.58,0.54,-0.28,90,84,23.2,5.63,20.2,-0.3088,0.9511,13.3,14.4,14.4,station
2024-12-13,15.0,14.5,12.7,14.3,13.4,14.6,14.3,14.4,13.9,13.0,13.98,0.92,-0.06,83,98,32.4,5.09,1.7,-0.2924,0.9563,15.3,15.0,15.0,station
2024-12-14,13.3,13.9,12.9,14.2,13.1,13.3,13.3,14.1,14.5,14.6,13.48,0.55,-0.48,87,84,50.1,7.68,41.4,-0.2759,0.9612,13.2,13.9,13.9,station
2024-12-15,11.0,13.2,11.8,13.0,10.4,11.2,13.0,12.9,13.1,9.9,11.88,1.22,-0.14,91,68,6.9,9.42,0.0,-0.2593,0.9658,12.3,12.2,12.2,station
2024-12-16,13.3,12.1,12.9,12.6,12.4,14.3,12.2,12.9,13.3,12.7,12.66,0.46,-0.42,91,95,19.1,2.27,20.6,-0.2427,0.9701,13.4,14.4,14.4,station
2024-12-17,13.2,15.4,14.2,13.7,12.7,13.3,15.0,15.7,14.6,12.2,13.84,1.04,-0.32,94,92,8.1,8.07,0.0,-0.226,0.9741,14.2,13.3,13.3,station
2024-12-18,15.1,15.0,14.4,14.3,13.2,14.7,15.4,15.3,14.9,13.0,14.4,0.76,-0.26,87,66,9.3,8.36,0.0,-0.2092,0.9779,14.2,13.9,13.9,station
2024-12-19,13.8,15.3,13.2,14.3,14.4,14.5,15.9,16.6,14.7,14.5,14.2,0.78,-1.04,86,40,10.9,9.68,0.0,-0.1923,0.9813,14.1,13.9,13.9,station
2024-12-20,14.0,14.9,13.9,14.3,15.1,16.7,15.5,16.6,14.1,16.3,14.44,0.54,-1.4,93,100,9.7,5.73,0.0,-0.1754,0.9845,14.0,12.8,12.8,station
2024-12-21,15.2,14.7,13.6,15.0,15.6,15.6,14.7,14.9,14.7,15.0,14.82,0.76,-0.16,91,99,20.4,2.4,9.7,-0.1585,0.9874,15.7,15.0,15.0,station
2024-12-22,18.9,16.7,16.1,17.7,17.4,19.0,16.2,17.7,16.4,16.2,17.36,1.06,0.26,93,97,9.2,6.98,1.0,-0.1414,0.9899,18.7,15.0,15.0,station
2024-12-23,17.6,16.9,17.2,17.4,17.6,19.0,16.9,18.5,16.5,18.1,17.34,0.3,-0.46,94,100,13.7,4.02,0.4,-0.1244,0.9922,19.9,17.8,17.8,station
2024-12-24,15.6,14.8,14.6,15.6,14.8,14.7,14.6,16.6,16.6,15.3,15.08,0.48,-0.48,90,66,19.9,7.08,17.2,-0.1073,0.9942,16.2,17.2,17.2,station
2024-12-25,12.6,12.0,12.3,12.7,11.9,12.5,12.2,13.0,12.4,12.1,12.3,0.35,-0.14,85,82,10.4,7.37,0.0,-0.0902,0.9959,12.6,12.2,12.2,station
2024-12-26,15.9,14.6,15.2,16.3,14.1,15.3,14.3,15.2,15.8,15.0,15.22,0.9,0.1,86,100,15.1,4.16,10.5,-0.073,0.9973,15.5,16.1,16.1,station
2024-12-27,16.3,15.9,14.5,16.1,14.3,17.1,16.1,17.1,15.9,14.7,15.42,0.94,-0.76,92,98,29.2,6.81,14.1,-0.0559,0.9984,15.9,16.7,16.7,station
2024-12-28,17.2,16.1,15.8,17.6,14.6,16.5,16.2,16.8,16.5,14.8,16.26,1.19,0.1,93,92,11.9,5.06,1.5,-0.0387,0.9993,16.9,18.3,18.3,station
2024-12-29,15.9,15.1,13.6,15.8,13.7,15.9,14.9,15.0,15.7,13.5,14.82,1.11,-0.18,93,86,24.4,7.56,8.8,-0.0215,0.9998,15.6,16.1,16.1,station
2024-12-30,13.2,13.0,11.4,13.2,11.4,13.0,13.1,12.6,12.8,11.1,12.44,0.95,-0.08,84,48,10.2,9.79,0.0,-0.0043,1.0,13.6,14.4,14.4,station
2024-12-31,12.6,13.0,12.6,13.2,10.9,12.1,12.9,13.2,12.4,10.8,12.46,0.91,0.18,82,68,7.5,10.13,0.0,0.0129,0.9999,13.3,12.2,12.2,station
2025-01-01,13.0,13.8,12.6,13.6,13.4,12.7,13.7,14.4,13.2,13.3,13.28,0.48,-0.18,83,89,7.9,7.8,0.0,0.0172,0.9999,13.4,12.2,12.2,station
2025-01-02,14.4,17.3,14.6,15.6,15.8,14.4,16.7,16.2,16.0,16.0,15.54,1.16,-0.32,82,59,9.7,9.51,0.0,0.0344,0.9994,15.9,15.0,15.0,station
2025-01-03,13.8,13.1,12.6,15.1,13.5,14.3,13.5,14.4,14.0,13.4,13.62,0.94,-0.3,94,67,20.8,4.5,8.4,0.0516,0.9987,13.6,15.6,15.6,station
2025-01-04,12.1,13.3,13.3,13.3,12.2,12.5,13.1,12.5,12.8,12.7,12.84,0.63,0.12,90,92,8.6,8.56,0.0,0.0688,0.9976,13.4,12.8,12.8,station
2025-01-05,14.2,15.2,14.4,14.9,14.3,14.1,15.2,15.1,14.8,13.0,14.6,0.43,0.16,86,36,6.7,9.29,0.0,0.0859,0.9963,15.1,15.0,15.0,station
2025-01-06,14.0,14.7,14.8,14.7,14.1,14.1,14.1,16.1,14.8,15.2,14.46,0.38,-0.4,97,98,8.1,4.08,0.2,0.103,0.9947,13.7,13.9,13.9,station
2025-01-07,16.2,17.7,15.1,18.0,17.0,16.7,17.1,17.4,17.6,16.7,16.8,1.18,-0.3,53,38,22.5,10.93,0.0,0.1201,0.9928,17.4,17.8,17.8,station
2025-01-08,15.2,17.1,17.2,16.8,17.6,15.5,16.9,16.1,17.3,17.8,16.78,0.93,0.06,47,33,20.2,10.88,0.0,0.1372,0.9905,16.7,18.3,18.3,station
2025-01-09,16.4,17.9,19.6,17.7,17.0,16.3,17.3,16.9,16.8,17.0,17.72,1.21,0.86,53,0,9.9,10.91,0.0,0.1542,0.988,18.8,21.1,21.1,station
2025-01-10,16.4,16.7,17.9,17.7,17.2,15.4,15.8,19.2,17.6,15.8,17.18,0.64,0.42,68,17,11.6,10.64,0.0,0.1712,0.9852,17.9,17.8,17.8,station
2025-01-11,16.5,17.0,17.5,17.9,16.8,16.3,16.6,17.4,17.7,16.6,17.14,0.56,0.22,61,28,19.0,11.31,0.0,0.1881,0.9821,17.7,18.9,18.9,station
2025-01-12,15.4,16.0,18.0,16.2,17.2,14.9,15.3,16.5,15.6,16.8,16.56,1.03,0.74,50,1,17.2,11.35,0.0,0.205,0.9788,16.8,17.8,17.8,station
2025-01-13,13.7,15.5,16.7,15.9,16.1,13.7,16.0,15.1,15.2,15.5,15.58,1.14,0.48,61,24,18.3,11.39,0.0,0.2218,0.9751,14.4,16.1,16.1,station
2025-01-14,13.2,15.7,16.5,15.6,15.6,13.3,15.3,15.0,15.8,15.8,15.32,1.24,0.28,69,8,6.8,11.1,0.0,0.2385,0.9711,14.0,16.1,16.1,station
2025-01-15,14.6,16.1,16.3,14.2,16.1,14.5,16.4,15.2,14.3,16.1,15.46,0.98,0.16,66,1,6.9,11.01,0.0,0.2552,0.9669,16.0,13.9,13.9,station
2025-01-16,15.9,15.9,16.5,16.2,15.8,15.5,15.3,18.3,15.8,15.1,16.06,0.29,0.06,68,2,7.2,10.94,0.0,0.2718,0.9624,17.0,15.6,15.6,station
2025-01-17,13.5,13.0,11.0,13.2,13.0,13.8,12.7,15.5,13.4,12.8,12.74,0.99,-0.9,86,66,12.6,9.89,0.0,0.2883,0.9575,13.2,13.3,13.3,station
2025-01-18,12.2,12.9,13.1,13.6,14.3,12.3,12.8,15.2,13.7,13.4,13.22,0.79,-0.26,89,35,6.0,9.85,0.0,0.3047,0.9524,14.0,12.8,12.8,station
2025-01-19,12.5,12.3,10.2,11.9,12.5,12.1,11.5,15.3,12.1,12.2,11.88,0.97,-0.76,90,35,8.1,9.15,0.0,0.3211,0.9471,12.4,11.7,11.7,station
2025-01-20,14.8,15.7,16.4,16.4,15.0,14.6,15.3,15.7,16.7,14.8,15.66,0.75,0.24,66,24,14.8,12.43,0.0,0.3373,0.9414,14.7,15.6,15.6,station
2025-01-21,13.8,15.8,16.9,15.2,15.1,14.3,15.4,15.8,14.6,14.0,15.36,1.13,0.54,56,25,6.1,11.26,0.0,0.3534,0.9355,14.7,15.0,15.0,station
2025-01-22,15.9,16.5,18.3,16.6,15.8,15.9,16.4,16.7,16.3,15.3,16.62,1.0,0.5,60,4,8.0,12.08,0.0,0.3695,0.9292,16.3,15.0,15.0,station
2025-01-23,15.1,18.1,19.2,17.3,18.4,15.4,17.6,17.0,17.7,17.8,17.62,1.56,0.52,59,1,10.4,12.37,0.0,0.3854,0.9227,16.6,18.9,18.9,station
2025-01-24,15.8,15.8,17.0,15.1,13.3,14.9,14.5,16.8,15.2,13.8,15.4,1.36,0.36,74,43,8.7,10.95,0.0,0.4012,0.916,16.4,15.0,15.0,station
2025-01-25,11.2,11.0,11.9,12.9,11.4,10.9,12.0,12.7,13.2,12.1,11.68,0.76,-0.5,78,57,11.9,11.1,0.0,0.4169,0.9089,12.5,13.9,13.9,station
2025-01-26,12.2,12.9,12.4,12.9,13.3,10.9,13.0,12.0,12.7,13.2,12.74,0.44,0.38,62,22,17.0,11.89,0.0,0.4325,0.9016,13.2,13.3,13.3,station
2025-01-27,12.9,14.1,15.5,14.3,14.3,12.7,13.9,13.0,13.5,14.3,14.22,0.92,0.74,60,1,7.2,12.52,0.0,0.4479,0.8941,14.1,15.0,15.0,station
2025-01-28,13.3,13.2,14.2,13.3,13.7,13.6,13.5,15.7,13.7,13.6,13.54,0.42,-0.48,87,27,9.8,12.18,0.0,0.4633,0.8862,13.5,13.9,13.9,station
2025-01-29,12.3,12.3,10.1,12.8,11.0,12.7,12.1,14.1,12.9,11.6,11.7,1.12,-0.98,87,73,10.5,8.49,0.4,0.4784,0.8781,12.7,12.2,12.2,station
2025-01-30,11.8,12.2,10.7,13.3,11.5,11.9,12.0,14.7,13.0,12.4,11.9,0.96,-0.9,84,72,6.5,10.29,0.0,0.4935,0.8698,12.5,11.7,11.7,station
2025-01-31,13.1,12.0,11.8,12.8,11.7,11.8,11.8,16.0,13.0,11.8,12.28,0.63,-0.6,89,100,19.8,2.28,8.0,0.5084,0.8611,12.1,13.3,13.3,station
2025-02-01,14.6,14.7,14.8,15.7,14.0,14.7,14.7,14.4,15.4,14.0,14.76,0.61,0.12,97,100,24.1,1.69,11.0,0.5231,0.8523,14.6,16.7,16.7,station
2025-02-02,14.8,16.2,14.3,16.7,13.2,15.4,16.1,16.7,16.5,13.9,15.04,1.42,-0.68,96,100,25.2,2.98,3.8,0.5377,0.8432,14.8,16.1,16.1,station
2025-02-03,15.0,15.0,13.6,15.1,12.9,14.7,15.1,15.3,14.9,12.8,14.32,1.01,-0.24,91,100,27.6,6.4,5.3,0.5521,0.8338,14.8,16.7,16.7,station
2025-02-04,15.1,15.7,15.2,15.8,13.6,14.9,14.5,14.6,15.3,12.8,15.08,0.88,0.66,93,90,37.8,3.66,36.5,0.5664,0.8242,15.3,16.7,16.7,station
2025-02-05,12.5,13.6,11.4,11.7,11.2,12.6,13.3,12.8,11.8,11.3,12.08,0.98,-0.28,69,12,19.0,14.21,0.0,0.5805,0.8143,12.2,13.3,13.3,station
2025-02-06,14.3,15.2,13.2,15.4,13.7,14.2,15.0,13.9,14.8,13.8,14.36,0.94,0.02,91,97,31.9,3.97,19.3,0.5944,0.8042,14.1,16.7,16.7,station
2025-02-07,13.1,13.1,11.0,12.6,11.6,13.8,12.5,13.4,12.9,13.9,12.28,0.94,-1.02,87,34,17.2,12.61,2.4,0.6081,0.7938,13.2,13.9,13.9,station
2025-02-08,11.9,13.6,11.9,12.5,10.8,11.9,13.4,12.0,12.1,10.5,12.14,1.02,0.16,82,0,12.7,14.46,0.0,0.6217,0.7833,12.2,13.9,13.9,station
2025-02-09,12.3,13.8,11.9,12.2,11.5,12.4,14.1,12.9,12.0,11.3,12.34,0.87,-0.2,74,3,9.3,14.99,0.0,0.6351,0.7725,12.4,13.9,13.9,station
2025-02-10,12.3,12.7,12.5,12.9,11.7,12.8,13.1,12.8,13.2,11.4,12.42,0.46,-0.24,76,17,10.7,14.84,0.0,0.6483,0.7614,13.1,13.3,13.3,station
2025-02-11,11.6,10.4,9.9,11.6,11.3,11.3,10.6,12.1,11.9,11.7,10.96,0.77,-0.56,85,85,17.9,9.39,1.3,0.6613,0.7502,10.6,12.2,12.2,station
2025-02-12,11.2,12.8,11.6,11.9,12.3,10.9,11.3,11.7,10.8,11.8,11.96,0.62,0.66,86,100,11.3,7.39,11.0,0.6741,0.7387,11.2,11.7,11.7,station
2025-02-13,14.1,14.4,14.4,14.8,13.3,13.9,14.2,14.8,14.7,13.3,14.2,0.56,0.02,94,98,39.3,5.48,39.0,0.6867,0.727,13.8,15.0,15.0,station
2025-02-14,12.7,13.1,11.1,12.8,11.0,12.3,13.1,12.6,12.3,11.2,12.14,1.01,-0.16,81,39,26.5,13.98,2.1,0.6991,0.715,12.7,13.9,13.9,station
2025-02-15,14.3,15.0,13.2,14.1,13.2,13.6,15.1,14.6,13.4,12.2,13.96,0.77,0.18,84,91,6.5,13.45,0.0,0.7113,0.7029,14.8,12.8,12.8,station
2025-02-16,15.0,14.5,12.0,14.2,14.4,14.4,14.8,15.4,13.5,13.4,14.02,1.17,-0.28,84,97,10.0,7.75,0.1,0.7233,0.6906,15.4,15.0,15.0,station
2025-02-17,14.0,13.7,12.4,14.3,13.6,13.4,13.7,15.0,14.3,13.7,13.6,0.72,-0.42,88,59,16.9,13.38,0.0,0.735,0.678,13.9,15.0,15.0,station
2025-02-18,15.7,16.8,14.1,16.3,15.6,16.0,16.3,17.1,16.0,14.7,15.7,1.02,-0.32,84,69,9.6,14.25,0.0,0.7466,0.6653,16.6,15.0,15.0,station
2025-02-19,15.1,15.6,13.1,15.4,14.0,14.9,15.6,15.1,14.9,13.8,14.64,1.06,-0.22,91,74,18.4,7.92,1.6,0.7579,0.6523,14.4,18.0,18.0,station
2025-02-20,16.4,17.8,16.8,16.6,15.0,16.0,17.8,16.6,16.3,14.9,16.52,1.01,0.2,83,38,11.0,15.85,0.0,0.769,0.6392,16.2,17.8,17.8,station
2025-02-21,16.8,19.0,14.6,17.0,16.6,17.0,19.0,19.0,17.1,16.3,16.8,1.56,-0.88,69,54,10.8,16.09,0.0,0.7799,0.6259,17.5,17.8,17.8,station
2025-02-22,17.6,18.3,15.7,17.7,18.9,17.8,17.6,20.1,17.8,17.9,17.64,1.2,-0.6,85,71,10.9,15.61,0.0,0.7906,0.6124,17.9,16.1,16.1,station
2025-02-23,16.3,17.8,13.5,17.8,17.2,16.5,18.1,21.6,17.3,17.1,16.52,1.8,-1.6,89,89,6.4,8.73,0.0,0.801,0.5987,16.9,16.7,16.7,station
2025-02-24,17.4,17.2,15.6,17.2,15.1,18.9,17.2,20.0,17.3,15.1,16.5,1.07,-1.2,89,100,15.3,11.61,0.4,0.8112,0.5848,17.7,17.8,17.8,station
2025-02-25,16.4,18.2,16.7,16.8,16.2,16.1,18.7,17.7,16.9,16.0,16.86,0.79,-0.22,83,46,10.8,16.63,0.0,0.8211,0.5708,16.2,17.8,17.8,station
2025-02-26,19.9,22.4,21.1,21.3,20.2,20.1,21.9,21.1,20.6,19.8,20.98,0.99,0.28,65,0,9.2,18.03,0.0,0.8308,0.5566,20.3,20.6,20.6,station
2025-02-27,21.6,21.5,22.0,21.6,21.1,21.1,21.9,22.9,22.0,21.8,21.56,0.32,-0.38,77,63,10.8,15.59,0.0,0.8402,0.5422,22.1,20.6,20.6,station
2025-02-28,20.8,21.1,20.8,20.7,20.1,22.5,20.5,20.3,23.7,18.4,20.7,0.37,-0.38,78,97,11.6,16.06,0.0,0.8495,0.5277,22.6,18.9,18.9,station
2025-03-01,14.5,13.7,12.0,13.8,13.1,14.9,13.4,18.7,13.4,12.9,13.42,0.94,-1.24,90,93,23.9,11.31,1.1,0.8584,0.513,13.3,14.4,14.4,station
2025-03-02,12.6,12.3,11.6,12.6,11.9,12.4,12.5,12.9,12.8,11.8,12.2,0.44,-0.28,82,62,31.3,16.03,3.8,0.8671,0.4981,12.3,13.3,13.3,station
2025-03-03,13.3,13.1,12.8,13.9,12.7,13.0,13.2,14.4,14.1,12.9,13.16,0.48,-0.36,78,51,25.2,16.34,0.3,0.8755,0.4831,12.9,13.3,13.3,station
2025-03-04,14.0,15.1,11.5,13.2,13.8,13.1,13.9,14.4,12.6,12.1,13.52,1.32,0.3,81,96,10.2,7.19,0.1,0.8837,0.468,14.8,15.0,15.0,station
2025-03-05,12.4,11.9,11.6,12.8,12.0,13.2,12.9,14.1,12.6,11.5,12.14,0.47,-0.72,88,79,22.3,9.22,5.8,0.8916,0.4527,11.7,12.8,12.8,station
2025-03-06,12.8,12.9,13.3,13.6,11.8,13.4,13.1,13.1,13.6,12.1,12.88,0.68,-0.18,79,35,18.2,17.02,4.1,0.8993,0.4373,12.5,13.9,13.9,station
2025-03-07,15.5,16.4,17.5,16.4,13.9,15.7,16.5,16.6,16.5,14.4,15.94,1.34,0.0,81,3,14.7,18.55,0.0,0.9067,0.4218,14.9,17.2,17.2,station
2025-03-08,16.8,17.8,14.6,17.1,15.4,16.4,17.8,19.9,17.2,15.7,16.34,1.31,-1.06,82,20,9.1,19.3,0.0,0.9138,0.4061,16.6,16.7,16.7,station
2025-03-09,15.7,15.9,13.4,16.9,14.7,16.1,16.2,19.0,16.8,15.4,15.32,1.33,-1.38,74,23,18.1,19.7,0.0,0.9207,0.3904,15.6,15.6,15.6,station
2025-03-10,16.7,17.2,16.1,17.7,15.5,16.6,17.6,18.9,17.7,17.1,16.64,0.87,-0.94,75,98,12.3,17.69,0.0,0.9272,0.3745,19.3,17.8,17.8,station
2025-03-11,16.4,16.6,13.9,16.5,14.2,16.9,16.6,18.0,17.8,13.7,15.52,1.35,-1.08,69,50,16.9,19.38,0.0,0.9335,0.3585,16.3,17.8,17.8,station
2025-03-12,13.3,13.8,12.8,14.5,12.4,12.8,13.7,13.6,14.3,12.9,13.36,0.83,-0.1,92,94,40.2,5.52,15.9,0.9396,0.3424,13.2,15.6,15.6,station
2025-03-13,11.4,11.3,9.4,11.2,9.8,11.4,11.1,11.8,11.5,10.0,10.62,0.94,-0.54,79,75,23.9,17.7,5.6,0.9453,0.3261,10.7,11.7,11.7,station
2025-03-14,13.3,12.6,12.7,12.8,11.5,13.1,12.8,13.4,14.2,12.2,12.58,0.66,-0.56,83,74,26.0,15.21,24.5,0.9508,0.3098,12.9,13.9,13.9,station
2025-03-15,14.4,15.4,13.4,14.5,12.8,14.8,15.1,15.4,14.6,13.4,14.1,1.01,-0.56,80,59,16.8,15.87,0.5,0.956,0.2934,14.4,15.6,15.6,station
2025-03-16,15.6,15.5,15.0,16.4,14.1,16.0,15.6,17.0,16.5,14.2,15.32,0.85,-0.54,80,78,26.8,11.45,2.8,0.9609,0.2769,15.1,15.0,15.0,station
2025-03-17,13.0,13.0,11.6,13.7,10.9,12.6,13.1,13.4,13.6,11.1,12.44,1.15,-0.32,85,54,34.2,18.13,10.7,0.9655,0.2604,13.0,13.3,13.3,station
2025-03-18,13.6,14.5,12.9,14.8,12.9,13.4,14.4,14.5,14.5,12.5,13.74,0.88,-0.12,72,28,20.3,21.58,0.0,0.9698,0.2437,13.5,14.4,14.4,station
2025-03-19,13.8,14.4,14.4,14.5,12.7,14.0,14.5,14.9,14.6,12.4,13.96,0.76,-0.12,78,81,14.3,16.67,0.6,0.9739,0.227,13.4,15.0,15.0,station
2025-03-20,14.9,15.3,15.0,15.5,13.5,14.5,15.5,15.3,15.1,13.3,14.84,0.79,0.1,81,54,14.2,21.12,0.0,0.9777,0.2102,14.7,15.0,15.0,station
2025-03-21,15.0,15.4,14.3,15.0,13.7,15.4,15.7,16.7,16.0,14.1,14.68,0.68,-0.9,82,91,19.8,20.38,0.0,0.9811,0.1934,14.9,15.6,15.6,station
2025-03-22,15.9,15.9,15.3,15.8,13.9,16.0,16.3,16.8,16.0,14.5,15.36,0.85,-0.56,90,66,20.0,17.35,0.0,0.9843,0.1765,15.4,15.6,15.6,station
2025-03-23,19.1,19.7,17.6,20.9,15.6,19.8,19.4,20.7,20.6,15.5,18.58,2.05,-0.62,86,28,12.3,20.86,0.0,0.9872,0.1595,18.3,18.3,18.3,station
2025-03-24,24.2,25.6,26.1,24.3,22.6,23.7,25.4,25.1,24.3,23.2,24.56,1.37,0.22,76,0,7.6,21.87,0.0,0.9898,0.1425,25.3,24.4,24.4,station
2025-03-25,26.3,25.8,27.3,25.6,23.9,25.9,25.6,28.8,27.0,24.7,25.78,1.24,-0.62,73,42,12.6,21.08,0.0,0.9921,0.1255,26.1,27.8,27.8,station
2025-03-26,17.1,15.9,16.0,17.4,14.7,17.2,16.2,20.8,17.0,14.8,16.22,1.08,-0.98,83,83,28.0,12.84,0.7,0.9941,0.1084,15.3,16.1,16.1,station
2025-03-27,15.7,16.6,16.1,16.5,15.2,16.4,16.3,16.9,17.3,14.9,16.02,0.58,-0.34,89,78,22.6,15.92,3.6,0.9958,0.0913,15.8,16.7,16.7,station
2025-03-28,15.5,15.3,13.9,15.1,14.2,15.7,14.9,15.5,15.0,13.4,14.8,0.71,-0.1,84,63,18.0,19.07,2.0,0.9972,0.0741,14.4,16.1,16.1,station
2025-03-29,14.6,14.9,14.3,15.5,13.0,15.3,15.0,15.8,14.7,13.5,14.46,0.93,-0.4,77,65,13.9,19.42,0.1,0.9984,0.057,14.4,14.4,14.4,station
2025-03-30,17.1,16.0,15.3,17.3,15.2,16.3,15.9,14.9,17.6,14.2,16.18,0.98,0.4,88,85,27.9,13.23,10.7,0.9992,0.0398,16.2,17.8,17.8,station
2025-03-31,14.7,14.3,14.4,14.3,13.1,14.3,13.8,15.4,14.7,13.2,14.16,0.61,-0.12,81,67,27.3,18.93,3.3,0.9997,0.0226,14.4,15.6,15.6,station
2025-04-01,12.0,12.7,12.0,12.8,11.0,12.4,12.6,12.8,12.9,11.2,12.1,0.72,-0.28,78,39,28.2,20.32,10.5,1.0,0.0054,13.0,13.3,13.3,station
2025-04-02,13.3,13.5,14.0,14.5,12.5,13.9,13.5,15.0,14.2,12.5,13.56,0.75,-0.26,78,25,23.5,23.72,0.0,0.9999,-0.0118,13.4,13.9,13.9,station
2025-04-03,15.5,15.6,15.9,16.5,13.9,15.4,15.6,17.8,16.7,13.3,15.48,0.97,-0.28,81,6,14.4,23.67,0.6,0.9996,-0.029,15.3,15.6,15.6,station
2025-04-04,18.3,18.5,19.8,19.1,16.0,17.8,18.1,20.4,18.9,16.5,18.34,1.43,0.0,79,47,13.5,23.95,0.0,0.9989,-0.0462,18.4,20.6,20.6,station
2025-04-05,20.4,20.4,18.0,20.5,16.7,20.2,19.8,23.5,21.0,18.1,19.2,1.75,-1.32,80,55,9.9,24.21,0.0,0.998,-0.0634,20.2,20.0,20.0,station
2025-04-06,19.7,20.0,17.7,19.9,16.4,19.7,19.4,23.0,20.7,17.0,18.74,1.61,-1.22,72,66,11.3,23.3,0.0,0.9968,-0.0805,18.7,18.9,18.9,station
2025-04-07,17.4,17.1,15.7,17.3,14.0,16.2,17.3,19.1,18.2,14.6,16.3,1.46,-0.78,86,97,10.7,14.13,0.7,0.9952,-0.0977,15.9,17.2,17.2,station
2025-04-08,17.3,18.0,15.9,17.9,14.8,17.4,18.0,18.9,19.1,15.4,16.78,1.39,-0.98,83,45,11.5,23.9,0.0,0.9934,-0.1148,17.1,17.8,17.8,station
2025-04-09,22.1,21.9,19.3,22.2,19.0,22.0,22.3,24.3,24.1,18.1,20.9,1.6,-1.26,80,29,13.3,24.84,0.0,0.9913,-0.1319,21.9,21.7,21.7,station
2025-04-10,20.3,19.2,17.4,20.7,15.9,19.3,18.8,21.0,20.5,16.1,18.7,2.02,-0.44,84,67,15.8,21.78,0.0,0.9889,-0.1489,18.4,18.9,18.9,station
2025-04-11,18.5,17.6,16.6,19.9,15.4,18.2,17.3,19.5,20.3,14.9,17.6,1.73,-0.44,88,96,19.2,23.58,0.0,0.9861,-0.1659,17.0,17.8,17.8,station
2025-04-12,16.7,16.0,18.1,16.9,13.8,17.3,16.0,20.3,17.6,15.4,16.3,1.59,-1.02,82,10,20.7,26.08,0.0,0.9831,-0.1828,15.5,15.6,15.6,station
2025-04-13,23.5,21.5,24.9,23.4,19.2,23.2,21.3,24.6,23.3,18.9,22.5,2.21,0.24,70,3,14.3,25.59,0.0,0.9799,-0.1997,23.3,25.6,25.6,station
2025-04-14,24.9,20.3,24.1,20.9,19.2,25.4,20.4,26.0,23.6,20.5,21.88,2.48,-1.3,74,22,13.4,25.3,0.0,0.9763,-0.2165,22.4,18.9,18.9,station
2025-04-15,19.3,15.7,17.3,17.4,14.4,19.4,15.4,19.5,17.2,15.9,16.82,1.86,-0.66,86,99,21.4,20.06,0.0,0.9724,-0.2333,16.7,17.8,17.8,station
2025-04-16,17.3,15.8,16.1,16.4,14.3,18.1,15.8,17.6,16.2,14.6,15.98,1.09,-0.48,84,97,20.5,18.7,0.0,0.9683,-0.25,15.8,16.1,16.1,station
2025-04-17,18.4,15.4,15.0,16.0,13.4,17.9,15.7,17.1,16.9,13.8,15.64,1.82,-0.64,84,68,14.1,16.74,1.1,0.9638,-0.2666,16.3,15.6,15.6,station
2025-04-18,20.8,17.0,16.7,19.1,16.9,20.7,16.8,21.6,19.3,17.5,18.1,1.8,-1.08,85,48,12.8,22.63,0.0,0.9591,-0.2831,18.4,16.7,16.7,station
2025-04-19,19.2,17.2,19.0,17.7,15.5,20.0,17.4,20.7,18.8,15.2,17.72,1.5,-0.7,87,77,18.3,21.81,0.0,0.9541,-0.2996,15.6,17.8,17.8,station
2025-04-20,19.9,19.1,17.5,18.6,15.8,20.3,19.5,23.7,18.6,16.3,18.18,1.59,-1.5,85,34,12.3,25.35,0.0,0.9488,-0.316,17.5,17.2,17.2,station
2025-04-21,24.2,20.6,22.1,22.5,19.1,23.8,21.5,25.8,22.7,18.4,21.7,1.94,-0.74,82,25,10.7,25.8,0.0,0.9432,-0.3322,21.1,20.6,20.6,station
2025-04-22,21.5,17.7,22.0,18.5,17.4,23.4,17.6,22.4,19.8,17.7,19.42,2.17,-0.76,86,63,20.8,22.72,0.0,0.9373,-0.3484,16.5,19.4,19.4,station
2025-04-23,16.1,14.4,14.3,15.0,13.8,15.9,14.3,17.7,15.3,13.9,14.72,0.88,-0.7,82,83,20.5,20.08,0.0,0.9312,-0.3645,14.4,13.9,13.9,station
2025-04-24,15.3,13.7,13.0,14.2,12.1,15.1,13.4,14.7,14.1,12.8,13.66,1.21,-0.36,80,100,17.9,15.11,0.0,0.9248,-0.3804,13.4,13.3,13.3,station
2025-04-25,14.7,14.4,14.1,14.5,13.2,14.9,14.3,15.8,16.0,13.3,14.18,0.59,-0.68,79,88,14.7,17.54,0.7,0.9181,-0.3963,13.9,14.4,14.4,station
2025-04-26,15.3,14.7,14.9,16.3,13.0,15.1,14.4,17.3,15.6,13.4,14.84,1.2,-0.32,85,76,16.7,21.43,2.9,0.9112,-0.412,14.6,15.6,15.6,station
2025-04-27,14.3,13.4,14.0,14.8,12.4,13.9,13.3,12.9,16.2,13.1,13.78,0.92,-0.1,88,71,15.8,15.24,1.1,0.9039,-0.4276,13.5,13.9,13.9,station
2025-04-28,19.2,17.4,17.5,18.8,15.5,18.9,17.4,21.0,19.7,15.2,17.68,1.45,-0.76,85,38,12.3,26.97,0.0,0.8965,-0.4431,16.9,17.2,17.2,station
2025-04-29,21.5,19.2,22.3,20.9,17.4,21.5,19.5,25.4,21.5,16.5,20.26,1.96,-0.62,86,47,13.6,26.82,0.0,0.8887,-0.4585,19.1,20.6,20.6,station
2025-04-30,23.1,19.5,21.7,19.5,17.2,22.7,19.5,24.0,21.0,18.7,20.2,2.27,-0.98,86,32,14.3,26.21,0.0,0.8807,-0.4737,20.3,18.9,18.9,station
2025-05-01,20.0,17.8,19.2,18.2,14.7,19.7,17.7,20.8,18.1,14.0,17.98,2.03,-0.08,87,60,17.8,25.41,0.0,0.8724,-0.4888,16.4,17.8,17.8,station
2025-05-02,16.7,15.3,15.6,15.9,13.8,16.6,15.3,19.0,16.0,13.4,15.46,1.06,-0.6,86,93,22.0,21.94,0.0,0.8639,-0.5037,15.2,15.6,15.6,station
2025-05-03,15.0,13.8,15.8,14.7,12.7,15.1,13.9,14.9,14.3,12.0,14.4,1.19,0.36,85,63,29.3,22.23,1.5,0.8551,-0.5185,14.0,15.6,15.6,station
2025-05-04,18.7,17.7,19.4,18.6,14.4,17.9,17.4,22.3,18.4,14.1,17.76,1.97,-0.26,76,1,16.8,28.07,0.0,0.846,-0.5331,16.4,17.8,17.8,station
2025-05-05,27.2,24.1,27.8,24.7,19.9,26.9,23.5,26.5,26.3,20.5,24.74,3.13,0.0,41,10,19.2,29.0,0.0,0.8367,-0.5476,26.3,27.2,27.2,station
2025-05-06,24.9,19.2,24.2,22.2,19.3,24.6,19.0,23.0,22.7,18.7,21.96,2.67,0.36,74,25,21.0,28.04,0.0,0.8272,-0.5619,21.9,22.2,22.2,station
2025-05-07,20.4,17.3,17.1,19.5,14.8,21.7,17.5,21.0,19.2,14.8,17.82,2.2,-1.02,86,80,22.0,22.32,0.0,0.8174,-0.5761,17.4,18.9,18.9,station
2025-05-08,25.6,23.3,18.5,21.4,15.8,23.1,21.9,26.6,21.4,14.6,20.92,3.87,-0.6,79,41,13.7,27.32,0.0,0.8074,-0.59,22.1,22.8,22.8,station
2025-05-09,26.9,25.4,23.1,25.5,19.2,26.6,25.3,29.2,25.2,17.1,24.02,3.02,-0.66,63,4,14.0,29.13,0.0,0.7971,-0.6038,26.4,25.0,25.0,station
2025-05-10,25.2,22.8,20.3,23.3,15.9,24.1,22.3,25.1,23.3,16.2,21.5,3.59,-0.7,67,12,17.5,29.25,0.0,0.7866,-0.6175,20.2,20.0,20.0,station
2025-05-11,16.6,16.8,15.5,15.7,13.8,17.8,16.8,19.0,15.5,13.8,15.68,1.19,-0.9,79,49,19.4,24.77,0.0,0.7759,-0.6309,15.8,17.2,17.2,station
2025-05-12,17.0,16.4,16.0,16.5,14.4,17.0,16.3,17.5,16.2,14.7,16.06,0.99,-0.28,83,55,22.1,23.1,3.7,0.7649,-0.6442,16.0,16.7,16.7,station
2025-05-13,18.4,17.0,17.8,18.9,15.2,18.5,16.8,20.4,18.3,15.0,17.46,1.45,-0.34,79,41,17.3,26.92,0.0,0.7537,-0.6572,17.2,18.9,18.9,station
2025-05-14,21.5,19.1,20.8,20.5,16.3,21.4,18.4,23.4,21.9,16.3,19.64,2.06,-0.64,80,32,14.6,28.31,0.0,0.7423,-0.6701,19.0,18.9,18.9,station
2025-05-15,21.6,20.0,21.3,20.7,17.0,21.7,20.0,24.4,21.5,17.6,20.12,1.85,-0.92,79,39,16.6,28.86,0.0,0.7306,-0.6828,19.9,20.6,20.6,station
2025-05-16,21.0,19.2,20.8,20.8,16.8,19.4,19.0,23.0,20.7,16.2,19.72,1.79,0.06,79,60,18.7,28.61,0.0,0.7188,-0.6952,20.0,18.9,18.9,station
2025-05-17,17.1,16.3,16.1,17.1,13.9,17.2,16.4,17.1,17.1,14.2,16.1,1.31,-0.3,82,43,29.6,28.24,0.0,0.7067,-0.7075,16.4,16.7,16.7,station
2025-05-18,20.5,20.1,19.1,19.7,15.6,20.9,19.6,20.9,21.1,16.0,19.0,1.97,-0.7,75,1,20.6,29.6,0.0,0.6945,-0.7195,17.9,18.9,18.9,station
2025-05-19,22.9,21.7,22.8,24.3,17.2,22.7,21.5,25.8,23.4,17.2,21.78,2.72,-0.34,74,1,21.9,29.43,0.0,0.682,-0.7314,19.5,21.1,21.1,station
2025-05-20,19.8,20.1,18.8,20.1,15.0,20.4,20.1,23.5,20.3,15.3,18.76,2.17,-1.16,77,8,20.4,30.05,0.0,0.6693,-0.743,17.4,18.3,18.3,station
2025-05-21,23.6,21.6,23.2,22.2,17.5,23.8,21.6,27.9,22.2,17.0,21.62,2.44,-0.88,76,1,17.6,30.03,0.0,0.6564,-0.7544,21.1,20.6,20.6,station
2025-05-22,19.3,18.3,16.6,19.8,14.5,18.8,18.1,20.7,20.8,14.6,17.7,2.17,-0.9,78,1,22.1,30.12,0.0,0.6433,-0.7656,16.4,18.3,18.3,station
2025-05-23,16.5,15.4,14.9,16.0,12.7,16.4,15.6,17.5,16.5,13.1,15.1,1.47,-0.72,82,49,23.9,26.61,0.0,0.6301,-0.7765,15.3,15.6,15.6,station
2025-05-24,17.1,16.0,14.6,16.5,14.2,16.6,16.0,20.4,16.6,14.0,15.68,1.24,-1.04,83,43,23.1,27.29,0.0,0.6166,-0.7873,15.5,15.0,15.0,station
2025-05-25,17.9,15.8,15.7,16.4,14.1,17.7,15.8,19.1,16.2,13.7,15.98,1.37,-0.52,80,66,22.1,28.2,0.0,0.603,-0.7978,16.5,17.8,17.8,station
2025-05-26,19.4,17.2,15.9,18.5,13.6,19.4,17.4,20.5,19.3,15.2,16.92,2.28,-1.44,86,80,21.1,23.59,0.5,0.5892,-0.808,17.5,17.8,17.8,station
2025-05-27,22.3,19.6,19.0,20.3,15.2,23.8,20.3,27.4,20.8,15.6,19.28,2.6,-2.3,82,51,15.0,27.99,0.0,0.5752,-0.818,18.9,18.9,18.9,station
2025-05-28,17.4,16.6,14.9,18.4,13.9,17.2,16.9,21.5,18.0,13.8,16.24,1.83,-1.24,84,73,24.5,23.45,0.0,0.561,-0.8278,16.3,17.2,17.2,station
2025-05-29,23.1,21.0,18.6,22.2,17.1,22.3,20.8,24.9,21.5,16.8,20.4,2.5,-0.86,80,30,20.5,29.87,0.0,0.5467,-0.8373,20.2,20.6,20.6,station
2025-05-30,29.5,25.5,26.7,26.1,19.9,29.1,25.4,32.1,28.3,20.2,25.54,3.51,-1.48,75,23,14.0,28.52,0.0,0.5322,-0.8466,26.2,26.1,26.1,station
2025-05-31,26.1,23.7,25.2,25.6,17.6,25.7,23.5,29.1,26.8,17.9,23.64,3.49,-0.96,70,9,17.3,30.07,0.0,0.5176,-0.8556,23.1,22.8,22.8,station
2025-06-01,21.6,17.4,18.3,19.6,15.9,19.5,16.8,19.5,17.8,15.6,18.56,2.17,0.72,80,41,20.1,28.61,0.0,0.5028,-0.8644,18.2,18.3,18.3,station
2025-06-02,24.2,20.0,24.5,21.3,19.0,23.7,19.8,22.4,21.3,18.4,21.8,2.47,0.68,77,9,19.4,29.53,0.0,0.4878,-0.8729,21.1,21.7,21.7,station
2025-06-03,24.0,20.5,21.7,16.9,17.5,23.6,20.4,25.0,21.8,17.8,20.12,2.95,-1.6,79,23,17.9,27.5,0.0,0.4728,-0.8812,21.4,21.1,21.1,station
2025-06-04,24.7,20.2,23.8,15.0,18.7,24.8,20.2,24.5,18.3,17.7,20.48,3.94,-0.62,79,46,18.7,28.2,0.0,0.4575,-0.8892,21.7,19.4,19.4,station
2025-06-05,24.2,19.4,22.1,15.5,17.6,24.2,19.3,24.5,15.6,17.8,19.76,3.47,-0.52,80,64,23.4,25.3,0.0,0.4422,-0.8969,19.3,20.6,20.6,station
2025-06-06,23.1,20.9,22.7,15.8,18.0,23.0,21.0,26.4,16.0,17.5,20.1,3.13,-0.68,80,41,15.9,28.18,0.0,0.4267,-0.9044,21.2,20.6,20.6,station
2025-06-07,23.6,20.0,17.9,15.3,16.9,23.7,19.9,27.6,15.1,16.7,18.74,3.21,-1.86,84,77,15.3,24.48,0.0,0.4111,-0.9116,19.3,18.3,18.3,station
2025-06-08,20.3,18.6,17.4,13.9,15.6,22.1,18.9,28.0,14.1,16.2,17.16,2.5,-2.7,86,98,16.6,22.41,0.0,0.3953,-0.9185,17.1,19.4,19.4,station
2025-06-09,19.8,18.2,17.0,14.0,15.8,20.4,18.4,27.5,13.9,15.3,16.96,2.22,-2.14,88,99,16.9,20.29,0.0,0.3795,-0.9252,17.7,17.2,17.2,station
2025-06-10,22.0,17.9,16.9,13.8,16.3,22.7,18.1,27.5,13.8,16.4,17.38,2.99,-2.32,87,97,19.1,21.34,0.0,0.3635,-0.9316,17.0,17.2,17.2,station
2025-06-11,18.8,16.7,16.1,13.4,15.3,19.9,16.9,24.5,13.6,14.8,16.06,1.97,-1.88,82,70,20.6,25.51,0.0,0.3474,-0.9377,15.9,16.1,16.1,station
2025-06-12,20.4,18.1,17.3,13.0,16.7,19.3,17.4,25.3,13.2,16.9,17.1,2.69,-1.32,80,42,19.7,29.32,0.0,0.3312,-0.9436,17.0,16.1,16.1,station
2025-06-13,21.8,19.1,17.7,13.5,15.9,21.7,18.7,21.6,13.9,15.9,17.6,3.15,-0.76,80,47,16.4,27.28,0.0,0.3149,-0.9491,18.3,18.9,18.9,station
2025-06-14,19.4,18.4,17.3,13.3,14.7,20.0,18.4,22.8,13.4,15.3,16.62,2.55,-1.36,79,40,19.0,28.86,0.0,0.2986,-0.9544,17.2,17.8,17.8,station
2025-06-15,21.5,19.8,18.0,13.5,15.2,21.1,19.6,23.7,13.8,15.5,17.6,3.27,-1.14,79,33,16.2,30.29,0.0,0.2821,-0.9594,18.6,18.3,18.3,station
2025-06-16,20.5,19.3,16.1,13.8,15.2,18.4,17.6,19.7,13.8,15.0,16.98,2.82,0.08,77,23,20.1,29.79,0.0,0.2656,-0.9641,17.3,17.2,17.2,station
2025-06-17,21.7,20.8,19.7,15.7,16.2,22.4,20.8,24.2,15.9,17.1,18.82,2.72,-1.26,72,0,19.8,30.61,0.0,0.2489,-0.9685,18.9,19.4,19.4,station
2025-06-18,25.0,23.1,21.9,15.4,17.3,24.5,22.7,28.2,15.5,17.3,20.54,4.04,-1.1,77,17,18.9,29.78,0.0,0.2322,-0.9727,20.8,20.0,20.0,station
2025-06-19,18.1,17.4,16.8,13.7,14.5,18.1,17.0,18.5,13.6,14.5,16.1,1.9,-0.24,79,6,28.2,30.75,0.0,0.2155,-0.9765,16.6,16.7,16.7,station
2025-06-20,17.7,17.0,17.5,14.3,14.5,17.7,16.8,18.5,14.6,14.6,16.2,1.66,-0.24,78,25,33.2,30.61,0.0,0.1986,-0.9801,16.2,16.7,16.7,station
2025-06-21,19.9,19.8,18.9,15.0,15.5,20.0,19.7,21.4,15.4,15.8,17.82,2.38,-0.64,72,0,26.3,31.04,0.0,0.1818,-0.9833,18.6,19.4,19.4,station
2025-06-22,21.4,19.7,20.9,14.8,15.1,21.9,20.0,25.0,15.9,15.4,18.38,3.19,-1.26,73,1,17.0,30.63,0.0,0.1648,-0.9863,19.7,18.9,18.9,station
2025-06-23,26.5,20.6,25.1,15.1,16.6,26.9,20.2,28.4,15.8,16.5,20.78,5.03,-0.78,77,42,15.5,29.09,0.0,0.1478,-0.989,23.0,18.3,18.3,station
2025-06-24,19.7,18.6,16.4,13.7,15.0,19.0,18.7,23.5,14.1,14.4,16.68,2.48,-1.26,87,97,19.3,20.79,0.0,0.1308,-0.9914,16.9,17.2,17.2,station
2025-06-25,21.7,19.2,18.9,13.8,15.3,20.8,20.0,24.3,14.1,15.1,17.78,3.19,-1.08,84,65,18.0,25.76,0.0,0.1137,-0.9935,18.2,17.2,17.2,station
2025-06-26,21.2,19.1,20.7,14.2,16.4,21.0,19.8,22.7,14.9,17.0,18.32,2.97,-0.76,82,20,18.3,28.81,0.0,0.0966,-0.9953,18.4,17.8,17.8,station
2025-06-27,25.2,22.3,26.9,15.1,18.4,26.4,22.8,29.9,15.7,18.9,21.58,4.85,-1.16,78,9,17.0,29.57,0.0,0.0795,-0.9968,22.6,21.1,21.1,station
2025-06-28,27.9,23.7,28.6,16.5,21.1,27.8,23.3,29.3,16.9,20.0,23.56,5.0,0.1,75,38,15.3,26.09,0.0,0.0623,-0.9981,24.2,24.4,24.4,station
2025-06-29,27.1,23.4,26.0,14.8,20.7,26.7,23.7,29.8,15.4,21.7,22.4,4.92,-1.06,77,69,16.1,24.52,0.0,0.0451,-0.999,21.6,20.6,20.6,station
2025-06-30,24.5,23.3,24.6,14.4,18.8,24.6,23.0,26.8,15.3,19.9,21.12,4.44,-0.8,81,83,14.8,24.58,0.0,0.028,-0.9996,21.5,18.9,18.9,station
2025-07-01,23.4,22.3,24.9,14.9,18.5,23.8,21.7,29.8,14.7,18.3,20.8,4.06,-0.86,82,79,14.7,24.22,0.0,0.0108,-0.9999,21.7,18.9,18.9,station
2025-07-02,22.4,19.9,24.7,14.4,16.9,22.2,20.1,25.9,14.5,17.0,19.66,4.13,-0.28,83,58,17.8,26.02,0.0,-0.0065,-1.0,18.7,18.9,18.9,station
2025-07-03,21.2,18.7,19.1,13.9,16.2,20.4,19.0,23.0,14.0,16.3,17.82,2.82,-0.72,81,46,24.2,27.45,0.0,-0.0237,-0.9997,17.2,17.2,17.2,station
2025-07-04,20.3,19.0,17.6,13.8,15.2,21.1,18.6,21.7,14.1,15.0,17.18,2.67,-0.92,80,22,19.5,29.66,0.0,-0.0408,-0.9992,18.2,18.9,18.9,station
2025-07-05,20.9,19.6,17.6,13.6,14.7,21.4,19.4,25.2,13.7,15.5,17.28,3.11,-1.76,81,62,17.0,27.16,0.0,-0.058,-0.9983,18.3,18.9,18.9,station
2025-07-06,21.4,20.4,17.6,14.1,15.8,21.3,20.6,22.9,13.6,16.2,17.86,3.06,-1.06,84,88,14.5,23.85,0.0,-0.0752,-0.9972,18.6,18.9,18.9,station
2025-07-07,23.9,20.8,22.7,16.2,16.9,23.7,20.9,23.9,15.8,16.9,20.1,3.43,-0.14,83,79,21.5,23.82,0.0,-0.0923,-0.9957,19.6,21.7,21.7,station
2025-07-08,23.8,21.5,21.2,16.9,17.8,23.6,21.7,25.0,16.8,17.2,20.24,2.84,-0.62,80,56,18.4,27.41,0.0,-0.1094,-0.994,20.4,21.7,21.7,station
2025-07-09,21.5,21.4,17.5,15.1,15.4,21.4,21.3,27.4,15.2,15.4,18.18,3.13,-1.96,83,61,15.9,26.13,0.0,-0.1265,-0.992,18.4,17.8,17.8,station
2025-07-10,25.7,23.5,25.7,17.4,19.7,27.2,24.3,30.5,17.3,19.7,22.4,3.72,-1.4,78,29,14.1,27.32,0.0,-0.1436,-0.9896,22.9,24.4,24.4,station
2025-07-11,28.0,24.4,29.9,16.2,19.4,27.2,23.7,29.3,16.2,19.3,23.58,5.75,0.44,80,59,14.5,24.55,0.0,-0.1606,-0.987,23.2,20.0,20.0,station
2025-07-12,26.6,22.2,26.5,15.1,18.5,27.2,22.7,26.8,15.5,19.0,21.78,5.03,-0.46,82,82,19.7,22.94,0.0,-0.1775,-0.9841,20.3,21.1,21.1,station
2025-07-13,23.6,22.3,24.7,15.9,18.3,24.2,22.7,28.7,15.8,18.6,20.96,3.72,-1.04,82,78,16.1,24.88,0.0,-0.1944,-0.9809,20.5,19.4,19.4,station
2025-07-14,24.2,22.7,25.0,15.4,18.6,25.3,22.6,31.0,15.7,19.1,21.18,4.06,-1.56,81,78,16.0,24.12,0.0,-0.2113,-0.9774,21.9,19.4,19.4,station
2025-07-15,23.8,19.3,22.2,14.9,16.8,24.1,19.7,23.8,15.3,17.0,19.4,3.68,-0.58,86,95,27.9,21.99,0.0,-0.2281,-0.9736,18.6,21.7,21.7,station
2025-07-16,21.1,18.8,19.5,14.9,16.4,23.1,19.3,22.2,15.3,16.8,18.14,2.48,-1.2,84,88,21.5,23.0,0.0,-0.2448,-0.9696,18.6,20.6,20.6,station
2025-07-17,22.5,20.7,20.3,16.1,18.4,22.8,21.1,26.0,16.5,17.9,19.6,2.44,-1.26,83,84,18.4,25.02,0.0,-0.2614,-0.9652,20.3,21.1,21.1,station
2025-07-18,21.4,20.3,18.7,14.4,17.2,21.7,20.1,26.9,14.9,17.2,18.4,2.74,-1.76,84,80,15.6,25.43,0.0,-0.278,-0.9606,19.2,18.9,18.9,station
2025-07-19,21.6,19.3,18.8,14.2,16.7,22.1,19.7,28.8,14.2,16.0,18.12,2.8,-2.04,85,88,14.8,22.25,0.0,-0.2945,-0.9557,18.8,18.9,18.9,station
2025-07-20,19.7,17.5,18.2,13.3,17.3,20.4,17.9,23.2,14.0,17.4,17.2,2.37,-1.38,88,96,19.1,22.01,0.0,-0.3109,-0.9505,17.3,20.0,20.0,station
2025-07-21,19.0,17.3,18.3,14.0,15.8,18.3,17.1,22.4,14.1,16.5,16.88,2.01,-0.8,90,98,18.0,17.01,0.4,-0.3272,-0.945,17.5,18.3,18.3,station
2025-07-22,19.5,17.4,18.5,14.1,15.9,19.6,17.2,21.8,13.6,15.1,17.08,2.14,-0.38,88,100,17.0,15.56,0.2,-0.3434,-0.9392,18.0,19.4,19.4,station
2025-07-23,20.8,19.5,20.5,15.6,16.3,21.0,19.0,23.9,15.0,16.6,18.54,2.43,-0.56,81,87,18.7,23.94,0.0,-0.3595,-0.9332,19.5,21.7,21.7,station
2025-07-24,20.2,19.7,20.6,16.1,17.1,20.7,19.2,22.1,15.8,17.0,18.74,2.01,-0.22,83,89,17.7,23.15,0.0,-0.3755,-0.9268,19.1,21.1,21.1,station
2025-07-25,20.3,18.3,17.8,15.2,16.2,20.4,18.4,22.7,15.5,16.4,17.56,1.97,-1.12,87,97,20.1,18.81,0.2,-0.3914,-0.9202,18.2,20.6,20.6,station
2025-07-26,19.8,18.3,17.8,15.4,16.4,19.7,18.3,22.3,15.0,16.2,17.54,1.71,-0.76,85,97,19.7,17.96,0.0,-0.4071,-0.9134,18.1,20.0,20.0,station
2025-07-27,20.7,18.9,17.4,15.2,16.6,20.8,19.0,22.8,15.4,15.9,17.76,2.12,-1.02,85,77,18.2,20.96,0.0,-0.4228,-0.9062,18.3,18.9,18.9,station
2025-07-28,21.5,19.8,19.3,15.0,17.2,21.1,20.3,26.4,15.3,17.3,18.56,2.51,-1.52,85,62,15.0,21.79,0.0,-0.4383,-0.8988,18.6,21.1,21.1,station
2025-07-29,22.0,19.4,20.0,15.3,17.2,21.4,19.8,26.6,15.3,16.3,18.78,2.59,-1.1,84,74,18.4,25.48,0.0,-0.4537,-0.8912,19.7,21.1,21.1,station
2025-07-30,19.6,18.7,17.7,15.5,16.4,19.4,18.7,23.8,15.1,15.5,17.58,1.66,-0.92,87,100,20.5,16.88,0.0,-0.469,-0.8832,18.6,19.4,19.4,station
2025-07-31,22.0,21.2,18.8,16.5,17.3,21.6,21.1,23.2,16.2,16.7,19.16,2.39,-0.6,87,95,17.9,22.33,0.0,-0.4841,-0.875,19.1,21.1,21.1,station
2025-08-01,21.1,20.1,18.5,15.9,17.0,21.3,21.2,24.3,16.4,17.4,18.52,2.14,-1.6,88,86,20.2,21.67,0.0,-0.4991,-0.8666,18.5,20.0,20.0,station
2025-08-02,21.1,20.4,19.7,16.0,17.2,22.4,20.9,27.0,16.9,18.7,18.88,2.18,-2.3,89,71,18.6,20.69,0.0,-0.5139,-0.8578,18.0,18.9,18.9,station
2025-08-03,21.2,20.3,18.2,15.4,16.7,20.8,20.0,23.7,15.3,16.6,18.36,2.42,-0.92,80,7,24.3,28.34,0.0,-0.5286,-0.8489,18.5,20.0,20.0,station
2025-08-04,22.1,20.6,19.9,16.2,17.2,21.6,20.5,22.8,16.2,16.8,19.2,2.44,-0.38,76,0,22.7,28.23,0.0,-0.5431,-0.8397,19.5,22.8,22.8,station
2025-08-05,22.3,20.7,20.1,15.6,17.3,21.3,21.5,27.1,15.3,17.8,19.2,2.7,-1.4,78,11,17.1,27.32,0.0,-0.5575,-0.8302,20.0,20.6,20.6,station
2025-08-06,27.8,24.7,24.3,17.7,19.0,25.6,24.5,30.2,17.4,20.1,22.7,4.22,-0.86,73,11,15.9,27.43,0.0,-0.5717,-0.8205,25.2,26.1,26.1,station
2025-08-07,21.9,22.0,21.3,16.7,19.0,25.4,22.8,24.9,16.5,18.8,20.18,2.29,-1.5,87,71,16.1,21.35,0.0,-0.5857,-0.8105,20.5,21.7,21.7,station
2025-08-08,31.4,26.2,31.0,18.5,22.4,29.8,25.6,28.4,18.5,22.8,25.9,5.55,0.88,74,49,11.9,25.2,0.0,-0.5996,-0.8003,27.8,23.9,23.9,station
2025-08-09,29.3,24.5,31.2,19.1,23.1,30.1,24.5,29.8,19.6,23.2,25.44,4.86,0.0,75,44,14.0,22.91,0.0,-0.6132,-0.7899,24.5,23.3,23.3,station
2025-08-10,27.2,24.5,25.2,18.4,21.6,28.0,24.4,32.2,18.5,22.6,23.38,3.43,-1.76,80,73,13.4,22.16,0.0,-0.6267,-0.7792,22.6,20.6,20.6,station
2025-08-11,24.5,21.7,20.0,17.6,18.4,26.6,22.0,32.9,18.0,20.2,20.44,2.76,-3.5,84,85,14.6,21.21,0.0,-0.64,-0.7683,20.4,19.4,19.4,station
2025-08-12,24.1,21.0,20.2,17.9,17.9,25.6,21.4,30.7,17.9,18.7,20.22,2.57,-2.64,84,93,15.0,20.42,0.0,-0.6532,-0.7572,20.6,19.4,19.4,station
2025-08-13,23.2,20.4,19.7,18.3,18.8,23.9,20.9,28.3,17.9,18.3,20.08,1.92,-1.78,86,96,18.5,18.9,0.0,-0.6661,-0.7459,20.5,20.6,20.6,station
2025-08-14,22.2,19.8,23.2,16.0,18.1,23.4,20.2,26.2,16.0,18.1,19.86,2.94,-0.92,84,59,18.7,22.6,0.0,-0.6788,-0.7343,20.8,20.6,20.6,station
2025-08-15,23.2,21.0,22.6,17.2,19.9,25.5,21.5,25.6,18.3,20.3,20.78,2.39,-1.46,84,31,25.3,25.7,0.0,-0.6914,-0.7225,21.6,21.7,21.7,station
2025-08-16,20.6,20.1,20.7,17.2,17.5,20.8,20.3,19.8,17.3,17.9,19.22,1.73,0.0,94,100,17.4,10.93,1.1,-0.7037,-0.7105,19.9,22.8,22.8,station
2025-08-17,19.8,19.5,19.8,17.8,18.0,20.9,19.5,22.8,17.1,17.7,18.98,1.0,-0.62,90,91,17.9,18.03,0.1,-0.7158,-0.6983,18.8,21.1,21.1,station
2025-08-18,23.4,22.3,21.0,17.8,19.2,22.6,21.8,23.9,17.5,18.1,20.74,2.27,-0.04,77,43,13.8,24.66,0.0,-0.7277,-0.6859,21.5,22.8,22.8,station
2025-08-19,23.7,22.6,18.4,16.9,18.6,22.3,21.6,24.5,16.7,18.3,20.04,2.94,-0.64,77,0,16.6,26.81,0.0,-0.7394,-0.6733,23.1,22.2,22.2,station
2025-08-20,29.6,27.1,24.4,19.7,22.4,28.3,26.8,30.6,18.5,22.2,24.64,3.88,-0.64,72,0,16.5,26.35,0.0,-0.7509,-0.6605,27.2,25.6,25.6,station
2025-08-21,31.0,26.9,30.3,20.2,21.8,30.1,27.8,32.5,20.4,20.3,26.04,4.89,-0.18,71,46,17.4,26.0,0.0,-0.7621,-0.6474,27.1,26.1,26.1,station
2025-08-22,25.8,23.4,22.3,19.1,18.9,25.0,24.9,31.0,18.7,19.1,21.9,2.94,-1.84,86,90,13.5,19.91,0.0,-0.7731,-0.6342,21.1,21.1,21.1,station
2025-08-23,25.0,22.9,19.2,18.1,19.1,24.0,22.9,30.0,18.7,19.0,20.86,2.95,-2.06,87,91,14.6,19.07,1.2,-0.7839,-0.6208,20.3,20.6,20.6,station
2025-08-24,23.4,22.1,18.8,17.7,19.1,23.0,21.8,29.3,18.6,19.1,20.22,2.41,-2.14,86,88,13.3,19.05,0.0,-0.7945,-0.6073,21.1,20.6,20.6,station
2025-08-25,24.1,22.3,22.2,17.9,19.6,23.2,22.1,28.5,18.3,19.9,21.22,2.45,-1.18,83,74,17.6,21.27,0.0,-0.8048,-0.5935,23.0,21.1,21.1,station
2025-08-26,24.9,22.7,22.7,18.5,19.9,24.2,22.4,26.8,18.5,21.9,21.74,2.54,-1.02,82,62,17.3,23.19,0.0,-0.8149,-0.5796,23.1,23.9,23.9,station
2025-08-27,23.5,22.9,22.7,18.1,19.3,24.6,23.0,27.8,18.9,19.5,21.3,2.43,-1.46,83,55,17.4,22.03,0.0,-0.8248,-0.5655,21.9,23.3,23.3,station
2025-08-28,25.2,23.2,20.8,19.6,19.9,25.4,23.7,30.0,18.9,19.2,21.74,2.4,-1.7,80,37,14.3,23.03,0.0,-0.8344,-0.5512,23.7,22.8,22.8,station
2025-08-29,24.0,22.1,19.6,18.7,18.7,25.1,22.7,29.5,19.2,18.6,20.62,2.35,-2.4,83,48,13.0,20.48,0.0,-0.8437,-0.5368,21.4,21.7,21.7,station
2025-08-30,29.7,26.6,24.0,19.8,21.4,28.8,25.6,31.6,20.7,20.0,24.3,3.97,-1.04,66,2,16.3,24.72,0.0,-0.8528,-0.5222,28.0,28.3,28.3,station
2025-08-31,30.3,27.3,25.6,20.8,22.1,28.8,26.5,31.3,21.2,20.8,25.22,3.86,-0.5,64,17,16.0,24.5,0.0,-0.8617,-0.5074,28.0,27.2,27.2,station
2025-09-01,29.7,25.9,22.4,19.6,22.3,26.7,24.8,32.6,19.2,22.3,23.98,3.9,-1.14,75,15,14.8,23.85,0.0,-0.8703,-0.4925,25.4,23.9,23.9,station
2025-09-02,27.1,23.3,21.2,19.1,22.2,27.0,22.5,29.4,18.9,22.5,22.58,2.96,-1.48,79,32,23.8,21.0,0.0,-0.8786,-0.4775,25.1,23.9,23.9,station
2025-09-03,24.6,22.5,20.9,18.8,20.4,24.3,22.2,26.4,19.0,20.3,21.44,2.21,-1.0,83,70,15.7,21.41,0.0,-0.8867,-0.4623,22.8,22.2,22.2,station
2025-09-04,22.5,20.5,18.7,17.2,19.3,22.8,21.0,27.7,17.6,18.3,19.64,1.99,-1.84,86,94,18.1,16.0,0.0,-0.8945,-0.447,20.9,21.1,21.1,station
2025-09-05,22.2,20.2,19.3,17.6,18.3,22.0,20.4,23.1,18.1,17.9,19.52,1.79,-0.78,85,88,18.4,18.2,0.0,-0.9021,-0.4315,20.7,20.6,20.6,station
2025-09-06,23.5,21.1,22.5,18.4,19.0,24.0,21.8,26.2,18.6,18.5,20.9,2.19,-0.92,84,60,15.7,18.26,0.0,-0.9094,-0.4159,21.6,22.2,22.2,station
2025-09-07,23.9,23.4,23.4,19.9,20.1,24.4,23.3,27.4,20.2,20.8,22.14,1.97,-1.08,80,56,13.8,22.68,0.0,-0.9164,-0.4002,24.8,23.3,23.3,station
2025-09-08,24.5,23.6,25.8,19.5,20.9,24.9,23.7,26.4,19.4,20.1,22.86,2.6,-0.04,85,74,17.2,16.52,0.2,-0.9232,-0.3844,23.4,25.0,25.0,station
2025-09-09,22.4,21.9,20.8,18.8,19.5,22.7,21.9,23.3,19.0,18.6,20.68,1.53,-0.42,90,94,15.8,14.58,2.1,-0.9296,-0.3685,21.6,22.2,22.2,station
2025-09-10,21.6,21.1,19.5,18.0,18.4,21.3,21.1,23.3,18.0,17.7,19.72,1.6,-0.56,88,96,18.0,15.51,0.0,-0.9358,-0.3524,20.1,21.1,21.1,station
2025-09-11,21.2,21.3,20.8,17.8,17.5,21.2,21.2,22.3,17.6,17.5,19.72,1.9,-0.24,86,70,17.3,17.5,0.0,-0.9418,-0.3363,20.8,21.7,21.7,station
2025-09-12,23.4,21.9,21.2,17.8,18.5,23.3,22.1,27.1,18.1,18.5,20.56,2.35,-1.26,86,66,16.8,20.1,0.0,-0.9474,-0.32,21.0,21.1,21.1,station
2025-09-13,22.5,20.7,18.2,17.6,18.0,22.1,21.3,24.0,18.1,18.1,19.4,2.12,-1.32,84,49,19.2,21.13,0.0,-0.9528,-0.3037,20.2,20.0,20.0,station
2025-09-14,24.8,22.7,23.1,19.4,20.5,23.9,22.8,26.2,19.9,20.8,22.1,2.15,-0.62,88,69,16.6,20.55,0.0,-0.9579,-0.2873,23.5,22.8,22.8,station
2025-09-15,29.3,27.3,29.0,21.7,24.8,30.1,27.5,31.7,21.9,24.9,26.42,3.19,-0.8,73,39,11.2,20.8,0.0,-0.9627,-0.2707,30.5,27.8,27.8,station
2025-09-16,29.3,27.8,25.2,21.1,23.8,29.8,28.3,33.2,21.9,24.7,25.44,3.24,-2.14,73,25,11.0,19.86,0.0,-0.9672,-0.2541,27.5,23.3,23.3,station
2025-09-17,30.4,26.9,26.5,19.9,22.2,30.5,28.6,32.9,20.5,22.8,25.18,4.14,-1.88,71,66,12.1,19.14,0.1,-0.9714,-0.2375,27.2,26.1,26.1,station
2025-09-18,26.0,21.5,25.7,18.4,19.4,25.4,21.0,23.8,17.5,19.0,22.2,3.52,0.86,81,94,13.8,17.85,3.1,-0.9753,-0.2207,22.9,21.1,21.1,station
2025-09-19,25.1,23.6,24.1,19.3,22.9,24.3,23.4,25.0,18.3,19.9,23.0,2.22,0.82,84,42,15.7,19.57,0.0,-0.979,-0.2039,22.9,21.7,21.7,station
2025-09-20,25.0,23.2,21.3,19.7,20.8,25.5,23.8,28.5,20.8,20.7,22.0,2.1,-1.86,86,45,13.2,17.82,0.0,-0.9824,-0.187,23.9,21.7,21.7,station
2025-09-21,26.3,23.7,23.3,18.2,17.5,26.0,23.4,28.5,18.8,18.4,21.8,3.79,-1.22,80,38,12.3,20.21,0.0,-0.9854,-0.1701,23.3,21.7,21.7,station
2025-09-22,27.0,25.1,27.4,19.0,20.9,29.9,25.5,29.8,20.6,21.3,23.88,3.75,-1.54,80,9,10.6,20.76,0.0,-0.9882,-0.1531,26.1,24.4,24.4,station
2025-09-23,31.5,30.1,31.4,23.1,26.9,32.1,31.4,34.6,22.7,26.3,28.6,3.59,-0.82,66,1,16.6,20.11,0.0,-0.9907,-0.1361,33.5,32.2,32.2,station
2025-09-24,23.6,22.9,24.3,21.6,21.9,23.0,23.2,27.0,20.6,21.5,22.86,1.13,-0.2,76,81,15.2,7.33,0.9,-0.9929,-0.1191,24.2,26.1,26.1,station
2025-09-25,26.6,22.0,22.0,18.7,19.9,25.2,21.9,26.9,18.5,20.0,21.84,3.01,-0.66,82,61,15.0,16.56,0.0,-0.9948,-0.102,23.7,21.7,21.7,station
2025-09-26,27.8,23.7,30.5,19.1,21.4,27.7,23.7,30.2,19.1,20.8,24.5,4.64,0.2,78,11,13.0,20.01,0.0,-0.9964,-0.0848,25.1,23.3,23.3,station
2025-09-27,23.8,21.6,22.9,18.4,19.1,25.3,21.9,25.4,18.0,19.5,21.16,2.35,-0.86,83,50,23.0,15.78,0.0,-0.9977,-0.0677,19.9,21.1,21.1,station
2025-09-28,23.6,20.7,20.1,19.3,18.3,23.4,21.0,21.4,18.9,19.0,20.4,2.0,-0.34,83,91,18.8,9.84,0.0,-0.9987,-0.0505,20.8,20.6,20.6,station
2025-09-29,21.2,20.9,21.8,19.7,19.5,22.7,20.9,22.1,19.3,20.0,20.62,0.99,-0.38,79,97,19.1,11.44,0.0,-0.9994,-0.0333,21.6,22.2,22.2,station
2025-09-30,22.3,21.5,23.0,18.4,18.0,22.5,21.7,22.6,17.9,18.4,20.64,2.29,0.02,79,88,19.7,15.68,0.0,-0.9999,-0.0161,21.7,22.8,22.8,station
2025-10-01,20.7,20.9,18.1,19.6,19.1,20.8,21.0,20.3,18.6,18.6,19.68,1.16,-0.18,77,92,12.5,8.31,3.0,-1.0,0.0011,22.8,21.7,21.7,station
2025-10-02,20.4,20.2,18.8,17.9,18.3,20.8,21.0,22.4,18.1,18.4,19.12,1.13,-1.02,92,93,13.1,10.38,14.3,-0.9998,0.0183,18.8,20.0,20.0,station
2025-10-03,18.0,19.9,18.9,16.4,17.2,19.0,20.1,20.2,16.9,17.3,18.08,1.38,-0.62,86,41,19.5,16.76,1.8,-0.9994,0.0355,18.7,20.0,20.0,station
2025-10-04,22.2,21.2,23.2,17.6,19.4,21.6,21.0,24.0,17.4,19.7,20.72,2.24,-0.02,86,22,12.8,18.3,0.0,-0.9986,0.0527,21.1,21.7,21.7,station
2025-10-05,24.5,23.6,26.0,18.5,21.0,24.0,22.9,26.0,17.4,20.8,22.72,2.98,0.5,80,25,10.9,16.93,0.0,-0.9976,0.0698,24.0,24.4,24.4,station
2025-10-06,27.3,27.2,28.6,25.9,23.8,27.6,25.9,28.8,22.4,23.7,26.56,1.81,0.88,63,0,10.0,18.16,0.0,-0.9962,0.087,28.9,28.3,28.3,station
2025-10-07,29.3,25.3,23.5,22.7,22.6,29.2,24.2,30.7,22.9,23.2,24.68,2.8,-1.36,66,0,12.5,18.15,0.0,-0.9946,0.1041,27.5,24.4,24.4,station
2025-10-08,23.0,19.8,20.6,18.6,18.3,24.8,20.3,24.0,19.2,19.1,20.06,1.89,-1.42,86,51,21.0,14.99,0.0,-0.9926,0.1212,20.5,21.7,21.7,station
2025-10-09,22.0,20.8,19.1,18.7,20.1,22.2,20.8,20.9,18.4,17.3,20.14,1.33,0.22,79,52,13.6,12.83,0.2,-0.9904,0.1383,21.1,20.6,20.6,station
2025-10-10,22.1,21.1,20.7,18.1,18.6,21.3,21.0,21.5,18.3,18.8,20.12,1.7,-0.06,78,20,15.9,17.07,0.0,-0.9879,0.1553,21.0,22.2,22.2,station
2025-10-11,19.9,20.1,19.5,16.9,17.9,19.5,20.0,19.7,16.9,17.3,18.86,1.4,0.18,78,3,17.1,17.26,0.0,-0.9851,0.1722,19.7,20.6,20.6,station
2025-10-12,21.0,19.7,21.6,17.5,17.5,21.5,19.7,21.9,17.3,16.8,19.46,1.92,0.02,80,29,20.6,17.46,0.0,-0.9819,0.1892,20.3,21.1,21.1,station
2025-10-13,17.1,16.8,17.4,15.4,15.7,17.8,16.9,17.2,16.0,16.5,16.48,0.88,-0.4,86,70,23.1,10.05,9.6,-0.9785,0.206,17.0,18.3,18.3,station
2025-10-14,17.2,15.7,15.6,15.2,13.9,16.5,15.9,14.6,16.6,15.1,15.52,1.18,-0.22,85,74,9.8,13.99,0.7,-0.9749,0.2228,16.4,16.1,16.1,station
2025-10-15,18.2,18.4,17.0,16.3,16.5,18.0,18.2,19.1,17.0,16.0,17.28,0.97,-0.38,85,76,7.7,11.83,0.7,-0.9709,0.2396,17.7,17.2,17.2,station
2025-10-16,18.5,18.9,17.2,16.0,16.5,18.9,19.1,20.9,16.1,16.9,17.42,1.25,-0.96,88,27,11.9,16.15,0.0,-0.9666,0.2562,18.6,19.4,19.4,station
2025-10-17,21.6,22.7,22.0,19.4,20.0,21.5,22.9,25.0,20.1,19.3,21.14,1.39,-0.62,80,22,7.6,15.93,0.0,-0.9621,0.2728,23.1,22.8,22.8,station
2025-10-18,23.4,24.4,25.2,20.8,22.4,23.4,24.7,26.7,21.4,22.3,23.24,1.72,-0.46,73,2,6.7,15.58,0.0,-0.9572,0.2893,25.6,24.4,24.4,station
2025-10-19,22.8,22.3,20.2,16.8,19.9,23.4,21.5,25.2,17.2,20.1,20.4,2.38,-1.08,76,5,11.2,15.42,0.0,-0.9521,0.3057,23.4,21.1,21.1,station
2025-10-20,25.5,25.5,26.7,24.4,21.9,24.8,25.3,26.3,24.3,21.8,24.8,1.81,0.3,63,8,11.7,15.97,0.0,-0.9467,0.3221,26.4,24.4,24.4,station
2025-10-21,25.3,22.5,21.7,18.2,21.1,25.5,22.7,25.6,17.8,20.8,21.76,2.56,-0.72,72,19,13.8,15.46,0.0,-0.941,0.3383,23.9,21.1,21.1,station
2025-10-22,20.6,18.2,18.2,17.5,16.1,20.4,18.4,19.9,17.1,16.3,18.12,1.63,-0.3,84,76,15.0,9.41,0.5,-0.9351,0.3545,18.8,19.4,19.4,station
2025-10-23,20.3,18.9,17.2,16.0,16.4,20.0,18.7,22.9,16.1,16.5,17.76,1.8,-1.08,86,40,9.5,12.63,0.0,-0.9288,0.3705,18.5,17.8,17.8,station
2025-10-24,18.6,18.4,18.4,16.6,17.5,18.5,18.2,21.3,16.4,16.5,17.9,0.84,-0.28,87,83,14.2,10.55,0.0,-0.9223,0.3864,18.5,18.3,18.3,station
2025-10-25,18.8,18.3,19.3,17.1,17.5,20.7,18.4,19.1,17.1,16.9,18.2,0.91,-0.24,90,99,18.0,6.04,1.6,-0.9155,0.4022,18.7,18.9,18.9,station
2025-10-26,19.7,18.5,17.9,16.6,15.9,18.7,18.7,19.7,17.3,17.2,17.72,1.51,-0.6,88,86,25.3,7.55,1.1,-0.9085,0.4179,18.5,18.9,18.9,station
2025-10-27,18.8,19.7,19.6,17.1,16.9,18.6,20.3,19.7,17.7,16.3,18.42,1.34,-0.1,80,32,13.5,12.91,0.0,-0.9012,0.4335,18.9,20.0,20.0,station
2025-10-28,22.8,23.6,25.2,22.3,19.2,23.0,23.5,23.8,22.4,18.8,22.62,2.2,0.32,70,9,11.4,14.4,0.0,-0.8936,0.4489,23.7,23.9,23.9,station
2025-10-29,24.5,24.2,27.0,23.6,21.3,24.7,24.1,25.7,23.8,21.2,24.12,2.04,0.22,69,2,12.1,14.27,0.0,-0.8857,0.4642,25.5,25.0,25.0,station
2025-10-30,19.6,18.2,17.9,15.2,15.3,18.5,19.3,19.7,15.5,15.0,17.24,1.93,-0.36,91,82,15.2,9.84,0.0,-0.8776,0.4794,17.1,17.2,17.2,station
2025-10-31,21.5,20.2,20.8,16.6,18.0,20.9,20.5,23.3,17.1,17.1,19.42,2.05,-0.36,84,32,11.5,13.48,0.0,-0.8692,0.4944,21.6,18.3,18.3,station
2025-11-01,20.8,20.6,19.7,16.9,17.5,21.8,20.5,24.1,17.6,18.1,19.1,1.8,-1.32,89,43,10.4,13.45,0.0,-0.8606,0.5093,19.8,21.1,21.1,station
2025-11-02,21.9,22.1,21.7,17.1,18.6,21.9,22.2,23.7,19.8,19.1,20.28,2.29,-1.06,87,49,8.5,11.08,0.0,-0.8517,0.524,21.8,22.8,22.8,station
2025-11-03,20.0,18.3,18.1,15.2,16.3,19.8,18.5,22.2,14.9,15.9,17.58,1.87,-0.68,79,44,10.4,12.56,0.0,-0.8426,0.5386,19.4,18.3,18.3,station
2025-11-04,20.9,19.0,17.9,16.9,18.3,21.1,19.2,21.2,17.3,19.2,18.6,1.49,-1.0,78,84,16.3,10.38,0.0,-0.8332,0.553,20.2,20.0,20.0,station
2025-11-05,17.5,17.1,17.7,16.2,15.2,18.3,17.3,17.2,16.3,15.6,16.74,1.04,-0.2,87,98,33.5,6.81,6.5,-0.8235,0.5672,17.9,18.9,18.9,station
2025-11-06,18.7,19.8,17.9,17.4,17.6,18.2,19.7,19.9,17.6,16.9,18.28,0.98,-0.18,90,73,7.8,11.39,0.3,-0.8137,0.5813,19.5,20.0,20.0,station
2025-11-07,18.7,20.2,19.2,18.5,18.3,19.3,20.5,21.2,17.2,18.6,18.98,0.76,-0.38,93,91,9.4,7.01,0.0,-0.8035,0.5952,19.6,19.4,19.4,station
2025-11-08,20.3,22.9,23.3,21.0,20.1,20.4,23.1,22.9,19.9,19.3,21.52,1.49,0.4,79,57,8.3,12.3,0.0,-0.7932,0.609,21.9,20.6,20.6,station
2025-11-09,23.0,24.8,26.3,23.3,22.4,22.7,24.4,24.5,23.7,22.2,23.96,1.58,0.46,77,54,8.9,12.54,0.0,-0.7826,0.6225,24.8,25.0,25.0,station
2025-11-10,23.8,24.8,21.9,21.5,22.1,23.5,24.5,25.2,22.9,22.5,22.82,1.41,-0.9,77,84,6.2,11.76,0.0,-0.7718,0.6359,26.2,22.2,22.2,station
2025-11-11,21.1,19.5,22.2,16.7,18.9,21.4,20.7,25.0,18.8,20.4,19.68,2.11,-1.58,88,96,12.5,6.82,0.0,-0.7607,0.6491,19.1,21.7,21.7,station
2025-11-12,20.9,19.3,17.9,17.5,18.6,20.7,19.5,20.2,17.0,17.5,18.84,1.34,-0.14,83,98,20.3,5.32,2.0,-0.7494,0.6621,19.9,20.0,20.0,station
2025-11-13,18.1,17.4,16.4,17.5,18.0,18.3,17.3,18.6,17.2,17.0,17.48,0.68,-0.2,91,95,28.7,2.36,36.6,-0.7379,0.6749,18.1,19.4,19.4,station
2025-11-14,17.0,17.1,15.7,15.8,15.7,16.6,17.3,18.3,15.9,15.5,16.26,0.72,-0.46,90,42,9.4,10.32,1.3,-0.7262,0.6875,18.0,17.2,17.2,station
2025-11-15,16.9,15.7,18.2,15.4,15.9,16.4,15.9,18.9,16.6,14.4,16.42,1.14,-0.02,88,92,13.6,6.92,5.5,-0.7143,0.6998,16.8,18.3,18.3,station
2025-11-16,17.5,16.5,14.6,15.2,14.7,17.1,16.1,15.2,14.7,15.9,15.7,1.26,-0.1,89,89,19.3,8.81,4.0,-0.7021,0.712,17.0,16.7,16.7,station
2025-11-17,14.3,14.9,14.3,15.2,14.0,13.7,14.6,14.5,14.4,13.7,14.54,0.49,0.36,86,80,29.4,8.02,18.4,-0.6898,0.724,14.4,14.4,14.4,station
2025-11-18,15.7,15.0,14.7,14.5,12.9,14.6,15.1,16.6,14.5,13.5,14.56,1.03,-0.3,86,25,14.9,11.33,1.4,-0.6772,0.7358,15.7,15.6,15.6,station
2025-11-19,14.0,14.6,13.3,14.3,12.6,14.1,14.8,16.5,14.8,12.9,13.76,0.81,-0.86,86,76,12.4,7.22,0.8,-0.6645,0.7473,15.1,15.0,15.0,station
2025-11-20,14.6,14.3,13.4,13.7,12.9,14.6,14.3,14.5,14.2,13.1,13.78,0.68,-0.36,90,80,14.4,7.91,8.7,-0.6515,0.7586,13.9,15.6,15.6,station
2025-11-21,15.8,16.7,15.5,15.4,14.6,15.8,16.8,16.2,15.9,14.3,15.6,0.76,-0.2,80,7,9.6,11.29,0.0,-0.6384,0.7697,17.2,17.8,17.8,station
2025-11-22,16.8,17.1,16.6,17.4,16.1,16.6,17.4,17.3,17.5,15.5,16.8,0.49,-0.06,84,17,6.0,10.47,0.0,-0.625,0.7806,17.1,17.8,17.8,station
2025-11-23,15.6,15.6,13.5,13.6,14.0,15.7,15.5,17.8,14.1,13.2,14.46,1.06,-0.8,90,63,10.0,9.1,0.0,-0.6115,0.7912,15.0,13.9,13.9,station
2025-11-24,14.8,16.0,15.1,16.1,15.3,14.5,16.0,17.6,14.9,15.5,15.46,0.57,-0.24,89,36,11.7,10.2,0.0,-0.5978,0.8016,15.0,16.1,16.1,station
2025-11-25,15.3,15.5,15.5,15.6,14.7,15.5,16.3,18.5,17.2,14.6,15.32,0.36,-1.1,93,70,9.5,10.14,0.0,-0.584,0.8118,14.9,14.4,14.4,station
2025-11-26,15.3,15.8,14.8,17.6,15.3,15.2,16.4,18.6,16.9,15.5,15.76,1.09,-0.76,89,55,12.7,11.17,0.0,-0.5699,0.8217,14.8,15.0,15.0,station
2025-11-27,16.2,15.4,15.9,17.0,14.8,16.2,15.6,20.3,17.7,14.7,15.86,0.83,-1.04,91,81,11.9,10.68,0.0,-0.5557,0.8314,14.3,12.8,12.8,station
2025-11-28,14.8,14.8,15.4,14.6,14.2,15.6,15.2,17.9,15.8,14.5,14.76,0.43,-1.04,92,79,8.3,10.06,0.0,-0.5413,0.8408,13.8,12.2,12.2,station
2025-11-29,14.3,13.3,13.5,14.8,13.9,14.5,15.1,18.3,15.4,14.3,13.96,0.61,-1.56,92,61,8.9,10.34,0.0,-0.5268,0.85,12.8,12.2,12.2,station
2025-11-30,14.2,12.9,12.6,12.5,12.6,15.6,13.8,16.5,12.5,12.9,12.96,0.71,-1.3,93,96,9.3,8.01,0.0,-0.5121,0.859,11.4,11.1,11.1,station
2025-12-01,12.6,13.4,13.0,13.8,13.3,13.8,14.4,15.9,14.3,13.0,13.22,0.45,-1.06,91,53,13.6,10.04,0.0,-0.4972,0.8676,11.7,11.7,11.7,station
2025-12-02,15.4,14.8,16.3,14.7,14.6,15.6,14.9,18.4,14.2,14.6,15.16,0.71,-0.38,87,74,9.0,10.24,0.0,-0.4822,0.8761,15.6,15.0,15.0,station
2025-12-03,14.7,15.8,15.9,15.4,14.0,14.7,16.2,16.3,15.4,14.1,15.16,0.8,-0.18,71,77,11.7,8.76,0.0,-0.4671,0.8842,15.6,17.2,17.2,station
2025-12-04,13.6,15.2,15.2,15.3,13.3,13.7,15.3,15.5,14.7,13.3,14.52,0.98,0.02,78,52,9.6,9.99,0.0,-0.4518,0.8921,13.6,12.8,12.8,station
2025-12-05,15.2,14.9,17.2,15.6,13.5,16.1,16.0,17.2,15.2,13.6,15.28,1.33,-0.34,86,18,7.2,9.85,0.0,-0.4364,0.8998,13.7,12.8,12.8,station
2025-12-06,14.9,13.8,15.7,14.8,14.0,15.1,15.4,18.1,15.2,14.2,14.64,0.76,-0.96,91,34,7.2,9.98,0.0,-0.4208,0.9071,13.1,11.1,11.1,station
2025-12-07,14.6,13.5,14.6,14.8,14.3,15.3,15.1,18.0,15.4,15.0,14.36,0.51,-1.4,92,75,9.1,9.64,0.0,-0.4052,0.9142,12.9,11.1,11.1,station
2025-12-08,13.7,13.9,15.3,15.4,14.5,14.9,15.2,17.6,17.1,14.8,14.56,0.78,-1.36,93,68,10.0,9.48,0.0,-0.3894,0.9211,12.4,12.2,12.2,station
2025-12-09,15.0,14.3,15.7,15.7,13.8,15.2,15.5,18.2,15.5,14.3,14.9,0.85,-0.84,93,53,8.3,9.57,0.0,-0.3735,0.9276,12.6,11.7,11.7,station
2025-12-10,17.3,16.2,16.7,17.8,16.1,17.8,17.3,19.4,17.9,16.1,16.82,0.73,-0.88,90,43,9.3,9.87,0.0,-0.3575,0.9339,15.1,12.8,12.8,station
2025-12-11,16.1,15.8,16.7,18.0,16.0,17.2,17.3,18.7,18.7,16.9,16.52,0.89,-1.24,88,32,9.5,10.08,0.0,-0.3413,0.9399,14.7,12.2,12.2,station
2025-12-12,14.2,15.0,15.4,16.3,14.3,15.3,16.0,18.6,16.7,14.7,15.04,0.86,-1.22,87,29,12.3,10.19,0.0,-0.3251,0.9457,12.8,11.7,11.7,station
2025-12-13,14.8,12.3,14.4,14.5,14.3,15.9,13.6,18.5,15.7,14.5,14.06,1.0,-1.58,91,67,8.5,9.67,0.0,-0.3088,0.9511,13.9,11.1,11.1,station
2025-12-14,12.6,12.6,12.7,13.8,13.0,14.4,13.0,17.9,14.0,13.7,12.94,0.51,-1.66,94,64,5.9,8.14,0.0,-0.2924,0.9563,12.2,9.4,9.4,station
2025-12-15,13.8,13.9,14.0,15.1,14.7,14.8,14.2,18.8,14.4,14.8,14.3,0.57,-1.1,91,83,9.6,8.69,0.0,-0.2759,0.9612,12.1,11.1,11.1,station
2025-12-16,15.4,16.5,14.8,16.9,15.9,16.4,16.8,21.2,15.6,16.6,15.9,0.84,-1.42,87,94,5.9,7.67,0.0,-0.2593,0.9658,17.5,13.9,13.9,station
2025-12-17,16.7,17.0,15.8,16.3,15.5,16.6,17.7,19.0,16.2,15.7,16.26,0.62,-0.78,96,76,11.8,2.78,4.3,-0.2427,0.9701,16.6,17.2,17.2,station
2025-12-18,14.6,15.1,15.7,15.1,14.0,15.3,15.5,18.2,15.4,14.8,14.9,0.64,-0.94,92,80,4.7,7.22,0.0,-0.226,0.9741,14.5,12.8,12.8,station
2025-12-19,17.5,16.4,16.5,15.1,15.1,17.2,16.1,18.0,15.8,14.9,16.12,1.03,-0.28,93,99,18.5,5.54,4.2,-0.2092,0.9779,17.2,17.8,17.8,station
2025-12-20,15.5,16.3,14.8,15.3,15.1,15.3,15.7,15.9,15.7,15.1,15.4,0.57,-0.14,99,100,15.8,2.2,6.1,-0.1923,0.9813,16.4,16.7,16.7,station
2025-12-21,16.0,16.7,16.6,15.2,14.9,16.0,16.6,16.1,15.5,14.9,15.88,0.81,0.06,97,100,24.7,2.74,12.4,-0.1754,0.9845,16.0,16.7,16.7,station
2025-12-22,16.4,16.0,13.4,15.3,14.5,15.9,16.3,14.6,15.3,14.4,15.12,1.2,-0.18,97,100,22.0,3.34,24.3,-0.1585,0.9874,17.1,17.8,17.8,station
2025-12-23,17.1,17.1,14.0,16.6,14.2,16.9,17.0,17.1,16.7,14.9,15.8,1.57,-0.72,90,99,27.8,4.38,11.9,-0.1414,0.9899,17.1,16.7,16.7,station
2025-12-24,16.2,17.0,14.8,16.6,15.3,16.3,16.4,16.4,16.8,14.8,15.98,0.91,-0.16,84,90,34.4,7.92,17.9,-0.1244,0.9922,16.6,16.7,16.7,station
2025-12-25,14.9,15.4,13.9,14.4,12.7,14.0,15.1,14.8,14.8,12.9,14.26,1.04,-0.06,81,80,40.0,6.39,23.5,-0.1073,0.9942,15.0,16.1,16.1,station
2025-12-26,14.7,14.5,13.2,13.4,12.7,14.9,14.5,13.3,13.1,12.9,13.7,0.86,-0.04,73,46,29.2,6.5,0.6,-0.0902,0.9959,14.6,15.6,15.6,station
2025-12-27,12.2,13.2,11.8,12.8,11.2,11.7,13.8,12.8,13.1,11.2,12.24,0.79,-0.28,84,18,15.3,8.94,0.0,-0.073,0.9973,12.8,12.2,12.2,station
2025-12-28,13.1,13.8,12.6,13.7,11.4,13.3,14.2,13.5,13.6,11.0,12.92,0.98,-0.2,81,32,11.1,9.98,0.0,-0.0559,0.9984,13.1,13.3,13.3,station
2025-12-29,13.6,15.0,14.0,16.2,13.4,13.2,15.4,14.2,16.1,12.4,14.44,1.16,0.18,70,2,10.7,10.29,0.0,-0.0387,0.9993,13.9,16.1,16.1,station
2025-12-30,11.5,12.2,11.8,15.5,12.5,12.2,13.2,14.3,15.7,12.7,12.7,1.61,-0.92,85,66,11.3,7.07,0.1,-0.0215,0.9998,10.9,10.6,10.6,station
2025-12-31,11.7,10.5,12.1,14.3,12.9,11.7,10.9,13.1,13.6,13.1,12.3,1.41,-0.18,91,100,11.7,1.64,23.3,-0.0043,1.0,10.9,11.1,11.1,station
2026-01-01,15.6,15.0,15.4,14.9,14.6,17.0,15.2,17.0,16.1,14.6,15.1,0.4,-0.88,96,99,15.5,4.86,11.2,0.0172,0.9999,15.3,15.0,15.0,station
2026-01-02,16.0,16.3,15.5,15.5,14.7,16.2,16.1,16.5,15.5,14.7,15.6,0.61,-0.2,86,99,29.7,5.85,5.9,0.0344,0.9994,16.4,16.7,16.7,station
2026-01-03,15.9,16.3,15.2,15.0,14.5,15.6,16.3,15.8,14.9,14.3,15.38,0.72,0.0,90,74,29.2,8.04,4.9,0.0516,0.9987,15.6,17.2,17.2,station
2026-01-04,12.9,14.3,12.4,13.5,12.8,12.9,14.5,13.7,13.7,13.0,13.18,0.74,-0.38,95,89,21.0,3.18,20.8,0.0688,0.9976,12.7,13.9,13.9,station
2026-01-05,12.6,13.5,13.9,13.1,11.9,12.5,13.5,14.2,12.9,11.7,13.0,0.78,0.04,92,97,24.7,2.52,24.3,0.0859,0.9963,13.0,13.3,13.3,station
2026-01-06,14.1,16.0,14.4,15.0,14.1,15.3,16.1,14.5,15.3,14.3,14.72,0.8,-0.38,91,75,7.2,8.23,3.0,0.103,0.9947,15.3,14.4,14.4,station
2026-01-07,13.9,14.3,13.6,13.5,13.0,14.0,14.1,14.7,14.0,12.4,13.66,0.48,-0.18,85,62,20.4,9.58,0.6,0.1201,0.9928,14.2,13.9,13.9,station
2026-01-08,11.9,14.1,11.2,12.5,11.7,12.0,13.9,12.4,12.3,11.8,12.28,1.12,-0.2,61,9,18.5,10.88,0.2,0.1372,0.9905,12.7,13.3,13.3,station
2026-01-09,11.6,14.0,12.0,14.1,12.1,11.8,14.5,13.4,13.6,11.0,12.76,1.19,-0.1,60,22,15.2,10.94,0.0,0.1542,0.988,13.1,13.9,13.9,station
2026-01-10,12.4,13.9,13.6,14.2,13.0,12.5,14.0,13.2,14.1,12.7,13.42,0.72,0.12,80,78,10.3,10.85,0.0,0.1712,0.9852,12.7,12.2,12.2,station
2026-01-11,14.2,14.7,14.3,16.8,13.0,14.3,14.9,15.3,17.1,13.1,14.6,1.38,-0.34,73,84,9.0,10.45,0.0,0.1881,0.9821,14.9,13.3,13.3,station
2026-01-12,14.1,16.2,14.7,16.8,13.5,14.5,16.1,15.8,17.2,12.6,15.06,1.4,-0.18,81,28,9.0,10.66,0.0,0.205,0.9788,15.2,15.6,15.6,station
2026-01-13,14.9,17.6,15.7,18.8,15.4,14.5,17.6,16.7,18.6,15.2,16.48,1.65,-0.04,79,7,9.4,11.22,0.0,0.2218,0.9751,15.6,14.4,14.4,station
2026-01-14,15.5,17.3,16.1,18.9,15.6,15.5,17.3,17.0,18.9,15.0,16.68,1.43,-0.06,75,9,8.8,10.61,0.0,0.2385,0.9711,17.2,15.0,15.0,station
2026-01-15,15.9,18.1,17.2,18.7,17.5,16.0,17.8,18.4,19.0,17.1,17.48,1.05,-0.18,79,4,10.2,11.3,0.0,0.2552,0.9669,16.9,18.9,18.9,station
2026-01-16,16.4,18.7,17.3,19.6,17.3,16.5,18.8,18.5,20.2,17.1,17.86,1.27,-0.36,70,3,8.6,11.37,0.0,0.2718,0.9624,18.4,20.6,20.6,station
2026-01-17,15.4,17.1,16.5,18.3,17.9,15.7,17.7,17.6,18.7,17.8,17.04,1.15,-0.46,77,76,9.4,10.18,0.0,0.2883,0.9575,15.9,15.6,15.6,station
2026-01-18,16.5,17.9,17.4,18.2,17.9,16.9,17.8,18.6,19.0,17.7,17.58,0.67,-0.42,82,43,9.2,10.25,0.0,0.3047,0.9524,16.9,16.7,16.7,station
2026-01-19,16.9,17.1,16.0,18.9,15.8,17.2,17.8,19.1,19.2,16.1,16.94,1.23,-0.94,78,30,7.7,10.97,0.0,0.3211,0.9471,17.3,15.0,15.0,station
2026-01-20,13.4,14.5,14.2,15.7,16.0,13.9,14.9,17.4,16.3,16.5,14.76,1.08,-1.04,88,100,9.1,8.11,0.0,0.3373,0.9414,13.5,12.8,12.8,station
2026-01-21,14.1,13.5,13.8,15.4,15.0,14.6,13.8,17.5,14.7,15.1,14.36,0.81,-0.78,90,100,7.6,5.94,0.0,0.3534,0.9355,15.1,12.8,12.8,station
2026-01-22,15.6,15.7,16.0,13.7,15.7,15.1,15.0,17.9,14.3,15.0,15.34,0.93,-0.12,91,64,9.7,10.18,0.0,0.3695,0.9292,16.4,16.1,16.1,station
2026-01-23,13.2,13.7,12.6,13.1,13.9,13.2,14.2,16.3,13.2,14.4,13.3,0.51,-0.96,92,77,8.8,8.28,0.0,0.3854,0.9227,13.3,12.8,12.8,station
2026-01-24,15.5,17.1,15.7,15.5,14.9,15.6,17.3,16.9,15.9,14.7,15.74,0.82,-0.34,79,35,11.3,12.49,0.0,0.4012,0.916,17.0,17.2,17.2,station
2026-01-25,13.1,14.0,13.1,14.2,12.5,12.7,14.0,15.3,13.8,12.8,13.38,0.7,-0.34,82,89,7.7,7.7,0.0,0.4169,0.9089,11.7,11.7,11.7,station
2026-01-26,15.0,15.9,14.1,15.5,15.9,15.5,16.3,18.3,16.6,15.8,15.28,0.76,-1.22,87,84,8.8,12.29,0.0,0.4325,0.9016,15.7,14.4,14.4,station
2026-01-27,16.6,16.3,15.5,15.0,16.6,17.1,15.9,17.6,16.0,16.6,16.0,0.72,-0.64,85,95,11.9,9.64,11.6,0.4479,0.8941,16.6,16.1,16.1,station
2026-01-28,15.9,17.7,15.8,15.8,16.3,15.2,17.5,16.1,15.5,16.2,16.3,0.81,0.2,87,65,10.7,12.09,0.8,0.4633,0.8862,16.7,16.1,16.1,station
2026-01-29,16.4,18.8,18.3,17.7,16.0,16.5,19.0,17.7,18.1,16.1,17.44,1.21,-0.04,79,35,10.3,12.57,0.0,0.4784,0.8781,17.1,16.7,16.7,station
2026-01-30,15.9,18.5,18.8,18.9,18.1,17.0,18.6,17.4,18.4,17.6,18.04,1.24,0.24,82,93,8.6,11.95,0.0,0.4935,0.8698,16.9,16.1,16.1,station
2026-01-31,17.0,18.5,18.8,18.8,18.4,16.4,18.4,18.2,18.4,18.3,18.3,0.75,0.36,89,91,10.9,11.41,0.0,0.5084,0.8611,17.1,17.8,17.8,station
2026-02-01,17.3,17.3,16.6,16.2,16.8,16.9,17.2,18.2,15.8,16.7,16.84,0.47,-0.12,85,83,9.2,11.86,0.0,0.5231,0.8523,17.6,18.3,18.3,station
2026-02-02,17.4,18.6,19.9,18.5,17.9,17.3,19.5,19.5,19.1,17.3,18.46,0.94,-0.08,85,19,6.2,12.43,0.0,0.5377,0.8432,19.1,18.9,18.9,station
2026-02-03,17.7,19.8,20.6,20.4,19.6,17.4,19.8,20.1,20.6,19.2,19.62,1.15,0.2,82,9,8.7,13.55,0.0,0.5521,0.8338,19.0,17.8,17.8,station
2026-02-04,17.2,20.3,21.0,21.6,19.8,17.6,20.5,21.0,21.9,19.9,19.98,1.7,-0.2,78,4,8.3,13.76,0.0,0.5664,0.8242,19.3,18.9,18.9,station
2026-02-05,18.3,20.7,21.7,20.5,20.6,18.9,19.7,21.9,21.2,20.5,20.36,1.25,-0.08,77,47,9.9,13.55,0.0,0.5805,0.8143,21.8,19.4,19.4,station
2026-02-06,19.3,19.7,18.7,16.0,19.6,18.9,20.0,23.6,18.8,18.8,18.66,1.54,-1.36,82,37,13.7,13.62,0.0,0.5944,0.8042,19.3,18.9,18.9,station
2026-02-07,16.9,17.8,15.8,15.7,15.4,17.6,18.0,19.5,15.6,15.2,16.32,1.0,-0.86,91,78,12.1,12.72,0.0,0.6081,0.7938,17.6,15.0,15.0,station
2026-02-08,17.4,17.3,15.3,16.6,16.0,16.6,17.3,20.1,15.3,15.5,16.52,0.89,-0.44,93,81,13.7,11.3,0.0,0.6217,0.7833,18.0,15.0,15.0,station
2026-02-09,16.6,17.5,17.5,15.5,15.2,16.0,17.7,17.7,16.2,16.5,16.46,1.08,-0.36,75,94,14.7,11.21,0.3,0.6351,0.7725,17.3,16.1,16.1,station
2026-02-10,15.6,14.0,14.9,15.2,15.0,14.2,14.5,16.2,13.4,15.6,14.94,0.59,0.16,81,70,18.2,7.07,13.0,0.6483,0.7614,15.6,14.4,14.4,station
2026-02-11,14.0,13.5,14.2,13.9,12.3,12.6,13.7,15.5,13.5,12.4,13.58,0.76,0.04,90,83,25.1,7.33,11.1,0.6613,0.7502,13.4,14.4,14.4,station
2026-02-12,15.3,16.9,15.5,15.9,15.3,15.2,16.7,16.7,16.2,14.0,15.78,0.67,0.02,88,29,13.2,14.29,5.2,0.6741,0.7387,16.3,16.7,16.7,station
2026-02-13,15.7,15.3,13.4,13.7,14.0,15.9,15.8,19.0,13.8,14.8,14.42,1.02,-1.44,89,71,16.0,11.84,0.0,0.6867,0.727,14.9,15.0,15.0,station
2026-02-14,15.1,14.6,12.5,13.7,14.3,15.2,14.7,15.0,13.6,14.2,14.04,1.0,-0.5,85,100,16.6,8.47,0.2,0.6991,0.715,14.4,15.0,15.0,station
2026-02-15,14.3,14.8,15.0,13.1,14.5,14.4,14.8,15.7,13.2,13.8,14.34,0.74,-0.04,87,93,20.6,7.11,18.2,0.7113,0.7029,15.0,15.6,15.6,station
2026-02-16,11.8,12.5,11.5,12.0,10.7,13.5,12.6,10.4,12.3,11.0,11.7,0.67,-0.26,92,93,20.5,3.49,41.4,0.7233,0.6906,11.6,11.7,11.7,station
2026-02-17,10.0,10.6,9.9,11.6,9.5,10.9,11.0,11.1,11.2,9.5,10.32,0.82,-0.42,82,97,27.4,2.66,20.7,0.735,0.678,10.8,10.6,10.6,station
2026-02-18,11.2,10.1,9.1,9.6,9.9,11.3,10.7,11.4,10.6,10.2,9.98,0.78,-0.86,80,73,17.4,11.42,9.2,0.7466,0.6653,10.4,11.7,11.7,station
2026-02-19,10.9,10.8,10.0,10.4,9.6,10.7,10.5,10.7,11.9,9.2,10.34,0.55,-0.26,79,44,36.7,14.27,18.7,0.7579,0.6523,10.6,11.1,11.1,station
2026-02-20,11.6,12.3,10.9,11.2,10.4,11.2,12.2,12.8,11.6,10.9,11.28,0.72,-0.46,74,56,15.4,13.51,0.0,0.769,0.6392,11.8,11.1,11.1,station
2026-02-21,15.2,15.0,13.3,13.0,14.0,14.7,14.9,15.2,13.2,13.8,14.1,0.98,-0.26,71,49,22.5,14.96,0.0,0.7799,0.6259,15.2,16.1,16.1,station
2026-02-22,18.2,18.0,17.1,16.4,17.0,18.1,18.1,19.8,16.5,16.8,17.34,0.75,-0.52,69,72,12.9,15.55,0.0,0.7906,0.6124,18.2,18.9,18.9,station
2026-02-23,18.7,19.3,17.1,17.8,17.7,18.2,19.2,20.4,18.3,17.6,18.12,0.87,-0.62,81,91,11.8,12.78,0.9,0.801,0.5987,18.2,16.7,16.7,station
2026-02-24,20.3,18.5,15.7,16.1,16.7,17.0,17.1,17.4,16.3,16.2,17.46,1.92,0.66,83,93,19.6,11.65,5.3,0.8112,0.5848,20.2,19.4,19.4,station
2026-02-25,18.1,19.4,17.9,15.4,15.7,17.4,19.4,20.5,15.8,14.9,17.3,1.7,-0.3,94,100,15.5,6.15,2.0,0.8211,0.5708,18.1,17.2,17.2,station
2026-02-26,19.2,22.2,19.6,20.0,18.4,19.6,21.7,22.6,19.8,19.9,19.88,1.43,-0.84,89,92,10.8,13.62,0.0,0.8308,0.5566,21.5,21.1,21.1,station
2026-02-27,22.2,24.5,22.4,23.8,20.8,21.5,24.1,23.7,23.0,20.6,22.74,1.45,0.16,72,86,9.1,16.16,0.0,0.8402,0.5422,24.1,22.2,22.2,station
2026-02-28,21.7,21.3,23.4,19.2,21.5,22.0,21.8,24.1,21.3,20.1,21.42,1.5,-0.44,76,81,10.8,15.46,0.0,0.8495,0.5277,23.2,22.8,22.8,station
2026-03-01,17.4,17.0,15.0,14.7,15.0,17.5,17.0,19.0,14.6,15.4,15.82,1.27,-0.88,90,58,13.1,13.35,0.2,0.8584,0.513,18.3,16.1,16.1,station
2026-03-02,16.7,17.6,16.2,15.2,15.8,16.5,17.8,19.0,15.3,15.3,16.3,0.91,-0.48,89,68,9.0,14.49,2.2,0.8671,0.4981,17.4,16.7,16.7,station
2026-03-03,17.7,17.4,14.7,14.7,14.9,17.3,17.5,20.8,15.0,14.4,15.88,1.53,-1.12,89,63,14.9,17.28,0.0,0.8755,0.4831,17.7,16.1,16.1,station
2026-03-04,16.2,16.5,15.7,14.7,15.1,16.0,16.2,17.0,14.7,15.2,15.64,0.75,-0.18,81,49,25.5,16.57,0.3,0.8837,0.468,16.2,16.1,16.1,station
2026-03-05,16.3,18.0,18.5,15.0,15.3,16.6,17.6,17.9,14.9,15.4,16.62,1.57,0.14,76,3,20.0,18.96,0.0,0.8916,0.4527,16.3,16.7,16.7,station
2026-03-06,19.1,20.9,21.7,17.0,16.9,18.6,20.5,19.9,17.5,17.3,19.12,2.19,0.36,57,13,16.5,19.2,0.0,0.8993,0.4373,19.6,20.6,20.6,station
2026-03-07,22.7,22.9,23.8,21.0,21.7,21.1,23.1,20.9,20.8,21.0,22.42,1.09,1.04,53,22,11.4,19.05,0.0,0.9067,0.4218,24.0,22.8,22.8,station
2026-03-08,22.6,23.0,23.8,18.1,20.3,22.7,23.1,24.9,16.7,20.9,21.56,2.33,-0.1,75,7,9.7,19.29,0.0,0.9138,0.4061,21.6,22.2,22.2,station
2026-03-09,19.2,18.5,18.0,14.2,16.4,18.6,18.5,21.4,14.7,17.3,17.26,2.0,-0.84,86,49,15.9,18.83,0.0,0.9207,0.3904,18.1,18.9,18.9,station
2026-03-10,16.9,17.5,18.6,13.8,14.3,17.1,17.5,19.1,14.3,14.5,16.22,2.08,-0.28,81,55,18.2,19.68,0.0,0.9272,0.3745,15.3,15.6,15.6,station
2026-03-11,22.0,22.8,22.1,19.8,18.1,20.8,22.5,22.7,17.4,17.4,20.96,1.96,0.8,70,11,11.4,20.07,0.0,0.9335,0.3585,22.4,20.6,20.6,station
2026-03-12,24.4,23.8,21.5,17.8,19.3,23.0,23.5,24.2,17.8,19.0,21.36,2.83,-0.14,74,12,13.2,19.77,0.0,0.9396,0.3424,21.8,21.7,21.7,station
2026-03-13,22.4,19.9,19.0,14.2,18.3,20.7,19.5,22.6,14.2,17.9,18.76,2.98,-0.22,81,95,13.8,18.7,0.0,0.9453,0.3261,20.2,20.6,20.6,station
2026-03-14,21.5,20.5,19.7,18.1,16.7,21.7,20.6,21.6,16.5,17.2,19.3,1.91,-0.22,83,31,15.6,20.27,0.0,0.9508,0.3098,20.0,20.0,20.0,station
2026-03-15,25.1,24.2,26.5,20.9,19.8,24.8,24.1,26.1,20.2,20.3,23.3,2.84,0.2,70,71,12.1,19.92,0.0,0.956,0.2934,25.4,25.6,25.6,station
2026-03-16,28.3,27.4,28.8,23.0,22.9,28.3,27.6,27.8,24.0,23.0,26.08,2.9,-0.06,51,44,8.3,20.91,0.0,0.9609,0.2769,28.7,28.3,28.3,station
2026-03-17,29.8,29.7,29.0,23.6,24.5,30.7,28.9,29.8,22.6,24.2,27.32,3.02,0.08,59,5,9.3,21.18,0.0,0.9655,0.2604,30.1,27.8,27.8,station
2026-03-18,29.2,28.9,29.1,19.7,24.8,29.5,29.1,31.0,22.0,23.1,26.34,4.15,-0.6,67,0,11.7,21.46,0.0,0.9698,0.2437,29.3,26.7,26.7,station
2026-03-19,29.1,29.9,27.1,24.0,24.7,29.2,30.2,30.9,22.9,25.3,26.96,2.6,-0.74,70,5,10.3,21.16,0.0,0.9739,0.227,29.5,27.2,27.2,station
2026-03-20,30.4,29.3,28.6,23.7,24.4,30.9,29.6,31.5,20.7,21.8,27.28,3.03,0.38,58,4,11.1,21.74,0.0,0.9777,0.2102,31.0,31.1,31.1,station
2026-03-21,24.9,22.3,21.8,16.2,18.8,24.8,22.1,24.0,14.8,17.6,20.8,3.36,0.14,74,58,18.9,21.18,0.0,0.9811,0.1934,22.7,22.2,22.2,station
2026-03-22,23.2,21.9,23.2,16.4,17.4,23.4,21.4,25.1,17.7,18.0,20.42,3.28,-0.7,77,23,14.2,22.04,0.0,0.9843,0.1765,20.6,20.6,20.6,station
2026-03-23,25.7,24.2,18.3,16.6,15.8,25.9,23.1,25.8,16.8,16.7,20.12,4.53,-1.54,62,21,14.1,21.84,0.0,0.9872,0.1595,22.0,23.9,23.9,station
2026-03-24,25.1,24.2,22.9,18.3,19.7,25.2,23.8,25.7,17.9,18.9,22.04,2.93,-0.26,50,1,15.0,22.76,0.0,0.9898,0.1425,24.2,25.0,25.0,station
2026-03-25,20.7,19.2,18.5,15.7,16.7,20.5,19.5,21.3,15.5,17.2,18.16,1.99,-0.64,71,80,19.9,20.42,0.0,0.9921,0.1255,18.8,20.0,20.0,station
2026-03-26,22.6,22.7,23.0,18.8,16.8,22.4,22.2,23.5,20.4,17.1,20.78,2.81,-0.34,68,96,16.2,21.79,0.0,0.9941,0.1084,22.4,21.7,21.7,station
2026-03-27,25.3,24.5,27.7,23.3,20.8,24.6,24.0,26.5,22.0,21.3,24.32,2.54,0.64,54,82,11.2,21.19,0.0,0.9958,0.0913,26.9,25.0,25.0,station
2026-03-28,24.9,23.9,21.4,15.4,18.4,24.7,23.2,27.4,14.2,17.3,20.8,3.93,-0.56,68,28,10.1,23.22,0.0,0.9972,0.0741,24.9,22.2,22.2,station
2026-03-29,28.1,26.7,27.4,21.0,23.4,27.0,25.5,27.7,19.5,21.8,25.32,3.01,1.02,54,45,13.0,22.73,0.0,0.9984,0.057,29.1,28.3,28.3,station
2026-03-30,26.2,21.3,23.4,18.2,21.1,25.5,21.2,20.5,17.8,20.7,22.04,2.97,0.9,55,100,17.1,14.35,0.0,0.9992,0.0398,24.3,21.7,21.7,station
2026-03-31,18.5,17.5,16.6,15.0,17.8,18.0,17.2,21.1,14.3,17.2,17.08,1.35,-0.48,86,94,22.8,13.69,21.1,0.9997,0.0226,19.8,19.4,19.4,station
2026-04-01,17.6,17.0,15.2,14.5,14.9,17.3,17.2,18.2,15.0,15.8,15.84,1.37,-0.86,91,94,20.5,10.64,4.6,1.0,0.0054,15.5,16.1,16.1,station
2026-04-02,15.7,17.2,15.4,13.5,14.2,15.6,16.9,15.8,13.2,14.1,15.2,1.43,0.08,75,22,20.9,24.2,1.2,0.9999,-0.0118,15.2,16.7,16.7,station
2026-04-03,22.3,22.5,23.3,18.6,17.7,20.5,22.6,23.3,18.3,17.7,20.88,2.54,0.4,59,12,11.6,24.57,0.0,0.9996,-0.029,22.6,22.2,22.2,station
2026-04-04,25.7,25.8,27.5,24.4,23.0,25.4,26.7,27.4,24.4,22.9,25.28,1.68,-0.08,48,75,9.0,23.12,0.0,0.9989,-0.0462,27.0,26.7,26.7,station
2026-04-05,26.8,25.4,23.4,22.5,22.0,26.6,25.9,28.8,21.3,20.8,24.02,2.03,-0.66,50,28,12.0,24.22,0.0,0.998,-0.0634,27.6,26.7,26.7,station
2026-04-06,20.5,18.3,14.0,15.5,14.8,18.3,18.6,24.5,13.5,14.4,16.62,2.71,-1.24,79,38,16.4,23.09,0.0,0.9968,-0.0805,17.0,16.7,16.7,station
2026-04-07,20.9,18.4,15.5,14.1,15.5,20.2,18.6,22.2,14.5,14.9,16.88,2.74,-1.2,74,57,13.7,23.31,0.0,0.9952,-0.0977,18.1,17.2,17.2,station
2026-04-08,23.7,21.7,19.2,14.4,17.7,23.5,18.5,23.2,17.6,19.0,19.34,3.59,-1.02,78,19,14.2,22.19,2.3,0.9934,-0.1148,21.2,21.1,21.1,station
2026-04-09,19.8,20.0,20.1,12.0,17.7,22.1,16.9,22.1,16.3,17.3,17.92,3.45,-1.02,86,61,16.6,19.35,0.1,0.9913,-0.1319,19.9,21.1,21.1,station
2026-04-10,16.8,17.0,18.4,,15.4,18.5,15.4,19.7,15.5,14.8,16.9,1.23,0.12,88,85,20.7,17.15,16.2,0.9889,-0.1489,17.8,18.3,18.3,station
2026-04-11,16.1,15.8,15.3,,14.2,15.3,16.2,18.2,15.0,15.1,15.35,0.83,-0.61,90,81,31.0,11.65,18.6,0.9861,-0.1659,15.2,16.1,16.1,station
2026-04-12,15.1,14.6,13.4,,12.6,14.5,14.4,14.9,13.9,12.9,13.93,1.14,-0.19,84,80,23.1,14.02,12.8,0.9831,-0.1828,13.7,15.0,15.0,station
2026-04-13,16.7,16.9,14.4,14.7,14.2,16.2,16.8,18.1,15.1,14.7,15.38,1.31,-0.8,83,47,17.0,23.5,3.2,0.9799,-0.1997,16.2,16.7,16.7,station
2026-04-14,15.4,15.8,13.7,13.2,14.0,15.2,16.2,17.2,13.6,14.0,14.42,1.12,-0.82,79,37,17.5,22.62,0.0,0.9763,-0.2165,15.1,15.6,15.6,station
2026-04-15,15.9,16.3,15.2,14.4,14.6,15.9,16.4,17.1,14.3,14.8,15.28,0.82,-0.42,79,76,19.9,23.52,0.0,0.9724,-0.2333,16.0,16.7,16.7,station
2026-04-16,17.5,19.1,18.9,16.1,15.7,17.4,19.3,19.3,17.3,16.3,17.46,1.56,-0.46,70,32,15.6,26.74,0.0,0.9683,-0.25,17.9,18.9,18.9,station
2026-04-17,19.7,20.5,21.6,17.6,17.0,19.7,20.3,22.2,17.8,16.6,19.28,1.94,-0.04,47,27,12.3,27.29,0.0,0.9638,-0.2666,20.3,20.6,20.6,station
2026-04-18,22.7,21.9,21.6,16.4,19.3,21.9,21.9,24.1,16.2,18.5,20.38,2.56,-0.14,74,98,11.3,23.36,0.0,0.9591,-0.2831,22.3,22.2,22.2,station
2026-04-19,21.3,19.9,17.2,15.0,16.7,21.0,19.5,21.1,15.1,16.6,18.02,2.54,-0.64,68,86,18.1,25.61,0.0,0.9541,-0.2996,20.9,21.1,21.1,station
2026-04-20,19.0,16.9,15.0,14.6,16.8,18.8,16.9,21.3,13.9,16.9,16.46,1.76,-1.1,82,71,19.1,8.12,21.7,0.9488,-0.316,18.3,18.3,18.3,station
2026-04-21,14.3,14.6,14.2,14.1,13.8,14.7,14.5,14.6,14.5,13.7,14.2,0.29,-0.2,88,72,18.9,17.82,11.1,0.9432,-0.3322,14.3,16.7,16.7,station
2026-04-22,16.8,17.3,16.6,14.9,15.0,16.6,17.5,18.5,14.8,15.2,16.12,1.1,-0.4,83,48,13.6,22.09,4.4,0.9373,-0.3484,17.0,17.8,17.8,station
2026-04-23,19.4,19.0,17.1,15.7,16.9,19.0,18.8,21.3,16.2,16.8,17.62,1.54,-0.8,81,41,14.4,26.96,0.0,0.9312,-0.3645,18.9,19.4,19.4,station
2026-04-24,17.0,16.7,14.3,14.5,15.3,16.6,16.7,19.0,14.4,14.7,15.56,1.24,-0.72,79,74,16.7,23.59,0.0,0.9248,-0.3804,16.4,16.7,16.7,station
2026-04-25,15.1,14.6,13.9,13.6,14.2,14.7,14.5,15.2,14.4,14.4,14.28,0.59,-0.36,80,100,15.1,11.08,0.4,0.9181,-0.3963,13.9,15.0,15.0,station
2026-04-26,16.3,15.8,14.2,14.4,14.7,17.2,15.8,17.3,14.8,15.0,15.08,0.92,-0.94,74,65,16.8,21.27,0.4,0.9112,-0.412,15.4,16.7,16.7,station
2026-04-27,16.2,16.4,15.5,14.4,14.2,16.0,16.6,16.7,14.6,14.4,15.34,1.01,-0.32,76,42,17.2,24.7,0.5,0.9039,-0.4276,16.4,17.2,17.2,station
2026-04-28,19.1,18.8,16.8,15.0,16.0,17.7,18.9,21.7,15.3,16.4,17.14,1.77,-0.86,79,35,13.8,26.0,0.0,0.8965,-0.4431,18.3,18.9,18.9,station
2026-04-29,20.3,20.0,18.0,14.7,16.6,20.1,19.9,22.2,15.1,16.7,17.92,2.35,-0.88,84,17,15.9,27.24,0.0,0.8887,-0.4585,19.1,18.9,18.9,station
2026-04-30,20.2,18.8,16.8,14.7,16.4,20.6,19.0,24.5,14.7,16.4,17.38,2.15,-1.66,84,50,17.3,26.93,0.0,0.8807,-0.4737,17.9,18.9,18.9,station
2026-05-01,19.5,18.1,17.0,14.8,15.5,19.3,18.1,22.4,15.1,15.4,16.98,1.91,-1.08,84,97,17.5,23.88,0.0,0.8724,-0.4888,17.2,17.2,17.2,station
2026-05-02,17.6,16.0,15.1,14.0,13.9,17.1,15.9,17.7,14.6,14.2,15.32,1.54,-0.58,82,100,16.3,18.17,0.0,0.8639,-0.5037,15.7,15.6,15.6,station
2026-05-03,17.9,17.0,15.8,14.7,15.0,17.5,16.7,18.6,14.8,15.1,16.08,1.35,-0.46,77,79,16.8,20.4,0.3,0.8551,-0.5185,17.0,17.2,17.2,station
2026-05-04,17.1,16.6,16.9,14.4,14.8,16.9,16.9,17.3,14.5,15.6,15.96,1.26,-0.28,81,76,13.3,19.93,0.9,0.846,-0.5331,16.6,17.2,17.2,station
2026-05-05,17.2,16.3,15.3,14.7,15.3,16.8,16.2,18.3,14.9,14.9,15.76,0.99,-0.46,87,81,14.1,17.55,5.4,0.8367,-0.5476,16.7,17.8,17.8,station
2026-05-06,18.5,18.3,16.1,15.0,15.7,18.6,18.1,22.9,14.6,16.1,16.72,1.58,-1.34,85,53,15.9,22.51,0.0,0.8272,-0.5619,18.7,19.4,19.4,station
2026-05-07,18.6,18.6,17.2,14.5,15.6,18.4,18.8,24.5,14.7,15.2,16.9,1.82,-1.42,86,72,16.9,22.49,0.0,0.8174,-0.5761,16.6,16.7,16.7,station
2026-05-08,18.4,18.4,16.4,14.2,15.6,18.0,18.6,21.0,14.3,14.9,16.6,1.82,-0.76,85,64,20.4,23.45,0.0,0.8074,-0.59,16.2,15.0,15.0,station
2026-05-09,20.5,18.9,17.5,14.6,15.9,20.1,19.1,25.8,16.2,16.8,17.48,2.34,-2.12,86,51,20.3,27.37,0.0,0.7971,-0.6038,17.4,17.2,17.2,station
2026-05-10,19.1,18.8,17.4,14.4,16.3,19.2,18.9,26.7,14.4,16.3,17.2,1.93,-1.9,86,82,18.7,25.57,0.0,0.7866,-0.6175,17.9,17.8,17.8,station
2026-05-11,24.2,22.0,23.7,15.1,18.5,26.0,22.3,30.3,15.8,20.8,20.7,3.85,-2.34,84,91,13.7,25.24,0.0,0.7759,-0.6309,21.2,20.6,20.6,station
2026-05-12,20.3,18.4,15.5,13.7,15.4,22.3,18.2,26.4,14.2,16.1,16.66,2.64,-2.78,87,85,20.9,22.66,0.0,0.7649,-0.6442,16.4,16.7,16.7,station
2026-05-13,18.0,17.1,16.8,14.4,15.2,18.7,17.6,19.9,14.6,15.4,16.3,1.47,-0.94,84,51,24.9,28.17,0.0,0.7537,-0.6572,16.7,18.3,18.3,station
2026-05-14,19.7,19.0,18.5,14.3,15.7,19.8,19.3,27.2,15.0,15.6,17.44,2.32,-1.94,81,3,16.7,29.8,0.0,0.7423,-0.6701,18.4,18.9,18.9,station
2026-05-15,20.1,19.8,19.6,15.0,16.1,19.6,19.3,25.3,15.2,16.2,18.12,2.38,-1.0,77,1,20.5,30.41,0.0,0.7306,-0.6828,18.6,18.3,18.3,station
2026-05-16,17.6,17.3,17.8,14.3,15.0,18.4,17.6,22.3,14.1,14.9,16.4,1.63,-1.06,73,26,28.8,30.12,0.0,0.7188,-0.6952,17.1,18.9,18.9,station
2026-05-17,20.4,20.2,20.5,15.6,15.5,20.6,20.2,21.5,16.6,15.4,18.44,2.64,-0.42,57,19,22.5,30.22,0.0,0.7067,-0.7075,21.0,22.2,22.2,station
2026-05-18,26.1,24.4,26.6,19.4,20.5,25.7,23.9,25.8,19.4,21.1,23.4,3.28,0.22,30,0,25.4,31.2,0.0,0.6945,-0.7195,26.1,26.1,26.1,station
2026-05-19,28.6,25.6,28.9,19.2,21.2,28.8,25.0,30.6,19.9,20.7,24.7,4.36,-0.3,53,3,14.0,30.5,0.0,0.682,-0.7314,28.2,26.7,26.7,station
2026-05-20,25.9,23.2,27.0,24.2,18.4,26.5,22.5,27.9,14.3,17.8,23.74,3.33,1.94,70,23,13.9,29.6,0.0,0.6693,-0.743,23.5,22.2,22.2,station
2026-05-21,24.4,20.8,23.2,22.3,17.3,24.2,20.8,28.9,23.6,17.0,21.6,2.74,-1.3,76,26,15.6,28.76,0.0,0.6564,-0.7544,22.7,20.6,20.6,station
2026-05-22,22.9,19.6,22.5,20.0,16.8,22.5,19.3,24.9,20.3,17.2,20.36,2.47,-0.48,82,64,18.1,25.37,0.0,0.6433,-0.7656,18.9,20.0,20.0,station
2026-05-23,20.9,18.7,19.2,20.3,16.0,21.6,18.4,22.2,20.7,16.4,19.02,1.9,-0.84,80,69,24.4,23.97,0.0,0.6301,-0.7765,18.0,20.0,20.0,station
2026-05-24,18.8,18.2,17.6,18.9,15.6,19.5,18.4,21.3,19.1,15.3,17.82,1.35,-0.9,79,55,20.8,26.23,0.0,0.6166,-0.7873,17.9,21.1,21.1,station
2026-05-25,18.0,16.7,16.4,17.3,14.8,18.2,16.5,19.8,18.1,14.8,16.64,1.2,-0.84,80,84,20.8,21.83,0.0,0.603,-0.7978,16.2,18.3,18.3,station
2026-05-26,16.4,16.7,16.3,17.0,14.1,16.9,16.5,17.7,17.3,14.0,16.1,1.15,-0.38,81,33,27.2,29.54,0.5,0.5892,-0.808,15.6,17.2,17.2,station
2026-05-27,20.8,17.5,18.9,19.0,15.1,20.5,18.1,22.5,21.3,16.2,18.26,2.12,-1.46,80,61,17.4,28.7,0.1,0.5752,-0.818,19.9,20.0,20.0,station
2026-05-28,20.4,19.7,18.4,20.3,19.3,20.0,18.3,22.2,21.0,17.2,19.62,0.82,-0.12,80,73,17.9,20.52,11.1,0.561,-0.8278,19.4,18.9,18.9,station
2026-05-29,17.1,17.2,15.9,16.4,14.8,17.4,16.7,19.3,17.6,14.8,16.28,0.98,-0.88,86,80,14.7,17.79,1.3,0.5467,-0.8373,16.3,16.1,16.1,station
2026-05-30,19.2,18.4,18.3,19.4,15.8,17.9,18.1,19.4,18.0,16.2,18.22,1.44,0.3,83,41,16.4,30.49,0.0,0.5322,-0.8466,17.8,18.3,18.3,station
2026-05-31,22.5,21.1,23.6,22.8,20.3,23.1,21.8,27.5,24.2,21.0,22.06,1.34,-1.46,79,1,14.4,31.08,0.0,0.5176,-0.8556,21.2,21.7,21.7,station
2026-06-01,25.7,22.3,23.2,22.5,21.7,25.5,22.3,28.1,22.0,18.3,23.08,1.56,-0.16,78,1,15.1,31.05,0.0,0.5028,-0.8644,23.2,21.1,21.1,station
2026-06-02,22.4,18.8,17.5,19.3,18.5,22.4,18.9,25.6,19.9,16.7,19.3,1.85,-1.4,84,81,16.4,27.07,0.0,0.4878,-0.8729,19.0,18.9,18.9,station
2026-06-03,22.2,21.5,21.9,21.9,17.9,22.0,21.4,23.8,21.8,17.5,21.08,1.79,-0.22,79,36,21.3,30.69,0.0,0.4728,-0.8812,19.5,21.1,21.1,station
2026-06-04,21.3,20.3,20.3,22.4,18.7,22.9,21.0,27.4,22.2,18.4,20.6,1.37,-1.78,80,28,17.8,30.42,0.0,0.4575,-0.8892,19.0,18.9,18.9,station
2026-06-05,24.9,22.6,22.8,22.6,20.3,25.8,22.8,28.7,23.7,18.8,22.64,1.63,-1.32,74,5,20.2,30.9,0.0,0.4422,-0.8969,21.3,21.1,21.1,station
2026-06-06,16.7,17.8,18.4,17.5,,17.1,18.1,17.8,17.0,15.4,17.6,0.71,0.52,76,22,26.8,28.88,0.0,0.4267,-0.9044,16.2,17.2,17.2,station
2026-06-07,19.8,19.3,20.3,21.8,,20.9,19.6,23.3,22.3,18.1,20.3,1.08,-0.54,73,20,19.1,31.43,0.0,0.4111,-0.9116,19.6,19.4,19.4,station
2026-06-08,19.7,17.9,18.0,20.4,,18.9,18.2,19.9,19.2,16.9,19.0,1.25,0.38,82,77,22.3,26.14,2.3,0.3953,-0.9185,17.9,17.8,17.8,station
2026-06-09,20.6,19.6,18.8,20.9,,20.2,20.0,23.9,20.3,17.6,19.98,0.96,-0.42,82,51,16.4,26.56,0.3,0.3795,-0.9252,20.1,19.4,19.4,station
2026-06-10,28.0,25.7,25.8,26.7,19.4,28.3,25.3,29.0,27.1,22.4,25.12,3.33,-1.3,67,1,15.7,31.04,0.0,0.3635,-0.9316,24.9,26.1,26.1,station
2026-06-11,31.0,28.6,34.0,31.7,28.6,30.6,28.2,33.0,31.7,28.7,30.78,2.28,0.34,53,1,15.9,30.91,0.0,0.3474,-0.9377,34.2,32.2,32.2,station
2026-06-12,27.9,25.0,31.2,26.8,27.9,27.7,24.5,31.1,26.8,28.8,27.76,2.26,-0.02,67,18,15.3,27.48,0.0,0.3312,-0.9436,27.3,21.7,21.7,station
2026-06-13,26.8,23.6,27.3,23.3,23.3,26.8,23.6,29.7,23.4,25.4,24.86,2.01,-0.92,74,28,17.4,27.13,0.0,0.3149,-0.9491,24.6,21.7,21.7,station
2026-06-14,25.2,21.9,24.3,22.1,21.1,25.6,21.9,29.7,22.2,22.2,22.92,1.74,-1.4,76,35,21.2,27.81,0.0,0.2986,-0.9544,21.9,23.9,23.9,station
2026-06-15,24.3,21.8,21.0,23.1,20.5,24.9,21.8,31.1,23.0,19.8,22.14,1.56,-1.98,80,46,17.0,26.74,0.0,0.2821,-0.9594,21.5,20.0,20.0,station
2026-06-16,25.8,22.3,21.5,22.4,20.1,25.7,21.8,28.9,22.6,20.2,22.42,2.1,-1.42,81,70,17.9,24.7,0.0,0.2656,-0.9641,19.7,21.1,21.1,station
2026-06-17,24.5,21.2,22.2,22.5,21.1,25.0,21.4,26.6,22.2,21.2,22.3,1.37,-0.98,81,71,24.4,25.27,0.0,0.2489,-0.9685,21.4,22.2,22.2,station
2026-06-18,23.6,19.9,20.8,21.2,19.9,23.5,20.4,23.4,21.1,20.1,21.08,1.52,-0.62,79,82,27.3,24.66,0.0,0.2322,-0.9727,20.5,21.7,21.7,station
2026-06-19,21.9,19.9,21.2,22.0,19.4,22.7,20.1,23.1,22.0,19.6,20.88,1.18,-0.62,77,59,21.5,24.92,0.0,0.2155,-0.9765,20.0,21.1,21.1,station
2026-06-20,20.9,20.5,20.3,21.1,19.7,21.3,20.3,23.6,21.1,19.7,20.5,0.55,-0.7,75,48,17.4,28.76,0.0,0.1986,-0.9801,21.1,21.7,21.7,station
2026-06-21,22.7,20.5,18.5,21.2,18.4,22.6,20.4,26.6,20.4,18.2,20.26,1.83,-1.38,82,69,16.2,26.06,0.0,0.1818,-0.9833,19.9,20.6,20.6,station
2026-06-22,21.9,19.4,18.9,19.3,18.2,22.9,20.1,27.6,20.0,19.2,19.54,1.4,-2.42,84,86,16.5,23.91,0.0,0.1648,-0.9863,18.2,18.9,18.9,station
2026-06-23,21.7,20.7,21.7,20.1,20.2,22.5,20.7,27.4,20.2,21.7,20.88,0.78,-1.62,81,72,16.1,27.36,0.0,0.1478,-0.989,19.1,20.6,20.6,station
2026-06-24,21.8,20.6,21.7,20.1,20.2,23.3,20.8,26.2,21.4,20.7,20.88,0.82,-1.6,83,84,18.3,24.24,0.0,0.1308,-0.9914,18.4,21.1,21.1,station
2026-06-25,23.5,19.2,19.0,20.5,19.2,23.9,19.2,23.9,20.4,19.5,20.28,1.9,-1.1,84,75,18.5,25.24,0.0,0.1137,-0.9935,18.8,20.6,20.6,station
2026-06-26,19.7,19.1,18.3,20.2,18.5,20.5,19.3,21.7,20.3,18.5,19.16,0.8,-0.9,85,98,18.3,21.52,0.0,0.0966,-0.9953,18.9,20.0,20.0,station
2026-06-27,18.9,17.8,17.6,18.9,17.3,18.8,17.7,19.6,18.7,17.1,18.1,0.75,-0.28,80,46,21.2,28.71,1.0,0.0795,-0.9968,18.3,18.9,18.9,station
2026-06-28,24.3,22.0,23.1,23.4,19.9,23.7,22.0,26.4,23.9,19.7,22.54,1.69,-0.6,72,1,17.2,31.1,0.0,0.0623,-0.9981,23.4,22.8,22.8,station
2026-06-29,24.9,21.5,24.8,24.9,22.7,25.5,21.8,27.5,25.1,22.0,23.76,1.57,-0.62,76,28,14.5,28.95,0.0,0.0451,-0.999,22.9,22.8,22.8,station
2026-06-30,23.0,18.9,23.7,22.0,19.3,22.4,19.2,23.9,22.2,20.2,21.38,2.17,-0.2,82,35,22.8,27.63,0.0,0.028,-0.9996,18.4,22.2,22.2,station
2026-07-01,21.4,18.6,24.0,20.4,20.0,21.2,18.6,23.6,21.2,19.5,20.88,2.01,0.06,80,55,22.3,27.45,0.0,0.0108,-0.9999,18.2,21.1,21.1,station
2026-07-02,22.7,20.1,23.6,20.6,19.0,21.9,19.9,21.9,20.8,18.4,21.2,1.9,0.62,81,58,20.1,27.12,0.0,-0.0065,-1.0,19.6,21.1,21.1,station
2026-07-03,23.3,21.6,24.7,22.0,20.0,21.5,20.9,22.8,22.4,19.4,22.32,1.78,0.92,80,50,14.7,27.3,0.0,-0.0237,-0.9997,21.6,20.6,20.6,station
2026-07-04,22.4,21.5,24.5,21.1,20.1,21.9,21.4,24.4,21.4,19.9,21.92,1.66,0.12,83,88,17.2,23.86,0.0,-0.0408,-0.9992,19.5,20.0,20.0,station
2026-07-05,21.0,20.0,19.9,19.3,18.9,20.3,20.0,25.3,20.0,18.8,19.82,0.8,-1.06,82,80,19.5,25.48,0.0,-0.058,-0.9983,19.7,20.0,20.0,station
2026-07-06,20.9,19.6,17.3,18.9,18.9,19.7,19.4,23.2,18.8,18.7,19.12,1.3,-0.84,81,85,19.5,23.89,0.0,-0.0752,-0.9972,18.6,19.4,19.4,station
2026-07-07,17.9,17.9,16.7,18.3,16.7,18.1,18.3,21.8,18.4,17.1,17.5,0.75,-1.24,85,100,20.0,17.6,0.0,-0.0923,-0.9957,16.1,16.7,16.7,station
2026-07-08,19.9,19.4,18.7,19.9,17.5,19.9,19.3,22.7,20.8,17.0,19.08,1.01,-0.86,86,90,18.1,22.34,0.0,-0.1094,-0.994,17.4,17.8,17.8,station
2026-07-09,22.7,21.5,20.4,21.6,19.7,22.7,20.6,27.1,23.1,19.3,21.18,1.16,-1.38,84,60,16.2,25.77,0.0,-0.1265,-0.992,19.9,19.4,19.4,station
2026-07-10,22.3,20.1,18.6,20.4,17.6,21.4,20.3,23.4,20.7,18.0,19.8,1.8,-0.96,84,47,17.2,27.59,0.0,-0.1436,-0.9896,17.5,18.3,18.3,station
2026-07-11,24.6,21.8,22.8,24.0,19.0,24.7,21.9,30.3,24.7,19.3,22.44,2.21,-1.74,79,96,14.2,25.44,0.0,-0.1606,-0.987,21.0,19.4,19.4,station
2026-07-12,24.8,22.7,25.5,24.2,22.4,27.8,22.9,29.7,23.3,20.3,23.92,1.34,-0.88,74,88,11.0,24.73,0.8,-0.1775,-0.9841,25.4,23.3,23.3,station
2026-07-13,25.2,24.3,32.8,25.4,24.7,29.3,25.4,31.8,28.3,28.4,26.48,3.56,-2.16,66,83,11.1,21.1,0.0,-0.1944,-0.9809,28.3,24.4,24.4,station
2026-07-14,29.9,26.8,25.1,26.1,26.8,28.8,25.9,29.3,26.3,24.7,26.94,1.8,-0.06,59,1,15.5,29.32,0.0,-0.2113,-0.9774,28.6,27.2,27.2,station
2026-07-15,26.8,25.1,22.2,25.3,20.6,26.6,24.2,28.8,23.4,20.1,24.0,2.53,-0.62,66,0,17.3,29.87,0.0,-0.2281,-0.9736,22.1,22.8,22.8,station
2026-07-16,22.0,21.8,19.4,23.6,18.4,22.2,21.8,24.9,23.7,18.1,21.04,2.1,-1.1,77,0,19.1,30.45,0.0,-0.2448,-0.9696,18.5,20.6,20.6,station
2026-07-17,20.5,18.7,17.6,20.1,17.6,20.1,18.8,23.0,20.0,17.3,18.9,1.36,-0.94,85,67,17.5,24.78,0.0,-0.2614,-0.9652,18.2,19.4,19.4,station
2026-07-18,20.8,19.8,18.2,20.5,18.8,20.5,19.4,25.9,20.3,18.9,19.62,1.11,-1.38,85,84,15.6,23.41,0.0,-0.278,-0.9606,19.0,21.7,21.7,station
2026-07-19,21.5,20.8,19.7,21.6,19.5,21.2,21.0,29.7,21.7,19.7,20.62,0.98,-2.04,82,93,13.5,20.49,0.0,-0.2945,-0.9557,20.8,18.3,18.3,station
2026-07-20,22.0,23.4,18.9,22.0,19.8,23.5,23.5,27.5,22.7,21.5,21.22,1.83,-2.52,81,80,11.5,17.45,1.4,-0.3109,-0.9505,22.3,21.1,21.1,station
2026-07-21,29.7,28.9,23.7,29.5,26.1,30.2,28.7,32.3,29.7,24.0,27.58,2.61,-1.4,68,38,24.2,26.81,1.8,-0.3272,-0.945,32.0,32.8,32.8,station
2026-07-22,23.0,21.8,24.2,22.9,21.4,25.4,22.1,28.6,25.3,23.1,22.66,1.1,-2.24,82,75,20.8,22.13,0.2,-0.3434,-0.9392,21.9,22.8,22.8,station
2026-07-23,21.9,21.0,19.2,21.4,18.6,21.7,21.3,24.4,20.8,18.9,20.42,1.44,-1.0,88,87,17.4,21.46,0.0,-0.3595,-0.9332,19.0,20.6,20.6,station
2026-07-24,21.4,20.8,19.6,22.2,19.5,21.9,20.9,26.5,22.0,19.2,20.7,1.16,-1.4,89,77,18.4,22.44,0.0,-0.3755,-0.9268,19.5,21.1,21.1,station
2026-07-25,22.6,21.5,20.2,22.5,19.7,22.5,21.5,26.0,22.6,19.3,21.3,1.32,-1.08,81,15,18.4,29.02,0.0,-0.3914,-0.9202,21.0,21.1,21.1,station
2026-07-26,21.5,20.9,19.9,21.6,19.7,21.4,20.7,25.6,22.2,19.0,20.72,0.88,-1.06,88,69,17.4,22.37,0.0,-0.4071,-0.9134,19.5,20.0,20.0,station
2026-07-27,21.5,20.4,18.9,21.6,19.2,21.5,20.6,26.3,22.5,19.5,20.32,1.26,-1.76,83,43,19.4,26.7,0.0,-0.4228,-0.9062,19.8,20.6,20.6,station
2026-07-28,22.3,21.7,20.5,22.5,20.2,22.2,21.4,25.3,22.8,20.2,21.44,1.04,-0.94,82,26,18.9,27.94,0.0,-0.4383,-0.8988,20.5,,,
