gelogd_utc,key,doel_datum,lead,soort,eenheid,bracket_label,bracket_lo,bracket_hi,verwachting,p10,p90,model_kans,leden_fractie,markt_prijs,edge_pp,volume_24u,event_slug,markt_slug,strat_a_signaal
2026-08-07T05:09+00:00,NYC,2026-08-07,0,max,°F,81°F or below,,81,92.59,88.73,97.93,0.0010,0.0000,0.0005,0.05,28028.15,highest-temperature-in-nyc-on-august-7-2026,highest-temperature-in-nyc-on-august-7-2026-81forbelow,0
2026-08-07T05:09+00:00,NYC,2026-08-07,0,max,°F,82-83°F,82,83,92.59,88.73,97.93,0.0047,0.0103,0.0005,0.42,28028.15,highest-temperature-in-nyc-on-august-7-2026,highest-temperature-in-nyc-on-august-7-2026-82-83f,0
2026-08-07T05:09+00:00,NYC,2026-08-07,0,max,°F,84-85°F,84,85,92.59,88.73,97.93,0.0185,0.0361,0.0110,0.75,28028.15,highest-temperature-in-nyc-on-august-7-2026,highest-temperature-in-nyc-on-august-7-2026-84-85f,0
2026-08-07T05:09+00:00,NYC,2026-08-07,0,max,°F,86-87°F,86,87,92.59,88.73,97.93,0.0541,0.2010,0.0450,0.91,28028.15,highest-temperature-in-nyc-on-august-7-2026,highest-temperature-in-nyc-on-august-7-2026-86-87f,0
2026-08-07T05:09+00:00,NYC,2026-08-07,0,max,°F,88-89°F,88,89,92.59,88.73,97.93,0.1167,0.2474,0.2050,-8.83,28028.15,highest-temperature-in-nyc-on-august-7-2026,highest-temperature-in-nyc-on-august-7-2026-88-89f,0
2026-08-07T05:09+00:00,NYC,2026-08-07,0,max,°F,90-91°F,90,91,92.59,88.73,97.93,0.1861,0.2835,0.3650,-17.89,28028.15,highest-temperature-in-nyc-on-august-7-2026,highest-temperature-in-nyc-on-august-7-2026-90-91f,0
2026-08-07T05:09+00:00,NYC,2026-08-07,0,max,°F,92-93°F,92,93,92.59,88.73,97.93,0.2194,0.1031,0.2950,-7.56,28028.15,highest-temperature-in-nyc-on-august-7-2026,highest-temperature-in-nyc-on-august-7-2026-92-93f,0
2026-08-07T05:09+00:00,NYC,2026-08-07,0,max,°F,94-95°F,94,95,92.59,88.73,97.93,0.1911,0.0876,0.0900,10.11,28028.15,highest-temperature-in-nyc-on-august-7-2026,highest-temperature-in-nyc-on-august-7-2026-94-95f,0
2026-08-07T05:09+00:00,NYC,2026-08-07,0,max,°F,96-97°F,96,97,92.59,88.73,97.93,0.1230,0.0825,0.0210,10.20,28028.15,highest-temperature-in-nyc-on-august-7-2026,highest-temperature-in-nyc-on-august-7-2026-96-97f,0
2026-08-07T05:09+00:00,NYC,2026-08-07,0,max,°F,98-99°F,98,99,92.59,88.73,97.93,0.0585,0.0103,0.0005,5.80,28028.15,highest-temperature-in-nyc-on-august-7-2026,highest-temperature-in-nyc-on-august-7-2026-98-99f,0
2026-08-07T05:09+00:00,NYC,2026-08-07,0,max,°F,100°F or higher,100,,92.59,88.73,97.93,0.0270,0.0000,0.0005,2.65,28028.15,highest-temperature-in-nyc-on-august-7-2026,highest-temperature-in-nyc-on-august-7-2026-100forhigher,0
2026-08-07T05:09+00:00,NYC,2026-08-07,0,min,°F,65°F or below,,65,77.19,75.07,80.27,0.0000,0.0000,0.0035,-0.35,4409.49,lowest-temperature-in-nyc-on-august-7-2026,lowest-temperature-in-nyc-on-august-7-2026-65forbelow,0
2026-08-07T05:09+00:00,NYC,2026-08-07,0,min,°F,66-67°F,66,67,77.19,75.07,80.27,0.0000,0.0000,0.0020,-0.20,4409.49,lowest-temperature-in-nyc-on-august-7-2026,lowest-temperature-in-nyc-on-august-7-2026-66-67f,0
2026-08-07T05:09+00:00,NYC,2026-08-07,0,min,°F,68-69°F,68,69,77.19,75.07,80.27,0.0001,0.0000,0.0055,-0.54,4409.49,lowest-temperature-in-nyc-on-august-7-2026,lowest-temperature-in-nyc-on-august-7-2026-68-69f,0
2026-08-07T05:09+00:00,NYC,2026-08-07,0,min,°F,70-71°F,70,71,77.19,75.07,80.27,0.0024,0.0052,0.0060,-0.36,4409.49,lowest-temperature-in-nyc-on-august-7-2026,lowest-temperature-in-nyc-on-august-7-2026-70-71f,0
2026-08-07T05:09+00:00,NYC,2026-08-07,0,min,°F,72-73°F,72,73,77.19,75.07,80.27,0.0319,0.0515,0.1200,-8.81,4409.49,lowest-temperature-in-nyc-on-august-7-2026,lowest-temperature-in-nyc-on-august-7-2026-72-73f,0
2026-08-07T05:09+00:00,NYC,2026-08-07,0,min,°F,74-75°F,74,75,77.19,75.07,80.27,0.1677,0.2320,0.3900,-22.23,4409.49,lowest-temperature-in-nyc-on-august-7-2026,lowest-temperature-in-nyc-on-august-7-2026-74-75f,0
2026-08-07T05:09+00:00,NYC,2026-08-07,0,min,°F,76-77°F,76,77,77.19,75.07,80.27,0.3582,0.5000,0.4300,-7.18,4409.49,lowest-temperature-in-nyc-on-august-7-2026,lowest-temperature-in-nyc-on-august-7-2026-76-77f,0
2026-08-07T05:09+00:00,NYC,2026-08-07,0,min,°F,78-79°F,78,79,77.19,75.07,80.27,0.3121,0.1392,0.4450,-13.29,4409.49,lowest-temperature-in-nyc-on-august-7-2026,lowest-temperature-in-nyc-on-august-7-2026-78-79f,0
2026-08-07T05:09+00:00,NYC,2026-08-07,0,min,°F,80-81°F,80,81,77.19,75.07,80.27,0.1108,0.1340,0.2000,-8.92,4409.49,lowest-temperature-in-nyc-on-august-7-2026,lowest-temperature-in-nyc-on-august-7-2026-80-81f,0
2026-08-07T05:09+00:00,NYC,2026-08-07,0,min,°F,82-83°F,82,83,77.19,75.07,80.27,0.0159,0.0000,0.0950,-7.91,4409.49,lowest-temperature-in-nyc-on-august-7-2026,lowest-temperature-in-nyc-on-august-7-2026-82-83f,0
2026-08-07T05:09+00:00,NYC,2026-08-07,0,min,°F,84°F or higher,84,,77.19,75.07,80.27,0.0009,0.0000,0.0105,-0.96,4409.49,lowest-temperature-in-nyc-on-august-7-2026,lowest-temperature-in-nyc-on-august-7-2026-84forhigher,0
2026-08-07T05:09+00:00,CHI,2026-08-07,0,max,°F,75°F or below,,75,85.84,82.47,89.27,0.0000,0.0052,0.0020,-0.20,10280.57,highest-temperature-in-chicago-on-august-7-2026,highest-temperature-in-chicago-on-august-7-2026-75forbelow,0
2026-08-07T05:09+00:00,CHI,2026-08-07,0,max,°F,76-77°F,76,77,85.84,82.47,89.27,0.0008,0.0155,0.0005,0.03,10280.57,highest-temperature-in-chicago-on-august-7-2026,highest-temperature-in-chicago-on-august-7-2026-76-77f,0
2026-08-07T05:09+00:00,CHI,2026-08-07,0,max,°F,78-79°F,78,79,85.84,82.47,89.27,0.0076,0.0464,0.0040,0.36,10280.57,highest-temperature-in-chicago-on-august-7-2026,highest-temperature-in-chicago-on-august-7-2026-78-79f,0
2026-08-07T05:09+00:00,CHI,2026-08-07,0,max,°F,80-81°F,80,81,85.84,82.47,89.27,0.0425,0.0670,0.0250,1.75,10280.57,highest-temperature-in-chicago-on-august-7-2026,highest-temperature-in-chicago-on-august-7-2026-80-81f,0
2026-08-07T05:09+00:00,CHI,2026-08-07,0,max,°F,82-83°F,82,83,85.84,82.47,89.27,0.1380,0.2113,0.2200,-8.20,10280.57,highest-temperature-in-chicago-on-august-7-2026,highest-temperature-in-chicago-on-august-7-2026-82-83f,0
2026-08-07T05:09+00:00,CHI,2026-08-07,0,max,°F,84-85°F,84,85,85.84,82.47,89.27,0.2601,0.2835,0.4950,-23.49,10280.57,highest-temperature-in-chicago-on-august-7-2026,highest-temperature-in-chicago-on-august-7-2026-84-85f,0
2026-08-07T05:09+00:00,CHI,2026-08-07,0,max,°F,86-87°F,86,87,85.84,82.47,89.27,0.2852,0.2680,0.2650,2.02,10280.57,highest-temperature-in-chicago-on-august-7-2026,highest-temperature-in-chicago-on-august-7-2026-86-87f,0
2026-08-07T05:09+00:00,CHI,2026-08-07,0,max,°F,88-89°F,88,89,85.84,82.47,89.27,0.1819,0.1340,0.0350,14.69,10280.57,highest-temperature-in-chicago-on-august-7-2026,highest-temperature-in-chicago-on-august-7-2026-88-89f,0
2026-08-07T05:09+00:00,CHI,2026-08-07,0,max,°F,90-91°F,90,91,85.84,82.47,89.27,0.0674,0.0155,0.0115,5.59,10280.57,highest-temperature-in-chicago-on-august-7-2026,highest-temperature-in-chicago-on-august-7-2026-90-91f,0
2026-08-07T05:09+00:00,CHI,2026-08-07,0,max,°F,92-93°F,92,93,85.84,82.47,89.27,0.0145,0.0052,0.0050,0.95,10280.57,highest-temperature-in-chicago-on-august-7-2026,highest-temperature-in-chicago-on-august-7-2026-92-93f,0
2026-08-07T05:09+00:00,CHI,2026-08-07,0,max,°F,94°F or higher,94,,85.84,82.47,89.27,0.0019,0.0000,0.0025,-0.06,10280.57,highest-temperature-in-chicago-on-august-7-2026,highest-temperature-in-chicago-on-august-7-2026-94forhigher,0
2026-08-07T05:09+00:00,MIA,2026-08-07,0,max,°F,79°F or below,,79,90.50,87.70,95.20,0.0001,0.0000,0.0005,-0.04,17424.40,highest-temperature-in-miami-on-august-7-2026,highest-temperature-in-miami-on-august-7-2026-79forbelow,0
2026-08-07T05:09+00:00,MIA,2026-08-07,0,max,°F,80-81°F,80,81,90.50,87.70,95.20,0.0010,0.0000,0.0005,0.05,17424.40,highest-temperature-in-miami-on-august-7-2026,highest-temperature-in-miami-on-august-7-2026-80-81f,0
2026-08-07T05:09+00:00,MIA,2026-08-07,0,max,°F,82-83°F,82,83,90.50,87.70,95.20,0.0073,0.0258,0.0005,0.68,17424.40,highest-temperature-in-miami-on-august-7-2026,highest-temperature-in-miami-on-august-7-2026-82-83f,0
2026-08-07T05:09+00:00,MIA,2026-08-07,0,max,°F,84-85°F,84,85,90.50,87.70,95.20,0.0353,0.1082,0.0300,0.53,17424.40,highest-temperature-in-miami-on-august-7-2026,highest-temperature-in-miami-on-august-7-2026-84-85f,0
2026-08-07T05:09+00:00,MIA,2026-08-07,0,max,°F,86-87°F,86,87,90.50,87.70,95.20,0.1087,0.3711,0.0850,2.37,17424.40,highest-temperature-in-miami-on-august-7-2026,highest-temperature-in-miami-on-august-7-2026-86-87f,0
2026-08-07T05:09+00:00,MIA,2026-08-07,0,max,°F,88-89°F,88,89,90.50,87.70,95.20,0.2135,0.3299,0.3250,-11.15,17424.40,highest-temperature-in-miami-on-august-7-2026,highest-temperature-in-miami-on-august-7-2026-88-89f,0
2026-08-07T05:09+00:00,MIA,2026-08-07,0,max,°F,90-91°F,90,91,90.50,87.70,95.20,0.2675,0.0773,0.4200,-15.25,17424.40,highest-temperature-in-miami-on-august-7-2026,highest-temperature-in-miami-on-august-7-2026-90-91f,0
2026-08-07T05:09+00:00,MIA,2026-08-07,0,max,°F,92-93°F,92,93,90.50,87.70,95.20,0.2138,0.0464,0.1500,6.38,17424.40,highest-temperature-in-miami-on-august-7-2026,highest-temperature-in-miami-on-august-7-2026-92-93f,0
2026-08-07T05:09+00:00,MIA,2026-08-07,0,max,°F,94-95°F,94,95,90.50,87.70,95.20,0.1090,0.0412,0.0085,10.05,17424.40,highest-temperature-in-miami-on-august-7-2026,highest-temperature-in-miami-on-august-7-2026-94-95f,0
2026-08-07T05:09+00:00,MIA,2026-08-07,0,max,°F,96-97°F,96,97,90.50,87.70,95.20,0.0354,0.0464,0.0055,2.99,17424.40,highest-temperature-in-miami-on-august-7-2026,highest-temperature-in-miami-on-august-7-2026-96-97f,0
2026-08-07T05:09+00:00,MIA,2026-08-07,0,max,°F,98°F or higher,98,,90.50,87.70,95.20,0.0084,0.0000,0.0005,0.79,17424.40,highest-temperature-in-miami-on-august-7-2026,highest-temperature-in-miami-on-august-7-2026-98forhigher,0
2026-08-07T05:09+00:00,MIA,2026-08-07,0,min,°F,69°F or below,,69,79.11,76.59,82.79,0.0000,0.0000,0.0060,-0.60,3760.71,lowest-temperature-in-miami-on-august-7-2026,lowest-temperature-in-miami-on-august-7-2026-69forbelow,0
2026-08-07T05:09+00:00,MIA,2026-08-07,0,min,°F,70-71°F,70,71,79.11,76.59,82.79,0.0008,0.0000,0.0050,-0.42,3760.71,lowest-temperature-in-miami-on-august-7-2026,lowest-temperature-in-miami-on-august-7-2026-70-71f,0
2026-08-07T05:09+00:00,MIA,2026-08-07,0,min,°F,72-73°F,72,73,79.11,76.59,82.79,0.0093,0.0000,0.0075,0.18,3760.71,lowest-temperature-in-miami-on-august-7-2026,lowest-temperature-in-miami-on-august-7-2026-72-73f,0
2026-08-07T05:09+00:00,MIA,2026-08-07,0,min,°F,74-75°F,74,75,79.11,76.59,82.79,0.0575,0.0464,0.0600,-0.25,3760.71,lowest-temperature-in-miami-on-august-7-2026,lowest-temperature-in-miami-on-august-7-2026-74-75f,0
2026-08-07T05:09+00:00,MIA,2026-08-07,0,min,°F,76-77°F,76,77,79.11,76.59,82.79,0.1848,0.2938,0.4650,-28.02,3760.71,lowest-temperature-in-miami-on-august-7-2026,lowest-temperature-in-miami-on-august-7-2026-76-77f,0
2026-08-07T05:09+00:00,MIA,2026-08-07,0,min,°F,78-79°F,78,79,79.11,76.59,82.79,0.3111,0.3660,0.4500,-13.89,3760.71,lowest-temperature-in-miami-on-august-7-2026,lowest-temperature-in-miami-on-august-7-2026-78-79f,0
2026-08-07T05:09+00:00,MIA,2026-08-07,0,min,°F,80-81°F,80,81,79.11,76.59,82.79,0.2746,0.1649,0.4700,-19.54,3760.71,lowest-temperature-in-miami-on-august-7-2026,lowest-temperature-in-miami-on-august-7-2026-80-81f,0
2026-08-07T05:09+00:00,MIA,2026-08-07,0,min,°F,82-83°F,82,83,79.11,76.59,82.79,0.1270,0.1598,0.4450,-31.80,3760.71,lowest-temperature-in-miami-on-august-7-2026,lowest-temperature-in-miami-on-august-7-2026-82-83f,0
2026-08-07T05:09+00:00,MIA,2026-08-07,0,min,°F,84-85°F,84,85,79.11,76.59,82.79,0.0307,0.0000,0.0005,3.02,3760.71,lowest-temperature-in-miami-on-august-7-2026,lowest-temperature-in-miami-on-august-7-2026-84-85f,0
2026-08-07T05:09+00:00,MIA,2026-08-07,0,min,°F,86-87°F,86,87,79.11,76.59,82.79,0.0039,0.0000,0.0005,0.34,3760.71,lowest-temperature-in-miami-on-august-7-2026,lowest-temperature-in-miami-on-august-7-2026-86-87f,0
2026-08-07T05:09+00:00,MIA,2026-08-07,0,min,°F,88°F or higher,88,,79.11,76.59,82.79,0.0003,0.0000,0.0015,-0.12,3760.71,lowest-temperature-in-miami-on-august-7-2026,lowest-temperature-in-miami-on-august-7-2026-88forhigher,0
2026-08-07T05:09+00:00,LAX,2026-08-06,0,max,°F,69°F or below,,69,79.65,75.97,86.27,0.0058,0.0000,0.0005,0.53,47791.27,highest-temperature-in-los-angeles-on-august-6-2026,highest-temperature-in-los-angeles-on-august-6-2026-69forbelow,0
2026-08-07T05:09+00:00,LAX,2026-08-06,0,max,°F,70-71°F,70,71,79.65,75.97,86.27,0.0155,0.0000,0.0005,1.50,47791.27,highest-temperature-in-los-angeles-on-august-6-2026,highest-temperature-in-los-angeles-on-august-6-2026-70-71f,0
2026-08-07T05:09+00:00,LAX,2026-08-06,0,max,°F,72-73°F,72,73,79.65,75.97,86.27,0.0417,0.0000,0.0005,4.12,47791.27,highest-temperature-in-los-angeles-on-august-6-2026,highest-temperature-in-los-angeles-on-august-6-2026-72-73f,0
2026-08-07T05:09+00:00,LAX,2026-08-06,0,max,°F,74-75°F,74,75,79.65,75.97,86.27,0.0879,0.0000,0.0005,8.74,47791.27,highest-temperature-in-los-angeles-on-august-6-2026,highest-temperature-in-los-angeles-on-august-6-2026-74-75f,0
2026-08-07T05:09+00:00,LAX,2026-08-06,0,max,°F,76-77°F,76,77,79.65,75.97,86.27,0.1454,0.0206,0.9995,-85.41,47791.27,highest-temperature-in-los-angeles-on-august-6-2026,highest-temperature-in-los-angeles-on-august-6-2026-76-77f,0
2026-08-07T05:09+00:00,LAX,2026-08-06,0,max,°F,78-79°F,78,79,79.65,75.97,86.27,0.1888,0.2474,0.0005,18.83,47791.27,highest-temperature-in-los-angeles-on-august-6-2026,highest-temperature-in-los-angeles-on-august-6-2026-78-79f,0
2026-08-07T05:09+00:00,LAX,2026-08-06,0,max,°F,80-81°F,80,81,79.65,75.97,86.27,0.1923,0.4175,0.0005,19.18,47791.27,highest-temperature-in-los-angeles-on-august-6-2026,highest-temperature-in-los-angeles-on-august-6-2026-80-81f,0
2026-08-07T05:09+00:00,LAX,2026-08-06,0,max,°F,82-83°F,82,83,79.65,75.97,86.27,0.1536,0.0722,0.0005,15.31,47791.27,highest-temperature-in-los-angeles-on-august-6-2026,highest-temperature-in-los-angeles-on-august-6-2026-82-83f,0
2026-08-07T05:09+00:00,LAX,2026-08-06,0,max,°F,84-85°F,84,85,79.65,75.97,86.27,0.0963,0.0052,0.0005,9.58,47791.27,highest-temperature-in-los-angeles-on-august-6-2026,highest-temperature-in-los-angeles-on-august-6-2026-84-85f,0
2026-08-07T05:09+00:00,LAX,2026-08-06,0,max,°F,86-87°F,86,87,79.65,75.97,86.27,0.0473,0.0155,0.0005,4.68,47791.27,highest-temperature-in-los-angeles-on-august-6-2026,highest-temperature-in-los-angeles-on-august-6-2026-86-87f,0
2026-08-07T05:09+00:00,LAX,2026-08-06,0,max,°F,88°F or higher,88,,79.65,75.97,86.27,0.0254,0.2474,0.0005,2.49,47791.27,highest-temperature-in-los-angeles-on-august-6-2026,highest-temperature-in-los-angeles-on-august-6-2026-88forhigher,0
2026-08-07T05:09+00:00,SFO,2026-08-06,0,max,°F,65°F or below,,65,72.51,65.37,78.78,0.0901,0.1134,0.0005,8.96,31466.42,highest-temperature-in-san-francisco-on-august-6-2026,highest-temperature-in-san-francisco-on-august-6-2026-65forbelow,0
2026-08-07T05:09+00:00,SFO,2026-08-06,0,max,°F,66-67°F,66,67,72.51,65.37,78.78,0.0789,0.0773,0.0005,7.84,31466.42,highest-temperature-in-san-francisco-on-august-6-2026,highest-temperature-in-san-francisco-on-august-6-2026-66-67f,0
2026-08-07T05:09+00:00,SFO,2026-08-06,0,max,°F,68-69°F,68,69,72.51,65.37,78.78,0.1133,0.1134,0.0005,11.28,31466.42,highest-temperature-in-san-francisco-on-august-6-2026,highest-temperature-in-san-francisco-on-august-6-2026-68-69f,0
2026-08-07T05:09+00:00,SFO,2026-08-06,0,max,°F,70-71°F,70,71,72.51,65.37,78.78,0.1409,0.1082,0.0005,14.04,31466.42,highest-temperature-in-san-francisco-on-august-6-2026,highest-temperature-in-san-francisco-on-august-6-2026-70-71f,0
2026-08-07T05:09+00:00,SFO,2026-08-06,0,max,°F,72-73°F,72,73,72.51,65.37,78.78,0.1515,0.2010,0.9995,-84.80,31466.42,highest-temperature-in-san-francisco-on-august-6-2026,highest-temperature-in-san-francisco-on-august-6-2026-72-73f,0
2026-08-07T05:09+00:00,SFO,2026-08-06,0,max,°F,74-75°F,74,75,72.51,65.37,78.78,0.1411,0.2423,0.0005,14.06,31466.42,highest-temperature-in-san-francisco-on-august-6-2026,highest-temperature-in-san-francisco-on-august-6-2026-74-75f,0
2026-08-07T05:09+00:00,SFO,2026-08-06,0,max,°F,76-77°F,76,77,72.51,65.37,78.78,0.1138,0.0258,0.0005,11.33,31466.42,highest-temperature-in-san-francisco-on-august-6-2026,highest-temperature-in-san-francisco-on-august-6-2026-76-77f,0
2026-08-07T05:09+00:00,SFO,2026-08-06,0,max,°F,78-79°F,78,79,72.51,65.37,78.78,0.0794,0.1443,0.0005,7.89,31466.42,highest-temperature-in-san-francisco-on-august-6-2026,highest-temperature-in-san-francisco-on-august-6-2026-78-79f,0
2026-08-07T05:09+00:00,SFO,2026-08-06,0,max,°F,80-81°F,80,81,72.51,65.37,78.78,0.0480,0.0052,0.0005,4.75,31466.42,highest-temperature-in-san-francisco-on-august-6-2026,highest-temperature-in-san-francisco-on-august-6-2026-80-81f,0
2026-08-07T05:09+00:00,SFO,2026-08-06,0,max,°F,82-83°F,82,83,72.51,65.37,78.78,0.0251,0.0000,0.0005,2.46,31466.42,highest-temperature-in-san-francisco-on-august-6-2026,highest-temperature-in-san-francisco-on-august-6-2026-82-83f,0
2026-08-07T05:09+00:00,SFO,2026-08-06,0,max,°F,84°F or higher,84,,72.51,65.37,78.78,0.0179,0.0000,0.0005,1.74,31466.42,highest-temperature-in-san-francisco-on-august-6-2026,highest-temperature-in-san-francisco-on-august-6-2026-84forhigher,0
2026-08-07T05:09+00:00,SEA,2026-08-06,0,max,°F,79°F or below,,79,88.67,82.18,94.98,0.0331,0.2526,0.0005,3.26,46225.08,highest-temperature-in-seattle-on-august-6-2026,highest-temperature-in-seattle-on-august-6-2026-79forbelow,0
2026-08-07T05:09+00:00,SEA,2026-08-06,0,max,°F,80-81°F,80,81,88.67,82.18,94.98,0.0424,0.0722,0.0005,4.19,46225.08,highest-temperature-in-seattle-on-august-6-2026,highest-temperature-in-seattle-on-august-6-2026-80-81f,0
2026-08-07T05:09+00:00,SEA,2026-08-06,0,max,°F,82-83°F,82,83,88.67,82.18,94.98,0.0747,0.1031,0.0005,7.42,46225.08,highest-temperature-in-seattle-on-august-6-2026,highest-temperature-in-seattle-on-august-6-2026-82-83f,0
2026-08-07T05:09+00:00,SEA,2026-08-06,0,max,°F,84-85°F,84,85,88.67,82.18,94.98,0.1125,0.4021,0.0005,11.20,46225.08,highest-temperature-in-seattle-on-august-6-2026,highest-temperature-in-seattle-on-august-6-2026-84-85f,0
2026-08-07T05:09+00:00,SEA,2026-08-06,0,max,°F,86-87°F,86,87,88.67,82.18,94.98,0.1446,0.0515,0.9995,-85.49,46225.08,highest-temperature-in-seattle-on-august-6-2026,highest-temperature-in-seattle-on-august-6-2026-86-87f,0
2026-08-07T05:09+00:00,SEA,2026-08-06,0,max,°F,88-89°F,88,89,88.67,82.18,94.98,0.1586,0.0567,0.0005,15.81,46225.08,highest-temperature-in-seattle-on-august-6-2026,highest-temperature-in-seattle-on-august-6-2026-88-89f,0
2026-08-07T05:09+00:00,SEA,2026-08-06,0,max,°F,90-91°F,90,91,88.67,82.18,94.98,0.1486,0.0773,0.0005,14.81,46225.08,highest-temperature-in-seattle-on-august-6-2026,highest-temperature-in-seattle-on-august-6-2026-90-91f,0
2026-08-07T05:09+00:00,SEA,2026-08-06,0,max,°F,92-93°F,92,93,88.67,82.18,94.98,0.1188,0.0206,0.0005,11.83,46225.08,highest-temperature-in-seattle-on-august-6-2026,highest-temperature-in-seattle-on-august-6-2026-92-93f,0
2026-08-07T05:09+00:00,SEA,2026-08-06,0,max,°F,94-95°F,94,95,88.67,82.18,94.98,0.0811,0.0000,0.0005,8.06,46225.08,highest-temperature-in-seattle-on-august-6-2026,highest-temperature-in-seattle-on-august-6-2026-94-95f,0
2026-08-07T05:09+00:00,SEA,2026-08-06,0,max,°F,96-97°F,96,97,88.67,82.18,94.98,0.0472,0.0000,0.0005,4.67,46225.08,highest-temperature-in-seattle-on-august-6-2026,highest-temperature-in-seattle-on-august-6-2026-96-97f,0
2026-08-07T05:09+00:00,SEA,2026-08-06,0,max,°F,98°F or higher,98,,88.67,82.18,94.98,0.0385,0.0000,0.0005,3.80,46225.08,highest-temperature-in-seattle-on-august-6-2026,highest-temperature-in-seattle-on-august-6-2026-98forhigher,0
2026-08-07T05:09+00:00,DEN,2026-08-06,0,max,°F,87°F or below,,87,94.94,90.50,98.00,0.0055,0.0206,0.0005,0.50,17784.76,highest-temperature-in-denver-on-august-6-2026,highest-temperature-in-denver-on-august-6-2026-87forbelow,0
2026-08-07T05:09+00:00,DEN,2026-08-06,0,max,°F,88-89°F,88,89,94.94,90.50,98.00,0.0259,0.0670,0.0005,2.54,17784.76,highest-temperature-in-denver-on-august-6-2026,highest-temperature-in-denver-on-august-6-2026-88-89f,0
2026-08-07T05:09+00:00,DEN,2026-08-06,0,max,°F,90-91°F,90,91,94.94,90.50,98.00,0.0882,0.0258,0.0005,8.77,17784.76,highest-temperature-in-denver-on-august-6-2026,highest-temperature-in-denver-on-august-6-2026-90-91f,0
2026-08-07T05:09+00:00,DEN,2026-08-06,0,max,°F,92-93°F,92,93,94.94,90.50,98.00,0.1912,0.2010,0.0005,19.07,17784.76,highest-temperature-in-denver-on-august-6-2026,highest-temperature-in-denver-on-august-6-2026-92-93f,0
2026-08-07T05:09+00:00,DEN,2026-08-06,0,max,°F,94-95°F,94,95,94.94,90.50,98.00,0.2645,0.4330,0.0005,26.40,17784.76,highest-temperature-in-denver-on-august-6-2026,highest-temperature-in-denver-on-august-6-2026-94-95f,0
2026-08-07T05:09+00:00,DEN,2026-08-06,0,max,°F,96-97°F,96,97,94.94,90.50,98.00,0.2335,0.1959,0.9995,-76.60,17784.76,highest-temperature-in-denver-on-august-6-2026,highest-temperature-in-denver-on-august-6-2026-96-97f,0
2026-08-07T05:09+00:00,DEN,2026-08-06,0,max,°F,98-99°F,98,99,94.94,90.50,98.00,0.1315,0.0979,0.0005,13.10,17784.76,highest-temperature-in-denver-on-august-6-2026,highest-temperature-in-denver-on-august-6-2026-98-99f,0
2026-08-07T05:09+00:00,DEN,2026-08-06,0,max,°F,100-101°F,100,101,94.94,90.50,98.00,0.0472,0.0000,0.0005,4.67,17784.76,highest-temperature-in-denver-on-august-6-2026,highest-temperature-in-denver-on-august-6-2026-100-101f,0
2026-08-07T05:09+00:00,DEN,2026-08-06,0,max,°F,102-103°F,102,103,94.94,90.50,98.00,0.0108,0.0000,0.0005,1.03,17784.76,highest-temperature-in-denver-on-august-6-2026,highest-temperature-in-denver-on-august-6-2026-102-103f,0
2026-08-07T05:09+00:00,DEN,2026-08-06,0,max,°F,104-105°F,104,105,94.94,90.50,98.00,0.0016,0.0000,0.0005,0.11,17784.76,highest-temperature-in-denver-on-august-6-2026,highest-temperature-in-denver-on-august-6-2026-104-105f,0
2026-08-07T05:09+00:00,DEN,2026-08-06,0,max,°F,106°F or higher,106,,94.94,90.50,98.00,0.0002,0.0000,0.0005,-0.03,17784.76,highest-temperature-in-denver-on-august-6-2026,highest-temperature-in-denver-on-august-6-2026-106forhigher,0
2026-08-07T05:09+00:00,DAL,2026-08-07,0,max,°F,95°F or below,,95,101.55,99.37,103.19,0.0000,0.0000,0.0005,-0.05,16154.61,highest-temperature-in-dallas-on-august-7-2026,highest-temperature-in-dallas-on-august-7-2026-95forbelow,0
2026-08-07T05:09+00:00,DAL,2026-08-07,0,max,°F,96-97°F,96,97,101.55,99.37,103.19,0.0033,0.0258,0.0450,-4.17,16154.61,highest-temperature-in-dallas-on-august-7-2026,highest-temperature-in-dallas-on-august-7-2026-96-97f,0
2026-08-07T05:09+00:00,DAL,2026-08-07,0,max,°F,98-99°F,98,99,101.55,99.37,103.19,0.0816,0.2320,0.2900,-20.84,16154.61,highest-temperature-in-dallas-on-august-7-2026,highest-temperature-in-dallas-on-august-7-2026-98-99f,0
2026-08-07T05:09+00:00,DAL,2026-08-07,0,max,°F,100-101°F,100,101,101.55,99.37,103.19,0.4019,0.5670,0.5150,-11.31,16154.61,highest-temperature-in-dallas-on-august-7-2026,highest-temperature-in-dallas-on-august-7-2026-100-101f,0
2026-08-07T05:09+00:00,DAL,2026-08-07,0,max,°F,102-103°F,102,103,101.55,99.37,103.19,0.4175,0.1804,0.1250,29.25,16154.61,highest-temperature-in-dallas-on-august-7-2026,highest-temperature-in-dallas-on-august-7-2026-102-103f,0
2026-08-07T05:09+00:00,DAL,2026-08-07,0,max,°F,104-105°F,104,105,101.55,99.37,103.19,0.0916,0.0258,0.0165,7.51,16154.61,highest-temperature-in-dallas-on-august-7-2026,highest-temperature-in-dallas-on-august-7-2026-104-105f,0
2026-08-07T05:09+00:00,DAL,2026-08-07,0,max,°F,106-107°F,106,107,101.55,99.37,103.19,0.0040,0.0000,0.0025,0.15,16154.61,highest-temperature-in-dallas-on-august-7-2026,highest-temperature-in-dallas-on-august-7-2026-106-107f,0
2026-08-07T05:09+00:00,DAL,2026-08-07,0,max,°F,108-109°F,108,109,101.55,99.37,103.19,0.0000,0.0000,0.0005,-0.05,16154.61,highest-temperature-in-dallas-on-august-7-2026,highest-temperature-in-dallas-on-august-7-2026-108-109f,0
2026-08-07T05:09+00:00,DAL,2026-08-07,0,max,°F,110-111°F,110,111,101.55,99.37,103.19,0.0000,0.0000,0.0005,-0.05,16154.61,highest-temperature-in-dallas-on-august-7-2026,highest-temperature-in-dallas-on-august-7-2026-110-111f,0
2026-08-07T05:09+00:00,DAL,2026-08-07,0,max,°F,112-113°F,112,113,101.55,99.37,103.19,0.0000,0.0000,0.0005,-0.05,16154.61,highest-temperature-in-dallas-on-august-7-2026,highest-temperature-in-dallas-on-august-7-2026-112-113f,0
2026-08-07T05:09+00:00,DAL,2026-08-07,0,max,°F,114°F or higher,114,,101.55,99.37,103.19,0.0000,0.0000,0.0005,-0.05,16154.61,highest-temperature-in-dallas-on-august-7-2026,highest-temperature-in-dallas-on-august-7-2026-114forhigher,0
2026-08-07T05:09+00:00,HOU,2026-08-07,0,max,°F,85°F or below,,85,95.27,93.04,97.74,0.0000,0.0000,0.0005,-0.05,9322.86,highest-temperature-in-houston-on-august-7-2026,highest-temperature-in-houston-on-august-7-2026-85forbelow,0
2026-08-07T05:09+00:00,HOU,2026-08-07,0,max,°F,86-87°F,86,87,95.27,93.04,97.74,0.0000,0.0052,0.0125,-1.25,9322.86,highest-temperature-in-houston-on-august-7-2026,highest-temperature-in-houston-on-august-7-2026-86-87f,0
2026-08-07T05:09+00:00,HOU,2026-08-07,0,max,°F,88-89°F,88,89,95.27,93.04,97.74,0.0008,0.0206,0.0185,-1.77,9322.86,highest-temperature-in-houston-on-august-7-2026,highest-temperature-in-houston-on-august-7-2026-88-89f,0
2026-08-07T05:09+00:00,HOU,2026-08-07,0,max,°F,90-91°F,90,91,95.27,93.04,97.74,0.0191,0.1237,0.0450,-2.59,9322.86,highest-temperature-in-houston-on-august-7-2026,highest-temperature-in-houston-on-august-7-2026-90-91f,0
2026-08-07T05:09+00:00,HOU,2026-08-07,0,max,°F,92-93°F,92,93,95.27,93.04,97.74,0.1473,0.4639,0.3600,-21.27,9322.86,highest-temperature-in-houston-on-august-7-2026,highest-temperature-in-houston-on-august-7-2026-92-93f,0
2026-08-07T05:09+00:00,HOU,2026-08-07,0,max,°F,94-95°F,94,95,95.27,93.04,97.74,0.3827,0.2887,0.5550,-17.23,9322.86,highest-temperature-in-houston-on-august-7-2026,highest-temperature-in-houston-on-august-7-2026-94-95f,0
2026-08-07T05:09+00:00,HOU,2026-08-07,0,max,°F,96-97°F,96,97,95.27,93.04,97.74,0.3382,0.1340,0.0600,27.82,9322.86,highest-temperature-in-houston-on-august-7-2026,highest-temperature-in-houston-on-august-7-2026-96-97f,0
2026-08-07T05:09+00:00,HOU,2026-08-07,0,max,°F,98-99°F,98,99,95.27,93.04,97.74,0.1015,0.0155,0.0035,9.80,9322.86,highest-temperature-in-houston-on-august-7-2026,highest-temperature-in-houston-on-august-7-2026-98-99f,0
2026-08-07T05:09+00:00,HOU,2026-08-07,0,max,°F,100-101°F,100,101,95.27,93.04,97.74,0.0102,0.0000,0.0035,0.67,9322.86,highest-temperature-in-houston-on-august-7-2026,highest-temperature-in-houston-on-august-7-2026-100-101f,0
2026-08-07T05:09+00:00,HOU,2026-08-07,0,max,°F,102-103°F,102,103,95.27,93.04,97.74,0.0003,0.0000,0.0005,-0.02,9322.86,highest-temperature-in-houston-on-august-7-2026,highest-temperature-in-houston-on-august-7-2026-102-103f,0
2026-08-07T05:09+00:00,HOU,2026-08-07,0,max,°F,104°F or higher,104,,95.27,93.04,97.74,0.0000,0.0000,0.0005,-0.05,9322.86,highest-temperature-in-houston-on-august-7-2026,highest-temperature-in-houston-on-august-7-2026-104forhigher,0
2026-08-07T05:09+00:00,AUS,2026-08-07,0,max,°F,89°F or below,,89,99.56,97.09,101.89,0.0000,0.0000,0.0010,-0.10,6453.34,highest-temperature-in-austin-on-august-7-2026,highest-temperature-in-austin-on-august-7-2026-89forbelow,0
2026-08-07T05:09+00:00,AUS,2026-08-07,0,max,°F,90-91°F,90,91,99.56,97.09,101.89,0.0000,0.0000,0.0025,-0.25,6453.34,highest-temperature-in-austin-on-august-7-2026,highest-temperature-in-austin-on-august-7-2026-90-91f,0
2026-08-07T05:09+00:00,AUS,2026-08-07,0,max,°F,92-93°F,92,93,99.56,97.09,101.89,0.0006,0.0155,0.0070,-0.64,6453.34,highest-temperature-in-austin-on-august-7-2026,highest-temperature-in-austin-on-august-7-2026-92-93f,0
2026-08-07T05:09+00:00,AUS,2026-08-07,0,max,°F,94-95°F,94,95,99.56,97.09,101.89,0.0145,0.1289,0.0105,0.40,6453.34,highest-temperature-in-austin-on-august-7-2026,highest-temperature-in-austin-on-august-7-2026-94-95f,0
2026-08-07T05:09+00:00,AUS,2026-08-07,0,max,°F,96-97°F,96,97,99.56,97.09,101.89,0.1207,0.3557,0.2350,-11.43,6453.34,highest-temperature-in-austin-on-august-7-2026,highest-temperature-in-austin-on-august-7-2026-96-97f,0
2026-08-07T05:09+00:00,AUS,2026-08-07,0,max,°F,98-99°F,98,99,99.56,97.09,101.89,0.3517,0.4124,0.5550,-20.33,6453.34,highest-temperature-in-austin-on-august-7-2026,highest-temperature-in-austin-on-august-7-2026-98-99f,0
2026-08-07T05:09+00:00,AUS,2026-08-07,0,max,°F,100-101°F,100,101,99.56,97.09,101.89,0.3625,0.1289,0.1100,25.25,6453.34,highest-temperature-in-austin-on-august-7-2026,highest-temperature-in-austin-on-august-7-2026-100-101f,0
2026-08-07T05:09+00:00,AUS,2026-08-07,0,max,°F,102-103°F,102,103,99.56,97.09,101.89,0.1323,0.0052,0.0100,12.23,6453.34,highest-temperature-in-austin-on-august-7-2026,highest-temperature-in-austin-on-august-7-2026-102-103f,0
2026-08-07T05:09+00:00,AUS,2026-08-07,0,max,°F,104-105°F,104,105,99.56,97.09,101.89,0.0169,0.0052,0.0055,1.14,6453.34,highest-temperature-in-austin-on-august-7-2026,highest-temperature-in-austin-on-august-7-2026-104-105f,0
2026-08-07T05:09+00:00,AUS,2026-08-07,0,max,°F,106-107°F,106,107,99.56,97.09,101.89,0.0007,0.0000,0.0015,-0.08,6453.34,highest-temperature-in-austin-on-august-7-2026,highest-temperature-in-austin-on-august-7-2026-106-107f,0
2026-08-07T05:09+00:00,AUS,2026-08-07,0,max,°F,108°F or higher,108,,99.56,97.09,101.89,0.0000,0.0000,0.0015,-0.15,6453.34,highest-temperature-in-austin-on-august-7-2026,highest-temperature-in-austin-on-august-7-2026-108forhigher,0
2026-08-07T05:09+00:00,ATL,2026-08-07,0,max,°F,79°F or below,,79,90.71,87.41,95.21,0.0001,0.0000,0.0030,-0.29,9923.08,highest-temperature-in-atlanta-on-august-7-2026,highest-temperature-in-atlanta-on-august-7-2026-79forbelow,0
2026-08-07T05:09+00:00,ATL,2026-08-07,0,max,°F,80-81°F,80,81,90.71,87.41,95.21,0.0011,0.0206,0.0125,-1.14,9923.08,highest-temperature-in-atlanta-on-august-7-2026,highest-temperature-in-atlanta-on-august-7-2026-80-81f,0
2026-08-07T05:09+00:00,ATL,2026-08-07,0,max,°F,82-83°F,82,83,90.71,87.41,95.21,0.0076,0.0928,0.0500,-4.24,9923.08,highest-temperature-in-atlanta-on-august-7-2026,highest-temperature-in-atlanta-on-august-7-2026-82-83f,0
2026-08-07T05:09+00:00,ATL,2026-08-07,0,max,°F,84-85°F,84,85,90.71,87.41,95.21,0.0344,0.2268,0.1250,-9.06,9923.08,highest-temperature-in-atlanta-on-august-7-2026,highest-temperature-in-atlanta-on-august-7-2026-84-85f,0
2026-08-07T05:09+00:00,ATL,2026-08-07,0,max,°F,86-87°F,86,87,90.71,87.41,95.21,0.1021,0.3557,0.3100,-20.79,9923.08,highest-temperature-in-atlanta-on-august-7-2026,highest-temperature-in-atlanta-on-august-7-2026-86-87f,0
2026-08-07T05:09+00:00,ATL,2026-08-07,0,max,°F,88-89°F,88,89,90.71,87.41,95.21,0.1995,0.1701,0.3150,-11.55,9923.08,highest-temperature-in-atlanta-on-august-7-2026,highest-temperature-in-atlanta-on-august-7-2026-88-89f,0
2026-08-07T05:09+00:00,ATL,2026-08-07,0,max,°F,90-91°F,90,91,90.71,87.41,95.21,0.2569,0.0928,0.1000,15.69,9923.08,highest-temperature-in-atlanta-on-august-7-2026,highest-temperature-in-atlanta-on-august-7-2026-90-91f,0
2026-08-07T05:09+00:00,ATL,2026-08-07,0,max,°F,92-93°F,92,93,90.71,87.41,95.21,0.2182,0.0670,0.0110,20.72,9923.08,highest-temperature-in-atlanta-on-august-7-2026,highest-temperature-in-atlanta-on-august-7-2026-92-93f,0
2026-08-07T05:09+00:00,ATL,2026-08-07,0,max,°F,94-95°F,94,95,90.71,87.41,95.21,0.1221,0.0103,0.0060,11.61,9923.08,highest-temperature-in-atlanta-on-august-7-2026,highest-temperature-in-atlanta-on-august-7-2026-94-95f,0
2026-08-07T05:09+00:00,ATL,2026-08-07,0,max,°F,96-97°F,96,97,90.71,87.41,95.21,0.0450,0.0000,0.0025,4.25,9923.08,highest-temperature-in-atlanta-on-august-7-2026,highest-temperature-in-atlanta-on-august-7-2026-96-97f,0
2026-08-07T05:09+00:00,ATL,2026-08-07,0,max,°F,98°F or higher,98,,90.71,87.41,95.21,0.0129,0.0000,0.0005,1.24,9923.08,highest-temperature-in-atlanta-on-august-7-2026,highest-temperature-in-atlanta-on-august-7-2026-98forhigher,0
2026-08-07T05:09+00:00,LON,2026-08-07,0,max,°C,22°C or below,,22,25.21,24.25,26.42,0.0006,0.0000,0.0035,-0.29,40154.72,highest-temperature-in-london-on-august-7-2026,highest-temperature-in-london-on-august-7-2026-22corbelow,0
2026-08-07T05:09+00:00,LON,2026-08-07,0,max,°C,23°C,23,23,25.21,24.25,26.42,0.0203,0.0052,0.0045,1.58,40154.72,highest-temperature-in-london-on-august-7-2026,highest-temperature-in-london-on-august-7-2026-23c,0
2026-08-07T05:09+00:00,LON,2026-08-07,0,max,°C,24°C,24,24,25.21,24.25,26.42,0.1773,0.1289,0.1400,3.73,40154.72,highest-temperature-in-london-on-august-7-2026,highest-temperature-in-london-on-august-7-2026-24c,0
2026-08-07T05:09+00:00,LON,2026-08-07,0,max,°C,25°C,25,25,25.21,24.25,26.42,0.4342,0.6082,0.5250,-9.08,40154.72,highest-temperature-in-london-on-august-7-2026,highest-temperature-in-london-on-august-7-2026-25c,0
2026-08-07T05:09+00:00,LON,2026-08-07,0,max,°C,26°C,26,26,25.21,24.25,26.42,0.3038,0.2732,0.2650,3.88,40154.72,highest-temperature-in-london-on-august-7-2026,highest-temperature-in-london-on-august-7-2026-26c,0
2026-08-07T05:09+00:00,LON,2026-08-07,0,max,°C,27°C,27,27,25.21,24.25,26.42,0.0603,0.0619,0.0350,2.53,40154.72,highest-temperature-in-london-on-august-7-2026,highest-temperature-in-london-on-august-7-2026-27c,0
2026-08-07T05:09+00:00,LON,2026-08-07,0,max,°C,28°C,28,28,25.21,24.25,26.42,0.0033,0.0464,0.0030,0.03,40154.72,highest-temperature-in-london-on-august-7-2026,highest-temperature-in-london-on-august-7-2026-28c,0
2026-08-07T05:09+00:00,LON,2026-08-07,0,max,°C,29°C,29,29,25.21,24.25,26.42,0.0000,0.0000,0.0015,-0.15,40154.72,highest-temperature-in-london-on-august-7-2026,highest-temperature-in-london-on-august-7-2026-29c,0
2026-08-07T05:09+00:00,LON,2026-08-07,0,max,°C,30°C,30,30,25.21,24.25,26.42,0.0000,0.0000,0.0005,-0.05,40154.72,highest-temperature-in-london-on-august-7-2026,highest-temperature-in-london-on-august-7-2026-30c,0
2026-08-07T05:09+00:00,LON,2026-08-07,0,max,°C,31°C,31,31,25.21,24.25,26.42,0.0000,0.0000,0.0005,-0.05,40154.72,highest-temperature-in-london-on-august-7-2026,highest-temperature-in-london-on-august-7-2026-31c,0
2026-08-07T05:09+00:00,LON,2026-08-07,0,max,°C,32°C or higher,32,,25.21,24.25,26.42,0.0000,0.0000,0.0005,-0.05,40154.72,highest-temperature-in-london-on-august-7-2026,highest-temperature-in-london-on-august-7-2026-32corhigher,0
2026-08-07T05:09+00:00,LON,2026-08-07,0,min,°C,10°C or below,,10,13.09,10.55,15.65,0.0964,0.0619,0.0005,9.59,12310.91,lowest-temperature-in-london-on-august-7-2026,lowest-temperature-in-london-on-august-7-2026-10corbelow,0
2026-08-07T05:09+00:00,LON,2026-08-07,0,min,°C,11°C,11,11,13.09,10.55,15.65,0.1155,0.1495,0.0045,11.10,12310.91,lowest-temperature-in-london-on-august-7-2026,lowest-temperature-in-london-on-august-7-2026-11c,0
2026-08-07T05:09+00:00,LON,2026-08-07,0,min,°C,12°C,12,12,13.09,10.55,15.65,0.1712,0.1598,0.0040,16.72,12310.91,lowest-temperature-in-london-on-august-7-2026,lowest-temperature-in-london-on-august-7-2026-12c,0
2026-08-07T05:09+00:00,LON,2026-08-07,0,min,°C,13°C,13,13,13.09,10.55,15.65,0.1982,0.2165,0.0165,18.17,12310.91,lowest-temperature-in-london-on-august-7-2026,lowest-temperature-in-london-on-august-7-2026-13c,0
2026-08-07T05:09+00:00,LON,2026-08-07,0,min,°C,14°C,14,14,13.09,10.55,15.65,0.1792,0.1701,0.9850,-80.58,12310.91,lowest-temperature-in-london-on-august-7-2026,lowest-temperature-in-london-on-august-7-2026-14c,0
2026-08-07T05:09+00:00,LON,2026-08-07,0,min,°C,15°C,15,15,13.09,10.55,15.65,0.1265,0.1598,0.0005,12.60,12310.91,lowest-temperature-in-london-on-august-7-2026,lowest-temperature-in-london-on-august-7-2026-15c,0
2026-08-07T05:09+00:00,LON,2026-08-07,0,min,°C,16°C,16,16,13.09,10.55,15.65,0.0697,0.1598,0.0005,6.92,12310.91,lowest-temperature-in-london-on-august-7-2026,lowest-temperature-in-london-on-august-7-2026-16c,0
2026-08-07T05:09+00:00,LON,2026-08-07,0,min,°C,17°C,17,17,13.09,10.55,15.65,0.0300,0.0052,0.0005,2.95,12310.91,lowest-temperature-in-london-on-august-7-2026,lowest-temperature-in-london-on-august-7-2026-17c,0
2026-08-07T05:09+00:00,LON,2026-08-07,0,min,°C,18°C,18,18,13.09,10.55,15.65,0.0101,0.0000,0.0005,0.96,12310.91,lowest-temperature-in-london-on-august-7-2026,lowest-temperature-in-london-on-august-7-2026-18c,0
2026-08-07T05:09+00:00,LON,2026-08-07,0,min,°C,19°C,19,19,13.09,10.55,15.65,0.0026,0.0000,0.0005,0.21,12310.91,lowest-temperature-in-london-on-august-7-2026,lowest-temperature-in-london-on-august-7-2026-19c,0
2026-08-07T05:09+00:00,LON,2026-08-07,0,min,°C,20°C or higher,20,,13.09,10.55,15.65,0.0006,0.0000,0.0005,0.01,12310.91,lowest-temperature-in-london-on-august-7-2026,lowest-temperature-in-london-on-august-7-2026-20corhigher,0
2026-08-07T05:09+00:00,PAR,2026-08-07,0,max,°C,23°C or below,,23,26.60,25.51,27.94,0.0005,0.0052,0.0015,-0.10,25565.68,highest-temperature-in-paris-on-august-7-2026,highest-temperature-in-paris-on-august-7-2026-23corbelow,0
2026-08-07T05:09+00:00,PAR,2026-08-07,0,max,°C,24°C,24,24,26.60,25.51,27.94,0.0129,0.0052,0.0030,0.99,25565.68,highest-temperature-in-paris-on-august-7-2026,highest-temperature-in-paris-on-august-7-2026-24c,0
2026-08-07T05:09+00:00,PAR,2026-08-07,0,max,°C,25°C,25,25,26.60,25.51,27.94,0.1098,0.0876,0.0150,9.48,25565.68,highest-temperature-in-paris-on-august-7-2026,highest-temperature-in-paris-on-august-7-2026-25c,0
2026-08-07T05:09+00:00,PAR,2026-08-07,0,max,°C,26°C,26,26,26.60,25.51,27.94,0.3352,0.6186,0.3550,-1.98,25565.68,highest-temperature-in-paris-on-august-7-2026,highest-temperature-in-paris-on-august-7-2026-26c,0
2026-08-07T05:09+00:00,PAR,2026-08-07,0,max,°C,27°C,27,27,26.60,25.51,27.94,0.3705,0.2268,0.5850,-21.45,25565.68,highest-temperature-in-paris-on-august-7-2026,highest-temperature-in-paris-on-august-7-2026-27c,0
2026-08-07T05:09+00:00,PAR,2026-08-07,0,max,°C,28°C,28,28,26.60,25.51,27.94,0.1485,0.1031,0.0600,8.85,25565.68,highest-temperature-in-paris-on-august-7-2026,highest-temperature-in-paris-on-august-7-2026-28c,0
2026-08-07T05:09+00:00,PAR,2026-08-07,0,max,°C,29°C,29,29,26.60,25.51,27.94,0.0214,0.0206,0.0065,1.49,25565.68,highest-temperature-in-paris-on-august-7-2026,highest-temperature-in-paris-on-august-7-2026-29c,0
2026-08-07T05:09+00:00,PAR,2026-08-07,0,max,°C,30°C,30,30,26.60,25.51,27.94,0.0011,0.0052,0.0055,-0.44,25565.68,highest-temperature-in-paris-on-august-7-2026,highest-temperature-in-paris-on-august-7-2026-30c,0
2026-08-07T05:09+00:00,PAR,2026-08-07,0,max,°C,31°C,31,31,26.60,25.51,27.94,0.0000,0.0000,0.0005,-0.05,25565.68,highest-temperature-in-paris-on-august-7-2026,highest-temperature-in-paris-on-august-7-2026-31c,0
2026-08-07T05:09+00:00,PAR,2026-08-07,0,max,°C,32°C,32,32,26.60,25.51,27.94,0.0000,0.0000,0.0005,-0.05,25565.68,highest-temperature-in-paris-on-august-7-2026,highest-temperature-in-paris-on-august-7-2026-32c,0
2026-08-07T05:09+00:00,PAR,2026-08-07,0,max,°C,33°C or higher,33,,26.60,25.51,27.94,0.0000,0.0000,0.0015,-0.15,25565.68,highest-temperature-in-paris-on-august-7-2026,highest-temperature-in-paris-on-august-7-2026-33corhigher,0
2026-08-07T05:09+00:00,PAR,2026-08-07,0,min,°C,9°C or below,,9,11.48,9.55,13.15,0.0791,0.0670,0.0050,7.41,18950.59,lowest-temperature-in-paris-on-august-7-2026,lowest-temperature-in-paris-on-august-7-2026-9corbelow,0
2026-08-07T05:09+00:00,PAR,2026-08-07,0,min,°C,10°C,10,10,11.48,9.55,13.15,0.1632,0.1134,0.0125,15.07,18950.59,lowest-temperature-in-paris-on-august-7-2026,lowest-temperature-in-paris-on-august-7-2026-10c,0
2026-08-07T05:09+00:00,PAR,2026-08-07,0,min,°C,11°C,11,11,11.48,9.55,13.15,0.2629,0.2629,0.9900,-72.71,18950.59,lowest-temperature-in-paris-on-august-7-2026,lowest-temperature-in-paris-on-august-7-2026-11c,0
2026-08-07T05:09+00:00,PAR,2026-08-07,0,min,°C,12°C,12,12,11.48,9.55,13.15,0.2606,0.3299,0.0010,25.96,18950.59,lowest-temperature-in-paris-on-august-7-2026,lowest-temperature-in-paris-on-august-7-2026-12c,0
2026-08-07T05:09+00:00,PAR,2026-08-07,0,min,°C,13°C,13,13,11.48,9.55,13.15,0.1589,0.2577,0.0005,15.84,18950.59,lowest-temperature-in-paris-on-august-7-2026,lowest-temperature-in-paris-on-august-7-2026-13c,0
2026-08-07T05:09+00:00,PAR,2026-08-07,0,min,°C,14°C,14,14,11.48,9.55,13.15,0.0595,0.0722,0.0005,5.90,18950.59,lowest-temperature-in-paris-on-august-7-2026,lowest-temperature-in-paris-on-august-7-2026-14c,0
2026-08-07T05:09+00:00,PAR,2026-08-07,0,min,°C,15°C,15,15,11.48,9.55,13.15,0.0137,0.0000,0.0005,1.32,18950.59,lowest-temperature-in-paris-on-august-7-2026,lowest-temperature-in-paris-on-august-7-2026-15c,0
2026-08-07T05:09+00:00,PAR,2026-08-07,0,min,°C,16°C,16,16,11.48,9.55,13.15,0.0019,0.0000,0.0005,0.14,18950.59,lowest-temperature-in-paris-on-august-7-2026,lowest-temperature-in-paris-on-august-7-2026-16c,0
2026-08-07T05:09+00:00,PAR,2026-08-07,0,min,°C,17°C,17,17,11.48,9.55,13.15,0.0002,0.0000,0.0005,-0.03,18950.59,lowest-temperature-in-paris-on-august-7-2026,lowest-temperature-in-paris-on-august-7-2026-17c,0
2026-08-07T05:09+00:00,PAR,2026-08-07,0,min,°C,18°C,18,18,11.48,9.55,13.15,0.0000,0.0000,0.0005,-0.05,18950.59,lowest-temperature-in-paris-on-august-7-2026,lowest-temperature-in-paris-on-august-7-2026-18c,0
2026-08-07T05:09+00:00,PAR,2026-08-07,0,min,°C,19°C or higher,19,,11.48,9.55,13.15,0.0000,0.0000,0.0005,-0.05,18950.59,lowest-temperature-in-paris-on-august-7-2026,lowest-temperature-in-paris-on-august-7-2026-19corhigher,0
2026-08-07T05:09+00:00,AMS,2026-08-07,0,max,°C,19°C or below,,19,21.54,20.34,22.74,0.0146,0.0309,0.0165,-0.19,19822.17,highest-temperature-in-amsterdam-on-august-7-2026,highest-temperature-in-amsterdam-on-august-7-2026-19corbelow,0
2026-08-07T05:09+00:00,AMS,2026-08-07,0,max,°C,20°C,20,20,21.54,20.34,22.74,0.1182,0.2526,0.0435,7.47,19822.17,highest-temperature-in-amsterdam-on-august-7-2026,highest-temperature-in-amsterdam-on-august-7-2026-20c,0
2026-08-07T05:09+00:00,AMS,2026-08-07,0,max,°C,21°C,21,21,21.54,20.34,22.74,0.3492,0.4588,0.2300,11.92,19822.17,highest-temperature-in-amsterdam-on-august-7-2026,highest-temperature-in-amsterdam-on-august-7-2026-21c,0
2026-08-07T05:09+00:00,AMS,2026-08-07,0,max,°C,22°C,22,22,21.54,20.34,22.74,0.3648,0.2732,0.5100,-14.52,19822.17,highest-temperature-in-amsterdam-on-august-7-2026,highest-temperature-in-amsterdam-on-august-7-2026-22c,0
2026-08-07T05:09+00:00,AMS,2026-08-07,0,max,°C,23°C,23,23,21.54,20.34,22.74,0.1349,0.0722,0.1650,-3.01,19822.17,highest-temperature-in-amsterdam-on-august-7-2026,highest-temperature-in-amsterdam-on-august-7-2026-23c,0
2026-08-07T05:09+00:00,AMS,2026-08-07,0,max,°C,24°C,24,24,21.54,20.34,22.74,0.0175,0.0052,0.0065,1.10,19822.17,highest-temperature-in-amsterdam-on-august-7-2026,highest-temperature-in-amsterdam-on-august-7-2026-24c,0
2026-08-07T05:09+00:00,AMS,2026-08-07,0,max,°C,25°C,25,25,21.54,20.34,22.74,0.0008,0.0000,0.0005,0.03,19822.17,highest-temperature-in-amsterdam-on-august-7-2026,highest-temperature-in-amsterdam-on-august-7-2026-25c,0
2026-08-07T05:09+00:00,AMS,2026-08-07,0,max,°C,26°C,26,26,21.54,20.34,22.74,0.0000,0.0000,0.0005,-0.05,19822.17,highest-temperature-in-amsterdam-on-august-7-2026,highest-temperature-in-amsterdam-on-august-7-2026-26c,0
2026-08-07T05:09+00:00,AMS,2026-08-07,0,max,°C,27°C,27,27,21.54,20.34,22.74,0.0000,0.0000,0.0005,-0.05,19822.17,highest-temperature-in-amsterdam-on-august-7-2026,highest-temperature-in-amsterdam-on-august-7-2026-27c,0
2026-08-07T05:09+00:00,AMS,2026-08-07,0,max,°C,28°C,28,28,21.54,20.34,22.74,0.0000,0.0000,0.0005,-0.05,19822.17,highest-temperature-in-amsterdam-on-august-7-2026,highest-temperature-in-amsterdam-on-august-7-2026-28c,0
2026-08-07T05:09+00:00,AMS,2026-08-07,0,max,°C,29°C or higher,29,,21.54,20.34,22.74,0.0000,0.0000,0.0005,-0.05,19822.17,highest-temperature-in-amsterdam-on-august-7-2026,highest-temperature-in-amsterdam-on-august-7-2026-29corhigher,0
2026-08-07T05:09+00:00,MAD,2026-08-07,0,max,°C,35°C or below,,35,38.58,37.39,39.39,0.0000,0.0000,0.0015,-0.15,41619.08,highest-temperature-in-madrid-on-august-7-2026,highest-temperature-in-madrid-on-august-7-2026-35corbelow,0
2026-08-07T05:09+00:00,MAD,2026-08-07,0,max,°C,36°C,36,36,38.58,37.39,39.39,0.0038,0.0876,0.0090,-0.52,41619.08,highest-temperature-in-madrid-on-august-7-2026,highest-temperature-in-madrid-on-august-7-2026-36c,0
2026-08-07T05:09+00:00,MAD,2026-08-07,0,max,°C,37°C,37,37,38.58,37.39,39.39,0.0789,0.2320,0.0145,6.44,41619.08,highest-temperature-in-madrid-on-august-7-2026,highest-temperature-in-madrid-on-august-7-2026-37c,0
2026-08-07T05:09+00:00,MAD,2026-08-07,0,max,°C,38°C,38,38,38.58,37.39,39.39,0.3752,0.5876,0.6550,-27.98,41619.08,highest-temperature-in-madrid-on-august-7-2026,highest-temperature-in-madrid-on-august-7-2026-38c,0
2026-08-07T05:09+00:00,MAD,2026-08-07,0,max,°C,39°C,39,39,38.58,37.39,39.39,0.4223,0.1804,0.3350,8.73,41619.08,highest-temperature-in-madrid-on-august-7-2026,highest-temperature-in-madrid-on-august-7-2026-39c,0
2026-08-07T05:09+00:00,MAD,2026-08-07,0,max,°C,40°C,40,40,38.58,37.39,39.39,0.1128,0.0000,0.0055,10.73,41619.08,highest-temperature-in-madrid-on-august-7-2026,highest-temperature-in-madrid-on-august-7-2026-40c,0
2026-08-07T05:09+00:00,MAD,2026-08-07,0,max,°C,41°C,41,41,38.58,37.39,39.39,0.0069,0.0000,0.0005,0.64,41619.08,highest-temperature-in-madrid-on-august-7-2026,highest-temperature-in-madrid-on-august-7-2026-41c,0
2026-08-07T05:09+00:00,MAD,2026-08-07,0,max,°C,42°C,42,42,38.58,37.39,39.39,0.0001,0.0000,0.0005,-0.04,41619.08,highest-temperature-in-madrid-on-august-7-2026,highest-temperature-in-madrid-on-august-7-2026-42c,0
2026-08-07T05:09+00:00,MAD,2026-08-07,0,max,°C,43°C,43,43,38.58,37.39,39.39,0.0000,0.0000,0.0005,-0.05,41619.08,highest-temperature-in-madrid-on-august-7-2026,highest-temperature-in-madrid-on-august-7-2026-43c,0
2026-08-07T05:09+00:00,MAD,2026-08-07,0,max,°C,44°C,44,44,38.58,37.39,39.39,0.0000,0.0000,0.0005,-0.05,41619.08,highest-temperature-in-madrid-on-august-7-2026,highest-temperature-in-madrid-on-august-7-2026-44c,0
2026-08-07T05:09+00:00,MAD,2026-08-07,0,max,°C,45°C or higher,45,,38.58,37.39,39.39,0.0000,0.0000,0.0005,-0.05,41619.08,highest-temperature-in-madrid-on-august-7-2026,highest-temperature-in-madrid-on-august-7-2026-45corhigher,0
2026-08-07T05:09+00:00,MIL,2026-08-07,0,max,°C,30°C or below,,30,33.83,31.53,36.33,0.0379,0.0412,0.0195,1.84,40757.89,highest-temperature-in-milan-on-august-7-2026,highest-temperature-in-milan-on-august-7-2026-30corbelow,0
2026-08-07T05:09+00:00,MIL,2026-08-07,0,max,°C,31°C,31,31,33.83,31.53,36.33,0.0693,0.1289,0.0055,6.38,40757.89,highest-temperature-in-milan-on-august-7-2026,highest-temperature-in-milan-on-august-7-2026-31c,0
2026-08-07T05:09+00:00,MIL,2026-08-07,0,max,°C,32°C,32,32,33.83,31.53,36.33,0.1324,0.1856,0.0495,8.29,40757.89,highest-temperature-in-milan-on-august-7-2026,highest-temperature-in-milan-on-august-7-2026-32c,0
2026-08-07T05:09+00:00,MIL,2026-08-07,0,max,°C,33°C,33,33,33.83,31.53,36.33,0.1915,0.2113,0.1050,8.65,40757.89,highest-temperature-in-milan-on-august-7-2026,highest-temperature-in-milan-on-august-7-2026-33c,0
2026-08-07T05:09+00:00,MIL,2026-08-07,0,max,°C,34°C,34,34,33.83,31.53,36.33,0.2096,0.2165,0.4500,-24.04,40757.89,highest-temperature-in-milan-on-august-7-2026,highest-temperature-in-milan-on-august-7-2026-34c,0
2026-08-07T05:09+00:00,MIL,2026-08-07,0,max,°C,35°C,35,35,33.83,31.53,36.33,0.1737,0.1495,0.2150,-4.13,40757.89,highest-temperature-in-milan-on-august-7-2026,highest-temperature-in-milan-on-august-7-2026-35c,0
2026-08-07T05:09+00:00,MIL,2026-08-07,0,max,°C,36°C,36,36,33.83,31.53,36.33,0.1090,0.1082,0.0750,3.40,40757.89,highest-temperature-in-milan-on-august-7-2026,highest-temperature-in-milan-on-august-7-2026-36c,0
2026-08-07T05:09+00:00,MIL,2026-08-07,0,max,°C,37°C,37,37,33.83,31.53,36.33,0.0517,0.0206,0.0050,4.67,40757.89,highest-temperature-in-milan-on-august-7-2026,highest-temperature-in-milan-on-august-7-2026-37c,0
2026-08-07T05:09+00:00,MIL,2026-08-07,0,max,°C,38°C,38,38,33.83,31.53,36.33,0.0186,0.0000,0.0065,1.21,40757.89,highest-temperature-in-milan-on-august-7-2026,highest-temperature-in-milan-on-august-7-2026-38c,0
2026-08-07T05:09+00:00,MIL,2026-08-07,0,max,°C,39°C,39,39,33.83,31.53,36.33,0.0051,0.0000,0.0015,0.36,40757.89,highest-temperature-in-milan-on-august-7-2026,highest-temperature-in-milan-on-august-7-2026-39c,0
2026-08-07T05:09+00:00,MIL,2026-08-07,0,max,°C,40°C or higher,40,,33.83,31.53,36.33,0.0012,0.0000,0.0005,0.07,40757.89,highest-temperature-in-milan-on-august-7-2026,highest-temperature-in-milan-on-august-7-2026-40corhigher,0
2026-08-07T05:09+00:00,MUC,2026-08-07,0,max,°C,21°C or below,,21,26.69,25.14,28.04,0.0000,0.0000,0.0035,-0.35,72042.47,highest-temperature-in-munich-on-august-7-2026,highest-temperature-in-munich-on-august-7-2026-21corbelow,0
2026-08-07T05:09+00:00,MUC,2026-08-07,0,max,°C,22°C,22,22,26.69,25.14,28.04,0.0001,0.0000,0.0005,-0.04,72042.47,highest-temperature-in-munich-on-august-7-2026,highest-temperature-in-munich-on-august-7-2026-22c,0
2026-08-07T05:09+00:00,MUC,2026-08-07,0,max,°C,23°C,23,23,26.69,25.14,28.04,0.0023,0.0000,0.0005,0.18,72042.47,highest-temperature-in-munich-on-august-7-2026,highest-temperature-in-munich-on-august-7-2026-23c,0
2026-08-07T05:09+00:00,MUC,2026-08-07,0,max,°C,24°C,24,24,26.69,25.14,28.04,0.0239,0.0103,0.0030,2.09,72042.47,highest-temperature-in-munich-on-august-7-2026,highest-temperature-in-munich-on-august-7-2026-24c,0
2026-08-07T05:09+00:00,MUC,2026-08-07,0,max,°C,25°C,25,25,26.69,25.14,28.04,0.1196,0.1289,0.0075,11.21,72042.47,highest-temperature-in-munich-on-august-7-2026,highest-temperature-in-munich-on-august-7-2026-25c,0
2026-08-07T05:09+00:00,MUC,2026-08-07,0,max,°C,26°C,26,26,26.69,25.14,28.04,0.2864,0.2732,0.0800,20.64,72042.47,highest-temperature-in-munich-on-august-7-2026,highest-temperature-in-munich-on-august-7-2026-26c,0
2026-08-07T05:09+00:00,MUC,2026-08-07,0,max,°C,27°C,27,27,26.69,25.14,28.04,0.3299,0.3918,0.3950,-6.51,72042.47,highest-temperature-in-munich-on-august-7-2026,highest-temperature-in-munich-on-august-7-2026-27c,0
2026-08-07T05:09+00:00,MUC,2026-08-07,0,max,°C,28°C,28,28,26.69,25.14,28.04,0.1827,0.1907,0.4250,-24.23,72042.47,highest-temperature-in-munich-on-august-7-2026,highest-temperature-in-munich-on-august-7-2026-28c,0
2026-08-07T05:09+00:00,MUC,2026-08-07,0,max,°C,29°C,29,29,26.69,25.14,28.04,0.0486,0.0515,0.0950,-4.64,72042.47,highest-temperature-in-munich-on-august-7-2026,highest-temperature-in-munich-on-august-7-2026-29c,0
2026-08-07T05:09+00:00,MUC,2026-08-07,0,max,°C,30°C,30,30,26.69,25.14,28.04,0.0062,0.0000,0.0100,-0.38,72042.47,highest-temperature-in-munich-on-august-7-2026,highest-temperature-in-munich-on-august-7-2026-30c,0
2026-08-07T05:09+00:00,MUC,2026-08-07,0,max,°C,31°C or higher,31,,26.69,25.14,28.04,0.0004,0.0000,0.0040,-0.36,72042.47,highest-temperature-in-munich-on-august-7-2026,highest-temperature-in-munich-on-august-7-2026-31corhigher,0
2026-08-07T05:09+00:00,WAW,2026-08-07,0,max,°C,22°C or below,,22,24.79,23.25,26.35,0.0293,0.0309,0.0005,2.88,10060.31,highest-temperature-in-warsaw-on-august-7-2026,highest-temperature-in-warsaw-on-august-7-2026-22corbelow,0
2026-08-07T05:09+00:00,WAW,2026-08-07,0,max,°C,23°C,23,23,24.79,23.25,26.35,0.1143,0.0876,0.0005,11.38,10060.31,highest-temperature-in-warsaw-on-august-7-2026,highest-temperature-in-warsaw-on-august-7-2026-23c,0
2026-08-07T05:09+00:00,WAW,2026-08-07,0,max,°C,24°C,24,24,24.79,23.25,26.35,0.2626,0.2320,0.1550,10.76,10060.31,highest-temperature-in-warsaw-on-august-7-2026,highest-temperature-in-warsaw-on-august-7-2026-24c,0
2026-08-07T05:09+00:00,WAW,2026-08-07,0,max,°C,25°C,25,25,24.79,23.25,26.35,0.3160,0.4588,0.3750,-5.90,10060.31,highest-temperature-in-warsaw-on-august-7-2026,highest-temperature-in-warsaw-on-august-7-2026-25c,0
2026-08-07T05:09+00:00,WAW,2026-08-07,0,max,°C,26°C,26,26,24.79,23.25,26.35,0.1994,0.1701,0.3450,-14.56,10060.31,highest-temperature-in-warsaw-on-august-7-2026,highest-temperature-in-warsaw-on-august-7-2026-26c,0
2026-08-07T05:09+00:00,WAW,2026-08-07,0,max,°C,27°C,27,27,24.79,23.25,26.35,0.0659,0.0876,0.1550,-8.91,10060.31,highest-temperature-in-warsaw-on-august-7-2026,highest-temperature-in-warsaw-on-august-7-2026-27c,0
2026-08-07T05:09+00:00,WAW,2026-08-07,0,max,°C,28°C,28,28,24.79,23.25,26.35,0.0114,0.0000,0.0130,-0.16,10060.31,highest-temperature-in-warsaw-on-august-7-2026,highest-temperature-in-warsaw-on-august-7-2026-28c,0
2026-08-07T05:09+00:00,WAW,2026-08-07,0,max,°C,29°C,29,29,24.79,23.25,26.35,0.0010,0.0000,0.0005,0.05,10060.31,highest-temperature-in-warsaw-on-august-7-2026,highest-temperature-in-warsaw-on-august-7-2026-29c,0
2026-08-07T05:09+00:00,WAW,2026-08-07,0,max,°C,30°C,30,30,24.79,23.25,26.35,0.0000,0.0000,0.0025,-0.25,10060.31,highest-temperature-in-warsaw-on-august-7-2026,highest-temperature-in-warsaw-on-august-7-2026-30c,0
2026-08-07T05:09+00:00,WAW,2026-08-07,0,max,°C,31°C,31,31,24.79,23.25,26.35,0.0000,0.0000,0.0015,-0.15,10060.31,highest-temperature-in-warsaw-on-august-7-2026,highest-temperature-in-warsaw-on-august-7-2026-31c,0
2026-08-07T05:09+00:00,WAW,2026-08-07,0,max,°C,32°C or higher,32,,24.79,23.25,26.35,0.0000,0.0000,0.0005,-0.05,10060.31,highest-temperature-in-warsaw-on-august-7-2026,highest-temperature-in-warsaw-on-august-7-2026-32corhigher,0
2026-08-07T05:09+00:00,HEL,2026-08-07,0,max,°C,17°C or below,,17,20.97,19.82,22.02,0.0000,0.0000,0.0005,-0.05,18624.61,highest-temperature-in-helsinki-on-august-7-2026,highest-temperature-in-helsinki-on-august-7-2026-17corbelow,0
2026-08-07T05:09+00:00,HEL,2026-08-07,0,max,°C,18°C,18,18,20.97,19.82,22.02,0.0020,0.0000,0.0040,-0.20,18624.61,highest-temperature-in-helsinki-on-august-7-2026,highest-temperature-in-helsinki-on-august-7-2026-18c,0
2026-08-07T05:09+00:00,HEL,2026-08-07,0,max,°C,19°C,19,19,20.97,19.82,22.02,0.0415,0.1186,0.0040,3.75,18624.61,highest-temperature-in-helsinki-on-august-7-2026,highest-temperature-in-helsinki-on-august-7-2026-19c,0
2026-08-07T05:09+00:00,HEL,2026-08-07,0,max,°C,20°C,20,20,20.97,19.82,22.02,0.2486,0.4330,0.0800,16.86,18624.61,highest-temperature-in-helsinki-on-august-7-2026,highest-temperature-in-helsinki-on-august-7-2026-20c,0
2026-08-07T05:09+00:00,HEL,2026-08-07,0,max,°C,21°C,21,21,20.97,19.82,22.02,0.4392,0.4742,0.4450,-0.58,18624.61,highest-temperature-in-helsinki-on-august-7-2026,highest-temperature-in-helsinki-on-august-7-2026-21c,0
2026-08-07T05:09+00:00,HEL,2026-08-07,0,max,°C,22°C,22,22,20.97,19.82,22.02,0.2313,0.1082,0.4250,-19.37,18624.61,highest-temperature-in-helsinki-on-august-7-2026,highest-temperature-in-helsinki-on-august-7-2026-22c,0
2026-08-07T05:09+00:00,HEL,2026-08-07,0,max,°C,23°C,23,23,20.97,19.82,22.02,0.0359,0.0000,0.0750,-3.91,18624.61,highest-temperature-in-helsinki-on-august-7-2026,highest-temperature-in-helsinki-on-august-7-2026-23c,0
2026-08-07T05:09+00:00,HEL,2026-08-07,0,max,°C,24°C,24,24,20.97,19.82,22.02,0.0016,0.0000,0.0025,-0.09,18624.61,highest-temperature-in-helsinki-on-august-7-2026,highest-temperature-in-helsinki-on-august-7-2026-24c,0
2026-08-07T05:09+00:00,HEL,2026-08-07,0,max,°C,25°C,25,25,20.97,19.82,22.02,0.0000,0.0000,0.0005,-0.05,18624.61,highest-temperature-in-helsinki-on-august-7-2026,highest-temperature-in-helsinki-on-august-7-2026-25c,0
2026-08-07T05:09+00:00,HEL,2026-08-07,0,max,°C,26°C,26,26,20.97,19.82,22.02,0.0000,0.0000,0.0005,-0.05,18624.61,highest-temperature-in-helsinki-on-august-7-2026,highest-temperature-in-helsinki-on-august-7-2026-26c,0
2026-08-07T05:09+00:00,HEL,2026-08-07,0,max,°C,27°C or higher,27,,20.97,19.82,22.02,0.0000,0.0000,0.0005,-0.05,18624.61,highest-temperature-in-helsinki-on-august-7-2026,highest-temperature-in-helsinki-on-august-7-2026-27corhigher,0
2026-08-07T05:09+00:00,ANK,2026-08-07,0,max,°C,30°C or below,,30,33.40,32.38,34.34,0.0001,0.0000,0.0005,-0.04,17093.37,highest-temperature-in-ankara-on-august-7-2026,highest-temperature-in-ankara-on-august-7-2026-30corbelow,0
2026-08-07T05:09+00:00,ANK,2026-08-07,0,max,°C,31°C,31,31,33.40,32.38,34.34,0.0064,0.0412,0.0095,-0.31,17093.37,highest-temperature-in-ankara-on-august-7-2026,highest-temperature-in-ankara-on-august-7-2026-31c,0
2026-08-07T05:09+00:00,ANK,2026-08-07,0,max,°C,32°C,32,32,33.40,32.38,34.34,0.1135,0.3866,0.0550,5.85,17093.37,highest-temperature-in-ankara-on-august-7-2026,highest-temperature-in-ankara-on-august-7-2026-32c,0
2026-08-07T05:09+00:00,ANK,2026-08-07,0,max,°C,33°C,33,33,33.40,32.38,34.34,0.4326,0.5619,0.5650,-13.24,17093.37,highest-temperature-in-ankara-on-august-7-2026,highest-temperature-in-ankara-on-august-7-2026-33c,0
2026-08-07T05:09+00:00,ANK,2026-08-07,0,max,°C,34°C,34,34,33.40,32.38,34.34,0.3724,0.1392,0.3850,-1.26,17093.37,highest-temperature-in-ankara-on-august-7-2026,highest-temperature-in-ankara-on-august-7-2026-34c,0
2026-08-07T05:09+00:00,ANK,2026-08-07,0,max,°C,35°C,35,35,33.40,32.38,34.34,0.0720,0.0000,0.0150,5.70,17093.37,highest-temperature-in-ankara-on-august-7-2026,highest-temperature-in-ankara-on-august-7-2026-35c,0
2026-08-07T05:09+00:00,ANK,2026-08-07,0,max,°C,36°C,36,36,33.40,32.38,34.34,0.0030,0.0000,0.0015,0.15,17093.37,highest-temperature-in-ankara-on-august-7-2026,highest-temperature-in-ankara-on-august-7-2026-36c,0
2026-08-07T05:09+00:00,ANK,2026-08-07,0,max,°C,37°C,37,37,33.40,32.38,34.34,0.0000,0.0000,0.0005,-0.05,17093.37,highest-temperature-in-ankara-on-august-7-2026,highest-temperature-in-ankara-on-august-7-2026-37c,0
2026-08-07T05:09+00:00,ANK,2026-08-07,0,max,°C,38°C,38,38,33.40,32.38,34.34,0.0000,0.0000,0.0005,-0.05,17093.37,highest-temperature-in-ankara-on-august-7-2026,highest-temperature-in-ankara-on-august-7-2026-38c,0
2026-08-07T05:09+00:00,ANK,2026-08-07,0,max,°C,39°C,39,39,33.40,32.38,34.34,0.0000,0.0000,0.0005,-0.05,17093.37,highest-temperature-in-ankara-on-august-7-2026,highest-temperature-in-ankara-on-august-7-2026-39c,0
2026-08-07T05:09+00:00,ANK,2026-08-07,0,max,°C,40°C or higher,40,,33.40,32.38,34.34,0.0000,0.0000,0.0005,-0.05,17093.37,highest-temperature-in-ankara-on-august-7-2026,highest-temperature-in-ankara-on-august-7-2026-40corhigher,0
2026-08-07T05:09+00:00,IST,2026-08-07,0,max,°C,24°C or below,,24,28.18,26.39,29.58,0.0015,0.0000,0.0005,0.10,12325.90,highest-temperature-in-istanbul-on-august-7-2026,highest-temperature-in-istanbul-on-august-7-2026-24corbelow,0
2026-08-07T05:09+00:00,IST,2026-08-07,0,max,°C,25°C,25,25,28.18,26.39,29.58,0.0139,0.0412,0.0005,1.34,12325.90,highest-temperature-in-istanbul-on-august-7-2026,highest-temperature-in-istanbul-on-august-7-2026-25c,0
2026-08-07T05:09+00:00,IST,2026-08-07,0,max,°C,26°C,26,26,28.18,26.39,29.58,0.0724,0.2474,0.0045,6.79,12325.90,highest-temperature-in-istanbul-on-august-7-2026,highest-temperature-in-istanbul-on-august-7-2026-26c,0
2026-08-07T05:09+00:00,IST,2026-08-07,0,max,°C,27°C,27,27,28.18,26.39,29.58,0.2037,0.0979,0.0350,16.87,12325.90,highest-temperature-in-istanbul-on-august-7-2026,highest-temperature-in-istanbul-on-august-7-2026-27c,0
2026-08-07T05:09+00:00,IST,2026-08-07,0,max,°C,28°C,28,28,28.18,26.39,29.58,0.3097,0.4948,0.5750,-26.53,12325.90,highest-temperature-in-istanbul-on-august-7-2026,highest-temperature-in-istanbul-on-august-7-2026-28c,0
2026-08-07T05:09+00:00,IST,2026-08-07,0,max,°C,29°C,29,29,28.18,26.39,29.58,0.2547,0.1804,0.3750,-12.03,12325.90,highest-temperature-in-istanbul-on-august-7-2026,highest-temperature-in-istanbul-on-august-7-2026-29c,0
2026-08-07T05:09+00:00,IST,2026-08-07,0,max,°C,30°C,30,30,28.18,26.39,29.58,0.1132,0.0309,0.0450,6.82,12325.90,highest-temperature-in-istanbul-on-august-7-2026,highest-temperature-in-istanbul-on-august-7-2026-30c,0
2026-08-07T05:09+00:00,IST,2026-08-07,0,max,°C,31°C,31,31,28.18,26.39,29.58,0.0271,0.0000,0.0060,2.11,12325.90,highest-temperature-in-istanbul-on-august-7-2026,highest-temperature-in-istanbul-on-august-7-2026-31c,0
2026-08-07T05:09+00:00,IST,2026-08-07,0,max,°C,32°C,32,32,28.18,26.39,29.58,0.0035,0.0000,0.0005,0.30,12325.90,highest-temperature-in-istanbul-on-august-7-2026,highest-temperature-in-istanbul-on-august-7-2026-32c,0
2026-08-07T05:09+00:00,IST,2026-08-07,0,max,°C,33°C,33,33,28.18,26.39,29.58,0.0002,0.0000,0.0005,-0.03,12325.90,highest-temperature-in-istanbul-on-august-7-2026,highest-temperature-in-istanbul-on-august-7-2026-33c,0
2026-08-07T05:09+00:00,IST,2026-08-07,0,max,°C,34°C or higher,34,,28.18,26.39,29.58,0.0000,0.0000,0.0005,-0.05,12325.90,highest-temperature-in-istanbul-on-august-7-2026,highest-temperature-in-istanbul-on-august-7-2026-34corhigher,0
2026-08-07T05:09+00:00,MOW,2026-08-07,0,max,°C,28°C or below,,28,30.47,28.38,32.28,0.0972,0.1340,0.0650,3.22,11231.28,highest-temperature-in-moscow-on-august-7-2026,highest-temperature-in-moscow-on-august-7-2026-28corbelow,0
2026-08-07T05:09+00:00,MOW,2026-08-07,0,max,°C,29°C,29,29,30.47,28.38,32.28,0.1637,0.2526,0.1850,-2.13,11231.28,highest-temperature-in-moscow-on-august-7-2026,highest-temperature-in-moscow-on-august-7-2026-29c,0
2026-08-07T05:09+00:00,MOW,2026-08-07,0,max,°C,30°C,30,30,30.47,28.38,32.28,0.2457,0.2577,0.3850,-13.93,11231.28,highest-temperature-in-moscow-on-august-7-2026,highest-temperature-in-moscow-on-august-7-2026-30c,0
2026-08-07T05:09+00:00,MOW,2026-08-07,0,max,°C,31°C,31,31,30.47,28.38,32.28,0.2432,0.2680,0.2700,-2.68,11231.28,highest-temperature-in-moscow-on-august-7-2026,highest-temperature-in-moscow-on-august-7-2026-31c,0
2026-08-07T05:09+00:00,MOW,2026-08-07,0,max,°C,32°C,32,32,30.47,28.38,32.28,0.1586,0.1289,0.0900,6.86,11231.28,highest-temperature-in-moscow-on-august-7-2026,highest-temperature-in-moscow-on-august-7-2026-32c,0
2026-08-07T05:09+00:00,MOW,2026-08-07,0,max,°C,33°C,33,33,30.47,28.38,32.28,0.0682,0.0361,0.0035,6.47,11231.28,highest-temperature-in-moscow-on-august-7-2026,highest-temperature-in-moscow-on-august-7-2026-33c,0
2026-08-07T05:09+00:00,MOW,2026-08-07,0,max,°C,34°C,34,34,30.47,28.38,32.28,0.0193,0.0052,0.0040,1.53,11231.28,highest-temperature-in-moscow-on-august-7-2026,highest-temperature-in-moscow-on-august-7-2026-34c,0
2026-08-07T05:09+00:00,MOW,2026-08-07,0,max,°C,35°C,35,35,30.47,28.38,32.28,0.0036,0.0052,0.0010,0.26,11231.28,highest-temperature-in-moscow-on-august-7-2026,highest-temperature-in-moscow-on-august-7-2026-35c,0
2026-08-07T05:09+00:00,MOW,2026-08-07,0,max,°C,36°C,36,36,30.47,28.38,32.28,0.0004,0.0000,0.0005,-0.01,11231.28,highest-temperature-in-moscow-on-august-7-2026,highest-temperature-in-moscow-on-august-7-2026-36c,0
2026-08-07T05:09+00:00,MOW,2026-08-07,0,max,°C,37°C,37,37,30.47,28.38,32.28,0.0000,0.0000,0.0005,-0.05,11231.28,highest-temperature-in-moscow-on-august-7-2026,highest-temperature-in-moscow-on-august-7-2026-37c,0
2026-08-07T05:09+00:00,MOW,2026-08-07,0,max,°C,38°C or higher,38,,30.47,28.38,32.28,0.0000,0.0000,0.0005,-0.05,11231.28,highest-temperature-in-moscow-on-august-7-2026,highest-temperature-in-moscow-on-august-7-2026-38corhigher,0
2026-08-07T05:09+00:00,TYO,2026-08-07,0,max,°C,28°C or below,,28,33.22,31.16,35.16,0.0012,0.0000,0.0005,0.07,54002.16,highest-temperature-in-tokyo-on-august-7-2026,highest-temperature-in-tokyo-on-august-7-2026-28corbelow,0
2026-08-07T05:09+00:00,TYO,2026-08-07,0,max,°C,29°C,29,29,33.22,31.16,35.16,0.0073,0.0103,0.0005,0.68,54002.16,highest-temperature-in-tokyo-on-august-7-2026,highest-temperature-in-tokyo-on-august-7-2026-29c,0
2026-08-07T05:09+00:00,TYO,2026-08-07,0,max,°C,30°C,30,30,33.22,31.16,35.16,0.0321,0.0464,0.0005,3.16,54002.16,highest-temperature-in-tokyo-on-august-7-2026,highest-temperature-in-tokyo-on-august-7-2026-30c,0
2026-08-07T05:09+00:00,TYO,2026-08-07,0,max,°C,31°C,31,31,33.22,31.16,35.16,0.0945,0.1443,0.0005,9.40,54002.16,highest-temperature-in-tokyo-on-august-7-2026,highest-temperature-in-tokyo-on-august-7-2026-31c,0
2026-08-07T05:09+00:00,TYO,2026-08-07,0,max,°C,32°C,32,32,33.22,31.16,35.16,0.1870,0.2010,0.0005,18.65,54002.16,highest-temperature-in-tokyo-on-august-7-2026,highest-temperature-in-tokyo-on-august-7-2026-32c,0
2026-08-07T05:09+00:00,TYO,2026-08-07,0,max,°C,33°C,33,33,33.22,31.16,35.16,0.2489,0.2887,0.9150,-66.61,54002.16,highest-temperature-in-tokyo-on-august-7-2026,highest-temperature-in-tokyo-on-august-7-2026-33c,0
2026-08-07T05:09+00:00,TYO,2026-08-07,0,max,°C,34°C,34,34,33.22,31.16,35.16,0.2228,0.2526,0.0950,12.78,54002.16,highest-temperature-in-tokyo-on-august-7-2026,highest-temperature-in-tokyo-on-august-7-2026-34c,0
2026-08-07T05:09+00:00,TYO,2026-08-07,0,max,°C,35°C,35,35,33.22,31.16,35.16,0.1341,0.1340,0.0045,12.96,54002.16,highest-temperature-in-tokyo-on-august-7-2026,highest-temperature-in-tokyo-on-august-7-2026-35c,0
2026-08-07T05:09+00:00,TYO,2026-08-07,0,max,°C,36°C,36,36,33.22,31.16,35.16,0.0543,0.0155,0.0025,5.18,54002.16,highest-temperature-in-tokyo-on-august-7-2026,highest-temperature-in-tokyo-on-august-7-2026-36c,0
2026-08-07T05:09+00:00,TYO,2026-08-07,0,max,°C,37°C,37,37,33.22,31.16,35.16,0.0148,0.0000,0.0005,1.43,54002.16,highest-temperature-in-tokyo-on-august-7-2026,highest-temperature-in-tokyo-on-august-7-2026-37c,0
2026-08-07T05:09+00:00,TYO,2026-08-07,0,max,°C,38°C or higher,38,,33.22,31.16,35.16,0.0031,0.0000,0.0005,0.26,54002.16,highest-temperature-in-tokyo-on-august-7-2026,highest-temperature-in-tokyo-on-august-7-2026-38corhigher,0
2026-08-07T05:09+00:00,TYO,2026-08-07,0,min,°C,22°C or below,,22,26.40,25.26,27.16,0.0000,0.0000,0.0005,-0.05,9260.80,lowest-temperature-in-tokyo-on-august-7-2026,lowest-temperature-in-tokyo-on-august-7-2026-22corbelow,0
2026-08-07T05:09+00:00,TYO,2026-08-07,0,min,°C,23°C,23,23,26.40,25.26,27.16,0.0000,0.0000,0.0090,-0.90,9260.80,lowest-temperature-in-tokyo-on-august-7-2026,lowest-temperature-in-tokyo-on-august-7-2026-23c,0
2026-08-07T05:09+00:00,TYO,2026-08-07,0,min,°C,24°C,24,24,26.40,25.26,27.16,0.0051,0.0052,0.0045,0.06,9260.80,lowest-temperature-in-tokyo-on-august-7-2026,lowest-temperature-in-tokyo-on-august-7-2026-24c,0
2026-08-07T05:09+00:00,TYO,2026-08-07,0,min,°C,25°C,25,25,26.40,25.26,27.16,0.1062,0.1134,0.0065,9.97,9260.80,lowest-temperature-in-tokyo-on-august-7-2026,lowest-temperature-in-tokyo-on-august-7-2026-25c,0
2026-08-07T05:09+00:00,TYO,2026-08-07,0,min,°C,26°C,26,26,26.40,25.26,27.16,0.4402,0.2990,0.9750,-53.48,9260.80,lowest-temperature-in-tokyo-on-august-7-2026,lowest-temperature-in-tokyo-on-august-7-2026-26c,0
2026-08-07T05:09+00:00,TYO,2026-08-07,0,min,°C,27°C,27,27,26.40,25.26,27.16,0.3788,0.6186,0.0010,37.78,9260.80,lowest-temperature-in-tokyo-on-august-7-2026,lowest-temperature-in-tokyo-on-august-7-2026-27c,0
2026-08-07T05:09+00:00,TYO,2026-08-07,0,min,°C,28°C,28,28,26.40,25.26,27.16,0.0673,0.0155,0.0005,6.68,9260.80,lowest-temperature-in-tokyo-on-august-7-2026,lowest-temperature-in-tokyo-on-august-7-2026-28c,0
2026-08-07T05:09+00:00,TYO,2026-08-07,0,min,°C,29°C,29,29,26.40,25.26,27.16,0.0023,0.0000,0.0005,0.18,9260.80,lowest-temperature-in-tokyo-on-august-7-2026,lowest-temperature-in-tokyo-on-august-7-2026-29c,0
2026-08-07T05:09+00:00,TYO,2026-08-07,0,min,°C,30°C,30,30,26.40,25.26,27.16,0.0000,0.0000,0.0005,-0.05,9260.80,lowest-temperature-in-tokyo-on-august-7-2026,lowest-temperature-in-tokyo-on-august-7-2026-30c,0
2026-08-07T05:09+00:00,TYO,2026-08-07,0,min,°C,31°C,31,31,26.40,25.26,27.16,0.0000,0.0000,0.0005,-0.05,9260.80,lowest-temperature-in-tokyo-on-august-7-2026,lowest-temperature-in-tokyo-on-august-7-2026-31c,0
2026-08-07T05:09+00:00,TYO,2026-08-07,0,min,°C,32°C or higher,32,,26.40,25.26,27.16,0.0000,0.0000,0.0005,-0.05,9260.80,lowest-temperature-in-tokyo-on-august-7-2026,lowest-temperature-in-tokyo-on-august-7-2026-32corhigher,0
2026-08-07T05:09+00:00,SEL,2026-08-07,0,max,°C,29°C or below,,29,35.08,32.57,36.77,0.0003,0.0000,0.0005,-0.02,116797.34,highest-temperature-in-seoul-on-august-7-2026,highest-temperature-in-seoul-on-august-7-2026-29corbelow,0
2026-08-07T05:09+00:00,SEL,2026-08-07,0,max,°C,30°C,30,30,35.08,32.57,36.77,0.0022,0.0464,0.0005,0.17,116797.34,highest-temperature-in-seoul-on-august-7-2026,highest-temperature-in-seoul-on-august-7-2026-30c,0
2026-08-07T05:09+00:00,SEL,2026-08-07,0,max,°C,31°C,31,31,35.08,32.57,36.77,0.0118,0.0722,0.0005,1.13,116797.34,highest-temperature-in-seoul-on-august-7-2026,highest-temperature-in-seoul-on-august-7-2026-31c,0
2026-08-07T05:09+00:00,SEL,2026-08-07,0,max,°C,32°C,32,32,35.08,32.57,36.77,0.0430,0.0464,0.0005,4.25,116797.34,highest-temperature-in-seoul-on-august-7-2026,highest-temperature-in-seoul-on-august-7-2026-32c,0
2026-08-07T05:09+00:00,SEL,2026-08-07,0,max,°C,33°C,33,33,35.08,32.57,36.77,0.1094,0.1443,0.0005,10.89,116797.34,highest-temperature-in-seoul-on-august-7-2026,highest-temperature-in-seoul-on-august-7-2026-33c,0
2026-08-07T05:09+00:00,SEL,2026-08-07,0,max,°C,34°C,34,34,35.08,32.57,36.77,0.1939,0.4948,0.0005,19.34,116797.34,highest-temperature-in-seoul-on-august-7-2026,highest-temperature-in-seoul-on-august-7-2026-34c,0
2026-08-07T05:09+00:00,SEL,2026-08-07,0,max,°C,35°C,35,35,35.08,32.57,36.77,0.2394,0.1649,0.9400,-70.06,116797.34,highest-temperature-in-seoul-on-august-7-2026,highest-temperature-in-seoul-on-august-7-2026-35c,0
2026-08-07T05:09+00:00,SEL,2026-08-07,0,max,°C,36°C,36,36,35.08,32.57,36.77,0.2061,0.0928,0.0450,16.11,116797.34,highest-temperature-in-seoul-on-august-7-2026,highest-temperature-in-seoul-on-august-7-2026-36c,0
2026-08-07T05:09+00:00,SEL,2026-08-07,0,max,°C,37°C,37,37,35.08,32.57,36.77,0.1236,0.0103,0.0105,11.31,116797.34,highest-temperature-in-seoul-on-august-7-2026,highest-temperature-in-seoul-on-august-7-2026-37c,0
2026-08-07T05:09+00:00,SEL,2026-08-07,0,max,°C,38°C,38,38,35.08,32.57,36.77,0.0517,0.0000,0.0015,5.02,116797.34,highest-temperature-in-seoul-on-august-7-2026,highest-temperature-in-seoul-on-august-7-2026-38c,0
2026-08-07T05:09+00:00,SEL,2026-08-07,0,max,°C,39°C or higher,39,,35.08,32.57,36.77,0.0186,0.0000,0.0005,1.81,116797.34,highest-temperature-in-seoul-on-august-7-2026,highest-temperature-in-seoul-on-august-7-2026-39corhigher,0
2026-08-07T05:09+00:00,SEL,2026-08-07,0,min,°C,23°C or below,,23,27.80,26.55,29.05,0.0000,0.0000,0.0035,-0.35,16567.50,lowest-temperature-in-seoul-on-august-7-2026,lowest-temperature-in-seoul-on-august-7-2026-23corbelow,0
2026-08-07T05:09+00:00,SEL,2026-08-07,0,min,°C,24°C,24,24,27.80,26.55,29.05,0.0004,0.0000,0.0045,-0.41,16567.50,lowest-temperature-in-seoul-on-august-7-2026,lowest-temperature-in-seoul-on-august-7-2026-24c,0
2026-08-07T05:09+00:00,SEL,2026-08-07,0,min,°C,25°C,25,25,27.80,26.55,29.05,0.0088,0.0000,0.0050,0.38,16567.50,lowest-temperature-in-seoul-on-august-7-2026,lowest-temperature-in-seoul-on-august-7-2026-25c,0
2026-08-07T05:09+00:00,SEL,2026-08-07,0,min,°C,26°C,26,26,27.80,26.55,29.05,0.0820,0.2062,0.0180,6.40,16567.50,lowest-temperature-in-seoul-on-august-7-2026,lowest-temperature-in-seoul-on-august-7-2026-26c,0
2026-08-07T05:09+00:00,SEL,2026-08-07,0,min,°C,27°C,27,27,27.80,26.55,29.05,0.2878,0.3299,0.9850,-69.72,16567.50,lowest-temperature-in-seoul-on-august-7-2026,lowest-temperature-in-seoul-on-august-7-2026-27c,0
2026-08-07T05:09+00:00,SEL,2026-08-07,0,min,°C,28°C,28,28,27.80,26.55,29.05,0.3844,0.3557,0.0110,37.34,16567.50,lowest-temperature-in-seoul-on-august-7-2026,lowest-temperature-in-seoul-on-august-7-2026-28c,0
2026-08-07T05:09+00:00,SEL,2026-08-07,0,min,°C,29°C,29,29,27.80,26.55,29.05,0.1959,0.2577,0.0035,19.24,16567.50,lowest-temperature-in-seoul-on-august-7-2026,lowest-temperature-in-seoul-on-august-7-2026-29c,0
2026-08-07T05:09+00:00,SEL,2026-08-07,0,min,°C,30°C,30,30,27.80,26.55,29.05,0.0379,0.0000,0.0005,3.74,16567.50,lowest-temperature-in-seoul-on-august-7-2026,lowest-temperature-in-seoul-on-august-7-2026-30c,0
2026-08-07T05:09+00:00,SEL,2026-08-07,0,min,°C,31°C,31,31,27.80,26.55,29.05,0.0027,0.0000,0.0005,0.22,16567.50,lowest-temperature-in-seoul-on-august-7-2026,lowest-temperature-in-seoul-on-august-7-2026-31c,0
2026-08-07T05:09+00:00,SEL,2026-08-07,0,min,°C,32°C,32,32,27.80,26.55,29.05,0.0001,0.0000,0.0005,-0.04,16567.50,lowest-temperature-in-seoul-on-august-7-2026,lowest-temperature-in-seoul-on-august-7-2026-32c,0
2026-08-07T05:09+00:00,SEL,2026-08-07,0,min,°C,33°C or higher,33,,27.80,26.55,29.05,0.0000,0.0000,0.0005,-0.05,16567.50,lowest-temperature-in-seoul-on-august-7-2026,lowest-temperature-in-seoul-on-august-7-2026-33corhigher,0
2026-08-07T05:09+00:00,PUS,2026-08-07,0,max,°C,31°C or below,,31,33.47,29.66,35.26,0.1832,0.1082,0.0005,18.27,33747.50,highest-temperature-in-busan-on-august-7-2026,highest-temperature-in-busan-on-august-7-2026-31corbelow,0
2026-08-07T05:09+00:00,PUS,2026-08-07,0,max,°C,32°C,32,32,33.47,29.66,35.26,0.1448,0.0000,0.0005,14.43,33747.50,highest-temperature-in-busan-on-august-7-2026,highest-temperature-in-busan-on-august-7-2026-32c,0
2026-08-07T05:09+00:00,PUS,2026-08-07,0,max,°C,33°C,33,33,33.47,29.66,35.26,0.1769,0.0670,0.0005,17.64,33747.50,highest-temperature-in-busan-on-august-7-2026,highest-temperature-in-busan-on-august-7-2026-33c,0
2026-08-07T05:09+00:00,PUS,2026-08-07,0,max,°C,34°C,34,34,33.47,29.66,35.26,0.1759,0.3454,0.0005,17.54,33747.50,highest-temperature-in-busan-on-august-7-2026,highest-temperature-in-busan-on-august-7-2026-34c,0
2026-08-07T05:09+00:00,PUS,2026-08-07,0,max,°C,35°C,35,35,33.47,29.66,35.26,0.1424,0.2835,0.0005,14.19,33747.50,highest-temperature-in-busan-on-august-7-2026,highest-temperature-in-busan-on-august-7-2026-35c,0
2026-08-07T05:09+00:00,PUS,2026-08-07,0,max,°C,36°C,36,36,33.47,29.66,35.26,0.0938,0.2526,0.0005,9.33,33747.50,highest-temperature-in-busan-on-august-7-2026,highest-temperature-in-busan-on-august-7-2026-36c,0
2026-08-07T05:09+00:00,PUS,2026-08-07,0,max,°C,37°C,37,37,33.47,29.66,35.26,0.0503,0.0361,0.8200,-76.97,33747.50,highest-temperature-in-busan-on-august-7-2026,highest-temperature-in-busan-on-august-7-2026-37c,0
2026-08-07T05:09+00:00,PUS,2026-08-07,0,max,°C,38°C,38,38,33.47,29.66,35.26,0.0220,0.0000,0.1250,-10.30,33747.50,highest-temperature-in-busan-on-august-7-2026,highest-temperature-in-busan-on-august-7-2026-38c,0
2026-08-07T05:09+00:00,PUS,2026-08-07,0,max,°C,39°C,39,39,33.47,29.66,35.26,0.0078,0.0000,0.0345,-2.67,33747.50,highest-temperature-in-busan-on-august-7-2026,highest-temperature-in-busan-on-august-7-2026-39c,0
2026-08-07T05:09+00:00,PUS,2026-08-07,0,max,°C,40°C,40,40,33.47,29.66,35.26,0.0023,0.0000,0.0060,-0.37,33747.50,highest-temperature-in-busan-on-august-7-2026,highest-temperature-in-busan-on-august-7-2026-40c,0
2026-08-07T05:09+00:00,PUS,2026-08-07,0,max,°C,41°C or higher,41,,33.47,29.66,35.26,0.0007,0.0000,0.0015,-0.08,33747.50,highest-temperature-in-busan-on-august-7-2026,highest-temperature-in-busan-on-august-7-2026-41corhigher,0
2026-08-07T05:09+00:00,TPE,2026-08-07,0,max,°C,27°C or below,,27,33.57,31.90,34.70,0.0000,0.0000,0.0005,-0.05,39035.74,highest-temperature-in-taipei-on-august-7-2026,highest-temperature-in-taipei-on-august-7-2026-27corbelow,0
2026-08-07T05:09+00:00,TPE,2026-08-07,0,max,°C,28°C,28,28,33.57,31.90,34.70,0.0000,0.0258,0.0005,-0.05,39035.74,highest-temperature-in-taipei-on-august-7-2026,highest-temperature-in-taipei-on-august-7-2026-28c,0
2026-08-07T05:09+00:00,TPE,2026-08-07,0,max,°C,29°C,29,29,33.57,31.90,34.70,0.0001,0.0361,0.0005,-0.04,39035.74,highest-temperature-in-taipei-on-august-7-2026,highest-temperature-in-taipei-on-august-7-2026-29c,0
2026-08-07T05:09+00:00,TPE,2026-08-07,0,max,°C,30°C,30,30,33.57,31.90,34.70,0.0024,0.0361,0.0005,0.19,39035.74,highest-temperature-in-taipei-on-august-7-2026,highest-temperature-in-taipei-on-august-7-2026-30c,0
2026-08-07T05:09+00:00,TPE,2026-08-07,0,max,°C,31°C,31,31,33.57,31.90,34.70,0.0264,0.1237,0.0005,2.59,39035.74,highest-temperature-in-taipei-on-august-7-2026,highest-temperature-in-taipei-on-august-7-2026-31c,0
2026-08-07T05:09+00:00,TPE,2026-08-07,0,max,°C,32°C,32,32,33.57,31.90,34.70,0.1341,0.2887,0.0005,13.36,39035.74,highest-temperature-in-taipei-on-august-7-2026,highest-temperature-in-taipei-on-august-7-2026-32c,0
2026-08-07T05:09+00:00,TPE,2026-08-07,0,max,°C,33°C,33,33,33.57,31.90,34.70,0.3103,0.4897,0.6400,-32.97,39035.74,highest-temperature-in-taipei-on-august-7-2026,highest-temperature-in-taipei-on-august-7-2026-33c,0
2026-08-07T05:09+00:00,TPE,2026-08-07,0,max,°C,34°C,34,34,33.57,31.90,34.70,0.3286,0.0928,0.2750,5.36,39035.74,highest-temperature-in-taipei-on-august-7-2026,highest-temperature-in-taipei-on-august-7-2026-34c,0
2026-08-07T05:09+00:00,TPE,2026-08-07,0,max,°C,35°C,35,35,33.57,31.90,34.70,0.1592,0.0000,0.1800,-2.08,39035.74,highest-temperature-in-taipei-on-august-7-2026,highest-temperature-in-taipei-on-august-7-2026-35c,0
2026-08-07T05:09+00:00,TPE,2026-08-07,0,max,°C,36°C,36,36,33.57,31.90,34.70,0.0352,0.0000,0.0150,2.02,39035.74,highest-temperature-in-taipei-on-august-7-2026,highest-temperature-in-taipei-on-august-7-2026-36c,0
2026-08-07T05:09+00:00,TPE,2026-08-07,0,max,°C,37°C or higher,37,,33.57,31.90,34.70,0.0037,0.0000,0.0025,0.12,39035.74,highest-temperature-in-taipei-on-august-7-2026,highest-temperature-in-taipei-on-august-7-2026-37corhigher,0
2026-08-07T05:09+00:00,PEK,2026-08-07,0,max,°C,31°C or below,,31,36.06,34.51,37.71,0.0001,0.0361,0.0005,-0.04,36467.85,highest-temperature-in-beijing-on-august-7-2026,highest-temperature-in-beijing-on-august-7-2026-31corbelow,0
2026-08-07T05:09+00:00,PEK,2026-08-07,0,max,°C,32°C,32,32,36.06,34.51,37.71,0.0021,0.0206,0.0005,0.16,36467.85,highest-temperature-in-beijing-on-august-7-2026,highest-temperature-in-beijing-on-august-7-2026-32c,0
2026-08-07T05:09+00:00,PEK,2026-08-07,0,max,°C,33°C,33,33,36.06,34.51,37.71,0.0181,0.0309,0.0005,1.76,36467.85,highest-temperature-in-beijing-on-august-7-2026,highest-temperature-in-beijing-on-august-7-2026-33c,0
2026-08-07T05:09+00:00,PEK,2026-08-07,0,max,°C,34°C,34,34,36.06,34.51,37.71,0.0860,0.1753,0.0005,8.55,36467.85,highest-temperature-in-beijing-on-august-7-2026,highest-temperature-in-beijing-on-august-7-2026-34c,0
2026-08-07T05:09+00:00,PEK,2026-08-07,0,max,°C,35°C,35,35,36.06,34.51,37.71,0.2217,0.3041,0.0005,22.12,36467.85,highest-temperature-in-beijing-on-august-7-2026,highest-temperature-in-beijing-on-august-7-2026-35c,0
2026-08-07T05:09+00:00,PEK,2026-08-07,0,max,°C,36°C,36,36,36.06,34.51,37.71,0.3109,0.3196,0.3850,-7.41,36467.85,highest-temperature-in-beijing-on-august-7-2026,highest-temperature-in-beijing-on-august-7-2026-36c,0
2026-08-07T05:09+00:00,PEK,2026-08-07,0,max,°C,37°C,37,37,36.06,34.51,37.71,0.2374,0.1701,0.5600,-32.26,36467.85,highest-temperature-in-beijing-on-august-7-2026,highest-temperature-in-beijing-on-august-7-2026-37c,0
2026-08-07T05:09+00:00,PEK,2026-08-07,0,max,°C,38°C,38,38,36.06,34.51,37.71,0.0986,0.0258,0.0650,3.36,36467.85,highest-temperature-in-beijing-on-august-7-2026,highest-temperature-in-beijing-on-august-7-2026-38c,0
2026-08-07T05:09+00:00,PEK,2026-08-07,0,max,°C,39°C,39,39,36.06,34.51,37.71,0.0222,0.0000,0.0085,1.37,36467.85,highest-temperature-in-beijing-on-august-7-2026,highest-temperature-in-beijing-on-august-7-2026-39c,0
2026-08-07T05:09+00:00,PEK,2026-08-07,0,max,°C,40°C,40,40,36.06,34.51,37.71,0.0027,0.0000,0.0005,0.22,36467.85,highest-temperature-in-beijing-on-august-7-2026,highest-temperature-in-beijing-on-august-7-2026-40c,0
2026-08-07T05:09+00:00,PEK,2026-08-07,0,max,°C,41°C or higher,41,,36.06,34.51,37.71,0.0002,0.0000,0.0005,-0.03,36467.85,highest-temperature-in-beijing-on-august-7-2026,highest-temperature-in-beijing-on-august-7-2026-41corhigher,0
2026-08-07T05:09+00:00,SHA,2026-08-07,0,max,°C,28°C or below,,28,34.35,31.43,36.03,0.0006,0.0000,0.0005,0.01,131664.71,highest-temperature-in-shanghai-on-august-7-2026,highest-temperature-in-shanghai-on-august-7-2026-28corbelow,0
2026-08-07T05:09+00:00,SHA,2026-08-07,0,max,°C,29°C,29,29,34.35,31.43,36.03,0.0029,0.0979,0.0005,0.24,131664.71,highest-temperature-in-shanghai-on-august-7-2026,highest-temperature-in-shanghai-on-august-7-2026-29c,0
2026-08-07T05:09+00:00,SHA,2026-08-07,0,max,°C,30°C,30,30,34.35,31.43,36.03,0.0125,0.0206,0.0005,1.20,131664.71,highest-temperature-in-shanghai-on-august-7-2026,highest-temperature-in-shanghai-on-august-7-2026-30c,0
2026-08-07T05:09+00:00,SHA,2026-08-07,0,max,°C,31°C,31,31,34.35,31.43,36.03,0.0400,0.1598,0.0005,3.95,131664.71,highest-temperature-in-shanghai-on-august-7-2026,highest-temperature-in-shanghai-on-august-7-2026-31c,0
2026-08-07T05:09+00:00,SHA,2026-08-07,0,max,°C,32°C,32,32,34.35,31.43,36.03,0.0949,0.1959,0.0005,9.44,131664.71,highest-temperature-in-shanghai-on-august-7-2026,highest-temperature-in-shanghai-on-august-7-2026-32c,0
2026-08-07T05:09+00:00,SHA,2026-08-07,0,max,°C,33°C,33,33,34.35,31.43,36.03,0.1663,0.2629,0.0005,16.58,131664.71,highest-temperature-in-shanghai-on-august-7-2026,highest-temperature-in-shanghai-on-august-7-2026-33c,0
2026-08-07T05:09+00:00,SHA,2026-08-07,0,max,°C,34°C,34,34,34.35,31.43,36.03,0.2153,0.3093,0.9150,-69.97,131664.71,highest-temperature-in-shanghai-on-august-7-2026,highest-temperature-in-shanghai-on-august-7-2026-34c,0
2026-08-07T05:09+00:00,SHA,2026-08-07,0,max,°C,35°C,35,35,34.35,31.43,36.03,0.2060,0.0619,0.0850,12.10,131664.71,highest-temperature-in-shanghai-on-august-7-2026,highest-temperature-in-shanghai-on-august-7-2026-35c,0
2026-08-07T05:09+00:00,SHA,2026-08-07,0,max,°C,36°C,36,36,34.35,31.43,36.03,0.1456,0.0000,0.0050,14.06,131664.71,highest-temperature-in-shanghai-on-august-7-2026,highest-temperature-in-shanghai-on-august-7-2026-36c,0
2026-08-07T05:09+00:00,SHA,2026-08-07,0,max,°C,37°C,37,37,34.35,31.43,36.03,0.0761,0.0000,0.0005,7.56,131664.71,highest-temperature-in-shanghai-on-august-7-2026,highest-temperature-in-shanghai-on-august-7-2026-37c,0
2026-08-07T05:09+00:00,SHA,2026-08-07,0,max,°C,38°C or higher,38,,34.35,31.43,36.03,0.0398,0.0000,0.0005,3.93,131664.71,highest-temperature-in-shanghai-on-august-7-2026,highest-temperature-in-shanghai-on-august-7-2026-38corhigher,0
2026-08-07T05:09+00:00,SHA,2026-08-07,0,min,°C,23°C or below,,23,27.66,26.85,28.65,0.0000,0.0000,0.0005,-0.05,13413.05,lowest-temperature-in-shanghai-on-august-7-2026,lowest-temperature-in-shanghai-on-august-7-2026-23corbelow,0
2026-08-07T05:09+00:00,SHA,2026-08-07,0,min,°C,24°C,24,24,27.66,26.85,28.65,0.0000,0.0000,0.0005,-0.05,13413.05,lowest-temperature-in-shanghai-on-august-7-2026,lowest-temperature-in-shanghai-on-august-7-2026-24c,0
2026-08-07T05:09+00:00,SHA,2026-08-07,0,min,°C,25°C,25,25,27.66,26.85,28.65,0.0010,0.0000,0.0005,0.05,13413.05,lowest-temperature-in-shanghai-on-august-7-2026,lowest-temperature-in-shanghai-on-august-7-2026-25c,0
2026-08-07T05:09+00:00,SHA,2026-08-07,0,min,°C,26°C,26,26,27.66,26.85,28.65,0.0480,0.0052,0.0005,4.75,13413.05,lowest-temperature-in-shanghai-on-august-7-2026,lowest-temperature-in-shanghai-on-august-7-2026-26c,0
2026-08-07T05:09+00:00,SHA,2026-08-07,0,min,°C,27°C,27,27,27.66,26.85,28.65,0.3600,0.5206,0.0055,35.45,13413.05,lowest-temperature-in-shanghai-on-august-7-2026,lowest-temperature-in-shanghai-on-august-7-2026-27c,0
2026-08-07T05:09+00:00,SHA,2026-08-07,0,min,°C,28°C,28,28,27.66,26.85,28.65,0.4747,0.3351,0.0100,46.47,13413.05,lowest-temperature-in-shanghai-on-august-7-2026,lowest-temperature-in-shanghai-on-august-7-2026-28c,0
2026-08-07T05:09+00:00,SHA,2026-08-07,0,min,°C,29°C,29,29,27.66,26.85,28.65,0.1118,0.2784,0.9900,-87.82,13413.05,lowest-temperature-in-shanghai-on-august-7-2026,lowest-temperature-in-shanghai-on-august-7-2026-29c,0
2026-08-07T05:09+00:00,SHA,2026-08-07,0,min,°C,30°C,30,30,27.66,26.85,28.65,0.0044,0.0000,0.0005,0.39,13413.05,lowest-temperature-in-shanghai-on-august-7-2026,lowest-temperature-in-shanghai-on-august-7-2026-30c,0
2026-08-07T05:09+00:00,SHA,2026-08-07,0,min,°C,31°C,31,31,27.66,26.85,28.65,0.0000,0.0000,0.0005,-0.05,13413.05,lowest-temperature-in-shanghai-on-august-7-2026,lowest-temperature-in-shanghai-on-august-7-2026-31c,0
2026-08-07T05:09+00:00,SHA,2026-08-07,0,min,°C,32°C,32,32,27.66,26.85,28.65,0.0000,0.0000,0.0005,-0.05,13413.05,lowest-temperature-in-shanghai-on-august-7-2026,lowest-temperature-in-shanghai-on-august-7-2026-32c,0
2026-08-07T05:09+00:00,SHA,2026-08-07,0,min,°C,33°C or higher,33,,27.66,26.85,28.65,0.0000,0.0000,0.0005,-0.05,13413.05,lowest-temperature-in-shanghai-on-august-7-2026,lowest-temperature-in-shanghai-on-august-7-2026-33corhigher,0
2026-08-07T05:09+00:00,CAN,2026-08-07,0,max,°C,30°C or below,,30,35.55,34.09,37.29,0.0000,0.0052,0.0005,-0.05,26562.09,highest-temperature-in-guangzhou-on-august-7-2026,highest-temperature-in-guangzhou-on-august-7-2026-30corbelow,0
2026-08-07T05:09+00:00,CAN,2026-08-07,0,max,°C,31°C,31,31,35.55,34.09,37.29,0.0006,0.0155,0.0005,0.01,26562.09,highest-temperature-in-guangzhou-on-august-7-2026,highest-temperature-in-guangzhou-on-august-7-2026-31c,0
2026-08-07T05:09+00:00,CAN,2026-08-07,0,max,°C,32°C,32,32,35.55,34.09,37.29,0.0066,0.0670,0.0005,0.61,26562.09,highest-temperature-in-guangzhou-on-august-7-2026,highest-temperature-in-guangzhou-on-august-7-2026-32c,0
2026-08-07T05:09+00:00,CAN,2026-08-07,0,max,°C,33°C,33,33,35.55,34.09,37.29,0.0427,0.2113,0.0005,4.22,26562.09,highest-temperature-in-guangzhou-on-august-7-2026,highest-temperature-in-guangzhou-on-august-7-2026-33c,0
2026-08-07T05:09+00:00,CAN,2026-08-07,0,max,°C,34°C,34,34,35.55,34.09,37.29,0.1493,0.3814,0.0005,14.88,26562.09,highest-temperature-in-guangzhou-on-august-7-2026,highest-temperature-in-guangzhou-on-august-7-2026-34c,0
2026-08-07T05:09+00:00,CAN,2026-08-07,0,max,°C,35°C,35,35,35.55,34.09,37.29,0.2835,0.2474,0.0155,26.80,26562.09,highest-temperature-in-guangzhou-on-august-7-2026,highest-temperature-in-guangzhou-on-august-7-2026-35c,0
2026-08-07T05:09+00:00,CAN,2026-08-07,0,max,°C,36°C,36,36,35.55,34.09,37.29,0.2930,0.1598,0.0750,21.80,26562.09,highest-temperature-in-guangzhou-on-august-7-2026,highest-temperature-in-guangzhou-on-august-7-2026-36c,0
2026-08-07T05:09+00:00,CAN,2026-08-07,0,max,°C,37°C,37,37,35.55,34.09,37.29,0.1648,0.0206,0.5950,-43.02,26562.09,highest-temperature-in-guangzhou-on-august-7-2026,highest-temperature-in-guangzhou-on-august-7-2026-37c,0
2026-08-07T05:09+00:00,CAN,2026-08-07,0,max,°C,38°C,38,38,35.55,34.09,37.29,0.0504,0.0000,0.2600,-20.96,26562.09,highest-temperature-in-guangzhou-on-august-7-2026,highest-temperature-in-guangzhou-on-august-7-2026-38c,0
2026-08-07T05:09+00:00,CAN,2026-08-07,0,max,°C,39°C,39,39,35.55,34.09,37.29,0.0084,0.0000,0.0250,-1.66,26562.09,highest-temperature-in-guangzhou-on-august-7-2026,highest-temperature-in-guangzhou-on-august-7-2026-39c,0
2026-08-07T05:09+00:00,CAN,2026-08-07,0,max,°C,40°C or higher,40,,35.55,34.09,37.29,0.0008,0.0000,0.0075,-0.67,26562.09,highest-temperature-in-guangzhou-on-august-7-2026,highest-temperature-in-guangzhou-on-august-7-2026-40corhigher,0
2026-08-07T05:09+00:00,CKG,2026-08-07,0,max,°C,25°C or below,,25,30.56,28.13,32.63,0.0020,0.0052,0.0005,0.15,31115.72,highest-temperature-in-chongqing-on-august-7-2026,highest-temperature-in-chongqing-on-august-7-2026-25corbelow,0
2026-08-07T05:09+00:00,CKG,2026-08-07,0,max,°C,26°C,26,26,30.56,28.13,32.63,0.0083,0.0361,0.0005,0.78,31115.72,highest-temperature-in-chongqing-on-august-7-2026,highest-temperature-in-chongqing-on-august-7-2026-26c,0
2026-08-07T05:09+00:00,CKG,2026-08-07,0,max,°C,27°C,27,27,30.56,28.13,32.63,0.0302,0.0464,0.0005,2.97,31115.72,highest-temperature-in-chongqing-on-august-7-2026,highest-temperature-in-chongqing-on-august-7-2026-27c,0
2026-08-07T05:09+00:00,CKG,2026-08-07,0,max,°C,28°C,28,28,30.56,28.13,32.63,0.0794,0.0876,0.0005,7.89,31115.72,highest-temperature-in-chongqing-on-august-7-2026,highest-temperature-in-chongqing-on-august-7-2026-28c,0
2026-08-07T05:09+00:00,CKG,2026-08-07,0,max,°C,29°C,29,29,30.56,28.13,32.63,0.1524,0.1289,0.0005,15.19,31115.72,highest-temperature-in-chongqing-on-august-7-2026,highest-temperature-in-chongqing-on-august-7-2026-29c,0
2026-08-07T05:09+00:00,CKG,2026-08-07,0,max,°C,30°C,30,30,30.56,28.13,32.63,0.2132,0.2577,0.1450,6.82,31115.72,highest-temperature-in-chongqing-on-august-7-2026,highest-temperature-in-chongqing-on-august-7-2026-30c,0
2026-08-07T05:09+00:00,CKG,2026-08-07,0,max,°C,31°C,31,31,30.56,28.13,32.63,0.2176,0.2938,0.2150,0.26,31115.72,highest-temperature-in-chongqing-on-august-7-2026,highest-temperature-in-chongqing-on-august-7-2026-31c,0
2026-08-07T05:09+00:00,CKG,2026-08-07,0,max,°C,32°C,32,32,30.56,28.13,32.63,0.1619,0.1443,0.2000,-3.81,31115.72,highest-temperature-in-chongqing-on-august-7-2026,highest-temperature-in-chongqing-on-august-7-2026-32c,0
2026-08-07T05:09+00:00,CKG,2026-08-07,0,max,°C,33°C,33,33,30.56,28.13,32.63,0.0879,0.0361,0.4600,-37.21,31115.72,highest-temperature-in-chongqing-on-august-7-2026,highest-temperature-in-chongqing-on-august-7-2026-33c,0
2026-08-07T05:09+00:00,CKG,2026-08-07,0,max,°C,34°C,34,34,30.56,28.13,32.63,0.0348,0.0361,0.0600,-2.52,31115.72,highest-temperature-in-chongqing-on-august-7-2026,highest-temperature-in-chongqing-on-august-7-2026-34c,0
2026-08-07T05:09+00:00,CKG,2026-08-07,0,max,°C,35°C or higher,35,,30.56,28.13,32.63,0.0125,0.0000,0.0045,0.80,31115.72,highest-temperature-in-chongqing-on-august-7-2026,highest-temperature-in-chongqing-on-august-7-2026-35corhigher,0
2026-08-07T05:09+00:00,WUH,2026-08-07,0,max,°C,32°C or below,,32,36.69,35.07,38.23,0.0003,0.0052,0.0005,-0.02,17841.88,highest-temperature-in-wuhan-on-august-7-2026,highest-temperature-in-wuhan-on-august-7-2026-32corbelow,0
2026-08-07T05:09+00:00,WUH,2026-08-07,0,max,°C,33°C,33,33,36.69,35.07,38.23,0.0045,0.0361,0.0005,0.40,17841.88,highest-temperature-in-wuhan-on-august-7-2026,highest-temperature-in-wuhan-on-august-7-2026-33c,0
2026-08-07T05:09+00:00,WUH,2026-08-07,0,max,°C,34°C,34,34,36.69,35.07,38.23,0.0332,0.1753,0.0005,3.27,17841.88,highest-temperature-in-wuhan-on-august-7-2026,highest-temperature-in-wuhan-on-august-7-2026-34c,0
2026-08-07T05:09+00:00,WUH,2026-08-07,0,max,°C,35°C,35,35,36.69,35.07,38.23,0.1299,0.2887,0.0005,12.94,17841.88,highest-temperature-in-wuhan-on-august-7-2026,highest-temperature-in-wuhan-on-august-7-2026-35c,0
2026-08-07T05:09+00:00,WUH,2026-08-07,0,max,°C,36°C,36,36,36.69,35.07,38.23,0.2720,0.3144,0.1650,10.70,17841.88,highest-temperature-in-wuhan-on-august-7-2026,highest-temperature-in-wuhan-on-august-7-2026-36c,0
2026-08-07T05:09+00:00,WUH,2026-08-07,0,max,°C,37°C,37,37,36.69,35.07,38.23,0.3055,0.2268,0.6000,-29.45,17841.88,highest-temperature-in-wuhan-on-august-7-2026,highest-temperature-in-wuhan-on-august-7-2026-37c,0
2026-08-07T05:09+00:00,WUH,2026-08-07,0,max,°C,38°C,38,38,36.69,35.07,38.23,0.1840,0.0309,0.2050,-2.10,17841.88,highest-temperature-in-wuhan-on-august-7-2026,highest-temperature-in-wuhan-on-august-7-2026-38c,0
2026-08-07T05:09+00:00,WUH,2026-08-07,0,max,°C,39°C,39,39,36.69,35.07,38.23,0.0593,0.0052,0.0115,4.78,17841.88,highest-temperature-in-wuhan-on-august-7-2026,highest-temperature-in-wuhan-on-august-7-2026-39c,0
2026-08-07T05:09+00:00,WUH,2026-08-07,0,max,°C,40°C,40,40,36.69,35.07,38.23,0.0102,0.0000,0.0015,0.87,17841.88,highest-temperature-in-wuhan-on-august-7-2026,highest-temperature-in-wuhan-on-august-7-2026-40c,0
2026-08-07T05:09+00:00,WUH,2026-08-07,0,max,°C,41°C,41,41,36.69,35.07,38.23,0.0009,0.0000,0.0005,0.04,17841.88,highest-temperature-in-wuhan-on-august-7-2026,highest-temperature-in-wuhan-on-august-7-2026-41c,0
2026-08-07T05:09+00:00,WUH,2026-08-07,0,max,°C,42°C or higher,42,,36.69,35.07,38.23,0.0000,0.0000,0.0005,-0.05,17841.88,highest-temperature-in-wuhan-on-august-7-2026,highest-temperature-in-wuhan-on-august-7-2026-42corhigher,0
2026-08-07T05:09+00:00,TAO,2026-08-07,0,max,°C,31°C or below,,31,37.51,33.15,39.85,0.0107,0.1082,0.0005,1.02,18421.74,highest-temperature-in-qingdao-on-august-7-2026,highest-temperature-in-qingdao-on-august-7-2026-31corbelow,0
2026-08-07T05:09+00:00,TAO,2026-08-07,0,max,°C,32°C,32,32,37.51,33.15,39.85,0.0168,0.0000,0.0005,1.63,18421.74,highest-temperature-in-qingdao-on-august-7-2026,highest-temperature-in-qingdao-on-august-7-2026-32c,0
2026-08-07T05:09+00:00,TAO,2026-08-07,0,max,°C,33°C,33,33,37.51,33.15,39.85,0.0348,0.0825,0.0005,3.43,18421.74,highest-temperature-in-qingdao-on-august-7-2026,highest-temperature-in-qingdao-on-august-7-2026-33c,0
2026-08-07T05:09+00:00,TAO,2026-08-07,0,max,°C,34°C,34,34,37.51,33.15,39.85,0.0621,0.1289,0.0005,6.16,18421.74,highest-temperature-in-qingdao-on-august-7-2026,highest-temperature-in-qingdao-on-august-7-2026-34c,0
2026-08-07T05:09+00:00,TAO,2026-08-07,0,max,°C,35°C,35,35,37.51,33.15,39.85,0.0960,0.0928,0.0005,9.55,18421.74,highest-temperature-in-qingdao-on-august-7-2026,highest-temperature-in-qingdao-on-august-7-2026-35c,0
2026-08-07T05:09+00:00,TAO,2026-08-07,0,max,°C,36°C,36,36,37.51,33.15,39.85,0.1285,0.2526,0.1370,-0.85,18421.74,highest-temperature-in-qingdao-on-august-7-2026,highest-temperature-in-qingdao-on-august-7-2026-36c,0
2026-08-07T05:09+00:00,TAO,2026-08-07,0,max,°C,37°C,37,37,37.51,33.15,39.85,0.1488,0.2577,0.5300,-38.12,18421.74,highest-temperature-in-qingdao-on-august-7-2026,highest-temperature-in-qingdao-on-august-7-2026-37c,0
2026-08-07T05:09+00:00,TAO,2026-08-07,0,max,°C,38°C,38,38,37.51,33.15,39.85,0.1491,0.1340,0.2200,-7.09,18421.74,highest-temperature-in-qingdao-on-august-7-2026,highest-temperature-in-qingdao-on-august-7-2026-38c,0
2026-08-07T05:09+00:00,TAO,2026-08-07,0,max,°C,39°C,39,39,37.51,33.15,39.85,0.1293,0.0052,0.0800,4.93,18421.74,highest-temperature-in-qingdao-on-august-7-2026,highest-temperature-in-qingdao-on-august-7-2026-39c,0
2026-08-07T05:09+00:00,TAO,2026-08-07,0,max,°C,40°C,40,40,37.51,33.15,39.85,0.0971,0.0000,0.0115,8.56,18421.74,highest-temperature-in-qingdao-on-august-7-2026,highest-temperature-in-qingdao-on-august-7-2026-40c,0
2026-08-07T05:09+00:00,TAO,2026-08-07,0,max,°C,41°C or higher,41,,37.51,33.15,39.85,0.1267,0.0000,0.0005,12.62,18421.74,highest-temperature-in-qingdao-on-august-7-2026,highest-temperature-in-qingdao-on-august-7-2026-41corhigher,0
2026-08-07T05:09+00:00,HKG,2026-08-07,0,max,°C,29°C or below,,29,33.50,32.63,34.63,0.0000,0.0000,0.0005,-0.05,90843.16,highest-temperature-in-hong-kong-on-august-7-2026,highest-temperature-in-hong-kong-on-august-7-2026-29corbelow,0
2026-08-07T05:09+00:00,HKG,2026-08-07,0,max,°C,30°C,30,30,33.50,32.63,34.63,0.0001,0.0000,0.0005,-0.04,90843.16,highest-temperature-in-hong-kong-on-august-7-2026,highest-temperature-in-hong-kong-on-august-7-2026-30c,0
2026-08-07T05:09+00:00,HKG,2026-08-07,0,max,°C,31°C,31,31,33.50,32.63,34.63,0.0051,0.0979,0.0005,0.46,90843.16,highest-temperature-in-hong-kong-on-august-7-2026,highest-temperature-in-hong-kong-on-august-7-2026-31c,0
2026-08-07T05:09+00:00,HKG,2026-08-07,0,max,°C,32°C,32,32,33.50,32.63,34.63,0.0944,0.5206,0.0005,9.39,90843.16,highest-temperature-in-hong-kong-on-august-7-2026,highest-temperature-in-hong-kong-on-august-7-2026-32c,0
2026-08-07T05:09+00:00,HKG,2026-08-07,0,max,°C,33°C,33,33,33.50,32.63,34.63,0.3994,0.3247,0.2200,17.94,90843.16,highest-temperature-in-hong-kong-on-august-7-2026,highest-temperature-in-hong-kong-on-august-7-2026-33c,0
2026-08-07T05:09+00:00,HKG,2026-08-07,0,max,°C,34°C,34,34,33.50,32.63,34.63,0.4006,0.1649,0.6600,-25.94,90843.16,highest-temperature-in-hong-kong-on-august-7-2026,highest-temperature-in-hong-kong-on-august-7-2026-34c,0
2026-08-07T05:09+00:00,HKG,2026-08-07,0,max,°C,35°C,35,35,33.50,32.63,34.63,0.0952,0.0052,0.1150,-1.98,90843.16,highest-temperature-in-hong-kong-on-august-7-2026,highest-temperature-in-hong-kong-on-august-7-2026-35c,0
2026-08-07T05:09+00:00,HKG,2026-08-07,0,max,°C,36°C,36,36,33.50,32.63,34.63,0.0052,0.0000,0.0125,-0.73,90843.16,highest-temperature-in-hong-kong-on-august-7-2026,highest-temperature-in-hong-kong-on-august-7-2026-36c,0
2026-08-07T05:09+00:00,HKG,2026-08-07,0,max,°C,37°C,37,37,33.50,32.63,34.63,0.0001,0.0000,0.0005,-0.04,90843.16,highest-temperature-in-hong-kong-on-august-7-2026,highest-temperature-in-hong-kong-on-august-7-2026-37c,0
2026-08-07T05:09+00:00,HKG,2026-08-07,0,max,°C,38°C,38,38,33.50,32.63,34.63,0.0000,0.0000,0.0005,-0.05,90843.16,highest-temperature-in-hong-kong-on-august-7-2026,highest-temperature-in-hong-kong-on-august-7-2026-38c,0
2026-08-07T05:09+00:00,HKG,2026-08-07,0,max,°C,39°C or higher,39,,33.50,32.63,34.63,0.0000,0.0000,0.0005,-0.05,90843.16,highest-temperature-in-hong-kong-on-august-7-2026,highest-temperature-in-hong-kong-on-august-7-2026-39corhigher,0
2026-08-07T05:09+00:00,HKG,2026-08-07,0,min,°C,21°C or below,,21,26.62,25.56,27.56,0.0000,0.0000,0.0005,-0.05,28002.13,lowest-temperature-in-hong-kong-on-august-7-2026,lowest-temperature-in-hong-kong-on-august-7-2026-21corbelow,0
2026-08-07T05:09+00:00,HKG,2026-08-07,0,min,°C,22°C,22,22,26.62,25.56,27.56,0.0000,0.0000,0.0005,-0.05,28002.13,lowest-temperature-in-hong-kong-on-august-7-2026,lowest-temperature-in-hong-kong-on-august-7-2026-22c,0
2026-08-07T05:09+00:00,HKG,2026-08-07,0,min,°C,23°C,23,23,26.62,25.56,27.56,0.0000,0.0000,0.0005,-0.05,28002.13,lowest-temperature-in-hong-kong-on-august-7-2026,lowest-temperature-in-hong-kong-on-august-7-2026-23c,0
2026-08-07T05:09+00:00,HKG,2026-08-07,0,min,°C,24°C,24,24,26.62,25.56,27.56,0.0032,0.0000,0.0005,0.27,28002.13,lowest-temperature-in-hong-kong-on-august-7-2026,lowest-temperature-in-hong-kong-on-august-7-2026-24c,0
2026-08-07T05:09+00:00,HKG,2026-08-07,0,min,°C,25°C,25,25,26.62,25.56,27.56,0.0721,0.0361,0.0005,7.16,28002.13,lowest-temperature-in-hong-kong-on-august-7-2026,lowest-temperature-in-hong-kong-on-august-7-2026-25c,0
2026-08-07T05:09+00:00,HKG,2026-08-07,0,min,°C,26°C,26,26,26.62,25.56,27.56,0.3629,0.2423,0.0055,35.74,28002.13,lowest-temperature-in-hong-kong-on-august-7-2026,lowest-temperature-in-hong-kong-on-august-7-2026-26c,0
2026-08-07T05:09+00:00,HKG,2026-08-07,0,min,°C,27°C,27,27,26.62,25.56,27.56,0.4317,0.3660,0.9905,-55.88,28002.13,lowest-temperature-in-hong-kong-on-august-7-2026,lowest-temperature-in-hong-kong-on-august-7-2026-27c,0
2026-08-07T05:09+00:00,HKG,2026-08-07,0,min,°C,28°C,28,28,26.62,25.56,27.56,0.1220,0.4175,0.0005,12.15,28002.13,lowest-temperature-in-hong-kong-on-august-7-2026,lowest-temperature-in-hong-kong-on-august-7-2026-28c,0
2026-08-07T05:09+00:00,HKG,2026-08-07,0,min,°C,29°C,29,29,26.62,25.56,27.56,0.0079,0.0000,0.0005,0.74,28002.13,lowest-temperature-in-hong-kong-on-august-7-2026,lowest-temperature-in-hong-kong-on-august-7-2026-29c,0
2026-08-07T05:09+00:00,HKG,2026-08-07,0,min,°C,30°C,30,30,26.62,25.56,27.56,0.0001,0.0000,0.0005,-0.04,28002.13,lowest-temperature-in-hong-kong-on-august-7-2026,lowest-temperature-in-hong-kong-on-august-7-2026-30c,0
2026-08-07T05:09+00:00,HKG,2026-08-07,0,min,°C,31°C or higher,31,,26.62,25.56,27.56,0.0000,0.0000,0.0005,-0.05,28002.13,lowest-temperature-in-hong-kong-on-august-7-2026,lowest-temperature-in-hong-kong-on-august-7-2026-31corhigher,0
2026-08-07T05:09+00:00,MNL,2026-08-07,0,max,°C,24°C or below,,24,29.76,28.50,30.80,0.0000,0.0000,0.0005,-0.05,12863.55,highest-temperature-in-manila-on-august-7-2026,highest-temperature-in-manila-on-august-7-2026-24corbelow,0
2026-08-07T05:09+00:00,MNL,2026-08-07,0,max,°C,25°C,25,25,29.76,28.50,30.80,0.0000,0.0000,0.0005,-0.05,12863.55,highest-temperature-in-manila-on-august-7-2026,highest-temperature-in-manila-on-august-7-2026-25c,0
2026-08-07T05:09+00:00,MNL,2026-08-07,0,max,°C,26°C,26,26,29.76,28.50,30.80,0.0001,0.0000,0.0005,-0.04,12863.55,highest-temperature-in-manila-on-august-7-2026,highest-temperature-in-manila-on-august-7-2026-26c,0
2026-08-07T05:09+00:00,MNL,2026-08-07,0,max,°C,27°C,27,27,29.76,28.50,30.80,0.0058,0.1804,0.0005,0.53,12863.55,highest-temperature-in-manila-on-august-7-2026,highest-temperature-in-manila-on-august-7-2026-27c,0
2026-08-07T05:09+00:00,MNL,2026-08-07,0,max,°C,28°C,28,28,29.76,28.50,30.80,0.0746,0.4845,0.8800,-80.54,12863.55,highest-temperature-in-manila-on-august-7-2026,highest-temperature-in-manila-on-august-7-2026-28c,0
2026-08-07T05:09+00:00,MNL,2026-08-07,0,max,°C,29°C,29,29,29.76,28.50,30.80,0.3067,0.3247,0.0800,22.67,12863.55,highest-temperature-in-manila-on-august-7-2026,highest-temperature-in-manila-on-august-7-2026-29c,0
2026-08-07T05:09+00:00,MNL,2026-08-07,0,max,°C,30°C,30,30,29.76,28.50,30.80,0.4091,0.0619,0.0350,37.41,12863.55,highest-temperature-in-manila-on-august-7-2026,highest-temperature-in-manila-on-august-7-2026-30c,0
2026-08-07T05:09+00:00,MNL,2026-08-07,0,max,°C,31°C,31,31,29.76,28.50,30.80,0.1778,0.0258,0.0090,16.88,12863.55,highest-temperature-in-manila-on-august-7-2026,highest-temperature-in-manila-on-august-7-2026-31c,0
2026-08-07T05:09+00:00,MNL,2026-08-07,0,max,°C,32°C,32,32,29.76,28.50,30.80,0.0249,0.0052,0.0025,2.24,12863.55,highest-temperature-in-manila-on-august-7-2026,highest-temperature-in-manila-on-august-7-2026-32c,0
2026-08-07T05:09+00:00,MNL,2026-08-07,0,max,°C,33°C,33,33,29.76,28.50,30.80,0.0011,0.0000,0.0005,0.06,12863.55,highest-temperature-in-manila-on-august-7-2026,highest-temperature-in-manila-on-august-7-2026-33c,0
2026-08-07T05:09+00:00,MNL,2026-08-07,0,max,°C,34°C or higher,34,,29.76,28.50,30.80,0.0000,0.0000,0.0005,-0.05,12863.55,highest-temperature-in-manila-on-august-7-2026,highest-temperature-in-manila-on-august-7-2026-34corhigher,0
2026-08-07T05:09+00:00,KUL,2026-08-07,0,max,°C,27°C or below,,27,33.75,32.30,35.44,0.0000,0.0000,0.0005,-0.05,21304.50,highest-temperature-in-kuala-lumpur-on-august-7-2026,highest-temperature-in-kuala-lumpur-on-august-7-2026-27corbelow,0
2026-08-07T05:09+00:00,KUL,2026-08-07,0,max,°C,28°C,28,28,33.75,32.30,35.44,0.0000,0.0000,0.0005,-0.05,21304.50,highest-temperature-in-kuala-lumpur-on-august-7-2026,highest-temperature-in-kuala-lumpur-on-august-7-2026-28c,0
2026-08-07T05:09+00:00,KUL,2026-08-07,0,max,°C,29°C,29,29,33.75,32.30,35.44,0.0003,0.0000,0.0005,-0.02,21304.50,highest-temperature-in-kuala-lumpur-on-august-7-2026,highest-temperature-in-kuala-lumpur-on-august-7-2026-29c,0
2026-08-07T05:09+00:00,KUL,2026-08-07,0,max,°C,30°C,30,30,33.75,32.30,35.44,0.0037,0.0412,0.0005,0.32,21304.50,highest-temperature-in-kuala-lumpur-on-august-7-2026,highest-temperature-in-kuala-lumpur-on-august-7-2026-30c,0
2026-08-07T05:09+00:00,KUL,2026-08-07,0,max,°C,31°C,31,31,33.75,32.30,35.44,0.0291,0.1392,0.0005,2.86,21304.50,highest-temperature-in-kuala-lumpur-on-august-7-2026,highest-temperature-in-kuala-lumpur-on-august-7-2026-31c,0
2026-08-07T05:09+00:00,KUL,2026-08-07,0,max,°C,32°C,32,32,33.75,32.30,35.44,0.1202,0.3969,0.0005,11.97,21304.50,highest-temperature-in-kuala-lumpur-on-august-7-2026,highest-temperature-in-kuala-lumpur-on-august-7-2026-32c,0
2026-08-07T05:09+00:00,KUL,2026-08-07,0,max,°C,33°C,33,33,33.75,32.30,35.44,0.2645,0.2784,0.1400,12.45,21304.50,highest-temperature-in-kuala-lumpur-on-august-7-2026,highest-temperature-in-kuala-lumpur-on-august-7-2026-33c,0
2026-08-07T05:09+00:00,KUL,2026-08-07,0,max,°C,34°C,34,34,33.75,32.30,35.44,0.3104,0.2268,0.7550,-44.46,21304.50,highest-temperature-in-kuala-lumpur-on-august-7-2026,highest-temperature-in-kuala-lumpur-on-august-7-2026-34c,0
2026-08-07T05:09+00:00,KUL,2026-08-07,0,max,°C,35°C,35,35,33.75,32.30,35.44,0.1943,0.0103,0.0750,11.93,21304.50,highest-temperature-in-kuala-lumpur-on-august-7-2026,highest-temperature-in-kuala-lumpur-on-august-7-2026-35c,0
2026-08-07T05:09+00:00,KUL,2026-08-07,0,max,°C,36°C,36,36,33.75,32.30,35.44,0.0648,0.0000,0.0095,5.53,21304.50,highest-temperature-in-kuala-lumpur-on-august-7-2026,highest-temperature-in-kuala-lumpur-on-august-7-2026-36c,0
2026-08-07T05:09+00:00,KUL,2026-08-07,0,max,°C,37°C or higher,37,,33.75,32.30,35.44,0.0126,0.0000,0.0030,0.96,21304.50,highest-temperature-in-kuala-lumpur-on-august-7-2026,highest-temperature-in-kuala-lumpur-on-august-7-2026-37corhigher,0
2026-08-07T05:09+00:00,SIN,2026-08-07,0,max,°C,27°C or below,,27,31.97,30.73,33.33,0.0000,0.0000,0.0005,-0.05,27462.09,highest-temperature-in-singapore-on-august-7-2026,highest-temperature-in-singapore-on-august-7-2026-27corbelow,0
2026-08-07T05:09+00:00,SIN,2026-08-07,0,max,°C,28°C,28,28,31.97,30.73,33.33,0.0003,0.0052,0.0005,-0.02,27462.09,highest-temperature-in-singapore-on-august-7-2026,highest-temperature-in-singapore-on-august-7-2026-28c,0
2026-08-07T05:09+00:00,SIN,2026-08-07,0,max,°C,29°C,29,29,31.97,30.73,33.33,0.0072,0.0361,0.0005,0.67,27462.09,highest-temperature-in-singapore-on-august-7-2026,highest-temperature-in-singapore-on-august-7-2026-29c,0
2026-08-07T05:09+00:00,SIN,2026-08-07,0,max,°C,30°C,30,30,31.97,30.73,33.33,0.0667,0.2577,0.0005,6.62,27462.09,highest-temperature-in-singapore-on-august-7-2026,highest-temperature-in-singapore-on-august-7-2026-30c,0
2026-08-07T05:09+00:00,SIN,2026-08-07,0,max,°C,31°C,31,31,31.97,30.73,33.33,0.2489,0.3918,0.0005,24.84,27462.09,highest-temperature-in-singapore-on-august-7-2026,highest-temperature-in-singapore-on-august-7-2026-31c,0
2026-08-07T05:09+00:00,SIN,2026-08-07,0,max,°C,32°C,32,32,31.97,30.73,33.33,0.3777,0.2887,0.7600,-38.23,27462.09,highest-temperature-in-singapore-on-august-7-2026,highest-temperature-in-singapore-on-august-7-2026-32c,0
2026-08-07T05:09+00:00,SIN,2026-08-07,0,max,°C,33°C,33,33,31.97,30.73,33.33,0.2340,0.1031,0.2150,1.90,27462.09,highest-temperature-in-singapore-on-august-7-2026,highest-temperature-in-singapore-on-august-7-2026-33c,0
2026-08-07T05:09+00:00,SIN,2026-08-07,0,max,°C,34°C,34,34,31.97,30.73,33.33,0.0589,0.0000,0.0115,4.74,27462.09,highest-temperature-in-singapore-on-august-7-2026,highest-temperature-in-singapore-on-august-7-2026-34c,0
2026-08-07T05:09+00:00,SIN,2026-08-07,0,max,°C,35°C,35,35,31.97,30.73,33.33,0.0060,0.0000,0.0015,0.45,27462.09,highest-temperature-in-singapore-on-august-7-2026,highest-temperature-in-singapore-on-august-7-2026-35c,0
2026-08-07T05:09+00:00,SIN,2026-08-07,0,max,°C,36°C,36,36,31.97,30.73,33.33,0.0002,0.0000,0.0005,-0.03,27462.09,highest-temperature-in-singapore-on-august-7-2026,highest-temperature-in-singapore-on-august-7-2026-36c,0
2026-08-07T05:09+00:00,SIN,2026-08-07,0,max,°C,37°C or higher,37,,31.97,30.73,33.33,0.0000,0.0000,0.0015,-0.15,27462.09,highest-temperature-in-singapore-on-august-7-2026,highest-temperature-in-singapore-on-august-7-2026-37corhigher,0
2026-08-07T05:09+00:00,KHI,2026-08-07,0,max,°C,28°C or below,,28,32.51,31.01,34.81,0.0034,0.0052,0.0005,0.29,8063.72,highest-temperature-in-karachi-on-august-7-2026,highest-temperature-in-karachi-on-august-7-2026-28corbelow,0
2026-08-07T05:09+00:00,KHI,2026-08-07,0,max,°C,29°C,29,29,32.51,31.01,34.81,0.0178,0.2371,0.0005,1.73,8063.72,highest-temperature-in-karachi-on-august-7-2026,highest-temperature-in-karachi-on-august-7-2026-29c,0
2026-08-07T05:09+00:00,KHI,2026-08-07,0,max,°C,30°C,30,30,32.51,31.01,34.81,0.0667,0.4021,0.0005,6.62,8063.72,highest-temperature-in-karachi-on-august-7-2026,highest-temperature-in-karachi-on-august-7-2026-30c,0
2026-08-07T05:09+00:00,KHI,2026-08-07,0,max,°C,31°C,31,31,32.51,31.01,34.81,0.1606,0.1701,0.0150,14.56,8063.72,highest-temperature-in-karachi-on-august-7-2026,highest-temperature-in-karachi-on-august-7-2026-31c,0
2026-08-07T05:09+00:00,KHI,2026-08-07,0,max,°C,32°C,32,32,32.51,31.01,34.81,0.2497,0.1186,0.2100,3.97,8063.72,highest-temperature-in-karachi-on-august-7-2026,highest-temperature-in-karachi-on-august-7-2026-32c,0
2026-08-07T05:09+00:00,KHI,2026-08-07,0,max,°C,33°C,33,33,32.51,31.01,34.81,0.2504,0.1134,0.5250,-27.46,8063.72,highest-temperature-in-karachi-on-august-7-2026,highest-temperature-in-karachi-on-august-7-2026-33c,0
2026-08-07T05:09+00:00,KHI,2026-08-07,0,max,°C,34°C,34,34,32.51,31.01,34.81,0.1620,0.0361,0.2100,-4.80,8063.72,highest-temperature-in-karachi-on-august-7-2026,highest-temperature-in-karachi-on-august-7-2026-34c,0
2026-08-07T05:09+00:00,KHI,2026-08-07,0,max,°C,35°C,35,35,32.51,31.01,34.81,0.0676,0.0000,0.0150,5.26,8063.72,highest-temperature-in-karachi-on-august-7-2026,highest-temperature-in-karachi-on-august-7-2026-35c,0
2026-08-07T05:09+00:00,KHI,2026-08-07,0,max,°C,36°C,36,36,32.51,31.01,34.81,0.0182,0.0000,0.0055,1.27,8063.72,highest-temperature-in-karachi-on-august-7-2026,highest-temperature-in-karachi-on-august-7-2026-36c,0
2026-08-07T05:09+00:00,KHI,2026-08-07,0,max,°C,37°C,37,37,32.51,31.01,34.81,0.0032,0.0000,0.0005,0.27,8063.72,highest-temperature-in-karachi-on-august-7-2026,highest-temperature-in-karachi-on-august-7-2026-37c,0
2026-08-07T05:09+00:00,KHI,2026-08-07,0,max,°C,38°C or higher,38,,32.51,31.01,34.81,0.0004,0.0000,0.0005,-0.01,8063.72,highest-temperature-in-karachi-on-august-7-2026,highest-temperature-in-karachi-on-august-7-2026-38corhigher,0
2026-08-07T05:09+00:00,LKO,2026-08-07,0,max,°C,26°C or below,,26,32.31,31.00,33.80,0.0000,0.0000,0.0005,-0.05,6152.94,highest-temperature-in-lucknow-on-august-7-2026,highest-temperature-in-lucknow-on-august-7-2026-26corbelow,0
2026-08-07T05:09+00:00,LKO,2026-08-07,0,max,°C,27°C,27,27,32.31,31.00,33.80,0.0000,0.0052,0.0005,-0.05,6152.94,highest-temperature-in-lucknow-on-august-7-2026,highest-temperature-in-lucknow-on-august-7-2026-27c,0
2026-08-07T05:09+00:00,LKO,2026-08-07,0,max,°C,28°C,28,28,32.31,31.00,33.80,0.0002,0.0155,0.0005,-0.03,6152.94,highest-temperature-in-lucknow-on-august-7-2026,highest-temperature-in-lucknow-on-august-7-2026-28c,0
2026-08-07T05:09+00:00,LKO,2026-08-07,0,max,°C,29°C,29,29,32.31,31.00,33.80,0.0048,0.0206,0.0005,0.43,6152.94,highest-temperature-in-lucknow-on-august-7-2026,highest-temperature-in-lucknow-on-august-7-2026-29c,0
2026-08-07T05:09+00:00,LKO,2026-08-07,0,max,°C,30°C,30,30,32.31,31.00,33.80,0.0438,0.0258,0.0050,3.88,6152.94,highest-temperature-in-lucknow-on-august-7-2026,highest-temperature-in-lucknow-on-august-7-2026-30c,0
2026-08-07T05:09+00:00,LKO,2026-08-07,0,max,°C,31°C,31,31,32.31,31.00,33.80,0.1806,0.1031,0.0600,12.06,6152.94,highest-temperature-in-lucknow-on-august-7-2026,highest-temperature-in-lucknow-on-august-7-2026-31c,0
2026-08-07T05:09+00:00,LKO,2026-08-07,0,max,°C,32°C,32,32,32.31,31.00,33.80,0.3399,0.3608,0.2550,8.49,6152.94,highest-temperature-in-lucknow-on-august-7-2026,highest-temperature-in-lucknow-on-august-7-2026-32c,0
2026-08-07T05:09+00:00,LKO,2026-08-07,0,max,°C,33°C,33,33,32.31,31.00,33.80,0.2928,0.3969,0.5300,-23.72,6152.94,highest-temperature-in-lucknow-on-august-7-2026,highest-temperature-in-lucknow-on-august-7-2026-33c,0
2026-08-07T05:09+00:00,LKO,2026-08-07,0,max,°C,34°C,34,34,32.31,31.00,33.80,0.1154,0.1443,0.1500,-3.46,6152.94,highest-temperature-in-lucknow-on-august-7-2026,highest-temperature-in-lucknow-on-august-7-2026-34c,0
2026-08-07T05:09+00:00,LKO,2026-08-07,0,max,°C,35°C,35,35,32.31,31.00,33.80,0.0207,0.0258,0.0095,1.12,6152.94,highest-temperature-in-lucknow-on-august-7-2026,highest-temperature-in-lucknow-on-august-7-2026-35c,0
2026-08-07T05:09+00:00,LKO,2026-08-07,0,max,°C,36°C or higher,36,,32.31,31.00,33.80,0.0017,0.0000,0.0030,-0.13,6152.94,highest-temperature-in-lucknow-on-august-7-2026,highest-temperature-in-lucknow-on-august-7-2026-36corhigher,0
2026-08-07T05:09+00:00,JED,2026-08-07,0,max,°C,31°C or below,,31,37.87,33.95,39.85,0.0028,0.0000,0.0005,0.23,7630.50,highest-temperature-in-jeddah-on-august-7-2026,highest-temperature-in-jeddah-on-august-7-2026-31corbelow,0
2026-08-07T05:09+00:00,JED,2026-08-07,0,max,°C,32°C,32,32,37.87,33.95,39.85,0.0070,0.0722,0.0005,0.65,7630.50,highest-temperature-in-jeddah-on-august-7-2026,highest-temperature-in-jeddah-on-august-7-2026-32c,0
2026-08-07T05:09+00:00,JED,2026-08-07,0,max,°C,33°C,33,33,37.87,33.95,39.85,0.0190,0.0412,0.0005,1.85,7630.50,highest-temperature-in-jeddah-on-august-7-2026,highest-temperature-in-jeddah-on-august-7-2026-33c,0
2026-08-07T05:09+00:00,JED,2026-08-07,0,max,°C,34°C,34,34,37.87,33.95,39.85,0.0428,0.0155,0.0035,3.93,7630.50,highest-temperature-in-jeddah-on-august-7-2026,highest-temperature-in-jeddah-on-august-7-2026-34c,0
2026-08-07T05:09+00:00,JED,2026-08-07,0,max,°C,35°C,35,35,37.87,33.95,39.85,0.0800,0.1134,0.0070,7.30,7630.50,highest-temperature-in-jeddah-on-august-7-2026,highest-temperature-in-jeddah-on-august-7-2026-35c,0
2026-08-07T05:09+00:00,JED,2026-08-07,0,max,°C,36°C,36,36,37.87,33.95,39.85,0.1243,0.1237,0.0400,8.43,7630.50,highest-temperature-in-jeddah-on-august-7-2026,highest-temperature-in-jeddah-on-august-7-2026-36c,0
2026-08-07T05:09+00:00,JED,2026-08-07,0,max,°C,37°C,37,37,37.87,33.95,39.85,0.1603,0.1959,0.2250,-6.47,7630.50,highest-temperature-in-jeddah-on-august-7-2026,highest-temperature-in-jeddah-on-august-7-2026-37c,0
2026-08-07T05:09+00:00,JED,2026-08-07,0,max,°C,38°C,38,38,37.87,33.95,39.85,0.1717,0.2784,0.4750,-30.33,7630.50,highest-temperature-in-jeddah-on-august-7-2026,highest-temperature-in-jeddah-on-august-7-2026-38c,0
2026-08-07T05:09+00:00,JED,2026-08-07,0,max,°C,39°C,39,39,37.87,33.95,39.85,0.1527,0.2732,0.1850,-3.23,7630.50,highest-temperature-in-jeddah-on-august-7-2026,highest-temperature-in-jeddah-on-august-7-2026-39c,0
2026-08-07T05:09+00:00,JED,2026-08-07,0,max,°C,40°C,40,40,37.87,33.95,39.85,0.1128,0.0206,0.0300,8.28,7630.50,highest-temperature-in-jeddah-on-august-7-2026,highest-temperature-in-jeddah-on-august-7-2026-40c,0
2026-08-07T05:09+00:00,JED,2026-08-07,0,max,°C,41°C or higher,41,,37.87,33.95,39.85,0.1266,0.0000,0.0035,12.31,7630.50,highest-temperature-in-jeddah-on-august-7-2026,highest-temperature-in-jeddah-on-august-7-2026-41corhigher,0
2026-08-07T05:09+00:00,TLV,2026-08-07,0,max,°C,28°C or below,,28,32.06,30.83,33.23,0.0001,0.0000,0.0005,-0.04,14456.43,highest-temperature-in-tel-aviv-on-august-7-2026,highest-temperature-in-tel-aviv-on-august-7-2026-28corbelow,0
2026-08-07T05:09+00:00,TLV,2026-08-07,0,max,°C,29°C,29,29,32.06,30.83,33.23,0.0031,0.0000,0.0005,0.26,14456.43,highest-temperature-in-tel-aviv-on-august-7-2026,highest-temperature-in-tel-aviv-on-august-7-2026-29c,0
2026-08-07T05:09+00:00,TLV,2026-08-07,0,max,°C,30°C,30,30,32.06,30.83,33.23,0.0449,0.0000,0.0005,4.44,14456.43,highest-temperature-in-tel-aviv-on-august-7-2026,highest-temperature-in-tel-aviv-on-august-7-2026-30c,0
2026-08-07T05:09+00:00,TLV,2026-08-07,0,max,°C,31°C,31,31,32.06,30.83,33.23,0.2276,0.1649,0.3100,-8.24,14456.43,highest-temperature-in-tel-aviv-on-august-7-2026,highest-temperature-in-tel-aviv-on-august-7-2026-31c,0
2026-08-07T05:09+00:00,TLV,2026-08-07,0,max,°C,32°C,32,32,32.06,30.83,33.23,0.4059,0.3454,0.6100,-20.41,14456.43,highest-temperature-in-tel-aviv-on-august-7-2026,highest-temperature-in-tel-aviv-on-august-7-2026-32c,0
2026-08-07T05:09+00:00,TLV,2026-08-07,0,max,°C,33°C,33,33,32.06,30.83,33.23,0.2566,0.4588,0.0700,18.66,14456.43,highest-temperature-in-tel-aviv-on-august-7-2026,highest-temperature-in-tel-aviv-on-august-7-2026-33c,0
2026-08-07T05:09+00:00,TLV,2026-08-07,0,max,°C,34°C,34,34,32.06,30.83,33.23,0.0572,0.1031,0.0025,5.47,14456.43,highest-temperature-in-tel-aviv-on-august-7-2026,highest-temperature-in-tel-aviv-on-august-7-2026-34c,0
2026-08-07T05:09+00:00,TLV,2026-08-07,0,max,°C,35°C,35,35,32.06,30.83,33.23,0.0044,0.0361,0.0005,0.39,14456.43,highest-temperature-in-tel-aviv-on-august-7-2026,highest-temperature-in-tel-aviv-on-august-7-2026-35c,0
2026-08-07T05:09+00:00,TLV,2026-08-07,0,max,°C,36°C,36,36,32.06,30.83,33.23,0.0001,0.0052,0.0005,-0.04,14456.43,highest-temperature-in-tel-aviv-on-august-7-2026,highest-temperature-in-tel-aviv-on-august-7-2026-36c,0
2026-08-07T05:09+00:00,TLV,2026-08-07,0,max,°C,37°C,37,37,32.06,30.83,33.23,0.0000,0.0000,0.0005,-0.05,14456.43,highest-temperature-in-tel-aviv-on-august-7-2026,highest-temperature-in-tel-aviv-on-august-7-2026-37c,0
2026-08-07T05:09+00:00,TLV,2026-08-07,0,max,°C,38°C or higher,38,,32.06,30.83,33.23,0.0000,0.0000,0.0005,-0.05,14456.43,highest-temperature-in-tel-aviv-on-august-7-2026,highest-temperature-in-tel-aviv-on-august-7-2026-38corhigher,0
2026-08-07T05:09+00:00,TOR,2026-08-07,0,max,°C,22°C or below,,22,26.57,24.08,29.28,0.0225,0.0670,0.0005,2.20,23811.02,highest-temperature-in-toronto-on-august-7-2026,highest-temperature-in-toronto-on-august-7-2026-22corbelow,0
2026-08-07T05:09+00:00,TOR,2026-08-07,0,max,°C,23°C,23,23,26.57,24.08,29.28,0.0428,0.0825,0.0260,1.68,23811.02,highest-temperature-in-toronto-on-august-7-2026,highest-temperature-in-toronto-on-august-7-2026-23c,0
2026-08-07T05:09+00:00,TOR,2026-08-07,0,max,°C,24°C,24,24,26.57,24.08,29.28,0.0888,0.1443,0.0950,-0.62,23811.02,highest-temperature-in-toronto-on-august-7-2026,highest-temperature-in-toronto-on-august-7-2026-24c,0
2026-08-07T05:09+00:00,TOR,2026-08-07,0,max,°C,25°C,25,25,26.57,24.08,29.28,0.1453,0.2165,0.1950,-4.97,23811.02,highest-temperature-in-toronto-on-august-7-2026,highest-temperature-in-toronto-on-august-7-2026-25c,0
2026-08-07T05:09+00:00,TOR,2026-08-07,0,max,°C,26°C,26,26,26.57,24.08,29.28,0.1874,0.2732,0.2850,-9.76,23811.02,highest-temperature-in-toronto-on-august-7-2026,highest-temperature-in-toronto-on-august-7-2026-26c,0
2026-08-07T05:09+00:00,TOR,2026-08-07,0,max,°C,27°C,27,27,26.57,24.08,29.28,0.1904,0.1649,0.1950,-0.46,23811.02,highest-temperature-in-toronto-on-august-7-2026,highest-temperature-in-toronto-on-august-7-2026-27c,0
2026-08-07T05:09+00:00,TOR,2026-08-07,0,max,°C,28°C,28,28,26.57,24.08,29.28,0.1525,0.0773,0.1050,4.75,23811.02,highest-temperature-in-toronto-on-august-7-2026,highest-temperature-in-toronto-on-august-7-2026-28c,0
2026-08-07T05:09+00:00,TOR,2026-08-07,0,max,°C,29°C,29,29,26.57,24.08,29.28,0.0962,0.0670,0.0250,7.12,23811.02,highest-temperature-in-toronto-on-august-7-2026,highest-temperature-in-toronto-on-august-7-2026-29c,0
2026-08-07T05:09+00:00,TOR,2026-08-07,0,max,°C,30°C,30,30,26.57,24.08,29.28,0.0479,0.0258,0.0240,2.39,23811.02,highest-temperature-in-toronto-on-august-7-2026,highest-temperature-in-toronto-on-august-7-2026-30c,0
2026-08-07T05:09+00:00,TOR,2026-08-07,0,max,°C,31°C,31,31,26.57,24.08,29.28,0.0188,0.0052,0.0115,0.73,23811.02,highest-temperature-in-toronto-on-august-7-2026,highest-temperature-in-toronto-on-august-7-2026-31c,0
2026-08-07T05:09+00:00,TOR,2026-08-07,0,max,°C,32°C or higher,32,,26.57,24.08,29.28,0.0075,0.0000,0.0055,0.20,23811.02,highest-temperature-in-toronto-on-august-7-2026,highest-temperature-in-toronto-on-august-7-2026-32corhigher,0
2026-08-07T05:09+00:00,MEX,2026-08-06,0,max,°C,23°C or below,,23,24.37,21.25,26.25,0.3273,0.1804,0.0005,32.68,18463.91,highest-temperature-in-mexico-city-on-august-6-2026,highest-temperature-in-mexico-city-on-august-6-2026-23corbelow,0
2026-08-07T05:09+00:00,MEX,2026-08-06,0,max,°C,24°C,24,24,24.37,21.25,26.25,0.1989,0.2216,0.9995,-80.06,18463.91,highest-temperature-in-mexico-city-on-august-6-2026,highest-temperature-in-mexico-city-on-august-6-2026-24c,0
2026-08-07T05:09+00:00,MEX,2026-08-06,0,max,°C,25°C,25,25,24.37,21.25,26.25,0.1925,0.3660,0.0005,19.20,18463.91,highest-temperature-in-mexico-city-on-august-6-2026,highest-temperature-in-mexico-city-on-august-6-2026-25c,0
2026-08-07T05:09+00:00,MEX,2026-08-06,0,max,°C,26°C,26,26,24.37,21.25,26.25,0.1439,0.2165,0.0005,14.34,18463.91,highest-temperature-in-mexico-city-on-august-6-2026,highest-temperature-in-mexico-city-on-august-6-2026-26c,0
2026-08-07T05:09+00:00,MEX,2026-08-06,0,max,°C,27°C,27,27,24.37,21.25,26.25,0.0832,0.0670,0.0005,8.27,18463.91,highest-temperature-in-mexico-city-on-august-6-2026,highest-temperature-in-mexico-city-on-august-6-2026-27c,0
2026-08-07T05:09+00:00,MEX,2026-08-06,0,max,°C,28°C,28,28,24.37,21.25,26.25,0.0371,0.0155,0.0005,3.66,18463.91,highest-temperature-in-mexico-city-on-august-6-2026,highest-temperature-in-mexico-city-on-august-6-2026-28c,0
2026-08-07T05:09+00:00,MEX,2026-08-06,0,max,°C,29°C,29,29,24.37,21.25,26.25,0.0128,0.0000,0.0005,1.23,18463.91,highest-temperature-in-mexico-city-on-august-6-2026,highest-temperature-in-mexico-city-on-august-6-2026-29c,0
2026-08-07T05:09+00:00,MEX,2026-08-06,0,max,°C,30°C,30,30,24.37,21.25,26.25,0.0034,0.0000,0.0005,0.29,18463.91,highest-temperature-in-mexico-city-on-august-6-2026,highest-temperature-in-mexico-city-on-august-6-2026-30c,0
2026-08-07T05:09+00:00,MEX,2026-08-06,0,max,°C,31°C,31,31,24.37,21.25,26.25,0.0007,0.0000,0.0005,0.02,18463.91,highest-temperature-in-mexico-city-on-august-6-2026,highest-temperature-in-mexico-city-on-august-6-2026-31c,0
2026-08-07T05:09+00:00,MEX,2026-08-06,0,max,°C,32°C,32,32,24.37,21.25,26.25,0.0001,0.0000,0.0005,-0.04,18463.91,highest-temperature-in-mexico-city-on-august-6-2026,highest-temperature-in-mexico-city-on-august-6-2026-32c,0
2026-08-07T05:09+00:00,MEX,2026-08-06,0,max,°C,33°C or higher,33,,24.37,21.25,26.25,0.0000,0.0000,0.0005,-0.05,18463.91,highest-temperature-in-mexico-city-on-august-6-2026,highest-temperature-in-mexico-city-on-august-6-2026-33corhigher,0
2026-08-07T05:09+00:00,PTY,2026-08-07,0,max,°C,27°C or below,,27,32.30,31.09,33.39,0.0000,0.0000,0.0005,-0.05,5089.15,highest-temperature-in-panama-city-on-august-7-2026,highest-temperature-in-panama-city-on-august-7-2026-27corbelow,0
2026-08-07T05:09+00:00,PTY,2026-08-07,0,max,°C,28°C,28,28,32.30,31.09,33.39,0.0000,0.0000,0.0005,-0.05,5089.15,highest-temperature-in-panama-city-on-august-7-2026,highest-temperature-in-panama-city-on-august-7-2026-28c,0
2026-08-07T05:09+00:00,PTY,2026-08-07,0,max,°C,29°C,29,29,32.30,31.09,33.39,0.0009,0.0103,0.0005,0.04,5089.15,highest-temperature-in-panama-city-on-august-7-2026,highest-temperature-in-panama-city-on-august-7-2026-29c,0
2026-08-07T05:09+00:00,PTY,2026-08-07,0,max,°C,30°C,30,30,32.30,31.09,33.39,0.0213,0.1546,0.0055,1.58,5089.15,highest-temperature-in-panama-city-on-august-7-2026,highest-temperature-in-panama-city-on-august-7-2026-30c,0
2026-08-07T05:09+00:00,PTY,2026-08-07,0,max,°C,31°C,31,31,32.30,31.09,33.39,0.1630,0.3144,0.0100,15.30,5089.15,highest-temperature-in-panama-city-on-august-7-2026,highest-temperature-in-panama-city-on-august-7-2026-31c,0
2026-08-07T05:09+00:00,PTY,2026-08-07,0,max,°C,32°C,32,32,32.30,31.09,33.39,0.4013,0.4485,0.1400,26.13,5089.15,highest-temperature-in-panama-city-on-august-7-2026,highest-temperature-in-panama-city-on-august-7-2026-32c,0
2026-08-07T05:09+00:00,PTY,2026-08-07,0,max,°C,33°C,33,33,32.30,31.09,33.39,0.3222,0.1546,0.4850,-16.28,5089.15,highest-temperature-in-panama-city-on-august-7-2026,highest-temperature-in-panama-city-on-august-7-2026-33c,0
2026-08-07T05:09+00:00,PTY,2026-08-07,0,max,°C,34°C,34,34,32.30,31.09,33.39,0.0841,0.0052,0.3300,-24.59,5089.15,highest-temperature-in-panama-city-on-august-7-2026,highest-temperature-in-panama-city-on-august-7-2026-34c,0
2026-08-07T05:09+00:00,PTY,2026-08-07,0,max,°C,35°C,35,35,32.30,31.09,33.39,0.0070,0.0000,0.0400,-3.30,5089.15,highest-temperature-in-panama-city-on-august-7-2026,highest-temperature-in-panama-city-on-august-7-2026-35c,0
2026-08-07T05:09+00:00,PTY,2026-08-07,0,max,°C,36°C,36,36,32.30,31.09,33.39,0.0002,0.0000,0.0110,-1.08,5089.15,highest-temperature-in-panama-city-on-august-7-2026,highest-temperature-in-panama-city-on-august-7-2026-36c,0
2026-08-07T05:09+00:00,PTY,2026-08-07,0,max,°C,37°C or higher,37,,32.30,31.09,33.39,0.0000,0.0000,0.0095,-0.95,5089.15,highest-temperature-in-panama-city-on-august-7-2026,highest-temperature-in-panama-city-on-august-7-2026-37corhigher,0
2026-08-07T05:09+00:00,BUE,2026-08-07,0,max,°C,8°C or below,,8,13.51,11.63,15.10,0.0001,0.0000,0.0010,-0.09,21007.10,highest-temperature-in-buenos-aires-on-august-7-2026,highest-temperature-in-buenos-aires-on-august-7-2026-8corbelow,0
2026-08-07T05:09+00:00,BUE,2026-08-07,0,max,°C,9°C,9,9,13.51,11.63,15.10,0.0014,0.0309,0.0035,-0.21,21007.10,highest-temperature-in-buenos-aires-on-august-7-2026,highest-temperature-in-buenos-aires-on-august-7-2026-9c,0
2026-08-07T05:09+00:00,BUE,2026-08-07,0,max,°C,10°C,10,10,13.51,11.63,15.10,0.0115,0.0876,0.0075,0.40,21007.10,highest-temperature-in-buenos-aires-on-august-7-2026,highest-temperature-in-buenos-aires-on-august-7-2026-10c,0
2026-08-07T05:09+00:00,BUE,2026-08-07,0,max,°C,11°C,11,11,13.51,11.63,15.10,0.0556,0.0361,0.0250,3.06,21007.10,highest-temperature-in-buenos-aires-on-august-7-2026,highest-temperature-in-buenos-aires-on-august-7-2026-11c,0
2026-08-07T05:09+00:00,BUE,2026-08-07,0,max,°C,12°C,12,12,13.51,11.63,15.10,0.1588,0.4021,0.0950,6.38,21007.10,highest-temperature-in-buenos-aires-on-august-7-2026,highest-temperature-in-buenos-aires-on-august-7-2026-12c,0
2026-08-07T05:09+00:00,BUE,2026-08-07,0,max,°C,13°C,13,13,13.51,11.63,15.10,0.2691,0.5309,0.3250,-5.59,21007.10,highest-temperature-in-buenos-aires-on-august-7-2026,highest-temperature-in-buenos-aires-on-august-7-2026-13c,0
2026-08-07T05:09+00:00,BUE,2026-08-07,0,max,°C,14°C,14,14,13.51,11.63,15.10,0.2707,0.0773,0.4600,-18.93,21007.10,highest-temperature-in-buenos-aires-on-august-7-2026,highest-temperature-in-buenos-aires-on-august-7-2026-14c,0
2026-08-07T05:09+00:00,BUE,2026-08-07,0,max,°C,15°C,15,15,13.51,11.63,15.10,0.1617,0.0000,0.0900,7.17,21007.10,highest-temperature-in-buenos-aires-on-august-7-2026,highest-temperature-in-buenos-aires-on-august-7-2026-15c,0
2026-08-07T05:09+00:00,BUE,2026-08-07,0,max,°C,16°C,16,16,13.51,11.63,15.10,0.0573,0.0000,0.0015,5.58,21007.10,highest-temperature-in-buenos-aires-on-august-7-2026,highest-temperature-in-buenos-aires-on-august-7-2026-16c,0
2026-08-07T05:09+00:00,BUE,2026-08-07,0,max,°C,17°C,17,17,13.51,11.63,15.10,0.0120,0.0000,0.0045,0.75,21007.10,highest-temperature-in-buenos-aires-on-august-7-2026,highest-temperature-in-buenos-aires-on-august-7-2026-17c,0
2026-08-07T05:09+00:00,BUE,2026-08-07,0,max,°C,18°C or higher,18,,13.51,11.63,15.10,0.0016,0.0000,0.0055,-0.39,21007.10,highest-temperature-in-buenos-aires-on-august-7-2026,highest-temperature-in-buenos-aires-on-august-7-2026-18corhigher,0
2026-08-07T05:09+00:00,SAO,2026-08-07,0,max,°C,22°C or below,,22,26.52,21.91,29.81,0.0958,0.1959,0.0700,2.58,47267.88,highest-temperature-in-sao-paulo-on-august-7-2026,highest-temperature-in-sao-paulo-on-august-7-2026-22corbelow,0
2026-08-07T05:09+00:00,SAO,2026-08-07,0,max,°C,23°C,23,23,26.52,21.91,29.81,0.0674,0.0515,0.1250,-5.76,47267.88,highest-temperature-in-sao-paulo-on-august-7-2026,highest-temperature-in-sao-paulo-on-august-7-2026-23c,0
2026-08-07T05:09+00:00,SAO,2026-08-07,0,max,°C,24°C,24,24,26.52,21.91,29.81,0.0924,0.0464,0.1300,-3.76,47267.88,highest-temperature-in-sao-paulo-on-august-7-2026,highest-temperature-in-sao-paulo-on-august-7-2026-24c,0
2026-08-07T05:09+00:00,SAO,2026-08-07,0,max,°C,25°C,25,25,26.52,21.91,29.81,0.1142,0.1082,0.2500,-13.58,47267.88,highest-temperature-in-sao-paulo-on-august-7-2026,highest-temperature-in-sao-paulo-on-august-7-2026-25c,0
2026-08-07T05:09+00:00,SAO,2026-08-07,0,max,°C,26°C,26,26,26.52,21.91,29.81,0.1270,0.1598,0.2000,-7.30,47267.88,highest-temperature-in-sao-paulo-on-august-7-2026,highest-temperature-in-sao-paulo-on-august-7-2026-26c,0
2026-08-07T05:09+00:00,SAO,2026-08-07,0,max,°C,27°C,27,27,26.52,21.91,29.81,0.1274,0.1959,0.1950,-6.76,47267.88,highest-temperature-in-sao-paulo-on-august-7-2026,highest-temperature-in-sao-paulo-on-august-7-2026-27c,0
2026-08-07T05:09+00:00,SAO,2026-08-07,0,max,°C,28°C,28,28,26.52,21.91,29.81,0.1150,0.1649,0.0850,3.00,47267.88,highest-temperature-in-sao-paulo-on-august-7-2026,highest-temperature-in-sao-paulo-on-august-7-2026-28c,0
2026-08-07T05:09+00:00,SAO,2026-08-07,0,max,°C,29°C,29,29,26.52,21.91,29.81,0.0936,0.1443,0.0140,7.96,47267.88,highest-temperature-in-sao-paulo-on-august-7-2026,highest-temperature-in-sao-paulo-on-august-7-2026-29c,0
2026-08-07T05:09+00:00,SAO,2026-08-07,0,max,°C,30°C,30,30,26.52,21.91,29.81,0.0686,0.0619,0.0075,6.11,47267.88,highest-temperature-in-sao-paulo-on-august-7-2026,highest-temperature-in-sao-paulo-on-august-7-2026-30c,0
2026-08-07T05:09+00:00,SAO,2026-08-07,0,max,°C,31°C,31,31,26.52,21.91,29.81,0.0453,0.0103,0.0040,4.13,47267.88,highest-temperature-in-sao-paulo-on-august-7-2026,highest-temperature-in-sao-paulo-on-august-7-2026-31c,0
2026-08-07T05:09+00:00,SAO,2026-08-07,0,max,°C,32°C or higher,32,,26.52,21.91,29.81,0.0532,0.0000,0.0005,5.27,47267.88,highest-temperature-in-sao-paulo-on-august-7-2026,highest-temperature-in-sao-paulo-on-august-7-2026-32corhigher,0
2026-08-07T05:09+00:00,CPT,2026-08-07,0,max,°C,14°C or below,,14,17.37,16.63,18.13,0.0000,0.0000,0.0015,-0.15,11939.63,highest-temperature-in-cape-town-on-august-7-2026,highest-temperature-in-cape-town-on-august-7-2026-14corbelow,0
2026-08-07T05:09+00:00,CPT,2026-08-07,0,max,°C,15°C,15,15,17.37,16.63,18.13,0.0007,0.0052,0.0110,-1.03,11939.63,highest-temperature-in-cape-town-on-august-7-2026,highest-temperature-in-cape-town-on-august-7-2026-15c,0
2026-08-07T05:09+00:00,CPT,2026-08-07,0,max,°C,16°C,16,16,17.37,16.63,18.13,0.0687,0.0722,0.0125,5.62,11939.63,highest-temperature-in-cape-town-on-august-7-2026,highest-temperature-in-cape-town-on-august-7-2026-16c,0
2026-08-07T05:09+00:00,CPT,2026-08-07,0,max,°C,17°C,17,17,17.37,16.63,18.13,0.5210,0.4175,0.0650,45.60,11939.63,highest-temperature-in-cape-town-on-august-7-2026,highest-temperature-in-cape-town-on-august-7-2026-17c,0
2026-08-07T05:09+00:00,CPT,2026-08-07,0,max,°C,18°C,18,18,17.37,16.63,18.13,0.3832,0.5876,0.3200,6.32,11939.63,highest-temperature-in-cape-town-on-august-7-2026,highest-temperature-in-cape-town-on-august-7-2026-18c,0
2026-08-07T05:09+00:00,CPT,2026-08-07,0,max,°C,19°C,19,19,17.37,16.63,18.13,0.0262,0.0464,0.4350,-40.88,11939.63,highest-temperature-in-cape-town-on-august-7-2026,highest-temperature-in-cape-town-on-august-7-2026-19c,0
2026-08-07T05:09+00:00,CPT,2026-08-07,0,max,°C,20°C,20,20,17.37,16.63,18.13,0.0001,0.0000,0.1400,-13.99,11939.63,highest-temperature-in-cape-town-on-august-7-2026,highest-temperature-in-cape-town-on-august-7-2026-20c,0
2026-08-07T05:09+00:00,CPT,2026-08-07,0,max,°C,21°C,21,21,17.37,16.63,18.13,0.0000,0.0000,0.0130,-1.30,11939.63,highest-temperature-in-cape-town-on-august-7-2026,highest-temperature-in-cape-town-on-august-7-2026-21c,0
2026-08-07T05:09+00:00,CPT,2026-08-07,0,max,°C,22°C,22,22,17.37,16.63,18.13,0.0000,0.0000,0.0005,-0.05,11939.63,highest-temperature-in-cape-town-on-august-7-2026,highest-temperature-in-cape-town-on-august-7-2026-22c,0
2026-08-07T05:09+00:00,CPT,2026-08-07,0,max,°C,23°C,23,23,17.37,16.63,18.13,0.0000,0.0000,0.0005,-0.05,11939.63,highest-temperature-in-cape-town-on-august-7-2026,highest-temperature-in-cape-town-on-august-7-2026-23c,0
2026-08-07T05:09+00:00,CPT,2026-08-07,0,max,°C,24°C or higher,24,,17.37,16.63,18.13,0.0000,0.0000,0.0005,-0.05,11939.63,highest-temperature-in-cape-town-on-august-7-2026,highest-temperature-in-cape-town-on-august-7-2026-24corhigher,0
2026-08-07T05:09+00:00,WLG,2026-08-07,0,max,°C,7°C or below,,7,12.45,11.47,13.54,0.0000,0.0000,0.0005,-0.05,159717.96,highest-temperature-in-wellington-on-august-7-2026,highest-temperature-in-wellington-on-august-7-2026-7corbelow,0
2026-08-07T05:09+00:00,WLG,2026-08-07,0,max,°C,8°C,8,8,12.45,11.47,13.54,0.0000,0.0000,0.0005,-0.05,159717.96,highest-temperature-in-wellington-on-august-7-2026,highest-temperature-in-wellington-on-august-7-2026-8c,0
2026-08-07T05:09+00:00,WLG,2026-08-07,0,max,°C,9°C,9,9,12.45,11.47,13.54,0.0001,0.0000,0.0005,-0.04,159717.96,highest-temperature-in-wellington-on-august-7-2026,highest-temperature-in-wellington-on-august-7-2026-9c,0
2026-08-07T05:09+00:00,WLG,2026-08-07,0,max,°C,10°C,10,10,12.45,11.47,13.54,0.0078,0.0515,0.0005,0.73,159717.96,highest-temperature-in-wellington-on-august-7-2026,highest-temperature-in-wellington-on-august-7-2026-10c,0
2026-08-07T05:09+00:00,WLG,2026-08-07,0,max,°C,11°C,11,11,12.45,11.47,13.54,0.1118,0.3196,0.0005,11.13,159717.96,highest-temperature-in-wellington-on-august-7-2026,highest-temperature-in-wellington-on-august-7-2026-11c,0
2026-08-07T05:09+00:00,WLG,2026-08-07,0,max,°C,12°C,12,12,12.45,11.47,13.54,0.4042,0.6804,0.9400,-53.58,159717.96,highest-temperature-in-wellington-on-august-7-2026,highest-temperature-in-wellington-on-august-7-2026-12c,0
2026-08-07T05:09+00:00,WLG,2026-08-07,0,max,°C,13°C,13,13,12.45,11.47,13.54,0.3787,0.0361,0.0500,32.87,159717.96,highest-temperature-in-wellington-on-august-7-2026,highest-temperature-in-wellington-on-august-7-2026-13c,0
2026-08-07T05:09+00:00,WLG,2026-08-07,0,max,°C,14°C,14,14,12.45,11.47,13.54,0.0918,0.0000,0.0015,9.03,159717.96,highest-temperature-in-wellington-on-august-7-2026,highest-temperature-in-wellington-on-august-7-2026-14c,0
2026-08-07T05:09+00:00,WLG,2026-08-07,0,max,°C,15°C,15,15,12.45,11.47,13.54,0.0056,0.0000,0.0005,0.51,159717.96,highest-temperature-in-wellington-on-august-7-2026,highest-temperature-in-wellington-on-august-7-2026-15c,0
2026-08-07T05:09+00:00,WLG,2026-08-07,0,max,°C,16°C,16,16,12.45,11.47,13.54,0.0001,0.0000,0.0005,-0.04,159717.96,highest-temperature-in-wellington-on-august-7-2026,highest-temperature-in-wellington-on-august-7-2026-16c,0
2026-08-07T05:09+00:00,WLG,2026-08-07,0,max,°C,17°C or higher,17,,12.45,11.47,13.54,0.0000,0.0000,0.0005,-0.05,159717.96,highest-temperature-in-wellington-on-august-7-2026,highest-temperature-in-wellington-on-august-7-2026-17corhigher,0
2026-08-07T05:13+00:00,CTU,2026-08-07,0,max,°C,25°C or below,,25,32.45,30.88,34.28,0.0000,0.0000,0.0005,-0.05,30812.87,highest-temperature-in-chengdu-on-august-7-2026,highest-temperature-in-chengdu-on-august-7-2026-25corbelow,0
2026-08-07T05:13+00:00,CTU,2026-08-07,0,max,°C,26°C,26,26,32.45,30.88,34.28,0.0000,0.0052,0.0005,-0.05,30812.87,highest-temperature-in-chengdu-on-august-7-2026,highest-temperature-in-chengdu-on-august-7-2026-26c,0
2026-08-07T05:13+00:00,CTU,2026-08-07,0,max,°C,27°C,27,27,32.45,30.88,34.28,0.0001,0.0000,0.0005,-0.04,30812.87,highest-temperature-in-chengdu-on-august-7-2026,highest-temperature-in-chengdu-on-august-7-2026-27c,0
2026-08-07T05:13+00:00,CTU,2026-08-07,0,max,°C,28°C,28,28,32.45,30.88,34.28,0.0014,0.0155,0.0005,0.09,30812.87,highest-temperature-in-chengdu-on-august-7-2026,highest-temperature-in-chengdu-on-august-7-2026-28c,0
2026-08-07T05:13+00:00,CTU,2026-08-07,0,max,°C,29°C,29,29,32.45,30.88,34.28,0.0116,0.0619,0.0005,1.11,30812.87,highest-temperature-in-chengdu-on-august-7-2026,highest-temperature-in-chengdu-on-august-7-2026-29c,0
2026-08-07T05:13+00:00,CTU,2026-08-07,0,max,°C,30°C,30,30,32.45,30.88,34.28,0.0577,0.2268,0.0640,-0.63,30812.87,highest-temperature-in-chengdu-on-august-7-2026,highest-temperature-in-chengdu-on-august-7-2026-30c,0
2026-08-07T05:13+00:00,CTU,2026-08-07,0,max,°C,31°C,31,31,32.45,30.88,34.28,0.1662,0.3041,0.2600,-9.38,30812.87,highest-temperature-in-chengdu-on-august-7-2026,highest-temperature-in-chengdu-on-august-7-2026-31c,0
2026-08-07T05:13+00:00,CTU,2026-08-07,0,max,°C,32°C,32,32,32.45,30.88,34.28,0.2781,0.2474,0.2850,-0.69,30812.87,highest-temperature-in-chengdu-on-august-7-2026,highest-temperature-in-chengdu-on-august-7-2026-32c,0
2026-08-07T05:13+00:00,CTU,2026-08-07,0,max,°C,33°C,33,33,32.45,30.88,34.28,0.2706,0.2165,0.3100,-3.94,30812.87,highest-temperature-in-chengdu-on-august-7-2026,highest-temperature-in-chengdu-on-august-7-2026-33c,0
2026-08-07T05:13+00:00,CTU,2026-08-07,0,max,°C,34°C,34,34,32.45,30.88,34.28,0.1532,0.0309,0.1000,5.32,30812.87,highest-temperature-in-chengdu-on-august-7-2026,highest-temperature-in-chengdu-on-august-7-2026-34c,0
2026-08-07T05:13+00:00,CTU,2026-08-07,0,max,°C,35°C or higher,35,,32.45,30.88,34.28,0.0611,0.0000,0.0350,2.61,30812.87,highest-temperature-in-chengdu-on-august-7-2026,highest-temperature-in-chengdu-on-august-7-2026-35corhigher,0
2026-08-07T05:14+00:00,SZX,2026-08-07,0,max,°C,28°C or below,,28,32.88,31.50,34.75,0.0003,0.0000,0.0005,-0.02,29934.11,highest-temperature-in-shenzhen-on-august-7-2026,highest-temperature-in-shenzhen-on-august-7-2026-28corbelow,0
2026-08-07T05:14+00:00,SZX,2026-08-07,0,max,°C,29°C,29,29,32.88,31.50,34.75,0.0036,0.0000,0.0005,0.31,29934.11,highest-temperature-in-shenzhen-on-august-7-2026,highest-temperature-in-shenzhen-on-august-7-2026-29c,0
2026-08-07T05:14+00:00,SZX,2026-08-07,0,max,°C,30°C,30,30,32.88,31.50,34.75,0.0266,0.0000,0.0005,2.61,29934.11,highest-temperature-in-shenzhen-on-august-7-2026,highest-temperature-in-shenzhen-on-august-7-2026-30c,0
2026-08-07T05:14+00:00,SZX,2026-08-07,0,max,°C,31°C,31,31,32.88,31.50,34.75,0.1083,0.0825,0.0005,10.78,29934.11,highest-temperature-in-shenzhen-on-august-7-2026,highest-temperature-in-shenzhen-on-august-7-2026-31c,0
2026-08-07T05:14+00:00,SZX,2026-08-07,0,max,°C,32°C,32,32,32.88,31.50,34.75,0.2439,0.4072,0.0055,23.84,29934.11,highest-temperature-in-shenzhen-on-august-7-2026,highest-temperature-in-shenzhen-on-august-7-2026-32c,0
2026-08-07T05:14+00:00,SZX,2026-08-07,0,max,°C,33°C,33,33,32.88,31.50,34.75,0.3048,0.2629,0.4600,-15.52,29934.11,highest-temperature-in-shenzhen-on-august-7-2026,highest-temperature-in-shenzhen-on-august-7-2026-33c,0
2026-08-07T05:14+00:00,SZX,2026-08-07,0,max,°C,34°C,34,34,32.88,31.50,34.75,0.2115,0.2784,0.4700,-25.85,29934.11,highest-temperature-in-shenzhen-on-august-7-2026,highest-temperature-in-shenzhen-on-august-7-2026-34c,0
2026-08-07T05:14+00:00,SZX,2026-08-07,0,max,°C,35°C,35,35,32.88,31.50,34.75,0.0814,0.0876,0.0350,4.64,29934.11,highest-temperature-in-shenzhen-on-august-7-2026,highest-temperature-in-shenzhen-on-august-7-2026-35c,0
2026-08-07T05:14+00:00,SZX,2026-08-07,0,max,°C,36°C,36,36,32.88,31.50,34.75,0.0174,0.0000,0.0085,0.89,29934.11,highest-temperature-in-shenzhen-on-august-7-2026,highest-temperature-in-shenzhen-on-august-7-2026-36c,0
2026-08-07T05:14+00:00,SZX,2026-08-07,0,max,°C,37°C,37,37,32.88,31.50,34.75,0.0020,0.0000,0.0005,0.15,29934.11,highest-temperature-in-shenzhen-on-august-7-2026,highest-temperature-in-shenzhen-on-august-7-2026-37c,0
2026-08-07T05:14+00:00,SZX,2026-08-07,0,max,°C,38°C or higher,38,,32.88,31.50,34.75,0.0001,0.0000,0.0005,-0.04,29934.11,highest-temperature-in-shenzhen-on-august-7-2026,highest-temperature-in-shenzhen-on-august-7-2026-38corhigher,0
